﻿<?xml version="1.0" encoding="utf-8"?>
<Trans>
  <TransInfo Description="Grass-Forest-Small Dirt" HashKey="0808080B0B010B0B01">
    <MapTiles>
      <MapTile TileID="204" AltIDMod="0" />
    </MapTiles>
    <StaticTiles />
  </TransInfo>
  <TransInfo Description="Grass-Forest-Small Dirt" HashKey="010B0B080808080808">
    <MapTiles>
      <MapTile TileID="360" AltIDMod="0" />
    </MapTiles>
    <StaticTiles />
  </TransInfo>
  <TransInfo Description="Grass-Forest-Small Dirt" HashKey="0B0B010B0B01080808">
    <MapTiles>
      <MapTile TileID="204" AltIDMod="0" />
    </MapTiles>
    <StaticTiles />
  </TransInfo>
  <TransInfo Description="Grass-Forest-Small Dirt" HashKey="0B0808010808010808">
    <MapTiles>
      <MapTile TileID="137" AltIDMod="0" />
    </MapTiles>
    <StaticTiles />
  </TransInfo>
  <TransInfo Description="Grass-Forest-Small Dirt" HashKey="01010B080808080808">
    <MapTiles>
      <MapTile TileID="139" AltIDMod="0" />
    </MapTiles>
    <StaticTiles />
  </TransInfo>
  <TransInfo Description="Grass-Forest-Small Dirt" HashKey="080B0B080B0B080101">
    <MapTiles>
      <MapTile TileID="200" AltIDMod="0" />
    </MapTiles>
    <StaticTiles />
  </TransInfo>
  <TransInfo Description="Grass-Forest-Small Dirt" HashKey="0B08080B0808010808">
    <MapTiles>
      <MapTile TileID="359" AltIDMod="0" />
    </MapTiles>
    <StaticTiles />
  </TransInfo>
  <TransInfo Description="Grass-Forest-Small Dirt" HashKey="0B0B080B0B08010108">
    <MapTiles>
      <MapTile TileID="200" AltIDMod="0" />
    </MapTiles>
    <StaticTiles />
  </TransInfo>
  <TransInfo Description="Grass-Forest-Small Dirt" HashKey="08080B080801080801">
    <MapTiles>
      <MapTile TileID="135" AltIDMod="0" />
    </MapTiles>
    <StaticTiles />
  </TransInfo>
  <TransInfo Description="Grass-Forest-Small Dirt" HashKey="08080B08080B080801">
    <MapTiles>
      <MapTile TileID="358" AltIDMod="0" />
    </MapTiles>
    <StaticTiles />
  </TransInfo>
  <TransInfo Description="Grass-Forest-Small Dirt" HashKey="0108080B08080B0808">
    <MapTiles>
      <MapTile TileID="359" AltIDMod="0" />
    </MapTiles>
    <StaticTiles />
  </TransInfo>
  <TransInfo Description="Grass-Forest-Small Dirt" HashKey="080808010B0B010B0B">
    <MapTiles>
      <MapTile TileID="206" AltIDMod="0" />
    </MapTiles>
    <StaticTiles />
  </TransInfo>
  <TransInfo Description="Grass-Forest-Small Dirt" HashKey="08080108080108080B">
    <MapTiles>
      <MapTile TileID="135" AltIDMod="0" />
    </MapTiles>
    <StaticTiles />
  </TransInfo>
  <TransInfo Description="Grass-Forest-Small Dirt" HashKey="080101080B0B080B0B">
    <MapTiles>
      <MapTile TileID="209" AltIDMod="0" />
    </MapTiles>
    <StaticTiles />
  </TransInfo>
  <TransInfo Description="Grass-Forest-Small Dirt" HashKey="0B0B01080808080808">
    <MapTiles>
      <MapTile TileID="360" AltIDMod="0" />
    </MapTiles>
    <StaticTiles />
  </TransInfo>
  <TransInfo Description="Grass-Forest-Small Dirt" HashKey="0101080B0B080B0B08">
    <MapTiles>
      <MapTile TileID="209" AltIDMod="0" />
    </MapTiles>
    <StaticTiles />
  </TransInfo>
  <TransInfo Description="Grass-Forest-Small Dirt" HashKey="080808080808010B0B">
    <MapTiles>
      <MapTile TileID="357" AltIDMod="0" />
    </MapTiles>
    <StaticTiles />
  </TransInfo>
  <TransInfo Description="Grass-Forest-Small Dirt" HashKey="08080808080801010B">
    <MapTiles>
      <MapTile TileID="133" AltIDMod="0" />
    </MapTiles>
    <StaticTiles />
  </TransInfo>
  <TransInfo Description="Grass-Forest-Small Dirt" HashKey="0B0101080808080808">
    <MapTiles>
      <MapTile TileID="139" AltIDMod="0" />
    </MapTiles>
    <StaticTiles />
  </TransInfo>
  <TransInfo Description="Grass-Forest-Small Dirt" HashKey="0808080808080B0B01">
    <MapTiles>
      <MapTile TileID="357" AltIDMod="0" />
    </MapTiles>
    <StaticTiles />
  </TransInfo>
  <TransInfo Description="Grass-Forest-Small Dirt" HashKey="010B0B010B0B080808">
    <MapTiles>
      <MapTile TileID="206" AltIDMod="0" />
    </MapTiles>
    <StaticTiles />
  </TransInfo>
  <TransInfo Description="Grass-Forest-Small Dirt" HashKey="0108080108080B0808">
    <MapTiles>
      <MapTile TileID="138" AltIDMod="0" />
    </MapTiles>
    <StaticTiles />
  </TransInfo>
  <TransInfo Description="Grass-Forest-Small Dirt" HashKey="08080108080B08080B">
    <MapTiles>
      <MapTile TileID="358" AltIDMod="0" />
    </MapTiles>
    <StaticTiles />
  </TransInfo>
  <TransInfo Description="Grass-Forest-Small Dirt" HashKey="0808080808080B0101">
    <MapTiles>
      <MapTile TileID="133" AltIDMod="0" />
    </MapTiles>
    <StaticTiles />
  </TransInfo>
</Trans>