﻿<?xml version="1.0" encoding="utf-8"?>
<Trans>
  <TransInfo Description="Lava to Dungeon" HashKey="150D0D150D0D0D0D0D">
    <MapTiles>
      <MapTile TileID="503" AltIDMod="0" />
      <MapTile TileID="502" AltIDMod="0" />
      <MapTile TileID="502" AltIDMod="0" />
      <MapTile TileID="501" AltIDMod="0" />
    </MapTiles>
    <StaticTiles>
      <StaticTile TileID="4927" AltIDMod="0" />
      <StaticTile TileID="4928" AltIDMod="0" />
      <StaticTile TileID="4929" AltIDMod="0" />
    </StaticTiles>
  </TransInfo>
  <TransInfo Description="Lava to Dungeon" HashKey="1515150D0D150D0D0D">
    <MapTiles>
      <MapTile TileID="503" AltIDMod="0" />
      <MapTile TileID="502" AltIDMod="0" />
      <MapTile TileID="501" AltIDMod="0" />
    </MapTiles>
    <StaticTiles>
      <StaticTile TileID="4906" AltIDMod="0" />
      <StaticTile TileID="4907" AltIDMod="0" />
      <StaticTile TileID="4908" AltIDMod="0" />
    </StaticTiles>
  </TransInfo>
  <TransInfo Description="Lava to Dungeon" HashKey="0D0D0D0D0D150D0D15">
    <MapTiles>
      <MapTile TileID="500" AltIDMod="0" />
      <MapTile TileID="501" AltIDMod="0" />
      <MapTile TileID="502" AltIDMod="0" />
      <MapTile TileID="501" AltIDMod="0" />
    </MapTiles>
    <StaticTiles>
      <StaticTile TileID="4898" AltIDMod="0" />
      <StaticTile TileID="4899" AltIDMod="0" />
      <StaticTile TileID="4909" AltIDMod="0" />
    </StaticTiles>
  </TransInfo>
  <TransInfo Description="Lava to Dungeon" HashKey="0D0D0D0D0D0D15150D">
    <MapTiles>
      <MapTile TileID="502" AltIDMod="0" />
      <MapTile TileID="504" AltIDMod="0" />
      <MapTile TileID="502" AltIDMod="0" />
      <MapTile TileID="501" AltIDMod="0" />
    </MapTiles>
    <StaticTiles>
      <StaticTile TileID="4912" AltIDMod="0" />
      <StaticTile TileID="4913" AltIDMod="0" />
      <StaticTile TileID="4914" AltIDMod="0" />
      <StaticTile TileID="4918" AltIDMod="0" />
      <StaticTile TileID="4919" AltIDMod="0" />
      <StaticTile TileID="4920" AltIDMod="0" />
    </StaticTiles>
  </TransInfo>
  <TransInfo Description="Lava to Dungeon" HashKey="15150D150D0D150D0D">
    <MapTiles>
      <MapTile TileID="503" AltIDMod="0" />
      <MapTile TileID="501" AltIDMod="0" />
      <MapTile TileID="502" AltIDMod="0" />
      <MapTile TileID="501" AltIDMod="0" />
    </MapTiles>
    <StaticTiles>
      <StaticTile TileID="4936" AltIDMod="0" />
      <StaticTile TileID="4937" AltIDMod="0" />
      <StaticTile TileID="4938" AltIDMod="0" />
    </StaticTiles>
  </TransInfo>
  <TransInfo Description="Lava to Dungeon" HashKey="0D0D150D0D150D0D15">
    <MapTiles>
      <MapTile TileID="500" AltIDMod="0" />
      <MapTile TileID="503" AltIDMod="0" />
      <MapTile TileID="501" AltIDMod="0" />
    </MapTiles>
    <StaticTiles>
      <StaticTile TileID="4895" AltIDMod="0" />
      <StaticTile TileID="4894" AltIDMod="0" />
      <StaticTile TileID="4896" AltIDMod="0" />
    </StaticTiles>
  </TransInfo>
  <TransInfo Description="Lava to Dungeon" HashKey="1515150D0D150D0D15">
    <MapTiles>
      <MapTile TileID="500" AltIDMod="0" />
      <MapTile TileID="502" AltIDMod="0" />
      <MapTile TileID="502" AltIDMod="0" />
      <MapTile TileID="501" AltIDMod="0" />
    </MapTiles>
    <StaticTiles>
      <StaticTile TileID="4906" AltIDMod="0" />
      <StaticTile TileID="4907" AltIDMod="0" />
      <StaticTile TileID="4908" AltIDMod="0" />
    </StaticTiles>
  </TransInfo>
  <TransInfo Description="Lava to Dungeon" HashKey="0D0D0D0D0D0D151515">
    <MapTiles>
      <MapTile TileID="503" AltIDMod="0" />
      <MapTile TileID="500" AltIDMod="0" />
      <MapTile TileID="502" AltIDMod="0" />
      <MapTile TileID="501" AltIDMod="0" />
    </MapTiles>
    <StaticTiles>
      <StaticTile TileID="4912" AltIDMod="0" />
      <StaticTile TileID="4913" AltIDMod="0" />
      <StaticTile TileID="4914" AltIDMod="0" />
      <StaticTile TileID="4915" AltIDMod="0" />
      <StaticTile TileID="4916" AltIDMod="0" />
      <StaticTile TileID="4917" AltIDMod="0" />
    </StaticTiles>
  </TransInfo>
  <TransInfo Description="Lava to Dungeon" HashKey="150D0D0D0D0D0D0D0D">
    <MapTiles>
      <MapTile TileID="503" AltIDMod="0" />
      <MapTile TileID="501" AltIDMod="0" />
      <MapTile TileID="502" AltIDMod="0" />
      <MapTile TileID="501" AltIDMod="0" />
    </MapTiles>
    <StaticTiles>
      <StaticTile TileID="4939" AltIDMod="0" />
      <StaticTile TileID="4940" AltIDMod="0" />
      <StaticTile TileID="4941" AltIDMod="0" />
    </StaticTiles>
  </TransInfo>
  <TransInfo Description="Lava to Dungeon" HashKey="0D0D0D0D0D150D1515">
    <MapTiles>
      <MapTile TileID="502" AltIDMod="0" />
      <MapTile TileID="503" AltIDMod="0" />
      <MapTile TileID="502" AltIDMod="0" />
      <MapTile TileID="502" AltIDMod="0" />
      <MapTile TileID="501" AltIDMod="0" />
    </MapTiles>
    <StaticTiles>
      <StaticTile TileID="4900" AltIDMod="0" />
      <StaticTile TileID="4902" AltIDMod="0" />
      <StaticTile TileID="4901" AltIDMod="0" />
    </StaticTiles>
  </TransInfo>
  <TransInfo Description="Lava to Dungeon" HashKey="151515150D0D0D0D0D">
    <MapTiles>
      <MapTile TileID="503" AltIDMod="0" />
      <MapTile TileID="500" AltIDMod="0" />
      <MapTile TileID="502" AltIDMod="0" />
      <MapTile TileID="501" AltIDMod="0" />
    </MapTiles>
    <StaticTiles>
      <StaticTile TileID="4927" AltIDMod="0" />
      <StaticTile TileID="4928" AltIDMod="0" />
      <StaticTile TileID="4929" AltIDMod="0" />
    </StaticTiles>
  </TransInfo>
  <TransInfo Description="Lava to Dungeon" HashKey="0D15150D0D0D0D0D0D">
    <MapTiles>
      <MapTile TileID="503" AltIDMod="0" />
      <MapTile TileID="501" AltIDMod="0" />
      <MapTile TileID="502" AltIDMod="0" />
      <MapTile TileID="501" AltIDMod="0" />
    </MapTiles>
    <StaticTiles>
      <StaticTile TileID="4924" AltIDMod="0" />
      <StaticTile TileID="4925" AltIDMod="0" />
      <StaticTile TileID="4926" AltIDMod="0" />
    </StaticTiles>
  </TransInfo>
  <TransInfo Description="Lava to Dungeon" HashKey="0D0D0D0D0D0D150D0D">
    <MapTiles>
      <MapTile TileID="500" AltIDMod="0" />
      <MapTile TileID="502" AltIDMod="0" />
      <MapTile TileID="501" AltIDMod="0" />
    </MapTiles>
    <StaticTiles>
      <StaticTile TileID="4905" AltIDMod="0" />
      <StaticTile TileID="4904" AltIDMod="0" />
      <StaticTile TileID="4903" AltIDMod="0" />
    </StaticTiles>
  </TransInfo>
  <TransInfo Description="Lava to Dungeon" HashKey="150D0D150D0D15150D">
    <MapTiles>
      <MapTile TileID="500" AltIDMod="0" />
      <MapTile TileID="503" AltIDMod="0" />
      <MapTile TileID="502" AltIDMod="0" />
      <MapTile TileID="501" AltIDMod="0" />
      <MapTile TileID="501" AltIDMod="0" />
    </MapTiles>
    <StaticTiles>
      <StaticTile TileID="4933" AltIDMod="0" />
      <StaticTile TileID="4934" AltIDMod="0" />
      <StaticTile TileID="4935" AltIDMod="0" />
    </StaticTiles>
  </TransInfo>
  <TransInfo Description="Lava to Dungeon" HashKey="0D0D0D150D0D151515">
    <MapTiles>
      <MapTile TileID="500" AltIDMod="0" />
      <MapTile TileID="503" AltIDMod="0" />
      <MapTile TileID="502" AltIDMod="0" />
      <MapTile TileID="501" AltIDMod="0" />
    </MapTiles>
    <StaticTiles>
      <StaticTile TileID="4933" AltIDMod="0" />
      <StaticTile TileID="4934" AltIDMod="0" />
      <StaticTile TileID="4935" AltIDMod="0" />
    </StaticTiles>
  </TransInfo>
  <TransInfo Description="Lava to Dungeon" HashKey="0D0D0D150D0D15150D">
    <MapTiles>
      <MapTile TileID="502" AltIDMod="0" />
      <MapTile TileID="502" AltIDMod="0" />
      <MapTile TileID="501" AltIDMod="0" />
    </MapTiles>
    <StaticTiles>
      <StaticTile TileID="4933" AltIDMod="0" />
      <StaticTile TileID="4934" AltIDMod="0" />
      <StaticTile TileID="4935" AltIDMod="0" />
    </StaticTiles>
  </TransInfo>
  <TransInfo Description="Lava to Dungeon" HashKey="0D0D0D0D0D0D0D1515">
    <MapTiles>
      <MapTile TileID="501" AltIDMod="0" />
      <MapTile TileID="502" AltIDMod="0" />
      <MapTile TileID="501" AltIDMod="0" />
    </MapTiles>
    <StaticTiles>
      <StaticTile TileID="4917" AltIDMod="0" />
      <StaticTile TileID="4918" AltIDMod="0" />
      <StaticTile TileID="4919" AltIDMod="0" />
      <StaticTile TileID="4920" AltIDMod="0" />
    </StaticTiles>
  </TransInfo>
  <TransInfo Description="Lava to Dungeon" HashKey="0D0D150D0D15151515">
    <MapTiles>
      <MapTile TileID="503" AltIDMod="0" />
      <MapTile TileID="502" AltIDMod="0" />
      <MapTile TileID="502" AltIDMod="0" />
      <MapTile TileID="501" AltIDMod="0" />
    </MapTiles>
    <StaticTiles>
      <StaticTile TileID="4900" AltIDMod="0" />
      <StaticTile TileID="4901" AltIDMod="0" />
      <StaticTile TileID="4902" AltIDMod="0" />
    </StaticTiles>
  </TransInfo>
  <TransInfo Description="Lava to Dungeon" HashKey="0D0D150D0D0D0D0D0D">
    <MapTiles>
      <MapTile TileID="501" AltIDMod="0" />
      <MapTile TileID="503" AltIDMod="0" />
      <MapTile TileID="502" AltIDMod="0" />
      <MapTile TileID="501" AltIDMod="0" />
    </MapTiles>
    <StaticTiles>
      <StaticTile TileID="4909" AltIDMod="0" />
      <StaticTile TileID="4910" AltIDMod="0" />
      <StaticTile TileID="4911" AltIDMod="0" />
    </StaticTiles>
  </TransInfo>
  <TransInfo Description="Lava to Dungeon" HashKey="150D0D150D0D151515">
    <MapTiles>
      <MapTile TileID="501" AltIDMod="0" />
      <MapTile TileID="503" AltIDMod="0" />
      <MapTile TileID="502" AltIDMod="0" />
      <MapTile TileID="501" AltIDMod="0" />
    </MapTiles>
    <StaticTiles>
      <StaticTile TileID="4933" AltIDMod="0" />
      <StaticTile TileID="4934" AltIDMod="0" />
      <StaticTile TileID="4935" AltIDMod="0" />
    </StaticTiles>
  </TransInfo>
  <TransInfo Description="Lava to Dungeon" HashKey="0D0D0D150D0D150D0D">
    <MapTiles>
      <MapTile TileID="503" AltIDMod="0" />
      <MapTile TileID="502" AltIDMod="0" />
      <MapTile TileID="501" AltIDMod="0" />
    </MapTiles>
    <StaticTiles>
      <StaticTile TileID="4927" AltIDMod="0" />
      <StaticTile TileID="4928" AltIDMod="0" />
      <StaticTile TileID="4929" AltIDMod="0" />
    </StaticTiles>
  </TransInfo>
  <TransInfo Description="Lava to Dungeon" HashKey="150D0D150D0D150D0D">
    <MapTiles>
      <MapTile TileID="502" AltIDMod="0" />
      <MapTile TileID="503" AltIDMod="0" />
      <MapTile TileID="500" AltIDMod="0" />
      <MapTile TileID="501" AltIDMod="0" />
      <MapTile TileID="502" AltIDMod="0" />
      <MapTile TileID="501" AltIDMod="0" />
    </MapTiles>
    <StaticTiles>
      <StaticTile TileID="4927" AltIDMod="0" />
      <StaticTile TileID="4928" AltIDMod="0" />
      <StaticTile TileID="4929" AltIDMod="0" />
    </StaticTiles>
  </TransInfo>
  <TransInfo Description="Lava to Dungeon" HashKey="15150D150D0D0D0D0D">
    <MapTiles>
      <MapTile TileID="500" AltIDMod="0" />
      <MapTile TileID="502" AltIDMod="0" />
      <MapTile TileID="502" AltIDMod="0" />
      <MapTile TileID="501" AltIDMod="0" />
    </MapTiles>
    <StaticTiles>
      <StaticTile TileID="4936" AltIDMod="0" />
      <StaticTile TileID="4937" AltIDMod="0" />
      <StaticTile TileID="4939" AltIDMod="0" />
    </StaticTiles>
  </TransInfo>
  <TransInfo Description="Lava to Dungeon" HashKey="0D0D150D0D150D1515">
    <MapTiles>
      <MapTile TileID="501" AltIDMod="0" />
      <MapTile TileID="503" AltIDMod="0" />
      <MapTile TileID="502" AltIDMod="0" />
      <MapTile TileID="501" AltIDMod="0" />
    </MapTiles>
    <StaticTiles>
      <StaticTile TileID="4901" AltIDMod="0" />
      <StaticTile TileID="4901" AltIDMod="0" />
      <StaticTile TileID="4902" AltIDMod="0" />
    </StaticTiles>
  </TransInfo>
  <TransInfo Description="Lava to Dungeon" HashKey="15150D0D0D0D0D0D0D">
    <MapTiles>
      <MapTile TileID="500" AltIDMod="0" />
      <MapTile TileID="501" AltIDMod="0" />
      <MapTile TileID="502" AltIDMod="0" />
      <MapTile TileID="501" AltIDMod="0" />
    </MapTiles>
    <StaticTiles>
      <StaticTile TileID="4924" AltIDMod="0" />
      <StaticTile TileID="4925" AltIDMod="0" />
      <StaticTile TileID="4926" AltIDMod="0" />
    </StaticTiles>
  </TransInfo>
  <TransInfo Description="Lava to Dungeon" HashKey="0D0D0D0D0D0D0D0D15">
    <MapTiles>
      <MapTile TileID="500" AltIDMod="0" />
      <MapTile TileID="502" AltIDMod="0" />
      <MapTile TileID="501" AltIDMod="0" />
    </MapTiles>
    <StaticTiles />
  </TransInfo>
  <TransInfo Description="Lava to Dungeon" HashKey="0D0D0D0D0D15151515">
    <MapTiles>
      <MapTile TileID="500" AltIDMod="0" />
      <MapTile TileID="503" AltIDMod="0" />
      <MapTile TileID="502" AltIDMod="0" />
      <MapTile TileID="501" AltIDMod="0" />
    </MapTiles>
    <StaticTiles>
      <StaticTile TileID="4900" AltIDMod="0" />
      <StaticTile TileID="4901" AltIDMod="0" />
      <StaticTile TileID="4902" AltIDMod="0" />
    </StaticTiles>
  </TransInfo>
  <TransInfo Description="Lava to Dungeon" HashKey="0D15150D0D150D0D15">
    <MapTiles>
      <MapTile TileID="500" AltIDMod="0" />
      <MapTile TileID="501" AltIDMod="0" />
      <MapTile TileID="502" AltIDMod="0" />
      <MapTile TileID="501" AltIDMod="0" />
    </MapTiles>
    <StaticTiles>
      <StaticTile TileID="4897" AltIDMod="0" />
      <StaticTile TileID="4898" AltIDMod="0" />
      <StaticTile TileID="4899" AltIDMod="0" />
    </StaticTiles>
  </TransInfo>
  <TransInfo Description="Lava to Dungeon" HashKey="151515150D0D150D0D">
    <MapTiles>
      <MapTile TileID="502" AltIDMod="0" />
      <MapTile TileID="502" AltIDMod="0" />
      <MapTile TileID="501" AltIDMod="0" />
    </MapTiles>
    <StaticTiles>
      <StaticTile TileID="4921" AltIDMod="0" />
      <StaticTile TileID="4922" AltIDMod="0" />
      <StaticTile TileID="4923" AltIDMod="0" />
    </StaticTiles>
  </TransInfo>
  <TransInfo Description="Lava to Dungeon" HashKey="0D15150D0D150D0D0D">
    <MapTiles>
      <MapTile TileID="502" AltIDMod="0" />
      <MapTile TileID="501" AltIDMod="0" />
      <MapTile TileID="502" AltIDMod="0" />
      <MapTile TileID="501" AltIDMod="0" />
    </MapTiles>
    <StaticTiles>
      <StaticTile TileID="4897" AltIDMod="0" />
      <StaticTile TileID="4898" AltIDMod="0" />
      <StaticTile TileID="4899" AltIDMod="0" />
    </StaticTiles>
  </TransInfo>
  <TransInfo Description="Lava to Dungeon" HashKey="0D0D150D0D150D0D0D">
    <MapTiles>
      <MapTile TileID="500" AltIDMod="0" />
      <MapTile TileID="503" AltIDMod="0" />
      <MapTile TileID="502" AltIDMod="0" />
      <MapTile TileID="501" AltIDMod="0" />
    </MapTiles>
    <StaticTiles>
      <StaticTile TileID="4897" AltIDMod="0" />
      <StaticTile TileID="4898" AltIDMod="0" />
      <StaticTile TileID="4899" AltIDMod="0" />
    </StaticTiles>
  </TransInfo>
  <TransInfo Description="Lava to Dungeon" HashKey="1515150D0D0D0D0D0D">
    <MapTiles>
      <MapTile TileID="500" AltIDMod="0" />
      <MapTile TileID="501" AltIDMod="0" />
      <MapTile TileID="502" AltIDMod="0" />
      <MapTile TileID="503" AltIDMod="0" />
      <MapTile TileID="502" AltIDMod="0" />
      <MapTile TileID="501" AltIDMod="0" />
    </MapTiles>
    <StaticTiles>
      <StaticTile TileID="4924" AltIDMod="0" />
      <StaticTile TileID="4925" AltIDMod="0" />
      <StaticTile TileID="4926" AltIDMod="0" />
    </StaticTiles>
  </TransInfo>
</Trans>