﻿<?xml version="1.0" encoding="utf-8"?>
<Trans>
  <TransInfo Description="Lava-Dungeon Cave Without Static-Small Dirt" HashKey="4A4A4A080D0D080D0D">
    <MapTiles>
      <MapTile TileID="500" AltIDMod="0" />
      <MapTile TileID="501" AltIDMod="0" />
      <MapTile TileID="502" AltIDMod="0" />
      <MapTile TileID="503" AltIDMod="0" />
    </MapTiles>
    <StaticTiles>
      <StaticTile TileID="12949" AltIDMod="0" />
    </StaticTiles>
  </TransInfo>
  <TransInfo Description="Lava-Dungeon Cave Without Static-Small Dirt" HashKey="4A4A0D4A4A0D08080D">
    <MapTiles>
      <MapTile TileID="581" AltIDMod="0" />
      <MapTile TileID="582" AltIDMod="0" />
      <MapTile TileID="583" AltIDMod="0" />
      <MapTile TileID="584" AltIDMod="0" />
      <MapTile TileID="585" AltIDMod="0" />
    </MapTiles>
    <StaticTiles>
      <StaticTile TileID="12970" AltIDMod="0" />
      <StaticTile TileID="12971" AltIDMod="0" />
    </StaticTiles>
  </TransInfo>
  <TransInfo Description="Lava-Dungeon Cave Without Static-Small Dirt" HashKey="0808084A0D0D4A0D0D">
    <MapTiles>
      <MapTile TileID="500" AltIDMod="0" />
      <MapTile TileID="501" AltIDMod="0" />
      <MapTile TileID="502" AltIDMod="0" />
      <MapTile TileID="503" AltIDMod="0" />
    </MapTiles>
    <StaticTiles>
      <StaticTile TileID="12949" AltIDMod="0" />
    </StaticTiles>
  </TransInfo>
  <TransInfo Description="Lava-Dungeon Cave Without Static-Small Dirt" HashKey="08084A08084A0D0D4A">
    <MapTiles>
      <MapTile TileID="478" AltIDMod="0" />
    </MapTiles>
    <StaticTiles>
      <StaticTile TileID="12974" AltIDMod="0" />
      <StaticTile TileID="12975" AltIDMod="0" />
    </StaticTiles>
  </TransInfo>
  <TransInfo Description="Lava-Dungeon Cave Without Static-Small Dirt" HashKey="0D0D084A4A084A4A08">
    <MapTiles>
      <MapTile TileID="581" AltIDMod="0" />
      <MapTile TileID="582" AltIDMod="0" />
      <MapTile TileID="583" AltIDMod="0" />
      <MapTile TileID="584" AltIDMod="0" />
      <MapTile TileID="585" AltIDMod="0" />
    </MapTiles>
    <StaticTiles>
      <StaticTile TileID="12972" AltIDMod="0" />
    </StaticTiles>
  </TransInfo>
  <TransInfo Description="Lava-Dungeon Cave Without Static-Small Dirt" HashKey="080D0D080D0D084A4A">
    <MapTiles>
      <MapTile TileID="500" AltIDMod="0" />
      <MapTile TileID="501" AltIDMod="0" />
      <MapTile TileID="502" AltIDMod="0" />
      <MapTile TileID="503" AltIDMod="0" />
    </MapTiles>
    <StaticTiles>
      <StaticTile TileID="12955" AltIDMod="0" />
    </StaticTiles>
  </TransInfo>
  <TransInfo Description="Lava-Dungeon Cave Without Static-Small Dirt" HashKey="0D08080D4A4A0D4A4A">
    <MapTiles>
      <MapTile TileID="581" AltIDMod="0" />
      <MapTile TileID="582" AltIDMod="0" />
      <MapTile TileID="583" AltIDMod="0" />
      <MapTile TileID="584" AltIDMod="0" />
      <MapTile TileID="585" AltIDMod="0" />
    </MapTiles>
    <StaticTiles>
      <StaticTile TileID="12976" AltIDMod="0" />
      <StaticTile TileID="12977" AltIDMod="0" />
    </StaticTiles>
  </TransInfo>
  <TransInfo Description="Lava-Dungeon Cave Without Static-Small Dirt" HashKey="4A4A4A0D0D080D0D08">
    <MapTiles>
      <MapTile TileID="500" AltIDMod="0" />
      <MapTile TileID="501" AltIDMod="0" />
      <MapTile TileID="502" AltIDMod="0" />
      <MapTile TileID="503" AltIDMod="0" />
    </MapTiles>
    <StaticTiles>
      <StaticTile TileID="12954" AltIDMod="0" />
    </StaticTiles>
  </TransInfo>
  <TransInfo Description="Lava-Dungeon Cave Without Static-Small Dirt" HashKey="08080D08080D4A4A0D">
    <MapTiles>
      <MapTile TileID="476" AltIDMod="0" />
    </MapTiles>
    <StaticTiles>
      <StaticTile TileID="12970" AltIDMod="0" />
      <StaticTile TileID="12971" AltIDMod="0" />
    </StaticTiles>
  </TransInfo>
  <TransInfo Description="Lava-Dungeon Cave Without Static-Small Dirt" HashKey="0D0D4A0D0D4A08084A">
    <MapTiles>
      <MapTile TileID="500" AltIDMod="0" />
      <MapTile TileID="501" AltIDMod="0" />
      <MapTile TileID="502" AltIDMod="0" />
      <MapTile TileID="503" AltIDMod="0" />
    </MapTiles>
    <StaticTiles>
      <StaticTile TileID="12948" AltIDMod="0" />
    </StaticTiles>
  </TransInfo>
  <TransInfo Description="Lava-Dungeon Cave Without Static-Small Dirt" HashKey="080D0D080D0D4A4A4A">
    <MapTiles>
      <MapTile TileID="500" AltIDMod="0" />
      <MapTile TileID="501" AltIDMod="0" />
      <MapTile TileID="502" AltIDMod="0" />
      <MapTile TileID="503" AltIDMod="0" />
    </MapTiles>
    <StaticTiles>
      <StaticTile TileID="12955" AltIDMod="0" />
    </StaticTiles>
  </TransInfo>
  <TransInfo Description="Lava-Dungeon Cave Without Static-Small Dirt" HashKey="0D0D4A0D0D4A080808">
    <MapTiles>
      <MapTile TileID="500" AltIDMod="0" />
      <MapTile TileID="501" AltIDMod="0" />
      <MapTile TileID="502" AltIDMod="0" />
      <MapTile TileID="503" AltIDMod="0" />
    </MapTiles>
    <StaticTiles>
      <StaticTile TileID="12948" AltIDMod="0" />
    </StaticTiles>
  </TransInfo>
  <TransInfo Description="Lava-Dungeon Cave Without Static-Small Dirt" HashKey="0D0D4A080808080808">
    <MapTiles>
      <MapTile TileID="486" AltIDMod="0" />
    </MapTiles>
    <StaticTiles>
      <StaticTile TileID="12972" AltIDMod="0" />
    </StaticTiles>
  </TransInfo>
  <TransInfo Description="Lava-Dungeon Cave Without Static-Small Dirt" HashKey="0808080808080D4A4A">
    <MapTiles>
      <MapTile TileID="476" AltIDMod="0" />
    </MapTiles>
    <StaticTiles>
      <StaticTile TileID="12969" AltIDMod="0" />
    </StaticTiles>
  </TransInfo>
  <TransInfo Description="Lava-Dungeon Cave Without Static-Small Dirt" HashKey="4A4A080D0D0D0D0D0D">
    <MapTiles>
      <MapTile TileID="500" AltIDMod="0" />
      <MapTile TileID="501" AltIDMod="0" />
      <MapTile TileID="502" AltIDMod="0" />
      <MapTile TileID="503" AltIDMod="0" />
    </MapTiles>
    <StaticTiles>
      <StaticTile TileID="12943" AltIDMod="0" />
    </StaticTiles>
  </TransInfo>
  <TransInfo Description="Lava-Dungeon Cave Without Static-Small Dirt" HashKey="0D08080D08080D4A4A">
    <MapTiles>
      <MapTile TileID="476" AltIDMod="0" />
    </MapTiles>
    <StaticTiles>
      <StaticTile TileID="12976" AltIDMod="0" />
      <StaticTile TileID="12977" AltIDMod="0" />
    </StaticTiles>
  </TransInfo>
  <TransInfo Description="Lava-Dungeon Cave Without Static-Small Dirt" HashKey="0D4A4A0D4A4A084A4A">
    <MapTiles>
      <MapTile TileID="581" AltIDMod="0" />
      <MapTile TileID="582" AltIDMod="0" />
      <MapTile TileID="583" AltIDMod="0" />
      <MapTile TileID="584" AltIDMod="0" />
      <MapTile TileID="585" AltIDMod="0" />
    </MapTiles>
    <StaticTiles>
      <StaticTile TileID="12976" AltIDMod="0" />
    </StaticTiles>
  </TransInfo>
  <TransInfo Description="Lava-Dungeon Cave Without Static-Small Dirt" HashKey="08080D08080D08084A">
    <MapTiles>
      <MapTile TileID="485" AltIDMod="0" />
    </MapTiles>
    <StaticTiles>
      <StaticTile TileID="12970" AltIDMod="0" />
    </StaticTiles>
  </TransInfo>
  <TransInfo Description="Lava-Dungeon Cave Without Static-Small Dirt" HashKey="4A08080D0D0D0D0D0D">
    <MapTiles>
      <MapTile TileID="500" AltIDMod="0" />
      <MapTile TileID="501" AltIDMod="0" />
      <MapTile TileID="502" AltIDMod="0" />
      <MapTile TileID="503" AltIDMod="0" />
    </MapTiles>
    <StaticTiles>
      <StaticTile TileID="12943" AltIDMod="0" />
    </StaticTiles>
  </TransInfo>
  <TransInfo Description="Lava-Dungeon Cave Without Static-Small Dirt" HashKey="4A0D0D4A08084A0808">
    <MapTiles>
      <MapTile TileID="477" AltIDMod="0" />
    </MapTiles>
    <StaticTiles>
      <StaticTile TileID="12972" AltIDMod="0" />
    </StaticTiles>
  </TransInfo>
  <TransInfo Description="Lava-Dungeon Cave Without Static-Small Dirt" HashKey="4A4A4A4A4A4A0D0808">
    <MapTiles>
      <MapTile TileID="581" AltIDMod="0" />
      <MapTile TileID="582" AltIDMod="0" />
      <MapTile TileID="583" AltIDMod="0" />
      <MapTile TileID="584" AltIDMod="0" />
      <MapTile TileID="585" AltIDMod="0" />
    </MapTiles>
    <StaticTiles>
      <StaticTile TileID="12969" AltIDMod="0" />
    </StaticTiles>
  </TransInfo>
  <TransInfo Description="Lava-Dungeon Cave Without Static-Small Dirt" HashKey="08084A0D0D0D0D0D0D">
    <MapTiles>
      <MapTile TileID="500" AltIDMod="0" />
      <MapTile TileID="501" AltIDMod="0" />
      <MapTile TileID="502" AltIDMod="0" />
      <MapTile TileID="503" AltIDMod="0" />
    </MapTiles>
    <StaticTiles>
      <StaticTile TileID="12943" AltIDMod="0" />
    </StaticTiles>
  </TransInfo>
  <TransInfo Description="Lava-Dungeon Cave Without Static-Small Dirt" HashKey="0D08080D08084A4A4A">
    <MapTiles>
      <MapTile TileID="492" AltIDMod="0" />
    </MapTiles>
    <StaticTiles>
      <StaticTile TileID="12976" AltIDMod="0" />
    </StaticTiles>
  </TransInfo>
  <TransInfo Description="Lava-Dungeon Cave Without Static-Small Dirt" HashKey="0D0D084A4A4A4A4A4A">
    <MapTiles>
      <MapTile TileID="581" AltIDMod="0" />
      <MapTile TileID="582" AltIDMod="0" />
      <MapTile TileID="583" AltIDMod="0" />
      <MapTile TileID="584" AltIDMod="0" />
      <MapTile TileID="585" AltIDMod="0" />
    </MapTiles>
    <StaticTiles>
      <StaticTile TileID="12972" AltIDMod="0" />
    </StaticTiles>
  </TransInfo>
  <TransInfo Description="Lava-Dungeon Cave Without Static-Small Dirt" HashKey="08084A0D0D4A0D0D4A">
    <MapTiles>
      <MapTile TileID="500" AltIDMod="0" />
      <MapTile TileID="501" AltIDMod="0" />
      <MapTile TileID="502" AltIDMod="0" />
      <MapTile TileID="503" AltIDMod="0" />
    </MapTiles>
    <StaticTiles>
      <StaticTile TileID="12954" AltIDMod="0" />
    </StaticTiles>
  </TransInfo>
  <TransInfo Description="Lava-Dungeon Cave Without Static-Small Dirt" HashKey="0D4A4A0D08080D0808">
    <MapTiles>
      <MapTile TileID="479" AltIDMod="0" />
    </MapTiles>
    <StaticTiles>
      <StaticTile TileID="12976" AltIDMod="0" />
      <StaticTile TileID="12977" AltIDMod="0" />
    </StaticTiles>
  </TransInfo>
  <TransInfo Description="Lava-Dungeon Cave Without Static-Small Dirt" HashKey="4A4A0D4A4A084A4A08">
    <MapTiles>
      <MapTile TileID="581" AltIDMod="0" />
      <MapTile TileID="582" AltIDMod="0" />
      <MapTile TileID="583" AltIDMod="0" />
      <MapTile TileID="584" AltIDMod="0" />
      <MapTile TileID="585" AltIDMod="0" />
    </MapTiles>
    <StaticTiles>
      <StaticTile TileID="12966" AltIDMod="0" />
    </StaticTiles>
  </TransInfo>
  <TransInfo Description="Lava-Dungeon Cave Without Static-Small Dirt" HashKey="4A4A4A4A4A4A0D0D08">
    <MapTiles>
      <MapTile TileID="581" AltIDMod="0" />
      <MapTile TileID="582" AltIDMod="0" />
      <MapTile TileID="583" AltIDMod="0" />
      <MapTile TileID="584" AltIDMod="0" />
      <MapTile TileID="585" AltIDMod="0" />
    </MapTiles>
    <StaticTiles>
      <StaticTile TileID="12974" AltIDMod="0" />
      <StaticTile TileID="12975" AltIDMod="0" />
    </StaticTiles>
  </TransInfo>
  <TransInfo Description="Lava-Dungeon Cave Without Static-Small Dirt" HashKey="0D08084A4A4A4A4A4A">
    <MapTiles>
      <MapTile TileID="581" AltIDMod="0" />
      <MapTile TileID="582" AltIDMod="0" />
      <MapTile TileID="583" AltIDMod="0" />
      <MapTile TileID="584" AltIDMod="0" />
      <MapTile TileID="585" AltIDMod="0" />
    </MapTiles>
    <StaticTiles>
      <StaticTile TileID="12967" AltIDMod="0" />
    </StaticTiles>
  </TransInfo>
  <TransInfo Description="Lava-Dungeon Cave Without Static-Small Dirt" HashKey="4A08084A08080D0808">
    <MapTiles>
      <MapTile TileID="477" AltIDMod="0" />
    </MapTiles>
    <StaticTiles>
      <StaticTile TileID="12969" AltIDMod="0" />
    </StaticTiles>
  </TransInfo>
  <TransInfo Description="Lava-Dungeon Cave Without Static-Small Dirt" HashKey="4A4A4A0D08080D0808">
    <MapTiles>
      <MapTile TileID="479" AltIDMod="0" />
    </MapTiles>
    <StaticTiles>
      <StaticTile TileID="12977" AltIDMod="0" />
    </StaticTiles>
  </TransInfo>
  <TransInfo Description="Lava-Dungeon Cave Without Static-Small Dirt" HashKey="4A4A4A4A4A4A080D0D">
    <MapTiles>
      <MapTile TileID="581" AltIDMod="0" />
      <MapTile TileID="582" AltIDMod="0" />
      <MapTile TileID="583" AltIDMod="0" />
      <MapTile TileID="584" AltIDMod="0" />
      <MapTile TileID="585" AltIDMod="0" />
    </MapTiles>
    <StaticTiles>
      <StaticTile TileID="12974" AltIDMod="0" />
      <StaticTile TileID="12975" AltIDMod="0" />
    </StaticTiles>
  </TransInfo>
  <TransInfo Description="Lava-Dungeon Cave Without Static-Small Dirt" HashKey="0D0D0D4A08084A0808">
    <MapTiles>
      <MapTile TileID="477" AltIDMod="0" />
    </MapTiles>
    <StaticTiles>
      <StaticTile TileID="12972" AltIDMod="0" />
      <StaticTile TileID="12973" AltIDMod="0" />
    </StaticTiles>
  </TransInfo>
  <TransInfo Description="Lava-Dungeon Cave Without Static-Small Dirt" HashKey="084A4A084A4A0D4A4A">
    <MapTiles>
      <MapTile TileID="581" AltIDMod="0" />
      <MapTile TileID="582" AltIDMod="0" />
      <MapTile TileID="583" AltIDMod="0" />
      <MapTile TileID="584" AltIDMod="0" />
      <MapTile TileID="585" AltIDMod="0" />
    </MapTiles>
    <StaticTiles>
      <StaticTile TileID="12969" AltIDMod="0" />
    </StaticTiles>
  </TransInfo>
  <TransInfo Description="Lava-Dungeon Cave Without Static-Small Dirt" HashKey="0D0D0D0D0D0D4A0808">
    <MapTiles>
      <MapTile TileID="500" AltIDMod="0" />
      <MapTile TileID="501" AltIDMod="0" />
      <MapTile TileID="502" AltIDMod="0" />
      <MapTile TileID="503" AltIDMod="0" />
    </MapTiles>
    <StaticTiles>
      <StaticTile TileID="12940" AltIDMod="0" />
      <StaticTile TileID="12941" AltIDMod="0" />
    </StaticTiles>
  </TransInfo>
  <TransInfo Description="Lava-Dungeon Cave Without Static-Small Dirt" HashKey="4A08084A08080D0D0D">
    <MapTiles>
      <MapTile TileID="477" AltIDMod="0" />
    </MapTiles>
    <StaticTiles>
      <StaticTile TileID="12974" AltIDMod="0" />
      <StaticTile TileID="12975" AltIDMod="0" />
    </StaticTiles>
  </TransInfo>
  <TransInfo Description="Lava-Dungeon Cave Without Static-Small Dirt" HashKey="4A4A4A08080D08080D">
    <MapTiles>
      <MapTile TileID="479" AltIDMod="0" />
    </MapTiles>
    <StaticTiles>
      <StaticTile TileID="12970" AltIDMod="0" />
      <StaticTile TileID="12971" AltIDMod="0" />
    </StaticTiles>
  </TransInfo>
  <TransInfo Description="Lava-Dungeon Cave Without Static-Small Dirt" HashKey="0D4A4A0D4A4A080808">
    <MapTiles>
      <MapTile TileID="581" AltIDMod="0" />
      <MapTile TileID="582" AltIDMod="0" />
      <MapTile TileID="583" AltIDMod="0" />
      <MapTile TileID="584" AltIDMod="0" />
      <MapTile TileID="585" AltIDMod="0" />
    </MapTiles>
    <StaticTiles>
      <StaticTile TileID="12976" AltIDMod="0" />
    </StaticTiles>
  </TransInfo>
  <TransInfo Description="Lava-Dungeon Cave Without Static-Small Dirt" HashKey="4A0D0D4A0D0D080808">
    <MapTiles>
      <MapTile TileID="500" AltIDMod="0" />
      <MapTile TileID="501" AltIDMod="0" />
      <MapTile TileID="502" AltIDMod="0" />
      <MapTile TileID="503" AltIDMod="0" />
    </MapTiles>
    <StaticTiles>
      <StaticTile TileID="12955" AltIDMod="0" />
    </StaticTiles>
  </TransInfo>
  <TransInfo Description="Lava-Dungeon Cave Without Static-Small Dirt" HashKey="4A4A084A4A0D4A4A0D">
    <MapTiles>
      <MapTile TileID="581" AltIDMod="0" />
      <MapTile TileID="582" AltIDMod="0" />
      <MapTile TileID="583" AltIDMod="0" />
      <MapTile TileID="584" AltIDMod="0" />
      <MapTile TileID="585" AltIDMod="0" />
    </MapTiles>
    <StaticTiles>
      <StaticTile TileID="12970" AltIDMod="0" />
    </StaticTiles>
  </TransInfo>
  <TransInfo Description="Lava-Dungeon Cave Without Static-Small Dirt" HashKey="0D0D0D08084A08084A">
    <MapTiles>
      <MapTile TileID="478" AltIDMod="0" />
    </MapTiles>
    <StaticTiles>
      <StaticTile TileID="12972" AltIDMod="0" />
      <StaticTile TileID="12973" AltIDMod="0" />
    </StaticTiles>
  </TransInfo>
  <TransInfo Description="Lava-Dungeon Cave Without Static-Small Dirt" HashKey="080D0D084A4A084A4A">
    <MapTiles>
      <MapTile TileID="581" AltIDMod="0" />
      <MapTile TileID="582" AltIDMod="0" />
      <MapTile TileID="583" AltIDMod="0" />
      <MapTile TileID="584" AltIDMod="0" />
      <MapTile TileID="585" AltIDMod="0" />
    </MapTiles>
    <StaticTiles>
      <StaticTile TileID="12972" AltIDMod="0" />
    </StaticTiles>
  </TransInfo>
  <TransInfo Description="Lava-Dungeon Cave Without Static-Small Dirt" HashKey="0808080808080D0D4A">
    <MapTiles>
      <MapTile TileID="485" AltIDMod="0" />
    </MapTiles>
    <StaticTiles>
      <StaticTile TileID="12974" AltIDMod="0" />
      <StaticTile TileID="12975" AltIDMod="0" />
    </StaticTiles>
  </TransInfo>
  <TransInfo Description="Lava-Dungeon Cave Without Static-Small Dirt" HashKey="4A4A084A4A080D0D08">
    <MapTiles>
      <MapTile TileID="581" AltIDMod="0" />
      <MapTile TileID="582" AltIDMod="0" />
      <MapTile TileID="583" AltIDMod="0" />
      <MapTile TileID="584" AltIDMod="0" />
      <MapTile TileID="585" AltIDMod="0" />
    </MapTiles>
    <StaticTiles>
      <StaticTile TileID="12974" AltIDMod="0" />
      <StaticTile TileID="12975" AltIDMod="0" />
    </StaticTiles>
  </TransInfo>
  <TransInfo Description="Lava-Dungeon Cave Without Static-Small Dirt" HashKey="0808080D4A4A0D4A4A">
    <MapTiles>
      <MapTile TileID="581" AltIDMod="0" />
      <MapTile TileID="582" AltIDMod="0" />
      <MapTile TileID="583" AltIDMod="0" />
      <MapTile TileID="584" AltIDMod="0" />
      <MapTile TileID="585" AltIDMod="0" />
    </MapTiles>
    <StaticTiles>
      <StaticTile TileID="12977" AltIDMod="0" />
    </StaticTiles>
  </TransInfo>
  <TransInfo Description="Lava-Dungeon Cave Without Static-Small Dirt" HashKey="0808080D0D4A0D0D4A">
    <MapTiles>
      <MapTile TileID="500" AltIDMod="0" />
      <MapTile TileID="501" AltIDMod="0" />
      <MapTile TileID="502" AltIDMod="0" />
      <MapTile TileID="503" AltIDMod="0" />
    </MapTiles>
    <StaticTiles>
      <StaticTile TileID="12954" AltIDMod="0" />
    </StaticTiles>
  </TransInfo>
  <TransInfo Description="Lava-Dungeon Cave Without Static-Small Dirt" HashKey="4A4A4A4A4A4A08080D">
    <MapTiles>
      <MapTile TileID="581" AltIDMod="0" />
      <MapTile TileID="582" AltIDMod="0" />
      <MapTile TileID="583" AltIDMod="0" />
      <MapTile TileID="584" AltIDMod="0" />
      <MapTile TileID="585" AltIDMod="0" />
    </MapTiles>
    <StaticTiles>
      <StaticTile TileID="12968" AltIDMod="0" />
    </StaticTiles>
  </TransInfo>
  <TransInfo Description="Lava-Dungeon Cave Without Static-Small Dirt" HashKey="084A4A0D4A4A0D4A4A">
    <MapTiles>
      <MapTile TileID="581" AltIDMod="0" />
      <MapTile TileID="582" AltIDMod="0" />
      <MapTile TileID="583" AltIDMod="0" />
      <MapTile TileID="584" AltIDMod="0" />
      <MapTile TileID="585" AltIDMod="0" />
    </MapTiles>
    <StaticTiles>
      <StaticTile TileID="12977" AltIDMod="0" />
    </StaticTiles>
  </TransInfo>
  <TransInfo Description="Lava-Dungeon Cave Without Static-Small Dirt" HashKey="0D08084A08084A0808">
    <MapTiles>
      <MapTile TileID="477" AltIDMod="0" />
    </MapTiles>
    <StaticTiles>
      <StaticTile TileID="12967" AltIDMod="0" />
    </StaticTiles>
  </TransInfo>
  <TransInfo Description="Lava-Dungeon Cave Without Static-Small Dirt" HashKey="080D0D080D0D4A0D0D">
    <MapTiles>
      <MapTile TileID="500" AltIDMod="0" />
      <MapTile TileID="501" AltIDMod="0" />
      <MapTile TileID="502" AltIDMod="0" />
      <MapTile TileID="503" AltIDMod="0" />
    </MapTiles>
    <StaticTiles>
      <StaticTile TileID="12944" AltIDMod="0" />
      <StaticTile TileID="12945" AltIDMod="0" />
    </StaticTiles>
  </TransInfo>
  <TransInfo Description="Lava-Dungeon Cave Without Static-Small Dirt" HashKey="4A4A0D4A4A0D080808">
    <MapTiles>
      <MapTile TileID="581" AltIDMod="0" />
      <MapTile TileID="582" AltIDMod="0" />
      <MapTile TileID="583" AltIDMod="0" />
      <MapTile TileID="584" AltIDMod="0" />
      <MapTile TileID="585" AltIDMod="0" />
    </MapTiles>
    <StaticTiles>
      <StaticTile TileID="12970" AltIDMod="0" />
    </StaticTiles>
  </TransInfo>
  <TransInfo Description="Lava-Dungeon Cave Without Static-Small Dirt" HashKey="4A4A0D4A4A0D4A4A08">
    <MapTiles>
      <MapTile TileID="581" AltIDMod="0" />
      <MapTile TileID="582" AltIDMod="0" />
      <MapTile TileID="583" AltIDMod="0" />
      <MapTile TileID="584" AltIDMod="0" />
      <MapTile TileID="585" AltIDMod="0" />
    </MapTiles>
    <StaticTiles>
      <StaticTile TileID="12970" AltIDMod="0" />
    </StaticTiles>
  </TransInfo>
  <TransInfo Description="Lava-Dungeon Cave Without Static-Small Dirt" HashKey="0D4A4A0D4A4A0D0808">
    <MapTiles>
      <MapTile TileID="581" AltIDMod="0" />
      <MapTile TileID="582" AltIDMod="0" />
      <MapTile TileID="583" AltIDMod="0" />
      <MapTile TileID="584" AltIDMod="0" />
      <MapTile TileID="585" AltIDMod="0" />
    </MapTiles>
    <StaticTiles>
      <StaticTile TileID="12976" AltIDMod="0" />
      <StaticTile TileID="12977" AltIDMod="0" />
    </StaticTiles>
  </TransInfo>
  <TransInfo Description="Lava-Dungeon Cave Without Static-Small Dirt" HashKey="0D0D0D0D0D0D084A4A">
    <MapTiles>
      <MapTile TileID="500" AltIDMod="0" />
      <MapTile TileID="501" AltIDMod="0" />
      <MapTile TileID="502" AltIDMod="0" />
      <MapTile TileID="503" AltIDMod="0" />
    </MapTiles>
    <StaticTiles>
      <StaticTile TileID="12940" AltIDMod="0" />
      <StaticTile TileID="12941" AltIDMod="0" />
    </StaticTiles>
  </TransInfo>
  <TransInfo Description="Lava-Dungeon Cave Without Static-Small Dirt" HashKey="0D4A4A080808080808">
    <MapTiles>
      <MapTile TileID="479" AltIDMod="0" />
    </MapTiles>
    <StaticTiles>
      <StaticTile TileID="12967" AltIDMod="0" />
    </StaticTiles>
  </TransInfo>
  <TransInfo Description="Lava-Dungeon Cave Without Static-Small Dirt" HashKey="4A08080D08080D0808">
    <MapTiles>
      <MapTile TileID="484" AltIDMod="0" />
    </MapTiles>
    <StaticTiles>
      <StaticTile TileID="12977" AltIDMod="0" />
    </StaticTiles>
  </TransInfo>
  <TransInfo Description="Lava-Dungeon Cave Without Static-Small Dirt" HashKey="084A4A080D0D080D0D">
    <MapTiles>
      <MapTile TileID="500" AltIDMod="0" />
      <MapTile TileID="501" AltIDMod="0" />
      <MapTile TileID="502" AltIDMod="0" />
      <MapTile TileID="503" AltIDMod="0" />
    </MapTiles>
    <StaticTiles>
      <StaticTile TileID="12949" AltIDMod="0" />
    </StaticTiles>
  </TransInfo>
  <TransInfo Description="Lava-Dungeon Cave Without Static-Small Dirt" HashKey="0D0D0D0D0D0D4A4A08">
    <MapTiles>
      <MapTile TileID="500" AltIDMod="0" />
      <MapTile TileID="501" AltIDMod="0" />
      <MapTile TileID="502" AltIDMod="0" />
      <MapTile TileID="503" AltIDMod="0" />
    </MapTiles>
    <StaticTiles>
      <StaticTile TileID="12940" AltIDMod="0" />
      <StaticTile TileID="12941" AltIDMod="0" />
    </StaticTiles>
  </TransInfo>
  <TransInfo Description="Lava-Dungeon Cave Without Static-Small Dirt" HashKey="4A4A0D08080D08080D">
    <MapTiles>
      <MapTile TileID="479" AltIDMod="0" />
    </MapTiles>
    <StaticTiles>
      <StaticTile TileID="12970" AltIDMod="0" />
      <StaticTile TileID="12971" AltIDMod="0" />
    </StaticTiles>
  </TransInfo>
  <TransInfo Description="Lava-Dungeon Cave Without Static-Small Dirt" HashKey="08084A08084A0D0D0D">
    <MapTiles>
      <MapTile TileID="478" AltIDMod="0" />
    </MapTiles>
    <StaticTiles>
      <StaticTile TileID="12974" AltIDMod="0" />
      <StaticTile TileID="12975" AltIDMod="0" />
    </StaticTiles>
  </TransInfo>
  <TransInfo Description="Lava-Dungeon Cave Without Static-Small Dirt" HashKey="0D0D0D4A4A084A4A08">
    <MapTiles>
      <MapTile TileID="581" AltIDMod="0" />
      <MapTile TileID="582" AltIDMod="0" />
      <MapTile TileID="583" AltIDMod="0" />
      <MapTile TileID="584" AltIDMod="0" />
      <MapTile TileID="585" AltIDMod="0" />
    </MapTiles>
    <StaticTiles>
      <StaticTile TileID="12972" AltIDMod="0" />
      <StaticTile TileID="12973" AltIDMod="0" />
    </StaticTiles>
  </TransInfo>
  <TransInfo Description="Lava-Dungeon Cave Without Static-Small Dirt" HashKey="08084A08080D08080D">
    <MapTiles>
      <MapTile TileID="486" AltIDMod="0" />
    </MapTiles>
    <StaticTiles>
      <StaticTile TileID="12970" AltIDMod="0" />
      <StaticTile TileID="12971" AltIDMod="0" />
    </StaticTiles>
  </TransInfo>
  <TransInfo Description="Lava-Dungeon Cave Without Static-Small Dirt" HashKey="4A08084A0D0D4A0D0D">
    <MapTiles>
      <MapTile TileID="500" AltIDMod="0" />
      <MapTile TileID="501" AltIDMod="0" />
      <MapTile TileID="502" AltIDMod="0" />
      <MapTile TileID="503" AltIDMod="0" />
    </MapTiles>
    <StaticTiles>
      <StaticTile TileID="12949" AltIDMod="0" />
    </StaticTiles>
  </TransInfo>
  <TransInfo Description="Lava-Dungeon Cave Without Static-Small Dirt" HashKey="4A0D0D4A0D0D080D0D">
    <MapTiles>
      <MapTile TileID="500" AltIDMod="0" />
      <MapTile TileID="501" AltIDMod="0" />
      <MapTile TileID="502" AltIDMod="0" />
      <MapTile TileID="503" AltIDMod="0" />
    </MapTiles>
    <StaticTiles>
      <StaticTile TileID="12944" AltIDMod="0" />
      <StaticTile TileID="12945" AltIDMod="0" />
    </StaticTiles>
  </TransInfo>
  <TransInfo Description="Lava-Dungeon Cave Without Static-Small Dirt" HashKey="0808084A4A0D4A4A0D">
    <MapTiles>
      <MapTile TileID="581" AltIDMod="0" />
      <MapTile TileID="582" AltIDMod="0" />
      <MapTile TileID="583" AltIDMod="0" />
      <MapTile TileID="584" AltIDMod="0" />
      <MapTile TileID="585" AltIDMod="0" />
    </MapTiles>
    <StaticTiles>
      <StaticTile TileID="12970" AltIDMod="0" />
      <StaticTile TileID="12971" AltIDMod="0" />
    </StaticTiles>
  </TransInfo>
  <TransInfo Description="Lava-Dungeon Cave Without Static-Small Dirt" HashKey="0D0D080D0D080D0D4A">
    <MapTiles>
      <MapTile TileID="500" AltIDMod="0" />
      <MapTile TileID="501" AltIDMod="0" />
      <MapTile TileID="502" AltIDMod="0" />
      <MapTile TileID="503" AltIDMod="0" />
    </MapTiles>
    <StaticTiles>
      <StaticTile TileID="12946" AltIDMod="0" />
    </StaticTiles>
  </TransInfo>
  <TransInfo Description="Lava-Dungeon Cave Without Static-Small Dirt" HashKey="0D4A4A084A4A084A4A">
    <MapTiles>
      <MapTile TileID="581" AltIDMod="0" />
      <MapTile TileID="582" AltIDMod="0" />
      <MapTile TileID="583" AltIDMod="0" />
      <MapTile TileID="584" AltIDMod="0" />
      <MapTile TileID="585" AltIDMod="0" />
    </MapTiles>
    <StaticTiles>
      <StaticTile TileID="12967" AltIDMod="0" />
    </StaticTiles>
  </TransInfo>
  <TransInfo Description="Lava-Dungeon Cave Without Static-Small Dirt" HashKey="0D0D080D0D4A0D0D4A">
    <MapTiles>
      <MapTile TileID="500" AltIDMod="0" />
      <MapTile TileID="501" AltIDMod="0" />
      <MapTile TileID="502" AltIDMod="0" />
      <MapTile TileID="503" AltIDMod="0" />
    </MapTiles>
    <StaticTiles>
      <StaticTile TileID="12946" AltIDMod="0" />
    </StaticTiles>
  </TransInfo>
  <TransInfo Description="Lava-Dungeon Cave Without Static-Small Dirt" HashKey="0D0D080D0D084A4A4A">
    <MapTiles>
      <MapTile TileID="500" AltIDMod="0" />
      <MapTile TileID="501" AltIDMod="0" />
      <MapTile TileID="502" AltIDMod="0" />
      <MapTile TileID="503" AltIDMod="0" />
    </MapTiles>
    <StaticTiles>
      <StaticTile TileID="12948" AltIDMod="0" />
    </StaticTiles>
  </TransInfo>
  <TransInfo Description="Lava-Dungeon Cave Without Static-Small Dirt" HashKey="0D0D080D0D084A4A08">
    <MapTiles>
      <MapTile TileID="500" AltIDMod="0" />
      <MapTile TileID="501" AltIDMod="0" />
      <MapTile TileID="502" AltIDMod="0" />
      <MapTile TileID="503" AltIDMod="0" />
    </MapTiles>
    <StaticTiles>
      <StaticTile TileID="12948" AltIDMod="0" />
    </StaticTiles>
  </TransInfo>
  <TransInfo Description="Lava-Dungeon Cave Without Static-Small Dirt" HashKey="0D08080D08084A0808">
    <MapTiles>
      <MapTile TileID="487" AltIDMod="0" />
    </MapTiles>
    <StaticTiles>
      <StaticTile TileID="12976" AltIDMod="0" />
    </StaticTiles>
  </TransInfo>
  <TransInfo Description="Lava-Dungeon Cave Without Static-Small Dirt" HashKey="0D0D0D084A4A084A4A">
    <MapTiles>
      <MapTile TileID="581" AltIDMod="0" />
      <MapTile TileID="582" AltIDMod="0" />
      <MapTile TileID="583" AltIDMod="0" />
      <MapTile TileID="584" AltIDMod="0" />
      <MapTile TileID="585" AltIDMod="0" />
    </MapTiles>
    <StaticTiles>
      <StaticTile TileID="12972" AltIDMod="0" />
      <StaticTile TileID="12973" AltIDMod="0" />
    </StaticTiles>
  </TransInfo>
  <TransInfo Description="Lava-Dungeon Cave Without Static-Small Dirt" HashKey="080D0D4A4A4A4A4A4A">
    <MapTiles>
      <MapTile TileID="581" AltIDMod="0" />
      <MapTile TileID="582" AltIDMod="0" />
      <MapTile TileID="583" AltIDMod="0" />
      <MapTile TileID="584" AltIDMod="0" />
      <MapTile TileID="585" AltIDMod="0" />
    </MapTiles>
    <StaticTiles>
      <StaticTile TileID="12972" AltIDMod="0" />
    </StaticTiles>
  </TransInfo>
  <TransInfo Description="Lava-Dungeon Cave Without Static-Small Dirt" HashKey="0D0D0D0D0D0D08084A">
    <MapTiles>
      <MapTile TileID="500" AltIDMod="0" />
      <MapTile TileID="501" AltIDMod="0" />
      <MapTile TileID="502" AltIDMod="0" />
      <MapTile TileID="503" AltIDMod="0" />
    </MapTiles>
    <StaticTiles>
      <StaticTile TileID="12940" AltIDMod="0" />
      <StaticTile TileID="12941" AltIDMod="0" />
    </StaticTiles>
  </TransInfo>
  <TransInfo Description="Lava-Dungeon Cave Without Static-Small Dirt" HashKey="4A08084A08084A0D0D">
    <MapTiles>
      <MapTile TileID="477" AltIDMod="0" />
    </MapTiles>
    <StaticTiles>
      <StaticTile TileID="12974" AltIDMod="0" />
      <StaticTile TileID="12975" AltIDMod="0" />
    </StaticTiles>
  </TransInfo>
  <TransInfo Description="Lava-Dungeon Cave Without Static-Small Dirt" HashKey="084A4A084A4A0D0D0D">
    <MapTiles>
      <MapTile TileID="581" AltIDMod="0" />
      <MapTile TileID="582" AltIDMod="0" />
      <MapTile TileID="583" AltIDMod="0" />
      <MapTile TileID="584" AltIDMod="0" />
      <MapTile TileID="585" AltIDMod="0" />
    </MapTiles>
    <StaticTiles>
      <StaticTile TileID="12974" AltIDMod="0" />
      <StaticTile TileID="12975" AltIDMod="0" />
    </StaticTiles>
  </TransInfo>
  <TransInfo Description="Lava-Dungeon Cave Without Static-Small Dirt" HashKey="084A4A0D0D0D0D0D0D">
    <MapTiles>
      <MapTile TileID="500" AltIDMod="0" />
      <MapTile TileID="501" AltIDMod="0" />
      <MapTile TileID="502" AltIDMod="0" />
      <MapTile TileID="503" AltIDMod="0" />
    </MapTiles>
    <StaticTiles>
      <StaticTile TileID="12943" AltIDMod="0" />
    </StaticTiles>
  </TransInfo>
  <TransInfo Description="Lava-Dungeon Cave Without Static-Small Dirt" HashKey="4A0D0D080808080808">
    <MapTiles>
      <MapTile TileID="484" AltIDMod="0" />
    </MapTiles>
    <StaticTiles>
      <StaticTile TileID="12972" AltIDMod="0" />
    </StaticTiles>
  </TransInfo>
  <TransInfo Description="Lava-Dungeon Cave Without Static-Small Dirt" HashKey="0D0D4A0D0D080D0D08">
    <MapTiles>
      <MapTile TileID="500" AltIDMod="0" />
      <MapTile TileID="501" AltIDMod="0" />
      <MapTile TileID="502" AltIDMod="0" />
      <MapTile TileID="503" AltIDMod="0" />
    </MapTiles>
    <StaticTiles>
      <StaticTile TileID="12946" AltIDMod="0" />
    </StaticTiles>
  </TransInfo>
  <TransInfo Description="Lava-Dungeon Cave Without Static-Small Dirt" HashKey="08080D4A4A0D4A4A0D">
    <MapTiles>
      <MapTile TileID="581" AltIDMod="0" />
      <MapTile TileID="582" AltIDMod="0" />
      <MapTile TileID="583" AltIDMod="0" />
      <MapTile TileID="584" AltIDMod="0" />
      <MapTile TileID="585" AltIDMod="0" />
    </MapTiles>
    <StaticTiles>
      <StaticTile TileID="12970" AltIDMod="0" />
      <StaticTile TileID="12971" AltIDMod="0" />
    </StaticTiles>
  </TransInfo>
  <TransInfo Description="Lava-Dungeon Cave Without Static-Small Dirt" HashKey="08084A08084A08080D">
    <MapTiles>
      <MapTile TileID="478" AltIDMod="0" />
    </MapTiles>
    <StaticTiles>
      <StaticTile TileID="12968" AltIDMod="0" />
    </StaticTiles>
  </TransInfo>
  <TransInfo Description="Lava-Dungeon Cave Without Static-Small Dirt" HashKey="0808080808084A0D0D">
    <MapTiles>
      <MapTile TileID="487" AltIDMod="0" />
    </MapTiles>
    <StaticTiles>
      <StaticTile TileID="12974" AltIDMod="0" />
      <StaticTile TileID="12975" AltIDMod="0" />
    </StaticTiles>
  </TransInfo>
  <TransInfo Description="Lava-Dungeon Cave Without Static-Small Dirt" HashKey="0D0D4A08084A08084A">
    <MapTiles>
      <MapTile TileID="478" AltIDMod="0" />
    </MapTiles>
    <StaticTiles>
      <StaticTile TileID="12972" AltIDMod="0" />
    </StaticTiles>
  </TransInfo>
  <TransInfo Description="Lava-Dungeon Cave Without Static-Small Dirt" HashKey="08080D4A4A4A4A4A4A">
    <MapTiles>
      <MapTile TileID="581" AltIDMod="0" />
      <MapTile TileID="582" AltIDMod="0" />
      <MapTile TileID="583" AltIDMod="0" />
      <MapTile TileID="584" AltIDMod="0" />
      <MapTile TileID="585" AltIDMod="0" />
    </MapTiles>
    <StaticTiles>
      <StaticTile TileID="12966" AltIDMod="0" />
    </StaticTiles>
  </TransInfo>
  <TransInfo Description="Lava-Dungeon Cave Without Static-Small Dirt" HashKey="4A4A084A4A080D0D0D">
    <MapTiles>
      <MapTile TileID="581" AltIDMod="0" />
      <MapTile TileID="582" AltIDMod="0" />
      <MapTile TileID="583" AltIDMod="0" />
      <MapTile TileID="584" AltIDMod="0" />
      <MapTile TileID="585" AltIDMod="0" />
    </MapTiles>
    <StaticTiles>
      <StaticTile TileID="12974" AltIDMod="0" />
      <StaticTile TileID="12975" AltIDMod="0" />
    </StaticTiles>
  </TransInfo>
  <TransInfo Description="Lava-Dungeon Cave Without Static-Small Dirt" HashKey="0808080808084A4A0D">
    <MapTiles>
      <MapTile TileID="476" AltIDMod="0" />
    </MapTiles>
    <StaticTiles>
      <StaticTile TileID="12968" AltIDMod="0" />
    </StaticTiles>
  </TransInfo>
  <TransInfo Description="Lava-Dungeon Cave Without Static-Small Dirt" HashKey="08080D08084A08084A">
    <MapTiles>
      <MapTile TileID="478" AltIDMod="0" />
    </MapTiles>
    <StaticTiles>
      <StaticTile TileID="12966" AltIDMod="0" />
    </StaticTiles>
  </TransInfo>
  <TransInfo Description="Lava-Dungeon Cave Without Static-Small Dirt" HashKey="4A4A084A4A084A4A0D">
    <MapTiles>
      <MapTile TileID="581" AltIDMod="0" />
      <MapTile TileID="582" AltIDMod="0" />
      <MapTile TileID="583" AltIDMod="0" />
      <MapTile TileID="584" AltIDMod="0" />
      <MapTile TileID="585" AltIDMod="0" />
    </MapTiles>
    <StaticTiles>
      <StaticTile TileID="12968" AltIDMod="0" />
    </StaticTiles>
  </TransInfo>
  <TransInfo Description="Lava-Dungeon Cave Without Static-Small Dirt" HashKey="4A0D0D4A0D0D4A0808">
    <MapTiles>
      <MapTile TileID="500" AltIDMod="0" />
      <MapTile TileID="501" AltIDMod="0" />
      <MapTile TileID="502" AltIDMod="0" />
      <MapTile TileID="503" AltIDMod="0" />
    </MapTiles>
    <StaticTiles>
      <StaticTile TileID="12955" AltIDMod="0" />
    </StaticTiles>
  </TransInfo>
  <TransInfo Description="Lava-Dungeon Cave Without Static-Small Dirt" HashKey="4A4A080D0D080D0D08">
    <MapTiles>
      <MapTile TileID="500" AltIDMod="0" />
      <MapTile TileID="501" AltIDMod="0" />
      <MapTile TileID="502" AltIDMod="0" />
      <MapTile TileID="503" AltIDMod="0" />
    </MapTiles>
    <StaticTiles>
      <StaticTile TileID="12954" AltIDMod="0" />
    </StaticTiles>
  </TransInfo>
  <TransInfo Description="Lava-Dungeon Cave Without Static-Small Dirt" HashKey="08080D08080D4A4A4A">
    <MapTiles>
      <MapTile TileID="476" AltIDMod="0" />
    </MapTiles>
    <StaticTiles>
      <StaticTile TileID="12970" AltIDMod="0" />
    </StaticTiles>
  </TransInfo>
  <TransInfo Description="Lava-Dungeon Cave Without Static-Small Dirt" HashKey="084A4A084A4A080D0D">
    <MapTiles>
      <MapTile TileID="581" AltIDMod="0" />
      <MapTile TileID="582" AltIDMod="0" />
      <MapTile TileID="583" AltIDMod="0" />
      <MapTile TileID="584" AltIDMod="0" />
      <MapTile TileID="585" AltIDMod="0" />
    </MapTiles>
    <StaticTiles>
      <StaticTile TileID="12974" AltIDMod="0" />
      <StaticTile TileID="12975" AltIDMod="0" />
    </StaticTiles>
  </TransInfo>
  <TransInfo Description="Lava-Dungeon Cave Without Static-Small Dirt" HashKey="4A4A0D080808080808">
    <MapTiles>
      <MapTile TileID="479" AltIDMod="0" />
    </MapTiles>
    <StaticTiles>
      <StaticTile TileID="12966" AltIDMod="0" />
    </StaticTiles>
  </TransInfo>
  <TransInfo Description="Lava-Dungeon Cave Without Static-Small Dirt" HashKey="080D0D4A0D0D4A0D0D">
    <MapTiles>
      <MapTile TileID="500" AltIDMod="0" />
      <MapTile TileID="501" AltIDMod="0" />
      <MapTile TileID="502" AltIDMod="0" />
      <MapTile TileID="503" AltIDMod="0" />
    </MapTiles>
    <StaticTiles>
      <StaticTile TileID="12944" AltIDMod="0" />
      <StaticTile TileID="12945" AltIDMod="0" />
    </StaticTiles>
  </TransInfo>
  <TransInfo Description="Lava-Dungeon Cave Without Static-Small Dirt" HashKey="0D0D4A0D0D4A0D0D08">
    <MapTiles>
      <MapTile TileID="500" AltIDMod="0" />
      <MapTile TileID="501" AltIDMod="0" />
      <MapTile TileID="502" AltIDMod="0" />
      <MapTile TileID="503" AltIDMod="0" />
    </MapTiles>
    <StaticTiles>
      <StaticTile TileID="12946" AltIDMod="0" />
    </StaticTiles>
  </TransInfo>
  <TransInfo Description="Lava-Dungeon Cave Without Static-Small Dirt" HashKey="4A0D0D080D0D080D0D">
    <MapTiles>
      <MapTile TileID="500" AltIDMod="0" />
      <MapTile TileID="501" AltIDMod="0" />
      <MapTile TileID="502" AltIDMod="0" />
      <MapTile TileID="503" AltIDMod="0" />
    </MapTiles>
    <StaticTiles>
      <StaticTile TileID="12944" AltIDMod="0" />
      <StaticTile TileID="12945" AltIDMod="0" />
    </StaticTiles>
  </TransInfo>
</Trans>