﻿<?xml version="1.0" encoding="utf-8"?>
<Trans>
  <TransInfo Description="Lava-Rock-Dungeon Cave Without Static" HashKey="124A4A0D0D0D0D0D0D">
    <MapTiles>
      <MapTile TileID="500" AltIDMod="0" />
      <MapTile TileID="501" AltIDMod="0" />
      <MapTile TileID="502" AltIDMod="0" />
      <MapTile TileID="503" AltIDMod="0" />
    </MapTiles>
    <StaticTiles>
      <StaticTile TileID="12943" AltIDMod="0" />
    </StaticTiles>
  </TransInfo>
  <TransInfo Description="Lava-Rock-Dungeon Cave Without Static" HashKey="120D0D120D0D124A4A">
    <MapTiles>
      <MapTile TileID="500" AltIDMod="0" />
      <MapTile TileID="501" AltIDMod="0" />
      <MapTile TileID="502" AltIDMod="0" />
      <MapTile TileID="503" AltIDMod="0" />
    </MapTiles>
    <StaticTiles>
      <StaticTile TileID="12955" AltIDMod="0" />
    </StaticTiles>
  </TransInfo>
  <TransInfo Description="Lava-Rock-Dungeon Cave Without Static" HashKey="0D12124A4A4A4A4A4A">
    <MapTiles>
      <MapTile TileID="581" AltIDMod="0" />
      <MapTile TileID="582" AltIDMod="0" />
      <MapTile TileID="583" AltIDMod="0" />
      <MapTile TileID="584" AltIDMod="0" />
      <MapTile TileID="585" AltIDMod="0" />
    </MapTiles>
    <StaticTiles>
      <StaticTile TileID="12967" AltIDMod="0" />
    </StaticTiles>
  </TransInfo>
  <TransInfo Description="Lava-Rock-Dungeon Cave Without Static" HashKey="4A12120D0D0D0D0D0D">
    <MapTiles>
      <MapTile TileID="500" AltIDMod="0" />
      <MapTile TileID="501" AltIDMod="0" />
      <MapTile TileID="502" AltIDMod="0" />
      <MapTile TileID="503" AltIDMod="0" />
    </MapTiles>
    <StaticTiles>
      <StaticTile TileID="12943" AltIDMod="0" />
    </StaticTiles>
  </TransInfo>
  <TransInfo Description="Lava-Rock-Dungeon Cave Without Static" HashKey="4A4A4A0D0D120D0D12">
    <MapTiles>
      <MapTile TileID="500" AltIDMod="0" />
      <MapTile TileID="501" AltIDMod="0" />
      <MapTile TileID="502" AltIDMod="0" />
      <MapTile TileID="503" AltIDMod="0" />
    </MapTiles>
    <StaticTiles>
      <StaticTile TileID="12954" AltIDMod="0" />
    </StaticTiles>
  </TransInfo>
  <TransInfo Description="Lava-Rock-Dungeon Cave Without Static" HashKey="124A4A124A4A120D0D">
    <MapTiles>
      <MapTile TileID="581" AltIDMod="0" />
      <MapTile TileID="582" AltIDMod="0" />
      <MapTile TileID="583" AltIDMod="0" />
      <MapTile TileID="584" AltIDMod="0" />
      <MapTile TileID="585" AltIDMod="0" />
    </MapTiles>
    <StaticTiles>
      <StaticTile TileID="12974" AltIDMod="0" />
      <StaticTile TileID="12975" AltIDMod="0" />
    </StaticTiles>
  </TransInfo>
  <TransInfo Description="Lava-Rock-Dungeon Cave Without Static" HashKey="4A4A124A4A120D0D12">
    <MapTiles>
      <MapTile TileID="581" AltIDMod="0" />
      <MapTile TileID="582" AltIDMod="0" />
      <MapTile TileID="583" AltIDMod="0" />
      <MapTile TileID="584" AltIDMod="0" />
      <MapTile TileID="585" AltIDMod="0" />
    </MapTiles>
    <StaticTiles>
      <StaticTile TileID="12974" AltIDMod="0" />
      <StaticTile TileID="12975" AltIDMod="0" />
    </StaticTiles>
  </TransInfo>
  <TransInfo Description="Lava-Rock-Dungeon Cave Without Static" HashKey="120D0D120D0D4A4A4A">
    <MapTiles>
      <MapTile TileID="500" AltIDMod="0" />
      <MapTile TileID="501" AltIDMod="0" />
      <MapTile TileID="502" AltIDMod="0" />
      <MapTile TileID="503" AltIDMod="0" />
    </MapTiles>
    <StaticTiles>
      <StaticTile TileID="12955" AltIDMod="0" />
    </StaticTiles>
  </TransInfo>
  <TransInfo Description="Lava-Rock-Dungeon Cave Without Static" HashKey="0D4A4A0D4A4A124A4A">
    <MapTiles>
      <MapTile TileID="581" AltIDMod="0" />
      <MapTile TileID="582" AltIDMod="0" />
      <MapTile TileID="583" AltIDMod="0" />
      <MapTile TileID="584" AltIDMod="0" />
      <MapTile TileID="585" AltIDMod="0" />
    </MapTiles>
    <StaticTiles>
      <StaticTile TileID="12976" AltIDMod="0" />
      <StaticTile TileID="12977" AltIDMod="0" />
    </StaticTiles>
  </TransInfo>
  <TransInfo Description="Lava-Rock-Dungeon Cave Without Static" HashKey="4A4A0D4A4A0D4A4A12">
    <MapTiles>
      <MapTile TileID="581" AltIDMod="0" />
      <MapTile TileID="582" AltIDMod="0" />
      <MapTile TileID="583" AltIDMod="0" />
      <MapTile TileID="584" AltIDMod="0" />
      <MapTile TileID="585" AltIDMod="0" />
    </MapTiles>
    <StaticTiles>
      <StaticTile TileID="12970" AltIDMod="0" />
    </StaticTiles>
  </TransInfo>
  <TransInfo Description="Lava-Rock-Dungeon Cave Without Static" HashKey="4A0D0D120D0D120D0D">
    <MapTiles>
      <MapTile TileID="500" AltIDMod="0" />
      <MapTile TileID="501" AltIDMod="0" />
      <MapTile TileID="502" AltIDMod="0" />
      <MapTile TileID="503" AltIDMod="0" />
    </MapTiles>
    <StaticTiles>
      <StaticTile TileID="12944" AltIDMod="0" />
      <StaticTile TileID="12945" AltIDMod="0" />
    </StaticTiles>
  </TransInfo>
  <TransInfo Description="Lava-Rock-Dungeon Cave Without Static" HashKey="0D0D120D0D124A4A12">
    <MapTiles>
      <MapTile TileID="500" AltIDMod="0" />
      <MapTile TileID="501" AltIDMod="0" />
      <MapTile TileID="502" AltIDMod="0" />
      <MapTile TileID="503" AltIDMod="0" />
    </MapTiles>
    <StaticTiles>
      <StaticTile TileID="12948" AltIDMod="0" />
    </StaticTiles>
  </TransInfo>
  <TransInfo Description="Lava-Rock-Dungeon Cave Without Static" HashKey="4A4A4A120D0D120D0D">
    <MapTiles>
      <MapTile TileID="500" AltIDMod="0" />
      <MapTile TileID="501" AltIDMod="0" />
      <MapTile TileID="502" AltIDMod="0" />
      <MapTile TileID="503" AltIDMod="0" />
    </MapTiles>
    <StaticTiles>
      <StaticTile TileID="12934" AltIDMod="0" />
    </StaticTiles>
  </TransInfo>
  <TransInfo Description="Lava-Rock-Dungeon Cave Without Static" HashKey="124A4A124A4A0D0D0D">
    <MapTiles>
      <MapTile TileID="581" AltIDMod="0" />
      <MapTile TileID="582" AltIDMod="0" />
      <MapTile TileID="583" AltIDMod="0" />
      <MapTile TileID="584" AltIDMod="0" />
      <MapTile TileID="585" AltIDMod="0" />
    </MapTiles>
    <StaticTiles>
      <StaticTile TileID="12974" AltIDMod="0" />
      <StaticTile TileID="12975" AltIDMod="0" />
    </StaticTiles>
  </TransInfo>
  <TransInfo Description="Lava-Rock-Dungeon Cave Without Static" HashKey="4A4A0D4A4A124A4A12">
    <MapTiles>
      <MapTile TileID="581" AltIDMod="0" />
      <MapTile TileID="582" AltIDMod="0" />
      <MapTile TileID="583" AltIDMod="0" />
      <MapTile TileID="584" AltIDMod="0" />
      <MapTile TileID="585" AltIDMod="0" />
    </MapTiles>
    <StaticTiles>
      <StaticTile TileID="12966" AltIDMod="0" />
    </StaticTiles>
  </TransInfo>
  <TransInfo Description="Lava-Rock-Dungeon Cave Without Static" HashKey="4A4A4A4A4A4A120D0D">
    <MapTiles>
      <MapTile TileID="581" AltIDMod="0" />
      <MapTile TileID="582" AltIDMod="0" />
      <MapTile TileID="583" AltIDMod="0" />
      <MapTile TileID="584" AltIDMod="0" />
      <MapTile TileID="585" AltIDMod="0" />
    </MapTiles>
    <StaticTiles>
      <StaticTile TileID="12974" AltIDMod="0" />
      <StaticTile TileID="12975" AltIDMod="0" />
    </StaticTiles>
  </TransInfo>
  <TransInfo Description="Lava-Rock-Dungeon Cave Without Static" HashKey="0D0D4A0D0D120D0D12">
    <MapTiles>
      <MapTile TileID="500" AltIDMod="0" />
      <MapTile TileID="501" AltIDMod="0" />
      <MapTile TileID="502" AltIDMod="0" />
      <MapTile TileID="503" AltIDMod="0" />
    </MapTiles>
    <StaticTiles>
      <StaticTile TileID="12946" AltIDMod="0" />
    </StaticTiles>
  </TransInfo>
  <TransInfo Description="Lava-Rock-Dungeon Cave Without Static" HashKey="4A4A124A4A0D4A4A0D">
    <MapTiles>
      <MapTile TileID="581" AltIDMod="0" />
      <MapTile TileID="582" AltIDMod="0" />
      <MapTile TileID="583" AltIDMod="0" />
      <MapTile TileID="584" AltIDMod="0" />
      <MapTile TileID="585" AltIDMod="0" />
    </MapTiles>
    <StaticTiles>
      <StaticTile TileID="12970" AltIDMod="0" />
      <StaticTile TileID="12971" AltIDMod="0" />
    </StaticTiles>
  </TransInfo>
  <TransInfo Description="Lava-Rock-Dungeon Cave Without Static" HashKey="4A12124A0D0D4A0D0D">
    <MapTiles>
      <MapTile TileID="500" AltIDMod="0" />
      <MapTile TileID="501" AltIDMod="0" />
      <MapTile TileID="502" AltIDMod="0" />
      <MapTile TileID="503" AltIDMod="0" />
    </MapTiles>
    <StaticTiles>
      <StaticTile TileID="12934" AltIDMod="0" />
    </StaticTiles>
  </TransInfo>
  <TransInfo Description="Lava-Rock-Dungeon Cave Without Static" HashKey="0D0D120D0D4A0D0D4A">
    <MapTiles>
      <MapTile TileID="500" AltIDMod="0" />
      <MapTile TileID="501" AltIDMod="0" />
      <MapTile TileID="502" AltIDMod="0" />
      <MapTile TileID="503" AltIDMod="0" />
    </MapTiles>
    <StaticTiles>
      <StaticTile TileID="12946" AltIDMod="0" />
    </StaticTiles>
  </TransInfo>
  <TransInfo Description="Lava-Rock-Dungeon Cave Without Static" HashKey="0D0D0D0D0D0D12124A">
    <MapTiles>
      <MapTile TileID="500" AltIDMod="0" />
      <MapTile TileID="501" AltIDMod="0" />
      <MapTile TileID="502" AltIDMod="0" />
      <MapTile TileID="503" AltIDMod="0" />
    </MapTiles>
    <StaticTiles>
      <StaticTile TileID="12941" AltIDMod="0" />
    </StaticTiles>
  </TransInfo>
  <TransInfo Description="Lava-Rock-Dungeon Cave Without Static" HashKey="0D0D4A0D0D4A121212">
    <MapTiles>
      <MapTile TileID="500" AltIDMod="0" />
      <MapTile TileID="501" AltIDMod="0" />
      <MapTile TileID="502" AltIDMod="0" />
      <MapTile TileID="503" AltIDMod="0" />
    </MapTiles>
    <StaticTiles>
      <StaticTile TileID="12948" AltIDMod="0" />
    </StaticTiles>
  </TransInfo>
  <TransInfo Description="Lava-Rock-Dungeon Cave Without Static" HashKey="0D0D120D0D120D0D4A">
    <MapTiles>
      <MapTile TileID="500" AltIDMod="0" />
      <MapTile TileID="501" AltIDMod="0" />
      <MapTile TileID="502" AltIDMod="0" />
      <MapTile TileID="503" AltIDMod="0" />
    </MapTiles>
    <StaticTiles>
      <StaticTile TileID="12946" AltIDMod="0" />
    </StaticTiles>
  </TransInfo>
  <TransInfo Description="Lava-Rock-Dungeon Cave Without Static" HashKey="1212120D4A4A0D4A4A">
    <MapTiles>
      <MapTile TileID="581" AltIDMod="0" />
      <MapTile TileID="582" AltIDMod="0" />
      <MapTile TileID="583" AltIDMod="0" />
      <MapTile TileID="584" AltIDMod="0" />
      <MapTile TileID="585" AltIDMod="0" />
    </MapTiles>
    <StaticTiles>
      <StaticTile TileID="12977" AltIDMod="0" />
    </StaticTiles>
  </TransInfo>
  <TransInfo Description="Lava-Rock-Dungeon Cave Without Static" HashKey="0D0D120D0D124A4A4A">
    <MapTiles>
      <MapTile TileID="500" AltIDMod="0" />
      <MapTile TileID="501" AltIDMod="0" />
      <MapTile TileID="502" AltIDMod="0" />
      <MapTile TileID="503" AltIDMod="0" />
    </MapTiles>
    <StaticTiles>
      <StaticTile TileID="12948" AltIDMod="0" />
    </StaticTiles>
  </TransInfo>
  <TransInfo Description="Lava-Rock-Dungeon Cave Without Static" HashKey="0D0D0D0D0D0D4A4A12">
    <MapTiles>
      <MapTile TileID="500" AltIDMod="0" />
      <MapTile TileID="501" AltIDMod="0" />
      <MapTile TileID="502" AltIDMod="0" />
      <MapTile TileID="503" AltIDMod="0" />
    </MapTiles>
    <StaticTiles>
      <StaticTile TileID="12941" AltIDMod="0" />
    </StaticTiles>
  </TransInfo>
  <TransInfo Description="Lava-Rock-Dungeon Cave Without Static" HashKey="4A4A0D4A4A0D12120D">
    <MapTiles>
      <MapTile TileID="581" AltIDMod="0" />
      <MapTile TileID="582" AltIDMod="0" />
      <MapTile TileID="583" AltIDMod="0" />
      <MapTile TileID="584" AltIDMod="0" />
      <MapTile TileID="585" AltIDMod="0" />
    </MapTiles>
    <StaticTiles>
      <StaticTile TileID="12970" AltIDMod="0" />
      <StaticTile TileID="12971" AltIDMod="0" />
    </StaticTiles>
  </TransInfo>
  <TransInfo Description="Lava-Rock-Dungeon Cave Without Static" HashKey="124A4A120D0D120D0D">
    <MapTiles>
      <MapTile TileID="500" AltIDMod="0" />
      <MapTile TileID="501" AltIDMod="0" />
      <MapTile TileID="502" AltIDMod="0" />
      <MapTile TileID="503" AltIDMod="0" />
    </MapTiles>
    <StaticTiles>
      <StaticTile TileID="12934" AltIDMod="0" />
    </StaticTiles>
  </TransInfo>
  <TransInfo Description="Lava-Rock-Dungeon Cave Without Static" HashKey="12120D4A4A0D4A4A0D">
    <MapTiles>
      <MapTile TileID="581" AltIDMod="0" />
      <MapTile TileID="582" AltIDMod="0" />
      <MapTile TileID="583" AltIDMod="0" />
      <MapTile TileID="584" AltIDMod="0" />
      <MapTile TileID="585" AltIDMod="0" />
    </MapTiles>
    <StaticTiles>
      <StaticTile TileID="12970" AltIDMod="0" />
      <StaticTile TileID="12971" AltIDMod="0" />
    </StaticTiles>
  </TransInfo>
  <TransInfo Description="Lava-Rock-Dungeon Cave Without Static" HashKey="4A0D0D4A0D0D4A1212">
    <MapTiles>
      <MapTile TileID="500" AltIDMod="0" />
      <MapTile TileID="501" AltIDMod="0" />
      <MapTile TileID="502" AltIDMod="0" />
      <MapTile TileID="503" AltIDMod="0" />
    </MapTiles>
    <StaticTiles>
      <StaticTile TileID="12955" AltIDMod="0" />
    </StaticTiles>
  </TransInfo>
  <TransInfo Description="Lava-Rock-Dungeon Cave Without Static" HashKey="4A4A120D0D0D0D0D0D">
    <MapTiles>
      <MapTile TileID="500" AltIDMod="0" />
      <MapTile TileID="501" AltIDMod="0" />
      <MapTile TileID="502" AltIDMod="0" />
      <MapTile TileID="503" AltIDMod="0" />
    </MapTiles>
    <StaticTiles>
      <StaticTile TileID="12943" AltIDMod="0" />
    </StaticTiles>
  </TransInfo>
  <TransInfo Description="Lava-Rock-Dungeon Cave Without Static" HashKey="120D0D120D0D4A0D0D">
    <MapTiles>
      <MapTile TileID="500" AltIDMod="0" />
      <MapTile TileID="501" AltIDMod="0" />
      <MapTile TileID="502" AltIDMod="0" />
      <MapTile TileID="503" AltIDMod="0" />
    </MapTiles>
    <StaticTiles>
      <StaticTile TileID="12944" AltIDMod="0" />
      <StaticTile TileID="12945" AltIDMod="0" />
    </StaticTiles>
  </TransInfo>
  <TransInfo Description="Lava-Rock-Dungeon Cave Without Static" HashKey="0D4A4A124A4A124A4A">
    <MapTiles>
      <MapTile TileID="581" AltIDMod="0" />
      <MapTile TileID="582" AltIDMod="0" />
      <MapTile TileID="583" AltIDMod="0" />
      <MapTile TileID="584" AltIDMod="0" />
      <MapTile TileID="585" AltIDMod="0" />
    </MapTiles>
    <StaticTiles>
      <StaticTile TileID="12967" AltIDMod="0" />
    </StaticTiles>
  </TransInfo>
  <TransInfo Description="Lava-Rock-Dungeon Cave Without Static" HashKey="0D0D0D0D0D0D124A4A">
    <MapTiles>
      <MapTile TileID="500" AltIDMod="0" />
      <MapTile TileID="501" AltIDMod="0" />
      <MapTile TileID="502" AltIDMod="0" />
      <MapTile TileID="503" AltIDMod="0" />
    </MapTiles>
    <StaticTiles>
      <StaticTile TileID="12941" AltIDMod="0" />
    </StaticTiles>
  </TransInfo>
  <TransInfo Description="Lava-Rock-Dungeon Cave Without Static" HashKey="0D0D4A0D0D4A12124A">
    <MapTiles>
      <MapTile TileID="500" AltIDMod="0" />
      <MapTile TileID="501" AltIDMod="0" />
      <MapTile TileID="502" AltIDMod="0" />
      <MapTile TileID="503" AltIDMod="0" />
    </MapTiles>
    <StaticTiles>
      <StaticTile TileID="12948" AltIDMod="0" />
    </StaticTiles>
  </TransInfo>
  <TransInfo Description="Lava-Rock-Dungeon Cave Without Static" HashKey="4A4A4A4A4A4A0D1212">
    <MapTiles>
      <MapTile TileID="581" AltIDMod="0" />
      <MapTile TileID="582" AltIDMod="0" />
      <MapTile TileID="583" AltIDMod="0" />
      <MapTile TileID="584" AltIDMod="0" />
      <MapTile TileID="585" AltIDMod="0" />
    </MapTiles>
    <StaticTiles>
      <StaticTile TileID="12969" AltIDMod="0" />
    </StaticTiles>
  </TransInfo>
  <TransInfo Description="Lava-Rock-Dungeon Cave Without Static" HashKey="0D0D0D124A4A124A4A">
    <MapTiles>
      <MapTile TileID="581" AltIDMod="0" />
      <MapTile TileID="582" AltIDMod="0" />
      <MapTile TileID="583" AltIDMod="0" />
      <MapTile TileID="584" AltIDMod="0" />
      <MapTile TileID="585" AltIDMod="0" />
    </MapTiles>
    <StaticTiles>
      <StaticTile TileID="12972" AltIDMod="0" />
      <StaticTile TileID="12973" AltIDMod="0" />
    </StaticTiles>
  </TransInfo>
  <TransInfo Description="Lava-Rock-Dungeon Cave Without Static" HashKey="4A0D0D4A0D0D120D0D">
    <MapTiles>
      <MapTile TileID="500" AltIDMod="0" />
      <MapTile TileID="501" AltIDMod="0" />
      <MapTile TileID="502" AltIDMod="0" />
      <MapTile TileID="503" AltIDMod="0" />
    </MapTiles>
    <StaticTiles>
      <StaticTile TileID="12944" AltIDMod="0" />
      <StaticTile TileID="12945" AltIDMod="0" />
    </StaticTiles>
  </TransInfo>
  <TransInfo Description="Lava-Rock-Dungeon Cave Without Static" HashKey="4A0D0D4A0D0D121212">
    <MapTiles>
      <MapTile TileID="500" AltIDMod="0" />
      <MapTile TileID="501" AltIDMod="0" />
      <MapTile TileID="502" AltIDMod="0" />
      <MapTile TileID="503" AltIDMod="0" />
    </MapTiles>
    <StaticTiles>
      <StaticTile TileID="12955" AltIDMod="0" />
    </StaticTiles>
  </TransInfo>
  <TransInfo Description="Lava-Rock-Dungeon Cave Without Static" HashKey="120D0D124A4A124A4A">
    <MapTiles>
      <MapTile TileID="581" AltIDMod="0" />
      <MapTile TileID="582" AltIDMod="0" />
      <MapTile TileID="583" AltIDMod="0" />
      <MapTile TileID="584" AltIDMod="0" />
      <MapTile TileID="585" AltIDMod="0" />
    </MapTiles>
    <StaticTiles>
      <StaticTile TileID="12972" AltIDMod="0" />
    </StaticTiles>
  </TransInfo>
  <TransInfo Description="Lava-Rock-Dungeon Cave Without Static" HashKey="4A4A120D0D120D0D12">
    <MapTiles>
      <MapTile TileID="500" AltIDMod="0" />
      <MapTile TileID="501" AltIDMod="0" />
      <MapTile TileID="502" AltIDMod="0" />
      <MapTile TileID="503" AltIDMod="0" />
    </MapTiles>
    <StaticTiles>
      <StaticTile TileID="12954" AltIDMod="0" />
    </StaticTiles>
  </TransInfo>
  <TransInfo Description="Lava-Rock-Dungeon Cave Without Static" HashKey="4A4A4A4A4A4A0D0D12">
    <MapTiles>
      <MapTile TileID="581" AltIDMod="0" />
      <MapTile TileID="582" AltIDMod="0" />
      <MapTile TileID="583" AltIDMod="0" />
      <MapTile TileID="584" AltIDMod="0" />
      <MapTile TileID="585" AltIDMod="0" />
    </MapTiles>
    <StaticTiles>
      <StaticTile TileID="12974" AltIDMod="0" />
      <StaticTile TileID="12975" AltIDMod="0" />
    </StaticTiles>
  </TransInfo>
  <TransInfo Description="Lava-Rock-Dungeon Cave Without Static" HashKey="124A4A124A4A0D4A4A">
    <MapTiles>
      <MapTile TileID="581" AltIDMod="0" />
      <MapTile TileID="582" AltIDMod="0" />
      <MapTile TileID="583" AltIDMod="0" />
      <MapTile TileID="584" AltIDMod="0" />
      <MapTile TileID="585" AltIDMod="0" />
    </MapTiles>
    <StaticTiles>
      <StaticTile TileID="12969" AltIDMod="0" />
    </StaticTiles>
  </TransInfo>
  <TransInfo Description="Lava-Rock-Dungeon Cave Without Static" HashKey="0D4A4A0D4A4A121212">
    <MapTiles>
      <MapTile TileID="581" AltIDMod="0" />
      <MapTile TileID="582" AltIDMod="0" />
      <MapTile TileID="583" AltIDMod="0" />
      <MapTile TileID="584" AltIDMod="0" />
      <MapTile TileID="585" AltIDMod="0" />
    </MapTiles>
    <StaticTiles>
      <StaticTile TileID="12976" AltIDMod="0" />
      <StaticTile TileID="12977" AltIDMod="0" />
    </StaticTiles>
  </TransInfo>
  <TransInfo Description="Lava-Rock-Dungeon Cave Without Static" HashKey="0D0D124A4A124A4A12">
    <MapTiles>
      <MapTile TileID="581" AltIDMod="0" />
      <MapTile TileID="582" AltIDMod="0" />
      <MapTile TileID="583" AltIDMod="0" />
      <MapTile TileID="584" AltIDMod="0" />
      <MapTile TileID="585" AltIDMod="0" />
    </MapTiles>
    <StaticTiles>
      <StaticTile TileID="12972" AltIDMod="0" />
      <StaticTile TileID="12973" AltIDMod="0" />
    </StaticTiles>
  </TransInfo>
  <TransInfo Description="Lava-Rock-Dungeon Cave Without Static" HashKey="1212120D0D4A0D0D4A">
    <MapTiles>
      <MapTile TileID="500" AltIDMod="0" />
      <MapTile TileID="501" AltIDMod="0" />
      <MapTile TileID="502" AltIDMod="0" />
      <MapTile TileID="503" AltIDMod="0" />
    </MapTiles>
    <StaticTiles>
      <StaticTile TileID="12954" AltIDMod="0" />
    </StaticTiles>
  </TransInfo>
  <TransInfo Description="Lava-Rock-Dungeon Cave Without Static" HashKey="120D0D4A4A4A4A4A4A">
    <MapTiles>
      <MapTile TileID="581" AltIDMod="0" />
      <MapTile TileID="582" AltIDMod="0" />
      <MapTile TileID="583" AltIDMod="0" />
      <MapTile TileID="584" AltIDMod="0" />
      <MapTile TileID="585" AltIDMod="0" />
    </MapTiles>
    <StaticTiles>
      <StaticTile TileID="12972" AltIDMod="0" />
    </StaticTiles>
  </TransInfo>
  <TransInfo Description="Lava-Rock-Dungeon Cave Without Static" HashKey="0D0D4A0D0D4A0D0D12">
    <MapTiles>
      <MapTile TileID="500" AltIDMod="0" />
      <MapTile TileID="501" AltIDMod="0" />
      <MapTile TileID="502" AltIDMod="0" />
      <MapTile TileID="503" AltIDMod="0" />
    </MapTiles>
    <StaticTiles>
      <StaticTile TileID="12946" AltIDMod="0" />
    </StaticTiles>
  </TransInfo>
  <TransInfo Description="Lava-Rock-Dungeon Cave Without Static" HashKey="120D0D4A0D0D4A0D0D">
    <MapTiles>
      <MapTile TileID="500" AltIDMod="0" />
      <MapTile TileID="501" AltIDMod="0" />
      <MapTile TileID="502" AltIDMod="0" />
      <MapTile TileID="503" AltIDMod="0" />
    </MapTiles>
    <StaticTiles>
      <StaticTile TileID="12944" AltIDMod="0" />
      <StaticTile TileID="12945" AltIDMod="0" />
    </StaticTiles>
  </TransInfo>
  <TransInfo Description="Lava-Rock-Dungeon Cave Without Static" HashKey="0D12120D4A4A0D4A4A">
    <MapTiles>
      <MapTile TileID="581" AltIDMod="0" />
      <MapTile TileID="582" AltIDMod="0" />
      <MapTile TileID="583" AltIDMod="0" />
      <MapTile TileID="584" AltIDMod="0" />
      <MapTile TileID="585" AltIDMod="0" />
    </MapTiles>
    <StaticTiles>
      <StaticTile TileID="12976" AltIDMod="0" />
      <StaticTile TileID="12977" AltIDMod="0" />
    </StaticTiles>
  </TransInfo>
  <TransInfo Description="Lava-Rock-Dungeon Cave Without Static" HashKey="12124A0D0D4A0D0D4A">
    <MapTiles>
      <MapTile TileID="500" AltIDMod="0" />
      <MapTile TileID="501" AltIDMod="0" />
      <MapTile TileID="502" AltIDMod="0" />
      <MapTile TileID="503" AltIDMod="0" />
    </MapTiles>
    <StaticTiles>
      <StaticTile TileID="12954" AltIDMod="0" />
    </StaticTiles>
  </TransInfo>
  <TransInfo Description="Lava-Rock-Dungeon Cave Without Static" HashKey="4A4A124A4A120D0D0D">
    <MapTiles>
      <MapTile TileID="581" AltIDMod="0" />
      <MapTile TileID="582" AltIDMod="0" />
      <MapTile TileID="583" AltIDMod="0" />
      <MapTile TileID="584" AltIDMod="0" />
      <MapTile TileID="585" AltIDMod="0" />
    </MapTiles>
    <StaticTiles>
      <StaticTile TileID="12974" AltIDMod="0" />
      <StaticTile TileID="12975" AltIDMod="0" />
    </StaticTiles>
  </TransInfo>
  <TransInfo Description="Lava-Rock-Dungeon Cave Without Static" HashKey="4A4A124A4A124A4A0D">
    <MapTiles>
      <MapTile TileID="581" AltIDMod="0" />
      <MapTile TileID="582" AltIDMod="0" />
      <MapTile TileID="583" AltIDMod="0" />
      <MapTile TileID="584" AltIDMod="0" />
      <MapTile TileID="585" AltIDMod="0" />
    </MapTiles>
    <StaticTiles>
      <StaticTile TileID="12968" AltIDMod="0" />
    </StaticTiles>
  </TransInfo>
  <TransInfo Description="Lava-Rock-Dungeon Cave Without Static" HashKey="4A4A0D4A4A0D121212">
    <MapTiles>
      <MapTile TileID="581" AltIDMod="0" />
      <MapTile TileID="582" AltIDMod="0" />
      <MapTile TileID="583" AltIDMod="0" />
      <MapTile TileID="584" AltIDMod="0" />
      <MapTile TileID="585" AltIDMod="0" />
    </MapTiles>
    <StaticTiles>
      <StaticTile TileID="12970" AltIDMod="0" />
    </StaticTiles>
  </TransInfo>
  <TransInfo Description="Lava-Rock-Dungeon Cave Without Static" HashKey="12124A0D0D0D0D0D0D">
    <MapTiles>
      <MapTile TileID="500" AltIDMod="0" />
      <MapTile TileID="501" AltIDMod="0" />
      <MapTile TileID="502" AltIDMod="0" />
      <MapTile TileID="503" AltIDMod="0" />
    </MapTiles>
    <StaticTiles>
      <StaticTile TileID="12943" AltIDMod="0" />
    </StaticTiles>
  </TransInfo>
  <TransInfo Description="Lava-Rock-Dungeon Cave Without Static" HashKey="12120D4A4A4A4A4A4A">
    <MapTiles>
      <MapTile TileID="581" AltIDMod="0" />
      <MapTile TileID="582" AltIDMod="0" />
      <MapTile TileID="583" AltIDMod="0" />
      <MapTile TileID="584" AltIDMod="0" />
      <MapTile TileID="585" AltIDMod="0" />
    </MapTiles>
    <StaticTiles>
      <StaticTile TileID="12966" AltIDMod="0" />
    </StaticTiles>
  </TransInfo>
  <TransInfo Description="Lava-Rock-Dungeon Cave Without Static" HashKey="1212124A4A0D4A4A0D">
    <MapTiles>
      <MapTile TileID="581" AltIDMod="0" />
      <MapTile TileID="582" AltIDMod="0" />
      <MapTile TileID="583" AltIDMod="0" />
      <MapTile TileID="584" AltIDMod="0" />
      <MapTile TileID="585" AltIDMod="0" />
    </MapTiles>
    <StaticTiles>
      <StaticTile TileID="12970" AltIDMod="0" />
      <StaticTile TileID="12971" AltIDMod="0" />
    </StaticTiles>
  </TransInfo>
  <TransInfo Description="Lava-Rock-Dungeon Cave Without Static" HashKey="0D0D0D0D0D0D4A1212">
    <MapTiles>
      <MapTile TileID="500" AltIDMod="0" />
      <MapTile TileID="501" AltIDMod="0" />
      <MapTile TileID="502" AltIDMod="0" />
      <MapTile TileID="503" AltIDMod="0" />
    </MapTiles>
    <StaticTiles>
      <StaticTile TileID="12941" AltIDMod="0" />
    </StaticTiles>
  </TransInfo>
  <TransInfo Description="Lava-Rock-Dungeon Cave Without Static" HashKey="0D4A4A0D4A4A0D1212">
    <MapTiles>
      <MapTile TileID="581" AltIDMod="0" />
      <MapTile TileID="582" AltIDMod="0" />
      <MapTile TileID="583" AltIDMod="0" />
      <MapTile TileID="584" AltIDMod="0" />
      <MapTile TileID="585" AltIDMod="0" />
    </MapTiles>
    <StaticTiles>
      <StaticTile TileID="12976" AltIDMod="0" />
      <StaticTile TileID="12977" AltIDMod="0" />
    </StaticTiles>
  </TransInfo>
  <TransInfo Description="Lava-Rock-Dungeon Cave Without Static" HashKey="1212124A0D0D4A0D0D">
    <MapTiles>
      <MapTile TileID="500" AltIDMod="0" />
      <MapTile TileID="501" AltIDMod="0" />
      <MapTile TileID="502" AltIDMod="0" />
      <MapTile TileID="503" AltIDMod="0" />
    </MapTiles>
    <StaticTiles>
      <StaticTile TileID="12934" AltIDMod="0" />
    </StaticTiles>
  </TransInfo>
  <TransInfo Description="Lava-Rock-Dungeon Cave Without Static" HashKey="4A4A4A4A4A4A12120D">
    <MapTiles>
      <MapTile TileID="581" AltIDMod="0" />
      <MapTile TileID="582" AltIDMod="0" />
      <MapTile TileID="583" AltIDMod="0" />
      <MapTile TileID="584" AltIDMod="0" />
      <MapTile TileID="585" AltIDMod="0" />
    </MapTiles>
    <StaticTiles>
      <StaticTile TileID="12968" AltIDMod="0" />
    </StaticTiles>
  </TransInfo>
  <TransInfo Description="Lava-Rock-Dungeon Cave Without Static" HashKey="124A4A0D4A4A0D4A4A">
    <MapTiles>
      <MapTile TileID="581" AltIDMod="0" />
      <MapTile TileID="582" AltIDMod="0" />
      <MapTile TileID="583" AltIDMod="0" />
      <MapTile TileID="584" AltIDMod="0" />
      <MapTile TileID="585" AltIDMod="0" />
    </MapTiles>
    <StaticTiles>
      <StaticTile TileID="12977" AltIDMod="0" />
    </StaticTiles>
  </TransInfo>
  <TransInfo Description="Lava-Rock-Dungeon Cave Without Static" HashKey="0D0D0D4A4A124A4A12">
    <MapTiles>
      <MapTile TileID="581" AltIDMod="0" />
      <MapTile TileID="582" AltIDMod="0" />
      <MapTile TileID="583" AltIDMod="0" />
      <MapTile TileID="584" AltIDMod="0" />
      <MapTile TileID="585" AltIDMod="0" />
    </MapTiles>
    <StaticTiles>
      <StaticTile TileID="12972" AltIDMod="0" />
      <StaticTile TileID="12973" AltIDMod="0" />
    </StaticTiles>
  </TransInfo>
  <TransInfo Description="Lava-Rock-Dungeon Cave Without Static" HashKey="0D0D124A4A4A4A4A4A">
    <MapTiles>
      <MapTile TileID="581" AltIDMod="0" />
      <MapTile TileID="582" AltIDMod="0" />
      <MapTile TileID="583" AltIDMod="0" />
      <MapTile TileID="584" AltIDMod="0" />
      <MapTile TileID="585" AltIDMod="0" />
    </MapTiles>
    <StaticTiles>
      <StaticTile TileID="12972" AltIDMod="0" />
      <StaticTile TileID="12973" AltIDMod="0" />
    </StaticTiles>
  </TransInfo>
</Trans>