﻿<?xml version="1.0" encoding="utf-8"?>
<Trans>
  <TransInfo Description="Snow-Rough Grass-Small Dirt" HashKey="080C0C088080088080">
    <MapTiles>
      <MapTile TileID="1474" AltIDMod="0" />
    </MapTiles>
    <StaticTiles />
  </TransInfo>
  <TransInfo Description="Snow-Rough Grass-Small Dirt" HashKey="0C80800C8080080808">
    <MapTiles>
      <MapTile TileID="1473" AltIDMod="0" />
    </MapTiles>
    <StaticTiles />
  </TransInfo>
  <TransInfo Description="Snow-Rough Grass-Small Dirt" HashKey="08088008080C08080C">
    <MapTiles>
      <MapTile TileID="903" AltIDMod="0" />
    </MapTiles>
    <StaticTiles />
  </TransInfo>
  <TransInfo Description="Snow-Rough Grass-Small Dirt" HashKey="0808080808080C0C80">
    <MapTiles>
      <MapTile TileID="904" AltIDMod="0" />
    </MapTiles>
    <StaticTiles />
  </TransInfo>
  <TransInfo Description="Snow-Rough Grass-Small Dirt" HashKey="0808080808080C8080">
    <MapTiles>
      <MapTile TileID="134" AltIDMod="0" />
    </MapTiles>
    <StaticTiles />
  </TransInfo>
  <TransInfo Description="Snow-Rough Grass-Small Dirt" HashKey="8080088080080C0C08">
    <MapTiles>
      <MapTile TileID="1471" AltIDMod="0" />
    </MapTiles>
    <StaticTiles />
  </TransInfo>
  <TransInfo Description="Snow-Rough Grass-Small Dirt" HashKey="0C8080080808080808">
    <MapTiles>
      <MapTile TileID="139" AltIDMod="0" />
    </MapTiles>
    <StaticTiles />
  </TransInfo>
  <TransInfo Description="Snow-Rough Grass-Small Dirt" HashKey="0808080C80800C8080">
    <MapTiles>
      <MapTile TileID="1473" AltIDMod="0" />
    </MapTiles>
    <StaticTiles />
  </TransInfo>
  <TransInfo Description="Snow-Rough Grass-Small Dirt" HashKey="0C0C08808008808008">
    <MapTiles>
      <MapTile TileID="1474" AltIDMod="0" />
    </MapTiles>
    <StaticTiles />
  </TransInfo>
  <TransInfo Description="Snow-Rough Grass-Small Dirt" HashKey="08080C08080C080880">
    <MapTiles>
      <MapTile TileID="903" AltIDMod="0" />
    </MapTiles>
    <StaticTiles />
  </TransInfo>
  <TransInfo Description="Snow-Rough Grass-Small Dirt" HashKey="800C0C080808080808">
    <MapTiles>
      <MapTile TileID="901" AltIDMod="0" />
    </MapTiles>
    <StaticTiles />
  </TransInfo>
  <TransInfo Description="Snow-Rough Grass-Small Dirt" HashKey="08080880800C80800C">
    <MapTiles>
      <MapTile TileID="1472" AltIDMod="0" />
    </MapTiles>
    <StaticTiles />
  </TransInfo>
  <TransInfo Description="Snow-Rough Grass-Small Dirt" HashKey="08080C080880080880">
    <MapTiles>
      <MapTile TileID="135" AltIDMod="0" />
    </MapTiles>
    <StaticTiles />
  </TransInfo>
  <TransInfo Description="Snow-Rough Grass-Small Dirt" HashKey="08088008088008080C">
    <MapTiles>
      <MapTile TileID="136" AltIDMod="0" />
    </MapTiles>
    <StaticTiles />
  </TransInfo>
  <TransInfo Description="Snow-Rough Grass-Small Dirt" HashKey="80800C080808080808">
    <MapTiles>
      <MapTile TileID="915" AltIDMod="0" />
    </MapTiles>
    <StaticTiles />
  </TransInfo>
  <TransInfo Description="Snow-Rough Grass-Small Dirt" HashKey="0C0C80080808080808">
    <MapTiles>
      <MapTile TileID="901" AltIDMod="0" />
    </MapTiles>
    <StaticTiles />
  </TransInfo>
  <TransInfo Description="Snow-Rough Grass-Small Dirt" HashKey="8008088008080C0808">
    <MapTiles>
      <MapTile TileID="137" AltIDMod="0" />
    </MapTiles>
    <StaticTiles />
  </TransInfo>
  <TransInfo Description="Snow-Rough Grass-Small Dirt" HashKey="08080808080880800C">
    <MapTiles>
      <MapTile TileID="134" AltIDMod="0" />
    </MapTiles>
    <StaticTiles />
  </TransInfo>
  <TransInfo Description="Snow-Rough Grass-Small Dirt" HashKey="80800C80800C080808">
    <MapTiles>
      <MapTile TileID="1472" AltIDMod="0" />
    </MapTiles>
    <StaticTiles />
  </TransInfo>
  <TransInfo Description="Snow-Rough Grass-Small Dirt" HashKey="080808080808800C0C">
    <MapTiles>
      <MapTile TileID="904" AltIDMod="0" />
    </MapTiles>
    <StaticTiles />
  </TransInfo>
  <TransInfo Description="Snow-Rough Grass-Small Dirt" HashKey="8008080C08080C0808">
    <MapTiles>
      <MapTile TileID="902" AltIDMod="0" />
    </MapTiles>
    <StaticTiles />
  </TransInfo>
  <TransInfo Description="Snow-Rough Grass-Small Dirt" HashKey="0C08080C0808800808">
    <MapTiles>
      <MapTile TileID="902" AltIDMod="0" />
    </MapTiles>
    <StaticTiles />
  </TransInfo>
  <TransInfo Description="Snow-Rough Grass-Small Dirt" HashKey="088080088080080C0C">
    <MapTiles>
      <MapTile TileID="1471" AltIDMod="0" />
    </MapTiles>
    <StaticTiles />
  </TransInfo>
  <TransInfo Description="Snow-Rough Grass-Small Dirt" HashKey="0C0808800808800808">
    <MapTiles>
      <MapTile TileID="137" AltIDMod="0" />
    </MapTiles>
    <StaticTiles />
  </TransInfo>
</Trans>