﻿<?xml version="1.0" encoding="utf-8"?>
<Trans>
  <TransInfo Description="Sand Embankment to Forest AC" HashKey="0B52520B520B520B0B">
    <MapTiles>
      <MapTile TileID="196" AltIDMod="0" />
    </MapTiles>
    <StaticTiles />
  </TransInfo>
  <TransInfo Description="Sand Embankment to Forest AC" HashKey="520B525252520B0B0B">
    <MapTiles>
      <MapTile TileID="196" AltIDMod="0" />
    </MapTiles>
    <StaticTiles />
  </TransInfo>
  <TransInfo Description="Sand Embankment to Forest AC" HashKey="0B0B0B52520B0B0B0B">
    <MapTiles>
      <MapTile TileID="196" AltIDMod="0" />
    </MapTiles>
    <StaticTiles />
  </TransInfo>
  <TransInfo Description="Sand Embankment to Forest SEA" HashKey="0B520B0B52520B5252">
    <MapTiles>
      <MapTile TileID="1620" AltIDMod="0" />
    </MapTiles>
    <StaticTiles />
  </TransInfo>
  <TransInfo Description="Sand Embankment to Forest AC" HashKey="0B0B520B520B520B0B">
    <MapTiles>
      <MapTile TileID="196" AltIDMod="0" />
    </MapTiles>
    <StaticTiles />
  </TransInfo>
  <TransInfo Description="Sand Embankment to Forest AC" HashKey="0B0B0B0B5252520B0B">
    <MapTiles>
      <MapTile TileID="196" AltIDMod="0" />
    </MapTiles>
    <StaticTiles />
  </TransInfo>
  <TransInfo Description="Sand Embankment to Forest AC" HashKey="520B0B5252520B0B0B">
    <MapTiles>
      <MapTile TileID="196" AltIDMod="0" />
    </MapTiles>
    <StaticTiles />
  </TransInfo>
  <TransInfo Description="Sand Embankment to Forest NEA" HashKey="5252520B52520B0B52">
    <MapTiles>
      <MapTile TileID="1621" AltIDMod="0" />
    </MapTiles>
    <StaticTiles />
  </TransInfo>
  <TransInfo Description="Sand Embankment to Forest AC" HashKey="520B520B520B52520B">
    <MapTiles>
      <MapTile TileID="196" AltIDMod="0" />
    </MapTiles>
    <StaticTiles />
  </TransInfo>
  <TransInfo Description="Sand Embankment to Forest AC" HashKey="0B520B52520B0B520B">
    <MapTiles>
      <MapTile TileID="196" AltIDMod="0" />
    </MapTiles>
    <StaticTiles />
  </TransInfo>
  <TransInfo Description="Sand Embankment to Forest AC" HashKey="0B0B0B0B520B52520B">
    <MapTiles>
      <MapTile TileID="196" AltIDMod="0" />
    </MapTiles>
    <StaticTiles />
  </TransInfo>
  <TransInfo Description="Sand Embankment to Forest AC" HashKey="5252520B520B0B5252">
    <MapTiles>
      <MapTile TileID="196" AltIDMod="0" />
    </MapTiles>
    <StaticTiles />
  </TransInfo>
  <TransInfo Description="Sand Embankment to Forest NWA" HashKey="52525252520B0B5252">
    <MapTiles>
      <MapTile TileID="1619" AltIDMod="0" />
    </MapTiles>
    <StaticTiles />
  </TransInfo>
  <TransInfo Description="Sand Embankment to Forest NWA" HashKey="52520B52520B0B0B0B">
    <MapTiles>
      <MapTile TileID="1619" AltIDMod="0" />
    </MapTiles>
    <StaticTiles />
  </TransInfo>
  <TransInfo Description="Sand Embankment to Forest EW" HashKey="5252520B5252525252">
    <MapTiles>
      <MapTile TileID="1613" AltIDMod="0" />
    </MapTiles>
    <StaticTiles />
  </TransInfo>
  <TransInfo Description="Sand Embankment to Forest AC" HashKey="0B0B0B0B5252520B52">
    <MapTiles>
      <MapTile TileID="196" AltIDMod="0" />
    </MapTiles>
    <StaticTiles />
  </TransInfo>
  <TransInfo Description="Sand Embankment to Forest AC" HashKey="520B0B0B520B0B520B">
    <MapTiles>
      <MapTile TileID="196" AltIDMod="0" />
    </MapTiles>
    <StaticTiles />
  </TransInfo>
  <TransInfo Description="Sand Embankment to Forest AC" HashKey="0B0B520B52520B0B52">
    <MapTiles>
      <MapTile TileID="196" AltIDMod="0" />
    </MapTiles>
    <StaticTiles />
  </TransInfo>
  <TransInfo Description="Sand Embankment to Forest AC" HashKey="0B0B0B5252520B520B">
    <MapTiles>
      <MapTile TileID="196" AltIDMod="0" />
    </MapTiles>
    <StaticTiles />
  </TransInfo>
  <TransInfo Description="Sand Embankment to Forest SWA" HashKey="0B525252520B525252">
    <MapTiles>
      <MapTile TileID="1622" AltIDMod="0" />
    </MapTiles>
    <StaticTiles />
  </TransInfo>
  <TransInfo Description="Sand Embankment to Forest AC" HashKey="0B520B0B52520B0B0B">
    <MapTiles>
      <MapTile TileID="196" AltIDMod="0" />
    </MapTiles>
    <StaticTiles />
  </TransInfo>
  <TransInfo Description="Sand Embankment to Forest AC" HashKey="0B0B0B52520B0B0B52">
    <MapTiles>
      <MapTile TileID="196" AltIDMod="0" />
    </MapTiles>
    <StaticTiles />
  </TransInfo>
  <TransInfo Description="Sand Embankment to Forest SEA" HashKey="520B0B5252520B5252">
    <MapTiles>
      <MapTile TileID="1620" AltIDMod="0" />
    </MapTiles>
    <StaticTiles />
  </TransInfo>
  <TransInfo Description="Sand Embankment to Forest AC" HashKey="0B0B525252520B0B0B">
    <MapTiles>
      <MapTile TileID="196" AltIDMod="0" />
    </MapTiles>
    <StaticTiles />
  </TransInfo>
  <TransInfo Description="Sand Embankment to Forest AC" HashKey="520B520B52520B0B0B">
    <MapTiles>
      <MapTile TileID="196" AltIDMod="0" />
    </MapTiles>
    <StaticTiles />
  </TransInfo>
  <TransInfo Description="Sand Embankment to Forest AC" HashKey="52520B0B5252520B52">
    <MapTiles>
      <MapTile TileID="196" AltIDMod="0" />
    </MapTiles>
    <StaticTiles />
  </TransInfo>
  <TransInfo Description="Sand Embankment to Forest NEB" HashKey="52520B525252525252">
    <MapTiles>
      <MapTile TileID="1617" AltIDMod="0" />
    </MapTiles>
    <StaticTiles />
  </TransInfo>
  <TransInfo Description="Sand Embankment to Forest NEA" HashKey="0B52520B525252520B">
    <MapTiles>
      <MapTile TileID="1621" AltIDMod="0" />
    </MapTiles>
    <StaticTiles />
  </TransInfo>
  <TransInfo Description="Sand Embankment to Forest SEA" HashKey="0B0B525252520B5252">
    <MapTiles>
      <MapTile TileID="1620" AltIDMod="0" />
    </MapTiles>
    <StaticTiles />
  </TransInfo>
  <TransInfo Description="Sand Embankment to Forest AC" HashKey="520B520B520B0B5252">
    <MapTiles>
      <MapTile TileID="196" AltIDMod="0" />
    </MapTiles>
    <StaticTiles />
  </TransInfo>
  <TransInfo Description="Sand Embankment to Forest AC" HashKey="0B52520B520B0B520B">
    <MapTiles>
      <MapTile TileID="196" AltIDMod="0" />
    </MapTiles>
    <StaticTiles />
  </TransInfo>
  <TransInfo Description="Sand Embankment to Forest SEA" HashKey="52520B0B5252525252">
    <MapTiles>
      <MapTile TileID="1620" AltIDMod="0" />
    </MapTiles>
    <StaticTiles />
  </TransInfo>
  <TransInfo Description="Sand Embankment to Forest NWA" HashKey="52525252520B0B0B0B">
    <MapTiles>
      <MapTile TileID="1619" AltIDMod="0" />
    </MapTiles>
    <StaticTiles />
  </TransInfo>
  <TransInfo Description="Sand Embankment to Forest NWA" HashKey="52520B52520B0B5252">
    <MapTiles>
      <MapTile TileID="1619" AltIDMod="0" />
    </MapTiles>
    <StaticTiles />
  </TransInfo>
  <TransInfo Description="Sand Embankment to Forest AC" HashKey="0B520B5252520B520B">
    <MapTiles>
      <MapTile TileID="196" AltIDMod="0" />
    </MapTiles>
    <StaticTiles />
  </TransInfo>
  <TransInfo Description="Sand Embankment to Forest AC" HashKey="520B0B0B5252520B52">
    <MapTiles>
      <MapTile TileID="196" AltIDMod="0" />
    </MapTiles>
    <StaticTiles />
  </TransInfo>
  <TransInfo Description="Sand Embankment to Forest NWA" HashKey="52520B5252520B0B52">
    <MapTiles>
      <MapTile TileID="1619" AltIDMod="0" />
    </MapTiles>
    <StaticTiles />
  </TransInfo>
  <TransInfo Description="Sand Embankment to Forest AC" HashKey="0B0B0B5252520B0B52">
    <MapTiles>
      <MapTile TileID="196" AltIDMod="0" />
    </MapTiles>
    <StaticTiles />
  </TransInfo>
  <TransInfo Description="Sand Embankment to Forest NEA" HashKey="5252520B525252520B">
    <MapTiles>
      <MapTile TileID="1621" AltIDMod="0" />
    </MapTiles>
    <StaticTiles />
  </TransInfo>
  <TransInfo Description="Sand Embankment to Forest AC" HashKey="52520B0B520B520B52">
    <MapTiles>
      <MapTile TileID="196" AltIDMod="0" />
    </MapTiles>
    <StaticTiles />
  </TransInfo>
  <TransInfo Description="Sand Embankment to Forest AC" HashKey="0B525252520B520B0B">
    <MapTiles>
      <MapTile TileID="196" AltIDMod="0" />
    </MapTiles>
    <StaticTiles />
  </TransInfo>
  <TransInfo Description="Sand Embankment to Forest AC" HashKey="0B520B0B520B52520B">
    <MapTiles>
      <MapTile TileID="196" AltIDMod="0" />
    </MapTiles>
    <StaticTiles />
  </TransInfo>
  <TransInfo Description="Sand Embankment to Forest SEB" HashKey="52525252525252520B">
    <MapTiles>
      <MapTile TileID="1616" AltIDMod="0" />
    </MapTiles>
    <StaticTiles />
  </TransInfo>
  <TransInfo Description="Sand Embankment to Forest AC" HashKey="0B0B0B52520B0B520B">
    <MapTiles>
      <MapTile TileID="196" AltIDMod="0" />
    </MapTiles>
    <StaticTiles />
  </TransInfo>
  <TransInfo Description="Sand Embankment to Forest SEA" HashKey="520B0B0B52520B5252">
    <MapTiles>
      <MapTile TileID="1620" AltIDMod="0" />
    </MapTiles>
    <StaticTiles />
  </TransInfo>
  <TransInfo Description="Sand Embankment to Forest SEA" HashKey="520B525252520B5252">
    <MapTiles>
      <MapTile TileID="1620" AltIDMod="0" />
    </MapTiles>
    <StaticTiles />
  </TransInfo>
  <TransInfo Description="Sand Embankment to Forest NEA" HashKey="0B52520B5252520B52">
    <MapTiles>
      <MapTile TileID="1621" AltIDMod="0" />
    </MapTiles>
    <StaticTiles />
  </TransInfo>
  <TransInfo Description="Sand Embankment to Forest AC" HashKey="0B520B0B5252520B0B">
    <MapTiles>
      <MapTile TileID="196" AltIDMod="0" />
    </MapTiles>
    <StaticTiles />
  </TransInfo>
  <TransInfo Description="Sand Embankment to Forest AC" HashKey="0B0B520B520B525252">
    <MapTiles>
      <MapTile TileID="196" AltIDMod="0" />
    </MapTiles>
    <StaticTiles />
  </TransInfo>
  <TransInfo Description="Sand Embankment to Forest SEA" HashKey="0B0B0B0B52520B5252">
    <MapTiles>
      <MapTile TileID="1620" AltIDMod="0" />
    </MapTiles>
    <StaticTiles />
  </TransInfo>
  <TransInfo Description="Sand Embankment to Forest SWB" HashKey="5252525252520B5252">
    <MapTiles>
      <MapTile TileID="1618" AltIDMod="0" />
    </MapTiles>
    <StaticTiles />
  </TransInfo>
  <TransInfo Description="Sand Embankment to Forest AC" HashKey="52520B0B5252520B0B">
    <MapTiles>
      <MapTile TileID="196" AltIDMod="0" />
    </MapTiles>
    <StaticTiles />
  </TransInfo>
  <TransInfo Description="Sand Embankment to Forest NEA" HashKey="5252520B5252520B52">
    <MapTiles>
      <MapTile TileID="1621" AltIDMod="0" />
    </MapTiles>
    <StaticTiles />
  </TransInfo>
  <TransInfo Description="Sand Embankment to Forest SEA" HashKey="0B0B520B52520B5252">
    <MapTiles>
      <MapTile TileID="1620" AltIDMod="0" />
    </MapTiles>
    <StaticTiles />
  </TransInfo>
  <TransInfo Description="Sand Embankment to Forest AC" HashKey="0B52520B520B525252">
    <MapTiles>
      <MapTile TileID="196" AltIDMod="0" />
    </MapTiles>
    <StaticTiles />
  </TransInfo>
  <TransInfo Description="Sand Embankment to Forest AC" HashKey="520B0B52520B0B520B">
    <MapTiles>
      <MapTile TileID="196" AltIDMod="0" />
    </MapTiles>
    <StaticTiles />
  </TransInfo>
  <TransInfo Description="Sand Embankment to Forest AC" HashKey="520B0B0B520B0B0B0B">
    <MapTiles>
      <MapTile TileID="196" AltIDMod="0" />
    </MapTiles>
    <StaticTiles />
  </TransInfo>
  <TransInfo Description="Sand Embankment to Forest AC" HashKey="52520B0B520B52520B">
    <MapTiles>
      <MapTile TileID="196" AltIDMod="0" />
    </MapTiles>
    <StaticTiles />
  </TransInfo>
  <TransInfo Description="Sand Embankment to Forest NWA" HashKey="52525252520B520B0B">
    <MapTiles>
      <MapTile TileID="1619" AltIDMod="0" />
    </MapTiles>
    <StaticTiles />
  </TransInfo>
  <TransInfo Description="Sand Embankment to Forest AC" HashKey="0B520B0B520B520B52">
    <MapTiles>
      <MapTile TileID="196" AltIDMod="0" />
    </MapTiles>
    <StaticTiles />
  </TransInfo>
  <TransInfo Description="Sand Embankment to Forest AC" HashKey="520B0B5252520B0B52">
    <MapTiles>
      <MapTile TileID="196" AltIDMod="0" />
    </MapTiles>
    <StaticTiles />
  </TransInfo>
  <TransInfo Description="Sand Embankment to Forest AC" HashKey="0B0B5252520B0B520B">
    <MapTiles>
      <MapTile TileID="196" AltIDMod="0" />
    </MapTiles>
    <StaticTiles />
  </TransInfo>
  <TransInfo Description="Sand Embankment to Forest AC" HashKey="0B0B0B0B520B520B0B">
    <MapTiles>
      <MapTile TileID="196" AltIDMod="0" />
    </MapTiles>
    <StaticTiles />
  </TransInfo>
  <TransInfo Description="Sand Embankment to Forest AC" HashKey="0B52520B520B0B0B52">
    <MapTiles>
      <MapTile TileID="196" AltIDMod="0" />
    </MapTiles>
    <StaticTiles />
  </TransInfo>
  <TransInfo Description="Sand Embankment to Forest NWA" HashKey="52520B5252520B520B">
    <MapTiles>
      <MapTile TileID="1619" AltIDMod="0" />
    </MapTiles>
    <StaticTiles />
  </TransInfo>
  <TransInfo Description="Sand Embankment to Forest AC" HashKey="0B520B52520B0B5252">
    <MapTiles>
      <MapTile TileID="196" AltIDMod="0" />
    </MapTiles>
    <StaticTiles />
  </TransInfo>
  <TransInfo Description="Sand Embankment to Forest AC" HashKey="0B525252520B0B0B0B">
    <MapTiles>
      <MapTile TileID="196" AltIDMod="0" />
    </MapTiles>
    <StaticTiles />
  </TransInfo>
  <TransInfo Description="Sand Embankment to Forest SEA" HashKey="0B520B0B5252525252">
    <MapTiles>
      <MapTile TileID="1620" AltIDMod="0" />
    </MapTiles>
    <StaticTiles />
  </TransInfo>
  <TransInfo Description="Sand Embankment to Forest AC" HashKey="0B520B525252520B0B">
    <MapTiles>
      <MapTile TileID="196" AltIDMod="0" />
    </MapTiles>
    <StaticTiles />
  </TransInfo>
  <TransInfo Description="Sand Embankment to Forest AC" HashKey="5252520B520B0B520B">
    <MapTiles>
      <MapTile TileID="196" AltIDMod="0" />
    </MapTiles>
    <StaticTiles />
  </TransInfo>
  <TransInfo Description="Sand Embankment to Forest AC" HashKey="0B520B0B525252520B">
    <MapTiles>
      <MapTile TileID="196" AltIDMod="0" />
    </MapTiles>
    <StaticTiles />
  </TransInfo>
  <TransInfo Description="Sand Embankment to Forest NWA" HashKey="52520B52520B0B0B52">
    <MapTiles>
      <MapTile TileID="1619" AltIDMod="0" />
    </MapTiles>
    <StaticTiles />
  </TransInfo>
  <TransInfo Description="Sand Embankment to Forest NS" HashKey="525252525252520B52">
    <MapTiles>
      <MapTile TileID="1611" AltIDMod="0" />
    </MapTiles>
    <StaticTiles />
  </TransInfo>
  <TransInfo Description="Sand Embankment to Forest AC" HashKey="52520B0B525252520B">
    <MapTiles>
      <MapTile TileID="196" AltIDMod="0" />
    </MapTiles>
    <StaticTiles />
  </TransInfo>
  <TransInfo Description="Sand Embankment to Forest AC" HashKey="0B0B520B52520B0B0B">
    <MapTiles>
      <MapTile TileID="196" AltIDMod="0" />
    </MapTiles>
    <StaticTiles />
  </TransInfo>
  <TransInfo Description="Sand Embankment to Forest SEA" HashKey="0B0B0B5252520B5252">
    <MapTiles>
      <MapTile TileID="1620" AltIDMod="0" />
    </MapTiles>
    <StaticTiles />
  </TransInfo>
  <TransInfo Description="Sand Embankment to Forest AC" HashKey="0B0B0B0B525252520B">
    <MapTiles>
      <MapTile TileID="196" AltIDMod="0" />
    </MapTiles>
    <StaticTiles />
  </TransInfo>
  <TransInfo Description="Sand Embankment to Forest AC" HashKey="520B0B52520B0B0B52">
    <MapTiles>
      <MapTile TileID="196" AltIDMod="0" />
    </MapTiles>
    <StaticTiles />
  </TransInfo>
  <TransInfo Description="Sand Embankment to Forest AC" HashKey="52520B0B52520B0B0B">
    <MapTiles>
      <MapTile TileID="196" AltIDMod="0" />
    </MapTiles>
    <StaticTiles />
  </TransInfo>
  <TransInfo Description="Sand Embankment to Forest WE" HashKey="52525252520B525252">
    <MapTiles>
      <MapTile TileID="1612" AltIDMod="0" />
    </MapTiles>
    <StaticTiles />
  </TransInfo>
  <TransInfo Description="Sand Embankment to Forest AC" HashKey="520B0B5252520B520B">
    <MapTiles>
      <MapTile TileID="196" AltIDMod="0" />
    </MapTiles>
    <StaticTiles />
  </TransInfo>
  <TransInfo Description="Sand Embankment to Forest AC" HashKey="0B0B5252520B0B0B52">
    <MapTiles>
      <MapTile TileID="196" AltIDMod="0" />
    </MapTiles>
    <StaticTiles />
  </TransInfo>
  <TransInfo Description="Sand Embankment to Forest AC" HashKey="0B0B520B520B52520B">
    <MapTiles>
      <MapTile TileID="196" AltIDMod="0" />
    </MapTiles>
    <StaticTiles />
  </TransInfo>
  <TransInfo Description="Sand Embankment to Forest AC" HashKey="520B520B52520B0B52">
    <MapTiles>
      <MapTile TileID="196" AltIDMod="0" />
    </MapTiles>
    <StaticTiles />
  </TransInfo>
  <TransInfo Description="Sand Embankment to Forest AC" HashKey="0B0B0B0B520B0B520B">
    <MapTiles>
      <MapTile TileID="196" AltIDMod="0" />
    </MapTiles>
    <StaticTiles />
  </TransInfo>
  <TransInfo Description="Sand Embankment to Forest EW" HashKey="0B52520B5252525252">
    <MapTiles>
      <MapTile TileID="1613" AltIDMod="0" />
    </MapTiles>
    <StaticTiles />
  </TransInfo>
  <TransInfo Description="Sand Embankment to Forest AC" HashKey="0B520B52520B0B0B0B">
    <MapTiles>
      <MapTile TileID="196" AltIDMod="0" />
    </MapTiles>
    <StaticTiles />
  </TransInfo>
  <TransInfo Description="Sand Embankment to Forest AC" HashKey="0B525252520B0B5252">
    <MapTiles>
      <MapTile TileID="196" AltIDMod="0" />
    </MapTiles>
    <StaticTiles />
  </TransInfo>
  <TransInfo Description="Sand Embankment to Forest AC" HashKey="0B52520B520B0B5252">
    <MapTiles>
      <MapTile TileID="196" AltIDMod="0" />
    </MapTiles>
    <StaticTiles />
  </TransInfo>
  <TransInfo Description="Sand Embankment to Forest AC" HashKey="520B0B0B520B52520B">
    <MapTiles>
      <MapTile TileID="196" AltIDMod="0" />
    </MapTiles>
    <StaticTiles />
  </TransInfo>
  <TransInfo Description="Sand Embankment to Forest NWA" HashKey="52520B52520B0B520B">
    <MapTiles>
      <MapTile TileID="1619" AltIDMod="0" />
    </MapTiles>
    <StaticTiles />
  </TransInfo>
  <TransInfo Description="Sand Embankment to Forest AC" HashKey="0B52520B520B520B52">
    <MapTiles>
      <MapTile TileID="196" AltIDMod="0" />
    </MapTiles>
    <StaticTiles />
  </TransInfo>
  <TransInfo Description="Sand Embankment to Forest AC" HashKey="0B0B0B5252520B0B0B">
    <MapTiles>
      <MapTile TileID="196" AltIDMod="0" />
    </MapTiles>
    <StaticTiles />
  </TransInfo>
  <TransInfo Description="Sand Embankment to Forest AC" HashKey="520B0B0B5252520B0B">
    <MapTiles>
      <MapTile TileID="196" AltIDMod="0" />
    </MapTiles>
    <StaticTiles />
  </TransInfo>
  <TransInfo Description="Sand Embankment to Forest SEA" HashKey="52520B0B52520B5252">
    <MapTiles>
      <MapTile TileID="1620" AltIDMod="0" />
    </MapTiles>
    <StaticTiles />
  </TransInfo>
  <TransInfo Description="Sand Embankment to Forest AC" HashKey="0B0B520B5252520B0B">
    <MapTiles>
      <MapTile TileID="196" AltIDMod="0" />
    </MapTiles>
    <StaticTiles />
  </TransInfo>
  <TransInfo Description="Sand Embankment to Forest IWE" HashKey="0B525252525252520B">
    <MapTiles>
      <MapTile TileID="22" AltIDMod="0" />
    </MapTiles>
    <StaticTiles />
  </TransInfo>
  <TransInfo Description="Sand Embankment to Forest AC" HashKey="520B525252520B0B52">
    <MapTiles>
      <MapTile TileID="196" AltIDMod="0" />
    </MapTiles>
    <StaticTiles />
  </TransInfo>
  <TransInfo Description="Sand Embankment to Forest AC" HashKey="0B0B0B0B520B0B0B52">
    <MapTiles>
      <MapTile TileID="196" AltIDMod="0" />
    </MapTiles>
    <StaticTiles />
  </TransInfo>
  <TransInfo Description="Sand Embankment to Forest AC" HashKey="520B520B520B0B0B52">
    <MapTiles>
      <MapTile TileID="196" AltIDMod="0" />
    </MapTiles>
    <StaticTiles />
  </TransInfo>
  <TransInfo Description="Sand Embankment to Forest NEA" HashKey="0B52520B5252520B0B">
    <MapTiles>
      <MapTile TileID="1621" AltIDMod="0" />
    </MapTiles>
    <StaticTiles />
  </TransInfo>
  <TransInfo Description="Sand Embankment to Forest SWA" HashKey="0B520B52525252520B">
    <MapTiles>
      <MapTile TileID="1622" AltIDMod="0" />
    </MapTiles>
    <StaticTiles />
  </TransInfo>
  <TransInfo Description="Sand Embankment to Forest AC" HashKey="0B520B5252520B0B52">
    <MapTiles>
      <MapTile TileID="196" AltIDMod="0" />
    </MapTiles>
    <StaticTiles />
  </TransInfo>
  <TransInfo Description="Sand Embankment to Forest AC" HashKey="0B52520B520B0B0B0B">
    <MapTiles>
      <MapTile TileID="196" AltIDMod="0" />
    </MapTiles>
    <StaticTiles />
  </TransInfo>
  <TransInfo Description="Sand Embankment to Forest AC" HashKey="520B0B0B520B520B52">
    <MapTiles>
      <MapTile TileID="196" AltIDMod="0" />
    </MapTiles>
    <StaticTiles />
  </TransInfo>
  <TransInfo Description="Sand Embankment to Forest SWA" HashKey="520B5252520B52520B">
    <MapTiles>
      <MapTile TileID="1622" AltIDMod="0" />
    </MapTiles>
    <StaticTiles />
  </TransInfo>
  <TransInfo Description="Sand Embankment to Forest AC" HashKey="0B52520B520B52520B">
    <MapTiles>
      <MapTile TileID="196" AltIDMod="0" />
    </MapTiles>
    <StaticTiles />
  </TransInfo>
  <TransInfo Description="Sand Embankment to Forest AC" HashKey="0B520B52520B520B0B">
    <MapTiles>
      <MapTile TileID="196" AltIDMod="0" />
    </MapTiles>
    <StaticTiles />
  </TransInfo>
  <TransInfo Description="Sand Embankment to Forest SWA" HashKey="0B0B0B52520B52520B">
    <MapTiles>
      <MapTile TileID="1622" AltIDMod="0" />
    </MapTiles>
    <StaticTiles />
  </TransInfo>
  <TransInfo Description="Sand Embankment to Forest AC" HashKey="520B0B52520B0B5252">
    <MapTiles>
      <MapTile TileID="196" AltIDMod="0" />
    </MapTiles>
    <StaticTiles />
  </TransInfo>
  <TransInfo Description="Sand Embankment to Forest AC" HashKey="520B5252520B0B0B0B">
    <MapTiles>
      <MapTile TileID="196" AltIDMod="0" />
    </MapTiles>
    <StaticTiles />
  </TransInfo>
  <TransInfo Description="Sand Embankment to Forest SEA" HashKey="520B0B0B5252525252">
    <MapTiles>
      <MapTile TileID="1620" AltIDMod="0" />
    </MapTiles>
    <StaticTiles />
  </TransInfo>
  <TransInfo Description="Sand Embankment to Forest NWA" HashKey="52525252520B520B52">
    <MapTiles>
      <MapTile TileID="1619" AltIDMod="0" />
    </MapTiles>
    <StaticTiles />
  </TransInfo>
  <TransInfo Description="Sand Embankment to Forest AC" HashKey="520B52525252520B0B">
    <MapTiles>
      <MapTile TileID="196" AltIDMod="0" />
    </MapTiles>
    <StaticTiles />
  </TransInfo>
  <TransInfo Description="Sand Embankment to Forest AC" HashKey="0B0B5252520B0B5252">
    <MapTiles>
      <MapTile TileID="196" AltIDMod="0" />
    </MapTiles>
    <StaticTiles />
  </TransInfo>
  <TransInfo Description="Sand Embankment to Forest NEA" HashKey="0B52525252520B520B">
    <MapTiles>
      <MapTile TileID="1621" AltIDMod="0" />
    </MapTiles>
    <StaticTiles />
  </TransInfo>
  <TransInfo Description="Sand Embankment to Forest SEA" HashKey="0B0B520B5252525252">
    <MapTiles>
      <MapTile TileID="1620" AltIDMod="0" />
    </MapTiles>
    <StaticTiles />
  </TransInfo>
  <TransInfo Description="Sand Embankment to Forest AC" HashKey="0B0B520B5252520B52">
    <MapTiles>
      <MapTile TileID="196" AltIDMod="0" />
    </MapTiles>
    <StaticTiles />
  </TransInfo>
  <TransInfo Description="Sand Embankment to Forest AC" HashKey="0B0B0B525252520B0B">
    <MapTiles>
      <MapTile TileID="196" AltIDMod="0" />
    </MapTiles>
    <StaticTiles />
  </TransInfo>
  <TransInfo Description="Sand Embankment to Forest INS" HashKey="52520B5252520B5252">
    <MapTiles>
      <MapTile TileID="22" AltIDMod="0" />
    </MapTiles>
    <StaticTiles />
  </TransInfo>
  <TransInfo Description="Sand Embankment to Forest AC" HashKey="0B525252520B0B0B52">
    <MapTiles>
      <MapTile TileID="196" AltIDMod="0" />
    </MapTiles>
    <StaticTiles />
  </TransInfo>
  <TransInfo Description="Sand Embankment to Forest AC" HashKey="0B520B525252520B52">
    <MapTiles>
      <MapTile TileID="196" AltIDMod="0" />
    </MapTiles>
    <StaticTiles />
  </TransInfo>
  <TransInfo Description="Sand Embankment to Forest AC" HashKey="52520B0B520B525252">
    <MapTiles>
      <MapTile TileID="196" AltIDMod="0" />
    </MapTiles>
    <StaticTiles />
  </TransInfo>
  <TransInfo Description="Sand Embankment to Forest AC" HashKey="0B520B0B5252520B52">
    <MapTiles>
      <MapTile TileID="196" AltIDMod="0" />
    </MapTiles>
    <StaticTiles />
  </TransInfo>
  <TransInfo Description="Sand Embankment to Forest NS" HashKey="525252525252520B0B">
    <MapTiles>
      <MapTile TileID="1611" AltIDMod="0" />
    </MapTiles>
    <StaticTiles />
  </TransInfo>
  <TransInfo Description="Sand Embankment to Forest AC" HashKey="520B5252520B520B52">
    <MapTiles>
      <MapTile TileID="196" AltIDMod="0" />
    </MapTiles>
    <StaticTiles />
  </TransInfo>
  <TransInfo Description="Sand Embankment to Forest AC" HashKey="52520B0B520B0B520B">
    <MapTiles>
      <MapTile TileID="196" AltIDMod="0" />
    </MapTiles>
    <StaticTiles />
  </TransInfo>
  <TransInfo Description="Sand Embankment to Forest NEA" HashKey="0B52520B52520B0B0B">
    <MapTiles>
      <MapTile TileID="1621" AltIDMod="0" />
    </MapTiles>
    <StaticTiles />
  </TransInfo>
  <TransInfo Description="Sand Embankment to Forest SWA" HashKey="0B520B52520B525252">
    <MapTiles>
      <MapTile TileID="1622" AltIDMod="0" />
    </MapTiles>
    <StaticTiles />
  </TransInfo>
  <TransInfo Description="Sand Embankment to Forest AC" HashKey="0B0B0B52520B520B52">
    <MapTiles>
      <MapTile TileID="196" AltIDMod="0" />
    </MapTiles>
    <StaticTiles />
  </TransInfo>
  <TransInfo Description="Sand Embankment to Forest AC" HashKey="520B0B52520B0B0B0B">
    <MapTiles>
      <MapTile TileID="196" AltIDMod="0" />
    </MapTiles>
    <StaticTiles />
  </TransInfo>
  <TransInfo Description="Sand Embankment to Forest AC" HashKey="520B5252520B0B5252">
    <MapTiles>
      <MapTile TileID="196" AltIDMod="0" />
    </MapTiles>
    <StaticTiles />
  </TransInfo>
  <TransInfo Description="Sand Embankment to Forest AC" HashKey="52520B0B52520B0B52">
    <MapTiles>
      <MapTile TileID="196" AltIDMod="0" />
    </MapTiles>
    <StaticTiles />
  </TransInfo>
  <TransInfo Description="Sand Embankment to Forest WE" HashKey="52525252520B52520B">
    <MapTiles>
      <MapTile TileID="1612" AltIDMod="0" />
    </MapTiles>
    <StaticTiles />
  </TransInfo>
  <TransInfo Description="Sand Embankment to Forest SN" HashKey="520B52525252525252">
    <MapTiles>
      <MapTile TileID="1614" AltIDMod="0" />
    </MapTiles>
    <StaticTiles />
  </TransInfo>
  <TransInfo Description="Sand Embankment to Forest AC" HashKey="0B0B5252520B0B0B0B">
    <MapTiles>
      <MapTile TileID="196" AltIDMod="0" />
    </MapTiles>
    <StaticTiles />
  </TransInfo>
  <TransInfo Description="Sand Embankment to Forest NEA" HashKey="0B52525252520B0B52">
    <MapTiles>
      <MapTile TileID="1621" AltIDMod="0" />
    </MapTiles>
    <StaticTiles />
  </TransInfo>
  <TransInfo Description="Sand Embankment to Forest AC" HashKey="0B0B0B0B520B0B5252">
    <MapTiles>
      <MapTile TileID="196" AltIDMod="0" />
    </MapTiles>
    <StaticTiles />
  </TransInfo>
  <TransInfo Description="Sand Embankment to Forest SN" HashKey="0B0B0B525252525252">
    <MapTiles>
      <MapTile TileID="1614" AltIDMod="0" />
    </MapTiles>
    <StaticTiles />
  </TransInfo>
  <TransInfo Description="Sand Embankment to Forest NWA" HashKey="52520B5252520B0B0B">
    <MapTiles>
      <MapTile TileID="1619" AltIDMod="0" />
    </MapTiles>
    <StaticTiles />
  </TransInfo>
  <TransInfo Description="Sand Embankment to Forest NEA" HashKey="5252520B52520B520B">
    <MapTiles>
      <MapTile TileID="1621" AltIDMod="0" />
    </MapTiles>
    <StaticTiles />
  </TransInfo>
  <TransInfo Description="Sand Embankment to Forest AC" HashKey="0B525252520B0B520B">
    <MapTiles>
      <MapTile TileID="196" AltIDMod="0" />
    </MapTiles>
    <StaticTiles />
  </TransInfo>
  <TransInfo Description="Sand Embankment to Forest AC" HashKey="0B520B0B520B0B0B0B">
    <MapTiles>
      <MapTile TileID="196" AltIDMod="0" />
    </MapTiles>
    <StaticTiles />
  </TransInfo>
  <TransInfo Description="Sand Embankment to Forest AC" HashKey="0B0B0B0B52520B0B0B">
    <MapTiles>
      <MapTile TileID="196" AltIDMod="0" />
    </MapTiles>
    <StaticTiles />
  </TransInfo>
  <TransInfo Description="Sand Embankment to Forest AC" HashKey="520B0B0B520B525252">
    <MapTiles>
      <MapTile TileID="196" AltIDMod="0" />
    </MapTiles>
    <StaticTiles />
  </TransInfo>
  <TransInfo Description="Sand Embankment to Forest NEA" HashKey="0B5252525252520B52">
    <MapTiles>
      <MapTile TileID="1621" AltIDMod="0" />
    </MapTiles>
    <StaticTiles />
  </TransInfo>
  <TransInfo Description="Sand Embankment to Forest AC" HashKey="520B520B520B0B520B">
    <MapTiles>
      <MapTile TileID="196" AltIDMod="0" />
    </MapTiles>
    <StaticTiles />
  </TransInfo>
  <TransInfo Description="Sand Embankment to Forest AC" HashKey="52520B0B520B0B0B52">
    <MapTiles>
      <MapTile TileID="196" AltIDMod="0" />
    </MapTiles>
    <StaticTiles />
  </TransInfo>
  <TransInfo Description="Sand Embankment to Forest EW" HashKey="0B52520B52520B5252">
    <MapTiles>
      <MapTile TileID="1613" AltIDMod="0" />
    </MapTiles>
    <StaticTiles />
  </TransInfo>
  <TransInfo Description="Sand Embankment to Forest AC" HashKey="0B0B520B525252520B">
    <MapTiles>
      <MapTile TileID="196" AltIDMod="0" />
    </MapTiles>
    <StaticTiles />
  </TransInfo>
  <TransInfo Description="Sand Embankment to Forest SWA" HashKey="520B0B52525252520B">
    <MapTiles>
      <MapTile TileID="1622" AltIDMod="0" />
    </MapTiles>
    <StaticTiles />
  </TransInfo>
  <TransInfo Description="Sand Embankment to Forest AC" HashKey="52520B0B52520B520B">
    <MapTiles>
      <MapTile TileID="196" AltIDMod="0" />
    </MapTiles>
    <StaticTiles />
  </TransInfo>
  <TransInfo Description="Sand Embankment to Forest NS" HashKey="5252525252520B0B0B">
    <MapTiles>
      <MapTile TileID="1611" AltIDMod="0" />
    </MapTiles>
    <StaticTiles />
  </TransInfo>
  <TransInfo Description="Sand Embankment to Forest AC" HashKey="0B0B0B0B52520B520B">
    <MapTiles>
      <MapTile TileID="196" AltIDMod="0" />
    </MapTiles>
    <StaticTiles />
  </TransInfo>
  <TransInfo Description="Sand Embankment to Forest AC" HashKey="0B0B520B520B0B5252">
    <MapTiles>
      <MapTile TileID="196" AltIDMod="0" />
    </MapTiles>
    <StaticTiles />
  </TransInfo>
  <TransInfo Description="Sand Embankment to Forest SWA" HashKey="0B0B5252525252520B">
    <MapTiles>
      <MapTile TileID="1622" AltIDMod="0" />
    </MapTiles>
    <StaticTiles />
  </TransInfo>
  <TransInfo Description="Sand Embankment to Forest AC" HashKey="0B520B0B520B520B0B">
    <MapTiles>
      <MapTile TileID="196" AltIDMod="0" />
    </MapTiles>
    <StaticTiles />
  </TransInfo>
  <TransInfo Description="Sand Embankment to Forest AC" HashKey="0B0B0B0B520B0B0B0B">
    <MapTiles>
      <MapTile TileID="196" AltIDMod="0" />
    </MapTiles>
    <StaticTiles />
  </TransInfo>
  <TransInfo Description="Sand Embankment to Forest AC" HashKey="5252520B520B520B52">
    <MapTiles>
      <MapTile TileID="196" AltIDMod="0" />
    </MapTiles>
    <StaticTiles />
  </TransInfo>
  <TransInfo Description="Sand Embankment to Forest AC" HashKey="520B0B52520B520B0B">
    <MapTiles>
      <MapTile TileID="196" AltIDMod="0" />
    </MapTiles>
    <StaticTiles />
  </TransInfo>
  <TransInfo Description="Sand Embankment to Forest WE" HashKey="52520B52520B52520B">
    <MapTiles>
      <MapTile TileID="1612" AltIDMod="0" />
    </MapTiles>
    <StaticTiles />
  </TransInfo>
  <TransInfo Description="Sand Embankment to Forest SN" HashKey="0B520B525252525252">
    <MapTiles>
      <MapTile TileID="1614" AltIDMod="0" />
    </MapTiles>
    <StaticTiles />
  </TransInfo>
  <TransInfo Description="Sand Embankment to Forest AC" HashKey="0B520B0B520B0B5252">
    <MapTiles>
      <MapTile TileID="196" AltIDMod="0" />
    </MapTiles>
    <StaticTiles />
  </TransInfo>
  <TransInfo Description="Sand Embankment to Forest AC" HashKey="0B0B52525252520B0B">
    <MapTiles>
      <MapTile TileID="196" AltIDMod="0" />
    </MapTiles>
    <StaticTiles />
  </TransInfo>
  <TransInfo Description="Sand Embankment to Forest AC" HashKey="520B0B0B520B520B0B">
    <MapTiles>
      <MapTile TileID="196" AltIDMod="0" />
    </MapTiles>
    <StaticTiles />
  </TransInfo>
  <TransInfo Description="Sand Embankment to Forest AC" HashKey="0B0B5252520B520B0B">
    <MapTiles>
      <MapTile TileID="196" AltIDMod="0" />
    </MapTiles>
    <StaticTiles />
  </TransInfo>
  <TransInfo Description="Sand Embankment to Forest SWA" HashKey="520B5252520B525252">
    <MapTiles>
      <MapTile TileID="1622" AltIDMod="0" />
    </MapTiles>
    <StaticTiles />
  </TransInfo>
  <TransInfo Description="Sand Embankment to Forest AC" HashKey="520B520B520B0B0B0B">
    <MapTiles>
      <MapTile TileID="196" AltIDMod="0" />
    </MapTiles>
    <StaticTiles />
  </TransInfo>
  <TransInfo Description="Sand Embankment to Forest NWA" HashKey="52520B525252520B0B">
    <MapTiles>
      <MapTile TileID="1619" AltIDMod="0" />
    </MapTiles>
    <StaticTiles />
  </TransInfo>
  <TransInfo Description="Sand Embankment to Forest AC" HashKey="0B520B52520B520B52">
    <MapTiles>
      <MapTile TileID="196" AltIDMod="0" />
    </MapTiles>
    <StaticTiles />
  </TransInfo>
  <TransInfo Description="Sand Embankment to Forest SWA" HashKey="0B0B0B52520B525252">
    <MapTiles>
      <MapTile TileID="1622" AltIDMod="0" />
    </MapTiles>
    <StaticTiles />
  </TransInfo>
  <TransInfo Description="Sand Embankment to Forest AC" HashKey="520B5252520B0B0B52">
    <MapTiles>
      <MapTile TileID="196" AltIDMod="0" />
    </MapTiles>
    <StaticTiles />
  </TransInfo>
  <TransInfo Description="Sand Embankment to Forest AC" HashKey="520B0B525252520B52">
    <MapTiles>
      <MapTile TileID="196" AltIDMod="0" />
    </MapTiles>
    <StaticTiles />
  </TransInfo>
  <TransInfo Description="Sand Embankment to Forest AC" HashKey="520B52525252520B52">
    <MapTiles>
      <MapTile TileID="196" AltIDMod="0" />
    </MapTiles>
    <StaticTiles />
  </TransInfo>
  <TransInfo Description="Sand Embankment to Forest SEA" HashKey="520B520B52520B5252">
    <MapTiles>
      <MapTile TileID="1620" AltIDMod="0" />
    </MapTiles>
    <StaticTiles />
  </TransInfo>
  <TransInfo Description="Sand Embankment to Forest EW" HashKey="0B52525252520B5252">
    <MapTiles>
      <MapTile TileID="1613" AltIDMod="0" />
    </MapTiles>
    <StaticTiles />
  </TransInfo>
  <TransInfo Description="Sand Embankment to Forest AC" HashKey="0B0B52525252520B52">
    <MapTiles>
      <MapTile TileID="196" AltIDMod="0" />
    </MapTiles>
    <StaticTiles />
  </TransInfo>
  <TransInfo Description="Sand Embankment to Forest AC" HashKey="0B0B0B525252520B52">
    <MapTiles>
      <MapTile TileID="196" AltIDMod="0" />
    </MapTiles>
    <StaticTiles />
  </TransInfo>
  <TransInfo Description="Sand Embankment to Forest AC" HashKey="520B0B0B52520B0B0B">
    <MapTiles>
      <MapTile TileID="196" AltIDMod="0" />
    </MapTiles>
    <StaticTiles />
  </TransInfo>
  <TransInfo Description="Sand Embankment to Forest SWA" HashKey="520B0B52520B525252">
    <MapTiles>
      <MapTile TileID="1622" AltIDMod="0" />
    </MapTiles>
    <StaticTiles />
  </TransInfo>
  <TransInfo Description="Sand Embankment to Forest NWA" HashKey="52520B52520B520B52">
    <MapTiles>
      <MapTile TileID="1619" AltIDMod="0" />
    </MapTiles>
    <StaticTiles />
  </TransInfo>
  <TransInfo Description="Sand Embankment to Forest AC" HashKey="520B520B520B520B0B">
    <MapTiles>
      <MapTile TileID="196" AltIDMod="0" />
    </MapTiles>
    <StaticTiles />
  </TransInfo>
  <TransInfo Description="Sand Embankment to Forest AC" HashKey="520B520B5252520B52">
    <MapTiles>
      <MapTile TileID="196" AltIDMod="0" />
    </MapTiles>
    <StaticTiles />
  </TransInfo>
  <TransInfo Description="Sand Embankment to Forest AC" HashKey="5252520B520B52520B">
    <MapTiles>
      <MapTile TileID="196" AltIDMod="0" />
    </MapTiles>
    <StaticTiles />
  </TransInfo>
  <TransInfo Description="Sand Embankment to Forest SWA" HashKey="0B0B5252520B525252">
    <MapTiles>
      <MapTile TileID="1622" AltIDMod="0" />
    </MapTiles>
    <StaticTiles />
  </TransInfo>
  <TransInfo Description="Sand Embankment to Forest AC" HashKey="520B5252520B520B0B">
    <MapTiles>
      <MapTile TileID="196" AltIDMod="0" />
    </MapTiles>
    <StaticTiles />
  </TransInfo>
  <TransInfo Description="Sand Embankment to Forest AC" HashKey="0B520B0B520B0B0B52">
    <MapTiles>
      <MapTile TileID="196" AltIDMod="0" />
    </MapTiles>
    <StaticTiles />
  </TransInfo>
  <TransInfo Description="Sand Embankment to Forest AC" HashKey="52520B0B520B0B5252">
    <MapTiles>
      <MapTile TileID="196" AltIDMod="0" />
    </MapTiles>
    <StaticTiles />
  </TransInfo>
  <TransInfo Description="Sand Embankment to Forest NEA" HashKey="0B52520B52520B0B52">
    <MapTiles>
      <MapTile TileID="1621" AltIDMod="0" />
    </MapTiles>
    <StaticTiles />
  </TransInfo>
  <TransInfo Description="Sand Embankment to Forest SWA" HashKey="0B520B52520B52520B">
    <MapTiles>
      <MapTile TileID="1622" AltIDMod="0" />
    </MapTiles>
    <StaticTiles />
  </TransInfo>
  <TransInfo Description="Sand Embankment to Forest AC" HashKey="0B0B0B52520B520B0B">
    <MapTiles>
      <MapTile TileID="196" AltIDMod="0" />
    </MapTiles>
    <StaticTiles />
  </TransInfo>
  <TransInfo Description="Sand Embankment to Forest AC" HashKey="520B5252520B0B520B">
    <MapTiles>
      <MapTile TileID="196" AltIDMod="0" />
    </MapTiles>
    <StaticTiles />
  </TransInfo>
  <TransInfo Description="Sand Embankment to Forest AC" HashKey="520B0B0B52520B0B52">
    <MapTiles>
      <MapTile TileID="196" AltIDMod="0" />
    </MapTiles>
    <StaticTiles />
  </TransInfo>
  <TransInfo Description="Sand Embankment to Forest AC" HashKey="0B0B520B520B0B0B52">
    <MapTiles>
      <MapTile TileID="196" AltIDMod="0" />
    </MapTiles>
    <StaticTiles />
  </TransInfo>
  <TransInfo Description="Sand Embankment to Forest SWA" HashKey="520B5252525252520B">
    <MapTiles>
      <MapTile TileID="1622" AltIDMod="0" />
    </MapTiles>
    <StaticTiles />
  </TransInfo>
  <TransInfo Description="Sand Embankment to Forest AC" HashKey="0B0B520B520B520B52">
    <MapTiles>
      <MapTile TileID="196" AltIDMod="0" />
    </MapTiles>
    <StaticTiles />
  </TransInfo>
  <TransInfo Description="Sand Embankment to Forest NEA" HashKey="0B52525252520B0B0B">
    <MapTiles>
      <MapTile TileID="1621" AltIDMod="0" />
    </MapTiles>
    <StaticTiles />
  </TransInfo>
  <TransInfo Description="Sand Embankment to Forest AC" HashKey="0B520B0B52520B520B">
    <MapTiles>
      <MapTile TileID="196" AltIDMod="0" />
    </MapTiles>
    <StaticTiles />
  </TransInfo>
  <TransInfo Description="Sand Embankment to Forest SWA" HashKey="0B0B0B52525252520B">
    <MapTiles>
      <MapTile TileID="1622" AltIDMod="0" />
    </MapTiles>
    <StaticTiles />
  </TransInfo>
  <TransInfo Description="Sand Embankment to Forest EW" HashKey="5252520B52520B5252">
    <MapTiles>
      <MapTile TileID="1613" AltIDMod="0" />
    </MapTiles>
    <StaticTiles />
  </TransInfo>
  <TransInfo Description="Sand Embankment to Forest AC" HashKey="520B520B520B525252">
    <MapTiles>
      <MapTile TileID="196" AltIDMod="0" />
    </MapTiles>
    <StaticTiles />
  </TransInfo>
  <TransInfo Description="Sand Embankment to Forest AC" HashKey="0B0B525252520B0B52">
    <MapTiles>
      <MapTile TileID="196" AltIDMod="0" />
    </MapTiles>
    <StaticTiles />
  </TransInfo>
  <TransInfo Description="Sand Embankment to Forest AC" HashKey="0B0B0B0B52520B0B52">
    <MapTiles>
      <MapTile TileID="196" AltIDMod="0" />
    </MapTiles>
    <StaticTiles />
  </TransInfo>
  <TransInfo Description="Sand Embankment to Forest AC" HashKey="0B520B0B520B525252">
    <MapTiles>
      <MapTile TileID="196" AltIDMod="0" />
    </MapTiles>
    <StaticTiles />
  </TransInfo>
  <TransInfo Description="Sand Embankment to Forest AC" HashKey="0B0B0B0B520B525252">
    <MapTiles>
      <MapTile TileID="196" AltIDMod="0" />
    </MapTiles>
    <StaticTiles />
  </TransInfo>
  <TransInfo Description="Sand Embankment to Forest AC" HashKey="52520B0B520B0B0B0B">
    <MapTiles>
      <MapTile TileID="196" AltIDMod="0" />
    </MapTiles>
    <StaticTiles />
  </TransInfo>
  <TransInfo Description="Sand Embankment to Forest NWA" HashKey="52525252520B0B520B">
    <MapTiles>
      <MapTile TileID="1619" AltIDMod="0" />
    </MapTiles>
    <StaticTiles />
  </TransInfo>
  <TransInfo Description="Sand Embankment to Forest NEA" HashKey="0B52520B52520B520B">
    <MapTiles>
      <MapTile TileID="1621" AltIDMod="0" />
    </MapTiles>
    <StaticTiles />
  </TransInfo>
  <TransInfo Description="Sand Embankment to Forest AC" HashKey="0B520B5252520B0B0B">
    <MapTiles>
      <MapTile TileID="196" AltIDMod="0" />
    </MapTiles>
    <StaticTiles />
  </TransInfo>
  <TransInfo Description="Sand Embankment to Forest SN" HashKey="520B0B525252525252">
    <MapTiles>
      <MapTile TileID="1614" AltIDMod="0" />
    </MapTiles>
    <StaticTiles />
  </TransInfo>
  <TransInfo Description="Sand Embankment to Forest AC" HashKey="520B0B0B520B0B5252">
    <MapTiles>
      <MapTile TileID="196" AltIDMod="0" />
    </MapTiles>
    <StaticTiles />
  </TransInfo>
  <TransInfo Description="Sand Embankment to Forest AC" HashKey="5252520B520B0B0B52">
    <MapTiles>
      <MapTile TileID="196" AltIDMod="0" />
    </MapTiles>
    <StaticTiles />
  </TransInfo>
  <TransInfo Description="Sand Embankment to Forest NS" HashKey="5252525252520B0B52">
    <MapTiles>
      <MapTile TileID="1611" AltIDMod="0" />
    </MapTiles>
    <StaticTiles />
  </TransInfo>
  <TransInfo Description="Sand Embankment to Forest SN" HashKey="0B0B52525252525252">
    <MapTiles>
      <MapTile TileID="1614" AltIDMod="0" />
    </MapTiles>
    <StaticTiles />
  </TransInfo>
  <TransInfo Description="Sand Embankment to Forest SWA" HashKey="0B525252520B52520B">
    <MapTiles>
      <MapTile TileID="1622" AltIDMod="0" />
    </MapTiles>
    <StaticTiles />
  </TransInfo>
  <TransInfo Description="Sand Embankment to Forest AC" HashKey="0B520B0B52520B0B52">
    <MapTiles>
      <MapTile TileID="196" AltIDMod="0" />
    </MapTiles>
    <StaticTiles />
  </TransInfo>
  <TransInfo Description="Sand Embankment to Forest AC" HashKey="5252520B520B520B0B">
    <MapTiles>
      <MapTile TileID="196" AltIDMod="0" />
    </MapTiles>
    <StaticTiles />
  </TransInfo>
  <TransInfo Description="Sand Embankment to Forest AC" HashKey="520B0B52520B520B52">
    <MapTiles>
      <MapTile TileID="196" AltIDMod="0" />
    </MapTiles>
    <StaticTiles />
  </TransInfo>
  <TransInfo Description="Sand Embankment to Forest WE" HashKey="52520B52520B525252">
    <MapTiles>
      <MapTile TileID="1612" AltIDMod="0" />
    </MapTiles>
    <StaticTiles />
  </TransInfo>
  <TransInfo Description="Sand Embankment to Forest NEA" HashKey="5252520B52520B0B0B">
    <MapTiles>
      <MapTile TileID="1621" AltIDMod="0" />
    </MapTiles>
    <StaticTiles />
  </TransInfo>
  <TransInfo Description="Sand Embankment to Forest AC" HashKey="0B520B0B520B0B520B">
    <MapTiles>
      <MapTile TileID="196" AltIDMod="0" />
    </MapTiles>
    <StaticTiles />
  </TransInfo>
  <TransInfo Description="Sand Embankment to Forest AC" HashKey="5252520B520B525252">
    <MapTiles>
      <MapTile TileID="196" AltIDMod="0" />
    </MapTiles>
    <StaticTiles />
  </TransInfo>
  <TransInfo Description="Sand Embankment to Forest AC" HashKey="0B0B5252520B520B52">
    <MapTiles>
      <MapTile TileID="196" AltIDMod="0" />
    </MapTiles>
    <StaticTiles />
  </TransInfo>
  <TransInfo Description="Sand Embankment to Forest NEA" HashKey="0B5252525252520B0B">
    <MapTiles>
      <MapTile TileID="1621" AltIDMod="0" />
    </MapTiles>
    <StaticTiles />
  </TransInfo>
  <TransInfo Description="Sand Embankment to Forest AC" HashKey="0B0B525252520B520B">
    <MapTiles>
      <MapTile TileID="196" AltIDMod="0" />
    </MapTiles>
    <StaticTiles />
  </TransInfo>
  <TransInfo Description="Sand Embankment to Forest NWA" HashKey="52520B525252520B52">
    <MapTiles>
      <MapTile TileID="1619" AltIDMod="0" />
    </MapTiles>
    <StaticTiles />
  </TransInfo>
  <TransInfo Description="Sand Embankment to Forest NWA" HashKey="52525252520B0B0B52">
    <MapTiles>
      <MapTile TileID="1619" AltIDMod="0" />
    </MapTiles>
    <StaticTiles />
  </TransInfo>
  <TransInfo Description="Sand Embankment to Forest SEA" HashKey="0B520B5252520B5252">
    <MapTiles>
      <MapTile TileID="1620" AltIDMod="0" />
    </MapTiles>
    <StaticTiles />
  </TransInfo>
  <TransInfo Description="Sand Embankment to Forest AC" HashKey="520B0B525252520B0B">
    <MapTiles>
      <MapTile TileID="196" AltIDMod="0" />
    </MapTiles>
    <StaticTiles />
  </TransInfo>
  <TransInfo Description="Sand Embankment to Forest AC" HashKey="520B520B525252520B">
    <MapTiles>
      <MapTile TileID="196" AltIDMod="0" />
    </MapTiles>
    <StaticTiles />
  </TransInfo>
  <TransInfo Description="Sand Embankment to Forest SEA" HashKey="520B520B5252525252">
    <MapTiles>
      <MapTile TileID="1620" AltIDMod="0" />
    </MapTiles>
    <StaticTiles />
  </TransInfo>
  <TransInfo Description="Sand Embankment to Forest NS" HashKey="5252525252520B520B">
    <MapTiles>
      <MapTile TileID="1611" AltIDMod="0" />
    </MapTiles>
    <StaticTiles />
  </TransInfo>
  <TransInfo Description="Sand Embankment to Forest AC" HashKey="520B0B0B52520B520B">
    <MapTiles>
      <MapTile TileID="196" AltIDMod="0" />
    </MapTiles>
    <StaticTiles />
  </TransInfo>
  <TransInfo Description="Sand Embankment to Forest AC" HashKey="520B520B52520B520B">
    <MapTiles>
      <MapTile TileID="196" AltIDMod="0" />
    </MapTiles>
    <StaticTiles />
  </TransInfo>
  <TransInfo Description="Sand Embankment to Forest AC" HashKey="0B0B520B520B0B0B0B">
    <MapTiles>
      <MapTile TileID="196" AltIDMod="0" />
    </MapTiles>
    <StaticTiles />
  </TransInfo>
  <TransInfo Description="Sand Embankment to Forest AC" HashKey="52520B0B520B520B0B">
    <MapTiles>
      <MapTile TileID="196" AltIDMod="0" />
    </MapTiles>
    <StaticTiles />
  </TransInfo>
  <TransInfo Description="Sand Embankment to Forest AC" HashKey="0B525252520B520B52">
    <MapTiles>
      <MapTile TileID="196" AltIDMod="0" />
    </MapTiles>
    <StaticTiles />
  </TransInfo>
  <TransInfo Description="Sand Embankment to Forest AC" HashKey="0B520B52520B0B0B52">
    <MapTiles>
      <MapTile TileID="196" AltIDMod="0" />
    </MapTiles>
    <StaticTiles />
  </TransInfo>
  <TransInfo Description="Sand Embankment to Forest SEA" HashKey="0B0B0B0B5252525252">
    <MapTiles>
      <MapTile TileID="1620" AltIDMod="0" />
    </MapTiles>
    <StaticTiles />
  </TransInfo>
  <TransInfo Description="Sand Embankment to Forest AC" HashKey="0B0B0B52520B0B5252">
    <MapTiles>
      <MapTile TileID="196" AltIDMod="0" />
    </MapTiles>
    <StaticTiles />
  </TransInfo>
  <TransInfo Description="Sand Embankment to Forest SWA" HashKey="520B0B52520B52520B">
    <MapTiles>
      <MapTile TileID="1622" AltIDMod="0" />
    </MapTiles>
    <StaticTiles />
  </TransInfo>
  <TransInfo Description="Sand Embankment to Forest NWA" HashKey="52520B52520B520B0B">
    <MapTiles>
      <MapTile TileID="1619" AltIDMod="0" />
    </MapTiles>
    <StaticTiles />
  </TransInfo>
  <TransInfo Description="Sand Embankment to Forest AC" HashKey="520B520B520B520B52">
    <MapTiles>
      <MapTile TileID="196" AltIDMod="0" />
    </MapTiles>
    <StaticTiles />
  </TransInfo>
  <TransInfo Description="Sand Embankment to Forest AC" HashKey="520B525252520B520B">
    <MapTiles>
      <MapTile TileID="196" AltIDMod="0" />
    </MapTiles>
    <StaticTiles />
  </TransInfo>
  <TransInfo Description="Sand Embankment to Forest AC" HashKey="520B0B0B525252520B">
    <MapTiles>
      <MapTile TileID="196" AltIDMod="0" />
    </MapTiles>
    <StaticTiles />
  </TransInfo>
  <TransInfo Description="Sand Embankment to Forest SWA" HashKey="0B0B5252520B52520B">
    <MapTiles>
      <MapTile TileID="1622" AltIDMod="0" />
    </MapTiles>
    <StaticTiles />
  </TransInfo>
  <TransInfo Description="Sand Embankment to Forest NWB" HashKey="0B5252525252525252">
    <MapTiles>
      <MapTile TileID="1615" AltIDMod="0" />
    </MapTiles>
    <StaticTiles />
  </TransInfo>
  <TransInfo Description="Sand Embankment to Forest AC" HashKey="0B0B0B0B520B520B52">
    <MapTiles>
      <MapTile TileID="196" AltIDMod="0" />
    </MapTiles>
    <StaticTiles />
  </TransInfo>
  <TransInfo Description="Sand Embankment to Forest AC" HashKey="5252520B520B0B0B0B">
    <MapTiles>
      <MapTile TileID="196" AltIDMod="0" />
    </MapTiles>
    <StaticTiles />
  </TransInfo>
  <TransInfo Description="Sand Embankment to Forest AC" HashKey="0B0B520B520B0B520B">
    <MapTiles>
      <MapTile TileID="196" AltIDMod="0" />
    </MapTiles>
    <StaticTiles />
  </TransInfo>
  <TransInfo Description="Sand Embankment to Forest WE" HashKey="52520B52525252520B">
    <MapTiles>
      <MapTile TileID="1612" AltIDMod="0" />
    </MapTiles>
    <StaticTiles />
  </TransInfo>
  <TransInfo Description="Sand Embankment to Forest NEA" HashKey="5252520B5252520B0B">
    <MapTiles>
      <MapTile TileID="1621" AltIDMod="0" />
    </MapTiles>
    <StaticTiles />
  </TransInfo>
  <TransInfo Description="Sand Embankment to Forest AC" HashKey="520B0B0B520B0B0B52">
    <MapTiles>
      <MapTile TileID="196" AltIDMod="0" />
    </MapTiles>
    <StaticTiles />
  </TransInfo>
  <TransInfo Description="Sand Embankment to Forest AC" HashKey="0B0B520B52520B520B">
    <MapTiles>
      <MapTile TileID="196" AltIDMod="0" />
    </MapTiles>
    <StaticTiles />
  </TransInfo>
  <TransInfo Description="Sand Embankment to Forest AC" HashKey="520B520B5252520B0B">
    <MapTiles>
      <MapTile TileID="196" AltIDMod="0" />
    </MapTiles>
    <StaticTiles />
  </TransInfo>
</Trans>