﻿<?xml version="1.0" encoding="utf-8"?>
<Trans>
  <TransInfo Description="Shallow Water to Beach SEA" HashKey="060650500606500606">
    <MapTiles>
      <MapTile TileID="76" AltIDMod="-15" />
    </MapTiles>
    <StaticTiles>
      <StaticTile TileID="6039" AltIDMod="-5" />
      <StaticTile TileID="6040" AltIDMod="-5" />
      <StaticTile TileID="6041" AltIDMod="-5" />
      <StaticTile TileID="6042" AltIDMod="-5" />
      <StaticTile TileID="6043" AltIDMod="-5" />
      <StaticTile TileID="6044" AltIDMod="-5" />
    </StaticTiles>
  </TransInfo>
  <TransInfo Description="Shallow Water to Beach NEA" HashKey="500606060606065006">
    <MapTiles>
      <MapTile TileID="79" AltIDMod="-15" />
    </MapTiles>
    <StaticTiles>
      <StaticTile TileID="6039" AltIDMod="-5" />
      <StaticTile TileID="6040" AltIDMod="-5" />
      <StaticTile TileID="6041" AltIDMod="-5" />
      <StaticTile TileID="6042" AltIDMod="-5" />
      <StaticTile TileID="6043" AltIDMod="-5" />
      <StaticTile TileID="6044" AltIDMod="-5" />
    </StaticTiles>
  </TransInfo>
  <TransInfo Description="Shallow Water to Beach NEA" HashKey="500606060606065050">
    <MapTiles>
      <MapTile TileID="79" AltIDMod="-15" />
    </MapTiles>
    <StaticTiles>
      <StaticTile TileID="6039" AltIDMod="-5" />
      <StaticTile TileID="6040" AltIDMod="-5" />
      <StaticTile TileID="6041" AltIDMod="-5" />
      <StaticTile TileID="6042" AltIDMod="-5" />
      <StaticTile TileID="6043" AltIDMod="-5" />
      <StaticTile TileID="6044" AltIDMod="-5" />
    </StaticTiles>
  </TransInfo>
  <TransInfo Description="Shallow Water to Beach NS" HashKey="060606060606500650">
    <MapTiles>
      <MapTile TileID="82" AltIDMod="-15" />
    </MapTiles>
    <StaticTiles>
      <StaticTile TileID="6039" AltIDMod="-5" />
      <StaticTile TileID="6040" AltIDMod="-5" />
      <StaticTile TileID="6041" AltIDMod="-5" />
      <StaticTile TileID="6042" AltIDMod="-5" />
      <StaticTile TileID="6043" AltIDMod="-5" />
      <StaticTile TileID="6044" AltIDMod="-5" />
    </StaticTiles>
  </TransInfo>
  <TransInfo Description="Shallow Water to Beach SWB" HashKey="060606060606500606">
    <MapTiles>
      <MapTile TileID="87" AltIDMod="-15" />
    </MapTiles>
    <StaticTiles>
      <StaticTile TileID="6039" AltIDMod="-5" />
      <StaticTile TileID="6040" AltIDMod="-5" />
      <StaticTile TileID="6041" AltIDMod="-5" />
      <StaticTile TileID="6042" AltIDMod="-5" />
      <StaticTile TileID="6043" AltIDMod="-5" />
      <StaticTile TileID="6044" AltIDMod="-5" />
    </StaticTiles>
  </TransInfo>
  <TransInfo Description="Shallow Water to Beach NWA" HashKey="060650060650500650">
    <MapTiles>
      <MapTile TileID="78" AltIDMod="-15" />
    </MapTiles>
    <StaticTiles>
      <StaticTile TileID="6039" AltIDMod="-5" />
      <StaticTile TileID="6040" AltIDMod="-5" />
      <StaticTile TileID="6041" AltIDMod="-5" />
      <StaticTile TileID="6042" AltIDMod="-5" />
      <StaticTile TileID="6043" AltIDMod="-5" />
      <StaticTile TileID="6044" AltIDMod="-5" />
    </StaticTiles>
  </TransInfo>
  <TransInfo Description="Shallow Water to Beach NWA" HashKey="060650060650500606">
    <MapTiles>
      <MapTile TileID="78" AltIDMod="-15" />
    </MapTiles>
    <StaticTiles>
      <StaticTile TileID="6039" AltIDMod="-5" />
      <StaticTile TileID="6040" AltIDMod="-5" />
      <StaticTile TileID="6041" AltIDMod="-5" />
      <StaticTile TileID="6042" AltIDMod="-5" />
      <StaticTile TileID="6043" AltIDMod="-5" />
      <StaticTile TileID="6044" AltIDMod="-5" />
    </StaticTiles>
  </TransInfo>
  <TransInfo Description="Shallow Water to Beach NWA" HashKey="060650060606500650">
    <MapTiles>
      <MapTile TileID="78" AltIDMod="-15" />
    </MapTiles>
    <StaticTiles>
      <StaticTile TileID="6039" AltIDMod="-5" />
      <StaticTile TileID="6040" AltIDMod="-5" />
      <StaticTile TileID="6041" AltIDMod="-5" />
      <StaticTile TileID="6042" AltIDMod="-5" />
      <StaticTile TileID="6043" AltIDMod="-5" />
      <StaticTile TileID="6044" AltIDMod="-5" />
    </StaticTiles>
  </TransInfo>
  <TransInfo Description="Shallow Water to Beach EW" HashKey="060606500606500606">
    <MapTiles>
      <MapTile TileID="83" AltIDMod="-15" />
    </MapTiles>
    <StaticTiles>
      <StaticTile TileID="6039" AltIDMod="-5" />
      <StaticTile TileID="6040" AltIDMod="-5" />
      <StaticTile TileID="6041" AltIDMod="-5" />
      <StaticTile TileID="6042" AltIDMod="-5" />
      <StaticTile TileID="6043" AltIDMod="-5" />
      <StaticTile TileID="6044" AltIDMod="-5" />
    </StaticTiles>
  </TransInfo>
  <TransInfo Description="Shallow Water to Beach NEA" HashKey="060606500606500650">
    <MapTiles>
      <MapTile TileID="79" AltIDMod="-15" />
    </MapTiles>
    <StaticTiles>
      <StaticTile TileID="6039" AltIDMod="-5" />
      <StaticTile TileID="6040" AltIDMod="-5" />
      <StaticTile TileID="6041" AltIDMod="-5" />
      <StaticTile TileID="6042" AltIDMod="-5" />
      <StaticTile TileID="6043" AltIDMod="-5" />
      <StaticTile TileID="6044" AltIDMod="-5" />
    </StaticTiles>
  </TransInfo>
  <TransInfo Description="Shallow Water to Beach SEA" HashKey="505050500606060606">
    <MapTiles>
      <MapTile TileID="76" AltIDMod="-15" />
    </MapTiles>
    <StaticTiles>
      <StaticTile TileID="6039" AltIDMod="-5" />
      <StaticTile TileID="6040" AltIDMod="-5" />
      <StaticTile TileID="6041" AltIDMod="-5" />
      <StaticTile TileID="6042" AltIDMod="-5" />
      <StaticTile TileID="6043" AltIDMod="-5" />
      <StaticTile TileID="6044" AltIDMod="-5" />
    </StaticTiles>
  </TransInfo>
  <TransInfo Description="Shallow Water to Beach SWA" HashKey="500606060650060606">
    <MapTiles>
      <MapTile TileID="77" AltIDMod="-15" />
    </MapTiles>
    <StaticTiles>
      <StaticTile TileID="6039" AltIDMod="-5" />
      <StaticTile TileID="6040" AltIDMod="-5" />
      <StaticTile TileID="6041" AltIDMod="-5" />
      <StaticTile TileID="6042" AltIDMod="-5" />
      <StaticTile TileID="6043" AltIDMod="-5" />
      <StaticTile TileID="6044" AltIDMod="-5" />
    </StaticTiles>
  </TransInfo>
  <TransInfo Description="Shallow Water to Beach SWA" HashKey="500606060650060650">
    <MapTiles>
      <MapTile TileID="77" AltIDMod="-15" />
    </MapTiles>
    <StaticTiles>
      <StaticTile TileID="6039" AltIDMod="-5" />
      <StaticTile TileID="6040" AltIDMod="-5" />
      <StaticTile TileID="6041" AltIDMod="-5" />
      <StaticTile TileID="6042" AltIDMod="-5" />
      <StaticTile TileID="6043" AltIDMod="-5" />
      <StaticTile TileID="6044" AltIDMod="-5" />
    </StaticTiles>
  </TransInfo>
  <TransInfo Description="Shallow Water to Beach SN" HashKey="505006060606060606">
    <MapTiles>
      <MapTile TileID="80" AltIDMod="-15" />
    </MapTiles>
    <StaticTiles>
      <StaticTile TileID="6039" AltIDMod="-5" />
      <StaticTile TileID="6040" AltIDMod="-5" />
      <StaticTile TileID="6041" AltIDMod="-5" />
      <StaticTile TileID="6042" AltIDMod="-5" />
      <StaticTile TileID="6043" AltIDMod="-5" />
      <StaticTile TileID="6044" AltIDMod="-5" />
    </StaticTiles>
  </TransInfo>
  <TransInfo Description="Shallow Water to Beach SWA" HashKey="505006060606060650">
    <MapTiles>
      <MapTile TileID="77" AltIDMod="-15" />
    </MapTiles>
    <StaticTiles>
      <StaticTile TileID="6039" AltIDMod="-5" />
      <StaticTile TileID="6040" AltIDMod="-5" />
      <StaticTile TileID="6041" AltIDMod="-5" />
      <StaticTile TileID="6042" AltIDMod="-5" />
      <StaticTile TileID="6043" AltIDMod="-5" />
      <StaticTile TileID="6044" AltIDMod="-5" />
    </StaticTiles>
  </TransInfo>
  <TransInfo Description="Shallow Water to Beach SEA" HashKey="065006500606060606">
    <MapTiles>
      <MapTile TileID="76" AltIDMod="-15" />
    </MapTiles>
    <StaticTiles>
      <StaticTile TileID="6039" AltIDMod="-5" />
      <StaticTile TileID="6040" AltIDMod="-5" />
      <StaticTile TileID="6041" AltIDMod="-5" />
      <StaticTile TileID="6042" AltIDMod="-5" />
      <StaticTile TileID="6043" AltIDMod="-5" />
      <StaticTile TileID="6044" AltIDMod="-5" />
    </StaticTiles>
  </TransInfo>
  <TransInfo Description="Shallow Water to Beach NS" HashKey="060606060606505006">
    <MapTiles>
      <MapTile TileID="82" AltIDMod="-15" />
    </MapTiles>
    <StaticTiles>
      <StaticTile TileID="6039" AltIDMod="-5" />
      <StaticTile TileID="6040" AltIDMod="-5" />
      <StaticTile TileID="6041" AltIDMod="-5" />
      <StaticTile TileID="6042" AltIDMod="-5" />
      <StaticTile TileID="6043" AltIDMod="-5" />
      <StaticTile TileID="6044" AltIDMod="-5" />
    </StaticTiles>
  </TransInfo>
  <TransInfo Description="Shallow Water to Beach NS" HashKey="060606060606505050">
    <MapTiles>
      <MapTile TileID="82" AltIDMod="-15" />
    </MapTiles>
    <StaticTiles>
      <StaticTile TileID="6039" AltIDMod="-5" />
      <StaticTile TileID="6040" AltIDMod="-5" />
      <StaticTile TileID="6041" AltIDMod="-5" />
      <StaticTile TileID="6042" AltIDMod="-5" />
      <StaticTile TileID="6043" AltIDMod="-5" />
      <StaticTile TileID="6044" AltIDMod="-5" />
    </StaticTiles>
  </TransInfo>
  <TransInfo Description="Shallow Water to Beach NWA" HashKey="060650060650505006">
    <MapTiles>
      <MapTile TileID="78" AltIDMod="-15" />
    </MapTiles>
    <StaticTiles>
      <StaticTile TileID="6039" AltIDMod="-5" />
      <StaticTile TileID="6040" AltIDMod="-5" />
      <StaticTile TileID="6041" AltIDMod="-5" />
      <StaticTile TileID="6042" AltIDMod="-5" />
      <StaticTile TileID="6043" AltIDMod="-5" />
      <StaticTile TileID="6044" AltIDMod="-5" />
    </StaticTiles>
  </TransInfo>
  <TransInfo Description="Shallow Water to Beach NWA" HashKey="060650060650505050">
    <MapTiles>
      <MapTile TileID="78" AltIDMod="-15" />
    </MapTiles>
    <StaticTiles>
      <StaticTile TileID="6039" AltIDMod="-5" />
      <StaticTile TileID="6040" AltIDMod="-5" />
      <StaticTile TileID="6041" AltIDMod="-5" />
      <StaticTile TileID="6042" AltIDMod="-5" />
      <StaticTile TileID="6043" AltIDMod="-5" />
      <StaticTile TileID="6044" AltIDMod="-5" />
    </StaticTiles>
  </TransInfo>
  <TransInfo Description="Shallow Water to Beach NEA" HashKey="060606500606060650">
    <MapTiles>
      <MapTile TileID="79" AltIDMod="-15" />
    </MapTiles>
    <StaticTiles>
      <StaticTile TileID="6039" AltIDMod="-5" />
      <StaticTile TileID="6040" AltIDMod="-5" />
      <StaticTile TileID="6041" AltIDMod="-5" />
      <StaticTile TileID="6042" AltIDMod="-5" />
      <StaticTile TileID="6043" AltIDMod="-5" />
      <StaticTile TileID="6044" AltIDMod="-5" />
    </StaticTiles>
  </TransInfo>
  <TransInfo Description="Shallow Water to Beach EW" HashKey="060606500606060606">
    <MapTiles>
      <MapTile TileID="83" AltIDMod="-15" />
    </MapTiles>
    <StaticTiles>
      <StaticTile TileID="6039" AltIDMod="-5" />
      <StaticTile TileID="6040" AltIDMod="-5" />
      <StaticTile TileID="6041" AltIDMod="-5" />
      <StaticTile TileID="6042" AltIDMod="-5" />
      <StaticTile TileID="6043" AltIDMod="-5" />
      <StaticTile TileID="6044" AltIDMod="-5" />
    </StaticTiles>
  </TransInfo>
  <TransInfo Description="Shallow Water to Beach SN" HashKey="065050060606060606">
    <MapTiles>
      <MapTile TileID="80" AltIDMod="-15" />
    </MapTiles>
    <StaticTiles>
      <StaticTile TileID="6039" AltIDMod="-5" />
      <StaticTile TileID="6040" AltIDMod="-5" />
      <StaticTile TileID="6041" AltIDMod="-5" />
      <StaticTile TileID="6042" AltIDMod="-5" />
      <StaticTile TileID="6043" AltIDMod="-5" />
      <StaticTile TileID="6044" AltIDMod="-5" />
    </StaticTiles>
  </TransInfo>
  <TransInfo Description="Shallow Water to Beach SWA" HashKey="065050060606060650">
    <MapTiles>
      <MapTile TileID="77" AltIDMod="-15" />
    </MapTiles>
    <StaticTiles>
      <StaticTile TileID="6039" AltIDMod="-5" />
      <StaticTile TileID="6040" AltIDMod="-5" />
      <StaticTile TileID="6041" AltIDMod="-5" />
      <StaticTile TileID="6042" AltIDMod="-5" />
      <StaticTile TileID="6043" AltIDMod="-5" />
      <StaticTile TileID="6044" AltIDMod="-5" />
    </StaticTiles>
  </TransInfo>
  <TransInfo Description="Shallow Water to Beach NWA" HashKey="060606060650505050">
    <MapTiles>
      <MapTile TileID="78" AltIDMod="-15" />
    </MapTiles>
    <StaticTiles>
      <StaticTile TileID="6039" AltIDMod="-5" />
      <StaticTile TileID="6040" AltIDMod="-5" />
      <StaticTile TileID="6041" AltIDMod="-5" />
      <StaticTile TileID="6042" AltIDMod="-5" />
      <StaticTile TileID="6043" AltIDMod="-5" />
      <StaticTile TileID="6044" AltIDMod="-5" />
    </StaticTiles>
  </TransInfo>
  <TransInfo Description="Shallow Water to Beach NWA" HashKey="060606060650505006">
    <MapTiles>
      <MapTile TileID="78" AltIDMod="-15" />
    </MapTiles>
    <StaticTiles>
      <StaticTile TileID="6039" AltIDMod="-5" />
      <StaticTile TileID="6040" AltIDMod="-5" />
      <StaticTile TileID="6041" AltIDMod="-5" />
      <StaticTile TileID="6042" AltIDMod="-5" />
      <StaticTile TileID="6043" AltIDMod="-5" />
      <StaticTile TileID="6044" AltIDMod="-5" />
    </StaticTiles>
  </TransInfo>
  <TransInfo Description="Shallow Water to Beach NEA" HashKey="500606500606065050">
    <MapTiles>
      <MapTile TileID="79" AltIDMod="-15" />
    </MapTiles>
    <StaticTiles>
      <StaticTile TileID="6039" AltIDMod="-5" />
      <StaticTile TileID="6040" AltIDMod="-5" />
      <StaticTile TileID="6041" AltIDMod="-5" />
      <StaticTile TileID="6042" AltIDMod="-5" />
      <StaticTile TileID="6043" AltIDMod="-5" />
      <StaticTile TileID="6044" AltIDMod="-5" />
    </StaticTiles>
  </TransInfo>
  <TransInfo Description="Shallow Water to Beach NEA" HashKey="500606500606065006">
    <MapTiles>
      <MapTile TileID="79" AltIDMod="-15" />
    </MapTiles>
    <StaticTiles>
      <StaticTile TileID="6039" AltIDMod="-5" />
      <StaticTile TileID="6040" AltIDMod="-5" />
      <StaticTile TileID="6041" AltIDMod="-5" />
      <StaticTile TileID="6042" AltIDMod="-5" />
      <StaticTile TileID="6043" AltIDMod="-5" />
      <StaticTile TileID="6044" AltIDMod="-5" />
    </StaticTiles>
  </TransInfo>
  <TransInfo Description="Shallow Water to Beach SEA" HashKey="505006060606500606">
    <MapTiles>
      <MapTile TileID="76" AltIDMod="-15" />
    </MapTiles>
    <StaticTiles>
      <StaticTile TileID="6039" AltIDMod="-5" />
      <StaticTile TileID="6040" AltIDMod="-5" />
      <StaticTile TileID="6041" AltIDMod="-5" />
      <StaticTile TileID="6042" AltIDMod="-5" />
      <StaticTile TileID="6043" AltIDMod="-5" />
      <StaticTile TileID="6044" AltIDMod="-5" />
    </StaticTiles>
  </TransInfo>
  <TransInfo Description="Shallow Water to Beach SEA" HashKey="065006500606500606">
    <MapTiles>
      <MapTile TileID="76" AltIDMod="-15" />
    </MapTiles>
    <StaticTiles>
      <StaticTile TileID="6039" AltIDMod="-5" />
      <StaticTile TileID="6040" AltIDMod="-5" />
      <StaticTile TileID="6041" AltIDMod="-5" />
      <StaticTile TileID="6042" AltIDMod="-5" />
      <StaticTile TileID="6043" AltIDMod="-5" />
      <StaticTile TileID="6044" AltIDMod="-5" />
    </StaticTiles>
  </TransInfo>
  <TransInfo Description="Shallow Water to Beach SEA" HashKey="505050060606500606">
    <MapTiles>
      <MapTile TileID="76" AltIDMod="-15" />
    </MapTiles>
    <StaticTiles>
      <StaticTile TileID="6039" AltIDMod="-5" />
      <StaticTile TileID="6040" AltIDMod="-5" />
      <StaticTile TileID="6041" AltIDMod="-5" />
      <StaticTile TileID="6042" AltIDMod="-5" />
      <StaticTile TileID="6043" AltIDMod="-5" />
      <StaticTile TileID="6044" AltIDMod="-5" />
    </StaticTiles>
  </TransInfo>
  <TransInfo Description="Shallow Water to Beach NWA" HashKey="060650060606065006">
    <MapTiles>
      <MapTile TileID="78" AltIDMod="-15" />
    </MapTiles>
    <StaticTiles>
      <StaticTile TileID="6039" AltIDMod="-5" />
      <StaticTile TileID="6040" AltIDMod="-5" />
      <StaticTile TileID="6041" AltIDMod="-5" />
      <StaticTile TileID="6042" AltIDMod="-5" />
      <StaticTile TileID="6043" AltIDMod="-5" />
      <StaticTile TileID="6044" AltIDMod="-5" />
    </StaticTiles>
  </TransInfo>
  <TransInfo Description="Shallow Water to Beach NWA" HashKey="060650060606065050">
    <MapTiles>
      <MapTile TileID="78" AltIDMod="-15" />
    </MapTiles>
    <StaticTiles>
      <StaticTile TileID="6039" AltIDMod="-5" />
      <StaticTile TileID="6040" AltIDMod="-5" />
      <StaticTile TileID="6041" AltIDMod="-5" />
      <StaticTile TileID="6042" AltIDMod="-5" />
      <StaticTile TileID="6043" AltIDMod="-5" />
      <StaticTile TileID="6044" AltIDMod="-5" />
    </StaticTiles>
  </TransInfo>
  <TransInfo Description="Shallow Water to Beach SEA" HashKey="065050060606500606">
    <MapTiles>
      <MapTile TileID="76" AltIDMod="-15" />
    </MapTiles>
    <StaticTiles>
      <StaticTile TileID="6039" AltIDMod="-5" />
      <StaticTile TileID="6040" AltIDMod="-5" />
      <StaticTile TileID="6041" AltIDMod="-5" />
      <StaticTile TileID="6042" AltIDMod="-5" />
      <StaticTile TileID="6043" AltIDMod="-5" />
      <StaticTile TileID="6044" AltIDMod="-5" />
    </StaticTiles>
  </TransInfo>
  <TransInfo Description="Shallow Water to Beach SEA" HashKey="505006500606500606">
    <MapTiles>
      <MapTile TileID="76" AltIDMod="-15" />
    </MapTiles>
    <StaticTiles>
      <StaticTile TileID="6039" AltIDMod="-5" />
      <StaticTile TileID="6040" AltIDMod="-5" />
      <StaticTile TileID="6041" AltIDMod="-5" />
      <StaticTile TileID="6042" AltIDMod="-5" />
      <StaticTile TileID="6043" AltIDMod="-5" />
      <StaticTile TileID="6044" AltIDMod="-5" />
    </StaticTiles>
  </TransInfo>
  <TransInfo Description="Shallow Water to Beach SEA" HashKey="065006060606500606">
    <MapTiles>
      <MapTile TileID="76" AltIDMod="-15" />
    </MapTiles>
    <StaticTiles>
      <StaticTile TileID="6039" AltIDMod="-5" />
      <StaticTile TileID="6040" AltIDMod="-5" />
      <StaticTile TileID="6041" AltIDMod="-5" />
      <StaticTile TileID="6042" AltIDMod="-5" />
      <StaticTile TileID="6043" AltIDMod="-5" />
      <StaticTile TileID="6044" AltIDMod="-5" />
    </StaticTiles>
  </TransInfo>
  <TransInfo Description="Shallow Water to Beach NEA" HashKey="060606500606065006">
    <MapTiles>
      <MapTile TileID="79" AltIDMod="-15" />
    </MapTiles>
    <StaticTiles>
      <StaticTile TileID="6039" AltIDMod="-5" />
      <StaticTile TileID="6040" AltIDMod="-5" />
      <StaticTile TileID="6041" AltIDMod="-5" />
      <StaticTile TileID="6042" AltIDMod="-5" />
      <StaticTile TileID="6043" AltIDMod="-5" />
      <StaticTile TileID="6044" AltIDMod="-5" />
    </StaticTiles>
  </TransInfo>
  <TransInfo Description="Shallow Water to Beach WE" HashKey="060650060606060650">
    <MapTiles>
      <MapTile TileID="81" AltIDMod="-15" />
    </MapTiles>
    <StaticTiles>
      <StaticTile TileID="6039" AltIDMod="-5" />
      <StaticTile TileID="6040" AltIDMod="-5" />
      <StaticTile TileID="6041" AltIDMod="-5" />
      <StaticTile TileID="6042" AltIDMod="-5" />
      <StaticTile TileID="6043" AltIDMod="-5" />
      <StaticTile TileID="6044" AltIDMod="-5" />
    </StaticTiles>
  </TransInfo>
  <TransInfo Description="Shallow Water to Beach NEB" HashKey="060650060606060606">
    <MapTiles>
      <MapTile TileID="85" AltIDMod="-15" />
    </MapTiles>
    <StaticTiles>
      <StaticTile TileID="6039" AltIDMod="-5" />
      <StaticTile TileID="6040" AltIDMod="-5" />
      <StaticTile TileID="6041" AltIDMod="-5" />
      <StaticTile TileID="6042" AltIDMod="-5" />
      <StaticTile TileID="6043" AltIDMod="-5" />
      <StaticTile TileID="6044" AltIDMod="-5" />
    </StaticTiles>
  </TransInfo>
  <TransInfo Description="Shallow Water to Beach NWA" HashKey="060606060650500606">
    <MapTiles>
      <MapTile TileID="78" AltIDMod="-15" />
    </MapTiles>
    <StaticTiles>
      <StaticTile TileID="6039" AltIDMod="-5" />
      <StaticTile TileID="6040" AltIDMod="-5" />
      <StaticTile TileID="6041" AltIDMod="-5" />
      <StaticTile TileID="6042" AltIDMod="-5" />
      <StaticTile TileID="6043" AltIDMod="-5" />
      <StaticTile TileID="6044" AltIDMod="-5" />
    </StaticTiles>
  </TransInfo>
  <TransInfo Description="Shallow Water to Beach NWA" HashKey="060606060650500650">
    <MapTiles>
      <MapTile TileID="78" AltIDMod="-15" />
    </MapTiles>
    <StaticTiles>
      <StaticTile TileID="6039" AltIDMod="-5" />
      <StaticTile TileID="6040" AltIDMod="-5" />
      <StaticTile TileID="6041" AltIDMod="-5" />
      <StaticTile TileID="6042" AltIDMod="-5" />
      <StaticTile TileID="6043" AltIDMod="-5" />
      <StaticTile TileID="6044" AltIDMod="-5" />
    </StaticTiles>
  </TransInfo>
  <TransInfo Description="Shallow Water to Beach SEA" HashKey="065050500606500606">
    <MapTiles>
      <MapTile TileID="76" AltIDMod="-15" />
    </MapTiles>
    <StaticTiles>
      <StaticTile TileID="6039" AltIDMod="-5" />
      <StaticTile TileID="6040" AltIDMod="-5" />
      <StaticTile TileID="6041" AltIDMod="-5" />
      <StaticTile TileID="6042" AltIDMod="-5" />
      <StaticTile TileID="6043" AltIDMod="-5" />
      <StaticTile TileID="6044" AltIDMod="-5" />
    </StaticTiles>
  </TransInfo>
  <TransInfo Description="Shallow Water to Beach SWA" HashKey="505050060606060650">
    <MapTiles>
      <MapTile TileID="77" AltIDMod="-15" />
    </MapTiles>
    <StaticTiles>
      <StaticTile TileID="6039" AltIDMod="-5" />
      <StaticTile TileID="6040" AltIDMod="-5" />
      <StaticTile TileID="6041" AltIDMod="-5" />
      <StaticTile TileID="6042" AltIDMod="-5" />
      <StaticTile TileID="6043" AltIDMod="-5" />
      <StaticTile TileID="6044" AltIDMod="-5" />
    </StaticTiles>
  </TransInfo>
  <TransInfo Description="Shallow Water to Beach SN" HashKey="505050060606060606">
    <MapTiles>
      <MapTile TileID="80" AltIDMod="-15" />
    </MapTiles>
    <StaticTiles>
      <StaticTile TileID="6039" AltIDMod="-5" />
      <StaticTile TileID="6040" AltIDMod="-5" />
      <StaticTile TileID="6041" AltIDMod="-5" />
      <StaticTile TileID="6042" AltIDMod="-5" />
      <StaticTile TileID="6043" AltIDMod="-5" />
      <StaticTile TileID="6044" AltIDMod="-5" />
    </StaticTiles>
  </TransInfo>
  <TransInfo Description="Shallow Water to Beach EW" HashKey="500606500606060606">
    <MapTiles>
      <MapTile TileID="83" AltIDMod="-15" />
    </MapTiles>
    <StaticTiles>
      <StaticTile TileID="6039" AltIDMod="-5" />
      <StaticTile TileID="6040" AltIDMod="-5" />
      <StaticTile TileID="6041" AltIDMod="-5" />
      <StaticTile TileID="6042" AltIDMod="-5" />
      <StaticTile TileID="6043" AltIDMod="-5" />
      <StaticTile TileID="6044" AltIDMod="-5" />
    </StaticTiles>
  </TransInfo>
  <TransInfo Description="Shallow Water to Beach NEA" HashKey="500606500606060650">
    <MapTiles>
      <MapTile TileID="79" AltIDMod="-15" />
    </MapTiles>
    <StaticTiles>
      <StaticTile TileID="6039" AltIDMod="-5" />
      <StaticTile TileID="6040" AltIDMod="-5" />
      <StaticTile TileID="6041" AltIDMod="-5" />
      <StaticTile TileID="6042" AltIDMod="-5" />
      <StaticTile TileID="6043" AltIDMod="-5" />
      <StaticTile TileID="6044" AltIDMod="-5" />
    </StaticTiles>
  </TransInfo>
  <TransInfo Description="Shallow Water to Beach NEA" HashKey="060606500606065050">
    <MapTiles>
      <MapTile TileID="79" AltIDMod="-15" />
    </MapTiles>
    <StaticTiles>
      <StaticTile TileID="6039" AltIDMod="-5" />
      <StaticTile TileID="6040" AltIDMod="-5" />
      <StaticTile TileID="6041" AltIDMod="-5" />
      <StaticTile TileID="6042" AltIDMod="-5" />
      <StaticTile TileID="6043" AltIDMod="-5" />
      <StaticTile TileID="6044" AltIDMod="-5" />
    </StaticTiles>
  </TransInfo>
  <TransInfo Description="Shallow Water to Beach NEA" HashKey="500606060606505050">
    <MapTiles>
      <MapTile TileID="79" AltIDMod="-15" />
    </MapTiles>
    <StaticTiles>
      <StaticTile TileID="6039" AltIDMod="-5" />
      <StaticTile TileID="6040" AltIDMod="-5" />
      <StaticTile TileID="6041" AltIDMod="-5" />
      <StaticTile TileID="6042" AltIDMod="-5" />
      <StaticTile TileID="6043" AltIDMod="-5" />
      <StaticTile TileID="6044" AltIDMod="-5" />
    </StaticTiles>
  </TransInfo>
  <TransInfo Description="Shallow Water to Beach NEA" HashKey="500606060606505006">
    <MapTiles>
      <MapTile TileID="79" AltIDMod="-15" />
    </MapTiles>
    <StaticTiles>
      <StaticTile TileID="6039" AltIDMod="-5" />
      <StaticTile TileID="6040" AltIDMod="-5" />
      <StaticTile TileID="6041" AltIDMod="-5" />
      <StaticTile TileID="6042" AltIDMod="-5" />
      <StaticTile TileID="6043" AltIDMod="-5" />
      <StaticTile TileID="6044" AltIDMod="-5" />
    </StaticTiles>
  </TransInfo>
  <TransInfo Description="Shallow Water to Beach SEA" HashKey="505006500606060606">
    <MapTiles>
      <MapTile TileID="76" AltIDMod="-15" />
    </MapTiles>
    <StaticTiles>
      <StaticTile TileID="6039" AltIDMod="-5" />
      <StaticTile TileID="6040" AltIDMod="-5" />
      <StaticTile TileID="6041" AltIDMod="-5" />
      <StaticTile TileID="6042" AltIDMod="-5" />
      <StaticTile TileID="6043" AltIDMod="-5" />
      <StaticTile TileID="6044" AltIDMod="-5" />
    </StaticTiles>
  </TransInfo>
  <TransInfo Description="Shallow Water to Beach SN" HashKey="500650060606060606">
    <MapTiles>
      <MapTile TileID="80" AltIDMod="-15" />
    </MapTiles>
    <StaticTiles>
      <StaticTile TileID="6039" AltIDMod="-5" />
      <StaticTile TileID="6040" AltIDMod="-5" />
      <StaticTile TileID="6041" AltIDMod="-5" />
      <StaticTile TileID="6042" AltIDMod="-5" />
      <StaticTile TileID="6043" AltIDMod="-5" />
      <StaticTile TileID="6044" AltIDMod="-5" />
    </StaticTiles>
  </TransInfo>
  <TransInfo Description="Shallow Water to Beach SN" HashKey="065006060606060606">
    <MapTiles>
      <MapTile TileID="80" AltIDMod="-15" />
    </MapTiles>
    <StaticTiles>
      <StaticTile TileID="6039" AltIDMod="-5" />
      <StaticTile TileID="6040" AltIDMod="-5" />
      <StaticTile TileID="6041" AltIDMod="-5" />
      <StaticTile TileID="6042" AltIDMod="-5" />
      <StaticTile TileID="6043" AltIDMod="-5" />
      <StaticTile TileID="6044" AltIDMod="-5" />
    </StaticTiles>
  </TransInfo>
  <TransInfo Description="Shallow Water to Beach WE" HashKey="060606060650060650">
    <MapTiles>
      <MapTile TileID="81" AltIDMod="-15" />
    </MapTiles>
    <StaticTiles>
      <StaticTile TileID="6039" AltIDMod="-5" />
      <StaticTile TileID="6040" AltIDMod="-5" />
      <StaticTile TileID="6041" AltIDMod="-5" />
      <StaticTile TileID="6042" AltIDMod="-5" />
      <StaticTile TileID="6043" AltIDMod="-5" />
      <StaticTile TileID="6044" AltIDMod="-5" />
    </StaticTiles>
  </TransInfo>
  <TransInfo Description="Shallow Water to Beach WE" HashKey="060606060650060606">
    <MapTiles>
      <MapTile TileID="81" AltIDMod="-15" />
    </MapTiles>
    <StaticTiles>
      <StaticTile TileID="6039" AltIDMod="-5" />
      <StaticTile TileID="6040" AltIDMod="-5" />
      <StaticTile TileID="6041" AltIDMod="-5" />
      <StaticTile TileID="6042" AltIDMod="-5" />
      <StaticTile TileID="6043" AltIDMod="-5" />
      <StaticTile TileID="6044" AltIDMod="-5" />
    </StaticTiles>
  </TransInfo>
  <TransInfo Description="Shallow Water to Beach SEA" HashKey="065050500606060606">
    <MapTiles>
      <MapTile TileID="76" AltIDMod="-15" />
    </MapTiles>
    <StaticTiles>
      <StaticTile TileID="6039" AltIDMod="-5" />
      <StaticTile TileID="6040" AltIDMod="-5" />
      <StaticTile TileID="6041" AltIDMod="-5" />
      <StaticTile TileID="6042" AltIDMod="-5" />
      <StaticTile TileID="6043" AltIDMod="-5" />
      <StaticTile TileID="6044" AltIDMod="-5" />
    </StaticTiles>
  </TransInfo>
  <TransInfo Description="Shallow Water to Beach NEA" HashKey="500606500606500650">
    <MapTiles>
      <MapTile TileID="79" AltIDMod="-15" />
    </MapTiles>
    <StaticTiles>
      <StaticTile TileID="6039" AltIDMod="-5" />
      <StaticTile TileID="6040" AltIDMod="-5" />
      <StaticTile TileID="6041" AltIDMod="-5" />
      <StaticTile TileID="6042" AltIDMod="-5" />
      <StaticTile TileID="6043" AltIDMod="-5" />
      <StaticTile TileID="6044" AltIDMod="-5" />
    </StaticTiles>
  </TransInfo>
  <TransInfo Description="Shallow Water to Beach EW" HashKey="500606500606500606">
    <MapTiles>
      <MapTile TileID="83" AltIDMod="-15" />
    </MapTiles>
    <StaticTiles>
      <StaticTile TileID="6039" AltIDMod="-5" />
      <StaticTile TileID="6040" AltIDMod="-5" />
      <StaticTile TileID="6041" AltIDMod="-5" />
      <StaticTile TileID="6042" AltIDMod="-5" />
      <StaticTile TileID="6043" AltIDMod="-5" />
      <StaticTile TileID="6044" AltIDMod="-5" />
    </StaticTiles>
  </TransInfo>
  <TransInfo Description="Shallow Water to Beach SWA" HashKey="500650060606060650">
    <MapTiles>
      <MapTile TileID="77" AltIDMod="-15" />
    </MapTiles>
    <StaticTiles>
      <StaticTile TileID="6039" AltIDMod="-5" />
      <StaticTile TileID="6040" AltIDMod="-5" />
      <StaticTile TileID="6041" AltIDMod="-5" />
      <StaticTile TileID="6042" AltIDMod="-5" />
      <StaticTile TileID="6043" AltIDMod="-5" />
      <StaticTile TileID="6044" AltIDMod="-5" />
    </StaticTiles>
  </TransInfo>
  <TransInfo Description="Shallow Water to Beach SEA" HashKey="500650060606500606">
    <MapTiles>
      <MapTile TileID="76" AltIDMod="-15" />
    </MapTiles>
    <StaticTiles>
      <StaticTile TileID="6039" AltIDMod="-5" />
      <StaticTile TileID="6040" AltIDMod="-5" />
      <StaticTile TileID="6041" AltIDMod="-5" />
      <StaticTile TileID="6042" AltIDMod="-5" />
      <StaticTile TileID="6043" AltIDMod="-5" />
      <StaticTile TileID="6044" AltIDMod="-5" />
    </StaticTiles>
  </TransInfo>
  <TransInfo Description="Shallow Water to Beach EW" HashKey="500606060606500606">
    <MapTiles>
      <MapTile TileID="83" AltIDMod="-15" />
    </MapTiles>
    <StaticTiles>
      <StaticTile TileID="6039" AltIDMod="-5" />
      <StaticTile TileID="6040" AltIDMod="-5" />
      <StaticTile TileID="6041" AltIDMod="-5" />
      <StaticTile TileID="6042" AltIDMod="-5" />
      <StaticTile TileID="6043" AltIDMod="-5" />
      <StaticTile TileID="6044" AltIDMod="-5" />
    </StaticTiles>
  </TransInfo>
  <TransInfo Description="Shallow Water to Beach NEA" HashKey="500606060606500650">
    <MapTiles>
      <MapTile TileID="79" AltIDMod="-15" />
    </MapTiles>
    <StaticTiles>
      <StaticTile TileID="6039" AltIDMod="-5" />
      <StaticTile TileID="6040" AltIDMod="-5" />
      <StaticTile TileID="6041" AltIDMod="-5" />
      <StaticTile TileID="6042" AltIDMod="-5" />
      <StaticTile TileID="6043" AltIDMod="-5" />
      <StaticTile TileID="6044" AltIDMod="-5" />
    </StaticTiles>
  </TransInfo>
  <TransInfo Description="Shallow Water to Beach NS" HashKey="060606060606065050">
    <MapTiles>
      <MapTile TileID="82" AltIDMod="-15" />
    </MapTiles>
    <StaticTiles>
      <StaticTile TileID="6039" AltIDMod="-5" />
      <StaticTile TileID="6040" AltIDMod="-5" />
      <StaticTile TileID="6041" AltIDMod="-5" />
      <StaticTile TileID="6042" AltIDMod="-5" />
      <StaticTile TileID="6043" AltIDMod="-5" />
      <StaticTile TileID="6044" AltIDMod="-5" />
    </StaticTiles>
  </TransInfo>
  <TransInfo Description="Shallow Water to Beach NS" HashKey="060606060606065006">
    <MapTiles>
      <MapTile TileID="82" AltIDMod="-15" />
    </MapTiles>
    <StaticTiles>
      <StaticTile TileID="6039" AltIDMod="-5" />
      <StaticTile TileID="6040" AltIDMod="-5" />
      <StaticTile TileID="6041" AltIDMod="-5" />
      <StaticTile TileID="6042" AltIDMod="-5" />
      <StaticTile TileID="6043" AltIDMod="-5" />
      <StaticTile TileID="6044" AltIDMod="-5" />
    </StaticTiles>
  </TransInfo>
  <TransInfo Description="Shallow Water to Beach NWA" HashKey="060650060650065050">
    <MapTiles>
      <MapTile TileID="78" AltIDMod="-15" />
    </MapTiles>
    <StaticTiles>
      <StaticTile TileID="6039" AltIDMod="-5" />
      <StaticTile TileID="6040" AltIDMod="-5" />
      <StaticTile TileID="6041" AltIDMod="-5" />
      <StaticTile TileID="6042" AltIDMod="-5" />
      <StaticTile TileID="6043" AltIDMod="-5" />
      <StaticTile TileID="6044" AltIDMod="-5" />
    </StaticTiles>
  </TransInfo>
  <TransInfo Description="Shallow Water to Beach NWA" HashKey="060606060650065006">
    <MapTiles>
      <MapTile TileID="78" AltIDMod="-15" />
    </MapTiles>
    <StaticTiles>
      <StaticTile TileID="6039" AltIDMod="-5" />
      <StaticTile TileID="6040" AltIDMod="-5" />
      <StaticTile TileID="6041" AltIDMod="-5" />
      <StaticTile TileID="6042" AltIDMod="-5" />
      <StaticTile TileID="6043" AltIDMod="-5" />
      <StaticTile TileID="6044" AltIDMod="-5" />
    </StaticTiles>
  </TransInfo>
  <TransInfo Description="Shallow Water to Beach NWA" HashKey="060650060650065006">
    <MapTiles>
      <MapTile TileID="78" AltIDMod="-15" />
    </MapTiles>
    <StaticTiles>
      <StaticTile TileID="6039" AltIDMod="-5" />
      <StaticTile TileID="6040" AltIDMod="-5" />
      <StaticTile TileID="6041" AltIDMod="-5" />
      <StaticTile TileID="6042" AltIDMod="-5" />
      <StaticTile TileID="6043" AltIDMod="-5" />
      <StaticTile TileID="6044" AltIDMod="-5" />
    </StaticTiles>
  </TransInfo>
  <TransInfo Description="Shallow Water to Beach NWA" HashKey="060606060650065050">
    <MapTiles>
      <MapTile TileID="78" AltIDMod="-15" />
    </MapTiles>
    <StaticTiles>
      <StaticTile TileID="6039" AltIDMod="-5" />
      <StaticTile TileID="6040" AltIDMod="-5" />
      <StaticTile TileID="6041" AltIDMod="-5" />
      <StaticTile TileID="6042" AltIDMod="-5" />
      <StaticTile TileID="6043" AltIDMod="-5" />
      <StaticTile TileID="6044" AltIDMod="-5" />
    </StaticTiles>
  </TransInfo>
  <TransInfo Description="Shallow Water to Beach SEA" HashKey="500650500606500606">
    <MapTiles>
      <MapTile TileID="76" AltIDMod="-15" />
    </MapTiles>
    <StaticTiles>
      <StaticTile TileID="6039" AltIDMod="-5" />
      <StaticTile TileID="6040" AltIDMod="-5" />
      <StaticTile TileID="6041" AltIDMod="-5" />
      <StaticTile TileID="6042" AltIDMod="-5" />
      <StaticTile TileID="6043" AltIDMod="-5" />
      <StaticTile TileID="6044" AltIDMod="-5" />
    </StaticTiles>
  </TransInfo>
  <TransInfo Description="Shallow Water to Beach NEA" HashKey="500606500606505006">
    <MapTiles>
      <MapTile TileID="79" AltIDMod="-15" />
    </MapTiles>
    <StaticTiles>
      <StaticTile TileID="6039" AltIDMod="-5" />
      <StaticTile TileID="6040" AltIDMod="-5" />
      <StaticTile TileID="6041" AltIDMod="-5" />
      <StaticTile TileID="6042" AltIDMod="-5" />
      <StaticTile TileID="6043" AltIDMod="-5" />
      <StaticTile TileID="6044" AltIDMod="-5" />
    </StaticTiles>
  </TransInfo>
  <TransInfo Description="Shallow Water to Beach NEA" HashKey="500606500606505050">
    <MapTiles>
      <MapTile TileID="79" AltIDMod="-15" />
    </MapTiles>
    <StaticTiles>
      <StaticTile TileID="6039" AltIDMod="-5" />
      <StaticTile TileID="6040" AltIDMod="-5" />
      <StaticTile TileID="6041" AltIDMod="-5" />
      <StaticTile TileID="6042" AltIDMod="-5" />
      <StaticTile TileID="6043" AltIDMod="-5" />
      <StaticTile TileID="6044" AltIDMod="-5" />
    </StaticTiles>
  </TransInfo>
  <TransInfo Description="Shallow Water to Beach SEA" HashKey="505050500606500606">
    <MapTiles>
      <MapTile TileID="76" AltIDMod="-15" />
    </MapTiles>
    <StaticTiles>
      <StaticTile TileID="6039" AltIDMod="-5" />
      <StaticTile TileID="6040" AltIDMod="-5" />
      <StaticTile TileID="6041" AltIDMod="-5" />
      <StaticTile TileID="6042" AltIDMod="-5" />
      <StaticTile TileID="6043" AltIDMod="-5" />
      <StaticTile TileID="6044" AltIDMod="-5" />
    </StaticTiles>
  </TransInfo>
  <TransInfo Description="Shallow Water to Beach SWA" HashKey="500650060650060650">
    <MapTiles>
      <MapTile TileID="77" AltIDMod="-15" />
    </MapTiles>
    <StaticTiles>
      <StaticTile TileID="6039" AltIDMod="-5" />
      <StaticTile TileID="6040" AltIDMod="-5" />
      <StaticTile TileID="6041" AltIDMod="-5" />
      <StaticTile TileID="6042" AltIDMod="-5" />
      <StaticTile TileID="6043" AltIDMod="-5" />
      <StaticTile TileID="6044" AltIDMod="-5" />
    </StaticTiles>
  </TransInfo>
  <TransInfo Description="Shallow Water to Beach SWA" HashKey="500650060650060606">
    <MapTiles>
      <MapTile TileID="77" AltIDMod="-15" />
    </MapTiles>
    <StaticTiles>
      <StaticTile TileID="6039" AltIDMod="-5" />
      <StaticTile TileID="6040" AltIDMod="-5" />
      <StaticTile TileID="6041" AltIDMod="-5" />
      <StaticTile TileID="6042" AltIDMod="-5" />
      <StaticTile TileID="6043" AltIDMod="-5" />
      <StaticTile TileID="6044" AltIDMod="-5" />
    </StaticTiles>
  </TransInfo>
  <TransInfo Description="Shallow Water to Beach SWA" HashKey="505050060650060606">
    <MapTiles>
      <MapTile TileID="77" AltIDMod="-15" />
    </MapTiles>
    <StaticTiles>
      <StaticTile TileID="6039" AltIDMod="-5" />
      <StaticTile TileID="6040" AltIDMod="-5" />
      <StaticTile TileID="6041" AltIDMod="-5" />
      <StaticTile TileID="6042" AltIDMod="-5" />
      <StaticTile TileID="6043" AltIDMod="-5" />
      <StaticTile TileID="6044" AltIDMod="-5" />
    </StaticTiles>
  </TransInfo>
  <TransInfo Description="Shallow Water to Beach SWA" HashKey="505050060650060650">
    <MapTiles>
      <MapTile TileID="77" AltIDMod="-15" />
    </MapTiles>
    <StaticTiles>
      <StaticTile TileID="6039" AltIDMod="-5" />
      <StaticTile TileID="6040" AltIDMod="-5" />
      <StaticTile TileID="6041" AltIDMod="-5" />
      <StaticTile TileID="6042" AltIDMod="-5" />
      <StaticTile TileID="6043" AltIDMod="-5" />
      <StaticTile TileID="6044" AltIDMod="-5" />
    </StaticTiles>
  </TransInfo>
  <TransInfo Description="Shallow Water to Beach NWB" HashKey="500606060606060606">
    <MapTiles>
      <MapTile TileID="84" AltIDMod="-15" />
    </MapTiles>
    <StaticTiles>
      <StaticTile TileID="6039" AltIDMod="-5" />
      <StaticTile TileID="6040" AltIDMod="-5" />
      <StaticTile TileID="6041" AltIDMod="-5" />
      <StaticTile TileID="6042" AltIDMod="-5" />
      <StaticTile TileID="6043" AltIDMod="-5" />
      <StaticTile TileID="6044" AltIDMod="-5" />
    </StaticTiles>
  </TransInfo>
  <TransInfo Description="Shallow Water to Beach SWA" HashKey="505006060650060650">
    <MapTiles>
      <MapTile TileID="77" AltIDMod="-15" />
    </MapTiles>
    <StaticTiles>
      <StaticTile TileID="6039" AltIDMod="-5" />
      <StaticTile TileID="6040" AltIDMod="-5" />
      <StaticTile TileID="6041" AltIDMod="-5" />
      <StaticTile TileID="6042" AltIDMod="-5" />
      <StaticTile TileID="6043" AltIDMod="-5" />
      <StaticTile TileID="6044" AltIDMod="-5" />
    </StaticTiles>
  </TransInfo>
  <TransInfo Description="Shallow Water to Beach SEA" HashKey="060650500606060606">
    <MapTiles>
      <MapTile TileID="76" AltIDMod="-15" />
    </MapTiles>
    <StaticTiles>
      <StaticTile TileID="6039" AltIDMod="-5" />
      <StaticTile TileID="6040" AltIDMod="-5" />
      <StaticTile TileID="6041" AltIDMod="-5" />
      <StaticTile TileID="6042" AltIDMod="-5" />
      <StaticTile TileID="6043" AltIDMod="-5" />
      <StaticTile TileID="6044" AltIDMod="-5" />
    </StaticTiles>
  </TransInfo>
  <TransInfo Description="Shallow Water to Beach SWA" HashKey="505006060650060606">
    <MapTiles>
      <MapTile TileID="77" AltIDMod="-15" />
    </MapTiles>
    <StaticTiles>
      <StaticTile TileID="6039" AltIDMod="-5" />
      <StaticTile TileID="6040" AltIDMod="-5" />
      <StaticTile TileID="6041" AltIDMod="-5" />
      <StaticTile TileID="6042" AltIDMod="-5" />
      <StaticTile TileID="6043" AltIDMod="-5" />
      <StaticTile TileID="6044" AltIDMod="-5" />
    </StaticTiles>
  </TransInfo>
  <TransInfo Description="Shallow Water to Beach SWA" HashKey="065006060650060606">
    <MapTiles>
      <MapTile TileID="77" AltIDMod="-15" />
    </MapTiles>
    <StaticTiles>
      <StaticTile TileID="6039" AltIDMod="-5" />
      <StaticTile TileID="6040" AltIDMod="-5" />
      <StaticTile TileID="6041" AltIDMod="-5" />
      <StaticTile TileID="6042" AltIDMod="-5" />
      <StaticTile TileID="6043" AltIDMod="-5" />
      <StaticTile TileID="6044" AltIDMod="-5" />
    </StaticTiles>
  </TransInfo>
  <TransInfo Description="Shallow Water to Beach SEA" HashKey="500650500606060606">
    <MapTiles>
      <MapTile TileID="76" AltIDMod="-15" />
    </MapTiles>
    <StaticTiles>
      <StaticTile TileID="6039" AltIDMod="-5" />
      <StaticTile TileID="6040" AltIDMod="-5" />
      <StaticTile TileID="6041" AltIDMod="-5" />
      <StaticTile TileID="6042" AltIDMod="-5" />
      <StaticTile TileID="6043" AltIDMod="-5" />
      <StaticTile TileID="6044" AltIDMod="-5" />
    </StaticTiles>
  </TransInfo>
  <TransInfo Description="Shallow Water to Beach SWA" HashKey="065006060650060650">
    <MapTiles>
      <MapTile TileID="77" AltIDMod="-15" />
    </MapTiles>
    <StaticTiles>
      <StaticTile TileID="6039" AltIDMod="-5" />
      <StaticTile TileID="6040" AltIDMod="-5" />
      <StaticTile TileID="6041" AltIDMod="-5" />
      <StaticTile TileID="6042" AltIDMod="-5" />
      <StaticTile TileID="6043" AltIDMod="-5" />
      <StaticTile TileID="6044" AltIDMod="-5" />
    </StaticTiles>
  </TransInfo>
  <TransInfo Description="Shallow Water to Beach SWA" HashKey="065006060606060650">
    <MapTiles>
      <MapTile TileID="77" AltIDMod="-15" />
    </MapTiles>
    <StaticTiles>
      <StaticTile TileID="6039" AltIDMod="-5" />
      <StaticTile TileID="6040" AltIDMod="-5" />
      <StaticTile TileID="6041" AltIDMod="-5" />
      <StaticTile TileID="6042" AltIDMod="-5" />
      <StaticTile TileID="6043" AltIDMod="-5" />
      <StaticTile TileID="6044" AltIDMod="-5" />
    </StaticTiles>
  </TransInfo>
  <TransInfo Description="Shallow Water to Beach NWA" HashKey="060650060606505050">
    <MapTiles>
      <MapTile TileID="78" AltIDMod="-15" />
    </MapTiles>
    <StaticTiles>
      <StaticTile TileID="6039" AltIDMod="-5" />
      <StaticTile TileID="6040" AltIDMod="-5" />
      <StaticTile TileID="6041" AltIDMod="-5" />
      <StaticTile TileID="6042" AltIDMod="-5" />
      <StaticTile TileID="6043" AltIDMod="-5" />
      <StaticTile TileID="6044" AltIDMod="-5" />
    </StaticTiles>
  </TransInfo>
  <TransInfo Description="Shallow Water to Beach NWA" HashKey="060650060606505006">
    <MapTiles>
      <MapTile TileID="78" AltIDMod="-15" />
    </MapTiles>
    <StaticTiles>
      <StaticTile TileID="6039" AltIDMod="-5" />
      <StaticTile TileID="6040" AltIDMod="-5" />
      <StaticTile TileID="6041" AltIDMod="-5" />
      <StaticTile TileID="6042" AltIDMod="-5" />
      <StaticTile TileID="6043" AltIDMod="-5" />
      <StaticTile TileID="6044" AltIDMod="-5" />
    </StaticTiles>
  </TransInfo>
  <TransInfo Description="Shallow Water to Beach SEB" HashKey="060606060606060650">
    <MapTiles>
      <MapTile TileID="86" AltIDMod="-15" />
    </MapTiles>
    <StaticTiles>
      <StaticTile TileID="6039" AltIDMod="-5" />
      <StaticTile TileID="6040" AltIDMod="-5" />
      <StaticTile TileID="6041" AltIDMod="-5" />
      <StaticTile TileID="6042" AltIDMod="-5" />
      <StaticTile TileID="6043" AltIDMod="-5" />
      <StaticTile TileID="6044" AltIDMod="-5" />
    </StaticTiles>
  </TransInfo>
  <TransInfo Description="Shallow Water to Beach SWA" HashKey="065050060650060650">
    <MapTiles>
      <MapTile TileID="77" AltIDMod="-15" />
    </MapTiles>
    <StaticTiles>
      <StaticTile TileID="6039" AltIDMod="-5" />
      <StaticTile TileID="6040" AltIDMod="-5" />
      <StaticTile TileID="6041" AltIDMod="-5" />
      <StaticTile TileID="6042" AltIDMod="-5" />
      <StaticTile TileID="6043" AltIDMod="-5" />
      <StaticTile TileID="6044" AltIDMod="-5" />
    </StaticTiles>
  </TransInfo>
  <TransInfo Description="Shallow Water to Beach SWA" HashKey="065050060650060606">
    <MapTiles>
      <MapTile TileID="77" AltIDMod="-15" />
    </MapTiles>
    <StaticTiles>
      <StaticTile TileID="6039" AltIDMod="-5" />
      <StaticTile TileID="6040" AltIDMod="-5" />
      <StaticTile TileID="6041" AltIDMod="-5" />
      <StaticTile TileID="6042" AltIDMod="-5" />
      <StaticTile TileID="6043" AltIDMod="-5" />
      <StaticTile TileID="6044" AltIDMod="-5" />
    </StaticTiles>
  </TransInfo>
  <TransInfo Description="Shallow Water to Beach WE" HashKey="060650060650060606">
    <MapTiles>
      <MapTile TileID="81" AltIDMod="-15" />
    </MapTiles>
    <StaticTiles>
      <StaticTile TileID="6039" AltIDMod="-5" />
      <StaticTile TileID="6040" AltIDMod="-5" />
      <StaticTile TileID="6041" AltIDMod="-5" />
      <StaticTile TileID="6042" AltIDMod="-5" />
      <StaticTile TileID="6043" AltIDMod="-5" />
      <StaticTile TileID="6044" AltIDMod="-5" />
    </StaticTiles>
  </TransInfo>
  <TransInfo Description="Shallow Water to Beach WE" HashKey="060650060650060650">
    <MapTiles>
      <MapTile TileID="81" AltIDMod="-15" />
    </MapTiles>
    <StaticTiles>
      <StaticTile TileID="6039" AltIDMod="-5" />
      <StaticTile TileID="6040" AltIDMod="-5" />
      <StaticTile TileID="6041" AltIDMod="-5" />
      <StaticTile TileID="6042" AltIDMod="-5" />
      <StaticTile TileID="6043" AltIDMod="-5" />
      <StaticTile TileID="6044" AltIDMod="-5" />
    </StaticTiles>
  </TransInfo>
  <TransInfo Description="Shallow Water to Beach NEA" HashKey="060606500606505050">
    <MapTiles>
      <MapTile TileID="79" AltIDMod="-15" />
    </MapTiles>
    <StaticTiles>
      <StaticTile TileID="6039" AltIDMod="-5" />
      <StaticTile TileID="6040" AltIDMod="-5" />
      <StaticTile TileID="6041" AltIDMod="-5" />
      <StaticTile TileID="6042" AltIDMod="-5" />
      <StaticTile TileID="6043" AltIDMod="-5" />
      <StaticTile TileID="6044" AltIDMod="-5" />
    </StaticTiles>
  </TransInfo>
  <TransInfo Description="Shallow Water to Beach NEA" HashKey="060606500606505006">
    <MapTiles>
      <MapTile TileID="79" AltIDMod="-15" />
    </MapTiles>
    <StaticTiles>
      <StaticTile TileID="6039" AltIDMod="-5" />
      <StaticTile TileID="6040" AltIDMod="-5" />
      <StaticTile TileID="6041" AltIDMod="-5" />
      <StaticTile TileID="6042" AltIDMod="-5" />
      <StaticTile TileID="6043" AltIDMod="-5" />
      <StaticTile TileID="6044" AltIDMod="-5" />
    </StaticTiles>
  </TransInfo>
</Trans>