﻿<?xml version="1.0" encoding="utf-8"?>
<Trans>
  <TransInfo Description="Shallow Water-Dungeon Cave Without Static-Lava" HashKey="4A06064A0D0D4A0D0D">
    <MapTiles>
      <MapTile TileID="501" AltIDMod="0" />
      <MapTile TileID="502" AltIDMod="0" />
      <MapTile TileID="503" AltIDMod="0" />
    </MapTiles>
    <StaticTiles>
      <StaticTile TileID="12938" AltIDMod="0" />
    </StaticTiles>
  </TransInfo>
  <TransInfo Description="Shallow Water-Dungeon Cave Without Static-Lava" HashKey="0D4A4A0D4A4A064A4A">
    <MapTiles>
      <MapTile TileID="581" AltIDMod="-5" />
      <MapTile TileID="582" AltIDMod="-5" />
      <MapTile TileID="583" AltIDMod="-5" />
      <MapTile TileID="584" AltIDMod="-5" />
      <MapTile TileID="585" AltIDMod="-5" />
    </MapTiles>
    <StaticTiles>
      <StaticTile TileID="12976" AltIDMod="-5" />
      <StaticTile TileID="12977" AltIDMod="-5" />
    </StaticTiles>
  </TransInfo>
  <TransInfo Description="Shallow Water-Dungeon Cave Without Static-Lava" HashKey="4A4A4A0D0D060D0D06">
    <MapTiles>
      <MapTile TileID="501" AltIDMod="0" />
      <MapTile TileID="502" AltIDMod="0" />
      <MapTile TileID="503" AltIDMod="0" />
    </MapTiles>
    <StaticTiles>
      <StaticTile TileID="12937" AltIDMod="0" />
    </StaticTiles>
  </TransInfo>
  <TransInfo Description="Shallow Water-Dungeon Cave Without Static-Lava" HashKey="06064A06064A0D0D0D">
    <MapTiles>
      <MapTile TileID="501" AltIDMod="-5" />
      <MapTile TileID="502" AltIDMod="-5" />
      <MapTile TileID="503" AltIDMod="-5" />
    </MapTiles>
    <StaticTiles>
      <StaticTile TileID="6049" AltIDMod="-5" />
      <StaticTile TileID="6050" AltIDMod="-5" />
    </StaticTiles>
  </TransInfo>
  <TransInfo Description="Shallow Water-Dungeon Cave Without Static-Lava" HashKey="0606060D4A4A0D4A4A">
    <MapTiles>
      <MapTile TileID="581" AltIDMod="-5" />
      <MapTile TileID="582" AltIDMod="-5" />
      <MapTile TileID="583" AltIDMod="-5" />
      <MapTile TileID="584" AltIDMod="-5" />
      <MapTile TileID="585" AltIDMod="-5" />
    </MapTiles>
    <StaticTiles>
      <StaticTile TileID="6056" AltIDMod="-5" />
      <StaticTile TileID="6064" AltIDMod="-5" />
    </StaticTiles>
  </TransInfo>
  <TransInfo Description="Shallow Water-Dungeon Cave Without Static-Lava" HashKey="06060D06060D06064A">
    <MapTiles>
      <MapTile TileID="501" AltIDMod="-5" />
      <MapTile TileID="502" AltIDMod="-5" />
      <MapTile TileID="503" AltIDMod="-5" />
    </MapTiles>
    <StaticTiles>
      <StaticTile TileID="6045" AltIDMod="-5" />
      <StaticTile TileID="6046" AltIDMod="-5" />
    </StaticTiles>
  </TransInfo>
  <TransInfo Description="Shallow Water-Dungeon Cave Without Static-Lava" HashKey="4A4A0D4A4A0D06060D">
    <MapTiles>
      <MapTile TileID="609" AltIDMod="0" />
    </MapTiles>
    <StaticTiles>
      <StaticTile TileID="6053" AltIDMod="-5" />
      <StaticTile TileID="6066" AltIDMod="-5" />
    </StaticTiles>
  </TransInfo>
  <TransInfo Description="Shallow Water-Dungeon Cave Without Static-Lava" HashKey="4A0D0D4A06064A0606">
    <MapTiles>
      <MapTile TileID="501" AltIDMod="-5" />
      <MapTile TileID="502" AltIDMod="-5" />
      <MapTile TileID="503" AltIDMod="-5" />
    </MapTiles>
    <StaticTiles>
      <StaticTile TileID="6047" AltIDMod="-5" />
      <StaticTile TileID="6048" AltIDMod="-5" />
    </StaticTiles>
  </TransInfo>
  <TransInfo Description="Shallow Water-Dungeon Cave Without Static-Lava" HashKey="0D0D4A0D0D4A060606">
    <MapTiles>
      <MapTile TileID="501" AltIDMod="0" />
      <MapTile TileID="502" AltIDMod="0" />
      <MapTile TileID="503" AltIDMod="0" />
    </MapTiles>
    <StaticTiles>
      <StaticTile TileID="12939" AltIDMod="0" />
    </StaticTiles>
  </TransInfo>
  <TransInfo Description="Shallow Water-Dungeon Cave Without Static-Lava" HashKey="4A4A064A4A0D4A4A0D">
    <MapTiles>
      <MapTile TileID="607" AltIDMod="-3" />
      <MapTile TileID="608" AltIDMod="-3" />
      <MapTile TileID="609" AltIDMod="-3" />
    </MapTiles>
    <StaticTiles>
      <StaticTile TileID="12970" AltIDMod="-5" />
      <StaticTile TileID="12971" AltIDMod="-5" />
    </StaticTiles>
  </TransInfo>
  <TransInfo Description="Shallow Water-Dungeon Cave Without Static-Lava" HashKey="0D06060D06060D4A4A">
    <MapTiles>
      <MapTile TileID="501" AltIDMod="-5" />
      <MapTile TileID="502" AltIDMod="-5" />
      <MapTile TileID="503" AltIDMod="-5" />
    </MapTiles>
    <StaticTiles>
      <StaticTile TileID="6051" AltIDMod="-5" />
      <StaticTile TileID="6052" AltIDMod="-5" />
    </StaticTiles>
  </TransInfo>
  <TransInfo Description="Shallow Water-Dungeon Cave Without Static-Lava" HashKey="0606064A4A0D4A4A0D">
    <MapTiles>
      <MapTile TileID="608" AltIDMod="-5" />
    </MapTiles>
    <StaticTiles>
      <StaticTile TileID="6055" AltIDMod="-5" />
      <StaticTile TileID="6065" AltIDMod="-5" />
    </StaticTiles>
  </TransInfo>
  <TransInfo Description="Shallow Water-Dungeon Cave Without Static-Lava" HashKey="0D06064A4A4A4A4A4A">
    <MapTiles>
      <MapTile TileID="581" AltIDMod="-5" />
      <MapTile TileID="582" AltIDMod="-5" />
      <MapTile TileID="583" AltIDMod="-5" />
      <MapTile TileID="584" AltIDMod="-5" />
      <MapTile TileID="585" AltIDMod="-5" />
    </MapTiles>
    <StaticTiles>
      <StaticTile TileID="6056" AltIDMod="-5" />
      <StaticTile TileID="6064" AltIDMod="-5" />
    </StaticTiles>
  </TransInfo>
  <TransInfo Description="Shallow Water-Dungeon Cave Without Static-Lava" HashKey="0D0D4A060606060606">
    <MapTiles>
      <MapTile TileID="501" AltIDMod="-5" />
      <MapTile TileID="502" AltIDMod="-5" />
      <MapTile TileID="503" AltIDMod="-5" />
    </MapTiles>
    <StaticTiles>
      <StaticTile TileID="6047" AltIDMod="-5" />
      <StaticTile TileID="6048" AltIDMod="-5" />
    </StaticTiles>
  </TransInfo>
  <TransInfo Description="Shallow Water-Dungeon Cave Without Static-Lava" HashKey="0D0D4A0D0D4A06064A">
    <MapTiles>
      <MapTile TileID="501" AltIDMod="0" />
      <MapTile TileID="502" AltIDMod="0" />
      <MapTile TileID="503" AltIDMod="0" />
    </MapTiles>
    <StaticTiles>
      <StaticTile TileID="12939" AltIDMod="0" />
    </StaticTiles>
  </TransInfo>
  <TransInfo Description="Shallow Water-Dungeon Cave Without Static-Lava" HashKey="064A4A0D0D0D0D0D0D">
    <MapTiles>
      <MapTile TileID="501" AltIDMod="0" />
      <MapTile TileID="502" AltIDMod="0" />
      <MapTile TileID="503" AltIDMod="0" />
    </MapTiles>
    <StaticTiles>
      <StaticTile TileID="12939" AltIDMod="0" />
    </StaticTiles>
  </TransInfo>
  <TransInfo Description="Shallow Water-Dungeon Cave Without Static-Lava" HashKey="4A06064A06060D0D0D">
    <MapTiles>
      <MapTile TileID="501" AltIDMod="-5" />
      <MapTile TileID="502" AltIDMod="-5" />
      <MapTile TileID="503" AltIDMod="-5" />
    </MapTiles>
    <StaticTiles>
      <StaticTile TileID="6049" AltIDMod="-5" />
      <StaticTile TileID="6050" AltIDMod="-5" />
    </StaticTiles>
  </TransInfo>
  <TransInfo Description="Shallow Water-Dungeon Cave Without Static-Lava" HashKey="0D06060D06064A4A4A">
    <MapTiles>
      <MapTile TileID="501" AltIDMod="-5" />
      <MapTile TileID="502" AltIDMod="-5" />
      <MapTile TileID="503" AltIDMod="-5" />
    </MapTiles>
    <StaticTiles>
      <StaticTile TileID="6051" AltIDMod="-5" />
      <StaticTile TileID="6052" AltIDMod="-5" />
    </StaticTiles>
  </TransInfo>
  <TransInfo Description="Shallow Water-Dungeon Cave Without Static-Lava" HashKey="4A06064A06064A0D0D">
    <MapTiles>
      <MapTile TileID="501" AltIDMod="-5" />
      <MapTile TileID="502" AltIDMod="-5" />
      <MapTile TileID="503" AltIDMod="-5" />
    </MapTiles>
    <StaticTiles>
      <StaticTile TileID="6049" AltIDMod="-5" />
      <StaticTile TileID="6050" AltIDMod="-5" />
    </StaticTiles>
  </TransInfo>
  <TransInfo Description="Shallow Water-Dungeon Cave Without Static-Lava" HashKey="0606060606060D0D4A">
    <MapTiles>
      <MapTile TileID="501" AltIDMod="-5" />
      <MapTile TileID="502" AltIDMod="-5" />
      <MapTile TileID="503" AltIDMod="-5" />
    </MapTiles>
    <StaticTiles>
      <StaticTile TileID="6049" AltIDMod="-5" />
      <StaticTile TileID="6050" AltIDMod="-5" />
    </StaticTiles>
  </TransInfo>
  <TransInfo Description="Shallow Water-Dungeon Cave Without Static-Lava" HashKey="4A4A0D06060D06060D">
    <MapTiles>
      <MapTile TileID="501" AltIDMod="-5" />
      <MapTile TileID="502" AltIDMod="-5" />
      <MapTile TileID="503" AltIDMod="-5" />
    </MapTiles>
    <StaticTiles>
      <StaticTile TileID="6045" AltIDMod="-5" />
      <StaticTile TileID="6046" AltIDMod="-5" />
    </StaticTiles>
  </TransInfo>
  <TransInfo Description="Shallow Water-Dungeon Cave Without Static-Lava" HashKey="4A4A4A4A4A4A060D0D">
    <MapTiles>
      <MapTile TileID="602" AltIDMod="-5" />
      <MapTile TileID="603" AltIDMod="-5" />
      <MapTile TileID="604" AltIDMod="-5" />
      <MapTile TileID="605" AltIDMod="-5" />
    </MapTiles>
    <StaticTiles>
      <StaticTile TileID="12974" AltIDMod="-5" />
      <StaticTile TileID="12975" AltIDMod="-5" />
    </StaticTiles>
  </TransInfo>
  <TransInfo Description="Shallow Water-Dungeon Cave Without Static-Lava" HashKey="06060D4A4A0D4A4A0D">
    <MapTiles>
      <MapTile TileID="608" AltIDMod="-5" />
    </MapTiles>
    <StaticTiles>
      <StaticTile TileID="6055" AltIDMod="-5" />
      <StaticTile TileID="6065" AltIDMod="-5" />
    </StaticTiles>
  </TransInfo>
  <TransInfo Description="Shallow Water-Dungeon Cave Without Static-Lava" HashKey="060D0D060D0D064A4A">
    <MapTiles>
      <MapTile TileID="501" AltIDMod="0" />
      <MapTile TileID="502" AltIDMod="0" />
      <MapTile TileID="503" AltIDMod="0" />
    </MapTiles>
    <StaticTiles>
      <StaticTile TileID="12936" AltIDMod="0" />
    </StaticTiles>
  </TransInfo>
  <TransInfo Description="Shallow Water-Dungeon Cave Without Static-Lava" HashKey="4A4A4A4A4A4A0D0D06">
    <MapTiles>
      <MapTile TileID="602" AltIDMod="-5" />
      <MapTile TileID="603" AltIDMod="-5" />
      <MapTile TileID="604" AltIDMod="-5" />
      <MapTile TileID="605" AltIDMod="-5" />
    </MapTiles>
    <StaticTiles>
      <StaticTile TileID="12974" AltIDMod="-5" />
      <StaticTile TileID="12975" AltIDMod="-5" />
    </StaticTiles>
  </TransInfo>
  <TransInfo Description="Shallow Water-Dungeon Cave Without Static-Lava" HashKey="4A0D0D060D0D060D0D">
    <MapTiles>
      <MapTile TileID="501" AltIDMod="0" />
      <MapTile TileID="502" AltIDMod="0" />
      <MapTile TileID="503" AltIDMod="0" />
    </MapTiles>
    <StaticTiles />
  </TransInfo>
  <TransInfo Description="Shallow Water-Dungeon Cave Without Static-Lava" HashKey="0D0D0D0D0D0D4A4A06">
    <MapTiles>
      <MapTile TileID="501" AltIDMod="0" />
      <MapTile TileID="502" AltIDMod="0" />
      <MapTile TileID="503" AltIDMod="0" />
    </MapTiles>
    <StaticTiles>
      <StaticTile TileID="12938" AltIDMod="0" />
    </StaticTiles>
  </TransInfo>
  <TransInfo Description="Shallow Water-Dungeon Cave Without Static-Lava" HashKey="4A4A0D4A4A0D4A4A06">
    <MapTiles>
      <MapTile TileID="607" AltIDMod="-3" />
      <MapTile TileID="608" AltIDMod="-3" />
      <MapTile TileID="609" AltIDMod="-3" />
    </MapTiles>
    <StaticTiles>
      <StaticTile TileID="12970" AltIDMod="-5" />
      <StaticTile TileID="12971" AltIDMod="-5" />
    </StaticTiles>
  </TransInfo>
  <TransInfo Description="Shallow Water-Dungeon Cave Without Static-Lava" HashKey="0D0D0D0D0D0D4A0606">
    <MapTiles>
      <MapTile TileID="501" AltIDMod="0" />
      <MapTile TileID="502" AltIDMod="0" />
      <MapTile TileID="503" AltIDMod="0" />
    </MapTiles>
    <StaticTiles />
  </TransInfo>
  <TransInfo Description="Shallow Water-Dungeon Cave Without Static-Lava" HashKey="06060D06060D4A4A4A">
    <MapTiles>
      <MapTile TileID="501" AltIDMod="-5" />
      <MapTile TileID="502" AltIDMod="-5" />
      <MapTile TileID="503" AltIDMod="-5" />
    </MapTiles>
    <StaticTiles>
      <StaticTile TileID="6045" AltIDMod="-5" />
      <StaticTile TileID="6046" AltIDMod="-5" />
    </StaticTiles>
  </TransInfo>
  <TransInfo Description="Shallow Water-Dungeon Cave Without Static-Lava" HashKey="4A4A4A060D0D060D0D">
    <MapTiles>
      <MapTile TileID="501" AltIDMod="0" />
      <MapTile TileID="502" AltIDMod="0" />
      <MapTile TileID="503" AltIDMod="0" />
    </MapTiles>
    <StaticTiles>
      <StaticTile TileID="12939" AltIDMod="0" />
    </StaticTiles>
  </TransInfo>
  <TransInfo Description="Shallow Water-Dungeon Cave Without Static-Lava" HashKey="4A0D0D060606060606">
    <MapTiles>
      <MapTile TileID="501" AltIDMod="-5" />
      <MapTile TileID="502" AltIDMod="-5" />
      <MapTile TileID="503" AltIDMod="-5" />
    </MapTiles>
    <StaticTiles>
      <StaticTile TileID="6047" AltIDMod="-5" />
      <StaticTile TileID="6048" AltIDMod="-5" />
    </StaticTiles>
  </TransInfo>
  <TransInfo Description="Shallow Water-Dungeon Cave Without Static-Lava" HashKey="0D06064A06064A0606">
    <MapTiles>
      <MapTile TileID="501" AltIDMod="-5" />
      <MapTile TileID="502" AltIDMod="-5" />
      <MapTile TileID="503" AltIDMod="-5" />
    </MapTiles>
    <StaticTiles>
      <StaticTile TileID="6060" AltIDMod="-5" />
    </StaticTiles>
  </TransInfo>
  <TransInfo Description="Shallow Water-Dungeon Cave Without Static-Lava" HashKey="064A4A064A4A060D0D">
    <MapTiles>
      <MapTile TileID="604" AltIDMod="-5" />
      <MapTile TileID="605" AltIDMod="-5" />
      <MapTile TileID="607" AltIDMod="-5" />
    </MapTiles>
    <StaticTiles>
      <StaticTile TileID="6055" AltIDMod="-5" />
      <StaticTile TileID="6065" AltIDMod="-5" />
    </StaticTiles>
  </TransInfo>
  <TransInfo Description="Shallow Water-Dungeon Cave Without Static-Lava" HashKey="0D4A4A0D4A4A060606">
    <MapTiles>
      <MapTile TileID="604" AltIDMod="-5" />
      <MapTile TileID="605" AltIDMod="-5" />
      <MapTile TileID="607" AltIDMod="-5" />
    </MapTiles>
    <StaticTiles>
      <StaticTile TileID="6054" AltIDMod="-5" />
      <StaticTile TileID="6063" AltIDMod="-5" />
    </StaticTiles>
  </TransInfo>
  <TransInfo Description="Shallow Water-Dungeon Cave Without Static-Lava" HashKey="4A0D0D4A0D0D060606">
    <MapTiles>
      <MapTile TileID="501" AltIDMod="0" />
      <MapTile TileID="502" AltIDMod="0" />
      <MapTile TileID="503" AltIDMod="0" />
    </MapTiles>
    <StaticTiles>
      <StaticTile TileID="12937" AltIDMod="0" />
    </StaticTiles>
  </TransInfo>
  <TransInfo Description="Shallow Water-Dungeon Cave Without Static-Lava" HashKey="06060D06064A06064A">
    <MapTiles>
      <MapTile TileID="501" AltIDMod="-5" />
      <MapTile TileID="502" AltIDMod="-5" />
      <MapTile TileID="503" AltIDMod="-5" />
    </MapTiles>
    <StaticTiles>
      <StaticTile TileID="6057" AltIDMod="-5" />
    </StaticTiles>
  </TransInfo>
  <TransInfo Description="Shallow Water-Dungeon Cave Without Static-Lava" HashKey="0D0D060D0D4A0D0D4A">
    <MapTiles>
      <MapTile TileID="501" AltIDMod="0" />
      <MapTile TileID="502" AltIDMod="0" />
      <MapTile TileID="503" AltIDMod="0" />
    </MapTiles>
    <StaticTiles>
      <StaticTile TileID="12936" AltIDMod="0" />
    </StaticTiles>
  </TransInfo>
  <TransInfo Description="Shallow Water-Dungeon Cave Without Static-Lava" HashKey="060D0D060D0D4A4A4A">
    <MapTiles>
      <MapTile TileID="501" AltIDMod="0" />
      <MapTile TileID="502" AltIDMod="0" />
      <MapTile TileID="503" AltIDMod="0" />
    </MapTiles>
    <StaticTiles>
      <StaticTile TileID="12936" AltIDMod="0" />
    </StaticTiles>
  </TransInfo>
  <TransInfo Description="Shallow Water-Dungeon Cave Without Static-Lava" HashKey="060D0D4A0D0D4A0D0D">
    <MapTiles>
      <MapTile TileID="501" AltIDMod="0" />
      <MapTile TileID="502" AltIDMod="0" />
      <MapTile TileID="503" AltIDMod="0" />
    </MapTiles>
    <StaticTiles>
      <StaticTile TileID="12938" AltIDMod="0" />
    </StaticTiles>
  </TransInfo>
  <TransInfo Description="Shallow Water-Dungeon Cave Without Static-Lava" HashKey="0606064A0D0D4A0D0D">
    <MapTiles>
      <MapTile TileID="501" AltIDMod="0" />
      <MapTile TileID="502" AltIDMod="0" />
      <MapTile TileID="503" AltIDMod="0" />
    </MapTiles>
    <StaticTiles>
      <StaticTile TileID="12938" AltIDMod="0" />
    </StaticTiles>
  </TransInfo>
  <TransInfo Description="Shallow Water-Dungeon Cave Without Static-Lava" HashKey="064A4A064A4A0D0D0D">
    <MapTiles>
      <MapTile TileID="604" AltIDMod="-5" />
      <MapTile TileID="605" AltIDMod="-5" />
      <MapTile TileID="607" AltIDMod="-5" />
    </MapTiles>
    <StaticTiles>
      <StaticTile TileID="6055" AltIDMod="-5" />
      <StaticTile TileID="6065" AltIDMod="-5" />
    </StaticTiles>
  </TransInfo>
  <TransInfo Description="Shallow Water-Dungeon Cave Without Static-Lava" HashKey="0D0D0D06064A06064A">
    <MapTiles>
      <MapTile TileID="501" AltIDMod="-5" />
      <MapTile TileID="502" AltIDMod="-5" />
      <MapTile TileID="503" AltIDMod="-5" />
    </MapTiles>
    <StaticTiles>
      <StaticTile TileID="6047" AltIDMod="-5" />
      <StaticTile TileID="6048" AltIDMod="-5" />
    </StaticTiles>
  </TransInfo>
  <TransInfo Description="Shallow Water-Dungeon Cave Without Static-Lava" HashKey="4A06064A06060D0606">
    <MapTiles>
      <MapTile TileID="501" AltIDMod="-5" />
      <MapTile TileID="502" AltIDMod="-5" />
      <MapTile TileID="503" AltIDMod="-5" />
    </MapTiles>
    <StaticTiles>
      <StaticTile TileID="6059" AltIDMod="-5" />
    </StaticTiles>
  </TransInfo>
  <TransInfo Description="Shallow Water-Dungeon Cave Without Static-Lava" HashKey="0D0D0D0D0D0D064A4A">
    <MapTiles>
      <MapTile TileID="501" AltIDMod="0" />
      <MapTile TileID="502" AltIDMod="0" />
      <MapTile TileID="503" AltIDMod="0" />
    </MapTiles>
    <StaticTiles>
      <StaticTile TileID="12936" AltIDMod="0" />
    </StaticTiles>
  </TransInfo>
  <TransInfo Description="Shallow Water-Dungeon Cave Without Static-Lava" HashKey="0D4A4A0D06060D0606">
    <MapTiles>
      <MapTile TileID="501" AltIDMod="-5" />
      <MapTile TileID="502" AltIDMod="-5" />
      <MapTile TileID="503" AltIDMod="-5" />
    </MapTiles>
    <StaticTiles>
      <StaticTile TileID="6051" AltIDMod="-5" />
      <StaticTile TileID="6052" AltIDMod="-5" />
    </StaticTiles>
  </TransInfo>
  <TransInfo Description="Shallow Water-Dungeon Cave Without Static-Lava" HashKey="4A06060D0D0D0D0D0D">
    <MapTiles>
      <MapTile TileID="501" AltIDMod="0" />
      <MapTile TileID="502" AltIDMod="0" />
      <MapTile TileID="503" AltIDMod="0" />
    </MapTiles>
    <StaticTiles />
  </TransInfo>
  <TransInfo Description="Shallow Water-Dungeon Cave Without Static-Lava" HashKey="0D4A4A060606060606">
    <MapTiles>
      <MapTile TileID="501" AltIDMod="-5" />
      <MapTile TileID="502" AltIDMod="-5" />
      <MapTile TileID="503" AltIDMod="-5" />
    </MapTiles>
    <StaticTiles>
      <StaticTile TileID="6060" AltIDMod="-5" />
    </StaticTiles>
  </TransInfo>
  <TransInfo Description="Shallow Water-Dungeon Cave Without Static-Lava" HashKey="0D4A4A064A4A064A4A">
    <MapTiles>
      <MapTile TileID="581" AltIDMod="-5" />
      <MapTile TileID="582" AltIDMod="-5" />
      <MapTile TileID="583" AltIDMod="-5" />
      <MapTile TileID="584" AltIDMod="-5" />
      <MapTile TileID="585" AltIDMod="-5" />
    </MapTiles>
    <StaticTiles>
      <StaticTile TileID="6053" AltIDMod="-5" />
      <StaticTile TileID="6066" AltIDMod="-5" />
    </StaticTiles>
  </TransInfo>
  <TransInfo Description="Shallow Water-Dungeon Cave Without Static-Lava" HashKey="0D06060D4A4A0D4A4A">
    <MapTiles>
      <MapTile TileID="581" AltIDMod="-5" />
      <MapTile TileID="582" AltIDMod="-5" />
      <MapTile TileID="583" AltIDMod="-5" />
      <MapTile TileID="584" AltIDMod="-5" />
      <MapTile TileID="585" AltIDMod="-5" />
    </MapTiles>
    <StaticTiles>
      <StaticTile TileID="6056" AltIDMod="-5" />
      <StaticTile TileID="6064" AltIDMod="-5" />
    </StaticTiles>
  </TransInfo>
  <TransInfo Description="Shallow Water-Dungeon Cave Without Static-Lava" HashKey="060D0D4A4A4A4A4A4A">
    <MapTiles>
      <MapTile TileID="581" AltIDMod="-5" />
      <MapTile TileID="582" AltIDMod="-5" />
      <MapTile TileID="583" AltIDMod="-5" />
      <MapTile TileID="584" AltIDMod="-5" />
      <MapTile TileID="585" AltIDMod="-5" />
    </MapTiles>
    <StaticTiles>
      <StaticTile TileID="12972" AltIDMod="-5" />
      <StaticTile TileID="12973" AltIDMod="-5" />
    </StaticTiles>
  </TransInfo>
  <TransInfo Description="Shallow Water-Dungeon Cave Without Static-Lava" HashKey="4A4A0D4A4A0D060606">
    <MapTiles>
      <MapTile TileID="609" AltIDMod="0" />
    </MapTiles>
    <StaticTiles>
      <StaticTile TileID="6053" AltIDMod="-5" />
      <StaticTile TileID="6066" AltIDMod="-5" />
    </StaticTiles>
  </TransInfo>
  <TransInfo Description="Shallow Water-Dungeon Cave Without Static-Lava" HashKey="4A4A4A4A4A4A0D0606">
    <MapTiles>
      <MapTile TileID="602" AltIDMod="-5" />
      <MapTile TileID="603" AltIDMod="-5" />
      <MapTile TileID="604" AltIDMod="-5" />
      <MapTile TileID="605" AltIDMod="-5" />
    </MapTiles>
    <StaticTiles>
      <StaticTile TileID="6054" AltIDMod="-5" />
      <StaticTile TileID="6063" AltIDMod="-5" />
    </StaticTiles>
  </TransInfo>
  <TransInfo Description="Shallow Water-Dungeon Cave Without Static-Lava" HashKey="0D0D0D064A4A064A4A">
    <MapTiles>
      <MapTile TileID="581" AltIDMod="-5" />
      <MapTile TileID="582" AltIDMod="-5" />
      <MapTile TileID="583" AltIDMod="-5" />
      <MapTile TileID="584" AltIDMod="-5" />
      <MapTile TileID="585" AltIDMod="-5" />
    </MapTiles>
    <StaticTiles>
      <StaticTile TileID="6053" AltIDMod="-5" />
      <StaticTile TileID="6066" AltIDMod="-5" />
    </StaticTiles>
  </TransInfo>
  <TransInfo Description="Shallow Water-Dungeon Cave Without Static-Lava" HashKey="4A4A4A4A4A4A06060D">
    <MapTiles>
      <MapTile TileID="602" AltIDMod="-5" />
      <MapTile TileID="603" AltIDMod="-5" />
      <MapTile TileID="604" AltIDMod="-5" />
      <MapTile TileID="605" AltIDMod="-5" />
    </MapTiles>
    <StaticTiles>
      <StaticTile TileID="6053" AltIDMod="-5" />
      <StaticTile TileID="6066" AltIDMod="-5" />
    </StaticTiles>
  </TransInfo>
  <TransInfo Description="Shallow Water-Dungeon Cave Without Static-Lava" HashKey="4A4A4A0D06060D0606">
    <MapTiles>
      <MapTile TileID="501" AltIDMod="-5" />
      <MapTile TileID="502" AltIDMod="-5" />
      <MapTile TileID="503" AltIDMod="-5" />
    </MapTiles>
    <StaticTiles>
      <StaticTile TileID="6051" AltIDMod="-5" />
      <StaticTile TileID="6052" AltIDMod="-5" />
    </StaticTiles>
  </TransInfo>
  <TransInfo Description="Shallow Water-Dungeon Cave Without Static-Lava" HashKey="06064A06064A0D0D4A">
    <MapTiles>
      <MapTile TileID="501" AltIDMod="-5" />
      <MapTile TileID="502" AltIDMod="-5" />
      <MapTile TileID="503" AltIDMod="-5" />
    </MapTiles>
    <StaticTiles>
      <StaticTile TileID="6049" AltIDMod="-5" />
      <StaticTile TileID="6050" AltIDMod="-5" />
    </StaticTiles>
  </TransInfo>
  <TransInfo Description="Shallow Water-Dungeon Cave Without Static-Lava" HashKey="0D0D4A06064A06064A">
    <MapTiles>
      <MapTile TileID="501" AltIDMod="-5" />
      <MapTile TileID="502" AltIDMod="-5" />
      <MapTile TileID="503" AltIDMod="-5" />
    </MapTiles>
    <StaticTiles>
      <StaticTile TileID="6047" AltIDMod="-5" />
      <StaticTile TileID="6048" AltIDMod="-5" />
    </StaticTiles>
  </TransInfo>
  <TransInfo Description="Shallow Water-Dungeon Cave Without Static-Lava" HashKey="4A0D0D4A0D0D060D0D">
    <MapTiles>
      <MapTile TileID="501" AltIDMod="0" />
      <MapTile TileID="502" AltIDMod="0" />
      <MapTile TileID="503" AltIDMod="0" />
    </MapTiles>
    <StaticTiles>
      <StaticTile TileID="12937" AltIDMod="0" />
    </StaticTiles>
  </TransInfo>
  <TransInfo Description="Shallow Water-Dungeon Cave Without Static-Lava" HashKey="0D0D060D0D064A4A06">
    <MapTiles>
      <MapTile TileID="501" AltIDMod="0" />
      <MapTile TileID="502" AltIDMod="0" />
      <MapTile TileID="503" AltIDMod="0" />
    </MapTiles>
    <StaticTiles>
      <StaticTile TileID="12938" AltIDMod="0" />
    </StaticTiles>
  </TransInfo>
  <TransInfo Description="Shallow Water-Dungeon Cave Without Static-Lava" HashKey="06064A06060D06060D">
    <MapTiles>
      <MapTile TileID="501" AltIDMod="-5" />
      <MapTile TileID="502" AltIDMod="-5" />
      <MapTile TileID="503" AltIDMod="-5" />
    </MapTiles>
    <StaticTiles>
      <StaticTile TileID="6045" AltIDMod="-5" />
      <StaticTile TileID="6046" AltIDMod="-5" />
    </StaticTiles>
  </TransInfo>
  <TransInfo Description="Shallow Water-Dungeon Cave Without Static-Lava" HashKey="4A4A064A4A060D0D0D">
    <MapTiles>
      <MapTile TileID="609" AltIDMod="0" />
    </MapTiles>
    <StaticTiles>
      <StaticTile TileID="6056" AltIDMod="-5" />
      <StaticTile TileID="6064" AltIDMod="-5" />
    </StaticTiles>
  </TransInfo>
  <TransInfo Description="Shallow Water-Dungeon Cave Without Static-Lava" HashKey="0606060D0D4A0D0D4A">
    <MapTiles>
      <MapTile TileID="501" AltIDMod="0" />
      <MapTile TileID="502" AltIDMod="0" />
      <MapTile TileID="503" AltIDMod="0" />
    </MapTiles>
    <StaticTiles>
      <StaticTile TileID="12936" AltIDMod="0" />
    </StaticTiles>
  </TransInfo>
  <TransInfo Description="Shallow Water-Dungeon Cave Without Static-Lava" HashKey="4A4A064A4A064A4A0D">
    <MapTiles>
      <MapTile TileID="607" AltIDMod="-3" />
      <MapTile TileID="608" AltIDMod="-3" />
      <MapTile TileID="609" AltIDMod="-3" />
    </MapTiles>
    <StaticTiles>
      <StaticTile TileID="6056" AltIDMod="-5" />
      <StaticTile TileID="6064" AltIDMod="-5" />
    </StaticTiles>
  </TransInfo>
  <TransInfo Description="Shallow Water-Dungeon Cave Without Static-Lava" HashKey="06060D4A4A4A4A4A4A">
    <MapTiles>
      <MapTile TileID="581" AltIDMod="-5" />
      <MapTile TileID="582" AltIDMod="-5" />
      <MapTile TileID="583" AltIDMod="-5" />
      <MapTile TileID="584" AltIDMod="-5" />
      <MapTile TileID="585" AltIDMod="-5" />
    </MapTiles>
    <StaticTiles>
      <StaticTile TileID="6055" AltIDMod="-5" />
      <StaticTile TileID="6065" AltIDMod="-5" />
    </StaticTiles>
  </TransInfo>
  <TransInfo Description="Shallow Water-Dungeon Cave Without Static-Lava" HashKey="0D0D060D0D060D0D4A">
    <MapTiles>
      <MapTile TileID="501" AltIDMod="0" />
      <MapTile TileID="502" AltIDMod="0" />
      <MapTile TileID="503" AltIDMod="0" />
    </MapTiles>
    <StaticTiles />
  </TransInfo>
  <TransInfo Description="Shallow Water-Dungeon Cave Without Static-Lava" HashKey="0D0D060D0D064A4A4A">
    <MapTiles>
      <MapTile TileID="501" AltIDMod="0" />
      <MapTile TileID="502" AltIDMod="0" />
      <MapTile TileID="503" AltIDMod="0" />
    </MapTiles>
    <StaticTiles>
      <StaticTile TileID="12938" AltIDMod="0" />
    </StaticTiles>
  </TransInfo>
  <TransInfo Description="Shallow Water-Dungeon Cave Without Static-Lava" HashKey="4A06060D06060D0606">
    <MapTiles>
      <MapTile TileID="501" AltIDMod="-5" />
      <MapTile TileID="502" AltIDMod="-5" />
      <MapTile TileID="503" AltIDMod="-5" />
    </MapTiles>
    <StaticTiles>
      <StaticTile TileID="6051" AltIDMod="-5" />
      <StaticTile TileID="6052" AltIDMod="-5" />
    </StaticTiles>
  </TransInfo>
  <TransInfo Description="Shallow Water-Dungeon Cave Without Static-Lava" HashKey="0D0D4A0D0D060D0D06">
    <MapTiles>
      <MapTile TileID="501" AltIDMod="0" />
      <MapTile TileID="502" AltIDMod="0" />
      <MapTile TileID="503" AltIDMod="0" />
    </MapTiles>
    <StaticTiles />
  </TransInfo>
  <TransInfo Description="Shallow Water-Dungeon Cave Without Static-Lava" HashKey="0606060606064A4A0D">
    <MapTiles>
      <MapTile TileID="501" AltIDMod="-5" />
      <MapTile TileID="502" AltIDMod="-5" />
      <MapTile TileID="503" AltIDMod="-5" />
    </MapTiles>
    <StaticTiles>
      <StaticTile TileID="6058" AltIDMod="-5" />
    </StaticTiles>
  </TransInfo>
  <TransInfo Description="Shallow Water-Dungeon Cave Without Static-Lava" HashKey="0606060606060D4A4A">
    <MapTiles>
      <MapTile TileID="501" AltIDMod="-5" />
      <MapTile TileID="502" AltIDMod="-5" />
      <MapTile TileID="503" AltIDMod="-5" />
    </MapTiles>
    <StaticTiles>
      <StaticTile TileID="6059" AltIDMod="-5" />
    </StaticTiles>
  </TransInfo>
  <TransInfo Description="Shallow Water-Dungeon Cave Without Static-Lava" HashKey="4A4A0D060606060606">
    <MapTiles>
      <MapTile TileID="501" AltIDMod="-5" />
      <MapTile TileID="502" AltIDMod="-5" />
      <MapTile TileID="503" AltIDMod="-5" />
    </MapTiles>
    <StaticTiles>
      <StaticTile TileID="6057" AltIDMod="-5" />
    </StaticTiles>
  </TransInfo>
  <TransInfo Description="Shallow Water-Dungeon Cave Without Static-Lava" HashKey="0D0D064A4A064A4A06">
    <MapTiles>
      <MapTile TileID="608" AltIDMod="-5" />
    </MapTiles>
    <StaticTiles>
      <StaticTile TileID="6054" AltIDMod="-5" />
      <StaticTile TileID="6063" AltIDMod="-5" />
    </StaticTiles>
  </TransInfo>
  <TransInfo Description="Shallow Water-Dungeon Cave Without Static-Lava" HashKey="064A4A060D0D060D0D">
    <MapTiles>
      <MapTile TileID="501" AltIDMod="0" />
      <MapTile TileID="502" AltIDMod="0" />
      <MapTile TileID="503" AltIDMod="0" />
    </MapTiles>
    <StaticTiles>
      <StaticTile TileID="12939" AltIDMod="0" />
    </StaticTiles>
  </TransInfo>
  <TransInfo Description="Shallow Water-Dungeon Cave Without Static-Lava" HashKey="06060D06060D4A4A0D">
    <MapTiles>
      <MapTile TileID="501" AltIDMod="-5" />
      <MapTile TileID="502" AltIDMod="-5" />
      <MapTile TileID="503" AltIDMod="-5" />
    </MapTiles>
    <StaticTiles>
      <StaticTile TileID="6045" AltIDMod="-5" />
      <StaticTile TileID="6046" AltIDMod="-5" />
    </StaticTiles>
  </TransInfo>
  <TransInfo Description="Shallow Water-Dungeon Cave Without Static-Lava" HashKey="0606060606064A0D0D">
    <MapTiles>
      <MapTile TileID="501" AltIDMod="-5" />
      <MapTile TileID="502" AltIDMod="-5" />
      <MapTile TileID="503" AltIDMod="-5" />
    </MapTiles>
    <StaticTiles>
      <StaticTile TileID="6049" AltIDMod="-5" />
      <StaticTile TileID="6050" AltIDMod="-5" />
    </StaticTiles>
  </TransInfo>
  <TransInfo Description="Shallow Water-Dungeon Cave Without Static-Lava" HashKey="4A4A060D0D0D0D0D0D">
    <MapTiles>
      <MapTile TileID="501" AltIDMod="0" />
      <MapTile TileID="502" AltIDMod="0" />
      <MapTile TileID="503" AltIDMod="0" />
    </MapTiles>
    <StaticTiles>
      <StaticTile TileID="12937" AltIDMod="0" />
    </StaticTiles>
  </TransInfo>
  <TransInfo Description="Shallow Water-Dungeon Cave Without Static-Lava" HashKey="4A4A060D0D060D0D06">
    <MapTiles>
      <MapTile TileID="501" AltIDMod="0" />
      <MapTile TileID="502" AltIDMod="0" />
      <MapTile TileID="503" AltIDMod="0" />
    </MapTiles>
    <StaticTiles>
      <StaticTile TileID="12937" AltIDMod="0" />
    </StaticTiles>
  </TransInfo>
  <TransInfo Description="Shallow Water-Dungeon Cave Without Static-Lava" HashKey="4A4A0D4A4A064A4A06">
    <MapTiles>
      <MapTile TileID="607" AltIDMod="-3" />
      <MapTile TileID="608" AltIDMod="-3" />
      <MapTile TileID="609" AltIDMod="-3" />
    </MapTiles>
    <StaticTiles>
      <StaticTile TileID="6054" AltIDMod="-5" />
      <StaticTile TileID="6063" AltIDMod="-5" />
    </StaticTiles>
  </TransInfo>
  <TransInfo Description="Shallow Water-Dungeon Cave Without Static-Lava" HashKey="4A4A4A06060D06060D">
    <MapTiles>
      <MapTile TileID="501" AltIDMod="-5" />
      <MapTile TileID="502" AltIDMod="-5" />
      <MapTile TileID="503" AltIDMod="-5" />
    </MapTiles>
    <StaticTiles>
      <StaticTile TileID="6045" AltIDMod="-5" />
      <StaticTile TileID="6046" AltIDMod="-5" />
    </StaticTiles>
  </TransInfo>
  <TransInfo Description="Shallow Water-Dungeon Cave Without Static-Lava" HashKey="0D0D4A0D0D4A0D0D06">
    <MapTiles>
      <MapTile TileID="501" AltIDMod="0" />
      <MapTile TileID="502" AltIDMod="0" />
      <MapTile TileID="503" AltIDMod="0" />
    </MapTiles>
    <StaticTiles>
      <StaticTile TileID="12939" AltIDMod="0" />
    </StaticTiles>
  </TransInfo>
  <TransInfo Description="Shallow Water-Dungeon Cave Without Static-Lava" HashKey="0D06060D06064A0606">
    <MapTiles>
      <MapTile TileID="501" AltIDMod="-5" />
      <MapTile TileID="502" AltIDMod="-5" />
      <MapTile TileID="503" AltIDMod="-5" />
    </MapTiles>
    <StaticTiles>
      <StaticTile TileID="6051" AltIDMod="-5" />
      <StaticTile TileID="6052" AltIDMod="-5" />
    </StaticTiles>
  </TransInfo>
  <TransInfo Description="Shallow Water-Dungeon Cave Without Static-Lava" HashKey="060D0D060D0D4A0D0D">
    <MapTiles>
      <MapTile TileID="501" AltIDMod="0" />
      <MapTile TileID="502" AltIDMod="0" />
      <MapTile TileID="503" AltIDMod="0" />
    </MapTiles>
    <StaticTiles />
  </TransInfo>
  <TransInfo Description="Shallow Water-Dungeon Cave Without Static-Lava" HashKey="0D0D0D4A4A064A4A06">
    <MapTiles>
      <MapTile TileID="608" AltIDMod="-5" />
    </MapTiles>
    <StaticTiles>
      <StaticTile TileID="6054" AltIDMod="-5" />
      <StaticTile TileID="6063" AltIDMod="-5" />
    </StaticTiles>
  </TransInfo>
  <TransInfo Description="Shallow Water-Dungeon Cave Without Static-Lava" HashKey="0D0D0D0D0D0D06064A">
    <MapTiles>
      <MapTile TileID="501" AltIDMod="0" />
      <MapTile TileID="502" AltIDMod="0" />
      <MapTile TileID="503" AltIDMod="0" />
    </MapTiles>
    <StaticTiles />
  </TransInfo>
  <TransInfo Description="Shallow Water-Dungeon Cave Without Static-Lava" HashKey="4A0D0D4A0D0D4A0606">
    <MapTiles>
      <MapTile TileID="501" AltIDMod="0" />
      <MapTile TileID="502" AltIDMod="0" />
      <MapTile TileID="503" AltIDMod="0" />
    </MapTiles>
    <StaticTiles>
      <StaticTile TileID="12937" AltIDMod="0" />
    </StaticTiles>
  </TransInfo>
  <TransInfo Description="Shallow Water-Dungeon Cave Without Static-Lava" HashKey="064A4A064A4A0D4A4A">
    <MapTiles>
      <MapTile TileID="581" AltIDMod="-5" />
      <MapTile TileID="582" AltIDMod="-5" />
      <MapTile TileID="583" AltIDMod="-5" />
      <MapTile TileID="584" AltIDMod="-5" />
      <MapTile TileID="585" AltIDMod="-5" />
    </MapTiles>
    <StaticTiles>
      <StaticTile TileID="6055" AltIDMod="-5" />
      <StaticTile TileID="6065" AltIDMod="-5" />
    </StaticTiles>
  </TransInfo>
  <TransInfo Description="Shallow Water-Dungeon Cave Without Static-Lava" HashKey="0D4A4A0D4A4A0D0606">
    <MapTiles>
      <MapTile TileID="604" AltIDMod="-5" />
      <MapTile TileID="605" AltIDMod="-5" />
      <MapTile TileID="607" AltIDMod="-5" />
    </MapTiles>
    <StaticTiles>
      <StaticTile TileID="6054" AltIDMod="-5" />
      <StaticTile TileID="6063" AltIDMod="-5" />
    </StaticTiles>
  </TransInfo>
  <TransInfo Description="Shallow Water-Dungeon Cave Without Static-Lava" HashKey="06064A0D0D4A0D0D4A">
    <MapTiles>
      <MapTile TileID="501" AltIDMod="0" />
      <MapTile TileID="502" AltIDMod="0" />
      <MapTile TileID="503" AltIDMod="0" />
    </MapTiles>
    <StaticTiles>
      <StaticTile TileID="12936" AltIDMod="0" />
    </StaticTiles>
  </TransInfo>
  <TransInfo Description="Shallow Water-Dungeon Cave Without Static-Lava" HashKey="0D0D064A4A4A4A4A4A">
    <MapTiles>
      <MapTile TileID="581" AltIDMod="-5" />
      <MapTile TileID="582" AltIDMod="-5" />
      <MapTile TileID="583" AltIDMod="-5" />
      <MapTile TileID="584" AltIDMod="-5" />
      <MapTile TileID="585" AltIDMod="-5" />
    </MapTiles>
    <StaticTiles>
      <StaticTile TileID="12972" AltIDMod="-5" />
      <StaticTile TileID="12973" AltIDMod="-5" />
    </StaticTiles>
  </TransInfo>
  <TransInfo Description="Shallow Water-Dungeon Cave Without Static-Lava" HashKey="4A4A064A4A060D0D06">
    <MapTiles>
      <MapTile TileID="609" AltIDMod="0" />
    </MapTiles>
    <StaticTiles>
      <StaticTile TileID="6056" AltIDMod="-5" />
      <StaticTile TileID="6064" AltIDMod="-5" />
    </StaticTiles>
  </TransInfo>
  <TransInfo Description="Shallow Water-Dungeon Cave Without Static-Lava" HashKey="06064A0D0D0D0D0D0D">
    <MapTiles>
      <MapTile TileID="501" AltIDMod="0" />
      <MapTile TileID="502" AltIDMod="0" />
      <MapTile TileID="503" AltIDMod="0" />
    </MapTiles>
    <StaticTiles />
  </TransInfo>
  <TransInfo Description="Shallow Water-Dungeon Cave Without Static-Lava" HashKey="064A4A0D4A4A0D4A4A">
    <MapTiles>
      <MapTile TileID="581" AltIDMod="-5" />
      <MapTile TileID="582" AltIDMod="-5" />
      <MapTile TileID="583" AltIDMod="-5" />
      <MapTile TileID="584" AltIDMod="-5" />
      <MapTile TileID="585" AltIDMod="-5" />
    </MapTiles>
    <StaticTiles>
      <StaticTile TileID="12976" AltIDMod="-5" />
      <StaticTile TileID="12977" AltIDMod="-5" />
    </StaticTiles>
  </TransInfo>
  <TransInfo Description="Shallow Water-Dungeon Cave Without Static-Lava" HashKey="0D0D0D4A06064A0606">
    <MapTiles>
      <MapTile TileID="501" AltIDMod="-5" />
      <MapTile TileID="502" AltIDMod="-5" />
      <MapTile TileID="503" AltIDMod="-5" />
    </MapTiles>
    <StaticTiles>
      <StaticTile TileID="6051" AltIDMod="-5" />
      <StaticTile TileID="6052" AltIDMod="-5" />
    </StaticTiles>
  </TransInfo>
  <TransInfo Description="Shallow Water-Dungeon Cave Without Static-Lava" HashKey="06064A06064A06060D">
    <MapTiles>
      <MapTile TileID="501" AltIDMod="-5" />
      <MapTile TileID="502" AltIDMod="-5" />
      <MapTile TileID="503" AltIDMod="-5" />
    </MapTiles>
    <StaticTiles>
      <StaticTile TileID="6058" AltIDMod="-5" />
    </StaticTiles>
  </TransInfo>
  <TransInfo Description="Shallow Water-Dungeon Cave Without Static-Lava" HashKey="060D0D064A4A064A4A">
    <MapTiles>
      <MapTile TileID="581" AltIDMod="-5" />
      <MapTile TileID="582" AltIDMod="-5" />
      <MapTile TileID="583" AltIDMod="-5" />
      <MapTile TileID="584" AltIDMod="-5" />
      <MapTile TileID="585" AltIDMod="-5" />
    </MapTiles>
    <StaticTiles>
      <StaticTile TileID="6053" AltIDMod="-5" />
      <StaticTile TileID="6066" AltIDMod="-5" />
    </StaticTiles>
  </TransInfo>
</Trans>