﻿<?xml version="1.0" encoding="utf-8"?>
<Trans>
  <TransInfo Description="Shallow Water-Rock-Lava" HashKey="0612120D0D0D0D0D0D">
    <MapTiles>
      <MapTile TileID="501" AltIDMod="0" />
      <MapTile TileID="502" AltIDMod="0" />
      <MapTile TileID="503" AltIDMod="0" />
    </MapTiles>
    <StaticTiles>
      <StaticTile TileID="12939" AltIDMod="0" />
    </StaticTiles>
  </TransInfo>
  <TransInfo Description="Shallow Water-Rock-Lava" HashKey="06060D12120D12120D">
    <MapTiles>
      <MapTile TileID="556" AltIDMod="-5" />
      <MapTile TileID="557" AltIDMod="-5" />
      <MapTile TileID="558" AltIDMod="-5" />
      <MapTile TileID="559" AltIDMod="-5" />
    </MapTiles>
    <StaticTiles>
      <StaticTile TileID="6055" AltIDMod="-5" />
      <StaticTile TileID="6065" AltIDMod="-5" />
    </StaticTiles>
  </TransInfo>
  <TransInfo Description="Shallow Water-Rock-Lava" HashKey="1212120D0D060D0D06">
    <MapTiles>
      <MapTile TileID="501" AltIDMod="0" />
      <MapTile TileID="502" AltIDMod="0" />
      <MapTile TileID="503" AltIDMod="0" />
    </MapTiles>
    <StaticTiles>
      <StaticTile TileID="12937" AltIDMod="0" />
    </StaticTiles>
  </TransInfo>
  <TransInfo Description="Shallow Water-Rock-Lava" HashKey="12121206060D06060D">
    <MapTiles>
      <MapTile TileID="501" AltIDMod="-5" />
      <MapTile TileID="502" AltIDMod="-5" />
      <MapTile TileID="503" AltIDMod="-5" />
    </MapTiles>
    <StaticTiles>
      <StaticTile TileID="6045" AltIDMod="-5" />
      <StaticTile TileID="6046" AltIDMod="-5" />
    </StaticTiles>
  </TransInfo>
  <TransInfo Description="Shallow Water-Rock-Lava" HashKey="06060D060612060612">
    <MapTiles>
      <MapTile TileID="501" AltIDMod="-5" />
      <MapTile TileID="502" AltIDMod="-5" />
      <MapTile TileID="503" AltIDMod="-5" />
    </MapTiles>
    <StaticTiles>
      <StaticTile TileID="6057" AltIDMod="-5" />
    </StaticTiles>
  </TransInfo>
  <TransInfo Description="Shallow Water-Rock-Lava" HashKey="0D0D06121206121206">
    <MapTiles>
      <MapTile TileID="556" AltIDMod="-5" />
      <MapTile TileID="557" AltIDMod="-5" />
      <MapTile TileID="558" AltIDMod="-5" />
      <MapTile TileID="559" AltIDMod="-5" />
    </MapTiles>
    <StaticTiles>
      <StaticTile TileID="6054" AltIDMod="-5" />
      <StaticTile TileID="6063" AltIDMod="-5" />
    </StaticTiles>
  </TransInfo>
  <TransInfo Description="Shallow Water-Rock-Lava" HashKey="120606120D0D120D0D">
    <MapTiles>
      <MapTile TileID="501" AltIDMod="0" />
      <MapTile TileID="502" AltIDMod="0" />
      <MapTile TileID="503" AltIDMod="0" />
    </MapTiles>
    <StaticTiles>
      <StaticTile TileID="12938" AltIDMod="0" />
    </StaticTiles>
  </TransInfo>
  <TransInfo Description="Shallow Water-Rock-Lava" HashKey="0D12120D06060D0606">
    <MapTiles>
      <MapTile TileID="501" AltIDMod="-5" />
      <MapTile TileID="502" AltIDMod="-5" />
      <MapTile TileID="503" AltIDMod="-5" />
    </MapTiles>
    <StaticTiles>
      <StaticTile TileID="6051" AltIDMod="-5" />
      <StaticTile TileID="6052" AltIDMod="-5" />
    </StaticTiles>
  </TransInfo>
  <TransInfo Description="Shallow Water-Rock-Lava" HashKey="060D0D061212061212">
    <MapTiles>
      <MapTile TileID="556" AltIDMod="-5" />
      <MapTile TileID="557" AltIDMod="-5" />
      <MapTile TileID="558" AltIDMod="-5" />
      <MapTile TileID="559" AltIDMod="-5" />
    </MapTiles>
    <StaticTiles>
      <StaticTile TileID="6053" AltIDMod="-5" />
      <StaticTile TileID="6066" AltIDMod="-5" />
    </StaticTiles>
  </TransInfo>
  <TransInfo Description="Shallow Water-Rock-Lava" HashKey="0D1212060606060606">
    <MapTiles>
      <MapTile TileID="501" AltIDMod="-5" />
      <MapTile TileID="502" AltIDMod="-5" />
      <MapTile TileID="503" AltIDMod="-5" />
    </MapTiles>
    <StaticTiles>
      <StaticTile TileID="6060" AltIDMod="-5" />
    </StaticTiles>
  </TransInfo>
  <TransInfo Description="Shallow Water-Rock-Lava" HashKey="1206061206060D0D0D">
    <MapTiles>
      <MapTile TileID="501" AltIDMod="-5" />
      <MapTile TileID="502" AltIDMod="-5" />
      <MapTile TileID="503" AltIDMod="-5" />
    </MapTiles>
    <StaticTiles>
      <StaticTile TileID="6049" AltIDMod="-5" />
      <StaticTile TileID="6050" AltIDMod="-5" />
    </StaticTiles>
  </TransInfo>
  <TransInfo Description="Shallow Water-Rock-Lava" HashKey="1206060D06060D0606">
    <MapTiles>
      <MapTile TileID="501" AltIDMod="-5" />
      <MapTile TileID="502" AltIDMod="-5" />
      <MapTile TileID="503" AltIDMod="-5" />
    </MapTiles>
    <StaticTiles>
      <StaticTile TileID="6051" AltIDMod="-5" />
      <StaticTile TileID="6052" AltIDMod="-5" />
    </StaticTiles>
  </TransInfo>
  <TransInfo Description="Shallow Water-Rock-Lava" HashKey="06061206061206060D">
    <MapTiles>
      <MapTile TileID="501" AltIDMod="-5" />
      <MapTile TileID="502" AltIDMod="-5" />
      <MapTile TileID="503" AltIDMod="-5" />
    </MapTiles>
    <StaticTiles>
      <StaticTile TileID="6058" AltIDMod="-5" />
    </StaticTiles>
  </TransInfo>
  <TransInfo Description="Shallow Water-Rock-Lava" HashKey="0D0D0D121206121206">
    <MapTiles>
      <MapTile TileID="556" AltIDMod="-5" />
      <MapTile TileID="557" AltIDMod="-5" />
      <MapTile TileID="558" AltIDMod="-5" />
      <MapTile TileID="559" AltIDMod="-5" />
    </MapTiles>
    <StaticTiles>
      <StaticTile TileID="6054" AltIDMod="-5" />
      <StaticTile TileID="6063" AltIDMod="-5" />
    </StaticTiles>
  </TransInfo>
  <TransInfo Description="Shallow Water-Rock-Lava" HashKey="12120D12120D060606">
    <MapTiles>
      <MapTile TileID="556" AltIDMod="0" />
      <MapTile TileID="557" AltIDMod="0" />
      <MapTile TileID="558" AltIDMod="0" />
      <MapTile TileID="559" AltIDMod="0" />
    </MapTiles>
    <StaticTiles>
      <StaticTile TileID="6053" AltIDMod="-5" />
      <StaticTile TileID="6066" AltIDMod="-5" />
    </StaticTiles>
  </TransInfo>
  <TransInfo Description="Shallow Water-Rock-Lava" HashKey="061212061212060D0D">
    <MapTiles>
      <MapTile TileID="556" AltIDMod="-5" />
      <MapTile TileID="557" AltIDMod="-5" />
      <MapTile TileID="558" AltIDMod="-5" />
      <MapTile TileID="559" AltIDMod="-5" />
    </MapTiles>
    <StaticTiles>
      <StaticTile TileID="6055" AltIDMod="-5" />
      <StaticTile TileID="6065" AltIDMod="-5" />
    </StaticTiles>
  </TransInfo>
  <TransInfo Description="Shallow Water-Rock-Lava" HashKey="0612120D12120D1212">
    <MapTiles>
      <MapTile TileID="556" AltIDMod="-5" />
      <MapTile TileID="557" AltIDMod="-5" />
      <MapTile TileID="558" AltIDMod="-5" />
      <MapTile TileID="559" AltIDMod="-5" />
    </MapTiles>
    <StaticTiles />
  </TransInfo>
  <TransInfo Description="Shallow Water-Rock-Lava" HashKey="121212121212060D0D">
    <MapTiles>
      <MapTile TileID="556" AltIDMod="-5" />
      <MapTile TileID="557" AltIDMod="-5" />
      <MapTile TileID="558" AltIDMod="-5" />
      <MapTile TileID="559" AltIDMod="-5" />
    </MapTiles>
    <StaticTiles />
  </TransInfo>
  <TransInfo Description="Shallow Water-Rock-Lava" HashKey="060D0D121212121212">
    <MapTiles>
      <MapTile TileID="556" AltIDMod="-5" />
      <MapTile TileID="557" AltIDMod="-5" />
      <MapTile TileID="558" AltIDMod="-5" />
      <MapTile TileID="559" AltIDMod="-5" />
    </MapTiles>
    <StaticTiles />
  </TransInfo>
  <TransInfo Description="Shallow Water-Rock-Lava" HashKey="0D0D0D120606120606">
    <MapTiles>
      <MapTile TileID="501" AltIDMod="-5" />
      <MapTile TileID="502" AltIDMod="-5" />
      <MapTile TileID="503" AltIDMod="-5" />
    </MapTiles>
    <StaticTiles>
      <StaticTile TileID="6051" AltIDMod="-5" />
      <StaticTile TileID="6052" AltIDMod="-5" />
    </StaticTiles>
  </TransInfo>
  <TransInfo Description="Shallow Water-Rock-Lava" HashKey="0D0D0D0D0D0D121206">
    <MapTiles>
      <MapTile TileID="501" AltIDMod="0" />
      <MapTile TileID="502" AltIDMod="0" />
      <MapTile TileID="503" AltIDMod="0" />
    </MapTiles>
    <StaticTiles>
      <StaticTile TileID="12938" AltIDMod="0" />
    </StaticTiles>
  </TransInfo>
  <TransInfo Description="Shallow Water-Rock-Lava" HashKey="0606120606120D0D12">
    <MapTiles>
      <MapTile TileID="501" AltIDMod="-5" />
      <MapTile TileID="502" AltIDMod="-5" />
      <MapTile TileID="503" AltIDMod="-5" />
    </MapTiles>
    <StaticTiles>
      <StaticTile TileID="6049" AltIDMod="-5" />
      <StaticTile TileID="6050" AltIDMod="-5" />
    </StaticTiles>
  </TransInfo>
  <TransInfo Description="Shallow Water-Rock-Lava" HashKey="0D1212061212061212">
    <MapTiles>
      <MapTile TileID="556" AltIDMod="-5" />
      <MapTile TileID="557" AltIDMod="-5" />
      <MapTile TileID="558" AltIDMod="-5" />
      <MapTile TileID="559" AltIDMod="-5" />
    </MapTiles>
    <StaticTiles>
      <StaticTile TileID="6053" AltIDMod="-5" />
      <StaticTile TileID="6066" AltIDMod="-5" />
    </StaticTiles>
  </TransInfo>
  <TransInfo Description="Shallow Water-Rock-Lava" HashKey="120D0D060D0D060D0D">
    <MapTiles>
      <MapTile TileID="501" AltIDMod="0" />
      <MapTile TileID="502" AltIDMod="0" />
      <MapTile TileID="503" AltIDMod="0" />
    </MapTiles>
    <StaticTiles />
  </TransInfo>
  <TransInfo Description="Shallow Water-Rock-Lava" HashKey="12120D121206121206">
    <MapTiles>
      <MapTile TileID="556" AltIDMod="-3" />
      <MapTile TileID="557" AltIDMod="-3" />
      <MapTile TileID="558" AltIDMod="-3" />
      <MapTile TileID="559" AltIDMod="-3" />
    </MapTiles>
    <StaticTiles>
      <StaticTile TileID="6054" AltIDMod="-5" />
      <StaticTile TileID="6063" AltIDMod="-5" />
    </StaticTiles>
  </TransInfo>
  <TransInfo Description="Shallow Water-Rock-Lava" HashKey="0D0D060D0D06121206">
    <MapTiles>
      <MapTile TileID="501" AltIDMod="0" />
      <MapTile TileID="502" AltIDMod="0" />
      <MapTile TileID="503" AltIDMod="0" />
    </MapTiles>
    <StaticTiles>
      <StaticTile TileID="12938" AltIDMod="0" />
    </StaticTiles>
  </TransInfo>
  <TransInfo Description="Shallow Water-Rock-Lava" HashKey="0612120612120D0D0D">
    <MapTiles>
      <MapTile TileID="556" AltIDMod="-5" />
      <MapTile TileID="557" AltIDMod="-5" />
      <MapTile TileID="558" AltIDMod="-5" />
      <MapTile TileID="559" AltIDMod="-5" />
    </MapTiles>
    <StaticTiles>
      <StaticTile TileID="6055" AltIDMod="-5" />
      <StaticTile TileID="6065" AltIDMod="-5" />
    </StaticTiles>
  </TransInfo>
  <TransInfo Description="Shallow Water-Rock-Lava" HashKey="0D06060D12120D1212">
    <MapTiles>
      <MapTile TileID="556" AltIDMod="-5" />
      <MapTile TileID="557" AltIDMod="-5" />
      <MapTile TileID="558" AltIDMod="-5" />
      <MapTile TileID="559" AltIDMod="-5" />
    </MapTiles>
    <StaticTiles>
      <StaticTile TileID="6056" AltIDMod="-5" />
      <StaticTile TileID="6064" AltIDMod="-5" />
    </StaticTiles>
  </TransInfo>
  <TransInfo Description="Shallow Water-Rock-Lava" HashKey="120606120606120D0D">
    <MapTiles>
      <MapTile TileID="501" AltIDMod="-5" />
      <MapTile TileID="502" AltIDMod="-5" />
      <MapTile TileID="503" AltIDMod="-5" />
    </MapTiles>
    <StaticTiles>
      <StaticTile TileID="6049" AltIDMod="-5" />
      <StaticTile TileID="6050" AltIDMod="-5" />
    </StaticTiles>
  </TransInfo>
  <TransInfo Description="Shallow Water-Rock-Lava" HashKey="12120612120D12120D">
    <MapTiles>
      <MapTile TileID="556" AltIDMod="-3" />
      <MapTile TileID="557" AltIDMod="-3" />
      <MapTile TileID="558" AltIDMod="-3" />
      <MapTile TileID="559" AltIDMod="-3" />
    </MapTiles>
    <StaticTiles />
  </TransInfo>
  <TransInfo Description="Shallow Water-Rock-Lava" HashKey="120D0D060606060606">
    <MapTiles>
      <MapTile TileID="501" AltIDMod="-5" />
      <MapTile TileID="502" AltIDMod="-5" />
      <MapTile TileID="503" AltIDMod="-5" />
    </MapTiles>
    <StaticTiles>
      <StaticTile TileID="6047" AltIDMod="-5" />
      <StaticTile TileID="6048" AltIDMod="-5" />
    </StaticTiles>
  </TransInfo>
  <TransInfo Description="Shallow Water-Rock-Lava" HashKey="0D0D120D0D120D0D06">
    <MapTiles>
      <MapTile TileID="501" AltIDMod="0" />
      <MapTile TileID="502" AltIDMod="0" />
      <MapTile TileID="503" AltIDMod="0" />
    </MapTiles>
    <StaticTiles>
      <StaticTile TileID="12939" AltIDMod="0" />
    </StaticTiles>
  </TransInfo>
  <TransInfo Description="Shallow Water-Rock-Lava" HashKey="0606120D0D0D0D0D0D">
    <MapTiles>
      <MapTile TileID="501" AltIDMod="0" />
      <MapTile TileID="502" AltIDMod="0" />
      <MapTile TileID="503" AltIDMod="0" />
    </MapTiles>
    <StaticTiles />
  </TransInfo>
  <TransInfo Description="Shallow Water-Rock-Lava" HashKey="0D0D0D061212061212">
    <MapTiles>
      <MapTile TileID="556" AltIDMod="-5" />
      <MapTile TileID="557" AltIDMod="-5" />
      <MapTile TileID="558" AltIDMod="-5" />
      <MapTile TileID="559" AltIDMod="-5" />
    </MapTiles>
    <StaticTiles>
      <StaticTile TileID="6053" AltIDMod="-5" />
      <StaticTile TileID="6066" AltIDMod="-5" />
    </StaticTiles>
  </TransInfo>
  <TransInfo Description="Shallow Water-Rock-Lava" HashKey="06060D06060D060612">
    <MapTiles>
      <MapTile TileID="501" AltIDMod="-5" />
      <MapTile TileID="502" AltIDMod="-5" />
      <MapTile TileID="503" AltIDMod="-5" />
    </MapTiles>
    <StaticTiles>
      <StaticTile TileID="6045" AltIDMod="-5" />
      <StaticTile TileID="6046" AltIDMod="-5" />
    </StaticTiles>
  </TransInfo>
  <TransInfo Description="Shallow Water-Rock-Lava" HashKey="0D0D120D0D060D0D06">
    <MapTiles>
      <MapTile TileID="501" AltIDMod="0" />
      <MapTile TileID="502" AltIDMod="0" />
      <MapTile TileID="503" AltIDMod="0" />
    </MapTiles>
    <StaticTiles />
  </TransInfo>
  <TransInfo Description="Shallow Water-Rock-Lava" HashKey="060D0D120D0D120D0D">
    <MapTiles>
      <MapTile TileID="501" AltIDMod="0" />
      <MapTile TileID="502" AltIDMod="0" />
      <MapTile TileID="503" AltIDMod="0" />
    </MapTiles>
    <StaticTiles>
      <StaticTile TileID="12938" AltIDMod="0" />
    </StaticTiles>
  </TransInfo>
  <TransInfo Description="Shallow Water-Rock-Lava" HashKey="06060606060612120D">
    <MapTiles>
      <MapTile TileID="501" AltIDMod="-5" />
      <MapTile TileID="502" AltIDMod="-5" />
      <MapTile TileID="503" AltIDMod="-5" />
    </MapTiles>
    <StaticTiles>
      <StaticTile TileID="6058" AltIDMod="-5" />
    </StaticTiles>
  </TransInfo>
  <TransInfo Description="Shallow Water-Rock-Lava" HashKey="120D0D120D0D120606">
    <MapTiles>
      <MapTile TileID="501" AltIDMod="0" />
      <MapTile TileID="502" AltIDMod="0" />
      <MapTile TileID="503" AltIDMod="0" />
    </MapTiles>
    <StaticTiles>
      <StaticTile TileID="12937" AltIDMod="0" />
    </StaticTiles>
  </TransInfo>
  <TransInfo Description="Shallow Water-Rock-Lava" HashKey="12120D060606060606">
    <MapTiles>
      <MapTile TileID="501" AltIDMod="-5" />
      <MapTile TileID="502" AltIDMod="-5" />
      <MapTile TileID="503" AltIDMod="-5" />
    </MapTiles>
    <StaticTiles>
      <StaticTile TileID="6057" AltIDMod="-5" />
    </StaticTiles>
  </TransInfo>
  <TransInfo Description="Shallow Water-Rock-Lava" HashKey="060D0D060D0D061212">
    <MapTiles>
      <MapTile TileID="501" AltIDMod="0" />
      <MapTile TileID="502" AltIDMod="0" />
      <MapTile TileID="503" AltIDMod="0" />
    </MapTiles>
    <StaticTiles>
      <StaticTile TileID="12936" AltIDMod="0" />
    </StaticTiles>
  </TransInfo>
  <TransInfo Description="Shallow Water-Rock-Lava" HashKey="0D0D120D0D12060612">
    <MapTiles>
      <MapTile TileID="501" AltIDMod="0" />
      <MapTile TileID="502" AltIDMod="0" />
      <MapTile TileID="503" AltIDMod="0" />
    </MapTiles>
    <StaticTiles>
      <StaticTile TileID="12939" AltIDMod="0" />
    </StaticTiles>
  </TransInfo>
  <TransInfo Description="Shallow Water-Rock-Lava" HashKey="0D0D060D0D120D0D12">
    <MapTiles>
      <MapTile TileID="501" AltIDMod="0" />
      <MapTile TileID="502" AltIDMod="0" />
      <MapTile TileID="503" AltIDMod="0" />
    </MapTiles>
    <StaticTiles>
      <StaticTile TileID="12936" AltIDMod="0" />
    </StaticTiles>
  </TransInfo>
  <TransInfo Description="Shallow Water-Rock-Lava" HashKey="120D0D120D0D060606">
    <MapTiles>
      <MapTile TileID="501" AltIDMod="0" />
      <MapTile TileID="502" AltIDMod="0" />
      <MapTile TileID="503" AltIDMod="0" />
    </MapTiles>
    <StaticTiles>
      <StaticTile TileID="12937" AltIDMod="0" />
    </StaticTiles>
  </TransInfo>
  <TransInfo Description="Shallow Water-Rock-Lava" HashKey="06060612120D12120D">
    <MapTiles>
      <MapTile TileID="556" AltIDMod="-5" />
      <MapTile TileID="557" AltIDMod="-5" />
      <MapTile TileID="558" AltIDMod="-5" />
      <MapTile TileID="559" AltIDMod="-5" />
    </MapTiles>
    <StaticTiles>
      <StaticTile TileID="6055" AltIDMod="-5" />
      <StaticTile TileID="6065" AltIDMod="-5" />
    </StaticTiles>
  </TransInfo>
  <TransInfo Description="Shallow Water-Rock-Lava" HashKey="06060D06060D12120D">
    <MapTiles>
      <MapTile TileID="501" AltIDMod="-5" />
      <MapTile TileID="502" AltIDMod="-5" />
      <MapTile TileID="503" AltIDMod="-5" />
    </MapTiles>
    <StaticTiles>
      <StaticTile TileID="6045" AltIDMod="-5" />
      <StaticTile TileID="6046" AltIDMod="-5" />
    </StaticTiles>
  </TransInfo>
  <TransInfo Description="Shallow Water-Rock-Lava" HashKey="121212060D0D060D0D">
    <MapTiles>
      <MapTile TileID="501" AltIDMod="0" />
      <MapTile TileID="502" AltIDMod="0" />
      <MapTile TileID="503" AltIDMod="0" />
    </MapTiles>
    <StaticTiles>
      <StaticTile TileID="12939" AltIDMod="0" />
    </StaticTiles>
  </TransInfo>
  <TransInfo Description="Shallow Water-Rock-Lava" HashKey="0D06060D0606120606">
    <MapTiles>
      <MapTile TileID="501" AltIDMod="-5" />
      <MapTile TileID="502" AltIDMod="-5" />
      <MapTile TileID="503" AltIDMod="-5" />
    </MapTiles>
    <StaticTiles>
      <StaticTile TileID="6051" AltIDMod="-5" />
      <StaticTile TileID="6052" AltIDMod="-5" />
    </StaticTiles>
  </TransInfo>
  <TransInfo Description="Shallow Water-Rock-Lava" HashKey="0D0D060D0D060D0D12">
    <MapTiles>
      <MapTile TileID="501" AltIDMod="0" />
      <MapTile TileID="502" AltIDMod="0" />
      <MapTile TileID="503" AltIDMod="0" />
    </MapTiles>
    <StaticTiles />
  </TransInfo>
  <TransInfo Description="Shallow Water-Rock-Lava" HashKey="0D12120D12120D0606">
    <MapTiles>
      <MapTile TileID="556" AltIDMod="-5" />
      <MapTile TileID="557" AltIDMod="-5" />
      <MapTile TileID="558" AltIDMod="-5" />
      <MapTile TileID="559" AltIDMod="-5" />
    </MapTiles>
    <StaticTiles>
      <StaticTile TileID="6054" AltIDMod="-5" />
      <StaticTile TileID="6063" AltIDMod="-5" />
    </StaticTiles>
  </TransInfo>
  <TransInfo Description="Shallow Water-Rock-Lava" HashKey="0D0D0D0D0D0D060612">
    <MapTiles>
      <MapTile TileID="501" AltIDMod="0" />
      <MapTile TileID="502" AltIDMod="0" />
      <MapTile TileID="503" AltIDMod="0" />
    </MapTiles>
    <StaticTiles />
  </TransInfo>
  <TransInfo Description="Shallow Water-Rock-Lava" HashKey="120D0D120D0D060D0D">
    <MapTiles>
      <MapTile TileID="501" AltIDMod="0" />
      <MapTile TileID="502" AltIDMod="0" />
      <MapTile TileID="503" AltIDMod="0" />
    </MapTiles>
    <StaticTiles>
      <StaticTile TileID="12937" AltIDMod="0" />
    </StaticTiles>
  </TransInfo>
  <TransInfo Description="Shallow Water-Rock-Lava" HashKey="1212121212120D0606">
    <MapTiles>
      <MapTile TileID="556" AltIDMod="-5" />
      <MapTile TileID="557" AltIDMod="-5" />
      <MapTile TileID="558" AltIDMod="-5" />
      <MapTile TileID="559" AltIDMod="-5" />
    </MapTiles>
    <StaticTiles>
      <StaticTile TileID="6054" AltIDMod="-5" />
      <StaticTile TileID="6063" AltIDMod="-5" />
    </StaticTiles>
  </TransInfo>
  <TransInfo Description="Shallow Water-Rock-Lava" HashKey="0606060D0D120D0D12">
    <MapTiles>
      <MapTile TileID="501" AltIDMod="0" />
      <MapTile TileID="502" AltIDMod="0" />
      <MapTile TileID="503" AltIDMod="0" />
    </MapTiles>
    <StaticTiles>
      <StaticTile TileID="12936" AltIDMod="0" />
    </StaticTiles>
  </TransInfo>
  <TransInfo Description="Shallow Water-Rock-Lava" HashKey="1212061212060D0D06">
    <MapTiles>
      <MapTile TileID="556" AltIDMod="0" />
      <MapTile TileID="557" AltIDMod="0" />
      <MapTile TileID="558" AltIDMod="0" />
      <MapTile TileID="559" AltIDMod="0" />
    </MapTiles>
    <StaticTiles>
      <StaticTile TileID="6056" AltIDMod="-5" />
      <StaticTile TileID="6064" AltIDMod="-5" />
    </StaticTiles>
  </TransInfo>
  <TransInfo Description="Shallow Water-Rock-Lava" HashKey="06060D121212121212">
    <MapTiles>
      <MapTile TileID="556" AltIDMod="-5" />
      <MapTile TileID="557" AltIDMod="-5" />
      <MapTile TileID="558" AltIDMod="-5" />
      <MapTile TileID="559" AltIDMod="-5" />
    </MapTiles>
    <StaticTiles>
      <StaticTile TileID="6055" AltIDMod="-5" />
      <StaticTile TileID="6065" AltIDMod="-5" />
    </StaticTiles>
  </TransInfo>
  <TransInfo Description="Shallow Water-Rock-Lava" HashKey="12121212121206060D">
    <MapTiles>
      <MapTile TileID="556" AltIDMod="-5" />
      <MapTile TileID="557" AltIDMod="-5" />
      <MapTile TileID="558" AltIDMod="-5" />
      <MapTile TileID="559" AltIDMod="-5" />
    </MapTiles>
    <StaticTiles>
      <StaticTile TileID="6053" AltIDMod="-5" />
      <StaticTile TileID="6066" AltIDMod="-5" />
    </StaticTiles>
  </TransInfo>
  <TransInfo Description="Shallow Water-Rock-Lava" HashKey="0612120612120D1212">
    <MapTiles>
      <MapTile TileID="556" AltIDMod="-5" />
      <MapTile TileID="557" AltIDMod="-5" />
      <MapTile TileID="558" AltIDMod="-5" />
      <MapTile TileID="559" AltIDMod="-5" />
    </MapTiles>
    <StaticTiles>
      <StaticTile TileID="6055" AltIDMod="-5" />
      <StaticTile TileID="6065" AltIDMod="-5" />
    </StaticTiles>
  </TransInfo>
  <TransInfo Description="Shallow Water-Rock-Lava" HashKey="0D0D12060612060612">
    <MapTiles>
      <MapTile TileID="501" AltIDMod="-5" />
      <MapTile TileID="502" AltIDMod="-5" />
      <MapTile TileID="503" AltIDMod="-5" />
    </MapTiles>
    <StaticTiles>
      <StaticTile TileID="6047" AltIDMod="-5" />
      <StaticTile TileID="6048" AltIDMod="-5" />
    </StaticTiles>
  </TransInfo>
  <TransInfo Description="Shallow Water-Rock-Lava" HashKey="0D0D0D0D0D0D061212">
    <MapTiles>
      <MapTile TileID="501" AltIDMod="0" />
      <MapTile TileID="502" AltIDMod="0" />
      <MapTile TileID="503" AltIDMod="0" />
    </MapTiles>
    <StaticTiles>
      <StaticTile TileID="12936" AltIDMod="0" />
    </StaticTiles>
  </TransInfo>
  <TransInfo Description="Shallow Water-Rock-Lava" HashKey="120D0D120606120606">
    <MapTiles>
      <MapTile TileID="501" AltIDMod="-5" />
      <MapTile TileID="502" AltIDMod="-5" />
      <MapTile TileID="503" AltIDMod="-5" />
    </MapTiles>
    <StaticTiles>
      <StaticTile TileID="6047" AltIDMod="-5" />
      <StaticTile TileID="6048" AltIDMod="-5" />
    </StaticTiles>
  </TransInfo>
  <TransInfo Description="Shallow Water-Rock-Lava" HashKey="06061206060D06060D">
    <MapTiles>
      <MapTile TileID="501" AltIDMod="-5" />
      <MapTile TileID="502" AltIDMod="-5" />
      <MapTile TileID="503" AltIDMod="-5" />
    </MapTiles>
    <StaticTiles>
      <StaticTile TileID="6045" AltIDMod="-5" />
      <StaticTile TileID="6046" AltIDMod="-5" />
    </StaticTiles>
  </TransInfo>
  <TransInfo Description="Shallow Water-Rock-Lava" HashKey="0D0606120606120606">
    <MapTiles>
      <MapTile TileID="501" AltIDMod="-5" />
      <MapTile TileID="502" AltIDMod="-5" />
      <MapTile TileID="503" AltIDMod="-5" />
    </MapTiles>
    <StaticTiles>
      <StaticTile TileID="6060" AltIDMod="-5" />
    </StaticTiles>
  </TransInfo>
  <TransInfo Description="Shallow Water-Rock-Lava" HashKey="060606060606120D0D">
    <MapTiles>
      <MapTile TileID="501" AltIDMod="-5" />
      <MapTile TileID="502" AltIDMod="-5" />
      <MapTile TileID="503" AltIDMod="-5" />
    </MapTiles>
    <StaticTiles>
      <StaticTile TileID="6049" AltIDMod="-5" />
      <StaticTile TileID="6050" AltIDMod="-5" />
    </StaticTiles>
  </TransInfo>
  <TransInfo Description="Shallow Water-Rock-Lava" HashKey="12120D12120D121206">
    <MapTiles>
      <MapTile TileID="556" AltIDMod="-3" />
      <MapTile TileID="557" AltIDMod="-3" />
      <MapTile TileID="558" AltIDMod="-3" />
      <MapTile TileID="559" AltIDMod="-3" />
    </MapTiles>
    <StaticTiles />
  </TransInfo>
  <TransInfo Description="Shallow Water-Rock-Lava" HashKey="1206061206060D0606">
    <MapTiles>
      <MapTile TileID="501" AltIDMod="-5" />
      <MapTile TileID="502" AltIDMod="-5" />
      <MapTile TileID="503" AltIDMod="-5" />
    </MapTiles>
    <StaticTiles>
      <StaticTile TileID="6059" AltIDMod="-5" />
    </StaticTiles>
  </TransInfo>
  <TransInfo Description="Shallow Water-Rock-Lava" HashKey="0D0D06121212121212">
    <MapTiles>
      <MapTile TileID="556" AltIDMod="-5" />
      <MapTile TileID="557" AltIDMod="-5" />
      <MapTile TileID="558" AltIDMod="-5" />
      <MapTile TileID="559" AltIDMod="-5" />
    </MapTiles>
    <StaticTiles />
  </TransInfo>
  <TransInfo Description="Shallow Water-Rock-Lava" HashKey="0D06060D0606121212">
    <MapTiles>
      <MapTile TileID="501" AltIDMod="-5" />
      <MapTile TileID="502" AltIDMod="-5" />
      <MapTile TileID="503" AltIDMod="-5" />
    </MapTiles>
    <StaticTiles>
      <StaticTile TileID="6051" AltIDMod="-5" />
      <StaticTile TileID="6052" AltIDMod="-5" />
    </StaticTiles>
  </TransInfo>
  <TransInfo Description="Shallow Water-Rock-Lava" HashKey="1206060D0D0D0D0D0D">
    <MapTiles>
      <MapTile TileID="501" AltIDMod="0" />
      <MapTile TileID="502" AltIDMod="0" />
      <MapTile TileID="503" AltIDMod="0" />
    </MapTiles>
    <StaticTiles />
  </TransInfo>
  <TransInfo Description="Shallow Water-Rock-Lava" HashKey="0D0D060D0D06121212">
    <MapTiles>
      <MapTile TileID="501" AltIDMod="0" />
      <MapTile TileID="502" AltIDMod="0" />
      <MapTile TileID="503" AltIDMod="0" />
    </MapTiles>
    <StaticTiles>
      <StaticTile TileID="12938" AltIDMod="0" />
    </StaticTiles>
  </TransInfo>
  <TransInfo Description="Shallow Water-Rock-Lava" HashKey="061212060D0D060D0D">
    <MapTiles>
      <MapTile TileID="501" AltIDMod="0" />
      <MapTile TileID="502" AltIDMod="0" />
      <MapTile TileID="503" AltIDMod="0" />
    </MapTiles>
    <StaticTiles>
      <StaticTile TileID="12939" AltIDMod="0" />
    </StaticTiles>
  </TransInfo>
  <TransInfo Description="Shallow Water-Rock-Lava" HashKey="0D0606121212121212">
    <MapTiles>
      <MapTile TileID="556" AltIDMod="-5" />
      <MapTile TileID="557" AltIDMod="-5" />
      <MapTile TileID="558" AltIDMod="-5" />
      <MapTile TileID="559" AltIDMod="-5" />
    </MapTiles>
    <StaticTiles>
      <StaticTile TileID="6056" AltIDMod="-5" />
      <StaticTile TileID="6064" AltIDMod="-5" />
    </StaticTiles>
  </TransInfo>
  <TransInfo Description="Shallow Water-Rock-Lava" HashKey="1212061212060D0D0D">
    <MapTiles>
      <MapTile TileID="556" AltIDMod="0" />
      <MapTile TileID="557" AltIDMod="0" />
      <MapTile TileID="558" AltIDMod="0" />
      <MapTile TileID="559" AltIDMod="0" />
    </MapTiles>
    <StaticTiles>
      <StaticTile TileID="6056" AltIDMod="-5" />
      <StaticTile TileID="6064" AltIDMod="-5" />
    </StaticTiles>
  </TransInfo>
  <TransInfo Description="Shallow Water-Rock-Lava" HashKey="1212060D0D0D0D0D0D">
    <MapTiles>
      <MapTile TileID="501" AltIDMod="0" />
      <MapTile TileID="502" AltIDMod="0" />
      <MapTile TileID="503" AltIDMod="0" />
    </MapTiles>
    <StaticTiles>
      <StaticTile TileID="12937" AltIDMod="0" />
    </StaticTiles>
  </TransInfo>
  <TransInfo Description="Shallow Water-Rock-Lava" HashKey="0606120D0D120D0D12">
    <MapTiles>
      <MapTile TileID="501" AltIDMod="0" />
      <MapTile TileID="502" AltIDMod="0" />
      <MapTile TileID="503" AltIDMod="0" />
    </MapTiles>
    <StaticTiles>
      <StaticTile TileID="12936" AltIDMod="0" />
    </StaticTiles>
  </TransInfo>
  <TransInfo Description="Shallow Water-Rock-Lava" HashKey="1212060D0D060D0D06">
    <MapTiles>
      <MapTile TileID="501" AltIDMod="0" />
      <MapTile TileID="502" AltIDMod="0" />
      <MapTile TileID="503" AltIDMod="0" />
    </MapTiles>
    <StaticTiles>
      <StaticTile TileID="12937" AltIDMod="0" />
    </StaticTiles>
  </TransInfo>
  <TransInfo Description="Shallow Water-Rock-Lava" HashKey="1212120D06060D0606">
    <MapTiles>
      <MapTile TileID="501" AltIDMod="-5" />
      <MapTile TileID="502" AltIDMod="-5" />
      <MapTile TileID="503" AltIDMod="-5" />
    </MapTiles>
    <StaticTiles>
      <StaticTile TileID="6051" AltIDMod="-5" />
      <StaticTile TileID="6052" AltIDMod="-5" />
    </StaticTiles>
  </TransInfo>
  <TransInfo Description="Shallow Water-Rock-Lava" HashKey="12120D12120D06060D">
    <MapTiles>
      <MapTile TileID="556" AltIDMod="0" />
      <MapTile TileID="557" AltIDMod="0" />
      <MapTile TileID="558" AltIDMod="0" />
      <MapTile TileID="559" AltIDMod="0" />
    </MapTiles>
    <StaticTiles>
      <StaticTile TileID="6053" AltIDMod="-5" />
      <StaticTile TileID="6066" AltIDMod="-5" />
    </StaticTiles>
  </TransInfo>
  <TransInfo Description="Shallow Water-Rock-Lava" HashKey="12120612120612120D">
    <MapTiles>
      <MapTile TileID="556" AltIDMod="-3" />
      <MapTile TileID="557" AltIDMod="-3" />
      <MapTile TileID="558" AltIDMod="-3" />
      <MapTile TileID="559" AltIDMod="-3" />
    </MapTiles>
    <StaticTiles>
      <StaticTile TileID="6056" AltIDMod="-5" />
      <StaticTile TileID="6064" AltIDMod="-5" />
    </StaticTiles>
  </TransInfo>
  <TransInfo Description="Shallow Water-Rock-Lava" HashKey="06060D06060D121212">
    <MapTiles>
      <MapTile TileID="501" AltIDMod="-5" />
      <MapTile TileID="502" AltIDMod="-5" />
      <MapTile TileID="503" AltIDMod="-5" />
    </MapTiles>
    <StaticTiles>
      <StaticTile TileID="6045" AltIDMod="-5" />
      <StaticTile TileID="6046" AltIDMod="-5" />
    </StaticTiles>
  </TransInfo>
  <TransInfo Description="Shallow Water-Rock-Lava" HashKey="1212121212120D0D06">
    <MapTiles>
      <MapTile TileID="556" AltIDMod="-5" />
      <MapTile TileID="557" AltIDMod="-5" />
      <MapTile TileID="558" AltIDMod="-5" />
      <MapTile TileID="559" AltIDMod="-5" />
    </MapTiles>
    <StaticTiles />
  </TransInfo>
  <TransInfo Description="Shallow Water-Rock-Lava" HashKey="0D0D0D060612060612">
    <MapTiles>
      <MapTile TileID="501" AltIDMod="-5" />
      <MapTile TileID="502" AltIDMod="-5" />
      <MapTile TileID="503" AltIDMod="-5" />
    </MapTiles>
    <StaticTiles>
      <StaticTile TileID="6047" AltIDMod="-5" />
      <StaticTile TileID="6048" AltIDMod="-5" />
    </StaticTiles>
  </TransInfo>
  <TransInfo Description="Shallow Water-Rock-Lava" HashKey="0D12120D1212061212">
    <MapTiles>
      <MapTile TileID="556" AltIDMod="-5" />
      <MapTile TileID="557" AltIDMod="-5" />
      <MapTile TileID="558" AltIDMod="-5" />
      <MapTile TileID="559" AltIDMod="-5" />
    </MapTiles>
    <StaticTiles />
  </TransInfo>
  <TransInfo Description="Shallow Water-Rock-Lava" HashKey="060D0D060D0D120D0D">
    <MapTiles>
      <MapTile TileID="501" AltIDMod="0" />
      <MapTile TileID="502" AltIDMod="0" />
      <MapTile TileID="503" AltIDMod="0" />
    </MapTiles>
    <StaticTiles />
  </TransInfo>
  <TransInfo Description="Shallow Water-Rock-Lava" HashKey="0D0D120D0D12060606">
    <MapTiles>
      <MapTile TileID="501" AltIDMod="0" />
      <MapTile TileID="502" AltIDMod="0" />
      <MapTile TileID="503" AltIDMod="0" />
    </MapTiles>
    <StaticTiles>
      <StaticTile TileID="12939" AltIDMod="0" />
    </StaticTiles>
  </TransInfo>
  <TransInfo Description="Shallow Water-Rock-Lava" HashKey="060D0D060D0D121212">
    <MapTiles>
      <MapTile TileID="501" AltIDMod="0" />
      <MapTile TileID="502" AltIDMod="0" />
      <MapTile TileID="503" AltIDMod="0" />
    </MapTiles>
    <StaticTiles>
      <StaticTile TileID="12936" AltIDMod="0" />
    </StaticTiles>
  </TransInfo>
  <TransInfo Description="Shallow Water-Rock-Lava" HashKey="0D0D12060606060606">
    <MapTiles>
      <MapTile TileID="501" AltIDMod="-5" />
      <MapTile TileID="502" AltIDMod="-5" />
      <MapTile TileID="503" AltIDMod="-5" />
    </MapTiles>
    <StaticTiles>
      <StaticTile TileID="6047" AltIDMod="-5" />
      <StaticTile TileID="6048" AltIDMod="-5" />
    </StaticTiles>
  </TransInfo>
  <TransInfo Description="Shallow Water-Rock-Lava" HashKey="12120D06060D06060D">
    <MapTiles>
      <MapTile TileID="501" AltIDMod="-5" />
      <MapTile TileID="502" AltIDMod="-5" />
      <MapTile TileID="503" AltIDMod="-5" />
    </MapTiles>
    <StaticTiles>
      <StaticTile TileID="6045" AltIDMod="-5" />
      <StaticTile TileID="6046" AltIDMod="-5" />
    </StaticTiles>
  </TransInfo>
  <TransInfo Description="Shallow Water-Rock-Lava" HashKey="0D0D0D0D0D0D120606">
    <MapTiles>
      <MapTile TileID="501" AltIDMod="0" />
      <MapTile TileID="502" AltIDMod="0" />
      <MapTile TileID="503" AltIDMod="0" />
    </MapTiles>
    <StaticTiles />
  </TransInfo>
  <TransInfo Description="Shallow Water-Rock-Lava" HashKey="0606120606120D0D0D">
    <MapTiles>
      <MapTile TileID="501" AltIDMod="-5" />
      <MapTile TileID="502" AltIDMod="-5" />
      <MapTile TileID="503" AltIDMod="-5" />
    </MapTiles>
    <StaticTiles>
      <StaticTile TileID="6049" AltIDMod="-5" />
      <StaticTile TileID="6050" AltIDMod="-5" />
    </StaticTiles>
  </TransInfo>
  <TransInfo Description="Shallow Water-Rock-Lava" HashKey="0D06060D06060D1212">
    <MapTiles>
      <MapTile TileID="501" AltIDMod="-5" />
      <MapTile TileID="502" AltIDMod="-5" />
      <MapTile TileID="503" AltIDMod="-5" />
    </MapTiles>
    <StaticTiles>
      <StaticTile TileID="6051" AltIDMod="-5" />
      <StaticTile TileID="6052" AltIDMod="-5" />
    </StaticTiles>
  </TransInfo>
  <TransInfo Description="Shallow Water-Rock-Lava" HashKey="0D12120D1212060606">
    <MapTiles>
      <MapTile TileID="556" AltIDMod="-5" />
      <MapTile TileID="557" AltIDMod="-5" />
      <MapTile TileID="558" AltIDMod="-5" />
      <MapTile TileID="559" AltIDMod="-5" />
    </MapTiles>
    <StaticTiles>
      <StaticTile TileID="6054" AltIDMod="-5" />
      <StaticTile TileID="6063" AltIDMod="-5" />
    </StaticTiles>
  </TransInfo>
  <TransInfo Description="Shallow Water-Rock-Lava" HashKey="0606060606060D1212">
    <MapTiles>
      <MapTile TileID="501" AltIDMod="-5" />
      <MapTile TileID="502" AltIDMod="-5" />
      <MapTile TileID="503" AltIDMod="-5" />
    </MapTiles>
    <StaticTiles>
      <StaticTile TileID="6059" AltIDMod="-5" />
    </StaticTiles>
  </TransInfo>
  <TransInfo Description="Shallow Water-Rock-Lava" HashKey="0606060D12120D1212">
    <MapTiles>
      <MapTile TileID="556" AltIDMod="-5" />
      <MapTile TileID="557" AltIDMod="-5" />
      <MapTile TileID="558" AltIDMod="-5" />
      <MapTile TileID="559" AltIDMod="-5" />
    </MapTiles>
    <StaticTiles>
      <StaticTile TileID="6056" AltIDMod="-5" />
      <StaticTile TileID="6064" AltIDMod="-5" />
    </StaticTiles>
  </TransInfo>
  <TransInfo Description="Shallow Water-Rock-Lava" HashKey="060606120D0D120D0D">
    <MapTiles>
      <MapTile TileID="501" AltIDMod="0" />
      <MapTile TileID="502" AltIDMod="0" />
      <MapTile TileID="503" AltIDMod="0" />
    </MapTiles>
    <StaticTiles>
      <StaticTile TileID="12938" AltIDMod="0" />
    </StaticTiles>
  </TransInfo>
  <TransInfo Description="Shallow Water-Rock-Lava" HashKey="0606060606060D0D12">
    <MapTiles>
      <MapTile TileID="501" AltIDMod="-5" />
      <MapTile TileID="502" AltIDMod="-5" />
      <MapTile TileID="503" AltIDMod="-5" />
    </MapTiles>
    <StaticTiles>
      <StaticTile TileID="6049" AltIDMod="-5" />
      <StaticTile TileID="6050" AltIDMod="-5" />
    </StaticTiles>
  </TransInfo>
</Trans>