﻿<?xml version="1.0" encoding="utf-8"?>
<Trans>
    <TransInfo Description="Small Dirt to Forest Without Static SN" HashKey="3F3F3F080808080808">
    <MapTiles>
      <MapTile TileID="360" AltIDMod="0" />
    </MapTiles>
    <StaticTiles />
  </TransInfo>
  <TransInfo Description="Small Dirt to Forest Without Static SN" HashKey="083F3F080808080808">
    <MapTiles>
      <MapTile TileID="360" AltIDMod="0" />
    </MapTiles>
    <StaticTiles />
  </TransInfo>
  <TransInfo Description="Small Dirt to Forest Without Static SN" HashKey="3F3F08080808080808">
    <MapTiles>
      <MapTile TileID="360" AltIDMod="0" />
    </MapTiles>
    <StaticTiles />
  </TransInfo>
  <TransInfo Description="Small Dirt to Forest Without Static SN" HashKey="083F08080808080808">
    <MapTiles>
      <MapTile TileID="360" AltIDMod="0" />
    </MapTiles>
    <StaticTiles />
  </TransInfo>
  <TransInfo Description="Small Dirt to Forest Without Static SN" HashKey="3F083F080808080808">
    <MapTiles>
      <MapTile TileID="360" AltIDMod="0" />
    </MapTiles>
    <StaticTiles />
  </TransInfo>
  <TransInfo Description="Small Dirt to Forest Without Static EW" HashKey="3F08083F08083F0808">
    <MapTiles>
      <MapTile TileID="359" AltIDMod="0" />
    </MapTiles>
    <StaticTiles />
  </TransInfo>
  <TransInfo Description="Small Dirt to Forest Without Static EW" HashKey="3F08083F0808080808">
    <MapTiles>
      <MapTile TileID="359" AltIDMod="0" />
    </MapTiles>
    <StaticTiles />
  </TransInfo>
  <TransInfo Description="Small Dirt to Forest Without Static EW" HashKey="0808083F08083F0808">
    <MapTiles>
      <MapTile TileID="359" AltIDMod="0" />
    </MapTiles>
    <StaticTiles />
  </TransInfo>
  <TransInfo Description="Small Dirt to Forest Without Static EW" HashKey="0808083F0808080808">
    <MapTiles>
      <MapTile TileID="359" AltIDMod="0" />
    </MapTiles>
    <StaticTiles />
  </TransInfo>
  <TransInfo Description="Small Dirt to Forest Without Static EW" HashKey="3F08080808083F0808">
    <MapTiles>
      <MapTile TileID="359" AltIDMod="0" />
    </MapTiles>
    <StaticTiles />
  </TransInfo>
  <TransInfo Description="Small Dirt to Forest Without Static WE" HashKey="08083F08083F08083F">
    <MapTiles>
      <MapTile TileID="358" AltIDMod="0" />
    </MapTiles>
    <StaticTiles />
  </TransInfo>
  <TransInfo Description="Small Dirt to Forest Without Static WE" HashKey="08080808083F08083F">
    <MapTiles>
      <MapTile TileID="358" AltIDMod="0" />
    </MapTiles>
    <StaticTiles />
  </TransInfo>
  <TransInfo Description="Small Dirt to Forest Without Static WE" HashKey="08083F08083F080808">
    <MapTiles>
      <MapTile TileID="358" AltIDMod="0" />
    </MapTiles>
    <StaticTiles />
  </TransInfo>
  <TransInfo Description="Small Dirt to Forest Without Static WE" HashKey="08080808083F080808">
    <MapTiles>
      <MapTile TileID="358" AltIDMod="0" />
    </MapTiles>
    <StaticTiles />
  </TransInfo>
  <TransInfo Description="Small Dirt to Forest Without Static WE" HashKey="08083F08080808083F">
    <MapTiles>
      <MapTile TileID="358" AltIDMod="0" />
    </MapTiles>
    <StaticTiles />
  </TransInfo>
  <TransInfo Description="Small Dirt to Forest Without Static NS" HashKey="0808080808083F3F3F">
    <MapTiles>
      <MapTile TileID="357" AltIDMod="0" />
    </MapTiles>
    <StaticTiles />
  </TransInfo>
  <TransInfo Description="Small Dirt to Forest Without Static NS" HashKey="0808080808083F3F08">
    <MapTiles>
      <MapTile TileID="357" AltIDMod="0" />
    </MapTiles>
    <StaticTiles />
  </TransInfo>
  <TransInfo Description="Small Dirt to Forest Without Static NS" HashKey="080808080808083F3F">
    <MapTiles>
      <MapTile TileID="357" AltIDMod="0" />
    </MapTiles>
    <StaticTiles />
  </TransInfo>
  <TransInfo Description="Small Dirt to Forest Without Static NS" HashKey="080808080808083F08">
    <MapTiles>
      <MapTile TileID="357" AltIDMod="0" />
    </MapTiles>
    <StaticTiles />
  </TransInfo>
  <TransInfo Description="Small Dirt to Forest Without Static NS" HashKey="0808080808083F083F">
    <MapTiles>
      <MapTile TileID="357" AltIDMod="0" />
    </MapTiles>
    <StaticTiles />
  </TransInfo>
  <TransInfo Description="Small Dirt to Forest Without Static NWA" HashKey="08083F08083F3F3F3F">
    <MapTiles>
      <MapTile TileID="355" AltIDMod="0" />
    </MapTiles>
    <StaticTiles />
  </TransInfo>
  <TransInfo Description="Small Dirt to Forest Without Static NWA" HashKey="08080808083F3F3F3F">
    <MapTiles>
      <MapTile TileID="355" AltIDMod="0" />
    </MapTiles>
    <StaticTiles />
  </TransInfo>
  <TransInfo Description="Small Dirt to Forest Without Static NWA" HashKey="08083F08083F083F3F">
    <MapTiles>
      <MapTile TileID="355" AltIDMod="0" />
    </MapTiles>
    <StaticTiles />
  </TransInfo>
  <TransInfo Description="Small Dirt to Forest Without Static NWA" HashKey="08080808083F083F3F">
    <MapTiles>
      <MapTile TileID="355" AltIDMod="0" />
    </MapTiles>
    <StaticTiles />
  </TransInfo>
  <TransInfo Description="Small Dirt to Forest Without Static NWA" HashKey="08080808083F083F08">
    <MapTiles>
      <MapTile TileID="355" AltIDMod="0" />
    </MapTiles>
    <StaticTiles />
  </TransInfo>
  <TransInfo Description="Small Dirt to Forest Without Static NWA" HashKey="08083F080808083F3F">
    <MapTiles>
      <MapTile TileID="355" AltIDMod="0" />
    </MapTiles>
    <StaticTiles />
  </TransInfo>
  <TransInfo Description="Small Dirt to Forest Without Static NWA" HashKey="08083F0808083F3F3F">
    <MapTiles>
      <MapTile TileID="355" AltIDMod="0" />
    </MapTiles>
    <StaticTiles />
  </TransInfo>
  <TransInfo Description="Small Dirt to Forest Without Static NWA" HashKey="08083F0808083F3F08">
    <MapTiles>
      <MapTile TileID="355" AltIDMod="0" />
    </MapTiles>
    <StaticTiles />
  </TransInfo>
  <TransInfo Description="Small Dirt to Forest Without Static NWA" HashKey="08080808083F3F083F">
    <MapTiles>
      <MapTile TileID="355" AltIDMod="0" />
    </MapTiles>
    <StaticTiles />
  </TransInfo>
  <TransInfo Description="Small Dirt to Forest Without Static NWA" HashKey="08083F08083F3F083F">
    <MapTiles>
      <MapTile TileID="355" AltIDMod="0" />
    </MapTiles>
    <StaticTiles />
  </TransInfo>
  <TransInfo Description="Small Dirt to Forest Without Static NWA" HashKey="08083F08083F3F3F08">
    <MapTiles>
      <MapTile TileID="355" AltIDMod="0" />
    </MapTiles>
    <StaticTiles />
  </TransInfo>
  <TransInfo Description="Small Dirt to Forest Without Static NWA" HashKey="08083F08083F3F0808">
    <MapTiles>
      <MapTile TileID="355" AltIDMod="0" />
    </MapTiles>
    <StaticTiles />
  </TransInfo>
  <TransInfo Description="Small Dirt to Forest Without Static NWA" HashKey="08083F080808083F08">
    <MapTiles>
      <MapTile TileID="355" AltIDMod="0" />
    </MapTiles>
    <StaticTiles />
  </TransInfo>
  <TransInfo Description="Small Dirt to Forest Without Static NWA" HashKey="08080808083F3F0808">
    <MapTiles>
      <MapTile TileID="355" AltIDMod="0" />
    </MapTiles>
    <StaticTiles />
  </TransInfo>
  <TransInfo Description="Small Dirt to Forest Without Static NWA" HashKey="08083F08083F083F08">
    <MapTiles>
      <MapTile TileID="355" AltIDMod="0" />
    </MapTiles>
    <StaticTiles />
  </TransInfo>
  <TransInfo Description="Small Dirt to Forest Without Static NWA" HashKey="08083F0808083F083F">
    <MapTiles>
      <MapTile TileID="355" AltIDMod="0" />
    </MapTiles>
    <StaticTiles />
  </TransInfo>
  <TransInfo Description="Small Dirt to Forest Without Static NWA" HashKey="08080808083F3F3F08">
    <MapTiles>
      <MapTile TileID="355" AltIDMod="0" />
    </MapTiles>
    <StaticTiles />
  </TransInfo>
  <TransInfo Description="Small Dirt to Forest Without Static SEA" HashKey="3F3F3F3F08083F0808">
    <MapTiles>
      <MapTile TileID="356" AltIDMod="0" />
    </MapTiles>
    <StaticTiles />
  </TransInfo>
  <TransInfo Description="Small Dirt to Forest Without Static SEA" HashKey="3F3F083F08083F0808">
    <MapTiles>
      <MapTile TileID="356" AltIDMod="0" />
    </MapTiles>
    <StaticTiles />
  </TransInfo>
  <TransInfo Description="Small Dirt to Forest Without Static SEA" HashKey="3F3F3F3F0808080808">
    <MapTiles>
      <MapTile TileID="356" AltIDMod="0" />
    </MapTiles>
    <StaticTiles />
  </TransInfo>
  <TransInfo Description="Small Dirt to Forest Without Static SEA" HashKey="3F3F083F0808080808">
    <MapTiles>
      <MapTile TileID="356" AltIDMod="0" />
    </MapTiles>
    <StaticTiles />
  </TransInfo>
  <TransInfo Description="Small Dirt to Forest Without Static SEA" HashKey="3F083F3F0808080808">
    <MapTiles>
      <MapTile TileID="356" AltIDMod="0" />
    </MapTiles>
    <StaticTiles />
  </TransInfo>
  <TransInfo Description="Small Dirt to Forest Without Static SEA" HashKey="3F3F080808083F0808">
    <MapTiles>
      <MapTile TileID="356" AltIDMod="0" />
    </MapTiles>
    <StaticTiles />
  </TransInfo>
  <TransInfo Description="Small Dirt to Forest Without Static SEA" HashKey="083F3F0808083F0808">
    <MapTiles>
      <MapTile TileID="356" AltIDMod="0" />
    </MapTiles>
    <StaticTiles />
  </TransInfo>
  <TransInfo Description="Small Dirt to Forest Without Static SEA" HashKey="3F083F0808083F0808">
    <MapTiles>
      <MapTile TileID="356" AltIDMod="0" />
    </MapTiles>
    <StaticTiles />
  </TransInfo>
  <TransInfo Description="Small Dirt to Forest Without Static SEA" HashKey="3F3F3F0808083F0808">
    <MapTiles>
      <MapTile TileID="356" AltIDMod="0" />
    </MapTiles>
    <StaticTiles />
  </TransInfo>
  <TransInfo Description="Small Dirt to Forest Without Static SEA" HashKey="083F083F0808080808">
    <MapTiles>
      <MapTile TileID="356" AltIDMod="0" />
    </MapTiles>
    <StaticTiles />
  </TransInfo>
  <TransInfo Description="Small Dirt to Forest Without Static SEA" HashKey="3F083F3F08083F0808">
    <MapTiles>
      <MapTile TileID="356" AltIDMod="0" />
    </MapTiles>
    <StaticTiles />
  </TransInfo>
  <TransInfo Description="Small Dirt to Forest Without Static SEA" HashKey="08083F3F08083F0808">
    <MapTiles>
      <MapTile TileID="356" AltIDMod="0" />
    </MapTiles>
    <StaticTiles />
  </TransInfo>
  <TransInfo Description="Small Dirt to Forest Without Static SEA" HashKey="083F3F3F08083F0808">
    <MapTiles>
      <MapTile TileID="356" AltIDMod="0" />
    </MapTiles>
    <StaticTiles />
  </TransInfo>
  <TransInfo Description="Small Dirt to Forest Without Static SEA" HashKey="08083F3F0808080808">
    <MapTiles>
      <MapTile TileID="356" AltIDMod="0" />
    </MapTiles>
    <StaticTiles />
  </TransInfo>
  <TransInfo Description="Small Dirt to Forest Without Static SEA" HashKey="083F083F08083F0808">
    <MapTiles>
      <MapTile TileID="356" AltIDMod="0" />
    </MapTiles>
    <StaticTiles />
  </TransInfo>
  <TransInfo Description="Small Dirt to Forest Without Static SEA" HashKey="083F080808083F0808">
    <MapTiles>
      <MapTile TileID="356" AltIDMod="0" />
    </MapTiles>
    <StaticTiles />
  </TransInfo>
  <TransInfo Description="Small Dirt to Forest Without Static SEA" HashKey="083F3F3F0808080808">
    <MapTiles>
      <MapTile TileID="356" AltIDMod="0" />
    </MapTiles>
    <StaticTiles />
  </TransInfo>
  <TransInfo Description="Small Dirt to Forest Without Static NEA" HashKey="3F08083F08083F3F3F">
    <MapTiles>
      <MapTile TileID="354" AltIDMod="0" />
    </MapTiles>
    <StaticTiles />
  </TransInfo>
  <TransInfo Description="Small Dirt to Forest Without Static NEA" HashKey="0808083F08083F3F3F">
    <MapTiles>
      <MapTile TileID="354" AltIDMod="0" />
    </MapTiles>
    <StaticTiles />
  </TransInfo>
  <TransInfo Description="Small Dirt to Forest Without Static NEA" HashKey="3F08083F08083F3F08">
    <MapTiles>
      <MapTile TileID="354" AltIDMod="0" />
    </MapTiles>
    <StaticTiles />
  </TransInfo>
  <TransInfo Description="Small Dirt to Forest Without Static NEA" HashKey="0808083F08083F3F08">
    <MapTiles>
      <MapTile TileID="354" AltIDMod="0" />
    </MapTiles>
    <StaticTiles />
  </TransInfo>
  <TransInfo Description="Small Dirt to Forest Without Static NEA" HashKey="0808083F0808083F08">
    <MapTiles>
      <MapTile TileID="354" AltIDMod="0" />
    </MapTiles>
    <StaticTiles />
  </TransInfo>
  <TransInfo Description="Small Dirt to Forest Without Static NEA" HashKey="3F08083F080808083F">
    <MapTiles>
      <MapTile TileID="354" AltIDMod="0" />
    </MapTiles>
    <StaticTiles />
  </TransInfo>
  <TransInfo Description="Small Dirt to Forest Without Static NEA" HashKey="3F08080808083F3F3F">
    <MapTiles>
      <MapTile TileID="354" AltIDMod="0" />
    </MapTiles>
    <StaticTiles />
  </TransInfo>
  <TransInfo Description="Small Dirt to Forest Without Static NEA" HashKey="3F08080808083F3F08">
    <MapTiles>
      <MapTile TileID="354" AltIDMod="0" />
    </MapTiles>
    <StaticTiles />
  </TransInfo>
  <TransInfo Description="Small Dirt to Forest Without Static NEA" HashKey="3F0808080808083F08">
    <MapTiles>
      <MapTile TileID="354" AltIDMod="0" />
    </MapTiles>
    <StaticTiles />
  </TransInfo>
  <TransInfo Description="Small Dirt to Forest Without Static NEA" HashKey="0808083F08083F083F">
    <MapTiles>
      <MapTile TileID="354" AltIDMod="0" />
    </MapTiles>
    <StaticTiles />
  </TransInfo>
  <TransInfo Description="Small Dirt to Forest Without Static NEA" HashKey="3F08083F08083F083F">
    <MapTiles>
      <MapTile TileID="354" AltIDMod="0" />
    </MapTiles>
    <StaticTiles />
  </TransInfo>
  <TransInfo Description="Small Dirt to Forest Without Static NEA" HashKey="3F0808080808083F3F">
    <MapTiles>
      <MapTile TileID="354" AltIDMod="0" />
    </MapTiles>
    <StaticTiles />
  </TransInfo>
  <TransInfo Description="Small Dirt to Forest Without Static NEA" HashKey="3F08083F0808083F3F">
    <MapTiles>
      <MapTile TileID="354" AltIDMod="0" />
    </MapTiles>
    <StaticTiles />
  </TransInfo>
  <TransInfo Description="Small Dirt to Forest Without Static NEA" HashKey="0808083F0808083F3F">
    <MapTiles>
      <MapTile TileID="354" AltIDMod="0" />
    </MapTiles>
    <StaticTiles />
  </TransInfo>
  <TransInfo Description="Small Dirt to Forest Without Static NEA" HashKey="0808083F080808083F">
    <MapTiles>
      <MapTile TileID="354" AltIDMod="0" />
    </MapTiles>
    <StaticTiles />
  </TransInfo>
  <TransInfo Description="Small Dirt to Forest Without Static NEA" HashKey="3F08080808083F083F">
    <MapTiles>
      <MapTile TileID="354" AltIDMod="0" />
    </MapTiles>
    <StaticTiles />
  </TransInfo>
  <TransInfo Description="Small Dirt to Forest Without Static NEA" HashKey="3F08083F0808083F08">
    <MapTiles>
      <MapTile TileID="354" AltIDMod="0" />
    </MapTiles>
    <StaticTiles />
  </TransInfo>
  <TransInfo Description="Small Dirt to Forest Without Static SWA" HashKey="3F3F3F08083F08083F">
    <MapTiles>
      <MapTile TileID="353" AltIDMod="0" />
    </MapTiles>
    <StaticTiles />
  </TransInfo>
  <TransInfo Description="Small Dirt to Forest Without Static SWA" HashKey="3F3F3F08083F080808">
    <MapTiles>
      <MapTile TileID="353" AltIDMod="0" />
    </MapTiles>
    <StaticTiles />
  </TransInfo>
  <TransInfo Description="Small Dirt to Forest Without Static SWA" HashKey="083F3F08083F08083F">
    <MapTiles>
      <MapTile TileID="353" AltIDMod="0" />
    </MapTiles>
    <StaticTiles />
  </TransInfo>
  <TransInfo Description="Small Dirt to Forest Without Static SWA" HashKey="083F3F08083F080808">
    <MapTiles>
      <MapTile TileID="353" AltIDMod="0" />
    </MapTiles>
    <StaticTiles />
  </TransInfo>
  <TransInfo Description="Small Dirt to Forest Without Static SWA" HashKey="3F080808083F08083F">
    <MapTiles>
      <MapTile TileID="353" AltIDMod="0" />
    </MapTiles>
    <StaticTiles />
  </TransInfo>
  <TransInfo Description="Small Dirt to Forest Without Static SWA" HashKey="3F083F08083F080808">
    <MapTiles>
      <MapTile TileID="353" AltIDMod="0" />
    </MapTiles>
    <StaticTiles />
  </TransInfo>
  <TransInfo Description="Small Dirt to Forest Without Static SWA" HashKey="3F083F08083F08083F">
    <MapTiles>
      <MapTile TileID="353" AltIDMod="0" />
    </MapTiles>
    <StaticTiles />
  </TransInfo>
  <TransInfo Description="Small Dirt to Forest Without Static SWA" HashKey="3F3F0808080808083F">
    <MapTiles>
      <MapTile TileID="353" AltIDMod="0" />
    </MapTiles>
    <StaticTiles />
  </TransInfo>
  <TransInfo Description="Small Dirt to Forest Without Static SWA" HashKey="083F0808080808083F">
    <MapTiles>
      <MapTile TileID="353" AltIDMod="0" />
    </MapTiles>
    <StaticTiles />
  </TransInfo>
  <TransInfo Description="Small Dirt to Forest Without Static SWA" HashKey="3F3F3F08080808083F">
    <MapTiles>
      <MapTile TileID="353" AltIDMod="0" />
    </MapTiles>
    <StaticTiles />
  </TransInfo>
  <TransInfo Description="Small Dirt to Forest Without Static SWA" HashKey="3F3F0808083F080808">
    <MapTiles>
      <MapTile TileID="353" AltIDMod="0" />
    </MapTiles>
    <StaticTiles />
  </TransInfo>
  <TransInfo Description="Small Dirt to Forest Without Static SWA" HashKey="083F3F08080808083F">
    <MapTiles>
      <MapTile TileID="353" AltIDMod="0" />
    </MapTiles>
    <StaticTiles />
  </TransInfo>
  <TransInfo Description="Small Dirt to Forest Without Static SWA" HashKey="083F0808083F080808">
    <MapTiles>
      <MapTile TileID="353" AltIDMod="0" />
    </MapTiles>
    <StaticTiles />
  </TransInfo>
  <TransInfo Description="Small Dirt to Forest Without Static SWA" HashKey="3F080808083F080808">
    <MapTiles>
      <MapTile TileID="353" AltIDMod="0" />
    </MapTiles>
    <StaticTiles />
  </TransInfo>
  <TransInfo Description="Small Dirt to Forest Without Static SWA" HashKey="3F083F08080808083F">
    <MapTiles>
      <MapTile TileID="353" AltIDMod="0" />
    </MapTiles>
    <StaticTiles />
  </TransInfo>
  <TransInfo Description="Small Dirt to Forest Without Static SWA" HashKey="083F0808083F08083F">
    <MapTiles>
      <MapTile TileID="353" AltIDMod="0" />
    </MapTiles>
    <StaticTiles />
  </TransInfo>
  <TransInfo Description="Small Dirt to Forest Without Static SWA" HashKey="3F3F0808083F08083F">
    <MapTiles>
      <MapTile TileID="353" AltIDMod="0" />
    </MapTiles>
    <StaticTiles />
  </TransInfo>
  <TransInfo Description="Small Dirt to Forest Without Static NWB" HashKey="3F0808080808080808">
    <MapTiles>
      <MapTile TileID="363" AltIDMod="0" />
    </MapTiles>
    <StaticTiles />
  </TransInfo>
  <TransInfo Description="Small Dirt to Forest Without Static SEB" HashKey="08080808080808083F">
    <MapTiles>
      <MapTile TileID="364" AltIDMod="0" />
    </MapTiles>
    <StaticTiles />
  </TransInfo>
  <TransInfo Description="Small Dirt to Forest Without Static NEB" HashKey="08083F080808080808">
    <MapTiles>
      <MapTile TileID="362" AltIDMod="0" />
    </MapTiles>
    <StaticTiles />
  </TransInfo>
  <TransInfo Description="Small Dirt to Forest Without Static SWB" HashKey="0808080808083F0808">
    <MapTiles>
      <MapTile TileID="361" AltIDMod="0" />
    </MapTiles>
    <StaticTiles />
  </TransInfo>
  <TransInfo Description="Small Dirt to Forest Without Static AC" HashKey="0808083F083F080808">
    <MapTiles>
      <MapTile TileID="196" AltIDMod="0" />
    </MapTiles>
    <StaticTiles />
  </TransInfo>
  <TransInfo Description="Small Dirt to Forest Without Static AC" HashKey="0808083F083F3F0808">
    <MapTiles>
      <MapTile TileID="196" AltIDMod="0" />
    </MapTiles>
    <StaticTiles />
  </TransInfo>
  <TransInfo Description="Small Dirt to Forest Without Static AC" HashKey="0808083F083F083F08">
    <MapTiles>
      <MapTile TileID="196" AltIDMod="0" />
    </MapTiles>
    <StaticTiles />
  </TransInfo>
  <TransInfo Description="Small Dirt to Forest Without Static AC" HashKey="0808083F083F3F3F08">
    <MapTiles>
      <MapTile TileID="196" AltIDMod="0" />
    </MapTiles>
    <StaticTiles />
  </TransInfo>
  <TransInfo Description="Small Dirt to Forest Without Static AC" HashKey="0808083F083F08083F">
    <MapTiles>
      <MapTile TileID="196" AltIDMod="0" />
    </MapTiles>
    <StaticTiles />
  </TransInfo>
  <TransInfo Description="Small Dirt to Forest Without Static AC" HashKey="0808083F083F3F083F">
    <MapTiles>
      <MapTile TileID="196" AltIDMod="0" />
    </MapTiles>
    <StaticTiles />
  </TransInfo>
  <TransInfo Description="Small Dirt to Forest Without Static AC" HashKey="0808083F083F083F3F">
    <MapTiles>
      <MapTile TileID="196" AltIDMod="0" />
    </MapTiles>
    <StaticTiles />
  </TransInfo>
  <TransInfo Description="Small Dirt to Forest Without Static AC" HashKey="0808083F083F3F3F3F">
    <MapTiles>
      <MapTile TileID="196" AltIDMod="0" />
    </MapTiles>
    <StaticTiles />
  </TransInfo>
  <TransInfo Description="Small Dirt to Forest Without Static AC" HashKey="08083F3F0808083F08">
    <MapTiles>
      <MapTile TileID="196" AltIDMod="0" />
    </MapTiles>
    <StaticTiles />
  </TransInfo>
  <TransInfo Description="Small Dirt to Forest Without Static AC" HashKey="08083F3F08083F3F08">
    <MapTiles>
      <MapTile TileID="196" AltIDMod="0" />
    </MapTiles>
    <StaticTiles />
  </TransInfo>
  <TransInfo Description="Small Dirt to Forest Without Static AC" HashKey="08083F3F080808083F">
    <MapTiles>
      <MapTile TileID="196" AltIDMod="0" />
    </MapTiles>
    <StaticTiles />
  </TransInfo>
  <TransInfo Description="Small Dirt to Forest Without Static AC" HashKey="08083F3F08083F083F">
    <MapTiles>
      <MapTile TileID="196" AltIDMod="0" />
    </MapTiles>
    <StaticTiles />
  </TransInfo>
  <TransInfo Description="Small Dirt to Forest Without Static AC" HashKey="08083F3F0808083F3F">
    <MapTiles>
      <MapTile TileID="196" AltIDMod="0" />
    </MapTiles>
    <StaticTiles />
  </TransInfo>
  <TransInfo Description="Small Dirt to Forest Without Static AC" HashKey="08083F3F08083F3F3F">
    <MapTiles>
      <MapTile TileID="196" AltIDMod="0" />
    </MapTiles>
    <StaticTiles />
  </TransInfo>
  <TransInfo Description="Small Dirt to Forest Without Static AC" HashKey="08083F3F083F080808">
    <MapTiles>
      <MapTile TileID="196" AltIDMod="0" />
    </MapTiles>
    <StaticTiles />
  </TransInfo>
  <TransInfo Description="Small Dirt to Forest Without Static AC" HashKey="08083F3F083F3F0808">
    <MapTiles>
      <MapTile TileID="196" AltIDMod="0" />
    </MapTiles>
    <StaticTiles />
  </TransInfo>
  <TransInfo Description="Small Dirt to Forest Without Static AC" HashKey="08083F3F083F083F08">
    <MapTiles>
      <MapTile TileID="196" AltIDMod="0" />
    </MapTiles>
    <StaticTiles />
  </TransInfo>
  <TransInfo Description="Small Dirt to Forest Without Static AC" HashKey="08083F3F083F3F3F08">
    <MapTiles>
      <MapTile TileID="196" AltIDMod="0" />
    </MapTiles>
    <StaticTiles />
  </TransInfo>
  <TransInfo Description="Small Dirt to Forest Without Static AC" HashKey="08083F3F083F08083F">
    <MapTiles>
      <MapTile TileID="196" AltIDMod="0" />
    </MapTiles>
    <StaticTiles />
  </TransInfo>
  <TransInfo Description="Small Dirt to Forest Without Static AC" HashKey="08083F3F083F3F083F">
    <MapTiles>
      <MapTile TileID="196" AltIDMod="0" />
    </MapTiles>
    <StaticTiles />
  </TransInfo>
  <TransInfo Description="Small Dirt to Forest Without Static AC" HashKey="08083F3F083F083F3F">
    <MapTiles>
      <MapTile TileID="196" AltIDMod="0" />
    </MapTiles>
    <StaticTiles />
  </TransInfo>
  <TransInfo Description="Small Dirt to Forest Without Static AC" HashKey="08083F3F083F3F3F3F">
    <MapTiles>
      <MapTile TileID="196" AltIDMod="0" />
    </MapTiles>
    <StaticTiles />
  </TransInfo>
  <TransInfo Description="Small Dirt to Forest Without Static AC" HashKey="083F08080808083F08">
    <MapTiles>
      <MapTile TileID="196" AltIDMod="0" />
    </MapTiles>
    <StaticTiles />
  </TransInfo>
  <TransInfo Description="Small Dirt to Forest Without Static AC" HashKey="083F083F0808083F08">
    <MapTiles>
      <MapTile TileID="196" AltIDMod="0" />
    </MapTiles>
    <StaticTiles />
  </TransInfo>
  <TransInfo Description="Small Dirt to Forest Without Static AC" HashKey="083F080808083F3F08">
    <MapTiles>
      <MapTile TileID="196" AltIDMod="0" />
    </MapTiles>
    <StaticTiles />
  </TransInfo>
  <TransInfo Description="Small Dirt to Forest Without Static AC" HashKey="083F083F08083F3F08">
    <MapTiles>
      <MapTile TileID="196" AltIDMod="0" />
    </MapTiles>
    <StaticTiles />
  </TransInfo>
  <TransInfo Description="Small Dirt to Forest Without Static AC" HashKey="083F083F080808083F">
    <MapTiles>
      <MapTile TileID="196" AltIDMod="0" />
    </MapTiles>
    <StaticTiles />
  </TransInfo>
  <TransInfo Description="Small Dirt to Forest Without Static AC" HashKey="083F080808083F083F">
    <MapTiles>
      <MapTile TileID="196" AltIDMod="0" />
    </MapTiles>
    <StaticTiles />
  </TransInfo>
  <TransInfo Description="Small Dirt to Forest Without Static AC" HashKey="083F083F08083F083F">
    <MapTiles>
      <MapTile TileID="196" AltIDMod="0" />
    </MapTiles>
    <StaticTiles />
  </TransInfo>
  <TransInfo Description="Small Dirt to Forest Without Static AC" HashKey="083F08080808083F3F">
    <MapTiles>
      <MapTile TileID="196" AltIDMod="0" />
    </MapTiles>
    <StaticTiles />
  </TransInfo>
  <TransInfo Description="Small Dirt to Forest Without Static AC" HashKey="083F083F0808083F3F">
    <MapTiles>
      <MapTile TileID="196" AltIDMod="0" />
    </MapTiles>
    <StaticTiles />
  </TransInfo>
  <TransInfo Description="Small Dirt to Forest Without Static AC" HashKey="083F080808083F3F3F">
    <MapTiles>
      <MapTile TileID="196" AltIDMod="0" />
    </MapTiles>
    <StaticTiles />
  </TransInfo>
  <TransInfo Description="Small Dirt to Forest Without Static AC" HashKey="083F083F08083F3F3F">
    <MapTiles>
      <MapTile TileID="196" AltIDMod="0" />
    </MapTiles>
    <StaticTiles />
  </TransInfo>
  <TransInfo Description="Small Dirt to Forest Without Static AC" HashKey="083F083F083F080808">
    <MapTiles>
      <MapTile TileID="196" AltIDMod="0" />
    </MapTiles>
    <StaticTiles />
  </TransInfo>
  <TransInfo Description="Small Dirt to Forest Without Static AC" HashKey="083F0808083F3F0808">
    <MapTiles>
      <MapTile TileID="196" AltIDMod="0" />
    </MapTiles>
    <StaticTiles />
  </TransInfo>
  <TransInfo Description="Small Dirt to Forest Without Static AC" HashKey="083F083F083F3F0808">
    <MapTiles>
      <MapTile TileID="196" AltIDMod="0" />
    </MapTiles>
    <StaticTiles />
  </TransInfo>
  <TransInfo Description="Small Dirt to Forest Without Static AC" HashKey="083F0808083F083F08">
    <MapTiles>
      <MapTile TileID="196" AltIDMod="0" />
    </MapTiles>
    <StaticTiles />
  </TransInfo>
  <TransInfo Description="Small Dirt to Forest Without Static AC" HashKey="083F083F083F083F08">
    <MapTiles>
      <MapTile TileID="196" AltIDMod="0" />
    </MapTiles>
    <StaticTiles />
  </TransInfo>
  <TransInfo Description="Small Dirt to Forest Without Static AC" HashKey="083F0808083F3F3F08">
    <MapTiles>
      <MapTile TileID="196" AltIDMod="0" />
    </MapTiles>
    <StaticTiles />
  </TransInfo>
  <TransInfo Description="Small Dirt to Forest Without Static AC" HashKey="083F083F083F3F3F08">
    <MapTiles>
      <MapTile TileID="196" AltIDMod="0" />
    </MapTiles>
    <StaticTiles />
  </TransInfo>
  <TransInfo Description="Small Dirt to Forest Without Static AC" HashKey="083F083F083F08083F">
    <MapTiles>
      <MapTile TileID="196" AltIDMod="0" />
    </MapTiles>
    <StaticTiles />
  </TransInfo>
  <TransInfo Description="Small Dirt to Forest Without Static AC" HashKey="083F0808083F3F083F">
    <MapTiles>
      <MapTile TileID="196" AltIDMod="0" />
    </MapTiles>
    <StaticTiles />
  </TransInfo>
  <TransInfo Description="Small Dirt to Forest Without Static AC" HashKey="083F083F083F3F083F">
    <MapTiles>
      <MapTile TileID="196" AltIDMod="0" />
    </MapTiles>
    <StaticTiles />
  </TransInfo>
  <TransInfo Description="Small Dirt to Forest Without Static AC" HashKey="083F0808083F083F3F">
    <MapTiles>
      <MapTile TileID="196" AltIDMod="0" />
    </MapTiles>
    <StaticTiles />
  </TransInfo>
  <TransInfo Description="Small Dirt to Forest Without Static AC" HashKey="083F083F083F083F3F">
    <MapTiles>
      <MapTile TileID="196" AltIDMod="0" />
    </MapTiles>
    <StaticTiles />
  </TransInfo>
  <TransInfo Description="Small Dirt to Forest Without Static AC" HashKey="083F0808083F3F3F3F">
    <MapTiles>
      <MapTile TileID="196" AltIDMod="0" />
    </MapTiles>
    <StaticTiles />
  </TransInfo>
  <TransInfo Description="Small Dirt to Forest Without Static AC" HashKey="083F083F083F3F3F3F">
    <MapTiles>
      <MapTile TileID="196" AltIDMod="0" />
    </MapTiles>
    <StaticTiles />
  </TransInfo>
  <TransInfo Description="Small Dirt to Forest Without Static AC" HashKey="083F3F080808083F08">
    <MapTiles>
      <MapTile TileID="196" AltIDMod="0" />
    </MapTiles>
    <StaticTiles />
  </TransInfo>
  <TransInfo Description="Small Dirt to Forest Without Static AC" HashKey="083F3F3F0808083F08">
    <MapTiles>
      <MapTile TileID="196" AltIDMod="0" />
    </MapTiles>
    <StaticTiles />
  </TransInfo>
  <TransInfo Description="Small Dirt to Forest Without Static AC" HashKey="083F3F0808083F3F08">
    <MapTiles>
      <MapTile TileID="196" AltIDMod="0" />
    </MapTiles>
    <StaticTiles />
  </TransInfo>
  <TransInfo Description="Small Dirt to Forest Without Static AC" HashKey="083F3F3F08083F3F08">
    <MapTiles>
      <MapTile TileID="196" AltIDMod="0" />
    </MapTiles>
    <StaticTiles />
  </TransInfo>
  <TransInfo Description="Small Dirt to Forest Without Static AC" HashKey="083F3F3F080808083F">
    <MapTiles>
      <MapTile TileID="196" AltIDMod="0" />
    </MapTiles>
    <StaticTiles />
  </TransInfo>
  <TransInfo Description="Small Dirt to Forest Without Static AC" HashKey="083F3F0808083F083F">
    <MapTiles>
      <MapTile TileID="196" AltIDMod="0" />
    </MapTiles>
    <StaticTiles />
  </TransInfo>
  <TransInfo Description="Small Dirt to Forest Without Static AC" HashKey="083F3F3F08083F083F">
    <MapTiles>
      <MapTile TileID="196" AltIDMod="0" />
    </MapTiles>
    <StaticTiles />
  </TransInfo>
  <TransInfo Description="Small Dirt to Forest Without Static AC" HashKey="083F3F080808083F3F">
    <MapTiles>
      <MapTile TileID="196" AltIDMod="0" />
    </MapTiles>
    <StaticTiles />
  </TransInfo>
  <TransInfo Description="Small Dirt to Forest Without Static AC" HashKey="083F3F3F0808083F3F">
    <MapTiles>
      <MapTile TileID="196" AltIDMod="0" />
    </MapTiles>
    <StaticTiles />
  </TransInfo>
  <TransInfo Description="Small Dirt to Forest Without Static AC" HashKey="083F3F0808083F3F3F">
    <MapTiles>
      <MapTile TileID="196" AltIDMod="0" />
    </MapTiles>
    <StaticTiles />
  </TransInfo>
  <TransInfo Description="Small Dirt to Forest Without Static AC" HashKey="083F3F3F08083F3F3F">
    <MapTiles>
      <MapTile TileID="196" AltIDMod="0" />
    </MapTiles>
    <StaticTiles />
  </TransInfo>
  <TransInfo Description="Small Dirt to Forest Without Static AC" HashKey="083F3F3F083F080808">
    <MapTiles>
      <MapTile TileID="196" AltIDMod="0" />
    </MapTiles>
    <StaticTiles />
  </TransInfo>
  <TransInfo Description="Small Dirt to Forest Without Static AC" HashKey="083F3F08083F3F0808">
    <MapTiles>
      <MapTile TileID="196" AltIDMod="0" />
    </MapTiles>
    <StaticTiles />
  </TransInfo>
  <TransInfo Description="Small Dirt to Forest Without Static AC" HashKey="083F3F3F083F3F0808">
    <MapTiles>
      <MapTile TileID="196" AltIDMod="0" />
    </MapTiles>
    <StaticTiles />
  </TransInfo>
  <TransInfo Description="Small Dirt to Forest Without Static AC" HashKey="083F3F08083F083F08">
    <MapTiles>
      <MapTile TileID="196" AltIDMod="0" />
    </MapTiles>
    <StaticTiles />
  </TransInfo>
  <TransInfo Description="Small Dirt to Forest Without Static AC" HashKey="083F3F3F083F083F08">
    <MapTiles>
      <MapTile TileID="196" AltIDMod="0" />
    </MapTiles>
    <StaticTiles />
  </TransInfo>
  <TransInfo Description="Small Dirt to Forest Without Static AC" HashKey="083F3F08083F3F3F08">
    <MapTiles>
      <MapTile TileID="196" AltIDMod="0" />
    </MapTiles>
    <StaticTiles />
  </TransInfo>
  <TransInfo Description="Small Dirt to Forest Without Static AC" HashKey="083F3F3F083F3F3F08">
    <MapTiles>
      <MapTile TileID="196" AltIDMod="0" />
    </MapTiles>
    <StaticTiles />
  </TransInfo>
  <TransInfo Description="Small Dirt to Forest Without Static AC" HashKey="083F3F3F083F08083F">
    <MapTiles>
      <MapTile TileID="196" AltIDMod="0" />
    </MapTiles>
    <StaticTiles />
  </TransInfo>
  <TransInfo Description="Small Dirt to Forest Without Static AC" HashKey="083F3F08083F3F083F">
    <MapTiles>
      <MapTile TileID="196" AltIDMod="0" />
    </MapTiles>
    <StaticTiles />
  </TransInfo>
  <TransInfo Description="Small Dirt to Forest Without Static AC" HashKey="083F3F3F083F3F083F">
    <MapTiles>
      <MapTile TileID="196" AltIDMod="0" />
    </MapTiles>
    <StaticTiles />
  </TransInfo>
  <TransInfo Description="Small Dirt to Forest Without Static AC" HashKey="083F3F08083F083F3F">
    <MapTiles>
      <MapTile TileID="196" AltIDMod="0" />
    </MapTiles>
    <StaticTiles />
  </TransInfo>
  <TransInfo Description="Small Dirt to Forest Without Static AC" HashKey="083F3F3F083F083F3F">
    <MapTiles>
      <MapTile TileID="196" AltIDMod="0" />
    </MapTiles>
    <StaticTiles />
  </TransInfo>
  <TransInfo Description="Small Dirt to Forest Without Static AC" HashKey="083F3F08083F3F3F3F">
    <MapTiles>
      <MapTile TileID="196" AltIDMod="0" />
    </MapTiles>
    <StaticTiles />
  </TransInfo>
  <TransInfo Description="Small Dirt to Forest Without Static AC" HashKey="083F3F3F083F3F3F3F">
    <MapTiles>
      <MapTile TileID="196" AltIDMod="0" />
    </MapTiles>
    <StaticTiles />
  </TransInfo>
  <TransInfo Description="Small Dirt to Forest Without Static AC" HashKey="3F08083F083F080808">
    <MapTiles>
      <MapTile TileID="196" AltIDMod="0" />
    </MapTiles>
    <StaticTiles />
  </TransInfo>
  <TransInfo Description="Small Dirt to Forest Without Static AC" HashKey="3F080808083F3F0808">
    <MapTiles>
      <MapTile TileID="196" AltIDMod="0" />
    </MapTiles>
    <StaticTiles />
  </TransInfo>
  <TransInfo Description="Small Dirt to Forest Without Static AC" HashKey="3F08083F083F3F0808">
    <MapTiles>
      <MapTile TileID="196" AltIDMod="0" />
    </MapTiles>
    <StaticTiles />
  </TransInfo>
  <TransInfo Description="Small Dirt to Forest Without Static AC" HashKey="3F080808083F083F08">
    <MapTiles>
      <MapTile TileID="196" AltIDMod="0" />
    </MapTiles>
    <StaticTiles />
  </TransInfo>
  <TransInfo Description="Small Dirt to Forest Without Static AC" HashKey="3F08083F083F083F08">
    <MapTiles>
      <MapTile TileID="196" AltIDMod="0" />
    </MapTiles>
    <StaticTiles />
  </TransInfo>
  <TransInfo Description="Small Dirt to Forest Without Static AC" HashKey="3F080808083F3F3F08">
    <MapTiles>
      <MapTile TileID="196" AltIDMod="0" />
    </MapTiles>
    <StaticTiles />
  </TransInfo>
  <TransInfo Description="Small Dirt to Forest Without Static AC" HashKey="3F08083F083F3F3F08">
    <MapTiles>
      <MapTile TileID="196" AltIDMod="0" />
    </MapTiles>
    <StaticTiles />
  </TransInfo>
  <TransInfo Description="Small Dirt to Forest Without Static AC" HashKey="3F08083F083F08083F">
    <MapTiles>
      <MapTile TileID="196" AltIDMod="0" />
    </MapTiles>
    <StaticTiles />
  </TransInfo>
  <TransInfo Description="Small Dirt to Forest Without Static AC" HashKey="3F080808083F3F083F">
    <MapTiles>
      <MapTile TileID="196" AltIDMod="0" />
    </MapTiles>
    <StaticTiles />
  </TransInfo>
  <TransInfo Description="Small Dirt to Forest Without Static AC" HashKey="3F08083F083F3F083F">
    <MapTiles>
      <MapTile TileID="196" AltIDMod="0" />
    </MapTiles>
    <StaticTiles />
  </TransInfo>
  <TransInfo Description="Small Dirt to Forest Without Static AC" HashKey="3F080808083F083F3F">
    <MapTiles>
      <MapTile TileID="196" AltIDMod="0" />
    </MapTiles>
    <StaticTiles />
  </TransInfo>
  <TransInfo Description="Small Dirt to Forest Without Static AC" HashKey="3F08083F083F083F3F">
    <MapTiles>
      <MapTile TileID="196" AltIDMod="0" />
    </MapTiles>
    <StaticTiles />
  </TransInfo>
  <TransInfo Description="Small Dirt to Forest Without Static AC" HashKey="3F080808083F3F3F3F">
    <MapTiles>
      <MapTile TileID="196" AltIDMod="0" />
    </MapTiles>
    <StaticTiles />
  </TransInfo>
  <TransInfo Description="Small Dirt to Forest Without Static AC" HashKey="3F08083F083F3F3F3F">
    <MapTiles>
      <MapTile TileID="196" AltIDMod="0" />
    </MapTiles>
    <StaticTiles />
  </TransInfo>
  <TransInfo Description="Small Dirt to Forest Without Static AC" HashKey="3F083F080808083F08">
    <MapTiles>
      <MapTile TileID="196" AltIDMod="0" />
    </MapTiles>
    <StaticTiles />
  </TransInfo>
  <TransInfo Description="Small Dirt to Forest Without Static AC" HashKey="3F083F3F0808083F08">
    <MapTiles>
      <MapTile TileID="196" AltIDMod="0" />
    </MapTiles>
    <StaticTiles />
  </TransInfo>
  <TransInfo Description="Small Dirt to Forest Without Static AC" HashKey="3F083F0808083F3F08">
    <MapTiles>
      <MapTile TileID="196" AltIDMod="0" />
    </MapTiles>
    <StaticTiles />
  </TransInfo>
  <TransInfo Description="Small Dirt to Forest Without Static AC" HashKey="3F083F3F08083F3F08">
    <MapTiles>
      <MapTile TileID="196" AltIDMod="0" />
    </MapTiles>
    <StaticTiles />
  </TransInfo>
  <TransInfo Description="Small Dirt to Forest Without Static AC" HashKey="3F083F3F080808083F">
    <MapTiles>
      <MapTile TileID="196" AltIDMod="0" />
    </MapTiles>
    <StaticTiles />
  </TransInfo>
  <TransInfo Description="Small Dirt to Forest Without Static AC" HashKey="3F083F0808083F083F">
    <MapTiles>
      <MapTile TileID="196" AltIDMod="0" />
    </MapTiles>
    <StaticTiles />
  </TransInfo>
  <TransInfo Description="Small Dirt to Forest Without Static AC" HashKey="3F083F3F08083F083F">
    <MapTiles>
      <MapTile TileID="196" AltIDMod="0" />
    </MapTiles>
    <StaticTiles />
  </TransInfo>
  <TransInfo Description="Small Dirt to Forest Without Static AC" HashKey="3F083F080808083F3F">
    <MapTiles>
      <MapTile TileID="196" AltIDMod="0" />
    </MapTiles>
    <StaticTiles />
  </TransInfo>
  <TransInfo Description="Small Dirt to Forest Without Static AC" HashKey="3F083F3F0808083F3F">
    <MapTiles>
      <MapTile TileID="196" AltIDMod="0" />
    </MapTiles>
    <StaticTiles />
  </TransInfo>
  <TransInfo Description="Small Dirt to Forest Without Static AC" HashKey="3F083F0808083F3F3F">
    <MapTiles>
      <MapTile TileID="196" AltIDMod="0" />
    </MapTiles>
    <StaticTiles />
  </TransInfo>
  <TransInfo Description="Small Dirt to Forest Without Static AC" HashKey="3F083F3F08083F3F3F">
    <MapTiles>
      <MapTile TileID="196" AltIDMod="0" />
    </MapTiles>
    <StaticTiles />
  </TransInfo>
  <TransInfo Description="Small Dirt to Forest Without Static AC" HashKey="3F083F3F083F080808">
    <MapTiles>
      <MapTile TileID="196" AltIDMod="0" />
    </MapTiles>
    <StaticTiles />
  </TransInfo>
  <TransInfo Description="Small Dirt to Forest Without Static AC" HashKey="3F083F08083F3F0808">
    <MapTiles>
      <MapTile TileID="196" AltIDMod="0" />
    </MapTiles>
    <StaticTiles />
  </TransInfo>
  <TransInfo Description="Small Dirt to Forest Without Static AC" HashKey="3F083F3F083F3F0808">
    <MapTiles>
      <MapTile TileID="196" AltIDMod="0" />
    </MapTiles>
    <StaticTiles />
  </TransInfo>
  <TransInfo Description="Small Dirt to Forest Without Static AC" HashKey="3F083F08083F083F08">
    <MapTiles>
      <MapTile TileID="196" AltIDMod="0" />
    </MapTiles>
    <StaticTiles />
  </TransInfo>
  <TransInfo Description="Small Dirt to Forest Without Static AC" HashKey="3F083F3F083F083F08">
    <MapTiles>
      <MapTile TileID="196" AltIDMod="0" />
    </MapTiles>
    <StaticTiles />
  </TransInfo>
  <TransInfo Description="Small Dirt to Forest Without Static AC" HashKey="3F083F08083F3F3F08">
    <MapTiles>
      <MapTile TileID="196" AltIDMod="0" />
    </MapTiles>
    <StaticTiles />
  </TransInfo>
  <TransInfo Description="Small Dirt to Forest Without Static AC" HashKey="3F083F3F083F3F3F08">
    <MapTiles>
      <MapTile TileID="196" AltIDMod="0" />
    </MapTiles>
    <StaticTiles />
  </TransInfo>
  <TransInfo Description="Small Dirt to Forest Without Static AC" HashKey="3F083F3F083F08083F">
    <MapTiles>
      <MapTile TileID="196" AltIDMod="0" />
    </MapTiles>
    <StaticTiles />
  </TransInfo>
  <TransInfo Description="Small Dirt to Forest Without Static AC" HashKey="3F083F08083F3F083F">
    <MapTiles>
      <MapTile TileID="196" AltIDMod="0" />
    </MapTiles>
    <StaticTiles />
  </TransInfo>
  <TransInfo Description="Small Dirt to Forest Without Static AC" HashKey="3F083F3F083F3F083F">
    <MapTiles>
      <MapTile TileID="196" AltIDMod="0" />
    </MapTiles>
    <StaticTiles />
  </TransInfo>
  <TransInfo Description="Small Dirt to Forest Without Static AC" HashKey="3F083F08083F083F3F">
    <MapTiles>
      <MapTile TileID="196" AltIDMod="0" />
    </MapTiles>
    <StaticTiles />
  </TransInfo>
  <TransInfo Description="Small Dirt to Forest Without Static AC" HashKey="3F083F3F083F083F3F">
    <MapTiles>
      <MapTile TileID="196" AltIDMod="0" />
    </MapTiles>
    <StaticTiles />
  </TransInfo>
  <TransInfo Description="Small Dirt to Forest Without Static AC" HashKey="3F083F08083F3F3F3F">
    <MapTiles>
      <MapTile TileID="196" AltIDMod="0" />
    </MapTiles>
    <StaticTiles />
  </TransInfo>
  <TransInfo Description="Small Dirt to Forest Without Static AC" HashKey="3F083F3F083F3F3F3F">
    <MapTiles>
      <MapTile TileID="196" AltIDMod="0" />
    </MapTiles>
    <StaticTiles />
  </TransInfo>
  <TransInfo Description="Small Dirt to Forest Without Static AC" HashKey="3F3F08080808083F08">
    <MapTiles>
      <MapTile TileID="196" AltIDMod="0" />
    </MapTiles>
    <StaticTiles />
  </TransInfo>
  <TransInfo Description="Small Dirt to Forest Without Static AC" HashKey="3F3F083F0808083F08">
    <MapTiles>
      <MapTile TileID="196" AltIDMod="0" />
    </MapTiles>
    <StaticTiles />
  </TransInfo>
  <TransInfo Description="Small Dirt to Forest Without Static AC" HashKey="3F3F080808083F3F08">
    <MapTiles>
      <MapTile TileID="196" AltIDMod="0" />
    </MapTiles>
    <StaticTiles />
  </TransInfo>
  <TransInfo Description="Small Dirt to Forest Without Static AC" HashKey="3F3F083F08083F3F08">
    <MapTiles>
      <MapTile TileID="196" AltIDMod="0" />
    </MapTiles>
    <StaticTiles />
  </TransInfo>
  <TransInfo Description="Small Dirt to Forest Without Static AC" HashKey="3F3F083F080808083F">
    <MapTiles>
      <MapTile TileID="196" AltIDMod="0" />
    </MapTiles>
    <StaticTiles />
  </TransInfo>
  <TransInfo Description="Small Dirt to Forest Without Static AC" HashKey="3F3F080808083F083F">
    <MapTiles>
      <MapTile TileID="196" AltIDMod="0" />
    </MapTiles>
    <StaticTiles />
  </TransInfo>
  <TransInfo Description="Small Dirt to Forest Without Static AC" HashKey="3F3F083F08083F083F">
    <MapTiles>
      <MapTile TileID="196" AltIDMod="0" />
    </MapTiles>
    <StaticTiles />
  </TransInfo>
  <TransInfo Description="Small Dirt to Forest Without Static AC" HashKey="3F3F08080808083F3F">
    <MapTiles>
      <MapTile TileID="196" AltIDMod="0" />
    </MapTiles>
    <StaticTiles />
  </TransInfo>
  <TransInfo Description="Small Dirt to Forest Without Static AC" HashKey="3F3F083F0808083F3F">
    <MapTiles>
      <MapTile TileID="196" AltIDMod="0" />
    </MapTiles>
    <StaticTiles />
  </TransInfo>
  <TransInfo Description="Small Dirt to Forest Without Static AC" HashKey="3F3F080808083F3F3F">
    <MapTiles>
      <MapTile TileID="196" AltIDMod="0" />
    </MapTiles>
    <StaticTiles />
  </TransInfo>
  <TransInfo Description="Small Dirt to Forest Without Static AC" HashKey="3F3F083F08083F3F3F">
    <MapTiles>
      <MapTile TileID="196" AltIDMod="0" />
    </MapTiles>
    <StaticTiles />
  </TransInfo>
  <TransInfo Description="Small Dirt to Forest Without Static AC" HashKey="3F3F083F083F080808">
    <MapTiles>
      <MapTile TileID="196" AltIDMod="0" />
    </MapTiles>
    <StaticTiles />
  </TransInfo>
  <TransInfo Description="Small Dirt to Forest Without Static AC" HashKey="3F3F0808083F3F0808">
    <MapTiles>
      <MapTile TileID="196" AltIDMod="0" />
    </MapTiles>
    <StaticTiles />
  </TransInfo>
  <TransInfo Description="Small Dirt to Forest Without Static AC" HashKey="3F3F083F083F3F0808">
    <MapTiles>
      <MapTile TileID="196" AltIDMod="0" />
    </MapTiles>
    <StaticTiles />
  </TransInfo>
  <TransInfo Description="Small Dirt to Forest Without Static AC" HashKey="3F3F0808083F083F08">
    <MapTiles>
      <MapTile TileID="196" AltIDMod="0" />
    </MapTiles>
    <StaticTiles />
  </TransInfo>
  <TransInfo Description="Small Dirt to Forest Without Static AC" HashKey="3F3F083F083F083F08">
    <MapTiles>
      <MapTile TileID="196" AltIDMod="0" />
    </MapTiles>
    <StaticTiles />
  </TransInfo>
  <TransInfo Description="Small Dirt to Forest Without Static AC" HashKey="3F3F0808083F3F3F08">
    <MapTiles>
      <MapTile TileID="196" AltIDMod="0" />
    </MapTiles>
    <StaticTiles />
  </TransInfo>
  <TransInfo Description="Small Dirt to Forest Without Static AC" HashKey="3F3F083F083F3F3F08">
    <MapTiles>
      <MapTile TileID="196" AltIDMod="0" />
    </MapTiles>
    <StaticTiles />
  </TransInfo>
  <TransInfo Description="Small Dirt to Forest Without Static AC" HashKey="3F3F083F083F08083F">
    <MapTiles>
      <MapTile TileID="196" AltIDMod="0" />
    </MapTiles>
    <StaticTiles />
  </TransInfo>
  <TransInfo Description="Small Dirt to Forest Without Static AC" HashKey="3F3F0808083F3F083F">
    <MapTiles>
      <MapTile TileID="196" AltIDMod="0" />
    </MapTiles>
    <StaticTiles />
  </TransInfo>
  <TransInfo Description="Small Dirt to Forest Without Static AC" HashKey="3F3F083F083F3F083F">
    <MapTiles>
      <MapTile TileID="196" AltIDMod="0" />
    </MapTiles>
    <StaticTiles />
  </TransInfo>
  <TransInfo Description="Small Dirt to Forest Without Static AC" HashKey="3F3F0808083F083F3F">
    <MapTiles>
      <MapTile TileID="196" AltIDMod="0" />
    </MapTiles>
    <StaticTiles />
  </TransInfo>
  <TransInfo Description="Small Dirt to Forest Without Static AC" HashKey="3F3F083F083F083F3F">
    <MapTiles>
      <MapTile TileID="196" AltIDMod="0" />
    </MapTiles>
    <StaticTiles />
  </TransInfo>
  <TransInfo Description="Small Dirt to Forest Without Static AC" HashKey="3F3F0808083F3F3F3F">
    <MapTiles>
      <MapTile TileID="196" AltIDMod="0" />
    </MapTiles>
    <StaticTiles />
  </TransInfo>
  <TransInfo Description="Small Dirt to Forest Without Static AC" HashKey="3F3F083F083F3F3F3F">
    <MapTiles>
      <MapTile TileID="196" AltIDMod="0" />
    </MapTiles>
    <StaticTiles />
  </TransInfo>
  <TransInfo Description="Small Dirt to Forest Without Static AC" HashKey="3F3F3F080808083F08">
    <MapTiles>
      <MapTile TileID="196" AltIDMod="0" />
    </MapTiles>
    <StaticTiles />
  </TransInfo>
  <TransInfo Description="Small Dirt to Forest Without Static AC" HashKey="3F3F3F3F0808083F08">
    <MapTiles>
      <MapTile TileID="196" AltIDMod="0" />
    </MapTiles>
    <StaticTiles />
  </TransInfo>
  <TransInfo Description="Small Dirt to Forest Without Static AC" HashKey="3F3F3F0808083F3F08">
    <MapTiles>
      <MapTile TileID="196" AltIDMod="0" />
    </MapTiles>
    <StaticTiles />
  </TransInfo>
  <TransInfo Description="Small Dirt to Forest Without Static AC" HashKey="3F3F3F3F08083F3F08">
    <MapTiles>
      <MapTile TileID="196" AltIDMod="0" />
    </MapTiles>
    <StaticTiles />
  </TransInfo>
  <TransInfo Description="Small Dirt to Forest Without Static AC" HashKey="3F3F3F3F080808083F">
    <MapTiles>
      <MapTile TileID="196" AltIDMod="0" />
    </MapTiles>
    <StaticTiles />
  </TransInfo>
  <TransInfo Description="Small Dirt to Forest Without Static AC" HashKey="3F3F3F0808083F083F">
    <MapTiles>
      <MapTile TileID="196" AltIDMod="0" />
    </MapTiles>
    <StaticTiles />
  </TransInfo>
  <TransInfo Description="Small Dirt to Forest Without Static AC" HashKey="3F3F3F3F08083F083F">
    <MapTiles>
      <MapTile TileID="196" AltIDMod="0" />
    </MapTiles>
    <StaticTiles />
  </TransInfo>
  <TransInfo Description="Small Dirt to Forest Without Static AC" HashKey="3F3F3F080808083F3F">
    <MapTiles>
      <MapTile TileID="196" AltIDMod="0" />
    </MapTiles>
    <StaticTiles />
  </TransInfo>
  <TransInfo Description="Small Dirt to Forest Without Static AC" HashKey="3F3F3F3F0808083F3F">
    <MapTiles>
      <MapTile TileID="196" AltIDMod="0" />
    </MapTiles>
    <StaticTiles />
  </TransInfo>
  <TransInfo Description="Small Dirt to Forest Without Static AC" HashKey="3F3F3F0808083F3F3F">
    <MapTiles>
      <MapTile TileID="196" AltIDMod="0" />
    </MapTiles>
    <StaticTiles />
  </TransInfo>
  <TransInfo Description="Small Dirt to Forest Without Static AC" HashKey="3F3F3F3F08083F3F3F">
    <MapTiles>
      <MapTile TileID="196" AltIDMod="0" />
    </MapTiles>
    <StaticTiles />
  </TransInfo>
  <TransInfo Description="Small Dirt to Forest Without Static AC" HashKey="3F3F3F3F083F080808">
    <MapTiles>
      <MapTile TileID="196" AltIDMod="0" />
    </MapTiles>
    <StaticTiles />
  </TransInfo>
  <TransInfo Description="Small Dirt to Forest Without Static AC" HashKey="3F3F3F08083F3F0808">
    <MapTiles>
      <MapTile TileID="196" AltIDMod="0" />
    </MapTiles>
    <StaticTiles />
  </TransInfo>
  <TransInfo Description="Small Dirt to Forest Without Static AC" HashKey="3F3F3F3F083F3F0808">
    <MapTiles>
      <MapTile TileID="196" AltIDMod="0" />
    </MapTiles>
    <StaticTiles />
  </TransInfo>
  <TransInfo Description="Small Dirt to Forest Without Static AC" HashKey="3F3F3F08083F083F08">
    <MapTiles>
      <MapTile TileID="196" AltIDMod="0" />
    </MapTiles>
    <StaticTiles />
  </TransInfo>
  <TransInfo Description="Small Dirt to Forest Without Static AC" HashKey="3F3F3F3F083F083F08">
    <MapTiles>
      <MapTile TileID="196" AltIDMod="0" />
    </MapTiles>
    <StaticTiles />
  </TransInfo>
  <TransInfo Description="Small Dirt to Forest Without Static AC" HashKey="3F3F3F08083F3F3F08">
    <MapTiles>
      <MapTile TileID="196" AltIDMod="0" />
    </MapTiles>
    <StaticTiles />
  </TransInfo>
  <TransInfo Description="Small Dirt to Forest Without Static AC" HashKey="3F3F3F3F083F3F3F08">
    <MapTiles>
      <MapTile TileID="196" AltIDMod="0" />
    </MapTiles>
    <StaticTiles />
  </TransInfo>
  <TransInfo Description="Small Dirt to Forest Without Static AC" HashKey="3F3F3F3F083F08083F">
    <MapTiles>
      <MapTile TileID="196" AltIDMod="0" />
    </MapTiles>
    <StaticTiles />
  </TransInfo>
  <TransInfo Description="Small Dirt to Forest Without Static AC" HashKey="3F3F3F08083F3F083F">
    <MapTiles>
      <MapTile TileID="196" AltIDMod="0" />
    </MapTiles>
    <StaticTiles />
  </TransInfo>
  <TransInfo Description="Small Dirt to Forest Without Static AC" HashKey="3F3F3F3F083F3F083F">
    <MapTiles>
      <MapTile TileID="196" AltIDMod="0" />
    </MapTiles>
    <StaticTiles />
  </TransInfo>
  <TransInfo Description="Small Dirt to Forest Without Static AC" HashKey="3F3F3F08083F083F3F">
    <MapTiles>
      <MapTile TileID="196" AltIDMod="0" />
    </MapTiles>
    <StaticTiles />
  </TransInfo>
  <TransInfo Description="Small Dirt to Forest Without Static AC" HashKey="3F3F3F3F083F083F3F">
    <MapTiles>
      <MapTile TileID="196" AltIDMod="0" />
    </MapTiles>
    <StaticTiles />
  </TransInfo>
  <TransInfo Description="Small Dirt to Forest Without Static AC" HashKey="3F3F3F08083F3F3F3F">
    <MapTiles>
      <MapTile TileID="196" AltIDMod="0" />
    </MapTiles>
    <StaticTiles />
  </TransInfo>
  <TransInfo Description="Small Dirt to Forest Without Static AC" HashKey="3F3F3F3F083F3F3F3F">
    <MapTiles>
      <MapTile TileID="196" AltIDMod="0" />
    </MapTiles>
    <StaticTiles />
  </TransInfo>
  <TransInfo Description="Small Dirt to Forest Without Static IWE" HashKey="3F080808080808083F">
    <MapTiles>
      <MapTile TileID="117" AltIDMod="0" />
    </MapTiles>
    <StaticTiles />
  </TransInfo>
  <TransInfo Description="Small Dirt to Forest Without Static INS" HashKey="08083F0808083F0808">
    <MapTiles>
      <MapTile TileID="117" AltIDMod="0" />
    </MapTiles>
    <StaticTiles />
  </TransInfo>
</Trans>