﻿<?xml version="1.0" encoding="utf-8"?>
<Trans>
    <TransInfo Description="Small Dirt to Snow Without Static SN" HashKey="474747080808080808">
    <MapTiles>
      <MapTile TileID="901" AltIDMod="0" />
    </MapTiles>
    <StaticTiles />
  </TransInfo>
  <TransInfo Description="Small Dirt to Snow Without Static SN" HashKey="084747080808080808">
    <MapTiles>
      <MapTile TileID="901" AltIDMod="0" />
    </MapTiles>
    <StaticTiles />
  </TransInfo>
  <TransInfo Description="Small Dirt to Snow Without Static SN" HashKey="474708080808080808">
    <MapTiles>
      <MapTile TileID="901" AltIDMod="0" />
    </MapTiles>
    <StaticTiles />
  </TransInfo>
  <TransInfo Description="Small Dirt to Snow Without Static SN" HashKey="084708080808080808">
    <MapTiles>
      <MapTile TileID="901" AltIDMod="0" />
    </MapTiles>
    <StaticTiles />
  </TransInfo>
  <TransInfo Description="Small Dirt to Snow Without Static SN" HashKey="470847080808080808">
    <MapTiles>
      <MapTile TileID="901" AltIDMod="0" />
    </MapTiles>
    <StaticTiles />
  </TransInfo>
  <TransInfo Description="Small Dirt to Snow Without Static EW" HashKey="470808470808470808">
    <MapTiles>
      <MapTile TileID="902" AltIDMod="0" />
    </MapTiles>
    <StaticTiles />
  </TransInfo>
  <TransInfo Description="Small Dirt to Snow Without Static EW" HashKey="470808470808080808">
    <MapTiles>
      <MapTile TileID="902" AltIDMod="0" />
    </MapTiles>
    <StaticTiles />
  </TransInfo>
  <TransInfo Description="Small Dirt to Snow Without Static EW" HashKey="080808470808470808">
    <MapTiles>
      <MapTile TileID="902" AltIDMod="0" />
    </MapTiles>
    <StaticTiles />
  </TransInfo>
  <TransInfo Description="Small Dirt to Snow Without Static EW" HashKey="080808470808080808">
    <MapTiles>
      <MapTile TileID="902" AltIDMod="0" />
    </MapTiles>
    <StaticTiles />
  </TransInfo>
  <TransInfo Description="Small Dirt to Snow Without Static EW" HashKey="470808080808470808">
    <MapTiles>
      <MapTile TileID="902" AltIDMod="0" />
    </MapTiles>
    <StaticTiles />
  </TransInfo>
  <TransInfo Description="Small Dirt to Snow Without Static WE" HashKey="080847080847080847">
    <MapTiles>
      <MapTile TileID="903" AltIDMod="0" />
    </MapTiles>
    <StaticTiles />
  </TransInfo>
  <TransInfo Description="Small Dirt to Snow Without Static WE" HashKey="080808080847080847">
    <MapTiles>
      <MapTile TileID="903" AltIDMod="0" />
    </MapTiles>
    <StaticTiles />
  </TransInfo>
  <TransInfo Description="Small Dirt to Snow Without Static WE" HashKey="080847080847080808">
    <MapTiles>
      <MapTile TileID="903" AltIDMod="0" />
    </MapTiles>
    <StaticTiles />
  </TransInfo>
  <TransInfo Description="Small Dirt to Snow Without Static WE" HashKey="080808080847080808">
    <MapTiles>
      <MapTile TileID="903" AltIDMod="0" />
    </MapTiles>
    <StaticTiles />
  </TransInfo>
  <TransInfo Description="Small Dirt to Snow Without Static WE" HashKey="080847080808080847">
    <MapTiles>
      <MapTile TileID="903" AltIDMod="0" />
    </MapTiles>
    <StaticTiles />
  </TransInfo>
  <TransInfo Description="Small Dirt to Snow Without Static NS" HashKey="080808080808474747">
    <MapTiles>
      <MapTile TileID="904" AltIDMod="0" />
    </MapTiles>
    <StaticTiles />
  </TransInfo>
  <TransInfo Description="Small Dirt to Snow Without Static NS" HashKey="080808080808474708">
    <MapTiles>
      <MapTile TileID="904" AltIDMod="0" />
    </MapTiles>
    <StaticTiles />
  </TransInfo>
  <TransInfo Description="Small Dirt to Snow Without Static NS" HashKey="080808080808084747">
    <MapTiles>
      <MapTile TileID="904" AltIDMod="0" />
    </MapTiles>
    <StaticTiles />
  </TransInfo>
  <TransInfo Description="Small Dirt to Snow Without Static NS" HashKey="080808080808084708">
    <MapTiles>
      <MapTile TileID="904" AltIDMod="0" />
    </MapTiles>
    <StaticTiles />
  </TransInfo>
  <TransInfo Description="Small Dirt to Snow Without Static NS" HashKey="080808080808470847">
    <MapTiles>
      <MapTile TileID="904" AltIDMod="0" />
    </MapTiles>
    <StaticTiles />
  </TransInfo>
  <TransInfo Description="Small Dirt to Snow Without Static NWA" HashKey="080847080847474747">
    <MapTiles>
      <MapTile TileID="905" AltIDMod="0" />
    </MapTiles>
    <StaticTiles />
  </TransInfo>
  <TransInfo Description="Small Dirt to Snow Without Static NWA" HashKey="080808080847474747">
    <MapTiles>
      <MapTile TileID="905" AltIDMod="0" />
    </MapTiles>
    <StaticTiles />
  </TransInfo>
  <TransInfo Description="Small Dirt to Snow Without Static NWA" HashKey="080847080847084747">
    <MapTiles>
      <MapTile TileID="905" AltIDMod="0" />
    </MapTiles>
    <StaticTiles />
  </TransInfo>
  <TransInfo Description="Small Dirt to Snow Without Static NWA" HashKey="080808080847084747">
    <MapTiles>
      <MapTile TileID="905" AltIDMod="0" />
    </MapTiles>
    <StaticTiles />
  </TransInfo>
  <TransInfo Description="Small Dirt to Snow Without Static NWA" HashKey="080808080847084708">
    <MapTiles>
      <MapTile TileID="905" AltIDMod="0" />
    </MapTiles>
    <StaticTiles />
  </TransInfo>
  <TransInfo Description="Small Dirt to Snow Without Static NWA" HashKey="080847080808084747">
    <MapTiles>
      <MapTile TileID="905" AltIDMod="0" />
    </MapTiles>
    <StaticTiles />
  </TransInfo>
  <TransInfo Description="Small Dirt to Snow Without Static NWA" HashKey="080847080808474747">
    <MapTiles>
      <MapTile TileID="905" AltIDMod="0" />
    </MapTiles>
    <StaticTiles />
  </TransInfo>
  <TransInfo Description="Small Dirt to Snow Without Static NWA" HashKey="080847080808474708">
    <MapTiles>
      <MapTile TileID="905" AltIDMod="0" />
    </MapTiles>
    <StaticTiles />
  </TransInfo>
  <TransInfo Description="Small Dirt to Snow Without Static NWA" HashKey="080808080847470847">
    <MapTiles>
      <MapTile TileID="905" AltIDMod="0" />
    </MapTiles>
    <StaticTiles />
  </TransInfo>
  <TransInfo Description="Small Dirt to Snow Without Static NWA" HashKey="080847080847470847">
    <MapTiles>
      <MapTile TileID="905" AltIDMod="0" />
    </MapTiles>
    <StaticTiles />
  </TransInfo>
  <TransInfo Description="Small Dirt to Snow Without Static NWA" HashKey="080847080847474708">
    <MapTiles>
      <MapTile TileID="905" AltIDMod="0" />
    </MapTiles>
    <StaticTiles />
  </TransInfo>
  <TransInfo Description="Small Dirt to Snow Without Static NWA" HashKey="080847080847470808">
    <MapTiles>
      <MapTile TileID="905" AltIDMod="0" />
    </MapTiles>
    <StaticTiles />
  </TransInfo>
  <TransInfo Description="Small Dirt to Snow Without Static NWA" HashKey="080847080808084708">
    <MapTiles>
      <MapTile TileID="905" AltIDMod="0" />
    </MapTiles>
    <StaticTiles />
  </TransInfo>
  <TransInfo Description="Small Dirt to Snow Without Static NWA" HashKey="080808080847470808">
    <MapTiles>
      <MapTile TileID="905" AltIDMod="0" />
    </MapTiles>
    <StaticTiles />
  </TransInfo>
  <TransInfo Description="Small Dirt to Snow Without Static NWA" HashKey="080847080847084708">
    <MapTiles>
      <MapTile TileID="905" AltIDMod="0" />
    </MapTiles>
    <StaticTiles />
  </TransInfo>
  <TransInfo Description="Small Dirt to Snow Without Static NWA" HashKey="080847080808470847">
    <MapTiles>
      <MapTile TileID="905" AltIDMod="0" />
    </MapTiles>
    <StaticTiles />
  </TransInfo>
  <TransInfo Description="Small Dirt to Snow Without Static NWA" HashKey="080808080847474708">
    <MapTiles>
      <MapTile TileID="905" AltIDMod="0" />
    </MapTiles>
    <StaticTiles />
  </TransInfo>
  <TransInfo Description="Small Dirt to Snow Without Static SEA" HashKey="474747470808470808">
    <MapTiles>
      <MapTile TileID="906" AltIDMod="0" />
    </MapTiles>
    <StaticTiles />
  </TransInfo>
  <TransInfo Description="Small Dirt to Snow Without Static SEA" HashKey="474708470808470808">
    <MapTiles>
      <MapTile TileID="906" AltIDMod="0" />
    </MapTiles>
    <StaticTiles />
  </TransInfo>
  <TransInfo Description="Small Dirt to Snow Without Static SEA" HashKey="474747470808080808">
    <MapTiles>
      <MapTile TileID="906" AltIDMod="0" />
    </MapTiles>
    <StaticTiles />
  </TransInfo>
  <TransInfo Description="Small Dirt to Snow Without Static SEA" HashKey="474708470808080808">
    <MapTiles>
      <MapTile TileID="906" AltIDMod="0" />
    </MapTiles>
    <StaticTiles />
  </TransInfo>
  <TransInfo Description="Small Dirt to Snow Without Static SEA" HashKey="470847470808080808">
    <MapTiles>
      <MapTile TileID="906" AltIDMod="0" />
    </MapTiles>
    <StaticTiles />
  </TransInfo>
  <TransInfo Description="Small Dirt to Snow Without Static SEA" HashKey="474708080808470808">
    <MapTiles>
      <MapTile TileID="906" AltIDMod="0" />
    </MapTiles>
    <StaticTiles />
  </TransInfo>
  <TransInfo Description="Small Dirt to Snow Without Static SEA" HashKey="084747080808470808">
    <MapTiles>
      <MapTile TileID="906" AltIDMod="0" />
    </MapTiles>
    <StaticTiles />
  </TransInfo>
  <TransInfo Description="Small Dirt to Snow Without Static SEA" HashKey="470847080808470808">
    <MapTiles>
      <MapTile TileID="906" AltIDMod="0" />
    </MapTiles>
    <StaticTiles />
  </TransInfo>
  <TransInfo Description="Small Dirt to Snow Without Static SEA" HashKey="474747080808470808">
    <MapTiles>
      <MapTile TileID="906" AltIDMod="0" />
    </MapTiles>
    <StaticTiles />
  </TransInfo>
  <TransInfo Description="Small Dirt to Snow Without Static SEA" HashKey="084708470808080808">
    <MapTiles>
      <MapTile TileID="906" AltIDMod="0" />
    </MapTiles>
    <StaticTiles />
  </TransInfo>
  <TransInfo Description="Small Dirt to Snow Without Static SEA" HashKey="470847470808470808">
    <MapTiles>
      <MapTile TileID="906" AltIDMod="0" />
    </MapTiles>
    <StaticTiles />
  </TransInfo>
  <TransInfo Description="Small Dirt to Snow Without Static SEA" HashKey="080847470808470808">
    <MapTiles>
      <MapTile TileID="906" AltIDMod="0" />
    </MapTiles>
    <StaticTiles />
  </TransInfo>
  <TransInfo Description="Small Dirt to Snow Without Static SEA" HashKey="084747470808470808">
    <MapTiles>
      <MapTile TileID="906" AltIDMod="0" />
    </MapTiles>
    <StaticTiles />
  </TransInfo>
  <TransInfo Description="Small Dirt to Snow Without Static SEA" HashKey="080847470808080808">
    <MapTiles>
      <MapTile TileID="906" AltIDMod="0" />
    </MapTiles>
    <StaticTiles />
  </TransInfo>
  <TransInfo Description="Small Dirt to Snow Without Static SEA" HashKey="084708470808470808">
    <MapTiles>
      <MapTile TileID="906" AltIDMod="0" />
    </MapTiles>
    <StaticTiles />
  </TransInfo>
  <TransInfo Description="Small Dirt to Snow Without Static SEA" HashKey="084708080808470808">
    <MapTiles>
      <MapTile TileID="906" AltIDMod="0" />
    </MapTiles>
    <StaticTiles />
  </TransInfo>
  <TransInfo Description="Small Dirt to Snow Without Static SEA" HashKey="084747470808080808">
    <MapTiles>
      <MapTile TileID="906" AltIDMod="0" />
    </MapTiles>
    <StaticTiles />
  </TransInfo>
  <TransInfo Description="Small Dirt to Snow Without Static NEA" HashKey="470808470808474747">
    <MapTiles>
      <MapTile TileID="907" AltIDMod="0" />
    </MapTiles>
    <StaticTiles />
  </TransInfo>
  <TransInfo Description="Small Dirt to Snow Without Static NEA" HashKey="080808470808474747">
    <MapTiles>
      <MapTile TileID="907" AltIDMod="0" />
    </MapTiles>
    <StaticTiles />
  </TransInfo>
  <TransInfo Description="Small Dirt to Snow Without Static NEA" HashKey="470808470808474708">
    <MapTiles>
      <MapTile TileID="907" AltIDMod="0" />
    </MapTiles>
    <StaticTiles />
  </TransInfo>
  <TransInfo Description="Small Dirt to Snow Without Static NEA" HashKey="080808470808474708">
    <MapTiles>
      <MapTile TileID="907" AltIDMod="0" />
    </MapTiles>
    <StaticTiles />
  </TransInfo>
  <TransInfo Description="Small Dirt to Snow Without Static NEA" HashKey="080808470808084708">
    <MapTiles>
      <MapTile TileID="907" AltIDMod="0" />
    </MapTiles>
    <StaticTiles />
  </TransInfo>
  <TransInfo Description="Small Dirt to Snow Without Static NEA" HashKey="470808470808080847">
    <MapTiles>
      <MapTile TileID="907" AltIDMod="0" />
    </MapTiles>
    <StaticTiles />
  </TransInfo>
  <TransInfo Description="Small Dirt to Snow Without Static NEA" HashKey="470808080808474747">
    <MapTiles>
      <MapTile TileID="907" AltIDMod="0" />
    </MapTiles>
    <StaticTiles />
  </TransInfo>
  <TransInfo Description="Small Dirt to Snow Without Static NEA" HashKey="470808080808474708">
    <MapTiles>
      <MapTile TileID="907" AltIDMod="0" />
    </MapTiles>
    <StaticTiles />
  </TransInfo>
  <TransInfo Description="Small Dirt to Snow Without Static NEA" HashKey="470808080808084708">
    <MapTiles>
      <MapTile TileID="907" AltIDMod="0" />
    </MapTiles>
    <StaticTiles />
  </TransInfo>
  <TransInfo Description="Small Dirt to Snow Without Static NEA" HashKey="080808470808470847">
    <MapTiles>
      <MapTile TileID="907" AltIDMod="0" />
    </MapTiles>
    <StaticTiles />
  </TransInfo>
  <TransInfo Description="Small Dirt to Snow Without Static NEA" HashKey="470808470808470847">
    <MapTiles>
      <MapTile TileID="907" AltIDMod="0" />
    </MapTiles>
    <StaticTiles />
  </TransInfo>
  <TransInfo Description="Small Dirt to Snow Without Static NEA" HashKey="470808080808084747">
    <MapTiles>
      <MapTile TileID="907" AltIDMod="0" />
    </MapTiles>
    <StaticTiles />
  </TransInfo>
  <TransInfo Description="Small Dirt to Snow Without Static NEA" HashKey="470808470808084747">
    <MapTiles>
      <MapTile TileID="907" AltIDMod="0" />
    </MapTiles>
    <StaticTiles />
  </TransInfo>
  <TransInfo Description="Small Dirt to Snow Without Static NEA" HashKey="080808470808084747">
    <MapTiles>
      <MapTile TileID="907" AltIDMod="0" />
    </MapTiles>
    <StaticTiles />
  </TransInfo>
  <TransInfo Description="Small Dirt to Snow Without Static NEA" HashKey="080808470808080847">
    <MapTiles>
      <MapTile TileID="907" AltIDMod="0" />
    </MapTiles>
    <StaticTiles />
  </TransInfo>
  <TransInfo Description="Small Dirt to Snow Without Static NEA" HashKey="470808080808470847">
    <MapTiles>
      <MapTile TileID="907" AltIDMod="0" />
    </MapTiles>
    <StaticTiles />
  </TransInfo>
  <TransInfo Description="Small Dirt to Snow Without Static NEA" HashKey="470808470808084708">
    <MapTiles>
      <MapTile TileID="907" AltIDMod="0" />
    </MapTiles>
    <StaticTiles />
  </TransInfo>
  <TransInfo Description="Small Dirt to Snow Without Static SWA" HashKey="474747080847080847">
    <MapTiles>
      <MapTile TileID="908" AltIDMod="0" />
    </MapTiles>
    <StaticTiles />
  </TransInfo>
  <TransInfo Description="Small Dirt to Snow Without Static SWA" HashKey="474747080847080808">
    <MapTiles>
      <MapTile TileID="908" AltIDMod="0" />
    </MapTiles>
    <StaticTiles />
  </TransInfo>
  <TransInfo Description="Small Dirt to Snow Without Static SWA" HashKey="084747080847080847">
    <MapTiles>
      <MapTile TileID="908" AltIDMod="0" />
    </MapTiles>
    <StaticTiles />
  </TransInfo>
  <TransInfo Description="Small Dirt to Snow Without Static SWA" HashKey="084747080847080808">
    <MapTiles>
      <MapTile TileID="908" AltIDMod="0" />
    </MapTiles>
    <StaticTiles />
  </TransInfo>
  <TransInfo Description="Small Dirt to Snow Without Static SWA" HashKey="470808080847080847">
    <MapTiles>
      <MapTile TileID="908" AltIDMod="0" />
    </MapTiles>
    <StaticTiles />
  </TransInfo>
  <TransInfo Description="Small Dirt to Snow Without Static SWA" HashKey="470847080847080808">
    <MapTiles>
      <MapTile TileID="908" AltIDMod="0" />
    </MapTiles>
    <StaticTiles />
  </TransInfo>
  <TransInfo Description="Small Dirt to Snow Without Static SWA" HashKey="470847080847080847">
    <MapTiles>
      <MapTile TileID="908" AltIDMod="0" />
    </MapTiles>
    <StaticTiles />
  </TransInfo>
  <TransInfo Description="Small Dirt to Snow Without Static SWA" HashKey="474708080808080847">
    <MapTiles>
      <MapTile TileID="908" AltIDMod="0" />
    </MapTiles>
    <StaticTiles />
  </TransInfo>
  <TransInfo Description="Small Dirt to Snow Without Static SWA" HashKey="084708080808080847">
    <MapTiles>
      <MapTile TileID="908" AltIDMod="0" />
    </MapTiles>
    <StaticTiles />
  </TransInfo>
  <TransInfo Description="Small Dirt to Snow Without Static SWA" HashKey="474747080808080847">
    <MapTiles>
      <MapTile TileID="908" AltIDMod="0" />
    </MapTiles>
    <StaticTiles />
  </TransInfo>
  <TransInfo Description="Small Dirt to Snow Without Static SWA" HashKey="474708080847080808">
    <MapTiles>
      <MapTile TileID="908" AltIDMod="0" />
    </MapTiles>
    <StaticTiles />
  </TransInfo>
  <TransInfo Description="Small Dirt to Snow Without Static SWA" HashKey="084747080808080847">
    <MapTiles>
      <MapTile TileID="908" AltIDMod="0" />
    </MapTiles>
    <StaticTiles />
  </TransInfo>
  <TransInfo Description="Small Dirt to Snow Without Static SWA" HashKey="084708080847080808">
    <MapTiles>
      <MapTile TileID="908" AltIDMod="0" />
    </MapTiles>
    <StaticTiles />
  </TransInfo>
  <TransInfo Description="Small Dirt to Snow Without Static SWA" HashKey="470808080847080808">
    <MapTiles>
      <MapTile TileID="908" AltIDMod="0" />
    </MapTiles>
    <StaticTiles />
  </TransInfo>
  <TransInfo Description="Small Dirt to Snow Without Static SWA" HashKey="470847080808080847">
    <MapTiles>
      <MapTile TileID="908" AltIDMod="0" />
    </MapTiles>
    <StaticTiles />
  </TransInfo>
  <TransInfo Description="Small Dirt to Snow Without Static SWA" HashKey="084708080847080847">
    <MapTiles>
      <MapTile TileID="908" AltIDMod="0" />
    </MapTiles>
    <StaticTiles />
  </TransInfo>
  <TransInfo Description="Small Dirt to Snow Without Static SWA" HashKey="474708080847080847">
    <MapTiles>
      <MapTile TileID="908" AltIDMod="0" />
    </MapTiles>
    <StaticTiles />
  </TransInfo>
  <TransInfo Description="Small Dirt to Snow Without Static NWB" HashKey="470808080808080808">
    <MapTiles>
      <MapTile TileID="909" AltIDMod="0" />
    </MapTiles>
    <StaticTiles />
  </TransInfo>
  <TransInfo Description="Small Dirt to Snow Without Static SEB" HashKey="080808080808080847">
    <MapTiles>
      <MapTile TileID="910" AltIDMod="0" />
    </MapTiles>
    <StaticTiles />
  </TransInfo>
  <TransInfo Description="Small Dirt to Snow Without Static NEB" HashKey="080847080808080808">
    <MapTiles>
      <MapTile TileID="911" AltIDMod="0" />
    </MapTiles>
    <StaticTiles />
  </TransInfo>
  <TransInfo Description="Small Dirt to Snow Without Static SWB" HashKey="080808080808470808">
    <MapTiles>
      <MapTile TileID="912" AltIDMod="0" />
    </MapTiles>
    <StaticTiles />
  </TransInfo>
  <TransInfo Description="Small Dirt to Snow Without Static AC" HashKey="080808470847080808">
    <MapTiles>
      <MapTile TileID="282" AltIDMod="0" />
    </MapTiles>
    <StaticTiles />
  </TransInfo>
  <TransInfo Description="Small Dirt to Snow Without Static AC" HashKey="080808470847470808">
    <MapTiles>
      <MapTile TileID="282" AltIDMod="0" />
    </MapTiles>
    <StaticTiles />
  </TransInfo>
  <TransInfo Description="Small Dirt to Snow Without Static AC" HashKey="080808470847084708">
    <MapTiles>
      <MapTile TileID="282" AltIDMod="0" />
    </MapTiles>
    <StaticTiles />
  </TransInfo>
  <TransInfo Description="Small Dirt to Snow Without Static AC" HashKey="080808470847474708">
    <MapTiles>
      <MapTile TileID="282" AltIDMod="0" />
    </MapTiles>
    <StaticTiles />
  </TransInfo>
  <TransInfo Description="Small Dirt to Snow Without Static AC" HashKey="080808470847080847">
    <MapTiles>
      <MapTile TileID="282" AltIDMod="0" />
    </MapTiles>
    <StaticTiles />
  </TransInfo>
  <TransInfo Description="Small Dirt to Snow Without Static AC" HashKey="080808470847470847">
    <MapTiles>
      <MapTile TileID="282" AltIDMod="0" />
    </MapTiles>
    <StaticTiles />
  </TransInfo>
  <TransInfo Description="Small Dirt to Snow Without Static AC" HashKey="080808470847084747">
    <MapTiles>
      <MapTile TileID="282" AltIDMod="0" />
    </MapTiles>
    <StaticTiles />
  </TransInfo>
  <TransInfo Description="Small Dirt to Snow Without Static AC" HashKey="080808470847474747">
    <MapTiles>
      <MapTile TileID="282" AltIDMod="0" />
    </MapTiles>
    <StaticTiles />
  </TransInfo>
  <TransInfo Description="Small Dirt to Snow Without Static AC" HashKey="080847470808084708">
    <MapTiles>
      <MapTile TileID="282" AltIDMod="0" />
    </MapTiles>
    <StaticTiles />
  </TransInfo>
  <TransInfo Description="Small Dirt to Snow Without Static AC" HashKey="080847470808474708">
    <MapTiles>
      <MapTile TileID="282" AltIDMod="0" />
    </MapTiles>
    <StaticTiles />
  </TransInfo>
  <TransInfo Description="Small Dirt to Snow Without Static AC" HashKey="080847470808080847">
    <MapTiles>
      <MapTile TileID="282" AltIDMod="0" />
    </MapTiles>
    <StaticTiles />
  </TransInfo>
  <TransInfo Description="Small Dirt to Snow Without Static AC" HashKey="080847470808470847">
    <MapTiles>
      <MapTile TileID="282" AltIDMod="0" />
    </MapTiles>
    <StaticTiles />
  </TransInfo>
  <TransInfo Description="Small Dirt to Snow Without Static AC" HashKey="080847470808084747">
    <MapTiles>
      <MapTile TileID="282" AltIDMod="0" />
    </MapTiles>
    <StaticTiles />
  </TransInfo>
  <TransInfo Description="Small Dirt to Snow Without Static AC" HashKey="080847470808474747">
    <MapTiles>
      <MapTile TileID="282" AltIDMod="0" />
    </MapTiles>
    <StaticTiles />
  </TransInfo>
  <TransInfo Description="Small Dirt to Snow Without Static AC" HashKey="080847470847080808">
    <MapTiles>
      <MapTile TileID="282" AltIDMod="0" />
    </MapTiles>
    <StaticTiles />
  </TransInfo>
  <TransInfo Description="Small Dirt to Snow Without Static AC" HashKey="080847470847470808">
    <MapTiles>
      <MapTile TileID="282" AltIDMod="0" />
    </MapTiles>
    <StaticTiles />
  </TransInfo>
  <TransInfo Description="Small Dirt to Snow Without Static AC" HashKey="080847470847084708">
    <MapTiles>
      <MapTile TileID="282" AltIDMod="0" />
    </MapTiles>
    <StaticTiles />
  </TransInfo>
  <TransInfo Description="Small Dirt to Snow Without Static AC" HashKey="080847470847474708">
    <MapTiles>
      <MapTile TileID="282" AltIDMod="0" />
    </MapTiles>
    <StaticTiles />
  </TransInfo>
  <TransInfo Description="Small Dirt to Snow Without Static AC" HashKey="080847470847080847">
    <MapTiles>
      <MapTile TileID="282" AltIDMod="0" />
    </MapTiles>
    <StaticTiles />
  </TransInfo>
  <TransInfo Description="Small Dirt to Snow Without Static AC" HashKey="080847470847470847">
    <MapTiles>
      <MapTile TileID="282" AltIDMod="0" />
    </MapTiles>
    <StaticTiles />
  </TransInfo>
  <TransInfo Description="Small Dirt to Snow Without Static AC" HashKey="080847470847084747">
    <MapTiles>
      <MapTile TileID="282" AltIDMod="0" />
    </MapTiles>
    <StaticTiles />
  </TransInfo>
  <TransInfo Description="Small Dirt to Snow Without Static AC" HashKey="080847470847474747">
    <MapTiles>
      <MapTile TileID="282" AltIDMod="0" />
    </MapTiles>
    <StaticTiles />
  </TransInfo>
  <TransInfo Description="Small Dirt to Snow Without Static AC" HashKey="084708080808084708">
    <MapTiles>
      <MapTile TileID="282" AltIDMod="0" />
    </MapTiles>
    <StaticTiles />
  </TransInfo>
  <TransInfo Description="Small Dirt to Snow Without Static AC" HashKey="084708470808084708">
    <MapTiles>
      <MapTile TileID="282" AltIDMod="0" />
    </MapTiles>
    <StaticTiles />
  </TransInfo>
  <TransInfo Description="Small Dirt to Snow Without Static AC" HashKey="084708080808474708">
    <MapTiles>
      <MapTile TileID="282" AltIDMod="0" />
    </MapTiles>
    <StaticTiles />
  </TransInfo>
  <TransInfo Description="Small Dirt to Snow Without Static AC" HashKey="084708470808474708">
    <MapTiles>
      <MapTile TileID="282" AltIDMod="0" />
    </MapTiles>
    <StaticTiles />
  </TransInfo>
  <TransInfo Description="Small Dirt to Snow Without Static AC" HashKey="084708470808080847">
    <MapTiles>
      <MapTile TileID="282" AltIDMod="0" />
    </MapTiles>
    <StaticTiles />
  </TransInfo>
  <TransInfo Description="Small Dirt to Snow Without Static AC" HashKey="084708080808470847">
    <MapTiles>
      <MapTile TileID="282" AltIDMod="0" />
    </MapTiles>
    <StaticTiles />
  </TransInfo>
  <TransInfo Description="Small Dirt to Snow Without Static AC" HashKey="084708470808470847">
    <MapTiles>
      <MapTile TileID="282" AltIDMod="0" />
    </MapTiles>
    <StaticTiles />
  </TransInfo>
  <TransInfo Description="Small Dirt to Snow Without Static AC" HashKey="084708080808084747">
    <MapTiles>
      <MapTile TileID="282" AltIDMod="0" />
    </MapTiles>
    <StaticTiles />
  </TransInfo>
  <TransInfo Description="Small Dirt to Snow Without Static AC" HashKey="084708470808084747">
    <MapTiles>
      <MapTile TileID="282" AltIDMod="0" />
    </MapTiles>
    <StaticTiles />
  </TransInfo>
  <TransInfo Description="Small Dirt to Snow Without Static AC" HashKey="084708080808474747">
    <MapTiles>
      <MapTile TileID="282" AltIDMod="0" />
    </MapTiles>
    <StaticTiles />
  </TransInfo>
  <TransInfo Description="Small Dirt to Snow Without Static AC" HashKey="084708470808474747">
    <MapTiles>
      <MapTile TileID="282" AltIDMod="0" />
    </MapTiles>
    <StaticTiles />
  </TransInfo>
  <TransInfo Description="Small Dirt to Snow Without Static AC" HashKey="084708470847080808">
    <MapTiles>
      <MapTile TileID="282" AltIDMod="0" />
    </MapTiles>
    <StaticTiles />
  </TransInfo>
  <TransInfo Description="Small Dirt to Snow Without Static AC" HashKey="084708080847470808">
    <MapTiles>
      <MapTile TileID="282" AltIDMod="0" />
    </MapTiles>
    <StaticTiles />
  </TransInfo>
  <TransInfo Description="Small Dirt to Snow Without Static AC" HashKey="084708470847470808">
    <MapTiles>
      <MapTile TileID="282" AltIDMod="0" />
    </MapTiles>
    <StaticTiles />
  </TransInfo>
  <TransInfo Description="Small Dirt to Snow Without Static AC" HashKey="084708080847084708">
    <MapTiles>
      <MapTile TileID="282" AltIDMod="0" />
    </MapTiles>
    <StaticTiles />
  </TransInfo>
  <TransInfo Description="Small Dirt to Snow Without Static AC" HashKey="084708470847084708">
    <MapTiles>
      <MapTile TileID="282" AltIDMod="0" />
    </MapTiles>
    <StaticTiles />
  </TransInfo>
  <TransInfo Description="Small Dirt to Snow Without Static AC" HashKey="084708080847474708">
    <MapTiles>
      <MapTile TileID="282" AltIDMod="0" />
    </MapTiles>
    <StaticTiles />
  </TransInfo>
  <TransInfo Description="Small Dirt to Snow Without Static AC" HashKey="084708470847474708">
    <MapTiles>
      <MapTile TileID="282" AltIDMod="0" />
    </MapTiles>
    <StaticTiles />
  </TransInfo>
  <TransInfo Description="Small Dirt to Snow Without Static AC" HashKey="084708470847080847">
    <MapTiles>
      <MapTile TileID="282" AltIDMod="0" />
    </MapTiles>
    <StaticTiles />
  </TransInfo>
  <TransInfo Description="Small Dirt to Snow Without Static AC" HashKey="084708080847470847">
    <MapTiles>
      <MapTile TileID="282" AltIDMod="0" />
    </MapTiles>
    <StaticTiles />
  </TransInfo>
  <TransInfo Description="Small Dirt to Snow Without Static AC" HashKey="084708470847470847">
    <MapTiles>
      <MapTile TileID="282" AltIDMod="0" />
    </MapTiles>
    <StaticTiles />
  </TransInfo>
  <TransInfo Description="Small Dirt to Snow Without Static AC" HashKey="084708080847084747">
    <MapTiles>
      <MapTile TileID="282" AltIDMod="0" />
    </MapTiles>
    <StaticTiles />
  </TransInfo>
  <TransInfo Description="Small Dirt to Snow Without Static AC" HashKey="084708470847084747">
    <MapTiles>
      <MapTile TileID="282" AltIDMod="0" />
    </MapTiles>
    <StaticTiles />
  </TransInfo>
  <TransInfo Description="Small Dirt to Snow Without Static AC" HashKey="084708080847474747">
    <MapTiles>
      <MapTile TileID="282" AltIDMod="0" />
    </MapTiles>
    <StaticTiles />
  </TransInfo>
  <TransInfo Description="Small Dirt to Snow Without Static AC" HashKey="084708470847474747">
    <MapTiles>
      <MapTile TileID="282" AltIDMod="0" />
    </MapTiles>
    <StaticTiles />
  </TransInfo>
  <TransInfo Description="Small Dirt to Snow Without Static AC" HashKey="084747080808084708">
    <MapTiles>
      <MapTile TileID="282" AltIDMod="0" />
    </MapTiles>
    <StaticTiles />
  </TransInfo>
  <TransInfo Description="Small Dirt to Snow Without Static AC" HashKey="084747470808084708">
    <MapTiles>
      <MapTile TileID="282" AltIDMod="0" />
    </MapTiles>
    <StaticTiles />
  </TransInfo>
  <TransInfo Description="Small Dirt to Snow Without Static AC" HashKey="084747080808474708">
    <MapTiles>
      <MapTile TileID="282" AltIDMod="0" />
    </MapTiles>
    <StaticTiles />
  </TransInfo>
  <TransInfo Description="Small Dirt to Snow Without Static AC" HashKey="084747470808474708">
    <MapTiles>
      <MapTile TileID="282" AltIDMod="0" />
    </MapTiles>
    <StaticTiles />
  </TransInfo>
  <TransInfo Description="Small Dirt to Snow Without Static AC" HashKey="084747470808080847">
    <MapTiles>
      <MapTile TileID="282" AltIDMod="0" />
    </MapTiles>
    <StaticTiles />
  </TransInfo>
  <TransInfo Description="Small Dirt to Snow Without Static AC" HashKey="084747080808470847">
    <MapTiles>
      <MapTile TileID="282" AltIDMod="0" />
    </MapTiles>
    <StaticTiles />
  </TransInfo>
  <TransInfo Description="Small Dirt to Snow Without Static AC" HashKey="084747470808470847">
    <MapTiles>
      <MapTile TileID="282" AltIDMod="0" />
    </MapTiles>
    <StaticTiles />
  </TransInfo>
  <TransInfo Description="Small Dirt to Snow Without Static AC" HashKey="084747080808084747">
    <MapTiles>
      <MapTile TileID="282" AltIDMod="0" />
    </MapTiles>
    <StaticTiles />
  </TransInfo>
  <TransInfo Description="Small Dirt to Snow Without Static AC" HashKey="084747470808084747">
    <MapTiles>
      <MapTile TileID="282" AltIDMod="0" />
    </MapTiles>
    <StaticTiles />
  </TransInfo>
  <TransInfo Description="Small Dirt to Snow Without Static AC" HashKey="084747080808474747">
    <MapTiles>
      <MapTile TileID="282" AltIDMod="0" />
    </MapTiles>
    <StaticTiles />
  </TransInfo>
  <TransInfo Description="Small Dirt to Snow Without Static AC" HashKey="084747470808474747">
    <MapTiles>
      <MapTile TileID="282" AltIDMod="0" />
    </MapTiles>
    <StaticTiles />
  </TransInfo>
  <TransInfo Description="Small Dirt to Snow Without Static AC" HashKey="084747470847080808">
    <MapTiles>
      <MapTile TileID="282" AltIDMod="0" />
    </MapTiles>
    <StaticTiles />
  </TransInfo>
  <TransInfo Description="Small Dirt to Snow Without Static AC" HashKey="084747080847470808">
    <MapTiles>
      <MapTile TileID="282" AltIDMod="0" />
    </MapTiles>
    <StaticTiles />
  </TransInfo>
  <TransInfo Description="Small Dirt to Snow Without Static AC" HashKey="084747470847470808">
    <MapTiles>
      <MapTile TileID="282" AltIDMod="0" />
    </MapTiles>
    <StaticTiles />
  </TransInfo>
  <TransInfo Description="Small Dirt to Snow Without Static AC" HashKey="084747080847084708">
    <MapTiles>
      <MapTile TileID="282" AltIDMod="0" />
    </MapTiles>
    <StaticTiles />
  </TransInfo>
  <TransInfo Description="Small Dirt to Snow Without Static AC" HashKey="084747470847084708">
    <MapTiles>
      <MapTile TileID="282" AltIDMod="0" />
    </MapTiles>
    <StaticTiles />
  </TransInfo>
  <TransInfo Description="Small Dirt to Snow Without Static AC" HashKey="084747080847474708">
    <MapTiles>
      <MapTile TileID="282" AltIDMod="0" />
    </MapTiles>
    <StaticTiles />
  </TransInfo>
  <TransInfo Description="Small Dirt to Snow Without Static AC" HashKey="084747470847474708">
    <MapTiles>
      <MapTile TileID="282" AltIDMod="0" />
    </MapTiles>
    <StaticTiles />
  </TransInfo>
  <TransInfo Description="Small Dirt to Snow Without Static AC" HashKey="084747470847080847">
    <MapTiles>
      <MapTile TileID="282" AltIDMod="0" />
    </MapTiles>
    <StaticTiles />
  </TransInfo>
  <TransInfo Description="Small Dirt to Snow Without Static AC" HashKey="084747080847470847">
    <MapTiles>
      <MapTile TileID="282" AltIDMod="0" />
    </MapTiles>
    <StaticTiles />
  </TransInfo>
  <TransInfo Description="Small Dirt to Snow Without Static AC" HashKey="084747470847470847">
    <MapTiles>
      <MapTile TileID="282" AltIDMod="0" />
    </MapTiles>
    <StaticTiles />
  </TransInfo>
  <TransInfo Description="Small Dirt to Snow Without Static AC" HashKey="084747080847084747">
    <MapTiles>
      <MapTile TileID="282" AltIDMod="0" />
    </MapTiles>
    <StaticTiles />
  </TransInfo>
  <TransInfo Description="Small Dirt to Snow Without Static AC" HashKey="084747470847084747">
    <MapTiles>
      <MapTile TileID="282" AltIDMod="0" />
    </MapTiles>
    <StaticTiles />
  </TransInfo>
  <TransInfo Description="Small Dirt to Snow Without Static AC" HashKey="084747080847474747">
    <MapTiles>
      <MapTile TileID="282" AltIDMod="0" />
    </MapTiles>
    <StaticTiles />
  </TransInfo>
  <TransInfo Description="Small Dirt to Snow Without Static AC" HashKey="084747470847474747">
    <MapTiles>
      <MapTile TileID="282" AltIDMod="0" />
    </MapTiles>
    <StaticTiles />
  </TransInfo>
  <TransInfo Description="Small Dirt to Snow Without Static AC" HashKey="470808470847080808">
    <MapTiles>
      <MapTile TileID="282" AltIDMod="0" />
    </MapTiles>
    <StaticTiles />
  </TransInfo>
  <TransInfo Description="Small Dirt to Snow Without Static AC" HashKey="470808080847470808">
    <MapTiles>
      <MapTile TileID="282" AltIDMod="0" />
    </MapTiles>
    <StaticTiles />
  </TransInfo>
  <TransInfo Description="Small Dirt to Snow Without Static AC" HashKey="470808470847470808">
    <MapTiles>
      <MapTile TileID="282" AltIDMod="0" />
    </MapTiles>
    <StaticTiles />
  </TransInfo>
  <TransInfo Description="Small Dirt to Snow Without Static AC" HashKey="470808080847084708">
    <MapTiles>
      <MapTile TileID="282" AltIDMod="0" />
    </MapTiles>
    <StaticTiles />
  </TransInfo>
  <TransInfo Description="Small Dirt to Snow Without Static AC" HashKey="470808470847084708">
    <MapTiles>
      <MapTile TileID="282" AltIDMod="0" />
    </MapTiles>
    <StaticTiles />
  </TransInfo>
  <TransInfo Description="Small Dirt to Snow Without Static AC" HashKey="470808080847474708">
    <MapTiles>
      <MapTile TileID="282" AltIDMod="0" />
    </MapTiles>
    <StaticTiles />
  </TransInfo>
  <TransInfo Description="Small Dirt to Snow Without Static AC" HashKey="470808470847474708">
    <MapTiles>
      <MapTile TileID="282" AltIDMod="0" />
    </MapTiles>
    <StaticTiles />
  </TransInfo>
  <TransInfo Description="Small Dirt to Snow Without Static AC" HashKey="470808470847080847">
    <MapTiles>
      <MapTile TileID="282" AltIDMod="0" />
    </MapTiles>
    <StaticTiles />
  </TransInfo>
  <TransInfo Description="Small Dirt to Snow Without Static AC" HashKey="470808080847470847">
    <MapTiles>
      <MapTile TileID="282" AltIDMod="0" />
    </MapTiles>
    <StaticTiles />
  </TransInfo>
  <TransInfo Description="Small Dirt to Snow Without Static AC" HashKey="470808470847470847">
    <MapTiles>
      <MapTile TileID="282" AltIDMod="0" />
    </MapTiles>
    <StaticTiles />
  </TransInfo>
  <TransInfo Description="Small Dirt to Snow Without Static AC" HashKey="470808080847084747">
    <MapTiles>
      <MapTile TileID="282" AltIDMod="0" />
    </MapTiles>
    <StaticTiles />
  </TransInfo>
  <TransInfo Description="Small Dirt to Snow Without Static AC" HashKey="470808470847084747">
    <MapTiles>
      <MapTile TileID="282" AltIDMod="0" />
    </MapTiles>
    <StaticTiles />
  </TransInfo>
  <TransInfo Description="Small Dirt to Snow Without Static AC" HashKey="470808080847474747">
    <MapTiles>
      <MapTile TileID="282" AltIDMod="0" />
    </MapTiles>
    <StaticTiles />
  </TransInfo>
  <TransInfo Description="Small Dirt to Snow Without Static AC" HashKey="470808470847474747">
    <MapTiles>
      <MapTile TileID="282" AltIDMod="0" />
    </MapTiles>
    <StaticTiles />
  </TransInfo>
  <TransInfo Description="Small Dirt to Snow Without Static AC" HashKey="470847080808084708">
    <MapTiles>
      <MapTile TileID="282" AltIDMod="0" />
    </MapTiles>
    <StaticTiles />
  </TransInfo>
  <TransInfo Description="Small Dirt to Snow Without Static AC" HashKey="470847470808084708">
    <MapTiles>
      <MapTile TileID="282" AltIDMod="0" />
    </MapTiles>
    <StaticTiles />
  </TransInfo>
  <TransInfo Description="Small Dirt to Snow Without Static AC" HashKey="470847080808474708">
    <MapTiles>
      <MapTile TileID="282" AltIDMod="0" />
    </MapTiles>
    <StaticTiles />
  </TransInfo>
  <TransInfo Description="Small Dirt to Snow Without Static AC" HashKey="470847470808474708">
    <MapTiles>
      <MapTile TileID="282" AltIDMod="0" />
    </MapTiles>
    <StaticTiles />
  </TransInfo>
  <TransInfo Description="Small Dirt to Snow Without Static AC" HashKey="470847470808080847">
    <MapTiles>
      <MapTile TileID="282" AltIDMod="0" />
    </MapTiles>
    <StaticTiles />
  </TransInfo>
  <TransInfo Description="Small Dirt to Snow Without Static AC" HashKey="470847080808470847">
    <MapTiles>
      <MapTile TileID="282" AltIDMod="0" />
    </MapTiles>
    <StaticTiles />
  </TransInfo>
  <TransInfo Description="Small Dirt to Snow Without Static AC" HashKey="470847470808470847">
    <MapTiles>
      <MapTile TileID="282" AltIDMod="0" />
    </MapTiles>
    <StaticTiles />
  </TransInfo>
  <TransInfo Description="Small Dirt to Snow Without Static AC" HashKey="470847080808084747">
    <MapTiles>
      <MapTile TileID="282" AltIDMod="0" />
    </MapTiles>
    <StaticTiles />
  </TransInfo>
  <TransInfo Description="Small Dirt to Snow Without Static AC" HashKey="470847470808084747">
    <MapTiles>
      <MapTile TileID="282" AltIDMod="0" />
    </MapTiles>
    <StaticTiles />
  </TransInfo>
  <TransInfo Description="Small Dirt to Snow Without Static AC" HashKey="470847080808474747">
    <MapTiles>
      <MapTile TileID="282" AltIDMod="0" />
    </MapTiles>
    <StaticTiles />
  </TransInfo>
  <TransInfo Description="Small Dirt to Snow Without Static AC" HashKey="470847470808474747">
    <MapTiles>
      <MapTile TileID="282" AltIDMod="0" />
    </MapTiles>
    <StaticTiles />
  </TransInfo>
  <TransInfo Description="Small Dirt to Snow Without Static AC" HashKey="470847470847080808">
    <MapTiles>
      <MapTile TileID="282" AltIDMod="0" />
    </MapTiles>
    <StaticTiles />
  </TransInfo>
  <TransInfo Description="Small Dirt to Snow Without Static AC" HashKey="470847080847470808">
    <MapTiles>
      <MapTile TileID="282" AltIDMod="0" />
    </MapTiles>
    <StaticTiles />
  </TransInfo>
  <TransInfo Description="Small Dirt to Snow Without Static AC" HashKey="470847470847470808">
    <MapTiles>
      <MapTile TileID="282" AltIDMod="0" />
    </MapTiles>
    <StaticTiles />
  </TransInfo>
  <TransInfo Description="Small Dirt to Snow Without Static AC" HashKey="470847080847084708">
    <MapTiles>
      <MapTile TileID="282" AltIDMod="0" />
    </MapTiles>
    <StaticTiles />
  </TransInfo>
  <TransInfo Description="Small Dirt to Snow Without Static AC" HashKey="470847470847084708">
    <MapTiles>
      <MapTile TileID="282" AltIDMod="0" />
    </MapTiles>
    <StaticTiles />
  </TransInfo>
  <TransInfo Description="Small Dirt to Snow Without Static AC" HashKey="470847080847474708">
    <MapTiles>
      <MapTile TileID="282" AltIDMod="0" />
    </MapTiles>
    <StaticTiles />
  </TransInfo>
  <TransInfo Description="Small Dirt to Snow Without Static AC" HashKey="470847470847474708">
    <MapTiles>
      <MapTile TileID="282" AltIDMod="0" />
    </MapTiles>
    <StaticTiles />
  </TransInfo>
  <TransInfo Description="Small Dirt to Snow Without Static AC" HashKey="470847470847080847">
    <MapTiles>
      <MapTile TileID="282" AltIDMod="0" />
    </MapTiles>
    <StaticTiles />
  </TransInfo>
  <TransInfo Description="Small Dirt to Snow Without Static AC" HashKey="470847080847470847">
    <MapTiles>
      <MapTile TileID="282" AltIDMod="0" />
    </MapTiles>
    <StaticTiles />
  </TransInfo>
  <TransInfo Description="Small Dirt to Snow Without Static AC" HashKey="470847470847470847">
    <MapTiles>
      <MapTile TileID="282" AltIDMod="0" />
    </MapTiles>
    <StaticTiles />
  </TransInfo>
  <TransInfo Description="Small Dirt to Snow Without Static AC" HashKey="470847080847084747">
    <MapTiles>
      <MapTile TileID="282" AltIDMod="0" />
    </MapTiles>
    <StaticTiles />
  </TransInfo>
  <TransInfo Description="Small Dirt to Snow Without Static AC" HashKey="470847470847084747">
    <MapTiles>
      <MapTile TileID="282" AltIDMod="0" />
    </MapTiles>
    <StaticTiles />
  </TransInfo>
  <TransInfo Description="Small Dirt to Snow Without Static AC" HashKey="470847080847474747">
    <MapTiles>
      <MapTile TileID="282" AltIDMod="0" />
    </MapTiles>
    <StaticTiles />
  </TransInfo>
  <TransInfo Description="Small Dirt to Snow Without Static AC" HashKey="470847470847474747">
    <MapTiles>
      <MapTile TileID="282" AltIDMod="0" />
    </MapTiles>
    <StaticTiles />
  </TransInfo>
  <TransInfo Description="Small Dirt to Snow Without Static AC" HashKey="474708080808084708">
    <MapTiles>
      <MapTile TileID="282" AltIDMod="0" />
    </MapTiles>
    <StaticTiles />
  </TransInfo>
  <TransInfo Description="Small Dirt to Snow Without Static AC" HashKey="474708470808084708">
    <MapTiles>
      <MapTile TileID="282" AltIDMod="0" />
    </MapTiles>
    <StaticTiles />
  </TransInfo>
  <TransInfo Description="Small Dirt to Snow Without Static AC" HashKey="474708080808474708">
    <MapTiles>
      <MapTile TileID="282" AltIDMod="0" />
    </MapTiles>
    <StaticTiles />
  </TransInfo>
  <TransInfo Description="Small Dirt to Snow Without Static AC" HashKey="474708470808474708">
    <MapTiles>
      <MapTile TileID="282" AltIDMod="0" />
    </MapTiles>
    <StaticTiles />
  </TransInfo>
  <TransInfo Description="Small Dirt to Snow Without Static AC" HashKey="474708470808080847">
    <MapTiles>
      <MapTile TileID="282" AltIDMod="0" />
    </MapTiles>
    <StaticTiles />
  </TransInfo>
  <TransInfo Description="Small Dirt to Snow Without Static AC" HashKey="474708080808470847">
    <MapTiles>
      <MapTile TileID="282" AltIDMod="0" />
    </MapTiles>
    <StaticTiles />
  </TransInfo>
  <TransInfo Description="Small Dirt to Snow Without Static AC" HashKey="474708470808470847">
    <MapTiles>
      <MapTile TileID="282" AltIDMod="0" />
    </MapTiles>
    <StaticTiles />
  </TransInfo>
  <TransInfo Description="Small Dirt to Snow Without Static AC" HashKey="474708080808084747">
    <MapTiles>
      <MapTile TileID="282" AltIDMod="0" />
    </MapTiles>
    <StaticTiles />
  </TransInfo>
  <TransInfo Description="Small Dirt to Snow Without Static AC" HashKey="474708470808084747">
    <MapTiles>
      <MapTile TileID="282" AltIDMod="0" />
    </MapTiles>
    <StaticTiles />
  </TransInfo>
  <TransInfo Description="Small Dirt to Snow Without Static AC" HashKey="474708080808474747">
    <MapTiles>
      <MapTile TileID="282" AltIDMod="0" />
    </MapTiles>
    <StaticTiles />
  </TransInfo>
  <TransInfo Description="Small Dirt to Snow Without Static AC" HashKey="474708470808474747">
    <MapTiles>
      <MapTile TileID="282" AltIDMod="0" />
    </MapTiles>
    <StaticTiles />
  </TransInfo>
  <TransInfo Description="Small Dirt to Snow Without Static AC" HashKey="474708470847080808">
    <MapTiles>
      <MapTile TileID="282" AltIDMod="0" />
    </MapTiles>
    <StaticTiles />
  </TransInfo>
  <TransInfo Description="Small Dirt to Snow Without Static AC" HashKey="474708080847470808">
    <MapTiles>
      <MapTile TileID="282" AltIDMod="0" />
    </MapTiles>
    <StaticTiles />
  </TransInfo>
  <TransInfo Description="Small Dirt to Snow Without Static AC" HashKey="474708470847470808">
    <MapTiles>
      <MapTile TileID="282" AltIDMod="0" />
    </MapTiles>
    <StaticTiles />
  </TransInfo>
  <TransInfo Description="Small Dirt to Snow Without Static AC" HashKey="474708080847084708">
    <MapTiles>
      <MapTile TileID="282" AltIDMod="0" />
    </MapTiles>
    <StaticTiles />
  </TransInfo>
  <TransInfo Description="Small Dirt to Snow Without Static AC" HashKey="474708470847084708">
    <MapTiles>
      <MapTile TileID="282" AltIDMod="0" />
    </MapTiles>
    <StaticTiles />
  </TransInfo>
  <TransInfo Description="Small Dirt to Snow Without Static AC" HashKey="474708080847474708">
    <MapTiles>
      <MapTile TileID="282" AltIDMod="0" />
    </MapTiles>
    <StaticTiles />
  </TransInfo>
  <TransInfo Description="Small Dirt to Snow Without Static AC" HashKey="474708470847474708">
    <MapTiles>
      <MapTile TileID="282" AltIDMod="0" />
    </MapTiles>
    <StaticTiles />
  </TransInfo>
  <TransInfo Description="Small Dirt to Snow Without Static AC" HashKey="474708470847080847">
    <MapTiles>
      <MapTile TileID="282" AltIDMod="0" />
    </MapTiles>
    <StaticTiles />
  </TransInfo>
  <TransInfo Description="Small Dirt to Snow Without Static AC" HashKey="474708080847470847">
    <MapTiles>
      <MapTile TileID="282" AltIDMod="0" />
    </MapTiles>
    <StaticTiles />
  </TransInfo>
  <TransInfo Description="Small Dirt to Snow Without Static AC" HashKey="474708470847470847">
    <MapTiles>
      <MapTile TileID="282" AltIDMod="0" />
    </MapTiles>
    <StaticTiles />
  </TransInfo>
  <TransInfo Description="Small Dirt to Snow Without Static AC" HashKey="474708080847084747">
    <MapTiles>
      <MapTile TileID="282" AltIDMod="0" />
    </MapTiles>
    <StaticTiles />
  </TransInfo>
  <TransInfo Description="Small Dirt to Snow Without Static AC" HashKey="474708470847084747">
    <MapTiles>
      <MapTile TileID="282" AltIDMod="0" />
    </MapTiles>
    <StaticTiles />
  </TransInfo>
  <TransInfo Description="Small Dirt to Snow Without Static AC" HashKey="474708080847474747">
    <MapTiles>
      <MapTile TileID="282" AltIDMod="0" />
    </MapTiles>
    <StaticTiles />
  </TransInfo>
  <TransInfo Description="Small Dirt to Snow Without Static AC" HashKey="474708470847474747">
    <MapTiles>
      <MapTile TileID="282" AltIDMod="0" />
    </MapTiles>
    <StaticTiles />
  </TransInfo>
  <TransInfo Description="Small Dirt to Snow Without Static AC" HashKey="474747080808084708">
    <MapTiles>
      <MapTile TileID="282" AltIDMod="0" />
    </MapTiles>
    <StaticTiles />
  </TransInfo>
  <TransInfo Description="Small Dirt to Snow Without Static AC" HashKey="474747470808084708">
    <MapTiles>
      <MapTile TileID="282" AltIDMod="0" />
    </MapTiles>
    <StaticTiles />
  </TransInfo>
  <TransInfo Description="Small Dirt to Snow Without Static AC" HashKey="474747080808474708">
    <MapTiles>
      <MapTile TileID="282" AltIDMod="0" />
    </MapTiles>
    <StaticTiles />
  </TransInfo>
  <TransInfo Description="Small Dirt to Snow Without Static AC" HashKey="474747470808474708">
    <MapTiles>
      <MapTile TileID="282" AltIDMod="0" />
    </MapTiles>
    <StaticTiles />
  </TransInfo>
  <TransInfo Description="Small Dirt to Snow Without Static AC" HashKey="474747470808080847">
    <MapTiles>
      <MapTile TileID="282" AltIDMod="0" />
    </MapTiles>
    <StaticTiles />
  </TransInfo>
  <TransInfo Description="Small Dirt to Snow Without Static AC" HashKey="474747080808470847">
    <MapTiles>
      <MapTile TileID="282" AltIDMod="0" />
    </MapTiles>
    <StaticTiles />
  </TransInfo>
  <TransInfo Description="Small Dirt to Snow Without Static AC" HashKey="474747470808470847">
    <MapTiles>
      <MapTile TileID="282" AltIDMod="0" />
    </MapTiles>
    <StaticTiles />
  </TransInfo>
  <TransInfo Description="Small Dirt to Snow Without Static AC" HashKey="474747080808084747">
    <MapTiles>
      <MapTile TileID="282" AltIDMod="0" />
    </MapTiles>
    <StaticTiles />
  </TransInfo>
  <TransInfo Description="Small Dirt to Snow Without Static AC" HashKey="474747470808084747">
    <MapTiles>
      <MapTile TileID="282" AltIDMod="0" />
    </MapTiles>
    <StaticTiles />
  </TransInfo>
  <TransInfo Description="Small Dirt to Snow Without Static AC" HashKey="474747080808474747">
    <MapTiles>
      <MapTile TileID="282" AltIDMod="0" />
    </MapTiles>
    <StaticTiles />
  </TransInfo>
  <TransInfo Description="Small Dirt to Snow Without Static AC" HashKey="474747470808474747">
    <MapTiles>
      <MapTile TileID="282" AltIDMod="0" />
    </MapTiles>
    <StaticTiles />
  </TransInfo>
  <TransInfo Description="Small Dirt to Snow Without Static AC" HashKey="474747470847080808">
    <MapTiles>
      <MapTile TileID="282" AltIDMod="0" />
    </MapTiles>
    <StaticTiles />
  </TransInfo>
  <TransInfo Description="Small Dirt to Snow Without Static AC" HashKey="474747080847470808">
    <MapTiles>
      <MapTile TileID="282" AltIDMod="0" />
    </MapTiles>
    <StaticTiles />
  </TransInfo>
  <TransInfo Description="Small Dirt to Snow Without Static AC" HashKey="474747470847470808">
    <MapTiles>
      <MapTile TileID="282" AltIDMod="0" />
    </MapTiles>
    <StaticTiles />
  </TransInfo>
  <TransInfo Description="Small Dirt to Snow Without Static AC" HashKey="474747080847084708">
    <MapTiles>
      <MapTile TileID="282" AltIDMod="0" />
    </MapTiles>
    <StaticTiles />
  </TransInfo>
  <TransInfo Description="Small Dirt to Snow Without Static AC" HashKey="474747470847084708">
    <MapTiles>
      <MapTile TileID="282" AltIDMod="0" />
    </MapTiles>
    <StaticTiles />
  </TransInfo>
  <TransInfo Description="Small Dirt to Snow Without Static AC" HashKey="474747080847474708">
    <MapTiles>
      <MapTile TileID="282" AltIDMod="0" />
    </MapTiles>
    <StaticTiles />
  </TransInfo>
  <TransInfo Description="Small Dirt to Snow Without Static AC" HashKey="474747470847474708">
    <MapTiles>
      <MapTile TileID="282" AltIDMod="0" />
    </MapTiles>
    <StaticTiles />
  </TransInfo>
  <TransInfo Description="Small Dirt to Snow Without Static AC" HashKey="474747470847080847">
    <MapTiles>
      <MapTile TileID="282" AltIDMod="0" />
    </MapTiles>
    <StaticTiles />
  </TransInfo>
  <TransInfo Description="Small Dirt to Snow Without Static AC" HashKey="474747080847470847">
    <MapTiles>
      <MapTile TileID="282" AltIDMod="0" />
    </MapTiles>
    <StaticTiles />
  </TransInfo>
  <TransInfo Description="Small Dirt to Snow Without Static AC" HashKey="474747470847470847">
    <MapTiles>
      <MapTile TileID="282" AltIDMod="0" />
    </MapTiles>
    <StaticTiles />
  </TransInfo>
  <TransInfo Description="Small Dirt to Snow Without Static AC" HashKey="474747080847084747">
    <MapTiles>
      <MapTile TileID="282" AltIDMod="0" />
    </MapTiles>
    <StaticTiles />
  </TransInfo>
  <TransInfo Description="Small Dirt to Snow Without Static AC" HashKey="474747470847084747">
    <MapTiles>
      <MapTile TileID="282" AltIDMod="0" />
    </MapTiles>
    <StaticTiles />
  </TransInfo>
  <TransInfo Description="Small Dirt to Snow Without Static AC" HashKey="474747080847474747">
    <MapTiles>
      <MapTile TileID="282" AltIDMod="0" />
    </MapTiles>
    <StaticTiles />
  </TransInfo>
  <TransInfo Description="Small Dirt to Snow Without Static AC" HashKey="474747470847474747">
    <MapTiles>
      <MapTile TileID="282" AltIDMod="0" />
    </MapTiles>
    <StaticTiles />
  </TransInfo>
  <TransInfo Description="Small Dirt to Snow Without Static IWE" HashKey="470808080808080847">
    <MapTiles>
      <MapTile TileID="117" AltIDMod="0" />
    </MapTiles>
    <StaticTiles />
  </TransInfo>
  <TransInfo Description="Small Dirt to Snow Without Static INS" HashKey="080847080808470808">
    <MapTiles>
      <MapTile TileID="117" AltIDMod="0" />
    </MapTiles>
    <StaticTiles />
  </TransInfo>
</Trans>