﻿<?xml version="1.0" encoding="utf-8"?>
<Trans>
    <TransInfo Description="Small Dirt to Grass SN" HashKey="010101080808080808">
    <MapTiles>
      <MapTile TileID="139" AltIDMod="0" />
      <MapTile TileID="140" AltIDMod="0" />
    </MapTiles>
    <StaticTiles />
  </TransInfo>
  <TransInfo Description="Small Dirt to Grass SN" HashKey="080101080808080808">
    <MapTiles>
      <MapTile TileID="139" AltIDMod="0" />
      <MapTile TileID="140" AltIDMod="0" />
    </MapTiles>
    <StaticTiles />
  </TransInfo>
  <TransInfo Description="Small Dirt to Grass SN" HashKey="010108080808080808">
    <MapTiles>
      <MapTile TileID="139" AltIDMod="0" />
      <MapTile TileID="140" AltIDMod="0" />
    </MapTiles>
    <StaticTiles />
  </TransInfo>
  <TransInfo Description="Small Dirt to Grass SN" HashKey="080108080808080808">
    <MapTiles>
      <MapTile TileID="139" AltIDMod="0" />
      <MapTile TileID="140" AltIDMod="0" />
    </MapTiles>
    <StaticTiles />
  </TransInfo>
  <TransInfo Description="Small Dirt to Grass SN" HashKey="010801080808080808">
    <MapTiles>
      <MapTile TileID="139" AltIDMod="0" />
      <MapTile TileID="140" AltIDMod="0" />
    </MapTiles>
    <StaticTiles />
  </TransInfo>
  <TransInfo Description="Small Dirt to Grass EW" HashKey="010808010808010808">
    <MapTiles>
      <MapTile TileID="137" AltIDMod="0" />
      <MapTile TileID="138" AltIDMod="0" />
    </MapTiles>
    <StaticTiles />
  </TransInfo>
  <TransInfo Description="Small Dirt to Grass EW" HashKey="010808010808080808">
    <MapTiles>
      <MapTile TileID="137" AltIDMod="0" />
      <MapTile TileID="138" AltIDMod="0" />
    </MapTiles>
    <StaticTiles />
  </TransInfo>
  <TransInfo Description="Small Dirt to Grass EW" HashKey="080808010808010808">
    <MapTiles>
      <MapTile TileID="137" AltIDMod="0" />
      <MapTile TileID="138" AltIDMod="0" />
    </MapTiles>
    <StaticTiles />
  </TransInfo>
  <TransInfo Description="Small Dirt to Grass EW" HashKey="080808010808080808">
    <MapTiles>
      <MapTile TileID="137" AltIDMod="0" />
      <MapTile TileID="138" AltIDMod="0" />
    </MapTiles>
    <StaticTiles />
  </TransInfo>
  <TransInfo Description="Small Dirt to Grass EW" HashKey="010808080808010808">
    <MapTiles>
      <MapTile TileID="137" AltIDMod="0" />
      <MapTile TileID="138" AltIDMod="0" />
    </MapTiles>
    <StaticTiles />
  </TransInfo>
  <TransInfo Description="Small Dirt to Grass WE" HashKey="080801080801080801">
    <MapTiles>
      <MapTile TileID="135" AltIDMod="0" />
      <MapTile TileID="136" AltIDMod="0" />
    </MapTiles>
    <StaticTiles />
  </TransInfo>
  <TransInfo Description="Small Dirt to Grass WE" HashKey="080808080801080801">
    <MapTiles>
      <MapTile TileID="135" AltIDMod="0" />
      <MapTile TileID="136" AltIDMod="0" />
    </MapTiles>
    <StaticTiles />
  </TransInfo>
  <TransInfo Description="Small Dirt to Grass WE" HashKey="080801080801080808">
    <MapTiles>
      <MapTile TileID="135" AltIDMod="0" />
      <MapTile TileID="136" AltIDMod="0" />
    </MapTiles>
    <StaticTiles />
  </TransInfo>
  <TransInfo Description="Small Dirt to Grass WE" HashKey="080808080801080808">
    <MapTiles>
      <MapTile TileID="135" AltIDMod="0" />
      <MapTile TileID="136" AltIDMod="0" />
    </MapTiles>
    <StaticTiles />
  </TransInfo>
  <TransInfo Description="Small Dirt to Grass WE" HashKey="080801080808080801">
    <MapTiles>
      <MapTile TileID="135" AltIDMod="0" />
      <MapTile TileID="136" AltIDMod="0" />
    </MapTiles>
    <StaticTiles />
  </TransInfo>
  <TransInfo Description="Small Dirt to Grass NS" HashKey="080808080808010101">
    <MapTiles>
      <MapTile TileID="133" AltIDMod="0" />
      <MapTile TileID="134" AltIDMod="0" />
    </MapTiles>
    <StaticTiles />
  </TransInfo>
  <TransInfo Description="Small Dirt to Grass NS" HashKey="080808080808010108">
    <MapTiles>
      <MapTile TileID="133" AltIDMod="0" />
      <MapTile TileID="134" AltIDMod="0" />
    </MapTiles>
    <StaticTiles />
  </TransInfo>
  <TransInfo Description="Small Dirt to Grass NS" HashKey="080808080808080101">
    <MapTiles>
      <MapTile TileID="133" AltIDMod="0" />
      <MapTile TileID="134" AltIDMod="0" />
    </MapTiles>
    <StaticTiles />
  </TransInfo>
  <TransInfo Description="Small Dirt to Grass NS" HashKey="080808080808080108">
    <MapTiles>
      <MapTile TileID="133" AltIDMod="0" />
      <MapTile TileID="134" AltIDMod="0" />
    </MapTiles>
    <StaticTiles />
  </TransInfo>
  <TransInfo Description="Small Dirt to Grass NS" HashKey="080808080808010801">
    <MapTiles>
      <MapTile TileID="133" AltIDMod="0" />
      <MapTile TileID="134" AltIDMod="0" />
    </MapTiles>
    <StaticTiles />
  </TransInfo>
  <TransInfo Description="Small Dirt to Grass NWA" HashKey="080801080801010101">
    <MapTiles>
      <MapTile TileID="126" AltIDMod="0" />
    </MapTiles>
    <StaticTiles />
  </TransInfo>
  <TransInfo Description="Small Dirt to Grass NWA" HashKey="080808080801010101">
    <MapTiles>
      <MapTile TileID="126" AltIDMod="0" />
    </MapTiles>
    <StaticTiles />
  </TransInfo>
  <TransInfo Description="Small Dirt to Grass NWA" HashKey="080801080801080101">
    <MapTiles>
      <MapTile TileID="126" AltIDMod="0" />
    </MapTiles>
    <StaticTiles />
  </TransInfo>
  <TransInfo Description="Small Dirt to Grass NWA" HashKey="080808080801080101">
    <MapTiles>
      <MapTile TileID="126" AltIDMod="0" />
    </MapTiles>
    <StaticTiles />
  </TransInfo>
  <TransInfo Description="Small Dirt to Grass NWA" HashKey="080808080801080108">
    <MapTiles>
      <MapTile TileID="126" AltIDMod="0" />
    </MapTiles>
    <StaticTiles />
  </TransInfo>
  <TransInfo Description="Small Dirt to Grass NWA" HashKey="080801080808080101">
    <MapTiles>
      <MapTile TileID="126" AltIDMod="0" />
    </MapTiles>
    <StaticTiles />
  </TransInfo>
  <TransInfo Description="Small Dirt to Grass NWA" HashKey="080801080808010101">
    <MapTiles>
      <MapTile TileID="126" AltIDMod="0" />
    </MapTiles>
    <StaticTiles />
  </TransInfo>
  <TransInfo Description="Small Dirt to Grass NWA" HashKey="080801080808010108">
    <MapTiles>
      <MapTile TileID="126" AltIDMod="0" />
    </MapTiles>
    <StaticTiles />
  </TransInfo>
  <TransInfo Description="Small Dirt to Grass NWA" HashKey="080808080801010801">
    <MapTiles>
      <MapTile TileID="126" AltIDMod="0" />
    </MapTiles>
    <StaticTiles />
  </TransInfo>
  <TransInfo Description="Small Dirt to Grass NWA" HashKey="080801080801010801">
    <MapTiles>
      <MapTile TileID="126" AltIDMod="0" />
    </MapTiles>
    <StaticTiles />
  </TransInfo>
  <TransInfo Description="Small Dirt to Grass NWA" HashKey="080801080801010108">
    <MapTiles>
      <MapTile TileID="126" AltIDMod="0" />
    </MapTiles>
    <StaticTiles />
  </TransInfo>
  <TransInfo Description="Small Dirt to Grass NWA" HashKey="080801080801010808">
    <MapTiles>
      <MapTile TileID="126" AltIDMod="0" />
    </MapTiles>
    <StaticTiles />
  </TransInfo>
  <TransInfo Description="Small Dirt to Grass NWA" HashKey="080801080808080108">
    <MapTiles>
      <MapTile TileID="126" AltIDMod="0" />
    </MapTiles>
    <StaticTiles />
  </TransInfo>
  <TransInfo Description="Small Dirt to Grass NWA" HashKey="080808080801010808">
    <MapTiles>
      <MapTile TileID="126" AltIDMod="0" />
    </MapTiles>
    <StaticTiles />
  </TransInfo>
  <TransInfo Description="Small Dirt to Grass NWA" HashKey="080801080801080108">
    <MapTiles>
      <MapTile TileID="126" AltIDMod="0" />
    </MapTiles>
    <StaticTiles />
  </TransInfo>
  <TransInfo Description="Small Dirt to Grass NWA" HashKey="080801080808010801">
    <MapTiles>
      <MapTile TileID="126" AltIDMod="0" />
    </MapTiles>
    <StaticTiles />
  </TransInfo>
  <TransInfo Description="Small Dirt to Grass NWA" HashKey="080808080801010108">
    <MapTiles>
      <MapTile TileID="126" AltIDMod="0" />
    </MapTiles>
    <StaticTiles />
  </TransInfo>
  <TransInfo Description="Small Dirt to Grass SEA" HashKey="010101010808010808">
    <MapTiles>
      <MapTile TileID="125" AltIDMod="0" />
    </MapTiles>
    <StaticTiles />
  </TransInfo>
  <TransInfo Description="Small Dirt to Grass SEA" HashKey="010108010808010808">
    <MapTiles>
      <MapTile TileID="125" AltIDMod="0" />
    </MapTiles>
    <StaticTiles />
  </TransInfo>
  <TransInfo Description="Small Dirt to Grass SEA" HashKey="010101010808080808">
    <MapTiles>
      <MapTile TileID="125" AltIDMod="0" />
    </MapTiles>
    <StaticTiles />
  </TransInfo>
  <TransInfo Description="Small Dirt to Grass SEA" HashKey="010108010808080808">
    <MapTiles>
      <MapTile TileID="125" AltIDMod="0" />
    </MapTiles>
    <StaticTiles />
  </TransInfo>
  <TransInfo Description="Small Dirt to Grass SEA" HashKey="010801010808080808">
    <MapTiles>
      <MapTile TileID="125" AltIDMod="0" />
    </MapTiles>
    <StaticTiles />
  </TransInfo>
  <TransInfo Description="Small Dirt to Grass SEA" HashKey="010108080808010808">
    <MapTiles>
      <MapTile TileID="125" AltIDMod="0" />
    </MapTiles>
    <StaticTiles />
  </TransInfo>
  <TransInfo Description="Small Dirt to Grass SEA" HashKey="080101080808010808">
    <MapTiles>
      <MapTile TileID="125" AltIDMod="0" />
    </MapTiles>
    <StaticTiles />
  </TransInfo>
  <TransInfo Description="Small Dirt to Grass SEA" HashKey="010801080808010808">
    <MapTiles>
      <MapTile TileID="125" AltIDMod="0" />
    </MapTiles>
    <StaticTiles />
  </TransInfo>
  <TransInfo Description="Small Dirt to Grass SEA" HashKey="010101080808010808">
    <MapTiles>
      <MapTile TileID="125" AltIDMod="0" />
    </MapTiles>
    <StaticTiles />
  </TransInfo>
  <TransInfo Description="Small Dirt to Grass SEA" HashKey="080108010808080808">
    <MapTiles>
      <MapTile TileID="125" AltIDMod="0" />
    </MapTiles>
    <StaticTiles />
  </TransInfo>
  <TransInfo Description="Small Dirt to Grass SEA" HashKey="010801010808010808">
    <MapTiles>
      <MapTile TileID="125" AltIDMod="0" />
    </MapTiles>
    <StaticTiles />
  </TransInfo>
  <TransInfo Description="Small Dirt to Grass SEA" HashKey="080801010808010808">
    <MapTiles>
      <MapTile TileID="125" AltIDMod="0" />
    </MapTiles>
    <StaticTiles />
  </TransInfo>
  <TransInfo Description="Small Dirt to Grass SEA" HashKey="080101010808010808">
    <MapTiles>
      <MapTile TileID="125" AltIDMod="0" />
    </MapTiles>
    <StaticTiles />
  </TransInfo>
  <TransInfo Description="Small Dirt to Grass SEA" HashKey="080801010808080808">
    <MapTiles>
      <MapTile TileID="125" AltIDMod="0" />
    </MapTiles>
    <StaticTiles />
  </TransInfo>
  <TransInfo Description="Small Dirt to Grass SEA" HashKey="080108010808010808">
    <MapTiles>
      <MapTile TileID="125" AltIDMod="0" />
    </MapTiles>
    <StaticTiles />
  </TransInfo>
  <TransInfo Description="Small Dirt to Grass SEA" HashKey="080108080808010808">
    <MapTiles>
      <MapTile TileID="125" AltIDMod="0" />
    </MapTiles>
    <StaticTiles />
  </TransInfo>
  <TransInfo Description="Small Dirt to Grass SEA" HashKey="080101010808080808">
    <MapTiles>
      <MapTile TileID="125" AltIDMod="0" />
    </MapTiles>
    <StaticTiles />
  </TransInfo>
  <TransInfo Description="Small Dirt to Grass NEA" HashKey="010808010808010101">
    <MapTiles>
      <MapTile TileID="131" AltIDMod="0" />
    </MapTiles>
    <StaticTiles />
  </TransInfo>
  <TransInfo Description="Small Dirt to Grass NEA" HashKey="080808010808010101">
    <MapTiles>
      <MapTile TileID="131" AltIDMod="0" />
    </MapTiles>
    <StaticTiles />
  </TransInfo>
  <TransInfo Description="Small Dirt to Grass NEA" HashKey="010808010808010108">
    <MapTiles>
      <MapTile TileID="131" AltIDMod="0" />
    </MapTiles>
    <StaticTiles />
  </TransInfo>
  <TransInfo Description="Small Dirt to Grass NEA" HashKey="080808010808010108">
    <MapTiles>
      <MapTile TileID="131" AltIDMod="0" />
    </MapTiles>
    <StaticTiles />
  </TransInfo>
  <TransInfo Description="Small Dirt to Grass NEA" HashKey="080808010808080108">
    <MapTiles>
      <MapTile TileID="131" AltIDMod="0" />
    </MapTiles>
    <StaticTiles />
  </TransInfo>
  <TransInfo Description="Small Dirt to Grass NEA" HashKey="010808010808080801">
    <MapTiles>
      <MapTile TileID="131" AltIDMod="0" />
    </MapTiles>
    <StaticTiles />
  </TransInfo>
  <TransInfo Description="Small Dirt to Grass NEA" HashKey="010808080808010101">
    <MapTiles>
      <MapTile TileID="131" AltIDMod="0" />
    </MapTiles>
    <StaticTiles />
  </TransInfo>
  <TransInfo Description="Small Dirt to Grass NEA" HashKey="010808080808010108">
    <MapTiles>
      <MapTile TileID="131" AltIDMod="0" />
    </MapTiles>
    <StaticTiles />
  </TransInfo>
  <TransInfo Description="Small Dirt to Grass NEA" HashKey="010808080808080108">
    <MapTiles>
      <MapTile TileID="131" AltIDMod="0" />
    </MapTiles>
    <StaticTiles />
  </TransInfo>
  <TransInfo Description="Small Dirt to Grass NEA" HashKey="080808010808010801">
    <MapTiles>
      <MapTile TileID="131" AltIDMod="0" />
    </MapTiles>
    <StaticTiles />
  </TransInfo>
  <TransInfo Description="Small Dirt to Grass NEA" HashKey="010808010808010801">
    <MapTiles>
      <MapTile TileID="131" AltIDMod="0" />
    </MapTiles>
    <StaticTiles />
  </TransInfo>
  <TransInfo Description="Small Dirt to Grass NEA" HashKey="010808080808080101">
    <MapTiles>
      <MapTile TileID="131" AltIDMod="0" />
    </MapTiles>
    <StaticTiles />
  </TransInfo>
  <TransInfo Description="Small Dirt to Grass NEA" HashKey="010808010808080101">
    <MapTiles>
      <MapTile TileID="131" AltIDMod="0" />
    </MapTiles>
    <StaticTiles />
  </TransInfo>
  <TransInfo Description="Small Dirt to Grass NEA" HashKey="080808010808080101">
    <MapTiles>
      <MapTile TileID="131" AltIDMod="0" />
    </MapTiles>
    <StaticTiles />
  </TransInfo>
  <TransInfo Description="Small Dirt to Grass NEA" HashKey="080808010808080801">
    <MapTiles>
      <MapTile TileID="131" AltIDMod="0" />
    </MapTiles>
    <StaticTiles />
  </TransInfo>
  <TransInfo Description="Small Dirt to Grass NEA" HashKey="010808080808010801">
    <MapTiles>
      <MapTile TileID="131" AltIDMod="0" />
    </MapTiles>
    <StaticTiles />
  </TransInfo>
  <TransInfo Description="Small Dirt to Grass NEA" HashKey="010808010808080108">
    <MapTiles>
      <MapTile TileID="131" AltIDMod="0" />
    </MapTiles>
    <StaticTiles />
  </TransInfo>
  <TransInfo Description="Small Dirt to Grass SWA" HashKey="010101080801080801">
    <MapTiles>
      <MapTile TileID="130" AltIDMod="0" />
    </MapTiles>
    <StaticTiles />
  </TransInfo>
  <TransInfo Description="Small Dirt to Grass SWA" HashKey="010101080801080808">
    <MapTiles>
      <MapTile TileID="130" AltIDMod="0" />
    </MapTiles>
    <StaticTiles />
  </TransInfo>
  <TransInfo Description="Small Dirt to Grass SWA" HashKey="080101080801080801">
    <MapTiles>
      <MapTile TileID="130" AltIDMod="0" />
    </MapTiles>
    <StaticTiles />
  </TransInfo>
  <TransInfo Description="Small Dirt to Grass SWA" HashKey="080101080801080808">
    <MapTiles>
      <MapTile TileID="130" AltIDMod="0" />
    </MapTiles>
    <StaticTiles />
  </TransInfo>
  <TransInfo Description="Small Dirt to Grass SWA" HashKey="010808080801080801">
    <MapTiles>
      <MapTile TileID="130" AltIDMod="0" />
    </MapTiles>
    <StaticTiles />
  </TransInfo>
  <TransInfo Description="Small Dirt to Grass SWA" HashKey="010801080801080808">
    <MapTiles>
      <MapTile TileID="130" AltIDMod="0" />
    </MapTiles>
    <StaticTiles />
  </TransInfo>
  <TransInfo Description="Small Dirt to Grass SWA" HashKey="010801080801080801">
    <MapTiles>
      <MapTile TileID="130" AltIDMod="0" />
    </MapTiles>
    <StaticTiles />
  </TransInfo>
  <TransInfo Description="Small Dirt to Grass SWA" HashKey="010108080808080801">
    <MapTiles>
      <MapTile TileID="130" AltIDMod="0" />
    </MapTiles>
    <StaticTiles />
  </TransInfo>
  <TransInfo Description="Small Dirt to Grass SWA" HashKey="080108080808080801">
    <MapTiles>
      <MapTile TileID="130" AltIDMod="0" />
    </MapTiles>
    <StaticTiles />
  </TransInfo>
  <TransInfo Description="Small Dirt to Grass SWA" HashKey="010101080808080801">
    <MapTiles>
      <MapTile TileID="130" AltIDMod="0" />
    </MapTiles>
    <StaticTiles />
  </TransInfo>
  <TransInfo Description="Small Dirt to Grass SWA" HashKey="010108080801080808">
    <MapTiles>
      <MapTile TileID="130" AltIDMod="0" />
    </MapTiles>
    <StaticTiles />
  </TransInfo>
  <TransInfo Description="Small Dirt to Grass SWA" HashKey="080101080808080801">
    <MapTiles>
      <MapTile TileID="130" AltIDMod="0" />
    </MapTiles>
    <StaticTiles />
  </TransInfo>
  <TransInfo Description="Small Dirt to Grass SWA" HashKey="080108080801080808">
    <MapTiles>
      <MapTile TileID="130" AltIDMod="0" />
    </MapTiles>
    <StaticTiles />
  </TransInfo>
  <TransInfo Description="Small Dirt to Grass SWA" HashKey="010808080801080808">
    <MapTiles>
      <MapTile TileID="130" AltIDMod="0" />
    </MapTiles>
    <StaticTiles />
  </TransInfo>
  <TransInfo Description="Small Dirt to Grass SWA" HashKey="010801080808080801">
    <MapTiles>
      <MapTile TileID="130" AltIDMod="0" />
    </MapTiles>
    <StaticTiles />
  </TransInfo>
  <TransInfo Description="Small Dirt to Grass SWA" HashKey="080108080801080801">
    <MapTiles>
      <MapTile TileID="130" AltIDMod="0" />
    </MapTiles>
    <StaticTiles />
  </TransInfo>
  <TransInfo Description="Small Dirt to Grass SWA" HashKey="010108080801080801">
    <MapTiles>
      <MapTile TileID="130" AltIDMod="0" />
    </MapTiles>
    <StaticTiles />
  </TransInfo>
  <TransInfo Description="Small Dirt to Grass NWB" HashKey="010808080808080808">
    <MapTiles>
      <MapTile TileID="122" AltIDMod="0" />
    </MapTiles>
    <StaticTiles />
  </TransInfo>
  <TransInfo Description="Small Dirt to Grass SEB" HashKey="080808080808080801">
    <MapTiles>
      <MapTile TileID="121" AltIDMod="0" />
    </MapTiles>
    <StaticTiles />
  </TransInfo>
  <TransInfo Description="Small Dirt to Grass NEB" HashKey="080801080808080808">
    <MapTiles>
      <MapTile TileID="124" AltIDMod="0" />
    </MapTiles>
    <StaticTiles />
  </TransInfo>
  <TransInfo Description="Small Dirt to Grass SWB" HashKey="080808080808010808">
    <MapTiles>
      <MapTile TileID="123" AltIDMod="0" />
    </MapTiles>
    <StaticTiles />
  </TransInfo>
  <TransInfo Description="Small Dirt to Grass AC" HashKey="080808010801080808">
    <MapTiles>
      <MapTile TileID="3" AltIDMod="0" />
    </MapTiles>
    <StaticTiles />
  </TransInfo>
  <TransInfo Description="Small Dirt to Grass AC" HashKey="080808010801010808">
    <MapTiles>
      <MapTile TileID="3" AltIDMod="0" />
    </MapTiles>
    <StaticTiles />
  </TransInfo>
  <TransInfo Description="Small Dirt to Grass AC" HashKey="080808010801080108">
    <MapTiles>
      <MapTile TileID="3" AltIDMod="0" />
    </MapTiles>
    <StaticTiles />
  </TransInfo>
  <TransInfo Description="Small Dirt to Grass AC" HashKey="080808010801010108">
    <MapTiles>
      <MapTile TileID="3" AltIDMod="0" />
    </MapTiles>
    <StaticTiles />
  </TransInfo>
  <TransInfo Description="Small Dirt to Grass AC" HashKey="080808010801080801">
    <MapTiles>
      <MapTile TileID="3" AltIDMod="0" />
    </MapTiles>
    <StaticTiles />
  </TransInfo>
  <TransInfo Description="Small Dirt to Grass AC" HashKey="080808010801010801">
    <MapTiles>
      <MapTile TileID="3" AltIDMod="0" />
    </MapTiles>
    <StaticTiles />
  </TransInfo>
  <TransInfo Description="Small Dirt to Grass AC" HashKey="080808010801080101">
    <MapTiles>
      <MapTile TileID="3" AltIDMod="0" />
    </MapTiles>
    <StaticTiles />
  </TransInfo>
  <TransInfo Description="Small Dirt to Grass AC" HashKey="080808010801010101">
    <MapTiles>
      <MapTile TileID="3" AltIDMod="0" />
    </MapTiles>
    <StaticTiles />
  </TransInfo>
  <TransInfo Description="Small Dirt to Grass AC" HashKey="080801010808080108">
    <MapTiles>
      <MapTile TileID="3" AltIDMod="0" />
    </MapTiles>
    <StaticTiles />
  </TransInfo>
  <TransInfo Description="Small Dirt to Grass AC" HashKey="080801010808010108">
    <MapTiles>
      <MapTile TileID="3" AltIDMod="0" />
    </MapTiles>
    <StaticTiles />
  </TransInfo>
  <TransInfo Description="Small Dirt to Grass AC" HashKey="080801010808080801">
    <MapTiles>
      <MapTile TileID="3" AltIDMod="0" />
    </MapTiles>
    <StaticTiles />
  </TransInfo>
  <TransInfo Description="Small Dirt to Grass AC" HashKey="080801010808010801">
    <MapTiles>
      <MapTile TileID="3" AltIDMod="0" />
    </MapTiles>
    <StaticTiles />
  </TransInfo>
  <TransInfo Description="Small Dirt to Grass AC" HashKey="080801010808080101">
    <MapTiles>
      <MapTile TileID="3" AltIDMod="0" />
    </MapTiles>
    <StaticTiles />
  </TransInfo>
  <TransInfo Description="Small Dirt to Grass AC" HashKey="080801010808010101">
    <MapTiles>
      <MapTile TileID="3" AltIDMod="0" />
    </MapTiles>
    <StaticTiles />
  </TransInfo>
  <TransInfo Description="Small Dirt to Grass AC" HashKey="080801010801080808">
    <MapTiles>
      <MapTile TileID="3" AltIDMod="0" />
    </MapTiles>
    <StaticTiles />
  </TransInfo>
  <TransInfo Description="Small Dirt to Grass AC" HashKey="080801010801010808">
    <MapTiles>
      <MapTile TileID="3" AltIDMod="0" />
    </MapTiles>
    <StaticTiles />
  </TransInfo>
  <TransInfo Description="Small Dirt to Grass AC" HashKey="080801010801080108">
    <MapTiles>
      <MapTile TileID="3" AltIDMod="0" />
    </MapTiles>
    <StaticTiles />
  </TransInfo>
  <TransInfo Description="Small Dirt to Grass AC" HashKey="080801010801010108">
    <MapTiles>
      <MapTile TileID="3" AltIDMod="0" />
    </MapTiles>
    <StaticTiles />
  </TransInfo>
  <TransInfo Description="Small Dirt to Grass AC" HashKey="080801010801080801">
    <MapTiles>
      <MapTile TileID="3" AltIDMod="0" />
    </MapTiles>
    <StaticTiles />
  </TransInfo>
  <TransInfo Description="Small Dirt to Grass AC" HashKey="080801010801010801">
    <MapTiles>
      <MapTile TileID="3" AltIDMod="0" />
    </MapTiles>
    <StaticTiles />
  </TransInfo>
  <TransInfo Description="Small Dirt to Grass AC" HashKey="080801010801080101">
    <MapTiles>
      <MapTile TileID="3" AltIDMod="0" />
    </MapTiles>
    <StaticTiles />
  </TransInfo>
  <TransInfo Description="Small Dirt to Grass AC" HashKey="080801010801010101">
    <MapTiles>
      <MapTile TileID="3" AltIDMod="0" />
    </MapTiles>
    <StaticTiles />
  </TransInfo>
  <TransInfo Description="Small Dirt to Grass AC" HashKey="080108080808080108">
    <MapTiles>
      <MapTile TileID="3" AltIDMod="0" />
    </MapTiles>
    <StaticTiles />
  </TransInfo>
  <TransInfo Description="Small Dirt to Grass AC" HashKey="080108010808080108">
    <MapTiles>
      <MapTile TileID="3" AltIDMod="0" />
    </MapTiles>
    <StaticTiles />
  </TransInfo>
  <TransInfo Description="Small Dirt to Grass AC" HashKey="080108080808010108">
    <MapTiles>
      <MapTile TileID="3" AltIDMod="0" />
    </MapTiles>
    <StaticTiles />
  </TransInfo>
  <TransInfo Description="Small Dirt to Grass AC" HashKey="080108010808010108">
    <MapTiles>
      <MapTile TileID="3" AltIDMod="0" />
    </MapTiles>
    <StaticTiles />
  </TransInfo>
  <TransInfo Description="Small Dirt to Grass AC" HashKey="080108010808080801">
    <MapTiles>
      <MapTile TileID="3" AltIDMod="0" />
    </MapTiles>
    <StaticTiles />
  </TransInfo>
  <TransInfo Description="Small Dirt to Grass AC" HashKey="080108080808010801">
    <MapTiles>
      <MapTile TileID="3" AltIDMod="0" />
    </MapTiles>
    <StaticTiles />
  </TransInfo>
  <TransInfo Description="Small Dirt to Grass AC" HashKey="080108010808010801">
    <MapTiles>
      <MapTile TileID="3" AltIDMod="0" />
    </MapTiles>
    <StaticTiles />
  </TransInfo>
  <TransInfo Description="Small Dirt to Grass AC" HashKey="080108080808080101">
    <MapTiles>
      <MapTile TileID="3" AltIDMod="0" />
    </MapTiles>
    <StaticTiles />
  </TransInfo>
  <TransInfo Description="Small Dirt to Grass AC" HashKey="080108010808080101">
    <MapTiles>
      <MapTile TileID="3" AltIDMod="0" />
    </MapTiles>
    <StaticTiles />
  </TransInfo>
  <TransInfo Description="Small Dirt to Grass AC" HashKey="080108080808010101">
    <MapTiles>
      <MapTile TileID="3" AltIDMod="0" />
    </MapTiles>
    <StaticTiles />
  </TransInfo>
  <TransInfo Description="Small Dirt to Grass AC" HashKey="080108010808010101">
    <MapTiles>
      <MapTile TileID="3" AltIDMod="0" />
    </MapTiles>
    <StaticTiles />
  </TransInfo>
  <TransInfo Description="Small Dirt to Grass AC" HashKey="080108010801080808">
    <MapTiles>
      <MapTile TileID="3" AltIDMod="0" />
    </MapTiles>
    <StaticTiles />
  </TransInfo>
  <TransInfo Description="Small Dirt to Grass AC" HashKey="080108080801010808">
    <MapTiles>
      <MapTile TileID="3" AltIDMod="0" />
    </MapTiles>
    <StaticTiles />
  </TransInfo>
  <TransInfo Description="Small Dirt to Grass AC" HashKey="080108010801010808">
    <MapTiles>
      <MapTile TileID="3" AltIDMod="0" />
    </MapTiles>
    <StaticTiles />
  </TransInfo>
  <TransInfo Description="Small Dirt to Grass AC" HashKey="080108080801080108">
    <MapTiles>
      <MapTile TileID="3" AltIDMod="0" />
    </MapTiles>
    <StaticTiles />
  </TransInfo>
  <TransInfo Description="Small Dirt to Grass AC" HashKey="080108010801080108">
    <MapTiles>
      <MapTile TileID="3" AltIDMod="0" />
    </MapTiles>
    <StaticTiles />
  </TransInfo>
  <TransInfo Description="Small Dirt to Grass AC" HashKey="080108080801010108">
    <MapTiles>
      <MapTile TileID="3" AltIDMod="0" />
    </MapTiles>
    <StaticTiles />
  </TransInfo>
  <TransInfo Description="Small Dirt to Grass AC" HashKey="080108010801010108">
    <MapTiles>
      <MapTile TileID="3" AltIDMod="0" />
    </MapTiles>
    <StaticTiles />
  </TransInfo>
  <TransInfo Description="Small Dirt to Grass AC" HashKey="080108010801080801">
    <MapTiles>
      <MapTile TileID="3" AltIDMod="0" />
    </MapTiles>
    <StaticTiles />
  </TransInfo>
  <TransInfo Description="Small Dirt to Grass AC" HashKey="080108080801010801">
    <MapTiles>
      <MapTile TileID="3" AltIDMod="0" />
    </MapTiles>
    <StaticTiles />
  </TransInfo>
  <TransInfo Description="Small Dirt to Grass AC" HashKey="080108010801010801">
    <MapTiles>
      <MapTile TileID="3" AltIDMod="0" />
    </MapTiles>
    <StaticTiles />
  </TransInfo>
  <TransInfo Description="Small Dirt to Grass AC" HashKey="080108080801080101">
    <MapTiles>
      <MapTile TileID="3" AltIDMod="0" />
    </MapTiles>
    <StaticTiles />
  </TransInfo>
  <TransInfo Description="Small Dirt to Grass AC" HashKey="080108010801080101">
    <MapTiles>
      <MapTile TileID="3" AltIDMod="0" />
    </MapTiles>
    <StaticTiles />
  </TransInfo>
  <TransInfo Description="Small Dirt to Grass AC" HashKey="080108080801010101">
    <MapTiles>
      <MapTile TileID="3" AltIDMod="0" />
    </MapTiles>
    <StaticTiles />
  </TransInfo>
  <TransInfo Description="Small Dirt to Grass AC" HashKey="080108010801010101">
    <MapTiles>
      <MapTile TileID="3" AltIDMod="0" />
    </MapTiles>
    <StaticTiles />
  </TransInfo>
  <TransInfo Description="Small Dirt to Grass AC" HashKey="080101080808080108">
    <MapTiles>
      <MapTile TileID="3" AltIDMod="0" />
    </MapTiles>
    <StaticTiles />
  </TransInfo>
  <TransInfo Description="Small Dirt to Grass AC" HashKey="080101010808080108">
    <MapTiles>
      <MapTile TileID="3" AltIDMod="0" />
    </MapTiles>
    <StaticTiles />
  </TransInfo>
  <TransInfo Description="Small Dirt to Grass AC" HashKey="080101080808010108">
    <MapTiles>
      <MapTile TileID="3" AltIDMod="0" />
    </MapTiles>
    <StaticTiles />
  </TransInfo>
  <TransInfo Description="Small Dirt to Grass AC" HashKey="080101010808010108">
    <MapTiles>
      <MapTile TileID="3" AltIDMod="0" />
    </MapTiles>
    <StaticTiles />
  </TransInfo>
  <TransInfo Description="Small Dirt to Grass AC" HashKey="080101010808080801">
    <MapTiles>
      <MapTile TileID="3" AltIDMod="0" />
    </MapTiles>
    <StaticTiles />
  </TransInfo>
  <TransInfo Description="Small Dirt to Grass AC" HashKey="080101080808010801">
    <MapTiles>
      <MapTile TileID="3" AltIDMod="0" />
    </MapTiles>
    <StaticTiles />
  </TransInfo>
  <TransInfo Description="Small Dirt to Grass AC" HashKey="080101010808010801">
    <MapTiles>
      <MapTile TileID="3" AltIDMod="0" />
    </MapTiles>
    <StaticTiles />
  </TransInfo>
  <TransInfo Description="Small Dirt to Grass AC" HashKey="080101080808080101">
    <MapTiles>
      <MapTile TileID="3" AltIDMod="0" />
    </MapTiles>
    <StaticTiles />
  </TransInfo>
  <TransInfo Description="Small Dirt to Grass AC" HashKey="080101010808080101">
    <MapTiles>
      <MapTile TileID="3" AltIDMod="0" />
    </MapTiles>
    <StaticTiles />
  </TransInfo>
  <TransInfo Description="Small Dirt to Grass AC" HashKey="080101080808010101">
    <MapTiles>
      <MapTile TileID="3" AltIDMod="0" />
    </MapTiles>
    <StaticTiles />
  </TransInfo>
  <TransInfo Description="Small Dirt to Grass AC" HashKey="080101010808010101">
    <MapTiles>
      <MapTile TileID="3" AltIDMod="0" />
    </MapTiles>
    <StaticTiles />
  </TransInfo>
  <TransInfo Description="Small Dirt to Grass AC" HashKey="080101010801080808">
    <MapTiles>
      <MapTile TileID="3" AltIDMod="0" />
    </MapTiles>
    <StaticTiles />
  </TransInfo>
  <TransInfo Description="Small Dirt to Grass AC" HashKey="080101080801010808">
    <MapTiles>
      <MapTile TileID="3" AltIDMod="0" />
    </MapTiles>
    <StaticTiles />
  </TransInfo>
  <TransInfo Description="Small Dirt to Grass AC" HashKey="080101010801010808">
    <MapTiles>
      <MapTile TileID="3" AltIDMod="0" />
    </MapTiles>
    <StaticTiles />
  </TransInfo>
  <TransInfo Description="Small Dirt to Grass AC" HashKey="080101080801080108">
    <MapTiles>
      <MapTile TileID="3" AltIDMod="0" />
    </MapTiles>
    <StaticTiles />
  </TransInfo>
  <TransInfo Description="Small Dirt to Grass AC" HashKey="080101010801080108">
    <MapTiles>
      <MapTile TileID="3" AltIDMod="0" />
    </MapTiles>
    <StaticTiles />
  </TransInfo>
  <TransInfo Description="Small Dirt to Grass AC" HashKey="080101080801010108">
    <MapTiles>
      <MapTile TileID="3" AltIDMod="0" />
    </MapTiles>
    <StaticTiles />
  </TransInfo>
  <TransInfo Description="Small Dirt to Grass AC" HashKey="080101010801010108">
    <MapTiles>
      <MapTile TileID="3" AltIDMod="0" />
    </MapTiles>
    <StaticTiles />
  </TransInfo>
  <TransInfo Description="Small Dirt to Grass AC" HashKey="080101010801080801">
    <MapTiles>
      <MapTile TileID="3" AltIDMod="0" />
    </MapTiles>
    <StaticTiles />
  </TransInfo>
  <TransInfo Description="Small Dirt to Grass AC" HashKey="080101080801010801">
    <MapTiles>
      <MapTile TileID="3" AltIDMod="0" />
    </MapTiles>
    <StaticTiles />
  </TransInfo>
  <TransInfo Description="Small Dirt to Grass AC" HashKey="080101010801010801">
    <MapTiles>
      <MapTile TileID="3" AltIDMod="0" />
    </MapTiles>
    <StaticTiles />
  </TransInfo>
  <TransInfo Description="Small Dirt to Grass AC" HashKey="080101080801080101">
    <MapTiles>
      <MapTile TileID="3" AltIDMod="0" />
    </MapTiles>
    <StaticTiles />
  </TransInfo>
  <TransInfo Description="Small Dirt to Grass AC" HashKey="080101010801080101">
    <MapTiles>
      <MapTile TileID="3" AltIDMod="0" />
    </MapTiles>
    <StaticTiles />
  </TransInfo>
  <TransInfo Description="Small Dirt to Grass AC" HashKey="080101080801010101">
    <MapTiles>
      <MapTile TileID="3" AltIDMod="0" />
    </MapTiles>
    <StaticTiles />
  </TransInfo>
  <TransInfo Description="Small Dirt to Grass AC" HashKey="080101010801010101">
    <MapTiles>
      <MapTile TileID="3" AltIDMod="0" />
    </MapTiles>
    <StaticTiles />
  </TransInfo>
  <TransInfo Description="Small Dirt to Grass AC" HashKey="010808010801080808">
    <MapTiles>
      <MapTile TileID="3" AltIDMod="0" />
    </MapTiles>
    <StaticTiles />
  </TransInfo>
  <TransInfo Description="Small Dirt to Grass AC" HashKey="010808080801010808">
    <MapTiles>
      <MapTile TileID="3" AltIDMod="0" />
    </MapTiles>
    <StaticTiles />
  </TransInfo>
  <TransInfo Description="Small Dirt to Grass AC" HashKey="010808010801010808">
    <MapTiles>
      <MapTile TileID="3" AltIDMod="0" />
    </MapTiles>
    <StaticTiles />
  </TransInfo>
  <TransInfo Description="Small Dirt to Grass AC" HashKey="010808080801080108">
    <MapTiles>
      <MapTile TileID="3" AltIDMod="0" />
    </MapTiles>
    <StaticTiles />
  </TransInfo>
  <TransInfo Description="Small Dirt to Grass AC" HashKey="010808010801080108">
    <MapTiles>
      <MapTile TileID="3" AltIDMod="0" />
    </MapTiles>
    <StaticTiles />
  </TransInfo>
  <TransInfo Description="Small Dirt to Grass AC" HashKey="010808080801010108">
    <MapTiles>
      <MapTile TileID="3" AltIDMod="0" />
    </MapTiles>
    <StaticTiles />
  </TransInfo>
  <TransInfo Description="Small Dirt to Grass AC" HashKey="010808010801010108">
    <MapTiles>
      <MapTile TileID="3" AltIDMod="0" />
    </MapTiles>
    <StaticTiles />
  </TransInfo>
  <TransInfo Description="Small Dirt to Grass AC" HashKey="010808010801080801">
    <MapTiles>
      <MapTile TileID="3" AltIDMod="0" />
    </MapTiles>
    <StaticTiles />
  </TransInfo>
  <TransInfo Description="Small Dirt to Grass AC" HashKey="010808080801010801">
    <MapTiles>
      <MapTile TileID="3" AltIDMod="0" />
    </MapTiles>
    <StaticTiles />
  </TransInfo>
  <TransInfo Description="Small Dirt to Grass AC" HashKey="010808010801010801">
    <MapTiles>
      <MapTile TileID="3" AltIDMod="0" />
    </MapTiles>
    <StaticTiles />
  </TransInfo>
  <TransInfo Description="Small Dirt to Grass AC" HashKey="010808080801080101">
    <MapTiles>
      <MapTile TileID="3" AltIDMod="0" />
    </MapTiles>
    <StaticTiles />
  </TransInfo>
  <TransInfo Description="Small Dirt to Grass AC" HashKey="010808010801080101">
    <MapTiles>
      <MapTile TileID="3" AltIDMod="0" />
    </MapTiles>
    <StaticTiles />
  </TransInfo>
  <TransInfo Description="Small Dirt to Grass AC" HashKey="010808080801010101">
    <MapTiles>
      <MapTile TileID="3" AltIDMod="0" />
    </MapTiles>
    <StaticTiles />
  </TransInfo>
  <TransInfo Description="Small Dirt to Grass AC" HashKey="010808010801010101">
    <MapTiles>
      <MapTile TileID="3" AltIDMod="0" />
    </MapTiles>
    <StaticTiles />
  </TransInfo>
  <TransInfo Description="Small Dirt to Grass AC" HashKey="010801080808080108">
    <MapTiles>
      <MapTile TileID="3" AltIDMod="0" />
    </MapTiles>
    <StaticTiles />
  </TransInfo>
  <TransInfo Description="Small Dirt to Grass AC" HashKey="010801010808080108">
    <MapTiles>
      <MapTile TileID="3" AltIDMod="0" />
    </MapTiles>
    <StaticTiles />
  </TransInfo>
  <TransInfo Description="Small Dirt to Grass AC" HashKey="010801080808010108">
    <MapTiles>
      <MapTile TileID="3" AltIDMod="0" />
    </MapTiles>
    <StaticTiles />
  </TransInfo>
  <TransInfo Description="Small Dirt to Grass AC" HashKey="010801010808010108">
    <MapTiles>
      <MapTile TileID="3" AltIDMod="0" />
    </MapTiles>
    <StaticTiles />
  </TransInfo>
  <TransInfo Description="Small Dirt to Grass AC" HashKey="010801010808080801">
    <MapTiles>
      <MapTile TileID="3" AltIDMod="0" />
    </MapTiles>
    <StaticTiles />
  </TransInfo>
  <TransInfo Description="Small Dirt to Grass AC" HashKey="010801080808010801">
    <MapTiles>
      <MapTile TileID="3" AltIDMod="0" />
    </MapTiles>
    <StaticTiles />
  </TransInfo>
  <TransInfo Description="Small Dirt to Grass AC" HashKey="010801010808010801">
    <MapTiles>
      <MapTile TileID="3" AltIDMod="0" />
    </MapTiles>
    <StaticTiles />
  </TransInfo>
  <TransInfo Description="Small Dirt to Grass AC" HashKey="010801080808080101">
    <MapTiles>
      <MapTile TileID="3" AltIDMod="0" />
    </MapTiles>
    <StaticTiles />
  </TransInfo>
  <TransInfo Description="Small Dirt to Grass AC" HashKey="010801010808080101">
    <MapTiles>
      <MapTile TileID="3" AltIDMod="0" />
    </MapTiles>
    <StaticTiles />
  </TransInfo>
  <TransInfo Description="Small Dirt to Grass AC" HashKey="010801080808010101">
    <MapTiles>
      <MapTile TileID="3" AltIDMod="0" />
    </MapTiles>
    <StaticTiles />
  </TransInfo>
  <TransInfo Description="Small Dirt to Grass AC" HashKey="010801010808010101">
    <MapTiles>
      <MapTile TileID="3" AltIDMod="0" />
    </MapTiles>
    <StaticTiles />
  </TransInfo>
  <TransInfo Description="Small Dirt to Grass AC" HashKey="010801010801080808">
    <MapTiles>
      <MapTile TileID="3" AltIDMod="0" />
    </MapTiles>
    <StaticTiles />
  </TransInfo>
  <TransInfo Description="Small Dirt to Grass AC" HashKey="010801080801010808">
    <MapTiles>
      <MapTile TileID="3" AltIDMod="0" />
    </MapTiles>
    <StaticTiles />
  </TransInfo>
  <TransInfo Description="Small Dirt to Grass AC" HashKey="010801010801010808">
    <MapTiles>
      <MapTile TileID="3" AltIDMod="0" />
    </MapTiles>
    <StaticTiles />
  </TransInfo>
  <TransInfo Description="Small Dirt to Grass AC" HashKey="010801080801080108">
    <MapTiles>
      <MapTile TileID="3" AltIDMod="0" />
    </MapTiles>
    <StaticTiles />
  </TransInfo>
  <TransInfo Description="Small Dirt to Grass AC" HashKey="010801010801080108">
    <MapTiles>
      <MapTile TileID="3" AltIDMod="0" />
    </MapTiles>
    <StaticTiles />
  </TransInfo>
  <TransInfo Description="Small Dirt to Grass AC" HashKey="010801080801010108">
    <MapTiles>
      <MapTile TileID="3" AltIDMod="0" />
    </MapTiles>
    <StaticTiles />
  </TransInfo>
  <TransInfo Description="Small Dirt to Grass AC" HashKey="010801010801010108">
    <MapTiles>
      <MapTile TileID="3" AltIDMod="0" />
    </MapTiles>
    <StaticTiles />
  </TransInfo>
  <TransInfo Description="Small Dirt to Grass AC" HashKey="010801010801080801">
    <MapTiles>
      <MapTile TileID="3" AltIDMod="0" />
    </MapTiles>
    <StaticTiles />
  </TransInfo>
  <TransInfo Description="Small Dirt to Grass AC" HashKey="010801080801010801">
    <MapTiles>
      <MapTile TileID="3" AltIDMod="0" />
    </MapTiles>
    <StaticTiles />
  </TransInfo>
  <TransInfo Description="Small Dirt to Grass AC" HashKey="010801010801010801">
    <MapTiles>
      <MapTile TileID="3" AltIDMod="0" />
    </MapTiles>
    <StaticTiles />
  </TransInfo>
  <TransInfo Description="Small Dirt to Grass AC" HashKey="010801080801080101">
    <MapTiles>
      <MapTile TileID="3" AltIDMod="0" />
    </MapTiles>
    <StaticTiles />
  </TransInfo>
  <TransInfo Description="Small Dirt to Grass AC" HashKey="010801010801080101">
    <MapTiles>
      <MapTile TileID="3" AltIDMod="0" />
    </MapTiles>
    <StaticTiles />
  </TransInfo>
  <TransInfo Description="Small Dirt to Grass AC" HashKey="010801080801010101">
    <MapTiles>
      <MapTile TileID="3" AltIDMod="0" />
    </MapTiles>
    <StaticTiles />
  </TransInfo>
  <TransInfo Description="Small Dirt to Grass AC" HashKey="010801010801010101">
    <MapTiles>
      <MapTile TileID="3" AltIDMod="0" />
    </MapTiles>
    <StaticTiles />
  </TransInfo>
  <TransInfo Description="Small Dirt to Grass AC" HashKey="010108080808080108">
    <MapTiles>
      <MapTile TileID="3" AltIDMod="0" />
    </MapTiles>
    <StaticTiles />
  </TransInfo>
  <TransInfo Description="Small Dirt to Grass AC" HashKey="010108010808080108">
    <MapTiles>
      <MapTile TileID="3" AltIDMod="0" />
    </MapTiles>
    <StaticTiles />
  </TransInfo>
  <TransInfo Description="Small Dirt to Grass AC" HashKey="010108080808010108">
    <MapTiles>
      <MapTile TileID="3" AltIDMod="0" />
    </MapTiles>
    <StaticTiles />
  </TransInfo>
  <TransInfo Description="Small Dirt to Grass AC" HashKey="010108010808010108">
    <MapTiles>
      <MapTile TileID="3" AltIDMod="0" />
    </MapTiles>
    <StaticTiles />
  </TransInfo>
  <TransInfo Description="Small Dirt to Grass AC" HashKey="010108010808080801">
    <MapTiles>
      <MapTile TileID="3" AltIDMod="0" />
    </MapTiles>
    <StaticTiles />
  </TransInfo>
  <TransInfo Description="Small Dirt to Grass AC" HashKey="010108080808010801">
    <MapTiles>
      <MapTile TileID="3" AltIDMod="0" />
    </MapTiles>
    <StaticTiles />
  </TransInfo>
  <TransInfo Description="Small Dirt to Grass AC" HashKey="010108010808010801">
    <MapTiles>
      <MapTile TileID="3" AltIDMod="0" />
    </MapTiles>
    <StaticTiles />
  </TransInfo>
  <TransInfo Description="Small Dirt to Grass AC" HashKey="010108080808080101">
    <MapTiles>
      <MapTile TileID="3" AltIDMod="0" />
    </MapTiles>
    <StaticTiles />
  </TransInfo>
  <TransInfo Description="Small Dirt to Grass AC" HashKey="010108010808080101">
    <MapTiles>
      <MapTile TileID="3" AltIDMod="0" />
    </MapTiles>
    <StaticTiles />
  </TransInfo>
  <TransInfo Description="Small Dirt to Grass AC" HashKey="010108080808010101">
    <MapTiles>
      <MapTile TileID="3" AltIDMod="0" />
    </MapTiles>
    <StaticTiles />
  </TransInfo>
  <TransInfo Description="Small Dirt to Grass AC" HashKey="010108010808010101">
    <MapTiles>
      <MapTile TileID="3" AltIDMod="0" />
    </MapTiles>
    <StaticTiles />
  </TransInfo>
  <TransInfo Description="Small Dirt to Grass AC" HashKey="010108010801080808">
    <MapTiles>
      <MapTile TileID="3" AltIDMod="0" />
    </MapTiles>
    <StaticTiles />
  </TransInfo>
  <TransInfo Description="Small Dirt to Grass AC" HashKey="010108080801010808">
    <MapTiles>
      <MapTile TileID="3" AltIDMod="0" />
    </MapTiles>
    <StaticTiles />
  </TransInfo>
  <TransInfo Description="Small Dirt to Grass AC" HashKey="010108010801010808">
    <MapTiles>
      <MapTile TileID="3" AltIDMod="0" />
    </MapTiles>
    <StaticTiles />
  </TransInfo>
  <TransInfo Description="Small Dirt to Grass AC" HashKey="010108080801080108">
    <MapTiles>
      <MapTile TileID="3" AltIDMod="0" />
    </MapTiles>
    <StaticTiles />
  </TransInfo>
  <TransInfo Description="Small Dirt to Grass AC" HashKey="010108010801080108">
    <MapTiles>
      <MapTile TileID="3" AltIDMod="0" />
    </MapTiles>
    <StaticTiles />
  </TransInfo>
  <TransInfo Description="Small Dirt to Grass AC" HashKey="010108080801010108">
    <MapTiles>
      <MapTile TileID="3" AltIDMod="0" />
    </MapTiles>
    <StaticTiles />
  </TransInfo>
  <TransInfo Description="Small Dirt to Grass AC" HashKey="010108010801010108">
    <MapTiles>
      <MapTile TileID="3" AltIDMod="0" />
    </MapTiles>
    <StaticTiles />
  </TransInfo>
  <TransInfo Description="Small Dirt to Grass AC" HashKey="010108010801080801">
    <MapTiles>
      <MapTile TileID="3" AltIDMod="0" />
    </MapTiles>
    <StaticTiles />
  </TransInfo>
  <TransInfo Description="Small Dirt to Grass AC" HashKey="010108080801010801">
    <MapTiles>
      <MapTile TileID="3" AltIDMod="0" />
    </MapTiles>
    <StaticTiles />
  </TransInfo>
  <TransInfo Description="Small Dirt to Grass AC" HashKey="010108010801010801">
    <MapTiles>
      <MapTile TileID="3" AltIDMod="0" />
    </MapTiles>
    <StaticTiles />
  </TransInfo>
  <TransInfo Description="Small Dirt to Grass AC" HashKey="010108080801080101">
    <MapTiles>
      <MapTile TileID="3" AltIDMod="0" />
    </MapTiles>
    <StaticTiles />
  </TransInfo>
  <TransInfo Description="Small Dirt to Grass AC" HashKey="010108010801080101">
    <MapTiles>
      <MapTile TileID="3" AltIDMod="0" />
    </MapTiles>
    <StaticTiles />
  </TransInfo>
  <TransInfo Description="Small Dirt to Grass AC" HashKey="010108080801010101">
    <MapTiles>
      <MapTile TileID="3" AltIDMod="0" />
    </MapTiles>
    <StaticTiles />
  </TransInfo>
  <TransInfo Description="Small Dirt to Grass AC" HashKey="010108010801010101">
    <MapTiles>
      <MapTile TileID="3" AltIDMod="0" />
    </MapTiles>
    <StaticTiles />
  </TransInfo>
  <TransInfo Description="Small Dirt to Grass AC" HashKey="010101080808080108">
    <MapTiles>
      <MapTile TileID="3" AltIDMod="0" />
    </MapTiles>
    <StaticTiles />
  </TransInfo>
  <TransInfo Description="Small Dirt to Grass AC" HashKey="010101010808080108">
    <MapTiles>
      <MapTile TileID="3" AltIDMod="0" />
    </MapTiles>
    <StaticTiles />
  </TransInfo>
  <TransInfo Description="Small Dirt to Grass AC" HashKey="010101080808010108">
    <MapTiles>
      <MapTile TileID="3" AltIDMod="0" />
    </MapTiles>
    <StaticTiles />
  </TransInfo>
  <TransInfo Description="Small Dirt to Grass AC" HashKey="010101010808010108">
    <MapTiles>
      <MapTile TileID="3" AltIDMod="0" />
    </MapTiles>
    <StaticTiles />
  </TransInfo>
  <TransInfo Description="Small Dirt to Grass AC" HashKey="010101010808080801">
    <MapTiles>
      <MapTile TileID="3" AltIDMod="0" />
    </MapTiles>
    <StaticTiles />
  </TransInfo>
  <TransInfo Description="Small Dirt to Grass AC" HashKey="010101080808010801">
    <MapTiles>
      <MapTile TileID="3" AltIDMod="0" />
    </MapTiles>
    <StaticTiles />
  </TransInfo>
  <TransInfo Description="Small Dirt to Grass AC" HashKey="010101010808010801">
    <MapTiles>
      <MapTile TileID="3" AltIDMod="0" />
    </MapTiles>
    <StaticTiles />
  </TransInfo>
  <TransInfo Description="Small Dirt to Grass AC" HashKey="010101080808080101">
    <MapTiles>
      <MapTile TileID="3" AltIDMod="0" />
    </MapTiles>
    <StaticTiles />
  </TransInfo>
  <TransInfo Description="Small Dirt to Grass AC" HashKey="010101010808080101">
    <MapTiles>
      <MapTile TileID="3" AltIDMod="0" />
    </MapTiles>
    <StaticTiles />
  </TransInfo>
  <TransInfo Description="Small Dirt to Grass AC" HashKey="010101080808010101">
    <MapTiles>
      <MapTile TileID="3" AltIDMod="0" />
    </MapTiles>
    <StaticTiles />
  </TransInfo>
  <TransInfo Description="Small Dirt to Grass AC" HashKey="010101010808010101">
    <MapTiles>
      <MapTile TileID="3" AltIDMod="0" />
    </MapTiles>
    <StaticTiles />
  </TransInfo>
  <TransInfo Description="Small Dirt to Grass AC" HashKey="010101010801080808">
    <MapTiles>
      <MapTile TileID="3" AltIDMod="0" />
    </MapTiles>
    <StaticTiles />
  </TransInfo>
  <TransInfo Description="Small Dirt to Grass AC" HashKey="010101080801010808">
    <MapTiles>
      <MapTile TileID="3" AltIDMod="0" />
    </MapTiles>
    <StaticTiles />
  </TransInfo>
  <TransInfo Description="Small Dirt to Grass AC" HashKey="010101010801010808">
    <MapTiles>
      <MapTile TileID="3" AltIDMod="0" />
    </MapTiles>
    <StaticTiles />
  </TransInfo>
  <TransInfo Description="Small Dirt to Grass AC" HashKey="010101080801080108">
    <MapTiles>
      <MapTile TileID="3" AltIDMod="0" />
    </MapTiles>
    <StaticTiles />
  </TransInfo>
  <TransInfo Description="Small Dirt to Grass AC" HashKey="010101010801080108">
    <MapTiles>
      <MapTile TileID="3" AltIDMod="0" />
    </MapTiles>
    <StaticTiles />
  </TransInfo>
  <TransInfo Description="Small Dirt to Grass AC" HashKey="010101080801010108">
    <MapTiles>
      <MapTile TileID="3" AltIDMod="0" />
    </MapTiles>
    <StaticTiles />
  </TransInfo>
  <TransInfo Description="Small Dirt to Grass AC" HashKey="010101010801010108">
    <MapTiles>
      <MapTile TileID="3" AltIDMod="0" />
    </MapTiles>
    <StaticTiles />
  </TransInfo>
  <TransInfo Description="Small Dirt to Grass AC" HashKey="010101010801080801">
    <MapTiles>
      <MapTile TileID="3" AltIDMod="0" />
    </MapTiles>
    <StaticTiles />
  </TransInfo>
  <TransInfo Description="Small Dirt to Grass AC" HashKey="010101080801010801">
    <MapTiles>
      <MapTile TileID="3" AltIDMod="0" />
    </MapTiles>
    <StaticTiles />
  </TransInfo>
  <TransInfo Description="Small Dirt to Grass AC" HashKey="010101010801010801">
    <MapTiles>
      <MapTile TileID="3" AltIDMod="0" />
    </MapTiles>
    <StaticTiles />
  </TransInfo>
  <TransInfo Description="Small Dirt to Grass AC" HashKey="010101080801080101">
    <MapTiles>
      <MapTile TileID="3" AltIDMod="0" />
    </MapTiles>
    <StaticTiles />
  </TransInfo>
  <TransInfo Description="Small Dirt to Grass AC" HashKey="010101010801080101">
    <MapTiles>
      <MapTile TileID="3" AltIDMod="0" />
    </MapTiles>
    <StaticTiles />
  </TransInfo>
  <TransInfo Description="Small Dirt to Grass AC" HashKey="010101080801010101">
    <MapTiles>
      <MapTile TileID="3" AltIDMod="0" />
    </MapTiles>
    <StaticTiles />
  </TransInfo>
  <TransInfo Description="Small Dirt to Grass AC" HashKey="010101010801010101">
    <MapTiles>
      <MapTile TileID="3" AltIDMod="0" />
    </MapTiles>
    <StaticTiles />
  </TransInfo>
  <TransInfo Description="Small Dirt to Grass IWE" HashKey="010808080808080801">
    <MapTiles>
      <MapTile TileID="117" AltIDMod="0" />
    </MapTiles>
    <StaticTiles />
  </TransInfo>
  <TransInfo Description="Small Dirt to Grass INS" HashKey="080801080808010808">
    <MapTiles>
      <MapTile TileID="117" AltIDMod="0" />
    </MapTiles>
    <StaticTiles />
  </TransInfo>
</Trans>
