﻿<?xml version="1.0" encoding="utf-8"?>
<Trans>
    <TransInfo Description="Small Dirt to Grass Without Static SN" HashKey="3E3E3E080808080808">
    <MapTiles>
      <MapTile TileID="139" AltIDMod="0" />
      <MapTile TileID="140" AltIDMod="0" />
    </MapTiles>
    <StaticTiles />
  </TransInfo>
  <TransInfo Description="Small Dirt to Grass Without Static SN" HashKey="083E3E080808080808">
    <MapTiles>
      <MapTile TileID="139" AltIDMod="0" />
      <MapTile TileID="140" AltIDMod="0" />
    </MapTiles>
    <StaticTiles />
  </TransInfo>
  <TransInfo Description="Small Dirt to Grass Without Static SN" HashKey="3E3E08080808080808">
    <MapTiles>
      <MapTile TileID="139" AltIDMod="0" />
      <MapTile TileID="140" AltIDMod="0" />
    </MapTiles>
    <StaticTiles />
  </TransInfo>
  <TransInfo Description="Small Dirt to Grass Without Static SN" HashKey="083E08080808080808">
    <MapTiles>
      <MapTile TileID="139" AltIDMod="0" />
      <MapTile TileID="140" AltIDMod="0" />
    </MapTiles>
    <StaticTiles />
  </TransInfo>
  <TransInfo Description="Small Dirt to Grass Without Static SN" HashKey="3E083E080808080808">
    <MapTiles>
      <MapTile TileID="139" AltIDMod="0" />
      <MapTile TileID="140" AltIDMod="0" />
    </MapTiles>
    <StaticTiles />
  </TransInfo>
  <TransInfo Description="Small Dirt to Grass Without Static EW" HashKey="3E08083E08083E0808">
    <MapTiles>
      <MapTile TileID="137" AltIDMod="0" />
      <MapTile TileID="138" AltIDMod="0" />
    </MapTiles>
    <StaticTiles />
  </TransInfo>
  <TransInfo Description="Small Dirt to Grass Without Static EW" HashKey="3E08083E0808080808">
    <MapTiles>
      <MapTile TileID="137" AltIDMod="0" />
      <MapTile TileID="138" AltIDMod="0" />
    </MapTiles>
    <StaticTiles />
  </TransInfo>
  <TransInfo Description="Small Dirt to Grass Without Static EW" HashKey="0808083E08083E0808">
    <MapTiles>
      <MapTile TileID="137" AltIDMod="0" />
      <MapTile TileID="138" AltIDMod="0" />
    </MapTiles>
    <StaticTiles />
  </TransInfo>
  <TransInfo Description="Small Dirt to Grass Without Static EW" HashKey="0808083E0808080808">
    <MapTiles>
      <MapTile TileID="137" AltIDMod="0" />
      <MapTile TileID="138" AltIDMod="0" />
    </MapTiles>
    <StaticTiles />
  </TransInfo>
  <TransInfo Description="Small Dirt to Grass Without Static EW" HashKey="3E08080808083E0808">
    <MapTiles>
      <MapTile TileID="137" AltIDMod="0" />
      <MapTile TileID="138" AltIDMod="0" />
    </MapTiles>
    <StaticTiles />
  </TransInfo>
  <TransInfo Description="Small Dirt to Grass Without Static WE" HashKey="08083E08083E08083E">
    <MapTiles>
      <MapTile TileID="135" AltIDMod="0" />
      <MapTile TileID="136" AltIDMod="0" />
    </MapTiles>
    <StaticTiles />
  </TransInfo>
  <TransInfo Description="Small Dirt to Grass Without Static WE" HashKey="08080808083E08083E">
    <MapTiles>
      <MapTile TileID="135" AltIDMod="0" />
      <MapTile TileID="136" AltIDMod="0" />
    </MapTiles>
    <StaticTiles />
  </TransInfo>
  <TransInfo Description="Small Dirt to Grass Without Static WE" HashKey="08083E08083E080808">
    <MapTiles>
      <MapTile TileID="135" AltIDMod="0" />
      <MapTile TileID="136" AltIDMod="0" />
    </MapTiles>
    <StaticTiles />
  </TransInfo>
  <TransInfo Description="Small Dirt to Grass Without Static WE" HashKey="08080808083E080808">
    <MapTiles>
      <MapTile TileID="135" AltIDMod="0" />
      <MapTile TileID="136" AltIDMod="0" />
    </MapTiles>
    <StaticTiles />
  </TransInfo>
  <TransInfo Description="Small Dirt to Grass Without Static WE" HashKey="08083E08080808083E">
    <MapTiles>
      <MapTile TileID="135" AltIDMod="0" />
      <MapTile TileID="136" AltIDMod="0" />
    </MapTiles>
    <StaticTiles />
  </TransInfo>
  <TransInfo Description="Small Dirt to Grass Without Static NS" HashKey="0808080808083E3E3E">
    <MapTiles>
      <MapTile TileID="133" AltIDMod="0" />
      <MapTile TileID="134" AltIDMod="0" />
    </MapTiles>
    <StaticTiles />
  </TransInfo>
  <TransInfo Description="Small Dirt to Grass Without Static NS" HashKey="0808080808083E3E08">
    <MapTiles>
      <MapTile TileID="133" AltIDMod="0" />
      <MapTile TileID="134" AltIDMod="0" />
    </MapTiles>
    <StaticTiles />
  </TransInfo>
  <TransInfo Description="Small Dirt to Grass Without Static NS" HashKey="080808080808083E3E">
    <MapTiles>
      <MapTile TileID="133" AltIDMod="0" />
      <MapTile TileID="134" AltIDMod="0" />
    </MapTiles>
    <StaticTiles />
  </TransInfo>
  <TransInfo Description="Small Dirt to Grass Without Static NS" HashKey="080808080808083E08">
    <MapTiles>
      <MapTile TileID="133" AltIDMod="0" />
      <MapTile TileID="134" AltIDMod="0" />
    </MapTiles>
    <StaticTiles />
  </TransInfo>
  <TransInfo Description="Small Dirt to Grass Without Static NS" HashKey="0808080808083E083E">
    <MapTiles>
      <MapTile TileID="133" AltIDMod="0" />
      <MapTile TileID="134" AltIDMod="0" />
    </MapTiles>
    <StaticTiles />
  </TransInfo>
  <TransInfo Description="Small Dirt to Grass Without Static NWA" HashKey="08083E08083E3E3E3E">
    <MapTiles>
      <MapTile TileID="126" AltIDMod="0" />
    </MapTiles>
    <StaticTiles />
  </TransInfo>
  <TransInfo Description="Small Dirt to Grass Without Static NWA" HashKey="08080808083E3E3E3E">
    <MapTiles>
      <MapTile TileID="126" AltIDMod="0" />
    </MapTiles>
    <StaticTiles />
  </TransInfo>
  <TransInfo Description="Small Dirt to Grass Without Static NWA" HashKey="08083E08083E083E3E">
    <MapTiles>
      <MapTile TileID="126" AltIDMod="0" />
    </MapTiles>
    <StaticTiles />
  </TransInfo>
  <TransInfo Description="Small Dirt to Grass Without Static NWA" HashKey="08080808083E083E3E">
    <MapTiles>
      <MapTile TileID="126" AltIDMod="0" />
    </MapTiles>
    <StaticTiles />
  </TransInfo>
  <TransInfo Description="Small Dirt to Grass Without Static NWA" HashKey="08080808083E083E08">
    <MapTiles>
      <MapTile TileID="126" AltIDMod="0" />
    </MapTiles>
    <StaticTiles />
  </TransInfo>
  <TransInfo Description="Small Dirt to Grass Without Static NWA" HashKey="08083E080808083E3E">
    <MapTiles>
      <MapTile TileID="126" AltIDMod="0" />
    </MapTiles>
    <StaticTiles />
  </TransInfo>
  <TransInfo Description="Small Dirt to Grass Without Static NWA" HashKey="08083E0808083E3E3E">
    <MapTiles>
      <MapTile TileID="126" AltIDMod="0" />
    </MapTiles>
    <StaticTiles />
  </TransInfo>
  <TransInfo Description="Small Dirt to Grass Without Static NWA" HashKey="08083E0808083E3E08">
    <MapTiles>
      <MapTile TileID="126" AltIDMod="0" />
    </MapTiles>
    <StaticTiles />
  </TransInfo>
  <TransInfo Description="Small Dirt to Grass Without Static NWA" HashKey="08080808083E3E083E">
    <MapTiles>
      <MapTile TileID="126" AltIDMod="0" />
    </MapTiles>
    <StaticTiles />
  </TransInfo>
  <TransInfo Description="Small Dirt to Grass Without Static NWA" HashKey="08083E08083E3E083E">
    <MapTiles>
      <MapTile TileID="126" AltIDMod="0" />
    </MapTiles>
    <StaticTiles />
  </TransInfo>
  <TransInfo Description="Small Dirt to Grass Without Static NWA" HashKey="08083E08083E3E3E08">
    <MapTiles>
      <MapTile TileID="126" AltIDMod="0" />
    </MapTiles>
    <StaticTiles />
  </TransInfo>
  <TransInfo Description="Small Dirt to Grass Without Static NWA" HashKey="08083E08083E3E0808">
    <MapTiles>
      <MapTile TileID="126" AltIDMod="0" />
    </MapTiles>
    <StaticTiles />
  </TransInfo>
  <TransInfo Description="Small Dirt to Grass Without Static NWA" HashKey="08083E080808083E08">
    <MapTiles>
      <MapTile TileID="126" AltIDMod="0" />
    </MapTiles>
    <StaticTiles />
  </TransInfo>
  <TransInfo Description="Small Dirt to Grass Without Static NWA" HashKey="08080808083E3E0808">
    <MapTiles>
      <MapTile TileID="126" AltIDMod="0" />
    </MapTiles>
    <StaticTiles />
  </TransInfo>
  <TransInfo Description="Small Dirt to Grass Without Static NWA" HashKey="08083E08083E083E08">
    <MapTiles>
      <MapTile TileID="126" AltIDMod="0" />
    </MapTiles>
    <StaticTiles />
  </TransInfo>
  <TransInfo Description="Small Dirt to Grass Without Static NWA" HashKey="08083E0808083E083E">
    <MapTiles>
      <MapTile TileID="126" AltIDMod="0" />
    </MapTiles>
    <StaticTiles />
  </TransInfo>
  <TransInfo Description="Small Dirt to Grass Without Static NWA" HashKey="08080808083E3E3E08">
    <MapTiles>
      <MapTile TileID="126" AltIDMod="0" />
    </MapTiles>
    <StaticTiles />
  </TransInfo>
  <TransInfo Description="Small Dirt to Grass Without Static SEA" HashKey="3E3E3E3E08083E0808">
    <MapTiles>
      <MapTile TileID="125" AltIDMod="0" />
    </MapTiles>
    <StaticTiles />
  </TransInfo>
  <TransInfo Description="Small Dirt to Grass Without Static SEA" HashKey="3E3E083E08083E0808">
    <MapTiles>
      <MapTile TileID="125" AltIDMod="0" />
    </MapTiles>
    <StaticTiles />
  </TransInfo>
  <TransInfo Description="Small Dirt to Grass Without Static SEA" HashKey="3E3E3E3E0808080808">
    <MapTiles>
      <MapTile TileID="125" AltIDMod="0" />
    </MapTiles>
    <StaticTiles />
  </TransInfo>
  <TransInfo Description="Small Dirt to Grass Without Static SEA" HashKey="3E3E083E0808080808">
    <MapTiles>
      <MapTile TileID="125" AltIDMod="0" />
    </MapTiles>
    <StaticTiles />
  </TransInfo>
  <TransInfo Description="Small Dirt to Grass Without Static SEA" HashKey="3E083E3E0808080808">
    <MapTiles>
      <MapTile TileID="125" AltIDMod="0" />
    </MapTiles>
    <StaticTiles />
  </TransInfo>
  <TransInfo Description="Small Dirt to Grass Without Static SEA" HashKey="3E3E080808083E0808">
    <MapTiles>
      <MapTile TileID="125" AltIDMod="0" />
    </MapTiles>
    <StaticTiles />
  </TransInfo>
  <TransInfo Description="Small Dirt to Grass Without Static SEA" HashKey="083E3E0808083E0808">
    <MapTiles>
      <MapTile TileID="125" AltIDMod="0" />
    </MapTiles>
    <StaticTiles />
  </TransInfo>
  <TransInfo Description="Small Dirt to Grass Without Static SEA" HashKey="3E083E0808083E0808">
    <MapTiles>
      <MapTile TileID="125" AltIDMod="0" />
    </MapTiles>
    <StaticTiles />
  </TransInfo>
  <TransInfo Description="Small Dirt to Grass Without Static SEA" HashKey="3E3E3E0808083E0808">
    <MapTiles>
      <MapTile TileID="125" AltIDMod="0" />
    </MapTiles>
    <StaticTiles />
  </TransInfo>
  <TransInfo Description="Small Dirt to Grass Without Static SEA" HashKey="083E083E0808080808">
    <MapTiles>
      <MapTile TileID="125" AltIDMod="0" />
    </MapTiles>
    <StaticTiles />
  </TransInfo>
  <TransInfo Description="Small Dirt to Grass Without Static SEA" HashKey="3E083E3E08083E0808">
    <MapTiles>
      <MapTile TileID="125" AltIDMod="0" />
    </MapTiles>
    <StaticTiles />
  </TransInfo>
  <TransInfo Description="Small Dirt to Grass Without Static SEA" HashKey="08083E3E08083E0808">
    <MapTiles>
      <MapTile TileID="125" AltIDMod="0" />
    </MapTiles>
    <StaticTiles />
  </TransInfo>
  <TransInfo Description="Small Dirt to Grass Without Static SEA" HashKey="083E3E3E08083E0808">
    <MapTiles>
      <MapTile TileID="125" AltIDMod="0" />
    </MapTiles>
    <StaticTiles />
  </TransInfo>
  <TransInfo Description="Small Dirt to Grass Without Static SEA" HashKey="08083E3E0808080808">
    <MapTiles>
      <MapTile TileID="125" AltIDMod="0" />
    </MapTiles>
    <StaticTiles />
  </TransInfo>
  <TransInfo Description="Small Dirt to Grass Without Static SEA" HashKey="083E083E08083E0808">
    <MapTiles>
      <MapTile TileID="125" AltIDMod="0" />
    </MapTiles>
    <StaticTiles />
  </TransInfo>
  <TransInfo Description="Small Dirt to Grass Without Static SEA" HashKey="083E080808083E0808">
    <MapTiles>
      <MapTile TileID="125" AltIDMod="0" />
    </MapTiles>
    <StaticTiles />
  </TransInfo>
  <TransInfo Description="Small Dirt to Grass Without Static SEA" HashKey="083E3E3E0808080808">
    <MapTiles>
      <MapTile TileID="125" AltIDMod="0" />
    </MapTiles>
    <StaticTiles />
  </TransInfo>
  <TransInfo Description="Small Dirt to Grass Without Static NEA" HashKey="3E08083E08083E3E3E">
    <MapTiles>
      <MapTile TileID="131" AltIDMod="0" />
    </MapTiles>
    <StaticTiles />
  </TransInfo>
  <TransInfo Description="Small Dirt to Grass Without Static NEA" HashKey="0808083E08083E3E3E">
    <MapTiles>
      <MapTile TileID="131" AltIDMod="0" />
    </MapTiles>
    <StaticTiles />
  </TransInfo>
  <TransInfo Description="Small Dirt to Grass Without Static NEA" HashKey="3E08083E08083E3E08">
    <MapTiles>
      <MapTile TileID="131" AltIDMod="0" />
    </MapTiles>
    <StaticTiles />
  </TransInfo>
  <TransInfo Description="Small Dirt to Grass Without Static NEA" HashKey="0808083E08083E3E08">
    <MapTiles>
      <MapTile TileID="131" AltIDMod="0" />
    </MapTiles>
    <StaticTiles />
  </TransInfo>
  <TransInfo Description="Small Dirt to Grass Without Static NEA" HashKey="0808083E0808083E08">
    <MapTiles>
      <MapTile TileID="131" AltIDMod="0" />
    </MapTiles>
    <StaticTiles />
  </TransInfo>
  <TransInfo Description="Small Dirt to Grass Without Static NEA" HashKey="3E08083E080808083E">
    <MapTiles>
      <MapTile TileID="131" AltIDMod="0" />
    </MapTiles>
    <StaticTiles />
  </TransInfo>
  <TransInfo Description="Small Dirt to Grass Without Static NEA" HashKey="3E08080808083E3E3E">
    <MapTiles>
      <MapTile TileID="131" AltIDMod="0" />
    </MapTiles>
    <StaticTiles />
  </TransInfo>
  <TransInfo Description="Small Dirt to Grass Without Static NEA" HashKey="3E08080808083E3E08">
    <MapTiles>
      <MapTile TileID="131" AltIDMod="0" />
    </MapTiles>
    <StaticTiles />
  </TransInfo>
  <TransInfo Description="Small Dirt to Grass Without Static NEA" HashKey="3E0808080808083E08">
    <MapTiles>
      <MapTile TileID="131" AltIDMod="0" />
    </MapTiles>
    <StaticTiles />
  </TransInfo>
  <TransInfo Description="Small Dirt to Grass Without Static NEA" HashKey="0808083E08083E083E">
    <MapTiles>
      <MapTile TileID="131" AltIDMod="0" />
    </MapTiles>
    <StaticTiles />
  </TransInfo>
  <TransInfo Description="Small Dirt to Grass Without Static NEA" HashKey="3E08083E08083E083E">
    <MapTiles>
      <MapTile TileID="131" AltIDMod="0" />
    </MapTiles>
    <StaticTiles />
  </TransInfo>
  <TransInfo Description="Small Dirt to Grass Without Static NEA" HashKey="3E0808080808083E3E">
    <MapTiles>
      <MapTile TileID="131" AltIDMod="0" />
    </MapTiles>
    <StaticTiles />
  </TransInfo>
  <TransInfo Description="Small Dirt to Grass Without Static NEA" HashKey="3E08083E0808083E3E">
    <MapTiles>
      <MapTile TileID="131" AltIDMod="0" />
    </MapTiles>
    <StaticTiles />
  </TransInfo>
  <TransInfo Description="Small Dirt to Grass Without Static NEA" HashKey="0808083E0808083E3E">
    <MapTiles>
      <MapTile TileID="131" AltIDMod="0" />
    </MapTiles>
    <StaticTiles />
  </TransInfo>
  <TransInfo Description="Small Dirt to Grass Without Static NEA" HashKey="0808083E080808083E">
    <MapTiles>
      <MapTile TileID="131" AltIDMod="0" />
    </MapTiles>
    <StaticTiles />
  </TransInfo>
  <TransInfo Description="Small Dirt to Grass Without Static NEA" HashKey="3E08080808083E083E">
    <MapTiles>
      <MapTile TileID="131" AltIDMod="0" />
    </MapTiles>
    <StaticTiles />
  </TransInfo>
  <TransInfo Description="Small Dirt to Grass Without Static NEA" HashKey="3E08083E0808083E08">
    <MapTiles>
      <MapTile TileID="131" AltIDMod="0" />
    </MapTiles>
    <StaticTiles />
  </TransInfo>
  <TransInfo Description="Small Dirt to Grass Without Static SWA" HashKey="3E3E3E08083E08083E">
    <MapTiles>
      <MapTile TileID="130" AltIDMod="0" />
    </MapTiles>
    <StaticTiles />
  </TransInfo>
  <TransInfo Description="Small Dirt to Grass Without Static SWA" HashKey="3E3E3E08083E080808">
    <MapTiles>
      <MapTile TileID="130" AltIDMod="0" />
    </MapTiles>
    <StaticTiles />
  </TransInfo>
  <TransInfo Description="Small Dirt to Grass Without Static SWA" HashKey="083E3E08083E08083E">
    <MapTiles>
      <MapTile TileID="130" AltIDMod="0" />
    </MapTiles>
    <StaticTiles />
  </TransInfo>
  <TransInfo Description="Small Dirt to Grass Without Static SWA" HashKey="083E3E08083E080808">
    <MapTiles>
      <MapTile TileID="130" AltIDMod="0" />
    </MapTiles>
    <StaticTiles />
  </TransInfo>
  <TransInfo Description="Small Dirt to Grass Without Static SWA" HashKey="3E080808083E08083E">
    <MapTiles>
      <MapTile TileID="130" AltIDMod="0" />
    </MapTiles>
    <StaticTiles />
  </TransInfo>
  <TransInfo Description="Small Dirt to Grass Without Static SWA" HashKey="3E083E08083E080808">
    <MapTiles>
      <MapTile TileID="130" AltIDMod="0" />
    </MapTiles>
    <StaticTiles />
  </TransInfo>
  <TransInfo Description="Small Dirt to Grass Without Static SWA" HashKey="3E083E08083E08083E">
    <MapTiles>
      <MapTile TileID="130" AltIDMod="0" />
    </MapTiles>
    <StaticTiles />
  </TransInfo>
  <TransInfo Description="Small Dirt to Grass Without Static SWA" HashKey="3E3E0808080808083E">
    <MapTiles>
      <MapTile TileID="130" AltIDMod="0" />
    </MapTiles>
    <StaticTiles />
  </TransInfo>
  <TransInfo Description="Small Dirt to Grass Without Static SWA" HashKey="083E0808080808083E">
    <MapTiles>
      <MapTile TileID="130" AltIDMod="0" />
    </MapTiles>
    <StaticTiles />
  </TransInfo>
  <TransInfo Description="Small Dirt to Grass Without Static SWA" HashKey="3E3E3E08080808083E">
    <MapTiles>
      <MapTile TileID="130" AltIDMod="0" />
    </MapTiles>
    <StaticTiles />
  </TransInfo>
  <TransInfo Description="Small Dirt to Grass Without Static SWA" HashKey="3E3E0808083E080808">
    <MapTiles>
      <MapTile TileID="130" AltIDMod="0" />
    </MapTiles>
    <StaticTiles />
  </TransInfo>
  <TransInfo Description="Small Dirt to Grass Without Static SWA" HashKey="083E3E08080808083E">
    <MapTiles>
      <MapTile TileID="130" AltIDMod="0" />
    </MapTiles>
    <StaticTiles />
  </TransInfo>
  <TransInfo Description="Small Dirt to Grass Without Static SWA" HashKey="083E0808083E080808">
    <MapTiles>
      <MapTile TileID="130" AltIDMod="0" />
    </MapTiles>
    <StaticTiles />
  </TransInfo>
  <TransInfo Description="Small Dirt to Grass Without Static SWA" HashKey="3E080808083E080808">
    <MapTiles>
      <MapTile TileID="130" AltIDMod="0" />
    </MapTiles>
    <StaticTiles />
  </TransInfo>
  <TransInfo Description="Small Dirt to Grass Without Static SWA" HashKey="3E083E08080808083E">
    <MapTiles>
      <MapTile TileID="130" AltIDMod="0" />
    </MapTiles>
    <StaticTiles />
  </TransInfo>
  <TransInfo Description="Small Dirt to Grass Without Static SWA" HashKey="083E0808083E08083E">
    <MapTiles>
      <MapTile TileID="130" AltIDMod="0" />
    </MapTiles>
    <StaticTiles />
  </TransInfo>
  <TransInfo Description="Small Dirt to Grass Without Static SWA" HashKey="3E3E0808083E08083E">
    <MapTiles>
      <MapTile TileID="130" AltIDMod="0" />
    </MapTiles>
    <StaticTiles />
  </TransInfo>
  <TransInfo Description="Small Dirt to Grass Without Static NWB" HashKey="3E0808080808080808">
    <MapTiles>
      <MapTile TileID="122" AltIDMod="0" />
    </MapTiles>
    <StaticTiles />
  </TransInfo>
  <TransInfo Description="Small Dirt to Grass Without Static SEB" HashKey="08080808080808083E">
    <MapTiles>
      <MapTile TileID="121" AltIDMod="0" />
    </MapTiles>
    <StaticTiles />
  </TransInfo>
  <TransInfo Description="Small Dirt to Grass Without Static NEB" HashKey="08083E080808080808">
    <MapTiles>
      <MapTile TileID="124" AltIDMod="0" />
    </MapTiles>
    <StaticTiles />
  </TransInfo>
  <TransInfo Description="Small Dirt to Grass Without Static SWB" HashKey="0808080808083E0808">
    <MapTiles>
      <MapTile TileID="123" AltIDMod="0" />
    </MapTiles>
    <StaticTiles />
  </TransInfo>
  <TransInfo Description="Small Dirt to Grass Without Static AC" HashKey="0808083E083E080808">
    <MapTiles>
      <MapTile TileID="3" AltIDMod="0" />
    </MapTiles>
    <StaticTiles />
  </TransInfo>
  <TransInfo Description="Small Dirt to Grass Without Static AC" HashKey="0808083E083E3E0808">
    <MapTiles>
      <MapTile TileID="3" AltIDMod="0" />
    </MapTiles>
    <StaticTiles />
  </TransInfo>
  <TransInfo Description="Small Dirt to Grass Without Static AC" HashKey="0808083E083E083E08">
    <MapTiles>
      <MapTile TileID="3" AltIDMod="0" />
    </MapTiles>
    <StaticTiles />
  </TransInfo>
  <TransInfo Description="Small Dirt to Grass Without Static AC" HashKey="0808083E083E3E3E08">
    <MapTiles>
      <MapTile TileID="3" AltIDMod="0" />
    </MapTiles>
    <StaticTiles />
  </TransInfo>
  <TransInfo Description="Small Dirt to Grass Without Static AC" HashKey="0808083E083E08083E">
    <MapTiles>
      <MapTile TileID="3" AltIDMod="0" />
    </MapTiles>
    <StaticTiles />
  </TransInfo>
  <TransInfo Description="Small Dirt to Grass Without Static AC" HashKey="0808083E083E3E083E">
    <MapTiles>
      <MapTile TileID="3" AltIDMod="0" />
    </MapTiles>
    <StaticTiles />
  </TransInfo>
  <TransInfo Description="Small Dirt to Grass Without Static AC" HashKey="0808083E083E083E3E">
    <MapTiles>
      <MapTile TileID="3" AltIDMod="0" />
    </MapTiles>
    <StaticTiles />
  </TransInfo>
  <TransInfo Description="Small Dirt to Grass Without Static AC" HashKey="0808083E083E3E3E3E">
    <MapTiles>
      <MapTile TileID="3" AltIDMod="0" />
    </MapTiles>
    <StaticTiles />
  </TransInfo>
  <TransInfo Description="Small Dirt to Grass Without Static AC" HashKey="08083E3E0808083E08">
    <MapTiles>
      <MapTile TileID="3" AltIDMod="0" />
    </MapTiles>
    <StaticTiles />
  </TransInfo>
  <TransInfo Description="Small Dirt to Grass Without Static AC" HashKey="08083E3E08083E3E08">
    <MapTiles>
      <MapTile TileID="3" AltIDMod="0" />
    </MapTiles>
    <StaticTiles />
  </TransInfo>
  <TransInfo Description="Small Dirt to Grass Without Static AC" HashKey="08083E3E080808083E">
    <MapTiles>
      <MapTile TileID="3" AltIDMod="0" />
    </MapTiles>
    <StaticTiles />
  </TransInfo>
  <TransInfo Description="Small Dirt to Grass Without Static AC" HashKey="08083E3E08083E083E">
    <MapTiles>
      <MapTile TileID="3" AltIDMod="0" />
    </MapTiles>
    <StaticTiles />
  </TransInfo>
  <TransInfo Description="Small Dirt to Grass Without Static AC" HashKey="08083E3E0808083E3E">
    <MapTiles>
      <MapTile TileID="3" AltIDMod="0" />
    </MapTiles>
    <StaticTiles />
  </TransInfo>
  <TransInfo Description="Small Dirt to Grass Without Static AC" HashKey="08083E3E08083E3E3E">
    <MapTiles>
      <MapTile TileID="3" AltIDMod="0" />
    </MapTiles>
    <StaticTiles />
  </TransInfo>
  <TransInfo Description="Small Dirt to Grass Without Static AC" HashKey="08083E3E083E080808">
    <MapTiles>
      <MapTile TileID="3" AltIDMod="0" />
    </MapTiles>
    <StaticTiles />
  </TransInfo>
  <TransInfo Description="Small Dirt to Grass Without Static AC" HashKey="08083E3E083E3E0808">
    <MapTiles>
      <MapTile TileID="3" AltIDMod="0" />
    </MapTiles>
    <StaticTiles />
  </TransInfo>
  <TransInfo Description="Small Dirt to Grass Without Static AC" HashKey="08083E3E083E083E08">
    <MapTiles>
      <MapTile TileID="3" AltIDMod="0" />
    </MapTiles>
    <StaticTiles />
  </TransInfo>
  <TransInfo Description="Small Dirt to Grass Without Static AC" HashKey="08083E3E083E3E3E08">
    <MapTiles>
      <MapTile TileID="3" AltIDMod="0" />
    </MapTiles>
    <StaticTiles />
  </TransInfo>
  <TransInfo Description="Small Dirt to Grass Without Static AC" HashKey="08083E3E083E08083E">
    <MapTiles>
      <MapTile TileID="3" AltIDMod="0" />
    </MapTiles>
    <StaticTiles />
  </TransInfo>
  <TransInfo Description="Small Dirt to Grass Without Static AC" HashKey="08083E3E083E3E083E">
    <MapTiles>
      <MapTile TileID="3" AltIDMod="0" />
    </MapTiles>
    <StaticTiles />
  </TransInfo>
  <TransInfo Description="Small Dirt to Grass Without Static AC" HashKey="08083E3E083E083E3E">
    <MapTiles>
      <MapTile TileID="3" AltIDMod="0" />
    </MapTiles>
    <StaticTiles />
  </TransInfo>
  <TransInfo Description="Small Dirt to Grass Without Static AC" HashKey="08083E3E083E3E3E3E">
    <MapTiles>
      <MapTile TileID="3" AltIDMod="0" />
    </MapTiles>
    <StaticTiles />
  </TransInfo>
  <TransInfo Description="Small Dirt to Grass Without Static AC" HashKey="083E08080808083E08">
    <MapTiles>
      <MapTile TileID="3" AltIDMod="0" />
    </MapTiles>
    <StaticTiles />
  </TransInfo>
  <TransInfo Description="Small Dirt to Grass Without Static AC" HashKey="083E083E0808083E08">
    <MapTiles>
      <MapTile TileID="3" AltIDMod="0" />
    </MapTiles>
    <StaticTiles />
  </TransInfo>
  <TransInfo Description="Small Dirt to Grass Without Static AC" HashKey="083E080808083E3E08">
    <MapTiles>
      <MapTile TileID="3" AltIDMod="0" />
    </MapTiles>
    <StaticTiles />
  </TransInfo>
  <TransInfo Description="Small Dirt to Grass Without Static AC" HashKey="083E083E08083E3E08">
    <MapTiles>
      <MapTile TileID="3" AltIDMod="0" />
    </MapTiles>
    <StaticTiles />
  </TransInfo>
  <TransInfo Description="Small Dirt to Grass Without Static AC" HashKey="083E083E080808083E">
    <MapTiles>
      <MapTile TileID="3" AltIDMod="0" />
    </MapTiles>
    <StaticTiles />
  </TransInfo>
  <TransInfo Description="Small Dirt to Grass Without Static AC" HashKey="083E080808083E083E">
    <MapTiles>
      <MapTile TileID="3" AltIDMod="0" />
    </MapTiles>
    <StaticTiles />
  </TransInfo>
  <TransInfo Description="Small Dirt to Grass Without Static AC" HashKey="083E083E08083E083E">
    <MapTiles>
      <MapTile TileID="3" AltIDMod="0" />
    </MapTiles>
    <StaticTiles />
  </TransInfo>
  <TransInfo Description="Small Dirt to Grass Without Static AC" HashKey="083E08080808083E3E">
    <MapTiles>
      <MapTile TileID="3" AltIDMod="0" />
    </MapTiles>
    <StaticTiles />
  </TransInfo>
  <TransInfo Description="Small Dirt to Grass Without Static AC" HashKey="083E083E0808083E3E">
    <MapTiles>
      <MapTile TileID="3" AltIDMod="0" />
    </MapTiles>
    <StaticTiles />
  </TransInfo>
  <TransInfo Description="Small Dirt to Grass Without Static AC" HashKey="083E080808083E3E3E">
    <MapTiles>
      <MapTile TileID="3" AltIDMod="0" />
    </MapTiles>
    <StaticTiles />
  </TransInfo>
  <TransInfo Description="Small Dirt to Grass Without Static AC" HashKey="083E083E08083E3E3E">
    <MapTiles>
      <MapTile TileID="3" AltIDMod="0" />
    </MapTiles>
    <StaticTiles />
  </TransInfo>
  <TransInfo Description="Small Dirt to Grass Without Static AC" HashKey="083E083E083E080808">
    <MapTiles>
      <MapTile TileID="3" AltIDMod="0" />
    </MapTiles>
    <StaticTiles />
  </TransInfo>
  <TransInfo Description="Small Dirt to Grass Without Static AC" HashKey="083E0808083E3E0808">
    <MapTiles>
      <MapTile TileID="3" AltIDMod="0" />
    </MapTiles>
    <StaticTiles />
  </TransInfo>
  <TransInfo Description="Small Dirt to Grass Without Static AC" HashKey="083E083E083E3E0808">
    <MapTiles>
      <MapTile TileID="3" AltIDMod="0" />
    </MapTiles>
    <StaticTiles />
  </TransInfo>
  <TransInfo Description="Small Dirt to Grass Without Static AC" HashKey="083E0808083E083E08">
    <MapTiles>
      <MapTile TileID="3" AltIDMod="0" />
    </MapTiles>
    <StaticTiles />
  </TransInfo>
  <TransInfo Description="Small Dirt to Grass Without Static AC" HashKey="083E083E083E083E08">
    <MapTiles>
      <MapTile TileID="3" AltIDMod="0" />
    </MapTiles>
    <StaticTiles />
  </TransInfo>
  <TransInfo Description="Small Dirt to Grass Without Static AC" HashKey="083E0808083E3E3E08">
    <MapTiles>
      <MapTile TileID="3" AltIDMod="0" />
    </MapTiles>
    <StaticTiles />
  </TransInfo>
  <TransInfo Description="Small Dirt to Grass Without Static AC" HashKey="083E083E083E3E3E08">
    <MapTiles>
      <MapTile TileID="3" AltIDMod="0" />
    </MapTiles>
    <StaticTiles />
  </TransInfo>
  <TransInfo Description="Small Dirt to Grass Without Static AC" HashKey="083E083E083E08083E">
    <MapTiles>
      <MapTile TileID="3" AltIDMod="0" />
    </MapTiles>
    <StaticTiles />
  </TransInfo>
  <TransInfo Description="Small Dirt to Grass Without Static AC" HashKey="083E0808083E3E083E">
    <MapTiles>
      <MapTile TileID="3" AltIDMod="0" />
    </MapTiles>
    <StaticTiles />
  </TransInfo>
  <TransInfo Description="Small Dirt to Grass Without Static AC" HashKey="083E083E083E3E083E">
    <MapTiles>
      <MapTile TileID="3" AltIDMod="0" />
    </MapTiles>
    <StaticTiles />
  </TransInfo>
  <TransInfo Description="Small Dirt to Grass Without Static AC" HashKey="083E0808083E083E3E">
    <MapTiles>
      <MapTile TileID="3" AltIDMod="0" />
    </MapTiles>
    <StaticTiles />
  </TransInfo>
  <TransInfo Description="Small Dirt to Grass Without Static AC" HashKey="083E083E083E083E3E">
    <MapTiles>
      <MapTile TileID="3" AltIDMod="0" />
    </MapTiles>
    <StaticTiles />
  </TransInfo>
  <TransInfo Description="Small Dirt to Grass Without Static AC" HashKey="083E0808083E3E3E3E">
    <MapTiles>
      <MapTile TileID="3" AltIDMod="0" />
    </MapTiles>
    <StaticTiles />
  </TransInfo>
  <TransInfo Description="Small Dirt to Grass Without Static AC" HashKey="083E083E083E3E3E3E">
    <MapTiles>
      <MapTile TileID="3" AltIDMod="0" />
    </MapTiles>
    <StaticTiles />
  </TransInfo>
  <TransInfo Description="Small Dirt to Grass Without Static AC" HashKey="083E3E080808083E08">
    <MapTiles>
      <MapTile TileID="3" AltIDMod="0" />
    </MapTiles>
    <StaticTiles />
  </TransInfo>
  <TransInfo Description="Small Dirt to Grass Without Static AC" HashKey="083E3E3E0808083E08">
    <MapTiles>
      <MapTile TileID="3" AltIDMod="0" />
    </MapTiles>
    <StaticTiles />
  </TransInfo>
  <TransInfo Description="Small Dirt to Grass Without Static AC" HashKey="083E3E0808083E3E08">
    <MapTiles>
      <MapTile TileID="3" AltIDMod="0" />
    </MapTiles>
    <StaticTiles />
  </TransInfo>
  <TransInfo Description="Small Dirt to Grass Without Static AC" HashKey="083E3E3E08083E3E08">
    <MapTiles>
      <MapTile TileID="3" AltIDMod="0" />
    </MapTiles>
    <StaticTiles />
  </TransInfo>
  <TransInfo Description="Small Dirt to Grass Without Static AC" HashKey="083E3E3E080808083E">
    <MapTiles>
      <MapTile TileID="3" AltIDMod="0" />
    </MapTiles>
    <StaticTiles />
  </TransInfo>
  <TransInfo Description="Small Dirt to Grass Without Static AC" HashKey="083E3E0808083E083E">
    <MapTiles>
      <MapTile TileID="3" AltIDMod="0" />
    </MapTiles>
    <StaticTiles />
  </TransInfo>
  <TransInfo Description="Small Dirt to Grass Without Static AC" HashKey="083E3E3E08083E083E">
    <MapTiles>
      <MapTile TileID="3" AltIDMod="0" />
    </MapTiles>
    <StaticTiles />
  </TransInfo>
  <TransInfo Description="Small Dirt to Grass Without Static AC" HashKey="083E3E080808083E3E">
    <MapTiles>
      <MapTile TileID="3" AltIDMod="0" />
    </MapTiles>
    <StaticTiles />
  </TransInfo>
  <TransInfo Description="Small Dirt to Grass Without Static AC" HashKey="083E3E3E0808083E3E">
    <MapTiles>
      <MapTile TileID="3" AltIDMod="0" />
    </MapTiles>
    <StaticTiles />
  </TransInfo>
  <TransInfo Description="Small Dirt to Grass Without Static AC" HashKey="083E3E0808083E3E3E">
    <MapTiles>
      <MapTile TileID="3" AltIDMod="0" />
    </MapTiles>
    <StaticTiles />
  </TransInfo>
  <TransInfo Description="Small Dirt to Grass Without Static AC" HashKey="083E3E3E08083E3E3E">
    <MapTiles>
      <MapTile TileID="3" AltIDMod="0" />
    </MapTiles>
    <StaticTiles />
  </TransInfo>
  <TransInfo Description="Small Dirt to Grass Without Static AC" HashKey="083E3E3E083E080808">
    <MapTiles>
      <MapTile TileID="3" AltIDMod="0" />
    </MapTiles>
    <StaticTiles />
  </TransInfo>
  <TransInfo Description="Small Dirt to Grass Without Static AC" HashKey="083E3E08083E3E0808">
    <MapTiles>
      <MapTile TileID="3" AltIDMod="0" />
    </MapTiles>
    <StaticTiles />
  </TransInfo>
  <TransInfo Description="Small Dirt to Grass Without Static AC" HashKey="083E3E3E083E3E0808">
    <MapTiles>
      <MapTile TileID="3" AltIDMod="0" />
    </MapTiles>
    <StaticTiles />
  </TransInfo>
  <TransInfo Description="Small Dirt to Grass Without Static AC" HashKey="083E3E08083E083E08">
    <MapTiles>
      <MapTile TileID="3" AltIDMod="0" />
    </MapTiles>
    <StaticTiles />
  </TransInfo>
  <TransInfo Description="Small Dirt to Grass Without Static AC" HashKey="083E3E3E083E083E08">
    <MapTiles>
      <MapTile TileID="3" AltIDMod="0" />
    </MapTiles>
    <StaticTiles />
  </TransInfo>
  <TransInfo Description="Small Dirt to Grass Without Static AC" HashKey="083E3E08083E3E3E08">
    <MapTiles>
      <MapTile TileID="3" AltIDMod="0" />
    </MapTiles>
    <StaticTiles />
  </TransInfo>
  <TransInfo Description="Small Dirt to Grass Without Static AC" HashKey="083E3E3E083E3E3E08">
    <MapTiles>
      <MapTile TileID="3" AltIDMod="0" />
    </MapTiles>
    <StaticTiles />
  </TransInfo>
  <TransInfo Description="Small Dirt to Grass Without Static AC" HashKey="083E3E3E083E08083E">
    <MapTiles>
      <MapTile TileID="3" AltIDMod="0" />
    </MapTiles>
    <StaticTiles />
  </TransInfo>
  <TransInfo Description="Small Dirt to Grass Without Static AC" HashKey="083E3E08083E3E083E">
    <MapTiles>
      <MapTile TileID="3" AltIDMod="0" />
    </MapTiles>
    <StaticTiles />
  </TransInfo>
  <TransInfo Description="Small Dirt to Grass Without Static AC" HashKey="083E3E3E083E3E083E">
    <MapTiles>
      <MapTile TileID="3" AltIDMod="0" />
    </MapTiles>
    <StaticTiles />
  </TransInfo>
  <TransInfo Description="Small Dirt to Grass Without Static AC" HashKey="083E3E08083E083E3E">
    <MapTiles>
      <MapTile TileID="3" AltIDMod="0" />
    </MapTiles>
    <StaticTiles />
  </TransInfo>
  <TransInfo Description="Small Dirt to Grass Without Static AC" HashKey="083E3E3E083E083E3E">
    <MapTiles>
      <MapTile TileID="3" AltIDMod="0" />
    </MapTiles>
    <StaticTiles />
  </TransInfo>
  <TransInfo Description="Small Dirt to Grass Without Static AC" HashKey="083E3E08083E3E3E3E">
    <MapTiles>
      <MapTile TileID="3" AltIDMod="0" />
    </MapTiles>
    <StaticTiles />
  </TransInfo>
  <TransInfo Description="Small Dirt to Grass Without Static AC" HashKey="083E3E3E083E3E3E3E">
    <MapTiles>
      <MapTile TileID="3" AltIDMod="0" />
    </MapTiles>
    <StaticTiles />
  </TransInfo>
  <TransInfo Description="Small Dirt to Grass Without Static AC" HashKey="3E08083E083E080808">
    <MapTiles>
      <MapTile TileID="3" AltIDMod="0" />
    </MapTiles>
    <StaticTiles />
  </TransInfo>
  <TransInfo Description="Small Dirt to Grass Without Static AC" HashKey="3E080808083E3E0808">
    <MapTiles>
      <MapTile TileID="3" AltIDMod="0" />
    </MapTiles>
    <StaticTiles />
  </TransInfo>
  <TransInfo Description="Small Dirt to Grass Without Static AC" HashKey="3E08083E083E3E0808">
    <MapTiles>
      <MapTile TileID="3" AltIDMod="0" />
    </MapTiles>
    <StaticTiles />
  </TransInfo>
  <TransInfo Description="Small Dirt to Grass Without Static AC" HashKey="3E080808083E083E08">
    <MapTiles>
      <MapTile TileID="3" AltIDMod="0" />
    </MapTiles>
    <StaticTiles />
  </TransInfo>
  <TransInfo Description="Small Dirt to Grass Without Static AC" HashKey="3E08083E083E083E08">
    <MapTiles>
      <MapTile TileID="3" AltIDMod="0" />
    </MapTiles>
    <StaticTiles />
  </TransInfo>
  <TransInfo Description="Small Dirt to Grass Without Static AC" HashKey="3E080808083E3E3E08">
    <MapTiles>
      <MapTile TileID="3" AltIDMod="0" />
    </MapTiles>
    <StaticTiles />
  </TransInfo>
  <TransInfo Description="Small Dirt to Grass Without Static AC" HashKey="3E08083E083E3E3E08">
    <MapTiles>
      <MapTile TileID="3" AltIDMod="0" />
    </MapTiles>
    <StaticTiles />
  </TransInfo>
  <TransInfo Description="Small Dirt to Grass Without Static AC" HashKey="3E08083E083E08083E">
    <MapTiles>
      <MapTile TileID="3" AltIDMod="0" />
    </MapTiles>
    <StaticTiles />
  </TransInfo>
  <TransInfo Description="Small Dirt to Grass Without Static AC" HashKey="3E080808083E3E083E">
    <MapTiles>
      <MapTile TileID="3" AltIDMod="0" />
    </MapTiles>
    <StaticTiles />
  </TransInfo>
  <TransInfo Description="Small Dirt to Grass Without Static AC" HashKey="3E08083E083E3E083E">
    <MapTiles>
      <MapTile TileID="3" AltIDMod="0" />
    </MapTiles>
    <StaticTiles />
  </TransInfo>
  <TransInfo Description="Small Dirt to Grass Without Static AC" HashKey="3E080808083E083E3E">
    <MapTiles>
      <MapTile TileID="3" AltIDMod="0" />
    </MapTiles>
    <StaticTiles />
  </TransInfo>
  <TransInfo Description="Small Dirt to Grass Without Static AC" HashKey="3E08083E083E083E3E">
    <MapTiles>
      <MapTile TileID="3" AltIDMod="0" />
    </MapTiles>
    <StaticTiles />
  </TransInfo>
  <TransInfo Description="Small Dirt to Grass Without Static AC" HashKey="3E080808083E3E3E3E">
    <MapTiles>
      <MapTile TileID="3" AltIDMod="0" />
    </MapTiles>
    <StaticTiles />
  </TransInfo>
  <TransInfo Description="Small Dirt to Grass Without Static AC" HashKey="3E08083E083E3E3E3E">
    <MapTiles>
      <MapTile TileID="3" AltIDMod="0" />
    </MapTiles>
    <StaticTiles />
  </TransInfo>
  <TransInfo Description="Small Dirt to Grass Without Static AC" HashKey="3E083E080808083E08">
    <MapTiles>
      <MapTile TileID="3" AltIDMod="0" />
    </MapTiles>
    <StaticTiles />
  </TransInfo>
  <TransInfo Description="Small Dirt to Grass Without Static AC" HashKey="3E083E3E0808083E08">
    <MapTiles>
      <MapTile TileID="3" AltIDMod="0" />
    </MapTiles>
    <StaticTiles />
  </TransInfo>
  <TransInfo Description="Small Dirt to Grass Without Static AC" HashKey="3E083E0808083E3E08">
    <MapTiles>
      <MapTile TileID="3" AltIDMod="0" />
    </MapTiles>
    <StaticTiles />
  </TransInfo>
  <TransInfo Description="Small Dirt to Grass Without Static AC" HashKey="3E083E3E08083E3E08">
    <MapTiles>
      <MapTile TileID="3" AltIDMod="0" />
    </MapTiles>
    <StaticTiles />
  </TransInfo>
  <TransInfo Description="Small Dirt to Grass Without Static AC" HashKey="3E083E3E080808083E">
    <MapTiles>
      <MapTile TileID="3" AltIDMod="0" />
    </MapTiles>
    <StaticTiles />
  </TransInfo>
  <TransInfo Description="Small Dirt to Grass Without Static AC" HashKey="3E083E0808083E083E">
    <MapTiles>
      <MapTile TileID="3" AltIDMod="0" />
    </MapTiles>
    <StaticTiles />
  </TransInfo>
  <TransInfo Description="Small Dirt to Grass Without Static AC" HashKey="3E083E3E08083E083E">
    <MapTiles>
      <MapTile TileID="3" AltIDMod="0" />
    </MapTiles>
    <StaticTiles />
  </TransInfo>
  <TransInfo Description="Small Dirt to Grass Without Static AC" HashKey="3E083E080808083E3E">
    <MapTiles>
      <MapTile TileID="3" AltIDMod="0" />
    </MapTiles>
    <StaticTiles />
  </TransInfo>
  <TransInfo Description="Small Dirt to Grass Without Static AC" HashKey="3E083E3E0808083E3E">
    <MapTiles>
      <MapTile TileID="3" AltIDMod="0" />
    </MapTiles>
    <StaticTiles />
  </TransInfo>
  <TransInfo Description="Small Dirt to Grass Without Static AC" HashKey="3E083E0808083E3E3E">
    <MapTiles>
      <MapTile TileID="3" AltIDMod="0" />
    </MapTiles>
    <StaticTiles />
  </TransInfo>
  <TransInfo Description="Small Dirt to Grass Without Static AC" HashKey="3E083E3E08083E3E3E">
    <MapTiles>
      <MapTile TileID="3" AltIDMod="0" />
    </MapTiles>
    <StaticTiles />
  </TransInfo>
  <TransInfo Description="Small Dirt to Grass Without Static AC" HashKey="3E083E3E083E080808">
    <MapTiles>
      <MapTile TileID="3" AltIDMod="0" />
    </MapTiles>
    <StaticTiles />
  </TransInfo>
  <TransInfo Description="Small Dirt to Grass Without Static AC" HashKey="3E083E08083E3E0808">
    <MapTiles>
      <MapTile TileID="3" AltIDMod="0" />
    </MapTiles>
    <StaticTiles />
  </TransInfo>
  <TransInfo Description="Small Dirt to Grass Without Static AC" HashKey="3E083E3E083E3E0808">
    <MapTiles>
      <MapTile TileID="3" AltIDMod="0" />
    </MapTiles>
    <StaticTiles />
  </TransInfo>
  <TransInfo Description="Small Dirt to Grass Without Static AC" HashKey="3E083E08083E083E08">
    <MapTiles>
      <MapTile TileID="3" AltIDMod="0" />
    </MapTiles>
    <StaticTiles />
  </TransInfo>
  <TransInfo Description="Small Dirt to Grass Without Static AC" HashKey="3E083E3E083E083E08">
    <MapTiles>
      <MapTile TileID="3" AltIDMod="0" />
    </MapTiles>
    <StaticTiles />
  </TransInfo>
  <TransInfo Description="Small Dirt to Grass Without Static AC" HashKey="3E083E08083E3E3E08">
    <MapTiles>
      <MapTile TileID="3" AltIDMod="0" />
    </MapTiles>
    <StaticTiles />
  </TransInfo>
  <TransInfo Description="Small Dirt to Grass Without Static AC" HashKey="3E083E3E083E3E3E08">
    <MapTiles>
      <MapTile TileID="3" AltIDMod="0" />
    </MapTiles>
    <StaticTiles />
  </TransInfo>
  <TransInfo Description="Small Dirt to Grass Without Static AC" HashKey="3E083E3E083E08083E">
    <MapTiles>
      <MapTile TileID="3" AltIDMod="0" />
    </MapTiles>
    <StaticTiles />
  </TransInfo>
  <TransInfo Description="Small Dirt to Grass Without Static AC" HashKey="3E083E08083E3E083E">
    <MapTiles>
      <MapTile TileID="3" AltIDMod="0" />
    </MapTiles>
    <StaticTiles />
  </TransInfo>
  <TransInfo Description="Small Dirt to Grass Without Static AC" HashKey="3E083E3E083E3E083E">
    <MapTiles>
      <MapTile TileID="3" AltIDMod="0" />
    </MapTiles>
    <StaticTiles />
  </TransInfo>
  <TransInfo Description="Small Dirt to Grass Without Static AC" HashKey="3E083E08083E083E3E">
    <MapTiles>
      <MapTile TileID="3" AltIDMod="0" />
    </MapTiles>
    <StaticTiles />
  </TransInfo>
  <TransInfo Description="Small Dirt to Grass Without Static AC" HashKey="3E083E3E083E083E3E">
    <MapTiles>
      <MapTile TileID="3" AltIDMod="0" />
    </MapTiles>
    <StaticTiles />
  </TransInfo>
  <TransInfo Description="Small Dirt to Grass Without Static AC" HashKey="3E083E08083E3E3E3E">
    <MapTiles>
      <MapTile TileID="3" AltIDMod="0" />
    </MapTiles>
    <StaticTiles />
  </TransInfo>
  <TransInfo Description="Small Dirt to Grass Without Static AC" HashKey="3E083E3E083E3E3E3E">
    <MapTiles>
      <MapTile TileID="3" AltIDMod="0" />
    </MapTiles>
    <StaticTiles />
  </TransInfo>
  <TransInfo Description="Small Dirt to Grass Without Static AC" HashKey="3E3E08080808083E08">
    <MapTiles>
      <MapTile TileID="3" AltIDMod="0" />
    </MapTiles>
    <StaticTiles />
  </TransInfo>
  <TransInfo Description="Small Dirt to Grass Without Static AC" HashKey="3E3E083E0808083E08">
    <MapTiles>
      <MapTile TileID="3" AltIDMod="0" />
    </MapTiles>
    <StaticTiles />
  </TransInfo>
  <TransInfo Description="Small Dirt to Grass Without Static AC" HashKey="3E3E080808083E3E08">
    <MapTiles>
      <MapTile TileID="3" AltIDMod="0" />
    </MapTiles>
    <StaticTiles />
  </TransInfo>
  <TransInfo Description="Small Dirt to Grass Without Static AC" HashKey="3E3E083E08083E3E08">
    <MapTiles>
      <MapTile TileID="3" AltIDMod="0" />
    </MapTiles>
    <StaticTiles />
  </TransInfo>
  <TransInfo Description="Small Dirt to Grass Without Static AC" HashKey="3E3E083E080808083E">
    <MapTiles>
      <MapTile TileID="3" AltIDMod="0" />
    </MapTiles>
    <StaticTiles />
  </TransInfo>
  <TransInfo Description="Small Dirt to Grass Without Static AC" HashKey="3E3E080808083E083E">
    <MapTiles>
      <MapTile TileID="3" AltIDMod="0" />
    </MapTiles>
    <StaticTiles />
  </TransInfo>
  <TransInfo Description="Small Dirt to Grass Without Static AC" HashKey="3E3E083E08083E083E">
    <MapTiles>
      <MapTile TileID="3" AltIDMod="0" />
    </MapTiles>
    <StaticTiles />
  </TransInfo>
  <TransInfo Description="Small Dirt to Grass Without Static AC" HashKey="3E3E08080808083E3E">
    <MapTiles>
      <MapTile TileID="3" AltIDMod="0" />
    </MapTiles>
    <StaticTiles />
  </TransInfo>
  <TransInfo Description="Small Dirt to Grass Without Static AC" HashKey="3E3E083E0808083E3E">
    <MapTiles>
      <MapTile TileID="3" AltIDMod="0" />
    </MapTiles>
    <StaticTiles />
  </TransInfo>
  <TransInfo Description="Small Dirt to Grass Without Static AC" HashKey="3E3E080808083E3E3E">
    <MapTiles>
      <MapTile TileID="3" AltIDMod="0" />
    </MapTiles>
    <StaticTiles />
  </TransInfo>
  <TransInfo Description="Small Dirt to Grass Without Static AC" HashKey="3E3E083E08083E3E3E">
    <MapTiles>
      <MapTile TileID="3" AltIDMod="0" />
    </MapTiles>
    <StaticTiles />
  </TransInfo>
  <TransInfo Description="Small Dirt to Grass Without Static AC" HashKey="3E3E083E083E080808">
    <MapTiles>
      <MapTile TileID="3" AltIDMod="0" />
    </MapTiles>
    <StaticTiles />
  </TransInfo>
  <TransInfo Description="Small Dirt to Grass Without Static AC" HashKey="3E3E0808083E3E0808">
    <MapTiles>
      <MapTile TileID="3" AltIDMod="0" />
    </MapTiles>
    <StaticTiles />
  </TransInfo>
  <TransInfo Description="Small Dirt to Grass Without Static AC" HashKey="3E3E083E083E3E0808">
    <MapTiles>
      <MapTile TileID="3" AltIDMod="0" />
    </MapTiles>
    <StaticTiles />
  </TransInfo>
  <TransInfo Description="Small Dirt to Grass Without Static AC" HashKey="3E3E0808083E083E08">
    <MapTiles>
      <MapTile TileID="3" AltIDMod="0" />
    </MapTiles>
    <StaticTiles />
  </TransInfo>
  <TransInfo Description="Small Dirt to Grass Without Static AC" HashKey="3E3E083E083E083E08">
    <MapTiles>
      <MapTile TileID="3" AltIDMod="0" />
    </MapTiles>
    <StaticTiles />
  </TransInfo>
  <TransInfo Description="Small Dirt to Grass Without Static AC" HashKey="3E3E0808083E3E3E08">
    <MapTiles>
      <MapTile TileID="3" AltIDMod="0" />
    </MapTiles>
    <StaticTiles />
  </TransInfo>
  <TransInfo Description="Small Dirt to Grass Without Static AC" HashKey="3E3E083E083E3E3E08">
    <MapTiles>
      <MapTile TileID="3" AltIDMod="0" />
    </MapTiles>
    <StaticTiles />
  </TransInfo>
  <TransInfo Description="Small Dirt to Grass Without Static AC" HashKey="3E3E083E083E08083E">
    <MapTiles>
      <MapTile TileID="3" AltIDMod="0" />
    </MapTiles>
    <StaticTiles />
  </TransInfo>
  <TransInfo Description="Small Dirt to Grass Without Static AC" HashKey="3E3E0808083E3E083E">
    <MapTiles>
      <MapTile TileID="3" AltIDMod="0" />
    </MapTiles>
    <StaticTiles />
  </TransInfo>
  <TransInfo Description="Small Dirt to Grass Without Static AC" HashKey="3E3E083E083E3E083E">
    <MapTiles>
      <MapTile TileID="3" AltIDMod="0" />
    </MapTiles>
    <StaticTiles />
  </TransInfo>
  <TransInfo Description="Small Dirt to Grass Without Static AC" HashKey="3E3E0808083E083E3E">
    <MapTiles>
      <MapTile TileID="3" AltIDMod="0" />
    </MapTiles>
    <StaticTiles />
  </TransInfo>
  <TransInfo Description="Small Dirt to Grass Without Static AC" HashKey="3E3E083E083E083E3E">
    <MapTiles>
      <MapTile TileID="3" AltIDMod="0" />
    </MapTiles>
    <StaticTiles />
  </TransInfo>
  <TransInfo Description="Small Dirt to Grass Without Static AC" HashKey="3E3E0808083E3E3E3E">
    <MapTiles>
      <MapTile TileID="3" AltIDMod="0" />
    </MapTiles>
    <StaticTiles />
  </TransInfo>
  <TransInfo Description="Small Dirt to Grass Without Static AC" HashKey="3E3E083E083E3E3E3E">
    <MapTiles>
      <MapTile TileID="3" AltIDMod="0" />
    </MapTiles>
    <StaticTiles />
  </TransInfo>
  <TransInfo Description="Small Dirt to Grass Without Static AC" HashKey="3E3E3E080808083E08">
    <MapTiles>
      <MapTile TileID="3" AltIDMod="0" />
    </MapTiles>
    <StaticTiles />
  </TransInfo>
  <TransInfo Description="Small Dirt to Grass Without Static AC" HashKey="3E3E3E3E0808083E08">
    <MapTiles>
      <MapTile TileID="3" AltIDMod="0" />
    </MapTiles>
    <StaticTiles />
  </TransInfo>
  <TransInfo Description="Small Dirt to Grass Without Static AC" HashKey="3E3E3E0808083E3E08">
    <MapTiles>
      <MapTile TileID="3" AltIDMod="0" />
    </MapTiles>
    <StaticTiles />
  </TransInfo>
  <TransInfo Description="Small Dirt to Grass Without Static AC" HashKey="3E3E3E3E08083E3E08">
    <MapTiles>
      <MapTile TileID="3" AltIDMod="0" />
    </MapTiles>
    <StaticTiles />
  </TransInfo>
  <TransInfo Description="Small Dirt to Grass Without Static AC" HashKey="3E3E3E3E080808083E">
    <MapTiles>
      <MapTile TileID="3" AltIDMod="0" />
    </MapTiles>
    <StaticTiles />
  </TransInfo>
  <TransInfo Description="Small Dirt to Grass Without Static AC" HashKey="3E3E3E0808083E083E">
    <MapTiles>
      <MapTile TileID="3" AltIDMod="0" />
    </MapTiles>
    <StaticTiles />
  </TransInfo>
  <TransInfo Description="Small Dirt to Grass Without Static AC" HashKey="3E3E3E3E08083E083E">
    <MapTiles>
      <MapTile TileID="3" AltIDMod="0" />
    </MapTiles>
    <StaticTiles />
  </TransInfo>
  <TransInfo Description="Small Dirt to Grass Without Static AC" HashKey="3E3E3E080808083E3E">
    <MapTiles>
      <MapTile TileID="3" AltIDMod="0" />
    </MapTiles>
    <StaticTiles />
  </TransInfo>
  <TransInfo Description="Small Dirt to Grass Without Static AC" HashKey="3E3E3E3E0808083E3E">
    <MapTiles>
      <MapTile TileID="3" AltIDMod="0" />
    </MapTiles>
    <StaticTiles />
  </TransInfo>
  <TransInfo Description="Small Dirt to Grass Without Static AC" HashKey="3E3E3E0808083E3E3E">
    <MapTiles>
      <MapTile TileID="3" AltIDMod="0" />
    </MapTiles>
    <StaticTiles />
  </TransInfo>
  <TransInfo Description="Small Dirt to Grass Without Static AC" HashKey="3E3E3E3E08083E3E3E">
    <MapTiles>
      <MapTile TileID="3" AltIDMod="0" />
    </MapTiles>
    <StaticTiles />
  </TransInfo>
  <TransInfo Description="Small Dirt to Grass Without Static AC" HashKey="3E3E3E3E083E080808">
    <MapTiles>
      <MapTile TileID="3" AltIDMod="0" />
    </MapTiles>
    <StaticTiles />
  </TransInfo>
  <TransInfo Description="Small Dirt to Grass Without Static AC" HashKey="3E3E3E08083E3E0808">
    <MapTiles>
      <MapTile TileID="3" AltIDMod="0" />
    </MapTiles>
    <StaticTiles />
  </TransInfo>
  <TransInfo Description="Small Dirt to Grass Without Static AC" HashKey="3E3E3E3E083E3E0808">
    <MapTiles>
      <MapTile TileID="3" AltIDMod="0" />
    </MapTiles>
    <StaticTiles />
  </TransInfo>
  <TransInfo Description="Small Dirt to Grass Without Static AC" HashKey="3E3E3E08083E083E08">
    <MapTiles>
      <MapTile TileID="3" AltIDMod="0" />
    </MapTiles>
    <StaticTiles />
  </TransInfo>
  <TransInfo Description="Small Dirt to Grass Without Static AC" HashKey="3E3E3E3E083E083E08">
    <MapTiles>
      <MapTile TileID="3" AltIDMod="0" />
    </MapTiles>
    <StaticTiles />
  </TransInfo>
  <TransInfo Description="Small Dirt to Grass Without Static AC" HashKey="3E3E3E08083E3E3E08">
    <MapTiles>
      <MapTile TileID="3" AltIDMod="0" />
    </MapTiles>
    <StaticTiles />
  </TransInfo>
  <TransInfo Description="Small Dirt to Grass Without Static AC" HashKey="3E3E3E3E083E3E3E08">
    <MapTiles>
      <MapTile TileID="3" AltIDMod="0" />
    </MapTiles>
    <StaticTiles />
  </TransInfo>
  <TransInfo Description="Small Dirt to Grass Without Static AC" HashKey="3E3E3E3E083E08083E">
    <MapTiles>
      <MapTile TileID="3" AltIDMod="0" />
    </MapTiles>
    <StaticTiles />
  </TransInfo>
  <TransInfo Description="Small Dirt to Grass Without Static AC" HashKey="3E3E3E08083E3E083E">
    <MapTiles>
      <MapTile TileID="3" AltIDMod="0" />
    </MapTiles>
    <StaticTiles />
  </TransInfo>
  <TransInfo Description="Small Dirt to Grass Without Static AC" HashKey="3E3E3E3E083E3E083E">
    <MapTiles>
      <MapTile TileID="3" AltIDMod="0" />
    </MapTiles>
    <StaticTiles />
  </TransInfo>
  <TransInfo Description="Small Dirt to Grass Without Static AC" HashKey="3E3E3E08083E083E3E">
    <MapTiles>
      <MapTile TileID="3" AltIDMod="0" />
    </MapTiles>
    <StaticTiles />
  </TransInfo>
  <TransInfo Description="Small Dirt to Grass Without Static AC" HashKey="3E3E3E3E083E083E3E">
    <MapTiles>
      <MapTile TileID="3" AltIDMod="0" />
    </MapTiles>
    <StaticTiles />
  </TransInfo>
  <TransInfo Description="Small Dirt to Grass Without Static AC" HashKey="3E3E3E08083E3E3E3E">
    <MapTiles>
      <MapTile TileID="3" AltIDMod="0" />
    </MapTiles>
    <StaticTiles />
  </TransInfo>
  <TransInfo Description="Small Dirt to Grass Without Static AC" HashKey="3E3E3E3E083E3E3E3E">
    <MapTiles>
      <MapTile TileID="3" AltIDMod="0" />
    </MapTiles>
    <StaticTiles />
  </TransInfo>
  <TransInfo Description="Small Dirt to Grass Without Static IWE" HashKey="3E080808080808083E">
    <MapTiles>
      <MapTile TileID="117" AltIDMod="0" />
    </MapTiles>
    <StaticTiles />
  </TransInfo>
  <TransInfo Description="Small Dirt to Grass Without Static INS" HashKey="08083E0808083E0808">
    <MapTiles>
      <MapTile TileID="117" AltIDMod="0" />
    </MapTiles>
    <StaticTiles />
  </TransInfo>
</Trans>
