﻿<?xml version="1.0" encoding="utf-8"?>
<Trans>
  <TransInfo Description="Small Dirt to Rough Forest" HashKey="830883830808088308">
    <MapTiles>
      <MapTile TileID="351" AltIDMod="0" />
    </MapTiles>
    <StaticTiles />
  </TransInfo>
  <TransInfo Description="Small Dirt to Rough Forest" HashKey="088308830883080883">
    <MapTiles>
      <MapTile TileID="349" AltIDMod="0" />
    </MapTiles>
    <StaticTiles />
  </TransInfo>
  <TransInfo Description="Small Dirt to Rough Forest" HashKey="088308080883830808">
    <MapTiles>
      <MapTile TileID="349" AltIDMod="0" />
    </MapTiles>
    <StaticTiles />
  </TransInfo>
  <TransInfo Description="Small Dirt to Rough Forest" HashKey="830883830883080808">
    <MapTiles>
      <MapTile TileID="352" AltIDMod="0" />
    </MapTiles>
    <StaticTiles />
  </TransInfo>
  <TransInfo Description="Small Dirt to Rough Forest" HashKey="088308830808088383">
    <MapTiles>
      <MapTile TileID="349" AltIDMod="0" />
    </MapTiles>
    <StaticTiles />
  </TransInfo>
  <TransInfo Description="Small Dirt to Rough Forest" HashKey="088383830808080883">
    <MapTiles>
      <MapTile TileID="351" AltIDMod="0" />
    </MapTiles>
    <StaticTiles />
  </TransInfo>
  <TransInfo Description="Small Dirt to Rough Forest" HashKey="830883830808838308">
    <MapTiles>
      <MapTile TileID="352" AltIDMod="0" />
    </MapTiles>
    <StaticTiles />
  </TransInfo>
  <TransInfo Description="Small Dirt to Rough Forest" HashKey="080808080883838308">
    <MapTiles>
      <MapTile TileID="363" AltIDMod="0" />
    </MapTiles>
    <StaticTiles />
  </TransInfo>
  <TransInfo Description="Small Dirt to Rough Forest" HashKey="838308830883080883">
    <MapTiles>
      <MapTile TileID="349" AltIDMod="0" />
    </MapTiles>
    <StaticTiles />
  </TransInfo>
  <TransInfo Description="Small Dirt to Rough Forest" HashKey="830883080808838383">
    <MapTiles>
      <MapTile TileID="352" AltIDMod="0" />
    </MapTiles>
    <StaticTiles />
  </TransInfo>
  <TransInfo Description="Small Dirt to Rough Forest" HashKey="830808080883830883">
    <MapTiles>
      <MapTile TileID="349" AltIDMod="0" />
    </MapTiles>
    <StaticTiles />
  </TransInfo>
  <TransInfo Description="Small Dirt to Rough Forest" HashKey="830808080883838308">
    <MapTiles>
      <MapTile TileID="349" AltIDMod="0" />
    </MapTiles>
    <StaticTiles />
  </TransInfo>
  <TransInfo Description="Small Dirt to Rough Forest" HashKey="080883080883080883">
    <MapTiles>
      <MapTile TileID="358" AltIDMod="0" />
    </MapTiles>
    <StaticTiles />
  </TransInfo>
  <TransInfo Description="Small Dirt to Rough Forest" HashKey="080808830883080808">
    <MapTiles>
      <MapTile TileID="349" AltIDMod="0" />
    </MapTiles>
    <StaticTiles />
  </TransInfo>
  <TransInfo Description="Small Dirt to Rough Forest" HashKey="080808080808088383">
    <MapTiles>
      <MapTile TileID="357" AltIDMod="0" />
    </MapTiles>
    <StaticTiles />
  </TransInfo>
  <TransInfo Description="Small Dirt to Rough Forest" HashKey="838383830808080883">
    <MapTiles>
      <MapTile TileID="350" AltIDMod="0" />
    </MapTiles>
    <StaticTiles />
  </TransInfo>
  <TransInfo Description="Small Dirt to Rough Forest" HashKey="088383080883088383">
    <MapTiles>
      <MapTile TileID="350" AltIDMod="0" />
    </MapTiles>
    <StaticTiles />
  </TransInfo>
  <TransInfo Description="Small Dirt to Rough Forest" HashKey="080883830883080808">
    <MapTiles>
      <MapTile TileID="349" AltIDMod="0" />
    </MapTiles>
    <StaticTiles />
  </TransInfo>
  <TransInfo Description="Small Dirt to Rough Forest" HashKey="830808830883838383">
    <MapTiles>
      <MapTile TileID="349" AltIDMod="0" />
    </MapTiles>
    <StaticTiles />
  </TransInfo>
  <TransInfo Description="Small Dirt to Rough Forest" HashKey="088383080808080883">
    <MapTiles>
      <MapTile TileID="361" AltIDMod="0" />
    </MapTiles>
    <StaticTiles />
  </TransInfo>
  <TransInfo Description="Small Dirt to Rough Forest" HashKey="830883830883830808">
    <MapTiles>
      <MapTile TileID="352" AltIDMod="0" />
    </MapTiles>
    <StaticTiles />
  </TransInfo>
  <TransInfo Description="Small Dirt to Rough Forest" HashKey="838308080808080883">
    <MapTiles>
      <MapTile TileID="361" AltIDMod="0" />
    </MapTiles>
    <StaticTiles />
  </TransInfo>
  <TransInfo Description="Small Dirt to Rough Forest" HashKey="080808080883838383">
    <MapTiles>
      <MapTile TileID="363" AltIDMod="0" />
    </MapTiles>
    <StaticTiles />
  </TransInfo>
  <TransInfo Description="Small Dirt to Rough Forest" HashKey="838383830883830808">
    <MapTiles>
      <MapTile TileID="352" AltIDMod="0" />
    </MapTiles>
    <StaticTiles />
  </TransInfo>
  <TransInfo Description="Small Dirt to Rough Forest" HashKey="830808080883080883">
    <MapTiles>
      <MapTile TileID="361" AltIDMod="0" />
    </MapTiles>
    <StaticTiles />
  </TransInfo>
  <TransInfo Description="Small Dirt to Rough Forest" HashKey="080883830808830883">
    <MapTiles>
      <MapTile TileID="349" AltIDMod="0" />
    </MapTiles>
    <StaticTiles />
  </TransInfo>
  <TransInfo Description="Small Dirt to Rough Forest" HashKey="080883080808088308">
    <MapTiles>
      <MapTile TileID="363" AltIDMod="0" />
    </MapTiles>
    <StaticTiles />
  </TransInfo>
  <TransInfo Description="Small Dirt to Rough Forest" HashKey="088383080808838383">
    <MapTiles>
      <MapTile TileID="349" AltIDMod="0" />
    </MapTiles>
    <StaticTiles />
  </TransInfo>
  <TransInfo Description="Small Dirt to Rough Forest" HashKey="080808830883830883">
    <MapTiles>
      <MapTile TileID="349" AltIDMod="0" />
    </MapTiles>
    <StaticTiles />
  </TransInfo>
  <TransInfo Description="Small Dirt to Rough Forest" HashKey="088308830808838383">
    <MapTiles>
      <MapTile TileID="349" AltIDMod="0" />
    </MapTiles>
    <StaticTiles />
  </TransInfo>
  <TransInfo Description="Small Dirt to Rough Forest" HashKey="830808080808830808">
    <MapTiles>
      <MapTile TileID="359" AltIDMod="0" />
    </MapTiles>
    <StaticTiles />
  </TransInfo>
  <TransInfo Description="Small Dirt to Rough Forest" HashKey="080883830808088383">
    <MapTiles>
      <MapTile TileID="349" AltIDMod="0" />
    </MapTiles>
    <StaticTiles />
  </TransInfo>
  <TransInfo Description="Small Dirt to Rough Forest" HashKey="088383830808830883">
    <MapTiles>
      <MapTile TileID="352" AltIDMod="0" />
    </MapTiles>
    <StaticTiles />
  </TransInfo>
  <TransInfo Description="Small Dirt to Rough Forest" HashKey="080883080808838308">
    <MapTiles>
      <MapTile TileID="363" AltIDMod="0" />
    </MapTiles>
    <StaticTiles />
  </TransInfo>
  <TransInfo Description="Small Dirt to Rough Forest" HashKey="830808830883830808">
    <MapTiles>
      <MapTile TileID="349" AltIDMod="0" />
    </MapTiles>
    <StaticTiles />
  </TransInfo>
  <TransInfo Description="Small Dirt to Rough Forest" HashKey="830883080883830883">
    <MapTiles>
      <MapTile TileID="350" AltIDMod="0" />
    </MapTiles>
    <StaticTiles />
  </TransInfo>
  <TransInfo Description="Small Dirt to Rough Forest" HashKey="088308080883088308">
    <MapTiles>
      <MapTile TileID="349" AltIDMod="0" />
    </MapTiles>
    <StaticTiles />
  </TransInfo>
  <TransInfo Description="Small Dirt to Rough Forest" HashKey="830808830883088383">
    <MapTiles>
      <MapTile TileID="349" AltIDMod="0" />
    </MapTiles>
    <StaticTiles />
  </TransInfo>
  <TransInfo Description="Small Dirt to Rough Forest" HashKey="080808080883088308">
    <MapTiles>
      <MapTile TileID="363" AltIDMod="0" />
    </MapTiles>
    <StaticTiles />
  </TransInfo>
  <TransInfo Description="Small Dirt to Rough Forest" HashKey="838383080883830883">
    <MapTiles>
      <MapTile TileID="349" AltIDMod="0" />
    </MapTiles>
    <StaticTiles />
  </TransInfo>
  <TransInfo Description="Small Dirt to Rough Forest" HashKey="088308830883830808">
    <MapTiles>
      <MapTile TileID="349" AltIDMod="0" />
    </MapTiles>
    <StaticTiles />
  </TransInfo>
  <TransInfo Description="Small Dirt to Rough Forest" HashKey="080808080808838383">
    <MapTiles>
      <MapTile TileID="357" AltIDMod="0" />
    </MapTiles>
    <StaticTiles />
  </TransInfo>
  <TransInfo Description="Small Dirt to Rough Forest" HashKey="088308080808088383">
    <MapTiles>
      <MapTile TileID="349" AltIDMod="0" />
    </MapTiles>
    <StaticTiles />
  </TransInfo>
  <TransInfo Description="Small Dirt to Rough Forest" HashKey="830883080808080808">
    <MapTiles>
      <MapTile TileID="360" AltIDMod="0" />
    </MapTiles>
    <StaticTiles />
  </TransInfo>
  <TransInfo Description="Small Dirt to Rough Forest" HashKey="838383830808088383">
    <MapTiles>
      <MapTile TileID="350" AltIDMod="0" />
    </MapTiles>
    <StaticTiles />
  </TransInfo>
  <TransInfo Description="Small Dirt to Rough Forest" HashKey="088383080883080883">
    <MapTiles>
      <MapTile TileID="361" AltIDMod="0" />
    </MapTiles>
    <StaticTiles />
  </TransInfo>
  <TransInfo Description="Small Dirt to Rough Forest" HashKey="838383080808830808">
    <MapTiles>
      <MapTile TileID="364" AltIDMod="0" />
    </MapTiles>
    <StaticTiles />
  </TransInfo>
  <TransInfo Description="Small Dirt to Rough Forest" HashKey="088308080883080883">
    <MapTiles>
      <MapTile TileID="361" AltIDMod="0" />
    </MapTiles>
    <StaticTiles />
  </TransInfo>
  <TransInfo Description="Small Dirt to Rough Forest" HashKey="080883080808838383">
    <MapTiles>
      <MapTile TileID="363" AltIDMod="0" />
    </MapTiles>
    <StaticTiles />
  </TransInfo>
  <TransInfo Description="Small Dirt to Rough Forest" HashKey="838383080808080808">
    <MapTiles>
      <MapTile TileID="360" AltIDMod="0" />
    </MapTiles>
    <StaticTiles />
  </TransInfo>
  <TransInfo Description="Small Dirt to Rough Forest" HashKey="088383080808088383">
    <MapTiles>
      <MapTile TileID="349" AltIDMod="0" />
    </MapTiles>
    <StaticTiles />
  </TransInfo>
  <TransInfo Description="Small Dirt to Rough Forest" HashKey="838383830883838308">
    <MapTiles>
      <MapTile TileID="352" AltIDMod="0" />
    </MapTiles>
    <StaticTiles />
  </TransInfo>
  <TransInfo Description="Small Dirt to Rough Forest" HashKey="830808830808838308">
    <MapTiles>
      <MapTile TileID="362" AltIDMod="0" />
    </MapTiles>
    <StaticTiles />
  </TransInfo>
  <TransInfo Description="Small Dirt to Rough Forest" HashKey="838308830808838308">
    <MapTiles>
      <MapTile TileID="349" AltIDMod="0" />
    </MapTiles>
    <StaticTiles />
  </TransInfo>
  <TransInfo Description="Small Dirt to Rough Forest" HashKey="830883830808088383">
    <MapTiles>
      <MapTile TileID="351" AltIDMod="0" />
    </MapTiles>
    <StaticTiles />
  </TransInfo>
  <TransInfo Description="Small Dirt to Rough Forest" HashKey="088308830808830883">
    <MapTiles>
      <MapTile TileID="349" AltIDMod="0" />
    </MapTiles>
    <StaticTiles />
  </TransInfo>
  <TransInfo Description="Small Dirt to Rough Forest" HashKey="830808830808088308">
    <MapTiles>
      <MapTile TileID="362" AltIDMod="0" />
    </MapTiles>
    <StaticTiles />
  </TransInfo>
  <TransInfo Description="Small Dirt to Rough Forest" HashKey="830883830808080808">
    <MapTiles>
      <MapTile TileID="364" AltIDMod="0" />
    </MapTiles>
    <StaticTiles />
  </TransInfo>
  <TransInfo Description="Small Dirt to Rough Forest" HashKey="830808080808830883">
    <MapTiles>
      <MapTile TileID="362" AltIDMod="0" />
    </MapTiles>
    <StaticTiles />
  </TransInfo>
  <TransInfo Description="Small Dirt to Rough Forest" HashKey="080883830883830883">
    <MapTiles>
      <MapTile TileID="349" AltIDMod="0" />
    </MapTiles>
    <StaticTiles />
  </TransInfo>
  <TransInfo Description="Small Dirt to Rough Forest" HashKey="830883080883838383">
    <MapTiles>
      <MapTile TileID="350" AltIDMod="0" />
    </MapTiles>
    <StaticTiles />
  </TransInfo>
  <TransInfo Description="Small Dirt to Rough Forest" HashKey="830883830883088308">
    <MapTiles>
      <MapTile TileID="352" AltIDMod="0" />
    </MapTiles>
    <StaticTiles />
  </TransInfo>
  <TransInfo Description="Small Dirt to Rough Forest" HashKey="080808080808830883">
    <MapTiles>
      <MapTile TileID="357" AltIDMod="0" />
    </MapTiles>
    <StaticTiles />
  </TransInfo>
  <TransInfo Description="Small Dirt to Rough Forest" HashKey="080883830808080808">
    <MapTiles>
      <MapTile TileID="364" AltIDMod="0" />
    </MapTiles>
    <StaticTiles />
  </TransInfo>
  <TransInfo Description="Small Dirt to Rough Forest" HashKey="088308080808080883">
    <MapTiles>
      <MapTile TileID="361" AltIDMod="0" />
    </MapTiles>
    <StaticTiles />
  </TransInfo>
  <TransInfo Description="Small Dirt to Rough Forest" HashKey="830808830883080883">
    <MapTiles>
      <MapTile TileID="349" AltIDMod="0" />
    </MapTiles>
    <StaticTiles />
  </TransInfo>
  <TransInfo Description="Small Dirt to Rough Forest" HashKey="830808080883830808">
    <MapTiles>
      <MapTile TileID="349" AltIDMod="0" />
    </MapTiles>
    <StaticTiles />
  </TransInfo>
  <TransInfo Description="Small Dirt to Rough Forest" HashKey="080808830808838308">
    <MapTiles>
      <MapTile TileID="362" AltIDMod="0" />
    </MapTiles>
    <StaticTiles />
  </TransInfo>
  <TransInfo Description="Small Dirt to Rough Forest" HashKey="838308080883838308">
    <MapTiles>
      <MapTile TileID="349" AltIDMod="0" />
    </MapTiles>
    <StaticTiles />
  </TransInfo>
  <TransInfo Description="Small Dirt to Rough Forest" HashKey="080883080883838308">
    <MapTiles>
      <MapTile TileID="363" AltIDMod="0" />
    </MapTiles>
    <StaticTiles />
  </TransInfo>
  <TransInfo Description="Small Dirt to Rough Forest" HashKey="830883830883838308">
    <MapTiles>
      <MapTile TileID="352" AltIDMod="0" />
    </MapTiles>
    <StaticTiles />
  </TransInfo>
  <TransInfo Description="Small Dirt to Rough Forest" HashKey="838383080883088383">
    <MapTiles>
      <MapTile TileID="349" AltIDMod="0" />
    </MapTiles>
    <StaticTiles />
  </TransInfo>
  <TransInfo Description="Small Dirt to Rough Forest" HashKey="838308830883830808">
    <MapTiles>
      <MapTile TileID="349" AltIDMod="0" />
    </MapTiles>
    <StaticTiles />
  </TransInfo>
  <TransInfo Description="Small Dirt to Rough Forest" HashKey="838383080883080883">
    <MapTiles>
      <MapTile TileID="361" AltIDMod="0" />
    </MapTiles>
    <StaticTiles />
  </TransInfo>
  <TransInfo Description="Small Dirt to Rough Forest" HashKey="080883080808080808">
    <MapTiles>
      <MapTile TileID="354" AltIDMod="0" />
    </MapTiles>
    <StaticTiles />
  </TransInfo>
  <TransInfo Description="Small Dirt to Rough Forest" HashKey="838308080808088383">
    <MapTiles>
      <MapTile TileID="349" AltIDMod="0" />
    </MapTiles>
    <StaticTiles />
  </TransInfo>
  <TransInfo Description="Small Dirt to Rough Forest" HashKey="088383080883830808">
    <MapTiles>
      <MapTile TileID="350" AltIDMod="0" />
    </MapTiles>
    <StaticTiles />
  </TransInfo>
  <TransInfo Description="Small Dirt to Rough Forest" HashKey="080883830883838383">
    <MapTiles>
      <MapTile TileID="349" AltIDMod="0" />
    </MapTiles>
    <StaticTiles />
  </TransInfo>
  <TransInfo Description="Small Dirt to Rough Forest" HashKey="838383830883838383">
    <MapTiles>
      <MapTile TileID="352" AltIDMod="0" />
    </MapTiles>
    <StaticTiles />
  </TransInfo>
  <TransInfo Description="Small Dirt to Rough Forest" HashKey="838383080808838383">
    <MapTiles>
      <MapTile TileID="352" AltIDMod="0" />
    </MapTiles>
    <StaticTiles />
  </TransInfo>
  <TransInfo Description="Small Dirt to Rough Forest" HashKey="088383080808830808">
    <MapTiles>
      <MapTile TileID="364" AltIDMod="0" />
    </MapTiles>
    <StaticTiles />
  </TransInfo>
  <TransInfo Description="Small Dirt to Rough Forest" HashKey="088383080883088308">
    <MapTiles>
      <MapTile TileID="350" AltIDMod="0" />
    </MapTiles>
    <StaticTiles />
  </TransInfo>
  <TransInfo Description="Small Dirt to Rough Forest" HashKey="080808830883838308">
    <MapTiles>
      <MapTile TileID="349" AltIDMod="0" />
    </MapTiles>
    <StaticTiles />
  </TransInfo>
  <TransInfo Description="Small Dirt to Rough Forest" HashKey="838383830808830883">
    <MapTiles>
      <MapTile TileID="352" AltIDMod="0" />
    </MapTiles>
    <StaticTiles />
  </TransInfo>
  <TransInfo Description="Small Dirt to Rough Forest" HashKey="838383830883830883">
    <MapTiles>
      <MapTile TileID="352" AltIDMod="0" />
    </MapTiles>
    <StaticTiles />
  </TransInfo>
  <TransInfo Description="Small Dirt to Rough Forest" HashKey="088308830883088308">
    <MapTiles>
      <MapTile TileID="349" AltIDMod="0" />
    </MapTiles>
    <StaticTiles />
  </TransInfo>
  <TransInfo Description="Small Dirt to Rough Forest" HashKey="088308080883838383">
    <MapTiles>
      <MapTile TileID="349" AltIDMod="0" />
    </MapTiles>
    <StaticTiles />
  </TransInfo>
  <TransInfo Description="Small Dirt to Rough Forest" HashKey="830808080883838383">
    <MapTiles>
      <MapTile TileID="349" AltIDMod="0" />
    </MapTiles>
    <StaticTiles />
  </TransInfo>
  <TransInfo Description="Small Dirt to Rough Forest" HashKey="088383080808830883">
    <MapTiles>
      <MapTile TileID="349" AltIDMod="0" />
    </MapTiles>
    <StaticTiles />
  </TransInfo>
  <TransInfo Description="Small Dirt to Rough Forest" HashKey="088308830808080808">
    <MapTiles>
      <MapTile TileID="364" AltIDMod="0" />
    </MapTiles>
    <StaticTiles />
  </TransInfo>
  <TransInfo Description="Small Dirt to Rough Forest" HashKey="088383830808088308">
    <MapTiles>
      <MapTile TileID="351" AltIDMod="0" />
    </MapTiles>
    <StaticTiles />
  </TransInfo>
  <TransInfo Description="Small Dirt to Rough Forest" HashKey="080883830883830808">
    <MapTiles>
      <MapTile TileID="349" AltIDMod="0" />
    </MapTiles>
    <StaticTiles />
  </TransInfo>
  <TransInfo Description="Small Dirt to Rough Forest" HashKey="830883080808088308">
    <MapTiles>
      <MapTile TileID="350" AltIDMod="0" />
    </MapTiles>
    <StaticTiles />
  </TransInfo>
  <TransInfo Description="Small Dirt to Rough Forest" HashKey="838308080808838383">
    <MapTiles>
      <MapTile TileID="349" AltIDMod="0" />
    </MapTiles>
    <StaticTiles />
  </TransInfo>
  <TransInfo Description="Small Dirt to Rough Forest" HashKey="830883830808830883">
    <MapTiles>
      <MapTile TileID="352" AltIDMod="0" />
    </MapTiles>
    <StaticTiles />
  </TransInfo>
  <TransInfo Description="Small Dirt to Rough Forest" HashKey="080808080883830883">
    <MapTiles>
      <MapTile TileID="363" AltIDMod="0" />
    </MapTiles>
    <StaticTiles />
  </TransInfo>
  <TransInfo Description="Small Dirt to Rough Forest" HashKey="088308830883838383">
    <MapTiles>
      <MapTile TileID="349" AltIDMod="0" />
    </MapTiles>
    <StaticTiles />
  </TransInfo>
  <TransInfo Description="Small Dirt to Rough Forest" HashKey="838383080808838308">
    <MapTiles>
      <MapTile TileID="352" AltIDMod="0" />
    </MapTiles>
    <StaticTiles />
  </TransInfo>
  <TransInfo Description="Small Dirt to Rough Forest" HashKey="088383830883080883">
    <MapTiles>
      <MapTile TileID="352" AltIDMod="0" />
    </MapTiles>
    <StaticTiles />
  </TransInfo>
  <TransInfo Description="Small Dirt to Rough Forest" HashKey="838308830808830883">
    <MapTiles>
      <MapTile TileID="349" AltIDMod="0" />
    </MapTiles>
    <StaticTiles />
  </TransInfo>
  <TransInfo Description="Small Dirt to Rough Forest" HashKey="838383080808088308">
    <MapTiles>
      <MapTile TileID="351" AltIDMod="0" />
    </MapTiles>
    <StaticTiles />
  </TransInfo>
  <TransInfo Description="Small Dirt to Rough Forest" HashKey="838308830883838308">
    <MapTiles>
      <MapTile TileID="349" AltIDMod="0" />
    </MapTiles>
    <StaticTiles />
  </TransInfo>
  <TransInfo Description="Small Dirt to Rough Forest" HashKey="830808830808830808">
    <MapTiles>
      <MapTile TileID="359" AltIDMod="0" />
    </MapTiles>
    <StaticTiles />
  </TransInfo>
  <TransInfo Description="Small Dirt to Rough Forest" HashKey="830808080883080808">
    <MapTiles>
      <MapTile TileID="361" AltIDMod="0" />
    </MapTiles>
    <StaticTiles />
  </TransInfo>
  <TransInfo Description="Small Dirt to Rough Forest" HashKey="830808080808088383">
    <MapTiles>
      <MapTile TileID="362" AltIDMod="0" />
    </MapTiles>
    <StaticTiles />
  </TransInfo>
  <TransInfo Description="Small Dirt to Rough Forest" HashKey="080883830883088383">
    <MapTiles>
      <MapTile TileID="349" AltIDMod="0" />
    </MapTiles>
    <StaticTiles />
  </TransInfo>
  <TransInfo Description="Small Dirt to Rough Forest" HashKey="830883080883080883">
    <MapTiles>
      <MapTile TileID="361" AltIDMod="0" />
    </MapTiles>
    <StaticTiles />
  </TransInfo>
  <TransInfo Description="Small Dirt to Rough Forest" HashKey="088383830883088383">
    <MapTiles>
      <MapTile TileID="352" AltIDMod="0" />
    </MapTiles>
    <StaticTiles />
  </TransInfo>
  <TransInfo Description="Small Dirt to Rough Forest" HashKey="080808830808830808">
    <MapTiles>
      <MapTile TileID="359" AltIDMod="0" />
    </MapTiles>
    <StaticTiles />
  </TransInfo>
  <TransInfo Description="Small Dirt to Rough Forest" HashKey="838308830808088383">
    <MapTiles>
      <MapTile TileID="350" AltIDMod="0" />
    </MapTiles>
    <StaticTiles />
  </TransInfo>
  <TransInfo Description="Small Dirt to Rough Forest" HashKey="838308080883830883">
    <MapTiles>
      <MapTile TileID="349" AltIDMod="0" />
    </MapTiles>
    <StaticTiles />
  </TransInfo>
  <TransInfo Description="Small Dirt to Rough Forest" HashKey="088383830808838383">
    <MapTiles>
      <MapTile TileID="352" AltIDMod="0" />
    </MapTiles>
    <StaticTiles />
  </TransInfo>
  <TransInfo Description="Small Dirt to Rough Forest" HashKey="080883830808838308">
    <MapTiles>
      <MapTile TileID="349" AltIDMod="0" />
    </MapTiles>
    <StaticTiles />
  </TransInfo>
  <TransInfo Description="Small Dirt to Rough Forest" HashKey="830808080808838308">
    <MapTiles>
      <MapTile TileID="362" AltIDMod="0" />
    </MapTiles>
    <StaticTiles />
  </TransInfo>
  <TransInfo Description="Small Dirt to Rough Forest" HashKey="088308080883830883">
    <MapTiles>
      <MapTile TileID="349" AltIDMod="0" />
    </MapTiles>
    <StaticTiles />
  </TransInfo>
  <TransInfo Description="Small Dirt to Rough Forest" HashKey="838383080883838383">
    <MapTiles>
      <MapTile TileID="349" AltIDMod="0" />
    </MapTiles>
    <StaticTiles />
  </TransInfo>
  <TransInfo Description="Small Dirt to Rough Forest" HashKey="830808080883088308">
    <MapTiles>
      <MapTile TileID="349" AltIDMod="0" />
    </MapTiles>
    <StaticTiles />
  </TransInfo>
  <TransInfo Description="Small Dirt to Rough Forest" HashKey="080883830808088308">
    <MapTiles>
      <MapTile TileID="349" AltIDMod="0" />
    </MapTiles>
    <StaticTiles />
  </TransInfo>
  <TransInfo Description="Small Dirt to Rough Forest" HashKey="080808830808080808">
    <MapTiles>
      <MapTile TileID="359" AltIDMod="0" />
    </MapTiles>
    <StaticTiles />
  </TransInfo>
  <TransInfo Description="Small Dirt to Rough Forest" HashKey="080883080808830883">
    <MapTiles>
      <MapTile TileID="363" AltIDMod="0" />
    </MapTiles>
    <StaticTiles />
  </TransInfo>
  <TransInfo Description="Small Dirt to Rough Forest" HashKey="830883830808838383">
    <MapTiles>
      <MapTile TileID="352" AltIDMod="0" />
    </MapTiles>
    <StaticTiles />
  </TransInfo>
  <TransInfo Description="Small Dirt to Rough Forest" HashKey="838308080883080808">
    <MapTiles>
      <MapTile TileID="361" AltIDMod="0" />
    </MapTiles>
    <StaticTiles />
  </TransInfo>
  <TransInfo Description="Small Dirt to Rough Forest" HashKey="080808830883088308">
    <MapTiles>
      <MapTile TileID="349" AltIDMod="0" />
    </MapTiles>
    <StaticTiles />
  </TransInfo>
  <TransInfo Description="Small Dirt to Rough Forest" HashKey="088308080808838308">
    <MapTiles>
      <MapTile TileID="349" AltIDMod="0" />
    </MapTiles>
    <StaticTiles />
  </TransInfo>
  <TransInfo Description="Small Dirt to Rough Forest" HashKey="080883080883080808">
    <MapTiles>
      <MapTile TileID="358" AltIDMod="0" />
    </MapTiles>
    <StaticTiles />
  </TransInfo>
  <TransInfo Description="Small Dirt to Rough Forest" HashKey="838308080808830883">
    <MapTiles>
      <MapTile TileID="349" AltIDMod="0" />
    </MapTiles>
    <StaticTiles />
  </TransInfo>
  <TransInfo Description="Small Dirt to Rough Forest" HashKey="838383830808080808">
    <MapTiles>
      <MapTile TileID="364" AltIDMod="0" />
    </MapTiles>
    <StaticTiles />
  </TransInfo>
  <TransInfo Description="Small Dirt to Rough Forest" HashKey="830883080808830808">
    <MapTiles>
      <MapTile TileID="364" AltIDMod="0" />
    </MapTiles>
    <StaticTiles />
  </TransInfo>
  <TransInfo Description="Small Dirt to Rough Forest" HashKey="088383830883838383">
    <MapTiles>
      <MapTile TileID="352" AltIDMod="0" />
    </MapTiles>
    <StaticTiles />
  </TransInfo>
  <TransInfo Description="Small Dirt to Rough Forest" HashKey="080883080883830808">
    <MapTiles>
      <MapTile TileID="363" AltIDMod="0" />
    </MapTiles>
    <StaticTiles />
  </TransInfo>
  <TransInfo Description="Small Dirt to Rough Forest" HashKey="838308830883080808">
    <MapTiles>
      <MapTile TileID="349" AltIDMod="0" />
    </MapTiles>
    <StaticTiles />
  </TransInfo>
  <TransInfo Description="Small Dirt to Rough Forest" HashKey="088383080808080808">
    <MapTiles>
      <MapTile TileID="360" AltIDMod="0" />
    </MapTiles>
    <StaticTiles />
  </TransInfo>
  <TransInfo Description="Small Dirt to Rough Forest" HashKey="838383830808838383">
    <MapTiles>
      <MapTile TileID="352" AltIDMod="0" />
    </MapTiles>
    <StaticTiles />
  </TransInfo>
  <TransInfo Description="Small Dirt to Rough Forest" HashKey="088383080883838308">
    <MapTiles>
      <MapTile TileID="350" AltIDMod="0" />
    </MapTiles>
    <StaticTiles />
  </TransInfo>
  <TransInfo Description="Small Dirt to Rough Forest" HashKey="838308080808080808">
    <MapTiles>
      <MapTile TileID="360" AltIDMod="0" />
    </MapTiles>
    <StaticTiles />
  </TransInfo>
  <TransInfo Description="Small Dirt to Rough Forest" HashKey="088308830808838308">
    <MapTiles>
      <MapTile TileID="349" AltIDMod="0" />
    </MapTiles>
    <StaticTiles />
  </TransInfo>
  <TransInfo Description="Small Dirt to Rough Forest" HashKey="838308830883088383">
    <MapTiles>
      <MapTile TileID="349" AltIDMod="0" />
    </MapTiles>
    <StaticTiles />
  </TransInfo>
  <TransInfo Description="Small Dirt to Rough Forest" HashKey="830808830808080883">
    <MapTiles>
      <MapTile TileID="362" AltIDMod="0" />
    </MapTiles>
    <StaticTiles />
  </TransInfo>
  <TransInfo Description="Small Dirt to Rough Forest" HashKey="088383830808830808">
    <MapTiles>
      <MapTile TileID="364" AltIDMod="0" />
    </MapTiles>
    <StaticTiles />
  </TransInfo>
  <TransInfo Description="Small Dirt to Rough Forest" HashKey="088308830883080808">
    <MapTiles>
      <MapTile TileID="349" AltIDMod="0" />
    </MapTiles>
    <StaticTiles />
  </TransInfo>
  <TransInfo Description="Small Dirt to Rough Forest" HashKey="830883080883830808">
    <MapTiles>
      <MapTile TileID="350" AltIDMod="0" />
    </MapTiles>
    <StaticTiles />
  </TransInfo>
  <TransInfo Description="Small Dirt to Rough Forest" HashKey="830883830883080883">
    <MapTiles>
      <MapTile TileID="352" AltIDMod="0" />
    </MapTiles>
    <StaticTiles />
  </TransInfo>
  <TransInfo Description="Small Dirt to Rough Forest" HashKey="088308830808088308">
    <MapTiles>
      <MapTile TileID="349" AltIDMod="0" />
    </MapTiles>
    <StaticTiles />
  </TransInfo>
  <TransInfo Description="Small Dirt to Rough Forest" HashKey="088383830808080808">
    <MapTiles>
      <MapTile TileID="364" AltIDMod="0" />
    </MapTiles>
    <StaticTiles />
  </TransInfo>
  <TransInfo Description="Small Dirt to Rough Forest" HashKey="088308080883088383">
    <MapTiles>
      <MapTile TileID="349" AltIDMod="0" />
    </MapTiles>
    <StaticTiles />
  </TransInfo>
  <TransInfo Description="Small Dirt to Rough Forest" HashKey="080808080808838308">
    <MapTiles>
      <MapTile TileID="357" AltIDMod="0" />
    </MapTiles>
    <StaticTiles />
  </TransInfo>
  <TransInfo Description="Small Dirt to Rough Forest" HashKey="088308080808088308">
    <MapTiles>
      <MapTile TileID="349" AltIDMod="0" />
    </MapTiles>
    <StaticTiles />
  </TransInfo>
  <TransInfo Description="Small Dirt to Rough Forest" HashKey="838383830883080808">
    <MapTiles>
      <MapTile TileID="352" AltIDMod="0" />
    </MapTiles>
    <StaticTiles />
  </TransInfo>
  <TransInfo Description="Small Dirt to Rough Forest" HashKey="838308080808830808">
    <MapTiles>
      <MapTile TileID="364" AltIDMod="0" />
    </MapTiles>
    <StaticTiles />
  </TransInfo>
  <TransInfo Description="Small Dirt to Rough Forest" HashKey="830808830883088308">
    <MapTiles>
      <MapTile TileID="349" AltIDMod="0" />
    </MapTiles>
    <StaticTiles />
  </TransInfo>
  <TransInfo Description="Small Dirt to Rough Forest" HashKey="088308080883080808">
    <MapTiles>
      <MapTile TileID="361" AltIDMod="0" />
    </MapTiles>
    <StaticTiles />
  </TransInfo>
  <TransInfo Description="Small Dirt to Rough Forest" HashKey="838308080883088308">
    <MapTiles>
      <MapTile TileID="349" AltIDMod="0" />
    </MapTiles>
    <StaticTiles />
  </TransInfo>
  <TransInfo Description="Small Dirt to Rough Forest" HashKey="080808080883080808">
    <MapTiles>
      <MapTile TileID="358" AltIDMod="0" />
    </MapTiles>
    <StaticTiles />
  </TransInfo>
  <TransInfo Description="Small Dirt to Rough Forest" HashKey="830883080808830883">
    <MapTiles>
      <MapTile TileID="352" AltIDMod="0" />
    </MapTiles>
    <StaticTiles />
  </TransInfo>
  <TransInfo Description="Small Dirt to Rough Forest" HashKey="080808080808088308">
    <MapTiles>
      <MapTile TileID="357" AltIDMod="0" />
    </MapTiles>
    <StaticTiles />
  </TransInfo>
  <TransInfo Description="Small Dirt to Rough Forest" HashKey="080808830808830883">
    <MapTiles>
      <MapTile TileID="362" AltIDMod="0" />
    </MapTiles>
    <StaticTiles />
  </TransInfo>
  <TransInfo Description="Small Dirt to Rough Forest" HashKey="838383080883080808">
    <MapTiles>
      <MapTile TileID="361" AltIDMod="0" />
    </MapTiles>
    <StaticTiles />
  </TransInfo>
  <TransInfo Description="Small Dirt to Rough Forest" HashKey="838383080808080883">
    <MapTiles>
      <MapTile TileID="361" AltIDMod="0" />
    </MapTiles>
    <StaticTiles />
  </TransInfo>
  <TransInfo Description="Small Dirt to Rough Forest" HashKey="830808830883838308">
    <MapTiles>
      <MapTile TileID="349" AltIDMod="0" />
    </MapTiles>
    <StaticTiles />
  </TransInfo>
  <TransInfo Description="Small Dirt to Rough Forest" HashKey="088383830883830883">
    <MapTiles>
      <MapTile TileID="352" AltIDMod="0" />
    </MapTiles>
    <StaticTiles />
  </TransInfo>
  <TransInfo Description="Small Dirt to Rough Forest" HashKey="830883080883088383">
    <MapTiles>
      <MapTile TileID="350" AltIDMod="0" />
    </MapTiles>
    <StaticTiles />
  </TransInfo>
  <TransInfo Description="Small Dirt to Rough Forest" HashKey="830808830883830883">
    <MapTiles>
      <MapTile TileID="349" AltIDMod="0" />
    </MapTiles>
    <StaticTiles />
  </TransInfo>
  <TransInfo Description="Small Dirt to Rough Forest" HashKey="838383080808830883">
    <MapTiles>
      <MapTile TileID="352" AltIDMod="0" />
    </MapTiles>
    <StaticTiles />
  </TransInfo>
  <TransInfo Description="Small Dirt to Rough Forest" HashKey="088383830883830808">
    <MapTiles>
      <MapTile TileID="352" AltIDMod="0" />
    </MapTiles>
    <StaticTiles />
  </TransInfo>
  <TransInfo Description="Small Dirt to Rough Forest" HashKey="080808830808838383">
    <MapTiles>
      <MapTile TileID="362" AltIDMod="0" />
    </MapTiles>
    <StaticTiles />
  </TransInfo>
  <TransInfo Description="Small Dirt to Rough Forest" HashKey="080883830808830808">
    <MapTiles>
      <MapTile TileID="364" AltIDMod="0" />
    </MapTiles>
    <StaticTiles />
  </TransInfo>
  <TransInfo Description="Small Dirt to Rough Forest" HashKey="080883080808088383">
    <MapTiles>
      <MapTile TileID="363" AltIDMod="0" />
    </MapTiles>
    <StaticTiles />
  </TransInfo>
  <TransInfo Description="Small Dirt to Rough Forest" HashKey="830808830808088383">
    <MapTiles>
      <MapTile TileID="362" AltIDMod="0" />
    </MapTiles>
    <StaticTiles />
  </TransInfo>
  <TransInfo Description="Small Dirt to Rough Forest" HashKey="830883830808080883">
    <MapTiles>
      <MapTile TileID="351" AltIDMod="0" />
    </MapTiles>
    <StaticTiles />
  </TransInfo>
  <TransInfo Description="Small Dirt to Rough Forest" HashKey="080808080883080883">
    <MapTiles>
      <MapTile TileID="358" AltIDMod="0" />
    </MapTiles>
    <StaticTiles />
  </TransInfo>
  <TransInfo Description="Small Dirt to Rough Forest" HashKey="080808830883830808">
    <MapTiles>
      <MapTile TileID="349" AltIDMod="0" />
    </MapTiles>
    <StaticTiles />
  </TransInfo>
  <TransInfo Description="Small Dirt to Rough Forest" HashKey="838308830808838383">
    <MapTiles>
      <MapTile TileID="349" AltIDMod="0" />
    </MapTiles>
    <StaticTiles />
  </TransInfo>
  <TransInfo Description="Small Dirt to Rough Forest" HashKey="830883830883088383">
    <MapTiles>
      <MapTile TileID="352" AltIDMod="0" />
    </MapTiles>
    <StaticTiles />
  </TransInfo>
  <TransInfo Description="Small Dirt to Rough Forest" HashKey="080808080883088383">
    <MapTiles>
      <MapTile TileID="363" AltIDMod="0" />
    </MapTiles>
    <StaticTiles />
  </TransInfo>
  <TransInfo Description="Small Dirt to Rough Forest" HashKey="838383080883830808">
    <MapTiles>
      <MapTile TileID="349" AltIDMod="0" />
    </MapTiles>
    <StaticTiles />
  </TransInfo>
  <TransInfo Description="Small Dirt to Rough Forest" HashKey="088308830883830883">
    <MapTiles>
      <MapTile TileID="349" AltIDMod="0" />
    </MapTiles>
    <StaticTiles />
  </TransInfo>
  <TransInfo Description="Small Dirt to Rough Forest" HashKey="838383830808838308">
    <MapTiles>
      <MapTile TileID="352" AltIDMod="0" />
    </MapTiles>
    <StaticTiles />
  </TransInfo>
  <TransInfo Description="Small Dirt to Rough Forest" HashKey="088383080883080808">
    <MapTiles>
      <MapTile TileID="361" AltIDMod="0" />
    </MapTiles>
    <StaticTiles />
  </TransInfo>
  <TransInfo Description="Small Dirt to Rough Forest" HashKey="088383080808838308">
    <MapTiles>
      <MapTile TileID="349" AltIDMod="0" />
    </MapTiles>
    <StaticTiles />
  </TransInfo>
  <TransInfo Description="Small Dirt to Rough Forest" HashKey="080883080883088308">
    <MapTiles>
      <MapTile TileID="363" AltIDMod="0" />
    </MapTiles>
    <StaticTiles />
  </TransInfo>
  <TransInfo Description="Small Dirt to Rough Forest" HashKey="080808830808088308">
    <MapTiles>
      <MapTile TileID="362" AltIDMod="0" />
    </MapTiles>
    <StaticTiles />
  </TransInfo>
  <TransInfo Description="Small Dirt to Rough Forest" HashKey="830883080808080883">
    <MapTiles>
      <MapTile TileID="361" AltIDMod="0" />
    </MapTiles>
    <StaticTiles />
  </TransInfo>
  <TransInfo Description="Small Dirt to Rough Forest" HashKey="838383830808088308">
    <MapTiles>
      <MapTile TileID="350" AltIDMod="0" />
    </MapTiles>
    <StaticTiles />
  </TransInfo>
  <TransInfo Description="Small Dirt to Rough Forest" HashKey="838308830808080808">
    <MapTiles>
      <MapTile TileID="364" AltIDMod="0" />
    </MapTiles>
    <StaticTiles />
  </TransInfo>
  <TransInfo Description="Small Dirt to Rough Forest" HashKey="088308080808830808">
    <MapTiles>
      <MapTile TileID="364" AltIDMod="0" />
    </MapTiles>
    <StaticTiles />
  </TransInfo>
  <TransInfo Description="Small Dirt to Rough Forest" HashKey="830808080808838383">
    <MapTiles>
      <MapTile TileID="362" AltIDMod="0" />
    </MapTiles>
    <StaticTiles />
  </TransInfo>
  <TransInfo Description="Small Dirt to Rough Forest" HashKey="838308080883838383">
    <MapTiles>
      <MapTile TileID="349" AltIDMod="0" />
    </MapTiles>
    <StaticTiles />
  </TransInfo>
  <TransInfo Description="Small Dirt to Rough Forest" HashKey="088383080808088308">
    <MapTiles>
      <MapTile TileID="349" AltIDMod="0" />
    </MapTiles>
    <StaticTiles />
  </TransInfo>
  <TransInfo Description="Small Dirt to Rough Forest" HashKey="838308830883830883">
    <MapTiles>
      <MapTile TileID="349" AltIDMod="0" />
    </MapTiles>
    <StaticTiles />
  </TransInfo>
  <TransInfo Description="Small Dirt to Rough Forest" HashKey="830808830808838383">
    <MapTiles>
      <MapTile TileID="362" AltIDMod="0" />
    </MapTiles>
    <StaticTiles />
  </TransInfo>
  <TransInfo Description="Small Dirt to Rough Forest" HashKey="080883080883088383">
    <MapTiles>
      <MapTile TileID="363" AltIDMod="0" />
    </MapTiles>
    <StaticTiles />
  </TransInfo>
  <TransInfo Description="Small Dirt to Rough Forest" HashKey="080883080808080883">
    <MapTiles>
      <MapTile TileID="358" AltIDMod="0" />
    </MapTiles>
    <StaticTiles />
  </TransInfo>
  <TransInfo Description="Small Dirt to Rough Forest" HashKey="830883080883088308">
    <MapTiles>
      <MapTile TileID="350" AltIDMod="0" />
    </MapTiles>
    <StaticTiles />
  </TransInfo>
  <TransInfo Description="Small Dirt to Rough Forest" HashKey="088383830883080808">
    <MapTiles>
      <MapTile TileID="352" AltIDMod="0" />
    </MapTiles>
    <StaticTiles />
  </TransInfo>
  <TransInfo Description="Small Dirt to Rough Forest" HashKey="088308830808830808">
    <MapTiles>
      <MapTile TileID="364" AltIDMod="0" />
    </MapTiles>
    <StaticTiles />
  </TransInfo>
  <TransInfo Description="Small Dirt to Rough Forest" HashKey="088383830808838308">
    <MapTiles>
      <MapTile TileID="352" AltIDMod="0" />
    </MapTiles>
    <StaticTiles />
  </TransInfo>
  <TransInfo Description="Small Dirt to Rough Forest" HashKey="838383830883088383">
    <MapTiles>
      <MapTile TileID="352" AltIDMod="0" />
    </MapTiles>
    <StaticTiles />
  </TransInfo>
  <TransInfo Description="Small Dirt to Rough Forest" HashKey="830883080883838308">
    <MapTiles>
      <MapTile TileID="350" AltIDMod="0" />
    </MapTiles>
    <StaticTiles />
  </TransInfo>
  <TransInfo Description="Small Dirt to Rough Forest" HashKey="088308080808080808">
    <MapTiles>
      <MapTile TileID="360" AltIDMod="0" />
    </MapTiles>
    <StaticTiles />
  </TransInfo>
  <TransInfo Description="Small Dirt to Rough Forest" HashKey="088308080883838308">
    <MapTiles>
      <MapTile TileID="349" AltIDMod="0" />
    </MapTiles>
    <StaticTiles />
  </TransInfo>
  <TransInfo Description="Small Dirt to Rough Forest" HashKey="080808080808830808">
    <MapTiles>
      <MapTile TileID="353" AltIDMod="0" />
    </MapTiles>
    <StaticTiles />
  </TransInfo>
  <TransInfo Description="Small Dirt to Rough Forest" HashKey="080883830808080883">
    <MapTiles>
      <MapTile TileID="349" AltIDMod="0" />
    </MapTiles>
    <StaticTiles />
  </TransInfo>
  <TransInfo Description="Small Dirt to Rough Forest" HashKey="080808830808088383">
    <MapTiles>
      <MapTile TileID="362" AltIDMod="0" />
    </MapTiles>
    <StaticTiles />
  </TransInfo>
  <TransInfo Description="Small Dirt to Rough Forest" HashKey="830883080808088383">
    <MapTiles>
      <MapTile TileID="350" AltIDMod="0" />
    </MapTiles>
    <StaticTiles />
  </TransInfo>
  <TransInfo Description="Small Dirt to Rough Forest" HashKey="830883830808830808">
    <MapTiles>
      <MapTile TileID="364" AltIDMod="0" />
    </MapTiles>
    <StaticTiles />
  </TransInfo>
  <TransInfo Description="Small Dirt to Rough Forest" HashKey="830808830883080808">
    <MapTiles>
      <MapTile TileID="349" AltIDMod="0" />
    </MapTiles>
    <StaticTiles />
  </TransInfo>
  <TransInfo Description="Small Dirt to Rough Forest" HashKey="080808830883080883">
    <MapTiles>
      <MapTile TileID="349" AltIDMod="0" />
    </MapTiles>
    <StaticTiles />
  </TransInfo>
  <TransInfo Description="Small Dirt to Rough Forest" HashKey="838383830883088308">
    <MapTiles>
      <MapTile TileID="352" AltIDMod="0" />
    </MapTiles>
    <StaticTiles />
  </TransInfo>
  <TransInfo Description="Small Dirt to Rough Forest" HashKey="838308080808838308">
    <MapTiles>
      <MapTile TileID="349" AltIDMod="0" />
    </MapTiles>
    <StaticTiles />
  </TransInfo>
  <TransInfo Description="Small Dirt to Rough Forest" HashKey="838383080883088308">
    <MapTiles>
      <MapTile TileID="349" AltIDMod="0" />
    </MapTiles>
    <StaticTiles />
  </TransInfo>
  <TransInfo Description="Small Dirt to Rough Forest" HashKey="830808080808080808">
    <MapTiles>
      <MapTile TileID="355" AltIDMod="0" />
    </MapTiles>
    <StaticTiles />
  </TransInfo>
  <TransInfo Description="Small Dirt to Rough Forest" HashKey="830883830883838383">
    <MapTiles>
      <MapTile TileID="352" AltIDMod="0" />
    </MapTiles>
    <StaticTiles />
  </TransInfo>
  <TransInfo Description="Small Dirt to Rough Forest" HashKey="830808830808830883">
    <MapTiles>
      <MapTile TileID="362" AltIDMod="0" />
    </MapTiles>
    <StaticTiles />
  </TransInfo>
  <TransInfo Description="Small Dirt to Rough Forest" HashKey="830808080808088308">
    <MapTiles>
      <MapTile TileID="362" AltIDMod="0" />
    </MapTiles>
    <StaticTiles />
  </TransInfo>
  <TransInfo Description="Small Dirt to Rough Forest" HashKey="080883830883088308">
    <MapTiles>
      <MapTile TileID="349" AltIDMod="0" />
    </MapTiles>
    <StaticTiles />
  </TransInfo>
  <TransInfo Description="Small Dirt to Rough Forest" HashKey="080883080883838383">
    <MapTiles>
      <MapTile TileID="363" AltIDMod="0" />
    </MapTiles>
    <StaticTiles />
  </TransInfo>
  <TransInfo Description="Small Dirt to Rough Forest" HashKey="830883830883830883">
    <MapTiles>
      <MapTile TileID="352" AltIDMod="0" />
    </MapTiles>
    <StaticTiles />
  </TransInfo>
  <TransInfo Description="Small Dirt to Rough Forest" HashKey="838308830808830808">
    <MapTiles>
      <MapTile TileID="364" AltIDMod="0" />
    </MapTiles>
    <StaticTiles />
  </TransInfo>
  <TransInfo Description="Small Dirt to Rough Forest" HashKey="830883080883080808">
    <MapTiles>
      <MapTile TileID="361" AltIDMod="0" />
    </MapTiles>
    <StaticTiles />
  </TransInfo>
  <TransInfo Description="Small Dirt to Rough Forest" HashKey="838308080808088308">
    <MapTiles>
      <MapTile TileID="349" AltIDMod="0" />
    </MapTiles>
    <StaticTiles />
  </TransInfo>
  <TransInfo Description="Small Dirt to Rough Forest" HashKey="088383080883830883">
    <MapTiles>
      <MapTile TileID="350" AltIDMod="0" />
    </MapTiles>
    <StaticTiles />
  </TransInfo>
  <TransInfo Description="Small Dirt to Rough Forest" HashKey="080883830883838308">
    <MapTiles>
      <MapTile TileID="349" AltIDMod="0" />
    </MapTiles>
    <StaticTiles />
  </TransInfo>
  <TransInfo Description="Small Dirt to Rough Forest" HashKey="838308830808088308">
    <MapTiles>
      <MapTile TileID="350" AltIDMod="0" />
    </MapTiles>
    <StaticTiles />
  </TransInfo>
  <TransInfo Description="Small Dirt to Rough Forest" HashKey="838308830883088308">
    <MapTiles>
      <MapTile TileID="349" AltIDMod="0" />
    </MapTiles>
    <StaticTiles />
  </TransInfo>
  <TransInfo Description="Small Dirt to Rough Forest" HashKey="080808080883830808">
    <MapTiles>
      <MapTile TileID="363" AltIDMod="0" />
    </MapTiles>
    <StaticTiles />
  </TransInfo>
  <TransInfo Description="Small Dirt to Rough Forest" HashKey="080883830883080883">
    <MapTiles>
      <MapTile TileID="349" AltIDMod="0" />
    </MapTiles>
    <StaticTiles />
  </TransInfo>
  <TransInfo Description="Small Dirt to Rough Forest" HashKey="080808830883838383">
    <MapTiles>
      <MapTile TileID="349" AltIDMod="0" />
    </MapTiles>
    <StaticTiles />
  </TransInfo>
  <TransInfo Description="Small Dirt to Rough Forest" HashKey="838308830808080883">
    <MapTiles>
      <MapTile TileID="350" AltIDMod="0" />
    </MapTiles>
    <StaticTiles />
  </TransInfo>
  <TransInfo Description="Small Dirt to Rough Forest" HashKey="830808080883088383">
    <MapTiles>
      <MapTile TileID="349" AltIDMod="0" />
    </MapTiles>
    <StaticTiles />
  </TransInfo>
  <TransInfo Description="Small Dirt to Rough Forest" HashKey="838383830808830808">
    <MapTiles>
      <MapTile TileID="364" AltIDMod="0" />
    </MapTiles>
    <StaticTiles />
  </TransInfo>
  <TransInfo Description="Small Dirt to Rough Forest" HashKey="080808830808080883">
    <MapTiles>
      <MapTile TileID="362" AltIDMod="0" />
    </MapTiles>
    <StaticTiles />
  </TransInfo>
  <TransInfo Description="Small Dirt to Rough Forest" HashKey="088308830883088383">
    <MapTiles>
      <MapTile TileID="349" AltIDMod="0" />
    </MapTiles>
    <StaticTiles />
  </TransInfo>
  <TransInfo Description="Small Dirt to Rough Forest" HashKey="838383080883838308">
    <MapTiles>
      <MapTile TileID="349" AltIDMod="0" />
    </MapTiles>
    <StaticTiles />
  </TransInfo>
  <TransInfo Description="Small Dirt to Rough Forest" HashKey="838308080883080883">
    <MapTiles>
      <MapTile TileID="361" AltIDMod="0" />
    </MapTiles>
    <StaticTiles />
  </TransInfo>
  <TransInfo Description="Small Dirt to Rough Forest" HashKey="080808830883088383">
    <MapTiles>
      <MapTile TileID="349" AltIDMod="0" />
    </MapTiles>
    <StaticTiles />
  </TransInfo>
  <TransInfo Description="Small Dirt to Rough Forest" HashKey="088308830808080883">
    <MapTiles>
      <MapTile TileID="349" AltIDMod="0" />
    </MapTiles>
    <StaticTiles />
  </TransInfo>
  <TransInfo Description="Small Dirt to Rough Forest" HashKey="088383830808088383">
    <MapTiles>
      <MapTile TileID="351" AltIDMod="0" />
    </MapTiles>
    <StaticTiles />
  </TransInfo>
  <TransInfo Description="Small Dirt to Rough Forest" HashKey="088308830883838308">
    <MapTiles>
      <MapTile TileID="349" AltIDMod="0" />
    </MapTiles>
    <StaticTiles />
  </TransInfo>
  <TransInfo Description="Small Dirt to Rough Forest" HashKey="838308080883088383">
    <MapTiles>
      <MapTile TileID="349" AltIDMod="0" />
    </MapTiles>
    <StaticTiles />
  </TransInfo>
  <TransInfo Description="Small Dirt to Rough Forest" HashKey="838383080808088383">
    <MapTiles>
      <MapTile TileID="351" AltIDMod="0" />
    </MapTiles>
    <StaticTiles />
  </TransInfo>
  <TransInfo Description="Small Dirt to Rough Forest" HashKey="838308830883838383">
    <MapTiles>
      <MapTile TileID="349" AltIDMod="0" />
    </MapTiles>
    <StaticTiles />
  </TransInfo>
  <TransInfo Description="Small Dirt to Rough Forest" HashKey="838383830883080883">
    <MapTiles>
      <MapTile TileID="352" AltIDMod="0" />
    </MapTiles>
    <StaticTiles />
  </TransInfo>
  <TransInfo Description="Small Dirt to Rough Forest" HashKey="088308080808838383">
    <MapTiles>
      <MapTile TileID="349" AltIDMod="0" />
    </MapTiles>
    <StaticTiles />
  </TransInfo>
  <TransInfo Description="Small Dirt to Rough Forest" HashKey="088383830883838308">
    <MapTiles>
      <MapTile TileID="352" AltIDMod="0" />
    </MapTiles>
    <StaticTiles />
  </TransInfo>
  <TransInfo Description="Small Dirt to Rough Forest" HashKey="080883080883830883">
    <MapTiles>
      <MapTile TileID="363" AltIDMod="0" />
    </MapTiles>
    <StaticTiles />
  </TransInfo>
  <TransInfo Description="Small Dirt to Rough Forest" HashKey="830883080808838308">
    <MapTiles>
      <MapTile TileID="352" AltIDMod="0" />
    </MapTiles>
    <StaticTiles />
  </TransInfo>
  <TransInfo Description="Small Dirt to Rough Forest" HashKey="080808080808080883">
    <MapTiles>
      <MapTile TileID="356" AltIDMod="0" />
    </MapTiles>
    <StaticTiles />
  </TransInfo>
  <TransInfo Description="Small Dirt to Rough Forest" HashKey="088308080808830883">
    <MapTiles>
      <MapTile TileID="349" AltIDMod="0" />
    </MapTiles>
    <StaticTiles />
  </TransInfo>
  <TransInfo Description="Small Dirt to Rough Forest" HashKey="838308080883830808">
    <MapTiles>
      <MapTile TileID="349" AltIDMod="0" />
    </MapTiles>
    <StaticTiles />
  </TransInfo>
  <TransInfo Description="Small Dirt to Rough Forest" HashKey="088383080883838383">
    <MapTiles>
      <MapTile TileID="350" AltIDMod="0" />
    </MapTiles>
    <StaticTiles />
  </TransInfo>
  <TransInfo Description="Small Dirt to Rough Forest" HashKey="088383830883088308">
    <MapTiles>
      <MapTile TileID="352" AltIDMod="0" />
    </MapTiles>
    <StaticTiles />
  </TransInfo>
  <TransInfo Description="Small Dirt to Rough Forest" HashKey="080883830808838383">
    <MapTiles>
      <MapTile TileID="349" AltIDMod="0" />
    </MapTiles>
    <StaticTiles />
  </TransInfo>
  <TransInfo Description="Small Dirt to Rough Forest" HashKey="830808830808080808">
    <MapTiles>
      <MapTile TileID="359" AltIDMod="0" />
    </MapTiles>
    <StaticTiles />
  </TransInfo>
</Trans>