﻿<?xml version="1.0" encoding="utf-8"?>
<Trans>
    <TransInfo Description="Blue Tile to Small Dirt SN" HashKey="080808111111111111">
    <MapTiles>
      <MapTile TileID="1049" AltIDMod="0" />
    </MapTiles>
    <StaticTiles />
  </TransInfo>
  <TransInfo Description="Blue Tile to Small Dirt SN" HashKey="110808111111111111">
    <MapTiles>
      <MapTile TileID="1049" AltIDMod="0" />
    </MapTiles>
    <StaticTiles />
  </TransInfo>
  <TransInfo Description="Blue Tile to Small Dirt SN" HashKey="080811111111111111">
    <MapTiles>
      <MapTile TileID="1049" AltIDMod="0" />
    </MapTiles>
    <StaticTiles />
  </TransInfo>
  <TransInfo Description="Blue Tile to Small Dirt SN" HashKey="110811111111111111">
    <MapTiles>
      <MapTile TileID="1049" AltIDMod="0" />
    </MapTiles>
    <StaticTiles />
  </TransInfo>
  <TransInfo Description="Blue Tile to Small Dirt SN" HashKey="081108111111111111">
    <MapTiles>
      <MapTile TileID="1049" AltIDMod="0" />
    </MapTiles>
    <StaticTiles />
  </TransInfo>
  <TransInfo Description="Blue Tile to Small Dirt EW" HashKey="081111081111081111">
    <MapTiles>
      <MapTile TileID="1048" AltIDMod="0" />
    </MapTiles>
    <StaticTiles />
  </TransInfo>
  <TransInfo Description="Blue Tile to Small Dirt EW" HashKey="081111081111111111">
    <MapTiles>
      <MapTile TileID="1048" AltIDMod="0" />
    </MapTiles>
    <StaticTiles />
  </TransInfo>
  <TransInfo Description="Blue Tile to Small Dirt EW" HashKey="111111081111081111">
    <MapTiles>
      <MapTile TileID="1048" AltIDMod="0" />
    </MapTiles>
    <StaticTiles />
  </TransInfo>
  <TransInfo Description="Blue Tile to Small Dirt EW" HashKey="111111081111111111">
    <MapTiles>
      <MapTile TileID="1048" AltIDMod="0" />
    </MapTiles>
    <StaticTiles />
  </TransInfo>
  <TransInfo Description="Blue Tile to Small Dirt EW" HashKey="081111111111081111">
    <MapTiles>
      <MapTile TileID="1048" AltIDMod="0" />
    </MapTiles>
    <StaticTiles />
  </TransInfo>
  <TransInfo Description="Blue Tile to Small Dirt WE" HashKey="111108111108111108">
    <MapTiles>
      <MapTile TileID="1046" AltIDMod="0" />
    </MapTiles>
    <StaticTiles />
  </TransInfo>
  <TransInfo Description="Blue Tile to Small Dirt WE" HashKey="111111111108111108">
    <MapTiles>
      <MapTile TileID="1046" AltIDMod="0" />
    </MapTiles>
    <StaticTiles />
  </TransInfo>
  <TransInfo Description="Blue Tile to Small Dirt WE" HashKey="111108111108111111">
    <MapTiles>
      <MapTile TileID="1046" AltIDMod="0" />
    </MapTiles>
    <StaticTiles />
  </TransInfo>
  <TransInfo Description="Blue Tile to Small Dirt WE" HashKey="111111111108111111">
    <MapTiles>
      <MapTile TileID="1046" AltIDMod="0" />
    </MapTiles>
    <StaticTiles />
  </TransInfo>
  <TransInfo Description="Blue Tile to Small Dirt WE" HashKey="111108111111111108">
    <MapTiles>
      <MapTile TileID="1046" AltIDMod="0" />
    </MapTiles>
    <StaticTiles />
  </TransInfo>
  <TransInfo Description="Blue Tile to Small Dirt NS" HashKey="111111111111080808">
    <MapTiles>
      <MapTile TileID="1047" AltIDMod="0" />
    </MapTiles>
    <StaticTiles />
  </TransInfo>
  <TransInfo Description="Blue Tile to Small Dirt NS" HashKey="111111111111080811">
    <MapTiles>
      <MapTile TileID="1047" AltIDMod="0" />
    </MapTiles>
    <StaticTiles />
  </TransInfo>
  <TransInfo Description="Blue Tile to Small Dirt NS" HashKey="111111111111110808">
    <MapTiles>
      <MapTile TileID="1047" AltIDMod="0" />
    </MapTiles>
    <StaticTiles />
  </TransInfo>
  <TransInfo Description="Blue Tile to Small Dirt NS" HashKey="111111111111110811">
    <MapTiles>
      <MapTile TileID="1047" AltIDMod="0" />
    </MapTiles>
    <StaticTiles />
  </TransInfo>
  <TransInfo Description="Blue Tile to Small Dirt NS" HashKey="111111111111081108">
    <MapTiles>
      <MapTile TileID="1047" AltIDMod="0" />
    </MapTiles>
    <StaticTiles />
  </TransInfo>
  <TransInfo Description="Blue Tile to Small Dirt NWA" HashKey="111108111108080808">
    <MapTiles>
      <MapTile TileID="1052" AltIDMod="0" />
    </MapTiles>
    <StaticTiles />
  </TransInfo>
  <TransInfo Description="Blue Tile to Small Dirt NWA" HashKey="111111111108080808">
    <MapTiles>
      <MapTile TileID="1052" AltIDMod="0" />
    </MapTiles>
    <StaticTiles />
  </TransInfo>
  <TransInfo Description="Blue Tile to Small Dirt NWA" HashKey="111108111108110808">
    <MapTiles>
      <MapTile TileID="1052" AltIDMod="0" />
    </MapTiles>
    <StaticTiles />
  </TransInfo>
  <TransInfo Description="Blue Tile to Small Dirt NWA" HashKey="111111111108110808">
    <MapTiles>
      <MapTile TileID="1052" AltIDMod="0" />
    </MapTiles>
    <StaticTiles />
  </TransInfo>
  <TransInfo Description="Blue Tile to Small Dirt NWA" HashKey="111111111108110811">
    <MapTiles>
      <MapTile TileID="1052" AltIDMod="0" />
    </MapTiles>
    <StaticTiles />
  </TransInfo>
  <TransInfo Description="Blue Tile to Small Dirt NWA" HashKey="111108111111110808">
    <MapTiles>
      <MapTile TileID="1052" AltIDMod="0" />
    </MapTiles>
    <StaticTiles />
  </TransInfo>
  <TransInfo Description="Blue Tile to Small Dirt NWA" HashKey="111108111111080808">
    <MapTiles>
      <MapTile TileID="1052" AltIDMod="0" />
    </MapTiles>
    <StaticTiles />
  </TransInfo>
  <TransInfo Description="Blue Tile to Small Dirt NWA" HashKey="111108111111080811">
    <MapTiles>
      <MapTile TileID="1052" AltIDMod="0" />
    </MapTiles>
    <StaticTiles />
  </TransInfo>
  <TransInfo Description="Blue Tile to Small Dirt NWA" HashKey="111111111108081108">
    <MapTiles>
      <MapTile TileID="1052" AltIDMod="0" />
    </MapTiles>
    <StaticTiles />
  </TransInfo>
  <TransInfo Description="Blue Tile to Small Dirt NWA" HashKey="111108111108081108">
    <MapTiles>
      <MapTile TileID="1052" AltIDMod="0" />
    </MapTiles>
    <StaticTiles />
  </TransInfo>
  <TransInfo Description="Blue Tile to Small Dirt NWA" HashKey="111108111108080811">
    <MapTiles>
      <MapTile TileID="1052" AltIDMod="0" />
    </MapTiles>
    <StaticTiles />
  </TransInfo>
  <TransInfo Description="Blue Tile to Small Dirt NWA" HashKey="111108111108081111">
    <MapTiles>
      <MapTile TileID="1052" AltIDMod="0" />
    </MapTiles>
    <StaticTiles />
  </TransInfo>
  <TransInfo Description="Blue Tile to Small Dirt NWA" HashKey="111108111111110811">
    <MapTiles>
      <MapTile TileID="1052" AltIDMod="0" />
    </MapTiles>
    <StaticTiles />
  </TransInfo>
  <TransInfo Description="Blue Tile to Small Dirt NWA" HashKey="111111111108081111">
    <MapTiles>
      <MapTile TileID="1052" AltIDMod="0" />
    </MapTiles>
    <StaticTiles />
  </TransInfo>
  <TransInfo Description="Blue Tile to Small Dirt NWA" HashKey="111108111108110811">
    <MapTiles>
      <MapTile TileID="1052" AltIDMod="0" />
    </MapTiles>
    <StaticTiles />
  </TransInfo>
  <TransInfo Description="Blue Tile to Small Dirt NWA" HashKey="111108111111081108">
    <MapTiles>
      <MapTile TileID="1052" AltIDMod="0" />
    </MapTiles>
    <StaticTiles />
  </TransInfo>
  <TransInfo Description="Blue Tile to Small Dirt NWA" HashKey="111111111108080811">
    <MapTiles>
      <MapTile TileID="1052" AltIDMod="0" />
    </MapTiles>
    <StaticTiles />
  </TransInfo>
  <TransInfo Description="Blue Tile to Small Dirt SEA" HashKey="080808081111081111">
    <MapTiles>
      <MapTile TileID="1050" AltIDMod="0" />
    </MapTiles>
    <StaticTiles />
  </TransInfo>
  <TransInfo Description="Blue Tile to Small Dirt SEA" HashKey="080811081111081111">
    <MapTiles>
      <MapTile TileID="1050" AltIDMod="0" />
    </MapTiles>
    <StaticTiles />
  </TransInfo>
  <TransInfo Description="Blue Tile to Small Dirt SEA" HashKey="080808081111111111">
    <MapTiles>
      <MapTile TileID="1050" AltIDMod="0" />
    </MapTiles>
    <StaticTiles />
  </TransInfo>
  <TransInfo Description="Blue Tile to Small Dirt SEA" HashKey="080811081111111111">
    <MapTiles>
      <MapTile TileID="1050" AltIDMod="0" />
    </MapTiles>
    <StaticTiles />
  </TransInfo>
  <TransInfo Description="Blue Tile to Small Dirt SEA" HashKey="081108081111111111">
    <MapTiles>
      <MapTile TileID="1050" AltIDMod="0" />
    </MapTiles>
    <StaticTiles />
  </TransInfo>
  <TransInfo Description="Blue Tile to Small Dirt SEA" HashKey="080811111111081111">
    <MapTiles>
      <MapTile TileID="1050" AltIDMod="0" />
    </MapTiles>
    <StaticTiles />
  </TransInfo>
  <TransInfo Description="Blue Tile to Small Dirt SEA" HashKey="110808111111081111">
    <MapTiles>
      <MapTile TileID="1050" AltIDMod="0" />
    </MapTiles>
    <StaticTiles />
  </TransInfo>
  <TransInfo Description="Blue Tile to Small Dirt SEA" HashKey="081108111111081111">
    <MapTiles>
      <MapTile TileID="1050" AltIDMod="0" />
    </MapTiles>
    <StaticTiles />
  </TransInfo>
  <TransInfo Description="Blue Tile to Small Dirt SEA" HashKey="080808111111081111">
    <MapTiles>
      <MapTile TileID="1050" AltIDMod="0" />
    </MapTiles>
    <StaticTiles />
  </TransInfo>
  <TransInfo Description="Blue Tile to Small Dirt SEA" HashKey="110811081111111111">
    <MapTiles>
      <MapTile TileID="1050" AltIDMod="0" />
    </MapTiles>
    <StaticTiles />
  </TransInfo>
  <TransInfo Description="Blue Tile to Small Dirt SEA" HashKey="081108081111081111">
    <MapTiles>
      <MapTile TileID="1050" AltIDMod="0" />
    </MapTiles>
    <StaticTiles />
  </TransInfo>
  <TransInfo Description="Blue Tile to Small Dirt SEA" HashKey="111108081111081111">
    <MapTiles>
      <MapTile TileID="1050" AltIDMod="0" />
    </MapTiles>
    <StaticTiles />
  </TransInfo>
  <TransInfo Description="Blue Tile to Small Dirt SEA" HashKey="110808081111081111">
    <MapTiles>
      <MapTile TileID="1050" AltIDMod="0" />
    </MapTiles>
    <StaticTiles />
  </TransInfo>
  <TransInfo Description="Blue Tile to Small Dirt SEA" HashKey="111108081111111111">
    <MapTiles>
      <MapTile TileID="1050" AltIDMod="0" />
    </MapTiles>
    <StaticTiles />
  </TransInfo>
  <TransInfo Description="Blue Tile to Small Dirt SEA" HashKey="110811081111081111">
    <MapTiles>
      <MapTile TileID="1050" AltIDMod="0" />
    </MapTiles>
    <StaticTiles />
  </TransInfo>
  <TransInfo Description="Blue Tile to Small Dirt SEA" HashKey="110811111111081111">
    <MapTiles>
      <MapTile TileID="1050" AltIDMod="0" />
    </MapTiles>
    <StaticTiles />
  </TransInfo>
  <TransInfo Description="Blue Tile to Small Dirt SEA" HashKey="110808081111111111">
    <MapTiles>
      <MapTile TileID="1050" AltIDMod="0" />
    </MapTiles>
    <StaticTiles />
  </TransInfo>
  <TransInfo Description="Blue Tile to Small Dirt NEA" HashKey="081111081111080808">
    <MapTiles>
      <MapTile TileID="1053" AltIDMod="0" />
    </MapTiles>
    <StaticTiles />
  </TransInfo>
  <TransInfo Description="Blue Tile to Small Dirt NEA" HashKey="111111081111080808">
    <MapTiles>
      <MapTile TileID="1053" AltIDMod="0" />
    </MapTiles>
    <StaticTiles />
  </TransInfo>
  <TransInfo Description="Blue Tile to Small Dirt NEA" HashKey="081111081111080811">
    <MapTiles>
      <MapTile TileID="1053" AltIDMod="0" />
    </MapTiles>
    <StaticTiles />
  </TransInfo>
  <TransInfo Description="Blue Tile to Small Dirt NEA" HashKey="111111081111080811">
    <MapTiles>
      <MapTile TileID="1053" AltIDMod="0" />
    </MapTiles>
    <StaticTiles />
  </TransInfo>
  <TransInfo Description="Blue Tile to Small Dirt NEA" HashKey="111111081111110811">
    <MapTiles>
      <MapTile TileID="1053" AltIDMod="0" />
    </MapTiles>
    <StaticTiles />
  </TransInfo>
  <TransInfo Description="Blue Tile to Small Dirt NEA" HashKey="081111081111111108">
    <MapTiles>
      <MapTile TileID="1053" AltIDMod="0" />
    </MapTiles>
    <StaticTiles />
  </TransInfo>
  <TransInfo Description="Blue Tile to Small Dirt NEA" HashKey="081111111111080808">
    <MapTiles>
      <MapTile TileID="1053" AltIDMod="0" />
    </MapTiles>
    <StaticTiles />
  </TransInfo>
  <TransInfo Description="Blue Tile to Small Dirt NEA" HashKey="081111111111080811">
    <MapTiles>
      <MapTile TileID="1053" AltIDMod="0" />
    </MapTiles>
    <StaticTiles />
  </TransInfo>
  <TransInfo Description="Blue Tile to Small Dirt NEA" HashKey="081111111111110811">
    <MapTiles>
      <MapTile TileID="1053" AltIDMod="0" />
    </MapTiles>
    <StaticTiles />
  </TransInfo>
  <TransInfo Description="Blue Tile to Small Dirt NEA" HashKey="111111081111081108">
    <MapTiles>
      <MapTile TileID="1053" AltIDMod="0" />
    </MapTiles>
    <StaticTiles />
  </TransInfo>
  <TransInfo Description="Blue Tile to Small Dirt NEA" HashKey="081111081111081108">
    <MapTiles>
      <MapTile TileID="1053" AltIDMod="0" />
    </MapTiles>
    <StaticTiles />
  </TransInfo>
  <TransInfo Description="Blue Tile to Small Dirt NEA" HashKey="081111111111110808">
    <MapTiles>
      <MapTile TileID="1053" AltIDMod="0" />
    </MapTiles>
    <StaticTiles />
  </TransInfo>
  <TransInfo Description="Blue Tile to Small Dirt NEA" HashKey="081111081111110808">
    <MapTiles>
      <MapTile TileID="1053" AltIDMod="0" />
    </MapTiles>
    <StaticTiles />
  </TransInfo>
  <TransInfo Description="Blue Tile to Small Dirt NEA" HashKey="111111081111110808">
    <MapTiles>
      <MapTile TileID="1053" AltIDMod="0" />
    </MapTiles>
    <StaticTiles />
  </TransInfo>
  <TransInfo Description="Blue Tile to Small Dirt NEA" HashKey="111111081111111108">
    <MapTiles>
      <MapTile TileID="1053" AltIDMod="0" />
    </MapTiles>
    <StaticTiles />
  </TransInfo>
  <TransInfo Description="Blue Tile to Small Dirt NEA" HashKey="081111111111081108">
    <MapTiles>
      <MapTile TileID="1053" AltIDMod="0" />
    </MapTiles>
    <StaticTiles />
  </TransInfo>
  <TransInfo Description="Blue Tile to Small Dirt NEA" HashKey="081111081111110811">
    <MapTiles>
      <MapTile TileID="1053" AltIDMod="0" />
    </MapTiles>
    <StaticTiles />
  </TransInfo>
  <TransInfo Description="Blue Tile to Small Dirt SWA" HashKey="080808111108111108">
    <MapTiles>
      <MapTile TileID="1051" AltIDMod="0" />
    </MapTiles>
    <StaticTiles />
  </TransInfo>
  <TransInfo Description="Blue Tile to Small Dirt SWA" HashKey="080808111108111111">
    <MapTiles>
      <MapTile TileID="1051" AltIDMod="0" />
    </MapTiles>
    <StaticTiles />
  </TransInfo>
  <TransInfo Description="Blue Tile to Small Dirt SWA" HashKey="110808111108111108">
    <MapTiles>
      <MapTile TileID="1051" AltIDMod="0" />
    </MapTiles>
    <StaticTiles />
  </TransInfo>
  <TransInfo Description="Blue Tile to Small Dirt SWA" HashKey="110808111108111111">
    <MapTiles>
      <MapTile TileID="1051" AltIDMod="0" />
    </MapTiles>
    <StaticTiles />
  </TransInfo>
  <TransInfo Description="Blue Tile to Small Dirt SWA" HashKey="081111111108111108">
    <MapTiles>
      <MapTile TileID="1051" AltIDMod="0" />
    </MapTiles>
    <StaticTiles />
  </TransInfo>
  <TransInfo Description="Blue Tile to Small Dirt SWA" HashKey="081108111108111111">
    <MapTiles>
      <MapTile TileID="1051" AltIDMod="0" />
    </MapTiles>
    <StaticTiles />
  </TransInfo>
  <TransInfo Description="Blue Tile to Small Dirt SWA" HashKey="081108111108111108">
    <MapTiles>
      <MapTile TileID="1051" AltIDMod="0" />
    </MapTiles>
    <StaticTiles />
  </TransInfo>
  <TransInfo Description="Blue Tile to Small Dirt SWA" HashKey="080811111111111108">
    <MapTiles>
      <MapTile TileID="1051" AltIDMod="0" />
    </MapTiles>
    <StaticTiles />
  </TransInfo>
  <TransInfo Description="Blue Tile to Small Dirt SWA" HashKey="110811111111111108">
    <MapTiles>
      <MapTile TileID="1051" AltIDMod="0" />
    </MapTiles>
    <StaticTiles />
  </TransInfo>
  <TransInfo Description="Blue Tile to Small Dirt SWA" HashKey="080808111111111108">
    <MapTiles>
      <MapTile TileID="1051" AltIDMod="0" />
    </MapTiles>
    <StaticTiles />
  </TransInfo>
  <TransInfo Description="Blue Tile to Small Dirt SWA" HashKey="080811111108111111">
    <MapTiles>
      <MapTile TileID="1051" AltIDMod="0" />
    </MapTiles>
    <StaticTiles />
  </TransInfo>
  <TransInfo Description="Blue Tile to Small Dirt SWA" HashKey="110808111111111108">
    <MapTiles>
      <MapTile TileID="1051" AltIDMod="0" />
    </MapTiles>
    <StaticTiles />
  </TransInfo>
  <TransInfo Description="Blue Tile to Small Dirt SWA" HashKey="110811111108111111">
    <MapTiles>
      <MapTile TileID="1051" AltIDMod="0" />
    </MapTiles>
    <StaticTiles />
  </TransInfo>
  <TransInfo Description="Blue Tile to Small Dirt SWA" HashKey="081111111108111111">
    <MapTiles>
      <MapTile TileID="1051" AltIDMod="0" />
    </MapTiles>
    <StaticTiles />
  </TransInfo>
  <TransInfo Description="Blue Tile to Small Dirt SWA" HashKey="081108111111111108">
    <MapTiles>
      <MapTile TileID="1051" AltIDMod="0" />
    </MapTiles>
    <StaticTiles />
  </TransInfo>
  <TransInfo Description="Blue Tile to Small Dirt SWA" HashKey="110811111108111108">
    <MapTiles>
      <MapTile TileID="1051" AltIDMod="0" />
    </MapTiles>
    <StaticTiles />
  </TransInfo>
  <TransInfo Description="Blue Tile to Small Dirt SWA" HashKey="080811111108111108">
    <MapTiles>
      <MapTile TileID="1051" AltIDMod="0" />
    </MapTiles>
    <StaticTiles />
  </TransInfo>
  <TransInfo Description="Blue Tile to Small Dirt NWB" HashKey="081111111111111111">
    <MapTiles>
      <MapTile TileID="1067" AltIDMod="0" />
    </MapTiles>
    <StaticTiles />
  </TransInfo>
  <TransInfo Description="Blue Tile to Small Dirt SEB" HashKey="111111111111111108">
    <MapTiles>
      <MapTile TileID="1065" AltIDMod="0" />
    </MapTiles>
    <StaticTiles />
  </TransInfo>
  <TransInfo Description="Blue Tile to Small Dirt NEB" HashKey="111108111111111111">
    <MapTiles>
      <MapTile TileID="1068" AltIDMod="0" />
    </MapTiles>
    <StaticTiles />
  </TransInfo>
  <TransInfo Description="Blue Tile to Small Dirt SWB" HashKey="111111111111081111">
    <MapTiles>
      <MapTile TileID="1066" AltIDMod="0" />
    </MapTiles>
    <StaticTiles />
  </TransInfo>
  <TransInfo Description="Blue Tile to Small Dirt AC" HashKey="111111081108111111">
    <MapTiles>
      <MapTile TileID="117" AltIDMod="0" />
    </MapTiles>
    <StaticTiles />
  </TransInfo>
  <TransInfo Description="Blue Tile to Small Dirt AC" HashKey="111111081108081111">
    <MapTiles>
      <MapTile TileID="117" AltIDMod="0" />
    </MapTiles>
    <StaticTiles />
  </TransInfo>
  <TransInfo Description="Blue Tile to Small Dirt AC" HashKey="111111081108110811">
    <MapTiles>
      <MapTile TileID="117" AltIDMod="0" />
    </MapTiles>
    <StaticTiles />
  </TransInfo>
  <TransInfo Description="Blue Tile to Small Dirt AC" HashKey="111111081108080811">
    <MapTiles>
      <MapTile TileID="117" AltIDMod="0" />
    </MapTiles>
    <StaticTiles />
  </TransInfo>
  <TransInfo Description="Blue Tile to Small Dirt AC" HashKey="111111081108111108">
    <MapTiles>
      <MapTile TileID="117" AltIDMod="0" />
    </MapTiles>
    <StaticTiles />
  </TransInfo>
  <TransInfo Description="Blue Tile to Small Dirt AC" HashKey="111111081108081108">
    <MapTiles>
      <MapTile TileID="117" AltIDMod="0" />
    </MapTiles>
    <StaticTiles />
  </TransInfo>
  <TransInfo Description="Blue Tile to Small Dirt AC" HashKey="111111081108110808">
    <MapTiles>
      <MapTile TileID="117" AltIDMod="0" />
    </MapTiles>
    <StaticTiles />
  </TransInfo>
  <TransInfo Description="Blue Tile to Small Dirt AC" HashKey="111111081108080808">
    <MapTiles>
      <MapTile TileID="117" AltIDMod="0" />
    </MapTiles>
    <StaticTiles />
  </TransInfo>
  <TransInfo Description="Blue Tile to Small Dirt AC" HashKey="111108081111110811">
    <MapTiles>
      <MapTile TileID="117" AltIDMod="0" />
    </MapTiles>
    <StaticTiles />
  </TransInfo>
  <TransInfo Description="Blue Tile to Small Dirt AC" HashKey="111108081111080811">
    <MapTiles>
      <MapTile TileID="117" AltIDMod="0" />
    </MapTiles>
    <StaticTiles />
  </TransInfo>
  <TransInfo Description="Blue Tile to Small Dirt AC" HashKey="111108081111111108">
    <MapTiles>
      <MapTile TileID="117" AltIDMod="0" />
    </MapTiles>
    <StaticTiles />
  </TransInfo>
  <TransInfo Description="Blue Tile to Small Dirt AC" HashKey="111108081111081108">
    <MapTiles>
      <MapTile TileID="117" AltIDMod="0" />
    </MapTiles>
    <StaticTiles />
  </TransInfo>
  <TransInfo Description="Blue Tile to Small Dirt AC" HashKey="111108081111110808">
    <MapTiles>
      <MapTile TileID="117" AltIDMod="0" />
    </MapTiles>
    <StaticTiles />
  </TransInfo>
  <TransInfo Description="Blue Tile to Small Dirt AC" HashKey="111108081111080808">
    <MapTiles>
      <MapTile TileID="117" AltIDMod="0" />
    </MapTiles>
    <StaticTiles />
  </TransInfo>
  <TransInfo Description="Blue Tile to Small Dirt AC" HashKey="111108081108111111">
    <MapTiles>
      <MapTile TileID="117" AltIDMod="0" />
    </MapTiles>
    <StaticTiles />
  </TransInfo>
  <TransInfo Description="Blue Tile to Small Dirt AC" HashKey="111108081108081111">
    <MapTiles>
      <MapTile TileID="117" AltIDMod="0" />
    </MapTiles>
    <StaticTiles />
  </TransInfo>
  <TransInfo Description="Blue Tile to Small Dirt AC" HashKey="111108081108110811">
    <MapTiles>
      <MapTile TileID="117" AltIDMod="0" />
    </MapTiles>
    <StaticTiles />
  </TransInfo>
  <TransInfo Description="Blue Tile to Small Dirt AC" HashKey="111108081108080811">
    <MapTiles>
      <MapTile TileID="117" AltIDMod="0" />
    </MapTiles>
    <StaticTiles />
  </TransInfo>
  <TransInfo Description="Blue Tile to Small Dirt AC" HashKey="111108081108111108">
    <MapTiles>
      <MapTile TileID="117" AltIDMod="0" />
    </MapTiles>
    <StaticTiles />
  </TransInfo>
  <TransInfo Description="Blue Tile to Small Dirt AC" HashKey="111108081108081108">
    <MapTiles>
      <MapTile TileID="117" AltIDMod="0" />
    </MapTiles>
    <StaticTiles />
  </TransInfo>
  <TransInfo Description="Blue Tile to Small Dirt AC" HashKey="111108081108110808">
    <MapTiles>
      <MapTile TileID="117" AltIDMod="0" />
    </MapTiles>
    <StaticTiles />
  </TransInfo>
  <TransInfo Description="Blue Tile to Small Dirt AC" HashKey="111108081108080808">
    <MapTiles>
      <MapTile TileID="117" AltIDMod="0" />
    </MapTiles>
    <StaticTiles />
  </TransInfo>
  <TransInfo Description="Blue Tile to Small Dirt AC" HashKey="110811111111110811">
    <MapTiles>
      <MapTile TileID="117" AltIDMod="0" />
    </MapTiles>
    <StaticTiles />
  </TransInfo>
  <TransInfo Description="Blue Tile to Small Dirt AC" HashKey="110811081111110811">
    <MapTiles>
      <MapTile TileID="117" AltIDMod="0" />
    </MapTiles>
    <StaticTiles />
  </TransInfo>
  <TransInfo Description="Blue Tile to Small Dirt AC" HashKey="110811111111080811">
    <MapTiles>
      <MapTile TileID="117" AltIDMod="0" />
    </MapTiles>
    <StaticTiles />
  </TransInfo>
  <TransInfo Description="Blue Tile to Small Dirt AC" HashKey="110811081111080811">
    <MapTiles>
      <MapTile TileID="117" AltIDMod="0" />
    </MapTiles>
    <StaticTiles />
  </TransInfo>
  <TransInfo Description="Blue Tile to Small Dirt AC" HashKey="110811081111111108">
    <MapTiles>
      <MapTile TileID="117" AltIDMod="0" />
    </MapTiles>
    <StaticTiles />
  </TransInfo>
  <TransInfo Description="Blue Tile to Small Dirt AC" HashKey="110811111111081108">
    <MapTiles>
      <MapTile TileID="117" AltIDMod="0" />
    </MapTiles>
    <StaticTiles />
  </TransInfo>
  <TransInfo Description="Blue Tile to Small Dirt AC" HashKey="110811081111081108">
    <MapTiles>
      <MapTile TileID="117" AltIDMod="0" />
    </MapTiles>
    <StaticTiles />
  </TransInfo>
  <TransInfo Description="Blue Tile to Small Dirt AC" HashKey="110811111111110808">
    <MapTiles>
      <MapTile TileID="117" AltIDMod="0" />
    </MapTiles>
    <StaticTiles />
  </TransInfo>
  <TransInfo Description="Blue Tile to Small Dirt AC" HashKey="110811081111110808">
    <MapTiles>
      <MapTile TileID="117" AltIDMod="0" />
    </MapTiles>
    <StaticTiles />
  </TransInfo>
  <TransInfo Description="Blue Tile to Small Dirt AC" HashKey="110811111111080808">
    <MapTiles>
      <MapTile TileID="117" AltIDMod="0" />
    </MapTiles>
    <StaticTiles />
  </TransInfo>
  <TransInfo Description="Blue Tile to Small Dirt AC" HashKey="110811081111080808">
    <MapTiles>
      <MapTile TileID="117" AltIDMod="0" />
    </MapTiles>
    <StaticTiles />
  </TransInfo>
  <TransInfo Description="Blue Tile to Small Dirt AC" HashKey="110811081108111111">
    <MapTiles>
      <MapTile TileID="117" AltIDMod="0" />
    </MapTiles>
    <StaticTiles />
  </TransInfo>
  <TransInfo Description="Blue Tile to Small Dirt AC" HashKey="110811111108081111">
    <MapTiles>
      <MapTile TileID="117" AltIDMod="0" />
    </MapTiles>
    <StaticTiles />
  </TransInfo>
  <TransInfo Description="Blue Tile to Small Dirt AC" HashKey="110811081108081111">
    <MapTiles>
      <MapTile TileID="117" AltIDMod="0" />
    </MapTiles>
    <StaticTiles />
  </TransInfo>
  <TransInfo Description="Blue Tile to Small Dirt AC" HashKey="110811111108110811">
    <MapTiles>
      <MapTile TileID="117" AltIDMod="0" />
    </MapTiles>
    <StaticTiles />
  </TransInfo>
  <TransInfo Description="Blue Tile to Small Dirt AC" HashKey="110811081108110811">
    <MapTiles>
      <MapTile TileID="117" AltIDMod="0" />
    </MapTiles>
    <StaticTiles />
  </TransInfo>
  <TransInfo Description="Blue Tile to Small Dirt AC" HashKey="110811111108080811">
    <MapTiles>
      <MapTile TileID="117" AltIDMod="0" />
    </MapTiles>
    <StaticTiles />
  </TransInfo>
  <TransInfo Description="Blue Tile to Small Dirt AC" HashKey="110811081108080811">
    <MapTiles>
      <MapTile TileID="117" AltIDMod="0" />
    </MapTiles>
    <StaticTiles />
  </TransInfo>
  <TransInfo Description="Blue Tile to Small Dirt AC" HashKey="110811081108111108">
    <MapTiles>
      <MapTile TileID="117" AltIDMod="0" />
    </MapTiles>
    <StaticTiles />
  </TransInfo>
  <TransInfo Description="Blue Tile to Small Dirt AC" HashKey="110811111108081108">
    <MapTiles>
      <MapTile TileID="117" AltIDMod="0" />
    </MapTiles>
    <StaticTiles />
  </TransInfo>
  <TransInfo Description="Blue Tile to Small Dirt AC" HashKey="110811081108081108">
    <MapTiles>
      <MapTile TileID="117" AltIDMod="0" />
    </MapTiles>
    <StaticTiles />
  </TransInfo>
  <TransInfo Description="Blue Tile to Small Dirt AC" HashKey="110811111108110808">
    <MapTiles>
      <MapTile TileID="117" AltIDMod="0" />
    </MapTiles>
    <StaticTiles />
  </TransInfo>
  <TransInfo Description="Blue Tile to Small Dirt AC" HashKey="110811081108110808">
    <MapTiles>
      <MapTile TileID="117" AltIDMod="0" />
    </MapTiles>
    <StaticTiles />
  </TransInfo>
  <TransInfo Description="Blue Tile to Small Dirt AC" HashKey="110811111108080808">
    <MapTiles>
      <MapTile TileID="117" AltIDMod="0" />
    </MapTiles>
    <StaticTiles />
  </TransInfo>
  <TransInfo Description="Blue Tile to Small Dirt AC" HashKey="110811081108080808">
    <MapTiles>
      <MapTile TileID="117" AltIDMod="0" />
    </MapTiles>
    <StaticTiles />
  </TransInfo>
  <TransInfo Description="Blue Tile to Small Dirt AC" HashKey="110808111111110811">
    <MapTiles>
      <MapTile TileID="117" AltIDMod="0" />
    </MapTiles>
    <StaticTiles />
  </TransInfo>
  <TransInfo Description="Blue Tile to Small Dirt AC" HashKey="110808081111110811">
    <MapTiles>
      <MapTile TileID="117" AltIDMod="0" />
    </MapTiles>
    <StaticTiles />
  </TransInfo>
  <TransInfo Description="Blue Tile to Small Dirt AC" HashKey="110808111111080811">
    <MapTiles>
      <MapTile TileID="117" AltIDMod="0" />
    </MapTiles>
    <StaticTiles />
  </TransInfo>
  <TransInfo Description="Blue Tile to Small Dirt AC" HashKey="110808081111080811">
    <MapTiles>
      <MapTile TileID="117" AltIDMod="0" />
    </MapTiles>
    <StaticTiles />
  </TransInfo>
  <TransInfo Description="Blue Tile to Small Dirt AC" HashKey="110808081111111108">
    <MapTiles>
      <MapTile TileID="117" AltIDMod="0" />
    </MapTiles>
    <StaticTiles />
  </TransInfo>
  <TransInfo Description="Blue Tile to Small Dirt AC" HashKey="110808111111081108">
    <MapTiles>
      <MapTile TileID="117" AltIDMod="0" />
    </MapTiles>
    <StaticTiles />
  </TransInfo>
  <TransInfo Description="Blue Tile to Small Dirt AC" HashKey="110808081111081108">
    <MapTiles>
      <MapTile TileID="117" AltIDMod="0" />
    </MapTiles>
    <StaticTiles />
  </TransInfo>
  <TransInfo Description="Blue Tile to Small Dirt AC" HashKey="110808111111110808">
    <MapTiles>
      <MapTile TileID="117" AltIDMod="0" />
    </MapTiles>
    <StaticTiles />
  </TransInfo>
  <TransInfo Description="Blue Tile to Small Dirt AC" HashKey="110808081111110808">
    <MapTiles>
      <MapTile TileID="117" AltIDMod="0" />
    </MapTiles>
    <StaticTiles />
  </TransInfo>
  <TransInfo Description="Blue Tile to Small Dirt AC" HashKey="110808111111080808">
    <MapTiles>
      <MapTile TileID="117" AltIDMod="0" />
    </MapTiles>
    <StaticTiles />
  </TransInfo>
  <TransInfo Description="Blue Tile to Small Dirt AC" HashKey="110808081111080808">
    <MapTiles>
      <MapTile TileID="117" AltIDMod="0" />
    </MapTiles>
    <StaticTiles />
  </TransInfo>
  <TransInfo Description="Blue Tile to Small Dirt AC" HashKey="110808081108111111">
    <MapTiles>
      <MapTile TileID="117" AltIDMod="0" />
    </MapTiles>
    <StaticTiles />
  </TransInfo>
  <TransInfo Description="Blue Tile to Small Dirt AC" HashKey="110808111108081111">
    <MapTiles>
      <MapTile TileID="117" AltIDMod="0" />
    </MapTiles>
    <StaticTiles />
  </TransInfo>
  <TransInfo Description="Blue Tile to Small Dirt AC" HashKey="110808081108081111">
    <MapTiles>
      <MapTile TileID="117" AltIDMod="0" />
    </MapTiles>
    <StaticTiles />
  </TransInfo>
  <TransInfo Description="Blue Tile to Small Dirt AC" HashKey="110808111108110811">
    <MapTiles>
      <MapTile TileID="117" AltIDMod="0" />
    </MapTiles>
    <StaticTiles />
  </TransInfo>
  <TransInfo Description="Blue Tile to Small Dirt AC" HashKey="110808081108110811">
    <MapTiles>
      <MapTile TileID="117" AltIDMod="0" />
    </MapTiles>
    <StaticTiles />
  </TransInfo>
  <TransInfo Description="Blue Tile to Small Dirt AC" HashKey="110808111108080811">
    <MapTiles>
      <MapTile TileID="117" AltIDMod="0" />
    </MapTiles>
    <StaticTiles />
  </TransInfo>
  <TransInfo Description="Blue Tile to Small Dirt AC" HashKey="110808081108080811">
    <MapTiles>
      <MapTile TileID="117" AltIDMod="0" />
    </MapTiles>
    <StaticTiles />
  </TransInfo>
  <TransInfo Description="Blue Tile to Small Dirt AC" HashKey="110808081108111108">
    <MapTiles>
      <MapTile TileID="117" AltIDMod="0" />
    </MapTiles>
    <StaticTiles />
  </TransInfo>
  <TransInfo Description="Blue Tile to Small Dirt AC" HashKey="110808111108081108">
    <MapTiles>
      <MapTile TileID="117" AltIDMod="0" />
    </MapTiles>
    <StaticTiles />
  </TransInfo>
  <TransInfo Description="Blue Tile to Small Dirt AC" HashKey="110808081108081108">
    <MapTiles>
      <MapTile TileID="117" AltIDMod="0" />
    </MapTiles>
    <StaticTiles />
  </TransInfo>
  <TransInfo Description="Blue Tile to Small Dirt AC" HashKey="110808111108110808">
    <MapTiles>
      <MapTile TileID="117" AltIDMod="0" />
    </MapTiles>
    <StaticTiles />
  </TransInfo>
  <TransInfo Description="Blue Tile to Small Dirt AC" HashKey="110808081108110808">
    <MapTiles>
      <MapTile TileID="117" AltIDMod="0" />
    </MapTiles>
    <StaticTiles />
  </TransInfo>
  <TransInfo Description="Blue Tile to Small Dirt AC" HashKey="110808111108080808">
    <MapTiles>
      <MapTile TileID="117" AltIDMod="0" />
    </MapTiles>
    <StaticTiles />
  </TransInfo>
  <TransInfo Description="Blue Tile to Small Dirt AC" HashKey="110808081108080808">
    <MapTiles>
      <MapTile TileID="117" AltIDMod="0" />
    </MapTiles>
    <StaticTiles />
  </TransInfo>
  <TransInfo Description="Blue Tile to Small Dirt AC" HashKey="081111081108111111">
    <MapTiles>
      <MapTile TileID="117" AltIDMod="0" />
    </MapTiles>
    <StaticTiles />
  </TransInfo>
  <TransInfo Description="Blue Tile to Small Dirt AC" HashKey="081111111108081111">
    <MapTiles>
      <MapTile TileID="117" AltIDMod="0" />
    </MapTiles>
    <StaticTiles />
  </TransInfo>
  <TransInfo Description="Blue Tile to Small Dirt AC" HashKey="081111081108081111">
    <MapTiles>
      <MapTile TileID="117" AltIDMod="0" />
    </MapTiles>
    <StaticTiles />
  </TransInfo>
  <TransInfo Description="Blue Tile to Small Dirt AC" HashKey="081111111108110811">
    <MapTiles>
      <MapTile TileID="117" AltIDMod="0" />
    </MapTiles>
    <StaticTiles />
  </TransInfo>
  <TransInfo Description="Blue Tile to Small Dirt AC" HashKey="081111081108110811">
    <MapTiles>
      <MapTile TileID="117" AltIDMod="0" />
    </MapTiles>
    <StaticTiles />
  </TransInfo>
  <TransInfo Description="Blue Tile to Small Dirt AC" HashKey="081111111108080811">
    <MapTiles>
      <MapTile TileID="117" AltIDMod="0" />
    </MapTiles>
    <StaticTiles />
  </TransInfo>
  <TransInfo Description="Blue Tile to Small Dirt AC" HashKey="081111081108080811">
    <MapTiles>
      <MapTile TileID="117" AltIDMod="0" />
    </MapTiles>
    <StaticTiles />
  </TransInfo>
  <TransInfo Description="Blue Tile to Small Dirt AC" HashKey="081111081108111108">
    <MapTiles>
      <MapTile TileID="117" AltIDMod="0" />
    </MapTiles>
    <StaticTiles />
  </TransInfo>
  <TransInfo Description="Blue Tile to Small Dirt AC" HashKey="081111111108081108">
    <MapTiles>
      <MapTile TileID="117" AltIDMod="0" />
    </MapTiles>
    <StaticTiles />
  </TransInfo>
  <TransInfo Description="Blue Tile to Small Dirt AC" HashKey="081111081108081108">
    <MapTiles>
      <MapTile TileID="117" AltIDMod="0" />
    </MapTiles>
    <StaticTiles />
  </TransInfo>
  <TransInfo Description="Blue Tile to Small Dirt AC" HashKey="081111111108110808">
    <MapTiles>
      <MapTile TileID="117" AltIDMod="0" />
    </MapTiles>
    <StaticTiles />
  </TransInfo>
  <TransInfo Description="Blue Tile to Small Dirt AC" HashKey="081111081108110808">
    <MapTiles>
      <MapTile TileID="117" AltIDMod="0" />
    </MapTiles>
    <StaticTiles />
  </TransInfo>
  <TransInfo Description="Blue Tile to Small Dirt AC" HashKey="081111111108080808">
    <MapTiles>
      <MapTile TileID="117" AltIDMod="0" />
    </MapTiles>
    <StaticTiles />
  </TransInfo>
  <TransInfo Description="Blue Tile to Small Dirt AC" HashKey="081111081108080808">
    <MapTiles>
      <MapTile TileID="117" AltIDMod="0" />
    </MapTiles>
    <StaticTiles />
  </TransInfo>
  <TransInfo Description="Blue Tile to Small Dirt AC" HashKey="081108111111110811">
    <MapTiles>
      <MapTile TileID="117" AltIDMod="0" />
    </MapTiles>
    <StaticTiles />
  </TransInfo>
  <TransInfo Description="Blue Tile to Small Dirt AC" HashKey="081108081111110811">
    <MapTiles>
      <MapTile TileID="117" AltIDMod="0" />
    </MapTiles>
    <StaticTiles />
  </TransInfo>
  <TransInfo Description="Blue Tile to Small Dirt AC" HashKey="081108111111080811">
    <MapTiles>
      <MapTile TileID="117" AltIDMod="0" />
    </MapTiles>
    <StaticTiles />
  </TransInfo>
  <TransInfo Description="Blue Tile to Small Dirt AC" HashKey="081108081111080811">
    <MapTiles>
      <MapTile TileID="117" AltIDMod="0" />
    </MapTiles>
    <StaticTiles />
  </TransInfo>
  <TransInfo Description="Blue Tile to Small Dirt AC" HashKey="081108081111111108">
    <MapTiles>
      <MapTile TileID="117" AltIDMod="0" />
    </MapTiles>
    <StaticTiles />
  </TransInfo>
  <TransInfo Description="Blue Tile to Small Dirt AC" HashKey="081108111111081108">
    <MapTiles>
      <MapTile TileID="117" AltIDMod="0" />
    </MapTiles>
    <StaticTiles />
  </TransInfo>
  <TransInfo Description="Blue Tile to Small Dirt AC" HashKey="081108081111081108">
    <MapTiles>
      <MapTile TileID="117" AltIDMod="0" />
    </MapTiles>
    <StaticTiles />
  </TransInfo>
  <TransInfo Description="Blue Tile to Small Dirt AC" HashKey="081108111111110808">
    <MapTiles>
      <MapTile TileID="117" AltIDMod="0" />
    </MapTiles>
    <StaticTiles />
  </TransInfo>
  <TransInfo Description="Blue Tile to Small Dirt AC" HashKey="081108081111110808">
    <MapTiles>
      <MapTile TileID="117" AltIDMod="0" />
    </MapTiles>
    <StaticTiles />
  </TransInfo>
  <TransInfo Description="Blue Tile to Small Dirt AC" HashKey="081108111111080808">
    <MapTiles>
      <MapTile TileID="117" AltIDMod="0" />
    </MapTiles>
    <StaticTiles />
  </TransInfo>
  <TransInfo Description="Blue Tile to Small Dirt AC" HashKey="081108081111080808">
    <MapTiles>
      <MapTile TileID="117" AltIDMod="0" />
    </MapTiles>
    <StaticTiles />
  </TransInfo>
  <TransInfo Description="Blue Tile to Small Dirt AC" HashKey="081108081108111111">
    <MapTiles>
      <MapTile TileID="117" AltIDMod="0" />
    </MapTiles>
    <StaticTiles />
  </TransInfo>
  <TransInfo Description="Blue Tile to Small Dirt AC" HashKey="081108111108081111">
    <MapTiles>
      <MapTile TileID="117" AltIDMod="0" />
    </MapTiles>
    <StaticTiles />
  </TransInfo>
  <TransInfo Description="Blue Tile to Small Dirt AC" HashKey="081108081108081111">
    <MapTiles>
      <MapTile TileID="117" AltIDMod="0" />
    </MapTiles>
    <StaticTiles />
  </TransInfo>
  <TransInfo Description="Blue Tile to Small Dirt AC" HashKey="081108111108110811">
    <MapTiles>
      <MapTile TileID="117" AltIDMod="0" />
    </MapTiles>
    <StaticTiles />
  </TransInfo>
  <TransInfo Description="Blue Tile to Small Dirt AC" HashKey="081108081108110811">
    <MapTiles>
      <MapTile TileID="117" AltIDMod="0" />
    </MapTiles>
    <StaticTiles />
  </TransInfo>
  <TransInfo Description="Blue Tile to Small Dirt AC" HashKey="081108111108080811">
    <MapTiles>
      <MapTile TileID="117" AltIDMod="0" />
    </MapTiles>
    <StaticTiles />
  </TransInfo>
  <TransInfo Description="Blue Tile to Small Dirt AC" HashKey="081108081108080811">
    <MapTiles>
      <MapTile TileID="117" AltIDMod="0" />
    </MapTiles>
    <StaticTiles />
  </TransInfo>
  <TransInfo Description="Blue Tile to Small Dirt AC" HashKey="081108081108111108">
    <MapTiles>
      <MapTile TileID="117" AltIDMod="0" />
    </MapTiles>
    <StaticTiles />
  </TransInfo>
  <TransInfo Description="Blue Tile to Small Dirt AC" HashKey="081108111108081108">
    <MapTiles>
      <MapTile TileID="117" AltIDMod="0" />
    </MapTiles>
    <StaticTiles />
  </TransInfo>
  <TransInfo Description="Blue Tile to Small Dirt AC" HashKey="081108081108081108">
    <MapTiles>
      <MapTile TileID="117" AltIDMod="0" />
    </MapTiles>
    <StaticTiles />
  </TransInfo>
  <TransInfo Description="Blue Tile to Small Dirt AC" HashKey="081108111108110808">
    <MapTiles>
      <MapTile TileID="117" AltIDMod="0" />
    </MapTiles>
    <StaticTiles />
  </TransInfo>
  <TransInfo Description="Blue Tile to Small Dirt AC" HashKey="081108081108110808">
    <MapTiles>
      <MapTile TileID="117" AltIDMod="0" />
    </MapTiles>
    <StaticTiles />
  </TransInfo>
  <TransInfo Description="Blue Tile to Small Dirt AC" HashKey="081108111108080808">
    <MapTiles>
      <MapTile TileID="117" AltIDMod="0" />
    </MapTiles>
    <StaticTiles />
  </TransInfo>
  <TransInfo Description="Blue Tile to Small Dirt AC" HashKey="081108081108080808">
    <MapTiles>
      <MapTile TileID="117" AltIDMod="0" />
    </MapTiles>
    <StaticTiles />
  </TransInfo>
  <TransInfo Description="Blue Tile to Small Dirt AC" HashKey="080811111111110811">
    <MapTiles>
      <MapTile TileID="117" AltIDMod="0" />
    </MapTiles>
    <StaticTiles />
  </TransInfo>
  <TransInfo Description="Blue Tile to Small Dirt AC" HashKey="080811081111110811">
    <MapTiles>
      <MapTile TileID="117" AltIDMod="0" />
    </MapTiles>
    <StaticTiles />
  </TransInfo>
  <TransInfo Description="Blue Tile to Small Dirt AC" HashKey="080811111111080811">
    <MapTiles>
      <MapTile TileID="117" AltIDMod="0" />
    </MapTiles>
    <StaticTiles />
  </TransInfo>
  <TransInfo Description="Blue Tile to Small Dirt AC" HashKey="080811081111080811">
    <MapTiles>
      <MapTile TileID="117" AltIDMod="0" />
    </MapTiles>
    <StaticTiles />
  </TransInfo>
  <TransInfo Description="Blue Tile to Small Dirt AC" HashKey="080811081111111108">
    <MapTiles>
      <MapTile TileID="117" AltIDMod="0" />
    </MapTiles>
    <StaticTiles />
  </TransInfo>
  <TransInfo Description="Blue Tile to Small Dirt AC" HashKey="080811111111081108">
    <MapTiles>
      <MapTile TileID="117" AltIDMod="0" />
    </MapTiles>
    <StaticTiles />
  </TransInfo>
  <TransInfo Description="Blue Tile to Small Dirt AC" HashKey="080811081111081108">
    <MapTiles>
      <MapTile TileID="117" AltIDMod="0" />
    </MapTiles>
    <StaticTiles />
  </TransInfo>
  <TransInfo Description="Blue Tile to Small Dirt AC" HashKey="080811111111110808">
    <MapTiles>
      <MapTile TileID="117" AltIDMod="0" />
    </MapTiles>
    <StaticTiles />
  </TransInfo>
  <TransInfo Description="Blue Tile to Small Dirt AC" HashKey="080811081111110808">
    <MapTiles>
      <MapTile TileID="117" AltIDMod="0" />
    </MapTiles>
    <StaticTiles />
  </TransInfo>
  <TransInfo Description="Blue Tile to Small Dirt AC" HashKey="080811111111080808">
    <MapTiles>
      <MapTile TileID="117" AltIDMod="0" />
    </MapTiles>
    <StaticTiles />
  </TransInfo>
  <TransInfo Description="Blue Tile to Small Dirt AC" HashKey="080811081111080808">
    <MapTiles>
      <MapTile TileID="117" AltIDMod="0" />
    </MapTiles>
    <StaticTiles />
  </TransInfo>
  <TransInfo Description="Blue Tile to Small Dirt AC" HashKey="080811081108111111">
    <MapTiles>
      <MapTile TileID="117" AltIDMod="0" />
    </MapTiles>
    <StaticTiles />
  </TransInfo>
  <TransInfo Description="Blue Tile to Small Dirt AC" HashKey="080811111108081111">
    <MapTiles>
      <MapTile TileID="117" AltIDMod="0" />
    </MapTiles>
    <StaticTiles />
  </TransInfo>
  <TransInfo Description="Blue Tile to Small Dirt AC" HashKey="080811081108081111">
    <MapTiles>
      <MapTile TileID="117" AltIDMod="0" />
    </MapTiles>
    <StaticTiles />
  </TransInfo>
  <TransInfo Description="Blue Tile to Small Dirt AC" HashKey="080811111108110811">
    <MapTiles>
      <MapTile TileID="117" AltIDMod="0" />
    </MapTiles>
    <StaticTiles />
  </TransInfo>
  <TransInfo Description="Blue Tile to Small Dirt AC" HashKey="080811081108110811">
    <MapTiles>
      <MapTile TileID="117" AltIDMod="0" />
    </MapTiles>
    <StaticTiles />
  </TransInfo>
  <TransInfo Description="Blue Tile to Small Dirt AC" HashKey="080811111108080811">
    <MapTiles>
      <MapTile TileID="117" AltIDMod="0" />
    </MapTiles>
    <StaticTiles />
  </TransInfo>
  <TransInfo Description="Blue Tile to Small Dirt AC" HashKey="080811081108080811">
    <MapTiles>
      <MapTile TileID="117" AltIDMod="0" />
    </MapTiles>
    <StaticTiles />
  </TransInfo>
  <TransInfo Description="Blue Tile to Small Dirt AC" HashKey="080811081108111108">
    <MapTiles>
      <MapTile TileID="117" AltIDMod="0" />
    </MapTiles>
    <StaticTiles />
  </TransInfo>
  <TransInfo Description="Blue Tile to Small Dirt AC" HashKey="080811111108081108">
    <MapTiles>
      <MapTile TileID="117" AltIDMod="0" />
    </MapTiles>
    <StaticTiles />
  </TransInfo>
  <TransInfo Description="Blue Tile to Small Dirt AC" HashKey="080811081108081108">
    <MapTiles>
      <MapTile TileID="117" AltIDMod="0" />
    </MapTiles>
    <StaticTiles />
  </TransInfo>
  <TransInfo Description="Blue Tile to Small Dirt AC" HashKey="080811111108110808">
    <MapTiles>
      <MapTile TileID="117" AltIDMod="0" />
    </MapTiles>
    <StaticTiles />
  </TransInfo>
  <TransInfo Description="Blue Tile to Small Dirt AC" HashKey="080811081108110808">
    <MapTiles>
      <MapTile TileID="117" AltIDMod="0" />
    </MapTiles>
    <StaticTiles />
  </TransInfo>
  <TransInfo Description="Blue Tile to Small Dirt AC" HashKey="080811111108080808">
    <MapTiles>
      <MapTile TileID="117" AltIDMod="0" />
    </MapTiles>
    <StaticTiles />
  </TransInfo>
  <TransInfo Description="Blue Tile to Small Dirt AC" HashKey="080811081108080808">
    <MapTiles>
      <MapTile TileID="117" AltIDMod="0" />
    </MapTiles>
    <StaticTiles />
  </TransInfo>
  <TransInfo Description="Blue Tile to Small Dirt AC" HashKey="080808111111110811">
    <MapTiles>
      <MapTile TileID="117" AltIDMod="0" />
    </MapTiles>
    <StaticTiles />
  </TransInfo>
  <TransInfo Description="Blue Tile to Small Dirt AC" HashKey="080808081111110811">
    <MapTiles>
      <MapTile TileID="117" AltIDMod="0" />
    </MapTiles>
    <StaticTiles />
  </TransInfo>
  <TransInfo Description="Blue Tile to Small Dirt AC" HashKey="080808111111080811">
    <MapTiles>
      <MapTile TileID="117" AltIDMod="0" />
    </MapTiles>
    <StaticTiles />
  </TransInfo>
  <TransInfo Description="Blue Tile to Small Dirt AC" HashKey="080808081111080811">
    <MapTiles>
      <MapTile TileID="117" AltIDMod="0" />
    </MapTiles>
    <StaticTiles />
  </TransInfo>
  <TransInfo Description="Blue Tile to Small Dirt AC" HashKey="080808081111111108">
    <MapTiles>
      <MapTile TileID="117" AltIDMod="0" />
    </MapTiles>
    <StaticTiles />
  </TransInfo>
  <TransInfo Description="Blue Tile to Small Dirt AC" HashKey="080808111111081108">
    <MapTiles>
      <MapTile TileID="117" AltIDMod="0" />
    </MapTiles>
    <StaticTiles />
  </TransInfo>
  <TransInfo Description="Blue Tile to Small Dirt AC" HashKey="080808081111081108">
    <MapTiles>
      <MapTile TileID="117" AltIDMod="0" />
    </MapTiles>
    <StaticTiles />
  </TransInfo>
  <TransInfo Description="Blue Tile to Small Dirt AC" HashKey="080808111111110808">
    <MapTiles>
      <MapTile TileID="117" AltIDMod="0" />
    </MapTiles>
    <StaticTiles />
  </TransInfo>
  <TransInfo Description="Blue Tile to Small Dirt AC" HashKey="080808081111110808">
    <MapTiles>
      <MapTile TileID="117" AltIDMod="0" />
    </MapTiles>
    <StaticTiles />
  </TransInfo>
  <TransInfo Description="Blue Tile to Small Dirt AC" HashKey="080808111111080808">
    <MapTiles>
      <MapTile TileID="117" AltIDMod="0" />
    </MapTiles>
    <StaticTiles />
  </TransInfo>
  <TransInfo Description="Blue Tile to Small Dirt AC" HashKey="080808081111080808">
    <MapTiles>
      <MapTile TileID="117" AltIDMod="0" />
    </MapTiles>
    <StaticTiles />
  </TransInfo>
  <TransInfo Description="Blue Tile to Small Dirt AC" HashKey="080808081108111111">
    <MapTiles>
      <MapTile TileID="117" AltIDMod="0" />
    </MapTiles>
    <StaticTiles />
  </TransInfo>
  <TransInfo Description="Blue Tile to Small Dirt AC" HashKey="080808111108081111">
    <MapTiles>
      <MapTile TileID="117" AltIDMod="0" />
    </MapTiles>
    <StaticTiles />
  </TransInfo>
  <TransInfo Description="Blue Tile to Small Dirt AC" HashKey="080808081108081111">
    <MapTiles>
      <MapTile TileID="117" AltIDMod="0" />
    </MapTiles>
    <StaticTiles />
  </TransInfo>
  <TransInfo Description="Blue Tile to Small Dirt AC" HashKey="080808111108110811">
    <MapTiles>
      <MapTile TileID="117" AltIDMod="0" />
    </MapTiles>
    <StaticTiles />
  </TransInfo>
  <TransInfo Description="Blue Tile to Small Dirt AC" HashKey="080808081108110811">
    <MapTiles>
      <MapTile TileID="117" AltIDMod="0" />
    </MapTiles>
    <StaticTiles />
  </TransInfo>
  <TransInfo Description="Blue Tile to Small Dirt AC" HashKey="080808111108080811">
    <MapTiles>
      <MapTile TileID="117" AltIDMod="0" />
    </MapTiles>
    <StaticTiles />
  </TransInfo>
  <TransInfo Description="Blue Tile to Small Dirt AC" HashKey="080808081108080811">
    <MapTiles>
      <MapTile TileID="117" AltIDMod="0" />
    </MapTiles>
    <StaticTiles />
  </TransInfo>
  <TransInfo Description="Blue Tile to Small Dirt AC" HashKey="080808081108111108">
    <MapTiles>
      <MapTile TileID="117" AltIDMod="0" />
    </MapTiles>
    <StaticTiles />
  </TransInfo>
  <TransInfo Description="Blue Tile to Small Dirt AC" HashKey="080808111108081108">
    <MapTiles>
      <MapTile TileID="117" AltIDMod="0" />
    </MapTiles>
    <StaticTiles />
  </TransInfo>
  <TransInfo Description="Blue Tile to Small Dirt AC" HashKey="080808081108081108">
    <MapTiles>
      <MapTile TileID="117" AltIDMod="0" />
    </MapTiles>
    <StaticTiles />
  </TransInfo>
  <TransInfo Description="Blue Tile to Small Dirt AC" HashKey="080808111108110808">
    <MapTiles>
      <MapTile TileID="117" AltIDMod="0" />
    </MapTiles>
    <StaticTiles />
  </TransInfo>
  <TransInfo Description="Blue Tile to Small Dirt AC" HashKey="080808081108110808">
    <MapTiles>
      <MapTile TileID="117" AltIDMod="0" />
    </MapTiles>
    <StaticTiles />
  </TransInfo>
  <TransInfo Description="Blue Tile to Small Dirt AC" HashKey="080808111108080808">
    <MapTiles>
      <MapTile TileID="117" AltIDMod="0" />
    </MapTiles>
    <StaticTiles />
  </TransInfo>
  <TransInfo Description="Blue Tile to Small Dirt AC" HashKey="080808081108080808">
    <MapTiles>
      <MapTile TileID="117" AltIDMod="0" />
    </MapTiles>
    <StaticTiles />
  </TransInfo>
  <TransInfo Description="Blue Tile to Small Dirt IWE" HashKey="081111111111111108">
    <MapTiles>
      <MapTile TileID="117" AltIDMod="0" />
    </MapTiles>
    <StaticTiles />
  </TransInfo>
  <TransInfo Description="Blue Tile to Small Dirt INS" HashKey="111108111111081111">
    <MapTiles>
      <MapTile TileID="117" AltIDMod="0" />
    </MapTiles>
    <StaticTiles />
  </TransInfo>
</Trans>