﻿<?xml version="1.0" encoding="utf-8"?>
<Trans>
    <TransInfo Description="Blue Tile to Grass SN" HashKey="010101111111111111">
    <MapTiles>
      <MapTile TileID="1049" AltIDMod="0" />
    </MapTiles>
    <StaticTiles />
  </TransInfo>
  <TransInfo Description="Blue Tile to Grass SN" HashKey="110101111111111111">
    <MapTiles>
      <MapTile TileID="1049" AltIDMod="0" />
    </MapTiles>
    <StaticTiles />
  </TransInfo>
  <TransInfo Description="Blue Tile to Grass SN" HashKey="010111111111111111">
    <MapTiles>
      <MapTile TileID="1049" AltIDMod="0" />
    </MapTiles>
    <StaticTiles />
  </TransInfo>
  <TransInfo Description="Blue Tile to Grass SN" HashKey="110111111111111111">
    <MapTiles>
      <MapTile TileID="1049" AltIDMod="0" />
    </MapTiles>
    <StaticTiles />
  </TransInfo>
  <TransInfo Description="Blue Tile to Grass SN" HashKey="011101111111111111">
    <MapTiles>
      <MapTile TileID="1049" AltIDMod="0" />
    </MapTiles>
    <StaticTiles />
  </TransInfo>
  <TransInfo Description="Blue Tile to Grass EW" HashKey="011111011111011111">
    <MapTiles>
      <MapTile TileID="1048" AltIDMod="0" />
    </MapTiles>
    <StaticTiles />
  </TransInfo>
  <TransInfo Description="Blue Tile to Grass EW" HashKey="011111011111111111">
    <MapTiles>
      <MapTile TileID="1048" AltIDMod="0" />
    </MapTiles>
    <StaticTiles />
  </TransInfo>
  <TransInfo Description="Blue Tile to Grass EW" HashKey="111111011111011111">
    <MapTiles>
      <MapTile TileID="1048" AltIDMod="0" />
    </MapTiles>
    <StaticTiles />
  </TransInfo>
  <TransInfo Description="Blue Tile to Grass EW" HashKey="111111011111111111">
    <MapTiles>
      <MapTile TileID="1048" AltIDMod="0" />
    </MapTiles>
    <StaticTiles />
  </TransInfo>
  <TransInfo Description="Blue Tile to Grass EW" HashKey="011111111111011111">
    <MapTiles>
      <MapTile TileID="1048" AltIDMod="0" />
    </MapTiles>
    <StaticTiles />
  </TransInfo>
  <TransInfo Description="Blue Tile to Grass WE" HashKey="111101111101111101">
    <MapTiles>
      <MapTile TileID="1046" AltIDMod="0" />
    </MapTiles>
    <StaticTiles />
  </TransInfo>
  <TransInfo Description="Blue Tile to Grass WE" HashKey="111111111101111101">
    <MapTiles>
      <MapTile TileID="1046" AltIDMod="0" />
    </MapTiles>
    <StaticTiles />
  </TransInfo>
  <TransInfo Description="Blue Tile to Grass WE" HashKey="111101111101111111">
    <MapTiles>
      <MapTile TileID="1046" AltIDMod="0" />
    </MapTiles>
    <StaticTiles />
  </TransInfo>
  <TransInfo Description="Blue Tile to Grass WE" HashKey="111111111101111111">
    <MapTiles>
      <MapTile TileID="1046" AltIDMod="0" />
    </MapTiles>
    <StaticTiles />
  </TransInfo>
  <TransInfo Description="Blue Tile to Grass WE" HashKey="111101111111111101">
    <MapTiles>
      <MapTile TileID="1046" AltIDMod="0" />
    </MapTiles>
    <StaticTiles />
  </TransInfo>
  <TransInfo Description="Blue Tile to Grass NS" HashKey="111111111111010101">
    <MapTiles>
      <MapTile TileID="1047" AltIDMod="0" />
    </MapTiles>
    <StaticTiles />
  </TransInfo>
  <TransInfo Description="Blue Tile to Grass NS" HashKey="111111111111010111">
    <MapTiles>
      <MapTile TileID="1047" AltIDMod="0" />
    </MapTiles>
    <StaticTiles />
  </TransInfo>
  <TransInfo Description="Blue Tile to Grass NS" HashKey="111111111111110101">
    <MapTiles>
      <MapTile TileID="1047" AltIDMod="0" />
    </MapTiles>
    <StaticTiles />
  </TransInfo>
  <TransInfo Description="Blue Tile to Grass NS" HashKey="111111111111110111">
    <MapTiles>
      <MapTile TileID="1047" AltIDMod="0" />
    </MapTiles>
    <StaticTiles />
  </TransInfo>
  <TransInfo Description="Blue Tile to Grass NS" HashKey="111111111111011101">
    <MapTiles>
      <MapTile TileID="1047" AltIDMod="0" />
    </MapTiles>
    <StaticTiles />
  </TransInfo>
  <TransInfo Description="Blue Tile to Grass NWA" HashKey="111101111101010101">
    <MapTiles>
      <MapTile TileID="1052" AltIDMod="0" />
    </MapTiles>
    <StaticTiles />
  </TransInfo>
  <TransInfo Description="Blue Tile to Grass NWA" HashKey="111111111101010101">
    <MapTiles>
      <MapTile TileID="1052" AltIDMod="0" />
    </MapTiles>
    <StaticTiles />
  </TransInfo>
  <TransInfo Description="Blue Tile to Grass NWA" HashKey="111101111101110101">
    <MapTiles>
      <MapTile TileID="1052" AltIDMod="0" />
    </MapTiles>
    <StaticTiles />
  </TransInfo>
  <TransInfo Description="Blue Tile to Grass NWA" HashKey="111111111101110101">
    <MapTiles>
      <MapTile TileID="1052" AltIDMod="0" />
    </MapTiles>
    <StaticTiles />
  </TransInfo>
  <TransInfo Description="Blue Tile to Grass NWA" HashKey="111111111101110111">
    <MapTiles>
      <MapTile TileID="1052" AltIDMod="0" />
    </MapTiles>
    <StaticTiles />
  </TransInfo>
  <TransInfo Description="Blue Tile to Grass NWA" HashKey="111101111111110101">
    <MapTiles>
      <MapTile TileID="1052" AltIDMod="0" />
    </MapTiles>
    <StaticTiles />
  </TransInfo>
  <TransInfo Description="Blue Tile to Grass NWA" HashKey="111101111111010101">
    <MapTiles>
      <MapTile TileID="1052" AltIDMod="0" />
    </MapTiles>
    <StaticTiles />
  </TransInfo>
  <TransInfo Description="Blue Tile to Grass NWA" HashKey="111101111111010111">
    <MapTiles>
      <MapTile TileID="1052" AltIDMod="0" />
    </MapTiles>
    <StaticTiles />
  </TransInfo>
  <TransInfo Description="Blue Tile to Grass NWA" HashKey="111111111101011101">
    <MapTiles>
      <MapTile TileID="1052" AltIDMod="0" />
    </MapTiles>
    <StaticTiles />
  </TransInfo>
  <TransInfo Description="Blue Tile to Grass NWA" HashKey="111101111101011101">
    <MapTiles>
      <MapTile TileID="1052" AltIDMod="0" />
    </MapTiles>
    <StaticTiles />
  </TransInfo>
  <TransInfo Description="Blue Tile to Grass NWA" HashKey="111101111101010111">
    <MapTiles>
      <MapTile TileID="1052" AltIDMod="0" />
    </MapTiles>
    <StaticTiles />
  </TransInfo>
  <TransInfo Description="Blue Tile to Grass NWA" HashKey="111101111101011111">
    <MapTiles>
      <MapTile TileID="1052" AltIDMod="0" />
    </MapTiles>
    <StaticTiles />
  </TransInfo>
  <TransInfo Description="Blue Tile to Grass NWA" HashKey="111101111111110111">
    <MapTiles>
      <MapTile TileID="1052" AltIDMod="0" />
    </MapTiles>
    <StaticTiles />
  </TransInfo>
  <TransInfo Description="Blue Tile to Grass NWA" HashKey="111111111101011111">
    <MapTiles>
      <MapTile TileID="1052" AltIDMod="0" />
    </MapTiles>
    <StaticTiles />
  </TransInfo>
  <TransInfo Description="Blue Tile to Grass NWA" HashKey="111101111101110111">
    <MapTiles>
      <MapTile TileID="1052" AltIDMod="0" />
    </MapTiles>
    <StaticTiles />
  </TransInfo>
  <TransInfo Description="Blue Tile to Grass NWA" HashKey="111101111111011101">
    <MapTiles>
      <MapTile TileID="1052" AltIDMod="0" />
    </MapTiles>
    <StaticTiles />
  </TransInfo>
  <TransInfo Description="Blue Tile to Grass NWA" HashKey="111111111101010111">
    <MapTiles>
      <MapTile TileID="1052" AltIDMod="0" />
    </MapTiles>
    <StaticTiles />
  </TransInfo>
  <TransInfo Description="Blue Tile to Grass SEA" HashKey="010101011111011111">
    <MapTiles>
      <MapTile TileID="1050" AltIDMod="0" />
    </MapTiles>
    <StaticTiles />
  </TransInfo>
  <TransInfo Description="Blue Tile to Grass SEA" HashKey="010111011111011111">
    <MapTiles>
      <MapTile TileID="1050" AltIDMod="0" />
    </MapTiles>
    <StaticTiles />
  </TransInfo>
  <TransInfo Description="Blue Tile to Grass SEA" HashKey="010101011111111111">
    <MapTiles>
      <MapTile TileID="1050" AltIDMod="0" />
    </MapTiles>
    <StaticTiles />
  </TransInfo>
  <TransInfo Description="Blue Tile to Grass SEA" HashKey="010111011111111111">
    <MapTiles>
      <MapTile TileID="1050" AltIDMod="0" />
    </MapTiles>
    <StaticTiles />
  </TransInfo>
  <TransInfo Description="Blue Tile to Grass SEA" HashKey="011101011111111111">
    <MapTiles>
      <MapTile TileID="1050" AltIDMod="0" />
    </MapTiles>
    <StaticTiles />
  </TransInfo>
  <TransInfo Description="Blue Tile to Grass SEA" HashKey="010111111111011111">
    <MapTiles>
      <MapTile TileID="1050" AltIDMod="0" />
    </MapTiles>
    <StaticTiles />
  </TransInfo>
  <TransInfo Description="Blue Tile to Grass SEA" HashKey="110101111111011111">
    <MapTiles>
      <MapTile TileID="1050" AltIDMod="0" />
    </MapTiles>
    <StaticTiles />
  </TransInfo>
  <TransInfo Description="Blue Tile to Grass SEA" HashKey="011101111111011111">
    <MapTiles>
      <MapTile TileID="1050" AltIDMod="0" />
    </MapTiles>
    <StaticTiles />
  </TransInfo>
  <TransInfo Description="Blue Tile to Grass SEA" HashKey="010101111111011111">
    <MapTiles>
      <MapTile TileID="1050" AltIDMod="0" />
    </MapTiles>
    <StaticTiles />
  </TransInfo>
  <TransInfo Description="Blue Tile to Grass SEA" HashKey="110111011111111111">
    <MapTiles>
      <MapTile TileID="1050" AltIDMod="0" />
    </MapTiles>
    <StaticTiles />
  </TransInfo>
  <TransInfo Description="Blue Tile to Grass SEA" HashKey="011101011111011111">
    <MapTiles>
      <MapTile TileID="1050" AltIDMod="0" />
    </MapTiles>
    <StaticTiles />
  </TransInfo>
  <TransInfo Description="Blue Tile to Grass SEA" HashKey="111101011111011111">
    <MapTiles>
      <MapTile TileID="1050" AltIDMod="0" />
    </MapTiles>
    <StaticTiles />
  </TransInfo>
  <TransInfo Description="Blue Tile to Grass SEA" HashKey="110101011111011111">
    <MapTiles>
      <MapTile TileID="1050" AltIDMod="0" />
    </MapTiles>
    <StaticTiles />
  </TransInfo>
  <TransInfo Description="Blue Tile to Grass SEA" HashKey="111101011111111111">
    <MapTiles>
      <MapTile TileID="1050" AltIDMod="0" />
    </MapTiles>
    <StaticTiles />
  </TransInfo>
  <TransInfo Description="Blue Tile to Grass SEA" HashKey="110111011111011111">
    <MapTiles>
      <MapTile TileID="1050" AltIDMod="0" />
    </MapTiles>
    <StaticTiles />
  </TransInfo>
  <TransInfo Description="Blue Tile to Grass SEA" HashKey="110111111111011111">
    <MapTiles>
      <MapTile TileID="1050" AltIDMod="0" />
    </MapTiles>
    <StaticTiles />
  </TransInfo>
  <TransInfo Description="Blue Tile to Grass SEA" HashKey="110101011111111111">
    <MapTiles>
      <MapTile TileID="1050" AltIDMod="0" />
    </MapTiles>
    <StaticTiles />
  </TransInfo>
  <TransInfo Description="Blue Tile to Grass NEA" HashKey="011111011111010101">
    <MapTiles>
      <MapTile TileID="1053" AltIDMod="0" />
    </MapTiles>
    <StaticTiles />
  </TransInfo>
  <TransInfo Description="Blue Tile to Grass NEA" HashKey="111111011111010101">
    <MapTiles>
      <MapTile TileID="1053" AltIDMod="0" />
    </MapTiles>
    <StaticTiles />
  </TransInfo>
  <TransInfo Description="Blue Tile to Grass NEA" HashKey="011111011111010111">
    <MapTiles>
      <MapTile TileID="1053" AltIDMod="0" />
    </MapTiles>
    <StaticTiles />
  </TransInfo>
  <TransInfo Description="Blue Tile to Grass NEA" HashKey="111111011111010111">
    <MapTiles>
      <MapTile TileID="1053" AltIDMod="0" />
    </MapTiles>
    <StaticTiles />
  </TransInfo>
  <TransInfo Description="Blue Tile to Grass NEA" HashKey="111111011111110111">
    <MapTiles>
      <MapTile TileID="1053" AltIDMod="0" />
    </MapTiles>
    <StaticTiles />
  </TransInfo>
  <TransInfo Description="Blue Tile to Grass NEA" HashKey="011111011111111101">
    <MapTiles>
      <MapTile TileID="1053" AltIDMod="0" />
    </MapTiles>
    <StaticTiles />
  </TransInfo>
  <TransInfo Description="Blue Tile to Grass NEA" HashKey="011111111111010101">
    <MapTiles>
      <MapTile TileID="1053" AltIDMod="0" />
    </MapTiles>
    <StaticTiles />
  </TransInfo>
  <TransInfo Description="Blue Tile to Grass NEA" HashKey="011111111111010111">
    <MapTiles>
      <MapTile TileID="1053" AltIDMod="0" />
    </MapTiles>
    <StaticTiles />
  </TransInfo>
  <TransInfo Description="Blue Tile to Grass NEA" HashKey="011111111111110111">
    <MapTiles>
      <MapTile TileID="1053" AltIDMod="0" />
    </MapTiles>
    <StaticTiles />
  </TransInfo>
  <TransInfo Description="Blue Tile to Grass NEA" HashKey="111111011111011101">
    <MapTiles>
      <MapTile TileID="1053" AltIDMod="0" />
    </MapTiles>
    <StaticTiles />
  </TransInfo>
  <TransInfo Description="Blue Tile to Grass NEA" HashKey="011111011111011101">
    <MapTiles>
      <MapTile TileID="1053" AltIDMod="0" />
    </MapTiles>
    <StaticTiles />
  </TransInfo>
  <TransInfo Description="Blue Tile to Grass NEA" HashKey="011111111111110101">
    <MapTiles>
      <MapTile TileID="1053" AltIDMod="0" />
    </MapTiles>
    <StaticTiles />
  </TransInfo>
  <TransInfo Description="Blue Tile to Grass NEA" HashKey="011111011111110101">
    <MapTiles>
      <MapTile TileID="1053" AltIDMod="0" />
    </MapTiles>
    <StaticTiles />
  </TransInfo>
  <TransInfo Description="Blue Tile to Grass NEA" HashKey="111111011111110101">
    <MapTiles>
      <MapTile TileID="1053" AltIDMod="0" />
    </MapTiles>
    <StaticTiles />
  </TransInfo>
  <TransInfo Description="Blue Tile to Grass NEA" HashKey="111111011111111101">
    <MapTiles>
      <MapTile TileID="1053" AltIDMod="0" />
    </MapTiles>
    <StaticTiles />
  </TransInfo>
  <TransInfo Description="Blue Tile to Grass NEA" HashKey="011111111111011101">
    <MapTiles>
      <MapTile TileID="1053" AltIDMod="0" />
    </MapTiles>
    <StaticTiles />
  </TransInfo>
  <TransInfo Description="Blue Tile to Grass NEA" HashKey="011111011111110111">
    <MapTiles>
      <MapTile TileID="1053" AltIDMod="0" />
    </MapTiles>
    <StaticTiles />
  </TransInfo>
  <TransInfo Description="Blue Tile to Grass SWA" HashKey="010101111101111101">
    <MapTiles>
      <MapTile TileID="1051" AltIDMod="0" />
    </MapTiles>
    <StaticTiles />
  </TransInfo>
  <TransInfo Description="Blue Tile to Grass SWA" HashKey="010101111101111111">
    <MapTiles>
      <MapTile TileID="1051" AltIDMod="0" />
    </MapTiles>
    <StaticTiles />
  </TransInfo>
  <TransInfo Description="Blue Tile to Grass SWA" HashKey="110101111101111101">
    <MapTiles>
      <MapTile TileID="1051" AltIDMod="0" />
    </MapTiles>
    <StaticTiles />
  </TransInfo>
  <TransInfo Description="Blue Tile to Grass SWA" HashKey="110101111101111111">
    <MapTiles>
      <MapTile TileID="1051" AltIDMod="0" />
    </MapTiles>
    <StaticTiles />
  </TransInfo>
  <TransInfo Description="Blue Tile to Grass SWA" HashKey="011111111101111101">
    <MapTiles>
      <MapTile TileID="1051" AltIDMod="0" />
    </MapTiles>
    <StaticTiles />
  </TransInfo>
  <TransInfo Description="Blue Tile to Grass SWA" HashKey="011101111101111111">
    <MapTiles>
      <MapTile TileID="1051" AltIDMod="0" />
    </MapTiles>
    <StaticTiles />
  </TransInfo>
  <TransInfo Description="Blue Tile to Grass SWA" HashKey="011101111101111101">
    <MapTiles>
      <MapTile TileID="1051" AltIDMod="0" />
    </MapTiles>
    <StaticTiles />
  </TransInfo>
  <TransInfo Description="Blue Tile to Grass SWA" HashKey="010111111111111101">
    <MapTiles>
      <MapTile TileID="1051" AltIDMod="0" />
    </MapTiles>
    <StaticTiles />
  </TransInfo>
  <TransInfo Description="Blue Tile to Grass SWA" HashKey="110111111111111101">
    <MapTiles>
      <MapTile TileID="1051" AltIDMod="0" />
    </MapTiles>
    <StaticTiles />
  </TransInfo>
  <TransInfo Description="Blue Tile to Grass SWA" HashKey="010101111111111101">
    <MapTiles>
      <MapTile TileID="1051" AltIDMod="0" />
    </MapTiles>
    <StaticTiles />
  </TransInfo>
  <TransInfo Description="Blue Tile to Grass SWA" HashKey="010111111101111111">
    <MapTiles>
      <MapTile TileID="1051" AltIDMod="0" />
    </MapTiles>
    <StaticTiles />
  </TransInfo>
  <TransInfo Description="Blue Tile to Grass SWA" HashKey="110101111111111101">
    <MapTiles>
      <MapTile TileID="1051" AltIDMod="0" />
    </MapTiles>
    <StaticTiles />
  </TransInfo>
  <TransInfo Description="Blue Tile to Grass SWA" HashKey="110111111101111111">
    <MapTiles>
      <MapTile TileID="1051" AltIDMod="0" />
    </MapTiles>
    <StaticTiles />
  </TransInfo>
  <TransInfo Description="Blue Tile to Grass SWA" HashKey="011111111101111111">
    <MapTiles>
      <MapTile TileID="1051" AltIDMod="0" />
    </MapTiles>
    <StaticTiles />
  </TransInfo>
  <TransInfo Description="Blue Tile to Grass SWA" HashKey="011101111111111101">
    <MapTiles>
      <MapTile TileID="1051" AltIDMod="0" />
    </MapTiles>
    <StaticTiles />
  </TransInfo>
  <TransInfo Description="Blue Tile to Grass SWA" HashKey="110111111101111101">
    <MapTiles>
      <MapTile TileID="1051" AltIDMod="0" />
    </MapTiles>
    <StaticTiles />
  </TransInfo>
  <TransInfo Description="Blue Tile to Grass SWA" HashKey="010111111101111101">
    <MapTiles>
      <MapTile TileID="1051" AltIDMod="0" />
    </MapTiles>
    <StaticTiles />
  </TransInfo>
  <TransInfo Description="Blue Tile to Grass NWB" HashKey="011111111111111111">
    <MapTiles>
      <MapTile TileID="1067" AltIDMod="0" />
    </MapTiles>
    <StaticTiles />
  </TransInfo>
  <TransInfo Description="Blue Tile to Grass SEB" HashKey="111111111111111101">
    <MapTiles>
      <MapTile TileID="1065" AltIDMod="0" />
    </MapTiles>
    <StaticTiles />
  </TransInfo>
  <TransInfo Description="Blue Tile to Grass NEB" HashKey="111101111111111111">
    <MapTiles>
      <MapTile TileID="1068" AltIDMod="0" />
    </MapTiles>
    <StaticTiles />
  </TransInfo>
  <TransInfo Description="Blue Tile to Grass SWB" HashKey="111111111111011111">
    <MapTiles>
      <MapTile TileID="1066" AltIDMod="0" />
    </MapTiles>
    <StaticTiles />
  </TransInfo>
  <TransInfo Description="Blue Tile to Grass AC" HashKey="111111011101111111">
    <MapTiles>
      <MapTile TileID="3" AltIDMod="0" />
    </MapTiles>
    <StaticTiles />
  </TransInfo>
  <TransInfo Description="Blue Tile to Grass AC" HashKey="111111011101011111">
    <MapTiles>
      <MapTile TileID="3" AltIDMod="0" />
    </MapTiles>
    <StaticTiles />
  </TransInfo>
  <TransInfo Description="Blue Tile to Grass AC" HashKey="111111011101110111">
    <MapTiles>
      <MapTile TileID="3" AltIDMod="0" />
    </MapTiles>
    <StaticTiles />
  </TransInfo>
  <TransInfo Description="Blue Tile to Grass AC" HashKey="111111011101010111">
    <MapTiles>
      <MapTile TileID="3" AltIDMod="0" />
    </MapTiles>
    <StaticTiles />
  </TransInfo>
  <TransInfo Description="Blue Tile to Grass AC" HashKey="111111011101111101">
    <MapTiles>
      <MapTile TileID="3" AltIDMod="0" />
    </MapTiles>
    <StaticTiles />
  </TransInfo>
  <TransInfo Description="Blue Tile to Grass AC" HashKey="111111011101011101">
    <MapTiles>
      <MapTile TileID="3" AltIDMod="0" />
    </MapTiles>
    <StaticTiles />
  </TransInfo>
  <TransInfo Description="Blue Tile to Grass AC" HashKey="111111011101110101">
    <MapTiles>
      <MapTile TileID="3" AltIDMod="0" />
    </MapTiles>
    <StaticTiles />
  </TransInfo>
  <TransInfo Description="Blue Tile to Grass AC" HashKey="111111011101010101">
    <MapTiles>
      <MapTile TileID="3" AltIDMod="0" />
    </MapTiles>
    <StaticTiles />
  </TransInfo>
  <TransInfo Description="Blue Tile to Grass AC" HashKey="111101011111110111">
    <MapTiles>
      <MapTile TileID="3" AltIDMod="0" />
    </MapTiles>
    <StaticTiles />
  </TransInfo>
  <TransInfo Description="Blue Tile to Grass AC" HashKey="111101011111010111">
    <MapTiles>
      <MapTile TileID="3" AltIDMod="0" />
    </MapTiles>
    <StaticTiles />
  </TransInfo>
  <TransInfo Description="Blue Tile to Grass AC" HashKey="111101011111111101">
    <MapTiles>
      <MapTile TileID="3" AltIDMod="0" />
    </MapTiles>
    <StaticTiles />
  </TransInfo>
  <TransInfo Description="Blue Tile to Grass AC" HashKey="111101011111011101">
    <MapTiles>
      <MapTile TileID="3" AltIDMod="0" />
    </MapTiles>
    <StaticTiles />
  </TransInfo>
  <TransInfo Description="Blue Tile to Grass AC" HashKey="111101011111110101">
    <MapTiles>
      <MapTile TileID="3" AltIDMod="0" />
    </MapTiles>
    <StaticTiles />
  </TransInfo>
  <TransInfo Description="Blue Tile to Grass AC" HashKey="111101011111010101">
    <MapTiles>
      <MapTile TileID="3" AltIDMod="0" />
    </MapTiles>
    <StaticTiles />
  </TransInfo>
  <TransInfo Description="Blue Tile to Grass AC" HashKey="111101011101111111">
    <MapTiles>
      <MapTile TileID="3" AltIDMod="0" />
    </MapTiles>
    <StaticTiles />
  </TransInfo>
  <TransInfo Description="Blue Tile to Grass AC" HashKey="111101011101011111">
    <MapTiles>
      <MapTile TileID="3" AltIDMod="0" />
    </MapTiles>
    <StaticTiles />
  </TransInfo>
  <TransInfo Description="Blue Tile to Grass AC" HashKey="111101011101110111">
    <MapTiles>
      <MapTile TileID="3" AltIDMod="0" />
    </MapTiles>
    <StaticTiles />
  </TransInfo>
  <TransInfo Description="Blue Tile to Grass AC" HashKey="111101011101010111">
    <MapTiles>
      <MapTile TileID="3" AltIDMod="0" />
    </MapTiles>
    <StaticTiles />
  </TransInfo>
  <TransInfo Description="Blue Tile to Grass AC" HashKey="111101011101111101">
    <MapTiles>
      <MapTile TileID="3" AltIDMod="0" />
    </MapTiles>
    <StaticTiles />
  </TransInfo>
  <TransInfo Description="Blue Tile to Grass AC" HashKey="111101011101011101">
    <MapTiles>
      <MapTile TileID="3" AltIDMod="0" />
    </MapTiles>
    <StaticTiles />
  </TransInfo>
  <TransInfo Description="Blue Tile to Grass AC" HashKey="111101011101110101">
    <MapTiles>
      <MapTile TileID="3" AltIDMod="0" />
    </MapTiles>
    <StaticTiles />
  </TransInfo>
  <TransInfo Description="Blue Tile to Grass AC" HashKey="111101011101010101">
    <MapTiles>
      <MapTile TileID="3" AltIDMod="0" />
    </MapTiles>
    <StaticTiles />
  </TransInfo>
  <TransInfo Description="Blue Tile to Grass AC" HashKey="110111111111110111">
    <MapTiles>
      <MapTile TileID="3" AltIDMod="0" />
    </MapTiles>
    <StaticTiles />
  </TransInfo>
  <TransInfo Description="Blue Tile to Grass AC" HashKey="110111011111110111">
    <MapTiles>
      <MapTile TileID="3" AltIDMod="0" />
    </MapTiles>
    <StaticTiles />
  </TransInfo>
  <TransInfo Description="Blue Tile to Grass AC" HashKey="110111111111010111">
    <MapTiles>
      <MapTile TileID="3" AltIDMod="0" />
    </MapTiles>
    <StaticTiles />
  </TransInfo>
  <TransInfo Description="Blue Tile to Grass AC" HashKey="110111011111010111">
    <MapTiles>
      <MapTile TileID="3" AltIDMod="0" />
    </MapTiles>
    <StaticTiles />
  </TransInfo>
  <TransInfo Description="Blue Tile to Grass AC" HashKey="110111011111111101">
    <MapTiles>
      <MapTile TileID="3" AltIDMod="0" />
    </MapTiles>
    <StaticTiles />
  </TransInfo>
  <TransInfo Description="Blue Tile to Grass AC" HashKey="110111111111011101">
    <MapTiles>
      <MapTile TileID="3" AltIDMod="0" />
    </MapTiles>
    <StaticTiles />
  </TransInfo>
  <TransInfo Description="Blue Tile to Grass AC" HashKey="110111011111011101">
    <MapTiles>
      <MapTile TileID="3" AltIDMod="0" />
    </MapTiles>
    <StaticTiles />
  </TransInfo>
  <TransInfo Description="Blue Tile to Grass AC" HashKey="110111111111110101">
    <MapTiles>
      <MapTile TileID="3" AltIDMod="0" />
    </MapTiles>
    <StaticTiles />
  </TransInfo>
  <TransInfo Description="Blue Tile to Grass AC" HashKey="110111011111110101">
    <MapTiles>
      <MapTile TileID="3" AltIDMod="0" />
    </MapTiles>
    <StaticTiles />
  </TransInfo>
  <TransInfo Description="Blue Tile to Grass AC" HashKey="110111111111010101">
    <MapTiles>
      <MapTile TileID="3" AltIDMod="0" />
    </MapTiles>
    <StaticTiles />
  </TransInfo>
  <TransInfo Description="Blue Tile to Grass AC" HashKey="110111011111010101">
    <MapTiles>
      <MapTile TileID="3" AltIDMod="0" />
    </MapTiles>
    <StaticTiles />
  </TransInfo>
  <TransInfo Description="Blue Tile to Grass AC" HashKey="110111011101111111">
    <MapTiles>
      <MapTile TileID="3" AltIDMod="0" />
    </MapTiles>
    <StaticTiles />
  </TransInfo>
  <TransInfo Description="Blue Tile to Grass AC" HashKey="110111111101011111">
    <MapTiles>
      <MapTile TileID="3" AltIDMod="0" />
    </MapTiles>
    <StaticTiles />
  </TransInfo>
  <TransInfo Description="Blue Tile to Grass AC" HashKey="110111011101011111">
    <MapTiles>
      <MapTile TileID="3" AltIDMod="0" />
    </MapTiles>
    <StaticTiles />
  </TransInfo>
  <TransInfo Description="Blue Tile to Grass AC" HashKey="110111111101110111">
    <MapTiles>
      <MapTile TileID="3" AltIDMod="0" />
    </MapTiles>
    <StaticTiles />
  </TransInfo>
  <TransInfo Description="Blue Tile to Grass AC" HashKey="110111011101110111">
    <MapTiles>
      <MapTile TileID="3" AltIDMod="0" />
    </MapTiles>
    <StaticTiles />
  </TransInfo>
  <TransInfo Description="Blue Tile to Grass AC" HashKey="110111111101010111">
    <MapTiles>
      <MapTile TileID="3" AltIDMod="0" />
    </MapTiles>
    <StaticTiles />
  </TransInfo>
  <TransInfo Description="Blue Tile to Grass AC" HashKey="110111011101010111">
    <MapTiles>
      <MapTile TileID="3" AltIDMod="0" />
    </MapTiles>
    <StaticTiles />
  </TransInfo>
  <TransInfo Description="Blue Tile to Grass AC" HashKey="110111011101111101">
    <MapTiles>
      <MapTile TileID="3" AltIDMod="0" />
    </MapTiles>
    <StaticTiles />
  </TransInfo>
  <TransInfo Description="Blue Tile to Grass AC" HashKey="110111111101011101">
    <MapTiles>
      <MapTile TileID="3" AltIDMod="0" />
    </MapTiles>
    <StaticTiles />
  </TransInfo>
  <TransInfo Description="Blue Tile to Grass AC" HashKey="110111011101011101">
    <MapTiles>
      <MapTile TileID="3" AltIDMod="0" />
    </MapTiles>
    <StaticTiles />
  </TransInfo>
  <TransInfo Description="Blue Tile to Grass AC" HashKey="110111111101110101">
    <MapTiles>
      <MapTile TileID="3" AltIDMod="0" />
    </MapTiles>
    <StaticTiles />
  </TransInfo>
  <TransInfo Description="Blue Tile to Grass AC" HashKey="110111011101110101">
    <MapTiles>
      <MapTile TileID="3" AltIDMod="0" />
    </MapTiles>
    <StaticTiles />
  </TransInfo>
  <TransInfo Description="Blue Tile to Grass AC" HashKey="110111111101010101">
    <MapTiles>
      <MapTile TileID="3" AltIDMod="0" />
    </MapTiles>
    <StaticTiles />
  </TransInfo>
  <TransInfo Description="Blue Tile to Grass AC" HashKey="110111011101010101">
    <MapTiles>
      <MapTile TileID="3" AltIDMod="0" />
    </MapTiles>
    <StaticTiles />
  </TransInfo>
  <TransInfo Description="Blue Tile to Grass AC" HashKey="110101111111110111">
    <MapTiles>
      <MapTile TileID="3" AltIDMod="0" />
    </MapTiles>
    <StaticTiles />
  </TransInfo>
  <TransInfo Description="Blue Tile to Grass AC" HashKey="110101011111110111">
    <MapTiles>
      <MapTile TileID="3" AltIDMod="0" />
    </MapTiles>
    <StaticTiles />
  </TransInfo>
  <TransInfo Description="Blue Tile to Grass AC" HashKey="110101111111010111">
    <MapTiles>
      <MapTile TileID="3" AltIDMod="0" />
    </MapTiles>
    <StaticTiles />
  </TransInfo>
  <TransInfo Description="Blue Tile to Grass AC" HashKey="110101011111010111">
    <MapTiles>
      <MapTile TileID="3" AltIDMod="0" />
    </MapTiles>
    <StaticTiles />
  </TransInfo>
  <TransInfo Description="Blue Tile to Grass AC" HashKey="110101011111111101">
    <MapTiles>
      <MapTile TileID="3" AltIDMod="0" />
    </MapTiles>
    <StaticTiles />
  </TransInfo>
  <TransInfo Description="Blue Tile to Grass AC" HashKey="110101111111011101">
    <MapTiles>
      <MapTile TileID="3" AltIDMod="0" />
    </MapTiles>
    <StaticTiles />
  </TransInfo>
  <TransInfo Description="Blue Tile to Grass AC" HashKey="110101011111011101">
    <MapTiles>
      <MapTile TileID="3" AltIDMod="0" />
    </MapTiles>
    <StaticTiles />
  </TransInfo>
  <TransInfo Description="Blue Tile to Grass AC" HashKey="110101111111110101">
    <MapTiles>
      <MapTile TileID="3" AltIDMod="0" />
    </MapTiles>
    <StaticTiles />
  </TransInfo>
  <TransInfo Description="Blue Tile to Grass AC" HashKey="110101011111110101">
    <MapTiles>
      <MapTile TileID="3" AltIDMod="0" />
    </MapTiles>
    <StaticTiles />
  </TransInfo>
  <TransInfo Description="Blue Tile to Grass AC" HashKey="110101111111010101">
    <MapTiles>
      <MapTile TileID="3" AltIDMod="0" />
    </MapTiles>
    <StaticTiles />
  </TransInfo>
  <TransInfo Description="Blue Tile to Grass AC" HashKey="110101011111010101">
    <MapTiles>
      <MapTile TileID="3" AltIDMod="0" />
    </MapTiles>
    <StaticTiles />
  </TransInfo>
  <TransInfo Description="Blue Tile to Grass AC" HashKey="110101011101111111">
    <MapTiles>
      <MapTile TileID="3" AltIDMod="0" />
    </MapTiles>
    <StaticTiles />
  </TransInfo>
  <TransInfo Description="Blue Tile to Grass AC" HashKey="110101111101011111">
    <MapTiles>
      <MapTile TileID="3" AltIDMod="0" />
    </MapTiles>
    <StaticTiles />
  </TransInfo>
  <TransInfo Description="Blue Tile to Grass AC" HashKey="110101011101011111">
    <MapTiles>
      <MapTile TileID="3" AltIDMod="0" />
    </MapTiles>
    <StaticTiles />
  </TransInfo>
  <TransInfo Description="Blue Tile to Grass AC" HashKey="110101111101110111">
    <MapTiles>
      <MapTile TileID="3" AltIDMod="0" />
    </MapTiles>
    <StaticTiles />
  </TransInfo>
  <TransInfo Description="Blue Tile to Grass AC" HashKey="110101011101110111">
    <MapTiles>
      <MapTile TileID="3" AltIDMod="0" />
    </MapTiles>
    <StaticTiles />
  </TransInfo>
  <TransInfo Description="Blue Tile to Grass AC" HashKey="110101111101010111">
    <MapTiles>
      <MapTile TileID="3" AltIDMod="0" />
    </MapTiles>
    <StaticTiles />
  </TransInfo>
  <TransInfo Description="Blue Tile to Grass AC" HashKey="110101011101010111">
    <MapTiles>
      <MapTile TileID="3" AltIDMod="0" />
    </MapTiles>
    <StaticTiles />
  </TransInfo>
  <TransInfo Description="Blue Tile to Grass AC" HashKey="110101011101111101">
    <MapTiles>
      <MapTile TileID="3" AltIDMod="0" />
    </MapTiles>
    <StaticTiles />
  </TransInfo>
  <TransInfo Description="Blue Tile to Grass AC" HashKey="110101111101011101">
    <MapTiles>
      <MapTile TileID="3" AltIDMod="0" />
    </MapTiles>
    <StaticTiles />
  </TransInfo>
  <TransInfo Description="Blue Tile to Grass AC" HashKey="110101011101011101">
    <MapTiles>
      <MapTile TileID="3" AltIDMod="0" />
    </MapTiles>
    <StaticTiles />
  </TransInfo>
  <TransInfo Description="Blue Tile to Grass AC" HashKey="110101111101110101">
    <MapTiles>
      <MapTile TileID="3" AltIDMod="0" />
    </MapTiles>
    <StaticTiles />
  </TransInfo>
  <TransInfo Description="Blue Tile to Grass AC" HashKey="110101011101110101">
    <MapTiles>
      <MapTile TileID="3" AltIDMod="0" />
    </MapTiles>
    <StaticTiles />
  </TransInfo>
  <TransInfo Description="Blue Tile to Grass AC" HashKey="110101111101010101">
    <MapTiles>
      <MapTile TileID="3" AltIDMod="0" />
    </MapTiles>
    <StaticTiles />
  </TransInfo>
  <TransInfo Description="Blue Tile to Grass AC" HashKey="110101011101010101">
    <MapTiles>
      <MapTile TileID="3" AltIDMod="0" />
    </MapTiles>
    <StaticTiles />
  </TransInfo>
  <TransInfo Description="Blue Tile to Grass AC" HashKey="011111011101111111">
    <MapTiles>
      <MapTile TileID="3" AltIDMod="0" />
    </MapTiles>
    <StaticTiles />
  </TransInfo>
  <TransInfo Description="Blue Tile to Grass AC" HashKey="011111111101011111">
    <MapTiles>
      <MapTile TileID="3" AltIDMod="0" />
    </MapTiles>
    <StaticTiles />
  </TransInfo>
  <TransInfo Description="Blue Tile to Grass AC" HashKey="011111011101011111">
    <MapTiles>
      <MapTile TileID="3" AltIDMod="0" />
    </MapTiles>
    <StaticTiles />
  </TransInfo>
  <TransInfo Description="Blue Tile to Grass AC" HashKey="011111111101110111">
    <MapTiles>
      <MapTile TileID="3" AltIDMod="0" />
    </MapTiles>
    <StaticTiles />
  </TransInfo>
  <TransInfo Description="Blue Tile to Grass AC" HashKey="011111011101110111">
    <MapTiles>
      <MapTile TileID="3" AltIDMod="0" />
    </MapTiles>
    <StaticTiles />
  </TransInfo>
  <TransInfo Description="Blue Tile to Grass AC" HashKey="011111111101010111">
    <MapTiles>
      <MapTile TileID="3" AltIDMod="0" />
    </MapTiles>
    <StaticTiles />
  </TransInfo>
  <TransInfo Description="Blue Tile to Grass AC" HashKey="011111011101010111">
    <MapTiles>
      <MapTile TileID="3" AltIDMod="0" />
    </MapTiles>
    <StaticTiles />
  </TransInfo>
  <TransInfo Description="Blue Tile to Grass AC" HashKey="011111011101111101">
    <MapTiles>
      <MapTile TileID="3" AltIDMod="0" />
    </MapTiles>
    <StaticTiles />
  </TransInfo>
  <TransInfo Description="Blue Tile to Grass AC" HashKey="011111111101011101">
    <MapTiles>
      <MapTile TileID="3" AltIDMod="0" />
    </MapTiles>
    <StaticTiles />
  </TransInfo>
  <TransInfo Description="Blue Tile to Grass AC" HashKey="011111011101011101">
    <MapTiles>
      <MapTile TileID="3" AltIDMod="0" />
    </MapTiles>
    <StaticTiles />
  </TransInfo>
  <TransInfo Description="Blue Tile to Grass AC" HashKey="011111111101110101">
    <MapTiles>
      <MapTile TileID="3" AltIDMod="0" />
    </MapTiles>
    <StaticTiles />
  </TransInfo>
  <TransInfo Description="Blue Tile to Grass AC" HashKey="011111011101110101">
    <MapTiles>
      <MapTile TileID="3" AltIDMod="0" />
    </MapTiles>
    <StaticTiles />
  </TransInfo>
  <TransInfo Description="Blue Tile to Grass AC" HashKey="011111111101010101">
    <MapTiles>
      <MapTile TileID="3" AltIDMod="0" />
    </MapTiles>
    <StaticTiles />
  </TransInfo>
  <TransInfo Description="Blue Tile to Grass AC" HashKey="011111011101010101">
    <MapTiles>
      <MapTile TileID="3" AltIDMod="0" />
    </MapTiles>
    <StaticTiles />
  </TransInfo>
  <TransInfo Description="Blue Tile to Grass AC" HashKey="011101111111110111">
    <MapTiles>
      <MapTile TileID="3" AltIDMod="0" />
    </MapTiles>
    <StaticTiles />
  </TransInfo>
  <TransInfo Description="Blue Tile to Grass AC" HashKey="011101011111110111">
    <MapTiles>
      <MapTile TileID="3" AltIDMod="0" />
    </MapTiles>
    <StaticTiles />
  </TransInfo>
  <TransInfo Description="Blue Tile to Grass AC" HashKey="011101111111010111">
    <MapTiles>
      <MapTile TileID="3" AltIDMod="0" />
    </MapTiles>
    <StaticTiles />
  </TransInfo>
  <TransInfo Description="Blue Tile to Grass AC" HashKey="011101011111010111">
    <MapTiles>
      <MapTile TileID="3" AltIDMod="0" />
    </MapTiles>
    <StaticTiles />
  </TransInfo>
  <TransInfo Description="Blue Tile to Grass AC" HashKey="011101011111111101">
    <MapTiles>
      <MapTile TileID="3" AltIDMod="0" />
    </MapTiles>
    <StaticTiles />
  </TransInfo>
  <TransInfo Description="Blue Tile to Grass AC" HashKey="011101111111011101">
    <MapTiles>
      <MapTile TileID="3" AltIDMod="0" />
    </MapTiles>
    <StaticTiles />
  </TransInfo>
  <TransInfo Description="Blue Tile to Grass AC" HashKey="011101011111011101">
    <MapTiles>
      <MapTile TileID="3" AltIDMod="0" />
    </MapTiles>
    <StaticTiles />
  </TransInfo>
  <TransInfo Description="Blue Tile to Grass AC" HashKey="011101111111110101">
    <MapTiles>
      <MapTile TileID="3" AltIDMod="0" />
    </MapTiles>
    <StaticTiles />
  </TransInfo>
  <TransInfo Description="Blue Tile to Grass AC" HashKey="011101011111110101">
    <MapTiles>
      <MapTile TileID="3" AltIDMod="0" />
    </MapTiles>
    <StaticTiles />
  </TransInfo>
  <TransInfo Description="Blue Tile to Grass AC" HashKey="011101111111010101">
    <MapTiles>
      <MapTile TileID="3" AltIDMod="0" />
    </MapTiles>
    <StaticTiles />
  </TransInfo>
  <TransInfo Description="Blue Tile to Grass AC" HashKey="011101011111010101">
    <MapTiles>
      <MapTile TileID="3" AltIDMod="0" />
    </MapTiles>
    <StaticTiles />
  </TransInfo>
  <TransInfo Description="Blue Tile to Grass AC" HashKey="011101011101111111">
    <MapTiles>
      <MapTile TileID="3" AltIDMod="0" />
    </MapTiles>
    <StaticTiles />
  </TransInfo>
  <TransInfo Description="Blue Tile to Grass AC" HashKey="011101111101011111">
    <MapTiles>
      <MapTile TileID="3" AltIDMod="0" />
    </MapTiles>
    <StaticTiles />
  </TransInfo>
  <TransInfo Description="Blue Tile to Grass AC" HashKey="011101011101011111">
    <MapTiles>
      <MapTile TileID="3" AltIDMod="0" />
    </MapTiles>
    <StaticTiles />
  </TransInfo>
  <TransInfo Description="Blue Tile to Grass AC" HashKey="011101111101110111">
    <MapTiles>
      <MapTile TileID="3" AltIDMod="0" />
    </MapTiles>
    <StaticTiles />
  </TransInfo>
  <TransInfo Description="Blue Tile to Grass AC" HashKey="011101011101110111">
    <MapTiles>
      <MapTile TileID="3" AltIDMod="0" />
    </MapTiles>
    <StaticTiles />
  </TransInfo>
  <TransInfo Description="Blue Tile to Grass AC" HashKey="011101111101010111">
    <MapTiles>
      <MapTile TileID="3" AltIDMod="0" />
    </MapTiles>
    <StaticTiles />
  </TransInfo>
  <TransInfo Description="Blue Tile to Grass AC" HashKey="011101011101010111">
    <MapTiles>
      <MapTile TileID="3" AltIDMod="0" />
    </MapTiles>
    <StaticTiles />
  </TransInfo>
  <TransInfo Description="Blue Tile to Grass AC" HashKey="011101011101111101">
    <MapTiles>
      <MapTile TileID="3" AltIDMod="0" />
    </MapTiles>
    <StaticTiles />
  </TransInfo>
  <TransInfo Description="Blue Tile to Grass AC" HashKey="011101111101011101">
    <MapTiles>
      <MapTile TileID="3" AltIDMod="0" />
    </MapTiles>
    <StaticTiles />
  </TransInfo>
  <TransInfo Description="Blue Tile to Grass AC" HashKey="011101011101011101">
    <MapTiles>
      <MapTile TileID="3" AltIDMod="0" />
    </MapTiles>
    <StaticTiles />
  </TransInfo>
  <TransInfo Description="Blue Tile to Grass AC" HashKey="011101111101110101">
    <MapTiles>
      <MapTile TileID="3" AltIDMod="0" />
    </MapTiles>
    <StaticTiles />
  </TransInfo>
  <TransInfo Description="Blue Tile to Grass AC" HashKey="011101011101110101">
    <MapTiles>
      <MapTile TileID="3" AltIDMod="0" />
    </MapTiles>
    <StaticTiles />
  </TransInfo>
  <TransInfo Description="Blue Tile to Grass AC" HashKey="011101111101010101">
    <MapTiles>
      <MapTile TileID="3" AltIDMod="0" />
    </MapTiles>
    <StaticTiles />
  </TransInfo>
  <TransInfo Description="Blue Tile to Grass AC" HashKey="011101011101010101">
    <MapTiles>
      <MapTile TileID="3" AltIDMod="0" />
    </MapTiles>
    <StaticTiles />
  </TransInfo>
  <TransInfo Description="Blue Tile to Grass AC" HashKey="010111111111110111">
    <MapTiles>
      <MapTile TileID="3" AltIDMod="0" />
    </MapTiles>
    <StaticTiles />
  </TransInfo>
  <TransInfo Description="Blue Tile to Grass AC" HashKey="010111011111110111">
    <MapTiles>
      <MapTile TileID="3" AltIDMod="0" />
    </MapTiles>
    <StaticTiles />
  </TransInfo>
  <TransInfo Description="Blue Tile to Grass AC" HashKey="010111111111010111">
    <MapTiles>
      <MapTile TileID="3" AltIDMod="0" />
    </MapTiles>
    <StaticTiles />
  </TransInfo>
  <TransInfo Description="Blue Tile to Grass AC" HashKey="010111011111010111">
    <MapTiles>
      <MapTile TileID="3" AltIDMod="0" />
    </MapTiles>
    <StaticTiles />
  </TransInfo>
  <TransInfo Description="Blue Tile to Grass AC" HashKey="010111011111111101">
    <MapTiles>
      <MapTile TileID="3" AltIDMod="0" />
    </MapTiles>
    <StaticTiles />
  </TransInfo>
  <TransInfo Description="Blue Tile to Grass AC" HashKey="010111111111011101">
    <MapTiles>
      <MapTile TileID="3" AltIDMod="0" />
    </MapTiles>
    <StaticTiles />
  </TransInfo>
  <TransInfo Description="Blue Tile to Grass AC" HashKey="010111011111011101">
    <MapTiles>
      <MapTile TileID="3" AltIDMod="0" />
    </MapTiles>
    <StaticTiles />
  </TransInfo>
  <TransInfo Description="Blue Tile to Grass AC" HashKey="010111111111110101">
    <MapTiles>
      <MapTile TileID="3" AltIDMod="0" />
    </MapTiles>
    <StaticTiles />
  </TransInfo>
  <TransInfo Description="Blue Tile to Grass AC" HashKey="010111011111110101">
    <MapTiles>
      <MapTile TileID="3" AltIDMod="0" />
    </MapTiles>
    <StaticTiles />
  </TransInfo>
  <TransInfo Description="Blue Tile to Grass AC" HashKey="010111111111010101">
    <MapTiles>
      <MapTile TileID="3" AltIDMod="0" />
    </MapTiles>
    <StaticTiles />
  </TransInfo>
  <TransInfo Description="Blue Tile to Grass AC" HashKey="010111011111010101">
    <MapTiles>
      <MapTile TileID="3" AltIDMod="0" />
    </MapTiles>
    <StaticTiles />
  </TransInfo>
  <TransInfo Description="Blue Tile to Grass AC" HashKey="010111011101111111">
    <MapTiles>
      <MapTile TileID="3" AltIDMod="0" />
    </MapTiles>
    <StaticTiles />
  </TransInfo>
  <TransInfo Description="Blue Tile to Grass AC" HashKey="010111111101011111">
    <MapTiles>
      <MapTile TileID="3" AltIDMod="0" />
    </MapTiles>
    <StaticTiles />
  </TransInfo>
  <TransInfo Description="Blue Tile to Grass AC" HashKey="010111011101011111">
    <MapTiles>
      <MapTile TileID="3" AltIDMod="0" />
    </MapTiles>
    <StaticTiles />
  </TransInfo>
  <TransInfo Description="Blue Tile to Grass AC" HashKey="010111111101110111">
    <MapTiles>
      <MapTile TileID="3" AltIDMod="0" />
    </MapTiles>
    <StaticTiles />
  </TransInfo>
  <TransInfo Description="Blue Tile to Grass AC" HashKey="010111011101110111">
    <MapTiles>
      <MapTile TileID="3" AltIDMod="0" />
    </MapTiles>
    <StaticTiles />
  </TransInfo>
  <TransInfo Description="Blue Tile to Grass AC" HashKey="010111111101010111">
    <MapTiles>
      <MapTile TileID="3" AltIDMod="0" />
    </MapTiles>
    <StaticTiles />
  </TransInfo>
  <TransInfo Description="Blue Tile to Grass AC" HashKey="010111011101010111">
    <MapTiles>
      <MapTile TileID="3" AltIDMod="0" />
    </MapTiles>
    <StaticTiles />
  </TransInfo>
  <TransInfo Description="Blue Tile to Grass AC" HashKey="010111011101111101">
    <MapTiles>
      <MapTile TileID="3" AltIDMod="0" />
    </MapTiles>
    <StaticTiles />
  </TransInfo>
  <TransInfo Description="Blue Tile to Grass AC" HashKey="010111111101011101">
    <MapTiles>
      <MapTile TileID="3" AltIDMod="0" />
    </MapTiles>
    <StaticTiles />
  </TransInfo>
  <TransInfo Description="Blue Tile to Grass AC" HashKey="010111011101011101">
    <MapTiles>
      <MapTile TileID="3" AltIDMod="0" />
    </MapTiles>
    <StaticTiles />
  </TransInfo>
  <TransInfo Description="Blue Tile to Grass AC" HashKey="010111111101110101">
    <MapTiles>
      <MapTile TileID="3" AltIDMod="0" />
    </MapTiles>
    <StaticTiles />
  </TransInfo>
  <TransInfo Description="Blue Tile to Grass AC" HashKey="010111011101110101">
    <MapTiles>
      <MapTile TileID="3" AltIDMod="0" />
    </MapTiles>
    <StaticTiles />
  </TransInfo>
  <TransInfo Description="Blue Tile to Grass AC" HashKey="010111111101010101">
    <MapTiles>
      <MapTile TileID="3" AltIDMod="0" />
    </MapTiles>
    <StaticTiles />
  </TransInfo>
  <TransInfo Description="Blue Tile to Grass AC" HashKey="010111011101010101">
    <MapTiles>
      <MapTile TileID="3" AltIDMod="0" />
    </MapTiles>
    <StaticTiles />
  </TransInfo>
  <TransInfo Description="Blue Tile to Grass AC" HashKey="010101111111110111">
    <MapTiles>
      <MapTile TileID="3" AltIDMod="0" />
    </MapTiles>
    <StaticTiles />
  </TransInfo>
  <TransInfo Description="Blue Tile to Grass AC" HashKey="010101011111110111">
    <MapTiles>
      <MapTile TileID="3" AltIDMod="0" />
    </MapTiles>
    <StaticTiles />
  </TransInfo>
  <TransInfo Description="Blue Tile to Grass AC" HashKey="010101111111010111">
    <MapTiles>
      <MapTile TileID="3" AltIDMod="0" />
    </MapTiles>
    <StaticTiles />
  </TransInfo>
  <TransInfo Description="Blue Tile to Grass AC" HashKey="010101011111010111">
    <MapTiles>
      <MapTile TileID="3" AltIDMod="0" />
    </MapTiles>
    <StaticTiles />
  </TransInfo>
  <TransInfo Description="Blue Tile to Grass AC" HashKey="010101011111111101">
    <MapTiles>
      <MapTile TileID="3" AltIDMod="0" />
    </MapTiles>
    <StaticTiles />
  </TransInfo>
  <TransInfo Description="Blue Tile to Grass AC" HashKey="010101111111011101">
    <MapTiles>
      <MapTile TileID="3" AltIDMod="0" />
    </MapTiles>
    <StaticTiles />
  </TransInfo>
  <TransInfo Description="Blue Tile to Grass AC" HashKey="010101011111011101">
    <MapTiles>
      <MapTile TileID="3" AltIDMod="0" />
    </MapTiles>
    <StaticTiles />
  </TransInfo>
  <TransInfo Description="Blue Tile to Grass AC" HashKey="010101111111110101">
    <MapTiles>
      <MapTile TileID="3" AltIDMod="0" />
    </MapTiles>
    <StaticTiles />
  </TransInfo>
  <TransInfo Description="Blue Tile to Grass AC" HashKey="010101011111110101">
    <MapTiles>
      <MapTile TileID="3" AltIDMod="0" />
    </MapTiles>
    <StaticTiles />
  </TransInfo>
  <TransInfo Description="Blue Tile to Grass AC" HashKey="010101111111010101">
    <MapTiles>
      <MapTile TileID="3" AltIDMod="0" />
    </MapTiles>
    <StaticTiles />
  </TransInfo>
  <TransInfo Description="Blue Tile to Grass AC" HashKey="010101011111010101">
    <MapTiles>
      <MapTile TileID="3" AltIDMod="0" />
    </MapTiles>
    <StaticTiles />
  </TransInfo>
  <TransInfo Description="Blue Tile to Grass AC" HashKey="010101011101111111">
    <MapTiles>
      <MapTile TileID="3" AltIDMod="0" />
    </MapTiles>
    <StaticTiles />
  </TransInfo>
  <TransInfo Description="Blue Tile to Grass AC" HashKey="010101111101011111">
    <MapTiles>
      <MapTile TileID="3" AltIDMod="0" />
    </MapTiles>
    <StaticTiles />
  </TransInfo>
  <TransInfo Description="Blue Tile to Grass AC" HashKey="010101011101011111">
    <MapTiles>
      <MapTile TileID="3" AltIDMod="0" />
    </MapTiles>
    <StaticTiles />
  </TransInfo>
  <TransInfo Description="Blue Tile to Grass AC" HashKey="010101111101110111">
    <MapTiles>
      <MapTile TileID="3" AltIDMod="0" />
    </MapTiles>
    <StaticTiles />
  </TransInfo>
  <TransInfo Description="Blue Tile to Grass AC" HashKey="010101011101110111">
    <MapTiles>
      <MapTile TileID="3" AltIDMod="0" />
    </MapTiles>
    <StaticTiles />
  </TransInfo>
  <TransInfo Description="Blue Tile to Grass AC" HashKey="010101111101010111">
    <MapTiles>
      <MapTile TileID="3" AltIDMod="0" />
    </MapTiles>
    <StaticTiles />
  </TransInfo>
  <TransInfo Description="Blue Tile to Grass AC" HashKey="010101011101010111">
    <MapTiles>
      <MapTile TileID="3" AltIDMod="0" />
    </MapTiles>
    <StaticTiles />
  </TransInfo>
  <TransInfo Description="Blue Tile to Grass AC" HashKey="010101011101111101">
    <MapTiles>
      <MapTile TileID="3" AltIDMod="0" />
    </MapTiles>
    <StaticTiles />
  </TransInfo>
  <TransInfo Description="Blue Tile to Grass AC" HashKey="010101111101011101">
    <MapTiles>
      <MapTile TileID="3" AltIDMod="0" />
    </MapTiles>
    <StaticTiles />
  </TransInfo>
  <TransInfo Description="Blue Tile to Grass AC" HashKey="010101011101011101">
    <MapTiles>
      <MapTile TileID="3" AltIDMod="0" />
    </MapTiles>
    <StaticTiles />
  </TransInfo>
  <TransInfo Description="Blue Tile to Grass AC" HashKey="010101111101110101">
    <MapTiles>
      <MapTile TileID="3" AltIDMod="0" />
    </MapTiles>
    <StaticTiles />
  </TransInfo>
  <TransInfo Description="Blue Tile to Grass AC" HashKey="010101011101110101">
    <MapTiles>
      <MapTile TileID="3" AltIDMod="0" />
    </MapTiles>
    <StaticTiles />
  </TransInfo>
  <TransInfo Description="Blue Tile to Grass AC" HashKey="010101111101010101">
    <MapTiles>
      <MapTile TileID="3" AltIDMod="0" />
    </MapTiles>
    <StaticTiles />
  </TransInfo>
  <TransInfo Description="Blue Tile to Grass AC" HashKey="010101011101010101">
    <MapTiles>
      <MapTile TileID="3" AltIDMod="0" />
    </MapTiles>
    <StaticTiles />
  </TransInfo>
  <TransInfo Description="Blue Tile to Grass IWE" HashKey="011111111111111101">
    <MapTiles>
      <MapTile TileID="3" AltIDMod="0" />
    </MapTiles>
    <StaticTiles />
  </TransInfo>
  <TransInfo Description="Blue Tile to Grass INS" HashKey="111101111111011111">
    <MapTiles>
      <MapTile TileID="3" AltIDMod="0" />
    </MapTiles>
    <StaticTiles />
  </TransInfo>
</Trans>