﻿<?xml version="1.0" encoding="utf-8"?>
<Trans>
    <TransInfo Description="Blue Tile to Rock SN" HashKey="121212111111111111">
    <MapTiles>
      <MapTile TileID="1049" AltIDMod="0" />
    </MapTiles>
    <StaticTiles />
  </TransInfo>
  <TransInfo Description="Blue Tile to Rock SN" HashKey="111212111111111111">
    <MapTiles>
      <MapTile TileID="1049" AltIDMod="0" />
    </MapTiles>
    <StaticTiles />
  </TransInfo>
  <TransInfo Description="Blue Tile to Rock SN" HashKey="121211111111111111">
    <MapTiles>
      <MapTile TileID="1049" AltIDMod="0" />
    </MapTiles>
    <StaticTiles />
  </TransInfo>
  <TransInfo Description="Blue Tile to Rock SN" HashKey="111211111111111111">
    <MapTiles>
      <MapTile TileID="1049" AltIDMod="0" />
    </MapTiles>
    <StaticTiles />
  </TransInfo>
  <TransInfo Description="Blue Tile to Rock SN" HashKey="121112111111111111">
    <MapTiles>
      <MapTile TileID="1049" AltIDMod="0" />
    </MapTiles>
    <StaticTiles />
  </TransInfo>
  <TransInfo Description="Blue Tile to Rock EW" HashKey="121111121111121111">
    <MapTiles>
      <MapTile TileID="1048" AltIDMod="0" />
    </MapTiles>
    <StaticTiles />
  </TransInfo>
  <TransInfo Description="Blue Tile to Rock EW" HashKey="121111121111111111">
    <MapTiles>
      <MapTile TileID="1048" AltIDMod="0" />
    </MapTiles>
    <StaticTiles />
  </TransInfo>
  <TransInfo Description="Blue Tile to Rock EW" HashKey="111111121111121111">
    <MapTiles>
      <MapTile TileID="1048" AltIDMod="0" />
    </MapTiles>
    <StaticTiles />
  </TransInfo>
  <TransInfo Description="Blue Tile to Rock EW" HashKey="111111121111111111">
    <MapTiles>
      <MapTile TileID="1048" AltIDMod="0" />
    </MapTiles>
    <StaticTiles />
  </TransInfo>
  <TransInfo Description="Blue Tile to Rock EW" HashKey="121111111111121111">
    <MapTiles>
      <MapTile TileID="1048" AltIDMod="0" />
    </MapTiles>
    <StaticTiles />
  </TransInfo>
  <TransInfo Description="Blue Tile to Rock WE" HashKey="111112111112111112">
    <MapTiles>
      <MapTile TileID="1046" AltIDMod="0" />
    </MapTiles>
    <StaticTiles />
  </TransInfo>
  <TransInfo Description="Blue Tile to Rock WE" HashKey="111111111112111112">
    <MapTiles>
      <MapTile TileID="1046" AltIDMod="0" />
    </MapTiles>
    <StaticTiles />
  </TransInfo>
  <TransInfo Description="Blue Tile to Rock WE" HashKey="111112111112111111">
    <MapTiles>
      <MapTile TileID="1046" AltIDMod="0" />
    </MapTiles>
    <StaticTiles />
  </TransInfo>
  <TransInfo Description="Blue Tile to Rock WE" HashKey="111111111112111111">
    <MapTiles>
      <MapTile TileID="1046" AltIDMod="0" />
    </MapTiles>
    <StaticTiles />
  </TransInfo>
  <TransInfo Description="Blue Tile to Rock WE" HashKey="111112111111111112">
    <MapTiles>
      <MapTile TileID="1046" AltIDMod="0" />
    </MapTiles>
    <StaticTiles />
  </TransInfo>
  <TransInfo Description="Blue Tile to Rock NS" HashKey="111111111111121212">
    <MapTiles>
      <MapTile TileID="1047" AltIDMod="0" />
    </MapTiles>
    <StaticTiles />
  </TransInfo>
  <TransInfo Description="Blue Tile to Rock NS" HashKey="111111111111121211">
    <MapTiles>
      <MapTile TileID="1047" AltIDMod="0" />
    </MapTiles>
    <StaticTiles />
  </TransInfo>
  <TransInfo Description="Blue Tile to Rock NS" HashKey="111111111111111212">
    <MapTiles>
      <MapTile TileID="1047" AltIDMod="0" />
    </MapTiles>
    <StaticTiles />
  </TransInfo>
  <TransInfo Description="Blue Tile to Rock NS" HashKey="111111111111111211">
    <MapTiles>
      <MapTile TileID="1047" AltIDMod="0" />
    </MapTiles>
    <StaticTiles />
  </TransInfo>
  <TransInfo Description="Blue Tile to Rock NS" HashKey="111111111111121112">
    <MapTiles>
      <MapTile TileID="1047" AltIDMod="0" />
    </MapTiles>
    <StaticTiles />
  </TransInfo>
  <TransInfo Description="Blue Tile to Rock NWA" HashKey="111112111112121212">
    <MapTiles>
      <MapTile TileID="1052" AltIDMod="0" />
    </MapTiles>
    <StaticTiles />
  </TransInfo>
  <TransInfo Description="Blue Tile to Rock NWA" HashKey="111111111112121212">
    <MapTiles>
      <MapTile TileID="1052" AltIDMod="0" />
    </MapTiles>
    <StaticTiles />
  </TransInfo>
  <TransInfo Description="Blue Tile to Rock NWA" HashKey="111112111112111212">
    <MapTiles>
      <MapTile TileID="1052" AltIDMod="0" />
    </MapTiles>
    <StaticTiles />
  </TransInfo>
  <TransInfo Description="Blue Tile to Rock NWA" HashKey="111111111112111212">
    <MapTiles>
      <MapTile TileID="1052" AltIDMod="0" />
    </MapTiles>
    <StaticTiles />
  </TransInfo>
  <TransInfo Description="Blue Tile to Rock NWA" HashKey="111111111112111211">
    <MapTiles>
      <MapTile TileID="1052" AltIDMod="0" />
    </MapTiles>
    <StaticTiles />
  </TransInfo>
  <TransInfo Description="Blue Tile to Rock NWA" HashKey="111112111111111212">
    <MapTiles>
      <MapTile TileID="1052" AltIDMod="0" />
    </MapTiles>
    <StaticTiles />
  </TransInfo>
  <TransInfo Description="Blue Tile to Rock NWA" HashKey="111112111111121212">
    <MapTiles>
      <MapTile TileID="1052" AltIDMod="0" />
    </MapTiles>
    <StaticTiles />
  </TransInfo>
  <TransInfo Description="Blue Tile to Rock NWA" HashKey="111112111111121211">
    <MapTiles>
      <MapTile TileID="1052" AltIDMod="0" />
    </MapTiles>
    <StaticTiles />
  </TransInfo>
  <TransInfo Description="Blue Tile to Rock NWA" HashKey="111111111112121112">
    <MapTiles>
      <MapTile TileID="1052" AltIDMod="0" />
    </MapTiles>
    <StaticTiles />
  </TransInfo>
  <TransInfo Description="Blue Tile to Rock NWA" HashKey="111112111112121112">
    <MapTiles>
      <MapTile TileID="1052" AltIDMod="0" />
    </MapTiles>
    <StaticTiles />
  </TransInfo>
  <TransInfo Description="Blue Tile to Rock NWA" HashKey="111112111112121211">
    <MapTiles>
      <MapTile TileID="1052" AltIDMod="0" />
    </MapTiles>
    <StaticTiles />
  </TransInfo>
  <TransInfo Description="Blue Tile to Rock NWA" HashKey="111112111112121111">
    <MapTiles>
      <MapTile TileID="1052" AltIDMod="0" />
    </MapTiles>
    <StaticTiles />
  </TransInfo>
  <TransInfo Description="Blue Tile to Rock NWA" HashKey="111112111111111211">
    <MapTiles>
      <MapTile TileID="1052" AltIDMod="0" />
    </MapTiles>
    <StaticTiles />
  </TransInfo>
  <TransInfo Description="Blue Tile to Rock NWA" HashKey="111111111112121111">
    <MapTiles>
      <MapTile TileID="1052" AltIDMod="0" />
    </MapTiles>
    <StaticTiles />
  </TransInfo>
  <TransInfo Description="Blue Tile to Rock NWA" HashKey="111112111112111211">
    <MapTiles>
      <MapTile TileID="1052" AltIDMod="0" />
    </MapTiles>
    <StaticTiles />
  </TransInfo>
  <TransInfo Description="Blue Tile to Rock NWA" HashKey="111112111111121112">
    <MapTiles>
      <MapTile TileID="1052" AltIDMod="0" />
    </MapTiles>
    <StaticTiles />
  </TransInfo>
  <TransInfo Description="Blue Tile to Rock NWA" HashKey="111111111112121211">
    <MapTiles>
      <MapTile TileID="1052" AltIDMod="0" />
    </MapTiles>
    <StaticTiles />
  </TransInfo>
  <TransInfo Description="Blue Tile to Rock SEA" HashKey="121212121111121111">
    <MapTiles>
      <MapTile TileID="1050" AltIDMod="0" />
    </MapTiles>
    <StaticTiles />
  </TransInfo>
  <TransInfo Description="Blue Tile to Rock SEA" HashKey="121211121111121111">
    <MapTiles>
      <MapTile TileID="1050" AltIDMod="0" />
    </MapTiles>
    <StaticTiles />
  </TransInfo>
  <TransInfo Description="Blue Tile to Rock SEA" HashKey="121212121111111111">
    <MapTiles>
      <MapTile TileID="1050" AltIDMod="0" />
    </MapTiles>
    <StaticTiles />
  </TransInfo>
  <TransInfo Description="Blue Tile to Rock SEA" HashKey="121211121111111111">
    <MapTiles>
      <MapTile TileID="1050" AltIDMod="0" />
    </MapTiles>
    <StaticTiles />
  </TransInfo>
  <TransInfo Description="Blue Tile to Rock SEA" HashKey="121112121111111111">
    <MapTiles>
      <MapTile TileID="1050" AltIDMod="0" />
    </MapTiles>
    <StaticTiles />
  </TransInfo>
  <TransInfo Description="Blue Tile to Rock SEA" HashKey="121211111111121111">
    <MapTiles>
      <MapTile TileID="1050" AltIDMod="0" />
    </MapTiles>
    <StaticTiles />
  </TransInfo>
  <TransInfo Description="Blue Tile to Rock SEA" HashKey="111212111111121111">
    <MapTiles>
      <MapTile TileID="1050" AltIDMod="0" />
    </MapTiles>
    <StaticTiles />
  </TransInfo>
  <TransInfo Description="Blue Tile to Rock SEA" HashKey="121112111111121111">
    <MapTiles>
      <MapTile TileID="1050" AltIDMod="0" />
    </MapTiles>
    <StaticTiles />
  </TransInfo>
  <TransInfo Description="Blue Tile to Rock SEA" HashKey="121212111111121111">
    <MapTiles>
      <MapTile TileID="1050" AltIDMod="0" />
    </MapTiles>
    <StaticTiles />
  </TransInfo>
  <TransInfo Description="Blue Tile to Rock SEA" HashKey="111211121111111111">
    <MapTiles>
      <MapTile TileID="1050" AltIDMod="0" />
    </MapTiles>
    <StaticTiles />
  </TransInfo>
  <TransInfo Description="Blue Tile to Rock SEA" HashKey="121112121111121111">
    <MapTiles>
      <MapTile TileID="1050" AltIDMod="0" />
    </MapTiles>
    <StaticTiles />
  </TransInfo>
  <TransInfo Description="Blue Tile to Rock SEA" HashKey="111112121111121111">
    <MapTiles>
      <MapTile TileID="1050" AltIDMod="0" />
    </MapTiles>
    <StaticTiles />
  </TransInfo>
  <TransInfo Description="Blue Tile to Rock SEA" HashKey="111212121111121111">
    <MapTiles>
      <MapTile TileID="1050" AltIDMod="0" />
    </MapTiles>
    <StaticTiles />
  </TransInfo>
  <TransInfo Description="Blue Tile to Rock SEA" HashKey="111112121111111111">
    <MapTiles>
      <MapTile TileID="1050" AltIDMod="0" />
    </MapTiles>
    <StaticTiles />
  </TransInfo>
  <TransInfo Description="Blue Tile to Rock SEA" HashKey="111211121111121111">
    <MapTiles>
      <MapTile TileID="1050" AltIDMod="0" />
    </MapTiles>
    <StaticTiles />
  </TransInfo>
  <TransInfo Description="Blue Tile to Rock SEA" HashKey="111211111111121111">
    <MapTiles>
      <MapTile TileID="1050" AltIDMod="0" />
    </MapTiles>
    <StaticTiles />
  </TransInfo>
  <TransInfo Description="Blue Tile to Rock SEA" HashKey="111212121111111111">
    <MapTiles>
      <MapTile TileID="1050" AltIDMod="0" />
    </MapTiles>
    <StaticTiles />
  </TransInfo>
  <TransInfo Description="Blue Tile to Rock NEA" HashKey="121111121111121212">
    <MapTiles>
      <MapTile TileID="1053" AltIDMod="0" />
    </MapTiles>
    <StaticTiles />
  </TransInfo>
  <TransInfo Description="Blue Tile to Rock NEA" HashKey="111111121111121212">
    <MapTiles>
      <MapTile TileID="1053" AltIDMod="0" />
    </MapTiles>
    <StaticTiles />
  </TransInfo>
  <TransInfo Description="Blue Tile to Rock NEA" HashKey="121111121111121211">
    <MapTiles>
      <MapTile TileID="1053" AltIDMod="0" />
    </MapTiles>
    <StaticTiles />
  </TransInfo>
  <TransInfo Description="Blue Tile to Rock NEA" HashKey="111111121111121211">
    <MapTiles>
      <MapTile TileID="1053" AltIDMod="0" />
    </MapTiles>
    <StaticTiles />
  </TransInfo>
  <TransInfo Description="Blue Tile to Rock NEA" HashKey="111111121111111211">
    <MapTiles>
      <MapTile TileID="1053" AltIDMod="0" />
    </MapTiles>
    <StaticTiles />
  </TransInfo>
  <TransInfo Description="Blue Tile to Rock NEA" HashKey="121111121111111112">
    <MapTiles>
      <MapTile TileID="1053" AltIDMod="0" />
    </MapTiles>
    <StaticTiles />
  </TransInfo>
  <TransInfo Description="Blue Tile to Rock NEA" HashKey="121111111111121212">
    <MapTiles>
      <MapTile TileID="1053" AltIDMod="0" />
    </MapTiles>
    <StaticTiles />
  </TransInfo>
  <TransInfo Description="Blue Tile to Rock NEA" HashKey="121111111111121211">
    <MapTiles>
      <MapTile TileID="1053" AltIDMod="0" />
    </MapTiles>
    <StaticTiles />
  </TransInfo>
  <TransInfo Description="Blue Tile to Rock NEA" HashKey="121111111111111211">
    <MapTiles>
      <MapTile TileID="1053" AltIDMod="0" />
    </MapTiles>
    <StaticTiles />
  </TransInfo>
  <TransInfo Description="Blue Tile to Rock NEA" HashKey="111111121111121112">
    <MapTiles>
      <MapTile TileID="1053" AltIDMod="0" />
    </MapTiles>
    <StaticTiles />
  </TransInfo>
  <TransInfo Description="Blue Tile to Rock NEA" HashKey="121111121111121112">
    <MapTiles>
      <MapTile TileID="1053" AltIDMod="0" />
    </MapTiles>
    <StaticTiles />
  </TransInfo>
  <TransInfo Description="Blue Tile to Rock NEA" HashKey="121111111111111212">
    <MapTiles>
      <MapTile TileID="1053" AltIDMod="0" />
    </MapTiles>
    <StaticTiles />
  </TransInfo>
  <TransInfo Description="Blue Tile to Rock NEA" HashKey="121111121111111212">
    <MapTiles>
      <MapTile TileID="1053" AltIDMod="0" />
    </MapTiles>
    <StaticTiles />
  </TransInfo>
  <TransInfo Description="Blue Tile to Rock NEA" HashKey="111111121111111212">
    <MapTiles>
      <MapTile TileID="1053" AltIDMod="0" />
    </MapTiles>
    <StaticTiles />
  </TransInfo>
  <TransInfo Description="Blue Tile to Rock NEA" HashKey="111111121111111112">
    <MapTiles>
      <MapTile TileID="1053" AltIDMod="0" />
    </MapTiles>
    <StaticTiles />
  </TransInfo>
  <TransInfo Description="Blue Tile to Rock NEA" HashKey="121111111111121112">
    <MapTiles>
      <MapTile TileID="1053" AltIDMod="0" />
    </MapTiles>
    <StaticTiles />
  </TransInfo>
  <TransInfo Description="Blue Tile to Rock NEA" HashKey="121111121111111211">
    <MapTiles>
      <MapTile TileID="1053" AltIDMod="0" />
    </MapTiles>
    <StaticTiles />
  </TransInfo>
  <TransInfo Description="Blue Tile to Rock SWA" HashKey="121212111112111112">
    <MapTiles>
      <MapTile TileID="1051" AltIDMod="0" />
    </MapTiles>
    <StaticTiles />
  </TransInfo>
  <TransInfo Description="Blue Tile to Rock SWA" HashKey="121212111112111111">
    <MapTiles>
      <MapTile TileID="1051" AltIDMod="0" />
    </MapTiles>
    <StaticTiles />
  </TransInfo>
  <TransInfo Description="Blue Tile to Rock SWA" HashKey="111212111112111112">
    <MapTiles>
      <MapTile TileID="1051" AltIDMod="0" />
    </MapTiles>
    <StaticTiles />
  </TransInfo>
  <TransInfo Description="Blue Tile to Rock SWA" HashKey="111212111112111111">
    <MapTiles>
      <MapTile TileID="1051" AltIDMod="0" />
    </MapTiles>
    <StaticTiles />
  </TransInfo>
  <TransInfo Description="Blue Tile to Rock SWA" HashKey="121111111112111112">
    <MapTiles>
      <MapTile TileID="1051" AltIDMod="0" />
    </MapTiles>
    <StaticTiles />
  </TransInfo>
  <TransInfo Description="Blue Tile to Rock SWA" HashKey="121112111112111111">
    <MapTiles>
      <MapTile TileID="1051" AltIDMod="0" />
    </MapTiles>
    <StaticTiles />
  </TransInfo>
  <TransInfo Description="Blue Tile to Rock SWA" HashKey="121112111112111112">
    <MapTiles>
      <MapTile TileID="1051" AltIDMod="0" />
    </MapTiles>
    <StaticTiles />
  </TransInfo>
  <TransInfo Description="Blue Tile to Rock SWA" HashKey="121211111111111112">
    <MapTiles>
      <MapTile TileID="1051" AltIDMod="0" />
    </MapTiles>
    <StaticTiles />
  </TransInfo>
  <TransInfo Description="Blue Tile to Rock SWA" HashKey="111211111111111112">
    <MapTiles>
      <MapTile TileID="1051" AltIDMod="0" />
    </MapTiles>
    <StaticTiles />
  </TransInfo>
  <TransInfo Description="Blue Tile to Rock SWA" HashKey="121212111111111112">
    <MapTiles>
      <MapTile TileID="1051" AltIDMod="0" />
    </MapTiles>
    <StaticTiles />
  </TransInfo>
  <TransInfo Description="Blue Tile to Rock SWA" HashKey="121211111112111111">
    <MapTiles>
      <MapTile TileID="1051" AltIDMod="0" />
    </MapTiles>
    <StaticTiles />
  </TransInfo>
  <TransInfo Description="Blue Tile to Rock SWA" HashKey="111212111111111112">
    <MapTiles>
      <MapTile TileID="1051" AltIDMod="0" />
    </MapTiles>
    <StaticTiles />
  </TransInfo>
  <TransInfo Description="Blue Tile to Rock SWA" HashKey="111211111112111111">
    <MapTiles>
      <MapTile TileID="1051" AltIDMod="0" />
    </MapTiles>
    <StaticTiles />
  </TransInfo>
  <TransInfo Description="Blue Tile to Rock SWA" HashKey="121111111112111111">
    <MapTiles>
      <MapTile TileID="1051" AltIDMod="0" />
    </MapTiles>
    <StaticTiles />
  </TransInfo>
  <TransInfo Description="Blue Tile to Rock SWA" HashKey="121112111111111112">
    <MapTiles>
      <MapTile TileID="1051" AltIDMod="0" />
    </MapTiles>
    <StaticTiles />
  </TransInfo>
  <TransInfo Description="Blue Tile to Rock SWA" HashKey="111211111112111112">
    <MapTiles>
      <MapTile TileID="1051" AltIDMod="0" />
    </MapTiles>
    <StaticTiles />
  </TransInfo>
  <TransInfo Description="Blue Tile to Rock SWA" HashKey="121211111112111112">
    <MapTiles>
      <MapTile TileID="1051" AltIDMod="0" />
    </MapTiles>
    <StaticTiles />
  </TransInfo>
  <TransInfo Description="Blue Tile to Rock NWB" HashKey="121111111111111111">
    <MapTiles>
      <MapTile TileID="1067" AltIDMod="0" />
    </MapTiles>
    <StaticTiles />
  </TransInfo>
  <TransInfo Description="Blue Tile to Rock SEB" HashKey="111111111111111112">
    <MapTiles>
      <MapTile TileID="1065" AltIDMod="0" />
    </MapTiles>
    <StaticTiles />
  </TransInfo>
  <TransInfo Description="Blue Tile to Rock NEB" HashKey="111112111111111111">
    <MapTiles>
      <MapTile TileID="1068" AltIDMod="0" />
    </MapTiles>
    <StaticTiles />
  </TransInfo>
  <TransInfo Description="Blue Tile to Rock SWB" HashKey="111111111111121111">
    <MapTiles>
      <MapTile TileID="1066" AltIDMod="0" />
    </MapTiles>
    <StaticTiles />
  </TransInfo>
  <TransInfo Description="Blue Tile to Rock AC" HashKey="111111121112111111">
    <MapTiles>
      <MapTile TileID="556" AltIDMod="0" />
    </MapTiles>
    <StaticTiles />
  </TransInfo>
  <TransInfo Description="Blue Tile to Rock AC" HashKey="111111121112121111">
    <MapTiles>
      <MapTile TileID="556" AltIDMod="0" />
    </MapTiles>
    <StaticTiles />
  </TransInfo>
  <TransInfo Description="Blue Tile to Rock AC" HashKey="111111121112111211">
    <MapTiles>
      <MapTile TileID="556" AltIDMod="0" />
    </MapTiles>
    <StaticTiles />
  </TransInfo>
  <TransInfo Description="Blue Tile to Rock AC" HashKey="111111121112121211">
    <MapTiles>
      <MapTile TileID="556" AltIDMod="0" />
    </MapTiles>
    <StaticTiles />
  </TransInfo>
  <TransInfo Description="Blue Tile to Rock AC" HashKey="111111121112111112">
    <MapTiles>
      <MapTile TileID="556" AltIDMod="0" />
    </MapTiles>
    <StaticTiles />
  </TransInfo>
  <TransInfo Description="Blue Tile to Rock AC" HashKey="111111121112121112">
    <MapTiles>
      <MapTile TileID="556" AltIDMod="0" />
    </MapTiles>
    <StaticTiles />
  </TransInfo>
  <TransInfo Description="Blue Tile to Rock AC" HashKey="111111121112111212">
    <MapTiles>
      <MapTile TileID="556" AltIDMod="0" />
    </MapTiles>
    <StaticTiles />
  </TransInfo>
  <TransInfo Description="Blue Tile to Rock AC" HashKey="111111121112121212">
    <MapTiles>
      <MapTile TileID="556" AltIDMod="0" />
    </MapTiles>
    <StaticTiles />
  </TransInfo>
  <TransInfo Description="Blue Tile to Rock AC" HashKey="111112121111111211">
    <MapTiles>
      <MapTile TileID="556" AltIDMod="0" />
    </MapTiles>
    <StaticTiles />
  </TransInfo>
  <TransInfo Description="Blue Tile to Rock AC" HashKey="111112121111121211">
    <MapTiles>
      <MapTile TileID="556" AltIDMod="0" />
    </MapTiles>
    <StaticTiles />
  </TransInfo>
  <TransInfo Description="Blue Tile to Rock AC" HashKey="111112121111111112">
    <MapTiles>
      <MapTile TileID="556" AltIDMod="0" />
    </MapTiles>
    <StaticTiles />
  </TransInfo>
  <TransInfo Description="Blue Tile to Rock AC" HashKey="111112121111121112">
    <MapTiles>
      <MapTile TileID="556" AltIDMod="0" />
    </MapTiles>
    <StaticTiles />
  </TransInfo>
  <TransInfo Description="Blue Tile to Rock AC" HashKey="111112121111111212">
    <MapTiles>
      <MapTile TileID="556" AltIDMod="0" />
    </MapTiles>
    <StaticTiles />
  </TransInfo>
  <TransInfo Description="Blue Tile to Rock AC" HashKey="111112121111121212">
    <MapTiles>
      <MapTile TileID="556" AltIDMod="0" />
    </MapTiles>
    <StaticTiles />
  </TransInfo>
  <TransInfo Description="Blue Tile to Rock AC" HashKey="111112121112111111">
    <MapTiles>
      <MapTile TileID="556" AltIDMod="0" />
    </MapTiles>
    <StaticTiles />
  </TransInfo>
  <TransInfo Description="Blue Tile to Rock AC" HashKey="111112121112121111">
    <MapTiles>
      <MapTile TileID="556" AltIDMod="0" />
    </MapTiles>
    <StaticTiles />
  </TransInfo>
  <TransInfo Description="Blue Tile to Rock AC" HashKey="111112121112111211">
    <MapTiles>
      <MapTile TileID="556" AltIDMod="0" />
    </MapTiles>
    <StaticTiles />
  </TransInfo>
  <TransInfo Description="Blue Tile to Rock AC" HashKey="111112121112121211">
    <MapTiles>
      <MapTile TileID="556" AltIDMod="0" />
    </MapTiles>
    <StaticTiles />
  </TransInfo>
  <TransInfo Description="Blue Tile to Rock AC" HashKey="111112121112111112">
    <MapTiles>
      <MapTile TileID="556" AltIDMod="0" />
    </MapTiles>
    <StaticTiles />
  </TransInfo>
  <TransInfo Description="Blue Tile to Rock AC" HashKey="111112121112121112">
    <MapTiles>
      <MapTile TileID="556" AltIDMod="0" />
    </MapTiles>
    <StaticTiles />
  </TransInfo>
  <TransInfo Description="Blue Tile to Rock AC" HashKey="111112121112111212">
    <MapTiles>
      <MapTile TileID="556" AltIDMod="0" />
    </MapTiles>
    <StaticTiles />
  </TransInfo>
  <TransInfo Description="Blue Tile to Rock AC" HashKey="111112121112121212">
    <MapTiles>
      <MapTile TileID="556" AltIDMod="0" />
    </MapTiles>
    <StaticTiles />
  </TransInfo>
  <TransInfo Description="Blue Tile to Rock AC" HashKey="111211111111111211">
    <MapTiles>
      <MapTile TileID="556" AltIDMod="0" />
    </MapTiles>
    <StaticTiles />
  </TransInfo>
  <TransInfo Description="Blue Tile to Rock AC" HashKey="111211121111111211">
    <MapTiles>
      <MapTile TileID="556" AltIDMod="0" />
    </MapTiles>
    <StaticTiles />
  </TransInfo>
  <TransInfo Description="Blue Tile to Rock AC" HashKey="111211111111121211">
    <MapTiles>
      <MapTile TileID="556" AltIDMod="0" />
    </MapTiles>
    <StaticTiles />
  </TransInfo>
  <TransInfo Description="Blue Tile to Rock AC" HashKey="111211121111121211">
    <MapTiles>
      <MapTile TileID="556" AltIDMod="0" />
    </MapTiles>
    <StaticTiles />
  </TransInfo>
  <TransInfo Description="Blue Tile to Rock AC" HashKey="111211121111111112">
    <MapTiles>
      <MapTile TileID="556" AltIDMod="0" />
    </MapTiles>
    <StaticTiles />
  </TransInfo>
  <TransInfo Description="Blue Tile to Rock AC" HashKey="111211111111121112">
    <MapTiles>
      <MapTile TileID="556" AltIDMod="0" />
    </MapTiles>
    <StaticTiles />
  </TransInfo>
  <TransInfo Description="Blue Tile to Rock AC" HashKey="111211121111121112">
    <MapTiles>
      <MapTile TileID="556" AltIDMod="0" />
    </MapTiles>
    <StaticTiles />
  </TransInfo>
  <TransInfo Description="Blue Tile to Rock AC" HashKey="111211111111111212">
    <MapTiles>
      <MapTile TileID="556" AltIDMod="0" />
    </MapTiles>
    <StaticTiles />
  </TransInfo>
  <TransInfo Description="Blue Tile to Rock AC" HashKey="111211121111111212">
    <MapTiles>
      <MapTile TileID="556" AltIDMod="0" />
    </MapTiles>
    <StaticTiles />
  </TransInfo>
  <TransInfo Description="Blue Tile to Rock AC" HashKey="111211111111121212">
    <MapTiles>
      <MapTile TileID="556" AltIDMod="0" />
    </MapTiles>
    <StaticTiles />
  </TransInfo>
  <TransInfo Description="Blue Tile to Rock AC" HashKey="111211121111121212">
    <MapTiles>
      <MapTile TileID="556" AltIDMod="0" />
    </MapTiles>
    <StaticTiles />
  </TransInfo>
  <TransInfo Description="Blue Tile to Rock AC" HashKey="111211121112111111">
    <MapTiles>
      <MapTile TileID="556" AltIDMod="0" />
    </MapTiles>
    <StaticTiles />
  </TransInfo>
  <TransInfo Description="Blue Tile to Rock AC" HashKey="111211111112121111">
    <MapTiles>
      <MapTile TileID="556" AltIDMod="0" />
    </MapTiles>
    <StaticTiles />
  </TransInfo>
  <TransInfo Description="Blue Tile to Rock AC" HashKey="111211121112121111">
    <MapTiles>
      <MapTile TileID="556" AltIDMod="0" />
    </MapTiles>
    <StaticTiles />
  </TransInfo>
  <TransInfo Description="Blue Tile to Rock AC" HashKey="111211111112111211">
    <MapTiles>
      <MapTile TileID="556" AltIDMod="0" />
    </MapTiles>
    <StaticTiles />
  </TransInfo>
  <TransInfo Description="Blue Tile to Rock AC" HashKey="111211121112111211">
    <MapTiles>
      <MapTile TileID="556" AltIDMod="0" />
    </MapTiles>
    <StaticTiles />
  </TransInfo>
  <TransInfo Description="Blue Tile to Rock AC" HashKey="111211111112121211">
    <MapTiles>
      <MapTile TileID="556" AltIDMod="0" />
    </MapTiles>
    <StaticTiles />
  </TransInfo>
  <TransInfo Description="Blue Tile to Rock AC" HashKey="111211121112121211">
    <MapTiles>
      <MapTile TileID="556" AltIDMod="0" />
    </MapTiles>
    <StaticTiles />
  </TransInfo>
  <TransInfo Description="Blue Tile to Rock AC" HashKey="111211121112111112">
    <MapTiles>
      <MapTile TileID="556" AltIDMod="0" />
    </MapTiles>
    <StaticTiles />
  </TransInfo>
  <TransInfo Description="Blue Tile to Rock AC" HashKey="111211111112121112">
    <MapTiles>
      <MapTile TileID="556" AltIDMod="0" />
    </MapTiles>
    <StaticTiles />
  </TransInfo>
  <TransInfo Description="Blue Tile to Rock AC" HashKey="111211121112121112">
    <MapTiles>
      <MapTile TileID="556" AltIDMod="0" />
    </MapTiles>
    <StaticTiles />
  </TransInfo>
  <TransInfo Description="Blue Tile to Rock AC" HashKey="111211111112111212">
    <MapTiles>
      <MapTile TileID="556" AltIDMod="0" />
    </MapTiles>
    <StaticTiles />
  </TransInfo>
  <TransInfo Description="Blue Tile to Rock AC" HashKey="111211121112111212">
    <MapTiles>
      <MapTile TileID="556" AltIDMod="0" />
    </MapTiles>
    <StaticTiles />
  </TransInfo>
  <TransInfo Description="Blue Tile to Rock AC" HashKey="111211111112121212">
    <MapTiles>
      <MapTile TileID="556" AltIDMod="0" />
    </MapTiles>
    <StaticTiles />
  </TransInfo>
  <TransInfo Description="Blue Tile to Rock AC" HashKey="111211121112121212">
    <MapTiles>
      <MapTile TileID="556" AltIDMod="0" />
    </MapTiles>
    <StaticTiles />
  </TransInfo>
  <TransInfo Description="Blue Tile to Rock AC" HashKey="111212111111111211">
    <MapTiles>
      <MapTile TileID="556" AltIDMod="0" />
    </MapTiles>
    <StaticTiles />
  </TransInfo>
  <TransInfo Description="Blue Tile to Rock AC" HashKey="111212121111111211">
    <MapTiles>
      <MapTile TileID="556" AltIDMod="0" />
    </MapTiles>
    <StaticTiles />
  </TransInfo>
  <TransInfo Description="Blue Tile to Rock AC" HashKey="111212111111121211">
    <MapTiles>
      <MapTile TileID="556" AltIDMod="0" />
    </MapTiles>
    <StaticTiles />
  </TransInfo>
  <TransInfo Description="Blue Tile to Rock AC" HashKey="111212121111121211">
    <MapTiles>
      <MapTile TileID="556" AltIDMod="0" />
    </MapTiles>
    <StaticTiles />
  </TransInfo>
  <TransInfo Description="Blue Tile to Rock AC" HashKey="111212121111111112">
    <MapTiles>
      <MapTile TileID="556" AltIDMod="0" />
    </MapTiles>
    <StaticTiles />
  </TransInfo>
  <TransInfo Description="Blue Tile to Rock AC" HashKey="111212111111121112">
    <MapTiles>
      <MapTile TileID="556" AltIDMod="0" />
    </MapTiles>
    <StaticTiles />
  </TransInfo>
  <TransInfo Description="Blue Tile to Rock AC" HashKey="111212121111121112">
    <MapTiles>
      <MapTile TileID="556" AltIDMod="0" />
    </MapTiles>
    <StaticTiles />
  </TransInfo>
  <TransInfo Description="Blue Tile to Rock AC" HashKey="111212111111111212">
    <MapTiles>
      <MapTile TileID="556" AltIDMod="0" />
    </MapTiles>
    <StaticTiles />
  </TransInfo>
  <TransInfo Description="Blue Tile to Rock AC" HashKey="111212121111111212">
    <MapTiles>
      <MapTile TileID="556" AltIDMod="0" />
    </MapTiles>
    <StaticTiles />
  </TransInfo>
  <TransInfo Description="Blue Tile to Rock AC" HashKey="111212111111121212">
    <MapTiles>
      <MapTile TileID="556" AltIDMod="0" />
    </MapTiles>
    <StaticTiles />
  </TransInfo>
  <TransInfo Description="Blue Tile to Rock AC" HashKey="111212121111121212">
    <MapTiles>
      <MapTile TileID="556" AltIDMod="0" />
    </MapTiles>
    <StaticTiles />
  </TransInfo>
  <TransInfo Description="Blue Tile to Rock AC" HashKey="111212121112111111">
    <MapTiles>
      <MapTile TileID="556" AltIDMod="0" />
    </MapTiles>
    <StaticTiles />
  </TransInfo>
  <TransInfo Description="Blue Tile to Rock AC" HashKey="111212111112121111">
    <MapTiles>
      <MapTile TileID="556" AltIDMod="0" />
    </MapTiles>
    <StaticTiles />
  </TransInfo>
  <TransInfo Description="Blue Tile to Rock AC" HashKey="111212121112121111">
    <MapTiles>
      <MapTile TileID="556" AltIDMod="0" />
    </MapTiles>
    <StaticTiles />
  </TransInfo>
  <TransInfo Description="Blue Tile to Rock AC" HashKey="111212111112111211">
    <MapTiles>
      <MapTile TileID="556" AltIDMod="0" />
    </MapTiles>
    <StaticTiles />
  </TransInfo>
  <TransInfo Description="Blue Tile to Rock AC" HashKey="111212121112111211">
    <MapTiles>
      <MapTile TileID="556" AltIDMod="0" />
    </MapTiles>
    <StaticTiles />
  </TransInfo>
  <TransInfo Description="Blue Tile to Rock AC" HashKey="111212111112121211">
    <MapTiles>
      <MapTile TileID="556" AltIDMod="0" />
    </MapTiles>
    <StaticTiles />
  </TransInfo>
  <TransInfo Description="Blue Tile to Rock AC" HashKey="111212121112121211">
    <MapTiles>
      <MapTile TileID="556" AltIDMod="0" />
    </MapTiles>
    <StaticTiles />
  </TransInfo>
  <TransInfo Description="Blue Tile to Rock AC" HashKey="111212121112111112">
    <MapTiles>
      <MapTile TileID="556" AltIDMod="0" />
    </MapTiles>
    <StaticTiles />
  </TransInfo>
  <TransInfo Description="Blue Tile to Rock AC" HashKey="111212111112121112">
    <MapTiles>
      <MapTile TileID="556" AltIDMod="0" />
    </MapTiles>
    <StaticTiles />
  </TransInfo>
  <TransInfo Description="Blue Tile to Rock AC" HashKey="111212121112121112">
    <MapTiles>
      <MapTile TileID="556" AltIDMod="0" />
    </MapTiles>
    <StaticTiles />
  </TransInfo>
  <TransInfo Description="Blue Tile to Rock AC" HashKey="111212111112111212">
    <MapTiles>
      <MapTile TileID="556" AltIDMod="0" />
    </MapTiles>
    <StaticTiles />
  </TransInfo>
  <TransInfo Description="Blue Tile to Rock AC" HashKey="111212121112111212">
    <MapTiles>
      <MapTile TileID="556" AltIDMod="0" />
    </MapTiles>
    <StaticTiles />
  </TransInfo>
  <TransInfo Description="Blue Tile to Rock AC" HashKey="111212111112121212">
    <MapTiles>
      <MapTile TileID="556" AltIDMod="0" />
    </MapTiles>
    <StaticTiles />
  </TransInfo>
  <TransInfo Description="Blue Tile to Rock AC" HashKey="111212121112121212">
    <MapTiles>
      <MapTile TileID="556" AltIDMod="0" />
    </MapTiles>
    <StaticTiles />
  </TransInfo>
  <TransInfo Description="Blue Tile to Rock AC" HashKey="121111121112111111">
    <MapTiles>
      <MapTile TileID="556" AltIDMod="0" />
    </MapTiles>
    <StaticTiles />
  </TransInfo>
  <TransInfo Description="Blue Tile to Rock AC" HashKey="121111111112121111">
    <MapTiles>
      <MapTile TileID="556" AltIDMod="0" />
    </MapTiles>
    <StaticTiles />
  </TransInfo>
  <TransInfo Description="Blue Tile to Rock AC" HashKey="121111121112121111">
    <MapTiles>
      <MapTile TileID="556" AltIDMod="0" />
    </MapTiles>
    <StaticTiles />
  </TransInfo>
  <TransInfo Description="Blue Tile to Rock AC" HashKey="121111111112111211">
    <MapTiles>
      <MapTile TileID="556" AltIDMod="0" />
    </MapTiles>
    <StaticTiles />
  </TransInfo>
  <TransInfo Description="Blue Tile to Rock AC" HashKey="121111121112111211">
    <MapTiles>
      <MapTile TileID="556" AltIDMod="0" />
    </MapTiles>
    <StaticTiles />
  </TransInfo>
  <TransInfo Description="Blue Tile to Rock AC" HashKey="121111111112121211">
    <MapTiles>
      <MapTile TileID="556" AltIDMod="0" />
    </MapTiles>
    <StaticTiles />
  </TransInfo>
  <TransInfo Description="Blue Tile to Rock AC" HashKey="121111121112121211">
    <MapTiles>
      <MapTile TileID="556" AltIDMod="0" />
    </MapTiles>
    <StaticTiles />
  </TransInfo>
  <TransInfo Description="Blue Tile to Rock AC" HashKey="121111121112111112">
    <MapTiles>
      <MapTile TileID="556" AltIDMod="0" />
    </MapTiles>
    <StaticTiles />
  </TransInfo>
  <TransInfo Description="Blue Tile to Rock AC" HashKey="121111111112121112">
    <MapTiles>
      <MapTile TileID="556" AltIDMod="0" />
    </MapTiles>
    <StaticTiles />
  </TransInfo>
  <TransInfo Description="Blue Tile to Rock AC" HashKey="121111121112121112">
    <MapTiles>
      <MapTile TileID="556" AltIDMod="0" />
    </MapTiles>
    <StaticTiles />
  </TransInfo>
  <TransInfo Description="Blue Tile to Rock AC" HashKey="121111111112111212">
    <MapTiles>
      <MapTile TileID="556" AltIDMod="0" />
    </MapTiles>
    <StaticTiles />
  </TransInfo>
  <TransInfo Description="Blue Tile to Rock AC" HashKey="121111121112111212">
    <MapTiles>
      <MapTile TileID="556" AltIDMod="0" />
    </MapTiles>
    <StaticTiles />
  </TransInfo>
  <TransInfo Description="Blue Tile to Rock AC" HashKey="121111111112121212">
    <MapTiles>
      <MapTile TileID="556" AltIDMod="0" />
    </MapTiles>
    <StaticTiles />
  </TransInfo>
  <TransInfo Description="Blue Tile to Rock AC" HashKey="121111121112121212">
    <MapTiles>
      <MapTile TileID="556" AltIDMod="0" />
    </MapTiles>
    <StaticTiles />
  </TransInfo>
  <TransInfo Description="Blue Tile to Rock AC" HashKey="121112111111111211">
    <MapTiles>
      <MapTile TileID="556" AltIDMod="0" />
    </MapTiles>
    <StaticTiles />
  </TransInfo>
  <TransInfo Description="Blue Tile to Rock AC" HashKey="121112121111111211">
    <MapTiles>
      <MapTile TileID="556" AltIDMod="0" />
    </MapTiles>
    <StaticTiles />
  </TransInfo>
  <TransInfo Description="Blue Tile to Rock AC" HashKey="121112111111121211">
    <MapTiles>
      <MapTile TileID="556" AltIDMod="0" />
    </MapTiles>
    <StaticTiles />
  </TransInfo>
  <TransInfo Description="Blue Tile to Rock AC" HashKey="121112121111121211">
    <MapTiles>
      <MapTile TileID="556" AltIDMod="0" />
    </MapTiles>
    <StaticTiles />
  </TransInfo>
  <TransInfo Description="Blue Tile to Rock AC" HashKey="121112121111111112">
    <MapTiles>
      <MapTile TileID="556" AltIDMod="0" />
    </MapTiles>
    <StaticTiles />
  </TransInfo>
  <TransInfo Description="Blue Tile to Rock AC" HashKey="121112111111121112">
    <MapTiles>
      <MapTile TileID="556" AltIDMod="0" />
    </MapTiles>
    <StaticTiles />
  </TransInfo>
  <TransInfo Description="Blue Tile to Rock AC" HashKey="121112121111121112">
    <MapTiles>
      <MapTile TileID="556" AltIDMod="0" />
    </MapTiles>
    <StaticTiles />
  </TransInfo>
  <TransInfo Description="Blue Tile to Rock AC" HashKey="121112111111111212">
    <MapTiles>
      <MapTile TileID="556" AltIDMod="0" />
    </MapTiles>
    <StaticTiles />
  </TransInfo>
  <TransInfo Description="Blue Tile to Rock AC" HashKey="121112121111111212">
    <MapTiles>
      <MapTile TileID="556" AltIDMod="0" />
    </MapTiles>
    <StaticTiles />
  </TransInfo>
  <TransInfo Description="Blue Tile to Rock AC" HashKey="121112111111121212">
    <MapTiles>
      <MapTile TileID="556" AltIDMod="0" />
    </MapTiles>
    <StaticTiles />
  </TransInfo>
  <TransInfo Description="Blue Tile to Rock AC" HashKey="121112121111121212">
    <MapTiles>
      <MapTile TileID="556" AltIDMod="0" />
    </MapTiles>
    <StaticTiles />
  </TransInfo>
  <TransInfo Description="Blue Tile to Rock AC" HashKey="121112121112111111">
    <MapTiles>
      <MapTile TileID="556" AltIDMod="0" />
    </MapTiles>
    <StaticTiles />
  </TransInfo>
  <TransInfo Description="Blue Tile to Rock AC" HashKey="121112111112121111">
    <MapTiles>
      <MapTile TileID="556" AltIDMod="0" />
    </MapTiles>
    <StaticTiles />
  </TransInfo>
  <TransInfo Description="Blue Tile to Rock AC" HashKey="121112121112121111">
    <MapTiles>
      <MapTile TileID="556" AltIDMod="0" />
    </MapTiles>
    <StaticTiles />
  </TransInfo>
  <TransInfo Description="Blue Tile to Rock AC" HashKey="121112111112111211">
    <MapTiles>
      <MapTile TileID="556" AltIDMod="0" />
    </MapTiles>
    <StaticTiles />
  </TransInfo>
  <TransInfo Description="Blue Tile to Rock AC" HashKey="121112121112111211">
    <MapTiles>
      <MapTile TileID="556" AltIDMod="0" />
    </MapTiles>
    <StaticTiles />
  </TransInfo>
  <TransInfo Description="Blue Tile to Rock AC" HashKey="121112111112121211">
    <MapTiles>
      <MapTile TileID="556" AltIDMod="0" />
    </MapTiles>
    <StaticTiles />
  </TransInfo>
  <TransInfo Description="Blue Tile to Rock AC" HashKey="121112121112121211">
    <MapTiles>
      <MapTile TileID="556" AltIDMod="0" />
    </MapTiles>
    <StaticTiles />
  </TransInfo>
  <TransInfo Description="Blue Tile to Rock AC" HashKey="121112121112111112">
    <MapTiles>
      <MapTile TileID="556" AltIDMod="0" />
    </MapTiles>
    <StaticTiles />
  </TransInfo>
  <TransInfo Description="Blue Tile to Rock AC" HashKey="121112111112121112">
    <MapTiles>
      <MapTile TileID="556" AltIDMod="0" />
    </MapTiles>
    <StaticTiles />
  </TransInfo>
  <TransInfo Description="Blue Tile to Rock AC" HashKey="121112121112121112">
    <MapTiles>
      <MapTile TileID="556" AltIDMod="0" />
    </MapTiles>
    <StaticTiles />
  </TransInfo>
  <TransInfo Description="Blue Tile to Rock AC" HashKey="121112111112111212">
    <MapTiles>
      <MapTile TileID="556" AltIDMod="0" />
    </MapTiles>
    <StaticTiles />
  </TransInfo>
  <TransInfo Description="Blue Tile to Rock AC" HashKey="121112121112111212">
    <MapTiles>
      <MapTile TileID="556" AltIDMod="0" />
    </MapTiles>
    <StaticTiles />
  </TransInfo>
  <TransInfo Description="Blue Tile to Rock AC" HashKey="121112111112121212">
    <MapTiles>
      <MapTile TileID="556" AltIDMod="0" />
    </MapTiles>
    <StaticTiles />
  </TransInfo>
  <TransInfo Description="Blue Tile to Rock AC" HashKey="121112121112121212">
    <MapTiles>
      <MapTile TileID="556" AltIDMod="0" />
    </MapTiles>
    <StaticTiles />
  </TransInfo>
  <TransInfo Description="Blue Tile to Rock AC" HashKey="121211111111111211">
    <MapTiles>
      <MapTile TileID="556" AltIDMod="0" />
    </MapTiles>
    <StaticTiles />
  </TransInfo>
  <TransInfo Description="Blue Tile to Rock AC" HashKey="121211121111111211">
    <MapTiles>
      <MapTile TileID="556" AltIDMod="0" />
    </MapTiles>
    <StaticTiles />
  </TransInfo>
  <TransInfo Description="Blue Tile to Rock AC" HashKey="121211111111121211">
    <MapTiles>
      <MapTile TileID="556" AltIDMod="0" />
    </MapTiles>
    <StaticTiles />
  </TransInfo>
  <TransInfo Description="Blue Tile to Rock AC" HashKey="121211121111121211">
    <MapTiles>
      <MapTile TileID="556" AltIDMod="0" />
    </MapTiles>
    <StaticTiles />
  </TransInfo>
  <TransInfo Description="Blue Tile to Rock AC" HashKey="121211121111111112">
    <MapTiles>
      <MapTile TileID="556" AltIDMod="0" />
    </MapTiles>
    <StaticTiles />
  </TransInfo>
  <TransInfo Description="Blue Tile to Rock AC" HashKey="121211111111121112">
    <MapTiles>
      <MapTile TileID="556" AltIDMod="0" />
    </MapTiles>
    <StaticTiles />
  </TransInfo>
  <TransInfo Description="Blue Tile to Rock AC" HashKey="121211121111121112">
    <MapTiles>
      <MapTile TileID="556" AltIDMod="0" />
    </MapTiles>
    <StaticTiles />
  </TransInfo>
  <TransInfo Description="Blue Tile to Rock AC" HashKey="121211111111111212">
    <MapTiles>
      <MapTile TileID="556" AltIDMod="0" />
    </MapTiles>
    <StaticTiles />
  </TransInfo>
  <TransInfo Description="Blue Tile to Rock AC" HashKey="121211121111111212">
    <MapTiles>
      <MapTile TileID="556" AltIDMod="0" />
    </MapTiles>
    <StaticTiles />
  </TransInfo>
  <TransInfo Description="Blue Tile to Rock AC" HashKey="121211111111121212">
    <MapTiles>
      <MapTile TileID="556" AltIDMod="0" />
    </MapTiles>
    <StaticTiles />
  </TransInfo>
  <TransInfo Description="Blue Tile to Rock AC" HashKey="121211121111121212">
    <MapTiles>
      <MapTile TileID="556" AltIDMod="0" />
    </MapTiles>
    <StaticTiles />
  </TransInfo>
  <TransInfo Description="Blue Tile to Rock AC" HashKey="121211121112111111">
    <MapTiles>
      <MapTile TileID="556" AltIDMod="0" />
    </MapTiles>
    <StaticTiles />
  </TransInfo>
  <TransInfo Description="Blue Tile to Rock AC" HashKey="121211111112121111">
    <MapTiles>
      <MapTile TileID="556" AltIDMod="0" />
    </MapTiles>
    <StaticTiles />
  </TransInfo>
  <TransInfo Description="Blue Tile to Rock AC" HashKey="121211121112121111">
    <MapTiles>
      <MapTile TileID="556" AltIDMod="0" />
    </MapTiles>
    <StaticTiles />
  </TransInfo>
  <TransInfo Description="Blue Tile to Rock AC" HashKey="121211111112111211">
    <MapTiles>
      <MapTile TileID="556" AltIDMod="0" />
    </MapTiles>
    <StaticTiles />
  </TransInfo>
  <TransInfo Description="Blue Tile to Rock AC" HashKey="121211121112111211">
    <MapTiles>
      <MapTile TileID="556" AltIDMod="0" />
    </MapTiles>
    <StaticTiles />
  </TransInfo>
  <TransInfo Description="Blue Tile to Rock AC" HashKey="121211111112121211">
    <MapTiles>
      <MapTile TileID="556" AltIDMod="0" />
    </MapTiles>
    <StaticTiles />
  </TransInfo>
  <TransInfo Description="Blue Tile to Rock AC" HashKey="121211121112121211">
    <MapTiles>
      <MapTile TileID="556" AltIDMod="0" />
    </MapTiles>
    <StaticTiles />
  </TransInfo>
  <TransInfo Description="Blue Tile to Rock AC" HashKey="121211121112111112">
    <MapTiles>
      <MapTile TileID="556" AltIDMod="0" />
    </MapTiles>
    <StaticTiles />
  </TransInfo>
  <TransInfo Description="Blue Tile to Rock AC" HashKey="121211111112121112">
    <MapTiles>
      <MapTile TileID="556" AltIDMod="0" />
    </MapTiles>
    <StaticTiles />
  </TransInfo>
  <TransInfo Description="Blue Tile to Rock AC" HashKey="121211121112121112">
    <MapTiles>
      <MapTile TileID="556" AltIDMod="0" />
    </MapTiles>
    <StaticTiles />
  </TransInfo>
  <TransInfo Description="Blue Tile to Rock AC" HashKey="121211111112111212">
    <MapTiles>
      <MapTile TileID="556" AltIDMod="0" />
    </MapTiles>
    <StaticTiles />
  </TransInfo>
  <TransInfo Description="Blue Tile to Rock AC" HashKey="121211121112111212">
    <MapTiles>
      <MapTile TileID="556" AltIDMod="0" />
    </MapTiles>
    <StaticTiles />
  </TransInfo>
  <TransInfo Description="Blue Tile to Rock AC" HashKey="121211111112121212">
    <MapTiles>
      <MapTile TileID="556" AltIDMod="0" />
    </MapTiles>
    <StaticTiles />
  </TransInfo>
  <TransInfo Description="Blue Tile to Rock AC" HashKey="121211121112121212">
    <MapTiles>
      <MapTile TileID="556" AltIDMod="0" />
    </MapTiles>
    <StaticTiles />
  </TransInfo>
  <TransInfo Description="Blue Tile to Rock AC" HashKey="121212111111111211">
    <MapTiles>
      <MapTile TileID="556" AltIDMod="0" />
    </MapTiles>
    <StaticTiles />
  </TransInfo>
  <TransInfo Description="Blue Tile to Rock AC" HashKey="121212121111111211">
    <MapTiles>
      <MapTile TileID="556" AltIDMod="0" />
    </MapTiles>
    <StaticTiles />
  </TransInfo>
  <TransInfo Description="Blue Tile to Rock AC" HashKey="121212111111121211">
    <MapTiles>
      <MapTile TileID="556" AltIDMod="0" />
    </MapTiles>
    <StaticTiles />
  </TransInfo>
  <TransInfo Description="Blue Tile to Rock AC" HashKey="121212121111121211">
    <MapTiles>
      <MapTile TileID="556" AltIDMod="0" />
    </MapTiles>
    <StaticTiles />
  </TransInfo>
  <TransInfo Description="Blue Tile to Rock AC" HashKey="121212121111111112">
    <MapTiles>
      <MapTile TileID="556" AltIDMod="0" />
    </MapTiles>
    <StaticTiles />
  </TransInfo>
  <TransInfo Description="Blue Tile to Rock AC" HashKey="121212111111121112">
    <MapTiles>
      <MapTile TileID="556" AltIDMod="0" />
    </MapTiles>
    <StaticTiles />
  </TransInfo>
  <TransInfo Description="Blue Tile to Rock AC" HashKey="121212121111121112">
    <MapTiles>
      <MapTile TileID="556" AltIDMod="0" />
    </MapTiles>
    <StaticTiles />
  </TransInfo>
  <TransInfo Description="Blue Tile to Rock AC" HashKey="121212111111111212">
    <MapTiles>
      <MapTile TileID="556" AltIDMod="0" />
    </MapTiles>
    <StaticTiles />
  </TransInfo>
  <TransInfo Description="Blue Tile to Rock AC" HashKey="121212121111111212">
    <MapTiles>
      <MapTile TileID="556" AltIDMod="0" />
    </MapTiles>
    <StaticTiles />
  </TransInfo>
  <TransInfo Description="Blue Tile to Rock AC" HashKey="121212111111121212">
    <MapTiles>
      <MapTile TileID="556" AltIDMod="0" />
    </MapTiles>
    <StaticTiles />
  </TransInfo>
  <TransInfo Description="Blue Tile to Rock AC" HashKey="121212121111121212">
    <MapTiles>
      <MapTile TileID="556" AltIDMod="0" />
    </MapTiles>
    <StaticTiles />
  </TransInfo>
  <TransInfo Description="Blue Tile to Rock AC" HashKey="121212121112111111">
    <MapTiles>
      <MapTile TileID="556" AltIDMod="0" />
    </MapTiles>
    <StaticTiles />
  </TransInfo>
  <TransInfo Description="Blue Tile to Rock AC" HashKey="121212111112121111">
    <MapTiles>
      <MapTile TileID="556" AltIDMod="0" />
    </MapTiles>
    <StaticTiles />
  </TransInfo>
  <TransInfo Description="Blue Tile to Rock AC" HashKey="121212121112121111">
    <MapTiles>
      <MapTile TileID="556" AltIDMod="0" />
    </MapTiles>
    <StaticTiles />
  </TransInfo>
  <TransInfo Description="Blue Tile to Rock AC" HashKey="121212111112111211">
    <MapTiles>
      <MapTile TileID="556" AltIDMod="0" />
    </MapTiles>
    <StaticTiles />
  </TransInfo>
  <TransInfo Description="Blue Tile to Rock AC" HashKey="121212121112111211">
    <MapTiles>
      <MapTile TileID="556" AltIDMod="0" />
    </MapTiles>
    <StaticTiles />
  </TransInfo>
  <TransInfo Description="Blue Tile to Rock AC" HashKey="121212111112121211">
    <MapTiles>
      <MapTile TileID="556" AltIDMod="0" />
    </MapTiles>
    <StaticTiles />
  </TransInfo>
  <TransInfo Description="Blue Tile to Rock AC" HashKey="121212121112121211">
    <MapTiles>
      <MapTile TileID="556" AltIDMod="0" />
    </MapTiles>
    <StaticTiles />
  </TransInfo>
  <TransInfo Description="Blue Tile to Rock AC" HashKey="121212121112111112">
    <MapTiles>
      <MapTile TileID="556" AltIDMod="0" />
    </MapTiles>
    <StaticTiles />
  </TransInfo>
  <TransInfo Description="Blue Tile to Rock AC" HashKey="121212111112121112">
    <MapTiles>
      <MapTile TileID="556" AltIDMod="0" />
    </MapTiles>
    <StaticTiles />
  </TransInfo>
  <TransInfo Description="Blue Tile to Rock AC" HashKey="121212121112121112">
    <MapTiles>
      <MapTile TileID="556" AltIDMod="0" />
    </MapTiles>
    <StaticTiles />
  </TransInfo>
  <TransInfo Description="Blue Tile to Rock AC" HashKey="121212111112111212">
    <MapTiles>
      <MapTile TileID="556" AltIDMod="0" />
    </MapTiles>
    <StaticTiles />
  </TransInfo>
  <TransInfo Description="Blue Tile to Rock AC" HashKey="121212121112111212">
    <MapTiles>
      <MapTile TileID="556" AltIDMod="0" />
    </MapTiles>
    <StaticTiles />
  </TransInfo>
  <TransInfo Description="Blue Tile to Rock AC" HashKey="121212111112121212">
    <MapTiles>
      <MapTile TileID="556" AltIDMod="0" />
    </MapTiles>
    <StaticTiles />
  </TransInfo>
  <TransInfo Description="Blue Tile to Rock AC" HashKey="121212121112121212">
    <MapTiles>
      <MapTile TileID="556" AltIDMod="0" />
    </MapTiles>
    <StaticTiles />
  </TransInfo>
  <TransInfo Description="Blue Tile to Rock IWE" HashKey="121111111111111112">
    <MapTiles>
      <MapTile TileID="556" AltIDMod="0" />
    </MapTiles>
    <StaticTiles />
  </TransInfo>
  <TransInfo Description="Blue Tile to Rock INS" HashKey="111112111111121111">
    <MapTiles>
      <MapTile TileID="556" AltIDMod="0" />
    </MapTiles>
    <StaticTiles />
  </TransInfo>
</Trans>