﻿<?xml version="1.0" encoding="utf-8"?>
<Trans>
    <TransInfo Description="Blue Tile to Large Dirt SN" HashKey="070707111111111111">
    <MapTiles>
      <MapTile TileID="1049" AltIDMod="0" />
    </MapTiles>
    <StaticTiles />
  </TransInfo>
  <TransInfo Description="Blue Tile to Large Dirt SN" HashKey="110707111111111111">
    <MapTiles>
      <MapTile TileID="1049" AltIDMod="0" />
    </MapTiles>
    <StaticTiles />
  </TransInfo>
  <TransInfo Description="Blue Tile to Large Dirt SN" HashKey="070711111111111111">
    <MapTiles>
      <MapTile TileID="1049" AltIDMod="0" />
    </MapTiles>
    <StaticTiles />
  </TransInfo>
  <TransInfo Description="Blue Tile to Large Dirt SN" HashKey="110711111111111111">
    <MapTiles>
      <MapTile TileID="1049" AltIDMod="0" />
    </MapTiles>
    <StaticTiles />
  </TransInfo>
  <TransInfo Description="Blue Tile to Large Dirt SN" HashKey="071107111111111111">
    <MapTiles>
      <MapTile TileID="1049" AltIDMod="0" />
    </MapTiles>
    <StaticTiles />
  </TransInfo>
  <TransInfo Description="Blue Tile to Large Dirt EW" HashKey="071111071111071111">
    <MapTiles>
      <MapTile TileID="1048" AltIDMod="0" />
    </MapTiles>
    <StaticTiles />
  </TransInfo>
  <TransInfo Description="Blue Tile to Large Dirt EW" HashKey="071111071111111111">
    <MapTiles>
      <MapTile TileID="1048" AltIDMod="0" />
    </MapTiles>
    <StaticTiles />
  </TransInfo>
  <TransInfo Description="Blue Tile to Large Dirt EW" HashKey="111111071111071111">
    <MapTiles>
      <MapTile TileID="1048" AltIDMod="0" />
    </MapTiles>
    <StaticTiles />
  </TransInfo>
  <TransInfo Description="Blue Tile to Large Dirt EW" HashKey="111111071111111111">
    <MapTiles>
      <MapTile TileID="1048" AltIDMod="0" />
    </MapTiles>
    <StaticTiles />
  </TransInfo>
  <TransInfo Description="Blue Tile to Large Dirt EW" HashKey="071111111111071111">
    <MapTiles>
      <MapTile TileID="1048" AltIDMod="0" />
    </MapTiles>
    <StaticTiles />
  </TransInfo>
  <TransInfo Description="Blue Tile to Large Dirt WE" HashKey="111107111107111107">
    <MapTiles>
      <MapTile TileID="1046" AltIDMod="0" />
    </MapTiles>
    <StaticTiles />
  </TransInfo>
  <TransInfo Description="Blue Tile to Large Dirt WE" HashKey="111111111107111107">
    <MapTiles>
      <MapTile TileID="1046" AltIDMod="0" />
    </MapTiles>
    <StaticTiles />
  </TransInfo>
  <TransInfo Description="Blue Tile to Large Dirt WE" HashKey="111107111107111111">
    <MapTiles>
      <MapTile TileID="1046" AltIDMod="0" />
    </MapTiles>
    <StaticTiles />
  </TransInfo>
  <TransInfo Description="Blue Tile to Large Dirt WE" HashKey="111111111107111111">
    <MapTiles>
      <MapTile TileID="1046" AltIDMod="0" />
    </MapTiles>
    <StaticTiles />
  </TransInfo>
  <TransInfo Description="Blue Tile to Large Dirt WE" HashKey="111107111111111107">
    <MapTiles>
      <MapTile TileID="1046" AltIDMod="0" />
    </MapTiles>
    <StaticTiles />
  </TransInfo>
  <TransInfo Description="Blue Tile to Large Dirt NS" HashKey="111111111111070707">
    <MapTiles>
      <MapTile TileID="1047" AltIDMod="0" />
    </MapTiles>
    <StaticTiles />
  </TransInfo>
  <TransInfo Description="Blue Tile to Large Dirt NS" HashKey="111111111111070711">
    <MapTiles>
      <MapTile TileID="1047" AltIDMod="0" />
    </MapTiles>
    <StaticTiles />
  </TransInfo>
  <TransInfo Description="Blue Tile to Large Dirt NS" HashKey="111111111111110707">
    <MapTiles>
      <MapTile TileID="1047" AltIDMod="0" />
    </MapTiles>
    <StaticTiles />
  </TransInfo>
  <TransInfo Description="Blue Tile to Large Dirt NS" HashKey="111111111111110711">
    <MapTiles>
      <MapTile TileID="1047" AltIDMod="0" />
    </MapTiles>
    <StaticTiles />
  </TransInfo>
  <TransInfo Description="Blue Tile to Large Dirt NS" HashKey="111111111111071107">
    <MapTiles>
      <MapTile TileID="1047" AltIDMod="0" />
    </MapTiles>
    <StaticTiles />
  </TransInfo>
  <TransInfo Description="Blue Tile to Large Dirt NWA" HashKey="111107111107070707">
    <MapTiles>
      <MapTile TileID="1052" AltIDMod="0" />
    </MapTiles>
    <StaticTiles />
  </TransInfo>
  <TransInfo Description="Blue Tile to Large Dirt NWA" HashKey="111111111107070707">
    <MapTiles>
      <MapTile TileID="1052" AltIDMod="0" />
    </MapTiles>
    <StaticTiles />
  </TransInfo>
  <TransInfo Description="Blue Tile to Large Dirt NWA" HashKey="111107111107110707">
    <MapTiles>
      <MapTile TileID="1052" AltIDMod="0" />
    </MapTiles>
    <StaticTiles />
  </TransInfo>
  <TransInfo Description="Blue Tile to Large Dirt NWA" HashKey="111111111107110707">
    <MapTiles>
      <MapTile TileID="1052" AltIDMod="0" />
    </MapTiles>
    <StaticTiles />
  </TransInfo>
  <TransInfo Description="Blue Tile to Large Dirt NWA" HashKey="111111111107110711">
    <MapTiles>
      <MapTile TileID="1052" AltIDMod="0" />
    </MapTiles>
    <StaticTiles />
  </TransInfo>
  <TransInfo Description="Blue Tile to Large Dirt NWA" HashKey="111107111111110707">
    <MapTiles>
      <MapTile TileID="1052" AltIDMod="0" />
    </MapTiles>
    <StaticTiles />
  </TransInfo>
  <TransInfo Description="Blue Tile to Large Dirt NWA" HashKey="111107111111070707">
    <MapTiles>
      <MapTile TileID="1052" AltIDMod="0" />
    </MapTiles>
    <StaticTiles />
  </TransInfo>
  <TransInfo Description="Blue Tile to Large Dirt NWA" HashKey="111107111111070711">
    <MapTiles>
      <MapTile TileID="1052" AltIDMod="0" />
    </MapTiles>
    <StaticTiles />
  </TransInfo>
  <TransInfo Description="Blue Tile to Large Dirt NWA" HashKey="111111111107071107">
    <MapTiles>
      <MapTile TileID="1052" AltIDMod="0" />
    </MapTiles>
    <StaticTiles />
  </TransInfo>
  <TransInfo Description="Blue Tile to Large Dirt NWA" HashKey="111107111107071107">
    <MapTiles>
      <MapTile TileID="1052" AltIDMod="0" />
    </MapTiles>
    <StaticTiles />
  </TransInfo>
  <TransInfo Description="Blue Tile to Large Dirt NWA" HashKey="111107111107070711">
    <MapTiles>
      <MapTile TileID="1052" AltIDMod="0" />
    </MapTiles>
    <StaticTiles />
  </TransInfo>
  <TransInfo Description="Blue Tile to Large Dirt NWA" HashKey="111107111107071111">
    <MapTiles>
      <MapTile TileID="1052" AltIDMod="0" />
    </MapTiles>
    <StaticTiles />
  </TransInfo>
  <TransInfo Description="Blue Tile to Large Dirt NWA" HashKey="111107111111110711">
    <MapTiles>
      <MapTile TileID="1052" AltIDMod="0" />
    </MapTiles>
    <StaticTiles />
  </TransInfo>
  <TransInfo Description="Blue Tile to Large Dirt NWA" HashKey="111111111107071111">
    <MapTiles>
      <MapTile TileID="1052" AltIDMod="0" />
    </MapTiles>
    <StaticTiles />
  </TransInfo>
  <TransInfo Description="Blue Tile to Large Dirt NWA" HashKey="111107111107110711">
    <MapTiles>
      <MapTile TileID="1052" AltIDMod="0" />
    </MapTiles>
    <StaticTiles />
  </TransInfo>
  <TransInfo Description="Blue Tile to Large Dirt NWA" HashKey="111107111111071107">
    <MapTiles>
      <MapTile TileID="1052" AltIDMod="0" />
    </MapTiles>
    <StaticTiles />
  </TransInfo>
  <TransInfo Description="Blue Tile to Large Dirt NWA" HashKey="111111111107070711">
    <MapTiles>
      <MapTile TileID="1052" AltIDMod="0" />
    </MapTiles>
    <StaticTiles />
  </TransInfo>
  <TransInfo Description="Blue Tile to Large Dirt SEA" HashKey="070707071111071111">
    <MapTiles>
      <MapTile TileID="1050" AltIDMod="0" />
    </MapTiles>
    <StaticTiles />
  </TransInfo>
  <TransInfo Description="Blue Tile to Large Dirt SEA" HashKey="070711071111071111">
    <MapTiles>
      <MapTile TileID="1050" AltIDMod="0" />
    </MapTiles>
    <StaticTiles />
  </TransInfo>
  <TransInfo Description="Blue Tile to Large Dirt SEA" HashKey="070707071111111111">
    <MapTiles>
      <MapTile TileID="1050" AltIDMod="0" />
    </MapTiles>
    <StaticTiles />
  </TransInfo>
  <TransInfo Description="Blue Tile to Large Dirt SEA" HashKey="070711071111111111">
    <MapTiles>
      <MapTile TileID="1050" AltIDMod="0" />
    </MapTiles>
    <StaticTiles />
  </TransInfo>
  <TransInfo Description="Blue Tile to Large Dirt SEA" HashKey="071107071111111111">
    <MapTiles>
      <MapTile TileID="1050" AltIDMod="0" />
    </MapTiles>
    <StaticTiles />
  </TransInfo>
  <TransInfo Description="Blue Tile to Large Dirt SEA" HashKey="070711111111071111">
    <MapTiles>
      <MapTile TileID="1050" AltIDMod="0" />
    </MapTiles>
    <StaticTiles />
  </TransInfo>
  <TransInfo Description="Blue Tile to Large Dirt SEA" HashKey="110707111111071111">
    <MapTiles>
      <MapTile TileID="1050" AltIDMod="0" />
    </MapTiles>
    <StaticTiles />
  </TransInfo>
  <TransInfo Description="Blue Tile to Large Dirt SEA" HashKey="071107111111071111">
    <MapTiles>
      <MapTile TileID="1050" AltIDMod="0" />
    </MapTiles>
    <StaticTiles />
  </TransInfo>
  <TransInfo Description="Blue Tile to Large Dirt SEA" HashKey="070707111111071111">
    <MapTiles>
      <MapTile TileID="1050" AltIDMod="0" />
    </MapTiles>
    <StaticTiles />
  </TransInfo>
  <TransInfo Description="Blue Tile to Large Dirt SEA" HashKey="110711071111111111">
    <MapTiles>
      <MapTile TileID="1050" AltIDMod="0" />
    </MapTiles>
    <StaticTiles />
  </TransInfo>
  <TransInfo Description="Blue Tile to Large Dirt SEA" HashKey="071107071111071111">
    <MapTiles>
      <MapTile TileID="1050" AltIDMod="0" />
    </MapTiles>
    <StaticTiles />
  </TransInfo>
  <TransInfo Description="Blue Tile to Large Dirt SEA" HashKey="111107071111071111">
    <MapTiles>
      <MapTile TileID="1050" AltIDMod="0" />
    </MapTiles>
    <StaticTiles />
  </TransInfo>
  <TransInfo Description="Blue Tile to Large Dirt SEA" HashKey="110707071111071111">
    <MapTiles>
      <MapTile TileID="1050" AltIDMod="0" />
    </MapTiles>
    <StaticTiles />
  </TransInfo>
  <TransInfo Description="Blue Tile to Large Dirt SEA" HashKey="111107071111111111">
    <MapTiles>
      <MapTile TileID="1050" AltIDMod="0" />
    </MapTiles>
    <StaticTiles />
  </TransInfo>
  <TransInfo Description="Blue Tile to Large Dirt SEA" HashKey="110711071111071111">
    <MapTiles>
      <MapTile TileID="1050" AltIDMod="0" />
    </MapTiles>
    <StaticTiles />
  </TransInfo>
  <TransInfo Description="Blue Tile to Large Dirt SEA" HashKey="110711111111071111">
    <MapTiles>
      <MapTile TileID="1050" AltIDMod="0" />
    </MapTiles>
    <StaticTiles />
  </TransInfo>
  <TransInfo Description="Blue Tile to Large Dirt SEA" HashKey="110707071111111111">
    <MapTiles>
      <MapTile TileID="1050" AltIDMod="0" />
    </MapTiles>
    <StaticTiles />
  </TransInfo>
  <TransInfo Description="Blue Tile to Large Dirt NEA" HashKey="071111071111070707">
    <MapTiles>
      <MapTile TileID="1053" AltIDMod="0" />
    </MapTiles>
    <StaticTiles />
  </TransInfo>
  <TransInfo Description="Blue Tile to Large Dirt NEA" HashKey="111111071111070707">
    <MapTiles>
      <MapTile TileID="1053" AltIDMod="0" />
    </MapTiles>
    <StaticTiles />
  </TransInfo>
  <TransInfo Description="Blue Tile to Large Dirt NEA" HashKey="071111071111070711">
    <MapTiles>
      <MapTile TileID="1053" AltIDMod="0" />
    </MapTiles>
    <StaticTiles />
  </TransInfo>
  <TransInfo Description="Blue Tile to Large Dirt NEA" HashKey="111111071111070711">
    <MapTiles>
      <MapTile TileID="1053" AltIDMod="0" />
    </MapTiles>
    <StaticTiles />
  </TransInfo>
  <TransInfo Description="Blue Tile to Large Dirt NEA" HashKey="111111071111110711">
    <MapTiles>
      <MapTile TileID="1053" AltIDMod="0" />
    </MapTiles>
    <StaticTiles />
  </TransInfo>
  <TransInfo Description="Blue Tile to Large Dirt NEA" HashKey="071111071111111107">
    <MapTiles>
      <MapTile TileID="1053" AltIDMod="0" />
    </MapTiles>
    <StaticTiles />
  </TransInfo>
  <TransInfo Description="Blue Tile to Large Dirt NEA" HashKey="071111111111070707">
    <MapTiles>
      <MapTile TileID="1053" AltIDMod="0" />
    </MapTiles>
    <StaticTiles />
  </TransInfo>
  <TransInfo Description="Blue Tile to Large Dirt NEA" HashKey="071111111111070711">
    <MapTiles>
      <MapTile TileID="1053" AltIDMod="0" />
    </MapTiles>
    <StaticTiles />
  </TransInfo>
  <TransInfo Description="Blue Tile to Large Dirt NEA" HashKey="071111111111110711">
    <MapTiles>
      <MapTile TileID="1053" AltIDMod="0" />
    </MapTiles>
    <StaticTiles />
  </TransInfo>
  <TransInfo Description="Blue Tile to Large Dirt NEA" HashKey="111111071111071107">
    <MapTiles>
      <MapTile TileID="1053" AltIDMod="0" />
    </MapTiles>
    <StaticTiles />
  </TransInfo>
  <TransInfo Description="Blue Tile to Large Dirt NEA" HashKey="071111071111071107">
    <MapTiles>
      <MapTile TileID="1053" AltIDMod="0" />
    </MapTiles>
    <StaticTiles />
  </TransInfo>
  <TransInfo Description="Blue Tile to Large Dirt NEA" HashKey="071111111111110707">
    <MapTiles>
      <MapTile TileID="1053" AltIDMod="0" />
    </MapTiles>
    <StaticTiles />
  </TransInfo>
  <TransInfo Description="Blue Tile to Large Dirt NEA" HashKey="071111071111110707">
    <MapTiles>
      <MapTile TileID="1053" AltIDMod="0" />
    </MapTiles>
    <StaticTiles />
  </TransInfo>
  <TransInfo Description="Blue Tile to Large Dirt NEA" HashKey="111111071111110707">
    <MapTiles>
      <MapTile TileID="1053" AltIDMod="0" />
    </MapTiles>
    <StaticTiles />
  </TransInfo>
  <TransInfo Description="Blue Tile to Large Dirt NEA" HashKey="111111071111111107">
    <MapTiles>
      <MapTile TileID="1053" AltIDMod="0" />
    </MapTiles>
    <StaticTiles />
  </TransInfo>
  <TransInfo Description="Blue Tile to Large Dirt NEA" HashKey="071111111111071107">
    <MapTiles>
      <MapTile TileID="1053" AltIDMod="0" />
    </MapTiles>
    <StaticTiles />
  </TransInfo>
  <TransInfo Description="Blue Tile to Large Dirt NEA" HashKey="071111071111110711">
    <MapTiles>
      <MapTile TileID="1053" AltIDMod="0" />
    </MapTiles>
    <StaticTiles />
  </TransInfo>
  <TransInfo Description="Blue Tile to Large Dirt SWA" HashKey="070707111107111107">
    <MapTiles>
      <MapTile TileID="1051" AltIDMod="0" />
    </MapTiles>
    <StaticTiles />
  </TransInfo>
  <TransInfo Description="Blue Tile to Large Dirt SWA" HashKey="070707111107111111">
    <MapTiles>
      <MapTile TileID="1051" AltIDMod="0" />
    </MapTiles>
    <StaticTiles />
  </TransInfo>
  <TransInfo Description="Blue Tile to Large Dirt SWA" HashKey="110707111107111107">
    <MapTiles>
      <MapTile TileID="1051" AltIDMod="0" />
    </MapTiles>
    <StaticTiles />
  </TransInfo>
  <TransInfo Description="Blue Tile to Large Dirt SWA" HashKey="110707111107111111">
    <MapTiles>
      <MapTile TileID="1051" AltIDMod="0" />
    </MapTiles>
    <StaticTiles />
  </TransInfo>
  <TransInfo Description="Blue Tile to Large Dirt SWA" HashKey="071111111107111107">
    <MapTiles>
      <MapTile TileID="1051" AltIDMod="0" />
    </MapTiles>
    <StaticTiles />
  </TransInfo>
  <TransInfo Description="Blue Tile to Large Dirt SWA" HashKey="071107111107111111">
    <MapTiles>
      <MapTile TileID="1051" AltIDMod="0" />
    </MapTiles>
    <StaticTiles />
  </TransInfo>
  <TransInfo Description="Blue Tile to Large Dirt SWA" HashKey="071107111107111107">
    <MapTiles>
      <MapTile TileID="1051" AltIDMod="0" />
    </MapTiles>
    <StaticTiles />
  </TransInfo>
  <TransInfo Description="Blue Tile to Large Dirt SWA" HashKey="070711111111111107">
    <MapTiles>
      <MapTile TileID="1051" AltIDMod="0" />
    </MapTiles>
    <StaticTiles />
  </TransInfo>
  <TransInfo Description="Blue Tile to Large Dirt SWA" HashKey="110711111111111107">
    <MapTiles>
      <MapTile TileID="1051" AltIDMod="0" />
    </MapTiles>
    <StaticTiles />
  </TransInfo>
  <TransInfo Description="Blue Tile to Large Dirt SWA" HashKey="070707111111111107">
    <MapTiles>
      <MapTile TileID="1051" AltIDMod="0" />
    </MapTiles>
    <StaticTiles />
  </TransInfo>
  <TransInfo Description="Blue Tile to Large Dirt SWA" HashKey="070711111107111111">
    <MapTiles>
      <MapTile TileID="1051" AltIDMod="0" />
    </MapTiles>
    <StaticTiles />
  </TransInfo>
  <TransInfo Description="Blue Tile to Large Dirt SWA" HashKey="110707111111111107">
    <MapTiles>
      <MapTile TileID="1051" AltIDMod="0" />
    </MapTiles>
    <StaticTiles />
  </TransInfo>
  <TransInfo Description="Blue Tile to Large Dirt SWA" HashKey="110711111107111111">
    <MapTiles>
      <MapTile TileID="1051" AltIDMod="0" />
    </MapTiles>
    <StaticTiles />
  </TransInfo>
  <TransInfo Description="Blue Tile to Large Dirt SWA" HashKey="071111111107111111">
    <MapTiles>
      <MapTile TileID="1051" AltIDMod="0" />
    </MapTiles>
    <StaticTiles />
  </TransInfo>
  <TransInfo Description="Blue Tile to Large Dirt SWA" HashKey="071107111111111107">
    <MapTiles>
      <MapTile TileID="1051" AltIDMod="0" />
    </MapTiles>
    <StaticTiles />
  </TransInfo>
  <TransInfo Description="Blue Tile to Large Dirt SWA" HashKey="110711111107111107">
    <MapTiles>
      <MapTile TileID="1051" AltIDMod="0" />
    </MapTiles>
    <StaticTiles />
  </TransInfo>
  <TransInfo Description="Blue Tile to Large Dirt SWA" HashKey="070711111107111107">
    <MapTiles>
      <MapTile TileID="1051" AltIDMod="0" />
    </MapTiles>
    <StaticTiles />
  </TransInfo>
  <TransInfo Description="Blue Tile to Large Dirt NWB" HashKey="071111111111111111">
    <MapTiles>
      <MapTile TileID="1067" AltIDMod="0" />
    </MapTiles>
    <StaticTiles />
  </TransInfo>
  <TransInfo Description="Blue Tile to Large Dirt SEB" HashKey="111111111111111107">
    <MapTiles>
      <MapTile TileID="1065" AltIDMod="0" />
    </MapTiles>
    <StaticTiles />
  </TransInfo>
  <TransInfo Description="Blue Tile to Large Dirt NEB" HashKey="111107111111111111">
    <MapTiles>
      <MapTile TileID="1068" AltIDMod="0" />
    </MapTiles>
    <StaticTiles />
  </TransInfo>
  <TransInfo Description="Blue Tile to Large Dirt SWB" HashKey="111111111111071111">
    <MapTiles>
      <MapTile TileID="1066" AltIDMod="0" />
    </MapTiles>
    <StaticTiles />
  </TransInfo>
  <TransInfo Description="Blue Tile to Large Dirt AC" HashKey="111111071107111111">
    <MapTiles>
      <MapTile TileID="113" AltIDMod="0" />
    </MapTiles>
    <StaticTiles />
  </TransInfo>
  <TransInfo Description="Blue Tile to Large Dirt AC" HashKey="111111071107071111">
    <MapTiles>
      <MapTile TileID="113" AltIDMod="0" />
    </MapTiles>
    <StaticTiles />
  </TransInfo>
  <TransInfo Description="Blue Tile to Large Dirt AC" HashKey="111111071107110711">
    <MapTiles>
      <MapTile TileID="113" AltIDMod="0" />
    </MapTiles>
    <StaticTiles />
  </TransInfo>
  <TransInfo Description="Blue Tile to Large Dirt AC" HashKey="111111071107070711">
    <MapTiles>
      <MapTile TileID="113" AltIDMod="0" />
    </MapTiles>
    <StaticTiles />
  </TransInfo>
  <TransInfo Description="Blue Tile to Large Dirt AC" HashKey="111111071107111107">
    <MapTiles>
      <MapTile TileID="113" AltIDMod="0" />
    </MapTiles>
    <StaticTiles />
  </TransInfo>
  <TransInfo Description="Blue Tile to Large Dirt AC" HashKey="111111071107071107">
    <MapTiles>
      <MapTile TileID="113" AltIDMod="0" />
    </MapTiles>
    <StaticTiles />
  </TransInfo>
  <TransInfo Description="Blue Tile to Large Dirt AC" HashKey="111111071107110707">
    <MapTiles>
      <MapTile TileID="113" AltIDMod="0" />
    </MapTiles>
    <StaticTiles />
  </TransInfo>
  <TransInfo Description="Blue Tile to Large Dirt AC" HashKey="111111071107070707">
    <MapTiles>
      <MapTile TileID="113" AltIDMod="0" />
    </MapTiles>
    <StaticTiles />
  </TransInfo>
  <TransInfo Description="Blue Tile to Large Dirt AC" HashKey="111107071111110711">
    <MapTiles>
      <MapTile TileID="113" AltIDMod="0" />
    </MapTiles>
    <StaticTiles />
  </TransInfo>
  <TransInfo Description="Blue Tile to Large Dirt AC" HashKey="111107071111070711">
    <MapTiles>
      <MapTile TileID="113" AltIDMod="0" />
    </MapTiles>
    <StaticTiles />
  </TransInfo>
  <TransInfo Description="Blue Tile to Large Dirt AC" HashKey="111107071111111107">
    <MapTiles>
      <MapTile TileID="113" AltIDMod="0" />
    </MapTiles>
    <StaticTiles />
  </TransInfo>
  <TransInfo Description="Blue Tile to Large Dirt AC" HashKey="111107071111071107">
    <MapTiles>
      <MapTile TileID="113" AltIDMod="0" />
    </MapTiles>
    <StaticTiles />
  </TransInfo>
  <TransInfo Description="Blue Tile to Large Dirt AC" HashKey="111107071111110707">
    <MapTiles>
      <MapTile TileID="113" AltIDMod="0" />
    </MapTiles>
    <StaticTiles />
  </TransInfo>
  <TransInfo Description="Blue Tile to Large Dirt AC" HashKey="111107071111070707">
    <MapTiles>
      <MapTile TileID="113" AltIDMod="0" />
    </MapTiles>
    <StaticTiles />
  </TransInfo>
  <TransInfo Description="Blue Tile to Large Dirt AC" HashKey="111107071107111111">
    <MapTiles>
      <MapTile TileID="113" AltIDMod="0" />
    </MapTiles>
    <StaticTiles />
  </TransInfo>
  <TransInfo Description="Blue Tile to Large Dirt AC" HashKey="111107071107071111">
    <MapTiles>
      <MapTile TileID="113" AltIDMod="0" />
    </MapTiles>
    <StaticTiles />
  </TransInfo>
  <TransInfo Description="Blue Tile to Large Dirt AC" HashKey="111107071107110711">
    <MapTiles>
      <MapTile TileID="113" AltIDMod="0" />
    </MapTiles>
    <StaticTiles />
  </TransInfo>
  <TransInfo Description="Blue Tile to Large Dirt AC" HashKey="111107071107070711">
    <MapTiles>
      <MapTile TileID="113" AltIDMod="0" />
    </MapTiles>
    <StaticTiles />
  </TransInfo>
  <TransInfo Description="Blue Tile to Large Dirt AC" HashKey="111107071107111107">
    <MapTiles>
      <MapTile TileID="113" AltIDMod="0" />
    </MapTiles>
    <StaticTiles />
  </TransInfo>
  <TransInfo Description="Blue Tile to Large Dirt AC" HashKey="111107071107071107">
    <MapTiles>
      <MapTile TileID="113" AltIDMod="0" />
    </MapTiles>
    <StaticTiles />
  </TransInfo>
  <TransInfo Description="Blue Tile to Large Dirt AC" HashKey="111107071107110707">
    <MapTiles>
      <MapTile TileID="113" AltIDMod="0" />
    </MapTiles>
    <StaticTiles />
  </TransInfo>
  <TransInfo Description="Blue Tile to Large Dirt AC" HashKey="111107071107070707">
    <MapTiles>
      <MapTile TileID="113" AltIDMod="0" />
    </MapTiles>
    <StaticTiles />
  </TransInfo>
  <TransInfo Description="Blue Tile to Large Dirt AC" HashKey="110711111111110711">
    <MapTiles>
      <MapTile TileID="113" AltIDMod="0" />
    </MapTiles>
    <StaticTiles />
  </TransInfo>
  <TransInfo Description="Blue Tile to Large Dirt AC" HashKey="110711071111110711">
    <MapTiles>
      <MapTile TileID="113" AltIDMod="0" />
    </MapTiles>
    <StaticTiles />
  </TransInfo>
  <TransInfo Description="Blue Tile to Large Dirt AC" HashKey="110711111111070711">
    <MapTiles>
      <MapTile TileID="113" AltIDMod="0" />
    </MapTiles>
    <StaticTiles />
  </TransInfo>
  <TransInfo Description="Blue Tile to Large Dirt AC" HashKey="110711071111070711">
    <MapTiles>
      <MapTile TileID="113" AltIDMod="0" />
    </MapTiles>
    <StaticTiles />
  </TransInfo>
  <TransInfo Description="Blue Tile to Large Dirt AC" HashKey="110711071111111107">
    <MapTiles>
      <MapTile TileID="113" AltIDMod="0" />
    </MapTiles>
    <StaticTiles />
  </TransInfo>
  <TransInfo Description="Blue Tile to Large Dirt AC" HashKey="110711111111071107">
    <MapTiles>
      <MapTile TileID="113" AltIDMod="0" />
    </MapTiles>
    <StaticTiles />
  </TransInfo>
  <TransInfo Description="Blue Tile to Large Dirt AC" HashKey="110711071111071107">
    <MapTiles>
      <MapTile TileID="113" AltIDMod="0" />
    </MapTiles>
    <StaticTiles />
  </TransInfo>
  <TransInfo Description="Blue Tile to Large Dirt AC" HashKey="110711111111110707">
    <MapTiles>
      <MapTile TileID="113" AltIDMod="0" />
    </MapTiles>
    <StaticTiles />
  </TransInfo>
  <TransInfo Description="Blue Tile to Large Dirt AC" HashKey="110711071111110707">
    <MapTiles>
      <MapTile TileID="113" AltIDMod="0" />
    </MapTiles>
    <StaticTiles />
  </TransInfo>
  <TransInfo Description="Blue Tile to Large Dirt AC" HashKey="110711111111070707">
    <MapTiles>
      <MapTile TileID="113" AltIDMod="0" />
    </MapTiles>
    <StaticTiles />
  </TransInfo>
  <TransInfo Description="Blue Tile to Large Dirt AC" HashKey="110711071111070707">
    <MapTiles>
      <MapTile TileID="113" AltIDMod="0" />
    </MapTiles>
    <StaticTiles />
  </TransInfo>
  <TransInfo Description="Blue Tile to Large Dirt AC" HashKey="110711071107111111">
    <MapTiles>
      <MapTile TileID="113" AltIDMod="0" />
    </MapTiles>
    <StaticTiles />
  </TransInfo>
  <TransInfo Description="Blue Tile to Large Dirt AC" HashKey="110711111107071111">
    <MapTiles>
      <MapTile TileID="113" AltIDMod="0" />
    </MapTiles>
    <StaticTiles />
  </TransInfo>
  <TransInfo Description="Blue Tile to Large Dirt AC" HashKey="110711071107071111">
    <MapTiles>
      <MapTile TileID="113" AltIDMod="0" />
    </MapTiles>
    <StaticTiles />
  </TransInfo>
  <TransInfo Description="Blue Tile to Large Dirt AC" HashKey="110711111107110711">
    <MapTiles>
      <MapTile TileID="113" AltIDMod="0" />
    </MapTiles>
    <StaticTiles />
  </TransInfo>
  <TransInfo Description="Blue Tile to Large Dirt AC" HashKey="110711071107110711">
    <MapTiles>
      <MapTile TileID="113" AltIDMod="0" />
    </MapTiles>
    <StaticTiles />
  </TransInfo>
  <TransInfo Description="Blue Tile to Large Dirt AC" HashKey="110711111107070711">
    <MapTiles>
      <MapTile TileID="113" AltIDMod="0" />
    </MapTiles>
    <StaticTiles />
  </TransInfo>
  <TransInfo Description="Blue Tile to Large Dirt AC" HashKey="110711071107070711">
    <MapTiles>
      <MapTile TileID="113" AltIDMod="0" />
    </MapTiles>
    <StaticTiles />
  </TransInfo>
  <TransInfo Description="Blue Tile to Large Dirt AC" HashKey="110711071107111107">
    <MapTiles>
      <MapTile TileID="113" AltIDMod="0" />
    </MapTiles>
    <StaticTiles />
  </TransInfo>
  <TransInfo Description="Blue Tile to Large Dirt AC" HashKey="110711111107071107">
    <MapTiles>
      <MapTile TileID="113" AltIDMod="0" />
    </MapTiles>
    <StaticTiles />
  </TransInfo>
  <TransInfo Description="Blue Tile to Large Dirt AC" HashKey="110711071107071107">
    <MapTiles>
      <MapTile TileID="113" AltIDMod="0" />
    </MapTiles>
    <StaticTiles />
  </TransInfo>
  <TransInfo Description="Blue Tile to Large Dirt AC" HashKey="110711111107110707">
    <MapTiles>
      <MapTile TileID="113" AltIDMod="0" />
    </MapTiles>
    <StaticTiles />
  </TransInfo>
  <TransInfo Description="Blue Tile to Large Dirt AC" HashKey="110711071107110707">
    <MapTiles>
      <MapTile TileID="113" AltIDMod="0" />
    </MapTiles>
    <StaticTiles />
  </TransInfo>
  <TransInfo Description="Blue Tile to Large Dirt AC" HashKey="110711111107070707">
    <MapTiles>
      <MapTile TileID="113" AltIDMod="0" />
    </MapTiles>
    <StaticTiles />
  </TransInfo>
  <TransInfo Description="Blue Tile to Large Dirt AC" HashKey="110711071107070707">
    <MapTiles>
      <MapTile TileID="113" AltIDMod="0" />
    </MapTiles>
    <StaticTiles />
  </TransInfo>
  <TransInfo Description="Blue Tile to Large Dirt AC" HashKey="110707111111110711">
    <MapTiles>
      <MapTile TileID="113" AltIDMod="0" />
    </MapTiles>
    <StaticTiles />
  </TransInfo>
  <TransInfo Description="Blue Tile to Large Dirt AC" HashKey="110707071111110711">
    <MapTiles>
      <MapTile TileID="113" AltIDMod="0" />
    </MapTiles>
    <StaticTiles />
  </TransInfo>
  <TransInfo Description="Blue Tile to Large Dirt AC" HashKey="110707111111070711">
    <MapTiles>
      <MapTile TileID="113" AltIDMod="0" />
    </MapTiles>
    <StaticTiles />
  </TransInfo>
  <TransInfo Description="Blue Tile to Large Dirt AC" HashKey="110707071111070711">
    <MapTiles>
      <MapTile TileID="113" AltIDMod="0" />
    </MapTiles>
    <StaticTiles />
  </TransInfo>
  <TransInfo Description="Blue Tile to Large Dirt AC" HashKey="110707071111111107">
    <MapTiles>
      <MapTile TileID="113" AltIDMod="0" />
    </MapTiles>
    <StaticTiles />
  </TransInfo>
  <TransInfo Description="Blue Tile to Large Dirt AC" HashKey="110707111111071107">
    <MapTiles>
      <MapTile TileID="113" AltIDMod="0" />
    </MapTiles>
    <StaticTiles />
  </TransInfo>
  <TransInfo Description="Blue Tile to Large Dirt AC" HashKey="110707071111071107">
    <MapTiles>
      <MapTile TileID="113" AltIDMod="0" />
    </MapTiles>
    <StaticTiles />
  </TransInfo>
  <TransInfo Description="Blue Tile to Large Dirt AC" HashKey="110707111111110707">
    <MapTiles>
      <MapTile TileID="113" AltIDMod="0" />
    </MapTiles>
    <StaticTiles />
  </TransInfo>
  <TransInfo Description="Blue Tile to Large Dirt AC" HashKey="110707071111110707">
    <MapTiles>
      <MapTile TileID="113" AltIDMod="0" />
    </MapTiles>
    <StaticTiles />
  </TransInfo>
  <TransInfo Description="Blue Tile to Large Dirt AC" HashKey="110707111111070707">
    <MapTiles>
      <MapTile TileID="113" AltIDMod="0" />
    </MapTiles>
    <StaticTiles />
  </TransInfo>
  <TransInfo Description="Blue Tile to Large Dirt AC" HashKey="110707071111070707">
    <MapTiles>
      <MapTile TileID="113" AltIDMod="0" />
    </MapTiles>
    <StaticTiles />
  </TransInfo>
  <TransInfo Description="Blue Tile to Large Dirt AC" HashKey="110707071107111111">
    <MapTiles>
      <MapTile TileID="113" AltIDMod="0" />
    </MapTiles>
    <StaticTiles />
  </TransInfo>
  <TransInfo Description="Blue Tile to Large Dirt AC" HashKey="110707111107071111">
    <MapTiles>
      <MapTile TileID="113" AltIDMod="0" />
    </MapTiles>
    <StaticTiles />
  </TransInfo>
  <TransInfo Description="Blue Tile to Large Dirt AC" HashKey="110707071107071111">
    <MapTiles>
      <MapTile TileID="113" AltIDMod="0" />
    </MapTiles>
    <StaticTiles />
  </TransInfo>
  <TransInfo Description="Blue Tile to Large Dirt AC" HashKey="110707111107110711">
    <MapTiles>
      <MapTile TileID="113" AltIDMod="0" />
    </MapTiles>
    <StaticTiles />
  </TransInfo>
  <TransInfo Description="Blue Tile to Large Dirt AC" HashKey="110707071107110711">
    <MapTiles>
      <MapTile TileID="113" AltIDMod="0" />
    </MapTiles>
    <StaticTiles />
  </TransInfo>
  <TransInfo Description="Blue Tile to Large Dirt AC" HashKey="110707111107070711">
    <MapTiles>
      <MapTile TileID="113" AltIDMod="0" />
    </MapTiles>
    <StaticTiles />
  </TransInfo>
  <TransInfo Description="Blue Tile to Large Dirt AC" HashKey="110707071107070711">
    <MapTiles>
      <MapTile TileID="113" AltIDMod="0" />
    </MapTiles>
    <StaticTiles />
  </TransInfo>
  <TransInfo Description="Blue Tile to Large Dirt AC" HashKey="110707071107111107">
    <MapTiles>
      <MapTile TileID="113" AltIDMod="0" />
    </MapTiles>
    <StaticTiles />
  </TransInfo>
  <TransInfo Description="Blue Tile to Large Dirt AC" HashKey="110707111107071107">
    <MapTiles>
      <MapTile TileID="113" AltIDMod="0" />
    </MapTiles>
    <StaticTiles />
  </TransInfo>
  <TransInfo Description="Blue Tile to Large Dirt AC" HashKey="110707071107071107">
    <MapTiles>
      <MapTile TileID="113" AltIDMod="0" />
    </MapTiles>
    <StaticTiles />
  </TransInfo>
  <TransInfo Description="Blue Tile to Large Dirt AC" HashKey="110707111107110707">
    <MapTiles>
      <MapTile TileID="113" AltIDMod="0" />
    </MapTiles>
    <StaticTiles />
  </TransInfo>
  <TransInfo Description="Blue Tile to Large Dirt AC" HashKey="110707071107110707">
    <MapTiles>
      <MapTile TileID="113" AltIDMod="0" />
    </MapTiles>
    <StaticTiles />
  </TransInfo>
  <TransInfo Description="Blue Tile to Large Dirt AC" HashKey="110707111107070707">
    <MapTiles>
      <MapTile TileID="113" AltIDMod="0" />
    </MapTiles>
    <StaticTiles />
  </TransInfo>
  <TransInfo Description="Blue Tile to Large Dirt AC" HashKey="110707071107070707">
    <MapTiles>
      <MapTile TileID="113" AltIDMod="0" />
    </MapTiles>
    <StaticTiles />
  </TransInfo>
  <TransInfo Description="Blue Tile to Large Dirt AC" HashKey="071111071107111111">
    <MapTiles>
      <MapTile TileID="113" AltIDMod="0" />
    </MapTiles>
    <StaticTiles />
  </TransInfo>
  <TransInfo Description="Blue Tile to Large Dirt AC" HashKey="071111111107071111">
    <MapTiles>
      <MapTile TileID="113" AltIDMod="0" />
    </MapTiles>
    <StaticTiles />
  </TransInfo>
  <TransInfo Description="Blue Tile to Large Dirt AC" HashKey="071111071107071111">
    <MapTiles>
      <MapTile TileID="113" AltIDMod="0" />
    </MapTiles>
    <StaticTiles />
  </TransInfo>
  <TransInfo Description="Blue Tile to Large Dirt AC" HashKey="071111111107110711">
    <MapTiles>
      <MapTile TileID="113" AltIDMod="0" />
    </MapTiles>
    <StaticTiles />
  </TransInfo>
  <TransInfo Description="Blue Tile to Large Dirt AC" HashKey="071111071107110711">
    <MapTiles>
      <MapTile TileID="113" AltIDMod="0" />
    </MapTiles>
    <StaticTiles />
  </TransInfo>
  <TransInfo Description="Blue Tile to Large Dirt AC" HashKey="071111111107070711">
    <MapTiles>
      <MapTile TileID="113" AltIDMod="0" />
    </MapTiles>
    <StaticTiles />
  </TransInfo>
  <TransInfo Description="Blue Tile to Large Dirt AC" HashKey="071111071107070711">
    <MapTiles>
      <MapTile TileID="113" AltIDMod="0" />
    </MapTiles>
    <StaticTiles />
  </TransInfo>
  <TransInfo Description="Blue Tile to Large Dirt AC" HashKey="071111071107111107">
    <MapTiles>
      <MapTile TileID="113" AltIDMod="0" />
    </MapTiles>
    <StaticTiles />
  </TransInfo>
  <TransInfo Description="Blue Tile to Large Dirt AC" HashKey="071111111107071107">
    <MapTiles>
      <MapTile TileID="113" AltIDMod="0" />
    </MapTiles>
    <StaticTiles />
  </TransInfo>
  <TransInfo Description="Blue Tile to Large Dirt AC" HashKey="071111071107071107">
    <MapTiles>
      <MapTile TileID="113" AltIDMod="0" />
    </MapTiles>
    <StaticTiles />
  </TransInfo>
  <TransInfo Description="Blue Tile to Large Dirt AC" HashKey="071111111107110707">
    <MapTiles>
      <MapTile TileID="113" AltIDMod="0" />
    </MapTiles>
    <StaticTiles />
  </TransInfo>
  <TransInfo Description="Blue Tile to Large Dirt AC" HashKey="071111071107110707">
    <MapTiles>
      <MapTile TileID="113" AltIDMod="0" />
    </MapTiles>
    <StaticTiles />
  </TransInfo>
  <TransInfo Description="Blue Tile to Large Dirt AC" HashKey="071111111107070707">
    <MapTiles>
      <MapTile TileID="113" AltIDMod="0" />
    </MapTiles>
    <StaticTiles />
  </TransInfo>
  <TransInfo Description="Blue Tile to Large Dirt AC" HashKey="071111071107070707">
    <MapTiles>
      <MapTile TileID="113" AltIDMod="0" />
    </MapTiles>
    <StaticTiles />
  </TransInfo>
  <TransInfo Description="Blue Tile to Large Dirt AC" HashKey="071107111111110711">
    <MapTiles>
      <MapTile TileID="113" AltIDMod="0" />
    </MapTiles>
    <StaticTiles />
  </TransInfo>
  <TransInfo Description="Blue Tile to Large Dirt AC" HashKey="071107071111110711">
    <MapTiles>
      <MapTile TileID="113" AltIDMod="0" />
    </MapTiles>
    <StaticTiles />
  </TransInfo>
  <TransInfo Description="Blue Tile to Large Dirt AC" HashKey="071107111111070711">
    <MapTiles>
      <MapTile TileID="113" AltIDMod="0" />
    </MapTiles>
    <StaticTiles />
  </TransInfo>
  <TransInfo Description="Blue Tile to Large Dirt AC" HashKey="071107071111070711">
    <MapTiles>
      <MapTile TileID="113" AltIDMod="0" />
    </MapTiles>
    <StaticTiles />
  </TransInfo>
  <TransInfo Description="Blue Tile to Large Dirt AC" HashKey="071107071111111107">
    <MapTiles>
      <MapTile TileID="113" AltIDMod="0" />
    </MapTiles>
    <StaticTiles />
  </TransInfo>
  <TransInfo Description="Blue Tile to Large Dirt AC" HashKey="071107111111071107">
    <MapTiles>
      <MapTile TileID="113" AltIDMod="0" />
    </MapTiles>
    <StaticTiles />
  </TransInfo>
  <TransInfo Description="Blue Tile to Large Dirt AC" HashKey="071107071111071107">
    <MapTiles>
      <MapTile TileID="113" AltIDMod="0" />
    </MapTiles>
    <StaticTiles />
  </TransInfo>
  <TransInfo Description="Blue Tile to Large Dirt AC" HashKey="071107111111110707">
    <MapTiles>
      <MapTile TileID="113" AltIDMod="0" />
    </MapTiles>
    <StaticTiles />
  </TransInfo>
  <TransInfo Description="Blue Tile to Large Dirt AC" HashKey="071107071111110707">
    <MapTiles>
      <MapTile TileID="113" AltIDMod="0" />
    </MapTiles>
    <StaticTiles />
  </TransInfo>
  <TransInfo Description="Blue Tile to Large Dirt AC" HashKey="071107111111070707">
    <MapTiles>
      <MapTile TileID="113" AltIDMod="0" />
    </MapTiles>
    <StaticTiles />
  </TransInfo>
  <TransInfo Description="Blue Tile to Large Dirt AC" HashKey="071107071111070707">
    <MapTiles>
      <MapTile TileID="113" AltIDMod="0" />
    </MapTiles>
    <StaticTiles />
  </TransInfo>
  <TransInfo Description="Blue Tile to Large Dirt AC" HashKey="071107071107111111">
    <MapTiles>
      <MapTile TileID="113" AltIDMod="0" />
    </MapTiles>
    <StaticTiles />
  </TransInfo>
  <TransInfo Description="Blue Tile to Large Dirt AC" HashKey="071107111107071111">
    <MapTiles>
      <MapTile TileID="113" AltIDMod="0" />
    </MapTiles>
    <StaticTiles />
  </TransInfo>
  <TransInfo Description="Blue Tile to Large Dirt AC" HashKey="071107071107071111">
    <MapTiles>
      <MapTile TileID="113" AltIDMod="0" />
    </MapTiles>
    <StaticTiles />
  </TransInfo>
  <TransInfo Description="Blue Tile to Large Dirt AC" HashKey="071107111107110711">
    <MapTiles>
      <MapTile TileID="113" AltIDMod="0" />
    </MapTiles>
    <StaticTiles />
  </TransInfo>
  <TransInfo Description="Blue Tile to Large Dirt AC" HashKey="071107071107110711">
    <MapTiles>
      <MapTile TileID="113" AltIDMod="0" />
    </MapTiles>
    <StaticTiles />
  </TransInfo>
  <TransInfo Description="Blue Tile to Large Dirt AC" HashKey="071107111107070711">
    <MapTiles>
      <MapTile TileID="113" AltIDMod="0" />
    </MapTiles>
    <StaticTiles />
  </TransInfo>
  <TransInfo Description="Blue Tile to Large Dirt AC" HashKey="071107071107070711">
    <MapTiles>
      <MapTile TileID="113" AltIDMod="0" />
    </MapTiles>
    <StaticTiles />
  </TransInfo>
  <TransInfo Description="Blue Tile to Large Dirt AC" HashKey="071107071107111107">
    <MapTiles>
      <MapTile TileID="113" AltIDMod="0" />
    </MapTiles>
    <StaticTiles />
  </TransInfo>
  <TransInfo Description="Blue Tile to Large Dirt AC" HashKey="071107111107071107">
    <MapTiles>
      <MapTile TileID="113" AltIDMod="0" />
    </MapTiles>
    <StaticTiles />
  </TransInfo>
  <TransInfo Description="Blue Tile to Large Dirt AC" HashKey="071107071107071107">
    <MapTiles>
      <MapTile TileID="113" AltIDMod="0" />
    </MapTiles>
    <StaticTiles />
  </TransInfo>
  <TransInfo Description="Blue Tile to Large Dirt AC" HashKey="071107111107110707">
    <MapTiles>
      <MapTile TileID="113" AltIDMod="0" />
    </MapTiles>
    <StaticTiles />
  </TransInfo>
  <TransInfo Description="Blue Tile to Large Dirt AC" HashKey="071107071107110707">
    <MapTiles>
      <MapTile TileID="113" AltIDMod="0" />
    </MapTiles>
    <StaticTiles />
  </TransInfo>
  <TransInfo Description="Blue Tile to Large Dirt AC" HashKey="071107111107070707">
    <MapTiles>
      <MapTile TileID="113" AltIDMod="0" />
    </MapTiles>
    <StaticTiles />
  </TransInfo>
  <TransInfo Description="Blue Tile to Large Dirt AC" HashKey="071107071107070707">
    <MapTiles>
      <MapTile TileID="113" AltIDMod="0" />
    </MapTiles>
    <StaticTiles />
  </TransInfo>
  <TransInfo Description="Blue Tile to Large Dirt AC" HashKey="070711111111110711">
    <MapTiles>
      <MapTile TileID="113" AltIDMod="0" />
    </MapTiles>
    <StaticTiles />
  </TransInfo>
  <TransInfo Description="Blue Tile to Large Dirt AC" HashKey="070711071111110711">
    <MapTiles>
      <MapTile TileID="113" AltIDMod="0" />
    </MapTiles>
    <StaticTiles />
  </TransInfo>
  <TransInfo Description="Blue Tile to Large Dirt AC" HashKey="070711111111070711">
    <MapTiles>
      <MapTile TileID="113" AltIDMod="0" />
    </MapTiles>
    <StaticTiles />
  </TransInfo>
  <TransInfo Description="Blue Tile to Large Dirt AC" HashKey="070711071111070711">
    <MapTiles>
      <MapTile TileID="113" AltIDMod="0" />
    </MapTiles>
    <StaticTiles />
  </TransInfo>
  <TransInfo Description="Blue Tile to Large Dirt AC" HashKey="070711071111111107">
    <MapTiles>
      <MapTile TileID="113" AltIDMod="0" />
    </MapTiles>
    <StaticTiles />
  </TransInfo>
  <TransInfo Description="Blue Tile to Large Dirt AC" HashKey="070711111111071107">
    <MapTiles>
      <MapTile TileID="113" AltIDMod="0" />
    </MapTiles>
    <StaticTiles />
  </TransInfo>
  <TransInfo Description="Blue Tile to Large Dirt AC" HashKey="070711071111071107">
    <MapTiles>
      <MapTile TileID="113" AltIDMod="0" />
    </MapTiles>
    <StaticTiles />
  </TransInfo>
  <TransInfo Description="Blue Tile to Large Dirt AC" HashKey="070711111111110707">
    <MapTiles>
      <MapTile TileID="113" AltIDMod="0" />
    </MapTiles>
    <StaticTiles />
  </TransInfo>
  <TransInfo Description="Blue Tile to Large Dirt AC" HashKey="070711071111110707">
    <MapTiles>
      <MapTile TileID="113" AltIDMod="0" />
    </MapTiles>
    <StaticTiles />
  </TransInfo>
  <TransInfo Description="Blue Tile to Large Dirt AC" HashKey="070711111111070707">
    <MapTiles>
      <MapTile TileID="113" AltIDMod="0" />
    </MapTiles>
    <StaticTiles />
  </TransInfo>
  <TransInfo Description="Blue Tile to Large Dirt AC" HashKey="070711071111070707">
    <MapTiles>
      <MapTile TileID="113" AltIDMod="0" />
    </MapTiles>
    <StaticTiles />
  </TransInfo>
  <TransInfo Description="Blue Tile to Large Dirt AC" HashKey="070711071107111111">
    <MapTiles>
      <MapTile TileID="113" AltIDMod="0" />
    </MapTiles>
    <StaticTiles />
  </TransInfo>
  <TransInfo Description="Blue Tile to Large Dirt AC" HashKey="070711111107071111">
    <MapTiles>
      <MapTile TileID="113" AltIDMod="0" />
    </MapTiles>
    <StaticTiles />
  </TransInfo>
  <TransInfo Description="Blue Tile to Large Dirt AC" HashKey="070711071107071111">
    <MapTiles>
      <MapTile TileID="113" AltIDMod="0" />
    </MapTiles>
    <StaticTiles />
  </TransInfo>
  <TransInfo Description="Blue Tile to Large Dirt AC" HashKey="070711111107110711">
    <MapTiles>
      <MapTile TileID="113" AltIDMod="0" />
    </MapTiles>
    <StaticTiles />
  </TransInfo>
  <TransInfo Description="Blue Tile to Large Dirt AC" HashKey="070711071107110711">
    <MapTiles>
      <MapTile TileID="113" AltIDMod="0" />
    </MapTiles>
    <StaticTiles />
  </TransInfo>
  <TransInfo Description="Blue Tile to Large Dirt AC" HashKey="070711111107070711">
    <MapTiles>
      <MapTile TileID="113" AltIDMod="0" />
    </MapTiles>
    <StaticTiles />
  </TransInfo>
  <TransInfo Description="Blue Tile to Large Dirt AC" HashKey="070711071107070711">
    <MapTiles>
      <MapTile TileID="113" AltIDMod="0" />
    </MapTiles>
    <StaticTiles />
  </TransInfo>
  <TransInfo Description="Blue Tile to Large Dirt AC" HashKey="070711071107111107">
    <MapTiles>
      <MapTile TileID="113" AltIDMod="0" />
    </MapTiles>
    <StaticTiles />
  </TransInfo>
  <TransInfo Description="Blue Tile to Large Dirt AC" HashKey="070711111107071107">
    <MapTiles>
      <MapTile TileID="113" AltIDMod="0" />
    </MapTiles>
    <StaticTiles />
  </TransInfo>
  <TransInfo Description="Blue Tile to Large Dirt AC" HashKey="070711071107071107">
    <MapTiles>
      <MapTile TileID="113" AltIDMod="0" />
    </MapTiles>
    <StaticTiles />
  </TransInfo>
  <TransInfo Description="Blue Tile to Large Dirt AC" HashKey="070711111107110707">
    <MapTiles>
      <MapTile TileID="113" AltIDMod="0" />
    </MapTiles>
    <StaticTiles />
  </TransInfo>
  <TransInfo Description="Blue Tile to Large Dirt AC" HashKey="070711071107110707">
    <MapTiles>
      <MapTile TileID="113" AltIDMod="0" />
    </MapTiles>
    <StaticTiles />
  </TransInfo>
  <TransInfo Description="Blue Tile to Large Dirt AC" HashKey="070711111107070707">
    <MapTiles>
      <MapTile TileID="113" AltIDMod="0" />
    </MapTiles>
    <StaticTiles />
  </TransInfo>
  <TransInfo Description="Blue Tile to Large Dirt AC" HashKey="070711071107070707">
    <MapTiles>
      <MapTile TileID="113" AltIDMod="0" />
    </MapTiles>
    <StaticTiles />
  </TransInfo>
  <TransInfo Description="Blue Tile to Large Dirt AC" HashKey="070707111111110711">
    <MapTiles>
      <MapTile TileID="113" AltIDMod="0" />
    </MapTiles>
    <StaticTiles />
  </TransInfo>
  <TransInfo Description="Blue Tile to Large Dirt AC" HashKey="070707071111110711">
    <MapTiles>
      <MapTile TileID="113" AltIDMod="0" />
    </MapTiles>
    <StaticTiles />
  </TransInfo>
  <TransInfo Description="Blue Tile to Large Dirt AC" HashKey="070707111111070711">
    <MapTiles>
      <MapTile TileID="113" AltIDMod="0" />
    </MapTiles>
    <StaticTiles />
  </TransInfo>
  <TransInfo Description="Blue Tile to Large Dirt AC" HashKey="070707071111070711">
    <MapTiles>
      <MapTile TileID="113" AltIDMod="0" />
    </MapTiles>
    <StaticTiles />
  </TransInfo>
  <TransInfo Description="Blue Tile to Large Dirt AC" HashKey="070707071111111107">
    <MapTiles>
      <MapTile TileID="113" AltIDMod="0" />
    </MapTiles>
    <StaticTiles />
  </TransInfo>
  <TransInfo Description="Blue Tile to Large Dirt AC" HashKey="070707111111071107">
    <MapTiles>
      <MapTile TileID="113" AltIDMod="0" />
    </MapTiles>
    <StaticTiles />
  </TransInfo>
  <TransInfo Description="Blue Tile to Large Dirt AC" HashKey="070707071111071107">
    <MapTiles>
      <MapTile TileID="113" AltIDMod="0" />
    </MapTiles>
    <StaticTiles />
  </TransInfo>
  <TransInfo Description="Blue Tile to Large Dirt AC" HashKey="070707111111110707">
    <MapTiles>
      <MapTile TileID="113" AltIDMod="0" />
    </MapTiles>
    <StaticTiles />
  </TransInfo>
  <TransInfo Description="Blue Tile to Large Dirt AC" HashKey="070707071111110707">
    <MapTiles>
      <MapTile TileID="113" AltIDMod="0" />
    </MapTiles>
    <StaticTiles />
  </TransInfo>
  <TransInfo Description="Blue Tile to Large Dirt AC" HashKey="070707111111070707">
    <MapTiles>
      <MapTile TileID="113" AltIDMod="0" />
    </MapTiles>
    <StaticTiles />
  </TransInfo>
  <TransInfo Description="Blue Tile to Large Dirt AC" HashKey="070707071111070707">
    <MapTiles>
      <MapTile TileID="113" AltIDMod="0" />
    </MapTiles>
    <StaticTiles />
  </TransInfo>
  <TransInfo Description="Blue Tile to Large Dirt AC" HashKey="070707071107111111">
    <MapTiles>
      <MapTile TileID="113" AltIDMod="0" />
    </MapTiles>
    <StaticTiles />
  </TransInfo>
  <TransInfo Description="Blue Tile to Large Dirt AC" HashKey="070707111107071111">
    <MapTiles>
      <MapTile TileID="113" AltIDMod="0" />
    </MapTiles>
    <StaticTiles />
  </TransInfo>
  <TransInfo Description="Blue Tile to Large Dirt AC" HashKey="070707071107071111">
    <MapTiles>
      <MapTile TileID="113" AltIDMod="0" />
    </MapTiles>
    <StaticTiles />
  </TransInfo>
  <TransInfo Description="Blue Tile to Large Dirt AC" HashKey="070707111107110711">
    <MapTiles>
      <MapTile TileID="113" AltIDMod="0" />
    </MapTiles>
    <StaticTiles />
  </TransInfo>
  <TransInfo Description="Blue Tile to Large Dirt AC" HashKey="070707071107110711">
    <MapTiles>
      <MapTile TileID="113" AltIDMod="0" />
    </MapTiles>
    <StaticTiles />
  </TransInfo>
  <TransInfo Description="Blue Tile to Large Dirt AC" HashKey="070707111107070711">
    <MapTiles>
      <MapTile TileID="113" AltIDMod="0" />
    </MapTiles>
    <StaticTiles />
  </TransInfo>
  <TransInfo Description="Blue Tile to Large Dirt AC" HashKey="070707071107070711">
    <MapTiles>
      <MapTile TileID="113" AltIDMod="0" />
    </MapTiles>
    <StaticTiles />
  </TransInfo>
  <TransInfo Description="Blue Tile to Large Dirt AC" HashKey="070707071107111107">
    <MapTiles>
      <MapTile TileID="113" AltIDMod="0" />
    </MapTiles>
    <StaticTiles />
  </TransInfo>
  <TransInfo Description="Blue Tile to Large Dirt AC" HashKey="070707111107071107">
    <MapTiles>
      <MapTile TileID="113" AltIDMod="0" />
    </MapTiles>
    <StaticTiles />
  </TransInfo>
  <TransInfo Description="Blue Tile to Large Dirt AC" HashKey="070707071107071107">
    <MapTiles>
      <MapTile TileID="113" AltIDMod="0" />
    </MapTiles>
    <StaticTiles />
  </TransInfo>
  <TransInfo Description="Blue Tile to Large Dirt AC" HashKey="070707111107110707">
    <MapTiles>
      <MapTile TileID="113" AltIDMod="0" />
    </MapTiles>
    <StaticTiles />
  </TransInfo>
  <TransInfo Description="Blue Tile to Large Dirt AC" HashKey="070707071107110707">
    <MapTiles>
      <MapTile TileID="113" AltIDMod="0" />
    </MapTiles>
    <StaticTiles />
  </TransInfo>
  <TransInfo Description="Blue Tile to Large Dirt AC" HashKey="070707111107070707">
    <MapTiles>
      <MapTile TileID="113" AltIDMod="0" />
    </MapTiles>
    <StaticTiles />
  </TransInfo>
  <TransInfo Description="Blue Tile to Large Dirt AC" HashKey="070707071107070707">
    <MapTiles>
      <MapTile TileID="113" AltIDMod="0" />
    </MapTiles>
    <StaticTiles />
  </TransInfo>
  <TransInfo Description="Blue Tile to Large Dirt IWE" HashKey="071111111111111107">
    <MapTiles>
      <MapTile TileID="113" AltIDMod="0" />
    </MapTiles>
    <StaticTiles />
  </TransInfo>
  <TransInfo Description="Blue Tile to Large Dirt INS" HashKey="111107111111071111">
    <MapTiles>
      <MapTile TileID="113" AltIDMod="0" />
    </MapTiles>
    <StaticTiles />
  </TransInfo>
</Trans>