﻿<?xml version="1.0" encoding="utf-8"?>
<Trans>
  <TransInfo Description="Cobblestones To Grass Without Static" HashKey="183E181818183E1818">
    <MapTiles>
      <MapTile TileID="1666" AltIDMod="0" />
    </MapTiles>
    <StaticTiles />
  </TransInfo>
  <TransInfo Description="Cobblestones To Grass Without Static" HashKey="3E183E3E1818181818">
    <MapTiles>
      <MapTile TileID="1666" AltIDMod="0" />
    </MapTiles>
    <StaticTiles />
  </TransInfo>
  <TransInfo Description="Cobblestones To Grass Without Static" HashKey="18183E3E18183E1818">
    <MapTiles>
      <MapTile TileID="1666" AltIDMod="0" />
    </MapTiles>
    <StaticTiles />
  </TransInfo>
  <TransInfo Description="Cobblestones To Grass Without Static" HashKey="3E18183E18183E1818">
    <MapTiles>
      <MapTile TileID="1662" AltIDMod="0" />
    </MapTiles>
    <StaticTiles />
  </TransInfo>
  <TransInfo Description="Cobblestones To Grass Without Static" HashKey="1818183E1818181818">
    <MapTiles>
      <MapTile TileID="1662" AltIDMod="0" />
    </MapTiles>
    <StaticTiles />
  </TransInfo>
  <TransInfo Description="Cobblestones To Grass Without Static" HashKey="18181818183E3E3E3E">
    <MapTiles>
      <MapTile TileID="1665" AltIDMod="0" />
    </MapTiles>
    <StaticTiles />
  </TransInfo>
  <TransInfo Description="Cobblestones To Grass Without Static" HashKey="18183E18183E3E1818">
    <MapTiles>
      <MapTile TileID="1665" AltIDMod="0" />
    </MapTiles>
    <StaticTiles />
  </TransInfo>
  <TransInfo Description="Cobblestones To Grass Without Static" HashKey="3E3E3E181818181818">
    <MapTiles>
      <MapTile TileID="1661" AltIDMod="0" />
    </MapTiles>
    <StaticTiles />
  </TransInfo>
  <TransInfo Description="Cobblestones To Grass Without Static" HashKey="181818181818183E3E">
    <MapTiles>
      <MapTile TileID="1664" AltIDMod="0" />
    </MapTiles>
    <StaticTiles />
  </TransInfo>
  <TransInfo Description="Cobblestones To Grass Without Static" HashKey="183E18181818181818">
    <MapTiles>
      <MapTile TileID="1661" AltIDMod="0" />
    </MapTiles>
    <StaticTiles />
  </TransInfo>
  <TransInfo Description="Cobblestones To Grass Without Static" HashKey="1818183E18183E183E">
    <MapTiles>
      <MapTile TileID="1667" AltIDMod="0" />
    </MapTiles>
    <StaticTiles />
  </TransInfo>
  <TransInfo Description="Cobblestones To Grass Without Static" HashKey="183E3E181818181818">
    <MapTiles>
      <MapTile TileID="1661" AltIDMod="0" />
    </MapTiles>
    <StaticTiles />
  </TransInfo>
  <TransInfo Description="Cobblestones To Grass Without Static" HashKey="18183E18183E183E3E">
    <MapTiles>
      <MapTile TileID="1665" AltIDMod="0" />
    </MapTiles>
    <StaticTiles />
  </TransInfo>
  <TransInfo Description="Cobblestones To Grass Without Static" HashKey="18183E18183E183E18">
    <MapTiles>
      <MapTile TileID="1665" AltIDMod="0" />
    </MapTiles>
    <StaticTiles />
  </TransInfo>
  <TransInfo Description="Cobblestones To Grass Without Static" HashKey="18183E1818183E3E18">
    <MapTiles>
      <MapTile TileID="1665" AltIDMod="0" />
    </MapTiles>
    <StaticTiles />
  </TransInfo>
  <TransInfo Description="Cobblestones To Grass Without Static" HashKey="3E18181818183E3E18">
    <MapTiles>
      <MapTile TileID="1667" AltIDMod="0" />
    </MapTiles>
    <StaticTiles />
  </TransInfo>
  <TransInfo Description="Cobblestones To Grass Without Static" HashKey="1818183E18183E3E3E">
    <MapTiles>
      <MapTile TileID="1667" AltIDMod="0" />
    </MapTiles>
    <StaticTiles />
  </TransInfo>
  <TransInfo Description="Cobblestones To Grass Without Static" HashKey="3E183E1818183E1818">
    <MapTiles>
      <MapTile TileID="1666" AltIDMod="0" />
    </MapTiles>
    <StaticTiles />
  </TransInfo>
  <TransInfo Description="Cobblestones To Grass Without Static" HashKey="3E3E1818183E181818">
    <MapTiles>
      <MapTile TileID="1668" AltIDMod="0" />
    </MapTiles>
    <StaticTiles />
  </TransInfo>
  <TransInfo Description="Cobblestones To Grass Without Static" HashKey="18181818183E183E18">
    <MapTiles>
      <MapTile TileID="1665" AltIDMod="0" />
    </MapTiles>
    <StaticTiles />
  </TransInfo>
  <TransInfo Description="Cobblestones To Grass Without Static" HashKey="183E3E18183E181818">
    <MapTiles>
      <MapTile TileID="1668" AltIDMod="0" />
    </MapTiles>
    <StaticTiles />
  </TransInfo>
  <TransInfo Description="Cobblestones To Grass Without Static" HashKey="18183E181818181818">
    <MapTiles>
      <MapTile TileID="1671" AltIDMod="0" />
    </MapTiles>
    <StaticTiles />
  </TransInfo>
  <TransInfo Description="Cobblestones To Grass Without Static" HashKey="3E183E18183E18183E">
    <MapTiles>
      <MapTile TileID="1668" AltIDMod="0" />
    </MapTiles>
    <StaticTiles />
  </TransInfo>
  <TransInfo Description="Cobblestones To Grass Without Static" HashKey="3E3E1818181818183E">
    <MapTiles>
      <MapTile TileID="1668" AltIDMod="0" />
    </MapTiles>
    <StaticTiles />
  </TransInfo>
  <TransInfo Description="Cobblestones To Grass Without Static" HashKey="183E3E18181818183E">
    <MapTiles>
      <MapTile TileID="1668" AltIDMod="0" />
    </MapTiles>
    <StaticTiles />
  </TransInfo>
  <TransInfo Description="Cobblestones To Grass Without Static" HashKey="18181818183E18183E">
    <MapTiles>
      <MapTile TileID="1663" AltIDMod="0" />
    </MapTiles>
    <StaticTiles />
  </TransInfo>
  <TransInfo Description="Cobblestones To Grass Without Static" HashKey="3E3E183E18183E1818">
    <MapTiles>
      <MapTile TileID="1666" AltIDMod="0" />
    </MapTiles>
    <StaticTiles />
  </TransInfo>
  <TransInfo Description="Cobblestones To Grass Without Static" HashKey="3E18183E1818181818">
    <MapTiles>
      <MapTile TileID="1662" AltIDMod="0" />
    </MapTiles>
    <StaticTiles />
  </TransInfo>
  <TransInfo Description="Cobblestones To Grass Without Static" HashKey="3E183E18181818183E">
    <MapTiles>
      <MapTile TileID="1668" AltIDMod="0" />
    </MapTiles>
    <StaticTiles />
  </TransInfo>
  <TransInfo Description="Cobblestones To Grass Without Static" HashKey="18183E18183E181818">
    <MapTiles>
      <MapTile TileID="1663" AltIDMod="0" />
    </MapTiles>
    <StaticTiles />
  </TransInfo>
  <TransInfo Description="Cobblestones To Grass Without Static" HashKey="3E18183E1818183E18">
    <MapTiles>
      <MapTile TileID="1667" AltIDMod="0" />
    </MapTiles>
    <StaticTiles />
  </TransInfo>
  <TransInfo Description="Cobblestones To Grass Without Static" HashKey="3E181818183E181818">
    <MapTiles>
      <MapTile TileID="1668" AltIDMod="0" />
    </MapTiles>
    <StaticTiles />
  </TransInfo>
  <TransInfo Description="Cobblestones To Grass Without Static" HashKey="3E18181818183E1818">
    <MapTiles>
      <MapTile TileID="1662" AltIDMod="0" />
    </MapTiles>
    <StaticTiles />
  </TransInfo>
  <TransInfo Description="Cobblestones To Grass Without Static" HashKey="18183E3E1818181818">
    <MapTiles>
      <MapTile TileID="1666" AltIDMod="0" />
    </MapTiles>
    <StaticTiles />
  </TransInfo>
  <TransInfo Description="Cobblestones To Grass Without Static" HashKey="3E18183E18183E3E18">
    <MapTiles>
      <MapTile TileID="1667" AltIDMod="0" />
    </MapTiles>
    <StaticTiles />
  </TransInfo>
  <TransInfo Description="Cobblestones To Grass Without Static" HashKey="1818183E1818183E18">
    <MapTiles>
      <MapTile TileID="1667" AltIDMod="0" />
    </MapTiles>
    <StaticTiles />
  </TransInfo>
  <TransInfo Description="Cobblestones To Grass Without Static" HashKey="3E18183E181818183E">
    <MapTiles>
      <MapTile TileID="1667" AltIDMod="0" />
    </MapTiles>
    <StaticTiles />
  </TransInfo>
  <TransInfo Description="Cobblestones To Grass Without Static" HashKey="18183E18183E3E3E18">
    <MapTiles>
      <MapTile TileID="1665" AltIDMod="0" />
    </MapTiles>
    <StaticTiles />
  </TransInfo>
  <TransInfo Description="Cobblestones To Grass Without Static" HashKey="18183E18183E18183E">
    <MapTiles>
      <MapTile TileID="1663" AltIDMod="0" />
    </MapTiles>
    <StaticTiles />
  </TransInfo>
  <TransInfo Description="Cobblestones To Grass Without Static" HashKey="18183E1818183E183E">
    <MapTiles>
      <MapTile TileID="1665" AltIDMod="0" />
    </MapTiles>
    <StaticTiles />
  </TransInfo>
  <TransInfo Description="Cobblestones To Grass Without Static" HashKey="3E18183E18183E183E">
    <MapTiles>
      <MapTile TileID="1667" AltIDMod="0" />
    </MapTiles>
    <StaticTiles />
  </TransInfo>
  <TransInfo Description="Cobblestones To Grass Without Static" HashKey="3E18181818183E183E">
    <MapTiles>
      <MapTile TileID="1667" AltIDMod="0" />
    </MapTiles>
    <StaticTiles />
  </TransInfo>
  <TransInfo Description="Cobblestones To Grass Without Static" HashKey="1818183E181818183E">
    <MapTiles>
      <MapTile TileID="1667" AltIDMod="0" />
    </MapTiles>
    <StaticTiles />
  </TransInfo>
  <TransInfo Description="Cobblestones To Grass Without Static" HashKey="3E1818181818181818">
    <MapTiles>
      <MapTile TileID="1669" AltIDMod="0" />
    </MapTiles>
    <StaticTiles />
  </TransInfo>
  <TransInfo Description="Cobblestones To Grass Without Static" HashKey="18183E181818183E18">
    <MapTiles>
      <MapTile TileID="1665" AltIDMod="0" />
    </MapTiles>
    <StaticTiles />
  </TransInfo>
  <TransInfo Description="Cobblestones To Grass Without Static" HashKey="18183E18183E3E183E">
    <MapTiles>
      <MapTile TileID="1665" AltIDMod="0" />
    </MapTiles>
    <StaticTiles />
  </TransInfo>
  <TransInfo Description="Cobblestones To Grass Without Static" HashKey="3E3E3E18181818183E">
    <MapTiles>
      <MapTile TileID="1668" AltIDMod="0" />
    </MapTiles>
    <StaticTiles />
  </TransInfo>
  <TransInfo Description="Cobblestones To Grass Without Static" HashKey="1818181818183E1818">
    <MapTiles>
      <MapTile TileID="1672" AltIDMod="0" />
    </MapTiles>
    <StaticTiles />
  </TransInfo>
  <TransInfo Description="Cobblestones To Grass Without Static" HashKey="3E18183E18183E3E3E">
    <MapTiles>
      <MapTile TileID="1667" AltIDMod="0" />
    </MapTiles>
    <StaticTiles />
  </TransInfo>
  <TransInfo Description="Cobblestones To Grass Without Static" HashKey="1818183E1818183E3E">
    <MapTiles>
      <MapTile TileID="1667" AltIDMod="0" />
    </MapTiles>
    <StaticTiles />
  </TransInfo>
  <TransInfo Description="Cobblestones To Grass Without Static" HashKey="3E183E181818181818">
    <MapTiles>
      <MapTile TileID="1661" AltIDMod="0" />
    </MapTiles>
    <StaticTiles />
  </TransInfo>
  <TransInfo Description="Cobblestones To Grass Without Static" HashKey="183E1818181818183E">
    <MapTiles>
      <MapTile TileID="1668" AltIDMod="0" />
    </MapTiles>
    <StaticTiles />
  </TransInfo>
  <TransInfo Description="Cobblestones To Grass Without Static" HashKey="18183E18183E3E3E3E">
    <MapTiles>
      <MapTile TileID="1665" AltIDMod="0" />
    </MapTiles>
    <StaticTiles />
  </TransInfo>
  <TransInfo Description="Cobblestones To Grass Without Static" HashKey="183E3E3E18183E1818">
    <MapTiles>
      <MapTile TileID="1666" AltIDMod="0" />
    </MapTiles>
    <StaticTiles />
  </TransInfo>
  <TransInfo Description="Cobblestones To Grass Without Static" HashKey="3E181818183E18183E">
    <MapTiles>
      <MapTile TileID="1668" AltIDMod="0" />
    </MapTiles>
    <StaticTiles />
  </TransInfo>
  <TransInfo Description="Cobblestones To Grass Without Static" HashKey="18183E181818183E3E">
    <MapTiles>
      <MapTile TileID="1665" AltIDMod="0" />
    </MapTiles>
    <StaticTiles />
  </TransInfo>
  <TransInfo Description="Cobblestones To Grass Without Static" HashKey="3E18183E1818183E3E">
    <MapTiles>
      <MapTile TileID="1667" AltIDMod="0" />
    </MapTiles>
    <StaticTiles />
  </TransInfo>
  <TransInfo Description="Cobblestones To Grass Without Static" HashKey="18181818183E3E3E18">
    <MapTiles>
      <MapTile TileID="1665" AltIDMod="0" />
    </MapTiles>
    <StaticTiles />
  </TransInfo>
  <TransInfo Description="Cobblestones To Grass Without Static" HashKey="1818183E18183E3E18">
    <MapTiles>
      <MapTile TileID="1667" AltIDMod="0" />
    </MapTiles>
    <StaticTiles />
  </TransInfo>
  <TransInfo Description="Cobblestones To Grass Without Static" HashKey="3E3E3E3E18183E1818">
    <MapTiles>
      <MapTile TileID="1666" AltIDMod="0" />
    </MapTiles>
    <StaticTiles />
  </TransInfo>
  <TransInfo Description="Cobblestones To Grass Without Static" HashKey="18183E1818183E3E3E">
    <MapTiles>
      <MapTile TileID="1665" AltIDMod="0" />
    </MapTiles>
    <StaticTiles />
  </TransInfo>
  <TransInfo Description="Cobblestones To Grass Without Static" HashKey="181818181818183E18">
    <MapTiles>
      <MapTile TileID="1664" AltIDMod="0" />
    </MapTiles>
    <StaticTiles />
  </TransInfo>
  <TransInfo Description="Cobblestones To Grass Without Static" HashKey="3E18181818183E3E3E">
    <MapTiles>
      <MapTile TileID="1667" AltIDMod="0" />
    </MapTiles>
    <StaticTiles />
  </TransInfo>
  <TransInfo Description="Cobblestones To Grass Without Static" HashKey="3E3E183E1818181818">
    <MapTiles>
      <MapTile TileID="1666" AltIDMod="0" />
    </MapTiles>
    <StaticTiles />
  </TransInfo>
  <TransInfo Description="Cobblestones To Grass Without Static" HashKey="183E3E3E1818181818">
    <MapTiles>
      <MapTile TileID="1666" AltIDMod="0" />
    </MapTiles>
    <StaticTiles />
  </TransInfo>
  <TransInfo Description="Cobblestones To Grass Without Static" HashKey="3E3E1818183E18183E">
    <MapTiles>
      <MapTile TileID="1668" AltIDMod="0" />
    </MapTiles>
    <StaticTiles />
  </TransInfo>
  <TransInfo Description="Cobblestones To Grass Without Static" HashKey="183E183E18183E1818">
    <MapTiles>
      <MapTile TileID="1666" AltIDMod="0" />
    </MapTiles>
    <StaticTiles />
  </TransInfo>
  <TransInfo Description="Cobblestones To Grass Without Static" HashKey="183E3E18183E18183E">
    <MapTiles>
      <MapTile TileID="1668" AltIDMod="0" />
    </MapTiles>
    <StaticTiles />
  </TransInfo>
  <TransInfo Description="Cobblestones To Grass Without Static" HashKey="3E3E3E18183E181818">
    <MapTiles>
      <MapTile TileID="1668" AltIDMod="0" />
    </MapTiles>
    <StaticTiles />
  </TransInfo>
  <TransInfo Description="Cobblestones To Grass Without Static" HashKey="3E3E3E1818183E1818">
    <MapTiles>
      <MapTile TileID="1666" AltIDMod="0" />
    </MapTiles>
    <StaticTiles />
  </TransInfo>
  <TransInfo Description="Cobblestones To Grass Without Static" HashKey="3E3E18181818181818">
    <MapTiles>
      <MapTile TileID="1661" AltIDMod="0" />
    </MapTiles>
    <StaticTiles />
  </TransInfo>
  <TransInfo Description="Cobblestones To Grass Without Static" HashKey="18181818183E3E1818">
    <MapTiles>
      <MapTile TileID="1665" AltIDMod="0" />
    </MapTiles>
    <StaticTiles />
  </TransInfo>
  <TransInfo Description="Cobblestones To Grass Without Static" HashKey="18181818183E183E3E">
    <MapTiles>
      <MapTile TileID="1665" AltIDMod="0" />
    </MapTiles>
    <StaticTiles />
  </TransInfo>
  <TransInfo Description="Cobblestones To Grass Without Static" HashKey="3E3E3E18183E18183E">
    <MapTiles>
      <MapTile TileID="1668" AltIDMod="0" />
    </MapTiles>
    <StaticTiles />
  </TransInfo>
  <TransInfo Description="Cobblestones To Grass Without Static" HashKey="3E183E18183E181818">
    <MapTiles>
      <MapTile TileID="1668" AltIDMod="0" />
    </MapTiles>
    <StaticTiles />
  </TransInfo>
  <TransInfo Description="Cobblestones To Grass Without Static" HashKey="3E1818181818183E18">
    <MapTiles>
      <MapTile TileID="1667" AltIDMod="0" />
    </MapTiles>
    <StaticTiles />
  </TransInfo>
  <TransInfo Description="Cobblestones To Grass Without Static" HashKey="18181818183E181818">
    <MapTiles>
      <MapTile TileID="1663" AltIDMod="0" />
    </MapTiles>
    <StaticTiles />
  </TransInfo>
  <TransInfo Description="Cobblestones To Grass Without Static" HashKey="18181818183E3E183E">
    <MapTiles>
      <MapTile TileID="1665" AltIDMod="0" />
    </MapTiles>
    <StaticTiles />
  </TransInfo>
  <TransInfo Description="Cobblestones To Grass Without Static" HashKey="3E3E181818183E1818">
    <MapTiles>
      <MapTile TileID="1666" AltIDMod="0" />
    </MapTiles>
    <StaticTiles />
  </TransInfo>
  <TransInfo Description="Cobblestones To Grass Without Static" HashKey="1818181818183E3E18">
    <MapTiles>
      <MapTile TileID="1664" AltIDMod="0" />
    </MapTiles>
    <StaticTiles />
  </TransInfo>
  <TransInfo Description="Cobblestones To Grass Without Static" HashKey="183E3E1818183E1818">
    <MapTiles>
      <MapTile TileID="1666" AltIDMod="0" />
    </MapTiles>
    <StaticTiles />
  </TransInfo>
  <TransInfo Description="Cobblestones To Grass Without Static" HashKey="18183E18181818183E">
    <MapTiles>
      <MapTile TileID="1663" AltIDMod="0" />
    </MapTiles>
    <StaticTiles />
  </TransInfo>
  <TransInfo Description="Cobblestones To Grass Without Static" HashKey="18181818181818183E">
    <MapTiles>
      <MapTile TileID="1670" AltIDMod="0" />
    </MapTiles>
    <StaticTiles />
  </TransInfo>
  <TransInfo Description="Cobblestones To Grass Without Static" HashKey="3E183E3E18183E1818">
    <MapTiles>
      <MapTile TileID="1666" AltIDMod="0" />
    </MapTiles>
    <StaticTiles />
  </TransInfo>
  <TransInfo Description="Cobblestones To Grass Without Static" HashKey="3E3E3E3E1818181818">
    <MapTiles>
      <MapTile TileID="1666" AltIDMod="0" />
    </MapTiles>
    <StaticTiles />
  </TransInfo>
  <TransInfo Description="Cobblestones To Grass Without Static" HashKey="1818181818183E183E">
    <MapTiles>
      <MapTile TileID="1664" AltIDMod="0" />
    </MapTiles>
    <StaticTiles />
  </TransInfo>
  <TransInfo Description="Cobblestones To Grass Without Static" HashKey="1818183E18183E1818">
    <MapTiles>
      <MapTile TileID="1662" AltIDMod="0" />
    </MapTiles>
    <StaticTiles />
  </TransInfo>
  <TransInfo Description="Cobblestones To Grass Without Static" HashKey="3E1818181818183E3E">
    <MapTiles>
      <MapTile TileID="1667" AltIDMod="0" />
    </MapTiles>
    <StaticTiles />
  </TransInfo>
  <TransInfo Description="Cobblestones To Grass Without Static" HashKey="183E1818183E18183E">
    <MapTiles>
      <MapTile TileID="1668" AltIDMod="0" />
    </MapTiles>
    <StaticTiles />
  </TransInfo>
  <TransInfo Description="Cobblestones To Grass Without Static" HashKey="183E183E1818181818">
    <MapTiles>
      <MapTile TileID="1666" AltIDMod="0" />
    </MapTiles>
    <StaticTiles />
  </TransInfo>
  <TransInfo Description="Cobblestones To Grass Without Static" HashKey="1818181818183E3E3E">
    <MapTiles>
      <MapTile TileID="1664" AltIDMod="0" />
    </MapTiles>
    <StaticTiles />
  </TransInfo>
  <TransInfo Description="Cobblestones To Grass Without Static" HashKey="183E1818183E181818">
    <MapTiles>
      <MapTile TileID="1668" AltIDMod="0" />
    </MapTiles>
    <StaticTiles />
  </TransInfo>
</Trans>