﻿<?xml version="1.0" encoding="utf-8"?>
<Trans>
  <TransInfo Description="Shallow Water-Small Dirt-Dungeon Cave Without Static" HashKey="4A4A4A4A4A4A080806">
    <MapTiles>
      <MapTile TileID="606" AltIDMod="-5" />
      <MapTile TileID="607" AltIDMod="-5" />
    </MapTiles>
    <StaticTiles>
      <StaticTile TileID="6054" AltIDMod="-5" />
      <StaticTile TileID="6063" AltIDMod="-5" />
    </StaticTiles>
  </TransInfo>
  <TransInfo Description="Shallow Water-Small Dirt-Dungeon Cave Without Static" HashKey="0606064A4A084A4A08">
    <MapTiles>
      <MapTile TileID="581" AltIDMod="-10" />
      <MapTile TileID="582" AltIDMod="-10" />
      <MapTile TileID="583" AltIDMod="-10" />
      <MapTile TileID="584" AltIDMod="-10" />
      <MapTile TileID="585" AltIDMod="-10" />
    </MapTiles>
    <StaticTiles>
      <StaticTile TileID="6049" AltIDMod="-5" />
      <StaticTile TileID="6050" AltIDMod="-5" />
    </StaticTiles>
  </TransInfo>
  <TransInfo Description="Shallow Water-Small Dirt-Dungeon Cave Without Static" HashKey="06064A060608060608">
    <MapTiles>
      <MapTile TileID="81" AltIDMod="-15" />
    </MapTiles>
    <StaticTiles>
      <StaticTile TileID="6039" AltIDMod="-5" />
      <StaticTile TileID="6040" AltIDMod="-5" />
      <StaticTile TileID="6041" AltIDMod="-5" />
      <StaticTile TileID="6042" AltIDMod="-5" />
      <StaticTile TileID="6043" AltIDMod="-5" />
      <StaticTile TileID="6044" AltIDMod="-5" />
    </StaticTiles>
  </TransInfo>
  <TransInfo Description="Shallow Water-Small Dirt-Dungeon Cave Without Static" HashKey="0806060806064A0606">
    <MapTiles>
      <MapTile TileID="83" AltIDMod="-15" />
    </MapTiles>
    <StaticTiles>
      <StaticTile TileID="6039" AltIDMod="-5" />
      <StaticTile TileID="6040" AltIDMod="-5" />
      <StaticTile TileID="6041" AltIDMod="-5" />
      <StaticTile TileID="6042" AltIDMod="-5" />
      <StaticTile TileID="6043" AltIDMod="-5" />
      <StaticTile TileID="6044" AltIDMod="-5" />
    </StaticTiles>
  </TransInfo>
  <TransInfo Description="Shallow Water-Small Dirt-Dungeon Cave Without Static" HashKey="4A4A4A4A4A4A060808">
    <MapTiles>
      <MapTile TileID="609" AltIDMod="-15" />
    </MapTiles>
    <StaticTiles>
      <StaticTile TileID="6053" AltIDMod="-5" />
      <StaticTile TileID="6066" AltIDMod="-5" />
    </StaticTiles>
  </TransInfo>
  <TransInfo Description="Shallow Water-Small Dirt-Dungeon Cave Without Static" HashKey="4A4A4A4A4A4A060608">
    <MapTiles>
      <MapTile TileID="602" AltIDMod="-5" />
      <MapTile TileID="603" AltIDMod="-5" />
      <MapTile TileID="604" AltIDMod="-5" />
      <MapTile TileID="605" AltIDMod="-5" />
    </MapTiles>
    <StaticTiles>
      <StaticTile TileID="6047" AltIDMod="-5" />
      <StaticTile TileID="6048" AltIDMod="-5" />
    </StaticTiles>
  </TransInfo>
  <TransInfo Description="Shallow Water-Small Dirt-Dungeon Cave Without Static" HashKey="064A4A080808080808">
    <MapTiles>
      <MapTile TileID="117" AltIDMod="-9" />
      <MapTile TileID="118" AltIDMod="-9" />
      <MapTile TileID="119" AltIDMod="-9" />
      <MapTile TileID="120" AltIDMod="-9" />
    </MapTiles>
    <StaticTiles>
      <StaticTile TileID="6045" AltIDMod="-5" />
      <StaticTile TileID="6046" AltIDMod="-5" />
    </StaticTiles>
  </TransInfo>
  <TransInfo Description="Shallow Water-Small Dirt-Dungeon Cave Without Static" HashKey="08084A06064A06064A">
    <MapTiles>
      <MapTile TileID="77" AltIDMod="-15" />
    </MapTiles>
    <StaticTiles>
      <StaticTile TileID="6039" AltIDMod="-5" />
      <StaticTile TileID="6040" AltIDMod="-5" />
      <StaticTile TileID="6041" AltIDMod="-5" />
      <StaticTile TileID="6042" AltIDMod="-5" />
      <StaticTile TileID="6043" AltIDMod="-5" />
      <StaticTile TileID="6044" AltIDMod="-5" />
    </StaticTiles>
  </TransInfo>
  <TransInfo Description="Shallow Water-Small Dirt-Dungeon Cave Without Static" HashKey="08080608080608084A">
    <MapTiles>
      <MapTile TileID="141" AltIDMod="-10" />
    </MapTiles>
    <StaticTiles>
      <StaticTile TileID="6051" AltIDMod="-5" />
      <StaticTile TileID="6052" AltIDMod="-5" />
    </StaticTiles>
  </TransInfo>
  <TransInfo Description="Shallow Water-Small Dirt-Dungeon Cave Without Static" HashKey="4A08084A0808060606">
    <MapTiles>
      <MapTile TileID="145" AltIDMod="-2" />
      <MapTile TileID="145" AltIDMod="-3" />
    </MapTiles>
    <StaticTiles>
      <StaticTile TileID="6047" AltIDMod="-5" />
      <StaticTile TileID="6048" AltIDMod="-5" />
    </StaticTiles>
  </TransInfo>
  <TransInfo Description="Shallow Water-Small Dirt-Dungeon Cave Without Static" HashKey="0806064A4A4A4A4A4A">
    <MapTiles>
      <MapTile TileID="581" AltIDMod="-10" />
      <MapTile TileID="582" AltIDMod="-10" />
      <MapTile TileID="583" AltIDMod="-10" />
      <MapTile TileID="584" AltIDMod="-10" />
      <MapTile TileID="585" AltIDMod="-10" />
    </MapTiles>
    <StaticTiles>
      <StaticTile TileID="6049" AltIDMod="-5" />
      <StaticTile TileID="6050" AltIDMod="-5" />
    </StaticTiles>
  </TransInfo>
  <TransInfo Description="Shallow Water-Small Dirt-Dungeon Cave Without Static" HashKey="4A08084A0808060808">
    <MapTiles>
      <MapTile TileID="149" AltIDMod="-15" />
    </MapTiles>
    <StaticTiles>
      <StaticTile TileID="6053" AltIDMod="-5" />
      <StaticTile TileID="6066" AltIDMod="-5" />
    </StaticTiles>
  </TransInfo>
  <TransInfo Description="Shallow Water-Small Dirt-Dungeon Cave Without Static" HashKey="0808080808084A0606">
    <MapTiles>
      <MapTile TileID="145" AltIDMod="-5" />
    </MapTiles>
    <StaticTiles>
      <StaticTile TileID="6047" AltIDMod="-5" />
      <StaticTile TileID="6048" AltIDMod="-5" />
    </StaticTiles>
  </TransInfo>
  <TransInfo Description="Shallow Water-Small Dirt-Dungeon Cave Without Static" HashKey="4A0606080808080808">
    <MapTiles>
      <MapTile TileID="117" AltIDMod="-10" />
      <MapTile TileID="118" AltIDMod="-10" />
      <MapTile TileID="119" AltIDMod="-10" />
      <MapTile TileID="120" AltIDMod="-10" />
    </MapTiles>
    <StaticTiles>
      <StaticTile TileID="6049" AltIDMod="-5" />
      <StaticTile TileID="6050" AltIDMod="-5" />
    </StaticTiles>
  </TransInfo>
  <TransInfo Description="Shallow Water-Small Dirt-Dungeon Cave Without Static" HashKey="064A4A064A4A060808">
    <MapTiles>
      <MapTile TileID="581" AltIDMod="-10" />
      <MapTile TileID="582" AltIDMod="-10" />
      <MapTile TileID="583" AltIDMod="-10" />
      <MapTile TileID="584" AltIDMod="-10" />
      <MapTile TileID="585" AltIDMod="-10" />
    </MapTiles>
    <StaticTiles>
      <StaticTile TileID="6045" AltIDMod="-5" />
      <StaticTile TileID="6046" AltIDMod="-5" />
    </StaticTiles>
  </TransInfo>
  <TransInfo Description="Shallow Water-Small Dirt-Dungeon Cave Without Static" HashKey="4A4A064A4A064A4A08">
    <MapTiles>
      <MapTile TileID="607" AltIDMod="-10" />
      <MapTile TileID="608" AltIDMod="-10" />
      <MapTile TileID="609" AltIDMod="-10" />
    </MapTiles>
    <StaticTiles>
      <StaticTile TileID="6051" AltIDMod="-5" />
      <StaticTile TileID="6052" AltIDMod="-5" />
    </StaticTiles>
  </TransInfo>
  <TransInfo Description="Shallow Water-Small Dirt-Dungeon Cave Without Static" HashKey="064A4A084A4A084A4A">
    <MapTiles>
      <MapTile TileID="581" AltIDMod="-9" />
      <MapTile TileID="582" AltIDMod="-9" />
      <MapTile TileID="583" AltIDMod="-9" />
      <MapTile TileID="584" AltIDMod="-9" />
      <MapTile TileID="585" AltIDMod="-9" />
    </MapTiles>
    <StaticTiles>
      <StaticTile TileID="6055" AltIDMod="-5" />
      <StaticTile TileID="6065" AltIDMod="-5" />
    </StaticTiles>
  </TransInfo>
  <TransInfo Description="Shallow Water-Small Dirt-Dungeon Cave Without Static" HashKey="0808084A06064A0606">
    <MapTiles>
      <MapTile TileID="76" AltIDMod="-15" />
    </MapTiles>
    <StaticTiles>
      <StaticTile TileID="6039" AltIDMod="-5" />
      <StaticTile TileID="6040" AltIDMod="-5" />
      <StaticTile TileID="6041" AltIDMod="-5" />
      <StaticTile TileID="6042" AltIDMod="-5" />
      <StaticTile TileID="6043" AltIDMod="-5" />
      <StaticTile TileID="6044" AltIDMod="-5" />
    </StaticTiles>
  </TransInfo>
  <TransInfo Description="Shallow Water-Small Dirt-Dungeon Cave Without Static" HashKey="0606084A4A084A4A08">
    <MapTiles>
      <MapTile TileID="581" AltIDMod="-10" />
      <MapTile TileID="582" AltIDMod="-10" />
      <MapTile TileID="583" AltIDMod="-10" />
      <MapTile TileID="584" AltIDMod="-10" />
      <MapTile TileID="585" AltIDMod="-10" />
    </MapTiles>
    <StaticTiles>
      <StaticTile TileID="6049" AltIDMod="-5" />
      <StaticTile TileID="6050" AltIDMod="-5" />
    </StaticTiles>
  </TransInfo>
  <TransInfo Description="Shallow Water-Small Dirt-Dungeon Cave Without Static" HashKey="060606060606084A4A">
    <MapTiles>
      <MapTile TileID="82" AltIDMod="-15" />
    </MapTiles>
    <StaticTiles>
      <StaticTile TileID="6039" AltIDMod="-5" />
      <StaticTile TileID="6040" AltIDMod="-5" />
      <StaticTile TileID="6041" AltIDMod="-5" />
      <StaticTile TileID="6042" AltIDMod="-5" />
      <StaticTile TileID="6043" AltIDMod="-5" />
      <StaticTile TileID="6044" AltIDMod="-5" />
    </StaticTiles>
  </TransInfo>
  <TransInfo Description="Shallow Water-Small Dirt-Dungeon Cave Without Static" HashKey="080808080808064A4A">
    <MapTiles>
      <MapTile TileID="145" AltIDMod="-15" />
    </MapTiles>
    <StaticTiles>
      <StaticTile TileID="6053" AltIDMod="-5" />
      <StaticTile TileID="6066" AltIDMod="-5" />
    </StaticTiles>
  </TransInfo>
  <TransInfo Description="Shallow Water-Small Dirt-Dungeon Cave Without Static" HashKey="080808064A4A064A4A">
    <MapTiles>
      <MapTile TileID="581" AltIDMod="-10" />
      <MapTile TileID="582" AltIDMod="-10" />
      <MapTile TileID="583" AltIDMod="-10" />
      <MapTile TileID="584" AltIDMod="-10" />
      <MapTile TileID="585" AltIDMod="-10" />
    </MapTiles>
    <StaticTiles>
      <StaticTile TileID="6045" AltIDMod="-5" />
      <StaticTile TileID="6046" AltIDMod="-5" />
    </StaticTiles>
  </TransInfo>
  <TransInfo Description="Shallow Water-Small Dirt-Dungeon Cave Without Static" HashKey="084A4A084A4A080606">
    <MapTiles>
      <MapTile TileID="602" AltIDMod="-5" />
      <MapTile TileID="603" AltIDMod="-5" />
      <MapTile TileID="604" AltIDMod="-5" />
      <MapTile TileID="605" AltIDMod="-5" />
    </MapTiles>
    <StaticTiles>
      <StaticTile TileID="6047" AltIDMod="-5" />
      <StaticTile TileID="6048" AltIDMod="-5" />
    </StaticTiles>
  </TransInfo>
  <TransInfo Description="Shallow Water-Small Dirt-Dungeon Cave Without Static" HashKey="0606060606064A4A08">
    <MapTiles>
      <MapTile TileID="82" AltIDMod="-15" />
    </MapTiles>
    <StaticTiles>
      <StaticTile TileID="6039" AltIDMod="-5" />
      <StaticTile TileID="6040" AltIDMod="-5" />
      <StaticTile TileID="6041" AltIDMod="-5" />
      <StaticTile TileID="6042" AltIDMod="-5" />
      <StaticTile TileID="6043" AltIDMod="-5" />
      <StaticTile TileID="6044" AltIDMod="-5" />
    </StaticTiles>
  </TransInfo>
  <TransInfo Description="Shallow Water-Small Dirt-Dungeon Cave Without Static" HashKey="0606084A4A4A4A4A4A">
    <MapTiles>
      <MapTile TileID="581" AltIDMod="-10" />
      <MapTile TileID="582" AltIDMod="-10" />
      <MapTile TileID="583" AltIDMod="-10" />
      <MapTile TileID="584" AltIDMod="-10" />
      <MapTile TileID="585" AltIDMod="-10" />
    </MapTiles>
    <StaticTiles>
      <StaticTile TileID="6049" AltIDMod="-5" />
      <StaticTile TileID="6050" AltIDMod="-5" />
    </StaticTiles>
  </TransInfo>
  <TransInfo Description="Shallow Water-Small Dirt-Dungeon Cave Without Static" HashKey="4A4A4A060608060608">
    <MapTiles>
      <MapTile TileID="77" AltIDMod="-15" />
    </MapTiles>
    <StaticTiles>
      <StaticTile TileID="6039" AltIDMod="-5" />
      <StaticTile TileID="6040" AltIDMod="-5" />
      <StaticTile TileID="6041" AltIDMod="-5" />
      <StaticTile TileID="6042" AltIDMod="-5" />
      <StaticTile TileID="6043" AltIDMod="-5" />
      <StaticTile TileID="6044" AltIDMod="-5" />
    </StaticTiles>
  </TransInfo>
  <TransInfo Description="Shallow Water-Small Dirt-Dungeon Cave Without Static" HashKey="4A4A084A4A064A4A06">
    <MapTiles>
      <MapTile TileID="607" AltIDMod="-5" />
      <MapTile TileID="608" AltIDMod="-5" />
      <MapTile TileID="609" AltIDMod="-5" />
    </MapTiles>
    <StaticTiles>
      <StaticTile TileID="6051" AltIDMod="-5" />
      <StaticTile TileID="6052" AltIDMod="-5" />
    </StaticTiles>
  </TransInfo>
  <TransInfo Description="Shallow Water-Small Dirt-Dungeon Cave Without Static" HashKey="08080806064A06064A">
    <MapTiles>
      <MapTile TileID="77" AltIDMod="-15" />
    </MapTiles>
    <StaticTiles>
      <StaticTile TileID="6039" AltIDMod="-5" />
      <StaticTile TileID="6040" AltIDMod="-5" />
      <StaticTile TileID="6041" AltIDMod="-5" />
      <StaticTile TileID="6042" AltIDMod="-5" />
      <StaticTile TileID="6043" AltIDMod="-5" />
      <StaticTile TileID="6044" AltIDMod="-5" />
    </StaticTiles>
  </TransInfo>
  <TransInfo Description="Shallow Water-Small Dirt-Dungeon Cave Without Static" HashKey="084A4A084A4A064A4A">
    <MapTiles>
      <MapTile TileID="609" AltIDMod="-15" />
    </MapTiles>
    <StaticTiles>
      <StaticTile TileID="6053" AltIDMod="-5" />
      <StaticTile TileID="6066" AltIDMod="-5" />
    </StaticTiles>
  </TransInfo>
  <TransInfo Description="Shallow Water-Small Dirt-Dungeon Cave Without Static" HashKey="4A4A064A4A06080806">
    <MapTiles>
      <MapTile TileID="607" AltIDMod="-3" />
      <MapTile TileID="608" AltIDMod="-3" />
      <MapTile TileID="609" AltIDMod="-3" />
    </MapTiles>
    <StaticTiles>
      <StaticTile TileID="6051" AltIDMod="-5" />
      <StaticTile TileID="6052" AltIDMod="-5" />
    </StaticTiles>
  </TransInfo>
  <TransInfo Description="Shallow Water-Small Dirt-Dungeon Cave Without Static" HashKey="0606080606084A4A4A">
    <MapTiles>
      <MapTile TileID="78" AltIDMod="-15" />
    </MapTiles>
    <StaticTiles>
      <StaticTile TileID="6039" AltIDMod="-5" />
      <StaticTile TileID="6040" AltIDMod="-5" />
      <StaticTile TileID="6041" AltIDMod="-5" />
      <StaticTile TileID="6042" AltIDMod="-5" />
      <StaticTile TileID="6043" AltIDMod="-5" />
      <StaticTile TileID="6044" AltIDMod="-5" />
    </StaticTiles>
  </TransInfo>
  <TransInfo Description="Shallow Water-Small Dirt-Dungeon Cave Without Static" HashKey="0606080606084A4A08">
    <MapTiles>
      <MapTile TileID="78" AltIDMod="-15" />
    </MapTiles>
    <StaticTiles>
      <StaticTile TileID="6039" AltIDMod="-5" />
      <StaticTile TileID="6040" AltIDMod="-5" />
      <StaticTile TileID="6041" AltIDMod="-5" />
      <StaticTile TileID="6042" AltIDMod="-5" />
      <StaticTile TileID="6043" AltIDMod="-5" />
      <StaticTile TileID="6044" AltIDMod="-5" />
    </StaticTiles>
  </TransInfo>
  <TransInfo Description="Shallow Water-Small Dirt-Dungeon Cave Without Static" HashKey="08084A080806080806">
    <MapTiles>
      <MapTile TileID="141" AltIDMod="-5" />
    </MapTiles>
    <StaticTiles>
      <StaticTile TileID="6051" AltIDMod="-5" />
      <StaticTile TileID="6052" AltIDMod="-5" />
    </StaticTiles>
  </TransInfo>
  <TransInfo Description="Shallow Water-Small Dirt-Dungeon Cave Without Static" HashKey="080606080606084A4A">
    <MapTiles>
      <MapTile TileID="79" AltIDMod="-15" />
    </MapTiles>
    <StaticTiles>
      <StaticTile TileID="6039" AltIDMod="-5" />
      <StaticTile TileID="6040" AltIDMod="-5" />
      <StaticTile TileID="6041" AltIDMod="-5" />
      <StaticTile TileID="6042" AltIDMod="-5" />
      <StaticTile TileID="6043" AltIDMod="-5" />
      <StaticTile TileID="6044" AltIDMod="-5" />
    </StaticTiles>
  </TransInfo>
  <TransInfo Description="Shallow Water-Small Dirt-Dungeon Cave Without Static" HashKey="4A08084A06064A0606">
    <MapTiles>
      <MapTile TileID="76" AltIDMod="-15" />
    </MapTiles>
    <StaticTiles>
      <StaticTile TileID="6039" AltIDMod="-5" />
      <StaticTile TileID="6040" AltIDMod="-5" />
      <StaticTile TileID="6041" AltIDMod="-5" />
      <StaticTile TileID="6042" AltIDMod="-5" />
      <StaticTile TileID="6043" AltIDMod="-5" />
      <StaticTile TileID="6044" AltIDMod="-5" />
    </StaticTiles>
  </TransInfo>
  <TransInfo Description="Shallow Water-Small Dirt-Dungeon Cave Without Static" HashKey="08084A08084A080806">
    <MapTiles>
      <MapTile TileID="145" AltIDMod="-5" />
    </MapTiles>
    <StaticTiles>
      <StaticTile TileID="6054" AltIDMod="-5" />
      <StaticTile TileID="6063" AltIDMod="-5" />
    </StaticTiles>
  </TransInfo>
  <TransInfo Description="Shallow Water-Small Dirt-Dungeon Cave Without Static" HashKey="4A06064A0606080606">
    <MapTiles>
      <MapTile TileID="83" AltIDMod="-15" />
    </MapTiles>
    <StaticTiles>
      <StaticTile TileID="6039" AltIDMod="-5" />
      <StaticTile TileID="6040" AltIDMod="-5" />
      <StaticTile TileID="6041" AltIDMod="-5" />
      <StaticTile TileID="6042" AltIDMod="-5" />
      <StaticTile TileID="6043" AltIDMod="-5" />
      <StaticTile TileID="6044" AltIDMod="-5" />
    </StaticTiles>
  </TransInfo>
  <TransInfo Description="Shallow Water-Small Dirt-Dungeon Cave Without Static" HashKey="0806060806064A4A4A">
    <MapTiles>
      <MapTile TileID="79" AltIDMod="-15" />
    </MapTiles>
    <StaticTiles>
      <StaticTile TileID="6039" AltIDMod="-5" />
      <StaticTile TileID="6040" AltIDMod="-5" />
      <StaticTile TileID="6041" AltIDMod="-5" />
      <StaticTile TileID="6042" AltIDMod="-5" />
      <StaticTile TileID="6043" AltIDMod="-5" />
      <StaticTile TileID="6044" AltIDMod="-5" />
    </StaticTiles>
  </TransInfo>
  <TransInfo Description="Shallow Water-Small Dirt-Dungeon Cave Without Static" HashKey="0808064A4A064A4A06">
    <MapTiles>
      <MapTile TileID="607" AltIDMod="-3" />
      <MapTile TileID="608" AltIDMod="-3" />
      <MapTile TileID="609" AltIDMod="-3" />
    </MapTiles>
    <StaticTiles>
      <StaticTile TileID="6051" AltIDMod="-5" />
      <StaticTile TileID="6052" AltIDMod="-5" />
    </StaticTiles>
  </TransInfo>
  <TransInfo Description="Shallow Water-Small Dirt-Dungeon Cave Without Static" HashKey="084A4A060606060606">
    <MapTiles>
      <MapTile TileID="80" AltIDMod="-15" />
    </MapTiles>
    <StaticTiles>
      <StaticTile TileID="6039" AltIDMod="-5" />
      <StaticTile TileID="6040" AltIDMod="-5" />
      <StaticTile TileID="6041" AltIDMod="-5" />
      <StaticTile TileID="6042" AltIDMod="-5" />
      <StaticTile TileID="6043" AltIDMod="-5" />
      <StaticTile TileID="6044" AltIDMod="-5" />
    </StaticTiles>
  </TransInfo>
  <TransInfo Description="Shallow Water-Small Dirt-Dungeon Cave Without Static" HashKey="0808064A4A4A4A4A4A">
    <MapTiles>
      <MapTile TileID="581" AltIDMod="-10" />
      <MapTile TileID="582" AltIDMod="-10" />
      <MapTile TileID="583" AltIDMod="-10" />
      <MapTile TileID="584" AltIDMod="-10" />
      <MapTile TileID="585" AltIDMod="-10" />
    </MapTiles>
    <StaticTiles>
      <StaticTile TileID="6056" AltIDMod="-5" />
      <StaticTile TileID="6064" AltIDMod="-5" />
    </StaticTiles>
  </TransInfo>
  <TransInfo Description="Shallow Water-Small Dirt-Dungeon Cave Without Static" HashKey="0808080808084A4A06">
    <MapTiles>
      <MapTile TileID="145" AltIDMod="-5" />
    </MapTiles>
    <StaticTiles>
      <StaticTile TileID="6054" AltIDMod="-5" />
      <StaticTile TileID="6063" AltIDMod="-5" />
    </StaticTiles>
  </TransInfo>
  <TransInfo Description="Shallow Water-Small Dirt-Dungeon Cave Without Static" HashKey="4A4A084A4A084A4A06">
    <MapTiles>
      <MapTile TileID="606" AltIDMod="-5" />
      <MapTile TileID="607" AltIDMod="-5" />
    </MapTiles>
    <StaticTiles>
      <StaticTile TileID="6054" AltIDMod="-5" />
      <StaticTile TileID="6063" AltIDMod="-5" />
    </StaticTiles>
  </TransInfo>
  <TransInfo Description="Shallow Water-Small Dirt-Dungeon Cave Without Static" HashKey="06060606060608084A">
    <MapTiles>
      <MapTile TileID="82" AltIDMod="-15" />
    </MapTiles>
    <StaticTiles>
      <StaticTile TileID="6039" AltIDMod="-5" />
      <StaticTile TileID="6040" AltIDMod="-5" />
      <StaticTile TileID="6041" AltIDMod="-5" />
      <StaticTile TileID="6042" AltIDMod="-5" />
      <StaticTile TileID="6043" AltIDMod="-5" />
      <StaticTile TileID="6044" AltIDMod="-5" />
    </StaticTiles>
  </TransInfo>
  <TransInfo Description="Shallow Water-Small Dirt-Dungeon Cave Without Static" HashKey="4A4A08060606060606">
    <MapTiles>
      <MapTile TileID="80" AltIDMod="-15" />
    </MapTiles>
    <StaticTiles>
      <StaticTile TileID="6039" AltIDMod="-5" />
      <StaticTile TileID="6040" AltIDMod="-5" />
      <StaticTile TileID="6041" AltIDMod="-5" />
      <StaticTile TileID="6042" AltIDMod="-5" />
      <StaticTile TileID="6043" AltIDMod="-5" />
      <StaticTile TileID="6044" AltIDMod="-5" />
    </StaticTiles>
  </TransInfo>
  <TransInfo Description="Shallow Water-Small Dirt-Dungeon Cave Without Static" HashKey="08084A08084A06064A">
    <MapTiles>
      <MapTile TileID="145" AltIDMod="-5" />
    </MapTiles>
    <StaticTiles>
      <StaticTile TileID="6047" AltIDMod="-5" />
      <StaticTile TileID="6048" AltIDMod="-5" />
    </StaticTiles>
  </TransInfo>
  <TransInfo Description="Shallow Water-Small Dirt-Dungeon Cave Without Static" HashKey="4A4A4A4A4A4A080606">
    <MapTiles>
      <MapTile TileID="602" AltIDMod="-5" />
      <MapTile TileID="603" AltIDMod="-5" />
      <MapTile TileID="604" AltIDMod="-5" />
      <MapTile TileID="605" AltIDMod="-5" />
    </MapTiles>
    <StaticTiles>
      <StaticTile TileID="6047" AltIDMod="-5" />
      <StaticTile TileID="6048" AltIDMod="-5" />
    </StaticTiles>
  </TransInfo>
  <TransInfo Description="Shallow Water-Small Dirt-Dungeon Cave Without Static" HashKey="0608080608084A0808">
    <MapTiles>
      <MapTile TileID="117" AltIDMod="-10" />
      <MapTile TileID="118" AltIDMod="-10" />
      <MapTile TileID="119" AltIDMod="-10" />
      <MapTile TileID="120" AltIDMod="-10" />
    </MapTiles>
    <StaticTiles>
      <StaticTile TileID="6045" AltIDMod="-5" />
      <StaticTile TileID="6046" AltIDMod="-5" />
    </StaticTiles>
  </TransInfo>
  <TransInfo Description="Shallow Water-Small Dirt-Dungeon Cave Without Static" HashKey="084A4A064A4A064A4A">
    <MapTiles>
      <MapTile TileID="581" AltIDMod="-5" />
      <MapTile TileID="582" AltIDMod="-5" />
      <MapTile TileID="583" AltIDMod="-5" />
      <MapTile TileID="584" AltIDMod="-5" />
      <MapTile TileID="585" AltIDMod="-5" />
    </MapTiles>
    <StaticTiles>
      <StaticTile TileID="6045" AltIDMod="-5" />
      <StaticTile TileID="6046" AltIDMod="-5" />
    </StaticTiles>
  </TransInfo>
  <TransInfo Description="Shallow Water-Small Dirt-Dungeon Cave Without Static" HashKey="4A06064A0606080808">
    <MapTiles>
      <MapTile TileID="79" AltIDMod="-15" />
    </MapTiles>
    <StaticTiles>
      <StaticTile TileID="6039" AltIDMod="-5" />
      <StaticTile TileID="6040" AltIDMod="-5" />
      <StaticTile TileID="6041" AltIDMod="-5" />
      <StaticTile TileID="6042" AltIDMod="-5" />
      <StaticTile TileID="6043" AltIDMod="-5" />
      <StaticTile TileID="6044" AltIDMod="-5" />
    </StaticTiles>
  </TransInfo>
  <TransInfo Description="Shallow Water-Small Dirt-Dungeon Cave Without Static" HashKey="060808064A4A064A4A">
    <MapTiles>
      <MapTile TileID="581" AltIDMod="-10" />
      <MapTile TileID="582" AltIDMod="-10" />
      <MapTile TileID="583" AltIDMod="-10" />
      <MapTile TileID="584" AltIDMod="-10" />
      <MapTile TileID="585" AltIDMod="-10" />
    </MapTiles>
    <StaticTiles>
      <StaticTile TileID="6045" AltIDMod="-5" />
      <StaticTile TileID="6046" AltIDMod="-5" />
    </StaticTiles>
  </TransInfo>
  <TransInfo Description="Shallow Water-Small Dirt-Dungeon Cave Without Static" HashKey="4A06064A06064A0808">
    <MapTiles>
      <MapTile TileID="79" AltIDMod="-15" />
    </MapTiles>
    <StaticTiles>
      <StaticTile TileID="6039" AltIDMod="-5" />
      <StaticTile TileID="6040" AltIDMod="-5" />
      <StaticTile TileID="6041" AltIDMod="-5" />
      <StaticTile TileID="6042" AltIDMod="-5" />
      <StaticTile TileID="6043" AltIDMod="-5" />
      <StaticTile TileID="6044" AltIDMod="-5" />
    </StaticTiles>
  </TransInfo>
  <TransInfo Description="Shallow Water-Small Dirt-Dungeon Cave Without Static" HashKey="06060806060806064A">
    <MapTiles>
      <MapTile TileID="81" AltIDMod="-15" />
    </MapTiles>
    <StaticTiles>
      <StaticTile TileID="6039" AltIDMod="-5" />
      <StaticTile TileID="6040" AltIDMod="-5" />
      <StaticTile TileID="6041" AltIDMod="-5" />
      <StaticTile TileID="6042" AltIDMod="-5" />
      <StaticTile TileID="6043" AltIDMod="-5" />
      <StaticTile TileID="6044" AltIDMod="-5" />
    </StaticTiles>
  </TransInfo>
  <TransInfo Description="Shallow Water-Small Dirt-Dungeon Cave Without Static" HashKey="08080608084A08084A">
    <MapTiles>
      <MapTile TileID="117" AltIDMod="-10" />
      <MapTile TileID="118" AltIDMod="-10" />
      <MapTile TileID="119" AltIDMod="-10" />
      <MapTile TileID="120" AltIDMod="-10" />
    </MapTiles>
    <StaticTiles>
      <StaticTile TileID="6056" AltIDMod="-5" />
      <StaticTile TileID="6064" AltIDMod="-5" />
    </StaticTiles>
  </TransInfo>
  <TransInfo Description="Shallow Water-Small Dirt-Dungeon Cave Without Static" HashKey="064A4A064A4A080808">
    <MapTiles>
      <MapTile TileID="581" AltIDMod="-10" />
      <MapTile TileID="582" AltIDMod="-10" />
      <MapTile TileID="583" AltIDMod="-10" />
      <MapTile TileID="584" AltIDMod="-10" />
      <MapTile TileID="585" AltIDMod="-10" />
    </MapTiles>
    <StaticTiles>
      <StaticTile TileID="6045" AltIDMod="-5" />
      <StaticTile TileID="6046" AltIDMod="-5" />
    </StaticTiles>
  </TransInfo>
  <TransInfo Description="Shallow Water-Small Dirt-Dungeon Cave Without Static" HashKey="060808060808064A4A">
    <MapTiles>
      <MapTile TileID="117" AltIDMod="-10" />
      <MapTile TileID="118" AltIDMod="-10" />
      <MapTile TileID="119" AltIDMod="-10" />
      <MapTile TileID="120" AltIDMod="-10" />
    </MapTiles>
    <StaticTiles>
      <StaticTile TileID="6045" AltIDMod="-5" />
      <StaticTile TileID="6046" AltIDMod="-5" />
    </StaticTiles>
  </TransInfo>
  <TransInfo Description="Shallow Water-Small Dirt-Dungeon Cave Without Static" HashKey="0808084A4A064A4A06">
    <MapTiles>
      <MapTile TileID="607" AltIDMod="-5" />
      <MapTile TileID="608" AltIDMod="-5" />
      <MapTile TileID="609" AltIDMod="-5" />
    </MapTiles>
    <StaticTiles>
      <StaticTile TileID="6051" AltIDMod="-5" />
      <StaticTile TileID="6052" AltIDMod="-5" />
    </StaticTiles>
  </TransInfo>
  <TransInfo Description="Shallow Water-Small Dirt-Dungeon Cave Without Static" HashKey="4A08084A08084A0606">
    <MapTiles>
      <MapTile TileID="145" AltIDMod="-5" />
    </MapTiles>
    <StaticTiles>
      <StaticTile TileID="6047" AltIDMod="-5" />
      <StaticTile TileID="6048" AltIDMod="-5" />
    </StaticTiles>
  </TransInfo>
  <TransInfo Description="Shallow Water-Small Dirt-Dungeon Cave Without Static" HashKey="4A0808060808060808">
    <MapTiles>
      <MapTile TileID="117" AltIDMod="-10" />
      <MapTile TileID="118" AltIDMod="-10" />
      <MapTile TileID="119" AltIDMod="-10" />
      <MapTile TileID="120" AltIDMod="-10" />
    </MapTiles>
    <StaticTiles>
      <StaticTile TileID="6045" AltIDMod="-5" />
      <StaticTile TileID="6046" AltIDMod="-5" />
    </StaticTiles>
  </TransInfo>
  <TransInfo Description="Shallow Water-Small Dirt-Dungeon Cave Without Static" HashKey="4A0808060606060606">
    <MapTiles>
      <MapTile TileID="80" AltIDMod="-15" />
    </MapTiles>
    <StaticTiles>
      <StaticTile TileID="6039" AltIDMod="-5" />
      <StaticTile TileID="6040" AltIDMod="-5" />
      <StaticTile TileID="6041" AltIDMod="-5" />
      <StaticTile TileID="6042" AltIDMod="-5" />
      <StaticTile TileID="6043" AltIDMod="-5" />
      <StaticTile TileID="6044" AltIDMod="-5" />
    </StaticTiles>
  </TransInfo>
  <TransInfo Description="Shallow Water-Small Dirt-Dungeon Cave Without Static" HashKey="084A4A084A4A060606">
    <MapTiles>
      <MapTile TileID="602" AltIDMod="-2" />
      <MapTile TileID="603" AltIDMod="-2" />
      <MapTile TileID="604" AltIDMod="-3" />
      <MapTile TileID="605" AltIDMod="-3" />
    </MapTiles>
    <StaticTiles>
      <StaticTile TileID="6047" AltIDMod="-5" />
      <StaticTile TileID="6048" AltIDMod="-5" />
    </StaticTiles>
  </TransInfo>
  <TransInfo Description="Shallow Water-Small Dirt-Dungeon Cave Without Static" HashKey="4A4A4A080806080806">
    <MapTiles>
      <MapTile TileID="141" AltIDMod="-5" />
    </MapTiles>
    <StaticTiles>
      <StaticTile TileID="6051" AltIDMod="-5" />
      <StaticTile TileID="6052" AltIDMod="-5" />
    </StaticTiles>
  </TransInfo>
  <TransInfo Description="Shallow Water-Small Dirt-Dungeon Cave Without Static" HashKey="08084A060606060606">
    <MapTiles>
      <MapTile TileID="80" AltIDMod="-15" />
    </MapTiles>
    <StaticTiles>
      <StaticTile TileID="6039" AltIDMod="-5" />
      <StaticTile TileID="6040" AltIDMod="-5" />
      <StaticTile TileID="6041" AltIDMod="-5" />
      <StaticTile TileID="6042" AltIDMod="-5" />
      <StaticTile TileID="6043" AltIDMod="-5" />
      <StaticTile TileID="6044" AltIDMod="-5" />
    </StaticTiles>
  </TransInfo>
  <TransInfo Description="Shallow Water-Small Dirt-Dungeon Cave Without Static" HashKey="4A4A084A4A08060606">
    <MapTiles>
      <MapTile TileID="602" AltIDMod="-2" />
      <MapTile TileID="603" AltIDMod="-2" />
      <MapTile TileID="604" AltIDMod="-3" />
      <MapTile TileID="605" AltIDMod="-3" />
    </MapTiles>
    <StaticTiles>
      <StaticTile TileID="6047" AltIDMod="-5" />
      <StaticTile TileID="6048" AltIDMod="-5" />
    </StaticTiles>
  </TransInfo>
  <TransInfo Description="Shallow Water-Small Dirt-Dungeon Cave Without Static" HashKey="06060608084A08084A">
    <MapTiles>
      <MapTile TileID="117" AltIDMod="-10" />
      <MapTile TileID="118" AltIDMod="-10" />
      <MapTile TileID="119" AltIDMod="-10" />
      <MapTile TileID="120" AltIDMod="-10" />
    </MapTiles>
    <StaticTiles>
      <StaticTile TileID="6049" AltIDMod="-5" />
      <StaticTile TileID="6050" AltIDMod="-5" />
    </StaticTiles>
  </TransInfo>
  <TransInfo Description="Shallow Water-Small Dirt-Dungeon Cave Without Static" HashKey="4A4A4A060808060808">
    <MapTiles>
      <MapTile TileID="117" AltIDMod="-10" />
      <MapTile TileID="118" AltIDMod="-10" />
      <MapTile TileID="119" AltIDMod="-10" />
      <MapTile TileID="120" AltIDMod="-10" />
    </MapTiles>
    <StaticTiles>
      <StaticTile TileID="6045" AltIDMod="-5" />
      <StaticTile TileID="6046" AltIDMod="-5" />
    </StaticTiles>
  </TransInfo>
  <TransInfo Description="Shallow Water-Small Dirt-Dungeon Cave Without Static" HashKey="08080808080806064A">
    <MapTiles>
      <MapTile TileID="145" AltIDMod="-5" />
    </MapTiles>
    <StaticTiles>
      <StaticTile TileID="6047" AltIDMod="-5" />
      <StaticTile TileID="6048" AltIDMod="-5" />
    </StaticTiles>
  </TransInfo>
  <TransInfo Description="Shallow Water-Small Dirt-Dungeon Cave Without Static" HashKey="06064A080808080808">
    <MapTiles>
      <MapTile TileID="117" AltIDMod="-10" />
      <MapTile TileID="118" AltIDMod="-10" />
      <MapTile TileID="119" AltIDMod="-10" />
      <MapTile TileID="120" AltIDMod="-10" />
    </MapTiles>
    <StaticTiles>
      <StaticTile TileID="6049" AltIDMod="-5" />
      <StaticTile TileID="6050" AltIDMod="-5" />
    </StaticTiles>
  </TransInfo>
  <TransInfo Description="Shallow Water-Small Dirt-Dungeon Cave Without Static" HashKey="4A4A084A4A08060608">
    <MapTiles>
      <MapTile TileID="602" AltIDMod="-5" />
      <MapTile TileID="603" AltIDMod="-5" />
      <MapTile TileID="604" AltIDMod="-5" />
      <MapTile TileID="605" AltIDMod="-5" />
    </MapTiles>
    <StaticTiles>
      <StaticTile TileID="6047" AltIDMod="-5" />
      <StaticTile TileID="6048" AltIDMod="-5" />
    </StaticTiles>
  </TransInfo>
  <TransInfo Description="Shallow Water-Small Dirt-Dungeon Cave Without Static" HashKey="0608080608084A4A4A">
    <MapTiles>
      <MapTile TileID="117" AltIDMod="-10" />
      <MapTile TileID="118" AltIDMod="-10" />
      <MapTile TileID="119" AltIDMod="-10" />
      <MapTile TileID="120" AltIDMod="-10" />
    </MapTiles>
    <StaticTiles>
      <StaticTile TileID="6045" AltIDMod="-5" />
      <StaticTile TileID="6046" AltIDMod="-5" />
    </StaticTiles>
  </TransInfo>
  <TransInfo Description="Shallow Water-Small Dirt-Dungeon Cave Without Static" HashKey="0608084A4A4A4A4A4A">
    <MapTiles>
      <MapTile TileID="581" AltIDMod="-9" />
      <MapTile TileID="582" AltIDMod="-9" />
      <MapTile TileID="583" AltIDMod="-9" />
      <MapTile TileID="584" AltIDMod="-9" />
      <MapTile TileID="585" AltIDMod="-9" />
    </MapTiles>
    <StaticTiles>
      <StaticTile TileID="6055" AltIDMod="-5" />
      <StaticTile TileID="6065" AltIDMod="-5" />
    </StaticTiles>
  </TransInfo>
  <TransInfo Description="Shallow Water-Small Dirt-Dungeon Cave Without Static" HashKey="4A4A08060608060608">
    <MapTiles>
      <MapTile TileID="77" AltIDMod="-15" />
    </MapTiles>
    <StaticTiles>
      <StaticTile TileID="6039" AltIDMod="-5" />
      <StaticTile TileID="6040" AltIDMod="-5" />
      <StaticTile TileID="6041" AltIDMod="-5" />
      <StaticTile TileID="6042" AltIDMod="-5" />
      <StaticTile TileID="6043" AltIDMod="-5" />
      <StaticTile TileID="6044" AltIDMod="-5" />
    </StaticTiles>
  </TransInfo>
  <TransInfo Description="Shallow Water-Small Dirt-Dungeon Cave Without Static" HashKey="4A4A064A4A06080808">
    <MapTiles>
      <MapTile TileID="607" AltIDMod="-10" />
      <MapTile TileID="608" AltIDMod="-10" />
      <MapTile TileID="609" AltIDMod="-10" />
    </MapTiles>
    <StaticTiles>
      <StaticTile TileID="6051" AltIDMod="-5" />
      <StaticTile TileID="6052" AltIDMod="-5" />
    </StaticTiles>
  </TransInfo>
  <TransInfo Description="Shallow Water-Small Dirt-Dungeon Cave Without Static" HashKey="080606084A4A084A4A">
    <MapTiles>
      <MapTile TileID="581" AltIDMod="-10" />
      <MapTile TileID="582" AltIDMod="-10" />
      <MapTile TileID="583" AltIDMod="-10" />
      <MapTile TileID="584" AltIDMod="-10" />
      <MapTile TileID="585" AltIDMod="-10" />
    </MapTiles>
    <StaticTiles>
      <StaticTile TileID="6049" AltIDMod="-5" />
      <StaticTile TileID="6050" AltIDMod="-5" />
    </StaticTiles>
  </TransInfo>
  <TransInfo Description="Shallow Water-Small Dirt-Dungeon Cave Without Static" HashKey="06064A06064A08084A">
    <MapTiles>
      <MapTile TileID="78" AltIDMod="-15" />
    </MapTiles>
    <StaticTiles>
      <StaticTile TileID="6039" AltIDMod="-5" />
      <StaticTile TileID="6040" AltIDMod="-5" />
      <StaticTile TileID="6041" AltIDMod="-5" />
      <StaticTile TileID="6042" AltIDMod="-5" />
      <StaticTile TileID="6043" AltIDMod="-5" />
      <StaticTile TileID="6044" AltIDMod="-5" />
    </StaticTiles>
  </TransInfo>
  <TransInfo Description="Shallow Water-Small Dirt-Dungeon Cave Without Static" HashKey="06064A06064A080808">
    <MapTiles>
      <MapTile TileID="78" AltIDMod="-15" />
    </MapTiles>
    <StaticTiles>
      <StaticTile TileID="6039" AltIDMod="-5" />
      <StaticTile TileID="6040" AltIDMod="-5" />
      <StaticTile TileID="6041" AltIDMod="-5" />
      <StaticTile TileID="6042" AltIDMod="-5" />
      <StaticTile TileID="6043" AltIDMod="-5" />
      <StaticTile TileID="6044" AltIDMod="-5" />
    </StaticTiles>
  </TransInfo>
  <TransInfo Description="Shallow Water-Small Dirt-Dungeon Cave Without Static" HashKey="08084A08084A060606">
    <MapTiles>
      <MapTile TileID="145" AltIDMod="-2" />
      <MapTile TileID="145" AltIDMod="-3" />
    </MapTiles>
    <StaticTiles>
      <StaticTile TileID="6047" AltIDMod="-5" />
      <StaticTile TileID="6048" AltIDMod="-5" />
    </StaticTiles>
  </TransInfo>
  <TransInfo Description="Shallow Water-Small Dirt-Dungeon Cave Without Static" HashKey="06064A06064A060608">
    <MapTiles>
      <MapTile TileID="81" AltIDMod="-15" />
    </MapTiles>
    <StaticTiles>
      <StaticTile TileID="6039" AltIDMod="-5" />
      <StaticTile TileID="6040" AltIDMod="-5" />
      <StaticTile TileID="6041" AltIDMod="-5" />
      <StaticTile TileID="6042" AltIDMod="-5" />
      <StaticTile TileID="6043" AltIDMod="-5" />
      <StaticTile TileID="6044" AltIDMod="-5" />
    </StaticTiles>
  </TransInfo>
  <TransInfo Description="Shallow Water-Small Dirt-Dungeon Cave Without Static" HashKey="0806064A06064A0606">
    <MapTiles>
      <MapTile TileID="83" AltIDMod="-15" />
    </MapTiles>
    <StaticTiles>
      <StaticTile TileID="6039" AltIDMod="-5" />
      <StaticTile TileID="6040" AltIDMod="-5" />
      <StaticTile TileID="6041" AltIDMod="-5" />
      <StaticTile TileID="6042" AltIDMod="-5" />
      <StaticTile TileID="6043" AltIDMod="-5" />
      <StaticTile TileID="6044" AltIDMod="-5" />
    </StaticTiles>
  </TransInfo>
  <TransInfo Description="Shallow Water-Small Dirt-Dungeon Cave Without Static" HashKey="0808060808064A4A06">
    <MapTiles>
      <MapTile TileID="141" AltIDMod="-3" />
    </MapTiles>
    <StaticTiles>
      <StaticTile TileID="6051" AltIDMod="-5" />
      <StaticTile TileID="6052" AltIDMod="-5" />
    </StaticTiles>
  </TransInfo>
  <TransInfo Description="Shallow Water-Small Dirt-Dungeon Cave Without Static" HashKey="060606084A4A084A4A">
    <MapTiles>
      <MapTile TileID="581" AltIDMod="-10" />
      <MapTile TileID="582" AltIDMod="-10" />
      <MapTile TileID="583" AltIDMod="-10" />
      <MapTile TileID="584" AltIDMod="-10" />
      <MapTile TileID="585" AltIDMod="-10" />
    </MapTiles>
    <StaticTiles>
      <StaticTile TileID="6049" AltIDMod="-5" />
      <StaticTile TileID="6050" AltIDMod="-5" />
    </StaticTiles>
  </TransInfo>
  <TransInfo Description="Shallow Water-Small Dirt-Dungeon Cave Without Static" HashKey="0808060808064A4A4A">
    <MapTiles>
      <MapTile TileID="141" AltIDMod="-10" />
    </MapTiles>
    <StaticTiles>
      <StaticTile TileID="6051" AltIDMod="-5" />
      <StaticTile TileID="6052" AltIDMod="-5" />
    </StaticTiles>
  </TransInfo>
  <TransInfo Description="Shallow Water-Small Dirt-Dungeon Cave Without Static" HashKey="0606060606064A0808">
    <MapTiles>
      <MapTile TileID="82" AltIDMod="-15" />
    </MapTiles>
    <StaticTiles>
      <StaticTile TileID="6039" AltIDMod="-5" />
      <StaticTile TileID="6040" AltIDMod="-5" />
      <StaticTile TileID="6041" AltIDMod="-5" />
      <StaticTile TileID="6042" AltIDMod="-5" />
      <StaticTile TileID="6043" AltIDMod="-5" />
    </StaticTiles>
  </TransInfo>
  <TransInfo Description="Shallow Water-Small Dirt-Dungeon Cave Without Static" HashKey="084A4A080606080606">
    <MapTiles>
      <MapTile TileID="76" AltIDMod="-15" />
    </MapTiles>
    <StaticTiles>
      <StaticTile TileID="6039" AltIDMod="-5" />
      <StaticTile TileID="6040" AltIDMod="-5" />
      <StaticTile TileID="6041" AltIDMod="-5" />
      <StaticTile TileID="6042" AltIDMod="-5" />
      <StaticTile TileID="6043" AltIDMod="-5" />
      <StaticTile TileID="6044" AltIDMod="-5" />
    </StaticTiles>
  </TransInfo>
  <TransInfo Description="Shallow Water-Small Dirt-Dungeon Cave Without Static" HashKey="06064A08084A08084A">
    <MapTiles>
      <MapTile TileID="117" AltIDMod="-10" />
      <MapTile TileID="118" AltIDMod="-10" />
      <MapTile TileID="119" AltIDMod="-10" />
      <MapTile TileID="120" AltIDMod="-10" />
    </MapTiles>
    <StaticTiles>
      <StaticTile TileID="6049" AltIDMod="-5" />
      <StaticTile TileID="6050" AltIDMod="-5" />
    </StaticTiles>
  </TransInfo>
  <TransInfo Description="Shallow Water-Small Dirt-Dungeon Cave Without Static" HashKey="0606064A08084A0808">
    <MapTiles>
      <MapTile TileID="117" AltIDMod="-10" />
      <MapTile TileID="118" AltIDMod="-10" />
      <MapTile TileID="119" AltIDMod="-10" />
      <MapTile TileID="120" AltIDMod="-10" />
    </MapTiles>
    <StaticTiles>
      <StaticTile TileID="6049" AltIDMod="-5" />
      <StaticTile TileID="6050" AltIDMod="-5" />
    </StaticTiles>
  </TransInfo>
  <TransInfo Description="Shallow Water-Small Dirt-Dungeon Cave Without Static" HashKey="064A4A064A4A084A4A">
    <MapTiles>
      <MapTile TileID="581" AltIDMod="-10" />
      <MapTile TileID="582" AltIDMod="-10" />
      <MapTile TileID="583" AltIDMod="-10" />
      <MapTile TileID="584" AltIDMod="-10" />
      <MapTile TileID="585" AltIDMod="-10" />
    </MapTiles>
    <StaticTiles>
      <StaticTile TileID="6045" AltIDMod="-5" />
      <StaticTile TileID="6046" AltIDMod="-5" />
    </StaticTiles>
  </TransInfo>
  <TransInfo Description="Shallow Water-Small Dirt-Dungeon Cave Without Static" HashKey="4A4A06080808080808">
    <MapTiles>
      <MapTile TileID="117" AltIDMod="-10" />
      <MapTile TileID="118" AltIDMod="-10" />
      <MapTile TileID="119" AltIDMod="-10" />
      <MapTile TileID="120" AltIDMod="-10" />
    </MapTiles>
    <StaticTiles>
      <StaticTile TileID="6056" AltIDMod="-5" />
      <StaticTile TileID="6064" AltIDMod="-5" />
    </StaticTiles>
  </TransInfo>
  <TransInfo Description="Shallow Water-Small Dirt-Dungeon Cave Without Static" HashKey="4A4A06080806080806">
    <MapTiles>
      <MapTile TileID="141" AltIDMod="-3" />
    </MapTiles>
    <StaticTiles>
      <StaticTile TileID="6051" AltIDMod="-5" />
      <StaticTile TileID="6052" AltIDMod="-5" />
    </StaticTiles>
  </TransInfo>
  <TransInfo Description="Shallow Water-Small Dirt-Dungeon Cave Without Static" HashKey="0608084A08084A0808">
    <MapTiles>
      <MapTile TileID="117" AltIDMod="-9" />
      <MapTile TileID="118" AltIDMod="-9" />
      <MapTile TileID="119" AltIDMod="-9" />
      <MapTile TileID="120" AltIDMod="-9" />
    </MapTiles>
    <StaticTiles>
      <StaticTile TileID="6055" AltIDMod="-5" />
      <StaticTile TileID="6065" AltIDMod="-5" />
    </StaticTiles>
  </TransInfo>
  <TransInfo Description="Shallow Water-Small Dirt-Dungeon Cave Without Static" HashKey="4A0606080606080606">
    <MapTiles>
      <MapTile TileID="83" AltIDMod="-15" />
    </MapTiles>
    <StaticTiles>
      <StaticTile TileID="6039" AltIDMod="-5" />
      <StaticTile TileID="6040" AltIDMod="-5" />
      <StaticTile TileID="6041" AltIDMod="-5" />
      <StaticTile TileID="6042" AltIDMod="-5" />
      <StaticTile TileID="6043" AltIDMod="-5" />
      <StaticTile TileID="6044" AltIDMod="-5" />
    </StaticTiles>
  </TransInfo>
  <TransInfo Description="Shallow Water-Small Dirt-Dungeon Cave Without Static" HashKey="4A4A4A080606080606">
    <MapTiles>
      <MapTile TileID="76" AltIDMod="-15" />
    </MapTiles>
    <StaticTiles>
      <StaticTile TileID="6039" AltIDMod="-5" />
      <StaticTile TileID="6040" AltIDMod="-5" />
      <StaticTile TileID="6041" AltIDMod="-5" />
      <StaticTile TileID="6042" AltIDMod="-5" />
      <StaticTile TileID="6043" AltIDMod="-5" />
      <StaticTile TileID="6044" AltIDMod="-5" />
    </StaticTiles>
  </TransInfo>
  <TransInfo Description="Shallow Water-Small Dirt-Dungeon Cave Without Static" HashKey="4A06064A08084A0808">
    <MapTiles>
      <MapTile TileID="117" AltIDMod="-10" />
      <MapTile TileID="118" AltIDMod="-10" />
      <MapTile TileID="119" AltIDMod="-10" />
      <MapTile TileID="120" AltIDMod="-10" />
    </MapTiles>
    <StaticTiles>
      <StaticTile TileID="6049" AltIDMod="-5" />
      <StaticTile TileID="6050" AltIDMod="-5" />
    </StaticTiles>
  </TransInfo>
  <TransInfo Description="Shallow Water-Small Dirt-Dungeon Cave Without Static" HashKey="064A4A060808060808">
    <MapTiles>
      <MapTile TileID="117" AltIDMod="-10" />
      <MapTile TileID="118" AltIDMod="-10" />
      <MapTile TileID="119" AltIDMod="-10" />
      <MapTile TileID="120" AltIDMod="-10" />
    </MapTiles>
    <StaticTiles>
      <StaticTile TileID="6045" AltIDMod="-5" />
      <StaticTile TileID="6046" AltIDMod="-5" />
    </StaticTiles>
  </TransInfo>
  <TransInfo Description="Shallow Water-Small Dirt-Dungeon Cave Without Static" HashKey="06060806064A06064A">
    <MapTiles>
      <MapTile TileID="81" AltIDMod="-15" />
    </MapTiles>
    <StaticTiles>
      <StaticTile TileID="6039" AltIDMod="-5" />
      <StaticTile TileID="6040" AltIDMod="-5" />
      <StaticTile TileID="6041" AltIDMod="-5" />
      <StaticTile TileID="6042" AltIDMod="-5" />
      <StaticTile TileID="6043" AltIDMod="-5" />
    </StaticTiles>
  </TransInfo>
  <TransInfo Description="Shallow Water-Small Dirt-Dungeon Cave Without Static" HashKey="4A4A064A4A084A4A08">
    <MapTiles>
      <MapTile TileID="581" AltIDMod="-10" />
      <MapTile TileID="582" AltIDMod="-10" />
      <MapTile TileID="583" AltIDMod="-10" />
      <MapTile TileID="584" AltIDMod="-10" />
      <MapTile TileID="585" AltIDMod="-10" />
    </MapTiles>
    <StaticTiles>
      <StaticTile TileID="6056" AltIDMod="-5" />
      <StaticTile TileID="6064" AltIDMod="-5" />
    </StaticTiles>
  </TransInfo>
</Trans>