﻿<?xml version="1.0" encoding="utf-8"?>
<Trans>
  <TransInfo Description="Sand To Sand Embankment" HashKey="525252520404040404">
    <MapTiles>
      <MapTile TileID="23" AltIDMod="0" />
    </MapTiles>
    <StaticTiles />
  </TransInfo>
  <TransInfo Description="Sand To Sand Embankment" HashKey="520452520452040404">
    <MapTiles>
      <MapTile TileID="22" AltIDMod="0" />
    </MapTiles>
    <StaticTiles />
  </TransInfo>
  <TransInfo Description="Sand To Sand Embankment" HashKey="045252040452520404">
    <MapTiles>
      <MapTile TileID="22" AltIDMod="0" />
    </MapTiles>
    <StaticTiles />
  </TransInfo>
  <TransInfo Description="Sand To Sand Embankment" HashKey="045204520404045204">
    <MapTiles>
      <MapTile TileID="22" AltIDMod="0" />
    </MapTiles>
    <StaticTiles />
  </TransInfo>
  <TransInfo Description="Sand To Sand Embankment" HashKey="520452520404040452">
    <MapTiles>
      <MapTile TileID="22" AltIDMod="0" />
    </MapTiles>
    <StaticTiles />
  </TransInfo>
  <TransInfo Description="Sand To Sand Embankment" HashKey="045204520452045252">
    <MapTiles>
      <MapTile TileID="22" AltIDMod="0" />
    </MapTiles>
    <StaticTiles />
  </TransInfo>
  <TransInfo Description="Sand To Sand Embankment" HashKey="525252040452040404">
    <MapTiles>
      <MapTile TileID="446" AltIDMod="0" />
    </MapTiles>
    <StaticTiles />
  </TransInfo>
  <TransInfo Description="Sand To Sand Embankment" HashKey="520452520452520452">
    <MapTiles>
      <MapTile TileID="22" AltIDMod="0" />
    </MapTiles>
    <StaticTiles />
  </TransInfo>
  <TransInfo Description="Sand To Sand Embankment" HashKey="045204520404040452">
    <MapTiles>
      <MapTile TileID="22" AltIDMod="0" />
    </MapTiles>
    <StaticTiles />
  </TransInfo>
  <TransInfo Description="Sand To Sand Embankment" HashKey="525252520452045204">
    <MapTiles>
      <MapTile TileID="22" AltIDMod="0" />
    </MapTiles>
    <StaticTiles />
  </TransInfo>
  <TransInfo Description="Sand To Sand Embankment" HashKey="525252040404040452">
    <MapTiles>
      <MapTile TileID="22" AltIDMod="0" />
    </MapTiles>
    <StaticTiles />
  </TransInfo>
  <TransInfo Description="Sand To Sand Embankment" HashKey="525204520452040404">
    <MapTiles>
      <MapTile TileID="22" AltIDMod="0" />
    </MapTiles>
    <StaticTiles />
  </TransInfo>
  <TransInfo Description="Sand To Sand Embankment" HashKey="525204040452045252">
    <MapTiles>
      <MapTile TileID="22" AltIDMod="0" />
    </MapTiles>
    <StaticTiles />
  </TransInfo>
  <TransInfo Description="Sand To Sand Embankment" HashKey="040452040404525204">
    <MapTiles>
      <MapTile TileID="447" AltIDMod="0" />
    </MapTiles>
    <StaticTiles />
  </TransInfo>
  <TransInfo Description="Sand To Sand Embankment" HashKey="520404520452520452">
    <MapTiles>
      <MapTile TileID="22" AltIDMod="0" />
    </MapTiles>
    <StaticTiles />
  </TransInfo>
  <TransInfo Description="Sand To Sand Embankment" HashKey="040452520452040404">
    <MapTiles>
      <MapTile TileID="22" AltIDMod="0" />
    </MapTiles>
    <StaticTiles />
  </TransInfo>
  <TransInfo Description="Sand To Sand Embankment" HashKey="525204040404040452">
    <MapTiles>
      <MapTile TileID="22" AltIDMod="0" />
    </MapTiles>
    <StaticTiles />
  </TransInfo>
  <TransInfo Description="Sand To Sand Embankment" HashKey="045252520404520452">
    <MapTiles>
      <MapTile TileID="22" AltIDMod="0" />
    </MapTiles>
    <StaticTiles />
  </TransInfo>
  <TransInfo Description="Sand To Sand Embankment" HashKey="045252040452045204">
    <MapTiles>
      <MapTile TileID="22" AltIDMod="0" />
    </MapTiles>
    <StaticTiles />
  </TransInfo>
  <TransInfo Description="Sand To Sand Embankment" HashKey="520452520404040404">
    <MapTiles>
      <MapTile TileID="23" AltIDMod="0" />
    </MapTiles>
    <StaticTiles />
  </TransInfo>
  <TransInfo Description="Sand To Sand Embankment" HashKey="045204040452045252">
    <MapTiles>
      <MapTile TileID="22" AltIDMod="0" />
    </MapTiles>
    <StaticTiles />
  </TransInfo>
  <TransInfo Description="Sand To Sand Embankment" HashKey="045252040404525252">
    <MapTiles>
      <MapTile TileID="22" AltIDMod="0" />
    </MapTiles>
    <StaticTiles />
  </TransInfo>
  <TransInfo Description="Sand To Sand Embankment" HashKey="520452520452520404">
    <MapTiles>
      <MapTile TileID="22" AltIDMod="0" />
    </MapTiles>
    <StaticTiles />
  </TransInfo>
  <TransInfo Description="Sand To Sand Embankment" HashKey="040404520404040452">
    <MapTiles>
      <MapTile TileID="22" AltIDMod="0" />
    </MapTiles>
    <StaticTiles />
  </TransInfo>
  <TransInfo Description="Sand To Sand Embankment" HashKey="045204040404525252">
    <MapTiles>
      <MapTile TileID="22" AltIDMod="0" />
    </MapTiles>
    <StaticTiles />
  </TransInfo>
  <TransInfo Description="Sand To Sand Embankment" HashKey="525252040404040404">
    <MapTiles>
      <MapTile TileID="24" AltIDMod="0" />
    </MapTiles>
    <StaticTiles />
  </TransInfo>
  <TransInfo Description="Sand To Sand Embankment" HashKey="525252520404525204">
    <MapTiles>
      <MapTile TileID="22" AltIDMod="0" />
    </MapTiles>
    <StaticTiles />
  </TransInfo>
  <TransInfo Description="Sand To Sand Embankment" HashKey="525252520452525252">
    <MapTiles>
      <MapTile TileID="22" AltIDMod="0" />
    </MapTiles>
    <StaticTiles />
  </TransInfo>
  <TransInfo Description="Sand To Sand Embankment" HashKey="520404520452045252">
    <MapTiles>
      <MapTile TileID="22" AltIDMod="0" />
    </MapTiles>
    <StaticTiles />
  </TransInfo>
  <TransInfo Description="Sand To Sand Embankment" HashKey="040404040404520404">
    <MapTiles>
      <MapTile TileID="24" AltIDMod="0" />
    </MapTiles>
    <StaticTiles />
  </TransInfo>
  <TransInfo Description="Sand To Sand Embankment" HashKey="525204520452045252">
    <MapTiles>
      <MapTile TileID="22" AltIDMod="0" />
    </MapTiles>
    <StaticTiles />
  </TransInfo>
  <TransInfo Description="Sand To Sand Embankment" HashKey="045252520452525252">
    <MapTiles>
      <MapTile TileID="22" AltIDMod="0" />
    </MapTiles>
    <StaticTiles />
  </TransInfo>
  <TransInfo Description="Sand To Sand Embankment" HashKey="520404040404525204">
    <MapTiles>
      <MapTile TileID="22" AltIDMod="0" />
    </MapTiles>
    <StaticTiles />
  </TransInfo>
  <TransInfo Description="Sand To Sand Embankment" HashKey="040452520452525252">
    <MapTiles>
      <MapTile TileID="22" AltIDMod="0" />
    </MapTiles>
    <StaticTiles />
  </TransInfo>
  <TransInfo Description="Sand To Sand Embankment" HashKey="045204040452045204">
    <MapTiles>
      <MapTile TileID="22" AltIDMod="0" />
    </MapTiles>
    <StaticTiles />
  </TransInfo>
  <TransInfo Description="Sand To Sand Embankment" HashKey="520404520404045252">
    <MapTiles>
      <MapTile TileID="22" AltIDMod="0" />
    </MapTiles>
    <StaticTiles />
  </TransInfo>
  <TransInfo Description="Sand To Sand Embankment" HashKey="520404520452040404">
    <MapTiles>
      <MapTile TileID="22" AltIDMod="0" />
    </MapTiles>
    <StaticTiles />
  </TransInfo>
  <TransInfo Description="Sand To Sand Embankment" HashKey="520404520404520452">
    <MapTiles>
      <MapTile TileID="22" AltIDMod="0" />
    </MapTiles>
    <StaticTiles />
  </TransInfo>
  <TransInfo Description="Sand To Sand Embankment" HashKey="520452520452045204">
    <MapTiles>
      <MapTile TileID="22" AltIDMod="0" />
    </MapTiles>
    <StaticTiles />
  </TransInfo>
  <TransInfo Description="Sand To Sand Embankment" HashKey="040404520404040404">
    <MapTiles>
      <MapTile TileID="25" AltIDMod="0" />
    </MapTiles>
    <StaticTiles />
  </TransInfo>
  <TransInfo Description="Sand To Sand Embankment" HashKey="045252040452520452">
    <MapTiles>
      <MapTile TileID="22" AltIDMod="0" />
    </MapTiles>
    <StaticTiles />
  </TransInfo>
  <TransInfo Description="Sand To Sand Embankment" HashKey="520452040452045204">
    <MapTiles>
      <MapTile TileID="22" AltIDMod="0" />
    </MapTiles>
    <StaticTiles />
  </TransInfo>
  <TransInfo Description="Sand To Sand Embankment" HashKey="520452520404525252">
    <MapTiles>
      <MapTile TileID="22" AltIDMod="0" />
    </MapTiles>
    <StaticTiles />
  </TransInfo>
  <TransInfo Description="Sand To Sand Embankment" HashKey="520404040452045252">
    <MapTiles>
      <MapTile TileID="22" AltIDMod="0" />
    </MapTiles>
    <StaticTiles />
  </TransInfo>
  <TransInfo Description="Sand To Sand Embankment" HashKey="520452040404525252">
    <MapTiles>
      <MapTile TileID="22" AltIDMod="0" />
    </MapTiles>
    <StaticTiles />
  </TransInfo>
  <TransInfo Description="Sand To Sand Embankment" HashKey="525252520404040452">
    <MapTiles>
      <MapTile TileID="22" AltIDMod="0" />
    </MapTiles>
    <StaticTiles />
  </TransInfo>
  <TransInfo Description="Sand To Sand Embankment" HashKey="525204520452045204">
    <MapTiles>
      <MapTile TileID="22" AltIDMod="0" />
    </MapTiles>
    <StaticTiles />
  </TransInfo>
  <TransInfo Description="Sand To Sand Embankment" HashKey="520452520452040452">
    <MapTiles>
      <MapTile TileID="22" AltIDMod="0" />
    </MapTiles>
    <StaticTiles />
  </TransInfo>
  <TransInfo Description="Sand To Sand Embankment" HashKey="525252040404525252">
    <MapTiles>
      <MapTile TileID="22" AltIDMod="0" />
    </MapTiles>
    <StaticTiles />
  </TransInfo>
  <TransInfo Description="Sand To Sand Embankment" HashKey="040452040452040404">
    <MapTiles>
      <MapTile TileID="446" AltIDMod="0" />
    </MapTiles>
    <StaticTiles />
  </TransInfo>
  <TransInfo Description="Sand To Sand Embankment" HashKey="525252520452040452">
    <MapTiles>
      <MapTile TileID="22" AltIDMod="0" />
    </MapTiles>
    <StaticTiles />
  </TransInfo>
  <TransInfo Description="Sand To Sand Embankment" HashKey="040452520452525204">
    <MapTiles>
      <MapTile TileID="22" AltIDMod="0" />
    </MapTiles>
    <StaticTiles />
  </TransInfo>
  <TransInfo Description="Sand To Sand Embankment" HashKey="525252040452040452">
    <MapTiles>
      <MapTile TileID="457" AltIDMod="0" />
      <MapTile TileID="458" AltIDMod="0" />
    </MapTiles>
    <StaticTiles />
  </TransInfo>
  <TransInfo Description="Sand To Sand Embankment" HashKey="045204520452040404">
    <MapTiles>
      <MapTile TileID="22" AltIDMod="0" />
    </MapTiles>
    <StaticTiles />
  </TransInfo>
  <TransInfo Description="Sand To Sand Embankment" HashKey="040452040452520452">
    <MapTiles>
      <MapTile TileID="447" AltIDMod="0" />
    </MapTiles>
    <StaticTiles />
  </TransInfo>
  <TransInfo Description="Sand To Sand Embankment" HashKey="040452040404045204">
    <MapTiles>
      <MapTile TileID="447" AltIDMod="0" />
    </MapTiles>
    <StaticTiles />
  </TransInfo>
  <TransInfo Description="Sand To Sand Embankment" HashKey="525252520452045252">
    <MapTiles>
      <MapTile TileID="22" AltIDMod="0" />
    </MapTiles>
    <StaticTiles />
  </TransInfo>
  <TransInfo Description="Sand To Sand Embankment" HashKey="040404040452040452">
    <MapTiles>
      <MapTile TileID="458" AltIDMod="0" />
      <MapTile TileID="457" AltIDMod="0" />
    </MapTiles>
    <StaticTiles />
  </TransInfo>
  <TransInfo Description="Sand To Sand Embankment" HashKey="520452520404525204">
    <MapTiles>
      <MapTile TileID="22" AltIDMod="0" />
    </MapTiles>
    <StaticTiles />
  </TransInfo>
  <TransInfo Description="Sand To Sand Embankment" HashKey="520404040452045204">
    <MapTiles>
      <MapTile TileID="22" AltIDMod="0" />
    </MapTiles>
    <StaticTiles />
  </TransInfo>
  <TransInfo Description="Sand To Sand Embankment" HashKey="040404520404525252">
    <MapTiles>
      <MapTile TileID="456" AltIDMod="0" />
      <MapTile TileID="459" AltIDMod="0" />
    </MapTiles>
    <StaticTiles />
  </TransInfo>
  <TransInfo Description="Sand To Sand Embankment" HashKey="045204040452040404">
    <MapTiles>
      <MapTile TileID="22" AltIDMod="0" />
    </MapTiles>
    <StaticTiles />
  </TransInfo>
  <TransInfo Description="Sand To Sand Embankment" HashKey="525252040404525204">
    <MapTiles>
      <MapTile TileID="22" AltIDMod="0" />
    </MapTiles>
    <StaticTiles />
  </TransInfo>
  <TransInfo Description="Sand To Sand Embankment" HashKey="040452520404525204">
    <MapTiles>
      <MapTile TileID="22" AltIDMod="0" />
    </MapTiles>
    <StaticTiles />
  </TransInfo>
  <TransInfo Description="Sand To Sand Embankment" HashKey="045252040452045252">
    <MapTiles>
      <MapTile TileID="22" AltIDMod="0" />
    </MapTiles>
    <StaticTiles />
  </TransInfo>
  <TransInfo Description="Sand To Sand Embankment" HashKey="045204520404525204">
    <MapTiles>
      <MapTile TileID="22" AltIDMod="0" />
    </MapTiles>
    <StaticTiles />
  </TransInfo>
  <TransInfo Description="Sand To Sand Embankment" HashKey="045204520452045204">
    <MapTiles>
      <MapTile TileID="22" AltIDMod="0" />
    </MapTiles>
    <StaticTiles />
  </TransInfo>
  <TransInfo Description="Sand To Sand Embankment" HashKey="040404520452040452">
    <MapTiles>
      <MapTile TileID="22" AltIDMod="0" />
    </MapTiles>
    <StaticTiles />
  </TransInfo>
  <TransInfo Description="Sand To Sand Embankment" HashKey="525204040404520452">
    <MapTiles>
      <MapTile TileID="22" AltIDMod="0" />
    </MapTiles>
    <StaticTiles />
  </TransInfo>
  <TransInfo Description="Sand To Sand Embankment" HashKey="045204040452520452">
    <MapTiles>
      <MapTile TileID="22" AltIDMod="0" />
    </MapTiles>
    <StaticTiles />
  </TransInfo>
  <TransInfo Description="Sand To Sand Embankment" HashKey="040452040452520404">
    <MapTiles>
      <MapTile TileID="447" AltIDMod="0" />
    </MapTiles>
    <StaticTiles />
  </TransInfo>
  <TransInfo Description="Sand To Sand Embankment" HashKey="520452040452520452">
    <MapTiles>
      <MapTile TileID="22" AltIDMod="0" />
    </MapTiles>
    <StaticTiles />
  </TransInfo>
  <TransInfo Description="Sand To Sand Embankment" HashKey="040404520404525204">
    <MapTiles>
      <MapTile TileID="445" AltIDMod="0" />
    </MapTiles>
    <StaticTiles />
  </TransInfo>
  <TransInfo Description="Sand To Sand Embankment" HashKey="045252040404045252">
    <MapTiles>
      <MapTile TileID="22" AltIDMod="0" />
    </MapTiles>
    <StaticTiles />
  </TransInfo>
  <TransInfo Description="Sand To Sand Embankment" HashKey="520452040404045252">
    <MapTiles>
      <MapTile TileID="22" AltIDMod="0" />
    </MapTiles>
    <StaticTiles />
  </TransInfo>
  <TransInfo Description="Sand To Sand Embankment" HashKey="525204520404040452">
    <MapTiles>
      <MapTile TileID="22" AltIDMod="0" />
    </MapTiles>
    <StaticTiles />
  </TransInfo>
  <TransInfo Description="Sand To Sand Embankment" HashKey="040452520452520404">
    <MapTiles>
      <MapTile TileID="22" AltIDMod="0" />
    </MapTiles>
    <StaticTiles />
  </TransInfo>
  <TransInfo Description="Sand To Sand Embankment" HashKey="040404040404045252">
    <MapTiles>
      <MapTile TileID="456" AltIDMod="0" />
      <MapTile TileID="459" AltIDMod="0" />
    </MapTiles>
    <StaticTiles />
  </TransInfo>
  <TransInfo Description="Sand To Sand Embankment" HashKey="520404520404040404">
    <MapTiles>
      <MapTile TileID="25" AltIDMod="0" />
    </MapTiles>
    <StaticTiles />
  </TransInfo>
  <TransInfo Description="Sand To Sand Embankment" HashKey="045204040404040404">
    <MapTiles>
      <MapTile TileID="24" AltIDMod="0" />
    </MapTiles>
    <StaticTiles />
  </TransInfo>
  <TransInfo Description="Sand To Sand Embankment" HashKey="525204040404520404">
    <MapTiles>
      <MapTile TileID="23" AltIDMod="0" />
    </MapTiles>
    <StaticTiles />
  </TransInfo>
  <TransInfo Description="Sand To Sand Embankment" HashKey="040452040404520452">
    <MapTiles>
      <MapTile TileID="447" AltIDMod="0" />
    </MapTiles>
    <StaticTiles />
  </TransInfo>
  <TransInfo Description="Sand To Sand Embankment" HashKey="045204520452525252">
    <MapTiles>
      <MapTile TileID="22" AltIDMod="0" />
    </MapTiles>
    <StaticTiles />
  </TransInfo>
  <TransInfo Description="Sand To Sand Embankment" HashKey="045204040452520404">
    <MapTiles>
      <MapTile TileID="22" AltIDMod="0" />
    </MapTiles>
    <StaticTiles />
  </TransInfo>
  <TransInfo Description="Sand To Sand Embankment" HashKey="520452520404520404">
    <MapTiles>
      <MapTile TileID="23" AltIDMod="0" />
    </MapTiles>
    <StaticTiles />
  </TransInfo>
  <TransInfo Description="Sand To Sand Embankment" HashKey="045252520452045252">
    <MapTiles>
      <MapTile TileID="22" AltIDMod="0" />
    </MapTiles>
    <StaticTiles />
  </TransInfo>
  <TransInfo Description="Sand To Sand Embankment" HashKey="520452040452045252">
    <MapTiles>
      <MapTile TileID="22" AltIDMod="0" />
    </MapTiles>
    <StaticTiles />
  </TransInfo>
  <TransInfo Description="Sand To Sand Embankment" HashKey="045252040404045204">
    <MapTiles>
      <MapTile TileID="22" AltIDMod="0" />
    </MapTiles>
    <StaticTiles />
  </TransInfo>
  <TransInfo Description="Sand To Sand Embankment" HashKey="525252040404520404">
    <MapTiles>
      <MapTile TileID="23" AltIDMod="0" />
    </MapTiles>
    <StaticTiles />
  </TransInfo>
  <TransInfo Description="Sand To Sand Embankment" HashKey="520404040452520452">
    <MapTiles>
      <MapTile TileID="22" AltIDMod="0" />
    </MapTiles>
    <StaticTiles />
  </TransInfo>
  <TransInfo Description="Sand To Sand Embankment" HashKey="520452040404045204">
    <MapTiles>
      <MapTile TileID="22" AltIDMod="0" />
    </MapTiles>
    <StaticTiles />
  </TransInfo>
  <TransInfo Description="Sand To Sand Embankment" HashKey="525204520404040404">
    <MapTiles>
      <MapTile TileID="23" AltIDMod="0" />
    </MapTiles>
    <StaticTiles />
  </TransInfo>
  <TransInfo Description="Sand To Sand Embankment" HashKey="040452520452045204">
    <MapTiles>
      <MapTile TileID="22" AltIDMod="0" />
    </MapTiles>
    <StaticTiles />
  </TransInfo>
  <TransInfo Description="Sand To Sand Embankment" HashKey="525204520452520404">
    <MapTiles>
      <MapTile TileID="22" AltIDMod="0" />
    </MapTiles>
    <StaticTiles />
  </TransInfo>
  <TransInfo Description="Sand To Sand Embankment" HashKey="520452040404040404">
    <MapTiles>
      <MapTile TileID="24" AltIDMod="0" />
    </MapTiles>
    <StaticTiles />
  </TransInfo>
  <TransInfo Description="Sand To Sand Embankment" HashKey="040404040452525252">
    <MapTiles>
      <MapTile TileID="447" AltIDMod="0" />
    </MapTiles>
    <StaticTiles />
  </TransInfo>
  <TransInfo Description="Sand To Sand Embankment" HashKey="040452520404525252">
    <MapTiles>
      <MapTile TileID="22" AltIDMod="0" />
    </MapTiles>
    <StaticTiles />
  </TransInfo>
  <TransInfo Description="Sand To Sand Embankment" HashKey="040452040404045252">
    <MapTiles>
      <MapTile TileID="447" AltIDMod="0" />
    </MapTiles>
    <StaticTiles />
  </TransInfo>
  <TransInfo Description="Sand To Sand Embankment" HashKey="520404520404520404">
    <MapTiles>
      <MapTile TileID="25" AltIDMod="0" />
    </MapTiles>
    <StaticTiles />
  </TransInfo>
  <TransInfo Description="Sand To Sand Embankment" HashKey="045252520452045204">
    <MapTiles>
      <MapTile TileID="22" AltIDMod="0" />
    </MapTiles>
    <StaticTiles />
  </TransInfo>
  <TransInfo Description="Sand To Sand Embankment" HashKey="520452520404045204">
    <MapTiles>
      <MapTile TileID="22" AltIDMod="0" />
    </MapTiles>
    <StaticTiles />
  </TransInfo>
  <TransInfo Description="Sand To Sand Embankment" HashKey="040452520404520452">
    <MapTiles>
      <MapTile TileID="22" AltIDMod="0" />
    </MapTiles>
    <StaticTiles />
  </TransInfo>
  <TransInfo Description="Sand To Sand Embankment" HashKey="040404520404520404">
    <MapTiles>
      <MapTile TileID="25" AltIDMod="0" />
    </MapTiles>
    <StaticTiles />
  </TransInfo>
  <TransInfo Description="Sand To Sand Embankment" HashKey="525252040452525252">
    <MapTiles>
      <MapTile TileID="22" AltIDMod="0" />
    </MapTiles>
    <StaticTiles />
  </TransInfo>
  <TransInfo Description="Sand To Sand Embankment" HashKey="045204520452040452">
    <MapTiles>
      <MapTile TileID="22" AltIDMod="0" />
    </MapTiles>
    <StaticTiles />
  </TransInfo>
  <TransInfo Description="Sand To Sand Embankment" HashKey="525252040452520452">
    <MapTiles>
      <MapTile TileID="22" AltIDMod="0" />
    </MapTiles>
    <StaticTiles />
  </TransInfo>
  <TransInfo Description="Sand To Sand Embankment" HashKey="520404040452520404">
    <MapTiles>
      <MapTile TileID="22" AltIDMod="0" />
    </MapTiles>
    <StaticTiles />
  </TransInfo>
  <TransInfo Description="Sand To Sand Embankment" HashKey="045204040452040452">
    <MapTiles>
      <MapTile TileID="22" AltIDMod="0" />
    </MapTiles>
    <StaticTiles />
  </TransInfo>
  <TransInfo Description="Sand To Sand Embankment" HashKey="525204040452040452">
    <MapTiles>
      <MapTile TileID="22" AltIDMod="0" />
    </MapTiles>
    <StaticTiles />
  </TransInfo>
  <TransInfo Description="Sand To Sand Embankment" HashKey="045204520404525252">
    <MapTiles>
      <MapTile TileID="22" AltIDMod="0" />
    </MapTiles>
    <StaticTiles />
  </TransInfo>
  <TransInfo Description="Sand To Sand Embankment" HashKey="040404040404525204">
    <MapTiles>
      <MapTile TileID="445" AltIDMod="0" />
    </MapTiles>
    <StaticTiles />
  </TransInfo>
  <TransInfo Description="Sand To Sand Embankment" HashKey="525204520404525252">
    <MapTiles>
      <MapTile TileID="22" AltIDMod="0" />
    </MapTiles>
    <StaticTiles />
  </TransInfo>
  <TransInfo Description="Sand To Sand Embankment" HashKey="045252040404040404">
    <MapTiles>
      <MapTile TileID="24" AltIDMod="0" />
    </MapTiles>
    <StaticTiles />
  </TransInfo>
  <TransInfo Description="Sand To Sand Embankment" HashKey="525204520452520452">
    <MapTiles>
      <MapTile TileID="22" AltIDMod="0" />
    </MapTiles>
    <StaticTiles />
  </TransInfo>
  <TransInfo Description="Sand To Sand Embankment" HashKey="525204520452040452">
    <MapTiles>
      <MapTile TileID="22" AltIDMod="0" />
    </MapTiles>
    <StaticTiles />
  </TransInfo>
  <TransInfo Description="Sand To Sand Embankment" HashKey="045204040404525204">
    <MapTiles>
      <MapTile TileID="22" AltIDMod="0" />
    </MapTiles>
    <StaticTiles />
  </TransInfo>
  <TransInfo Description="Sand To Sand Embankment" HashKey="040404520452520452">
    <MapTiles>
      <MapTile TileID="22" AltIDMod="0" />
    </MapTiles>
    <StaticTiles />
  </TransInfo>
  <TransInfo Description="Sand To Sand Embankment" HashKey="040404520404045204">
    <MapTiles>
      <MapTile TileID="22" AltIDMod="0" />
    </MapTiles>
    <StaticTiles />
  </TransInfo>
  <TransInfo Description="Sand To Sand Embankment" HashKey="045252040404520452">
    <MapTiles>
      <MapTile TileID="22" AltIDMod="0" />
    </MapTiles>
    <StaticTiles />
  </TransInfo>
  <TransInfo Description="Sand To Sand Embankment" HashKey="525252040452520404">
    <MapTiles>
      <MapTile TileID="22" AltIDMod="0" />
    </MapTiles>
    <StaticTiles />
  </TransInfo>
  <TransInfo Description="Sand To Sand Embankment" HashKey="040452520452520452">
    <MapTiles>
      <MapTile TileID="22" AltIDMod="0" />
    </MapTiles>
    <StaticTiles />
  </TransInfo>
  <TransInfo Description="Sand To Sand Embankment" HashKey="045252520404525252">
    <MapTiles>
      <MapTile TileID="22" AltIDMod="0" />
    </MapTiles>
    <StaticTiles />
  </TransInfo>
  <TransInfo Description="Sand To Sand Embankment" HashKey="520404520404040452">
    <MapTiles>
      <MapTile TileID="22" AltIDMod="0" />
    </MapTiles>
    <StaticTiles />
  </TransInfo>
  <TransInfo Description="Sand To Sand Embankment" HashKey="525204040452040404">
    <MapTiles>
      <MapTile TileID="22" AltIDMod="0" />
    </MapTiles>
    <StaticTiles />
  </TransInfo>
  <TransInfo Description="Sand To Sand Embankment" HashKey="520404040404525252">
    <MapTiles>
      <MapTile TileID="22" AltIDMod="0" />
    </MapTiles>
    <StaticTiles />
  </TransInfo>
  <TransInfo Description="Sand To Sand Embankment" HashKey="045252520452040404">
    <MapTiles>
      <MapTile TileID="22" AltIDMod="0" />
    </MapTiles>
    <StaticTiles />
  </TransInfo>
  <TransInfo Description="Sand To Sand Embankment" HashKey="525252520452520404">
    <MapTiles>
      <MapTile TileID="22" AltIDMod="0" />
    </MapTiles>
    <StaticTiles />
  </TransInfo>
  <TransInfo Description="Sand To Sand Embankment" HashKey="525204520404525204">
    <MapTiles>
      <MapTile TileID="22" AltIDMod="0" />
    </MapTiles>
    <StaticTiles />
  </TransInfo>
  <TransInfo Description="Sand To Sand Embankment" HashKey="045252520404040452">
    <MapTiles>
      <MapTile TileID="22" AltIDMod="0" />
    </MapTiles>
    <StaticTiles />
  </TransInfo>
  <TransInfo Description="Sand To Sand Embankment" HashKey="520404040452040452">
    <MapTiles>
      <MapTile TileID="22" AltIDMod="0" />
    </MapTiles>
    <StaticTiles />
  </TransInfo>
  <TransInfo Description="Sand To Sand Embankment" HashKey="520404520452525204">
    <MapTiles>
      <MapTile TileID="22" AltIDMod="0" />
    </MapTiles>
    <StaticTiles />
  </TransInfo>
  <TransInfo Description="Sand To Sand Embankment" HashKey="525252040404045204">
    <MapTiles>
      <MapTile TileID="22" AltIDMod="0" />
    </MapTiles>
    <StaticTiles />
  </TransInfo>
  <TransInfo Description="Sand To Sand Embankment" HashKey="045252520452520452">
    <MapTiles>
      <MapTile TileID="22" AltIDMod="0" />
    </MapTiles>
    <StaticTiles />
  </TransInfo>
  <TransInfo Description="Sand To Sand Embankment" HashKey="045252520452040452">
    <MapTiles>
      <MapTile TileID="22" AltIDMod="0" />
    </MapTiles>
    <StaticTiles />
  </TransInfo>
  <TransInfo Description="Sand To Sand Embankment" HashKey="525252040404520452">
    <MapTiles>
      <MapTile TileID="22" AltIDMod="0" />
    </MapTiles>
    <StaticTiles />
  </TransInfo>
  <TransInfo Description="Sand To Sand Embankment" HashKey="040404520452520404">
    <MapTiles>
      <MapTile TileID="22" AltIDMod="0" />
    </MapTiles>
    <StaticTiles />
  </TransInfo>
  <TransInfo Description="Sand To Sand Embankment" HashKey="045252040404520404">
    <MapTiles>
      <MapTile TileID="23" AltIDMod="0" />
    </MapTiles>
    <StaticTiles />
  </TransInfo>
  <TransInfo Description="Sand To Sand Embankment" HashKey="040404040452520404">
    <MapTiles>
      <MapTile TileID="447" AltIDMod="0" />
    </MapTiles>
    <StaticTiles />
  </TransInfo>
  <TransInfo Description="Sand To Sand Embankment" HashKey="040452520452045252">
    <MapTiles>
      <MapTile TileID="22" AltIDMod="0" />
    </MapTiles>
    <StaticTiles />
  </TransInfo>
  <TransInfo Description="Sand To Sand Embankment" HashKey="520452040404040452">
    <MapTiles>
      <MapTile TileID="22" AltIDMod="0" />
    </MapTiles>
    <StaticTiles />
  </TransInfo>
  <TransInfo Description="Sand To Sand Embankment" HashKey="045204040452525204">
    <MapTiles>
      <MapTile TileID="22" AltIDMod="0" />
    </MapTiles>
    <StaticTiles />
  </TransInfo>
  <TransInfo Description="Sand To Sand Embankment" HashKey="040404040404040452">
    <MapTiles>
      <MapTile TileID="444" AltIDMod="0" />
    </MapTiles>
    <StaticTiles />
  </TransInfo>
  <TransInfo Description="Sand To Sand Embankment" HashKey="045204040404520404">
    <MapTiles>
      <MapTile TileID="23" AltIDMod="0" />
    </MapTiles>
    <StaticTiles />
  </TransInfo>
  <TransInfo Description="Sand To Sand Embankment" HashKey="520452520452525204">
    <MapTiles>
      <MapTile TileID="22" AltIDMod="0" />
    </MapTiles>
    <StaticTiles />
  </TransInfo>
  <TransInfo Description="Sand To Sand Embankment" HashKey="520452520404045252">
    <MapTiles>
      <MapTile TileID="22" AltIDMod="0" />
    </MapTiles>
    <StaticTiles />
  </TransInfo>
  <TransInfo Description="Sand To Sand Embankment" HashKey="040452040452040452">
    <MapTiles>
      <MapTile TileID="458" AltIDMod="0" />
      <MapTile TileID="457" AltIDMod="0" />
    </MapTiles>
    <StaticTiles />
  </TransInfo>
  <TransInfo Description="Sand To Sand Embankment" HashKey="525204040452525252">
    <MapTiles>
      <MapTile TileID="22" AltIDMod="0" />
    </MapTiles>
    <StaticTiles />
  </TransInfo>
  <TransInfo Description="Sand To Sand Embankment" HashKey="525252520404525252">
    <MapTiles>
      <MapTile TileID="22" AltIDMod="0" />
    </MapTiles>
    <StaticTiles />
  </TransInfo>
  <TransInfo Description="Sand To Sand Embankment" HashKey="045252520452520404">
    <MapTiles>
      <MapTile TileID="22" AltIDMod="0" />
    </MapTiles>
    <StaticTiles />
  </TransInfo>
  <TransInfo Description="Sand To Sand Embankment" HashKey="040404520404520452">
    <MapTiles>
      <MapTile TileID="22" AltIDMod="0" />
    </MapTiles>
    <StaticTiles />
  </TransInfo>
  <TransInfo Description="Sand To Sand Embankment" HashKey="520452520452525252">
    <MapTiles>
      <MapTile TileID="22" AltIDMod="0" />
    </MapTiles>
    <StaticTiles />
  </TransInfo>
  <TransInfo Description="Sand To Sand Embankment" HashKey="040452040452525204">
    <MapTiles>
      <MapTile TileID="447" AltIDMod="0" />
    </MapTiles>
    <StaticTiles />
  </TransInfo>
  <TransInfo Description="Sand To Sand Embankment" HashKey="525252040404045252">
    <MapTiles>
      <MapTile TileID="22" AltIDMod="0" />
    </MapTiles>
    <StaticTiles />
  </TransInfo>
  <TransInfo Description="Sand To Sand Embankment" HashKey="040404040452045204">
    <MapTiles>
      <MapTile TileID="447" AltIDMod="0" />
    </MapTiles>
    <StaticTiles />
  </TransInfo>
  <TransInfo Description="Sand To Sand Embankment" HashKey="520404520452040452">
    <MapTiles>
      <MapTile TileID="22" AltIDMod="0" />
    </MapTiles>
    <StaticTiles />
  </TransInfo>
  <TransInfo Description="Sand To Sand Embankment" HashKey="525204520404520404">
    <MapTiles>
      <MapTile TileID="23" AltIDMod="0" />
    </MapTiles>
    <StaticTiles />
  </TransInfo>
  <TransInfo Description="Sand To Sand Embankment" HashKey="040404040404525252">
    <MapTiles>
      <MapTile TileID="456" AltIDMod="0" />
      <MapTile TileID="459" AltIDMod="0" />
    </MapTiles>
    <StaticTiles />
  </TransInfo>
  <TransInfo Description="Sand To Sand Embankment" HashKey="045204520452525204">
    <MapTiles>
      <MapTile TileID="22" AltIDMod="0" />
    </MapTiles>
    <StaticTiles />
  </TransInfo>
  <TransInfo Description="Sand To Sand Embankment" HashKey="045252040404040452">
    <MapTiles>
      <MapTile TileID="22" AltIDMod="0" />
    </MapTiles>
    <StaticTiles />
  </TransInfo>
  <TransInfo Description="Sand To Sand Embankment" HashKey="045204520404045252">
    <MapTiles>
      <MapTile TileID="22" AltIDMod="0" />
    </MapTiles>
    <StaticTiles />
  </TransInfo>
  <TransInfo Description="Sand To Sand Embankment" HashKey="045204040404045204">
    <MapTiles>
      <MapTile TileID="22" AltIDMod="0" />
    </MapTiles>
    <StaticTiles />
  </TransInfo>
  <TransInfo Description="Sand To Sand Embankment" HashKey="040452520404045204">
    <MapTiles>
      <MapTile TileID="22" AltIDMod="0" />
    </MapTiles>
    <StaticTiles />
  </TransInfo>
  <TransInfo Description="Sand To Sand Embankment" HashKey="525204040452525204">
    <MapTiles>
      <MapTile TileID="22" AltIDMod="0" />
    </MapTiles>
    <StaticTiles />
  </TransInfo>
  <TransInfo Description="Sand To Sand Embankment" HashKey="045252040452040452">
    <MapTiles>
      <MapTile TileID="457" AltIDMod="0" />
      <MapTile TileID="458" AltIDMod="0" />
    </MapTiles>
    <StaticTiles />
  </TransInfo>
  <TransInfo Description="Sand To Sand Embankment" HashKey="520404520452525252">
    <MapTiles>
      <MapTile TileID="22" AltIDMod="0" />
    </MapTiles>
    <StaticTiles />
  </TransInfo>
  <TransInfo Description="Sand To Sand Embankment" HashKey="040404520404045252">
    <MapTiles>
      <MapTile TileID="22" AltIDMod="0" />
    </MapTiles>
    <StaticTiles />
  </TransInfo>
  <TransInfo Description="Sand To Sand Embankment" HashKey="525204040404045252">
    <MapTiles>
      <MapTile TileID="22" AltIDMod="0" />
    </MapTiles>
    <StaticTiles />
  </TransInfo>
  <TransInfo Description="Sand To Sand Embankment" HashKey="520404040404520404">
    <MapTiles>
      <MapTile TileID="25" AltIDMod="0" />
    </MapTiles>
    <StaticTiles />
  </TransInfo>
  <TransInfo Description="Sand To Sand Embankment" HashKey="520452040452040404">
    <MapTiles>
      <MapTile TileID="22" AltIDMod="0" />
    </MapTiles>
    <StaticTiles />
  </TransInfo>
  <TransInfo Description="Sand To Sand Embankment" HashKey="525204040404525204">
    <MapTiles>
      <MapTile TileID="22" AltIDMod="0" />
    </MapTiles>
    <StaticTiles />
  </TransInfo>
  <TransInfo Description="Sand To Sand Embankment" HashKey="040404040452040404">
    <MapTiles>
      <MapTile TileID="458" AltIDMod="0" />
      <MapTile TileID="457" AltIDMod="0" />
    </MapTiles>
    <StaticTiles />
  </TransInfo>
  <TransInfo Description="Sand To Sand Embankment" HashKey="045252520404045252">
    <MapTiles>
      <MapTile TileID="22" AltIDMod="0" />
    </MapTiles>
    <StaticTiles />
  </TransInfo>
  <TransInfo Description="Sand To Sand Embankment" HashKey="040404040404520452">
    <MapTiles>
      <MapTile TileID="456" AltIDMod="0" />
      <MapTile TileID="459" AltIDMod="0" />
    </MapTiles>
    <StaticTiles />
  </TransInfo>
  <TransInfo Description="Sand To Sand Embankment" HashKey="525204520404045204">
    <MapTiles>
      <MapTile TileID="22" AltIDMod="0" />
    </MapTiles>
    <StaticTiles />
  </TransInfo>
  <TransInfo Description="Sand To Sand Embankment" HashKey="520452040452520404">
    <MapTiles>
      <MapTile TileID="22" AltIDMod="0" />
    </MapTiles>
    <StaticTiles />
  </TransInfo>
  <TransInfo Description="Sand To Sand Embankment" HashKey="525252520452520452">
    <MapTiles>
      <MapTile TileID="22" AltIDMod="0" />
    </MapTiles>
    <StaticTiles />
  </TransInfo>
  <TransInfo Description="Sand To Sand Embankment" HashKey="525204520452525204">
    <MapTiles>
      <MapTile TileID="22" AltIDMod="0" />
    </MapTiles>
    <StaticTiles />
  </TransInfo>
  <TransInfo Description="Sand To Sand Embankment" HashKey="040404520452040404">
    <MapTiles>
      <MapTile TileID="22" AltIDMod="0" />
    </MapTiles>
    <StaticTiles />
  </TransInfo>
  <TransInfo Description="Sand To Sand Embankment" HashKey="045252520404040404">
    <MapTiles>
      <MapTile TileID="23" AltIDMod="0" />
    </MapTiles>
    <StaticTiles />
  </TransInfo>
  <TransInfo Description="Sand To Sand Embankment" HashKey="045252040452040404">
    <MapTiles>
      <MapTile TileID="446" AltIDMod="0" />
    </MapTiles>
    <StaticTiles />
  </TransInfo>
  <TransInfo Description="Sand To Sand Embankment" HashKey="040452040452045204">
    <MapTiles>
      <MapTile TileID="447" AltIDMod="0" />
    </MapTiles>
    <StaticTiles />
  </TransInfo>
  <TransInfo Description="Sand To Sand Embankment" HashKey="520404520404525204">
    <MapTiles>
      <MapTile TileID="445" AltIDMod="0" />
    </MapTiles>
    <StaticTiles />
  </TransInfo>
  <TransInfo Description="Sand To Sand Embankment" HashKey="525204040404045204">
    <MapTiles>
      <MapTile TileID="22" AltIDMod="0" />
    </MapTiles>
    <StaticTiles />
  </TransInfo>
  <TransInfo Description="Sand To Sand Embankment" HashKey="040404040452520452">
    <MapTiles>
      <MapTile TileID="447" AltIDMod="0" />
    </MapTiles>
    <StaticTiles />
  </TransInfo>
  <TransInfo Description="Sand To Sand Embankment" HashKey="045252520404525204">
    <MapTiles>
      <MapTile TileID="22" AltIDMod="0" />
    </MapTiles>
    <StaticTiles />
  </TransInfo>
  <TransInfo Description="Sand To Sand Embankment" HashKey="520404040404045204">
    <MapTiles>
      <MapTile TileID="22" AltIDMod="0" />
    </MapTiles>
    <StaticTiles />
  </TransInfo>
  <TransInfo Description="Sand To Sand Embankment" HashKey="045204520452520404">
    <MapTiles>
      <MapTile TileID="22" AltIDMod="0" />
    </MapTiles>
    <StaticTiles />
  </TransInfo>
  <TransInfo Description="Sand To Sand Embankment" HashKey="520452040452040452">
    <MapTiles>
      <MapTile TileID="22" AltIDMod="0" />
    </MapTiles>
    <StaticTiles />
  </TransInfo>
  <TransInfo Description="Sand To Sand Embankment" HashKey="520452040404520404">
    <MapTiles>
      <MapTile TileID="23" AltIDMod="0" />
    </MapTiles>
    <StaticTiles />
  </TransInfo>
  <TransInfo Description="Sand To Sand Embankment" HashKey="520404040452525204">
    <MapTiles>
      <MapTile TileID="22" AltIDMod="0" />
    </MapTiles>
    <StaticTiles />
  </TransInfo>
  <TransInfo Description="Sand To Sand Embankment" HashKey="040452520404040404">
    <MapTiles>
      <MapTile TileID="23" AltIDMod="0" />
    </MapTiles>
    <StaticTiles />
  </TransInfo>
  <TransInfo Description="Sand To Sand Embankment" HashKey="045204040452525252">
    <MapTiles>
      <MapTile TileID="22" AltIDMod="0" />
    </MapTiles>
    <StaticTiles />
  </TransInfo>
  <TransInfo Description="Sand To Sand Embankment" HashKey="045204040404520452">
    <MapTiles>
      <MapTile TileID="22" AltIDMod="0" />
    </MapTiles>
    <StaticTiles />
  </TransInfo>
  <TransInfo Description="Sand To Sand Embankment" HashKey="525252520404520452">
    <MapTiles>
      <MapTile TileID="22" AltIDMod="0" />
    </MapTiles>
    <StaticTiles />
  </TransInfo>
  <TransInfo Description="Sand To Sand Embankment" HashKey="525204040452520404">
    <MapTiles>
      <MapTile TileID="22" AltIDMod="0" />
    </MapTiles>
    <StaticTiles />
  </TransInfo>
  <TransInfo Description="Sand To Sand Embankment" HashKey="040404520452525252">
    <MapTiles>
      <MapTile TileID="22" AltIDMod="0" />
    </MapTiles>
    <StaticTiles />
  </TransInfo>
  <TransInfo Description="Sand To Sand Embankment" HashKey="040452040452525252">
    <MapTiles>
      <MapTile TileID="447" AltIDMod="0" />
    </MapTiles>
    <StaticTiles />
  </TransInfo>
  <TransInfo Description="Sand To Sand Embankment" HashKey="520452040404520452">
    <MapTiles>
      <MapTile TileID="22" AltIDMod="0" />
    </MapTiles>
    <StaticTiles />
  </TransInfo>
  <TransInfo Description="Sand To Sand Embankment" HashKey="040452040404040452">
    <MapTiles>
      <MapTile TileID="458" AltIDMod="0" />
      <MapTile TileID="457" AltIDMod="0" />
    </MapTiles>
    <StaticTiles />
  </TransInfo>
  <TransInfo Description="Sand To Sand Embankment" HashKey="520452040404525204">
    <MapTiles>
      <MapTile TileID="22" AltIDMod="0" />
    </MapTiles>
    <StaticTiles />
  </TransInfo>
  <TransInfo Description="Sand To Sand Embankment" HashKey="525252520404045252">
    <MapTiles>
      <MapTile TileID="22" AltIDMod="0" />
    </MapTiles>
    <StaticTiles />
  </TransInfo>
  <TransInfo Description="Sand To Sand Embankment" HashKey="520452040452525252">
    <MapTiles>
      <MapTile TileID="22" AltIDMod="0" />
    </MapTiles>
    <StaticTiles />
  </TransInfo>
  <TransInfo Description="Sand To Sand Embankment" HashKey="520404520404045204">
    <MapTiles>
      <MapTile TileID="22" AltIDMod="0" />
    </MapTiles>
    <StaticTiles />
  </TransInfo>
  <TransInfo Description="Sand To Sand Embankment" HashKey="520452520452045252">
    <MapTiles>
      <MapTile TileID="22" AltIDMod="0" />
    </MapTiles>
    <StaticTiles />
  </TransInfo>
  <TransInfo Description="Sand To Sand Embankment" HashKey="525204520404520452">
    <MapTiles>
      <MapTile TileID="22" AltIDMod="0" />
    </MapTiles>
    <StaticTiles />
  </TransInfo>
  <TransInfo Description="Sand To Sand Embankment" HashKey="045252040452525252">
    <MapTiles>
      <MapTile TileID="22" AltIDMod="0" />
    </MapTiles>
    <StaticTiles />
  </TransInfo>
  <TransInfo Description="Sand To Sand Embankment" HashKey="520404040452040404">
    <MapTiles>
      <MapTile TileID="22" AltIDMod="0" />
    </MapTiles>
    <StaticTiles />
  </TransInfo>
  <TransInfo Description="Sand To Sand Embankment" HashKey="525252040452525204">
    <MapTiles>
      <MapTile TileID="22" AltIDMod="0" />
    </MapTiles>
    <StaticTiles />
  </TransInfo>
  <TransInfo Description="Sand To Sand Embankment" HashKey="045204520404040404">
    <MapTiles>
      <MapTile TileID="23" AltIDMod="0" />
    </MapTiles>
    <StaticTiles />
  </TransInfo>
  <TransInfo Description="Sand To Sand Embankment" HashKey="040452040452045252">
    <MapTiles>
      <MapTile TileID="447" AltIDMod="0" />
    </MapTiles>
    <StaticTiles />
  </TransInfo>
  <TransInfo Description="Sand To Sand Embankment" HashKey="525252040452045252">
    <MapTiles>
      <MapTile TileID="22" AltIDMod="0" />
    </MapTiles>
    <StaticTiles />
  </TransInfo>
  <TransInfo Description="Sand To Sand Embankment" HashKey="525204040452045204">
    <MapTiles>
      <MapTile TileID="22" AltIDMod="0" />
    </MapTiles>
    <StaticTiles />
  </TransInfo>
  <TransInfo Description="Sand To Sand Embankment" HashKey="520404520452520404">
    <MapTiles>
      <MapTile TileID="22" AltIDMod="0" />
    </MapTiles>
    <StaticTiles />
  </TransInfo>
  <TransInfo Description="Sand To Sand Embankment" HashKey="045204040404045252">
    <MapTiles>
      <MapTile TileID="22" AltIDMod="0" />
    </MapTiles>
    <StaticTiles />
  </TransInfo>
  <TransInfo Description="Sand To Sand Embankment" HashKey="525204040404040404">
    <MapTiles>
      <MapTile TileID="24" AltIDMod="0" />
    </MapTiles>
    <StaticTiles />
  </TransInfo>
  <TransInfo Description="Sand To Sand Embankment" HashKey="045204520404520452">
    <MapTiles>
      <MapTile TileID="22" AltIDMod="0" />
    </MapTiles>
    <StaticTiles />
  </TransInfo>
  <TransInfo Description="Sand To Sand Embankment" HashKey="045252520404520404">
    <MapTiles>
      <MapTile TileID="23" AltIDMod="0" />
    </MapTiles>
    <StaticTiles />
  </TransInfo>
  <TransInfo Description="Sand To Sand Embankment" HashKey="040452520404520404">
    <MapTiles>
      <MapTile TileID="23" AltIDMod="0" />
    </MapTiles>
    <StaticTiles />
  </TransInfo>
  <TransInfo Description="Sand To Sand Embankment" HashKey="520404040404520452">
    <MapTiles>
      <MapTile TileID="22" AltIDMod="0" />
    </MapTiles>
    <StaticTiles />
  </TransInfo>
  <TransInfo Description="Sand To Sand Embankment" HashKey="040452040404040404">
    <MapTiles>
      <MapTile TileID="23" AltIDMod="0" />
    </MapTiles>
    <StaticTiles />
  </TransInfo>
  <TransInfo Description="Sand To Sand Embankment" HashKey="045252040404525204">
    <MapTiles>
      <MapTile TileID="22" AltIDMod="0" />
    </MapTiles>
    <StaticTiles />
  </TransInfo>
  <TransInfo Description="Sand To Sand Embankment" HashKey="525252520404045204">
    <MapTiles>
      <MapTile TileID="22" AltIDMod="0" />
    </MapTiles>
    <StaticTiles />
  </TransInfo>
  <TransInfo Description="Sand To Sand Embankment" HashKey="040404520452525204">
    <MapTiles>
      <MapTile TileID="22" AltIDMod="0" />
    </MapTiles>
    <StaticTiles />
  </TransInfo>
  <TransInfo Description="Sand To Sand Embankment" HashKey="525204040404525252">
    <MapTiles>
      <MapTile TileID="22" AltIDMod="0" />
    </MapTiles>
    <StaticTiles />
  </TransInfo>
  <TransInfo Description="Sand To Sand Embankment" HashKey="045252040452525204">
    <MapTiles>
      <MapTile TileID="22" AltIDMod="0" />
    </MapTiles>
    <StaticTiles />
  </TransInfo>
  <TransInfo Description="Sand To Sand Embankment" HashKey="525204520404045252">
    <MapTiles>
      <MapTile TileID="22" AltIDMod="0" />
    </MapTiles>
    <StaticTiles />
  </TransInfo>
  <TransInfo Description="Sand To Sand Embankment" HashKey="040404040452525204">
    <MapTiles>
      <MapTile TileID="447" AltIDMod="0" />
    </MapTiles>
    <StaticTiles />
  </TransInfo>
  <TransInfo Description="Sand To Sand Embankment" HashKey="045204040404040452">
    <MapTiles>
      <MapTile TileID="22" AltIDMod="0" />
    </MapTiles>
    <StaticTiles />
  </TransInfo>
  <TransInfo Description="Sand To Sand Embankment" HashKey="520404040404040404">
    <MapTiles>
      <MapTile TileID="22" AltIDMod="0" />
    </MapTiles>
    <StaticTiles />
  </TransInfo>
  <TransInfo Description="Sand To Sand Embankment" HashKey="040404520452045252">
    <MapTiles>
      <MapTile TileID="22" AltIDMod="0" />
    </MapTiles>
    <StaticTiles />
  </TransInfo>
  <TransInfo Description="Sand To Sand Embankment" HashKey="525204520452525252">
    <MapTiles>
      <MapTile TileID="22" AltIDMod="0" />
    </MapTiles>
    <StaticTiles />
  </TransInfo>
  <TransInfo Description="Sand To Sand Embankment" HashKey="525252040452045204">
    <MapTiles>
      <MapTile TileID="22" AltIDMod="0" />
    </MapTiles>
    <StaticTiles />
  </TransInfo>
  <TransInfo Description="Sand To Sand Embankment" HashKey="040404040404045204">
    <MapTiles>
      <MapTile TileID="456" AltIDMod="0" />
      <MapTile TileID="459" AltIDMod="0" />
    </MapTiles>
    <StaticTiles />
  </TransInfo>
  <TransInfo Description="Sand To Sand Embankment" HashKey="520404520452045204">
    <MapTiles>
      <MapTile TileID="22" AltIDMod="0" />
    </MapTiles>
    <StaticTiles />
  </TransInfo>
  <TransInfo Description="Sand To Sand Embankment" HashKey="525252520452525204">
    <MapTiles>
      <MapTile TileID="22" AltIDMod="0" />
    </MapTiles>
    <StaticTiles />
  </TransInfo>
  <TransInfo Description="Sand To Sand Embankment" HashKey="045204520404520404">
    <MapTiles>
      <MapTile TileID="23" AltIDMod="0" />
    </MapTiles>
    <StaticTiles />
  </TransInfo>
  <TransInfo Description="Sand To Sand Embankment" HashKey="520404520404525252">
    <MapTiles>
      <MapTile TileID="456" AltIDMod="0" />
      <MapTile TileID="459" AltIDMod="0" />
    </MapTiles>
    <StaticTiles />
  </TransInfo>
  <TransInfo Description="Sand To Sand Embankment" HashKey="045252520404045204">
    <MapTiles>
      <MapTile TileID="22" AltIDMod="0" />
    </MapTiles>
    <StaticTiles />
  </TransInfo>
  <TransInfo Description="Sand To Sand Embankment" HashKey="525252520404520404">
    <MapTiles>
      <MapTile TileID="23" AltIDMod="0" />
    </MapTiles>
    <StaticTiles />
  </TransInfo>
  <TransInfo Description="Sand To Sand Embankment" HashKey="520452520404520452">
    <MapTiles>
      <MapTile TileID="22" AltIDMod="0" />
    </MapTiles>
    <StaticTiles />
  </TransInfo>
  <TransInfo Description="Sand To Sand Embankment" HashKey="040452520404045252">
    <MapTiles>
      <MapTile TileID="22" AltIDMod="0" />
    </MapTiles>
    <StaticTiles />
  </TransInfo>
  <TransInfo Description="Sand To Sand Embankment" HashKey="045252520452525204">
    <MapTiles>
      <MapTile TileID="22" AltIDMod="0" />
    </MapTiles>
    <StaticTiles />
  </TransInfo>
  <TransInfo Description="Sand To Sand Embankment" HashKey="520404040404045252">
    <MapTiles>
      <MapTile TileID="22" AltIDMod="0" />
    </MapTiles>
    <StaticTiles />
  </TransInfo>
  <TransInfo Description="Sand To Sand Embankment" HashKey="045204520452520452">
    <MapTiles>
      <MapTile TileID="22" AltIDMod="0" />
    </MapTiles>
    <StaticTiles />
  </TransInfo>
  <TransInfo Description="Sand To Sand Embankment" HashKey="040404040452045252">
    <MapTiles>
      <MapTile TileID="447" AltIDMod="0" />
    </MapTiles>
    <StaticTiles />
  </TransInfo>
  <TransInfo Description="Sand To Sand Embankment" HashKey="520404040452525252">
    <MapTiles>
      <MapTile TileID="22" AltIDMod="0" />
    </MapTiles>
    <StaticTiles />
  </TransInfo>
  <TransInfo Description="Sand To Sand Embankment" HashKey="040452520404040452">
    <MapTiles>
      <MapTile TileID="22" AltIDMod="0" />
    </MapTiles>
    <StaticTiles />
  </TransInfo>
  <TransInfo Description="Sand To Sand Embankment" HashKey="525204040452520452">
    <MapTiles>
      <MapTile TileID="22" AltIDMod="0" />
    </MapTiles>
    <StaticTiles />
  </TransInfo>
  <TransInfo Description="Sand To Sand Embankment" HashKey="040404520452045204">
    <MapTiles>
      <MapTile TileID="22" AltIDMod="0" />
    </MapTiles>
    <StaticTiles />
  </TransInfo>
  <TransInfo Description="Sand To Sand Embankment" HashKey="040452040404525252">
    <MapTiles>
      <MapTile TileID="447" AltIDMod="0" />
    </MapTiles>
    <StaticTiles />
  </TransInfo>
  <TransInfo Description="Sand To Sand Embankment" HashKey="525252520452040404">
    <MapTiles>
      <MapTile TileID="22" AltIDMod="0" />
    </MapTiles>
    <StaticTiles />
  </TransInfo>
  <TransInfo Description="Sand To Sand Embankment" HashKey="040452520452040452">
    <MapTiles>
      <MapTile TileID="22" AltIDMod="0" />
    </MapTiles>
    <StaticTiles />
  </TransInfo>
  <TransInfo Description="Sand To Sand Embankment" HashKey="520452040452525204">
    <MapTiles>
      <MapTile TileID="22" AltIDMod="0" />
    </MapTiles>
    <StaticTiles />
  </TransInfo>
</Trans>