﻿<?xml version="1.0" encoding="utf-8"?>
<Trans>
    <TransInfo Description="Sand to Planks(NS) SN" HashKey="161616040404040404">
    <MapTiles>
      <MapTile TileID="685" AltIDMod="0" />
      <MapTile TileID="686" AltIDMod="0" />
    </MapTiles>
    <StaticTiles />
  </TransInfo>
  <TransInfo Description="Sand to Planks(NS) SN" HashKey="041616040404040404">
    <MapTiles>
      <MapTile TileID="685" AltIDMod="0" />
      <MapTile TileID="686" AltIDMod="0" />
    </MapTiles>
    <StaticTiles />
  </TransInfo>
  <TransInfo Description="Sand to Planks(NS) SN" HashKey="161604040404040404">
    <MapTiles>
      <MapTile TileID="685" AltIDMod="0" />
      <MapTile TileID="686" AltIDMod="0" />
    </MapTiles>
    <StaticTiles />
  </TransInfo>
  <TransInfo Description="Sand to Planks(NS) SN" HashKey="041604040404040404">
    <MapTiles>
      <MapTile TileID="685" AltIDMod="0" />
      <MapTile TileID="686" AltIDMod="0" />
    </MapTiles>
    <StaticTiles />
  </TransInfo>
  <TransInfo Description="Sand to Planks(NS) SN" HashKey="160416040404040404">
    <MapTiles>
      <MapTile TileID="685" AltIDMod="0" />
      <MapTile TileID="686" AltIDMod="0" />
    </MapTiles>
    <StaticTiles />
  </TransInfo>
  <TransInfo Description="Sand to Planks(NS) EW" HashKey="160404160404160404">
    <MapTiles>
      <MapTile TileID="681" AltIDMod="0" />
      <MapTile TileID="682" AltIDMod="0" />
    </MapTiles>
    <StaticTiles />
  </TransInfo>
  <TransInfo Description="Sand to Planks(NS) EW" HashKey="160404160404040404">
    <MapTiles>
      <MapTile TileID="681" AltIDMod="0" />
      <MapTile TileID="682" AltIDMod="0" />
    </MapTiles>
    <StaticTiles />
  </TransInfo>
  <TransInfo Description="Sand to Planks(NS) EW" HashKey="040404160404160404">
    <MapTiles>
      <MapTile TileID="681" AltIDMod="0" />
      <MapTile TileID="682" AltIDMod="0" />
    </MapTiles>
    <StaticTiles />
  </TransInfo>
  <TransInfo Description="Sand to Planks(NS) EW" HashKey="040404160404040404">
    <MapTiles>
      <MapTile TileID="681" AltIDMod="0" />
      <MapTile TileID="682" AltIDMod="0" />
    </MapTiles>
    <StaticTiles />
  </TransInfo>
  <TransInfo Description="Sand to Planks(NS) EW" HashKey="160404040404160404">
    <MapTiles>
      <MapTile TileID="681" AltIDMod="0" />
      <MapTile TileID="682" AltIDMod="0" />
    </MapTiles>
    <StaticTiles />
  </TransInfo>
  <TransInfo Description="Sand to Planks(NS) WE" HashKey="040416040416040416">
    <MapTiles>
      <MapTile TileID="683" AltIDMod="0" />
      <MapTile TileID="684" AltIDMod="0" />
    </MapTiles>
    <StaticTiles />
  </TransInfo>
  <TransInfo Description="Sand to Planks(NS) WE" HashKey="040404040416040416">
    <MapTiles>
      <MapTile TileID="683" AltIDMod="0" />
      <MapTile TileID="684" AltIDMod="0" />
    </MapTiles>
    <StaticTiles />
  </TransInfo>
  <TransInfo Description="Sand to Planks(NS) WE" HashKey="040416040416040404">
    <MapTiles>
      <MapTile TileID="683" AltIDMod="0" />
      <MapTile TileID="684" AltIDMod="0" />
    </MapTiles>
    <StaticTiles />
  </TransInfo>
  <TransInfo Description="Sand to Planks(NS) WE" HashKey="040404040416040404">
    <MapTiles>
      <MapTile TileID="683" AltIDMod="0" />
      <MapTile TileID="684" AltIDMod="0" />
    </MapTiles>
    <StaticTiles />
  </TransInfo>
  <TransInfo Description="Sand to Planks(NS) WE" HashKey="040416040404040416">
    <MapTiles>
      <MapTile TileID="683" AltIDMod="0" />
      <MapTile TileID="684" AltIDMod="0" />
    </MapTiles>
    <StaticTiles />
  </TransInfo>
  <TransInfo Description="Sand to Planks(NS) NS" HashKey="040404040404161616">
    <MapTiles>
      <MapTile TileID="687" AltIDMod="0" />
      <MapTile TileID="688" AltIDMod="0" />
    </MapTiles>
    <StaticTiles />
  </TransInfo>
  <TransInfo Description="Sand to Planks(NS) NS" HashKey="040404040404161604">
    <MapTiles>
      <MapTile TileID="687" AltIDMod="0" />
      <MapTile TileID="688" AltIDMod="0" />
    </MapTiles>
    <StaticTiles />
  </TransInfo>
  <TransInfo Description="Sand to Planks(NS) NS" HashKey="040404040404041616">
    <MapTiles>
      <MapTile TileID="687" AltIDMod="0" />
      <MapTile TileID="688" AltIDMod="0" />
    </MapTiles>
    <StaticTiles />
  </TransInfo>
  <TransInfo Description="Sand to Planks(NS) NS" HashKey="040404040404041604">
    <MapTiles>
      <MapTile TileID="687" AltIDMod="0" />
      <MapTile TileID="688" AltIDMod="0" />
    </MapTiles>
    <StaticTiles />
  </TransInfo>
  <TransInfo Description="Sand to Planks(NS) NS" HashKey="040404040404160416">
    <MapTiles>
      <MapTile TileID="687" AltIDMod="0" />
      <MapTile TileID="688" AltIDMod="0" />
    </MapTiles>
    <StaticTiles />
  </TransInfo>
  <TransInfo Description="Sand to Planks(NS) NWA" HashKey="040416040416161616">
    <MapTiles>
      <MapTile TileID="697" AltIDMod="0" />
    </MapTiles>
    <StaticTiles />
  </TransInfo>
  <TransInfo Description="Sand to Planks(NS) NWA" HashKey="040404040416161616">
    <MapTiles>
      <MapTile TileID="697" AltIDMod="0" />
    </MapTiles>
    <StaticTiles />
  </TransInfo>
  <TransInfo Description="Sand to Planks(NS) NWA" HashKey="040416040416041616">
    <MapTiles>
      <MapTile TileID="697" AltIDMod="0" />
    </MapTiles>
    <StaticTiles />
  </TransInfo>
  <TransInfo Description="Sand to Planks(NS) NWA" HashKey="040404040416041616">
    <MapTiles>
      <MapTile TileID="697" AltIDMod="0" />
    </MapTiles>
    <StaticTiles />
  </TransInfo>
  <TransInfo Description="Sand to Planks(NS) NWA" HashKey="040404040416041604">
    <MapTiles>
      <MapTile TileID="697" AltIDMod="0" />
    </MapTiles>
    <StaticTiles />
  </TransInfo>
  <TransInfo Description="Sand to Planks(NS) NWA" HashKey="040416040404041616">
    <MapTiles>
      <MapTile TileID="697" AltIDMod="0" />
    </MapTiles>
    <StaticTiles />
  </TransInfo>
  <TransInfo Description="Sand to Planks(NS) NWA" HashKey="040416040404161616">
    <MapTiles>
      <MapTile TileID="697" AltIDMod="0" />
    </MapTiles>
    <StaticTiles />
  </TransInfo>
  <TransInfo Description="Sand to Planks(NS) NWA" HashKey="040416040404161604">
    <MapTiles>
      <MapTile TileID="697" AltIDMod="0" />
    </MapTiles>
    <StaticTiles />
  </TransInfo>
  <TransInfo Description="Sand to Planks(NS) NWA" HashKey="040404040416160416">
    <MapTiles>
      <MapTile TileID="697" AltIDMod="0" />
    </MapTiles>
    <StaticTiles />
  </TransInfo>
  <TransInfo Description="Sand to Planks(NS) NWA" HashKey="040416040416160416">
    <MapTiles>
      <MapTile TileID="697" AltIDMod="0" />
    </MapTiles>
    <StaticTiles />
  </TransInfo>
  <TransInfo Description="Sand to Planks(NS) NWA" HashKey="040416040416161604">
    <MapTiles>
      <MapTile TileID="697" AltIDMod="0" />
    </MapTiles>
    <StaticTiles />
  </TransInfo>
  <TransInfo Description="Sand to Planks(NS) NWA" HashKey="040416040416160404">
    <MapTiles>
      <MapTile TileID="697" AltIDMod="0" />
    </MapTiles>
    <StaticTiles />
  </TransInfo>
  <TransInfo Description="Sand to Planks(NS) NWA" HashKey="040416040404041604">
    <MapTiles>
      <MapTile TileID="697" AltIDMod="0" />
    </MapTiles>
    <StaticTiles />
  </TransInfo>
  <TransInfo Description="Sand to Planks(NS) NWA" HashKey="040404040416160404">
    <MapTiles>
      <MapTile TileID="697" AltIDMod="0" />
    </MapTiles>
    <StaticTiles />
  </TransInfo>
  <TransInfo Description="Sand to Planks(NS) NWA" HashKey="040416040416041604">
    <MapTiles>
      <MapTile TileID="697" AltIDMod="0" />
    </MapTiles>
    <StaticTiles />
  </TransInfo>
  <TransInfo Description="Sand to Planks(NS) NWA" HashKey="040416040404160416">
    <MapTiles>
      <MapTile TileID="697" AltIDMod="0" />
    </MapTiles>
    <StaticTiles />
  </TransInfo>
  <TransInfo Description="Sand to Planks(NS) NWA" HashKey="040404040416161604">
    <MapTiles>
      <MapTile TileID="697" AltIDMod="0" />
    </MapTiles>
    <StaticTiles />
  </TransInfo>
  <TransInfo Description="Sand to Planks(NS) SEA" HashKey="161616160404160404">
    <MapTiles>
      <MapTile TileID="696" AltIDMod="0" />
    </MapTiles>
    <StaticTiles />
  </TransInfo>
  <TransInfo Description="Sand to Planks(NS) SEA" HashKey="161604160404160404">
    <MapTiles>
      <MapTile TileID="696" AltIDMod="0" />
    </MapTiles>
    <StaticTiles />
  </TransInfo>
  <TransInfo Description="Sand to Planks(NS) SEA" HashKey="161616160404040404">
    <MapTiles>
      <MapTile TileID="696" AltIDMod="0" />
    </MapTiles>
    <StaticTiles />
  </TransInfo>
  <TransInfo Description="Sand to Planks(NS) SEA" HashKey="161604160404040404">
    <MapTiles>
      <MapTile TileID="696" AltIDMod="0" />
    </MapTiles>
    <StaticTiles />
  </TransInfo>
  <TransInfo Description="Sand to Planks(NS) SEA" HashKey="160416160404040404">
    <MapTiles>
      <MapTile TileID="696" AltIDMod="0" />
    </MapTiles>
    <StaticTiles />
  </TransInfo>
  <TransInfo Description="Sand to Planks(NS) SEA" HashKey="161604040404160404">
    <MapTiles>
      <MapTile TileID="696" AltIDMod="0" />
    </MapTiles>
    <StaticTiles />
  </TransInfo>
  <TransInfo Description="Sand to Planks(NS) SEA" HashKey="041616040404160404">
    <MapTiles>
      <MapTile TileID="696" AltIDMod="0" />
    </MapTiles>
    <StaticTiles />
  </TransInfo>
  <TransInfo Description="Sand to Planks(NS) SEA" HashKey="160416040404160404">
    <MapTiles>
      <MapTile TileID="696" AltIDMod="0" />
    </MapTiles>
    <StaticTiles />
  </TransInfo>
  <TransInfo Description="Sand to Planks(NS) SEA" HashKey="161616040404160404">
    <MapTiles>
      <MapTile TileID="696" AltIDMod="0" />
    </MapTiles>
    <StaticTiles />
  </TransInfo>
  <TransInfo Description="Sand to Planks(NS) SEA" HashKey="041604160404040404">
    <MapTiles>
      <MapTile TileID="696" AltIDMod="0" />
    </MapTiles>
    <StaticTiles />
  </TransInfo>
  <TransInfo Description="Sand to Planks(NS) SEA" HashKey="160416160404160404">
    <MapTiles>
      <MapTile TileID="696" AltIDMod="0" />
    </MapTiles>
    <StaticTiles />
  </TransInfo>
  <TransInfo Description="Sand to Planks(NS) SEA" HashKey="040416160404160404">
    <MapTiles>
      <MapTile TileID="696" AltIDMod="0" />
    </MapTiles>
    <StaticTiles />
  </TransInfo>
  <TransInfo Description="Sand to Planks(NS) SEA" HashKey="041616160404160404">
    <MapTiles>
      <MapTile TileID="696" AltIDMod="0" />
    </MapTiles>
    <StaticTiles />
  </TransInfo>
  <TransInfo Description="Sand to Planks(NS) SEA" HashKey="040416160404040404">
    <MapTiles>
      <MapTile TileID="696" AltIDMod="0" />
    </MapTiles>
    <StaticTiles />
  </TransInfo>
  <TransInfo Description="Sand to Planks(NS) SEA" HashKey="041604160404160404">
    <MapTiles>
      <MapTile TileID="696" AltIDMod="0" />
    </MapTiles>
    <StaticTiles />
  </TransInfo>
  <TransInfo Description="Sand to Planks(NS) SEA" HashKey="041604040404160404">
    <MapTiles>
      <MapTile TileID="696" AltIDMod="0" />
    </MapTiles>
    <StaticTiles />
  </TransInfo>
  <TransInfo Description="Sand to Planks(NS) SEA" HashKey="041616160404040404">
    <MapTiles>
      <MapTile TileID="696" AltIDMod="0" />
    </MapTiles>
    <StaticTiles />
  </TransInfo>
  <TransInfo Description="Sand to Planks(NS) NEA" HashKey="160404160404161616">
    <MapTiles>
      <MapTile TileID="695" AltIDMod="0" />
    </MapTiles>
    <StaticTiles />
  </TransInfo>
  <TransInfo Description="Sand to Planks(NS) NEA" HashKey="040404160404161616">
    <MapTiles>
      <MapTile TileID="695" AltIDMod="0" />
    </MapTiles>
    <StaticTiles />
  </TransInfo>
  <TransInfo Description="Sand to Planks(NS) NEA" HashKey="160404160404161604">
    <MapTiles>
      <MapTile TileID="695" AltIDMod="0" />
    </MapTiles>
    <StaticTiles />
  </TransInfo>
  <TransInfo Description="Sand to Planks(NS) NEA" HashKey="040404160404161604">
    <MapTiles>
      <MapTile TileID="695" AltIDMod="0" />
    </MapTiles>
    <StaticTiles />
  </TransInfo>
  <TransInfo Description="Sand to Planks(NS) NEA" HashKey="040404160404041604">
    <MapTiles>
      <MapTile TileID="695" AltIDMod="0" />
    </MapTiles>
    <StaticTiles />
  </TransInfo>
  <TransInfo Description="Sand to Planks(NS) NEA" HashKey="160404160404040416">
    <MapTiles>
      <MapTile TileID="695" AltIDMod="0" />
    </MapTiles>
    <StaticTiles />
  </TransInfo>
  <TransInfo Description="Sand to Planks(NS) NEA" HashKey="160404040404161616">
    <MapTiles>
      <MapTile TileID="695" AltIDMod="0" />
    </MapTiles>
    <StaticTiles />
  </TransInfo>
  <TransInfo Description="Sand to Planks(NS) NEA" HashKey="160404040404161604">
    <MapTiles>
      <MapTile TileID="695" AltIDMod="0" />
    </MapTiles>
    <StaticTiles />
  </TransInfo>
  <TransInfo Description="Sand to Planks(NS) NEA" HashKey="160404040404041604">
    <MapTiles>
      <MapTile TileID="695" AltIDMod="0" />
    </MapTiles>
    <StaticTiles />
  </TransInfo>
  <TransInfo Description="Sand to Planks(NS) NEA" HashKey="040404160404160416">
    <MapTiles>
      <MapTile TileID="695" AltIDMod="0" />
    </MapTiles>
    <StaticTiles />
  </TransInfo>
  <TransInfo Description="Sand to Planks(NS) NEA" HashKey="160404160404160416">
    <MapTiles>
      <MapTile TileID="695" AltIDMod="0" />
    </MapTiles>
    <StaticTiles />
  </TransInfo>
  <TransInfo Description="Sand to Planks(NS) NEA" HashKey="160404040404041616">
    <MapTiles>
      <MapTile TileID="695" AltIDMod="0" />
    </MapTiles>
    <StaticTiles />
  </TransInfo>
  <TransInfo Description="Sand to Planks(NS) NEA" HashKey="160404160404041616">
    <MapTiles>
      <MapTile TileID="695" AltIDMod="0" />
    </MapTiles>
    <StaticTiles />
  </TransInfo>
  <TransInfo Description="Sand to Planks(NS) NEA" HashKey="040404160404041616">
    <MapTiles>
      <MapTile TileID="695" AltIDMod="0" />
    </MapTiles>
    <StaticTiles />
  </TransInfo>
  <TransInfo Description="Sand to Planks(NS) NEA" HashKey="040404160404040416">
    <MapTiles>
      <MapTile TileID="695" AltIDMod="0" />
    </MapTiles>
    <StaticTiles />
  </TransInfo>
  <TransInfo Description="Sand to Planks(NS) NEA" HashKey="160404040404160416">
    <MapTiles>
      <MapTile TileID="695" AltIDMod="0" />
    </MapTiles>
    <StaticTiles />
  </TransInfo>
  <TransInfo Description="Sand to Planks(NS) NEA" HashKey="160404160404041604">
    <MapTiles>
      <MapTile TileID="695" AltIDMod="0" />
    </MapTiles>
    <StaticTiles />
  </TransInfo>
  <TransInfo Description="Sand to Planks(NS) SWA" HashKey="161616040416040416">
    <MapTiles>
      <MapTile TileID="698" AltIDMod="0" />
    </MapTiles>
    <StaticTiles />
  </TransInfo>
  <TransInfo Description="Sand to Planks(NS) SWA" HashKey="161616040416040404">
    <MapTiles>
      <MapTile TileID="698" AltIDMod="0" />
    </MapTiles>
    <StaticTiles />
  </TransInfo>
  <TransInfo Description="Sand to Planks(NS) SWA" HashKey="041616040416040416">
    <MapTiles>
      <MapTile TileID="698" AltIDMod="0" />
    </MapTiles>
    <StaticTiles />
  </TransInfo>
  <TransInfo Description="Sand to Planks(NS) SWA" HashKey="041616040416040404">
    <MapTiles>
      <MapTile TileID="698" AltIDMod="0" />
    </MapTiles>
    <StaticTiles />
  </TransInfo>
  <TransInfo Description="Sand to Planks(NS) SWA" HashKey="160404040416040416">
    <MapTiles>
      <MapTile TileID="698" AltIDMod="0" />
    </MapTiles>
    <StaticTiles />
  </TransInfo>
  <TransInfo Description="Sand to Planks(NS) SWA" HashKey="160416040416040404">
    <MapTiles>
      <MapTile TileID="698" AltIDMod="0" />
    </MapTiles>
    <StaticTiles />
  </TransInfo>
  <TransInfo Description="Sand to Planks(NS) SWA" HashKey="160416040416040416">
    <MapTiles>
      <MapTile TileID="698" AltIDMod="0" />
    </MapTiles>
    <StaticTiles />
  </TransInfo>
  <TransInfo Description="Sand to Planks(NS) SWA" HashKey="161604040404040416">
    <MapTiles>
      <MapTile TileID="698" AltIDMod="0" />
    </MapTiles>
    <StaticTiles />
  </TransInfo>
  <TransInfo Description="Sand to Planks(NS) SWA" HashKey="041604040404040416">
    <MapTiles>
      <MapTile TileID="698" AltIDMod="0" />
    </MapTiles>
    <StaticTiles />
  </TransInfo>
  <TransInfo Description="Sand to Planks(NS) SWA" HashKey="161616040404040416">
    <MapTiles>
      <MapTile TileID="698" AltIDMod="0" />
    </MapTiles>
    <StaticTiles />
  </TransInfo>
  <TransInfo Description="Sand to Planks(NS) SWA" HashKey="161604040416040404">
    <MapTiles>
      <MapTile TileID="698" AltIDMod="0" />
    </MapTiles>
    <StaticTiles />
  </TransInfo>
  <TransInfo Description="Sand to Planks(NS) SWA" HashKey="041616040404040416">
    <MapTiles>
      <MapTile TileID="698" AltIDMod="0" />
    </MapTiles>
    <StaticTiles />
  </TransInfo>
  <TransInfo Description="Sand to Planks(NS) SWA" HashKey="041604040416040404">
    <MapTiles>
      <MapTile TileID="698" AltIDMod="0" />
    </MapTiles>
    <StaticTiles />
  </TransInfo>
  <TransInfo Description="Sand to Planks(NS) SWA" HashKey="160404040416040404">
    <MapTiles>
      <MapTile TileID="698" AltIDMod="0" />
    </MapTiles>
    <StaticTiles />
  </TransInfo>
  <TransInfo Description="Sand to Planks(NS) SWA" HashKey="160416040404040416">
    <MapTiles>
      <MapTile TileID="698" AltIDMod="0" />
    </MapTiles>
    <StaticTiles />
  </TransInfo>
  <TransInfo Description="Sand to Planks(NS) SWA" HashKey="041604040416040416">
    <MapTiles>
      <MapTile TileID="698" AltIDMod="0" />
    </MapTiles>
    <StaticTiles />
  </TransInfo>
  <TransInfo Description="Sand to Planks(NS) SWA" HashKey="161604040416040416">
    <MapTiles>
      <MapTile TileID="698" AltIDMod="0" />
    </MapTiles>
    <StaticTiles />
  </TransInfo>
  <TransInfo Description="Sand to Planks(NS) NWB" HashKey="160404040404040404">
    <MapTiles>
      <MapTile TileID="692" AltIDMod="0" />
    </MapTiles>
    <StaticTiles />
  </TransInfo>
  <TransInfo Description="Sand to Planks(NS) SEB" HashKey="040404040404040416">
    <MapTiles>
      <MapTile TileID="690" AltIDMod="0" />
    </MapTiles>
    <StaticTiles />
  </TransInfo>
  <TransInfo Description="Sand to Planks(NS) NEB" HashKey="040416040404040404">
    <MapTiles>
      <MapTile TileID="691" AltIDMod="0" />
    </MapTiles>
    <StaticTiles />
  </TransInfo>
  <TransInfo Description="Sand to Planks(NS) SWB" HashKey="040404040404160404">
    <MapTiles>
      <MapTile TileID="689" AltIDMod="0" />
    </MapTiles>
    <StaticTiles />
  </TransInfo>
  <TransInfo Description="Sand to Planks(NS) AC" HashKey="040404160416040404">
    <MapTiles>
      <MapTile TileID="663" AltIDMod="0" />
    </MapTiles>
    <StaticTiles />
  </TransInfo>
  <TransInfo Description="Sand to Planks(NS) AC" HashKey="040404160416160404">
    <MapTiles>
      <MapTile TileID="663" AltIDMod="0" />
    </MapTiles>
    <StaticTiles />
  </TransInfo>
  <TransInfo Description="Sand to Planks(NS) AC" HashKey="040404160416041604">
    <MapTiles>
      <MapTile TileID="663" AltIDMod="0" />
    </MapTiles>
    <StaticTiles />
  </TransInfo>
  <TransInfo Description="Sand to Planks(NS) AC" HashKey="040404160416161604">
    <MapTiles>
      <MapTile TileID="663" AltIDMod="0" />
    </MapTiles>
    <StaticTiles />
  </TransInfo>
  <TransInfo Description="Sand to Planks(NS) AC" HashKey="040404160416040416">
    <MapTiles>
      <MapTile TileID="663" AltIDMod="0" />
    </MapTiles>
    <StaticTiles />
  </TransInfo>
  <TransInfo Description="Sand to Planks(NS) AC" HashKey="040404160416160416">
    <MapTiles>
      <MapTile TileID="663" AltIDMod="0" />
    </MapTiles>
    <StaticTiles />
  </TransInfo>
  <TransInfo Description="Sand to Planks(NS) AC" HashKey="040404160416041616">
    <MapTiles>
      <MapTile TileID="663" AltIDMod="0" />
    </MapTiles>
    <StaticTiles />
  </TransInfo>
  <TransInfo Description="Sand to Planks(NS) AC" HashKey="040404160416161616">
    <MapTiles>
      <MapTile TileID="663" AltIDMod="0" />
    </MapTiles>
    <StaticTiles />
  </TransInfo>
  <TransInfo Description="Sand to Planks(NS) AC" HashKey="040416160404041604">
    <MapTiles>
      <MapTile TileID="663" AltIDMod="0" />
    </MapTiles>
    <StaticTiles />
  </TransInfo>
  <TransInfo Description="Sand to Planks(NS) AC" HashKey="040416160404161604">
    <MapTiles>
      <MapTile TileID="663" AltIDMod="0" />
    </MapTiles>
    <StaticTiles />
  </TransInfo>
  <TransInfo Description="Sand to Planks(NS) AC" HashKey="040416160404040416">
    <MapTiles>
      <MapTile TileID="663" AltIDMod="0" />
    </MapTiles>
    <StaticTiles />
  </TransInfo>
  <TransInfo Description="Sand to Planks(NS) AC" HashKey="040416160404160416">
    <MapTiles>
      <MapTile TileID="663" AltIDMod="0" />
    </MapTiles>
    <StaticTiles />
  </TransInfo>
  <TransInfo Description="Sand to Planks(NS) AC" HashKey="040416160404041616">
    <MapTiles>
      <MapTile TileID="663" AltIDMod="0" />
    </MapTiles>
    <StaticTiles />
  </TransInfo>
  <TransInfo Description="Sand to Planks(NS) AC" HashKey="040416160404161616">
    <MapTiles>
      <MapTile TileID="663" AltIDMod="0" />
    </MapTiles>
    <StaticTiles />
  </TransInfo>
  <TransInfo Description="Sand to Planks(NS) AC" HashKey="040416160416040404">
    <MapTiles>
      <MapTile TileID="663" AltIDMod="0" />
    </MapTiles>
    <StaticTiles />
  </TransInfo>
  <TransInfo Description="Sand to Planks(NS) AC" HashKey="040416160416160404">
    <MapTiles>
      <MapTile TileID="663" AltIDMod="0" />
    </MapTiles>
    <StaticTiles />
  </TransInfo>
  <TransInfo Description="Sand to Planks(NS) AC" HashKey="040416160416041604">
    <MapTiles>
      <MapTile TileID="663" AltIDMod="0" />
    </MapTiles>
    <StaticTiles />
  </TransInfo>
  <TransInfo Description="Sand to Planks(NS) AC" HashKey="040416160416161604">
    <MapTiles>
      <MapTile TileID="663" AltIDMod="0" />
    </MapTiles>
    <StaticTiles />
  </TransInfo>
  <TransInfo Description="Sand to Planks(NS) AC" HashKey="040416160416040416">
    <MapTiles>
      <MapTile TileID="663" AltIDMod="0" />
    </MapTiles>
    <StaticTiles />
  </TransInfo>
  <TransInfo Description="Sand to Planks(NS) AC" HashKey="040416160416160416">
    <MapTiles>
      <MapTile TileID="663" AltIDMod="0" />
    </MapTiles>
    <StaticTiles />
  </TransInfo>
  <TransInfo Description="Sand to Planks(NS) AC" HashKey="040416160416041616">
    <MapTiles>
      <MapTile TileID="663" AltIDMod="0" />
    </MapTiles>
    <StaticTiles />
  </TransInfo>
  <TransInfo Description="Sand to Planks(NS) AC" HashKey="040416160416161616">
    <MapTiles>
      <MapTile TileID="663" AltIDMod="0" />
    </MapTiles>
    <StaticTiles />
  </TransInfo>
  <TransInfo Description="Sand to Planks(NS) AC" HashKey="041604040404041604">
    <MapTiles>
      <MapTile TileID="663" AltIDMod="0" />
    </MapTiles>
    <StaticTiles />
  </TransInfo>
  <TransInfo Description="Sand to Planks(NS) AC" HashKey="041604160404041604">
    <MapTiles>
      <MapTile TileID="663" AltIDMod="0" />
    </MapTiles>
    <StaticTiles />
  </TransInfo>
  <TransInfo Description="Sand to Planks(NS) AC" HashKey="041604040404161604">
    <MapTiles>
      <MapTile TileID="663" AltIDMod="0" />
    </MapTiles>
    <StaticTiles />
  </TransInfo>
  <TransInfo Description="Sand to Planks(NS) AC" HashKey="041604160404161604">
    <MapTiles>
      <MapTile TileID="663" AltIDMod="0" />
    </MapTiles>
    <StaticTiles />
  </TransInfo>
  <TransInfo Description="Sand to Planks(NS) AC" HashKey="041604160404040416">
    <MapTiles>
      <MapTile TileID="663" AltIDMod="0" />
    </MapTiles>
    <StaticTiles />
  </TransInfo>
  <TransInfo Description="Sand to Planks(NS) AC" HashKey="041604040404160416">
    <MapTiles>
      <MapTile TileID="663" AltIDMod="0" />
    </MapTiles>
    <StaticTiles />
  </TransInfo>
  <TransInfo Description="Sand to Planks(NS) AC" HashKey="041604160404160416">
    <MapTiles>
      <MapTile TileID="663" AltIDMod="0" />
    </MapTiles>
    <StaticTiles />
  </TransInfo>
  <TransInfo Description="Sand to Planks(NS) AC" HashKey="041604040404041616">
    <MapTiles>
      <MapTile TileID="663" AltIDMod="0" />
    </MapTiles>
    <StaticTiles />
  </TransInfo>
  <TransInfo Description="Sand to Planks(NS) AC" HashKey="041604160404041616">
    <MapTiles>
      <MapTile TileID="663" AltIDMod="0" />
    </MapTiles>
    <StaticTiles />
  </TransInfo>
  <TransInfo Description="Sand to Planks(NS) AC" HashKey="041604040404161616">
    <MapTiles>
      <MapTile TileID="663" AltIDMod="0" />
    </MapTiles>
    <StaticTiles />
  </TransInfo>
  <TransInfo Description="Sand to Planks(NS) AC" HashKey="041604160404161616">
    <MapTiles>
      <MapTile TileID="663" AltIDMod="0" />
    </MapTiles>
    <StaticTiles />
  </TransInfo>
  <TransInfo Description="Sand to Planks(NS) AC" HashKey="041604160416040404">
    <MapTiles>
      <MapTile TileID="663" AltIDMod="0" />
    </MapTiles>
    <StaticTiles />
  </TransInfo>
  <TransInfo Description="Sand to Planks(NS) AC" HashKey="041604040416160404">
    <MapTiles>
      <MapTile TileID="663" AltIDMod="0" />
    </MapTiles>
    <StaticTiles />
  </TransInfo>
  <TransInfo Description="Sand to Planks(NS) AC" HashKey="041604160416160404">
    <MapTiles>
      <MapTile TileID="663" AltIDMod="0" />
    </MapTiles>
    <StaticTiles />
  </TransInfo>
  <TransInfo Description="Sand to Planks(NS) AC" HashKey="041604040416041604">
    <MapTiles>
      <MapTile TileID="663" AltIDMod="0" />
    </MapTiles>
    <StaticTiles />
  </TransInfo>
  <TransInfo Description="Sand to Planks(NS) AC" HashKey="041604160416041604">
    <MapTiles>
      <MapTile TileID="663" AltIDMod="0" />
    </MapTiles>
    <StaticTiles />
  </TransInfo>
  <TransInfo Description="Sand to Planks(NS) AC" HashKey="041604040416161604">
    <MapTiles>
      <MapTile TileID="663" AltIDMod="0" />
    </MapTiles>
    <StaticTiles />
  </TransInfo>
  <TransInfo Description="Sand to Planks(NS) AC" HashKey="041604160416161604">
    <MapTiles>
      <MapTile TileID="663" AltIDMod="0" />
    </MapTiles>
    <StaticTiles />
  </TransInfo>
  <TransInfo Description="Sand to Planks(NS) AC" HashKey="041604160416040416">
    <MapTiles>
      <MapTile TileID="663" AltIDMod="0" />
    </MapTiles>
    <StaticTiles />
  </TransInfo>
  <TransInfo Description="Sand to Planks(NS) AC" HashKey="041604040416160416">
    <MapTiles>
      <MapTile TileID="663" AltIDMod="0" />
    </MapTiles>
    <StaticTiles />
  </TransInfo>
  <TransInfo Description="Sand to Planks(NS) AC" HashKey="041604160416160416">
    <MapTiles>
      <MapTile TileID="663" AltIDMod="0" />
    </MapTiles>
    <StaticTiles />
  </TransInfo>
  <TransInfo Description="Sand to Planks(NS) AC" HashKey="041604040416041616">
    <MapTiles>
      <MapTile TileID="663" AltIDMod="0" />
    </MapTiles>
    <StaticTiles />
  </TransInfo>
  <TransInfo Description="Sand to Planks(NS) AC" HashKey="041604160416041616">
    <MapTiles>
      <MapTile TileID="663" AltIDMod="0" />
    </MapTiles>
    <StaticTiles />
  </TransInfo>
  <TransInfo Description="Sand to Planks(NS) AC" HashKey="041604040416161616">
    <MapTiles>
      <MapTile TileID="663" AltIDMod="0" />
    </MapTiles>
    <StaticTiles />
  </TransInfo>
  <TransInfo Description="Sand to Planks(NS) AC" HashKey="041604160416161616">
    <MapTiles>
      <MapTile TileID="663" AltIDMod="0" />
    </MapTiles>
    <StaticTiles />
  </TransInfo>
  <TransInfo Description="Sand to Planks(NS) AC" HashKey="041616040404041604">
    <MapTiles>
      <MapTile TileID="663" AltIDMod="0" />
    </MapTiles>
    <StaticTiles />
  </TransInfo>
  <TransInfo Description="Sand to Planks(NS) AC" HashKey="041616160404041604">
    <MapTiles>
      <MapTile TileID="663" AltIDMod="0" />
    </MapTiles>
    <StaticTiles />
  </TransInfo>
  <TransInfo Description="Sand to Planks(NS) AC" HashKey="041616040404161604">
    <MapTiles>
      <MapTile TileID="663" AltIDMod="0" />
    </MapTiles>
    <StaticTiles />
  </TransInfo>
  <TransInfo Description="Sand to Planks(NS) AC" HashKey="041616160404161604">
    <MapTiles>
      <MapTile TileID="663" AltIDMod="0" />
    </MapTiles>
    <StaticTiles />
  </TransInfo>
  <TransInfo Description="Sand to Planks(NS) AC" HashKey="041616160404040416">
    <MapTiles>
      <MapTile TileID="663" AltIDMod="0" />
    </MapTiles>
    <StaticTiles />
  </TransInfo>
  <TransInfo Description="Sand to Planks(NS) AC" HashKey="041616040404160416">
    <MapTiles>
      <MapTile TileID="663" AltIDMod="0" />
    </MapTiles>
    <StaticTiles />
  </TransInfo>
  <TransInfo Description="Sand to Planks(NS) AC" HashKey="041616160404160416">
    <MapTiles>
      <MapTile TileID="663" AltIDMod="0" />
    </MapTiles>
    <StaticTiles />
  </TransInfo>
  <TransInfo Description="Sand to Planks(NS) AC" HashKey="041616040404041616">
    <MapTiles>
      <MapTile TileID="663" AltIDMod="0" />
    </MapTiles>
    <StaticTiles />
  </TransInfo>
  <TransInfo Description="Sand to Planks(NS) AC" HashKey="041616160404041616">
    <MapTiles>
      <MapTile TileID="663" AltIDMod="0" />
    </MapTiles>
    <StaticTiles />
  </TransInfo>
  <TransInfo Description="Sand to Planks(NS) AC" HashKey="041616040404161616">
    <MapTiles>
      <MapTile TileID="663" AltIDMod="0" />
    </MapTiles>
    <StaticTiles />
  </TransInfo>
  <TransInfo Description="Sand to Planks(NS) AC" HashKey="041616160404161616">
    <MapTiles>
      <MapTile TileID="663" AltIDMod="0" />
    </MapTiles>
    <StaticTiles />
  </TransInfo>
  <TransInfo Description="Sand to Planks(NS) AC" HashKey="041616160416040404">
    <MapTiles>
      <MapTile TileID="663" AltIDMod="0" />
    </MapTiles>
    <StaticTiles />
  </TransInfo>
  <TransInfo Description="Sand to Planks(NS) AC" HashKey="041616040416160404">
    <MapTiles>
      <MapTile TileID="663" AltIDMod="0" />
    </MapTiles>
    <StaticTiles />
  </TransInfo>
  <TransInfo Description="Sand to Planks(NS) AC" HashKey="041616160416160404">
    <MapTiles>
      <MapTile TileID="663" AltIDMod="0" />
    </MapTiles>
    <StaticTiles />
  </TransInfo>
  <TransInfo Description="Sand to Planks(NS) AC" HashKey="041616040416041604">
    <MapTiles>
      <MapTile TileID="663" AltIDMod="0" />
    </MapTiles>
    <StaticTiles />
  </TransInfo>
  <TransInfo Description="Sand to Planks(NS) AC" HashKey="041616160416041604">
    <MapTiles>
      <MapTile TileID="663" AltIDMod="0" />
    </MapTiles>
    <StaticTiles />
  </TransInfo>
  <TransInfo Description="Sand to Planks(NS) AC" HashKey="041616040416161604">
    <MapTiles>
      <MapTile TileID="663" AltIDMod="0" />
    </MapTiles>
    <StaticTiles />
  </TransInfo>
  <TransInfo Description="Sand to Planks(NS) AC" HashKey="041616160416161604">
    <MapTiles>
      <MapTile TileID="663" AltIDMod="0" />
    </MapTiles>
    <StaticTiles />
  </TransInfo>
  <TransInfo Description="Sand to Planks(NS) AC" HashKey="041616160416040416">
    <MapTiles>
      <MapTile TileID="663" AltIDMod="0" />
    </MapTiles>
    <StaticTiles />
  </TransInfo>
  <TransInfo Description="Sand to Planks(NS) AC" HashKey="041616040416160416">
    <MapTiles>
      <MapTile TileID="663" AltIDMod="0" />
    </MapTiles>
    <StaticTiles />
  </TransInfo>
  <TransInfo Description="Sand to Planks(NS) AC" HashKey="041616160416160416">
    <MapTiles>
      <MapTile TileID="663" AltIDMod="0" />
    </MapTiles>
    <StaticTiles />
  </TransInfo>
  <TransInfo Description="Sand to Planks(NS) AC" HashKey="041616040416041616">
    <MapTiles>
      <MapTile TileID="663" AltIDMod="0" />
    </MapTiles>
    <StaticTiles />
  </TransInfo>
  <TransInfo Description="Sand to Planks(NS) AC" HashKey="041616160416041616">
    <MapTiles>
      <MapTile TileID="663" AltIDMod="0" />
    </MapTiles>
    <StaticTiles />
  </TransInfo>
  <TransInfo Description="Sand to Planks(NS) AC" HashKey="041616040416161616">
    <MapTiles>
      <MapTile TileID="663" AltIDMod="0" />
    </MapTiles>
    <StaticTiles />
  </TransInfo>
  <TransInfo Description="Sand to Planks(NS) AC" HashKey="041616160416161616">
    <MapTiles>
      <MapTile TileID="663" AltIDMod="0" />
    </MapTiles>
    <StaticTiles />
  </TransInfo>
  <TransInfo Description="Sand to Planks(NS) AC" HashKey="160404160416040404">
    <MapTiles>
      <MapTile TileID="663" AltIDMod="0" />
    </MapTiles>
    <StaticTiles />
  </TransInfo>
  <TransInfo Description="Sand to Planks(NS) AC" HashKey="160404040416160404">
    <MapTiles>
      <MapTile TileID="663" AltIDMod="0" />
    </MapTiles>
    <StaticTiles />
  </TransInfo>
  <TransInfo Description="Sand to Planks(NS) AC" HashKey="160404160416160404">
    <MapTiles>
      <MapTile TileID="663" AltIDMod="0" />
    </MapTiles>
    <StaticTiles />
  </TransInfo>
  <TransInfo Description="Sand to Planks(NS) AC" HashKey="160404040416041604">
    <MapTiles>
      <MapTile TileID="663" AltIDMod="0" />
    </MapTiles>
    <StaticTiles />
  </TransInfo>
  <TransInfo Description="Sand to Planks(NS) AC" HashKey="160404160416041604">
    <MapTiles>
      <MapTile TileID="663" AltIDMod="0" />
    </MapTiles>
    <StaticTiles />
  </TransInfo>
  <TransInfo Description="Sand to Planks(NS) AC" HashKey="160404040416161604">
    <MapTiles>
      <MapTile TileID="663" AltIDMod="0" />
    </MapTiles>
    <StaticTiles />
  </TransInfo>
  <TransInfo Description="Sand to Planks(NS) AC" HashKey="160404160416161604">
    <MapTiles>
      <MapTile TileID="663" AltIDMod="0" />
    </MapTiles>
    <StaticTiles />
  </TransInfo>
  <TransInfo Description="Sand to Planks(NS) AC" HashKey="160404160416040416">
    <MapTiles>
      <MapTile TileID="663" AltIDMod="0" />
    </MapTiles>
    <StaticTiles />
  </TransInfo>
  <TransInfo Description="Sand to Planks(NS) AC" HashKey="160404040416160416">
    <MapTiles>
      <MapTile TileID="663" AltIDMod="0" />
    </MapTiles>
    <StaticTiles />
  </TransInfo>
  <TransInfo Description="Sand to Planks(NS) AC" HashKey="160404160416160416">
    <MapTiles>
      <MapTile TileID="663" AltIDMod="0" />
    </MapTiles>
    <StaticTiles />
  </TransInfo>
  <TransInfo Description="Sand to Planks(NS) AC" HashKey="160404040416041616">
    <MapTiles>
      <MapTile TileID="663" AltIDMod="0" />
    </MapTiles>
    <StaticTiles />
  </TransInfo>
  <TransInfo Description="Sand to Planks(NS) AC" HashKey="160404160416041616">
    <MapTiles>
      <MapTile TileID="663" AltIDMod="0" />
    </MapTiles>
    <StaticTiles />
  </TransInfo>
  <TransInfo Description="Sand to Planks(NS) AC" HashKey="160404040416161616">
    <MapTiles>
      <MapTile TileID="663" AltIDMod="0" />
    </MapTiles>
    <StaticTiles />
  </TransInfo>
  <TransInfo Description="Sand to Planks(NS) AC" HashKey="160404160416161616">
    <MapTiles>
      <MapTile TileID="663" AltIDMod="0" />
    </MapTiles>
    <StaticTiles />
  </TransInfo>
  <TransInfo Description="Sand to Planks(NS) AC" HashKey="160416040404041604">
    <MapTiles>
      <MapTile TileID="663" AltIDMod="0" />
    </MapTiles>
    <StaticTiles />
  </TransInfo>
  <TransInfo Description="Sand to Planks(NS) AC" HashKey="160416160404041604">
    <MapTiles>
      <MapTile TileID="663" AltIDMod="0" />
    </MapTiles>
    <StaticTiles />
  </TransInfo>
  <TransInfo Description="Sand to Planks(NS) AC" HashKey="160416040404161604">
    <MapTiles>
      <MapTile TileID="663" AltIDMod="0" />
    </MapTiles>
    <StaticTiles />
  </TransInfo>
  <TransInfo Description="Sand to Planks(NS) AC" HashKey="160416160404161604">
    <MapTiles>
      <MapTile TileID="663" AltIDMod="0" />
    </MapTiles>
    <StaticTiles />
  </TransInfo>
  <TransInfo Description="Sand to Planks(NS) AC" HashKey="160416160404040416">
    <MapTiles>
      <MapTile TileID="663" AltIDMod="0" />
    </MapTiles>
    <StaticTiles />
  </TransInfo>
  <TransInfo Description="Sand to Planks(NS) AC" HashKey="160416040404160416">
    <MapTiles>
      <MapTile TileID="663" AltIDMod="0" />
    </MapTiles>
    <StaticTiles />
  </TransInfo>
  <TransInfo Description="Sand to Planks(NS) AC" HashKey="160416160404160416">
    <MapTiles>
      <MapTile TileID="663" AltIDMod="0" />
    </MapTiles>
    <StaticTiles />
  </TransInfo>
  <TransInfo Description="Sand to Planks(NS) AC" HashKey="160416040404041616">
    <MapTiles>
      <MapTile TileID="663" AltIDMod="0" />
    </MapTiles>
    <StaticTiles />
  </TransInfo>
  <TransInfo Description="Sand to Planks(NS) AC" HashKey="160416160404041616">
    <MapTiles>
      <MapTile TileID="663" AltIDMod="0" />
    </MapTiles>
    <StaticTiles />
  </TransInfo>
  <TransInfo Description="Sand to Planks(NS) AC" HashKey="160416040404161616">
    <MapTiles>
      <MapTile TileID="663" AltIDMod="0" />
    </MapTiles>
    <StaticTiles />
  </TransInfo>
  <TransInfo Description="Sand to Planks(NS) AC" HashKey="160416160404161616">
    <MapTiles>
      <MapTile TileID="663" AltIDMod="0" />
    </MapTiles>
    <StaticTiles />
  </TransInfo>
  <TransInfo Description="Sand to Planks(NS) AC" HashKey="160416160416040404">
    <MapTiles>
      <MapTile TileID="663" AltIDMod="0" />
    </MapTiles>
    <StaticTiles />
  </TransInfo>
  <TransInfo Description="Sand to Planks(NS) AC" HashKey="160416040416160404">
    <MapTiles>
      <MapTile TileID="663" AltIDMod="0" />
    </MapTiles>
    <StaticTiles />
  </TransInfo>
  <TransInfo Description="Sand to Planks(NS) AC" HashKey="160416160416160404">
    <MapTiles>
      <MapTile TileID="663" AltIDMod="0" />
    </MapTiles>
    <StaticTiles />
  </TransInfo>
  <TransInfo Description="Sand to Planks(NS) AC" HashKey="160416040416041604">
    <MapTiles>
      <MapTile TileID="663" AltIDMod="0" />
    </MapTiles>
    <StaticTiles />
  </TransInfo>
  <TransInfo Description="Sand to Planks(NS) AC" HashKey="160416160416041604">
    <MapTiles>
      <MapTile TileID="663" AltIDMod="0" />
    </MapTiles>
    <StaticTiles />
  </TransInfo>
  <TransInfo Description="Sand to Planks(NS) AC" HashKey="160416040416161604">
    <MapTiles>
      <MapTile TileID="663" AltIDMod="0" />
    </MapTiles>
    <StaticTiles />
  </TransInfo>
  <TransInfo Description="Sand to Planks(NS) AC" HashKey="160416160416161604">
    <MapTiles>
      <MapTile TileID="663" AltIDMod="0" />
    </MapTiles>
    <StaticTiles />
  </TransInfo>
  <TransInfo Description="Sand to Planks(NS) AC" HashKey="160416160416040416">
    <MapTiles>
      <MapTile TileID="663" AltIDMod="0" />
    </MapTiles>
    <StaticTiles />
  </TransInfo>
  <TransInfo Description="Sand to Planks(NS) AC" HashKey="160416040416160416">
    <MapTiles>
      <MapTile TileID="663" AltIDMod="0" />
    </MapTiles>
    <StaticTiles />
  </TransInfo>
  <TransInfo Description="Sand to Planks(NS) AC" HashKey="160416160416160416">
    <MapTiles>
      <MapTile TileID="663" AltIDMod="0" />
    </MapTiles>
    <StaticTiles />
  </TransInfo>
  <TransInfo Description="Sand to Planks(NS) AC" HashKey="160416040416041616">
    <MapTiles>
      <MapTile TileID="663" AltIDMod="0" />
    </MapTiles>
    <StaticTiles />
  </TransInfo>
  <TransInfo Description="Sand to Planks(NS) AC" HashKey="160416160416041616">
    <MapTiles>
      <MapTile TileID="663" AltIDMod="0" />
    </MapTiles>
    <StaticTiles />
  </TransInfo>
  <TransInfo Description="Sand to Planks(NS) AC" HashKey="160416040416161616">
    <MapTiles>
      <MapTile TileID="663" AltIDMod="0" />
    </MapTiles>
    <StaticTiles />
  </TransInfo>
  <TransInfo Description="Sand to Planks(NS) AC" HashKey="160416160416161616">
    <MapTiles>
      <MapTile TileID="663" AltIDMod="0" />
    </MapTiles>
    <StaticTiles />
  </TransInfo>
  <TransInfo Description="Sand to Planks(NS) AC" HashKey="161604040404041604">
    <MapTiles>
      <MapTile TileID="663" AltIDMod="0" />
    </MapTiles>
    <StaticTiles />
  </TransInfo>
  <TransInfo Description="Sand to Planks(NS) AC" HashKey="161604160404041604">
    <MapTiles>
      <MapTile TileID="663" AltIDMod="0" />
    </MapTiles>
    <StaticTiles />
  </TransInfo>
  <TransInfo Description="Sand to Planks(NS) AC" HashKey="161604040404161604">
    <MapTiles>
      <MapTile TileID="663" AltIDMod="0" />
    </MapTiles>
    <StaticTiles />
  </TransInfo>
  <TransInfo Description="Sand to Planks(NS) AC" HashKey="161604160404161604">
    <MapTiles>
      <MapTile TileID="663" AltIDMod="0" />
    </MapTiles>
    <StaticTiles />
  </TransInfo>
  <TransInfo Description="Sand to Planks(NS) AC" HashKey="161604160404040416">
    <MapTiles>
      <MapTile TileID="663" AltIDMod="0" />
    </MapTiles>
    <StaticTiles />
  </TransInfo>
  <TransInfo Description="Sand to Planks(NS) AC" HashKey="161604040404160416">
    <MapTiles>
      <MapTile TileID="663" AltIDMod="0" />
    </MapTiles>
    <StaticTiles />
  </TransInfo>
  <TransInfo Description="Sand to Planks(NS) AC" HashKey="161604160404160416">
    <MapTiles>
      <MapTile TileID="663" AltIDMod="0" />
    </MapTiles>
    <StaticTiles />
  </TransInfo>
  <TransInfo Description="Sand to Planks(NS) AC" HashKey="161604040404041616">
    <MapTiles>
      <MapTile TileID="663" AltIDMod="0" />
    </MapTiles>
    <StaticTiles />
  </TransInfo>
  <TransInfo Description="Sand to Planks(NS) AC" HashKey="161604160404041616">
    <MapTiles>
      <MapTile TileID="663" AltIDMod="0" />
    </MapTiles>
    <StaticTiles />
  </TransInfo>
  <TransInfo Description="Sand to Planks(NS) AC" HashKey="161604040404161616">
    <MapTiles>
      <MapTile TileID="663" AltIDMod="0" />
    </MapTiles>
    <StaticTiles />
  </TransInfo>
  <TransInfo Description="Sand to Planks(NS) AC" HashKey="161604160404161616">
    <MapTiles>
      <MapTile TileID="663" AltIDMod="0" />
    </MapTiles>
    <StaticTiles />
  </TransInfo>
  <TransInfo Description="Sand to Planks(NS) AC" HashKey="161604160416040404">
    <MapTiles>
      <MapTile TileID="663" AltIDMod="0" />
    </MapTiles>
    <StaticTiles />
  </TransInfo>
  <TransInfo Description="Sand to Planks(NS) AC" HashKey="161604040416160404">
    <MapTiles>
      <MapTile TileID="663" AltIDMod="0" />
    </MapTiles>
    <StaticTiles />
  </TransInfo>
  <TransInfo Description="Sand to Planks(NS) AC" HashKey="161604160416160404">
    <MapTiles>
      <MapTile TileID="663" AltIDMod="0" />
    </MapTiles>
    <StaticTiles />
  </TransInfo>
  <TransInfo Description="Sand to Planks(NS) AC" HashKey="161604040416041604">
    <MapTiles>
      <MapTile TileID="663" AltIDMod="0" />
    </MapTiles>
    <StaticTiles />
  </TransInfo>
  <TransInfo Description="Sand to Planks(NS) AC" HashKey="161604160416041604">
    <MapTiles>
      <MapTile TileID="663" AltIDMod="0" />
    </MapTiles>
    <StaticTiles />
  </TransInfo>
  <TransInfo Description="Sand to Planks(NS) AC" HashKey="161604040416161604">
    <MapTiles>
      <MapTile TileID="663" AltIDMod="0" />
    </MapTiles>
    <StaticTiles />
  </TransInfo>
  <TransInfo Description="Sand to Planks(NS) AC" HashKey="161604160416161604">
    <MapTiles>
      <MapTile TileID="663" AltIDMod="0" />
    </MapTiles>
    <StaticTiles />
  </TransInfo>
  <TransInfo Description="Sand to Planks(NS) AC" HashKey="161604160416040416">
    <MapTiles>
      <MapTile TileID="663" AltIDMod="0" />
    </MapTiles>
    <StaticTiles />
  </TransInfo>
  <TransInfo Description="Sand to Planks(NS) AC" HashKey="161604040416160416">
    <MapTiles>
      <MapTile TileID="663" AltIDMod="0" />
    </MapTiles>
    <StaticTiles />
  </TransInfo>
  <TransInfo Description="Sand to Planks(NS) AC" HashKey="161604160416160416">
    <MapTiles>
      <MapTile TileID="663" AltIDMod="0" />
    </MapTiles>
    <StaticTiles />
  </TransInfo>
  <TransInfo Description="Sand to Planks(NS) AC" HashKey="161604040416041616">
    <MapTiles>
      <MapTile TileID="663" AltIDMod="0" />
    </MapTiles>
    <StaticTiles />
  </TransInfo>
  <TransInfo Description="Sand to Planks(NS) AC" HashKey="161604160416041616">
    <MapTiles>
      <MapTile TileID="663" AltIDMod="0" />
    </MapTiles>
    <StaticTiles />
  </TransInfo>
  <TransInfo Description="Sand to Planks(NS) AC" HashKey="161604040416161616">
    <MapTiles>
      <MapTile TileID="663" AltIDMod="0" />
    </MapTiles>
    <StaticTiles />
  </TransInfo>
  <TransInfo Description="Sand to Planks(NS) AC" HashKey="161604160416161616">
    <MapTiles>
      <MapTile TileID="663" AltIDMod="0" />
    </MapTiles>
    <StaticTiles />
  </TransInfo>
  <TransInfo Description="Sand to Planks(NS) AC" HashKey="161616040404041604">
    <MapTiles>
      <MapTile TileID="663" AltIDMod="0" />
    </MapTiles>
    <StaticTiles />
  </TransInfo>
  <TransInfo Description="Sand to Planks(NS) AC" HashKey="161616160404041604">
    <MapTiles>
      <MapTile TileID="663" AltIDMod="0" />
    </MapTiles>
    <StaticTiles />
  </TransInfo>
  <TransInfo Description="Sand to Planks(NS) AC" HashKey="161616040404161604">
    <MapTiles>
      <MapTile TileID="663" AltIDMod="0" />
    </MapTiles>
    <StaticTiles />
  </TransInfo>
  <TransInfo Description="Sand to Planks(NS) AC" HashKey="161616160404161604">
    <MapTiles>
      <MapTile TileID="663" AltIDMod="0" />
    </MapTiles>
    <StaticTiles />
  </TransInfo>
  <TransInfo Description="Sand to Planks(NS) AC" HashKey="161616160404040416">
    <MapTiles>
      <MapTile TileID="663" AltIDMod="0" />
    </MapTiles>
    <StaticTiles />
  </TransInfo>
  <TransInfo Description="Sand to Planks(NS) AC" HashKey="161616040404160416">
    <MapTiles>
      <MapTile TileID="663" AltIDMod="0" />
    </MapTiles>
    <StaticTiles />
  </TransInfo>
  <TransInfo Description="Sand to Planks(NS) AC" HashKey="161616160404160416">
    <MapTiles>
      <MapTile TileID="663" AltIDMod="0" />
    </MapTiles>
    <StaticTiles />
  </TransInfo>
  <TransInfo Description="Sand to Planks(NS) AC" HashKey="161616040404041616">
    <MapTiles>
      <MapTile TileID="663" AltIDMod="0" />
    </MapTiles>
    <StaticTiles />
  </TransInfo>
  <TransInfo Description="Sand to Planks(NS) AC" HashKey="161616160404041616">
    <MapTiles>
      <MapTile TileID="663" AltIDMod="0" />
    </MapTiles>
    <StaticTiles />
  </TransInfo>
  <TransInfo Description="Sand to Planks(NS) AC" HashKey="161616040404161616">
    <MapTiles>
      <MapTile TileID="663" AltIDMod="0" />
    </MapTiles>
    <StaticTiles />
  </TransInfo>
  <TransInfo Description="Sand to Planks(NS) AC" HashKey="161616160404161616">
    <MapTiles>
      <MapTile TileID="663" AltIDMod="0" />
    </MapTiles>
    <StaticTiles />
  </TransInfo>
  <TransInfo Description="Sand to Planks(NS) AC" HashKey="161616160416040404">
    <MapTiles>
      <MapTile TileID="663" AltIDMod="0" />
    </MapTiles>
    <StaticTiles />
  </TransInfo>
  <TransInfo Description="Sand to Planks(NS) AC" HashKey="161616040416160404">
    <MapTiles>
      <MapTile TileID="663" AltIDMod="0" />
    </MapTiles>
    <StaticTiles />
  </TransInfo>
  <TransInfo Description="Sand to Planks(NS) AC" HashKey="161616160416160404">
    <MapTiles>
      <MapTile TileID="663" AltIDMod="0" />
    </MapTiles>
    <StaticTiles />
  </TransInfo>
  <TransInfo Description="Sand to Planks(NS) AC" HashKey="161616040416041604">
    <MapTiles>
      <MapTile TileID="663" AltIDMod="0" />
    </MapTiles>
    <StaticTiles />
  </TransInfo>
  <TransInfo Description="Sand to Planks(NS) AC" HashKey="161616160416041604">
    <MapTiles>
      <MapTile TileID="663" AltIDMod="0" />
    </MapTiles>
    <StaticTiles />
  </TransInfo>
  <TransInfo Description="Sand to Planks(NS) AC" HashKey="161616040416161604">
    <MapTiles>
      <MapTile TileID="663" AltIDMod="0" />
    </MapTiles>
    <StaticTiles />
  </TransInfo>
  <TransInfo Description="Sand to Planks(NS) AC" HashKey="161616160416161604">
    <MapTiles>
      <MapTile TileID="663" AltIDMod="0" />
    </MapTiles>
    <StaticTiles />
  </TransInfo>
  <TransInfo Description="Sand to Planks(NS) AC" HashKey="161616160416040416">
    <MapTiles>
      <MapTile TileID="663" AltIDMod="0" />
    </MapTiles>
    <StaticTiles />
  </TransInfo>
  <TransInfo Description="Sand to Planks(NS) AC" HashKey="161616040416160416">
    <MapTiles>
      <MapTile TileID="663" AltIDMod="0" />
    </MapTiles>
    <StaticTiles />
  </TransInfo>
  <TransInfo Description="Sand to Planks(NS) AC" HashKey="161616160416160416">
    <MapTiles>
      <MapTile TileID="663" AltIDMod="0" />
    </MapTiles>
    <StaticTiles />
  </TransInfo>
  <TransInfo Description="Sand to Planks(NS) AC" HashKey="161616040416041616">
    <MapTiles>
      <MapTile TileID="663" AltIDMod="0" />
    </MapTiles>
    <StaticTiles />
  </TransInfo>
  <TransInfo Description="Sand to Planks(NS) AC" HashKey="161616160416041616">
    <MapTiles>
      <MapTile TileID="663" AltIDMod="0" />
    </MapTiles>
    <StaticTiles />
  </TransInfo>
  <TransInfo Description="Sand to Planks(NS) AC" HashKey="161616040416161616">
    <MapTiles>
      <MapTile TileID="663" AltIDMod="0" />
    </MapTiles>
    <StaticTiles />
  </TransInfo>
  <TransInfo Description="Sand to Planks(NS) AC" HashKey="161616160416161616">
    <MapTiles>
      <MapTile TileID="663" AltIDMod="0" />
    </MapTiles>
    <StaticTiles />
  </TransInfo>
  <TransInfo Description="Sand to Planks(NS) IWE" HashKey="160404040404040416">
    <MapTiles>
      <MapTile TileID="22" AltIDMod="0" />
    </MapTiles>
    <StaticTiles />
  </TransInfo>
  <TransInfo Description="Sand to Planks(NS) INS" HashKey="040416040404160404">
    <MapTiles>
      <MapTile TileID="22" AltIDMod="0" />
    </MapTiles>
    <StaticTiles />
  </TransInfo>
</Trans>