<?xml version="1.0" encoding="utf-8"?>
<RandomStatics Chance="1">
	<Statics Description="Tree grey, green leaves" Freq="1">
		<Static TileID="3277" X="0" Y="0" Z="0" Hue="0"/>
		<Static TileID="3278" X="0" Y="0" Z="0" Hue="0"/>
	</Statics>
	<Statics Description="Tree grey, green leaves" Freq="1">
		<Static TileID="3283" X="0" Y="0" Z="0" Hue="0"/>
		<Static TileID="3284" X="0" Y="0" Z="0" Hue="0"/>
	</Statics>
	<Statics Description="Tree, warm brown, green leaves" Freq="1">
		<Static TileID="3280" X="0" Y="0" Z="0" Hue="0"/>
		<Static TileID="3281" X="0" Y="0" Z="0" Hue="0"/>
	</Statics>
	<Statics Description="Tree grey, green leaves" Freq="1">
		<Static TileID="CD3" X="0" Y="0" Z="0" Hue="0"/>
		<Static TileID="CD4" X="0" Y="0" Z="0" Hue="0"/>
	</Statics>
	<Statics Description="Oak tree, green leaves" Freq="1">
		<Static TileID="CDD" X="0" Y="0" Z="0" Hue="0"/>
		<Static TileID="CDE" X="0" Y="0" Z="0" Hue="0"/>
	</Statics>
	<Statics Description=" Walnut tree, green leaves" Freq="1">
		<Static TileID="CE3" X="0" Y="0" Z="0" Hue="0"/>
		<Static TileID="CE4" X="0" Y="0" Z="0" Hue="0"/>
	</Statics>
	<Statics Description="Willow tree, green leaves" Freq="1">
		<Static TileID="CE6" X="0" Y="0" Z="0" Hue="0"/>
		<Static TileID="CE7" X="0" Y="0" Z="0" Hue="0"/>
	</Statics>
	<Statics Description="Foxglove flower" Freq="5">
		<Static TileID="C84" X="0" Y="0" Z="0" Hue="0"/>
	</Statics>
	<Statics Description="Ourflour flower" Freq="5">
		<Static TileID="C85" X="0" Y="0" Z="0" Hue="0"/>
	</Statics>
	<Statics Description="Campion flowers" Freq="5">
		<Static TileID="C87" X="0" Y="0" Z="0" Hue="0"/>
	</Statics>
	<Statics Description="Snowdrops" Freq="5">
		<Static TileID="C88" X="0" Y="0" Z="0" Hue="0"/>
	</Statics>
	<Statics Description="Foxglove flower" Freq="0">
		<Static TileID="C8A" X="0" Y="0" Z="0" Hue="0"/>
	</Statics>
	<Statics Description="White flowers" Freq="0">
		<Static TileID="C8B" X="0" Y="0" Z="0" Hue="0"/>
	</Statics>
	<Statics Description="White flowers" Freq="10">
		<Static TileID="C8C" X="0" Y="0" Z="0" Hue="0"/>
	</Statics>
	<Statics Description="Poppies" Freq="0">
		<Static TileID="cbe" X="0" Y="0" Z="0" Hue="0"/>
	</Statics>
	<Statics Description="Poppies" Freq="5">
		<Static TileID="cbf" X="0" Y="0" Z="0" Hue="0"/>
	</Statics>
	<Statics Description="Mushroom Ring" Freq="5">
		<Static TileID="3343" X="2" Y="0" Z="0" Hue="0"/>
		<Static TileID="3344" X="1" Y="1" Z="0" Hue="0"/>
		<Static TileID="3342" X="3" Y="1" Z="0" Hue="0"/>
		<Static TileID="3345" X="0" Y="2" Z="0" Hue="0"/>
		<Static TileID="3341" X="2" Y="2" Z="0" Hue="0"/>
		<Static TileID="3340" X="1" Y="3" Z="0" Hue="0"/>
	</Statics>
	<Statics Description="Mushrooms" Freq="0">
		<Static TileID="3346" X="0" Y="0" Z="0" Hue="0"/>
	</Statics>
	<Statics Description="Mushrooms" Freq="5">
		<Static TileID="3347" X="0" Y="0" Z="0" Hue="0"/>
	</Statics>
	<Statics Description="Mushrooms" Freq="5">
		<Static TileID="3348" X="0" Y="0" Z="0" Hue="0"/>
	</Statics>
	<Statics Description="Mushrooms" Freq="0">
		<Static TileID="3349" X="0" Y="0" Z="0" Hue="0"/>
	</Statics>
	<Statics Description="Mushrooms" Freq="0">
		<Static TileID="3350" X="0" Y="0" Z="0" Hue="0"/>
	</Statics>
	<Statics Description="Mushrooms" Freq="5">
		<Static TileID="3351" X="0" Y="0" Z="0" Hue="0"/>
	</Statics>
	<Statics Description="Mushrooms" Freq="5">
		<Static TileID="3352" X="0" Y="0" Z="0" Hue="0"/>
	</Statics>
	<Statics Description="Mushrooms" Freq="0">
		<Static TileID="3353" X="0" Y="0" Z="0" Hue="0"/>
	</Statics>
	<Statics Description="Rocks" Freq="5">
		<Static TileID="6003" X="0" Y="0" Z="0" Hue="0"/>
	</Statics>
	<Statics Description="Rocks" Freq="5">
		<Static TileID="6004" X="0" Y="0" Z="0" Hue="0"/>
	</Statics>
	<Statics Description="Rocks" Freq="5">
		<Static TileID="6011" X="0" Y="0" Z="0" Hue="0"/>
	</Statics>
	<Statics Description="Rocks" Freq="5">
		<Static TileID="6012" X="0" Y="0" Z="0" Hue="0"/>
	</Statics>
	<Statics Description="Flowers" Freq="5">
		<Static TileID="3127" X="0" Y="0" Z="0" Hue="0"/>
	</Statics>
	<Statics Description="Flowers" Freq="5">
		<Static TileID="3128" X="0" Y="0" Z="0" Hue="0"/>
	</Statics>
	<Statics Description="Flowers" Freq="5">
		<Static TileID="3141" X="0" Y="0" Z="0" Hue="0"/>
	</Statics>
	<Statics Description="Flowers" Freq="5">
		<Static TileID="3142" X="0" Y="0" Z="0" Hue="0"/>
	</Statics>
	<Statics Description="Flowers" Freq="5">
		<Static TileID="3143" X="0" Y="0" Z="0" Hue="0"/>
	</Statics>
	<Statics Description="Flowers" Freq="5">
		<Static TileID="3144" X="0" Y="0" Z="0" Hue="0"/>
	</Statics>
	<Statics Description="Flowers" Freq="5">
		<Static TileID="3145" X="0" Y="0" Z="0" Hue="0"/>
	</Statics>
	<Statics Description="Flowers" Freq="5">
		<Static TileID="3146" X="0" Y="0" Z="0" Hue="0"/>
	</Statics>
	<Statics Description="Flowers" Freq="5">
		<Static TileID="3147" X="0" Y="0" Z="0" Hue="0"/>
	</Statics>
	<Statics Description="Flowers" Freq="5">
		<Static TileID="3148" X="0" Y="0" Z="0" Hue="0"/>
	</Statics>
	<Statics Description="Flowers" Freq="5">
		<Static TileID="3149" X="0" Y="0" Z="0" Hue="0"/>
	</Statics>
	<Statics Description="Flowers" Freq="5">
		<Static TileID="3150" X="0" Y="0" Z="0" Hue="0"/>
	</Statics>
	<Statics Description="Grasses" Freq="10">
		<Static TileID="3248" X="0" Y="0" Z="0" Hue="0"/>
	</Statics>
	<Statics Description="Grasses" Freq="10">
		<Static TileID="3249" X="0" Y="0" Z="0" Hue="0"/>
	</Statics>
	<Statics Description="Grasses" Freq="10">
		<Static TileID="3250" X="0" Y="0" Z="0" Hue="0"/>
	</Statics>
	<Statics Description="Grasses" Freq="10">
		<Static TileID="3251" X="0" Y="0" Z="0" Hue="0"/>
	</Statics>
	<Statics Description="Grasses" Freq="10">
		<Static TileID="3253" X="0" Y="0" Z="0" Hue="0"/>
	</Statics>
	<Statics Description="Grasses" Freq="10">
		<Static TileID="3258" X="0" Y="0" Z="0" Hue="0"/>
	</Statics>
</RandomStatics>
