﻿<?xml version="1.0" encoding="utf-8"?>
<Trans>
  <TransInfo Description="Cobblestones To Grass" HashKey="010118181801181818">
    <MapTiles>
      <MapTile TileID="1668" AltIDMod="0" />
    </MapTiles>
    <StaticTiles />
  </TransInfo>
  <TransInfo Description="Cobblestones To Grass" HashKey="181818181801181818">
    <MapTiles>
      <MapTile TileID="1663" AltIDMod="0" />
    </MapTiles>
    <StaticTiles />
  </TransInfo>
  <TransInfo Description="Cobblestones To Grass" HashKey="181801011818181818">
    <MapTiles>
      <MapTile TileID="1666" AltIDMod="0" />
    </MapTiles>
    <StaticTiles />
  </TransInfo>
  <TransInfo Description="Cobblestones To Grass" HashKey="180101011818011818">
    <MapTiles>
      <MapTile TileID="1666" AltIDMod="0" />
    </MapTiles>
    <StaticTiles />
  </TransInfo>
  <TransInfo Description="Cobblestones To Grass" HashKey="180118181801181818">
    <MapTiles>
      <MapTile TileID="1668" AltIDMod="0" />
    </MapTiles>
    <StaticTiles />
  </TransInfo>
  <TransInfo Description="Cobblestones To Grass" HashKey="010101011818011818">
    <MapTiles>
      <MapTile TileID="1666" AltIDMod="0" />
    </MapTiles>
    <StaticTiles />
  </TransInfo>
  <TransInfo Description="Cobblestones To Grass" HashKey="011818011818181801">
    <MapTiles>
      <MapTile TileID="1667" AltIDMod="0" />
    </MapTiles>
    <StaticTiles />
  </TransInfo>
  <TransInfo Description="Cobblestones To Grass" HashKey="011818011818011818">
    <MapTiles>
      <MapTile TileID="1662" AltIDMod="0" />
    </MapTiles>
    <StaticTiles />
  </TransInfo>
  <TransInfo Description="Cobblestones To Grass" HashKey="011818181818010101">
    <MapTiles>
      <MapTile TileID="1667" AltIDMod="0" />
    </MapTiles>
    <StaticTiles />
  </TransInfo>
  <TransInfo Description="Cobblestones To Grass" HashKey="181818181818181801">
    <MapTiles>
      <MapTile TileID="1670" AltIDMod="0" />
    </MapTiles>
    <StaticTiles />
  </TransInfo>
  <TransInfo Description="Cobblestones To Grass" HashKey="180118181818181818">
    <MapTiles>
      <MapTile TileID="1661" AltIDMod="0" />
    </MapTiles>
    <StaticTiles />
  </TransInfo>
  <TransInfo Description="Cobblestones To Grass" HashKey="181818011818180118">
    <MapTiles>
      <MapTile TileID="1667" AltIDMod="0" />
    </MapTiles>
    <StaticTiles />
  </TransInfo>
  <TransInfo Description="Cobblestones To Grass" HashKey="180118181818011818">
    <MapTiles>
      <MapTile TileID="1666" AltIDMod="0" />
    </MapTiles>
    <StaticTiles />
  </TransInfo>
  <TransInfo Description="Cobblestones To Grass" HashKey="181818181801011801">
    <MapTiles>
      <MapTile TileID="1665" AltIDMod="0" />
    </MapTiles>
    <StaticTiles />
  </TransInfo>
  <TransInfo Description="Cobblestones To Grass" HashKey="011818011818180118">
    <MapTiles>
      <MapTile TileID="1667" AltIDMod="0" />
    </MapTiles>
    <StaticTiles />
  </TransInfo>
  <TransInfo Description="Cobblestones To Grass" HashKey="011818181801181801">
    <MapTiles>
      <MapTile TileID="1668" AltIDMod="0" />
    </MapTiles>
    <StaticTiles />
  </TransInfo>
  <TransInfo Description="Cobblestones To Grass" HashKey="181818181818180118">
    <MapTiles>
      <MapTile TileID="1664" AltIDMod="0" />
    </MapTiles>
    <StaticTiles />
  </TransInfo>
  <TransInfo Description="Cobblestones To Grass" HashKey="181818181801010118">
    <MapTiles>
      <MapTile TileID="1665" AltIDMod="0" />
    </MapTiles>
    <StaticTiles />
  </TransInfo>
  <TransInfo Description="Cobblestones To Grass" HashKey="180118181801181801">
    <MapTiles>
      <MapTile TileID="1668" AltIDMod="0" />
    </MapTiles>
    <StaticTiles />
  </TransInfo>
  <TransInfo Description="Cobblestones To Grass" HashKey="181801011818011818">
    <MapTiles>
      <MapTile TileID="1666" AltIDMod="0" />
    </MapTiles>
    <StaticTiles />
  </TransInfo>
  <TransInfo Description="Cobblestones To Grass" HashKey="181801181818010101">
    <MapTiles>
      <MapTile TileID="1665" AltIDMod="0" />
    </MapTiles>
    <StaticTiles />
  </TransInfo>
  <TransInfo Description="Cobblestones To Grass" HashKey="181801181818181818">
    <MapTiles>
      <MapTile TileID="1671" AltIDMod="0" />
    </MapTiles>
    <StaticTiles />
  </TransInfo>
  <TransInfo Description="Cobblestones To Grass" HashKey="010101181818181818">
    <MapTiles>
      <MapTile TileID="1661" AltIDMod="0" />
    </MapTiles>
    <StaticTiles />
  </TransInfo>
  <TransInfo Description="Cobblestones To Grass" HashKey="010101181818011818">
    <MapTiles>
      <MapTile TileID="1666" AltIDMod="0" />
    </MapTiles>
    <StaticTiles />
  </TransInfo>
  <TransInfo Description="Cobblestones To Grass" HashKey="011818181818181818">
    <MapTiles>
      <MapTile TileID="1669" AltIDMod="0" />
    </MapTiles>
    <StaticTiles />
  </TransInfo>
  <TransInfo Description="Cobblestones To Grass" HashKey="181818011818180101">
    <MapTiles>
      <MapTile TileID="1667" AltIDMod="0" />
    </MapTiles>
    <StaticTiles />
  </TransInfo>
  <TransInfo Description="Cobblestones To Grass" HashKey="011818181818011818">
    <MapTiles>
      <MapTile TileID="1662" AltIDMod="0" />
    </MapTiles>
    <StaticTiles />
  </TransInfo>
  <TransInfo Description="Cobblestones To Grass" HashKey="181818011818181801">
    <MapTiles>
      <MapTile TileID="1667" AltIDMod="0" />
    </MapTiles>
    <StaticTiles />
  </TransInfo>
  <TransInfo Description="Cobblestones To Grass" HashKey="181801181801181801">
    <MapTiles>
      <MapTile TileID="1663" AltIDMod="0" />
    </MapTiles>
    <StaticTiles />
  </TransInfo>
  <TransInfo Description="Cobblestones To Grass" HashKey="181801181801011818">
    <MapTiles>
      <MapTile TileID="1665" AltIDMod="0" />
    </MapTiles>
    <StaticTiles />
  </TransInfo>
  <TransInfo Description="Cobblestones To Grass" HashKey="181818181801180118">
    <MapTiles>
      <MapTile TileID="1665" AltIDMod="0" />
    </MapTiles>
    <StaticTiles />
  </TransInfo>
  <TransInfo Description="Cobblestones To Grass" HashKey="181818181818010118">
    <MapTiles>
      <MapTile TileID="1664" AltIDMod="0" />
    </MapTiles>
    <StaticTiles />
  </TransInfo>
  <TransInfo Description="Cobblestones To Grass" HashKey="181801181801180118">
    <MapTiles>
      <MapTile TileID="1665" AltIDMod="0" />
    </MapTiles>
    <StaticTiles />
  </TransInfo>
  <TransInfo Description="Cobblestones To Grass" HashKey="180118181818181801">
    <MapTiles>
      <MapTile TileID="1668" AltIDMod="0" />
    </MapTiles>
    <StaticTiles />
  </TransInfo>
  <TransInfo Description="Cobblestones To Grass" HashKey="010118181818181801">
    <MapTiles>
      <MapTile TileID="1668" AltIDMod="0" />
    </MapTiles>
    <StaticTiles />
  </TransInfo>
  <TransInfo Description="Cobblestones To Grass" HashKey="010101181801181801">
    <MapTiles>
      <MapTile TileID="1668" AltIDMod="0" />
    </MapTiles>
    <StaticTiles />
  </TransInfo>
  <TransInfo Description="Cobblestones To Grass" HashKey="011818181818011801">
    <MapTiles>
      <MapTile TileID="1667" AltIDMod="0" />
    </MapTiles>
    <StaticTiles />
  </TransInfo>
  <TransInfo Description="Cobblestones To Grass" HashKey="011818011818010118">
    <MapTiles>
      <MapTile TileID="1667" AltIDMod="0" />
    </MapTiles>
    <StaticTiles />
  </TransInfo>
  <TransInfo Description="Cobblestones To Grass" HashKey="181818181801180101">
    <MapTiles>
      <MapTile TileID="1665" AltIDMod="0" />
    </MapTiles>
    <StaticTiles />
  </TransInfo>
  <TransInfo Description="Cobblestones To Grass" HashKey="011801181801181801">
    <MapTiles>
      <MapTile TileID="1668" AltIDMod="0" />
    </MapTiles>
    <StaticTiles />
  </TransInfo>
  <TransInfo Description="Cobblestones To Grass" HashKey="181818181801181801">
    <MapTiles>
      <MapTile TileID="1663" AltIDMod="0" />
    </MapTiles>
    <StaticTiles />
  </TransInfo>
  <TransInfo Description="Cobblestones To Grass" HashKey="011818181818010118">
    <MapTiles>
      <MapTile TileID="1667" AltIDMod="0" />
    </MapTiles>
    <StaticTiles />
  </TransInfo>
  <TransInfo Description="Cobblestones To Grass" HashKey="181818181818010101">
    <MapTiles>
      <MapTile TileID="1664" AltIDMod="0" />
    </MapTiles>
    <StaticTiles />
  </TransInfo>
  <TransInfo Description="Cobblestones To Grass" HashKey="181801181801181818">
    <MapTiles>
      <MapTile TileID="1663" AltIDMod="0" />
    </MapTiles>
    <StaticTiles />
  </TransInfo>
  <TransInfo Description="Cobblestones To Grass" HashKey="181818011818010101">
    <MapTiles>
      <MapTile TileID="1667" AltIDMod="0" />
    </MapTiles>
    <StaticTiles />
  </TransInfo>
  <TransInfo Description="Cobblestones To Grass" HashKey="181818181818011801">
    <MapTiles>
      <MapTile TileID="1664" AltIDMod="0" />
    </MapTiles>
    <StaticTiles />
  </TransInfo>
  <TransInfo Description="Cobblestones To Grass" HashKey="181801181818180118">
    <MapTiles>
      <MapTile TileID="1665" AltIDMod="0" />
    </MapTiles>
    <StaticTiles />
  </TransInfo>
  <TransInfo Description="Cobblestones To Grass" HashKey="180101181801181801">
    <MapTiles>
      <MapTile TileID="1668" AltIDMod="0" />
    </MapTiles>
    <StaticTiles />
  </TransInfo>
  <TransInfo Description="Cobblestones To Grass" HashKey="010118181801181801">
    <MapTiles>
      <MapTile TileID="1668" AltIDMod="0" />
    </MapTiles>
    <StaticTiles />
  </TransInfo>
  <TransInfo Description="Cobblestones To Grass" HashKey="181801181818011801">
    <MapTiles>
      <MapTile TileID="1665" AltIDMod="0" />
    </MapTiles>
    <StaticTiles />
  </TransInfo>
  <TransInfo Description="Cobblestones To Grass" HashKey="181818181818180101">
    <MapTiles>
      <MapTile TileID="1664" AltIDMod="0" />
    </MapTiles>
    <StaticTiles />
  </TransInfo>
  <TransInfo Description="Cobblestones To Grass" HashKey="010101181818181801">
    <MapTiles>
      <MapTile TileID="1668" AltIDMod="0" />
    </MapTiles>
    <StaticTiles />
  </TransInfo>
  <TransInfo Description="Cobblestones To Grass" HashKey="180101181818181818">
    <MapTiles>
      <MapTile TileID="1661" AltIDMod="0" />
    </MapTiles>
    <StaticTiles />
  </TransInfo>
  <TransInfo Description="Cobblestones To Grass" HashKey="011818011818010101">
    <MapTiles>
      <MapTile TileID="1667" AltIDMod="0" />
    </MapTiles>
    <StaticTiles />
  </TransInfo>
  <TransInfo Description="Cobblestones To Grass" HashKey="010118181818181818">
    <MapTiles>
      <MapTile TileID="1661" AltIDMod="0" />
    </MapTiles>
    <StaticTiles />
  </TransInfo>
  <TransInfo Description="Cobblestones To Grass" HashKey="011818181818180118">
    <MapTiles>
      <MapTile TileID="1667" AltIDMod="0" />
    </MapTiles>
    <StaticTiles />
  </TransInfo>
  <TransInfo Description="Cobblestones To Grass" HashKey="181801181818010118">
    <MapTiles>
      <MapTile TileID="1665" AltIDMod="0" />
    </MapTiles>
    <StaticTiles />
  </TransInfo>
  <TransInfo Description="Cobblestones To Grass" HashKey="181801181801010118">
    <MapTiles>
      <MapTile TileID="1665" AltIDMod="0" />
    </MapTiles>
    <StaticTiles />
  </TransInfo>
  <TransInfo Description="Cobblestones To Grass" HashKey="011818011818180101">
    <MapTiles>
      <MapTile TileID="1667" AltIDMod="0" />
    </MapTiles>
    <StaticTiles />
  </TransInfo>
  <TransInfo Description="Cobblestones To Grass" HashKey="011801011818181818">
    <MapTiles>
      <MapTile TileID="1666" AltIDMod="0" />
    </MapTiles>
    <StaticTiles />
  </TransInfo>
  <TransInfo Description="Cobblestones To Grass" HashKey="180118011818181818">
    <MapTiles>
      <MapTile TileID="1666" AltIDMod="0" />
    </MapTiles>
    <StaticTiles />
  </TransInfo>
  <TransInfo Description="Cobblestones To Grass" HashKey="181818011818181818">
    <MapTiles>
      <MapTile TileID="1662" AltIDMod="0" />
    </MapTiles>
    <StaticTiles />
  </TransInfo>
  <TransInfo Description="Cobblestones To Grass" HashKey="011801011818011818">
    <MapTiles>
      <MapTile TileID="1666" AltIDMod="0" />
    </MapTiles>
    <StaticTiles />
  </TransInfo>
  <TransInfo Description="Cobblestones To Grass" HashKey="181818011818011818">
    <MapTiles>
      <MapTile TileID="1662" AltIDMod="0" />
    </MapTiles>
    <StaticTiles />
  </TransInfo>
  <TransInfo Description="Cobblestones To Grass" HashKey="181801181818181801">
    <MapTiles>
      <MapTile TileID="1663" AltIDMod="0" />
    </MapTiles>
    <StaticTiles />
  </TransInfo>
  <TransInfo Description="Cobblestones To Grass" HashKey="181818181801010101">
    <MapTiles>
      <MapTile TileID="1665" AltIDMod="0" />
    </MapTiles>
    <StaticTiles />
  </TransInfo>
  <TransInfo Description="Cobblestones To Grass" HashKey="180101011818181818">
    <MapTiles>
      <MapTile TileID="1666" AltIDMod="0" />
    </MapTiles>
    <StaticTiles />
  </TransInfo>
  <TransInfo Description="Cobblestones To Grass" HashKey="180101181818181801">
    <MapTiles>
      <MapTile TileID="1668" AltIDMod="0" />
    </MapTiles>
    <StaticTiles />
  </TransInfo>
  <TransInfo Description="Cobblestones To Grass" HashKey="011801181818181818">
    <MapTiles>
      <MapTile TileID="1661" AltIDMod="0" />
    </MapTiles>
    <StaticTiles />
  </TransInfo>
  <TransInfo Description="Cobblestones To Grass" HashKey="010118011818181818">
    <MapTiles>
      <MapTile TileID="1666" AltIDMod="0" />
    </MapTiles>
    <StaticTiles />
  </TransInfo>
  <TransInfo Description="Cobblestones To Grass" HashKey="180101181818011818">
    <MapTiles>
      <MapTile TileID="1666" AltIDMod="0" />
    </MapTiles>
    <StaticTiles />
  </TransInfo>
  <TransInfo Description="Cobblestones To Grass" HashKey="010118011818011818">
    <MapTiles>
      <MapTile TileID="1666" AltIDMod="0" />
    </MapTiles>
    <StaticTiles />
  </TransInfo>
  <TransInfo Description="Cobblestones To Grass" HashKey="011818181818180101">
    <MapTiles>
      <MapTile TileID="1667" AltIDMod="0" />
    </MapTiles>
    <StaticTiles />
  </TransInfo>
  <TransInfo Description="Cobblestones To Grass" HashKey="010118181818011818">
    <MapTiles>
      <MapTile TileID="1666" AltIDMod="0" />
    </MapTiles>
    <StaticTiles />
  </TransInfo>
  <TransInfo Description="Cobblestones To Grass" HashKey="181801181801010101">
    <MapTiles>
      <MapTile TileID="1665" AltIDMod="0" />
    </MapTiles>
    <StaticTiles />
  </TransInfo>
  <TransInfo Description="Cobblestones To Grass" HashKey="010101011818181818">
    <MapTiles>
      <MapTile TileID="1666" AltIDMod="0" />
    </MapTiles>
    <StaticTiles />
  </TransInfo>
  <TransInfo Description="Cobblestones To Grass" HashKey="181801181801011801">
    <MapTiles>
      <MapTile TileID="1665" AltIDMod="0" />
    </MapTiles>
    <StaticTiles />
  </TransInfo>
  <TransInfo Description="Cobblestones To Grass" HashKey="011818011818181818">
    <MapTiles>
      <MapTile TileID="1662" AltIDMod="0" />
    </MapTiles>
    <StaticTiles />
  </TransInfo>
  <TransInfo Description="Cobblestones To Grass" HashKey="180118011818011818">
    <MapTiles>
      <MapTile TileID="1666" AltIDMod="0" />
    </MapTiles>
    <StaticTiles />
  </TransInfo>
  <TransInfo Description="Cobblestones To Grass" HashKey="181801181818180101">
    <MapTiles>
      <MapTile TileID="1665" AltIDMod="0" />
    </MapTiles>
    <StaticTiles />
  </TransInfo>
  <TransInfo Description="Cobblestones To Grass" HashKey="181818011818011801">
    <MapTiles>
      <MapTile TileID="1667" AltIDMod="0" />
    </MapTiles>
    <StaticTiles />
  </TransInfo>
  <TransInfo Description="Cobblestones To Grass" HashKey="181801181801180101">
    <MapTiles>
      <MapTile TileID="1665" AltIDMod="0" />
    </MapTiles>
    <StaticTiles />
  </TransInfo>
  <TransInfo Description="Cobblestones To Grass" HashKey="011801181801181818">
    <MapTiles>
      <MapTile TileID="1668" AltIDMod="0" />
    </MapTiles>
    <StaticTiles />
  </TransInfo>
  <TransInfo Description="Cobblestones To Grass" HashKey="011818011818011801">
    <MapTiles>
      <MapTile TileID="1667" AltIDMod="0" />
    </MapTiles>
    <StaticTiles />
  </TransInfo>
  <TransInfo Description="Cobblestones To Grass" HashKey="011801181818181801">
    <MapTiles>
      <MapTile TileID="1668" AltIDMod="0" />
    </MapTiles>
    <StaticTiles />
  </TransInfo>
  <TransInfo Description="Cobblestones To Grass" HashKey="181818181801011818">
    <MapTiles>
      <MapTile TileID="1665" AltIDMod="0" />
    </MapTiles>
    <StaticTiles />
  </TransInfo>
  <TransInfo Description="Cobblestones To Grass" HashKey="010101181801181818">
    <MapTiles>
      <MapTile TileID="1668" AltIDMod="0" />
    </MapTiles>
    <StaticTiles />
  </TransInfo>
  <TransInfo Description="Cobblestones To Grass" HashKey="011801181818011818">
    <MapTiles>
      <MapTile TileID="1666" AltIDMod="0" />
    </MapTiles>
    <StaticTiles />
  </TransInfo>
  <TransInfo Description="Cobblestones To Grass" HashKey="181818011818010118">
    <MapTiles>
      <MapTile TileID="1667" AltIDMod="0" />
    </MapTiles>
    <StaticTiles />
  </TransInfo>
  <TransInfo Description="Cobblestones To Grass" HashKey="181818181818011818">
    <MapTiles>
      <MapTile TileID="1672" AltIDMod="0" />
    </MapTiles>
    <StaticTiles />
  </TransInfo>
  <TransInfo Description="Cobblestones To Grass" HashKey="011818181801181818">
    <MapTiles>
      <MapTile TileID="1668" AltIDMod="0" />
    </MapTiles>
    <StaticTiles />
  </TransInfo>
  <TransInfo Description="Cobblestones To Grass" HashKey="180101181801181818">
    <MapTiles>
      <MapTile TileID="1668" AltIDMod="0" />
    </MapTiles>
    <StaticTiles />
  </TransInfo>
</Trans>