﻿<?xml version="1.0" encoding="utf-8"?>
<Trans>
  <TransInfo Description="Grass-Rock-Small Dirt" HashKey="080808121201121201">
    <MapTiles>
      <MapTile TileID="570" AltIDMod="0" />
    </MapTiles>
    <StaticTiles />
  </TransInfo>
  <TransInfo Description="Grass-Rock-Small Dirt" HashKey="080101081212081212">
    <MapTiles>
      <MapTile TileID="569" AltIDMod="0" />
    </MapTiles>
    <StaticTiles />
  </TransInfo>
  <TransInfo Description="Grass-Rock-Small Dirt" HashKey="080808080808121201">
    <MapTiles>
      <MapTile TileID="221" AltIDMod="0" />
    </MapTiles>
    <StaticTiles />
  </TransInfo>
  <TransInfo Description="Grass-Rock-Small Dirt" HashKey="080808080808011212">
    <MapTiles>
      <MapTile TileID="221" AltIDMod="0" />
    </MapTiles>
    <StaticTiles />
  </TransInfo>
  <TransInfo Description="Grass-Rock-Small Dirt" HashKey="011212080808080808">
    <MapTiles>
      <MapTile TileID="223" AltIDMod="0" />
    </MapTiles>
    <StaticTiles />
  </TransInfo>
  <TransInfo Description="Grass-Rock-Small Dirt" HashKey="080801080801080812">
    <MapTiles>
      <MapTile TileID="136" AltIDMod="0" />
    </MapTiles>
    <StaticTiles />
  </TransInfo>
  <TransInfo Description="Grass-Rock-Small Dirt" HashKey="081212081212080101">
    <MapTiles>
      <MapTile TileID="571" AltIDMod="0" />
    </MapTiles>
    <StaticTiles />
  </TransInfo>
  <TransInfo Description="Grass-Rock-Small Dirt" HashKey="080808080808010112">
    <MapTiles>
      <MapTile TileID="134" AltIDMod="0" />
    </MapTiles>
    <StaticTiles />
  </TransInfo>
  <TransInfo Description="Grass-Rock-Small Dirt" HashKey="010808120808120808">
    <MapTiles>
      <MapTile TileID="222" AltIDMod="0" />
    </MapTiles>
    <StaticTiles />
  </TransInfo>
  <TransInfo Description="Grass-Rock-Small Dirt" HashKey="120101080808080808">
    <MapTiles>
      <MapTile TileID="139" AltIDMod="0" />
    </MapTiles>
    <StaticTiles />
  </TransInfo>
  <TransInfo Description="Grass-Rock-Small Dirt" HashKey="010808010808120808">
    <MapTiles>
      <MapTile TileID="137" AltIDMod="0" />
    </MapTiles>
    <StaticTiles />
  </TransInfo>
  <TransInfo Description="Grass-Rock-Small Dirt" HashKey="080812080812080801">
    <MapTiles>
      <MapTile TileID="220" AltIDMod="0" />
    </MapTiles>
    <StaticTiles />
  </TransInfo>
  <TransInfo Description="Grass-Rock-Small Dirt" HashKey="080801080812080812">
    <MapTiles>
      <MapTile TileID="220" AltIDMod="0" />
    </MapTiles>
    <StaticTiles />
  </TransInfo>
  <TransInfo Description="Grass-Rock-Small Dirt" HashKey="121201121201080808">
    <MapTiles>
      <MapTile TileID="570" AltIDMod="0" />
    </MapTiles>
    <StaticTiles />
  </TransInfo>
  <TransInfo Description="Grass-Rock-Small Dirt" HashKey="121201080808080808">
    <MapTiles>
      <MapTile TileID="223" AltIDMod="0" />
    </MapTiles>
    <StaticTiles />
  </TransInfo>
  <TransInfo Description="Grass-Rock-Small Dirt" HashKey="120808120808010808">
    <MapTiles>
      <MapTile TileID="222" AltIDMod="0" />
    </MapTiles>
    <StaticTiles />
  </TransInfo>
  <TransInfo Description="Grass-Rock-Small Dirt" HashKey="080808080808120101">
    <MapTiles>
      <MapTile TileID="134" AltIDMod="0" />
    </MapTiles>
    <StaticTiles />
  </TransInfo>
  <TransInfo Description="Grass-Rock-Small Dirt" HashKey="011212011212080808">
    <MapTiles>
      <MapTile TileID="572" AltIDMod="0" />
    </MapTiles>
    <StaticTiles />
  </TransInfo>
  <TransInfo Description="Grass-Rock-Small Dirt" HashKey="120808010808010808">
    <MapTiles>
      <MapTile TileID="138" AltIDMod="0" />
    </MapTiles>
    <StaticTiles />
  </TransInfo>
  <TransInfo Description="Grass-Rock-Small Dirt" HashKey="080812080801080801">
    <MapTiles>
      <MapTile TileID="136" AltIDMod="0" />
    </MapTiles>
    <StaticTiles />
  </TransInfo>
  <TransInfo Description="Grass-Rock-Small Dirt" HashKey="121208121208010108">
    <MapTiles>
      <MapTile TileID="571" AltIDMod="0" />
    </MapTiles>
    <StaticTiles />
  </TransInfo>
  <TransInfo Description="Grass-Rock-Small Dirt" HashKey="010112080808080808">
    <MapTiles>
      <MapTile TileID="140" AltIDMod="0" />
    </MapTiles>
    <StaticTiles />
  </TransInfo>
  <TransInfo Description="Grass-Rock-Small Dirt" HashKey="010108121208121208">
    <MapTiles>
      <MapTile TileID="569" AltIDMod="0" />
    </MapTiles>
    <StaticTiles />
  </TransInfo>
  <TransInfo Description="Grass-Rock-Small Dirt" HashKey="080808011212011212">
    <MapTiles>
      <MapTile TileID="572" AltIDMod="0" />
    </MapTiles>
    <StaticTiles />
  </TransInfo>
</Trans>