﻿<?xml version="1.0" encoding="utf-8"?>
<Trans>
  <TransInfo Description="Sand-Rock-Small Dirt" HashKey="080808080808040412">
    <MapTiles>
      <MapTile TileID="824" AltIDMod="0" />
    </MapTiles>
    <StaticTiles />
  </TransInfo>
  <TransInfo Description="Sand-Rock-Small Dirt" HashKey="080808041212041212">
    <MapTiles>
      <MapTile TileID="294" AltIDMod="0" />
    </MapTiles>
    <StaticTiles />
  </TransInfo>
  <TransInfo Description="Sand-Rock-Small Dirt" HashKey="120404080808080808">
    <MapTiles>
      <MapTile TileID="821" AltIDMod="0" />
    </MapTiles>
    <StaticTiles />
  </TransInfo>
  <TransInfo Description="Sand-Rock-Small Dirt" HashKey="081212081212080404">
    <MapTiles>
      <MapTile TileID="297" AltIDMod="0" />
    </MapTiles>
    <StaticTiles />
  </TransInfo>
  <TransInfo Description="Sand-Rock-Small Dirt" HashKey="040808040808120808">
    <MapTiles>
      <MapTile TileID="822" AltIDMod="0" />
    </MapTiles>
    <StaticTiles />
  </TransInfo>
  <TransInfo Description="Sand-Rock-Small Dirt" HashKey="120808040808040808">
    <MapTiles>
      <MapTile TileID="822" AltIDMod="0" />
    </MapTiles>
    <StaticTiles />
  </TransInfo>
  <TransInfo Description="Sand-Rock-Small Dirt" HashKey="121208121208040408">
    <MapTiles>
      <MapTile TileID="297" AltIDMod="0" />
    </MapTiles>
    <StaticTiles />
  </TransInfo>
  <TransInfo Description="Sand-Rock-Small Dirt" HashKey="040808120808120808">
    <MapTiles>
      <MapTile TileID="222" AltIDMod="0" />
    </MapTiles>
    <StaticTiles />
  </TransInfo>
  <TransInfo Description="Sand-Rock-Small Dirt" HashKey="080808121204121204">
    <MapTiles>
      <MapTile TileID="296" AltIDMod="0" />
    </MapTiles>
    <StaticTiles />
  </TransInfo>
  <TransInfo Description="Sand-Rock-Small Dirt" HashKey="121204121204080808">
    <MapTiles>
      <MapTile TileID="296" AltIDMod="0" />
    </MapTiles>
    <StaticTiles />
  </TransInfo>
  <TransInfo Description="Sand-Rock-Small Dirt" HashKey="080808080808121204">
    <MapTiles>
      <MapTile TileID="221" AltIDMod="0" />
    </MapTiles>
    <StaticTiles />
  </TransInfo>
  <TransInfo Description="Sand-Rock-Small Dirt" HashKey="080808080808041212">
    <MapTiles>
      <MapTile TileID="221" AltIDMod="0" />
    </MapTiles>
    <StaticTiles />
  </TransInfo>
  <TransInfo Description="Sand-Rock-Small Dirt" HashKey="120808120808040808">
    <MapTiles>
      <MapTile TileID="227" AltIDMod="0" />
    </MapTiles>
    <StaticTiles />
  </TransInfo>
  <TransInfo Description="Sand-Rock-Small Dirt" HashKey="080804080804080812">
    <MapTiles>
      <MapTile TileID="823" AltIDMod="0" />
    </MapTiles>
    <StaticTiles />
  </TransInfo>
  <TransInfo Description="Sand-Rock-Small Dirt" HashKey="080812080812080804">
    <MapTiles>
      <MapTile TileID="220" AltIDMod="0" />
    </MapTiles>
    <StaticTiles />
  </TransInfo>
  <TransInfo Description="Sand-Rock-Small Dirt" HashKey="121204080808080808">
    <MapTiles>
      <MapTile TileID="223" AltIDMod="0" />
    </MapTiles>
    <StaticTiles />
  </TransInfo>
  <TransInfo Description="Sand-Rock-Small Dirt" HashKey="041212080808080808">
    <MapTiles>
      <MapTile TileID="223" AltIDMod="0" />
    </MapTiles>
    <StaticTiles />
  </TransInfo>
  <TransInfo Description="Sand-Rock-Small Dirt" HashKey="080404081212081212">
    <MapTiles>
      <MapTile TileID="295" AltIDMod="0" />
    </MapTiles>
    <StaticTiles />
  </TransInfo>
  <TransInfo Description="Sand-Rock-Small Dirt" HashKey="080804080812080812">
    <MapTiles>
      <MapTile TileID="220" AltIDMod="0" />
    </MapTiles>
    <StaticTiles />
  </TransInfo>
  <TransInfo Description="Sand-Rock-Small Dirt" HashKey="080812080804080804">
    <MapTiles>
      <MapTile TileID="823" AltIDMod="0" />
    </MapTiles>
    <StaticTiles />
  </TransInfo>
  <TransInfo Description="Sand-Rock-Small Dirt" HashKey="080808080808120404">
    <MapTiles>
      <MapTile TileID="824" AltIDMod="0" />
    </MapTiles>
    <StaticTiles />
  </TransInfo>
  <TransInfo Description="Sand-Rock-Small Dirt" HashKey="041212041212080808">
    <MapTiles>
      <MapTile TileID="294" AltIDMod="0" />
    </MapTiles>
    <StaticTiles />
  </TransInfo>
  <TransInfo Description="Sand-Rock-Small Dirt" HashKey="040412080808080808">
    <MapTiles>
      <MapTile TileID="821" AltIDMod="0" />
    </MapTiles>
    <StaticTiles />
  </TransInfo>
  <TransInfo Description="Sand-Rock-Small Dirt" HashKey="040408121208121208">
    <MapTiles>
      <MapTile TileID="295" AltIDMod="0" />
    </MapTiles>
    <StaticTiles />
  </TransInfo>
</Trans>