﻿<?xml version="1.0" encoding="utf-8"?>
<Trans>
  <TransInfo Description="Rough Beach to Brown Brick(NS) AC" HashKey="853636368536368536">
    <MapTiles>
      <MapTile TileID="1171" AltIDMod="0" />
    </MapTiles>
    <StaticTiles />
  </TransInfo>
  <TransInfo Description="Rough Beach to Brown Brick(NS) AC" HashKey="858536368585853636">
    <MapTiles>
      <MapTile TileID="1171" AltIDMod="0" />
    </MapTiles>
    <StaticTiles />
  </TransInfo>
  <TransInfo Description="Rough Beach to Brown Brick(NS) AC" HashKey="363685858585368536">
    <MapTiles>
      <MapTile TileID="1171" AltIDMod="0" />
    </MapTiles>
    <StaticTiles />
  </TransInfo>
  <TransInfo Description="Rough Beach to Brown Brick(NS) AC" HashKey="368536858536853685">
    <MapTiles>
      <MapTile TileID="1171" AltIDMod="0" />
    </MapTiles>
    <StaticTiles />
  </TransInfo>
  <TransInfo Description="Rough Beach to Brown Brick(NS) SEA" HashKey="853636368585858585">
    <MapTiles>
      <MapTile TileID="1197" AltIDMod="0" />
    </MapTiles>
    <StaticTiles />
  </TransInfo>
  <TransInfo Description="Rough Beach to Brown Brick(NS) AC" HashKey="363636368536368585">
    <MapTiles>
      <MapTile TileID="1171" AltIDMod="0" />
    </MapTiles>
    <StaticTiles />
  </TransInfo>
  <TransInfo Description="Rough Beach to Brown Brick(NS) AC" HashKey="853636858536368536">
    <MapTiles>
      <MapTile TileID="1171" AltIDMod="0" />
    </MapTiles>
    <StaticTiles />
  </TransInfo>
  <TransInfo Description="Rough Beach to Brown Brick(NS) AC" HashKey="368585368536368536">
    <MapTiles>
      <MapTile TileID="1171" AltIDMod="0" />
    </MapTiles>
    <StaticTiles />
  </TransInfo>
  <TransInfo Description="Rough Beach to Brown Brick(NS) AC" HashKey="368536858536363636">
    <MapTiles>
      <MapTile TileID="1171" AltIDMod="0" />
    </MapTiles>
    <StaticTiles />
  </TransInfo>
  <TransInfo Description="Rough Beach to Brown Brick(NS) SEA" HashKey="363685368585858585">
    <MapTiles>
      <MapTile TileID="1197" AltIDMod="0" />
    </MapTiles>
    <StaticTiles />
  </TransInfo>
  <TransInfo Description="Rough Beach to Brown Brick(NS) AC" HashKey="368536368585858536">
    <MapTiles>
      <MapTile TileID="1171" AltIDMod="0" />
    </MapTiles>
    <StaticTiles />
  </TransInfo>
  <TransInfo Description="Rough Beach to Brown Brick(NS) SN" HashKey="853636858585858585">
    <MapTiles>
      <MapTile TileID="1190" AltIDMod="0" />
    </MapTiles>
    <StaticTiles />
  </TransInfo>
  <TransInfo Description="Rough Beach to Brown Brick(NS) AC" HashKey="368536858585363636">
    <MapTiles>
      <MapTile TileID="1171" AltIDMod="0" />
    </MapTiles>
    <StaticTiles />
  </TransInfo>
  <TransInfo Description="Rough Beach to Brown Brick(NS) NWA" HashKey="858585858536363685">
    <MapTiles>
      <MapTile TileID="1195" AltIDMod="0" />
    </MapTiles>
    <StaticTiles />
  </TransInfo>
  <TransInfo Description="Rough Beach to Brown Brick(NS) AC" HashKey="363636858536368585">
    <MapTiles>
      <MapTile TileID="1171" AltIDMod="0" />
    </MapTiles>
    <StaticTiles />
  </TransInfo>
  <TransInfo Description="Rough Beach to Brown Brick(NS) AC" HashKey="363636368585853685">
    <MapTiles>
      <MapTile TileID="1171" AltIDMod="0" />
    </MapTiles>
    <StaticTiles />
  </TransInfo>
  <TransInfo Description="Rough Beach to Brown Brick(NS) SWA" HashKey="368536858585858536">
    <MapTiles>
      <MapTile TileID="1306" AltIDMod="0" />
    </MapTiles>
    <StaticTiles />
  </TransInfo>
  <TransInfo Description="Rough Beach to Brown Brick(NS) AC" HashKey="853636368536858536">
    <MapTiles>
      <MapTile TileID="1171" AltIDMod="0" />
    </MapTiles>
    <StaticTiles />
  </TransInfo>
  <TransInfo Description="Rough Beach to Brown Brick(NS) NEA" HashKey="858585368585368536">
    <MapTiles>
      <MapTile TileID="1305" AltIDMod="0" />
    </MapTiles>
    <StaticTiles />
  </TransInfo>
  <TransInfo Description="Rough Beach to Brown Brick(NS) SWA" HashKey="363685858585858536">
    <MapTiles>
      <MapTile TileID="1306" AltIDMod="0" />
    </MapTiles>
    <StaticTiles />
  </TransInfo>
  <TransInfo Description="Rough Beach to Brown Brick(NS) AC" HashKey="858585368536853685">
    <MapTiles>
      <MapTile TileID="1171" AltIDMod="0" />
    </MapTiles>
    <StaticTiles />
  </TransInfo>
  <TransInfo Description="Rough Beach to Brown Brick(NS) AC" HashKey="363636368536858585">
    <MapTiles>
      <MapTile TileID="1171" AltIDMod="0" />
    </MapTiles>
    <StaticTiles />
  </TransInfo>
  <TransInfo Description="Rough Beach to Brown Brick(NS) EW" HashKey="368585368585368585">
    <MapTiles>
      <MapTile TileID="1187" AltIDMod="0" />
    </MapTiles>
    <StaticTiles />
  </TransInfo>
  <TransInfo Description="Rough Beach to Brown Brick(NS) NS" HashKey="858585858585368536">
    <MapTiles>
      <MapTile TileID="1188" AltIDMod="0" />
    </MapTiles>
    <StaticTiles />
  </TransInfo>
  <TransInfo Description="Rough Beach to Brown Brick(NS) AC" HashKey="363636858585853636">
    <MapTiles>
      <MapTile TileID="1171" AltIDMod="0" />
    </MapTiles>
    <StaticTiles />
  </TransInfo>
  <TransInfo Description="Rough Beach to Brown Brick(NS) AC" HashKey="853685368585363636">
    <MapTiles>
      <MapTile TileID="1171" AltIDMod="0" />
    </MapTiles>
    <StaticTiles />
  </TransInfo>
  <TransInfo Description="Rough Beach to Brown Brick(NS) AC" HashKey="858536368536368585">
    <MapTiles>
      <MapTile TileID="1171" AltIDMod="0" />
    </MapTiles>
    <StaticTiles />
  </TransInfo>
  <TransInfo Description="Rough Beach to Brown Brick(NS) NWA" HashKey="858585858536853685">
    <MapTiles>
      <MapTile TileID="1195" AltIDMod="0" />
    </MapTiles>
    <StaticTiles />
  </TransInfo>
  <TransInfo Description="Rough Beach to Brown Brick(NS) SWA" HashKey="363636858536858585">
    <MapTiles>
      <MapTile TileID="1306" AltIDMod="0" />
    </MapTiles>
    <StaticTiles />
  </TransInfo>
  <TransInfo Description="Rough Beach to Brown Brick(NS) EW" HashKey="368585858585368585">
    <MapTiles>
      <MapTile TileID="1187" AltIDMod="0" />
    </MapTiles>
    <StaticTiles />
  </TransInfo>
  <TransInfo Description="Rough Beach to Brown Brick(NS) AC" HashKey="363685368536858585">
    <MapTiles>
      <MapTile TileID="1171" AltIDMod="0" />
    </MapTiles>
    <StaticTiles />
  </TransInfo>
  <TransInfo Description="Rough Beach to Brown Brick(NS) AC" HashKey="853685368536368585">
    <MapTiles>
      <MapTile TileID="1171" AltIDMod="0" />
    </MapTiles>
    <StaticTiles />
  </TransInfo>
  <TransInfo Description="Rough Beach to Brown Brick(NS) AC" HashKey="853685858585363636">
    <MapTiles>
      <MapTile TileID="1171" AltIDMod="0" />
    </MapTiles>
    <StaticTiles />
  </TransInfo>
  <TransInfo Description="Rough Beach to Brown Brick(NS) AC" HashKey="363636368536858536">
    <MapTiles>
      <MapTile TileID="1171" AltIDMod="0" />
    </MapTiles>
    <StaticTiles />
  </TransInfo>
  <TransInfo Description="Rough Beach to Brown Brick(NS) NEA" HashKey="858585368585858536">
    <MapTiles>
      <MapTile TileID="1305" AltIDMod="0" />
    </MapTiles>
    <StaticTiles />
  </TransInfo>
  <TransInfo Description="Rough Beach to Brown Brick(NS) AC" HashKey="853636368536363685">
    <MapTiles>
      <MapTile TileID="1171" AltIDMod="0" />
    </MapTiles>
    <StaticTiles />
  </TransInfo>
  <TransInfo Description="Rough Beach to Brown Brick(NS) AC" HashKey="853685858536368585">
    <MapTiles>
      <MapTile TileID="1171" AltIDMod="0" />
    </MapTiles>
    <StaticTiles />
  </TransInfo>
  <TransInfo Description="Rough Beach to Brown Brick(NS) AC" HashKey="368536368536853636">
    <MapTiles>
      <MapTile TileID="1171" AltIDMod="0" />
    </MapTiles>
    <StaticTiles />
  </TransInfo>
  <TransInfo Description="Rough Beach to Brown Brick(NS) NWA" HashKey="858536858536368536">
    <MapTiles>
      <MapTile TileID="1195" AltIDMod="0" />
    </MapTiles>
    <StaticTiles />
  </TransInfo>
  <TransInfo Description="Rough Beach to Brown Brick(NS) EW" HashKey="368585368585858585">
    <MapTiles>
      <MapTile TileID="1187" AltIDMod="0" />
    </MapTiles>
    <StaticTiles />
  </TransInfo>
  <TransInfo Description="Rough Beach to Brown Brick(NS) SEB" HashKey="858585858585858536">
    <MapTiles>
      <MapTile TileID="1194" AltIDMod="0" />
    </MapTiles>
    <StaticTiles />
  </TransInfo>
  <TransInfo Description="Rough Beach to Brown Brick(NS) AC" HashKey="368536368536363636">
    <MapTiles>
      <MapTile TileID="1171" AltIDMod="0" />
    </MapTiles>
    <StaticTiles />
  </TransInfo>
  <TransInfo Description="Rough Beach to Brown Brick(NS) AC" HashKey="853636858536363685">
    <MapTiles>
      <MapTile TileID="1171" AltIDMod="0" />
    </MapTiles>
    <StaticTiles />
  </TransInfo>
  <TransInfo Description="Rough Beach to Brown Brick(NS) AC" HashKey="853685368585853636">
    <MapTiles>
      <MapTile TileID="1171" AltIDMod="0" />
    </MapTiles>
    <StaticTiles />
  </TransInfo>
  <TransInfo Description="Rough Beach to Brown Brick(NS) AC" HashKey="368536368585853685">
    <MapTiles>
      <MapTile TileID="1171" AltIDMod="0" />
    </MapTiles>
    <StaticTiles />
  </TransInfo>
  <TransInfo Description="Rough Beach to Brown Brick(NS) NWA" HashKey="858536858585853636">
    <MapTiles>
      <MapTile TileID="1195" AltIDMod="0" />
    </MapTiles>
    <StaticTiles />
  </TransInfo>
  <TransInfo Description="Rough Beach to Brown Brick(NS) AC" HashKey="368536368585363685">
    <MapTiles>
      <MapTile TileID="1171" AltIDMod="0" />
    </MapTiles>
    <StaticTiles />
  </TransInfo>
  <TransInfo Description="Rough Beach to Brown Brick(NS) AC" HashKey="368536368536858536">
    <MapTiles>
      <MapTile TileID="1171" AltIDMod="0" />
    </MapTiles>
    <StaticTiles />
  </TransInfo>
  <TransInfo Description="Rough Beach to Brown Brick(NS) AC" HashKey="853685368536858585">
    <MapTiles>
      <MapTile TileID="1171" AltIDMod="0" />
    </MapTiles>
    <StaticTiles />
  </TransInfo>
  <TransInfo Description="Rough Beach to Brown Brick(NS) AC" HashKey="858536368536858536">
    <MapTiles>
      <MapTile TileID="1171" AltIDMod="0" />
    </MapTiles>
    <StaticTiles />
  </TransInfo>
  <TransInfo Description="Rough Beach to Brown Brick(NS) AC" HashKey="853685858585853636">
    <MapTiles>
      <MapTile TileID="1171" AltIDMod="0" />
    </MapTiles>
    <StaticTiles />
  </TransInfo>
  <TransInfo Description="Rough Beach to Brown Brick(NS) AC" HashKey="363685368585853636">
    <MapTiles>
      <MapTile TileID="1171" AltIDMod="0" />
    </MapTiles>
    <StaticTiles />
  </TransInfo>
  <TransInfo Description="Rough Beach to Brown Brick(NS) AC" HashKey="368536858585853685">
    <MapTiles>
      <MapTile TileID="1171" AltIDMod="0" />
    </MapTiles>
    <StaticTiles />
  </TransInfo>
  <TransInfo Description="Rough Beach to Brown Brick(NS) NWB" HashKey="368585858585858585">
    <MapTiles>
      <MapTile TileID="1192" AltIDMod="0" />
    </MapTiles>
    <StaticTiles />
  </TransInfo>
  <TransInfo Description="Rough Beach to Brown Brick(NS) AC" HashKey="363685858536363636">
    <MapTiles>
      <MapTile TileID="1171" AltIDMod="0" />
    </MapTiles>
    <StaticTiles />
  </TransInfo>
  <TransInfo Description="Rough Beach to Brown Brick(NS) AC" HashKey="363685858536368585">
    <MapTiles>
      <MapTile TileID="1171" AltIDMod="0" />
    </MapTiles>
    <StaticTiles />
  </TransInfo>
  <TransInfo Description="Rough Beach to Brown Brick(NS) AC" HashKey="853636858585363685">
    <MapTiles>
      <MapTile TileID="1171" AltIDMod="0" />
    </MapTiles>
    <StaticTiles />
  </TransInfo>
  <TransInfo Description="Rough Beach to Brown Brick(NS) NEA" HashKey="858585368585363685">
    <MapTiles>
      <MapTile TileID="1305" AltIDMod="0" />
    </MapTiles>
    <StaticTiles />
  </TransInfo>
  <TransInfo Description="Rough Beach to Brown Brick(NS) SEA" HashKey="363636368585368585">
    <MapTiles>
      <MapTile TileID="1197" AltIDMod="0" />
    </MapTiles>
    <StaticTiles />
  </TransInfo>
  <TransInfo Description="Rough Beach to Brown Brick(NS) WE" HashKey="858536858536858536">
    <MapTiles>
      <MapTile TileID="1189" AltIDMod="0" />
    </MapTiles>
    <StaticTiles />
  </TransInfo>
  <TransInfo Description="Rough Beach to Brown Brick(NS) AC" HashKey="853636858536853636">
    <MapTiles>
      <MapTile TileID="1171" AltIDMod="0" />
    </MapTiles>
    <StaticTiles />
  </TransInfo>
  <TransInfo Description="Rough Beach to Brown Brick(NS) SWA" HashKey="853685858536858536">
    <MapTiles>
      <MapTile TileID="1306" AltIDMod="0" />
    </MapTiles>
    <StaticTiles />
  </TransInfo>
  <TransInfo Description="Rough Beach to Brown Brick(NS) AC" HashKey="853636858536853685">
    <MapTiles>
      <MapTile TileID="1171" AltIDMod="0" />
    </MapTiles>
    <StaticTiles />
  </TransInfo>
  <TransInfo Description="Rough Beach to Brown Brick(NS) NS" HashKey="858585858585363685">
    <MapTiles>
      <MapTile TileID="1188" AltIDMod="0" />
    </MapTiles>
    <StaticTiles />
  </TransInfo>
  <TransInfo Description="Rough Beach to Brown Brick(NS) SWA" HashKey="368536858536858585">
    <MapTiles>
      <MapTile TileID="1306" AltIDMod="0" />
    </MapTiles>
    <StaticTiles />
  </TransInfo>
  <TransInfo Description="Rough Beach to Brown Brick(NS) AC" HashKey="363685368536853636">
    <MapTiles>
      <MapTile TileID="1171" AltIDMod="0" />
    </MapTiles>
    <StaticTiles />
  </TransInfo>
  <TransInfo Description="Rough Beach to Brown Brick(NS) AC" HashKey="363636858585368536">
    <MapTiles>
      <MapTile TileID="1171" AltIDMod="0" />
    </MapTiles>
    <StaticTiles />
  </TransInfo>
  <TransInfo Description="Rough Beach to Brown Brick(NS) SWA" HashKey="853636858536858536">
    <MapTiles>
      <MapTile TileID="1306" AltIDMod="0" />
    </MapTiles>
    <StaticTiles />
  </TransInfo>
  <TransInfo Description="Rough Beach to Brown Brick(NS) AC" HashKey="858585368536363636">
    <MapTiles>
      <MapTile TileID="1171" AltIDMod="0" />
    </MapTiles>
    <StaticTiles />
  </TransInfo>
  <TransInfo Description="Rough Beach to Brown Brick(NS) AC" HashKey="363685858536853636">
    <MapTiles>
      <MapTile TileID="1171" AltIDMod="0" />
    </MapTiles>
    <StaticTiles />
  </TransInfo>
  <TransInfo Description="Rough Beach to Brown Brick(NS) NWA" HashKey="858585858536368585">
    <MapTiles>
      <MapTile TileID="1195" AltIDMod="0" />
    </MapTiles>
    <StaticTiles />
  </TransInfo>
  <TransInfo Description="Rough Beach to Brown Brick(NS) NEA" HashKey="858585368585853685">
    <MapTiles>
      <MapTile TileID="1305" AltIDMod="0" />
    </MapTiles>
    <StaticTiles />
  </TransInfo>
  <TransInfo Description="Rough Beach to Brown Brick(NS) SEA" HashKey="363636368585858585">
    <MapTiles>
      <MapTile TileID="1197" AltIDMod="0" />
    </MapTiles>
    <StaticTiles />
  </TransInfo>
  <TransInfo Description="Rough Beach to Brown Brick(NS) AC" HashKey="368585368536363685">
    <MapTiles>
      <MapTile TileID="1171" AltIDMod="0" />
    </MapTiles>
    <StaticTiles />
  </TransInfo>
  <TransInfo Description="Rough Beach to Brown Brick(NS) AC" HashKey="368585858536853636">
    <MapTiles>
      <MapTile TileID="1171" AltIDMod="0" />
    </MapTiles>
    <StaticTiles />
  </TransInfo>
  <TransInfo Description="Rough Beach to Brown Brick(NS) NWA" HashKey="858536858536363685">
    <MapTiles>
      <MapTile TileID="1195" AltIDMod="0" />
    </MapTiles>
    <StaticTiles />
  </TransInfo>
  <TransInfo Description="Rough Beach to Brown Brick(NS) AC" HashKey="858536368536858585">
    <MapTiles>
      <MapTile TileID="1171" AltIDMod="0" />
    </MapTiles>
    <StaticTiles />
  </TransInfo>
  <TransInfo Description="Rough Beach to Brown Brick(NS) NS" HashKey="858585858585853685">
    <MapTiles>
      <MapTile TileID="1188" AltIDMod="0" />
    </MapTiles>
    <StaticTiles />
  </TransInfo>
  <TransInfo Description="Rough Beach to Brown Brick(NS) AC" HashKey="858585368536858585">
    <MapTiles>
      <MapTile TileID="1171" AltIDMod="0" />
    </MapTiles>
    <StaticTiles />
  </TransInfo>
  <TransInfo Description="Rough Beach to Brown Brick(NS) AC" HashKey="858536368585368536">
    <MapTiles>
      <MapTile TileID="1171" AltIDMod="0" />
    </MapTiles>
    <StaticTiles />
  </TransInfo>
  <TransInfo Description="Rough Beach to Brown Brick(NS) SWA" HashKey="363636858585858536">
    <MapTiles>
      <MapTile TileID="1306" AltIDMod="0" />
    </MapTiles>
    <StaticTiles />
  </TransInfo>
  <TransInfo Description="Rough Beach to Brown Brick(NS) AC" HashKey="363636368536363636">
    <MapTiles>
      <MapTile TileID="1171" AltIDMod="0" />
    </MapTiles>
    <StaticTiles />
  </TransInfo>
  <TransInfo Description="Rough Beach to Brown Brick(NS) AC" HashKey="853636368585853685">
    <MapTiles>
      <MapTile TileID="1171" AltIDMod="0" />
    </MapTiles>
    <StaticTiles />
  </TransInfo>
  <TransInfo Description="Rough Beach to Brown Brick(NS) AC" HashKey="853685368585368536">
    <MapTiles>
      <MapTile TileID="1171" AltIDMod="0" />
    </MapTiles>
    <StaticTiles />
  </TransInfo>
  <TransInfo Description="Rough Beach to Brown Brick(NS) AC" HashKey="858536368536853685">
    <MapTiles>
      <MapTile TileID="1171" AltIDMod="0" />
    </MapTiles>
    <StaticTiles />
  </TransInfo>
  <TransInfo Description="Rough Beach to Brown Brick(NS) WE" HashKey="858585858536858585">
    <MapTiles>
      <MapTile TileID="1189" AltIDMod="0" />
    </MapTiles>
    <StaticTiles />
  </TransInfo>
  <TransInfo Description="Rough Beach to Brown Brick(NS) SEA" HashKey="368536368585368585">
    <MapTiles>
      <MapTile TileID="1197" AltIDMod="0" />
    </MapTiles>
    <StaticTiles />
  </TransInfo>
  <TransInfo Description="Rough Beach to Brown Brick(NS) NWA" HashKey="858536858585368536">
    <MapTiles>
      <MapTile TileID="1195" AltIDMod="0" />
    </MapTiles>
    <StaticTiles />
  </TransInfo>
  <TransInfo Description="Rough Beach to Brown Brick(NS) AC" HashKey="363636858585363636">
    <MapTiles>
      <MapTile TileID="1171" AltIDMod="0" />
    </MapTiles>
    <StaticTiles />
  </TransInfo>
  <TransInfo Description="Rough Beach to Brown Brick(NS) AC" HashKey="368585368536853685">
    <MapTiles>
      <MapTile TileID="1171" AltIDMod="0" />
    </MapTiles>
    <StaticTiles />
  </TransInfo>
  <TransInfo Description="Rough Beach to Brown Brick(NS) AC" HashKey="853636368585363636">
    <MapTiles>
      <MapTile TileID="1171" AltIDMod="0" />
    </MapTiles>
    <StaticTiles />
  </TransInfo>
  <TransInfo Description="Rough Beach to Brown Brick(NS) AC" HashKey="853685858585368536">
    <MapTiles>
      <MapTile TileID="1171" AltIDMod="0" />
    </MapTiles>
    <StaticTiles />
  </TransInfo>
  <TransInfo Description="Rough Beach to Brown Brick(NS) NWA" HashKey="858536858536853685">
    <MapTiles>
      <MapTile TileID="1195" AltIDMod="0" />
    </MapTiles>
    <StaticTiles />
  </TransInfo>
  <TransInfo Description="Rough Beach to Brown Brick(NS) SEA" HashKey="368536858585368585">
    <MapTiles>
      <MapTile TileID="1197" AltIDMod="0" />
    </MapTiles>
    <StaticTiles />
  </TransInfo>
  <TransInfo Description="Rough Beach to Brown Brick(NS) AC" HashKey="853636368536368585">
    <MapTiles>
      <MapTile TileID="1171" AltIDMod="0" />
    </MapTiles>
    <StaticTiles />
  </TransInfo>
  <TransInfo Description="Rough Beach to Brown Brick(NS) AC" HashKey="853685858536853685">
    <MapTiles>
      <MapTile TileID="1171" AltIDMod="0" />
    </MapTiles>
    <StaticTiles />
  </TransInfo>
  <TransInfo Description="Rough Beach to Brown Brick(NS) SEA" HashKey="363685858585368585">
    <MapTiles>
      <MapTile TileID="1197" AltIDMod="0" />
    </MapTiles>
    <StaticTiles />
  </TransInfo>
  <TransInfo Description="Rough Beach to Brown Brick(NS) AC" HashKey="858536368585858536">
    <MapTiles>
      <MapTile TileID="1171" AltIDMod="0" />
    </MapTiles>
    <StaticTiles />
  </TransInfo>
  <TransInfo Description="Rough Beach to Brown Brick(NS) SWA" HashKey="363685858536858536">
    <MapTiles>
      <MapTile TileID="1306" AltIDMod="0" />
    </MapTiles>
    <StaticTiles />
  </TransInfo>
  <TransInfo Description="Rough Beach to Brown Brick(NS) AC" HashKey="368536368536368536">
    <MapTiles>
      <MapTile TileID="1171" AltIDMod="0" />
    </MapTiles>
    <StaticTiles />
  </TransInfo>
  <TransInfo Description="Rough Beach to Brown Brick(NS) AC" HashKey="853636858536368585">
    <MapTiles>
      <MapTile TileID="1171" AltIDMod="0" />
    </MapTiles>
    <StaticTiles />
  </TransInfo>
  <TransInfo Description="Rough Beach to Brown Brick(NS) AC" HashKey="853685368585858536">
    <MapTiles>
      <MapTile TileID="1171" AltIDMod="0" />
    </MapTiles>
    <StaticTiles />
  </TransInfo>
  <TransInfo Description="Rough Beach to Brown Brick(NS) SEA" HashKey="368536368585858585">
    <MapTiles>
      <MapTile TileID="1197" AltIDMod="0" />
    </MapTiles>
    <StaticTiles />
  </TransInfo>
  <TransInfo Description="Rough Beach to Brown Brick(NS) WE" HashKey="858536858585858536">
    <MapTiles>
      <MapTile TileID="1189" AltIDMod="0" />
    </MapTiles>
    <StaticTiles />
  </TransInfo>
  <TransInfo Description="Rough Beach to Brown Brick(NS) AC" HashKey="368585368536368585">
    <MapTiles>
      <MapTile TileID="1171" AltIDMod="0" />
    </MapTiles>
    <StaticTiles />
  </TransInfo>
  <TransInfo Description="Rough Beach to Brown Brick(NS) AC" HashKey="853685368536363636">
    <MapTiles>
      <MapTile TileID="1171" AltIDMod="0" />
    </MapTiles>
    <StaticTiles />
  </TransInfo>
  <TransInfo Description="Rough Beach to Brown Brick(NS) AC" HashKey="853636368585853636">
    <MapTiles>
      <MapTile TileID="1171" AltIDMod="0" />
    </MapTiles>
    <StaticTiles />
  </TransInfo>
  <TransInfo Description="Rough Beach to Brown Brick(NS) SWA" HashKey="853685858585858536">
    <MapTiles>
      <MapTile TileID="1306" AltIDMod="0" />
    </MapTiles>
    <StaticTiles />
  </TransInfo>
  <TransInfo Description="Rough Beach to Brown Brick(NS) SN" HashKey="368536858585858585">
    <MapTiles>
      <MapTile TileID="1190" AltIDMod="0" />
    </MapTiles>
    <StaticTiles />
  </TransInfo>
  <TransInfo Description="Rough Beach to Brown Brick(NS) AC" HashKey="363685368585363636">
    <MapTiles>
      <MapTile TileID="1171" AltIDMod="0" />
    </MapTiles>
    <StaticTiles />
  </TransInfo>
  <TransInfo Description="Rough Beach to Brown Brick(NS) AC" HashKey="363685858536368536">
    <MapTiles>
      <MapTile TileID="1171" AltIDMod="0" />
    </MapTiles>
    <StaticTiles />
  </TransInfo>
  <TransInfo Description="Rough Beach to Brown Brick(NS) AC" HashKey="368536858585363685">
    <MapTiles>
      <MapTile TileID="1171" AltIDMod="0" />
    </MapTiles>
    <StaticTiles />
  </TransInfo>
  <TransInfo Description="Rough Beach to Brown Brick(NS) AC" HashKey="853636368536858585">
    <MapTiles>
      <MapTile TileID="1171" AltIDMod="0" />
    </MapTiles>
    <StaticTiles />
  </TransInfo>
  <TransInfo Description="Rough Beach to Brown Brick(NS) EW" HashKey="858585368585368585">
    <MapTiles>
      <MapTile TileID="1187" AltIDMod="0" />
    </MapTiles>
    <StaticTiles />
  </TransInfo>
  <TransInfo Description="Rough Beach to Brown Brick(NS) SN" HashKey="363685858585858585">
    <MapTiles>
      <MapTile TileID="1190" AltIDMod="0" />
    </MapTiles>
    <StaticTiles />
  </TransInfo>
  <TransInfo Description="Rough Beach to Brown Brick(NS) AC" HashKey="368536858536368585">
    <MapTiles>
      <MapTile TileID="1171" AltIDMod="0" />
    </MapTiles>
    <StaticTiles />
  </TransInfo>
  <TransInfo Description="Rough Beach to Brown Brick(NS) AC" HashKey="363636858536363636">
    <MapTiles>
      <MapTile TileID="1171" AltIDMod="0" />
    </MapTiles>
    <StaticTiles />
  </TransInfo>
  <TransInfo Description="Rough Beach to Brown Brick(NS) AC" HashKey="368536368536853685">
    <MapTiles>
      <MapTile TileID="1171" AltIDMod="0" />
    </MapTiles>
    <StaticTiles />
  </TransInfo>
  <TransInfo Description="Rough Beach to Brown Brick(NS) SWA" HashKey="853636858536858585">
    <MapTiles>
      <MapTile TileID="1306" AltIDMod="0" />
    </MapTiles>
    <StaticTiles />
  </TransInfo>
  <TransInfo Description="Rough Beach to Brown Brick(NS) SWB" HashKey="858585858585368585">
    <MapTiles>
      <MapTile TileID="1193" AltIDMod="0" />
      <MapTile TileID="1302" AltIDMod="0" />
    </MapTiles>
    <StaticTiles />
  </TransInfo>
  <TransInfo Description="Rough Beach to Brown Brick(NS) AC" HashKey="363636858585853685">
    <MapTiles>
      <MapTile TileID="1171" AltIDMod="0" />
    </MapTiles>
    <StaticTiles />
  </TransInfo>
  <TransInfo Description="Rough Beach to Brown Brick(NS) AC" HashKey="363685368536858536">
    <MapTiles>
      <MapTile TileID="1171" AltIDMod="0" />
    </MapTiles>
    <StaticTiles />
  </TransInfo>
  <TransInfo Description="Rough Beach to Brown Brick(NS) AC" HashKey="853685368585363685">
    <MapTiles>
      <MapTile TileID="1171" AltIDMod="0" />
    </MapTiles>
    <StaticTiles />
  </TransInfo>
  <TransInfo Description="Rough Beach to Brown Brick(NS) NWA" HashKey="858536858585363685">
    <MapTiles>
      <MapTile TileID="1195" AltIDMod="0" />
    </MapTiles>
    <StaticTiles />
  </TransInfo>
  <TransInfo Description="Rough Beach to Brown Brick(NS) AC" HashKey="363636858536363685">
    <MapTiles>
      <MapTile TileID="1171" AltIDMod="0" />
    </MapTiles>
    <StaticTiles />
  </TransInfo>
  <TransInfo Description="Rough Beach to Brown Brick(NS) AC" HashKey="858585368536368536">
    <MapTiles>
      <MapTile TileID="1171" AltIDMod="0" />
    </MapTiles>
    <StaticTiles />
  </TransInfo>
  <TransInfo Description="Rough Beach to Brown Brick(NS) AC" HashKey="363636368536853636">
    <MapTiles>
      <MapTile TileID="1171" AltIDMod="0" />
    </MapTiles>
    <StaticTiles />
  </TransInfo>
  <TransInfo Description="Rough Beach to Brown Brick(NS) NEA" HashKey="368585368585363636">
    <MapTiles>
      <MapTile TileID="1305" AltIDMod="0" />
    </MapTiles>
    <StaticTiles />
  </TransInfo>
  <TransInfo Description="Rough Beach to Brown Brick(NS) AC" HashKey="853685858585363685">
    <MapTiles>
      <MapTile TileID="1171" AltIDMod="0" />
    </MapTiles>
    <StaticTiles />
  </TransInfo>
  <TransInfo Description="Rough Beach to Brown Brick(NS) EW" HashKey="858585368585858585">
    <MapTiles>
      <MapTile TileID="1187" AltIDMod="0" />
    </MapTiles>
    <StaticTiles />
  </TransInfo>
  <TransInfo Description="Rough Beach to Brown Brick(NS) NEA" HashKey="368585858585363636">
    <MapTiles>
      <MapTile TileID="1305" AltIDMod="0" />
    </MapTiles>
    <StaticTiles />
  </TransInfo>
  <TransInfo Description="Rough Beach to Brown Brick(NS) AC" HashKey="858536368536853636">
    <MapTiles>
      <MapTile TileID="1171" AltIDMod="0" />
    </MapTiles>
    <StaticTiles />
  </TransInfo>
  <TransInfo Description="Rough Beach to Brown Brick(NS) AC" HashKey="858536368536363636">
    <MapTiles>
      <MapTile TileID="1171" AltIDMod="0" />
    </MapTiles>
    <StaticTiles />
  </TransInfo>
  <TransInfo Description="Rough Beach to Brown Brick(NS) AC" HashKey="363636858536853636">
    <MapTiles>
      <MapTile TileID="1171" AltIDMod="0" />
    </MapTiles>
    <StaticTiles />
  </TransInfo>
  <TransInfo Description="Rough Beach to Brown Brick(NS) NWA" HashKey="858536858536368585">
    <MapTiles>
      <MapTile TileID="1195" AltIDMod="0" />
    </MapTiles>
    <StaticTiles />
  </TransInfo>
  <TransInfo Description="Rough Beach to Brown Brick(NS) AC" HashKey="368585858536363636">
    <MapTiles>
      <MapTile TileID="1171" AltIDMod="0" />
    </MapTiles>
    <StaticTiles />
  </TransInfo>
  <TransInfo Description="Rough Beach to Brown Brick(NS) AC" HashKey="858536368585853685">
    <MapTiles>
      <MapTile TileID="1171" AltIDMod="0" />
    </MapTiles>
    <StaticTiles />
  </TransInfo>
  <TransInfo Description="Rough Beach to Brown Brick(NS) AC" HashKey="363685858585363685">
    <MapTiles>
      <MapTile TileID="1171" AltIDMod="0" />
    </MapTiles>
    <StaticTiles />
  </TransInfo>
  <TransInfo Description="Rough Beach to Brown Brick(NS) AC" HashKey="858536368585363636">
    <MapTiles>
      <MapTile TileID="1171" AltIDMod="0" />
    </MapTiles>
    <StaticTiles />
  </TransInfo>
  <TransInfo Description="Rough Beach to Brown Brick(NS) AC" HashKey="368536368536363685">
    <MapTiles>
      <MapTile TileID="1171" AltIDMod="0" />
    </MapTiles>
    <StaticTiles />
  </TransInfo>
  <TransInfo Description="Rough Beach to Brown Brick(NS) AC" HashKey="363685368536368536">
    <MapTiles>
      <MapTile TileID="1171" AltIDMod="0" />
    </MapTiles>
    <StaticTiles />
  </TransInfo>
  <TransInfo Description="Rough Beach to Brown Brick(NS) AC" HashKey="853685368585853685">
    <MapTiles>
      <MapTile TileID="1171" AltIDMod="0" />
    </MapTiles>
    <StaticTiles />
  </TransInfo>
  <TransInfo Description="Rough Beach to Brown Brick(NS) NWA" HashKey="858536858585853685">
    <MapTiles>
      <MapTile TileID="1195" AltIDMod="0" />
    </MapTiles>
    <StaticTiles />
  </TransInfo>
  <TransInfo Description="Rough Beach to Brown Brick(NS) AC" HashKey="363685368536363685">
    <MapTiles>
      <MapTile TileID="1171" AltIDMod="0" />
    </MapTiles>
    <StaticTiles />
  </TransInfo>
  <TransInfo Description="Rough Beach to Brown Brick(NS) AC" HashKey="853685858536363636">
    <MapTiles>
      <MapTile TileID="1171" AltIDMod="0" />
    </MapTiles>
    <StaticTiles />
  </TransInfo>
  <TransInfo Description="Rough Beach to Brown Brick(NS) AC" HashKey="368585858536368536">
    <MapTiles>
      <MapTile TileID="1171" AltIDMod="0" />
    </MapTiles>
    <StaticTiles />
  </TransInfo>
  <TransInfo Description="Rough Beach to Brown Brick(NS) AC" HashKey="368536858536363685">
    <MapTiles>
      <MapTile TileID="1171" AltIDMod="0" />
    </MapTiles>
    <StaticTiles />
  </TransInfo>
  <TransInfo Description="Rough Beach to Brown Brick(NS) AC" HashKey="853636368585363685">
    <MapTiles>
      <MapTile TileID="1171" AltIDMod="0" />
    </MapTiles>
    <StaticTiles />
  </TransInfo>
  <TransInfo Description="Rough Beach to Brown Brick(NS) NEA" HashKey="368585368585853636">
    <MapTiles>
      <MapTile TileID="1305" AltIDMod="0" />
    </MapTiles>
    <StaticTiles />
  </TransInfo>
  <TransInfo Description="Rough Beach to Brown Brick(NS) AC" HashKey="853685858585853685">
    <MapTiles>
      <MapTile TileID="1171" AltIDMod="0" />
    </MapTiles>
    <StaticTiles />
  </TransInfo>
  <TransInfo Description="Rough Beach to Brown Brick(NS) AC" HashKey="363685858536363685">
    <MapTiles>
      <MapTile TileID="1171" AltIDMod="0" />
    </MapTiles>
    <StaticTiles />
  </TransInfo>
  <TransInfo Description="Rough Beach to Brown Brick(NS) AC" HashKey="368585368536858585">
    <MapTiles>
      <MapTile TileID="1171" AltIDMod="0" />
    </MapTiles>
    <StaticTiles />
  </TransInfo>
  <TransInfo Description="Rough Beach to Brown Brick(NS) AC" HashKey="853636368585368536">
    <MapTiles>
      <MapTile TileID="1171" AltIDMod="0" />
    </MapTiles>
    <StaticTiles />
  </TransInfo>
  <TransInfo Description="Rough Beach to Brown Brick(NS) WE" HashKey="858536858536858585">
    <MapTiles>
      <MapTile TileID="1189" AltIDMod="0" />
    </MapTiles>
    <StaticTiles />
  </TransInfo>
  <TransInfo Description="Rough Beach to Brown Brick(NS) AC" HashKey="853685368536853636">
    <MapTiles>
      <MapTile TileID="1171" AltIDMod="0" />
    </MapTiles>
    <StaticTiles />
  </TransInfo>
  <TransInfo Description="Rough Beach to Brown Brick(NS) AC" HashKey="363685368585368536">
    <MapTiles>
      <MapTile TileID="1171" AltIDMod="0" />
    </MapTiles>
    <StaticTiles />
  </TransInfo>
  <TransInfo Description="Rough Beach to Brown Brick(NS) SWA" HashKey="853685858536858585">
    <MapTiles>
      <MapTile TileID="1306" AltIDMod="0" />
    </MapTiles>
    <StaticTiles />
  </TransInfo>
  <TransInfo Description="Rough Beach to Brown Brick(NS) AC" HashKey="853636858585368536">
    <MapTiles>
      <MapTile TileID="1171" AltIDMod="0" />
    </MapTiles>
    <StaticTiles />
  </TransInfo>
  <TransInfo Description="Rough Beach to Brown Brick(NS) AC" HashKey="363685368536853685">
    <MapTiles>
      <MapTile TileID="1171" AltIDMod="0" />
    </MapTiles>
    <StaticTiles />
  </TransInfo>
  <TransInfo Description="Rough Beach to Brown Brick(NS) AC" HashKey="858536368585363685">
    <MapTiles>
      <MapTile TileID="1171" AltIDMod="0" />
    </MapTiles>
    <StaticTiles />
  </TransInfo>
  <TransInfo Description="Rough Beach to Brown Brick(NS) AC" HashKey="363636368585363636">
    <MapTiles>
      <MapTile TileID="1171" AltIDMod="0" />
    </MapTiles>
    <StaticTiles />
  </TransInfo>
  <TransInfo Description="Rough Beach to Brown Brick(NS) SWA" HashKey="368585858536858536">
    <MapTiles>
      <MapTile TileID="1306" AltIDMod="0" />
    </MapTiles>
    <StaticTiles />
  </TransInfo>
  <TransInfo Description="Rough Beach to Brown Brick(NS) SEA" HashKey="363636858585368585">
    <MapTiles>
      <MapTile TileID="1197" AltIDMod="0" />
    </MapTiles>
    <StaticTiles />
  </TransInfo>
  <TransInfo Description="Rough Beach to Brown Brick(NS) AC" HashKey="858585368536363685">
    <MapTiles>
      <MapTile TileID="1171" AltIDMod="0" />
    </MapTiles>
    <StaticTiles />
  </TransInfo>
  <TransInfo Description="Rough Beach to Brown Brick(NS) AC" HashKey="363685858536853685">
    <MapTiles>
      <MapTile TileID="1171" AltIDMod="0" />
    </MapTiles>
    <StaticTiles />
  </TransInfo>
  <TransInfo Description="Rough Beach to Brown Brick(NS) AC" HashKey="368536858536853636">
    <MapTiles>
      <MapTile TileID="1171" AltIDMod="0" />
    </MapTiles>
    <StaticTiles />
  </TransInfo>
  <TransInfo Description="Rough Beach to Brown Brick(NS) AC" HashKey="853636368585858536">
    <MapTiles>
      <MapTile TileID="1171" AltIDMod="0" />
    </MapTiles>
    <StaticTiles />
  </TransInfo>
  <TransInfo Description="Rough Beach to Brown Brick(NS) AC" HashKey="363636368536368536">
    <MapTiles>
      <MapTile TileID="1171" AltIDMod="0" />
    </MapTiles>
    <StaticTiles />
  </TransInfo>
  <TransInfo Description="Rough Beach to Brown Brick(NS) AC" HashKey="363685368585858536">
    <MapTiles>
      <MapTile TileID="1171" AltIDMod="0" />
    </MapTiles>
    <StaticTiles />
  </TransInfo>
  <TransInfo Description="Rough Beach to Brown Brick(NS) SWA" HashKey="853636858585858536">
    <MapTiles>
      <MapTile TileID="1306" AltIDMod="0" />
    </MapTiles>
    <StaticTiles />
  </TransInfo>
  <TransInfo Description="Rough Beach to Brown Brick(NS) NWA" HashKey="858585858536363636">
    <MapTiles>
      <MapTile TileID="1195" AltIDMod="0" />
    </MapTiles>
    <StaticTiles />
  </TransInfo>
  <TransInfo Description="Rough Beach to Brown Brick(NS) AC" HashKey="363636858536368536">
    <MapTiles>
      <MapTile TileID="1171" AltIDMod="0" />
    </MapTiles>
    <StaticTiles />
  </TransInfo>
  <TransInfo Description="Rough Beach to Brown Brick(NS) AC" HashKey="363636368585853636">
    <MapTiles>
      <MapTile TileID="1171" AltIDMod="0" />
    </MapTiles>
    <StaticTiles />
  </TransInfo>
  <TransInfo Description="Rough Beach to Brown Brick(NS) SEA" HashKey="858536368585368585">
    <MapTiles>
      <MapTile TileID="1197" AltIDMod="0" />
    </MapTiles>
    <StaticTiles />
  </TransInfo>
  <TransInfo Description="Rough Beach to Brown Brick(NS) SN" HashKey="363636858585858585">
    <MapTiles>
      <MapTile TileID="1190" AltIDMod="0" />
    </MapTiles>
    <StaticTiles />
  </TransInfo>
  <TransInfo Description="Rough Beach to Brown Brick(NS) AC" HashKey="368585858536363685">
    <MapTiles>
      <MapTile TileID="1171" AltIDMod="0" />
    </MapTiles>
    <StaticTiles />
  </TransInfo>
  <TransInfo Description="Rough Beach to Brown Brick(NS) SEA" HashKey="853685368585368585">
    <MapTiles>
      <MapTile TileID="1197" AltIDMod="0" />
    </MapTiles>
    <StaticTiles />
  </TransInfo>
  <TransInfo Description="Rough Beach to Brown Brick(NS) AC" HashKey="363636368536363685">
    <MapTiles>
      <MapTile TileID="1171" AltIDMod="0" />
    </MapTiles>
    <StaticTiles />
  </TransInfo>
  <TransInfo Description="Rough Beach to Brown Brick(NS) SWA" HashKey="368585858536858585">
    <MapTiles>
      <MapTile TileID="1306" AltIDMod="0" />
    </MapTiles>
    <StaticTiles />
  </TransInfo>
  <TransInfo Description="Rough Beach to Brown Brick(NS) INS" HashKey="858536858585368585">
    <MapTiles>
      <MapTile TileID="22" AltIDMod="0" />
    </MapTiles>
    <StaticTiles />
  </TransInfo>
  <TransInfo Description="Rough Beach to Brown Brick(NS) AC" HashKey="853685858536853636">
    <MapTiles>
      <MapTile TileID="1171" AltIDMod="0" />
    </MapTiles>
    <StaticTiles />
  </TransInfo>
  <TransInfo Description="Rough Beach to Brown Brick(NS) AC" HashKey="858585368536853636">
    <MapTiles>
      <MapTile TileID="1171" AltIDMod="0" />
    </MapTiles>
    <StaticTiles />
  </TransInfo>
  <TransInfo Description="Rough Beach to Brown Brick(NS) AC" HashKey="368536858536368536">
    <MapTiles>
      <MapTile TileID="1171" AltIDMod="0" />
    </MapTiles>
    <StaticTiles />
  </TransInfo>
  <TransInfo Description="Rough Beach to Brown Brick(NS) NEA" HashKey="368585368585368536">
    <MapTiles>
      <MapTile TileID="1305" AltIDMod="0" />
    </MapTiles>
    <StaticTiles />
  </TransInfo>
  <TransInfo Description="Rough Beach to Brown Brick(NS) SEA" HashKey="853685858585368585">
    <MapTiles>
      <MapTile TileID="1197" AltIDMod="0" />
    </MapTiles>
    <StaticTiles />
  </TransInfo>
  <TransInfo Description="Rough Beach to Brown Brick(NS) AC" HashKey="363636858585363685">
    <MapTiles>
      <MapTile TileID="1171" AltIDMod="0" />
    </MapTiles>
    <StaticTiles />
  </TransInfo>
  <TransInfo Description="Rough Beach to Brown Brick(NS) AC" HashKey="858536368536368536">
    <MapTiles>
      <MapTile TileID="1171" AltIDMod="0" />
    </MapTiles>
    <StaticTiles />
  </TransInfo>
  <TransInfo Description="Rough Beach to Brown Brick(NS) NWA" HashKey="858585858536853636">
    <MapTiles>
      <MapTile TileID="1195" AltIDMod="0" />
    </MapTiles>
    <StaticTiles />
  </TransInfo>
  <TransInfo Description="Rough Beach to Brown Brick(NS) SWA" HashKey="363636858536858536">
    <MapTiles>
      <MapTile TileID="1306" AltIDMod="0" />
    </MapTiles>
    <StaticTiles />
  </TransInfo>
  <TransInfo Description="Rough Beach to Brown Brick(NS) NEA" HashKey="368585858585368536">
    <MapTiles>
      <MapTile TileID="1305" AltIDMod="0" />
    </MapTiles>
    <StaticTiles />
  </TransInfo>
  <TransInfo Description="Rough Beach to Brown Brick(NS) SEA" HashKey="858536368585858585">
    <MapTiles>
      <MapTile TileID="1197" AltIDMod="0" />
    </MapTiles>
    <StaticTiles />
  </TransInfo>
  <TransInfo Description="Rough Beach to Brown Brick(NS) AC" HashKey="853685368536368536">
    <MapTiles>
      <MapTile TileID="1171" AltIDMod="0" />
    </MapTiles>
    <StaticTiles />
  </TransInfo>
  <TransInfo Description="Rough Beach to Brown Brick(NS) AC" HashKey="853636858585853636">
    <MapTiles>
      <MapTile TileID="1171" AltIDMod="0" />
    </MapTiles>
    <StaticTiles />
  </TransInfo>
  <TransInfo Description="Rough Beach to Brown Brick(NS) AC" HashKey="368536368536368585">
    <MapTiles>
      <MapTile TileID="1171" AltIDMod="0" />
    </MapTiles>
    <StaticTiles />
  </TransInfo>
  <TransInfo Description="Rough Beach to Brown Brick(NS) AC" HashKey="368585858536853685">
    <MapTiles>
      <MapTile TileID="1171" AltIDMod="0" />
    </MapTiles>
    <StaticTiles />
  </TransInfo>
  <TransInfo Description="Rough Beach to Brown Brick(NS) SEA" HashKey="853685368585858585">
    <MapTiles>
      <MapTile TileID="1197" AltIDMod="0" />
    </MapTiles>
    <StaticTiles />
  </TransInfo>
  <TransInfo Description="Rough Beach to Brown Brick(NS) SWA" HashKey="363685858536858585">
    <MapTiles>
      <MapTile TileID="1306" AltIDMod="0" />
    </MapTiles>
    <StaticTiles />
  </TransInfo>
  <TransInfo Description="Rough Beach to Brown Brick(NS) NEB" HashKey="858536858585858585">
    <MapTiles>
      <MapTile TileID="1191" AltIDMod="0" />
      <MapTile TileID="1301" AltIDMod="0" />
    </MapTiles>
    <StaticTiles />
  </TransInfo>
  <TransInfo Description="Rough Beach to Brown Brick(NS) AC" HashKey="853636368536363636">
    <MapTiles>
      <MapTile TileID="1171" AltIDMod="0" />
    </MapTiles>
    <StaticTiles />
  </TransInfo>
  <TransInfo Description="Rough Beach to Brown Brick(NS) AC" HashKey="853685858536368536">
    <MapTiles>
      <MapTile TileID="1171" AltIDMod="0" />
    </MapTiles>
    <StaticTiles />
  </TransInfo>
  <TransInfo Description="Rough Beach to Brown Brick(NS) AC" HashKey="363685858585363636">
    <MapTiles>
      <MapTile TileID="1171" AltIDMod="0" />
    </MapTiles>
    <StaticTiles />
  </TransInfo>
  <TransInfo Description="Rough Beach to Brown Brick(NS) NEA" HashKey="368585858585853636">
    <MapTiles>
      <MapTile TileID="1305" AltIDMod="0" />
    </MapTiles>
    <StaticTiles />
  </TransInfo>
  <TransInfo Description="Rough Beach to Brown Brick(NS) NEA" HashKey="368585368585858536">
    <MapTiles>
      <MapTile TileID="1305" AltIDMod="0" />
    </MapTiles>
    <StaticTiles />
  </TransInfo>
  <TransInfo Description="Rough Beach to Brown Brick(NS) SN" HashKey="853685858585858585">
    <MapTiles>
      <MapTile TileID="1190" AltIDMod="0" />
    </MapTiles>
    <StaticTiles />
  </TransInfo>
  <TransInfo Description="Rough Beach to Brown Brick(NS) AC" HashKey="368585368536858536">
    <MapTiles>
      <MapTile TileID="1171" AltIDMod="0" />
    </MapTiles>
    <StaticTiles />
  </TransInfo>
  <TransInfo Description="Rough Beach to Brown Brick(NS) AC" HashKey="853636858536363636">
    <MapTiles>
      <MapTile TileID="1171" AltIDMod="0" />
    </MapTiles>
    <StaticTiles />
  </TransInfo>
  <TransInfo Description="Rough Beach to Brown Brick(NS) AC" HashKey="368536368585363636">
    <MapTiles>
      <MapTile TileID="1171" AltIDMod="0" />
    </MapTiles>
    <StaticTiles />
  </TransInfo>
  <TransInfo Description="Rough Beach to Brown Brick(NS) AC" HashKey="363685368585853685">
    <MapTiles>
      <MapTile TileID="1171" AltIDMod="0" />
    </MapTiles>
    <StaticTiles />
  </TransInfo>
  <TransInfo Description="Rough Beach to Brown Brick(NS) AC" HashKey="368536368585853636">
    <MapTiles>
      <MapTile TileID="1171" AltIDMod="0" />
    </MapTiles>
    <StaticTiles />
  </TransInfo>
  <TransInfo Description="Rough Beach to Brown Brick(NS) AC" HashKey="853636858585853685">
    <MapTiles>
      <MapTile TileID="1171" AltIDMod="0" />
    </MapTiles>
    <StaticTiles />
  </TransInfo>
  <TransInfo Description="Rough Beach to Brown Brick(NS) AC" HashKey="853685368536858536">
    <MapTiles>
      <MapTile TileID="1171" AltIDMod="0" />
    </MapTiles>
    <StaticTiles />
  </TransInfo>
  <TransInfo Description="Rough Beach to Brown Brick(NS) IWE" HashKey="368585858585858536">
    <MapTiles>
      <MapTile TileID="22" AltIDMod="0" />
    </MapTiles>
    <StaticTiles />
  </TransInfo>
  <TransInfo Description="Rough Beach to Brown Brick(NS) AC" HashKey="368536368536858585">
    <MapTiles>
      <MapTile TileID="1171" AltIDMod="0" />
    </MapTiles>
    <StaticTiles />
  </TransInfo>
  <TransInfo Description="Rough Beach to Brown Brick(NS) AC" HashKey="853636858585363636">
    <MapTiles>
      <MapTile TileID="1171" AltIDMod="0" />
    </MapTiles>
    <StaticTiles />
  </TransInfo>
  <TransInfo Description="Rough Beach to Brown Brick(NS) AC" HashKey="368536858585853636">
    <MapTiles>
      <MapTile TileID="1171" AltIDMod="0" />
    </MapTiles>
    <StaticTiles />
  </TransInfo>
  <TransInfo Description="Rough Beach to Brown Brick(NS) AC" HashKey="363636858536853685">
    <MapTiles>
      <MapTile TileID="1171" AltIDMod="0" />
    </MapTiles>
    <StaticTiles />
  </TransInfo>
  <TransInfo Description="Rough Beach to Brown Brick(NS) AC" HashKey="853636368536853636">
    <MapTiles>
      <MapTile TileID="1171" AltIDMod="0" />
    </MapTiles>
    <StaticTiles />
  </TransInfo>
  <TransInfo Description="Rough Beach to Brown Brick(NS) NEA" HashKey="858585368585363636">
    <MapTiles>
      <MapTile TileID="1305" AltIDMod="0" />
    </MapTiles>
    <StaticTiles />
  </TransInfo>
  <TransInfo Description="Rough Beach to Brown Brick(NS) AC" HashKey="363636368585368536">
    <MapTiles>
      <MapTile TileID="1171" AltIDMod="0" />
    </MapTiles>
    <StaticTiles />
  </TransInfo>
  <TransInfo Description="Rough Beach to Brown Brick(NS) AC" HashKey="363685858585853636">
    <MapTiles>
      <MapTile TileID="1171" AltIDMod="0" />
    </MapTiles>
    <StaticTiles />
  </TransInfo>
  <TransInfo Description="Rough Beach to Brown Brick(NS) AC" HashKey="858585368536368585">
    <MapTiles>
      <MapTile TileID="1171" AltIDMod="0" />
    </MapTiles>
    <StaticTiles />
  </TransInfo>
  <TransInfo Description="Rough Beach to Brown Brick(NS) AC" HashKey="363636368536853685">
    <MapTiles>
      <MapTile TileID="1171" AltIDMod="0" />
    </MapTiles>
    <StaticTiles />
  </TransInfo>
  <TransInfo Description="Rough Beach to Brown Brick(NS) NEA" HashKey="368585368585363685">
    <MapTiles>
      <MapTile TileID="1305" AltIDMod="0" />
    </MapTiles>
    <StaticTiles />
  </TransInfo>
  <TransInfo Description="Rough Beach to Brown Brick(NS) NS" HashKey="858585858585363636">
    <MapTiles>
      <MapTile TileID="1188" AltIDMod="0" />
    </MapTiles>
    <StaticTiles />
  </TransInfo>
  <TransInfo Description="Rough Beach to Brown Brick(NS) SWA" HashKey="368536858536858536">
    <MapTiles>
      <MapTile TileID="1306" AltIDMod="0" />
    </MapTiles>
    <StaticTiles />
  </TransInfo>
  <TransInfo Description="Rough Beach to Brown Brick(NS) AC" HashKey="363685368585363685">
    <MapTiles>
      <MapTile TileID="1171" AltIDMod="0" />
    </MapTiles>
    <StaticTiles />
  </TransInfo>
  <TransInfo Description="Rough Beach to Brown Brick(NS) AC" HashKey="858536368536363685">
    <MapTiles>
      <MapTile TileID="1171" AltIDMod="0" />
    </MapTiles>
    <StaticTiles />
  </TransInfo>
  <TransInfo Description="Rough Beach to Brown Brick(NS) NWA" HashKey="858536858585363636">
    <MapTiles>
      <MapTile TileID="1195" AltIDMod="0" />
    </MapTiles>
    <StaticTiles />
  </TransInfo>
  <TransInfo Description="Rough Beach to Brown Brick(NS) NEA" HashKey="368585858585363685">
    <MapTiles>
      <MapTile TileID="1305" AltIDMod="0" />
    </MapTiles>
    <StaticTiles />
  </TransInfo>
  <TransInfo Description="Rough Beach to Brown Brick(NS) AC" HashKey="853685368536363685">
    <MapTiles>
      <MapTile TileID="1171" AltIDMod="0" />
    </MapTiles>
    <StaticTiles />
  </TransInfo>
  <TransInfo Description="Rough Beach to Brown Brick(NS) NWA" HashKey="858585858536368536">
    <MapTiles>
      <MapTile TileID="1195" AltIDMod="0" />
    </MapTiles>
    <StaticTiles />
  </TransInfo>
  <TransInfo Description="Rough Beach to Brown Brick(NS) NEA" HashKey="858585368585853636">
    <MapTiles>
      <MapTile TileID="1305" AltIDMod="0" />
    </MapTiles>
    <StaticTiles />
  </TransInfo>
  <TransInfo Description="Rough Beach to Brown Brick(NS) AC" HashKey="363636368585858536">
    <MapTiles>
      <MapTile TileID="1171" AltIDMod="0" />
    </MapTiles>
    <StaticTiles />
  </TransInfo>
  <TransInfo Description="Rough Beach to Brown Brick(NS) AC" HashKey="368585368536363636">
    <MapTiles>
      <MapTile TileID="1171" AltIDMod="0" />
    </MapTiles>
    <StaticTiles />
  </TransInfo>
  <TransInfo Description="Rough Beach to Brown Brick(NS) AC" HashKey="853685858536363685">
    <MapTiles>
      <MapTile TileID="1171" AltIDMod="0" />
    </MapTiles>
    <StaticTiles />
  </TransInfo>
  <TransInfo Description="Rough Beach to Brown Brick(NS) NWA" HashKey="858536858536363636">
    <MapTiles>
      <MapTile TileID="1195" AltIDMod="0" />
    </MapTiles>
    <StaticTiles />
  </TransInfo>
  <TransInfo Description="Rough Beach to Brown Brick(NS) AC" HashKey="363685368536368585">
    <MapTiles>
      <MapTile TileID="1171" AltIDMod="0" />
    </MapTiles>
    <StaticTiles />
  </TransInfo>
  <TransInfo Description="Rough Beach to Brown Brick(NS) NEA" HashKey="368585368585853685">
    <MapTiles>
      <MapTile TileID="1305" AltIDMod="0" />
    </MapTiles>
    <StaticTiles />
  </TransInfo>
  <TransInfo Description="Rough Beach to Brown Brick(NS) NS" HashKey="858585858585853636">
    <MapTiles>
      <MapTile TileID="1188" AltIDMod="0" />
    </MapTiles>
    <StaticTiles />
  </TransInfo>
  <TransInfo Description="Rough Beach to Brown Brick(NS) AC" HashKey="363685368536363636">
    <MapTiles>
      <MapTile TileID="1171" AltIDMod="0" />
    </MapTiles>
    <StaticTiles />
  </TransInfo>
  <TransInfo Description="Rough Beach to Brown Brick(NS) AC" HashKey="368585858536368585">
    <MapTiles>
      <MapTile TileID="1171" AltIDMod="0" />
    </MapTiles>
    <StaticTiles />
  </TransInfo>
  <TransInfo Description="Rough Beach to Brown Brick(NS) AC" HashKey="858585368536858536">
    <MapTiles>
      <MapTile TileID="1171" AltIDMod="0" />
    </MapTiles>
    <StaticTiles />
  </TransInfo>
  <TransInfo Description="Rough Beach to Brown Brick(NS) SEA" HashKey="853636368585368585">
    <MapTiles>
      <MapTile TileID="1197" AltIDMod="0" />
    </MapTiles>
    <StaticTiles />
  </TransInfo>
  <TransInfo Description="Rough Beach to Brown Brick(NS) NEA" HashKey="368585858585853685">
    <MapTiles>
      <MapTile TileID="1305" AltIDMod="0" />
    </MapTiles>
    <StaticTiles />
  </TransInfo>
  <TransInfo Description="Rough Beach to Brown Brick(NS) AC" HashKey="853636368536853685">
    <MapTiles>
      <MapTile TileID="1171" AltIDMod="0" />
    </MapTiles>
    <StaticTiles />
  </TransInfo>
  <TransInfo Description="Rough Beach to Brown Brick(NS) AC" HashKey="853685368536853685">
    <MapTiles>
      <MapTile TileID="1171" AltIDMod="0" />
    </MapTiles>
    <StaticTiles />
  </TransInfo>
  <TransInfo Description="Rough Beach to Brown Brick(NS) SEA" HashKey="363685368585368585">
    <MapTiles>
      <MapTile TileID="1197" AltIDMod="0" />
    </MapTiles>
    <StaticTiles />
  </TransInfo>
  <TransInfo Description="Rough Beach to Brown Brick(NS) WE" HashKey="858585858536858536">
    <MapTiles>
      <MapTile TileID="1189" AltIDMod="0" />
    </MapTiles>
    <StaticTiles />
  </TransInfo>
  <TransInfo Description="Rough Beach to Brown Brick(NS) AC" HashKey="368536368585368536">
    <MapTiles>
      <MapTile TileID="1171" AltIDMod="0" />
    </MapTiles>
    <StaticTiles />
  </TransInfo>
  <TransInfo Description="Rough Beach to Brown Brick(NS) SEA" HashKey="853636858585368585">
    <MapTiles>
      <MapTile TileID="1197" AltIDMod="0" />
    </MapTiles>
    <StaticTiles />
  </TransInfo>
  <TransInfo Description="Rough Beach to Brown Brick(NS) AC" HashKey="368585368536853636">
    <MapTiles>
      <MapTile TileID="1171" AltIDMod="0" />
    </MapTiles>
    <StaticTiles />
  </TransInfo>
  <TransInfo Description="Rough Beach to Brown Brick(NS) AC" HashKey="363636368585363685">
    <MapTiles>
      <MapTile TileID="1171" AltIDMod="0" />
    </MapTiles>
    <StaticTiles />
  </TransInfo>
  <TransInfo Description="Rough Beach to Brown Brick(NS) NWA" HashKey="858536858536853636">
    <MapTiles>
      <MapTile TileID="1195" AltIDMod="0" />
    </MapTiles>
    <StaticTiles />
  </TransInfo>
  <TransInfo Description="Rough Beach to Brown Brick(NS) AC" HashKey="368536858585368536">
    <MapTiles>
      <MapTile TileID="1171" AltIDMod="0" />
    </MapTiles>
    <StaticTiles />
  </TransInfo>
  <TransInfo Description="Rough Beach to Brown Brick(NS) AC" HashKey="363685858585853685">
    <MapTiles>
      <MapTile TileID="1171" AltIDMod="0" />
    </MapTiles>
    <StaticTiles />
  </TransInfo>
</Trans>