﻿<?xml version="1.0" encoding="utf-8"?>
<Trans>
  <TransInfo Description="Small Dirt to Rough Beach AC" HashKey="088508850808088508">
    <MapTiles>
      <MapTile TileID="22" AltIDMod="0" />
    </MapTiles>
    <StaticTiles />
  </TransInfo>
  <TransInfo Description="Small Dirt to Rough Beach NEA" HashKey="080808850808858508">
    <MapTiles>
      <MapTile TileID="827" AltIDMod="0" />
    </MapTiles>
    <StaticTiles />
  </TransInfo>
  <TransInfo Description="Small Dirt to Rough Beach AC" HashKey="088585850808858508">
    <MapTiles>
      <MapTile TileID="22" AltIDMod="0" />
    </MapTiles>
    <StaticTiles />
  </TransInfo>
  <TransInfo Description="Small Dirt to Rough Beach SWA" HashKey="088585080885080808">
    <MapTiles>
      <MapTile TileID="828" AltIDMod="0" />
    </MapTiles>
    <StaticTiles />
  </TransInfo>
  <TransInfo Description="Small Dirt to Rough Beach NWA" HashKey="080808080885850808">
    <MapTiles>
      <MapTile TileID="825" AltIDMod="0" />
    </MapTiles>
    <StaticTiles />
  </TransInfo>
  <TransInfo Description="Small Dirt to Rough Beach AC" HashKey="858508850885088508">
    <MapTiles>
      <MapTile TileID="22" AltIDMod="0" />
    </MapTiles>
    <StaticTiles />
  </TransInfo>
  <TransInfo Description="Small Dirt to Rough Beach AC" HashKey="858508850808088508">
    <MapTiles>
      <MapTile TileID="22" AltIDMod="0" />
    </MapTiles>
    <StaticTiles />
  </TransInfo>
  <TransInfo Description="Small Dirt to Rough Beach AC" HashKey="858508850885858508">
    <MapTiles>
      <MapTile TileID="22" AltIDMod="0" />
    </MapTiles>
    <StaticTiles />
  </TransInfo>
  <TransInfo Description="Small Dirt to Rough Beach AC" HashKey="088508080808850885">
    <MapTiles>
      <MapTile TileID="22" AltIDMod="0" />
    </MapTiles>
    <StaticTiles />
  </TransInfo>
  <TransInfo Description="Small Dirt to Rough Beach SWA" HashKey="850885080808080885">
    <MapTiles>
      <MapTile TileID="828" AltIDMod="0" />
    </MapTiles>
    <StaticTiles />
  </TransInfo>
  <TransInfo Description="Small Dirt to Rough Beach SWA" HashKey="858508080885080885">
    <MapTiles>
      <MapTile TileID="828" AltIDMod="0" />
    </MapTiles>
    <StaticTiles />
  </TransInfo>
  <TransInfo Description="Small Dirt to Rough Beach AC" HashKey="850885850885850808">
    <MapTiles>
      <MapTile TileID="22" AltIDMod="0" />
    </MapTiles>
    <StaticTiles />
  </TransInfo>
  <TransInfo Description="Small Dirt to Rough Beach AC" HashKey="850885080808858585">
    <MapTiles>
      <MapTile TileID="22" AltIDMod="0" />
    </MapTiles>
    <StaticTiles />
  </TransInfo>
  <TransInfo Description="Small Dirt to Rough Beach NWA" HashKey="080885080808088585">
    <MapTiles>
      <MapTile TileID="825" AltIDMod="0" />
    </MapTiles>
    <StaticTiles />
  </TransInfo>
  <TransInfo Description="Small Dirt to Rough Beach AC" HashKey="850885850885080885">
    <MapTiles>
      <MapTile TileID="22" AltIDMod="0" />
    </MapTiles>
    <StaticTiles />
  </TransInfo>
  <TransInfo Description="Small Dirt to Rough Beach AC" HashKey="088585080808088585">
    <MapTiles>
      <MapTile TileID="22" AltIDMod="0" />
    </MapTiles>
    <StaticTiles />
  </TransInfo>
  <TransInfo Description="Small Dirt to Rough Beach EW" HashKey="850808080808850808">
    <MapTiles>
      <MapTile TileID="822" AltIDMod="0" />
    </MapTiles>
    <StaticTiles />
  </TransInfo>
  <TransInfo Description="Small Dirt to Rough Beach AC" HashKey="080885850808080885">
    <MapTiles>
      <MapTile TileID="22" AltIDMod="0" />
    </MapTiles>
    <StaticTiles />
  </TransInfo>
  <TransInfo Description="Small Dirt to Rough Beach AC" HashKey="088585080885858585">
    <MapTiles>
      <MapTile TileID="22" AltIDMod="0" />
    </MapTiles>
    <StaticTiles />
  </TransInfo>
  <TransInfo Description="Small Dirt to Rough Beach AC" HashKey="088508080885858585">
    <MapTiles>
      <MapTile TileID="22" AltIDMod="0" />
    </MapTiles>
    <StaticTiles />
  </TransInfo>
  <TransInfo Description="Small Dirt to Rough Beach AC" HashKey="858585850885088585">
    <MapTiles>
      <MapTile TileID="22" AltIDMod="0" />
    </MapTiles>
    <StaticTiles />
  </TransInfo>
  <TransInfo Description="Small Dirt to Rough Beach SEA" HashKey="088508850808080808">
    <MapTiles>
      <MapTile TileID="826" AltIDMod="0" />
    </MapTiles>
    <StaticTiles />
  </TransInfo>
  <TransInfo Description="Small Dirt to Rough Beach IWE" HashKey="850808080808080885">
    <MapTiles>
      <MapTile TileID="117" AltIDMod="0" />
    </MapTiles>
    <StaticTiles />
  </TransInfo>
  <TransInfo Description="Small Dirt to Rough Beach AC" HashKey="850885080885088508">
    <MapTiles>
      <MapTile TileID="22" AltIDMod="0" />
    </MapTiles>
    <StaticTiles />
  </TransInfo>
  <TransInfo Description="Small Dirt to Rough Beach NWA" HashKey="080885080885858508">
    <MapTiles>
      <MapTile TileID="825" AltIDMod="0" />
    </MapTiles>
    <StaticTiles />
  </TransInfo>
  <TransInfo Description="Small Dirt to Rough Beach AC" HashKey="080808850885858585">
    <MapTiles>
      <MapTile TileID="22" AltIDMod="0" />
    </MapTiles>
    <StaticTiles />
  </TransInfo>
  <TransInfo Description="Small Dirt to Rough Beach NWA" HashKey="080808080885858585">
    <MapTiles>
      <MapTile TileID="825" AltIDMod="0" />
    </MapTiles>
    <StaticTiles />
  </TransInfo>
  <TransInfo Description="Small Dirt to Rough Beach AC" HashKey="088585850885080808">
    <MapTiles>
      <MapTile TileID="22" AltIDMod="0" />
    </MapTiles>
    <StaticTiles />
  </TransInfo>
  <TransInfo Description="Small Dirt to Rough Beach AC" HashKey="850885850885858508">
    <MapTiles>
      <MapTile TileID="22" AltIDMod="0" />
    </MapTiles>
    <StaticTiles />
  </TransInfo>
  <TransInfo Description="Small Dirt to Rough Beach AC" HashKey="088585080885850885">
    <MapTiles>
      <MapTile TileID="22" AltIDMod="0" />
    </MapTiles>
    <StaticTiles />
  </TransInfo>
  <TransInfo Description="Small Dirt to Rough Beach AC" HashKey="088508850885088585">
    <MapTiles>
      <MapTile TileID="22" AltIDMod="0" />
    </MapTiles>
    <StaticTiles />
  </TransInfo>
  <TransInfo Description="Small Dirt to Rough Beach AC" HashKey="858585850808080885">
    <MapTiles>
      <MapTile TileID="22" AltIDMod="0" />
    </MapTiles>
    <StaticTiles />
  </TransInfo>
  <TransInfo Description="Small Dirt to Rough Beach SN" HashKey="858585080808080808">
    <MapTiles>
      <MapTile TileID="821" AltIDMod="0" />
    </MapTiles>
    <StaticTiles />
  </TransInfo>
  <TransInfo Description="Small Dirt to Rough Beach AC" HashKey="080885850885088508">
    <MapTiles>
      <MapTile TileID="22" AltIDMod="0" />
    </MapTiles>
    <StaticTiles />
  </TransInfo>
  <TransInfo Description="Small Dirt to Rough Beach NEA" HashKey="850808080808858585">
    <MapTiles>
      <MapTile TileID="827" AltIDMod="0" />
    </MapTiles>
    <StaticTiles />
  </TransInfo>
  <TransInfo Description="Small Dirt to Rough Beach AC" HashKey="080885850808088508">
    <MapTiles>
      <MapTile TileID="22" AltIDMod="0" />
    </MapTiles>
    <StaticTiles />
  </TransInfo>
  <TransInfo Description="Small Dirt to Rough Beach AC" HashKey="858508080885088585">
    <MapTiles>
      <MapTile TileID="22" AltIDMod="0" />
    </MapTiles>
    <StaticTiles />
  </TransInfo>
  <TransInfo Description="Small Dirt to Rough Beach AC" HashKey="088508080885850808">
    <MapTiles>
      <MapTile TileID="22" AltIDMod="0" />
    </MapTiles>
    <StaticTiles />
  </TransInfo>
  <TransInfo Description="Small Dirt to Rough Beach AC" HashKey="088508850808858508">
    <MapTiles>
      <MapTile TileID="22" AltIDMod="0" />
    </MapTiles>
    <StaticTiles />
  </TransInfo>
  <TransInfo Description="Small Dirt to Rough Beach AC" HashKey="088585080808858585">
    <MapTiles>
      <MapTile TileID="22" AltIDMod="0" />
    </MapTiles>
    <StaticTiles />
  </TransInfo>
  <TransInfo Description="Small Dirt to Rough Beach AC" HashKey="850808850885858585">
    <MapTiles>
      <MapTile TileID="22" AltIDMod="0" />
    </MapTiles>
    <StaticTiles />
  </TransInfo>
  <TransInfo Description="Small Dirt to Rough Beach NWA" HashKey="080885080885850885">
    <MapTiles>
      <MapTile TileID="825" AltIDMod="0" />
    </MapTiles>
    <StaticTiles />
  </TransInfo>
  <TransInfo Description="Small Dirt to Rough Beach AC" HashKey="080808850885850808">
    <MapTiles>
      <MapTile TileID="22" AltIDMod="0" />
    </MapTiles>
    <StaticTiles />
  </TransInfo>
  <TransInfo Description="Small Dirt to Rough Beach AC" HashKey="858508850885850885">
    <MapTiles>
      <MapTile TileID="22" AltIDMod="0" />
    </MapTiles>
    <StaticTiles />
  </TransInfo>
  <TransInfo Description="Small Dirt to Rough Beach AC" HashKey="088508080808858508">
    <MapTiles>
      <MapTile TileID="22" AltIDMod="0" />
    </MapTiles>
    <StaticTiles />
  </TransInfo>
  <TransInfo Description="Small Dirt to Rough Beach AC" HashKey="850885080808088508">
    <MapTiles>
      <MapTile TileID="22" AltIDMod="0" />
    </MapTiles>
    <StaticTiles />
  </TransInfo>
  <TransInfo Description="Small Dirt to Rough Beach NS" HashKey="080808080808858508">
    <MapTiles>
      <MapTile TileID="824" AltIDMod="0" />
    </MapTiles>
    <StaticTiles />
  </TransInfo>
  <TransInfo Description="Small Dirt to Rough Beach AC" HashKey="088585850885088585">
    <MapTiles>
      <MapTile TileID="22" AltIDMod="0" />
    </MapTiles>
    <StaticTiles />
  </TransInfo>
  <TransInfo Description="Small Dirt to Rough Beach AC" HashKey="858508850808080885">
    <MapTiles>
      <MapTile TileID="22" AltIDMod="0" />
    </MapTiles>
    <StaticTiles />
  </TransInfo>
  <TransInfo Description="Small Dirt to Rough Beach AC" HashKey="858585850885088508">
    <MapTiles>
      <MapTile TileID="22" AltIDMod="0" />
    </MapTiles>
    <StaticTiles />
  </TransInfo>
  <TransInfo Description="Small Dirt to Rough Beach NEA" HashKey="850808080808088585">
    <MapTiles>
      <MapTile TileID="827" AltIDMod="0" />
    </MapTiles>
    <StaticTiles />
  </TransInfo>
  <TransInfo Description="Small Dirt to Rough Beach AC" HashKey="850885850885088585">
    <MapTiles>
      <MapTile TileID="22" AltIDMod="0" />
    </MapTiles>
    <StaticTiles />
  </TransInfo>
  <TransInfo Description="Small Dirt to Rough Beach AC" HashKey="088508850885080808">
    <MapTiles>
      <MapTile TileID="22" AltIDMod="0" />
    </MapTiles>
    <StaticTiles />
  </TransInfo>
  <TransInfo Description="Small Dirt to Rough Beach AC" HashKey="858585080885858508">
    <MapTiles>
      <MapTile TileID="22" AltIDMod="0" />
    </MapTiles>
    <StaticTiles />
  </TransInfo>
  <TransInfo Description="Small Dirt to Rough Beach AC" HashKey="080885850885850885">
    <MapTiles>
      <MapTile TileID="22" AltIDMod="0" />
    </MapTiles>
    <StaticTiles />
  </TransInfo>
  <TransInfo Description="Small Dirt to Rough Beach NWA" HashKey="080808080885850885">
    <MapTiles>
      <MapTile TileID="825" AltIDMod="0" />
    </MapTiles>
    <StaticTiles />
  </TransInfo>
  <TransInfo Description="Small Dirt to Rough Beach AC" HashKey="858585080808088508">
    <MapTiles>
      <MapTile TileID="22" AltIDMod="0" />
    </MapTiles>
    <StaticTiles />
  </TransInfo>
  <TransInfo Description="Small Dirt to Rough Beach AC" HashKey="850808850885850885">
    <MapTiles>
      <MapTile TileID="22" AltIDMod="0" />
    </MapTiles>
    <StaticTiles />
  </TransInfo>
  <TransInfo Description="Small Dirt to Rough Beach AC" HashKey="080885850885080885">
    <MapTiles>
      <MapTile TileID="22" AltIDMod="0" />
    </MapTiles>
    <StaticTiles />
  </TransInfo>
  <TransInfo Description="Small Dirt to Rough Beach AC" HashKey="858508850885858585">
    <MapTiles>
      <MapTile TileID="22" AltIDMod="0" />
    </MapTiles>
    <StaticTiles />
  </TransInfo>
  <TransInfo Description="Small Dirt to Rough Beach SWA" HashKey="858508080885080808">
    <MapTiles>
      <MapTile TileID="828" AltIDMod="0" />
    </MapTiles>
    <StaticTiles />
  </TransInfo>
  <TransInfo Description="Small Dirt to Rough Beach AC" HashKey="088508850808088585">
    <MapTiles>
      <MapTile TileID="22" AltIDMod="0" />
    </MapTiles>
    <StaticTiles />
  </TransInfo>
  <TransInfo Description="Small Dirt to Rough Beach AC" HashKey="850808080885858508">
    <MapTiles>
      <MapTile TileID="22" AltIDMod="0" />
    </MapTiles>
    <StaticTiles />
  </TransInfo>
  <TransInfo Description="Small Dirt to Rough Beach AC" HashKey="858508850808088585">
    <MapTiles>
      <MapTile TileID="22" AltIDMod="0" />
    </MapTiles>
    <StaticTiles />
  </TransInfo>
  <TransInfo Description="Small Dirt to Rough Beach AC" HashKey="088508850808850885">
    <MapTiles>
      <MapTile TileID="22" AltIDMod="0" />
    </MapTiles>
    <StaticTiles />
  </TransInfo>
  <TransInfo Description="Small Dirt to Rough Beach SEA" HashKey="088585080808850808">
    <MapTiles>
      <MapTile TileID="826" AltIDMod="0" />
    </MapTiles>
    <StaticTiles />
  </TransInfo>
  <TransInfo Description="Small Dirt to Rough Beach NEA" HashKey="850808080808850885">
    <MapTiles>
      <MapTile TileID="827" AltIDMod="0" />
    </MapTiles>
    <StaticTiles />
  </TransInfo>
  <TransInfo Description="Small Dirt to Rough Beach AC" HashKey="850885850885850885">
    <MapTiles>
      <MapTile TileID="22" AltIDMod="0" />
    </MapTiles>
    <StaticTiles />
  </TransInfo>
  <TransInfo Description="Small Dirt to Rough Beach AC" HashKey="088585080885858508">
    <MapTiles>
      <MapTile TileID="22" AltIDMod="0" />
    </MapTiles>
    <StaticTiles />
  </TransInfo>
  <TransInfo Description="Small Dirt to Rough Beach NS" HashKey="080808080808850885">
    <MapTiles>
      <MapTile TileID="824" AltIDMod="0" />
    </MapTiles>
    <StaticTiles />
  </TransInfo>
  <TransInfo Description="Small Dirt to Rough Beach AC" HashKey="850885850808080885">
    <MapTiles>
      <MapTile TileID="22" AltIDMod="0" />
    </MapTiles>
    <StaticTiles />
  </TransInfo>
  <TransInfo Description="Small Dirt to Rough Beach NWB" HashKey="850808080808080808">
    <MapTiles>
      <MapTile TileID="829" AltIDMod="0" />
    </MapTiles>
    <StaticTiles />
  </TransInfo>
  <TransInfo Description="Small Dirt to Rough Beach AC" HashKey="088508850808080885">
    <MapTiles>
      <MapTile TileID="22" AltIDMod="0" />
    </MapTiles>
    <StaticTiles />
  </TransInfo>
  <TransInfo Description="Small Dirt to Rough Beach SEA" HashKey="858585080808850808">
    <MapTiles>
      <MapTile TileID="826" AltIDMod="0" />
    </MapTiles>
    <StaticTiles />
  </TransInfo>
  <TransInfo Description="Small Dirt to Rough Beach AC" HashKey="850808850885850808">
    <MapTiles>
      <MapTile TileID="22" AltIDMod="0" />
    </MapTiles>
    <StaticTiles />
  </TransInfo>
  <TransInfo Description="Small Dirt to Rough Beach NWA" HashKey="080885080885858585">
    <MapTiles>
      <MapTile TileID="825" AltIDMod="0" />
    </MapTiles>
    <StaticTiles />
  </TransInfo>
  <TransInfo Description="Small Dirt to Rough Beach AC" HashKey="858585850885858508">
    <MapTiles>
      <MapTile TileID="22" AltIDMod="0" />
    </MapTiles>
    <StaticTiles />
  </TransInfo>
  <TransInfo Description="Small Dirt to Rough Beach NWA" HashKey="080808080885858508">
    <MapTiles>
      <MapTile TileID="825" AltIDMod="0" />
    </MapTiles>
    <StaticTiles />
  </TransInfo>
  <TransInfo Description="Small Dirt to Rough Beach AC" HashKey="858508080885088508">
    <MapTiles>
      <MapTile TileID="22" AltIDMod="0" />
    </MapTiles>
    <StaticTiles />
  </TransInfo>
  <TransInfo Description="Small Dirt to Rough Beach SWA" HashKey="088508080885080808">
    <MapTiles>
      <MapTile TileID="828" AltIDMod="0" />
    </MapTiles>
    <StaticTiles />
  </TransInfo>
  <TransInfo Description="Small Dirt to Rough Beach AC" HashKey="088585850885080885">
    <MapTiles>
      <MapTile TileID="22" AltIDMod="0" />
    </MapTiles>
    <StaticTiles />
  </TransInfo>
  <TransInfo Description="Small Dirt to Rough Beach AC" HashKey="850885850885858585">
    <MapTiles>
      <MapTile TileID="22" AltIDMod="0" />
    </MapTiles>
    <StaticTiles />
  </TransInfo>
  <TransInfo Description="Small Dirt to Rough Beach AC" HashKey="850808080885850885">
    <MapTiles>
      <MapTile TileID="22" AltIDMod="0" />
    </MapTiles>
    <StaticTiles />
  </TransInfo>
  <TransInfo Description="Small Dirt to Rough Beach AC" HashKey="850885850808088585">
    <MapTiles>
      <MapTile TileID="22" AltIDMod="0" />
    </MapTiles>
    <StaticTiles />
  </TransInfo>
  <TransInfo Description="Small Dirt to Rough Beach AC" HashKey="080808850885080808">
    <MapTiles>
      <MapTile TileID="22" AltIDMod="0" />
    </MapTiles>
    <StaticTiles />
  </TransInfo>
  <TransInfo Description="Small Dirt to Rough Beach NS" HashKey="080808080808088585">
    <MapTiles>
      <MapTile TileID="824" AltIDMod="0" />
    </MapTiles>
    <StaticTiles />
  </TransInfo>
  <TransInfo Description="Small Dirt to Rough Beach AC" HashKey="080885850885088585">
    <MapTiles>
      <MapTile TileID="22" AltIDMod="0" />
    </MapTiles>
    <StaticTiles />
  </TransInfo>
  <TransInfo Description="Small Dirt to Rough Beach NEA" HashKey="850808080808858508">
    <MapTiles>
      <MapTile TileID="827" AltIDMod="0" />
    </MapTiles>
    <StaticTiles />
  </TransInfo>
  <TransInfo Description="Small Dirt to Rough Beach AC" HashKey="858585080885088508">
    <MapTiles>
      <MapTile TileID="22" AltIDMod="0" />
    </MapTiles>
    <StaticTiles />
  </TransInfo>
  <TransInfo Description="Small Dirt to Rough Beach AC" HashKey="088508850885850808">
    <MapTiles>
      <MapTile TileID="22" AltIDMod="0" />
    </MapTiles>
    <StaticTiles />
  </TransInfo>
  <TransInfo Description="Small Dirt to Rough Beach AC" HashKey="088585080885850808">
    <MapTiles>
      <MapTile TileID="22" AltIDMod="0" />
    </MapTiles>
    <StaticTiles />
  </TransInfo>
  <TransInfo Description="Small Dirt to Rough Beach AC" HashKey="088508850808858585">
    <MapTiles>
      <MapTile TileID="22" AltIDMod="0" />
    </MapTiles>
    <StaticTiles />
  </TransInfo>
  <TransInfo Description="Small Dirt to Rough Beach AC" HashKey="088508080885858508">
    <MapTiles>
      <MapTile TileID="22" AltIDMod="0" />
    </MapTiles>
    <StaticTiles />
  </TransInfo>
  <TransInfo Description="Small Dirt to Rough Beach NWA" HashKey="080885080808858585">
    <MapTiles>
      <MapTile TileID="825" AltIDMod="0" />
    </MapTiles>
    <StaticTiles />
  </TransInfo>
  <TransInfo Description="Small Dirt to Rough Beach SWA" HashKey="858585080808080885">
    <MapTiles>
      <MapTile TileID="828" AltIDMod="0" />
    </MapTiles>
    <StaticTiles />
  </TransInfo>
  <TransInfo Description="Small Dirt to Rough Beach NWA" HashKey="080885080885850808">
    <MapTiles>
      <MapTile TileID="825" AltIDMod="0" />
    </MapTiles>
    <StaticTiles />
  </TransInfo>
  <TransInfo Description="Small Dirt to Rough Beach AC" HashKey="850808850885858508">
    <MapTiles>
      <MapTile TileID="22" AltIDMod="0" />
    </MapTiles>
    <StaticTiles />
  </TransInfo>
  <TransInfo Description="Small Dirt to Rough Beach AC" HashKey="080885850808858508">
    <MapTiles>
      <MapTile TileID="22" AltIDMod="0" />
    </MapTiles>
    <StaticTiles />
  </TransInfo>
  <TransInfo Description="Small Dirt to Rough Beach AC" HashKey="088508080885088585">
    <MapTiles>
      <MapTile TileID="22" AltIDMod="0" />
    </MapTiles>
    <StaticTiles />
  </TransInfo>
  <TransInfo Description="Small Dirt to Rough Beach AC" HashKey="088585850808088508">
    <MapTiles>
      <MapTile TileID="22" AltIDMod="0" />
    </MapTiles>
    <StaticTiles />
  </TransInfo>
  <TransInfo Description="Small Dirt to Rough Beach NSsss" HashKey="080808080808858585">
    <MapTiles>
      <MapTile TileID="824" AltIDMod="0" />
    </MapTiles>
    <StaticTiles />
  </TransInfo>
  <TransInfo Description="Small Dirt to Rough Beach AC" HashKey="088585850885088508">
    <MapTiles>
      <MapTile TileID="22" AltIDMod="0" />
    </MapTiles>
    <StaticTiles />
  </TransInfo>
  <TransInfo Description="Small Dirt to Rough Beach SEA" HashKey="858508850808080808">
    <MapTiles>
      <MapTile TileID="826" AltIDMod="0" />
    </MapTiles>
    <StaticTiles />
  </TransInfo>
  <TransInfo Description="Small Dirt to Rough Beach SN" HashKey="088585080808080808">
    <MapTiles>
      <MapTile TileID="821" AltIDMod="0" />
    </MapTiles>
    <StaticTiles />
  </TransInfo>
  <TransInfo Description="Small Dirt to Rough Beach AC" HashKey="858585080885850808">
    <MapTiles>
      <MapTile TileID="22" AltIDMod="0" />
    </MapTiles>
    <StaticTiles />
  </TransInfo>
  <TransInfo Description="Small Dirt to Rough Beach AC" HashKey="850885850885088508">
    <MapTiles>
      <MapTile TileID="22" AltIDMod="0" />
    </MapTiles>
    <StaticTiles />
  </TransInfo>
  <TransInfo Description="Small Dirt to Rough Beach AC" HashKey="080808850885088585">
    <MapTiles>
      <MapTile TileID="22" AltIDMod="0" />
    </MapTiles>
    <StaticTiles />
  </TransInfo>
  <TransInfo Description="Small Dirt to Rough Beach AC" HashKey="858585850808088508">
    <MapTiles>
      <MapTile TileID="22" AltIDMod="0" />
    </MapTiles>
    <StaticTiles />
  </TransInfo>
  <TransInfo Description="Small Dirt to Rough Beach AC" HashKey="858585080808088585">
    <MapTiles>
      <MapTile TileID="22" AltIDMod="0" />
    </MapTiles>
    <StaticTiles />
  </TransInfo>
  <TransInfo Description="Small Dirt to Rough Beach AC" HashKey="080885850885080808">
    <MapTiles>
      <MapTile TileID="22" AltIDMod="0" />
    </MapTiles>
    <StaticTiles />
  </TransInfo>
  <TransInfo Description="Small Dirt to Rough Beach AC" HashKey="858508850885080808">
    <MapTiles>
      <MapTile TileID="22" AltIDMod="0" />
    </MapTiles>
    <StaticTiles />
  </TransInfo>
  <TransInfo Description="Small Dirt to Rough Beach AC" HashKey="850808080885858585">
    <MapTiles>
      <MapTile TileID="22" AltIDMod="0" />
    </MapTiles>
    <StaticTiles />
  </TransInfo>
  <TransInfo Description="Small Dirt to Rough Beach AC" HashKey="088508850885858585">
    <MapTiles>
      <MapTile TileID="22" AltIDMod="0" />
    </MapTiles>
    <StaticTiles />
  </TransInfo>
  <TransInfo Description="Small Dirt to Rough Beach SEA" HashKey="858508850808850808">
    <MapTiles>
      <MapTile TileID="826" AltIDMod="0" />
    </MapTiles>
    <StaticTiles />
  </TransInfo>
  <TransInfo Description="Small Dirt to Rough Beach AC" HashKey="858585080808858508">
    <MapTiles>
      <MapTile TileID="22" AltIDMod="0" />
    </MapTiles>
    <StaticTiles />
  </TransInfo>
  <TransInfo Description="Small Dirt to Rough Beach SEA" HashKey="088508850808850808">
    <MapTiles>
      <MapTile TileID="826" AltIDMod="0" />
    </MapTiles>
    <StaticTiles />
  </TransInfo>
  <TransInfo Description="Small Dirt to Rough Beach AC" HashKey="858585850885850885">
    <MapTiles>
      <MapTile TileID="22" AltIDMod="0" />
    </MapTiles>
    <StaticTiles />
  </TransInfo>
  <TransInfo Description="Small Dirt to Rough Beach AC" HashKey="858508080808850885">
    <MapTiles>
      <MapTile TileID="22" AltIDMod="0" />
    </MapTiles>
    <StaticTiles />
  </TransInfo>
  <TransInfo Description="Small Dirt to Rough Beach SEB" HashKey="080808080808080885">
    <MapTiles>
      <MapTile TileID="830" AltIDMod="0" />
    </MapTiles>
    <StaticTiles />
  </TransInfo>
  <TransInfo Description="Small Dirt to Rough Beach AC" HashKey="858585850885858585">
    <MapTiles>
      <MapTile TileID="22" AltIDMod="0" />
    </MapTiles>
    <StaticTiles />
  </TransInfo>
  <TransInfo Description="Small Dirt to Rough Beach AC" HashKey="080885850808850885">
    <MapTiles>
      <MapTile TileID="22" AltIDMod="0" />
    </MapTiles>
    <StaticTiles />
  </TransInfo>
  <TransInfo Description="Small Dirt to Rough Beach AC" HashKey="858585850808858508">
    <MapTiles>
      <MapTile TileID="22" AltIDMod="0" />
    </MapTiles>
    <StaticTiles />
  </TransInfo>
  <TransInfo Description="Small Dirt to Rough Beach AC" HashKey="088585850808080885">
    <MapTiles>
      <MapTile TileID="22" AltIDMod="0" />
    </MapTiles>
    <StaticTiles />
  </TransInfo>
  <TransInfo Description="Small Dirt to Rough Beach SEA" HashKey="858508080808850808">
    <MapTiles>
      <MapTile TileID="826" AltIDMod="0" />
    </MapTiles>
    <StaticTiles />
  </TransInfo>
  <TransInfo Description="Small Dirt to Rough Beach AC" HashKey="858508850885850808">
    <MapTiles>
      <MapTile TileID="22" AltIDMod="0" />
    </MapTiles>
    <StaticTiles />
  </TransInfo>
  <TransInfo Description="Small Dirt to Rough Beach NWA" HashKey="080885080808850885">
    <MapTiles>
      <MapTile TileID="825" AltIDMod="0" />
    </MapTiles>
    <StaticTiles />
  </TransInfo>
  <TransInfo Description="Small Dirt to Rough Beach AC" HashKey="858508850808858585">
    <MapTiles>
      <MapTile TileID="22" AltIDMod="0" />
    </MapTiles>
    <StaticTiles />
  </TransInfo>
  <TransInfo Description="Small Dirt to Rough Beach AC" HashKey="858508080808858508">
    <MapTiles>
      <MapTile TileID="22" AltIDMod="0" />
    </MapTiles>
    <StaticTiles />
  </TransInfo>
  <TransInfo Description="Small Dirt to Rough Beach AC" HashKey="858508080808858585">
    <MapTiles>
      <MapTile TileID="22" AltIDMod="0" />
    </MapTiles>
    <StaticTiles />
  </TransInfo>
  <TransInfo Description="Small Dirt to Rough Beach AC" HashKey="858585850885080885">
    <MapTiles>
      <MapTile TileID="22" AltIDMod="0" />
    </MapTiles>
    <StaticTiles />
  </TransInfo>
  <TransInfo Description="Small Dirt to Rough Beach SWA" HashKey="088508080885080885">
    <MapTiles>
      <MapTile TileID="828" AltIDMod="0" />
    </MapTiles>
    <StaticTiles />
  </TransInfo>
  <TransInfo Description="Small Dirt to Rough Beach AC" HashKey="858508080885858508">
    <MapTiles>
      <MapTile TileID="22" AltIDMod="0" />
    </MapTiles>
    <StaticTiles />
  </TransInfo>
  <TransInfo Description="Small Dirt to Rough Beach AC" HashKey="850885850885080808">
    <MapTiles>
      <MapTile TileID="22" AltIDMod="0" />
    </MapTiles>
    <StaticTiles />
  </TransInfo>
  <TransInfo Description="Small Dirt to Rough Beach AC" HashKey="850885850808850885">
    <MapTiles>
      <MapTile TileID="22" AltIDMod="0" />
    </MapTiles>
    <StaticTiles />
  </TransInfo>
  <TransInfo Description="Small Dirt to Rough Beach AC" HashKey="088508080885850885">
    <MapTiles>
      <MapTile TileID="22" AltIDMod="0" />
    </MapTiles>
    <StaticTiles />
  </TransInfo>
  <TransInfo Description="Small Dirt to Rough Beach WE" HashKey="080885080885080808">
    <MapTiles>
      <MapTile TileID="823" AltIDMod="0" />
    </MapTiles>
    <StaticTiles />
  </TransInfo>
  <TransInfo Description="Small Dirt to Rough Beach AC" HashKey="858508080885858585">
    <MapTiles>
      <MapTile TileID="22" AltIDMod="0" />
    </MapTiles>
    <StaticTiles />
  </TransInfo>
  <TransInfo Description="Small Dirt to Rough Beach NEA" HashKey="850808850808858508">
    <MapTiles>
      <MapTile TileID="827" AltIDMod="0" />
    </MapTiles>
    <StaticTiles />
  </TransInfo>
  <TransInfo Description="Small Dirt to Rough Beach AC" HashKey="850885080808850885">
    <MapTiles>
      <MapTile TileID="22" AltIDMod="0" />
    </MapTiles>
    <StaticTiles />
  </TransInfo>
  <TransInfo Description="Small Dirt to Rough Beach NWA" HashKey="080808080885088508">
    <MapTiles>
      <MapTile TileID="825" AltIDMod="0" />
    </MapTiles>
    <StaticTiles />
  </TransInfo>
  <TransInfo Description="Small Dirt to Rough Beach NS" HashKey="080808080808088508">
    <MapTiles>
      <MapTile TileID="824" AltIDMod="0" />
    </MapTiles>
    <StaticTiles />
  </TransInfo>
  <TransInfo Description="Small Dirt to Rough Beach AC" HashKey="850808080885850808">
    <MapTiles>
      <MapTile TileID="22" AltIDMod="0" />
    </MapTiles>
    <StaticTiles />
  </TransInfo>
  <TransInfo Description="Small Dirt to Rough Beach SWA" HashKey="850885080885080885">
    <MapTiles>
      <MapTile TileID="828" AltIDMod="0" />
    </MapTiles>
    <StaticTiles />
  </TransInfo>
  <TransInfo Description="Small Dirt to Rough Beach AC" HashKey="858585080885850885">
    <MapTiles>
      <MapTile TileID="22" AltIDMod="0" />
    </MapTiles>
    <StaticTiles />
  </TransInfo>
  <TransInfo Description="Small Dirt to Rough Beach AC" HashKey="088508850885850885">
    <MapTiles>
      <MapTile TileID="22" AltIDMod="0" />
    </MapTiles>
    <StaticTiles />
  </TransInfo>
  <TransInfo Description="Small Dirt to Rough Beach SEA" HashKey="088585850808080808">
    <MapTiles>
      <MapTile TileID="826" AltIDMod="0" />
    </MapTiles>
    <StaticTiles />
  </TransInfo>
  <TransInfo Description="Small Dirt to Rough Beach AC" HashKey="850808850885088508">
    <MapTiles>
      <MapTile TileID="22" AltIDMod="0" />
    </MapTiles>
    <StaticTiles />
  </TransInfo>
  <TransInfo Description="Small Dirt to Rough Beach NWA" HashKey="080885080808858508">
    <MapTiles>
      <MapTile TileID="825" AltIDMod="0" />
    </MapTiles>
    <StaticTiles />
  </TransInfo>
  <TransInfo Description="Small Dirt to Rough Beach AC" HashKey="080885850885850808">
    <MapTiles>
      <MapTile TileID="22" AltIDMod="0" />
    </MapTiles>
    <StaticTiles />
  </TransInfo>
  <TransInfo Description="Small Dirt to Rough Beach SWA" HashKey="850808080885080808">
    <MapTiles>
      <MapTile TileID="828" AltIDMod="0" />
    </MapTiles>
    <StaticTiles />
  </TransInfo>
  <TransInfo Description="Small Dirt to Rough Beach AC" HashKey="088508080808088508">
    <MapTiles>
      <MapTile TileID="22" AltIDMod="0" />
    </MapTiles>
    <StaticTiles />
  </TransInfo>
  <TransInfo Description="Small Dirt to Rough Beach AC" HashKey="080885850808858585">
    <MapTiles>
      <MapTile TileID="22" AltIDMod="0" />
    </MapTiles>
    <StaticTiles />
  </TransInfo>
  <TransInfo Description="Small Dirt to Rough Beach AC" HashKey="088508080885088508">
    <MapTiles>
      <MapTile TileID="22" AltIDMod="0" />
    </MapTiles>
    <StaticTiles />
  </TransInfo>
  <TransInfo Description="Small Dirt to Rough Beach AC" HashKey="088585850808088585">
    <MapTiles>
      <MapTile TileID="22" AltIDMod="0" />
    </MapTiles>
    <StaticTiles />
  </TransInfo>
  <TransInfo Description="Small Dirt to Rough Beach AC" HashKey="850885080885088585">
    <MapTiles>
      <MapTile TileID="22" AltIDMod="0" />
    </MapTiles>
    <StaticTiles />
  </TransInfo>
  <TransInfo Description="Small Dirt to Rough Beach EW" HashKey="850808850808080808">
    <MapTiles>
      <MapTile TileID="822" AltIDMod="0" />
    </MapTiles>
    <StaticTiles />
  </TransInfo>
  <TransInfo Description="Small Dirt to Rough Beach SEA" HashKey="088585850808850808">
    <MapTiles>
      <MapTile TileID="826" AltIDMod="0" />
    </MapTiles>
    <StaticTiles />
  </TransInfo>
  <TransInfo Description="Small Dirt to Rough Beach SWA" HashKey="088585080808080885">
    <MapTiles>
      <MapTile TileID="828" AltIDMod="0" />
    </MapTiles>
    <StaticTiles />
  </TransInfo>
  <TransInfo Description="Small Dirt to Rough Beach AC" HashKey="088585080808850885">
    <MapTiles>
      <MapTile TileID="22" AltIDMod="0" />
    </MapTiles>
    <StaticTiles />
  </TransInfo>
  <TransInfo Description="Small Dirt to Rough Beach NWA" HashKey="080885080885088585">
    <MapTiles>
      <MapTile TileID="825" AltIDMod="0" />
    </MapTiles>
    <StaticTiles />
  </TransInfo>
  <TransInfo Description="Small Dirt to Rough Beach NEA" HashKey="080808850808088508">
    <MapTiles>
      <MapTile TileID="827" AltIDMod="0" />
    </MapTiles>
    <StaticTiles />
  </TransInfo>
  <TransInfo Description="Small Dirt to Rough Beach NEA" HashKey="850808850808850885">
    <MapTiles>
      <MapTile TileID="827" AltIDMod="0" />
    </MapTiles>
    <StaticTiles />
  </TransInfo>
  <TransInfo Description="Small Dirt to Rough Beach WE" HashKey="080808080885080885">
    <MapTiles>
      <MapTile TileID="823" AltIDMod="0" />
    </MapTiles>
    <StaticTiles />
  </TransInfo>
  <TransInfo Description="Small Dirt to Rough Beach SN" HashKey="858508080808080808">
    <MapTiles>
      <MapTile TileID="821" AltIDMod="0" />
    </MapTiles>
    <StaticTiles />
  </TransInfo>
  <TransInfo Description="Small Dirt to Rough Beach AC" HashKey="088585850885858508">
    <MapTiles>
      <MapTile TileID="22" AltIDMod="0" />
    </MapTiles>
    <StaticTiles />
  </TransInfo>
  <TransInfo Description="Small Dirt to Rough Beach AC" HashKey="088508850885080885">
    <MapTiles>
      <MapTile TileID="22" AltIDMod="0" />
    </MapTiles>
    <StaticTiles />
  </TransInfo>
  <TransInfo Description="Small Dirt to Rough Beach AC" HashKey="088508850885088508">
    <MapTiles>
      <MapTile TileID="22" AltIDMod="0" />
    </MapTiles>
    <StaticTiles />
  </TransInfo>
  <TransInfo Description="Small Dirt to Rough Beach AC" HashKey="088508850885858508">
    <MapTiles>
      <MapTile TileID="22" AltIDMod="0" />
    </MapTiles>
    <StaticTiles />
  </TransInfo>
  <TransInfo Description="Small Dirt to Rough Beach AC" HashKey="858585080808858585">
    <MapTiles>
      <MapTile TileID="22" AltIDMod="0" />
    </MapTiles>
    <StaticTiles />
  </TransInfo>
  <TransInfo Description="Small Dirt to Rough Beach AC" HashKey="858508850808850885">
    <MapTiles>
      <MapTile TileID="22" AltIDMod="0" />
    </MapTiles>
    <StaticTiles />
  </TransInfo>
  <TransInfo Description="Small Dirt to Rough Beach NEB" HashKey="080885080808080808">
    <MapTiles>
      <MapTile TileID="831" AltIDMod="0" />
    </MapTiles>
    <StaticTiles />
  </TransInfo>
  <TransInfo Description="Small Dirt to Rough Beach AC" HashKey="858585080885858585">
    <MapTiles>
      <MapTile TileID="22" AltIDMod="0" />
    </MapTiles>
    <StaticTiles />
  </TransInfo>
  <TransInfo Description="Small Dirt to Rough Beach AC" HashKey="080885850885858585">
    <MapTiles>
      <MapTile TileID="22" AltIDMod="0" />
    </MapTiles>
    <StaticTiles />
  </TransInfo>
  <TransInfo Description="Small Dirt to Rough Beach SWA" HashKey="088508080808080885">
    <MapTiles>
      <MapTile TileID="828" AltIDMod="0" />
    </MapTiles>
    <StaticTiles />
  </TransInfo>
  <TransInfo Description="Small Dirt to Rough Beach SEA" HashKey="858585850808850808">
    <MapTiles>
      <MapTile TileID="826" AltIDMod="0" />
    </MapTiles>
    <StaticTiles />
  </TransInfo>
  <TransInfo Description="Small Dirt to Rough Beach SEA" HashKey="850885850808080808">
    <MapTiles>
      <MapTile TileID="826" AltIDMod="0" />
    </MapTiles>
    <StaticTiles />
  </TransInfo>
  <TransInfo Description="Small Dirt to Rough Beach AC" HashKey="850885080885850885">
    <MapTiles>
      <MapTile TileID="22" AltIDMod="0" />
    </MapTiles>
    <StaticTiles />
  </TransInfo>
  <TransInfo Description="Small Dirt to Rough Beach EW" HashKey="080808850808850808">
    <MapTiles>
      <MapTile TileID="822" AltIDMod="0" />
    </MapTiles>
    <StaticTiles />
  </TransInfo>
  <TransInfo Description="Small Dirt to Rough Beach NEA" HashKey="850808850808088585">
    <MapTiles>
      <MapTile TileID="827" AltIDMod="0" />
    </MapTiles>
    <StaticTiles />
  </TransInfo>
  <TransInfo Description="Small Dirt to Rough Beach AC" HashKey="088585080885088508">
    <MapTiles>
      <MapTile TileID="22" AltIDMod="0" />
    </MapTiles>
    <StaticTiles />
  </TransInfo>
  <TransInfo Description="Small Dirt to Rough Beach AC" HashKey="850885850808858585">
    <MapTiles>
      <MapTile TileID="22" AltIDMod="0" />
    </MapTiles>
    <StaticTiles />
  </TransInfo>
  <TransInfo Description="Small Dirt to Rough Beach AC" HashKey="088585080808088508">
    <MapTiles>
      <MapTile TileID="22" AltIDMod="0" />
    </MapTiles>
    <StaticTiles />
  </TransInfo>
  <TransInfo Description="Small Dirt to Rough Beach INS" HashKey="080885080808850808">
    <MapTiles>
      <MapTile TileID="117" AltIDMod="0" />
    </MapTiles>
    <StaticTiles />
  </TransInfo>
  <TransInfo Description="Small Dirt to Rough Beach NEA" HashKey="080808850808080885">
    <MapTiles>
      <MapTile TileID="827" AltIDMod="0" />
    </MapTiles>
    <StaticTiles />
  </TransInfo>
  <TransInfo Description="Small Dirt to Rough Beach SWA" HashKey="858585080885080808">
    <MapTiles>
      <MapTile TileID="828" AltIDMod="0" />
    </MapTiles>
    <StaticTiles />
  </TransInfo>
  <TransInfo Description="Small Dirt to Rough Beach AC" HashKey="858508080885850808">
    <MapTiles>
      <MapTile TileID="22" AltIDMod="0" />
    </MapTiles>
    <StaticTiles />
  </TransInfo>
  <TransInfo Description="Small Dirt to Rough Beach AC" HashKey="858508850808858508">
    <MapTiles>
      <MapTile TileID="22" AltIDMod="0" />
    </MapTiles>
    <StaticTiles />
  </TransInfo>
  <TransInfo Description="Small Dirt to Rough Beach AC" HashKey="858508080808088585">
    <MapTiles>
      <MapTile TileID="22" AltIDMod="0" />
    </MapTiles>
    <StaticTiles />
  </TransInfo>
  <TransInfo Description="Small Dirt to Rough Beach AC" HashKey="080808850885080885">
    <MapTiles>
      <MapTile TileID="22" AltIDMod="0" />
    </MapTiles>
    <StaticTiles />
  </TransInfo>
  <TransInfo Description="Small Dirt to Rough Beach AC" HashKey="088585850885850885">
    <MapTiles>
      <MapTile TileID="22" AltIDMod="0" />
    </MapTiles>
    <StaticTiles />
  </TransInfo>
  <TransInfo Description="Small Dirt to Rough Beach AC" HashKey="850808080885088585">
    <MapTiles>
      <MapTile TileID="22" AltIDMod="0" />
    </MapTiles>
    <StaticTiles />
  </TransInfo>
  <TransInfo Description="Small Dirt to Rough Beach AC" HashKey="850808850885080885">
    <MapTiles>
      <MapTile TileID="22" AltIDMod="0" />
    </MapTiles>
    <StaticTiles />
  </TransInfo>
  <TransInfo Description="Small Dirt to Rough Beach WE" HashKey="080885080885080885">
    <MapTiles>
      <MapTile TileID="823" AltIDMod="0" />
    </MapTiles>
    <StaticTiles />
  </TransInfo>
  <TransInfo Description="Small Dirt to Rough Beach SWB" HashKey="080808080808850808">
    <MapTiles>
      <MapTile TileID="832" AltIDMod="0" />
    </MapTiles>
    <StaticTiles />
  </TransInfo>
  <TransInfo Description="Small Dirt to Rough Beach AC" HashKey="858585850808088585">
    <MapTiles>
      <MapTile TileID="22" AltIDMod="0" />
    </MapTiles>
    <StaticTiles />
  </TransInfo>
  <TransInfo Description="Small Dirt to Rough Beach NEA" HashKey="850808850808858585">
    <MapTiles>
      <MapTile TileID="827" AltIDMod="0" />
    </MapTiles>
    <StaticTiles />
  </TransInfo>
  <TransInfo Description="Small Dirt to Rough Beach NWA" HashKey="080808080885088585">
    <MapTiles>
      <MapTile TileID="825" AltIDMod="0" />
    </MapTiles>
    <StaticTiles />
  </TransInfo>
  <TransInfo Description="Small Dirt to Rough Beach SEA" HashKey="850885080808850808">
    <MapTiles>
      <MapTile TileID="826" AltIDMod="0" />
    </MapTiles>
    <StaticTiles />
  </TransInfo>
  <TransInfo Description="Small Dirt to Rough Beach AC" HashKey="858508850885080885">
    <MapTiles>
      <MapTile TileID="22" AltIDMod="0" />
    </MapTiles>
    <StaticTiles />
  </TransInfo>
  <TransInfo Description="Small Dirt to Rough Beach SWA" HashKey="850885080885080808">
    <MapTiles>
      <MapTile TileID="828" AltIDMod="0" />
    </MapTiles>
    <StaticTiles />
  </TransInfo>
  <TransInfo Description="Small Dirt to Rough Beach AC" HashKey="088585850808858585">
    <MapTiles>
      <MapTile TileID="22" AltIDMod="0" />
    </MapTiles>
    <StaticTiles />
  </TransInfo>
  <TransInfo Description="Small Dirt to Rough Beach NEA" HashKey="080808850808858585">
    <MapTiles>
      <MapTile TileID="827" AltIDMod="0" />
    </MapTiles>
    <StaticTiles />
  </TransInfo>
  <TransInfo Description="Small Dirt to Rough Beach AC" HashKey="858508850885088585">
    <MapTiles>
      <MapTile TileID="22" AltIDMod="0" />
    </MapTiles>
    <StaticTiles />
  </TransInfo>
  <TransInfo Description="Small Dirt to Rough Beach SWA" HashKey="088585080885080885">
    <MapTiles>
      <MapTile TileID="828" AltIDMod="0" />
    </MapTiles>
    <StaticTiles />
  </TransInfo>
  <TransInfo Description="Small Dirt to Rough Beach AC" HashKey="858585850808858585">
    <MapTiles>
      <MapTile TileID="22" AltIDMod="0" />
    </MapTiles>
    <StaticTiles />
  </TransInfo>
  <TransInfo Description="Small Dirt to Rough Beach AC" HashKey="850808850885088585">
    <MapTiles>
      <MapTile TileID="22" AltIDMod="0" />
    </MapTiles>
    <StaticTiles />
  </TransInfo>
  <TransInfo Description="Small Dirt to Rough Beach AC" HashKey="088508080808858585">
    <MapTiles>
      <MapTile TileID="22" AltIDMod="0" />
    </MapTiles>
    <StaticTiles />
  </TransInfo>
  <TransInfo Description="Small Dirt to Rough Beach SEA" HashKey="088508080808850808">
    <MapTiles>
      <MapTile TileID="826" AltIDMod="0" />
    </MapTiles>
    <StaticTiles />
  </TransInfo>
  <TransInfo Description="Small Dirt to Rough Beach SN" HashKey="850885080808080808">
    <MapTiles>
      <MapTile TileID="821" AltIDMod="0" />
    </MapTiles>
    <StaticTiles />
  </TransInfo>
  <TransInfo Description="Small Dirt to Rough Beach AC" HashKey="088508080808088585">
    <MapTiles>
      <MapTile TileID="22" AltIDMod="0" />
    </MapTiles>
    <StaticTiles />
  </TransInfo>
  <TransInfo Description="Small Dirt to Rough Beach AC" HashKey="850885080808858508">
    <MapTiles>
      <MapTile TileID="22" AltIDMod="0" />
    </MapTiles>
    <StaticTiles />
  </TransInfo>
  <TransInfo Description="Small Dirt to Rough Beach AC" HashKey="858585850808850885">
    <MapTiles>
      <MapTile TileID="22" AltIDMod="0" />
    </MapTiles>
    <StaticTiles />
  </TransInfo>
  <TransInfo Description="Small Dirt to Rough Beach AC" HashKey="850885080885850808">
    <MapTiles>
      <MapTile TileID="22" AltIDMod="0" />
    </MapTiles>
    <StaticTiles />
  </TransInfo>
  <TransInfo Description="Small Dirt to Rough Beach NEA" HashKey="850808850808080885">
    <MapTiles>
      <MapTile TileID="827" AltIDMod="0" />
    </MapTiles>
    <StaticTiles />
  </TransInfo>
  <TransInfo Description="Small Dirt to Rough Beach AC" HashKey="088585850808850885">
    <MapTiles>
      <MapTile TileID="22" AltIDMod="0" />
    </MapTiles>
    <StaticTiles />
  </TransInfo>
  <TransInfo Description="Small Dirt to Rough Beach NWA" HashKey="080885080808088508">
    <MapTiles>
      <MapTile TileID="825" AltIDMod="0" />
    </MapTiles>
    <StaticTiles />
  </TransInfo>
  <TransInfo Description="Small Dirt to Rough Beach AC" HashKey="850885850808088508">
    <MapTiles>
      <MapTile TileID="22" AltIDMod="0" />
    </MapTiles>
    <StaticTiles />
  </TransInfo>
  <TransInfo Description="Small Dirt to Rough Beach NWA" HashKey="080885080885088508">
    <MapTiles>
      <MapTile TileID="825" AltIDMod="0" />
    </MapTiles>
    <StaticTiles />
  </TransInfo>
  <TransInfo Description="Small Dirt to Rough Beach NEA" HashKey="080808850808088585">
    <MapTiles>
      <MapTile TileID="827" AltIDMod="0" />
    </MapTiles>
    <StaticTiles />
  </TransInfo>
  <TransInfo Description="Small Dirt to Rough Beach EW" HashKey="850808850808850808">
    <MapTiles>
      <MapTile TileID="822" AltIDMod="0" />
    </MapTiles>
    <StaticTiles />
  </TransInfo>
  <TransInfo Description="Small Dirt to Rough Beach SWA" HashKey="858585080885080885">
    <MapTiles>
      <MapTile TileID="828" AltIDMod="0" />
    </MapTiles>
    <StaticTiles />
  </TransInfo>
  <TransInfo Description="Small Dirt to Rough Beach WE" HashKey="080808080885080808">
    <MapTiles>
      <MapTile TileID="823" AltIDMod="0" />
    </MapTiles>
    <StaticTiles />
  </TransInfo>
  <TransInfo Description="Small Dirt to Rough Beach SEA" HashKey="850885850808850808">
    <MapTiles>
      <MapTile TileID="826" AltIDMod="0" />
    </MapTiles>
    <StaticTiles />
  </TransInfo>
  <TransInfo Description="Small Dirt to Rough Beach SWA" HashKey="858508080808080885">
    <MapTiles>
      <MapTile TileID="828" AltIDMod="0" />
    </MapTiles>
    <StaticTiles />
  </TransInfo>
  <TransInfo Description="Small Dirt to Rough Beach AC" HashKey="858585080808850885">
    <MapTiles>
      <MapTile TileID="22" AltIDMod="0" />
    </MapTiles>
    <StaticTiles />
  </TransInfo>
  <TransInfo Description="Small Dirt to Rough Beach AC" HashKey="088585850885858585">
    <MapTiles>
      <MapTile TileID="22" AltIDMod="0" />
    </MapTiles>
    <StaticTiles />
  </TransInfo>
  <TransInfo Description="Small Dirt to Rough Beach NEA" HashKey="080808850808850885">
    <MapTiles>
      <MapTile TileID="827" AltIDMod="0" />
    </MapTiles>
    <StaticTiles />
  </TransInfo>
  <TransInfo Description="Small Dirt to Rough Beach AC" HashKey="858585850885080808">
    <MapTiles>
      <MapTile TileID="22" AltIDMod="0" />
    </MapTiles>
    <StaticTiles />
  </TransInfo>
  <TransInfo Description="Small Dirt to Rough Beach AC" HashKey="080808850885858508">
    <MapTiles>
      <MapTile TileID="22" AltIDMod="0" />
    </MapTiles>
    <StaticTiles />
  </TransInfo>
  <TransInfo Description="Small Dirt to Rough Beach AC" HashKey="080885850885858508">
    <MapTiles>
      <MapTile TileID="22" AltIDMod="0" />
    </MapTiles>
    <StaticTiles />
  </TransInfo>
  <TransInfo Description="Small Dirt to Rough Beach SN" HashKey="088508080808080808">
    <MapTiles>
      <MapTile TileID="821" AltIDMod="0" />
    </MapTiles>
    <StaticTiles />
  </TransInfo>
  <TransInfo Description="Small Dirt to Rough Beach AC" HashKey="080808850885088508">
    <MapTiles>
      <MapTile TileID="22" AltIDMod="0" />
    </MapTiles>
    <StaticTiles />
  </TransInfo>
  <TransInfo Description="Small Dirt to Rough Beach SWA" HashKey="850808080885080885">
    <MapTiles>
      <MapTile TileID="828" AltIDMod="0" />
    </MapTiles>
    <StaticTiles />
  </TransInfo>
  <TransInfo Description="Small Dirt to Rough Beach SEA" HashKey="858585850808080808">
    <MapTiles>
      <MapTile TileID="826" AltIDMod="0" />
    </MapTiles>
    <StaticTiles />
  </TransInfo>
  <TransInfo Description="Small Dirt to Rough Beach NEA" HashKey="850808850808088508">
    <MapTiles>
      <MapTile TileID="827" AltIDMod="0" />
    </MapTiles>
    <StaticTiles />
  </TransInfo>
  <TransInfo Description="Small Dirt to Rough Beach AC" HashKey="088585080885088585">
    <MapTiles>
      <MapTile TileID="22" AltIDMod="0" />
    </MapTiles>
    <StaticTiles />
  </TransInfo>
  <TransInfo Description="Small Dirt to Rough Beach AC" HashKey="858585850885850808">
    <MapTiles>
      <MapTile TileID="22" AltIDMod="0" />
    </MapTiles>
    <StaticTiles />
  </TransInfo>
  <TransInfo Description="Small Dirt to Rough Beach AC" HashKey="850885850808858508">
    <MapTiles>
      <MapTile TileID="22" AltIDMod="0" />
    </MapTiles>
    <StaticTiles />
  </TransInfo>
  <TransInfo Description="Small Dirt to Rough Beach WE" HashKey="080885080808080885">
    <MapTiles>
      <MapTile TileID="823" AltIDMod="0" />
    </MapTiles>
    <StaticTiles />
  </TransInfo>
  <TransInfo Description="Small Dirt to Rough Beach EW" HashKey="080808850808080808">
    <MapTiles>
      <MapTile TileID="822" AltIDMod="0" />
    </MapTiles>
    <StaticTiles />
  </TransInfo>
  <TransInfo Description="Small Dirt to Rough Beach AC" HashKey="080885850808088585">
    <MapTiles>
      <MapTile TileID="22" AltIDMod="0" />
    </MapTiles>
    <StaticTiles />
  </TransInfo>
  <TransInfo Description="Small Dirt to Rough Beach AC" HashKey="850885080885858508">
    <MapTiles>
      <MapTile TileID="22" AltIDMod="0" />
    </MapTiles>
    <StaticTiles />
  </TransInfo>
  <TransInfo Description="Small Dirt to Rough Beach SEA" HashKey="080885850808850808">
    <MapTiles>
      <MapTile TileID="826" AltIDMod="0" />
    </MapTiles>
    <StaticTiles />
  </TransInfo>
  <TransInfo Description="Small Dirt to Rough Beach AC" HashKey="858508080808088508">
    <MapTiles>
      <MapTile TileID="22" AltIDMod="0" />
    </MapTiles>
    <StaticTiles />
  </TransInfo>
  <TransInfo Description="Small Dirt to Rough Beach AC" HashKey="858508080885850885">
    <MapTiles>
      <MapTile TileID="22" AltIDMod="0" />
    </MapTiles>
    <StaticTiles />
  </TransInfo>
  <TransInfo Description="Small Dirt to Rough Beach AC" HashKey="088585850885850808">
    <MapTiles>
      <MapTile TileID="22" AltIDMod="0" />
    </MapTiles>
    <StaticTiles />
  </TransInfo>
  <TransInfo Description="Small Dirt to Rough Beach AC" HashKey="088585080808858508">
    <MapTiles>
      <MapTile TileID="22" AltIDMod="0" />
    </MapTiles>
    <StaticTiles />
  </TransInfo>
  <TransInfo Description="Small Dirt to Rough Beach AC" HashKey="850808850885080808">
    <MapTiles>
      <MapTile TileID="22" AltIDMod="0" />
    </MapTiles>
    <StaticTiles />
  </TransInfo>
  <TransInfo Description="Small Dirt to Rough Beach AC" HashKey="858585080885088585">
    <MapTiles>
      <MapTile TileID="22" AltIDMod="0" />
    </MapTiles>
    <StaticTiles />
  </TransInfo>
  <TransInfo Description="Small Dirt to Rough Beach AC" HashKey="080808850885850885">
    <MapTiles>
      <MapTile TileID="22" AltIDMod="0" />
    </MapTiles>
    <StaticTiles />
  </TransInfo>
  <TransInfo Description="Small Dirt to Rough Beach AC" HashKey="850885080808088585">
    <MapTiles>
      <MapTile TileID="22" AltIDMod="0" />
    </MapTiles>
    <StaticTiles />
  </TransInfo>
  <TransInfo Description="Small Dirt to Rough Beach AC" HashKey="850885080885858585">
    <MapTiles>
      <MapTile TileID="22" AltIDMod="0" />
    </MapTiles>
    <StaticTiles />
  </TransInfo>
  <TransInfo Description="Small Dirt to Rough Beach SEA" HashKey="080885850808080808">
    <MapTiles>
      <MapTile TileID="826" AltIDMod="0" />
    </MapTiles>
    <StaticTiles />
  </TransInfo>
  <TransInfo Description="Small Dirt to Rough Beach NEA" HashKey="850808080808088508">
    <MapTiles>
      <MapTile TileID="827" AltIDMod="0" />
    </MapTiles>
    <StaticTiles />
  </TransInfo>
  <TransInfo Description="Small Dirt to Rough Beach AC" HashKey="850808080885088508">
    <MapTiles>
      <MapTile TileID="22" AltIDMod="0" />
    </MapTiles>
    <StaticTiles />
  </TransInfo>
</Trans>