﻿<?xml version="1.0" encoding="utf-8"?>
<Trans>
  <TransInfo Description="Grass to Goblin Forest Vyseky" HashKey="488080808080804848">
    <MapTiles>
      <MapTile TileID="214" AltIDMod="0" />
    </MapTiles>
    <StaticTiles />
  </TransInfo>
  <TransInfo Description="Grass to Goblin Forest Vyseky" HashKey="488080808080484880">
    <MapTiles>
      <MapTile TileID="214" AltIDMod="0" />
    </MapTiles>
    <StaticTiles />
  </TransInfo>
  <TransInfo Description="Grass to Goblin Forest Vyseky" HashKey="484880808080808048">
    <MapTiles>
      <MapTile TileID="215" AltIDMod="0" />
    </MapTiles>
    <StaticTiles />
  </TransInfo>
  <TransInfo Description="Grass to Goblin Forest Vyseky" HashKey="804848808080808048">
    <MapTiles>
      <MapTile TileID="215" AltIDMod="0" />
    </MapTiles>
    <StaticTiles />
  </TransInfo>
  <TransInfo Description="Grass to Goblin Forest Vyseky" HashKey="808080808080804848">
    <MapTiles>
      <MapTile TileID="208" AltIDMod="0" />
      <MapTile TileID="209" AltIDMod="0" />
    </MapTiles>
    <StaticTiles />
  </TransInfo>
  <TransInfo Description="Grass to Goblin Forest Vyseky" HashKey="804880808080808048">
    <MapTiles>
      <MapTile TileID="215" AltIDMod="0" />
    </MapTiles>
    <StaticTiles />
  </TransInfo>
  <TransInfo Description="Grass to Goblin Forest Vyseky" HashKey="488048808080488080">
    <MapTiles>
      <MapTile TileID="212" AltIDMod="0" />
    </MapTiles>
    <StaticTiles />
  </TransInfo>
  <TransInfo Description="Grass to Goblin Forest Vyseky" HashKey="808048488080808080">
    <MapTiles>
      <MapTile TileID="212" AltIDMod="0" />
    </MapTiles>
    <StaticTiles />
  </TransInfo>
  <TransInfo Description="Grass to Goblin Forest Vyseky" HashKey="488080808080484848">
    <MapTiles>
      <MapTile TileID="214" AltIDMod="0" />
    </MapTiles>
    <StaticTiles />
  </TransInfo>
  <TransInfo Description="Grass to Goblin Forest Vyseky" HashKey="488048808080808080">
    <MapTiles>
      <MapTile TileID="200" AltIDMod="0" />
      <MapTile TileID="201" AltIDMod="0" />
    </MapTiles>
    <StaticTiles />
  </TransInfo>
  <TransInfo Description="Grass to Goblin Forest Vyseky" HashKey="488080488080808048">
    <MapTiles>
      <MapTile TileID="214" AltIDMod="0" />
    </MapTiles>
    <StaticTiles />
  </TransInfo>
  <TransInfo Description="Grass to Goblin Forest Vyseky" HashKey="804880808080488080">
    <MapTiles>
      <MapTile TileID="212" AltIDMod="0" />
    </MapTiles>
    <StaticTiles />
  </TransInfo>
  <TransInfo Description="Grass to Goblin Forest Vyseky" HashKey="808080808048804880">
    <MapTiles>
      <MapTile TileID="213" AltIDMod="0" />
    </MapTiles>
    <StaticTiles />
  </TransInfo>
  <TransInfo Description="Grass to Goblin Forest Vyseky" HashKey="488080488080804848">
    <MapTiles>
      <MapTile TileID="214" AltIDMod="0" />
    </MapTiles>
    <StaticTiles />
  </TransInfo>
  <TransInfo Description="Grass to Goblin Forest Vyseky" HashKey="808048808080804880">
    <MapTiles>
      <MapTile TileID="213" AltIDMod="0" />
    </MapTiles>
    <StaticTiles />
  </TransInfo>
  <TransInfo Description="Grass to Goblin Forest Vyseky" HashKey="808080488080484880">
    <MapTiles>
      <MapTile TileID="214" AltIDMod="0" />
    </MapTiles>
    <StaticTiles />
  </TransInfo>
  <TransInfo Description="Grass to Goblin Forest Vyseky" HashKey="488048488080488080">
    <MapTiles>
      <MapTile TileID="212" AltIDMod="0" />
    </MapTiles>
    <StaticTiles />
  </TransInfo>
  <TransInfo Description="Grass to Goblin Forest Vyseky" HashKey="808048808048808048">
    <MapTiles>
      <MapTile TileID="206" AltIDMod="0" />
      <MapTile TileID="207" AltIDMod="0" />
    </MapTiles>
    <StaticTiles />
  </TransInfo>
  <TransInfo Description="Grass to Goblin Forest Vyseky" HashKey="484848808080808080">
    <MapTiles>
      <MapTile TileID="200" AltIDMod="0" />
      <MapTile TileID="201" AltIDMod="0" />
    </MapTiles>
    <StaticTiles />
  </TransInfo>
  <TransInfo Description="Grass to Goblin Forest Vyseky" HashKey="808080808048484880">
    <MapTiles>
      <MapTile TileID="213" AltIDMod="0" />
    </MapTiles>
    <StaticTiles />
  </TransInfo>
  <TransInfo Description="Grass to Goblin Forest Vyseky" HashKey="808080808080488048">
    <MapTiles>
      <MapTile TileID="208" AltIDMod="0" />
      <MapTile TileID="209" AltIDMod="0" />
    </MapTiles>
    <StaticTiles />
  </TransInfo>
  <TransInfo Description="Grass to Goblin Forest Vyseky" HashKey="804880488080488080">
    <MapTiles>
      <MapTile TileID="212" AltIDMod="0" />
    </MapTiles>
    <StaticTiles />
  </TransInfo>
  <TransInfo Description="Grass to Goblin Forest Vyseky" HashKey="488080488080488080">
    <MapTiles>
      <MapTile TileID="203" AltIDMod="0" />
      <MapTile TileID="204" AltIDMod="0" />
    </MapTiles>
    <StaticTiles />
  </TransInfo>
  <TransInfo Description="Grass to Goblin Forest Vyseky" HashKey="488080808080488048">
    <MapTiles>
      <MapTile TileID="214" AltIDMod="0" />
    </MapTiles>
    <StaticTiles />
  </TransInfo>
  <TransInfo Description="Grass to Goblin Forest Vyseky" HashKey="484848808080488080">
    <MapTiles>
      <MapTile TileID="212" AltIDMod="0" />
    </MapTiles>
    <StaticTiles />
  </TransInfo>
  <TransInfo Description="Grass to Goblin Forest Vyseky" HashKey="484880488080808080">
    <MapTiles>
      <MapTile TileID="212" AltIDMod="0" />
    </MapTiles>
    <StaticTiles />
  </TransInfo>
  <TransInfo Description="Grass to Goblin Forest Vyseky" HashKey="484848808080808048">
    <MapTiles>
      <MapTile TileID="215" AltIDMod="0" />
    </MapTiles>
    <StaticTiles />
  </TransInfo>
  <TransInfo Description="Grass to Goblin Forest Vyseky" HashKey="804848488080808080">
    <MapTiles>
      <MapTile TileID="212" AltIDMod="0" />
    </MapTiles>
    <StaticTiles />
  </TransInfo>
  <TransInfo Description="Grass to Goblin Forest Vyseky" HashKey="808048808048488080">
    <MapTiles>
      <MapTile TileID="213" AltIDMod="0" />
    </MapTiles>
    <StaticTiles />
  </TransInfo>
  <TransInfo Description="Grass to Goblin Forest Vyseky" HashKey="808080808048808080">
    <MapTiles>
      <MapTile TileID="206" AltIDMod="0" />
      <MapTile TileID="207" AltIDMod="0" />
    </MapTiles>
    <StaticTiles />
  </TransInfo>
  <TransInfo Description="Grass to Goblin Forest Vyseky" HashKey="808080488080808080">
    <MapTiles>
      <MapTile TileID="203" AltIDMod="0" />
      <MapTile TileID="204" AltIDMod="0" />
    </MapTiles>
    <StaticTiles />
  </TransInfo>
  <TransInfo Description="Grass to Goblin Forest Vyseky" HashKey="808080488080808048">
    <MapTiles>
      <MapTile TileID="214" AltIDMod="0" />
    </MapTiles>
    <StaticTiles />
  </TransInfo>
  <TransInfo Description="Grass to Goblin Forest Vyseky" HashKey="808080488080804848">
    <MapTiles>
      <MapTile TileID="214" AltIDMod="0" />
    </MapTiles>
    <StaticTiles />
  </TransInfo>
  <TransInfo Description="Grass to Goblin Forest Vyseky" HashKey="488080488080488048">
    <MapTiles>
      <MapTile TileID="214" AltIDMod="0" />
    </MapTiles>
    <StaticTiles />
  </TransInfo>
  <TransInfo Description="Grass to Goblin Forest Vyseky" HashKey="488080488080484848">
    <MapTiles>
      <MapTile TileID="214" AltIDMod="0" />
    </MapTiles>
    <StaticTiles />
  </TransInfo>
  <TransInfo Description="Grass to Goblin Forest Vyseky" HashKey="808080808080804880">
    <MapTiles>
      <MapTile TileID="208" AltIDMod="0" />
      <MapTile TileID="209" AltIDMod="0" />
    </MapTiles>
    <StaticTiles />
  </TransInfo>
  <TransInfo Description="Grass to Goblin Forest Vyseky" HashKey="808080808048488080">
    <MapTiles>
      <MapTile TileID="213" AltIDMod="0" />
    </MapTiles>
    <StaticTiles />
  </TransInfo>
  <TransInfo Description="Grass to Goblin Forest Vyseky" HashKey="488080808080488080">
    <MapTiles>
      <MapTile TileID="203" AltIDMod="0" />
      <MapTile TileID="204" AltIDMod="0" />
    </MapTiles>
    <StaticTiles />
  </TransInfo>
  <TransInfo Description="Grass to Goblin Forest Vyseky" HashKey="808080808048808048">
    <MapTiles>
      <MapTile TileID="206" AltIDMod="0" />
      <MapTile TileID="207" AltIDMod="0" />
    </MapTiles>
    <StaticTiles />
  </TransInfo>
  <TransInfo Description="Grass to Goblin Forest Vyseky" HashKey="808080808048804848">
    <MapTiles>
      <MapTile TileID="213" AltIDMod="0" />
    </MapTiles>
    <StaticTiles />
  </TransInfo>
  <TransInfo Description="Grass to Goblin Forest Vyseky" HashKey="808080488080804880">
    <MapTiles>
      <MapTile TileID="214" AltIDMod="0" />
    </MapTiles>
    <StaticTiles />
  </TransInfo>
  <TransInfo Description="Grass to Goblin Forest Vyseky" HashKey="488080808048808080">
    <MapTiles>
      <MapTile TileID="215" AltIDMod="0" />
    </MapTiles>
    <StaticTiles />
  </TransInfo>
  <TransInfo Description="Grass to Goblin Forest Vyseky" HashKey="808048808048488048">
    <MapTiles>
      <MapTile TileID="213" AltIDMod="0" />
    </MapTiles>
    <StaticTiles />
  </TransInfo>
  <TransInfo Description="Grass to Goblin Forest Vyseky" HashKey="808048808048484880">
    <MapTiles>
      <MapTile TileID="213" AltIDMod="0" />
    </MapTiles>
    <StaticTiles />
  </TransInfo>
  <TransInfo Description="Grass to Goblin Forest Vyseky" HashKey="808048808048484848">
    <MapTiles>
      <MapTile TileID="213" AltIDMod="0" />
    </MapTiles>
    <StaticTiles />
  </TransInfo>
  <TransInfo Description="Grass to Goblin Forest Vyseky" HashKey="808048808048804848">
    <MapTiles>
      <MapTile TileID="213" AltIDMod="0" />
    </MapTiles>
    <StaticTiles />
  </TransInfo>
  <TransInfo Description="Grass to Goblin Forest Vyseky" HashKey="804848808048808048">
    <MapTiles>
      <MapTile TileID="215" AltIDMod="0" />
    </MapTiles>
    <StaticTiles />
  </TransInfo>
  <TransInfo Description="Grass to Goblin Forest Vyseky" HashKey="484848488080488080">
    <MapTiles>
      <MapTile TileID="212" AltIDMod="0" />
    </MapTiles>
    <StaticTiles />
  </TransInfo>
  <TransInfo Description="Grass to Goblin Forest Vyseky" HashKey="808080808080484880">
    <MapTiles>
      <MapTile TileID="208" AltIDMod="0" />
      <MapTile TileID="209" AltIDMod="0" />
    </MapTiles>
    <StaticTiles />
  </TransInfo>
  <TransInfo Description="Grass to Goblin Forest Vyseky" HashKey="484880808048808048">
    <MapTiles>
      <MapTile TileID="215" AltIDMod="0" />
    </MapTiles>
    <StaticTiles />
  </TransInfo>
  <TransInfo Description="Grass to Goblin Forest Vyseky" HashKey="484848488080808080">
    <MapTiles>
      <MapTile TileID="212" AltIDMod="0" />
    </MapTiles>
    <StaticTiles />
  </TransInfo>
  <TransInfo Description="Grass to Goblin Forest Vyseky" HashKey="804880808080808080">
    <MapTiles>
      <MapTile TileID="200" AltIDMod="0" />
      <MapTile TileID="201" AltIDMod="0" />
    </MapTiles>
    <StaticTiles />
  </TransInfo>
  <TransInfo Description="Grass to Goblin Forest Vyseky" HashKey="488080488080804880">
    <MapTiles>
      <MapTile TileID="214" AltIDMod="0" />
    </MapTiles>
    <StaticTiles />
  </TransInfo>
  <TransInfo Description="Grass to Goblin Forest Vyseky" HashKey="808048808080804848">
    <MapTiles>
      <MapTile TileID="213" AltIDMod="0" />
    </MapTiles>
    <StaticTiles />
  </TransInfo>
  <TransInfo Description="Grass to Goblin Forest Vyseky" HashKey="808048808080484880">
    <MapTiles>
      <MapTile TileID="213" AltIDMod="0" />
    </MapTiles>
    <StaticTiles />
  </TransInfo>
  <TransInfo Description="Grass to Goblin Forest Vyseky" HashKey="488080808080804880">
    <MapTiles>
      <MapTile TileID="214" AltIDMod="0" />
    </MapTiles>
    <StaticTiles />
  </TransInfo>
  <TransInfo Description="Grass to Goblin Forest Vyseky" HashKey="808048488080488080">
    <MapTiles>
      <MapTile TileID="212" AltIDMod="0" />
    </MapTiles>
    <StaticTiles />
  </TransInfo>
  <TransInfo Description="Grass to Goblin Forest Vyseky" HashKey="484880808080808080">
    <MapTiles>
      <MapTile TileID="200" AltIDMod="0" />
      <MapTile TileID="201" AltIDMod="0" />
    </MapTiles>
    <StaticTiles />
  </TransInfo>
  <TransInfo Description="Grass to Goblin Forest Vyseky" HashKey="804880808048808080">
    <MapTiles>
      <MapTile TileID="215" AltIDMod="0" />
    </MapTiles>
    <StaticTiles />
  </TransInfo>
  <TransInfo Description="Grass to Goblin Forest Vyseky" HashKey="808080808080808048">
    <MapTiles>
      <MapTile TileID="217" AltIDMod="0" />
    </MapTiles>
    <StaticTiles />
  </TransInfo>
  <TransInfo Description="Grass to Goblin Forest Vyseky" HashKey="488048488080808080">
    <MapTiles>
      <MapTile TileID="212" AltIDMod="0" />
    </MapTiles>
    <StaticTiles />
  </TransInfo>
  <TransInfo Description="Grass to Goblin Forest Vyseky" HashKey="808080808080488080">
    <MapTiles>
      <MapTile TileID="219" AltIDMod="0" />
    </MapTiles>
    <StaticTiles />
  </TransInfo>
  <TransInfo Description="Grass to Goblin Forest Vyseky" HashKey="804848808080808080">
    <MapTiles>
      <MapTile TileID="200" AltIDMod="0" />
      <MapTile TileID="201" AltIDMod="0" />
    </MapTiles>
    <StaticTiles />
  </TransInfo>
  <TransInfo Description="Grass to Goblin Forest Vyseky" HashKey="488080488080808080">
    <MapTiles>
      <MapTile TileID="203" AltIDMod="0" />
      <MapTile TileID="204" AltIDMod="0" />
    </MapTiles>
    <StaticTiles />
  </TransInfo>
  <TransInfo Description="Grass to Goblin Forest Vyseky" HashKey="488048808048808080">
    <MapTiles>
      <MapTile TileID="215" AltIDMod="0" />
    </MapTiles>
    <StaticTiles />
  </TransInfo>
  <TransInfo Description="Grass to Goblin Forest Vyseky" HashKey="488080808080808080">
    <MapTiles>
      <MapTile TileID="216" AltIDMod="0" />
    </MapTiles>
    <StaticTiles />
  </TransInfo>
  <TransInfo Description="Grass to Goblin Forest Vyseky" HashKey="808080488080488048">
    <MapTiles>
      <MapTile TileID="214" AltIDMod="0" />
    </MapTiles>
    <StaticTiles />
  </TransInfo>
  <TransInfo Description="Grass to Goblin Forest Vyseky" HashKey="488048808080808048">
    <MapTiles>
      <MapTile TileID="215" AltIDMod="0" />
    </MapTiles>
    <StaticTiles />
  </TransInfo>
  <TransInfo Description="Grass to Goblin Forest Vyseky" HashKey="804848488080488080">
    <MapTiles>
      <MapTile TileID="212" AltIDMod="0" />
    </MapTiles>
    <StaticTiles />
  </TransInfo>
  <TransInfo Description="Grass to Goblin Forest Vyseky" HashKey="488048808048808048">
    <MapTiles>
      <MapTile TileID="215" AltIDMod="0" />
    </MapTiles>
    <StaticTiles />
  </TransInfo>
  <TransInfo Description="Grass to Goblin Forest Vyseky" HashKey="808080808048488048">
    <MapTiles>
      <MapTile TileID="213" AltIDMod="0" />
    </MapTiles>
    <StaticTiles />
  </TransInfo>
  <TransInfo Description="Grass to Goblin Forest Vyseky" HashKey="808080488080484848">
    <MapTiles>
      <MapTile TileID="214" AltIDMod="0" />
    </MapTiles>
    <StaticTiles />
  </TransInfo>
  <TransInfo Description="Grass to Goblin Forest Vyseky" HashKey="488080808048808048">
    <MapTiles>
      <MapTile TileID="215" AltIDMod="0" />
    </MapTiles>
    <StaticTiles />
  </TransInfo>
  <TransInfo Description="Grass to Goblin Forest Vyseky" HashKey="808080488080488080">
    <MapTiles>
      <MapTile TileID="203" AltIDMod="0" />
      <MapTile TileID="204" AltIDMod="0" />
    </MapTiles>
    <StaticTiles />
  </TransInfo>
  <TransInfo Description="Grass to Goblin Forest Vyseky" HashKey="808048808080808080">
    <MapTiles>
      <MapTile TileID="218" AltIDMod="0" />
    </MapTiles>
    <StaticTiles />
  </TransInfo>
  <TransInfo Description="Grass to Goblin Forest Vyseky" HashKey="484848808048808048">
    <MapTiles>
      <MapTile TileID="215" AltIDMod="0" />
    </MapTiles>
    <StaticTiles />
  </TransInfo>
  <TransInfo Description="Grass to Goblin Forest Vyseky" HashKey="808080808048484848">
    <MapTiles>
      <MapTile TileID="213" AltIDMod="0" />
    </MapTiles>
    <StaticTiles />
  </TransInfo>
  <TransInfo Description="Grass to Goblin Forest Vyseky" HashKey="808048808048804880">
    <MapTiles>
      <MapTile TileID="213" AltIDMod="0" />
    </MapTiles>
    <StaticTiles />
  </TransInfo>
  <TransInfo Description="Grass to Goblin Forest Vyseky" HashKey="484880808080488080">
    <MapTiles>
      <MapTile TileID="212" AltIDMod="0" />
    </MapTiles>
    <StaticTiles />
  </TransInfo>
  <TransInfo Description="Grass to Goblin Forest Vyseky" HashKey="488080488080484880">
    <MapTiles>
      <MapTile TileID="214" AltIDMod="0" />
    </MapTiles>
    <StaticTiles />
  </TransInfo>
  <TransInfo Description="Grass to Goblin Forest Vyseky" HashKey="808048808080484848">
    <MapTiles>
      <MapTile TileID="213" AltIDMod="0" />
    </MapTiles>
    <StaticTiles />
  </TransInfo>
  <TransInfo Description="Grass to Goblin Forest Vyseky" HashKey="808048808080808048">
    <MapTiles>
      <MapTile TileID="206" AltIDMod="0" />
      <MapTile TileID="207" AltIDMod="0" />
    </MapTiles>
    <StaticTiles />
  </TransInfo>
  <TransInfo Description="Grass to Goblin Forest Vyseky" HashKey="808048808080488048">
    <MapTiles>
      <MapTile TileID="213" AltIDMod="0" />
    </MapTiles>
    <StaticTiles />
  </TransInfo>
  <TransInfo Description="Grass to Goblin Forest Vyseky" HashKey="484848808048808080">
    <MapTiles>
      <MapTile TileID="215" AltIDMod="0" />
    </MapTiles>
    <StaticTiles />
  </TransInfo>
  <TransInfo Description="Grass to Goblin Forest Vyseky" HashKey="484880488080488080">
    <MapTiles>
      <MapTile TileID="212" AltIDMod="0" />
    </MapTiles>
    <StaticTiles />
  </TransInfo>
  <TransInfo Description="Grass to Goblin Forest Vyseky" HashKey="808080808080484848">
    <MapTiles>
      <MapTile TileID="208" AltIDMod="0" />
      <MapTile TileID="209" AltIDMod="0" />
    </MapTiles>
    <StaticTiles />
  </TransInfo>
  <TransInfo Description="Grass to Goblin Forest Vyseky" HashKey="808048808048808080">
    <MapTiles>
      <MapTile TileID="206" AltIDMod="0" />
      <MapTile TileID="207" AltIDMod="0" />
    </MapTiles>
    <StaticTiles />
  </TransInfo>
  <TransInfo Description="Grass to Goblin Forest Vyseky" HashKey="484880808048808080">
    <MapTiles>
      <MapTile TileID="215" AltIDMod="0" />
    </MapTiles>
    <StaticTiles />
  </TransInfo>
  <TransInfo Description="Grass to Goblin Forest Vyseky" HashKey="804848808080488080">
    <MapTiles>
      <MapTile TileID="212" AltIDMod="0" />
    </MapTiles>
    <StaticTiles />
  </TransInfo>
  <TransInfo Description="Grass to Goblin Forest Vyseky" HashKey="804848808048808080">
    <MapTiles>
      <MapTile TileID="215" AltIDMod="0" />
    </MapTiles>
    <StaticTiles />
  </TransInfo>
  <TransInfo Description="Grass to Goblin Forest Vyseky" HashKey="804880488080808080">
    <MapTiles>
      <MapTile TileID="212" AltIDMod="0" />
    </MapTiles>
    <StaticTiles />
  </TransInfo>
  <TransInfo Description="Grass to Goblin Forest Vyseky" HashKey="804880808048808048">
    <MapTiles>
      <MapTile TileID="215" AltIDMod="0" />
    </MapTiles>
    <StaticTiles />
  </TransInfo>
</Trans>
