﻿<?xml version="1.0" encoding="utf-8"?>
<Trans>
    <TransInfo Description="Grass to Cobblestones" HashKey="181818808080808080">
    <MapTiles>
      <MapTile TileID="1664" AltIDMod="0" />
    </MapTiles>
    <StaticTiles />
  </TransInfo>
  <TransInfo Description="Grass to Cobblestones" HashKey="801818808080808080">
    <MapTiles>
      <MapTile TileID="1664" AltIDMod="0" />
    </MapTiles>
    <StaticTiles />
  </TransInfo>
  <TransInfo Description="Grass to Cobblestones" HashKey="181880808080808080">
    <MapTiles>
      <MapTile TileID="1664" AltIDMod="0" />
    </MapTiles>
    <StaticTiles />
  </TransInfo>
  <TransInfo Description="Grass to Cobblestones" HashKey="801880808080808080">
    <MapTiles>
      <MapTile TileID="1664" AltIDMod="0" />
    </MapTiles>
    <StaticTiles />
  </TransInfo>
  <TransInfo Description="Grass to Cobblestones" HashKey="188018808080808080">
    <MapTiles>
      <MapTile TileID="1664" AltIDMod="0" />
    </MapTiles>
    <StaticTiles />
  </TransInfo>
  <TransInfo Description="Grass to Cobblestones" HashKey="188080188080188080">
    <MapTiles>
      <MapTile TileID="1663" AltIDMod="0" />
    </MapTiles>
    <StaticTiles />
  </TransInfo>
  <TransInfo Description="Grass to Cobblestones" HashKey="188080188080808080">
    <MapTiles>
      <MapTile TileID="1663" AltIDMod="0" />
    </MapTiles>
    <StaticTiles />
  </TransInfo>
  <TransInfo Description="Grass to Cobblestones" HashKey="808080188080188080">
    <MapTiles>
      <MapTile TileID="1663" AltIDMod="0" />
    </MapTiles>
    <StaticTiles />
  </TransInfo>
  <TransInfo Description="Grass to Cobblestones" HashKey="808080188080808080">
    <MapTiles>
      <MapTile TileID="1663" AltIDMod="0" />
    </MapTiles>
    <StaticTiles />
  </TransInfo>
  <TransInfo Description="Grass to Cobblestones" HashKey="188080808080188080">
    <MapTiles>
      <MapTile TileID="1663" AltIDMod="0" />
    </MapTiles>
    <StaticTiles />
  </TransInfo>
  <TransInfo Description="Grass to Cobblestones" HashKey="808018808018808018">
    <MapTiles>
      <MapTile TileID="1662" AltIDMod="0" />
    </MapTiles>
    <StaticTiles />
  </TransInfo>
  <TransInfo Description="Grass to Cobblestones" HashKey="808080808018808018">
    <MapTiles>
      <MapTile TileID="1662" AltIDMod="0" />
    </MapTiles>
    <StaticTiles />
  </TransInfo>
  <TransInfo Description="Grass to Cobblestones" HashKey="808018808018808080">
    <MapTiles>
      <MapTile TileID="1662" AltIDMod="0" />
    </MapTiles>
    <StaticTiles />
  </TransInfo>
  <TransInfo Description="Grass to Cobblestones" HashKey="808080808018808080">
    <MapTiles>
      <MapTile TileID="1662" AltIDMod="0" />
    </MapTiles>
    <StaticTiles />
  </TransInfo>
  <TransInfo Description="Grass to Cobblestones" HashKey="808018808080808018">
    <MapTiles>
      <MapTile TileID="1662" AltIDMod="0" />
    </MapTiles>
    <StaticTiles />
  </TransInfo>
  <TransInfo Description="Grass to Cobblestones" HashKey="808080808080181818">
    <MapTiles>
      <MapTile TileID="1661" AltIDMod="0" />
    </MapTiles>
    <StaticTiles />
  </TransInfo>
  <TransInfo Description="Grass to Cobblestones" HashKey="808080808080181880">
    <MapTiles>
      <MapTile TileID="1661" AltIDMod="0" />
    </MapTiles>
    <StaticTiles />
  </TransInfo>
  <TransInfo Description="Grass to Cobblestones" HashKey="808080808080801818">
    <MapTiles>
      <MapTile TileID="1661" AltIDMod="0" />
    </MapTiles>
    <StaticTiles />
  </TransInfo>
  <TransInfo Description="Grass to Cobblestones" HashKey="808080808080801880">
    <MapTiles>
      <MapTile TileID="1661" AltIDMod="0" />
    </MapTiles>
    <StaticTiles />
  </TransInfo>
  <TransInfo Description="Grass to Cobblestones" HashKey="808080808080188018">
    <MapTiles>
      <MapTile TileID="1661" AltIDMod="0" />
    </MapTiles>
    <StaticTiles />
  </TransInfo>
  <TransInfo Description="Grass to Cobblestones" HashKey="808018808018181818">
    <MapTiles>
      <MapTile TileID="1669" AltIDMod="0" />
    </MapTiles>
    <StaticTiles />
  </TransInfo>
  <TransInfo Description="Grass to Cobblestones" HashKey="808080808018181818">
    <MapTiles>
      <MapTile TileID="1669" AltIDMod="0" />
    </MapTiles>
    <StaticTiles />
  </TransInfo>
  <TransInfo Description="Grass to Cobblestones" HashKey="808018808018801818">
    <MapTiles>
      <MapTile TileID="1669" AltIDMod="0" />
    </MapTiles>
    <StaticTiles />
  </TransInfo>
  <TransInfo Description="Grass to Cobblestones" HashKey="808080808018801818">
    <MapTiles>
      <MapTile TileID="1669" AltIDMod="0" />
    </MapTiles>
    <StaticTiles />
  </TransInfo>
  <TransInfo Description="Grass to Cobblestones" HashKey="808080808018801880">
    <MapTiles>
      <MapTile TileID="1669" AltIDMod="0" />
    </MapTiles>
    <StaticTiles />
  </TransInfo>
  <TransInfo Description="Grass to Cobblestones" HashKey="808018808080801818">
    <MapTiles>
      <MapTile TileID="1669" AltIDMod="0" />
    </MapTiles>
    <StaticTiles />
  </TransInfo>
  <TransInfo Description="Grass to Cobblestones" HashKey="808018808080181818">
    <MapTiles>
      <MapTile TileID="1669" AltIDMod="0" />
    </MapTiles>
    <StaticTiles />
  </TransInfo>
  <TransInfo Description="Grass to Cobblestones" HashKey="808018808080181880">
    <MapTiles>
      <MapTile TileID="1669" AltIDMod="0" />
    </MapTiles>
    <StaticTiles />
  </TransInfo>
  <TransInfo Description="Grass to Cobblestones" HashKey="808080808018188018">
    <MapTiles>
      <MapTile TileID="1669" AltIDMod="0" />
    </MapTiles>
    <StaticTiles />
  </TransInfo>
  <TransInfo Description="Grass to Cobblestones" HashKey="808018808018188018">
    <MapTiles>
      <MapTile TileID="1669" AltIDMod="0" />
    </MapTiles>
    <StaticTiles />
  </TransInfo>
  <TransInfo Description="Grass to Cobblestones" HashKey="808018808018181880">
    <MapTiles>
      <MapTile TileID="1669" AltIDMod="0" />
    </MapTiles>
    <StaticTiles />
  </TransInfo>
  <TransInfo Description="Grass to Cobblestones" HashKey="808018808018188080">
    <MapTiles>
      <MapTile TileID="1669" AltIDMod="0" />
    </MapTiles>
    <StaticTiles />
  </TransInfo>
  <TransInfo Description="Grass to Cobblestones" HashKey="808018808080801880">
    <MapTiles>
      <MapTile TileID="1669" AltIDMod="0" />
    </MapTiles>
    <StaticTiles />
  </TransInfo>
  <TransInfo Description="Grass to Cobblestones" HashKey="808080808018188080">
    <MapTiles>
      <MapTile TileID="1669" AltIDMod="0" />
    </MapTiles>
    <StaticTiles />
  </TransInfo>
  <TransInfo Description="Grass to Cobblestones" HashKey="808018808018801880">
    <MapTiles>
      <MapTile TileID="1669" AltIDMod="0" />
    </MapTiles>
    <StaticTiles />
  </TransInfo>
  <TransInfo Description="Grass to Cobblestones" HashKey="808018808080188018">
    <MapTiles>
      <MapTile TileID="1669" AltIDMod="0" />
    </MapTiles>
    <StaticTiles />
  </TransInfo>
  <TransInfo Description="Grass to Cobblestones" HashKey="808080808018181880">
    <MapTiles>
      <MapTile TileID="1669" AltIDMod="0" />
    </MapTiles>
    <StaticTiles />
  </TransInfo>
  <TransInfo Description="Grass to Cobblestones" HashKey="181818188080188080">
    <MapTiles>
      <MapTile TileID="1670" AltIDMod="0" />
    </MapTiles>
    <StaticTiles />
  </TransInfo>
  <TransInfo Description="Grass to Cobblestones" HashKey="181880188080188080">
    <MapTiles>
      <MapTile TileID="1670" AltIDMod="0" />
    </MapTiles>
    <StaticTiles />
  </TransInfo>
  <TransInfo Description="Grass to Cobblestones" HashKey="181818188080808080">
    <MapTiles>
      <MapTile TileID="1670" AltIDMod="0" />
    </MapTiles>
    <StaticTiles />
  </TransInfo>
  <TransInfo Description="Grass to Cobblestones" HashKey="181880188080808080">
    <MapTiles>
      <MapTile TileID="1670" AltIDMod="0" />
    </MapTiles>
    <StaticTiles />
  </TransInfo>
  <TransInfo Description="Grass to Cobblestones" HashKey="188018188080808080">
    <MapTiles>
      <MapTile TileID="1670" AltIDMod="0" />
    </MapTiles>
    <StaticTiles />
  </TransInfo>
  <TransInfo Description="Grass to Cobblestones" HashKey="181880808080188080">
    <MapTiles>
      <MapTile TileID="1670" AltIDMod="0" />
    </MapTiles>
    <StaticTiles />
  </TransInfo>
  <TransInfo Description="Grass to Cobblestones" HashKey="801818808080188080">
    <MapTiles>
      <MapTile TileID="1670" AltIDMod="0" />
    </MapTiles>
    <StaticTiles />
  </TransInfo>
  <TransInfo Description="Grass to Cobblestones" HashKey="188018808080188080">
    <MapTiles>
      <MapTile TileID="1670" AltIDMod="0" />
    </MapTiles>
    <StaticTiles />
  </TransInfo>
  <TransInfo Description="Grass to Cobblestones" HashKey="181818808080188080">
    <MapTiles>
      <MapTile TileID="1670" AltIDMod="0" />
    </MapTiles>
    <StaticTiles />
  </TransInfo>
  <TransInfo Description="Grass to Cobblestones" HashKey="801880188080808080">
    <MapTiles>
      <MapTile TileID="1670" AltIDMod="0" />
    </MapTiles>
    <StaticTiles />
  </TransInfo>
  <TransInfo Description="Grass to Cobblestones" HashKey="188018188080188080">
    <MapTiles>
      <MapTile TileID="1670" AltIDMod="0" />
    </MapTiles>
    <StaticTiles />
  </TransInfo>
  <TransInfo Description="Grass to Cobblestones" HashKey="808018188080188080">
    <MapTiles>
      <MapTile TileID="1670" AltIDMod="0" />
    </MapTiles>
    <StaticTiles />
  </TransInfo>
  <TransInfo Description="Grass to Cobblestones" HashKey="801818188080188080">
    <MapTiles>
      <MapTile TileID="1670" AltIDMod="0" />
    </MapTiles>
    <StaticTiles />
  </TransInfo>
  <TransInfo Description="Grass to Cobblestones" HashKey="808018188080808080">
    <MapTiles>
      <MapTile TileID="1670" AltIDMod="0" />
    </MapTiles>
    <StaticTiles />
  </TransInfo>
  <TransInfo Description="Grass to Cobblestones" HashKey="801880188080188080">
    <MapTiles>
      <MapTile TileID="1670" AltIDMod="0" />
    </MapTiles>
    <StaticTiles />
  </TransInfo>
  <TransInfo Description="Grass to Cobblestones" HashKey="801880808080188080">
    <MapTiles>
      <MapTile TileID="1670" AltIDMod="0" />
    </MapTiles>
    <StaticTiles />
  </TransInfo>
  <TransInfo Description="Grass to Cobblestones" HashKey="801818188080808080">
    <MapTiles>
      <MapTile TileID="1670" AltIDMod="0" />
    </MapTiles>
    <StaticTiles />
  </TransInfo>
  <TransInfo Description="Grass to Cobblestones" HashKey="188080188080181818">
    <MapTiles>
      <MapTile TileID="1671" AltIDMod="0" />
    </MapTiles>
    <StaticTiles />
  </TransInfo>
  <TransInfo Description="Grass to Cobblestones" HashKey="808080188080181818">
    <MapTiles>
      <MapTile TileID="1671" AltIDMod="0" />
    </MapTiles>
    <StaticTiles />
  </TransInfo>
  <TransInfo Description="Grass to Cobblestones" HashKey="188080188080181880">
    <MapTiles>
      <MapTile TileID="1671" AltIDMod="0" />
    </MapTiles>
    <StaticTiles />
  </TransInfo>
  <TransInfo Description="Grass to Cobblestones" HashKey="808080188080181880">
    <MapTiles>
      <MapTile TileID="1671" AltIDMod="0" />
    </MapTiles>
    <StaticTiles />
  </TransInfo>
  <TransInfo Description="Grass to Cobblestones" HashKey="808080188080801880">
    <MapTiles>
      <MapTile TileID="1671" AltIDMod="0" />
    </MapTiles>
    <StaticTiles />
  </TransInfo>
  <TransInfo Description="Grass to Cobblestones" HashKey="188080188080808018">
    <MapTiles>
      <MapTile TileID="1671" AltIDMod="0" />
    </MapTiles>
    <StaticTiles />
  </TransInfo>
  <TransInfo Description="Grass to Cobblestones" HashKey="188080808080181818">
    <MapTiles>
      <MapTile TileID="1671" AltIDMod="0" />
    </MapTiles>
    <StaticTiles />
  </TransInfo>
  <TransInfo Description="Grass to Cobblestones" HashKey="188080808080181880">
    <MapTiles>
      <MapTile TileID="1671" AltIDMod="0" />
    </MapTiles>
    <StaticTiles />
  </TransInfo>
  <TransInfo Description="Grass to Cobblestones" HashKey="188080808080801880">
    <MapTiles>
      <MapTile TileID="1671" AltIDMod="0" />
    </MapTiles>
    <StaticTiles />
  </TransInfo>
  <TransInfo Description="Grass to Cobblestones" HashKey="808080188080188018">
    <MapTiles>
      <MapTile TileID="1671" AltIDMod="0" />
    </MapTiles>
    <StaticTiles />
  </TransInfo>
  <TransInfo Description="Grass to Cobblestones" HashKey="188080188080188018">
    <MapTiles>
      <MapTile TileID="1671" AltIDMod="0" />
    </MapTiles>
    <StaticTiles />
  </TransInfo>
  <TransInfo Description="Grass to Cobblestones" HashKey="188080808080801818">
    <MapTiles>
      <MapTile TileID="1671" AltIDMod="0" />
    </MapTiles>
    <StaticTiles />
  </TransInfo>
  <TransInfo Description="Grass to Cobblestones" HashKey="188080188080801818">
    <MapTiles>
      <MapTile TileID="1671" AltIDMod="0" />
    </MapTiles>
    <StaticTiles />
  </TransInfo>
  <TransInfo Description="Grass to Cobblestones" HashKey="808080188080801818">
    <MapTiles>
      <MapTile TileID="1671" AltIDMod="0" />
    </MapTiles>
    <StaticTiles />
  </TransInfo>
  <TransInfo Description="Grass to Cobblestones" HashKey="808080188080808018">
    <MapTiles>
      <MapTile TileID="1671" AltIDMod="0" />
    </MapTiles>
    <StaticTiles />
  </TransInfo>
  <TransInfo Description="Grass to Cobblestones" HashKey="188080808080188018">
    <MapTiles>
      <MapTile TileID="1671" AltIDMod="0" />
    </MapTiles>
    <StaticTiles />
  </TransInfo>
  <TransInfo Description="Grass to Cobblestones" HashKey="188080188080801880">
    <MapTiles>
      <MapTile TileID="1671" AltIDMod="0" />
    </MapTiles>
    <StaticTiles />
  </TransInfo>
  <TransInfo Description="Grass to Cobblestones" HashKey="181818808018808018">
    <MapTiles>
      <MapTile TileID="1672" AltIDMod="0" />
    </MapTiles>
    <StaticTiles />
  </TransInfo>
  <TransInfo Description="Grass to Cobblestones" HashKey="181818808018808080">
    <MapTiles>
      <MapTile TileID="1672" AltIDMod="0" />
    </MapTiles>
    <StaticTiles />
  </TransInfo>
  <TransInfo Description="Grass to Cobblestones" HashKey="801818808018808018">
    <MapTiles>
      <MapTile TileID="1672" AltIDMod="0" />
    </MapTiles>
    <StaticTiles />
  </TransInfo>
  <TransInfo Description="Grass to Cobblestones" HashKey="801818808018808080">
    <MapTiles>
      <MapTile TileID="1672" AltIDMod="0" />
    </MapTiles>
    <StaticTiles />
  </TransInfo>
  <TransInfo Description="Grass to Cobblestones" HashKey="188080808018808018">
    <MapTiles>
      <MapTile TileID="1672" AltIDMod="0" />
    </MapTiles>
    <StaticTiles />
  </TransInfo>
  <TransInfo Description="Grass to Cobblestones" HashKey="188018808018808080">
    <MapTiles>
      <MapTile TileID="1672" AltIDMod="0" />
    </MapTiles>
    <StaticTiles />
  </TransInfo>
  <TransInfo Description="Grass to Cobblestones" HashKey="188018808018808018">
    <MapTiles>
      <MapTile TileID="1672" AltIDMod="0" />
    </MapTiles>
    <StaticTiles />
  </TransInfo>
  <TransInfo Description="Grass to Cobblestones" HashKey="181880808080808018">
    <MapTiles>
      <MapTile TileID="1672" AltIDMod="0" />
    </MapTiles>
    <StaticTiles />
  </TransInfo>
  <TransInfo Description="Grass to Cobblestones" HashKey="801880808080808018">
    <MapTiles>
      <MapTile TileID="1672" AltIDMod="0" />
    </MapTiles>
    <StaticTiles />
  </TransInfo>
  <TransInfo Description="Grass to Cobblestones" HashKey="181818808080808018">
    <MapTiles>
      <MapTile TileID="1672" AltIDMod="0" />
    </MapTiles>
    <StaticTiles />
  </TransInfo>
  <TransInfo Description="Grass to Cobblestones" HashKey="181880808018808080">
    <MapTiles>
      <MapTile TileID="1672" AltIDMod="0" />
    </MapTiles>
    <StaticTiles />
  </TransInfo>
  <TransInfo Description="Grass to Cobblestones" HashKey="801818808080808018">
    <MapTiles>
      <MapTile TileID="1672" AltIDMod="0" />
    </MapTiles>
    <StaticTiles />
  </TransInfo>
  <TransInfo Description="Grass to Cobblestones" HashKey="801880808018808080">
    <MapTiles>
      <MapTile TileID="1672" AltIDMod="0" />
    </MapTiles>
    <StaticTiles />
  </TransInfo>
  <TransInfo Description="Grass to Cobblestones" HashKey="188080808018808080">
    <MapTiles>
      <MapTile TileID="1672" AltIDMod="0" />
    </MapTiles>
    <StaticTiles />
  </TransInfo>
  <TransInfo Description="Grass to Cobblestones" HashKey="188018808080808018">
    <MapTiles>
      <MapTile TileID="1672" AltIDMod="0" />
    </MapTiles>
    <StaticTiles />
  </TransInfo>
  <TransInfo Description="Grass to Cobblestones" HashKey="801880808018808018">
    <MapTiles>
      <MapTile TileID="1672" AltIDMod="0" />
    </MapTiles>
    <StaticTiles />
  </TransInfo>
  <TransInfo Description="Grass to Cobblestones" HashKey="181880808018808018">
    <MapTiles>
      <MapTile TileID="1672" AltIDMod="0" />
    </MapTiles>
    <StaticTiles />
  </TransInfo>
  <TransInfo Description="Grass to Cobblestones" HashKey="188080808080808080">
    <MapTiles>
      <MapTile TileID="1665" AltIDMod="0" />
    </MapTiles>
    <StaticTiles />
  </TransInfo>
  <TransInfo Description="Grass to Cobblestones" HashKey="808080808080808018">
    <MapTiles>
      <MapTile TileID="1666" AltIDMod="0" />
    </MapTiles>
    <StaticTiles />
  </TransInfo>
  <TransInfo Description="Grass to Cobblestones" HashKey="808018808080808080">
    <MapTiles>
      <MapTile TileID="1667" AltIDMod="0" />
    </MapTiles>
    <StaticTiles />
  </TransInfo>
  <TransInfo Description="Grass to Cobblestones" HashKey="808080808080188080">
    <MapTiles>
      <MapTile TileID="1668" AltIDMod="0" />
    </MapTiles>
    <StaticTiles />
  </TransInfo>
</Trans>
