﻿<?xml version="1.0" encoding="utf-8"?>
<Trans>
    <TransInfo Description="Grass to Furrows N" HashKey="020202808080808080">
    <MapTiles>
      <MapTile TileID="11" AltIDMod="0" />
    </MapTiles>
    <StaticTiles />
  </TransInfo>
  <TransInfo Description="Grass to Furrows N" HashKey="800202808080808080">
    <MapTiles>
      <MapTile TileID="11" AltIDMod="0" />
    </MapTiles>
    <StaticTiles />
  </TransInfo>
  <TransInfo Description="Grass to Furrows N" HashKey="020280808080808080">
    <MapTiles>
      <MapTile TileID="11" AltIDMod="0" />
    </MapTiles>
    <StaticTiles />
  </TransInfo>
  <TransInfo Description="Grass to Furrows N" HashKey="800280808080808080">
    <MapTiles>
      <MapTile TileID="11" AltIDMod="0" />
    </MapTiles>
    <StaticTiles />
  </TransInfo>
  <TransInfo Description="Grass to Furrows N" HashKey="028002808080808080">
    <MapTiles>
      <MapTile TileID="11" AltIDMod="0" />
    </MapTiles>
    <StaticTiles />
  </TransInfo>
  <TransInfo Description="Grass to Furrows N" HashKey="028080028080028080">
    <MapTiles>
      <MapTile TileID="10" AltIDMod="0" />
    </MapTiles>
    <StaticTiles />
  </TransInfo>
  <TransInfo Description="Grass to Furrows N" HashKey="028080028080808080">
    <MapTiles>
      <MapTile TileID="10" AltIDMod="0" />
    </MapTiles>
    <StaticTiles />
  </TransInfo>
  <TransInfo Description="Grass to Furrows N" HashKey="808080028080028080">
    <MapTiles>
      <MapTile TileID="10" AltIDMod="0" />
    </MapTiles>
    <StaticTiles />
  </TransInfo>
  <TransInfo Description="Grass to Furrows N" HashKey="808080028080808080">
    <MapTiles>
      <MapTile TileID="10" AltIDMod="0" />
    </MapTiles>
    <StaticTiles />
  </TransInfo>
  <TransInfo Description="Grass to Furrows N" HashKey="028080808080028080">
    <MapTiles>
      <MapTile TileID="10" AltIDMod="0" />
    </MapTiles>
    <StaticTiles />
  </TransInfo>
  <TransInfo Description="Grass to Furrows N" HashKey="808002808002808002">
    <MapTiles>
      <MapTile TileID="12" AltIDMod="0" />
    </MapTiles>
    <StaticTiles />
  </TransInfo>
  <TransInfo Description="Grass to Furrows N" HashKey="808080808002808002">
    <MapTiles>
      <MapTile TileID="12" AltIDMod="0" />
    </MapTiles>
    <StaticTiles />
  </TransInfo>
  <TransInfo Description="Grass to Furrows N" HashKey="808002808002808080">
    <MapTiles>
      <MapTile TileID="12" AltIDMod="0" />
    </MapTiles>
    <StaticTiles />
  </TransInfo>
  <TransInfo Description="Grass to Furrows N" HashKey="808080808002808080">
    <MapTiles>
      <MapTile TileID="12" AltIDMod="0" />
    </MapTiles>
    <StaticTiles />
  </TransInfo>
  <TransInfo Description="Grass to Furrows N" HashKey="808002808080808002">
    <MapTiles>
      <MapTile TileID="12" AltIDMod="0" />
    </MapTiles>
    <StaticTiles />
  </TransInfo>
  <TransInfo Description="Grass to Furrows N" HashKey="808080808080020202">
    <MapTiles>
      <MapTile TileID="13" AltIDMod="0" />
    </MapTiles>
    <StaticTiles />
  </TransInfo>
  <TransInfo Description="Grass to Furrows N" HashKey="808080808080020280">
    <MapTiles>
      <MapTile TileID="13" AltIDMod="0" />
    </MapTiles>
    <StaticTiles />
  </TransInfo>
  <TransInfo Description="Grass to Furrows N" HashKey="808080808080800202">
    <MapTiles>
      <MapTile TileID="13" AltIDMod="0" />
    </MapTiles>
    <StaticTiles />
  </TransInfo>
  <TransInfo Description="Grass to Furrows N" HashKey="808080808080800280">
    <MapTiles>
      <MapTile TileID="13" AltIDMod="0" />
    </MapTiles>
    <StaticTiles />
  </TransInfo>
  <TransInfo Description="Grass to Furrows N" HashKey="808080808080028002">
    <MapTiles>
      <MapTile TileID="13" AltIDMod="0" />
    </MapTiles>
    <StaticTiles />
  </TransInfo>
  <TransInfo Description="Grass to Furrows N" HashKey="808002808002020202">
    <MapTiles>
      <MapTile TileID="19" AltIDMod="0" />
    </MapTiles>
    <StaticTiles />
  </TransInfo>
  <TransInfo Description="Grass to Furrows N" HashKey="808080808002020202">
    <MapTiles>
      <MapTile TileID="19" AltIDMod="0" />
    </MapTiles>
    <StaticTiles />
  </TransInfo>
  <TransInfo Description="Grass to Furrows N" HashKey="808002808002800202">
    <MapTiles>
      <MapTile TileID="19" AltIDMod="0" />
    </MapTiles>
    <StaticTiles />
  </TransInfo>
  <TransInfo Description="Grass to Furrows N" HashKey="808080808002800202">
    <MapTiles>
      <MapTile TileID="19" AltIDMod="0" />
    </MapTiles>
    <StaticTiles />
  </TransInfo>
  <TransInfo Description="Grass to Furrows N" HashKey="808080808002800280">
    <MapTiles>
      <MapTile TileID="19" AltIDMod="0" />
    </MapTiles>
    <StaticTiles />
  </TransInfo>
  <TransInfo Description="Grass to Furrows N" HashKey="808002808080800202">
    <MapTiles>
      <MapTile TileID="19" AltIDMod="0" />
    </MapTiles>
    <StaticTiles />
  </TransInfo>
  <TransInfo Description="Grass to Furrows N" HashKey="808002808080020202">
    <MapTiles>
      <MapTile TileID="19" AltIDMod="0" />
    </MapTiles>
    <StaticTiles />
  </TransInfo>
  <TransInfo Description="Grass to Furrows N" HashKey="808002808080020280">
    <MapTiles>
      <MapTile TileID="19" AltIDMod="0" />
    </MapTiles>
    <StaticTiles />
  </TransInfo>
  <TransInfo Description="Grass to Furrows N" HashKey="808080808002028002">
    <MapTiles>
      <MapTile TileID="19" AltIDMod="0" />
    </MapTiles>
    <StaticTiles />
  </TransInfo>
  <TransInfo Description="Grass to Furrows N" HashKey="808002808002028002">
    <MapTiles>
      <MapTile TileID="19" AltIDMod="0" />
    </MapTiles>
    <StaticTiles />
  </TransInfo>
  <TransInfo Description="Grass to Furrows N" HashKey="808002808002020280">
    <MapTiles>
      <MapTile TileID="19" AltIDMod="0" />
    </MapTiles>
    <StaticTiles />
  </TransInfo>
  <TransInfo Description="Grass to Furrows N" HashKey="808002808002028080">
    <MapTiles>
      <MapTile TileID="19" AltIDMod="0" />
    </MapTiles>
    <StaticTiles />
  </TransInfo>
  <TransInfo Description="Grass to Furrows N" HashKey="808002808080800280">
    <MapTiles>
      <MapTile TileID="19" AltIDMod="0" />
    </MapTiles>
    <StaticTiles />
  </TransInfo>
  <TransInfo Description="Grass to Furrows N" HashKey="808080808002028080">
    <MapTiles>
      <MapTile TileID="19" AltIDMod="0" />
    </MapTiles>
    <StaticTiles />
  </TransInfo>
  <TransInfo Description="Grass to Furrows N" HashKey="808002808002800280">
    <MapTiles>
      <MapTile TileID="19" AltIDMod="0" />
    </MapTiles>
    <StaticTiles />
  </TransInfo>
  <TransInfo Description="Grass to Furrows N" HashKey="808002808080028002">
    <MapTiles>
      <MapTile TileID="19" AltIDMod="0" />
    </MapTiles>
    <StaticTiles />
  </TransInfo>
  <TransInfo Description="Grass to Furrows N" HashKey="808080808002020280">
    <MapTiles>
      <MapTile TileID="19" AltIDMod="0" />
    </MapTiles>
    <StaticTiles />
  </TransInfo>
  <TransInfo Description="Grass to Furrows N" HashKey="020202028080028080">
    <MapTiles>
      <MapTile TileID="14" AltIDMod="0" />
    </MapTiles>
    <StaticTiles />
  </TransInfo>
  <TransInfo Description="Grass to Furrows N" HashKey="020280028080028080">
    <MapTiles>
      <MapTile TileID="14" AltIDMod="0" />
    </MapTiles>
    <StaticTiles />
  </TransInfo>
  <TransInfo Description="Grass to Furrows N" HashKey="020202028080808080">
    <MapTiles>
      <MapTile TileID="14" AltIDMod="0" />
    </MapTiles>
    <StaticTiles />
  </TransInfo>
  <TransInfo Description="Grass to Furrows N" HashKey="020280028080808080">
    <MapTiles>
      <MapTile TileID="14" AltIDMod="0" />
    </MapTiles>
    <StaticTiles />
  </TransInfo>
  <TransInfo Description="Grass to Furrows N" HashKey="028002028080808080">
    <MapTiles>
      <MapTile TileID="14" AltIDMod="0" />
    </MapTiles>
    <StaticTiles />
  </TransInfo>
  <TransInfo Description="Grass to Furrows N" HashKey="020280808080028080">
    <MapTiles>
      <MapTile TileID="14" AltIDMod="0" />
    </MapTiles>
    <StaticTiles />
  </TransInfo>
  <TransInfo Description="Grass to Furrows N" HashKey="800202808080028080">
    <MapTiles>
      <MapTile TileID="14" AltIDMod="0" />
    </MapTiles>
    <StaticTiles />
  </TransInfo>
  <TransInfo Description="Grass to Furrows N" HashKey="028002808080028080">
    <MapTiles>
      <MapTile TileID="14" AltIDMod="0" />
    </MapTiles>
    <StaticTiles />
  </TransInfo>
  <TransInfo Description="Grass to Furrows N" HashKey="020202808080028080">
    <MapTiles>
      <MapTile TileID="14" AltIDMod="0" />
    </MapTiles>
    <StaticTiles />
  </TransInfo>
  <TransInfo Description="Grass to Furrows N" HashKey="800280028080808080">
    <MapTiles>
      <MapTile TileID="14" AltIDMod="0" />
    </MapTiles>
    <StaticTiles />
  </TransInfo>
  <TransInfo Description="Grass to Furrows N" HashKey="028002028080028080">
    <MapTiles>
      <MapTile TileID="14" AltIDMod="0" />
    </MapTiles>
    <StaticTiles />
  </TransInfo>
  <TransInfo Description="Grass to Furrows N" HashKey="808002028080028080">
    <MapTiles>
      <MapTile TileID="14" AltIDMod="0" />
    </MapTiles>
    <StaticTiles />
  </TransInfo>
  <TransInfo Description="Grass to Furrows N" HashKey="800202028080028080">
    <MapTiles>
      <MapTile TileID="14" AltIDMod="0" />
    </MapTiles>
    <StaticTiles />
  </TransInfo>
  <TransInfo Description="Grass to Furrows N" HashKey="808002028080808080">
    <MapTiles>
      <MapTile TileID="14" AltIDMod="0" />
    </MapTiles>
    <StaticTiles />
  </TransInfo>
  <TransInfo Description="Grass to Furrows N" HashKey="800280028080028080">
    <MapTiles>
      <MapTile TileID="14" AltIDMod="0" />
    </MapTiles>
    <StaticTiles />
  </TransInfo>
  <TransInfo Description="Grass to Furrows N" HashKey="800280808080028080">
    <MapTiles>
      <MapTile TileID="14" AltIDMod="0" />
    </MapTiles>
    <StaticTiles />
  </TransInfo>
  <TransInfo Description="Grass to Furrows N" HashKey="800202028080808080">
    <MapTiles>
      <MapTile TileID="14" AltIDMod="0" />
    </MapTiles>
    <StaticTiles />
  </TransInfo>
  <TransInfo Description="Grass to Furrows N" HashKey="028080028080020202">
    <MapTiles>
      <MapTile TileID="20" AltIDMod="0" />
    </MapTiles>
    <StaticTiles />
  </TransInfo>
  <TransInfo Description="Grass to Furrows N" HashKey="808080028080020202">
    <MapTiles>
      <MapTile TileID="20" AltIDMod="0" />
    </MapTiles>
    <StaticTiles />
  </TransInfo>
  <TransInfo Description="Grass to Furrows N" HashKey="028080028080020280">
    <MapTiles>
      <MapTile TileID="20" AltIDMod="0" />
    </MapTiles>
    <StaticTiles />
  </TransInfo>
  <TransInfo Description="Grass to Furrows N" HashKey="808080028080020280">
    <MapTiles>
      <MapTile TileID="20" AltIDMod="0" />
    </MapTiles>
    <StaticTiles />
  </TransInfo>
  <TransInfo Description="Grass to Furrows N" HashKey="808080028080800280">
    <MapTiles>
      <MapTile TileID="20" AltIDMod="0" />
    </MapTiles>
    <StaticTiles />
  </TransInfo>
  <TransInfo Description="Grass to Furrows N" HashKey="028080028080808002">
    <MapTiles>
      <MapTile TileID="20" AltIDMod="0" />
    </MapTiles>
    <StaticTiles />
  </TransInfo>
  <TransInfo Description="Grass to Furrows N" HashKey="028080808080020202">
    <MapTiles>
      <MapTile TileID="20" AltIDMod="0" />
    </MapTiles>
    <StaticTiles />
  </TransInfo>
  <TransInfo Description="Grass to Furrows N" HashKey="028080808080020280">
    <MapTiles>
      <MapTile TileID="20" AltIDMod="0" />
    </MapTiles>
    <StaticTiles />
  </TransInfo>
  <TransInfo Description="Grass to Furrows N" HashKey="028080808080800280">
    <MapTiles>
      <MapTile TileID="20" AltIDMod="0" />
    </MapTiles>
    <StaticTiles />
  </TransInfo>
  <TransInfo Description="Grass to Furrows N" HashKey="808080028080028002">
    <MapTiles>
      <MapTile TileID="20" AltIDMod="0" />
    </MapTiles>
    <StaticTiles />
  </TransInfo>
  <TransInfo Description="Grass to Furrows N" HashKey="028080028080028002">
    <MapTiles>
      <MapTile TileID="20" AltIDMod="0" />
    </MapTiles>
    <StaticTiles />
  </TransInfo>
  <TransInfo Description="Grass to Furrows N" HashKey="028080808080800202">
    <MapTiles>
      <MapTile TileID="20" AltIDMod="0" />
    </MapTiles>
    <StaticTiles />
  </TransInfo>
  <TransInfo Description="Grass to Furrows N" HashKey="028080028080800202">
    <MapTiles>
      <MapTile TileID="20" AltIDMod="0" />
    </MapTiles>
    <StaticTiles />
  </TransInfo>
  <TransInfo Description="Grass to Furrows N" HashKey="808080028080800202">
    <MapTiles>
      <MapTile TileID="20" AltIDMod="0" />
    </MapTiles>
    <StaticTiles />
  </TransInfo>
  <TransInfo Description="Grass to Furrows N" HashKey="808080028080808002">
    <MapTiles>
      <MapTile TileID="20" AltIDMod="0" />
    </MapTiles>
    <StaticTiles />
  </TransInfo>
  <TransInfo Description="Grass to Furrows N" HashKey="028080808080028002">
    <MapTiles>
      <MapTile TileID="20" AltIDMod="0" />
    </MapTiles>
    <StaticTiles />
  </TransInfo>
  <TransInfo Description="Grass to Furrows N" HashKey="028080028080800280">
    <MapTiles>
      <MapTile TileID="20" AltIDMod="0" />
    </MapTiles>
    <StaticTiles />
  </TransInfo>
  <TransInfo Description="Grass to Furrows N" HashKey="020202808002808002">
    <MapTiles>
      <MapTile TileID="21" AltIDMod="0" />
    </MapTiles>
    <StaticTiles />
  </TransInfo>
  <TransInfo Description="Grass to Furrows N" HashKey="020202808002808080">
    <MapTiles>
      <MapTile TileID="21" AltIDMod="0" />
    </MapTiles>
    <StaticTiles />
  </TransInfo>
  <TransInfo Description="Grass to Furrows N" HashKey="800202808002808002">
    <MapTiles>
      <MapTile TileID="21" AltIDMod="0" />
    </MapTiles>
    <StaticTiles />
  </TransInfo>
  <TransInfo Description="Grass to Furrows N" HashKey="800202808002808080">
    <MapTiles>
      <MapTile TileID="21" AltIDMod="0" />
    </MapTiles>
    <StaticTiles />
  </TransInfo>
  <TransInfo Description="Grass to Furrows N" HashKey="028080808002808002">
    <MapTiles>
      <MapTile TileID="21" AltIDMod="0" />
    </MapTiles>
    <StaticTiles />
  </TransInfo>
  <TransInfo Description="Grass to Furrows N" HashKey="028002808002808080">
    <MapTiles>
      <MapTile TileID="21" AltIDMod="0" />
    </MapTiles>
    <StaticTiles />
  </TransInfo>
  <TransInfo Description="Grass to Furrows N" HashKey="028002808002808002">
    <MapTiles>
      <MapTile TileID="21" AltIDMod="0" />
    </MapTiles>
    <StaticTiles />
  </TransInfo>
  <TransInfo Description="Grass to Furrows N" HashKey="020280808080808002">
    <MapTiles>
      <MapTile TileID="21" AltIDMod="0" />
    </MapTiles>
    <StaticTiles />
  </TransInfo>
  <TransInfo Description="Grass to Furrows N" HashKey="800280808080808002">
    <MapTiles>
      <MapTile TileID="21" AltIDMod="0" />
    </MapTiles>
    <StaticTiles />
  </TransInfo>
  <TransInfo Description="Grass to Furrows N" HashKey="020202808080808002">
    <MapTiles>
      <MapTile TileID="21" AltIDMod="0" />
    </MapTiles>
    <StaticTiles />
  </TransInfo>
  <TransInfo Description="Grass to Furrows N" HashKey="020280808002808080">
    <MapTiles>
      <MapTile TileID="21" AltIDMod="0" />
    </MapTiles>
    <StaticTiles />
  </TransInfo>
  <TransInfo Description="Grass to Furrows N" HashKey="800202808080808002">
    <MapTiles>
      <MapTile TileID="21" AltIDMod="0" />
    </MapTiles>
    <StaticTiles />
  </TransInfo>
  <TransInfo Description="Grass to Furrows N" HashKey="800280808002808080">
    <MapTiles>
      <MapTile TileID="21" AltIDMod="0" />
    </MapTiles>
    <StaticTiles />
  </TransInfo>
  <TransInfo Description="Grass to Furrows N" HashKey="028080808002808080">
    <MapTiles>
      <MapTile TileID="21" AltIDMod="0" />
    </MapTiles>
    <StaticTiles />
  </TransInfo>
  <TransInfo Description="Grass to Furrows N" HashKey="028002808080808002">
    <MapTiles>
      <MapTile TileID="21" AltIDMod="0" />
    </MapTiles>
    <StaticTiles />
  </TransInfo>
  <TransInfo Description="Grass to Furrows N" HashKey="800280808002808002">
    <MapTiles>
      <MapTile TileID="21" AltIDMod="0" />
    </MapTiles>
    <StaticTiles />
  </TransInfo>
  <TransInfo Description="Grass to Furrows N" HashKey="020280808002808002">
    <MapTiles>
      <MapTile TileID="21" AltIDMod="0" />
    </MapTiles>
    <StaticTiles />
  </TransInfo>
  <TransInfo Description="Grass to Furrows N" HashKey="028080808080808080">
    <MapTiles>
      <MapTile TileID="16" AltIDMod="0" />
    </MapTiles>
    <StaticTiles />
  </TransInfo>
  <TransInfo Description="Grass to Furrows N" HashKey="808080808080808002">
    <MapTiles>
      <MapTile TileID="17" AltIDMod="0" />
    </MapTiles>
    <StaticTiles />
  </TransInfo>
  <TransInfo Description="Grass to Furrows N" HashKey="808002808080808080">
    <MapTiles>
      <MapTile TileID="15" AltIDMod="0" />
    </MapTiles>
    <StaticTiles />
  </TransInfo>
  <TransInfo Description="Grass to Furrows N" HashKey="808080808080028080">
    <MapTiles>
      <MapTile TileID="18" AltIDMod="0" />
    </MapTiles>
    <StaticTiles />
  </TransInfo>
</Trans>
