﻿<?xml version="1.0" encoding="utf-8"?>
<Trans>
    <TransInfo Description="Beach to Brown Brick(NS) SN" HashKey="363636505050505050">
    <MapTiles>
      <MapTile TileID="1190" AltIDMod="0" />
    </MapTiles>
    <StaticTiles />
  </TransInfo>
  <TransInfo Description="Beach to Brown Brick(NS) SN" HashKey="503636505050505050">
    <MapTiles>
      <MapTile TileID="1190" AltIDMod="0" />
    </MapTiles>
    <StaticTiles />
  </TransInfo>
  <TransInfo Description="Beach to Brown Brick(NS) SN" HashKey="363650505050505050">
    <MapTiles>
      <MapTile TileID="1190" AltIDMod="0" />
    </MapTiles>
    <StaticTiles />
  </TransInfo>
  <TransInfo Description="Beach to Brown Brick(NS) SN" HashKey="503650505050505050">
    <MapTiles>
      <MapTile TileID="1190" AltIDMod="0" />
    </MapTiles>
    <StaticTiles />
  </TransInfo>
  <TransInfo Description="Beach to Brown Brick(NS) SN" HashKey="365036505050505050">
    <MapTiles>
      <MapTile TileID="1190" AltIDMod="0" />
    </MapTiles>
    <StaticTiles />
  </TransInfo>
  <TransInfo Description="Beach to Brown Brick(NS) EW" HashKey="365050365050365050">
    <MapTiles>
      <MapTile TileID="1187" AltIDMod="0" />
    </MapTiles>
    <StaticTiles />
  </TransInfo>
  <TransInfo Description="Beach to Brown Brick(NS) EW" HashKey="365050365050505050">
    <MapTiles>
      <MapTile TileID="1187" AltIDMod="0" />
    </MapTiles>
    <StaticTiles />
  </TransInfo>
  <TransInfo Description="Beach to Brown Brick(NS) EW" HashKey="505050365050365050">
    <MapTiles>
      <MapTile TileID="1187" AltIDMod="0" />
    </MapTiles>
    <StaticTiles />
  </TransInfo>
  <TransInfo Description="Beach to Brown Brick(NS) EW" HashKey="505050365050505050">
    <MapTiles>
      <MapTile TileID="1187" AltIDMod="0" />
    </MapTiles>
    <StaticTiles />
  </TransInfo>
  <TransInfo Description="Beach to Brown Brick(NS) EW" HashKey="365050505050365050">
    <MapTiles>
      <MapTile TileID="1187" AltIDMod="0" />
    </MapTiles>
    <StaticTiles />
  </TransInfo>
  <TransInfo Description="Beach to Brown Brick(NS) WE" HashKey="505036505036505036">
    <MapTiles>
      <MapTile TileID="1189" AltIDMod="0" />
    </MapTiles>
    <StaticTiles />
  </TransInfo>
  <TransInfo Description="Beach to Brown Brick(NS) WE" HashKey="505050505036505036">
    <MapTiles>
      <MapTile TileID="1189" AltIDMod="0" />
    </MapTiles>
    <StaticTiles />
  </TransInfo>
  <TransInfo Description="Beach to Brown Brick(NS) WE" HashKey="505036505036505050">
    <MapTiles>
      <MapTile TileID="1189" AltIDMod="0" />
    </MapTiles>
    <StaticTiles />
  </TransInfo>
  <TransInfo Description="Beach to Brown Brick(NS) WE" HashKey="505050505036505050">
    <MapTiles>
      <MapTile TileID="1189" AltIDMod="0" />
    </MapTiles>
    <StaticTiles />
  </TransInfo>
  <TransInfo Description="Beach to Brown Brick(NS) WE" HashKey="505036505050505036">
    <MapTiles>
      <MapTile TileID="1189" AltIDMod="0" />
    </MapTiles>
    <StaticTiles />
  </TransInfo>
  <TransInfo Description="Beach to Brown Brick(NS) NS" HashKey="505050505050363636">
    <MapTiles>
      <MapTile TileID="1188" AltIDMod="0" />
    </MapTiles>
    <StaticTiles />
  </TransInfo>
  <TransInfo Description="Beach to Brown Brick(NS) NS" HashKey="505050505050363650">
    <MapTiles>
      <MapTile TileID="1188" AltIDMod="0" />
    </MapTiles>
    <StaticTiles />
  </TransInfo>
  <TransInfo Description="Beach to Brown Brick(NS) NS" HashKey="505050505050503636">
    <MapTiles>
      <MapTile TileID="1188" AltIDMod="0" />
    </MapTiles>
    <StaticTiles />
  </TransInfo>
  <TransInfo Description="Beach to Brown Brick(NS) NS" HashKey="505050505050503650">
    <MapTiles>
      <MapTile TileID="1188" AltIDMod="0" />
    </MapTiles>
    <StaticTiles />
  </TransInfo>
  <TransInfo Description="Beach to Brown Brick(NS) NS" HashKey="505050505050365036">
    <MapTiles>
      <MapTile TileID="1188" AltIDMod="0" />
    </MapTiles>
    <StaticTiles />
  </TransInfo>
  <TransInfo Description="Beach to Brown Brick(NS) NWA" HashKey="505036505036363636">
    <MapTiles>
      <MapTile TileID="1195" AltIDMod="0" />
    </MapTiles>
    <StaticTiles />
  </TransInfo>
  <TransInfo Description="Beach to Brown Brick(NS) NWA" HashKey="505050505036363636">
    <MapTiles>
      <MapTile TileID="1195" AltIDMod="0" />
    </MapTiles>
    <StaticTiles />
  </TransInfo>
  <TransInfo Description="Beach to Brown Brick(NS) NWA" HashKey="505036505036503636">
    <MapTiles>
      <MapTile TileID="1195" AltIDMod="0" />
    </MapTiles>
    <StaticTiles />
  </TransInfo>
  <TransInfo Description="Beach to Brown Brick(NS) NWA" HashKey="505050505036503636">
    <MapTiles>
      <MapTile TileID="1195" AltIDMod="0" />
    </MapTiles>
    <StaticTiles />
  </TransInfo>
  <TransInfo Description="Beach to Brown Brick(NS) NWA" HashKey="505050505036503650">
    <MapTiles>
      <MapTile TileID="1195" AltIDMod="0" />
    </MapTiles>
    <StaticTiles />
  </TransInfo>
  <TransInfo Description="Beach to Brown Brick(NS) NWA" HashKey="505036505050503636">
    <MapTiles>
      <MapTile TileID="1195" AltIDMod="0" />
    </MapTiles>
    <StaticTiles />
  </TransInfo>
  <TransInfo Description="Beach to Brown Brick(NS) NWA" HashKey="505036505050363636">
    <MapTiles>
      <MapTile TileID="1195" AltIDMod="0" />
    </MapTiles>
    <StaticTiles />
  </TransInfo>
  <TransInfo Description="Beach to Brown Brick(NS) NWA" HashKey="505036505050363650">
    <MapTiles>
      <MapTile TileID="1195" AltIDMod="0" />
    </MapTiles>
    <StaticTiles />
  </TransInfo>
  <TransInfo Description="Beach to Brown Brick(NS) NWA" HashKey="505050505036365036">
    <MapTiles>
      <MapTile TileID="1195" AltIDMod="0" />
    </MapTiles>
    <StaticTiles />
  </TransInfo>
  <TransInfo Description="Beach to Brown Brick(NS) NWA" HashKey="505036505036365036">
    <MapTiles>
      <MapTile TileID="1195" AltIDMod="0" />
    </MapTiles>
    <StaticTiles />
  </TransInfo>
  <TransInfo Description="Beach to Brown Brick(NS) NWA" HashKey="505036505036363650">
    <MapTiles>
      <MapTile TileID="1195" AltIDMod="0" />
    </MapTiles>
    <StaticTiles />
  </TransInfo>
  <TransInfo Description="Beach to Brown Brick(NS) NWA" HashKey="505036505036365050">
    <MapTiles>
      <MapTile TileID="1195" AltIDMod="0" />
    </MapTiles>
    <StaticTiles />
  </TransInfo>
  <TransInfo Description="Beach to Brown Brick(NS) NWA" HashKey="505036505050503650">
    <MapTiles>
      <MapTile TileID="1195" AltIDMod="0" />
    </MapTiles>
    <StaticTiles />
  </TransInfo>
  <TransInfo Description="Beach to Brown Brick(NS) NWA" HashKey="505050505036365050">
    <MapTiles>
      <MapTile TileID="1195" AltIDMod="0" />
    </MapTiles>
    <StaticTiles />
  </TransInfo>
  <TransInfo Description="Beach to Brown Brick(NS) NWA" HashKey="505036505036503650">
    <MapTiles>
      <MapTile TileID="1195" AltIDMod="0" />
    </MapTiles>
    <StaticTiles />
  </TransInfo>
  <TransInfo Description="Beach to Brown Brick(NS) NWA" HashKey="505036505050365036">
    <MapTiles>
      <MapTile TileID="1195" AltIDMod="0" />
    </MapTiles>
    <StaticTiles />
  </TransInfo>
  <TransInfo Description="Beach to Brown Brick(NS) NWA" HashKey="505050505036363650">
    <MapTiles>
      <MapTile TileID="1195" AltIDMod="0" />
    </MapTiles>
    <StaticTiles />
  </TransInfo>
  <TransInfo Description="Beach to Brown Brick(NS) SEA" HashKey="363636365050365050">
    <MapTiles>
      <MapTile TileID="1197" AltIDMod="0" />
    </MapTiles>
    <StaticTiles />
  </TransInfo>
  <TransInfo Description="Beach to Brown Brick(NS) SEA" HashKey="363650365050365050">
    <MapTiles>
      <MapTile TileID="1197" AltIDMod="0" />
    </MapTiles>
    <StaticTiles />
  </TransInfo>
  <TransInfo Description="Beach to Brown Brick(NS) SEA" HashKey="363636365050505050">
    <MapTiles>
      <MapTile TileID="1197" AltIDMod="0" />
    </MapTiles>
    <StaticTiles />
  </TransInfo>
  <TransInfo Description="Beach to Brown Brick(NS) SEA" HashKey="363650365050505050">
    <MapTiles>
      <MapTile TileID="1197" AltIDMod="0" />
    </MapTiles>
    <StaticTiles />
  </TransInfo>
  <TransInfo Description="Beach to Brown Brick(NS) SEA" HashKey="365036365050505050">
    <MapTiles>
      <MapTile TileID="1197" AltIDMod="0" />
    </MapTiles>
    <StaticTiles />
  </TransInfo>
  <TransInfo Description="Beach to Brown Brick(NS) SEA" HashKey="363650505050365050">
    <MapTiles>
      <MapTile TileID="1197" AltIDMod="0" />
    </MapTiles>
    <StaticTiles />
  </TransInfo>
  <TransInfo Description="Beach to Brown Brick(NS) SEA" HashKey="503636505050365050">
    <MapTiles>
      <MapTile TileID="1197" AltIDMod="0" />
    </MapTiles>
    <StaticTiles />
  </TransInfo>
  <TransInfo Description="Beach to Brown Brick(NS) SEA" HashKey="365036505050365050">
    <MapTiles>
      <MapTile TileID="1197" AltIDMod="0" />
    </MapTiles>
    <StaticTiles />
  </TransInfo>
  <TransInfo Description="Beach to Brown Brick(NS) SEA" HashKey="363636505050365050">
    <MapTiles>
      <MapTile TileID="1197" AltIDMod="0" />
    </MapTiles>
    <StaticTiles />
  </TransInfo>
  <TransInfo Description="Beach to Brown Brick(NS) SEA" HashKey="503650365050505050">
    <MapTiles>
      <MapTile TileID="1197" AltIDMod="0" />
    </MapTiles>
    <StaticTiles />
  </TransInfo>
  <TransInfo Description="Beach to Brown Brick(NS) SEA" HashKey="365036365050365050">
    <MapTiles>
      <MapTile TileID="1197" AltIDMod="0" />
    </MapTiles>
    <StaticTiles />
  </TransInfo>
  <TransInfo Description="Beach to Brown Brick(NS) SEA" HashKey="505036365050365050">
    <MapTiles>
      <MapTile TileID="1197" AltIDMod="0" />
    </MapTiles>
    <StaticTiles />
  </TransInfo>
  <TransInfo Description="Beach to Brown Brick(NS) SEA" HashKey="503636365050365050">
    <MapTiles>
      <MapTile TileID="1197" AltIDMod="0" />
    </MapTiles>
    <StaticTiles />
  </TransInfo>
  <TransInfo Description="Beach to Brown Brick(NS) SEA" HashKey="505036365050505050">
    <MapTiles>
      <MapTile TileID="1197" AltIDMod="0" />
    </MapTiles>
    <StaticTiles />
  </TransInfo>
  <TransInfo Description="Beach to Brown Brick(NS) SEA" HashKey="503650365050365050">
    <MapTiles>
      <MapTile TileID="1197" AltIDMod="0" />
    </MapTiles>
    <StaticTiles />
  </TransInfo>
  <TransInfo Description="Beach to Brown Brick(NS) SEA" HashKey="503650505050365050">
    <MapTiles>
      <MapTile TileID="1197" AltIDMod="0" />
    </MapTiles>
    <StaticTiles />
  </TransInfo>
  <TransInfo Description="Beach to Brown Brick(NS) SEA" HashKey="503636365050505050">
    <MapTiles>
      <MapTile TileID="1197" AltIDMod="0" />
    </MapTiles>
    <StaticTiles />
  </TransInfo>
  <TransInfo Description="Beach to Brown Brick(NS) NEA" HashKey="365050365050363636">
    <MapTiles>
      <MapTile TileID="1305" AltIDMod="0" />
    </MapTiles>
    <StaticTiles />
  </TransInfo>
  <TransInfo Description="Beach to Brown Brick(NS) NEA" HashKey="505050365050363636">
    <MapTiles>
      <MapTile TileID="1305" AltIDMod="0" />
    </MapTiles>
    <StaticTiles />
  </TransInfo>
  <TransInfo Description="Beach to Brown Brick(NS) NEA" HashKey="365050365050363650">
    <MapTiles>
      <MapTile TileID="1305" AltIDMod="0" />
    </MapTiles>
    <StaticTiles />
  </TransInfo>
  <TransInfo Description="Beach to Brown Brick(NS) NEA" HashKey="505050365050363650">
    <MapTiles>
      <MapTile TileID="1305" AltIDMod="0" />
    </MapTiles>
    <StaticTiles />
  </TransInfo>
  <TransInfo Description="Beach to Brown Brick(NS) NEA" HashKey="505050365050503650">
    <MapTiles>
      <MapTile TileID="1305" AltIDMod="0" />
    </MapTiles>
    <StaticTiles />
  </TransInfo>
  <TransInfo Description="Beach to Brown Brick(NS) NEA" HashKey="365050365050505036">
    <MapTiles>
      <MapTile TileID="1305" AltIDMod="0" />
    </MapTiles>
    <StaticTiles />
  </TransInfo>
  <TransInfo Description="Beach to Brown Brick(NS) NEA" HashKey="365050505050363636">
    <MapTiles>
      <MapTile TileID="1305" AltIDMod="0" />
    </MapTiles>
    <StaticTiles />
  </TransInfo>
  <TransInfo Description="Beach to Brown Brick(NS) NEA" HashKey="365050505050363650">
    <MapTiles>
      <MapTile TileID="1305" AltIDMod="0" />
    </MapTiles>
    <StaticTiles />
  </TransInfo>
  <TransInfo Description="Beach to Brown Brick(NS) NEA" HashKey="365050505050503650">
    <MapTiles>
      <MapTile TileID="1305" AltIDMod="0" />
    </MapTiles>
    <StaticTiles />
  </TransInfo>
  <TransInfo Description="Beach to Brown Brick(NS) NEA" HashKey="505050365050365036">
    <MapTiles>
      <MapTile TileID="1305" AltIDMod="0" />
    </MapTiles>
    <StaticTiles />
  </TransInfo>
  <TransInfo Description="Beach to Brown Brick(NS) NEA" HashKey="365050365050365036">
    <MapTiles>
      <MapTile TileID="1305" AltIDMod="0" />
    </MapTiles>
    <StaticTiles />
  </TransInfo>
  <TransInfo Description="Beach to Brown Brick(NS) NEA" HashKey="365050505050503636">
    <MapTiles>
      <MapTile TileID="1305" AltIDMod="0" />
    </MapTiles>
    <StaticTiles />
  </TransInfo>
  <TransInfo Description="Beach to Brown Brick(NS) NEA" HashKey="365050365050503636">
    <MapTiles>
      <MapTile TileID="1305" AltIDMod="0" />
    </MapTiles>
    <StaticTiles />
  </TransInfo>
  <TransInfo Description="Beach to Brown Brick(NS) NEA" HashKey="505050365050503636">
    <MapTiles>
      <MapTile TileID="1305" AltIDMod="0" />
    </MapTiles>
    <StaticTiles />
  </TransInfo>
  <TransInfo Description="Beach to Brown Brick(NS) NEA" HashKey="505050365050505036">
    <MapTiles>
      <MapTile TileID="1305" AltIDMod="0" />
    </MapTiles>
    <StaticTiles />
  </TransInfo>
  <TransInfo Description="Beach to Brown Brick(NS) NEA" HashKey="365050505050365036">
    <MapTiles>
      <MapTile TileID="1305" AltIDMod="0" />
    </MapTiles>
    <StaticTiles />
  </TransInfo>
  <TransInfo Description="Beach to Brown Brick(NS) NEA" HashKey="365050365050503650">
    <MapTiles>
      <MapTile TileID="1305" AltIDMod="0" />
    </MapTiles>
    <StaticTiles />
  </TransInfo>
  <TransInfo Description="Beach to Brown Brick(NS) SWA" HashKey="363636505036505036">
    <MapTiles>
      <MapTile TileID="1306" AltIDMod="0" />
    </MapTiles>
    <StaticTiles />
  </TransInfo>
  <TransInfo Description="Beach to Brown Brick(NS) SWA" HashKey="363636505036505050">
    <MapTiles>
      <MapTile TileID="1306" AltIDMod="0" />
    </MapTiles>
    <StaticTiles />
  </TransInfo>
  <TransInfo Description="Beach to Brown Brick(NS) SWA" HashKey="503636505036505036">
    <MapTiles>
      <MapTile TileID="1306" AltIDMod="0" />
    </MapTiles>
    <StaticTiles />
  </TransInfo>
  <TransInfo Description="Beach to Brown Brick(NS) SWA" HashKey="503636505036505050">
    <MapTiles>
      <MapTile TileID="1306" AltIDMod="0" />
    </MapTiles>
    <StaticTiles />
  </TransInfo>
  <TransInfo Description="Beach to Brown Brick(NS) SWA" HashKey="365050505036505036">
    <MapTiles>
      <MapTile TileID="1306" AltIDMod="0" />
    </MapTiles>
    <StaticTiles />
  </TransInfo>
  <TransInfo Description="Beach to Brown Brick(NS) SWA" HashKey="365036505036505050">
    <MapTiles>
      <MapTile TileID="1306" AltIDMod="0" />
    </MapTiles>
    <StaticTiles />
  </TransInfo>
  <TransInfo Description="Beach to Brown Brick(NS) SWA" HashKey="365036505036505036">
    <MapTiles>
      <MapTile TileID="1306" AltIDMod="0" />
    </MapTiles>
    <StaticTiles />
  </TransInfo>
  <TransInfo Description="Beach to Brown Brick(NS) SWA" HashKey="363650505050505036">
    <MapTiles>
      <MapTile TileID="1306" AltIDMod="0" />
    </MapTiles>
    <StaticTiles />
  </TransInfo>
  <TransInfo Description="Beach to Brown Brick(NS) SWA" HashKey="503650505050505036">
    <MapTiles>
      <MapTile TileID="1306" AltIDMod="0" />
    </MapTiles>
    <StaticTiles />
  </TransInfo>
  <TransInfo Description="Beach to Brown Brick(NS) SWA" HashKey="363636505050505036">
    <MapTiles>
      <MapTile TileID="1306" AltIDMod="0" />
    </MapTiles>
    <StaticTiles />
  </TransInfo>
  <TransInfo Description="Beach to Brown Brick(NS) SWA" HashKey="363650505036505050">
    <MapTiles>
      <MapTile TileID="1306" AltIDMod="0" />
    </MapTiles>
    <StaticTiles />
  </TransInfo>
  <TransInfo Description="Beach to Brown Brick(NS) SWA" HashKey="503636505050505036">
    <MapTiles>
      <MapTile TileID="1306" AltIDMod="0" />
    </MapTiles>
    <StaticTiles />
  </TransInfo>
  <TransInfo Description="Beach to Brown Brick(NS) SWA" HashKey="503650505036505050">
    <MapTiles>
      <MapTile TileID="1306" AltIDMod="0" />
    </MapTiles>
    <StaticTiles />
  </TransInfo>
  <TransInfo Description="Beach to Brown Brick(NS) SWA" HashKey="365050505036505050">
    <MapTiles>
      <MapTile TileID="1306" AltIDMod="0" />
    </MapTiles>
    <StaticTiles />
  </TransInfo>
  <TransInfo Description="Beach to Brown Brick(NS) SWA" HashKey="365036505050505036">
    <MapTiles>
      <MapTile TileID="1306" AltIDMod="0" />
    </MapTiles>
    <StaticTiles />
  </TransInfo>
  <TransInfo Description="Beach to Brown Brick(NS) SWA" HashKey="503650505036505036">
    <MapTiles>
      <MapTile TileID="1306" AltIDMod="0" />
    </MapTiles>
    <StaticTiles />
  </TransInfo>
  <TransInfo Description="Beach to Brown Brick(NS) SWA" HashKey="363650505036505036">
    <MapTiles>
      <MapTile TileID="1306" AltIDMod="0" />
    </MapTiles>
    <StaticTiles />
  </TransInfo>
  <TransInfo Description="Beach to Brown Brick(NS) NWB" HashKey="365050505050505050">
    <MapTiles>
      <MapTile TileID="1192" AltIDMod="0" />
    </MapTiles>
    <StaticTiles />
  </TransInfo>
  <TransInfo Description="Beach to Brown Brick(NS) SEB" HashKey="505050505050505036">
    <MapTiles>
      <MapTile TileID="1194" AltIDMod="0" />
    </MapTiles>
    <StaticTiles />
  </TransInfo>
  <TransInfo Description="Beach to Brown Brick(NS) NEB" HashKey="505036505050505050">
    <MapTiles>
      <MapTile TileID="1191" AltIDMod="0" />
      <MapTile TileID="1301" AltIDMod="0" />
    </MapTiles>
    <StaticTiles />
  </TransInfo>
  <TransInfo Description="Beach to Brown Brick(NS) SWB" HashKey="505050505050365050">
    <MapTiles>
      <MapTile TileID="1193" AltIDMod="0" />
      <MapTile TileID="1302" AltIDMod="0" />
    </MapTiles>
    <StaticTiles />
  </TransInfo>
  <TransInfo Description="Beach to Brown Brick(NS) AC" HashKey="505050365036505050">
    <MapTiles>
      <MapTile TileID="1171" AltIDMod="0" />
    </MapTiles>
    <StaticTiles />
  </TransInfo>
  <TransInfo Description="Beach to Brown Brick(NS) AC" HashKey="505050365036365050">
    <MapTiles>
      <MapTile TileID="1171" AltIDMod="0" />
    </MapTiles>
    <StaticTiles />
  </TransInfo>
  <TransInfo Description="Beach to Brown Brick(NS) AC" HashKey="505050365036503650">
    <MapTiles>
      <MapTile TileID="1171" AltIDMod="0" />
    </MapTiles>
    <StaticTiles />
  </TransInfo>
  <TransInfo Description="Beach to Brown Brick(NS) AC" HashKey="505050365036363650">
    <MapTiles>
      <MapTile TileID="1171" AltIDMod="0" />
    </MapTiles>
    <StaticTiles />
  </TransInfo>
  <TransInfo Description="Beach to Brown Brick(NS) AC" HashKey="505050365036505036">
    <MapTiles>
      <MapTile TileID="1171" AltIDMod="0" />
    </MapTiles>
    <StaticTiles />
  </TransInfo>
  <TransInfo Description="Beach to Brown Brick(NS) AC" HashKey="505050365036365036">
    <MapTiles>
      <MapTile TileID="1171" AltIDMod="0" />
    </MapTiles>
    <StaticTiles />
  </TransInfo>
  <TransInfo Description="Beach to Brown Brick(NS) AC" HashKey="505050365036503636">
    <MapTiles>
      <MapTile TileID="1171" AltIDMod="0" />
    </MapTiles>
    <StaticTiles />
  </TransInfo>
  <TransInfo Description="Beach to Brown Brick(NS) AC" HashKey="505050365036363636">
    <MapTiles>
      <MapTile TileID="1171" AltIDMod="0" />
    </MapTiles>
    <StaticTiles />
  </TransInfo>
  <TransInfo Description="Beach to Brown Brick(NS) AC" HashKey="505036365050503650">
    <MapTiles>
      <MapTile TileID="1171" AltIDMod="0" />
    </MapTiles>
    <StaticTiles />
  </TransInfo>
  <TransInfo Description="Beach to Brown Brick(NS) AC" HashKey="505036365050363650">
    <MapTiles>
      <MapTile TileID="1171" AltIDMod="0" />
    </MapTiles>
    <StaticTiles />
  </TransInfo>
  <TransInfo Description="Beach to Brown Brick(NS) AC" HashKey="505036365050505036">
    <MapTiles>
      <MapTile TileID="1171" AltIDMod="0" />
    </MapTiles>
    <StaticTiles />
  </TransInfo>
  <TransInfo Description="Beach to Brown Brick(NS) AC" HashKey="505036365050365036">
    <MapTiles>
      <MapTile TileID="1171" AltIDMod="0" />
    </MapTiles>
    <StaticTiles />
  </TransInfo>
  <TransInfo Description="Beach to Brown Brick(NS) AC" HashKey="505036365050503636">
    <MapTiles>
      <MapTile TileID="1171" AltIDMod="0" />
    </MapTiles>
    <StaticTiles />
  </TransInfo>
  <TransInfo Description="Beach to Brown Brick(NS) AC" HashKey="505036365050363636">
    <MapTiles>
      <MapTile TileID="1171" AltIDMod="0" />
    </MapTiles>
    <StaticTiles />
  </TransInfo>
  <TransInfo Description="Beach to Brown Brick(NS) AC" HashKey="505036365036505050">
    <MapTiles>
      <MapTile TileID="1171" AltIDMod="0" />
    </MapTiles>
    <StaticTiles />
  </TransInfo>
  <TransInfo Description="Beach to Brown Brick(NS) AC" HashKey="505036365036365050">
    <MapTiles>
      <MapTile TileID="1171" AltIDMod="0" />
    </MapTiles>
    <StaticTiles />
  </TransInfo>
  <TransInfo Description="Beach to Brown Brick(NS) AC" HashKey="505036365036503650">
    <MapTiles>
      <MapTile TileID="1171" AltIDMod="0" />
    </MapTiles>
    <StaticTiles />
  </TransInfo>
  <TransInfo Description="Beach to Brown Brick(NS) AC" HashKey="505036365036363650">
    <MapTiles>
      <MapTile TileID="1171" AltIDMod="0" />
    </MapTiles>
    <StaticTiles />
  </TransInfo>
  <TransInfo Description="Beach to Brown Brick(NS) AC" HashKey="505036365036505036">
    <MapTiles>
      <MapTile TileID="1171" AltIDMod="0" />
    </MapTiles>
    <StaticTiles />
  </TransInfo>
  <TransInfo Description="Beach to Brown Brick(NS) AC" HashKey="505036365036365036">
    <MapTiles>
      <MapTile TileID="1171" AltIDMod="0" />
    </MapTiles>
    <StaticTiles />
  </TransInfo>
  <TransInfo Description="Beach to Brown Brick(NS) AC" HashKey="505036365036503636">
    <MapTiles>
      <MapTile TileID="1171" AltIDMod="0" />
    </MapTiles>
    <StaticTiles />
  </TransInfo>
  <TransInfo Description="Beach to Brown Brick(NS) AC" HashKey="505036365036363636">
    <MapTiles>
      <MapTile TileID="1171" AltIDMod="0" />
    </MapTiles>
    <StaticTiles />
  </TransInfo>
  <TransInfo Description="Beach to Brown Brick(NS) AC" HashKey="503650505050503650">
    <MapTiles>
      <MapTile TileID="1171" AltIDMod="0" />
    </MapTiles>
    <StaticTiles />
  </TransInfo>
  <TransInfo Description="Beach to Brown Brick(NS) AC" HashKey="503650365050503650">
    <MapTiles>
      <MapTile TileID="1171" AltIDMod="0" />
    </MapTiles>
    <StaticTiles />
  </TransInfo>
  <TransInfo Description="Beach to Brown Brick(NS) AC" HashKey="503650505050363650">
    <MapTiles>
      <MapTile TileID="1171" AltIDMod="0" />
    </MapTiles>
    <StaticTiles />
  </TransInfo>
  <TransInfo Description="Beach to Brown Brick(NS) AC" HashKey="503650365050363650">
    <MapTiles>
      <MapTile TileID="1171" AltIDMod="0" />
    </MapTiles>
    <StaticTiles />
  </TransInfo>
  <TransInfo Description="Beach to Brown Brick(NS) AC" HashKey="503650365050505036">
    <MapTiles>
      <MapTile TileID="1171" AltIDMod="0" />
    </MapTiles>
    <StaticTiles />
  </TransInfo>
  <TransInfo Description="Beach to Brown Brick(NS) AC" HashKey="503650505050365036">
    <MapTiles>
      <MapTile TileID="1171" AltIDMod="0" />
    </MapTiles>
    <StaticTiles />
  </TransInfo>
  <TransInfo Description="Beach to Brown Brick(NS) AC" HashKey="503650365050365036">
    <MapTiles>
      <MapTile TileID="1171" AltIDMod="0" />
    </MapTiles>
    <StaticTiles />
  </TransInfo>
  <TransInfo Description="Beach to Brown Brick(NS) AC" HashKey="503650505050503636">
    <MapTiles>
      <MapTile TileID="1171" AltIDMod="0" />
    </MapTiles>
    <StaticTiles />
  </TransInfo>
  <TransInfo Description="Beach to Brown Brick(NS) AC" HashKey="503650365050503636">
    <MapTiles>
      <MapTile TileID="1171" AltIDMod="0" />
    </MapTiles>
    <StaticTiles />
  </TransInfo>
  <TransInfo Description="Beach to Brown Brick(NS) AC" HashKey="503650505050363636">
    <MapTiles>
      <MapTile TileID="1171" AltIDMod="0" />
    </MapTiles>
    <StaticTiles />
  </TransInfo>
  <TransInfo Description="Beach to Brown Brick(NS) AC" HashKey="503650365050363636">
    <MapTiles>
      <MapTile TileID="1171" AltIDMod="0" />
    </MapTiles>
    <StaticTiles />
  </TransInfo>
  <TransInfo Description="Beach to Brown Brick(NS) AC" HashKey="503650365036505050">
    <MapTiles>
      <MapTile TileID="1171" AltIDMod="0" />
    </MapTiles>
    <StaticTiles />
  </TransInfo>
  <TransInfo Description="Beach to Brown Brick(NS) AC" HashKey="503650505036365050">
    <MapTiles>
      <MapTile TileID="1171" AltIDMod="0" />
    </MapTiles>
    <StaticTiles />
  </TransInfo>
  <TransInfo Description="Beach to Brown Brick(NS) AC" HashKey="503650365036365050">
    <MapTiles>
      <MapTile TileID="1171" AltIDMod="0" />
    </MapTiles>
    <StaticTiles />
  </TransInfo>
  <TransInfo Description="Beach to Brown Brick(NS) AC" HashKey="503650505036503650">
    <MapTiles>
      <MapTile TileID="1171" AltIDMod="0" />
    </MapTiles>
    <StaticTiles />
  </TransInfo>
  <TransInfo Description="Beach to Brown Brick(NS) AC" HashKey="503650365036503650">
    <MapTiles>
      <MapTile TileID="1171" AltIDMod="0" />
    </MapTiles>
    <StaticTiles />
  </TransInfo>
  <TransInfo Description="Beach to Brown Brick(NS) AC" HashKey="503650505036363650">
    <MapTiles>
      <MapTile TileID="1171" AltIDMod="0" />
    </MapTiles>
    <StaticTiles />
  </TransInfo>
  <TransInfo Description="Beach to Brown Brick(NS) AC" HashKey="503650365036363650">
    <MapTiles>
      <MapTile TileID="1171" AltIDMod="0" />
    </MapTiles>
    <StaticTiles />
  </TransInfo>
  <TransInfo Description="Beach to Brown Brick(NS) AC" HashKey="503650365036505036">
    <MapTiles>
      <MapTile TileID="1171" AltIDMod="0" />
    </MapTiles>
    <StaticTiles />
  </TransInfo>
  <TransInfo Description="Beach to Brown Brick(NS) AC" HashKey="503650505036365036">
    <MapTiles>
      <MapTile TileID="1171" AltIDMod="0" />
    </MapTiles>
    <StaticTiles />
  </TransInfo>
  <TransInfo Description="Beach to Brown Brick(NS) AC" HashKey="503650365036365036">
    <MapTiles>
      <MapTile TileID="1171" AltIDMod="0" />
    </MapTiles>
    <StaticTiles />
  </TransInfo>
  <TransInfo Description="Beach to Brown Brick(NS) AC" HashKey="503650505036503636">
    <MapTiles>
      <MapTile TileID="1171" AltIDMod="0" />
    </MapTiles>
    <StaticTiles />
  </TransInfo>
  <TransInfo Description="Beach to Brown Brick(NS) AC" HashKey="503650365036503636">
    <MapTiles>
      <MapTile TileID="1171" AltIDMod="0" />
    </MapTiles>
    <StaticTiles />
  </TransInfo>
  <TransInfo Description="Beach to Brown Brick(NS) AC" HashKey="503650505036363636">
    <MapTiles>
      <MapTile TileID="1171" AltIDMod="0" />
    </MapTiles>
    <StaticTiles />
  </TransInfo>
  <TransInfo Description="Beach to Brown Brick(NS) AC" HashKey="503650365036363636">
    <MapTiles>
      <MapTile TileID="1171" AltIDMod="0" />
    </MapTiles>
    <StaticTiles />
  </TransInfo>
  <TransInfo Description="Beach to Brown Brick(NS) AC" HashKey="503636505050503650">
    <MapTiles>
      <MapTile TileID="1171" AltIDMod="0" />
    </MapTiles>
    <StaticTiles />
  </TransInfo>
  <TransInfo Description="Beach to Brown Brick(NS) AC" HashKey="503636365050503650">
    <MapTiles>
      <MapTile TileID="1171" AltIDMod="0" />
    </MapTiles>
    <StaticTiles />
  </TransInfo>
  <TransInfo Description="Beach to Brown Brick(NS) AC" HashKey="503636505050363650">
    <MapTiles>
      <MapTile TileID="1171" AltIDMod="0" />
    </MapTiles>
    <StaticTiles />
  </TransInfo>
  <TransInfo Description="Beach to Brown Brick(NS) AC" HashKey="503636365050363650">
    <MapTiles>
      <MapTile TileID="1171" AltIDMod="0" />
    </MapTiles>
    <StaticTiles />
  </TransInfo>
  <TransInfo Description="Beach to Brown Brick(NS) AC" HashKey="503636365050505036">
    <MapTiles>
      <MapTile TileID="1171" AltIDMod="0" />
    </MapTiles>
    <StaticTiles />
  </TransInfo>
  <TransInfo Description="Beach to Brown Brick(NS) AC" HashKey="503636505050365036">
    <MapTiles>
      <MapTile TileID="1171" AltIDMod="0" />
    </MapTiles>
    <StaticTiles />
  </TransInfo>
  <TransInfo Description="Beach to Brown Brick(NS) AC" HashKey="503636365050365036">
    <MapTiles>
      <MapTile TileID="1171" AltIDMod="0" />
    </MapTiles>
    <StaticTiles />
  </TransInfo>
  <TransInfo Description="Beach to Brown Brick(NS) AC" HashKey="503636505050503636">
    <MapTiles>
      <MapTile TileID="1171" AltIDMod="0" />
    </MapTiles>
    <StaticTiles />
  </TransInfo>
  <TransInfo Description="Beach to Brown Brick(NS) AC" HashKey="503636365050503636">
    <MapTiles>
      <MapTile TileID="1171" AltIDMod="0" />
    </MapTiles>
    <StaticTiles />
  </TransInfo>
  <TransInfo Description="Beach to Brown Brick(NS) AC" HashKey="503636505050363636">
    <MapTiles>
      <MapTile TileID="1171" AltIDMod="0" />
    </MapTiles>
    <StaticTiles />
  </TransInfo>
  <TransInfo Description="Beach to Brown Brick(NS) AC" HashKey="503636365050363636">
    <MapTiles>
      <MapTile TileID="1171" AltIDMod="0" />
    </MapTiles>
    <StaticTiles />
  </TransInfo>
  <TransInfo Description="Beach to Brown Brick(NS) AC" HashKey="503636365036505050">
    <MapTiles>
      <MapTile TileID="1171" AltIDMod="0" />
    </MapTiles>
    <StaticTiles />
  </TransInfo>
  <TransInfo Description="Beach to Brown Brick(NS) AC" HashKey="503636505036365050">
    <MapTiles>
      <MapTile TileID="1171" AltIDMod="0" />
    </MapTiles>
    <StaticTiles />
  </TransInfo>
  <TransInfo Description="Beach to Brown Brick(NS) AC" HashKey="503636365036365050">
    <MapTiles>
      <MapTile TileID="1171" AltIDMod="0" />
    </MapTiles>
    <StaticTiles />
  </TransInfo>
  <TransInfo Description="Beach to Brown Brick(NS) AC" HashKey="503636505036503650">
    <MapTiles>
      <MapTile TileID="1171" AltIDMod="0" />
    </MapTiles>
    <StaticTiles />
  </TransInfo>
  <TransInfo Description="Beach to Brown Brick(NS) AC" HashKey="503636365036503650">
    <MapTiles>
      <MapTile TileID="1171" AltIDMod="0" />
    </MapTiles>
    <StaticTiles />
  </TransInfo>
  <TransInfo Description="Beach to Brown Brick(NS) AC" HashKey="503636505036363650">
    <MapTiles>
      <MapTile TileID="1171" AltIDMod="0" />
    </MapTiles>
    <StaticTiles />
  </TransInfo>
  <TransInfo Description="Beach to Brown Brick(NS) AC" HashKey="503636365036363650">
    <MapTiles>
      <MapTile TileID="1171" AltIDMod="0" />
    </MapTiles>
    <StaticTiles />
  </TransInfo>
  <TransInfo Description="Beach to Brown Brick(NS) AC" HashKey="503636365036505036">
    <MapTiles>
      <MapTile TileID="1171" AltIDMod="0" />
    </MapTiles>
    <StaticTiles />
  </TransInfo>
  <TransInfo Description="Beach to Brown Brick(NS) AC" HashKey="503636505036365036">
    <MapTiles>
      <MapTile TileID="1171" AltIDMod="0" />
    </MapTiles>
    <StaticTiles />
  </TransInfo>
  <TransInfo Description="Beach to Brown Brick(NS) AC" HashKey="503636365036365036">
    <MapTiles>
      <MapTile TileID="1171" AltIDMod="0" />
    </MapTiles>
    <StaticTiles />
  </TransInfo>
  <TransInfo Description="Beach to Brown Brick(NS) AC" HashKey="503636505036503636">
    <MapTiles>
      <MapTile TileID="1171" AltIDMod="0" />
    </MapTiles>
    <StaticTiles />
  </TransInfo>
  <TransInfo Description="Beach to Brown Brick(NS) AC" HashKey="503636365036503636">
    <MapTiles>
      <MapTile TileID="1171" AltIDMod="0" />
    </MapTiles>
    <StaticTiles />
  </TransInfo>
  <TransInfo Description="Beach to Brown Brick(NS) AC" HashKey="503636505036363636">
    <MapTiles>
      <MapTile TileID="1171" AltIDMod="0" />
    </MapTiles>
    <StaticTiles />
  </TransInfo>
  <TransInfo Description="Beach to Brown Brick(NS) AC" HashKey="503636365036363636">
    <MapTiles>
      <MapTile TileID="1171" AltIDMod="0" />
    </MapTiles>
    <StaticTiles />
  </TransInfo>
  <TransInfo Description="Beach to Brown Brick(NS) AC" HashKey="365050365036505050">
    <MapTiles>
      <MapTile TileID="1171" AltIDMod="0" />
    </MapTiles>
    <StaticTiles />
  </TransInfo>
  <TransInfo Description="Beach to Brown Brick(NS) AC" HashKey="365050505036365050">
    <MapTiles>
      <MapTile TileID="1171" AltIDMod="0" />
    </MapTiles>
    <StaticTiles />
  </TransInfo>
  <TransInfo Description="Beach to Brown Brick(NS) AC" HashKey="365050365036365050">
    <MapTiles>
      <MapTile TileID="1171" AltIDMod="0" />
    </MapTiles>
    <StaticTiles />
  </TransInfo>
  <TransInfo Description="Beach to Brown Brick(NS) AC" HashKey="365050505036503650">
    <MapTiles>
      <MapTile TileID="1171" AltIDMod="0" />
    </MapTiles>
    <StaticTiles />
  </TransInfo>
  <TransInfo Description="Beach to Brown Brick(NS) AC" HashKey="365050365036503650">
    <MapTiles>
      <MapTile TileID="1171" AltIDMod="0" />
    </MapTiles>
    <StaticTiles />
  </TransInfo>
  <TransInfo Description="Beach to Brown Brick(NS) AC" HashKey="365050505036363650">
    <MapTiles>
      <MapTile TileID="1171" AltIDMod="0" />
    </MapTiles>
    <StaticTiles />
  </TransInfo>
  <TransInfo Description="Beach to Brown Brick(NS) AC" HashKey="365050365036363650">
    <MapTiles>
      <MapTile TileID="1171" AltIDMod="0" />
    </MapTiles>
    <StaticTiles />
  </TransInfo>
  <TransInfo Description="Beach to Brown Brick(NS) AC" HashKey="365050365036505036">
    <MapTiles>
      <MapTile TileID="1171" AltIDMod="0" />
    </MapTiles>
    <StaticTiles />
  </TransInfo>
  <TransInfo Description="Beach to Brown Brick(NS) AC" HashKey="365050505036365036">
    <MapTiles>
      <MapTile TileID="1171" AltIDMod="0" />
    </MapTiles>
    <StaticTiles />
  </TransInfo>
  <TransInfo Description="Beach to Brown Brick(NS) AC" HashKey="365050365036365036">
    <MapTiles>
      <MapTile TileID="1171" AltIDMod="0" />
    </MapTiles>
    <StaticTiles />
  </TransInfo>
  <TransInfo Description="Beach to Brown Brick(NS) AC" HashKey="365050505036503636">
    <MapTiles>
      <MapTile TileID="1171" AltIDMod="0" />
    </MapTiles>
    <StaticTiles />
  </TransInfo>
  <TransInfo Description="Beach to Brown Brick(NS) AC" HashKey="365050365036503636">
    <MapTiles>
      <MapTile TileID="1171" AltIDMod="0" />
    </MapTiles>
    <StaticTiles />
  </TransInfo>
  <TransInfo Description="Beach to Brown Brick(NS) AC" HashKey="365050505036363636">
    <MapTiles>
      <MapTile TileID="1171" AltIDMod="0" />
    </MapTiles>
    <StaticTiles />
  </TransInfo>
  <TransInfo Description="Beach to Brown Brick(NS) AC" HashKey="365050365036363636">
    <MapTiles>
      <MapTile TileID="1171" AltIDMod="0" />
    </MapTiles>
    <StaticTiles />
  </TransInfo>
  <TransInfo Description="Beach to Brown Brick(NS) AC" HashKey="365036505050503650">
    <MapTiles>
      <MapTile TileID="1171" AltIDMod="0" />
    </MapTiles>
    <StaticTiles />
  </TransInfo>
  <TransInfo Description="Beach to Brown Brick(NS) AC" HashKey="365036365050503650">
    <MapTiles>
      <MapTile TileID="1171" AltIDMod="0" />
    </MapTiles>
    <StaticTiles />
  </TransInfo>
  <TransInfo Description="Beach to Brown Brick(NS) AC" HashKey="365036505050363650">
    <MapTiles>
      <MapTile TileID="1171" AltIDMod="0" />
    </MapTiles>
    <StaticTiles />
  </TransInfo>
  <TransInfo Description="Beach to Brown Brick(NS) AC" HashKey="365036365050363650">
    <MapTiles>
      <MapTile TileID="1171" AltIDMod="0" />
    </MapTiles>
    <StaticTiles />
  </TransInfo>
  <TransInfo Description="Beach to Brown Brick(NS) AC" HashKey="365036365050505036">
    <MapTiles>
      <MapTile TileID="1171" AltIDMod="0" />
    </MapTiles>
    <StaticTiles />
  </TransInfo>
  <TransInfo Description="Beach to Brown Brick(NS) AC" HashKey="365036505050365036">
    <MapTiles>
      <MapTile TileID="1171" AltIDMod="0" />
    </MapTiles>
    <StaticTiles />
  </TransInfo>
  <TransInfo Description="Beach to Brown Brick(NS) AC" HashKey="365036365050365036">
    <MapTiles>
      <MapTile TileID="1171" AltIDMod="0" />
    </MapTiles>
    <StaticTiles />
  </TransInfo>
  <TransInfo Description="Beach to Brown Brick(NS) AC" HashKey="365036505050503636">
    <MapTiles>
      <MapTile TileID="1171" AltIDMod="0" />
    </MapTiles>
    <StaticTiles />
  </TransInfo>
  <TransInfo Description="Beach to Brown Brick(NS) AC" HashKey="365036365050503636">
    <MapTiles>
      <MapTile TileID="1171" AltIDMod="0" />
    </MapTiles>
    <StaticTiles />
  </TransInfo>
  <TransInfo Description="Beach to Brown Brick(NS) AC" HashKey="365036505050363636">
    <MapTiles>
      <MapTile TileID="1171" AltIDMod="0" />
    </MapTiles>
    <StaticTiles />
  </TransInfo>
  <TransInfo Description="Beach to Brown Brick(NS) AC" HashKey="365036365050363636">
    <MapTiles>
      <MapTile TileID="1171" AltIDMod="0" />
    </MapTiles>
    <StaticTiles />
  </TransInfo>
  <TransInfo Description="Beach to Brown Brick(NS) AC" HashKey="365036365036505050">
    <MapTiles>
      <MapTile TileID="1171" AltIDMod="0" />
    </MapTiles>
    <StaticTiles />
  </TransInfo>
  <TransInfo Description="Beach to Brown Brick(NS) AC" HashKey="365036505036365050">
    <MapTiles>
      <MapTile TileID="1171" AltIDMod="0" />
    </MapTiles>
    <StaticTiles />
  </TransInfo>
  <TransInfo Description="Beach to Brown Brick(NS) AC" HashKey="365036365036365050">
    <MapTiles>
      <MapTile TileID="1171" AltIDMod="0" />
    </MapTiles>
    <StaticTiles />
  </TransInfo>
  <TransInfo Description="Beach to Brown Brick(NS) AC" HashKey="365036505036503650">
    <MapTiles>
      <MapTile TileID="1171" AltIDMod="0" />
    </MapTiles>
    <StaticTiles />
  </TransInfo>
  <TransInfo Description="Beach to Brown Brick(NS) AC" HashKey="365036365036503650">
    <MapTiles>
      <MapTile TileID="1171" AltIDMod="0" />
    </MapTiles>
    <StaticTiles />
  </TransInfo>
  <TransInfo Description="Beach to Brown Brick(NS) AC" HashKey="365036505036363650">
    <MapTiles>
      <MapTile TileID="1171" AltIDMod="0" />
    </MapTiles>
    <StaticTiles />
  </TransInfo>
  <TransInfo Description="Beach to Brown Brick(NS) AC" HashKey="365036365036363650">
    <MapTiles>
      <MapTile TileID="1171" AltIDMod="0" />
    </MapTiles>
    <StaticTiles />
  </TransInfo>
  <TransInfo Description="Beach to Brown Brick(NS) AC" HashKey="365036365036505036">
    <MapTiles>
      <MapTile TileID="1171" AltIDMod="0" />
    </MapTiles>
    <StaticTiles />
  </TransInfo>
  <TransInfo Description="Beach to Brown Brick(NS) AC" HashKey="365036505036365036">
    <MapTiles>
      <MapTile TileID="1171" AltIDMod="0" />
    </MapTiles>
    <StaticTiles />
  </TransInfo>
  <TransInfo Description="Beach to Brown Brick(NS) AC" HashKey="365036365036365036">
    <MapTiles>
      <MapTile TileID="1171" AltIDMod="0" />
    </MapTiles>
    <StaticTiles />
  </TransInfo>
  <TransInfo Description="Beach to Brown Brick(NS) AC" HashKey="365036505036503636">
    <MapTiles>
      <MapTile TileID="1171" AltIDMod="0" />
    </MapTiles>
    <StaticTiles />
  </TransInfo>
  <TransInfo Description="Beach to Brown Brick(NS) AC" HashKey="365036365036503636">
    <MapTiles>
      <MapTile TileID="1171" AltIDMod="0" />
    </MapTiles>
    <StaticTiles />
  </TransInfo>
  <TransInfo Description="Beach to Brown Brick(NS) AC" HashKey="365036505036363636">
    <MapTiles>
      <MapTile TileID="1171" AltIDMod="0" />
    </MapTiles>
    <StaticTiles />
  </TransInfo>
  <TransInfo Description="Beach to Brown Brick(NS) AC" HashKey="365036365036363636">
    <MapTiles>
      <MapTile TileID="1171" AltIDMod="0" />
    </MapTiles>
    <StaticTiles />
  </TransInfo>
  <TransInfo Description="Beach to Brown Brick(NS) AC" HashKey="363650505050503650">
    <MapTiles>
      <MapTile TileID="1171" AltIDMod="0" />
    </MapTiles>
    <StaticTiles />
  </TransInfo>
  <TransInfo Description="Beach to Brown Brick(NS) AC" HashKey="363650365050503650">
    <MapTiles>
      <MapTile TileID="1171" AltIDMod="0" />
    </MapTiles>
    <StaticTiles />
  </TransInfo>
  <TransInfo Description="Beach to Brown Brick(NS) AC" HashKey="363650505050363650">
    <MapTiles>
      <MapTile TileID="1171" AltIDMod="0" />
    </MapTiles>
    <StaticTiles />
  </TransInfo>
  <TransInfo Description="Beach to Brown Brick(NS) AC" HashKey="363650365050363650">
    <MapTiles>
      <MapTile TileID="1171" AltIDMod="0" />
    </MapTiles>
    <StaticTiles />
  </TransInfo>
  <TransInfo Description="Beach to Brown Brick(NS) AC" HashKey="363650365050505036">
    <MapTiles>
      <MapTile TileID="1171" AltIDMod="0" />
    </MapTiles>
    <StaticTiles />
  </TransInfo>
  <TransInfo Description="Beach to Brown Brick(NS) AC" HashKey="363650505050365036">
    <MapTiles>
      <MapTile TileID="1171" AltIDMod="0" />
    </MapTiles>
    <StaticTiles />
  </TransInfo>
  <TransInfo Description="Beach to Brown Brick(NS) AC" HashKey="363650365050365036">
    <MapTiles>
      <MapTile TileID="1171" AltIDMod="0" />
    </MapTiles>
    <StaticTiles />
  </TransInfo>
  <TransInfo Description="Beach to Brown Brick(NS) AC" HashKey="363650505050503636">
    <MapTiles>
      <MapTile TileID="1171" AltIDMod="0" />
    </MapTiles>
    <StaticTiles />
  </TransInfo>
  <TransInfo Description="Beach to Brown Brick(NS) AC" HashKey="363650365050503636">
    <MapTiles>
      <MapTile TileID="1171" AltIDMod="0" />
    </MapTiles>
    <StaticTiles />
  </TransInfo>
  <TransInfo Description="Beach to Brown Brick(NS) AC" HashKey="363650505050363636">
    <MapTiles>
      <MapTile TileID="1171" AltIDMod="0" />
    </MapTiles>
    <StaticTiles />
  </TransInfo>
  <TransInfo Description="Beach to Brown Brick(NS) AC" HashKey="363650365050363636">
    <MapTiles>
      <MapTile TileID="1171" AltIDMod="0" />
    </MapTiles>
    <StaticTiles />
  </TransInfo>
  <TransInfo Description="Beach to Brown Brick(NS) AC" HashKey="363650365036505050">
    <MapTiles>
      <MapTile TileID="1171" AltIDMod="0" />
    </MapTiles>
    <StaticTiles />
  </TransInfo>
  <TransInfo Description="Beach to Brown Brick(NS) AC" HashKey="363650505036365050">
    <MapTiles>
      <MapTile TileID="1171" AltIDMod="0" />
    </MapTiles>
    <StaticTiles />
  </TransInfo>
  <TransInfo Description="Beach to Brown Brick(NS) AC" HashKey="363650365036365050">
    <MapTiles>
      <MapTile TileID="1171" AltIDMod="0" />
    </MapTiles>
    <StaticTiles />
  </TransInfo>
  <TransInfo Description="Beach to Brown Brick(NS) AC" HashKey="363650505036503650">
    <MapTiles>
      <MapTile TileID="1171" AltIDMod="0" />
    </MapTiles>
    <StaticTiles />
  </TransInfo>
  <TransInfo Description="Beach to Brown Brick(NS) AC" HashKey="363650365036503650">
    <MapTiles>
      <MapTile TileID="1171" AltIDMod="0" />
    </MapTiles>
    <StaticTiles />
  </TransInfo>
  <TransInfo Description="Beach to Brown Brick(NS) AC" HashKey="363650505036363650">
    <MapTiles>
      <MapTile TileID="1171" AltIDMod="0" />
    </MapTiles>
    <StaticTiles />
  </TransInfo>
  <TransInfo Description="Beach to Brown Brick(NS) AC" HashKey="363650365036363650">
    <MapTiles>
      <MapTile TileID="1171" AltIDMod="0" />
    </MapTiles>
    <StaticTiles />
  </TransInfo>
  <TransInfo Description="Beach to Brown Brick(NS) AC" HashKey="363650365036505036">
    <MapTiles>
      <MapTile TileID="1171" AltIDMod="0" />
    </MapTiles>
    <StaticTiles />
  </TransInfo>
  <TransInfo Description="Beach to Brown Brick(NS) AC" HashKey="363650505036365036">
    <MapTiles>
      <MapTile TileID="1171" AltIDMod="0" />
    </MapTiles>
    <StaticTiles />
  </TransInfo>
  <TransInfo Description="Beach to Brown Brick(NS) AC" HashKey="363650365036365036">
    <MapTiles>
      <MapTile TileID="1171" AltIDMod="0" />
    </MapTiles>
    <StaticTiles />
  </TransInfo>
  <TransInfo Description="Beach to Brown Brick(NS) AC" HashKey="363650505036503636">
    <MapTiles>
      <MapTile TileID="1171" AltIDMod="0" />
    </MapTiles>
    <StaticTiles />
  </TransInfo>
  <TransInfo Description="Beach to Brown Brick(NS) AC" HashKey="363650365036503636">
    <MapTiles>
      <MapTile TileID="1171" AltIDMod="0" />
    </MapTiles>
    <StaticTiles />
  </TransInfo>
  <TransInfo Description="Beach to Brown Brick(NS) AC" HashKey="363650505036363636">
    <MapTiles>
      <MapTile TileID="1171" AltIDMod="0" />
    </MapTiles>
    <StaticTiles />
  </TransInfo>
  <TransInfo Description="Beach to Brown Brick(NS) AC" HashKey="363650365036363636">
    <MapTiles>
      <MapTile TileID="1171" AltIDMod="0" />
    </MapTiles>
    <StaticTiles />
  </TransInfo>
  <TransInfo Description="Beach to Brown Brick(NS) AC" HashKey="363636505050503650">
    <MapTiles>
      <MapTile TileID="1171" AltIDMod="0" />
    </MapTiles>
    <StaticTiles />
  </TransInfo>
  <TransInfo Description="Beach to Brown Brick(NS) AC" HashKey="363636365050503650">
    <MapTiles>
      <MapTile TileID="1171" AltIDMod="0" />
    </MapTiles>
    <StaticTiles />
  </TransInfo>
  <TransInfo Description="Beach to Brown Brick(NS) AC" HashKey="363636505050363650">
    <MapTiles>
      <MapTile TileID="1171" AltIDMod="0" />
    </MapTiles>
    <StaticTiles />
  </TransInfo>
  <TransInfo Description="Beach to Brown Brick(NS) AC" HashKey="363636365050363650">
    <MapTiles>
      <MapTile TileID="1171" AltIDMod="0" />
    </MapTiles>
    <StaticTiles />
  </TransInfo>
  <TransInfo Description="Beach to Brown Brick(NS) AC" HashKey="363636365050505036">
    <MapTiles>
      <MapTile TileID="1171" AltIDMod="0" />
    </MapTiles>
    <StaticTiles />
  </TransInfo>
  <TransInfo Description="Beach to Brown Brick(NS) AC" HashKey="363636505050365036">
    <MapTiles>
      <MapTile TileID="1171" AltIDMod="0" />
    </MapTiles>
    <StaticTiles />
  </TransInfo>
  <TransInfo Description="Beach to Brown Brick(NS) AC" HashKey="363636365050365036">
    <MapTiles>
      <MapTile TileID="1171" AltIDMod="0" />
    </MapTiles>
    <StaticTiles />
  </TransInfo>
  <TransInfo Description="Beach to Brown Brick(NS) AC" HashKey="363636505050503636">
    <MapTiles>
      <MapTile TileID="1171" AltIDMod="0" />
    </MapTiles>
    <StaticTiles />
  </TransInfo>
  <TransInfo Description="Beach to Brown Brick(NS) AC" HashKey="363636365050503636">
    <MapTiles>
      <MapTile TileID="1171" AltIDMod="0" />
    </MapTiles>
    <StaticTiles />
  </TransInfo>
  <TransInfo Description="Beach to Brown Brick(NS) AC" HashKey="363636505050363636">
    <MapTiles>
      <MapTile TileID="1171" AltIDMod="0" />
    </MapTiles>
    <StaticTiles />
  </TransInfo>
  <TransInfo Description="Beach to Brown Brick(NS) AC" HashKey="363636365050363636">
    <MapTiles>
      <MapTile TileID="1171" AltIDMod="0" />
    </MapTiles>
    <StaticTiles />
  </TransInfo>
  <TransInfo Description="Beach to Brown Brick(NS) AC" HashKey="363636365036505050">
    <MapTiles>
      <MapTile TileID="1171" AltIDMod="0" />
    </MapTiles>
    <StaticTiles />
  </TransInfo>
  <TransInfo Description="Beach to Brown Brick(NS) AC" HashKey="363636505036365050">
    <MapTiles>
      <MapTile TileID="1171" AltIDMod="0" />
    </MapTiles>
    <StaticTiles />
  </TransInfo>
  <TransInfo Description="Beach to Brown Brick(NS) AC" HashKey="363636365036365050">
    <MapTiles>
      <MapTile TileID="1171" AltIDMod="0" />
    </MapTiles>
    <StaticTiles />
  </TransInfo>
  <TransInfo Description="Beach to Brown Brick(NS) AC" HashKey="363636505036503650">
    <MapTiles>
      <MapTile TileID="1171" AltIDMod="0" />
    </MapTiles>
    <StaticTiles />
  </TransInfo>
  <TransInfo Description="Beach to Brown Brick(NS) AC" HashKey="363636365036503650">
    <MapTiles>
      <MapTile TileID="1171" AltIDMod="0" />
    </MapTiles>
    <StaticTiles />
  </TransInfo>
  <TransInfo Description="Beach to Brown Brick(NS) AC" HashKey="363636505036363650">
    <MapTiles>
      <MapTile TileID="1171" AltIDMod="0" />
    </MapTiles>
    <StaticTiles />
  </TransInfo>
  <TransInfo Description="Beach to Brown Brick(NS) AC" HashKey="363636365036363650">
    <MapTiles>
      <MapTile TileID="1171" AltIDMod="0" />
    </MapTiles>
    <StaticTiles />
  </TransInfo>
  <TransInfo Description="Beach to Brown Brick(NS) AC" HashKey="363636365036505036">
    <MapTiles>
      <MapTile TileID="1171" AltIDMod="0" />
    </MapTiles>
    <StaticTiles />
  </TransInfo>
  <TransInfo Description="Beach to Brown Brick(NS) AC" HashKey="363636505036365036">
    <MapTiles>
      <MapTile TileID="1171" AltIDMod="0" />
    </MapTiles>
    <StaticTiles />
  </TransInfo>
  <TransInfo Description="Beach to Brown Brick(NS) AC" HashKey="363636365036365036">
    <MapTiles>
      <MapTile TileID="1171" AltIDMod="0" />
    </MapTiles>
    <StaticTiles />
  </TransInfo>
  <TransInfo Description="Beach to Brown Brick(NS) AC" HashKey="363636505036503636">
    <MapTiles>
      <MapTile TileID="1171" AltIDMod="0" />
    </MapTiles>
    <StaticTiles />
  </TransInfo>
  <TransInfo Description="Beach to Brown Brick(NS) AC" HashKey="363636365036503636">
    <MapTiles>
      <MapTile TileID="1171" AltIDMod="0" />
    </MapTiles>
    <StaticTiles />
  </TransInfo>
  <TransInfo Description="Beach to Brown Brick(NS) AC" HashKey="363636505036363636">
    <MapTiles>
      <MapTile TileID="1171" AltIDMod="0" />
    </MapTiles>
    <StaticTiles />
  </TransInfo>
  <TransInfo Description="Beach to Brown Brick(NS) AC" HashKey="363636365036363636">
    <MapTiles>
      <MapTile TileID="1171" AltIDMod="0" />
    </MapTiles>
    <StaticTiles />
  </TransInfo>
  <TransInfo Description="Beach to Brown Brick(NS) IWE" HashKey="365050505050505036">
    <MapTiles>
      <MapTile TileID="22" AltIDMod="0" />
    </MapTiles>
    <StaticTiles />
  </TransInfo>
  <TransInfo Description="Beach to Brown Brick(NS) INS" HashKey="505036505050365050">
    <MapTiles>
      <MapTile TileID="22" AltIDMod="0" />
    </MapTiles>
    <StaticTiles />
  </TransInfo>
</Trans>