﻿<?xml version="1.0" encoding="utf-8"?>
<Trans>
    <TransInfo Description="Beach to Forest SN" HashKey="0B0B0B505050505050">
    <MapTiles>
      <MapTile TileID="1614" AltIDMod="0" />
    </MapTiles>
    <StaticTiles />
  </TransInfo>
  <TransInfo Description="Beach to Forest SN" HashKey="500B0B505050505050">
    <MapTiles>
      <MapTile TileID="1614" AltIDMod="0" />
    </MapTiles>
    <StaticTiles />
  </TransInfo>
  <TransInfo Description="Beach to Forest SN" HashKey="0B0B50505050505050">
    <MapTiles>
      <MapTile TileID="1614" AltIDMod="0" />
    </MapTiles>
    <StaticTiles />
  </TransInfo>
  <TransInfo Description="Beach to Forest SN" HashKey="500B50505050505050">
    <MapTiles>
      <MapTile TileID="1614" AltIDMod="0" />
    </MapTiles>
    <StaticTiles />
  </TransInfo>
  <TransInfo Description="Beach to Forest SN" HashKey="0B500B505050505050">
    <MapTiles>
      <MapTile TileID="1614" AltIDMod="0" />
    </MapTiles>
    <StaticTiles />
  </TransInfo>
  <TransInfo Description="Beach to Forest EW" HashKey="0B50500B50500B5050">
    <MapTiles>
      <MapTile TileID="1613" AltIDMod="0" />
    </MapTiles>
    <StaticTiles />
  </TransInfo>
  <TransInfo Description="Beach to Forest EW" HashKey="0B50500B5050505050">
    <MapTiles>
      <MapTile TileID="1613" AltIDMod="0" />
    </MapTiles>
    <StaticTiles />
  </TransInfo>
  <TransInfo Description="Beach to Forest EW" HashKey="5050500B50500B5050">
    <MapTiles>
      <MapTile TileID="1613" AltIDMod="0" />
    </MapTiles>
    <StaticTiles />
  </TransInfo>
  <TransInfo Description="Beach to Forest EW" HashKey="5050500B5050505050">
    <MapTiles>
      <MapTile TileID="1613" AltIDMod="0" />
    </MapTiles>
    <StaticTiles />
  </TransInfo>
  <TransInfo Description="Beach to Forest EW" HashKey="0B50505050500B5050">
    <MapTiles>
      <MapTile TileID="1613" AltIDMod="0" />
    </MapTiles>
    <StaticTiles />
  </TransInfo>
  <TransInfo Description="Beach to Forest WE" HashKey="50500B50500B50500B">
    <MapTiles>
      <MapTile TileID="1612" AltIDMod="0" />
    </MapTiles>
    <StaticTiles />
  </TransInfo>
  <TransInfo Description="Beach to Forest WE" HashKey="50505050500B50500B">
    <MapTiles>
      <MapTile TileID="1612" AltIDMod="0" />
    </MapTiles>
    <StaticTiles />
  </TransInfo>
  <TransInfo Description="Beach to Forest WE" HashKey="50500B50500B505050">
    <MapTiles>
      <MapTile TileID="1612" AltIDMod="0" />
    </MapTiles>
    <StaticTiles />
  </TransInfo>
  <TransInfo Description="Beach to Forest WE" HashKey="50505050500B505050">
    <MapTiles>
      <MapTile TileID="1612" AltIDMod="0" />
    </MapTiles>
    <StaticTiles />
  </TransInfo>
  <TransInfo Description="Beach to Forest WE" HashKey="50500B50505050500B">
    <MapTiles>
      <MapTile TileID="1612" AltIDMod="0" />
    </MapTiles>
    <StaticTiles />
  </TransInfo>
  <TransInfo Description="Beach to Forest NS" HashKey="5050505050500B0B0B">
    <MapTiles>
      <MapTile TileID="1611" AltIDMod="0" />
    </MapTiles>
    <StaticTiles />
  </TransInfo>
  <TransInfo Description="Beach to Forest NS" HashKey="5050505050500B0B50">
    <MapTiles>
      <MapTile TileID="1611" AltIDMod="0" />
    </MapTiles>
    <StaticTiles />
  </TransInfo>
  <TransInfo Description="Beach to Forest NS" HashKey="505050505050500B0B">
    <MapTiles>
      <MapTile TileID="1611" AltIDMod="0" />
    </MapTiles>
    <StaticTiles />
  </TransInfo>
  <TransInfo Description="Beach to Forest NS" HashKey="505050505050500B50">
    <MapTiles>
      <MapTile TileID="1611" AltIDMod="0" />
    </MapTiles>
    <StaticTiles />
  </TransInfo>
  <TransInfo Description="Beach to Forest NS" HashKey="5050505050500B500B">
    <MapTiles>
      <MapTile TileID="1611" AltIDMod="0" />
    </MapTiles>
    <StaticTiles />
  </TransInfo>
  <TransInfo Description="Beach to Forest NWA" HashKey="50500B50500B0B0B0B">
    <MapTiles>
      <MapTile TileID="1619" AltIDMod="0" />
    </MapTiles>
    <StaticTiles />
  </TransInfo>
  <TransInfo Description="Beach to Forest NWA" HashKey="50505050500B0B0B0B">
    <MapTiles>
      <MapTile TileID="1619" AltIDMod="0" />
    </MapTiles>
    <StaticTiles />
  </TransInfo>
  <TransInfo Description="Beach to Forest NWA" HashKey="50500B50500B500B0B">
    <MapTiles>
      <MapTile TileID="1619" AltIDMod="0" />
    </MapTiles>
    <StaticTiles />
  </TransInfo>
  <TransInfo Description="Beach to Forest NWA" HashKey="50505050500B500B0B">
    <MapTiles>
      <MapTile TileID="1619" AltIDMod="0" />
    </MapTiles>
    <StaticTiles />
  </TransInfo>
  <TransInfo Description="Beach to Forest NWA" HashKey="50505050500B500B50">
    <MapTiles>
      <MapTile TileID="1619" AltIDMod="0" />
    </MapTiles>
    <StaticTiles />
  </TransInfo>
  <TransInfo Description="Beach to Forest NWA" HashKey="50500B505050500B0B">
    <MapTiles>
      <MapTile TileID="1619" AltIDMod="0" />
    </MapTiles>
    <StaticTiles />
  </TransInfo>
  <TransInfo Description="Beach to Forest NWA" HashKey="50500B5050500B0B0B">
    <MapTiles>
      <MapTile TileID="1619" AltIDMod="0" />
    </MapTiles>
    <StaticTiles />
  </TransInfo>
  <TransInfo Description="Beach to Forest NWA" HashKey="50500B5050500B0B50">
    <MapTiles>
      <MapTile TileID="1619" AltIDMod="0" />
    </MapTiles>
    <StaticTiles />
  </TransInfo>
  <TransInfo Description="Beach to Forest NWA" HashKey="50505050500B0B500B">
    <MapTiles>
      <MapTile TileID="1619" AltIDMod="0" />
    </MapTiles>
    <StaticTiles />
  </TransInfo>
  <TransInfo Description="Beach to Forest NWA" HashKey="50500B50500B0B500B">
    <MapTiles>
      <MapTile TileID="1619" AltIDMod="0" />
    </MapTiles>
    <StaticTiles />
  </TransInfo>
  <TransInfo Description="Beach to Forest NWA" HashKey="50500B50500B0B0B50">
    <MapTiles>
      <MapTile TileID="1619" AltIDMod="0" />
    </MapTiles>
    <StaticTiles />
  </TransInfo>
  <TransInfo Description="Beach to Forest NWA" HashKey="50500B50500B0B5050">
    <MapTiles>
      <MapTile TileID="1619" AltIDMod="0" />
    </MapTiles>
    <StaticTiles />
  </TransInfo>
  <TransInfo Description="Beach to Forest NWA" HashKey="50500B505050500B50">
    <MapTiles>
      <MapTile TileID="1619" AltIDMod="0" />
    </MapTiles>
    <StaticTiles />
  </TransInfo>
  <TransInfo Description="Beach to Forest NWA" HashKey="50505050500B0B5050">
    <MapTiles>
      <MapTile TileID="1619" AltIDMod="0" />
    </MapTiles>
    <StaticTiles />
  </TransInfo>
  <TransInfo Description="Beach to Forest NWA" HashKey="50500B50500B500B50">
    <MapTiles>
      <MapTile TileID="1619" AltIDMod="0" />
    </MapTiles>
    <StaticTiles />
  </TransInfo>
  <TransInfo Description="Beach to Forest NWA" HashKey="50500B5050500B500B">
    <MapTiles>
      <MapTile TileID="1619" AltIDMod="0" />
    </MapTiles>
    <StaticTiles />
  </TransInfo>
  <TransInfo Description="Beach to Forest NWA" HashKey="50505050500B0B0B50">
    <MapTiles>
      <MapTile TileID="1619" AltIDMod="0" />
    </MapTiles>
    <StaticTiles />
  </TransInfo>
  <TransInfo Description="Beach to Forest SEA" HashKey="0B0B0B0B50500B5050">
    <MapTiles>
      <MapTile TileID="1620" AltIDMod="0" />
    </MapTiles>
    <StaticTiles />
  </TransInfo>
  <TransInfo Description="Beach to Forest SEA" HashKey="0B0B500B50500B5050">
    <MapTiles>
      <MapTile TileID="1620" AltIDMod="0" />
    </MapTiles>
    <StaticTiles />
  </TransInfo>
  <TransInfo Description="Beach to Forest SEA" HashKey="0B0B0B0B5050505050">
    <MapTiles>
      <MapTile TileID="1620" AltIDMod="0" />
    </MapTiles>
    <StaticTiles />
  </TransInfo>
  <TransInfo Description="Beach to Forest SEA" HashKey="0B0B500B5050505050">
    <MapTiles>
      <MapTile TileID="1620" AltIDMod="0" />
    </MapTiles>
    <StaticTiles />
  </TransInfo>
  <TransInfo Description="Beach to Forest SEA" HashKey="0B500B0B5050505050">
    <MapTiles>
      <MapTile TileID="1620" AltIDMod="0" />
    </MapTiles>
    <StaticTiles />
  </TransInfo>
  <TransInfo Description="Beach to Forest SEA" HashKey="0B0B505050500B5050">
    <MapTiles>
      <MapTile TileID="1620" AltIDMod="0" />
    </MapTiles>
    <StaticTiles />
  </TransInfo>
  <TransInfo Description="Beach to Forest SEA" HashKey="500B0B5050500B5050">
    <MapTiles>
      <MapTile TileID="1620" AltIDMod="0" />
    </MapTiles>
    <StaticTiles />
  </TransInfo>
  <TransInfo Description="Beach to Forest SEA" HashKey="0B500B5050500B5050">
    <MapTiles>
      <MapTile TileID="1620" AltIDMod="0" />
    </MapTiles>
    <StaticTiles />
  </TransInfo>
  <TransInfo Description="Beach to Forest SEA" HashKey="0B0B0B5050500B5050">
    <MapTiles>
      <MapTile TileID="1620" AltIDMod="0" />
    </MapTiles>
    <StaticTiles />
  </TransInfo>
  <TransInfo Description="Beach to Forest SEA" HashKey="500B500B5050505050">
    <MapTiles>
      <MapTile TileID="1620" AltIDMod="0" />
    </MapTiles>
    <StaticTiles />
  </TransInfo>
  <TransInfo Description="Beach to Forest SEA" HashKey="0B500B0B50500B5050">
    <MapTiles>
      <MapTile TileID="1620" AltIDMod="0" />
    </MapTiles>
    <StaticTiles />
  </TransInfo>
  <TransInfo Description="Beach to Forest SEA" HashKey="50500B0B50500B5050">
    <MapTiles>
      <MapTile TileID="1620" AltIDMod="0" />
    </MapTiles>
    <StaticTiles />
  </TransInfo>
  <TransInfo Description="Beach to Forest SEA" HashKey="500B0B0B50500B5050">
    <MapTiles>
      <MapTile TileID="1620" AltIDMod="0" />
    </MapTiles>
    <StaticTiles />
  </TransInfo>
  <TransInfo Description="Beach to Forest SEA" HashKey="50500B0B5050505050">
    <MapTiles>
      <MapTile TileID="1620" AltIDMod="0" />
    </MapTiles>
    <StaticTiles />
  </TransInfo>
  <TransInfo Description="Beach to Forest SEA" HashKey="500B500B50500B5050">
    <MapTiles>
      <MapTile TileID="1620" AltIDMod="0" />
    </MapTiles>
    <StaticTiles />
  </TransInfo>
  <TransInfo Description="Beach to Forest SEA" HashKey="500B505050500B5050">
    <MapTiles>
      <MapTile TileID="1620" AltIDMod="0" />
    </MapTiles>
    <StaticTiles />
  </TransInfo>
  <TransInfo Description="Beach to Forest SEA" HashKey="500B0B0B5050505050">
    <MapTiles>
      <MapTile TileID="1620" AltIDMod="0" />
    </MapTiles>
    <StaticTiles />
  </TransInfo>
  <TransInfo Description="Beach to Forest NEA" HashKey="0B50500B50500B0B0B">
    <MapTiles>
      <MapTile TileID="1621" AltIDMod="0" />
    </MapTiles>
    <StaticTiles />
  </TransInfo>
  <TransInfo Description="Beach to Forest NEA" HashKey="5050500B50500B0B0B">
    <MapTiles>
      <MapTile TileID="1621" AltIDMod="0" />
    </MapTiles>
    <StaticTiles />
  </TransInfo>
  <TransInfo Description="Beach to Forest NEA" HashKey="0B50500B50500B0B50">
    <MapTiles>
      <MapTile TileID="1621" AltIDMod="0" />
    </MapTiles>
    <StaticTiles />
  </TransInfo>
  <TransInfo Description="Beach to Forest NEA" HashKey="5050500B50500B0B50">
    <MapTiles>
      <MapTile TileID="1621" AltIDMod="0" />
    </MapTiles>
    <StaticTiles />
  </TransInfo>
  <TransInfo Description="Beach to Forest NEA" HashKey="5050500B5050500B50">
    <MapTiles>
      <MapTile TileID="1621" AltIDMod="0" />
    </MapTiles>
    <StaticTiles />
  </TransInfo>
  <TransInfo Description="Beach to Forest NEA" HashKey="0B50500B505050500B">
    <MapTiles>
      <MapTile TileID="1621" AltIDMod="0" />
    </MapTiles>
    <StaticTiles />
  </TransInfo>
  <TransInfo Description="Beach to Forest NEA" HashKey="0B50505050500B0B0B">
    <MapTiles>
      <MapTile TileID="1621" AltIDMod="0" />
    </MapTiles>
    <StaticTiles />
  </TransInfo>
  <TransInfo Description="Beach to Forest NEA" HashKey="0B50505050500B0B50">
    <MapTiles>
      <MapTile TileID="1621" AltIDMod="0" />
    </MapTiles>
    <StaticTiles />
  </TransInfo>
  <TransInfo Description="Beach to Forest NEA" HashKey="0B5050505050500B50">
    <MapTiles>
      <MapTile TileID="1621" AltIDMod="0" />
    </MapTiles>
    <StaticTiles />
  </TransInfo>
  <TransInfo Description="Beach to Forest NEA" HashKey="5050500B50500B500B">
    <MapTiles>
      <MapTile TileID="1621" AltIDMod="0" />
    </MapTiles>
    <StaticTiles />
  </TransInfo>
  <TransInfo Description="Beach to Forest NEA" HashKey="0B50500B50500B500B">
    <MapTiles>
      <MapTile TileID="1621" AltIDMod="0" />
    </MapTiles>
    <StaticTiles />
  </TransInfo>
  <TransInfo Description="Beach to Forest NEA" HashKey="0B5050505050500B0B">
    <MapTiles>
      <MapTile TileID="1621" AltIDMod="0" />
    </MapTiles>
    <StaticTiles />
  </TransInfo>
  <TransInfo Description="Beach to Forest NEA" HashKey="0B50500B5050500B0B">
    <MapTiles>
      <MapTile TileID="1621" AltIDMod="0" />
    </MapTiles>
    <StaticTiles />
  </TransInfo>
  <TransInfo Description="Beach to Forest NEA" HashKey="5050500B5050500B0B">
    <MapTiles>
      <MapTile TileID="1621" AltIDMod="0" />
    </MapTiles>
    <StaticTiles />
  </TransInfo>
  <TransInfo Description="Beach to Forest NEA" HashKey="5050500B505050500B">
    <MapTiles>
      <MapTile TileID="1621" AltIDMod="0" />
    </MapTiles>
    <StaticTiles />
  </TransInfo>
  <TransInfo Description="Beach to Forest NEA" HashKey="0B50505050500B500B">
    <MapTiles>
      <MapTile TileID="1621" AltIDMod="0" />
    </MapTiles>
    <StaticTiles />
  </TransInfo>
  <TransInfo Description="Beach to Forest NEA" HashKey="0B50500B5050500B50">
    <MapTiles>
      <MapTile TileID="1621" AltIDMod="0" />
    </MapTiles>
    <StaticTiles />
  </TransInfo>
  <TransInfo Description="Beach to Forest SWA" HashKey="0B0B0B50500B50500B">
    <MapTiles>
      <MapTile TileID="1622" AltIDMod="0" />
    </MapTiles>
    <StaticTiles />
  </TransInfo>
  <TransInfo Description="Beach to Forest SWA" HashKey="0B0B0B50500B505050">
    <MapTiles>
      <MapTile TileID="1622" AltIDMod="0" />
    </MapTiles>
    <StaticTiles />
  </TransInfo>
  <TransInfo Description="Beach to Forest SWA" HashKey="500B0B50500B50500B">
    <MapTiles>
      <MapTile TileID="1622" AltIDMod="0" />
    </MapTiles>
    <StaticTiles />
  </TransInfo>
  <TransInfo Description="Beach to Forest SWA" HashKey="500B0B50500B505050">
    <MapTiles>
      <MapTile TileID="1622" AltIDMod="0" />
    </MapTiles>
    <StaticTiles />
  </TransInfo>
  <TransInfo Description="Beach to Forest SWA" HashKey="0B505050500B50500B">
    <MapTiles>
      <MapTile TileID="1622" AltIDMod="0" />
    </MapTiles>
    <StaticTiles />
  </TransInfo>
  <TransInfo Description="Beach to Forest SWA" HashKey="0B500B50500B505050">
    <MapTiles>
      <MapTile TileID="1622" AltIDMod="0" />
    </MapTiles>
    <StaticTiles />
  </TransInfo>
  <TransInfo Description="Beach to Forest SWA" HashKey="0B500B50500B50500B">
    <MapTiles>
      <MapTile TileID="1622" AltIDMod="0" />
    </MapTiles>
    <StaticTiles />
  </TransInfo>
  <TransInfo Description="Beach to Forest SWA" HashKey="0B0B5050505050500B">
    <MapTiles>
      <MapTile TileID="1622" AltIDMod="0" />
    </MapTiles>
    <StaticTiles />
  </TransInfo>
  <TransInfo Description="Beach to Forest SWA" HashKey="500B5050505050500B">
    <MapTiles>
      <MapTile TileID="1622" AltIDMod="0" />
    </MapTiles>
    <StaticTiles />
  </TransInfo>
  <TransInfo Description="Beach to Forest SWA" HashKey="0B0B0B50505050500B">
    <MapTiles>
      <MapTile TileID="1622" AltIDMod="0" />
    </MapTiles>
    <StaticTiles />
  </TransInfo>
  <TransInfo Description="Beach to Forest SWA" HashKey="0B0B5050500B505050">
    <MapTiles>
      <MapTile TileID="1622" AltIDMod="0" />
    </MapTiles>
    <StaticTiles />
  </TransInfo>
  <TransInfo Description="Beach to Forest SWA" HashKey="500B0B50505050500B">
    <MapTiles>
      <MapTile TileID="1622" AltIDMod="0" />
    </MapTiles>
    <StaticTiles />
  </TransInfo>
  <TransInfo Description="Beach to Forest SWA" HashKey="500B5050500B505050">
    <MapTiles>
      <MapTile TileID="1622" AltIDMod="0" />
    </MapTiles>
    <StaticTiles />
  </TransInfo>
  <TransInfo Description="Beach to Forest SWA" HashKey="0B505050500B505050">
    <MapTiles>
      <MapTile TileID="1622" AltIDMod="0" />
    </MapTiles>
    <StaticTiles />
  </TransInfo>
  <TransInfo Description="Beach to Forest SWA" HashKey="0B500B50505050500B">
    <MapTiles>
      <MapTile TileID="1622" AltIDMod="0" />
    </MapTiles>
    <StaticTiles />
  </TransInfo>
  <TransInfo Description="Beach to Forest SWA" HashKey="500B5050500B50500B">
    <MapTiles>
      <MapTile TileID="1622" AltIDMod="0" />
    </MapTiles>
    <StaticTiles />
  </TransInfo>
  <TransInfo Description="Beach to Forest SWA" HashKey="0B0B5050500B50500B">
    <MapTiles>
      <MapTile TileID="1622" AltIDMod="0" />
    </MapTiles>
    <StaticTiles />
  </TransInfo>
  <TransInfo Description="Beach to Forest NWB" HashKey="0B5050505050505050">
    <MapTiles>
      <MapTile TileID="1615" AltIDMod="0" />
    </MapTiles>
    <StaticTiles />
  </TransInfo>
  <TransInfo Description="Beach to Forest SEB" HashKey="50505050505050500B">
    <MapTiles>
      <MapTile TileID="1616" AltIDMod="0" />
    </MapTiles>
    <StaticTiles />
  </TransInfo>
  <TransInfo Description="Beach to Forest NEB" HashKey="50500B505050505050">
    <MapTiles>
      <MapTile TileID="1617" AltIDMod="0" />
    </MapTiles>
    <StaticTiles />
  </TransInfo>
  <TransInfo Description="Beach to Forest SWB" HashKey="5050505050500B5050">
    <MapTiles>
      <MapTile TileID="1618" AltIDMod="0" />
    </MapTiles>
    <StaticTiles />
  </TransInfo>
  <TransInfo Description="Beach to Forest AC" HashKey="5050500B500B505050">
    <MapTiles>
      <MapTile TileID="196" AltIDMod="0" />
    </MapTiles>
    <StaticTiles />
  </TransInfo>
  <TransInfo Description="Beach to Forest AC" HashKey="5050500B500B0B5050">
    <MapTiles>
      <MapTile TileID="196" AltIDMod="0" />
    </MapTiles>
    <StaticTiles />
  </TransInfo>
  <TransInfo Description="Beach to Forest AC" HashKey="5050500B500B500B50">
    <MapTiles>
      <MapTile TileID="196" AltIDMod="0" />
    </MapTiles>
    <StaticTiles />
  </TransInfo>
  <TransInfo Description="Beach to Forest AC" HashKey="5050500B500B0B0B50">
    <MapTiles>
      <MapTile TileID="196" AltIDMod="0" />
    </MapTiles>
    <StaticTiles />
  </TransInfo>
  <TransInfo Description="Beach to Forest AC" HashKey="5050500B500B50500B">
    <MapTiles>
      <MapTile TileID="196" AltIDMod="0" />
    </MapTiles>
    <StaticTiles />
  </TransInfo>
  <TransInfo Description="Beach to Forest AC" HashKey="5050500B500B0B500B">
    <MapTiles>
      <MapTile TileID="196" AltIDMod="0" />
    </MapTiles>
    <StaticTiles />
  </TransInfo>
  <TransInfo Description="Beach to Forest AC" HashKey="5050500B500B500B0B">
    <MapTiles>
      <MapTile TileID="196" AltIDMod="0" />
    </MapTiles>
    <StaticTiles />
  </TransInfo>
  <TransInfo Description="Beach to Forest AC" HashKey="5050500B500B0B0B0B">
    <MapTiles>
      <MapTile TileID="196" AltIDMod="0" />
    </MapTiles>
    <StaticTiles />
  </TransInfo>
  <TransInfo Description="Beach to Forest AC" HashKey="50500B0B5050500B50">
    <MapTiles>
      <MapTile TileID="196" AltIDMod="0" />
    </MapTiles>
    <StaticTiles />
  </TransInfo>
  <TransInfo Description="Beach to Forest AC" HashKey="50500B0B50500B0B50">
    <MapTiles>
      <MapTile TileID="196" AltIDMod="0" />
    </MapTiles>
    <StaticTiles />
  </TransInfo>
  <TransInfo Description="Beach to Forest AC" HashKey="50500B0B505050500B">
    <MapTiles>
      <MapTile TileID="196" AltIDMod="0" />
    </MapTiles>
    <StaticTiles />
  </TransInfo>
  <TransInfo Description="Beach to Forest AC" HashKey="50500B0B50500B500B">
    <MapTiles>
      <MapTile TileID="196" AltIDMod="0" />
    </MapTiles>
    <StaticTiles />
  </TransInfo>
  <TransInfo Description="Beach to Forest AC" HashKey="50500B0B5050500B0B">
    <MapTiles>
      <MapTile TileID="196" AltIDMod="0" />
    </MapTiles>
    <StaticTiles />
  </TransInfo>
  <TransInfo Description="Beach to Forest AC" HashKey="50500B0B50500B0B0B">
    <MapTiles>
      <MapTile TileID="196" AltIDMod="0" />
    </MapTiles>
    <StaticTiles />
  </TransInfo>
  <TransInfo Description="Beach to Forest AC" HashKey="50500B0B500B505050">
    <MapTiles>
      <MapTile TileID="196" AltIDMod="0" />
    </MapTiles>
    <StaticTiles />
  </TransInfo>
  <TransInfo Description="Beach to Forest AC" HashKey="50500B0B500B0B5050">
    <MapTiles>
      <MapTile TileID="196" AltIDMod="0" />
    </MapTiles>
    <StaticTiles />
  </TransInfo>
  <TransInfo Description="Beach to Forest AC" HashKey="50500B0B500B500B50">
    <MapTiles>
      <MapTile TileID="196" AltIDMod="0" />
    </MapTiles>
    <StaticTiles />
  </TransInfo>
  <TransInfo Description="Beach to Forest AC" HashKey="50500B0B500B0B0B50">
    <MapTiles>
      <MapTile TileID="196" AltIDMod="0" />
    </MapTiles>
    <StaticTiles />
  </TransInfo>
  <TransInfo Description="Beach to Forest AC" HashKey="50500B0B500B50500B">
    <MapTiles>
      <MapTile TileID="196" AltIDMod="0" />
    </MapTiles>
    <StaticTiles />
  </TransInfo>
  <TransInfo Description="Beach to Forest AC" HashKey="50500B0B500B0B500B">
    <MapTiles>
      <MapTile TileID="196" AltIDMod="0" />
    </MapTiles>
    <StaticTiles />
  </TransInfo>
  <TransInfo Description="Beach to Forest AC" HashKey="50500B0B500B500B0B">
    <MapTiles>
      <MapTile TileID="196" AltIDMod="0" />
    </MapTiles>
    <StaticTiles />
  </TransInfo>
  <TransInfo Description="Beach to Forest AC" HashKey="50500B0B500B0B0B0B">
    <MapTiles>
      <MapTile TileID="196" AltIDMod="0" />
    </MapTiles>
    <StaticTiles />
  </TransInfo>
  <TransInfo Description="Beach to Forest AC" HashKey="500B50505050500B50">
    <MapTiles>
      <MapTile TileID="196" AltIDMod="0" />
    </MapTiles>
    <StaticTiles />
  </TransInfo>
  <TransInfo Description="Beach to Forest AC" HashKey="500B500B5050500B50">
    <MapTiles>
      <MapTile TileID="196" AltIDMod="0" />
    </MapTiles>
    <StaticTiles />
  </TransInfo>
  <TransInfo Description="Beach to Forest AC" HashKey="500B505050500B0B50">
    <MapTiles>
      <MapTile TileID="196" AltIDMod="0" />
    </MapTiles>
    <StaticTiles />
  </TransInfo>
  <TransInfo Description="Beach to Forest AC" HashKey="500B500B50500B0B50">
    <MapTiles>
      <MapTile TileID="196" AltIDMod="0" />
    </MapTiles>
    <StaticTiles />
  </TransInfo>
  <TransInfo Description="Beach to Forest AC" HashKey="500B500B505050500B">
    <MapTiles>
      <MapTile TileID="196" AltIDMod="0" />
    </MapTiles>
    <StaticTiles />
  </TransInfo>
  <TransInfo Description="Beach to Forest AC" HashKey="500B505050500B500B">
    <MapTiles>
      <MapTile TileID="196" AltIDMod="0" />
    </MapTiles>
    <StaticTiles />
  </TransInfo>
  <TransInfo Description="Beach to Forest AC" HashKey="500B500B50500B500B">
    <MapTiles>
      <MapTile TileID="196" AltIDMod="0" />
    </MapTiles>
    <StaticTiles />
  </TransInfo>
  <TransInfo Description="Beach to Forest AC" HashKey="500B50505050500B0B">
    <MapTiles>
      <MapTile TileID="196" AltIDMod="0" />
    </MapTiles>
    <StaticTiles />
  </TransInfo>
  <TransInfo Description="Beach to Forest AC" HashKey="500B500B5050500B0B">
    <MapTiles>
      <MapTile TileID="196" AltIDMod="0" />
    </MapTiles>
    <StaticTiles />
  </TransInfo>
  <TransInfo Description="Beach to Forest AC" HashKey="500B505050500B0B0B">
    <MapTiles>
      <MapTile TileID="196" AltIDMod="0" />
    </MapTiles>
    <StaticTiles />
  </TransInfo>
  <TransInfo Description="Beach to Forest AC" HashKey="500B500B50500B0B0B">
    <MapTiles>
      <MapTile TileID="196" AltIDMod="0" />
    </MapTiles>
    <StaticTiles />
  </TransInfo>
  <TransInfo Description="Beach to Forest AC" HashKey="500B500B500B505050">
    <MapTiles>
      <MapTile TileID="196" AltIDMod="0" />
    </MapTiles>
    <StaticTiles />
  </TransInfo>
  <TransInfo Description="Beach to Forest AC" HashKey="500B5050500B0B5050">
    <MapTiles>
      <MapTile TileID="196" AltIDMod="0" />
    </MapTiles>
    <StaticTiles />
  </TransInfo>
  <TransInfo Description="Beach to Forest AC" HashKey="500B500B500B0B5050">
    <MapTiles>
      <MapTile TileID="196" AltIDMod="0" />
    </MapTiles>
    <StaticTiles />
  </TransInfo>
  <TransInfo Description="Beach to Forest AC" HashKey="500B5050500B500B50">
    <MapTiles>
      <MapTile TileID="196" AltIDMod="0" />
    </MapTiles>
    <StaticTiles />
  </TransInfo>
  <TransInfo Description="Beach to Forest AC" HashKey="500B500B500B500B50">
    <MapTiles>
      <MapTile TileID="196" AltIDMod="0" />
    </MapTiles>
    <StaticTiles />
  </TransInfo>
  <TransInfo Description="Beach to Forest AC" HashKey="500B5050500B0B0B50">
    <MapTiles>
      <MapTile TileID="196" AltIDMod="0" />
    </MapTiles>
    <StaticTiles />
  </TransInfo>
  <TransInfo Description="Beach to Forest AC" HashKey="500B500B500B0B0B50">
    <MapTiles>
      <MapTile TileID="196" AltIDMod="0" />
    </MapTiles>
    <StaticTiles />
  </TransInfo>
  <TransInfo Description="Beach to Forest AC" HashKey="500B500B500B50500B">
    <MapTiles>
      <MapTile TileID="196" AltIDMod="0" />
    </MapTiles>
    <StaticTiles />
  </TransInfo>
  <TransInfo Description="Beach to Forest AC" HashKey="500B5050500B0B500B">
    <MapTiles>
      <MapTile TileID="196" AltIDMod="0" />
    </MapTiles>
    <StaticTiles />
  </TransInfo>
  <TransInfo Description="Beach to Forest AC" HashKey="500B500B500B0B500B">
    <MapTiles>
      <MapTile TileID="196" AltIDMod="0" />
    </MapTiles>
    <StaticTiles />
  </TransInfo>
  <TransInfo Description="Beach to Forest AC" HashKey="500B5050500B500B0B">
    <MapTiles>
      <MapTile TileID="196" AltIDMod="0" />
    </MapTiles>
    <StaticTiles />
  </TransInfo>
  <TransInfo Description="Beach to Forest AC" HashKey="500B500B500B500B0B">
    <MapTiles>
      <MapTile TileID="196" AltIDMod="0" />
    </MapTiles>
    <StaticTiles />
  </TransInfo>
  <TransInfo Description="Beach to Forest AC" HashKey="500B5050500B0B0B0B">
    <MapTiles>
      <MapTile TileID="196" AltIDMod="0" />
    </MapTiles>
    <StaticTiles />
  </TransInfo>
  <TransInfo Description="Beach to Forest AC" HashKey="500B500B500B0B0B0B">
    <MapTiles>
      <MapTile TileID="196" AltIDMod="0" />
    </MapTiles>
    <StaticTiles />
  </TransInfo>
  <TransInfo Description="Beach to Forest AC" HashKey="500B0B505050500B50">
    <MapTiles>
      <MapTile TileID="196" AltIDMod="0" />
    </MapTiles>
    <StaticTiles />
  </TransInfo>
  <TransInfo Description="Beach to Forest AC" HashKey="500B0B0B5050500B50">
    <MapTiles>
      <MapTile TileID="196" AltIDMod="0" />
    </MapTiles>
    <StaticTiles />
  </TransInfo>
  <TransInfo Description="Beach to Forest AC" HashKey="500B0B5050500B0B50">
    <MapTiles>
      <MapTile TileID="196" AltIDMod="0" />
    </MapTiles>
    <StaticTiles />
  </TransInfo>
  <TransInfo Description="Beach to Forest AC" HashKey="500B0B0B50500B0B50">
    <MapTiles>
      <MapTile TileID="196" AltIDMod="0" />
    </MapTiles>
    <StaticTiles />
  </TransInfo>
  <TransInfo Description="Beach to Forest AC" HashKey="500B0B0B505050500B">
    <MapTiles>
      <MapTile TileID="196" AltIDMod="0" />
    </MapTiles>
    <StaticTiles />
  </TransInfo>
  <TransInfo Description="Beach to Forest AC" HashKey="500B0B5050500B500B">
    <MapTiles>
      <MapTile TileID="196" AltIDMod="0" />
    </MapTiles>
    <StaticTiles />
  </TransInfo>
  <TransInfo Description="Beach to Forest AC" HashKey="500B0B0B50500B500B">
    <MapTiles>
      <MapTile TileID="196" AltIDMod="0" />
    </MapTiles>
    <StaticTiles />
  </TransInfo>
  <TransInfo Description="Beach to Forest AC" HashKey="500B0B505050500B0B">
    <MapTiles>
      <MapTile TileID="196" AltIDMod="0" />
    </MapTiles>
    <StaticTiles />
  </TransInfo>
  <TransInfo Description="Beach to Forest AC" HashKey="500B0B0B5050500B0B">
    <MapTiles>
      <MapTile TileID="196" AltIDMod="0" />
    </MapTiles>
    <StaticTiles />
  </TransInfo>
  <TransInfo Description="Beach to Forest AC" HashKey="500B0B5050500B0B0B">
    <MapTiles>
      <MapTile TileID="196" AltIDMod="0" />
    </MapTiles>
    <StaticTiles />
  </TransInfo>
  <TransInfo Description="Beach to Forest AC" HashKey="500B0B0B50500B0B0B">
    <MapTiles>
      <MapTile TileID="196" AltIDMod="0" />
    </MapTiles>
    <StaticTiles />
  </TransInfo>
  <TransInfo Description="Beach to Forest AC" HashKey="500B0B0B500B505050">
    <MapTiles>
      <MapTile TileID="196" AltIDMod="0" />
    </MapTiles>
    <StaticTiles />
  </TransInfo>
  <TransInfo Description="Beach to Forest AC" HashKey="500B0B50500B0B5050">
    <MapTiles>
      <MapTile TileID="196" AltIDMod="0" />
    </MapTiles>
    <StaticTiles />
  </TransInfo>
  <TransInfo Description="Beach to Forest AC" HashKey="500B0B0B500B0B5050">
    <MapTiles>
      <MapTile TileID="196" AltIDMod="0" />
    </MapTiles>
    <StaticTiles />
  </TransInfo>
  <TransInfo Description="Beach to Forest AC" HashKey="500B0B50500B500B50">
    <MapTiles>
      <MapTile TileID="196" AltIDMod="0" />
    </MapTiles>
    <StaticTiles />
  </TransInfo>
  <TransInfo Description="Beach to Forest AC" HashKey="500B0B0B500B500B50">
    <MapTiles>
      <MapTile TileID="196" AltIDMod="0" />
    </MapTiles>
    <StaticTiles />
  </TransInfo>
  <TransInfo Description="Beach to Forest AC" HashKey="500B0B50500B0B0B50">
    <MapTiles>
      <MapTile TileID="196" AltIDMod="0" />
    </MapTiles>
    <StaticTiles />
  </TransInfo>
  <TransInfo Description="Beach to Forest AC" HashKey="500B0B0B500B0B0B50">
    <MapTiles>
      <MapTile TileID="196" AltIDMod="0" />
    </MapTiles>
    <StaticTiles />
  </TransInfo>
  <TransInfo Description="Beach to Forest AC" HashKey="500B0B0B500B50500B">
    <MapTiles>
      <MapTile TileID="196" AltIDMod="0" />
    </MapTiles>
    <StaticTiles />
  </TransInfo>
  <TransInfo Description="Beach to Forest AC" HashKey="500B0B50500B0B500B">
    <MapTiles>
      <MapTile TileID="196" AltIDMod="0" />
    </MapTiles>
    <StaticTiles />
  </TransInfo>
  <TransInfo Description="Beach to Forest AC" HashKey="500B0B0B500B0B500B">
    <MapTiles>
      <MapTile TileID="196" AltIDMod="0" />
    </MapTiles>
    <StaticTiles />
  </TransInfo>
  <TransInfo Description="Beach to Forest AC" HashKey="500B0B50500B500B0B">
    <MapTiles>
      <MapTile TileID="196" AltIDMod="0" />
    </MapTiles>
    <StaticTiles />
  </TransInfo>
  <TransInfo Description="Beach to Forest AC" HashKey="500B0B0B500B500B0B">
    <MapTiles>
      <MapTile TileID="196" AltIDMod="0" />
    </MapTiles>
    <StaticTiles />
  </TransInfo>
  <TransInfo Description="Beach to Forest AC" HashKey="500B0B50500B0B0B0B">
    <MapTiles>
      <MapTile TileID="196" AltIDMod="0" />
    </MapTiles>
    <StaticTiles />
  </TransInfo>
  <TransInfo Description="Beach to Forest AC" HashKey="500B0B0B500B0B0B0B">
    <MapTiles>
      <MapTile TileID="196" AltIDMod="0" />
    </MapTiles>
    <StaticTiles />
  </TransInfo>
  <TransInfo Description="Beach to Forest AC" HashKey="0B50500B500B505050">
    <MapTiles>
      <MapTile TileID="196" AltIDMod="0" />
    </MapTiles>
    <StaticTiles />
  </TransInfo>
  <TransInfo Description="Beach to Forest AC" HashKey="0B505050500B0B5050">
    <MapTiles>
      <MapTile TileID="196" AltIDMod="0" />
    </MapTiles>
    <StaticTiles />
  </TransInfo>
  <TransInfo Description="Beach to Forest AC" HashKey="0B50500B500B0B5050">
    <MapTiles>
      <MapTile TileID="196" AltIDMod="0" />
    </MapTiles>
    <StaticTiles />
  </TransInfo>
  <TransInfo Description="Beach to Forest AC" HashKey="0B505050500B500B50">
    <MapTiles>
      <MapTile TileID="196" AltIDMod="0" />
    </MapTiles>
    <StaticTiles />
  </TransInfo>
  <TransInfo Description="Beach to Forest AC" HashKey="0B50500B500B500B50">
    <MapTiles>
      <MapTile TileID="196" AltIDMod="0" />
    </MapTiles>
    <StaticTiles />
  </TransInfo>
  <TransInfo Description="Beach to Forest AC" HashKey="0B505050500B0B0B50">
    <MapTiles>
      <MapTile TileID="196" AltIDMod="0" />
    </MapTiles>
    <StaticTiles />
  </TransInfo>
  <TransInfo Description="Beach to Forest AC" HashKey="0B50500B500B0B0B50">
    <MapTiles>
      <MapTile TileID="196" AltIDMod="0" />
    </MapTiles>
    <StaticTiles />
  </TransInfo>
  <TransInfo Description="Beach to Forest AC" HashKey="0B50500B500B50500B">
    <MapTiles>
      <MapTile TileID="196" AltIDMod="0" />
    </MapTiles>
    <StaticTiles />
  </TransInfo>
  <TransInfo Description="Beach to Forest AC" HashKey="0B505050500B0B500B">
    <MapTiles>
      <MapTile TileID="196" AltIDMod="0" />
    </MapTiles>
    <StaticTiles />
  </TransInfo>
  <TransInfo Description="Beach to Forest AC" HashKey="0B50500B500B0B500B">
    <MapTiles>
      <MapTile TileID="196" AltIDMod="0" />
    </MapTiles>
    <StaticTiles />
  </TransInfo>
  <TransInfo Description="Beach to Forest AC" HashKey="0B505050500B500B0B">
    <MapTiles>
      <MapTile TileID="196" AltIDMod="0" />
    </MapTiles>
    <StaticTiles />
  </TransInfo>
  <TransInfo Description="Beach to Forest AC" HashKey="0B50500B500B500B0B">
    <MapTiles>
      <MapTile TileID="196" AltIDMod="0" />
    </MapTiles>
    <StaticTiles />
  </TransInfo>
  <TransInfo Description="Beach to Forest AC" HashKey="0B505050500B0B0B0B">
    <MapTiles>
      <MapTile TileID="196" AltIDMod="0" />
    </MapTiles>
    <StaticTiles />
  </TransInfo>
  <TransInfo Description="Beach to Forest AC" HashKey="0B50500B500B0B0B0B">
    <MapTiles>
      <MapTile TileID="196" AltIDMod="0" />
    </MapTiles>
    <StaticTiles />
  </TransInfo>
  <TransInfo Description="Beach to Forest AC" HashKey="0B500B505050500B50">
    <MapTiles>
      <MapTile TileID="196" AltIDMod="0" />
    </MapTiles>
    <StaticTiles />
  </TransInfo>
  <TransInfo Description="Beach to Forest AC" HashKey="0B500B0B5050500B50">
    <MapTiles>
      <MapTile TileID="196" AltIDMod="0" />
    </MapTiles>
    <StaticTiles />
  </TransInfo>
  <TransInfo Description="Beach to Forest AC" HashKey="0B500B5050500B0B50">
    <MapTiles>
      <MapTile TileID="196" AltIDMod="0" />
    </MapTiles>
    <StaticTiles />
  </TransInfo>
  <TransInfo Description="Beach to Forest AC" HashKey="0B500B0B50500B0B50">
    <MapTiles>
      <MapTile TileID="196" AltIDMod="0" />
    </MapTiles>
    <StaticTiles />
  </TransInfo>
  <TransInfo Description="Beach to Forest AC" HashKey="0B500B0B505050500B">
    <MapTiles>
      <MapTile TileID="196" AltIDMod="0" />
    </MapTiles>
    <StaticTiles />
  </TransInfo>
  <TransInfo Description="Beach to Forest AC" HashKey="0B500B5050500B500B">
    <MapTiles>
      <MapTile TileID="196" AltIDMod="0" />
    </MapTiles>
    <StaticTiles />
  </TransInfo>
  <TransInfo Description="Beach to Forest AC" HashKey="0B500B0B50500B500B">
    <MapTiles>
      <MapTile TileID="196" AltIDMod="0" />
    </MapTiles>
    <StaticTiles />
  </TransInfo>
  <TransInfo Description="Beach to Forest AC" HashKey="0B500B505050500B0B">
    <MapTiles>
      <MapTile TileID="196" AltIDMod="0" />
    </MapTiles>
    <StaticTiles />
  </TransInfo>
  <TransInfo Description="Beach to Forest AC" HashKey="0B500B0B5050500B0B">
    <MapTiles>
      <MapTile TileID="196" AltIDMod="0" />
    </MapTiles>
    <StaticTiles />
  </TransInfo>
  <TransInfo Description="Beach to Forest AC" HashKey="0B500B5050500B0B0B">
    <MapTiles>
      <MapTile TileID="196" AltIDMod="0" />
    </MapTiles>
    <StaticTiles />
  </TransInfo>
  <TransInfo Description="Beach to Forest AC" HashKey="0B500B0B50500B0B0B">
    <MapTiles>
      <MapTile TileID="196" AltIDMod="0" />
    </MapTiles>
    <StaticTiles />
  </TransInfo>
  <TransInfo Description="Beach to Forest AC" HashKey="0B500B0B500B505050">
    <MapTiles>
      <MapTile TileID="196" AltIDMod="0" />
    </MapTiles>
    <StaticTiles />
  </TransInfo>
  <TransInfo Description="Beach to Forest AC" HashKey="0B500B50500B0B5050">
    <MapTiles>
      <MapTile TileID="196" AltIDMod="0" />
    </MapTiles>
    <StaticTiles />
  </TransInfo>
  <TransInfo Description="Beach to Forest AC" HashKey="0B500B0B500B0B5050">
    <MapTiles>
      <MapTile TileID="196" AltIDMod="0" />
    </MapTiles>
    <StaticTiles />
  </TransInfo>
  <TransInfo Description="Beach to Forest AC" HashKey="0B500B50500B500B50">
    <MapTiles>
      <MapTile TileID="196" AltIDMod="0" />
    </MapTiles>
    <StaticTiles />
  </TransInfo>
  <TransInfo Description="Beach to Forest AC" HashKey="0B500B0B500B500B50">
    <MapTiles>
      <MapTile TileID="196" AltIDMod="0" />
    </MapTiles>
    <StaticTiles />
  </TransInfo>
  <TransInfo Description="Beach to Forest AC" HashKey="0B500B50500B0B0B50">
    <MapTiles>
      <MapTile TileID="196" AltIDMod="0" />
    </MapTiles>
    <StaticTiles />
  </TransInfo>
  <TransInfo Description="Beach to Forest AC" HashKey="0B500B0B500B0B0B50">
    <MapTiles>
      <MapTile TileID="196" AltIDMod="0" />
    </MapTiles>
    <StaticTiles />
  </TransInfo>
  <TransInfo Description="Beach to Forest AC" HashKey="0B500B0B500B50500B">
    <MapTiles>
      <MapTile TileID="196" AltIDMod="0" />
    </MapTiles>
    <StaticTiles />
  </TransInfo>
  <TransInfo Description="Beach to Forest AC" HashKey="0B500B50500B0B500B">
    <MapTiles>
      <MapTile TileID="196" AltIDMod="0" />
    </MapTiles>
    <StaticTiles />
  </TransInfo>
  <TransInfo Description="Beach to Forest AC" HashKey="0B500B0B500B0B500B">
    <MapTiles>
      <MapTile TileID="196" AltIDMod="0" />
    </MapTiles>
    <StaticTiles />
  </TransInfo>
  <TransInfo Description="Beach to Forest AC" HashKey="0B500B50500B500B0B">
    <MapTiles>
      <MapTile TileID="196" AltIDMod="0" />
    </MapTiles>
    <StaticTiles />
  </TransInfo>
  <TransInfo Description="Beach to Forest AC" HashKey="0B500B0B500B500B0B">
    <MapTiles>
      <MapTile TileID="196" AltIDMod="0" />
    </MapTiles>
    <StaticTiles />
  </TransInfo>
  <TransInfo Description="Beach to Forest AC" HashKey="0B500B50500B0B0B0B">
    <MapTiles>
      <MapTile TileID="196" AltIDMod="0" />
    </MapTiles>
    <StaticTiles />
  </TransInfo>
  <TransInfo Description="Beach to Forest AC" HashKey="0B500B0B500B0B0B0B">
    <MapTiles>
      <MapTile TileID="196" AltIDMod="0" />
    </MapTiles>
    <StaticTiles />
  </TransInfo>
  <TransInfo Description="Beach to Forest AC" HashKey="0B0B50505050500B50">
    <MapTiles>
      <MapTile TileID="196" AltIDMod="0" />
    </MapTiles>
    <StaticTiles />
  </TransInfo>
  <TransInfo Description="Beach to Forest AC" HashKey="0B0B500B5050500B50">
    <MapTiles>
      <MapTile TileID="196" AltIDMod="0" />
    </MapTiles>
    <StaticTiles />
  </TransInfo>
  <TransInfo Description="Beach to Forest AC" HashKey="0B0B505050500B0B50">
    <MapTiles>
      <MapTile TileID="196" AltIDMod="0" />
    </MapTiles>
    <StaticTiles />
  </TransInfo>
  <TransInfo Description="Beach to Forest AC" HashKey="0B0B500B50500B0B50">
    <MapTiles>
      <MapTile TileID="196" AltIDMod="0" />
    </MapTiles>
    <StaticTiles />
  </TransInfo>
  <TransInfo Description="Beach to Forest AC" HashKey="0B0B500B505050500B">
    <MapTiles>
      <MapTile TileID="196" AltIDMod="0" />
    </MapTiles>
    <StaticTiles />
  </TransInfo>
  <TransInfo Description="Beach to Forest AC" HashKey="0B0B505050500B500B">
    <MapTiles>
      <MapTile TileID="196" AltIDMod="0" />
    </MapTiles>
    <StaticTiles />
  </TransInfo>
  <TransInfo Description="Beach to Forest AC" HashKey="0B0B500B50500B500B">
    <MapTiles>
      <MapTile TileID="196" AltIDMod="0" />
    </MapTiles>
    <StaticTiles />
  </TransInfo>
  <TransInfo Description="Beach to Forest AC" HashKey="0B0B50505050500B0B">
    <MapTiles>
      <MapTile TileID="196" AltIDMod="0" />
    </MapTiles>
    <StaticTiles />
  </TransInfo>
  <TransInfo Description="Beach to Forest AC" HashKey="0B0B500B5050500B0B">
    <MapTiles>
      <MapTile TileID="196" AltIDMod="0" />
    </MapTiles>
    <StaticTiles />
  </TransInfo>
  <TransInfo Description="Beach to Forest AC" HashKey="0B0B505050500B0B0B">
    <MapTiles>
      <MapTile TileID="196" AltIDMod="0" />
    </MapTiles>
    <StaticTiles />
  </TransInfo>
  <TransInfo Description="Beach to Forest AC" HashKey="0B0B500B50500B0B0B">
    <MapTiles>
      <MapTile TileID="196" AltIDMod="0" />
    </MapTiles>
    <StaticTiles />
  </TransInfo>
  <TransInfo Description="Beach to Forest AC" HashKey="0B0B500B500B505050">
    <MapTiles>
      <MapTile TileID="196" AltIDMod="0" />
    </MapTiles>
    <StaticTiles />
  </TransInfo>
  <TransInfo Description="Beach to Forest AC" HashKey="0B0B5050500B0B5050">
    <MapTiles>
      <MapTile TileID="196" AltIDMod="0" />
    </MapTiles>
    <StaticTiles />
  </TransInfo>
  <TransInfo Description="Beach to Forest AC" HashKey="0B0B500B500B0B5050">
    <MapTiles>
      <MapTile TileID="196" AltIDMod="0" />
    </MapTiles>
    <StaticTiles />
  </TransInfo>
  <TransInfo Description="Beach to Forest AC" HashKey="0B0B5050500B500B50">
    <MapTiles>
      <MapTile TileID="196" AltIDMod="0" />
    </MapTiles>
    <StaticTiles />
  </TransInfo>
  <TransInfo Description="Beach to Forest AC" HashKey="0B0B500B500B500B50">
    <MapTiles>
      <MapTile TileID="196" AltIDMod="0" />
    </MapTiles>
    <StaticTiles />
  </TransInfo>
  <TransInfo Description="Beach to Forest AC" HashKey="0B0B5050500B0B0B50">
    <MapTiles>
      <MapTile TileID="196" AltIDMod="0" />
    </MapTiles>
    <StaticTiles />
  </TransInfo>
  <TransInfo Description="Beach to Forest AC" HashKey="0B0B500B500B0B0B50">
    <MapTiles>
      <MapTile TileID="196" AltIDMod="0" />
    </MapTiles>
    <StaticTiles />
  </TransInfo>
  <TransInfo Description="Beach to Forest AC" HashKey="0B0B500B500B50500B">
    <MapTiles>
      <MapTile TileID="196" AltIDMod="0" />
    </MapTiles>
    <StaticTiles />
  </TransInfo>
  <TransInfo Description="Beach to Forest AC" HashKey="0B0B5050500B0B500B">
    <MapTiles>
      <MapTile TileID="196" AltIDMod="0" />
    </MapTiles>
    <StaticTiles />
  </TransInfo>
  <TransInfo Description="Beach to Forest AC" HashKey="0B0B500B500B0B500B">
    <MapTiles>
      <MapTile TileID="196" AltIDMod="0" />
    </MapTiles>
    <StaticTiles />
  </TransInfo>
  <TransInfo Description="Beach to Forest AC" HashKey="0B0B5050500B500B0B">
    <MapTiles>
      <MapTile TileID="196" AltIDMod="0" />
    </MapTiles>
    <StaticTiles />
  </TransInfo>
  <TransInfo Description="Beach to Forest AC" HashKey="0B0B500B500B500B0B">
    <MapTiles>
      <MapTile TileID="196" AltIDMod="0" />
    </MapTiles>
    <StaticTiles />
  </TransInfo>
  <TransInfo Description="Beach to Forest AC" HashKey="0B0B5050500B0B0B0B">
    <MapTiles>
      <MapTile TileID="196" AltIDMod="0" />
    </MapTiles>
    <StaticTiles />
  </TransInfo>
  <TransInfo Description="Beach to Forest AC" HashKey="0B0B500B500B0B0B0B">
    <MapTiles>
      <MapTile TileID="196" AltIDMod="0" />
    </MapTiles>
    <StaticTiles />
  </TransInfo>
  <TransInfo Description="Beach to Forest AC" HashKey="0B0B0B505050500B50">
    <MapTiles>
      <MapTile TileID="196" AltIDMod="0" />
    </MapTiles>
    <StaticTiles />
  </TransInfo>
  <TransInfo Description="Beach to Forest AC" HashKey="0B0B0B0B5050500B50">
    <MapTiles>
      <MapTile TileID="196" AltIDMod="0" />
    </MapTiles>
    <StaticTiles />
  </TransInfo>
  <TransInfo Description="Beach to Forest AC" HashKey="0B0B0B5050500B0B50">
    <MapTiles>
      <MapTile TileID="196" AltIDMod="0" />
    </MapTiles>
    <StaticTiles />
  </TransInfo>
  <TransInfo Description="Beach to Forest AC" HashKey="0B0B0B0B50500B0B50">
    <MapTiles>
      <MapTile TileID="196" AltIDMod="0" />
    </MapTiles>
    <StaticTiles />
  </TransInfo>
  <TransInfo Description="Beach to Forest AC" HashKey="0B0B0B0B505050500B">
    <MapTiles>
      <MapTile TileID="196" AltIDMod="0" />
    </MapTiles>
    <StaticTiles />
  </TransInfo>
  <TransInfo Description="Beach to Forest AC" HashKey="0B0B0B5050500B500B">
    <MapTiles>
      <MapTile TileID="196" AltIDMod="0" />
    </MapTiles>
    <StaticTiles />
  </TransInfo>
  <TransInfo Description="Beach to Forest AC" HashKey="0B0B0B0B50500B500B">
    <MapTiles>
      <MapTile TileID="196" AltIDMod="0" />
    </MapTiles>
    <StaticTiles />
  </TransInfo>
  <TransInfo Description="Beach to Forest AC" HashKey="0B0B0B505050500B0B">
    <MapTiles>
      <MapTile TileID="196" AltIDMod="0" />
    </MapTiles>
    <StaticTiles />
  </TransInfo>
  <TransInfo Description="Beach to Forest AC" HashKey="0B0B0B0B5050500B0B">
    <MapTiles>
      <MapTile TileID="196" AltIDMod="0" />
    </MapTiles>
    <StaticTiles />
  </TransInfo>
  <TransInfo Description="Beach to Forest AC" HashKey="0B0B0B5050500B0B0B">
    <MapTiles>
      <MapTile TileID="196" AltIDMod="0" />
    </MapTiles>
    <StaticTiles />
  </TransInfo>
  <TransInfo Description="Beach to Forest AC" HashKey="0B0B0B0B50500B0B0B">
    <MapTiles>
      <MapTile TileID="196" AltIDMod="0" />
    </MapTiles>
    <StaticTiles />
  </TransInfo>
  <TransInfo Description="Beach to Forest AC" HashKey="0B0B0B0B500B505050">
    <MapTiles>
      <MapTile TileID="196" AltIDMod="0" />
    </MapTiles>
    <StaticTiles />
  </TransInfo>
  <TransInfo Description="Beach to Forest AC" HashKey="0B0B0B50500B0B5050">
    <MapTiles>
      <MapTile TileID="196" AltIDMod="0" />
    </MapTiles>
    <StaticTiles />
  </TransInfo>
  <TransInfo Description="Beach to Forest AC" HashKey="0B0B0B0B500B0B5050">
    <MapTiles>
      <MapTile TileID="196" AltIDMod="0" />
    </MapTiles>
    <StaticTiles />
  </TransInfo>
  <TransInfo Description="Beach to Forest AC" HashKey="0B0B0B50500B500B50">
    <MapTiles>
      <MapTile TileID="196" AltIDMod="0" />
    </MapTiles>
    <StaticTiles />
  </TransInfo>
  <TransInfo Description="Beach to Forest AC" HashKey="0B0B0B0B500B500B50">
    <MapTiles>
      <MapTile TileID="196" AltIDMod="0" />
    </MapTiles>
    <StaticTiles />
  </TransInfo>
  <TransInfo Description="Beach to Forest AC" HashKey="0B0B0B50500B0B0B50">
    <MapTiles>
      <MapTile TileID="196" AltIDMod="0" />
    </MapTiles>
    <StaticTiles />
  </TransInfo>
  <TransInfo Description="Beach to Forest AC" HashKey="0B0B0B0B500B0B0B50">
    <MapTiles>
      <MapTile TileID="196" AltIDMod="0" />
    </MapTiles>
    <StaticTiles />
  </TransInfo>
  <TransInfo Description="Beach to Forest AC" HashKey="0B0B0B0B500B50500B">
    <MapTiles>
      <MapTile TileID="196" AltIDMod="0" />
    </MapTiles>
    <StaticTiles />
  </TransInfo>
  <TransInfo Description="Beach to Forest AC" HashKey="0B0B0B50500B0B500B">
    <MapTiles>
      <MapTile TileID="196" AltIDMod="0" />
    </MapTiles>
    <StaticTiles />
  </TransInfo>
  <TransInfo Description="Beach to Forest AC" HashKey="0B0B0B0B500B0B500B">
    <MapTiles>
      <MapTile TileID="196" AltIDMod="0" />
    </MapTiles>
    <StaticTiles />
  </TransInfo>
  <TransInfo Description="Beach to Forest AC" HashKey="0B0B0B50500B500B0B">
    <MapTiles>
      <MapTile TileID="196" AltIDMod="0" />
    </MapTiles>
    <StaticTiles />
  </TransInfo>
  <TransInfo Description="Beach to Forest AC" HashKey="0B0B0B0B500B500B0B">
    <MapTiles>
      <MapTile TileID="196" AltIDMod="0" />
    </MapTiles>
    <StaticTiles />
  </TransInfo>
  <TransInfo Description="Beach to Forest AC" HashKey="0B0B0B50500B0B0B0B">
    <MapTiles>
      <MapTile TileID="196" AltIDMod="0" />
    </MapTiles>
    <StaticTiles />
  </TransInfo>
  <TransInfo Description="Beach to Forest AC" HashKey="0B0B0B0B500B0B0B0B">
    <MapTiles>
      <MapTile TileID="196" AltIDMod="0" />
    </MapTiles>
    <StaticTiles />
  </TransInfo>
  <TransInfo Description="Beach to Forest IWE" HashKey="0B505050505050500B">
    <MapTiles>
      <MapTile TileID="22" AltIDMod="0" />
    </MapTiles>
    <StaticTiles />
  </TransInfo>
  <TransInfo Description="Beach to Forest INS" HashKey="50500B5050500B5050">
    <MapTiles>
      <MapTile TileID="22" AltIDMod="0" />
    </MapTiles>
    <StaticTiles />
  </TransInfo>
</Trans>