﻿<?xml version="1.0" encoding="utf-8"?>
<Trans>
  <TransInfo Description="Beach to Brown Brick(EW) AC" HashKey="242424505050245024">
    <MapTiles>
      <MapTile TileID="1167" AltIDMod="0" />
    </MapTiles>
    <StaticTiles />
  </TransInfo>
  <TransInfo Description="Beach to Brown Brick(EW) SWA" HashKey="245050505024505024">
    <MapTiles>
      <MapTile TileID="1184" AltIDMod="0" />
    </MapTiles>
    <StaticTiles />
  </TransInfo>
  <TransInfo Description="Beach to Brown Brick(EW) NEA" HashKey="245050245050505024">
    <MapTiles>
      <MapTile TileID="1186" AltIDMod="0" />
    </MapTiles>
    <StaticTiles />
  </TransInfo>
  <TransInfo Description="Beach to Brown Brick(EW) AC" HashKey="502424245050242450">
    <MapTiles>
      <MapTile TileID="1167" AltIDMod="0" />
    </MapTiles>
    <StaticTiles />
  </TransInfo>
  <TransInfo Description="Beach to Brown Brick(EW) AC" HashKey="502450245050505024">
    <MapTiles>
      <MapTile TileID="1167" AltIDMod="0" />
    </MapTiles>
    <StaticTiles />
  </TransInfo>
  <TransInfo Description="Beach to Brown Brick(EW) AC" HashKey="242450505050242424">
    <MapTiles>
      <MapTile TileID="1167" AltIDMod="0" />
    </MapTiles>
    <StaticTiles />
  </TransInfo>
  <TransInfo Description="Beach to Brown Brick(EW) AC" HashKey="242450245024505050">
    <MapTiles>
      <MapTile TileID="1167" AltIDMod="0" />
    </MapTiles>
    <StaticTiles />
  </TransInfo>
  <TransInfo Description="Beach to Brown Brick(EW) SN" HashKey="242450505050505050">
    <MapTiles>
      <MapTile TileID="1180" AltIDMod="0" />
    </MapTiles>
    <StaticTiles />
  </TransInfo>
  <TransInfo Description="Beach to Brown Brick(EW) AC" HashKey="505024245024245024">
    <MapTiles>
      <MapTile TileID="1167" AltIDMod="0" />
    </MapTiles>
    <StaticTiles />
  </TransInfo>
  <TransInfo Description="Beach to Brown Brick(EW) AC" HashKey="242424505024245024">
    <MapTiles>
      <MapTile TileID="1167" AltIDMod="0" />
    </MapTiles>
    <StaticTiles />
  </TransInfo>
  <TransInfo Description="Beach to Brown Brick(EW) AC" HashKey="242424245024505024">
    <MapTiles>
      <MapTile TileID="1167" AltIDMod="0" />
    </MapTiles>
    <StaticTiles />
  </TransInfo>
  <TransInfo Description="Beach to Brown Brick(EW) SWA" HashKey="242424505050505024">
    <MapTiles>
      <MapTile TileID="1184" AltIDMod="0" />
    </MapTiles>
    <StaticTiles />
  </TransInfo>
  <TransInfo Description="Beach to Brown Brick(EW) AC" HashKey="502450245024242424">
    <MapTiles>
      <MapTile TileID="1167" AltIDMod="0" />
    </MapTiles>
    <StaticTiles />
  </TransInfo>
  <TransInfo Description="Beach to Brown Brick(EW) SEA" HashKey="242424245050505050">
    <MapTiles>
      <MapTile TileID="1308" AltIDMod="0" />
    </MapTiles>
    <StaticTiles />
  </TransInfo>
  <TransInfo Description="Beach to Brown Brick(EW) NS" HashKey="505050505050242450">
    <MapTiles>
      <MapTile TileID="1182" AltIDMod="0" />
    </MapTiles>
    <StaticTiles />
  </TransInfo>
  <TransInfo Description="Beach to Brown Brick(EW) AC" HashKey="502450245024245024">
    <MapTiles>
      <MapTile TileID="1167" AltIDMod="0" />
    </MapTiles>
    <StaticTiles />
  </TransInfo>
  <TransInfo Description="Beach to Brown Brick(EW) AC" HashKey="242450245024245050">
    <MapTiles>
      <MapTile TileID="1167" AltIDMod="0" />
    </MapTiles>
    <StaticTiles />
  </TransInfo>
  <TransInfo Description="Beach to Brown Brick(EW) AC" HashKey="242450245024502450">
    <MapTiles>
      <MapTile TileID="1167" AltIDMod="0" />
    </MapTiles>
    <StaticTiles />
  </TransInfo>
  <TransInfo Description="Beach to Brown Brick(EW) AC" HashKey="242450505050502450">
    <MapTiles>
      <MapTile TileID="1167" AltIDMod="0" />
    </MapTiles>
    <StaticTiles />
  </TransInfo>
  <TransInfo Description="Beach to Brown Brick(EW) AC" HashKey="242450505050502424">
    <MapTiles>
      <MapTile TileID="1167" AltIDMod="0" />
    </MapTiles>
    <StaticTiles />
  </TransInfo>
  <TransInfo Description="Beach to Brown Brick(EW) NEA" HashKey="245050505050245024">
    <MapTiles>
      <MapTile TileID="1186" AltIDMod="0" />
    </MapTiles>
    <StaticTiles />
  </TransInfo>
  <TransInfo Description="Beach to Brown Brick(EW) AC" HashKey="502424505024502450">
    <MapTiles>
      <MapTile TileID="1167" AltIDMod="0" />
    </MapTiles>
    <StaticTiles />
  </TransInfo>
  <TransInfo Description="Beach to Brown Brick(EW) AC" HashKey="502450505050245024">
    <MapTiles>
      <MapTile TileID="1167" AltIDMod="0" />
    </MapTiles>
    <StaticTiles />
  </TransInfo>
  <TransInfo Description="Beach to Brown Brick(EW) AC" HashKey="242450245050502424">
    <MapTiles>
      <MapTile TileID="1167" AltIDMod="0" />
    </MapTiles>
    <StaticTiles />
  </TransInfo>
  <TransInfo Description="Beach to Brown Brick(EW) AC" HashKey="242450505024502424">
    <MapTiles>
      <MapTile TileID="1167" AltIDMod="0" />
    </MapTiles>
    <StaticTiles />
  </TransInfo>
  <TransInfo Description="Beach to Brown Brick(EW) SEA" HashKey="242450245050245050">
    <MapTiles>
      <MapTile TileID="1308" AltIDMod="0" />
    </MapTiles>
    <StaticTiles />
  </TransInfo>
  <TransInfo Description="Beach to Brown Brick(EW) AC" HashKey="242450505024245050">
    <MapTiles>
      <MapTile TileID="1167" AltIDMod="0" />
    </MapTiles>
    <StaticTiles />
  </TransInfo>
  <TransInfo Description="Beach to Brown Brick(EW) AC" HashKey="245050505024242424">
    <MapTiles>
      <MapTile TileID="1167" AltIDMod="0" />
    </MapTiles>
    <StaticTiles />
  </TransInfo>
  <TransInfo Description="Beach to Brown Brick(EW) NEA" HashKey="245050245050242424">
    <MapTiles>
      <MapTile TileID="1186" AltIDMod="0" />
    </MapTiles>
    <StaticTiles />
  </TransInfo>
  <TransInfo Description="Beach to Brown Brick(EW) AC" HashKey="242424245050242424">
    <MapTiles>
      <MapTile TileID="1167" AltIDMod="0" />
    </MapTiles>
    <StaticTiles />
  </TransInfo>
  <TransInfo Description="Beach to Brown Brick(EW) SWA" HashKey="245050505024505050">
    <MapTiles>
      <MapTile TileID="1184" AltIDMod="0" />
    </MapTiles>
    <StaticTiles />
  </TransInfo>
  <TransInfo Description="Beach to Brown Brick(EW) EW" HashKey="245050245050505050">
    <MapTiles>
      <MapTile TileID="1181" AltIDMod="0" />
    </MapTiles>
    <StaticTiles />
  </TransInfo>
  <TransInfo Description="Beach to Brown Brick(EW) AC" HashKey="502450505024242424">
    <MapTiles>
      <MapTile TileID="1167" AltIDMod="0" />
    </MapTiles>
    <StaticTiles />
  </TransInfo>
  <TransInfo Description="Beach to Brown Brick(EW) SWA" HashKey="502424505024505050">
    <MapTiles>
      <MapTile TileID="1184" AltIDMod="0" />
    </MapTiles>
    <StaticTiles />
  </TransInfo>
  <TransInfo Description="Beach to Brown Brick(EW) NEA" HashKey="245050505050242450">
    <MapTiles>
      <MapTile TileID="1186" AltIDMod="0" />
    </MapTiles>
    <StaticTiles />
  </TransInfo>
  <TransInfo Description="Beach to Brown Brick(EW) SWA" HashKey="502450505024505050">
    <MapTiles>
      <MapTile TileID="1184" AltIDMod="0" />
    </MapTiles>
    <StaticTiles />
  </TransInfo>
  <TransInfo Description="Beach to Brown Brick(EW) SEA" HashKey="502450245050505050">
    <MapTiles>
      <MapTile TileID="1308" AltIDMod="0" />
    </MapTiles>
    <StaticTiles />
  </TransInfo>
  <TransInfo Description="Beach to Brown Brick(EW) NWA" HashKey="505024505050502424">
    <MapTiles>
      <MapTile TileID="1307" AltIDMod="0" />
    </MapTiles>
    <StaticTiles />
  </TransInfo>
  <TransInfo Description="Beach to Brown Brick(EW) AC" HashKey="505024245024502424">
    <MapTiles>
      <MapTile TileID="1167" AltIDMod="0" />
    </MapTiles>
    <StaticTiles />
  </TransInfo>
  <TransInfo Description="Beach to Brown Brick(EW) INS" HashKey="505024505050245050">
    <MapTiles>
      <MapTile TileID="22" AltIDMod="0" />
    </MapTiles>
    <StaticTiles />
  </TransInfo>
  <TransInfo Description="Beach to Brown Brick(EW) AC" HashKey="505050245024242450">
    <MapTiles>
      <MapTile TileID="1167" AltIDMod="0" />
    </MapTiles>
    <StaticTiles />
  </TransInfo>
  <TransInfo Description="Beach to Brown Brick(EW) AC" HashKey="242450505024242450">
    <MapTiles>
      <MapTile TileID="1167" AltIDMod="0" />
    </MapTiles>
    <StaticTiles />
  </TransInfo>
  <TransInfo Description="Beach to Brown Brick(EW) EW" HashKey="505050245050245050">
    <MapTiles>
      <MapTile TileID="1181" AltIDMod="0" />
    </MapTiles>
    <StaticTiles />
  </TransInfo>
  <TransInfo Description="Beach to Brown Brick(EW) WE" HashKey="505024505024505050">
    <MapTiles>
      <MapTile TileID="1179" AltIDMod="0" />
    </MapTiles>
    <StaticTiles />
  </TransInfo>
  <TransInfo Description="Beach to Brown Brick(EW) AC" HashKey="505050245024505050">
    <MapTiles>
      <MapTile TileID="1167" AltIDMod="0" />
    </MapTiles>
    <StaticTiles />
  </TransInfo>
  <TransInfo Description="Beach to Brown Brick(EW) AC" HashKey="502424245050502450">
    <MapTiles>
      <MapTile TileID="1167" AltIDMod="0" />
    </MapTiles>
    <StaticTiles />
  </TransInfo>
  <TransInfo Description="Beach to Brown Brick(EW) AC" HashKey="245050505024502450">
    <MapTiles>
      <MapTile TileID="1167" AltIDMod="0" />
    </MapTiles>
    <StaticTiles />
  </TransInfo>
  <TransInfo Description="Beach to Brown Brick(EW) NEA" HashKey="245050245050502450">
    <MapTiles>
      <MapTile TileID="1186" AltIDMod="0" />
    </MapTiles>
    <StaticTiles />
  </TransInfo>
  <TransInfo Description="Beach to Brown Brick(EW) AC" HashKey="242424245024502450">
    <MapTiles>
      <MapTile TileID="1167" AltIDMod="0" />
    </MapTiles>
    <StaticTiles />
  </TransInfo>
  <TransInfo Description="Beach to Brown Brick(EW) AC" HashKey="502450505024502450">
    <MapTiles>
      <MapTile TileID="1167" AltIDMod="0" />
    </MapTiles>
    <StaticTiles />
  </TransInfo>
  <TransInfo Description="Beach to Brown Brick(EW) AC" HashKey="502450245050502450">
    <MapTiles>
      <MapTile TileID="1167" AltIDMod="0" />
    </MapTiles>
    <StaticTiles />
  </TransInfo>
  <TransInfo Description="Beach to Brown Brick(EW) SEA" HashKey="242450505050245050">
    <MapTiles>
      <MapTile TileID="1308" AltIDMod="0" />
    </MapTiles>
    <StaticTiles />
  </TransInfo>
  <TransInfo Description="Beach to Brown Brick(EW) AC" HashKey="242450245024245024">
    <MapTiles>
      <MapTile TileID="1167" AltIDMod="0" />
    </MapTiles>
    <StaticTiles />
  </TransInfo>
  <TransInfo Description="Beach to Brown Brick(EW) NWA" HashKey="505024505050242450">
    <MapTiles>
      <MapTile TileID="1307" AltIDMod="0" />
    </MapTiles>
    <StaticTiles />
  </TransInfo>
  <TransInfo Description="Beach to Brown Brick(EW) AC" HashKey="505024245024242450">
    <MapTiles>
      <MapTile TileID="1167" AltIDMod="0" />
    </MapTiles>
    <StaticTiles />
  </TransInfo>
  <TransInfo Description="Beach to Brown Brick(EW) NEA" HashKey="245050505050502424">
    <MapTiles>
      <MapTile TileID="1186" AltIDMod="0" />
    </MapTiles>
    <StaticTiles />
  </TransInfo>
  <TransInfo Description="Beach to Brown Brick(EW) AC" HashKey="245050245024502424">
    <MapTiles>
      <MapTile TileID="1167" AltIDMod="0" />
    </MapTiles>
    <StaticTiles />
  </TransInfo>
  <TransInfo Description="Beach to Brown Brick(EW) AC" HashKey="242450245024242424">
    <MapTiles>
      <MapTile TileID="1167" AltIDMod="0" />
    </MapTiles>
    <StaticTiles />
  </TransInfo>
  <TransInfo Description="Beach to Brown Brick(EW) EW" HashKey="245050505050245050">
    <MapTiles>
      <MapTile TileID="1181" AltIDMod="0" />
    </MapTiles>
    <StaticTiles />
  </TransInfo>
  <TransInfo Description="Beach to Brown Brick(EW) AC" HashKey="245050245024245050">
    <MapTiles>
      <MapTile TileID="1167" AltIDMod="0" />
    </MapTiles>
    <StaticTiles />
  </TransInfo>
  <TransInfo Description="Beach to Brown Brick(EW) AC" HashKey="502424505024242450">
    <MapTiles>
      <MapTile TileID="1167" AltIDMod="0" />
    </MapTiles>
    <StaticTiles />
  </TransInfo>
  <TransInfo Description="Beach to Brown Brick(EW) AC" HashKey="502450245024502424">
    <MapTiles>
      <MapTile TileID="1167" AltIDMod="0" />
    </MapTiles>
    <StaticTiles />
  </TransInfo>
  <TransInfo Description="Beach to Brown Brick(EW) SEA" HashKey="502450505050245050">
    <MapTiles>
      <MapTile TileID="1308" AltIDMod="0" />
    </MapTiles>
    <StaticTiles />
  </TransInfo>
  <TransInfo Description="Beach to Brown Brick(EW) AC" HashKey="242450245050502450">
    <MapTiles>
      <MapTile TileID="1167" AltIDMod="0" />
    </MapTiles>
    <StaticTiles />
  </TransInfo>
  <TransInfo Description="Beach to Brown Brick(EW) AC" HashKey="242450505024502450">
    <MapTiles>
      <MapTile TileID="1167" AltIDMod="0" />
    </MapTiles>
    <StaticTiles />
  </TransInfo>
  <TransInfo Description="Beach to Brown Brick(EW) AC" HashKey="242424245024242450">
    <MapTiles>
      <MapTile TileID="1167" AltIDMod="0" />
    </MapTiles>
    <StaticTiles />
  </TransInfo>
  <TransInfo Description="Beach to Brown Brick(EW) AC" HashKey="245050505024242450">
    <MapTiles>
      <MapTile TileID="1167" AltIDMod="0" />
    </MapTiles>
    <StaticTiles />
  </TransInfo>
  <TransInfo Description="Beach to Brown Brick(EW) NEA" HashKey="245050245050242450">
    <MapTiles>
      <MapTile TileID="1186" AltIDMod="0" />
    </MapTiles>
    <StaticTiles />
  </TransInfo>
  <TransInfo Description="Beach to Brown Brick(EW) AC" HashKey="502450505024242450">
    <MapTiles>
      <MapTile TileID="1167" AltIDMod="0" />
    </MapTiles>
    <StaticTiles />
  </TransInfo>
  <TransInfo Description="Beach to Brown Brick(EW) SWA" HashKey="502424505024505024">
    <MapTiles>
      <MapTile TileID="1184" AltIDMod="0" />
    </MapTiles>
    <StaticTiles />
  </TransInfo>
  <TransInfo Description="Beach to Brown Brick(EW) AC" HashKey="245024505050502424">
    <MapTiles>
      <MapTile TileID="1167" AltIDMod="0" />
    </MapTiles>
    <StaticTiles />
  </TransInfo>
  <TransInfo Description="Beach to Brown Brick(EW) NWA" HashKey="505024505050502450">
    <MapTiles>
      <MapTile TileID="1307" AltIDMod="0" />
    </MapTiles>
    <StaticTiles />
  </TransInfo>
  <TransInfo Description="Beach to Brown Brick(EW) SEA" HashKey="242450245050505050">
    <MapTiles>
      <MapTile TileID="1308" AltIDMod="0" />
    </MapTiles>
    <StaticTiles />
  </TransInfo>
  <TransInfo Description="Beach to Brown Brick(EW) SWA" HashKey="242450505024505050">
    <MapTiles>
      <MapTile TileID="1184" AltIDMod="0" />
    </MapTiles>
    <StaticTiles />
  </TransInfo>
  <TransInfo Description="Beach to Brown Brick(EW) SWA" HashKey="242424505024505050">
    <MapTiles>
      <MapTile TileID="1184" AltIDMod="0" />
    </MapTiles>
    <StaticTiles />
  </TransInfo>
  <TransInfo Description="Beach to Brown Brick(EW) AC" HashKey="242450245050242424">
    <MapTiles>
      <MapTile TileID="1167" AltIDMod="0" />
    </MapTiles>
    <StaticTiles />
  </TransInfo>
  <TransInfo Description="Beach to Brown Brick(EW) AC" HashKey="242450505024242424">
    <MapTiles>
      <MapTile TileID="1167" AltIDMod="0" />
    </MapTiles>
    <StaticTiles />
  </TransInfo>
  <TransInfo Description="Beach to Brown Brick(EW) AC" HashKey="245024505024242450">
    <MapTiles>
      <MapTile TileID="1167" AltIDMod="0" />
    </MapTiles>
    <StaticTiles />
  </TransInfo>
  <TransInfo Description="Beach to Brown Brick(EW) AC" HashKey="245050505024245050">
    <MapTiles>
      <MapTile TileID="1167" AltIDMod="0" />
    </MapTiles>
    <StaticTiles />
  </TransInfo>
  <TransInfo Description="Beach to Brown Brick(EW) EW" HashKey="245050245050245050">
    <MapTiles>
      <MapTile TileID="1181" AltIDMod="0" />
    </MapTiles>
    <StaticTiles />
  </TransInfo>
  <TransInfo Description="Beach to Brown Brick(EW) SEB" HashKey="505050505050505024">
    <MapTiles>
      <MapTile TileID="1178" AltIDMod="0" />
      <MapTile TileID="1303" AltIDMod="0" />
    </MapTiles>
    <StaticTiles />
  </TransInfo>
  <TransInfo Description="Beach to Brown Brick(EW) AC" HashKey="245050505024502424">
    <MapTiles>
      <MapTile TileID="1167" AltIDMod="0" />
    </MapTiles>
    <StaticTiles />
  </TransInfo>
  <TransInfo Description="Beach to Brown Brick(EW) NEA" HashKey="245050245050502424">
    <MapTiles>
      <MapTile TileID="1186" AltIDMod="0" />
    </MapTiles>
    <StaticTiles />
  </TransInfo>
  <TransInfo Description="Beach to Brown Brick(EW) AC" HashKey="502450505024245050">
    <MapTiles>
      <MapTile TileID="1167" AltIDMod="0" />
    </MapTiles>
    <StaticTiles />
  </TransInfo>
  <TransInfo Description="Beach to Brown Brick(EW) SEA" HashKey="502450245050245050">
    <MapTiles>
      <MapTile TileID="1308" AltIDMod="0" />
    </MapTiles>
    <StaticTiles />
  </TransInfo>
  <TransInfo Description="Beach to Brown Brick(EW) AC" HashKey="502450505024502424">
    <MapTiles>
      <MapTile TileID="1167" AltIDMod="0" />
    </MapTiles>
    <StaticTiles />
  </TransInfo>
  <TransInfo Description="Beach to Brown Brick(EW) AC" HashKey="502450245050502424">
    <MapTiles>
      <MapTile TileID="1167" AltIDMod="0" />
    </MapTiles>
    <StaticTiles />
  </TransInfo>
  <TransInfo Description="Beach to Brown Brick(EW) NEB" HashKey="505024505050505050">
    <MapTiles>
      <MapTile TileID="1175" AltIDMod="0" />
    </MapTiles>
    <StaticTiles />
  </TransInfo>
  <TransInfo Description="Beach to Brown Brick(EW) AC" HashKey="505024245024505050">
    <MapTiles>
      <MapTile TileID="1167" AltIDMod="0" />
    </MapTiles>
    <StaticTiles />
  </TransInfo>
  <TransInfo Description="Beach to Brown Brick(EW) NEA" HashKey="505050245050245024">
    <MapTiles>
      <MapTile TileID="1186" AltIDMod="0" />
    </MapTiles>
    <StaticTiles />
  </TransInfo>
  <TransInfo Description="Beach to Brown Brick(EW) NWA" HashKey="505024505050242424">
    <MapTiles>
      <MapTile TileID="1307" AltIDMod="0" />
    </MapTiles>
    <StaticTiles />
  </TransInfo>
  <TransInfo Description="Beach to Brown Brick(EW) NWA" HashKey="505024505050245024">
    <MapTiles>
      <MapTile TileID="1307" AltIDMod="0" />
    </MapTiles>
    <StaticTiles />
  </TransInfo>
  <TransInfo Description="Beach to Brown Brick(EW) NEA" HashKey="245050505050502450">
    <MapTiles>
      <MapTile TileID="1186" AltIDMod="0" />
    </MapTiles>
    <StaticTiles />
  </TransInfo>
  <TransInfo Description="Beach to Brown Brick(EW) AC" HashKey="245050245024502450">
    <MapTiles>
      <MapTile TileID="1167" AltIDMod="0" />
    </MapTiles>
    <StaticTiles />
  </TransInfo>
  <TransInfo Description="Beach to Brown Brick(EW) AC" HashKey="242424505024242450">
    <MapTiles>
      <MapTile TileID="1167" AltIDMod="0" />
    </MapTiles>
    <StaticTiles />
  </TransInfo>
  <TransInfo Description="Beach to Brown Brick(EW) AC" HashKey="242450245024242450">
    <MapTiles>
      <MapTile TileID="1167" AltIDMod="0" />
    </MapTiles>
    <StaticTiles />
  </TransInfo>
  <TransInfo Description="Beach to Brown Brick(EW) AC" HashKey="502450505050502450">
    <MapTiles>
      <MapTile TileID="1167" AltIDMod="0" />
    </MapTiles>
    <StaticTiles />
  </TransInfo>
  <TransInfo Description="Beach to Brown Brick(EW) AC" HashKey="502450245024502450">
    <MapTiles>
      <MapTile TileID="1167" AltIDMod="0" />
    </MapTiles>
    <StaticTiles />
  </TransInfo>
  <TransInfo Description="Beach to Brown Brick(EW) AC" HashKey="242424245024502424">
    <MapTiles>
      <MapTile TileID="1167" AltIDMod="0" />
    </MapTiles>
    <StaticTiles />
  </TransInfo>
  <TransInfo Description="Beach to Brown Brick(EW) AC" HashKey="242424505024242424">
    <MapTiles>
      <MapTile TileID="1167" AltIDMod="0" />
    </MapTiles>
    <StaticTiles />
  </TransInfo>
  <TransInfo Description="Beach to Brown Brick(EW) AC" HashKey="245024245024505024">
    <MapTiles>
      <MapTile TileID="1167" AltIDMod="0" />
    </MapTiles>
    <StaticTiles />
  </TransInfo>
  <TransInfo Description="Beach to Brown Brick(EW) SWA" HashKey="245024505050505024">
    <MapTiles>
      <MapTile TileID="1184" AltIDMod="0" />
    </MapTiles>
    <StaticTiles />
  </TransInfo>
  <TransInfo Description="Beach to Brown Brick(EW) AC" HashKey="502424245050242424">
    <MapTiles>
      <MapTile TileID="1167" AltIDMod="0" />
    </MapTiles>
    <StaticTiles />
  </TransInfo>
  <TransInfo Description="Beach to Brown Brick(EW) AC" HashKey="242424505024245050">
    <MapTiles>
      <MapTile TileID="1167" AltIDMod="0" />
    </MapTiles>
    <StaticTiles />
  </TransInfo>
  <TransInfo Description="Beach to Brown Brick(EW) AC" HashKey="245050245024245024">
    <MapTiles>
      <MapTile TileID="1167" AltIDMod="0" />
    </MapTiles>
    <StaticTiles />
  </TransInfo>
  <TransInfo Description="Beach to Brown Brick(EW) AC" HashKey="502424245024505024">
    <MapTiles>
      <MapTile TileID="1167" AltIDMod="0" />
    </MapTiles>
    <StaticTiles />
  </TransInfo>
  <TransInfo Description="Beach to Brown Brick(EW) SWA" HashKey="502424505050505024">
    <MapTiles>
      <MapTile TileID="1184" AltIDMod="0" />
    </MapTiles>
    <StaticTiles />
  </TransInfo>
  <TransInfo Description="Beach to Brown Brick(EW) NWB" HashKey="245050505050505050">
    <MapTiles>
      <MapTile TileID="1176" AltIDMod="0" />
      <MapTile TileID="1350" AltIDMod="0" />
    </MapTiles>
    <StaticTiles />
  </TransInfo>
  <TransInfo Description="Beach to Brown Brick(EW) AC" HashKey="245050245024505050">
    <MapTiles>
      <MapTile TileID="1167" AltIDMod="0" />
    </MapTiles>
    <StaticTiles />
  </TransInfo>
  <TransInfo Description="Beach to Brown Brick(EW) NWA" HashKey="505050505024245024">
    <MapTiles>
      <MapTile TileID="1307" AltIDMod="0" />
    </MapTiles>
    <StaticTiles />
  </TransInfo>
  <TransInfo Description="Beach to Brown Brick(EW) NEA" HashKey="245050505050242424">
    <MapTiles>
      <MapTile TileID="1186" AltIDMod="0" />
    </MapTiles>
    <StaticTiles />
  </TransInfo>
  <TransInfo Description="Beach to Brown Brick(EW) AC" HashKey="245050245024242424">
    <MapTiles>
      <MapTile TileID="1167" AltIDMod="0" />
    </MapTiles>
    <StaticTiles />
  </TransInfo>
  <TransInfo Description="Beach to Brown Brick(EW) SN" HashKey="502450505050505050">
    <MapTiles>
      <MapTile TileID="1180" AltIDMod="0" />
    </MapTiles>
    <StaticTiles />
  </TransInfo>
  <TransInfo Description="Beach to Brown Brick(EW) AC" HashKey="502450245024505050">
    <MapTiles>
      <MapTile TileID="1167" AltIDMod="0" />
    </MapTiles>
    <StaticTiles />
  </TransInfo>
  <TransInfo Description="Beach to Brown Brick(EW) AC" HashKey="502450505050242424">
    <MapTiles>
      <MapTile TileID="1167" AltIDMod="0" />
    </MapTiles>
    <StaticTiles />
  </TransInfo>
  <TransInfo Description="Beach to Brown Brick(EW) AC" HashKey="242450245050505024">
    <MapTiles>
      <MapTile TileID="1167" AltIDMod="0" />
    </MapTiles>
    <StaticTiles />
  </TransInfo>
  <TransInfo Description="Beach to Brown Brick(EW) SWA" HashKey="242450505024505024">
    <MapTiles>
      <MapTile TileID="1184" AltIDMod="0" />
    </MapTiles>
    <StaticTiles />
  </TransInfo>
  <TransInfo Description="Beach to Brown Brick(EW) AC" HashKey="245024245024245050">
    <MapTiles>
      <MapTile TileID="1167" AltIDMod="0" />
    </MapTiles>
    <StaticTiles />
  </TransInfo>
  <TransInfo Description="Beach to Brown Brick(EW) NS" HashKey="505050505050242424">
    <MapTiles>
      <MapTile TileID="1182" AltIDMod="0" />
    </MapTiles>
    <StaticTiles />
  </TransInfo>
  <TransInfo Description="Beach to Brown Brick(EW) AC" HashKey="245050505024245024">
    <MapTiles>
      <MapTile TileID="1167" AltIDMod="0" />
    </MapTiles>
    <StaticTiles />
  </TransInfo>
  <TransInfo Description="Beach to Brown Brick(EW) NEA" HashKey="245050245050245024">
    <MapTiles>
      <MapTile TileID="1186" AltIDMod="0" />
    </MapTiles>
    <StaticTiles />
  </TransInfo>
  <TransInfo Description="Beach to Brown Brick(EW) AC" HashKey="245024505024245024">
    <MapTiles>
      <MapTile TileID="1167" AltIDMod="0" />
    </MapTiles>
    <StaticTiles />
  </TransInfo>
  <TransInfo Description="Beach to Brown Brick(EW) AC" HashKey="502450505024245024">
    <MapTiles>
      <MapTile TileID="1167" AltIDMod="0" />
    </MapTiles>
    <StaticTiles />
  </TransInfo>
  <TransInfo Description="Beach to Brown Brick(EW) AC" HashKey="502450245050245024">
    <MapTiles>
      <MapTile TileID="1167" AltIDMod="0" />
    </MapTiles>
    <StaticTiles />
  </TransInfo>
  <TransInfo Description="Beach to Brown Brick(EW) AC" HashKey="245024245050245024">
    <MapTiles>
      <MapTile TileID="1167" AltIDMod="0" />
    </MapTiles>
    <StaticTiles />
  </TransInfo>
  <TransInfo Description="Beach to Brown Brick(EW) WE" HashKey="505024505050505024">
    <MapTiles>
      <MapTile TileID="1179" AltIDMod="0" />
    </MapTiles>
    <StaticTiles />
  </TransInfo>
  <TransInfo Description="Beach to Brown Brick(EW) AC" HashKey="505024245024505024">
    <MapTiles>
      <MapTile TileID="1167" AltIDMod="0" />
    </MapTiles>
    <StaticTiles />
  </TransInfo>
  <TransInfo Description="Beach to Brown Brick(EW) AC" HashKey="502450505050502424">
    <MapTiles>
      <MapTile TileID="1167" AltIDMod="0" />
    </MapTiles>
    <StaticTiles />
  </TransInfo>
  <TransInfo Description="Beach to Brown Brick(EW) AC" HashKey="505050245024502450">
    <MapTiles>
      <MapTile TileID="1167" AltIDMod="0" />
    </MapTiles>
    <StaticTiles />
  </TransInfo>
  <TransInfo Description="Beach to Brown Brick(EW) NS" HashKey="505050505050502450">
    <MapTiles>
      <MapTile TileID="1182" AltIDMod="0" />
    </MapTiles>
    <StaticTiles />
  </TransInfo>
  <TransInfo Description="Beach to Brown Brick(EW) AC" HashKey="505024245050242450">
    <MapTiles>
      <MapTile TileID="1167" AltIDMod="0" />
    </MapTiles>
    <StaticTiles />
  </TransInfo>
  <TransInfo Description="Beach to Brown Brick(EW) AC" HashKey="245024245024242424">
    <MapTiles>
      <MapTile TileID="1167" AltIDMod="0" />
    </MapTiles>
    <StaticTiles />
  </TransInfo>
  <TransInfo Description="Beach to Brown Brick(EW) AC" HashKey="245024505050242424">
    <MapTiles>
      <MapTile TileID="1167" AltIDMod="0" />
    </MapTiles>
    <StaticTiles />
  </TransInfo>
  <TransInfo Description="Beach to Brown Brick(EW) AC" HashKey="245024245024505050">
    <MapTiles>
      <MapTile TileID="1167" AltIDMod="0" />
    </MapTiles>
    <StaticTiles />
  </TransInfo>
  <TransInfo Description="Beach to Brown Brick(EW) SN" HashKey="245024505050505050">
    <MapTiles>
      <MapTile TileID="1180" AltIDMod="0" />
    </MapTiles>
    <StaticTiles />
  </TransInfo>
  <TransInfo Description="Beach to Brown Brick(EW) AC" HashKey="502424245024242424">
    <MapTiles>
      <MapTile TileID="1167" AltIDMod="0" />
    </MapTiles>
    <StaticTiles />
  </TransInfo>
  <TransInfo Description="Beach to Brown Brick(EW) AC" HashKey="502424505050242424">
    <MapTiles>
      <MapTile TileID="1167" AltIDMod="0" />
    </MapTiles>
    <StaticTiles />
  </TransInfo>
  <TransInfo Description="Beach to Brown Brick(EW) AC" HashKey="502424245024505050">
    <MapTiles>
      <MapTile TileID="1167" AltIDMod="0" />
    </MapTiles>
    <StaticTiles />
  </TransInfo>
  <TransInfo Description="Beach to Brown Brick(EW) SN" HashKey="502424505050505050">
    <MapTiles>
      <MapTile TileID="1180" AltIDMod="0" />
    </MapTiles>
    <StaticTiles />
  </TransInfo>
  <TransInfo Description="Beach to Brown Brick(EW) NEA" HashKey="505050245050502424">
    <MapTiles>
      <MapTile TileID="1186" AltIDMod="0" />
    </MapTiles>
    <StaticTiles />
  </TransInfo>
  <TransInfo Description="Beach to Brown Brick(EW) NWA" HashKey="505050505024502424">
    <MapTiles>
      <MapTile TileID="1307" AltIDMod="0" />
    </MapTiles>
    <StaticTiles />
  </TransInfo>
  <TransInfo Description="Beach to Brown Brick(EW) IWE" HashKey="245050505050505024">
    <MapTiles>
      <MapTile TileID="22" AltIDMod="0" />
    </MapTiles>
    <StaticTiles />
  </TransInfo>
  <TransInfo Description="Beach to Brown Brick(EW) AC" HashKey="245050245024505024">
    <MapTiles>
      <MapTile TileID="1167" AltIDMod="0" />
    </MapTiles>
    <StaticTiles />
  </TransInfo>
  <TransInfo Description="Beach to Brown Brick(EW) AC" HashKey="505024245024502450">
    <MapTiles>
      <MapTile TileID="1167" AltIDMod="0" />
    </MapTiles>
    <StaticTiles />
  </TransInfo>
  <TransInfo Description="Beach to Brown Brick(EW) SWA" HashKey="502450505050505024">
    <MapTiles>
      <MapTile TileID="1184" AltIDMod="0" />
    </MapTiles>
    <StaticTiles />
  </TransInfo>
  <TransInfo Description="Beach to Brown Brick(EW) AC" HashKey="502450245024505024">
    <MapTiles>
      <MapTile TileID="1167" AltIDMod="0" />
    </MapTiles>
    <StaticTiles />
  </TransInfo>
  <TransInfo Description="Beach to Brown Brick(EW) AC" HashKey="245024245024502450">
    <MapTiles>
      <MapTile TileID="1167" AltIDMod="0" />
    </MapTiles>
    <StaticTiles />
  </TransInfo>
  <TransInfo Description="Beach to Brown Brick(EW) AC" HashKey="505024245024245050">
    <MapTiles>
      <MapTile TileID="1167" AltIDMod="0" />
    </MapTiles>
    <StaticTiles />
  </TransInfo>
  <TransInfo Description="Beach to Brown Brick(EW) AC" HashKey="502424245024502450">
    <MapTiles>
      <MapTile TileID="1167" AltIDMod="0" />
    </MapTiles>
    <StaticTiles />
  </TransInfo>
  <TransInfo Description="Beach to Brown Brick(EW) AC" HashKey="502424505050502450">
    <MapTiles>
      <MapTile TileID="1167" AltIDMod="0" />
    </MapTiles>
    <StaticTiles />
  </TransInfo>
  <TransInfo Description="Beach to Brown Brick(EW) NWA" HashKey="505050505024245050">
    <MapTiles>
      <MapTile TileID="1307" AltIDMod="0" />
    </MapTiles>
    <StaticTiles />
  </TransInfo>
  <TransInfo Description="Beach to Brown Brick(EW) EW" HashKey="505050245050505050">
    <MapTiles>
      <MapTile TileID="1181" AltIDMod="0" />
    </MapTiles>
    <StaticTiles />
  </TransInfo>
  <TransInfo Description="Beach to Brown Brick(EW) WE" HashKey="505024505024505024">
    <MapTiles>
      <MapTile TileID="1179" AltIDMod="0" />
    </MapTiles>
    <StaticTiles />
  </TransInfo>
  <TransInfo Description="Beach to Brown Brick(EW) NWA" HashKey="505050505024242450">
    <MapTiles>
      <MapTile TileID="1307" AltIDMod="0" />
    </MapTiles>
    <StaticTiles />
  </TransInfo>
  <TransInfo Description="Beach to Brown Brick(EW) NEA" HashKey="505050245050505024">
    <MapTiles>
      <MapTile TileID="1186" AltIDMod="0" />
    </MapTiles>
    <StaticTiles />
  </TransInfo>
  <TransInfo Description="Beach to Brown Brick(EW) AC" HashKey="245024505024502424">
    <MapTiles>
      <MapTile TileID="1167" AltIDMod="0" />
    </MapTiles>
    <StaticTiles />
  </TransInfo>
  <TransInfo Description="Beach to Brown Brick(EW) SEA" HashKey="245024245050245050">
    <MapTiles>
      <MapTile TileID="1308" AltIDMod="0" />
    </MapTiles>
    <StaticTiles />
  </TransInfo>
  <TransInfo Description="Beach to Brown Brick(EW) AC" HashKey="245024505024245050">
    <MapTiles>
      <MapTile TileID="1167" AltIDMod="0" />
    </MapTiles>
    <StaticTiles />
  </TransInfo>
  <TransInfo Description="Beach to Brown Brick(EW) AC" HashKey="242450505050245024">
    <MapTiles>
      <MapTile TileID="1167" AltIDMod="0" />
    </MapTiles>
    <StaticTiles />
  </TransInfo>
  <TransInfo Description="Beach to Brown Brick(EW) AC" HashKey="245050245024242450">
    <MapTiles>
      <MapTile TileID="1167" AltIDMod="0" />
    </MapTiles>
    <StaticTiles />
  </TransInfo>
  <TransInfo Description="Beach to Brown Brick(EW) SWB" HashKey="505050505050245050">
    <MapTiles>
      <MapTile TileID="1177" AltIDMod="0" />
    </MapTiles>
    <StaticTiles />
  </TransInfo>
  <TransInfo Description="Beach to Brown Brick(EW) AC" HashKey="242424245050502424">
    <MapTiles>
      <MapTile TileID="1167" AltIDMod="0" />
    </MapTiles>
    <StaticTiles />
  </TransInfo>
  <TransInfo Description="Beach to Brown Brick(EW) AC" HashKey="505050245024502424">
    <MapTiles>
      <MapTile TileID="1167" AltIDMod="0" />
    </MapTiles>
    <StaticTiles />
  </TransInfo>
  <TransInfo Description="Beach to Brown Brick(EW) NS" HashKey="505050505050502424">
    <MapTiles>
      <MapTile TileID="1182" AltIDMod="0" />
    </MapTiles>
    <StaticTiles />
  </TransInfo>
  <TransInfo Description="Beach to Brown Brick(EW) AC" HashKey="245024245024242450">
    <MapTiles>
      <MapTile TileID="1167" AltIDMod="0" />
    </MapTiles>
    <StaticTiles />
  </TransInfo>
  <TransInfo Description="Beach to Brown Brick(EW) AC" HashKey="245024505050242450">
    <MapTiles>
      <MapTile TileID="1167" AltIDMod="0" />
    </MapTiles>
    <StaticTiles />
  </TransInfo>
  <TransInfo Description="Beach to Brown Brick(EW) AC" HashKey="502450245024245050">
    <MapTiles>
      <MapTile TileID="1167" AltIDMod="0" />
    </MapTiles>
    <StaticTiles />
  </TransInfo>
  <TransInfo Description="Beach to Brown Brick(EW) AC" HashKey="502424505050242450">
    <MapTiles>
      <MapTile TileID="1167" AltIDMod="0" />
    </MapTiles>
    <StaticTiles />
  </TransInfo>
  <TransInfo Description="Beach to Brown Brick(EW) NEA" HashKey="505050245050502450">
    <MapTiles>
      <MapTile TileID="1186" AltIDMod="0" />
    </MapTiles>
    <StaticTiles />
  </TransInfo>
  <TransInfo Description="Beach to Brown Brick(EW) NWA" HashKey="505050505024502450">
    <MapTiles>
      <MapTile TileID="1307" AltIDMod="0" />
    </MapTiles>
    <StaticTiles />
  </TransInfo>
  <TransInfo Description="Beach to Brown Brick(EW) SWA" HashKey="502450505024505024">
    <MapTiles>
      <MapTile TileID="1184" AltIDMod="0" />
    </MapTiles>
    <StaticTiles />
  </TransInfo>
  <TransInfo Description="Beach to Brown Brick(EW) AC" HashKey="505050245024245024">
    <MapTiles>
      <MapTile TileID="1167" AltIDMod="0" />
    </MapTiles>
    <StaticTiles />
  </TransInfo>
  <TransInfo Description="Beach to Brown Brick(EW) AC" HashKey="502450505050242450">
    <MapTiles>
      <MapTile TileID="1167" AltIDMod="0" />
    </MapTiles>
    <StaticTiles />
  </TransInfo>
  <TransInfo Description="Beach to Brown Brick(EW) SEA" HashKey="245024505050245050">
    <MapTiles>
      <MapTile TileID="1308" AltIDMod="0" />
    </MapTiles>
    <StaticTiles />
  </TransInfo>
  <TransInfo Description="Beach to Brown Brick(EW) AC" HashKey="502424245024242450">
    <MapTiles>
      <MapTile TileID="1167" AltIDMod="0" />
    </MapTiles>
    <StaticTiles />
  </TransInfo>
  <TransInfo Description="Beach to Brown Brick(EW) AC" HashKey="245024245024502424">
    <MapTiles>
      <MapTile TileID="1167" AltIDMod="0" />
    </MapTiles>
    <StaticTiles />
  </TransInfo>
  <TransInfo Description="Beach to Brown Brick(EW) AC" HashKey="505050245024242424">
    <MapTiles>
      <MapTile TileID="1167" AltIDMod="0" />
    </MapTiles>
    <StaticTiles />
  </TransInfo>
  <TransInfo Description="Beach to Brown Brick(EW) AC" HashKey="502424245024245050">
    <MapTiles>
      <MapTile TileID="1167" AltIDMod="0" />
    </MapTiles>
    <StaticTiles />
  </TransInfo>
  <TransInfo Description="Beach to Brown Brick(EW) SEA" HashKey="502424505050245050">
    <MapTiles>
      <MapTile TileID="1308" AltIDMod="0" />
    </MapTiles>
    <StaticTiles />
  </TransInfo>
  <TransInfo Description="Beach to Brown Brick(EW) AC" HashKey="502424245024502424">
    <MapTiles>
      <MapTile TileID="1167" AltIDMod="0" />
    </MapTiles>
    <StaticTiles />
  </TransInfo>
  <TransInfo Description="Beach to Brown Brick(EW) AC" HashKey="502424505050502424">
    <MapTiles>
      <MapTile TileID="1167" AltIDMod="0" />
    </MapTiles>
    <StaticTiles />
  </TransInfo>
  <TransInfo Description="Beach to Brown Brick(EW) NWA" HashKey="505024505024242424">
    <MapTiles>
      <MapTile TileID="1307" AltIDMod="0" />
    </MapTiles>
    <StaticTiles />
  </TransInfo>
  <TransInfo Description="Beach to Brown Brick(EW) AC" HashKey="505024245050242424">
    <MapTiles>
      <MapTile TileID="1167" AltIDMod="0" />
    </MapTiles>
    <StaticTiles />
  </TransInfo>
  <TransInfo Description="Beach to Brown Brick(EW) AC" HashKey="242424245050242450">
    <MapTiles>
      <MapTile TileID="1167" AltIDMod="0" />
    </MapTiles>
    <StaticTiles />
  </TransInfo>
  <TransInfo Description="Beach to Brown Brick(EW) NEA" HashKey="505050245050242424">
    <MapTiles>
      <MapTile TileID="1186" AltIDMod="0" />
    </MapTiles>
    <StaticTiles />
  </TransInfo>
  <TransInfo Description="Beach to Brown Brick(EW) NWA" HashKey="505050505024242424">
    <MapTiles>
      <MapTile TileID="1307" AltIDMod="0" />
    </MapTiles>
    <StaticTiles />
  </TransInfo>
  <TransInfo Description="Beach to Brown Brick(EW) AC" HashKey="245024245050502450">
    <MapTiles>
      <MapTile TileID="1167" AltIDMod="0" />
    </MapTiles>
    <StaticTiles />
  </TransInfo>
  <TransInfo Description="Beach to Brown Brick(EW) AC" HashKey="502450245050242424">
    <MapTiles>
      <MapTile TileID="1167" AltIDMod="0" />
    </MapTiles>
    <StaticTiles />
  </TransInfo>
  <TransInfo Description="Beach to Brown Brick(EW) AC" HashKey="505024245024242424">
    <MapTiles>
      <MapTile TileID="1167" AltIDMod="0" />
    </MapTiles>
    <StaticTiles />
  </TransInfo>
  <TransInfo Description="Beach to Brown Brick(EW) AC" HashKey="245024245050502424">
    <MapTiles>
      <MapTile TileID="1167" AltIDMod="0" />
    </MapTiles>
    <StaticTiles />
  </TransInfo>
  <TransInfo Description="Beach to Brown Brick(EW) AC" HashKey="242424505024502450">
    <MapTiles>
      <MapTile TileID="1167" AltIDMod="0" />
    </MapTiles>
    <StaticTiles />
  </TransInfo>
  <TransInfo Description="Beach to Brown Brick(EW) NS" HashKey="505050505050245024">
    <MapTiles>
      <MapTile TileID="1182" AltIDMod="0" />
    </MapTiles>
    <StaticTiles />
  </TransInfo>
  <TransInfo Description="Beach to Brown Brick(EW) NWA" HashKey="505024505024502450">
    <MapTiles>
      <MapTile TileID="1307" AltIDMod="0" />
    </MapTiles>
    <StaticTiles />
  </TransInfo>
  <TransInfo Description="Beach to Brown Brick(EW) AC" HashKey="505024245050502450">
    <MapTiles>
      <MapTile TileID="1167" AltIDMod="0" />
    </MapTiles>
    <StaticTiles />
  </TransInfo>
  <TransInfo Description="Beach to Brown Brick(EW) SEA" HashKey="245024245050505050">
    <MapTiles>
      <MapTile TileID="1308" AltIDMod="0" />
    </MapTiles>
    <StaticTiles />
  </TransInfo>
  <TransInfo Description="Beach to Brown Brick(EW) SWA" HashKey="245024505024505050">
    <MapTiles>
      <MapTile TileID="1184" AltIDMod="0" />
    </MapTiles>
    <StaticTiles />
  </TransInfo>
  <TransInfo Description="Beach to Brown Brick(EW) AC" HashKey="245024245050242424">
    <MapTiles>
      <MapTile TileID="1167" AltIDMod="0" />
    </MapTiles>
    <StaticTiles />
  </TransInfo>
  <TransInfo Description="Beach to Brown Brick(EW) AC" HashKey="245024505024242424">
    <MapTiles>
      <MapTile TileID="1167" AltIDMod="0" />
    </MapTiles>
    <StaticTiles />
  </TransInfo>
  <TransInfo Description="Beach to Brown Brick(EW) AC" HashKey="242424505050502424">
    <MapTiles>
      <MapTile TileID="1167" AltIDMod="0" />
    </MapTiles>
    <StaticTiles />
  </TransInfo>
  <TransInfo Description="Beach to Brown Brick(EW) AC" HashKey="502424505024242424">
    <MapTiles>
      <MapTile TileID="1167" AltIDMod="0" />
    </MapTiles>
    <StaticTiles />
  </TransInfo>
  <TransInfo Description="Beach to Brown Brick(EW) SEA" HashKey="242424505050245050">
    <MapTiles>
      <MapTile TileID="1308" AltIDMod="0" />
    </MapTiles>
    <StaticTiles />
  </TransInfo>
  <TransInfo Description="Beach to Brown Brick(EW) AC" HashKey="242424245024245050">
    <MapTiles>
      <MapTile TileID="1167" AltIDMod="0" />
    </MapTiles>
    <StaticTiles />
  </TransInfo>
  <TransInfo Description="Beach to Brown Brick(EW) AC" HashKey="502424505024245024">
    <MapTiles>
      <MapTile TileID="1167" AltIDMod="0" />
    </MapTiles>
    <StaticTiles />
  </TransInfo>
  <TransInfo Description="Beach to Brown Brick(EW) AC" HashKey="245024505024502450">
    <MapTiles>
      <MapTile TileID="1167" AltIDMod="0" />
    </MapTiles>
    <StaticTiles />
  </TransInfo>
  <TransInfo Description="Beach to Brown Brick(EW) AC" HashKey="245024245024245024">
    <MapTiles>
      <MapTile TileID="1167" AltIDMod="0" />
    </MapTiles>
    <StaticTiles />
  </TransInfo>
  <TransInfo Description="Beach to Brown Brick(EW) AC" HashKey="245024505050245024">
    <MapTiles>
      <MapTile TileID="1167" AltIDMod="0" />
    </MapTiles>
    <StaticTiles />
  </TransInfo>
  <TransInfo Description="Beach to Brown Brick(EW) AC" HashKey="502424245024245024">
    <MapTiles>
      <MapTile TileID="1167" AltIDMod="0" />
    </MapTiles>
    <StaticTiles />
  </TransInfo>
  <TransInfo Description="Beach to Brown Brick(EW) AC" HashKey="502424505050245024">
    <MapTiles>
      <MapTile TileID="1167" AltIDMod="0" />
    </MapTiles>
    <StaticTiles />
  </TransInfo>
  <TransInfo Description="Beach to Brown Brick(EW) AC" HashKey="502424245050505024">
    <MapTiles>
      <MapTile TileID="1167" AltIDMod="0" />
    </MapTiles>
    <StaticTiles />
  </TransInfo>
  <TransInfo Description="Beach to Brown Brick(EW) NWA" HashKey="505024505024242450">
    <MapTiles>
      <MapTile TileID="1307" AltIDMod="0" />
    </MapTiles>
    <StaticTiles />
  </TransInfo>
  <TransInfo Description="Beach to Brown Brick(EW) WE" HashKey="505050505024505024">
    <MapTiles>
      <MapTile TileID="1179" AltIDMod="0" />
    </MapTiles>
    <StaticTiles />
  </TransInfo>
  <TransInfo Description="Beach to Brown Brick(EW) AC" HashKey="505024245050505024">
    <MapTiles>
      <MapTile TileID="1167" AltIDMod="0" />
    </MapTiles>
    <StaticTiles />
  </TransInfo>
  <TransInfo Description="Beach to Brown Brick(EW) SEA" HashKey="505024245050505050">
    <MapTiles>
      <MapTile TileID="1308" AltIDMod="0" />
    </MapTiles>
    <StaticTiles />
  </TransInfo>
  <TransInfo Description="Beach to Brown Brick(EW) AC" HashKey="502450245050242450">
    <MapTiles>
      <MapTile TileID="1167" AltIDMod="0" />
    </MapTiles>
    <StaticTiles />
  </TransInfo>
  <TransInfo Description="Beach to Brown Brick(EW) AC" HashKey="242424245050502450">
    <MapTiles>
      <MapTile TileID="1167" AltIDMod="0" />
    </MapTiles>
    <StaticTiles />
  </TransInfo>
  <TransInfo Description="Beach to Brown Brick(EW) AC" HashKey="242424505024502424">
    <MapTiles>
      <MapTile TileID="1167" AltIDMod="0" />
    </MapTiles>
    <StaticTiles />
  </TransInfo>
  <TransInfo Description="Beach to Brown Brick(EW) AC" HashKey="505050245024245050">
    <MapTiles>
      <MapTile TileID="1167" AltIDMod="0" />
    </MapTiles>
    <StaticTiles />
  </TransInfo>
  <TransInfo Description="Beach to Brown Brick(EW) SEA" HashKey="242424245050245050">
    <MapTiles>
      <MapTile TileID="1308" AltIDMod="0" />
    </MapTiles>
    <StaticTiles />
  </TransInfo>
  <TransInfo Description="Beach to Brown Brick(EW) AC" HashKey="502424245050245024">
    <MapTiles>
      <MapTile TileID="1167" AltIDMod="0" />
    </MapTiles>
    <StaticTiles />
  </TransInfo>
  <TransInfo Description="Beach to Brown Brick(EW) SWA" HashKey="242424505024505024">
    <MapTiles>
      <MapTile TileID="1184" AltIDMod="0" />
    </MapTiles>
    <StaticTiles />
  </TransInfo>
  <TransInfo Description="Beach to Brown Brick(EW) NWA" HashKey="505024505024245050">
    <MapTiles>
      <MapTile TileID="1307" AltIDMod="0" />
    </MapTiles>
    <StaticTiles />
  </TransInfo>
  <TransInfo Description="Beach to Brown Brick(EW) SEA" HashKey="505024245050245050">
    <MapTiles>
      <MapTile TileID="1308" AltIDMod="0" />
    </MapTiles>
    <StaticTiles />
  </TransInfo>
  <TransInfo Description="Beach to Brown Brick(EW) NWA" HashKey="505024505024502424">
    <MapTiles>
      <MapTile TileID="1307" AltIDMod="0" />
    </MapTiles>
    <StaticTiles />
  </TransInfo>
  <TransInfo Description="Beach to Brown Brick(EW) AC" HashKey="505024245050502424">
    <MapTiles>
      <MapTile TileID="1167" AltIDMod="0" />
    </MapTiles>
    <StaticTiles />
  </TransInfo>
  <TransInfo Description="Beach to Brown Brick(EW) AC" HashKey="245024245050505024">
    <MapTiles>
      <MapTile TileID="1167" AltIDMod="0" />
    </MapTiles>
    <StaticTiles />
  </TransInfo>
  <TransInfo Description="Beach to Brown Brick(EW) SWA" HashKey="245024505024505024">
    <MapTiles>
      <MapTile TileID="1184" AltIDMod="0" />
    </MapTiles>
    <StaticTiles />
  </TransInfo>
  <TransInfo Description="Beach to Brown Brick(EW) AC" HashKey="242450245024502424">
    <MapTiles>
      <MapTile TileID="1167" AltIDMod="0" />
    </MapTiles>
    <StaticTiles />
  </TransInfo>
  <TransInfo Description="Beach to Brown Brick(EW) AC" HashKey="242424505050502450">
    <MapTiles>
      <MapTile TileID="1167" AltIDMod="0" />
    </MapTiles>
    <StaticTiles />
  </TransInfo>
  <TransInfo Description="Beach to Brown Brick(EW) AC" HashKey="505050245024505024">
    <MapTiles>
      <MapTile TileID="1167" AltIDMod="0" />
    </MapTiles>
    <StaticTiles />
  </TransInfo>
  <TransInfo Description="Beach to Brown Brick(EW) AC" HashKey="242424245050245024">
    <MapTiles>
      <MapTile TileID="1167" AltIDMod="0" />
    </MapTiles>
    <StaticTiles />
  </TransInfo>
  <TransInfo Description="Beach to Brown Brick(EW) NEA" HashKey="505050245050242450">
    <MapTiles>
      <MapTile TileID="1186" AltIDMod="0" />
    </MapTiles>
    <StaticTiles />
  </TransInfo>
  <TransInfo Description="Beach to Brown Brick(EW) AC" HashKey="242450505050242450">
    <MapTiles>
      <MapTile TileID="1167" AltIDMod="0" />
    </MapTiles>
    <StaticTiles />
  </TransInfo>
  <TransInfo Description="Beach to Brown Brick(EW) AC" HashKey="242424245024245024">
    <MapTiles>
      <MapTile TileID="1167" AltIDMod="0" />
    </MapTiles>
    <StaticTiles />
  </TransInfo>
  <TransInfo Description="Beach to Brown Brick(EW) SEA" HashKey="502424245050505050">
    <MapTiles>
      <MapTile TileID="1308" AltIDMod="0" />
    </MapTiles>
    <StaticTiles />
  </TransInfo>
  <TransInfo Description="Beach to Brown Brick(EW) AC" HashKey="242450245024505024">
    <MapTiles>
      <MapTile TileID="1167" AltIDMod="0" />
    </MapTiles>
    <StaticTiles />
  </TransInfo>
  <TransInfo Description="Beach to Brown Brick(EW) SWA" HashKey="242450505050505024">
    <MapTiles>
      <MapTile TileID="1184" AltIDMod="0" />
    </MapTiles>
    <StaticTiles />
  </TransInfo>
  <TransInfo Description="Beach to Brown Brick(EW) AC" HashKey="245024245050242450">
    <MapTiles>
      <MapTile TileID="1167" AltIDMod="0" />
    </MapTiles>
    <StaticTiles />
  </TransInfo>
  <TransInfo Description="Beach to Brown Brick(EW) AC" HashKey="242424505050242450">
    <MapTiles>
      <MapTile TileID="1167" AltIDMod="0" />
    </MapTiles>
    <StaticTiles />
  </TransInfo>
  <TransInfo Description="Beach to Brown Brick(EW) AC" HashKey="242424245050505024">
    <MapTiles>
      <MapTile TileID="1167" AltIDMod="0" />
    </MapTiles>
    <StaticTiles />
  </TransInfo>
  <TransInfo Description="Beach to Brown Brick(EW) AC" HashKey="502450245024242450">
    <MapTiles>
      <MapTile TileID="1167" AltIDMod="0" />
    </MapTiles>
    <StaticTiles />
  </TransInfo>
  <TransInfo Description="Beach to Brown Brick(EW) SN" HashKey="242424505050505050">
    <MapTiles>
      <MapTile TileID="1180" AltIDMod="0" />
    </MapTiles>
    <StaticTiles />
  </TransInfo>
  <TransInfo Description="Beach to Brown Brick(EW) AC" HashKey="242424245024505050">
    <MapTiles>
      <MapTile TileID="1167" AltIDMod="0" />
    </MapTiles>
    <StaticTiles />
  </TransInfo>
  <TransInfo Description="Beach to Brown Brick(EW) AC" HashKey="242424505050242424">
    <MapTiles>
      <MapTile TileID="1167" AltIDMod="0" />
    </MapTiles>
    <StaticTiles />
  </TransInfo>
  <TransInfo Description="Beach to Brown Brick(EW) AC" HashKey="242424245024242424">
    <MapTiles>
      <MapTile TileID="1167" AltIDMod="0" />
    </MapTiles>
    <StaticTiles />
  </TransInfo>
  <TransInfo Description="Beach to Brown Brick(EW) AC" HashKey="245024505050502450">
    <MapTiles>
      <MapTile TileID="1167" AltIDMod="0" />
    </MapTiles>
    <StaticTiles />
  </TransInfo>
  <TransInfo Description="Beach to Brown Brick(EW) WE" HashKey="505050505024505050">
    <MapTiles>
      <MapTile TileID="1179" AltIDMod="0" />
    </MapTiles>
    <StaticTiles />
  </TransInfo>
  <TransInfo Description="Beach to Brown Brick(EW) AC" HashKey="242450245050242450">
    <MapTiles>
      <MapTile TileID="1167" AltIDMod="0" />
    </MapTiles>
    <StaticTiles />
  </TransInfo>
  <TransInfo Description="Beach to Brown Brick(EW) AC" HashKey="502424245050502424">
    <MapTiles>
      <MapTile TileID="1167" AltIDMod="0" />
    </MapTiles>
    <StaticTiles />
  </TransInfo>
  <TransInfo Description="Beach to Brown Brick(EW) AC" HashKey="502424505024502424">
    <MapTiles>
      <MapTile TileID="1167" AltIDMod="0" />
    </MapTiles>
    <StaticTiles />
  </TransInfo>
  <TransInfo Description="Beach to Brown Brick(EW) SEA" HashKey="502424245050245050">
    <MapTiles>
      <MapTile TileID="1308" AltIDMod="0" />
    </MapTiles>
    <StaticTiles />
  </TransInfo>
  <TransInfo Description="Beach to Brown Brick(EW) AC" HashKey="502424505024245050">
    <MapTiles>
      <MapTile TileID="1167" AltIDMod="0" />
    </MapTiles>
    <StaticTiles />
  </TransInfo>
  <TransInfo Description="Beach to Brown Brick(EW) NWA" HashKey="505024505024245024">
    <MapTiles>
      <MapTile TileID="1307" AltIDMod="0" />
    </MapTiles>
    <StaticTiles />
  </TransInfo>
  <TransInfo Description="Beach to Brown Brick(EW) AC" HashKey="505024245050245024">
    <MapTiles>
      <MapTile TileID="1167" AltIDMod="0" />
    </MapTiles>
    <StaticTiles />
  </TransInfo>
  <TransInfo Description="Beach to Brown Brick(EW) AC" HashKey="242450245050245024">
    <MapTiles>
      <MapTile TileID="1167" AltIDMod="0" />
    </MapTiles>
    <StaticTiles />
  </TransInfo>
  <TransInfo Description="Beach to Brown Brick(EW) AC" HashKey="242450505024245024">
    <MapTiles>
      <MapTile TileID="1167" AltIDMod="0" />
    </MapTiles>
    <StaticTiles />
  </TransInfo>
</Trans>