﻿<?xml version="1.0" encoding="utf-8"?>
<Trans>
    <TransInfo Description="Rock to Grass" HashKey="010101121212121212">
    <MapTiles>
      <MapTile TileID="569" AltIDMod="0" />
    </MapTiles>
    <StaticTiles />
  </TransInfo>
  <TransInfo Description="Rock to Grass" HashKey="120101121212121212">
    <MapTiles>
      <MapTile TileID="569" AltIDMod="0" />
    </MapTiles>
    <StaticTiles />
  </TransInfo>
  <TransInfo Description="Rock to Grass" HashKey="010112121212121212">
    <MapTiles>
      <MapTile TileID="569" AltIDMod="0" />
    </MapTiles>
    <StaticTiles />
  </TransInfo>
  <TransInfo Description="Rock to Grass" HashKey="120112121212121212">
    <MapTiles>
      <MapTile TileID="569" AltIDMod="0" />
    </MapTiles>
    <StaticTiles />
  </TransInfo>
  <TransInfo Description="Rock to Grass" HashKey="011201121212121212">
    <MapTiles>
      <MapTile TileID="569" AltIDMod="0" />
    </MapTiles>
    <StaticTiles />
  </TransInfo>
  <TransInfo Description="Rock to Grass" HashKey="011212011212011212">
    <MapTiles>
      <MapTile TileID="572" AltIDMod="0" />
    </MapTiles>
    <StaticTiles />
  </TransInfo>
  <TransInfo Description="Rock to Grass" HashKey="011212011212121212">
    <MapTiles>
      <MapTile TileID="572" AltIDMod="0" />
    </MapTiles>
    <StaticTiles />
  </TransInfo>
  <TransInfo Description="Rock to Grass" HashKey="121212011212011212">
    <MapTiles>
      <MapTile TileID="572" AltIDMod="0" />
    </MapTiles>
    <StaticTiles />
  </TransInfo>
  <TransInfo Description="Rock to Grass" HashKey="121212011212121212">
    <MapTiles>
      <MapTile TileID="572" AltIDMod="0" />
    </MapTiles>
    <StaticTiles />
  </TransInfo>
  <TransInfo Description="Rock to Grass" HashKey="011212121212011212">
    <MapTiles>
      <MapTile TileID="572" AltIDMod="0" />
    </MapTiles>
    <StaticTiles />
  </TransInfo>
  <TransInfo Description="Rock to Grass" HashKey="121201121201121201">
    <MapTiles>
      <MapTile TileID="570" AltIDMod="0" />
    </MapTiles>
    <StaticTiles />
  </TransInfo>
  <TransInfo Description="Rock to Grass" HashKey="121212121201121201">
    <MapTiles>
      <MapTile TileID="570" AltIDMod="0" />
    </MapTiles>
    <StaticTiles />
  </TransInfo>
  <TransInfo Description="Rock to Grass" HashKey="121201121201121212">
    <MapTiles>
      <MapTile TileID="570" AltIDMod="0" />
    </MapTiles>
    <StaticTiles />
  </TransInfo>
  <TransInfo Description="Rock to Grass" HashKey="121212121201121212">
    <MapTiles>
      <MapTile TileID="570" AltIDMod="0" />
    </MapTiles>
    <StaticTiles />
  </TransInfo>
  <TransInfo Description="Rock to Grass" HashKey="121201121212121201">
    <MapTiles>
      <MapTile TileID="570" AltIDMod="0" />
    </MapTiles>
    <StaticTiles />
  </TransInfo>
  <TransInfo Description="Rock to Grass" HashKey="121212121212010101">
    <MapTiles>
      <MapTile TileID="571" AltIDMod="0" />
    </MapTiles>
    <StaticTiles />
  </TransInfo>
  <TransInfo Description="Rock to Grass" HashKey="121212121212010112">
    <MapTiles>
      <MapTile TileID="571" AltIDMod="0" />
    </MapTiles>
    <StaticTiles />
  </TransInfo>
  <TransInfo Description="Rock to Grass" HashKey="121212121212120101">
    <MapTiles>
      <MapTile TileID="571" AltIDMod="0" />
    </MapTiles>
    <StaticTiles />
  </TransInfo>
  <TransInfo Description="Rock to Grass" HashKey="121212121212120112">
    <MapTiles>
      <MapTile TileID="571" AltIDMod="0" />
    </MapTiles>
    <StaticTiles />
  </TransInfo>
  <TransInfo Description="Rock to Grass" HashKey="121212121212011201">
    <MapTiles>
      <MapTile TileID="571" AltIDMod="0" />
    </MapTiles>
    <StaticTiles />
  </TransInfo>
  <TransInfo Description="Rock to Grass" HashKey="121201121201010101">
    <MapTiles>
      <MapTile TileID="563" AltIDMod="0" />    </MapTiles>
    <StaticTiles />
  </TransInfo>
  <TransInfo Description="Rock to Grass" HashKey="121212121201010101">
    <MapTiles>
      <MapTile TileID="563" AltIDMod="0" />    </MapTiles>
    <StaticTiles />
  </TransInfo>
  <TransInfo Description="Rock to Grass" HashKey="121201121201120101">
    <MapTiles>
      <MapTile TileID="563" AltIDMod="0" />    </MapTiles>
    <StaticTiles />
  </TransInfo>
  <TransInfo Description="Rock to Grass" HashKey="121212121201120101">
    <MapTiles>
      <MapTile TileID="563" AltIDMod="0" />    </MapTiles>
    <StaticTiles />
  </TransInfo>
  <TransInfo Description="Rock to Grass" HashKey="121212121201120112">
    <MapTiles>
      <MapTile TileID="563" AltIDMod="0" />    </MapTiles>
    <StaticTiles />
  </TransInfo>
  <TransInfo Description="Rock to Grass" HashKey="121201121212120101">
    <MapTiles>
      <MapTile TileID="563" AltIDMod="0" />    </MapTiles>
    <StaticTiles />
  </TransInfo>
  <TransInfo Description="Rock to Grass" HashKey="121201121212010101">
    <MapTiles>
      <MapTile TileID="563" AltIDMod="0" />    </MapTiles>
    <StaticTiles />
  </TransInfo>
  <TransInfo Description="Rock to Grass" HashKey="121201121212010112">
    <MapTiles>
      <MapTile TileID="563" AltIDMod="0" />    </MapTiles>
    <StaticTiles />
  </TransInfo>
  <TransInfo Description="Rock to Grass" HashKey="121212121201011201">
    <MapTiles>
      <MapTile TileID="563" AltIDMod="0" />    </MapTiles>
    <StaticTiles />
  </TransInfo>
  <TransInfo Description="Rock to Grass" HashKey="121201121201011201">
    <MapTiles>
      <MapTile TileID="563" AltIDMod="0" />    </MapTiles>
    <StaticTiles />
  </TransInfo>
  <TransInfo Description="Rock to Grass" HashKey="121201121201010112">
    <MapTiles>
      <MapTile TileID="563" AltIDMod="0" />    </MapTiles>
    <StaticTiles />
  </TransInfo>
  <TransInfo Description="Rock to Grass" HashKey="121201121201011212">
    <MapTiles>
      <MapTile TileID="563" AltIDMod="0" />    </MapTiles>
    <StaticTiles />
  </TransInfo>
  <TransInfo Description="Rock to Grass" HashKey="121201121212120112">
    <MapTiles>
      <MapTile TileID="563" AltIDMod="0" />    </MapTiles>
    <StaticTiles />
  </TransInfo>
  <TransInfo Description="Rock to Grass" HashKey="121212121201011212">
    <MapTiles>
      <MapTile TileID="563" AltIDMod="0" />    </MapTiles>
    <StaticTiles />
  </TransInfo>
  <TransInfo Description="Rock to Grass" HashKey="121201121201120112">
    <MapTiles>
      <MapTile TileID="563" AltIDMod="0" />    </MapTiles>
    <StaticTiles />
  </TransInfo>
  <TransInfo Description="Rock to Grass" HashKey="121201121212011201">
    <MapTiles>
      <MapTile TileID="563" AltIDMod="0" />    </MapTiles>
    <StaticTiles />
  </TransInfo>
  <TransInfo Description="Rock to Grass" HashKey="121212121201010112">
    <MapTiles>
      <MapTile TileID="563" AltIDMod="0" />    </MapTiles>
    <StaticTiles />
  </TransInfo>
  <TransInfo Description="Rock to Grass" HashKey="010101011212011212">
    <MapTiles>
      <MapTile TileID="561" AltIDMod="0" />    </MapTiles>
    <StaticTiles />
  </TransInfo>
  <TransInfo Description="Rock to Grass" HashKey="010112011212011212">
    <MapTiles>
      <MapTile TileID="561" AltIDMod="0" />    </MapTiles>
    <StaticTiles />
  </TransInfo>
  <TransInfo Description="Rock to Grass" HashKey="010101011212121212">
    <MapTiles>
      <MapTile TileID="561" AltIDMod="0" />    </MapTiles>
    <StaticTiles />
  </TransInfo>
  <TransInfo Description="Rock to Grass" HashKey="010112011212121212">
    <MapTiles>
      <MapTile TileID="561" AltIDMod="0" />    </MapTiles>
    <StaticTiles />
  </TransInfo>
  <TransInfo Description="Rock to Grass" HashKey="011201011212121212">
    <MapTiles>
      <MapTile TileID="561" AltIDMod="0" />    </MapTiles>
    <StaticTiles />
  </TransInfo>
  <TransInfo Description="Rock to Grass" HashKey="010112121212011212">
    <MapTiles>
      <MapTile TileID="561" AltIDMod="0" />    </MapTiles>
    <StaticTiles />
  </TransInfo>
  <TransInfo Description="Rock to Grass" HashKey="120101121212011212">
    <MapTiles>
      <MapTile TileID="561" AltIDMod="0" />    </MapTiles>
    <StaticTiles />
  </TransInfo>
  <TransInfo Description="Rock to Grass" HashKey="011201121212011212">
    <MapTiles>
      <MapTile TileID="561" AltIDMod="0" />    </MapTiles>
    <StaticTiles />
  </TransInfo>
  <TransInfo Description="Rock to Grass" HashKey="010101121212011212">
    <MapTiles>
      <MapTile TileID="561" AltIDMod="0" />    </MapTiles>
    <StaticTiles />
  </TransInfo>
  <TransInfo Description="Rock to Grass" HashKey="120112011212121212">
    <MapTiles>
      <MapTile TileID="561" AltIDMod="0" />    </MapTiles>
    <StaticTiles />
  </TransInfo>
  <TransInfo Description="Rock to Grass" HashKey="011201011212011212">
    <MapTiles>
      <MapTile TileID="561" AltIDMod="0" />    </MapTiles>
    <StaticTiles />
  </TransInfo>
  <TransInfo Description="Rock to Grass" HashKey="121201011212011212">
    <MapTiles>
      <MapTile TileID="561" AltIDMod="0" />    </MapTiles>
    <StaticTiles />
  </TransInfo>
  <TransInfo Description="Rock to Grass" HashKey="120101011212011212">
    <MapTiles>
      <MapTile TileID="561" AltIDMod="0" />    </MapTiles>
    <StaticTiles />
  </TransInfo>
  <TransInfo Description="Rock to Grass" HashKey="121201011212121212">
    <MapTiles>
      <MapTile TileID="561" AltIDMod="0" />    </MapTiles>
    <StaticTiles />
  </TransInfo>
  <TransInfo Description="Rock to Grass" HashKey="120112011212011212">
    <MapTiles>
      <MapTile TileID="561" AltIDMod="0" />    </MapTiles>
    <StaticTiles />
  </TransInfo>
  <TransInfo Description="Rock to Grass" HashKey="120112121212011212">
    <MapTiles>
      <MapTile TileID="561" AltIDMod="0" />    </MapTiles>
    <StaticTiles />
  </TransInfo>
  <TransInfo Description="Rock to Grass" HashKey="120101011212121212">
    <MapTiles>
      <MapTile TileID="561" AltIDMod="0" />    </MapTiles>
    <StaticTiles />
  </TransInfo>
  <TransInfo Description="Rock to Grass" HashKey="011212011212010101">
    <MapTiles>
      <MapTile TileID="564" AltIDMod="0" />    </MapTiles>
    <StaticTiles />
  </TransInfo>
  <TransInfo Description="Rock to Grass" HashKey="121212011212010101">
    <MapTiles>
      <MapTile TileID="564" AltIDMod="0" />    </MapTiles>
    <StaticTiles />
  </TransInfo>
  <TransInfo Description="Rock to Grass" HashKey="011212011212010112">
    <MapTiles>
      <MapTile TileID="564" AltIDMod="0" />    </MapTiles>
    <StaticTiles />
  </TransInfo>
  <TransInfo Description="Rock to Grass" HashKey="121212011212010112">
    <MapTiles>
      <MapTile TileID="564" AltIDMod="0" />    </MapTiles>
    <StaticTiles />
  </TransInfo>
  <TransInfo Description="Rock to Grass" HashKey="121212011212120112">
    <MapTiles>
      <MapTile TileID="564" AltIDMod="0" />    </MapTiles>
    <StaticTiles />
  </TransInfo>
  <TransInfo Description="Rock to Grass" HashKey="011212011212121201">
    <MapTiles>
      <MapTile TileID="564" AltIDMod="0" />    </MapTiles>
    <StaticTiles />
  </TransInfo>
  <TransInfo Description="Rock to Grass" HashKey="011212121212010101">
    <MapTiles>
      <MapTile TileID="564" AltIDMod="0" />    </MapTiles>
    <StaticTiles />
  </TransInfo>
  <TransInfo Description="Rock to Grass" HashKey="011212121212010112">
    <MapTiles>
      <MapTile TileID="564" AltIDMod="0" />    </MapTiles>
    <StaticTiles />
  </TransInfo>
  <TransInfo Description="Rock to Grass" HashKey="011212121212120112">
    <MapTiles>
      <MapTile TileID="564" AltIDMod="0" />    </MapTiles>
    <StaticTiles />
  </TransInfo>
  <TransInfo Description="Rock to Grass" HashKey="121212011212011201">
    <MapTiles>
      <MapTile TileID="564" AltIDMod="0" />    </MapTiles>
    <StaticTiles />
  </TransInfo>
  <TransInfo Description="Rock to Grass" HashKey="011212011212011201">
    <MapTiles>
      <MapTile TileID="564" AltIDMod="0" />    </MapTiles>
    <StaticTiles />
  </TransInfo>
  <TransInfo Description="Rock to Grass" HashKey="011212121212120101">
    <MapTiles>
      <MapTile TileID="564" AltIDMod="0" />    </MapTiles>
    <StaticTiles />
  </TransInfo>
  <TransInfo Description="Rock to Grass" HashKey="011212011212120101">
    <MapTiles>
      <MapTile TileID="564" AltIDMod="0" />    </MapTiles>
    <StaticTiles />
  </TransInfo>
  <TransInfo Description="Rock to Grass" HashKey="121212011212120101">
    <MapTiles>
      <MapTile TileID="564" AltIDMod="0" />    </MapTiles>
    <StaticTiles />
  </TransInfo>
  <TransInfo Description="Rock to Grass" HashKey="121212011212121201">
    <MapTiles>
      <MapTile TileID="564" AltIDMod="0" />    </MapTiles>
    <StaticTiles />
  </TransInfo>
  <TransInfo Description="Rock to Grass" HashKey="011212121212011201">
    <MapTiles>
      <MapTile TileID="564" AltIDMod="0" />    </MapTiles>
    <StaticTiles />
  </TransInfo>
  <TransInfo Description="Rock to Grass" HashKey="011212011212120112">
    <MapTiles>
      <MapTile TileID="564" AltIDMod="0" />    </MapTiles>
    <StaticTiles />
  </TransInfo>
  <TransInfo Description="Rock to Grass" HashKey="010101121201121201">
    <MapTiles>
      <MapTile TileID="562" AltIDMod="0" />    </MapTiles>
    <StaticTiles />
  </TransInfo>
  <TransInfo Description="Rock to Grass" HashKey="010101121201121212">
    <MapTiles>
      <MapTile TileID="562" AltIDMod="0" />    </MapTiles>
    <StaticTiles />
  </TransInfo>
  <TransInfo Description="Rock to Grass" HashKey="120101121201121201">
    <MapTiles>
      <MapTile TileID="562" AltIDMod="0" />    </MapTiles>
    <StaticTiles />
  </TransInfo>
  <TransInfo Description="Rock to Grass" HashKey="120101121201121212">
    <MapTiles>
      <MapTile TileID="562" AltIDMod="0" />    </MapTiles>
    <StaticTiles />
  </TransInfo>
  <TransInfo Description="Rock to Grass" HashKey="011212121201121201">
    <MapTiles>
      <MapTile TileID="562" AltIDMod="0" />    </MapTiles>
    <StaticTiles />
  </TransInfo>
  <TransInfo Description="Rock to Grass" HashKey="011201121201121212">
    <MapTiles>
      <MapTile TileID="562" AltIDMod="0" />    </MapTiles>
    <StaticTiles />
  </TransInfo>
  <TransInfo Description="Rock to Grass" HashKey="011201121201121201">
    <MapTiles>
      <MapTile TileID="562" AltIDMod="0" />    </MapTiles>
    <StaticTiles />
  </TransInfo>
  <TransInfo Description="Rock to Grass" HashKey="010112121212121201">
    <MapTiles>
      <MapTile TileID="562" AltIDMod="0" />    </MapTiles>
    <StaticTiles />
  </TransInfo>
  <TransInfo Description="Rock to Grass" HashKey="120112121212121201">
    <MapTiles>
      <MapTile TileID="562" AltIDMod="0" />    </MapTiles>
    <StaticTiles />
  </TransInfo>
  <TransInfo Description="Rock to Grass" HashKey="010101121212121201">
    <MapTiles>
      <MapTile TileID="562" AltIDMod="0" />    </MapTiles>
    <StaticTiles />
  </TransInfo>
  <TransInfo Description="Rock to Grass" HashKey="010112121201121212">
    <MapTiles>
      <MapTile TileID="562" AltIDMod="0" />    </MapTiles>
    <StaticTiles />
  </TransInfo>
  <TransInfo Description="Rock to Grass" HashKey="120101121212121201">
    <MapTiles>
      <MapTile TileID="562" AltIDMod="0" />    </MapTiles>
    <StaticTiles />
  </TransInfo>
  <TransInfo Description="Rock to Grass" HashKey="120112121201121212">
    <MapTiles>
      <MapTile TileID="562" AltIDMod="0" />    </MapTiles>
    <StaticTiles />
  </TransInfo>
  <TransInfo Description="Rock to Grass" HashKey="011212121201121212">
    <MapTiles>
      <MapTile TileID="562" AltIDMod="0" />    </MapTiles>
    <StaticTiles />
  </TransInfo>
  <TransInfo Description="Rock to Grass" HashKey="011201121212121201">
    <MapTiles>
      <MapTile TileID="562" AltIDMod="0" />    </MapTiles>
    <StaticTiles />
  </TransInfo>
  <TransInfo Description="Rock to Grass" HashKey="120112121201121201">
    <MapTiles>
      <MapTile TileID="562" AltIDMod="0" />    </MapTiles>
    <StaticTiles />
  </TransInfo>
  <TransInfo Description="Rock to Grass" HashKey="010112121201121201">
    <MapTiles>
      <MapTile TileID="562" AltIDMod="0" />    </MapTiles>
    <StaticTiles />
  </TransInfo>
  <TransInfo Description="Rock to Grass" HashKey="011212121212121212">
    <MapTiles>
      <MapTile TileID="567" AltIDMod="0" />
    </MapTiles>
    <StaticTiles />
  </TransInfo>
  <TransInfo Description="Rock to Grass" HashKey="121212121212121201">
    <MapTiles>
      <MapTile TileID="565" AltIDMod="0" />
    </MapTiles>
    <StaticTiles />
  </TransInfo>
  <TransInfo Description="Rock to Grass" HashKey="121201121212121212">
    <MapTiles>
      <MapTile TileID="568" AltIDMod="0" />
    </MapTiles>
    <StaticTiles />
  </TransInfo>
  <TransInfo Description="Rock to Grass" HashKey="121212121212011212">
    <MapTiles>
      <MapTile TileID="566" AltIDMod="0" />
    </MapTiles>
    <StaticTiles />
  </TransInfo>
</Trans>