﻿<?xml version="1.0" encoding="utf-8"?>
<Trans>
    <TransInfo Description="Rock to Goblin Forest Vyseky" HashKey="484848121212121212">
    <MapTiles>
      <MapTile TileID="238" AltIDMod="0" />
    </MapTiles>
    <StaticTiles />
  </TransInfo>
  <TransInfo Description="Rock to Goblin Forest Vyseky" HashKey="124848121212121212">
    <MapTiles>
      <MapTile TileID="238" AltIDMod="0" />
    </MapTiles>
    <StaticTiles />
  </TransInfo>
  <TransInfo Description="Rock to Goblin Forest Vyseky" HashKey="484812121212121212">
    <MapTiles>
      <MapTile TileID="238" AltIDMod="0" />
    </MapTiles>
    <StaticTiles />
  </TransInfo>
  <TransInfo Description="Rock to Goblin Forest Vyseky" HashKey="124812121212121212">
    <MapTiles>
      <MapTile TileID="238" AltIDMod="0" />
    </MapTiles>
    <StaticTiles />
  </TransInfo>
  <TransInfo Description="Rock to Goblin Forest Vyseky" HashKey="481248121212121212">
    <MapTiles>
      <MapTile TileID="238" AltIDMod="0" />
    </MapTiles>
    <StaticTiles />
  </TransInfo>
  <TransInfo Description="Rock to Goblin Forest Vyseky" HashKey="481212481212481212">
    <MapTiles>
      <MapTile TileID="237" AltIDMod="0" />
    </MapTiles>
    <StaticTiles />
  </TransInfo>
  <TransInfo Description="Rock to Goblin Forest Vyseky" HashKey="481212481212121212">
    <MapTiles>
      <MapTile TileID="237" AltIDMod="0" />
    </MapTiles>
    <StaticTiles />
  </TransInfo>
  <TransInfo Description="Rock to Goblin Forest Vyseky" HashKey="121212481212481212">
    <MapTiles>
      <MapTile TileID="237" AltIDMod="0" />
    </MapTiles>
    <StaticTiles />
  </TransInfo>
  <TransInfo Description="Rock to Goblin Forest Vyseky" HashKey="121212481212121212">
    <MapTiles>
      <MapTile TileID="237" AltIDMod="0" />
    </MapTiles>
    <StaticTiles />
  </TransInfo>
  <TransInfo Description="Rock to Goblin Forest Vyseky" HashKey="481212121212481212">
    <MapTiles>
      <MapTile TileID="237" AltIDMod="0" />
    </MapTiles>
    <StaticTiles />
  </TransInfo>
  <TransInfo Description="Rock to Goblin Forest Vyseky" HashKey="121248121248121248">
    <MapTiles>
      <MapTile TileID="239" AltIDMod="0" />
    </MapTiles>
    <StaticTiles />
  </TransInfo>
  <TransInfo Description="Rock to Goblin Forest Vyseky" HashKey="121212121248121248">
    <MapTiles>
      <MapTile TileID="239" AltIDMod="0" />
    </MapTiles>
    <StaticTiles />
  </TransInfo>
  <TransInfo Description="Rock to Goblin Forest Vyseky" HashKey="121248121248121212">
    <MapTiles>
      <MapTile TileID="239" AltIDMod="0" />
    </MapTiles>
    <StaticTiles />
  </TransInfo>
  <TransInfo Description="Rock to Goblin Forest Vyseky" HashKey="121212121248121212">
    <MapTiles>
      <MapTile TileID="239" AltIDMod="0" />
    </MapTiles>
    <StaticTiles />
  </TransInfo>
  <TransInfo Description="Rock to Goblin Forest Vyseky" HashKey="121248121212121248">
    <MapTiles>
      <MapTile TileID="239" AltIDMod="0" />
    </MapTiles>
    <StaticTiles />
  </TransInfo>
  <TransInfo Description="Rock to Goblin Forest Vyseky" HashKey="121212121212484848">
    <MapTiles>
      <MapTile TileID="236" AltIDMod="0" />
    </MapTiles>
    <StaticTiles />
  </TransInfo>
  <TransInfo Description="Rock to Goblin Forest Vyseky" HashKey="121212121212484812">
    <MapTiles>
      <MapTile TileID="236" AltIDMod="0" />
    </MapTiles>
    <StaticTiles />
  </TransInfo>
  <TransInfo Description="Rock to Goblin Forest Vyseky" HashKey="121212121212124848">
    <MapTiles>
      <MapTile TileID="236" AltIDMod="0" />
    </MapTiles>
    <StaticTiles />
  </TransInfo>
  <TransInfo Description="Rock to Goblin Forest Vyseky" HashKey="121212121212124812">
    <MapTiles>
      <MapTile TileID="236" AltIDMod="0" />
    </MapTiles>
    <StaticTiles />
  </TransInfo>
  <TransInfo Description="Rock to Goblin Forest Vyseky" HashKey="121212121212481248">
    <MapTiles>
      <MapTile TileID="236" AltIDMod="0" />
    </MapTiles>
    <StaticTiles />
  </TransInfo>
  <TransInfo Description="Rock to Goblin Forest Vyseky" HashKey="121248121248484848">
    <MapTiles>
      <MapTile TileID="243" AltIDMod="0" />    </MapTiles>
    <StaticTiles />
  </TransInfo>
  <TransInfo Description="Rock to Goblin Forest Vyseky" HashKey="121212121248484848">
    <MapTiles>
      <MapTile TileID="243" AltIDMod="0" />    </MapTiles>
    <StaticTiles />
  </TransInfo>
  <TransInfo Description="Rock to Goblin Forest Vyseky" HashKey="121248121248124848">
    <MapTiles>
      <MapTile TileID="243" AltIDMod="0" />    </MapTiles>
    <StaticTiles />
  </TransInfo>
  <TransInfo Description="Rock to Goblin Forest Vyseky" HashKey="121212121248124848">
    <MapTiles>
      <MapTile TileID="243" AltIDMod="0" />    </MapTiles>
    <StaticTiles />
  </TransInfo>
  <TransInfo Description="Rock to Goblin Forest Vyseky" HashKey="121212121248124812">
    <MapTiles>
      <MapTile TileID="243" AltIDMod="0" />    </MapTiles>
    <StaticTiles />
  </TransInfo>
  <TransInfo Description="Rock to Goblin Forest Vyseky" HashKey="121248121212124848">
    <MapTiles>
      <MapTile TileID="243" AltIDMod="0" />    </MapTiles>
    <StaticTiles />
  </TransInfo>
  <TransInfo Description="Rock to Goblin Forest Vyseky" HashKey="121248121212484848">
    <MapTiles>
      <MapTile TileID="243" AltIDMod="0" />    </MapTiles>
    <StaticTiles />
  </TransInfo>
  <TransInfo Description="Rock to Goblin Forest Vyseky" HashKey="121248121212484812">
    <MapTiles>
      <MapTile TileID="243" AltIDMod="0" />    </MapTiles>
    <StaticTiles />
  </TransInfo>
  <TransInfo Description="Rock to Goblin Forest Vyseky" HashKey="121212121248481248">
    <MapTiles>
      <MapTile TileID="243" AltIDMod="0" />    </MapTiles>
    <StaticTiles />
  </TransInfo>
  <TransInfo Description="Rock to Goblin Forest Vyseky" HashKey="121248121248481248">
    <MapTiles>
      <MapTile TileID="243" AltIDMod="0" />    </MapTiles>
    <StaticTiles />
  </TransInfo>
  <TransInfo Description="Rock to Goblin Forest Vyseky" HashKey="121248121248484812">
    <MapTiles>
      <MapTile TileID="243" AltIDMod="0" />    </MapTiles>
    <StaticTiles />
  </TransInfo>
  <TransInfo Description="Rock to Goblin Forest Vyseky" HashKey="121248121248481212">
    <MapTiles>
      <MapTile TileID="243" AltIDMod="0" />    </MapTiles>
    <StaticTiles />
  </TransInfo>
  <TransInfo Description="Rock to Goblin Forest Vyseky" HashKey="121248121212124812">
    <MapTiles>
      <MapTile TileID="243" AltIDMod="0" />    </MapTiles>
    <StaticTiles />
  </TransInfo>
  <TransInfo Description="Rock to Goblin Forest Vyseky" HashKey="121212121248481212">
    <MapTiles>
      <MapTile TileID="243" AltIDMod="0" />    </MapTiles>
    <StaticTiles />
  </TransInfo>
  <TransInfo Description="Rock to Goblin Forest Vyseky" HashKey="121248121248124812">
    <MapTiles>
      <MapTile TileID="243" AltIDMod="0" />    </MapTiles>
    <StaticTiles />
  </TransInfo>
  <TransInfo Description="Rock to Goblin Forest Vyseky" HashKey="121248121212481248">
    <MapTiles>
      <MapTile TileID="243" AltIDMod="0" />    </MapTiles>
    <StaticTiles />
  </TransInfo>
  <TransInfo Description="Rock to Goblin Forest Vyseky" HashKey="121212121248484812">
    <MapTiles>
      <MapTile TileID="243" AltIDMod="0" />    </MapTiles>
    <StaticTiles />
  </TransInfo>
  <TransInfo Description="Rock to Goblin Forest Vyseky" HashKey="484848481212481212">
    <MapTiles>
      <MapTile TileID="241" AltIDMod="0" />    </MapTiles>
    <StaticTiles />
  </TransInfo>
  <TransInfo Description="Rock to Goblin Forest Vyseky" HashKey="484812481212481212">
    <MapTiles>
      <MapTile TileID="241" AltIDMod="0" />    </MapTiles>
    <StaticTiles />
  </TransInfo>
  <TransInfo Description="Rock to Goblin Forest Vyseky" HashKey="484848481212121212">
    <MapTiles>
      <MapTile TileID="241" AltIDMod="0" />    </MapTiles>
    <StaticTiles />
  </TransInfo>
  <TransInfo Description="Rock to Goblin Forest Vyseky" HashKey="484812481212121212">
    <MapTiles>
      <MapTile TileID="241" AltIDMod="0" />    </MapTiles>
    <StaticTiles />
  </TransInfo>
  <TransInfo Description="Rock to Goblin Forest Vyseky" HashKey="481248481212121212">
    <MapTiles>
      <MapTile TileID="241" AltIDMod="0" />    </MapTiles>
    <StaticTiles />
  </TransInfo>
  <TransInfo Description="Rock to Goblin Forest Vyseky" HashKey="484812121212481212">
    <MapTiles>
      <MapTile TileID="241" AltIDMod="0" />    </MapTiles>
    <StaticTiles />
  </TransInfo>
  <TransInfo Description="Rock to Goblin Forest Vyseky" HashKey="124848121212481212">
    <MapTiles>
      <MapTile TileID="241" AltIDMod="0" />    </MapTiles>
    <StaticTiles />
  </TransInfo>
  <TransInfo Description="Rock to Goblin Forest Vyseky" HashKey="481248121212481212">
    <MapTiles>
      <MapTile TileID="241" AltIDMod="0" />    </MapTiles>
    <StaticTiles />
  </TransInfo>
  <TransInfo Description="Rock to Goblin Forest Vyseky" HashKey="484848121212481212">
    <MapTiles>
      <MapTile TileID="241" AltIDMod="0" />    </MapTiles>
    <StaticTiles />
  </TransInfo>
  <TransInfo Description="Rock to Goblin Forest Vyseky" HashKey="124812481212121212">
    <MapTiles>
      <MapTile TileID="241" AltIDMod="0" />    </MapTiles>
    <StaticTiles />
  </TransInfo>
  <TransInfo Description="Rock to Goblin Forest Vyseky" HashKey="481248481212481212">
    <MapTiles>
      <MapTile TileID="241" AltIDMod="0" />    </MapTiles>
    <StaticTiles />
  </TransInfo>
  <TransInfo Description="Rock to Goblin Forest Vyseky" HashKey="121248481212481212">
    <MapTiles>
      <MapTile TileID="241" AltIDMod="0" />    </MapTiles>
    <StaticTiles />
  </TransInfo>
  <TransInfo Description="Rock to Goblin Forest Vyseky" HashKey="124848481212481212">
    <MapTiles>
      <MapTile TileID="241" AltIDMod="0" />    </MapTiles>
    <StaticTiles />
  </TransInfo>
  <TransInfo Description="Rock to Goblin Forest Vyseky" HashKey="121248481212121212">
    <MapTiles>
      <MapTile TileID="241" AltIDMod="0" />    </MapTiles>
    <StaticTiles />
  </TransInfo>
  <TransInfo Description="Rock to Goblin Forest Vyseky" HashKey="124812481212481212">
    <MapTiles>
      <MapTile TileID="241" AltIDMod="0" />    </MapTiles>
    <StaticTiles />
  </TransInfo>
  <TransInfo Description="Rock to Goblin Forest Vyseky" HashKey="124812121212481212">
    <MapTiles>
      <MapTile TileID="241" AltIDMod="0" />    </MapTiles>
    <StaticTiles />
  </TransInfo>
  <TransInfo Description="Rock to Goblin Forest Vyseky" HashKey="124848481212121212">
    <MapTiles>
      <MapTile TileID="241" AltIDMod="0" />    </MapTiles>
    <StaticTiles />
  </TransInfo>
  <TransInfo Description="Rock to Goblin Forest Vyseky" HashKey="481212481212484848">
    <MapTiles>
      <MapTile TileID="240" AltIDMod="0" />    </MapTiles>
    <StaticTiles />
  </TransInfo>
  <TransInfo Description="Rock to Goblin Forest Vyseky" HashKey="121212481212484848">
    <MapTiles>
      <MapTile TileID="240" AltIDMod="0" />    </MapTiles>
    <StaticTiles />
  </TransInfo>
  <TransInfo Description="Rock to Goblin Forest Vyseky" HashKey="481212481212484812">
    <MapTiles>
      <MapTile TileID="240" AltIDMod="0" />    </MapTiles>
    <StaticTiles />
  </TransInfo>
  <TransInfo Description="Rock to Goblin Forest Vyseky" HashKey="121212481212484812">
    <MapTiles>
      <MapTile TileID="240" AltIDMod="0" />    </MapTiles>
    <StaticTiles />
  </TransInfo>
  <TransInfo Description="Rock to Goblin Forest Vyseky" HashKey="121212481212124812">
    <MapTiles>
      <MapTile TileID="240" AltIDMod="0" />    </MapTiles>
    <StaticTiles />
  </TransInfo>
  <TransInfo Description="Rock to Goblin Forest Vyseky" HashKey="481212481212121248">
    <MapTiles>
      <MapTile TileID="240" AltIDMod="0" />    </MapTiles>
    <StaticTiles />
  </TransInfo>
  <TransInfo Description="Rock to Goblin Forest Vyseky" HashKey="481212121212484848">
    <MapTiles>
      <MapTile TileID="240" AltIDMod="0" />    </MapTiles>
    <StaticTiles />
  </TransInfo>
  <TransInfo Description="Rock to Goblin Forest Vyseky" HashKey="481212121212484812">
    <MapTiles>
      <MapTile TileID="240" AltIDMod="0" />    </MapTiles>
    <StaticTiles />
  </TransInfo>
  <TransInfo Description="Rock to Goblin Forest Vyseky" HashKey="481212121212124812">
    <MapTiles>
      <MapTile TileID="240" AltIDMod="0" />    </MapTiles>
    <StaticTiles />
  </TransInfo>
  <TransInfo Description="Rock to Goblin Forest Vyseky" HashKey="121212481212481248">
    <MapTiles>
      <MapTile TileID="240" AltIDMod="0" />    </MapTiles>
    <StaticTiles />
  </TransInfo>
  <TransInfo Description="Rock to Goblin Forest Vyseky" HashKey="481212481212481248">
    <MapTiles>
      <MapTile TileID="240" AltIDMod="0" />    </MapTiles>
    <StaticTiles />
  </TransInfo>
  <TransInfo Description="Rock to Goblin Forest Vyseky" HashKey="481212121212124848">
    <MapTiles>
      <MapTile TileID="240" AltIDMod="0" />    </MapTiles>
    <StaticTiles />
  </TransInfo>
  <TransInfo Description="Rock to Goblin Forest Vyseky" HashKey="481212481212124848">
    <MapTiles>
      <MapTile TileID="240" AltIDMod="0" />    </MapTiles>
    <StaticTiles />
  </TransInfo>
  <TransInfo Description="Rock to Goblin Forest Vyseky" HashKey="121212481212124848">
    <MapTiles>
      <MapTile TileID="240" AltIDMod="0" />    </MapTiles>
    <StaticTiles />
  </TransInfo>
  <TransInfo Description="Rock to Goblin Forest Vyseky" HashKey="121212481212121248">
    <MapTiles>
      <MapTile TileID="240" AltIDMod="0" />    </MapTiles>
    <StaticTiles />
  </TransInfo>
  <TransInfo Description="Rock to Goblin Forest Vyseky" HashKey="481212121212481248">
    <MapTiles>
      <MapTile TileID="240" AltIDMod="0" />    </MapTiles>
    <StaticTiles />
  </TransInfo>
  <TransInfo Description="Rock to Goblin Forest Vyseky" HashKey="481212481212124812">
    <MapTiles>
      <MapTile TileID="240" AltIDMod="0" />    </MapTiles>
    <StaticTiles />
  </TransInfo>
  <TransInfo Description="Rock to Goblin Forest Vyseky" HashKey="484848121248121248">
    <MapTiles>
      <MapTile TileID="242" AltIDMod="0" />    </MapTiles>
    <StaticTiles />
  </TransInfo>
  <TransInfo Description="Rock to Goblin Forest Vyseky" HashKey="484848121248121212">
    <MapTiles>
      <MapTile TileID="242" AltIDMod="0" />    </MapTiles>
    <StaticTiles />
  </TransInfo>
  <TransInfo Description="Rock to Goblin Forest Vyseky" HashKey="124848121248121248">
    <MapTiles>
      <MapTile TileID="242" AltIDMod="0" />    </MapTiles>
    <StaticTiles />
  </TransInfo>
  <TransInfo Description="Rock to Goblin Forest Vyseky" HashKey="124848121248121212">
    <MapTiles>
      <MapTile TileID="242" AltIDMod="0" />    </MapTiles>
    <StaticTiles />
  </TransInfo>
  <TransInfo Description="Rock to Goblin Forest Vyseky" HashKey="481212121248121248">
    <MapTiles>
      <MapTile TileID="242" AltIDMod="0" />    </MapTiles>
    <StaticTiles />
  </TransInfo>
  <TransInfo Description="Rock to Goblin Forest Vyseky" HashKey="481248121248121212">
    <MapTiles>
      <MapTile TileID="242" AltIDMod="0" />    </MapTiles>
    <StaticTiles />
  </TransInfo>
  <TransInfo Description="Rock to Goblin Forest Vyseky" HashKey="481248121248121248">
    <MapTiles>
      <MapTile TileID="242" AltIDMod="0" />    </MapTiles>
    <StaticTiles />
  </TransInfo>
  <TransInfo Description="Rock to Goblin Forest Vyseky" HashKey="484812121212121248">
    <MapTiles>
      <MapTile TileID="242" AltIDMod="0" />    </MapTiles>
    <StaticTiles />
  </TransInfo>
  <TransInfo Description="Rock to Goblin Forest Vyseky" HashKey="124812121212121248">
    <MapTiles>
      <MapTile TileID="242" AltIDMod="0" />    </MapTiles>
    <StaticTiles />
  </TransInfo>
  <TransInfo Description="Rock to Goblin Forest Vyseky" HashKey="484848121212121248">
    <MapTiles>
      <MapTile TileID="242" AltIDMod="0" />    </MapTiles>
    <StaticTiles />
  </TransInfo>
  <TransInfo Description="Rock to Goblin Forest Vyseky" HashKey="484812121248121212">
    <MapTiles>
      <MapTile TileID="242" AltIDMod="0" />    </MapTiles>
    <StaticTiles />
  </TransInfo>
  <TransInfo Description="Rock to Goblin Forest Vyseky" HashKey="124848121212121248">
    <MapTiles>
      <MapTile TileID="242" AltIDMod="0" />    </MapTiles>
    <StaticTiles />
  </TransInfo>
  <TransInfo Description="Rock to Goblin Forest Vyseky" HashKey="124812121248121212">
    <MapTiles>
      <MapTile TileID="242" AltIDMod="0" />    </MapTiles>
    <StaticTiles />
  </TransInfo>
  <TransInfo Description="Rock to Goblin Forest Vyseky" HashKey="481212121248121212">
    <MapTiles>
      <MapTile TileID="242" AltIDMod="0" />    </MapTiles>
    <StaticTiles />
  </TransInfo>
  <TransInfo Description="Rock to Goblin Forest Vyseky" HashKey="481248121212121248">
    <MapTiles>
      <MapTile TileID="242" AltIDMod="0" />    </MapTiles>
    <StaticTiles />
  </TransInfo>
  <TransInfo Description="Rock to Goblin Forest Vyseky" HashKey="124812121248121248">
    <MapTiles>
      <MapTile TileID="242" AltIDMod="0" />    </MapTiles>
    <StaticTiles />
  </TransInfo>
  <TransInfo Description="Rock to Goblin Forest Vyseky" HashKey="484812121248121248">
    <MapTiles>
      <MapTile TileID="242" AltIDMod="0" />    </MapTiles>
    <StaticTiles />
  </TransInfo>
  <TransInfo Description="Rock to Goblin Forest Vyseky" HashKey="481212121212121212">
    <MapTiles>
      <MapTile TileID="246" AltIDMod="0" />
    </MapTiles>
    <StaticTiles />
  </TransInfo>
  <TransInfo Description="Rock to Goblin Forest Vyseky" HashKey="121212121212121248">
    <MapTiles>
      <MapTile TileID="244" AltIDMod="0" />
    </MapTiles>
    <StaticTiles />
  </TransInfo>
  <TransInfo Description="Rock to Goblin Forest Vyseky" HashKey="121248121212121212">
    <MapTiles>
      <MapTile TileID="247" AltIDMod="0" />
    </MapTiles>
    <StaticTiles />
  </TransInfo>
  <TransInfo Description="Rock to Goblin Forest Vyseky" HashKey="121212121212481212">
    <MapTiles>
      <MapTile TileID="245" AltIDMod="0" />
    </MapTiles>
    <StaticTiles />
  </TransInfo>
</Trans>