﻿<?xml version="1.0" encoding="utf-8"?>
<Trans>
    <TransInfo Description="Rock to Forest" HashKey="0B0B0B121212121212">
    <MapTiles>
      <MapTile TileID="238" AltIDMod="0" />
    </MapTiles>
    <StaticTiles />
  </TransInfo>
  <TransInfo Description="Rock to Forest" HashKey="120B0B121212121212">
    <MapTiles>
      <MapTile TileID="238" AltIDMod="0" />
    </MapTiles>
    <StaticTiles />
  </TransInfo>
  <TransInfo Description="Rock to Forest" HashKey="0B0B12121212121212">
    <MapTiles>
      <MapTile TileID="238" AltIDMod="0" />
    </MapTiles>
    <StaticTiles />
  </TransInfo>
  <TransInfo Description="Rock to Forest" HashKey="120B12121212121212">
    <MapTiles>
      <MapTile TileID="238" AltIDMod="0" />
    </MapTiles>
    <StaticTiles />
  </TransInfo>
  <TransInfo Description="Rock to Forest" HashKey="0B120B121212121212">
    <MapTiles>
      <MapTile TileID="238" AltIDMod="0" />
    </MapTiles>
    <StaticTiles />
  </TransInfo>
  <TransInfo Description="Rock to Forest" HashKey="0B12120B12120B1212">
    <MapTiles>
      <MapTile TileID="237" AltIDMod="0" />
    </MapTiles>
    <StaticTiles />
  </TransInfo>
  <TransInfo Description="Rock to Forest" HashKey="0B12120B1212121212">
    <MapTiles>
      <MapTile TileID="237" AltIDMod="0" />
    </MapTiles>
    <StaticTiles />
  </TransInfo>
  <TransInfo Description="Rock to Forest" HashKey="1212120B12120B1212">
    <MapTiles>
      <MapTile TileID="237" AltIDMod="0" />
    </MapTiles>
    <StaticTiles />
  </TransInfo>
  <TransInfo Description="Rock to Forest" HashKey="1212120B1212121212">
    <MapTiles>
      <MapTile TileID="237" AltIDMod="0" />
    </MapTiles>
    <StaticTiles />
  </TransInfo>
  <TransInfo Description="Rock to Forest" HashKey="0B12121212120B1212">
    <MapTiles>
      <MapTile TileID="237" AltIDMod="0" />
    </MapTiles>
    <StaticTiles />
  </TransInfo>
  <TransInfo Description="Rock to Forest" HashKey="12120B12120B12120B">
    <MapTiles>
      <MapTile TileID="239" AltIDMod="0" />
    </MapTiles>
    <StaticTiles />
  </TransInfo>
  <TransInfo Description="Rock to Forest" HashKey="12121212120B12120B">
    <MapTiles>
      <MapTile TileID="239" AltIDMod="0" />
    </MapTiles>
    <StaticTiles />
  </TransInfo>
  <TransInfo Description="Rock to Forest" HashKey="12120B12120B121212">
    <MapTiles>
      <MapTile TileID="239" AltIDMod="0" />
    </MapTiles>
    <StaticTiles />
  </TransInfo>
  <TransInfo Description="Rock to Forest" HashKey="12121212120B121212">
    <MapTiles>
      <MapTile TileID="239" AltIDMod="0" />
    </MapTiles>
    <StaticTiles />
  </TransInfo>
  <TransInfo Description="Rock to Forest" HashKey="12120B12121212120B">
    <MapTiles>
      <MapTile TileID="239" AltIDMod="0" />
    </MapTiles>
    <StaticTiles />
  </TransInfo>
  <TransInfo Description="Rock to Forest" HashKey="1212121212120B0B0B">
    <MapTiles>
      <MapTile TileID="236" AltIDMod="0" />
    </MapTiles>
    <StaticTiles />
  </TransInfo>
  <TransInfo Description="Rock to Forest" HashKey="1212121212120B0B12">
    <MapTiles>
      <MapTile TileID="236" AltIDMod="0" />
    </MapTiles>
    <StaticTiles />
  </TransInfo>
  <TransInfo Description="Rock to Forest" HashKey="121212121212120B0B">
    <MapTiles>
      <MapTile TileID="236" AltIDMod="0" />
    </MapTiles>
    <StaticTiles />
  </TransInfo>
  <TransInfo Description="Rock to Forest" HashKey="121212121212120B12">
    <MapTiles>
      <MapTile TileID="236" AltIDMod="0" />
    </MapTiles>
    <StaticTiles />
  </TransInfo>
  <TransInfo Description="Rock to Forest" HashKey="1212121212120B120B">
    <MapTiles>
      <MapTile TileID="236" AltIDMod="0" />
    </MapTiles>
    <StaticTiles />
  </TransInfo>
  <TransInfo Description="Rock to Forest" HashKey="12120B12120B0B0B0B">
    <MapTiles>
      <MapTile TileID="243" AltIDMod="0" />    </MapTiles>
    <StaticTiles />
  </TransInfo>
  <TransInfo Description="Rock to Forest" HashKey="12121212120B0B0B0B">
    <MapTiles>
      <MapTile TileID="243" AltIDMod="0" />    </MapTiles>
    <StaticTiles />
  </TransInfo>
  <TransInfo Description="Rock to Forest" HashKey="12120B12120B120B0B">
    <MapTiles>
      <MapTile TileID="243" AltIDMod="0" />    </MapTiles>
    <StaticTiles />
  </TransInfo>
  <TransInfo Description="Rock to Forest" HashKey="12121212120B120B0B">
    <MapTiles>
      <MapTile TileID="243" AltIDMod="0" />    </MapTiles>
    <StaticTiles />
  </TransInfo>
  <TransInfo Description="Rock to Forest" HashKey="12121212120B120B12">
    <MapTiles>
      <MapTile TileID="243" AltIDMod="0" />    </MapTiles>
    <StaticTiles />
  </TransInfo>
  <TransInfo Description="Rock to Forest" HashKey="12120B121212120B0B">
    <MapTiles>
      <MapTile TileID="243" AltIDMod="0" />    </MapTiles>
    <StaticTiles />
  </TransInfo>
  <TransInfo Description="Rock to Forest" HashKey="12120B1212120B0B0B">
    <MapTiles>
      <MapTile TileID="243" AltIDMod="0" />    </MapTiles>
    <StaticTiles />
  </TransInfo>
  <TransInfo Description="Rock to Forest" HashKey="12120B1212120B0B12">
    <MapTiles>
      <MapTile TileID="243" AltIDMod="0" />    </MapTiles>
    <StaticTiles />
  </TransInfo>
  <TransInfo Description="Rock to Forest" HashKey="12121212120B0B120B">
    <MapTiles>
      <MapTile TileID="243" AltIDMod="0" />    </MapTiles>
    <StaticTiles />
  </TransInfo>
  <TransInfo Description="Rock to Forest" HashKey="12120B12120B0B120B">
    <MapTiles>
      <MapTile TileID="243" AltIDMod="0" />    </MapTiles>
    <StaticTiles />
  </TransInfo>
  <TransInfo Description="Rock to Forest" HashKey="12120B12120B0B0B12">
    <MapTiles>
      <MapTile TileID="243" AltIDMod="0" />    </MapTiles>
    <StaticTiles />
  </TransInfo>
  <TransInfo Description="Rock to Forest" HashKey="12120B12120B0B1212">
    <MapTiles>
      <MapTile TileID="243" AltIDMod="0" />    </MapTiles>
    <StaticTiles />
  </TransInfo>
  <TransInfo Description="Rock to Forest" HashKey="12120B121212120B12">
    <MapTiles>
      <MapTile TileID="243" AltIDMod="0" />    </MapTiles>
    <StaticTiles />
  </TransInfo>
  <TransInfo Description="Rock to Forest" HashKey="12121212120B0B1212">
    <MapTiles>
      <MapTile TileID="243" AltIDMod="0" />    </MapTiles>
    <StaticTiles />
  </TransInfo>
  <TransInfo Description="Rock to Forest" HashKey="12120B12120B120B12">
    <MapTiles>
      <MapTile TileID="243" AltIDMod="0" />    </MapTiles>
    <StaticTiles />
  </TransInfo>
  <TransInfo Description="Rock to Forest" HashKey="12120B1212120B120B">
    <MapTiles>
      <MapTile TileID="243" AltIDMod="0" />    </MapTiles>
    <StaticTiles />
  </TransInfo>
  <TransInfo Description="Rock to Forest" HashKey="12121212120B0B0B12">
    <MapTiles>
      <MapTile TileID="243" AltIDMod="0" />    </MapTiles>
    <StaticTiles />
  </TransInfo>
  <TransInfo Description="Rock to Forest" HashKey="0B0B0B0B12120B1212">
    <MapTiles>
      <MapTile TileID="241" AltIDMod="0" />    </MapTiles>
    <StaticTiles />
  </TransInfo>
  <TransInfo Description="Rock to Forest" HashKey="0B0B120B12120B1212">
    <MapTiles>
      <MapTile TileID="241" AltIDMod="0" />    </MapTiles>
    <StaticTiles />
  </TransInfo>
  <TransInfo Description="Rock to Forest" HashKey="0B0B0B0B1212121212">
    <MapTiles>
      <MapTile TileID="241" AltIDMod="0" />    </MapTiles>
    <StaticTiles />
  </TransInfo>
  <TransInfo Description="Rock to Forest" HashKey="0B0B120B1212121212">
    <MapTiles>
      <MapTile TileID="241" AltIDMod="0" />    </MapTiles>
    <StaticTiles />
  </TransInfo>
  <TransInfo Description="Rock to Forest" HashKey="0B120B0B1212121212">
    <MapTiles>
      <MapTile TileID="241" AltIDMod="0" />    </MapTiles>
    <StaticTiles />
  </TransInfo>
  <TransInfo Description="Rock to Forest" HashKey="0B0B121212120B1212">
    <MapTiles>
      <MapTile TileID="241" AltIDMod="0" />    </MapTiles>
    <StaticTiles />
  </TransInfo>
  <TransInfo Description="Rock to Forest" HashKey="120B0B1212120B1212">
    <MapTiles>
      <MapTile TileID="241" AltIDMod="0" />    </MapTiles>
    <StaticTiles />
  </TransInfo>
  <TransInfo Description="Rock to Forest" HashKey="0B120B1212120B1212">
    <MapTiles>
      <MapTile TileID="241" AltIDMod="0" />    </MapTiles>
    <StaticTiles />
  </TransInfo>
  <TransInfo Description="Rock to Forest" HashKey="0B0B0B1212120B1212">
    <MapTiles>
      <MapTile TileID="241" AltIDMod="0" />    </MapTiles>
    <StaticTiles />
  </TransInfo>
  <TransInfo Description="Rock to Forest" HashKey="120B120B1212121212">
    <MapTiles>
      <MapTile TileID="241" AltIDMod="0" />    </MapTiles>
    <StaticTiles />
  </TransInfo>
  <TransInfo Description="Rock to Forest" HashKey="0B120B0B12120B1212">
    <MapTiles>
      <MapTile TileID="241" AltIDMod="0" />    </MapTiles>
    <StaticTiles />
  </TransInfo>
  <TransInfo Description="Rock to Forest" HashKey="12120B0B12120B1212">
    <MapTiles>
      <MapTile TileID="241" AltIDMod="0" />    </MapTiles>
    <StaticTiles />
  </TransInfo>
  <TransInfo Description="Rock to Forest" HashKey="120B0B0B12120B1212">
    <MapTiles>
      <MapTile TileID="241" AltIDMod="0" />    </MapTiles>
    <StaticTiles />
  </TransInfo>
  <TransInfo Description="Rock to Forest" HashKey="12120B0B1212121212">
    <MapTiles>
      <MapTile TileID="241" AltIDMod="0" />    </MapTiles>
    <StaticTiles />
  </TransInfo>
  <TransInfo Description="Rock to Forest" HashKey="120B120B12120B1212">
    <MapTiles>
      <MapTile TileID="241" AltIDMod="0" />    </MapTiles>
    <StaticTiles />
  </TransInfo>
  <TransInfo Description="Rock to Forest" HashKey="120B121212120B1212">
    <MapTiles>
      <MapTile TileID="241" AltIDMod="0" />    </MapTiles>
    <StaticTiles />
  </TransInfo>
  <TransInfo Description="Rock to Forest" HashKey="120B0B0B1212121212">
    <MapTiles>
      <MapTile TileID="241" AltIDMod="0" />    </MapTiles>
    <StaticTiles />
  </TransInfo>
  <TransInfo Description="Rock to Forest" HashKey="0B12120B12120B0B0B">
    <MapTiles>
      <MapTile TileID="240" AltIDMod="0" />    </MapTiles>
    <StaticTiles />
  </TransInfo>
  <TransInfo Description="Rock to Forest" HashKey="1212120B12120B0B0B">
    <MapTiles>
      <MapTile TileID="240" AltIDMod="0" />    </MapTiles>
    <StaticTiles />
  </TransInfo>
  <TransInfo Description="Rock to Forest" HashKey="0B12120B12120B0B12">
    <MapTiles>
      <MapTile TileID="240" AltIDMod="0" />    </MapTiles>
    <StaticTiles />
  </TransInfo>
  <TransInfo Description="Rock to Forest" HashKey="1212120B12120B0B12">
    <MapTiles>
      <MapTile TileID="240" AltIDMod="0" />    </MapTiles>
    <StaticTiles />
  </TransInfo>
  <TransInfo Description="Rock to Forest" HashKey="1212120B1212120B12">
    <MapTiles>
      <MapTile TileID="240" AltIDMod="0" />    </MapTiles>
    <StaticTiles />
  </TransInfo>
  <TransInfo Description="Rock to Forest" HashKey="0B12120B121212120B">
    <MapTiles>
      <MapTile TileID="240" AltIDMod="0" />    </MapTiles>
    <StaticTiles />
  </TransInfo>
  <TransInfo Description="Rock to Forest" HashKey="0B12121212120B0B0B">
    <MapTiles>
      <MapTile TileID="240" AltIDMod="0" />    </MapTiles>
    <StaticTiles />
  </TransInfo>
  <TransInfo Description="Rock to Forest" HashKey="0B12121212120B0B12">
    <MapTiles>
      <MapTile TileID="240" AltIDMod="0" />    </MapTiles>
    <StaticTiles />
  </TransInfo>
  <TransInfo Description="Rock to Forest" HashKey="0B1212121212120B12">
    <MapTiles>
      <MapTile TileID="240" AltIDMod="0" />    </MapTiles>
    <StaticTiles />
  </TransInfo>
  <TransInfo Description="Rock to Forest" HashKey="1212120B12120B120B">
    <MapTiles>
      <MapTile TileID="240" AltIDMod="0" />    </MapTiles>
    <StaticTiles />
  </TransInfo>
  <TransInfo Description="Rock to Forest" HashKey="0B12120B12120B120B">
    <MapTiles>
      <MapTile TileID="240" AltIDMod="0" />    </MapTiles>
    <StaticTiles />
  </TransInfo>
  <TransInfo Description="Rock to Forest" HashKey="0B1212121212120B0B">
    <MapTiles>
      <MapTile TileID="240" AltIDMod="0" />    </MapTiles>
    <StaticTiles />
  </TransInfo>
  <TransInfo Description="Rock to Forest" HashKey="0B12120B1212120B0B">
    <MapTiles>
      <MapTile TileID="240" AltIDMod="0" />    </MapTiles>
    <StaticTiles />
  </TransInfo>
  <TransInfo Description="Rock to Forest" HashKey="1212120B1212120B0B">
    <MapTiles>
      <MapTile TileID="240" AltIDMod="0" />    </MapTiles>
    <StaticTiles />
  </TransInfo>
  <TransInfo Description="Rock to Forest" HashKey="1212120B121212120B">
    <MapTiles>
      <MapTile TileID="240" AltIDMod="0" />    </MapTiles>
    <StaticTiles />
  </TransInfo>
  <TransInfo Description="Rock to Forest" HashKey="0B12121212120B120B">
    <MapTiles>
      <MapTile TileID="240" AltIDMod="0" />    </MapTiles>
    <StaticTiles />
  </TransInfo>
  <TransInfo Description="Rock to Forest" HashKey="0B12120B1212120B12">
    <MapTiles>
      <MapTile TileID="240" AltIDMod="0" />    </MapTiles>
    <StaticTiles />
  </TransInfo>
  <TransInfo Description="Rock to Forest" HashKey="0B0B0B12120B12120B">
    <MapTiles>
      <MapTile TileID="242" AltIDMod="0" />    </MapTiles>
    <StaticTiles />
  </TransInfo>
  <TransInfo Description="Rock to Forest" HashKey="0B0B0B12120B121212">
    <MapTiles>
      <MapTile TileID="242" AltIDMod="0" />    </MapTiles>
    <StaticTiles />
  </TransInfo>
  <TransInfo Description="Rock to Forest" HashKey="120B0B12120B12120B">
    <MapTiles>
      <MapTile TileID="242" AltIDMod="0" />    </MapTiles>
    <StaticTiles />
  </TransInfo>
  <TransInfo Description="Rock to Forest" HashKey="120B0B12120B121212">
    <MapTiles>
      <MapTile TileID="242" AltIDMod="0" />    </MapTiles>
    <StaticTiles />
  </TransInfo>
  <TransInfo Description="Rock to Forest" HashKey="0B121212120B12120B">
    <MapTiles>
      <MapTile TileID="242" AltIDMod="0" />    </MapTiles>
    <StaticTiles />
  </TransInfo>
  <TransInfo Description="Rock to Forest" HashKey="0B120B12120B121212">
    <MapTiles>
      <MapTile TileID="242" AltIDMod="0" />    </MapTiles>
    <StaticTiles />
  </TransInfo>
  <TransInfo Description="Rock to Forest" HashKey="0B120B12120B12120B">
    <MapTiles>
      <MapTile TileID="242" AltIDMod="0" />    </MapTiles>
    <StaticTiles />
  </TransInfo>
  <TransInfo Description="Rock to Forest" HashKey="0B0B1212121212120B">
    <MapTiles>
      <MapTile TileID="242" AltIDMod="0" />    </MapTiles>
    <StaticTiles />
  </TransInfo>
  <TransInfo Description="Rock to Forest" HashKey="120B1212121212120B">
    <MapTiles>
      <MapTile TileID="242" AltIDMod="0" />    </MapTiles>
    <StaticTiles />
  </TransInfo>
  <TransInfo Description="Rock to Forest" HashKey="0B0B0B12121212120B">
    <MapTiles>
      <MapTile TileID="242" AltIDMod="0" />    </MapTiles>
    <StaticTiles />
  </TransInfo>
  <TransInfo Description="Rock to Forest" HashKey="0B0B1212120B121212">
    <MapTiles>
      <MapTile TileID="242" AltIDMod="0" />    </MapTiles>
    <StaticTiles />
  </TransInfo>
  <TransInfo Description="Rock to Forest" HashKey="120B0B12121212120B">
    <MapTiles>
      <MapTile TileID="242" AltIDMod="0" />    </MapTiles>
    <StaticTiles />
  </TransInfo>
  <TransInfo Description="Rock to Forest" HashKey="120B1212120B121212">
    <MapTiles>
      <MapTile TileID="242" AltIDMod="0" />    </MapTiles>
    <StaticTiles />
  </TransInfo>
  <TransInfo Description="Rock to Forest" HashKey="0B121212120B121212">
    <MapTiles>
      <MapTile TileID="242" AltIDMod="0" />    </MapTiles>
    <StaticTiles />
  </TransInfo>
  <TransInfo Description="Rock to Forest" HashKey="0B120B12121212120B">
    <MapTiles>
      <MapTile TileID="242" AltIDMod="0" />    </MapTiles>
    <StaticTiles />
  </TransInfo>
  <TransInfo Description="Rock to Forest" HashKey="120B1212120B12120B">
    <MapTiles>
      <MapTile TileID="242" AltIDMod="0" />    </MapTiles>
    <StaticTiles />
  </TransInfo>
  <TransInfo Description="Rock to Forest" HashKey="0B0B1212120B12120B">
    <MapTiles>
      <MapTile TileID="242" AltIDMod="0" />    </MapTiles>
    <StaticTiles />
  </TransInfo>
  <TransInfo Description="Rock to Forest" HashKey="0B1212121212121212">
    <MapTiles>
      <MapTile TileID="246" AltIDMod="0" />
    </MapTiles>
    <StaticTiles />
  </TransInfo>
  <TransInfo Description="Rock to Forest" HashKey="12121212121212120B">
    <MapTiles>
      <MapTile TileID="244" AltIDMod="0" />
    </MapTiles>
    <StaticTiles />
  </TransInfo>
  <TransInfo Description="Rock to Forest" HashKey="12120B121212121212">
    <MapTiles>
      <MapTile TileID="247" AltIDMod="0" />
    </MapTiles>
    <StaticTiles />
  </TransInfo>
  <TransInfo Description="Rock to Forest" HashKey="1212121212120B1212">
    <MapTiles>
      <MapTile TileID="245" AltIDMod="0" />
    </MapTiles>
    <StaticTiles />
  </TransInfo>
</Trans>