﻿<?xml version="1.0" encoding="utf-8"?>
<Trans>
    <TransInfo Description="Rock to Beach" HashKey="505050121212121212">
    <MapTiles>
      <MapTile TileID="295" AltIDMod="0" />
    </MapTiles>
    <StaticTiles />
  </TransInfo>
  <TransInfo Description="Rock to Beach" HashKey="125050121212121212">
    <MapTiles>
      <MapTile TileID="295" AltIDMod="0" />
    </MapTiles>
    <StaticTiles />
  </TransInfo>
  <TransInfo Description="Rock to Beach" HashKey="505012121212121212">
    <MapTiles>
      <MapTile TileID="295" AltIDMod="0" />
    </MapTiles>
    <StaticTiles />
  </TransInfo>
  <TransInfo Description="Rock to Beach" HashKey="125012121212121212">
    <MapTiles>
      <MapTile TileID="295" AltIDMod="0" />
    </MapTiles>
    <StaticTiles />
  </TransInfo>
  <TransInfo Description="Rock to Beach" HashKey="501250121212121212">
    <MapTiles>
      <MapTile TileID="295" AltIDMod="0" />
    </MapTiles>
    <StaticTiles />
  </TransInfo>
  <TransInfo Description="Rock to Beach" HashKey="501212501212501212">
    <MapTiles>
      <MapTile TileID="294" AltIDMod="0" />
    </MapTiles>
    <StaticTiles />
  </TransInfo>
  <TransInfo Description="Rock to Beach" HashKey="501212501212121212">
    <MapTiles>
      <MapTile TileID="294" AltIDMod="0" />
    </MapTiles>
    <StaticTiles />
  </TransInfo>
  <TransInfo Description="Rock to Beach" HashKey="121212501212501212">
    <MapTiles>
      <MapTile TileID="294" AltIDMod="0" />
    </MapTiles>
    <StaticTiles />
  </TransInfo>
  <TransInfo Description="Rock to Beach" HashKey="121212501212121212">
    <MapTiles>
      <MapTile TileID="294" AltIDMod="0" />
    </MapTiles>
    <StaticTiles />
  </TransInfo>
  <TransInfo Description="Rock to Beach" HashKey="501212121212501212">
    <MapTiles>
      <MapTile TileID="294" AltIDMod="0" />
    </MapTiles>
    <StaticTiles />
  </TransInfo>
  <TransInfo Description="Rock to Beach" HashKey="121250121250121250">
    <MapTiles>
      <MapTile TileID="296" AltIDMod="0" />
    </MapTiles>
    <StaticTiles />
  </TransInfo>
  <TransInfo Description="Rock to Beach" HashKey="121212121250121250">
    <MapTiles>
      <MapTile TileID="296" AltIDMod="0" />
    </MapTiles>
    <StaticTiles />
  </TransInfo>
  <TransInfo Description="Rock to Beach" HashKey="121250121250121212">
    <MapTiles>
      <MapTile TileID="296" AltIDMod="0" />
    </MapTiles>
    <StaticTiles />
  </TransInfo>
  <TransInfo Description="Rock to Beach" HashKey="121212121250121212">
    <MapTiles>
      <MapTile TileID="296" AltIDMod="0" />
    </MapTiles>
    <StaticTiles />
  </TransInfo>
  <TransInfo Description="Rock to Beach" HashKey="121250121212121250">
    <MapTiles>
      <MapTile TileID="296" AltIDMod="0" />
    </MapTiles>
    <StaticTiles />
  </TransInfo>
  <TransInfo Description="Rock to Beach" HashKey="121212121212505050">
    <MapTiles>
      <MapTile TileID="297" AltIDMod="0" />
    </MapTiles>
    <StaticTiles />
  </TransInfo>
  <TransInfo Description="Rock to Beach" HashKey="121212121212505012">
    <MapTiles>
      <MapTile TileID="297" AltIDMod="0" />
    </MapTiles>
    <StaticTiles />
  </TransInfo>
  <TransInfo Description="Rock to Beach" HashKey="121212121212125050">
    <MapTiles>
      <MapTile TileID="297" AltIDMod="0" />
    </MapTiles>
    <StaticTiles />
  </TransInfo>
  <TransInfo Description="Rock to Beach" HashKey="121212121212125012">
    <MapTiles>
      <MapTile TileID="297" AltIDMod="0" />
    </MapTiles>
    <StaticTiles />
  </TransInfo>
  <TransInfo Description="Rock to Beach" HashKey="121212121212501250">
    <MapTiles>
      <MapTile TileID="297" AltIDMod="0" />
    </MapTiles>
    <StaticTiles />
  </TransInfo>
  <TransInfo Description="Rock to Beach" HashKey="121250121250505050">
    <MapTiles>
      <MapTile TileID="1981" AltIDMod="0" />    </MapTiles>
    <StaticTiles />
  </TransInfo>
  <TransInfo Description="Rock to Beach" HashKey="121212121250505050">
    <MapTiles>
      <MapTile TileID="1981" AltIDMod="0" />    </MapTiles>
    <StaticTiles />
  </TransInfo>
  <TransInfo Description="Rock to Beach" HashKey="121250121250125050">
    <MapTiles>
      <MapTile TileID="1981" AltIDMod="0" />    </MapTiles>
    <StaticTiles />
  </TransInfo>
  <TransInfo Description="Rock to Beach" HashKey="121212121250125050">
    <MapTiles>
      <MapTile TileID="1981" AltIDMod="0" />    </MapTiles>
    <StaticTiles />
  </TransInfo>
  <TransInfo Description="Rock to Beach" HashKey="121212121250125012">
    <MapTiles>
      <MapTile TileID="1981" AltIDMod="0" />    </MapTiles>
    <StaticTiles />
  </TransInfo>
  <TransInfo Description="Rock to Beach" HashKey="121250121212125050">
    <MapTiles>
      <MapTile TileID="1981" AltIDMod="0" />    </MapTiles>
    <StaticTiles />
  </TransInfo>
  <TransInfo Description="Rock to Beach" HashKey="121250121212505050">
    <MapTiles>
      <MapTile TileID="1981" AltIDMod="0" />    </MapTiles>
    <StaticTiles />
  </TransInfo>
  <TransInfo Description="Rock to Beach" HashKey="121250121212505012">
    <MapTiles>
      <MapTile TileID="1981" AltIDMod="0" />    </MapTiles>
    <StaticTiles />
  </TransInfo>
  <TransInfo Description="Rock to Beach" HashKey="121212121250501250">
    <MapTiles>
      <MapTile TileID="1981" AltIDMod="0" />    </MapTiles>
    <StaticTiles />
  </TransInfo>
  <TransInfo Description="Rock to Beach" HashKey="121250121250501250">
    <MapTiles>
      <MapTile TileID="1981" AltIDMod="0" />    </MapTiles>
    <StaticTiles />
  </TransInfo>
  <TransInfo Description="Rock to Beach" HashKey="121250121250505012">
    <MapTiles>
      <MapTile TileID="1981" AltIDMod="0" />    </MapTiles>
    <StaticTiles />
  </TransInfo>
  <TransInfo Description="Rock to Beach" HashKey="121250121250501212">
    <MapTiles>
      <MapTile TileID="1981" AltIDMod="0" />    </MapTiles>
    <StaticTiles />
  </TransInfo>
  <TransInfo Description="Rock to Beach" HashKey="121250121212125012">
    <MapTiles>
      <MapTile TileID="1981" AltIDMod="0" />    </MapTiles>
    <StaticTiles />
  </TransInfo>
  <TransInfo Description="Rock to Beach" HashKey="121212121250501212">
    <MapTiles>
      <MapTile TileID="1981" AltIDMod="0" />    </MapTiles>
    <StaticTiles />
  </TransInfo>
  <TransInfo Description="Rock to Beach" HashKey="121250121250125012">
    <MapTiles>
      <MapTile TileID="1981" AltIDMod="0" />    </MapTiles>
    <StaticTiles />
  </TransInfo>
  <TransInfo Description="Rock to Beach" HashKey="121250121212501250">
    <MapTiles>
      <MapTile TileID="1981" AltIDMod="0" />    </MapTiles>
    <StaticTiles />
  </TransInfo>
  <TransInfo Description="Rock to Beach" HashKey="121212121250505012">
    <MapTiles>
      <MapTile TileID="1981" AltIDMod="0" />    </MapTiles>
    <StaticTiles />
  </TransInfo>
  <TransInfo Description="Rock to Beach" HashKey="505050501212501212">
    <MapTiles>
      <MapTile TileID="1982" AltIDMod="0" />    </MapTiles>
    <StaticTiles />
  </TransInfo>
  <TransInfo Description="Rock to Beach" HashKey="505012501212501212">
    <MapTiles>
      <MapTile TileID="1982" AltIDMod="0" />    </MapTiles>
    <StaticTiles />
  </TransInfo>
  <TransInfo Description="Rock to Beach" HashKey="505050501212121212">
    <MapTiles>
      <MapTile TileID="1982" AltIDMod="0" />    </MapTiles>
    <StaticTiles />
  </TransInfo>
  <TransInfo Description="Rock to Beach" HashKey="505012501212121212">
    <MapTiles>
      <MapTile TileID="1982" AltIDMod="0" />    </MapTiles>
    <StaticTiles />
  </TransInfo>
  <TransInfo Description="Rock to Beach" HashKey="501250501212121212">
    <MapTiles>
      <MapTile TileID="1982" AltIDMod="0" />    </MapTiles>
    <StaticTiles />
  </TransInfo>
  <TransInfo Description="Rock to Beach" HashKey="505012121212501212">
    <MapTiles>
      <MapTile TileID="1982" AltIDMod="0" />    </MapTiles>
    <StaticTiles />
  </TransInfo>
  <TransInfo Description="Rock to Beach" HashKey="125050121212501212">
    <MapTiles>
      <MapTile TileID="1982" AltIDMod="0" />    </MapTiles>
    <StaticTiles />
  </TransInfo>
  <TransInfo Description="Rock to Beach" HashKey="501250121212501212">
    <MapTiles>
      <MapTile TileID="1982" AltIDMod="0" />    </MapTiles>
    <StaticTiles />
  </TransInfo>
  <TransInfo Description="Rock to Beach" HashKey="505050121212501212">
    <MapTiles>
      <MapTile TileID="1982" AltIDMod="0" />    </MapTiles>
    <StaticTiles />
  </TransInfo>
  <TransInfo Description="Rock to Beach" HashKey="125012501212121212">
    <MapTiles>
      <MapTile TileID="1982" AltIDMod="0" />    </MapTiles>
    <StaticTiles />
  </TransInfo>
  <TransInfo Description="Rock to Beach" HashKey="501250501212501212">
    <MapTiles>
      <MapTile TileID="1982" AltIDMod="0" />    </MapTiles>
    <StaticTiles />
  </TransInfo>
  <TransInfo Description="Rock to Beach" HashKey="121250501212501212">
    <MapTiles>
      <MapTile TileID="1982" AltIDMod="0" />    </MapTiles>
    <StaticTiles />
  </TransInfo>
  <TransInfo Description="Rock to Beach" HashKey="125050501212501212">
    <MapTiles>
      <MapTile TileID="1982" AltIDMod="0" />    </MapTiles>
    <StaticTiles />
  </TransInfo>
  <TransInfo Description="Rock to Beach" HashKey="121250501212121212">
    <MapTiles>
      <MapTile TileID="1982" AltIDMod="0" />    </MapTiles>
    <StaticTiles />
  </TransInfo>
  <TransInfo Description="Rock to Beach" HashKey="125012501212501212">
    <MapTiles>
      <MapTile TileID="1982" AltIDMod="0" />    </MapTiles>
    <StaticTiles />
  </TransInfo>
  <TransInfo Description="Rock to Beach" HashKey="125012121212501212">
    <MapTiles>
      <MapTile TileID="1982" AltIDMod="0" />    </MapTiles>
    <StaticTiles />
  </TransInfo>
  <TransInfo Description="Rock to Beach" HashKey="125050501212121212">
    <MapTiles>
      <MapTile TileID="1982" AltIDMod="0" />    </MapTiles>
    <StaticTiles />
  </TransInfo>
  <TransInfo Description="Rock to Beach" HashKey="501212501212505050">
    <MapTiles>
      <MapTile TileID="1983" AltIDMod="0" />    </MapTiles>
    <StaticTiles />
  </TransInfo>
  <TransInfo Description="Rock to Beach" HashKey="121212501212505050">
    <MapTiles>
      <MapTile TileID="1983" AltIDMod="0" />    </MapTiles>
    <StaticTiles />
  </TransInfo>
  <TransInfo Description="Rock to Beach" HashKey="501212501212505012">
    <MapTiles>
      <MapTile TileID="1983" AltIDMod="0" />    </MapTiles>
    <StaticTiles />
  </TransInfo>
  <TransInfo Description="Rock to Beach" HashKey="121212501212505012">
    <MapTiles>
      <MapTile TileID="1983" AltIDMod="0" />    </MapTiles>
    <StaticTiles />
  </TransInfo>
  <TransInfo Description="Rock to Beach" HashKey="121212501212125012">
    <MapTiles>
      <MapTile TileID="1983" AltIDMod="0" />    </MapTiles>
    <StaticTiles />
  </TransInfo>
  <TransInfo Description="Rock to Beach" HashKey="501212501212121250">
    <MapTiles>
      <MapTile TileID="1983" AltIDMod="0" />    </MapTiles>
    <StaticTiles />
  </TransInfo>
  <TransInfo Description="Rock to Beach" HashKey="501212121212505050">
    <MapTiles>
      <MapTile TileID="1983" AltIDMod="0" />    </MapTiles>
    <StaticTiles />
  </TransInfo>
  <TransInfo Description="Rock to Beach" HashKey="501212121212505012">
    <MapTiles>
      <MapTile TileID="1983" AltIDMod="0" />    </MapTiles>
    <StaticTiles />
  </TransInfo>
  <TransInfo Description="Rock to Beach" HashKey="501212121212125012">
    <MapTiles>
      <MapTile TileID="1983" AltIDMod="0" />    </MapTiles>
    <StaticTiles />
  </TransInfo>
  <TransInfo Description="Rock to Beach" HashKey="121212501212501250">
    <MapTiles>
      <MapTile TileID="1983" AltIDMod="0" />    </MapTiles>
    <StaticTiles />
  </TransInfo>
  <TransInfo Description="Rock to Beach" HashKey="501212501212501250">
    <MapTiles>
      <MapTile TileID="1983" AltIDMod="0" />    </MapTiles>
    <StaticTiles />
  </TransInfo>
  <TransInfo Description="Rock to Beach" HashKey="501212121212125050">
    <MapTiles>
      <MapTile TileID="1983" AltIDMod="0" />    </MapTiles>
    <StaticTiles />
  </TransInfo>
  <TransInfo Description="Rock to Beach" HashKey="501212501212125050">
    <MapTiles>
      <MapTile TileID="1983" AltIDMod="0" />    </MapTiles>
    <StaticTiles />
  </TransInfo>
  <TransInfo Description="Rock to Beach" HashKey="121212501212125050">
    <MapTiles>
      <MapTile TileID="1983" AltIDMod="0" />    </MapTiles>
    <StaticTiles />
  </TransInfo>
  <TransInfo Description="Rock to Beach" HashKey="121212501212121250">
    <MapTiles>
      <MapTile TileID="1983" AltIDMod="0" />    </MapTiles>
    <StaticTiles />
  </TransInfo>
  <TransInfo Description="Rock to Beach" HashKey="501212121212501250">
    <MapTiles>
      <MapTile TileID="1983" AltIDMod="0" />    </MapTiles>
    <StaticTiles />
  </TransInfo>
  <TransInfo Description="Rock to Beach" HashKey="501212501212125012">
    <MapTiles>
      <MapTile TileID="1983" AltIDMod="0" />    </MapTiles>
    <StaticTiles />
  </TransInfo>
  <TransInfo Description="Rock to Beach" HashKey="505050121250121250">
    <MapTiles>
      <MapTile TileID="1984" AltIDMod="0" />    </MapTiles>
    <StaticTiles />
  </TransInfo>
  <TransInfo Description="Rock to Beach" HashKey="505050121250121212">
    <MapTiles>
      <MapTile TileID="1984" AltIDMod="0" />    </MapTiles>
    <StaticTiles />
  </TransInfo>
  <TransInfo Description="Rock to Beach" HashKey="125050121250121250">
    <MapTiles>
      <MapTile TileID="1984" AltIDMod="0" />    </MapTiles>
    <StaticTiles />
  </TransInfo>
  <TransInfo Description="Rock to Beach" HashKey="125050121250121212">
    <MapTiles>
      <MapTile TileID="1984" AltIDMod="0" />    </MapTiles>
    <StaticTiles />
  </TransInfo>
  <TransInfo Description="Rock to Beach" HashKey="501212121250121250">
    <MapTiles>
      <MapTile TileID="1984" AltIDMod="0" />    </MapTiles>
    <StaticTiles />
  </TransInfo>
  <TransInfo Description="Rock to Beach" HashKey="501250121250121212">
    <MapTiles>
      <MapTile TileID="1984" AltIDMod="0" />    </MapTiles>
    <StaticTiles />
  </TransInfo>
  <TransInfo Description="Rock to Beach" HashKey="501250121250121250">
    <MapTiles>
      <MapTile TileID="1984" AltIDMod="0" />    </MapTiles>
    <StaticTiles />
  </TransInfo>
  <TransInfo Description="Rock to Beach" HashKey="505012121212121250">
    <MapTiles>
      <MapTile TileID="1984" AltIDMod="0" />    </MapTiles>
    <StaticTiles />
  </TransInfo>
  <TransInfo Description="Rock to Beach" HashKey="125012121212121250">
    <MapTiles>
      <MapTile TileID="1984" AltIDMod="0" />    </MapTiles>
    <StaticTiles />
  </TransInfo>
  <TransInfo Description="Rock to Beach" HashKey="505050121212121250">
    <MapTiles>
      <MapTile TileID="1984" AltIDMod="0" />    </MapTiles>
    <StaticTiles />
  </TransInfo>
  <TransInfo Description="Rock to Beach" HashKey="505012121250121212">
    <MapTiles>
      <MapTile TileID="1984" AltIDMod="0" />    </MapTiles>
    <StaticTiles />
  </TransInfo>
  <TransInfo Description="Rock to Beach" HashKey="125050121212121250">
    <MapTiles>
      <MapTile TileID="1984" AltIDMod="0" />    </MapTiles>
    <StaticTiles />
  </TransInfo>
  <TransInfo Description="Rock to Beach" HashKey="125012121250121212">
    <MapTiles>
      <MapTile TileID="1984" AltIDMod="0" />    </MapTiles>
    <StaticTiles />
  </TransInfo>
  <TransInfo Description="Rock to Beach" HashKey="501212121250121212">
    <MapTiles>
      <MapTile TileID="1984" AltIDMod="0" />    </MapTiles>
    <StaticTiles />
  </TransInfo>
  <TransInfo Description="Rock to Beach" HashKey="501250121212121250">
    <MapTiles>
      <MapTile TileID="1984" AltIDMod="0" />    </MapTiles>
    <StaticTiles />
  </TransInfo>
  <TransInfo Description="Rock to Beach" HashKey="125012121250121250">
    <MapTiles>
      <MapTile TileID="1984" AltIDMod="0" />    </MapTiles>
    <StaticTiles />
  </TransInfo>
  <TransInfo Description="Rock to Beach" HashKey="505012121250121250">
    <MapTiles>
      <MapTile TileID="1984" AltIDMod="0" />    </MapTiles>
    <StaticTiles />
  </TransInfo>
  <TransInfo Description="Rock to Beach" HashKey="501212121212121212">
    <MapTiles>
      <MapTile TileID="292" AltIDMod="0" />
    </MapTiles>
    <StaticTiles />
  </TransInfo>
  <TransInfo Description="Rock to Beach" HashKey="121212121212121250">
    <MapTiles>
      <MapTile TileID="290" AltIDMod="0" />
    </MapTiles>
    <StaticTiles />
  </TransInfo>
  <TransInfo Description="Rock to Beach" HashKey="121250121212121212">
    <MapTiles>
      <MapTile TileID="293" AltIDMod="0" />
    </MapTiles>
    <StaticTiles />
  </TransInfo>
  <TransInfo Description="Rock to Beach" HashKey="121212121212501212">
    <MapTiles>
      <MapTile TileID="291" AltIDMod="0" />
    </MapTiles>
    <StaticTiles />
  </TransInfo>
</Trans>