﻿<?xml version="1.0" encoding="utf-8"?>
<Trans>
    <TransInfo Description="Rock to Snow Without Static" HashKey="474747121212121212">
    <MapTiles>
      <MapTile TileID="276" AltIDMod="0" />
    </MapTiles>
    <StaticTiles />
  </TransInfo>
  <TransInfo Description="Rock to Snow Without Static" HashKey="124747121212121212">
    <MapTiles>
      <MapTile TileID="276" AltIDMod="0" />
    </MapTiles>
    <StaticTiles />
  </TransInfo>
  <TransInfo Description="Rock to Snow Without Static" HashKey="474712121212121212">
    <MapTiles>
      <MapTile TileID="276" AltIDMod="0" />
    </MapTiles>
    <StaticTiles />
  </TransInfo>
  <TransInfo Description="Rock to Snow Without Static" HashKey="124712121212121212">
    <MapTiles>
      <MapTile TileID="276" AltIDMod="0" />
    </MapTiles>
    <StaticTiles />
  </TransInfo>
  <TransInfo Description="Rock to Snow Without Static" HashKey="471247121212121212">
    <MapTiles>
      <MapTile TileID="276" AltIDMod="0" />
    </MapTiles>
    <StaticTiles />
  </TransInfo>
  <TransInfo Description="Rock to Snow Without Static" HashKey="471212471212471212">
    <MapTiles>
      <MapTile TileID="279" AltIDMod="0" />
    </MapTiles>
    <StaticTiles />
  </TransInfo>
  <TransInfo Description="Rock to Snow Without Static" HashKey="471212471212121212">
    <MapTiles>
      <MapTile TileID="279" AltIDMod="0" />
    </MapTiles>
    <StaticTiles />
  </TransInfo>
  <TransInfo Description="Rock to Snow Without Static" HashKey="121212471212471212">
    <MapTiles>
      <MapTile TileID="279" AltIDMod="0" />
    </MapTiles>
    <StaticTiles />
  </TransInfo>
  <TransInfo Description="Rock to Snow Without Static" HashKey="121212471212121212">
    <MapTiles>
      <MapTile TileID="279" AltIDMod="0" />
    </MapTiles>
    <StaticTiles />
  </TransInfo>
  <TransInfo Description="Rock to Snow Without Static" HashKey="471212121212471212">
    <MapTiles>
      <MapTile TileID="279" AltIDMod="0" />
    </MapTiles>
    <StaticTiles />
  </TransInfo>
  <TransInfo Description="Rock to Snow Without Static" HashKey="121247121247121247">
    <MapTiles>
      <MapTile TileID="277" AltIDMod="0" />
    </MapTiles>
    <StaticTiles />
  </TransInfo>
  <TransInfo Description="Rock to Snow Without Static" HashKey="121212121247121247">
    <MapTiles>
      <MapTile TileID="277" AltIDMod="0" />
    </MapTiles>
    <StaticTiles />
  </TransInfo>
  <TransInfo Description="Rock to Snow Without Static" HashKey="121247121247121212">
    <MapTiles>
      <MapTile TileID="277" AltIDMod="0" />
    </MapTiles>
    <StaticTiles />
  </TransInfo>
  <TransInfo Description="Rock to Snow Without Static" HashKey="121212121247121212">
    <MapTiles>
      <MapTile TileID="277" AltIDMod="0" />
    </MapTiles>
    <StaticTiles />
  </TransInfo>
  <TransInfo Description="Rock to Snow Without Static" HashKey="121247121212121247">
    <MapTiles>
      <MapTile TileID="277" AltIDMod="0" />
    </MapTiles>
    <StaticTiles />
  </TransInfo>
  <TransInfo Description="Rock to Snow Without Static" HashKey="121212121212474747">
    <MapTiles>
      <MapTile TileID="278" AltIDMod="0" />
    </MapTiles>
    <StaticTiles />
  </TransInfo>
  <TransInfo Description="Rock to Snow Without Static" HashKey="121212121212474712">
    <MapTiles>
      <MapTile TileID="278" AltIDMod="0" />
    </MapTiles>
    <StaticTiles />
  </TransInfo>
  <TransInfo Description="Rock to Snow Without Static" HashKey="121212121212124747">
    <MapTiles>
      <MapTile TileID="278" AltIDMod="0" />
    </MapTiles>
    <StaticTiles />
  </TransInfo>
  <TransInfo Description="Rock to Snow Without Static" HashKey="121212121212124712">
    <MapTiles>
      <MapTile TileID="278" AltIDMod="0" />
    </MapTiles>
    <StaticTiles />
  </TransInfo>
  <TransInfo Description="Rock to Snow Without Static" HashKey="121212121212471247">
    <MapTiles>
      <MapTile TileID="278" AltIDMod="0" />
    </MapTiles>
    <StaticTiles />
  </TransInfo>
  <TransInfo Description="Rock to Snow Without Static" HashKey="121247121247474747">
    <MapTiles>
      <MapTile TileID="270" AltIDMod="0" />    </MapTiles>
    <StaticTiles />
  </TransInfo>
  <TransInfo Description="Rock to Snow Without Static" HashKey="121212121247474747">
    <MapTiles>
      <MapTile TileID="270" AltIDMod="0" />    </MapTiles>
    <StaticTiles />
  </TransInfo>
  <TransInfo Description="Rock to Snow Without Static" HashKey="121247121247124747">
    <MapTiles>
      <MapTile TileID="270" AltIDMod="0" />    </MapTiles>
    <StaticTiles />
  </TransInfo>
  <TransInfo Description="Rock to Snow Without Static" HashKey="121212121247124747">
    <MapTiles>
      <MapTile TileID="270" AltIDMod="0" />    </MapTiles>
    <StaticTiles />
  </TransInfo>
  <TransInfo Description="Rock to Snow Without Static" HashKey="121212121247124712">
    <MapTiles>
      <MapTile TileID="270" AltIDMod="0" />    </MapTiles>
    <StaticTiles />
  </TransInfo>
  <TransInfo Description="Rock to Snow Without Static" HashKey="121247121212124747">
    <MapTiles>
      <MapTile TileID="270" AltIDMod="0" />    </MapTiles>
    <StaticTiles />
  </TransInfo>
  <TransInfo Description="Rock to Snow Without Static" HashKey="121247121212474747">
    <MapTiles>
      <MapTile TileID="270" AltIDMod="0" />    </MapTiles>
    <StaticTiles />
  </TransInfo>
  <TransInfo Description="Rock to Snow Without Static" HashKey="121247121212474712">
    <MapTiles>
      <MapTile TileID="270" AltIDMod="0" />    </MapTiles>
    <StaticTiles />
  </TransInfo>
  <TransInfo Description="Rock to Snow Without Static" HashKey="121212121247471247">
    <MapTiles>
      <MapTile TileID="270" AltIDMod="0" />    </MapTiles>
    <StaticTiles />
  </TransInfo>
  <TransInfo Description="Rock to Snow Without Static" HashKey="121247121247471247">
    <MapTiles>
      <MapTile TileID="270" AltIDMod="0" />    </MapTiles>
    <StaticTiles />
  </TransInfo>
  <TransInfo Description="Rock to Snow Without Static" HashKey="121247121247474712">
    <MapTiles>
      <MapTile TileID="270" AltIDMod="0" />    </MapTiles>
    <StaticTiles />
  </TransInfo>
  <TransInfo Description="Rock to Snow Without Static" HashKey="121247121247471212">
    <MapTiles>
      <MapTile TileID="270" AltIDMod="0" />    </MapTiles>
    <StaticTiles />
  </TransInfo>
  <TransInfo Description="Rock to Snow Without Static" HashKey="121247121212124712">
    <MapTiles>
      <MapTile TileID="270" AltIDMod="0" />    </MapTiles>
    <StaticTiles />
  </TransInfo>
  <TransInfo Description="Rock to Snow Without Static" HashKey="121212121247471212">
    <MapTiles>
      <MapTile TileID="270" AltIDMod="0" />    </MapTiles>
    <StaticTiles />
  </TransInfo>
  <TransInfo Description="Rock to Snow Without Static" HashKey="121247121247124712">
    <MapTiles>
      <MapTile TileID="270" AltIDMod="0" />    </MapTiles>
    <StaticTiles />
  </TransInfo>
  <TransInfo Description="Rock to Snow Without Static" HashKey="121247121212471247">
    <MapTiles>
      <MapTile TileID="270" AltIDMod="0" />    </MapTiles>
    <StaticTiles />
  </TransInfo>
  <TransInfo Description="Rock to Snow Without Static" HashKey="121212121247474712">
    <MapTiles>
      <MapTile TileID="270" AltIDMod="0" />    </MapTiles>
    <StaticTiles />
  </TransInfo>
  <TransInfo Description="Rock to Snow Without Static" HashKey="474747471212471212">
    <MapTiles>
      <MapTile TileID="268" AltIDMod="0" />    </MapTiles>
    <StaticTiles />
  </TransInfo>
  <TransInfo Description="Rock to Snow Without Static" HashKey="474712471212471212">
    <MapTiles>
      <MapTile TileID="268" AltIDMod="0" />    </MapTiles>
    <StaticTiles />
  </TransInfo>
  <TransInfo Description="Rock to Snow Without Static" HashKey="474747471212121212">
    <MapTiles>
      <MapTile TileID="268" AltIDMod="0" />    </MapTiles>
    <StaticTiles />
  </TransInfo>
  <TransInfo Description="Rock to Snow Without Static" HashKey="474712471212121212">
    <MapTiles>
      <MapTile TileID="268" AltIDMod="0" />    </MapTiles>
    <StaticTiles />
  </TransInfo>
  <TransInfo Description="Rock to Snow Without Static" HashKey="471247471212121212">
    <MapTiles>
      <MapTile TileID="268" AltIDMod="0" />    </MapTiles>
    <StaticTiles />
  </TransInfo>
  <TransInfo Description="Rock to Snow Without Static" HashKey="474712121212471212">
    <MapTiles>
      <MapTile TileID="268" AltIDMod="0" />    </MapTiles>
    <StaticTiles />
  </TransInfo>
  <TransInfo Description="Rock to Snow Without Static" HashKey="124747121212471212">
    <MapTiles>
      <MapTile TileID="268" AltIDMod="0" />    </MapTiles>
    <StaticTiles />
  </TransInfo>
  <TransInfo Description="Rock to Snow Without Static" HashKey="471247121212471212">
    <MapTiles>
      <MapTile TileID="268" AltIDMod="0" />    </MapTiles>
    <StaticTiles />
  </TransInfo>
  <TransInfo Description="Rock to Snow Without Static" HashKey="474747121212471212">
    <MapTiles>
      <MapTile TileID="268" AltIDMod="0" />    </MapTiles>
    <StaticTiles />
  </TransInfo>
  <TransInfo Description="Rock to Snow Without Static" HashKey="124712471212121212">
    <MapTiles>
      <MapTile TileID="268" AltIDMod="0" />    </MapTiles>
    <StaticTiles />
  </TransInfo>
  <TransInfo Description="Rock to Snow Without Static" HashKey="471247471212471212">
    <MapTiles>
      <MapTile TileID="268" AltIDMod="0" />    </MapTiles>
    <StaticTiles />
  </TransInfo>
  <TransInfo Description="Rock to Snow Without Static" HashKey="121247471212471212">
    <MapTiles>
      <MapTile TileID="268" AltIDMod="0" />    </MapTiles>
    <StaticTiles />
  </TransInfo>
  <TransInfo Description="Rock to Snow Without Static" HashKey="124747471212471212">
    <MapTiles>
      <MapTile TileID="268" AltIDMod="0" />    </MapTiles>
    <StaticTiles />
  </TransInfo>
  <TransInfo Description="Rock to Snow Without Static" HashKey="121247471212121212">
    <MapTiles>
      <MapTile TileID="268" AltIDMod="0" />    </MapTiles>
    <StaticTiles />
  </TransInfo>
  <TransInfo Description="Rock to Snow Without Static" HashKey="124712471212471212">
    <MapTiles>
      <MapTile TileID="268" AltIDMod="0" />    </MapTiles>
    <StaticTiles />
  </TransInfo>
  <TransInfo Description="Rock to Snow Without Static" HashKey="124712121212471212">
    <MapTiles>
      <MapTile TileID="268" AltIDMod="0" />    </MapTiles>
    <StaticTiles />
  </TransInfo>
  <TransInfo Description="Rock to Snow Without Static" HashKey="124747471212121212">
    <MapTiles>
      <MapTile TileID="268" AltIDMod="0" />    </MapTiles>
    <StaticTiles />
  </TransInfo>
  <TransInfo Description="Rock to Snow Without Static" HashKey="471212471212474747">
    <MapTiles>
      <MapTile TileID="271" AltIDMod="0" />    </MapTiles>
    <StaticTiles />
  </TransInfo>
  <TransInfo Description="Rock to Snow Without Static" HashKey="121212471212474747">
    <MapTiles>
      <MapTile TileID="271" AltIDMod="0" />    </MapTiles>
    <StaticTiles />
  </TransInfo>
  <TransInfo Description="Rock to Snow Without Static" HashKey="471212471212474712">
    <MapTiles>
      <MapTile TileID="271" AltIDMod="0" />    </MapTiles>
    <StaticTiles />
  </TransInfo>
  <TransInfo Description="Rock to Snow Without Static" HashKey="121212471212474712">
    <MapTiles>
      <MapTile TileID="271" AltIDMod="0" />    </MapTiles>
    <StaticTiles />
  </TransInfo>
  <TransInfo Description="Rock to Snow Without Static" HashKey="121212471212124712">
    <MapTiles>
      <MapTile TileID="271" AltIDMod="0" />    </MapTiles>
    <StaticTiles />
  </TransInfo>
  <TransInfo Description="Rock to Snow Without Static" HashKey="471212471212121247">
    <MapTiles>
      <MapTile TileID="271" AltIDMod="0" />    </MapTiles>
    <StaticTiles />
  </TransInfo>
  <TransInfo Description="Rock to Snow Without Static" HashKey="471212121212474747">
    <MapTiles>
      <MapTile TileID="271" AltIDMod="0" />    </MapTiles>
    <StaticTiles />
  </TransInfo>
  <TransInfo Description="Rock to Snow Without Static" HashKey="471212121212474712">
    <MapTiles>
      <MapTile TileID="271" AltIDMod="0" />    </MapTiles>
    <StaticTiles />
  </TransInfo>
  <TransInfo Description="Rock to Snow Without Static" HashKey="471212121212124712">
    <MapTiles>
      <MapTile TileID="271" AltIDMod="0" />    </MapTiles>
    <StaticTiles />
  </TransInfo>
  <TransInfo Description="Rock to Snow Without Static" HashKey="121212471212471247">
    <MapTiles>
      <MapTile TileID="271" AltIDMod="0" />    </MapTiles>
    <StaticTiles />
  </TransInfo>
  <TransInfo Description="Rock to Snow Without Static" HashKey="471212471212471247">
    <MapTiles>
      <MapTile TileID="271" AltIDMod="0" />    </MapTiles>
    <StaticTiles />
  </TransInfo>
  <TransInfo Description="Rock to Snow Without Static" HashKey="471212121212124747">
    <MapTiles>
      <MapTile TileID="271" AltIDMod="0" />    </MapTiles>
    <StaticTiles />
  </TransInfo>
  <TransInfo Description="Rock to Snow Without Static" HashKey="471212471212124747">
    <MapTiles>
      <MapTile TileID="271" AltIDMod="0" />    </MapTiles>
    <StaticTiles />
  </TransInfo>
  <TransInfo Description="Rock to Snow Without Static" HashKey="121212471212124747">
    <MapTiles>
      <MapTile TileID="271" AltIDMod="0" />    </MapTiles>
    <StaticTiles />
  </TransInfo>
  <TransInfo Description="Rock to Snow Without Static" HashKey="121212471212121247">
    <MapTiles>
      <MapTile TileID="271" AltIDMod="0" />    </MapTiles>
    <StaticTiles />
  </TransInfo>
  <TransInfo Description="Rock to Snow Without Static" HashKey="471212121212471247">
    <MapTiles>
      <MapTile TileID="271" AltIDMod="0" />    </MapTiles>
    <StaticTiles />
  </TransInfo>
  <TransInfo Description="Rock to Snow Without Static" HashKey="471212471212124712">
    <MapTiles>
      <MapTile TileID="271" AltIDMod="0" />    </MapTiles>
    <StaticTiles />
  </TransInfo>
  <TransInfo Description="Rock to Snow Without Static" HashKey="474747121247121247">
    <MapTiles>
      <MapTile TileID="269" AltIDMod="0" />    </MapTiles>
    <StaticTiles />
  </TransInfo>
  <TransInfo Description="Rock to Snow Without Static" HashKey="474747121247121212">
    <MapTiles>
      <MapTile TileID="269" AltIDMod="0" />    </MapTiles>
    <StaticTiles />
  </TransInfo>
  <TransInfo Description="Rock to Snow Without Static" HashKey="124747121247121247">
    <MapTiles>
      <MapTile TileID="269" AltIDMod="0" />    </MapTiles>
    <StaticTiles />
  </TransInfo>
  <TransInfo Description="Rock to Snow Without Static" HashKey="124747121247121212">
    <MapTiles>
      <MapTile TileID="269" AltIDMod="0" />    </MapTiles>
    <StaticTiles />
  </TransInfo>
  <TransInfo Description="Rock to Snow Without Static" HashKey="471212121247121247">
    <MapTiles>
      <MapTile TileID="269" AltIDMod="0" />    </MapTiles>
    <StaticTiles />
  </TransInfo>
  <TransInfo Description="Rock to Snow Without Static" HashKey="471247121247121212">
    <MapTiles>
      <MapTile TileID="269" AltIDMod="0" />    </MapTiles>
    <StaticTiles />
  </TransInfo>
  <TransInfo Description="Rock to Snow Without Static" HashKey="471247121247121247">
    <MapTiles>
      <MapTile TileID="269" AltIDMod="0" />    </MapTiles>
    <StaticTiles />
  </TransInfo>
  <TransInfo Description="Rock to Snow Without Static" HashKey="474712121212121247">
    <MapTiles>
      <MapTile TileID="269" AltIDMod="0" />    </MapTiles>
    <StaticTiles />
  </TransInfo>
  <TransInfo Description="Rock to Snow Without Static" HashKey="124712121212121247">
    <MapTiles>
      <MapTile TileID="269" AltIDMod="0" />    </MapTiles>
    <StaticTiles />
  </TransInfo>
  <TransInfo Description="Rock to Snow Without Static" HashKey="474747121212121247">
    <MapTiles>
      <MapTile TileID="269" AltIDMod="0" />    </MapTiles>
    <StaticTiles />
  </TransInfo>
  <TransInfo Description="Rock to Snow Without Static" HashKey="474712121247121212">
    <MapTiles>
      <MapTile TileID="269" AltIDMod="0" />    </MapTiles>
    <StaticTiles />
  </TransInfo>
  <TransInfo Description="Rock to Snow Without Static" HashKey="124747121212121247">
    <MapTiles>
      <MapTile TileID="269" AltIDMod="0" />    </MapTiles>
    <StaticTiles />
  </TransInfo>
  <TransInfo Description="Rock to Snow Without Static" HashKey="124712121247121212">
    <MapTiles>
      <MapTile TileID="269" AltIDMod="0" />    </MapTiles>
    <StaticTiles />
  </TransInfo>
  <TransInfo Description="Rock to Snow Without Static" HashKey="471212121247121212">
    <MapTiles>
      <MapTile TileID="269" AltIDMod="0" />    </MapTiles>
    <StaticTiles />
  </TransInfo>
  <TransInfo Description="Rock to Snow Without Static" HashKey="471247121212121247">
    <MapTiles>
      <MapTile TileID="269" AltIDMod="0" />    </MapTiles>
    <StaticTiles />
  </TransInfo>
  <TransInfo Description="Rock to Snow Without Static" HashKey="124712121247121247">
    <MapTiles>
      <MapTile TileID="269" AltIDMod="0" />    </MapTiles>
    <StaticTiles />
  </TransInfo>
  <TransInfo Description="Rock to Snow Without Static" HashKey="474712121247121247">
    <MapTiles>
      <MapTile TileID="269" AltIDMod="0" />    </MapTiles>
    <StaticTiles />
  </TransInfo>
  <TransInfo Description="Rock to Snow Without Static" HashKey="471212121212121212">
    <MapTiles>
      <MapTile TileID="274" AltIDMod="0" />
    </MapTiles>
    <StaticTiles />
  </TransInfo>
  <TransInfo Description="Rock to Snow Without Static" HashKey="121212121212121247">
    <MapTiles>
      <MapTile TileID="272" AltIDMod="0" />
    </MapTiles>
    <StaticTiles />
  </TransInfo>
  <TransInfo Description="Rock to Snow Without Static" HashKey="121247121212121212">
    <MapTiles>
      <MapTile TileID="275" AltIDMod="0" />
    </MapTiles>
    <StaticTiles />
  </TransInfo>
  <TransInfo Description="Rock to Snow Without Static" HashKey="121212121212471212">
    <MapTiles>
      <MapTile TileID="273" AltIDMod="0" />
    </MapTiles>
    <StaticTiles />
  </TransInfo>
</Trans>