﻿<?xml version="1.0" encoding="utf-8"?>
<Trans>
    <TransInfo Description="Rock to Forest Without Static" HashKey="3F3F3F121212121212">
    <MapTiles>
      <MapTile TileID="238" AltIDMod="0" />
    </MapTiles>
    <StaticTiles />
  </TransInfo>
  <TransInfo Description="Rock to Forest Without Static" HashKey="123F3F121212121212">
    <MapTiles>
      <MapTile TileID="238" AltIDMod="0" />
    </MapTiles>
    <StaticTiles />
  </TransInfo>
  <TransInfo Description="Rock to Forest Without Static" HashKey="3F3F12121212121212">
    <MapTiles>
      <MapTile TileID="238" AltIDMod="0" />
    </MapTiles>
    <StaticTiles />
  </TransInfo>
  <TransInfo Description="Rock to Forest Without Static" HashKey="123F12121212121212">
    <MapTiles>
      <MapTile TileID="238" AltIDMod="0" />
    </MapTiles>
    <StaticTiles />
  </TransInfo>
  <TransInfo Description="Rock to Forest Without Static" HashKey="3F123F121212121212">
    <MapTiles>
      <MapTile TileID="238" AltIDMod="0" />
    </MapTiles>
    <StaticTiles />
  </TransInfo>
  <TransInfo Description="Rock to Forest Without Static" HashKey="3F12123F12123F1212">
    <MapTiles>
      <MapTile TileID="237" AltIDMod="0" />
    </MapTiles>
    <StaticTiles />
  </TransInfo>
  <TransInfo Description="Rock to Forest Without Static" HashKey="3F12123F1212121212">
    <MapTiles>
      <MapTile TileID="237" AltIDMod="0" />
    </MapTiles>
    <StaticTiles />
  </TransInfo>
  <TransInfo Description="Rock to Forest Without Static" HashKey="1212123F12123F1212">
    <MapTiles>
      <MapTile TileID="237" AltIDMod="0" />
    </MapTiles>
    <StaticTiles />
  </TransInfo>
  <TransInfo Description="Rock to Forest Without Static" HashKey="1212123F1212121212">
    <MapTiles>
      <MapTile TileID="237" AltIDMod="0" />
    </MapTiles>
    <StaticTiles />
  </TransInfo>
  <TransInfo Description="Rock to Forest Without Static" HashKey="3F12121212123F1212">
    <MapTiles>
      <MapTile TileID="237" AltIDMod="0" />
    </MapTiles>
    <StaticTiles />
  </TransInfo>
  <TransInfo Description="Rock to Forest Without Static" HashKey="12123F12123F12123F">
    <MapTiles>
      <MapTile TileID="239" AltIDMod="0" />
    </MapTiles>
    <StaticTiles />
  </TransInfo>
  <TransInfo Description="Rock to Forest Without Static" HashKey="12121212123F12123F">
    <MapTiles>
      <MapTile TileID="239" AltIDMod="0" />
    </MapTiles>
    <StaticTiles />
  </TransInfo>
  <TransInfo Description="Rock to Forest Without Static" HashKey="12123F12123F121212">
    <MapTiles>
      <MapTile TileID="239" AltIDMod="0" />
    </MapTiles>
    <StaticTiles />
  </TransInfo>
  <TransInfo Description="Rock to Forest Without Static" HashKey="12121212123F121212">
    <MapTiles>
      <MapTile TileID="239" AltIDMod="0" />
    </MapTiles>
    <StaticTiles />
  </TransInfo>
  <TransInfo Description="Rock to Forest Without Static" HashKey="12123F12121212123F">
    <MapTiles>
      <MapTile TileID="239" AltIDMod="0" />
    </MapTiles>
    <StaticTiles />
  </TransInfo>
  <TransInfo Description="Rock to Forest Without Static" HashKey="1212121212123F3F3F">
    <MapTiles>
      <MapTile TileID="236" AltIDMod="0" />
    </MapTiles>
    <StaticTiles />
  </TransInfo>
  <TransInfo Description="Rock to Forest Without Static" HashKey="1212121212123F3F12">
    <MapTiles>
      <MapTile TileID="236" AltIDMod="0" />
    </MapTiles>
    <StaticTiles />
  </TransInfo>
  <TransInfo Description="Rock to Forest Without Static" HashKey="121212121212123F3F">
    <MapTiles>
      <MapTile TileID="236" AltIDMod="0" />
    </MapTiles>
    <StaticTiles />
  </TransInfo>
  <TransInfo Description="Rock to Forest Without Static" HashKey="121212121212123F12">
    <MapTiles>
      <MapTile TileID="236" AltIDMod="0" />
    </MapTiles>
    <StaticTiles />
  </TransInfo>
  <TransInfo Description="Rock to Forest Without Static" HashKey="1212121212123F123F">
    <MapTiles>
      <MapTile TileID="236" AltIDMod="0" />
    </MapTiles>
    <StaticTiles />
  </TransInfo>
  <TransInfo Description="Rock to Forest Without Static" HashKey="12123F12123F3F3F3F">
    <MapTiles>
      <MapTile TileID="243" AltIDMod="0" />    </MapTiles>
    <StaticTiles />
  </TransInfo>
  <TransInfo Description="Rock to Forest Without Static" HashKey="12121212123F3F3F3F">
    <MapTiles>
      <MapTile TileID="243" AltIDMod="0" />    </MapTiles>
    <StaticTiles />
  </TransInfo>
  <TransInfo Description="Rock to Forest Without Static" HashKey="12123F12123F123F3F">
    <MapTiles>
      <MapTile TileID="243" AltIDMod="0" />    </MapTiles>
    <StaticTiles />
  </TransInfo>
  <TransInfo Description="Rock to Forest Without Static" HashKey="12121212123F123F3F">
    <MapTiles>
      <MapTile TileID="243" AltIDMod="0" />    </MapTiles>
    <StaticTiles />
  </TransInfo>
  <TransInfo Description="Rock to Forest Without Static" HashKey="12121212123F123F12">
    <MapTiles>
      <MapTile TileID="243" AltIDMod="0" />    </MapTiles>
    <StaticTiles />
  </TransInfo>
  <TransInfo Description="Rock to Forest Without Static" HashKey="12123F121212123F3F">
    <MapTiles>
      <MapTile TileID="243" AltIDMod="0" />    </MapTiles>
    <StaticTiles />
  </TransInfo>
  <TransInfo Description="Rock to Forest Without Static" HashKey="12123F1212123F3F3F">
    <MapTiles>
      <MapTile TileID="243" AltIDMod="0" />    </MapTiles>
    <StaticTiles />
  </TransInfo>
  <TransInfo Description="Rock to Forest Without Static" HashKey="12123F1212123F3F12">
    <MapTiles>
      <MapTile TileID="243" AltIDMod="0" />    </MapTiles>
    <StaticTiles />
  </TransInfo>
  <TransInfo Description="Rock to Forest Without Static" HashKey="12121212123F3F123F">
    <MapTiles>
      <MapTile TileID="243" AltIDMod="0" />    </MapTiles>
    <StaticTiles />
  </TransInfo>
  <TransInfo Description="Rock to Forest Without Static" HashKey="12123F12123F3F123F">
    <MapTiles>
      <MapTile TileID="243" AltIDMod="0" />    </MapTiles>
    <StaticTiles />
  </TransInfo>
  <TransInfo Description="Rock to Forest Without Static" HashKey="12123F12123F3F3F12">
    <MapTiles>
      <MapTile TileID="243" AltIDMod="0" />    </MapTiles>
    <StaticTiles />
  </TransInfo>
  <TransInfo Description="Rock to Forest Without Static" HashKey="12123F12123F3F1212">
    <MapTiles>
      <MapTile TileID="243" AltIDMod="0" />    </MapTiles>
    <StaticTiles />
  </TransInfo>
  <TransInfo Description="Rock to Forest Without Static" HashKey="12123F121212123F12">
    <MapTiles>
      <MapTile TileID="243" AltIDMod="0" />    </MapTiles>
    <StaticTiles />
  </TransInfo>
  <TransInfo Description="Rock to Forest Without Static" HashKey="12121212123F3F1212">
    <MapTiles>
      <MapTile TileID="243" AltIDMod="0" />    </MapTiles>
    <StaticTiles />
  </TransInfo>
  <TransInfo Description="Rock to Forest Without Static" HashKey="12123F12123F123F12">
    <MapTiles>
      <MapTile TileID="243" AltIDMod="0" />    </MapTiles>
    <StaticTiles />
  </TransInfo>
  <TransInfo Description="Rock to Forest Without Static" HashKey="12123F1212123F123F">
    <MapTiles>
      <MapTile TileID="243" AltIDMod="0" />    </MapTiles>
    <StaticTiles />
  </TransInfo>
  <TransInfo Description="Rock to Forest Without Static" HashKey="12121212123F3F3F12">
    <MapTiles>
      <MapTile TileID="243" AltIDMod="0" />    </MapTiles>
    <StaticTiles />
  </TransInfo>
  <TransInfo Description="Rock to Forest Without Static" HashKey="3F3F3F3F12123F1212">
    <MapTiles>
      <MapTile TileID="241" AltIDMod="0" />    </MapTiles>
    <StaticTiles />
  </TransInfo>
  <TransInfo Description="Rock to Forest Without Static" HashKey="3F3F123F12123F1212">
    <MapTiles>
      <MapTile TileID="241" AltIDMod="0" />    </MapTiles>
    <StaticTiles />
  </TransInfo>
  <TransInfo Description="Rock to Forest Without Static" HashKey="3F3F3F3F1212121212">
    <MapTiles>
      <MapTile TileID="241" AltIDMod="0" />    </MapTiles>
    <StaticTiles />
  </TransInfo>
  <TransInfo Description="Rock to Forest Without Static" HashKey="3F3F123F1212121212">
    <MapTiles>
      <MapTile TileID="241" AltIDMod="0" />    </MapTiles>
    <StaticTiles />
  </TransInfo>
  <TransInfo Description="Rock to Forest Without Static" HashKey="3F123F3F1212121212">
    <MapTiles>
      <MapTile TileID="241" AltIDMod="0" />    </MapTiles>
    <StaticTiles />
  </TransInfo>
  <TransInfo Description="Rock to Forest Without Static" HashKey="3F3F121212123F1212">
    <MapTiles>
      <MapTile TileID="241" AltIDMod="0" />    </MapTiles>
    <StaticTiles />
  </TransInfo>
  <TransInfo Description="Rock to Forest Without Static" HashKey="123F3F1212123F1212">
    <MapTiles>
      <MapTile TileID="241" AltIDMod="0" />    </MapTiles>
    <StaticTiles />
  </TransInfo>
  <TransInfo Description="Rock to Forest Without Static" HashKey="3F123F1212123F1212">
    <MapTiles>
      <MapTile TileID="241" AltIDMod="0" />    </MapTiles>
    <StaticTiles />
  </TransInfo>
  <TransInfo Description="Rock to Forest Without Static" HashKey="3F3F3F1212123F1212">
    <MapTiles>
      <MapTile TileID="241" AltIDMod="0" />    </MapTiles>
    <StaticTiles />
  </TransInfo>
  <TransInfo Description="Rock to Forest Without Static" HashKey="123F123F1212121212">
    <MapTiles>
      <MapTile TileID="241" AltIDMod="0" />    </MapTiles>
    <StaticTiles />
  </TransInfo>
  <TransInfo Description="Rock to Forest Without Static" HashKey="3F123F3F12123F1212">
    <MapTiles>
      <MapTile TileID="241" AltIDMod="0" />    </MapTiles>
    <StaticTiles />
  </TransInfo>
  <TransInfo Description="Rock to Forest Without Static" HashKey="12123F3F12123F1212">
    <MapTiles>
      <MapTile TileID="241" AltIDMod="0" />    </MapTiles>
    <StaticTiles />
  </TransInfo>
  <TransInfo Description="Rock to Forest Without Static" HashKey="123F3F3F12123F1212">
    <MapTiles>
      <MapTile TileID="241" AltIDMod="0" />    </MapTiles>
    <StaticTiles />
  </TransInfo>
  <TransInfo Description="Rock to Forest Without Static" HashKey="12123F3F1212121212">
    <MapTiles>
      <MapTile TileID="241" AltIDMod="0" />    </MapTiles>
    <StaticTiles />
  </TransInfo>
  <TransInfo Description="Rock to Forest Without Static" HashKey="123F123F12123F1212">
    <MapTiles>
      <MapTile TileID="241" AltIDMod="0" />    </MapTiles>
    <StaticTiles />
  </TransInfo>
  <TransInfo Description="Rock to Forest Without Static" HashKey="123F121212123F1212">
    <MapTiles>
      <MapTile TileID="241" AltIDMod="0" />    </MapTiles>
    <StaticTiles />
  </TransInfo>
  <TransInfo Description="Rock to Forest Without Static" HashKey="123F3F3F1212121212">
    <MapTiles>
      <MapTile TileID="241" AltIDMod="0" />    </MapTiles>
    <StaticTiles />
  </TransInfo>
  <TransInfo Description="Rock to Forest Without Static" HashKey="3F12123F12123F3F3F">
    <MapTiles>
      <MapTile TileID="240" AltIDMod="0" />    </MapTiles>
    <StaticTiles />
  </TransInfo>
  <TransInfo Description="Rock to Forest Without Static" HashKey="1212123F12123F3F3F">
    <MapTiles>
      <MapTile TileID="240" AltIDMod="0" />    </MapTiles>
    <StaticTiles />
  </TransInfo>
  <TransInfo Description="Rock to Forest Without Static" HashKey="3F12123F12123F3F12">
    <MapTiles>
      <MapTile TileID="240" AltIDMod="0" />    </MapTiles>
    <StaticTiles />
  </TransInfo>
  <TransInfo Description="Rock to Forest Without Static" HashKey="1212123F12123F3F12">
    <MapTiles>
      <MapTile TileID="240" AltIDMod="0" />    </MapTiles>
    <StaticTiles />
  </TransInfo>
  <TransInfo Description="Rock to Forest Without Static" HashKey="1212123F1212123F12">
    <MapTiles>
      <MapTile TileID="240" AltIDMod="0" />    </MapTiles>
    <StaticTiles />
  </TransInfo>
  <TransInfo Description="Rock to Forest Without Static" HashKey="3F12123F121212123F">
    <MapTiles>
      <MapTile TileID="240" AltIDMod="0" />    </MapTiles>
    <StaticTiles />
  </TransInfo>
  <TransInfo Description="Rock to Forest Without Static" HashKey="3F12121212123F3F3F">
    <MapTiles>
      <MapTile TileID="240" AltIDMod="0" />    </MapTiles>
    <StaticTiles />
  </TransInfo>
  <TransInfo Description="Rock to Forest Without Static" HashKey="3F12121212123F3F12">
    <MapTiles>
      <MapTile TileID="240" AltIDMod="0" />    </MapTiles>
    <StaticTiles />
  </TransInfo>
  <TransInfo Description="Rock to Forest Without Static" HashKey="3F1212121212123F12">
    <MapTiles>
      <MapTile TileID="240" AltIDMod="0" />    </MapTiles>
    <StaticTiles />
  </TransInfo>
  <TransInfo Description="Rock to Forest Without Static" HashKey="1212123F12123F123F">
    <MapTiles>
      <MapTile TileID="240" AltIDMod="0" />    </MapTiles>
    <StaticTiles />
  </TransInfo>
  <TransInfo Description="Rock to Forest Without Static" HashKey="3F12123F12123F123F">
    <MapTiles>
      <MapTile TileID="240" AltIDMod="0" />    </MapTiles>
    <StaticTiles />
  </TransInfo>
  <TransInfo Description="Rock to Forest Without Static" HashKey="3F1212121212123F3F">
    <MapTiles>
      <MapTile TileID="240" AltIDMod="0" />    </MapTiles>
    <StaticTiles />
  </TransInfo>
  <TransInfo Description="Rock to Forest Without Static" HashKey="3F12123F1212123F3F">
    <MapTiles>
      <MapTile TileID="240" AltIDMod="0" />    </MapTiles>
    <StaticTiles />
  </TransInfo>
  <TransInfo Description="Rock to Forest Without Static" HashKey="1212123F1212123F3F">
    <MapTiles>
      <MapTile TileID="240" AltIDMod="0" />    </MapTiles>
    <StaticTiles />
  </TransInfo>
  <TransInfo Description="Rock to Forest Without Static" HashKey="1212123F121212123F">
    <MapTiles>
      <MapTile TileID="240" AltIDMod="0" />    </MapTiles>
    <StaticTiles />
  </TransInfo>
  <TransInfo Description="Rock to Forest Without Static" HashKey="3F12121212123F123F">
    <MapTiles>
      <MapTile TileID="240" AltIDMod="0" />    </MapTiles>
    <StaticTiles />
  </TransInfo>
  <TransInfo Description="Rock to Forest Without Static" HashKey="3F12123F1212123F12">
    <MapTiles>
      <MapTile TileID="240" AltIDMod="0" />    </MapTiles>
    <StaticTiles />
  </TransInfo>
  <TransInfo Description="Rock to Forest Without Static" HashKey="3F3F3F12123F12123F">
    <MapTiles>
      <MapTile TileID="242" AltIDMod="0" />    </MapTiles>
    <StaticTiles />
  </TransInfo>
  <TransInfo Description="Rock to Forest Without Static" HashKey="3F3F3F12123F121212">
    <MapTiles>
      <MapTile TileID="242" AltIDMod="0" />    </MapTiles>
    <StaticTiles />
  </TransInfo>
  <TransInfo Description="Rock to Forest Without Static" HashKey="123F3F12123F12123F">
    <MapTiles>
      <MapTile TileID="242" AltIDMod="0" />    </MapTiles>
    <StaticTiles />
  </TransInfo>
  <TransInfo Description="Rock to Forest Without Static" HashKey="123F3F12123F121212">
    <MapTiles>
      <MapTile TileID="242" AltIDMod="0" />    </MapTiles>
    <StaticTiles />
  </TransInfo>
  <TransInfo Description="Rock to Forest Without Static" HashKey="3F121212123F12123F">
    <MapTiles>
      <MapTile TileID="242" AltIDMod="0" />    </MapTiles>
    <StaticTiles />
  </TransInfo>
  <TransInfo Description="Rock to Forest Without Static" HashKey="3F123F12123F121212">
    <MapTiles>
      <MapTile TileID="242" AltIDMod="0" />    </MapTiles>
    <StaticTiles />
  </TransInfo>
  <TransInfo Description="Rock to Forest Without Static" HashKey="3F123F12123F12123F">
    <MapTiles>
      <MapTile TileID="242" AltIDMod="0" />    </MapTiles>
    <StaticTiles />
  </TransInfo>
  <TransInfo Description="Rock to Forest Without Static" HashKey="3F3F1212121212123F">
    <MapTiles>
      <MapTile TileID="242" AltIDMod="0" />    </MapTiles>
    <StaticTiles />
  </TransInfo>
  <TransInfo Description="Rock to Forest Without Static" HashKey="123F1212121212123F">
    <MapTiles>
      <MapTile TileID="242" AltIDMod="0" />    </MapTiles>
    <StaticTiles />
  </TransInfo>
  <TransInfo Description="Rock to Forest Without Static" HashKey="3F3F3F12121212123F">
    <MapTiles>
      <MapTile TileID="242" AltIDMod="0" />    </MapTiles>
    <StaticTiles />
  </TransInfo>
  <TransInfo Description="Rock to Forest Without Static" HashKey="3F3F1212123F121212">
    <MapTiles>
      <MapTile TileID="242" AltIDMod="0" />    </MapTiles>
    <StaticTiles />
  </TransInfo>
  <TransInfo Description="Rock to Forest Without Static" HashKey="123F3F12121212123F">
    <MapTiles>
      <MapTile TileID="242" AltIDMod="0" />    </MapTiles>
    <StaticTiles />
  </TransInfo>
  <TransInfo Description="Rock to Forest Without Static" HashKey="123F1212123F121212">
    <MapTiles>
      <MapTile TileID="242" AltIDMod="0" />    </MapTiles>
    <StaticTiles />
  </TransInfo>
  <TransInfo Description="Rock to Forest Without Static" HashKey="3F121212123F121212">
    <MapTiles>
      <MapTile TileID="242" AltIDMod="0" />    </MapTiles>
    <StaticTiles />
  </TransInfo>
  <TransInfo Description="Rock to Forest Without Static" HashKey="3F123F12121212123F">
    <MapTiles>
      <MapTile TileID="242" AltIDMod="0" />    </MapTiles>
    <StaticTiles />
  </TransInfo>
  <TransInfo Description="Rock to Forest Without Static" HashKey="123F1212123F12123F">
    <MapTiles>
      <MapTile TileID="242" AltIDMod="0" />    </MapTiles>
    <StaticTiles />
  </TransInfo>
  <TransInfo Description="Rock to Forest Without Static" HashKey="3F3F1212123F12123F">
    <MapTiles>
      <MapTile TileID="242" AltIDMod="0" />    </MapTiles>
    <StaticTiles />
  </TransInfo>
  <TransInfo Description="Rock to Forest Without Static" HashKey="3F1212121212121212">
    <MapTiles>
      <MapTile TileID="246" AltIDMod="0" />
    </MapTiles>
    <StaticTiles />
  </TransInfo>
  <TransInfo Description="Rock to Forest Without Static" HashKey="12121212121212123F">
    <MapTiles>
      <MapTile TileID="244" AltIDMod="0" />
    </MapTiles>
    <StaticTiles />
  </TransInfo>
  <TransInfo Description="Rock to Forest Without Static" HashKey="12123F121212121212">
    <MapTiles>
      <MapTile TileID="247" AltIDMod="0" />
    </MapTiles>
    <StaticTiles />
  </TransInfo>
  <TransInfo Description="Rock to Forest Without Static" HashKey="1212121212123F1212">
    <MapTiles>
      <MapTile TileID="245" AltIDMod="0" />
    </MapTiles>
    <StaticTiles />
  </TransInfo>
</Trans>