﻿<?xml version="1.0" encoding="utf-8"?>
<Static_Tiles>
    <Tile TileID="2760" X="668" Y="492" Z="21" Hue="0" />
    <Tile TileID="2760" X="668" Y="491" Z="21" Hue="0" />
    <Tile TileID="2760" X="668" Y="490" Z="21" Hue="0" />
    <Tile TileID="2760" X="667" Y="493" Z="21" Hue="0" />
    <Tile TileID="2760" X="667" Y="492" Z="21" Hue="0" />
    <Tile TileID="2760" X="667" Y="491" Z="21" Hue="0" />
    <Tile TileID="2760" X="667" Y="490" Z="21" Hue="0" />
    <Tile TileID="3711" X="670" Y="486" Z="21" Hue="0" />
    <Tile TileID="3645" X="674" Y="481" Z="21" Hue="0" />
    <Tile TileID="3645" X="674" Y="482" Z="30" Hue="0" />
    <Tile TileID="3645" X="674" Y="482" Z="21" Hue="0" />
    <Tile TileID="3645" X="674" Y="483" Z="27" Hue="0" />
    <Tile TileID="3645" X="674" Y="485" Z="27" Hue="0" />
    <Tile TileID="3649" X="674" Y="479" Z="25" Hue="0" />
    <Tile TileID="2807" X="673" Y="479" Z="21" Hue="0" />
    <Tile TileID="2807" X="672" Y="479" Z="21" Hue="0" />
    <Tile TileID="2806" X="669" Y="483" Z="21" Hue="0" />
    <Tile TileID="2806" X="669" Y="482" Z="21" Hue="0" />
    <Tile TileID="2806" X="669" Y="480" Z="21" Hue="0" />
    <Tile TileID="2755" X="669" Y="479" Z="21" Hue="0" />
    <Tile TileID="2760" X="689" Y="484" Z="21" Hue="0" />
    <Tile TileID="2760" X="689" Y="482" Z="21" Hue="0" />
    <Tile TileID="2760" X="688" Y="480" Z="21" Hue="0" />
    <Tile TileID="2760" X="688" Y="479" Z="21" Hue="0" />
    <Tile TileID="2760" X="687" Y="483" Z="21" Hue="0" />
    <Tile TileID="5404" X="691" Y="480" Z="21" Hue="0" />
    <Tile TileID="5404" X="689" Y="480" Z="21" Hue="0" />
    <Tile TileID="5404" X="687" Y="480" Z="21" Hue="0" />
    <Tile TileID="2768" X="694" Y="487" Z="21" Hue="0" />
    <Tile TileID="2768" X="693" Y="487" Z="21" Hue="0" />
    <Tile TileID="2768" X="692" Y="487" Z="21" Hue="0" />
    <Tile TileID="2768" X="691" Y="487" Z="21" Hue="0" />
    <Tile TileID="2768" X="689" Y="487" Z="21" Hue="0" />
    <Tile TileID="2768" X="688" Y="487" Z="21" Hue="0" />
    <Tile TileID="2768" X="687" Y="487" Z="21" Hue="0" />
    <Tile TileID="2765" X="686" Y="486" Z="21" Hue="0" />
    <Tile TileID="2765" X="686" Y="485" Z="21" Hue="0" />
    <Tile TileID="2760" X="694" Y="486" Z="21" Hue="0" />
    <Tile TileID="2760" X="694" Y="485" Z="21" Hue="0" />
    <Tile TileID="2760" X="694" Y="484" Z="21" Hue="0" />
    <Tile TileID="2760" X="694" Y="483" Z="21" Hue="0" />
    <Tile TileID="2760" X="694" Y="482" Z="21" Hue="0" />
    <Tile TileID="2760" X="694" Y="481" Z="21" Hue="0" />
    <Tile TileID="2760" X="694" Y="480" Z="21" Hue="0" />
    <Tile TileID="2760" X="694" Y="479" Z="21" Hue="0" />
    <Tile TileID="2760" X="693" Y="486" Z="21" Hue="0" />
    <Tile TileID="2760" X="693" Y="485" Z="21" Hue="0" />
    <Tile TileID="2760" X="693" Y="484" Z="21" Hue="0" />
    <Tile TileID="2760" X="693" Y="483" Z="21" Hue="0" />
    <Tile TileID="2760" X="693" Y="482" Z="21" Hue="0" />
    <Tile TileID="2760" X="693" Y="481" Z="21" Hue="0" />
    <Tile TileID="2760" X="693" Y="480" Z="21" Hue="0" />
    <Tile TileID="2760" X="693" Y="479" Z="21" Hue="0" />
    <Tile TileID="2760" X="693" Y="478" Z="21" Hue="0" />
    <Tile TileID="2760" X="692" Y="486" Z="21" Hue="0" />
    <Tile TileID="2760" X="692" Y="485" Z="21" Hue="0" />
    <Tile TileID="2760" X="692" Y="483" Z="21" Hue="0" />
    <Tile TileID="2760" X="692" Y="482" Z="21" Hue="0" />
    <Tile TileID="2760" X="692" Y="481" Z="21" Hue="0" />
    <Tile TileID="2760" X="692" Y="480" Z="21" Hue="0" />
    <Tile TileID="2760" X="692" Y="479" Z="21" Hue="0" />
    <Tile TileID="2760" X="692" Y="478" Z="21" Hue="0" />
    <Tile TileID="2763" X="686" Y="487" Z="21" Hue="0" />
    <Tile TileID="2760" X="692" Y="486" Z="21" Hue="0" />
    <Tile TileID="2760" X="692" Y="485" Z="21" Hue="0" />
    <Tile TileID="2760" X="692" Y="484" Z="21" Hue="0" />
    <Tile TileID="2760" X="692" Y="483" Z="21" Hue="0" />
    <Tile TileID="2760" X="692" Y="482" Z="21" Hue="0" />
    <Tile TileID="2760" X="692" Y="481" Z="21" Hue="0" />
    <Tile TileID="2760" X="692" Y="480" Z="21" Hue="0" />
    <Tile TileID="2760" X="692" Y="479" Z="21" Hue="0" />
    <Tile TileID="2760" X="691" Y="486" Z="21" Hue="0" />
    <Tile TileID="2760" X="691" Y="485" Z="21" Hue="0" />
    <Tile TileID="2760" X="691" Y="484" Z="21" Hue="0" />
    <Tile TileID="2760" X="691" Y="483" Z="21" Hue="0" />
    <Tile TileID="2760" X="691" Y="482" Z="21" Hue="0" />
    <Tile TileID="2760" X="690" Y="481" Z="21" Hue="0" />
    <Tile TileID="2760" X="688" Y="484" Z="21" Hue="0" />
    <Tile TileID="2760" X="687" Y="486" Z="21" Hue="0" />
    <Tile TileID="2760" X="687" Y="485" Z="21" Hue="0" />
    <Tile TileID="2760" X="687" Y="484" Z="21" Hue="0" />
    <Tile TileID="2760" X="687" Y="482" Z="21" Hue="0" />
    <Tile TileID="2760" X="687" Y="481" Z="21" Hue="0" />
    <Tile TileID="2760" X="687" Y="480" Z="21" Hue="0" />
    <Tile TileID="2760" X="687" Y="479" Z="21" Hue="0" />
    <Tile TileID="2760" X="686" Y="484" Z="21" Hue="0" />
    <Tile TileID="2760" X="686" Y="483" Z="21" Hue="0" />
    <Tile TileID="2760" X="686" Y="482" Z="21" Hue="0" />
    <Tile TileID="2760" X="686" Y="481" Z="21" Hue="0" />
    <Tile TileID="2760" X="686" Y="480" Z="21" Hue="0" />
    <Tile TileID="2760" X="686" Y="479" Z="21" Hue="0" />
    <Tile TileID="3752" X="664" Y="485" Z="20" Hue="0" />
    <Tile TileID="3745" X="663" Y="490" Z="40" Hue="0" />
    <Tile TileID="5404" X="684" Y="490" Z="21" Hue="0" />
    <Tile TileID="5404" X="681" Y="490" Z="21" Hue="0" />
    <Tile TileID="5404" X="672" Y="490" Z="21" Hue="0" />
    <Tile TileID="5404" X="669" Y="490" Z="21" Hue="0" />
    <Tile TileID="2768" X="691" Y="494" Z="21" Hue="0" />
    <Tile TileID="2768" X="690" Y="494" Z="21" Hue="0" />
    <Tile TileID="2768" X="689" Y="494" Z="21" Hue="0" />
    <Tile TileID="2768" X="688" Y="494" Z="21" Hue="0" />
    <Tile TileID="2768" X="687" Y="494" Z="21" Hue="0" />
    <Tile TileID="2768" X="686" Y="494" Z="21" Hue="0" />
    <Tile TileID="2768" X="685" Y="494" Z="21" Hue="0" />
    <Tile TileID="2768" X="684" Y="494" Z="21" Hue="0" />
    <Tile TileID="2768" X="683" Y="494" Z="21" Hue="0" />
    <Tile TileID="2768" X="682" Y="494" Z="21" Hue="0" />
    <Tile TileID="2768" X="681" Y="494" Z="21" Hue="0" />
    <Tile TileID="2768" X="680" Y="494" Z="21" Hue="0" />
    <Tile TileID="2768" X="679" Y="494" Z="21" Hue="0" />
    <Tile TileID="2768" X="678" Y="494" Z="21" Hue="0" />
    <Tile TileID="2768" X="677" Y="494" Z="21" Hue="0" />
    <Tile TileID="2768" X="676" Y="494" Z="21" Hue="0" />
    <Tile TileID="2768" X="675" Y="494" Z="21" Hue="0" />
    <Tile TileID="2768" X="674" Y="494" Z="21" Hue="0" />
    <Tile TileID="2768" X="673" Y="494" Z="21" Hue="0" />
    <Tile TileID="2768" X="672" Y="494" Z="21" Hue="0" />
    <Tile TileID="2768" X="671" Y="494" Z="21" Hue="0" />
    <Tile TileID="2768" X="670" Y="494" Z="21" Hue="0" />
    <Tile TileID="2768" X="669" Y="494" Z="21" Hue="0" />
    <Tile TileID="2768" X="668" Y="494" Z="21" Hue="0" />
    <Tile TileID="2768" X="667" Y="494" Z="21" Hue="0" />
    <Tile TileID="2767" X="692" Y="493" Z="21" Hue="0" />
    <Tile TileID="2767" X="692" Y="492" Z="21" Hue="0" />
    <Tile TileID="2767" X="692" Y="491" Z="21" Hue="0" />
    <Tile TileID="2767" X="692" Y="490" Z="21" Hue="0" />
    <Tile TileID="2766" X="691" Y="489" Z="21" Hue="0" />
    <Tile TileID="2766" X="690" Y="489" Z="21" Hue="0" />
    <Tile TileID="2766" X="689" Y="489" Z="21" Hue="0" />
    <Tile TileID="2766" X="688" Y="489" Z="21" Hue="0" />
    <Tile TileID="2766" X="686" Y="489" Z="21" Hue="0" />
    <Tile TileID="2766" X="685" Y="489" Z="21" Hue="0" />
    <Tile TileID="2766" X="684" Y="489" Z="21" Hue="0" />
    <Tile TileID="2766" X="683" Y="489" Z="21" Hue="0" />
    <Tile TileID="2766" X="682" Y="489" Z="21" Hue="0" />
    <Tile TileID="2766" X="681" Y="489" Z="21" Hue="0" />
    <Tile TileID="2766" X="678" Y="489" Z="21" Hue="0" />
    <Tile TileID="2766" X="677" Y="489" Z="21" Hue="0" />
    <Tile TileID="2766" X="676" Y="489" Z="21" Hue="0" />
    <Tile TileID="2766" X="675" Y="489" Z="21" Hue="0" />
    <Tile TileID="2766" X="674" Y="489" Z="21" Hue="0" />
    <Tile TileID="2766" X="673" Y="489" Z="21" Hue="0" />
    <Tile TileID="2766" X="672" Y="489" Z="21" Hue="0" />
    <Tile TileID="2766" X="671" Y="489" Z="21" Hue="0" />
    <Tile TileID="2766" X="670" Y="489" Z="21" Hue="0" />
    <Tile TileID="2766" X="669" Y="489" Z="21" Hue="0" />
    <Tile TileID="2766" X="668" Y="489" Z="21" Hue="0" />
    <Tile TileID="2766" X="667" Y="489" Z="21" Hue="0" />
    <Tile TileID="2765" X="666" Y="492" Z="21" Hue="0" />
    <Tile TileID="2765" X="666" Y="491" Z="21" Hue="0" />
    <Tile TileID="2765" X="666" Y="490" Z="21" Hue="0" />
    <Tile TileID="2764" X="692" Y="489" Z="21" Hue="0" />
    <Tile TileID="2763" X="666" Y="494" Z="21" Hue="0" />
    <Tile TileID="2762" X="666" Y="489" Z="21" Hue="0" />
    <Tile TileID="2761" X="692" Y="494" Z="21" Hue="0" />
    <Tile TileID="2760" X="691" Y="493" Z="21" Hue="0" />
    <Tile TileID="2760" X="691" Y="492" Z="21" Hue="0" />
    <Tile TileID="2760" X="691" Y="491" Z="21" Hue="0" />
    <Tile TileID="2760" X="691" Y="490" Z="21" Hue="0" />
    <Tile TileID="2760" X="690" Y="493" Z="21" Hue="0" />
    <Tile TileID="2760" X="690" Y="492" Z="21" Hue="0" />
    <Tile TileID="2760" X="690" Y="491" Z="21" Hue="0" />
    <Tile TileID="2760" X="690" Y="490" Z="21" Hue="0" />
    <Tile TileID="2760" X="689" Y="493" Z="21" Hue="0" />
    <Tile TileID="2760" X="689" Y="492" Z="21" Hue="0" />
    <Tile TileID="2760" X="689" Y="491" Z="21" Hue="0" />
    <Tile TileID="2760" X="689" Y="490" Z="21" Hue="0" />
    <Tile TileID="2760" X="688" Y="493" Z="21" Hue="0" />
    <Tile TileID="2760" X="688" Y="492" Z="21" Hue="0" />
    <Tile TileID="2760" X="688" Y="491" Z="21" Hue="0" />
    <Tile TileID="2760" X="687" Y="493" Z="21" Hue="0" />
    <Tile TileID="2760" X="687" Y="492" Z="21" Hue="0" />
    <Tile TileID="2760" X="687" Y="491" Z="21" Hue="0" />
    <Tile TileID="2760" X="687" Y="490" Z="21" Hue="0" />
    <Tile TileID="2760" X="686" Y="493" Z="21" Hue="0" />
    <Tile TileID="2760" X="686" Y="492" Z="21" Hue="0" />
    <Tile TileID="2760" X="686" Y="491" Z="21" Hue="0" />
    <Tile TileID="2760" X="686" Y="490" Z="21" Hue="0" />
    <Tile TileID="2760" X="685" Y="493" Z="21" Hue="0" />
    <Tile TileID="2760" X="685" Y="492" Z="21" Hue="0" />
    <Tile TileID="2760" X="685" Y="491" Z="21" Hue="0" />
    <Tile TileID="2760" X="685" Y="490" Z="21" Hue="0" />
    <Tile TileID="2760" X="684" Y="493" Z="21" Hue="0" />
    <Tile TileID="2760" X="684" Y="492" Z="21" Hue="0" />
    <Tile TileID="2760" X="684" Y="491" Z="21" Hue="0" />
    <Tile TileID="2760" X="684" Y="490" Z="21" Hue="0" />
    <Tile TileID="2760" X="683" Y="493" Z="21" Hue="0" />
    <Tile TileID="2760" X="683" Y="492" Z="21" Hue="0" />
    <Tile TileID="2760" X="683" Y="491" Z="21" Hue="0" />
    <Tile TileID="2760" X="683" Y="490" Z="21" Hue="0" />
    <Tile TileID="2760" X="682" Y="493" Z="21" Hue="0" />
    <Tile TileID="2760" X="682" Y="492" Z="21" Hue="0" />
    <Tile TileID="2760" X="682" Y="491" Z="21" Hue="0" />
    <Tile TileID="2760" X="682" Y="490" Z="21" Hue="0" />
    <Tile TileID="2760" X="681" Y="493" Z="21" Hue="0" />
    <Tile TileID="2760" X="681" Y="492" Z="21" Hue="0" />
    <Tile TileID="2760" X="681" Y="491" Z="21" Hue="0" />
    <Tile TileID="2760" X="680" Y="493" Z="21" Hue="0" />
    <Tile TileID="2760" X="680" Y="492" Z="21" Hue="0" />
    <Tile TileID="2760" X="680" Y="491" Z="21" Hue="0" />
    <Tile TileID="2760" X="680" Y="490" Z="21" Hue="0" />
    <Tile TileID="2760" X="679" Y="493" Z="21" Hue="0" />
    <Tile TileID="2760" X="679" Y="492" Z="21" Hue="0" />
    <Tile TileID="2760" X="679" Y="491" Z="21" Hue="0" />
    <Tile TileID="2760" X="679" Y="490" Z="21" Hue="0" />
    <Tile TileID="2760" X="678" Y="493" Z="21" Hue="0" />
    <Tile TileID="2760" X="678" Y="492" Z="21" Hue="0" />
    <Tile TileID="2760" X="678" Y="491" Z="21" Hue="0" />
    <Tile TileID="2760" X="678" Y="490" Z="21" Hue="0" />
    <Tile TileID="2760" X="677" Y="492" Z="21" Hue="0" />
    <Tile TileID="2760" X="677" Y="491" Z="21" Hue="0" />
    <Tile TileID="2760" X="677" Y="490" Z="21" Hue="0" />
    <Tile TileID="2760" X="676" Y="493" Z="21" Hue="0" />
    <Tile TileID="2760" X="676" Y="492" Z="21" Hue="0" />
    <Tile TileID="2760" X="676" Y="491" Z="21" Hue="0" />
    <Tile TileID="2760" X="676" Y="490" Z="21" Hue="0" />
    <Tile TileID="2760" X="675" Y="493" Z="21" Hue="0" />
    <Tile TileID="2760" X="675" Y="492" Z="21" Hue="0" />
    <Tile TileID="2760" X="675" Y="491" Z="21" Hue="0" />
    <Tile TileID="2760" X="675" Y="490" Z="21" Hue="0" />
    <Tile TileID="2760" X="674" Y="493" Z="21" Hue="0" />
    <Tile TileID="2760" X="674" Y="492" Z="21" Hue="0" />
    <Tile TileID="2760" X="674" Y="491" Z="21" Hue="0" />
    <Tile TileID="2760" X="674" Y="490" Z="21" Hue="0" />
    <Tile TileID="2760" X="673" Y="493" Z="21" Hue="0" />
    <Tile TileID="2760" X="673" Y="492" Z="21" Hue="0" />
    <Tile TileID="2760" X="673" Y="491" Z="21" Hue="0" />
    <Tile TileID="2760" X="673" Y="490" Z="21" Hue="0" />
    <Tile TileID="2760" X="672" Y="493" Z="21" Hue="0" />
    <Tile TileID="2760" X="672" Y="492" Z="21" Hue="0" />
    <Tile TileID="2760" X="672" Y="491" Z="21" Hue="0" />
    <Tile TileID="2760" X="672" Y="490" Z="21" Hue="0" />
    <Tile TileID="2760" X="671" Y="493" Z="21" Hue="0" />
    <Tile TileID="2760" X="671" Y="492" Z="21" Hue="0" />
    <Tile TileID="2760" X="671" Y="491" Z="21" Hue="0" />
    <Tile TileID="2760" X="671" Y="490" Z="21" Hue="0" />
    <Tile TileID="2760" X="670" Y="493" Z="21" Hue="0" />
    <Tile TileID="2760" X="670" Y="492" Z="21" Hue="0" />
    <Tile TileID="2760" X="670" Y="491" Z="21" Hue="0" />
    <Tile TileID="2760" X="670" Y="490" Z="21" Hue="0" />
    <Tile TileID="2760" X="669" Y="493" Z="21" Hue="0" />
    <Tile TileID="2760" X="669" Y="492" Z="21" Hue="0" />
    <Tile TileID="2760" X="669" Y="491" Z="21" Hue="0" />
    <Tile TileID="2760" X="669" Y="490" Z="21" Hue="0" />
    <Tile TileID="2760" X="668" Y="493" Z="21" Hue="0" />
    <Tile TileID="3645" X="674" Y="482" Z="27" Hue="0" />
    <Tile TileID="3645" X="674" Y="482" Z="24" Hue="0" />
    <Tile TileID="3645" X="674" Y="483" Z="24" Hue="0" />
    <Tile TileID="3645" X="674" Y="483" Z="21" Hue="0" />
    <Tile TileID="3645" X="674" Y="484" Z="33" Hue="0" />
    <Tile TileID="3645" X="674" Y="484" Z="30" Hue="0" />
    <Tile TileID="3645" X="674" Y="484" Z="27" Hue="0" />
    <Tile TileID="3645" X="674" Y="484" Z="24" Hue="0" />
    <Tile TileID="3645" X="674" Y="484" Z="21" Hue="0" />
    <Tile TileID="3645" X="674" Y="485" Z="30" Hue="0" />
    <Tile TileID="3645" X="674" Y="486" Z="27" Hue="0" />
    <Tile TileID="3645" X="674" Y="486" Z="24" Hue="0" />
    <Tile TileID="3645" X="674" Y="485" Z="24" Hue="0" />
    <Tile TileID="3645" X="674" Y="485" Z="21" Hue="0" />
    <Tile TileID="3645" X="674" Y="486" Z="21" Hue="0" />
    <Tile TileID="3645" X="669" Y="485" Z="27" Hue="0" />
    <Tile TileID="3645" X="669" Y="485" Z="24" Hue="0" />
    <Tile TileID="3645" X="669" Y="485" Z="21" Hue="0" />
    <Tile TileID="3645" X="669" Y="486" Z="29" Hue="0" />
    <Tile TileID="3645" X="669" Y="486" Z="26" Hue="0" />
    <Tile TileID="3645" X="669" Y="486" Z="26" Hue="0" />
    <Tile TileID="3645" X="669" Y="486" Z="23" Hue="0" />
    <Tile TileID="3645" X="669" Y="486" Z="20" Hue="0" />
    <Tile TileID="3645" X="669" Y="486" Z="20" Hue="0" />
    <Tile TileID="3645" X="669" Y="484" Z="29" Hue="0" />
    <Tile TileID="3645" X="669" Y="484" Z="26" Hue="0" />
    <Tile TileID="3645" X="669" Y="484" Z="23" Hue="0" />
    <Tile TileID="3645" X="669" Y="483" Z="33" Hue="0" />
    <Tile TileID="3645" X="669" Y="483" Z="30" Hue="0" />
    <Tile TileID="3645" X="669" Y="483" Z="27" Hue="0" />
    <Tile TileID="3645" X="669" Y="483" Z="24" Hue="0" />
    <Tile TileID="3645" X="669" Y="484" Z="20" Hue="0" />
    <Tile TileID="2760" X="689" Y="483" Z="21" Hue="0" />
    <Tile TileID="3645" X="669" Y="483" Z="21" Hue="0" />
    <Tile TileID="3649" X="674" Y="479" Z="29" Hue="0" />
    <Tile TileID="3649" X="674" Y="479" Z="20" Hue="0" />
    <Tile TileID="3649" X="674" Y="479" Z="20" Hue="0" />
    <Tile TileID="3649" X="673" Y="479" Z="25" Hue="0" />
    <Tile TileID="3649" X="674" Y="479" Z="21" Hue="0" />
    <Tile TileID="3649" X="673" Y="479" Z="21" Hue="0" />
    <Tile TileID="3649" X="672" Y="479" Z="29" Hue="0" />
    <Tile TileID="3649" X="672" Y="479" Z="25" Hue="0" />
    <Tile TileID="3649" X="672" Y="479" Z="21" Hue="0" />
    <Tile TileID="3649" X="671" Y="479" Z="25" Hue="0" />
    <Tile TileID="3649" X="671" Y="479" Z="21" Hue="0" />
    <Tile TileID="3649" X="670" Y="479" Z="28" Hue="0" />
    <Tile TileID="3649" X="670" Y="479" Z="24" Hue="0" />
    <Tile TileID="3649" X="670" Y="479" Z="20" Hue="0" />
    <Tile TileID="3649" X="669" Y="479" Z="29" Hue="0" />
    <Tile TileID="3649" X="669" Y="479" Z="25" Hue="0" />
    <Tile TileID="3649" X="669" Y="479" Z="21" Hue="0" />
    <Tile TileID="2809" X="674" Y="488" Z="21" Hue="0" />
    <Tile TileID="2809" X="673" Y="488" Z="21" Hue="0" />
    <Tile TileID="2809" X="672" Y="488" Z="21" Hue="0" />
    <Tile TileID="2807" X="676" Y="479" Z="21" Hue="0" />
    <Tile TileID="2807" X="675" Y="479" Z="21" Hue="0" />
    <Tile TileID="2807" X="674" Y="479" Z="21" Hue="0" />
    <Tile TileID="2807" X="671" Y="479" Z="21" Hue="0" />
    <Tile TileID="2807" X="670" Y="479" Z="21" Hue="0" />
    <Tile TileID="2806" X="669" Y="486" Z="21" Hue="0" />
    <Tile TileID="2806" X="669" Y="481" Z="21" Hue="0" />
    <Tile TileID="2750" X="676" Y="488" Z="21" Hue="0" />
    <Tile TileID="2750" X="676" Y="487" Z="21" Hue="0" />
    <Tile TileID="2750" X="676" Y="486" Z="21" Hue="0" />
    <Tile TileID="2750" X="676" Y="485" Z="21" Hue="0" />
    <Tile TileID="2750" X="676" Y="484" Z="21" Hue="0" />
    <Tile TileID="2750" X="676" Y="483" Z="21" Hue="0" />
    <Tile TileID="2750" X="676" Y="482" Z="21" Hue="0" />
    <Tile TileID="2750" X="676" Y="481" Z="21" Hue="0" />
    <Tile TileID="2750" X="676" Y="480" Z="21" Hue="0" />
    <Tile TileID="2750" X="675" Y="488" Z="21" Hue="0" />
    <Tile TileID="2750" X="675" Y="487" Z="21" Hue="0" />
    <Tile TileID="2750" X="675" Y="486" Z="21" Hue="0" />
    <Tile TileID="2750" X="675" Y="485" Z="21" Hue="0" />
    <Tile TileID="2750" X="675" Y="484" Z="21" Hue="0" />
    <Tile TileID="2750" X="675" Y="483" Z="21" Hue="0" />
    <Tile TileID="2750" X="675" Y="482" Z="21" Hue="0" />
    <Tile TileID="2750" X="675" Y="481" Z="21" Hue="0" />
    <Tile TileID="2750" X="675" Y="480" Z="21" Hue="0" />
    <Tile TileID="2750" X="674" Y="487" Z="21" Hue="0" />
    <Tile TileID="2750" X="674" Y="486" Z="21" Hue="0" />
    <Tile TileID="2750" X="674" Y="485" Z="21" Hue="0" />
    <Tile TileID="2750" X="674" Y="484" Z="21" Hue="0" />
    <Tile TileID="2750" X="674" Y="483" Z="21" Hue="0" />
    <Tile TileID="2750" X="674" Y="482" Z="21" Hue="0" />
    <Tile TileID="2750" X="674" Y="481" Z="21" Hue="0" />
    <Tile TileID="2750" X="674" Y="480" Z="21" Hue="0" />
    <Tile TileID="2750" X="673" Y="487" Z="21" Hue="0" />
    <Tile TileID="2750" X="673" Y="486" Z="21" Hue="0" />
    <Tile TileID="2750" X="673" Y="485" Z="21" Hue="0" />
    <Tile TileID="2750" X="673" Y="484" Z="21" Hue="0" />
    <Tile TileID="2750" X="673" Y="483" Z="21" Hue="0" />
    <Tile TileID="2750" X="673" Y="482" Z="21" Hue="0" />
    <Tile TileID="2750" X="673" Y="481" Z="21" Hue="0" />
    <Tile TileID="2750" X="673" Y="480" Z="21" Hue="0" />
    <Tile TileID="2750" X="672" Y="487" Z="21" Hue="0" />
    <Tile TileID="2750" X="672" Y="486" Z="21" Hue="0" />
    <Tile TileID="2750" X="672" Y="485" Z="21" Hue="0" />
    <Tile TileID="2750" X="672" Y="484" Z="21" Hue="0" />
    <Tile TileID="2750" X="672" Y="483" Z="21" Hue="0" />
    <Tile TileID="2750" X="672" Y="482" Z="21" Hue="0" />
    <Tile TileID="2750" X="672" Y="481" Z="21" Hue="0" />
    <Tile TileID="2750" X="672" Y="480" Z="21" Hue="0" />
    <Tile TileID="2750" X="671" Y="488" Z="21" Hue="0" />
    <Tile TileID="2750" X="671" Y="487" Z="21" Hue="0" />
    <Tile TileID="2750" X="671" Y="486" Z="21" Hue="0" />
    <Tile TileID="2750" X="671" Y="485" Z="21" Hue="0" />
    <Tile TileID="2750" X="671" Y="484" Z="21" Hue="0" />
    <Tile TileID="2750" X="671" Y="483" Z="21" Hue="0" />
    <Tile TileID="2750" X="671" Y="482" Z="21" Hue="0" />
    <Tile TileID="2750" X="671" Y="481" Z="21" Hue="0" />
    <Tile TileID="2750" X="671" Y="480" Z="21" Hue="0" />
    <Tile TileID="2750" X="670" Y="488" Z="21" Hue="0" />
    <Tile TileID="2750" X="670" Y="487" Z="21" Hue="0" />
    <Tile TileID="2750" X="670" Y="486" Z="21" Hue="0" />
    <Tile TileID="2750" X="670" Y="485" Z="21" Hue="0" />
    <Tile TileID="2750" X="670" Y="484" Z="21" Hue="0" />
    <Tile TileID="2750" X="670" Y="483" Z="21" Hue="0" />
    <Tile TileID="2750" X="670" Y="482" Z="21" Hue="0" />
    <Tile TileID="2750" X="670" Y="481" Z="21" Hue="0" />
    <Tile TileID="2750" X="670" Y="480" Z="21" Hue="0" />
    <Tile TileID="2768" X="690" Y="487" Z="21" Hue="0" />
    <Tile TileID="2806" X="669" Y="485" Z="21" Hue="0" />
    <Tile TileID="2806" X="669" Y="484" Z="21" Hue="0" />
    <Tile TileID="2760" X="692" Y="484" Z="21" Hue="0" />
    <Tile TileID="2760" X="691" Y="481" Z="21" Hue="0" />
    <Tile TileID="2760" X="691" Y="480" Z="21" Hue="0" />
    <Tile TileID="2760" X="691" Y="479" Z="21" Hue="0" />
    <Tile TileID="2760" X="690" Y="486" Z="21" Hue="0" />
    <Tile TileID="2760" X="690" Y="485" Z="21" Hue="0" />
    <Tile TileID="2760" X="690" Y="484" Z="21" Hue="0" />
    <Tile TileID="2760" X="690" Y="483" Z="21" Hue="0" />
    <Tile TileID="2760" X="690" Y="482" Z="21" Hue="0" />
    <Tile TileID="2760" X="690" Y="480" Z="21" Hue="0" />
    <Tile TileID="2760" X="690" Y="479" Z="21" Hue="0" />
    <Tile TileID="2760" X="689" Y="486" Z="21" Hue="0" />
    <Tile TileID="2760" X="689" Y="485" Z="21" Hue="0" />
    <Tile TileID="3752" X="664" Y="493" Z="20" Hue="0" />
    <Tile TileID="5404" X="678" Y="490" Z="21" Hue="0" />
    <Tile TileID="5404" X="675" Y="490" Z="21" Hue="0" />
    <Tile TileID="2766" X="687" Y="489" Z="21" Hue="0" />
    <Tile TileID="2766" X="680" Y="489" Z="21" Hue="0" />
    <Tile TileID="2766" X="679" Y="489" Z="21" Hue="0" />
    <Tile TileID="2765" X="666" Y="493" Z="21" Hue="0" />
    <Tile TileID="2760" X="688" Y="490" Z="21" Hue="0" />
    <Tile TileID="2760" X="689" Y="481" Z="21" Hue="0" />
    <Tile TileID="2760" X="689" Y="480" Z="21" Hue="0" />
    <Tile TileID="2760" X="689" Y="479" Z="21" Hue="0" />
    <Tile TileID="2760" X="688" Y="486" Z="21" Hue="0" />
    <Tile TileID="2760" X="688" Y="485" Z="21" Hue="0" />
    <Tile TileID="2760" X="688" Y="483" Z="21" Hue="0" />
    <Tile TileID="2760" X="688" Y="482" Z="21" Hue="0" />
    <Tile TileID="2760" X="688" Y="481" Z="21" Hue="0" />
    <Tile TileID="2760" X="681" Y="490" Z="21" Hue="0" />
    <Tile TileID="2760" X="677" Y="493" Z="21" Hue="0" />
</Static_Tiles>