﻿<?xml version="1.0" encoding="utf-8"?>
<Static_Tiles>
    <Tile TileID="936" X="645" Y="522" Z="1" Hue="0" />
    <Tile TileID="933" X="639" Y="525" Z="1" Hue="0" />
    <Tile TileID="933" X="639" Y="530" Z="1" Hue="0" />
    <Tile TileID="933" X="634" Y="530" Z="1" Hue="0" />
    <Tile TileID="3542" X="648" Y="524" Z="1" Hue="0" />
    <Tile TileID="3532" X="639" Y="527" Z="0" Hue="0" />
    <Tile TileID="10001" X="627" Y="525" Z="1" Hue="0" />
    <Tile TileID="10001" X="627" Y="524" Z="1" Hue="0" />
    <Tile TileID="936" X="649" Y="522" Z="1" Hue="0" />
    <Tile TileID="936" X="648" Y="522" Z="1" Hue="0" />
    <Tile TileID="936" X="647" Y="522" Z="1" Hue="0" />
    <Tile TileID="936" X="646" Y="522" Z="1" Hue="0" />
    <Tile TileID="936" X="631" Y="522" Z="1" Hue="0" />
    <Tile TileID="938" X="650" Y="522" Z="1" Hue="0" />
    <Tile TileID="938" X="639" Y="522" Z="1" Hue="0" />
    <Tile TileID="938" X="634" Y="522" Z="1" Hue="0" />
    <Tile TileID="938" X="627" Y="526" Z="1" Hue="0" />
    <Tile TileID="941" X="627" Y="522" Z="1" Hue="0" />
    <Tile TileID="10001" X="627" Y="523" Z="1" Hue="0" />
    <Tile TileID="943" X="648" Y="525" Z="-5" Hue="0" />
    <Tile TileID="943" X="639" Y="525" Z="-5" Hue="0" />
    <Tile TileID="943" X="639" Y="530" Z="-5" Hue="0" />
    <Tile TileID="943" X="634" Y="530" Z="-5" Hue="0" />
    <Tile TileID="943" X="627" Y="526" Z="-5" Hue="0" />
    <Tile TileID="3545" X="631" Y="525" Z="1" Hue="0" />
    <Tile TileID="3542" X="631" Y="524" Z="1" Hue="0" />
    <Tile TileID="3532" X="644" Y="525" Z="0" Hue="0" />
    <Tile TileID="936" X="643" Y="522" Z="1" Hue="0" />
    <Tile TileID="933" X="648" Y="525" Z="1" Hue="0" />
    <Tile TileID="936" X="641" Y="522" Z="1" Hue="0" />
    <Tile TileID="3545" X="637" Y="529" Z="1" Hue="0" />
    <Tile TileID="3544" X="637" Y="528" Z="1" Hue="0" />
    <Tile TileID="3544" X="636" Y="529" Z="1" Hue="0" />
    <Tile TileID="936" X="644" Y="522" Z="1" Hue="0" />
    <Tile TileID="936" X="642" Y="522" Z="1" Hue="0" />
    <Tile TileID="936" X="636" Y="522" Z="1" Hue="0" />
    <Tile TileID="936" X="633" Y="522" Z="1" Hue="0" />
    <Tile TileID="936" X="640" Y="522" Z="1" Hue="0" />
    <Tile TileID="936" X="638" Y="522" Z="1" Hue="0" />
    <Tile TileID="936" X="637" Y="522" Z="1" Hue="0" />
    <Tile TileID="936" X="630" Y="522" Z="1" Hue="0" />
    <Tile TileID="936" X="629" Y="522" Z="1" Hue="0" />
    <Tile TileID="936" X="628" Y="522" Z="1" Hue="0" />
    <Tile TileID="3542" X="636" Y="528" Z="1" Hue="0" />
    <Tile TileID="3543" X="630" Y="525" Z="1" Hue="0" />
    <Tile TileID="3542" X="630" Y="524" Z="1" Hue="0" />
    <Tile TileID="936" X="635" Y="522" Z="1" Hue="0" />
    <Tile TileID="936" X="632" Y="522" Z="1" Hue="0" />
    <Tile TileID="3545" X="647" Y="524" Z="1" Hue="0" />
</Static_Tiles>