﻿<?xml version="1.0" encoding="utf-8"?>
<Static_Tiles>
    <Tile TileID="2750" X="671" Y="484" Z="41" Hue="0" />
    <Tile TileID="2750" X="679" Y="481" Z="41" Hue="0" />
    <Tile TileID="2750" X="679" Y="480" Z="41" Hue="0" />
    <Tile TileID="2750" X="679" Y="479" Z="41" Hue="0" />
    <Tile TileID="2750" X="678" Y="483" Z="41" Hue="0" />
    <Tile TileID="2750" X="676" Y="481" Z="41" Hue="0" />
    <Tile TileID="2750" X="668" Y="481" Z="41" Hue="0" />
    <Tile TileID="2711" X="667" Y="490" Z="40" Hue="0" />
    <Tile TileID="2711" X="672" Y="490" Z="40" Hue="0" />
    <Tile TileID="2707" X="666" Y="479" Z="56" Hue="0" />
    <Tile TileID="2707" X="682" Y="479" Z="56" Hue="0" />
    <Tile TileID="2669" X="679" Y="480" Z="43" Hue="0" />
    <Tile TileID="2669" X="672" Y="480" Z="43" Hue="0" />
    <Tile TileID="2669" X="668" Y="480" Z="43" Hue="0" />
    <Tile TileID="6420" X="665" Y="480" Z="43" Hue="0" />
    <Tile TileID="2612" X="678" Y="483" Z="41" Hue="0" />
    <Tile TileID="2612" X="672" Y="483" Z="41" Hue="0" />
    <Tile TileID="2612" X="664" Y="483" Z="41" Hue="0" />
    <Tile TileID="2897" X="692" Y="493" Z="41" Hue="0" />
    <Tile TileID="2897" X="673" Y="494" Z="40" Hue="0" />
    <Tile TileID="2894" X="671" Y="494" Z="40" Hue="0" />
    <Tile TileID="2894" X="679" Y="494" Z="41" Hue="0" />
    <Tile TileID="2894" X="689" Y="493" Z="41" Hue="0" />
    <Tile TileID="4491" X="690" Y="493" Z="41" Hue="0" />
    <Tile TileID="4491" X="691" Y="493" Z="41" Hue="0" />
    <Tile TileID="2927" X="680" Y="493" Z="41" Hue="0" />
    <Tile TileID="2926" X="680" Y="494" Z="41" Hue="0" />
    <Tile TileID="2927" X="672" Y="493" Z="40" Hue="0" />
    <Tile TileID="2926" X="672" Y="494" Z="40" Hue="0" />
    <Tile TileID="2621" X="684" Y="490" Z="41" Hue="0" />
    <Tile TileID="2620" X="685" Y="490" Z="41" Hue="0" />
    <Tile TileID="2608" X="692" Y="490" Z="41" Hue="0" />
    <Tile TileID="2608" X="676" Y="490" Z="40" Hue="0" />
    <Tile TileID="2616" X="664" Y="494" Z="41" Hue="0" />
    <Tile TileID="2639" X="682" Y="479" Z="41" Hue="0" />
    <Tile TileID="2639" X="675" Y="479" Z="41" Hue="0" />
    <Tile TileID="2639" X="666" Y="479" Z="41" Hue="0" />
    <Tile TileID="2639" X="669" Y="479" Z="41" Hue="0" />
    <Tile TileID="2637" X="673" Y="490" Z="40" Hue="0" />
    <Tile TileID="2637" X="668" Y="490" Z="40" Hue="0" />
    <Tile TileID="2637" X="678" Y="490" Z="41" Hue="0" />
    <Tile TileID="2637" X="687" Y="490" Z="41" Hue="0" />
    <Tile TileID="2637" X="688" Y="490" Z="40" Hue="0" />
    <Tile TileID="2681" X="685" Y="492" Z="41" Hue="0" />
    <Tile TileID="2680" X="685" Y="493" Z="41" Hue="0" />
    <Tile TileID="2682" X="684" Y="493" Z="41" Hue="0" />
    <Tile TileID="2683" X="684" Y="492" Z="41" Hue="0" />
    <Tile TileID="2682" X="676" Y="493" Z="41" Hue="0" />
    <Tile TileID="2683" X="676" Y="492" Z="41" Hue="0" />
    <Tile TileID="2681" X="677" Y="492" Z="41" Hue="0" />
    <Tile TileID="2680" X="677" Y="493" Z="41" Hue="0" />
    <Tile TileID="2681" X="665" Y="491" Z="41" Hue="0" />
    <Tile TileID="2680" X="665" Y="492" Z="41" Hue="0" />
    <Tile TileID="2682" X="664" Y="492" Z="41" Hue="0" />
    <Tile TileID="2683" X="664" Y="491" Z="41" Hue="0" />
    <Tile TileID="2661" X="668" Y="480" Z="41" Hue="0" />
    <Tile TileID="2661" X="665" Y="480" Z="41" Hue="0" />
    <Tile TileID="2661" X="672" Y="480" Z="41" Hue="0" />
    <Tile TileID="2661" X="679" Y="480" Z="41" Hue="0" />
    <Tile TileID="2660" X="679" Y="479" Z="41" Hue="0" />
    <Tile TileID="2660" X="668" Y="479" Z="41" Hue="0" />
    <Tile TileID="2660" X="672" Y="479" Z="41" Hue="0" />
    <Tile TileID="2660" X="665" Y="479" Z="41" Hue="0" />
    <Tile TileID="2757" X="670" Y="490" Z="41" Hue="0" />
    <Tile TileID="2807" X="694" Y="490" Z="41" Hue="0" />
    <Tile TileID="2807" X="693" Y="490" Z="41" Hue="0" />
    <Tile TileID="2807" X="692" Y="490" Z="41" Hue="0" />
    <Tile TileID="2807" X="691" Y="490" Z="41" Hue="0" />
    <Tile TileID="2807" X="690" Y="490" Z="41" Hue="0" />
    <Tile TileID="2807" X="689" Y="490" Z="41" Hue="0" />
    <Tile TileID="2807" X="688" Y="490" Z="41" Hue="0" />
    <Tile TileID="2807" X="687" Y="490" Z="41" Hue="0" />
    <Tile TileID="2807" X="686" Y="490" Z="41" Hue="0" />
    <Tile TileID="2807" X="685" Y="490" Z="41" Hue="0" />
    <Tile TileID="2807" X="684" Y="490" Z="41" Hue="0" />
    <Tile TileID="2807" X="683" Y="490" Z="41" Hue="0" />
    <Tile TileID="2807" X="682" Y="490" Z="41" Hue="0" />
    <Tile TileID="2807" X="681" Y="490" Z="41" Hue="0" />
    <Tile TileID="2807" X="680" Y="490" Z="41" Hue="0" />
    <Tile TileID="2807" X="679" Y="490" Z="41" Hue="0" />
    <Tile TileID="2807" X="678" Y="490" Z="41" Hue="0" />
    <Tile TileID="2807" X="677" Y="490" Z="41" Hue="0" />
    <Tile TileID="2807" X="676" Y="490" Z="41" Hue="0" />
    <Tile TileID="2807" X="675" Y="490" Z="41" Hue="0" />
    <Tile TileID="2807" X="669" Y="490" Z="41" Hue="0" />
    <Tile TileID="2807" X="668" Y="490" Z="41" Hue="0" />
    <Tile TileID="2807" X="667" Y="490" Z="41" Hue="0" />
    <Tile TileID="2807" X="665" Y="490" Z="41" Hue="0" />
    <Tile TileID="2807" X="664" Y="490" Z="41" Hue="0" />
    <Tile TileID="2808" X="670" Y="496" Z="41" Hue="0" />
    <Tile TileID="2808" X="670" Y="495" Z="41" Hue="0" />
    <Tile TileID="2808" X="670" Y="494" Z="41" Hue="0" />
    <Tile TileID="2808" X="670" Y="493" Z="41" Hue="0" />
    <Tile TileID="2809" X="681" Y="485" Z="41" Hue="0" />
    <Tile TileID="2809" X="680" Y="485" Z="41" Hue="0" />
    <Tile TileID="2809" X="678" Y="485" Z="41" Hue="0" />
    <Tile TileID="2809" X="677" Y="485" Z="41" Hue="0" />
    <Tile TileID="2809" X="675" Y="485" Z="41" Hue="0" />
    <Tile TileID="2809" X="674" Y="485" Z="41" Hue="0" />
    <Tile TileID="2809" X="673" Y="485" Z="41" Hue="0" />
    <Tile TileID="2809" X="672" Y="485" Z="41" Hue="0" />
    <Tile TileID="2809" X="671" Y="485" Z="41" Hue="0" />
    <Tile TileID="2809" X="670" Y="485" Z="41" Hue="0" />
    <Tile TileID="2809" X="669" Y="485" Z="41" Hue="0" />
    <Tile TileID="2809" X="668" Y="485" Z="41" Hue="0" />
    <Tile TileID="2809" X="667" Y="485" Z="41" Hue="0" />
    <Tile TileID="2809" X="666" Y="485" Z="41" Hue="0" />
    <Tile TileID="2809" X="691" Y="496" Z="41" Hue="0" />
    <Tile TileID="2809" X="690" Y="496" Z="41" Hue="0" />
    <Tile TileID="2809" X="689" Y="496" Z="41" Hue="0" />
    <Tile TileID="2750" X="694" Y="495" Z="41" Hue="0" />
    <Tile TileID="2750" X="693" Y="495" Z="41" Hue="0" />
    <Tile TileID="2750" X="692" Y="495" Z="41" Hue="0" />
    <Tile TileID="2750" X="691" Y="495" Z="41" Hue="0" />
    <Tile TileID="2750" X="690" Y="495" Z="41" Hue="0" />
    <Tile TileID="2750" X="689" Y="495" Z="41" Hue="0" />
    <Tile TileID="2750" X="688" Y="495" Z="41" Hue="0" />
    <Tile TileID="2750" X="687" Y="495" Z="41" Hue="0" />
    <Tile TileID="2750" X="686" Y="495" Z="41" Hue="0" />
    <Tile TileID="2750" X="685" Y="495" Z="41" Hue="0" />
    <Tile TileID="2750" X="684" Y="495" Z="41" Hue="0" />
    <Tile TileID="2750" X="683" Y="495" Z="41" Hue="0" />
    <Tile TileID="2750" X="684" Y="496" Z="41" Hue="0" />
    <Tile TileID="2750" X="684" Y="495" Z="41" Hue="0" />
    <Tile TileID="2750" X="684" Y="494" Z="41" Hue="0" />
    <Tile TileID="2750" X="684" Y="493" Z="41" Hue="0" />
    <Tile TileID="2750" X="684" Y="492" Z="41" Hue="0" />
    <Tile TileID="2750" X="684" Y="491" Z="41" Hue="0" />
    <Tile TileID="2750" X="694" Y="495" Z="41" Hue="0" />
    <Tile TileID="2750" X="694" Y="494" Z="41" Hue="0" />
    <Tile TileID="2750" X="694" Y="493" Z="41" Hue="0" />
    <Tile TileID="2750" X="694" Y="492" Z="41" Hue="0" />
    <Tile TileID="2750" X="694" Y="491" Z="41" Hue="0" />
    <Tile TileID="2750" X="693" Y="495" Z="41" Hue="0" />
    <Tile TileID="2750" X="693" Y="494" Z="41" Hue="0" />
    <Tile TileID="2750" X="693" Y="493" Z="41" Hue="0" />
    <Tile TileID="2750" X="693" Y="492" Z="41" Hue="0" />
    <Tile TileID="2750" X="693" Y="491" Z="41" Hue="0" />
    <Tile TileID="2750" X="692" Y="495" Z="41" Hue="0" />
    <Tile TileID="2750" X="692" Y="494" Z="41" Hue="0" />
    <Tile TileID="2750" X="692" Y="493" Z="41" Hue="0" />
    <Tile TileID="2750" X="692" Y="492" Z="41" Hue="0" />
    <Tile TileID="2750" X="677" Y="495" Z="41" Hue="0" />
    <Tile TileID="2750" X="677" Y="494" Z="41" Hue="0" />
    <Tile TileID="2750" X="680" Y="496" Z="41" Hue="0" />
    <Tile TileID="2750" X="680" Y="495" Z="41" Hue="0" />
    <Tile TileID="2750" X="678" Y="495" Z="41" Hue="0" />
    <Tile TileID="2750" X="683" Y="494" Z="41" Hue="0" />
    <Tile TileID="2750" X="683" Y="493" Z="41" Hue="0" />
    <Tile TileID="2750" X="683" Y="492" Z="41" Hue="0" />
    <Tile TileID="2750" X="683" Y="491" Z="41" Hue="0" />
    <Tile TileID="2750" X="682" Y="496" Z="41" Hue="0" />
    <Tile TileID="2750" X="682" Y="495" Z="41" Hue="0" />
    <Tile TileID="2750" X="682" Y="494" Z="41" Hue="0" />
    <Tile TileID="2750" X="682" Y="493" Z="41" Hue="0" />
    <Tile TileID="2750" X="682" Y="491" Z="41" Hue="0" />
    <Tile TileID="2750" X="681" Y="496" Z="41" Hue="0" />
    <Tile TileID="2750" X="681" Y="495" Z="41" Hue="0" />
    <Tile TileID="2750" X="681" Y="494" Z="41" Hue="0" />
    <Tile TileID="2750" X="681" Y="493" Z="41" Hue="0" />
    <Tile TileID="2750" X="676" Y="496" Z="41" Hue="0" />
    <Tile TileID="2750" X="676" Y="495" Z="41" Hue="0" />
    <Tile TileID="2750" X="676" Y="494" Z="41" Hue="0" />
    <Tile TileID="2750" X="676" Y="493" Z="41" Hue="0" />
    <Tile TileID="2750" X="676" Y="492" Z="41" Hue="0" />
    <Tile TileID="2750" X="676" Y="491" Z="41" Hue="0" />
    <Tile TileID="2750" X="684" Y="481" Z="41" Hue="0" />
    <Tile TileID="2750" X="684" Y="480" Z="41" Hue="0" />
    <Tile TileID="2750" X="683" Y="482" Z="41" Hue="0" />
    <Tile TileID="2750" X="683" Y="479" Z="41" Hue="0" />
    <Tile TileID="2750" X="682" Y="484" Z="41" Hue="0" />
    <Tile TileID="2750" X="682" Y="483" Z="41" Hue="0" />
    <Tile TileID="2750" X="681" Y="479" Z="41" Hue="0" />
    <Tile TileID="2750" X="680" Y="484" Z="41" Hue="0" />
    <Tile TileID="2750" X="680" Y="483" Z="41" Hue="0" />
    <Tile TileID="2750" X="680" Y="482" Z="41" Hue="0" />
    <Tile TileID="2750" X="680" Y="481" Z="41" Hue="0" />
    <Tile TileID="2750" X="680" Y="480" Z="41" Hue="0" />
    <Tile TileID="2750" X="680" Y="479" Z="41" Hue="0" />
    <Tile TileID="2750" X="679" Y="484" Z="41" Hue="0" />
    <Tile TileID="2750" X="679" Y="483" Z="41" Hue="0" />
    <Tile TileID="2750" X="679" Y="482" Z="41" Hue="0" />
    <Tile TileID="2750" X="678" Y="484" Z="41" Hue="0" />
    <Tile TileID="2750" X="678" Y="480" Z="41" Hue="0" />
    <Tile TileID="2750" X="678" Y="479" Z="41" Hue="0" />
    <Tile TileID="2750" X="677" Y="484" Z="41" Hue="0" />
    <Tile TileID="2750" X="677" Y="483" Z="41" Hue="0" />
    <Tile TileID="2750" X="677" Y="482" Z="41" Hue="0" />
    <Tile TileID="2750" X="677" Y="481" Z="41" Hue="0" />
    <Tile TileID="2750" X="676" Y="484" Z="41" Hue="0" />
    <Tile TileID="2750" X="676" Y="483" Z="41" Hue="0" />
    <Tile TileID="2750" X="676" Y="482" Z="41" Hue="0" />
    <Tile TileID="2750" X="668" Y="482" Z="41" Hue="0" />
    <Tile TileID="2750" X="668" Y="480" Z="41" Hue="0" />
    <Tile TileID="2750" X="668" Y="479" Z="41" Hue="0" />
    <Tile TileID="2750" X="667" Y="484" Z="41" Hue="0" />
    <Tile TileID="2750" X="667" Y="483" Z="41" Hue="0" />
    <Tile TileID="2750" X="667" Y="482" Z="41" Hue="0" />
    <Tile TileID="2750" X="667" Y="481" Z="41" Hue="0" />
    <Tile TileID="2750" X="667" Y="480" Z="41" Hue="0" />
    <Tile TileID="2750" X="667" Y="479" Z="41" Hue="0" />
    <Tile TileID="2750" X="666" Y="484" Z="41" Hue="0" />
    <Tile TileID="2750" X="666" Y="483" Z="41" Hue="0" />
    <Tile TileID="2750" X="666" Y="482" Z="41" Hue="0" />
    <Tile TileID="2750" X="666" Y="481" Z="41" Hue="0" />
    <Tile TileID="2750" X="666" Y="480" Z="41" Hue="0" />
    <Tile TileID="2750" X="666" Y="479" Z="41" Hue="0" />
    <Tile TileID="2750" X="665" Y="484" Z="41" Hue="0" />
    <Tile TileID="2750" X="665" Y="483" Z="41" Hue="0" />
    <Tile TileID="2750" X="665" Y="482" Z="41" Hue="0" />
    <Tile TileID="2750" X="665" Y="481" Z="41" Hue="0" />
    <Tile TileID="2750" X="665" Y="480" Z="41" Hue="0" />
    <Tile TileID="2750" X="665" Y="479" Z="41" Hue="0" />
    <Tile TileID="2750" X="664" Y="484" Z="41" Hue="0" />
    <Tile TileID="2750" X="664" Y="483" Z="41" Hue="0" />
    <Tile TileID="2750" X="664" Y="482" Z="41" Hue="0" />
    <Tile TileID="2750" X="664" Y="481" Z="41" Hue="0" />
    <Tile TileID="2750" X="664" Y="480" Z="41" Hue="0" />
    <Tile TileID="2750" X="664" Y="479" Z="41" Hue="0" />
    <Tile TileID="2750" X="669" Y="496" Z="41" Hue="0" />
    <Tile TileID="2750" X="669" Y="495" Z="41" Hue="0" />
    <Tile TileID="2750" X="669" Y="494" Z="41" Hue="0" />
    <Tile TileID="2750" X="669" Y="493" Z="41" Hue="0" />
    <Tile TileID="2750" X="669" Y="492" Z="41" Hue="0" />
    <Tile TileID="2750" X="669" Y="491" Z="41" Hue="0" />
    <Tile TileID="2750" X="668" Y="496" Z="41" Hue="0" />
    <Tile TileID="2750" X="668" Y="495" Z="41" Hue="0" />
    <Tile TileID="2750" X="668" Y="494" Z="41" Hue="0" />
    <Tile TileID="2750" X="668" Y="493" Z="41" Hue="0" />
    <Tile TileID="2750" X="668" Y="492" Z="41" Hue="0" />
    <Tile TileID="2750" X="668" Y="491" Z="41" Hue="0" />
    <Tile TileID="2750" X="667" Y="496" Z="41" Hue="0" />
    <Tile TileID="2750" X="667" Y="495" Z="41" Hue="0" />
    <Tile TileID="2750" X="667" Y="494" Z="41" Hue="0" />
    <Tile TileID="2750" X="667" Y="493" Z="41" Hue="0" />
    <Tile TileID="2750" X="667" Y="492" Z="41" Hue="0" />
    <Tile TileID="2750" X="667" Y="491" Z="41" Hue="0" />
    <Tile TileID="2750" X="666" Y="496" Z="41" Hue="0" />
    <Tile TileID="2750" X="666" Y="495" Z="41" Hue="0" />
    <Tile TileID="2750" X="666" Y="494" Z="41" Hue="0" />
    <Tile TileID="2750" X="666" Y="493" Z="41" Hue="0" />
    <Tile TileID="2750" X="666" Y="492" Z="41" Hue="0" />
    <Tile TileID="2750" X="666" Y="491" Z="41" Hue="0" />
    <Tile TileID="2750" X="665" Y="496" Z="41" Hue="0" />
    <Tile TileID="2750" X="665" Y="495" Z="41" Hue="0" />
    <Tile TileID="2750" X="665" Y="494" Z="41" Hue="0" />
    <Tile TileID="2750" X="665" Y="493" Z="41" Hue="0" />
    <Tile TileID="2750" X="665" Y="492" Z="41" Hue="0" />
    <Tile TileID="2750" X="665" Y="491" Z="41" Hue="0" />
    <Tile TileID="2750" X="664" Y="496" Z="41" Hue="0" />
    <Tile TileID="2750" X="664" Y="495" Z="41" Hue="0" />
    <Tile TileID="2750" X="664" Y="494" Z="41" Hue="0" />
    <Tile TileID="2750" X="664" Y="493" Z="41" Hue="0" />
    <Tile TileID="2750" X="664" Y="492" Z="41" Hue="0" />
    <Tile TileID="2750" X="664" Y="491" Z="41" Hue="0" />
    <Tile TileID="2750" X="681" Y="493" Z="41" Hue="0" />
    <Tile TileID="2750" X="681" Y="492" Z="41" Hue="0" />
    <Tile TileID="2750" X="681" Y="491" Z="41" Hue="0" />
    <Tile TileID="2750" X="680" Y="493" Z="41" Hue="0" />
    <Tile TileID="2750" X="680" Y="492" Z="41" Hue="0" />
    <Tile TileID="2750" X="680" Y="491" Z="41" Hue="0" />
    <Tile TileID="2750" X="679" Y="493" Z="41" Hue="0" />
    <Tile TileID="2750" X="679" Y="492" Z="41" Hue="0" />
    <Tile TileID="2750" X="679" Y="491" Z="41" Hue="0" />
    <Tile TileID="2750" X="678" Y="493" Z="41" Hue="0" />
    <Tile TileID="2750" X="678" Y="492" Z="41" Hue="0" />
    <Tile TileID="2750" X="678" Y="491" Z="41" Hue="0" />
    <Tile TileID="2750" X="677" Y="493" Z="41" Hue="0" />
    <Tile TileID="2750" X="677" Y="492" Z="41" Hue="0" />
    <Tile TileID="2750" X="677" Y="491" Z="41" Hue="0" />
    <Tile TileID="2750" X="692" Y="494" Z="41" Hue="0" />
    <Tile TileID="2750" X="692" Y="493" Z="41" Hue="0" />
    <Tile TileID="2750" X="692" Y="492" Z="41" Hue="0" />
    <Tile TileID="2750" X="692" Y="491" Z="41" Hue="0" />
    <Tile TileID="2750" X="691" Y="494" Z="41" Hue="0" />
    <Tile TileID="2750" X="691" Y="493" Z="41" Hue="0" />
    <Tile TileID="2750" X="691" Y="492" Z="41" Hue="0" />
    <Tile TileID="2750" X="691" Y="491" Z="41" Hue="0" />
    <Tile TileID="2750" X="690" Y="494" Z="41" Hue="0" />
    <Tile TileID="2750" X="690" Y="493" Z="41" Hue="0" />
    <Tile TileID="2750" X="690" Y="492" Z="41" Hue="0" />
    <Tile TileID="2750" X="690" Y="491" Z="41" Hue="0" />
    <Tile TileID="2750" X="689" Y="494" Z="41" Hue="0" />
    <Tile TileID="2750" X="689" Y="493" Z="41" Hue="0" />
    <Tile TileID="2750" X="689" Y="492" Z="41" Hue="0" />
    <Tile TileID="2750" X="689" Y="491" Z="41" Hue="0" />
    <Tile TileID="2750" X="688" Y="494" Z="41" Hue="0" />
    <Tile TileID="2750" X="688" Y="493" Z="41" Hue="0" />
    <Tile TileID="2750" X="688" Y="492" Z="41" Hue="0" />
    <Tile TileID="2750" X="688" Y="491" Z="41" Hue="0" />
    <Tile TileID="2750" X="687" Y="494" Z="41" Hue="0" />
    <Tile TileID="2750" X="687" Y="493" Z="41" Hue="0" />
    <Tile TileID="2750" X="687" Y="491" Z="41" Hue="0" />
    <Tile TileID="2750" X="686" Y="494" Z="41" Hue="0" />
    <Tile TileID="2750" X="686" Y="493" Z="41" Hue="0" />
    <Tile TileID="2750" X="686" Y="492" Z="41" Hue="0" />
    <Tile TileID="2750" X="686" Y="491" Z="41" Hue="0" />
    <Tile TileID="2750" X="685" Y="494" Z="41" Hue="0" />
    <Tile TileID="2750" X="685" Y="493" Z="41" Hue="0" />
    <Tile TileID="2750" X="685" Y="492" Z="41" Hue="0" />
    <Tile TileID="2750" X="685" Y="491" Z="41" Hue="0" />
    <Tile TileID="2897" X="681" Y="494" Z="41" Hue="0" />
    <Tile TileID="2807" X="666" Y="490" Z="41" Hue="0" />
    <Tile TileID="2808" X="670" Y="492" Z="41" Hue="0" />
    <Tile TileID="2808" X="670" Y="491" Z="41" Hue="0" />
    <Tile TileID="2809" X="679" Y="485" Z="41" Hue="0" />
    <Tile TileID="2809" X="676" Y="485" Z="41" Hue="0" />
    <Tile TileID="2750" X="692" Y="491" Z="41" Hue="0" />
    <Tile TileID="2750" X="677" Y="496" Z="41" Hue="0" />
    <Tile TileID="2750" X="680" Y="494" Z="41" Hue="0" />
    <Tile TileID="2750" X="679" Y="496" Z="41" Hue="0" />
    <Tile TileID="2750" X="679" Y="495" Z="41" Hue="0" />
    <Tile TileID="2750" X="679" Y="494" Z="41" Hue="0" />
    <Tile TileID="2750" X="678" Y="496" Z="41" Hue="0" />
    <Tile TileID="2750" X="678" Y="494" Z="41" Hue="0" />
    <Tile TileID="2750" X="683" Y="495" Z="41" Hue="0" />
    <Tile TileID="2750" X="682" Y="492" Z="41" Hue="0" />
    <Tile TileID="2750" X="681" Y="492" Z="41" Hue="0" />
    <Tile TileID="2750" X="681" Y="491" Z="41" Hue="0" />
    <Tile TileID="2750" X="684" Y="484" Z="41" Hue="0" />
    <Tile TileID="2750" X="684" Y="483" Z="41" Hue="0" />
    <Tile TileID="2750" X="684" Y="482" Z="41" Hue="0" />
    <Tile TileID="2750" X="684" Y="479" Z="41" Hue="0" />
    <Tile TileID="2750" X="683" Y="484" Z="41" Hue="0" />
    <Tile TileID="2750" X="683" Y="483" Z="41" Hue="0" />
    <Tile TileID="2750" X="683" Y="481" Z="41" Hue="0" />
    <Tile TileID="2750" X="683" Y="480" Z="41" Hue="0" />
    <Tile TileID="2750" X="682" Y="482" Z="41" Hue="0" />
    <Tile TileID="2750" X="682" Y="481" Z="41" Hue="0" />
    <Tile TileID="2750" X="682" Y="480" Z="41" Hue="0" />
    <Tile TileID="2750" X="682" Y="479" Z="41" Hue="0" />
    <Tile TileID="2750" X="681" Y="484" Z="41" Hue="0" />
    <Tile TileID="2750" X="681" Y="483" Z="41" Hue="0" />
    <Tile TileID="2750" X="681" Y="482" Z="41" Hue="0" />
    <Tile TileID="2750" X="681" Y="481" Z="41" Hue="0" />
    <Tile TileID="2750" X="681" Y="480" Z="41" Hue="0" />
    <Tile TileID="2750" X="683" Y="496" Z="41" Hue="0" />
    <Tile TileID="2750" X="678" Y="482" Z="41" Hue="0" />
    <Tile TileID="2750" X="678" Y="481" Z="41" Hue="0" />
    <Tile TileID="2750" X="677" Y="480" Z="41" Hue="0" />
    <Tile TileID="2750" X="677" Y="479" Z="41" Hue="0" />
    <Tile TileID="2750" X="676" Y="480" Z="41" Hue="0" />
    <Tile TileID="2750" X="676" Y="479" Z="41" Hue="0" />
    <Tile TileID="2750" X="675" Y="484" Z="41" Hue="0" />
    <Tile TileID="2750" X="675" Y="483" Z="41" Hue="0" />
    <Tile TileID="2750" X="675" Y="482" Z="41" Hue="0" />
    <Tile TileID="2750" X="675" Y="481" Z="41" Hue="0" />
    <Tile TileID="2750" X="675" Y="480" Z="41" Hue="0" />
    <Tile TileID="2750" X="675" Y="479" Z="41" Hue="0" />
    <Tile TileID="2750" X="674" Y="484" Z="41" Hue="0" />
    <Tile TileID="2750" X="674" Y="483" Z="41" Hue="0" />
    <Tile TileID="2750" X="674" Y="482" Z="41" Hue="0" />
    <Tile TileID="2750" X="674" Y="481" Z="41" Hue="0" />
    <Tile TileID="2750" X="674" Y="480" Z="41" Hue="0" />
    <Tile TileID="2750" X="674" Y="479" Z="41" Hue="0" />
    <Tile TileID="2750" X="673" Y="484" Z="41" Hue="0" />
    <Tile TileID="2750" X="673" Y="483" Z="41" Hue="0" />
    <Tile TileID="2750" X="673" Y="482" Z="41" Hue="0" />
    <Tile TileID="2750" X="673" Y="481" Z="41" Hue="0" />
    <Tile TileID="2750" X="673" Y="480" Z="41" Hue="0" />
    <Tile TileID="2750" X="673" Y="479" Z="41" Hue="0" />
    <Tile TileID="2750" X="672" Y="484" Z="41" Hue="0" />
    <Tile TileID="2750" X="672" Y="483" Z="41" Hue="0" />
    <Tile TileID="2750" X="672" Y="482" Z="41" Hue="0" />
    <Tile TileID="2750" X="672" Y="481" Z="41" Hue="0" />
    <Tile TileID="2750" X="672" Y="480" Z="41" Hue="0" />
    <Tile TileID="2750" X="672" Y="479" Z="41" Hue="0" />
    <Tile TileID="2750" X="671" Y="483" Z="41" Hue="0" />
    <Tile TileID="2750" X="671" Y="482" Z="41" Hue="0" />
    <Tile TileID="2750" X="671" Y="481" Z="41" Hue="0" />
    <Tile TileID="2750" X="671" Y="480" Z="41" Hue="0" />
    <Tile TileID="2750" X="671" Y="479" Z="41" Hue="0" />
    <Tile TileID="2750" X="670" Y="484" Z="41" Hue="0" />
    <Tile TileID="2750" X="670" Y="483" Z="41" Hue="0" />
    <Tile TileID="2750" X="670" Y="482" Z="41" Hue="0" />
    <Tile TileID="2750" X="670" Y="481" Z="41" Hue="0" />
    <Tile TileID="2750" X="670" Y="480" Z="41" Hue="0" />
    <Tile TileID="2750" X="670" Y="479" Z="41" Hue="0" />
    <Tile TileID="2750" X="669" Y="484" Z="41" Hue="0" />
    <Tile TileID="2750" X="669" Y="483" Z="41" Hue="0" />
    <Tile TileID="2750" X="669" Y="482" Z="41" Hue="0" />
    <Tile TileID="2750" X="669" Y="481" Z="41" Hue="0" />
    <Tile TileID="2750" X="669" Y="480" Z="41" Hue="0" />
    <Tile TileID="2750" X="669" Y="479" Z="41" Hue="0" />
    <Tile TileID="2750" X="668" Y="484" Z="41" Hue="0" />
    <Tile TileID="2750" X="668" Y="483" Z="41" Hue="0" />
    <Tile TileID="2750" X="687" Y="492" Z="41" Hue="0" />
</Static_Tiles>