﻿<?xml version="1.0" encoding="utf-8"?>
<Static_Tiles>
    <Tile TileID="3216" X="686" Y="520" Z="0" Hue="0" />
    <Tile TileID="3218" X="685" Y="520" Z="0" Hue="0" />
    <Tile TileID="1313" X="665" Y="505" Z="0" Hue="0" />
    <Tile TileID="1315" X="664" Y="521" Z="0" Hue="0" />
    <Tile TileID="3208" X="695" Y="509" Z="0" Hue="0" />
    <Tile TileID="3216" X="697" Y="506" Z="0" Hue="0" />
    <Tile TileID="3218" X="696" Y="506" Z="0" Hue="0" />
    <Tile TileID="3215" X="695" Y="506" Z="0" Hue="0" />
    <Tile TileID="1313" X="664" Y="505" Z="0" Hue="0" />
    <Tile TileID="1316" X="663" Y="521" Z="0" Hue="0" />
    <Tile TileID="3218" X="687" Y="506" Z="0" Hue="0" />
    <Tile TileID="1313" X="663" Y="505" Z="0" Hue="0" />
    <Tile TileID="1315" X="662" Y="521" Z="0" Hue="0" />
    <Tile TileID="1315" X="662" Y="520" Z="0" Hue="0" />
    <Tile TileID="1315" X="662" Y="519" Z="0" Hue="0" />
    <Tile TileID="1313" X="662" Y="518" Z="0" Hue="0" />
    <Tile TileID="1315" X="662" Y="517" Z="0" Hue="0" />
    <Tile TileID="1316" X="662" Y="516" Z="0" Hue="0" />
    <Tile TileID="1315" X="662" Y="515" Z="0" Hue="0" />
    <Tile TileID="1996" X="639" Y="530" Z="0" Hue="0" />
    <Tile TileID="1993" X="639" Y="529" Z="0" Hue="0" />
    <Tile TileID="1993" X="639" Y="528" Z="0" Hue="0" />
    <Tile TileID="1993" X="639" Y="527" Z="0" Hue="0" />
    <Tile TileID="1995" X="638" Y="530" Z="0" Hue="0" />
    <Tile TileID="1995" X="638" Y="529" Z="0" Hue="0" />
    <Tile TileID="1994" X="638" Y="528" Z="0" Hue="0" />
    <Tile TileID="1993" X="638" Y="527" Z="0" Hue="0" />
    <Tile TileID="1995" X="637" Y="530" Z="0" Hue="0" />
    <Tile TileID="1995" X="637" Y="529" Z="0" Hue="0" />
    <Tile TileID="1993" X="637" Y="528" Z="0" Hue="0" />
    <Tile TileID="1993" X="637" Y="527" Z="0" Hue="0" />
    <Tile TileID="1994" X="636" Y="530" Z="0" Hue="0" />
    <Tile TileID="1993" X="636" Y="529" Z="0" Hue="0" />
    <Tile TileID="1994" X="636" Y="528" Z="0" Hue="0" />
    <Tile TileID="1993" X="636" Y="527" Z="0" Hue="0" />
    <Tile TileID="1993" X="635" Y="530" Z="0" Hue="0" />
    <Tile TileID="1993" X="635" Y="529" Z="0" Hue="0" />
    <Tile TileID="1994" X="635" Y="528" Z="0" Hue="0" />
    <Tile TileID="1994" X="635" Y="527" Z="0" Hue="0" />
    <Tile TileID="1994" X="634" Y="530" Z="0" Hue="0" />
    <Tile TileID="1994" X="634" Y="529" Z="0" Hue="0" />
    <Tile TileID="1994" X="634" Y="528" Z="0" Hue="0" />
    <Tile TileID="1995" X="634" Y="527" Z="0" Hue="0" />
    <Tile TileID="1996" X="635" Y="526" Z="0" Hue="0" />
    <Tile TileID="1995" X="635" Y="525" Z="0" Hue="0" />
    <Tile TileID="1993" X="635" Y="524" Z="0" Hue="0" />
    <Tile TileID="1996" X="635" Y="523" Z="0" Hue="0" />
    <Tile TileID="1996" X="635" Y="522" Z="0" Hue="0" />
    <Tile TileID="1994" X="634" Y="526" Z="0" Hue="0" />
    <Tile TileID="1996" X="634" Y="525" Z="0" Hue="0" />
    <Tile TileID="1995" X="634" Y="524" Z="0" Hue="0" />
    <Tile TileID="0" X="0" Y="0" Z="0" Hue="0" />
    <Tile TileID="0" X="0" Y="0" Z="0" Hue="0" />
    <Tile TileID="0" X="0" Y="0" Z="0" Hue="0" />
    <Tile TileID="0" X="0" Y="0" Z="0" Hue="0" />
    <Tile TileID="1994" X="634" Y="523" Z="0" Hue="0" />
    <Tile TileID="1993" X="634" Y="522" Z="0" Hue="0" />
    <Tile TileID="1995" X="633" Y="526" Z="0" Hue="0" />
    <Tile TileID="1996" X="633" Y="525" Z="0" Hue="0" />
    <Tile TileID="1996" X="633" Y="524" Z="0" Hue="0" />
    <Tile TileID="1996" X="633" Y="523" Z="0" Hue="0" />
    <Tile TileID="1995" X="633" Y="522" Z="0" Hue="0" />
    <Tile TileID="1996" X="632" Y="526" Z="0" Hue="0" />
    <Tile TileID="1995" X="632" Y="525" Z="0" Hue="0" />
    <Tile TileID="1993" X="632" Y="524" Z="0" Hue="0" />
    <Tile TileID="1995" X="632" Y="523" Z="0" Hue="0" />
    <Tile TileID="1994" X="632" Y="522" Z="0" Hue="0" />
    <Tile TileID="1994" X="631" Y="526" Z="0" Hue="0" />
    <Tile TileID="1995" X="631" Y="525" Z="0" Hue="0" />
    <Tile TileID="1994" X="631" Y="524" Z="0" Hue="0" />
    <Tile TileID="1994" X="631" Y="523" Z="0" Hue="0" />
    <Tile TileID="1996" X="631" Y="522" Z="0" Hue="0" />
    <Tile TileID="1993" X="630" Y="526" Z="0" Hue="0" />
    <Tile TileID="1994" X="630" Y="525" Z="0" Hue="0" />
    <Tile TileID="1996" X="630" Y="524" Z="0" Hue="0" />
    <Tile TileID="1994" X="630" Y="523" Z="0" Hue="0" />
    <Tile TileID="1994" X="630" Y="522" Z="0" Hue="0" />
    <Tile TileID="1996" X="629" Y="526" Z="0" Hue="0" />
    <Tile TileID="1995" X="629" Y="525" Z="0" Hue="0" />
    <Tile TileID="1993" X="629" Y="524" Z="0" Hue="0" />
    <Tile TileID="1993" X="629" Y="523" Z="0" Hue="0" />
    <Tile TileID="1996" X="629" Y="522" Z="0" Hue="0" />
    <Tile TileID="1993" X="628" Y="526" Z="0" Hue="0" />
    <Tile TileID="1995" X="628" Y="525" Z="0" Hue="0" />
    <Tile TileID="1993" X="628" Y="524" Z="0" Hue="0" />
    <Tile TileID="1993" X="628" Y="523" Z="0" Hue="0" />
    <Tile TileID="1993" X="628" Y="522" Z="0" Hue="0" />
    <Tile TileID="1993" X="627" Y="526" Z="0" Hue="0" />
    <Tile TileID="1995" X="627" Y="525" Z="0" Hue="0" />
    <Tile TileID="1996" X="627" Y="524" Z="0" Hue="0" />
    <Tile TileID="1995" X="627" Y="523" Z="0" Hue="0" />
    <Tile TileID="1994" X="627" Y="522" Z="0" Hue="0" />
    <Tile TileID="1316" X="662" Y="514" Z="0" Hue="0" />
    <Tile TileID="1314" X="662" Y="513" Z="0" Hue="0" />
    <Tile TileID="1994" X="644" Y="525" Z="0" Hue="0" />
    <Tile TileID="1996" X="644" Y="524" Z="0" Hue="0" />
    <Tile TileID="1995" X="644" Y="523" Z="0" Hue="0" />
    <Tile TileID="1995" X="644" Y="522" Z="0" Hue="0" />
    <Tile TileID="1315" X="662" Y="512" Z="0" Hue="0" />
    <Tile TileID="1313" X="662" Y="511" Z="0" Hue="0" />
    <Tile TileID="1994" X="643" Y="525" Z="0" Hue="0" />
    <Tile TileID="1995" X="643" Y="524" Z="0" Hue="0" />
    <Tile TileID="1995" X="643" Y="523" Z="0" Hue="0" />
    <Tile TileID="1995" X="643" Y="522" Z="0" Hue="0" />
    <Tile TileID="1315" X="662" Y="510" Z="0" Hue="0" />
    <Tile TileID="1314" X="662" Y="509" Z="0" Hue="0" />
    <Tile TileID="1996" X="642" Y="525" Z="0" Hue="0" />
    <Tile TileID="1994" X="642" Y="524" Z="0" Hue="0" />
    <Tile TileID="1996" X="642" Y="523" Z="0" Hue="0" />
    <Tile TileID="1993" X="642" Y="522" Z="0" Hue="0" />
    <Tile TileID="1316" X="662" Y="508" Z="0" Hue="0" />
    <Tile TileID="1993" X="641" Y="525" Z="0" Hue="0" />
    <Tile TileID="1993" X="641" Y="524" Z="0" Hue="0" />
    <Tile TileID="1993" X="641" Y="523" Z="0" Hue="0" />
    <Tile TileID="1994" X="641" Y="522" Z="0" Hue="0" />
    <Tile TileID="1313" X="662" Y="506" Z="0" Hue="0" />
    <Tile TileID="1313" X="662" Y="505" Z="0" Hue="0" />
    <Tile TileID="1994" X="640" Y="525" Z="0" Hue="0" />
    <Tile TileID="1994" X="640" Y="524" Z="0" Hue="0" />
    <Tile TileID="1995" X="640" Y="523" Z="0" Hue="0" />
    <Tile TileID="1996" X="640" Y="522" Z="0" Hue="0" />
    <Tile TileID="1993" X="639" Y="527" Z="0" Hue="0" />
    <Tile TileID="1994" X="639" Y="526" Z="0" Hue="0" />
    <Tile TileID="1996" X="639" Y="525" Z="0" Hue="0" />
    <Tile TileID="1996" X="639" Y="524" Z="0" Hue="0" />
    <Tile TileID="1995" X="639" Y="523" Z="0" Hue="0" />
    <Tile TileID="1996" X="639" Y="522" Z="0" Hue="0" />
    <Tile TileID="1996" X="638" Y="527" Z="0" Hue="0" />
    <Tile TileID="1995" X="638" Y="526" Z="0" Hue="0" />
    <Tile TileID="1994" X="638" Y="525" Z="0" Hue="0" />
    <Tile TileID="1994" X="638" Y="524" Z="0" Hue="0" />
    <Tile TileID="1994" X="638" Y="523" Z="0" Hue="0" />
    <Tile TileID="1996" X="638" Y="522" Z="0" Hue="0" />
    <Tile TileID="1994" X="637" Y="527" Z="0" Hue="0" />
    <Tile TileID="1993" X="637" Y="526" Z="0" Hue="0" />
    <Tile TileID="1993" X="637" Y="525" Z="0" Hue="0" />
    <Tile TileID="1995" X="637" Y="524" Z="0" Hue="0" />
    <Tile TileID="1993" X="637" Y="523" Z="0" Hue="0" />
    <Tile TileID="1994" X="637" Y="522" Z="0" Hue="0" />
    <Tile TileID="1994" X="636" Y="527" Z="0" Hue="0" />
    <Tile TileID="1995" X="636" Y="526" Z="0" Hue="0" />
    <Tile TileID="1993" X="636" Y="525" Z="0" Hue="0" />
    <Tile TileID="1995" X="636" Y="524" Z="0" Hue="0" />
    <Tile TileID="1993" X="636" Y="523" Z="0" Hue="0" />
    <Tile TileID="1995" X="636" Y="522" Z="0" Hue="0" />
    <Tile TileID="1993" X="650" Y="525" Z="0" Hue="0" />
    <Tile TileID="1993" X="650" Y="524" Z="0" Hue="0" />
    <Tile TileID="1993" X="650" Y="523" Z="0" Hue="0" />
    <Tile TileID="1994" X="650" Y="522" Z="0" Hue="0" />
    <Tile TileID="1995" X="649" Y="525" Z="0" Hue="0" />
    <Tile TileID="1993" X="649" Y="524" Z="0" Hue="0" />
    <Tile TileID="1993" X="649" Y="523" Z="0" Hue="0" />
    <Tile TileID="1996" X="649" Y="522" Z="0" Hue="0" />
    <Tile TileID="1996" X="648" Y="525" Z="0" Hue="0" />
    <Tile TileID="1995" X="648" Y="524" Z="0" Hue="0" />
    <Tile TileID="1996" X="648" Y="523" Z="0" Hue="0" />
    <Tile TileID="1995" X="648" Y="522" Z="0" Hue="0" />
    <Tile TileID="1994" X="647" Y="525" Z="0" Hue="0" />
    <Tile TileID="1995" X="647" Y="524" Z="0" Hue="0" />
    <Tile TileID="1993" X="647" Y="523" Z="0" Hue="0" />
    <Tile TileID="1994" X="647" Y="522" Z="0" Hue="0" />
    <Tile TileID="1993" X="646" Y="525" Z="0" Hue="0" />
    <Tile TileID="1993" X="646" Y="524" Z="0" Hue="0" />
    <Tile TileID="1995" X="646" Y="523" Z="0" Hue="0" />
    <Tile TileID="1994" X="646" Y="522" Z="0" Hue="0" />
    <Tile TileID="1993" X="645" Y="525" Z="0" Hue="0" />
    <Tile TileID="1994" X="645" Y="524" Z="0" Hue="0" />
    <Tile TileID="1993" X="645" Y="523" Z="0" Hue="0" />
    <Tile TileID="1993" X="645" Y="522" Z="0" Hue="0" />
    <Tile TileID="1995" X="644" Y="525" Z="0" Hue="0" />
    <Tile TileID="1993" X="644" Y="524" Z="0" Hue="0" />
    <Tile TileID="1995" X="644" Y="523" Z="0" Hue="0" />
    <Tile TileID="1994" X="644" Y="522" Z="0" Hue="0" />
    <Tile TileID="1316" X="677" Y="521" Z="0" Hue="0" />
    <Tile TileID="6045" X="680" Y="509" Z="0" Hue="0" />
    <Tile TileID="1316" X="674" Y="505" Z="0" Hue="0" />
    <Tile TileID="1314" X="673" Y="521" Z="0" Hue="0" />
    <Tile TileID="1316" X="673" Y="505" Z="0" Hue="0" />
    <Tile TileID="1313" X="672" Y="521" Z="0" Hue="0" />
    <Tile TileID="6039" X="680" Y="515" Z="0" Hue="0" />
    <Tile TileID="1313" X="672" Y="505" Z="0" Hue="0" />
    <Tile TileID="1313" X="671" Y="521" Z="0" Hue="0" />
    <Tile TileID="1314" X="694" Y="505" Z="0" Hue="0" />
    <Tile TileID="3217" X="697" Y="508" Z="0" Hue="0" />
    <Tile TileID="3217" X="697" Y="507" Z="0" Hue="0" />
    <Tile TileID="3217" X="694" Y="506" Z="0" Hue="0" />
    <Tile TileID="3218" X="676" Y="506" Z="0" Hue="0" />
    <Tile TileID="1315" X="698" Y="508" Z="0" Hue="0" />
    <Tile TileID="1315" X="697" Y="505" Z="0" Hue="0" />
    <Tile TileID="1316" X="692" Y="521" Z="0" Hue="0" />
    <Tile TileID="1316" X="662" Y="507" Z="0" Hue="0" />
    <Tile TileID="3208" X="683" Y="518" Z="0" Hue="0" />
    <Tile TileID="1316" X="691" Y="505" Z="0" Hue="0" />
    <Tile TileID="3207" X="695" Y="510" Z="0" Hue="0" />
    <Tile TileID="3213" X="666" Y="512" Z="0" Hue="0" />
    <Tile TileID="3212" X="666" Y="511" Z="0" Hue="0" />
    <Tile TileID="3212" X="666" Y="510" Z="0" Hue="0" />
    <Tile TileID="3209" X="666" Y="509" Z="0" Hue="0" />
    <Tile TileID="3287" X="683" Y="518" Z="0" Hue="0" />
    <Tile TileID="3289" X="683" Y="518" Z="0" Hue="0" />
    <Tile TileID="3286" X="683" Y="518" Z="0" Hue="0" />
    <Tile TileID="3289" X="693" Y="517" Z="0" Hue="0" />
    <Tile TileID="3287" X="674" Y="518" Z="0" Hue="0" />
    <Tile TileID="3287" X="676" Y="508" Z="0" Hue="0" />
    <Tile TileID="3287" X="666" Y="511" Z="0" Hue="0" />
    <Tile TileID="3287" X="668" Y="517" Z="0" Hue="0" />
    <Tile TileID="3287" X="686" Y="508" Z="0" Hue="0" />
    <Tile TileID="3287" X="693" Y="510" Z="0" Hue="0" />
    <Tile TileID="3288" X="693" Y="517" Z="0" Hue="0" />
    <Tile TileID="3286" X="693" Y="510" Z="0" Hue="0" />
    <Tile TileID="3286" X="686" Y="508" Z="0" Hue="0" />
    <Tile TileID="3286" X="676" Y="508" Z="0" Hue="0" />
    <Tile TileID="3286" X="674" Y="518" Z="0" Hue="0" />
    <Tile TileID="3286" X="666" Y="511" Z="0" Hue="0" />
    <Tile TileID="3286" X="668" Y="517" Z="0" Hue="0" />
    <Tile TileID="3334" X="672" Y="511" Z="0" Hue="0" />
    <Tile TileID="3518" X="671" Y="511" Z="0" Hue="0" />
    <Tile TileID="3336" X="670" Y="510" Z="0" Hue="0" />
    <Tile TileID="3337" X="671" Y="510" Z="0" Hue="0" />
    <Tile TileID="3334" X="683" Y="514" Z="0" Hue="0" />
    <Tile TileID="3516" X="685" Y="515" Z="0" Hue="0" />
    <Tile TileID="3233" X="688" Y="514" Z="0" Hue="0" />
    <Tile TileID="3234" X="687" Y="512" Z="0" Hue="0" />
    <Tile TileID="3232" X="684" Y="512" Z="0" Hue="0" />
    <Tile TileID="3232" X="686" Y="517" Z="0" Hue="0" />
    <Tile TileID="3233" X="677" Y="518" Z="0" Hue="0" />
    <Tile TileID="3233" X="682" Y="517" Z="0" Hue="0" />
    <Tile TileID="3231" X="680" Y="512" Z="0" Hue="0" />
    <Tile TileID="3233" X="673" Y="508" Z="0" Hue="0" />
    <Tile TileID="3233" X="669" Y="514" Z="0" Hue="0" />
    <Tile TileID="3232" X="672" Y="514" Z="0" Hue="0" />
    <Tile TileID="3231" X="675" Y="516" Z="0" Hue="0" />
    <Tile TileID="3208" X="674" Y="515" Z="0" Hue="0" />
    <Tile TileID="3208" X="673" Y="515" Z="0" Hue="0" />
    <Tile TileID="3209" X="672" Y="515" Z="0" Hue="0" />
    <Tile TileID="3210" X="680" Y="519" Z="0" Hue="0" />
    <Tile TileID="3208" X="680" Y="518" Z="0" Hue="0" />
    <Tile TileID="3210" X="679" Y="519" Z="0" Hue="0" />
    <Tile TileID="3212" X="679" Y="518" Z="0" Hue="0" />
    <Tile TileID="3213" X="678" Y="519" Z="0" Hue="0" />
    <Tile TileID="3209" X="677" Y="519" Z="0" Hue="0" />
    <Tile TileID="3208" X="677" Y="518" Z="0" Hue="0" />
    <Tile TileID="3210" X="676" Y="519" Z="0" Hue="0" />
    <Tile TileID="3208" X="676" Y="518" Z="0" Hue="0" />
    <Tile TileID="3212" X="675" Y="519" Z="0" Hue="0" />
    <Tile TileID="3213" X="675" Y="518" Z="0" Hue="0" />
    <Tile TileID="3207" X="674" Y="519" Z="0" Hue="0" />
    <Tile TileID="3210" X="674" Y="518" Z="0" Hue="0" />
    <Tile TileID="3207" X="673" Y="519" Z="0" Hue="0" />
    <Tile TileID="3210" X="673" Y="518" Z="0" Hue="0" />
    <Tile TileID="3213" X="672" Y="519" Z="0" Hue="0" />
    <Tile TileID="3210" X="672" Y="518" Z="0" Hue="0" />
    <Tile TileID="3207" X="671" Y="519" Z="0" Hue="0" />
    <Tile TileID="3208" X="671" Y="518" Z="0" Hue="0" />
    <Tile TileID="3210" X="670" Y="519" Z="0" Hue="0" />
    <Tile TileID="3207" X="670" Y="518" Z="0" Hue="0" />
    <Tile TileID="3211" X="669" Y="519" Z="0" Hue="0" />
    <Tile TileID="3208" X="669" Y="518" Z="0" Hue="0" />
    <Tile TileID="3209" X="668" Y="519" Z="0" Hue="0" />
    <Tile TileID="3207" X="668" Y="518" Z="0" Hue="0" />
    <Tile TileID="3208" X="667" Y="519" Z="0" Hue="0" />
    <Tile TileID="3208" X="667" Y="518" Z="0" Hue="0" />
    <Tile TileID="3207" X="666" Y="519" Z="0" Hue="0" />
    <Tile TileID="3213" X="666" Y="518" Z="0" Hue="0" />
    <Tile TileID="3211" X="665" Y="519" Z="0" Hue="0" />
    <Tile TileID="3213" X="664" Y="519" Z="0" Hue="0" />
    <Tile TileID="3208" X="664" Y="518" Z="0" Hue="0" />
    <Tile TileID="3212" X="671" Y="518" Z="0" Hue="0" />
    <Tile TileID="3209" X="671" Y="517" Z="0" Hue="0" />
    <Tile TileID="3208" X="671" Y="516" Z="0" Hue="0" />
    <Tile TileID="3209" X="671" Y="515" Z="0" Hue="0" />
    <Tile TileID="3208" X="670" Y="518" Z="0" Hue="0" />
    <Tile TileID="3209" X="670" Y="517" Z="0" Hue="0" />
    <Tile TileID="3211" X="670" Y="516" Z="0" Hue="0" />
    <Tile TileID="3207" X="670" Y="515" Z="0" Hue="0" />
    <Tile TileID="3211" X="669" Y="518" Z="0" Hue="0" />
    <Tile TileID="3211" X="669" Y="517" Z="0" Hue="0" />
    <Tile TileID="3213" X="669" Y="516" Z="0" Hue="0" />
    <Tile TileID="3213" X="668" Y="517" Z="0" Hue="0" />
    <Tile TileID="3207" X="668" Y="515" Z="0" Hue="0" />
    <Tile TileID="3212" X="668" Y="513" Z="0" Hue="0" />
    <Tile TileID="3207" X="695" Y="519" Z="0" Hue="0" />
    <Tile TileID="3208" X="694" Y="519" Z="0" Hue="0" />
    <Tile TileID="3207" X="693" Y="519" Z="0" Hue="0" />
    <Tile TileID="3213" X="692" Y="519" Z="0" Hue="0" />
    <Tile TileID="3211" X="691" Y="519" Z="0" Hue="0" />
    <Tile TileID="3210" X="689" Y="519" Z="0" Hue="0" />
    <Tile TileID="3207" X="695" Y="516" Z="0" Hue="0" />
    <Tile TileID="3208" X="695" Y="515" Z="0" Hue="0" />
    <Tile TileID="3207" X="695" Y="514" Z="0" Hue="0" />
    <Tile TileID="3209" X="695" Y="513" Z="0" Hue="0" />
    <Tile TileID="3207" X="695" Y="512" Z="0" Hue="0" />
    <Tile TileID="3209" X="694" Y="518" Z="0" Hue="0" />
    <Tile TileID="3208" X="694" Y="517" Z="0" Hue="0" />
    <Tile TileID="3212" X="694" Y="516" Z="0" Hue="0" />
    <Tile TileID="3210" X="694" Y="515" Z="0" Hue="0" />
    <Tile TileID="3208" X="694" Y="514" Z="0" Hue="0" />
    <Tile TileID="3212" X="694" Y="513" Z="0" Hue="0" />
    <Tile TileID="3208" X="694" Y="512" Z="0" Hue="0" />
    <Tile TileID="3209" X="693" Y="518" Z="0" Hue="0" />
    <Tile TileID="3207" X="693" Y="517" Z="0" Hue="0" />
    <Tile TileID="3211" X="693" Y="516" Z="0" Hue="0" />
    <Tile TileID="3210" X="693" Y="515" Z="0" Hue="0" />
    <Tile TileID="3211" X="693" Y="514" Z="0" Hue="0" />
    <Tile TileID="3211" X="693" Y="513" Z="0" Hue="0" />
    <Tile TileID="3208" X="693" Y="512" Z="0" Hue="0" />
    <Tile TileID="3208" X="692" Y="518" Z="0" Hue="0" />
    <Tile TileID="3211" X="692" Y="517" Z="0" Hue="0" />
    <Tile TileID="3210" X="692" Y="516" Z="0" Hue="0" />
    <Tile TileID="3209" X="692" Y="515" Z="0" Hue="0" />
    <Tile TileID="3209" X="692" Y="514" Z="0" Hue="0" />
    <Tile TileID="3207" X="692" Y="513" Z="0" Hue="0" />
    <Tile TileID="3208" X="692" Y="512" Z="0" Hue="0" />
    <Tile TileID="3213" X="691" Y="518" Z="0" Hue="0" />
    <Tile TileID="3213" X="691" Y="517" Z="0" Hue="0" />
    <Tile TileID="3212" X="691" Y="516" Z="0" Hue="0" />
    <Tile TileID="3207" X="691" Y="515" Z="0" Hue="0" />
    <Tile TileID="3212" X="691" Y="514" Z="0" Hue="0" />
    <Tile TileID="3211" X="691" Y="513" Z="0" Hue="0" />
    <Tile TileID="3213" X="691" Y="512" Z="0" Hue="0" />
    <Tile TileID="3209" X="690" Y="518" Z="0" Hue="0" />
    <Tile TileID="3208" X="690" Y="517" Z="0" Hue="0" />
    <Tile TileID="3209" X="690" Y="516" Z="0" Hue="0" />
    <Tile TileID="3210" X="690" Y="515" Z="0" Hue="0" />
    <Tile TileID="3211" X="690" Y="514" Z="0" Hue="0" />
    <Tile TileID="3208" X="690" Y="513" Z="0" Hue="0" />
    <Tile TileID="3210" X="690" Y="512" Z="0" Hue="0" />
    <Tile TileID="3212" X="689" Y="518" Z="0" Hue="0" />
    <Tile TileID="3209" X="689" Y="517" Z="0" Hue="0" />
    <Tile TileID="3211" X="689" Y="516" Z="0" Hue="0" />
    <Tile TileID="3211" X="689" Y="515" Z="0" Hue="0" />
    <Tile TileID="3213" X="689" Y="514" Z="0" Hue="0" />
    <Tile TileID="3207" X="689" Y="513" Z="0" Hue="0" />
    <Tile TileID="3210" X="689" Y="512" Z="0" Hue="0" />
    <Tile TileID="3209" X="693" Y="511" Z="0" Hue="0" />
    <Tile TileID="3212" X="692" Y="511" Z="0" Hue="0" />
    <Tile TileID="3212" X="689" Y="511" Z="0" Hue="0" />
    <Tile TileID="3208" X="694" Y="508" Z="0" Hue="0" />
    <Tile TileID="3209" X="691" Y="510" Z="0" Hue="0" />
    <Tile TileID="3213" X="691" Y="509" Z="0" Hue="0" />
    <Tile TileID="3211" X="691" Y="508" Z="0" Hue="0" />
    <Tile TileID="3213" X="690" Y="510" Z="0" Hue="0" />
    <Tile TileID="3213" X="690" Y="509" Z="0" Hue="0" />
    <Tile TileID="3207" X="690" Y="508" Z="0" Hue="0" />
    <Tile TileID="3207" X="689" Y="510" Z="0" Hue="0" />
    <Tile TileID="3210" X="689" Y="509" Z="0" Hue="0" />
    <Tile TileID="3211" X="689" Y="508" Z="0" Hue="0" />
    <Tile TileID="3213" X="688" Y="510" Z="0" Hue="0" />
    <Tile TileID="3213" X="688" Y="509" Z="0" Hue="0" />
    <Tile TileID="3208" X="688" Y="508" Z="0" Hue="0" />
    <Tile TileID="3210" X="687" Y="510" Z="0" Hue="0" />
    <Tile TileID="3209" X="687" Y="509" Z="0" Hue="0" />
    <Tile TileID="3208" X="687" Y="508" Z="0" Hue="0" />
    <Tile TileID="3207" X="686" Y="510" Z="0" Hue="0" />
    <Tile TileID="3209" X="686" Y="509" Z="0" Hue="0" />
    <Tile TileID="3211" X="686" Y="508" Z="0" Hue="0" />
    <Tile TileID="3210" X="685" Y="510" Z="0" Hue="0" />
    <Tile TileID="3213" X="685" Y="509" Z="0" Hue="0" />
    <Tile TileID="3207" X="685" Y="508" Z="0" Hue="0" />
    <Tile TileID="3212" X="681" Y="511" Z="0" Hue="0" />
    <Tile TileID="3212" X="681" Y="510" Z="0" Hue="0" />
    <Tile TileID="3207" X="681" Y="509" Z="0" Hue="0" />
    <Tile TileID="3211" X="681" Y="508" Z="0" Hue="0" />
    <Tile TileID="3210" X="695" Y="507" Z="0" Hue="0" />
    <Tile TileID="3213" X="694" Y="507" Z="0" Hue="0" />
    <Tile TileID="3207" X="693" Y="507" Z="0" Hue="0" />
    <Tile TileID="3213" X="692" Y="507" Z="0" Hue="0" />
    <Tile TileID="3211" X="691" Y="507" Z="0" Hue="0" />
    <Tile TileID="3212" X="690" Y="507" Z="0" Hue="0" />
    <Tile TileID="3209" X="689" Y="507" Z="0" Hue="0" />
    <Tile TileID="3213" X="688" Y="507" Z="0" Hue="0" />
    <Tile TileID="3212" X="687" Y="507" Z="0" Hue="0" />
    <Tile TileID="3211" X="686" Y="507" Z="0" Hue="0" />
    <Tile TileID="3213" X="685" Y="507" Z="0" Hue="0" />
    <Tile TileID="3207" X="684" Y="507" Z="0" Hue="0" />
    <Tile TileID="3211" X="683" Y="507" Z="0" Hue="0" />
    <Tile TileID="3208" X="682" Y="507" Z="0" Hue="0" />
    <Tile TileID="3207" X="681" Y="507" Z="0" Hue="0" />
    <Tile TileID="3207" X="680" Y="507" Z="0" Hue="0" />
    <Tile TileID="3209" X="679" Y="507" Z="0" Hue="0" />
    <Tile TileID="3211" X="678" Y="507" Z="0" Hue="0" />
    <Tile TileID="3212" X="677" Y="507" Z="0" Hue="0" />
    <Tile TileID="3208" X="676" Y="507" Z="0" Hue="0" />
    <Tile TileID="3212" X="675" Y="507" Z="0" Hue="0" />
    <Tile TileID="3209" X="674" Y="507" Z="0" Hue="0" />
    <Tile TileID="3211" X="673" Y="507" Z="0" Hue="0" />
    <Tile TileID="3209" X="672" Y="507" Z="0" Hue="0" />
    <Tile TileID="3211" X="671" Y="507" Z="0" Hue="0" />
    <Tile TileID="3211" X="670" Y="507" Z="0" Hue="0" />
    <Tile TileID="3207" X="669" Y="507" Z="0" Hue="0" />
    <Tile TileID="3209" X="668" Y="507" Z="0" Hue="0" />
    <Tile TileID="3209" X="667" Y="518" Z="0" Hue="0" />
    <Tile TileID="3211" X="667" Y="517" Z="0" Hue="0" />
    <Tile TileID="3207" X="667" Y="516" Z="0" Hue="0" />
    <Tile TileID="3213" X="667" Y="515" Z="0" Hue="0" />
    <Tile TileID="3211" X="667" Y="514" Z="0" Hue="0" />
    <Tile TileID="3211" X="667" Y="513" Z="0" Hue="0" />
    <Tile TileID="3207" X="667" Y="512" Z="0" Hue="0" />
    <Tile TileID="3208" X="667" Y="511" Z="0" Hue="0" />
    <Tile TileID="3207" X="667" Y="510" Z="0" Hue="0" />
    <Tile TileID="3213" X="667" Y="509" Z="0" Hue="0" />
    <Tile TileID="3208" X="667" Y="508" Z="0" Hue="0" />
    <Tile TileID="3212" X="667" Y="507" Z="0" Hue="0" />
    <Tile TileID="3208" X="666" Y="518" Z="0" Hue="0" />
    <Tile TileID="3207" X="666" Y="517" Z="0" Hue="0" />
    <Tile TileID="3212" X="666" Y="516" Z="0" Hue="0" />
    <Tile TileID="3207" X="666" Y="515" Z="0" Hue="0" />
    <Tile TileID="3210" X="666" Y="514" Z="0" Hue="0" />
    <Tile TileID="3212" X="666" Y="507" Z="0" Hue="0" />
    <Tile TileID="3208" X="665" Y="516" Z="0" Hue="0" />
    <Tile TileID="3207" X="665" Y="514" Z="0" Hue="0" />
    <Tile TileID="3208" X="665" Y="513" Z="0" Hue="0" />
    <Tile TileID="3212" X="665" Y="512" Z="0" Hue="0" />
    <Tile TileID="3213" X="665" Y="511" Z="0" Hue="0" />
    <Tile TileID="3210" X="665" Y="510" Z="0" Hue="0" />
    <Tile TileID="3211" X="665" Y="509" Z="0" Hue="0" />
    <Tile TileID="3207" X="665" Y="508" Z="0" Hue="0" />
    <Tile TileID="3211" X="665" Y="507" Z="0" Hue="0" />
    <Tile TileID="3211" X="664" Y="518" Z="0" Hue="0" />
    <Tile TileID="3210" X="664" Y="517" Z="0" Hue="0" />
    <Tile TileID="3212" X="664" Y="516" Z="0" Hue="0" />
    <Tile TileID="3211" X="664" Y="515" Z="0" Hue="0" />
    <Tile TileID="3213" X="664" Y="514" Z="0" Hue="0" />
    <Tile TileID="3213" X="664" Y="513" Z="0" Hue="0" />
    <Tile TileID="3209" X="664" Y="512" Z="0" Hue="0" />
    <Tile TileID="3208" X="664" Y="511" Z="0" Hue="0" />
    <Tile TileID="3210" X="664" Y="510" Z="0" Hue="0" />
    <Tile TileID="3211" X="664" Y="509" Z="0" Hue="0" />
    <Tile TileID="3213" X="664" Y="508" Z="0" Hue="0" />
    <Tile TileID="3207" X="664" Y="507" Z="0" Hue="0" />
    <Tile TileID="2911" X="668" Y="510" Z="0" Hue="0" />
    <Tile TileID="2912" X="668" Y="509" Z="0" Hue="0" />
    <Tile TileID="2918" X="672" Y="516" Z="0" Hue="0" />
    <Tile TileID="2917" X="673" Y="516" Z="0" Hue="0" />
    <Tile TileID="2912" X="683" Y="508" Z="0" Hue="0" />
    <Tile TileID="2913" X="683" Y="509" Z="0" Hue="0" />
    <Tile TileID="2911" X="683" Y="510" Z="0" Hue="0" />
    <Tile TileID="6056" X="675" Y="518" Z="0" Hue="0" />
    <Tile TileID="6058" X="680" Y="517" Z="0" Hue="0" />
    <Tile TileID="6059" X="675" Y="514" Z="0" Hue="0" />
    <Tile TileID="6057" X="680" Y="512" Z="0" Hue="0" />
    <Tile TileID="6056" X="669" Y="514" Z="0" Hue="0" />
    <Tile TileID="6055" X="688" Y="517" Z="0" Hue="0" />
    <Tile TileID="6055" X="680" Y="518" Z="0" Hue="0" />
    <Tile TileID="6054" X="669" Y="508" Z="0" Hue="0" />
    <Tile TileID="6053" X="688" Y="512" Z="0" Hue="0" />
    <Tile TileID="6053" X="680" Y="508" Z="0" Hue="0" />
    <Tile TileID="6052" X="669" Y="513" Z="0" Hue="0" />
    <Tile TileID="6051" X="669" Y="512" Z="0" Hue="0" />
    <Tile TileID="6052" X="669" Y="511" Z="0" Hue="0" />
    <Tile TileID="6052" X="669" Y="510" Z="0" Hue="0" />
    <Tile TileID="6052" X="669" Y="509" Z="0" Hue="0" />
    <Tile TileID="6051" X="675" Y="517" Z="0" Hue="0" />
    <Tile TileID="6051" X="675" Y="516" Z="0" Hue="0" />
    <Tile TileID="6052" X="675" Y="515" Z="0" Hue="0" />
    <Tile TileID="6049" X="687" Y="517" Z="0" Hue="0" />
    <Tile TileID="6049" X="686" Y="517" Z="0" Hue="0" />
    <Tile TileID="6049" X="685" Y="517" Z="0" Hue="0" />
    <Tile TileID="6049" X="684" Y="517" Z="0" Hue="0" />
    <Tile TileID="6049" X="683" Y="517" Z="0" Hue="0" />
    <Tile TileID="6049" X="682" Y="517" Z="0" Hue="0" />
    <Tile TileID="6049" X="681" Y="517" Z="0" Hue="0" />
    <Tile TileID="6050" X="679" Y="518" Z="0" Hue="0" />
    <Tile TileID="6049" X="678" Y="518" Z="0" Hue="0" />
    <Tile TileID="6049" X="677" Y="518" Z="0" Hue="0" />
    <Tile TileID="6049" X="676" Y="518" Z="0" Hue="0" />
    <Tile TileID="6050" X="674" Y="514" Z="0" Hue="0" />
    <Tile TileID="6049" X="673" Y="514" Z="0" Hue="0" />
    <Tile TileID="6049" X="672" Y="514" Z="0" Hue="0" />
    <Tile TileID="6050" X="671" Y="514" Z="0" Hue="0" />
    <Tile TileID="6049" X="670" Y="514" Z="0" Hue="0" />
    <Tile TileID="6048" X="679" Y="508" Z="0" Hue="0" />
    <Tile TileID="6048" X="678" Y="508" Z="0" Hue="0" />
    <Tile TileID="6047" X="677" Y="508" Z="0" Hue="0" />
    <Tile TileID="6048" X="676" Y="508" Z="0" Hue="0" />
    <Tile TileID="6047" X="675" Y="508" Z="0" Hue="0" />
    <Tile TileID="6047" X="674" Y="508" Z="0" Hue="0" />
    <Tile TileID="6048" X="673" Y="508" Z="0" Hue="0" />
    <Tile TileID="6048" X="672" Y="508" Z="0" Hue="0" />
    <Tile TileID="6047" X="671" Y="508" Z="0" Hue="0" />
    <Tile TileID="6048" X="670" Y="508" Z="0" Hue="0" />
    <Tile TileID="6048" X="687" Y="512" Z="0" Hue="0" />
    <Tile TileID="6048" X="686" Y="512" Z="0" Hue="0" />
    <Tile TileID="6048" X="685" Y="512" Z="0" Hue="0" />
    <Tile TileID="6048" X="684" Y="512" Z="0" Hue="0" />
    <Tile TileID="6047" X="683" Y="512" Z="0" Hue="0" />
    <Tile TileID="6047" X="682" Y="512" Z="0" Hue="0" />
    <Tile TileID="6048" X="681" Y="512" Z="0" Hue="0" />
    <Tile TileID="6046" X="680" Y="511" Z="0" Hue="0" />
    <Tile TileID="6045" X="680" Y="510" Z="0" Hue="0" />
    <Tile TileID="6045" X="688" Y="516" Z="0" Hue="0" />
    <Tile TileID="6045" X="688" Y="515" Z="0" Hue="0" />
    <Tile TileID="6045" X="688" Y="514" Z="0" Hue="0" />
    <Tile TileID="6045" X="688" Y="513" Z="0" Hue="0" />
    <Tile TileID="6040" X="687" Y="516" Z="0" Hue="0" />
    <Tile TileID="6042" X="687" Y="515" Z="0" Hue="0" />
    <Tile TileID="6042" X="687" Y="514" Z="0" Hue="0" />
    <Tile TileID="6039" X="687" Y="513" Z="0" Hue="0" />
    <Tile TileID="6039" X="686" Y="516" Z="0" Hue="0" />
    <Tile TileID="6042" X="686" Y="515" Z="0" Hue="0" />
    <Tile TileID="6042" X="686" Y="514" Z="0" Hue="0" />
    <Tile TileID="6041" X="686" Y="513" Z="0" Hue="0" />
    <Tile TileID="6040" X="685" Y="516" Z="0" Hue="0" />
    <Tile TileID="6039" X="685" Y="515" Z="0" Hue="0" />
    <Tile TileID="6039" X="685" Y="514" Z="0" Hue="0" />
    <Tile TileID="6040" X="685" Y="513" Z="0" Hue="0" />
    <Tile TileID="6040" X="684" Y="516" Z="0" Hue="0" />
    <Tile TileID="6041" X="684" Y="515" Z="0" Hue="0" />
    <Tile TileID="6041" X="684" Y="514" Z="0" Hue="0" />
    <Tile TileID="6040" X="684" Y="513" Z="0" Hue="0" />
    <Tile TileID="6041" X="683" Y="516" Z="0" Hue="0" />
    <Tile TileID="6040" X="683" Y="515" Z="0" Hue="0" />
    <Tile TileID="6039" X="683" Y="514" Z="0" Hue="0" />
    <Tile TileID="6040" X="683" Y="513" Z="0" Hue="0" />
    <Tile TileID="6041" X="682" Y="516" Z="0" Hue="0" />
    <Tile TileID="6040" X="682" Y="515" Z="0" Hue="0" />
    <Tile TileID="6042" X="682" Y="514" Z="0" Hue="0" />
    <Tile TileID="6040" X="682" Y="513" Z="0" Hue="0" />
    <Tile TileID="6040" X="681" Y="516" Z="0" Hue="0" />
    <Tile TileID="6040" X="681" Y="514" Z="0" Hue="0" />
    <Tile TileID="6042" X="681" Y="513" Z="0" Hue="0" />
    <Tile TileID="6041" X="680" Y="516" Z="0" Hue="0" />
    <Tile TileID="6039" X="680" Y="514" Z="0" Hue="0" />
    <Tile TileID="6039" X="680" Y="513" Z="0" Hue="0" />
    <Tile TileID="6041" X="679" Y="517" Z="0" Hue="0" />
    <Tile TileID="6042" X="679" Y="516" Z="0" Hue="0" />
    <Tile TileID="6039" X="679" Y="515" Z="0" Hue="0" />
    <Tile TileID="6041" X="679" Y="514" Z="0" Hue="0" />
    <Tile TileID="6039" X="679" Y="513" Z="0" Hue="0" />
    <Tile TileID="6041" X="679" Y="512" Z="0" Hue="0" />
    <Tile TileID="6042" X="679" Y="511" Z="0" Hue="0" />
    <Tile TileID="6040" X="679" Y="510" Z="0" Hue="0" />
    <Tile TileID="6040" X="679" Y="509" Z="0" Hue="0" />
    <Tile TileID="6039" X="678" Y="517" Z="0" Hue="0" />
    <Tile TileID="6042" X="678" Y="516" Z="0" Hue="0" />
    <Tile TileID="6039" X="678" Y="515" Z="0" Hue="0" />
    <Tile TileID="6039" X="678" Y="514" Z="0" Hue="0" />
    <Tile TileID="6039" X="678" Y="513" Z="0" Hue="0" />
    <Tile TileID="6040" X="678" Y="512" Z="0" Hue="0" />
    <Tile TileID="6039" X="678" Y="511" Z="0" Hue="0" />
    <Tile TileID="6041" X="678" Y="510" Z="0" Hue="0" />
    <Tile TileID="6042" X="678" Y="509" Z="0" Hue="0" />
    <Tile TileID="6040" X="677" Y="517" Z="0" Hue="0" />
    <Tile TileID="6041" X="677" Y="516" Z="0" Hue="0" />
    <Tile TileID="6042" X="677" Y="515" Z="0" Hue="0" />
    <Tile TileID="6041" X="677" Y="514" Z="0" Hue="0" />
    <Tile TileID="6039" X="677" Y="513" Z="0" Hue="0" />
    <Tile TileID="6041" X="677" Y="512" Z="0" Hue="0" />
    <Tile TileID="6040" X="677" Y="511" Z="0" Hue="0" />
    <Tile TileID="6039" X="677" Y="510" Z="0" Hue="0" />
    <Tile TileID="6042" X="677" Y="509" Z="0" Hue="0" />
    <Tile TileID="6042" X="676" Y="517" Z="0" Hue="0" />
    <Tile TileID="6040" X="676" Y="515" Z="0" Hue="0" />
    <Tile TileID="6041" X="676" Y="514" Z="0" Hue="0" />
    <Tile TileID="6040" X="676" Y="513" Z="0" Hue="0" />
    <Tile TileID="6040" X="676" Y="512" Z="0" Hue="0" />
    <Tile TileID="6040" X="676" Y="511" Z="0" Hue="0" />
    <Tile TileID="6040" X="676" Y="510" Z="0" Hue="0" />
    <Tile TileID="6042" X="676" Y="509" Z="0" Hue="0" />
    <Tile TileID="6042" X="675" Y="513" Z="0" Hue="0" />
    <Tile TileID="6040" X="675" Y="512" Z="0" Hue="0" />
    <Tile TileID="6040" X="675" Y="511" Z="0" Hue="0" />
    <Tile TileID="6042" X="675" Y="510" Z="0" Hue="0" />
    <Tile TileID="6042" X="675" Y="509" Z="0" Hue="0" />
    <Tile TileID="6042" X="674" Y="513" Z="0" Hue="0" />
    <Tile TileID="6042" X="674" Y="512" Z="0" Hue="0" />
    <Tile TileID="6041" X="674" Y="511" Z="0" Hue="0" />
    <Tile TileID="6042" X="674" Y="510" Z="0" Hue="0" />
    <Tile TileID="6040" X="674" Y="509" Z="0" Hue="0" />
    <Tile TileID="6041" X="673" Y="513" Z="0" Hue="0" />
    <Tile TileID="6039" X="673" Y="512" Z="0" Hue="0" />
    <Tile TileID="6041" X="673" Y="511" Z="0" Hue="0" />
    <Tile TileID="6040" X="673" Y="510" Z="0" Hue="0" />
    <Tile TileID="6040" X="673" Y="509" Z="0" Hue="0" />
    <Tile TileID="6040" X="672" Y="513" Z="0" Hue="0" />
    <Tile TileID="6040" X="672" Y="512" Z="0" Hue="0" />
    <Tile TileID="6040" X="672" Y="511" Z="0" Hue="0" />
    <Tile TileID="6042" X="672" Y="509" Z="0" Hue="0" />
    <Tile TileID="6042" X="671" Y="512" Z="0" Hue="0" />
    <Tile TileID="6039" X="671" Y="511" Z="0" Hue="0" />
    <Tile TileID="6040" X="671" Y="510" Z="0" Hue="0" />
    <Tile TileID="6040" X="671" Y="509" Z="0" Hue="0" />
    <Tile TileID="6041" X="670" Y="513" Z="0" Hue="0" />
    <Tile TileID="6039" X="670" Y="512" Z="0" Hue="0" />
    <Tile TileID="6040" X="670" Y="511" Z="0" Hue="0" />
    <Tile TileID="6041" X="670" Y="510" Z="0" Hue="0" />
    <Tile TileID="6042" X="670" Y="509" Z="0" Hue="0" />
    <Tile TileID="3217" X="696" Y="520" Z="0" Hue="0" />
    <Tile TileID="3217" X="695" Y="520" Z="0" Hue="0" />
    <Tile TileID="3215" X="694" Y="520" Z="0" Hue="0" />
    <Tile TileID="3215" X="693" Y="520" Z="0" Hue="0" />
    <Tile TileID="3217" X="692" Y="520" Z="0" Hue="0" />
    <Tile TileID="3215" X="691" Y="520" Z="0" Hue="0" />
    <Tile TileID="3215" X="690" Y="520" Z="0" Hue="0" />
    <Tile TileID="3217" X="689" Y="520" Z="0" Hue="0" />
    <Tile TileID="3218" X="688" Y="520" Z="0" Hue="0" />
    <Tile TileID="3216" X="687" Y="520" Z="0" Hue="0" />
    <Tile TileID="3216" X="684" Y="520" Z="0" Hue="0" />
    <Tile TileID="3216" X="683" Y="520" Z="0" Hue="0" />
    <Tile TileID="3217" X="682" Y="520" Z="0" Hue="0" />
    <Tile TileID="3216" X="681" Y="520" Z="0" Hue="0" />
    <Tile TileID="3217" X="680" Y="520" Z="0" Hue="0" />
    <Tile TileID="3215" X="679" Y="520" Z="0" Hue="0" />
    <Tile TileID="3217" X="678" Y="520" Z="0" Hue="0" />
    <Tile TileID="3216" X="677" Y="520" Z="0" Hue="0" />
    <Tile TileID="3216" X="676" Y="520" Z="0" Hue="0" />
    <Tile TileID="3218" X="675" Y="520" Z="0" Hue="0" />
    <Tile TileID="3215" X="674" Y="520" Z="0" Hue="0" />
    <Tile TileID="3217" X="673" Y="520" Z="0" Hue="0" />
    <Tile TileID="3216" X="669" Y="520" Z="0" Hue="0" />
    <Tile TileID="3217" X="668" Y="520" Z="0" Hue="0" />
    <Tile TileID="3218" X="667" Y="520" Z="0" Hue="0" />
    <Tile TileID="3215" X="666" Y="520" Z="0" Hue="0" />
    <Tile TileID="3216" X="665" Y="520" Z="0" Hue="0" />
    <Tile TileID="3216" X="664" Y="520" Z="0" Hue="0" />
    <Tile TileID="3216" X="697" Y="520" Z="0" Hue="0" />
    <Tile TileID="3217" X="697" Y="519" Z="0" Hue="0" />
    <Tile TileID="3215" X="697" Y="518" Z="0" Hue="0" />
    <Tile TileID="3217" X="697" Y="517" Z="0" Hue="0" />
    <Tile TileID="3215" X="697" Y="516" Z="0" Hue="0" />
    <Tile TileID="3217" X="697" Y="515" Z="0" Hue="0" />
    <Tile TileID="3215" X="697" Y="514" Z="0" Hue="0" />
    <Tile TileID="3217" X="697" Y="513" Z="0" Hue="0" />
    <Tile TileID="3217" X="697" Y="509" Z="0" Hue="0" />
    <Tile TileID="3215" X="693" Y="506" Z="0" Hue="0" />
    <Tile TileID="3218" X="692" Y="506" Z="0" Hue="0" />
    <Tile TileID="3215" X="691" Y="506" Z="0" Hue="0" />
    <Tile TileID="3216" X="690" Y="506" Z="0" Hue="0" />
    <Tile TileID="3215" X="689" Y="506" Z="0" Hue="0" />
    <Tile TileID="3218" X="688" Y="506" Z="0" Hue="0" />
    <Tile TileID="3216" X="686" Y="506" Z="0" Hue="0" />
    <Tile TileID="3216" X="685" Y="506" Z="0" Hue="0" />
    <Tile TileID="3215" X="684" Y="506" Z="0" Hue="0" />
    <Tile TileID="3218" X="683" Y="506" Z="0" Hue="0" />
    <Tile TileID="3216" X="682" Y="506" Z="0" Hue="0" />
    <Tile TileID="3215" X="681" Y="506" Z="0" Hue="0" />
    <Tile TileID="3215" X="680" Y="506" Z="0" Hue="0" />
    <Tile TileID="3218" X="679" Y="506" Z="0" Hue="0" />
    <Tile TileID="3216" X="678" Y="506" Z="0" Hue="0" />
    <Tile TileID="3218" X="677" Y="506" Z="0" Hue="0" />
    <Tile TileID="3216" X="675" Y="506" Z="0" Hue="0" />
    <Tile TileID="3216" X="674" Y="506" Z="0" Hue="0" />
    <Tile TileID="3215" X="673" Y="506" Z="0" Hue="0" />
    <Tile TileID="3216" X="672" Y="506" Z="0" Hue="0" />
    <Tile TileID="3218" X="668" Y="506" Z="0" Hue="0" />
    <Tile TileID="3218" X="667" Y="506" Z="0" Hue="0" />
    <Tile TileID="3216" X="666" Y="506" Z="0" Hue="0" />
    <Tile TileID="3215" X="665" Y="506" Z="0" Hue="0" />
    <Tile TileID="3218" X="664" Y="506" Z="0" Hue="0" />
    <Tile TileID="3217" X="663" Y="520" Z="0" Hue="0" />
    <Tile TileID="3216" X="663" Y="519" Z="0" Hue="0" />
    <Tile TileID="3215" X="663" Y="518" Z="0" Hue="0" />
    <Tile TileID="3218" X="663" Y="517" Z="0" Hue="0" />
    <Tile TileID="3215" X="663" Y="516" Z="0" Hue="0" />
    <Tile TileID="3216" X="663" Y="515" Z="0" Hue="0" />
    <Tile TileID="3218" X="663" Y="514" Z="0" Hue="0" />
    <Tile TileID="3216" X="663" Y="513" Z="0" Hue="0" />
    <Tile TileID="3217" X="663" Y="512" Z="0" Hue="0" />
    <Tile TileID="3217" X="663" Y="511" Z="0" Hue="0" />
    <Tile TileID="3218" X="663" Y="510" Z="0" Hue="0" />
    <Tile TileID="3216" X="663" Y="509" Z="0" Hue="0" />
    <Tile TileID="3215" X="663" Y="508" Z="0" Hue="0" />
    <Tile TileID="3217" X="663" Y="507" Z="0" Hue="0" />
    <Tile TileID="3215" X="663" Y="506" Z="0" Hue="0" />
    <Tile TileID="1314" X="698" Y="521" Z="0" Hue="0" />
    <Tile TileID="1313" X="698" Y="520" Z="0" Hue="0" />
    <Tile TileID="1315" X="698" Y="519" Z="0" Hue="0" />
    <Tile TileID="1316" X="698" Y="518" Z="0" Hue="0" />
    <Tile TileID="1315" X="698" Y="517" Z="0" Hue="0" />
    <Tile TileID="1314" X="698" Y="516" Z="0" Hue="0" />
    <Tile TileID="1313" X="698" Y="515" Z="0" Hue="0" />
    <Tile TileID="1313" X="698" Y="514" Z="0" Hue="0" />
    <Tile TileID="1313" X="698" Y="513" Z="0" Hue="0" />
    <Tile TileID="1314" X="698" Y="512" Z="0" Hue="0" />
    <Tile TileID="1314" X="698" Y="511" Z="0" Hue="0" />
    <Tile TileID="1314" X="698" Y="510" Z="0" Hue="0" />
    <Tile TileID="1313" X="698" Y="509" Z="0" Hue="0" />
    <Tile TileID="1315" X="698" Y="507" Z="0" Hue="0" />
    <Tile TileID="1314" X="698" Y="506" Z="0" Hue="0" />
    <Tile TileID="1315" X="698" Y="505" Z="0" Hue="0" />
    <Tile TileID="1315" X="697" Y="521" Z="0" Hue="0" />
    <Tile TileID="1314" X="696" Y="521" Z="0" Hue="0" />
    <Tile TileID="1315" X="696" Y="505" Z="0" Hue="0" />
    <Tile TileID="1315" X="695" Y="521" Z="0" Hue="0" />
    <Tile TileID="1316" X="695" Y="505" Z="0" Hue="0" />
    <Tile TileID="1314" X="694" Y="521" Z="0" Hue="0" />
    <Tile TileID="3234" X="679" Y="508" Z="0" Hue="0" />
    <Tile TileID="3232" X="677" Y="509" Z="0" Hue="0" />
    <Tile TileID="1316" X="693" Y="521" Z="0" Hue="0" />
    <Tile TileID="3231" X="668" Y="513" Z="0" Hue="0" />
    <Tile TileID="3209" X="678" Y="518" Z="0" Hue="0" />
    <Tile TileID="1313" X="693" Y="505" Z="0" Hue="0" />
    <Tile TileID="1313" X="692" Y="505" Z="0" Hue="0" />
    <Tile TileID="1313" X="691" Y="521" Z="0" Hue="0" />
    <Tile TileID="3212" X="665" Y="518" Z="0" Hue="0" />
    <Tile TileID="1315" X="690" Y="521" Z="0" Hue="0" />
    <Tile TileID="3211" X="669" Y="515" Z="0" Hue="0" />
    <Tile TileID="3210" X="668" Y="518" Z="0" Hue="0" />
    <Tile TileID="3212" X="668" Y="516" Z="0" Hue="0" />
    <Tile TileID="3208" X="668" Y="514" Z="0" Hue="0" />
    <Tile TileID="3207" X="668" Y="512" Z="0" Hue="0" />
    <Tile TileID="3207" X="688" Y="518" Z="0" Hue="0" />
    <Tile TileID="3210" X="687" Y="518" Z="0" Hue="0" />
    <Tile TileID="3208" X="686" Y="518" Z="0" Hue="0" />
    <Tile TileID="3211" X="685" Y="518" Z="0" Hue="0" />
    <Tile TileID="3211" X="684" Y="518" Z="0" Hue="0" />
    <Tile TileID="1314" X="690" Y="505" Z="0" Hue="0" />
    <Tile TileID="1314" X="689" Y="521" Z="0" Hue="0" />
    <Tile TileID="3208" X="682" Y="518" Z="0" Hue="0" />
    <Tile TileID="3211" X="681" Y="518" Z="0" Hue="0" />
    <Tile TileID="3211" X="690" Y="519" Z="0" Hue="0" />
    <Tile TileID="3210" X="688" Y="519" Z="0" Hue="0" />
    <Tile TileID="3212" X="695" Y="518" Z="0" Hue="0" />
    <Tile TileID="3210" X="695" Y="517" Z="0" Hue="0" />
    <Tile TileID="1314" X="689" Y="505" Z="0" Hue="0" />
    <Tile TileID="1316" X="688" Y="521" Z="0" Hue="0" />
    <Tile TileID="1316" X="688" Y="505" Z="0" Hue="0" />
    <Tile TileID="1315" X="687" Y="521" Z="0" Hue="0" />
    <Tile TileID="1314" X="687" Y="505" Z="0" Hue="0" />
    <Tile TileID="1316" X="686" Y="521" Z="0" Hue="0" />
    <Tile TileID="1316" X="686" Y="505" Z="0" Hue="0" />
    <Tile TileID="1315" X="685" Y="521" Z="0" Hue="0" />
    <Tile TileID="1315" X="685" Y="505" Z="0" Hue="0" />
    <Tile TileID="1316" X="684" Y="521" Z="0" Hue="0" />
    <Tile TileID="3213" X="695" Y="511" Z="0" Hue="0" />
    <Tile TileID="3212" X="694" Y="511" Z="0" Hue="0" />
    <Tile TileID="3208" X="691" Y="511" Z="0" Hue="0" />
    <Tile TileID="3208" X="690" Y="511" Z="0" Hue="0" />
    <Tile TileID="3213" X="688" Y="511" Z="0" Hue="0" />
    <Tile TileID="3209" X="687" Y="511" Z="0" Hue="0" />
    <Tile TileID="3210" X="686" Y="511" Z="0" Hue="0" />
    <Tile TileID="3211" X="685" Y="511" Z="0" Hue="0" />
    <Tile TileID="3207" X="684" Y="511" Z="0" Hue="0" />
    <Tile TileID="3208" X="683" Y="511" Z="0" Hue="0" />
    <Tile TileID="3212" X="682" Y="511" Z="0" Hue="0" />
    <Tile TileID="1313" X="684" Y="505" Z="0" Hue="0" />
    <Tile TileID="1313" X="683" Y="521" Z="0" Hue="0" />
    <Tile TileID="3208" X="695" Y="508" Z="0" Hue="0" />
    <Tile TileID="3212" X="694" Y="510" Z="0" Hue="0" />
    <Tile TileID="3211" X="694" Y="509" Z="0" Hue="0" />
    <Tile TileID="3212" X="693" Y="510" Z="0" Hue="0" />
    <Tile TileID="3207" X="693" Y="509" Z="0" Hue="0" />
    <Tile TileID="3209" X="693" Y="508" Z="0" Hue="0" />
    <Tile TileID="3213" X="692" Y="510" Z="0" Hue="0" />
    <Tile TileID="3209" X="692" Y="509" Z="0" Hue="0" />
    <Tile TileID="3213" X="692" Y="508" Z="0" Hue="0" />
    <Tile TileID="1316" X="683" Y="505" Z="0" Hue="0" />
    <Tile TileID="1313" X="682" Y="521" Z="0" Hue="0" />
    <Tile TileID="1313" X="682" Y="505" Z="0" Hue="0" />
    <Tile TileID="1313" X="681" Y="521" Z="0" Hue="0" />
    <Tile TileID="1315" X="681" Y="505" Z="0" Hue="0" />
    <Tile TileID="1316" X="680" Y="521" Z="0" Hue="0" />
    <Tile TileID="1315" X="680" Y="505" Z="0" Hue="0" />
    <Tile TileID="1313" X="679" Y="521" Z="0" Hue="0" />
    <Tile TileID="3212" X="666" Y="513" Z="0" Hue="0" />
    <Tile TileID="1314" X="679" Y="505" Z="0" Hue="0" />
    <Tile TileID="1315" X="678" Y="521" Z="0" Hue="0" />
    <Tile TileID="3212" X="666" Y="508" Z="0" Hue="0" />
    <Tile TileID="3212" X="665" Y="518" Z="0" Hue="0" />
    <Tile TileID="3211" X="665" Y="517" Z="0" Hue="0" />
    <Tile TileID="3210" X="665" Y="515" Z="0" Hue="0" />
    <Tile TileID="1313" X="678" Y="505" Z="0" Hue="0" />
    <Tile TileID="1314" X="677" Y="505" Z="0" Hue="0" />
    <Tile TileID="1313" X="676" Y="521" Z="0" Hue="0" />
    <Tile TileID="1316" X="676" Y="505" Z="0" Hue="0" />
    <Tile TileID="1315" X="675" Y="521" Z="0" Hue="0" />
    <Tile TileID="1315" X="675" Y="505" Z="0" Hue="0" />
    <Tile TileID="1313" X="674" Y="521" Z="0" Hue="0" />
    <Tile TileID="3235" X="670" Y="508" Z="0" Hue="0" />
    <Tile TileID="6042" X="681" Y="515" Z="0" Hue="0" />
    <Tile TileID="1313" X="671" Y="505" Z="0" Hue="0" />
    <Tile TileID="1316" X="670" Y="521" Z="0" Hue="0" />
    <Tile TileID="1314" X="670" Y="505" Z="0" Hue="0" />
    <Tile TileID="1313" X="669" Y="521" Z="0" Hue="0" />
    <Tile TileID="1316" X="669" Y="505" Z="0" Hue="0" />
    <Tile TileID="1313" X="668" Y="521" Z="0" Hue="0" />
    <Tile TileID="6039" X="676" Y="516" Z="0" Hue="0" />
    <Tile TileID="1313" X="668" Y="505" Z="0" Hue="0" />
    <Tile TileID="1315" X="667" Y="521" Z="0" Hue="0" />
    <Tile TileID="1316" X="667" Y="505" Z="0" Hue="0" />
    <Tile TileID="1316" X="666" Y="521" Z="0" Hue="0" />
    <Tile TileID="6041" X="672" Y="510" Z="0" Hue="0" />
    <Tile TileID="6041" X="671" Y="513" Z="0" Hue="0" />
    <Tile TileID="1313" X="666" Y="505" Z="0" Hue="0" />
    <Tile TileID="1316" X="665" Y="521" Z="0" Hue="0" />
</Static_Tiles>