﻿<?xml version="1.0" encoding="utf-8"?>
<Static_Tiles>
    <Tile TileID="3287" X="656" Y="516" Z="0" Hue="0" />
    <Tile TileID="3287" X="657" Y="521" Z="0" Hue="0" />
    <Tile TileID="3287" X="653" Y="518" Z="0" Hue="0" />
    <Tile TileID="3286" X="656" Y="516" Z="0" Hue="0" />
    <Tile TileID="3286" X="657" Y="521" Z="0" Hue="0" />
    <Tile TileID="3286" X="653" Y="518" Z="0" Hue="0" />
    <Tile TileID="3287" X="654" Y="494" Z="0" Hue="0" />
    <Tile TileID="3287" X="654" Y="489" Z="0" Hue="0" />
    <Tile TileID="3287" X="657" Y="496" Z="0" Hue="0" />
    <Tile TileID="3287" X="656" Y="500" Z="0" Hue="0" />
    <Tile TileID="3286" X="657" Y="496" Z="0" Hue="0" />
    <Tile TileID="3286" X="654" Y="489" Z="0" Hue="0" />
    <Tile TileID="3286" X="654" Y="494" Z="0" Hue="0" />
    <Tile TileID="3286" X="656" Y="500" Z="0" Hue="0" />
    <Tile TileID="3208" X="689" Y="476" Z="0" Hue="0" />
    <Tile TileID="3210" X="689" Y="475" Z="0" Hue="0" />
    <Tile TileID="3212" X="690" Y="472" Z="0" Hue="0" />
    <Tile TileID="3207" X="687" Y="471" Z="0" Hue="0" />
    <Tile TileID="3214" X="683" Y="475" Z="0" Hue="0" />
    <Tile TileID="3209" X="692" Y="473" Z="0" Hue="0" />
    <Tile TileID="3211" X="697" Y="475" Z="0" Hue="0" />
    <Tile TileID="3213" X="695" Y="473" Z="0" Hue="0" />
    <Tile TileID="3212" X="692" Y="475" Z="0" Hue="0" />
    <Tile TileID="3212" X="694" Y="476" Z="0" Hue="0" />
    <Tile TileID="3207" X="696" Y="478" Z="0" Hue="0" />
    <Tile TileID="3210" X="656" Y="472" Z="0" Hue="0" />
    <Tile TileID="3210" X="654" Y="475" Z="0" Hue="0" />
    <Tile TileID="3213" X="681" Y="471" Z="0" Hue="0" />
    <Tile TileID="3213" X="685" Y="471" Z="0" Hue="0" />
    <Tile TileID="3214" X="686" Y="474" Z="0" Hue="0" />
    <Tile TileID="3209" X="682" Y="473" Z="0" Hue="0" />
    <Tile TileID="3207" X="673" Y="472" Z="0" Hue="0" />
    <Tile TileID="3207" X="676" Y="473" Z="0" Hue="0" />
    <Tile TileID="3211" X="674" Y="471" Z="0" Hue="0" />
    <Tile TileID="3208" X="677" Y="476" Z="0" Hue="0" />
    <Tile TileID="3208" X="678" Y="478" Z="0" Hue="0" />
    <Tile TileID="3208" X="681" Y="476" Z="0" Hue="0" />
    <Tile TileID="3214" X="680" Y="475" Z="0" Hue="0" />
    <Tile TileID="3213" X="678" Y="473" Z="0" Hue="0" />
    <Tile TileID="3213" X="677" Y="475" Z="0" Hue="0" />
    <Tile TileID="3210" X="674" Y="475" Z="0" Hue="0" />
    <Tile TileID="3208" X="672" Y="474" Z="0" Hue="0" />
    <Tile TileID="3209" X="670" Y="475" Z="0" Hue="0" />
    <Tile TileID="3211" X="668" Y="474" Z="0" Hue="0" />
    <Tile TileID="3209" X="666" Y="476" Z="0" Hue="0" />
    <Tile TileID="3211" X="678" Y="480" Z="0" Hue="0" />
    <Tile TileID="3209" X="677" Y="483" Z="0" Hue="0" />
    <Tile TileID="3213" X="679" Y="483" Z="0" Hue="0" />
    <Tile TileID="3214" X="680" Y="481" Z="0" Hue="0" />
    <Tile TileID="3214" X="681" Y="482" Z="0" Hue="0" />
    <Tile TileID="3208" X="684" Y="482" Z="0" Hue="0" />
    <Tile TileID="3207" X="682" Y="486" Z="0" Hue="0" />
    <Tile TileID="3209" X="682" Y="486" Z="0" Hue="0" />
    <Tile TileID="3211" X="681" Y="484" Z="0" Hue="0" />
    <Tile TileID="3213" X="681" Y="483" Z="0" Hue="0" />
    <Tile TileID="3214" X="681" Y="479" Z="0" Hue="0" />
    <Tile TileID="3213" X="682" Y="480" Z="0" Hue="0" />
    <Tile TileID="3209" X="679" Y="484" Z="0" Hue="0" />
    <Tile TileID="3212" X="680" Y="485" Z="0" Hue="0" />
    <Tile TileID="3211" X="678" Y="479" Z="0" Hue="0" />
    <Tile TileID="3209" X="678" Y="481" Z="0" Hue="0" />
    <Tile TileID="3214" X="678" Y="486" Z="0" Hue="0" />
    <Tile TileID="3213" X="664" Y="474" Z="0" Hue="0" />
    <Tile TileID="3211" X="661" Y="473" Z="0" Hue="0" />
    <Tile TileID="3210" X="658" Y="475" Z="0" Hue="0" />
    <Tile TileID="3209" X="659" Y="478" Z="0" Hue="0" />
    <Tile TileID="3213" X="659" Y="480" Z="0" Hue="0" />
    <Tile TileID="3209" X="654" Y="482" Z="0" Hue="0" />
    <Tile TileID="3214" X="654" Y="482" Z="0" Hue="0" />
    <Tile TileID="3208" X="655" Y="482" Z="0" Hue="0" />
    <Tile TileID="3209" X="656" Y="482" Z="0" Hue="0" />
    <Tile TileID="3214" X="658" Y="482" Z="0" Hue="0" />
    <Tile TileID="3208" X="654" Y="481" Z="0" Hue="0" />
    <Tile TileID="3208" X="654" Y="481" Z="0" Hue="0" />
    <Tile TileID="3213" X="655" Y="481" Z="0" Hue="0" />
    <Tile TileID="3210" X="658" Y="479" Z="0" Hue="0" />
    <Tile TileID="3212" X="663" Y="482" Z="40" Hue="0" />
    <Tile TileID="3210" X="658" Y="482" Z="0" Hue="0" />
    <Tile TileID="3207" X="657" Y="481" Z="0" Hue="0" />
    <Tile TileID="3213" X="653" Y="477" Z="0" Hue="0" />
    <Tile TileID="3207" X="652" Y="480" Z="0" Hue="0" />
    <Tile TileID="3213" X="656" Y="481" Z="0" Hue="0" />
    <Tile TileID="3213" X="656" Y="479" Z="0" Hue="0" />
    <Tile TileID="3211" X="656" Y="476" Z="0" Hue="0" />
    <Tile TileID="3211" X="658" Y="477" Z="0" Hue="0" />
    <Tile TileID="3212" X="658" Y="480" Z="0" Hue="0" />
    <Tile TileID="3209" X="653" Y="479" Z="0" Hue="0" />
    <Tile TileID="3213" X="655" Y="480" Z="0" Hue="0" />
    <Tile TileID="3213" X="655" Y="479" Z="0" Hue="0" />
    <Tile TileID="3207" X="654" Y="477" Z="0" Hue="0" />
    <Tile TileID="3210" X="653" Y="479" Z="0" Hue="0" />
    <Tile TileID="3210" X="654" Y="481" Z="0" Hue="0" />
    <Tile TileID="3213" X="661" Y="492" Z="0" Hue="0" />
    <Tile TileID="3214" X="661" Y="491" Z="0" Hue="0" />
    <Tile TileID="3207" X="661" Y="490" Z="0" Hue="0" />
    <Tile TileID="3208" X="661" Y="489" Z="0" Hue="0" />
    <Tile TileID="3211" X="661" Y="488" Z="0" Hue="0" />
    <Tile TileID="3207" X="661" Y="487" Z="0" Hue="0" />
    <Tile TileID="3214" X="661" Y="486" Z="0" Hue="0" />
    <Tile TileID="3209" X="661" Y="485" Z="0" Hue="0" />
    <Tile TileID="3209" X="661" Y="484" Z="0" Hue="0" />
    <Tile TileID="3209" X="661" Y="483" Z="0" Hue="0" />
    <Tile TileID="3211" X="660" Y="492" Z="0" Hue="0" />
    <Tile TileID="3212" X="660" Y="491" Z="0" Hue="0" />
    <Tile TileID="3211" X="660" Y="490" Z="0" Hue="0" />
    <Tile TileID="3213" X="660" Y="489" Z="0" Hue="0" />
    <Tile TileID="3213" X="660" Y="488" Z="0" Hue="0" />
    <Tile TileID="3212" X="660" Y="487" Z="0" Hue="0" />
    <Tile TileID="3209" X="660" Y="486" Z="0" Hue="0" />
    <Tile TileID="3212" X="660" Y="485" Z="0" Hue="0" />
    <Tile TileID="3207" X="660" Y="484" Z="0" Hue="0" />
    <Tile TileID="3209" X="660" Y="483" Z="0" Hue="0" />
    <Tile TileID="3213" X="659" Y="492" Z="0" Hue="0" />
    <Tile TileID="3211" X="659" Y="491" Z="0" Hue="0" />
    <Tile TileID="3211" X="659" Y="490" Z="0" Hue="0" />
    <Tile TileID="3209" X="659" Y="489" Z="0" Hue="0" />
    <Tile TileID="3208" X="659" Y="488" Z="0" Hue="0" />
    <Tile TileID="3210" X="659" Y="487" Z="0" Hue="0" />
    <Tile TileID="3211" X="659" Y="486" Z="0" Hue="0" />
    <Tile TileID="3210" X="659" Y="485" Z="0" Hue="0" />
    <Tile TileID="3212" X="659" Y="484" Z="0" Hue="0" />
    <Tile TileID="3208" X="659" Y="483" Z="0" Hue="0" />
    <Tile TileID="3212" X="658" Y="492" Z="0" Hue="0" />
    <Tile TileID="3210" X="658" Y="491" Z="0" Hue="0" />
    <Tile TileID="3214" X="658" Y="490" Z="0" Hue="0" />
    <Tile TileID="3213" X="658" Y="489" Z="0" Hue="0" />
    <Tile TileID="3212" X="658" Y="488" Z="0" Hue="0" />
    <Tile TileID="3207" X="658" Y="487" Z="0" Hue="0" />
    <Tile TileID="3214" X="658" Y="486" Z="0" Hue="0" />
    <Tile TileID="3208" X="658" Y="485" Z="0" Hue="0" />
    <Tile TileID="3207" X="658" Y="484" Z="0" Hue="0" />
    <Tile TileID="3212" X="658" Y="483" Z="0" Hue="0" />
    <Tile TileID="3212" X="657" Y="492" Z="0" Hue="0" />
    <Tile TileID="3213" X="657" Y="491" Z="0" Hue="0" />
    <Tile TileID="3210" X="657" Y="490" Z="0" Hue="0" />
    <Tile TileID="3211" X="657" Y="489" Z="0" Hue="0" />
    <Tile TileID="3207" X="657" Y="488" Z="0" Hue="0" />
    <Tile TileID="3214" X="657" Y="487" Z="0" Hue="0" />
    <Tile TileID="3214" X="657" Y="486" Z="0" Hue="0" />
    <Tile TileID="3208" X="657" Y="485" Z="0" Hue="0" />
    <Tile TileID="3208" X="657" Y="484" Z="0" Hue="0" />
    <Tile TileID="3214" X="657" Y="483" Z="0" Hue="0" />
    <Tile TileID="3214" X="656" Y="492" Z="0" Hue="0" />
    <Tile TileID="3211" X="656" Y="491" Z="0" Hue="0" />
    <Tile TileID="3211" X="656" Y="490" Z="0" Hue="0" />
    <Tile TileID="3209" X="656" Y="489" Z="0" Hue="0" />
    <Tile TileID="3209" X="656" Y="488" Z="0" Hue="0" />
    <Tile TileID="3211" X="656" Y="487" Z="0" Hue="0" />
    <Tile TileID="3214" X="656" Y="486" Z="0" Hue="0" />
    <Tile TileID="3214" X="656" Y="485" Z="0" Hue="0" />
    <Tile TileID="3210" X="656" Y="484" Z="0" Hue="0" />
    <Tile TileID="3212" X="656" Y="483" Z="0" Hue="0" />
    <Tile TileID="3212" X="655" Y="492" Z="0" Hue="0" />
    <Tile TileID="3212" X="655" Y="491" Z="0" Hue="0" />
    <Tile TileID="3207" X="655" Y="490" Z="0" Hue="0" />
    <Tile TileID="3213" X="655" Y="489" Z="0" Hue="0" />
    <Tile TileID="3214" X="655" Y="488" Z="0" Hue="0" />
    <Tile TileID="3212" X="655" Y="487" Z="0" Hue="0" />
    <Tile TileID="3212" X="655" Y="486" Z="0" Hue="0" />
    <Tile TileID="3211" X="655" Y="485" Z="0" Hue="0" />
    <Tile TileID="3214" X="655" Y="484" Z="0" Hue="0" />
    <Tile TileID="3214" X="655" Y="483" Z="0" Hue="0" />
    <Tile TileID="3212" X="654" Y="492" Z="0" Hue="0" />
    <Tile TileID="3209" X="654" Y="491" Z="0" Hue="0" />
    <Tile TileID="3208" X="654" Y="490" Z="0" Hue="0" />
    <Tile TileID="3212" X="654" Y="489" Z="0" Hue="0" />
    <Tile TileID="3211" X="654" Y="488" Z="0" Hue="0" />
    <Tile TileID="3207" X="654" Y="487" Z="0" Hue="0" />
    <Tile TileID="3207" X="654" Y="486" Z="0" Hue="0" />
    <Tile TileID="3210" X="654" Y="485" Z="0" Hue="0" />
    <Tile TileID="3209" X="654" Y="484" Z="0" Hue="0" />
    <Tile TileID="3211" X="654" Y="483" Z="0" Hue="0" />
    <Tile TileID="3207" X="653" Y="492" Z="0" Hue="0" />
    <Tile TileID="3209" X="653" Y="491" Z="0" Hue="0" />
    <Tile TileID="3208" X="653" Y="490" Z="0" Hue="0" />
    <Tile TileID="3212" X="653" Y="489" Z="0" Hue="0" />
    <Tile TileID="3214" X="653" Y="488" Z="0" Hue="0" />
    <Tile TileID="3211" X="653" Y="487" Z="0" Hue="0" />
    <Tile TileID="3208" X="653" Y="486" Z="0" Hue="0" />
    <Tile TileID="3212" X="653" Y="485" Z="0" Hue="0" />
    <Tile TileID="3209" X="653" Y="484" Z="0" Hue="0" />
    <Tile TileID="3212" X="653" Y="483" Z="0" Hue="0" />
    <Tile TileID="3214" X="652" Y="492" Z="0" Hue="0" />
    <Tile TileID="3211" X="652" Y="491" Z="0" Hue="0" />
    <Tile TileID="3210" X="652" Y="490" Z="0" Hue="0" />
    <Tile TileID="3208" X="652" Y="489" Z="0" Hue="0" />
    <Tile TileID="3209" X="652" Y="488" Z="0" Hue="0" />
    <Tile TileID="3209" X="652" Y="487" Z="0" Hue="0" />
    <Tile TileID="3214" X="652" Y="486" Z="0" Hue="0" />
    <Tile TileID="3210" X="652" Y="485" Z="0" Hue="0" />
    <Tile TileID="3207" X="652" Y="484" Z="0" Hue="0" />
    <Tile TileID="3210" X="652" Y="483" Z="0" Hue="0" />
    <Tile TileID="3211" X="657" Y="503" Z="0" Hue="0" />
    <Tile TileID="3207" X="657" Y="502" Z="0" Hue="0" />
    <Tile TileID="3210" X="657" Y="501" Z="0" Hue="0" />
    <Tile TileID="3209" X="657" Y="500" Z="0" Hue="0" />
    <Tile TileID="3212" X="657" Y="499" Z="0" Hue="0" />
    <Tile TileID="3214" X="657" Y="498" Z="0" Hue="0" />
    <Tile TileID="3207" X="657" Y="497" Z="0" Hue="0" />
    <Tile TileID="3213" X="657" Y="496" Z="0" Hue="0" />
    <Tile TileID="3207" X="657" Y="495" Z="0" Hue="0" />
    <Tile TileID="3212" X="657" Y="494" Z="0" Hue="0" />
    <Tile TileID="3208" X="657" Y="493" Z="0" Hue="0" />
    <Tile TileID="3214" X="656" Y="503" Z="0" Hue="0" />
    <Tile TileID="3211" X="656" Y="502" Z="0" Hue="0" />
    <Tile TileID="3214" X="656" Y="501" Z="0" Hue="0" />
    <Tile TileID="3213" X="656" Y="500" Z="0" Hue="0" />
    <Tile TileID="3207" X="656" Y="499" Z="0" Hue="0" />
    <Tile TileID="3207" X="656" Y="498" Z="0" Hue="0" />
    <Tile TileID="3214" X="656" Y="497" Z="0" Hue="0" />
    <Tile TileID="3208" X="656" Y="496" Z="0" Hue="0" />
    <Tile TileID="3207" X="656" Y="495" Z="0" Hue="0" />
    <Tile TileID="3207" X="656" Y="494" Z="0" Hue="0" />
    <Tile TileID="3209" X="656" Y="493" Z="0" Hue="0" />
    <Tile TileID="3211" X="655" Y="503" Z="0" Hue="0" />
    <Tile TileID="3210" X="655" Y="502" Z="0" Hue="0" />
    <Tile TileID="3209" X="655" Y="501" Z="0" Hue="0" />
    <Tile TileID="3209" X="655" Y="500" Z="0" Hue="0" />
    <Tile TileID="3208" X="655" Y="499" Z="0" Hue="0" />
    <Tile TileID="3208" X="655" Y="498" Z="0" Hue="0" />
    <Tile TileID="3210" X="655" Y="497" Z="0" Hue="0" />
    <Tile TileID="3212" X="655" Y="496" Z="0" Hue="0" />
    <Tile TileID="3213" X="655" Y="495" Z="0" Hue="0" />
    <Tile TileID="3209" X="655" Y="494" Z="0" Hue="0" />
    <Tile TileID="3213" X="654" Y="503" Z="0" Hue="0" />
    <Tile TileID="3210" X="654" Y="502" Z="0" Hue="0" />
    <Tile TileID="3213" X="654" Y="501" Z="0" Hue="0" />
    <Tile TileID="3209" X="654" Y="500" Z="0" Hue="0" />
    <Tile TileID="3209" X="654" Y="499" Z="0" Hue="0" />
    <Tile TileID="3212" X="654" Y="498" Z="0" Hue="0" />
    <Tile TileID="3208" X="654" Y="497" Z="0" Hue="0" />
    <Tile TileID="3211" X="654" Y="496" Z="0" Hue="0" />
    <Tile TileID="3209" X="654" Y="495" Z="0" Hue="0" />
    <Tile TileID="3214" X="654" Y="494" Z="0" Hue="0" />
    <Tile TileID="3213" X="654" Y="493" Z="0" Hue="0" />
    <Tile TileID="3210" X="655" Y="493" Z="0" Hue="0" />
</Static_Tiles>