﻿<?xml version="1.0" encoding="utf-8"?>
<Static_Tiles>
    <Tile TileID="9963" X="717" Y="513" Z="38" Hue="0" />
    <Tile TileID="9946" X="712" Y="513" Z="41" Hue="0" />
    <Tile TileID="9947" X="717" Y="502" Z="26" Hue="0" />
    <Tile TileID="3289" X="708" Y="520" Z="0" Hue="0" />
    <Tile TileID="3287" X="716" Y="520" Z="0" Hue="0" />
    <Tile TileID="7" X="710" Y="502" Z="0" Hue="0" />
    <Tile TileID="3286" X="716" Y="520" Z="0" Hue="0" />
    <Tile TileID="3288" X="708" Y="520" Z="0" Hue="0" />
    <Tile TileID="3209" X="706" Y="518" Z="0" Hue="0" />
    <Tile TileID="3210" X="706" Y="517" Z="0" Hue="0" />
    <Tile TileID="3209" X="706" Y="516" Z="0" Hue="0" />
    <Tile TileID="3207" X="706" Y="515" Z="0" Hue="0" />
    <Tile TileID="3210" X="706" Y="514" Z="0" Hue="0" />
    <Tile TileID="3210" X="706" Y="513" Z="0" Hue="0" />
    <Tile TileID="3209" X="706" Y="512" Z="0" Hue="0" />
    <Tile TileID="3208" X="706" Y="511" Z="0" Hue="0" />
    <Tile TileID="3209" X="706" Y="510" Z="0" Hue="0" />
    <Tile TileID="3210" X="706" Y="509" Z="0" Hue="0" />
    <Tile TileID="3208" X="706" Y="508" Z="0" Hue="0" />
    <Tile TileID="3208" X="706" Y="507" Z="0" Hue="0" />
    <Tile TileID="3209" X="706" Y="506" Z="0" Hue="0" />
    <Tile TileID="3209" X="706" Y="505" Z="0" Hue="0" />
    <Tile TileID="3210" X="706" Y="504" Z="0" Hue="0" />
    <Tile TileID="3207" X="706" Y="503" Z="0" Hue="0" />
    <Tile TileID="3208" X="706" Y="502" Z="0" Hue="0" />
    <Tile TileID="3209" X="706" Y="501" Z="0" Hue="0" />
    <Tile TileID="3210" X="706" Y="500" Z="0" Hue="0" />
    <Tile TileID="3210" X="705" Y="518" Z="0" Hue="0" />
    <Tile TileID="3210" X="705" Y="517" Z="0" Hue="0" />
    <Tile TileID="3209" X="705" Y="516" Z="0" Hue="0" />
    <Tile TileID="3207" X="705" Y="515" Z="0" Hue="0" />
    <Tile TileID="3208" X="705" Y="514" Z="0" Hue="0" />
    <Tile TileID="3208" X="705" Y="513" Z="0" Hue="0" />
    <Tile TileID="3210" X="705" Y="512" Z="0" Hue="0" />
    <Tile TileID="3208" X="705" Y="511" Z="0" Hue="0" />
    <Tile TileID="3208" X="705" Y="510" Z="0" Hue="0" />
    <Tile TileID="3209" X="705" Y="509" Z="0" Hue="0" />
    <Tile TileID="3207" X="705" Y="508" Z="0" Hue="0" />
    <Tile TileID="3210" X="705" Y="507" Z="0" Hue="0" />
    <Tile TileID="3210" X="705" Y="506" Z="0" Hue="0" />
    <Tile TileID="3210" X="705" Y="505" Z="0" Hue="0" />
    <Tile TileID="3208" X="705" Y="504" Z="0" Hue="0" />
    <Tile TileID="3207" X="705" Y="503" Z="0" Hue="0" />
    <Tile TileID="3208" X="705" Y="502" Z="0" Hue="0" />
    <Tile TileID="3210" X="705" Y="501" Z="0" Hue="0" />
    <Tile TileID="3207" X="705" Y="500" Z="0" Hue="0" />
    <Tile TileID="3208" X="710" Y="520" Z="0" Hue="0" />
    <Tile TileID="3209" X="710" Y="519" Z="0" Hue="0" />
    <Tile TileID="3209" X="709" Y="520" Z="0" Hue="0" />
    <Tile TileID="3209" X="709" Y="519" Z="0" Hue="0" />
    <Tile TileID="3210" X="708" Y="520" Z="0" Hue="0" />
    <Tile TileID="3210" X="708" Y="519" Z="0" Hue="0" />
    <Tile TileID="3210" X="707" Y="520" Z="0" Hue="0" />
    <Tile TileID="3207" X="707" Y="519" Z="0" Hue="0" />
    <Tile TileID="3207" X="706" Y="520" Z="0" Hue="0" />
    <Tile TileID="3208" X="706" Y="519" Z="0" Hue="0" />
    <Tile TileID="3207" X="705" Y="520" Z="0" Hue="0" />
    <Tile TileID="3210" X="705" Y="519" Z="0" Hue="0" />
    <Tile TileID="3208" X="718" Y="520" Z="0" Hue="0" />
    <Tile TileID="3207" X="718" Y="519" Z="0" Hue="0" />
    <Tile TileID="3208" X="717" Y="520" Z="0" Hue="0" />
    <Tile TileID="3210" X="717" Y="519" Z="0" Hue="0" />
    <Tile TileID="3207" X="716" Y="520" Z="0" Hue="0" />
    <Tile TileID="3210" X="716" Y="519" Z="0" Hue="0" />
    <Tile TileID="3208" X="715" Y="520" Z="0" Hue="0" />
    <Tile TileID="3209" X="715" Y="519" Z="0" Hue="0" />
    <Tile TileID="1305" X="713" Y="521" Z="0" Hue="0" />
    <Tile TileID="1306" X="713" Y="519" Z="0" Hue="0" />
    <Tile TileID="1306" X="712" Y="521" Z="0" Hue="0" />
    <Tile TileID="1308" X="712" Y="520" Z="0" Hue="0" />
    <Tile TileID="1306" X="712" Y="519" Z="0" Hue="0" />
    <Tile TileID="1315" X="718" Y="521" Z="0" Hue="0" />
    <Tile TileID="1314" X="717" Y="521" Z="0" Hue="0" />
    <Tile TileID="1314" X="716" Y="521" Z="0" Hue="0" />
    <Tile TileID="1315" X="715" Y="521" Z="0" Hue="0" />
    <Tile TileID="1313" X="714" Y="521" Z="0" Hue="0" />
    <Tile TileID="1313" X="714" Y="520" Z="0" Hue="0" />
    <Tile TileID="1316" X="714" Y="519" Z="0" Hue="0" />
    <Tile TileID="1316" X="711" Y="521" Z="0" Hue="0" />
    <Tile TileID="1315" X="711" Y="520" Z="0" Hue="0" />
    <Tile TileID="1314" X="711" Y="519" Z="0" Hue="0" />
    <Tile TileID="1316" X="710" Y="521" Z="0" Hue="0" />
    <Tile TileID="1316" X="709" Y="521" Z="0" Hue="0" />
    <Tile TileID="1314" X="708" Y="521" Z="0" Hue="0" />
    <Tile TileID="1314" X="707" Y="521" Z="0" Hue="0" />
    <Tile TileID="1313" X="706" Y="521" Z="0" Hue="0" />
    <Tile TileID="1315" X="705" Y="521" Z="0" Hue="0" />
    <Tile TileID="1313" X="704" Y="521" Z="0" Hue="0" />
    <Tile TileID="1315" X="704" Y="520" Z="0" Hue="0" />
    <Tile TileID="1316" X="704" Y="519" Z="0" Hue="0" />
    <Tile TileID="1315" X="704" Y="518" Z="0" Hue="0" />
    <Tile TileID="1315" X="704" Y="517" Z="0" Hue="0" />
    <Tile TileID="1314" X="704" Y="516" Z="0" Hue="0" />
    <Tile TileID="1313" X="704" Y="515" Z="0" Hue="0" />
    <Tile TileID="1313" X="704" Y="514" Z="0" Hue="0" />
    <Tile TileID="1313" X="704" Y="513" Z="0" Hue="0" />
    <Tile TileID="1314" X="704" Y="512" Z="0" Hue="0" />
    <Tile TileID="1314" X="704" Y="511" Z="0" Hue="0" />
    <Tile TileID="1316" X="704" Y="510" Z="0" Hue="0" />
    <Tile TileID="1316" X="704" Y="509" Z="0" Hue="0" />
    <Tile TileID="1313" X="704" Y="508" Z="0" Hue="0" />
    <Tile TileID="1316" X="704" Y="507" Z="0" Hue="0" />
    <Tile TileID="1315" X="704" Y="506" Z="0" Hue="0" />
    <Tile TileID="1315" X="704" Y="505" Z="0" Hue="0" />
    <Tile TileID="1314" X="704" Y="504" Z="0" Hue="0" />
    <Tile TileID="1313" X="704" Y="503" Z="0" Hue="0" />
    <Tile TileID="1316" X="704" Y="502" Z="0" Hue="0" />
    <Tile TileID="1315" X="704" Y="501" Z="0" Hue="0" />
    <Tile TileID="1313" X="704" Y="500" Z="0" Hue="0" />
    <Tile TileID="1313" X="704" Y="499" Z="0" Hue="0" />
    <Tile TileID="1313" X="704" Y="498" Z="0" Hue="0" />
    <Tile TileID="1314" X="704" Y="497" Z="0" Hue="0" />
    <Tile TileID="1313" X="704" Y="496" Z="0" Hue="0" />
    <Tile TileID="1315" X="704" Y="495" Z="0" Hue="0" />
    <Tile TileID="1314" X="704" Y="494" Z="0" Hue="0" />
    <Tile TileID="1313" X="704" Y="493" Z="0" Hue="0" />
    <Tile TileID="1313" X="704" Y="492" Z="0" Hue="0" />
    <Tile TileID="1313" X="704" Y="491" Z="0" Hue="0" />
    <Tile TileID="1316" X="704" Y="490" Z="0" Hue="0" />
    <Tile TileID="1315" X="704" Y="489" Z="0" Hue="0" />
    <Tile TileID="1316" X="704" Y="488" Z="0" Hue="0" />
    <Tile TileID="1314" X="704" Y="487" Z="0" Hue="0" />
    <Tile TileID="1314" X="704" Y="486" Z="0" Hue="0" />
    <Tile TileID="17" X="718" Y="510" Z="30" Hue="0" />
    <Tile TileID="17" X="718" Y="509" Z="30" Hue="0" />
    <Tile TileID="17" X="718" Y="508" Z="30" Hue="0" />
    <Tile TileID="17" X="718" Y="511" Z="25" Hue="0" />
    <Tile TileID="17" X="718" Y="510" Z="25" Hue="0" />
    <Tile TileID="17" X="718" Y="509" Z="25" Hue="0" />
    <Tile TileID="17" X="718" Y="508" Z="25" Hue="0" />
    <Tile TileID="17" X="718" Y="507" Z="25" Hue="0" />
    <Tile TileID="17" X="718" Y="506" Z="25" Hue="0" />
    <Tile TileID="17" X="718" Y="505" Z="25" Hue="0" />
    <Tile TileID="17" X="718" Y="516" Z="20" Hue="0" />
    <Tile TileID="17" X="718" Y="515" Z="20" Hue="0" />
    <Tile TileID="17" X="718" Y="514" Z="20" Hue="0" />
    <Tile TileID="17" X="718" Y="512" Z="20" Hue="0" />
    <Tile TileID="17" X="718" Y="511" Z="20" Hue="0" />
    <Tile TileID="17" X="718" Y="510" Z="20" Hue="0" />
    <Tile TileID="17" X="718" Y="509" Z="20" Hue="0" />
    <Tile TileID="17" X="718" Y="508" Z="20" Hue="0" />
    <Tile TileID="17" X="718" Y="507" Z="20" Hue="0" />
    <Tile TileID="17" X="718" Y="506" Z="20" Hue="0" />
    <Tile TileID="18" X="713" Y="518" Z="25" Hue="0" />
    <Tile TileID="18" X="712" Y="518" Z="25" Hue="0" />
    <Tile TileID="18" X="711" Y="518" Z="25" Hue="0" />
    <Tile TileID="18" X="710" Y="518" Z="25" Hue="0" />
    <Tile TileID="18" X="717" Y="518" Z="20" Hue="0" />
    <Tile TileID="18" X="716" Y="518" Z="20" Hue="0" />
    <Tile TileID="18" X="715" Y="518" Z="20" Hue="0" />
    <Tile TileID="18" X="714" Y="518" Z="20" Hue="0" />
    <Tile TileID="18" X="713" Y="518" Z="20" Hue="0" />
    <Tile TileID="18" X="712" Y="518" Z="20" Hue="0" />
    <Tile TileID="18" X="711" Y="518" Z="20" Hue="0" />
    <Tile TileID="18" X="710" Y="518" Z="20" Hue="0" />
    <Tile TileID="18" X="709" Y="518" Z="20" Hue="0" />
    <Tile TileID="18" X="708" Y="518" Z="20" Hue="0" />
    <Tile TileID="18" X="707" Y="518" Z="20" Hue="0" />
    <Tile TileID="9947" X="718" Y="519" Z="23" Hue="0" />
    <Tile TileID="9948" X="706" Y="519" Z="23" Hue="0" />
    <Tile TileID="9963" X="719" Y="518" Z="23" Hue="0" />
    <Tile TileID="9952" X="718" Y="518" Z="23" Hue="0" />
    <Tile TileID="9947" X="717" Y="519" Z="26" Hue="0" />
    <Tile TileID="9947" X="717" Y="518" Z="26" Hue="0" />
    <Tile TileID="9948" X="707" Y="519" Z="26" Hue="0" />
    <Tile TileID="9948" X="707" Y="518" Z="26" Hue="0" />
    <Tile TileID="9949" X="706" Y="518" Z="23" Hue="0" />
    <Tile TileID="9963" X="719" Y="517" Z="26" Hue="0" />
    <Tile TileID="9963" X="718" Y="517" Z="26" Hue="0" />
    <Tile TileID="9952" X="717" Y="517" Z="26" Hue="0" />
    <Tile TileID="9947" X="716" Y="519" Z="29" Hue="0" />
    <Tile TileID="9947" X="716" Y="518" Z="29" Hue="0" />
    <Tile TileID="9947" X="716" Y="517" Z="29" Hue="0" />
    <Tile TileID="9948" X="708" Y="519" Z="29" Hue="0" />
    <Tile TileID="9948" X="708" Y="518" Z="29" Hue="0" />
    <Tile TileID="9948" X="708" Y="517" Z="29" Hue="0" />
    <Tile TileID="9949" X="707" Y="517" Z="24" Hue="0" />
    <Tile TileID="9963" X="706" Y="517" Z="26" Hue="0" />
    <Tile TileID="9963" X="719" Y="516" Z="29" Hue="0" />
    <Tile TileID="9963" X="718" Y="516" Z="29" Hue="0" />
    <Tile TileID="9963" X="717" Y="516" Z="29" Hue="0" />
    <Tile TileID="9952" X="716" Y="516" Z="29" Hue="0" />
    <Tile TileID="9947" X="715" Y="519" Z="32" Hue="0" />
    <Tile TileID="9947" X="715" Y="518" Z="32" Hue="0" />
    <Tile TileID="9947" X="715" Y="517" Z="32" Hue="0" />
    <Tile TileID="9947" X="715" Y="516" Z="32" Hue="0" />
    <Tile TileID="9948" X="709" Y="519" Z="32" Hue="0" />
    <Tile TileID="9948" X="709" Y="518" Z="32" Hue="0" />
    <Tile TileID="9948" X="709" Y="517" Z="32" Hue="0" />
    <Tile TileID="9948" X="709" Y="516" Z="32" Hue="0" />
    <Tile TileID="9949" X="708" Y="516" Z="27" Hue="0" />
    <Tile TileID="9963" X="707" Y="516" Z="29" Hue="0" />
    <Tile TileID="9963" X="706" Y="516" Z="29" Hue="0" />
    <Tile TileID="9963" X="719" Y="515" Z="32" Hue="0" />
    <Tile TileID="9963" X="718" Y="515" Z="32" Hue="0" />
    <Tile TileID="9963" X="717" Y="515" Z="32" Hue="0" />
    <Tile TileID="9963" X="716" Y="515" Z="32" Hue="0" />
    <Tile TileID="9952" X="715" Y="515" Z="32" Hue="0" />
    <Tile TileID="9947" X="714" Y="519" Z="35" Hue="0" />
    <Tile TileID="9947" X="714" Y="518" Z="35" Hue="0" />
    <Tile TileID="9947" X="714" Y="517" Z="35" Hue="0" />
    <Tile TileID="9947" X="714" Y="516" Z="35" Hue="0" />
    <Tile TileID="9947" X="714" Y="515" Z="35" Hue="0" />
    <Tile TileID="9948" X="710" Y="519" Z="35" Hue="0" />
    <Tile TileID="9948" X="710" Y="518" Z="35" Hue="0" />
    <Tile TileID="9948" X="710" Y="517" Z="35" Hue="0" />
    <Tile TileID="9948" X="710" Y="516" Z="35" Hue="0" />
    <Tile TileID="9948" X="710" Y="515" Z="35" Hue="0" />
    <Tile TileID="9949" X="709" Y="515" Z="30" Hue="0" />
    <Tile TileID="9963" X="708" Y="515" Z="32" Hue="0" />
    <Tile TileID="9963" X="707" Y="515" Z="32" Hue="0" />
    <Tile TileID="9963" X="706" Y="515" Z="32" Hue="0" />
    <Tile TileID="9963" X="719" Y="514" Z="35" Hue="0" />
    <Tile TileID="9963" X="718" Y="514" Z="35" Hue="0" />
    <Tile TileID="9963" X="717" Y="514" Z="35" Hue="0" />
    <Tile TileID="9963" X="716" Y="514" Z="35" Hue="0" />
    <Tile TileID="9963" X="715" Y="514" Z="35" Hue="0" />
    <Tile TileID="9952" X="714" Y="514" Z="35" Hue="0" />
    <Tile TileID="9947" X="713" Y="519" Z="38" Hue="0" />
    <Tile TileID="9947" X="713" Y="518" Z="38" Hue="0" />
    <Tile TileID="9947" X="713" Y="517" Z="38" Hue="0" />
    <Tile TileID="9947" X="713" Y="516" Z="38" Hue="0" />
    <Tile TileID="9947" X="713" Y="515" Z="38" Hue="0" />
    <Tile TileID="9947" X="713" Y="514" Z="38" Hue="0" />
    <Tile TileID="9948" X="711" Y="519" Z="38" Hue="0" />
    <Tile TileID="9948" X="711" Y="518" Z="38" Hue="0" />
    <Tile TileID="9948" X="711" Y="517" Z="38" Hue="0" />
    <Tile TileID="9948" X="711" Y="516" Z="38" Hue="0" />
    <Tile TileID="9948" X="711" Y="515" Z="38" Hue="0" />
    <Tile TileID="9948" X="711" Y="514" Z="38" Hue="0" />
    <Tile TileID="9949" X="710" Y="514" Z="33" Hue="0" />
    <Tile TileID="9963" X="709" Y="514" Z="35" Hue="0" />
    <Tile TileID="9963" X="708" Y="514" Z="35" Hue="0" />
    <Tile TileID="9963" X="707" Y="514" Z="35" Hue="0" />
    <Tile TileID="9963" X="706" Y="514" Z="35" Hue="0" />
    <Tile TileID="9963" X="719" Y="513" Z="38" Hue="0" />
    <Tile TileID="9963" X="718" Y="513" Z="38" Hue="0" />
    <Tile TileID="9963" X="716" Y="513" Z="38" Hue="0" />
    <Tile TileID="9963" X="715" Y="513" Z="38" Hue="0" />
    <Tile TileID="9963" X="714" Y="513" Z="38" Hue="0" />
    <Tile TileID="9952" X="713" Y="513" Z="38" Hue="0" />
    <Tile TileID="9946" X="712" Y="519" Z="41" Hue="0" />
    <Tile TileID="9946" X="712" Y="518" Z="41" Hue="0" />
    <Tile TileID="9946" X="712" Y="517" Z="41" Hue="0" />
    <Tile TileID="9946" X="712" Y="516" Z="41" Hue="0" />
    <Tile TileID="9946" X="712" Y="515" Z="41" Hue="0" />
    <Tile TileID="9946" X="712" Y="514" Z="41" Hue="0" />
    <Tile TileID="9949" X="711" Y="513" Z="36" Hue="0" />
    <Tile TileID="9963" X="710" Y="513" Z="38" Hue="0" />
    <Tile TileID="9963" X="709" Y="513" Z="38" Hue="0" />
    <Tile TileID="9963" X="708" Y="513" Z="38" Hue="0" />
    <Tile TileID="9963" X="707" Y="513" Z="38" Hue="0" />
    <Tile TileID="9963" X="706" Y="513" Z="38" Hue="0" />
    <Tile TileID="9963" X="719" Y="512" Z="41" Hue="0" />
    <Tile TileID="9963" X="718" Y="512" Z="41" Hue="0" />
    <Tile TileID="9963" X="717" Y="512" Z="41" Hue="0" />
    <Tile TileID="9963" X="716" Y="512" Z="41" Hue="0" />
    <Tile TileID="9963" X="715" Y="512" Z="41" Hue="0" />
    <Tile TileID="9963" X="714" Y="512" Z="41" Hue="0" />
    <Tile TileID="9963" X="713" Y="512" Z="41" Hue="0" />
    <Tile TileID="9963" X="712" Y="512" Z="41" Hue="0" />
    <Tile TileID="9963" X="711" Y="512" Z="41" Hue="0" />
    <Tile TileID="9963" X="710" Y="512" Z="41" Hue="0" />
    <Tile TileID="9963" X="709" Y="512" Z="41" Hue="0" />
    <Tile TileID="9963" X="708" Y="512" Z="41" Hue="0" />
    <Tile TileID="9963" X="707" Y="512" Z="41" Hue="0" />
    <Tile TileID="9963" X="706" Y="512" Z="41" Hue="0" />
    <Tile TileID="9963" X="719" Y="511" Z="44" Hue="0" />
    <Tile TileID="9963" X="718" Y="511" Z="44" Hue="0" />
    <Tile TileID="9963" X="717" Y="511" Z="44" Hue="0" />
    <Tile TileID="9963" X="716" Y="511" Z="44" Hue="0" />
    <Tile TileID="9963" X="715" Y="511" Z="44" Hue="0" />
    <Tile TileID="9963" X="714" Y="511" Z="44" Hue="0" />
    <Tile TileID="9963" X="713" Y="511" Z="44" Hue="0" />
    <Tile TileID="9963" X="712" Y="511" Z="44" Hue="0" />
    <Tile TileID="9963" X="711" Y="511" Z="44" Hue="0" />
    <Tile TileID="9963" X="710" Y="511" Z="44" Hue="0" />
    <Tile TileID="9963" X="709" Y="511" Z="44" Hue="0" />
    <Tile TileID="9963" X="708" Y="511" Z="44" Hue="0" />
    <Tile TileID="9963" X="707" Y="511" Z="44" Hue="0" />
    <Tile TileID="9963" X="706" Y="511" Z="44" Hue="0" />
    <Tile TileID="9962" X="719" Y="510" Z="45" Hue="0" />
    <Tile TileID="9962" X="718" Y="510" Z="45" Hue="0" />
    <Tile TileID="9962" X="717" Y="510" Z="45" Hue="0" />
    <Tile TileID="9962" X="716" Y="510" Z="45" Hue="0" />
    <Tile TileID="9962" X="715" Y="510" Z="45" Hue="0" />
    <Tile TileID="9962" X="714" Y="510" Z="45" Hue="0" />
    <Tile TileID="9962" X="713" Y="510" Z="45" Hue="0" />
    <Tile TileID="9962" X="712" Y="510" Z="45" Hue="0" />
    <Tile TileID="9962" X="711" Y="510" Z="45" Hue="0" />
    <Tile TileID="9962" X="710" Y="510" Z="45" Hue="0" />
    <Tile TileID="9962" X="707" Y="510" Z="45" Hue="0" />
    <Tile TileID="9962" X="706" Y="510" Z="45" Hue="0" />
    <Tile TileID="9964" X="719" Y="509" Z="44" Hue="0" />
    <Tile TileID="9964" X="718" Y="509" Z="44" Hue="0" />
    <Tile TileID="9964" X="717" Y="509" Z="44" Hue="0" />
    <Tile TileID="9964" X="716" Y="509" Z="44" Hue="0" />
    <Tile TileID="9964" X="715" Y="509" Z="44" Hue="0" />
    <Tile TileID="9964" X="714" Y="509" Z="44" Hue="0" />
    <Tile TileID="9964" X="713" Y="509" Z="44" Hue="0" />
    <Tile TileID="9964" X="712" Y="509" Z="44" Hue="0" />
    <Tile TileID="9964" X="710" Y="509" Z="44" Hue="0" />
    <Tile TileID="9964" X="706" Y="509" Z="44" Hue="0" />
    <Tile TileID="9964" X="719" Y="508" Z="41" Hue="0" />
    <Tile TileID="9964" X="718" Y="508" Z="41" Hue="0" />
    <Tile TileID="9964" X="717" Y="508" Z="41" Hue="0" />
    <Tile TileID="9964" X="716" Y="508" Z="41" Hue="0" />
    <Tile TileID="9964" X="715" Y="508" Z="41" Hue="0" />
    <Tile TileID="9964" X="714" Y="508" Z="41" Hue="0" />
    <Tile TileID="9964" X="713" Y="508" Z="41" Hue="0" />
    <Tile TileID="9964" X="712" Y="508" Z="41" Hue="0" />
    <Tile TileID="9964" X="711" Y="508" Z="41" Hue="0" />
    <Tile TileID="9964" X="710" Y="508" Z="41" Hue="0" />
    <Tile TileID="9964" X="709" Y="508" Z="41" Hue="0" />
    <Tile TileID="9964" X="708" Y="508" Z="41" Hue="0" />
    <Tile TileID="9964" X="707" Y="508" Z="41" Hue="0" />
    <Tile TileID="9964" X="706" Y="508" Z="41" Hue="0" />
    <Tile TileID="9964" X="719" Y="507" Z="38" Hue="0" />
    <Tile TileID="9964" X="718" Y="507" Z="38" Hue="0" />
    <Tile TileID="9964" X="717" Y="507" Z="38" Hue="0" />
    <Tile TileID="9964" X="716" Y="507" Z="38" Hue="0" />
    <Tile TileID="9964" X="715" Y="507" Z="38" Hue="0" />
    <Tile TileID="9964" X="714" Y="507" Z="38" Hue="0" />
    <Tile TileID="9950" X="713" Y="507" Z="38" Hue="0" />
    <Tile TileID="9951" X="711" Y="507" Z="38" Hue="0" />
    <Tile TileID="9964" X="710" Y="507" Z="38" Hue="0" />
    <Tile TileID="9964" X="709" Y="507" Z="38" Hue="0" />
    <Tile TileID="9964" X="708" Y="507" Z="38" Hue="0" />
    <Tile TileID="9964" X="707" Y="507" Z="38" Hue="0" />
    <Tile TileID="9964" X="706" Y="507" Z="38" Hue="0" />
    <Tile TileID="9964" X="719" Y="506" Z="35" Hue="0" />
    <Tile TileID="9964" X="717" Y="506" Z="35" Hue="0" />
    <Tile TileID="9964" X="716" Y="506" Z="35" Hue="0" />
    <Tile TileID="9964" X="715" Y="506" Z="35" Hue="0" />
    <Tile TileID="9950" X="714" Y="506" Z="35" Hue="0" />
    <Tile TileID="9951" X="710" Y="506" Z="35" Hue="0" />
    <Tile TileID="9964" X="709" Y="506" Z="35" Hue="0" />
    <Tile TileID="9964" X="708" Y="506" Z="35" Hue="0" />
    <Tile TileID="9964" X="707" Y="506" Z="35" Hue="0" />
    <Tile TileID="9964" X="706" Y="506" Z="35" Hue="0" />
    <Tile TileID="9964" X="719" Y="505" Z="32" Hue="0" />
    <Tile TileID="9964" X="718" Y="505" Z="32" Hue="0" />
    <Tile TileID="9964" X="717" Y="505" Z="32" Hue="0" />
    <Tile TileID="9964" X="716" Y="505" Z="32" Hue="0" />
    <Tile TileID="9950" X="715" Y="505" Z="32" Hue="0" />
    <Tile TileID="9951" X="709" Y="505" Z="32" Hue="0" />
    <Tile TileID="9964" X="718" Y="504" Z="29" Hue="0" />
    <Tile TileID="9964" X="717" Y="504" Z="29" Hue="0" />
    <Tile TileID="9964" X="706" Y="504" Z="29" Hue="0" />
    <Tile TileID="9964" X="718" Y="503" Z="26" Hue="0" />
    <Tile TileID="9950" X="717" Y="503" Z="26" Hue="0" />
    <Tile TileID="9951" X="707" Y="503" Z="26" Hue="0" />
    <Tile TileID="9964" X="706" Y="503" Z="26" Hue="0" />
    <Tile TileID="9964" X="719" Y="502" Z="23" Hue="0" />
    <Tile TileID="9950" X="718" Y="502" Z="23" Hue="0" />
    <Tile TileID="9951" X="706" Y="502" Z="23" Hue="0" />
    <Tile TileID="9947" X="716" Y="503" Z="29" Hue="0" />
    <Tile TileID="9947" X="716" Y="502" Z="29" Hue="0" />
    <Tile TileID="9947" X="715" Y="503" Z="32" Hue="0" />
    <Tile TileID="9947" X="714" Y="505" Z="35" Hue="0" />
    <Tile TileID="9947" X="714" Y="504" Z="35" Hue="0" />
    <Tile TileID="9947" X="714" Y="503" Z="35" Hue="0" />
    <Tile TileID="9947" X="714" Y="502" Z="35" Hue="0" />
    <Tile TileID="9947" X="713" Y="506" Z="38" Hue="0" />
    <Tile TileID="9947" X="713" Y="505" Z="38" Hue="0" />
    <Tile TileID="9947" X="713" Y="504" Z="38" Hue="0" />
    <Tile TileID="9947" X="713" Y="503" Z="38" Hue="0" />
    <Tile TileID="9947" X="713" Y="502" Z="38" Hue="0" />
    <Tile TileID="9946" X="712" Y="507" Z="41" Hue="0" />
    <Tile TileID="9946" X="712" Y="506" Z="41" Hue="0" />
    <Tile TileID="9946" X="712" Y="505" Z="41" Hue="0" />
    <Tile TileID="9946" X="712" Y="504" Z="41" Hue="0" />
    <Tile TileID="9946" X="712" Y="503" Z="41" Hue="0" />
    <Tile TileID="9946" X="712" Y="502" Z="41" Hue="0" />
    <Tile TileID="9948" X="711" Y="506" Z="38" Hue="0" />
    <Tile TileID="9948" X="711" Y="505" Z="38" Hue="0" />
    <Tile TileID="9948" X="711" Y="504" Z="38" Hue="0" />
    <Tile TileID="9948" X="711" Y="503" Z="38" Hue="0" />
    <Tile TileID="9948" X="711" Y="502" Z="38" Hue="0" />
    <Tile TileID="9948" X="710" Y="505" Z="35" Hue="0" />
    <Tile TileID="9948" X="710" Y="504" Z="35" Hue="0" />
    <Tile TileID="9948" X="710" Y="503" Z="35" Hue="0" />
    <Tile TileID="9948" X="710" Y="502" Z="35" Hue="0" />
    <Tile TileID="9948" X="709" Y="504" Z="32" Hue="0" />
    <Tile TileID="9948" X="709" Y="503" Z="32" Hue="0" />
    <Tile TileID="9948" X="709" Y="502" Z="32" Hue="0" />
    <Tile TileID="9948" X="708" Y="503" Z="29" Hue="0" />
    <Tile TileID="9948" X="708" Y="502" Z="29" Hue="0" />
    <Tile TileID="9948" X="707" Y="502" Z="26" Hue="0" />
    <Tile TileID="9952" X="719" Y="519" Z="20" Hue="0" />
    <Tile TileID="3817" X="710" Y="504" Z="0" Hue="0" />
    <Tile TileID="3619" X="714" Y="505" Z="0" Hue="0" />
    <Tile TileID="2653" X="715" Y="506" Z="0" Hue="0" />
    <Tile TileID="2653" X="715" Y="504" Z="0" Hue="0" />
    <Tile TileID="2658" X="716" Y="512" Z="0" Hue="0" />
    <Tile TileID="2658" X="716" Y="510" Z="0" Hue="0" />
    <Tile TileID="2658" X="716" Y="508" Z="0" Hue="0" />
    <Tile TileID="2658" X="716" Y="506" Z="0" Hue="0" />
    <Tile TileID="2658" X="716" Y="504" Z="0" Hue="0" />
    <Tile TileID="2658" X="708" Y="512" Z="0" Hue="0" />
    <Tile TileID="2658" X="708" Y="510" Z="0" Hue="0" />
    <Tile TileID="2658" X="708" Y="508" Z="0" Hue="0" />
    <Tile TileID="2658" X="708" Y="506" Z="0" Hue="0" />
    <Tile TileID="2658" X="708" Y="504" Z="0" Hue="0" />
    <Tile TileID="2653" X="707" Y="512" Z="0" Hue="0" />
    <Tile TileID="2653" X="707" Y="510" Z="0" Hue="0" />
    <Tile TileID="2653" X="707" Y="508" Z="0" Hue="0" />
    <Tile TileID="2653" X="707" Y="506" Z="0" Hue="0" />
    <Tile TileID="2653" X="707" Y="504" Z="0" Hue="0" />
    <Tile TileID="15" X="718" Y="517" Z="0" Hue="0" />
    <Tile TileID="15" X="718" Y="513" Z="0" Hue="0" />
    <Tile TileID="15" X="718" Y="508" Z="0" Hue="0" />
    <Tile TileID="15" X="718" Y="504" Z="0" Hue="0" />
    <Tile TileID="15" X="706" Y="514" Z="0" Hue="0" />
    <Tile TileID="15" X="706" Y="510" Z="0" Hue="0" />
    <Tile TileID="15" X="706" Y="505" Z="0" Hue="0" />
    <Tile TileID="14" X="716" Y="502" Z="0" Hue="0" />
    <Tile TileID="14" X="712" Y="502" Z="0" Hue="0" />
    <Tile TileID="14" X="708" Y="502" Z="0" Hue="0" />
    <Tile TileID="14" X="708" Y="518" Z="0" Hue="0" />
    <Tile TileID="14" X="717" Y="518" Z="0" Hue="0" />
    <Tile TileID="12" X="711" Y="518" Z="0" Hue="0" />
    <Tile TileID="10" X="714" Y="518" Z="0" Hue="0" />
    <Tile TileID="6" X="718" Y="518" Z="0" Hue="0" />
    <Tile TileID="7" X="716" Y="518" Z="0" Hue="0" />
    <Tile TileID="7" X="715" Y="518" Z="0" Hue="0" />
    <Tile TileID="7" X="710" Y="518" Z="0" Hue="0" />
    <Tile TileID="7" X="709" Y="518" Z="0" Hue="0" />
    <Tile TileID="7" X="707" Y="518" Z="0" Hue="0" />
    <Tile TileID="8" X="718" Y="516" Z="0" Hue="0" />
    <Tile TileID="8" X="718" Y="515" Z="0" Hue="0" />
    <Tile TileID="8" X="718" Y="514" Z="0" Hue="0" />
    <Tile TileID="8" X="718" Y="512" Z="0" Hue="0" />
    <Tile TileID="8" X="718" Y="511" Z="0" Hue="0" />
    <Tile TileID="8" X="718" Y="510" Z="0" Hue="0" />
    <Tile TileID="8" X="718" Y="509" Z="0" Hue="0" />
    <Tile TileID="8" X="718" Y="507" Z="0" Hue="0" />
    <Tile TileID="8" X="718" Y="506" Z="0" Hue="0" />
    <Tile TileID="8" X="718" Y="505" Z="0" Hue="0" />
    <Tile TileID="8" X="718" Y="503" Z="0" Hue="0" />
    <Tile TileID="8" X="706" Y="518" Z="0" Hue="0" />
    <Tile TileID="8" X="706" Y="517" Z="0" Hue="0" />
    <Tile TileID="8" X="706" Y="516" Z="0" Hue="0" />
    <Tile TileID="8" X="706" Y="515" Z="0" Hue="0" />
    <Tile TileID="8" X="706" Y="513" Z="0" Hue="0" />
    <Tile TileID="8" X="706" Y="512" Z="0" Hue="0" />
    <Tile TileID="8" X="706" Y="511" Z="0" Hue="0" />
    <Tile TileID="8" X="706" Y="509" Z="0" Hue="0" />
    <Tile TileID="8" X="706" Y="508" Z="0" Hue="0" />
    <Tile TileID="8" X="706" Y="507" Z="0" Hue="0" />
    <Tile TileID="8" X="706" Y="506" Z="0" Hue="0" />
    <Tile TileID="8" X="706" Y="503" Z="0" Hue="0" />
    <Tile TileID="9" X="706" Y="502" Z="0" Hue="0" />
    <Tile TileID="7" X="718" Y="502" Z="0" Hue="0" />
    <Tile TileID="7" X="717" Y="502" Z="0" Hue="0" />
    <Tile TileID="1204" X="707" Y="503" Z="0" Hue="0" />
    <Tile TileID="1202" X="707" Y="518" Z="0" Hue="0" />
    <Tile TileID="1201" X="718" Y="518" Z="0" Hue="0" />
    <Tile TileID="1200" X="716" Y="503" Z="0" Hue="0" />
    <Tile TileID="1200" X="715" Y="503" Z="0" Hue="0" />
    <Tile TileID="1200" X="714" Y="503" Z="0" Hue="0" />
    <Tile TileID="1200" X="713" Y="503" Z="0" Hue="0" />
    <Tile TileID="1200" X="712" Y="503" Z="0" Hue="0" />
    <Tile TileID="1200" X="711" Y="503" Z="0" Hue="0" />
    <Tile TileID="1200" X="710" Y="503" Z="0" Hue="0" />
    <Tile TileID="1200" X="709" Y="503" Z="0" Hue="0" />
    <Tile TileID="1200" X="708" Y="503" Z="0" Hue="0" />
    <Tile TileID="1199" X="718" Y="517" Z="0" Hue="0" />
    <Tile TileID="1199" X="718" Y="516" Z="0" Hue="0" />
    <Tile TileID="1199" X="718" Y="515" Z="0" Hue="0" />
    <Tile TileID="1199" X="718" Y="512" Z="0" Hue="0" />
    <Tile TileID="1199" X="718" Y="511" Z="0" Hue="0" />
    <Tile TileID="1199" X="718" Y="510" Z="0" Hue="0" />
    <Tile TileID="1199" X="718" Y="509" Z="0" Hue="0" />
    <Tile TileID="1199" X="718" Y="508" Z="0" Hue="0" />
    <Tile TileID="1199" X="718" Y="507" Z="0" Hue="0" />
    <Tile TileID="1199" X="718" Y="506" Z="0" Hue="0" />
    <Tile TileID="1199" X="718" Y="505" Z="0" Hue="0" />
    <Tile TileID="1198" X="717" Y="518" Z="0" Hue="0" />
    <Tile TileID="1198" X="716" Y="518" Z="0" Hue="0" />
    <Tile TileID="1198" X="715" Y="518" Z="0" Hue="0" />
    <Tile TileID="1198" X="714" Y="518" Z="0" Hue="0" />
    <Tile TileID="1198" X="713" Y="518" Z="0" Hue="0" />
    <Tile TileID="1198" X="712" Y="518" Z="0" Hue="0" />
    <Tile TileID="1198" X="711" Y="518" Z="0" Hue="0" />
    <Tile TileID="1198" X="710" Y="518" Z="0" Hue="0" />
    <Tile TileID="1198" X="709" Y="518" Z="0" Hue="0" />
    <Tile TileID="1198" X="708" Y="518" Z="0" Hue="0" />
    <Tile TileID="1197" X="707" Y="517" Z="0" Hue="0" />
    <Tile TileID="1197" X="707" Y="516" Z="0" Hue="0" />
    <Tile TileID="1197" X="707" Y="515" Z="0" Hue="0" />
    <Tile TileID="1197" X="707" Y="514" Z="0" Hue="0" />
    <Tile TileID="1197" X="707" Y="512" Z="0" Hue="0" />
    <Tile TileID="1197" X="707" Y="511" Z="0" Hue="0" />
    <Tile TileID="1197" X="707" Y="510" Z="0" Hue="0" />
    <Tile TileID="1197" X="707" Y="509" Z="0" Hue="0" />
    <Tile TileID="1197" X="707" Y="508" Z="0" Hue="0" />
    <Tile TileID="1197" X="707" Y="507" Z="0" Hue="0" />
    <Tile TileID="1197" X="707" Y="506" Z="0" Hue="0" />
    <Tile TileID="1197" X="707" Y="505" Z="0" Hue="0" />
    <Tile TileID="1197" X="707" Y="504" Z="0" Hue="0" />
    <Tile TileID="1193" X="708" Y="508" Z="0" Hue="0" />
    <Tile TileID="1196" X="708" Y="507" Z="0" Hue="0" />
    <Tile TileID="1194" X="708" Y="506" Z="0" Hue="0" />
    <Tile TileID="1193" X="708" Y="505" Z="0" Hue="0" />
    <Tile TileID="1194" X="708" Y="504" Z="0" Hue="0" />
    <Tile TileID="1195" X="717" Y="508" Z="0" Hue="0" />
    <Tile TileID="1196" X="717" Y="507" Z="0" Hue="0" />
    <Tile TileID="1194" X="717" Y="506" Z="0" Hue="0" />
    <Tile TileID="1193" X="717" Y="505" Z="0" Hue="0" />
    <Tile TileID="1196" X="717" Y="504" Z="0" Hue="0" />
    <Tile TileID="1196" X="716" Y="508" Z="0" Hue="0" />
    <Tile TileID="1194" X="716" Y="507" Z="0" Hue="0" />
    <Tile TileID="1195" X="716" Y="506" Z="0" Hue="0" />
    <Tile TileID="1193" X="716" Y="505" Z="0" Hue="0" />
    <Tile TileID="1196" X="716" Y="504" Z="0" Hue="0" />
    <Tile TileID="1194" X="715" Y="508" Z="0" Hue="0" />
    <Tile TileID="1193" X="715" Y="507" Z="0" Hue="0" />
    <Tile TileID="1193" X="715" Y="506" Z="0" Hue="0" />
    <Tile TileID="1194" X="715" Y="505" Z="0" Hue="0" />
    <Tile TileID="1196" X="715" Y="504" Z="0" Hue="0" />
    <Tile TileID="1194" X="714" Y="508" Z="0" Hue="0" />
    <Tile TileID="1194" X="714" Y="506" Z="0" Hue="0" />
    <Tile TileID="1194" X="713" Y="508" Z="0" Hue="0" />
    <Tile TileID="1194" X="713" Y="507" Z="0" Hue="0" />
    <Tile TileID="1195" X="713" Y="506" Z="0" Hue="0" />
    <Tile TileID="1196" X="712" Y="508" Z="0" Hue="0" />
    <Tile TileID="1193" X="712" Y="507" Z="0" Hue="0" />
    <Tile TileID="1195" X="712" Y="506" Z="0" Hue="0" />
    <Tile TileID="1196" X="712" Y="505" Z="0" Hue="0" />
    <Tile TileID="1193" X="712" Y="504" Z="0" Hue="0" />
    <Tile TileID="1196" X="711" Y="508" Z="0" Hue="0" />
    <Tile TileID="1194" X="711" Y="507" Z="0" Hue="0" />
    <Tile TileID="1193" X="711" Y="506" Z="0" Hue="0" />
    <Tile TileID="1196" X="711" Y="505" Z="0" Hue="0" />
    <Tile TileID="1193" X="711" Y="504" Z="0" Hue="0" />
    <Tile TileID="1195" X="710" Y="508" Z="0" Hue="0" />
    <Tile TileID="1193" X="710" Y="507" Z="0" Hue="0" />
    <Tile TileID="1193" X="710" Y="506" Z="0" Hue="0" />
    <Tile TileID="1196" X="710" Y="505" Z="0" Hue="0" />
    <Tile TileID="1193" X="710" Y="504" Z="0" Hue="0" />
    <Tile TileID="1195" X="709" Y="508" Z="0" Hue="0" />
    <Tile TileID="1196" X="709" Y="507" Z="0" Hue="0" />
    <Tile TileID="1193" X="709" Y="506" Z="0" Hue="0" />
    <Tile TileID="1193" X="709" Y="505" Z="0" Hue="0" />
    <Tile TileID="1194" X="709" Y="504" Z="0" Hue="0" />
    <Tile TileID="1196" X="717" Y="517" Z="0" Hue="0" />
    <Tile TileID="1196" X="717" Y="515" Z="0" Hue="0" />
    <Tile TileID="1195" X="717" Y="514" Z="0" Hue="0" />
    <Tile TileID="1195" X="717" Y="513" Z="0" Hue="0" />
    <Tile TileID="1193" X="717" Y="512" Z="0" Hue="0" />
    <Tile TileID="1196" X="717" Y="511" Z="0" Hue="0" />
    <Tile TileID="1195" X="717" Y="510" Z="0" Hue="0" />
    <Tile TileID="1194" X="717" Y="509" Z="0" Hue="0" />
    <Tile TileID="1194" X="716" Y="517" Z="0" Hue="0" />
    <Tile TileID="1196" X="716" Y="516" Z="0" Hue="0" />
    <Tile TileID="1195" X="716" Y="515" Z="0" Hue="0" />
    <Tile TileID="1194" X="716" Y="514" Z="0" Hue="0" />
    <Tile TileID="1193" X="716" Y="513" Z="0" Hue="0" />
    <Tile TileID="1195" X="716" Y="512" Z="0" Hue="0" />
    <Tile TileID="1196" X="716" Y="511" Z="0" Hue="0" />
    <Tile TileID="1196" X="716" Y="510" Z="0" Hue="0" />
    <Tile TileID="1195" X="716" Y="509" Z="0" Hue="0" />
    <Tile TileID="1194" X="715" Y="517" Z="0" Hue="0" />
    <Tile TileID="1196" X="715" Y="516" Z="0" Hue="0" />
    <Tile TileID="1196" X="715" Y="515" Z="0" Hue="0" />
    <Tile TileID="1193" X="715" Y="514" Z="0" Hue="0" />
    <Tile TileID="1194" X="715" Y="513" Z="0" Hue="0" />
    <Tile TileID="1194" X="715" Y="512" Z="0" Hue="0" />
    <Tile TileID="1195" X="715" Y="511" Z="0" Hue="0" />
    <Tile TileID="1193" X="715" Y="510" Z="0" Hue="0" />
    <Tile TileID="1194" X="715" Y="509" Z="0" Hue="0" />
    <Tile TileID="1193" X="714" Y="517" Z="0" Hue="0" />
    <Tile TileID="1194" X="714" Y="516" Z="0" Hue="0" />
    <Tile TileID="1193" X="714" Y="515" Z="0" Hue="0" />
    <Tile TileID="1195" X="714" Y="514" Z="0" Hue="0" />
    <Tile TileID="1193" X="714" Y="513" Z="0" Hue="0" />
    <Tile TileID="1193" X="714" Y="512" Z="0" Hue="0" />
    <Tile TileID="1195" X="714" Y="511" Z="0" Hue="0" />
    <Tile TileID="1195" X="714" Y="510" Z="0" Hue="0" />
    <Tile TileID="1195" X="714" Y="509" Z="0" Hue="0" />
    <Tile TileID="1194" X="713" Y="517" Z="0" Hue="0" />
    <Tile TileID="1196" X="713" Y="516" Z="0" Hue="0" />
    <Tile TileID="1193" X="713" Y="515" Z="0" Hue="0" />
    <Tile TileID="1193" X="713" Y="514" Z="0" Hue="0" />
    <Tile TileID="1193" X="713" Y="513" Z="0" Hue="0" />
    <Tile TileID="1195" X="713" Y="512" Z="0" Hue="0" />
    <Tile TileID="1193" X="713" Y="511" Z="0" Hue="0" />
    <Tile TileID="1194" X="713" Y="510" Z="0" Hue="0" />
    <Tile TileID="1194" X="713" Y="509" Z="0" Hue="0" />
    <Tile TileID="1195" X="712" Y="517" Z="0" Hue="0" />
    <Tile TileID="1194" X="712" Y="516" Z="0" Hue="0" />
    <Tile TileID="1194" X="712" Y="515" Z="0" Hue="0" />
    <Tile TileID="1193" X="712" Y="514" Z="0" Hue="0" />
    <Tile TileID="1195" X="712" Y="513" Z="0" Hue="0" />
    <Tile TileID="1196" X="712" Y="512" Z="0" Hue="0" />
    <Tile TileID="1193" X="712" Y="511" Z="0" Hue="0" />
    <Tile TileID="1193" X="712" Y="510" Z="0" Hue="0" />
    <Tile TileID="1193" X="712" Y="509" Z="0" Hue="0" />
    <Tile TileID="1194" X="711" Y="517" Z="0" Hue="0" />
    <Tile TileID="1195" X="711" Y="516" Z="0" Hue="0" />
    <Tile TileID="1194" X="711" Y="515" Z="0" Hue="0" />
    <Tile TileID="1195" X="711" Y="514" Z="0" Hue="0" />
    <Tile TileID="1195" X="711" Y="513" Z="0" Hue="0" />
    <Tile TileID="1195" X="711" Y="512" Z="0" Hue="0" />
    <Tile TileID="1195" X="710" Y="516" Z="0" Hue="0" />
    <Tile TileID="1196" X="709" Y="517" Z="0" Hue="0" />
    <Tile TileID="1194" X="709" Y="516" Z="0" Hue="0" />
    <Tile TileID="1193" X="709" Y="515" Z="0" Hue="0" />
    <Tile TileID="1193" X="709" Y="514" Z="0" Hue="0" />
    <Tile TileID="1195" X="709" Y="513" Z="0" Hue="0" />
    <Tile TileID="1194" X="709" Y="512" Z="0" Hue="0" />
    <Tile TileID="1195" X="709" Y="511" Z="0" Hue="0" />
    <Tile TileID="1196" X="709" Y="510" Z="0" Hue="0" />
    <Tile TileID="1194" X="709" Y="509" Z="0" Hue="0" />
    <Tile TileID="1196" X="708" Y="517" Z="0" Hue="0" />
    <Tile TileID="1196" X="708" Y="516" Z="0" Hue="0" />
    <Tile TileID="1195" X="708" Y="515" Z="0" Hue="0" />
    <Tile TileID="1193" X="708" Y="514" Z="0" Hue="0" />
    <Tile TileID="1193" X="708" Y="513" Z="0" Hue="0" />
    <Tile TileID="1195" X="708" Y="510" Z="0" Hue="0" />
    <Tile TileID="1196" X="708" Y="509" Z="0" Hue="0" />
    <Tile TileID="17" X="718" Y="513" Z="20" Hue="0" />
    <Tile TileID="9962" X="708" Y="510" Z="45" Hue="0" />
    <Tile TileID="9964" X="711" Y="509" Z="44" Hue="0" />
    <Tile TileID="9964" X="709" Y="509" Z="44" Hue="0" />
    <Tile TileID="9964" X="708" Y="509" Z="44" Hue="0" />
    <Tile TileID="9964" X="707" Y="509" Z="44" Hue="0" />
    <Tile TileID="9964" X="718" Y="506" Z="35" Hue="0" />
    <Tile TileID="9964" X="708" Y="505" Z="32" Hue="0" />
    <Tile TileID="9964" X="707" Y="505" Z="32" Hue="0" />
    <Tile TileID="9964" X="706" Y="505" Z="32" Hue="0" />
    <Tile TileID="9964" X="719" Y="504" Z="29" Hue="0" />
    <Tile TileID="9950" X="716" Y="504" Z="29" Hue="0" />
    <Tile TileID="9951" X="708" Y="504" Z="29" Hue="0" />
    <Tile TileID="9964" X="707" Y="504" Z="29" Hue="0" />
    <Tile TileID="9964" X="719" Y="503" Z="26" Hue="0" />
    <Tile TileID="1196" X="714" Y="504" Z="0" Hue="0" />
    <Tile TileID="1194" X="713" Y="505" Z="0" Hue="0" />
    <Tile TileID="1194" X="713" Y="504" Z="0" Hue="0" />
    <Tile TileID="1193" X="717" Y="516" Z="0" Hue="0" />
    <Tile TileID="8" X="706" Y="504" Z="0" Hue="0" />
    <Tile TileID="1306" X="713" Y="520" Z="0" Hue="0" />
    <Tile TileID="1195" X="711" Y="511" Z="0" Hue="0" />
    <Tile TileID="1194" X="711" Y="510" Z="0" Hue="0" />
    <Tile TileID="1195" X="711" Y="509" Z="0" Hue="0" />
    <Tile TileID="1193" X="710" Y="517" Z="0" Hue="0" />
    <Tile TileID="1193" X="710" Y="515" Z="0" Hue="0" />
    <Tile TileID="1194" X="710" Y="514" Z="0" Hue="0" />
    <Tile TileID="1195" X="710" Y="513" Z="0" Hue="0" />
    <Tile TileID="1194" X="710" Y="512" Z="0" Hue="0" />
    <Tile TileID="1195" X="710" Y="511" Z="0" Hue="0" />
    <Tile TileID="1193" X="710" Y="510" Z="0" Hue="0" />
    <Tile TileID="1194" X="710" Y="509" Z="0" Hue="0" />
    <Tile TileID="1195" X="708" Y="512" Z="0" Hue="0" />
    <Tile TileID="1193" X="708" Y="511" Z="0" Hue="0" />
    <Tile TileID="17" X="718" Y="505" Z="20" Hue="0" />
    <Tile TileID="17" X="718" Y="504" Z="20" Hue="0" />
    <Tile TileID="17" X="718" Y="503" Z="20" Hue="0" />
    <Tile TileID="9962" X="709" Y="510" Z="45" Hue="0" />
    <Tile TileID="9947" X="715" Y="504" Z="32" Hue="0" />
    <Tile TileID="9947" X="715" Y="502" Z="32" Hue="0" />
    <Tile TileID="3616" X="710" Y="508" Z="0" Hue="0" />
    <Tile TileID="2653" X="715" Y="512" Z="0" Hue="0" />
    <Tile TileID="2653" X="715" Y="510" Z="0" Hue="0" />
    <Tile TileID="2653" X="715" Y="508" Z="0" Hue="0" />
    <Tile TileID="7" X="715" Y="502" Z="0" Hue="0" />
    <Tile TileID="7" X="714" Y="502" Z="0" Hue="0" />
    <Tile TileID="7" X="713" Y="502" Z="0" Hue="0" />
    <Tile TileID="7" X="711" Y="502" Z="0" Hue="0" />
    <Tile TileID="7" X="709" Y="502" Z="0" Hue="0" />
    <Tile TileID="7" X="707" Y="502" Z="0" Hue="0" />
    <Tile TileID="1203" X="718" Y="503" Z="0" Hue="0" />
    <Tile TileID="1199" X="718" Y="504" Z="0" Hue="0" />
    <Tile TileID="1200" X="717" Y="503" Z="0" Hue="0" />
    <Tile TileID="1199" X="718" Y="514" Z="0" Hue="0" />
    <Tile TileID="1199" X="718" Y="513" Z="0" Hue="0" />
    <Tile TileID="1197" X="707" Y="513" Z="0" Hue="0" />
    <Tile TileID="1194" X="714" Y="507" Z="0" Hue="0" />
    <Tile TileID="1195" X="714" Y="505" Z="0" Hue="0" />
</Static_Tiles>