﻿<?xml version="1.0" encoding="utf-8"?>
<Static_Tiles>
    <Tile TileID="5363" X="652" Y="504" Z="3" Hue="0" />
    <Tile TileID="5369" X="655" Y="504" Z="0" Hue="0" />
    <Tile TileID="5365" X="649" Y="506" Z="16" Hue="0" />
    <Tile TileID="5363" X="650" Y="504" Z="3" Hue="0" />
    <Tile TileID="3533" X="651" Y="504" Z="3" Hue="0" />
    <Tile TileID="3532" X="653" Y="504" Z="3" Hue="0" />
    <Tile TileID="4030" X="654" Y="512" Z="6" Hue="0" />
    <Tile TileID="2896" X="655" Y="513" Z="0" Hue="0" />
    <Tile TileID="2895" X="656" Y="511" Z="0" Hue="0" />
    <Tile TileID="2895" X="654" Y="511" Z="0" Hue="0" />
    <Tile TileID="2942" X="656" Y="512" Z="0" Hue="0" />
    <Tile TileID="2944" X="655" Y="512" Z="0" Hue="0" />
    <Tile TileID="2943" X="654" Y="512" Z="0" Hue="0" />
    <Tile TileID="2612" X="649" Y="511" Z="0" Hue="0" />
    <Tile TileID="2658" X="650" Y="513" Z="0" Hue="0" />
    <Tile TileID="2653" X="649" Y="513" Z="0" Hue="0" />
    <Tile TileID="2639" X="650" Y="509" Z="0" Hue="0" />
    <Tile TileID="2769" X="651" Y="515" Z="0" Hue="0" />
    <Tile TileID="2769" X="651" Y="514" Z="0" Hue="0" />
    <Tile TileID="2769" X="651" Y="513" Z="0" Hue="0" />
    <Tile TileID="2769" X="651" Y="512" Z="0" Hue="0" />
    <Tile TileID="2769" X="651" Y="511" Z="0" Hue="0" />
    <Tile TileID="2769" X="651" Y="510" Z="0" Hue="0" />
    <Tile TileID="2769" X="651" Y="509" Z="0" Hue="0" />
    <Tile TileID="2776" X="652" Y="513" Z="0" Hue="0" />
    <Tile TileID="2776" X="652" Y="512" Z="0" Hue="0" />
    <Tile TileID="2776" X="652" Y="511" Z="0" Hue="0" />
    <Tile TileID="2776" X="652" Y="510" Z="0" Hue="0" />
    <Tile TileID="2769" X="650" Y="515" Z="0" Hue="0" />
    <Tile TileID="2769" X="650" Y="514" Z="0" Hue="0" />
    <Tile TileID="2769" X="650" Y="513" Z="0" Hue="0" />
    <Tile TileID="2769" X="650" Y="512" Z="0" Hue="0" />
    <Tile TileID="2769" X="650" Y="511" Z="0" Hue="0" />
    <Tile TileID="2769" X="650" Y="510" Z="0" Hue="0" />
    <Tile TileID="2769" X="650" Y="509" Z="0" Hue="0" />
    <Tile TileID="2769" X="649" Y="515" Z="0" Hue="0" />
    <Tile TileID="2769" X="649" Y="514" Z="0" Hue="0" />
    <Tile TileID="2769" X="649" Y="513" Z="0" Hue="0" />
    <Tile TileID="2769" X="649" Y="512" Z="0" Hue="0" />
    <Tile TileID="2769" X="649" Y="511" Z="0" Hue="0" />
    <Tile TileID="2769" X="649" Y="510" Z="0" Hue="0" />
    <Tile TileID="2769" X="649" Y="509" Z="0" Hue="0" />
    <Tile TileID="2813" X="654" Y="504" Z="3" Hue="0" />
    <Tile TileID="2814" X="653" Y="504" Z="3" Hue="0" />
    <Tile TileID="2814" X="652" Y="504" Z="3" Hue="0" />
    <Tile TileID="2814" X="651" Y="504" Z="3" Hue="0" />
    <Tile TileID="2814" X="650" Y="504" Z="3" Hue="0" />
    <Tile TileID="2815" X="649" Y="504" Z="3" Hue="0" />
    <Tile TileID="2818" X="649" Y="504" Z="0" Hue="0" />
    <Tile TileID="2817" X="653" Y="504" Z="0" Hue="0" />
    <Tile TileID="2817" X="652" Y="504" Z="0" Hue="0" />
    <Tile TileID="2817" X="651" Y="504" Z="0" Hue="0" />
    <Tile TileID="2817" X="650" Y="504" Z="0" Hue="0" />
    <Tile TileID="2816" X="654" Y="504" Z="0" Hue="0" />
    <Tile TileID="2716" X="649" Y="506" Z="0" Hue="0" />
</Static_Tiles>