﻿<?xml version="1.0" encoding="utf-8"?>
<Static_Tiles>
    <Tile TileID="2757" X="670" Y="490" Z="41" Hue="0" />
    <Tile TileID="2807" X="694" Y="490" Z="41" Hue="0" />
    <Tile TileID="2807" X="693" Y="490" Z="41" Hue="0" />
    <Tile TileID="2807" X="692" Y="490" Z="41" Hue="0" />
    <Tile TileID="2807" X="691" Y="490" Z="41" Hue="0" />
    <Tile TileID="2807" X="690" Y="490" Z="41" Hue="0" />
    <Tile TileID="2807" X="689" Y="490" Z="41" Hue="0" />
    <Tile TileID="2807" X="688" Y="490" Z="41" Hue="0" />
    <Tile TileID="2807" X="687" Y="490" Z="41" Hue="0" />
    <Tile TileID="2807" X="686" Y="490" Z="41" Hue="0" />
    <Tile TileID="2807" X="685" Y="490" Z="41" Hue="0" />
    <Tile TileID="2807" X="684" Y="490" Z="41" Hue="0" />
    <Tile TileID="2807" X="683" Y="490" Z="41" Hue="0" />
    <Tile TileID="2807" X="682" Y="490" Z="41" Hue="0" />
    <Tile TileID="2807" X="681" Y="490" Z="41" Hue="0" />
    <Tile TileID="2807" X="680" Y="490" Z="41" Hue="0" />
    <Tile TileID="2807" X="679" Y="490" Z="41" Hue="0" />
    <Tile TileID="2807" X="678" Y="490" Z="41" Hue="0" />
    <Tile TileID="2807" X="677" Y="490" Z="41" Hue="0" />
    <Tile TileID="2807" X="676" Y="490" Z="41" Hue="0" />
    <Tile TileID="2807" X="675" Y="490" Z="41" Hue="0" />
    <Tile TileID="2807" X="669" Y="490" Z="41" Hue="0" />
    <Tile TileID="2807" X="668" Y="490" Z="41" Hue="0" />
    <Tile TileID="2807" X="667" Y="490" Z="41" Hue="0" />
    <Tile TileID="2807" X="666" Y="490" Z="41" Hue="0" />
    <Tile TileID="2807" X="665" Y="490" Z="41" Hue="0" />
    <Tile TileID="2807" X="664" Y="490" Z="41" Hue="0" />
    <Tile TileID="2808" X="670" Y="496" Z="41" Hue="0" />
    <Tile TileID="2808" X="670" Y="495" Z="41" Hue="0" />
    <Tile TileID="2808" X="670" Y="494" Z="41" Hue="0" />
    <Tile TileID="2808" X="670" Y="493" Z="41" Hue="0" />
    <Tile TileID="2808" X="670" Y="492" Z="41" Hue="0" />
    <Tile TileID="2808" X="670" Y="491" Z="41" Hue="0" />
    <Tile TileID="2809" X="681" Y="485" Z="41" Hue="0" />
    <Tile TileID="2809" X="680" Y="485" Z="41" Hue="0" />
    <Tile TileID="2809" X="679" Y="485" Z="41" Hue="0" />
    <Tile TileID="2809" X="678" Y="485" Z="41" Hue="0" />
    <Tile TileID="2809" X="677" Y="485" Z="41" Hue="0" />
    <Tile TileID="2809" X="676" Y="485" Z="41" Hue="0" />
    <Tile TileID="2809" X="675" Y="485" Z="41" Hue="0" />
    <Tile TileID="2809" X="674" Y="485" Z="41" Hue="0" />
    <Tile TileID="2809" X="673" Y="485" Z="41" Hue="0" />
    <Tile TileID="2809" X="672" Y="485" Z="41" Hue="0" />
    <Tile TileID="2809" X="671" Y="485" Z="41" Hue="0" />
    <Tile TileID="2809" X="670" Y="485" Z="41" Hue="0" />
    <Tile TileID="2809" X="669" Y="485" Z="41" Hue="0" />
    <Tile TileID="2809" X="668" Y="485" Z="41" Hue="0" />
    <Tile TileID="2809" X="667" Y="485" Z="41" Hue="0" />
    <Tile TileID="2809" X="666" Y="485" Z="41" Hue="0" />
    <Tile TileID="2809" X="691" Y="496" Z="41" Hue="0" />
    <Tile TileID="2809" X="690" Y="496" Z="41" Hue="0" />
    <Tile TileID="2809" X="689" Y="496" Z="41" Hue="0" />
    <Tile TileID="2750" X="694" Y="495" Z="41" Hue="0" />
    <Tile TileID="2750" X="693" Y="495" Z="41" Hue="0" />
    <Tile TileID="2750" X="692" Y="495" Z="41" Hue="0" />
    <Tile TileID="2750" X="691" Y="495" Z="41" Hue="0" />
    <Tile TileID="2750" X="690" Y="495" Z="41" Hue="0" />
    <Tile TileID="2750" X="689" Y="495" Z="41" Hue="0" />
    <Tile TileID="2750" X="688" Y="495" Z="41" Hue="0" />
    <Tile TileID="2750" X="687" Y="495" Z="41" Hue="0" />
    <Tile TileID="2750" X="686" Y="495" Z="41" Hue="0" />
    <Tile TileID="2750" X="685" Y="495" Z="41" Hue="0" />
    <Tile TileID="2750" X="684" Y="495" Z="41" Hue="0" />
    <Tile TileID="2750" X="683" Y="495" Z="41" Hue="0" />
    <Tile TileID="2750" X="684" Y="496" Z="41" Hue="0" />
    <Tile TileID="2750" X="684" Y="495" Z="41" Hue="0" />
    <Tile TileID="2750" X="684" Y="494" Z="41" Hue="0" />
    <Tile TileID="2750" X="684" Y="493" Z="41" Hue="0" />
    <Tile TileID="2750" X="684" Y="492" Z="41" Hue="0" />
    <Tile TileID="2750" X="684" Y="491" Z="41" Hue="0" />
    <Tile TileID="2750" X="694" Y="495" Z="41" Hue="0" />
    <Tile TileID="2750" X="694" Y="494" Z="41" Hue="0" />
    <Tile TileID="2750" X="694" Y="493" Z="41" Hue="0" />
    <Tile TileID="2750" X="694" Y="492" Z="41" Hue="0" />
    <Tile TileID="2750" X="694" Y="491" Z="41" Hue="0" />
    <Tile TileID="2750" X="693" Y="495" Z="41" Hue="0" />
    <Tile TileID="2750" X="693" Y="494" Z="41" Hue="0" />
    <Tile TileID="2750" X="693" Y="493" Z="41" Hue="0" />
    <Tile TileID="2750" X="693" Y="492" Z="41" Hue="0" />
    <Tile TileID="2750" X="693" Y="491" Z="41" Hue="0" />
    <Tile TileID="2750" X="692" Y="495" Z="41" Hue="0" />
    <Tile TileID="2750" X="692" Y="494" Z="41" Hue="0" />
    <Tile TileID="2750" X="692" Y="493" Z="41" Hue="0" />
    <Tile TileID="2750" X="692" Y="492" Z="41" Hue="0" />
    <Tile TileID="2750" X="692" Y="491" Z="41" Hue="0" />
    <Tile TileID="2750" X="677" Y="496" Z="41" Hue="0" />
    <Tile TileID="2750" X="677" Y="495" Z="41" Hue="0" />
    <Tile TileID="2750" X="677" Y="494" Z="41" Hue="0" />
    <Tile TileID="2750" X="680" Y="496" Z="41" Hue="0" />
    <Tile TileID="2750" X="680" Y="495" Z="41" Hue="0" />
    <Tile TileID="2750" X="680" Y="494" Z="41" Hue="0" />
    <Tile TileID="2750" X="679" Y="496" Z="41" Hue="0" />
    <Tile TileID="2750" X="679" Y="495" Z="41" Hue="0" />
    <Tile TileID="2750" X="679" Y="494" Z="41" Hue="0" />
    <Tile TileID="2750" X="678" Y="496" Z="41" Hue="0" />
    <Tile TileID="2750" X="678" Y="495" Z="41" Hue="0" />
    <Tile TileID="2750" X="678" Y="494" Z="41" Hue="0" />
    <Tile TileID="2750" X="683" Y="496" Z="41" Hue="0" />
    <Tile TileID="2750" X="683" Y="495" Z="41" Hue="0" />
    <Tile TileID="2750" X="683" Y="494" Z="41" Hue="0" />
    <Tile TileID="2750" X="683" Y="493" Z="41" Hue="0" />
    <Tile TileID="2750" X="683" Y="492" Z="41" Hue="0" />
    <Tile TileID="2750" X="683" Y="491" Z="41" Hue="0" />
    <Tile TileID="2750" X="682" Y="496" Z="41" Hue="0" />
    <Tile TileID="2750" X="682" Y="495" Z="41" Hue="0" />
    <Tile TileID="2750" X="682" Y="494" Z="41" Hue="0" />
    <Tile TileID="2750" X="682" Y="493" Z="41" Hue="0" />
    <Tile TileID="2750" X="682" Y="492" Z="41" Hue="0" />
    <Tile TileID="2750" X="682" Y="491" Z="41" Hue="0" />
    <Tile TileID="2750" X="681" Y="496" Z="41" Hue="0" />
    <Tile TileID="2750" X="681" Y="495" Z="41" Hue="0" />
    <Tile TileID="2750" X="681" Y="494" Z="41" Hue="0" />
    <Tile TileID="2750" X="681" Y="493" Z="41" Hue="0" />
    <Tile TileID="2750" X="681" Y="492" Z="41" Hue="0" />
    <Tile TileID="2750" X="681" Y="491" Z="41" Hue="0" />
    <Tile TileID="2750" X="676" Y="496" Z="41" Hue="0" />
    <Tile TileID="2750" X="676" Y="495" Z="41" Hue="0" />
    <Tile TileID="2750" X="676" Y="493" Z="41" Hue="0" />
    <Tile TileID="2750" X="676" Y="492" Z="41" Hue="0" />
    <Tile TileID="2750" X="676" Y="491" Z="41" Hue="0" />
    <Tile TileID="2750" X="684" Y="484" Z="41" Hue="0" />
    <Tile TileID="2750" X="684" Y="483" Z="41" Hue="0" />
    <Tile TileID="2750" X="684" Y="482" Z="41" Hue="0" />
    <Tile TileID="2750" X="684" Y="481" Z="41" Hue="0" />
    <Tile TileID="2750" X="684" Y="480" Z="41" Hue="0" />
    <Tile TileID="2750" X="684" Y="479" Z="41" Hue="0" />
    <Tile TileID="2750" X="683" Y="484" Z="41" Hue="0" />
    <Tile TileID="2750" X="683" Y="483" Z="41" Hue="0" />
    <Tile TileID="2750" X="683" Y="482" Z="41" Hue="0" />
    <Tile TileID="2750" X="683" Y="481" Z="41" Hue="0" />
    <Tile TileID="2750" X="683" Y="480" Z="41" Hue="0" />
    <Tile TileID="2750" X="683" Y="479" Z="41" Hue="0" />
    <Tile TileID="2750" X="680" Y="481" Z="41" Hue="0" />
    <Tile TileID="2750" X="680" Y="480" Z="41" Hue="0" />
    <Tile TileID="2750" X="680" Y="479" Z="41" Hue="0" />
    <Tile TileID="2750" X="679" Y="484" Z="41" Hue="0" />
    <Tile TileID="2750" X="679" Y="483" Z="41" Hue="0" />
    <Tile TileID="2750" X="679" Y="482" Z="41" Hue="0" />
    <Tile TileID="2750" X="679" Y="481" Z="41" Hue="0" />
    <Tile TileID="2750" X="679" Y="480" Z="41" Hue="0" />
    <Tile TileID="2750" X="679" Y="479" Z="41" Hue="0" />
    <Tile TileID="2750" X="678" Y="484" Z="41" Hue="0" />
    <Tile TileID="2750" X="678" Y="483" Z="41" Hue="0" />
    <Tile TileID="2750" X="678" Y="482" Z="41" Hue="0" />
    <Tile TileID="2750" X="678" Y="481" Z="41" Hue="0" />
    <Tile TileID="2750" X="678" Y="480" Z="41" Hue="0" />
    <Tile TileID="2750" X="678" Y="479" Z="41" Hue="0" />
    <Tile TileID="2750" X="677" Y="484" Z="41" Hue="0" />
    <Tile TileID="2750" X="677" Y="483" Z="41" Hue="0" />
    <Tile TileID="2750" X="677" Y="482" Z="41" Hue="0" />
    <Tile TileID="2750" X="677" Y="481" Z="41" Hue="0" />
    <Tile TileID="2750" X="677" Y="480" Z="41" Hue="0" />
    <Tile TileID="2750" X="677" Y="479" Z="41" Hue="0" />
    <Tile TileID="2750" X="676" Y="484" Z="41" Hue="0" />
    <Tile TileID="2750" X="676" Y="483" Z="41" Hue="0" />
    <Tile TileID="2750" X="676" Y="482" Z="41" Hue="0" />
    <Tile TileID="2750" X="676" Y="481" Z="41" Hue="0" />
    <Tile TileID="2750" X="676" Y="480" Z="41" Hue="0" />
    <Tile TileID="2750" X="676" Y="479" Z="41" Hue="0" />
    <Tile TileID="2750" X="675" Y="484" Z="41" Hue="0" />
    <Tile TileID="2750" X="675" Y="483" Z="41" Hue="0" />
    <Tile TileID="2750" X="675" Y="482" Z="41" Hue="0" />
    <Tile TileID="2750" X="675" Y="481" Z="41" Hue="0" />
    <Tile TileID="2750" X="675" Y="480" Z="41" Hue="0" />
    <Tile TileID="2750" X="675" Y="479" Z="41" Hue="0" />
    <Tile TileID="2750" X="674" Y="484" Z="41" Hue="0" />
    <Tile TileID="2750" X="674" Y="483" Z="41" Hue="0" />
    <Tile TileID="2750" X="674" Y="482" Z="41" Hue="0" />
    <Tile TileID="2750" X="674" Y="481" Z="41" Hue="0" />
    <Tile TileID="2750" X="674" Y="480" Z="41" Hue="0" />
    <Tile TileID="2750" X="674" Y="479" Z="41" Hue="0" />
    <Tile TileID="2750" X="673" Y="484" Z="41" Hue="0" />
    <Tile TileID="2750" X="673" Y="483" Z="41" Hue="0" />
    <Tile TileID="2750" X="673" Y="482" Z="41" Hue="0" />
    <Tile TileID="2750" X="673" Y="481" Z="41" Hue="0" />
    <Tile TileID="2750" X="673" Y="480" Z="41" Hue="0" />
    <Tile TileID="2750" X="673" Y="479" Z="41" Hue="0" />
    <Tile TileID="2750" X="672" Y="484" Z="41" Hue="0" />
    <Tile TileID="2750" X="672" Y="483" Z="41" Hue="0" />
    <Tile TileID="2750" X="672" Y="482" Z="41" Hue="0" />
    <Tile TileID="2750" X="672" Y="481" Z="41" Hue="0" />
    <Tile TileID="2750" X="672" Y="480" Z="41" Hue="0" />
    <Tile TileID="2750" X="672" Y="479" Z="41" Hue="0" />
    <Tile TileID="2750" X="671" Y="484" Z="41" Hue="0" />
    <Tile TileID="2750" X="671" Y="483" Z="41" Hue="0" />
    <Tile TileID="2750" X="671" Y="482" Z="41" Hue="0" />
    <Tile TileID="2750" X="671" Y="481" Z="41" Hue="0" />
    <Tile TileID="2750" X="671" Y="480" Z="41" Hue="0" />
    <Tile TileID="2750" X="671" Y="479" Z="41" Hue="0" />
    <Tile TileID="2750" X="670" Y="484" Z="41" Hue="0" />
    <Tile TileID="2750" X="670" Y="483" Z="41" Hue="0" />
    <Tile TileID="2750" X="670" Y="482" Z="41" Hue="0" />
    <Tile TileID="2750" X="670" Y="481" Z="41" Hue="0" />
    <Tile TileID="2750" X="670" Y="480" Z="41" Hue="0" />
    <Tile TileID="2750" X="670" Y="479" Z="41" Hue="0" />
    <Tile TileID="2750" X="669" Y="484" Z="41" Hue="0" />
    <Tile TileID="2750" X="669" Y="483" Z="41" Hue="0" />
    <Tile TileID="2750" X="669" Y="482" Z="41" Hue="0" />
    <Tile TileID="2750" X="669" Y="481" Z="41" Hue="0" />
    <Tile TileID="2750" X="669" Y="480" Z="41" Hue="0" />
    <Tile TileID="2750" X="669" Y="479" Z="41" Hue="0" />
    <Tile TileID="2750" X="668" Y="484" Z="41" Hue="0" />
    <Tile TileID="2750" X="668" Y="483" Z="41" Hue="0" />
    <Tile TileID="2750" X="668" Y="482" Z="41" Hue="0" />
    <Tile TileID="2750" X="668" Y="480" Z="41" Hue="0" />
    <Tile TileID="2750" X="668" Y="479" Z="41" Hue="0" />
    <Tile TileID="2750" X="667" Y="484" Z="41" Hue="0" />
    <Tile TileID="2750" X="667" Y="483" Z="41" Hue="0" />
    <Tile TileID="2750" X="667" Y="482" Z="41" Hue="0" />
    <Tile TileID="2750" X="667" Y="481" Z="41" Hue="0" />
    <Tile TileID="2750" X="667" Y="480" Z="41" Hue="0" />
    <Tile TileID="2750" X="667" Y="479" Z="41" Hue="0" />
    <Tile TileID="2750" X="666" Y="484" Z="41" Hue="0" />
    <Tile TileID="2750" X="666" Y="483" Z="41" Hue="0" />
    <Tile TileID="2750" X="666" Y="482" Z="41" Hue="0" />
    <Tile TileID="2750" X="666" Y="481" Z="41" Hue="0" />
    <Tile TileID="2750" X="666" Y="480" Z="41" Hue="0" />
    <Tile TileID="2750" X="666" Y="479" Z="41" Hue="0" />
    <Tile TileID="2750" X="665" Y="484" Z="41" Hue="0" />
    <Tile TileID="2750" X="665" Y="483" Z="41" Hue="0" />
    <Tile TileID="2750" X="665" Y="482" Z="41" Hue="0" />
    <Tile TileID="2750" X="665" Y="481" Z="41" Hue="0" />
    <Tile TileID="2750" X="665" Y="480" Z="41" Hue="0" />
    <Tile TileID="2750" X="665" Y="479" Z="41" Hue="0" />
    <Tile TileID="2750" X="664" Y="484" Z="41" Hue="0" />
    <Tile TileID="2750" X="664" Y="483" Z="41" Hue="0" />
    <Tile TileID="2750" X="664" Y="482" Z="41" Hue="0" />
    <Tile TileID="2750" X="664" Y="481" Z="41" Hue="0" />
    <Tile TileID="2750" X="664" Y="480" Z="41" Hue="0" />
    <Tile TileID="2750" X="664" Y="479" Z="41" Hue="0" />
    <Tile TileID="2750" X="669" Y="496" Z="41" Hue="0" />
    <Tile TileID="2750" X="669" Y="495" Z="41" Hue="0" />
    <Tile TileID="2750" X="669" Y="494" Z="41" Hue="0" />
    <Tile TileID="2750" X="669" Y="493" Z="41" Hue="0" />
    <Tile TileID="2750" X="669" Y="492" Z="41" Hue="0" />
    <Tile TileID="2750" X="669" Y="491" Z="41" Hue="0" />
    <Tile TileID="2750" X="668" Y="496" Z="41" Hue="0" />
    <Tile TileID="2750" X="668" Y="495" Z="41" Hue="0" />
    <Tile TileID="2750" X="668" Y="494" Z="41" Hue="0" />
    <Tile TileID="2750" X="668" Y="493" Z="41" Hue="0" />
    <Tile TileID="2750" X="668" Y="492" Z="41" Hue="0" />
    <Tile TileID="2750" X="668" Y="491" Z="41" Hue="0" />
    <Tile TileID="2750" X="667" Y="496" Z="41" Hue="0" />
    <Tile TileID="2750" X="667" Y="495" Z="41" Hue="0" />
    <Tile TileID="2750" X="667" Y="494" Z="41" Hue="0" />
    <Tile TileID="2750" X="667" Y="493" Z="41" Hue="0" />
    <Tile TileID="2750" X="667" Y="492" Z="41" Hue="0" />
    <Tile TileID="2750" X="667" Y="491" Z="41" Hue="0" />
    <Tile TileID="2750" X="666" Y="496" Z="41" Hue="0" />
    <Tile TileID="2750" X="666" Y="495" Z="41" Hue="0" />
    <Tile TileID="2750" X="666" Y="494" Z="41" Hue="0" />
    <Tile TileID="2750" X="666" Y="493" Z="41" Hue="0" />
    <Tile TileID="2750" X="666" Y="492" Z="41" Hue="0" />
    <Tile TileID="2750" X="666" Y="491" Z="41" Hue="0" />
    <Tile TileID="2750" X="665" Y="496" Z="41" Hue="0" />
    <Tile TileID="2750" X="665" Y="495" Z="41" Hue="0" />
    <Tile TileID="2750" X="665" Y="494" Z="41" Hue="0" />
    <Tile TileID="2750" X="665" Y="493" Z="41" Hue="0" />
    <Tile TileID="2750" X="665" Y="492" Z="41" Hue="0" />
    <Tile TileID="2750" X="665" Y="491" Z="41" Hue="0" />
    <Tile TileID="2750" X="664" Y="496" Z="41" Hue="0" />
    <Tile TileID="2750" X="664" Y="495" Z="41" Hue="0" />
    <Tile TileID="2750" X="664" Y="494" Z="41" Hue="0" />
    <Tile TileID="2750" X="664" Y="493" Z="41" Hue="0" />
    <Tile TileID="2750" X="664" Y="492" Z="41" Hue="0" />
    <Tile TileID="2750" X="664" Y="491" Z="41" Hue="0" />
    <Tile TileID="2750" X="681" Y="493" Z="41" Hue="0" />
    <Tile TileID="2750" X="681" Y="492" Z="41" Hue="0" />
    <Tile TileID="2750" X="681" Y="491" Z="41" Hue="0" />
    <Tile TileID="2750" X="680" Y="493" Z="41" Hue="0" />
    <Tile TileID="2750" X="680" Y="492" Z="41" Hue="0" />
    <Tile TileID="2750" X="680" Y="491" Z="41" Hue="0" />
    <Tile TileID="2750" X="679" Y="493" Z="41" Hue="0" />
    <Tile TileID="2750" X="679" Y="491" Z="41" Hue="0" />
    <Tile TileID="2750" X="678" Y="493" Z="41" Hue="0" />
    <Tile TileID="2750" X="678" Y="492" Z="41" Hue="0" />
    <Tile TileID="2750" X="678" Y="491" Z="41" Hue="0" />
    <Tile TileID="2750" X="677" Y="493" Z="41" Hue="0" />
    <Tile TileID="2750" X="677" Y="492" Z="41" Hue="0" />
    <Tile TileID="2750" X="677" Y="491" Z="41" Hue="0" />
    <Tile TileID="2750" X="692" Y="494" Z="41" Hue="0" />
    <Tile TileID="2750" X="692" Y="493" Z="41" Hue="0" />
    <Tile TileID="2750" X="692" Y="492" Z="41" Hue="0" />
    <Tile TileID="2750" X="692" Y="491" Z="41" Hue="0" />
    <Tile TileID="2750" X="691" Y="494" Z="41" Hue="0" />
    <Tile TileID="2750" X="691" Y="493" Z="41" Hue="0" />
    <Tile TileID="2750" X="691" Y="492" Z="41" Hue="0" />
    <Tile TileID="2750" X="691" Y="491" Z="41" Hue="0" />
    <Tile TileID="2750" X="690" Y="494" Z="41" Hue="0" />
    <Tile TileID="2750" X="690" Y="493" Z="41" Hue="0" />
    <Tile TileID="2750" X="690" Y="492" Z="41" Hue="0" />
    <Tile TileID="2750" X="690" Y="491" Z="41" Hue="0" />
    <Tile TileID="2750" X="689" Y="494" Z="41" Hue="0" />
    <Tile TileID="2750" X="689" Y="493" Z="41" Hue="0" />
    <Tile TileID="2750" X="689" Y="492" Z="41" Hue="0" />
    <Tile TileID="2750" X="689" Y="491" Z="41" Hue="0" />
    <Tile TileID="2750" X="688" Y="494" Z="41" Hue="0" />
    <Tile TileID="2750" X="688" Y="493" Z="41" Hue="0" />
    <Tile TileID="2750" X="688" Y="492" Z="41" Hue="0" />
    <Tile TileID="2750" X="688" Y="491" Z="41" Hue="0" />
    <Tile TileID="2750" X="687" Y="494" Z="41" Hue="0" />
    <Tile TileID="2750" X="687" Y="493" Z="41" Hue="0" />
    <Tile TileID="2750" X="687" Y="492" Z="41" Hue="0" />
    <Tile TileID="2750" X="687" Y="491" Z="41" Hue="0" />
    <Tile TileID="2750" X="686" Y="494" Z="41" Hue="0" />
    <Tile TileID="2750" X="686" Y="493" Z="41" Hue="0" />
    <Tile TileID="2750" X="686" Y="492" Z="41" Hue="0" />
    <Tile TileID="2750" X="686" Y="491" Z="41" Hue="0" />
    <Tile TileID="2750" X="685" Y="494" Z="41" Hue="0" />
    <Tile TileID="2750" X="685" Y="493" Z="41" Hue="0" />
    <Tile TileID="2750" X="685" Y="492" Z="41" Hue="0" />
    <Tile TileID="2750" X="685" Y="491" Z="41" Hue="0" />
    <Tile TileID="2750" X="676" Y="494" Z="41" Hue="0" />
    <Tile TileID="2750" X="682" Y="484" Z="41" Hue="0" />
    <Tile TileID="2750" X="682" Y="483" Z="41" Hue="0" />
    <Tile TileID="2750" X="682" Y="482" Z="41" Hue="0" />
    <Tile TileID="2750" X="682" Y="481" Z="41" Hue="0" />
    <Tile TileID="2750" X="682" Y="480" Z="41" Hue="0" />
    <Tile TileID="2750" X="682" Y="479" Z="41" Hue="0" />
    <Tile TileID="2750" X="681" Y="484" Z="41" Hue="0" />
    <Tile TileID="2750" X="681" Y="483" Z="41" Hue="0" />
    <Tile TileID="2750" X="681" Y="482" Z="41" Hue="0" />
    <Tile TileID="2750" X="681" Y="481" Z="41" Hue="0" />
    <Tile TileID="2750" X="681" Y="480" Z="41" Hue="0" />
    <Tile TileID="2750" X="681" Y="479" Z="41" Hue="0" />
    <Tile TileID="2750" X="680" Y="484" Z="41" Hue="0" />
    <Tile TileID="2750" X="680" Y="483" Z="41" Hue="0" />
    <Tile TileID="2750" X="680" Y="482" Z="41" Hue="0" />
    <Tile TileID="2750" X="668" Y="481" Z="41" Hue="0" />
    <Tile TileID="2750" X="679" Y="492" Z="41" Hue="0" />
    <Tile TileID="4553" X="688" Y="479" Z="41" Hue="0" />
    <Tile TileID="4553" X="690" Y="479" Z="41" Hue="0" />
    <Tile TileID="4553" X="692" Y="479" Z="41" Hue="0" />
    <Tile TileID="2809" X="694" Y="487" Z="41" Hue="0" />
    <Tile TileID="2809" X="693" Y="487" Z="41" Hue="0" />
    <Tile TileID="2809" X="692" Y="487" Z="41" Hue="0" />
    <Tile TileID="2809" X="691" Y="487" Z="41" Hue="0" />
    <Tile TileID="2809" X="690" Y="487" Z="41" Hue="0" />
    <Tile TileID="2809" X="689" Y="487" Z="41" Hue="0" />
    <Tile TileID="2809" X="688" Y="487" Z="41" Hue="0" />
    <Tile TileID="2806" X="687" Y="486" Z="41" Hue="0" />
    <Tile TileID="2806" X="687" Y="485" Z="41" Hue="0" />
    <Tile TileID="2806" X="687" Y="484" Z="41" Hue="0" />
    <Tile TileID="2806" X="687" Y="483" Z="41" Hue="0" />
    <Tile TileID="2806" X="687" Y="482" Z="41" Hue="0" />
    <Tile TileID="2806" X="687" Y="481" Z="41" Hue="0" />
    <Tile TileID="2806" X="687" Y="480" Z="41" Hue="0" />
    <Tile TileID="2806" X="687" Y="479" Z="41" Hue="0" />
    <Tile TileID="2756" X="687" Y="487" Z="41" Hue="0" />
    <Tile TileID="2750" X="694" Y="486" Z="41" Hue="0" />
    <Tile TileID="2750" X="690" Y="483" Z="41" Hue="0" />
    <Tile TileID="2750" X="690" Y="482" Z="41" Hue="0" />
    <Tile TileID="2750" X="690" Y="479" Z="41" Hue="0" />
    <Tile TileID="2750" X="689" Y="486" Z="41" Hue="0" />
    <Tile TileID="2750" X="689" Y="485" Z="41" Hue="0" />
    <Tile TileID="2750" X="689" Y="484" Z="41" Hue="0" />
    <Tile TileID="2750" X="689" Y="483" Z="41" Hue="0" />
    <Tile TileID="2750" X="689" Y="482" Z="41" Hue="0" />
    <Tile TileID="2750" X="689" Y="481" Z="41" Hue="0" />
    <Tile TileID="2750" X="688" Y="485" Z="41" Hue="0" />
    <Tile TileID="2750" X="688" Y="484" Z="41" Hue="0" />
    <Tile TileID="2750" X="688" Y="483" Z="41" Hue="0" />
    <Tile TileID="2750" X="688" Y="482" Z="41" Hue="0" />
    <Tile TileID="2177" X="685" Y="485" Z="41" Hue="0" />
    <Tile TileID="2183" X="687" Y="484" Z="41" Hue="0" />
    <Tile TileID="2183" X="687" Y="483" Z="41" Hue="0" />
    <Tile TileID="2183" X="687" Y="482" Z="41" Hue="0" />
    <Tile TileID="2183" X="687" Y="481" Z="41" Hue="0" />
    <Tile TileID="2750" X="694" Y="485" Z="41" Hue="0" />
    <Tile TileID="2750" X="694" Y="484" Z="41" Hue="0" />
    <Tile TileID="2750" X="694" Y="483" Z="41" Hue="0" />
    <Tile TileID="2750" X="694" Y="482" Z="41" Hue="0" />
    <Tile TileID="2750" X="694" Y="481" Z="41" Hue="0" />
    <Tile TileID="2750" X="694" Y="480" Z="41" Hue="0" />
    <Tile TileID="2750" X="694" Y="479" Z="41" Hue="0" />
    <Tile TileID="2750" X="693" Y="486" Z="41" Hue="0" />
    <Tile TileID="2750" X="693" Y="485" Z="41" Hue="0" />
    <Tile TileID="2750" X="693" Y="484" Z="41" Hue="0" />
    <Tile TileID="2750" X="693" Y="483" Z="41" Hue="0" />
    <Tile TileID="2750" X="693" Y="482" Z="41" Hue="0" />
    <Tile TileID="2750" X="693" Y="481" Z="41" Hue="0" />
    <Tile TileID="2750" X="693" Y="480" Z="41" Hue="0" />
    <Tile TileID="2750" X="693" Y="479" Z="41" Hue="0" />
    <Tile TileID="2750" X="692" Y="486" Z="41" Hue="0" />
    <Tile TileID="2750" X="692" Y="485" Z="41" Hue="0" />
    <Tile TileID="2750" X="692" Y="484" Z="41" Hue="0" />
    <Tile TileID="2750" X="692" Y="483" Z="41" Hue="0" />
    <Tile TileID="2750" X="692" Y="482" Z="41" Hue="0" />
    <Tile TileID="2750" X="692" Y="481" Z="41" Hue="0" />
    <Tile TileID="2750" X="692" Y="480" Z="41" Hue="0" />
    <Tile TileID="2750" X="692" Y="479" Z="41" Hue="0" />
    <Tile TileID="2750" X="691" Y="486" Z="41" Hue="0" />
    <Tile TileID="2750" X="691" Y="485" Z="41" Hue="0" />
    <Tile TileID="2750" X="691" Y="484" Z="41" Hue="0" />
    <Tile TileID="2750" X="691" Y="483" Z="41" Hue="0" />
    <Tile TileID="2750" X="691" Y="482" Z="41" Hue="0" />
    <Tile TileID="2750" X="691" Y="481" Z="41" Hue="0" />
    <Tile TileID="2750" X="691" Y="480" Z="41" Hue="0" />
    <Tile TileID="2750" X="691" Y="479" Z="41" Hue="0" />
    <Tile TileID="2750" X="690" Y="486" Z="41" Hue="0" />
    <Tile TileID="2750" X="690" Y="485" Z="41" Hue="0" />
    <Tile TileID="2750" X="690" Y="484" Z="41" Hue="0" />
    <Tile TileID="2750" X="690" Y="481" Z="41" Hue="0" />
    <Tile TileID="2750" X="690" Y="480" Z="41" Hue="0" />
    <Tile TileID="2750" X="689" Y="480" Z="41" Hue="0" />
    <Tile TileID="2750" X="689" Y="479" Z="41" Hue="0" />
    <Tile TileID="2750" X="688" Y="486" Z="41" Hue="0" />
    <Tile TileID="2750" X="688" Y="481" Z="41" Hue="0" />
    <Tile TileID="2750" X="688" Y="480" Z="41" Hue="0" />
    <Tile TileID="2750" X="688" Y="479" Z="41" Hue="0" />
    <Tile TileID="2177" X="686" Y="485" Z="41" Hue="0" />
</Static_Tiles>