﻿<?xml version="1.0" encoding="utf-8"?>
<Static_Tiles>
    <Tile TileID="3211" X="657" Y="521" Z="0" Hue="0" />
    <Tile TileID="3210" X="657" Y="520" Z="0" Hue="0" />
    <Tile TileID="3207" X="657" Y="519" Z="0" Hue="0" />
    <Tile TileID="3210" X="657" Y="518" Z="0" Hue="0" />
    <Tile TileID="3209" X="657" Y="517" Z="0" Hue="0" />
    <Tile TileID="3207" X="657" Y="516" Z="0" Hue="0" />
    <Tile TileID="3207" X="656" Y="521" Z="0" Hue="0" />
    <Tile TileID="3208" X="656" Y="520" Z="0" Hue="0" />
    <Tile TileID="3208" X="656" Y="519" Z="0" Hue="0" />
    <Tile TileID="3211" X="656" Y="518" Z="0" Hue="0" />
    <Tile TileID="3211" X="656" Y="517" Z="0" Hue="0" />
    <Tile TileID="3208" X="656" Y="516" Z="0" Hue="0" />
    <Tile TileID="3207" X="655" Y="521" Z="0" Hue="0" />
    <Tile TileID="3207" X="655" Y="520" Z="0" Hue="0" />
    <Tile TileID="3207" X="655" Y="519" Z="0" Hue="0" />
    <Tile TileID="3210" X="655" Y="518" Z="0" Hue="0" />
    <Tile TileID="3207" X="655" Y="517" Z="0" Hue="0" />
    <Tile TileID="3207" X="655" Y="516" Z="0" Hue="0" />
    <Tile TileID="3207" X="654" Y="521" Z="0" Hue="0" />
    <Tile TileID="3209" X="654" Y="520" Z="0" Hue="0" />
    <Tile TileID="3210" X="654" Y="519" Z="0" Hue="0" />
    <Tile TileID="3210" X="654" Y="518" Z="0" Hue="0" />
    <Tile TileID="3209" X="654" Y="517" Z="0" Hue="0" />
    <Tile TileID="3209" X="654" Y="516" Z="0" Hue="0" />
    <Tile TileID="3210" X="653" Y="521" Z="0" Hue="0" />
    <Tile TileID="3209" X="653" Y="520" Z="0" Hue="0" />
    <Tile TileID="3211" X="653" Y="519" Z="0" Hue="0" />
    <Tile TileID="3207" X="653" Y="518" Z="0" Hue="0" />
    <Tile TileID="3207" X="653" Y="517" Z="0" Hue="0" />
    <Tile TileID="3210" X="653" Y="516" Z="0" Hue="0" />
    <Tile TileID="3208" X="652" Y="521" Z="0" Hue="0" />
    <Tile TileID="3209" X="652" Y="519" Z="0" Hue="0" />
    <Tile TileID="3207" X="652" Y="518" Z="0" Hue="0" />
    <Tile TileID="3211" X="652" Y="517" Z="0" Hue="0" />
    <Tile TileID="3210" X="652" Y="516" Z="0" Hue="0" />
    <Tile TileID="3211" X="651" Y="521" Z="0" Hue="0" />
    <Tile TileID="3209" X="651" Y="520" Z="0" Hue="0" />
    <Tile TileID="3209" X="651" Y="519" Z="0" Hue="0" />
    <Tile TileID="3207" X="651" Y="518" Z="0" Hue="0" />
    <Tile TileID="3211" X="651" Y="517" Z="0" Hue="0" />
    <Tile TileID="3207" X="651" Y="516" Z="0" Hue="0" />
    <Tile TileID="3210" X="652" Y="520" Z="0" Hue="0" />
</Static_Tiles>