﻿<?xml version="1.0" encoding="utf-8"?>
<Static_Tiles>
    <Tile TileID="2767" X="672" Y="483" Z="1" Hue="0" />
    <Tile TileID="2760" X="671" Y="480" Z="1" Hue="0" />
    <Tile TileID="2760" X="671" Y="479" Z="1" Hue="0" />
    <Tile TileID="2760" X="670" Y="486" Z="1" Hue="0" />
    <Tile TileID="2760" X="670" Y="485" Z="1" Hue="0" />
    <Tile TileID="2760" X="670" Y="484" Z="1" Hue="0" />
    <Tile TileID="2760" X="670" Y="483" Z="1" Hue="0" />
    <Tile TileID="2760" X="667" Y="483" Z="1" Hue="0" />
    <Tile TileID="2760" X="667" Y="482" Z="1" Hue="0" />
    <Tile TileID="2760" X="667" Y="481" Z="1" Hue="0" />
    <Tile TileID="2760" X="667" Y="480" Z="1" Hue="0" />
    <Tile TileID="2760" X="667" Y="479" Z="1" Hue="0" />
    <Tile TileID="2760" X="666" Y="486" Z="1" Hue="0" />
    <Tile TileID="2760" X="666" Y="485" Z="1" Hue="0" />
    <Tile TileID="2760" X="666" Y="484" Z="1" Hue="0" />
    <Tile TileID="2760" X="666" Y="483" Z="1" Hue="0" />
    <Tile TileID="2760" X="666" Y="482" Z="1" Hue="0" />
    <Tile TileID="2760" X="666" Y="481" Z="1" Hue="0" />
    <Tile TileID="2760" X="666" Y="480" Z="1" Hue="0" />
    <Tile TileID="2760" X="666" Y="479" Z="1" Hue="0" />
    <Tile TileID="2778" X="681" Y="492" Z="1" Hue="0" />
    <Tile TileID="2778" X="681" Y="490" Z="1" Hue="0" />
    <Tile TileID="2861" X="669" Y="479" Z="14" Hue="0" />
    <Tile TileID="2861" X="668" Y="479" Z="14" Hue="0" />
    <Tile TileID="2861" X="666" Y="479" Z="14" Hue="0" />
    <Tile TileID="2602" X="668" Y="487" Z="1" Hue="0" />
    <Tile TileID="2602" X="669" Y="487" Z="1" Hue="0" />
    <Tile TileID="2602" X="670" Y="487" Z="1" Hue="0" />
    <Tile TileID="2911" X="673" Y="492" Z="0" Hue="0" />
    <Tile TileID="2911" X="671" Y="492" Z="0" Hue="0" />
    <Tile TileID="2911" X="667" Y="492" Z="0" Hue="0" />
    <Tile TileID="2911" X="665" Y="492" Z="0" Hue="0" />
    <Tile TileID="2934" X="669" Y="490" Z="0" Hue="0" />
    <Tile TileID="2934" X="666" Y="490" Z="0" Hue="0" />
    <Tile TileID="2938" X="672" Y="491" Z="0" Hue="0" />
    <Tile TileID="2938" X="666" Y="491" Z="0" Hue="0" />
    <Tile TileID="2933" X="672" Y="492" Z="0" Hue="0" />
    <Tile TileID="2933" X="669" Y="492" Z="0" Hue="0" />
    <Tile TileID="2933" X="666" Y="492" Z="0" Hue="0" />
    <Tile TileID="2768" X="671" Y="487" Z="1" Hue="0" />
    <Tile TileID="2767" X="672" Y="485" Z="1" Hue="0" />
    <Tile TileID="2767" X="672" Y="484" Z="1" Hue="0" />
    <Tile TileID="2767" X="672" Y="482" Z="1" Hue="0" />
    <Tile TileID="2767" X="672" Y="481" Z="1" Hue="0" />
    <Tile TileID="2767" X="672" Y="480" Z="1" Hue="0" />
    <Tile TileID="2767" X="672" Y="479" Z="1" Hue="0" />
    <Tile TileID="2763" X="665" Y="487" Z="1" Hue="0" />
    <Tile TileID="2765" X="665" Y="486" Z="1" Hue="0" />
    <Tile TileID="2765" X="665" Y="485" Z="1" Hue="0" />
    <Tile TileID="2761" X="672" Y="487" Z="1" Hue="0" />
    <Tile TileID="2760" X="671" Y="486" Z="1" Hue="0" />
    <Tile TileID="2760" X="671" Y="485" Z="1" Hue="0" />
    <Tile TileID="2760" X="671" Y="484" Z="1" Hue="0" />
    <Tile TileID="2760" X="671" Y="483" Z="1" Hue="0" />
    <Tile TileID="2760" X="671" Y="482" Z="1" Hue="0" />
    <Tile TileID="2760" X="671" Y="481" Z="1" Hue="0" />
    <Tile TileID="2760" X="670" Y="482" Z="1" Hue="0" />
    <Tile TileID="2760" X="670" Y="480" Z="1" Hue="0" />
    <Tile TileID="2760" X="670" Y="479" Z="1" Hue="0" />
    <Tile TileID="2760" X="669" Y="486" Z="1" Hue="0" />
    <Tile TileID="2760" X="669" Y="485" Z="1" Hue="0" />
    <Tile TileID="2760" X="669" Y="484" Z="1" Hue="0" />
    <Tile TileID="2760" X="669" Y="483" Z="1" Hue="0" />
    <Tile TileID="2760" X="669" Y="482" Z="1" Hue="0" />
    <Tile TileID="2760" X="669" Y="481" Z="1" Hue="0" />
    <Tile TileID="2760" X="669" Y="480" Z="1" Hue="0" />
    <Tile TileID="2760" X="669" Y="479" Z="1" Hue="0" />
    <Tile TileID="2760" X="668" Y="486" Z="1" Hue="0" />
    <Tile TileID="2760" X="668" Y="485" Z="1" Hue="0" />
    <Tile TileID="2760" X="668" Y="484" Z="1" Hue="0" />
    <Tile TileID="2760" X="668" Y="483" Z="1" Hue="0" />
    <Tile TileID="2760" X="668" Y="482" Z="1" Hue="0" />
    <Tile TileID="2760" X="668" Y="481" Z="1" Hue="0" />
    <Tile TileID="2760" X="668" Y="480" Z="1" Hue="0" />
    <Tile TileID="2760" X="668" Y="479" Z="1" Hue="0" />
    <Tile TileID="2760" X="667" Y="486" Z="1" Hue="0" />
    <Tile TileID="2760" X="667" Y="485" Z="1" Hue="0" />
    <Tile TileID="2760" X="667" Y="484" Z="1" Hue="0" />
    <Tile TileID="2786" X="679" Y="494" Z="1" Hue="0" />
    <Tile TileID="2784" X="685" Y="489" Z="1" Hue="0" />
    <Tile TileID="2780" X="675" Y="489" Z="1" Hue="0" />
    <Tile TileID="2778" X="685" Y="493" Z="1" Hue="0" />
    <Tile TileID="2778" X="685" Y="492" Z="1" Hue="0" />
    <Tile TileID="2778" X="685" Y="491" Z="1" Hue="0" />
    <Tile TileID="2778" X="684" Y="493" Z="1" Hue="0" />
    <Tile TileID="2778" X="677" Y="490" Z="1" Hue="0" />
    <Tile TileID="2770" X="692" Y="482" Z="1" Hue="0" />
    <Tile TileID="2516" X="668" Y="486" Z="7" Hue="0" />
    <Tile TileID="2602" X="666" Y="487" Z="1" Hue="0" />
    <Tile TileID="2760" X="670" Y="481" Z="1" Hue="0" />
    <Tile TileID="2769" X="691" Y="481" Z="1" Hue="0" />
    <Tile TileID="2769" X="690" Y="481" Z="1" Hue="0" />
    <Tile TileID="2769" X="689" Y="481" Z="1" Hue="0" />
    <Tile TileID="2769" X="688" Y="481" Z="1" Hue="0" />
    <Tile TileID="2769" X="687" Y="481" Z="1" Hue="0" />
    <Tile TileID="2769" X="686" Y="481" Z="1" Hue="0" />
    <Tile TileID="2813" X="692" Y="483" Z="3" Hue="0" />
    <Tile TileID="2813" X="692" Y="479" Z="3" Hue="0" />
    <Tile TileID="2814" X="691" Y="483" Z="3" Hue="0" />
    <Tile TileID="2814" X="690" Y="483" Z="3" Hue="0" />
    <Tile TileID="2814" X="689" Y="483" Z="3" Hue="0" />
    <Tile TileID="2814" X="688" Y="483" Z="3" Hue="0" />
    <Tile TileID="2814" X="687" Y="483" Z="3" Hue="0" />
    <Tile TileID="2814" X="691" Y="479" Z="3" Hue="0" />
    <Tile TileID="2814" X="690" Y="479" Z="3" Hue="0" />
    <Tile TileID="6216" X="690" Y="479" Z="3" Hue="0" />
    <Tile TileID="3652" X="691" Y="479" Z="5" Hue="0" />
    <Tile TileID="3841" X="692" Y="479" Z="3" Hue="0" />
    <Tile TileID="3837" X="689" Y="479" Z="3" Hue="0" />
    <Tile TileID="3628" X="690" Y="479" Z="3" Hue="0" />
    <Tile TileID="3625" X="687" Y="479" Z="3" Hue="0" />
    <Tile TileID="3622" X="688" Y="479" Z="3" Hue="0" />
    <Tile TileID="3624" X="686" Y="479" Z="3" Hue="0" />
    <Tile TileID="6190" X="688" Y="479" Z="3" Hue="0" />
    <Tile TileID="3575" X="689" Y="483" Z="5" Hue="0" />
    <Tile TileID="4127" X="688" Y="484" Z="0" Hue="257" />
    <Tile TileID="5983" X="690" Y="483" Z="5" Hue="32" />
    <Tile TileID="4011" X="685" Y="484" Z="0" Hue="398" />
    <Tile TileID="3993" X="687" Y="484" Z="0" Hue="253" />
    <Tile TileID="3991" X="686" Y="484" Z="0" Hue="1264" />
    <Tile TileID="3615" X="691" Y="483" Z="3" Hue="0" />
    <Tile TileID="3613" X="688" Y="483" Z="5" Hue="0" />
    <Tile TileID="2786" X="691" Y="494" Z="1" Hue="0" />
    <Tile TileID="2786" X="690" Y="494" Z="1" Hue="0" />
    <Tile TileID="2786" X="689" Y="494" Z="1" Hue="0" />
    <Tile TileID="2786" X="688" Y="494" Z="1" Hue="0" />
    <Tile TileID="2786" X="687" Y="494" Z="1" Hue="0" />
    <Tile TileID="2786" X="686" Y="494" Z="1" Hue="0" />
    <Tile TileID="2786" X="685" Y="494" Z="1" Hue="0" />
    <Tile TileID="2786" X="684" Y="494" Z="1" Hue="0" />
    <Tile TileID="2786" X="683" Y="494" Z="1" Hue="0" />
    <Tile TileID="2786" X="682" Y="494" Z="1" Hue="0" />
    <Tile TileID="2786" X="681" Y="494" Z="1" Hue="0" />
    <Tile TileID="2786" X="680" Y="494" Z="1" Hue="0" />
    <Tile TileID="2786" X="678" Y="494" Z="1" Hue="0" />
    <Tile TileID="2786" X="677" Y="494" Z="1" Hue="0" />
    <Tile TileID="2786" X="676" Y="494" Z="1" Hue="0" />
    <Tile TileID="2785" X="692" Y="493" Z="1" Hue="0" />
    <Tile TileID="2785" X="692" Y="492" Z="1" Hue="0" />
    <Tile TileID="2785" X="692" Y="491" Z="1" Hue="0" />
    <Tile TileID="2785" X="692" Y="490" Z="1" Hue="0" />
    <Tile TileID="2784" X="691" Y="489" Z="1" Hue="0" />
    <Tile TileID="2784" X="690" Y="489" Z="1" Hue="0" />
    <Tile TileID="2784" X="689" Y="489" Z="1" Hue="0" />
    <Tile TileID="2784" X="688" Y="489" Z="1" Hue="0" />
    <Tile TileID="2784" X="687" Y="489" Z="1" Hue="0" />
    <Tile TileID="2784" X="686" Y="489" Z="1" Hue="0" />
    <Tile TileID="2784" X="684" Y="489" Z="1" Hue="0" />
    <Tile TileID="2784" X="683" Y="489" Z="1" Hue="0" />
    <Tile TileID="2784" X="682" Y="489" Z="1" Hue="0" />
    <Tile TileID="2784" X="681" Y="489" Z="1" Hue="0" />
    <Tile TileID="2784" X="680" Y="489" Z="1" Hue="0" />
    <Tile TileID="2784" X="679" Y="489" Z="1" Hue="0" />
    <Tile TileID="2784" X="678" Y="489" Z="1" Hue="0" />
    <Tile TileID="2784" X="677" Y="489" Z="1" Hue="0" />
    <Tile TileID="2784" X="676" Y="489" Z="1" Hue="0" />
    <Tile TileID="2783" X="675" Y="493" Z="1" Hue="0" />
    <Tile TileID="2783" X="675" Y="492" Z="1" Hue="0" />
    <Tile TileID="2783" X="675" Y="491" Z="1" Hue="0" />
    <Tile TileID="2783" X="675" Y="490" Z="1" Hue="0" />
    <Tile TileID="2782" X="692" Y="489" Z="1" Hue="0" />
    <Tile TileID="2781" X="675" Y="494" Z="1" Hue="0" />
    <Tile TileID="2779" X="692" Y="494" Z="1" Hue="0" />
    <Tile TileID="2778" X="685" Y="490" Z="1" Hue="0" />
    <Tile TileID="2778" X="684" Y="492" Z="1" Hue="0" />
    <Tile TileID="2778" X="684" Y="491" Z="1" Hue="0" />
    <Tile TileID="2778" X="684" Y="490" Z="1" Hue="0" />
    <Tile TileID="2778" X="683" Y="493" Z="1" Hue="0" />
    <Tile TileID="2778" X="683" Y="492" Z="1" Hue="0" />
    <Tile TileID="2778" X="683" Y="491" Z="1" Hue="0" />
    <Tile TileID="2778" X="683" Y="490" Z="1" Hue="0" />
    <Tile TileID="2778" X="682" Y="493" Z="1" Hue="0" />
    <Tile TileID="2778" X="682" Y="492" Z="1" Hue="0" />
    <Tile TileID="2778" X="682" Y="491" Z="1" Hue="0" />
    <Tile TileID="2778" X="682" Y="490" Z="1" Hue="0" />
    <Tile TileID="2778" X="681" Y="493" Z="1" Hue="0" />
    <Tile TileID="2778" X="681" Y="491" Z="1" Hue="0" />
    <Tile TileID="2778" X="680" Y="493" Z="1" Hue="0" />
    <Tile TileID="2778" X="680" Y="492" Z="1" Hue="0" />
    <Tile TileID="2778" X="680" Y="491" Z="1" Hue="0" />
    <Tile TileID="2778" X="680" Y="490" Z="1" Hue="0" />
    <Tile TileID="2778" X="679" Y="493" Z="1" Hue="0" />
    <Tile TileID="2778" X="679" Y="492" Z="1" Hue="0" />
    <Tile TileID="2778" X="679" Y="491" Z="1" Hue="0" />
    <Tile TileID="2778" X="679" Y="490" Z="1" Hue="0" />
    <Tile TileID="2778" X="678" Y="493" Z="1" Hue="0" />
    <Tile TileID="2778" X="678" Y="492" Z="1" Hue="0" />
    <Tile TileID="2778" X="678" Y="491" Z="1" Hue="0" />
    <Tile TileID="2778" X="678" Y="490" Z="1" Hue="0" />
    <Tile TileID="2778" X="677" Y="493" Z="1" Hue="0" />
    <Tile TileID="2778" X="677" Y="492" Z="1" Hue="0" />
    <Tile TileID="2778" X="677" Y="491" Z="1" Hue="0" />
    <Tile TileID="2778" X="676" Y="493" Z="1" Hue="0" />
    <Tile TileID="2778" X="676" Y="492" Z="1" Hue="0" />
    <Tile TileID="2778" X="676" Y="491" Z="1" Hue="0" />
    <Tile TileID="2778" X="676" Y="490" Z="1" Hue="0" />
    <Tile TileID="2778" X="691" Y="493" Z="1" Hue="0" />
    <Tile TileID="2778" X="691" Y="492" Z="1" Hue="0" />
    <Tile TileID="2778" X="691" Y="491" Z="1" Hue="0" />
    <Tile TileID="2778" X="691" Y="490" Z="1" Hue="0" />
    <Tile TileID="2778" X="690" Y="493" Z="1" Hue="0" />
    <Tile TileID="2778" X="690" Y="492" Z="1" Hue="0" />
    <Tile TileID="2778" X="690" Y="491" Z="1" Hue="0" />
    <Tile TileID="2778" X="690" Y="490" Z="1" Hue="0" />
    <Tile TileID="2778" X="689" Y="493" Z="1" Hue="0" />
    <Tile TileID="2778" X="689" Y="492" Z="1" Hue="0" />
    <Tile TileID="2778" X="689" Y="491" Z="1" Hue="0" />
    <Tile TileID="2778" X="689" Y="490" Z="1" Hue="0" />
    <Tile TileID="2778" X="688" Y="493" Z="1" Hue="0" />
    <Tile TileID="2778" X="688" Y="492" Z="1" Hue="0" />
    <Tile TileID="2778" X="688" Y="491" Z="1" Hue="0" />
    <Tile TileID="2778" X="688" Y="490" Z="1" Hue="0" />
    <Tile TileID="2778" X="687" Y="493" Z="1" Hue="0" />
    <Tile TileID="2778" X="687" Y="492" Z="1" Hue="0" />
    <Tile TileID="2778" X="687" Y="491" Z="1" Hue="0" />
    <Tile TileID="2778" X="687" Y="490" Z="1" Hue="0" />
    <Tile TileID="2778" X="686" Y="493" Z="1" Hue="0" />
    <Tile TileID="2778" X="686" Y="492" Z="1" Hue="0" />
    <Tile TileID="2778" X="686" Y="491" Z="1" Hue="0" />
    <Tile TileID="2778" X="686" Y="490" Z="1" Hue="0" />
    <Tile TileID="2777" X="691" Y="482" Z="1" Hue="0" />
    <Tile TileID="2777" X="690" Y="482" Z="1" Hue="0" />
    <Tile TileID="2777" X="689" Y="482" Z="1" Hue="0" />
    <Tile TileID="2777" X="688" Y="482" Z="1" Hue="0" />
    <Tile TileID="2777" X="687" Y="482" Z="1" Hue="0" />
    <Tile TileID="2777" X="686" Y="482" Z="1" Hue="0" />
    <Tile TileID="2776" X="692" Y="481" Z="1" Hue="0" />
    <Tile TileID="2775" X="691" Y="480" Z="1" Hue="0" />
    <Tile TileID="2775" X="690" Y="480" Z="1" Hue="0" />
    <Tile TileID="2775" X="689" Y="480" Z="1" Hue="0" />
    <Tile TileID="2775" X="688" Y="480" Z="1" Hue="0" />
    <Tile TileID="2775" X="687" Y="480" Z="1" Hue="0" />
    <Tile TileID="2775" X="686" Y="480" Z="1" Hue="0" />
    <Tile TileID="2774" X="685" Y="481" Z="1" Hue="0" />
    <Tile TileID="2773" X="692" Y="480" Z="1" Hue="0" />
    <Tile TileID="2772" X="685" Y="482" Z="1" Hue="0" />
    <Tile TileID="2771" X="685" Y="480" Z="1" Hue="0" />
    <Tile TileID="2814" X="689" Y="479" Z="3" Hue="0" />
    <Tile TileID="2814" X="688" Y="479" Z="3" Hue="0" />
    <Tile TileID="2814" X="687" Y="479" Z="3" Hue="0" />
    <Tile TileID="2815" X="686" Y="479" Z="3" Hue="0" />
    <Tile TileID="2815" X="686" Y="483" Z="3" Hue="0" />
    <Tile TileID="2817" X="687" Y="483" Z="0" Hue="0" />
    <Tile TileID="2816" X="692" Y="483" Z="0" Hue="0" />
    <Tile TileID="2817" X="691" Y="483" Z="0" Hue="0" />
    <Tile TileID="2817" X="690" Y="483" Z="0" Hue="0" />
    <Tile TileID="2817" X="689" Y="483" Z="0" Hue="0" />
    <Tile TileID="2817" X="688" Y="483" Z="0" Hue="0" />
    <Tile TileID="2818" X="686" Y="483" Z="0" Hue="0" />
    <Tile TileID="2818" X="686" Y="479" Z="0" Hue="0" />
    <Tile TileID="2817" X="691" Y="479" Z="0" Hue="0" />
    <Tile TileID="2817" X="690" Y="479" Z="0" Hue="0" />
    <Tile TileID="2817" X="689" Y="479" Z="0" Hue="0" />
    <Tile TileID="2817" X="688" Y="479" Z="0" Hue="0" />
    <Tile TileID="2817" X="687" Y="479" Z="0" Hue="0" />
    <Tile TileID="2816" X="692" Y="479" Z="0" Hue="0" />
    <Tile TileID="2895" X="691" Y="486" Z="0" Hue="0" />
    <Tile TileID="2895" X="687" Y="486" Z="0" Hue="0" />
    <Tile TileID="6427" X="686" Y="488" Z="0" Hue="0" />
    <Tile TileID="6426" X="692" Y="488" Z="0" Hue="0" />
    <Tile TileID="6426" X="691" Y="488" Z="0" Hue="0" />
    <Tile TileID="6426" X="690" Y="488" Z="0" Hue="0" />
    <Tile TileID="6426" X="689" Y="488" Z="0" Hue="0" />
    <Tile TileID="6426" X="688" Y="488" Z="0" Hue="0" />
    <Tile TileID="6426" X="687" Y="488" Z="0" Hue="0" />
    <Tile TileID="2517" X="671" Y="483" Z="7" Hue="0" />
    <Tile TileID="2517" X="671" Y="485" Z="7" Hue="0" />
    <Tile TileID="2450" X="671" Y="480" Z="11" Hue="0" />
    <Tile TileID="2450" X="671" Y="480" Z="10" Hue="0" />
    <Tile TileID="2450" X="671" Y="480" Z="9" Hue="0" />
    <Tile TileID="2450" X="671" Y="480" Z="8" Hue="0" />
    <Tile TileID="2450" X="671" Y="480" Z="7" Hue="0" />
    <Tile TileID="2533" X="670" Y="479" Z="17" Hue="0" />
    <Tile TileID="2532" X="669" Y="479" Z="17" Hue="0" />
    <Tile TileID="2528" X="667" Y="479" Z="17" Hue="0" />
    <Tile TileID="2519" X="671" Y="479" Z="11" Hue="0" />
    <Tile TileID="2519" X="671" Y="479" Z="10" Hue="0" />
    <Tile TileID="2519" X="671" Y="479" Z="9" Hue="0" />
    <Tile TileID="2519" X="671" Y="479" Z="8" Hue="0" />
    <Tile TileID="2519" X="671" Y="479" Z="7" Hue="0" />
    <Tile TileID="5629" X="666" Y="479" Z="17" Hue="0" />
    <Tile TileID="5629" X="668" Y="479" Z="19" Hue="0" />
    <Tile TileID="5629" X="668" Y="479" Z="7" Hue="0" />
    <Tile TileID="2431" X="670" Y="479" Z="7" Hue="0" />
    <Tile TileID="2451" X="666" Y="491" Z="6" Hue="0" />
    <Tile TileID="2451" X="672" Y="491" Z="6" Hue="0" />
    <Tile TileID="2451" X="669" Y="491" Z="6" Hue="0" />
    <Tile TileID="6274" X="669" Y="479" Z="7" Hue="0" />
    <Tile TileID="6272" X="667" Y="481" Z="1" Hue="0" />
    <Tile TileID="6270" X="667" Y="480" Z="1" Hue="0" />
    <Tile TileID="4153" X="666" Y="484" Z="11" Hue="0" />
    <Tile TileID="4153" X="666" Y="484" Z="9" Hue="0" />
    <Tile TileID="4153" X="666" Y="484" Z="7" Hue="0" />
    <Tile TileID="4153" X="666" Y="483" Z="11" Hue="0" />
    <Tile TileID="4153" X="666" Y="483" Z="9" Hue="0" />
    <Tile TileID="4153" X="666" Y="483" Z="7" Hue="0" />
    <Tile TileID="4163" X="666" Y="482" Z="7" Hue="0" />
    <Tile TileID="2540" X="667" Y="479" Z="7" Hue="0" />
    <Tile TileID="2444" X="666" Y="481" Z="8" Hue="0" />
    <Tile TileID="2444" X="666" Y="481" Z="7" Hue="0" />
    <Tile TileID="4323" X="666" Y="480" Z="8" Hue="0" />
    <Tile TileID="4323" X="666" Y="480" Z="7" Hue="0" />
    <Tile TileID="4159" X="666" Y="479" Z="7" Hue="0" />
    <Tile TileID="2880" X="666" Y="484" Z="1" Hue="0" />
    <Tile TileID="2880" X="666" Y="483" Z="1" Hue="0" />
    <Tile TileID="2880" X="666" Y="482" Z="1" Hue="0" />
    <Tile TileID="2880" X="666" Y="481" Z="1" Hue="0" />
    <Tile TileID="2880" X="666" Y="480" Z="1" Hue="0" />
    <Tile TileID="2880" X="670" Y="479" Z="1" Hue="0" />
    <Tile TileID="2880" X="669" Y="479" Z="1" Hue="0" />
    <Tile TileID="2880" X="668" Y="479" Z="1" Hue="0" />
    <Tile TileID="2880" X="667" Y="479" Z="1" Hue="0" />
    <Tile TileID="2880" X="666" Y="479" Z="1" Hue="0" />
    <Tile TileID="2880" X="665" Y="479" Z="1" Hue="0" />
    <Tile TileID="2861" X="670" Y="479" Z="14" Hue="0" />
    <Tile TileID="2861" X="667" Y="479" Z="14" Hue="0" />
    <Tile TileID="2760" X="665" Y="479" Z="1" Hue="0" />
    <Tile TileID="2602" X="667" Y="487" Z="1" Hue="0" />
    <Tile TileID="2602" X="671" Y="487" Z="1" Hue="0" />
    <Tile TileID="2602" X="672" Y="486" Z="0" Hue="0" />
    <Tile TileID="2602" X="672" Y="485" Z="0" Hue="0" />
    <Tile TileID="2602" X="672" Y="484" Z="1" Hue="0" />
    <Tile TileID="2602" X="672" Y="483" Z="1" Hue="0" />
    <Tile TileID="2602" X="672" Y="482" Z="1" Hue="0" />
    <Tile TileID="2602" X="672" Y="481" Z="1" Hue="0" />
    <Tile TileID="2602" X="672" Y="480" Z="1" Hue="0" />
    <Tile TileID="2602" X="672" Y="479" Z="1" Hue="0" />
    <Tile TileID="2877" X="670" Y="486" Z="1" Hue="0" />
    <Tile TileID="2877" X="669" Y="486" Z="1" Hue="0" />
    <Tile TileID="2877" X="668" Y="486" Z="1" Hue="0" />
    <Tile TileID="2877" X="667" Y="486" Z="1" Hue="0" />
    <Tile TileID="2879" X="666" Y="486" Z="1" Hue="0" />
    <Tile TileID="2879" X="671" Y="486" Z="1" Hue="0" />
    <Tile TileID="2877" X="671" Y="485" Z="1" Hue="0" />
    <Tile TileID="2877" X="671" Y="484" Z="1" Hue="0" />
    <Tile TileID="2877" X="671" Y="483" Z="1" Hue="0" />
    <Tile TileID="2877" X="671" Y="482" Z="1" Hue="0" />
    <Tile TileID="2877" X="671" Y="481" Z="1" Hue="0" />
    <Tile TileID="2877" X="671" Y="480" Z="1" Hue="0" />
    <Tile TileID="2879" X="671" Y="479" Z="1" Hue="0" />
    <Tile TileID="2913" X="673" Y="491" Z="0" Hue="0" />
    <Tile TileID="2913" X="671" Y="491" Z="0" Hue="0" />
    <Tile TileID="2913" X="670" Y="491" Z="0" Hue="0" />
    <Tile TileID="2913" X="668" Y="491" Z="0" Hue="0" />
    <Tile TileID="2913" X="667" Y="491" Z="0" Hue="0" />
    <Tile TileID="2913" X="665" Y="491" Z="0" Hue="0" />
    <Tile TileID="2912" X="673" Y="490" Z="0" Hue="0" />
    <Tile TileID="2912" X="671" Y="490" Z="0" Hue="0" />
    <Tile TileID="2912" X="670" Y="490" Z="0" Hue="0" />
    <Tile TileID="2912" X="668" Y="490" Z="0" Hue="0" />
    <Tile TileID="2912" X="667" Y="490" Z="0" Hue="0" />
    <Tile TileID="2912" X="665" Y="490" Z="0" Hue="0" />
    <Tile TileID="2911" X="670" Y="492" Z="0" Hue="0" />
    <Tile TileID="2911" X="668" Y="492" Z="0" Hue="0" />
    <Tile TileID="2934" X="672" Y="490" Z="0" Hue="0" />
    <Tile TileID="2938" X="669" Y="491" Z="0" Hue="0" />
    <Tile TileID="2768" X="670" Y="487" Z="1" Hue="0" />
    <Tile TileID="2768" X="669" Y="487" Z="1" Hue="0" />
    <Tile TileID="2768" X="668" Y="487" Z="1" Hue="0" />
    <Tile TileID="2768" X="667" Y="487" Z="1" Hue="0" />
    <Tile TileID="2768" X="666" Y="487" Z="1" Hue="0" />
    <Tile TileID="2767" X="672" Y="486" Z="1" Hue="0" />
</Static_Tiles>