﻿<?xml version="1.0" encoding="utf-8"?>
<Static_Tiles>
    <Tile TileID="3307" X="677" Y="497" Z="0" Hue="0" />
    <Tile TileID="3307" X="678" Y="497" Z="0" Hue="0" />
    <Tile TileID="3307" X="679" Y="497" Z="0" Hue="0" />
    <Tile TileID="3307" X="680" Y="497" Z="0" Hue="0" />
    <Tile TileID="3307" X="681" Y="497" Z="0" Hue="0" />
    <Tile TileID="3307" X="682" Y="497" Z="0" Hue="0" />
    <Tile TileID="3307" X="678" Y="497" Z="20" Hue="0" />
    <Tile TileID="3307" X="679" Y="497" Z="20" Hue="0" />
    <Tile TileID="3307" X="680" Y="497" Z="20" Hue="0" />
    <Tile TileID="3307" X="681" Y="497" Z="20" Hue="0" />
    <Tile TileID="3307" X="679" Y="497" Z="40" Hue="0" />
    <Tile TileID="3307" X="680" Y="497" Z="40" Hue="0" />
    <Tile TileID="3307" X="678" Y="497" Z="60" Hue="0" />
    <Tile TileID="3307" X="679" Y="497" Z="60" Hue="0" />
    <Tile TileID="3307" X="680" Y="497" Z="60" Hue="0" />
    <Tile TileID="3307" X="681" Y="497" Z="60" Hue="0" />
    <Tile TileID="3307" X="677" Y="497" Z="40" Hue="0" />
    <Tile TileID="3307" X="678" Y="497" Z="40" Hue="0" />
    <Tile TileID="3307" X="680" Y="497" Z="40" Hue="0" />
    <Tile TileID="3307" X="681" Y="497" Z="40" Hue="0" />
    <Tile TileID="3307" X="683" Y="497" Z="0" Hue="0" />
    <Tile TileID="3307" X="684" Y="497" Z="0" Hue="0" />
    <Tile TileID="3307" X="685" Y="497" Z="0" Hue="0" />
    <Tile TileID="3307" X="686" Y="497" Z="0" Hue="0" />
    <Tile TileID="3307" X="674" Y="497" Z="0" Hue="0" />
    <Tile TileID="3307" X="675" Y="497" Z="0" Hue="0" />
    <Tile TileID="3307" X="676" Y="497" Z="0" Hue="0" />
    <Tile TileID="3307" X="676" Y="497" Z="20" Hue="0" />
    <Tile TileID="3307" X="677" Y="497" Z="20" Hue="0" />
    <Tile TileID="3307" X="681" Y="497" Z="20" Hue="0" />
    <Tile TileID="3307" X="682" Y="497" Z="20" Hue="0" />
    <Tile TileID="3307" X="683" Y="497" Z="20" Hue="0" />
    <Tile TileID="3307" X="682" Y="497" Z="40" Hue="0" />
    <Tile TileID="3308" X="687" Y="497" Z="0" Hue="0" />
    <Tile TileID="3309" X="684" Y="497" Z="20" Hue="0" />
    <Tile TileID="3309" X="683" Y="497" Z="40" Hue="0" />
    <Tile TileID="3309" X="682" Y="497" Z="60" Hue="0" />
    <Tile TileID="3308" X="673" Y="497" Z="0" Hue="0" />
    <Tile TileID="3308" X="675" Y="497" Z="20" Hue="0" />
    <Tile TileID="3310" X="674" Y="497" Z="20" Hue="0" />
    <Tile TileID="3310" X="676" Y="497" Z="40" Hue="0" />
    <Tile TileID="3310" X="677" Y="497" Z="60" Hue="0" />
    <Tile TileID="3310" X="678" Y="497" Z="80" Hue="0" />
    <Tile TileID="3310" X="679" Y="497" Z="80" Hue="0" />
    <Tile TileID="3310" X="680" Y="497" Z="80" Hue="0" />
    <Tile TileID="3309" X="688" Y="497" Z="0" Hue="0" />
</Static_Tiles>