﻿<?xml version="1.0" encoding="utf-8"?>
<Static_Tiles>
    <Tile TileID="9153" X="733" Y="533" Z="35" Hue="0" />
    <Tile TileID="9153" X="732" Y="533" Z="35" Hue="0" />
    <Tile TileID="9153" X="731" Y="533" Z="35" Hue="0" />
    <Tile TileID="9153" X="730" Y="533" Z="35" Hue="0" />
    <Tile TileID="9153" X="729" Y="533" Z="35" Hue="0" />
    <Tile TileID="9153" X="728" Y="533" Z="35" Hue="0" />
    <Tile TileID="9153" X="727" Y="533" Z="35" Hue="0" />
    <Tile TileID="9153" X="726" Y="533" Z="35" Hue="0" />
    <Tile TileID="9153" X="725" Y="533" Z="35" Hue="0" />
    <Tile TileID="9153" X="724" Y="533" Z="35" Hue="0" />
    <Tile TileID="9153" X="723" Y="533" Z="35" Hue="0" />
    <Tile TileID="9153" X="722" Y="533" Z="35" Hue="0" />
    <Tile TileID="9153" X="721" Y="533" Z="35" Hue="0" />
    <Tile TileID="9153" X="720" Y="533" Z="35" Hue="0" />
    <Tile TileID="9153" X="719" Y="533" Z="35" Hue="0" />
    <Tile TileID="9153" X="718" Y="533" Z="35" Hue="0" />
    <Tile TileID="9153" X="717" Y="533" Z="35" Hue="0" />
    <Tile TileID="9153" X="716" Y="533" Z="35" Hue="0" />
    <Tile TileID="9153" X="715" Y="533" Z="35" Hue="0" />
    <Tile TileID="9153" X="714" Y="533" Z="35" Hue="0" />
    <Tile TileID="9153" X="713" Y="533" Z="35" Hue="0" />
    <Tile TileID="9153" X="712" Y="533" Z="35" Hue="0" />
    <Tile TileID="9153" X="711" Y="533" Z="35" Hue="0" />
    <Tile TileID="9153" X="710" Y="533" Z="35" Hue="0" />
    <Tile TileID="9153" X="709" Y="533" Z="35" Hue="0" />
    <Tile TileID="9153" X="708" Y="533" Z="35" Hue="0" />
    <Tile TileID="9153" X="707" Y="533" Z="35" Hue="0" />
    <Tile TileID="9153" X="706" Y="533" Z="35" Hue="0" />
    <Tile TileID="9153" X="705" Y="533" Z="35" Hue="0" />
    <Tile TileID="9153" X="704" Y="533" Z="35" Hue="0" />
    <Tile TileID="9153" X="703" Y="533" Z="35" Hue="0" />
    <Tile TileID="9153" X="737" Y="532" Z="38" Hue="0" />
    <Tile TileID="9153" X="736" Y="532" Z="38" Hue="0" />
    <Tile TileID="9153" X="735" Y="532" Z="38" Hue="0" />
    <Tile TileID="9153" X="734" Y="532" Z="38" Hue="0" />
    <Tile TileID="9153" X="733" Y="532" Z="38" Hue="0" />
    <Tile TileID="9153" X="732" Y="532" Z="38" Hue="0" />
    <Tile TileID="9153" X="731" Y="532" Z="38" Hue="0" />
    <Tile TileID="9153" X="730" Y="532" Z="38" Hue="0" />
    <Tile TileID="9153" X="729" Y="532" Z="38" Hue="0" />
    <Tile TileID="9153" X="728" Y="532" Z="38" Hue="0" />
    <Tile TileID="9153" X="727" Y="532" Z="38" Hue="0" />
    <Tile TileID="9153" X="726" Y="532" Z="38" Hue="0" />
    <Tile TileID="9153" X="725" Y="532" Z="38" Hue="0" />
    <Tile TileID="9153" X="724" Y="532" Z="38" Hue="0" />
    <Tile TileID="9153" X="723" Y="532" Z="38" Hue="0" />
    <Tile TileID="9153" X="722" Y="532" Z="38" Hue="0" />
    <Tile TileID="9153" X="721" Y="532" Z="38" Hue="0" />
    <Tile TileID="9153" X="720" Y="532" Z="38" Hue="0" />
    <Tile TileID="9153" X="719" Y="532" Z="38" Hue="0" />
    <Tile TileID="9153" X="718" Y="532" Z="38" Hue="0" />
    <Tile TileID="9153" X="717" Y="532" Z="38" Hue="0" />
    <Tile TileID="9153" X="716" Y="532" Z="38" Hue="0" />
    <Tile TileID="9153" X="714" Y="532" Z="38" Hue="0" />
    <Tile TileID="9153" X="713" Y="532" Z="38" Hue="0" />
    <Tile TileID="9153" X="712" Y="532" Z="38" Hue="0" />
    <Tile TileID="9153" X="711" Y="532" Z="38" Hue="0" />
    <Tile TileID="9153" X="710" Y="532" Z="38" Hue="0" />
    <Tile TileID="9153" X="709" Y="532" Z="38" Hue="0" />
    <Tile TileID="9153" X="708" Y="532" Z="38" Hue="0" />
    <Tile TileID="9153" X="707" Y="532" Z="38" Hue="0" />
    <Tile TileID="9153" X="706" Y="532" Z="38" Hue="0" />
    <Tile TileID="9153" X="705" Y="532" Z="38" Hue="0" />
    <Tile TileID="9153" X="704" Y="532" Z="38" Hue="0" />
    <Tile TileID="9153" X="703" Y="532" Z="38" Hue="0" />
    <Tile TileID="9169" X="737" Y="531" Z="41" Hue="0" />
    <Tile TileID="9169" X="736" Y="531" Z="41" Hue="0" />
    <Tile TileID="9169" X="735" Y="531" Z="41" Hue="0" />
    <Tile TileID="9169" X="734" Y="531" Z="41" Hue="0" />
    <Tile TileID="9169" X="733" Y="531" Z="41" Hue="0" />
    <Tile TileID="9169" X="732" Y="531" Z="41" Hue="0" />
    <Tile TileID="9169" X="731" Y="531" Z="41" Hue="0" />
    <Tile TileID="9169" X="730" Y="531" Z="41" Hue="0" />
    <Tile TileID="9169" X="729" Y="531" Z="41" Hue="0" />
    <Tile TileID="9169" X="728" Y="531" Z="41" Hue="0" />
    <Tile TileID="9169" X="727" Y="531" Z="41" Hue="0" />
    <Tile TileID="9169" X="726" Y="531" Z="41" Hue="0" />
    <Tile TileID="9169" X="725" Y="531" Z="41" Hue="0" />
    <Tile TileID="9169" X="724" Y="531" Z="41" Hue="0" />
    <Tile TileID="9169" X="723" Y="531" Z="41" Hue="0" />
    <Tile TileID="9169" X="722" Y="531" Z="41" Hue="0" />
    <Tile TileID="9169" X="721" Y="531" Z="41" Hue="0" />
    <Tile TileID="9169" X="720" Y="531" Z="41" Hue="0" />
    <Tile TileID="9169" X="719" Y="531" Z="41" Hue="0" />
    <Tile TileID="9169" X="718" Y="531" Z="41" Hue="0" />
    <Tile TileID="9169" X="717" Y="531" Z="41" Hue="0" />
    <Tile TileID="9169" X="715" Y="531" Z="41" Hue="0" />
    <Tile TileID="9169" X="714" Y="531" Z="41" Hue="0" />
    <Tile TileID="9169" X="713" Y="531" Z="41" Hue="0" />
    <Tile TileID="9169" X="712" Y="531" Z="41" Hue="0" />
    <Tile TileID="9169" X="711" Y="531" Z="41" Hue="0" />
    <Tile TileID="9169" X="710" Y="531" Z="41" Hue="0" />
    <Tile TileID="9169" X="709" Y="531" Z="41" Hue="0" />
    <Tile TileID="9169" X="707" Y="531" Z="41" Hue="0" />
    <Tile TileID="9169" X="706" Y="531" Z="41" Hue="0" />
    <Tile TileID="9169" X="705" Y="531" Z="41" Hue="0" />
    <Tile TileID="9169" X="704" Y="531" Z="41" Hue="0" />
    <Tile TileID="9169" X="703" Y="531" Z="41" Hue="0" />
    <Tile TileID="9159" X="737" Y="530" Z="38" Hue="0" />
    <Tile TileID="9159" X="736" Y="530" Z="38" Hue="0" />
    <Tile TileID="9159" X="735" Y="530" Z="38" Hue="0" />
    <Tile TileID="9159" X="734" Y="530" Z="38" Hue="0" />
    <Tile TileID="9159" X="733" Y="530" Z="38" Hue="0" />
    <Tile TileID="9159" X="732" Y="530" Z="38" Hue="0" />
    <Tile TileID="9159" X="731" Y="530" Z="38" Hue="0" />
    <Tile TileID="9159" X="730" Y="530" Z="38" Hue="0" />
    <Tile TileID="9159" X="729" Y="530" Z="38" Hue="0" />
    <Tile TileID="9159" X="728" Y="530" Z="38" Hue="0" />
    <Tile TileID="9159" X="732" Y="529" Z="35" Hue="0" />
    <Tile TileID="9159" X="726" Y="529" Z="35" Hue="0" />
    <Tile TileID="9159" X="725" Y="529" Z="35" Hue="0" />
    <Tile TileID="9159" X="723" Y="529" Z="35" Hue="0" />
    <Tile TileID="9159" X="722" Y="529" Z="35" Hue="0" />
    <Tile TileID="9159" X="721" Y="529" Z="35" Hue="0" />
    <Tile TileID="9159" X="731" Y="528" Z="32" Hue="0" />
    <Tile TileID="9159" X="730" Y="528" Z="32" Hue="0" />
    <Tile TileID="9159" X="729" Y="528" Z="32" Hue="0" />
    <Tile TileID="9159" X="728" Y="528" Z="32" Hue="0" />
    <Tile TileID="9159" X="723" Y="528" Z="32" Hue="0" />
    <Tile TileID="9159" X="722" Y="528" Z="32" Hue="0" />
    <Tile TileID="9159" X="721" Y="528" Z="32" Hue="0" />
    <Tile TileID="9159" X="720" Y="528" Z="32" Hue="0" />
    <Tile TileID="9159" X="719" Y="528" Z="32" Hue="0" />
    <Tile TileID="9159" X="718" Y="528" Z="32" Hue="0" />
    <Tile TileID="9159" X="717" Y="528" Z="32" Hue="0" />
    <Tile TileID="9159" X="716" Y="528" Z="32" Hue="0" />
    <Tile TileID="9159" X="715" Y="528" Z="32" Hue="0" />
    <Tile TileID="9159" X="714" Y="528" Z="32" Hue="0" />
    <Tile TileID="9159" X="713" Y="528" Z="32" Hue="0" />
    <Tile TileID="9159" X="712" Y="528" Z="32" Hue="0" />
    <Tile TileID="9159" X="711" Y="528" Z="32" Hue="0" />
    <Tile TileID="9159" X="710" Y="528" Z="32" Hue="0" />
    <Tile TileID="9159" X="709" Y="528" Z="32" Hue="0" />
    <Tile TileID="9159" X="708" Y="528" Z="32" Hue="0" />
    <Tile TileID="9159" X="729" Y="525" Z="23" Hue="0" />
    <Tile TileID="9159" X="728" Y="525" Z="23" Hue="0" />
    <Tile TileID="9159" X="727" Y="525" Z="23" Hue="0" />
    <Tile TileID="9159" X="726" Y="525" Z="23" Hue="0" />
    <Tile TileID="9159" X="725" Y="525" Z="23" Hue="0" />
    <Tile TileID="9159" X="724" Y="525" Z="23" Hue="0" />
    <Tile TileID="9159" X="723" Y="525" Z="23" Hue="0" />
    <Tile TileID="9159" X="722" Y="525" Z="23" Hue="0" />
    <Tile TileID="9159" X="721" Y="525" Z="23" Hue="0" />
    <Tile TileID="9159" X="720" Y="525" Z="23" Hue="0" />
    <Tile TileID="9159" X="719" Y="525" Z="23" Hue="0" />
    <Tile TileID="9159" X="718" Y="525" Z="23" Hue="0" />
    <Tile TileID="9159" X="717" Y="525" Z="23" Hue="0" />
    <Tile TileID="9159" X="716" Y="525" Z="23" Hue="0" />
    <Tile TileID="9159" X="715" Y="525" Z="23" Hue="0" />
    <Tile TileID="9159" X="714" Y="525" Z="23" Hue="0" />
    <Tile TileID="9159" X="713" Y="525" Z="23" Hue="0" />
    <Tile TileID="9159" X="712" Y="525" Z="23" Hue="0" />
    <Tile TileID="9159" X="711" Y="525" Z="23" Hue="0" />
    <Tile TileID="9159" X="710" Y="525" Z="23" Hue="0" />
    <Tile TileID="9159" X="709" Y="525" Z="23" Hue="0" />
    <Tile TileID="9159" X="708" Y="525" Z="23" Hue="0" />
    <Tile TileID="9159" X="707" Y="525" Z="23" Hue="0" />
    <Tile TileID="9159" X="706" Y="525" Z="23" Hue="0" />
    <Tile TileID="9159" X="705" Y="525" Z="23" Hue="0" />
    <Tile TileID="9159" X="704" Y="525" Z="23" Hue="0" />
    <Tile TileID="9159" X="703" Y="525" Z="23" Hue="0" />
    <Tile TileID="9160" X="731" Y="524" Z="20" Hue="0" />
    <Tile TileID="9160" X="730" Y="524" Z="20" Hue="0" />
    <Tile TileID="9160" X="729" Y="524" Z="20" Hue="0" />
    <Tile TileID="9160" X="728" Y="524" Z="20" Hue="0" />
    <Tile TileID="9160" X="727" Y="524" Z="20" Hue="0" />
    <Tile TileID="9160" X="726" Y="524" Z="20" Hue="0" />
    <Tile TileID="9160" X="725" Y="524" Z="20" Hue="0" />
    <Tile TileID="9160" X="724" Y="524" Z="20" Hue="0" />
    <Tile TileID="9160" X="723" Y="524" Z="20" Hue="0" />
    <Tile TileID="9160" X="722" Y="524" Z="20" Hue="0" />
    <Tile TileID="9160" X="721" Y="524" Z="20" Hue="0" />
    <Tile TileID="9160" X="720" Y="524" Z="20" Hue="0" />
    <Tile TileID="9160" X="719" Y="524" Z="20" Hue="0" />
    <Tile TileID="9160" X="718" Y="524" Z="20" Hue="0" />
    <Tile TileID="9160" X="717" Y="524" Z="20" Hue="0" />
    <Tile TileID="9160" X="716" Y="524" Z="20" Hue="0" />
    <Tile TileID="9160" X="715" Y="524" Z="20" Hue="0" />
    <Tile TileID="9160" X="714" Y="524" Z="20" Hue="0" />
    <Tile TileID="9160" X="713" Y="524" Z="20" Hue="0" />
    <Tile TileID="9160" X="712" Y="524" Z="20" Hue="0" />
    <Tile TileID="9160" X="711" Y="524" Z="20" Hue="0" />
    <Tile TileID="9160" X="710" Y="524" Z="20" Hue="0" />
    <Tile TileID="9160" X="709" Y="524" Z="20" Hue="0" />
    <Tile TileID="9160" X="708" Y="524" Z="20" Hue="0" />
    <Tile TileID="9160" X="707" Y="524" Z="20" Hue="0" />
    <Tile TileID="9160" X="706" Y="524" Z="20" Hue="0" />
    <Tile TileID="9160" X="705" Y="524" Z="20" Hue="0" />
    <Tile TileID="9160" X="704" Y="524" Z="20" Hue="0" />
    <Tile TileID="9160" X="703" Y="524" Z="20" Hue="0" />
    <Tile TileID="9154" X="719" Y="538" Z="20" Hue="0" />
    <Tile TileID="9154" X="718" Y="538" Z="20" Hue="0" />
    <Tile TileID="9154" X="717" Y="538" Z="20" Hue="0" />
    <Tile TileID="9154" X="716" Y="538" Z="20" Hue="0" />
    <Tile TileID="9154" X="715" Y="538" Z="20" Hue="0" />
    <Tile TileID="9154" X="714" Y="538" Z="20" Hue="0" />
    <Tile TileID="9154" X="713" Y="538" Z="20" Hue="0" />
    <Tile TileID="9154" X="712" Y="538" Z="20" Hue="0" />
    <Tile TileID="9159" X="706" Y="527" Z="29" Hue="0" />
    <Tile TileID="3211" X="738" Y="532" Z="0" Hue="0" />
    <Tile TileID="3210" X="738" Y="531" Z="0" Hue="0" />
    <Tile TileID="3214" X="738" Y="530" Z="0" Hue="0" />
    <Tile TileID="3207" X="738" Y="529" Z="0" Hue="0" />
    <Tile TileID="3210" X="738" Y="528" Z="0" Hue="0" />
    <Tile TileID="3208" X="737" Y="535" Z="0" Hue="0" />
    <Tile TileID="3211" X="737" Y="534" Z="0" Hue="0" />
    <Tile TileID="3213" X="737" Y="533" Z="0" Hue="0" />
    <Tile TileID="3213" X="737" Y="532" Z="0" Hue="0" />
    <Tile TileID="3213" X="737" Y="531" Z="0" Hue="0" />
    <Tile TileID="3211" X="737" Y="530" Z="0" Hue="0" />
    <Tile TileID="3212" X="737" Y="529" Z="0" Hue="0" />
    <Tile TileID="3207" X="737" Y="528" Z="0" Hue="0" />
    <Tile TileID="3211" X="736" Y="535" Z="0" Hue="0" />
    <Tile TileID="9153" X="733" Y="535" Z="29" Hue="0" />
    <Tile TileID="9153" X="732" Y="535" Z="29" Hue="0" />
    <Tile TileID="9153" X="731" Y="535" Z="29" Hue="0" />
    <Tile TileID="9153" X="730" Y="535" Z="29" Hue="0" />
    <Tile TileID="9153" X="729" Y="535" Z="29" Hue="0" />
    <Tile TileID="9153" X="728" Y="535" Z="29" Hue="0" />
    <Tile TileID="9153" X="727" Y="535" Z="29" Hue="0" />
    <Tile TileID="9153" X="726" Y="535" Z="29" Hue="0" />
    <Tile TileID="9153" X="725" Y="535" Z="29" Hue="0" />
    <Tile TileID="9153" X="724" Y="535" Z="29" Hue="0" />
    <Tile TileID="9153" X="723" Y="535" Z="29" Hue="0" />
    <Tile TileID="9153" X="722" Y="535" Z="29" Hue="0" />
    <Tile TileID="9153" X="721" Y="535" Z="29" Hue="0" />
    <Tile TileID="9153" X="720" Y="535" Z="29" Hue="0" />
    <Tile TileID="9153" X="719" Y="535" Z="29" Hue="0" />
    <Tile TileID="9153" X="718" Y="535" Z="29" Hue="0" />
    <Tile TileID="9153" X="717" Y="535" Z="29" Hue="0" />
    <Tile TileID="9153" X="716" Y="535" Z="29" Hue="0" />
    <Tile TileID="9153" X="715" Y="535" Z="29" Hue="0" />
    <Tile TileID="9153" X="714" Y="535" Z="29" Hue="0" />
    <Tile TileID="9153" X="736" Y="534" Z="32" Hue="0" />
    <Tile TileID="9153" X="723" Y="534" Z="32" Hue="0" />
    <Tile TileID="9153" X="716" Y="534" Z="32" Hue="0" />
    <Tile TileID="9153" X="715" Y="534" Z="32" Hue="0" />
    <Tile TileID="9153" X="714" Y="534" Z="32" Hue="0" />
    <Tile TileID="9153" X="713" Y="534" Z="32" Hue="0" />
    <Tile TileID="9153" X="712" Y="534" Z="32" Hue="0" />
    <Tile TileID="9153" X="711" Y="534" Z="32" Hue="0" />
    <Tile TileID="9153" X="710" Y="534" Z="32" Hue="0" />
    <Tile TileID="9153" X="709" Y="534" Z="32" Hue="0" />
    <Tile TileID="9153" X="708" Y="534" Z="32" Hue="0" />
    <Tile TileID="9153" X="707" Y="534" Z="32" Hue="0" />
    <Tile TileID="9153" X="706" Y="534" Z="32" Hue="0" />
    <Tile TileID="9153" X="705" Y="534" Z="32" Hue="0" />
    <Tile TileID="9153" X="704" Y="534" Z="32" Hue="0" />
    <Tile TileID="9153" X="703" Y="534" Z="32" Hue="0" />
    <Tile TileID="9153" X="737" Y="533" Z="35" Hue="0" />
    <Tile TileID="9153" X="736" Y="533" Z="35" Hue="0" />
    <Tile TileID="9153" X="735" Y="533" Z="35" Hue="0" />
    <Tile TileID="9153" X="734" Y="533" Z="35" Hue="0" />
    <Tile TileID="9153" X="715" Y="532" Z="38" Hue="0" />
    <Tile TileID="9169" X="716" Y="531" Z="41" Hue="0" />
    <Tile TileID="9169" X="708" Y="531" Z="41" Hue="0" />
    <Tile TileID="9159" X="727" Y="530" Z="38" Hue="0" />
    <Tile TileID="9159" X="726" Y="530" Z="38" Hue="0" />
    <Tile TileID="9159" X="725" Y="530" Z="38" Hue="0" />
    <Tile TileID="9159" X="724" Y="530" Z="38" Hue="0" />
    <Tile TileID="9159" X="723" Y="530" Z="38" Hue="0" />
    <Tile TileID="9159" X="722" Y="530" Z="38" Hue="0" />
    <Tile TileID="9159" X="721" Y="530" Z="38" Hue="0" />
    <Tile TileID="9159" X="720" Y="530" Z="38" Hue="0" />
    <Tile TileID="9159" X="719" Y="530" Z="38" Hue="0" />
    <Tile TileID="9159" X="718" Y="530" Z="38" Hue="0" />
    <Tile TileID="9159" X="717" Y="530" Z="38" Hue="0" />
    <Tile TileID="9159" X="716" Y="530" Z="38" Hue="0" />
    <Tile TileID="9159" X="715" Y="530" Z="38" Hue="0" />
    <Tile TileID="9159" X="714" Y="530" Z="38" Hue="0" />
    <Tile TileID="9159" X="713" Y="530" Z="38" Hue="0" />
    <Tile TileID="9159" X="712" Y="530" Z="38" Hue="0" />
    <Tile TileID="9159" X="711" Y="530" Z="38" Hue="0" />
    <Tile TileID="9159" X="710" Y="530" Z="38" Hue="0" />
    <Tile TileID="9159" X="709" Y="530" Z="38" Hue="0" />
    <Tile TileID="9159" X="708" Y="530" Z="38" Hue="0" />
    <Tile TileID="9159" X="707" Y="530" Z="38" Hue="0" />
    <Tile TileID="9159" X="706" Y="530" Z="38" Hue="0" />
    <Tile TileID="9159" X="705" Y="530" Z="38" Hue="0" />
    <Tile TileID="9159" X="704" Y="530" Z="38" Hue="0" />
    <Tile TileID="9159" X="703" Y="530" Z="38" Hue="0" />
    <Tile TileID="9159" X="737" Y="529" Z="35" Hue="0" />
    <Tile TileID="9159" X="736" Y="529" Z="35" Hue="0" />
    <Tile TileID="9159" X="735" Y="529" Z="35" Hue="0" />
    <Tile TileID="9159" X="734" Y="529" Z="35" Hue="0" />
    <Tile TileID="9159" X="733" Y="529" Z="35" Hue="0" />
    <Tile TileID="9159" X="731" Y="529" Z="35" Hue="0" />
    <Tile TileID="9159" X="730" Y="529" Z="35" Hue="0" />
    <Tile TileID="9159" X="729" Y="529" Z="35" Hue="0" />
    <Tile TileID="9159" X="728" Y="529" Z="35" Hue="0" />
    <Tile TileID="9159" X="727" Y="529" Z="35" Hue="0" />
    <Tile TileID="9159" X="724" Y="529" Z="35" Hue="0" />
    <Tile TileID="9159" X="720" Y="529" Z="35" Hue="0" />
    <Tile TileID="9159" X="719" Y="529" Z="35" Hue="0" />
    <Tile TileID="9159" X="718" Y="529" Z="35" Hue="0" />
    <Tile TileID="9159" X="717" Y="529" Z="35" Hue="0" />
    <Tile TileID="9159" X="716" Y="529" Z="35" Hue="0" />
    <Tile TileID="9159" X="715" Y="529" Z="35" Hue="0" />
    <Tile TileID="9159" X="714" Y="529" Z="35" Hue="0" />
    <Tile TileID="9159" X="713" Y="529" Z="35" Hue="0" />
    <Tile TileID="9159" X="712" Y="529" Z="35" Hue="0" />
    <Tile TileID="9159" X="711" Y="529" Z="35" Hue="0" />
    <Tile TileID="9159" X="710" Y="529" Z="35" Hue="0" />
    <Tile TileID="9159" X="709" Y="529" Z="35" Hue="0" />
    <Tile TileID="9159" X="708" Y="529" Z="35" Hue="0" />
    <Tile TileID="9159" X="707" Y="529" Z="35" Hue="0" />
    <Tile TileID="9159" X="706" Y="529" Z="35" Hue="0" />
    <Tile TileID="9159" X="705" Y="529" Z="35" Hue="0" />
    <Tile TileID="9159" X="704" Y="529" Z="35" Hue="0" />
    <Tile TileID="9159" X="703" Y="529" Z="35" Hue="0" />
    <Tile TileID="9159" X="737" Y="528" Z="32" Hue="0" />
    <Tile TileID="9159" X="736" Y="528" Z="32" Hue="0" />
    <Tile TileID="9159" X="735" Y="528" Z="32" Hue="0" />
    <Tile TileID="9159" X="734" Y="528" Z="32" Hue="0" />
    <Tile TileID="9159" X="733" Y="528" Z="32" Hue="0" />
    <Tile TileID="9159" X="732" Y="528" Z="32" Hue="0" />
    <Tile TileID="9159" X="727" Y="528" Z="32" Hue="0" />
    <Tile TileID="9159" X="726" Y="528" Z="32" Hue="0" />
    <Tile TileID="9159" X="725" Y="528" Z="32" Hue="0" />
    <Tile TileID="9159" X="724" Y="528" Z="32" Hue="0" />
    <Tile TileID="9159" X="707" Y="528" Z="32" Hue="0" />
    <Tile TileID="9159" X="706" Y="528" Z="32" Hue="0" />
    <Tile TileID="9159" X="705" Y="528" Z="32" Hue="0" />
    <Tile TileID="9159" X="704" Y="528" Z="32" Hue="0" />
    <Tile TileID="9159" X="703" Y="528" Z="32" Hue="0" />
    <Tile TileID="9159" X="737" Y="527" Z="29" Hue="0" />
    <Tile TileID="9159" X="736" Y="527" Z="29" Hue="0" />
    <Tile TileID="9159" X="735" Y="527" Z="29" Hue="0" />
    <Tile TileID="9159" X="734" Y="527" Z="29" Hue="0" />
    <Tile TileID="9159" X="733" Y="527" Z="29" Hue="0" />
    <Tile TileID="9159" X="732" Y="527" Z="29" Hue="0" />
    <Tile TileID="9159" X="731" Y="527" Z="29" Hue="0" />
    <Tile TileID="9159" X="730" Y="527" Z="29" Hue="0" />
    <Tile TileID="9159" X="729" Y="527" Z="29" Hue="0" />
    <Tile TileID="9159" X="728" Y="527" Z="29" Hue="0" />
    <Tile TileID="9159" X="727" Y="527" Z="29" Hue="0" />
    <Tile TileID="9159" X="726" Y="527" Z="29" Hue="0" />
    <Tile TileID="9159" X="725" Y="527" Z="29" Hue="0" />
    <Tile TileID="9159" X="724" Y="527" Z="29" Hue="0" />
    <Tile TileID="9159" X="723" Y="527" Z="29" Hue="0" />
    <Tile TileID="9159" X="722" Y="527" Z="29" Hue="0" />
    <Tile TileID="9159" X="721" Y="527" Z="29" Hue="0" />
    <Tile TileID="9159" X="720" Y="527" Z="29" Hue="0" />
    <Tile TileID="9159" X="719" Y="527" Z="29" Hue="0" />
    <Tile TileID="9159" X="718" Y="527" Z="29" Hue="0" />
    <Tile TileID="9159" X="717" Y="527" Z="29" Hue="0" />
    <Tile TileID="9159" X="716" Y="527" Z="29" Hue="0" />
    <Tile TileID="9159" X="715" Y="527" Z="29" Hue="0" />
    <Tile TileID="9159" X="714" Y="527" Z="29" Hue="0" />
    <Tile TileID="9159" X="713" Y="527" Z="29" Hue="0" />
    <Tile TileID="9159" X="712" Y="527" Z="29" Hue="0" />
    <Tile TileID="9159" X="711" Y="527" Z="29" Hue="0" />
    <Tile TileID="9159" X="710" Y="527" Z="29" Hue="0" />
    <Tile TileID="9159" X="709" Y="527" Z="29" Hue="0" />
    <Tile TileID="9159" X="708" Y="527" Z="29" Hue="0" />
    <Tile TileID="9159" X="707" Y="527" Z="29" Hue="0" />
    <Tile TileID="9159" X="705" Y="527" Z="29" Hue="0" />
    <Tile TileID="9159" X="704" Y="527" Z="29" Hue="0" />
    <Tile TileID="9159" X="703" Y="527" Z="29" Hue="0" />
    <Tile TileID="9159" X="737" Y="526" Z="26" Hue="0" />
    <Tile TileID="9159" X="736" Y="526" Z="26" Hue="0" />
    <Tile TileID="9159" X="735" Y="526" Z="26" Hue="0" />
    <Tile TileID="9159" X="734" Y="526" Z="26" Hue="0" />
    <Tile TileID="9159" X="733" Y="526" Z="26" Hue="0" />
    <Tile TileID="9159" X="732" Y="526" Z="26" Hue="0" />
    <Tile TileID="9159" X="731" Y="526" Z="26" Hue="0" />
    <Tile TileID="9159" X="730" Y="526" Z="26" Hue="0" />
    <Tile TileID="9159" X="729" Y="526" Z="26" Hue="0" />
    <Tile TileID="9159" X="728" Y="526" Z="26" Hue="0" />
    <Tile TileID="9159" X="727" Y="526" Z="26" Hue="0" />
    <Tile TileID="9159" X="726" Y="526" Z="26" Hue="0" />
    <Tile TileID="9159" X="725" Y="526" Z="26" Hue="0" />
    <Tile TileID="9159" X="724" Y="526" Z="26" Hue="0" />
    <Tile TileID="9159" X="723" Y="526" Z="26" Hue="0" />
    <Tile TileID="9159" X="722" Y="526" Z="26" Hue="0" />
    <Tile TileID="9159" X="721" Y="526" Z="26" Hue="0" />
    <Tile TileID="9159" X="720" Y="526" Z="26" Hue="0" />
    <Tile TileID="9159" X="719" Y="526" Z="26" Hue="0" />
    <Tile TileID="9159" X="718" Y="526" Z="26" Hue="0" />
    <Tile TileID="9159" X="717" Y="526" Z="26" Hue="0" />
    <Tile TileID="9159" X="716" Y="526" Z="26" Hue="0" />
    <Tile TileID="9159" X="715" Y="526" Z="26" Hue="0" />
    <Tile TileID="9159" X="714" Y="526" Z="26" Hue="0" />
    <Tile TileID="9159" X="713" Y="526" Z="26" Hue="0" />
    <Tile TileID="9159" X="712" Y="526" Z="26" Hue="0" />
    <Tile TileID="9159" X="711" Y="526" Z="26" Hue="0" />
    <Tile TileID="9159" X="710" Y="526" Z="26" Hue="0" />
    <Tile TileID="9159" X="709" Y="526" Z="26" Hue="0" />
    <Tile TileID="9159" X="708" Y="526" Z="26" Hue="0" />
    <Tile TileID="9159" X="707" Y="526" Z="26" Hue="0" />
    <Tile TileID="9159" X="706" Y="526" Z="26" Hue="0" />
    <Tile TileID="9159" X="705" Y="526" Z="26" Hue="0" />
    <Tile TileID="9159" X="704" Y="526" Z="26" Hue="0" />
    <Tile TileID="9159" X="703" Y="526" Z="26" Hue="0" />
    <Tile TileID="9159" X="737" Y="525" Z="23" Hue="0" />
    <Tile TileID="9159" X="736" Y="525" Z="23" Hue="0" />
    <Tile TileID="9159" X="735" Y="525" Z="23" Hue="0" />
    <Tile TileID="9159" X="734" Y="525" Z="23" Hue="0" />
    <Tile TileID="9159" X="733" Y="525" Z="23" Hue="0" />
    <Tile TileID="9159" X="732" Y="525" Z="23" Hue="0" />
    <Tile TileID="9159" X="731" Y="525" Z="23" Hue="0" />
    <Tile TileID="9159" X="730" Y="525" Z="23" Hue="0" />
    <Tile TileID="9160" X="737" Y="524" Z="20" Hue="0" />
    <Tile TileID="9160" X="736" Y="524" Z="20" Hue="0" />
    <Tile TileID="9160" X="735" Y="524" Z="20" Hue="0" />
    <Tile TileID="9160" X="734" Y="524" Z="20" Hue="0" />
    <Tile TileID="9160" X="733" Y="524" Z="20" Hue="0" />
    <Tile TileID="9160" X="732" Y="524" Z="20" Hue="0" />
    <Tile TileID="3210" X="742" Y="531" Z="0" Hue="0" />
    <Tile TileID="3212" X="742" Y="530" Z="0" Hue="0" />
    <Tile TileID="3209" X="742" Y="529" Z="0" Hue="0" />
    <Tile TileID="3212" X="742" Y="528" Z="0" Hue="0" />
    <Tile TileID="3210" X="741" Y="534" Z="0" Hue="0" />
    <Tile TileID="3214" X="741" Y="533" Z="0" Hue="0" />
    <Tile TileID="3208" X="741" Y="532" Z="0" Hue="0" />
    <Tile TileID="3208" X="741" Y="531" Z="0" Hue="0" />
    <Tile TileID="3208" X="741" Y="530" Z="0" Hue="0" />
    <Tile TileID="3212" X="741" Y="529" Z="0" Hue="0" />
    <Tile TileID="3211" X="741" Y="528" Z="0" Hue="0" />
    <Tile TileID="3212" X="740" Y="534" Z="0" Hue="0" />
    <Tile TileID="3207" X="740" Y="533" Z="0" Hue="0" />
    <Tile TileID="3209" X="740" Y="532" Z="0" Hue="0" />
    <Tile TileID="3207" X="740" Y="531" Z="0" Hue="0" />
    <Tile TileID="3207" X="740" Y="530" Z="0" Hue="0" />
    <Tile TileID="3212" X="740" Y="529" Z="0" Hue="0" />
    <Tile TileID="3212" X="740" Y="528" Z="0" Hue="0" />
    <Tile TileID="3212" X="739" Y="534" Z="0" Hue="0" />
    <Tile TileID="3211" X="739" Y="533" Z="0" Hue="0" />
    <Tile TileID="3211" X="739" Y="532" Z="0" Hue="0" />
    <Tile TileID="3209" X="739" Y="531" Z="0" Hue="0" />
    <Tile TileID="3211" X="739" Y="530" Z="0" Hue="0" />
    <Tile TileID="3208" X="739" Y="529" Z="0" Hue="0" />
    <Tile TileID="3213" X="739" Y="528" Z="0" Hue="0" />
    <Tile TileID="3210" X="738" Y="535" Z="0" Hue="0" />
    <Tile TileID="3207" X="738" Y="534" Z="0" Hue="0" />
    <Tile TileID="3213" X="738" Y="533" Z="0" Hue="0" />
    <Tile TileID="3212" X="736" Y="534" Z="0" Hue="0" />
    <Tile TileID="3207" X="736" Y="533" Z="0" Hue="0" />
    <Tile TileID="3214" X="736" Y="532" Z="0" Hue="0" />
    <Tile TileID="3212" X="736" Y="531" Z="0" Hue="0" />
    <Tile TileID="3211" X="736" Y="530" Z="0" Hue="0" />
    <Tile TileID="3211" X="736" Y="529" Z="0" Hue="0" />
    <Tile TileID="3211" X="736" Y="528" Z="0" Hue="0" />
    <Tile TileID="3218" X="742" Y="527" Z="0" Hue="0" />
    <Tile TileID="3215" X="741" Y="527" Z="0" Hue="0" />
    <Tile TileID="3215" X="740" Y="527" Z="0" Hue="0" />
    <Tile TileID="3216" X="739" Y="527" Z="0" Hue="0" />
    <Tile TileID="3216" X="738" Y="527" Z="0" Hue="0" />
    <Tile TileID="3217" X="737" Y="527" Z="0" Hue="0" />
    <Tile TileID="3215" X="736" Y="527" Z="0" Hue="0" />
    <Tile TileID="11503" X="736" Y="532" Z="30" Hue="0" />
    <Tile TileID="11503" X="736" Y="531" Z="30" Hue="0" />
    <Tile TileID="11503" X="736" Y="530" Z="30" Hue="0" />
    <Tile TileID="11503" X="736" Y="529" Z="30" Hue="0" />
    <Tile TileID="11503" X="736" Y="528" Z="30" Hue="0" />
    <Tile TileID="9154" X="737" Y="538" Z="20" Hue="0" />
    <Tile TileID="9154" X="736" Y="538" Z="20" Hue="0" />
    <Tile TileID="9154" X="735" Y="538" Z="20" Hue="0" />
    <Tile TileID="9154" X="734" Y="538" Z="20" Hue="0" />
    <Tile TileID="9154" X="733" Y="538" Z="20" Hue="0" />
    <Tile TileID="9154" X="732" Y="538" Z="20" Hue="0" />
    <Tile TileID="9154" X="731" Y="538" Z="20" Hue="0" />
    <Tile TileID="9154" X="730" Y="538" Z="20" Hue="0" />
    <Tile TileID="9154" X="729" Y="538" Z="20" Hue="0" />
    <Tile TileID="9154" X="728" Y="538" Z="20" Hue="0" />
    <Tile TileID="9154" X="727" Y="538" Z="20" Hue="0" />
    <Tile TileID="9154" X="726" Y="538" Z="20" Hue="0" />
    <Tile TileID="9154" X="725" Y="538" Z="20" Hue="0" />
    <Tile TileID="9154" X="724" Y="538" Z="20" Hue="0" />
    <Tile TileID="9154" X="723" Y="538" Z="20" Hue="0" />
    <Tile TileID="9154" X="722" Y="538" Z="20" Hue="0" />
    <Tile TileID="9154" X="721" Y="538" Z="20" Hue="0" />
    <Tile TileID="9154" X="720" Y="538" Z="20" Hue="0" />
    <Tile TileID="9154" X="711" Y="538" Z="20" Hue="0" />
    <Tile TileID="9154" X="710" Y="538" Z="20" Hue="0" />
    <Tile TileID="9154" X="709" Y="538" Z="20" Hue="0" />
    <Tile TileID="9154" X="708" Y="538" Z="20" Hue="0" />
    <Tile TileID="9154" X="707" Y="538" Z="20" Hue="0" />
    <Tile TileID="9154" X="706" Y="538" Z="20" Hue="0" />
    <Tile TileID="9154" X="705" Y="538" Z="20" Hue="0" />
    <Tile TileID="9154" X="704" Y="538" Z="20" Hue="0" />
    <Tile TileID="9154" X="703" Y="538" Z="20" Hue="0" />
    <Tile TileID="9153" X="737" Y="537" Z="23" Hue="0" />
    <Tile TileID="9153" X="736" Y="537" Z="23" Hue="0" />
    <Tile TileID="9153" X="735" Y="537" Z="23" Hue="0" />
    <Tile TileID="9153" X="734" Y="537" Z="23" Hue="0" />
    <Tile TileID="9153" X="733" Y="537" Z="23" Hue="0" />
    <Tile TileID="9153" X="732" Y="537" Z="23" Hue="0" />
    <Tile TileID="9153" X="731" Y="537" Z="23" Hue="0" />
    <Tile TileID="9153" X="730" Y="537" Z="23" Hue="0" />
    <Tile TileID="9153" X="729" Y="537" Z="23" Hue="0" />
    <Tile TileID="9153" X="728" Y="537" Z="23" Hue="0" />
    <Tile TileID="9153" X="727" Y="537" Z="23" Hue="0" />
    <Tile TileID="9153" X="726" Y="537" Z="23" Hue="0" />
    <Tile TileID="9153" X="725" Y="537" Z="23" Hue="0" />
    <Tile TileID="9153" X="724" Y="537" Z="23" Hue="0" />
    <Tile TileID="9153" X="723" Y="537" Z="23" Hue="0" />
    <Tile TileID="9153" X="722" Y="537" Z="23" Hue="0" />
    <Tile TileID="9153" X="721" Y="537" Z="23" Hue="0" />
    <Tile TileID="9153" X="720" Y="537" Z="23" Hue="0" />
    <Tile TileID="9153" X="719" Y="537" Z="23" Hue="0" />
    <Tile TileID="9153" X="718" Y="537" Z="23" Hue="0" />
    <Tile TileID="9153" X="717" Y="537" Z="23" Hue="0" />
    <Tile TileID="9153" X="716" Y="537" Z="23" Hue="0" />
    <Tile TileID="9153" X="715" Y="537" Z="23" Hue="0" />
    <Tile TileID="9153" X="714" Y="537" Z="23" Hue="0" />
    <Tile TileID="9153" X="713" Y="537" Z="23" Hue="0" />
    <Tile TileID="9153" X="712" Y="537" Z="23" Hue="0" />
    <Tile TileID="9153" X="711" Y="537" Z="23" Hue="0" />
    <Tile TileID="9153" X="710" Y="537" Z="23" Hue="0" />
    <Tile TileID="9153" X="709" Y="537" Z="23" Hue="0" />
    <Tile TileID="9153" X="708" Y="537" Z="23" Hue="0" />
    <Tile TileID="9153" X="707" Y="537" Z="23" Hue="0" />
    <Tile TileID="9153" X="706" Y="537" Z="23" Hue="0" />
    <Tile TileID="9153" X="705" Y="537" Z="23" Hue="0" />
    <Tile TileID="9153" X="704" Y="537" Z="23" Hue="0" />
    <Tile TileID="9153" X="703" Y="537" Z="23" Hue="0" />
    <Tile TileID="9153" X="737" Y="536" Z="26" Hue="0" />
    <Tile TileID="9153" X="736" Y="536" Z="26" Hue="0" />
    <Tile TileID="9153" X="735" Y="536" Z="26" Hue="0" />
    <Tile TileID="9153" X="734" Y="536" Z="26" Hue="0" />
    <Tile TileID="9153" X="733" Y="536" Z="26" Hue="0" />
    <Tile TileID="9153" X="732" Y="536" Z="26" Hue="0" />
    <Tile TileID="9153" X="731" Y="536" Z="26" Hue="0" />
    <Tile TileID="9153" X="730" Y="536" Z="26" Hue="0" />
    <Tile TileID="9153" X="729" Y="536" Z="26" Hue="0" />
    <Tile TileID="9153" X="728" Y="536" Z="26" Hue="0" />
    <Tile TileID="9153" X="727" Y="536" Z="26" Hue="0" />
    <Tile TileID="9153" X="726" Y="536" Z="26" Hue="0" />
    <Tile TileID="9153" X="725" Y="536" Z="26" Hue="0" />
    <Tile TileID="9153" X="724" Y="536" Z="26" Hue="0" />
    <Tile TileID="9153" X="723" Y="536" Z="26" Hue="0" />
    <Tile TileID="9153" X="722" Y="536" Z="26" Hue="0" />
    <Tile TileID="9153" X="721" Y="536" Z="26" Hue="0" />
    <Tile TileID="9153" X="720" Y="536" Z="26" Hue="0" />
    <Tile TileID="9153" X="719" Y="536" Z="26" Hue="0" />
    <Tile TileID="9153" X="718" Y="536" Z="26" Hue="0" />
    <Tile TileID="9153" X="717" Y="536" Z="26" Hue="0" />
    <Tile TileID="9153" X="716" Y="536" Z="26" Hue="0" />
    <Tile TileID="9153" X="715" Y="536" Z="26" Hue="0" />
    <Tile TileID="9153" X="714" Y="536" Z="26" Hue="0" />
    <Tile TileID="9153" X="713" Y="536" Z="26" Hue="0" />
    <Tile TileID="9153" X="712" Y="536" Z="26" Hue="0" />
    <Tile TileID="9153" X="711" Y="536" Z="26" Hue="0" />
    <Tile TileID="9153" X="710" Y="536" Z="26" Hue="0" />
    <Tile TileID="9153" X="709" Y="536" Z="26" Hue="0" />
    <Tile TileID="9153" X="708" Y="536" Z="26" Hue="0" />
    <Tile TileID="9153" X="707" Y="536" Z="26" Hue="0" />
    <Tile TileID="9153" X="706" Y="536" Z="26" Hue="0" />
    <Tile TileID="9153" X="705" Y="536" Z="26" Hue="0" />
    <Tile TileID="9153" X="704" Y="536" Z="26" Hue="0" />
    <Tile TileID="9153" X="703" Y="536" Z="26" Hue="0" />
    <Tile TileID="9153" X="737" Y="535" Z="29" Hue="0" />
    <Tile TileID="9153" X="736" Y="535" Z="29" Hue="0" />
    <Tile TileID="9153" X="735" Y="535" Z="29" Hue="0" />
    <Tile TileID="9153" X="734" Y="535" Z="29" Hue="0" />
    <Tile TileID="9153" X="713" Y="535" Z="29" Hue="0" />
    <Tile TileID="9153" X="712" Y="535" Z="29" Hue="0" />
    <Tile TileID="9153" X="711" Y="535" Z="29" Hue="0" />
    <Tile TileID="9153" X="710" Y="535" Z="29" Hue="0" />
    <Tile TileID="9153" X="709" Y="535" Z="29" Hue="0" />
    <Tile TileID="9153" X="708" Y="535" Z="29" Hue="0" />
    <Tile TileID="9153" X="707" Y="535" Z="29" Hue="0" />
    <Tile TileID="9153" X="706" Y="535" Z="29" Hue="0" />
    <Tile TileID="9153" X="705" Y="535" Z="29" Hue="0" />
    <Tile TileID="9153" X="704" Y="535" Z="29" Hue="0" />
    <Tile TileID="9153" X="703" Y="535" Z="29" Hue="0" />
    <Tile TileID="9153" X="737" Y="534" Z="32" Hue="0" />
    <Tile TileID="9153" X="735" Y="534" Z="32" Hue="0" />
    <Tile TileID="9153" X="734" Y="534" Z="32" Hue="0" />
    <Tile TileID="9153" X="733" Y="534" Z="32" Hue="0" />
    <Tile TileID="9153" X="732" Y="534" Z="32" Hue="0" />
    <Tile TileID="9153" X="731" Y="534" Z="32" Hue="0" />
    <Tile TileID="9153" X="730" Y="534" Z="32" Hue="0" />
    <Tile TileID="9153" X="729" Y="534" Z="32" Hue="0" />
    <Tile TileID="9153" X="728" Y="534" Z="32" Hue="0" />
    <Tile TileID="9153" X="727" Y="534" Z="32" Hue="0" />
    <Tile TileID="9153" X="726" Y="534" Z="32" Hue="0" />
    <Tile TileID="9153" X="725" Y="534" Z="32" Hue="0" />
    <Tile TileID="9153" X="724" Y="534" Z="32" Hue="0" />
    <Tile TileID="9153" X="722" Y="534" Z="32" Hue="0" />
    <Tile TileID="9153" X="721" Y="534" Z="32" Hue="0" />
    <Tile TileID="9153" X="720" Y="534" Z="32" Hue="0" />
    <Tile TileID="9153" X="719" Y="534" Z="32" Hue="0" />
    <Tile TileID="9153" X="718" Y="534" Z="32" Hue="0" />
    <Tile TileID="9153" X="717" Y="534" Z="32" Hue="0" />
</Static_Tiles>