﻿<?xml version="1.0" encoding="utf-8"?>
<Static_Tiles>
    <Tile TileID="1196" X="649" Y="504" Z="0" Hue="0" />
    <Tile TileID="1193" X="649" Y="505" Z="0" Hue="0" />
    <Tile TileID="1193" X="649" Y="506" Z="0" Hue="0" />
    <Tile TileID="1195" X="649" Y="507" Z="0" Hue="0" />
    <Tile TileID="1194" X="649" Y="508" Z="0" Hue="0" />
    <Tile TileID="1193" X="649" Y="509" Z="0" Hue="0" />
    <Tile TileID="1195" X="649" Y="510" Z="0" Hue="0" />
    <Tile TileID="1195" X="649" Y="511" Z="0" Hue="0" />
    <Tile TileID="1193" X="650" Y="504" Z="0" Hue="0" />
    <Tile TileID="1195" X="650" Y="505" Z="0" Hue="0" />
    <Tile TileID="1193" X="650" Y="506" Z="0" Hue="0" />
    <Tile TileID="1195" X="650" Y="507" Z="0" Hue="0" />
    <Tile TileID="1195" X="650" Y="508" Z="0" Hue="0" />
    <Tile TileID="1195" X="650" Y="509" Z="0" Hue="0" />
    <Tile TileID="1194" X="650" Y="510" Z="0" Hue="0" />
    <Tile TileID="1193" X="650" Y="511" Z="0" Hue="0" />
    <Tile TileID="1195" X="651" Y="504" Z="0" Hue="0" />
    <Tile TileID="1194" X="651" Y="505" Z="0" Hue="0" />
    <Tile TileID="1194" X="651" Y="506" Z="0" Hue="0" />
    <Tile TileID="1194" X="651" Y="507" Z="0" Hue="0" />
    <Tile TileID="1194" X="651" Y="508" Z="0" Hue="0" />
    <Tile TileID="1194" X="651" Y="509" Z="0" Hue="0" />
    <Tile TileID="1195" X="651" Y="510" Z="0" Hue="0" />
    <Tile TileID="1196" X="651" Y="511" Z="0" Hue="0" />
    <Tile TileID="1194" X="652" Y="504" Z="0" Hue="0" />
    <Tile TileID="1195" X="652" Y="505" Z="0" Hue="0" />
    <Tile TileID="1196" X="652" Y="506" Z="0" Hue="0" />
    <Tile TileID="1195" X="652" Y="507" Z="0" Hue="0" />
    <Tile TileID="1194" X="652" Y="508" Z="0" Hue="0" />
    <Tile TileID="1196" X="652" Y="509" Z="0" Hue="0" />
    <Tile TileID="1195" X="652" Y="510" Z="0" Hue="0" />
    <Tile TileID="1196" X="652" Y="511" Z="0" Hue="0" />
    <Tile TileID="1193" X="653" Y="504" Z="0" Hue="0" />
    <Tile TileID="1195" X="653" Y="505" Z="0" Hue="0" />
    <Tile TileID="1193" X="653" Y="506" Z="0" Hue="0" />
    <Tile TileID="1195" X="653" Y="507" Z="0" Hue="0" />
    <Tile TileID="1195" X="653" Y="508" Z="0" Hue="0" />
    <Tile TileID="1194" X="653" Y="509" Z="0" Hue="0" />
    <Tile TileID="1193" X="653" Y="510" Z="0" Hue="0" />
    <Tile TileID="1196" X="653" Y="511" Z="0" Hue="0" />
    <Tile TileID="1195" X="654" Y="504" Z="0" Hue="0" />
    <Tile TileID="1193" X="654" Y="505" Z="0" Hue="0" />
    <Tile TileID="1193" X="654" Y="506" Z="0" Hue="0" />
    <Tile TileID="1194" X="654" Y="507" Z="0" Hue="0" />
    <Tile TileID="1193" X="654" Y="508" Z="0" Hue="0" />
    <Tile TileID="1195" X="654" Y="509" Z="0" Hue="0" />
    <Tile TileID="1193" X="654" Y="510" Z="0" Hue="0" />
    <Tile TileID="1194" X="654" Y="511" Z="0" Hue="0" />
    <Tile TileID="1196" X="655" Y="504" Z="0" Hue="0" />
    <Tile TileID="1195" X="655" Y="505" Z="0" Hue="0" />
    <Tile TileID="1196" X="655" Y="506" Z="0" Hue="0" />
    <Tile TileID="1193" X="655" Y="507" Z="0" Hue="0" />
    <Tile TileID="1195" X="655" Y="508" Z="0" Hue="0" />
    <Tile TileID="1195" X="655" Y="509" Z="0" Hue="0" />
    <Tile TileID="1195" X="655" Y="510" Z="0" Hue="0" />
    <Tile TileID="1193" X="655" Y="511" Z="0" Hue="0" />
    <Tile TileID="7" X="649" Y="503" Z="0" Hue="0" />
    <Tile TileID="7" X="650" Y="503" Z="0" Hue="0" />
    <Tile TileID="7" X="651" Y="503" Z="0" Hue="0" />
    <Tile TileID="7" X="652" Y="503" Z="0" Hue="0" />
    <Tile TileID="7" X="653" Y="503" Z="0" Hue="0" />
    <Tile TileID="7" X="654" Y="503" Z="0" Hue="0" />
    <Tile TileID="7" X="655" Y="503" Z="0" Hue="0" />
    <Tile TileID="9" X="648" Y="503" Z="0" Hue="0" />
    <Tile TileID="8" X="648" Y="504" Z="0" Hue="0" />
    <Tile TileID="8" X="648" Y="505" Z="0" Hue="0" />
    <Tile TileID="8" X="648" Y="510" Z="0" Hue="0" />
    <Tile TileID="8" X="648" Y="511" Z="0" Hue="0" />
    <Tile TileID="11" X="648" Y="509" Z="0" Hue="0" />
    <Tile TileID="13" X="648" Y="506" Z="0" Hue="0" />
    <Tile TileID="7" X="649" Y="508" Z="0" Hue="0" />
    <Tile TileID="7" X="650" Y="508" Z="0" Hue="0" />
    <Tile TileID="7" X="651" Y="508" Z="0" Hue="0" />
    <Tile TileID="7" X="652" Y="508" Z="0" Hue="0" />
    <Tile TileID="8" X="652" Y="509" Z="0" Hue="0" />
    <Tile TileID="9" X="652" Y="508" Z="0" Hue="0" />
    <Tile TileID="13" X="652" Y="510" Z="0" Hue="0" />
    <Tile TileID="6041" X="646" Y="500" Z="-5" Hue="0" />
    <Tile TileID="6039" X="646" Y="501" Z="-5" Hue="0" />
    <Tile TileID="6040" X="646" Y="502" Z="-5" Hue="0" />
    <Tile TileID="6039" X="646" Y="503" Z="-5" Hue="0" />
    <Tile TileID="6040" X="646" Y="504" Z="-5" Hue="0" />
    <Tile TileID="6040" X="647" Y="500" Z="-5" Hue="0" />
    <Tile TileID="6041" X="647" Y="501" Z="-5" Hue="0" />
    <Tile TileID="6039" X="647" Y="502" Z="-5" Hue="0" />
    <Tile TileID="6039" X="647" Y="503" Z="-5" Hue="0" />
    <Tile TileID="6041" X="647" Y="504" Z="-5" Hue="0" />
    <Tile TileID="6039" X="648" Y="500" Z="-5" Hue="0" />
    <Tile TileID="6040" X="648" Y="501" Z="-5" Hue="0" />
    <Tile TileID="6040" X="648" Y="502" Z="-5" Hue="0" />
    <Tile TileID="6040" X="648" Y="503" Z="-5" Hue="0" />
    <Tile TileID="6042" X="648" Y="504" Z="-5" Hue="0" />
    <Tile TileID="6039" X="649" Y="500" Z="-5" Hue="0" />
    <Tile TileID="6042" X="649" Y="501" Z="-5" Hue="0" />
    <Tile TileID="6042" X="649" Y="502" Z="-5" Hue="0" />
    <Tile TileID="6041" X="649" Y="503" Z="-5" Hue="0" />
    <Tile TileID="6040" X="649" Y="504" Z="-5" Hue="0" />
    <Tile TileID="9951" X="648" Y="504" Z="20" Hue="0" />
    <Tile TileID="9948" X="649" Y="504" Z="23" Hue="0" />
    <Tile TileID="9948" X="650" Y="504" Z="26" Hue="0" />
    <Tile TileID="9948" X="650" Y="505" Z="26" Hue="0" />
    <Tile TileID="9948" X="651" Y="504" Z="29" Hue="0" />
    <Tile TileID="9948" X="651" Y="505" Z="29" Hue="0" />
    <Tile TileID="9948" X="651" Y="506" Z="29" Hue="0" />
    <Tile TileID="9948" X="652" Y="504" Z="32" Hue="0" />
    <Tile TileID="9948" X="652" Y="505" Z="32" Hue="0" />
    <Tile TileID="9948" X="652" Y="506" Z="32" Hue="0" />
    <Tile TileID="9948" X="652" Y="507" Z="32" Hue="0" />
    <Tile TileID="9946" X="653" Y="504" Z="35" Hue="0" />
    <Tile TileID="9946" X="653" Y="505" Z="35" Hue="0" />
    <Tile TileID="9946" X="653" Y="506" Z="35" Hue="0" />
    <Tile TileID="9946" X="653" Y="507" Z="35" Hue="0" />
    <Tile TileID="9946" X="653" Y="508" Z="35" Hue="0" />
    <Tile TileID="9947" X="654" Y="504" Z="32" Hue="0" />
    <Tile TileID="9947" X="654" Y="505" Z="32" Hue="0" />
    <Tile TileID="9947" X="654" Y="506" Z="32" Hue="0" />
    <Tile TileID="9947" X="654" Y="507" Z="32" Hue="0" />
    <Tile TileID="9947" X="655" Y="504" Z="29" Hue="0" />
    <Tile TileID="9947" X="655" Y="505" Z="29" Hue="0" />
    <Tile TileID="9947" X="655" Y="506" Z="29" Hue="0" />
    <Tile TileID="9964" X="648" Y="505" Z="23" Hue="0" />
    <Tile TileID="9951" X="649" Y="505" Z="23" Hue="0" />
    <Tile TileID="9964" X="648" Y="506" Z="26" Hue="0" />
    <Tile TileID="9964" X="649" Y="506" Z="26" Hue="0" />
    <Tile TileID="9951" X="650" Y="506" Z="26" Hue="0" />
    <Tile TileID="9964" X="648" Y="507" Z="29" Hue="0" />
    <Tile TileID="9964" X="649" Y="507" Z="29" Hue="0" />
    <Tile TileID="9964" X="650" Y="507" Z="29" Hue="0" />
    <Tile TileID="9951" X="651" Y="507" Z="29" Hue="0" />
    <Tile TileID="9950" X="655" Y="507" Z="29" Hue="0" />
    <Tile TileID="9964" X="648" Y="508" Z="32" Hue="0" />
    <Tile TileID="9964" X="649" Y="508" Z="32" Hue="0" />
    <Tile TileID="9964" X="650" Y="508" Z="32" Hue="0" />
    <Tile TileID="9964" X="651" Y="508" Z="32" Hue="0" />
    <Tile TileID="9951" X="652" Y="508" Z="32" Hue="0" />
    <Tile TileID="9950" X="654" Y="508" Z="32" Hue="0" />
    <Tile TileID="9964" X="655" Y="508" Z="32" Hue="0" />
    <Tile TileID="9964" X="648" Y="509" Z="35" Hue="0" />
    <Tile TileID="9964" X="649" Y="509" Z="35" Hue="0" />
    <Tile TileID="9964" X="650" Y="509" Z="35" Hue="0" />
    <Tile TileID="9964" X="651" Y="509" Z="35" Hue="0" />
    <Tile TileID="9964" X="652" Y="509" Z="35" Hue="0" />
    <Tile TileID="9964" X="653" Y="509" Z="35" Hue="0" />
    <Tile TileID="9964" X="654" Y="509" Z="35" Hue="0" />
    <Tile TileID="9964" X="655" Y="509" Z="35" Hue="0" />
    <Tile TileID="9962" X="648" Y="510" Z="37" Hue="0" />
    <Tile TileID="9962" X="649" Y="510" Z="37" Hue="0" />
    <Tile TileID="9962" X="650" Y="510" Z="37" Hue="0" />
    <Tile TileID="9962" X="651" Y="510" Z="37" Hue="0" />
    <Tile TileID="9962" X="652" Y="510" Z="37" Hue="0" />
    <Tile TileID="9962" X="653" Y="510" Z="37" Hue="0" />
    <Tile TileID="9962" X="654" Y="510" Z="37" Hue="0" />
    <Tile TileID="9962" X="655" Y="510" Z="37" Hue="0" />
    <Tile TileID="9963" X="648" Y="511" Z="35" Hue="0" />
    <Tile TileID="9963" X="649" Y="511" Z="35" Hue="0" />
    <Tile TileID="9963" X="650" Y="511" Z="35" Hue="0" />
    <Tile TileID="9963" X="651" Y="511" Z="35" Hue="0" />
    <Tile TileID="9963" X="652" Y="511" Z="35" Hue="0" />
    <Tile TileID="9963" X="653" Y="511" Z="35" Hue="0" />
    <Tile TileID="9963" X="654" Y="511" Z="35" Hue="0" />
    <Tile TileID="9963" X="655" Y="511" Z="35" Hue="0" />
    <Tile TileID="1195" X="649" Y="512" Z="0" Hue="0" />
    <Tile TileID="1195" X="649" Y="513" Z="0" Hue="0" />
    <Tile TileID="1194" X="649" Y="514" Z="0" Hue="0" />
    <Tile TileID="1195" X="649" Y="515" Z="0" Hue="0" />
    <Tile TileID="1196" X="650" Y="512" Z="0" Hue="0" />
    <Tile TileID="1193" X="650" Y="513" Z="0" Hue="0" />
    <Tile TileID="1194" X="650" Y="514" Z="0" Hue="0" />
    <Tile TileID="1195" X="650" Y="515" Z="0" Hue="0" />
    <Tile TileID="1194" X="651" Y="512" Z="0" Hue="0" />
    <Tile TileID="1196" X="651" Y="513" Z="0" Hue="0" />
    <Tile TileID="1195" X="651" Y="514" Z="0" Hue="0" />
    <Tile TileID="1193" X="651" Y="515" Z="0" Hue="0" />
    <Tile TileID="1193" X="652" Y="512" Z="0" Hue="0" />
    <Tile TileID="1194" X="652" Y="513" Z="0" Hue="0" />
    <Tile TileID="1196" X="652" Y="514" Z="0" Hue="0" />
    <Tile TileID="1195" X="652" Y="515" Z="0" Hue="0" />
    <Tile TileID="1195" X="653" Y="512" Z="0" Hue="0" />
    <Tile TileID="1195" X="653" Y="513" Z="0" Hue="0" />
    <Tile TileID="1193" X="653" Y="514" Z="0" Hue="0" />
    <Tile TileID="1196" X="653" Y="515" Z="0" Hue="0" />
    <Tile TileID="1196" X="654" Y="512" Z="0" Hue="0" />
    <Tile TileID="1196" X="654" Y="513" Z="0" Hue="0" />
    <Tile TileID="1194" X="654" Y="514" Z="0" Hue="0" />
    <Tile TileID="1193" X="654" Y="515" Z="0" Hue="0" />
    <Tile TileID="1195" X="655" Y="512" Z="0" Hue="0" />
    <Tile TileID="1195" X="655" Y="513" Z="0" Hue="0" />
    <Tile TileID="1193" X="655" Y="514" Z="0" Hue="0" />
    <Tile TileID="1196" X="655" Y="515" Z="0" Hue="0" />
    <Tile TileID="8" X="648" Y="512" Z="0" Hue="0" />
    <Tile TileID="8" X="648" Y="513" Z="0" Hue="0" />
    <Tile TileID="8" X="648" Y="514" Z="0" Hue="0" />
    <Tile TileID="8" X="648" Y="515" Z="0" Hue="0" />
    <Tile TileID="9" X="648" Y="515" Z="0" Hue="0" />
    <Tile TileID="7" X="649" Y="515" Z="0" Hue="0" />
    <Tile TileID="7" X="650" Y="515" Z="0" Hue="0" />
    <Tile TileID="7" X="651" Y="515" Z="0" Hue="0" />
    <Tile TileID="7" X="653" Y="515" Z="0" Hue="0" />
    <Tile TileID="7" X="654" Y="515" Z="0" Hue="0" />
    <Tile TileID="7" X="655" Y="515" Z="0" Hue="0" />
    <Tile TileID="6" X="652" Y="515" Z="0" Hue="0" />
    <Tile TileID="8" X="652" Y="514" Z="0" Hue="0" />
    <Tile TileID="8" X="652" Y="515" Z="0" Hue="0" />
    <Tile TileID="11" X="652" Y="513" Z="0" Hue="0" />
    <Tile TileID="9949" X="648" Y="516" Z="18" Hue="0" />
    <Tile TileID="9963" X="648" Y="512" Z="32" Hue="0" />
    <Tile TileID="9963" X="649" Y="512" Z="32" Hue="0" />
    <Tile TileID="9963" X="650" Y="512" Z="32" Hue="0" />
    <Tile TileID="9963" X="651" Y="512" Z="32" Hue="0" />
    <Tile TileID="9949" X="652" Y="512" Z="30" Hue="0" />
    <Tile TileID="9946" X="653" Y="512" Z="35" Hue="0" />
    <Tile TileID="9946" X="653" Y="513" Z="35" Hue="0" />
    <Tile TileID="9946" X="653" Y="514" Z="35" Hue="0" />
    <Tile TileID="9946" X="653" Y="515" Z="35" Hue="0" />
    <Tile TileID="9946" X="653" Y="516" Z="35" Hue="0" />
    <Tile TileID="9952" X="654" Y="512" Z="32" Hue="0" />
    <Tile TileID="9963" X="655" Y="512" Z="32" Hue="0" />
    <Tile TileID="9963" X="648" Y="513" Z="29" Hue="0" />
    <Tile TileID="9963" X="649" Y="513" Z="29" Hue="0" />
    <Tile TileID="9963" X="650" Y="513" Z="29" Hue="0" />
    <Tile TileID="9949" X="651" Y="513" Z="27" Hue="0" />
    <Tile TileID="9948" X="652" Y="513" Z="32" Hue="0" />
    <Tile TileID="9948" X="652" Y="514" Z="32" Hue="0" />
    <Tile TileID="9948" X="652" Y="515" Z="32" Hue="0" />
    <Tile TileID="9948" X="652" Y="516" Z="32" Hue="0" />
    <Tile TileID="9947" X="654" Y="513" Z="32" Hue="0" />
    <Tile TileID="9947" X="654" Y="514" Z="32" Hue="0" />
    <Tile TileID="9947" X="654" Y="515" Z="32" Hue="0" />
    <Tile TileID="9947" X="654" Y="516" Z="32" Hue="0" />
    <Tile TileID="9952" X="655" Y="513" Z="29" Hue="0" />
    <Tile TileID="9963" X="648" Y="514" Z="26" Hue="0" />
    <Tile TileID="9963" X="649" Y="514" Z="26" Hue="0" />
    <Tile TileID="9949" X="650" Y="514" Z="24" Hue="0" />
    <Tile TileID="9948" X="651" Y="514" Z="29" Hue="0" />
    <Tile TileID="9948" X="651" Y="515" Z="29" Hue="0" />
    <Tile TileID="9948" X="651" Y="516" Z="29" Hue="0" />
    <Tile TileID="9947" X="655" Y="514" Z="29" Hue="0" />
    <Tile TileID="9947" X="655" Y="515" Z="29" Hue="0" />
    <Tile TileID="9947" X="655" Y="516" Z="29" Hue="0" />
    <Tile TileID="9963" X="648" Y="515" Z="23" Hue="0" />
    <Tile TileID="9949" X="649" Y="515" Z="21" Hue="0" />
    <Tile TileID="9948" X="650" Y="515" Z="26" Hue="0" />
    <Tile TileID="9948" X="650" Y="516" Z="26" Hue="0" />
    <Tile TileID="9948" X="649" Y="516" Z="23" Hue="0" />
    <Tile TileID="18" X="650" Y="515" Z="20" Hue="0" />
    <Tile TileID="21" X="651" Y="515" Z="20" Hue="0" />
    <Tile TileID="18" X="653" Y="515" Z="20" Hue="0" />
    <Tile TileID="20" X="654" Y="515" Z="20" Hue="0" />
    <Tile TileID="21" X="655" Y="515" Z="20" Hue="0" />
    <Tile TileID="18" X="651" Y="515" Z="20" Hue="0" />
    <Tile TileID="18" X="652" Y="515" Z="20" Hue="0" />
    <Tile TileID="1193" X="656" Y="504" Z="0" Hue="0" />
    <Tile TileID="1196" X="656" Y="505" Z="0" Hue="0" />
    <Tile TileID="1193" X="656" Y="506" Z="0" Hue="0" />
    <Tile TileID="1193" X="656" Y="507" Z="0" Hue="0" />
    <Tile TileID="1196" X="656" Y="508" Z="0" Hue="0" />
    <Tile TileID="1196" X="656" Y="509" Z="0" Hue="0" />
    <Tile TileID="1194" X="656" Y="510" Z="0" Hue="0" />
    <Tile TileID="1195" X="656" Y="511" Z="0" Hue="0" />
    <Tile TileID="1195" X="657" Y="504" Z="0" Hue="0" />
    <Tile TileID="1193" X="657" Y="505" Z="0" Hue="0" />
    <Tile TileID="1195" X="657" Y="506" Z="0" Hue="0" />
    <Tile TileID="1194" X="657" Y="507" Z="0" Hue="0" />
    <Tile TileID="1194" X="657" Y="508" Z="0" Hue="0" />
    <Tile TileID="1194" X="657" Y="509" Z="0" Hue="0" />
    <Tile TileID="1195" X="657" Y="510" Z="0" Hue="0" />
    <Tile TileID="1194" X="657" Y="511" Z="0" Hue="0" />
    <Tile TileID="7" X="656" Y="503" Z="0" Hue="0" />
    <Tile TileID="7" X="657" Y="503" Z="0" Hue="0" />
    <Tile TileID="8" X="657" Y="504" Z="0" Hue="0" />
    <Tile TileID="8" X="657" Y="505" Z="0" Hue="0" />
    <Tile TileID="8" X="657" Y="506" Z="0" Hue="0" />
    <Tile TileID="8" X="657" Y="511" Z="0" Hue="0" />
    <Tile TileID="13" X="657" Y="507" Z="0" Hue="0" />
    <Tile TileID="11" X="657" Y="510" Z="0" Hue="0" />
    <Tile TileID="9950" X="658" Y="504" Z="20" Hue="0" />
    <Tile TileID="9947" X="656" Y="504" Z="26" Hue="0" />
    <Tile TileID="9947" X="656" Y="505" Z="26" Hue="0" />
    <Tile TileID="9947" X="657" Y="504" Z="23" Hue="0" />
    <Tile TileID="9950" X="657" Y="505" Z="23" Hue="0" />
    <Tile TileID="9964" X="658" Y="505" Z="23" Hue="0" />
    <Tile TileID="9950" X="656" Y="506" Z="26" Hue="0" />
    <Tile TileID="9964" X="657" Y="506" Z="26" Hue="0" />
    <Tile TileID="9964" X="658" Y="506" Z="26" Hue="0" />
    <Tile TileID="9964" X="656" Y="507" Z="29" Hue="0" />
    <Tile TileID="9964" X="657" Y="507" Z="29" Hue="0" />
    <Tile TileID="9964" X="658" Y="507" Z="29" Hue="0" />
    <Tile TileID="9964" X="656" Y="508" Z="32" Hue="0" />
    <Tile TileID="9964" X="657" Y="508" Z="32" Hue="0" />
    <Tile TileID="9964" X="658" Y="508" Z="32" Hue="0" />
    <Tile TileID="9964" X="656" Y="509" Z="35" Hue="0" />
    <Tile TileID="9964" X="657" Y="509" Z="35" Hue="0" />
    <Tile TileID="9964" X="658" Y="509" Z="35" Hue="0" />
    <Tile TileID="9962" X="656" Y="510" Z="37" Hue="0" />
    <Tile TileID="9962" X="657" Y="510" Z="37" Hue="0" />
    <Tile TileID="9962" X="658" Y="510" Z="37" Hue="0" />
    <Tile TileID="9963" X="656" Y="511" Z="35" Hue="0" />
    <Tile TileID="9963" X="657" Y="511" Z="35" Hue="0" />
    <Tile TileID="9963" X="658" Y="511" Z="35" Hue="0" />
    <Tile TileID="17" X="657" Y="504" Z="20" Hue="0" />
    <Tile TileID="17" X="657" Y="505" Z="20" Hue="0" />
    <Tile TileID="17" X="657" Y="506" Z="20" Hue="0" />
    <Tile TileID="17" X="657" Y="507" Z="20" Hue="0" />
    <Tile TileID="17" X="657" Y="508" Z="20" Hue="0" />
    <Tile TileID="17" X="657" Y="509" Z="20" Hue="0" />
    <Tile TileID="17" X="657" Y="510" Z="20" Hue="0" />
    <Tile TileID="17" X="657" Y="511" Z="20" Hue="0" />
    <Tile TileID="1195" X="656" Y="512" Z="0" Hue="0" />
    <Tile TileID="1196" X="656" Y="513" Z="0" Hue="0" />
    <Tile TileID="1193" X="656" Y="514" Z="0" Hue="0" />
    <Tile TileID="1193" X="656" Y="515" Z="0" Hue="0" />
    <Tile TileID="1193" X="657" Y="512" Z="0" Hue="0" />
    <Tile TileID="1193" X="657" Y="513" Z="0" Hue="0" />
    <Tile TileID="1196" X="657" Y="514" Z="0" Hue="0" />
    <Tile TileID="1193" X="657" Y="515" Z="0" Hue="0" />
    <Tile TileID="7" X="656" Y="515" Z="0" Hue="0" />
    <Tile TileID="8" X="657" Y="512" Z="0" Hue="0" />
    <Tile TileID="8" X="657" Y="513" Z="0" Hue="0" />
    <Tile TileID="8" X="657" Y="514" Z="0" Hue="0" />
    <Tile TileID="6" X="657" Y="515" Z="0" Hue="0" />
    <Tile TileID="9952" X="658" Y="516" Z="20" Hue="0" />
    <Tile TileID="9963" X="656" Y="512" Z="32" Hue="0" />
    <Tile TileID="9963" X="657" Y="512" Z="32" Hue="0" />
    <Tile TileID="9963" X="658" Y="512" Z="32" Hue="0" />
    <Tile TileID="9963" X="656" Y="513" Z="29" Hue="0" />
    <Tile TileID="9963" X="657" Y="513" Z="29" Hue="0" />
    <Tile TileID="9963" X="658" Y="513" Z="29" Hue="0" />
    <Tile TileID="9952" X="656" Y="514" Z="26" Hue="0" />
    <Tile TileID="9963" X="657" Y="514" Z="26" Hue="0" />
    <Tile TileID="9963" X="658" Y="514" Z="26" Hue="0" />
    <Tile TileID="9947" X="656" Y="515" Z="26" Hue="0" />
    <Tile TileID="9947" X="656" Y="516" Z="26" Hue="0" />
    <Tile TileID="9952" X="657" Y="515" Z="23" Hue="0" />
    <Tile TileID="9963" X="658" Y="515" Z="23" Hue="0" />
    <Tile TileID="9947" X="657" Y="516" Z="23" Hue="0" />
    <Tile TileID="17" X="657" Y="512" Z="20" Hue="0" />
</Static_Tiles>