﻿<?xml version="1.0" encoding="utf-8"?>
<Static_Tiles>
    <Tile TileID="3208" X="722" Y="505" Z="0" Hue="0" />
    <Tile TileID="3208" X="722" Y="490" Z="0" Hue="0" />
    <Tile TileID="3216" X="723" Y="515" Z="0" Hue="0" />
    <Tile TileID="3218" X="723" Y="514" Z="0" Hue="0" />
    <Tile TileID="3211" X="718" Y="498" Z="0" Hue="0" />
    <Tile TileID="3208" X="707" Y="499" Z="0" Hue="0" />
    <Tile TileID="3208" X="706" Y="498" Z="0" Hue="0" />
    <Tile TileID="3210" X="720" Y="516" Z="0" Hue="0" />
    <Tile TileID="3211" X="720" Y="515" Z="0" Hue="0" />
    <Tile TileID="3207" X="720" Y="514" Z="0" Hue="0" />
    <Tile TileID="3208" X="720" Y="513" Z="0" Hue="0" />
    <Tile TileID="3207" X="720" Y="512" Z="0" Hue="0" />
    <Tile TileID="3209" X="720" Y="511" Z="0" Hue="0" />
    <Tile TileID="3207" X="720" Y="509" Z="0" Hue="0" />
    <Tile TileID="3208" X="720" Y="508" Z="0" Hue="0" />
    <Tile TileID="3207" X="720" Y="507" Z="0" Hue="0" />
    <Tile TileID="3211" X="720" Y="505" Z="0" Hue="0" />
    <Tile TileID="3207" X="720" Y="504" Z="0" Hue="0" />
    <Tile TileID="3209" X="720" Y="501" Z="0" Hue="0" />
    <Tile TileID="3209" X="720" Y="500" Z="0" Hue="0" />
    <Tile TileID="3211" X="720" Y="499" Z="0" Hue="0" />
    <Tile TileID="3210" X="720" Y="498" Z="0" Hue="0" />
    <Tile TileID="3208" X="720" Y="497" Z="0" Hue="0" />
    <Tile TileID="1488" X="718" Y="483" Z="50" Hue="0" />
    <Tile TileID="1488" X="716" Y="483" Z="50" Hue="0" />
    <Tile TileID="3208" X="719" Y="518" Z="0" Hue="0" />
    <Tile TileID="1488" X="714" Y="483" Z="50" Hue="0" />
    <Tile TileID="3209" X="719" Y="516" Z="0" Hue="0" />
    <Tile TileID="3207" X="719" Y="515" Z="0" Hue="0" />
    <Tile TileID="3211" X="719" Y="514" Z="0" Hue="0" />
    <Tile TileID="3209" X="719" Y="513" Z="0" Hue="0" />
    <Tile TileID="3207" X="719" Y="512" Z="0" Hue="0" />
    <Tile TileID="3211" X="719" Y="511" Z="0" Hue="0" />
    <Tile TileID="3210" X="719" Y="510" Z="0" Hue="0" />
    <Tile TileID="3208" X="719" Y="506" Z="0" Hue="0" />
    <Tile TileID="3209" X="719" Y="505" Z="0" Hue="0" />
    <Tile TileID="3207" X="719" Y="504" Z="0" Hue="0" />
    <Tile TileID="3208" X="719" Y="502" Z="0" Hue="0" />
    <Tile TileID="3208" X="719" Y="501" Z="0" Hue="0" />
    <Tile TileID="1488" X="705" Y="482" Z="47" Hue="0" />
    <Tile TileID="3211" X="722" Y="513" Z="0" Hue="0" />
    <Tile TileID="3211" X="722" Y="511" Z="0" Hue="0" />
    <Tile TileID="3209" X="722" Y="507" Z="0" Hue="0" />
    <Tile TileID="3209" X="722" Y="495" Z="0" Hue="0" />
    <Tile TileID="3212" X="721" Y="482" Z="0" Hue="0" />
    <Tile TileID="1314" X="723" Y="484" Z="0" Hue="0" />
    <Tile TileID="1316" X="722" Y="484" Z="0" Hue="0" />
    <Tile TileID="1315" X="724" Y="483" Z="0" Hue="0" />
    <Tile TileID="1314" X="724" Y="482" Z="0" Hue="0" />
    <Tile TileID="1314" X="723" Y="481" Z="0" Hue="0" />
    <Tile TileID="1316" X="722" Y="481" Z="0" Hue="0" />
    <Tile TileID="1313" X="721" Y="481" Z="0" Hue="0" />
    <Tile TileID="1315" X="723" Y="487" Z="0" Hue="0" />
    <Tile TileID="1313" X="722" Y="487" Z="0" Hue="0" />
    <Tile TileID="1316" X="721" Y="487" Z="0" Hue="0" />
    <Tile TileID="1315" X="724" Y="478" Z="0" Hue="0" />
    <Tile TileID="1314" X="723" Y="478" Z="0" Hue="0" />
    <Tile TileID="1315" X="722" Y="478" Z="0" Hue="0" />
    <Tile TileID="1316" X="721" Y="478" Z="0" Hue="0" />
    <Tile TileID="1315" X="724" Y="520" Z="0" Hue="0" />
    <Tile TileID="1313" X="724" Y="519" Z="0" Hue="0" />
    <Tile TileID="1315" X="724" Y="517" Z="0" Hue="0" />
    <Tile TileID="1313" X="724" Y="516" Z="0" Hue="0" />
    <Tile TileID="1315" X="724" Y="515" Z="0" Hue="0" />
    <Tile TileID="1316" X="724" Y="514" Z="0" Hue="0" />
    <Tile TileID="1313" X="724" Y="513" Z="0" Hue="0" />
    <Tile TileID="1315" X="724" Y="506" Z="0" Hue="0" />
    <Tile TileID="1315" X="724" Y="503" Z="0" Hue="0" />
    <Tile TileID="1313" X="724" Y="502" Z="0" Hue="0" />
    <Tile TileID="1314" X="724" Y="501" Z="0" Hue="0" />
    <Tile TileID="1315" X="724" Y="500" Z="0" Hue="0" />
    <Tile TileID="1313" X="724" Y="499" Z="0" Hue="0" />
    <Tile TileID="1313" X="724" Y="498" Z="0" Hue="0" />
    <Tile TileID="1316" X="724" Y="497" Z="0" Hue="0" />
    <Tile TileID="1315" X="724" Y="496" Z="0" Hue="0" />
    <Tile TileID="1315" X="724" Y="495" Z="0" Hue="0" />
    <Tile TileID="1316" X="724" Y="494" Z="0" Hue="0" />
    <Tile TileID="1315" X="724" Y="493" Z="0" Hue="0" />
    <Tile TileID="1315" X="724" Y="491" Z="0" Hue="0" />
    <Tile TileID="1315" X="724" Y="490" Z="0" Hue="0" />
    <Tile TileID="1313" X="724" Y="488" Z="0" Hue="0" />
    <Tile TileID="1307" X="726" Y="509" Z="0" Hue="0" />
    <Tile TileID="1307" X="726" Y="508" Z="0" Hue="0" />
    <Tile TileID="1307" X="726" Y="507" Z="0" Hue="0" />
    <Tile TileID="1308" X="726" Y="506" Z="0" Hue="0" />
    <Tile TileID="1305" X="726" Y="505" Z="0" Hue="0" />
    <Tile TileID="1306" X="726" Y="504" Z="0" Hue="0" />
    <Tile TileID="1306" X="726" Y="486" Z="0" Hue="0" />
    <Tile TileID="1306" X="726" Y="484" Z="0" Hue="0" />
    <Tile TileID="1306" X="725" Y="520" Z="0" Hue="0" />
    <Tile TileID="1305" X="725" Y="513" Z="0" Hue="0" />
    <Tile TileID="1305" X="725" Y="512" Z="0" Hue="0" />
    <Tile TileID="1306" X="725" Y="509" Z="0" Hue="0" />
    <Tile TileID="1308" X="725" Y="507" Z="0" Hue="0" />
    <Tile TileID="1308" X="725" Y="505" Z="0" Hue="0" />
    <Tile TileID="1308" X="725" Y="504" Z="0" Hue="0" />
    <Tile TileID="1305" X="725" Y="503" Z="0" Hue="0" />
    <Tile TileID="1307" X="725" Y="502" Z="0" Hue="0" />
    <Tile TileID="1305" X="725" Y="501" Z="0" Hue="0" />
    <Tile TileID="1308" X="725" Y="500" Z="0" Hue="0" />
    <Tile TileID="1307" X="725" Y="499" Z="0" Hue="0" />
    <Tile TileID="1307" X="725" Y="498" Z="0" Hue="0" />
    <Tile TileID="1308" X="725" Y="497" Z="0" Hue="0" />
    <Tile TileID="1308" X="725" Y="496" Z="0" Hue="0" />
    <Tile TileID="1305" X="725" Y="495" Z="0" Hue="0" />
    <Tile TileID="1306" X="725" Y="494" Z="0" Hue="0" />
    <Tile TileID="1305" X="725" Y="493" Z="0" Hue="0" />
    <Tile TileID="1306" X="725" Y="492" Z="0" Hue="0" />
    <Tile TileID="1307" X="725" Y="491" Z="0" Hue="0" />
    <Tile TileID="1305" X="725" Y="490" Z="0" Hue="0" />
    <Tile TileID="1307" X="725" Y="489" Z="0" Hue="0" />
    <Tile TileID="1306" X="725" Y="488" Z="0" Hue="0" />
    <Tile TileID="1306" X="725" Y="487" Z="0" Hue="0" />
    <Tile TileID="1308" X="725" Y="486" Z="0" Hue="0" />
    <Tile TileID="1307" X="725" Y="485" Z="0" Hue="0" />
    <Tile TileID="1305" X="725" Y="483" Z="0" Hue="0" />
    <Tile TileID="1307" X="723" Y="486" Z="0" Hue="0" />
    <Tile TileID="1308" X="723" Y="485" Z="0" Hue="0" />
    <Tile TileID="1307" X="722" Y="485" Z="0" Hue="0" />
    <Tile TileID="1306" X="721" Y="486" Z="0" Hue="0" />
    <Tile TileID="1308" X="724" Y="479" Z="0" Hue="0" />
    <Tile TileID="1305" X="723" Y="480" Z="0" Hue="0" />
    <Tile TileID="1306" X="723" Y="479" Z="0" Hue="0" />
    <Tile TileID="1307" X="722" Y="480" Z="0" Hue="0" />
    <Tile TileID="1306" X="722" Y="479" Z="0" Hue="0" />
    <Tile TileID="1308" X="721" Y="480" Z="0" Hue="0" />
    <Tile TileID="7" X="707" Y="482" Z="0" Hue="0" />
    <Tile TileID="100" X="720" Y="481" Z="40" Hue="0" />
    <Tile TileID="96" X="720" Y="487" Z="40" Hue="0" />
    <Tile TileID="1476" X="709" Y="495" Z="32" Hue="0" />
    <Tile TileID="1487" X="721" Y="488" Z="47" Hue="0" />
    <Tile TileID="3289" X="720" Y="511" Z="0" Hue="0" />
    <Tile TileID="3289" X="721" Y="508" Z="0" Hue="0" />
    <Tile TileID="3289" X="721" Y="503" Z="0" Hue="0" />
    <Tile TileID="3289" X="718" Y="500" Z="0" Hue="0" />
    <Tile TileID="3289" X="721" Y="489" Z="0" Hue="0" />
    <Tile TileID="3289" X="721" Y="482" Z="0" Hue="0" />
    <Tile TileID="3288" X="721" Y="482" Z="0" Hue="0" />
    <Tile TileID="3288" X="721" Y="489" Z="0" Hue="0" />
    <Tile TileID="3288" X="721" Y="503" Z="0" Hue="0" />
    <Tile TileID="3288" X="718" Y="500" Z="0" Hue="0" />
    <Tile TileID="3288" X="721" Y="508" Z="0" Hue="0" />
    <Tile TileID="3288" X="720" Y="511" Z="0" Hue="0" />
    <Tile TileID="3287" X="721" Y="506" Z="0" Hue="0" />
    <Tile TileID="3287" X="721" Y="515" Z="0" Hue="0" />
    <Tile TileID="3287" X="722" Y="497" Z="0" Hue="0" />
    <Tile TileID="3287" X="716" Y="498" Z="0" Hue="0" />
    <Tile TileID="3286" X="722" Y="497" Z="0" Hue="0" />
    <Tile TileID="3286" X="716" Y="498" Z="0" Hue="0" />
    <Tile TileID="3286" X="721" Y="506" Z="0" Hue="0" />
    <Tile TileID="3286" X="721" Y="515" Z="0" Hue="0" />
    <Tile TileID="3218" X="706" Y="502" Z="0" Hue="0" />
    <Tile TileID="3216" X="705" Y="502" Z="0" Hue="0" />
    <Tile TileID="3218" X="705" Y="501" Z="0" Hue="0" />
    <Tile TileID="3215" X="705" Y="500" Z="0" Hue="0" />
    <Tile TileID="3215" X="705" Y="499" Z="0" Hue="0" />
    <Tile TileID="3215" X="705" Y="498" Z="0" Hue="0" />
    <Tile TileID="3217" X="705" Y="497" Z="0" Hue="0" />
    <Tile TileID="3218" X="724" Y="477" Z="0" Hue="0" />
    <Tile TileID="3215" X="723" Y="477" Z="0" Hue="0" />
    <Tile TileID="3216" X="722" Y="477" Z="0" Hue="0" />
    <Tile TileID="3218" X="721" Y="477" Z="0" Hue="0" />
    <Tile TileID="3215" X="722" Y="488" Z="0" Hue="0" />
    <Tile TileID="3218" X="721" Y="488" Z="0" Hue="0" />
    <Tile TileID="3216" X="723" Y="519" Z="0" Hue="0" />
    <Tile TileID="3215" X="723" Y="518" Z="0" Hue="0" />
    <Tile TileID="3217" X="723" Y="517" Z="0" Hue="0" />
    <Tile TileID="3217" X="723" Y="516" Z="0" Hue="0" />
    <Tile TileID="1487" X="720" Y="489" Z="44" Hue="0" />
    <Tile TileID="1487" X="719" Y="489" Z="44" Hue="0" />
    <Tile TileID="3216" X="723" Y="513" Z="0" Hue="0" />
    <Tile TileID="3216" X="723" Y="512" Z="0" Hue="0" />
    <Tile TileID="3217" X="723" Y="511" Z="0" Hue="0" />
    <Tile TileID="3216" X="723" Y="510" Z="0" Hue="0" />
    <Tile TileID="3218" X="723" Y="509" Z="0" Hue="0" />
    <Tile TileID="3215" X="723" Y="508" Z="0" Hue="0" />
    <Tile TileID="3217" X="723" Y="507" Z="0" Hue="0" />
    <Tile TileID="3215" X="723" Y="506" Z="0" Hue="0" />
    <Tile TileID="3216" X="723" Y="505" Z="0" Hue="0" />
    <Tile TileID="3216" X="723" Y="504" Z="0" Hue="0" />
    <Tile TileID="3217" X="723" Y="503" Z="0" Hue="0" />
    <Tile TileID="3215" X="723" Y="502" Z="0" Hue="0" />
    <Tile TileID="3216" X="723" Y="501" Z="0" Hue="0" />
    <Tile TileID="3218" X="723" Y="500" Z="0" Hue="0" />
    <Tile TileID="3217" X="723" Y="499" Z="0" Hue="0" />
    <Tile TileID="3215" X="723" Y="498" Z="0" Hue="0" />
    <Tile TileID="3215" X="723" Y="497" Z="0" Hue="0" />
    <Tile TileID="3218" X="723" Y="496" Z="0" Hue="0" />
    <Tile TileID="3217" X="723" Y="495" Z="0" Hue="0" />
    <Tile TileID="3215" X="723" Y="494" Z="0" Hue="0" />
    <Tile TileID="3216" X="723" Y="493" Z="0" Hue="0" />
    <Tile TileID="3217" X="723" Y="492" Z="0" Hue="0" />
    <Tile TileID="3217" X="723" Y="491" Z="0" Hue="0" />
    <Tile TileID="3218" X="723" Y="490" Z="0" Hue="0" />
    <Tile TileID="3215" X="723" Y="489" Z="0" Hue="0" />
    <Tile TileID="3217" X="723" Y="488" Z="0" Hue="0" />
    <Tile TileID="3215" X="723" Y="520" Z="0" Hue="0" />
    <Tile TileID="3217" X="722" Y="520" Z="0" Hue="0" />
    <Tile TileID="3218" X="721" Y="520" Z="0" Hue="0" />
    <Tile TileID="3218" X="720" Y="520" Z="0" Hue="0" />
    <Tile TileID="3215" X="719" Y="520" Z="0" Hue="0" />
    <Tile TileID="3215" X="719" Y="519" Z="0" Hue="0" />
    <Tile TileID="3210" X="718" Y="501" Z="0" Hue="0" />
    <Tile TileID="3207" X="718" Y="500" Z="0" Hue="0" />
    <Tile TileID="3209" X="718" Y="499" Z="0" Hue="0" />
    <Tile TileID="3209" X="718" Y="497" Z="0" Hue="0" />
    <Tile TileID="3211" X="717" Y="501" Z="0" Hue="0" />
    <Tile TileID="3207" X="717" Y="500" Z="0" Hue="0" />
    <Tile TileID="3208" X="717" Y="499" Z="0" Hue="0" />
    <Tile TileID="3211" X="717" Y="498" Z="0" Hue="0" />
    <Tile TileID="3210" X="717" Y="497" Z="0" Hue="0" />
    <Tile TileID="3210" X="716" Y="501" Z="0" Hue="0" />
    <Tile TileID="3210" X="716" Y="500" Z="0" Hue="0" />
    <Tile TileID="3209" X="716" Y="499" Z="0" Hue="0" />
    <Tile TileID="3209" X="716" Y="498" Z="0" Hue="0" />
    <Tile TileID="3207" X="716" Y="497" Z="0" Hue="0" />
    <Tile TileID="3209" X="715" Y="501" Z="0" Hue="0" />
    <Tile TileID="3209" X="715" Y="500" Z="0" Hue="0" />
    <Tile TileID="3208" X="715" Y="499" Z="0" Hue="0" />
    <Tile TileID="3208" X="715" Y="498" Z="0" Hue="0" />
    <Tile TileID="3207" X="715" Y="497" Z="0" Hue="0" />
    <Tile TileID="3207" X="714" Y="501" Z="0" Hue="0" />
    <Tile TileID="3209" X="714" Y="500" Z="0" Hue="0" />
    <Tile TileID="3210" X="714" Y="499" Z="0" Hue="0" />
    <Tile TileID="3211" X="714" Y="498" Z="0" Hue="0" />
    <Tile TileID="3211" X="714" Y="497" Z="0" Hue="0" />
    <Tile TileID="3210" X="713" Y="501" Z="0" Hue="0" />
    <Tile TileID="3208" X="713" Y="500" Z="0" Hue="0" />
    <Tile TileID="3210" X="713" Y="499" Z="0" Hue="0" />
    <Tile TileID="3210" X="713" Y="498" Z="0" Hue="0" />
    <Tile TileID="3210" X="713" Y="497" Z="0" Hue="0" />
    <Tile TileID="3211" X="712" Y="501" Z="0" Hue="0" />
    <Tile TileID="3208" X="712" Y="500" Z="0" Hue="0" />
    <Tile TileID="3210" X="712" Y="499" Z="0" Hue="0" />
    <Tile TileID="3211" X="712" Y="498" Z="0" Hue="0" />
    <Tile TileID="3211" X="712" Y="497" Z="0" Hue="0" />
    <Tile TileID="3210" X="711" Y="501" Z="0" Hue="0" />
    <Tile TileID="3210" X="711" Y="500" Z="0" Hue="0" />
    <Tile TileID="3210" X="711" Y="499" Z="0" Hue="0" />
    <Tile TileID="3207" X="711" Y="498" Z="0" Hue="0" />
    <Tile TileID="3211" X="711" Y="497" Z="0" Hue="0" />
    <Tile TileID="3209" X="710" Y="501" Z="0" Hue="0" />
    <Tile TileID="3208" X="710" Y="500" Z="0" Hue="0" />
    <Tile TileID="3208" X="710" Y="499" Z="0" Hue="0" />
    <Tile TileID="3207" X="710" Y="498" Z="0" Hue="0" />
    <Tile TileID="3211" X="710" Y="497" Z="0" Hue="0" />
    <Tile TileID="3208" X="709" Y="501" Z="0" Hue="0" />
    <Tile TileID="3208" X="709" Y="500" Z="0" Hue="0" />
    <Tile TileID="3211" X="709" Y="499" Z="0" Hue="0" />
    <Tile TileID="3210" X="709" Y="498" Z="0" Hue="0" />
    <Tile TileID="3210" X="709" Y="497" Z="0" Hue="0" />
    <Tile TileID="3209" X="708" Y="501" Z="0" Hue="0" />
    <Tile TileID="3211" X="708" Y="500" Z="0" Hue="0" />
    <Tile TileID="3211" X="708" Y="499" Z="0" Hue="0" />
    <Tile TileID="3209" X="708" Y="498" Z="0" Hue="0" />
    <Tile TileID="3211" X="708" Y="497" Z="0" Hue="0" />
    <Tile TileID="3210" X="707" Y="501" Z="0" Hue="0" />
    <Tile TileID="3210" X="707" Y="500" Z="0" Hue="0" />
    <Tile TileID="3210" X="707" Y="498" Z="0" Hue="0" />
    <Tile TileID="3209" X="707" Y="497" Z="0" Hue="0" />
    <Tile TileID="3211" X="706" Y="501" Z="0" Hue="0" />
    <Tile TileID="3209" X="706" Y="500" Z="0" Hue="0" />
    <Tile TileID="3209" X="706" Y="499" Z="0" Hue="0" />
    <Tile TileID="1488" X="711" Y="484" Z="53" Hue="0" />
    <Tile TileID="3211" X="706" Y="497" Z="0" Hue="0" />
    <Tile TileID="3210" X="705" Y="501" Z="0" Hue="0" />
    <Tile TileID="3211" X="705" Y="500" Z="0" Hue="0" />
    <Tile TileID="3210" X="705" Y="499" Z="0" Hue="0" />
    <Tile TileID="3209" X="705" Y="498" Z="0" Hue="0" />
    <Tile TileID="3210" X="705" Y="497" Z="0" Hue="0" />
    <Tile TileID="3211" X="720" Y="519" Z="0" Hue="0" />
    <Tile TileID="3208" X="720" Y="518" Z="0" Hue="0" />
    <Tile TileID="3207" X="720" Y="517" Z="0" Hue="0" />
    <Tile TileID="1488" X="715" Y="483" Z="50" Hue="0" />
    <Tile TileID="1488" X="713" Y="483" Z="50" Hue="0" />
    <Tile TileID="3208" X="720" Y="510" Z="0" Hue="0" />
    <Tile TileID="3211" X="720" Y="506" Z="0" Hue="0" />
    <Tile TileID="3210" X="720" Y="503" Z="0" Hue="0" />
    <Tile TileID="3210" X="720" Y="502" Z="0" Hue="0" />
    <Tile TileID="1488" X="720" Y="482" Z="47" Hue="0" />
    <Tile TileID="1488" X="719" Y="482" Z="47" Hue="0" />
    <Tile TileID="1488" X="718" Y="482" Z="47" Hue="0" />
    <Tile TileID="1488" X="717" Y="482" Z="47" Hue="0" />
    <Tile TileID="1488" X="716" Y="482" Z="47" Hue="0" />
    <Tile TileID="1488" X="715" Y="482" Z="47" Hue="0" />
    <Tile TileID="1488" X="714" Y="482" Z="47" Hue="0" />
    <Tile TileID="1488" X="713" Y="482" Z="47" Hue="0" />
    <Tile TileID="1488" X="712" Y="482" Z="47" Hue="0" />
    <Tile TileID="1488" X="711" Y="482" Z="47" Hue="0" />
    <Tile TileID="1488" X="710" Y="482" Z="47" Hue="0" />
    <Tile TileID="1488" X="709" Y="482" Z="47" Hue="0" />
    <Tile TileID="1488" X="708" Y="482" Z="47" Hue="0" />
    <Tile TileID="1488" X="706" Y="482" Z="47" Hue="0" />
    <Tile TileID="3209" X="719" Y="509" Z="0" Hue="0" />
    <Tile TileID="3211" X="719" Y="508" Z="0" Hue="0" />
    <Tile TileID="3211" X="719" Y="507" Z="0" Hue="0" />
    <Tile TileID="1488" X="719" Y="481" Z="44" Hue="0" />
    <Tile TileID="1196" X="716" Y="495" Z="0" Hue="0" />
    <Tile TileID="1194" X="716" Y="494" Z="0" Hue="0" />
    <Tile TileID="3207" X="719" Y="503" Z="0" Hue="0" />
    <Tile TileID="1193" X="716" Y="492" Z="0" Hue="0" />
    <Tile TileID="1195" X="716" Y="491" Z="0" Hue="0" />
    <Tile TileID="3211" X="719" Y="500" Z="0" Hue="0" />
    <Tile TileID="3211" X="719" Y="499" Z="0" Hue="0" />
    <Tile TileID="3210" X="719" Y="498" Z="0" Hue="0" />
    <Tile TileID="3210" X="719" Y="497" Z="0" Hue="0" />
    <Tile TileID="3209" X="722" Y="519" Z="0" Hue="0" />
    <Tile TileID="3207" X="722" Y="518" Z="0" Hue="0" />
    <Tile TileID="3209" X="722" Y="517" Z="0" Hue="0" />
    <Tile TileID="3210" X="722" Y="516" Z="0" Hue="0" />
    <Tile TileID="3211" X="722" Y="515" Z="0" Hue="0" />
    <Tile TileID="3208" X="722" Y="514" Z="0" Hue="0" />
    <Tile TileID="1488" X="717" Y="478" Z="35" Hue="0" />
    <Tile TileID="3209" X="722" Y="512" Z="0" Hue="0" />
    <Tile TileID="1479" X="710" Y="478" Z="35" Hue="0" />
    <Tile TileID="3208" X="722" Y="510" Z="0" Hue="0" />
    <Tile TileID="3210" X="722" Y="509" Z="0" Hue="0" />
    <Tile TileID="3210" X="722" Y="508" Z="0" Hue="0" />
    <Tile TileID="1488" X="706" Y="478" Z="35" Hue="0" />
    <Tile TileID="3207" X="722" Y="506" Z="0" Hue="0" />
    <Tile TileID="1488" X="721" Y="477" Z="32" Hue="0" />
    <Tile TileID="3208" X="722" Y="504" Z="0" Hue="0" />
    <Tile TileID="3208" X="722" Y="503" Z="0" Hue="0" />
    <Tile TileID="3209" X="722" Y="502" Z="0" Hue="0" />
    <Tile TileID="3211" X="722" Y="501" Z="0" Hue="0" />
    <Tile TileID="3211" X="722" Y="500" Z="0" Hue="0" />
    <Tile TileID="3208" X="722" Y="499" Z="0" Hue="0" />
    <Tile TileID="3211" X="722" Y="498" Z="0" Hue="0" />
    <Tile TileID="3209" X="722" Y="497" Z="0" Hue="0" />
    <Tile TileID="3208" X="722" Y="496" Z="0" Hue="0" />
    <Tile TileID="1488" X="705" Y="477" Z="32" Hue="0" />
    <Tile TileID="3208" X="722" Y="494" Z="0" Hue="0" />
    <Tile TileID="3211" X="722" Y="493" Z="0" Hue="0" />
    <Tile TileID="3210" X="722" Y="492" Z="0" Hue="0" />
    <Tile TileID="3209" X="722" Y="491" Z="0" Hue="0" />
    <Tile TileID="1479" X="708" Y="476" Z="29" Hue="0" />
    <Tile TileID="3209" X="722" Y="489" Z="0" Hue="0" />
    <Tile TileID="3207" X="721" Y="519" Z="0" Hue="0" />
    <Tile TileID="3208" X="721" Y="518" Z="0" Hue="0" />
    <Tile TileID="3211" X="721" Y="517" Z="0" Hue="0" />
    <Tile TileID="3210" X="721" Y="516" Z="0" Hue="0" />
    <Tile TileID="3207" X="721" Y="515" Z="0" Hue="0" />
    <Tile TileID="3210" X="721" Y="514" Z="0" Hue="0" />
    <Tile TileID="3211" X="721" Y="513" Z="0" Hue="0" />
    <Tile TileID="3211" X="721" Y="512" Z="0" Hue="0" />
    <Tile TileID="3207" X="721" Y="511" Z="0" Hue="0" />
    <Tile TileID="3209" X="721" Y="510" Z="0" Hue="0" />
    <Tile TileID="3211" X="721" Y="509" Z="0" Hue="0" />
    <Tile TileID="3207" X="721" Y="508" Z="0" Hue="0" />
    <Tile TileID="3207" X="721" Y="507" Z="0" Hue="0" />
    <Tile TileID="3208" X="721" Y="506" Z="0" Hue="0" />
    <Tile TileID="3207" X="721" Y="505" Z="0" Hue="0" />
    <Tile TileID="3211" X="721" Y="504" Z="0" Hue="0" />
    <Tile TileID="3210" X="721" Y="503" Z="0" Hue="0" />
    <Tile TileID="3208" X="721" Y="502" Z="0" Hue="0" />
    <Tile TileID="3211" X="721" Y="501" Z="0" Hue="0" />
    <Tile TileID="3211" X="721" Y="500" Z="0" Hue="0" />
    <Tile TileID="3211" X="721" Y="499" Z="0" Hue="0" />
    <Tile TileID="3210" X="721" Y="498" Z="0" Hue="0" />
    <Tile TileID="3210" X="721" Y="497" Z="0" Hue="0" />
    <Tile TileID="3211" X="721" Y="496" Z="0" Hue="0" />
    <Tile TileID="3208" X="721" Y="495" Z="0" Hue="0" />
    <Tile TileID="3210" X="721" Y="494" Z="0" Hue="0" />
    <Tile TileID="3209" X="721" Y="493" Z="0" Hue="0" />
    <Tile TileID="3207" X="721" Y="492" Z="0" Hue="0" />
    <Tile TileID="3211" X="721" Y="491" Z="0" Hue="0" />
    <Tile TileID="3209" X="721" Y="490" Z="0" Hue="0" />
    <Tile TileID="3209" X="721" Y="489" Z="0" Hue="0" />
    <Tile TileID="3210" X="721" Y="483" Z="0" Hue="0" />
    <Tile TileID="3213" X="723" Y="483" Z="0" Hue="0" />
    <Tile TileID="3214" X="723" Y="482" Z="0" Hue="0" />
    <Tile TileID="3208" X="722" Y="483" Z="0" Hue="0" />
    <Tile TileID="3210" X="722" Y="482" Z="0" Hue="0" />
    <Tile TileID="1316" X="721" Y="484" Z="0" Hue="0" />
    <Tile TileID="1313" X="724" Y="484" Z="0" Hue="0" />
    <Tile TileID="1314" X="724" Y="481" Z="0" Hue="0" />
    <Tile TileID="1315" X="724" Y="518" Z="0" Hue="0" />
    <Tile TileID="1313" X="724" Y="512" Z="0" Hue="0" />
    <Tile TileID="1314" X="724" Y="511" Z="0" Hue="0" />
    <Tile TileID="1315" X="724" Y="510" Z="0" Hue="0" />
    <Tile TileID="1314" X="724" Y="509" Z="0" Hue="0" />
    <Tile TileID="1313" X="724" Y="508" Z="0" Hue="0" />
    <Tile TileID="1313" X="724" Y="507" Z="0" Hue="0" />
    <Tile TileID="1476" X="708" Y="475" Z="29" Hue="0" />
    <Tile TileID="1315" X="724" Y="505" Z="0" Hue="0" />
    <Tile TileID="1313" X="724" Y="504" Z="0" Hue="0" />
    <Tile TileID="1476" X="707" Y="474" Z="26" Hue="0" />
    <Tile TileID="1476" X="706" Y="473" Z="23" Hue="0" />
    <Tile TileID="1480" X="721" Y="497" Z="20" Hue="0" />
    <Tile TileID="1477" X="705" Y="497" Z="20" Hue="0" />
    <Tile TileID="1478" X="721" Y="473" Z="20" Hue="0" />
    <Tile TileID="1479" X="705" Y="473" Z="20" Hue="0" />
    <Tile TileID="87" X="720" Y="484" Z="0" Hue="0" />
    <Tile TileID="87" X="720" Y="487" Z="0" Hue="0" />
    <Tile TileID="2879" X="705" Y="487" Z="0" Hue="0" />
    <Tile TileID="2879" X="705" Y="486" Z="0" Hue="0" />
    <Tile TileID="2879" X="705" Y="485" Z="0" Hue="0" />
    <Tile TileID="1315" X="724" Y="492" Z="0" Hue="0" />
    <Tile TileID="2879" X="705" Y="484" Z="0" Hue="0" />
    <Tile TileID="2879" X="712" Y="483" Z="0" Hue="0" />
    <Tile TileID="1313" X="724" Y="489" Z="0" Hue="0" />
    <Tile TileID="2879" X="710" Y="483" Z="0" Hue="0" />
    <Tile TileID="1316" X="724" Y="487" Z="0" Hue="0" />
    <Tile TileID="1314" X="724" Y="521" Z="0" Hue="0" />
    <Tile TileID="1316" X="723" Y="521" Z="0" Hue="0" />
    <Tile TileID="1315" X="722" Y="521" Z="0" Hue="0" />
    <Tile TileID="1316" X="721" Y="521" Z="0" Hue="0" />
    <Tile TileID="1313" X="720" Y="521" Z="0" Hue="0" />
    <Tile TileID="1316" X="719" Y="521" Z="0" Hue="0" />
    <Tile TileID="1306" X="726" Y="521" Z="0" Hue="0" />
    <Tile TileID="1307" X="726" Y="520" Z="0" Hue="0" />
    <Tile TileID="1308" X="726" Y="519" Z="0" Hue="0" />
    <Tile TileID="1306" X="726" Y="518" Z="0" Hue="0" />
    <Tile TileID="1306" X="726" Y="517" Z="0" Hue="0" />
    <Tile TileID="1308" X="726" Y="516" Z="0" Hue="0" />
    <Tile TileID="1306" X="726" Y="515" Z="0" Hue="0" />
    <Tile TileID="1305" X="726" Y="514" Z="0" Hue="0" />
    <Tile TileID="1306" X="726" Y="513" Z="0" Hue="0" />
    <Tile TileID="1307" X="726" Y="512" Z="0" Hue="0" />
    <Tile TileID="1306" X="726" Y="511" Z="0" Hue="0" />
    <Tile TileID="1305" X="726" Y="510" Z="0" Hue="0" />
    <Tile TileID="1195" X="710" Y="478" Z="0" Hue="0" />
    <Tile TileID="1195" X="710" Y="477" Z="0" Hue="0" />
    <Tile TileID="1195" X="710" Y="476" Z="0" Hue="0" />
    <Tile TileID="1194" X="710" Y="475" Z="0" Hue="0" />
    <Tile TileID="1194" X="710" Y="474" Z="0" Hue="0" />
    <Tile TileID="2879" X="709" Y="483" Z="0" Hue="0" />
    <Tile TileID="1307" X="726" Y="503" Z="0" Hue="0" />
    <Tile TileID="1305" X="726" Y="502" Z="0" Hue="0" />
    <Tile TileID="1307" X="726" Y="501" Z="0" Hue="0" />
    <Tile TileID="1305" X="726" Y="500" Z="0" Hue="0" />
    <Tile TileID="1307" X="726" Y="499" Z="0" Hue="0" />
    <Tile TileID="1308" X="726" Y="498" Z="0" Hue="0" />
    <Tile TileID="1308" X="726" Y="497" Z="0" Hue="0" />
    <Tile TileID="1308" X="726" Y="496" Z="0" Hue="0" />
    <Tile TileID="1305" X="726" Y="495" Z="0" Hue="0" />
    <Tile TileID="1306" X="726" Y="494" Z="0" Hue="0" />
    <Tile TileID="1305" X="726" Y="493" Z="0" Hue="0" />
    <Tile TileID="1305" X="726" Y="492" Z="0" Hue="0" />
    <Tile TileID="1306" X="726" Y="491" Z="0" Hue="0" />
    <Tile TileID="1306" X="726" Y="490" Z="0" Hue="0" />
    <Tile TileID="1308" X="726" Y="489" Z="0" Hue="0" />
    <Tile TileID="1308" X="726" Y="488" Z="0" Hue="0" />
    <Tile TileID="1305" X="726" Y="487" Z="0" Hue="0" />
    <Tile TileID="1195" X="709" Y="477" Z="0" Hue="0" />
    <Tile TileID="1305" X="726" Y="485" Z="0" Hue="0" />
    <Tile TileID="2879" X="715" Y="490" Z="0" Hue="0" />
    <Tile TileID="1306" X="726" Y="483" Z="0" Hue="0" />
    <Tile TileID="1305" X="726" Y="482" Z="0" Hue="0" />
    <Tile TileID="1308" X="726" Y="481" Z="0" Hue="0" />
    <Tile TileID="1307" X="726" Y="480" Z="0" Hue="0" />
    <Tile TileID="1308" X="726" Y="479" Z="0" Hue="0" />
    <Tile TileID="94" X="718" Y="496" Z="0" Hue="0" />
    <Tile TileID="94" X="715" Y="496" Z="0" Hue="0" />
    <Tile TileID="1306" X="725" Y="519" Z="0" Hue="0" />
    <Tile TileID="1305" X="725" Y="518" Z="0" Hue="0" />
    <Tile TileID="1305" X="725" Y="517" Z="0" Hue="0" />
    <Tile TileID="1306" X="725" Y="516" Z="0" Hue="0" />
    <Tile TileID="1307" X="725" Y="515" Z="0" Hue="0" />
    <Tile TileID="1308" X="725" Y="514" Z="0" Hue="0" />
    <Tile TileID="94" X="707" Y="472" Z="0" Hue="0" />
    <Tile TileID="93" X="704" Y="475" Z="0" Hue="0" />
    <Tile TileID="1308" X="725" Y="511" Z="0" Hue="0" />
    <Tile TileID="1308" X="725" Y="510" Z="0" Hue="0" />
    <Tile TileID="93" X="720" Y="476" Z="0" Hue="0" />
    <Tile TileID="1308" X="725" Y="508" Z="0" Hue="0" />
    <Tile TileID="93" X="704" Y="480" Z="0" Hue="0" />
    <Tile TileID="1307" X="725" Y="506" Z="0" Hue="0" />
    <Tile TileID="93" X="704" Y="484" Z="0" Hue="0" />
    <Tile TileID="93" X="704" Y="491" Z="0" Hue="0" />
    <Tile TileID="93" X="704" Y="495" Z="0" Hue="0" />
    <Tile TileID="93" X="720" Y="491" Z="0" Hue="0" />
    <Tile TileID="93" X="720" Y="495" Z="0" Hue="0" />
    <Tile TileID="13" X="712" Y="476" Z="0" Hue="0" />
    <Tile TileID="11" X="712" Y="473" Z="0" Hue="0" />
    <Tile TileID="11" X="712" Y="479" Z="0" Hue="0" />
    <Tile TileID="8" X="712" Y="481" Z="0" Hue="0" />
    <Tile TileID="1308" X="725" Y="484" Z="0" Hue="0" />
    <Tile TileID="1307" X="725" Y="482" Z="0" Hue="0" />
    <Tile TileID="1308" X="725" Y="481" Z="0" Hue="0" />
    <Tile TileID="1305" X="725" Y="480" Z="0" Hue="0" />
    <Tile TileID="1306" X="725" Y="479" Z="0" Hue="0" />
    <Tile TileID="1305" X="724" Y="486" Z="0" Hue="0" />
    <Tile TileID="1306" X="724" Y="485" Z="0" Hue="0" />
    <Tile TileID="8" X="712" Y="475" Z="0" Hue="0" />
    <Tile TileID="8" X="712" Y="474" Z="0" Hue="0" />
    <Tile TileID="1306" X="722" Y="486" Z="0" Hue="0" />
    <Tile TileID="10" X="705" Y="482" Z="0" Hue="0" />
    <Tile TileID="6" X="712" Y="482" Z="0" Hue="0" />
    <Tile TileID="1308" X="721" Y="485" Z="0" Hue="0" />
    <Tile TileID="1307" X="724" Y="480" Z="0" Hue="0" />
    <Tile TileID="7" X="711" Y="482" Z="0" Hue="0" />
    <Tile TileID="7" X="710" Y="482" Z="0" Hue="0" />
    <Tile TileID="7" X="709" Y="482" Z="0" Hue="0" />
    <Tile TileID="7" X="708" Y="482" Z="0" Hue="0" />
    <Tile TileID="1194" X="706" Y="484" Z="0" Hue="0" />
    <Tile TileID="7" X="706" Y="482" Z="0" Hue="0" />
    <Tile TileID="1308" X="721" Y="479" Z="0" Hue="0" />
    <Tile TileID="89" X="720" Y="496" Z="0" Hue="0" />
    <Tile TileID="87" X="720" Y="494" Z="0" Hue="0" />
    <Tile TileID="87" X="704" Y="490" Z="20" Hue="0" />
    <Tile TileID="87" X="704" Y="489" Z="20" Hue="0" />
    <Tile TileID="87" X="704" Y="488" Z="20" Hue="0" />
    <Tile TileID="87" X="704" Y="487" Z="20" Hue="0" />
    <Tile TileID="87" X="704" Y="486" Z="20" Hue="0" />
    <Tile TileID="87" X="704" Y="485" Z="20" Hue="0" />
    <Tile TileID="87" X="704" Y="484" Z="20" Hue="0" />
    <Tile TileID="87" X="704" Y="483" Z="20" Hue="0" />
    <Tile TileID="87" X="704" Y="482" Z="20" Hue="0" />
    <Tile TileID="87" X="704" Y="481" Z="20" Hue="0" />
    <Tile TileID="87" X="704" Y="480" Z="20" Hue="0" />
    <Tile TileID="87" X="704" Y="479" Z="20" Hue="0" />
    <Tile TileID="100" X="720" Y="474" Z="20" Hue="0" />
    <Tile TileID="93" X="720" Y="482" Z="20" Hue="0" />
    <Tile TileID="93" X="720" Y="485" Z="20" Hue="0" />
    <Tile TileID="96" X="720" Y="494" Z="20" Hue="0" />
    <Tile TileID="96" X="720" Y="477" Z="20" Hue="0" />
    <Tile TileID="96" X="720" Y="476" Z="20" Hue="0" />
    <Tile TileID="96" X="720" Y="475" Z="20" Hue="0" />
    <Tile TileID="96" X="720" Y="484" Z="40" Hue="0" />
    <Tile TileID="96" X="720" Y="483" Z="40" Hue="0" />
    <Tile TileID="96" X="720" Y="482" Z="40" Hue="0" />
    <Tile TileID="87" X="720" Y="486" Z="40" Hue="0" />
    <Tile TileID="87" X="720" Y="485" Z="40" Hue="0" />
    <Tile TileID="87" X="720" Y="493" Z="20" Hue="0" />
    <Tile TileID="87" X="720" Y="492" Z="20" Hue="0" />
    <Tile TileID="87" X="720" Y="491" Z="20" Hue="0" />
    <Tile TileID="87" X="720" Y="490" Z="20" Hue="0" />
    <Tile TileID="87" X="720" Y="489" Z="20" Hue="0" />
    <Tile TileID="87" X="720" Y="488" Z="20" Hue="0" />
    <Tile TileID="87" X="720" Y="487" Z="20" Hue="0" />
    <Tile TileID="87" X="720" Y="486" Z="20" Hue="0" />
    <Tile TileID="87" X="720" Y="484" Z="20" Hue="0" />
    <Tile TileID="87" X="720" Y="483" Z="20" Hue="0" />
    <Tile TileID="87" X="704" Y="478" Z="0" Hue="0" />
    <Tile TileID="87" X="720" Y="481" Z="20" Hue="0" />
    <Tile TileID="87" X="720" Y="480" Z="20" Hue="0" />
    <Tile TileID="87" X="720" Y="479" Z="20" Hue="0" />
    <Tile TileID="87" X="720" Y="478" Z="20" Hue="0" />
    <Tile TileID="88" X="706" Y="496" Z="0" Hue="0" />
    <Tile TileID="95" X="707" Y="496" Z="20" Hue="0" />
    <Tile TileID="95" X="709" Y="496" Z="20" Hue="0" />
    <Tile TileID="95" X="708" Y="496" Z="20" Hue="0" />
    <Tile TileID="88" X="717" Y="496" Z="20" Hue="0" />
    <Tile TileID="88" X="716" Y="496" Z="20" Hue="0" />
    <Tile TileID="88" X="715" Y="496" Z="20" Hue="0" />
    <Tile TileID="88" X="714" Y="496" Z="20" Hue="0" />
    <Tile TileID="88" X="713" Y="496" Z="20" Hue="0" />
    <Tile TileID="88" X="712" Y="496" Z="20" Hue="0" />
    <Tile TileID="88" X="711" Y="496" Z="20" Hue="0" />
    <Tile TileID="88" X="710" Y="496" Z="20" Hue="0" />
    <Tile TileID="1475" X="720" Y="497" Z="23" Hue="0" />
    <Tile TileID="1476" X="706" Y="497" Z="23" Hue="0" />
    <Tile TileID="1487" X="721" Y="496" Z="23" Hue="0" />
    <Tile TileID="1480" X="720" Y="496" Z="23" Hue="0" />
    <Tile TileID="1475" X="719" Y="497" Z="26" Hue="0" />
    <Tile TileID="1475" X="719" Y="496" Z="26" Hue="0" />
    <Tile TileID="1476" X="707" Y="497" Z="26" Hue="0" />
    <Tile TileID="1476" X="707" Y="496" Z="26" Hue="0" />
    <Tile TileID="1477" X="706" Y="496" Z="23" Hue="0" />
    <Tile TileID="1487" X="705" Y="496" Z="23" Hue="0" />
    <Tile TileID="1487" X="721" Y="495" Z="26" Hue="0" />
    <Tile TileID="1487" X="720" Y="495" Z="26" Hue="0" />
    <Tile TileID="1480" X="719" Y="495" Z="26" Hue="0" />
    <Tile TileID="1475" X="718" Y="497" Z="29" Hue="0" />
    <Tile TileID="1475" X="718" Y="496" Z="29" Hue="0" />
    <Tile TileID="1475" X="718" Y="495" Z="29" Hue="0" />
    <Tile TileID="1476" X="708" Y="497" Z="29" Hue="0" />
    <Tile TileID="1476" X="708" Y="496" Z="29" Hue="0" />
    <Tile TileID="1476" X="708" Y="495" Z="29" Hue="0" />
    <Tile TileID="1477" X="707" Y="495" Z="26" Hue="0" />
    <Tile TileID="1487" X="706" Y="495" Z="26" Hue="0" />
    <Tile TileID="1487" X="705" Y="495" Z="26" Hue="0" />
    <Tile TileID="1487" X="721" Y="494" Z="29" Hue="0" />
    <Tile TileID="1487" X="720" Y="494" Z="29" Hue="0" />
    <Tile TileID="1487" X="719" Y="494" Z="29" Hue="0" />
    <Tile TileID="1480" X="718" Y="494" Z="29" Hue="0" />
    <Tile TileID="1475" X="717" Y="497" Z="32" Hue="0" />
    <Tile TileID="1475" X="717" Y="496" Z="32" Hue="0" />
    <Tile TileID="1475" X="717" Y="495" Z="32" Hue="0" />
    <Tile TileID="1475" X="717" Y="494" Z="32" Hue="0" />
    <Tile TileID="1476" X="709" Y="497" Z="32" Hue="0" />
    <Tile TileID="1476" X="709" Y="496" Z="32" Hue="0" />
    <Tile TileID="1199" X="720" Y="485" Z="0" Hue="0" />
    <Tile TileID="1476" X="709" Y="494" Z="32" Hue="0" />
    <Tile TileID="1477" X="708" Y="494" Z="29" Hue="0" />
    <Tile TileID="1487" X="707" Y="494" Z="29" Hue="0" />
    <Tile TileID="1487" X="706" Y="494" Z="29" Hue="0" />
    <Tile TileID="1487" X="705" Y="494" Z="29" Hue="0" />
    <Tile TileID="1487" X="721" Y="493" Z="32" Hue="0" />
    <Tile TileID="1487" X="720" Y="493" Z="32" Hue="0" />
    <Tile TileID="1487" X="719" Y="493" Z="32" Hue="0" />
    <Tile TileID="1487" X="718" Y="493" Z="32" Hue="0" />
    <Tile TileID="1480" X="717" Y="493" Z="32" Hue="0" />
    <Tile TileID="1475" X="716" Y="497" Z="35" Hue="0" />
    <Tile TileID="1475" X="716" Y="496" Z="35" Hue="0" />
    <Tile TileID="1475" X="716" Y="495" Z="35" Hue="0" />
    <Tile TileID="1475" X="716" Y="494" Z="35" Hue="0" />
    <Tile TileID="1475" X="716" Y="493" Z="35" Hue="0" />
    <Tile TileID="1476" X="710" Y="497" Z="35" Hue="0" />
    <Tile TileID="1476" X="710" Y="496" Z="35" Hue="0" />
    <Tile TileID="1476" X="710" Y="495" Z="35" Hue="0" />
    <Tile TileID="1476" X="710" Y="494" Z="35" Hue="0" />
    <Tile TileID="1476" X="710" Y="493" Z="35" Hue="0" />
    <Tile TileID="1477" X="709" Y="493" Z="32" Hue="0" />
    <Tile TileID="1487" X="708" Y="493" Z="32" Hue="0" />
    <Tile TileID="1487" X="707" Y="493" Z="32" Hue="0" />
    <Tile TileID="1487" X="706" Y="493" Z="32" Hue="0" />
    <Tile TileID="1487" X="705" Y="493" Z="32" Hue="0" />
    <Tile TileID="1487" X="721" Y="492" Z="35" Hue="0" />
    <Tile TileID="1487" X="720" Y="492" Z="35" Hue="0" />
    <Tile TileID="1487" X="719" Y="492" Z="35" Hue="0" />
    <Tile TileID="1487" X="718" Y="492" Z="35" Hue="0" />
    <Tile TileID="1487" X="717" Y="492" Z="35" Hue="0" />
    <Tile TileID="1480" X="716" Y="492" Z="35" Hue="0" />
    <Tile TileID="1475" X="715" Y="497" Z="38" Hue="0" />
    <Tile TileID="1475" X="715" Y="496" Z="38" Hue="0" />
    <Tile TileID="1475" X="715" Y="495" Z="38" Hue="0" />
    <Tile TileID="1475" X="715" Y="494" Z="38" Hue="0" />
    <Tile TileID="1475" X="715" Y="493" Z="38" Hue="0" />
    <Tile TileID="1475" X="715" Y="492" Z="38" Hue="0" />
    <Tile TileID="1476" X="711" Y="497" Z="38" Hue="0" />
    <Tile TileID="1476" X="711" Y="496" Z="38" Hue="0" />
    <Tile TileID="1476" X="711" Y="495" Z="38" Hue="0" />
    <Tile TileID="1476" X="711" Y="494" Z="38" Hue="0" />
    <Tile TileID="1476" X="711" Y="493" Z="38" Hue="0" />
    <Tile TileID="1476" X="711" Y="492" Z="38" Hue="0" />
    <Tile TileID="1477" X="710" Y="492" Z="35" Hue="0" />
    <Tile TileID="1487" X="709" Y="492" Z="35" Hue="0" />
    <Tile TileID="1487" X="708" Y="492" Z="35" Hue="0" />
    <Tile TileID="1487" X="707" Y="492" Z="35" Hue="0" />
    <Tile TileID="1487" X="706" Y="492" Z="35" Hue="0" />
    <Tile TileID="1487" X="705" Y="492" Z="35" Hue="0" />
    <Tile TileID="1487" X="721" Y="491" Z="38" Hue="0" />
    <Tile TileID="1487" X="720" Y="491" Z="38" Hue="0" />
    <Tile TileID="1487" X="719" Y="491" Z="38" Hue="0" />
    <Tile TileID="1487" X="718" Y="491" Z="38" Hue="0" />
    <Tile TileID="1487" X="717" Y="491" Z="38" Hue="0" />
    <Tile TileID="1487" X="716" Y="491" Z="38" Hue="0" />
    <Tile TileID="1480" X="715" Y="491" Z="38" Hue="0" />
    <Tile TileID="1475" X="714" Y="497" Z="41" Hue="0" />
    <Tile TileID="1475" X="714" Y="496" Z="41" Hue="0" />
    <Tile TileID="1475" X="714" Y="495" Z="41" Hue="0" />
    <Tile TileID="1475" X="714" Y="494" Z="41" Hue="0" />
    <Tile TileID="1475" X="714" Y="493" Z="41" Hue="0" />
    <Tile TileID="1475" X="714" Y="492" Z="41" Hue="0" />
    <Tile TileID="1475" X="714" Y="491" Z="41" Hue="0" />
    <Tile TileID="1476" X="712" Y="497" Z="41" Hue="0" />
    <Tile TileID="1476" X="712" Y="496" Z="41" Hue="0" />
    <Tile TileID="1476" X="712" Y="495" Z="41" Hue="0" />
    <Tile TileID="1476" X="712" Y="494" Z="41" Hue="0" />
    <Tile TileID="1476" X="712" Y="493" Z="41" Hue="0" />
    <Tile TileID="1476" X="712" Y="492" Z="41" Hue="0" />
    <Tile TileID="1476" X="712" Y="491" Z="41" Hue="0" />
    <Tile TileID="1477" X="711" Y="491" Z="38" Hue="0" />
    <Tile TileID="1487" X="710" Y="491" Z="38" Hue="0" />
    <Tile TileID="1487" X="709" Y="491" Z="38" Hue="0" />
    <Tile TileID="1487" X="708" Y="491" Z="38" Hue="0" />
    <Tile TileID="1487" X="707" Y="491" Z="38" Hue="0" />
    <Tile TileID="1487" X="706" Y="491" Z="38" Hue="0" />
    <Tile TileID="1487" X="705" Y="491" Z="38" Hue="0" />
    <Tile TileID="1487" X="721" Y="490" Z="41" Hue="0" />
    <Tile TileID="1487" X="720" Y="490" Z="41" Hue="0" />
    <Tile TileID="1487" X="719" Y="490" Z="41" Hue="0" />
    <Tile TileID="1487" X="718" Y="490" Z="41" Hue="0" />
    <Tile TileID="1487" X="717" Y="490" Z="41" Hue="0" />
    <Tile TileID="1487" X="716" Y="490" Z="41" Hue="0" />
    <Tile TileID="1487" X="715" Y="490" Z="41" Hue="0" />
    <Tile TileID="1480" X="714" Y="490" Z="41" Hue="0" />
    <Tile TileID="1474" X="713" Y="497" Z="44" Hue="0" />
    <Tile TileID="1474" X="713" Y="496" Z="44" Hue="0" />
    <Tile TileID="1474" X="713" Y="495" Z="44" Hue="0" />
    <Tile TileID="1474" X="713" Y="494" Z="44" Hue="0" />
    <Tile TileID="1474" X="713" Y="493" Z="44" Hue="0" />
    <Tile TileID="1474" X="713" Y="492" Z="44" Hue="0" />
    <Tile TileID="1474" X="713" Y="491" Z="44" Hue="0" />
    <Tile TileID="1474" X="713" Y="490" Z="44" Hue="0" />
    <Tile TileID="1477" X="712" Y="490" Z="41" Hue="0" />
    <Tile TileID="1487" X="711" Y="490" Z="41" Hue="0" />
    <Tile TileID="1487" X="710" Y="490" Z="41" Hue="0" />
    <Tile TileID="1487" X="709" Y="490" Z="41" Hue="0" />
    <Tile TileID="1487" X="708" Y="490" Z="41" Hue="0" />
    <Tile TileID="1487" X="707" Y="490" Z="41" Hue="0" />
    <Tile TileID="1487" X="706" Y="490" Z="41" Hue="0" />
    <Tile TileID="1487" X="705" Y="490" Z="41" Hue="0" />
    <Tile TileID="1487" X="721" Y="489" Z="44" Hue="0" />
    <Tile TileID="1487" X="718" Y="489" Z="44" Hue="0" />
    <Tile TileID="1487" X="717" Y="489" Z="44" Hue="0" />
    <Tile TileID="1487" X="716" Y="489" Z="44" Hue="0" />
    <Tile TileID="1487" X="715" Y="489" Z="44" Hue="0" />
    <Tile TileID="1487" X="714" Y="489" Z="44" Hue="0" />
    <Tile TileID="1487" X="713" Y="489" Z="44" Hue="0" />
    <Tile TileID="1487" X="712" Y="489" Z="44" Hue="0" />
    <Tile TileID="1487" X="711" Y="489" Z="44" Hue="0" />
    <Tile TileID="1487" X="710" Y="489" Z="44" Hue="0" />
    <Tile TileID="1487" X="709" Y="489" Z="44" Hue="0" />
    <Tile TileID="1487" X="708" Y="489" Z="44" Hue="0" />
    <Tile TileID="1487" X="707" Y="489" Z="44" Hue="0" />
    <Tile TileID="1487" X="706" Y="489" Z="44" Hue="0" />
    <Tile TileID="1487" X="705" Y="489" Z="44" Hue="0" />
    <Tile TileID="1487" X="720" Y="488" Z="47" Hue="0" />
    <Tile TileID="1487" X="719" Y="488" Z="47" Hue="0" />
    <Tile TileID="1487" X="718" Y="488" Z="47" Hue="0" />
    <Tile TileID="1487" X="717" Y="488" Z="47" Hue="0" />
    <Tile TileID="1487" X="716" Y="488" Z="47" Hue="0" />
    <Tile TileID="1487" X="715" Y="488" Z="47" Hue="0" />
    <Tile TileID="1487" X="714" Y="488" Z="47" Hue="0" />
    <Tile TileID="1487" X="713" Y="488" Z="47" Hue="0" />
    <Tile TileID="1487" X="712" Y="488" Z="47" Hue="0" />
    <Tile TileID="1487" X="711" Y="488" Z="47" Hue="0" />
    <Tile TileID="1487" X="710" Y="488" Z="47" Hue="0" />
    <Tile TileID="1487" X="709" Y="488" Z="47" Hue="0" />
    <Tile TileID="1487" X="708" Y="488" Z="47" Hue="0" />
    <Tile TileID="1487" X="707" Y="488" Z="47" Hue="0" />
    <Tile TileID="1487" X="706" Y="488" Z="47" Hue="0" />
    <Tile TileID="1487" X="705" Y="488" Z="47" Hue="0" />
    <Tile TileID="1487" X="721" Y="487" Z="50" Hue="0" />
    <Tile TileID="1487" X="720" Y="487" Z="50" Hue="0" />
    <Tile TileID="1487" X="719" Y="487" Z="50" Hue="0" />
    <Tile TileID="1487" X="718" Y="487" Z="50" Hue="0" />
    <Tile TileID="1487" X="717" Y="487" Z="50" Hue="0" />
    <Tile TileID="1487" X="716" Y="487" Z="50" Hue="0" />
    <Tile TileID="1487" X="715" Y="487" Z="50" Hue="0" />
    <Tile TileID="1487" X="714" Y="487" Z="50" Hue="0" />
    <Tile TileID="1487" X="713" Y="487" Z="50" Hue="0" />
    <Tile TileID="1487" X="712" Y="487" Z="50" Hue="0" />
    <Tile TileID="1487" X="711" Y="487" Z="50" Hue="0" />
    <Tile TileID="1487" X="710" Y="487" Z="50" Hue="0" />
    <Tile TileID="1487" X="709" Y="487" Z="50" Hue="0" />
    <Tile TileID="1487" X="708" Y="487" Z="50" Hue="0" />
    <Tile TileID="1487" X="707" Y="487" Z="50" Hue="0" />
    <Tile TileID="1487" X="706" Y="487" Z="50" Hue="0" />
    <Tile TileID="1487" X="705" Y="487" Z="50" Hue="0" />
    <Tile TileID="1487" X="721" Y="486" Z="53" Hue="0" />
    <Tile TileID="1487" X="720" Y="486" Z="53" Hue="0" />
    <Tile TileID="1487" X="719" Y="486" Z="53" Hue="0" />
    <Tile TileID="1487" X="718" Y="486" Z="53" Hue="0" />
    <Tile TileID="1487" X="717" Y="486" Z="53" Hue="0" />
    <Tile TileID="1487" X="716" Y="486" Z="53" Hue="0" />
    <Tile TileID="1487" X="715" Y="486" Z="53" Hue="0" />
    <Tile TileID="1487" X="714" Y="486" Z="53" Hue="0" />
    <Tile TileID="1487" X="713" Y="486" Z="53" Hue="0" />
    <Tile TileID="1487" X="712" Y="486" Z="53" Hue="0" />
    <Tile TileID="1487" X="711" Y="486" Z="53" Hue="0" />
    <Tile TileID="1487" X="710" Y="486" Z="53" Hue="0" />
    <Tile TileID="1487" X="709" Y="486" Z="53" Hue="0" />
    <Tile TileID="1487" X="708" Y="486" Z="53" Hue="0" />
    <Tile TileID="1487" X="707" Y="486" Z="53" Hue="0" />
    <Tile TileID="1487" X="706" Y="486" Z="53" Hue="0" />
    <Tile TileID="1487" X="705" Y="486" Z="53" Hue="0" />
    <Tile TileID="1486" X="721" Y="485" Z="56" Hue="0" />
    <Tile TileID="1486" X="720" Y="485" Z="56" Hue="0" />
    <Tile TileID="1486" X="719" Y="485" Z="56" Hue="0" />
    <Tile TileID="1486" X="718" Y="485" Z="56" Hue="0" />
    <Tile TileID="1486" X="717" Y="485" Z="56" Hue="0" />
    <Tile TileID="1486" X="716" Y="485" Z="56" Hue="0" />
    <Tile TileID="1486" X="715" Y="485" Z="56" Hue="0" />
    <Tile TileID="1486" X="714" Y="485" Z="56" Hue="0" />
    <Tile TileID="1486" X="713" Y="485" Z="56" Hue="0" />
    <Tile TileID="1486" X="712" Y="485" Z="56" Hue="0" />
    <Tile TileID="1486" X="711" Y="485" Z="56" Hue="0" />
    <Tile TileID="1486" X="710" Y="485" Z="56" Hue="0" />
    <Tile TileID="1486" X="709" Y="485" Z="56" Hue="0" />
    <Tile TileID="1486" X="708" Y="485" Z="56" Hue="0" />
    <Tile TileID="1486" X="707" Y="485" Z="56" Hue="0" />
    <Tile TileID="1486" X="706" Y="485" Z="56" Hue="0" />
    <Tile TileID="1486" X="705" Y="485" Z="56" Hue="0" />
    <Tile TileID="1488" X="721" Y="484" Z="53" Hue="0" />
    <Tile TileID="1488" X="720" Y="484" Z="53" Hue="0" />
    <Tile TileID="1488" X="719" Y="484" Z="53" Hue="0" />
    <Tile TileID="1488" X="718" Y="484" Z="53" Hue="0" />
    <Tile TileID="1488" X="717" Y="484" Z="53" Hue="0" />
    <Tile TileID="1488" X="716" Y="484" Z="53" Hue="0" />
    <Tile TileID="1488" X="715" Y="484" Z="53" Hue="0" />
    <Tile TileID="1488" X="714" Y="484" Z="53" Hue="0" />
    <Tile TileID="1488" X="713" Y="484" Z="53" Hue="0" />
    <Tile TileID="1488" X="712" Y="484" Z="53" Hue="0" />
    <Tile TileID="1195" X="718" Y="476" Z="0" Hue="0" />
    <Tile TileID="1488" X="710" Y="484" Z="53" Hue="0" />
    <Tile TileID="1488" X="709" Y="484" Z="53" Hue="0" />
    <Tile TileID="1488" X="708" Y="484" Z="53" Hue="0" />
    <Tile TileID="1488" X="707" Y="484" Z="53" Hue="0" />
    <Tile TileID="1488" X="706" Y="484" Z="53" Hue="0" />
    <Tile TileID="1488" X="705" Y="484" Z="53" Hue="0" />
    <Tile TileID="1488" X="721" Y="483" Z="50" Hue="0" />
    <Tile TileID="1488" X="720" Y="483" Z="50" Hue="0" />
    <Tile TileID="1488" X="719" Y="483" Z="50" Hue="0" />
    <Tile TileID="1488" X="717" Y="483" Z="50" Hue="0" />
    <Tile TileID="1488" X="712" Y="483" Z="50" Hue="0" />
    <Tile TileID="1488" X="711" Y="483" Z="50" Hue="0" />
    <Tile TileID="1488" X="710" Y="483" Z="50" Hue="0" />
    <Tile TileID="1488" X="709" Y="483" Z="50" Hue="0" />
    <Tile TileID="1488" X="708" Y="483" Z="50" Hue="0" />
    <Tile TileID="1488" X="707" Y="483" Z="50" Hue="0" />
    <Tile TileID="1488" X="706" Y="483" Z="50" Hue="0" />
    <Tile TileID="1488" X="705" Y="483" Z="50" Hue="0" />
    <Tile TileID="1488" X="721" Y="482" Z="47" Hue="0" />
    <Tile TileID="1195" X="717" Y="474" Z="0" Hue="0" />
    <Tile TileID="1194" X="716" Y="490" Z="0" Hue="0" />
    <Tile TileID="1194" X="716" Y="489" Z="0" Hue="0" />
    <Tile TileID="1196" X="716" Y="488" Z="0" Hue="0" />
    <Tile TileID="1195" X="716" Y="487" Z="0" Hue="0" />
    <Tile TileID="1196" X="716" Y="486" Z="0" Hue="0" />
    <Tile TileID="1193" X="716" Y="485" Z="0" Hue="0" />
    <Tile TileID="1196" X="716" Y="484" Z="0" Hue="0" />
    <Tile TileID="1488" X="707" Y="482" Z="47" Hue="0" />
    <Tile TileID="1193" X="716" Y="483" Z="0" Hue="0" />
    <Tile TileID="1196" X="716" Y="482" Z="0" Hue="0" />
    <Tile TileID="1488" X="721" Y="481" Z="44" Hue="0" />
    <Tile TileID="1488" X="720" Y="481" Z="44" Hue="0" />
    <Tile TileID="1488" X="718" Y="481" Z="44" Hue="0" />
    <Tile TileID="1488" X="717" Y="481" Z="44" Hue="0" />
    <Tile TileID="1488" X="716" Y="481" Z="44" Hue="0" />
    <Tile TileID="1488" X="715" Y="481" Z="44" Hue="0" />
    <Tile TileID="1488" X="714" Y="481" Z="44" Hue="0" />
    <Tile TileID="1488" X="713" Y="481" Z="44" Hue="0" />
    <Tile TileID="1488" X="712" Y="481" Z="44" Hue="0" />
    <Tile TileID="1488" X="711" Y="481" Z="44" Hue="0" />
    <Tile TileID="1488" X="710" Y="481" Z="44" Hue="0" />
    <Tile TileID="1488" X="709" Y="481" Z="44" Hue="0" />
    <Tile TileID="1488" X="708" Y="481" Z="44" Hue="0" />
    <Tile TileID="1488" X="707" Y="481" Z="44" Hue="0" />
    <Tile TileID="1488" X="706" Y="481" Z="44" Hue="0" />
    <Tile TileID="1488" X="705" Y="481" Z="44" Hue="0" />
    <Tile TileID="1488" X="721" Y="480" Z="41" Hue="0" />
    <Tile TileID="1488" X="720" Y="480" Z="41" Hue="0" />
    <Tile TileID="1488" X="719" Y="480" Z="41" Hue="0" />
    <Tile TileID="1488" X="718" Y="480" Z="41" Hue="0" />
    <Tile TileID="1488" X="717" Y="480" Z="41" Hue="0" />
    <Tile TileID="1488" X="716" Y="480" Z="41" Hue="0" />
    <Tile TileID="1488" X="715" Y="480" Z="41" Hue="0" />
    <Tile TileID="1478" X="714" Y="480" Z="41" Hue="0" />
    <Tile TileID="1479" X="712" Y="480" Z="41" Hue="0" />
    <Tile TileID="1488" X="711" Y="480" Z="41" Hue="0" />
    <Tile TileID="1488" X="710" Y="480" Z="41" Hue="0" />
    <Tile TileID="1488" X="709" Y="480" Z="41" Hue="0" />
    <Tile TileID="1488" X="708" Y="480" Z="41" Hue="0" />
    <Tile TileID="1488" X="707" Y="480" Z="41" Hue="0" />
    <Tile TileID="1488" X="706" Y="480" Z="41" Hue="0" />
    <Tile TileID="1488" X="705" Y="480" Z="41" Hue="0" />
    <Tile TileID="1488" X="721" Y="479" Z="38" Hue="0" />
    <Tile TileID="1488" X="720" Y="479" Z="38" Hue="0" />
    <Tile TileID="1488" X="719" Y="479" Z="38" Hue="0" />
    <Tile TileID="1488" X="718" Y="479" Z="38" Hue="0" />
    <Tile TileID="1488" X="717" Y="479" Z="38" Hue="0" />
    <Tile TileID="1488" X="716" Y="479" Z="38" Hue="0" />
    <Tile TileID="1478" X="715" Y="479" Z="38" Hue="0" />
    <Tile TileID="1479" X="711" Y="479" Z="38" Hue="0" />
    <Tile TileID="1488" X="710" Y="479" Z="38" Hue="0" />
    <Tile TileID="1488" X="709" Y="479" Z="38" Hue="0" />
    <Tile TileID="1488" X="708" Y="479" Z="38" Hue="0" />
    <Tile TileID="1488" X="707" Y="479" Z="38" Hue="0" />
    <Tile TileID="1488" X="706" Y="479" Z="38" Hue="0" />
    <Tile TileID="1488" X="705" Y="479" Z="38" Hue="0" />
    <Tile TileID="1488" X="721" Y="478" Z="35" Hue="0" />
    <Tile TileID="1488" X="720" Y="478" Z="35" Hue="0" />
    <Tile TileID="1488" X="719" Y="478" Z="35" Hue="0" />
    <Tile TileID="1488" X="718" Y="478" Z="35" Hue="0" />
    <Tile TileID="1478" X="716" Y="478" Z="35" Hue="0" />
    <Tile TileID="1488" X="709" Y="478" Z="35" Hue="0" />
    <Tile TileID="1488" X="708" Y="478" Z="35" Hue="0" />
    <Tile TileID="1488" X="707" Y="478" Z="35" Hue="0" />
    <Tile TileID="1488" X="705" Y="478" Z="35" Hue="0" />
    <Tile TileID="1488" X="720" Y="477" Z="32" Hue="0" />
    <Tile TileID="1488" X="719" Y="477" Z="32" Hue="0" />
    <Tile TileID="1488" X="718" Y="477" Z="32" Hue="0" />
    <Tile TileID="1478" X="717" Y="477" Z="32" Hue="0" />
    <Tile TileID="1479" X="709" Y="477" Z="32" Hue="0" />
    <Tile TileID="1488" X="708" Y="477" Z="32" Hue="0" />
    <Tile TileID="1488" X="707" Y="477" Z="32" Hue="0" />
    <Tile TileID="1488" X="706" Y="477" Z="32" Hue="0" />
    <Tile TileID="1488" X="721" Y="476" Z="29" Hue="0" />
    <Tile TileID="1488" X="720" Y="476" Z="29" Hue="0" />
    <Tile TileID="1488" X="719" Y="476" Z="29" Hue="0" />
    <Tile TileID="1478" X="718" Y="476" Z="29" Hue="0" />
    <Tile TileID="1488" X="707" Y="476" Z="29" Hue="0" />
    <Tile TileID="1488" X="706" Y="476" Z="29" Hue="0" />
    <Tile TileID="1488" X="705" Y="476" Z="29" Hue="0" />
    <Tile TileID="1488" X="721" Y="475" Z="26" Hue="0" />
    <Tile TileID="1488" X="720" Y="475" Z="26" Hue="0" />
    <Tile TileID="1478" X="719" Y="475" Z="26" Hue="0" />
    <Tile TileID="1479" X="707" Y="475" Z="26" Hue="0" />
    <Tile TileID="1488" X="706" Y="475" Z="26" Hue="0" />
    <Tile TileID="1488" X="705" Y="475" Z="26" Hue="0" />
    <Tile TileID="1488" X="721" Y="474" Z="23" Hue="0" />
    <Tile TileID="1478" X="720" Y="474" Z="23" Hue="0" />
    <Tile TileID="1479" X="706" Y="474" Z="23" Hue="0" />
    <Tile TileID="1488" X="705" Y="474" Z="23" Hue="0" />
    <Tile TileID="1475" X="720" Y="473" Z="23" Hue="0" />
    <Tile TileID="1475" X="719" Y="474" Z="26" Hue="0" />
    <Tile TileID="1475" X="719" Y="473" Z="26" Hue="0" />
    <Tile TileID="1475" X="718" Y="475" Z="29" Hue="0" />
    <Tile TileID="1475" X="718" Y="474" Z="29" Hue="0" />
    <Tile TileID="1475" X="718" Y="473" Z="29" Hue="0" />
    <Tile TileID="1475" X="717" Y="476" Z="32" Hue="0" />
    <Tile TileID="1475" X="717" Y="475" Z="32" Hue="0" />
    <Tile TileID="1475" X="717" Y="474" Z="32" Hue="0" />
    <Tile TileID="1475" X="717" Y="473" Z="32" Hue="0" />
    <Tile TileID="1475" X="716" Y="477" Z="35" Hue="0" />
    <Tile TileID="1475" X="716" Y="476" Z="35" Hue="0" />
    <Tile TileID="1475" X="716" Y="475" Z="35" Hue="0" />
    <Tile TileID="1475" X="716" Y="474" Z="35" Hue="0" />
    <Tile TileID="1475" X="716" Y="473" Z="35" Hue="0" />
    <Tile TileID="1475" X="715" Y="478" Z="38" Hue="0" />
    <Tile TileID="1475" X="715" Y="477" Z="38" Hue="0" />
    <Tile TileID="1475" X="715" Y="476" Z="38" Hue="0" />
    <Tile TileID="1475" X="715" Y="475" Z="38" Hue="0" />
    <Tile TileID="1475" X="715" Y="474" Z="38" Hue="0" />
    <Tile TileID="1475" X="715" Y="473" Z="38" Hue="0" />
    <Tile TileID="1475" X="714" Y="479" Z="41" Hue="0" />
    <Tile TileID="1475" X="714" Y="478" Z="41" Hue="0" />
    <Tile TileID="1475" X="714" Y="477" Z="41" Hue="0" />
    <Tile TileID="1475" X="714" Y="476" Z="41" Hue="0" />
    <Tile TileID="1475" X="714" Y="475" Z="41" Hue="0" />
    <Tile TileID="1475" X="714" Y="474" Z="41" Hue="0" />
    <Tile TileID="1475" X="714" Y="473" Z="41" Hue="0" />
    <Tile TileID="1474" X="713" Y="480" Z="44" Hue="0" />
    <Tile TileID="1474" X="713" Y="479" Z="44" Hue="0" />
    <Tile TileID="1474" X="713" Y="478" Z="44" Hue="0" />
    <Tile TileID="1474" X="713" Y="477" Z="44" Hue="0" />
    <Tile TileID="1474" X="713" Y="476" Z="44" Hue="0" />
    <Tile TileID="1474" X="713" Y="475" Z="44" Hue="0" />
    <Tile TileID="1474" X="713" Y="474" Z="44" Hue="0" />
    <Tile TileID="1474" X="713" Y="473" Z="44" Hue="0" />
    <Tile TileID="1476" X="712" Y="479" Z="41" Hue="0" />
    <Tile TileID="1476" X="712" Y="478" Z="41" Hue="0" />
    <Tile TileID="1476" X="712" Y="477" Z="41" Hue="0" />
    <Tile TileID="1476" X="712" Y="476" Z="41" Hue="0" />
    <Tile TileID="1476" X="712" Y="475" Z="41" Hue="0" />
    <Tile TileID="1476" X="712" Y="474" Z="41" Hue="0" />
    <Tile TileID="1476" X="712" Y="473" Z="41" Hue="0" />
    <Tile TileID="1476" X="711" Y="478" Z="38" Hue="0" />
    <Tile TileID="1476" X="711" Y="477" Z="38" Hue="0" />
    <Tile TileID="1476" X="711" Y="476" Z="38" Hue="0" />
    <Tile TileID="1476" X="711" Y="475" Z="38" Hue="0" />
    <Tile TileID="1476" X="711" Y="474" Z="38" Hue="0" />
    <Tile TileID="1476" X="711" Y="473" Z="38" Hue="0" />
    <Tile TileID="1476" X="710" Y="477" Z="35" Hue="0" />
    <Tile TileID="1476" X="710" Y="476" Z="35" Hue="0" />
    <Tile TileID="1476" X="710" Y="475" Z="35" Hue="0" />
    <Tile TileID="1476" X="710" Y="474" Z="35" Hue="0" />
    <Tile TileID="1476" X="710" Y="473" Z="35" Hue="0" />
    <Tile TileID="1476" X="709" Y="476" Z="32" Hue="0" />
    <Tile TileID="1476" X="709" Y="475" Z="32" Hue="0" />
    <Tile TileID="1476" X="709" Y="474" Z="32" Hue="0" />
    <Tile TileID="1476" X="709" Y="473" Z="32" Hue="0" />
    <Tile TileID="1193" X="711" Y="474" Z="0" Hue="0" />
    <Tile TileID="1476" X="708" Y="474" Z="29" Hue="0" />
    <Tile TileID="1476" X="708" Y="473" Z="29" Hue="0" />
    <Tile TileID="1193" X="710" Y="493" Z="0" Hue="0" />
    <Tile TileID="1476" X="707" Y="473" Z="26" Hue="0" />
    <Tile TileID="1194" X="710" Y="491" Z="0" Hue="0" />
    <Tile TileID="1195" X="710" Y="490" Z="0" Hue="0" />
    <Tile TileID="1195" X="710" Y="489" Z="0" Hue="0" />
    <Tile TileID="1193" X="710" Y="488" Z="0" Hue="0" />
    <Tile TileID="1193" X="710" Y="487" Z="0" Hue="0" />
    <Tile TileID="1196" X="710" Y="486" Z="0" Hue="0" />
    <Tile TileID="1196" X="710" Y="485" Z="0" Hue="0" />
    <Tile TileID="1195" X="710" Y="484" Z="0" Hue="0" />
    <Tile TileID="1194" X="710" Y="483" Z="0" Hue="0" />
    <Tile TileID="1196" X="710" Y="482" Z="0" Hue="0" />
    <Tile TileID="1193" X="710" Y="481" Z="0" Hue="0" />
    <Tile TileID="1193" X="710" Y="480" Z="0" Hue="0" />
    <Tile TileID="2879" X="711" Y="483" Z="0" Hue="0" />
    <Tile TileID="1194" X="710" Y="479" Z="0" Hue="0" />
    <Tile TileID="1195" X="709" Y="476" Z="0" Hue="0" />
    <Tile TileID="2879" X="708" Y="483" Z="0" Hue="0" />
    <Tile TileID="2879" X="707" Y="483" Z="0" Hue="0" />
    <Tile TileID="2879" X="706" Y="483" Z="0" Hue="0" />
    <Tile TileID="2879" X="705" Y="483" Z="0" Hue="0" />
    <Tile TileID="2879" X="715" Y="483" Z="0" Hue="0" />
    <Tile TileID="2879" X="715" Y="482" Z="0" Hue="0" />
    <Tile TileID="2879" X="715" Y="481" Z="0" Hue="0" />
    <Tile TileID="2879" X="715" Y="480" Z="0" Hue="0" />
    <Tile TileID="2879" X="715" Y="479" Z="0" Hue="0" />
    <Tile TileID="2879" X="715" Y="478" Z="0" Hue="0" />
    <Tile TileID="2879" X="715" Y="477" Z="0" Hue="0" />
    <Tile TileID="2879" X="715" Y="476" Z="0" Hue="0" />
    <Tile TileID="2879" X="715" Y="475" Z="0" Hue="0" />
    <Tile TileID="2879" X="715" Y="474" Z="0" Hue="0" />
    <Tile TileID="2879" X="715" Y="494" Z="0" Hue="0" />
    <Tile TileID="2879" X="715" Y="493" Z="0" Hue="0" />
    <Tile TileID="2879" X="715" Y="492" Z="0" Hue="0" />
    <Tile TileID="2879" X="715" Y="491" Z="0" Hue="0" />
    <Tile TileID="2879" X="715" Y="489" Z="0" Hue="0" />
    <Tile TileID="2879" X="715" Y="488" Z="0" Hue="0" />
    <Tile TileID="2879" X="715" Y="487" Z="0" Hue="0" />
    <Tile TileID="94" X="711" Y="496" Z="0" Hue="0" />
    <Tile TileID="1196" X="708" Y="474" Z="0" Hue="0" />
    <Tile TileID="1196" X="707" Y="495" Z="0" Hue="0" />
    <Tile TileID="94" X="707" Y="496" Z="0" Hue="0" />
    <Tile TileID="94" X="705" Y="496" Z="0" Hue="0" />
    <Tile TileID="94" X="711" Y="472" Z="0" Hue="0" />
    <Tile TileID="94" X="718" Y="472" Z="0" Hue="0" />
    <Tile TileID="93" X="720" Y="473" Z="0" Hue="0" />
    <Tile TileID="93" X="704" Y="487" Z="0" Hue="0" />
    <Tile TileID="8" X="712" Y="480" Z="0" Hue="0" />
    <Tile TileID="87" X="720" Y="493" Z="0" Hue="0" />
    <Tile TileID="87" X="720" Y="492" Z="0" Hue="0" />
    <Tile TileID="87" X="720" Y="490" Z="0" Hue="0" />
    <Tile TileID="87" X="720" Y="489" Z="0" Hue="0" />
    <Tile TileID="87" X="720" Y="488" Z="0" Hue="0" />
    <Tile TileID="87" X="720" Y="483" Z="0" Hue="0" />
    <Tile TileID="87" X="720" Y="482" Z="0" Hue="0" />
    <Tile TileID="87" X="720" Y="481" Z="0" Hue="0" />
    <Tile TileID="87" X="720" Y="478" Z="0" Hue="0" />
    <Tile TileID="87" X="720" Y="477" Z="0" Hue="0" />
    <Tile TileID="87" X="720" Y="475" Z="0" Hue="0" />
    <Tile TileID="87" X="720" Y="474" Z="0" Hue="0" />
    <Tile TileID="88" X="719" Y="496" Z="0" Hue="0" />
    <Tile TileID="88" X="717" Y="496" Z="0" Hue="0" />
    <Tile TileID="88" X="716" Y="496" Z="0" Hue="0" />
    <Tile TileID="88" X="714" Y="496" Z="0" Hue="0" />
    <Tile TileID="88" X="713" Y="496" Z="0" Hue="0" />
    <Tile TileID="88" X="712" Y="496" Z="0" Hue="0" />
    <Tile TileID="88" X="710" Y="496" Z="0" Hue="0" />
    <Tile TileID="88" X="709" Y="496" Z="0" Hue="0" />
    <Tile TileID="88" X="708" Y="496" Z="0" Hue="0" />
    <Tile TileID="87" X="704" Y="496" Z="0" Hue="0" />
    <Tile TileID="87" X="704" Y="494" Z="0" Hue="0" />
    <Tile TileID="87" X="704" Y="493" Z="0" Hue="0" />
    <Tile TileID="87" X="704" Y="492" Z="0" Hue="0" />
    <Tile TileID="87" X="704" Y="490" Z="0" Hue="0" />
    <Tile TileID="87" X="704" Y="489" Z="0" Hue="0" />
    <Tile TileID="87" X="704" Y="488" Z="0" Hue="0" />
    <Tile TileID="87" X="704" Y="486" Z="0" Hue="0" />
    <Tile TileID="87" X="704" Y="485" Z="0" Hue="0" />
    <Tile TileID="87" X="704" Y="483" Z="0" Hue="0" />
    <Tile TileID="87" X="704" Y="482" Z="0" Hue="0" />
    <Tile TileID="87" X="704" Y="481" Z="0" Hue="0" />
    <Tile TileID="87" X="704" Y="479" Z="0" Hue="0" />
    <Tile TileID="87" X="704" Y="477" Z="0" Hue="0" />
    <Tile TileID="87" X="704" Y="476" Z="0" Hue="0" />
    <Tile TileID="87" X="704" Y="474" Z="0" Hue="0" />
    <Tile TileID="87" X="704" Y="473" Z="0" Hue="0" />
    <Tile TileID="90" X="704" Y="472" Z="0" Hue="0" />
    <Tile TileID="88" X="720" Y="472" Z="0" Hue="0" />
    <Tile TileID="88" X="719" Y="472" Z="0" Hue="0" />
    <Tile TileID="88" X="717" Y="472" Z="0" Hue="0" />
    <Tile TileID="88" X="716" Y="472" Z="0" Hue="0" />
    <Tile TileID="88" X="715" Y="472" Z="0" Hue="0" />
    <Tile TileID="88" X="714" Y="472" Z="0" Hue="0" />
    <Tile TileID="88" X="713" Y="472" Z="0" Hue="0" />
    <Tile TileID="88" X="712" Y="472" Z="0" Hue="0" />
    <Tile TileID="88" X="710" Y="472" Z="0" Hue="0" />
    <Tile TileID="88" X="709" Y="472" Z="0" Hue="0" />
    <Tile TileID="88" X="708" Y="472" Z="0" Hue="0" />
    <Tile TileID="88" X="706" Y="472" Z="0" Hue="0" />
    <Tile TileID="88" X="705" Y="472" Z="0" Hue="0" />
    <Tile TileID="1198" X="719" Y="496" Z="0" Hue="0" />
    <Tile TileID="1201" X="720" Y="496" Z="0" Hue="0" />
    <Tile TileID="1202" X="705" Y="496" Z="0" Hue="0" />
    <Tile TileID="1204" X="705" Y="473" Z="0" Hue="0" />
    <Tile TileID="1203" X="720" Y="473" Z="0" Hue="0" />
    <Tile TileID="1200" X="719" Y="473" Z="0" Hue="0" />
    <Tile TileID="1200" X="718" Y="473" Z="0" Hue="0" />
    <Tile TileID="1200" X="717" Y="473" Z="0" Hue="0" />
    <Tile TileID="1200" X="716" Y="473" Z="0" Hue="0" />
    <Tile TileID="1200" X="715" Y="473" Z="0" Hue="0" />
    <Tile TileID="1200" X="714" Y="473" Z="0" Hue="0" />
    <Tile TileID="1200" X="713" Y="473" Z="0" Hue="0" />
    <Tile TileID="1200" X="712" Y="473" Z="0" Hue="0" />
    <Tile TileID="1200" X="711" Y="473" Z="0" Hue="0" />
    <Tile TileID="1200" X="710" Y="473" Z="0" Hue="0" />
    <Tile TileID="1200" X="709" Y="473" Z="0" Hue="0" />
    <Tile TileID="1200" X="708" Y="473" Z="0" Hue="0" />
    <Tile TileID="1200" X="707" Y="473" Z="0" Hue="0" />
    <Tile TileID="1200" X="706" Y="473" Z="0" Hue="0" />
    <Tile TileID="1199" X="720" Y="495" Z="0" Hue="0" />
    <Tile TileID="1199" X="720" Y="494" Z="0" Hue="0" />
    <Tile TileID="1199" X="720" Y="493" Z="0" Hue="0" />
    <Tile TileID="1199" X="720" Y="492" Z="0" Hue="0" />
    <Tile TileID="1199" X="720" Y="491" Z="0" Hue="0" />
    <Tile TileID="1199" X="720" Y="490" Z="0" Hue="0" />
    <Tile TileID="1199" X="720" Y="489" Z="0" Hue="0" />
    <Tile TileID="1199" X="720" Y="488" Z="0" Hue="0" />
    <Tile TileID="1199" X="720" Y="487" Z="0" Hue="0" />
    <Tile TileID="1199" X="720" Y="486" Z="0" Hue="0" />
    <Tile TileID="1199" X="720" Y="484" Z="0" Hue="0" />
    <Tile TileID="1199" X="720" Y="483" Z="0" Hue="0" />
    <Tile TileID="1199" X="720" Y="482" Z="0" Hue="0" />
    <Tile TileID="1199" X="720" Y="481" Z="0" Hue="0" />
    <Tile TileID="1199" X="720" Y="480" Z="0" Hue="0" />
    <Tile TileID="1199" X="720" Y="479" Z="0" Hue="0" />
    <Tile TileID="1199" X="720" Y="478" Z="0" Hue="0" />
    <Tile TileID="1199" X="720" Y="477" Z="0" Hue="0" />
    <Tile TileID="1199" X="720" Y="476" Z="0" Hue="0" />
    <Tile TileID="1199" X="720" Y="475" Z="0" Hue="0" />
    <Tile TileID="1199" X="720" Y="474" Z="0" Hue="0" />
    <Tile TileID="1198" X="718" Y="496" Z="0" Hue="0" />
    <Tile TileID="1198" X="717" Y="496" Z="0" Hue="0" />
    <Tile TileID="1198" X="716" Y="496" Z="0" Hue="0" />
    <Tile TileID="1198" X="715" Y="496" Z="0" Hue="0" />
    <Tile TileID="1198" X="714" Y="496" Z="0" Hue="0" />
    <Tile TileID="1198" X="713" Y="496" Z="0" Hue="0" />
    <Tile TileID="1198" X="712" Y="496" Z="0" Hue="0" />
    <Tile TileID="1198" X="711" Y="496" Z="0" Hue="0" />
    <Tile TileID="1198" X="710" Y="496" Z="0" Hue="0" />
    <Tile TileID="1198" X="709" Y="496" Z="0" Hue="0" />
    <Tile TileID="1198" X="708" Y="496" Z="0" Hue="0" />
    <Tile TileID="1198" X="707" Y="496" Z="0" Hue="0" />
    <Tile TileID="1198" X="706" Y="496" Z="0" Hue="0" />
    <Tile TileID="1197" X="705" Y="495" Z="0" Hue="0" />
    <Tile TileID="1197" X="705" Y="494" Z="0" Hue="0" />
    <Tile TileID="1197" X="705" Y="493" Z="0" Hue="0" />
    <Tile TileID="1197" X="705" Y="492" Z="0" Hue="0" />
    <Tile TileID="1197" X="705" Y="491" Z="0" Hue="0" />
    <Tile TileID="1197" X="705" Y="490" Z="0" Hue="0" />
    <Tile TileID="1197" X="705" Y="489" Z="0" Hue="0" />
    <Tile TileID="1197" X="705" Y="488" Z="0" Hue="0" />
    <Tile TileID="1197" X="705" Y="487" Z="0" Hue="0" />
    <Tile TileID="1197" X="705" Y="486" Z="0" Hue="0" />
    <Tile TileID="1197" X="705" Y="485" Z="0" Hue="0" />
    <Tile TileID="1197" X="705" Y="484" Z="0" Hue="0" />
    <Tile TileID="1197" X="705" Y="483" Z="0" Hue="0" />
    <Tile TileID="1197" X="705" Y="482" Z="0" Hue="0" />
    <Tile TileID="1197" X="705" Y="481" Z="0" Hue="0" />
    <Tile TileID="1197" X="705" Y="480" Z="0" Hue="0" />
    <Tile TileID="1197" X="705" Y="479" Z="0" Hue="0" />
    <Tile TileID="1197" X="705" Y="478" Z="0" Hue="0" />
    <Tile TileID="1197" X="705" Y="477" Z="0" Hue="0" />
    <Tile TileID="1197" X="705" Y="476" Z="0" Hue="0" />
    <Tile TileID="1197" X="705" Y="475" Z="0" Hue="0" />
    <Tile TileID="1197" X="705" Y="474" Z="0" Hue="0" />
    <Tile TileID="1196" X="719" Y="495" Z="0" Hue="0" />
    <Tile TileID="1193" X="719" Y="494" Z="0" Hue="0" />
    <Tile TileID="1193" X="719" Y="493" Z="0" Hue="0" />
    <Tile TileID="1195" X="719" Y="492" Z="0" Hue="0" />
    <Tile TileID="1193" X="719" Y="491" Z="0" Hue="0" />
    <Tile TileID="1195" X="719" Y="490" Z="0" Hue="0" />
    <Tile TileID="1196" X="719" Y="489" Z="0" Hue="0" />
    <Tile TileID="1195" X="719" Y="488" Z="0" Hue="0" />
    <Tile TileID="1193" X="719" Y="487" Z="0" Hue="0" />
    <Tile TileID="1196" X="719" Y="486" Z="0" Hue="0" />
    <Tile TileID="1194" X="719" Y="485" Z="0" Hue="0" />
    <Tile TileID="1194" X="719" Y="484" Z="0" Hue="0" />
    <Tile TileID="1196" X="719" Y="483" Z="0" Hue="0" />
    <Tile TileID="1196" X="719" Y="482" Z="0" Hue="0" />
    <Tile TileID="1195" X="719" Y="481" Z="0" Hue="0" />
    <Tile TileID="1193" X="719" Y="480" Z="0" Hue="0" />
    <Tile TileID="1193" X="719" Y="479" Z="0" Hue="0" />
    <Tile TileID="1196" X="719" Y="478" Z="0" Hue="0" />
    <Tile TileID="1194" X="719" Y="477" Z="0" Hue="0" />
    <Tile TileID="1195" X="719" Y="476" Z="0" Hue="0" />
    <Tile TileID="1195" X="719" Y="475" Z="0" Hue="0" />
    <Tile TileID="1193" X="719" Y="474" Z="0" Hue="0" />
    <Tile TileID="1194" X="718" Y="495" Z="0" Hue="0" />
    <Tile TileID="1195" X="718" Y="494" Z="0" Hue="0" />
    <Tile TileID="1195" X="718" Y="493" Z="0" Hue="0" />
    <Tile TileID="1194" X="718" Y="492" Z="0" Hue="0" />
    <Tile TileID="1193" X="718" Y="491" Z="0" Hue="0" />
    <Tile TileID="1196" X="718" Y="490" Z="0" Hue="0" />
    <Tile TileID="1193" X="718" Y="489" Z="0" Hue="0" />
    <Tile TileID="1195" X="718" Y="488" Z="0" Hue="0" />
    <Tile TileID="1194" X="718" Y="487" Z="0" Hue="0" />
    <Tile TileID="1195" X="718" Y="486" Z="0" Hue="0" />
    <Tile TileID="1195" X="718" Y="485" Z="0" Hue="0" />
    <Tile TileID="1195" X="718" Y="484" Z="0" Hue="0" />
    <Tile TileID="1194" X="718" Y="483" Z="0" Hue="0" />
    <Tile TileID="1194" X="718" Y="482" Z="0" Hue="0" />
    <Tile TileID="1194" X="718" Y="481" Z="0" Hue="0" />
    <Tile TileID="1196" X="718" Y="480" Z="0" Hue="0" />
    <Tile TileID="1193" X="718" Y="479" Z="0" Hue="0" />
    <Tile TileID="1195" X="718" Y="478" Z="0" Hue="0" />
    <Tile TileID="1193" X="718" Y="477" Z="0" Hue="0" />
    <Tile TileID="1196" X="718" Y="475" Z="0" Hue="0" />
    <Tile TileID="1193" X="718" Y="474" Z="0" Hue="0" />
    <Tile TileID="1193" X="717" Y="495" Z="0" Hue="0" />
    <Tile TileID="1194" X="717" Y="494" Z="0" Hue="0" />
    <Tile TileID="1194" X="717" Y="493" Z="0" Hue="0" />
    <Tile TileID="1193" X="717" Y="492" Z="0" Hue="0" />
    <Tile TileID="1195" X="717" Y="491" Z="0" Hue="0" />
    <Tile TileID="1194" X="717" Y="490" Z="0" Hue="0" />
    <Tile TileID="1193" X="717" Y="489" Z="0" Hue="0" />
    <Tile TileID="1195" X="717" Y="488" Z="0" Hue="0" />
    <Tile TileID="1194" X="717" Y="487" Z="0" Hue="0" />
    <Tile TileID="1193" X="717" Y="486" Z="0" Hue="0" />
    <Tile TileID="1193" X="717" Y="485" Z="0" Hue="0" />
    <Tile TileID="1193" X="717" Y="484" Z="0" Hue="0" />
    <Tile TileID="1195" X="717" Y="483" Z="0" Hue="0" />
    <Tile TileID="1194" X="717" Y="482" Z="0" Hue="0" />
    <Tile TileID="1194" X="717" Y="481" Z="0" Hue="0" />
    <Tile TileID="1193" X="717" Y="480" Z="0" Hue="0" />
    <Tile TileID="1194" X="717" Y="479" Z="0" Hue="0" />
    <Tile TileID="1196" X="717" Y="478" Z="0" Hue="0" />
    <Tile TileID="1193" X="717" Y="477" Z="0" Hue="0" />
    <Tile TileID="1193" X="717" Y="476" Z="0" Hue="0" />
    <Tile TileID="1196" X="717" Y="475" Z="0" Hue="0" />
    <Tile TileID="1196" X="716" Y="493" Z="0" Hue="0" />
    <Tile TileID="1194" X="716" Y="481" Z="0" Hue="0" />
    <Tile TileID="1194" X="716" Y="480" Z="0" Hue="0" />
    <Tile TileID="1196" X="716" Y="479" Z="0" Hue="0" />
    <Tile TileID="1194" X="716" Y="478" Z="0" Hue="0" />
    <Tile TileID="1196" X="716" Y="477" Z="0" Hue="0" />
    <Tile TileID="1193" X="716" Y="476" Z="0" Hue="0" />
    <Tile TileID="1193" X="716" Y="475" Z="0" Hue="0" />
    <Tile TileID="1194" X="716" Y="474" Z="0" Hue="0" />
    <Tile TileID="1193" X="715" Y="495" Z="0" Hue="0" />
    <Tile TileID="1193" X="715" Y="494" Z="0" Hue="0" />
    <Tile TileID="1195" X="715" Y="493" Z="0" Hue="0" />
    <Tile TileID="1193" X="715" Y="492" Z="0" Hue="0" />
    <Tile TileID="1193" X="715" Y="491" Z="0" Hue="0" />
    <Tile TileID="1194" X="715" Y="490" Z="0" Hue="0" />
    <Tile TileID="1194" X="715" Y="489" Z="0" Hue="0" />
    <Tile TileID="1195" X="715" Y="488" Z="0" Hue="0" />
    <Tile TileID="1194" X="715" Y="487" Z="0" Hue="0" />
    <Tile TileID="1193" X="715" Y="486" Z="0" Hue="0" />
    <Tile TileID="1196" X="715" Y="485" Z="0" Hue="0" />
    <Tile TileID="1193" X="715" Y="484" Z="0" Hue="0" />
    <Tile TileID="1194" X="715" Y="483" Z="0" Hue="0" />
    <Tile TileID="1196" X="715" Y="482" Z="0" Hue="0" />
    <Tile TileID="1194" X="715" Y="481" Z="0" Hue="0" />
    <Tile TileID="1194" X="715" Y="480" Z="0" Hue="0" />
    <Tile TileID="1196" X="715" Y="479" Z="0" Hue="0" />
    <Tile TileID="1196" X="715" Y="478" Z="0" Hue="0" />
    <Tile TileID="1196" X="715" Y="477" Z="0" Hue="0" />
    <Tile TileID="1195" X="715" Y="476" Z="0" Hue="0" />
    <Tile TileID="1194" X="715" Y="475" Z="0" Hue="0" />
    <Tile TileID="1194" X="715" Y="474" Z="0" Hue="0" />
    <Tile TileID="1194" X="714" Y="495" Z="0" Hue="0" />
    <Tile TileID="1193" X="714" Y="494" Z="0" Hue="0" />
    <Tile TileID="1195" X="714" Y="493" Z="0" Hue="0" />
    <Tile TileID="1195" X="714" Y="492" Z="0" Hue="0" />
    <Tile TileID="1194" X="714" Y="491" Z="0" Hue="0" />
    <Tile TileID="1196" X="714" Y="490" Z="0" Hue="0" />
    <Tile TileID="1195" X="714" Y="489" Z="0" Hue="0" />
    <Tile TileID="1195" X="714" Y="488" Z="0" Hue="0" />
    <Tile TileID="1193" X="714" Y="487" Z="0" Hue="0" />
    <Tile TileID="1196" X="714" Y="486" Z="0" Hue="0" />
    <Tile TileID="1195" X="714" Y="485" Z="0" Hue="0" />
    <Tile TileID="1194" X="714" Y="484" Z="0" Hue="0" />
    <Tile TileID="1194" X="714" Y="483" Z="0" Hue="0" />
    <Tile TileID="1194" X="714" Y="482" Z="0" Hue="0" />
    <Tile TileID="1194" X="714" Y="481" Z="0" Hue="0" />
    <Tile TileID="1194" X="714" Y="480" Z="0" Hue="0" />
    <Tile TileID="1193" X="714" Y="479" Z="0" Hue="0" />
    <Tile TileID="1193" X="714" Y="478" Z="0" Hue="0" />
    <Tile TileID="1194" X="714" Y="477" Z="0" Hue="0" />
    <Tile TileID="1193" X="714" Y="476" Z="0" Hue="0" />
    <Tile TileID="1193" X="714" Y="475" Z="0" Hue="0" />
    <Tile TileID="1194" X="714" Y="474" Z="0" Hue="0" />
    <Tile TileID="1196" X="713" Y="495" Z="0" Hue="0" />
    <Tile TileID="1195" X="713" Y="494" Z="0" Hue="0" />
    <Tile TileID="1195" X="713" Y="493" Z="0" Hue="0" />
    <Tile TileID="1196" X="713" Y="492" Z="0" Hue="0" />
    <Tile TileID="1194" X="713" Y="491" Z="0" Hue="0" />
    <Tile TileID="1194" X="713" Y="490" Z="0" Hue="0" />
    <Tile TileID="1196" X="713" Y="489" Z="0" Hue="0" />
    <Tile TileID="1196" X="713" Y="488" Z="0" Hue="0" />
    <Tile TileID="1193" X="713" Y="487" Z="0" Hue="0" />
    <Tile TileID="1196" X="713" Y="486" Z="0" Hue="0" />
    <Tile TileID="1195" X="713" Y="485" Z="0" Hue="0" />
    <Tile TileID="1194" X="713" Y="484" Z="0" Hue="0" />
    <Tile TileID="1195" X="713" Y="483" Z="0" Hue="0" />
    <Tile TileID="1196" X="713" Y="482" Z="0" Hue="0" />
    <Tile TileID="1194" X="713" Y="481" Z="0" Hue="0" />
    <Tile TileID="1194" X="713" Y="480" Z="0" Hue="0" />
    <Tile TileID="1195" X="713" Y="479" Z="0" Hue="0" />
    <Tile TileID="1196" X="713" Y="478" Z="0" Hue="0" />
    <Tile TileID="1195" X="713" Y="477" Z="0" Hue="0" />
    <Tile TileID="1194" X="713" Y="476" Z="0" Hue="0" />
    <Tile TileID="1195" X="713" Y="475" Z="0" Hue="0" />
    <Tile TileID="1196" X="713" Y="474" Z="0" Hue="0" />
    <Tile TileID="1196" X="712" Y="495" Z="0" Hue="0" />
    <Tile TileID="1196" X="712" Y="494" Z="0" Hue="0" />
    <Tile TileID="1196" X="712" Y="493" Z="0" Hue="0" />
    <Tile TileID="1196" X="712" Y="492" Z="0" Hue="0" />
    <Tile TileID="1195" X="712" Y="491" Z="0" Hue="0" />
    <Tile TileID="1195" X="712" Y="490" Z="0" Hue="0" />
    <Tile TileID="1196" X="712" Y="489" Z="0" Hue="0" />
    <Tile TileID="1196" X="712" Y="488" Z="0" Hue="0" />
    <Tile TileID="1194" X="712" Y="487" Z="0" Hue="0" />
    <Tile TileID="1193" X="712" Y="486" Z="0" Hue="0" />
    <Tile TileID="1196" X="712" Y="485" Z="0" Hue="0" />
    <Tile TileID="1196" X="712" Y="484" Z="0" Hue="0" />
    <Tile TileID="1193" X="712" Y="483" Z="0" Hue="0" />
    <Tile TileID="1193" X="712" Y="482" Z="0" Hue="0" />
    <Tile TileID="1196" X="712" Y="481" Z="0" Hue="0" />
    <Tile TileID="1193" X="712" Y="480" Z="0" Hue="0" />
    <Tile TileID="1196" X="712" Y="479" Z="0" Hue="0" />
    <Tile TileID="1193" X="712" Y="478" Z="0" Hue="0" />
    <Tile TileID="1196" X="712" Y="477" Z="0" Hue="0" />
    <Tile TileID="1196" X="712" Y="476" Z="0" Hue="0" />
    <Tile TileID="1195" X="712" Y="475" Z="0" Hue="0" />
    <Tile TileID="1194" X="712" Y="474" Z="0" Hue="0" />
    <Tile TileID="1194" X="711" Y="495" Z="0" Hue="0" />
    <Tile TileID="1193" X="711" Y="494" Z="0" Hue="0" />
    <Tile TileID="1194" X="711" Y="493" Z="0" Hue="0" />
    <Tile TileID="1193" X="711" Y="492" Z="0" Hue="0" />
    <Tile TileID="1196" X="711" Y="491" Z="0" Hue="0" />
    <Tile TileID="1193" X="711" Y="490" Z="0" Hue="0" />
    <Tile TileID="1193" X="711" Y="489" Z="0" Hue="0" />
    <Tile TileID="1196" X="711" Y="488" Z="0" Hue="0" />
    <Tile TileID="1194" X="711" Y="487" Z="0" Hue="0" />
    <Tile TileID="1196" X="711" Y="486" Z="0" Hue="0" />
    <Tile TileID="1193" X="711" Y="485" Z="0" Hue="0" />
    <Tile TileID="1196" X="711" Y="484" Z="0" Hue="0" />
    <Tile TileID="1195" X="711" Y="483" Z="0" Hue="0" />
    <Tile TileID="1194" X="711" Y="482" Z="0" Hue="0" />
    <Tile TileID="1196" X="711" Y="481" Z="0" Hue="0" />
    <Tile TileID="1193" X="711" Y="480" Z="0" Hue="0" />
    <Tile TileID="1195" X="711" Y="479" Z="0" Hue="0" />
    <Tile TileID="1196" X="711" Y="478" Z="0" Hue="0" />
    <Tile TileID="1195" X="711" Y="477" Z="0" Hue="0" />
    <Tile TileID="1195" X="711" Y="476" Z="0" Hue="0" />
    <Tile TileID="1194" X="711" Y="475" Z="0" Hue="0" />
    <Tile TileID="1195" X="710" Y="495" Z="0" Hue="0" />
    <Tile TileID="1196" X="710" Y="494" Z="0" Hue="0" />
    <Tile TileID="1194" X="710" Y="492" Z="0" Hue="0" />
    <Tile TileID="1195" X="709" Y="495" Z="0" Hue="0" />
    <Tile TileID="1193" X="709" Y="494" Z="0" Hue="0" />
    <Tile TileID="1195" X="709" Y="493" Z="0" Hue="0" />
    <Tile TileID="1193" X="709" Y="492" Z="0" Hue="0" />
    <Tile TileID="1196" X="709" Y="491" Z="0" Hue="0" />
    <Tile TileID="1194" X="709" Y="490" Z="0" Hue="0" />
    <Tile TileID="1194" X="709" Y="489" Z="0" Hue="0" />
    <Tile TileID="1193" X="709" Y="488" Z="0" Hue="0" />
    <Tile TileID="1195" X="709" Y="487" Z="0" Hue="0" />
    <Tile TileID="1194" X="709" Y="486" Z="0" Hue="0" />
    <Tile TileID="1196" X="709" Y="485" Z="0" Hue="0" />
    <Tile TileID="1195" X="709" Y="484" Z="0" Hue="0" />
    <Tile TileID="1196" X="709" Y="483" Z="0" Hue="0" />
    <Tile TileID="1194" X="709" Y="482" Z="0" Hue="0" />
    <Tile TileID="1193" X="709" Y="481" Z="0" Hue="0" />
    <Tile TileID="1194" X="709" Y="480" Z="0" Hue="0" />
    <Tile TileID="1195" X="709" Y="479" Z="0" Hue="0" />
    <Tile TileID="1195" X="709" Y="478" Z="0" Hue="0" />
    <Tile TileID="1193" X="709" Y="475" Z="0" Hue="0" />
    <Tile TileID="1196" X="709" Y="474" Z="0" Hue="0" />
    <Tile TileID="1193" X="708" Y="495" Z="0" Hue="0" />
    <Tile TileID="1194" X="708" Y="494" Z="0" Hue="0" />
    <Tile TileID="1195" X="708" Y="493" Z="0" Hue="0" />
    <Tile TileID="1196" X="708" Y="492" Z="0" Hue="0" />
    <Tile TileID="1195" X="708" Y="491" Z="0" Hue="0" />
    <Tile TileID="1196" X="708" Y="490" Z="0" Hue="0" />
    <Tile TileID="1196" X="708" Y="489" Z="0" Hue="0" />
    <Tile TileID="1194" X="708" Y="488" Z="0" Hue="0" />
    <Tile TileID="1193" X="708" Y="487" Z="0" Hue="0" />
    <Tile TileID="1193" X="708" Y="486" Z="0" Hue="0" />
    <Tile TileID="1195" X="708" Y="485" Z="0" Hue="0" />
    <Tile TileID="1194" X="708" Y="484" Z="0" Hue="0" />
    <Tile TileID="1193" X="708" Y="483" Z="0" Hue="0" />
    <Tile TileID="1193" X="708" Y="482" Z="0" Hue="0" />
    <Tile TileID="1196" X="708" Y="481" Z="0" Hue="0" />
    <Tile TileID="1196" X="708" Y="480" Z="0" Hue="0" />
    <Tile TileID="1194" X="708" Y="479" Z="0" Hue="0" />
    <Tile TileID="1193" X="708" Y="478" Z="0" Hue="0" />
    <Tile TileID="1195" X="708" Y="477" Z="0" Hue="0" />
    <Tile TileID="1194" X="708" Y="476" Z="0" Hue="0" />
    <Tile TileID="1195" X="708" Y="475" Z="0" Hue="0" />
    <Tile TileID="1196" X="707" Y="494" Z="0" Hue="0" />
    <Tile TileID="1195" X="707" Y="493" Z="0" Hue="0" />
    <Tile TileID="1195" X="707" Y="492" Z="0" Hue="0" />
    <Tile TileID="1196" X="707" Y="491" Z="0" Hue="0" />
    <Tile TileID="1194" X="707" Y="490" Z="0" Hue="0" />
    <Tile TileID="1196" X="707" Y="489" Z="0" Hue="0" />
    <Tile TileID="1195" X="707" Y="488" Z="0" Hue="0" />
    <Tile TileID="1196" X="707" Y="487" Z="0" Hue="0" />
    <Tile TileID="1196" X="707" Y="486" Z="0" Hue="0" />
    <Tile TileID="1196" X="707" Y="485" Z="0" Hue="0" />
    <Tile TileID="1196" X="707" Y="484" Z="0" Hue="0" />
    <Tile TileID="1194" X="707" Y="483" Z="0" Hue="0" />
    <Tile TileID="1194" X="707" Y="482" Z="0" Hue="0" />
    <Tile TileID="1193" X="707" Y="481" Z="0" Hue="0" />
    <Tile TileID="1193" X="707" Y="480" Z="0" Hue="0" />
    <Tile TileID="1195" X="707" Y="479" Z="0" Hue="0" />
    <Tile TileID="1196" X="707" Y="478" Z="0" Hue="0" />
    <Tile TileID="1195" X="707" Y="477" Z="0" Hue="0" />
    <Tile TileID="1193" X="707" Y="476" Z="0" Hue="0" />
    <Tile TileID="1193" X="707" Y="475" Z="0" Hue="0" />
    <Tile TileID="1196" X="707" Y="474" Z="0" Hue="0" />
    <Tile TileID="1195" X="706" Y="495" Z="0" Hue="0" />
    <Tile TileID="1194" X="706" Y="494" Z="0" Hue="0" />
    <Tile TileID="1196" X="706" Y="493" Z="0" Hue="0" />
    <Tile TileID="1193" X="706" Y="492" Z="0" Hue="0" />
    <Tile TileID="1195" X="706" Y="491" Z="0" Hue="0" />
    <Tile TileID="1195" X="706" Y="490" Z="0" Hue="0" />
    <Tile TileID="1194" X="706" Y="489" Z="0" Hue="0" />
    <Tile TileID="1194" X="706" Y="488" Z="0" Hue="0" />
    <Tile TileID="1195" X="706" Y="487" Z="0" Hue="0" />
    <Tile TileID="1193" X="706" Y="486" Z="0" Hue="0" />
    <Tile TileID="1195" X="706" Y="485" Z="0" Hue="0" />
    <Tile TileID="1195" X="706" Y="483" Z="0" Hue="0" />
    <Tile TileID="1195" X="706" Y="482" Z="0" Hue="0" />
    <Tile TileID="1196" X="706" Y="481" Z="0" Hue="0" />
    <Tile TileID="1194" X="706" Y="480" Z="0" Hue="0" />
    <Tile TileID="1195" X="706" Y="479" Z="0" Hue="0" />
    <Tile TileID="1194" X="706" Y="478" Z="0" Hue="0" />
    <Tile TileID="1195" X="706" Y="477" Z="0" Hue="0" />
    <Tile TileID="1194" X="706" Y="476" Z="0" Hue="0" />
    <Tile TileID="1196" X="706" Y="475" Z="0" Hue="0" />
    <Tile TileID="1194" X="706" Y="474" Z="0" Hue="0" />
    <Tile TileID="3208" X="719" Y="517" Z="0" Hue="0" />
    <Tile TileID="1305" X="725" Y="521" Z="0" Hue="0" />
</Static_Tiles>