﻿<?xml version="1.0" encoding="utf-8"?>
<Static_Tiles>
    <Tile TileID="1175" X="664" Y="458" Z="5" Hue="0" />
    <Tile TileID="1174" X="664" Y="457" Z="5" Hue="0" />
    <Tile TileID="1173" X="663" Y="462" Z="5" Hue="0" />
    <Tile TileID="1174" X="663" Y="461" Z="5" Hue="0" />
    <Tile TileID="1176" X="663" Y="460" Z="5" Hue="0" />
    <Tile TileID="1173" X="663" Y="459" Z="5" Hue="0" />
    <Tile TileID="1175" X="663" Y="458" Z="5" Hue="0" />
    <Tile TileID="1174" X="663" Y="457" Z="5" Hue="0" />
    <Tile TileID="1174" X="662" Y="462" Z="5" Hue="0" />
    <Tile TileID="1173" X="662" Y="461" Z="5" Hue="0" />
    <Tile TileID="1174" X="662" Y="460" Z="5" Hue="0" />
    <Tile TileID="1173" X="662" Y="459" Z="5" Hue="0" />
    <Tile TileID="1173" X="662" Y="458" Z="5" Hue="0" />
    <Tile TileID="1175" X="662" Y="457" Z="5" Hue="0" />
    <Tile TileID="1174" X="661" Y="462" Z="5" Hue="0" />
    <Tile TileID="1174" X="661" Y="461" Z="5" Hue="0" />
    <Tile TileID="1173" X="661" Y="460" Z="5" Hue="0" />
    <Tile TileID="1174" X="661" Y="459" Z="5" Hue="0" />
    <Tile TileID="1175" X="661" Y="458" Z="5" Hue="0" />
    <Tile TileID="1176" X="661" Y="457" Z="5" Hue="0" />
    <Tile TileID="1176" X="660" Y="462" Z="5" Hue="0" />
    <Tile TileID="1174" X="660" Y="461" Z="5" Hue="0" />
    <Tile TileID="1174" X="660" Y="460" Z="5" Hue="0" />
    <Tile TileID="1174" X="660" Y="459" Z="5" Hue="0" />
    <Tile TileID="1175" X="660" Y="458" Z="5" Hue="0" />
    <Tile TileID="1176" X="660" Y="457" Z="5" Hue="0" />
    <Tile TileID="1175" X="659" Y="462" Z="5" Hue="0" />
    <Tile TileID="1176" X="659" Y="461" Z="5" Hue="0" />
    <Tile TileID="1175" X="659" Y="460" Z="5" Hue="0" />
    <Tile TileID="1173" X="659" Y="459" Z="5" Hue="0" />
    <Tile TileID="1174" X="659" Y="458" Z="5" Hue="0" />
    <Tile TileID="1173" X="659" Y="457" Z="5" Hue="0" />
    <Tile TileID="1175" X="658" Y="462" Z="5" Hue="0" />
    <Tile TileID="1174" X="658" Y="461" Z="5" Hue="0" />
    <Tile TileID="1174" X="658" Y="460" Z="5" Hue="0" />
    <Tile TileID="1176" X="658" Y="459" Z="5" Hue="0" />
    <Tile TileID="1173" X="658" Y="458" Z="5" Hue="0" />
    <Tile TileID="1176" X="658" Y="457" Z="5" Hue="0" />
    <Tile TileID="273" X="658" Y="456" Z="25" Hue="0" />
    <Tile TileID="273" X="657" Y="457" Z="25" Hue="0" />
    <Tile TileID="273" X="657" Y="456" Z="25" Hue="0" />
    <Tile TileID="272" X="665" Y="461" Z="25" Hue="0" />
    <Tile TileID="272" X="665" Y="460" Z="25" Hue="0" />
    <Tile TileID="272" X="665" Y="459" Z="25" Hue="0" />
    <Tile TileID="272" X="665" Y="458" Z="25" Hue="0" />
    <Tile TileID="272" X="665" Y="457" Z="25" Hue="0" />
    <Tile TileID="270" X="665" Y="462" Z="25" Hue="0" />
    <Tile TileID="271" X="665" Y="462" Z="25" Hue="0" />
    <Tile TileID="271" X="664" Y="462" Z="25" Hue="0" />
    <Tile TileID="271" X="663" Y="462" Z="25" Hue="0" />
    <Tile TileID="271" X="662" Y="462" Z="25" Hue="0" />
    <Tile TileID="271" X="661" Y="462" Z="25" Hue="0" />
    <Tile TileID="271" X="660" Y="462" Z="25" Hue="0" />
    <Tile TileID="271" X="659" Y="462" Z="25" Hue="0" />
    <Tile TileID="271" X="658" Y="462" Z="25" Hue="0" />
    <Tile TileID="272" X="657" Y="462" Z="25" Hue="0" />
    <Tile TileID="272" X="657" Y="461" Z="25" Hue="0" />
    <Tile TileID="272" X="657" Y="460" Z="25" Hue="0" />
    <Tile TileID="272" X="657" Y="459" Z="25" Hue="0" />
    <Tile TileID="272" X="657" Y="458" Z="25" Hue="0" />
    <Tile TileID="272" X="657" Y="457" Z="25" Hue="0" />
    <Tile TileID="271" X="665" Y="456" Z="25" Hue="0" />
    <Tile TileID="271" X="664" Y="456" Z="25" Hue="0" />
    <Tile TileID="271" X="663" Y="456" Z="25" Hue="0" />
    <Tile TileID="271" X="662" Y="456" Z="25" Hue="0" />
    <Tile TileID="271" X="661" Y="456" Z="25" Hue="0" />
    <Tile TileID="271" X="660" Y="456" Z="25" Hue="0" />
    <Tile TileID="271" X="659" Y="456" Z="25" Hue="0" />
    <Tile TileID="271" X="658" Y="456" Z="25" Hue="0" />
    <Tile TileID="283" X="658" Y="457" Z="5" Hue="0" />
    <Tile TileID="283" X="665" Y="462" Z="5" Hue="0" />
    <Tile TileID="285" X="658" Y="462" Z="5" Hue="0" />
    <Tile TileID="284" X="665" Y="457" Z="5" Hue="0" />
    <Tile TileID="1802" X="665" Y="463" Z="0" Hue="0" />
    <Tile TileID="1802" X="664" Y="463" Z="0" Hue="0" />
    <Tile TileID="1802" X="663" Y="463" Z="0" Hue="0" />
    <Tile TileID="1802" X="662" Y="463" Z="0" Hue="0" />
    <Tile TileID="1802" X="661" Y="463" Z="0" Hue="0" />
    <Tile TileID="1802" X="660" Y="463" Z="0" Hue="0" />
    <Tile TileID="1802" X="659" Y="463" Z="0" Hue="0" />
    <Tile TileID="1802" X="658" Y="463" Z="0" Hue="0" />
    <Tile TileID="1801" X="665" Y="462" Z="0" Hue="0" />
    <Tile TileID="1801" X="665" Y="461" Z="0" Hue="0" />
    <Tile TileID="1801" X="665" Y="460" Z="0" Hue="0" />
    <Tile TileID="1801" X="665" Y="459" Z="0" Hue="0" />
    <Tile TileID="1801" X="665" Y="458" Z="0" Hue="0" />
    <Tile TileID="1801" X="665" Y="457" Z="0" Hue="0" />
    <Tile TileID="1801" X="664" Y="462" Z="0" Hue="0" />
    <Tile TileID="1801" X="664" Y="460" Z="0" Hue="0" />
    <Tile TileID="1801" X="664" Y="459" Z="0" Hue="0" />
    <Tile TileID="1801" X="664" Y="458" Z="0" Hue="0" />
    <Tile TileID="1801" X="664" Y="457" Z="0" Hue="0" />
    <Tile TileID="1801" X="663" Y="462" Z="0" Hue="0" />
    <Tile TileID="1801" X="663" Y="459" Z="0" Hue="0" />
    <Tile TileID="1801" X="663" Y="458" Z="0" Hue="0" />
    <Tile TileID="1801" X="663" Y="457" Z="0" Hue="0" />
    <Tile TileID="1801" X="662" Y="461" Z="0" Hue="0" />
    <Tile TileID="1801" X="662" Y="457" Z="0" Hue="0" />
    <Tile TileID="1801" X="660" Y="459" Z="0" Hue="0" />
    <Tile TileID="1801" X="659" Y="462" Z="0" Hue="0" />
    <Tile TileID="1801" X="659" Y="461" Z="0" Hue="0" />
    <Tile TileID="1801" X="659" Y="460" Z="0" Hue="0" />
    <Tile TileID="1801" X="659" Y="459" Z="0" Hue="0" />
    <Tile TileID="1801" X="659" Y="458" Z="0" Hue="0" />
    <Tile TileID="1801" X="658" Y="462" Z="0" Hue="0" />
    <Tile TileID="1801" X="658" Y="461" Z="0" Hue="0" />
    <Tile TileID="1801" X="658" Y="460" Z="0" Hue="0" />
    <Tile TileID="1801" X="658" Y="459" Z="0" Hue="0" />
    <Tile TileID="1801" X="658" Y="458" Z="0" Hue="0" />
    <Tile TileID="1801" X="658" Y="457" Z="0" Hue="0" />
    <Tile TileID="11192" X="718" Y="534" Z="0" Hue="0" />
    <Tile TileID="11192" X="718" Y="533" Z="0" Hue="0" />
    <Tile TileID="1316" X="707" Y="537" Z="0" Hue="0" />
    <Tile TileID="1316" X="707" Y="533" Z="0" Hue="0" />
    <Tile TileID="1316" X="707" Y="526" Z="0" Hue="0" />
    <Tile TileID="1316" X="706" Y="537" Z="0" Hue="0" />
    <Tile TileID="11192" X="714" Y="531" Z="0" Hue="0" />
    <Tile TileID="11192" X="714" Y="530" Z="0" Hue="0" />
    <Tile TileID="11189" X="714" Y="529" Z="0" Hue="0" />
    <Tile TileID="11191" X="732" Y="533" Z="0" Hue="0" />
    <Tile TileID="11192" X="732" Y="532" Z="0" Hue="0" />
    <Tile TileID="11189" X="732" Y="530" Z="0" Hue="0" />
    <Tile TileID="11192" X="732" Y="529" Z="0" Hue="0" />
    <Tile TileID="11190" X="725" Y="531" Z="0" Hue="0" />
    <Tile TileID="11191" X="724" Y="537" Z="0" Hue="0" />
    <Tile TileID="1315" X="706" Y="530" Z="0" Hue="0" />
    <Tile TileID="1315" X="706" Y="529" Z="0" Hue="0" />
    <Tile TileID="1315" X="705" Y="536" Z="0" Hue="0" />
    <Tile TileID="1315" X="705" Y="534" Z="0" Hue="0" />
    <Tile TileID="1314" X="705" Y="533" Z="0" Hue="0" />
    <Tile TileID="1314" X="705" Y="532" Z="0" Hue="0" />
    <Tile TileID="1316" X="705" Y="530" Z="0" Hue="0" />
    <Tile TileID="1313" X="705" Y="529" Z="0" Hue="0" />
    <Tile TileID="1313" X="705" Y="528" Z="0" Hue="0" />
    <Tile TileID="1313" X="704" Y="536" Z="0" Hue="0" />
    <Tile TileID="1313" X="704" Y="535" Z="0" Hue="0" />
    <Tile TileID="1314" X="704" Y="534" Z="0" Hue="0" />
    <Tile TileID="1313" X="704" Y="533" Z="0" Hue="0" />
    <Tile TileID="1315" X="704" Y="532" Z="0" Hue="0" />
    <Tile TileID="1315" X="704" Y="531" Z="0" Hue="0" />
    <Tile TileID="1315" X="704" Y="530" Z="0" Hue="0" />
    <Tile TileID="1316" X="704" Y="529" Z="0" Hue="0" />
    <Tile TileID="1316" X="704" Y="527" Z="0" Hue="0" />
    <Tile TileID="1315" X="704" Y="526" Z="0" Hue="0" />
    <Tile TileID="11191" X="720" Y="531" Z="0" Hue="0" />
    <Tile TileID="11191" X="717" Y="534" Z="0" Hue="0" />
    <Tile TileID="11191" X="715" Y="531" Z="0" Hue="0" />
    <Tile TileID="11191" X="708" Y="537" Z="0" Hue="0" />
    <Tile TileID="11507" X="720" Y="531" Z="0" Hue="0" />
    <Tile TileID="11512" X="720" Y="525" Z="0" Hue="0" />
    <Tile TileID="11512" X="729" Y="525" Z="0" Hue="0" />
    <Tile TileID="11507" X="735" Y="530" Z="0" Hue="0" />
    <Tile TileID="11507" X="735" Y="529" Z="0" Hue="0" />
    <Tile TileID="11508" X="723" Y="525" Z="0" Hue="0" />
    <Tile TileID="11508" X="708" Y="525" Z="0" Hue="0" />
    <Tile TileID="11190" X="734" Y="534" Z="0" Hue="0" />
    <Tile TileID="11192" X="732" Y="534" Z="0" Hue="0" />
    <Tile TileID="11190" X="732" Y="528" Z="0" Hue="0" />
    <Tile TileID="11189" X="732" Y="527" Z="0" Hue="0" />
    <Tile TileID="11192" X="732" Y="526" Z="0" Hue="0" />
    <Tile TileID="11189" X="731" Y="537" Z="0" Hue="0" />
    <Tile TileID="11190" X="731" Y="536" Z="0" Hue="0" />
    <Tile TileID="11189" X="731" Y="535" Z="0" Hue="0" />
    <Tile TileID="11191" X="731" Y="534" Z="0" Hue="0" />
    <Tile TileID="11190" X="731" Y="533" Z="0" Hue="0" />
    <Tile TileID="11190" X="731" Y="532" Z="0" Hue="0" />
    <Tile TileID="1316" X="705" Y="537" Z="0" Hue="0" />
    <Tile TileID="11191" X="727" Y="535" Z="0" Hue="0" />
    <Tile TileID="11189" X="727" Y="532" Z="0" Hue="0" />
    <Tile TileID="11189" X="727" Y="530" Z="0" Hue="0" />
    <Tile TileID="11192" X="726" Y="537" Z="0" Hue="0" />
    <Tile TileID="11190" X="726" Y="536" Z="0" Hue="0" />
    <Tile TileID="11189" X="726" Y="535" Z="0" Hue="0" />
    <Tile TileID="11192" X="726" Y="534" Z="0" Hue="0" />
    <Tile TileID="11189" X="726" Y="533" Z="0" Hue="0" />
    <Tile TileID="11191" X="726" Y="531" Z="0" Hue="0" />
    <Tile TileID="11192" X="725" Y="537" Z="0" Hue="0" />
    <Tile TileID="11191" X="725" Y="536" Z="0" Hue="0" />
    <Tile TileID="11189" X="722" Y="532" Z="0" Hue="0" />
    <Tile TileID="1316" X="706" Y="536" Z="0" Hue="0" />
    <Tile TileID="1315" X="706" Y="535" Z="0" Hue="0" />
    <Tile TileID="1314" X="706" Y="534" Z="0" Hue="0" />
    <Tile TileID="1316" X="706" Y="533" Z="0" Hue="0" />
    <Tile TileID="1314" X="706" Y="532" Z="0" Hue="0" />
    <Tile TileID="1313" X="706" Y="531" Z="0" Hue="0" />
    <Tile TileID="11192" X="721" Y="534" Z="0" Hue="0" />
    <Tile TileID="11192" X="721" Y="533" Z="0" Hue="0" />
    <Tile TileID="1315" X="706" Y="528" Z="0" Hue="0" />
    <Tile TileID="1316" X="706" Y="527" Z="0" Hue="0" />
    <Tile TileID="1316" X="706" Y="526" Z="0" Hue="0" />
    <Tile TileID="11191" X="720" Y="537" Z="0" Hue="0" />
    <Tile TileID="1314" X="705" Y="535" Z="0" Hue="0" />
    <Tile TileID="11192" X="720" Y="535" Z="0" Hue="0" />
    <Tile TileID="11192" X="720" Y="534" Z="0" Hue="0" />
    <Tile TileID="11192" X="720" Y="533" Z="0" Hue="0" />
    <Tile TileID="1316" X="705" Y="531" Z="0" Hue="0" />
    <Tile TileID="11192" X="720" Y="530" Z="0" Hue="0" />
    <Tile TileID="11191" X="719" Y="537" Z="0" Hue="0" />
    <Tile TileID="1315" X="705" Y="527" Z="0" Hue="0" />
    <Tile TileID="1315" X="705" Y="526" Z="0" Hue="0" />
    <Tile TileID="11189" X="719" Y="534" Z="0" Hue="0" />
    <Tile TileID="11189" X="719" Y="533" Z="0" Hue="0" />
    <Tile TileID="11189" X="719" Y="532" Z="0" Hue="0" />
    <Tile TileID="11191" X="719" Y="531" Z="0" Hue="0" />
    <Tile TileID="11190" X="719" Y="530" Z="0" Hue="0" />
    <Tile TileID="11190" X="718" Y="537" Z="0" Hue="0" />
    <Tile TileID="11190" X="718" Y="536" Z="0" Hue="0" />
    <Tile TileID="11192" X="718" Y="535" Z="0" Hue="0" />
    <Tile TileID="1315" X="704" Y="528" Z="0" Hue="0" />
    <Tile TileID="11191" X="712" Y="531" Z="0" Hue="0" />
    <Tile TileID="1316" X="707" Y="536" Z="0" Hue="0" />
    <Tile TileID="1316" X="707" Y="535" Z="0" Hue="0" />
    <Tile TileID="1316" X="707" Y="534" Z="0" Hue="0" />
    <Tile TileID="11190" X="711" Y="533" Z="0" Hue="0" />
    <Tile TileID="1316" X="707" Y="532" Z="0" Hue="0" />
    <Tile TileID="1316" X="707" Y="531" Z="0" Hue="0" />
    <Tile TileID="1316" X="707" Y="530" Z="0" Hue="0" />
    <Tile TileID="1316" X="707" Y="529" Z="0" Hue="0" />
    <Tile TileID="1316" X="707" Y="528" Z="0" Hue="0" />
    <Tile TileID="1316" X="707" Y="527" Z="0" Hue="0" />
    <Tile TileID="11190" X="710" Y="533" Z="0" Hue="0" />
    <Tile TileID="11192" X="710" Y="532" Z="0" Hue="0" />
    <Tile TileID="11189" X="710" Y="531" Z="0" Hue="0" />
    <Tile TileID="1801" X="659" Y="457" Z="0" Hue="0" />
    <Tile TileID="1316" X="704" Y="542" Z="0" Hue="0" />
    <Tile TileID="1316" X="704" Y="541" Z="0" Hue="0" />
    <Tile TileID="1316" X="704" Y="540" Z="0" Hue="0" />
    <Tile TileID="1316" X="704" Y="539" Z="0" Hue="0" />
    <Tile TileID="1316" X="704" Y="538" Z="0" Hue="0" />
    <Tile TileID="1316" X="707" Y="537" Z="0" Hue="0" />
    <Tile TileID="1316" X="706" Y="537" Z="0" Hue="0" />
    <Tile TileID="1316" X="705" Y="537" Z="0" Hue="0" />
    <Tile TileID="1316" X="704" Y="537" Z="0" Hue="0" />
    <Tile TileID="11214" X="706" Y="537" Z="0" Hue="0" />
    <Tile TileID="11214" X="705" Y="537" Z="0" Hue="0" />
    <Tile TileID="11214" X="706" Y="525" Z="0" Hue="0" />
    <Tile TileID="11214" X="705" Y="525" Z="0" Hue="0" />
    <Tile TileID="11213" X="703" Y="528" Z="0" Hue="0" />
    <Tile TileID="11213" X="703" Y="527" Z="0" Hue="0" />
    <Tile TileID="11213" X="703" Y="532" Z="0" Hue="0" />
    <Tile TileID="11213" X="703" Y="531" Z="0" Hue="0" />
    <Tile TileID="11213" X="703" Y="536" Z="0" Hue="0" />
    <Tile TileID="11213" X="703" Y="535" Z="0" Hue="0" />
    <Tile TileID="11203" X="703" Y="529" Z="0" Hue="0" />
    <Tile TileID="11203" X="703" Y="533" Z="0" Hue="0" />
    <Tile TileID="11203" X="703" Y="537" Z="0" Hue="0" />
    <Tile TileID="11204" X="703" Y="534" Z="0" Hue="0" />
    <Tile TileID="11204" X="703" Y="530" Z="0" Hue="0" />
    <Tile TileID="11204" X="703" Y="526" Z="0" Hue="0" />
    <Tile TileID="11206" X="707" Y="525" Z="0" Hue="0" />
    <Tile TileID="11205" X="704" Y="525" Z="0" Hue="0" />
    <Tile TileID="11206" X="707" Y="537" Z="0" Hue="0" />
    <Tile TileID="11205" X="704" Y="537" Z="0" Hue="0" />
    <Tile TileID="11748" X="723" Y="532" Z="0" Hue="0" />
    <Tile TileID="11748" X="731" Y="532" Z="0" Hue="0" />
    <Tile TileID="11748" X="725" Y="532" Z="0" Hue="0" />
    <Tile TileID="11748" X="733" Y="532" Z="0" Hue="0" />
    <Tile TileID="11755" X="724" Y="534" Z="0" Hue="0" />
    <Tile TileID="11755" X="732" Y="534" Z="0" Hue="0" />
    <Tile TileID="11751" X="733" Y="533" Z="0" Hue="0" />
    <Tile TileID="11751" X="725" Y="533" Z="0" Hue="0" />
    <Tile TileID="12266" X="714" Y="526" Z="0" Hue="0" />
    <Tile TileID="11762" X="732" Y="526" Z="0" Hue="0" />
    <Tile TileID="11762" X="731" Y="526" Z="0" Hue="0" />
    <Tile TileID="11762" X="730" Y="526" Z="0" Hue="0" />
    <Tile TileID="11762" X="729" Y="526" Z="0" Hue="0" />
    <Tile TileID="11762" X="728" Y="526" Z="0" Hue="0" />
    <Tile TileID="11762" X="727" Y="526" Z="0" Hue="0" />
    <Tile TileID="11762" X="726" Y="526" Z="0" Hue="0" />
    <Tile TileID="11762" X="725" Y="531" Z="0" Hue="0" />
    <Tile TileID="11754" X="728" Y="534" Z="0" Hue="0" />
    <Tile TileID="11754" X="721" Y="534" Z="0" Hue="0" />
    <Tile TileID="11751" X="713" Y="535" Z="0" Hue="0" />
    <Tile TileID="11751" X="713" Y="527" Z="0" Hue="0" />
    <Tile TileID="11749" X="717" Y="528" Z="0" Hue="0" />
    <Tile TileID="11749" X="717" Y="533" Z="0" Hue="0" />
    <Tile TileID="11746" X="716" Y="534" Z="0" Hue="0" />
    <Tile TileID="11746" X="716" Y="529" Z="0" Hue="0" />
    <Tile TileID="11507" X="707" Y="532" Z="0" Hue="0" />
    <Tile TileID="11507" X="707" Y="531" Z="0" Hue="0" />
    <Tile TileID="11507" X="707" Y="530" Z="0" Hue="0" />
    <Tile TileID="11213" X="707" Y="528" Z="0" Hue="0" />
    <Tile TileID="11213" X="707" Y="534" Z="0" Hue="0" />
    <Tile TileID="11204" X="707" Y="533" Z="0" Hue="0" />
    <Tile TileID="11203" X="707" Y="535" Z="0" Hue="0" />
    <Tile TileID="11203" X="707" Y="529" Z="0" Hue="0" />
    <Tile TileID="11204" X="707" Y="527" Z="0" Hue="0" />
    <Tile TileID="11507" X="727" Y="537" Z="0" Hue="0" />
    <Tile TileID="11507" X="727" Y="536" Z="0" Hue="0" />
    <Tile TileID="11507" X="727" Y="535" Z="0" Hue="0" />
    <Tile TileID="11507" X="727" Y="534" Z="0" Hue="0" />
    <Tile TileID="11507" X="727" Y="533" Z="0" Hue="0" />
    <Tile TileID="11507" X="727" Y="532" Z="0" Hue="0" />
    <Tile TileID="11507" X="727" Y="531" Z="0" Hue="0" />
    <Tile TileID="11508" X="735" Y="530" Z="0" Hue="0" />
    <Tile TileID="11508" X="734" Y="530" Z="0" Hue="0" />
    <Tile TileID="11508" X="733" Y="530" Z="0" Hue="0" />
    <Tile TileID="11508" X="730" Y="530" Z="0" Hue="0" />
    <Tile TileID="11508" X="729" Y="530" Z="0" Hue="0" />
    <Tile TileID="11508" X="728" Y="530" Z="0" Hue="0" />
    <Tile TileID="11508" X="727" Y="530" Z="0" Hue="0" />
    <Tile TileID="11508" X="726" Y="530" Z="0" Hue="0" />
    <Tile TileID="11508" X="725" Y="530" Z="0" Hue="0" />
    <Tile TileID="11508" X="722" Y="530" Z="0" Hue="0" />
    <Tile TileID="11508" X="721" Y="530" Z="0" Hue="0" />
    <Tile TileID="11507" X="720" Y="537" Z="0" Hue="0" />
    <Tile TileID="11507" X="720" Y="536" Z="0" Hue="0" />
    <Tile TileID="11507" X="720" Y="535" Z="0" Hue="0" />
    <Tile TileID="11507" X="720" Y="534" Z="0" Hue="0" />
    <Tile TileID="11507" X="720" Y="533" Z="0" Hue="0" />
    <Tile TileID="11507" X="720" Y="532" Z="0" Hue="0" />
    <Tile TileID="11507" X="720" Y="528" Z="0" Hue="0" />
    <Tile TileID="11507" X="720" Y="527" Z="0" Hue="0" />
    <Tile TileID="11507" X="720" Y="526" Z="0" Hue="0" />
    <Tile TileID="11511" X="735" Y="535" Z="0" Hue="0" />
    <Tile TileID="11511" X="735" Y="531" Z="0" Hue="0" />
    <Tile TileID="11511" X="735" Y="527" Z="0" Hue="0" />
    <Tile TileID="11512" X="710" Y="525" Z="0" Hue="0" />
    <Tile TileID="11512" X="715" Y="525" Z="0" Hue="0" />
    <Tile TileID="11512" X="724" Y="525" Z="0" Hue="0" />
    <Tile TileID="11512" X="734" Y="525" Z="0" Hue="0" />
    <Tile TileID="11512" X="733" Y="537" Z="0" Hue="0" />
    <Tile TileID="11512" X="729" Y="537" Z="0" Hue="0" />
    <Tile TileID="11512" X="724" Y="537" Z="0" Hue="0" />
    <Tile TileID="11512" X="719" Y="537" Z="0" Hue="0" />
    <Tile TileID="11512" X="715" Y="537" Z="0" Hue="0" />
    <Tile TileID="11512" X="710" Y="537" Z="0" Hue="0" />
    <Tile TileID="11211" X="735" Y="537" Z="0" Hue="0" />
    <Tile TileID="11507" X="735" Y="536" Z="0" Hue="0" />
    <Tile TileID="11507" X="735" Y="534" Z="0" Hue="0" />
    <Tile TileID="11507" X="735" Y="533" Z="0" Hue="0" />
    <Tile TileID="11507" X="735" Y="532" Z="0" Hue="0" />
    <Tile TileID="11507" X="735" Y="528" Z="0" Hue="0" />
    <Tile TileID="11507" X="735" Y="526" Z="0" Hue="0" />
    <Tile TileID="11508" X="735" Y="525" Z="0" Hue="0" />
    <Tile TileID="11508" X="733" Y="525" Z="0" Hue="0" />
    <Tile TileID="11508" X="732" Y="525" Z="0" Hue="0" />
    <Tile TileID="11508" X="731" Y="525" Z="0" Hue="0" />
    <Tile TileID="11508" X="730" Y="525" Z="0" Hue="0" />
    <Tile TileID="11508" X="728" Y="525" Z="0" Hue="0" />
    <Tile TileID="11508" X="727" Y="525" Z="0" Hue="0" />
    <Tile TileID="11508" X="726" Y="525" Z="0" Hue="0" />
    <Tile TileID="11508" X="725" Y="525" Z="0" Hue="0" />
    <Tile TileID="11508" X="722" Y="525" Z="0" Hue="0" />
    <Tile TileID="11508" X="721" Y="525" Z="0" Hue="0" />
    <Tile TileID="11508" X="719" Y="525" Z="0" Hue="0" />
    <Tile TileID="11508" X="718" Y="525" Z="0" Hue="0" />
    <Tile TileID="11508" X="717" Y="525" Z="0" Hue="0" />
    <Tile TileID="11508" X="716" Y="525" Z="0" Hue="0" />
    <Tile TileID="11508" X="714" Y="525" Z="0" Hue="0" />
    <Tile TileID="11508" X="713" Y="525" Z="0" Hue="0" />
    <Tile TileID="11508" X="712" Y="525" Z="0" Hue="0" />
    <Tile TileID="11508" X="711" Y="525" Z="0" Hue="0" />
    <Tile TileID="11508" X="709" Y="525" Z="0" Hue="0" />
    <Tile TileID="11507" X="707" Y="537" Z="0" Hue="0" />
    <Tile TileID="11507" X="707" Y="536" Z="0" Hue="0" />
    <Tile TileID="11507" X="707" Y="526" Z="0" Hue="0" />
    <Tile TileID="11508" X="734" Y="537" Z="0" Hue="0" />
    <Tile TileID="11508" X="732" Y="537" Z="0" Hue="0" />
    <Tile TileID="11508" X="731" Y="537" Z="0" Hue="0" />
    <Tile TileID="11508" X="730" Y="537" Z="0" Hue="0" />
    <Tile TileID="11508" X="728" Y="537" Z="0" Hue="0" />
    <Tile TileID="11508" X="727" Y="537" Z="0" Hue="0" />
    <Tile TileID="11508" X="726" Y="537" Z="0" Hue="0" />
    <Tile TileID="11508" X="725" Y="537" Z="0" Hue="0" />
    <Tile TileID="11508" X="723" Y="537" Z="0" Hue="0" />
    <Tile TileID="11508" X="722" Y="537" Z="0" Hue="0" />
    <Tile TileID="11508" X="721" Y="537" Z="0" Hue="0" />
    <Tile TileID="11508" X="720" Y="537" Z="0" Hue="0" />
    <Tile TileID="11508" X="718" Y="537" Z="0" Hue="0" />
    <Tile TileID="11508" X="717" Y="537" Z="0" Hue="0" />
    <Tile TileID="11508" X="716" Y="537" Z="0" Hue="0" />
    <Tile TileID="11508" X="714" Y="537" Z="0" Hue="0" />
    <Tile TileID="11508" X="713" Y="537" Z="0" Hue="0" />
    <Tile TileID="11508" X="712" Y="537" Z="0" Hue="0" />
    <Tile TileID="11508" X="711" Y="537" Z="0" Hue="0" />
    <Tile TileID="11508" X="709" Y="537" Z="0" Hue="0" />
    <Tile TileID="11508" X="708" Y="537" Z="0" Hue="0" />
    <Tile TileID="11720" X="707" Y="525" Z="0" Hue="0" />
    <Tile TileID="11190" X="735" Y="537" Z="0" Hue="0" />
    <Tile TileID="11192" X="735" Y="536" Z="0" Hue="0" />
    <Tile TileID="11192" X="735" Y="535" Z="0" Hue="0" />
    <Tile TileID="11189" X="735" Y="534" Z="0" Hue="0" />
    <Tile TileID="11190" X="735" Y="533" Z="0" Hue="0" />
    <Tile TileID="11189" X="735" Y="532" Z="0" Hue="0" />
    <Tile TileID="11190" X="735" Y="531" Z="0" Hue="0" />
    <Tile TileID="11192" X="735" Y="530" Z="0" Hue="0" />
    <Tile TileID="11191" X="735" Y="529" Z="0" Hue="0" />
    <Tile TileID="11189" X="735" Y="528" Z="0" Hue="0" />
    <Tile TileID="11190" X="735" Y="527" Z="0" Hue="0" />
    <Tile TileID="11189" X="735" Y="526" Z="0" Hue="0" />
    <Tile TileID="11191" X="734" Y="537" Z="0" Hue="0" />
    <Tile TileID="11190" X="734" Y="536" Z="0" Hue="0" />
    <Tile TileID="11190" X="734" Y="535" Z="0" Hue="0" />
    <Tile TileID="11192" X="734" Y="533" Z="0" Hue="0" />
    <Tile TileID="11191" X="734" Y="532" Z="0" Hue="0" />
    <Tile TileID="11190" X="734" Y="531" Z="0" Hue="0" />
    <Tile TileID="11189" X="734" Y="530" Z="0" Hue="0" />
    <Tile TileID="11190" X="734" Y="529" Z="0" Hue="0" />
    <Tile TileID="11189" X="734" Y="528" Z="0" Hue="0" />
    <Tile TileID="11192" X="734" Y="527" Z="0" Hue="0" />
    <Tile TileID="11190" X="734" Y="526" Z="0" Hue="0" />
    <Tile TileID="11192" X="733" Y="537" Z="0" Hue="0" />
    <Tile TileID="11190" X="733" Y="536" Z="0" Hue="0" />
    <Tile TileID="11192" X="733" Y="535" Z="0" Hue="0" />
    <Tile TileID="11190" X="733" Y="534" Z="0" Hue="0" />
    <Tile TileID="11190" X="733" Y="533" Z="0" Hue="0" />
    <Tile TileID="11192" X="733" Y="532" Z="0" Hue="0" />
    <Tile TileID="11189" X="733" Y="531" Z="0" Hue="0" />
    <Tile TileID="11192" X="733" Y="530" Z="0" Hue="0" />
    <Tile TileID="11191" X="733" Y="529" Z="0" Hue="0" />
    <Tile TileID="11190" X="733" Y="528" Z="0" Hue="0" />
    <Tile TileID="11192" X="733" Y="527" Z="0" Hue="0" />
    <Tile TileID="11190" X="733" Y="526" Z="0" Hue="0" />
    <Tile TileID="11191" X="732" Y="537" Z="0" Hue="0" />
    <Tile TileID="11190" X="732" Y="536" Z="0" Hue="0" />
    <Tile TileID="11191" X="732" Y="535" Z="0" Hue="0" />
    <Tile TileID="11191" X="732" Y="531" Z="0" Hue="0" />
    <Tile TileID="11189" X="731" Y="531" Z="0" Hue="0" />
    <Tile TileID="11189" X="731" Y="530" Z="0" Hue="0" />
    <Tile TileID="11190" X="731" Y="529" Z="0" Hue="0" />
    <Tile TileID="11190" X="731" Y="528" Z="0" Hue="0" />
    <Tile TileID="11190" X="731" Y="527" Z="0" Hue="0" />
    <Tile TileID="11192" X="731" Y="526" Z="0" Hue="0" />
    <Tile TileID="11189" X="730" Y="528" Z="0" Hue="0" />
    <Tile TileID="11189" X="730" Y="527" Z="0" Hue="0" />
    <Tile TileID="11191" X="730" Y="526" Z="0" Hue="0" />
    <Tile TileID="11190" X="729" Y="528" Z="0" Hue="0" />
    <Tile TileID="11190" X="729" Y="527" Z="0" Hue="0" />
    <Tile TileID="11190" X="729" Y="526" Z="0" Hue="0" />
    <Tile TileID="11190" X="728" Y="528" Z="0" Hue="0" />
    <Tile TileID="11192" X="728" Y="527" Z="0" Hue="0" />
    <Tile TileID="11189" X="728" Y="526" Z="0" Hue="0" />
    <Tile TileID="11190" X="727" Y="528" Z="0" Hue="0" />
    <Tile TileID="11191" X="727" Y="527" Z="0" Hue="0" />
    <Tile TileID="11189" X="727" Y="526" Z="0" Hue="0" />
    <Tile TileID="11189" X="726" Y="528" Z="0" Hue="0" />
    <Tile TileID="11191" X="726" Y="527" Z="0" Hue="0" />
    <Tile TileID="11191" X="726" Y="526" Z="0" Hue="0" />
    <Tile TileID="11190" X="725" Y="528" Z="0" Hue="0" />
    <Tile TileID="11190" X="725" Y="527" Z="0" Hue="0" />
    <Tile TileID="11189" X="725" Y="526" Z="0" Hue="0" />
    <Tile TileID="11192" X="724" Y="528" Z="0" Hue="0" />
    <Tile TileID="11189" X="724" Y="527" Z="0" Hue="0" />
    <Tile TileID="11189" X="724" Y="526" Z="0" Hue="0" />
    <Tile TileID="11192" X="723" Y="528" Z="0" Hue="0" />
    <Tile TileID="11190" X="723" Y="527" Z="0" Hue="0" />
    <Tile TileID="11192" X="723" Y="526" Z="0" Hue="0" />
    <Tile TileID="11189" X="722" Y="528" Z="0" Hue="0" />
    <Tile TileID="11190" X="722" Y="527" Z="0" Hue="0" />
    <Tile TileID="11189" X="722" Y="526" Z="0" Hue="0" />
    <Tile TileID="11189" X="721" Y="528" Z="0" Hue="0" />
    <Tile TileID="11189" X="721" Y="527" Z="0" Hue="0" />
    <Tile TileID="11192" X="721" Y="526" Z="0" Hue="0" />
    <Tile TileID="11192" X="720" Y="528" Z="0" Hue="0" />
    <Tile TileID="11190" X="720" Y="527" Z="0" Hue="0" />
    <Tile TileID="11190" X="720" Y="526" Z="0" Hue="0" />
    <Tile TileID="11191" X="719" Y="528" Z="0" Hue="0" />
    <Tile TileID="11191" X="719" Y="527" Z="0" Hue="0" />
    <Tile TileID="11189" X="719" Y="526" Z="0" Hue="0" />
    <Tile TileID="11189" X="718" Y="528" Z="0" Hue="0" />
    <Tile TileID="11192" X="718" Y="527" Z="0" Hue="0" />
    <Tile TileID="11189" X="718" Y="526" Z="0" Hue="0" />
    <Tile TileID="11192" X="717" Y="528" Z="0" Hue="0" />
    <Tile TileID="11191" X="717" Y="527" Z="0" Hue="0" />
    <Tile TileID="11190" X="717" Y="526" Z="0" Hue="0" />
    <Tile TileID="11192" X="716" Y="528" Z="0" Hue="0" />
    <Tile TileID="11190" X="716" Y="527" Z="0" Hue="0" />
    <Tile TileID="11190" X="716" Y="526" Z="0" Hue="0" />
    <Tile TileID="11190" X="715" Y="528" Z="0" Hue="0" />
    <Tile TileID="11189" X="715" Y="527" Z="0" Hue="0" />
    <Tile TileID="11190" X="715" Y="526" Z="0" Hue="0" />
    <Tile TileID="11191" X="714" Y="528" Z="0" Hue="0" />
    <Tile TileID="11189" X="714" Y="527" Z="0" Hue="0" />
    <Tile TileID="11189" X="714" Y="526" Z="0" Hue="0" />
    <Tile TileID="11189" X="713" Y="528" Z="0" Hue="0" />
    <Tile TileID="11192" X="713" Y="527" Z="0" Hue="0" />
    <Tile TileID="11191" X="713" Y="526" Z="0" Hue="0" />
    <Tile TileID="11191" X="712" Y="528" Z="0" Hue="0" />
    <Tile TileID="11192" X="712" Y="527" Z="0" Hue="0" />
    <Tile TileID="11190" X="712" Y="526" Z="0" Hue="0" />
    <Tile TileID="11192" X="711" Y="528" Z="0" Hue="0" />
    <Tile TileID="11190" X="711" Y="527" Z="0" Hue="0" />
    <Tile TileID="11190" X="711" Y="526" Z="0" Hue="0" />
    <Tile TileID="11189" X="710" Y="528" Z="0" Hue="0" />
    <Tile TileID="11189" X="710" Y="527" Z="0" Hue="0" />
    <Tile TileID="11189" X="710" Y="526" Z="0" Hue="0" />
    <Tile TileID="11192" X="709" Y="528" Z="0" Hue="0" />
    <Tile TileID="11192" X="709" Y="527" Z="0" Hue="0" />
    <Tile TileID="11189" X="709" Y="526" Z="0" Hue="0" />
    <Tile TileID="11190" X="708" Y="528" Z="0" Hue="0" />
    <Tile TileID="11190" X="708" Y="527" Z="0" Hue="0" />
    <Tile TileID="11189" X="708" Y="526" Z="0" Hue="0" />
    <Tile TileID="11190" X="730" Y="529" Z="0" Hue="0" />
    <Tile TileID="11189" X="729" Y="529" Z="0" Hue="0" />
    <Tile TileID="11191" X="728" Y="529" Z="0" Hue="0" />
    <Tile TileID="11192" X="727" Y="529" Z="0" Hue="0" />
    <Tile TileID="11192" X="726" Y="529" Z="0" Hue="0" />
    <Tile TileID="11192" X="725" Y="529" Z="0" Hue="0" />
    <Tile TileID="11191" X="724" Y="529" Z="0" Hue="0" />
    <Tile TileID="11191" X="723" Y="529" Z="0" Hue="0" />
    <Tile TileID="11191" X="722" Y="529" Z="0" Hue="0" />
    <Tile TileID="11192" X="721" Y="529" Z="0" Hue="0" />
    <Tile TileID="11189" X="720" Y="529" Z="0" Hue="0" />
    <Tile TileID="11190" X="719" Y="529" Z="0" Hue="0" />
    <Tile TileID="11189" X="718" Y="529" Z="0" Hue="0" />
    <Tile TileID="11192" X="717" Y="529" Z="0" Hue="0" />
    <Tile TileID="11191" X="716" Y="529" Z="0" Hue="0" />
    <Tile TileID="11190" X="715" Y="529" Z="0" Hue="0" />
    <Tile TileID="11189" X="730" Y="537" Z="0" Hue="0" />
    <Tile TileID="11192" X="730" Y="536" Z="0" Hue="0" />
    <Tile TileID="11190" X="730" Y="535" Z="0" Hue="0" />
    <Tile TileID="11191" X="730" Y="534" Z="0" Hue="0" />
    <Tile TileID="11190" X="730" Y="533" Z="0" Hue="0" />
    <Tile TileID="11190" X="730" Y="532" Z="0" Hue="0" />
    <Tile TileID="11190" X="730" Y="531" Z="0" Hue="0" />
    <Tile TileID="11191" X="730" Y="530" Z="0" Hue="0" />
    <Tile TileID="11189" X="729" Y="537" Z="0" Hue="0" />
    <Tile TileID="11191" X="729" Y="536" Z="0" Hue="0" />
    <Tile TileID="11189" X="729" Y="535" Z="0" Hue="0" />
    <Tile TileID="11192" X="729" Y="534" Z="0" Hue="0" />
    <Tile TileID="11192" X="729" Y="533" Z="0" Hue="0" />
    <Tile TileID="11192" X="729" Y="532" Z="0" Hue="0" />
    <Tile TileID="11191" X="729" Y="531" Z="0" Hue="0" />
    <Tile TileID="11192" X="729" Y="530" Z="0" Hue="0" />
    <Tile TileID="11189" X="728" Y="537" Z="0" Hue="0" />
    <Tile TileID="11189" X="728" Y="536" Z="0" Hue="0" />
    <Tile TileID="11192" X="728" Y="535" Z="0" Hue="0" />
    <Tile TileID="11189" X="728" Y="534" Z="0" Hue="0" />
    <Tile TileID="11191" X="728" Y="533" Z="0" Hue="0" />
    <Tile TileID="11191" X="728" Y="532" Z="0" Hue="0" />
    <Tile TileID="11191" X="728" Y="531" Z="0" Hue="0" />
    <Tile TileID="11192" X="728" Y="530" Z="0" Hue="0" />
    <Tile TileID="11190" X="727" Y="537" Z="0" Hue="0" />
    <Tile TileID="11191" X="727" Y="536" Z="0" Hue="0" />
    <Tile TileID="11191" X="727" Y="534" Z="0" Hue="0" />
    <Tile TileID="11191" X="727" Y="533" Z="0" Hue="0" />
    <Tile TileID="11191" X="727" Y="531" Z="0" Hue="0" />
    <Tile TileID="11191" X="726" Y="532" Z="0" Hue="0" />
    <Tile TileID="11192" X="726" Y="530" Z="0" Hue="0" />
    <Tile TileID="11191" X="725" Y="535" Z="0" Hue="0" />
    <Tile TileID="11191" X="725" Y="534" Z="0" Hue="0" />
    <Tile TileID="11190" X="725" Y="533" Z="0" Hue="0" />
    <Tile TileID="11189" X="725" Y="532" Z="0" Hue="0" />
    <Tile TileID="11190" X="725" Y="530" Z="0" Hue="0" />
    <Tile TileID="11192" X="724" Y="536" Z="0" Hue="0" />
    <Tile TileID="11190" X="724" Y="535" Z="0" Hue="0" />
    <Tile TileID="11191" X="724" Y="534" Z="0" Hue="0" />
    <Tile TileID="11192" X="724" Y="533" Z="0" Hue="0" />
    <Tile TileID="11190" X="724" Y="532" Z="0" Hue="0" />
    <Tile TileID="11190" X="724" Y="531" Z="0" Hue="0" />
    <Tile TileID="11189" X="724" Y="530" Z="0" Hue="0" />
    <Tile TileID="11191" X="723" Y="537" Z="0" Hue="0" />
    <Tile TileID="11191" X="723" Y="536" Z="0" Hue="0" />
    <Tile TileID="11190" X="723" Y="535" Z="0" Hue="0" />
    <Tile TileID="11192" X="723" Y="534" Z="0" Hue="0" />
    <Tile TileID="11190" X="723" Y="533" Z="0" Hue="0" />
    <Tile TileID="11190" X="723" Y="532" Z="0" Hue="0" />
    <Tile TileID="11189" X="723" Y="531" Z="0" Hue="0" />
    <Tile TileID="11191" X="723" Y="530" Z="0" Hue="0" />
    <Tile TileID="11189" X="722" Y="537" Z="0" Hue="0" />
    <Tile TileID="11191" X="722" Y="536" Z="0" Hue="0" />
    <Tile TileID="11192" X="722" Y="535" Z="0" Hue="0" />
    <Tile TileID="11189" X="722" Y="534" Z="0" Hue="0" />
    <Tile TileID="11190" X="722" Y="533" Z="0" Hue="0" />
    <Tile TileID="1801" X="664" Y="461" Z="0" Hue="0" />
    <Tile TileID="11192" X="722" Y="531" Z="0" Hue="0" />
    <Tile TileID="11190" X="722" Y="530" Z="0" Hue="0" />
    <Tile TileID="11191" X="721" Y="537" Z="0" Hue="0" />
    <Tile TileID="11191" X="721" Y="536" Z="0" Hue="0" />
    <Tile TileID="11191" X="721" Y="535" Z="0" Hue="0" />
    <Tile TileID="1801" X="663" Y="461" Z="0" Hue="0" />
    <Tile TileID="1801" X="663" Y="460" Z="0" Hue="0" />
    <Tile TileID="11190" X="721" Y="532" Z="0" Hue="0" />
    <Tile TileID="11190" X="721" Y="531" Z="0" Hue="0" />
    <Tile TileID="11192" X="721" Y="530" Z="0" Hue="0" />
    <Tile TileID="1801" X="662" Y="462" Z="0" Hue="0" />
    <Tile TileID="11192" X="720" Y="536" Z="0" Hue="0" />
    <Tile TileID="1801" X="662" Y="460" Z="0" Hue="0" />
    <Tile TileID="1801" X="662" Y="459" Z="0" Hue="0" />
    <Tile TileID="1801" X="662" Y="458" Z="0" Hue="0" />
    <Tile TileID="11192" X="720" Y="532" Z="0" Hue="0" />
    <Tile TileID="1801" X="661" Y="462" Z="0" Hue="0" />
    <Tile TileID="1801" X="661" Y="461" Z="0" Hue="0" />
    <Tile TileID="1801" X="661" Y="460" Z="0" Hue="0" />
    <Tile TileID="11190" X="719" Y="536" Z="0" Hue="0" />
    <Tile TileID="11192" X="719" Y="535" Z="0" Hue="0" />
    <Tile TileID="1801" X="661" Y="459" Z="0" Hue="0" />
    <Tile TileID="1801" X="661" Y="458" Z="0" Hue="0" />
    <Tile TileID="1801" X="661" Y="457" Z="0" Hue="0" />
    <Tile TileID="1801" X="660" Y="462" Z="0" Hue="0" />
    <Tile TileID="1801" X="660" Y="461" Z="0" Hue="0" />
    <Tile TileID="1801" X="660" Y="460" Z="0" Hue="0" />
    <Tile TileID="1801" X="660" Y="458" Z="0" Hue="0" />
    <Tile TileID="1801" X="660" Y="457" Z="0" Hue="0" />
    <Tile TileID="11192" X="718" Y="532" Z="0" Hue="0" />
    <Tile TileID="11190" X="718" Y="531" Z="0" Hue="0" />
    <Tile TileID="11190" X="718" Y="530" Z="0" Hue="0" />
    <Tile TileID="11192" X="717" Y="537" Z="0" Hue="0" />
    <Tile TileID="11189" X="717" Y="536" Z="0" Hue="0" />
    <Tile TileID="11190" X="717" Y="535" Z="0" Hue="0" />
    <Tile TileID="1306" X="660" Y="464" Z="0" Hue="0" />
    <Tile TileID="11189" X="717" Y="533" Z="0" Hue="0" />
    <Tile TileID="11192" X="717" Y="532" Z="0" Hue="0" />
    <Tile TileID="11190" X="717" Y="531" Z="0" Hue="0" />
    <Tile TileID="11191" X="717" Y="530" Z="0" Hue="0" />
    <Tile TileID="11191" X="716" Y="537" Z="0" Hue="0" />
    <Tile TileID="11191" X="716" Y="536" Z="0" Hue="0" />
    <Tile TileID="11189" X="716" Y="535" Z="0" Hue="0" />
    <Tile TileID="11192" X="716" Y="534" Z="0" Hue="0" />
    <Tile TileID="11192" X="716" Y="533" Z="0" Hue="0" />
    <Tile TileID="11191" X="716" Y="532" Z="0" Hue="0" />
    <Tile TileID="11189" X="716" Y="531" Z="0" Hue="0" />
    <Tile TileID="11189" X="716" Y="530" Z="0" Hue="0" />
    <Tile TileID="11190" X="715" Y="537" Z="0" Hue="0" />
    <Tile TileID="11191" X="715" Y="536" Z="0" Hue="0" />
    <Tile TileID="11189" X="715" Y="535" Z="0" Hue="0" />
    <Tile TileID="11191" X="715" Y="534" Z="0" Hue="0" />
    <Tile TileID="11191" X="715" Y="533" Z="0" Hue="0" />
    <Tile TileID="11191" X="715" Y="532" Z="0" Hue="0" />
    <Tile TileID="11192" X="715" Y="530" Z="0" Hue="0" />
    <Tile TileID="11189" X="714" Y="537" Z="0" Hue="0" />
    <Tile TileID="11191" X="714" Y="536" Z="0" Hue="0" />
    <Tile TileID="11192" X="714" Y="535" Z="0" Hue="0" />
    <Tile TileID="11190" X="713" Y="537" Z="0" Hue="0" />
    <Tile TileID="11192" X="713" Y="536" Z="0" Hue="0" />
    <Tile TileID="11192" X="713" Y="535" Z="0" Hue="0" />
    <Tile TileID="11190" X="712" Y="537" Z="0" Hue="0" />
    <Tile TileID="11192" X="712" Y="536" Z="0" Hue="0" />
    <Tile TileID="11192" X="712" Y="535" Z="0" Hue="0" />
    <Tile TileID="11191" X="711" Y="537" Z="0" Hue="0" />
    <Tile TileID="11190" X="711" Y="536" Z="0" Hue="0" />
    <Tile TileID="11189" X="711" Y="535" Z="0" Hue="0" />
    <Tile TileID="11192" X="710" Y="537" Z="0" Hue="0" />
    <Tile TileID="11189" X="710" Y="536" Z="0" Hue="0" />
    <Tile TileID="11191" X="710" Y="535" Z="0" Hue="0" />
    <Tile TileID="11192" X="709" Y="537" Z="0" Hue="0" />
    <Tile TileID="11189" X="709" Y="536" Z="0" Hue="0" />
    <Tile TileID="11191" X="709" Y="535" Z="0" Hue="0" />
    <Tile TileID="11192" X="708" Y="536" Z="0" Hue="0" />
    <Tile TileID="11189" X="708" Y="535" Z="0" Hue="0" />
    <Tile TileID="11189" X="714" Y="534" Z="0" Hue="0" />
    <Tile TileID="11189" X="714" Y="533" Z="0" Hue="0" />
    <Tile TileID="11192" X="714" Y="532" Z="0" Hue="0" />
    <Tile TileID="11192" X="713" Y="534" Z="0" Hue="0" />
    <Tile TileID="11190" X="713" Y="533" Z="0" Hue="0" />
    <Tile TileID="11189" X="713" Y="532" Z="0" Hue="0" />
    <Tile TileID="11189" X="713" Y="531" Z="0" Hue="0" />
    <Tile TileID="11190" X="713" Y="530" Z="0" Hue="0" />
    <Tile TileID="11189" X="713" Y="529" Z="0" Hue="0" />
    <Tile TileID="11191" X="712" Y="534" Z="0" Hue="0" />
    <Tile TileID="11191" X="712" Y="533" Z="0" Hue="0" />
    <Tile TileID="11192" X="712" Y="532" Z="0" Hue="0" />
    <Tile TileID="11190" X="712" Y="530" Z="0" Hue="0" />
    <Tile TileID="11190" X="712" Y="529" Z="0" Hue="0" />
    <Tile TileID="11190" X="711" Y="534" Z="0" Hue="0" />
    <Tile TileID="11192" X="711" Y="532" Z="0" Hue="0" />
    <Tile TileID="11192" X="711" Y="531" Z="0" Hue="0" />
    <Tile TileID="11192" X="711" Y="530" Z="0" Hue="0" />
    <Tile TileID="11192" X="711" Y="529" Z="0" Hue="0" />
    <Tile TileID="11192" X="710" Y="534" Z="0" Hue="0" />
    <Tile TileID="11192" X="710" Y="530" Z="0" Hue="0" />
    <Tile TileID="11192" X="710" Y="529" Z="0" Hue="0" />
    <Tile TileID="11192" X="709" Y="534" Z="0" Hue="0" />
    <Tile TileID="11192" X="709" Y="533" Z="0" Hue="0" />
    <Tile TileID="11189" X="709" Y="532" Z="0" Hue="0" />
    <Tile TileID="11192" X="709" Y="531" Z="0" Hue="0" />
    <Tile TileID="11190" X="709" Y="530" Z="0" Hue="0" />
    <Tile TileID="11191" X="709" Y="529" Z="0" Hue="0" />
    <Tile TileID="11192" X="708" Y="534" Z="0" Hue="0" />
    <Tile TileID="11189" X="708" Y="533" Z="0" Hue="0" />
    <Tile TileID="11189" X="708" Y="532" Z="0" Hue="0" />
    <Tile TileID="11191" X="708" Y="531" Z="0" Hue="0" />
    <Tile TileID="11190" X="708" Y="530" Z="0" Hue="0" />
    <Tile TileID="11191" X="708" Y="529" Z="0" Hue="0" />
    <Tile TileID="1872" X="817" Y="415" Z="5" Hue="0" />
    <Tile TileID="1872" X="815" Y="415" Z="5" Hue="0" />
    <Tile TileID="1872" X="813" Y="415" Z="5" Hue="0" />
    <Tile TileID="1872" X="811" Y="415" Z="5" Hue="0" />
    <Tile TileID="1872" X="809" Y="415" Z="5" Hue="0" />
    <Tile TileID="1872" X="807" Y="415" Z="5" Hue="0" />
    <Tile TileID="1872" X="807" Y="417" Z="5" Hue="0" />
    <Tile TileID="1872" X="809" Y="417" Z="5" Hue="0" />
    <Tile TileID="1872" X="811" Y="417" Z="5" Hue="0" />
    <Tile TileID="1872" X="813" Y="417" Z="5" Hue="0" />
    <Tile TileID="1872" X="815" Y="417" Z="5" Hue="0" />
    <Tile TileID="1872" X="817" Y="417" Z="5" Hue="0" />
    <Tile TileID="1874" X="818" Y="417" Z="0" Hue="0" />
    <Tile TileID="1874" X="818" Y="416" Z="0" Hue="0" />
    <Tile TileID="1874" X="818" Y="415" Z="0" Hue="0" />
    <Tile TileID="1876" X="805" Y="417" Z="0" Hue="0" />
    <Tile TileID="1876" X="805" Y="416" Z="0" Hue="0" />
    <Tile TileID="1876" X="805" Y="415" Z="0" Hue="0" />
    <Tile TileID="1872" X="817" Y="417" Z="0" Hue="0" />
    <Tile TileID="1872" X="817" Y="416" Z="0" Hue="0" />
    <Tile TileID="1872" X="817" Y="415" Z="0" Hue="0" />
    <Tile TileID="1872" X="816" Y="417" Z="0" Hue="0" />
    <Tile TileID="1872" X="815" Y="417" Z="0" Hue="0" />
    <Tile TileID="1872" X="814" Y="417" Z="0" Hue="0" />
    <Tile TileID="1872" X="813" Y="417" Z="0" Hue="0" />
    <Tile TileID="1872" X="812" Y="417" Z="0" Hue="0" />
    <Tile TileID="1872" X="811" Y="417" Z="0" Hue="0" />
    <Tile TileID="1872" X="810" Y="417" Z="0" Hue="0" />
    <Tile TileID="1872" X="809" Y="417" Z="0" Hue="0" />
    <Tile TileID="1872" X="808" Y="417" Z="0" Hue="0" />
    <Tile TileID="1872" X="807" Y="417" Z="0" Hue="0" />
    <Tile TileID="1872" X="806" Y="417" Z="0" Hue="0" />
    <Tile TileID="1872" X="816" Y="416" Z="0" Hue="0" />
    <Tile TileID="1872" X="816" Y="415" Z="0" Hue="0" />
    <Tile TileID="1872" X="815" Y="416" Z="0" Hue="0" />
    <Tile TileID="1872" X="815" Y="415" Z="0" Hue="0" />
    <Tile TileID="1872" X="814" Y="416" Z="0" Hue="0" />
    <Tile TileID="1872" X="814" Y="415" Z="0" Hue="0" />
    <Tile TileID="1872" X="813" Y="416" Z="0" Hue="0" />
    <Tile TileID="1872" X="813" Y="415" Z="0" Hue="0" />
    <Tile TileID="1872" X="812" Y="416" Z="0" Hue="0" />
    <Tile TileID="1872" X="812" Y="415" Z="0" Hue="0" />
    <Tile TileID="1872" X="811" Y="416" Z="0" Hue="0" />
    <Tile TileID="1872" X="811" Y="415" Z="0" Hue="0" />
    <Tile TileID="1872" X="810" Y="416" Z="0" Hue="0" />
    <Tile TileID="1872" X="810" Y="415" Z="0" Hue="0" />
    <Tile TileID="1872" X="809" Y="416" Z="0" Hue="0" />
    <Tile TileID="1872" X="809" Y="415" Z="0" Hue="0" />
    <Tile TileID="1872" X="808" Y="416" Z="0" Hue="0" />
    <Tile TileID="1872" X="808" Y="415" Z="0" Hue="0" />
    <Tile TileID="1872" X="807" Y="416" Z="0" Hue="0" />
    <Tile TileID="1872" X="807" Y="415" Z="0" Hue="0" />
    <Tile TileID="1872" X="806" Y="416" Z="0" Hue="0" />
    <Tile TileID="1872" X="806" Y="415" Z="0" Hue="0" />
    <Tile TileID="3209" X="655" Y="460" Z="0" Hue="0" />
    <Tile TileID="3212" X="655" Y="457" Z="0" Hue="0" />
    <Tile TileID="3214" X="654" Y="455" Z="0" Hue="0" />
    <Tile TileID="3212" X="657" Y="454" Z="0" Hue="0" />
    <Tile TileID="3213" X="657" Y="453" Z="0" Hue="0" />
    <Tile TileID="3210" X="660" Y="455" Z="0" Hue="0" />
    <Tile TileID="3209" X="680" Y="467" Z="0" Hue="0" />
    <Tile TileID="3210" X="711" Y="462" Z="0" Hue="0" />
    <Tile TileID="3214" X="709" Y="462" Z="0" Hue="0" />
    <Tile TileID="3213" X="708" Y="467" Z="0" Hue="0" />
    <Tile TileID="3211" X="711" Y="467" Z="0" Hue="0" />
    <Tile TileID="3213" X="708" Y="463" Z="0" Hue="0" />
    <Tile TileID="3213" X="708" Y="463" Z="0" Hue="0" />
    <Tile TileID="3208" X="710" Y="464" Z="0" Hue="0" />
    <Tile TileID="3209" X="711" Y="465" Z="0" Hue="0" />
    <Tile TileID="3213" X="706" Y="467" Z="0" Hue="0" />
    <Tile TileID="3208" X="705" Y="466" Z="0" Hue="0" />
    <Tile TileID="3212" X="706" Y="464" Z="0" Hue="0" />
    <Tile TileID="3211" X="705" Y="463" Z="0" Hue="0" />
    <Tile TileID="3210" X="702" Y="462" Z="0" Hue="0" />
    <Tile TileID="3213" X="701" Y="462" Z="0" Hue="0" />
    <Tile TileID="3210" X="703" Y="464" Z="0" Hue="0" />
    <Tile TileID="3213" X="707" Y="466" Z="0" Hue="0" />
    <Tile TileID="3214" X="697" Y="469" Z="0" Hue="0" />
    <Tile TileID="3211" X="696" Y="471" Z="0" Hue="0" />
    <Tile TileID="3209" X="691" Y="464" Z="0" Hue="0" />
    <Tile TileID="3211" X="692" Y="464" Z="0" Hue="0" />
    <Tile TileID="3211" X="690" Y="470" Z="0" Hue="0" />
    <Tile TileID="3212" X="691" Y="466" Z="0" Hue="0" />
    <Tile TileID="3207" X="694" Y="467" Z="0" Hue="0" />
    <Tile TileID="3210" X="697" Y="462" Z="0" Hue="0" />
    <Tile TileID="3212" X="696" Y="462" Z="0" Hue="0" />
    <Tile TileID="3214" X="693" Y="461" Z="0" Hue="0" />
    <Tile TileID="3210" X="693" Y="462" Z="0" Hue="0" />
    <Tile TileID="3212" X="695" Y="469" Z="0" Hue="0" />
    <Tile TileID="3207" X="693" Y="468" Z="0" Hue="0" />
    <Tile TileID="3213" X="692" Y="470" Z="0" Hue="0" />
    <Tile TileID="3210" X="684" Y="469" Z="0" Hue="0" />
    <Tile TileID="3207" X="686" Y="469" Z="0" Hue="0" />
    <Tile TileID="3214" X="687" Y="467" Z="0" Hue="0" />
    <Tile TileID="3212" X="683" Y="464" Z="0" Hue="0" />
    <Tile TileID="3207" X="685" Y="464" Z="0" Hue="0" />
    <Tile TileID="3208" X="689" Y="464" Z="0" Hue="0" />
    <Tile TileID="3211" X="691" Y="462" Z="0" Hue="0" />
    <Tile TileID="3212" X="689" Y="461" Z="0" Hue="0" />
    <Tile TileID="3212" X="688" Y="463" Z="0" Hue="0" />
    <Tile TileID="3212" X="683" Y="468" Z="0" Hue="0" />
    <Tile TileID="3212" X="690" Y="468" Z="0" Hue="0" />
    <Tile TileID="3212" X="685" Y="468" Z="0" Hue="0" />
    <Tile TileID="3208" X="681" Y="464" Z="0" Hue="0" />
    <Tile TileID="3214" X="681" Y="469" Z="0" Hue="0" />
    <Tile TileID="3209" X="678" Y="468" Z="0" Hue="0" />
    <Tile TileID="3209" X="673" Y="467" Z="0" Hue="0" />
    <Tile TileID="3208" X="668" Y="466" Z="0" Hue="0" />
    <Tile TileID="3213" X="664" Y="467" Z="0" Hue="0" />
    <Tile TileID="3207" X="675" Y="467" Z="0" Hue="0" />
    <Tile TileID="3213" X="676" Y="467" Z="0" Hue="0" />
    <Tile TileID="3213" X="674" Y="464" Z="0" Hue="0" />
    <Tile TileID="3208" X="670" Y="464" Z="0" Hue="0" />
    <Tile TileID="3214" X="670" Y="464" Z="0" Hue="0" />
    <Tile TileID="3209" X="668" Y="464" Z="0" Hue="0" />
    <Tile TileID="3207" X="672" Y="463" Z="0" Hue="0" />
    <Tile TileID="3211" X="673" Y="463" Z="0" Hue="0" />
    <Tile TileID="3207" X="677" Y="464" Z="0" Hue="0" />
    <Tile TileID="3209" X="680" Y="464" Z="0" Hue="0" />
    <Tile TileID="3209" X="684" Y="460" Z="0" Hue="0" />
    <Tile TileID="3210" X="682" Y="460" Z="0" Hue="0" />
    <Tile TileID="3211" X="677" Y="461" Z="0" Hue="0" />
    <Tile TileID="3213" X="677" Y="459" Z="0" Hue="0" />
    <Tile TileID="3207" X="676" Y="460" Z="0" Hue="0" />
    <Tile TileID="3207" X="676" Y="460" Z="0" Hue="0" />
    <Tile TileID="3208" X="679" Y="460" Z="0" Hue="0" />
    <Tile TileID="3207" X="680" Y="460" Z="0" Hue="0" />
    <Tile TileID="3210" X="669" Y="456" Z="0" Hue="0" />
    <Tile TileID="3212" X="669" Y="457" Z="0" Hue="0" />
    <Tile TileID="3212" X="669" Y="460" Z="0" Hue="0" />
    <Tile TileID="3212" X="671" Y="459" Z="2" Hue="0" />
    <Tile TileID="3209" X="672" Y="459" Z="0" Hue="0" />
    <Tile TileID="3214" X="674" Y="460" Z="0" Hue="0" />
    <Tile TileID="3211" X="667" Y="457" Z="0" Hue="0" />
    <Tile TileID="3208" X="670" Y="460" Z="2" Hue="0" />
    <Tile TileID="3208" X="669" Y="459" Z="0" Hue="0" />
    <Tile TileID="3212" X="668" Y="459" Z="0" Hue="0" />
    <Tile TileID="3214" X="667" Y="461" Z="0" Hue="0" />
    <Tile TileID="3209" X="660" Y="468" Z="0" Hue="0" />
    <Tile TileID="3214" X="662" Y="467" Z="0" Hue="0" />
    <Tile TileID="3211" X="659" Y="466" Z="0" Hue="0" />
    <Tile TileID="3207" X="653" Y="470" Z="0" Hue="0" />
    <Tile TileID="3214" X="656" Y="464" Z="0" Hue="0" />
    <Tile TileID="3212" X="654" Y="462" Z="0" Hue="0" />
    <Tile TileID="3208" X="654" Y="464" Z="0" Hue="0" />
    <Tile TileID="3213" X="655" Y="470" Z="0" Hue="0" />
    <Tile TileID="3210" X="656" Y="469" Z="0" Hue="0" />
    <Tile TileID="3212" X="655" Y="468" Z="0" Hue="0" />
    <Tile TileID="3211" X="657" Y="467" Z="0" Hue="0" />
    <Tile TileID="3208" X="658" Y="468" Z="0" Hue="0" />
    <Tile TileID="3210" X="660" Y="468" Z="0" Hue="0" />
    <Tile TileID="3209" X="659" Y="467" Z="0" Hue="0" />
    <Tile TileID="3215" X="661" Y="466" Z="0" Hue="0" />
    <Tile TileID="6024" X="700" Y="469" Z="0" Hue="0" />
    <Tile TileID="6023" X="702" Y="471" Z="0" Hue="0" />
    <Tile TileID="6022" X="699" Y="473" Z="0" Hue="0" />
    <Tile TileID="6022" X="699" Y="475" Z="0" Hue="0" />
    <Tile TileID="6022" X="699" Y="474" Z="0" Hue="0" />
    <Tile TileID="6024" X="700" Y="473" Z="0" Hue="0" />
    <Tile TileID="6024" X="700" Y="474" Z="0" Hue="0" />
    <Tile TileID="6024" X="698" Y="471" Z="0" Hue="0" />
    <Tile TileID="6025" X="698" Y="477" Z="0" Hue="0" />
    <Tile TileID="6024" X="698" Y="475" Z="0" Hue="0" />
    <Tile TileID="6025" X="698" Y="474" Z="0" Hue="0" />
    <Tile TileID="6022" X="698" Y="472" Z="0" Hue="0" />
    <Tile TileID="6022" X="704" Y="468" Z="0" Hue="0" />
    <Tile TileID="6024" X="704" Y="469" Z="0" Hue="0" />
    <Tile TileID="6022" X="703" Y="468" Z="0" Hue="0" />
    <Tile TileID="6023" X="701" Y="468" Z="0" Hue="0" />
    <Tile TileID="6023" X="702" Y="469" Z="0" Hue="0" />
    <Tile TileID="6024" X="699" Y="470" Z="0" Hue="0" />
    <Tile TileID="6023" X="699" Y="471" Z="0" Hue="0" />
    <Tile TileID="6022" X="700" Y="471" Z="0" Hue="0" />
    <Tile TileID="6022" X="698" Y="470" Z="0" Hue="0" />
    <Tile TileID="6023" X="698" Y="468" Z="0" Hue="0" />
    <Tile TileID="6023" X="698" Y="469" Z="0" Hue="0" />
    <Tile TileID="6022" X="700" Y="470" Z="0" Hue="0" />
    <Tile TileID="6024" X="699" Y="468" Z="0" Hue="0" />
    <Tile TileID="6023" X="697" Y="463" Z="0" Hue="0" />
    <Tile TileID="6023" X="699" Y="463" Z="0" Hue="0" />
    <Tile TileID="6023" X="699" Y="465" Z="0" Hue="0" />
    <Tile TileID="6022" X="698" Y="466" Z="0" Hue="0" />
    <Tile TileID="6022" X="696" Y="465" Z="0" Hue="0" />
    <Tile TileID="6023" X="694" Y="465" Z="0" Hue="0" />
    <Tile TileID="6025" X="691" Y="465" Z="0" Hue="0" />
    <Tile TileID="6022" X="687" Y="465" Z="0" Hue="0" />
    <Tile TileID="6024" X="689" Y="465" Z="0" Hue="0" />
    <Tile TileID="6022" X="677" Y="465" Z="0" Hue="0" />
    <Tile TileID="6023" X="683" Y="465" Z="0" Hue="0" />
    <Tile TileID="6025" X="674" Y="465" Z="0" Hue="0" />
    <Tile TileID="6023" X="673" Y="465" Z="0" Hue="0" />
    <Tile TileID="6023" X="671" Y="465" Z="0" Hue="0" />
    <Tile TileID="6022" X="663" Y="465" Z="0" Hue="0" />
    <Tile TileID="6023" X="662" Y="464" Z="0" Hue="0" />
    <Tile TileID="6025" X="662" Y="465" Z="0" Hue="0" />
    <Tile TileID="6025" X="660" Y="464" Z="0" Hue="0" />
    <Tile TileID="6025" X="660" Y="465" Z="0" Hue="0" />
    <Tile TileID="6024" X="659" Y="465" Z="0" Hue="0" />
    <Tile TileID="6024" X="657" Y="465" Z="0" Hue="0" />
    <Tile TileID="6025" X="655" Y="465" Z="0" Hue="0" />
    <Tile TileID="6025" X="655" Y="467" Z="0" Hue="0" />
    <Tile TileID="6023" X="655" Y="467" Z="0" Hue="0" />
    <Tile TileID="6024" X="669" Y="465" Z="0" Hue="0" />
    <Tile TileID="6019" X="671" Y="465" Z="0" Hue="0" />
    <Tile TileID="6021" X="669" Y="465" Z="0" Hue="0" />
    <Tile TileID="6018" X="671" Y="465" Z="0" Hue="0" />
    <Tile TileID="6019" X="669" Y="465" Z="0" Hue="0" />
    <Tile TileID="6024" X="667" Y="465" Z="0" Hue="0" />
    <Tile TileID="6023" X="665" Y="465" Z="0" Hue="0" />
    <Tile TileID="6018" X="659" Y="465" Z="0" Hue="0" />
    <Tile TileID="6022" X="661" Y="465" Z="0" Hue="0" />
    <Tile TileID="6020" X="660" Y="465" Z="0" Hue="0" />
    <Tile TileID="6018" X="660" Y="464" Z="0" Hue="0" />
    <Tile TileID="6024" X="661" Y="464" Z="0" Hue="0" />
    <Tile TileID="6021" X="662" Y="464" Z="0" Hue="0" />
    <Tile TileID="6018" X="663" Y="465" Z="0" Hue="0" />
    <Tile TileID="6020" X="662" Y="465" Z="0" Hue="0" />
    <Tile TileID="6019" X="661" Y="465" Z="0" Hue="0" />
    <Tile TileID="6020" X="660" Y="465" Z="0" Hue="0" />
    <Tile TileID="6019" X="659" Y="465" Z="0" Hue="0" />
    <Tile TileID="6022" X="679" Y="465" Z="0" Hue="0" />
    <Tile TileID="6021" X="679" Y="465" Z="0" Hue="0" />
    <Tile TileID="6023" X="685" Y="465" Z="0" Hue="0" />
    <Tile TileID="6018" X="683" Y="465" Z="0" Hue="0" />
    <Tile TileID="6023" X="681" Y="465" Z="0" Hue="0" />
    <Tile TileID="6021" X="679" Y="465" Z="0" Hue="0" />
    <Tile TileID="6021" X="677" Y="465" Z="0" Hue="0" />
    <Tile TileID="6021" X="675" Y="465" Z="0" Hue="0" />
    <Tile TileID="6025" X="673" Y="465" Z="0" Hue="0" />
    <Tile TileID="6018" X="674" Y="465" Z="0" Hue="0" />
    <Tile TileID="6020" X="675" Y="465" Z="0" Hue="0" />
    <Tile TileID="6022" X="694" Y="463" Z="0" Hue="0" />
    <Tile TileID="6025" X="691" Y="465" Z="0" Hue="0" />
    <Tile TileID="6021" X="689" Y="465" Z="0" Hue="0" />
    <Tile TileID="6020" X="687" Y="465" Z="0" Hue="0" />
    <Tile TileID="6024" X="696" Y="464" Z="0" Hue="0" />
    <Tile TileID="6019" X="696" Y="464" Z="0" Hue="0" />
    <Tile TileID="6021" X="696" Y="465" Z="0" Hue="0" />
    <Tile TileID="6022" X="696" Y="466" Z="0" Hue="0" />
    <Tile TileID="6020" X="697" Y="463" Z="0" Hue="0" />
    <Tile TileID="6020" X="696" Y="463" Z="0" Hue="0" />
    <Tile TileID="6019" X="696" Y="464" Z="0" Hue="0" />
    <Tile TileID="6021" X="696" Y="465" Z="0" Hue="0" />
    <Tile TileID="6018" X="694" Y="465" Z="0" Hue="0" />
    <Tile TileID="6018" X="694" Y="463" Z="0" Hue="0" />
    <Tile TileID="6018" X="694" Y="465" Z="0" Hue="0" />
    <Tile TileID="6024" X="698" Y="466" Z="0" Hue="0" />
    <Tile TileID="6021" X="699" Y="467" Z="0" Hue="0" />
    <Tile TileID="6023" X="703" Y="467" Z="0" Hue="0" />
    <Tile TileID="6024" X="703" Y="466" Z="0" Hue="0" />
    <Tile TileID="6024" X="703" Y="466" Z="0" Hue="0" />
    <Tile TileID="6019" X="703" Y="467" Z="0" Hue="0" />
    <Tile TileID="6019" X="702" Y="467" Z="0" Hue="0" />
    <Tile TileID="6022" X="700" Y="467" Z="0" Hue="0" />
    <Tile TileID="6020" X="701" Y="467" Z="0" Hue="0" />
    <Tile TileID="6018" X="701" Y="467" Z="0" Hue="0" />
    <Tile TileID="6018" X="701" Y="467" Z="0" Hue="0" />
    <Tile TileID="6024" X="700" Y="466" Z="0" Hue="0" />
    <Tile TileID="6023" X="700" Y="466" Z="0" Hue="0" />
    <Tile TileID="6021" X="703" Y="466" Z="0" Hue="0" />
    <Tile TileID="6020" X="702" Y="466" Z="0" Hue="0" />
    <Tile TileID="6022" X="702" Y="465" Z="0" Hue="0" />
    <Tile TileID="6018" X="701" Y="465" Z="0" Hue="0" />
    <Tile TileID="6019" X="700" Y="464" Z="0" Hue="0" />
    <Tile TileID="6018" X="699" Y="463" Z="0" Hue="0" />
    <Tile TileID="6022" X="698" Y="464" Z="0" Hue="0" />
    <Tile TileID="6021" X="699" Y="466" Z="0" Hue="0" />
    <Tile TileID="6024" X="698" Y="466" Z="0" Hue="0" />
    <Tile TileID="6020" X="699" Y="465" Z="0" Hue="0" />
    <Tile TileID="6019" X="698" Y="464" Z="0" Hue="0" />
    <Tile TileID="6025" X="699" Y="464" Z="0" Hue="0" />
    <Tile TileID="6019" X="699" Y="467" Z="0" Hue="0" />
    <Tile TileID="1308" X="655" Y="467" Z="0" Hue="0" />
    <Tile TileID="1307" X="655" Y="465" Z="0" Hue="0" />
    <Tile TileID="1307" X="657" Y="465" Z="0" Hue="0" />
    <Tile TileID="1306" X="659" Y="465" Z="0" Hue="0" />
    <Tile TileID="1308" X="662" Y="465" Z="0" Hue="0" />
    <Tile TileID="1305" X="660" Y="465" Z="0" Hue="0" />
    <Tile TileID="1305" X="661" Y="465" Z="0" Hue="0" />
    <Tile TileID="1308" X="661" Y="464" Z="0" Hue="0" />
    <Tile TileID="1308" X="662" Y="464" Z="0" Hue="0" />
    <Tile TileID="1305" X="663" Y="465" Z="0" Hue="0" />
    <Tile TileID="1307" X="665" Y="465" Z="0" Hue="0" />
    <Tile TileID="1305" X="667" Y="465" Z="0" Hue="0" />
    <Tile TileID="1308" X="669" Y="465" Z="0" Hue="0" />
    <Tile TileID="1308" X="671" Y="465" Z="0" Hue="0" />
    <Tile TileID="1306" X="673" Y="465" Z="0" Hue="0" />
    <Tile TileID="1306" X="675" Y="465" Z="0" Hue="0" />
    <Tile TileID="1306" X="674" Y="465" Z="0" Hue="0" />
    <Tile TileID="1307" X="677" Y="465" Z="0" Hue="0" />
    <Tile TileID="1307" X="679" Y="465" Z="0" Hue="0" />
    <Tile TileID="1308" X="681" Y="465" Z="0" Hue="0" />
    <Tile TileID="1307" X="683" Y="465" Z="0" Hue="0" />
    <Tile TileID="1305" X="685" Y="465" Z="0" Hue="0" />
    <Tile TileID="1308" X="687" Y="465" Z="0" Hue="0" />
    <Tile TileID="1307" X="689" Y="465" Z="0" Hue="0" />
    <Tile TileID="1306" X="691" Y="465" Z="0" Hue="0" />
    <Tile TileID="1305" X="696" Y="466" Z="0" Hue="0" />
    <Tile TileID="1307" X="694" Y="465" Z="0" Hue="0" />
    <Tile TileID="1307" X="696" Y="465" Z="0" Hue="0" />
    <Tile TileID="1307" X="696" Y="463" Z="0" Hue="0" />
    <Tile TileID="1308" X="698" Y="464" Z="0" Hue="0" />
    <Tile TileID="1307" X="697" Y="463" Z="0" Hue="0" />
    <Tile TileID="1307" X="694" Y="463" Z="0" Hue="0" />
    <Tile TileID="1305" X="696" Y="464" Z="0" Hue="0" />
    <Tile TileID="1307" X="698" Y="466" Z="0" Hue="0" />
    <Tile TileID="1305" X="699" Y="467" Z="0" Hue="0" />
    <Tile TileID="1308" X="699" Y="466" Z="0" Hue="0" />
    <Tile TileID="1306" X="699" Y="465" Z="0" Hue="0" />
    <Tile TileID="1305" X="699" Y="464" Z="0" Hue="0" />
    <Tile TileID="1306" X="699" Y="463" Z="0" Hue="0" />
    <Tile TileID="1306" X="703" Y="467" Z="0" Hue="0" />
    <Tile TileID="1308" X="703" Y="466" Z="0" Hue="0" />
    <Tile TileID="1305" X="702" Y="467" Z="0" Hue="0" />
    <Tile TileID="1308" X="702" Y="466" Z="0" Hue="0" />
    <Tile TileID="1308" X="702" Y="465" Z="0" Hue="0" />
    <Tile TileID="1307" X="701" Y="467" Z="0" Hue="0" />
    <Tile TileID="1306" X="701" Y="465" Z="0" Hue="0" />
    <Tile TileID="1305" X="700" Y="467" Z="0" Hue="0" />
    <Tile TileID="1308" X="700" Y="466" Z="0" Hue="0" />
    <Tile TileID="1306" X="700" Y="464" Z="0" Hue="0" />
    <Tile TileID="1315" X="698" Y="485" Z="0" Hue="0" />
    <Tile TileID="1316" X="698" Y="484" Z="0" Hue="0" />
    <Tile TileID="1314" X="698" Y="483" Z="0" Hue="0" />
    <Tile TileID="1314" X="698" Y="482" Z="0" Hue="0" />
    <Tile TileID="1316" X="698" Y="481" Z="0" Hue="0" />
    <Tile TileID="1316" X="698" Y="480" Z="0" Hue="0" />
    <Tile TileID="1313" X="698" Y="479" Z="0" Hue="0" />
    <Tile TileID="1313" X="698" Y="478" Z="0" Hue="0" />
    <Tile TileID="1315" X="698" Y="477" Z="0" Hue="0" />
    <Tile TileID="1315" X="698" Y="476" Z="0" Hue="0" />
    <Tile TileID="1315" X="698" Y="475" Z="0" Hue="0" />
    <Tile TileID="1315" X="698" Y="474" Z="0" Hue="0" />
    <Tile TileID="1315" X="698" Y="473" Z="0" Hue="0" />
    <Tile TileID="1315" X="698" Y="472" Z="0" Hue="0" />
    <Tile TileID="1314" X="698" Y="471" Z="0" Hue="0" />
    <Tile TileID="1315" X="698" Y="470" Z="0" Hue="0" />
    <Tile TileID="1314" X="698" Y="469" Z="0" Hue="0" />
    <Tile TileID="1313" X="698" Y="468" Z="0" Hue="0" />
    <Tile TileID="1314" X="704" Y="470" Z="0" Hue="0" />
    <Tile TileID="1313" X="704" Y="469" Z="0" Hue="0" />
    <Tile TileID="1316" X="704" Y="468" Z="0" Hue="0" />
    <Tile TileID="1306" X="704" Y="485" Z="0" Hue="0" />
    <Tile TileID="1306" X="704" Y="484" Z="0" Hue="0" />
    <Tile TileID="1306" X="704" Y="483" Z="0" Hue="0" />
    <Tile TileID="1308" X="704" Y="482" Z="0" Hue="0" />
    <Tile TileID="1308" X="704" Y="481" Z="0" Hue="0" />
    <Tile TileID="1308" X="704" Y="480" Z="0" Hue="0" />
    <Tile TileID="1307" X="704" Y="479" Z="0" Hue="0" />
    <Tile TileID="1307" X="704" Y="478" Z="0" Hue="0" />
    <Tile TileID="1307" X="704" Y="477" Z="0" Hue="0" />
    <Tile TileID="1307" X="704" Y="476" Z="0" Hue="0" />
    <Tile TileID="1305" X="704" Y="475" Z="0" Hue="0" />
    <Tile TileID="1308" X="704" Y="474" Z="0" Hue="0" />
    <Tile TileID="1307" X="704" Y="473" Z="0" Hue="0" />
    <Tile TileID="1307" X="704" Y="472" Z="0" Hue="0" />
    <Tile TileID="1307" X="704" Y="471" Z="0" Hue="0" />
    <Tile TileID="1306" X="703" Y="485" Z="0" Hue="0" />
    <Tile TileID="1306" X="703" Y="484" Z="0" Hue="0" />
    <Tile TileID="1305" X="703" Y="483" Z="0" Hue="0" />
    <Tile TileID="1307" X="703" Y="482" Z="0" Hue="0" />
    <Tile TileID="1306" X="703" Y="481" Z="0" Hue="0" />
    <Tile TileID="1306" X="703" Y="480" Z="0" Hue="0" />
    <Tile TileID="1305" X="703" Y="479" Z="0" Hue="0" />
    <Tile TileID="1305" X="703" Y="478" Z="0" Hue="0" />
    <Tile TileID="1308" X="703" Y="477" Z="0" Hue="0" />
    <Tile TileID="1306" X="703" Y="476" Z="0" Hue="0" />
    <Tile TileID="1305" X="703" Y="475" Z="0" Hue="0" />
    <Tile TileID="1305" X="703" Y="474" Z="0" Hue="0" />
    <Tile TileID="1306" X="703" Y="473" Z="0" Hue="0" />
    <Tile TileID="1305" X="703" Y="472" Z="0" Hue="0" />
    <Tile TileID="1305" X="703" Y="471" Z="0" Hue="0" />
    <Tile TileID="1306" X="703" Y="470" Z="0" Hue="0" />
    <Tile TileID="1306" X="703" Y="469" Z="0" Hue="0" />
    <Tile TileID="1306" X="703" Y="468" Z="0" Hue="0" />
    <Tile TileID="1305" X="702" Y="485" Z="0" Hue="0" />
    <Tile TileID="1305" X="702" Y="484" Z="0" Hue="0" />
    <Tile TileID="1308" X="702" Y="483" Z="0" Hue="0" />
    <Tile TileID="1305" X="702" Y="482" Z="0" Hue="0" />
    <Tile TileID="1306" X="702" Y="481" Z="0" Hue="0" />
    <Tile TileID="1305" X="702" Y="480" Z="0" Hue="0" />
    <Tile TileID="1305" X="702" Y="479" Z="0" Hue="0" />
    <Tile TileID="1308" X="702" Y="478" Z="0" Hue="0" />
    <Tile TileID="1308" X="702" Y="477" Z="0" Hue="0" />
    <Tile TileID="1307" X="702" Y="476" Z="0" Hue="0" />
    <Tile TileID="1308" X="702" Y="475" Z="0" Hue="0" />
    <Tile TileID="1306" X="702" Y="474" Z="0" Hue="0" />
    <Tile TileID="1308" X="702" Y="473" Z="0" Hue="0" />
    <Tile TileID="1307" X="702" Y="472" Z="0" Hue="0" />
    <Tile TileID="1306" X="702" Y="471" Z="0" Hue="0" />
    <Tile TileID="1307" X="702" Y="470" Z="0" Hue="0" />
    <Tile TileID="1306" X="702" Y="469" Z="0" Hue="0" />
    <Tile TileID="1305" X="702" Y="468" Z="0" Hue="0" />
    <Tile TileID="1306" X="701" Y="485" Z="0" Hue="0" />
    <Tile TileID="1307" X="701" Y="484" Z="0" Hue="0" />
    <Tile TileID="1308" X="701" Y="483" Z="0" Hue="0" />
    <Tile TileID="1307" X="701" Y="482" Z="0" Hue="0" />
    <Tile TileID="1305" X="701" Y="481" Z="0" Hue="0" />
    <Tile TileID="1308" X="701" Y="480" Z="0" Hue="0" />
    <Tile TileID="1305" X="701" Y="479" Z="0" Hue="0" />
    <Tile TileID="1308" X="701" Y="478" Z="0" Hue="0" />
    <Tile TileID="1307" X="701" Y="477" Z="0" Hue="0" />
    <Tile TileID="1307" X="701" Y="476" Z="0" Hue="0" />
    <Tile TileID="1307" X="701" Y="475" Z="0" Hue="0" />
    <Tile TileID="1305" X="701" Y="474" Z="0" Hue="0" />
    <Tile TileID="1306" X="701" Y="473" Z="0" Hue="0" />
    <Tile TileID="1307" X="701" Y="472" Z="0" Hue="0" />
    <Tile TileID="1305" X="701" Y="471" Z="0" Hue="0" />
    <Tile TileID="1307" X="701" Y="470" Z="0" Hue="0" />
    <Tile TileID="1306" X="701" Y="469" Z="0" Hue="0" />
    <Tile TileID="1305" X="701" Y="468" Z="0" Hue="0" />
    <Tile TileID="1308" X="700" Y="485" Z="0" Hue="0" />
    <Tile TileID="1308" X="700" Y="484" Z="0" Hue="0" />
    <Tile TileID="1306" X="700" Y="483" Z="0" Hue="0" />
    <Tile TileID="1306" X="700" Y="482" Z="0" Hue="0" />
    <Tile TileID="1305" X="700" Y="481" Z="0" Hue="0" />
    <Tile TileID="1305" X="700" Y="480" Z="0" Hue="0" />
    <Tile TileID="1308" X="700" Y="479" Z="0" Hue="0" />
    <Tile TileID="1305" X="700" Y="478" Z="0" Hue="0" />
    <Tile TileID="1305" X="700" Y="477" Z="0" Hue="0" />
    <Tile TileID="1308" X="700" Y="476" Z="0" Hue="0" />
    <Tile TileID="1305" X="700" Y="475" Z="0" Hue="0" />
    <Tile TileID="1307" X="700" Y="474" Z="0" Hue="0" />
    <Tile TileID="1307" X="700" Y="473" Z="0" Hue="0" />
    <Tile TileID="1305" X="700" Y="472" Z="0" Hue="0" />
    <Tile TileID="1305" X="700" Y="471" Z="0" Hue="0" />
    <Tile TileID="1307" X="700" Y="470" Z="0" Hue="0" />
    <Tile TileID="1308" X="700" Y="469" Z="0" Hue="0" />
    <Tile TileID="1306" X="700" Y="468" Z="0" Hue="0" />
    <Tile TileID="1305" X="699" Y="485" Z="0" Hue="0" />
    <Tile TileID="1307" X="699" Y="484" Z="0" Hue="0" />
    <Tile TileID="1305" X="699" Y="483" Z="0" Hue="0" />
    <Tile TileID="1308" X="699" Y="482" Z="0" Hue="0" />
    <Tile TileID="1308" X="699" Y="481" Z="0" Hue="0" />
    <Tile TileID="1308" X="699" Y="480" Z="0" Hue="0" />
    <Tile TileID="1306" X="699" Y="479" Z="0" Hue="0" />
    <Tile TileID="1305" X="699" Y="478" Z="0" Hue="0" />
    <Tile TileID="1308" X="699" Y="477" Z="0" Hue="0" />
    <Tile TileID="1308" X="699" Y="476" Z="0" Hue="0" />
    <Tile TileID="1308" X="699" Y="475" Z="0" Hue="0" />
    <Tile TileID="1308" X="699" Y="474" Z="0" Hue="0" />
    <Tile TileID="1305" X="699" Y="473" Z="0" Hue="0" />
    <Tile TileID="1305" X="699" Y="472" Z="0" Hue="0" />
    <Tile TileID="1306" X="699" Y="471" Z="0" Hue="0" />
    <Tile TileID="1305" X="699" Y="470" Z="0" Hue="0" />
    <Tile TileID="1307" X="699" Y="469" Z="0" Hue="0" />
    <Tile TileID="1307" X="699" Y="468" Z="0" Hue="0" />
    <Tile TileID="3217" X="687" Y="461" Z="0" Hue="0" />
    <Tile TileID="3215" X="687" Y="460" Z="0" Hue="0" />
    <Tile TileID="3218" X="687" Y="462" Z="0" Hue="0" />
    <Tile TileID="3218" X="686" Y="462" Z="0" Hue="0" />
    <Tile TileID="3215" X="685" Y="462" Z="0" Hue="0" />
    <Tile TileID="3216" X="684" Y="462" Z="0" Hue="0" />
    <Tile TileID="3217" X="683" Y="462" Z="0" Hue="0" />
    <Tile TileID="3215" X="682" Y="462" Z="0" Hue="0" />
    <Tile TileID="3217" X="681" Y="462" Z="0" Hue="0" />
    <Tile TileID="3215" X="680" Y="462" Z="0" Hue="0" />
    <Tile TileID="3218" X="679" Y="462" Z="0" Hue="0" />
    <Tile TileID="3216" X="678" Y="462" Z="0" Hue="0" />
    <Tile TileID="3215" X="677" Y="462" Z="0" Hue="0" />
    <Tile TileID="3215" X="676" Y="462" Z="0" Hue="0" />
    <Tile TileID="3217" X="675" Y="462" Z="0" Hue="0" />
    <Tile TileID="3215" X="674" Y="462" Z="0" Hue="0" />
    <Tile TileID="3217" X="673" Y="462" Z="0" Hue="0" />
    <Tile TileID="3218" X="672" Y="462" Z="0" Hue="0" />
    <Tile TileID="3215" X="671" Y="462" Z="0" Hue="0" />
    <Tile TileID="3216" X="670" Y="462" Z="0" Hue="0" />
    <Tile TileID="3216" X="669" Y="462" Z="0" Hue="0" />
    <Tile TileID="3215" X="668" Y="462" Z="0" Hue="0" />
    <Tile TileID="3217" X="667" Y="462" Z="0" Hue="0" />
    <Tile TileID="3215" X="666" Y="462" Z="0" Hue="0" />
    <Tile TileID="3218" X="666" Y="461" Z="0" Hue="0" />
    <Tile TileID="3215" X="666" Y="460" Z="0" Hue="0" />
    <Tile TileID="3216" X="666" Y="459" Z="0" Hue="0" />
    <Tile TileID="3218" X="666" Y="458" Z="0" Hue="0" />
    <Tile TileID="3218" X="666" Y="457" Z="0" Hue="0" />
    <Tile TileID="11516" X="658" Y="463" Z="2" Hue="0" />
    <Tile TileID="11514" X="666" Y="457" Z="0" Hue="0" />
    <Tile TileID="11514" X="666" Y="462" Z="0" Hue="0" />
    <Tile TileID="3311" X="666" Y="457" Z="0" Hue="0" />
    <Tile TileID="3311" X="666" Y="462" Z="0" Hue="0" />
    <Tile TileID="3308" X="658" Y="463" Z="2" Hue="0" />
    <Tile TileID="3307" X="665" Y="463" Z="2" Hue="0" />
    <Tile TileID="271" X="665" Y="456" Z="3" Hue="0" />
    <Tile TileID="271" X="665" Y="456" Z="0" Hue="0" />
    <Tile TileID="272" X="665" Y="462" Z="5" Hue="0" />
    <Tile TileID="272" X="665" Y="461" Z="5" Hue="0" />
    <Tile TileID="272" X="665" Y="460" Z="5" Hue="0" />
    <Tile TileID="272" X="665" Y="459" Z="5" Hue="0" />
    <Tile TileID="272" X="665" Y="458" Z="5" Hue="0" />
    <Tile TileID="272" X="665" Y="457" Z="5" Hue="0" />
    <Tile TileID="271" X="665" Y="456" Z="5" Hue="0" />
    <Tile TileID="271" X="664" Y="456" Z="5" Hue="0" />
    <Tile TileID="271" X="663" Y="456" Z="5" Hue="0" />
    <Tile TileID="271" X="662" Y="456" Z="5" Hue="0" />
    <Tile TileID="271" X="661" Y="456" Z="5" Hue="0" />
    <Tile TileID="271" X="660" Y="456" Z="5" Hue="0" />
    <Tile TileID="271" X="659" Y="456" Z="5" Hue="0" />
    <Tile TileID="271" X="658" Y="456" Z="5" Hue="0" />
    <Tile TileID="272" X="657" Y="462" Z="5" Hue="0" />
    <Tile TileID="272" X="657" Y="461" Z="5" Hue="0" />
    <Tile TileID="272" X="657" Y="460" Z="5" Hue="0" />
    <Tile TileID="272" X="657" Y="459" Z="5" Hue="0" />
    <Tile TileID="272" X="657" Y="458" Z="5" Hue="0" />
    <Tile TileID="272" X="657" Y="457" Z="5" Hue="0" />
    <Tile TileID="1174" X="665" Y="462" Z="25" Hue="0" />
    <Tile TileID="1174" X="665" Y="461" Z="25" Hue="0" />
    <Tile TileID="1174" X="665" Y="460" Z="25" Hue="0" />
    <Tile TileID="1173" X="665" Y="459" Z="25" Hue="0" />
    <Tile TileID="1173" X="665" Y="458" Z="25" Hue="0" />
    <Tile TileID="1174" X="665" Y="457" Z="25" Hue="0" />
    <Tile TileID="1176" X="664" Y="462" Z="25" Hue="0" />
    <Tile TileID="1176" X="664" Y="461" Z="25" Hue="0" />
    <Tile TileID="1173" X="664" Y="460" Z="25" Hue="0" />
    <Tile TileID="1176" X="664" Y="459" Z="25" Hue="0" />
    <Tile TileID="1173" X="664" Y="458" Z="25" Hue="0" />
    <Tile TileID="1176" X="664" Y="457" Z="25" Hue="0" />
    <Tile TileID="1173" X="663" Y="462" Z="25" Hue="0" />
    <Tile TileID="1175" X="663" Y="461" Z="25" Hue="0" />
    <Tile TileID="1173" X="663" Y="460" Z="25" Hue="0" />
    <Tile TileID="1176" X="663" Y="459" Z="25" Hue="0" />
    <Tile TileID="1174" X="663" Y="458" Z="25" Hue="0" />
    <Tile TileID="1175" X="663" Y="457" Z="25" Hue="0" />
    <Tile TileID="1175" X="662" Y="462" Z="25" Hue="0" />
    <Tile TileID="1175" X="662" Y="461" Z="25" Hue="0" />
    <Tile TileID="1175" X="662" Y="460" Z="25" Hue="0" />
    <Tile TileID="1175" X="662" Y="459" Z="25" Hue="0" />
    <Tile TileID="1176" X="662" Y="458" Z="25" Hue="0" />
    <Tile TileID="1174" X="662" Y="457" Z="25" Hue="0" />
    <Tile TileID="1175" X="661" Y="462" Z="25" Hue="0" />
    <Tile TileID="1173" X="661" Y="461" Z="25" Hue="0" />
    <Tile TileID="1173" X="661" Y="460" Z="25" Hue="0" />
    <Tile TileID="1174" X="661" Y="459" Z="25" Hue="0" />
    <Tile TileID="1173" X="661" Y="458" Z="25" Hue="0" />
    <Tile TileID="1174" X="661" Y="457" Z="25" Hue="0" />
    <Tile TileID="1174" X="660" Y="462" Z="25" Hue="0" />
    <Tile TileID="1174" X="660" Y="461" Z="25" Hue="0" />
    <Tile TileID="1175" X="660" Y="460" Z="25" Hue="0" />
    <Tile TileID="1173" X="660" Y="459" Z="25" Hue="0" />
    <Tile TileID="1176" X="660" Y="458" Z="25" Hue="0" />
    <Tile TileID="1175" X="660" Y="457" Z="25" Hue="0" />
    <Tile TileID="1174" X="659" Y="462" Z="25" Hue="0" />
    <Tile TileID="1175" X="659" Y="461" Z="25" Hue="0" />
    <Tile TileID="1174" X="659" Y="460" Z="25" Hue="0" />
    <Tile TileID="1175" X="659" Y="459" Z="25" Hue="0" />
    <Tile TileID="1175" X="659" Y="458" Z="25" Hue="0" />
    <Tile TileID="1176" X="659" Y="457" Z="25" Hue="0" />
    <Tile TileID="1176" X="658" Y="462" Z="25" Hue="0" />
    <Tile TileID="1176" X="658" Y="461" Z="25" Hue="0" />
    <Tile TileID="1173" X="658" Y="460" Z="25" Hue="0" />
    <Tile TileID="1174" X="658" Y="459" Z="25" Hue="0" />
    <Tile TileID="1176" X="658" Y="458" Z="25" Hue="0" />
    <Tile TileID="1176" X="658" Y="457" Z="25" Hue="0" />
    <Tile TileID="1176" X="665" Y="462" Z="5" Hue="0" />
    <Tile TileID="1174" X="665" Y="461" Z="5" Hue="0" />
    <Tile TileID="1173" X="665" Y="460" Z="5" Hue="0" />
    <Tile TileID="1176" X="665" Y="459" Z="5" Hue="0" />
    <Tile TileID="1176" X="665" Y="458" Z="5" Hue="0" />
    <Tile TileID="1175" X="665" Y="457" Z="5" Hue="0" />
    <Tile TileID="1175" X="664" Y="462" Z="5" Hue="0" />
    <Tile TileID="1173" X="664" Y="461" Z="5" Hue="0" />
    <Tile TileID="1176" X="664" Y="460" Z="5" Hue="0" />
    <Tile TileID="1175" X="664" Y="459" Z="5" Hue="0" />
</Static_Tiles>