﻿<?xml version="1.0" encoding="utf-8"?>
<Static_Tiles>
    <Tile TileID="1872" X="608" Y="1027" Z="0" Hue="0" />
    <Tile TileID="1873" X="617" Y="1015" Z="0" Hue="0" />
    <Tile TileID="1872" X="621" Y="1024" Z="5" Hue="0" />
    <Tile TileID="1872" X="631" Y="1027" Z="5" Hue="0" />
    <Tile TileID="1872" X="627" Y="1027" Z="5" Hue="0" />
    <Tile TileID="1872" X="625" Y="1027" Z="5" Hue="0" />
    <Tile TileID="1875" X="614" Y="1001" Z="0" Hue="0" />
    <Tile TileID="1872" X="621" Y="1027" Z="0" Hue="0" />
    <Tile TileID="1872" X="621" Y="1026" Z="0" Hue="0" />
    <Tile TileID="1872" X="621" Y="1025" Z="0" Hue="0" />
    <Tile TileID="1872" X="621" Y="1024" Z="0" Hue="0" />
    <Tile TileID="1872" X="620" Y="1027" Z="0" Hue="0" />
    <Tile TileID="1872" X="620" Y="1026" Z="0" Hue="0" />
    <Tile TileID="3312" X="613" Y="1023" Z="0" Hue="0" />
    <Tile TileID="3312" X="613" Y="1024" Z="0" Hue="0" />
    <Tile TileID="3307" X="604" Y="1033" Z="0" Hue="0" />
    <Tile TileID="3307" X="612" Y="1033" Z="0" Hue="0" />
    <Tile TileID="5290" X="608" Y="1027" Z="5" Hue="0" />
    <Tile TileID="5289" X="608" Y="1028" Z="5" Hue="0" />
    <Tile TileID="5288" X="607" Y="1028" Z="5" Hue="0" />
    <Tile TileID="5287" X="607" Y="1027" Z="5" Hue="0" />
    <Tile TileID="113" X="604" Y="1024" Z="5" Hue="0" />
    <Tile TileID="113" X="612" Y="1024" Z="5" Hue="0" />
    <Tile TileID="112" X="612" Y="1023" Z="5" Hue="0" />
    <Tile TileID="111" X="605" Y="1023" Z="5" Hue="0" />
    <Tile TileID="111" X="605" Y="1032" Z="5" Hue="0" />
    <Tile TileID="110" X="604" Y="1032" Z="5" Hue="0" />
    <Tile TileID="109" X="612" Y="1032" Z="5" Hue="0" />
    <Tile TileID="100" X="604" Y="1032" Z="0" Hue="0" />
    <Tile TileID="100" X="604" Y="1031" Z="0" Hue="0" />
    <Tile TileID="100" X="604" Y="1030" Z="0" Hue="0" />
    <Tile TileID="100" X="604" Y="1029" Z="0" Hue="0" />
    <Tile TileID="100" X="604" Y="1028" Z="0" Hue="0" />
    <Tile TileID="100" X="604" Y="1027" Z="0" Hue="0" />
    <Tile TileID="100" X="604" Y="1026" Z="0" Hue="0" />
    <Tile TileID="100" X="604" Y="1025" Z="0" Hue="0" />
    <Tile TileID="100" X="604" Y="1024" Z="0" Hue="0" />
    <Tile TileID="99" X="612" Y="1023" Z="0" Hue="0" />
    <Tile TileID="99" X="611" Y="1023" Z="0" Hue="0" />
    <Tile TileID="99" X="610" Y="1023" Z="0" Hue="0" />
    <Tile TileID="99" X="609" Y="1023" Z="0" Hue="0" />
    <Tile TileID="99" X="608" Y="1023" Z="0" Hue="0" />
    <Tile TileID="99" X="607" Y="1023" Z="0" Hue="0" />
    <Tile TileID="99" X="606" Y="1023" Z="0" Hue="0" />
    <Tile TileID="99" X="605" Y="1023" Z="0" Hue="0" />
    <Tile TileID="90" X="604" Y="1023" Z="5" Hue="0" />
    <Tile TileID="1308" X="612" Y="1032" Z="5" Hue="0" />
    <Tile TileID="1308" X="612" Y="1031" Z="5" Hue="0" />
    <Tile TileID="1306" X="612" Y="1030" Z="5" Hue="0" />
    <Tile TileID="1306" X="612" Y="1029" Z="5" Hue="0" />
    <Tile TileID="1308" X="612" Y="1028" Z="5" Hue="0" />
    <Tile TileID="1305" X="612" Y="1027" Z="5" Hue="0" />
    <Tile TileID="1307" X="612" Y="1026" Z="5" Hue="0" />
    <Tile TileID="1307" X="612" Y="1025" Z="5" Hue="0" />
    <Tile TileID="1307" X="612" Y="1024" Z="5" Hue="0" />
    <Tile TileID="1308" X="611" Y="1032" Z="5" Hue="0" />
    <Tile TileID="1307" X="611" Y="1031" Z="5" Hue="0" />
    <Tile TileID="1307" X="611" Y="1030" Z="5" Hue="0" />
    <Tile TileID="1305" X="611" Y="1029" Z="5" Hue="0" />
    <Tile TileID="1307" X="611" Y="1028" Z="5" Hue="0" />
    <Tile TileID="1305" X="611" Y="1027" Z="5" Hue="0" />
    <Tile TileID="1306" X="611" Y="1026" Z="5" Hue="0" />
    <Tile TileID="1305" X="611" Y="1025" Z="5" Hue="0" />
    <Tile TileID="1308" X="611" Y="1024" Z="5" Hue="0" />
    <Tile TileID="1306" X="610" Y="1032" Z="5" Hue="0" />
    <Tile TileID="1308" X="610" Y="1031" Z="5" Hue="0" />
    <Tile TileID="1308" X="610" Y="1030" Z="5" Hue="0" />
    <Tile TileID="1308" X="610" Y="1029" Z="5" Hue="0" />
    <Tile TileID="1306" X="610" Y="1028" Z="5" Hue="0" />
    <Tile TileID="1305" X="610" Y="1027" Z="5" Hue="0" />
    <Tile TileID="1308" X="610" Y="1026" Z="5" Hue="0" />
    <Tile TileID="1307" X="610" Y="1025" Z="5" Hue="0" />
    <Tile TileID="1307" X="610" Y="1024" Z="5" Hue="0" />
    <Tile TileID="1306" X="609" Y="1032" Z="5" Hue="0" />
    <Tile TileID="1305" X="609" Y="1031" Z="5" Hue="0" />
    <Tile TileID="1307" X="609" Y="1030" Z="5" Hue="0" />
    <Tile TileID="1305" X="609" Y="1029" Z="5" Hue="0" />
    <Tile TileID="1308" X="609" Y="1028" Z="5" Hue="0" />
    <Tile TileID="1305" X="609" Y="1027" Z="5" Hue="0" />
    <Tile TileID="1307" X="609" Y="1026" Z="5" Hue="0" />
    <Tile TileID="1308" X="609" Y="1025" Z="5" Hue="0" />
    <Tile TileID="1305" X="609" Y="1024" Z="5" Hue="0" />
    <Tile TileID="1308" X="608" Y="1032" Z="5" Hue="0" />
    <Tile TileID="1306" X="608" Y="1031" Z="5" Hue="0" />
    <Tile TileID="1308" X="608" Y="1030" Z="5" Hue="0" />
    <Tile TileID="1305" X="608" Y="1029" Z="5" Hue="0" />
    <Tile TileID="1306" X="608" Y="1028" Z="5" Hue="0" />
    <Tile TileID="1306" X="608" Y="1027" Z="5" Hue="0" />
    <Tile TileID="1308" X="608" Y="1026" Z="5" Hue="0" />
    <Tile TileID="1305" X="608" Y="1025" Z="5" Hue="0" />
    <Tile TileID="1308" X="608" Y="1024" Z="5" Hue="0" />
    <Tile TileID="1308" X="607" Y="1032" Z="5" Hue="0" />
    <Tile TileID="1308" X="607" Y="1031" Z="5" Hue="0" />
    <Tile TileID="1305" X="607" Y="1030" Z="5" Hue="0" />
    <Tile TileID="1305" X="607" Y="1029" Z="5" Hue="0" />
    <Tile TileID="1305" X="607" Y="1028" Z="5" Hue="0" />
    <Tile TileID="1307" X="607" Y="1027" Z="5" Hue="0" />
    <Tile TileID="1306" X="607" Y="1026" Z="5" Hue="0" />
    <Tile TileID="1305" X="607" Y="1025" Z="5" Hue="0" />
    <Tile TileID="1306" X="607" Y="1024" Z="5" Hue="0" />
    <Tile TileID="1306" X="606" Y="1032" Z="5" Hue="0" />
    <Tile TileID="1308" X="606" Y="1031" Z="5" Hue="0" />
    <Tile TileID="1305" X="606" Y="1030" Z="5" Hue="0" />
    <Tile TileID="1306" X="606" Y="1029" Z="5" Hue="0" />
    <Tile TileID="1307" X="606" Y="1028" Z="5" Hue="0" />
    <Tile TileID="1307" X="606" Y="1027" Z="5" Hue="0" />
    <Tile TileID="1305" X="606" Y="1026" Z="5" Hue="0" />
    <Tile TileID="1308" X="606" Y="1025" Z="5" Hue="0" />
    <Tile TileID="1308" X="606" Y="1024" Z="5" Hue="0" />
    <Tile TileID="1306" X="605" Y="1032" Z="5" Hue="0" />
    <Tile TileID="1305" X="605" Y="1031" Z="5" Hue="0" />
    <Tile TileID="1306" X="605" Y="1030" Z="5" Hue="0" />
    <Tile TileID="1307" X="605" Y="1029" Z="5" Hue="0" />
    <Tile TileID="1308" X="605" Y="1028" Z="5" Hue="0" />
    <Tile TileID="1308" X="605" Y="1027" Z="5" Hue="0" />
    <Tile TileID="1305" X="605" Y="1026" Z="5" Hue="0" />
    <Tile TileID="1306" X="605" Y="1025" Z="5" Hue="0" />
    <Tile TileID="1307" X="605" Y="1024" Z="5" Hue="0" />
    <Tile TileID="1879" X="613" Y="1025" Z="0" Hue="0" />
    <Tile TileID="1878" X="613" Y="1031" Z="0" Hue="0" />
    <Tile TileID="1874" X="613" Y="1030" Z="0" Hue="0" />
    <Tile TileID="1874" X="613" Y="1029" Z="0" Hue="0" />
    <Tile TileID="1874" X="613" Y="1028" Z="0" Hue="0" />
    <Tile TileID="1874" X="613" Y="1027" Z="0" Hue="0" />
    <Tile TileID="1874" X="613" Y="1026" Z="0" Hue="0" />
    <Tile TileID="1872" X="612" Y="1032" Z="0" Hue="0" />
    <Tile TileID="1872" X="612" Y="1031" Z="0" Hue="0" />
    <Tile TileID="1872" X="612" Y="1030" Z="0" Hue="0" />
    <Tile TileID="1872" X="612" Y="1029" Z="0" Hue="0" />
    <Tile TileID="1872" X="612" Y="1028" Z="0" Hue="0" />
    <Tile TileID="1872" X="612" Y="1027" Z="0" Hue="0" />
    <Tile TileID="1872" X="612" Y="1026" Z="0" Hue="0" />
    <Tile TileID="1872" X="612" Y="1025" Z="0" Hue="0" />
    <Tile TileID="1872" X="612" Y="1024" Z="0" Hue="0" />
    <Tile TileID="1872" X="611" Y="1032" Z="0" Hue="0" />
    <Tile TileID="1872" X="611" Y="1031" Z="0" Hue="0" />
    <Tile TileID="1872" X="611" Y="1030" Z="0" Hue="0" />
    <Tile TileID="1872" X="611" Y="1029" Z="0" Hue="0" />
    <Tile TileID="1872" X="611" Y="1028" Z="0" Hue="0" />
    <Tile TileID="1872" X="611" Y="1027" Z="0" Hue="0" />
    <Tile TileID="1872" X="611" Y="1026" Z="0" Hue="0" />
    <Tile TileID="1872" X="611" Y="1025" Z="0" Hue="0" />
    <Tile TileID="1872" X="611" Y="1024" Z="0" Hue="0" />
    <Tile TileID="1872" X="610" Y="1032" Z="0" Hue="0" />
    <Tile TileID="1872" X="610" Y="1031" Z="0" Hue="0" />
    <Tile TileID="1872" X="610" Y="1030" Z="0" Hue="0" />
    <Tile TileID="1872" X="610" Y="1029" Z="0" Hue="0" />
    <Tile TileID="1872" X="610" Y="1028" Z="0" Hue="0" />
    <Tile TileID="1872" X="610" Y="1027" Z="0" Hue="0" />
    <Tile TileID="1872" X="610" Y="1026" Z="0" Hue="0" />
    <Tile TileID="1872" X="610" Y="1025" Z="0" Hue="0" />
    <Tile TileID="1872" X="610" Y="1024" Z="0" Hue="0" />
    <Tile TileID="1872" X="609" Y="1032" Z="0" Hue="0" />
    <Tile TileID="1872" X="609" Y="1031" Z="0" Hue="0" />
    <Tile TileID="1872" X="609" Y="1030" Z="0" Hue="0" />
    <Tile TileID="1872" X="609" Y="1029" Z="0" Hue="0" />
    <Tile TileID="1872" X="609" Y="1028" Z="0" Hue="0" />
    <Tile TileID="1872" X="609" Y="1027" Z="0" Hue="0" />
    <Tile TileID="1872" X="609" Y="1026" Z="0" Hue="0" />
    <Tile TileID="1872" X="609" Y="1025" Z="0" Hue="0" />
    <Tile TileID="1872" X="609" Y="1024" Z="0" Hue="0" />
    <Tile TileID="1872" X="608" Y="1032" Z="0" Hue="0" />
    <Tile TileID="1872" X="608" Y="1031" Z="0" Hue="0" />
    <Tile TileID="1872" X="608" Y="1030" Z="0" Hue="0" />
    <Tile TileID="1872" X="608" Y="1029" Z="0" Hue="0" />
    <Tile TileID="1872" X="608" Y="1028" Z="0" Hue="0" />
    <Tile TileID="1872" X="608" Y="1026" Z="0" Hue="0" />
    <Tile TileID="1872" X="608" Y="1025" Z="0" Hue="0" />
    <Tile TileID="1872" X="608" Y="1024" Z="0" Hue="0" />
    <Tile TileID="1872" X="607" Y="1032" Z="0" Hue="0" />
    <Tile TileID="1872" X="607" Y="1031" Z="0" Hue="0" />
    <Tile TileID="1872" X="607" Y="1030" Z="0" Hue="0" />
    <Tile TileID="1872" X="607" Y="1029" Z="0" Hue="0" />
    <Tile TileID="1872" X="607" Y="1028" Z="0" Hue="0" />
    <Tile TileID="1872" X="607" Y="1027" Z="0" Hue="0" />
    <Tile TileID="1872" X="607" Y="1026" Z="0" Hue="0" />
    <Tile TileID="1872" X="607" Y="1025" Z="0" Hue="0" />
    <Tile TileID="1872" X="607" Y="1024" Z="0" Hue="0" />
    <Tile TileID="1872" X="606" Y="1032" Z="0" Hue="0" />
    <Tile TileID="1872" X="606" Y="1031" Z="0" Hue="0" />
    <Tile TileID="1872" X="606" Y="1030" Z="0" Hue="0" />
    <Tile TileID="1872" X="606" Y="1029" Z="0" Hue="0" />
    <Tile TileID="1872" X="606" Y="1028" Z="0" Hue="0" />
    <Tile TileID="1872" X="606" Y="1027" Z="0" Hue="0" />
    <Tile TileID="1872" X="606" Y="1026" Z="0" Hue="0" />
    <Tile TileID="1872" X="606" Y="1025" Z="0" Hue="0" />
    <Tile TileID="1872" X="606" Y="1024" Z="0" Hue="0" />
    <Tile TileID="1872" X="605" Y="1032" Z="0" Hue="0" />
    <Tile TileID="1872" X="605" Y="1031" Z="0" Hue="0" />
    <Tile TileID="1872" X="605" Y="1030" Z="0" Hue="0" />
    <Tile TileID="1872" X="605" Y="1029" Z="0" Hue="0" />
    <Tile TileID="1872" X="605" Y="1028" Z="0" Hue="0" />
    <Tile TileID="1872" X="605" Y="1027" Z="0" Hue="0" />
    <Tile TileID="1872" X="605" Y="1026" Z="0" Hue="0" />
    <Tile TileID="1872" X="605" Y="1025" Z="0" Hue="0" />
    <Tile TileID="1872" X="605" Y="1024" Z="0" Hue="0" />
    <Tile TileID="1872" X="629" Y="1024" Z="5" Hue="0" />
    <Tile TileID="1872" X="627" Y="1024" Z="5" Hue="0" />
    <Tile TileID="1872" X="625" Y="1024" Z="5" Hue="0" />
    <Tile TileID="1872" X="623" Y="1024" Z="5" Hue="0" />
    <Tile TileID="1872" X="619" Y="1024" Z="5" Hue="0" />
    <Tile TileID="1872" X="631" Y="1024" Z="5" Hue="0" />
    <Tile TileID="1872" X="629" Y="1027" Z="5" Hue="0" />
    <Tile TileID="1872" X="623" Y="1027" Z="5" Hue="0" />
    <Tile TileID="1872" X="621" Y="1027" Z="5" Hue="0" />
    <Tile TileID="1872" X="619" Y="1027" Z="5" Hue="0" />
    <Tile TileID="1872" X="617" Y="1002" Z="5" Hue="0" />
    <Tile TileID="1872" X="617" Y="1004" Z="5" Hue="0" />
    <Tile TileID="1872" X="617" Y="1006" Z="5" Hue="0" />
    <Tile TileID="1872" X="617" Y="1008" Z="5" Hue="0" />
    <Tile TileID="1872" X="617" Y="1010" Z="5" Hue="0" />
    <Tile TileID="1872" X="617" Y="1012" Z="5" Hue="0" />
    <Tile TileID="1872" X="617" Y="1014" Z="5" Hue="0" />
    <Tile TileID="1872" X="614" Y="1014" Z="5" Hue="0" />
    <Tile TileID="1872" X="614" Y="1012" Z="5" Hue="0" />
    <Tile TileID="1872" X="614" Y="1010" Z="5" Hue="0" />
    <Tile TileID="1872" X="614" Y="1008" Z="5" Hue="0" />
    <Tile TileID="1872" X="614" Y="1006" Z="5" Hue="0" />
    <Tile TileID="1872" X="614" Y="1004" Z="5" Hue="0" />
    <Tile TileID="1872" X="614" Y="1002" Z="5" Hue="0" />
    <Tile TileID="1875" X="617" Y="1001" Z="0" Hue="0" />
    <Tile TileID="1875" X="616" Y="1001" Z="0" Hue="0" />
    <Tile TileID="1875" X="615" Y="1001" Z="0" Hue="0" />
    <Tile TileID="1873" X="616" Y="1015" Z="0" Hue="0" />
    <Tile TileID="1873" X="615" Y="1015" Z="0" Hue="0" />
    <Tile TileID="1873" X="614" Y="1015" Z="0" Hue="0" />
    <Tile TileID="1874" X="632" Y="1027" Z="0" Hue="0" />
    <Tile TileID="1874" X="632" Y="1026" Z="0" Hue="0" />
    <Tile TileID="1874" X="632" Y="1025" Z="0" Hue="0" />
    <Tile TileID="1874" X="632" Y="1024" Z="0" Hue="0" />
    <Tile TileID="1876" X="618" Y="1027" Z="0" Hue="0" />
    <Tile TileID="1876" X="618" Y="1026" Z="0" Hue="0" />
    <Tile TileID="1876" X="618" Y="1025" Z="0" Hue="0" />
    <Tile TileID="1876" X="618" Y="1024" Z="0" Hue="0" />
    <Tile TileID="1872" X="631" Y="1027" Z="0" Hue="0" />
    <Tile TileID="1872" X="631" Y="1026" Z="0" Hue="0" />
    <Tile TileID="1872" X="631" Y="1025" Z="0" Hue="0" />
    <Tile TileID="1872" X="631" Y="1024" Z="0" Hue="0" />
    <Tile TileID="1872" X="630" Y="1027" Z="0" Hue="0" />
    <Tile TileID="1872" X="630" Y="1026" Z="0" Hue="0" />
    <Tile TileID="1872" X="630" Y="1025" Z="0" Hue="0" />
    <Tile TileID="1872" X="630" Y="1024" Z="0" Hue="0" />
    <Tile TileID="1872" X="629" Y="1027" Z="0" Hue="0" />
    <Tile TileID="1872" X="629" Y="1026" Z="0" Hue="0" />
    <Tile TileID="1872" X="629" Y="1025" Z="0" Hue="0" />
    <Tile TileID="1872" X="629" Y="1024" Z="0" Hue="0" />
    <Tile TileID="1872" X="628" Y="1027" Z="0" Hue="0" />
    <Tile TileID="1872" X="628" Y="1026" Z="0" Hue="0" />
    <Tile TileID="1872" X="628" Y="1025" Z="0" Hue="0" />
    <Tile TileID="1872" X="628" Y="1024" Z="0" Hue="0" />
    <Tile TileID="1872" X="627" Y="1027" Z="0" Hue="0" />
    <Tile TileID="1872" X="627" Y="1026" Z="0" Hue="0" />
    <Tile TileID="1872" X="627" Y="1025" Z="0" Hue="0" />
    <Tile TileID="1872" X="627" Y="1024" Z="0" Hue="0" />
    <Tile TileID="1872" X="626" Y="1027" Z="0" Hue="0" />
    <Tile TileID="1872" X="626" Y="1026" Z="0" Hue="0" />
    <Tile TileID="1872" X="626" Y="1025" Z="0" Hue="0" />
    <Tile TileID="1872" X="626" Y="1024" Z="0" Hue="0" />
    <Tile TileID="1872" X="625" Y="1027" Z="0" Hue="0" />
    <Tile TileID="1872" X="625" Y="1026" Z="0" Hue="0" />
    <Tile TileID="1872" X="625" Y="1025" Z="0" Hue="0" />
    <Tile TileID="1872" X="625" Y="1024" Z="0" Hue="0" />
    <Tile TileID="1872" X="624" Y="1027" Z="0" Hue="0" />
    <Tile TileID="1872" X="624" Y="1026" Z="0" Hue="0" />
    <Tile TileID="1872" X="624" Y="1025" Z="0" Hue="0" />
    <Tile TileID="1872" X="624" Y="1024" Z="0" Hue="0" />
    <Tile TileID="1872" X="623" Y="1027" Z="0" Hue="0" />
    <Tile TileID="1872" X="623" Y="1026" Z="0" Hue="0" />
    <Tile TileID="1872" X="623" Y="1025" Z="0" Hue="0" />
    <Tile TileID="1872" X="623" Y="1024" Z="0" Hue="0" />
    <Tile TileID="1872" X="622" Y="1027" Z="0" Hue="0" />
    <Tile TileID="1872" X="622" Y="1026" Z="0" Hue="0" />
    <Tile TileID="1872" X="622" Y="1025" Z="0" Hue="0" />
    <Tile TileID="1872" X="622" Y="1024" Z="0" Hue="0" />
    <Tile TileID="1872" X="620" Y="1025" Z="0" Hue="0" />
    <Tile TileID="1872" X="620" Y="1024" Z="0" Hue="0" />
    <Tile TileID="1872" X="619" Y="1027" Z="0" Hue="0" />
    <Tile TileID="1872" X="619" Y="1026" Z="0" Hue="0" />
    <Tile TileID="1872" X="619" Y="1025" Z="0" Hue="0" />
    <Tile TileID="1872" X="619" Y="1024" Z="0" Hue="0" />
    <Tile TileID="1872" X="617" Y="1014" Z="0" Hue="0" />
    <Tile TileID="1872" X="617" Y="1013" Z="0" Hue="0" />
    <Tile TileID="1872" X="617" Y="1012" Z="0" Hue="0" />
    <Tile TileID="1872" X="617" Y="1011" Z="0" Hue="0" />
    <Tile TileID="1872" X="617" Y="1010" Z="0" Hue="0" />
    <Tile TileID="1872" X="617" Y="1009" Z="0" Hue="0" />
    <Tile TileID="1872" X="617" Y="1008" Z="0" Hue="0" />
    <Tile TileID="1872" X="617" Y="1007" Z="0" Hue="0" />
    <Tile TileID="1872" X="617" Y="1006" Z="0" Hue="0" />
    <Tile TileID="1872" X="617" Y="1005" Z="0" Hue="0" />
    <Tile TileID="1872" X="617" Y="1004" Z="0" Hue="0" />
    <Tile TileID="1872" X="617" Y="1003" Z="0" Hue="0" />
    <Tile TileID="1872" X="617" Y="1002" Z="0" Hue="0" />
    <Tile TileID="1872" X="616" Y="1014" Z="0" Hue="0" />
    <Tile TileID="1872" X="616" Y="1013" Z="0" Hue="0" />
    <Tile TileID="1872" X="616" Y="1012" Z="0" Hue="0" />
    <Tile TileID="1872" X="616" Y="1011" Z="0" Hue="0" />
    <Tile TileID="1872" X="616" Y="1010" Z="0" Hue="0" />
    <Tile TileID="1872" X="616" Y="1009" Z="0" Hue="0" />
    <Tile TileID="1872" X="616" Y="1008" Z="0" Hue="0" />
    <Tile TileID="1872" X="616" Y="1007" Z="0" Hue="0" />
    <Tile TileID="1872" X="616" Y="1006" Z="0" Hue="0" />
    <Tile TileID="1872" X="616" Y="1005" Z="0" Hue="0" />
    <Tile TileID="1872" X="616" Y="1004" Z="0" Hue="0" />
    <Tile TileID="1872" X="616" Y="1003" Z="0" Hue="0" />
    <Tile TileID="1872" X="616" Y="1002" Z="0" Hue="0" />
    <Tile TileID="1872" X="615" Y="1014" Z="0" Hue="0" />
    <Tile TileID="1872" X="615" Y="1013" Z="0" Hue="0" />
    <Tile TileID="1872" X="615" Y="1012" Z="0" Hue="0" />
    <Tile TileID="1872" X="615" Y="1011" Z="0" Hue="0" />
    <Tile TileID="1872" X="615" Y="1010" Z="0" Hue="0" />
    <Tile TileID="1872" X="615" Y="1009" Z="0" Hue="0" />
    <Tile TileID="1872" X="615" Y="1008" Z="0" Hue="0" />
    <Tile TileID="1872" X="615" Y="1007" Z="0" Hue="0" />
    <Tile TileID="1872" X="615" Y="1006" Z="0" Hue="0" />
    <Tile TileID="1872" X="615" Y="1005" Z="0" Hue="0" />
    <Tile TileID="1872" X="615" Y="1004" Z="0" Hue="0" />
    <Tile TileID="1872" X="615" Y="1003" Z="0" Hue="0" />
    <Tile TileID="1872" X="615" Y="1002" Z="0" Hue="0" />
    <Tile TileID="1872" X="614" Y="1014" Z="0" Hue="0" />
    <Tile TileID="1872" X="614" Y="1013" Z="0" Hue="0" />
    <Tile TileID="1872" X="614" Y="1012" Z="0" Hue="0" />
    <Tile TileID="1872" X="614" Y="1011" Z="0" Hue="0" />
    <Tile TileID="1872" X="614" Y="1010" Z="0" Hue="0" />
    <Tile TileID="1872" X="614" Y="1009" Z="0" Hue="0" />
    <Tile TileID="1872" X="614" Y="1008" Z="0" Hue="0" />
    <Tile TileID="1872" X="614" Y="1007" Z="0" Hue="0" />
    <Tile TileID="1872" X="614" Y="1006" Z="0" Hue="0" />
    <Tile TileID="1872" X="614" Y="1005" Z="0" Hue="0" />
    <Tile TileID="1872" X="614" Y="1004" Z="0" Hue="0" />
    <Tile TileID="1872" X="614" Y="1003" Z="0" Hue="0" />
    <Tile TileID="1872" X="614" Y="1002" Z="0" Hue="0" />
</Static_Tiles>