﻿<?xml version="1.0" encoding="utf-8"?>
<Static_Tiles>
    <Tile TileID="1308" X="654" Y="525" Z="0" Hue="0" />
    <Tile TileID="1307" X="655" Y="525" Z="0" Hue="0" />
    <Tile TileID="1307" X="655" Y="524" Z="0" Hue="0" />
    <Tile TileID="1306" X="655" Y="523" Z="0" Hue="0" />
    <Tile TileID="1305" X="655" Y="522" Z="0" Hue="0" />
    <Tile TileID="1306" X="654" Y="524" Z="0" Hue="0" />
    <Tile TileID="1307" X="654" Y="523" Z="0" Hue="0" />
    <Tile TileID="1308" X="654" Y="522" Z="0" Hue="0" />
    <Tile TileID="1305" X="653" Y="525" Z="0" Hue="0" />
    <Tile TileID="1307" X="653" Y="524" Z="0" Hue="0" />
    <Tile TileID="1307" X="653" Y="523" Z="0" Hue="0" />
    <Tile TileID="1307" X="653" Y="522" Z="0" Hue="0" />
    <Tile TileID="1305" X="652" Y="525" Z="0" Hue="0" />
    <Tile TileID="1306" X="652" Y="524" Z="0" Hue="0" />
    <Tile TileID="1305" X="652" Y="523" Z="0" Hue="0" />
    <Tile TileID="1305" X="652" Y="522" Z="0" Hue="0" />
    <Tile TileID="1307" X="651" Y="525" Z="0" Hue="0" />
    <Tile TileID="1308" X="651" Y="524" Z="0" Hue="0" />
    <Tile TileID="1306" X="651" Y="523" Z="0" Hue="0" />
    <Tile TileID="1305" X="651" Y="522" Z="0" Hue="0" />
    <Tile TileID="34" X="665" Y="478" Z="0" Hue="0" />
    <Tile TileID="27" X="663" Y="479" Z="0" Hue="0" />
    <Tile TileID="29" X="663" Y="478" Z="0" Hue="0" />
    <Tile TileID="28" X="671" Y="478" Z="0" Hue="0" />
    <Tile TileID="28" X="670" Y="478" Z="0" Hue="0" />
    <Tile TileID="28" X="669" Y="478" Z="0" Hue="0" />
    <Tile TileID="28" X="668" Y="478" Z="0" Hue="0" />
    <Tile TileID="28" X="667" Y="478" Z="0" Hue="0" />
    <Tile TileID="28" X="666" Y="478" Z="0" Hue="0" />
    <Tile TileID="28" X="664" Y="478" Z="0" Hue="0" />
    <Tile TileID="1204" X="664" Y="479" Z="0" Hue="0" />
    <Tile TileID="1200" X="671" Y="479" Z="0" Hue="0" />
    <Tile TileID="1200" X="670" Y="479" Z="0" Hue="0" />
    <Tile TileID="1200" X="669" Y="479" Z="0" Hue="0" />
    <Tile TileID="1200" X="668" Y="479" Z="0" Hue="0" />
    <Tile TileID="1200" X="667" Y="479" Z="0" Hue="0" />
    <Tile TileID="1200" X="666" Y="479" Z="0" Hue="0" />
    <Tile TileID="1200" X="665" Y="479" Z="0" Hue="0" />
    <Tile TileID="1308" X="661" Y="495" Z="0" Hue="0" />
    <Tile TileID="1307" X="661" Y="494" Z="0" Hue="0" />
    <Tile TileID="1308" X="660" Y="494" Z="0" Hue="0" />
    <Tile TileID="1306" X="659" Y="495" Z="0" Hue="0" />
    <Tile TileID="35" X="663" Y="480" Z="0" Hue="0" />
    <Tile TileID="35" X="663" Y="484" Z="0" Hue="0" />
    <Tile TileID="35" X="663" Y="488" Z="0" Hue="0" />
    <Tile TileID="35" X="663" Y="493" Z="0" Hue="0" />
    <Tile TileID="27" X="663" Y="495" Z="0" Hue="0" />
    <Tile TileID="27" X="663" Y="494" Z="0" Hue="0" />
    <Tile TileID="27" X="663" Y="492" Z="0" Hue="0" />
    <Tile TileID="27" X="663" Y="491" Z="0" Hue="0" />
    <Tile TileID="27" X="663" Y="490" Z="0" Hue="0" />
    <Tile TileID="27" X="663" Y="489" Z="0" Hue="0" />
    <Tile TileID="27" X="663" Y="487" Z="0" Hue="0" />
    <Tile TileID="27" X="663" Y="486" Z="0" Hue="0" />
    <Tile TileID="27" X="663" Y="485" Z="0" Hue="0" />
    <Tile TileID="27" X="663" Y="483" Z="0" Hue="0" />
    <Tile TileID="27" X="663" Y="482" Z="0" Hue="0" />
    <Tile TileID="27" X="663" Y="481" Z="0" Hue="0" />
    <Tile TileID="1197" X="664" Y="495" Z="0" Hue="0" />
    <Tile TileID="1197" X="664" Y="494" Z="0" Hue="0" />
    <Tile TileID="1197" X="664" Y="493" Z="0" Hue="0" />
    <Tile TileID="1197" X="664" Y="492" Z="0" Hue="0" />
    <Tile TileID="1197" X="664" Y="491" Z="0" Hue="0" />
    <Tile TileID="1197" X="664" Y="490" Z="0" Hue="0" />
    <Tile TileID="1197" X="664" Y="489" Z="0" Hue="0" />
    <Tile TileID="1197" X="664" Y="488" Z="0" Hue="0" />
    <Tile TileID="1197" X="664" Y="487" Z="0" Hue="0" />
    <Tile TileID="1197" X="664" Y="486" Z="0" Hue="0" />
    <Tile TileID="1197" X="664" Y="485" Z="0" Hue="0" />
    <Tile TileID="1197" X="664" Y="484" Z="0" Hue="0" />
    <Tile TileID="1197" X="664" Y="483" Z="0" Hue="0" />
    <Tile TileID="1197" X="664" Y="482" Z="0" Hue="0" />
    <Tile TileID="1197" X="664" Y="481" Z="0" Hue="0" />
    <Tile TileID="1197" X="664" Y="480" Z="0" Hue="0" />
    <Tile TileID="1193" X="665" Y="482" Z="0" Hue="0" />
    <Tile TileID="1195" X="665" Y="481" Z="0" Hue="0" />
    <Tile TileID="1194" X="671" Y="480" Z="0" Hue="0" />
    <Tile TileID="1195" X="670" Y="480" Z="0" Hue="0" />
    <Tile TileID="1195" X="669" Y="480" Z="0" Hue="0" />
    <Tile TileID="1196" X="668" Y="480" Z="0" Hue="0" />
    <Tile TileID="1193" X="667" Y="480" Z="0" Hue="0" />
    <Tile TileID="1193" X="666" Y="480" Z="0" Hue="0" />
    <Tile TileID="1195" X="665" Y="480" Z="0" Hue="0" />
    <Tile TileID="1194" X="671" Y="482" Z="0" Hue="0" />
    <Tile TileID="1195" X="671" Y="481" Z="0" Hue="0" />
    <Tile TileID="1195" X="670" Y="482" Z="0" Hue="0" />
    <Tile TileID="1193" X="670" Y="481" Z="0" Hue="0" />
    <Tile TileID="1194" X="669" Y="482" Z="0" Hue="0" />
    <Tile TileID="1194" X="669" Y="481" Z="0" Hue="0" />
    <Tile TileID="1196" X="668" Y="482" Z="0" Hue="0" />
    <Tile TileID="1196" X="668" Y="481" Z="0" Hue="0" />
    <Tile TileID="1194" X="667" Y="482" Z="0" Hue="0" />
    <Tile TileID="1193" X="667" Y="481" Z="0" Hue="0" />
    <Tile TileID="1193" X="666" Y="482" Z="0" Hue="0" />
    <Tile TileID="1194" X="666" Y="481" Z="0" Hue="0" />
    <Tile TileID="1307" X="661" Y="493" Z="0" Hue="0" />
    <Tile TileID="1308" X="659" Y="494" Z="0" Hue="0" />
    <Tile TileID="1193" X="671" Y="495" Z="0" Hue="0" />
    <Tile TileID="1196" X="671" Y="494" Z="0" Hue="0" />
    <Tile TileID="1194" X="671" Y="493" Z="0" Hue="0" />
    <Tile TileID="1195" X="671" Y="492" Z="0" Hue="0" />
    <Tile TileID="1193" X="671" Y="491" Z="0" Hue="0" />
    <Tile TileID="1194" X="671" Y="490" Z="0" Hue="0" />
    <Tile TileID="1194" X="671" Y="489" Z="0" Hue="0" />
    <Tile TileID="1193" X="671" Y="488" Z="0" Hue="0" />
    <Tile TileID="1194" X="671" Y="487" Z="0" Hue="0" />
    <Tile TileID="1193" X="671" Y="486" Z="0" Hue="0" />
    <Tile TileID="1193" X="671" Y="485" Z="0" Hue="0" />
    <Tile TileID="1195" X="671" Y="484" Z="0" Hue="0" />
    <Tile TileID="1194" X="671" Y="483" Z="0" Hue="0" />
    <Tile TileID="1193" X="670" Y="495" Z="0" Hue="0" />
    <Tile TileID="1193" X="670" Y="494" Z="0" Hue="0" />
    <Tile TileID="1195" X="670" Y="493" Z="0" Hue="0" />
    <Tile TileID="1194" X="670" Y="492" Z="0" Hue="0" />
    <Tile TileID="1196" X="670" Y="491" Z="0" Hue="0" />
    <Tile TileID="1196" X="670" Y="490" Z="0" Hue="0" />
    <Tile TileID="1195" X="670" Y="489" Z="0" Hue="0" />
    <Tile TileID="1193" X="670" Y="488" Z="0" Hue="0" />
    <Tile TileID="1194" X="670" Y="487" Z="0" Hue="0" />
    <Tile TileID="1195" X="670" Y="486" Z="0" Hue="0" />
    <Tile TileID="1194" X="670" Y="485" Z="0" Hue="0" />
    <Tile TileID="1193" X="670" Y="484" Z="0" Hue="0" />
    <Tile TileID="1195" X="670" Y="483" Z="0" Hue="0" />
    <Tile TileID="1193" X="669" Y="495" Z="0" Hue="0" />
    <Tile TileID="1195" X="669" Y="494" Z="0" Hue="0" />
    <Tile TileID="1196" X="669" Y="493" Z="0" Hue="0" />
    <Tile TileID="1194" X="669" Y="492" Z="0" Hue="0" />
    <Tile TileID="1194" X="669" Y="491" Z="0" Hue="0" />
    <Tile TileID="1196" X="669" Y="490" Z="0" Hue="0" />
    <Tile TileID="1194" X="669" Y="489" Z="0" Hue="0" />
    <Tile TileID="1195" X="669" Y="488" Z="0" Hue="0" />
    <Tile TileID="1194" X="669" Y="487" Z="0" Hue="0" />
    <Tile TileID="1195" X="669" Y="486" Z="0" Hue="0" />
    <Tile TileID="1193" X="669" Y="485" Z="0" Hue="0" />
    <Tile TileID="1194" X="669" Y="484" Z="0" Hue="0" />
    <Tile TileID="1194" X="669" Y="483" Z="0" Hue="0" />
    <Tile TileID="1194" X="668" Y="495" Z="0" Hue="0" />
    <Tile TileID="1193" X="668" Y="494" Z="0" Hue="0" />
    <Tile TileID="1193" X="668" Y="493" Z="0" Hue="0" />
    <Tile TileID="1195" X="668" Y="492" Z="0" Hue="0" />
    <Tile TileID="1196" X="668" Y="491" Z="0" Hue="0" />
    <Tile TileID="1193" X="668" Y="490" Z="0" Hue="0" />
    <Tile TileID="1196" X="668" Y="489" Z="0" Hue="0" />
    <Tile TileID="1194" X="668" Y="488" Z="0" Hue="0" />
    <Tile TileID="1193" X="668" Y="487" Z="0" Hue="0" />
    <Tile TileID="1196" X="668" Y="486" Z="0" Hue="0" />
    <Tile TileID="1193" X="668" Y="485" Z="0" Hue="0" />
    <Tile TileID="1196" X="668" Y="484" Z="0" Hue="0" />
    <Tile TileID="1196" X="668" Y="483" Z="0" Hue="0" />
    <Tile TileID="1195" X="667" Y="495" Z="0" Hue="0" />
    <Tile TileID="1196" X="667" Y="494" Z="0" Hue="0" />
    <Tile TileID="1193" X="667" Y="493" Z="0" Hue="0" />
    <Tile TileID="1193" X="667" Y="492" Z="0" Hue="0" />
    <Tile TileID="1196" X="667" Y="491" Z="0" Hue="0" />
    <Tile TileID="1196" X="667" Y="490" Z="0" Hue="0" />
    <Tile TileID="1195" X="667" Y="489" Z="0" Hue="0" />
    <Tile TileID="1196" X="667" Y="488" Z="0" Hue="0" />
    <Tile TileID="1194" X="667" Y="487" Z="0" Hue="0" />
    <Tile TileID="1194" X="667" Y="486" Z="0" Hue="0" />
    <Tile TileID="1193" X="667" Y="485" Z="0" Hue="0" />
    <Tile TileID="1193" X="667" Y="484" Z="0" Hue="0" />
    <Tile TileID="1195" X="667" Y="483" Z="0" Hue="0" />
    <Tile TileID="1194" X="666" Y="495" Z="0" Hue="0" />
    <Tile TileID="1195" X="666" Y="494" Z="0" Hue="0" />
    <Tile TileID="1194" X="666" Y="493" Z="0" Hue="0" />
    <Tile TileID="1193" X="666" Y="492" Z="0" Hue="0" />
    <Tile TileID="1195" X="666" Y="491" Z="0" Hue="0" />
    <Tile TileID="1195" X="666" Y="490" Z="0" Hue="0" />
    <Tile TileID="1195" X="666" Y="489" Z="0" Hue="0" />
    <Tile TileID="1196" X="666" Y="488" Z="0" Hue="0" />
    <Tile TileID="1195" X="666" Y="487" Z="0" Hue="0" />
    <Tile TileID="1195" X="666" Y="486" Z="0" Hue="0" />
    <Tile TileID="1194" X="666" Y="485" Z="0" Hue="0" />
    <Tile TileID="1194" X="666" Y="484" Z="0" Hue="0" />
    <Tile TileID="1193" X="666" Y="483" Z="0" Hue="0" />
    <Tile TileID="1195" X="665" Y="495" Z="0" Hue="0" />
    <Tile TileID="1194" X="665" Y="494" Z="0" Hue="0" />
    <Tile TileID="1195" X="665" Y="493" Z="0" Hue="0" />
    <Tile TileID="1194" X="665" Y="492" Z="0" Hue="0" />
    <Tile TileID="1196" X="665" Y="491" Z="0" Hue="0" />
    <Tile TileID="1196" X="665" Y="490" Z="0" Hue="0" />
    <Tile TileID="1196" X="665" Y="489" Z="0" Hue="0" />
    <Tile TileID="1196" X="665" Y="488" Z="0" Hue="0" />
    <Tile TileID="1193" X="665" Y="487" Z="0" Hue="0" />
    <Tile TileID="1194" X="665" Y="486" Z="0" Hue="0" />
    <Tile TileID="1195" X="665" Y="485" Z="0" Hue="0" />
    <Tile TileID="1193" X="665" Y="484" Z="0" Hue="0" />
    <Tile TileID="1193" X="665" Y="483" Z="0" Hue="0" />
    <Tile TileID="1314" X="662" Y="494" Z="0" Hue="0" />
    <Tile TileID="1316" X="662" Y="493" Z="0" Hue="0" />
    <Tile TileID="1306" X="660" Y="495" Z="0" Hue="0" />
    <Tile TileID="1305" X="660" Y="493" Z="0" Hue="0" />
    <Tile TileID="1306" X="659" Y="493" Z="0" Hue="0" />
    <Tile TileID="1308" X="658" Y="495" Z="0" Hue="0" />
    <Tile TileID="1306" X="658" Y="494" Z="0" Hue="0" />
    <Tile TileID="1308" X="658" Y="493" Z="0" Hue="0" />
    <Tile TileID="1306" X="661" Y="497" Z="0" Hue="0" />
    <Tile TileID="1308" X="661" Y="496" Z="0" Hue="0" />
    <Tile TileID="1307" X="660" Y="511" Z="0" Hue="0" />
    <Tile TileID="1305" X="660" Y="510" Z="0" Hue="0" />
    <Tile TileID="1306" X="660" Y="509" Z="0" Hue="0" />
    <Tile TileID="1305" X="660" Y="508" Z="0" Hue="0" />
    <Tile TileID="1308" X="660" Y="507" Z="0" Hue="0" />
    <Tile TileID="1305" X="659" Y="499" Z="0" Hue="0" />
    <Tile TileID="1306" X="659" Y="498" Z="0" Hue="0" />
    <Tile TileID="1305" X="659" Y="496" Z="0" Hue="0" />
    <Tile TileID="1307" X="658" Y="505" Z="0" Hue="0" />
    <Tile TileID="1308" X="658" Y="503" Z="0" Hue="0" />
    <Tile TileID="1308" X="658" Y="499" Z="0" Hue="0" />
    <Tile TileID="1307" X="658" Y="497" Z="0" Hue="0" />
    <Tile TileID="34" X="664" Y="496" Z="0" Hue="0" />
    <Tile TileID="34" X="667" Y="496" Z="0" Hue="0" />
    <Tile TileID="33" X="669" Y="496" Z="0" Hue="0" />
    <Tile TileID="28" X="668" Y="496" Z="0" Hue="0" />
    <Tile TileID="28" X="666" Y="496" Z="0" Hue="0" />
    <Tile TileID="28" X="665" Y="496" Z="0" Hue="0" />
    <Tile TileID="27" X="663" Y="496" Z="0" Hue="0" />
    <Tile TileID="1202" X="664" Y="496" Z="0" Hue="0" />
    <Tile TileID="1198" X="671" Y="496" Z="0" Hue="0" />
    <Tile TileID="1198" X="670" Y="496" Z="0" Hue="0" />
    <Tile TileID="1198" X="669" Y="496" Z="0" Hue="0" />
    <Tile TileID="1198" X="668" Y="496" Z="0" Hue="0" />
    <Tile TileID="1198" X="667" Y="496" Z="0" Hue="0" />
    <Tile TileID="1198" X="666" Y="496" Z="0" Hue="0" />
    <Tile TileID="1198" X="665" Y="496" Z="0" Hue="0" />
    <Tile TileID="1305" X="663" Y="501" Z="0" Hue="0" />
    <Tile TileID="1307" X="662" Y="503" Z="0" Hue="0" />
    <Tile TileID="1307" X="662" Y="502" Z="0" Hue="0" />
    <Tile TileID="1307" X="661" Y="511" Z="0" Hue="0" />
    <Tile TileID="1305" X="659" Y="509" Z="0" Hue="0" />
    <Tile TileID="1305" X="659" Y="503" Z="0" Hue="0" />
    <Tile TileID="1308" X="659" Y="502" Z="0" Hue="0" />
    <Tile TileID="1308" X="671" Y="504" Z="0" Hue="0" />
    <Tile TileID="1305" X="670" Y="504" Z="0" Hue="0" />
    <Tile TileID="1308" X="669" Y="504" Z="0" Hue="0" />
    <Tile TileID="1305" X="668" Y="504" Z="0" Hue="0" />
    <Tile TileID="1308" X="667" Y="504" Z="0" Hue="0" />
    <Tile TileID="1305" X="666" Y="504" Z="0" Hue="0" />
    <Tile TileID="1306" X="665" Y="504" Z="0" Hue="0" />
    <Tile TileID="1307" X="664" Y="504" Z="0" Hue="0" />
    <Tile TileID="1306" X="663" Y="504" Z="0" Hue="0" />
    <Tile TileID="1306" X="662" Y="504" Z="0" Hue="0" />
    <Tile TileID="1308" X="671" Y="503" Z="0" Hue="0" />
    <Tile TileID="1308" X="671" Y="502" Z="0" Hue="0" />
    <Tile TileID="1308" X="671" Y="501" Z="0" Hue="0" />
    <Tile TileID="1307" X="670" Y="503" Z="0" Hue="0" />
    <Tile TileID="1308" X="670" Y="502" Z="0" Hue="0" />
    <Tile TileID="1308" X="670" Y="501" Z="0" Hue="0" />
    <Tile TileID="1308" X="669" Y="503" Z="0" Hue="0" />
    <Tile TileID="1307" X="669" Y="502" Z="0" Hue="0" />
    <Tile TileID="1305" X="669" Y="501" Z="0" Hue="0" />
    <Tile TileID="1307" X="668" Y="503" Z="0" Hue="0" />
    <Tile TileID="1307" X="668" Y="502" Z="0" Hue="0" />
    <Tile TileID="1307" X="668" Y="501" Z="0" Hue="0" />
    <Tile TileID="1306" X="667" Y="503" Z="0" Hue="0" />
    <Tile TileID="1306" X="667" Y="502" Z="0" Hue="0" />
    <Tile TileID="1308" X="667" Y="501" Z="0" Hue="0" />
    <Tile TileID="1306" X="666" Y="503" Z="0" Hue="0" />
    <Tile TileID="1305" X="666" Y="502" Z="0" Hue="0" />
    <Tile TileID="1306" X="666" Y="501" Z="0" Hue="0" />
    <Tile TileID="1308" X="665" Y="503" Z="0" Hue="0" />
    <Tile TileID="1305" X="665" Y="502" Z="0" Hue="0" />
    <Tile TileID="1305" X="665" Y="501" Z="0" Hue="0" />
    <Tile TileID="1305" X="664" Y="503" Z="0" Hue="0" />
    <Tile TileID="1307" X="664" Y="502" Z="0" Hue="0" />
    <Tile TileID="1308" X="664" Y="501" Z="0" Hue="0" />
    <Tile TileID="1305" X="663" Y="503" Z="0" Hue="0" />
    <Tile TileID="1306" X="663" Y="502" Z="0" Hue="0" />
    <Tile TileID="1305" X="662" Y="501" Z="0" Hue="0" />
    <Tile TileID="1307" X="661" Y="510" Z="0" Hue="0" />
    <Tile TileID="1305" X="661" Y="509" Z="0" Hue="0" />
    <Tile TileID="1307" X="661" Y="508" Z="0" Hue="0" />
    <Tile TileID="1307" X="661" Y="507" Z="0" Hue="0" />
    <Tile TileID="1306" X="661" Y="506" Z="0" Hue="0" />
    <Tile TileID="1307" X="661" Y="505" Z="0" Hue="0" />
    <Tile TileID="1307" X="661" Y="504" Z="0" Hue="0" />
    <Tile TileID="1307" X="661" Y="503" Z="0" Hue="0" />
    <Tile TileID="1308" X="661" Y="502" Z="0" Hue="0" />
    <Tile TileID="1306" X="661" Y="501" Z="0" Hue="0" />
    <Tile TileID="1308" X="661" Y="500" Z="0" Hue="0" />
    <Tile TileID="1308" X="661" Y="499" Z="0" Hue="0" />
    <Tile TileID="1305" X="661" Y="498" Z="0" Hue="0" />
    <Tile TileID="1305" X="660" Y="506" Z="0" Hue="0" />
    <Tile TileID="1306" X="660" Y="505" Z="0" Hue="0" />
    <Tile TileID="1308" X="660" Y="504" Z="0" Hue="0" />
    <Tile TileID="1307" X="660" Y="503" Z="0" Hue="0" />
    <Tile TileID="1306" X="660" Y="502" Z="0" Hue="0" />
    <Tile TileID="1307" X="660" Y="501" Z="0" Hue="0" />
    <Tile TileID="1307" X="660" Y="500" Z="0" Hue="0" />
    <Tile TileID="1307" X="660" Y="499" Z="0" Hue="0" />
    <Tile TileID="1305" X="660" Y="498" Z="0" Hue="0" />
    <Tile TileID="1308" X="660" Y="497" Z="0" Hue="0" />
    <Tile TileID="1307" X="660" Y="496" Z="0" Hue="0" />
    <Tile TileID="1305" X="659" Y="511" Z="0" Hue="0" />
    <Tile TileID="1305" X="659" Y="510" Z="0" Hue="0" />
    <Tile TileID="1305" X="659" Y="508" Z="0" Hue="0" />
    <Tile TileID="1305" X="659" Y="507" Z="0" Hue="0" />
    <Tile TileID="1307" X="659" Y="506" Z="0" Hue="0" />
    <Tile TileID="1307" X="659" Y="505" Z="0" Hue="0" />
    <Tile TileID="1308" X="659" Y="504" Z="0" Hue="0" />
    <Tile TileID="1305" X="659" Y="501" Z="0" Hue="0" />
    <Tile TileID="1306" X="659" Y="500" Z="0" Hue="0" />
    <Tile TileID="1306" X="659" Y="497" Z="0" Hue="0" />
    <Tile TileID="1306" X="658" Y="511" Z="0" Hue="0" />
    <Tile TileID="1307" X="658" Y="510" Z="0" Hue="0" />
    <Tile TileID="1306" X="658" Y="509" Z="0" Hue="0" />
    <Tile TileID="1308" X="658" Y="508" Z="0" Hue="0" />
    <Tile TileID="1305" X="658" Y="507" Z="0" Hue="0" />
    <Tile TileID="1308" X="658" Y="506" Z="0" Hue="0" />
    <Tile TileID="1308" X="658" Y="504" Z="0" Hue="0" />
    <Tile TileID="1306" X="658" Y="502" Z="0" Hue="0" />
    <Tile TileID="1306" X="658" Y="501" Z="0" Hue="0" />
    <Tile TileID="1306" X="658" Y="500" Z="0" Hue="0" />
    <Tile TileID="1308" X="658" Y="498" Z="0" Hue="0" />
    <Tile TileID="1306" X="658" Y="496" Z="0" Hue="0" />
    <Tile TileID="1305" X="661" Y="518" Z="0" Hue="0" />
    <Tile TileID="1307" X="661" Y="520" Z="0" Hue="0" />
    <Tile TileID="1305" X="661" Y="519" Z="0" Hue="0" />
    <Tile TileID="1305" X="661" Y="517" Z="0" Hue="0" />
    <Tile TileID="1305" X="661" Y="516" Z="0" Hue="0" />
    <Tile TileID="1307" X="661" Y="515" Z="0" Hue="0" />
    <Tile TileID="1305" X="661" Y="514" Z="0" Hue="0" />
    <Tile TileID="1305" X="661" Y="513" Z="0" Hue="0" />
    <Tile TileID="1306" X="661" Y="512" Z="0" Hue="0" />
    <Tile TileID="1305" X="660" Y="514" Z="0" Hue="0" />
    <Tile TileID="1306" X="658" Y="521" Z="0" Hue="0" />
    <Tile TileID="1308" X="658" Y="516" Z="0" Hue="0" />
    <Tile TileID="1306" X="662" Y="525" Z="0" Hue="0" />
    <Tile TileID="1305" X="661" Y="525" Z="0" Hue="0" />
    <Tile TileID="1305" X="657" Y="525" Z="0" Hue="0" />
    <Tile TileID="1308" X="661" Y="521" Z="0" Hue="0" />
    <Tile TileID="1305" X="658" Y="515" Z="0" Hue="0" />
    <Tile TileID="1305" X="660" Y="521" Z="0" Hue="0" />
    <Tile TileID="1306" X="660" Y="520" Z="0" Hue="0" />
    <Tile TileID="1306" X="660" Y="519" Z="0" Hue="0" />
    <Tile TileID="1305" X="660" Y="518" Z="0" Hue="0" />
    <Tile TileID="1306" X="660" Y="517" Z="0" Hue="0" />
    <Tile TileID="1306" X="660" Y="516" Z="0" Hue="0" />
    <Tile TileID="1306" X="660" Y="515" Z="0" Hue="0" />
    <Tile TileID="1308" X="660" Y="513" Z="0" Hue="0" />
    <Tile TileID="1305" X="660" Y="512" Z="0" Hue="0" />
    <Tile TileID="1308" X="659" Y="521" Z="0" Hue="0" />
    <Tile TileID="1305" X="659" Y="520" Z="0" Hue="0" />
    <Tile TileID="1307" X="659" Y="519" Z="0" Hue="0" />
    <Tile TileID="1308" X="659" Y="518" Z="0" Hue="0" />
    <Tile TileID="1307" X="659" Y="517" Z="0" Hue="0" />
    <Tile TileID="1306" X="659" Y="516" Z="0" Hue="0" />
    <Tile TileID="1306" X="659" Y="515" Z="0" Hue="0" />
    <Tile TileID="1308" X="659" Y="514" Z="0" Hue="0" />
    <Tile TileID="1305" X="659" Y="513" Z="0" Hue="0" />
    <Tile TileID="1305" X="659" Y="512" Z="0" Hue="0" />
    <Tile TileID="1306" X="658" Y="520" Z="0" Hue="0" />
    <Tile TileID="1307" X="658" Y="519" Z="0" Hue="0" />
    <Tile TileID="1307" X="658" Y="518" Z="0" Hue="0" />
    <Tile TileID="1306" X="658" Y="517" Z="0" Hue="0" />
    <Tile TileID="1305" X="658" Y="514" Z="0" Hue="0" />
    <Tile TileID="1308" X="658" Y="513" Z="0" Hue="0" />
    <Tile TileID="1305" X="658" Y="512" Z="0" Hue="0" />
    <Tile TileID="1308" X="671" Y="525" Z="0" Hue="0" />
    <Tile TileID="1308" X="671" Y="524" Z="0" Hue="0" />
    <Tile TileID="1305" X="671" Y="523" Z="0" Hue="0" />
    <Tile TileID="1308" X="671" Y="522" Z="0" Hue="0" />
    <Tile TileID="1308" X="670" Y="525" Z="0" Hue="0" />
    <Tile TileID="1308" X="670" Y="524" Z="0" Hue="0" />
    <Tile TileID="1307" X="670" Y="523" Z="0" Hue="0" />
    <Tile TileID="1308" X="670" Y="522" Z="0" Hue="0" />
    <Tile TileID="1305" X="669" Y="525" Z="0" Hue="0" />
    <Tile TileID="1308" X="669" Y="524" Z="0" Hue="0" />
    <Tile TileID="1308" X="669" Y="523" Z="0" Hue="0" />
    <Tile TileID="1308" X="669" Y="522" Z="0" Hue="0" />
    <Tile TileID="1306" X="668" Y="525" Z="0" Hue="0" />
    <Tile TileID="1306" X="668" Y="524" Z="0" Hue="0" />
    <Tile TileID="1306" X="668" Y="523" Z="0" Hue="0" />
    <Tile TileID="1308" X="668" Y="522" Z="0" Hue="0" />
    <Tile TileID="1306" X="667" Y="525" Z="0" Hue="0" />
    <Tile TileID="1308" X="667" Y="524" Z="0" Hue="0" />
    <Tile TileID="1307" X="667" Y="523" Z="0" Hue="0" />
    <Tile TileID="1308" X="667" Y="522" Z="0" Hue="0" />
    <Tile TileID="1305" X="666" Y="525" Z="0" Hue="0" />
    <Tile TileID="1308" X="666" Y="524" Z="0" Hue="0" />
    <Tile TileID="1305" X="666" Y="523" Z="0" Hue="0" />
    <Tile TileID="1307" X="666" Y="522" Z="0" Hue="0" />
    <Tile TileID="1307" X="665" Y="525" Z="0" Hue="0" />
    <Tile TileID="1305" X="665" Y="524" Z="0" Hue="0" />
    <Tile TileID="1307" X="665" Y="523" Z="0" Hue="0" />
    <Tile TileID="1306" X="665" Y="522" Z="0" Hue="0" />
    <Tile TileID="1306" X="664" Y="525" Z="0" Hue="0" />
    <Tile TileID="1308" X="664" Y="524" Z="0" Hue="0" />
    <Tile TileID="1305" X="664" Y="523" Z="0" Hue="0" />
    <Tile TileID="1308" X="664" Y="522" Z="0" Hue="0" />
    <Tile TileID="1306" X="663" Y="525" Z="0" Hue="0" />
    <Tile TileID="1307" X="663" Y="524" Z="0" Hue="0" />
    <Tile TileID="1306" X="663" Y="523" Z="0" Hue="0" />
    <Tile TileID="1306" X="663" Y="522" Z="0" Hue="0" />
    <Tile TileID="1307" X="662" Y="524" Z="0" Hue="0" />
    <Tile TileID="1307" X="662" Y="523" Z="0" Hue="0" />
    <Tile TileID="1306" X="662" Y="522" Z="0" Hue="0" />
    <Tile TileID="1308" X="661" Y="524" Z="0" Hue="0" />
    <Tile TileID="1307" X="661" Y="523" Z="0" Hue="0" />
    <Tile TileID="1307" X="661" Y="522" Z="0" Hue="0" />
    <Tile TileID="1308" X="660" Y="525" Z="0" Hue="0" />
    <Tile TileID="1306" X="660" Y="524" Z="0" Hue="0" />
    <Tile TileID="1307" X="660" Y="523" Z="0" Hue="0" />
    <Tile TileID="1307" X="660" Y="522" Z="0" Hue="0" />
    <Tile TileID="1305" X="659" Y="525" Z="0" Hue="0" />
    <Tile TileID="1308" X="659" Y="524" Z="0" Hue="0" />
    <Tile TileID="1306" X="659" Y="523" Z="0" Hue="0" />
    <Tile TileID="1306" X="659" Y="522" Z="0" Hue="0" />
    <Tile TileID="1305" X="658" Y="525" Z="0" Hue="0" />
    <Tile TileID="1308" X="658" Y="524" Z="0" Hue="0" />
    <Tile TileID="1306" X="658" Y="523" Z="0" Hue="0" />
    <Tile TileID="1305" X="658" Y="522" Z="0" Hue="0" />
    <Tile TileID="1306" X="657" Y="524" Z="0" Hue="0" />
    <Tile TileID="1306" X="657" Y="523" Z="0" Hue="0" />
    <Tile TileID="1306" X="657" Y="522" Z="0" Hue="0" />
    <Tile TileID="1305" X="656" Y="525" Z="0" Hue="0" />
    <Tile TileID="1308" X="656" Y="524" Z="0" Hue="0" />
    <Tile TileID="1307" X="656" Y="523" Z="0" Hue="0" />
    <Tile TileID="1307" X="656" Y="522" Z="0" Hue="0" />
    <Tile TileID="34" X="687" Y="478" Z="0" Hue="0" />
    <Tile TileID="34" X="674" Y="478" Z="0" Hue="0" />
    <Tile TileID="29" X="684" Y="478" Z="0" Hue="0" />
    <Tile TileID="28" X="686" Y="478" Z="0" Hue="0" />
    <Tile TileID="28" X="685" Y="478" Z="0" Hue="0" />
    <Tile TileID="28" X="676" Y="478" Z="0" Hue="0" />
    <Tile TileID="28" X="675" Y="478" Z="0" Hue="0" />
    <Tile TileID="28" X="673" Y="478" Z="0" Hue="0" />
    <Tile TileID="28" X="672" Y="478" Z="0" Hue="0" />
    <Tile TileID="1203" X="676" Y="479" Z="0" Hue="0" />
    <Tile TileID="1204" X="685" Y="479" Z="0" Hue="0" />
    <Tile TileID="1200" X="675" Y="479" Z="0" Hue="0" />
    <Tile TileID="1200" X="674" Y="479" Z="0" Hue="0" />
    <Tile TileID="1200" X="673" Y="479" Z="0" Hue="0" />
    <Tile TileID="1200" X="672" Y="479" Z="0" Hue="0" />
    <Tile TileID="1200" X="687" Y="479" Z="0" Hue="0" />
    <Tile TileID="1200" X="686" Y="479" Z="0" Hue="0" />
    <Tile TileID="1193" X="676" Y="489" Z="0" Hue="0" />
    <Tile TileID="1189" X="685" Y="489" Z="0" Hue="0" />
    <Tile TileID="1200" X="684" Y="489" Z="0" Hue="0" />
    <Tile TileID="1200" X="683" Y="489" Z="0" Hue="0" />
    <Tile TileID="1200" X="682" Y="489" Z="0" Hue="0" />
    <Tile TileID="1200" X="681" Y="489" Z="0" Hue="0" />
    <Tile TileID="1200" X="680" Y="489" Z="0" Hue="0" />
    <Tile TileID="1200" X="679" Y="489" Z="0" Hue="0" />
    <Tile TileID="1200" X="678" Y="489" Z="0" Hue="0" />
    <Tile TileID="1200" X="677" Y="489" Z="0" Hue="0" />
    <Tile TileID="1199" X="676" Y="488" Z="0" Hue="0" />
    <Tile TileID="1199" X="676" Y="487" Z="0" Hue="0" />
    <Tile TileID="1199" X="676" Y="486" Z="0" Hue="0" />
    <Tile TileID="1199" X="676" Y="485" Z="0" Hue="0" />
    <Tile TileID="1199" X="676" Y="484" Z="0" Hue="0" />
    <Tile TileID="1199" X="676" Y="483" Z="0" Hue="0" />
    <Tile TileID="1199" X="676" Y="482" Z="0" Hue="0" />
    <Tile TileID="1199" X="676" Y="481" Z="0" Hue="0" />
    <Tile TileID="1199" X="676" Y="480" Z="0" Hue="0" />
    <Tile TileID="1197" X="685" Y="488" Z="0" Hue="0" />
    <Tile TileID="1197" X="685" Y="487" Z="0" Hue="0" />
    <Tile TileID="1197" X="685" Y="486" Z="0" Hue="0" />
    <Tile TileID="1197" X="685" Y="485" Z="0" Hue="0" />
    <Tile TileID="1197" X="685" Y="484" Z="0" Hue="0" />
    <Tile TileID="1197" X="685" Y="483" Z="0" Hue="0" />
    <Tile TileID="1197" X="685" Y="482" Z="0" Hue="0" />
    <Tile TileID="1197" X="685" Y="481" Z="0" Hue="0" />
    <Tile TileID="1197" X="685" Y="480" Z="0" Hue="0" />
    <Tile TileID="1194" X="675" Y="480" Z="0" Hue="0" />
    <Tile TileID="1196" X="674" Y="480" Z="0" Hue="0" />
    <Tile TileID="1196" X="673" Y="480" Z="0" Hue="0" />
    <Tile TileID="1193" X="672" Y="480" Z="0" Hue="0" />
    <Tile TileID="1194" X="675" Y="482" Z="0" Hue="0" />
    <Tile TileID="1196" X="675" Y="481" Z="0" Hue="0" />
    <Tile TileID="1193" X="674" Y="482" Z="0" Hue="0" />
    <Tile TileID="1195" X="674" Y="481" Z="0" Hue="0" />
    <Tile TileID="1194" X="673" Y="482" Z="0" Hue="0" />
    <Tile TileID="1194" X="673" Y="481" Z="0" Hue="0" />
    <Tile TileID="1193" X="672" Y="482" Z="0" Hue="0" />
    <Tile TileID="1194" X="672" Y="481" Z="0" Hue="0" />
    <Tile TileID="1195" X="687" Y="488" Z="0" Hue="0" />
    <Tile TileID="1193" X="687" Y="487" Z="0" Hue="0" />
    <Tile TileID="1194" X="687" Y="486" Z="0" Hue="0" />
    <Tile TileID="1195" X="687" Y="485" Z="0" Hue="0" />
    <Tile TileID="1194" X="687" Y="484" Z="0" Hue="0" />
    <Tile TileID="1193" X="687" Y="483" Z="0" Hue="0" />
    <Tile TileID="1193" X="687" Y="482" Z="0" Hue="0" />
    <Tile TileID="1196" X="687" Y="481" Z="0" Hue="0" />
    <Tile TileID="1194" X="687" Y="480" Z="0" Hue="0" />
    <Tile TileID="1195" X="686" Y="488" Z="0" Hue="0" />
    <Tile TileID="1196" X="686" Y="487" Z="0" Hue="0" />
    <Tile TileID="1193" X="686" Y="486" Z="0" Hue="0" />
    <Tile TileID="1194" X="686" Y="485" Z="0" Hue="0" />
    <Tile TileID="1196" X="686" Y="484" Z="0" Hue="0" />
    <Tile TileID="1196" X="686" Y="483" Z="0" Hue="0" />
    <Tile TileID="1193" X="686" Y="482" Z="0" Hue="0" />
    <Tile TileID="1195" X="686" Y="481" Z="0" Hue="0" />
    <Tile TileID="1193" X="686" Y="480" Z="0" Hue="0" />
    <Tile TileID="1196" X="687" Y="495" Z="0" Hue="0" />
    <Tile TileID="1194" X="687" Y="494" Z="0" Hue="0" />
    <Tile TileID="1195" X="687" Y="493" Z="0" Hue="0" />
    <Tile TileID="1196" X="687" Y="492" Z="0" Hue="0" />
    <Tile TileID="1196" X="687" Y="491" Z="0" Hue="0" />
    <Tile TileID="1195" X="687" Y="490" Z="0" Hue="0" />
    <Tile TileID="1196" X="687" Y="489" Z="0" Hue="0" />
    <Tile TileID="1193" X="686" Y="495" Z="0" Hue="0" />
    <Tile TileID="1194" X="686" Y="494" Z="0" Hue="0" />
    <Tile TileID="1193" X="686" Y="493" Z="0" Hue="0" />
    <Tile TileID="1193" X="686" Y="492" Z="0" Hue="0" />
    <Tile TileID="1195" X="686" Y="491" Z="0" Hue="0" />
    <Tile TileID="1194" X="686" Y="490" Z="0" Hue="0" />
    <Tile TileID="1194" X="686" Y="489" Z="0" Hue="0" />
    <Tile TileID="1196" X="685" Y="495" Z="0" Hue="0" />
    <Tile TileID="1195" X="685" Y="494" Z="0" Hue="0" />
    <Tile TileID="1195" X="685" Y="493" Z="0" Hue="0" />
    <Tile TileID="1193" X="685" Y="492" Z="0" Hue="0" />
    <Tile TileID="1193" X="685" Y="491" Z="0" Hue="0" />
    <Tile TileID="1196" X="685" Y="490" Z="0" Hue="0" />
    <Tile TileID="1196" X="684" Y="495" Z="0" Hue="0" />
    <Tile TileID="1194" X="684" Y="494" Z="0" Hue="0" />
    <Tile TileID="1196" X="684" Y="493" Z="0" Hue="0" />
    <Tile TileID="1195" X="684" Y="492" Z="0" Hue="0" />
    <Tile TileID="1193" X="684" Y="491" Z="0" Hue="0" />
    <Tile TileID="1193" X="684" Y="490" Z="0" Hue="0" />
    <Tile TileID="1193" X="683" Y="495" Z="0" Hue="0" />
    <Tile TileID="1193" X="683" Y="494" Z="0" Hue="0" />
    <Tile TileID="1193" X="683" Y="493" Z="0" Hue="0" />
    <Tile TileID="1193" X="683" Y="492" Z="0" Hue="0" />
    <Tile TileID="1194" X="683" Y="491" Z="0" Hue="0" />
    <Tile TileID="1196" X="683" Y="490" Z="0" Hue="0" />
    <Tile TileID="1195" X="682" Y="495" Z="0" Hue="0" />
    <Tile TileID="1196" X="682" Y="494" Z="0" Hue="0" />
    <Tile TileID="1194" X="682" Y="493" Z="0" Hue="0" />
    <Tile TileID="1194" X="682" Y="492" Z="0" Hue="0" />
    <Tile TileID="1195" X="682" Y="491" Z="0" Hue="0" />
    <Tile TileID="1193" X="682" Y="490" Z="0" Hue="0" />
    <Tile TileID="1193" X="681" Y="495" Z="0" Hue="0" />
    <Tile TileID="1195" X="681" Y="494" Z="0" Hue="0" />
    <Tile TileID="1194" X="681" Y="493" Z="0" Hue="0" />
    <Tile TileID="1195" X="681" Y="492" Z="0" Hue="0" />
    <Tile TileID="1195" X="681" Y="491" Z="0" Hue="0" />
    <Tile TileID="1194" X="681" Y="490" Z="0" Hue="0" />
    <Tile TileID="1194" X="680" Y="495" Z="0" Hue="0" />
    <Tile TileID="1193" X="680" Y="494" Z="0" Hue="0" />
    <Tile TileID="1195" X="680" Y="493" Z="0" Hue="0" />
    <Tile TileID="1193" X="680" Y="492" Z="0" Hue="0" />
    <Tile TileID="1196" X="680" Y="491" Z="0" Hue="0" />
    <Tile TileID="1195" X="680" Y="490" Z="0" Hue="0" />
    <Tile TileID="1195" X="679" Y="495" Z="0" Hue="0" />
    <Tile TileID="1195" X="679" Y="494" Z="0" Hue="0" />
    <Tile TileID="1194" X="679" Y="493" Z="0" Hue="0" />
    <Tile TileID="1196" X="679" Y="492" Z="0" Hue="0" />
    <Tile TileID="1193" X="679" Y="491" Z="0" Hue="0" />
    <Tile TileID="1195" X="679" Y="490" Z="0" Hue="0" />
    <Tile TileID="1194" X="678" Y="495" Z="0" Hue="0" />
    <Tile TileID="1194" X="678" Y="494" Z="0" Hue="0" />
    <Tile TileID="1194" X="678" Y="493" Z="0" Hue="0" />
    <Tile TileID="1193" X="678" Y="492" Z="0" Hue="0" />
    <Tile TileID="1196" X="678" Y="491" Z="0" Hue="0" />
    <Tile TileID="1193" X="678" Y="490" Z="0" Hue="0" />
    <Tile TileID="1194" X="677" Y="495" Z="0" Hue="0" />
    <Tile TileID="1196" X="677" Y="494" Z="0" Hue="0" />
    <Tile TileID="1193" X="677" Y="493" Z="0" Hue="0" />
    <Tile TileID="1196" X="677" Y="492" Z="0" Hue="0" />
    <Tile TileID="1195" X="677" Y="491" Z="0" Hue="0" />
    <Tile TileID="1196" X="677" Y="490" Z="0" Hue="0" />
    <Tile TileID="1193" X="676" Y="495" Z="0" Hue="0" />
    <Tile TileID="1193" X="676" Y="494" Z="0" Hue="0" />
    <Tile TileID="1195" X="676" Y="493" Z="0" Hue="0" />
    <Tile TileID="1194" X="676" Y="492" Z="0" Hue="0" />
    <Tile TileID="1193" X="676" Y="491" Z="0" Hue="0" />
    <Tile TileID="1194" X="676" Y="490" Z="0" Hue="0" />
    <Tile TileID="1195" X="675" Y="495" Z="0" Hue="0" />
    <Tile TileID="1194" X="675" Y="494" Z="0" Hue="0" />
    <Tile TileID="1195" X="675" Y="493" Z="0" Hue="0" />
    <Tile TileID="1193" X="675" Y="492" Z="0" Hue="0" />
    <Tile TileID="1195" X="675" Y="491" Z="0" Hue="0" />
    <Tile TileID="1195" X="675" Y="490" Z="0" Hue="0" />
    <Tile TileID="1196" X="675" Y="489" Z="0" Hue="0" />
    <Tile TileID="1196" X="675" Y="488" Z="0" Hue="0" />
    <Tile TileID="1193" X="675" Y="487" Z="0" Hue="0" />
    <Tile TileID="1193" X="675" Y="486" Z="0" Hue="0" />
    <Tile TileID="1194" X="675" Y="485" Z="0" Hue="0" />
    <Tile TileID="1195" X="675" Y="484" Z="0" Hue="0" />
    <Tile TileID="1194" X="675" Y="483" Z="0" Hue="0" />
    <Tile TileID="1196" X="674" Y="495" Z="0" Hue="0" />
    <Tile TileID="1195" X="674" Y="494" Z="0" Hue="0" />
    <Tile TileID="1196" X="674" Y="493" Z="0" Hue="0" />
    <Tile TileID="1193" X="674" Y="492" Z="0" Hue="0" />
    <Tile TileID="1195" X="674" Y="491" Z="0" Hue="0" />
    <Tile TileID="1193" X="674" Y="490" Z="0" Hue="0" />
    <Tile TileID="1194" X="674" Y="489" Z="0" Hue="0" />
    <Tile TileID="1195" X="674" Y="488" Z="0" Hue="0" />
    <Tile TileID="1196" X="674" Y="487" Z="0" Hue="0" />
    <Tile TileID="1194" X="674" Y="486" Z="0" Hue="0" />
    <Tile TileID="1194" X="674" Y="485" Z="0" Hue="0" />
    <Tile TileID="1196" X="674" Y="484" Z="0" Hue="0" />
    <Tile TileID="1196" X="674" Y="483" Z="0" Hue="0" />
    <Tile TileID="1196" X="673" Y="495" Z="0" Hue="0" />
    <Tile TileID="1196" X="673" Y="494" Z="0" Hue="0" />
    <Tile TileID="1193" X="673" Y="493" Z="0" Hue="0" />
    <Tile TileID="1196" X="673" Y="492" Z="0" Hue="0" />
    <Tile TileID="1193" X="673" Y="491" Z="0" Hue="0" />
    <Tile TileID="1196" X="673" Y="490" Z="0" Hue="0" />
    <Tile TileID="1194" X="673" Y="489" Z="0" Hue="0" />
    <Tile TileID="1196" X="673" Y="488" Z="0" Hue="0" />
    <Tile TileID="1194" X="673" Y="487" Z="0" Hue="0" />
    <Tile TileID="1194" X="673" Y="486" Z="0" Hue="0" />
    <Tile TileID="1193" X="673" Y="485" Z="0" Hue="0" />
    <Tile TileID="1195" X="673" Y="484" Z="0" Hue="0" />
    <Tile TileID="1194" X="673" Y="483" Z="0" Hue="0" />
    <Tile TileID="1196" X="672" Y="495" Z="0" Hue="0" />
    <Tile TileID="1194" X="672" Y="494" Z="0" Hue="0" />
    <Tile TileID="1196" X="672" Y="493" Z="0" Hue="0" />
    <Tile TileID="1194" X="672" Y="492" Z="0" Hue="0" />
    <Tile TileID="1193" X="672" Y="491" Z="0" Hue="0" />
    <Tile TileID="1195" X="672" Y="490" Z="0" Hue="0" />
    <Tile TileID="1195" X="672" Y="489" Z="0" Hue="0" />
    <Tile TileID="1195" X="672" Y="488" Z="0" Hue="0" />
    <Tile TileID="1194" X="672" Y="487" Z="0" Hue="0" />
    <Tile TileID="1194" X="672" Y="486" Z="0" Hue="0" />
    <Tile TileID="1196" X="672" Y="485" Z="0" Hue="0" />
    <Tile TileID="1196" X="672" Y="484" Z="0" Hue="0" />
    <Tile TileID="1194" X="672" Y="483" Z="0" Hue="0" />
    <Tile TileID="34" X="674" Y="496" Z="0" Hue="0" />
    <Tile TileID="34" X="678" Y="496" Z="0" Hue="0" />
    <Tile TileID="34" X="682" Y="496" Z="0" Hue="0" />
    <Tile TileID="34" X="686" Y="496" Z="0" Hue="0" />
    <Tile TileID="30" X="672" Y="496" Z="0" Hue="0" />
    <Tile TileID="28" X="687" Y="496" Z="0" Hue="0" />
    <Tile TileID="28" X="685" Y="496" Z="0" Hue="0" />
    <Tile TileID="28" X="684" Y="496" Z="0" Hue="0" />
    <Tile TileID="28" X="683" Y="496" Z="0" Hue="0" />
    <Tile TileID="28" X="681" Y="496" Z="0" Hue="0" />
    <Tile TileID="28" X="680" Y="496" Z="0" Hue="0" />
    <Tile TileID="28" X="679" Y="496" Z="0" Hue="0" />
    <Tile TileID="28" X="677" Y="496" Z="0" Hue="0" />
    <Tile TileID="28" X="676" Y="496" Z="0" Hue="0" />
    <Tile TileID="28" X="675" Y="496" Z="0" Hue="0" />
    <Tile TileID="28" X="673" Y="496" Z="0" Hue="0" />
    <Tile TileID="1198" X="687" Y="496" Z="0" Hue="0" />
    <Tile TileID="1198" X="686" Y="496" Z="0" Hue="0" />
    <Tile TileID="1198" X="685" Y="496" Z="0" Hue="0" />
    <Tile TileID="1198" X="684" Y="496" Z="0" Hue="0" />
    <Tile TileID="1198" X="683" Y="496" Z="0" Hue="0" />
    <Tile TileID="1198" X="682" Y="496" Z="0" Hue="0" />
    <Tile TileID="1198" X="681" Y="496" Z="0" Hue="0" />
    <Tile TileID="1198" X="680" Y="496" Z="0" Hue="0" />
    <Tile TileID="1198" X="679" Y="496" Z="0" Hue="0" />
    <Tile TileID="1198" X="678" Y="496" Z="0" Hue="0" />
    <Tile TileID="1198" X="677" Y="496" Z="0" Hue="0" />
    <Tile TileID="1198" X="676" Y="496" Z="0" Hue="0" />
    <Tile TileID="1198" X="675" Y="496" Z="0" Hue="0" />
    <Tile TileID="1198" X="674" Y="496" Z="0" Hue="0" />
    <Tile TileID="1198" X="673" Y="496" Z="0" Hue="0" />
    <Tile TileID="1198" X="672" Y="496" Z="0" Hue="0" />
    <Tile TileID="1307" X="687" Y="504" Z="0" Hue="0" />
    <Tile TileID="1307" X="686" Y="504" Z="0" Hue="0" />
    <Tile TileID="1307" X="685" Y="504" Z="0" Hue="0" />
    <Tile TileID="1308" X="684" Y="504" Z="0" Hue="0" />
    <Tile TileID="1308" X="683" Y="504" Z="0" Hue="0" />
    <Tile TileID="1305" X="682" Y="504" Z="0" Hue="0" />
    <Tile TileID="1307" X="681" Y="504" Z="0" Hue="0" />
    <Tile TileID="1307" X="680" Y="504" Z="0" Hue="0" />
    <Tile TileID="1306" X="679" Y="504" Z="0" Hue="0" />
    <Tile TileID="1307" X="678" Y="504" Z="0" Hue="0" />
    <Tile TileID="1307" X="677" Y="504" Z="0" Hue="0" />
    <Tile TileID="1307" X="676" Y="504" Z="0" Hue="0" />
    <Tile TileID="1307" X="675" Y="504" Z="0" Hue="0" />
    <Tile TileID="1305" X="674" Y="504" Z="0" Hue="0" />
    <Tile TileID="1308" X="673" Y="504" Z="0" Hue="0" />
    <Tile TileID="1305" X="672" Y="504" Z="0" Hue="0" />
    <Tile TileID="1308" X="687" Y="503" Z="0" Hue="0" />
    <Tile TileID="1305" X="687" Y="502" Z="0" Hue="0" />
    <Tile TileID="1307" X="687" Y="501" Z="0" Hue="0" />
    <Tile TileID="1308" X="686" Y="503" Z="0" Hue="0" />
    <Tile TileID="1305" X="686" Y="502" Z="0" Hue="0" />
    <Tile TileID="1305" X="686" Y="501" Z="0" Hue="0" />
    <Tile TileID="1305" X="685" Y="503" Z="0" Hue="0" />
    <Tile TileID="1308" X="685" Y="502" Z="0" Hue="0" />
    <Tile TileID="1306" X="685" Y="501" Z="0" Hue="0" />
    <Tile TileID="1305" X="684" Y="503" Z="0" Hue="0" />
    <Tile TileID="1306" X="684" Y="502" Z="0" Hue="0" />
    <Tile TileID="1307" X="684" Y="501" Z="0" Hue="0" />
    <Tile TileID="1305" X="683" Y="503" Z="0" Hue="0" />
    <Tile TileID="1307" X="683" Y="502" Z="0" Hue="0" />
    <Tile TileID="1305" X="683" Y="501" Z="0" Hue="0" />
    <Tile TileID="1308" X="682" Y="503" Z="0" Hue="0" />
    <Tile TileID="1308" X="682" Y="502" Z="0" Hue="0" />
    <Tile TileID="1307" X="682" Y="501" Z="0" Hue="0" />
    <Tile TileID="1306" X="681" Y="503" Z="0" Hue="0" />
    <Tile TileID="1305" X="681" Y="502" Z="0" Hue="0" />
    <Tile TileID="1307" X="681" Y="501" Z="0" Hue="0" />
    <Tile TileID="1305" X="680" Y="503" Z="0" Hue="0" />
    <Tile TileID="1305" X="680" Y="502" Z="0" Hue="0" />
    <Tile TileID="1306" X="680" Y="501" Z="0" Hue="0" />
    <Tile TileID="1308" X="679" Y="503" Z="0" Hue="0" />
    <Tile TileID="1307" X="679" Y="502" Z="0" Hue="0" />
    <Tile TileID="1308" X="679" Y="501" Z="0" Hue="0" />
    <Tile TileID="1307" X="678" Y="503" Z="0" Hue="0" />
    <Tile TileID="1305" X="678" Y="502" Z="0" Hue="0" />
    <Tile TileID="1305" X="678" Y="501" Z="0" Hue="0" />
    <Tile TileID="1308" X="677" Y="503" Z="0" Hue="0" />
    <Tile TileID="1308" X="677" Y="502" Z="0" Hue="0" />
    <Tile TileID="1307" X="677" Y="501" Z="0" Hue="0" />
    <Tile TileID="1307" X="676" Y="503" Z="0" Hue="0" />
    <Tile TileID="1307" X="676" Y="502" Z="0" Hue="0" />
    <Tile TileID="1305" X="676" Y="501" Z="0" Hue="0" />
    <Tile TileID="1308" X="675" Y="503" Z="0" Hue="0" />
    <Tile TileID="1308" X="675" Y="502" Z="0" Hue="0" />
    <Tile TileID="1306" X="675" Y="501" Z="0" Hue="0" />
    <Tile TileID="1305" X="674" Y="503" Z="0" Hue="0" />
    <Tile TileID="1306" X="674" Y="502" Z="0" Hue="0" />
    <Tile TileID="1305" X="674" Y="501" Z="0" Hue="0" />
    <Tile TileID="1305" X="673" Y="503" Z="0" Hue="0" />
    <Tile TileID="1305" X="673" Y="502" Z="0" Hue="0" />
    <Tile TileID="1308" X="673" Y="501" Z="0" Hue="0" />
    <Tile TileID="1306" X="672" Y="503" Z="0" Hue="0" />
    <Tile TileID="1308" X="672" Y="502" Z="0" Hue="0" />
    <Tile TileID="1306" X="672" Y="501" Z="0" Hue="0" />
    <Tile TileID="1307" X="681" Y="522" Z="0" Hue="0" />
    <Tile TileID="1305" X="687" Y="525" Z="0" Hue="0" />
    <Tile TileID="1305" X="687" Y="524" Z="0" Hue="0" />
    <Tile TileID="1308" X="687" Y="523" Z="0" Hue="0" />
    <Tile TileID="1307" X="687" Y="522" Z="0" Hue="0" />
    <Tile TileID="1306" X="686" Y="525" Z="0" Hue="0" />
    <Tile TileID="1308" X="686" Y="524" Z="0" Hue="0" />
    <Tile TileID="1308" X="685" Y="525" Z="0" Hue="0" />
    <Tile TileID="1308" X="685" Y="524" Z="0" Hue="0" />
    <Tile TileID="1305" X="686" Y="523" Z="0" Hue="0" />
    <Tile TileID="1308" X="686" Y="522" Z="0" Hue="0" />
    <Tile TileID="1306" X="680" Y="525" Z="0" Hue="0" />
    <Tile TileID="1308" X="685" Y="523" Z="0" Hue="0" />
    <Tile TileID="1307" X="685" Y="522" Z="0" Hue="0" />
    <Tile TileID="1308" X="684" Y="525" Z="0" Hue="0" />
    <Tile TileID="1306" X="684" Y="524" Z="0" Hue="0" />
    <Tile TileID="1305" X="684" Y="523" Z="0" Hue="0" />
    <Tile TileID="1306" X="684" Y="522" Z="0" Hue="0" />
    <Tile TileID="1306" X="683" Y="525" Z="0" Hue="0" />
    <Tile TileID="1306" X="683" Y="524" Z="0" Hue="0" />
    <Tile TileID="1306" X="683" Y="523" Z="0" Hue="0" />
    <Tile TileID="1307" X="683" Y="522" Z="0" Hue="0" />
    <Tile TileID="1305" X="682" Y="525" Z="0" Hue="0" />
    <Tile TileID="1305" X="682" Y="524" Z="0" Hue="0" />
    <Tile TileID="1306" X="682" Y="523" Z="0" Hue="0" />
    <Tile TileID="1308" X="682" Y="522" Z="0" Hue="0" />
    <Tile TileID="1307" X="681" Y="525" Z="0" Hue="0" />
    <Tile TileID="1305" X="681" Y="524" Z="0" Hue="0" />
    <Tile TileID="1308" X="681" Y="523" Z="0" Hue="0" />
    <Tile TileID="1306" X="680" Y="524" Z="0" Hue="0" />
    <Tile TileID="1305" X="680" Y="523" Z="0" Hue="0" />
    <Tile TileID="1306" X="680" Y="522" Z="0" Hue="0" />
    <Tile TileID="1307" X="679" Y="525" Z="0" Hue="0" />
    <Tile TileID="1308" X="679" Y="524" Z="0" Hue="0" />
    <Tile TileID="1306" X="679" Y="523" Z="0" Hue="0" />
    <Tile TileID="1308" X="679" Y="522" Z="0" Hue="0" />
    <Tile TileID="1308" X="678" Y="525" Z="0" Hue="0" />
    <Tile TileID="1307" X="678" Y="524" Z="0" Hue="0" />
    <Tile TileID="1308" X="678" Y="523" Z="0" Hue="0" />
    <Tile TileID="1306" X="678" Y="522" Z="0" Hue="0" />
    <Tile TileID="1305" X="677" Y="525" Z="0" Hue="0" />
    <Tile TileID="1307" X="677" Y="524" Z="0" Hue="0" />
    <Tile TileID="1305" X="677" Y="523" Z="0" Hue="0" />
    <Tile TileID="1308" X="677" Y="522" Z="0" Hue="0" />
    <Tile TileID="1308" X="676" Y="525" Z="0" Hue="0" />
    <Tile TileID="1307" X="676" Y="524" Z="0" Hue="0" />
    <Tile TileID="1305" X="676" Y="523" Z="0" Hue="0" />
    <Tile TileID="1307" X="676" Y="522" Z="0" Hue="0" />
    <Tile TileID="1307" X="675" Y="525" Z="0" Hue="0" />
    <Tile TileID="1306" X="675" Y="524" Z="0" Hue="0" />
    <Tile TileID="1307" X="675" Y="523" Z="0" Hue="0" />
    <Tile TileID="1307" X="675" Y="522" Z="0" Hue="0" />
    <Tile TileID="1307" X="674" Y="525" Z="0" Hue="0" />
    <Tile TileID="1305" X="674" Y="524" Z="0" Hue="0" />
    <Tile TileID="1308" X="674" Y="523" Z="0" Hue="0" />
    <Tile TileID="1306" X="674" Y="522" Z="0" Hue="0" />
    <Tile TileID="1308" X="673" Y="525" Z="0" Hue="0" />
    <Tile TileID="1307" X="673" Y="524" Z="0" Hue="0" />
    <Tile TileID="1306" X="673" Y="523" Z="0" Hue="0" />
    <Tile TileID="1306" X="673" Y="522" Z="0" Hue="0" />
    <Tile TileID="1305" X="672" Y="525" Z="0" Hue="0" />
    <Tile TileID="1305" X="672" Y="524" Z="0" Hue="0" />
    <Tile TileID="1306" X="672" Y="523" Z="0" Hue="0" />
    <Tile TileID="1308" X="672" Y="522" Z="0" Hue="0" />
    <Tile TileID="34" X="692" Y="478" Z="0" Hue="0" />
    <Tile TileID="27" X="694" Y="479" Z="0" Hue="0" />
    <Tile TileID="28" X="694" Y="478" Z="0" Hue="0" />
    <Tile TileID="28" X="693" Y="478" Z="0" Hue="0" />
    <Tile TileID="28" X="691" Y="478" Z="0" Hue="0" />
    <Tile TileID="28" X="690" Y="478" Z="0" Hue="0" />
    <Tile TileID="28" X="689" Y="478" Z="0" Hue="0" />
    <Tile TileID="28" X="688" Y="478" Z="0" Hue="0" />
    <Tile TileID="1203" X="694" Y="479" Z="0" Hue="0" />
    <Tile TileID="1200" X="693" Y="479" Z="0" Hue="0" />
    <Tile TileID="1200" X="692" Y="479" Z="0" Hue="0" />
    <Tile TileID="1200" X="691" Y="479" Z="0" Hue="0" />
    <Tile TileID="1200" X="690" Y="479" Z="0" Hue="0" />
    <Tile TileID="1200" X="689" Y="479" Z="0" Hue="0" />
    <Tile TileID="1200" X="688" Y="479" Z="0" Hue="0" />
    <Tile TileID="1306" X="700" Y="495" Z="0" Hue="0" />
    <Tile TileID="1307" X="700" Y="494" Z="0" Hue="0" />
    <Tile TileID="1305" X="700" Y="493" Z="0" Hue="0" />
    <Tile TileID="1307" X="700" Y="492" Z="0" Hue="0" />
    <Tile TileID="1305" X="700" Y="491" Z="0" Hue="0" />
    <Tile TileID="1305" X="700" Y="490" Z="0" Hue="0" />
    <Tile TileID="1305" X="700" Y="489" Z="0" Hue="0" />
    <Tile TileID="1306" X="700" Y="488" Z="0" Hue="0" />
    <Tile TileID="1305" X="700" Y="487" Z="0" Hue="0" />
    <Tile TileID="1307" X="700" Y="486" Z="0" Hue="0" />
    <Tile TileID="1308" X="699" Y="495" Z="0" Hue="0" />
    <Tile TileID="1307" X="699" Y="494" Z="0" Hue="0" />
    <Tile TileID="1305" X="699" Y="493" Z="0" Hue="0" />
    <Tile TileID="1307" X="699" Y="491" Z="0" Hue="0" />
    <Tile TileID="1306" X="699" Y="487" Z="0" Hue="0" />
    <Tile TileID="1307" X="703" Y="491" Z="0" Hue="0" />
    <Tile TileID="1305" X="703" Y="489" Z="0" Hue="0" />
    <Tile TileID="35" X="694" Y="493" Z="0" Hue="0" />
    <Tile TileID="35" X="694" Y="489" Z="0" Hue="0" />
    <Tile TileID="35" X="694" Y="485" Z="0" Hue="0" />
    <Tile TileID="35" X="694" Y="480" Z="0" Hue="0" />
    <Tile TileID="27" X="694" Y="495" Z="0" Hue="0" />
    <Tile TileID="27" X="694" Y="494" Z="0" Hue="0" />
    <Tile TileID="27" X="694" Y="492" Z="0" Hue="0" />
    <Tile TileID="27" X="694" Y="491" Z="0" Hue="0" />
    <Tile TileID="27" X="694" Y="490" Z="0" Hue="0" />
    <Tile TileID="27" X="694" Y="488" Z="0" Hue="0" />
    <Tile TileID="27" X="694" Y="487" Z="0" Hue="0" />
    <Tile TileID="27" X="694" Y="486" Z="0" Hue="0" />
    <Tile TileID="27" X="694" Y="484" Z="0" Hue="0" />
    <Tile TileID="27" X="694" Y="483" Z="0" Hue="0" />
    <Tile TileID="27" X="694" Y="482" Z="0" Hue="0" />
    <Tile TileID="27" X="694" Y="481" Z="0" Hue="0" />
    <Tile TileID="1199" X="694" Y="495" Z="0" Hue="0" />
    <Tile TileID="1199" X="694" Y="494" Z="0" Hue="0" />
    <Tile TileID="1199" X="694" Y="493" Z="0" Hue="0" />
    <Tile TileID="1199" X="694" Y="492" Z="0" Hue="0" />
    <Tile TileID="1199" X="694" Y="491" Z="0" Hue="0" />
    <Tile TileID="1199" X="694" Y="490" Z="0" Hue="0" />
    <Tile TileID="1199" X="694" Y="489" Z="0" Hue="0" />
    <Tile TileID="1199" X="694" Y="488" Z="0" Hue="0" />
    <Tile TileID="1199" X="694" Y="487" Z="0" Hue="0" />
    <Tile TileID="1199" X="694" Y="486" Z="0" Hue="0" />
    <Tile TileID="1199" X="694" Y="485" Z="0" Hue="0" />
    <Tile TileID="1199" X="694" Y="484" Z="0" Hue="0" />
    <Tile TileID="1199" X="694" Y="483" Z="0" Hue="0" />
    <Tile TileID="1199" X="694" Y="482" Z="0" Hue="0" />
    <Tile TileID="1199" X="694" Y="481" Z="0" Hue="0" />
    <Tile TileID="1199" X="694" Y="480" Z="0" Hue="0" />
    <Tile TileID="1194" X="688" Y="488" Z="0" Hue="0" />
    <Tile TileID="1194" X="688" Y="487" Z="0" Hue="0" />
    <Tile TileID="1193" X="688" Y="486" Z="0" Hue="0" />
    <Tile TileID="1194" X="688" Y="485" Z="0" Hue="0" />
    <Tile TileID="1196" X="688" Y="484" Z="0" Hue="0" />
    <Tile TileID="1196" X="688" Y="483" Z="0" Hue="0" />
    <Tile TileID="1195" X="688" Y="482" Z="0" Hue="0" />
    <Tile TileID="1194" X="688" Y="481" Z="0" Hue="0" />
    <Tile TileID="1196" X="688" Y="480" Z="0" Hue="0" />
    <Tile TileID="1195" X="693" Y="488" Z="0" Hue="0" />
    <Tile TileID="1195" X="693" Y="487" Z="0" Hue="0" />
    <Tile TileID="1196" X="693" Y="486" Z="0" Hue="0" />
    <Tile TileID="1193" X="693" Y="485" Z="0" Hue="0" />
    <Tile TileID="1193" X="693" Y="484" Z="0" Hue="0" />
    <Tile TileID="1194" X="693" Y="483" Z="0" Hue="0" />
    <Tile TileID="1196" X="693" Y="482" Z="0" Hue="0" />
    <Tile TileID="1194" X="693" Y="481" Z="0" Hue="0" />
    <Tile TileID="1196" X="693" Y="480" Z="0" Hue="0" />
    <Tile TileID="1196" X="692" Y="488" Z="0" Hue="0" />
    <Tile TileID="1196" X="692" Y="487" Z="0" Hue="0" />
    <Tile TileID="1194" X="692" Y="486" Z="0" Hue="0" />
    <Tile TileID="1194" X="692" Y="485" Z="0" Hue="0" />
    <Tile TileID="1196" X="692" Y="484" Z="0" Hue="0" />
    <Tile TileID="1194" X="692" Y="483" Z="0" Hue="0" />
    <Tile TileID="1193" X="692" Y="482" Z="0" Hue="0" />
    <Tile TileID="1194" X="692" Y="481" Z="0" Hue="0" />
    <Tile TileID="1196" X="692" Y="480" Z="0" Hue="0" />
    <Tile TileID="1193" X="691" Y="488" Z="0" Hue="0" />
    <Tile TileID="1194" X="691" Y="487" Z="0" Hue="0" />
    <Tile TileID="1196" X="691" Y="486" Z="0" Hue="0" />
    <Tile TileID="1193" X="691" Y="485" Z="0" Hue="0" />
    <Tile TileID="1194" X="691" Y="484" Z="0" Hue="0" />
    <Tile TileID="1193" X="691" Y="483" Z="0" Hue="0" />
    <Tile TileID="1195" X="691" Y="482" Z="0" Hue="0" />
    <Tile TileID="1194" X="691" Y="481" Z="0" Hue="0" />
    <Tile TileID="1194" X="691" Y="480" Z="0" Hue="0" />
    <Tile TileID="1195" X="690" Y="488" Z="0" Hue="0" />
    <Tile TileID="1196" X="690" Y="487" Z="0" Hue="0" />
    <Tile TileID="1195" X="690" Y="486" Z="0" Hue="0" />
    <Tile TileID="1195" X="690" Y="485" Z="0" Hue="0" />
    <Tile TileID="1193" X="690" Y="484" Z="0" Hue="0" />
    <Tile TileID="1193" X="690" Y="483" Z="0" Hue="0" />
    <Tile TileID="1193" X="690" Y="482" Z="0" Hue="0" />
    <Tile TileID="1193" X="690" Y="481" Z="0" Hue="0" />
    <Tile TileID="1193" X="690" Y="480" Z="0" Hue="0" />
    <Tile TileID="1195" X="689" Y="488" Z="0" Hue="0" />
    <Tile TileID="1194" X="689" Y="487" Z="0" Hue="0" />
    <Tile TileID="1193" X="689" Y="486" Z="0" Hue="0" />
    <Tile TileID="1195" X="689" Y="485" Z="0" Hue="0" />
    <Tile TileID="1195" X="689" Y="484" Z="0" Hue="0" />
    <Tile TileID="1193" X="689" Y="483" Z="0" Hue="0" />
    <Tile TileID="1193" X="689" Y="482" Z="0" Hue="0" />
    <Tile TileID="1193" X="689" Y="481" Z="0" Hue="0" />
    <Tile TileID="1194" X="689" Y="480" Z="0" Hue="0" />
    <Tile TileID="1193" X="693" Y="495" Z="0" Hue="0" />
    <Tile TileID="1195" X="693" Y="494" Z="0" Hue="0" />
    <Tile TileID="1195" X="693" Y="493" Z="0" Hue="0" />
    <Tile TileID="1196" X="693" Y="492" Z="0" Hue="0" />
    <Tile TileID="1196" X="693" Y="491" Z="0" Hue="0" />
    <Tile TileID="1196" X="693" Y="490" Z="0" Hue="0" />
    <Tile TileID="1195" X="693" Y="489" Z="0" Hue="0" />
    <Tile TileID="1195" X="692" Y="495" Z="0" Hue="0" />
    <Tile TileID="1195" X="692" Y="494" Z="0" Hue="0" />
    <Tile TileID="1194" X="692" Y="493" Z="0" Hue="0" />
    <Tile TileID="1194" X="692" Y="492" Z="0" Hue="0" />
    <Tile TileID="1195" X="692" Y="491" Z="0" Hue="0" />
    <Tile TileID="1195" X="692" Y="490" Z="0" Hue="0" />
    <Tile TileID="1193" X="692" Y="489" Z="0" Hue="0" />
    <Tile TileID="1195" X="691" Y="495" Z="0" Hue="0" />
    <Tile TileID="1193" X="691" Y="494" Z="0" Hue="0" />
    <Tile TileID="1194" X="691" Y="493" Z="0" Hue="0" />
    <Tile TileID="1193" X="691" Y="492" Z="0" Hue="0" />
    <Tile TileID="1195" X="691" Y="491" Z="0" Hue="0" />
    <Tile TileID="1194" X="691" Y="490" Z="0" Hue="0" />
    <Tile TileID="1193" X="691" Y="489" Z="0" Hue="0" />
    <Tile TileID="1194" X="690" Y="495" Z="0" Hue="0" />
    <Tile TileID="1196" X="690" Y="494" Z="0" Hue="0" />
    <Tile TileID="1194" X="690" Y="493" Z="0" Hue="0" />
    <Tile TileID="1195" X="690" Y="492" Z="0" Hue="0" />
    <Tile TileID="1195" X="690" Y="491" Z="0" Hue="0" />
    <Tile TileID="1193" X="690" Y="490" Z="0" Hue="0" />
    <Tile TileID="1196" X="690" Y="489" Z="0" Hue="0" />
    <Tile TileID="1195" X="689" Y="495" Z="0" Hue="0" />
    <Tile TileID="1195" X="689" Y="494" Z="0" Hue="0" />
    <Tile TileID="1195" X="689" Y="493" Z="0" Hue="0" />
    <Tile TileID="1194" X="689" Y="492" Z="0" Hue="0" />
    <Tile TileID="1196" X="689" Y="491" Z="0" Hue="0" />
    <Tile TileID="1193" X="689" Y="490" Z="0" Hue="0" />
    <Tile TileID="1193" X="689" Y="489" Z="0" Hue="0" />
    <Tile TileID="1196" X="688" Y="495" Z="0" Hue="0" />
    <Tile TileID="1195" X="688" Y="494" Z="0" Hue="0" />
    <Tile TileID="1195" X="688" Y="493" Z="0" Hue="0" />
    <Tile TileID="1194" X="688" Y="492" Z="0" Hue="0" />
    <Tile TileID="1194" X="688" Y="491" Z="0" Hue="0" />
    <Tile TileID="1194" X="688" Y="490" Z="0" Hue="0" />
    <Tile TileID="1194" X="688" Y="489" Z="0" Hue="0" />
    <Tile TileID="1308" X="699" Y="492" Z="0" Hue="0" />
    <Tile TileID="1305" X="699" Y="490" Z="0" Hue="0" />
    <Tile TileID="1305" X="699" Y="489" Z="0" Hue="0" />
    <Tile TileID="1305" X="699" Y="488" Z="0" Hue="0" />
    <Tile TileID="1306" X="699" Y="486" Z="0" Hue="0" />
    <Tile TileID="1306" X="703" Y="495" Z="0" Hue="0" />
    <Tile TileID="1306" X="703" Y="494" Z="0" Hue="0" />
    <Tile TileID="1307" X="703" Y="493" Z="0" Hue="0" />
    <Tile TileID="1308" X="703" Y="492" Z="0" Hue="0" />
    <Tile TileID="1308" X="703" Y="490" Z="0" Hue="0" />
    <Tile TileID="1306" X="703" Y="488" Z="0" Hue="0" />
    <Tile TileID="1307" X="703" Y="487" Z="0" Hue="0" />
    <Tile TileID="1307" X="703" Y="486" Z="0" Hue="0" />
    <Tile TileID="1305" X="702" Y="495" Z="0" Hue="0" />
    <Tile TileID="1308" X="702" Y="494" Z="0" Hue="0" />
    <Tile TileID="1308" X="702" Y="493" Z="0" Hue="0" />
    <Tile TileID="1306" X="702" Y="492" Z="0" Hue="0" />
    <Tile TileID="1306" X="702" Y="491" Z="0" Hue="0" />
    <Tile TileID="1308" X="702" Y="490" Z="0" Hue="0" />
    <Tile TileID="1308" X="702" Y="489" Z="0" Hue="0" />
    <Tile TileID="1307" X="702" Y="488" Z="0" Hue="0" />
    <Tile TileID="1307" X="702" Y="487" Z="0" Hue="0" />
    <Tile TileID="1305" X="702" Y="486" Z="0" Hue="0" />
    <Tile TileID="1306" X="701" Y="495" Z="0" Hue="0" />
    <Tile TileID="1308" X="701" Y="494" Z="0" Hue="0" />
    <Tile TileID="1308" X="701" Y="493" Z="0" Hue="0" />
    <Tile TileID="1307" X="701" Y="492" Z="0" Hue="0" />
    <Tile TileID="1308" X="701" Y="491" Z="0" Hue="0" />
    <Tile TileID="1308" X="701" Y="490" Z="0" Hue="0" />
    <Tile TileID="1307" X="701" Y="489" Z="0" Hue="0" />
    <Tile TileID="1305" X="701" Y="488" Z="0" Hue="0" />
    <Tile TileID="1305" X="701" Y="487" Z="0" Hue="0" />
    <Tile TileID="1306" X="701" Y="486" Z="0" Hue="0" />
    <Tile TileID="1305" X="700" Y="511" Z="0" Hue="0" />
    <Tile TileID="1305" X="700" Y="510" Z="0" Hue="0" />
    <Tile TileID="1308" X="700" Y="509" Z="0" Hue="0" />
    <Tile TileID="1308" X="700" Y="508" Z="0" Hue="0" />
    <Tile TileID="1306" X="700" Y="507" Z="0" Hue="0" />
    <Tile TileID="1307" X="700" Y="506" Z="0" Hue="0" />
    <Tile TileID="1305" X="700" Y="505" Z="0" Hue="0" />
    <Tile TileID="1307" X="700" Y="504" Z="0" Hue="0" />
    <Tile TileID="1307" X="700" Y="503" Z="0" Hue="0" />
    <Tile TileID="1306" X="700" Y="502" Z="0" Hue="0" />
    <Tile TileID="1306" X="700" Y="501" Z="0" Hue="0" />
    <Tile TileID="1305" X="700" Y="500" Z="0" Hue="0" />
    <Tile TileID="1305" X="700" Y="499" Z="0" Hue="0" />
    <Tile TileID="1306" X="700" Y="498" Z="0" Hue="0" />
    <Tile TileID="1305" X="700" Y="497" Z="0" Hue="0" />
    <Tile TileID="1306" X="700" Y="496" Z="0" Hue="0" />
    <Tile TileID="1308" X="699" Y="511" Z="0" Hue="0" />
    <Tile TileID="1305" X="699" Y="510" Z="0" Hue="0" />
    <Tile TileID="1307" X="699" Y="509" Z="0" Hue="0" />
    <Tile TileID="1305" X="699" Y="508" Z="0" Hue="0" />
    <Tile TileID="1305" X="699" Y="507" Z="0" Hue="0" />
    <Tile TileID="1305" X="699" Y="506" Z="0" Hue="0" />
    <Tile TileID="1305" X="699" Y="505" Z="0" Hue="0" />
    <Tile TileID="1308" X="699" Y="504" Z="0" Hue="0" />
    <Tile TileID="1308" X="699" Y="502" Z="0" Hue="0" />
    <Tile TileID="1305" X="699" Y="501" Z="0" Hue="0" />
    <Tile TileID="1305" X="699" Y="500" Z="0" Hue="0" />
    <Tile TileID="1305" X="699" Y="499" Z="0" Hue="0" />
    <Tile TileID="1307" X="699" Y="498" Z="0" Hue="0" />
    <Tile TileID="1308" X="702" Y="503" Z="0" Hue="0" />
    <Tile TileID="34" X="692" Y="496" Z="0" Hue="0" />
    <Tile TileID="33" X="688" Y="496" Z="0" Hue="0" />
    <Tile TileID="30" X="691" Y="496" Z="0" Hue="0" />
    <Tile TileID="28" X="693" Y="496" Z="0" Hue="0" />
    <Tile TileID="26" X="694" Y="496" Z="0" Hue="0" />
    <Tile TileID="1201" X="694" Y="496" Z="0" Hue="0" />
    <Tile TileID="1198" X="693" Y="496" Z="0" Hue="0" />
    <Tile TileID="1198" X="692" Y="496" Z="0" Hue="0" />
    <Tile TileID="1198" X="691" Y="496" Z="0" Hue="0" />
    <Tile TileID="1198" X="690" Y="496" Z="0" Hue="0" />
    <Tile TileID="1198" X="689" Y="496" Z="0" Hue="0" />
    <Tile TileID="1198" X="688" Y="496" Z="0" Hue="0" />
    <Tile TileID="1307" X="698" Y="504" Z="0" Hue="0" />
    <Tile TileID="1308" X="697" Y="504" Z="0" Hue="0" />
    <Tile TileID="1307" X="696" Y="504" Z="0" Hue="0" />
    <Tile TileID="1308" X="695" Y="504" Z="0" Hue="0" />
    <Tile TileID="1305" X="694" Y="504" Z="0" Hue="0" />
    <Tile TileID="1306" X="693" Y="504" Z="0" Hue="0" />
    <Tile TileID="1308" X="692" Y="504" Z="0" Hue="0" />
    <Tile TileID="1308" X="691" Y="504" Z="0" Hue="0" />
    <Tile TileID="1307" X="690" Y="504" Z="0" Hue="0" />
    <Tile TileID="1307" X="689" Y="504" Z="0" Hue="0" />
    <Tile TileID="1305" X="688" Y="504" Z="0" Hue="0" />
    <Tile TileID="1305" X="698" Y="503" Z="0" Hue="0" />
    <Tile TileID="1307" X="698" Y="502" Z="0" Hue="0" />
    <Tile TileID="1305" X="698" Y="501" Z="0" Hue="0" />
    <Tile TileID="1306" X="697" Y="503" Z="0" Hue="0" />
    <Tile TileID="1307" X="697" Y="502" Z="0" Hue="0" />
    <Tile TileID="1307" X="697" Y="501" Z="0" Hue="0" />
    <Tile TileID="1305" X="696" Y="503" Z="0" Hue="0" />
    <Tile TileID="1308" X="696" Y="502" Z="0" Hue="0" />
    <Tile TileID="1308" X="696" Y="501" Z="0" Hue="0" />
    <Tile TileID="1306" X="695" Y="503" Z="0" Hue="0" />
    <Tile TileID="1308" X="695" Y="502" Z="0" Hue="0" />
    <Tile TileID="1306" X="695" Y="501" Z="0" Hue="0" />
    <Tile TileID="1308" X="694" Y="503" Z="0" Hue="0" />
    <Tile TileID="1308" X="694" Y="502" Z="0" Hue="0" />
    <Tile TileID="1305" X="694" Y="501" Z="0" Hue="0" />
    <Tile TileID="1305" X="693" Y="503" Z="0" Hue="0" />
    <Tile TileID="1308" X="693" Y="502" Z="0" Hue="0" />
    <Tile TileID="1307" X="693" Y="501" Z="0" Hue="0" />
    <Tile TileID="1306" X="692" Y="503" Z="0" Hue="0" />
    <Tile TileID="1306" X="692" Y="502" Z="0" Hue="0" />
    <Tile TileID="1308" X="692" Y="501" Z="0" Hue="0" />
    <Tile TileID="1308" X="691" Y="503" Z="0" Hue="0" />
    <Tile TileID="1307" X="691" Y="502" Z="0" Hue="0" />
    <Tile TileID="1307" X="691" Y="501" Z="0" Hue="0" />
    <Tile TileID="1306" X="690" Y="503" Z="0" Hue="0" />
    <Tile TileID="1307" X="690" Y="502" Z="0" Hue="0" />
    <Tile TileID="1305" X="690" Y="501" Z="0" Hue="0" />
    <Tile TileID="1308" X="689" Y="503" Z="0" Hue="0" />
    <Tile TileID="1308" X="689" Y="502" Z="0" Hue="0" />
    <Tile TileID="1307" X="689" Y="501" Z="0" Hue="0" />
    <Tile TileID="1305" X="688" Y="503" Z="0" Hue="0" />
    <Tile TileID="1306" X="688" Y="502" Z="0" Hue="0" />
    <Tile TileID="1306" X="688" Y="501" Z="0" Hue="0" />
    <Tile TileID="1308" X="699" Y="503" Z="0" Hue="0" />
    <Tile TileID="1305" X="699" Y="497" Z="0" Hue="0" />
    <Tile TileID="1308" X="699" Y="496" Z="0" Hue="0" />
    <Tile TileID="1305" X="703" Y="511" Z="0" Hue="0" />
    <Tile TileID="1307" X="703" Y="510" Z="0" Hue="0" />
    <Tile TileID="1305" X="703" Y="509" Z="0" Hue="0" />
    <Tile TileID="1305" X="703" Y="508" Z="0" Hue="0" />
    <Tile TileID="1307" X="703" Y="507" Z="0" Hue="0" />
    <Tile TileID="1306" X="703" Y="506" Z="0" Hue="0" />
    <Tile TileID="1308" X="703" Y="505" Z="0" Hue="0" />
    <Tile TileID="1306" X="703" Y="504" Z="0" Hue="0" />
    <Tile TileID="1305" X="703" Y="503" Z="0" Hue="0" />
    <Tile TileID="1308" X="703" Y="502" Z="0" Hue="0" />
    <Tile TileID="1307" X="703" Y="501" Z="0" Hue="0" />
    <Tile TileID="1307" X="703" Y="500" Z="0" Hue="0" />
    <Tile TileID="1306" X="703" Y="499" Z="0" Hue="0" />
    <Tile TileID="1305" X="703" Y="498" Z="0" Hue="0" />
    <Tile TileID="1305" X="703" Y="497" Z="0" Hue="0" />
    <Tile TileID="1308" X="703" Y="496" Z="0" Hue="0" />
    <Tile TileID="1306" X="702" Y="511" Z="0" Hue="0" />
    <Tile TileID="1306" X="702" Y="510" Z="0" Hue="0" />
    <Tile TileID="1305" X="702" Y="509" Z="0" Hue="0" />
    <Tile TileID="1307" X="702" Y="508" Z="0" Hue="0" />
    <Tile TileID="1306" X="702" Y="507" Z="0" Hue="0" />
    <Tile TileID="1305" X="702" Y="506" Z="0" Hue="0" />
    <Tile TileID="1307" X="702" Y="505" Z="0" Hue="0" />
    <Tile TileID="1306" X="702" Y="504" Z="0" Hue="0" />
    <Tile TileID="1305" X="702" Y="502" Z="0" Hue="0" />
    <Tile TileID="1305" X="702" Y="501" Z="0" Hue="0" />
    <Tile TileID="1307" X="702" Y="500" Z="0" Hue="0" />
    <Tile TileID="1305" X="702" Y="499" Z="0" Hue="0" />
    <Tile TileID="1308" X="702" Y="498" Z="0" Hue="0" />
    <Tile TileID="1306" X="702" Y="497" Z="0" Hue="0" />
    <Tile TileID="1308" X="702" Y="496" Z="0" Hue="0" />
    <Tile TileID="1305" X="701" Y="511" Z="0" Hue="0" />
    <Tile TileID="1305" X="701" Y="510" Z="0" Hue="0" />
    <Tile TileID="1308" X="701" Y="509" Z="0" Hue="0" />
    <Tile TileID="1308" X="701" Y="508" Z="0" Hue="0" />
    <Tile TileID="1306" X="701" Y="507" Z="0" Hue="0" />
    <Tile TileID="1305" X="701" Y="506" Z="0" Hue="0" />
    <Tile TileID="1308" X="701" Y="505" Z="0" Hue="0" />
    <Tile TileID="1307" X="701" Y="504" Z="0" Hue="0" />
    <Tile TileID="1307" X="701" Y="503" Z="0" Hue="0" />
    <Tile TileID="1306" X="701" Y="502" Z="0" Hue="0" />
    <Tile TileID="1306" X="701" Y="501" Z="0" Hue="0" />
    <Tile TileID="1305" X="701" Y="500" Z="0" Hue="0" />
    <Tile TileID="1305" X="701" Y="499" Z="0" Hue="0" />
    <Tile TileID="1306" X="701" Y="498" Z="0" Hue="0" />
    <Tile TileID="1308" X="701" Y="497" Z="0" Hue="0" />
    <Tile TileID="1308" X="701" Y="496" Z="0" Hue="0" />
    <Tile TileID="1305" X="700" Y="527" Z="0" Hue="0" />
    <Tile TileID="1306" X="700" Y="526" Z="0" Hue="0" />
    <Tile TileID="1306" X="700" Y="525" Z="0" Hue="0" />
    <Tile TileID="1305" X="700" Y="524" Z="0" Hue="0" />
    <Tile TileID="1306" X="700" Y="523" Z="0" Hue="0" />
    <Tile TileID="1305" X="700" Y="522" Z="0" Hue="0" />
    <Tile TileID="1307" X="700" Y="521" Z="0" Hue="0" />
    <Tile TileID="1305" X="700" Y="520" Z="0" Hue="0" />
    <Tile TileID="1307" X="700" Y="519" Z="0" Hue="0" />
    <Tile TileID="1307" X="700" Y="518" Z="0" Hue="0" />
    <Tile TileID="1306" X="700" Y="517" Z="0" Hue="0" />
    <Tile TileID="1307" X="700" Y="516" Z="0" Hue="0" />
    <Tile TileID="1305" X="700" Y="515" Z="0" Hue="0" />
    <Tile TileID="1306" X="700" Y="514" Z="0" Hue="0" />
    <Tile TileID="1307" X="700" Y="513" Z="0" Hue="0" />
    <Tile TileID="1306" X="700" Y="512" Z="0" Hue="0" />
    <Tile TileID="1306" X="699" Y="527" Z="0" Hue="0" />
    <Tile TileID="1306" X="699" Y="526" Z="0" Hue="0" />
    <Tile TileID="1306" X="699" Y="525" Z="0" Hue="0" />
    <Tile TileID="1307" X="699" Y="524" Z="0" Hue="0" />
    <Tile TileID="1308" X="699" Y="523" Z="0" Hue="0" />
    <Tile TileID="1308" X="699" Y="522" Z="0" Hue="0" />
    <Tile TileID="1308" X="699" Y="521" Z="0" Hue="0" />
    <Tile TileID="1308" X="699" Y="520" Z="0" Hue="0" />
    <Tile TileID="1306" X="699" Y="519" Z="0" Hue="0" />
    <Tile TileID="1307" X="699" Y="518" Z="0" Hue="0" />
    <Tile TileID="1305" X="699" Y="517" Z="0" Hue="0" />
    <Tile TileID="1307" X="699" Y="516" Z="0" Hue="0" />
    <Tile TileID="1305" X="699" Y="515" Z="0" Hue="0" />
    <Tile TileID="1308" X="699" Y="514" Z="0" Hue="0" />
    <Tile TileID="1307" X="699" Y="513" Z="0" Hue="0" />
    <Tile TileID="1307" X="699" Y="512" Z="0" Hue="0" />
    <Tile TileID="1308" X="696" Y="525" Z="0" Hue="0" />
    <Tile TileID="1305" X="696" Y="523" Z="0" Hue="0" />
    <Tile TileID="1306" X="691" Y="523" Z="0" Hue="0" />
    <Tile TileID="1308" X="702" Y="522" Z="0" Hue="0" />
    <Tile TileID="1307" X="689" Y="525" Z="0" Hue="0" />
    <Tile TileID="1305" X="689" Y="524" Z="0" Hue="0" />
    <Tile TileID="1305" X="689" Y="523" Z="0" Hue="0" />
    <Tile TileID="1306" X="689" Y="522" Z="0" Hue="0" />
    <Tile TileID="1306" X="688" Y="525" Z="0" Hue="0" />
    <Tile TileID="1306" X="688" Y="524" Z="0" Hue="0" />
    <Tile TileID="1307" X="688" Y="523" Z="0" Hue="0" />
    <Tile TileID="1308" X="688" Y="522" Z="0" Hue="0" />
    <Tile TileID="1307" X="698" Y="525" Z="0" Hue="0" />
    <Tile TileID="1308" X="698" Y="524" Z="0" Hue="0" />
    <Tile TileID="1307" X="698" Y="523" Z="0" Hue="0" />
    <Tile TileID="1308" X="698" Y="522" Z="0" Hue="0" />
    <Tile TileID="1305" X="697" Y="525" Z="0" Hue="0" />
    <Tile TileID="1305" X="697" Y="524" Z="0" Hue="0" />
    <Tile TileID="1305" X="697" Y="523" Z="0" Hue="0" />
    <Tile TileID="1305" X="697" Y="522" Z="0" Hue="0" />
    <Tile TileID="1305" X="696" Y="524" Z="0" Hue="0" />
    <Tile TileID="1306" X="696" Y="522" Z="0" Hue="0" />
    <Tile TileID="1308" X="695" Y="525" Z="0" Hue="0" />
    <Tile TileID="1308" X="695" Y="524" Z="0" Hue="0" />
    <Tile TileID="1307" X="695" Y="523" Z="0" Hue="0" />
    <Tile TileID="1305" X="695" Y="522" Z="0" Hue="0" />
    <Tile TileID="1306" X="694" Y="525" Z="0" Hue="0" />
    <Tile TileID="1307" X="694" Y="524" Z="0" Hue="0" />
    <Tile TileID="1306" X="694" Y="523" Z="0" Hue="0" />
    <Tile TileID="1306" X="694" Y="522" Z="0" Hue="0" />
    <Tile TileID="1306" X="693" Y="525" Z="0" Hue="0" />
    <Tile TileID="1308" X="693" Y="524" Z="0" Hue="0" />
    <Tile TileID="1305" X="693" Y="523" Z="0" Hue="0" />
    <Tile TileID="1305" X="693" Y="522" Z="0" Hue="0" />
    <Tile TileID="1307" X="692" Y="525" Z="0" Hue="0" />
    <Tile TileID="1307" X="692" Y="524" Z="0" Hue="0" />
    <Tile TileID="1306" X="692" Y="523" Z="0" Hue="0" />
    <Tile TileID="1306" X="692" Y="522" Z="0" Hue="0" />
    <Tile TileID="1308" X="691" Y="525" Z="0" Hue="0" />
    <Tile TileID="1306" X="691" Y="524" Z="0" Hue="0" />
    <Tile TileID="1308" X="691" Y="522" Z="0" Hue="0" />
    <Tile TileID="1307" X="690" Y="525" Z="0" Hue="0" />
    <Tile TileID="1305" X="690" Y="524" Z="0" Hue="0" />
    <Tile TileID="1308" X="690" Y="523" Z="0" Hue="0" />
    <Tile TileID="1308" X="690" Y="522" Z="0" Hue="0" />
    <Tile TileID="1308" X="703" Y="527" Z="0" Hue="0" />
    <Tile TileID="1307" X="703" Y="526" Z="0" Hue="0" />
    <Tile TileID="1305" X="703" Y="525" Z="0" Hue="0" />
    <Tile TileID="1306" X="703" Y="524" Z="0" Hue="0" />
    <Tile TileID="1306" X="703" Y="523" Z="0" Hue="0" />
    <Tile TileID="1308" X="703" Y="522" Z="0" Hue="0" />
    <Tile TileID="1308" X="703" Y="521" Z="0" Hue="0" />
    <Tile TileID="1305" X="703" Y="520" Z="0" Hue="0" />
    <Tile TileID="1306" X="703" Y="519" Z="0" Hue="0" />
    <Tile TileID="1306" X="703" Y="518" Z="0" Hue="0" />
    <Tile TileID="1305" X="703" Y="517" Z="0" Hue="0" />
    <Tile TileID="1306" X="703" Y="516" Z="0" Hue="0" />
    <Tile TileID="1308" X="703" Y="515" Z="0" Hue="0" />
    <Tile TileID="1307" X="703" Y="514" Z="0" Hue="0" />
    <Tile TileID="1308" X="703" Y="513" Z="0" Hue="0" />
    <Tile TileID="1305" X="703" Y="512" Z="0" Hue="0" />
    <Tile TileID="1308" X="702" Y="527" Z="0" Hue="0" />
    <Tile TileID="1306" X="702" Y="526" Z="0" Hue="0" />
    <Tile TileID="1306" X="702" Y="525" Z="0" Hue="0" />
    <Tile TileID="1305" X="702" Y="524" Z="0" Hue="0" />
    <Tile TileID="1306" X="702" Y="523" Z="0" Hue="0" />
    <Tile TileID="1306" X="702" Y="521" Z="0" Hue="0" />
    <Tile TileID="1305" X="702" Y="520" Z="0" Hue="0" />
    <Tile TileID="1305" X="702" Y="519" Z="0" Hue="0" />
    <Tile TileID="1308" X="702" Y="518" Z="0" Hue="0" />
    <Tile TileID="1307" X="702" Y="517" Z="0" Hue="0" />
    <Tile TileID="1306" X="702" Y="516" Z="0" Hue="0" />
    <Tile TileID="1308" X="702" Y="515" Z="0" Hue="0" />
    <Tile TileID="1305" X="702" Y="514" Z="0" Hue="0" />
    <Tile TileID="1307" X="702" Y="513" Z="0" Hue="0" />
    <Tile TileID="1306" X="702" Y="512" Z="0" Hue="0" />
    <Tile TileID="1308" X="701" Y="527" Z="0" Hue="0" />
    <Tile TileID="1308" X="701" Y="526" Z="0" Hue="0" />
    <Tile TileID="1306" X="701" Y="525" Z="0" Hue="0" />
    <Tile TileID="1307" X="701" Y="524" Z="0" Hue="0" />
    <Tile TileID="1308" X="701" Y="523" Z="0" Hue="0" />
    <Tile TileID="1305" X="701" Y="522" Z="0" Hue="0" />
    <Tile TileID="1305" X="701" Y="521" Z="0" Hue="0" />
    <Tile TileID="1308" X="701" Y="520" Z="0" Hue="0" />
    <Tile TileID="1307" X="701" Y="519" Z="0" Hue="0" />
    <Tile TileID="1308" X="701" Y="518" Z="0" Hue="0" />
    <Tile TileID="1308" X="701" Y="517" Z="0" Hue="0" />
    <Tile TileID="1307" X="701" Y="516" Z="0" Hue="0" />
    <Tile TileID="1306" X="701" Y="515" Z="0" Hue="0" />
    <Tile TileID="1306" X="701" Y="514" Z="0" Hue="0" />
    <Tile TileID="1308" X="701" Y="513" Z="0" Hue="0" />
    <Tile TileID="1308" X="701" Y="512" Z="0" Hue="0" />
    <Tile TileID="1305" X="700" Y="539" Z="0" Hue="0" />
    <Tile TileID="1305" X="700" Y="538" Z="0" Hue="0" />
    <Tile TileID="1306" X="700" Y="537" Z="0" Hue="0" />
    <Tile TileID="1306" X="700" Y="536" Z="0" Hue="0" />
    <Tile TileID="1307" X="700" Y="535" Z="0" Hue="0" />
    <Tile TileID="1306" X="700" Y="534" Z="0" Hue="0" />
    <Tile TileID="1306" X="700" Y="533" Z="0" Hue="0" />
    <Tile TileID="1305" X="700" Y="532" Z="0" Hue="0" />
    <Tile TileID="1305" X="700" Y="531" Z="0" Hue="0" />
    <Tile TileID="1307" X="700" Y="530" Z="0" Hue="0" />
    <Tile TileID="1307" X="700" Y="529" Z="0" Hue="0" />
    <Tile TileID="1307" X="700" Y="528" Z="0" Hue="0" />
    <Tile TileID="1306" X="699" Y="542" Z="0" Hue="0" />
    <Tile TileID="1305" X="699" Y="541" Z="0" Hue="0" />
    <Tile TileID="1308" X="699" Y="540" Z="0" Hue="0" />
    <Tile TileID="1308" X="699" Y="539" Z="0" Hue="0" />
    <Tile TileID="1308" X="699" Y="538" Z="0" Hue="0" />
    <Tile TileID="1305" X="699" Y="537" Z="0" Hue="0" />
    <Tile TileID="1307" X="699" Y="536" Z="0" Hue="0" />
    <Tile TileID="1306" X="699" Y="535" Z="0" Hue="0" />
    <Tile TileID="1307" X="699" Y="534" Z="0" Hue="0" />
    <Tile TileID="1306" X="699" Y="533" Z="0" Hue="0" />
    <Tile TileID="1308" X="699" Y="532" Z="0" Hue="0" />
    <Tile TileID="1305" X="699" Y="531" Z="0" Hue="0" />
    <Tile TileID="1305" X="699" Y="530" Z="0" Hue="0" />
    <Tile TileID="1306" X="699" Y="529" Z="0" Hue="0" />
    <Tile TileID="1308" X="699" Y="528" Z="0" Hue="0" />
    <Tile TileID="1307" X="703" Y="538" Z="0" Hue="0" />
    <Tile TileID="1305" X="703" Y="537" Z="0" Hue="0" />
    <Tile TileID="1307" X="702" Y="541" Z="0" Hue="0" />
    <Tile TileID="1308" X="702" Y="540" Z="0" Hue="0" />
    <Tile TileID="1306" X="703" Y="542" Z="0" Hue="0" />
    <Tile TileID="1308" X="703" Y="541" Z="0" Hue="0" />
    <Tile TileID="1306" X="703" Y="540" Z="0" Hue="0" />
    <Tile TileID="1307" X="703" Y="539" Z="0" Hue="0" />
    <Tile TileID="1307" X="703" Y="536" Z="0" Hue="0" />
    <Tile TileID="1305" X="703" Y="535" Z="0" Hue="0" />
    <Tile TileID="1306" X="703" Y="534" Z="0" Hue="0" />
    <Tile TileID="1307" X="703" Y="533" Z="0" Hue="0" />
    <Tile TileID="1305" X="703" Y="532" Z="0" Hue="0" />
    <Tile TileID="1308" X="703" Y="531" Z="0" Hue="0" />
    <Tile TileID="1307" X="703" Y="530" Z="0" Hue="0" />
    <Tile TileID="1307" X="703" Y="529" Z="0" Hue="0" />
    <Tile TileID="1305" X="703" Y="528" Z="0" Hue="0" />
    <Tile TileID="1308" X="702" Y="542" Z="0" Hue="0" />
    <Tile TileID="1306" X="702" Y="539" Z="0" Hue="0" />
    <Tile TileID="1307" X="702" Y="538" Z="0" Hue="0" />
    <Tile TileID="1308" X="702" Y="537" Z="0" Hue="0" />
    <Tile TileID="1305" X="702" Y="536" Z="0" Hue="0" />
    <Tile TileID="1305" X="702" Y="535" Z="0" Hue="0" />
    <Tile TileID="1306" X="702" Y="534" Z="0" Hue="0" />
    <Tile TileID="1308" X="702" Y="533" Z="0" Hue="0" />
    <Tile TileID="1306" X="702" Y="532" Z="0" Hue="0" />
    <Tile TileID="1305" X="702" Y="531" Z="0" Hue="0" />
    <Tile TileID="1306" X="702" Y="530" Z="0" Hue="0" />
    <Tile TileID="1306" X="702" Y="529" Z="0" Hue="0" />
    <Tile TileID="1307" X="702" Y="528" Z="0" Hue="0" />
    <Tile TileID="1305" X="701" Y="542" Z="0" Hue="0" />
    <Tile TileID="1305" X="701" Y="541" Z="0" Hue="0" />
    <Tile TileID="1308" X="701" Y="540" Z="0" Hue="0" />
    <Tile TileID="1307" X="701" Y="539" Z="0" Hue="0" />
    <Tile TileID="1305" X="701" Y="538" Z="0" Hue="0" />
    <Tile TileID="1306" X="701" Y="537" Z="0" Hue="0" />
    <Tile TileID="1308" X="701" Y="536" Z="0" Hue="0" />
    <Tile TileID="1308" X="701" Y="535" Z="0" Hue="0" />
    <Tile TileID="1306" X="701" Y="534" Z="0" Hue="0" />
    <Tile TileID="1306" X="701" Y="533" Z="0" Hue="0" />
    <Tile TileID="1305" X="701" Y="532" Z="0" Hue="0" />
    <Tile TileID="1306" X="701" Y="531" Z="0" Hue="0" />
    <Tile TileID="1306" X="701" Y="530" Z="0" Hue="0" />
    <Tile TileID="1307" X="701" Y="529" Z="0" Hue="0" />
    <Tile TileID="1308" X="701" Y="528" Z="0" Hue="0" />
    <Tile TileID="1305" X="700" Y="542" Z="0" Hue="0" />
    <Tile TileID="1306" X="700" Y="541" Z="0" Hue="0" />
    <Tile TileID="1307" X="700" Y="540" Z="0" Hue="0" />
    <Tile TileID="1305" X="719" Y="525" Z="0" Hue="0" />
    <Tile TileID="1306" X="718" Y="525" Z="0" Hue="0" />
    <Tile TileID="1305" X="717" Y="525" Z="0" Hue="0" />
    <Tile TileID="1308" X="716" Y="525" Z="0" Hue="0" />
    <Tile TileID="1307" X="715" Y="525" Z="0" Hue="0" />
    <Tile TileID="1308" X="714" Y="525" Z="0" Hue="0" />
    <Tile TileID="1308" X="713" Y="525" Z="0" Hue="0" />
    <Tile TileID="1308" X="712" Y="525" Z="0" Hue="0" />
    <Tile TileID="1306" X="711" Y="525" Z="0" Hue="0" />
    <Tile TileID="1307" X="710" Y="525" Z="0" Hue="0" />
    <Tile TileID="1307" X="709" Y="525" Z="0" Hue="0" />
    <Tile TileID="1305" X="708" Y="525" Z="0" Hue="0" />
    <Tile TileID="1308" X="707" Y="525" Z="0" Hue="0" />
    <Tile TileID="1305" X="706" Y="525" Z="0" Hue="0" />
    <Tile TileID="1307" X="705" Y="525" Z="0" Hue="0" />
    <Tile TileID="1305" X="704" Y="525" Z="0" Hue="0" />
    <Tile TileID="1306" X="719" Y="524" Z="0" Hue="0" />
    <Tile TileID="1306" X="719" Y="523" Z="0" Hue="0" />
    <Tile TileID="1305" X="719" Y="522" Z="0" Hue="0" />
    <Tile TileID="1305" X="718" Y="524" Z="0" Hue="0" />
    <Tile TileID="1308" X="718" Y="523" Z="0" Hue="0" />
    <Tile TileID="1307" X="718" Y="522" Z="0" Hue="0" />
    <Tile TileID="1307" X="717" Y="524" Z="0" Hue="0" />
    <Tile TileID="1307" X="717" Y="523" Z="0" Hue="0" />
    <Tile TileID="1307" X="717" Y="522" Z="0" Hue="0" />
    <Tile TileID="1305" X="716" Y="524" Z="0" Hue="0" />
    <Tile TileID="1306" X="716" Y="523" Z="0" Hue="0" />
    <Tile TileID="1305" X="716" Y="522" Z="0" Hue="0" />
    <Tile TileID="1306" X="715" Y="524" Z="0" Hue="0" />
    <Tile TileID="1305" X="715" Y="523" Z="0" Hue="0" />
    <Tile TileID="1307" X="715" Y="522" Z="0" Hue="0" />
    <Tile TileID="1308" X="714" Y="524" Z="0" Hue="0" />
    <Tile TileID="1305" X="714" Y="523" Z="0" Hue="0" />
    <Tile TileID="1307" X="714" Y="522" Z="0" Hue="0" />
    <Tile TileID="1308" X="713" Y="524" Z="0" Hue="0" />
    <Tile TileID="1306" X="713" Y="523" Z="0" Hue="0" />
    <Tile TileID="1306" X="713" Y="522" Z="0" Hue="0" />
    <Tile TileID="1306" X="712" Y="524" Z="0" Hue="0" />
    <Tile TileID="1307" X="712" Y="523" Z="0" Hue="0" />
    <Tile TileID="1307" X="712" Y="522" Z="0" Hue="0" />
    <Tile TileID="1305" X="711" Y="524" Z="0" Hue="0" />
    <Tile TileID="1307" X="711" Y="523" Z="0" Hue="0" />
    <Tile TileID="1308" X="711" Y="522" Z="0" Hue="0" />
    <Tile TileID="1306" X="710" Y="524" Z="0" Hue="0" />
    <Tile TileID="1306" X="710" Y="523" Z="0" Hue="0" />
    <Tile TileID="1308" X="710" Y="522" Z="0" Hue="0" />
    <Tile TileID="1305" X="709" Y="524" Z="0" Hue="0" />
    <Tile TileID="1307" X="709" Y="523" Z="0" Hue="0" />
    <Tile TileID="1305" X="709" Y="522" Z="0" Hue="0" />
    <Tile TileID="1307" X="708" Y="524" Z="0" Hue="0" />
    <Tile TileID="1308" X="708" Y="523" Z="0" Hue="0" />
    <Tile TileID="1308" X="708" Y="522" Z="0" Hue="0" />
    <Tile TileID="1308" X="707" Y="524" Z="0" Hue="0" />
    <Tile TileID="1306" X="707" Y="523" Z="0" Hue="0" />
    <Tile TileID="1306" X="707" Y="522" Z="0" Hue="0" />
    <Tile TileID="1308" X="706" Y="524" Z="0" Hue="0" />
    <Tile TileID="1307" X="706" Y="523" Z="0" Hue="0" />
    <Tile TileID="1307" X="706" Y="522" Z="0" Hue="0" />
    <Tile TileID="1307" X="705" Y="524" Z="0" Hue="0" />
    <Tile TileID="1307" X="705" Y="523" Z="0" Hue="0" />
    <Tile TileID="1308" X="705" Y="522" Z="0" Hue="0" />
    <Tile TileID="1307" X="704" Y="524" Z="0" Hue="0" />
    <Tile TileID="1307" X="704" Y="523" Z="0" Hue="0" />
    <Tile TileID="1308" X="704" Y="522" Z="0" Hue="0" />
    <Tile TileID="1305" X="735" Y="525" Z="0" Hue="0" />
    <Tile TileID="1306" X="734" Y="525" Z="0" Hue="0" />
    <Tile TileID="1307" X="733" Y="525" Z="0" Hue="0" />
    <Tile TileID="1308" X="732" Y="525" Z="0" Hue="0" />
    <Tile TileID="1307" X="731" Y="525" Z="0" Hue="0" />
    <Tile TileID="1306" X="730" Y="525" Z="0" Hue="0" />
    <Tile TileID="1308" X="729" Y="525" Z="0" Hue="0" />
    <Tile TileID="1308" X="728" Y="525" Z="0" Hue="0" />
    <Tile TileID="1305" X="727" Y="525" Z="0" Hue="0" />
    <Tile TileID="1308" X="726" Y="525" Z="0" Hue="0" />
    <Tile TileID="1305" X="725" Y="525" Z="0" Hue="0" />
    <Tile TileID="1308" X="724" Y="525" Z="0" Hue="0" />
    <Tile TileID="1306" X="723" Y="525" Z="0" Hue="0" />
    <Tile TileID="1306" X="722" Y="525" Z="0" Hue="0" />
    <Tile TileID="1308" X="721" Y="525" Z="0" Hue="0" />
    <Tile TileID="1308" X="720" Y="525" Z="0" Hue="0" />
    <Tile TileID="1306" X="735" Y="524" Z="0" Hue="0" />
    <Tile TileID="1306" X="735" Y="523" Z="0" Hue="0" />
    <Tile TileID="1305" X="735" Y="522" Z="0" Hue="0" />
    <Tile TileID="1305" X="734" Y="524" Z="0" Hue="0" />
    <Tile TileID="1307" X="734" Y="523" Z="0" Hue="0" />
    <Tile TileID="1306" X="734" Y="522" Z="0" Hue="0" />
    <Tile TileID="1305" X="733" Y="524" Z="0" Hue="0" />
    <Tile TileID="1307" X="733" Y="523" Z="0" Hue="0" />
    <Tile TileID="1305" X="733" Y="522" Z="0" Hue="0" />
    <Tile TileID="1307" X="732" Y="524" Z="0" Hue="0" />
    <Tile TileID="1305" X="732" Y="523" Z="0" Hue="0" />
    <Tile TileID="1307" X="732" Y="522" Z="0" Hue="0" />
    <Tile TileID="1307" X="731" Y="524" Z="0" Hue="0" />
    <Tile TileID="1307" X="731" Y="523" Z="0" Hue="0" />
    <Tile TileID="1305" X="731" Y="522" Z="0" Hue="0" />
    <Tile TileID="1305" X="730" Y="524" Z="0" Hue="0" />
    <Tile TileID="1306" X="730" Y="523" Z="0" Hue="0" />
    <Tile TileID="1308" X="730" Y="522" Z="0" Hue="0" />
    <Tile TileID="1308" X="729" Y="524" Z="0" Hue="0" />
    <Tile TileID="1306" X="729" Y="523" Z="0" Hue="0" />
    <Tile TileID="1308" X="729" Y="522" Z="0" Hue="0" />
    <Tile TileID="1307" X="728" Y="524" Z="0" Hue="0" />
    <Tile TileID="1306" X="728" Y="523" Z="0" Hue="0" />
    <Tile TileID="1308" X="728" Y="522" Z="0" Hue="0" />
    <Tile TileID="1305" X="727" Y="524" Z="0" Hue="0" />
    <Tile TileID="1308" X="727" Y="523" Z="0" Hue="0" />
    <Tile TileID="1306" X="727" Y="522" Z="0" Hue="0" />
    <Tile TileID="1308" X="726" Y="524" Z="0" Hue="0" />
    <Tile TileID="1305" X="726" Y="523" Z="0" Hue="0" />
    <Tile TileID="1305" X="726" Y="522" Z="0" Hue="0" />
    <Tile TileID="1306" X="725" Y="524" Z="0" Hue="0" />
    <Tile TileID="1308" X="725" Y="523" Z="0" Hue="0" />
    <Tile TileID="1308" X="725" Y="522" Z="0" Hue="0" />
    <Tile TileID="1305" X="724" Y="524" Z="0" Hue="0" />
    <Tile TileID="1306" X="724" Y="523" Z="0" Hue="0" />
    <Tile TileID="1306" X="724" Y="522" Z="0" Hue="0" />
    <Tile TileID="1305" X="723" Y="524" Z="0" Hue="0" />
    <Tile TileID="1306" X="723" Y="523" Z="0" Hue="0" />
    <Tile TileID="1307" X="723" Y="522" Z="0" Hue="0" />
    <Tile TileID="1305" X="722" Y="524" Z="0" Hue="0" />
    <Tile TileID="1305" X="722" Y="523" Z="0" Hue="0" />
    <Tile TileID="1305" X="722" Y="522" Z="0" Hue="0" />
    <Tile TileID="1307" X="721" Y="524" Z="0" Hue="0" />
    <Tile TileID="1307" X="721" Y="523" Z="0" Hue="0" />
    <Tile TileID="1306" X="721" Y="522" Z="0" Hue="0" />
    <Tile TileID="1305" X="720" Y="524" Z="0" Hue="0" />
    <Tile TileID="1308" X="720" Y="523" Z="0" Hue="0" />
    <Tile TileID="1307" X="720" Y="522" Z="0" Hue="0" />
    <Tile TileID="1305" X="740" Y="525" Z="0" Hue="0" />
    <Tile TileID="1305" X="739" Y="525" Z="0" Hue="0" />
    <Tile TileID="1305" X="738" Y="525" Z="0" Hue="0" />
    <Tile TileID="1306" X="737" Y="525" Z="0" Hue="0" />
    <Tile TileID="1305" X="736" Y="525" Z="0" Hue="0" />
    <Tile TileID="1307" X="740" Y="524" Z="0" Hue="0" />
    <Tile TileID="1306" X="740" Y="523" Z="0" Hue="0" />
    <Tile TileID="1305" X="740" Y="522" Z="0" Hue="0" />
    <Tile TileID="1306" X="739" Y="524" Z="0" Hue="0" />
    <Tile TileID="1306" X="739" Y="523" Z="0" Hue="0" />
    <Tile TileID="1308" X="739" Y="522" Z="0" Hue="0" />
    <Tile TileID="1308" X="738" Y="524" Z="0" Hue="0" />
    <Tile TileID="1306" X="738" Y="523" Z="0" Hue="0" />
    <Tile TileID="1306" X="738" Y="522" Z="0" Hue="0" />
    <Tile TileID="1306" X="737" Y="524" Z="0" Hue="0" />
    <Tile TileID="1305" X="737" Y="523" Z="0" Hue="0" />
    <Tile TileID="1308" X="737" Y="522" Z="0" Hue="0" />
    <Tile TileID="1308" X="736" Y="524" Z="0" Hue="0" />
    <Tile TileID="1307" X="736" Y="523" Z="0" Hue="0" />
    <Tile TileID="1306" X="736" Y="522" Z="0" Hue="0" />
</Static_Tiles>