﻿<?xml version="1.0" encoding="utf-8"?>
<Static_Tiles>
    <Tile TileID="1955" X="2149" Y="778" Z="0" Hue="0" />
    <Tile TileID="1955" X="2149" Y="777" Z="0" Hue="0" />
    <Tile TileID="1955" X="2148" Y="780" Z="0" Hue="0" />
    <Tile TileID="1955" X="2148" Y="779" Z="0" Hue="0" />
    <Tile TileID="1955" X="2148" Y="778" Z="0" Hue="0" />
    <Tile TileID="1955" X="2148" Y="777" Z="0" Hue="0" />
    <Tile TileID="1955" X="2147" Y="780" Z="0" Hue="0" />
    <Tile TileID="1955" X="2147" Y="779" Z="0" Hue="0" />
    <Tile TileID="1955" X="2147" Y="778" Z="0" Hue="0" />
    <Tile TileID="1955" X="2147" Y="777" Z="0" Hue="0" />
    <Tile TileID="1955" X="2146" Y="780" Z="0" Hue="0" />
    <Tile TileID="1955" X="2146" Y="779" Z="0" Hue="0" />
    <Tile TileID="1955" X="2146" Y="778" Z="0" Hue="0" />
    <Tile TileID="1955" X="2146" Y="777" Z="0" Hue="0" />
    <Tile TileID="1955" X="2145" Y="780" Z="0" Hue="0" />
    <Tile TileID="1955" X="2145" Y="779" Z="0" Hue="0" />
    <Tile TileID="1955" X="2145" Y="778" Z="0" Hue="0" />
    <Tile TileID="1955" X="2145" Y="777" Z="0" Hue="0" />
    <Tile TileID="1956" X="2153" Y="793" Z="0" Hue="0" />
    <Tile TileID="1956" X="2152" Y="793" Z="0" Hue="0" />
    <Tile TileID="1956" X="2151" Y="793" Z="0" Hue="0" />
    <Tile TileID="1956" X="2150" Y="793" Z="0" Hue="0" />
    <Tile TileID="1955" X="2153" Y="792" Z="0" Hue="0" />
    <Tile TileID="1955" X="2153" Y="791" Z="0" Hue="0" />
    <Tile TileID="1955" X="2153" Y="790" Z="0" Hue="0" />
    <Tile TileID="1955" X="2153" Y="789" Z="0" Hue="0" />
    <Tile TileID="1955" X="2153" Y="788" Z="0" Hue="0" />
    <Tile TileID="1955" X="2153" Y="787" Z="0" Hue="0" />
    <Tile TileID="1955" X="2153" Y="786" Z="0" Hue="0" />
    <Tile TileID="1955" X="2153" Y="785" Z="0" Hue="0" />
    <Tile TileID="1955" X="2153" Y="784" Z="0" Hue="0" />
    <Tile TileID="1955" X="2153" Y="783" Z="0" Hue="0" />
    <Tile TileID="1955" X="2153" Y="782" Z="0" Hue="0" />
    <Tile TileID="1955" X="2152" Y="792" Z="0" Hue="0" />
    <Tile TileID="1955" X="2152" Y="791" Z="0" Hue="0" />
    <Tile TileID="1955" X="2152" Y="790" Z="0" Hue="0" />
    <Tile TileID="1955" X="2152" Y="788" Z="0" Hue="0" />
    <Tile TileID="1955" X="2152" Y="787" Z="0" Hue="0" />
    <Tile TileID="1955" X="2152" Y="786" Z="0" Hue="0" />
    <Tile TileID="1955" X="2152" Y="785" Z="0" Hue="0" />
    <Tile TileID="1955" X="2152" Y="784" Z="0" Hue="0" />
    <Tile TileID="1955" X="2152" Y="783" Z="0" Hue="0" />
    <Tile TileID="1955" X="2152" Y="782" Z="0" Hue="0" />
    <Tile TileID="1955" X="2151" Y="792" Z="0" Hue="0" />
    <Tile TileID="1955" X="2151" Y="791" Z="0" Hue="0" />
    <Tile TileID="1955" X="2151" Y="790" Z="0" Hue="0" />
    <Tile TileID="1955" X="2151" Y="789" Z="0" Hue="0" />
    <Tile TileID="1955" X="2151" Y="788" Z="0" Hue="0" />
    <Tile TileID="1955" X="2151" Y="787" Z="0" Hue="0" />
    <Tile TileID="1955" X="2151" Y="786" Z="0" Hue="0" />
    <Tile TileID="1955" X="2151" Y="785" Z="0" Hue="0" />
    <Tile TileID="1955" X="2151" Y="784" Z="0" Hue="0" />
    <Tile TileID="1955" X="2151" Y="783" Z="0" Hue="0" />
    <Tile TileID="1955" X="2151" Y="782" Z="0" Hue="0" />
    <Tile TileID="1955" X="2150" Y="792" Z="0" Hue="0" />
    <Tile TileID="1955" X="2150" Y="791" Z="0" Hue="0" />
    <Tile TileID="1955" X="2150" Y="790" Z="0" Hue="0" />
    <Tile TileID="1955" X="2150" Y="789" Z="0" Hue="0" />
    <Tile TileID="1955" X="2150" Y="788" Z="0" Hue="0" />
    <Tile TileID="1955" X="2150" Y="787" Z="0" Hue="0" />
    <Tile TileID="1955" X="2150" Y="786" Z="0" Hue="0" />
    <Tile TileID="1955" X="2150" Y="785" Z="0" Hue="0" />
    <Tile TileID="1955" X="2150" Y="784" Z="0" Hue="0" />
    <Tile TileID="1955" X="2150" Y="782" Z="0" Hue="0" />
    <Tile TileID="1955" X="2155" Y="926" Z="5" Hue="0" />
    <Tile TileID="1955" X="2155" Y="924" Z="5" Hue="0" />
    <Tile TileID="1955" X="2155" Y="922" Z="5" Hue="0" />
    <Tile TileID="1955" X="2155" Y="920" Z="5" Hue="0" />
    <Tile TileID="1955" X="2155" Y="918" Z="5" Hue="0" />
    <Tile TileID="1955" X="2155" Y="916" Z="5" Hue="0" />
    <Tile TileID="1955" X="2155" Y="914" Z="5" Hue="0" />
    <Tile TileID="1955" X="2155" Y="912" Z="5" Hue="0" />
    <Tile TileID="1955" X="2155" Y="910" Z="5" Hue="0" />
    <Tile TileID="1955" X="2152" Y="926" Z="5" Hue="0" />
    <Tile TileID="1955" X="2152" Y="924" Z="5" Hue="0" />
    <Tile TileID="1955" X="2152" Y="922" Z="5" Hue="0" />
    <Tile TileID="1955" X="2152" Y="920" Z="5" Hue="0" />
    <Tile TileID="1955" X="2152" Y="918" Z="5" Hue="0" />
    <Tile TileID="1955" X="2152" Y="916" Z="5" Hue="0" />
    <Tile TileID="1955" X="2152" Y="914" Z="5" Hue="0" />
    <Tile TileID="1955" X="2152" Y="912" Z="5" Hue="0" />
    <Tile TileID="1955" X="2152" Y="910" Z="5" Hue="0" />
    <Tile TileID="1958" X="2155" Y="909" Z="0" Hue="0" />
    <Tile TileID="1958" X="2154" Y="909" Z="0" Hue="0" />
    <Tile TileID="1958" X="2153" Y="909" Z="0" Hue="0" />
    <Tile TileID="1958" X="2152" Y="909" Z="0" Hue="0" />
    <Tile TileID="1955" X="2155" Y="915" Z="0" Hue="0" />
    <Tile TileID="1955" X="2155" Y="914" Z="0" Hue="0" />
    <Tile TileID="1955" X="2155" Y="913" Z="0" Hue="0" />
    <Tile TileID="1955" X="2155" Y="912" Z="0" Hue="0" />
    <Tile TileID="1955" X="2155" Y="911" Z="0" Hue="0" />
    <Tile TileID="1955" X="2155" Y="910" Z="0" Hue="0" />
    <Tile TileID="1955" X="2154" Y="915" Z="0" Hue="0" />
    <Tile TileID="1955" X="2154" Y="914" Z="0" Hue="0" />
    <Tile TileID="1955" X="2154" Y="913" Z="0" Hue="0" />
    <Tile TileID="1955" X="2154" Y="912" Z="0" Hue="0" />
    <Tile TileID="1955" X="2154" Y="911" Z="0" Hue="0" />
    <Tile TileID="1955" X="2154" Y="910" Z="0" Hue="0" />
    <Tile TileID="1955" X="2153" Y="915" Z="0" Hue="0" />
    <Tile TileID="1955" X="2153" Y="914" Z="0" Hue="0" />
    <Tile TileID="1955" X="2153" Y="913" Z="0" Hue="0" />
    <Tile TileID="1955" X="2153" Y="912" Z="0" Hue="0" />
    <Tile TileID="1955" X="2153" Y="911" Z="0" Hue="0" />
    <Tile TileID="1955" X="2153" Y="910" Z="0" Hue="0" />
    <Tile TileID="1955" X="2152" Y="915" Z="0" Hue="0" />
    <Tile TileID="1955" X="2152" Y="914" Z="0" Hue="0" />
    <Tile TileID="1955" X="2152" Y="913" Z="0" Hue="0" />
    <Tile TileID="1955" X="2152" Y="912" Z="0" Hue="0" />
    <Tile TileID="1955" X="2152" Y="910" Z="0" Hue="0" />
    <Tile TileID="1956" X="2155" Y="927" Z="0" Hue="0" />
    <Tile TileID="1956" X="2154" Y="927" Z="0" Hue="0" />
    <Tile TileID="1956" X="2153" Y="927" Z="0" Hue="0" />
    <Tile TileID="1956" X="2152" Y="927" Z="0" Hue="0" />
    <Tile TileID="1955" X="2155" Y="926" Z="0" Hue="0" />
    <Tile TileID="1955" X="2155" Y="925" Z="0" Hue="0" />
    <Tile TileID="1955" X="2155" Y="924" Z="0" Hue="0" />
    <Tile TileID="1955" X="2155" Y="923" Z="0" Hue="0" />
    <Tile TileID="1955" X="2155" Y="922" Z="0" Hue="0" />
    <Tile TileID="1955" X="2155" Y="921" Z="0" Hue="0" />
    <Tile TileID="1955" X="2155" Y="920" Z="0" Hue="0" />
    <Tile TileID="1955" X="2155" Y="919" Z="0" Hue="0" />
    <Tile TileID="1955" X="2155" Y="918" Z="0" Hue="0" />
    <Tile TileID="1955" X="2155" Y="917" Z="0" Hue="0" />
    <Tile TileID="1955" X="2155" Y="916" Z="0" Hue="0" />
    <Tile TileID="1955" X="2155" Y="915" Z="0" Hue="0" />
    <Tile TileID="1955" X="2154" Y="926" Z="0" Hue="0" />
    <Tile TileID="1955" X="2154" Y="925" Z="0" Hue="0" />
    <Tile TileID="1955" X="2154" Y="924" Z="0" Hue="0" />
    <Tile TileID="1955" X="2154" Y="923" Z="0" Hue="0" />
    <Tile TileID="1955" X="2154" Y="922" Z="0" Hue="0" />
    <Tile TileID="1955" X="2154" Y="921" Z="0" Hue="0" />
    <Tile TileID="1955" X="2154" Y="920" Z="0" Hue="0" />
    <Tile TileID="1955" X="2154" Y="919" Z="0" Hue="0" />
    <Tile TileID="1955" X="2154" Y="918" Z="0" Hue="0" />
    <Tile TileID="1955" X="2154" Y="917" Z="0" Hue="0" />
    <Tile TileID="1955" X="2154" Y="916" Z="0" Hue="0" />
    <Tile TileID="1955" X="2154" Y="915" Z="0" Hue="0" />
    <Tile TileID="1955" X="2154" Y="926" Z="0" Hue="0" />
    <Tile TileID="1955" X="2154" Y="925" Z="0" Hue="0" />
    <Tile TileID="1955" X="2154" Y="924" Z="0" Hue="0" />
    <Tile TileID="1955" X="2154" Y="923" Z="0" Hue="0" />
    <Tile TileID="1955" X="2154" Y="922" Z="0" Hue="0" />
    <Tile TileID="1955" X="2154" Y="921" Z="0" Hue="0" />
    <Tile TileID="1955" X="2154" Y="920" Z="0" Hue="0" />
    <Tile TileID="1955" X="2154" Y="919" Z="0" Hue="0" />
    <Tile TileID="1955" X="2154" Y="918" Z="0" Hue="0" />
    <Tile TileID="1955" X="2154" Y="917" Z="0" Hue="0" />
    <Tile TileID="1955" X="2154" Y="916" Z="0" Hue="0" />
    <Tile TileID="1955" X="2154" Y="915" Z="0" Hue="0" />
    <Tile TileID="1955" X="2153" Y="926" Z="0" Hue="0" />
    <Tile TileID="1955" X="2153" Y="925" Z="0" Hue="0" />
    <Tile TileID="1955" X="2153" Y="924" Z="0" Hue="0" />
    <Tile TileID="1955" X="2153" Y="923" Z="0" Hue="0" />
    <Tile TileID="1955" X="2153" Y="922" Z="0" Hue="0" />
    <Tile TileID="1956" X="1904" Y="1120" Z="0" Hue="0" />
    <Tile TileID="1955" X="2153" Y="920" Z="0" Hue="0" />
    <Tile TileID="1955" X="2153" Y="919" Z="0" Hue="0" />
    <Tile TileID="1955" X="2153" Y="918" Z="0" Hue="0" />
    <Tile TileID="1955" X="2153" Y="917" Z="0" Hue="0" />
    <Tile TileID="1955" X="2153" Y="916" Z="0" Hue="0" />
    <Tile TileID="1955" X="2153" Y="915" Z="0" Hue="0" />
    <Tile TileID="1955" X="2152" Y="926" Z="0" Hue="0" />
    <Tile TileID="1955" X="2152" Y="925" Z="0" Hue="0" />
    <Tile TileID="1955" X="2152" Y="924" Z="0" Hue="0" />
    <Tile TileID="1955" X="2152" Y="923" Z="0" Hue="0" />
    <Tile TileID="1955" X="2152" Y="922" Z="0" Hue="0" />
    <Tile TileID="1955" X="2152" Y="921" Z="0" Hue="0" />
    <Tile TileID="1955" X="2152" Y="920" Z="0" Hue="0" />
    <Tile TileID="1955" X="2152" Y="919" Z="0" Hue="0" />
    <Tile TileID="1955" X="2152" Y="918" Z="0" Hue="0" />
    <Tile TileID="1955" X="2152" Y="917" Z="0" Hue="0" />
    <Tile TileID="1955" X="2152" Y="916" Z="0" Hue="0" />
    <Tile TileID="1955" X="2152" Y="915" Z="0" Hue="0" />
    <Tile TileID="1955" X="2152" Y="926" Z="0" Hue="0" />
    <Tile TileID="1955" X="2075" Y="939" Z="5" Hue="0" />
    <Tile TileID="1955" X="2075" Y="937" Z="5" Hue="0" />
    <Tile TileID="1955" X="2075" Y="935" Z="5" Hue="0" />
    <Tile TileID="1955" X="2075" Y="931" Z="5" Hue="0" />
    <Tile TileID="1955" X="2075" Y="929" Z="5" Hue="0" />
    <Tile TileID="1955" X="2075" Y="927" Z="5" Hue="0" />
    <Tile TileID="1955" X="2075" Y="925" Z="5" Hue="0" />
    <Tile TileID="1955" X="2075" Y="923" Z="5" Hue="0" />
    <Tile TileID="1955" X="2075" Y="921" Z="5" Hue="0" />
    <Tile TileID="1955" X="2075" Y="919" Z="5" Hue="0" />
    <Tile TileID="1955" X="2075" Y="917" Z="5" Hue="0" />
    <Tile TileID="1955" X="2075" Y="915" Z="5" Hue="0" />
    <Tile TileID="1955" X="2072" Y="939" Z="5" Hue="0" />
    <Tile TileID="1955" X="2072" Y="937" Z="5" Hue="0" />
    <Tile TileID="1955" X="2072" Y="935" Z="5" Hue="0" />
    <Tile TileID="1955" X="2072" Y="933" Z="5" Hue="0" />
    <Tile TileID="1955" X="2072" Y="931" Z="5" Hue="0" />
    <Tile TileID="1955" X="2072" Y="929" Z="5" Hue="0" />
    <Tile TileID="1955" X="2072" Y="927" Z="5" Hue="0" />
    <Tile TileID="1955" X="2072" Y="925" Z="5" Hue="0" />
    <Tile TileID="1955" X="2072" Y="923" Z="5" Hue="0" />
    <Tile TileID="1955" X="2072" Y="921" Z="5" Hue="0" />
    <Tile TileID="1955" X="2072" Y="919" Z="5" Hue="0" />
    <Tile TileID="1955" X="2072" Y="917" Z="5" Hue="0" />
    <Tile TileID="1955" X="2072" Y="915" Z="5" Hue="0" />
    <Tile TileID="1958" X="2075" Y="914" Z="0" Hue="0" />
    <Tile TileID="1958" X="2074" Y="914" Z="0" Hue="0" />
    <Tile TileID="1958" X="2073" Y="914" Z="0" Hue="0" />
    <Tile TileID="1958" X="2072" Y="914" Z="0" Hue="0" />
    <Tile TileID="1955" X="2075" Y="921" Z="0" Hue="0" />
    <Tile TileID="1955" X="2075" Y="920" Z="0" Hue="0" />
    <Tile TileID="1955" X="2075" Y="919" Z="0" Hue="0" />
    <Tile TileID="1955" X="2075" Y="918" Z="0" Hue="0" />
    <Tile TileID="1955" X="2075" Y="917" Z="0" Hue="0" />
    <Tile TileID="1955" X="2075" Y="916" Z="0" Hue="0" />
    <Tile TileID="1955" X="2074" Y="921" Z="0" Hue="0" />
    <Tile TileID="1955" X="2074" Y="920" Z="0" Hue="0" />
    <Tile TileID="1955" X="2074" Y="919" Z="0" Hue="0" />
    <Tile TileID="1955" X="2074" Y="918" Z="0" Hue="0" />
    <Tile TileID="1955" X="2074" Y="917" Z="0" Hue="0" />
    <Tile TileID="1955" X="2074" Y="916" Z="0" Hue="0" />
    <Tile TileID="1955" X="2074" Y="915" Z="0" Hue="0" />
    <Tile TileID="1955" X="2073" Y="921" Z="0" Hue="0" />
    <Tile TileID="1955" X="2073" Y="920" Z="0" Hue="0" />
    <Tile TileID="1955" X="2073" Y="919" Z="0" Hue="0" />
    <Tile TileID="1955" X="2073" Y="918" Z="0" Hue="0" />
    <Tile TileID="1955" X="2073" Y="917" Z="0" Hue="0" />
    <Tile TileID="1955" X="2073" Y="916" Z="0" Hue="0" />
    <Tile TileID="1955" X="2073" Y="915" Z="0" Hue="0" />
    <Tile TileID="1955" X="2072" Y="931" Z="0" Hue="0" />
    <Tile TileID="1955" X="2072" Y="930" Z="0" Hue="0" />
    <Tile TileID="1955" X="2072" Y="929" Z="0" Hue="0" />
    <Tile TileID="1955" X="2072" Y="928" Z="0" Hue="0" />
    <Tile TileID="1955" X="2072" Y="927" Z="0" Hue="0" />
    <Tile TileID="1955" X="2072" Y="926" Z="0" Hue="0" />
    <Tile TileID="1955" X="2072" Y="925" Z="0" Hue="0" />
    <Tile TileID="1955" X="2072" Y="924" Z="0" Hue="0" />
    <Tile TileID="1955" X="2072" Y="923" Z="0" Hue="0" />
    <Tile TileID="1955" X="2072" Y="922" Z="0" Hue="0" />
    <Tile TileID="1955" X="2072" Y="921" Z="0" Hue="0" />
    <Tile TileID="1955" X="2072" Y="920" Z="0" Hue="0" />
    <Tile TileID="1955" X="2072" Y="919" Z="0" Hue="0" />
    <Tile TileID="1955" X="2072" Y="918" Z="0" Hue="0" />
    <Tile TileID="1955" X="2072" Y="917" Z="0" Hue="0" />
    <Tile TileID="1955" X="2072" Y="916" Z="0" Hue="0" />
    <Tile TileID="1955" X="2072" Y="915" Z="0" Hue="0" />
    <Tile TileID="1955" X="2075" Y="931" Z="0" Hue="0" />
    <Tile TileID="1955" X="2075" Y="930" Z="0" Hue="0" />
    <Tile TileID="1955" X="2075" Y="929" Z="0" Hue="0" />
    <Tile TileID="1955" X="2075" Y="928" Z="0" Hue="0" />
    <Tile TileID="1955" X="2075" Y="927" Z="0" Hue="0" />
    <Tile TileID="1955" X="2075" Y="926" Z="0" Hue="0" />
    <Tile TileID="1955" X="2075" Y="925" Z="0" Hue="0" />
    <Tile TileID="1955" X="2075" Y="924" Z="0" Hue="0" />
    <Tile TileID="1955" X="2075" Y="923" Z="0" Hue="0" />
    <Tile TileID="1955" X="2075" Y="922" Z="0" Hue="0" />
    <Tile TileID="1955" X="2075" Y="921" Z="0" Hue="0" />
    <Tile TileID="1955" X="2074" Y="931" Z="0" Hue="0" />
    <Tile TileID="1955" X="2074" Y="930" Z="0" Hue="0" />
    <Tile TileID="1955" X="2074" Y="929" Z="0" Hue="0" />
    <Tile TileID="1955" X="2074" Y="928" Z="0" Hue="0" />
    <Tile TileID="1955" X="2074" Y="927" Z="0" Hue="0" />
    <Tile TileID="1955" X="2074" Y="926" Z="0" Hue="0" />
    <Tile TileID="1955" X="2074" Y="925" Z="0" Hue="0" />
    <Tile TileID="1955" X="2074" Y="924" Z="0" Hue="0" />
    <Tile TileID="1955" X="2074" Y="923" Z="0" Hue="0" />
    <Tile TileID="1955" X="2074" Y="922" Z="0" Hue="0" />
    <Tile TileID="1955" X="2074" Y="921" Z="0" Hue="0" />
    <Tile TileID="1955" X="2073" Y="931" Z="0" Hue="0" />
    <Tile TileID="1955" X="2073" Y="930" Z="0" Hue="0" />
    <Tile TileID="1955" X="2073" Y="929" Z="0" Hue="0" />
    <Tile TileID="1955" X="2073" Y="928" Z="0" Hue="0" />
    <Tile TileID="1955" X="2073" Y="927" Z="0" Hue="0" />
    <Tile TileID="1955" X="2073" Y="926" Z="0" Hue="0" />
    <Tile TileID="1955" X="2073" Y="925" Z="0" Hue="0" />
    <Tile TileID="1955" X="2073" Y="924" Z="0" Hue="0" />
    <Tile TileID="1955" X="2073" Y="923" Z="0" Hue="0" />
    <Tile TileID="1955" X="2073" Y="922" Z="0" Hue="0" />
    <Tile TileID="1955" X="2073" Y="921" Z="0" Hue="0" />
    <Tile TileID="1956" X="2075" Y="941" Z="0" Hue="0" />
    <Tile TileID="1956" X="2074" Y="941" Z="0" Hue="0" />
    <Tile TileID="1956" X="2073" Y="941" Z="0" Hue="0" />
    <Tile TileID="1956" X="2072" Y="941" Z="0" Hue="0" />
    <Tile TileID="1955" X="2075" Y="940" Z="0" Hue="0" />
    <Tile TileID="1955" X="2075" Y="939" Z="0" Hue="0" />
    <Tile TileID="1955" X="2075" Y="938" Z="0" Hue="0" />
    <Tile TileID="1955" X="2075" Y="937" Z="0" Hue="0" />
    <Tile TileID="1955" X="2075" Y="936" Z="0" Hue="0" />
    <Tile TileID="1955" X="2075" Y="935" Z="0" Hue="0" />
    <Tile TileID="1955" X="2075" Y="934" Z="0" Hue="0" />
    <Tile TileID="1955" X="2075" Y="933" Z="0" Hue="0" />
    <Tile TileID="1955" X="2075" Y="932" Z="0" Hue="0" />
    <Tile TileID="1955" X="2075" Y="931" Z="0" Hue="0" />
    <Tile TileID="1955" X="2074" Y="940" Z="0" Hue="0" />
    <Tile TileID="1955" X="2074" Y="939" Z="0" Hue="0" />
    <Tile TileID="1955" X="2074" Y="938" Z="0" Hue="0" />
    <Tile TileID="1955" X="2074" Y="937" Z="0" Hue="0" />
    <Tile TileID="1955" X="2074" Y="936" Z="0" Hue="0" />
    <Tile TileID="1955" X="2074" Y="935" Z="0" Hue="0" />
    <Tile TileID="1955" X="2074" Y="934" Z="0" Hue="0" />
    <Tile TileID="1955" X="2074" Y="933" Z="0" Hue="0" />
    <Tile TileID="1955" X="2074" Y="932" Z="0" Hue="0" />
    <Tile TileID="1955" X="2074" Y="931" Z="0" Hue="0" />
    <Tile TileID="1955" X="2073" Y="940" Z="0" Hue="0" />
    <Tile TileID="1955" X="2073" Y="939" Z="0" Hue="0" />
    <Tile TileID="1955" X="2073" Y="938" Z="0" Hue="0" />
    <Tile TileID="1955" X="2073" Y="937" Z="0" Hue="0" />
    <Tile TileID="1955" X="2073" Y="936" Z="0" Hue="0" />
    <Tile TileID="1955" X="2073" Y="935" Z="0" Hue="0" />
    <Tile TileID="1955" X="2073" Y="934" Z="0" Hue="0" />
    <Tile TileID="1955" X="2073" Y="933" Z="0" Hue="0" />
    <Tile TileID="1955" X="2073" Y="932" Z="0" Hue="0" />
    <Tile TileID="1955" X="2073" Y="931" Z="0" Hue="0" />
    <Tile TileID="1955" X="2072" Y="940" Z="0" Hue="0" />
    <Tile TileID="1955" X="2072" Y="939" Z="0" Hue="0" />
    <Tile TileID="1955" X="2072" Y="938" Z="0" Hue="0" />
    <Tile TileID="1955" X="2072" Y="937" Z="0" Hue="0" />
    <Tile TileID="1955" X="2072" Y="936" Z="0" Hue="0" />
    <Tile TileID="1955" X="2072" Y="935" Z="0" Hue="0" />
    <Tile TileID="1955" X="2072" Y="934" Z="0" Hue="0" />
    <Tile TileID="1955" X="2072" Y="933" Z="0" Hue="0" />
    <Tile TileID="1955" X="2072" Y="932" Z="0" Hue="0" />
    <Tile TileID="1955" X="2072" Y="931" Z="0" Hue="0" />
    <Tile TileID="1955" X="2050" Y="1101" Z="5" Hue="0" />
    <Tile TileID="1955" X="2048" Y="1101" Z="5" Hue="0" />
    <Tile TileID="1955" X="2046" Y="1101" Z="5" Hue="0" />
    <Tile TileID="1955" X="1945" Y="1058" Z="0" Hue="0" />
    <Tile TileID="1955" X="2044" Y="1101" Z="5" Hue="0" />
    <Tile TileID="1955" X="1944" Y="1058" Z="0" Hue="0" />
    <Tile TileID="1955" X="2040" Y="1101" Z="5" Hue="0" />
    <Tile TileID="1955" X="1962" Y="1061" Z="0" Hue="0" />
    <Tile TileID="1955" X="1961" Y="1063" Z="0" Hue="0" />
    <Tile TileID="1955" X="1961" Y="1062" Z="0" Hue="0" />
    <Tile TileID="1955" X="1961" Y="1061" Z="0" Hue="0" />
    <Tile TileID="1955" X="2034" Y="1101" Z="5" Hue="0" />
    <Tile TileID="1955" X="2032" Y="1101" Z="5" Hue="0" />
    <Tile TileID="1955" X="1960" Y="1063" Z="0" Hue="0" />
    <Tile TileID="1955" X="2028" Y="1101" Z="5" Hue="0" />
    <Tile TileID="1955" X="2026" Y="1101" Z="5" Hue="0" />
    <Tile TileID="1955" X="2024" Y="1101" Z="5" Hue="0" />
    <Tile TileID="1955" X="2056" Y="1104" Z="5" Hue="0" />
    <Tile TileID="1955" X="2054" Y="1104" Z="5" Hue="0" />
    <Tile TileID="1955" X="2052" Y="1104" Z="5" Hue="0" />
    <Tile TileID="1955" X="2050" Y="1104" Z="5" Hue="0" />
    <Tile TileID="1955" X="2048" Y="1104" Z="5" Hue="0" />
    <Tile TileID="1955" X="2046" Y="1104" Z="5" Hue="0" />
    <Tile TileID="1955" X="2044" Y="1104" Z="5" Hue="0" />
    <Tile TileID="1955" X="2042" Y="1104" Z="5" Hue="0" />
    <Tile TileID="1955" X="2040" Y="1104" Z="5" Hue="0" />
    <Tile TileID="1955" X="2038" Y="1104" Z="5" Hue="0" />
    <Tile TileID="1955" X="2036" Y="1104" Z="5" Hue="0" />
    <Tile TileID="1955" X="2034" Y="1104" Z="5" Hue="0" />
    <Tile TileID="1955" X="2032" Y="1104" Z="5" Hue="0" />
    <Tile TileID="1955" X="2030" Y="1104" Z="5" Hue="0" />
    <Tile TileID="1955" X="2028" Y="1104" Z="5" Hue="0" />
    <Tile TileID="1955" X="2026" Y="1104" Z="5" Hue="0" />
    <Tile TileID="1955" X="2024" Y="1104" Z="5" Hue="0" />
    <Tile TileID="1959" X="2023" Y="1104" Z="0" Hue="0" />
    <Tile TileID="1959" X="2023" Y="1103" Z="0" Hue="0" />
    <Tile TileID="1959" X="2023" Y="1102" Z="0" Hue="0" />
    <Tile TileID="1959" X="2023" Y="1101" Z="0" Hue="0" />
    <Tile TileID="1957" X="2057" Y="1104" Z="0" Hue="0" />
    <Tile TileID="1957" X="2057" Y="1103" Z="0" Hue="0" />
    <Tile TileID="1957" X="2057" Y="1102" Z="0" Hue="0" />
    <Tile TileID="1957" X="2057" Y="1101" Z="0" Hue="0" />
    <Tile TileID="1955" X="2056" Y="1104" Z="0" Hue="0" />
    <Tile TileID="1955" X="2055" Y="1104" Z="0" Hue="0" />
    <Tile TileID="1955" X="2054" Y="1104" Z="0" Hue="0" />
    <Tile TileID="1955" X="2053" Y="1104" Z="0" Hue="0" />
    <Tile TileID="1955" X="2052" Y="1104" Z="0" Hue="0" />
    <Tile TileID="1955" X="2051" Y="1104" Z="0" Hue="0" />
    <Tile TileID="1955" X="2050" Y="1104" Z="0" Hue="0" />
    <Tile TileID="1955" X="2049" Y="1104" Z="0" Hue="0" />
    <Tile TileID="1955" X="2048" Y="1104" Z="0" Hue="0" />
    <Tile TileID="1955" X="2047" Y="1104" Z="0" Hue="0" />
    <Tile TileID="1955" X="2046" Y="1104" Z="0" Hue="0" />
    <Tile TileID="1955" X="2045" Y="1104" Z="0" Hue="0" />
    <Tile TileID="1955" X="2044" Y="1104" Z="0" Hue="0" />
    <Tile TileID="1955" X="2043" Y="1104" Z="0" Hue="0" />
    <Tile TileID="1955" X="2042" Y="1104" Z="0" Hue="0" />
    <Tile TileID="1955" X="2041" Y="1104" Z="0" Hue="0" />
    <Tile TileID="1955" X="2040" Y="1104" Z="0" Hue="0" />
    <Tile TileID="1955" X="2039" Y="1104" Z="0" Hue="0" />
    <Tile TileID="1955" X="2038" Y="1104" Z="0" Hue="0" />
    <Tile TileID="1955" X="2037" Y="1104" Z="0" Hue="0" />
    <Tile TileID="1955" X="2036" Y="1104" Z="0" Hue="0" />
    <Tile TileID="1955" X="2035" Y="1104" Z="0" Hue="0" />
    <Tile TileID="1955" X="2034" Y="1104" Z="0" Hue="0" />
    <Tile TileID="1955" X="2033" Y="1104" Z="0" Hue="0" />
    <Tile TileID="1955" X="2032" Y="1104" Z="0" Hue="0" />
    <Tile TileID="1955" X="2031" Y="1104" Z="0" Hue="0" />
    <Tile TileID="1955" X="2030" Y="1104" Z="0" Hue="0" />
    <Tile TileID="1955" X="2029" Y="1104" Z="0" Hue="0" />
    <Tile TileID="1955" X="2028" Y="1104" Z="0" Hue="0" />
    <Tile TileID="1955" X="2027" Y="1104" Z="0" Hue="0" />
    <Tile TileID="1955" X="2026" Y="1104" Z="0" Hue="0" />
    <Tile TileID="1955" X="2025" Y="1104" Z="0" Hue="0" />
    <Tile TileID="1955" X="2024" Y="1104" Z="0" Hue="0" />
    <Tile TileID="1955" X="2056" Y="1103" Z="0" Hue="0" />
    <Tile TileID="1955" X="2056" Y="1102" Z="0" Hue="0" />
    <Tile TileID="1955" X="2056" Y="1101" Z="0" Hue="0" />
    <Tile TileID="1955" X="2055" Y="1102" Z="0" Hue="0" />
    <Tile TileID="1955" X="2055" Y="1101" Z="0" Hue="0" />
    <Tile TileID="1955" X="2054" Y="1102" Z="0" Hue="0" />
    <Tile TileID="1955" X="2054" Y="1101" Z="0" Hue="0" />
    <Tile TileID="1955" X="2053" Y="1102" Z="0" Hue="0" />
    <Tile TileID="1955" X="2053" Y="1101" Z="0" Hue="0" />
    <Tile TileID="1955" X="2052" Y="1102" Z="0" Hue="0" />
    <Tile TileID="1955" X="2052" Y="1101" Z="0" Hue="0" />
    <Tile TileID="1955" X="2051" Y="1102" Z="0" Hue="0" />
    <Tile TileID="1955" X="2051" Y="1101" Z="0" Hue="0" />
    <Tile TileID="1955" X="2050" Y="1102" Z="0" Hue="0" />
    <Tile TileID="1955" X="2050" Y="1101" Z="0" Hue="0" />
    <Tile TileID="1955" X="2049" Y="1102" Z="0" Hue="0" />
    <Tile TileID="1955" X="2049" Y="1101" Z="0" Hue="0" />
    <Tile TileID="1955" X="2048" Y="1102" Z="0" Hue="0" />
    <Tile TileID="1955" X="2048" Y="1101" Z="0" Hue="0" />
    <Tile TileID="1955" X="2055" Y="1103" Z="0" Hue="0" />
    <Tile TileID="1955" X="2054" Y="1103" Z="0" Hue="0" />
    <Tile TileID="1955" X="2053" Y="1103" Z="0" Hue="0" />
    <Tile TileID="1955" X="2052" Y="1103" Z="0" Hue="0" />
    <Tile TileID="1955" X="2051" Y="1103" Z="0" Hue="0" />
    <Tile TileID="1955" X="2050" Y="1103" Z="0" Hue="0" />
    <Tile TileID="1955" X="2049" Y="1103" Z="0" Hue="0" />
    <Tile TileID="1955" X="2048" Y="1103" Z="0" Hue="0" />
    <Tile TileID="1955" X="2047" Y="1103" Z="0" Hue="0" />
    <Tile TileID="1955" X="2047" Y="1103" Z="0" Hue="0" />
    <Tile TileID="1955" X="2046" Y="1103" Z="0" Hue="0" />
    <Tile TileID="1955" X="2045" Y="1103" Z="0" Hue="0" />
    <Tile TileID="1955" X="2044" Y="1103" Z="0" Hue="0" />
    <Tile TileID="1955" X="2043" Y="1103" Z="0" Hue="0" />
    <Tile TileID="1955" X="2048" Y="1102" Z="0" Hue="0" />
    <Tile TileID="1955" X="2042" Y="1101" Z="0" Hue="0" />
    <Tile TileID="1955" X="2038" Y="1103" Z="0" Hue="0" />
    <Tile TileID="1955" X="2037" Y="1103" Z="0" Hue="0" />
    <Tile TileID="1955" X="2036" Y="1103" Z="0" Hue="0" />
    <Tile TileID="1955" X="2035" Y="1103" Z="0" Hue="0" />
    <Tile TileID="1955" X="2034" Y="1103" Z="0" Hue="0" />
    <Tile TileID="1955" X="2042" Y="1102" Z="0" Hue="0" />
    <Tile TileID="1955" X="2042" Y="1101" Z="0" Hue="0" />
    <Tile TileID="1955" X="2041" Y="1102" Z="0" Hue="0" />
    <Tile TileID="1955" X="2041" Y="1101" Z="0" Hue="0" />
    <Tile TileID="1955" X="2040" Y="1102" Z="0" Hue="0" />
    <Tile TileID="1955" X="2039" Y="1101" Z="0" Hue="0" />
    <Tile TileID="1955" X="2038" Y="1102" Z="0" Hue="0" />
    <Tile TileID="1955" X="2038" Y="1101" Z="0" Hue="0" />
    <Tile TileID="1955" X="2037" Y="1102" Z="0" Hue="0" />
    <Tile TileID="1955" X="2037" Y="1101" Z="0" Hue="0" />
    <Tile TileID="1955" X="2036" Y="1102" Z="0" Hue="0" />
    <Tile TileID="1955" X="2036" Y="1101" Z="0" Hue="0" />
    <Tile TileID="1955" X="2035" Y="1102" Z="0" Hue="0" />
    <Tile TileID="1955" X="2035" Y="1101" Z="0" Hue="0" />
    <Tile TileID="1955" X="2034" Y="1102" Z="0" Hue="0" />
    <Tile TileID="1955" X="2034" Y="1101" Z="0" Hue="0" />
    <Tile TileID="1955" X="2033" Y="1102" Z="0" Hue="0" />
    <Tile TileID="1955" X="2033" Y="1101" Z="0" Hue="0" />
    <Tile TileID="1955" X="2033" Y="1103" Z="0" Hue="0" />
    <Tile TileID="1955" X="2033" Y="1102" Z="0" Hue="0" />
    <Tile TileID="1955" X="2033" Y="1101" Z="0" Hue="0" />
    <Tile TileID="1955" X="2032" Y="1103" Z="0" Hue="0" />
    <Tile TileID="1955" X="2032" Y="1102" Z="0" Hue="0" />
    <Tile TileID="1955" X="2032" Y="1101" Z="0" Hue="0" />
    <Tile TileID="1955" X="2031" Y="1103" Z="0" Hue="0" />
    <Tile TileID="1955" X="2031" Y="1102" Z="0" Hue="0" />
    <Tile TileID="1955" X="2031" Y="1101" Z="0" Hue="0" />
    <Tile TileID="1955" X="2030" Y="1103" Z="0" Hue="0" />
    <Tile TileID="1955" X="2030" Y="1102" Z="0" Hue="0" />
    <Tile TileID="1955" X="2030" Y="1101" Z="0" Hue="0" />
    <Tile TileID="1955" X="2029" Y="1103" Z="0" Hue="0" />
    <Tile TileID="1955" X="2029" Y="1102" Z="0" Hue="0" />
    <Tile TileID="1955" X="2029" Y="1101" Z="0" Hue="0" />
    <Tile TileID="1955" X="2028" Y="1103" Z="0" Hue="0" />
    <Tile TileID="1955" X="2028" Y="1102" Z="0" Hue="0" />
    <Tile TileID="1955" X="2028" Y="1101" Z="0" Hue="0" />
    <Tile TileID="1955" X="2027" Y="1103" Z="0" Hue="0" />
    <Tile TileID="1955" X="2027" Y="1102" Z="0" Hue="0" />
    <Tile TileID="1955" X="2027" Y="1101" Z="0" Hue="0" />
    <Tile TileID="1955" X="2026" Y="1103" Z="0" Hue="0" />
    <Tile TileID="1955" X="2026" Y="1102" Z="0" Hue="0" />
    <Tile TileID="1955" X="2026" Y="1101" Z="0" Hue="0" />
    <Tile TileID="1955" X="2025" Y="1103" Z="0" Hue="0" />
    <Tile TileID="1955" X="2025" Y="1102" Z="0" Hue="0" />
    <Tile TileID="1955" X="2025" Y="1101" Z="0" Hue="0" />
    <Tile TileID="1955" X="2024" Y="1103" Z="0" Hue="0" />
    <Tile TileID="1955" X="2024" Y="1102" Z="0" Hue="0" />
    <Tile TileID="1955" X="2024" Y="1101" Z="0" Hue="0" />
    <Tile TileID="1955" X="1904" Y="1116" Z="5" Hue="0" />
    <Tile TileID="1955" X="1904" Y="1114" Z="5" Hue="0" />
    <Tile TileID="1955" X="1904" Y="1112" Z="5" Hue="0" />
    <Tile TileID="1955" X="1904" Y="1110" Z="5" Hue="0" />
    <Tile TileID="1955" X="1904" Y="1108" Z="5" Hue="0" />
    <Tile TileID="1955" X="1903" Y="1107" Z="5" Hue="0" />
    <Tile TileID="1955" X="1901" Y="1107" Z="5" Hue="0" />
    <Tile TileID="1955" X="1900" Y="1106" Z="5" Hue="0" />
    <Tile TileID="1955" X="2152" Y="789" Z="0" Hue="0" />
    <Tile TileID="1955" X="1900" Y="1104" Z="5" Hue="0" />
    <Tile TileID="1955" X="1900" Y="1102" Z="5" Hue="0" />
    <Tile TileID="1955" X="1900" Y="1110" Z="5" Hue="0" />
    <Tile TileID="1955" X="1898" Y="1110" Z="5" Hue="0" />
    <Tile TileID="1955" X="1897" Y="1109" Z="5" Hue="0" />
    <Tile TileID="1955" X="1897" Y="1107" Z="5" Hue="0" />
    <Tile TileID="1955" X="1897" Y="1105" Z="5" Hue="0" />
    <Tile TileID="1955" X="1901" Y="1119" Z="5" Hue="0" />
    <Tile TileID="1955" X="1901" Y="1117" Z="5" Hue="0" />
    <Tile TileID="1955" X="1901" Y="1115" Z="5" Hue="0" />
    <Tile TileID="1955" X="1901" Y="1113" Z="5" Hue="0" />
    <Tile TileID="1955" X="1901" Y="1111" Z="5" Hue="0" />
    <Tile TileID="1961" X="1905" Y="1120" Z="0" Hue="0" />
    <Tile TileID="1960" X="1896" Y="1101" Z="0" Hue="0" />
    <Tile TileID="1959" X="1896" Y="1104" Z="0" Hue="0" />
    <Tile TileID="1959" X="1896" Y="1103" Z="0" Hue="0" />
    <Tile TileID="1959" X="1896" Y="1102" Z="0" Hue="0" />
    <Tile TileID="1958" X="1899" Y="1101" Z="0" Hue="0" />
    <Tile TileID="1958" X="1898" Y="1101" Z="0" Hue="0" />
    <Tile TileID="1958" X="1897" Y="1101" Z="0" Hue="0" />
    <Tile TileID="1957" X="1905" Y="1119" Z="0" Hue="0" />
    <Tile TileID="1957" X="1905" Y="1118" Z="0" Hue="0" />
    <Tile TileID="1956" X="1903" Y="1120" Z="0" Hue="0" />
    <Tile TileID="1956" X="1902" Y="1120" Z="0" Hue="0" />
    <Tile TileID="1956" X="1901" Y="1120" Z="0" Hue="0" />
    <Tile TileID="1955" X="1900" Y="1106" Z="0" Hue="0" />
    <Tile TileID="1955" X="1900" Y="1105" Z="0" Hue="0" />
    <Tile TileID="1955" X="1900" Y="1104" Z="0" Hue="0" />
    <Tile TileID="1955" X="1900" Y="1103" Z="0" Hue="0" />
    <Tile TileID="1955" X="1900" Y="1102" Z="0" Hue="0" />
    <Tile TileID="1955" X="1899" Y="1106" Z="0" Hue="0" />
    <Tile TileID="1955" X="1899" Y="1105" Z="0" Hue="0" />
    <Tile TileID="1955" X="1899" Y="1104" Z="0" Hue="0" />
    <Tile TileID="1955" X="1899" Y="1103" Z="0" Hue="0" />
    <Tile TileID="1955" X="1899" Y="1102" Z="0" Hue="0" />
    <Tile TileID="1955" X="1898" Y="1106" Z="0" Hue="0" />
    <Tile TileID="1955" X="1898" Y="1105" Z="0" Hue="0" />
    <Tile TileID="1955" X="1898" Y="1104" Z="0" Hue="0" />
    <Tile TileID="1955" X="1898" Y="1103" Z="0" Hue="0" />
    <Tile TileID="1955" X="1898" Y="1102" Z="0" Hue="0" />
    <Tile TileID="1955" X="1897" Y="1106" Z="0" Hue="0" />
    <Tile TileID="1955" X="1897" Y="1105" Z="0" Hue="0" />
    <Tile TileID="1955" X="1897" Y="1104" Z="0" Hue="0" />
    <Tile TileID="1955" X="1897" Y="1103" Z="0" Hue="0" />
    <Tile TileID="1955" X="1897" Y="1102" Z="0" Hue="0" />
    <Tile TileID="1955" X="1904" Y="1119" Z="0" Hue="0" />
    <Tile TileID="1955" X="1904" Y="1118" Z="0" Hue="0" />
    <Tile TileID="1955" X="1904" Y="1117" Z="0" Hue="0" />
    <Tile TileID="1955" X="1904" Y="1116" Z="0" Hue="0" />
    <Tile TileID="1955" X="1904" Y="1115" Z="0" Hue="0" />
    <Tile TileID="1955" X="1904" Y="1114" Z="0" Hue="0" />
    <Tile TileID="1955" X="1904" Y="1113" Z="0" Hue="0" />
    <Tile TileID="1955" X="1904" Y="1112" Z="0" Hue="0" />
    <Tile TileID="1955" X="1904" Y="1111" Z="0" Hue="0" />
    <Tile TileID="1955" X="1904" Y="1108" Z="0" Hue="0" />
    <Tile TileID="1955" X="1904" Y="1107" Z="0" Hue="0" />
    <Tile TileID="1955" X="1903" Y="1119" Z="0" Hue="0" />
    <Tile TileID="1955" X="1903" Y="1118" Z="0" Hue="0" />
    <Tile TileID="1955" X="1903" Y="1117" Z="0" Hue="0" />
    <Tile TileID="1955" X="1903" Y="1116" Z="0" Hue="0" />
    <Tile TileID="1955" X="1903" Y="1115" Z="0" Hue="0" />
    <Tile TileID="1955" X="1903" Y="1114" Z="0" Hue="0" />
    <Tile TileID="1955" X="1903" Y="1113" Z="0" Hue="0" />
    <Tile TileID="1955" X="1903" Y="1112" Z="0" Hue="0" />
    <Tile TileID="1955" X="1903" Y="1111" Z="0" Hue="0" />
    <Tile TileID="1955" X="1903" Y="1109" Z="0" Hue="0" />
    <Tile TileID="1955" X="1902" Y="1118" Z="0" Hue="0" />
    <Tile TileID="1955" X="1902" Y="1117" Z="0" Hue="0" />
    <Tile TileID="1955" X="1902" Y="1116" Z="0" Hue="0" />
    <Tile TileID="1955" X="1902" Y="1115" Z="0" Hue="0" />
    <Tile TileID="1955" X="1902" Y="1114" Z="0" Hue="0" />
    <Tile TileID="1955" X="1902" Y="1113" Z="0" Hue="0" />
    <Tile TileID="1955" X="1902" Y="1112" Z="0" Hue="0" />
    <Tile TileID="1955" X="1902" Y="1111" Z="0" Hue="0" />
    <Tile TileID="1955" X="1902" Y="1110" Z="0" Hue="0" />
    <Tile TileID="1955" X="1902" Y="1109" Z="0" Hue="0" />
    <Tile TileID="1955" X="1902" Y="1108" Z="0" Hue="0" />
    <Tile TileID="1955" X="1902" Y="1107" Z="0" Hue="0" />
    <Tile TileID="1955" X="1901" Y="1119" Z="0" Hue="0" />
    <Tile TileID="1955" X="1901" Y="1118" Z="0" Hue="0" />
    <Tile TileID="1955" X="1901" Y="1117" Z="0" Hue="0" />
    <Tile TileID="1955" X="1901" Y="1116" Z="0" Hue="0" />
    <Tile TileID="1955" X="1901" Y="1115" Z="0" Hue="0" />
    <Tile TileID="1955" X="1901" Y="1114" Z="0" Hue="0" />
    <Tile TileID="1955" X="1901" Y="1113" Z="0" Hue="0" />
    <Tile TileID="1955" X="1901" Y="1112" Z="0" Hue="0" />
    <Tile TileID="1955" X="1901" Y="1111" Z="0" Hue="0" />
    <Tile TileID="1955" X="1901" Y="1110" Z="0" Hue="0" />
    <Tile TileID="1955" X="1901" Y="1109" Z="0" Hue="0" />
    <Tile TileID="1955" X="1901" Y="1108" Z="0" Hue="0" />
    <Tile TileID="1955" X="1901" Y="1107" Z="0" Hue="0" />
    <Tile TileID="1955" X="1900" Y="1110" Z="0" Hue="0" />
    <Tile TileID="1955" X="1900" Y="1109" Z="0" Hue="0" />
    <Tile TileID="1955" X="1900" Y="1108" Z="0" Hue="0" />
    <Tile TileID="1955" X="1900" Y="1107" Z="0" Hue="0" />
    <Tile TileID="1955" X="2152" Y="911" Z="0" Hue="0" />
    <Tile TileID="1955" X="2153" Y="921" Z="0" Hue="0" />
    <Tile TileID="1955" X="1899" Y="1110" Z="0" Hue="0" />
    <Tile TileID="1955" X="1899" Y="1109" Z="0" Hue="0" />
    <Tile TileID="1955" X="1898" Y="1108" Z="0" Hue="0" />
    <Tile TileID="1955" X="1898" Y="1107" Z="0" Hue="0" />
    <Tile TileID="1955" X="2075" Y="933" Z="5" Hue="0" />
    <Tile TileID="1955" X="1897" Y="1110" Z="0" Hue="0" />
    <Tile TileID="1955" X="1897" Y="1109" Z="0" Hue="0" />
    <Tile TileID="1955" X="1897" Y="1108" Z="0" Hue="0" />
    <Tile TileID="1955" X="1958" Y="1064" Z="5" Hue="0" />
    <Tile TileID="1955" X="1956" Y="1064" Z="5" Hue="0" />
    <Tile TileID="1955" X="1955" Y="1063" Z="5" Hue="0" />
    <Tile TileID="1955" X="1955" Y="1061" Z="5" Hue="0" />
    <Tile TileID="1955" X="1958" Y="1061" Z="5" Hue="0" />
    <Tile TileID="1955" X="1958" Y="1059" Z="5" Hue="0" />
    <Tile TileID="1955" X="1954" Y="1060" Z="5" Hue="0" />
    <Tile TileID="1955" X="1952" Y="1060" Z="5" Hue="0" />
    <Tile TileID="1955" X="1950" Y="1060" Z="5" Hue="0" />
    <Tile TileID="1955" X="1948" Y="1060" Z="5" Hue="0" />
    <Tile TileID="1955" X="1946" Y="1060" Z="5" Hue="0" />
    <Tile TileID="1955" X="1944" Y="1060" Z="5" Hue="0" />
    <Tile TileID="1955" X="1958" Y="1057" Z="5" Hue="0" />
    <Tile TileID="1955" X="1956" Y="1057" Z="5" Hue="0" />
    <Tile TileID="1955" X="1954" Y="1057" Z="5" Hue="0" />
    <Tile TileID="1955" X="1952" Y="1057" Z="5" Hue="0" />
    <Tile TileID="1955" X="1950" Y="1057" Z="5" Hue="0" />
    <Tile TileID="1955" X="1948" Y="1057" Z="5" Hue="0" />
    <Tile TileID="1955" X="1946" Y="1057" Z="5" Hue="0" />
    <Tile TileID="1955" X="1944" Y="1057" Z="5" Hue="0" />
    <Tile TileID="1959" X="1943" Y="1060" Z="0" Hue="0" />
    <Tile TileID="1959" X="1943" Y="1059" Z="0" Hue="0" />
    <Tile TileID="1959" X="1943" Y="1058" Z="0" Hue="0" />
    <Tile TileID="1959" X="1943" Y="1057" Z="0" Hue="0" />
    <Tile TileID="1962" X="1963" Y="1061" Z="0" Hue="0" />
    <Tile TileID="1961" X="1963" Y="1065" Z="0" Hue="0" />
    <Tile TileID="1957" X="1963" Y="1064" Z="0" Hue="0" />
    <Tile TileID="1957" X="1963" Y="1063" Z="0" Hue="0" />
    <Tile TileID="1957" X="1963" Y="1062" Z="0" Hue="0" />
    <Tile TileID="1956" X="1962" Y="1065" Z="0" Hue="0" />
    <Tile TileID="1956" X="1960" Y="1065" Z="0" Hue="0" />
    <Tile TileID="1955" X="1962" Y="1064" Z="0" Hue="0" />
    <Tile TileID="1955" X="1961" Y="1064" Z="0" Hue="0" />
    <Tile TileID="1955" X="1960" Y="1064" Z="0" Hue="0" />
    <Tile TileID="1955" X="1959" Y="1064" Z="0" Hue="0" />
    <Tile TileID="1955" X="1958" Y="1064" Z="0" Hue="0" />
    <Tile TileID="1955" X="1957" Y="1064" Z="0" Hue="0" />
    <Tile TileID="1955" X="1956" Y="1064" Z="0" Hue="0" />
    <Tile TileID="1955" X="1955" Y="1064" Z="0" Hue="0" />
    <Tile TileID="1955" X="1962" Y="1063" Z="0" Hue="0" />
    <Tile TileID="1955" X="1944" Y="1060" Z="0" Hue="0" />
    <Tile TileID="1955" X="1944" Y="1059" Z="0" Hue="0" />
    <Tile TileID="1955" X="1958" Y="1060" Z="0" Hue="0" />
    <Tile TileID="1955" X="1958" Y="1059" Z="0" Hue="0" />
    <Tile TileID="1955" X="1957" Y="1060" Z="0" Hue="0" />
    <Tile TileID="1955" X="1957" Y="1059" Z="0" Hue="0" />
    <Tile TileID="1955" X="1956" Y="1060" Z="0" Hue="0" />
    <Tile TileID="1955" X="1956" Y="1059" Z="0" Hue="0" />
    <Tile TileID="1955" X="1955" Y="1060" Z="0" Hue="0" />
    <Tile TileID="1955" X="1955" Y="1059" Z="0" Hue="0" />
    <Tile TileID="1955" X="1954" Y="1060" Z="0" Hue="0" />
    <Tile TileID="1955" X="1954" Y="1059" Z="0" Hue="0" />
    <Tile TileID="1955" X="1953" Y="1060" Z="0" Hue="0" />
    <Tile TileID="1955" X="1953" Y="1059" Z="0" Hue="0" />
    <Tile TileID="1955" X="1952" Y="1060" Z="0" Hue="0" />
    <Tile TileID="1955" X="1952" Y="1059" Z="0" Hue="0" />
    <Tile TileID="1955" X="1951" Y="1060" Z="0" Hue="0" />
    <Tile TileID="1955" X="1951" Y="1059" Z="0" Hue="0" />
    <Tile TileID="1955" X="1950" Y="1060" Z="0" Hue="0" />
    <Tile TileID="1955" X="1950" Y="1059" Z="0" Hue="0" />
    <Tile TileID="1955" X="1949" Y="1060" Z="0" Hue="0" />
    <Tile TileID="1955" X="1949" Y="1059" Z="0" Hue="0" />
    <Tile TileID="1955" X="1948" Y="1060" Z="0" Hue="0" />
    <Tile TileID="1955" X="1948" Y="1059" Z="0" Hue="0" />
    <Tile TileID="1955" X="1947" Y="1060" Z="0" Hue="0" />
    <Tile TileID="1955" X="1947" Y="1059" Z="0" Hue="0" />
    <Tile TileID="1955" X="1946" Y="1060" Z="0" Hue="0" />
    <Tile TileID="1955" X="1946" Y="1059" Z="0" Hue="0" />
    <Tile TileID="1955" X="1945" Y="1060" Z="0" Hue="0" />
    <Tile TileID="1955" X="1945" Y="1059" Z="0" Hue="0" />
    <Tile TileID="1955" X="1958" Y="1058" Z="0" Hue="0" />
    <Tile TileID="1955" X="1958" Y="1057" Z="0" Hue="0" />
    <Tile TileID="1955" X="1957" Y="1058" Z="0" Hue="0" />
    <Tile TileID="1955" X="1957" Y="1057" Z="0" Hue="0" />
    <Tile TileID="1955" X="1956" Y="1058" Z="0" Hue="0" />
    <Tile TileID="1955" X="1956" Y="1057" Z="0" Hue="0" />
    <Tile TileID="1955" X="1955" Y="1058" Z="0" Hue="0" />
    <Tile TileID="1955" X="1955" Y="1057" Z="0" Hue="0" />
    <Tile TileID="1955" X="1954" Y="1058" Z="0" Hue="0" />
    <Tile TileID="1955" X="1954" Y="1057" Z="0" Hue="0" />
    <Tile TileID="1955" X="1953" Y="1058" Z="0" Hue="0" />
    <Tile TileID="1955" X="1953" Y="1057" Z="0" Hue="0" />
    <Tile TileID="1955" X="1952" Y="1058" Z="0" Hue="0" />
    <Tile TileID="1955" X="1952" Y="1057" Z="0" Hue="0" />
    <Tile TileID="1955" X="1951" Y="1058" Z="0" Hue="0" />
    <Tile TileID="1955" X="1951" Y="1057" Z="0" Hue="0" />
    <Tile TileID="1955" X="1950" Y="1058" Z="0" Hue="0" />
    <Tile TileID="1955" X="1950" Y="1057" Z="0" Hue="0" />
    <Tile TileID="1955" X="1949" Y="1058" Z="0" Hue="0" />
    <Tile TileID="1955" X="1949" Y="1057" Z="0" Hue="0" />
    <Tile TileID="1955" X="1948" Y="1058" Z="0" Hue="0" />
    <Tile TileID="1955" X="1948" Y="1057" Z="0" Hue="0" />
    <Tile TileID="1955" X="1947" Y="1058" Z="0" Hue="0" />
    <Tile TileID="1955" X="1947" Y="1057" Z="0" Hue="0" />
    <Tile TileID="1955" X="1946" Y="1058" Z="0" Hue="0" />
    <Tile TileID="1955" X="1946" Y="1057" Z="0" Hue="0" />
    <Tile TileID="1955" X="1945" Y="1057" Z="0" Hue="0" />
    <Tile TileID="1955" X="1960" Y="1062" Z="0" Hue="0" />
    <Tile TileID="1955" X="1959" Y="1063" Z="0" Hue="0" />
    <Tile TileID="1955" X="1959" Y="1062" Z="0" Hue="0" />
    <Tile TileID="1955" X="1959" Y="1061" Z="0" Hue="0" />
    <Tile TileID="1955" X="1958" Y="1063" Z="0" Hue="0" />
    <Tile TileID="1955" X="1958" Y="1062" Z="0" Hue="0" />
    <Tile TileID="1955" X="1958" Y="1061" Z="0" Hue="0" />
    <Tile TileID="1955" X="1958" Y="1060" Z="0" Hue="0" />
    <Tile TileID="1955" X="1957" Y="1063" Z="0" Hue="0" />
    <Tile TileID="1955" X="1957" Y="1060" Z="0" Hue="0" />
    <Tile TileID="1955" X="1956" Y="1063" Z="0" Hue="0" />
    <Tile TileID="1955" X="1956" Y="1062" Z="0" Hue="0" />
    <Tile TileID="1955" X="1956" Y="1061" Z="0" Hue="0" />
    <Tile TileID="1955" X="1956" Y="1060" Z="0" Hue="0" />
    <Tile TileID="1955" X="1955" Y="1063" Z="0" Hue="0" />
    <Tile TileID="1955" X="1955" Y="1062" Z="0" Hue="0" />
    <Tile TileID="1955" X="1955" Y="1061" Z="0" Hue="0" />
    <Tile TileID="1955" X="1955" Y="1060" Z="0" Hue="0" />
    <Tile TileID="1955" X="1958" Y="1060" Z="0" Hue="0" />
    <Tile TileID="1955" X="1957" Y="1060" Z="0" Hue="0" />
    <Tile TileID="1955" X="1956" Y="1060" Z="0" Hue="0" />
    <Tile TileID="1955" X="1955" Y="1060" Z="0" Hue="0" />
    <Tile TileID="1955" X="1954" Y="1060" Z="0" Hue="0" />
    <Tile TileID="1955" X="1953" Y="1060" Z="0" Hue="0" />
    <Tile TileID="1955" X="1952" Y="1060" Z="0" Hue="0" />
    <Tile TileID="1955" X="1951" Y="1060" Z="0" Hue="0" />
    <Tile TileID="1955" X="1950" Y="1060" Z="0" Hue="0" />
    <Tile TileID="1955" X="1949" Y="1060" Z="0" Hue="0" />
    <Tile TileID="1955" X="1947" Y="1060" Z="0" Hue="0" />
    <Tile TileID="1955" X="1946" Y="1060" Z="0" Hue="0" />
    <Tile TileID="1955" X="1945" Y="1060" Z="0" Hue="0" />
    <Tile TileID="1955" X="1926" Y="960" Z="5" Hue="0" />
    <Tile TileID="1955" X="1926" Y="958" Z="5" Hue="0" />
    <Tile TileID="1955" X="1926" Y="956" Z="5" Hue="0" />
    <Tile TileID="1955" X="1926" Y="954" Z="5" Hue="0" />
    <Tile TileID="1955" X="1926" Y="952" Z="5" Hue="0" />
    <Tile TileID="1955" X="1926" Y="950" Z="5" Hue="0" />
    <Tile TileID="1955" X="1926" Y="948" Z="5" Hue="0" />
    <Tile TileID="1955" X="1926" Y="946" Z="5" Hue="0" />
    <Tile TileID="1955" X="1926" Y="944" Z="5" Hue="0" />
    <Tile TileID="1955" X="1926" Y="942" Z="5" Hue="0" />
    <Tile TileID="1955" X="1926" Y="940" Z="5" Hue="0" />
    <Tile TileID="1955" X="1926" Y="938" Z="5" Hue="0" />
    <Tile TileID="1955" X="1926" Y="936" Z="5" Hue="0" />
    <Tile TileID="1955" X="1926" Y="934" Z="5" Hue="0" />
    <Tile TileID="1955" X="1926" Y="932" Z="5" Hue="0" />
    <Tile TileID="1955" X="1923" Y="960" Z="5" Hue="0" />
    <Tile TileID="1955" X="1923" Y="958" Z="5" Hue="0" />
    <Tile TileID="1955" X="1923" Y="956" Z="5" Hue="0" />
    <Tile TileID="1955" X="1923" Y="954" Z="5" Hue="0" />
    <Tile TileID="1955" X="1923" Y="952" Z="5" Hue="0" />
    <Tile TileID="1955" X="1923" Y="950" Z="5" Hue="0" />
    <Tile TileID="1955" X="1923" Y="948" Z="5" Hue="0" />
    <Tile TileID="1955" X="1923" Y="946" Z="5" Hue="0" />
    <Tile TileID="1955" X="1923" Y="944" Z="5" Hue="0" />
    <Tile TileID="1955" X="1923" Y="942" Z="5" Hue="0" />
    <Tile TileID="1955" X="1923" Y="940" Z="5" Hue="0" />
    <Tile TileID="1955" X="1923" Y="938" Z="5" Hue="0" />
    <Tile TileID="1955" X="1923" Y="936" Z="5" Hue="0" />
    <Tile TileID="1955" X="1923" Y="934" Z="5" Hue="0" />
    <Tile TileID="1955" X="1923" Y="932" Z="5" Hue="0" />
    <Tile TileID="1956" X="1926" Y="961" Z="0" Hue="0" />
    <Tile TileID="1956" X="1925" Y="961" Z="0" Hue="0" />
    <Tile TileID="1956" X="1924" Y="961" Z="0" Hue="0" />
    <Tile TileID="1956" X="1923" Y="961" Z="0" Hue="0" />
    <Tile TileID="1958" X="1926" Y="931" Z="0" Hue="0" />
    <Tile TileID="1958" X="1925" Y="931" Z="0" Hue="0" />
    <Tile TileID="1958" X="1924" Y="931" Z="0" Hue="0" />
    <Tile TileID="1958" X="1923" Y="931" Z="0" Hue="0" />
    <Tile TileID="1955" X="1926" Y="937" Z="0" Hue="0" />
    <Tile TileID="1955" X="1926" Y="936" Z="0" Hue="0" />
    <Tile TileID="1955" X="1926" Y="935" Z="0" Hue="0" />
    <Tile TileID="1955" X="1926" Y="934" Z="0" Hue="0" />
    <Tile TileID="1955" X="1926" Y="933" Z="0" Hue="0" />
    <Tile TileID="1955" X="1926" Y="932" Z="0" Hue="0" />
    <Tile TileID="1955" X="1925" Y="937" Z="0" Hue="0" />
    <Tile TileID="1955" X="1925" Y="936" Z="0" Hue="0" />
    <Tile TileID="1955" X="1925" Y="935" Z="0" Hue="0" />
    <Tile TileID="1955" X="1925" Y="934" Z="0" Hue="0" />
    <Tile TileID="1955" X="1925" Y="933" Z="0" Hue="0" />
    <Tile TileID="1955" X="1925" Y="932" Z="0" Hue="0" />
    <Tile TileID="1955" X="1924" Y="937" Z="0" Hue="0" />
    <Tile TileID="1955" X="1924" Y="936" Z="0" Hue="0" />
    <Tile TileID="1955" X="1924" Y="935" Z="0" Hue="0" />
    <Tile TileID="1955" X="1924" Y="934" Z="0" Hue="0" />
    <Tile TileID="1955" X="1924" Y="933" Z="0" Hue="0" />
    <Tile TileID="1955" X="1924" Y="932" Z="0" Hue="0" />
    <Tile TileID="1955" X="1923" Y="937" Z="0" Hue="0" />
    <Tile TileID="1955" X="1923" Y="936" Z="0" Hue="0" />
    <Tile TileID="1955" X="1923" Y="935" Z="0" Hue="0" />
    <Tile TileID="1955" X="1923" Y="934" Z="0" Hue="0" />
    <Tile TileID="1955" X="1923" Y="933" Z="0" Hue="0" />
    <Tile TileID="1955" X="1923" Y="932" Z="0" Hue="0" />
    <Tile TileID="1955" X="1926" Y="948" Z="0" Hue="0" />
    <Tile TileID="1955" X="1926" Y="947" Z="0" Hue="0" />
    <Tile TileID="1955" X="1926" Y="946" Z="0" Hue="0" />
    <Tile TileID="1955" X="1926" Y="945" Z="0" Hue="0" />
    <Tile TileID="1955" X="1926" Y="944" Z="0" Hue="0" />
    <Tile TileID="1955" X="1926" Y="943" Z="0" Hue="0" />
    <Tile TileID="1955" X="1926" Y="942" Z="0" Hue="0" />
    <Tile TileID="1955" X="1926" Y="941" Z="0" Hue="0" />
    <Tile TileID="1955" X="1926" Y="940" Z="0" Hue="0" />
    <Tile TileID="1955" X="1926" Y="939" Z="0" Hue="0" />
    <Tile TileID="1955" X="1926" Y="938" Z="0" Hue="0" />
    <Tile TileID="1955" X="1926" Y="937" Z="0" Hue="0" />
    <Tile TileID="1955" X="1925" Y="948" Z="0" Hue="0" />
    <Tile TileID="1955" X="1925" Y="947" Z="0" Hue="0" />
    <Tile TileID="1955" X="1925" Y="946" Z="0" Hue="0" />
    <Tile TileID="1955" X="1925" Y="945" Z="0" Hue="0" />
    <Tile TileID="1955" X="1925" Y="944" Z="0" Hue="0" />
    <Tile TileID="1955" X="1925" Y="943" Z="0" Hue="0" />
    <Tile TileID="1955" X="1925" Y="942" Z="0" Hue="0" />
    <Tile TileID="1955" X="1925" Y="941" Z="0" Hue="0" />
    <Tile TileID="1955" X="1925" Y="940" Z="0" Hue="0" />
    <Tile TileID="1955" X="1925" Y="937" Z="0" Hue="0" />
    <Tile TileID="1955" X="1924" Y="948" Z="0" Hue="0" />
    <Tile TileID="1955" X="1924" Y="947" Z="0" Hue="0" />
    <Tile TileID="1955" X="1924" Y="946" Z="0" Hue="0" />
    <Tile TileID="1955" X="1924" Y="945" Z="0" Hue="0" />
    <Tile TileID="1955" X="1924" Y="943" Z="0" Hue="0" />
    <Tile TileID="1955" X="1924" Y="941" Z="0" Hue="0" />
    <Tile TileID="1955" X="1924" Y="940" Z="0" Hue="0" />
    <Tile TileID="1955" X="1924" Y="939" Z="0" Hue="0" />
    <Tile TileID="1955" X="1924" Y="938" Z="0" Hue="0" />
    <Tile TileID="1955" X="1924" Y="937" Z="0" Hue="0" />
    <Tile TileID="1955" X="1923" Y="948" Z="0" Hue="0" />
    <Tile TileID="1955" X="1923" Y="947" Z="0" Hue="0" />
    <Tile TileID="1955" X="1923" Y="946" Z="0" Hue="0" />
    <Tile TileID="1955" X="1923" Y="945" Z="0" Hue="0" />
    <Tile TileID="1955" X="1923" Y="944" Z="0" Hue="0" />
    <Tile TileID="1955" X="1923" Y="943" Z="0" Hue="0" />
    <Tile TileID="1955" X="1923" Y="942" Z="0" Hue="0" />
    <Tile TileID="1955" X="1923" Y="941" Z="0" Hue="0" />
    <Tile TileID="1955" X="1923" Y="940" Z="0" Hue="0" />
    <Tile TileID="1955" X="1923" Y="939" Z="0" Hue="0" />
    <Tile TileID="1955" X="1923" Y="938" Z="0" Hue="0" />
    <Tile TileID="1955" X="1923" Y="937" Z="0" Hue="0" />
    <Tile TileID="1955" X="1926" Y="959" Z="0" Hue="0" />
    <Tile TileID="1955" X="1926" Y="956" Z="0" Hue="0" />
    <Tile TileID="1955" X="1926" Y="953" Z="0" Hue="0" />
    <Tile TileID="1955" X="1926" Y="951" Z="0" Hue="0" />
    <Tile TileID="1955" X="1926" Y="949" Z="0" Hue="0" />
    <Tile TileID="1955" X="1925" Y="960" Z="0" Hue="0" />
    <Tile TileID="1955" X="1925" Y="959" Z="0" Hue="0" />
    <Tile TileID="1955" X="1925" Y="958" Z="0" Hue="0" />
    <Tile TileID="1955" X="1925" Y="956" Z="0" Hue="0" />
    <Tile TileID="1955" X="1925" Y="954" Z="0" Hue="0" />
    <Tile TileID="1955" X="1925" Y="953" Z="0" Hue="0" />
    <Tile TileID="1955" X="1925" Y="952" Z="0" Hue="0" />
    <Tile TileID="1955" X="1925" Y="951" Z="0" Hue="0" />
    <Tile TileID="1955" X="1925" Y="950" Z="0" Hue="0" />
    <Tile TileID="1955" X="1925" Y="948" Z="0" Hue="0" />
    <Tile TileID="1955" X="1924" Y="959" Z="0" Hue="0" />
    <Tile TileID="1955" X="1924" Y="958" Z="0" Hue="0" />
    <Tile TileID="1955" X="1924" Y="957" Z="0" Hue="0" />
    <Tile TileID="1955" X="1924" Y="956" Z="0" Hue="0" />
    <Tile TileID="1955" X="1924" Y="955" Z="0" Hue="0" />
    <Tile TileID="1955" X="1924" Y="954" Z="0" Hue="0" />
    <Tile TileID="1955" X="1924" Y="953" Z="0" Hue="0" />
    <Tile TileID="1955" X="1924" Y="952" Z="0" Hue="0" />
    <Tile TileID="1955" X="1924" Y="951" Z="0" Hue="0" />
    <Tile TileID="1955" X="1924" Y="950" Z="0" Hue="0" />
    <Tile TileID="1955" X="1924" Y="949" Z="0" Hue="0" />
    <Tile TileID="1955" X="1924" Y="948" Z="0" Hue="0" />
    <Tile TileID="1955" X="1923" Y="960" Z="0" Hue="0" />
    <Tile TileID="1955" X="1923" Y="959" Z="0" Hue="0" />
    <Tile TileID="1955" X="1923" Y="958" Z="0" Hue="0" />
    <Tile TileID="1955" X="1923" Y="957" Z="0" Hue="0" />
    <Tile TileID="1955" X="1923" Y="956" Z="0" Hue="0" />
    <Tile TileID="1955" X="1923" Y="954" Z="0" Hue="0" />
    <Tile TileID="1955" X="1923" Y="953" Z="0" Hue="0" />
    <Tile TileID="1955" X="1923" Y="952" Z="0" Hue="0" />
    <Tile TileID="1955" X="1923" Y="951" Z="0" Hue="0" />
    <Tile TileID="1955" X="1923" Y="950" Z="0" Hue="0" />
    <Tile TileID="1955" X="1923" Y="949" Z="0" Hue="0" />
    <Tile TileID="1955" X="1923" Y="948" Z="0" Hue="0" />
    <Tile TileID="1955" X="1906" Y="880" Z="5" Hue="0" />
    <Tile TileID="1955" X="1906" Y="878" Z="5" Hue="0" />
    <Tile TileID="1955" X="1906" Y="876" Z="5" Hue="0" />
    <Tile TileID="1955" X="1906" Y="874" Z="5" Hue="0" />
    <Tile TileID="1955" X="1906" Y="872" Z="5" Hue="0" />
    <Tile TileID="1955" X="1906" Y="870" Z="5" Hue="0" />
    <Tile TileID="1955" X="1903" Y="880" Z="5" Hue="0" />
    <Tile TileID="1955" X="1903" Y="878" Z="5" Hue="0" />
    <Tile TileID="1955" X="1903" Y="876" Z="5" Hue="0" />
    <Tile TileID="1955" X="1903" Y="874" Z="5" Hue="0" />
    <Tile TileID="1955" X="1903" Y="872" Z="5" Hue="0" />
    <Tile TileID="1955" X="1903" Y="870" Z="5" Hue="0" />
    <Tile TileID="1956" X="1906" Y="881" Z="0" Hue="0" />
    <Tile TileID="1956" X="1905" Y="881" Z="0" Hue="0" />
    <Tile TileID="1956" X="1904" Y="881" Z="0" Hue="0" />
    <Tile TileID="1956" X="1903" Y="881" Z="0" Hue="0" />
    <Tile TileID="1955" X="1906" Y="880" Z="0" Hue="0" />
    <Tile TileID="1955" X="1906" Y="879" Z="0" Hue="0" />
    <Tile TileID="1955" X="1905" Y="880" Z="0" Hue="0" />
    <Tile TileID="1955" X="1905" Y="879" Z="0" Hue="0" />
    <Tile TileID="1955" X="1904" Y="880" Z="0" Hue="0" />
    <Tile TileID="1955" X="1904" Y="879" Z="0" Hue="0" />
    <Tile TileID="1955" X="1903" Y="880" Z="0" Hue="0" />
    <Tile TileID="1955" X="1903" Y="879" Z="0" Hue="0" />
    <Tile TileID="1958" X="1906" Y="868" Z="0" Hue="0" />
    <Tile TileID="1958" X="1905" Y="868" Z="0" Hue="0" />
    <Tile TileID="1958" X="1904" Y="868" Z="0" Hue="0" />
    <Tile TileID="1958" X="1903" Y="868" Z="0" Hue="0" />
    <Tile TileID="1955" X="1906" Y="878" Z="0" Hue="0" />
    <Tile TileID="1955" X="1906" Y="877" Z="0" Hue="0" />
    <Tile TileID="1955" X="1906" Y="876" Z="0" Hue="0" />
    <Tile TileID="1955" X="1906" Y="875" Z="0" Hue="0" />
    <Tile TileID="1955" X="1906" Y="874" Z="0" Hue="0" />
    <Tile TileID="1955" X="1906" Y="873" Z="0" Hue="0" />
    <Tile TileID="1955" X="1906" Y="872" Z="0" Hue="0" />
    <Tile TileID="1955" X="1906" Y="871" Z="0" Hue="0" />
    <Tile TileID="1955" X="1906" Y="870" Z="0" Hue="0" />
    <Tile TileID="1955" X="1906" Y="869" Z="0" Hue="0" />
    <Tile TileID="1955" X="1905" Y="878" Z="0" Hue="0" />
    <Tile TileID="1955" X="1905" Y="877" Z="0" Hue="0" />
    <Tile TileID="1955" X="1905" Y="876" Z="0" Hue="0" />
    <Tile TileID="1955" X="1905" Y="875" Z="0" Hue="0" />
    <Tile TileID="1955" X="1905" Y="874" Z="0" Hue="0" />
    <Tile TileID="1955" X="1905" Y="873" Z="0" Hue="0" />
    <Tile TileID="1955" X="1905" Y="872" Z="0" Hue="0" />
    <Tile TileID="1955" X="1905" Y="871" Z="0" Hue="0" />
    <Tile TileID="1955" X="1905" Y="870" Z="0" Hue="0" />
    <Tile TileID="1955" X="1905" Y="869" Z="0" Hue="0" />
    <Tile TileID="1955" X="1904" Y="878" Z="0" Hue="0" />
    <Tile TileID="1955" X="1904" Y="877" Z="0" Hue="0" />
    <Tile TileID="1955" X="1904" Y="876" Z="0" Hue="0" />
    <Tile TileID="1955" X="1904" Y="875" Z="0" Hue="0" />
    <Tile TileID="1955" X="1904" Y="874" Z="0" Hue="0" />
    <Tile TileID="1955" X="1904" Y="873" Z="0" Hue="0" />
    <Tile TileID="1955" X="1904" Y="872" Z="0" Hue="0" />
    <Tile TileID="1962" X="1984" Y="764" Z="0" Hue="0" />
    <Tile TileID="1961" X="1984" Y="765" Z="0" Hue="0" />
    <Tile TileID="1960" X="1979" Y="789" Z="0" Hue="0" />
    <Tile TileID="1963" X="1979" Y="790" Z="0" Hue="0" />
    <Tile TileID="1962" X="1984" Y="789" Z="-1" Hue="0" />
    <Tile TileID="1961" X="1984" Y="790" Z="0" Hue="0" />
    <Tile TileID="1955" X="1904" Y="871" Z="0" Hue="0" />
    <Tile TileID="1955" X="1983" Y="785" Z="5" Hue="0" />
    <Tile TileID="1955" X="1904" Y="870" Z="0" Hue="0" />
    <Tile TileID="1955" X="1983" Y="783" Z="5" Hue="0" />
    <Tile TileID="1955" X="1904" Y="869" Z="0" Hue="0" />
    <Tile TileID="1955" X="1983" Y="781" Z="5" Hue="0" />
    <Tile TileID="1955" X="1903" Y="878" Z="0" Hue="0" />
    <Tile TileID="1955" X="1983" Y="779" Z="5" Hue="0" />
    <Tile TileID="1955" X="1903" Y="877" Z="0" Hue="0" />
    <Tile TileID="1955" X="1983" Y="777" Z="5" Hue="0" />
    <Tile TileID="1955" X="1903" Y="876" Z="0" Hue="0" />
    <Tile TileID="1955" X="1983" Y="775" Z="5" Hue="0" />
    <Tile TileID="1955" X="1903" Y="875" Z="0" Hue="0" />
    <Tile TileID="1955" X="1983" Y="773" Z="5" Hue="0" />
    <Tile TileID="1955" X="1903" Y="874" Z="0" Hue="0" />
    <Tile TileID="1955" X="1983" Y="771" Z="5" Hue="0" />
    <Tile TileID="1955" X="1903" Y="873" Z="0" Hue="0" />
    <Tile TileID="1955" X="1983" Y="769" Z="5" Hue="0" />
    <Tile TileID="1955" X="1903" Y="872" Z="0" Hue="0" />
    <Tile TileID="1955" X="1983" Y="767" Z="5" Hue="0" />
    <Tile TileID="1955" X="1903" Y="871" Z="0" Hue="0" />
    <Tile TileID="1955" X="1983" Y="765" Z="5" Hue="0" />
    <Tile TileID="1955" X="1903" Y="870" Z="0" Hue="0" />
    <Tile TileID="1955" X="1980" Y="785" Z="5" Hue="0" />
    <Tile TileID="1955" X="1903" Y="869" Z="0" Hue="0" />
    <Tile TileID="1955" X="1980" Y="783" Z="5" Hue="0" />
    <Tile TileID="1955" X="1980" Y="781" Z="5" Hue="0" />
    <Tile TileID="1955" X="1980" Y="779" Z="5" Hue="0" />
    <Tile TileID="1955" X="1980" Y="777" Z="5" Hue="0" />
    <Tile TileID="1955" X="1980" Y="775" Z="5" Hue="0" />
    <Tile TileID="1955" X="1980" Y="773" Z="5" Hue="0" />
    <Tile TileID="1955" X="1980" Y="771" Z="5" Hue="0" />
    <Tile TileID="1955" X="1980" Y="769" Z="5" Hue="0" />
    <Tile TileID="1955" X="1980" Y="767" Z="5" Hue="0" />
    <Tile TileID="1955" X="1980" Y="765" Z="5" Hue="0" />
    <Tile TileID="1955" X="1983" Y="787" Z="5" Hue="0" />
    <Tile TileID="1955" X="1983" Y="789" Z="5" Hue="0" />
    <Tile TileID="1955" X="1980" Y="787" Z="5" Hue="0" />
    <Tile TileID="1955" X="1980" Y="789" Z="5" Hue="0" />
    <Tile TileID="1956" X="1983" Y="790" Z="0" Hue="0" />
    <Tile TileID="1958" X="1983" Y="764" Z="0" Hue="0" />
    <Tile TileID="1955" X="1983" Y="789" Z="0" Hue="0" />
    <Tile TileID="1955" X="1983" Y="788" Z="0" Hue="0" />
    <Tile TileID="1955" X="1983" Y="787" Z="0" Hue="0" />
    <Tile TileID="1955" X="1983" Y="786" Z="0" Hue="0" />
    <Tile TileID="1955" X="1983" Y="785" Z="0" Hue="0" />
    <Tile TileID="1955" X="1983" Y="784" Z="0" Hue="0" />
    <Tile TileID="1955" X="1983" Y="783" Z="0" Hue="0" />
    <Tile TileID="1955" X="1983" Y="782" Z="0" Hue="0" />
    <Tile TileID="1955" X="1983" Y="781" Z="0" Hue="0" />
    <Tile TileID="1955" X="1983" Y="780" Z="0" Hue="0" />
    <Tile TileID="1955" X="1983" Y="779" Z="0" Hue="0" />
    <Tile TileID="1955" X="1983" Y="778" Z="0" Hue="0" />
    <Tile TileID="1955" X="1983" Y="777" Z="0" Hue="0" />
    <Tile TileID="1955" X="1983" Y="776" Z="0" Hue="0" />
    <Tile TileID="1955" X="1983" Y="775" Z="0" Hue="0" />
    <Tile TileID="1955" X="1983" Y="774" Z="0" Hue="0" />
    <Tile TileID="1955" X="1983" Y="773" Z="0" Hue="0" />
    <Tile TileID="1955" X="1983" Y="772" Z="0" Hue="0" />
    <Tile TileID="1955" X="1983" Y="771" Z="0" Hue="0" />
    <Tile TileID="1955" X="1983" Y="770" Z="0" Hue="0" />
    <Tile TileID="1955" X="1983" Y="769" Z="0" Hue="0" />
    <Tile TileID="1955" X="1983" Y="768" Z="0" Hue="0" />
    <Tile TileID="1955" X="1983" Y="767" Z="0" Hue="0" />
    <Tile TileID="1955" X="1983" Y="766" Z="0" Hue="0" />
    <Tile TileID="1955" X="1983" Y="765" Z="0" Hue="0" />
    <Tile TileID="1958" X="1982" Y="764" Z="0" Hue="0" />
    <Tile TileID="1958" X="1981" Y="764" Z="0" Hue="0" />
    <Tile TileID="1958" X="1980" Y="764" Z="0" Hue="0" />
    <Tile TileID="1955" X="1982" Y="765" Z="0" Hue="0" />
    <Tile TileID="1955" X="1981" Y="765" Z="0" Hue="0" />
    <Tile TileID="1955" X="1980" Y="765" Z="0" Hue="0" />
    <Tile TileID="1955" X="1982" Y="773" Z="0" Hue="0" />
    <Tile TileID="1955" X="1982" Y="772" Z="0" Hue="0" />
    <Tile TileID="1955" X="1982" Y="771" Z="0" Hue="0" />
    <Tile TileID="1955" X="1982" Y="770" Z="0" Hue="0" />
    <Tile TileID="1955" X="1982" Y="769" Z="0" Hue="0" />
    <Tile TileID="1955" X="1982" Y="768" Z="0" Hue="0" />
    <Tile TileID="1955" X="1982" Y="767" Z="0" Hue="0" />
    <Tile TileID="1955" X="1982" Y="766" Z="0" Hue="0" />
    <Tile TileID="1955" X="1981" Y="773" Z="0" Hue="0" />
    <Tile TileID="1955" X="1981" Y="772" Z="0" Hue="0" />
    <Tile TileID="1955" X="1981" Y="771" Z="0" Hue="0" />
    <Tile TileID="1955" X="1981" Y="770" Z="0" Hue="0" />
    <Tile TileID="1955" X="1981" Y="769" Z="0" Hue="0" />
    <Tile TileID="1955" X="1981" Y="768" Z="0" Hue="0" />
    <Tile TileID="1955" X="1981" Y="767" Z="0" Hue="0" />
    <Tile TileID="1955" X="1981" Y="766" Z="0" Hue="0" />
    <Tile TileID="1955" X="1980" Y="784" Z="0" Hue="0" />
    <Tile TileID="1955" X="1980" Y="783" Z="0" Hue="0" />
    <Tile TileID="1955" X="1980" Y="782" Z="0" Hue="0" />
    <Tile TileID="1955" X="1980" Y="781" Z="0" Hue="0" />
    <Tile TileID="1955" X="1980" Y="780" Z="0" Hue="0" />
    <Tile TileID="1955" X="1980" Y="779" Z="0" Hue="0" />
    <Tile TileID="1955" X="1980" Y="778" Z="0" Hue="0" />
    <Tile TileID="1955" X="1980" Y="777" Z="0" Hue="0" />
    <Tile TileID="1955" X="1980" Y="776" Z="0" Hue="0" />
    <Tile TileID="1955" X="1980" Y="775" Z="0" Hue="0" />
    <Tile TileID="1955" X="1980" Y="774" Z="0" Hue="0" />
    <Tile TileID="1955" X="1980" Y="773" Z="0" Hue="0" />
    <Tile TileID="1955" X="1980" Y="772" Z="0" Hue="0" />
    <Tile TileID="1955" X="1980" Y="771" Z="0" Hue="0" />
    <Tile TileID="1955" X="1980" Y="770" Z="0" Hue="0" />
    <Tile TileID="1955" X="1980" Y="769" Z="0" Hue="0" />
    <Tile TileID="1955" X="1980" Y="768" Z="0" Hue="0" />
    <Tile TileID="1955" X="1980" Y="767" Z="0" Hue="0" />
    <Tile TileID="1955" X="1980" Y="766" Z="0" Hue="0" />
    <Tile TileID="1955" X="1982" Y="784" Z="0" Hue="0" />
    <Tile TileID="1955" X="1982" Y="783" Z="0" Hue="0" />
    <Tile TileID="1955" X="1982" Y="782" Z="0" Hue="0" />
    <Tile TileID="1955" X="1982" Y="781" Z="0" Hue="0" />
    <Tile TileID="1955" X="1982" Y="780" Z="0" Hue="0" />
    <Tile TileID="1955" X="1982" Y="779" Z="0" Hue="0" />
    <Tile TileID="1955" X="1982" Y="778" Z="0" Hue="0" />
    <Tile TileID="1955" X="1982" Y="777" Z="0" Hue="0" />
    <Tile TileID="1955" X="1982" Y="776" Z="0" Hue="0" />
    <Tile TileID="1955" X="1982" Y="775" Z="0" Hue="0" />
    <Tile TileID="1955" X="1982" Y="774" Z="0" Hue="0" />
    <Tile TileID="1955" X="1981" Y="784" Z="0" Hue="0" />
    <Tile TileID="1955" X="1981" Y="783" Z="0" Hue="0" />
    <Tile TileID="1955" X="1981" Y="782" Z="0" Hue="0" />
    <Tile TileID="1955" X="1981" Y="781" Z="0" Hue="0" />
    <Tile TileID="1955" X="1981" Y="780" Z="0" Hue="0" />
    <Tile TileID="1955" X="1981" Y="779" Z="0" Hue="0" />
    <Tile TileID="1955" X="1981" Y="778" Z="0" Hue="0" />
    <Tile TileID="1955" X="1981" Y="777" Z="0" Hue="0" />
    <Tile TileID="1955" X="1981" Y="776" Z="0" Hue="0" />
    <Tile TileID="1955" X="1981" Y="775" Z="0" Hue="0" />
    <Tile TileID="1955" X="1981" Y="774" Z="0" Hue="0" />
    <Tile TileID="1956" X="1982" Y="790" Z="0" Hue="0" />
    <Tile TileID="1956" X="1981" Y="790" Z="0" Hue="0" />
    <Tile TileID="1956" X="1980" Y="790" Z="0" Hue="0" />
    <Tile TileID="1955" X="1982" Y="789" Z="0" Hue="0" />
    <Tile TileID="1955" X="1982" Y="788" Z="0" Hue="0" />
    <Tile TileID="1955" X="1982" Y="787" Z="0" Hue="0" />
    <Tile TileID="1955" X="1982" Y="786" Z="0" Hue="0" />
    <Tile TileID="1955" X="1982" Y="785" Z="0" Hue="0" />
    <Tile TileID="1955" X="1982" Y="784" Z="0" Hue="0" />
    <Tile TileID="1955" X="1981" Y="789" Z="0" Hue="0" />
    <Tile TileID="1955" X="1981" Y="788" Z="0" Hue="0" />
    <Tile TileID="1955" X="1981" Y="787" Z="0" Hue="0" />
    <Tile TileID="1955" X="1981" Y="786" Z="0" Hue="0" />
    <Tile TileID="1955" X="1981" Y="785" Z="0" Hue="0" />
    <Tile TileID="1955" X="1981" Y="784" Z="0" Hue="0" />
    <Tile TileID="1955" X="1980" Y="789" Z="0" Hue="0" />
    <Tile TileID="1955" X="1980" Y="788" Z="0" Hue="0" />
    <Tile TileID="1955" X="1980" Y="787" Z="0" Hue="0" />
    <Tile TileID="1955" X="1980" Y="786" Z="0" Hue="0" />
    <Tile TileID="1955" X="1980" Y="785" Z="0" Hue="0" />
    <Tile TileID="1955" X="1980" Y="784" Z="0" Hue="0" />
    <Tile TileID="6532" X="711" Y="491" Z="0" Hue="0" />
    <Tile TileID="8098" X="707" Y="478" Z="0" Hue="2" />
    <Tile TileID="8189" X="711" Y="475" Z="0" Hue="78" />
    <Tile TileID="8969" X="710" Y="479" Z="0" Hue="0" />
    <Tile TileID="7933" X="708" Y="478" Z="0" Hue="78" />
    <Tile TileID="5434" X="709" Y="479" Z="0" Hue="1" />
    <Tile TileID="5433" X="706" Y="473" Z="0" Hue="578" />
    <Tile TileID="5908" X="705" Y="478" Z="11" Hue="1355" />
    <Tile TileID="5911" X="708" Y="473" Z="8" Hue="578" />
    <Tile TileID="5899" X="709" Y="475" Z="0" Hue="0" />
    <Tile TileID="5900" X="707" Y="476" Z="0" Hue="0" />
    <Tile TileID="5900" X="707" Y="480" Z="0" Hue="0" />
    <Tile TileID="2706" X="706" Y="480" Z="7" Hue="0" />
    <Tile TileID="2706" X="706" Y="476" Z="2" Hue="0" />
    <Tile TileID="2668" X="709" Y="474" Z="2" Hue="0" />
    <Tile TileID="2604" X="708" Y="473" Z="0" Hue="0" />
    <Tile TileID="2643" X="705" Y="478" Z="0" Hue="0" />
    <Tile TileID="2639" X="707" Y="473" Z="0" Hue="0" />
    <Tile TileID="2659" X="709" Y="473" Z="0" Hue="0" />
    <Tile TileID="2652" X="709" Y="474" Z="0" Hue="0" />
    <Tile TileID="2658" X="706" Y="476" Z="0" Hue="0" />
    <Tile TileID="2653" X="705" Y="476" Z="0" Hue="0" />
    <Tile TileID="2658" X="706" Y="480" Z="5" Hue="0" />
    <Tile TileID="2653" X="705" Y="480" Z="5" Hue="0" />
    <Tile TileID="2658" X="706" Y="480" Z="0" Hue="0" />
    <Tile TileID="2653" X="705" Y="480" Z="0" Hue="0" />
    <Tile TileID="5080" X="716" Y="473" Z="0" Hue="0" />
    <Tile TileID="5088" X="713" Y="482" Z="0" Hue="0" />
    <Tile TileID="5096" X="713" Y="480" Z="0" Hue="0" />
    <Tile TileID="5094" X="713" Y="474" Z="0" Hue="0" />
    <Tile TileID="5097" X="717" Y="473" Z="0" Hue="0" />
    <Tile TileID="5145" X="715" Y="478" Z="6" Hue="0" />
    <Tile TileID="9804" X="715" Y="480" Z="6" Hue="0" />
    <Tile TileID="7179" X="715" Y="481" Z="6" Hue="0" />
    <Tile TileID="9800" X="715" Y="483" Z="6" Hue="0" />
    <Tile TileID="5058" X="713" Y="476" Z="0" Hue="0" />
    <Tile TileID="5053" X="714" Y="473" Z="0" Hue="0" />
    <Tile TileID="5054" X="715" Y="479" Z="6" Hue="0" />
    <Tile TileID="5052" X="712" Y="483" Z="6" Hue="0" />
    <Tile TileID="4152" X="711" Y="487" Z="0" Hue="0" />
    <Tile TileID="4152" X="709" Y="489" Z="0" Hue="0" />
    <Tile TileID="4152" X="707" Y="494" Z="0" Hue="0" />
    <Tile TileID="4152" X="706" Y="488" Z="0" Hue="0" />
    <Tile TileID="4152" X="707" Y="485" Z="0" Hue="0" />
    <Tile TileID="4152" X="709" Y="486" Z="0" Hue="0" />
    <Tile TileID="4152" X="708" Y="483" Z="6" Hue="0" />
    <Tile TileID="4152" X="710" Y="484" Z="0" Hue="0" />
    <Tile TileID="4152" X="706" Y="486" Z="0" Hue="0" />
    <Tile TileID="4152" X="708" Y="491" Z="0" Hue="0" />
    <Tile TileID="4152" X="708" Y="488" Z="0" Hue="0" />
    <Tile TileID="7794" X="705" Y="487" Z="6" Hue="0" />
    <Tile TileID="7806" X="707" Y="493" Z="0" Hue="0" />
    <Tile TileID="7793" X="710" Y="483" Z="6" Hue="0" />
    <Tile TileID="7795" X="705" Y="492" Z="0" Hue="0" />
    <Tile TileID="7797" X="709" Y="484" Z="0" Hue="0" />
    <Tile TileID="7796" X="708" Y="483" Z="6" Hue="0" />
    <Tile TileID="4325" X="705" Y="487" Z="6" Hue="0" />
    <Tile TileID="4324" X="705" Y="485" Z="6" Hue="0" />
    <Tile TileID="4137" X="705" Y="485" Z="6" Hue="0" />
    <Tile TileID="6650" X="705" Y="493" Z="0" Hue="0" />
    <Tile TileID="6649" X="705" Y="494" Z="0" Hue="0" />
    <Tile TileID="4134" X="705" Y="486" Z="6" Hue="0" />
    <Tile TileID="4134" X="705" Y="489" Z="3" Hue="0" />
    <Tile TileID="7799" X="705" Y="491" Z="0" Hue="0" />
    <Tile TileID="7790" X="707" Y="484" Z="0" Hue="0" />
    <Tile TileID="6643" X="705" Y="488" Z="0" Hue="0" />
    <Tile TileID="6641" X="705" Y="490" Z="0" Hue="0" />
    <Tile TileID="6642" X="705" Y="489" Z="0" Hue="0" />
    <Tile TileID="4152" X="707" Y="490" Z="0" Hue="0" />
    <Tile TileID="4027" X="711" Y="491" Z="3" Hue="0" />
    <Tile TileID="4020" X="712" Y="491" Z="0" Hue="0" />
    <Tile TileID="6787" X="723" Y="482" Z="0" Hue="0" />
    <Tile TileID="6786" X="723" Y="483" Z="0" Hue="0" />
    <Tile TileID="6583" X="708" Y="493" Z="0" Hue="0" />
    <Tile TileID="6583" X="710" Y="492" Z="0" Hue="0" />
    <Tile TileID="6584" X="709" Y="493" Z="0" Hue="0" />
    <Tile TileID="6585" X="709" Y="492" Z="0" Hue="0" />
    <Tile TileID="4022" X="710" Y="493" Z="0" Hue="0" />
    <Tile TileID="4983" X="712" Y="494" Z="0" Hue="0" />
    <Tile TileID="4982" X="711" Y="494" Z="0" Hue="0" />
    <Tile TileID="4024" X="711" Y="492" Z="0" Hue="0" />
    <Tile TileID="6527" X="710" Y="491" Z="0" Hue="0" />
    <Tile TileID="4016" X="711" Y="490" Z="0" Hue="0" />
    <Tile TileID="2602" X="716" Y="476" Z="0" Hue="0" />
    <Tile TileID="2602" X="716" Y="492" Z="0" Hue="0" />
    <Tile TileID="2894" X="714" Y="476" Z="0" Hue="0" />
    <Tile TileID="2894" X="714" Y="482" Z="0" Hue="0" />
    <Tile TileID="2894" X="714" Y="488" Z="0" Hue="0" />
    <Tile TileID="2894" X="714" Y="492" Z="0" Hue="0" />
    <Tile TileID="1955" X="2056" Y="1101" Z="5" Hue="0" />
    <Tile TileID="1955" X="2054" Y="1101" Z="5" Hue="0" />
    <Tile TileID="1955" X="2052" Y="1101" Z="5" Hue="0" />
    <Tile TileID="1955" X="2042" Y="1101" Z="5" Hue="0" />
    <Tile TileID="1955" X="2038" Y="1101" Z="5" Hue="0" />
    <Tile TileID="1955" X="2036" Y="1101" Z="5" Hue="0" />
    <Tile TileID="1955" X="2030" Y="1101" Z="5" Hue="0" />
    <Tile TileID="1955" X="1925" Y="939" Z="0" Hue="0" />
    <Tile TileID="1955" X="1925" Y="938" Z="0" Hue="0" />
    <Tile TileID="1955" X="1924" Y="944" Z="0" Hue="0" />
    <Tile TileID="1955" X="1924" Y="942" Z="0" Hue="0" />
    <Tile TileID="1955" X="1926" Y="960" Z="0" Hue="0" />
    <Tile TileID="1955" X="1926" Y="958" Z="0" Hue="0" />
    <Tile TileID="1955" X="1926" Y="957" Z="0" Hue="0" />
    <Tile TileID="1955" X="1926" Y="955" Z="0" Hue="0" />
    <Tile TileID="1955" X="1926" Y="954" Z="0" Hue="0" />
    <Tile TileID="1955" X="1926" Y="952" Z="0" Hue="0" />
    <Tile TileID="1955" X="1926" Y="950" Z="0" Hue="0" />
    <Tile TileID="1955" X="1926" Y="948" Z="0" Hue="0" />
    <Tile TileID="1955" X="1925" Y="957" Z="0" Hue="0" />
    <Tile TileID="1955" X="1925" Y="955" Z="0" Hue="0" />
    <Tile TileID="1955" X="1925" Y="949" Z="0" Hue="0" />
    <Tile TileID="1955" X="1924" Y="960" Z="0" Hue="0" />
    <Tile TileID="1955" X="1923" Y="955" Z="0" Hue="0" />
    <Tile TileID="1955" X="2048" Y="1101" Z="0" Hue="0" />
    <Tile TileID="1955" X="2047" Y="1102" Z="0" Hue="0" />
    <Tile TileID="1955" X="2047" Y="1101" Z="0" Hue="0" />
    <Tile TileID="1955" X="2046" Y="1102" Z="0" Hue="0" />
    <Tile TileID="1955" X="2046" Y="1101" Z="0" Hue="0" />
    <Tile TileID="1955" X="2045" Y="1102" Z="0" Hue="0" />
    <Tile TileID="1955" X="2045" Y="1101" Z="0" Hue="0" />
    <Tile TileID="1955" X="2044" Y="1102" Z="0" Hue="0" />
    <Tile TileID="1955" X="2044" Y="1101" Z="0" Hue="0" />
    <Tile TileID="1955" X="2043" Y="1102" Z="0" Hue="0" />
    <Tile TileID="1955" X="2043" Y="1101" Z="0" Hue="0" />
    <Tile TileID="1955" X="2042" Y="1102" Z="0" Hue="0" />
    <Tile TileID="1955" X="2042" Y="1103" Z="0" Hue="0" />
    <Tile TileID="1955" X="2041" Y="1103" Z="0" Hue="0" />
    <Tile TileID="1955" X="2040" Y="1103" Z="0" Hue="0" />
    <Tile TileID="1955" X="2039" Y="1103" Z="0" Hue="0" />
    <Tile TileID="1955" X="2040" Y="1101" Z="0" Hue="0" />
    <Tile TileID="1955" X="2039" Y="1102" Z="0" Hue="0" />
    <Tile TileID="1955" X="2150" Y="783" Z="0" Hue="0" />
    <Tile TileID="1955" X="1904" Y="1110" Z="0" Hue="0" />
    <Tile TileID="1955" X="1904" Y="1109" Z="0" Hue="0" />
    <Tile TileID="1955" X="1903" Y="1110" Z="0" Hue="0" />
    <Tile TileID="1955" X="1903" Y="1108" Z="0" Hue="0" />
    <Tile TileID="1955" X="1903" Y="1107" Z="0" Hue="0" />
    <Tile TileID="1955" X="1902" Y="1119" Z="0" Hue="0" />
    <Tile TileID="1955" X="1899" Y="1108" Z="0" Hue="0" />
    <Tile TileID="1955" X="1899" Y="1107" Z="0" Hue="0" />
    <Tile TileID="1955" X="1898" Y="1110" Z="0" Hue="0" />
    <Tile TileID="1955" X="1898" Y="1109" Z="0" Hue="0" />
    <Tile TileID="1955" X="1897" Y="1107" Z="0" Hue="0" />
    <Tile TileID="1955" X="1962" Y="1061" Z="5" Hue="0" />
    <Tile TileID="1955" X="1960" Y="1061" Z="5" Hue="0" />
    <Tile TileID="1955" X="2075" Y="915" Z="0" Hue="0" />
    <Tile TileID="7791" X="709" Y="483" Z="6" Hue="0" />
    <Tile TileID="4142" X="705" Y="483" Z="6" Hue="0" />
    <Tile TileID="4141" X="705" Y="484" Z="6" Hue="0" />
    <Tile TileID="5353" X="705" Y="483" Z="6" Hue="0" />
    <Tile TileID="7810" X="707" Y="483" Z="6" Hue="0" />
    <Tile TileID="1956" X="1961" Y="1065" Z="0" Hue="0" />
    <Tile TileID="7141" X="710" Y="494" Z="0" Hue="0" />
    <Tile TileID="1955" X="1944" Y="1057" Z="0" Hue="0" />
    <Tile TileID="6523" X="709" Y="491" Z="0" Hue="0" />
    <Tile TileID="1955" X="1962" Y="1062" Z="0" Hue="0" />
    <Tile TileID="4015" X="710" Y="490" Z="0" Hue="0" />
    <Tile TileID="2602" X="710" Y="484" Z="0" Hue="0" />
    <Tile TileID="2602" X="711" Y="484" Z="0" Hue="0" />
    <Tile TileID="2602" X="706" Y="484" Z="0" Hue="0" />
    <Tile TileID="2602" X="706" Y="487" Z="0" Hue="0" />
    <Tile TileID="2602" X="708" Y="484" Z="0" Hue="0" />
    <Tile TileID="2602" X="716" Y="482" Z="0" Hue="0" />
    <Tile TileID="2602" X="716" Y="488" Z="0" Hue="0" />
    <Tile TileID="1955" X="1960" Y="1061" Z="0" Hue="0" />
    <Tile TileID="1955" X="1957" Y="1062" Z="0" Hue="0" />
    <Tile TileID="1955" X="1957" Y="1061" Z="0" Hue="0" />
    <Tile TileID="1955" X="1948" Y="1060" Z="0" Hue="0" />
    <Tile TileID="1955" X="2153" Y="791" Z="5" Hue="0" />
    <Tile TileID="1955" X="2153" Y="789" Z="5" Hue="0" />
    <Tile TileID="1955" X="2153" Y="787" Z="5" Hue="0" />
    <Tile TileID="1955" X="2150" Y="791" Z="5" Hue="0" />
    <Tile TileID="1955" X="2150" Y="789" Z="5" Hue="0" />
    <Tile TileID="1955" X="2150" Y="787" Z="5" Hue="0" />
    <Tile TileID="1955" X="2150" Y="785" Z="5" Hue="0" />
    <Tile TileID="1955" X="2150" Y="783" Z="5" Hue="0" />
    <Tile TileID="1955" X="2150" Y="781" Z="5" Hue="0" />
    <Tile TileID="1955" X="2153" Y="785" Z="5" Hue="0" />
    <Tile TileID="1955" X="2153" Y="783" Z="5" Hue="0" />
    <Tile TileID="1955" X="2153" Y="781" Z="5" Hue="0" />
    <Tile TileID="1955" X="2153" Y="779" Z="5" Hue="0" />
    <Tile TileID="1955" X="2149" Y="780" Z="5" Hue="0" />
    <Tile TileID="1955" X="2147" Y="780" Z="5" Hue="0" />
    <Tile TileID="1955" X="2145" Y="780" Z="5" Hue="0" />
    <Tile TileID="1955" X="2153" Y="777" Z="5" Hue="0" />
    <Tile TileID="1955" X="2151" Y="777" Z="5" Hue="0" />
    <Tile TileID="1955" X="2149" Y="777" Z="5" Hue="0" />
    <Tile TileID="1955" X="2147" Y="777" Z="5" Hue="0" />
    <Tile TileID="1955" X="2145" Y="777" Z="5" Hue="0" />
    <Tile TileID="1959" X="2144" Y="780" Z="0" Hue="0" />
    <Tile TileID="1959" X="2144" Y="779" Z="0" Hue="0" />
    <Tile TileID="1959" X="2144" Y="778" Z="0" Hue="0" />
    <Tile TileID="1959" X="2144" Y="777" Z="0" Hue="0" />
    <Tile TileID="1955" X="2153" Y="782" Z="0" Hue="0" />
    <Tile TileID="1955" X="2153" Y="781" Z="0" Hue="0" />
    <Tile TileID="1955" X="2153" Y="780" Z="0" Hue="0" />
    <Tile TileID="1955" X="2153" Y="779" Z="0" Hue="0" />
    <Tile TileID="1955" X="2153" Y="778" Z="0" Hue="0" />
    <Tile TileID="1955" X="2153" Y="777" Z="0" Hue="0" />
    <Tile TileID="1955" X="2152" Y="782" Z="0" Hue="0" />
    <Tile TileID="1955" X="2152" Y="781" Z="0" Hue="0" />
    <Tile TileID="1955" X="2152" Y="780" Z="0" Hue="0" />
    <Tile TileID="1955" X="2152" Y="779" Z="0" Hue="0" />
    <Tile TileID="1955" X="2152" Y="778" Z="0" Hue="0" />
    <Tile TileID="1955" X="2152" Y="777" Z="0" Hue="0" />
    <Tile TileID="1955" X="2151" Y="782" Z="0" Hue="0" />
    <Tile TileID="1955" X="2151" Y="781" Z="0" Hue="0" />
    <Tile TileID="1955" X="2151" Y="780" Z="0" Hue="0" />
    <Tile TileID="1955" X="2151" Y="779" Z="0" Hue="0" />
    <Tile TileID="1955" X="2151" Y="778" Z="0" Hue="0" />
    <Tile TileID="1955" X="2151" Y="777" Z="0" Hue="0" />
    <Tile TileID="1955" X="2150" Y="782" Z="0" Hue="0" />
    <Tile TileID="1955" X="2150" Y="781" Z="0" Hue="0" />
    <Tile TileID="1955" X="2150" Y="780" Z="0" Hue="0" />
    <Tile TileID="1955" X="2150" Y="779" Z="0" Hue="0" />
    <Tile TileID="1955" X="2150" Y="778" Z="0" Hue="0" />
    <Tile TileID="1955" X="2150" Y="777" Z="0" Hue="0" />
    <Tile TileID="1955" X="2149" Y="780" Z="0" Hue="0" />
    <Tile TileID="1955" X="2149" Y="779" Z="0" Hue="0" />
</Static_Tiles>