﻿<?xml version="1.0" encoding="utf-8"?>
<Static_Tiles>
    <Tile TileID="6020" X="723" Y="952" Z="0" Hue="0" />
    <Tile TileID="6018" X="723" Y="954" Z="0" Hue="0" />
    <Tile TileID="6021" X="722" Y="953" Z="0" Hue="0" />
    <Tile TileID="6022" X="722" Y="954" Z="0" Hue="0" />
    <Tile TileID="6023" X="722" Y="952" Z="0" Hue="0" />
    <Tile TileID="6019" X="735" Y="953" Z="0" Hue="0" />
    <Tile TileID="6024" X="735" Y="952" Z="0" Hue="0" />
    <Tile TileID="6025" X="735" Y="954" Z="0" Hue="0" />
    <Tile TileID="11576" X="723" Y="954" Z="0" Hue="0" />
    <Tile TileID="11576" X="723" Y="953" Z="0" Hue="0" />
    <Tile TileID="11577" X="723" Y="952" Z="0" Hue="0" />
    <Tile TileID="11577" X="722" Y="954" Z="0" Hue="0" />
    <Tile TileID="11576" X="722" Y="953" Z="0" Hue="0" />
    <Tile TileID="11577" X="722" Y="952" Z="0" Hue="0" />
    <Tile TileID="11577" X="735" Y="954" Z="0" Hue="0" />
    <Tile TileID="11576" X="735" Y="953" Z="0" Hue="0" />
    <Tile TileID="11576" X="735" Y="952" Z="0" Hue="0" />
    <Tile TileID="11576" X="734" Y="954" Z="0" Hue="0" />
    <Tile TileID="11576" X="734" Y="953" Z="0" Hue="0" />
    <Tile TileID="11576" X="734" Y="952" Z="0" Hue="0" />
    <Tile TileID="11576" X="733" Y="954" Z="0" Hue="0" />
    <Tile TileID="11576" X="733" Y="953" Z="0" Hue="0" />
    <Tile TileID="11577" X="733" Y="952" Z="0" Hue="0" />
    <Tile TileID="11576" X="732" Y="954" Z="0" Hue="0" />
    <Tile TileID="11577" X="732" Y="953" Z="0" Hue="0" />
    <Tile TileID="11576" X="732" Y="952" Z="0" Hue="0" />
    <Tile TileID="11576" X="731" Y="954" Z="0" Hue="0" />
    <Tile TileID="11576" X="731" Y="953" Z="0" Hue="0" />
    <Tile TileID="11576" X="731" Y="952" Z="0" Hue="0" />
    <Tile TileID="11577" X="730" Y="954" Z="0" Hue="0" />
    <Tile TileID="11576" X="730" Y="953" Z="0" Hue="0" />
    <Tile TileID="11576" X="730" Y="952" Z="0" Hue="0" />
    <Tile TileID="11576" X="729" Y="954" Z="0" Hue="0" />
    <Tile TileID="11576" X="729" Y="953" Z="0" Hue="0" />
    <Tile TileID="11576" X="729" Y="952" Z="0" Hue="0" />
    <Tile TileID="11577" X="728" Y="954" Z="0" Hue="0" />
    <Tile TileID="11576" X="728" Y="953" Z="0" Hue="0" />
    <Tile TileID="11576" X="728" Y="952" Z="0" Hue="0" />
    <Tile TileID="11576" X="727" Y="954" Z="0" Hue="0" />
    <Tile TileID="11577" X="727" Y="953" Z="0" Hue="0" />
    <Tile TileID="11576" X="727" Y="952" Z="0" Hue="0" />
    <Tile TileID="11576" X="726" Y="954" Z="0" Hue="0" />
    <Tile TileID="11577" X="726" Y="953" Z="0" Hue="0" />
    <Tile TileID="11577" X="726" Y="952" Z="0" Hue="0" />
    <Tile TileID="11576" X="725" Y="954" Z="0" Hue="0" />
    <Tile TileID="11576" X="725" Y="953" Z="0" Hue="0" />
    <Tile TileID="11576" X="725" Y="952" Z="0" Hue="0" />
    <Tile TileID="11576" X="724" Y="954" Z="0" Hue="0" />
    <Tile TileID="11576" X="724" Y="953" Z="0" Hue="0" />
    <Tile TileID="11577" X="724" Y="952" Z="0" Hue="0" />
    <Tile TileID="554" X="735" Y="951" Z="-5" Hue="0" />
    <Tile TileID="554" X="734" Y="951" Z="-5" Hue="0" />
    <Tile TileID="554" X="733" Y="951" Z="-5" Hue="0" />
    <Tile TileID="554" X="732" Y="951" Z="-5" Hue="0" />
    <Tile TileID="554" X="731" Y="951" Z="-5" Hue="0" />
    <Tile TileID="554" X="730" Y="951" Z="-5" Hue="0" />
    <Tile TileID="554" X="729" Y="951" Z="-5" Hue="0" />
    <Tile TileID="554" X="728" Y="951" Z="-5" Hue="0" />
    <Tile TileID="554" X="727" Y="951" Z="-5" Hue="0" />
    <Tile TileID="554" X="726" Y="951" Z="-5" Hue="0" />
    <Tile TileID="554" X="725" Y="951" Z="-5" Hue="0" />
    <Tile TileID="554" X="724" Y="951" Z="-5" Hue="0" />
    <Tile TileID="554" X="723" Y="951" Z="-5" Hue="0" />
    <Tile TileID="554" X="723" Y="950" Z="-5" Hue="0" />
    <Tile TileID="554" X="723" Y="949" Z="-5" Hue="0" />
    <Tile TileID="554" X="735" Y="955" Z="-5" Hue="0" />
    <Tile TileID="554" X="735" Y="954" Z="-5" Hue="0" />
    <Tile TileID="554" X="734" Y="954" Z="-5" Hue="0" />
    <Tile TileID="554" X="733" Y="954" Z="-5" Hue="0" />
    <Tile TileID="554" X="732" Y="954" Z="-5" Hue="0" />
    <Tile TileID="554" X="731" Y="954" Z="-5" Hue="0" />
    <Tile TileID="554" X="730" Y="954" Z="-5" Hue="0" />
    <Tile TileID="554" X="729" Y="954" Z="-5" Hue="0" />
    <Tile TileID="554" X="728" Y="954" Z="-5" Hue="0" />
    <Tile TileID="554" X="727" Y="954" Z="-5" Hue="0" />
    <Tile TileID="554" X="726" Y="954" Z="-5" Hue="0" />
    <Tile TileID="554" X="725" Y="954" Z="-5" Hue="0" />
    <Tile TileID="554" X="724" Y="954" Z="-5" Hue="0" />
</Static_Tiles>