﻿<?xml version="1.0" encoding="utf-8"?>
<Trans>
  <TransInfo Description="Dungeon Cave to Marble" HashKey="151515151523152323">
    <MapTiles>
      <MapTile TileID="1158" AltIDMod="0" />
    </MapTiles>
    <StaticTiles>
      <StaticTile TileID="1344" AltIDMod="0" />
      <StaticTile TileID="1361" AltIDMod="0" />
    </StaticTiles>
  </TransInfo>
  <TransInfo Description="Dungeon Cave to Marble" HashKey="151523151523151515">
    <MapTiles>
      <MapTile TileID="1158" AltIDMod="0" />
    </MapTiles>
    <StaticTiles>
      <StaticTile TileID="1348" AltIDMod="0" />
      <StaticTile TileID="1349" AltIDMod="0" />
      <StaticTile TileID="1350" AltIDMod="0" />
    </StaticTiles>
  </TransInfo>
  <TransInfo Description="Dungeon Cave to Marble" HashKey="232315231515231515">
    <MapTiles>
      <MapTile TileID="1158" AltIDMod="0" />
    </MapTiles>
    <StaticTiles>
      <StaticTile TileID="1353" AltIDMod="0" />
      <StaticTile TileID="1386" AltIDMod="0" />
    </StaticTiles>
  </TransInfo>
  <TransInfo Description="Dungeon Cave to Marble" HashKey="151515151515151523">
    <MapTiles>
      <MapTile TileID="582" AltIDMod="0" />
      <MapTile TileID="581" AltIDMod="0" />
      <MapTile TileID="583" AltIDMod="0" />
      <MapTile TileID="584" AltIDMod="0" />
      <MapTile TileID="585" AltIDMod="0" />
    </MapTiles>
    <StaticTiles />
  </TransInfo>
  <TransInfo Description="Dungeon Cave to Marble" HashKey="232315231515151515">
    <MapTiles>
      <MapTile TileID="1158" AltIDMod="0" />
    </MapTiles>
    <StaticTiles>
      <StaticTile TileID="1353" AltIDMod="0" />
      <StaticTile TileID="1386" AltIDMod="0" />
    </StaticTiles>
  </TransInfo>
  <TransInfo Description="Dungeon Cave to Marble" HashKey="151515151523151523">
    <MapTiles>
      <MapTile TileID="1158" AltIDMod="0" />
    </MapTiles>
    <StaticTiles>
      <StaticTile TileID="1348" AltIDMod="0" />
      <StaticTile TileID="1349" AltIDMod="0" />
      <StaticTile TileID="1350" AltIDMod="0" />
    </StaticTiles>
  </TransInfo>
  <TransInfo Description="Dungeon Cave to Marble" HashKey="151523151523232323">
    <MapTiles>
      <MapTile TileID="1158" AltIDMod="0" />
    </MapTiles>
    <StaticTiles>
      <StaticTile TileID="1344" AltIDMod="0" />
      <StaticTile TileID="1361" AltIDMod="0" />
    </StaticTiles>
  </TransInfo>
  <TransInfo Description="Dungeon Cave to Marble" HashKey="232323151523151515">
    <MapTiles>
      <MapTile TileID="1158" AltIDMod="0" />
    </MapTiles>
    <StaticTiles>
      <StaticTile TileID="1352" AltIDMod="0" />
      <StaticTile TileID="1363" AltIDMod="0" />
    </StaticTiles>
  </TransInfo>
  <TransInfo Description="Dungeon Cave to Marble" HashKey="231515231515232315">
    <MapTiles>
      <MapTile TileID="1158" AltIDMod="0" />
    </MapTiles>
    <StaticTiles>
      <StaticTile TileID="1351" AltIDMod="0" />
      <StaticTile TileID="1362" AltIDMod="0" />
    </StaticTiles>
  </TransInfo>
  <TransInfo Description="Dungeon Cave to Marble" HashKey="151515231515231515">
    <MapTiles>
      <MapTile TileID="1158" AltIDMod="0" />
    </MapTiles>
    <StaticTiles>
      <StaticTile TileID="1356" AltIDMod="0" />
      <StaticTile TileID="1354" AltIDMod="0" />
      <StaticTile TileID="1355" AltIDMod="0" />
    </StaticTiles>
  </TransInfo>
  <TransInfo Description="Dungeon Cave to Marble" HashKey="231515231515151515">
    <MapTiles>
      <MapTile TileID="1158" AltIDMod="0" />
    </MapTiles>
    <StaticTiles>
      <StaticTile TileID="1354" AltIDMod="0" />
      <StaticTile TileID="1356" AltIDMod="0" />
      <StaticTile TileID="1355" AltIDMod="0" />
    </StaticTiles>
  </TransInfo>
  <TransInfo Description="Dungeon Cave to Marble" HashKey="231515151515151515">
    <MapTiles>
      <MapTile TileID="582" AltIDMod="0" />
      <MapTile TileID="581" AltIDMod="0" />
      <MapTile TileID="583" AltIDMod="0" />
      <MapTile TileID="584" AltIDMod="0" />
      <MapTile TileID="585" AltIDMod="0" />
    </MapTiles>
    <StaticTiles />
  </TransInfo>
  <TransInfo Description="Dungeon Cave to Marble" HashKey="151515151523232323">
    <MapTiles>
      <MapTile TileID="1158" AltIDMod="0" />
    </MapTiles>
    <StaticTiles>
      <StaticTile TileID="1344" AltIDMod="0" />
      <StaticTile TileID="1361" AltIDMod="0" />
    </StaticTiles>
  </TransInfo>
  <TransInfo Description="Dungeon Cave to Marble" HashKey="151523151515151515">
    <MapTiles>
      <MapTile TileID="583" AltIDMod="0" />
      <MapTile TileID="581" AltIDMod="0" />
      <MapTile TileID="582" AltIDMod="0" />
      <MapTile TileID="584" AltIDMod="0" />
      <MapTile TileID="585" AltIDMod="0" />
    </MapTiles>
    <StaticTiles />
  </TransInfo>
  <TransInfo Description="Dungeon Cave to Marble" HashKey="152323151523151515">
    <MapTiles>
      <MapTile TileID="1158" AltIDMod="0" />
    </MapTiles>
    <StaticTiles>
      <StaticTile TileID="1352" AltIDMod="0" />
      <StaticTile TileID="1363" AltIDMod="0" />
    </StaticTiles>
  </TransInfo>
  <TransInfo Description="Dungeon Cave to Marble" HashKey="151515151515232315">
    <MapTiles>
      <MapTile TileID="1158" AltIDMod="0" />
    </MapTiles>
    <StaticTiles>
      <StaticTile TileID="1345" AltIDMod="0" />
      <StaticTile TileID="1346" AltIDMod="0" />
      <StaticTile TileID="1347" AltIDMod="0" />
    </StaticTiles>
  </TransInfo>
  <TransInfo Description="Dungeon Cave to Marble" HashKey="231515231515231515">
    <MapTiles>
      <MapTile TileID="1158" AltIDMod="0" />
    </MapTiles>
    <StaticTiles>
      <StaticTile TileID="1355" AltIDMod="0" />
      <StaticTile TileID="1354" AltIDMod="0" />
      <StaticTile TileID="1356" AltIDMod="0" />
    </StaticTiles>
  </TransInfo>
  <TransInfo Description="Dungeon Cave to Marble" HashKey="231515231515232323">
    <MapTiles>
      <MapTile TileID="1158" AltIDMod="0" />
    </MapTiles>
    <StaticTiles>
      <StaticTile TileID="1351" AltIDMod="0" />
      <StaticTile TileID="1362" AltIDMod="0" />
    </StaticTiles>
  </TransInfo>
  <TransInfo Description="Dungeon Cave to Marble" HashKey="232323151523151523">
    <MapTiles>
      <MapTile TileID="1158" AltIDMod="0" />
    </MapTiles>
    <StaticTiles>
      <StaticTile TileID="1352" AltIDMod="0" />
      <StaticTile TileID="1363" AltIDMod="0" />
    </StaticTiles>
  </TransInfo>
  <TransInfo Description="Dungeon Cave to Marble" HashKey="151515151515152323">
    <MapTiles>
      <MapTile TileID="1158" AltIDMod="0" />
    </MapTiles>
    <StaticTiles>
      <StaticTile TileID="1346" AltIDMod="0" />
      <StaticTile TileID="1347" AltIDMod="0" />
      <StaticTile TileID="1345" AltIDMod="0" />
    </StaticTiles>
  </TransInfo>
  <TransInfo Description="Dungeon Cave to Marble" HashKey="152323151523151523">
    <MapTiles>
      <MapTile TileID="1158" AltIDMod="0" />
    </MapTiles>
    <StaticTiles>
      <StaticTile TileID="1352" AltIDMod="0" />
      <StaticTile TileID="1363" AltIDMod="0" />
    </StaticTiles>
  </TransInfo>
  <TransInfo Description="Dungeon Cave to Marble" HashKey="151515151515231515">
    <MapTiles>
      <MapTile TileID="581" AltIDMod="0" />
      <MapTile TileID="582" AltIDMod="0" />
      <MapTile TileID="583" AltIDMod="0" />
      <MapTile TileID="584" AltIDMod="0" />
      <MapTile TileID="585" AltIDMod="0" />
    </MapTiles>
    <StaticTiles />
  </TransInfo>
  <TransInfo Description="Dungeon Cave to Marble" HashKey="151515151515232323">
    <MapTiles>
      <MapTile TileID="1158" AltIDMod="0" />
    </MapTiles>
    <StaticTiles>
      <StaticTile TileID="1346" AltIDMod="0" />
      <StaticTile TileID="1345" AltIDMod="0" />
      <StaticTile TileID="1347" AltIDMod="0" />
    </StaticTiles>
  </TransInfo>
  <TransInfo Description="Dungeon Cave to Marble" HashKey="151515231515232315">
    <MapTiles>
      <MapTile TileID="1158" AltIDMod="0" />
    </MapTiles>
    <StaticTiles>
      <StaticTile TileID="1351" AltIDMod="0" />
      <StaticTile TileID="1362" AltIDMod="0" />
    </StaticTiles>
  </TransInfo>
  <TransInfo Description="Dungeon Cave to Marble" HashKey="151515231515232323">
    <MapTiles>
      <MapTile TileID="1158" AltIDMod="0" />
    </MapTiles>
    <StaticTiles>
      <StaticTile TileID="1351" AltIDMod="0" />
      <StaticTile TileID="1362" AltIDMod="0" />
    </StaticTiles>
  </TransInfo>
  <TransInfo Description="Dungeon Cave to Marble" HashKey="232323151515151515">
    <MapTiles>
      <MapTile TileID="1158" AltIDMod="0" />
    </MapTiles>
    <StaticTiles>
      <StaticTile TileID="1358" AltIDMod="0" />
      <StaticTile TileID="1359" AltIDMod="0" />
      <StaticTile TileID="1357" AltIDMod="0" />
    </StaticTiles>
  </TransInfo>
  <TransInfo Description="Dungeon Cave to Marble" HashKey="151523151523152323">
    <MapTiles>
      <MapTile TileID="1158" AltIDMod="0" />
    </MapTiles>
    <StaticTiles>
      <StaticTile TileID="1344" AltIDMod="0" />
      <StaticTile TileID="1361" AltIDMod="0" />
    </StaticTiles>
  </TransInfo>
  <TransInfo Description="Dungeon Cave to Marble" HashKey="232323231515151515">
    <MapTiles>
      <MapTile TileID="1158" AltIDMod="0" />
    </MapTiles>
    <StaticTiles>
      <StaticTile TileID="1353" AltIDMod="0" />
      <StaticTile TileID="1386" AltIDMod="0" />
    </StaticTiles>
  </TransInfo>
  <TransInfo Description="Dungeon Cave to Marble" HashKey="152323151515151515">
    <MapTiles>
      <MapTile TileID="1158" AltIDMod="0" />
    </MapTiles>
    <StaticTiles>
      <StaticTile TileID="1357" AltIDMod="0" />
      <StaticTile TileID="1358" AltIDMod="0" />
      <StaticTile TileID="1359" AltIDMod="0" />
    </StaticTiles>
  </TransInfo>
  <TransInfo Description="Dungeon Cave to Marble" HashKey="232315151515151515">
    <MapTiles>
      <MapTile TileID="1158" AltIDMod="0" />
    </MapTiles>
    <StaticTiles>
      <StaticTile TileID="1359" AltIDMod="0" />
      <StaticTile TileID="1358" AltIDMod="0" />
      <StaticTile TileID="1357" AltIDMod="0" />
    </StaticTiles>
  </TransInfo>
  <TransInfo Description="Dungeon Cave to Marble" HashKey="151523151523151523">
    <MapTiles>
      <MapTile TileID="1158" AltIDMod="0" />
    </MapTiles>
    <StaticTiles>
      <StaticTile TileID="1348" AltIDMod="0" />
      <StaticTile TileID="1349" AltIDMod="0" />
      <StaticTile TileID="1350" AltIDMod="0" />
    </StaticTiles>
  </TransInfo>
  <TransInfo Description="Dungeon Cave to Marble" HashKey="232323231515231515">
    <MapTiles>
      <MapTile TileID="1158" AltIDMod="0" />
    </MapTiles>
    <StaticTiles>
      <StaticTile TileID="1353" AltIDMod="0" />
      <StaticTile TileID="1386" AltIDMod="0" />
    </StaticTiles>
  </TransInfo>
</Trans>