<?xml version="1.0" encoding="utf-8"?>
<Trans>
	<TransInfo Description="Gray Flagstone To Dungeon Cave" HashKey="272727152715151515">
		<MapTiles>
			<MapTile TileID="1259" AltIDMod="0"/>
		</MapTiles>
		<StaticTiles>
			<StaticTile TileID="1363" AltIDMod="0"/>
			<StaticTile TileID="1352" AltIDMod="0"/>
			<StaticTile TileID="1353" AltIDMod="0"/>
		</StaticTiles>
	</TransInfo>
	<TransInfo Description="Gray Flagstone To Dungeon Cave" HashKey="152727272727271515">
		<MapTiles>
			<MapTile TileID="1259" AltIDMod="0"/>
		</MapTiles>
		<StaticTiles/>
	</TransInfo>
	<TransInfo Description="Gray Flagstone To Dungeon Cave" HashKey="272715152727272715">
		<MapTiles>
			<MapTile TileID="1259" AltIDMod="0"/>
		</MapTiles>
		<StaticTiles/>
	</TransInfo>
	<TransInfo Description="Gray Flagstone To Dungeon Cave" HashKey="272727152727272727">
		<MapTiles>
			<MapTile TileID="1259" AltIDMod="0"/>
		</MapTiles>
		<StaticTiles/>
	</TransInfo>
	<TransInfo Description="Gray Flagstone To Dungeon Cave" HashKey="151515272727272715">
		<MapTiles>
			<MapTile TileID="1259" AltIDMod="0"/>
		</MapTiles>
		<StaticTiles/>
	</TransInfo>
	<TransInfo Description="Gray Flagstone To Dungeon Cave" HashKey="271527272715272715">
		<MapTiles>
			<MapTile TileID="1259" AltIDMod="0"/>
		</MapTiles>
		<StaticTiles>
			<StaticTile TileID="1362" AltIDMod="0"/>
			<StaticTile TileID="1351" AltIDMod="0"/>
		</StaticTiles>
	</TransInfo>
	<TransInfo Description="Gray Flagstone To Dungeon Cave" HashKey="271527272715271527">
		<MapTiles>
			<MapTile TileID="1259" AltIDMod="0"/>
		</MapTiles>
		<StaticTiles>
			<StaticTile TileID="1362" AltIDMod="0"/>
			<StaticTile TileID="1351" AltIDMod="0"/>
			<StaticTile TileID="1353" AltIDMod="0"/>
		</StaticTiles>
	</TransInfo>
	<TransInfo Description="Gray Flagstone To Dungeon Cave" HashKey="151527152715152727">
		<MapTiles>
			<MapTile TileID="1259" AltIDMod="0"/>
		</MapTiles>
		<StaticTiles>
			<StaticTile TileID="1361" AltIDMod="0"/>
			<StaticTile TileID="1362" AltIDMod="0"/>
			<StaticTile TileID="1344" AltIDMod="0"/>
			<StaticTile TileID="1351" AltIDMod="0"/>
		</StaticTiles>
	</TransInfo>
	<TransInfo Description="Gray Flagstone To Dungeon Cave" HashKey="151515272727271515">
		<MapTiles>
			<MapTile TileID="1259" AltIDMod="0"/>
		</MapTiles>
		<StaticTiles/>
	</TransInfo>
	<TransInfo Description="Gray Flagstone To Dungeon Cave" HashKey="152715272715271527">
		<MapTiles>
			<MapTile TileID="1259" AltIDMod="0"/>
		</MapTiles>
		<StaticTiles>
			<StaticTile TileID="1353" AltIDMod="0"/>
		</StaticTiles>
	</TransInfo>
	<TransInfo Description="Gray Flagstone To Dungeon Cave" HashKey="271527152727272727">
		<MapTiles>
			<MapTile TileID="1259" AltIDMod="0"/>
		</MapTiles>
		<StaticTiles>
			<StaticTile TileID="1361" AltIDMod="0"/>
			<StaticTile TileID="1344" AltIDMod="0"/>
		</StaticTiles>
	</TransInfo>
	<TransInfo Description="Gray Flagstone To Dungeon Cave" HashKey="272727272715271515">
		<MapTiles>
			<MapTile TileID="1259" AltIDMod="0"/>
		</MapTiles>
		<StaticTiles>
			<StaticTile TileID="1353" AltIDMod="0"/>
		</StaticTiles>
	</TransInfo>
	<TransInfo Description="Gray Flagstone To Dungeon Cave" HashKey="151515152727271515">
		<MapTiles>
			<MapTile TileID="1259" AltIDMod="0"/>
		</MapTiles>
		<StaticTiles>
			<StaticTile TileID="1363" AltIDMod="0"/>
			<StaticTile TileID="1361" AltIDMod="0"/>
			<StaticTile TileID="1344" AltIDMod="0"/>
			<StaticTile TileID="1352" AltIDMod="0"/>
		</StaticTiles>
	</TransInfo>
	<TransInfo Description="Gray Flagstone To Dungeon Cave" HashKey="152715272715151515">
		<MapTiles>
			<MapTile TileID="1259" AltIDMod="0"/>
		</MapTiles>
		<StaticTiles>
			<StaticTile TileID="1353" AltIDMod="0"/>
		</StaticTiles>
	</TransInfo>
	<TransInfo Description="Gray Flagstone To Dungeon Cave" HashKey="272715152727271527">
		<MapTiles>
			<MapTile TileID="1259" AltIDMod="0"/>
		</MapTiles>
		<StaticTiles>
			<StaticTile TileID="1363" AltIDMod="0"/>
			<StaticTile TileID="1352" AltIDMod="0"/>
		</StaticTiles>
	</TransInfo>
	<TransInfo Description="Gray Flagstone To Dungeon Cave" HashKey="152727272715152727">
		<MapTiles>
			<MapTile TileID="1259" AltIDMod="0"/>
		</MapTiles>
		<StaticTiles/>
	</TransInfo>
	<TransInfo Description="Gray Flagstone To Dungeon Cave" HashKey="152715152715271515">
		<MapTiles>
			<MapTile TileID="1259" AltIDMod="0"/>
		</MapTiles>
		<StaticTiles>
			<StaticTile TileID="1363" AltIDMod="0"/>
			<StaticTile TileID="1352" AltIDMod="0"/>
			<StaticTile TileID="1353" AltIDMod="0"/>
		</StaticTiles>
	</TransInfo>
	<TransInfo Description="Gray Flagstone To Dungeon Cave" HashKey="152727272727151527">
		<MapTiles>
			<MapTile TileID="1259" AltIDMod="0"/>
		</MapTiles>
		<StaticTiles/>
	</TransInfo>
	<TransInfo Description="Gray Flagstone To Dungeon Cave" HashKey="152715272715272715">
		<MapTiles>
			<MapTile TileID="1259" AltIDMod="0"/>
		</MapTiles>
		<StaticTiles/>
	</TransInfo>
	<TransInfo Description="Gray Flagstone To Dungeon Cave" HashKey="271527272727272727">
		<MapTiles>
			<MapTile TileID="1259" AltIDMod="0"/>
		</MapTiles>
		<StaticTiles/>
	</TransInfo>
	<TransInfo Description="Gray Flagstone To Dungeon Cave" HashKey="151515152715271527">
		<MapTiles>
			<MapTile TileID="1259" AltIDMod="0"/>
		</MapTiles>
		<StaticTiles>
			<StaticTile TileID="1363" AltIDMod="0"/>
			<StaticTile TileID="1362" AltIDMod="0"/>
			<StaticTile TileID="1361" AltIDMod="0"/>
			<StaticTile TileID="1352" AltIDMod="0"/>
			<StaticTile TileID="1351" AltIDMod="0"/>
			<StaticTile TileID="1344" AltIDMod="0"/>
		</StaticTiles>
	</TransInfo>
	<TransInfo Description="Gray Flagstone To Dungeon Cave" HashKey="151515152727151527">
		<MapTiles>
			<MapTile TileID="1259" AltIDMod="0"/>
		</MapTiles>
		<StaticTiles>
			<StaticTile TileID="1363" AltIDMod="0"/>
			<StaticTile TileID="1361" AltIDMod="0"/>
			<StaticTile TileID="1352" AltIDMod="0"/>
			<StaticTile TileID="1344" AltIDMod="0"/>
		</StaticTiles>
	</TransInfo>
	<TransInfo Description="Gray Flagstone To Dungeon Cave" HashKey="272715152727152727">
		<MapTiles>
			<MapTile TileID="1259" AltIDMod="0"/>
		</MapTiles>
		<StaticTiles/>
	</TransInfo>
	<TransInfo Description="Gray Flagstone To Dungeon Cave" HashKey="152715272715271515">
		<MapTiles>
			<MapTile TileID="1259" AltIDMod="0"/>
		</MapTiles>
		<StaticTiles>
			<StaticTile TileID="1353" AltIDMod="0"/>
		</StaticTiles>
	</TransInfo>
	<TransInfo Description="Gray Flagstone To Dungeon Cave" HashKey="271527152727272715">
		<MapTiles>
			<MapTile TileID="1259" AltIDMod="0"/>
		</MapTiles>
		<StaticTiles>
			<StaticTile TileID="1361" AltIDMod="0"/>
			<StaticTile TileID="1344" AltIDMod="0"/>
		</StaticTiles>
	</TransInfo>
	<TransInfo Description="Gray Flagstone To Dungeon Cave" HashKey="152715152727152727">
		<MapTiles>
			<MapTile TileID="1259" AltIDMod="0"/>
		</MapTiles>
		<StaticTiles/>
	</TransInfo>
	<TransInfo Description="Gray Flagstone To Dungeon Cave" HashKey="271515152727271527">
		<MapTiles>
			<MapTile TileID="1259" AltIDMod="0"/>
		</MapTiles>
		<StaticTiles>
			<StaticTile TileID="1363" AltIDMod="0"/>
			<StaticTile TileID="1352" AltIDMod="0"/>
			<StaticTile TileID="1361" AltIDMod="0"/>
			<StaticTile TileID="1344" AltIDMod="0"/>
		</StaticTiles>
	</TransInfo>
	<TransInfo Description="Gray Flagstone To Dungeon Cave" HashKey="151515152715151515">
		<MapTiles>
			<MapTile TileID="1259" AltIDMod="0"/>
		</MapTiles>
		<StaticTiles>
			<StaticTile TileID="1363" AltIDMod="0"/>
			<StaticTile TileID="1362" AltIDMod="0"/>
			<StaticTile TileID="1361" AltIDMod="0"/>
			<StaticTile TileID="1344" AltIDMod="0"/>
			<StaticTile TileID="1351" AltIDMod="0"/>
			<StaticTile TileID="1352" AltIDMod="0"/>
			<StaticTile TileID="1353" AltIDMod="0"/>
		</StaticTiles>
	</TransInfo>
	<TransInfo Description="Gray Flagstone To Dungeon Cave" HashKey="271527272715152727">
		<MapTiles>
			<MapTile TileID="1259" AltIDMod="0"/>
		</MapTiles>
		<StaticTiles>
			<StaticTile TileID="1362" AltIDMod="0"/>
			<StaticTile TileID="1351" AltIDMod="0"/>
		</StaticTiles>
	</TransInfo>
	<TransInfo Description="Gray Flagstone To Dungeon Cave" HashKey="272727272727272715">
		<MapTiles>
			<MapTile TileID="1259" AltIDMod="0"/>
		</MapTiles>
		<StaticTiles/>
	</TransInfo>
	<TransInfo Description="Gray Flagstone To Dungeon Cave" HashKey="272727272727271527">
		<MapTiles>
			<MapTile TileID="1259" AltIDMod="0"/>
		</MapTiles>
		<StaticTiles/>
	</TransInfo>
	<TransInfo Description="Gray Flagstone To Dungeon Cave" HashKey="271515152727151515">
		<MapTiles>
			<MapTile TileID="1259" AltIDMod="0"/>
		</MapTiles>
		<StaticTiles>
			<StaticTile TileID="1361" AltIDMod="0"/>
			<StaticTile TileID="1344" AltIDMod="0"/>
			<StaticTile TileID="1363" AltIDMod="0"/>
			<StaticTile TileID="1352" AltIDMod="0"/>
		</StaticTiles>
	</TransInfo>
	<TransInfo Description="Gray Flagstone To Dungeon Cave" HashKey="151515152715272715">
		<MapTiles>
			<MapTile TileID="1259" AltIDMod="0"/>
		</MapTiles>
		<StaticTiles>
			<StaticTile TileID="1362" AltIDMod="0"/>
			<StaticTile TileID="1361" AltIDMod="0"/>
			<StaticTile TileID="1351" AltIDMod="0"/>
			<StaticTile TileID="1344" AltIDMod="0"/>
		</StaticTiles>
	</TransInfo>
	<TransInfo Description="Gray Flagstone To Dungeon Cave" HashKey="151515152727152715">
		<MapTiles>
			<MapTile TileID="1259" AltIDMod="0"/>
		</MapTiles>
		<StaticTiles>
			<StaticTile TileID="1361" AltIDMod="0"/>
			<StaticTile TileID="1344" AltIDMod="0"/>
		</StaticTiles>
	</TransInfo>
	<TransInfo Description="Gray Flagstone To Dungeon Cave" HashKey="151515152715271515">
		<MapTiles>
			<MapTile TileID="1259" AltIDMod="0"/>
		</MapTiles>
		<StaticTiles>
			<StaticTile TileID="1363" AltIDMod="0"/>
			<StaticTile TileID="1362" AltIDMod="0"/>
			<StaticTile TileID="1361" AltIDMod="0"/>
			<StaticTile TileID="1352" AltIDMod="0"/>
			<StaticTile TileID="1351" AltIDMod="0"/>
			<StaticTile TileID="1344" AltIDMod="0"/>
		</StaticTiles>
	</TransInfo>
	<TransInfo Description="Gray Flagstone To Dungeon Cave" HashKey="271515152727272715">
		<MapTiles>
			<MapTile TileID="1259" AltIDMod="0"/>
		</MapTiles>
		<StaticTiles>
			<StaticTile TileID="1361" AltIDMod="0"/>
			<StaticTile TileID="1344" AltIDMod="0"/>
		</StaticTiles>
	</TransInfo>
	<TransInfo Description="Gray Flagstone To Dungeon Cave" HashKey="151527272727271515">
		<MapTiles>
			<MapTile TileID="1259" AltIDMod="0"/>
		</MapTiles>
		<StaticTiles/>
	</TransInfo>
	<TransInfo Description="Gray Flagstone To Dungeon Cave" HashKey="152715272727152715">
		<MapTiles>
			<MapTile TileID="1259" AltIDMod="0"/>
		</MapTiles>
		<StaticTiles/>
	</TransInfo>
	<TransInfo Description="Gray Flagstone To Dungeon Cave" HashKey="271527152727271527">
		<MapTiles>
			<MapTile TileID="1259" AltIDMod="0"/>
		</MapTiles>
		<StaticTiles>
			<StaticTile TileID="1363" AltIDMod="0"/>
			<StaticTile TileID="1352" AltIDMod="0"/>
			<StaticTile TileID="1361" AltIDMod="0"/>
			<StaticTile TileID="1344" AltIDMod="0"/>
		</StaticTiles>
	</TransInfo>
	<TransInfo Description="Gray Flagstone To Dungeon Cave" HashKey="152715152727152715">
		<MapTiles>
			<MapTile TileID="1259" AltIDMod="0"/>
		</MapTiles>
		<StaticTiles/>
	</TransInfo>
	<TransInfo Description="Gray Flagstone To Dungeon Cave" HashKey="152715152727151527">
		<MapTiles>
			<MapTile TileID="1259" AltIDMod="0"/>
		</MapTiles>
		<StaticTiles>
			<StaticTile TileID="1363" AltIDMod="0"/>
			<StaticTile TileID="1352" AltIDMod="0"/>
		</StaticTiles>
	</TransInfo>
	<TransInfo Description="Gray Flagstone To Dungeon Cave" HashKey="152715152715151515">
		<MapTiles>
			<MapTile TileID="1259" AltIDMod="0"/>
		</MapTiles>
		<StaticTiles>
			<StaticTile TileID="1363" AltIDMod="0"/>
			<StaticTile TileID="1352" AltIDMod="0"/>
			<StaticTile TileID="1353" AltIDMod="0"/>
		</StaticTiles>
	</TransInfo>
	<TransInfo Description="Gray Flagstone To Dungeon Cave" HashKey="271527152727152727">
		<MapTiles>
			<MapTile TileID="1259" AltIDMod="0"/>
		</MapTiles>
		<StaticTiles>
			<StaticTile TileID="1361" AltIDMod="0"/>
			<StaticTile TileID="1344" AltIDMod="0"/>
		</StaticTiles>
	</TransInfo>
	<TransInfo Description="Gray Flagstone To Dungeon Cave" HashKey="152715152727272727">
		<MapTiles>
			<MapTile TileID="1259" AltIDMod="0"/>
		</MapTiles>
		<StaticTiles/>
	</TransInfo>
	<TransInfo Description="Gray Flagstone To Dungeon Cave" HashKey="272727272727152727">
		<MapTiles>
			<MapTile TileID="1259" AltIDMod="0"/>
		</MapTiles>
		<StaticTiles/>
	</TransInfo>
	<TransInfo Description="Gray Flagstone To Dungeon Cave" HashKey="151515272715272727">
		<MapTiles>
			<MapTile TileID="1259" AltIDMod="0"/>
		</MapTiles>
		<StaticTiles>
			<StaticTile TileID="1362" AltIDMod="0"/>
			<StaticTile TileID="1351" AltIDMod="0"/>
		</StaticTiles>
	</TransInfo>
	<TransInfo Description="Gray Flagstone To Dungeon Cave" HashKey="272715272727271527">
		<MapTiles>
			<MapTile TileID="1259" AltIDMod="0"/>
		</MapTiles>
		<StaticTiles/>
	</TransInfo>
	<TransInfo Description="Gray Flagstone To Dungeon Cave" HashKey="272715152727151515">
		<MapTiles>
			<MapTile TileID="1259" AltIDMod="0"/>
		</MapTiles>
		<StaticTiles>
			<StaticTile TileID="1363" AltIDMod="0"/>
			<StaticTile TileID="1352" AltIDMod="0"/>
		</StaticTiles>
	</TransInfo>
	<TransInfo Description="Gray Flagstone To Dungeon Cave" HashKey="151527272715151515">
		<MapTiles>
			<MapTile TileID="1259" AltIDMod="0"/>
		</MapTiles>
		<StaticTiles>
			<StaticTile TileID="1353" AltIDMod="0"/>
			<StaticTile TileID="1362" AltIDMod="0"/>
			<StaticTile TileID="1351" AltIDMod="0"/>
		</StaticTiles>
	</TransInfo>
	<TransInfo Description="Gray Flagstone To Dungeon Cave" HashKey="151527152715271515">
		<MapTiles>
			<MapTile TileID="1259" AltIDMod="0"/>
		</MapTiles>
		<StaticTiles>
			<StaticTile TileID="1361" AltIDMod="0"/>
			<StaticTile TileID="1353" AltIDMod="0"/>
			<StaticTile TileID="1344" AltIDMod="0"/>
		</StaticTiles>
	</TransInfo>
	<TransInfo Description="Gray Flagstone To Dungeon Cave" HashKey="152715272727272727">
		<MapTiles>
			<MapTile TileID="1259" AltIDMod="0"/>
		</MapTiles>
		<StaticTiles/>
	</TransInfo>
	<TransInfo Description="Gray Flagstone To Dungeon Cave" HashKey="151527272715272715">
		<MapTiles>
			<MapTile TileID="1259" AltIDMod="0"/>
		</MapTiles>
		<StaticTiles>
			<StaticTile TileID="1362" AltIDMod="0"/>
			<StaticTile TileID="1351" AltIDMod="0"/>
		</StaticTiles>
	</TransInfo>
	<TransInfo Description="Gray Flagstone To Dungeon Cave" HashKey="151527272727152715">
		<MapTiles>
			<MapTile TileID="1259" AltIDMod="0"/>
		</MapTiles>
		<StaticTiles/>
	</TransInfo>
	<TransInfo Description="Gray Flagstone To Dungeon Cave" HashKey="272727152727271527">
		<MapTiles>
			<MapTile TileID="1259" AltIDMod="0"/>
		</MapTiles>
		<StaticTiles>
			<StaticTile TileID="1363" AltIDMod="0"/>
			<StaticTile TileID="1352" AltIDMod="0"/>
		</StaticTiles>
	</TransInfo>
	<TransInfo Description="Gray Flagstone To Dungeon Cave" HashKey="151527272715271515">
		<MapTiles>
			<MapTile TileID="1259" AltIDMod="0"/>
		</MapTiles>
		<StaticTiles>
			<StaticTile TileID="1362" AltIDMod="0"/>
			<StaticTile TileID="1351" AltIDMod="0"/>
			<StaticTile TileID="1353" AltIDMod="0"/>
		</StaticTiles>
	</TransInfo>
	<TransInfo Description="Gray Flagstone To Dungeon Cave" HashKey="272715272727272715">
		<MapTiles>
			<MapTile TileID="1259" AltIDMod="0"/>
		</MapTiles>
		<StaticTiles/>
	</TransInfo>
	<TransInfo Description="Gray Flagstone To Dungeon Cave" HashKey="151527152727152727">
		<MapTiles>
			<MapTile TileID="1259" AltIDMod="0"/>
		</MapTiles>
		<StaticTiles>
			<StaticTile TileID="1361" AltIDMod="0"/>
			<StaticTile TileID="1344" AltIDMod="0"/>
		</StaticTiles>
	</TransInfo>
	<TransInfo Description="Gray Flagstone To Dungeon Cave" HashKey="151527272727151515">
		<MapTiles>
			<MapTile TileID="1259" AltIDMod="0"/>
		</MapTiles>
		<StaticTiles/>
	</TransInfo>
	<TransInfo Description="Gray Flagstone To Dungeon Cave" HashKey="151527152715151527">
		<MapTiles>
			<MapTile TileID="1259" AltIDMod="0"/>
		</MapTiles>
		<StaticTiles>
			<StaticTile TileID="1344" AltIDMod="0"/>
			<StaticTile TileID="1363" AltIDMod="0"/>
			<StaticTile TileID="1361" AltIDMod="0"/>
			<StaticTile TileID="1352" AltIDMod="0"/>
		</StaticTiles>
	</TransInfo>
	<TransInfo Description="Gray Flagstone To Dungeon Cave" HashKey="271515152715271527">
		<MapTiles>
			<MapTile TileID="1259" AltIDMod="0"/>
		</MapTiles>
		<StaticTiles>
			<StaticTile TileID="1363" AltIDMod="0"/>
			<StaticTile TileID="1352" AltIDMod="0"/>
			<StaticTile TileID="1362" AltIDMod="0"/>
			<StaticTile TileID="1351" AltIDMod="0"/>
			<StaticTile TileID="1361" AltIDMod="0"/>
			<StaticTile TileID="1344" AltIDMod="0"/>
			<StaticTile TileID="1353" AltIDMod="0"/>
		</StaticTiles>
	</TransInfo>
	<TransInfo Description="Gray Flagstone To Dungeon Cave" HashKey="152727272715271515">
		<MapTiles>
			<MapTile TileID="1259" AltIDMod="0"/>
		</MapTiles>
		<StaticTiles>
			<StaticTile TileID="1353" AltIDMod="0"/>
		</StaticTiles>
	</TransInfo>
	<TransInfo Description="Gray Flagstone To Dungeon Cave" HashKey="151515272715272715">
		<MapTiles>
			<MapTile TileID="1259" AltIDMod="0"/>
		</MapTiles>
		<StaticTiles>
			<StaticTile TileID="1362" AltIDMod="0"/>
			<StaticTile TileID="1351" AltIDMod="0"/>
		</StaticTiles>
	</TransInfo>
	<TransInfo Description="Gray Flagstone To Dungeon Cave" HashKey="272727152727151515">
		<MapTiles>
			<MapTile TileID="1259" AltIDMod="0"/>
		</MapTiles>
		<StaticTiles>
			<StaticTile TileID="1363" AltIDMod="0"/>
			<StaticTile TileID="1352" AltIDMod="0"/>
		</StaticTiles>
	</TransInfo>
	<TransInfo Description="Gray Flagstone To Dungeon Cave" HashKey="271515272727272727">
		<MapTiles>
			<MapTile TileID="1259" AltIDMod="0"/>
		</MapTiles>
		<StaticTiles/>
	</TransInfo>
	<TransInfo Description="Gray Flagstone To Dungeon Cave" HashKey="272715272727271515">
		<MapTiles>
			<MapTile TileID="1259" AltIDMod="0"/>
		</MapTiles>
		<StaticTiles/>
	</TransInfo>
	<TransInfo Description="Gray Flagstone To Dungeon Cave" HashKey="271527272727152715">
		<MapTiles>
			<MapTile TileID="1259" AltIDMod="0"/>
		</MapTiles>
		<StaticTiles/>
	</TransInfo>
	<TransInfo Description="Gray Flagstone To Dungeon Cave" HashKey="272727152727272715">
		<MapTiles>
			<MapTile TileID="1259" AltIDMod="0"/>
		</MapTiles>
		<StaticTiles/>
	</TransInfo>
	<TransInfo Description="Gray Flagstone To Dungeon Cave" HashKey="152715272727272715">
		<MapTiles>
			<MapTile TileID="1259" AltIDMod="0"/>
		</MapTiles>
		<StaticTiles/>
	</TransInfo>
	<TransInfo Description="Gray Flagstone To Dungeon Cave" HashKey="152715272727271527">
		<MapTiles>
			<MapTile TileID="1259" AltIDMod="0"/>
		</MapTiles>
		<StaticTiles/>
	</TransInfo>
	<TransInfo Description="Gray Flagstone To Dungeon Cave" HashKey="152727272727152727">
		<MapTiles>
			<MapTile TileID="1259" AltIDMod="0"/>
		</MapTiles>
		<StaticTiles/>
	</TransInfo>
	<TransInfo Description="Gray Flagstone To Dungeon Cave" HashKey="152715152715151527">
		<MapTiles>
			<MapTile TileID="1259" AltIDMod="0"/>
		</MapTiles>
		<StaticTiles>
			<StaticTile TileID="1363" AltIDMod="0"/>
			<StaticTile TileID="1352" AltIDMod="0"/>
			<StaticTile TileID="1353" AltIDMod="0"/>
		</StaticTiles>
	</TransInfo>
	<TransInfo Description="Gray Flagstone To Dungeon Cave" HashKey="152727272715151527">
		<MapTiles>
			<MapTile TileID="1259" AltIDMod="0"/>
		</MapTiles>
		<StaticTiles>
			<StaticTile TileID="1353" AltIDMod="0"/>
		</StaticTiles>
	</TransInfo>
	<TransInfo Description="Gray Flagstone To Dungeon Cave" HashKey="271527272715271515">
		<MapTiles>
			<MapTile TileID="1259" AltIDMod="0"/>
		</MapTiles>
		<StaticTiles>
			<StaticTile TileID="1362" AltIDMod="0"/>
			<StaticTile TileID="1351" AltIDMod="0"/>
			<StaticTile TileID="1353" AltIDMod="0"/>
		</StaticTiles>
	</TransInfo>
	<TransInfo Description="Gray Flagstone To Dungeon Cave" HashKey="151527152715152715">
		<MapTiles>
			<MapTile TileID="1259" AltIDMod="0"/>
		</MapTiles>
		<StaticTiles>
			<StaticTile TileID="1362" AltIDMod="0"/>
			<StaticTile TileID="1361" AltIDMod="0"/>
			<StaticTile TileID="1344" AltIDMod="0"/>
			<StaticTile TileID="1351" AltIDMod="0"/>
		</StaticTiles>
	</TransInfo>
	<TransInfo Description="Gray Flagstone To Dungeon Cave" HashKey="272727152727271515">
		<MapTiles>
			<MapTile TileID="1259" AltIDMod="0"/>
		</MapTiles>
		<StaticTiles>
			<StaticTile TileID="1363" AltIDMod="0"/>
			<StaticTile TileID="1352" AltIDMod="0"/>
		</StaticTiles>
	</TransInfo>
	<TransInfo Description="Gray Flagstone To Dungeon Cave" HashKey="272715272727152715">
		<MapTiles>
			<MapTile TileID="1259" AltIDMod="0"/>
		</MapTiles>
		<StaticTiles/>
	</TransInfo>
	<TransInfo Description="Gray Flagstone To Dungeon Cave" HashKey="272715272727151527">
		<MapTiles>
			<MapTile TileID="1259" AltIDMod="0"/>
		</MapTiles>
		<StaticTiles/>
	</TransInfo>
	<TransInfo Description="Gray Flagstone To Dungeon Cave" HashKey="151527152727152715">
		<MapTiles>
			<MapTile TileID="1259" AltIDMod="0"/>
		</MapTiles>
		<StaticTiles>
			<StaticTile TileID="1361" AltIDMod="0"/>
			<StaticTile TileID="1344" AltIDMod="0"/>
		</StaticTiles>
	</TransInfo>
	<TransInfo Description="Gray Flagstone To Dungeon Cave" HashKey="151527152727151527">
		<MapTiles>
			<MapTile TileID="1259" AltIDMod="0"/>
		</MapTiles>
		<StaticTiles>
			<StaticTile TileID="1361" AltIDMod="0"/>
			<StaticTile TileID="1344" AltIDMod="0"/>
			<StaticTile TileID="1363" AltIDMod="0"/>
			<StaticTile TileID="1352" AltIDMod="0"/>
		</StaticTiles>
	</TransInfo>
	<TransInfo Description="Gray Flagstone To Dungeon Cave" HashKey="152727152715272715">
		<MapTiles>
			<MapTile TileID="1259" AltIDMod="0"/>
		</MapTiles>
		<StaticTiles/>
	</TransInfo>
	<TransInfo Description="Gray Flagstone To Dungeon Cave" HashKey="151527152715151515">
		<MapTiles>
			<MapTile TileID="1259" AltIDMod="0"/>
		</MapTiles>
		<StaticTiles>
			<StaticTile TileID="1361" AltIDMod="0"/>
			<StaticTile TileID="1363" AltIDMod="0"/>
			<StaticTile TileID="1344" AltIDMod="0"/>
			<StaticTile TileID="1352" AltIDMod="0"/>
			<StaticTile TileID="1353" AltIDMod="0"/>
		</StaticTiles>
	</TransInfo>
	<TransInfo Description="Gray Flagstone To Dungeon Cave" HashKey="151527272727271527">
		<MapTiles>
			<MapTile TileID="1259" AltIDMod="0"/>
		</MapTiles>
		<StaticTiles/>
	</TransInfo>
	<TransInfo Description="Gray Flagstone To Dungeon Cave" HashKey="272715152727151527">
		<MapTiles>
			<MapTile TileID="1259" AltIDMod="0"/>
		</MapTiles>
		<StaticTiles>
			<StaticTile TileID="1363" AltIDMod="0"/>
			<StaticTile TileID="1352" AltIDMod="0"/>
		</StaticTiles>
	</TransInfo>
	<TransInfo Description="Gray Flagstone To Dungeon Cave" HashKey="271515272727272715">
		<MapTiles>
			<MapTile TileID="1259" AltIDMod="0"/>
		</MapTiles>
		<StaticTiles/>
	</TransInfo>
	<TransInfo Description="Gray Flagstone To Dungeon Cave" HashKey="271515272727271527">
		<MapTiles>
			<MapTile TileID="1259" AltIDMod="0"/>
		</MapTiles>
		<StaticTiles/>
	</TransInfo>
	<TransInfo Description="Gray Flagstone To Dungeon Cave" HashKey="271527272727152727">
		<MapTiles>
			<MapTile TileID="1259" AltIDMod="0"/>
		</MapTiles>
		<StaticTiles/>
	</TransInfo>
	<TransInfo Description="Gray Flagstone To Dungeon Cave" HashKey="271527272715151527">
		<MapTiles>
			<MapTile TileID="1259" AltIDMod="0"/>
		</MapTiles>
		<StaticTiles>
			<StaticTile TileID="1362" AltIDMod="0"/>
			<StaticTile TileID="1351" AltIDMod="0"/>
			<StaticTile TileID="1353" AltIDMod="0"/>
		</StaticTiles>
	</TransInfo>
	<TransInfo Description="Gray Flagstone To Dungeon Cave" HashKey="151527152727272727">
		<MapTiles>
			<MapTile TileID="1259" AltIDMod="0"/>
		</MapTiles>
		<StaticTiles>
			<StaticTile TileID="1361" AltIDMod="0"/>
			<StaticTile TileID="1344" AltIDMod="0"/>
		</StaticTiles>
	</TransInfo>
	<TransInfo Description="Gray Flagstone To Dungeon Cave" HashKey="152727272715152715">
		<MapTiles>
			<MapTile TileID="1259" AltIDMod="0"/>
		</MapTiles>
		<StaticTiles/>
	</TransInfo>
	<TransInfo Description="Gray Flagstone To Dungeon Cave" HashKey="151515272715152727">
		<MapTiles>
			<MapTile TileID="1259" AltIDMod="0"/>
		</MapTiles>
		<StaticTiles>
			<StaticTile TileID="1362" AltIDMod="0"/>
			<StaticTile TileID="1351" AltIDMod="0"/>
		</StaticTiles>
	</TransInfo>
	<TransInfo Description="Gray Flagstone To Dungeon Cave" HashKey="152727152727272727">
		<MapTiles>
			<MapTile TileID="1259" AltIDMod="0"/>
		</MapTiles>
		<StaticTiles/>
	</TransInfo>
	<TransInfo Description="Gray Flagstone To Dungeon Cave" HashKey="152727272727152715">
		<MapTiles>
			<MapTile TileID="1259" AltIDMod="0"/>
		</MapTiles>
		<StaticTiles/>
	</TransInfo>
	<TransInfo Description="Gray Flagstone To Dungeon Cave" HashKey="272715152715152727">
		<MapTiles>
			<MapTile TileID="1259" AltIDMod="0"/>
		</MapTiles>
		<StaticTiles/>
	</TransInfo>
	<TransInfo Description="Gray Flagstone To Dungeon Cave" HashKey="151515152715272727">
		<MapTiles>
			<MapTile TileID="1259" AltIDMod="0"/>
		</MapTiles>
		<StaticTiles>
			<StaticTile TileID="1362" AltIDMod="0"/>
			<StaticTile TileID="1361" AltIDMod="0"/>
			<StaticTile TileID="1344" AltIDMod="0"/>
			<StaticTile TileID="1351" AltIDMod="0"/>
		</StaticTiles>
	</TransInfo>
	<TransInfo Description="Gray Flagstone To Dungeon Cave" HashKey="152727272715151515">
		<MapTiles>
			<MapTile TileID="1259" AltIDMod="0"/>
		</MapTiles>
		<StaticTiles>
			<StaticTile TileID="1353" AltIDMod="0"/>
		</StaticTiles>
	</TransInfo>
	<TransInfo Description="Gray Flagstone To Dungeon Cave" HashKey="271527272715152715">
		<MapTiles>
			<MapTile TileID="1259" AltIDMod="0"/>
		</MapTiles>
		<StaticTiles>
			<StaticTile TileID="1362" AltIDMod="0"/>
			<StaticTile TileID="1351" AltIDMod="0"/>
		</StaticTiles>
	</TransInfo>
	<TransInfo Description="Gray Flagstone To Dungeon Cave" HashKey="272727152715152715">
		<MapTiles>
			<MapTile TileID="1259" AltIDMod="0"/>
		</MapTiles>
		<StaticTiles/>
	</TransInfo>
	<TransInfo Description="Gray Flagstone To Dungeon Cave" HashKey="152715272727152727">
		<MapTiles>
			<MapTile TileID="1259" AltIDMod="0"/>
		</MapTiles>
		<StaticTiles/>
	</TransInfo>
	<TransInfo Description="Gray Flagstone To Dungeon Cave" HashKey="152715272715152727">
		<MapTiles>
			<MapTile TileID="1259" AltIDMod="0"/>
		</MapTiles>
		<StaticTiles/>
	</TransInfo>
	<TransInfo Description="Gray Flagstone To Dungeon Cave" HashKey="271527152727271515">
		<MapTiles>
			<MapTile TileID="1259" AltIDMod="0"/>
		</MapTiles>
		<StaticTiles>
			<StaticTile TileID="1363" AltIDMod="0"/>
			<StaticTile TileID="1352" AltIDMod="0"/>
			<StaticTile TileID="1361" AltIDMod="0"/>
			<StaticTile TileID="1344" AltIDMod="0"/>
		</StaticTiles>
	</TransInfo>
	<TransInfo Description="Gray Flagstone To Dungeon Cave" HashKey="152727272727272727">
		<MapTiles>
			<MapTile TileID="1259" AltIDMod="0"/>
		</MapTiles>
		<StaticTiles/>
	</TransInfo>
	<TransInfo Description="Gray Flagstone To Dungeon Cave" HashKey="271515272715152715">
		<MapTiles>
			<MapTile TileID="1259" AltIDMod="0"/>
		</MapTiles>
		<StaticTiles>
			<StaticTile TileID="1362" AltIDMod="0"/>
			<StaticTile TileID="1351" AltIDMod="0"/>
		</StaticTiles>
	</TransInfo>
	<TransInfo Description="Gray Flagstone To Dungeon Cave" HashKey="271515272715151527">
		<MapTiles>
			<MapTile TileID="1259" AltIDMod="0"/>
		</MapTiles>
		<StaticTiles>
			<StaticTile TileID="1362" AltIDMod="0"/>
			<StaticTile TileID="1351" AltIDMod="0"/>
			<StaticTile TileID="1353" AltIDMod="0"/>
		</StaticTiles>
	</TransInfo>
	<TransInfo Description="Gray Flagstone To Dungeon Cave" HashKey="272727272727271515">
		<MapTiles>
			<MapTile TileID="1259" AltIDMod="0"/>
		</MapTiles>
		<StaticTiles/>
	</TransInfo>
	<TransInfo Description="Gray Flagstone To Dungeon Cave" HashKey="271515152715272715">
		<MapTiles>
			<MapTile TileID="1259" AltIDMod="0"/>
		</MapTiles>
		<StaticTiles>
			<StaticTile TileID="1361" AltIDMod="0"/>
			<StaticTile TileID="1344" AltIDMod="0"/>
			<StaticTile TileID="1362" AltIDMod="0"/>
			<StaticTile TileID="1351" AltIDMod="0"/>
		</StaticTiles>
	</TransInfo>
	<TransInfo Description="Gray Flagstone To Dungeon Cave" HashKey="271527272727151527">
		<MapTiles>
			<MapTile TileID="1259" AltIDMod="0"/>
		</MapTiles>
		<StaticTiles/>
	</TransInfo>
	<TransInfo Description="Gray Flagstone To Dungeon Cave" HashKey="271527272715151515">
		<MapTiles>
			<MapTile TileID="1259" AltIDMod="0"/>
		</MapTiles>
		<StaticTiles>
			<StaticTile TileID="1353" AltIDMod="0"/>
			<StaticTile TileID="1362" AltIDMod="0"/>
			<StaticTile TileID="1351" AltIDMod="0"/>
		</StaticTiles>
	</TransInfo>
	<TransInfo Description="Gray Flagstone To Dungeon Cave" HashKey="271515272715272727">
		<MapTiles>
			<MapTile TileID="1259" AltIDMod="0"/>
		</MapTiles>
		<StaticTiles>
			<StaticTile TileID="1362" AltIDMod="0"/>
			<StaticTile TileID="1351" AltIDMod="0"/>
		</StaticTiles>
	</TransInfo>
	<TransInfo Description="Gray Flagstone To Dungeon Cave" HashKey="271515272727152727">
		<MapTiles>
			<MapTile TileID="1259" AltIDMod="0"/>
		</MapTiles>
		<StaticTiles/>
	</TransInfo>
	<TransInfo Description="Gray Flagstone To Dungeon Cave" HashKey="152727152727272715">
		<MapTiles>
			<MapTile TileID="1259" AltIDMod="0"/>
		</MapTiles>
		<StaticTiles/>
	</TransInfo>
	<TransInfo Description="Gray Flagstone To Dungeon Cave" HashKey="152727152727271527">
		<MapTiles>
			<MapTile TileID="1259" AltIDMod="0"/>
		</MapTiles>
		<StaticTiles>
			<StaticTile TileID="1363" AltIDMod="0"/>
			<StaticTile TileID="1352" AltIDMod="0"/>
		</StaticTiles>
	</TransInfo>
	<TransInfo Description="Gray Flagstone To Dungeon Cave" HashKey="152715152727271527">
		<MapTiles>
			<MapTile TileID="1259" AltIDMod="0"/>
		</MapTiles>
		<StaticTiles>
			<StaticTile TileID="1363" AltIDMod="0"/>
			<StaticTile TileID="1352" AltIDMod="0"/>
		</StaticTiles>
	</TransInfo>
	<TransInfo Description="Gray Flagstone To Dungeon Cave" HashKey="272715152715152715">
		<MapTiles>
			<MapTile TileID="1259" AltIDMod="0"/>
		</MapTiles>
		<StaticTiles/>
	</TransInfo>
	<TransInfo Description="Gray Flagstone To Dungeon Cave" HashKey="272715152715151527">
		<MapTiles>
			<MapTile TileID="1259" AltIDMod="0"/>
		</MapTiles>
		<StaticTiles>
			<StaticTile TileID="1363" AltIDMod="0"/>
			<StaticTile TileID="1352" AltIDMod="0"/>
			<StaticTile TileID="1353" AltIDMod="0"/>
		</StaticTiles>
	</TransInfo>
	<TransInfo Description="Gray Flagstone To Dungeon Cave" HashKey="272727272727151527">
		<MapTiles>
			<MapTile TileID="1259" AltIDMod="0"/>
		</MapTiles>
		<StaticTiles/>
	</TransInfo>
	<TransInfo Description="Gray Flagstone To Dungeon Cave" HashKey="152727152715271527">
		<MapTiles>
			<MapTile TileID="1259" AltIDMod="0"/>
		</MapTiles>
		<StaticTiles>
			<StaticTile TileID="1363" AltIDMod="0"/>
			<StaticTile TileID="1352" AltIDMod="0"/>
			<StaticTile TileID="1353" AltIDMod="0"/>
		</StaticTiles>
	</TransInfo>
	<TransInfo Description="Gray Flagstone To Dungeon Cave" HashKey="272715272715272727">
		<MapTiles>
			<MapTile TileID="1259" AltIDMod="0"/>
		</MapTiles>
		<StaticTiles/>
	</TransInfo>
	<TransInfo Description="Gray Flagstone To Dungeon Cave" HashKey="152715152727151515">
		<MapTiles>
			<MapTile TileID="1259" AltIDMod="0"/>
		</MapTiles>
		<StaticTiles>
			<StaticTile TileID="1363" AltIDMod="0"/>
			<StaticTile TileID="1352" AltIDMod="0"/>
		</StaticTiles>
	</TransInfo>
	<TransInfo Description="Gray Flagstone To Dungeon Cave" HashKey="272715152715272727">
		<MapTiles>
			<MapTile TileID="1259" AltIDMod="0"/>
		</MapTiles>
		<StaticTiles/>
	</TransInfo>
	<TransInfo Description="Gray Flagstone To Dungeon Cave" HashKey="271527152715152727">
		<MapTiles>
			<MapTile TileID="1259" AltIDMod="0"/>
		</MapTiles>
		<StaticTiles>
			<StaticTile TileID="1362" AltIDMod="0"/>
			<StaticTile TileID="1351" AltIDMod="0"/>
			<StaticTile TileID="1361" AltIDMod="0"/>
			<StaticTile TileID="1344" AltIDMod="0"/>
		</StaticTiles>
	</TransInfo>
	<TransInfo Description="Gray Flagstone To Dungeon Cave" HashKey="271527152715272727">
		<MapTiles>
			<MapTile TileID="1259" AltIDMod="0"/>
		</MapTiles>
		<StaticTiles>
			<StaticTile TileID="1362" AltIDMod="0"/>
			<StaticTile TileID="1351" AltIDMod="0"/>
			<StaticTile TileID="1361" AltIDMod="0"/>
			<StaticTile TileID="1344" AltIDMod="0"/>
		</StaticTiles>
	</TransInfo>
	<TransInfo Description="Gray Flagstone To Dungeon Cave" HashKey="272727272715152727">
		<MapTiles>
			<MapTile TileID="1259" AltIDMod="0"/>
		</MapTiles>
		<StaticTiles/>
	</TransInfo>
	<TransInfo Description="Gray Flagstone To Dungeon Cave" HashKey="271527152727152715">
		<MapTiles>
			<MapTile TileID="1259" AltIDMod="0"/>
		</MapTiles>
		<StaticTiles>
			<StaticTile TileID="1361" AltIDMod="0"/>
			<StaticTile TileID="1344" AltIDMod="0"/>
		</StaticTiles>
	</TransInfo>
	<TransInfo Description="Gray Flagstone To Dungeon Cave" HashKey="152715152727272715">
		<MapTiles>
			<MapTile TileID="1259" AltIDMod="0"/>
		</MapTiles>
		<StaticTiles/>
	</TransInfo>
	<TransInfo Description="Gray Flagstone To Dungeon Cave" HashKey="272727272727152715">
		<MapTiles>
			<MapTile TileID="1259" AltIDMod="0"/>
		</MapTiles>
		<StaticTiles/>
	</TransInfo>
	<TransInfo Description="Gray Flagstone To Dungeon Cave" HashKey="271527152727151515">
		<MapTiles>
			<MapTile TileID="1259" AltIDMod="0"/>
		</MapTiles>
		<StaticTiles>
			<StaticTile TileID="1363" AltIDMod="0"/>
			<StaticTile TileID="1352" AltIDMod="0"/>
			<StaticTile TileID="1361" AltIDMod="0"/>
			<StaticTile TileID="1344" AltIDMod="0"/>
		</StaticTiles>
	</TransInfo>
	<TransInfo Description="Gray Flagstone To Dungeon Cave" HashKey="271515152715152727">
		<MapTiles>
			<MapTile TileID="1259" AltIDMod="0"/>
		</MapTiles>
		<StaticTiles/>
	</TransInfo>
	<TransInfo Description="Gray Flagstone To Dungeon Cave" HashKey="152715152727271515">
		<MapTiles>
			<MapTile TileID="1259" AltIDMod="0"/>
		</MapTiles>
		<StaticTiles>
			<StaticTile TileID="1363" AltIDMod="0"/>
			<StaticTile TileID="1352" AltIDMod="0"/>
		</StaticTiles>
	</TransInfo>
	<TransInfo Description="Gray Flagstone To Dungeon Cave" HashKey="272727272727151515">
		<MapTiles>
			<MapTile TileID="1259" AltIDMod="0"/>
		</MapTiles>
		<StaticTiles/>
	</TransInfo>
	<TransInfo Description="Gray Flagstone To Dungeon Cave" HashKey="152727152715272727">
		<MapTiles>
			<MapTile TileID="1259" AltIDMod="0"/>
		</MapTiles>
		<StaticTiles/>
	</TransInfo>
	<TransInfo Description="Gray Flagstone To Dungeon Cave" HashKey="272715272715272715">
		<MapTiles>
			<MapTile TileID="1259" AltIDMod="0"/>
		</MapTiles>
		<StaticTiles/>
	</TransInfo>
	<TransInfo Description="Gray Flagstone To Dungeon Cave" HashKey="272715272715271527">
		<MapTiles>
			<MapTile TileID="1259" AltIDMod="0"/>
		</MapTiles>
		<StaticTiles>
			<StaticTile TileID="1353" AltIDMod="0"/>
		</StaticTiles>
	</TransInfo>
	<TransInfo Description="Gray Flagstone To Dungeon Cave" HashKey="152727152727152727">
		<MapTiles>
			<MapTile TileID="1259" AltIDMod="0"/>
		</MapTiles>
		<StaticTiles/>
	</TransInfo>
	<TransInfo Description="Gray Flagstone To Dungeon Cave" HashKey="271527152715152715">
		<MapTiles>
			<MapTile TileID="1259" AltIDMod="0"/>
		</MapTiles>
		<StaticTiles>
			<StaticTile TileID="1362" AltIDMod="0"/>
			<StaticTile TileID="1351" AltIDMod="0"/>
			<StaticTile TileID="1361" AltIDMod="0"/>
			<StaticTile TileID="1344" AltIDMod="0"/>
		</StaticTiles>
	</TransInfo>
	<TransInfo Description="Gray Flagstone To Dungeon Cave" HashKey="271527152715151527">
		<MapTiles>
			<MapTile TileID="1259" AltIDMod="0"/>
		</MapTiles>
		<StaticTiles>
			<StaticTile TileID="1363" AltIDMod="0"/>
			<StaticTile TileID="1352" AltIDMod="0"/>
			<StaticTile TileID="1362" AltIDMod="0"/>
			<StaticTile TileID="1351" AltIDMod="0"/>
			<StaticTile TileID="1361" AltIDMod="0"/>
			<StaticTile TileID="1344" AltIDMod="0"/>
			<StaticTile TileID="1353" AltIDMod="0"/>
		</StaticTiles>
	</TransInfo>
	<TransInfo Description="Gray Flagstone To Dungeon Cave" HashKey="272727272715152715">
		<MapTiles>
			<MapTile TileID="1259" AltIDMod="0"/>
		</MapTiles>
		<StaticTiles/>
	</TransInfo>
	<TransInfo Description="Gray Flagstone To Dungeon Cave" HashKey="272727272715151527">
		<MapTiles>
			<MapTile TileID="1259" AltIDMod="0"/>
		</MapTiles>
		<StaticTiles>
			<StaticTile TileID="1353" AltIDMod="0"/>
		</StaticTiles>
	</TransInfo>
	<TransInfo Description="Gray Flagstone To Dungeon Cave" HashKey="272727152715272715">
		<MapTiles>
			<MapTile TileID="1259" AltIDMod="0"/>
		</MapTiles>
		<StaticTiles/>
	</TransInfo>
	<TransInfo Description="Gray Flagstone To Dungeon Cave" HashKey="272727152715271527">
		<MapTiles>
			<MapTile TileID="1259" AltIDMod="0"/>
		</MapTiles>
		<StaticTiles>
			<StaticTile TileID="1363" AltIDMod="0"/>
			<StaticTile TileID="1352" AltIDMod="0"/>
			<StaticTile TileID="1353" AltIDMod="0"/>
		</StaticTiles>
	</TransInfo>
	<TransInfo Description="Gray Flagstone To Dungeon Cave" HashKey="151515272715271515">
		<MapTiles>
			<MapTile TileID="1259" AltIDMod="0"/>
		</MapTiles>
		<StaticTiles>
			<StaticTile TileID="1362" AltIDMod="0"/>
			<StaticTile TileID="1351" AltIDMod="0"/>
			<StaticTile TileID="1353" AltIDMod="0"/>
		</StaticTiles>
	</TransInfo>
	<TransInfo Description="Gray Flagstone To Dungeon Cave" HashKey="272727272715272727">
		<MapTiles>
			<MapTile TileID="1259" AltIDMod="0"/>
		</MapTiles>
		<StaticTiles/>
	</TransInfo>
	<TransInfo Description="Gray Flagstone To Dungeon Cave" HashKey="271527272715272727">
		<MapTiles>
			<MapTile TileID="1259" AltIDMod="0"/>
		</MapTiles>
		<StaticTiles>
			<StaticTile TileID="1362" AltIDMod="0"/>
			<StaticTile TileID="1351" AltIDMod="0"/>
		</StaticTiles>
	</TransInfo>
	<TransInfo Description="Gray Flagstone To Dungeon Cave" HashKey="151515152727151515">
		<MapTiles>
			<MapTile TileID="1259" AltIDMod="0"/>
		</MapTiles>
		<StaticTiles>
			<StaticTile TileID="1361" AltIDMod="0"/>
			<StaticTile TileID="1363" AltIDMod="0"/>
			<StaticTile TileID="1344" AltIDMod="0"/>
			<StaticTile TileID="1352" AltIDMod="0"/>
		</StaticTiles>
	</TransInfo>
	<TransInfo Description="Gray Flagstone To Dungeon Cave" HashKey="271515152715272727">
		<MapTiles>
			<MapTile TileID="1259" AltIDMod="0"/>
		</MapTiles>
		<StaticTiles>
			<StaticTile TileID="1361" AltIDMod="0"/>
			<StaticTile TileID="1344" AltIDMod="0"/>
			<StaticTile TileID="1362" AltIDMod="0"/>
			<StaticTile TileID="1351" AltIDMod="0"/>
		</StaticTiles>
	</TransInfo>
	<TransInfo Description="Gray Flagstone To Dungeon Cave" HashKey="152715272727271515">
		<MapTiles>
			<MapTile TileID="1259" AltIDMod="0"/>
		</MapTiles>
		<StaticTiles/>
	</TransInfo>
	<TransInfo Description="Gray Flagstone To Dungeon Cave" HashKey="151527152727271527">
		<MapTiles>
			<MapTile TileID="1259" AltIDMod="0"/>
		</MapTiles>
		<StaticTiles>
			<StaticTile TileID="1361" AltIDMod="0"/>
			<StaticTile TileID="1344" AltIDMod="0"/>
			<StaticTile TileID="1363" AltIDMod="0"/>
			<StaticTile TileID="1352" AltIDMod="0"/>
		</StaticTiles>
	</TransInfo>
	<TransInfo Description="Gray Flagstone To Dungeon Cave" HashKey="151515272727152727">
		<MapTiles>
			<MapTile TileID="1259" AltIDMod="0"/>
		</MapTiles>
		<StaticTiles/>
	</TransInfo>
	<TransInfo Description="Gray Flagstone To Dungeon Cave" HashKey="151515272715151527">
		<MapTiles>
			<MapTile TileID="1259" AltIDMod="0"/>
		</MapTiles>
		<StaticTiles>
			<StaticTile TileID="1362" AltIDMod="0"/>
			<StaticTile TileID="1351" AltIDMod="0"/>
			<StaticTile TileID="1353" AltIDMod="0"/>
		</StaticTiles>
	</TransInfo>
	<TransInfo Description="Gray Flagstone To Dungeon Cave" HashKey="272715272715152727">
		<MapTiles>
			<MapTile TileID="1259" AltIDMod="0"/>
		</MapTiles>
		<StaticTiles/>
	</TransInfo>
	<TransInfo Description="Gray Flagstone To Dungeon Cave" HashKey="272715272727151515">
		<MapTiles>
			<MapTile TileID="1259" AltIDMod="0"/>
		</MapTiles>
		<StaticTiles/>
	</TransInfo>
	<TransInfo Description="Gray Flagstone To Dungeon Cave" HashKey="152727152727151515">
		<MapTiles>
			<MapTile TileID="1259" AltIDMod="0"/>
		</MapTiles>
		<StaticTiles>
			<StaticTile TileID="1363" AltIDMod="0"/>
			<StaticTile TileID="1352" AltIDMod="0"/>
		</StaticTiles>
	</TransInfo>
	<TransInfo Description="Gray Flagstone To Dungeon Cave" HashKey="151527152727151515">
		<MapTiles>
			<MapTile TileID="1259" AltIDMod="0"/>
		</MapTiles>
		<StaticTiles>
			<StaticTile TileID="1361" AltIDMod="0"/>
			<StaticTile TileID="1344" AltIDMod="0"/>
			<StaticTile TileID="1363" AltIDMod="0"/>
			<StaticTile TileID="1352" AltIDMod="0"/>
		</StaticTiles>
	</TransInfo>
	<TransInfo Description="Gray Flagstone To Dungeon Cave" HashKey="271515152727271515">
		<MapTiles>
			<MapTile TileID="1259" AltIDMod="0"/>
		</MapTiles>
		<StaticTiles>
			<StaticTile TileID="1361" AltIDMod="0"/>
			<StaticTile TileID="1344" AltIDMod="0"/>
			<StaticTile TileID="1363" AltIDMod="0"/>
			<StaticTile TileID="1352" AltIDMod="0"/>
		</StaticTiles>
	</TransInfo>
	<TransInfo Description="Gray Flagstone To Dungeon Cave" HashKey="152715272727151527">
		<MapTiles>
			<MapTile TileID="1259" AltIDMod="0"/>
		</MapTiles>
		<StaticTiles/>
	</TransInfo>
	<TransInfo Description="Gray Flagstone To Dungeon Cave" HashKey="271515272727271515">
		<MapTiles>
			<MapTile TileID="1259" AltIDMod="0"/>
		</MapTiles>
		<StaticTiles/>
	</TransInfo>
	<TransInfo Description="Gray Flagstone To Dungeon Cave" HashKey="151515272715271527">
		<MapTiles>
			<MapTile TileID="1259" AltIDMod="0"/>
		</MapTiles>
		<StaticTiles>
			<StaticTile TileID="1362" AltIDMod="0"/>
			<StaticTile TileID="1351" AltIDMod="0"/>
			<StaticTile TileID="1353" AltIDMod="0"/>
		</StaticTiles>
	</TransInfo>
	<TransInfo Description="Gray Flagstone To Dungeon Cave" HashKey="152727272727271527">
		<MapTiles>
			<MapTile TileID="1259" AltIDMod="0"/>
		</MapTiles>
		<StaticTiles/>
	</TransInfo>
	<TransInfo Description="Gray Flagstone To Dungeon Cave" HashKey="152727152715151527">
		<MapTiles>
			<MapTile TileID="1259" AltIDMod="0"/>
		</MapTiles>
		<StaticTiles>
			<StaticTile TileID="1363" AltIDMod="0"/>
			<StaticTile TileID="1352" AltIDMod="0"/>
			<StaticTile TileID="1353" AltIDMod="0"/>
		</StaticTiles>
	</TransInfo>
	<TransInfo Description="Gray Flagstone To Dungeon Cave" HashKey="151527152727272715">
		<MapTiles>
			<MapTile TileID="1259" AltIDMod="0"/>
		</MapTiles>
		<StaticTiles>
			<StaticTile TileID="1361" AltIDMod="0"/>
			<StaticTile TileID="1344" AltIDMod="0"/>
		</StaticTiles>
	</TransInfo>
	<TransInfo Description="Gray Flagstone To Dungeon Cave" HashKey="272727152715152727">
		<MapTiles>
			<MapTile TileID="1259" AltIDMod="0"/>
		</MapTiles>
		<StaticTiles/>
	</TransInfo>
	<TransInfo Description="Gray Flagstone To Dungeon Cave" HashKey="151515272715152715">
		<MapTiles>
			<MapTile TileID="1259" AltIDMod="0"/>
		</MapTiles>
		<StaticTiles>
			<StaticTile TileID="1362" AltIDMod="0"/>
			<StaticTile TileID="1351" AltIDMod="0"/>
		</StaticTiles>
	</TransInfo>
	<TransInfo Description="Gray Flagstone To Dungeon Cave" HashKey="272727152715151527">
		<MapTiles>
			<MapTile TileID="1259" AltIDMod="0"/>
		</MapTiles>
		<StaticTiles>
			<StaticTile TileID="1363" AltIDMod="0"/>
			<StaticTile TileID="1352" AltIDMod="0"/>
			<StaticTile TileID="1353" AltIDMod="0"/>
		</StaticTiles>
	</TransInfo>
	<TransInfo Description="Gray Flagstone To Dungeon Cave" HashKey="151515152727272727">
		<MapTiles>
			<MapTile TileID="1259" AltIDMod="0"/>
		</MapTiles>
		<StaticTiles>
			<StaticTile TileID="1361" AltIDMod="0"/>
			<StaticTile TileID="1344" AltIDMod="0"/>
		</StaticTiles>
	</TransInfo>
	<TransInfo Description="Gray Flagstone To Dungeon Cave" HashKey="152727272727151515">
		<MapTiles>
			<MapTile TileID="1259" AltIDMod="0"/>
		</MapTiles>
		<StaticTiles/>
	</TransInfo>
	<TransInfo Description="Gray Flagstone To Dungeon Cave" HashKey="151515272727152715">
		<MapTiles>
			<MapTile TileID="1259" AltIDMod="0"/>
		</MapTiles>
		<StaticTiles/>
	</TransInfo>
	<TransInfo Description="Gray Flagstone To Dungeon Cave" HashKey="151515272727151527">
		<MapTiles>
			<MapTile TileID="1259" AltIDMod="0"/>
		</MapTiles>
		<StaticTiles/>
	</TransInfo>
	<TransInfo Description="Gray Flagstone To Dungeon Cave" HashKey="271515272715271527">
		<MapTiles>
			<MapTile TileID="1259" AltIDMod="0"/>
		</MapTiles>
		<StaticTiles>
			<StaticTile TileID="1362" AltIDMod="0"/>
			<StaticTile TileID="1351" AltIDMod="0"/>
			<StaticTile TileID="1353" AltIDMod="0"/>
		</StaticTiles>
	</TransInfo>
	<TransInfo Description="Gray Flagstone To Dungeon Cave" HashKey="151515272715151515">
		<MapTiles>
			<MapTile TileID="1259" AltIDMod="0"/>
		</MapTiles>
		<StaticTiles>
			<StaticTile TileID="1362" AltIDMod="0"/>
			<StaticTile TileID="1351" AltIDMod="0"/>
			<StaticTile TileID="1353" AltIDMod="0"/>
		</StaticTiles>
	</TransInfo>
	<TransInfo Description="Gray Flagstone To Dungeon Cave" HashKey="152727152715271515">
		<MapTiles>
			<MapTile TileID="1259" AltIDMod="0"/>
		</MapTiles>
		<StaticTiles/>
	</TransInfo>
	<TransInfo Description="Gray Flagstone To Dungeon Cave" HashKey="271515272727151527">
		<MapTiles>
			<MapTile TileID="1259" AltIDMod="0"/>
		</MapTiles>
		<StaticTiles/>
	</TransInfo>
	<TransInfo Description="Gray Flagstone To Dungeon Cave" HashKey="152715272715151527">
		<MapTiles>
			<MapTile TileID="1259" AltIDMod="0"/>
		</MapTiles>
		<StaticTiles>
			<StaticTile TileID="1353" AltIDMod="0"/>
		</StaticTiles>
	</TransInfo>
	<TransInfo Description="Gray Flagstone To Dungeon Cave" HashKey="152715152715272727">
		<MapTiles>
			<MapTile TileID="1259" AltIDMod="0"/>
		</MapTiles>
		<StaticTiles/>
	</TransInfo>
	<TransInfo Description="Gray Flagstone To Dungeon Cave" HashKey="271527272727271527">
		<MapTiles>
			<MapTile TileID="1259" AltIDMod="0"/>
		</MapTiles>
		<StaticTiles/>
	</TransInfo>
	<TransInfo Description="Gray Flagstone To Dungeon Cave" HashKey="151515272727272727">
		<MapTiles>
			<MapTile TileID="1259" AltIDMod="0"/>
		</MapTiles>
		<StaticTiles/>
	</TransInfo>
	<TransInfo Description="Gray Flagstone To Dungeon Cave" HashKey="271515272715151515">
		<MapTiles>
			<MapTile TileID="1259" AltIDMod="0"/>
		</MapTiles>
		<StaticTiles>
			<StaticTile TileID="1362" AltIDMod="0"/>
			<StaticTile TileID="1351" AltIDMod="0"/>
			<StaticTile TileID="1353" AltIDMod="0"/>
		</StaticTiles>
	</TransInfo>
	<TransInfo Description="Gray Flagstone To Dungeon Cave" HashKey="152715272727151515">
		<MapTiles>
			<MapTile TileID="1259" AltIDMod="0"/>
		</MapTiles>
		<StaticTiles/>
	</TransInfo>
	<TransInfo Description="Gray Flagstone To Dungeon Cave" HashKey="271515152715271515">
		<MapTiles>
			<MapTile TileID="1259" AltIDMod="0"/>
		</MapTiles>
		<StaticTiles>
			<StaticTile TileID="1363" AltIDMod="0"/>
			<StaticTile TileID="1352" AltIDMod="0"/>
			<StaticTile TileID="1362" AltIDMod="0"/>
			<StaticTile TileID="1351" AltIDMod="0"/>
			<StaticTile TileID="1361" AltIDMod="0"/>
			<StaticTile TileID="1344" AltIDMod="0"/>
			<StaticTile TileID="1353" AltIDMod="0"/>
		</StaticTiles>
	</TransInfo>
	<TransInfo Description="Gray Flagstone To Dungeon Cave" HashKey="272715152715271527">
		<MapTiles>
			<MapTile TileID="1259" AltIDMod="0"/>
		</MapTiles>
		<StaticTiles>
			<StaticTile TileID="1363" AltIDMod="0"/>
			<StaticTile TileID="1352" AltIDMod="0"/>
			<StaticTile TileID="1353" AltIDMod="0"/>
		</StaticTiles>
	</TransInfo>
	<TransInfo Description="Gray Flagstone To Dungeon Cave" HashKey="151515272727151515">
		<MapTiles>
			<MapTile TileID="1259" AltIDMod="0"/>
		</MapTiles>
		<StaticTiles/>
	</TransInfo>
	<TransInfo Description="Gray Flagstone To Dungeon Cave" HashKey="271515272715272715">
		<MapTiles>
			<MapTile TileID="1259" AltIDMod="0"/>
		</MapTiles>
		<StaticTiles>
			<StaticTile TileID="1362" AltIDMod="0"/>
			<StaticTile TileID="1351" AltIDMod="0"/>
		</StaticTiles>
	</TransInfo>
	<TransInfo Description="Gray Flagstone To Dungeon Cave" HashKey="151515152715152727">
		<MapTiles>
			<MapTile TileID="1259" AltIDMod="0"/>
		</MapTiles>
		<StaticTiles>
			<StaticTile TileID="1362" AltIDMod="0"/>
			<StaticTile TileID="1361" AltIDMod="0"/>
			<StaticTile TileID="1344" AltIDMod="0"/>
			<StaticTile TileID="1351" AltIDMod="0"/>
		</StaticTiles>
	</TransInfo>
	<TransInfo Description="Gray Flagstone To Dungeon Cave" HashKey="271515272727152715">
		<MapTiles>
			<MapTile TileID="1259" AltIDMod="0"/>
		</MapTiles>
		<StaticTiles/>
	</TransInfo>
	<TransInfo Description="Gray Flagstone To Dungeon Cave" HashKey="271527152727151527">
		<MapTiles>
			<MapTile TileID="1259" AltIDMod="0"/>
		</MapTiles>
		<StaticTiles>
			<StaticTile TileID="1363" AltIDMod="0"/>
			<StaticTile TileID="1352" AltIDMod="0"/>
			<StaticTile TileID="1361" AltIDMod="0"/>
			<StaticTile TileID="1344" AltIDMod="0"/>
		</StaticTiles>
	</TransInfo>
	<TransInfo Description="Gray Flagstone To Dungeon Cave" HashKey="152727152727271515">
		<MapTiles>
			<MapTile TileID="1259" AltIDMod="0"/>
		</MapTiles>
		<StaticTiles>
			<StaticTile TileID="1363" AltIDMod="0"/>
			<StaticTile TileID="1352" AltIDMod="0"/>
		</StaticTiles>
	</TransInfo>
	<TransInfo Description="Gray Flagstone To Dungeon Cave" HashKey="151515152727272715">
		<MapTiles>
			<MapTile TileID="1259" AltIDMod="0"/>
		</MapTiles>
		<StaticTiles>
			<StaticTile TileID="1361" AltIDMod="0"/>
			<StaticTile TileID="1344" AltIDMod="0"/>
		</StaticTiles>
	</TransInfo>
	<TransInfo Description="Gray Flagstone To Dungeon Cave" HashKey="271527272727272715">
		<MapTiles>
			<MapTile TileID="1259" AltIDMod="0"/>
		</MapTiles>
		<StaticTiles/>
	</TransInfo>
	<TransInfo Description="Gray Flagstone To Dungeon Cave" HashKey="272715152715151515">
		<MapTiles>
			<MapTile TileID="1259" AltIDMod="0"/>
		</MapTiles>
		<StaticTiles>
			<StaticTile TileID="1363" AltIDMod="0"/>
			<StaticTile TileID="1352" AltIDMod="0"/>
			<StaticTile TileID="1353" AltIDMod="0"/>
		</StaticTiles>
	</TransInfo>
	<TransInfo Description="Gray Flagstone To Dungeon Cave" HashKey="152715272715152715">
		<MapTiles>
			<MapTile TileID="1259" AltIDMod="0"/>
		</MapTiles>
		<StaticTiles/>
	</TransInfo>
	<TransInfo Description="Gray Flagstone To Dungeon Cave" HashKey="271515272715271515">
		<MapTiles>
			<MapTile TileID="1259" AltIDMod="0"/>
		</MapTiles>
		<StaticTiles>
			<StaticTile TileID="1362" AltIDMod="0"/>
			<StaticTile TileID="1351" AltIDMod="0"/>
			<StaticTile TileID="1353" AltIDMod="0"/>
		</StaticTiles>
	</TransInfo>
	<TransInfo Description="Gray Flagstone To Dungeon Cave" HashKey="271515152727152727">
		<MapTiles>
			<MapTile TileID="1259" AltIDMod="0"/>
		</MapTiles>
		<StaticTiles>
			<StaticTile TileID="1361" AltIDMod="0"/>
			<StaticTile TileID="1344" AltIDMod="0"/>
		</StaticTiles>
	</TransInfo>
	<TransInfo Description="Gray Flagstone To Dungeon Cave" HashKey="271515272727151515">
		<MapTiles>
			<MapTile TileID="1259" AltIDMod="0"/>
		</MapTiles>
		<StaticTiles/>
	</TransInfo>
	<TransInfo Description="Gray Flagstone To Dungeon Cave" HashKey="271515152715151527">
		<MapTiles>
			<MapTile TileID="1259" AltIDMod="0"/>
		</MapTiles>
		<StaticTiles>
			<StaticTile TileID="1363" AltIDMod="0"/>
			<StaticTile TileID="1352" AltIDMod="0"/>
			<StaticTile TileID="1362" AltIDMod="0"/>
			<StaticTile TileID="1351" AltIDMod="0"/>
			<StaticTile TileID="1361" AltIDMod="0"/>
			<StaticTile TileID="1344" AltIDMod="0"/>
			<StaticTile TileID="1353" AltIDMod="0"/>
		</StaticTiles>
	</TransInfo>
	<TransInfo Description="Gray Flagstone To Dungeon Cave" HashKey="152715152715272715">
		<MapTiles>
			<MapTile TileID="1259" AltIDMod="0"/>
		</MapTiles>
		<StaticTiles/>
	</TransInfo>
	<TransInfo Description="Gray Flagstone To Dungeon Cave" HashKey="152715152715271527">
		<MapTiles>
			<MapTile TileID="1259" AltIDMod="0"/>
		</MapTiles>
		<StaticTiles>
			<StaticTile TileID="1363" AltIDMod="0"/>
			<StaticTile TileID="1352" AltIDMod="0"/>
			<StaticTile TileID="1353" AltIDMod="0"/>
		</StaticTiles>
	</TransInfo>
	<TransInfo Description="Gray Flagstone To Dungeon Cave" HashKey="272727152715272727">
		<MapTiles>
			<MapTile TileID="1259" AltIDMod="0"/>
		</MapTiles>
		<StaticTiles/>
	</TransInfo>
	<TransInfo Description="Gray Flagstone To Dungeon Cave" HashKey="271527272727271515">
		<MapTiles>
			<MapTile TileID="1259" AltIDMod="0"/>
		</MapTiles>
		<StaticTiles/>
	</TransInfo>
	<TransInfo Description="Gray Flagstone To Dungeon Cave" HashKey="272715152715272715">
		<MapTiles>
			<MapTile TileID="1259" AltIDMod="0"/>
		</MapTiles>
		<StaticTiles/>
	</TransInfo>
	<TransInfo Description="Gray Flagstone To Dungeon Cave" HashKey="152715152715152715">
		<MapTiles>
			<MapTile TileID="1259" AltIDMod="0"/>
		</MapTiles>
		<StaticTiles/>
	</TransInfo>
	<TransInfo Description="Gray Flagstone To Dungeon Cave" HashKey="152715272715272727">
		<MapTiles>
			<MapTile TileID="1259" AltIDMod="0"/>
		</MapTiles>
		<StaticTiles/>
	</TransInfo>
	<TransInfo Description="Gray Flagstone To Dungeon Cave" HashKey="152727152727151527">
		<MapTiles>
			<MapTile TileID="1259" AltIDMod="0"/>
		</MapTiles>
		<StaticTiles>
			<StaticTile TileID="1363" AltIDMod="0"/>
			<StaticTile TileID="1352" AltIDMod="0"/>
		</StaticTiles>
	</TransInfo>
	<TransInfo Description="Gray Flagstone To Dungeon Cave" HashKey="151527272727272727">
		<MapTiles>
			<MapTile TileID="1259" AltIDMod="0"/>
		</MapTiles>
		<StaticTiles/>
	</TransInfo>
	<TransInfo Description="Gray Flagstone To Dungeon Cave" HashKey="271527152715272715">
		<MapTiles>
			<MapTile TileID="1259" AltIDMod="0"/>
		</MapTiles>
		<StaticTiles>
			<StaticTile TileID="1362" AltIDMod="0"/>
			<StaticTile TileID="1351" AltIDMod="0"/>
			<StaticTile TileID="1361" AltIDMod="0"/>
			<StaticTile TileID="1344" AltIDMod="0"/>
		</StaticTiles>
	</TransInfo>
	<TransInfo Description="Gray Flagstone To Dungeon Cave" HashKey="272715152715271515">
		<MapTiles>
			<MapTile TileID="1259" AltIDMod="0"/>
		</MapTiles>
		<StaticTiles>
			<StaticTile TileID="1363" AltIDMod="0"/>
			<StaticTile TileID="1352" AltIDMod="0"/>
			<StaticTile TileID="1353" AltIDMod="0"/>
		</StaticTiles>
	</TransInfo>
	<TransInfo Description="Gray Flagstone To Dungeon Cave" HashKey="151515152715152715">
		<MapTiles>
			<MapTile TileID="1259" AltIDMod="0"/>
		</MapTiles>
		<StaticTiles>
			<StaticTile TileID="1362" AltIDMod="0"/>
			<StaticTile TileID="1361" AltIDMod="0"/>
			<StaticTile TileID="1344" AltIDMod="0"/>
			<StaticTile TileID="1351" AltIDMod="0"/>
		</StaticTiles>
	</TransInfo>
	<TransInfo Description="Gray Flagstone To Dungeon Cave" HashKey="151515152715151527">
		<MapTiles>
			<MapTile TileID="1259" AltIDMod="0"/>
		</MapTiles>
		<StaticTiles>
			<StaticTile TileID="1361" AltIDMod="0"/>
			<StaticTile TileID="1362" AltIDMod="0"/>
			<StaticTile TileID="1363" AltIDMod="0"/>
			<StaticTile TileID="1344" AltIDMod="0"/>
			<StaticTile TileID="1352" AltIDMod="0"/>
			<StaticTile TileID="1351" AltIDMod="0"/>
		</StaticTiles>
	</TransInfo>
	<TransInfo Description="Gray Flagstone To Dungeon Cave" HashKey="151527272715272727">
		<MapTiles>
			<MapTile TileID="1259" AltIDMod="0"/>
		</MapTiles>
		<StaticTiles>
			<StaticTile TileID="1362" AltIDMod="0"/>
			<StaticTile TileID="1351" AltIDMod="0"/>
		</StaticTiles>
	</TransInfo>
	<TransInfo Description="Gray Flagstone To Dungeon Cave" HashKey="271515152715152715">
		<MapTiles>
			<MapTile TileID="1259" AltIDMod="0"/>
		</MapTiles>
		<StaticTiles>
			<StaticTile TileID="1361" AltIDMod="0"/>
			<StaticTile TileID="1344" AltIDMod="0"/>
			<StaticTile TileID="1362" AltIDMod="0"/>
			<StaticTile TileID="1351" AltIDMod="0"/>
		</StaticTiles>
	</TransInfo>
	<TransInfo Description="Gray Flagstone To Dungeon Cave" HashKey="151527272715271527">
		<MapTiles>
			<MapTile TileID="1259" AltIDMod="0"/>
		</MapTiles>
		<StaticTiles>
			<StaticTile TileID="1362" AltIDMod="0"/>
			<StaticTile TileID="1351" AltIDMod="0"/>
			<StaticTile TileID="1353" AltIDMod="0"/>
		</StaticTiles>
	</TransInfo>
	<TransInfo Description="Gray Flagstone To Dungeon Cave" HashKey="152727152715152727">
		<MapTiles>
			<MapTile TileID="1259" AltIDMod="0"/>
		</MapTiles>
		<StaticTiles/>
	</TransInfo>
	<TransInfo Description="Gray Flagstone To Dungeon Cave" HashKey="271527152715271527">
		<MapTiles>
			<MapTile TileID="1259" AltIDMod="0"/>
		</MapTiles>
		<StaticTiles>
			<StaticTile TileID="1363" AltIDMod="0"/>
			<StaticTile TileID="1352" AltIDMod="0"/>
			<StaticTile TileID="1362" AltIDMod="0"/>
			<StaticTile TileID="1351" AltIDMod="0"/>
			<StaticTile TileID="1361" AltIDMod="0"/>
			<StaticTile TileID="1344" AltIDMod="0"/>
			<StaticTile TileID="1353" AltIDMod="0"/>
		</StaticTiles>
	</TransInfo>
	<TransInfo Description="Gray Flagstone To Dungeon Cave" HashKey="271515152727152715">
		<MapTiles>
			<MapTile TileID="1259" AltIDMod="0"/>
		</MapTiles>
		<StaticTiles>
			<StaticTile TileID="1361" AltIDMod="0"/>
			<StaticTile TileID="1344" AltIDMod="0"/>
		</StaticTiles>
	</TransInfo>
	<TransInfo Description="Gray Flagstone To Dungeon Cave" HashKey="271515152727151527">
		<MapTiles>
			<MapTile TileID="1259" AltIDMod="0"/>
		</MapTiles>
		<StaticTiles>
			<StaticTile TileID="1363" AltIDMod="0"/>
			<StaticTile TileID="1352" AltIDMod="0"/>
			<StaticTile TileID="1361" AltIDMod="0"/>
			<StaticTile TileID="1344" AltIDMod="0"/>
		</StaticTiles>
	</TransInfo>
	<TransInfo Description="Gray Flagstone To Dungeon Cave" HashKey="271527272727151515">
		<MapTiles>
			<MapTile TileID="1259" AltIDMod="0"/>
		</MapTiles>
		<StaticTiles/>
	</TransInfo>
	<TransInfo Description="Gray Flagstone To Dungeon Cave" HashKey="272727272715271527">
		<MapTiles>
			<MapTile TileID="1259" AltIDMod="0"/>
		</MapTiles>
		<StaticTiles>
			<StaticTile TileID="1353" AltIDMod="0"/>
		</StaticTiles>
	</TransInfo>
	<TransInfo Description="Gray Flagstone To Dungeon Cave" HashKey="151515152727152727">
		<MapTiles>
			<MapTile TileID="1259" AltIDMod="0"/>
		</MapTiles>
		<StaticTiles>
			<StaticTile TileID="1361" AltIDMod="0"/>
			<StaticTile TileID="1344" AltIDMod="0"/>
		</StaticTiles>
	</TransInfo>
	<TransInfo Description="Gray Flagstone To Dungeon Cave" HashKey="272715152727271515">
		<MapTiles>
			<MapTile TileID="1259" AltIDMod="0"/>
		</MapTiles>
		<StaticTiles>
			<StaticTile TileID="1363" AltIDMod="0"/>
			<StaticTile TileID="1352" AltIDMod="0"/>
		</StaticTiles>
	</TransInfo>
	<TransInfo Description="Gray Flagstone To Dungeon Cave" HashKey="151527272715152727">
		<MapTiles>
			<MapTile TileID="1259" AltIDMod="0"/>
		</MapTiles>
		<StaticTiles>
			<StaticTile TileID="1362" AltIDMod="0"/>
			<StaticTile TileID="1351" AltIDMod="0"/>
		</StaticTiles>
	</TransInfo>
	<TransInfo Description="Gray Flagstone To Dungeon Cave" HashKey="271527152715151515">
		<MapTiles>
			<MapTile TileID="1259" AltIDMod="0"/>
		</MapTiles>
		<StaticTiles>
			<StaticTile TileID="1363" AltIDMod="0"/>
			<StaticTile TileID="1352" AltIDMod="0"/>
			<StaticTile TileID="1362" AltIDMod="0"/>
			<StaticTile TileID="1351" AltIDMod="0"/>
			<StaticTile TileID="1361" AltIDMod="0"/>
			<StaticTile TileID="1344" AltIDMod="0"/>
			<StaticTile TileID="1353" AltIDMod="0"/>
		</StaticTiles>
	</TransInfo>
	<TransInfo Description="Gray Flagstone To Dungeon Cave" HashKey="271515152727272727">
		<MapTiles>
			<MapTile TileID="1259" AltIDMod="0"/>
		</MapTiles>
		<StaticTiles>
			<StaticTile TileID="1361" AltIDMod="0"/>
			<StaticTile TileID="1344" AltIDMod="0"/>
		</StaticTiles>
	</TransInfo>
	<TransInfo Description="Gray Flagstone To Dungeon Cave" HashKey="151527272727272715">
		<MapTiles>
			<MapTile TileID="1259" AltIDMod="0"/>
		</MapTiles>
		<StaticTiles/>
	</TransInfo>
	<TransInfo Description="Gray Flagstone To Dungeon Cave" HashKey="152715152715152727">
		<MapTiles>
			<MapTile TileID="1259" AltIDMod="0"/>
		</MapTiles>
		<StaticTiles/>
	</TransInfo>
	<TransInfo Description="Gray Flagstone To Dungeon Cave" HashKey="151527152715272727">
		<MapTiles>
			<MapTile TileID="1259" AltIDMod="0"/>
		</MapTiles>
		<StaticTiles>
			<StaticTile TileID="1361" AltIDMod="0"/>
			<StaticTile TileID="1344" AltIDMod="0"/>
			<StaticTile TileID="1362" AltIDMod="0"/>
			<StaticTile TileID="1351" AltIDMod="0"/>
		</StaticTiles>
	</TransInfo>
	<TransInfo Description="Gray Flagstone To Dungeon Cave" HashKey="272715152727152715">
		<MapTiles>
			<MapTile TileID="1259" AltIDMod="0"/>
		</MapTiles>
		<StaticTiles/>
	</TransInfo>
	<TransInfo Description="Gray Flagstone To Dungeon Cave" HashKey="272715272715151527">
		<MapTiles>
			<MapTile TileID="1259" AltIDMod="0"/>
		</MapTiles>
		<StaticTiles>
			<StaticTile TileID="1353" AltIDMod="0"/>
		</StaticTiles>
	</TransInfo>
	<TransInfo Description="Gray Flagstone To Dungeon Cave" HashKey="272727152715271515">
		<MapTiles>
			<MapTile TileID="1259" AltIDMod="0"/>
		</MapTiles>
		<StaticTiles>
			<StaticTile TileID="1363" AltIDMod="0"/>
			<StaticTile TileID="1352" AltIDMod="0"/>
			<StaticTile TileID="1353" AltIDMod="0"/>
		</StaticTiles>
	</TransInfo>
	<TransInfo Description="Gray Flagstone To Dungeon Cave" HashKey="272727272715151515">
		<MapTiles>
			<MapTile TileID="1259" AltIDMod="0"/>
		</MapTiles>
		<StaticTiles>
			<StaticTile TileID="1353" AltIDMod="0"/>
		</StaticTiles>
	</TransInfo>
	<TransInfo Description="Gray Flagstone To Dungeon Cave" HashKey="272727272715272715">
		<MapTiles>
			<MapTile TileID="1259" AltIDMod="0"/>
		</MapTiles>
		<StaticTiles/>
	</TransInfo>
	<TransInfo Description="Gray Flagstone To Dungeon Cave" HashKey="152727152715152715">
		<MapTiles>
			<MapTile TileID="1259" AltIDMod="0"/>
		</MapTiles>
		<StaticTiles/>
	</TransInfo>
	<TransInfo Description="Gray Flagstone To Dungeon Cave" HashKey="271527152715271515">
		<MapTiles>
			<MapTile TileID="1259" AltIDMod="0"/>
		</MapTiles>
		<StaticTiles/>
	</TransInfo>
	<TransInfo Description="Gray Flagstone To Dungeon Cave" HashKey="272715272715271515">
		<MapTiles>
			<MapTile TileID="1259" AltIDMod="0"/>
		</MapTiles>
		<StaticTiles>
			<StaticTile TileID="1353" AltIDMod="0"/>
		</StaticTiles>
	</TransInfo>
	<TransInfo Description="Gray Flagstone To Dungeon Cave" HashKey="152727272715272727">
		<MapTiles>
			<MapTile TileID="1259" AltIDMod="0"/>
		</MapTiles>
		<StaticTiles/>
	</TransInfo>
	<TransInfo Description="Gray Flagstone To Dungeon Cave" HashKey="272727152727152727">
		<MapTiles>
			<MapTile TileID="1259" AltIDMod="0"/>
		</MapTiles>
		<StaticTiles/>
	</TransInfo>
	<TransInfo Description="Gray Flagstone To Dungeon Cave" HashKey="151515152727271527">
		<MapTiles>
			<MapTile TileID="1259" AltIDMod="0"/>
		</MapTiles>
		<StaticTiles>
			<StaticTile TileID="1363" AltIDMod="0"/>
			<StaticTile TileID="1361" AltIDMod="0"/>
			<StaticTile TileID="1344" AltIDMod="0"/>
			<StaticTile TileID="1352" AltIDMod="0"/>
		</StaticTiles>
	</TransInfo>
	<TransInfo Description="Gray Flagstone To Dungeon Cave" HashKey="151527272715152715">
		<MapTiles>
			<MapTile TileID="1259" AltIDMod="0"/>
		</MapTiles>
		<StaticTiles>
			<StaticTile TileID="1362" AltIDMod="0"/>
			<StaticTile TileID="1351" AltIDMod="0"/>
		</StaticTiles>
	</TransInfo>
	<TransInfo Description="Gray Flagstone To Dungeon Cave" HashKey="151527272715151527">
		<MapTiles>
			<MapTile TileID="1259" AltIDMod="0"/>
		</MapTiles>
		<StaticTiles>
			<StaticTile TileID="1362" AltIDMod="0"/>
			<StaticTile TileID="1351" AltIDMod="0"/>
			<StaticTile TileID="1353" AltIDMod="0"/>
		</StaticTiles>
	</TransInfo>
	<TransInfo Description="Gray Flagstone To Dungeon Cave" HashKey="272715272715152715">
		<MapTiles>
			<MapTile TileID="1259" AltIDMod="0"/>
		</MapTiles>
		<StaticTiles/>
	</TransInfo>
	<TransInfo Description="Gray Flagstone To Dungeon Cave" HashKey="151527152715272715">
		<MapTiles>
			<MapTile TileID="1259" AltIDMod="0"/>
		</MapTiles>
		<StaticTiles>
			<StaticTile TileID="1344" AltIDMod="0"/>
			<StaticTile TileID="1361" AltIDMod="0"/>
			<StaticTile TileID="1362" AltIDMod="0"/>
			<StaticTile TileID="1351" AltIDMod="0"/>
		</StaticTiles>
	</TransInfo>
	<TransInfo Description="Gray Flagstone To Dungeon Cave" HashKey="151527152715271527">
		<MapTiles>
			<MapTile TileID="1259" AltIDMod="0"/>
		</MapTiles>
		<StaticTiles>
			<StaticTile TileID="1344" AltIDMod="0"/>
			<StaticTile TileID="1361" AltIDMod="0"/>
		</StaticTiles>
	</TransInfo>
	<TransInfo Description="Gray Flagstone To Dungeon Cave" HashKey="272715152727272727">
		<MapTiles>
			<MapTile TileID="1259" AltIDMod="0"/>
		</MapTiles>
		<StaticTiles/>
	</TransInfo>
	<TransInfo Description="Gray Flagstone To Dungeon Cave" HashKey="151527152727271515">
		<MapTiles>
			<MapTile TileID="1259" AltIDMod="0"/>
		</MapTiles>
		<StaticTiles>
			<StaticTile TileID="1361" AltIDMod="0"/>
			<StaticTile TileID="1344" AltIDMod="0"/>
			<StaticTile TileID="1363" AltIDMod="0"/>
			<StaticTile TileID="1352" AltIDMod="0"/>
		</StaticTiles>
	</TransInfo>
	<TransInfo Description="Gray Flagstone To Dungeon Cave" HashKey="272715272715151515">
		<MapTiles>
			<MapTile TileID="1259" AltIDMod="0"/>
		</MapTiles>
		<StaticTiles>
			<StaticTile TileID="1353" AltIDMod="0"/>
		</StaticTiles>
	</TransInfo>
	<TransInfo Description="Gray Flagstone To Dungeon Cave" HashKey="152727152727152715">
		<MapTiles>
			<MapTile TileID="1259" AltIDMod="0"/>
		</MapTiles>
		<StaticTiles/>
	</TransInfo>
	<TransInfo Description="Gray Flagstone To Dungeon Cave" HashKey="151527272727152727">
		<MapTiles>
			<MapTile TileID="1259" AltIDMod="0"/>
		</MapTiles>
		<StaticTiles/>
	</TransInfo>
	<TransInfo Description="Gray Flagstone To Dungeon Cave" HashKey="151527272727151527">
		<MapTiles>
			<MapTile TileID="1259" AltIDMod="0"/>
		</MapTiles>
		<StaticTiles/>
	</TransInfo>
	<TransInfo Description="Gray Flagstone To Dungeon Cave" HashKey="271515152715151515">
		<MapTiles>
			<MapTile TileID="1259" AltIDMod="0"/>
		</MapTiles>
		<StaticTiles>
			<StaticTile TileID="1363" AltIDMod="0"/>
			<StaticTile TileID="1352" AltIDMod="0"/>
			<StaticTile TileID="1362" AltIDMod="0"/>
			<StaticTile TileID="1351" AltIDMod="0"/>
			<StaticTile TileID="1361" AltIDMod="0"/>
			<StaticTile TileID="1344" AltIDMod="0"/>
			<StaticTile TileID="1353" AltIDMod="0"/>
		</StaticTiles>
	</TransInfo>
	<TransInfo Description="Gray Flagstone To Dungeon Cave" HashKey="151515272727271527">
		<MapTiles>
			<MapTile TileID="1259" AltIDMod="0"/>
		</MapTiles>
		<StaticTiles/>
	</TransInfo>
	<TransInfo Description="Gray Flagstone To Dungeon Cave" HashKey="272715272727272727">
		<MapTiles>
			<MapTile TileID="1259" AltIDMod="0"/>
		</MapTiles>
		<StaticTiles/>
	</TransInfo>
	<TransInfo Description="Gray Flagstone To Dungeon Cave" HashKey="152727152715151515">
		<MapTiles>
			<MapTile TileID="1259" AltIDMod="0"/>
		</MapTiles>
		<StaticTiles>
			<StaticTile TileID="1363" AltIDMod="0"/>
			<StaticTile TileID="1352" AltIDMod="0"/>
			<StaticTile TileID="1353" AltIDMod="0"/>
		</StaticTiles>
	</TransInfo>
	<TransInfo Description="Gray Flagstone To Dungeon Cave" HashKey="271515272715152727">
		<MapTiles>
			<MapTile TileID="1259" AltIDMod="0"/>
		</MapTiles>
		<StaticTiles>
			<StaticTile TileID="1362" AltIDMod="0"/>
			<StaticTile TileID="1351" AltIDMod="0"/>
		</StaticTiles>
	</TransInfo>
	<TransInfo Description="Gray Flagstone To Dungeon Cave" HashKey="152727272715272715">
		<MapTiles>
			<MapTile TileID="1259" AltIDMod="0"/>
		</MapTiles>
		<StaticTiles/>
	</TransInfo>
	<TransInfo Description="Gray Flagstone To Dungeon Cave" HashKey="152727272715271527">
		<MapTiles>
			<MapTile TileID="1259" AltIDMod="0"/>
		</MapTiles>
		<StaticTiles>
			<StaticTile TileID="1353" AltIDMod="0"/>
		</StaticTiles>
	</TransInfo>
	<TransInfo Description="Gray Flagstone To Dungeon Cave" HashKey="272727152727152715">
		<MapTiles>
			<MapTile TileID="1259" AltIDMod="0"/>
		</MapTiles>
		<StaticTiles/>
	</TransInfo>
	<TransInfo Description="Gray Flagstone To Dungeon Cave" HashKey="272727152727151527">
		<MapTiles>
			<MapTile TileID="1259" AltIDMod="0"/>
		</MapTiles>
		<StaticTiles>
			<StaticTile TileID="1363" AltIDMod="0"/>
			<StaticTile TileID="1352" AltIDMod="0"/>
		</StaticTiles>
	</TransInfo>
</Trans>
