﻿<?xml version="1.0" encoding="utf-8"?>
<Trans>
  <TransInfo Description="Cobblestones-Dark Wooden Floor (EW)-Grass" HashKey="010101181919181919">
    <MapTiles>
      <MapTile TileID="1210" AltIDMod="0" />
    </MapTiles>
    <StaticTiles />
  </TransInfo>
  <TransInfo Description="add 1" HashKey="191919010118010118">
    <MapTiles>
      <MapTile TileID="1662" AltIDMod="0" />
    </MapTiles>
    <StaticTiles />
  </TransInfo>
  <TransInfo Description="Cobblestones-Dark Wooden Floor (EW)-Grass" HashKey="010101191918191918">
    <MapTiles>
      <MapTile TileID="1209" AltIDMod="0" />
    </MapTiles>
    <StaticTiles />
  </TransInfo>
  <TransInfo Description="add 10 EW NS" HashKey="191818190101190101">
    <MapTiles>
      <MapTile TileID="1664" AltIDMod="0" />
    </MapTiles>
    <StaticTiles />
  </TransInfo>
  <TransInfo Description="add 12 EW NS" HashKey="191901191918191918">
    <MapTiles>
      <MapTile TileID="1205" AltIDMod="0" />
    </MapTiles>
    <StaticTiles />
  </TransInfo>
  <TransInfo Description="add 15" HashKey="180101180101191919">
    <MapTiles>
      <MapTile TileID="1663" AltIDMod="0" />
    </MapTiles>
    <StaticTiles />
  </TransInfo>
  <TransInfo Description="add 21" HashKey="011818191919191919">
    <MapTiles>
      <MapTile TileID="1206" AltIDMod="0" />
    </MapTiles>
    <StaticTiles />
  </TransInfo>
  <TransInfo Description="Cobblestones-Dark Wooden Floor (EW)-Grass" HashKey="191918191918010101">
    <MapTiles>
      <MapTile TileID="1207" AltIDMod="0" />
    </MapTiles>
    <StaticTiles />
  </TransInfo>
  <TransInfo Description="Cobblestones-Dark Wooden Floor (EW)-Grass" HashKey="181801191901191901">
    <MapTiles>
      <MapTile TileID="1209" AltIDMod="0" />
    </MapTiles>
    <StaticTiles />
  </TransInfo>
  <TransInfo Description="Cobblestones-Dark Wooden Floor (EW)-Grass" HashKey="011818011919011919">
    <MapTiles>
      <MapTile TileID="1210" AltIDMod="0" />
    </MapTiles>
    <StaticTiles />
  </TransInfo>
  <TransInfo Description="add EW NS 11" HashKey="191918191918191901">
    <MapTiles>
      <MapTile TileID="1205" AltIDMod="0" />
    </MapTiles>
    <StaticTiles />
  </TransInfo>
  <TransInfo Description="add 9 EW NS" HashKey="190101190101191818">
    <MapTiles>
      <MapTile TileID="1661" AltIDMod="0" />
    </MapTiles>
    <StaticTiles />
  </TransInfo>
  <TransInfo Description="add 18" HashKey="180101191919191919">
    <MapTiles>
      <MapTile TileID="1206" AltIDMod="0" />
    </MapTiles>
    <StaticTiles />
  </TransInfo>
  <TransInfo Description="add 44" HashKey="181819010119010119">
    <MapTiles>
      <MapTile TileID="1664" AltIDMod="0" />
    </MapTiles>
    <StaticTiles />
  </TransInfo>
  <TransInfo Description="Cobblestones-Dark Wooden Floor (EW)-Grass" HashKey="191901191901181801">
    <MapTiles>
      <MapTile TileID="1207" AltIDMod="0" />
    </MapTiles>
    <StaticTiles />
  </TransInfo>
  <TransInfo Description="Cobblestones-Dark Wooden Floor (EW)-Grass" HashKey="181919181919010101">
    <MapTiles>
      <MapTile TileID="1208" AltIDMod="0" />
    </MapTiles>
    <StaticTiles />
  </TransInfo>
  <TransInfo Description="add 2" HashKey="191919180101180101">
    <MapTiles>
      <MapTile TileID="1663" AltIDMod="0" />
    </MapTiles>
    <StaticTiles />
  </TransInfo>
  <TransInfo Description="add 6" HashKey="191919191919010118">
    <MapTiles>
      <MapTile TileID="1204" AltIDMod="0" />
    </MapTiles>
    <StaticTiles />
  </TransInfo>
  <TransInfo Description="add 16" HashKey="010118010118191919">
    <MapTiles>
      <MapTile TileID="1662" AltIDMod="0" />
    </MapTiles>
    <StaticTiles />
  </TransInfo>
  <TransInfo Description="add 3" HashKey="191919191919011818">
    <MapTiles>
      <MapTile TileID="1204" AltIDMod="0" />
    </MapTiles>
    <StaticTiles />
  </TransInfo>
  <TransInfo Description="add 40" HashKey="011919011919181919">
    <MapTiles>
      <MapTile TileID="1203" AltIDMod="0" />
    </MapTiles>
    <StaticTiles />
  </TransInfo>
  <TransInfo Description="add 5" HashKey="191919191919180101">
    <MapTiles>
      <MapTile TileID="1204" AltIDMod="0" />
    </MapTiles>
    <StaticTiles />
  </TransInfo>
  <TransInfo Description="&lt;New Transition&gt;" HashKey="181801191919191919">
    <MapTiles>
      <MapTile TileID="1206" AltIDMod="0" />
    </MapTiles>
    <StaticTiles />
  </TransInfo>
  <TransInfo Description="add 41" HashKey="181919011919011919">
    <MapTiles>
      <MapTile TileID="1203" AltIDMod="0" />
    </MapTiles>
    <StaticTiles />
  </TransInfo>
  <TransInfo Description="add 4" HashKey="191919191919181801">
    <MapTiles>
      <MapTile TileID="1204" AltIDMod="0" />
    </MapTiles>
    <StaticTiles />
  </TransInfo>
  <TransInfo Description="add 8 EW NS" HashKey="191901191901191918">
    <MapTiles>
      <MapTile TileID="1205" AltIDMod="0" />
    </MapTiles>
    <StaticTiles />
  </TransInfo>
  <TransInfo Description="add 7 EW NS" HashKey="191918191901191901">
    <MapTiles>
      <MapTile TileID="1205" AltIDMod="0" />
    </MapTiles>
    <StaticTiles />
  </TransInfo>
  <TransInfo Description="add 45" HashKey="010119010119181819">
    <MapTiles>
      <MapTile TileID="1661" AltIDMod="0" />
    </MapTiles>
    <StaticTiles />
  </TransInfo>
  <TransInfo Description="Cobblestones-Dark Wooden Floor (EW)-Grass" HashKey="011919011919011818">
    <MapTiles>
      <MapTile TileID="1208" AltIDMod="0" />
    </MapTiles>
    <StaticTiles />
  </TransInfo>
  <TransInfo Description="add 43" HashKey="181919181919011919">
    <MapTiles>
      <MapTile TileID="1203" AltIDMod="0" />
    </MapTiles>
    <StaticTiles />
  </TransInfo>
  <TransInfo Description="add 42" HashKey="011919181919181919">
    <MapTiles>
      <MapTile TileID="1203" AltIDMod="0" />
    </MapTiles>
    <StaticTiles />
  </TransInfo>
  <TransInfo Description="add 22" HashKey="010118191919191919">
    <MapTiles>
      <MapTile TileID="1206" AltIDMod="0" />
    </MapTiles>
    <StaticTiles />
  </TransInfo>
</Trans>