﻿<?xml version="1.0" encoding="utf-8"?>
<Trans>
  <TransInfo Description="Grass-Small Dirt-Cobblestones" HashKey="180808180808010101">
    <MapTiles>
      <MapTile TileID="1022" AltIDMod="0" />
    </MapTiles>
    <StaticTiles />
  </TransInfo>
  <TransInfo Description="Grass-Small Dirt-Cobblestones" HashKey="010101010101080818">
    <MapTiles>
      <MapTile TileID="139" AltIDMod="0" />
    </MapTiles>
    <StaticTiles />
  </TransInfo>
  <TransInfo Description="Grass-Small Dirt-Cobblestones" HashKey="181801080801080801">
    <MapTiles>
      <MapTile TileID="1023" AltIDMod="0" />
    </MapTiles>
    <StaticTiles />
  </TransInfo>
  <TransInfo Description="Grass-Small Dirt-Cobblestones" HashKey="010101180808180808">
    <MapTiles>
      <MapTile TileID="1022" AltIDMod="0" />
    </MapTiles>
    <StaticTiles />
  </TransInfo>
  <TransInfo Description="Grass-Small Dirt-Cobblestones" HashKey="011818010808010808">
    <MapTiles>
      <MapTile TileID="1023" AltIDMod="0" />
    </MapTiles>
    <StaticTiles />
  </TransInfo>
  <TransInfo Description="Grass-Small Dirt-Cobblestones" HashKey="010108010108010118">
    <MapTiles>
      <MapTile TileID="137" AltIDMod="0" />
    </MapTiles>
    <StaticTiles />
  </TransInfo>
  <TransInfo Description="Grass-Small Dirt-Cobblestones" HashKey="080801080801181801">
    <MapTiles>
      <MapTile TileID="1025" AltIDMod="0" />
    </MapTiles>
    <StaticTiles />
  </TransInfo>
  <TransInfo Description="Grass-Small Dirt-Cobblestones" HashKey="010101010101180808">
    <MapTiles>
      <MapTile TileID="139" AltIDMod="0" />
    </MapTiles>
    <StaticTiles />
  </TransInfo>
  <TransInfo Description="Grass-Small Dirt-Cobblestones" HashKey="080818010101010101">
    <MapTiles>
      <MapTile TileID="134" AltIDMod="0" />
    </MapTiles>
    <StaticTiles />
  </TransInfo>
  <TransInfo Description="Grass-Small Dirt-Cobblestones" HashKey="010108010118010118">
    <MapTiles>
      <MapTile TileID="1662" AltIDMod="0" />
    </MapTiles>
    <StaticTiles />
  </TransInfo>
  <TransInfo Description="Grass-Small Dirt-Cobblestones" HashKey="181808010101010101">
    <MapTiles>
      <MapTile TileID="1664" AltIDMod="0" />
    </MapTiles>
    <StaticTiles />
  </TransInfo>
  <TransInfo Description="Grass-Small Dirt-Cobblestones" HashKey="010118010108010108">
    <MapTiles>
      <MapTile TileID="137" AltIDMod="0" />
    </MapTiles>
    <StaticTiles />
  </TransInfo>
  <TransInfo Description="Grass-Small Dirt-Cobblestones" HashKey="180101180101080101">
    <MapTiles>
      <MapTile TileID="1663" AltIDMod="0" />
    </MapTiles>
    <StaticTiles />
  </TransInfo>
  <TransInfo Description="Grass-Small Dirt-Cobblestones" HashKey="180808010101010101">
    <MapTiles>
      <MapTile TileID="133" AltIDMod="0" />
    </MapTiles>
    <StaticTiles />
  </TransInfo>
  <TransInfo Description="Grass-Small Dirt-Cobblestones" HashKey="080818080818010101">
    <MapTiles>
      <MapTile TileID="1024" AltIDMod="0" />
    </MapTiles>
    <StaticTiles />
  </TransInfo>
  <TransInfo Description="Grass-Small Dirt-Cobblestones" HashKey="010101080818080818">
    <MapTiles>
      <MapTile TileID="1024" AltIDMod="0" />
    </MapTiles>
    <StaticTiles />
  </TransInfo>
  <TransInfo Description="Grass-Small Dirt-Cobblestones" HashKey="010101010101081818">
    <MapTiles>
      <MapTile TileID="1661" AltIDMod="0" />
    </MapTiles>
    <StaticTiles />
  </TransInfo>
  <TransInfo Description="Grass-Small Dirt-Cobblestones" HashKey="080101080101180101">
    <MapTiles>
      <MapTile TileID="135" AltIDMod="0" />
    </MapTiles>
    <StaticTiles />
  </TransInfo>
  <TransInfo Description="Grass-Small Dirt-Cobblestones" HashKey="010808010808011818">
    <MapTiles>
      <MapTile TileID="1025" AltIDMod="0" />
    </MapTiles>
    <StaticTiles />
  </TransInfo>
  <TransInfo Description="Grass-Small Dirt-Cobblestones" HashKey="080101180101180101">
    <MapTiles>
      <MapTile TileID="1663" AltIDMod="0" />
    </MapTiles>
    <StaticTiles />
  </TransInfo>
  <TransInfo Description="Grass-Small Dirt-Cobblestones" HashKey="010101010101181808">
    <MapTiles>
      <MapTile TileID="1661" AltIDMod="0" />
    </MapTiles>
    <StaticTiles />
  </TransInfo>
  <TransInfo Description="Grass-Small Dirt-Cobblestones" HashKey="010118010118010108">
    <MapTiles>
      <MapTile TileID="1662" AltIDMod="0" />
    </MapTiles>
    <StaticTiles />
  </TransInfo>
  <TransInfo Description="Grass-Small Dirt-Cobblestones" HashKey="081818010101010101">
    <MapTiles>
      <MapTile TileID="1664" AltIDMod="0" />
    </MapTiles>
    <StaticTiles />
  </TransInfo>
  <TransInfo Description="Grass-Small Dirt-Cobblestones" HashKey="180101080101080101">
    <MapTiles>
      <MapTile TileID="135" AltIDMod="0" />
    </MapTiles>
    <StaticTiles />
  </TransInfo>
</Trans>