﻿<?xml version="1.0" encoding="utf-8"?>
<Trans>
  <TransInfo Description="Grass Without Static-Small Dirt-Cobblestones" HashKey="3E3E3E180808180808">
    <MapTiles>
      <MapTile TileID="139" AltIDMod="0" />
      <MapTile TileID="140" AltIDMod="0" />
    </MapTiles>
    <StaticTiles />
  </TransInfo>
  <TransInfo Description="Grass Without Static-Small Dirt-Cobblestones" HashKey="18183E18183E08083E">
    <MapTiles>
      <MapTile TileID="1663" AltIDMod="0" />
    </MapTiles>
    <StaticTiles />
  </TransInfo>
  <TransInfo Description="Grass Without Static-Small Dirt-Cobblestones" HashKey="1808083E3E3E3E3E3E">
    <MapTiles>
      <MapTile TileID="3" AltIDMod="0" />
      <MapTile TileID="4" AltIDMod="0" />
      <MapTile TileID="5" AltIDMod="0" />
      <MapTile TileID="6" AltIDMod="0" />
    </MapTiles>
    <StaticTiles />
  </TransInfo>
  <TransInfo Description="Grass Without Static-Small Dirt-Cobblestones" HashKey="0808183E3E3E3E3E3E">
    <MapTiles>
      <MapTile TileID="3" AltIDMod="0" />
      <MapTile TileID="4" AltIDMod="0" />
      <MapTile TileID="5" AltIDMod="0" />
      <MapTile TileID="6" AltIDMod="0" />
    </MapTiles>
    <StaticTiles />
  </TransInfo>
  <TransInfo Description="Grass Without Static-Small Dirt-Cobblestones" HashKey="1818183E3E083E3E08">
    <MapTiles>
      <MapTile TileID="3" AltIDMod="0" />
      <MapTile TileID="4" AltIDMod="0" />
      <MapTile TileID="5" AltIDMod="0" />
      <MapTile TileID="6" AltIDMod="0" />
    </MapTiles>
    <StaticTiles />
  </TransInfo>
  <TransInfo Description="Grass Without Static-Small Dirt-Cobblestones" HashKey="18180818180818183E">
    <MapTiles>
      <MapTile TileID="1670" AltIDMod="0" />
    </MapTiles>
    <StaticTiles />
  </TransInfo>
  <TransInfo Description="Grass Without Static-Small Dirt-Cobblestones" HashKey="3E3E3E3E3E3E181808">
    <MapTiles>
      <MapTile TileID="3" AltIDMod="0" />
      <MapTile TileID="4" AltIDMod="0" />
      <MapTile TileID="5" AltIDMod="0" />
      <MapTile TileID="6" AltIDMod="0" />
    </MapTiles>
    <StaticTiles />
  </TransInfo>
  <TransInfo Description="Grass Without Static-Small Dirt-Cobblestones" HashKey="3E3E08181808181808">
    <MapTiles>
      <MapTile TileID="1661" AltIDMod="0" />
    </MapTiles>
    <StaticTiles />
  </TransInfo>
  <TransInfo Description="Grass Without Static-Small Dirt-Cobblestones" HashKey="08083E08083E18183E">
    <MapTiles>
      <MapTile TileID="135" AltIDMod="0" />
      <MapTile TileID="136" AltIDMod="0" />
    </MapTiles>
    <StaticTiles />
  </TransInfo>
  <TransInfo Description="Grass Without Static-Small Dirt-Cobblestones" HashKey="183E3E183E3E083E3E">
    <MapTiles>
      <MapTile TileID="3" AltIDMod="0" />
      <MapTile TileID="4" AltIDMod="0" />
      <MapTile TileID="5" AltIDMod="0" />
      <MapTile TileID="6" AltIDMod="0" />
    </MapTiles>
    <StaticTiles />
  </TransInfo>
  <TransInfo Description="Grass Without Static-Small Dirt-Cobblestones" HashKey="3E3E183E3E183E3E08">
    <MapTiles>
      <MapTile TileID="3" AltIDMod="0" />
      <MapTile TileID="4" AltIDMod="0" />
      <MapTile TileID="5" AltIDMod="0" />
      <MapTile TileID="6" AltIDMod="0" />
    </MapTiles>
    <StaticTiles />
  </TransInfo>
  <TransInfo Description="Grass Without Static-Small Dirt-Cobblestones" HashKey="18181808083E08083E">
    <MapTiles>
      <MapTile TileID="135" AltIDMod="0" />
      <MapTile TileID="136" AltIDMod="0" />
    </MapTiles>
    <StaticTiles />
  </TransInfo>
  <TransInfo Description="Grass Without Static-Small Dirt-Cobblestones" HashKey="3E3E183E3E083E3E08">
    <MapTiles>
      <MapTile TileID="3" AltIDMod="0" />
      <MapTile TileID="4" AltIDMod="0" />
      <MapTile TileID="5" AltIDMod="0" />
      <MapTile TileID="6" AltIDMod="0" />
    </MapTiles>
    <StaticTiles />
  </TransInfo>
  <TransInfo Description="Grass Without Static-Small Dirt-Cobblestones" HashKey="0808080808083E3E18">
    <MapTiles>
      <MapTile TileID="133" AltIDMod="0" />
      <MapTile TileID="134" AltIDMod="0" />
    </MapTiles>
    <StaticTiles />
  </TransInfo>
  <TransInfo Description="Grass Without Static-Small Dirt-Cobblestones" HashKey="0818180818183E3E3E">
    <MapTiles>
      <MapTile TileID="1664" AltIDMod="0" />
    </MapTiles>
    <StaticTiles />
  </TransInfo>
  <TransInfo Description="Grass Without Static-Small Dirt-Cobblestones" HashKey="08081808081808083E">
    <MapTiles>
      <MapTile TileID="121" AltIDMod="0" />
    </MapTiles>
    <StaticTiles />
  </TransInfo>
  <TransInfo Description="Grass Without Static-Small Dirt-Cobblestones" HashKey="18183E18183E181808">
    <MapTiles>
      <MapTile TileID="1663" AltIDMod="0" />
    </MapTiles>
    <StaticTiles />
  </TransInfo>
  <TransInfo Description="Grass Without Static-Small Dirt-Cobblestones" HashKey="0808180808183E3E3E">
    <MapTiles>
      <MapTile TileID="133" AltIDMod="0" />
      <MapTile TileID="134" AltIDMod="0" />
    </MapTiles>
    <StaticTiles />
  </TransInfo>
  <TransInfo Description="Grass Without Static-Small Dirt-Cobblestones" HashKey="3E1818080808080808">
    <MapTiles>
      <MapTile TileID="122" AltIDMod="0" />
    </MapTiles>
    <StaticTiles />
  </TransInfo>
  <TransInfo Description="Grass Without Static-Small Dirt-Cobblestones" HashKey="0808183E3E183E3E18">
    <MapTiles>
      <MapTile TileID="3" AltIDMod="0" />
      <MapTile TileID="4" AltIDMod="0" />
      <MapTile TileID="5" AltIDMod="0" />
      <MapTile TileID="6" AltIDMod="0" />
    </MapTiles>
    <StaticTiles />
  </TransInfo>
  <TransInfo Description="Grass Without Static-Small Dirt-Cobblestones" HashKey="3E3E083E3E08181818">
    <MapTiles>
      <MapTile TileID="3" AltIDMod="0" />
      <MapTile TileID="4" AltIDMod="0" />
      <MapTile TileID="5" AltIDMod="0" />
      <MapTile TileID="6" AltIDMod="0" />
    </MapTiles>
    <StaticTiles />
  </TransInfo>
  <TransInfo Description="Grass Without Static-Small Dirt-Cobblestones" HashKey="18183E181808181808">
    <MapTiles>
      <MapTile TileID="1671" AltIDMod="0" />
    </MapTiles>
    <StaticTiles />
  </TransInfo>
  <TransInfo Description="Grass Without Static-Small Dirt-Cobblestones" HashKey="3E3E183E3E18080808">
    <MapTiles>
      <MapTile TileID="3" AltIDMod="0" />
      <MapTile TileID="4" AltIDMod="0" />
      <MapTile TileID="5" AltIDMod="0" />
      <MapTile TileID="6" AltIDMod="0" />
    </MapTiles>
    <StaticTiles />
  </TransInfo>
  <TransInfo Description="Grass Without Static-Small Dirt-Cobblestones" HashKey="18180818183E18183E">
    <MapTiles>
      <MapTile TileID="1663" AltIDMod="0" />
    </MapTiles>
    <StaticTiles />
  </TransInfo>
  <TransInfo Description="Grass Without Static-Small Dirt-Cobblestones" HashKey="3E08083E18183E1818">
    <MapTiles>
      <MapTile TileID="1662" AltIDMod="0" />
    </MapTiles>
    <StaticTiles />
  </TransInfo>
  <TransInfo Description="Grass Without Static-Small Dirt-Cobblestones" HashKey="1818183E08083E0808">
    <MapTiles>
      <MapTile TileID="137" AltIDMod="0" />
      <MapTile TileID="138" AltIDMod="0" />
    </MapTiles>
    <StaticTiles />
  </TransInfo>
  <TransInfo Description="Grass Without Static-Small Dirt-Cobblestones" HashKey="080808183E3E183E3E">
    <MapTiles>
      <MapTile TileID="3" AltIDMod="0" />
      <MapTile TileID="4" AltIDMod="0" />
      <MapTile TileID="5" AltIDMod="0" />
      <MapTile TileID="6" AltIDMod="0" />
    </MapTiles>
    <StaticTiles />
  </TransInfo>
  <TransInfo Description="Grass Without Static-Small Dirt-Cobblestones" HashKey="3E18183E1818081818">
    <MapTiles>
      <MapTile TileID="1662" AltIDMod="0" />
    </MapTiles>
    <StaticTiles />
  </TransInfo>
  <TransInfo Description="Grass Without Static-Small Dirt-Cobblestones" HashKey="08081808083E08083E">
    <MapTiles>
      <MapTile TileID="135" AltIDMod="0" />
      <MapTile TileID="136" AltIDMod="0" />
    </MapTiles>
    <StaticTiles />
  </TransInfo>
  <TransInfo Description="Grass Without Static-Small Dirt-Cobblestones" HashKey="08083E080818080818">
    <MapTiles>
      <MapTile TileID="124" AltIDMod="0" />
    </MapTiles>
    <StaticTiles />
  </TransInfo>
  <TransInfo Description="Grass Without Static-Small Dirt-Cobblestones" HashKey="3E3E3E181808181808">
    <MapTiles>
      <MapTile TileID="1661" AltIDMod="0" />
    </MapTiles>
    <StaticTiles />
  </TransInfo>
  <TransInfo Description="Grass Without Static-Small Dirt-Cobblestones" HashKey="3E0808180808180808">
    <MapTiles>
      <MapTile TileID="122" AltIDMod="0" />
    </MapTiles>
    <StaticTiles />
  </TransInfo>
  <TransInfo Description="Grass Without Static-Small Dirt-Cobblestones" HashKey="083E3E083E3E181818">
    <MapTiles>
      <MapTile TileID="3" AltIDMod="0" />
      <MapTile TileID="4" AltIDMod="0" />
      <MapTile TileID="5" AltIDMod="0" />
      <MapTile TileID="6" AltIDMod="0" />
    </MapTiles>
    <StaticTiles />
  </TransInfo>
  <TransInfo Description="Grass Without Static-Small Dirt-Cobblestones" HashKey="3E08083E0808180808">
    <MapTiles>
      <MapTile TileID="137" AltIDMod="0" />
      <MapTile TileID="138" AltIDMod="0" />
    </MapTiles>
    <StaticTiles />
  </TransInfo>
  <TransInfo Description="Grass Without Static-Small Dirt-Cobblestones" HashKey="183E3E080808080808">
    <MapTiles>
      <MapTile TileID="139" AltIDMod="0" />
      <MapTile TileID="140" AltIDMod="0" />
    </MapTiles>
    <StaticTiles />
  </TransInfo>
  <TransInfo Description="Grass Without Static-Small Dirt-Cobblestones" HashKey="3E3E083E3E08181808">
    <MapTiles>
      <MapTile TileID="3" AltIDMod="0" />
      <MapTile TileID="4" AltIDMod="0" />
      <MapTile TileID="5" AltIDMod="0" />
      <MapTile TileID="6" AltIDMod="0" />
    </MapTiles>
    <StaticTiles />
  </TransInfo>
  <TransInfo Description="Grass Without Static-Small Dirt-Cobblestones" HashKey="080808080808183E3E">
    <MapTiles>
      <MapTile TileID="133" AltIDMod="0" />
      <MapTile TileID="134" AltIDMod="0" />
    </MapTiles>
    <StaticTiles />
  </TransInfo>
  <TransInfo Description="Grass Without Static-Small Dirt-Cobblestones" HashKey="3E3E18080808080808">
    <MapTiles>
      <MapTile TileID="139" AltIDMod="0" />
      <MapTile TileID="140" AltIDMod="0" />
    </MapTiles>
    <StaticTiles />
  </TransInfo>
  <TransInfo Description="Grass Without Static-Small Dirt-Cobblestones" HashKey="181818083E3E083E3E">
    <MapTiles>
      <MapTile TileID="3" AltIDMod="0" />
      <MapTile TileID="4" AltIDMod="0" />
      <MapTile TileID="5" AltIDMod="0" />
      <MapTile TileID="6" AltIDMod="0" />
    </MapTiles>
    <StaticTiles />
  </TransInfo>
  <TransInfo Description="Grass Without Static-Small Dirt-Cobblestones" HashKey="1818083E3E3E3E3E3E">
    <MapTiles>
      <MapTile TileID="3" AltIDMod="0" />
      <MapTile TileID="4" AltIDMod="0" />
      <MapTile TileID="5" AltIDMod="0" />
      <MapTile TileID="6" AltIDMod="0" />
    </MapTiles>
    <StaticTiles />
  </TransInfo>
  <TransInfo Description="Grass Without Static-Small Dirt-Cobblestones" HashKey="3E3E3E3E3E3E081818">
    <MapTiles>
      <MapTile TileID="3" AltIDMod="0" />
      <MapTile TileID="4" AltIDMod="0" />
      <MapTile TileID="5" AltIDMod="0" />
      <MapTile TileID="6" AltIDMod="0" />
    </MapTiles>
    <StaticTiles />
  </TransInfo>
  <TransInfo Description="Grass Without Static-Small Dirt-Cobblestones" HashKey="3E0808181818181818">
    <MapTiles>
      <MapTile TileID="1669" AltIDMod="0" />
    </MapTiles>
    <StaticTiles />
  </TransInfo>
  <TransInfo Description="Grass Without Static-Small Dirt-Cobblestones" HashKey="0818183E18183E1818">
    <MapTiles>
      <MapTile TileID="1662" AltIDMod="0" />
    </MapTiles>
    <StaticTiles />
  </TransInfo>
  <TransInfo Description="Grass Without Static-Small Dirt-Cobblestones" HashKey="18183E08083E08083E">
    <MapTiles>
      <MapTile TileID="135" AltIDMod="0" />
      <MapTile TileID="136" AltIDMod="0" />
    </MapTiles>
    <StaticTiles />
  </TransInfo>
  <TransInfo Description="Grass Without Static-Small Dirt-Cobblestones" HashKey="18183E080808080808">
    <MapTiles>
      <MapTile TileID="124" AltIDMod="0" />
    </MapTiles>
    <StaticTiles />
  </TransInfo>
  <TransInfo Description="Grass Without Static-Small Dirt-Cobblestones" HashKey="18183E18183E080808">
    <MapTiles>
      <MapTile TileID="1663" AltIDMod="0" />
    </MapTiles>
    <StaticTiles />
  </TransInfo>
  <TransInfo Description="Grass Without Static-Small Dirt-Cobblestones" HashKey="3E3E3E081818081818">
    <MapTiles>
      <MapTile TileID="1661" AltIDMod="0" />
    </MapTiles>
    <StaticTiles />
  </TransInfo>
  <TransInfo Description="Grass Without Static-Small Dirt-Cobblestones" HashKey="3E08083E08083E1818">
    <MapTiles>
      <MapTile TileID="137" AltIDMod="0" />
      <MapTile TileID="138" AltIDMod="0" />
    </MapTiles>
    <StaticTiles />
  </TransInfo>
  <TransInfo Description="Grass Without Static-Small Dirt-Cobblestones" HashKey="183E3E183E3E180808">
    <MapTiles>
      <MapTile TileID="3" AltIDMod="0" />
      <MapTile TileID="4" AltIDMod="0" />
      <MapTile TileID="5" AltIDMod="0" />
      <MapTile TileID="6" AltIDMod="0" />
    </MapTiles>
    <StaticTiles />
  </TransInfo>
  <TransInfo Description="Grass Without Static-Small Dirt-Cobblestones" HashKey="3E1818081818081818">
    <MapTiles>
      <MapTile TileID="1669" AltIDMod="0" />
    </MapTiles>
    <StaticTiles />
  </TransInfo>
  <TransInfo Description="Grass Without Static-Small Dirt-Cobblestones" HashKey="0808083E3E183E3E18">
    <MapTiles>
      <MapTile TileID="3" AltIDMod="0" />
      <MapTile TileID="4" AltIDMod="0" />
      <MapTile TileID="5" AltIDMod="0" />
      <MapTile TileID="6" AltIDMod="0" />
    </MapTiles>
    <StaticTiles />
  </TransInfo>
  <TransInfo Description="Grass Without Static-Small Dirt-Cobblestones" HashKey="3E3E3E3E3E3E180808">
    <MapTiles>
      <MapTile TileID="3" AltIDMod="0" />
      <MapTile TileID="4" AltIDMod="0" />
      <MapTile TileID="5" AltIDMod="0" />
      <MapTile TileID="6" AltIDMod="0" />
    </MapTiles>
    <StaticTiles />
  </TransInfo>
  <TransInfo Description="Grass Without Static-Small Dirt-Cobblestones" HashKey="183E3E083E3E083E3E">
    <MapTiles>
      <MapTile TileID="3" AltIDMod="0" />
      <MapTile TileID="4" AltIDMod="0" />
      <MapTile TileID="5" AltIDMod="0" />
      <MapTile TileID="6" AltIDMod="0" />
    </MapTiles>
    <StaticTiles />
  </TransInfo>
  <TransInfo Description="Grass Without Static-Small Dirt-Cobblestones" HashKey="1818181818183E0808">
    <MapTiles>
      <MapTile TileID="1672" AltIDMod="0" />
    </MapTiles>
    <StaticTiles />
  </TransInfo>
  <TransInfo Description="Grass Without Static-Small Dirt-Cobblestones" HashKey="081818081818083E3E">
    <MapTiles>
      <MapTile TileID="1664" AltIDMod="0" />
    </MapTiles>
    <StaticTiles />
  </TransInfo>
  <TransInfo Description="Grass Without Static-Small Dirt-Cobblestones" HashKey="3E3E18080818080818">
    <MapTiles>
      <MapTile TileID="139" AltIDMod="0" />
      <MapTile TileID="140" AltIDMod="0" />
    </MapTiles>
    <StaticTiles />
  </TransInfo>
  <TransInfo Description="Grass Without Static-Small Dirt-Cobblestones" HashKey="1818181818183E3E08">
    <MapTiles>
      <MapTile TileID="1664" AltIDMod="0" />
    </MapTiles>
    <StaticTiles />
  </TransInfo>
  <TransInfo Description="Grass Without Static-Small Dirt-Cobblestones" HashKey="1818081818083E3E08">
    <MapTiles>
      <MapTile TileID="1664" AltIDMod="0" />
    </MapTiles>
    <StaticTiles />
  </TransInfo>
  <TransInfo Description="Grass Without Static-Small Dirt-Cobblestones" HashKey="1808081808083E3E3E">
    <MapTiles>
      <MapTile TileID="133" AltIDMod="0" />
      <MapTile TileID="134" AltIDMod="0" />
    </MapTiles>
    <StaticTiles />
  </TransInfo>
  <TransInfo Description="Grass Without Static-Small Dirt-Cobblestones" HashKey="083E3E181818181818">
    <MapTiles>
      <MapTile TileID="1661" AltIDMod="0" />
    </MapTiles>
    <StaticTiles />
  </TransInfo>
  <TransInfo Description="Grass Without Static-Small Dirt-Cobblestones" HashKey="083E3E183E3E183E3E">
    <MapTiles>
      <MapTile TileID="3" AltIDMod="0" />
      <MapTile TileID="4" AltIDMod="0" />
      <MapTile TileID="5" AltIDMod="0" />
      <MapTile TileID="6" AltIDMod="0" />
    </MapTiles>
    <StaticTiles />
  </TransInfo>
  <TransInfo Description="Grass Without Static-Small Dirt-Cobblestones" HashKey="0818180818183E1818">
    <MapTiles>
      <MapTile TileID="1672" AltIDMod="0" />
    </MapTiles>
    <StaticTiles />
  </TransInfo>
  <TransInfo Description="Grass Without Static-Small Dirt-Cobblestones" HashKey="1818081818083E3E3E">
    <MapTiles>
      <MapTile TileID="1664" AltIDMod="0" />
    </MapTiles>
    <StaticTiles />
  </TransInfo>
  <TransInfo Description="Grass Without Static-Small Dirt-Cobblestones" HashKey="0818183E3E3E3E3E3E">
    <MapTiles>
      <MapTile TileID="3" AltIDMod="0" />
      <MapTile TileID="4" AltIDMod="0" />
      <MapTile TileID="5" AltIDMod="0" />
      <MapTile TileID="6" AltIDMod="0" />
    </MapTiles>
    <StaticTiles />
  </TransInfo>
  <TransInfo Description="Grass Without Static-Small Dirt-Cobblestones" HashKey="3E3E08181818181818">
    <MapTiles>
      <MapTile TileID="1661" AltIDMod="0" />
    </MapTiles>
    <StaticTiles />
  </TransInfo>
  <TransInfo Description="Grass Without Static-Small Dirt-Cobblestones" HashKey="18181818181808083E">
    <MapTiles>
      <MapTile TileID="1670" AltIDMod="0" />
    </MapTiles>
    <StaticTiles />
  </TransInfo>
  <TransInfo Description="Grass Without Static-Small Dirt-Cobblestones" HashKey="08083E08083E080818">
    <MapTiles>
      <MapTile TileID="135" AltIDMod="0" />
      <MapTile TileID="136" AltIDMod="0" />
    </MapTiles>
    <StaticTiles />
  </TransInfo>
  <TransInfo Description="Grass Without Static-Small Dirt-Cobblestones" HashKey="180808180808183E3E">
    <MapTiles>
      <MapTile TileID="133" AltIDMod="0" />
      <MapTile TileID="134" AltIDMod="0" />
    </MapTiles>
    <StaticTiles />
  </TransInfo>
  <TransInfo Description="Grass Without Static-Small Dirt-Cobblestones" HashKey="3E3E3E3E3E3E080818">
    <MapTiles>
      <MapTile TileID="3" AltIDMod="0" />
      <MapTile TileID="4" AltIDMod="0" />
      <MapTile TileID="5" AltIDMod="0" />
      <MapTile TileID="6" AltIDMod="0" />
    </MapTiles>
    <StaticTiles />
  </TransInfo>
  <TransInfo Description="Grass Without Static-Small Dirt-Cobblestones" HashKey="3E18183E08083E0808">
    <MapTiles>
      <MapTile TileID="137" AltIDMod="0" />
      <MapTile TileID="138" AltIDMod="0" />
    </MapTiles>
    <StaticTiles />
  </TransInfo>
  <TransInfo Description="Grass Without Static-Small Dirt-Cobblestones" HashKey="3E18183E1818080808">
    <MapTiles>
      <MapTile TileID="1662" AltIDMod="0" />
    </MapTiles>
    <StaticTiles />
  </TransInfo>
  <TransInfo Description="Grass Without Static-Small Dirt-Cobblestones" HashKey="08083E18183E18183E">
    <MapTiles>
      <MapTile TileID="1663" AltIDMod="0" />
    </MapTiles>
    <StaticTiles />
  </TransInfo>
  <TransInfo Description="Grass Without Static-Small Dirt-Cobblestones" HashKey="0808180808183E3E18">
    <MapTiles>
      <MapTile TileID="133" AltIDMod="0" />
      <MapTile TileID="134" AltIDMod="0" />
    </MapTiles>
    <StaticTiles />
  </TransInfo>
  <TransInfo Description="Grass Without Static-Small Dirt-Cobblestones" HashKey="081818083E3E083E3E">
    <MapTiles>
      <MapTile TileID="3" AltIDMod="0" />
      <MapTile TileID="4" AltIDMod="0" />
      <MapTile TileID="5" AltIDMod="0" />
      <MapTile TileID="6" AltIDMod="0" />
    </MapTiles>
    <StaticTiles />
  </TransInfo>
  <TransInfo Description="Grass Without Static-Small Dirt-Cobblestones" HashKey="083E3E081818081818">
    <MapTiles>
      <MapTile TileID="1661" AltIDMod="0" />
    </MapTiles>
    <StaticTiles />
  </TransInfo>
  <TransInfo Description="Grass Without Static-Small Dirt-Cobblestones" HashKey="3E3E3E080818080818">
    <MapTiles>
      <MapTile TileID="139" AltIDMod="0" />
      <MapTile TileID="140" AltIDMod="0" />
    </MapTiles>
    <StaticTiles />
  </TransInfo>
  <TransInfo Description="Grass Without Static-Small Dirt-Cobblestones" HashKey="08080808080818183E">
    <MapTiles>
      <MapTile TileID="121" AltIDMod="0" />
    </MapTiles>
    <StaticTiles />
  </TransInfo>
  <TransInfo Description="Grass Without Static-Small Dirt-Cobblestones" HashKey="3E08083E0808181818">
    <MapTiles>
      <MapTile TileID="137" AltIDMod="0" />
      <MapTile TileID="138" AltIDMod="0" />
    </MapTiles>
    <StaticTiles />
  </TransInfo>
  <TransInfo Description="Grass Without Static-Small Dirt-Cobblestones" HashKey="0808080808083E1818">
    <MapTiles>
      <MapTile TileID="123" AltIDMod="0" />
    </MapTiles>
    <StaticTiles />
  </TransInfo>
  <TransInfo Description="Grass Without Static-Small Dirt-Cobblestones" HashKey="08080818183E18183E">
    <MapTiles>
      <MapTile TileID="1663" AltIDMod="0" />
    </MapTiles>
    <StaticTiles />
  </TransInfo>
  <TransInfo Description="Grass Without Static-Small Dirt-Cobblestones" HashKey="183E3E183E3E080808">
    <MapTiles>
      <MapTile TileID="3" AltIDMod="0" />
      <MapTile TileID="4" AltIDMod="0" />
      <MapTile TileID="5" AltIDMod="0" />
      <MapTile TileID="6" AltIDMod="0" />
    </MapTiles>
    <StaticTiles />
  </TransInfo>
  <TransInfo Description="Grass Without Static-Small Dirt-Cobblestones" HashKey="1808083E08083E0808">
    <MapTiles>
      <MapTile TileID="137" AltIDMod="0" />
      <MapTile TileID="138" AltIDMod="0" />
    </MapTiles>
    <StaticTiles />
  </TransInfo>
  <TransInfo Description="Grass Without Static-Small Dirt-Cobblestones" HashKey="183E3E180808180808">
    <MapTiles>
      <MapTile TileID="139" AltIDMod="0" />
      <MapTile TileID="140" AltIDMod="0" />
    </MapTiles>
    <StaticTiles />
  </TransInfo>
  <TransInfo Description="Grass Without Static-Small Dirt-Cobblestones" HashKey="3E3E083E3E083E3E18">
    <MapTiles>
      <MapTile TileID="3" AltIDMod="0" />
      <MapTile TileID="4" AltIDMod="0" />
      <MapTile TileID="5" AltIDMod="0" />
      <MapTile TileID="6" AltIDMod="0" />
    </MapTiles>
    <StaticTiles />
  </TransInfo>
  <TransInfo Description="Grass Without Static-Small Dirt-Cobblestones" HashKey="083E3E083E3E183E3E">
    <MapTiles>
      <MapTile TileID="3" AltIDMod="0" />
      <MapTile TileID="4" AltIDMod="0" />
      <MapTile TileID="5" AltIDMod="0" />
      <MapTile TileID="6" AltIDMod="0" />
    </MapTiles>
    <StaticTiles />
  </TransInfo>
  <TransInfo Description="Grass Without Static-Small Dirt-Cobblestones" HashKey="08083E181818181818">
    <MapTiles>
      <MapTile TileID="1671" AltIDMod="0" />
    </MapTiles>
    <StaticTiles />
  </TransInfo>
  <TransInfo Description="Grass Without Static-Small Dirt-Cobblestones" HashKey="3E18183E18183E0808">
    <MapTiles>
      <MapTile TileID="1662" AltIDMod="0" />
    </MapTiles>
    <StaticTiles />
  </TransInfo>
  <TransInfo Description="Grass Without Static-Small Dirt-Cobblestones" HashKey="181818181818083E3E">
    <MapTiles>
      <MapTile TileID="1664" AltIDMod="0" />
    </MapTiles>
    <StaticTiles />
  </TransInfo>
  <TransInfo Description="Grass Without Static-Small Dirt-Cobblestones" HashKey="083E3E083E3E081818">
    <MapTiles>
      <MapTile TileID="3" AltIDMod="0" />
      <MapTile TileID="4" AltIDMod="0" />
      <MapTile TileID="5" AltIDMod="0" />
      <MapTile TileID="6" AltIDMod="0" />
    </MapTiles>
    <StaticTiles />
  </TransInfo>
  <TransInfo Description="Grass Without Static-Small Dirt-Cobblestones" HashKey="3E3E083E3E183E3E18">
    <MapTiles>
      <MapTile TileID="3" AltIDMod="0" />
      <MapTile TileID="4" AltIDMod="0" />
      <MapTile TileID="5" AltIDMod="0" />
      <MapTile TileID="6" AltIDMod="0" />
    </MapTiles>
    <StaticTiles />
  </TransInfo>
  <TransInfo Description="Grass Without Static-Small Dirt-Cobblestones" HashKey="180808183E3E183E3E">
    <MapTiles>
      <MapTile TileID="3" AltIDMod="0" />
      <MapTile TileID="4" AltIDMod="0" />
      <MapTile TileID="5" AltIDMod="0" />
      <MapTile TileID="6" AltIDMod="0" />
    </MapTiles>
    <StaticTiles />
  </TransInfo>
  <TransInfo Description="Grass Without Static-Small Dirt-Cobblestones" HashKey="1818083E3E083E3E08">
    <MapTiles>
      <MapTile TileID="3" AltIDMod="0" />
      <MapTile TileID="4" AltIDMod="0" />
      <MapTile TileID="5" AltIDMod="0" />
      <MapTile TileID="6" AltIDMod="0" />
    </MapTiles>
    <StaticTiles />
  </TransInfo>
  <TransInfo Description="Grass Without Static-Small Dirt-Cobblestones" HashKey="1808081808083E0808">
    <MapTiles>
      <MapTile TileID="123" AltIDMod="0" />
    </MapTiles>
    <StaticTiles />
  </TransInfo>
  <TransInfo Description="Grass Without Static-Small Dirt-Cobblestones" HashKey="3E3E183E3E18080818">
    <MapTiles>
      <MapTile TileID="3" AltIDMod="0" />
      <MapTile TileID="4" AltIDMod="0" />
      <MapTile TileID="5" AltIDMod="0" />
      <MapTile TileID="6" AltIDMod="0" />
    </MapTiles>
    <StaticTiles />
  </TransInfo>
  <TransInfo Description="Grass Without Static-Small Dirt-Cobblestones" HashKey="08083E08083E181818">
    <MapTiles>
      <MapTile TileID="135" AltIDMod="0" />
      <MapTile TileID="136" AltIDMod="0" />
    </MapTiles>
    <StaticTiles />
  </TransInfo>
  <TransInfo Description="Grass Without Static-Small Dirt-Cobblestones" HashKey="0808083E18183E1818">
    <MapTiles>
      <MapTile TileID="1662" AltIDMod="0" />
    </MapTiles>
    <StaticTiles />
  </TransInfo>
</Trans>