﻿<?xml version="1.0" encoding="utf-8"?>
<Trans>
  <TransInfo Description="Gras Without Statics-Forest-Small Dirt" HashKey="3E3E0B3E3E083E3E08">
    <MapTiles>
      <MapTile TileID="218" AltIDMod="0" />
    </MapTiles>
    <StaticTiles />
  </TransInfo>
  <TransInfo Description="Gras Without Statics-Forest-Small Dirt" HashKey="0808080808083E3E0B">
    <MapTiles>
      <MapTile TileID="133" AltIDMod="0" />
      <MapTile TileID="134" AltIDMod="0" />
    </MapTiles>
    <StaticTiles />
  </TransInfo>
  <TransInfo Description="Gras Without Statics-Forest-Small Dirt" HashKey="0808080808080B0B3E">
    <MapTiles>
      <MapTile TileID="357" AltIDMod="0" />
    </MapTiles>
    <StaticTiles />
  </TransInfo>
  <TransInfo Description="Gras Without Statics-Forest-Small Dirt" HashKey="3E3E3E080B0B080B0B">
    <MapTiles>
      <MapTile TileID="196" AltIDMod="0" />
      <MapTile TileID="197" AltIDMod="0" />
      <MapTile TileID="198" AltIDMod="0" />
      <MapTile TileID="199" AltIDMod="0" />
    </MapTiles>
    <StaticTiles />
  </TransInfo>
  <TransInfo Description="Gras Without Statics-Forest-Small Dirt" HashKey="083E3E083E3E0B3E3E">
    <MapTiles>
      <MapTile TileID="219" AltIDMod="0" />
    </MapTiles>
    <StaticTiles />
  </TransInfo>
  <TransInfo Description="Gras Without Statics-Forest-Small Dirt" HashKey="0B0B3E0B0B3E080808">
    <MapTiles>
      <MapTile TileID="196" AltIDMod="0" />
      <MapTile TileID="197" AltIDMod="0" />
      <MapTile TileID="198" AltIDMod="0" />
      <MapTile TileID="199" AltIDMod="0" />
    </MapTiles>
    <StaticTiles />
  </TransInfo>
  <TransInfo Description="Gras Without Statics-Forest-Small Dirt" HashKey="0B0B0B0B0B0B3E3E08">
    <MapTiles>
      <MapTile TileID="196" AltIDMod="0" />
      <MapTile TileID="197" AltIDMod="0" />
      <MapTile TileID="198" AltIDMod="0" />
      <MapTile TileID="199" AltIDMod="0" />
    </MapTiles>
    <StaticTiles />
  </TransInfo>
  <TransInfo Description="Gras Without Statics-Forest-Small Dirt" HashKey="0B0B0B3E3E083E3E08">
    <MapTiles>
      <MapTile TileID="200" AltIDMod="0" />
      <MapTile TileID="201" AltIDMod="0" />
    </MapTiles>
    <StaticTiles />
  </TransInfo>
  <TransInfo Description="Gras Without Statics-Forest-Small Dirt" HashKey="3E3E0B3E3E0B08080B">
    <MapTiles>
      <MapTile TileID="206" AltIDMod="0" />
      <MapTile TileID="207" AltIDMod="0" />
    </MapTiles>
    <StaticTiles />
  </TransInfo>
  <TransInfo Description="Gras Without Statics-Forest-Small Dirt" HashKey="0B0B3E0B0B3E08083E">
    <MapTiles>
      <MapTile TileID="196" AltIDMod="0" />
      <MapTile TileID="197" AltIDMod="0" />
      <MapTile TileID="198" AltIDMod="0" />
      <MapTile TileID="199" AltIDMod="0" />
    </MapTiles>
    <StaticTiles />
  </TransInfo>
  <TransInfo Description="Gras Without Statics-Forest-Small Dirt" HashKey="08083E08083E08080B">
    <MapTiles>
      <MapTile TileID="135" AltIDMod="0" />
      <MapTile TileID="136" AltIDMod="0" />
    </MapTiles>
    <StaticTiles />
  </TransInfo>
  <TransInfo Description="Gras Without Statics-Forest-Small Dirt" HashKey="083E3E083E3E080B0B">
    <MapTiles>
      <MapTile TileID="208" AltIDMod="0" />
      <MapTile TileID="209" AltIDMod="0" />
    </MapTiles>
    <StaticTiles />
  </TransInfo>
  <TransInfo Description="Gras Without Statics-Forest-Small Dirt" HashKey="3E3E083E3E0B3E3E0B">
    <MapTiles>
      <MapTile TileID="206" AltIDMod="0" />
      <MapTile TileID="207" AltIDMod="0" />
    </MapTiles>
    <StaticTiles />
  </TransInfo>
  <TransInfo Description="Gras Without Statics-Forest-Small Dirt" HashKey="08080B08080B3E3E0B">
    <MapTiles>
      <MapTile TileID="355" AltIDMod="0" />
    </MapTiles>
    <StaticTiles />
  </TransInfo>
  <TransInfo Description="Gras Without Statics-Forest-Small Dirt" HashKey="3E08083E08083E0B0B">
    <MapTiles>
      <MapTile TileID="354" AltIDMod="0" />
    </MapTiles>
    <StaticTiles />
  </TransInfo>
  <TransInfo Description="Gras Without Statics-Forest-Small Dirt" HashKey="3E3E080B0B080B0B08">
    <MapTiles>
      <MapTile TileID="196" AltIDMod="0" />
      <MapTile TileID="197" AltIDMod="0" />
      <MapTile TileID="198" AltIDMod="0" />
      <MapTile TileID="199" AltIDMod="0" />
    </MapTiles>
    <StaticTiles />
  </TransInfo>
  <TransInfo Description="Gras Without Statics-Forest-Small Dirt" HashKey="08080B3E3E3E3E3E3E">
    <MapTiles>
      <MapTile TileID="218" AltIDMod="0" />
    </MapTiles>
    <StaticTiles />
  </TransInfo>
  <TransInfo Description="Gras Without Statics-Forest-Small Dirt" HashKey="0B3E3E0B3E3E0B0808">
    <MapTiles>
      <MapTile TileID="203" AltIDMod="0" />
      <MapTile TileID="204" AltIDMod="0" />
    </MapTiles>
    <StaticTiles />
  </TransInfo>
  <TransInfo Description="Gras Without Statics-Forest-Small Dirt" HashKey="3E08080B0B0B0B0B0B">
    <MapTiles>
      <MapTile TileID="196" AltIDMod="0" />
      <MapTile TileID="197" AltIDMod="0" />
      <MapTile TileID="198" AltIDMod="0" />
      <MapTile TileID="199" AltIDMod="0" />
    </MapTiles>
    <StaticTiles />
  </TransInfo>
  <TransInfo Description="Gras Without Statics-Forest-Small Dirt" HashKey="0B08080B08083E0808">
    <MapTiles>
      <MapTile TileID="359" AltIDMod="0" />
    </MapTiles>
    <StaticTiles />
  </TransInfo>
  <TransInfo Description="Gras Without Statics-Forest-Small Dirt" HashKey="0B3E3E0B3E3E080808">
    <MapTiles>
      <MapTile TileID="203" AltIDMod="0" />
      <MapTile TileID="204" AltIDMod="0" />
    </MapTiles>
    <StaticTiles />
  </TransInfo>
  <TransInfo Description="Gras Without Statics-Forest-Small Dirt" HashKey="0808080B0B3E0B0B3E">
    <MapTiles>
      <MapTile TileID="196" AltIDMod="0" />
      <MapTile TileID="197" AltIDMod="0" />
      <MapTile TileID="198" AltIDMod="0" />
      <MapTile TileID="199" AltIDMod="0" />
    </MapTiles>
    <StaticTiles />
  </TransInfo>
  <TransInfo Description="Gras Without Statics-Forest-Small Dirt" HashKey="08083E0B0B3E0B0B3E">
    <MapTiles>
      <MapTile TileID="196" AltIDMod="0" />
      <MapTile TileID="197" AltIDMod="0" />
      <MapTile TileID="198" AltIDMod="0" />
      <MapTile TileID="199" AltIDMod="0" />
    </MapTiles>
    <StaticTiles />
  </TransInfo>
  <TransInfo Description="Gras Without Statics-Forest-Small Dirt" HashKey="0B0B080B0B080B0B3E">
    <MapTiles>
      <MapTile TileID="196" AltIDMod="0" />
      <MapTile TileID="197" AltIDMod="0" />
      <MapTile TileID="198" AltIDMod="0" />
      <MapTile TileID="199" AltIDMod="0" />
    </MapTiles>
    <StaticTiles />
  </TransInfo>
  <TransInfo Description="Gras Without Statics-Forest-Small Dirt" HashKey="0808080808080B3E3E">
    <MapTiles>
      <MapTile TileID="133" AltIDMod="0" />
      <MapTile TileID="134" AltIDMod="0" />
    </MapTiles>
    <StaticTiles />
  </TransInfo>
  <TransInfo Description="Gras Without Statics-Forest-Small Dirt" HashKey="3E08080B08080B0808">
    <MapTiles>
      <MapTile TileID="359" AltIDMod="0" />
    </MapTiles>
    <StaticTiles />
  </TransInfo>
  <TransInfo Description="Gras Without Statics-Forest-Small Dirt" HashKey="3E3E3E0B0B080B0B08">
    <MapTiles>
      <MapTile TileID="196" AltIDMod="0" />
      <MapTile TileID="197" AltIDMod="0" />
      <MapTile TileID="198" AltIDMod="0" />
      <MapTile TileID="199" AltIDMod="0" />
    </MapTiles>
    <StaticTiles />
  </TransInfo>
  <TransInfo Description="Gras Without Statics-Forest-Small Dirt" HashKey="0B0B0B0B0B0B08083E">
    <MapTiles>
      <MapTile TileID="196" AltIDMod="0" />
      <MapTile TileID="197" AltIDMod="0" />
      <MapTile TileID="198" AltIDMod="0" />
      <MapTile TileID="199" AltIDMod="0" />
    </MapTiles>
    <StaticTiles />
  </TransInfo>
  <TransInfo Description="Gras Without Statics-Forest-Small Dirt" HashKey="0B0B3E08083E08083E">
    <MapTiles>
      <MapTile TileID="353" AltIDMod="0" />
    </MapTiles>
    <StaticTiles />
  </TransInfo>
  <TransInfo Description="Gras Without Statics-Forest-Small Dirt" HashKey="0808080B3E3E0B3E3E">
    <MapTiles>
      <MapTile TileID="203" AltIDMod="0" />
      <MapTile TileID="204" AltIDMod="0" />
    </MapTiles>
    <StaticTiles />
  </TransInfo>
  <TransInfo Description="Gras Without Statics-Forest-Small Dirt" HashKey="080B0B080B0B083E3E">
    <MapTiles>
      <MapTile TileID="196" AltIDMod="0" />
      <MapTile TileID="197" AltIDMod="0" />
      <MapTile TileID="198" AltIDMod="0" />
      <MapTile TileID="199" AltIDMod="0" />
    </MapTiles>
    <StaticTiles />
  </TransInfo>
  <TransInfo Description="Gras Without Statics-Forest-Small Dirt" HashKey="3E3E083E3E080B0B0B">
    <MapTiles>
      <MapTile TileID="208" AltIDMod="0" />
      <MapTile TileID="209" AltIDMod="0" />
    </MapTiles>
    <StaticTiles />
  </TransInfo>
  <TransInfo Description="Gras Without Statics-Forest-Small Dirt" HashKey="083E3E0B3E3E0B3E3E">
    <MapTiles>
      <MapTile TileID="203" AltIDMod="0" />
      <MapTile TileID="204" AltIDMod="0" />
    </MapTiles>
    <StaticTiles />
  </TransInfo>
  <TransInfo Description="Gras Without Statics-Forest-Small Dirt" HashKey="3E3E0B3E3E0B3E3E08">
    <MapTiles>
      <MapTile TileID="206" AltIDMod="0" />
      <MapTile TileID="207" AltIDMod="0" />
    </MapTiles>
    <StaticTiles />
  </TransInfo>
  <TransInfo Description="Gras Without Statics-Forest-Small Dirt" HashKey="3E0B0B3E0B0B080B0B">
    <MapTiles>
      <MapTile TileID="196" AltIDMod="0" />
      <MapTile TileID="197" AltIDMod="0" />
      <MapTile TileID="198" AltIDMod="0" />
      <MapTile TileID="199" AltIDMod="0" />
    </MapTiles>
    <StaticTiles />
  </TransInfo>
  <TransInfo Description="Gras Without Statics-Forest-Small Dirt" HashKey="0B0B080B0B3E0B0B3E">
    <MapTiles>
      <MapTile TileID="196" AltIDMod="0" />
      <MapTile TileID="197" AltIDMod="0" />
      <MapTile TileID="198" AltIDMod="0" />
      <MapTile TileID="199" AltIDMod="0" />
    </MapTiles>
    <StaticTiles />
  </TransInfo>
  <TransInfo Description="Gras Without Statics-Forest-Small Dirt" HashKey="0B0B0B0B0B0B3E0808">
    <MapTiles>
      <MapTile TileID="196" AltIDMod="0" />
      <MapTile TileID="197" AltIDMod="0" />
      <MapTile TileID="198" AltIDMod="0" />
      <MapTile TileID="199" AltIDMod="0" />
    </MapTiles>
    <StaticTiles />
  </TransInfo>
  <TransInfo Description="Gras Without Statics-Forest-Small Dirt" HashKey="08083E0B0B0B0B0B0B">
    <MapTiles>
      <MapTile TileID="196" AltIDMod="0" />
      <MapTile TileID="197" AltIDMod="0" />
      <MapTile TileID="198" AltIDMod="0" />
      <MapTile TileID="199" AltIDMod="0" />
    </MapTiles>
    <StaticTiles />
  </TransInfo>
  <TransInfo Description="Gras Without Statics-Forest-Small Dirt" HashKey="08080B3E3E0B3E3E0B">
    <MapTiles>
      <MapTile TileID="206" AltIDMod="0" />
      <MapTile TileID="207" AltIDMod="0" />
    </MapTiles>
    <StaticTiles />
  </TransInfo>
  <TransInfo Description="Gras Without Statics-Forest-Small Dirt" HashKey="3E3E3E3E3E3E08080B">
    <MapTiles>
      <MapTile TileID="217" AltIDMod="0" />
    </MapTiles>
    <StaticTiles />
  </TransInfo>
  <TransInfo Description="Gras Without Statics-Forest-Small Dirt" HashKey="08080B08080B08083E">
    <MapTiles>
      <MapTile TileID="358" AltIDMod="0" />
    </MapTiles>
    <StaticTiles />
  </TransInfo>
  <TransInfo Description="Gras Without Statics-Forest-Small Dirt" HashKey="083E3E083E3E0B0B0B">
    <MapTiles>
      <MapTile TileID="208" AltIDMod="0" />
      <MapTile TileID="209" AltIDMod="0" />
    </MapTiles>
    <StaticTiles />
  </TransInfo>
  <TransInfo Description="Gras Without Statics-Forest-Small Dirt" HashKey="083E3E080B0B080B0B">
    <MapTiles>
      <MapTile TileID="196" AltIDMod="0" />
      <MapTile TileID="197" AltIDMod="0" />
      <MapTile TileID="198" AltIDMod="0" />
      <MapTile TileID="199" AltIDMod="0" />
    </MapTiles>
    <StaticTiles />
  </TransInfo>
  <TransInfo Description="Gras Without Statics-Forest-Small Dirt" HashKey="0B0B080B0B083E3E08">
    <MapTiles>
      <MapTile TileID="196" AltIDMod="0" />
      <MapTile TileID="197" AltIDMod="0" />
      <MapTile TileID="198" AltIDMod="0" />
      <MapTile TileID="199" AltIDMod="0" />
    </MapTiles>
    <StaticTiles />
  </TransInfo>
  <TransInfo Description="Gras Without Statics-Forest-Small Dirt" HashKey="08083E08083E0B0B3E">
    <MapTiles>
      <MapTile TileID="355" AltIDMod="0" />
    </MapTiles>
    <StaticTiles />
  </TransInfo>
  <TransInfo Description="Gras Without Statics-Forest-Small Dirt" HashKey="080B0B080B0B3E0B0B">
    <MapTiles>
      <MapTile TileID="196" AltIDMod="0" />
      <MapTile TileID="197" AltIDMod="0" />
      <MapTile TileID="198" AltIDMod="0" />
      <MapTile TileID="199" AltIDMod="0" />
    </MapTiles>
    <StaticTiles />
  </TransInfo>
  <TransInfo Description="Gras Without Statics-Forest-Small Dirt" HashKey="0B08083E3E3E3E3E3E">
    <MapTiles>
      <MapTile TileID="216" AltIDMod="0" />
    </MapTiles>
    <StaticTiles />
  </TransInfo>
  <TransInfo Description="Gras Without Statics-Forest-Small Dirt" HashKey="080B0B3E3E3E3E3E3E">
    <MapTiles>
      <MapTile TileID="200" AltIDMod="0" />
      <MapTile TileID="201" AltIDMod="0" />
    </MapTiles>
    <StaticTiles />
  </TransInfo>
  <TransInfo Description="Gras Without Statics-Forest-Small Dirt" HashKey="3E3E0B080808080808">
    <MapTiles>
      <MapTile TileID="139" AltIDMod="0" />
      <MapTile TileID="140" AltIDMod="0" />
    </MapTiles>
    <StaticTiles />
  </TransInfo>
  <TransInfo Description="Gras Without Statics-Forest-Small Dirt" HashKey="0B0B080B0B083E3E3E">
    <MapTiles>
      <MapTile TileID="196" AltIDMod="0" />
      <MapTile TileID="197" AltIDMod="0" />
      <MapTile TileID="198" AltIDMod="0" />
      <MapTile TileID="199" AltIDMod="0" />
    </MapTiles>
    <StaticTiles />
  </TransInfo>
  <TransInfo Description="Gras Without Statics-Forest-Small Dirt" HashKey="3E3E0B3E3E0B080808">
    <MapTiles>
      <MapTile TileID="206" AltIDMod="0" />
      <MapTile TileID="207" AltIDMod="0" />
    </MapTiles>
    <StaticTiles />
  </TransInfo>
  <TransInfo Description="Gras Without Statics-Forest-Small Dirt" HashKey="0808083E3E0B3E3E0B">
    <MapTiles>
      <MapTile TileID="206" AltIDMod="0" />
      <MapTile TileID="207" AltIDMod="0" />
    </MapTiles>
    <StaticTiles />
  </TransInfo>
  <TransInfo Description="Gras Without Statics-Forest-Small Dirt" HashKey="0808083E0B0B3E0B0B">
    <MapTiles>
      <MapTile TileID="196" AltIDMod="0" />
      <MapTile TileID="197" AltIDMod="0" />
      <MapTile TileID="198" AltIDMod="0" />
      <MapTile TileID="199" AltIDMod="0" />
    </MapTiles>
    <StaticTiles />
  </TransInfo>
  <TransInfo Description="Gras Without Statics-Forest-Small Dirt" HashKey="0B0B0B083E3E083E3E">
    <MapTiles>
      <MapTile TileID="200" AltIDMod="0" />
      <MapTile TileID="201" AltIDMod="0" />
    </MapTiles>
    <StaticTiles />
  </TransInfo>
  <TransInfo Description="Gras Without Statics-Forest-Small Dirt" HashKey="0B0B0B0B0B0B083E3E">
    <MapTiles>
      <MapTile TileID="196" AltIDMod="0" />
      <MapTile TileID="197" AltIDMod="0" />
      <MapTile TileID="198" AltIDMod="0" />
      <MapTile TileID="199" AltIDMod="0" />
    </MapTiles>
    <StaticTiles />
  </TransInfo>
  <TransInfo Description="Gras Without Statics-Forest-Small Dirt" HashKey="0B3E3E0B3E3E083E3E">
    <MapTiles>
      <MapTile TileID="203" AltIDMod="0" />
      <MapTile TileID="204" AltIDMod="0" />
    </MapTiles>
    <StaticTiles />
  </TransInfo>
  <TransInfo Description="Gras Without Statics-Forest-Small Dirt" HashKey="3E3E083E3E083E3E0B">
    <MapTiles>
      <MapTile TileID="217" AltIDMod="0" />
    </MapTiles>
    <StaticTiles />
  </TransInfo>
  <TransInfo Description="Gras Without Statics-Forest-Small Dirt" HashKey="0B08080B3E3E0B3E3E">
    <MapTiles>
      <MapTile TileID="203" AltIDMod="0" />
      <MapTile TileID="204" AltIDMod="0" />
    </MapTiles>
    <StaticTiles />
  </TransInfo>
  <TransInfo Description="Gras Without Statics-Forest-Small Dirt" HashKey="0B0B3E0B0B080B0B08">
    <MapTiles>
      <MapTile TileID="196" AltIDMod="0" />
      <MapTile TileID="197" AltIDMod="0" />
      <MapTile TileID="198" AltIDMod="0" />
      <MapTile TileID="199" AltIDMod="0" />
    </MapTiles>
    <StaticTiles />
  </TransInfo>
  <TransInfo Description="Gras Without Statics-Forest-Small Dirt" HashKey="0B0B083E3E3E3E3E3E">
    <MapTiles>
      <MapTile TileID="200" AltIDMod="0" />
      <MapTile TileID="201" AltIDMod="0" />
    </MapTiles>
    <StaticTiles />
  </TransInfo>
  <TransInfo Description="Gras Without Statics-Forest-Small Dirt" HashKey="08080B08080B3E3E3E">
    <MapTiles>
      <MapTile TileID="355" AltIDMod="0" />
    </MapTiles>
    <StaticTiles />
  </TransInfo>
  <TransInfo Description="Gras Without Statics-Forest-Small Dirt" HashKey="3E08083E08080B0808">
    <MapTiles>
      <MapTile TileID="137" AltIDMod="0" />
      <MapTile TileID="138" AltIDMod="0" />
    </MapTiles>
    <StaticTiles />
  </TransInfo>
  <TransInfo Description="Gras Without Statics-Forest-Small Dirt" HashKey="3E0B0B080B0B080B0B">
    <MapTiles>
      <MapTile TileID="196" AltIDMod="0" />
      <MapTile TileID="197" AltIDMod="0" />
      <MapTile TileID="198" AltIDMod="0" />
      <MapTile TileID="199" AltIDMod="0" />
    </MapTiles>
    <StaticTiles />
  </TransInfo>
  <TransInfo Description="Gras Without Statics-Forest-Small Dirt" HashKey="08083E08080B08080B">
    <MapTiles>
      <MapTile TileID="358" AltIDMod="0" />
    </MapTiles>
    <StaticTiles />
  </TransInfo>
  <TransInfo Description="Gras Without Statics-Forest-Small Dirt" HashKey="3E3E3E3E3E3E080B0B">
    <MapTiles>
      <MapTile TileID="208" AltIDMod="0" />
      <MapTile TileID="209" AltIDMod="0" />
    </MapTiles>
    <StaticTiles />
  </TransInfo>
  <TransInfo Description="Gras Without Statics-Forest-Small Dirt" HashKey="3E0B0B080808080808">
    <MapTiles>
      <MapTile TileID="360" AltIDMod="0" />
    </MapTiles>
    <StaticTiles />
  </TransInfo>
  <TransInfo Description="Gras Without Statics-Forest-Small Dirt" HashKey="3E3E0B08080B08080B">
    <MapTiles>
      <MapTile TileID="353" AltIDMod="0" />
    </MapTiles>
    <StaticTiles />
  </TransInfo>
  <TransInfo Description="Gras Without Statics-Forest-Small Dirt" HashKey="3E0B0B3E0B0B3E0808">
    <MapTiles>
      <MapTile TileID="196" AltIDMod="0" />
      <MapTile TileID="197" AltIDMod="0" />
      <MapTile TileID="198" AltIDMod="0" />
      <MapTile TileID="199" AltIDMod="0" />
    </MapTiles>
    <StaticTiles />
  </TransInfo>
  <TransInfo Description="Gras Without Statics-Forest-Small Dirt" HashKey="0B08083E08083E0808">
    <MapTiles>
      <MapTile TileID="137" AltIDMod="0" />
      <MapTile TileID="138" AltIDMod="0" />
    </MapTiles>
    <StaticTiles />
  </TransInfo>
  <TransInfo Description="Gras Without Statics-Forest-Small Dirt" HashKey="0B3E3E0B08080B0808">
    <MapTiles>
      <MapTile TileID="356" AltIDMod="0" />
    </MapTiles>
    <StaticTiles />
  </TransInfo>
  <TransInfo Description="Gras Without Statics-Forest-Small Dirt" HashKey="0B3E3E083E3E083E3E">
    <MapTiles>
      <MapTile TileID="216" AltIDMod="0" />
    </MapTiles>
    <StaticTiles />
  </TransInfo>
  <TransInfo Description="Gras Without Statics-Forest-Small Dirt" HashKey="083E3E0B0B0B0B0B0B">
    <MapTiles>
      <MapTile TileID="196" AltIDMod="0" />
      <MapTile TileID="197" AltIDMod="0" />
      <MapTile TileID="198" AltIDMod="0" />
      <MapTile TileID="199" AltIDMod="0" />
    </MapTiles>
    <StaticTiles />
  </TransInfo>
  <TransInfo Description="Gras Without Statics-Forest-Small Dirt" HashKey="3E3E083E3E080B0B08">
    <MapTiles>
      <MapTile TileID="208" AltIDMod="0" />
      <MapTile TileID="209" AltIDMod="0" />
    </MapTiles>
    <StaticTiles />
  </TransInfo>
  <TransInfo Description="Gras Without Statics-Forest-Small Dirt" HashKey="3E3E080B0B0B0B0B0B">
    <MapTiles>
      <MapTile TileID="196" AltIDMod="0" />
      <MapTile TileID="197" AltIDMod="0" />
      <MapTile TileID="198" AltIDMod="0" />
      <MapTile TileID="199" AltIDMod="0" />
    </MapTiles>
    <StaticTiles />
  </TransInfo>
  <TransInfo Description="Gras Without Statics-Forest-Small Dirt" HashKey="3E3E3E3E3E3E0B0808">
    <MapTiles>
      <MapTile TileID="219" AltIDMod="0" />
    </MapTiles>
    <StaticTiles />
  </TransInfo>
  <TransInfo Description="Gras Without Statics-Forest-Small Dirt" HashKey="08080B08083E08083E">
    <MapTiles>
      <MapTile TileID="135" AltIDMod="0" />
      <MapTile TileID="136" AltIDMod="0" />
    </MapTiles>
    <StaticTiles />
  </TransInfo>
  <TransInfo Description="Gras Without Statics-Forest-Small Dirt" HashKey="0B0B0B3E08083E0808">
    <MapTiles>
      <MapTile TileID="356" AltIDMod="0" />
    </MapTiles>
    <StaticTiles />
  </TransInfo>
  <TransInfo Description="Gras Without Statics-Forest-Small Dirt" HashKey="0B0B0B08083E08083E">
    <MapTiles>
      <MapTile TileID="353" AltIDMod="0" />
    </MapTiles>
    <StaticTiles />
  </TransInfo>
  <TransInfo Description="Gras Without Statics-Forest-Small Dirt" HashKey="0B0B3E080808080808">
    <MapTiles>
      <MapTile TileID="360" AltIDMod="0" />
    </MapTiles>
    <StaticTiles />
  </TransInfo>
  <TransInfo Description="Gras Without Statics-Forest-Small Dirt" HashKey="3E08083E08080B0B0B">
    <MapTiles>
      <MapTile TileID="354" AltIDMod="0" />
    </MapTiles>
    <StaticTiles />
  </TransInfo>
  <TransInfo Description="Gras Without Statics-Forest-Small Dirt" HashKey="0B0B083E3E083E3E08">
    <MapTiles>
      <MapTile TileID="200" AltIDMod="0" />
      <MapTile TileID="201" AltIDMod="0" />
    </MapTiles>
    <StaticTiles />
  </TransInfo>
  <TransInfo Description="Gras Without Statics-Forest-Small Dirt" HashKey="0B08080B08080B3E3E">
    <MapTiles>
      <MapTile TileID="354" AltIDMod="0" />
    </MapTiles>
    <StaticTiles />
  </TransInfo>
  <TransInfo Description="Gras Without Statics-Forest-Small Dirt" HashKey="080B0B080B0B3E3E3E">
    <MapTiles>
      <MapTile TileID="196" AltIDMod="0" />
      <MapTile TileID="197" AltIDMod="0" />
      <MapTile TileID="198" AltIDMod="0" />
      <MapTile TileID="199" AltIDMod="0" />
    </MapTiles>
    <StaticTiles />
  </TransInfo>
  <TransInfo Description="Gras Without Statics-Forest-Small Dirt" HashKey="080B0B083E3E083E3E">
    <MapTiles>
      <MapTile TileID="200" AltIDMod="0" />
      <MapTile TileID="201" AltIDMod="0" />
    </MapTiles>
    <StaticTiles />
  </TransInfo>
  <TransInfo Description="Gras Without Statics-Forest-Small Dirt" HashKey="080B0B3E0B0B3E0B0B">
    <MapTiles>
      <MapTile TileID="196" AltIDMod="0" />
      <MapTile TileID="197" AltIDMod="0" />
      <MapTile TileID="198" AltIDMod="0" />
      <MapTile TileID="199" AltIDMod="0" />
    </MapTiles>
    <StaticTiles />
  </TransInfo>
  <TransInfo Description="Gras Without Statics-Forest-Small Dirt" HashKey="3E0B0B3E08083E0808">
    <MapTiles>
      <MapTile TileID="356" AltIDMod="0" />
    </MapTiles>
    <StaticTiles />
  </TransInfo>
  <TransInfo Description="Gras Without Statics-Forest-Small Dirt" HashKey="3E0B0B3E0B0B080808">
    <MapTiles>
      <MapTile TileID="196" AltIDMod="0" />
      <MapTile TileID="197" AltIDMod="0" />
      <MapTile TileID="198" AltIDMod="0" />
      <MapTile TileID="199" AltIDMod="0" />
    </MapTiles>
    <StaticTiles />
  </TransInfo>
  <TransInfo Description="Gras Without Statics-Forest-Small Dirt" HashKey="3E08083E0B0B3E0B0B">
    <MapTiles>
      <MapTile TileID="196" AltIDMod="0" />
      <MapTile TileID="197" AltIDMod="0" />
      <MapTile TileID="198" AltIDMod="0" />
      <MapTile TileID="199" AltIDMod="0" />
    </MapTiles>
    <StaticTiles />
  </TransInfo>
  <TransInfo Description="Gras Without Statics-Forest-Small Dirt" HashKey="0B3E3E080808080808">
    <MapTiles>
      <MapTile TileID="139" AltIDMod="0" />
      <MapTile TileID="140" AltIDMod="0" />
    </MapTiles>
    <StaticTiles />
  </TransInfo>
  <TransInfo Description="Gras Without Statics-Forest-Small Dirt" HashKey="0B0B3E0B0B3E0B0B08">
    <MapTiles>
      <MapTile TileID="196" AltIDMod="0" />
      <MapTile TileID="197" AltIDMod="0" />
      <MapTile TileID="198" AltIDMod="0" />
      <MapTile TileID="199" AltIDMod="0" />
    </MapTiles>
    <StaticTiles />
  </TransInfo>
  <TransInfo Description="Gras Without Statics-Forest-Small Dirt" HashKey="3E3E3E3E3E3E0B0B08">
    <MapTiles>
      <MapTile TileID="208" AltIDMod="0" />
      <MapTile TileID="209" AltIDMod="0" />
    </MapTiles>
    <StaticTiles />
  </TransInfo>
  <TransInfo Description="Gras Without Statics-Forest-Small Dirt" HashKey="0B08080B08083E3E3E">
    <MapTiles>
      <MapTile TileID="354" AltIDMod="0" />
    </MapTiles>
    <StaticTiles />
  </TransInfo>
  <TransInfo Description="Gras Without Statics-Forest-Small Dirt" HashKey="3E3E3E0B08080B0808">
    <MapTiles>
      <MapTile TileID="356" AltIDMod="0" />
    </MapTiles>
    <StaticTiles />
  </TransInfo>
  <TransInfo Description="Gras Without Statics-Forest-Small Dirt" HashKey="0808080808083E0B0B">
    <MapTiles>
      <MapTile TileID="357" AltIDMod="0" />
    </MapTiles>
    <StaticTiles />
  </TransInfo>
  <TransInfo Description="Gras Without Statics-Forest-Small Dirt" HashKey="08083E08083E0B0B0B">
    <MapTiles>
      <MapTile TileID="355" AltIDMod="0" />
    </MapTiles>
    <StaticTiles />
  </TransInfo>
  <TransInfo Description="Gras Without Statics-Forest-Small Dirt" HashKey="3E3E3E08080B08080B">
    <MapTiles>
      <MapTile TileID="353" AltIDMod="0" />
    </MapTiles>
    <StaticTiles />
  </TransInfo>
</Trans>