﻿<?xml version="1.0" encoding="utf-8"?>
<Trans>
  <TransInfo Description="Grass-Grass Without Static-Small Dirt" HashKey="0108080108083E3E3E">
    <MapTiles>
      <MapTile TileID="131" AltIDMod="0" />
    </MapTiles>
    <StaticTiles />
  </TransInfo>
  <TransInfo Description="Grass-Grass Without Static-Small Dirt" HashKey="0808083E3E013E3E01">
    <MapTiles>
      <MapTile TileID="3" AltIDMod="0" />
      <MapTile TileID="4" AltIDMod="0" />
      <MapTile TileID="5" AltIDMod="0" />
      <MapTile TileID="6" AltIDMod="0" />
    </MapTiles>
    <StaticTiles />
  </TransInfo>
  <TransInfo Description="Grass-Grass Without Static-Small Dirt" HashKey="01013E080808080808">
    <MapTiles>
      <MapTile TileID="139" AltIDMod="0" />
      <MapTile TileID="140" AltIDMod="0" />
    </MapTiles>
    <StaticTiles />
  </TransInfo>
  <TransInfo Description="Grass-Grass Without Static-Small Dirt" HashKey="3E3E013E3E013E3E08">
    <MapTiles>
      <MapTile TileID="3" AltIDMod="0" />
      <MapTile TileID="4" AltIDMod="0" />
      <MapTile TileID="5" AltIDMod="0" />
      <MapTile TileID="6" AltIDMod="0" />
    </MapTiles>
    <StaticTiles />
  </TransInfo>
  <TransInfo Description="Grass-Grass Without Static-Small Dirt" HashKey="080808080808013E3E">
    <MapTiles>
      <MapTile TileID="133" AltIDMod="0" />
      <MapTile TileID="134" AltIDMod="0" />
    </MapTiles>
    <StaticTiles />
  </TransInfo>
  <TransInfo Description="Grass-Grass Without Static-Small Dirt" HashKey="3E3E3E010808010808">
    <MapTiles>
      <MapTile TileID="125" AltIDMod="0" />
    </MapTiles>
    <StaticTiles />
  </TransInfo>
  <TransInfo Description="Grass-Grass Without Static-Small Dirt" HashKey="3E3E08010101010101">
    <MapTiles>
      <MapTile TileID="3" AltIDMod="0" />
      <MapTile TileID="4" AltIDMod="0" />
      <MapTile TileID="5" AltIDMod="0" />
      <MapTile TileID="6" AltIDMod="0" />
    </MapTiles>
    <StaticTiles />
  </TransInfo>
  <TransInfo Description="Grass-Grass Without Static-Small Dirt" HashKey="0101010101013E0808">
    <MapTiles>
      <MapTile TileID="3" AltIDMod="0" />
      <MapTile TileID="4" AltIDMod="0" />
      <MapTile TileID="5" AltIDMod="0" />
      <MapTile TileID="6" AltIDMod="0" />
    </MapTiles>
    <StaticTiles />
  </TransInfo>
  <TransInfo Description="Grass-Grass Without Static-Small Dirt" HashKey="083E3E010101010101">
    <MapTiles>
      <MapTile TileID="3" AltIDMod="0" />
      <MapTile TileID="4" AltIDMod="0" />
      <MapTile TileID="5" AltIDMod="0" />
      <MapTile TileID="6" AltIDMod="0" />
    </MapTiles>
    <StaticTiles />
  </TransInfo>
  <TransInfo Description="Grass-Grass Without Static-Small Dirt" HashKey="013E3E010808010808">
    <MapTiles>
      <MapTile TileID="125" AltIDMod="0" />
    </MapTiles>
    <StaticTiles />
  </TransInfo>
  <TransInfo Description="Grass-Grass Without Static-Small Dirt" HashKey="3E3E3E080801080801">
    <MapTiles>
      <MapTile TileID="130" AltIDMod="0" />
    </MapTiles>
    <StaticTiles />
  </TransInfo>
  <TransInfo Description="Grass-Grass Without Static-Small Dirt" HashKey="3E3E3E080101080101">
    <MapTiles>
      <MapTile TileID="3" AltIDMod="0" />
      <MapTile TileID="4" AltIDMod="0" />
      <MapTile TileID="5" AltIDMod="0" />
      <MapTile TileID="6" AltIDMod="0" />
    </MapTiles>
    <StaticTiles />
  </TransInfo>
  <TransInfo Description="Grass-Grass Without Static-Small Dirt" HashKey="0101083E3E3E3E3E3E">
    <MapTiles>
      <MapTile TileID="3" AltIDMod="0" />
      <MapTile TileID="4" AltIDMod="0" />
      <MapTile TileID="5" AltIDMod="0" />
      <MapTile TileID="6" AltIDMod="0" />
    </MapTiles>
    <StaticTiles />
  </TransInfo>
  <TransInfo Description="Grass-Grass Without Static-Small Dirt" HashKey="0808010808013E3E3E">
    <MapTiles>
      <MapTile TileID="126" AltIDMod="0" />
    </MapTiles>
    <StaticTiles />
  </TransInfo>
  <TransInfo Description="Grass-Grass Without Static-Small Dirt" HashKey="013E3E080808080808">
    <MapTiles>
      <MapTile TileID="139" AltIDMod="0" />
      <MapTile TileID="140" AltIDMod="0" />
    </MapTiles>
    <StaticTiles />
  </TransInfo>
  <TransInfo Description="Grass-Grass Without Static-Small Dirt" HashKey="3E0808010808010808">
    <MapTiles>
      <MapTile TileID="137" AltIDMod="0" />
      <MapTile TileID="138" AltIDMod="0" />
    </MapTiles>
    <StaticTiles />
  </TransInfo>
  <TransInfo Description="Grass-Grass Without Static-Small Dirt" HashKey="013E3E013E3E080808">
    <MapTiles>
      <MapTile TileID="3" AltIDMod="0" />
      <MapTile TileID="4" AltIDMod="0" />
      <MapTile TileID="5" AltIDMod="0" />
      <MapTile TileID="6" AltIDMod="0" />
    </MapTiles>
    <StaticTiles />
  </TransInfo>
  <TransInfo Description="Grass-Grass Without Static-Small Dirt" HashKey="01010108083E08083E">
    <MapTiles>
      <MapTile TileID="130" AltIDMod="0" />
    </MapTiles>
    <StaticTiles />
  </TransInfo>
  <TransInfo Description="Grass-Grass Without Static-Small Dirt" HashKey="083E3E080101080101">
    <MapTiles>
      <MapTile TileID="3" AltIDMod="0" />
      <MapTile TileID="4" AltIDMod="0" />
      <MapTile TileID="5" AltIDMod="0" />
      <MapTile TileID="6" AltIDMod="0" />
    </MapTiles>
    <StaticTiles />
  </TransInfo>
  <TransInfo Description="Grass-Grass Without Static-Small Dirt" HashKey="013E3E083E3E083E3E">
    <MapTiles>
      <MapTile TileID="3" AltIDMod="0" />
      <MapTile TileID="4" AltIDMod="0" />
      <MapTile TileID="5" AltIDMod="0" />
      <MapTile TileID="6" AltIDMod="0" />
    </MapTiles>
    <StaticTiles />
  </TransInfo>
  <TransInfo Description="Grass-Grass Without Static-Small Dirt" HashKey="0808013E3E013E3E01">
    <MapTiles>
      <MapTile TileID="3" AltIDMod="0" />
      <MapTile TileID="4" AltIDMod="0" />
      <MapTile TileID="5" AltIDMod="0" />
      <MapTile TileID="6" AltIDMod="0" />
    </MapTiles>
    <StaticTiles />
  </TransInfo>
  <TransInfo Description="Grass-Grass Without Static-Small Dirt" HashKey="3E08083E0808010101">
    <MapTiles>
      <MapTile TileID="131" AltIDMod="0" />
    </MapTiles>
    <StaticTiles />
  </TransInfo>
  <TransInfo Description="Grass-Grass Without Static-Small Dirt" HashKey="01013E08083E08083E">
    <MapTiles>
      <MapTile TileID="130" AltIDMod="0" />
    </MapTiles>
    <StaticTiles />
  </TransInfo>
  <TransInfo Description="Grass-Grass Without Static-Small Dirt" HashKey="0808010808013E3E01">
    <MapTiles>
      <MapTile TileID="126" AltIDMod="0" />
    </MapTiles>
    <StaticTiles />
  </TransInfo>
  <TransInfo Description="Grass-Grass Without Static-Small Dirt" HashKey="010808013E3E013E3E">
    <MapTiles>
      <MapTile TileID="3" AltIDMod="0" />
      <MapTile TileID="4" AltIDMod="0" />
      <MapTile TileID="5" AltIDMod="0" />
      <MapTile TileID="6" AltIDMod="0" />
    </MapTiles>
    <StaticTiles />
  </TransInfo>
  <TransInfo Description="Grass-Grass Without Static-Small Dirt" HashKey="3E01013E08083E0808">
    <MapTiles>
      <MapTile TileID="125" AltIDMod="0" />
    </MapTiles>
    <StaticTiles />
  </TransInfo>
  <TransInfo Description="Grass-Grass Without Static-Small Dirt" HashKey="3E3E3E3E3E3E010108">
    <MapTiles>
      <MapTile TileID="3" AltIDMod="0" />
      <MapTile TileID="4" AltIDMod="0" />
      <MapTile TileID="5" AltIDMod="0" />
      <MapTile TileID="6" AltIDMod="0" />
    </MapTiles>
    <StaticTiles />
  </TransInfo>
  <TransInfo Description="Grass-Grass Without Static-Small Dirt" HashKey="083E3E083E3E010101">
    <MapTiles>
      <MapTile TileID="3" AltIDMod="0" />
      <MapTile TileID="4" AltIDMod="0" />
      <MapTile TileID="5" AltIDMod="0" />
      <MapTile TileID="6" AltIDMod="0" />
    </MapTiles>
    <StaticTiles />
  </TransInfo>
  <TransInfo Description="Grass-Grass Without Static-Small Dirt" HashKey="08083E01013E01013E">
    <MapTiles>
      <MapTile TileID="3" AltIDMod="0" />
      <MapTile TileID="4" AltIDMod="0" />
      <MapTile TileID="5" AltIDMod="0" />
      <MapTile TileID="6" AltIDMod="0" />
    </MapTiles>
    <StaticTiles />
  </TransInfo>
  <TransInfo Description="Grass-Grass Without Static-Small Dirt" HashKey="0101010101013E3E08">
    <MapTiles>
      <MapTile TileID="3" AltIDMod="0" />
      <MapTile TileID="4" AltIDMod="0" />
      <MapTile TileID="5" AltIDMod="0" />
      <MapTile TileID="6" AltIDMod="0" />
    </MapTiles>
    <StaticTiles />
  </TransInfo>
  <TransInfo Description="Grass-Grass Without Static-Small Dirt" HashKey="08080801013E01013E">
    <MapTiles>
      <MapTile TileID="3" AltIDMod="0" />
      <MapTile TileID="4" AltIDMod="0" />
      <MapTile TileID="5" AltIDMod="0" />
      <MapTile TileID="6" AltIDMod="0" />
    </MapTiles>
    <StaticTiles />
  </TransInfo>
  <TransInfo Description="Grass-Grass Without Static-Small Dirt" HashKey="08080808080801013E">
    <MapTiles>
      <MapTile TileID="133" AltIDMod="0" />
      <MapTile TileID="134" AltIDMod="0" />
    </MapTiles>
    <StaticTiles />
  </TransInfo>
  <TransInfo Description="Grass-Grass Without Static-Small Dirt" HashKey="3E3E08010108010108">
    <MapTiles>
      <MapTile TileID="3" AltIDMod="0" />
      <MapTile TileID="4" AltIDMod="0" />
      <MapTile TileID="5" AltIDMod="0" />
      <MapTile TileID="6" AltIDMod="0" />
    </MapTiles>
    <StaticTiles />
  </TransInfo>
  <TransInfo Description="Grass-Grass Without Static-Small Dirt" HashKey="0101083E3E083E3E08">
    <MapTiles>
      <MapTile TileID="3" AltIDMod="0" />
      <MapTile TileID="4" AltIDMod="0" />
      <MapTile TileID="5" AltIDMod="0" />
      <MapTile TileID="6" AltIDMod="0" />
    </MapTiles>
    <StaticTiles />
  </TransInfo>
  <TransInfo Description="Grass-Grass Without Static-Small Dirt" HashKey="013E3E013E3E010808">
    <MapTiles>
      <MapTile TileID="3" AltIDMod="0" />
      <MapTile TileID="4" AltIDMod="0" />
      <MapTile TileID="5" AltIDMod="0" />
      <MapTile TileID="6" AltIDMod="0" />
    </MapTiles>
    <StaticTiles />
  </TransInfo>
  <TransInfo Description="Grass-Grass Without Static-Small Dirt" HashKey="3E3E083E3E08010108">
    <MapTiles>
      <MapTile TileID="3" AltIDMod="0" />
      <MapTile TileID="4" AltIDMod="0" />
      <MapTile TileID="5" AltIDMod="0" />
      <MapTile TileID="6" AltIDMod="0" />
    </MapTiles>
    <StaticTiles />
  </TransInfo>
  <TransInfo Description="Grass-Grass Without Static-Small Dirt" HashKey="3E08083E0808010808">
    <MapTiles>
      <MapTile TileID="137" AltIDMod="0" />
      <MapTile TileID="138" AltIDMod="0" />
    </MapTiles>
    <StaticTiles />
  </TransInfo>
  <TransInfo Description="Grass-Grass Without Static-Small Dirt" HashKey="3E3E083E3E08010101">
    <MapTiles>
      <MapTile TileID="3" AltIDMod="0" />
      <MapTile TileID="4" AltIDMod="0" />
      <MapTile TileID="5" AltIDMod="0" />
      <MapTile TileID="6" AltIDMod="0" />
    </MapTiles>
    <StaticTiles />
  </TransInfo>
  <TransInfo Description="Grass-Grass Without Static-Small Dirt" HashKey="0101013E08083E0808">
    <MapTiles>
      <MapTile TileID="125" AltIDMod="0" />
    </MapTiles>
    <StaticTiles />
  </TransInfo>
  <TransInfo Description="Grass-Grass Without Static-Small Dirt" HashKey="0801013E01013E0101">
    <MapTiles>
      <MapTile TileID="3" AltIDMod="0" />
      <MapTile TileID="4" AltIDMod="0" />
      <MapTile TileID="5" AltIDMod="0" />
      <MapTile TileID="6" AltIDMod="0" />
    </MapTiles>
    <StaticTiles />
  </TransInfo>
  <TransInfo Description="Grass-Grass Without Static-Small Dirt" HashKey="0108080108083E0808">
    <MapTiles>
      <MapTile TileID="137" AltIDMod="0" />
      <MapTile TileID="138" AltIDMod="0" />
    </MapTiles>
    <StaticTiles />
  </TransInfo>
  <TransInfo Description="Grass-Grass Without Static-Small Dirt" HashKey="0808083E01013E0101">
    <MapTiles>
      <MapTile TileID="3" AltIDMod="0" />
      <MapTile TileID="4" AltIDMod="0" />
      <MapTile TileID="5" AltIDMod="0" />
      <MapTile TileID="6" AltIDMod="0" />
    </MapTiles>
    <StaticTiles />
  </TransInfo>
  <TransInfo Description="Grass-Grass Without Static-Small Dirt" HashKey="08083E080801080801">
    <MapTiles>
      <MapTile TileID="135" AltIDMod="0" />
      <MapTile TileID="136" AltIDMod="0" />
    </MapTiles>
    <StaticTiles />
  </TransInfo>
  <TransInfo Description="Grass-Grass Without Static-Small Dirt" HashKey="3E3E3E3E3E3E080801">
    <MapTiles>
      <MapTile TileID="3" AltIDMod="0" />
      <MapTile TileID="4" AltIDMod="0" />
      <MapTile TileID="5" AltIDMod="0" />
      <MapTile TileID="6" AltIDMod="0" />
    </MapTiles>
    <StaticTiles />
  </TransInfo>
  <TransInfo Description="Grass-Grass Without Static-Small Dirt" HashKey="08083E08083E01013E">
    <MapTiles>
      <MapTile TileID="126" AltIDMod="0" />
    </MapTiles>
    <StaticTiles />
  </TransInfo>
  <TransInfo Description="Grass-Grass Without Static-Small Dirt" HashKey="010808010808013E3E">
    <MapTiles>
      <MapTile TileID="131" AltIDMod="0" />
    </MapTiles>
    <StaticTiles />
  </TransInfo>
  <TransInfo Description="Grass-Grass Without Static-Small Dirt" HashKey="080101083E3E083E3E">
    <MapTiles>
      <MapTile TileID="3" AltIDMod="0" />
      <MapTile TileID="4" AltIDMod="0" />
      <MapTile TileID="5" AltIDMod="0" />
      <MapTile TileID="6" AltIDMod="0" />
    </MapTiles>
    <StaticTiles />
  </TransInfo>
  <TransInfo Description="Grass-Grass Without Static-Small Dirt" HashKey="0101080101083E3E3E">
    <MapTiles>
      <MapTile TileID="3" AltIDMod="0" />
      <MapTile TileID="4" AltIDMod="0" />
      <MapTile TileID="5" AltIDMod="0" />
      <MapTile TileID="6" AltIDMod="0" />
    </MapTiles>
    <StaticTiles />
  </TransInfo>
  <TransInfo Description="Grass-Grass Without Static-Small Dirt" HashKey="3E01013E0101080808">
    <MapTiles>
      <MapTile TileID="3" AltIDMod="0" />
      <MapTile TileID="4" AltIDMod="0" />
      <MapTile TileID="5" AltIDMod="0" />
      <MapTile TileID="6" AltIDMod="0" />
    </MapTiles>
    <StaticTiles />
  </TransInfo>
  <TransInfo Description="Grass-Grass Without Static-Small Dirt" HashKey="083E3E083E3E080101">
    <MapTiles>
      <MapTile TileID="3" AltIDMod="0" />
      <MapTile TileID="4" AltIDMod="0" />
      <MapTile TileID="5" AltIDMod="0" />
      <MapTile TileID="6" AltIDMod="0" />
    </MapTiles>
    <StaticTiles />
  </TransInfo>
  <TransInfo Description="Grass-Grass Without Static-Small Dirt" HashKey="08083E010101010101">
    <MapTiles>
      <MapTile TileID="3" AltIDMod="0" />
      <MapTile TileID="4" AltIDMod="0" />
      <MapTile TileID="5" AltIDMod="0" />
      <MapTile TileID="6" AltIDMod="0" />
    </MapTiles>
    <StaticTiles />
  </TransInfo>
  <TransInfo Description="Grass-Grass Without Static-Small Dirt" HashKey="0101080101083E3E08">
    <MapTiles>
      <MapTile TileID="3" AltIDMod="0" />
      <MapTile TileID="4" AltIDMod="0" />
      <MapTile TileID="5" AltIDMod="0" />
      <MapTile TileID="6" AltIDMod="0" />
    </MapTiles>
    <StaticTiles />
  </TransInfo>
  <TransInfo Description="Grass-Grass Without Static-Small Dirt" HashKey="010101010101083E3E">
    <MapTiles>
      <MapTile TileID="3" AltIDMod="0" />
      <MapTile TileID="4" AltIDMod="0" />
      <MapTile TileID="5" AltIDMod="0" />
      <MapTile TileID="6" AltIDMod="0" />
    </MapTiles>
    <StaticTiles />
  </TransInfo>
  <TransInfo Description="Grass-Grass Without Static-Small Dirt" HashKey="3E0808010101010101">
    <MapTiles>
      <MapTile TileID="3" AltIDMod="0" />
      <MapTile TileID="4" AltIDMod="0" />
      <MapTile TileID="5" AltIDMod="0" />
      <MapTile TileID="6" AltIDMod="0" />
    </MapTiles>
    <StaticTiles />
  </TransInfo>
  <TransInfo Description="Grass-Grass Without Static-Small Dirt" HashKey="08083E08083E010101">
    <MapTiles>
      <MapTile TileID="126" AltIDMod="0" />
    </MapTiles>
    <StaticTiles />
  </TransInfo>
  <TransInfo Description="Grass-Grass Without Static-Small Dirt" HashKey="083E3E013E3E013E3E">
    <MapTiles>
      <MapTile TileID="3" AltIDMod="0" />
      <MapTile TileID="4" AltIDMod="0" />
      <MapTile TileID="5" AltIDMod="0" />
      <MapTile TileID="6" AltIDMod="0" />
    </MapTiles>
    <StaticTiles />
  </TransInfo>
  <TransInfo Description="Grass-Grass Without Static-Small Dirt" HashKey="01013E01013E010108">
    <MapTiles>
      <MapTile TileID="3" AltIDMod="0" />
      <MapTile TileID="4" AltIDMod="0" />
      <MapTile TileID="5" AltIDMod="0" />
      <MapTile TileID="6" AltIDMod="0" />
    </MapTiles>
    <StaticTiles />
  </TransInfo>
  <TransInfo Description="Grass-Grass Without Static-Small Dirt" HashKey="3E3E3E3E3E3E010808">
    <MapTiles>
      <MapTile TileID="3" AltIDMod="0" />
      <MapTile TileID="4" AltIDMod="0" />
      <MapTile TileID="5" AltIDMod="0" />
      <MapTile TileID="6" AltIDMod="0" />
    </MapTiles>
    <StaticTiles />
  </TransInfo>
  <TransInfo Description="Grass-Grass Without Static-Small Dirt" HashKey="0101013E3E083E3E08">
    <MapTiles>
      <MapTile TileID="3" AltIDMod="0" />
      <MapTile TileID="4" AltIDMod="0" />
      <MapTile TileID="5" AltIDMod="0" />
      <MapTile TileID="6" AltIDMod="0" />
    </MapTiles>
    <StaticTiles />
  </TransInfo>
  <TransInfo Description="Grass-Grass Without Static-Small Dirt" HashKey="0801013E3E3E3E3E3E">
    <MapTiles>
      <MapTile TileID="3" AltIDMod="0" />
      <MapTile TileID="4" AltIDMod="0" />
      <MapTile TileID="5" AltIDMod="0" />
      <MapTile TileID="6" AltIDMod="0" />
    </MapTiles>
    <StaticTiles />
  </TransInfo>
  <TransInfo Description="Grass-Grass Without Static-Small Dirt" HashKey="0108083E3E3E3E3E3E">
    <MapTiles>
      <MapTile TileID="3" AltIDMod="0" />
      <MapTile TileID="4" AltIDMod="0" />
      <MapTile TileID="5" AltIDMod="0" />
      <MapTile TileID="6" AltIDMod="0" />
    </MapTiles>
    <StaticTiles />
  </TransInfo>
  <TransInfo Description="Grass-Grass Without Static-Small Dirt" HashKey="01010101010108083E">
    <MapTiles>
      <MapTile TileID="3" AltIDMod="0" />
      <MapTile TileID="4" AltIDMod="0" />
      <MapTile TileID="5" AltIDMod="0" />
      <MapTile TileID="6" AltIDMod="0" />
    </MapTiles>
    <StaticTiles />
  </TransInfo>
  <TransInfo Description="Grass-Grass Without Static-Small Dirt" HashKey="010101083E3E083E3E">
    <MapTiles>
      <MapTile TileID="3" AltIDMod="0" />
      <MapTile TileID="4" AltIDMod="0" />
      <MapTile TileID="5" AltIDMod="0" />
      <MapTile TileID="6" AltIDMod="0" />
    </MapTiles>
    <StaticTiles />
  </TransInfo>
  <TransInfo Description="Grass-Grass Without Static-Small Dirt" HashKey="3E3E3E010108010108">
    <MapTiles>
      <MapTile TileID="3" AltIDMod="0" />
      <MapTile TileID="4" AltIDMod="0" />
      <MapTile TileID="5" AltIDMod="0" />
      <MapTile TileID="6" AltIDMod="0" />
    </MapTiles>
    <StaticTiles />
  </TransInfo>
  <TransInfo Description="Grass-Grass Without Static-Small Dirt" HashKey="01010801013E01013E">
    <MapTiles>
      <MapTile TileID="3" AltIDMod="0" />
      <MapTile TileID="4" AltIDMod="0" />
      <MapTile TileID="5" AltIDMod="0" />
      <MapTile TileID="6" AltIDMod="0" />
    </MapTiles>
    <StaticTiles />
  </TransInfo>
  <TransInfo Description="Grass-Grass Without Static-Small Dirt" HashKey="0801010801013E0101">
    <MapTiles>
      <MapTile TileID="3" AltIDMod="0" />
      <MapTile TileID="4" AltIDMod="0" />
      <MapTile TileID="5" AltIDMod="0" />
      <MapTile TileID="6" AltIDMod="0" />
    </MapTiles>
    <StaticTiles />
  </TransInfo>
  <TransInfo Description="Grass-Grass Without Static-Small Dirt" HashKey="0801010801013E3E3E">
    <MapTiles>
      <MapTile TileID="3" AltIDMod="0" />
      <MapTile TileID="4" AltIDMod="0" />
      <MapTile TileID="5" AltIDMod="0" />
      <MapTile TileID="6" AltIDMod="0" />
    </MapTiles>
    <StaticTiles />
  </TransInfo>
  <TransInfo Description="Grass-Grass Without Static-Small Dirt" HashKey="080808013E3E013E3E">
    <MapTiles>
      <MapTile TileID="3" AltIDMod="0" />
      <MapTile TileID="4" AltIDMod="0" />
      <MapTile TileID="5" AltIDMod="0" />
      <MapTile TileID="6" AltIDMod="0" />
    </MapTiles>
    <StaticTiles />
  </TransInfo>
  <TransInfo Description="Grass-Grass Without Static-Small Dirt" HashKey="3E3E083E3E013E3E01">
    <MapTiles>
      <MapTile TileID="3" AltIDMod="0" />
      <MapTile TileID="4" AltIDMod="0" />
      <MapTile TileID="5" AltIDMod="0" />
      <MapTile TileID="6" AltIDMod="0" />
    </MapTiles>
    <StaticTiles />
  </TransInfo>
  <TransInfo Description="Grass-Grass Without Static-Small Dirt" HashKey="0108083E08083E0808">
    <MapTiles>
      <MapTile TileID="137" AltIDMod="0" />
      <MapTile TileID="138" AltIDMod="0" />
    </MapTiles>
    <StaticTiles />
  </TransInfo>
  <TransInfo Description="Grass-Grass Without Static-Small Dirt" HashKey="3E08083E08083E0101">
    <MapTiles>
      <MapTile TileID="131" AltIDMod="0" />
    </MapTiles>
    <StaticTiles />
  </TransInfo>
  <TransInfo Description="Grass-Grass Without Static-Small Dirt" HashKey="3E3E013E3E01080808">
    <MapTiles>
      <MapTile TileID="3" AltIDMod="0" />
      <MapTile TileID="4" AltIDMod="0" />
      <MapTile TileID="5" AltIDMod="0" />
      <MapTile TileID="6" AltIDMod="0" />
    </MapTiles>
    <StaticTiles />
  </TransInfo>
  <TransInfo Description="Grass-Grass Without Static-Small Dirt" HashKey="3E0101080101080101">
    <MapTiles>
      <MapTile TileID="3" AltIDMod="0" />
      <MapTile TileID="4" AltIDMod="0" />
      <MapTile TileID="5" AltIDMod="0" />
      <MapTile TileID="6" AltIDMod="0" />
    </MapTiles>
    <StaticTiles />
  </TransInfo>
  <TransInfo Description="Grass-Grass Without Static-Small Dirt" HashKey="3E01013E01013E0808">
    <MapTiles>
      <MapTile TileID="3" AltIDMod="0" />
      <MapTile TileID="4" AltIDMod="0" />
      <MapTile TileID="5" AltIDMod="0" />
      <MapTile TileID="6" AltIDMod="0" />
    </MapTiles>
    <StaticTiles />
  </TransInfo>
  <TransInfo Description="Grass-Grass Without Static-Small Dirt" HashKey="08083E08083E080801">
    <MapTiles>
      <MapTile TileID="135" AltIDMod="0" />
      <MapTile TileID="136" AltIDMod="0" />
    </MapTiles>
    <StaticTiles />
  </TransInfo>
  <TransInfo Description="Grass-Grass Without Static-Small Dirt" HashKey="3E3E01080801080801">
    <MapTiles>
      <MapTile TileID="130" AltIDMod="0" />
    </MapTiles>
    <StaticTiles />
  </TransInfo>
  <TransInfo Description="Grass-Grass Without Static-Small Dirt" HashKey="3E08083E01013E0101">
    <MapTiles>
      <MapTile TileID="3" AltIDMod="0" />
      <MapTile TileID="4" AltIDMod="0" />
      <MapTile TileID="5" AltIDMod="0" />
      <MapTile TileID="6" AltIDMod="0" />
    </MapTiles>
    <StaticTiles />
  </TransInfo>
  <TransInfo Description="Grass-Grass Without Static-Small Dirt" HashKey="3E3E013E3E01080801">
    <MapTiles>
      <MapTile TileID="3" AltIDMod="0" />
      <MapTile TileID="4" AltIDMod="0" />
      <MapTile TileID="5" AltIDMod="0" />
      <MapTile TileID="6" AltIDMod="0" />
    </MapTiles>
    <StaticTiles />
  </TransInfo>
  <TransInfo Description="Grass-Grass Without Static-Small Dirt" HashKey="3E01013E0101080101">
    <MapTiles>
      <MapTile TileID="3" AltIDMod="0" />
      <MapTile TileID="4" AltIDMod="0" />
      <MapTile TileID="5" AltIDMod="0" />
      <MapTile TileID="6" AltIDMod="0" />
    </MapTiles>
    <StaticTiles />
  </TransInfo>
  <TransInfo Description="Grass-Grass Without Static-Small Dirt" HashKey="3E0101080808080808">
    <MapTiles>
      <MapTile TileID="139" AltIDMod="0" />
      <MapTile TileID="140" AltIDMod="0" />
    </MapTiles>
    <StaticTiles />
  </TransInfo>
  <TransInfo Description="Grass-Grass Without Static-Small Dirt" HashKey="01013E01013E08083E">
    <MapTiles>
      <MapTile TileID="3" AltIDMod="0" />
      <MapTile TileID="4" AltIDMod="0" />
      <MapTile TileID="5" AltIDMod="0" />
      <MapTile TileID="6" AltIDMod="0" />
    </MapTiles>
    <StaticTiles />
  </TransInfo>
  <TransInfo Description="Grass-Grass Without Static-Small Dirt" HashKey="08080108080108083E">
    <MapTiles>
      <MapTile TileID="135" AltIDMod="0" />
      <MapTile TileID="136" AltIDMod="0" />
    </MapTiles>
    <StaticTiles />
  </TransInfo>
  <TransInfo Description="Grass-Grass Without Static-Small Dirt" HashKey="08080108083E08083E">
    <MapTiles>
      <MapTile TileID="135" AltIDMod="0" />
      <MapTile TileID="136" AltIDMod="0" />
    </MapTiles>
    <StaticTiles />
  </TransInfo>
  <TransInfo Description="Grass-Grass Without Static-Small Dirt" HashKey="01013E01013E080808">
    <MapTiles>
      <MapTile TileID="3" AltIDMod="0" />
      <MapTile TileID="4" AltIDMod="0" />
      <MapTile TileID="5" AltIDMod="0" />
      <MapTile TileID="6" AltIDMod="0" />
    </MapTiles>
    <StaticTiles />
  </TransInfo>
  <TransInfo Description="Grass-Grass Without Static-Small Dirt" HashKey="013E3E013E3E083E3E">
    <MapTiles>
      <MapTile TileID="3" AltIDMod="0" />
      <MapTile TileID="4" AltIDMod="0" />
      <MapTile TileID="5" AltIDMod="0" />
      <MapTile TileID="6" AltIDMod="0" />
    </MapTiles>
    <StaticTiles />
  </TransInfo>
  <TransInfo Description="Grass-Grass Without Static-Small Dirt" HashKey="0808080808083E0101">
    <MapTiles>
      <MapTile TileID="133" AltIDMod="0" />
      <MapTile TileID="134" AltIDMod="0" />
    </MapTiles>
    <StaticTiles />
  </TransInfo>
  <TransInfo Description="Grass-Grass Without Static-Small Dirt" HashKey="3E3E083E3E083E3E01">
    <MapTiles>
      <MapTile TileID="3" AltIDMod="0" />
      <MapTile TileID="4" AltIDMod="0" />
      <MapTile TileID="5" AltIDMod="0" />
      <MapTile TileID="6" AltIDMod="0" />
    </MapTiles>
    <StaticTiles />
  </TransInfo>
  <TransInfo Description="Grass-Grass Without Static-Small Dirt" HashKey="0808080808083E3E01">
    <MapTiles>
      <MapTile TileID="133" AltIDMod="0" />
      <MapTile TileID="134" AltIDMod="0" />
    </MapTiles>
    <StaticTiles />
  </TransInfo>
  <TransInfo Description="Grass-Grass Without Static-Small Dirt" HashKey="3E3E013E3E083E3E08">
    <MapTiles>
      <MapTile TileID="3" AltIDMod="0" />
      <MapTile TileID="4" AltIDMod="0" />
      <MapTile TileID="5" AltIDMod="0" />
      <MapTile TileID="6" AltIDMod="0" />
    </MapTiles>
    <StaticTiles />
  </TransInfo>
  <TransInfo Description="Grass-Grass Without Static-Small Dirt" HashKey="3E3E3E3E3E3E080101">
    <MapTiles>
      <MapTile TileID="3" AltIDMod="0" />
      <MapTile TileID="4" AltIDMod="0" />
      <MapTile TileID="5" AltIDMod="0" />
      <MapTile TileID="6" AltIDMod="0" />
    </MapTiles>
    <StaticTiles />
  </TransInfo>
  <TransInfo Description="Grass-Grass Without Static-Small Dirt" HashKey="3E3E01080808080808">
    <MapTiles>
      <MapTile TileID="139" AltIDMod="0" />
      <MapTile TileID="140" AltIDMod="0" />
    </MapTiles>
    <StaticTiles />
  </TransInfo>
  <TransInfo Description="Grass-Grass Without Static-Small Dirt" HashKey="083E3E083E3E013E3E">
    <MapTiles>
      <MapTile TileID="3" AltIDMod="0" />
      <MapTile TileID="4" AltIDMod="0" />
      <MapTile TileID="5" AltIDMod="0" />
      <MapTile TileID="6" AltIDMod="0" />
    </MapTiles>
    <StaticTiles />
  </TransInfo>
  <TransInfo Description="Grass-Grass Without Static-Small Dirt" HashKey="0808013E3E3E3E3E3E">
    <MapTiles>
      <MapTile TileID="3" AltIDMod="0" />
      <MapTile TileID="4" AltIDMod="0" />
      <MapTile TileID="5" AltIDMod="0" />
      <MapTile TileID="6" AltIDMod="0" />
    </MapTiles>
    <StaticTiles />
  </TransInfo>
  <TransInfo Description="Grass-Grass Without Static-Small Dirt" HashKey="080101080101083E3E">
    <MapTiles>
      <MapTile TileID="3" AltIDMod="0" />
      <MapTile TileID="4" AltIDMod="0" />
      <MapTile TileID="5" AltIDMod="0" />
      <MapTile TileID="6" AltIDMod="0" />
    </MapTiles>
    <StaticTiles />
  </TransInfo>
  <TransInfo Description="Grass-Grass Without Static-Small Dirt" HashKey="01010801010801013E">
    <MapTiles>
      <MapTile TileID="3" AltIDMod="0" />
      <MapTile TileID="4" AltIDMod="0" />
      <MapTile TileID="5" AltIDMod="0" />
      <MapTile TileID="6" AltIDMod="0" />
    </MapTiles>
    <StaticTiles />
  </TransInfo>
  <TransInfo Description="Grass-Grass Without Static-Small Dirt" HashKey="01013E010108010108">
    <MapTiles>
      <MapTile TileID="3" AltIDMod="0" />
      <MapTile TileID="4" AltIDMod="0" />
      <MapTile TileID="5" AltIDMod="0" />
      <MapTile TileID="6" AltIDMod="0" />
    </MapTiles>
    <StaticTiles />
  </TransInfo>
</Trans>