﻿<?xml version="1.0" encoding="utf-8"?>
<Trans>
  <TransInfo Description="Rough Forest To Forest Embankment" HashKey="832B832B832B2B2B2B">
    <MapTiles>
      <MapTile TileID="196" AltIDMod="0" />
    </MapTiles>
    <StaticTiles />
  </TransInfo>
  <TransInfo Description="Rough Forest To Forest Embankment" HashKey="2B83832B8383832B2B">
    <MapTiles>
      <MapTile TileID="196" AltIDMod="0" />
    </MapTiles>
    <StaticTiles />
  </TransInfo>
  <TransInfo Description="Rough Forest To Forest Embankment" HashKey="2B83832B83832B8383">
    <MapTiles>
      <MapTile TileID="199" AltIDMod="0" />
    </MapTiles>
    <StaticTiles />
  </TransInfo>
  <TransInfo Description="Rough Forest To Forest Embankment" HashKey="2B838383832B832B83">
    <MapTiles>
      <MapTile TileID="196" AltIDMod="0" />
    </MapTiles>
    <StaticTiles />
  </TransInfo>
  <TransInfo Description="Rough Forest To Forest Embankment" HashKey="2B832B2B832B83832B">
    <MapTiles>
      <MapTile TileID="196" AltIDMod="0" />
    </MapTiles>
    <StaticTiles />
  </TransInfo>
  <TransInfo Description="Rough Forest To Forest Embankment" HashKey="83832B83838383832B">
    <MapTiles>
      <MapTile TileID="758" AltIDMod="0" />
      <MapTile TileID="759" AltIDMod="0" />
    </MapTiles>
    <StaticTiles />
  </TransInfo>
  <TransInfo Description="Rough Forest To Forest Embankment" HashKey="2B2B838383832B2B2B">
    <MapTiles>
      <MapTile TileID="196" AltIDMod="0" />
    </MapTiles>
    <StaticTiles />
  </TransInfo>
  <TransInfo Description="Rough Forest To Forest Embankment" HashKey="2B2B2B2B838383832B">
    <MapTiles>
      <MapTile TileID="196" AltIDMod="0" />
    </MapTiles>
    <StaticTiles />
  </TransInfo>
  <TransInfo Description="Rough Forest To Forest Embankment" HashKey="8383832B838383832B">
    <MapTiles>
      <MapTile TileID="196" AltIDMod="0" />
    </MapTiles>
    <StaticTiles />
  </TransInfo>
  <TransInfo Description="Rough Forest To Forest Embankment" HashKey="83832B83832B832B2B">
    <MapTiles>
      <MapTile TileID="760" AltIDMod="0" />
    </MapTiles>
    <StaticTiles />
  </TransInfo>
  <TransInfo Description="Rough Forest To Forest Embankment" HashKey="832B832B832B2B832B">
    <MapTiles>
      <MapTile TileID="196" AltIDMod="0" />
    </MapTiles>
    <StaticTiles />
  </TransInfo>
  <TransInfo Description="Rough Forest To Forest Embankment" HashKey="83832B83832B2B8383">
    <MapTiles>
      <MapTile TileID="760" AltIDMod="0" />
    </MapTiles>
    <StaticTiles />
  </TransInfo>
  <TransInfo Description="Rough Forest To Forest Embankment" HashKey="2B2B832B838383832B">
    <MapTiles>
      <MapTile TileID="196" AltIDMod="0" />
    </MapTiles>
    <StaticTiles />
  </TransInfo>
  <TransInfo Description="Rough Forest To Forest Embankment" HashKey="2B83832B832B2B832B">
    <MapTiles>
      <MapTile TileID="196" AltIDMod="0" />
    </MapTiles>
    <StaticTiles />
  </TransInfo>
  <TransInfo Description="Rough Forest To Forest Embankment" HashKey="832B2B2B83832B8383">
    <MapTiles>
      <MapTile TileID="197" AltIDMod="0" />
    </MapTiles>
    <StaticTiles />
  </TransInfo>
  <TransInfo Description="Rough Forest To Forest Embankment" HashKey="832B2B2B832B83832B">
    <MapTiles>
      <MapTile TileID="196" AltIDMod="0" />
    </MapTiles>
    <StaticTiles />
  </TransInfo>
  <TransInfo Description="Rough Forest To Forest Embankment" HashKey="832B2B2B8383832B2B">
    <MapTiles>
      <MapTile TileID="196" AltIDMod="0" />
    </MapTiles>
    <StaticTiles />
  </TransInfo>
  <TransInfo Description="Rough Forest To Forest Embankment" HashKey="2B2B838383832B832B">
    <MapTiles>
      <MapTile TileID="196" AltIDMod="0" />
    </MapTiles>
    <StaticTiles />
  </TransInfo>
  <TransInfo Description="Rough Forest To Forest Embankment" HashKey="2B2B832B832B832B2B">
    <MapTiles>
      <MapTile TileID="196" AltIDMod="0" />
    </MapTiles>
    <StaticTiles />
  </TransInfo>
  <TransInfo Description="Rough Forest To Forest Embankment" HashKey="832B2B838383838383">
    <MapTiles>
      <MapTile TileID="198" AltIDMod="0" />
    </MapTiles>
    <StaticTiles />
  </TransInfo>
  <TransInfo Description="Rough Forest To Forest Embankment" HashKey="2B2B832B832B2B8383">
    <MapTiles>
      <MapTile TileID="196" AltIDMod="0" />
    </MapTiles>
    <StaticTiles />
  </TransInfo>
  <TransInfo Description="Rough Forest To Forest Embankment" HashKey="832B2B8383832B2B2B">
    <MapTiles>
      <MapTile TileID="196" AltIDMod="0" />
    </MapTiles>
    <StaticTiles />
  </TransInfo>
  <TransInfo Description="Rough Forest To Forest Embankment" HashKey="83832B2B832B83832B">
    <MapTiles>
      <MapTile TileID="196" AltIDMod="0" />
    </MapTiles>
    <StaticTiles />
  </TransInfo>
  <TransInfo Description="Rough Forest To Forest Embankment" HashKey="2B83832B832B2B2B2B">
    <MapTiles>
      <MapTile TileID="196" AltIDMod="0" />
    </MapTiles>
    <StaticTiles />
  </TransInfo>
  <TransInfo Description="Rough Forest To Forest Embankment" HashKey="8383832B832B838383">
    <MapTiles>
      <MapTile TileID="196" AltIDMod="0" />
    </MapTiles>
    <StaticTiles />
  </TransInfo>
  <TransInfo Description="Rough Forest To Forest Embankment" HashKey="2B83832B832B838383">
    <MapTiles>
      <MapTile TileID="196" AltIDMod="0" />
    </MapTiles>
    <StaticTiles />
  </TransInfo>
  <TransInfo Description="Rough Forest To Forest Embankment" HashKey="2B83838383832B2B83">
    <MapTiles>
      <MapTile TileID="196" AltIDMod="0" />
    </MapTiles>
    <StaticTiles />
  </TransInfo>
  <TransInfo Description="Rough Forest To Forest Embankment" HashKey="83838383832B832B2B">
    <MapTiles>
      <MapTile TileID="760" AltIDMod="0" />
    </MapTiles>
    <StaticTiles />
  </TransInfo>
  <TransInfo Description="Rough Forest To Forest Embankment" HashKey="2B2B8383832B832B2B">
    <MapTiles>
      <MapTile TileID="196" AltIDMod="0" />
    </MapTiles>
    <StaticTiles />
  </TransInfo>
  <TransInfo Description="Rough Forest To Forest Embankment" HashKey="2B2B2B83832B832B83">
    <MapTiles>
      <MapTile TileID="196" AltIDMod="0" />
    </MapTiles>
    <StaticTiles />
  </TransInfo>
  <TransInfo Description="Rough Forest To Forest Embankment" HashKey="832B8383832B832B83">
    <MapTiles>
      <MapTile TileID="196" AltIDMod="0" />
    </MapTiles>
    <StaticTiles />
  </TransInfo>
  <TransInfo Description="Rough Forest To Forest Embankment" HashKey="832B2B8383832B832B">
    <MapTiles>
      <MapTile TileID="196" AltIDMod="0" />
    </MapTiles>
    <StaticTiles />
  </TransInfo>
  <TransInfo Description="Rough Forest To Forest Embankment" HashKey="2B832B2B832B2B832B">
    <MapTiles>
      <MapTile TileID="196" AltIDMod="0" />
    </MapTiles>
    <StaticTiles />
  </TransInfo>
  <TransInfo Description="Rough Forest To Forest Embankment" HashKey="2B2B2B83832B2B2B83">
    <MapTiles>
      <MapTile TileID="196" AltIDMod="0" />
    </MapTiles>
    <StaticTiles />
  </TransInfo>
  <TransInfo Description="Rough Forest To Forest Embankment" HashKey="83838383832B83832B">
    <MapTiles>
      <MapTile TileID="758" AltIDMod="0" />
      <MapTile TileID="759" AltIDMod="0" />
    </MapTiles>
    <StaticTiles />
  </TransInfo>
  <TransInfo Description="Rough Forest To Forest Embankment" HashKey="2B832B2B832B832B2B">
    <MapTiles>
      <MapTile TileID="196" AltIDMod="0" />
    </MapTiles>
    <StaticTiles />
  </TransInfo>
  <TransInfo Description="Rough Forest To Forest Embankment" HashKey="83832B838383838383">
    <MapTiles>
      <MapTile TileID="197" AltIDMod="0" />
    </MapTiles>
    <StaticTiles />
  </TransInfo>
  <TransInfo Description="Rough Forest To Forest Embankment" HashKey="2B2B8383832B83832B">
    <MapTiles>
      <MapTile TileID="196" AltIDMod="0" />
    </MapTiles>
    <StaticTiles />
  </TransInfo>
  <TransInfo Description="Rough Forest To Forest Embankment" HashKey="83832B83832B832B83">
    <MapTiles>
      <MapTile TileID="760" AltIDMod="0" />
    </MapTiles>
    <StaticTiles />
  </TransInfo>
  <TransInfo Description="Rough Forest To Forest Embankment" HashKey="83832B2B832B838383">
    <MapTiles>
      <MapTile TileID="196" AltIDMod="0" />
    </MapTiles>
    <StaticTiles />
  </TransInfo>
  <TransInfo Description="Rough Forest To Forest Embankment" HashKey="2B2B832B8383838383">
    <MapTiles>
      <MapTile TileID="197" AltIDMod="0" />
    </MapTiles>
    <StaticTiles />
  </TransInfo>
  <TransInfo Description="Rough Forest To Forest Embankment" HashKey="832B832B832B2B2B83">
    <MapTiles>
      <MapTile TileID="196" AltIDMod="0" />
    </MapTiles>
    <StaticTiles />
  </TransInfo>
  <TransInfo Description="Rough Forest To Forest Embankment" HashKey="83832B2B832B832B83">
    <MapTiles>
      <MapTile TileID="196" AltIDMod="0" />
    </MapTiles>
    <StaticTiles />
  </TransInfo>
  <TransInfo Description="Rough Forest To Forest Embankment" HashKey="2B2B2B2B832B2B2B2B">
    <MapTiles>
      <MapTile TileID="196" AltIDMod="0" />
    </MapTiles>
    <StaticTiles />
  </TransInfo>
  <TransInfo Description="Rough Forest To Forest Embankment" HashKey="832B2B2B83832B832B">
    <MapTiles>
      <MapTile TileID="196" AltIDMod="0" />
    </MapTiles>
    <StaticTiles />
  </TransInfo>
  <TransInfo Description="Rough Forest To Forest Embankment" HashKey="83838383832B2B8383">
    <MapTiles>
      <MapTile TileID="760" AltIDMod="0" />
    </MapTiles>
    <StaticTiles />
  </TransInfo>
  <TransInfo Description="Rough Forest To Forest Embankment" HashKey="2B2B83838383832B2B">
    <MapTiles>
      <MapTile TileID="196" AltIDMod="0" />
    </MapTiles>
    <StaticTiles />
  </TransInfo>
  <TransInfo Description="Rough Forest To Forest Embankment" HashKey="2B2B838383832B8383">
    <MapTiles>
      <MapTile TileID="197" AltIDMod="0" />
    </MapTiles>
    <StaticTiles />
  </TransInfo>
  <TransInfo Description="Rough Forest To Forest Embankment" HashKey="832B8383832B2B2B83">
    <MapTiles>
      <MapTile TileID="196" AltIDMod="0" />
    </MapTiles>
    <StaticTiles />
  </TransInfo>
  <TransInfo Description="Rough Forest To Forest Embankment" HashKey="2B2B832B832B832B83">
    <MapTiles>
      <MapTile TileID="196" AltIDMod="0" />
    </MapTiles>
    <StaticTiles />
  </TransInfo>
  <TransInfo Description="Rough Forest To Forest Embankment" HashKey="832B2B83838383832B">
    <MapTiles>
      <MapTile TileID="196" AltIDMod="0" />
    </MapTiles>
    <StaticTiles />
  </TransInfo>
  <TransInfo Description="Rough Forest To Forest Embankment" HashKey="83832B838383832B83">
    <MapTiles>
      <MapTile TileID="760" AltIDMod="0" />
    </MapTiles>
    <StaticTiles />
  </TransInfo>
  <TransInfo Description="Rough Forest To Forest Embankment" HashKey="2B832B2B832B2B8383">
    <MapTiles>
      <MapTile TileID="196" AltIDMod="0" />
    </MapTiles>
    <StaticTiles />
  </TransInfo>
  <TransInfo Description="Rough Forest To Forest Embankment" HashKey="2B83832B832B2B2B83">
    <MapTiles>
      <MapTile TileID="196" AltIDMod="0" />
    </MapTiles>
    <StaticTiles />
  </TransInfo>
  <TransInfo Description="Rough Forest To Forest Embankment" HashKey="832B2B2B83832B2B2B">
    <MapTiles>
      <MapTile TileID="196" AltIDMod="0" />
    </MapTiles>
    <StaticTiles />
  </TransInfo>
  <TransInfo Description="Rough Forest To Forest Embankment" HashKey="2B2B2B838383832B83">
    <MapTiles>
      <MapTile TileID="196" AltIDMod="0" />
    </MapTiles>
    <StaticTiles />
  </TransInfo>
  <TransInfo Description="Rough Forest To Forest Embankment" HashKey="832B2B2B8383838383">
    <MapTiles>
      <MapTile TileID="197" AltIDMod="0" />
    </MapTiles>
    <StaticTiles />
  </TransInfo>
  <TransInfo Description="Rough Forest To Forest Embankment" HashKey="83838383838383832B">
    <MapTiles>
      <MapTile TileID="752" AltIDMod="0" />
    </MapTiles>
    <StaticTiles />
  </TransInfo>
  <TransInfo Description="Rough Forest To Forest Embankment" HashKey="8383832B83832B2B83">
    <MapTiles>
      <MapTile TileID="762" AltIDMod="0" />
    </MapTiles>
    <StaticTiles />
  </TransInfo>
  <TransInfo Description="Rough Forest To Forest Embankment" HashKey="83832B2B83832B2B83">
    <MapTiles>
      <MapTile TileID="196" AltIDMod="0" />
    </MapTiles>
    <StaticTiles />
  </TransInfo>
  <TransInfo Description="Rough Forest To Forest Embankment" HashKey="832B2B2B832B2B832B">
    <MapTiles>
      <MapTile TileID="196" AltIDMod="0" />
    </MapTiles>
    <StaticTiles />
  </TransInfo>
  <TransInfo Description="Rough Forest To Forest Embankment" HashKey="832B2B838383832B2B">
    <MapTiles>
      <MapTile TileID="196" AltIDMod="0" />
    </MapTiles>
    <StaticTiles />
  </TransInfo>
  <TransInfo Description="Rough Forest To Forest Embankment" HashKey="2B2B2B2B83832B2B83">
    <MapTiles>
      <MapTile TileID="196" AltIDMod="0" />
    </MapTiles>
    <StaticTiles />
  </TransInfo>
  <TransInfo Description="Rough Forest To Forest Embankment" HashKey="2B2B2B83832B838383">
    <MapTiles>
      <MapTile TileID="761" AltIDMod="0" />
    </MapTiles>
    <StaticTiles />
  </TransInfo>
  <TransInfo Description="Rough Forest To Forest Embankment" HashKey="832B2B8383832B8383">
    <MapTiles>
      <MapTile TileID="197" AltIDMod="0" />
    </MapTiles>
    <StaticTiles />
  </TransInfo>
  <TransInfo Description="Rough Forest To Forest Embankment" HashKey="83838383832B2B2B2B">
    <MapTiles>
      <MapTile TileID="760" AltIDMod="0" />
    </MapTiles>
    <StaticTiles />
  </TransInfo>
  <TransInfo Description="Rough Forest To Forest Embankment" HashKey="2B2B2B83832B2B2B2B">
    <MapTiles>
      <MapTile TileID="196" AltIDMod="0" />
    </MapTiles>
    <StaticTiles />
  </TransInfo>
  <TransInfo Description="Rough Forest To Forest Embankment" HashKey="83838383832B2B832B">
    <MapTiles>
      <MapTile TileID="760" AltIDMod="0" />
    </MapTiles>
    <StaticTiles />
  </TransInfo>
  <TransInfo Description="Rough Forest To Forest Embankment" HashKey="83838383832B838383">
    <MapTiles>
      <MapTile TileID="758" AltIDMod="0" />
      <MapTile TileID="759" AltIDMod="0" />
    </MapTiles>
    <StaticTiles />
  </TransInfo>
  <TransInfo Description="Rough Forest To Forest Embankment" HashKey="2B832B2B832B832B83">
    <MapTiles>
      <MapTile TileID="196" AltIDMod="0" />
    </MapTiles>
    <StaticTiles />
  </TransInfo>
  <TransInfo Description="Rough Forest To Forest Embankment" HashKey="2B2B8383832B838383">
    <MapTiles>
      <MapTile TileID="196" AltIDMod="0" />
    </MapTiles>
    <StaticTiles />
  </TransInfo>
  <TransInfo Description="Rough Forest To Forest Embankment" HashKey="832B83838383832B83">
    <MapTiles>
      <MapTile TileID="196" AltIDMod="0" />
    </MapTiles>
    <StaticTiles />
  </TransInfo>
  <TransInfo Description="Rough Forest To Forest Embankment" HashKey="2B2B832B83832B2B83">
    <MapTiles>
      <MapTile TileID="196" AltIDMod="0" />
    </MapTiles>
    <StaticTiles />
  </TransInfo>
  <TransInfo Description="Rough Forest To Forest Embankment" HashKey="8383838383832B832B">
    <MapTiles>
      <MapTile TileID="757" AltIDMod="0" />
      <MapTile TileID="756" AltIDMod="0" />
    </MapTiles>
    <StaticTiles />
  </TransInfo>
  <TransInfo Description="Rough Forest To Forest Embankment" HashKey="832B2B2B832B832B2B">
    <MapTiles>
      <MapTile TileID="196" AltIDMod="0" />
    </MapTiles>
    <StaticTiles />
  </TransInfo>
  <TransInfo Description="Rough Forest To Forest Embankment" HashKey="2B2B2B83832B2B832B">
    <MapTiles>
      <MapTile TileID="196" AltIDMod="0" />
    </MapTiles>
    <StaticTiles />
  </TransInfo>
  <TransInfo Description="Rough Forest To Forest Embankment" HashKey="832B832B83832B2B83">
    <MapTiles>
      <MapTile TileID="196" AltIDMod="0" />
    </MapTiles>
    <StaticTiles />
  </TransInfo>
  <TransInfo Description="Rough Forest To Forest Embankment" HashKey="2B2B83838383832B83">
    <MapTiles>
      <MapTile TileID="196" AltIDMod="0" />
    </MapTiles>
    <StaticTiles />
  </TransInfo>
  <TransInfo Description="Rough Forest To Forest Embankment" HashKey="832B8383832B838383">
    <MapTiles>
      <MapTile TileID="196" AltIDMod="0" />
    </MapTiles>
    <StaticTiles />
  </TransInfo>
  <TransInfo Description="Rough Forest To Forest Embankment" HashKey="832B8383832B2B2B2B">
    <MapTiles>
      <MapTile TileID="196" AltIDMod="0" />
    </MapTiles>
    <StaticTiles />
  </TransInfo>
  <TransInfo Description="Rough Forest To Forest Embankment" HashKey="2B832B2B8383832B83">
    <MapTiles>
      <MapTile TileID="196" AltIDMod="0" />
    </MapTiles>
    <StaticTiles />
  </TransInfo>
  <TransInfo Description="Rough Forest To Forest Embankment" HashKey="83832B838383832B2B">
    <MapTiles>
      <MapTile TileID="760" AltIDMod="0" />
    </MapTiles>
    <StaticTiles />
  </TransInfo>
  <TransInfo Description="Rough Forest To Forest Embankment" HashKey="832B832B83832B832B">
    <MapTiles>
      <MapTile TileID="196" AltIDMod="0" />
    </MapTiles>
    <StaticTiles />
  </TransInfo>
  <TransInfo Description="Rough Forest To Forest Embankment" HashKey="2B2B2B8383832B8383">
    <MapTiles>
      <MapTile TileID="197" AltIDMod="0" />
    </MapTiles>
    <StaticTiles />
  </TransInfo>
  <TransInfo Description="Rough Forest To Forest Embankment" HashKey="832B2B2B83832B2B83">
    <MapTiles>
      <MapTile TileID="196" AltIDMod="0" />
    </MapTiles>
    <StaticTiles />
  </TransInfo>
  <TransInfo Description="Rough Forest To Forest Embankment" HashKey="2B2B2B838383832B2B">
    <MapTiles>
      <MapTile TileID="196" AltIDMod="0" />
    </MapTiles>
    <StaticTiles />
  </TransInfo>
  <TransInfo Description="Rough Forest To Forest Embankment" HashKey="832B8383832B2B8383">
    <MapTiles>
      <MapTile TileID="196" AltIDMod="0" />
    </MapTiles>
    <StaticTiles />
  </TransInfo>
  <TransInfo Description="Rough Forest To Forest Embankment" HashKey="2B832B2B832B2B2B2B">
    <MapTiles>
      <MapTile TileID="196" AltIDMod="0" />
    </MapTiles>
    <StaticTiles />
  </TransInfo>
  <TransInfo Description="Rough Forest To Forest Embankment" HashKey="2B832B8383832B2B83">
    <MapTiles>
      <MapTile TileID="196" AltIDMod="0" />
    </MapTiles>
    <StaticTiles />
  </TransInfo>
  <TransInfo Description="Rough Forest To Forest Embankment" HashKey="83832B2B8383838383">
    <MapTiles>
      <MapTile TileID="197" AltIDMod="0" />
    </MapTiles>
    <StaticTiles />
  </TransInfo>
  <TransInfo Description="Rough Forest To Forest Embankment" HashKey="8383832B832B832B83">
    <MapTiles>
      <MapTile TileID="196" AltIDMod="0" />
    </MapTiles>
    <StaticTiles />
  </TransInfo>
  <TransInfo Description="Rough Forest To Forest Embankment" HashKey="83832B2B83832B2B2B">
    <MapTiles>
      <MapTile TileID="196" AltIDMod="0" />
    </MapTiles>
    <StaticTiles />
  </TransInfo>
  <TransInfo Description="Rough Forest To Forest Embankment" HashKey="832B8383832B2B832B">
    <MapTiles>
      <MapTile TileID="196" AltIDMod="0" />
    </MapTiles>
    <StaticTiles />
  </TransInfo>
  <TransInfo Description="Rough Forest To Forest Embankment" HashKey="832B2B838383832B83">
    <MapTiles>
      <MapTile TileID="196" AltIDMod="0" />
    </MapTiles>
    <StaticTiles />
  </TransInfo>
  <TransInfo Description="Rough Forest To Forest Embankment" HashKey="2B2B2B2B83832B2B2B">
    <MapTiles>
      <MapTile TileID="196" AltIDMod="0" />
    </MapTiles>
    <StaticTiles />
  </TransInfo>
  <TransInfo Description="Rough Forest To Forest Embankment" HashKey="2B2B2B83832B83832B">
    <MapTiles>
      <MapTile TileID="759" AltIDMod="0" />
      <MapTile TileID="758" AltIDMod="0" />
    </MapTiles>
    <StaticTiles />
  </TransInfo>
  <TransInfo Description="Rough Forest To Forest Embankment" HashKey="83838383832B2B2B83">
    <MapTiles>
      <MapTile TileID="760" AltIDMod="0" />
    </MapTiles>
    <StaticTiles />
  </TransInfo>
  <TransInfo Description="Rough Forest To Forest Embankment" HashKey="2B2B2B83838383832B">
    <MapTiles>
      <MapTile TileID="196" AltIDMod="0" />
    </MapTiles>
    <StaticTiles />
  </TransInfo>
  <TransInfo Description="Rough Forest To Forest Embankment" HashKey="2B2B8383832B2B2B83">
    <MapTiles>
      <MapTile TileID="196" AltIDMod="0" />
    </MapTiles>
    <StaticTiles />
  </TransInfo>
  <TransInfo Description="Rough Forest To Forest Embankment" HashKey="832B838383832B8383">
    <MapTiles>
      <MapTile TileID="197" AltIDMod="0" />
    </MapTiles>
    <StaticTiles />
  </TransInfo>
  <TransInfo Description="Rough Forest To Forest Embankment" HashKey="832B83838383832B2B">
    <MapTiles>
      <MapTile TileID="196" AltIDMod="0" />
    </MapTiles>
    <StaticTiles />
  </TransInfo>
  <TransInfo Description="Rough Forest To Forest Embankment" HashKey="83832B2B83832B832B">
    <MapTiles>
      <MapTile TileID="196" AltIDMod="0" />
    </MapTiles>
    <StaticTiles />
  </TransInfo>
  <TransInfo Description="Rough Forest To Forest Embankment" HashKey="8383832B832B2B8383">
    <MapTiles>
      <MapTile TileID="196" AltIDMod="0" />
    </MapTiles>
    <StaticTiles />
  </TransInfo>
  <TransInfo Description="Rough Forest To Forest Embankment" HashKey="8383838383832B8383">
    <MapTiles>
      <MapTile TileID="198" AltIDMod="0" />
    </MapTiles>
    <StaticTiles />
  </TransInfo>
  <TransInfo Description="Rough Forest To Forest Embankment" HashKey="2B2B2B2B83832B832B">
    <MapTiles>
      <MapTile TileID="196" AltIDMod="0" />
    </MapTiles>
    <StaticTiles />
  </TransInfo>
  <TransInfo Description="Rough Forest To Forest Embankment" HashKey="832B2B2B832B832B83">
    <MapTiles>
      <MapTile TileID="196" AltIDMod="0" />
    </MapTiles>
    <StaticTiles />
  </TransInfo>
  <TransInfo Description="Rough Forest To Forest Embankment" HashKey="8383832B832B2B2B83">
    <MapTiles>
      <MapTile TileID="196" AltIDMod="0" />
    </MapTiles>
    <StaticTiles />
  </TransInfo>
  <TransInfo Description="Rough Forest To Forest Embankment" HashKey="832B2B83832B832B83">
    <MapTiles>
      <MapTile TileID="196" AltIDMod="0" />
    </MapTiles>
    <StaticTiles />
  </TransInfo>
  <TransInfo Description="Rough Forest To Forest Embankment" HashKey="832B832B8383838383">
    <MapTiles>
      <MapTile TileID="197" AltIDMod="0" />
    </MapTiles>
    <StaticTiles />
  </TransInfo>
  <TransInfo Description="Rough Forest To Forest Embankment" HashKey="2B2B832B83832B2B2B">
    <MapTiles>
      <MapTile TileID="196" AltIDMod="0" />
    </MapTiles>
    <StaticTiles />
  </TransInfo>
  <TransInfo Description="Rough Forest To Forest Embankment" HashKey="2B2B2B83832B2B8383">
    <MapTiles>
      <MapTile TileID="196" AltIDMod="0" />
    </MapTiles>
    <StaticTiles />
  </TransInfo>
  <TransInfo Description="Rough Forest To Forest Embankment" HashKey="832B832B83832B2B2B">
    <MapTiles>
      <MapTile TileID="196" AltIDMod="0" />
    </MapTiles>
    <StaticTiles />
  </TransInfo>
  <TransInfo Description="Rough Forest To Forest Embankment" HashKey="2B2B8383832B2B2B2B">
    <MapTiles>
      <MapTile TileID="196" AltIDMod="0" />
    </MapTiles>
    <StaticTiles />
  </TransInfo>
  <TransInfo Description="Rough Forest To Forest Embankment" HashKey="832B8383832B83832B">
    <MapTiles>
      <MapTile TileID="196" AltIDMod="0" />
    </MapTiles>
    <StaticTiles />
  </TransInfo>
  <TransInfo Description="Rough Forest To Forest Embankment" HashKey="2B832B2B83832B8383">
    <MapTiles>
      <MapTile TileID="197" AltIDMod="0" />
    </MapTiles>
    <StaticTiles />
  </TransInfo>
  <TransInfo Description="Rough Forest To Forest Embankment" HashKey="8383832B8383838383">
    <MapTiles>
      <MapTile TileID="199" AltIDMod="0" />
    </MapTiles>
    <StaticTiles />
  </TransInfo>
  <TransInfo Description="Rough Forest To Forest Embankment" HashKey="83832B2B832B832B2B">
    <MapTiles>
      <MapTile TileID="196" AltIDMod="0" />
    </MapTiles>
    <StaticTiles />
  </TransInfo>
  <TransInfo Description="Rough Forest To Forest Embankment" HashKey="2B832B2B8383832B2B">
    <MapTiles>
      <MapTile TileID="196" AltIDMod="0" />
    </MapTiles>
    <StaticTiles />
  </TransInfo>
  <TransInfo Description="Rough Forest To Forest Embankment" HashKey="2B2B2B2B832B2B8383">
    <MapTiles>
      <MapTile TileID="196" AltIDMod="0" />
    </MapTiles>
    <StaticTiles />
  </TransInfo>
  <TransInfo Description="Rough Forest To Forest Embankment" HashKey="8383832B8383832B83">
    <MapTiles>
      <MapTile TileID="196" AltIDMod="0" />
    </MapTiles>
    <StaticTiles />
  </TransInfo>
  <TransInfo Description="Rough Forest To Forest Embankment" HashKey="2B83832B8383832B83">
    <MapTiles>
      <MapTile TileID="196" AltIDMod="0" />
    </MapTiles>
    <StaticTiles />
  </TransInfo>
  <TransInfo Description="Rough Forest To Forest Embankment" HashKey="2B2B2B8383832B832B">
    <MapTiles>
      <MapTile TileID="196" AltIDMod="0" />
    </MapTiles>
    <StaticTiles />
  </TransInfo>
  <TransInfo Description="Rough Forest To Forest Embankment" HashKey="83838383832B832B83">
    <MapTiles>
      <MapTile TileID="760" AltIDMod="0" />
    </MapTiles>
    <StaticTiles />
  </TransInfo>
  <TransInfo Description="Rough Forest To Forest Embankment" HashKey="2B832B838383838383">
    <MapTiles>
      <MapTile TileID="198" AltIDMod="0" />
    </MapTiles>
    <StaticTiles />
  </TransInfo>
  <TransInfo Description="Rough Forest To Forest Embankment" HashKey="2B83838383832B2B2B">
    <MapTiles>
      <MapTile TileID="196" AltIDMod="0" />
    </MapTiles>
    <StaticTiles />
  </TransInfo>
  <TransInfo Description="Rough Forest To Forest Embankment" HashKey="2B832B8383832B2B2B">
    <MapTiles>
      <MapTile TileID="196" AltIDMod="0" />
    </MapTiles>
    <StaticTiles />
  </TransInfo>
  <TransInfo Description="Rough Forest To Forest Embankment" HashKey="83832B2B838383832B">
    <MapTiles>
      <MapTile TileID="196" AltIDMod="0" />
    </MapTiles>
    <StaticTiles />
  </TransInfo>
  <TransInfo Description="Rough Forest To Forest Embankment" HashKey="2B2B2B2B832B838383">
    <MapTiles>
      <MapTile TileID="196" AltIDMod="0" />
    </MapTiles>
    <StaticTiles />
  </TransInfo>
  <TransInfo Description="Rough Forest To Forest Embankment" HashKey="832B8383832B832B2B">
    <MapTiles>
      <MapTile TileID="196" AltIDMod="0" />
    </MapTiles>
    <StaticTiles />
  </TransInfo>
  <TransInfo Description="Rough Forest To Forest Embankment" HashKey="8383838383832B2B83">
    <MapTiles>
      <MapTile TileID="762" AltIDMod="0" />
    </MapTiles>
    <StaticTiles />
  </TransInfo>
  <TransInfo Description="Rough Forest To Forest Embankment" HashKey="2B832B2B838383832B">
    <MapTiles>
      <MapTile TileID="196" AltIDMod="0" />
    </MapTiles>
    <StaticTiles />
  </TransInfo>
  <TransInfo Description="Rough Forest To Forest Embankment" HashKey="83832B8383832B2B2B">
    <MapTiles>
      <MapTile TileID="760" AltIDMod="0" />
    </MapTiles>
    <StaticTiles />
  </TransInfo>
  <TransInfo Description="Rough Forest To Forest Embankment" HashKey="832B832B832B838383">
    <MapTiles>
      <MapTile TileID="196" AltIDMod="0" />
    </MapTiles>
    <StaticTiles />
  </TransInfo>
  <TransInfo Description="Rough Forest To Forest Embankment" HashKey="8383832B832B2B2B2B">
    <MapTiles>
      <MapTile TileID="196" AltIDMod="0" />
    </MapTiles>
    <StaticTiles />
  </TransInfo>
  <TransInfo Description="Rough Forest To Forest Embankment" HashKey="2B2B2B8383832B2B2B">
    <MapTiles>
      <MapTile TileID="196" AltIDMod="0" />
    </MapTiles>
    <StaticTiles />
  </TransInfo>
  <TransInfo Description="Rough Forest To Forest Embankment" HashKey="832B8383838383832B">
    <MapTiles>
      <MapTile TileID="196" AltIDMod="0" />
    </MapTiles>
    <StaticTiles />
  </TransInfo>
  <TransInfo Description="Rough Forest To Forest Embankment" HashKey="2B2B2B838383838383">
    <MapTiles>
      <MapTile TileID="198" AltIDMod="0" />
    </MapTiles>
    <StaticTiles />
  </TransInfo>
  <TransInfo Description="Rough Forest To Forest Embankment" HashKey="832B838383832B832B">
    <MapTiles>
      <MapTile TileID="196" AltIDMod="0" />
    </MapTiles>
    <StaticTiles />
  </TransInfo>
  <TransInfo Description="Rough Forest To Forest Embankment" HashKey="2B832B8383832B832B">
    <MapTiles>
      <MapTile TileID="196" AltIDMod="0" />
    </MapTiles>
    <StaticTiles />
  </TransInfo>
  <TransInfo Description="Rough Forest To Forest Embankment" HashKey="83832B2B8383832B2B">
    <MapTiles>
      <MapTile TileID="196" AltIDMod="0" />
    </MapTiles>
    <StaticTiles />
  </TransInfo>
  <TransInfo Description="Rough Forest To Forest Embankment" HashKey="2B2B2B83832B832B2B">
    <MapTiles>
      <MapTile TileID="196" AltIDMod="0" />
    </MapTiles>
    <StaticTiles />
  </TransInfo>
  <TransInfo Description="Rough Forest To Forest Embankment" HashKey="83832B2B83832B8383">
    <MapTiles>
      <MapTile TileID="197" AltIDMod="0" />
    </MapTiles>
    <StaticTiles />
  </TransInfo>
  <TransInfo Description="Rough Forest To Forest Embankment" HashKey="2B2B2B2B8383832B2B">
    <MapTiles>
      <MapTile TileID="196" AltIDMod="0" />
    </MapTiles>
    <StaticTiles />
  </TransInfo>
  <TransInfo Description="Rough Forest To Forest Embankment" HashKey="832B2B83832B2B8383">
    <MapTiles>
      <MapTile TileID="196" AltIDMod="0" />
    </MapTiles>
    <StaticTiles />
  </TransInfo>
  <TransInfo Description="Rough Forest To Forest Embankment" HashKey="2B2B2B2B83832B8383">
    <MapTiles>
      <MapTile TileID="197" AltIDMod="0" />
    </MapTiles>
    <StaticTiles />
  </TransInfo>
  <TransInfo Description="Rough Forest To Forest Embankment" HashKey="2B2B832B832B83832B">
    <MapTiles>
      <MapTile TileID="196" AltIDMod="0" />
    </MapTiles>
    <StaticTiles />
  </TransInfo>
  <TransInfo Description="Rough Forest To Forest Embankment" HashKey="8383832B832B2B832B">
    <MapTiles>
      <MapTile TileID="196" AltIDMod="0" />
    </MapTiles>
    <StaticTiles />
  </TransInfo>
  <TransInfo Description="Rough Forest To Forest Embankment" HashKey="832B2B83832B832B2B">
    <MapTiles>
      <MapTile TileID="196" AltIDMod="0" />
    </MapTiles>
    <StaticTiles />
  </TransInfo>
  <TransInfo Description="Rough Forest To Forest Embankment" HashKey="832B832B838383832B">
    <MapTiles>
      <MapTile TileID="196" AltIDMod="0" />
    </MapTiles>
    <StaticTiles />
  </TransInfo>
  <TransInfo Description="Rough Forest To Forest Embankment" HashKey="2B832B83832B2B8383">
    <MapTiles>
      <MapTile TileID="196" AltIDMod="0" />
    </MapTiles>
    <StaticTiles />
  </TransInfo>
  <TransInfo Description="Rough Forest To Forest Embankment" HashKey="2B832B83832B832B2B">
    <MapTiles>
      <MapTile TileID="196" AltIDMod="0" />
    </MapTiles>
    <StaticTiles />
  </TransInfo>
  <TransInfo Description="Rough Forest To Forest Embankment" HashKey="83832B2B832B2B832B">
    <MapTiles>
      <MapTile TileID="196" AltIDMod="0" />
    </MapTiles>
    <StaticTiles />
  </TransInfo>
  <TransInfo Description="Rough Forest To Forest Embankment" HashKey="2B832B2B83832B832B">
    <MapTiles>
      <MapTile TileID="196" AltIDMod="0" />
    </MapTiles>
    <StaticTiles />
  </TransInfo>
  <TransInfo Description="Rough Forest To Forest Embankment" HashKey="832B838383832B2B2B">
    <MapTiles>
      <MapTile TileID="196" AltIDMod="0" />
    </MapTiles>
    <StaticTiles />
  </TransInfo>
  <TransInfo Description="Rough Forest To Forest Embankment" HashKey="2B2B2B2B832B2B832B">
    <MapTiles>
      <MapTile TileID="196" AltIDMod="0" />
    </MapTiles>
    <StaticTiles />
  </TransInfo>
  <TransInfo Description="Rough Forest To Forest Embankment" HashKey="2B2B8383832B2B8383">
    <MapTiles>
      <MapTile TileID="196" AltIDMod="0" />
    </MapTiles>
    <StaticTiles />
  </TransInfo>
  <TransInfo Description="Rough Forest To Forest Embankment" HashKey="8383832B83832B8383">
    <MapTiles>
      <MapTile TileID="199" AltIDMod="0" />
    </MapTiles>
    <StaticTiles />
  </TransInfo>
  <TransInfo Description="Rough Forest To Forest Embankment" HashKey="2B838383832B2B2B83">
    <MapTiles>
      <MapTile TileID="196" AltIDMod="0" />
    </MapTiles>
    <StaticTiles />
  </TransInfo>
  <TransInfo Description="Rough Forest To Forest Embankment" HashKey="2B838383832B83832B">
    <MapTiles>
      <MapTile TileID="196" AltIDMod="0" />
    </MapTiles>
    <StaticTiles />
  </TransInfo>
  <TransInfo Description="Rough Forest To Forest Embankment" HashKey="2B832B83838383832B">
    <MapTiles>
      <MapTile TileID="196" AltIDMod="0" />
    </MapTiles>
    <StaticTiles />
  </TransInfo>
  <TransInfo Description="Rough Forest To Forest Embankment" HashKey="832B832B8383832B2B">
    <MapTiles>
      <MapTile TileID="196" AltIDMod="0" />
    </MapTiles>
    <StaticTiles />
  </TransInfo>
  <TransInfo Description="Rough Forest To Forest Embankment" HashKey="2B83832B838383832B">
    <MapTiles>
      <MapTile TileID="196" AltIDMod="0" />
    </MapTiles>
    <StaticTiles />
  </TransInfo>
  <TransInfo Description="Rough Forest To Forest Embankment" HashKey="832B832B83832B8383">
    <MapTiles>
      <MapTile TileID="197" AltIDMod="0" />
    </MapTiles>
    <StaticTiles />
  </TransInfo>
  <TransInfo Description="Rough Forest To Forest Embankment" HashKey="2B832B83832B83832B">
    <MapTiles>
      <MapTile TileID="196" AltIDMod="0" />
    </MapTiles>
    <StaticTiles />
  </TransInfo>
  <TransInfo Description="Rough Forest To Forest Embankment" HashKey="83832B2B832B2B2B2B">
    <MapTiles>
      <MapTile TileID="196" AltIDMod="0" />
    </MapTiles>
    <StaticTiles />
  </TransInfo>
  <TransInfo Description="Rough Forest To Forest Embankment" HashKey="2B832B2B83832B2B2B">
    <MapTiles>
      <MapTile TileID="196" AltIDMod="0" />
    </MapTiles>
    <StaticTiles />
  </TransInfo>
  <TransInfo Description="Rough Forest To Forest Embankment" HashKey="8383838383832B2B2B">
    <MapTiles>
      <MapTile TileID="757" AltIDMod="0" />
      <MapTile TileID="756" AltIDMod="0" />
    </MapTiles>
    <StaticTiles />
  </TransInfo>
  <TransInfo Description="Rough Forest To Forest Embankment" HashKey="2B832B2B8383838383">
    <MapTiles>
      <MapTile TileID="197" AltIDMod="0" />
    </MapTiles>
    <StaticTiles />
  </TransInfo>
  <TransInfo Description="Rough Forest To Forest Embankment" HashKey="8383832B832B83832B">
    <MapTiles>
      <MapTile TileID="196" AltIDMod="0" />
    </MapTiles>
    <StaticTiles />
  </TransInfo>
  <TransInfo Description="Rough Forest To Forest Embankment" HashKey="2B83832B832B2B8383">
    <MapTiles>
      <MapTile TileID="196" AltIDMod="0" />
    </MapTiles>
    <StaticTiles />
  </TransInfo>
  <TransInfo Description="Rough Forest To Forest Embankment" HashKey="2B2B2B8383832B2B83">
    <MapTiles>
      <MapTile TileID="196" AltIDMod="0" />
    </MapTiles>
    <StaticTiles />
  </TransInfo>
  <TransInfo Description="Rough Forest To Forest Embankment" HashKey="2B832B838383832B2B">
    <MapTiles>
      <MapTile TileID="196" AltIDMod="0" />
    </MapTiles>
    <StaticTiles />
  </TransInfo>
  <TransInfo Description="Rough Forest To Forest Embankment" HashKey="832B83838383838383">
    <MapTiles>
      <MapTile TileID="198" AltIDMod="0" />
    </MapTiles>
    <StaticTiles />
  </TransInfo>
  <TransInfo Description="Rough Forest To Forest Embankment" HashKey="2B832B8383832B8383">
    <MapTiles>
      <MapTile TileID="197" AltIDMod="0" />
    </MapTiles>
    <StaticTiles />
  </TransInfo>
  <TransInfo Description="Rough Forest To Forest Embankment" HashKey="83832B2B8383832B83">
    <MapTiles>
      <MapTile TileID="196" AltIDMod="0" />
    </MapTiles>
    <StaticTiles />
  </TransInfo>
  <TransInfo Description="Rough Forest To Forest Embankment" HashKey="2B2B2B2B8383832B83">
    <MapTiles>
      <MapTile TileID="196" AltIDMod="0" />
    </MapTiles>
    <StaticTiles />
  </TransInfo>
  <TransInfo Description="Rough Forest To Forest Embankment" HashKey="832B2B83832B83832B">
    <MapTiles>
      <MapTile TileID="759" AltIDMod="0" />
      <MapTile TileID="758" AltIDMod="0" />
    </MapTiles>
    <StaticTiles />
  </TransInfo>
  <TransInfo Description="Rough Forest To Forest Embankment" HashKey="8383832B832B832B2B">
    <MapTiles>
      <MapTile TileID="196" AltIDMod="0" />
    </MapTiles>
    <StaticTiles />
  </TransInfo>
  <TransInfo Description="Rough Forest To Forest Embankment" HashKey="832B2B83832B2B832B">
    <MapTiles>
      <MapTile TileID="196" AltIDMod="0" />
    </MapTiles>
    <StaticTiles />
  </TransInfo>
  <TransInfo Description="Rough Forest To Forest Embankment" HashKey="2B8383838383832B83">
    <MapTiles>
      <MapTile TileID="196" AltIDMod="0" />
    </MapTiles>
    <StaticTiles />
  </TransInfo>
  <TransInfo Description="Rough Forest To Forest Embankment" HashKey="2B832B83832B2B832B">
    <MapTiles>
      <MapTile TileID="196" AltIDMod="0" />
    </MapTiles>
    <StaticTiles />
  </TransInfo>
  <TransInfo Description="Rough Forest To Forest Embankment" HashKey="832B838383832B2B83">
    <MapTiles>
      <MapTile TileID="196" AltIDMod="0" />
    </MapTiles>
    <StaticTiles />
  </TransInfo>
  <TransInfo Description="Rough Forest To Forest Embankment" HashKey="2B2B832B83832B832B">
    <MapTiles>
      <MapTile TileID="196" AltIDMod="0" />
    </MapTiles>
    <StaticTiles />
  </TransInfo>
  <TransInfo Description="Rough Forest To Forest Embankment" HashKey="8383832B83832B832B">
    <MapTiles>
      <MapTile TileID="196" AltIDMod="0" />
    </MapTiles>
    <StaticTiles />
  </TransInfo>
  <TransInfo Description="Rough Forest To Forest Embankment" HashKey="2B2B8383832B2B832B">
    <MapTiles>
      <MapTile TileID="196" AltIDMod="0" />
    </MapTiles>
    <StaticTiles />
  </TransInfo>
  <TransInfo Description="Rough Forest To Forest Embankment" HashKey="2B838383832B838383">
    <MapTiles>
      <MapTile TileID="196" AltIDMod="0" />
    </MapTiles>
    <StaticTiles />
  </TransInfo>
  <TransInfo Description="Rough Forest To Forest Embankment" HashKey="832B2B83832B2B2B2B">
    <MapTiles>
      <MapTile TileID="196" AltIDMod="0" />
    </MapTiles>
    <StaticTiles />
  </TransInfo>
  <TransInfo Description="Rough Forest To Forest Embankment" HashKey="2B2B2B2B832B832B83">
    <MapTiles>
      <MapTile TileID="196" AltIDMod="0" />
    </MapTiles>
    <StaticTiles />
  </TransInfo>
  <TransInfo Description="Rough Forest To Forest Embankment" HashKey="832B2B83832B838383">
    <MapTiles>
      <MapTile TileID="761" AltIDMod="0" />
    </MapTiles>
    <StaticTiles />
  </TransInfo>
  <TransInfo Description="Rough Forest To Forest Embankment" HashKey="832B832B8383832B83">
    <MapTiles>
      <MapTile TileID="196" AltIDMod="0" />
    </MapTiles>
    <StaticTiles />
  </TransInfo>
  <TransInfo Description="Rough Forest To Forest Embankment" HashKey="2B832B83832B2B2B2B">
    <MapTiles>
      <MapTile TileID="196" AltIDMod="0" />
    </MapTiles>
    <StaticTiles />
  </TransInfo>
  <TransInfo Description="Rough Forest To Forest Embankment" HashKey="83832B83832B2B2B83">
    <MapTiles>
      <MapTile TileID="760" AltIDMod="0" />
    </MapTiles>
    <StaticTiles />
  </TransInfo>
  <TransInfo Description="Rough Forest To Forest Embankment" HashKey="2B832B83832B838383">
    <MapTiles>
      <MapTile TileID="196" AltIDMod="0" />
    </MapTiles>
    <StaticTiles />
  </TransInfo>
  <TransInfo Description="Rough Forest To Forest Embankment" HashKey="83832B2B832B2B2B83">
    <MapTiles>
      <MapTile TileID="196" AltIDMod="0" />
    </MapTiles>
    <StaticTiles />
  </TransInfo>
  <TransInfo Description="Rough Forest To Forest Embankment" HashKey="2B832B2B83832B2B83">
    <MapTiles>
      <MapTile TileID="196" AltIDMod="0" />
    </MapTiles>
    <StaticTiles />
  </TransInfo>
  <TransInfo Description="Rough Forest To Forest Embankment" HashKey="2B83838383832B832B">
    <MapTiles>
      <MapTile TileID="196" AltIDMod="0" />
    </MapTiles>
    <StaticTiles />
  </TransInfo>
  <TransInfo Description="Rough Forest To Forest Embankment" HashKey="2B2B2B2B832B2B2B83">
    <MapTiles>
      <MapTile TileID="196" AltIDMod="0" />
    </MapTiles>
    <StaticTiles />
  </TransInfo>
  <TransInfo Description="Rough Forest To Forest Embankment" HashKey="8383832B83832B2B2B">
    <MapTiles>
      <MapTile TileID="757" AltIDMod="0" />
      <MapTile TileID="756" AltIDMod="0" />
    </MapTiles>
    <StaticTiles />
  </TransInfo>
  <TransInfo Description="Rough Forest To Forest Embankment" HashKey="832B2B2B832B2B8383">
    <MapTiles>
      <MapTile TileID="196" AltIDMod="0" />
    </MapTiles>
    <StaticTiles />
  </TransInfo>
  <TransInfo Description="Rough Forest To Forest Embankment" HashKey="2B838383832B2B832B">
    <MapTiles>
      <MapTile TileID="196" AltIDMod="0" />
    </MapTiles>
    <StaticTiles />
  </TransInfo>
  <TransInfo Description="Rough Forest To Forest Embankment" HashKey="2B832B838383832B83">
    <MapTiles>
      <MapTile TileID="196" AltIDMod="0" />
    </MapTiles>
    <StaticTiles />
  </TransInfo>
  <TransInfo Description="Rough Forest To Forest Embankment" HashKey="832B2B8383832B2B83">
    <MapTiles>
      <MapTile TileID="196" AltIDMod="0" />
    </MapTiles>
    <StaticTiles />
  </TransInfo>
  <TransInfo Description="Rough Forest To Forest Embankment" HashKey="2B2B832B832B2B2B83">
    <MapTiles>
      <MapTile TileID="196" AltIDMod="0" />
    </MapTiles>
    <StaticTiles />
  </TransInfo>
  <TransInfo Description="Rough Forest To Forest Embankment" HashKey="832B2B2B838383832B">
    <MapTiles>
      <MapTile TileID="196" AltIDMod="0" />
    </MapTiles>
    <StaticTiles />
  </TransInfo>
  <TransInfo Description="Rough Forest To Forest Embankment" HashKey="832B832B832B832B83">
    <MapTiles>
      <MapTile TileID="196" AltIDMod="0" />
    </MapTiles>
    <StaticTiles />
  </TransInfo>
  <TransInfo Description="Rough Forest To Forest Embankment" HashKey="838383838383832B2B">
    <MapTiles>
      <MapTile TileID="757" AltIDMod="0" />
      <MapTile TileID="756" AltIDMod="0" />
    </MapTiles>
    <StaticTiles />
  </TransInfo>
  <TransInfo Description="Rough Forest To Forest Embankment" HashKey="2B838383832B2B8383">
    <MapTiles>
      <MapTile TileID="196" AltIDMod="0" />
    </MapTiles>
    <StaticTiles />
  </TransInfo>
  <TransInfo Description="Rough Forest To Forest Embankment" HashKey="2B83832B832B832B83">
    <MapTiles>
      <MapTile TileID="196" AltIDMod="0" />
    </MapTiles>
    <StaticTiles />
  </TransInfo>
  <TransInfo Description="Rough Forest To Forest Embankment" HashKey="2B83838383832B8383">
    <MapTiles>
      <MapTile TileID="199" AltIDMod="0" />
    </MapTiles>
    <StaticTiles />
  </TransInfo>
  <TransInfo Description="Rough Forest To Forest Embankment" HashKey="2B8383838383832B2B">
    <MapTiles>
      <MapTile TileID="196" AltIDMod="0" />
    </MapTiles>
    <StaticTiles />
  </TransInfo>
  <TransInfo Description="Rough Forest To Forest Embankment" HashKey="2B83832B83832B2B83">
    <MapTiles>
      <MapTile TileID="762" AltIDMod="0" />
    </MapTiles>
    <StaticTiles />
  </TransInfo>
  <TransInfo Description="Rough Forest To Forest Embankment" HashKey="83832B8383832B2B83">
    <MapTiles>
      <MapTile TileID="760" AltIDMod="0" />
    </MapTiles>
    <StaticTiles />
  </TransInfo>
  <TransInfo Description="Rough Forest To Forest Embankment" HashKey="2B2B2B2B832B83832B">
    <MapTiles>
      <MapTile TileID="196" AltIDMod="0" />
    </MapTiles>
    <StaticTiles />
  </TransInfo>
  <TransInfo Description="Rough Forest To Forest Embankment" HashKey="2B83832B832B83832B">
    <MapTiles>
      <MapTile TileID="196" AltIDMod="0" />
    </MapTiles>
    <StaticTiles />
  </TransInfo>
  <TransInfo Description="Rough Forest To Forest Embankment" HashKey="2B83832B8383838383">
    <MapTiles>
      <MapTile TileID="199" AltIDMod="0" />
    </MapTiles>
    <StaticTiles />
  </TransInfo>
  <TransInfo Description="Rough Forest To Forest Embankment" HashKey="83832B2B832B2B8383">
    <MapTiles>
      <MapTile TileID="196" AltIDMod="0" />
    </MapTiles>
    <StaticTiles />
  </TransInfo>
  <TransInfo Description="Rough Forest To Forest Embankment" HashKey="2B83832B83832B2B2B">
    <MapTiles>
      <MapTile TileID="757" AltIDMod="0" />
      <MapTile TileID="756" AltIDMod="0" />
    </MapTiles>
    <StaticTiles />
  </TransInfo>
  <TransInfo Description="Rough Forest To Forest Embankment" HashKey="832B2B2B832B2B2B83">
    <MapTiles>
      <MapTile TileID="196" AltIDMod="0" />
    </MapTiles>
    <StaticTiles />
  </TransInfo>
  <TransInfo Description="Rough Forest To Forest Embankment" HashKey="2B2B83838383838383">
    <MapTiles>
      <MapTile TileID="198" AltIDMod="0" />
    </MapTiles>
    <StaticTiles />
  </TransInfo>
  <TransInfo Description="Rough Forest To Forest Embankment" HashKey="832B2B83832B2B2B83">
    <MapTiles>
      <MapTile TileID="196" AltIDMod="0" />
    </MapTiles>
    <StaticTiles />
  </TransInfo>
  <TransInfo Description="Rough Forest To Forest Embankment" HashKey="2B2B2B2B832B832B2B">
    <MapTiles>
      <MapTile TileID="196" AltIDMod="0" />
    </MapTiles>
    <StaticTiles />
  </TransInfo>
  <TransInfo Description="Rough Forest To Forest Embankment" HashKey="2B832B2B832B2B2B83">
    <MapTiles>
      <MapTile TileID="196" AltIDMod="0" />
    </MapTiles>
    <StaticTiles />
  </TransInfo>
  <TransInfo Description="Rough Forest To Forest Embankment" HashKey="83832B83832B838383">
    <MapTiles>
      <MapTile TileID="761" AltIDMod="0" />
    </MapTiles>
    <StaticTiles />
  </TransInfo>
  <TransInfo Description="Rough Forest To Forest Embankment" HashKey="2B832B83832B2B2B83">
    <MapTiles>
      <MapTile TileID="196" AltIDMod="0" />
    </MapTiles>
    <StaticTiles />
  </TransInfo>
  <TransInfo Description="Rough Forest To Forest Embankment" HashKey="83832B83832B2B2B2B">
    <MapTiles>
      <MapTile TileID="760" AltIDMod="0" />
    </MapTiles>
    <StaticTiles />
  </TransInfo>
  <TransInfo Description="Rough Forest To Forest Embankment" HashKey="2B2B832B8383832B83">
    <MapTiles>
      <MapTile TileID="196" AltIDMod="0" />
    </MapTiles>
    <StaticTiles />
  </TransInfo>
  <TransInfo Description="Rough Forest To Forest Embankment" HashKey="2B83832B83832B832B">
    <MapTiles>
      <MapTile TileID="196" AltIDMod="0" />
    </MapTiles>
    <StaticTiles />
  </TransInfo>
  <TransInfo Description="Rough Forest To Forest Embankment" HashKey="2B838383832B832B2B">
    <MapTiles>
      <MapTile TileID="196" AltIDMod="0" />
    </MapTiles>
    <StaticTiles />
  </TransInfo>
  <TransInfo Description="Rough Forest To Forest Embankment" HashKey="2B2B2B2B8383838383">
    <MapTiles>
      <MapTile TileID="197" AltIDMod="0" />
    </MapTiles>
    <StaticTiles />
  </TransInfo>
  <TransInfo Description="Rough Forest To Forest Embankment" HashKey="2B2B838383832B2B83">
    <MapTiles>
      <MapTile TileID="196" AltIDMod="0" />
    </MapTiles>
    <StaticTiles />
  </TransInfo>
  <TransInfo Description="Rough Forest To Forest Embankment" HashKey="2B2B832B832B838383">
    <MapTiles>
      <MapTile TileID="196" AltIDMod="0" />
    </MapTiles>
    <StaticTiles />
  </TransInfo>
  <TransInfo Description="Rough Forest To Forest Embankment" HashKey="832B832B832B2B8383">
    <MapTiles>
      <MapTile TileID="196" AltIDMod="0" />
    </MapTiles>
    <StaticTiles />
  </TransInfo>
  <TransInfo Description="Rough Forest To Forest Embankment" HashKey="2B832B83832B832B83">
    <MapTiles>
      <MapTile TileID="196" AltIDMod="0" />
    </MapTiles>
    <StaticTiles />
  </TransInfo>
  <TransInfo Description="Rough Forest To Forest Embankment" HashKey="2B2B832B832B2B2B2B">
    <MapTiles>
      <MapTile TileID="196" AltIDMod="0" />
    </MapTiles>
    <StaticTiles />
  </TransInfo>
  <TransInfo Description="Rough Forest To Forest Embankment" HashKey="83832B83832B2B832B">
    <MapTiles>
      <MapTile TileID="760" AltIDMod="0" />
    </MapTiles>
    <StaticTiles />
  </TransInfo>
  <TransInfo Description="Rough Forest To Forest Embankment" HashKey="832B832B832B832B2B">
    <MapTiles>
      <MapTile TileID="196" AltIDMod="0" />
    </MapTiles>
    <StaticTiles />
  </TransInfo>
  <TransInfo Description="Rough Forest To Forest Embankment" HashKey="838383838383832B83">
    <MapTiles>
      <MapTile TileID="757" AltIDMod="0" />
      <MapTile TileID="756" AltIDMod="0" />
    </MapTiles>
    <StaticTiles />
  </TransInfo>
  <TransInfo Description="Rough Forest To Forest Embankment" HashKey="2B2B8383832B832B83">
    <MapTiles>
      <MapTile TileID="196" AltIDMod="0" />
    </MapTiles>
    <StaticTiles />
  </TransInfo>
  <TransInfo Description="Rough Forest To Forest Embankment" HashKey="2B83832B832B832B2B">
    <MapTiles>
      <MapTile TileID="196" AltIDMod="0" />
    </MapTiles>
    <StaticTiles />
  </TransInfo>
  <TransInfo Description="Rough Forest To Forest Embankment" HashKey="832B2B2B8383832B83">
    <MapTiles>
      <MapTile TileID="196" AltIDMod="0" />
    </MapTiles>
    <StaticTiles />
  </TransInfo>
  <TransInfo Description="Rough Forest To Forest Embankment" HashKey="2B838383832B2B2B2B">
    <MapTiles>
      <MapTile TileID="196" AltIDMod="0" />
    </MapTiles>
    <StaticTiles />
  </TransInfo>
  <TransInfo Description="Rough Forest To Forest Embankment" HashKey="2B8383838383838383">
    <MapTiles>
      <MapTile TileID="196" AltIDMod="0" />
    </MapTiles>
    <StaticTiles />
  </TransInfo>
  <TransInfo Description="Rough Forest To Forest Embankment" HashKey="2B2B832B832B2B832B">
    <MapTiles>
      <MapTile TileID="196" AltIDMod="0" />
    </MapTiles>
    <StaticTiles />
  </TransInfo>
  <TransInfo Description="Rough Forest To Forest Embankment" HashKey="832B832B832B83832B">
    <MapTiles>
      <MapTile TileID="196" AltIDMod="0" />
    </MapTiles>
    <StaticTiles />
  </TransInfo>
  <TransInfo Description="Rough Forest To Forest Embankment" HashKey="832B2B2B832B838383">
    <MapTiles>
      <MapTile TileID="196" AltIDMod="0" />
    </MapTiles>
    <StaticTiles />
  </TransInfo>
  <TransInfo Description="Rough Forest To Forest Embankment" HashKey="83832B8383832B832B">
    <MapTiles>
      <MapTile TileID="760" AltIDMod="0" />
    </MapTiles>
    <StaticTiles />
  </TransInfo>
  <TransInfo Description="Rough Forest To Forest Embankment" HashKey="832B2B2B832B2B2B2B">
    <MapTiles>
      <MapTile TileID="196" AltIDMod="0" />
    </MapTiles>
    <StaticTiles />
  </TransInfo>
  <TransInfo Description="Rough Forest To Forest Embankment" HashKey="2B832B2B832B838383">
    <MapTiles>
      <MapTile TileID="196" AltIDMod="0" />
    </MapTiles>
    <StaticTiles />
  </TransInfo>
  <TransInfo Description="Rough Forest To Forest Embankment" HashKey="2B2B8383838383832B">
    <MapTiles>
      <MapTile TileID="196" AltIDMod="0" />
    </MapTiles>
    <StaticTiles />
  </TransInfo>
  <TransInfo Description="Rough Forest To Forest Embankment" HashKey="8383832B8383832B2B">
    <MapTiles>
      <MapTile TileID="196" AltIDMod="0" />
    </MapTiles>
    <StaticTiles />
  </TransInfo>
  <TransInfo Description="Rough Forest To Forest Embankment" HashKey="83832B83832B83832B">
    <MapTiles>
      <MapTile TileID="758" AltIDMod="0" />
      <MapTile TileID="759" AltIDMod="0" />
    </MapTiles>
    <StaticTiles />
  </TransInfo>
  <TransInfo Description="Rough Forest To Forest Embankment" HashKey="2B2B832B83832B8383">
    <MapTiles>
      <MapTile TileID="197" AltIDMod="0" />
    </MapTiles>
    <StaticTiles />
  </TransInfo>
  <TransInfo Description="Rough Forest To Forest Embankment" HashKey="2B2B832B8383832B2B">
    <MapTiles>
      <MapTile TileID="196" AltIDMod="0" />
    </MapTiles>
    <StaticTiles />
  </TransInfo>
</Trans>