﻿<?xml version="1.0" encoding="utf-8"?>
<Trans>
  <TransInfo Description="Rough Jungle to Forest SEB" HashKey="82828282828282820B">
    <MapTiles>
      <MapTile TileID="1551" AltIDMod="0" />
    </MapTiles>
    <StaticTiles />
  </TransInfo>
  <TransInfo Description="Rough Jungle to Forest AC" HashKey="0B0B0B8282820B0B0B">
    <MapTiles>
      <MapTile TileID="192" AltIDMod="0" />
    </MapTiles>
    <StaticTiles />
  </TransInfo>
  <TransInfo Description="Rough Jungle to Forest NEA" HashKey="0B82820B8282820B82">
    <MapTiles>
      <MapTile TileID="1535" AltIDMod="0" />
    </MapTiles>
    <StaticTiles />
  </TransInfo>
  <TransInfo Description="Rough Jungle to Forest NEA" HashKey="0B82820B8282820B0B">
    <MapTiles>
      <MapTile TileID="1535" AltIDMod="0" />
    </MapTiles>
    <StaticTiles />
  </TransInfo>
  <TransInfo Description="Rough Jungle to Forest AC" HashKey="0B820B0B820B820B82">
    <MapTiles>
      <MapTile TileID="192" AltIDMod="0" />
    </MapTiles>
    <StaticTiles />
  </TransInfo>
  <TransInfo Description="Rough Jungle to Forest SWA" HashKey="820B8282820B82820B">
    <MapTiles>
      <MapTile TileID="1536" AltIDMod="0" />
    </MapTiles>
    <StaticTiles />
  </TransInfo>
  <TransInfo Description="Rough Jungle to Forest AC" HashKey="0B820B0B820B820B0B">
    <MapTiles>
      <MapTile TileID="192" AltIDMod="0" />
    </MapTiles>
    <StaticTiles />
  </TransInfo>
  <TransInfo Description="Rough Jungle to Forest NS" HashKey="8282828282820B0B0B">
    <MapTiles>
      <MapTile TileID="1521" AltIDMod="0" />
    </MapTiles>
    <StaticTiles />
  </TransInfo>
  <TransInfo Description="Rough Jungle to Forest EW" HashKey="0B82820B82820B8282">
    <MapTiles>
      <MapTile TileID="1523" AltIDMod="0" />
    </MapTiles>
    <StaticTiles />
  </TransInfo>
  <TransInfo Description="Rough Jungle to Forest NEA" HashKey="0B82828282820B820B">
    <MapTiles>
      <MapTile TileID="1535" AltIDMod="0" />
    </MapTiles>
    <StaticTiles />
  </TransInfo>
  <TransInfo Description="Rough Jungle to Forest NEA" HashKey="0B82820B82820B820B">
    <MapTiles>
      <MapTile TileID="1535" AltIDMod="0" />
    </MapTiles>
    <StaticTiles />
  </TransInfo>
  <TransInfo Description="Rough Jungle to Forest EW" HashKey="0B82828282820B8282">
    <MapTiles>
      <MapTile TileID="1523" AltIDMod="0" />
    </MapTiles>
    <StaticTiles />
  </TransInfo>
  <TransInfo Description="Rough Jungle to Forest AC" HashKey="0B0B8282820B820B0B">
    <MapTiles>
      <MapTile TileID="192" AltIDMod="0" />
    </MapTiles>
    <StaticTiles />
  </TransInfo>
  <TransInfo Description="Rough Jungle to Forest AC" HashKey="0B820B0B820B0B8282">
    <MapTiles>
      <MapTile TileID="192" AltIDMod="0" />
    </MapTiles>
    <StaticTiles />
  </TransInfo>
  <TransInfo Description="Rough Jungle to Forest AC" HashKey="820B8282820B0B0B0B">
    <MapTiles>
      <MapTile TileID="192" AltIDMod="0" />
    </MapTiles>
    <StaticTiles />
  </TransInfo>
  <TransInfo Description="Rough Jungle to Forest AC" HashKey="0B820B0B820B0B820B">
    <MapTiles>
      <MapTile TileID="192" AltIDMod="0" />
    </MapTiles>
    <StaticTiles />
  </TransInfo>
  <TransInfo Description="Rough Jungle to Forest AC" HashKey="820B8282820B0B0B82">
    <MapTiles>
      <MapTile TileID="192" AltIDMod="0" />
    </MapTiles>
    <StaticTiles />
  </TransInfo>
  <TransInfo Description="Rough Jungle to Forest NEA" HashKey="0B8282828282820B0B">
    <MapTiles>
      <MapTile TileID="1535" AltIDMod="0" />
    </MapTiles>
    <StaticTiles />
  </TransInfo>
  <TransInfo Description="Rough Jungle to Forest AC" HashKey="820B0B828282820B82">
    <MapTiles>
      <MapTile TileID="192" AltIDMod="0" />
    </MapTiles>
    <StaticTiles />
  </TransInfo>
  <TransInfo Description="Rough Jungle to Forest NEA" HashKey="0B8282828282820B82">
    <MapTiles>
      <MapTile TileID="1535" AltIDMod="0" />
    </MapTiles>
    <StaticTiles />
  </TransInfo>
  <TransInfo Description="Rough Jungle to Forest AC" HashKey="820B0B828282820B0B">
    <MapTiles>
      <MapTile TileID="192" AltIDMod="0" />
    </MapTiles>
    <StaticTiles />
  </TransInfo>
  <TransInfo Description="Rough Jungle to Forest AC" HashKey="820B820B820B0B820B">
    <MapTiles>
      <MapTile TileID="192" AltIDMod="0" />
    </MapTiles>
    <StaticTiles />
  </TransInfo>
  <TransInfo Description="Rough Jungle to Forest AC" HashKey="0B0B0B8282820B0B82">
    <MapTiles>
      <MapTile TileID="192" AltIDMod="0" />
    </MapTiles>
    <StaticTiles />
  </TransInfo>
  <TransInfo Description="Rough Jungle to Forest AC" HashKey="820B820B820B0B8282">
    <MapTiles>
      <MapTile TileID="192" AltIDMod="0" />
    </MapTiles>
    <StaticTiles />
  </TransInfo>
  <TransInfo Description="Rough Jungle to Forest AC" HashKey="820B8282820B820B0B">
    <MapTiles>
      <MapTile TileID="192" AltIDMod="0" />
    </MapTiles>
    <StaticTiles />
  </TransInfo>
  <TransInfo Description="Rough Jungle to Forest SEA" HashKey="820B0B8282820B8282">
    <MapTiles>
      <MapTile TileID="1534" AltIDMod="0" />
    </MapTiles>
    <StaticTiles />
  </TransInfo>
  <TransInfo Description="Rough Jungle to Forest AC" HashKey="820B0B0B82820B820B">
    <MapTiles>
      <MapTile TileID="192" AltIDMod="0" />
    </MapTiles>
    <StaticTiles />
  </TransInfo>
  <TransInfo Description="Rough Jungle to Forest AC" HashKey="820B0B8282820B820B">
    <MapTiles>
      <MapTile TileID="192" AltIDMod="0" />
    </MapTiles>
    <StaticTiles />
  </TransInfo>
  <TransInfo Description="Rough Jungle to Forest SEA" HashKey="820B0B0B82820B8282">
    <MapTiles>
      <MapTile TileID="1534" AltIDMod="0" />
    </MapTiles>
    <StaticTiles />
  </TransInfo>
  <TransInfo Description="Rough Jungle to Forest AC" HashKey="820B820B820B820B0B">
    <MapTiles>
      <MapTile TileID="192" AltIDMod="0" />
    </MapTiles>
    <StaticTiles />
  </TransInfo>
  <TransInfo Description="Rough Jungle to Forest SN" HashKey="0B0B0B828282828282">
    <MapTiles>
      <MapTile TileID="1524" AltIDMod="0" />
    </MapTiles>
    <StaticTiles />
  </TransInfo>
  <TransInfo Description="Rough Jungle to Forest AC" HashKey="820B820B820B820B82">
    <MapTiles>
      <MapTile TileID="192" AltIDMod="0" />
    </MapTiles>
    <StaticTiles />
  </TransInfo>
  <TransInfo Description="Rough Jungle to Forest SWA" HashKey="0B0B0B82828282820B">
    <MapTiles>
      <MapTile TileID="1536" AltIDMod="0" />
    </MapTiles>
    <StaticTiles />
  </TransInfo>
  <TransInfo Description="Rough Jungle to Forest AC" HashKey="820B0B0B8282820B0B">
    <MapTiles>
      <MapTile TileID="192" AltIDMod="0" />
    </MapTiles>
    <StaticTiles />
  </TransInfo>
  <TransInfo Description="Rough Jungle to Forest AC" HashKey="820B0B0B8282820B82">
    <MapTiles>
      <MapTile TileID="192" AltIDMod="0" />
    </MapTiles>
    <StaticTiles />
  </TransInfo>
  <TransInfo Description="Rough Jungle to Forest SWA" HashKey="0B0B8282820B828282">
    <MapTiles>
      <MapTile TileID="1536" AltIDMod="0" />
    </MapTiles>
    <StaticTiles />
  </TransInfo>
  <TransInfo Description="Rough Jungle to Forest NWA" HashKey="82820B8282820B0B82">
    <MapTiles>
      <MapTile TileID="1533" AltIDMod="0" />
    </MapTiles>
    <StaticTiles />
  </TransInfo>
  <TransInfo Description="Rough Jungle to Forest NEA" HashKey="0B82820B828282820B">
    <MapTiles>
      <MapTile TileID="1535" AltIDMod="0" />
    </MapTiles>
    <StaticTiles />
  </TransInfo>
  <TransInfo Description="Rough Jungle to Forest AC" HashKey="0B0B0B828282820B0B">
    <MapTiles>
      <MapTile TileID="192" AltIDMod="0" />
    </MapTiles>
    <StaticTiles />
  </TransInfo>
  <TransInfo Description="Rough Jungle to Forest NWA" HashKey="82820B8282820B0B0B">
    <MapTiles>
      <MapTile TileID="1533" AltIDMod="0" />
    </MapTiles>
    <StaticTiles />
  </TransInfo>
  <TransInfo Description="Rough Jungle to Forest EW" HashKey="0B82820B8282828282">
    <MapTiles>
      <MapTile TileID="1523" AltIDMod="0" />
    </MapTiles>
    <StaticTiles />
  </TransInfo>
  <TransInfo Description="Rough Jungle to Forest AC" HashKey="0B820B0B820B82820B">
    <MapTiles>
      <MapTile TileID="192" AltIDMod="0" />
    </MapTiles>
    <StaticTiles />
  </TransInfo>
  <TransInfo Description="Rough Jungle to Forest AC" HashKey="0B820B0B820B828282">
    <MapTiles>
      <MapTile TileID="192" AltIDMod="0" />
    </MapTiles>
    <StaticTiles />
  </TransInfo>
  <TransInfo Description="Rough Jungle to Forest NEB" HashKey="82820B828282828282">
    <MapTiles>
      <MapTile TileID="1547" AltIDMod="0" />
    </MapTiles>
    <StaticTiles />
  </TransInfo>
  <TransInfo Description="Rough Jungle to Forest NEA" HashKey="0B82820B82820B0B0B">
    <MapTiles>
      <MapTile TileID="1535" AltIDMod="0" />
    </MapTiles>
    <StaticTiles />
  </TransInfo>
  <TransInfo Description="Rough Jungle to Forest WE" HashKey="82820B82828282820B">
    <MapTiles>
      <MapTile TileID="1522" AltIDMod="0" />
    </MapTiles>
    <StaticTiles />
  </TransInfo>
  <TransInfo Description="Rough Jungle to Forest NEA" HashKey="0B82820B82820B0B82">
    <MapTiles>
      <MapTile TileID="1535" AltIDMod="0" />
    </MapTiles>
    <StaticTiles />
  </TransInfo>
  <TransInfo Description="Rough Jungle to Forest AC" HashKey="0B820B0B820B0B0B0B">
    <MapTiles>
      <MapTile TileID="192" AltIDMod="0" />
    </MapTiles>
    <StaticTiles />
  </TransInfo>
  <TransInfo Description="Rough Jungle to Forest AC" HashKey="0B820B0B820B0B0B82">
    <MapTiles>
      <MapTile TileID="192" AltIDMod="0" />
    </MapTiles>
    <StaticTiles />
  </TransInfo>
  <TransInfo Description="Rough Jungle to Forest AC" HashKey="0B0B0B0B8282820B82">
    <MapTiles>
      <MapTile TileID="192" AltIDMod="0" />
    </MapTiles>
    <StaticTiles />
  </TransInfo>
  <TransInfo Description="Rough Jungle to Forest AC" HashKey="0B0B0B0B8282820B0B">
    <MapTiles>
      <MapTile TileID="192" AltIDMod="0" />
    </MapTiles>
    <StaticTiles />
  </TransInfo>
  <TransInfo Description="Rough Jungle to Forest SWA" HashKey="820B0B82828282820B">
    <MapTiles>
      <MapTile TileID="1536" AltIDMod="0" />
    </MapTiles>
    <StaticTiles />
  </TransInfo>
  <TransInfo Description="Rough Jungle to Forest AC" HashKey="0B828282820B820B82">
    <MapTiles>
      <MapTile TileID="192" AltIDMod="0" />
    </MapTiles>
    <StaticTiles />
  </TransInfo>
  <TransInfo Description="Rough Jungle to Forest SN" HashKey="820B0B828282828282">
    <MapTiles>
      <MapTile TileID="1524" AltIDMod="0" />
    </MapTiles>
    <StaticTiles />
  </TransInfo>
  <TransInfo Description="Rough Jungle to Forest AC" HashKey="0B0B820B820B820B0B">
    <MapTiles>
      <MapTile TileID="192" AltIDMod="0" />
    </MapTiles>
    <StaticTiles />
  </TransInfo>
  <TransInfo Description="Rough Jungle to Forest SEA" HashKey="0B0B0B0B82820B8282">
    <MapTiles>
      <MapTile TileID="1534" AltIDMod="0" />
    </MapTiles>
    <StaticTiles />
  </TransInfo>
  <TransInfo Description="Rough Jungle to Forest AC" HashKey="820B820B82820B0B82">
    <MapTiles>
      <MapTile TileID="192" AltIDMod="0" />
    </MapTiles>
    <StaticTiles />
  </TransInfo>
  <TransInfo Description="Rough Jungle to Forest AC" HashKey="0B0B0B0B82820B820B">
    <MapTiles>
      <MapTile TileID="192" AltIDMod="0" />
    </MapTiles>
    <StaticTiles />
  </TransInfo>
  <TransInfo Description="Rough Jungle to Forest SEA" HashKey="0B0B0B8282820B8282">
    <MapTiles>
      <MapTile TileID="1534" AltIDMod="0" />
    </MapTiles>
    <StaticTiles />
  </TransInfo>
  <TransInfo Description="Rough Jungle to Forest AC" HashKey="820B0B8282820B0B0B">
    <MapTiles>
      <MapTile TileID="192" AltIDMod="0" />
    </MapTiles>
    <StaticTiles />
  </TransInfo>
  <TransInfo Description="Rough Jungle to Forest AC" HashKey="0B0B820B820B0B8282">
    <MapTiles>
      <MapTile TileID="192" AltIDMod="0" />
    </MapTiles>
    <StaticTiles />
  </TransInfo>
  <TransInfo Description="Rough Jungle to Forest AC" HashKey="820B0B8282820B0B82">
    <MapTiles>
      <MapTile TileID="192" AltIDMod="0" />
    </MapTiles>
    <StaticTiles />
  </TransInfo>
  <TransInfo Description="Rough Jungle to Forest AC" HashKey="0B0B820B820B0B820B">
    <MapTiles>
      <MapTile TileID="192" AltIDMod="0" />
    </MapTiles>
    <StaticTiles />
  </TransInfo>
  <TransInfo Description="Rough Jungle to Forest AC" HashKey="0B820B0B82820B820B">
    <MapTiles>
      <MapTile TileID="192" AltIDMod="0" />
    </MapTiles>
    <StaticTiles />
  </TransInfo>
  <TransInfo Description="Rough Jungle to Forest AC" HashKey="0B0B0B828282820B82">
    <MapTiles>
      <MapTile TileID="192" AltIDMod="0" />
    </MapTiles>
    <StaticTiles />
  </TransInfo>
  <TransInfo Description="Rough Jungle to Forest AC" HashKey="0B0B8282820B0B0B82">
    <MapTiles>
      <MapTile TileID="192" AltIDMod="0" />
    </MapTiles>
    <StaticTiles />
  </TransInfo>
  <TransInfo Description="Rough Jungle to Forest AC" HashKey="82820B0B8282820B82">
    <MapTiles>
      <MapTile TileID="192" AltIDMod="0" />
    </MapTiles>
    <StaticTiles />
  </TransInfo>
  <TransInfo Description="Rough Jungle to Forest AC" HashKey="0B0B8282820B0B0B0B">
    <MapTiles>
      <MapTile TileID="192" AltIDMod="0" />
    </MapTiles>
    <StaticTiles />
  </TransInfo>
  <TransInfo Description="Rough Jungle to Forest AC" HashKey="82820B0B8282820B0B">
    <MapTiles>
      <MapTile TileID="192" AltIDMod="0" />
    </MapTiles>
    <StaticTiles />
  </TransInfo>
  <TransInfo Description="Rough Jungle to Forest AC" HashKey="8282820B820B820B82">
    <MapTiles>
      <MapTile TileID="192" AltIDMod="0" />
    </MapTiles>
    <StaticTiles />
  </TransInfo>
  <TransInfo Description="Rough Jungle to Forest AC" HashKey="8282820B820B820B0B">
    <MapTiles>
      <MapTile TileID="192" AltIDMod="0" />
    </MapTiles>
    <StaticTiles />
  </TransInfo>
  <TransInfo Description="Rough Jungle to Forest NS" HashKey="8282828282820B0B82">
    <MapTiles>
      <MapTile TileID="1521" AltIDMod="0" />
    </MapTiles>
    <StaticTiles />
  </TransInfo>
  <TransInfo Description="Rough Jungle to Forest SEA" HashKey="82820B0B82820B8282">
    <MapTiles>
      <MapTile TileID="1534" AltIDMod="0" />
    </MapTiles>
    <StaticTiles />
  </TransInfo>
  <TransInfo Description="Rough Jungle to Forest NWA" HashKey="82820B8282820B820B">
    <MapTiles>
      <MapTile TileID="1533" AltIDMod="0" />
    </MapTiles>
    <StaticTiles />
  </TransInfo>
  <TransInfo Description="Rough Jungle to Forest SWA" HashKey="0B0B8282820B82820B">
    <MapTiles>
      <MapTile TileID="1536" AltIDMod="0" />
    </MapTiles>
    <StaticTiles />
  </TransInfo>
  <TransInfo Description="Rough Jungle to Forest AC" HashKey="82820B0B82820B820B">
    <MapTiles>
      <MapTile TileID="192" AltIDMod="0" />
    </MapTiles>
    <StaticTiles />
  </TransInfo>
  <TransInfo Description="Rough Jungle to Forest INS" HashKey="82820B8282820B8282">
    <MapTiles>
      <MapTile TileID="172" AltIDMod="0" />
    </MapTiles>
    <StaticTiles />
  </TransInfo>
  <TransInfo Description="Rough Jungle to Forest AC" HashKey="8282820B820B0B8282">
    <MapTiles>
      <MapTile TileID="192" AltIDMod="0" />
    </MapTiles>
    <StaticTiles />
  </TransInfo>
  <TransInfo Description="Rough Jungle to Forest AC" HashKey="8282820B820B0B820B">
    <MapTiles>
      <MapTile TileID="192" AltIDMod="0" />
    </MapTiles>
    <StaticTiles />
  </TransInfo>
  <TransInfo Description="Rough Jungle to Forest NWA" HashKey="82820B828282820B0B">
    <MapTiles>
      <MapTile TileID="1533" AltIDMod="0" />
    </MapTiles>
    <StaticTiles />
  </TransInfo>
  <TransInfo Description="Rough Jungle to Forest NWA" HashKey="82820B828282820B82">
    <MapTiles>
      <MapTile TileID="1533" AltIDMod="0" />
    </MapTiles>
    <StaticTiles />
  </TransInfo>
  <TransInfo Description="Rough Jungle to Forest AC" HashKey="0B0B0B0B828282820B">
    <MapTiles>
      <MapTile TileID="192" AltIDMod="0" />
    </MapTiles>
    <StaticTiles />
  </TransInfo>
  <TransInfo Description="Rough Jungle to Forest SEA" HashKey="0B0B0B0B8282828282">
    <MapTiles>
      <MapTile TileID="1534" AltIDMod="0" />
    </MapTiles>
    <StaticTiles />
  </TransInfo>
  <TransInfo Description="Rough Jungle to Forest AC" HashKey="0B0B820B820B82820B">
    <MapTiles>
      <MapTile TileID="192" AltIDMod="0" />
    </MapTiles>
    <StaticTiles />
  </TransInfo>
  <TransInfo Description="Rough Jungle to Forest AC" HashKey="820B828282820B0B82">
    <MapTiles>
      <MapTile TileID="192" AltIDMod="0" />
    </MapTiles>
    <StaticTiles />
  </TransInfo>
  <TransInfo Description="Rough Jungle to Forest AC" HashKey="0B0B820B820B828282">
    <MapTiles>
      <MapTile TileID="192" AltIDMod="0" />
    </MapTiles>
    <StaticTiles />
  </TransInfo>
  <TransInfo Description="Rough Jungle to Forest AC" HashKey="820B828282820B0B0B">
    <MapTiles>
      <MapTile TileID="192" AltIDMod="0" />
    </MapTiles>
    <StaticTiles />
  </TransInfo>
  <TransInfo Description="Rough Jungle to Forest AC" HashKey="0B0B0B0B82820B0B0B">
    <MapTiles>
      <MapTile TileID="192" AltIDMod="0" />
    </MapTiles>
    <StaticTiles />
  </TransInfo>
  <TransInfo Description="Rough Jungle to Forest SWA" HashKey="0B0B0B82820B82820B">
    <MapTiles>
      <MapTile TileID="1536" AltIDMod="0" />
    </MapTiles>
    <StaticTiles />
  </TransInfo>
  <TransInfo Description="Rough Jungle to Forest AC" HashKey="0B0B0B0B82820B0B82">
    <MapTiles>
      <MapTile TileID="192" AltIDMod="0" />
    </MapTiles>
    <StaticTiles />
  </TransInfo>
  <TransInfo Description="Rough Jungle to Forest SWA" HashKey="0B0B0B82820B828282">
    <MapTiles>
      <MapTile TileID="1536" AltIDMod="0" />
    </MapTiles>
    <StaticTiles />
  </TransInfo>
  <TransInfo Description="Rough Jungle to Forest AC" HashKey="0B0B820B820B0B0B0B">
    <MapTiles>
      <MapTile TileID="192" AltIDMod="0" />
    </MapTiles>
    <StaticTiles />
  </TransInfo>
  <TransInfo Description="Rough Jungle to Forest SN" HashKey="820B82828282828282">
    <MapTiles>
      <MapTile TileID="1524" AltIDMod="0" />
    </MapTiles>
    <StaticTiles />
  </TransInfo>
  <TransInfo Description="Rough Jungle to Forest AC" HashKey="0B0B820B820B0B0B82">
    <MapTiles>
      <MapTile TileID="192" AltIDMod="0" />
    </MapTiles>
    <StaticTiles />
  </TransInfo>
  <TransInfo Description="Rough Jungle to Forest SWA" HashKey="820B8282828282820B">
    <MapTiles>
      <MapTile TileID="1536" AltIDMod="0" />
    </MapTiles>
    <StaticTiles />
  </TransInfo>
  <TransInfo Description="Rough Jungle to Forest AC" HashKey="0B0B0B82820B0B0B0B">
    <MapTiles>
      <MapTile TileID="192" AltIDMod="0" />
    </MapTiles>
    <StaticTiles />
  </TransInfo>
  <TransInfo Description="Rough Jungle to Forest NWB" HashKey="0B8282828282828282">
    <MapTiles>
      <MapTile TileID="1550" AltIDMod="0" />
    </MapTiles>
    <StaticTiles />
  </TransInfo>
  <TransInfo Description="Rough Jungle to Forest AC" HashKey="0B0B0B82820B0B8282">
    <MapTiles>
      <MapTile TileID="192" AltIDMod="0" />
    </MapTiles>
    <StaticTiles />
  </TransInfo>
  <TransInfo Description="Rough Jungle to Forest AC" HashKey="0B828282820B0B8282">
    <MapTiles>
      <MapTile TileID="192" AltIDMod="0" />
    </MapTiles>
    <StaticTiles />
  </TransInfo>
  <TransInfo Description="Rough Jungle to Forest AC" HashKey="0B0B8282820B0B820B">
    <MapTiles>
      <MapTile TileID="192" AltIDMod="0" />
    </MapTiles>
    <StaticTiles />
  </TransInfo>
  <TransInfo Description="Rough Jungle to Forest AC" HashKey="82820B0B828282820B">
    <MapTiles>
      <MapTile TileID="192" AltIDMod="0" />
    </MapTiles>
    <StaticTiles />
  </TransInfo>
  <TransInfo Description="Rough Jungle to Forest AC" HashKey="0B0B8282820B0B8282">
    <MapTiles>
      <MapTile TileID="192" AltIDMod="0" />
    </MapTiles>
    <StaticTiles />
  </TransInfo>
  <TransInfo Description="Rough Jungle to Forest SEA" HashKey="82820B0B8282828282">
    <MapTiles>
      <MapTile TileID="1534" AltIDMod="0" />
    </MapTiles>
    <StaticTiles />
  </TransInfo>
  <TransInfo Description="Rough Jungle to Forest AC" HashKey="8282820B820B82820B">
    <MapTiles>
      <MapTile TileID="192" AltIDMod="0" />
    </MapTiles>
    <StaticTiles />
  </TransInfo>
  <TransInfo Description="Rough Jungle to Forest SWA" HashKey="820B8282820B828282">
    <MapTiles>
      <MapTile TileID="1536" AltIDMod="0" />
    </MapTiles>
    <StaticTiles />
  </TransInfo>
  <TransInfo Description="Rough Jungle to Forest AC" HashKey="8282820B820B828282">
    <MapTiles>
      <MapTile TileID="192" AltIDMod="0" />
    </MapTiles>
    <StaticTiles />
  </TransInfo>
  <TransInfo Description="Rough Jungle to Forest AC" HashKey="0B820B82820B0B820B">
    <MapTiles>
      <MapTile TileID="192" AltIDMod="0" />
    </MapTiles>
    <StaticTiles />
  </TransInfo>
  <TransInfo Description="Rough Jungle to Forest AC" HashKey="0B828282820B820B0B">
    <MapTiles>
      <MapTile TileID="192" AltIDMod="0" />
    </MapTiles>
    <StaticTiles />
  </TransInfo>
  <TransInfo Description="Rough Jungle to Forest AC" HashKey="82820B0B82820B0B0B">
    <MapTiles>
      <MapTile TileID="192" AltIDMod="0" />
    </MapTiles>
    <StaticTiles />
  </TransInfo>
  <TransInfo Description="Rough Jungle to Forest AC" HashKey="0B820B82820B0B8282">
    <MapTiles>
      <MapTile TileID="192" AltIDMod="0" />
    </MapTiles>
    <StaticTiles />
  </TransInfo>
  <TransInfo Description="Rough Jungle to Forest AC" HashKey="0B0B8282820B820B82">
    <MapTiles>
      <MapTile TileID="192" AltIDMod="0" />
    </MapTiles>
    <StaticTiles />
  </TransInfo>
  <TransInfo Description="Rough Jungle to Forest AC" HashKey="82820B0B82820B0B82">
    <MapTiles>
      <MapTile TileID="192" AltIDMod="0" />
    </MapTiles>
    <StaticTiles />
  </TransInfo>
  <TransInfo Description="Rough Jungle to Forest AC" HashKey="8282820B820B0B0B0B">
    <MapTiles>
      <MapTile TileID="192" AltIDMod="0" />
    </MapTiles>
    <StaticTiles />
  </TransInfo>
  <TransInfo Description="Rough Jungle to Forest AC" HashKey="8282820B820B0B0B82">
    <MapTiles>
      <MapTile TileID="192" AltIDMod="0" />
    </MapTiles>
    <StaticTiles />
  </TransInfo>
  <TransInfo Description="Rough Jungle to Forest AC" HashKey="0B828282820B0B820B">
    <MapTiles>
      <MapTile TileID="192" AltIDMod="0" />
    </MapTiles>
    <StaticTiles />
  </TransInfo>
  <TransInfo Description="Rough Jungle to Forest AC" HashKey="0B820B82820B0B0B82">
    <MapTiles>
      <MapTile TileID="192" AltIDMod="0" />
    </MapTiles>
    <StaticTiles />
  </TransInfo>
  <TransInfo Description="Rough Jungle to Forest AC" HashKey="820B820B8282820B82">
    <MapTiles>
      <MapTile TileID="192" AltIDMod="0" />
    </MapTiles>
    <StaticTiles />
  </TransInfo>
  <TransInfo Description="Rough Jungle to Forest AC" HashKey="0B820B82820B0B0B0B">
    <MapTiles>
      <MapTile TileID="192" AltIDMod="0" />
    </MapTiles>
    <StaticTiles />
  </TransInfo>
  <TransInfo Description="Rough Jungle to Forest AC" HashKey="820B820B8282820B0B">
    <MapTiles>
      <MapTile TileID="192" AltIDMod="0" />
    </MapTiles>
    <StaticTiles />
  </TransInfo>
  <TransInfo Description="Rough Jungle to Forest AC" HashKey="820B0B0B82820B0B82">
    <MapTiles>
      <MapTile TileID="192" AltIDMod="0" />
    </MapTiles>
    <StaticTiles />
  </TransInfo>
  <TransInfo Description="Rough Jungle to Forest AC" HashKey="0B82820B820B0B0B82">
    <MapTiles>
      <MapTile TileID="192" AltIDMod="0" />
    </MapTiles>
    <StaticTiles />
  </TransInfo>
  <TransInfo Description="Rough Jungle to Forest AC" HashKey="820B0B0B820B820B0B">
    <MapTiles>
      <MapTile TileID="192" AltIDMod="0" />
    </MapTiles>
    <StaticTiles />
  </TransInfo>
  <TransInfo Description="Rough Jungle to Forest AC" HashKey="0B82820B820B0B0B0B">
    <MapTiles>
      <MapTile TileID="192" AltIDMod="0" />
    </MapTiles>
    <StaticTiles />
  </TransInfo>
  <TransInfo Description="Rough Jungle to Forest SWA" HashKey="0B820B82820B828282">
    <MapTiles>
      <MapTile TileID="1536" AltIDMod="0" />
    </MapTiles>
    <StaticTiles />
  </TransInfo>
  <TransInfo Description="Rough Jungle to Forest SEA" HashKey="820B820B82820B8282">
    <MapTiles>
      <MapTile TileID="1534" AltIDMod="0" />
    </MapTiles>
    <StaticTiles />
  </TransInfo>
  <TransInfo Description="Rough Jungle to Forest AC" HashKey="820B828282820B820B">
    <MapTiles>
      <MapTile TileID="192" AltIDMod="0" />
    </MapTiles>
    <StaticTiles />
  </TransInfo>
  <TransInfo Description="Rough Jungle to Forest SWA" HashKey="0B820B82820B82820B">
    <MapTiles>
      <MapTile TileID="1536" AltIDMod="0" />
    </MapTiles>
    <StaticTiles />
  </TransInfo>
  <TransInfo Description="Rough Jungle to Forest AC" HashKey="820B820B82820B820B">
    <MapTiles>
      <MapTile TileID="192" AltIDMod="0" />
    </MapTiles>
    <StaticTiles />
  </TransInfo>
  <TransInfo Description="Rough Jungle to Forest SEA" HashKey="820B828282820B8282">
    <MapTiles>
      <MapTile TileID="1534" AltIDMod="0" />
    </MapTiles>
    <StaticTiles />
  </TransInfo>
  <TransInfo Description="Rough Jungle to Forest AC" HashKey="820B0B0B820B0B8282">
    <MapTiles>
      <MapTile TileID="192" AltIDMod="0" />
    </MapTiles>
    <StaticTiles />
  </TransInfo>
  <TransInfo Description="Rough Jungle to Forest AC" HashKey="0B82820B820B828282">
    <MapTiles>
      <MapTile TileID="192" AltIDMod="0" />
    </MapTiles>
    <StaticTiles />
  </TransInfo>
  <TransInfo Description="Rough Jungle to Forest AC" HashKey="820B0B0B820B0B820B">
    <MapTiles>
      <MapTile TileID="192" AltIDMod="0" />
    </MapTiles>
    <StaticTiles />
  </TransInfo>
  <TransInfo Description="Rough Jungle to Forest AC" HashKey="0B82820B820B82820B">
    <MapTiles>
      <MapTile TileID="192" AltIDMod="0" />
    </MapTiles>
    <StaticTiles />
  </TransInfo>
  <TransInfo Description="Rough Jungle to Forest SEA" HashKey="0B820B0B8282828282">
    <MapTiles>
      <MapTile TileID="1534" AltIDMod="0" />
    </MapTiles>
    <StaticTiles />
  </TransInfo>
  <TransInfo Description="Rough Jungle to Forest AC" HashKey="820B82828282820B0B">
    <MapTiles>
      <MapTile TileID="192" AltIDMod="0" />
    </MapTiles>
    <StaticTiles />
  </TransInfo>
  <TransInfo Description="Rough Jungle to Forest AC" HashKey="0B820B0B828282820B">
    <MapTiles>
      <MapTile TileID="192" AltIDMod="0" />
    </MapTiles>
    <StaticTiles />
  </TransInfo>
  <TransInfo Description="Rough Jungle to Forest AC" HashKey="820B82828282820B82">
    <MapTiles>
      <MapTile TileID="192" AltIDMod="0" />
    </MapTiles>
    <StaticTiles />
  </TransInfo>
  <TransInfo Description="Rough Jungle to Forest AC" HashKey="820B0B82820B0B0B82">
    <MapTiles>
      <MapTile TileID="192" AltIDMod="0" />
    </MapTiles>
    <StaticTiles />
  </TransInfo>
  <TransInfo Description="Rough Jungle to Forest AC" HashKey="820B0B82820B0B0B0B">
    <MapTiles>
      <MapTile TileID="192" AltIDMod="0" />
    </MapTiles>
    <StaticTiles />
  </TransInfo>
  <TransInfo Description="Rough Jungle to Forest SWA" HashKey="820B0B82820B828282">
    <MapTiles>
      <MapTile TileID="1536" AltIDMod="0" />
    </MapTiles>
    <StaticTiles />
  </TransInfo>
  <TransInfo Description="Rough Jungle to Forest SWA" HashKey="820B0B82820B82820B">
    <MapTiles>
      <MapTile TileID="1536" AltIDMod="0" />
    </MapTiles>
    <StaticTiles />
  </TransInfo>
  <TransInfo Description="Rough Jungle to Forest SWA" HashKey="0B828282820B82820B">
    <MapTiles>
      <MapTile TileID="1536" AltIDMod="0" />
    </MapTiles>
    <StaticTiles />
  </TransInfo>
  <TransInfo Description="Rough Jungle to Forest SWA" HashKey="0B828282820B828282">
    <MapTiles>
      <MapTile TileID="1536" AltIDMod="0" />
    </MapTiles>
    <StaticTiles />
  </TransInfo>
  <TransInfo Description="Rough Jungle to Forest AC" HashKey="0B828282820B0B0B0B">
    <MapTiles>
      <MapTile TileID="192" AltIDMod="0" />
    </MapTiles>
    <StaticTiles />
  </TransInfo>
  <TransInfo Description="Rough Jungle to Forest AC" HashKey="0B828282820B0B0B82">
    <MapTiles>
      <MapTile TileID="192" AltIDMod="0" />
    </MapTiles>
    <StaticTiles />
  </TransInfo>
  <TransInfo Description="Rough Jungle to Forest AC" HashKey="0B0B0B8282820B820B">
    <MapTiles>
      <MapTile TileID="192" AltIDMod="0" />
    </MapTiles>
    <StaticTiles />
  </TransInfo>
  <TransInfo Description="Rough Jungle to Forest AC" HashKey="0B820B82820B820B0B">
    <MapTiles>
      <MapTile TileID="192" AltIDMod="0" />
    </MapTiles>
    <StaticTiles />
  </TransInfo>
  <TransInfo Description="Rough Jungle to Forest AC" HashKey="0B820B828282820B82">
    <MapTiles>
      <MapTile TileID="192" AltIDMod="0" />
    </MapTiles>
    <StaticTiles />
  </TransInfo>
  <TransInfo Description="Rough Jungle to Forest AC" HashKey="820B820B828282820B">
    <MapTiles>
      <MapTile TileID="192" AltIDMod="0" />
    </MapTiles>
    <StaticTiles />
  </TransInfo>
  <TransInfo Description="Rough Jungle to Forest AC" HashKey="0B820B828282820B0B">
    <MapTiles>
      <MapTile TileID="192" AltIDMod="0" />
    </MapTiles>
    <StaticTiles />
  </TransInfo>
  <TransInfo Description="Rough Jungle to Forest SEA" HashKey="820B820B8282828282">
    <MapTiles>
      <MapTile TileID="1534" AltIDMod="0" />
    </MapTiles>
    <StaticTiles />
  </TransInfo>
  <TransInfo Description="Rough Jungle to Forest AC" HashKey="0B820B82820B820B82">
    <MapTiles>
      <MapTile TileID="192" AltIDMod="0" />
    </MapTiles>
    <StaticTiles />
  </TransInfo>
  <TransInfo Description="Rough Jungle to Forest AC" HashKey="820B0B0B820B82820B">
    <MapTiles>
      <MapTile TileID="192" AltIDMod="0" />
    </MapTiles>
    <StaticTiles />
  </TransInfo>
  <TransInfo Description="Rough Jungle to Forest AC" HashKey="0B82820B820B0B820B">
    <MapTiles>
      <MapTile TileID="192" AltIDMod="0" />
    </MapTiles>
    <StaticTiles />
  </TransInfo>
  <TransInfo Description="Rough Jungle to Forest AC" HashKey="820B0B0B820B828282">
    <MapTiles>
      <MapTile TileID="192" AltIDMod="0" />
    </MapTiles>
    <StaticTiles />
  </TransInfo>
  <TransInfo Description="Rough Jungle to Forest AC" HashKey="0B82820B820B0B8282">
    <MapTiles>
      <MapTile TileID="192" AltIDMod="0" />
    </MapTiles>
    <StaticTiles />
  </TransInfo>
  <TransInfo Description="Rough Jungle to Forest AC" HashKey="0B0B0B82820B820B82">
    <MapTiles>
      <MapTile TileID="192" AltIDMod="0" />
    </MapTiles>
    <StaticTiles />
  </TransInfo>
  <TransInfo Description="Rough Jungle to Forest SEA" HashKey="0B820B8282820B8282">
    <MapTiles>
      <MapTile TileID="1534" AltIDMod="0" />
    </MapTiles>
    <StaticTiles />
  </TransInfo>
  <TransInfo Description="Rough Jungle to Forest AC" HashKey="820B820B82820B0B0B">
    <MapTiles>
      <MapTile TileID="192" AltIDMod="0" />
    </MapTiles>
    <StaticTiles />
  </TransInfo>
  <TransInfo Description="Rough Jungle to Forest AC" HashKey="0B0B0B82820B820B0B">
    <MapTiles>
      <MapTile TileID="192" AltIDMod="0" />
    </MapTiles>
    <StaticTiles />
  </TransInfo>
  <TransInfo Description="Rough Jungle to Forest AC" HashKey="0B820B8282820B820B">
    <MapTiles>
      <MapTile TileID="192" AltIDMod="0" />
    </MapTiles>
    <StaticTiles />
  </TransInfo>
  <TransInfo Description="Rough Jungle to Forest SEA" HashKey="0B820B0B82820B8282">
    <MapTiles>
      <MapTile TileID="1534" AltIDMod="0" />
    </MapTiles>
    <StaticTiles />
  </TransInfo>
  <TransInfo Description="Rough Jungle to Forest AC" HashKey="820B0B0B820B0B0B0B">
    <MapTiles>
      <MapTile TileID="192" AltIDMod="0" />
    </MapTiles>
    <StaticTiles />
  </TransInfo>
  <TransInfo Description="Rough Jungle to Forest AC" HashKey="0B82820B820B820B0B">
    <MapTiles>
      <MapTile TileID="192" AltIDMod="0" />
    </MapTiles>
    <StaticTiles />
  </TransInfo>
  <TransInfo Description="Rough Jungle to Forest AC" HashKey="820B0B0B820B0B0B82">
    <MapTiles>
      <MapTile TileID="192" AltIDMod="0" />
    </MapTiles>
    <StaticTiles />
  </TransInfo>
  <TransInfo Description="Rough Jungle to Forest AC" HashKey="0B82820B820B820B82">
    <MapTiles>
      <MapTile TileID="192" AltIDMod="0" />
    </MapTiles>
    <StaticTiles />
  </TransInfo>
  <TransInfo Description="Rough Jungle to Forest AC" HashKey="0B820B0B8282820B0B">
    <MapTiles>
      <MapTile TileID="192" AltIDMod="0" />
    </MapTiles>
    <StaticTiles />
  </TransInfo>
  <TransInfo Description="Rough Jungle to Forest AC" HashKey="0B820B0B8282820B82">
    <MapTiles>
      <MapTile TileID="192" AltIDMod="0" />
    </MapTiles>
    <StaticTiles />
  </TransInfo>
  <TransInfo Description="Rough Jungle to Forest AC" HashKey="0B0B0B0B820B0B0B82">
    <MapTiles>
      <MapTile TileID="192" AltIDMod="0" />
    </MapTiles>
    <StaticTiles />
  </TransInfo>
  <TransInfo Description="Rough Jungle to Forest AC" HashKey="0B0B0B0B820B0B0B0B">
    <MapTiles>
      <MapTile TileID="192" AltIDMod="0" />
    </MapTiles>
    <StaticTiles />
  </TransInfo>
  <TransInfo Description="Rough Jungle to Forest AC" HashKey="820B0B82820B0B820B">
    <MapTiles>
      <MapTile TileID="192" AltIDMod="0" />
    </MapTiles>
    <StaticTiles />
  </TransInfo>
  <TransInfo Description="Rough Jungle to Forest AC" HashKey="0B0B820B82820B0B82">
    <MapTiles>
      <MapTile TileID="192" AltIDMod="0" />
    </MapTiles>
    <StaticTiles />
  </TransInfo>
  <TransInfo Description="Rough Jungle to Forest NWA" HashKey="82820B82820B820B82">
    <MapTiles>
      <MapTile TileID="1533" AltIDMod="0" />
    </MapTiles>
    <StaticTiles />
  </TransInfo>
  <TransInfo Description="Rough Jungle to Forest AC" HashKey="820B0B82820B0B8282">
    <MapTiles>
      <MapTile TileID="192" AltIDMod="0" />
    </MapTiles>
    <StaticTiles />
  </TransInfo>
  <TransInfo Description="Rough Jungle to Forest AC" HashKey="0B0B820B82820B0B0B">
    <MapTiles>
      <MapTile TileID="192" AltIDMod="0" />
    </MapTiles>
    <StaticTiles />
  </TransInfo>
  <TransInfo Description="Rough Jungle to Forest NWA" HashKey="82820B82820B820B0B">
    <MapTiles>
      <MapTile TileID="1533" AltIDMod="0" />
    </MapTiles>
    <StaticTiles />
  </TransInfo>
  <TransInfo Description="Rough Jungle to Forest AC" HashKey="0B0B0B0B820B828282">
    <MapTiles>
      <MapTile TileID="192" AltIDMod="0" />
    </MapTiles>
    <StaticTiles />
  </TransInfo>
  <TransInfo Description="Rough Jungle to Forest AC" HashKey="0B0B0B0B820B82820B">
    <MapTiles>
      <MapTile TileID="192" AltIDMod="0" />
    </MapTiles>
    <StaticTiles />
  </TransInfo>
  <TransInfo Description="Rough Jungle to Forest AC" HashKey="820B0B82820B820B0B">
    <MapTiles>
      <MapTile TileID="192" AltIDMod="0" />
    </MapTiles>
    <StaticTiles />
  </TransInfo>
  <TransInfo Description="Rough Jungle to Forest SEA" HashKey="0B0B820B8282828282">
    <MapTiles>
      <MapTile TileID="1534" AltIDMod="0" />
    </MapTiles>
    <StaticTiles />
  </TransInfo>
  <TransInfo Description="Rough Jungle to Forest NWA" HashKey="82820B82820B0B8282">
    <MapTiles>
      <MapTile TileID="1533" AltIDMod="0" />
    </MapTiles>
    <StaticTiles />
  </TransInfo>
  <TransInfo Description="Rough Jungle to Forest AC" HashKey="820B0B82820B820B82">
    <MapTiles>
      <MapTile TileID="192" AltIDMod="0" />
    </MapTiles>
    <StaticTiles />
  </TransInfo>
  <TransInfo Description="Rough Jungle to Forest AC" HashKey="0B0B820B828282820B">
    <MapTiles>
      <MapTile TileID="192" AltIDMod="0" />
    </MapTiles>
    <StaticTiles />
  </TransInfo>
  <TransInfo Description="Rough Jungle to Forest NWA" HashKey="82820B82820B0B820B">
    <MapTiles>
      <MapTile TileID="1533" AltIDMod="0" />
    </MapTiles>
    <StaticTiles />
  </TransInfo>
  <TransInfo Description="Rough Jungle to Forest NWA" HashKey="82828282820B0B0B82">
    <MapTiles>
      <MapTile TileID="1533" AltIDMod="0" />
    </MapTiles>
    <StaticTiles />
  </TransInfo>
  <TransInfo Description="Rough Jungle to Forest NWA" HashKey="82828282820B0B820B">
    <MapTiles>
      <MapTile TileID="1533" AltIDMod="0" />
    </MapTiles>
    <StaticTiles />
  </TransInfo>
  <TransInfo Description="Rough Jungle to Forest AC" HashKey="820B0B0B820B820B82">
    <MapTiles>
      <MapTile TileID="192" AltIDMod="0" />
    </MapTiles>
    <StaticTiles />
  </TransInfo>
  <TransInfo Description="Rough Jungle to Forest NWA" HashKey="82828282820B0B0B0B">
    <MapTiles>
      <MapTile TileID="1533" AltIDMod="0" />
    </MapTiles>
    <StaticTiles />
  </TransInfo>
  <TransInfo Description="Rough Jungle to Forest NWA" HashKey="82828282820B0B8282">
    <MapTiles>
      <MapTile TileID="1533" AltIDMod="0" />
    </MapTiles>
    <StaticTiles />
  </TransInfo>
  <TransInfo Description="Rough Jungle to Forest AC" HashKey="82820B0B820B0B0B82">
    <MapTiles>
      <MapTile TileID="192" AltIDMod="0" />
    </MapTiles>
    <StaticTiles />
  </TransInfo>
  <TransInfo Description="Rough Jungle to Forest AC" HashKey="82820B0B820B0B0B0B">
    <MapTiles>
      <MapTile TileID="192" AltIDMod="0" />
    </MapTiles>
    <StaticTiles />
  </TransInfo>
  <TransInfo Description="Rough Jungle to Forest WE" HashKey="82828282820B828282">
    <MapTiles>
      <MapTile TileID="1522" AltIDMod="0" />
    </MapTiles>
    <StaticTiles />
  </TransInfo>
  <TransInfo Description="Rough Jungle to Forest NEA" HashKey="8282820B82820B0B82">
    <MapTiles>
      <MapTile TileID="1535" AltIDMod="0" />
    </MapTiles>
    <StaticTiles />
  </TransInfo>
  <TransInfo Description="Rough Jungle to Forest SWA" HashKey="0B820B82828282820B">
    <MapTiles>
      <MapTile TileID="1536" AltIDMod="0" />
    </MapTiles>
    <StaticTiles />
  </TransInfo>
  <TransInfo Description="Rough Jungle to Forest WE" HashKey="82828282820B82820B">
    <MapTiles>
      <MapTile TileID="1522" AltIDMod="0" />
    </MapTiles>
    <StaticTiles />
  </TransInfo>
  <TransInfo Description="Rough Jungle to Forest NEA" HashKey="8282820B82820B0B0B">
    <MapTiles>
      <MapTile TileID="1535" AltIDMod="0" />
    </MapTiles>
    <StaticTiles />
  </TransInfo>
  <TransInfo Description="Rough Jungle to Forest SN" HashKey="0B820B828282828282">
    <MapTiles>
      <MapTile TileID="1524" AltIDMod="0" />
    </MapTiles>
    <StaticTiles />
  </TransInfo>
  <TransInfo Description="Rough Jungle to Forest AC" HashKey="82820B0B820B828282">
    <MapTiles>
      <MapTile TileID="192" AltIDMod="0" />
    </MapTiles>
    <StaticTiles />
  </TransInfo>
  <TransInfo Description="Rough Jungle to Forest AC" HashKey="82820B0B820B82820B">
    <MapTiles>
      <MapTile TileID="192" AltIDMod="0" />
    </MapTiles>
    <StaticTiles />
  </TransInfo>
  <TransInfo Description="Rough Jungle to Forest EW" HashKey="8282820B8282828282">
    <MapTiles>
      <MapTile TileID="1523" AltIDMod="0" />
    </MapTiles>
    <StaticTiles />
  </TransInfo>
  <TransInfo Description="Rough Jungle to Forest AC" HashKey="0B820B8282820B0B0B">
    <MapTiles>
      <MapTile TileID="192" AltIDMod="0" />
    </MapTiles>
    <StaticTiles />
  </TransInfo>
  <TransInfo Description="Rough Jungle to Forest NEA" HashKey="8282820B828282820B">
    <MapTiles>
      <MapTile TileID="1535" AltIDMod="0" />
    </MapTiles>
    <StaticTiles />
  </TransInfo>
  <TransInfo Description="Rough Jungle to Forest AC" HashKey="0B820B8282820B0B82">
    <MapTiles>
      <MapTile TileID="192" AltIDMod="0" />
    </MapTiles>
    <StaticTiles />
  </TransInfo>
  <TransInfo Description="Rough Jungle to Forest AC" HashKey="0B0B82828282820B82">
    <MapTiles>
      <MapTile TileID="192" AltIDMod="0" />
    </MapTiles>
    <StaticTiles />
  </TransInfo>
  <TransInfo Description="Rough Jungle to Forest AC" HashKey="0B0B82828282820B0B">
    <MapTiles>
      <MapTile TileID="192" AltIDMod="0" />
    </MapTiles>
    <StaticTiles />
  </TransInfo>
  <TransInfo Description="Rough Jungle to Forest AC" HashKey="0B0B0B0B820B0B820B">
    <MapTiles>
      <MapTile TileID="192" AltIDMod="0" />
    </MapTiles>
    <StaticTiles />
  </TransInfo>
  <TransInfo Description="Rough Jungle to Forest AC" HashKey="0B0B0B0B820B0B8282">
    <MapTiles>
      <MapTile TileID="192" AltIDMod="0" />
    </MapTiles>
    <StaticTiles />
  </TransInfo>
  <TransInfo Description="Rough Jungle to Forest SEA" HashKey="0B0B828282820B8282">
    <MapTiles>
      <MapTile TileID="1534" AltIDMod="0" />
    </MapTiles>
    <StaticTiles />
  </TransInfo>
  <TransInfo Description="Rough Jungle to Forest AC" HashKey="0B0B820B82820B820B">
    <MapTiles>
      <MapTile TileID="192" AltIDMod="0" />
    </MapTiles>
    <StaticTiles />
  </TransInfo>
  <TransInfo Description="Rough Jungle to Forest WE" HashKey="82820B82820B82820B">
    <MapTiles>
      <MapTile TileID="1522" AltIDMod="0" />
    </MapTiles>
    <StaticTiles />
  </TransInfo>
  <TransInfo Description="Rough Jungle to Forest AC" HashKey="0B0B828282820B820B">
    <MapTiles>
      <MapTile TileID="192" AltIDMod="0" />
    </MapTiles>
    <StaticTiles />
  </TransInfo>
  <TransInfo Description="Rough Jungle to Forest SEA" HashKey="0B0B820B82820B8282">
    <MapTiles>
      <MapTile TileID="1534" AltIDMod="0" />
    </MapTiles>
    <StaticTiles />
  </TransInfo>
  <TransInfo Description="Rough Jungle to Forest WE" HashKey="82820B82820B828282">
    <MapTiles>
      <MapTile TileID="1522" AltIDMod="0" />
    </MapTiles>
    <StaticTiles />
  </TransInfo>
  <TransInfo Description="Rough Jungle to Forest AC" HashKey="0B0B0B82820B0B820B">
    <MapTiles>
      <MapTile TileID="192" AltIDMod="0" />
    </MapTiles>
    <StaticTiles />
  </TransInfo>
  <TransInfo Description="Rough Jungle to Forest AC" HashKey="0B0B0B0B820B820B0B">
    <MapTiles>
      <MapTile TileID="192" AltIDMod="0" />
    </MapTiles>
    <StaticTiles />
  </TransInfo>
  <TransInfo Description="Rough Jungle to Forest AC" HashKey="0B820B0B82820B0B82">
    <MapTiles>
      <MapTile TileID="192" AltIDMod="0" />
    </MapTiles>
    <StaticTiles />
  </TransInfo>
  <TransInfo Description="Rough Jungle to Forest AC" HashKey="0B0B0B0B820B820B82">
    <MapTiles>
      <MapTile TileID="192" AltIDMod="0" />
    </MapTiles>
    <StaticTiles />
  </TransInfo>
  <TransInfo Description="Rough Jungle to Forest AC" HashKey="0B820B0B82820B0B0B">
    <MapTiles>
      <MapTile TileID="192" AltIDMod="0" />
    </MapTiles>
    <StaticTiles />
  </TransInfo>
  <TransInfo Description="Rough Jungle to Forest AC" HashKey="0B0B820B8282820B0B">
    <MapTiles>
      <MapTile TileID="192" AltIDMod="0" />
    </MapTiles>
    <StaticTiles />
  </TransInfo>
  <TransInfo Description="Rough Jungle to Forest NWA" HashKey="82820B82820B0B0B0B">
    <MapTiles>
      <MapTile TileID="1533" AltIDMod="0" />
    </MapTiles>
    <StaticTiles />
  </TransInfo>
  <TransInfo Description="Rough Jungle to Forest AC" HashKey="0B0B820B8282820B82">
    <MapTiles>
      <MapTile TileID="192" AltIDMod="0" />
    </MapTiles>
    <StaticTiles />
  </TransInfo>
  <TransInfo Description="Rough Jungle to Forest NWA" HashKey="82820B82820B0B0B82">
    <MapTiles>
      <MapTile TileID="1533" AltIDMod="0" />
    </MapTiles>
    <StaticTiles />
  </TransInfo>
  <TransInfo Description="Rough Jungle to Forest NS" HashKey="828282828282820B82">
    <MapTiles>
      <MapTile TileID="1521" AltIDMod="0" />
    </MapTiles>
    <StaticTiles />
  </TransInfo>
  <TransInfo Description="Rough Jungle to Forest NS" HashKey="828282828282820B0B">
    <MapTiles>
      <MapTile TileID="1521" AltIDMod="0" />
    </MapTiles>
    <StaticTiles />
  </TransInfo>
  <TransInfo Description="Rough Jungle to Forest AC" HashKey="82820B0B820B0B820B">
    <MapTiles>
      <MapTile TileID="192" AltIDMod="0" />
    </MapTiles>
    <StaticTiles />
  </TransInfo>
  <TransInfo Description="Rough Jungle to Forest AC" HashKey="820B8282820B820B82">
    <MapTiles>
      <MapTile TileID="192" AltIDMod="0" />
    </MapTiles>
    <StaticTiles />
  </TransInfo>
  <TransInfo Description="Rough Jungle to Forest AC" HashKey="82820B0B820B0B8282">
    <MapTiles>
      <MapTile TileID="192" AltIDMod="0" />
    </MapTiles>
    <StaticTiles />
  </TransInfo>
  <TransInfo Description="Rough Jungle to Forest NWA" HashKey="82828282820B820B0B">
    <MapTiles>
      <MapTile TileID="1533" AltIDMod="0" />
    </MapTiles>
    <StaticTiles />
  </TransInfo>
  <TransInfo Description="Rough Jungle to Forest NEA" HashKey="8282820B82820B820B">
    <MapTiles>
      <MapTile TileID="1535" AltIDMod="0" />
    </MapTiles>
    <StaticTiles />
  </TransInfo>
  <TransInfo Description="Rough Jungle to Forest NS" HashKey="8282828282820B820B">
    <MapTiles>
      <MapTile TileID="1521" AltIDMod="0" />
    </MapTiles>
    <StaticTiles />
  </TransInfo>
  <TransInfo Description="Rough Jungle to Forest EW" HashKey="8282820B82820B8282">
    <MapTiles>
      <MapTile TileID="1523" AltIDMod="0" />
    </MapTiles>
    <StaticTiles />
  </TransInfo>
  <TransInfo Description="Rough Jungle to Forest NEA" HashKey="0B82828282820B0B0B">
    <MapTiles>
      <MapTile TileID="1535" AltIDMod="0" />
    </MapTiles>
    <StaticTiles />
  </TransInfo>
  <TransInfo Description="Rough Jungle to Forest AC" HashKey="82820B0B820B820B0B">
    <MapTiles>
      <MapTile TileID="192" AltIDMod="0" />
    </MapTiles>
    <StaticTiles />
  </TransInfo>
  <TransInfo Description="Rough Jungle to Forest AC" HashKey="820B8282820B0B8282">
    <MapTiles>
      <MapTile TileID="192" AltIDMod="0" />
    </MapTiles>
    <StaticTiles />
  </TransInfo>
  <TransInfo Description="Rough Jungle to Forest AC" HashKey="82820B0B820B820B82">
    <MapTiles>
      <MapTile TileID="192" AltIDMod="0" />
    </MapTiles>
    <StaticTiles />
  </TransInfo>
  <TransInfo Description="Rough Jungle to Forest AC" HashKey="820B8282820B0B820B">
    <MapTiles>
      <MapTile TileID="192" AltIDMod="0" />
    </MapTiles>
    <StaticTiles />
  </TransInfo>
  <TransInfo Description="Rough Jungle to Forest NEA" HashKey="8282820B8282820B0B">
    <MapTiles>
      <MapTile TileID="1535" AltIDMod="0" />
    </MapTiles>
    <StaticTiles />
  </TransInfo>
  <TransInfo Description="Rough Jungle to Forest NEA" HashKey="8282820B8282820B82">
    <MapTiles>
      <MapTile TileID="1535" AltIDMod="0" />
    </MapTiles>
    <StaticTiles />
  </TransInfo>
  <TransInfo Description="Rough Jungle to Forest NWA" HashKey="82828282820B820B82">
    <MapTiles>
      <MapTile TileID="1533" AltIDMod="0" />
    </MapTiles>
    <StaticTiles />
  </TransInfo>
  <TransInfo Description="Rough Jungle to Forest IWE" HashKey="0B828282828282820B">
    <MapTiles>
      <MapTile TileID="172" AltIDMod="0" />
    </MapTiles>
    <StaticTiles />
  </TransInfo>
  <TransInfo Description="Rough Jungle to Forest AC" HashKey="0B0B0B82820B0B0B82">
    <MapTiles>
      <MapTile TileID="192" AltIDMod="0" />
    </MapTiles>
    <StaticTiles />
  </TransInfo>
  <TransInfo Description="Rough Jungle to Forest SWA" HashKey="0B0B8282828282820B">
    <MapTiles>
      <MapTile TileID="1536" AltIDMod="0" />
    </MapTiles>
    <StaticTiles />
  </TransInfo>
  <TransInfo Description="Rough Jungle to Forest AC" HashKey="820B820B820B0B0B82">
    <MapTiles>
      <MapTile TileID="192" AltIDMod="0" />
    </MapTiles>
    <StaticTiles />
  </TransInfo>
  <TransInfo Description="Rough Jungle to Forest SN" HashKey="0B0B82828282828282">
    <MapTiles>
      <MapTile TileID="1524" AltIDMod="0" />
    </MapTiles>
    <StaticTiles />
  </TransInfo>
  <TransInfo Description="Rough Jungle to Forest AC" HashKey="820B820B820B0B0B0B">
    <MapTiles>
      <MapTile TileID="192" AltIDMod="0" />
    </MapTiles>
    <StaticTiles />
  </TransInfo>
  <TransInfo Description="Rough Jungle to Forest SWB" HashKey="8282828282820B8282">
    <MapTiles>
      <MapTile TileID="1546" AltIDMod="0" />
    </MapTiles>
    <StaticTiles />
  </TransInfo>
  <TransInfo Description="Rough Jungle to Forest AC" HashKey="820B0B0B82820B0B0B">
    <MapTiles>
      <MapTile TileID="192" AltIDMod="0" />
    </MapTiles>
    <StaticTiles />
  </TransInfo>
  <TransInfo Description="Rough Jungle to Forest AC" HashKey="0B0B828282820B0B0B">
    <MapTiles>
      <MapTile TileID="192" AltIDMod="0" />
    </MapTiles>
    <StaticTiles />
  </TransInfo>
  <TransInfo Description="Rough Jungle to Forest AC" HashKey="820B820B820B828282">
    <MapTiles>
      <MapTile TileID="192" AltIDMod="0" />
    </MapTiles>
    <StaticTiles />
  </TransInfo>
  <TransInfo Description="Rough Jungle to Forest NEA" HashKey="0B82828282820B0B82">
    <MapTiles>
      <MapTile TileID="1535" AltIDMod="0" />
    </MapTiles>
    <StaticTiles />
  </TransInfo>
  <TransInfo Description="Rough Jungle to Forest AC" HashKey="0B0B828282820B0B82">
    <MapTiles>
      <MapTile TileID="192" AltIDMod="0" />
    </MapTiles>
    <StaticTiles />
  </TransInfo>
  <TransInfo Description="Rough Jungle to Forest AC" HashKey="820B820B820B82820B">
    <MapTiles>
      <MapTile TileID="192" AltIDMod="0" />
    </MapTiles>
    <StaticTiles />
  </TransInfo>
  <TransInfo Description="Rough Jungle to Forest SEA" HashKey="820B0B0B8282828282">
    <MapTiles>
      <MapTile TileID="1534" AltIDMod="0" />
    </MapTiles>
    <StaticTiles />
  </TransInfo>
  <TransInfo Description="Rough Jungle to Forest AC" HashKey="820B0B0B828282820B">
    <MapTiles>
      <MapTile TileID="192" AltIDMod="0" />
    </MapTiles>
    <StaticTiles />
  </TransInfo>
  <TransInfo Description="Rough Jungle to Forest AC" HashKey="0B0B820B820B820B82">
    <MapTiles>
      <MapTile TileID="192" AltIDMod="0" />
    </MapTiles>
    <StaticTiles />
  </TransInfo>
</Trans>