<?xml version="1.0" encoding="utf-8" standalone="yes"?>
<places>
	<parent name="Malas">
		<parent name="Towns">
			<parent name="Luna">
				<child name="Luna Moongate" x="1015" y="527" z="-65" />
				<child name="Bank of Luna" x="991" y="519" z="-50" />
				<child name="Stables of Luna" x="1023" y="503" z="-70" />
				<child name="North Entrance" x="989" y="595" z="-90" />
				<child name="Luna Arena" x="961" y="638" z="-90" />
			</parent>
			<parent name="Umbra">
				<child name="Umbra Moongate" x="1997" y="1386" z="-85" />
				<child name="Umbra Bridge" x="1941" y="1321" z="-88" />
				<child name="Stables of Umbra" x="1992" y="1326" z="-90" />
			</parent>
		</parent>
	</parent>
</places>