﻿<?xml version="1.0" encoding="utf-8"?>
<Trans>
    <TransInfo Description="Sand to Forest SN" HashKey="0B0B0B040404040404">
    <MapTiles>
      <MapTile TileID="1614" AltIDMod="0" />
    </MapTiles>
    <StaticTiles />
  </TransInfo>
  <TransInfo Description="Sand to Forest SN" HashKey="040B0B040404040404">
    <MapTiles>
      <MapTile TileID="1614" AltIDMod="0" />
    </MapTiles>
    <StaticTiles />
  </TransInfo>
  <TransInfo Description="Sand to Forest SN" HashKey="0B0B04040404040404">
    <MapTiles>
      <MapTile TileID="1614" AltIDMod="0" />
    </MapTiles>
    <StaticTiles />
  </TransInfo>
  <TransInfo Description="Sand to Forest SN" HashKey="040B04040404040404">
    <MapTiles>
      <MapTile TileID="1614" AltIDMod="0" />
    </MapTiles>
    <StaticTiles />
  </TransInfo>
  <TransInfo Description="Sand to Forest SN" HashKey="0B040B040404040404">
    <MapTiles>
      <MapTile TileID="1614" AltIDMod="0" />
    </MapTiles>
    <StaticTiles />
  </TransInfo>
  <TransInfo Description="Sand to Forest EW" HashKey="0B04040B04040B0404">
    <MapTiles>
      <MapTile TileID="1613" AltIDMod="0" />
    </MapTiles>
    <StaticTiles />
  </TransInfo>
  <TransInfo Description="Sand to Forest EW" HashKey="0B04040B0404040404">
    <MapTiles>
      <MapTile TileID="1613" AltIDMod="0" />
    </MapTiles>
    <StaticTiles />
  </TransInfo>
  <TransInfo Description="Sand to Forest EW" HashKey="0404040B04040B0404">
    <MapTiles>
      <MapTile TileID="1613" AltIDMod="0" />
    </MapTiles>
    <StaticTiles />
  </TransInfo>
  <TransInfo Description="Sand to Forest EW" HashKey="0404040B0404040404">
    <MapTiles>
      <MapTile TileID="1613" AltIDMod="0" />
    </MapTiles>
    <StaticTiles />
  </TransInfo>
  <TransInfo Description="Sand to Forest EW" HashKey="0B04040404040B0404">
    <MapTiles>
      <MapTile TileID="1613" AltIDMod="0" />
    </MapTiles>
    <StaticTiles />
  </TransInfo>
  <TransInfo Description="Sand to Forest WE" HashKey="04040B04040B04040B">
    <MapTiles>
      <MapTile TileID="1612" AltIDMod="0" />
    </MapTiles>
    <StaticTiles />
  </TransInfo>
  <TransInfo Description="Sand to Forest WE" HashKey="04040404040B04040B">
    <MapTiles>
      <MapTile TileID="1612" AltIDMod="0" />
    </MapTiles>
    <StaticTiles />
  </TransInfo>
  <TransInfo Description="Sand to Forest WE" HashKey="04040B04040B040404">
    <MapTiles>
      <MapTile TileID="1612" AltIDMod="0" />
    </MapTiles>
    <StaticTiles />
  </TransInfo>
  <TransInfo Description="Sand to Forest WE" HashKey="04040404040B040404">
    <MapTiles>
      <MapTile TileID="1612" AltIDMod="0" />
    </MapTiles>
    <StaticTiles />
  </TransInfo>
  <TransInfo Description="Sand to Forest WE" HashKey="04040B04040404040B">
    <MapTiles>
      <MapTile TileID="1612" AltIDMod="0" />
    </MapTiles>
    <StaticTiles />
  </TransInfo>
  <TransInfo Description="Sand to Forest NS" HashKey="0404040404040B0B0B">
    <MapTiles>
      <MapTile TileID="1611" AltIDMod="0" />
    </MapTiles>
    <StaticTiles />
  </TransInfo>
  <TransInfo Description="Sand to Forest NS" HashKey="0404040404040B0B04">
    <MapTiles>
      <MapTile TileID="1611" AltIDMod="0" />
    </MapTiles>
    <StaticTiles />
  </TransInfo>
  <TransInfo Description="Sand to Forest NS" HashKey="040404040404040B0B">
    <MapTiles>
      <MapTile TileID="1611" AltIDMod="0" />
    </MapTiles>
    <StaticTiles />
  </TransInfo>
  <TransInfo Description="Sand to Forest NS" HashKey="040404040404040B04">
    <MapTiles>
      <MapTile TileID="1611" AltIDMod="0" />
    </MapTiles>
    <StaticTiles />
  </TransInfo>
  <TransInfo Description="Sand to Forest NS" HashKey="0404040404040B040B">
    <MapTiles>
      <MapTile TileID="1611" AltIDMod="0" />
    </MapTiles>
    <StaticTiles />
  </TransInfo>
  <TransInfo Description="Sand to Forest NWA" HashKey="04040B04040B0B0B0B">
    <MapTiles>
      <MapTile TileID="1619" AltIDMod="0" />
    </MapTiles>
    <StaticTiles />
  </TransInfo>
  <TransInfo Description="Sand to Forest NWA" HashKey="04040404040B0B0B0B">
    <MapTiles>
      <MapTile TileID="1619" AltIDMod="0" />
    </MapTiles>
    <StaticTiles />
  </TransInfo>
  <TransInfo Description="Sand to Forest NWA" HashKey="04040B04040B040B0B">
    <MapTiles>
      <MapTile TileID="1619" AltIDMod="0" />
    </MapTiles>
    <StaticTiles />
  </TransInfo>
  <TransInfo Description="Sand to Forest NWA" HashKey="04040404040B040B0B">
    <MapTiles>
      <MapTile TileID="1619" AltIDMod="0" />
    </MapTiles>
    <StaticTiles />
  </TransInfo>
  <TransInfo Description="Sand to Forest NWA" HashKey="04040404040B040B04">
    <MapTiles>
      <MapTile TileID="1619" AltIDMod="0" />
    </MapTiles>
    <StaticTiles />
  </TransInfo>
  <TransInfo Description="Sand to Forest NWA" HashKey="04040B040404040B0B">
    <MapTiles>
      <MapTile TileID="1619" AltIDMod="0" />
    </MapTiles>
    <StaticTiles />
  </TransInfo>
  <TransInfo Description="Sand to Forest NWA" HashKey="04040B0404040B0B0B">
    <MapTiles>
      <MapTile TileID="1619" AltIDMod="0" />
    </MapTiles>
    <StaticTiles />
  </TransInfo>
  <TransInfo Description="Sand to Forest NWA" HashKey="04040B0404040B0B04">
    <MapTiles>
      <MapTile TileID="1619" AltIDMod="0" />
    </MapTiles>
    <StaticTiles />
  </TransInfo>
  <TransInfo Description="Sand to Forest NWA" HashKey="04040404040B0B040B">
    <MapTiles>
      <MapTile TileID="1619" AltIDMod="0" />
    </MapTiles>
    <StaticTiles />
  </TransInfo>
  <TransInfo Description="Sand to Forest NWA" HashKey="04040B04040B0B040B">
    <MapTiles>
      <MapTile TileID="1619" AltIDMod="0" />
    </MapTiles>
    <StaticTiles />
  </TransInfo>
  <TransInfo Description="Sand to Forest NWA" HashKey="04040B04040B0B0B04">
    <MapTiles>
      <MapTile TileID="1619" AltIDMod="0" />
    </MapTiles>
    <StaticTiles />
  </TransInfo>
  <TransInfo Description="Sand to Forest NWA" HashKey="04040B04040B0B0404">
    <MapTiles>
      <MapTile TileID="1619" AltIDMod="0" />
    </MapTiles>
    <StaticTiles />
  </TransInfo>
  <TransInfo Description="Sand to Forest NWA" HashKey="04040B040404040B04">
    <MapTiles>
      <MapTile TileID="1619" AltIDMod="0" />
    </MapTiles>
    <StaticTiles />
  </TransInfo>
  <TransInfo Description="Sand to Forest NWA" HashKey="04040404040B0B0404">
    <MapTiles>
      <MapTile TileID="1619" AltIDMod="0" />
    </MapTiles>
    <StaticTiles />
  </TransInfo>
  <TransInfo Description="Sand to Forest NWA" HashKey="04040B04040B040B04">
    <MapTiles>
      <MapTile TileID="1619" AltIDMod="0" />
    </MapTiles>
    <StaticTiles />
  </TransInfo>
  <TransInfo Description="Sand to Forest NWA" HashKey="04040B0404040B040B">
    <MapTiles>
      <MapTile TileID="1619" AltIDMod="0" />
    </MapTiles>
    <StaticTiles />
  </TransInfo>
  <TransInfo Description="Sand to Forest NWA" HashKey="04040404040B0B0B04">
    <MapTiles>
      <MapTile TileID="1619" AltIDMod="0" />
    </MapTiles>
    <StaticTiles />
  </TransInfo>
  <TransInfo Description="Sand to Forest SEA" HashKey="0B0B0B0B04040B0404">
    <MapTiles>
      <MapTile TileID="1620" AltIDMod="0" />
    </MapTiles>
    <StaticTiles />
  </TransInfo>
  <TransInfo Description="Sand to Forest SEA" HashKey="0B0B040B04040B0404">
    <MapTiles>
      <MapTile TileID="1620" AltIDMod="0" />
    </MapTiles>
    <StaticTiles />
  </TransInfo>
  <TransInfo Description="Sand to Forest SEA" HashKey="0B0B0B0B0404040404">
    <MapTiles>
      <MapTile TileID="1620" AltIDMod="0" />
    </MapTiles>
    <StaticTiles />
  </TransInfo>
  <TransInfo Description="Sand to Forest SEA" HashKey="0B0B040B0404040404">
    <MapTiles>
      <MapTile TileID="1620" AltIDMod="0" />
    </MapTiles>
    <StaticTiles />
  </TransInfo>
  <TransInfo Description="Sand to Forest SEA" HashKey="0B040B0B0404040404">
    <MapTiles>
      <MapTile TileID="1620" AltIDMod="0" />
    </MapTiles>
    <StaticTiles />
  </TransInfo>
  <TransInfo Description="Sand to Forest SEA" HashKey="0B0B040404040B0404">
    <MapTiles>
      <MapTile TileID="1620" AltIDMod="0" />
    </MapTiles>
    <StaticTiles />
  </TransInfo>
  <TransInfo Description="Sand to Forest SEA" HashKey="040B0B0404040B0404">
    <MapTiles>
      <MapTile TileID="1620" AltIDMod="0" />
    </MapTiles>
    <StaticTiles />
  </TransInfo>
  <TransInfo Description="Sand to Forest SEA" HashKey="0B040B0404040B0404">
    <MapTiles>
      <MapTile TileID="1620" AltIDMod="0" />
    </MapTiles>
    <StaticTiles />
  </TransInfo>
  <TransInfo Description="Sand to Forest SEA" HashKey="0B0B0B0404040B0404">
    <MapTiles>
      <MapTile TileID="1620" AltIDMod="0" />
    </MapTiles>
    <StaticTiles />
  </TransInfo>
  <TransInfo Description="Sand to Forest SEA" HashKey="040B040B0404040404">
    <MapTiles>
      <MapTile TileID="1620" AltIDMod="0" />
    </MapTiles>
    <StaticTiles />
  </TransInfo>
  <TransInfo Description="Sand to Forest SEA" HashKey="0B040B0B04040B0404">
    <MapTiles>
      <MapTile TileID="1620" AltIDMod="0" />
    </MapTiles>
    <StaticTiles />
  </TransInfo>
  <TransInfo Description="Sand to Forest SEA" HashKey="04040B0B04040B0404">
    <MapTiles>
      <MapTile TileID="1620" AltIDMod="0" />
    </MapTiles>
    <StaticTiles />
  </TransInfo>
  <TransInfo Description="Sand to Forest SEA" HashKey="040B0B0B04040B0404">
    <MapTiles>
      <MapTile TileID="1620" AltIDMod="0" />
    </MapTiles>
    <StaticTiles />
  </TransInfo>
  <TransInfo Description="Sand to Forest SEA" HashKey="04040B0B0404040404">
    <MapTiles>
      <MapTile TileID="1620" AltIDMod="0" />
    </MapTiles>
    <StaticTiles />
  </TransInfo>
  <TransInfo Description="Sand to Forest SEA" HashKey="040B040B04040B0404">
    <MapTiles>
      <MapTile TileID="1620" AltIDMod="0" />
    </MapTiles>
    <StaticTiles />
  </TransInfo>
  <TransInfo Description="Sand to Forest SEA" HashKey="040B040404040B0404">
    <MapTiles>
      <MapTile TileID="1620" AltIDMod="0" />
    </MapTiles>
    <StaticTiles />
  </TransInfo>
  <TransInfo Description="Sand to Forest SEA" HashKey="040B0B0B0404040404">
    <MapTiles>
      <MapTile TileID="1620" AltIDMod="0" />
    </MapTiles>
    <StaticTiles />
  </TransInfo>
  <TransInfo Description="Sand to Forest NEA" HashKey="0B04040B04040B0B0B">
    <MapTiles>
      <MapTile TileID="1621" AltIDMod="0" />
    </MapTiles>
    <StaticTiles />
  </TransInfo>
  <TransInfo Description="Sand to Forest NEA" HashKey="0404040B04040B0B0B">
    <MapTiles>
      <MapTile TileID="1621" AltIDMod="0" />
    </MapTiles>
    <StaticTiles />
  </TransInfo>
  <TransInfo Description="Sand to Forest NEA" HashKey="0B04040B04040B0B04">
    <MapTiles>
      <MapTile TileID="1621" AltIDMod="0" />
    </MapTiles>
    <StaticTiles />
  </TransInfo>
  <TransInfo Description="Sand to Forest NEA" HashKey="0404040B04040B0B04">
    <MapTiles>
      <MapTile TileID="1621" AltIDMod="0" />
    </MapTiles>
    <StaticTiles />
  </TransInfo>
  <TransInfo Description="Sand to Forest NEA" HashKey="0404040B0404040B04">
    <MapTiles>
      <MapTile TileID="1621" AltIDMod="0" />
    </MapTiles>
    <StaticTiles />
  </TransInfo>
  <TransInfo Description="Sand to Forest NEA" HashKey="0B04040B040404040B">
    <MapTiles>
      <MapTile TileID="1621" AltIDMod="0" />
    </MapTiles>
    <StaticTiles />
  </TransInfo>
  <TransInfo Description="Sand to Forest NEA" HashKey="0B04040404040B0B0B">
    <MapTiles>
      <MapTile TileID="1621" AltIDMod="0" />
    </MapTiles>
    <StaticTiles />
  </TransInfo>
  <TransInfo Description="Sand to Forest NEA" HashKey="0B04040404040B0B04">
    <MapTiles>
      <MapTile TileID="1621" AltIDMod="0" />
    </MapTiles>
    <StaticTiles />
  </TransInfo>
  <TransInfo Description="Sand to Forest NEA" HashKey="0B0404040404040B04">
    <MapTiles>
      <MapTile TileID="1621" AltIDMod="0" />
    </MapTiles>
    <StaticTiles />
  </TransInfo>
  <TransInfo Description="Sand to Forest NEA" HashKey="0404040B04040B040B">
    <MapTiles>
      <MapTile TileID="1621" AltIDMod="0" />
    </MapTiles>
    <StaticTiles />
  </TransInfo>
  <TransInfo Description="Sand to Forest NEA" HashKey="0B04040B04040B040B">
    <MapTiles>
      <MapTile TileID="1621" AltIDMod="0" />
    </MapTiles>
    <StaticTiles />
  </TransInfo>
  <TransInfo Description="Sand to Forest NEA" HashKey="0B0404040404040B0B">
    <MapTiles>
      <MapTile TileID="1621" AltIDMod="0" />
    </MapTiles>
    <StaticTiles />
  </TransInfo>
  <TransInfo Description="Sand to Forest NEA" HashKey="0B04040B0404040B0B">
    <MapTiles>
      <MapTile TileID="1621" AltIDMod="0" />
    </MapTiles>
    <StaticTiles />
  </TransInfo>
  <TransInfo Description="Sand to Forest NEA" HashKey="0404040B0404040B0B">
    <MapTiles>
      <MapTile TileID="1621" AltIDMod="0" />
    </MapTiles>
    <StaticTiles />
  </TransInfo>
  <TransInfo Description="Sand to Forest NEA" HashKey="0404040B040404040B">
    <MapTiles>
      <MapTile TileID="1621" AltIDMod="0" />
    </MapTiles>
    <StaticTiles />
  </TransInfo>
  <TransInfo Description="Sand to Forest NEA" HashKey="0B04040404040B040B">
    <MapTiles>
      <MapTile TileID="1621" AltIDMod="0" />
    </MapTiles>
    <StaticTiles />
  </TransInfo>
  <TransInfo Description="Sand to Forest NEA" HashKey="0B04040B0404040B04">
    <MapTiles>
      <MapTile TileID="1621" AltIDMod="0" />
    </MapTiles>
    <StaticTiles />
  </TransInfo>
  <TransInfo Description="Sand to Forest SWA" HashKey="0B0B0B04040B04040B">
    <MapTiles>
      <MapTile TileID="1622" AltIDMod="0" />
    </MapTiles>
    <StaticTiles />
  </TransInfo>
  <TransInfo Description="Sand to Forest SWA" HashKey="0B0B0B04040B040404">
    <MapTiles>
      <MapTile TileID="1622" AltIDMod="0" />
    </MapTiles>
    <StaticTiles />
  </TransInfo>
  <TransInfo Description="Sand to Forest SWA" HashKey="040B0B04040B04040B">
    <MapTiles>
      <MapTile TileID="1622" AltIDMod="0" />
    </MapTiles>
    <StaticTiles />
  </TransInfo>
  <TransInfo Description="Sand to Forest SWA" HashKey="040B0B04040B040404">
    <MapTiles>
      <MapTile TileID="1622" AltIDMod="0" />
    </MapTiles>
    <StaticTiles />
  </TransInfo>
  <TransInfo Description="Sand to Forest SWA" HashKey="0B040404040B04040B">
    <MapTiles>
      <MapTile TileID="1622" AltIDMod="0" />
    </MapTiles>
    <StaticTiles />
  </TransInfo>
  <TransInfo Description="Sand to Forest SWA" HashKey="0B040B04040B040404">
    <MapTiles>
      <MapTile TileID="1622" AltIDMod="0" />
    </MapTiles>
    <StaticTiles />
  </TransInfo>
  <TransInfo Description="Sand to Forest SWA" HashKey="0B040B04040B04040B">
    <MapTiles>
      <MapTile TileID="1622" AltIDMod="0" />
    </MapTiles>
    <StaticTiles />
  </TransInfo>
  <TransInfo Description="Sand to Forest SWA" HashKey="0B0B0404040404040B">
    <MapTiles>
      <MapTile TileID="1622" AltIDMod="0" />
    </MapTiles>
    <StaticTiles />
  </TransInfo>
  <TransInfo Description="Sand to Forest SWA" HashKey="040B0404040404040B">
    <MapTiles>
      <MapTile TileID="1622" AltIDMod="0" />
    </MapTiles>
    <StaticTiles />
  </TransInfo>
  <TransInfo Description="Sand to Forest SWA" HashKey="0B0B0B04040404040B">
    <MapTiles>
      <MapTile TileID="1622" AltIDMod="0" />
    </MapTiles>
    <StaticTiles />
  </TransInfo>
  <TransInfo Description="Sand to Forest SWA" HashKey="0B0B0404040B040404">
    <MapTiles>
      <MapTile TileID="1622" AltIDMod="0" />
    </MapTiles>
    <StaticTiles />
  </TransInfo>
  <TransInfo Description="Sand to Forest SWA" HashKey="040B0B04040404040B">
    <MapTiles>
      <MapTile TileID="1622" AltIDMod="0" />
    </MapTiles>
    <StaticTiles />
  </TransInfo>
  <TransInfo Description="Sand to Forest SWA" HashKey="040B0404040B040404">
    <MapTiles>
      <MapTile TileID="1622" AltIDMod="0" />
    </MapTiles>
    <StaticTiles />
  </TransInfo>
  <TransInfo Description="Sand to Forest SWA" HashKey="0B040404040B040404">
    <MapTiles>
      <MapTile TileID="1622" AltIDMod="0" />
    </MapTiles>
    <StaticTiles />
  </TransInfo>
  <TransInfo Description="Sand to Forest SWA" HashKey="0B040B04040404040B">
    <MapTiles>
      <MapTile TileID="1622" AltIDMod="0" />
    </MapTiles>
    <StaticTiles />
  </TransInfo>
  <TransInfo Description="Sand to Forest SWA" HashKey="040B0404040B04040B">
    <MapTiles>
      <MapTile TileID="1622" AltIDMod="0" />
    </MapTiles>
    <StaticTiles />
  </TransInfo>
  <TransInfo Description="Sand to Forest SWA" HashKey="0B0B0404040B04040B">
    <MapTiles>
      <MapTile TileID="1622" AltIDMod="0" />
    </MapTiles>
    <StaticTiles />
  </TransInfo>
  <TransInfo Description="Sand to Forest NWB" HashKey="0B0404040404040404">
    <MapTiles>
      <MapTile TileID="1615" AltIDMod="0" />
    </MapTiles>
    <StaticTiles />
  </TransInfo>
  <TransInfo Description="Sand to Forest SEB" HashKey="04040404040404040B">
    <MapTiles>
      <MapTile TileID="1616" AltIDMod="0" />
    </MapTiles>
    <StaticTiles />
  </TransInfo>
  <TransInfo Description="Sand to Forest NEB" HashKey="04040B040404040404">
    <MapTiles>
      <MapTile TileID="1617" AltIDMod="0" />
    </MapTiles>
    <StaticTiles />
  </TransInfo>
  <TransInfo Description="Sand to Forest SWB" HashKey="0404040404040B0404">
    <MapTiles>
      <MapTile TileID="1618" AltIDMod="0" />
    </MapTiles>
    <StaticTiles />
  </TransInfo>
  <TransInfo Description="Sand to Forest AC" HashKey="0404040B040B040404">
    <MapTiles>
      <MapTile TileID="196" AltIDMod="0" />
    </MapTiles>
    <StaticTiles />
  </TransInfo>
  <TransInfo Description="Sand to Forest AC" HashKey="0404040B040B0B0404">
    <MapTiles>
      <MapTile TileID="196" AltIDMod="0" />
    </MapTiles>
    <StaticTiles />
  </TransInfo>
  <TransInfo Description="Sand to Forest AC" HashKey="0404040B040B040B04">
    <MapTiles>
      <MapTile TileID="196" AltIDMod="0" />
    </MapTiles>
    <StaticTiles />
  </TransInfo>
  <TransInfo Description="Sand to Forest AC" HashKey="0404040B040B0B0B04">
    <MapTiles>
      <MapTile TileID="196" AltIDMod="0" />
    </MapTiles>
    <StaticTiles />
  </TransInfo>
  <TransInfo Description="Sand to Forest AC" HashKey="0404040B040B04040B">
    <MapTiles>
      <MapTile TileID="196" AltIDMod="0" />
    </MapTiles>
    <StaticTiles />
  </TransInfo>
  <TransInfo Description="Sand to Forest AC" HashKey="0404040B040B0B040B">
    <MapTiles>
      <MapTile TileID="196" AltIDMod="0" />
    </MapTiles>
    <StaticTiles />
  </TransInfo>
  <TransInfo Description="Sand to Forest AC" HashKey="0404040B040B040B0B">
    <MapTiles>
      <MapTile TileID="196" AltIDMod="0" />
    </MapTiles>
    <StaticTiles />
  </TransInfo>
  <TransInfo Description="Sand to Forest AC" HashKey="0404040B040B0B0B0B">
    <MapTiles>
      <MapTile TileID="196" AltIDMod="0" />
    </MapTiles>
    <StaticTiles />
  </TransInfo>
  <TransInfo Description="Sand to Forest AC" HashKey="04040B0B0404040B04">
    <MapTiles>
      <MapTile TileID="196" AltIDMod="0" />
    </MapTiles>
    <StaticTiles />
  </TransInfo>
  <TransInfo Description="Sand to Forest AC" HashKey="04040B0B04040B0B04">
    <MapTiles>
      <MapTile TileID="196" AltIDMod="0" />
    </MapTiles>
    <StaticTiles />
  </TransInfo>
  <TransInfo Description="Sand to Forest AC" HashKey="04040B0B040404040B">
    <MapTiles>
      <MapTile TileID="196" AltIDMod="0" />
    </MapTiles>
    <StaticTiles />
  </TransInfo>
  <TransInfo Description="Sand to Forest AC" HashKey="04040B0B04040B040B">
    <MapTiles>
      <MapTile TileID="196" AltIDMod="0" />
    </MapTiles>
    <StaticTiles />
  </TransInfo>
  <TransInfo Description="Sand to Forest AC" HashKey="04040B0B0404040B0B">
    <MapTiles>
      <MapTile TileID="196" AltIDMod="0" />
    </MapTiles>
    <StaticTiles />
  </TransInfo>
  <TransInfo Description="Sand to Forest AC" HashKey="04040B0B04040B0B0B">
    <MapTiles>
      <MapTile TileID="196" AltIDMod="0" />
    </MapTiles>
    <StaticTiles />
  </TransInfo>
  <TransInfo Description="Sand to Forest AC" HashKey="04040B0B040B040404">
    <MapTiles>
      <MapTile TileID="196" AltIDMod="0" />
    </MapTiles>
    <StaticTiles />
  </TransInfo>
  <TransInfo Description="Sand to Forest AC" HashKey="04040B0B040B0B0404">
    <MapTiles>
      <MapTile TileID="196" AltIDMod="0" />
    </MapTiles>
    <StaticTiles />
  </TransInfo>
  <TransInfo Description="Sand to Forest AC" HashKey="04040B0B040B040B04">
    <MapTiles>
      <MapTile TileID="196" AltIDMod="0" />
    </MapTiles>
    <StaticTiles />
  </TransInfo>
  <TransInfo Description="Sand to Forest AC" HashKey="04040B0B040B0B0B04">
    <MapTiles>
      <MapTile TileID="196" AltIDMod="0" />
    </MapTiles>
    <StaticTiles />
  </TransInfo>
  <TransInfo Description="Sand to Forest AC" HashKey="04040B0B040B04040B">
    <MapTiles>
      <MapTile TileID="196" AltIDMod="0" />
    </MapTiles>
    <StaticTiles />
  </TransInfo>
  <TransInfo Description="Sand to Forest AC" HashKey="04040B0B040B0B040B">
    <MapTiles>
      <MapTile TileID="196" AltIDMod="0" />
    </MapTiles>
    <StaticTiles />
  </TransInfo>
  <TransInfo Description="Sand to Forest AC" HashKey="04040B0B040B040B0B">
    <MapTiles>
      <MapTile TileID="196" AltIDMod="0" />
    </MapTiles>
    <StaticTiles />
  </TransInfo>
  <TransInfo Description="Sand to Forest AC" HashKey="04040B0B040B0B0B0B">
    <MapTiles>
      <MapTile TileID="196" AltIDMod="0" />
    </MapTiles>
    <StaticTiles />
  </TransInfo>
  <TransInfo Description="Sand to Forest AC" HashKey="040B04040404040B04">
    <MapTiles>
      <MapTile TileID="196" AltIDMod="0" />
    </MapTiles>
    <StaticTiles />
  </TransInfo>
  <TransInfo Description="Sand to Forest AC" HashKey="040B040B0404040B04">
    <MapTiles>
      <MapTile TileID="196" AltIDMod="0" />
    </MapTiles>
    <StaticTiles />
  </TransInfo>
  <TransInfo Description="Sand to Forest AC" HashKey="040B040404040B0B04">
    <MapTiles>
      <MapTile TileID="196" AltIDMod="0" />
    </MapTiles>
    <StaticTiles />
  </TransInfo>
  <TransInfo Description="Sand to Forest AC" HashKey="040B040B04040B0B04">
    <MapTiles>
      <MapTile TileID="196" AltIDMod="0" />
    </MapTiles>
    <StaticTiles />
  </TransInfo>
  <TransInfo Description="Sand to Forest AC" HashKey="040B040B040404040B">
    <MapTiles>
      <MapTile TileID="196" AltIDMod="0" />
    </MapTiles>
    <StaticTiles />
  </TransInfo>
  <TransInfo Description="Sand to Forest AC" HashKey="040B040404040B040B">
    <MapTiles>
      <MapTile TileID="196" AltIDMod="0" />
    </MapTiles>
    <StaticTiles />
  </TransInfo>
  <TransInfo Description="Sand to Forest AC" HashKey="040B040B04040B040B">
    <MapTiles>
      <MapTile TileID="196" AltIDMod="0" />
    </MapTiles>
    <StaticTiles />
  </TransInfo>
  <TransInfo Description="Sand to Forest AC" HashKey="040B04040404040B0B">
    <MapTiles>
      <MapTile TileID="196" AltIDMod="0" />
    </MapTiles>
    <StaticTiles />
  </TransInfo>
  <TransInfo Description="Sand to Forest AC" HashKey="040B040B0404040B0B">
    <MapTiles>
      <MapTile TileID="196" AltIDMod="0" />
    </MapTiles>
    <StaticTiles />
  </TransInfo>
  <TransInfo Description="Sand to Forest AC" HashKey="040B040404040B0B0B">
    <MapTiles>
      <MapTile TileID="196" AltIDMod="0" />
    </MapTiles>
    <StaticTiles />
  </TransInfo>
  <TransInfo Description="Sand to Forest AC" HashKey="040B040B04040B0B0B">
    <MapTiles>
      <MapTile TileID="196" AltIDMod="0" />
    </MapTiles>
    <StaticTiles />
  </TransInfo>
  <TransInfo Description="Sand to Forest AC" HashKey="040B040B040B040404">
    <MapTiles>
      <MapTile TileID="196" AltIDMod="0" />
    </MapTiles>
    <StaticTiles />
  </TransInfo>
  <TransInfo Description="Sand to Forest AC" HashKey="040B0404040B0B0404">
    <MapTiles>
      <MapTile TileID="196" AltIDMod="0" />
    </MapTiles>
    <StaticTiles />
  </TransInfo>
  <TransInfo Description="Sand to Forest AC" HashKey="040B040B040B0B0404">
    <MapTiles>
      <MapTile TileID="196" AltIDMod="0" />
    </MapTiles>
    <StaticTiles />
  </TransInfo>
  <TransInfo Description="Sand to Forest AC" HashKey="040B0404040B040B04">
    <MapTiles>
      <MapTile TileID="196" AltIDMod="0" />
    </MapTiles>
    <StaticTiles />
  </TransInfo>
  <TransInfo Description="Sand to Forest AC" HashKey="040B040B040B040B04">
    <MapTiles>
      <MapTile TileID="196" AltIDMod="0" />
    </MapTiles>
    <StaticTiles />
  </TransInfo>
  <TransInfo Description="Sand to Forest AC" HashKey="040B0404040B0B0B04">
    <MapTiles>
      <MapTile TileID="196" AltIDMod="0" />
    </MapTiles>
    <StaticTiles />
  </TransInfo>
  <TransInfo Description="Sand to Forest AC" HashKey="040B040B040B0B0B04">
    <MapTiles>
      <MapTile TileID="196" AltIDMod="0" />
    </MapTiles>
    <StaticTiles />
  </TransInfo>
  <TransInfo Description="Sand to Forest AC" HashKey="040B040B040B04040B">
    <MapTiles>
      <MapTile TileID="196" AltIDMod="0" />
    </MapTiles>
    <StaticTiles />
  </TransInfo>
  <TransInfo Description="Sand to Forest AC" HashKey="040B0404040B0B040B">
    <MapTiles>
      <MapTile TileID="196" AltIDMod="0" />
    </MapTiles>
    <StaticTiles />
  </TransInfo>
  <TransInfo Description="Sand to Forest AC" HashKey="040B040B040B0B040B">
    <MapTiles>
      <MapTile TileID="196" AltIDMod="0" />
    </MapTiles>
    <StaticTiles />
  </TransInfo>
  <TransInfo Description="Sand to Forest AC" HashKey="040B0404040B040B0B">
    <MapTiles>
      <MapTile TileID="196" AltIDMod="0" />
    </MapTiles>
    <StaticTiles />
  </TransInfo>
  <TransInfo Description="Sand to Forest AC" HashKey="040B040B040B040B0B">
    <MapTiles>
      <MapTile TileID="196" AltIDMod="0" />
    </MapTiles>
    <StaticTiles />
  </TransInfo>
  <TransInfo Description="Sand to Forest AC" HashKey="040B0404040B0B0B0B">
    <MapTiles>
      <MapTile TileID="196" AltIDMod="0" />
    </MapTiles>
    <StaticTiles />
  </TransInfo>
  <TransInfo Description="Sand to Forest AC" HashKey="040B040B040B0B0B0B">
    <MapTiles>
      <MapTile TileID="196" AltIDMod="0" />
    </MapTiles>
    <StaticTiles />
  </TransInfo>
  <TransInfo Description="Sand to Forest AC" HashKey="040B0B040404040B04">
    <MapTiles>
      <MapTile TileID="196" AltIDMod="0" />
    </MapTiles>
    <StaticTiles />
  </TransInfo>
  <TransInfo Description="Sand to Forest AC" HashKey="040B0B0B0404040B04">
    <MapTiles>
      <MapTile TileID="196" AltIDMod="0" />
    </MapTiles>
    <StaticTiles />
  </TransInfo>
  <TransInfo Description="Sand to Forest AC" HashKey="040B0B0404040B0B04">
    <MapTiles>
      <MapTile TileID="196" AltIDMod="0" />
    </MapTiles>
    <StaticTiles />
  </TransInfo>
  <TransInfo Description="Sand to Forest AC" HashKey="040B0B0B04040B0B04">
    <MapTiles>
      <MapTile TileID="196" AltIDMod="0" />
    </MapTiles>
    <StaticTiles />
  </TransInfo>
  <TransInfo Description="Sand to Forest AC" HashKey="040B0B0B040404040B">
    <MapTiles>
      <MapTile TileID="196" AltIDMod="0" />
    </MapTiles>
    <StaticTiles />
  </TransInfo>
  <TransInfo Description="Sand to Forest AC" HashKey="040B0B0404040B040B">
    <MapTiles>
      <MapTile TileID="196" AltIDMod="0" />
    </MapTiles>
    <StaticTiles />
  </TransInfo>
  <TransInfo Description="Sand to Forest AC" HashKey="040B0B0B04040B040B">
    <MapTiles>
      <MapTile TileID="196" AltIDMod="0" />
    </MapTiles>
    <StaticTiles />
  </TransInfo>
  <TransInfo Description="Sand to Forest AC" HashKey="040B0B040404040B0B">
    <MapTiles>
      <MapTile TileID="196" AltIDMod="0" />
    </MapTiles>
    <StaticTiles />
  </TransInfo>
  <TransInfo Description="Sand to Forest AC" HashKey="040B0B0B0404040B0B">
    <MapTiles>
      <MapTile TileID="196" AltIDMod="0" />
    </MapTiles>
    <StaticTiles />
  </TransInfo>
  <TransInfo Description="Sand to Forest AC" HashKey="040B0B0404040B0B0B">
    <MapTiles>
      <MapTile TileID="196" AltIDMod="0" />
    </MapTiles>
    <StaticTiles />
  </TransInfo>
  <TransInfo Description="Sand to Forest AC" HashKey="040B0B0B04040B0B0B">
    <MapTiles>
      <MapTile TileID="196" AltIDMod="0" />
    </MapTiles>
    <StaticTiles />
  </TransInfo>
  <TransInfo Description="Sand to Forest AC" HashKey="040B0B0B040B040404">
    <MapTiles>
      <MapTile TileID="196" AltIDMod="0" />
    </MapTiles>
    <StaticTiles />
  </TransInfo>
  <TransInfo Description="Sand to Forest AC" HashKey="040B0B04040B0B0404">
    <MapTiles>
      <MapTile TileID="196" AltIDMod="0" />
    </MapTiles>
    <StaticTiles />
  </TransInfo>
  <TransInfo Description="Sand to Forest AC" HashKey="040B0B0B040B0B0404">
    <MapTiles>
      <MapTile TileID="196" AltIDMod="0" />
    </MapTiles>
    <StaticTiles />
  </TransInfo>
  <TransInfo Description="Sand to Forest AC" HashKey="040B0B04040B040B04">
    <MapTiles>
      <MapTile TileID="196" AltIDMod="0" />
    </MapTiles>
    <StaticTiles />
  </TransInfo>
  <TransInfo Description="Sand to Forest AC" HashKey="040B0B0B040B040B04">
    <MapTiles>
      <MapTile TileID="196" AltIDMod="0" />
    </MapTiles>
    <StaticTiles />
  </TransInfo>
  <TransInfo Description="Sand to Forest AC" HashKey="040B0B04040B0B0B04">
    <MapTiles>
      <MapTile TileID="196" AltIDMod="0" />
    </MapTiles>
    <StaticTiles />
  </TransInfo>
  <TransInfo Description="Sand to Forest AC" HashKey="040B0B0B040B0B0B04">
    <MapTiles>
      <MapTile TileID="196" AltIDMod="0" />
    </MapTiles>
    <StaticTiles />
  </TransInfo>
  <TransInfo Description="Sand to Forest AC" HashKey="040B0B0B040B04040B">
    <MapTiles>
      <MapTile TileID="196" AltIDMod="0" />
    </MapTiles>
    <StaticTiles />
  </TransInfo>
  <TransInfo Description="Sand to Forest AC" HashKey="040B0B04040B0B040B">
    <MapTiles>
      <MapTile TileID="196" AltIDMod="0" />
    </MapTiles>
    <StaticTiles />
  </TransInfo>
  <TransInfo Description="Sand to Forest AC" HashKey="040B0B0B040B0B040B">
    <MapTiles>
      <MapTile TileID="196" AltIDMod="0" />
    </MapTiles>
    <StaticTiles />
  </TransInfo>
  <TransInfo Description="Sand to Forest AC" HashKey="040B0B04040B040B0B">
    <MapTiles>
      <MapTile TileID="196" AltIDMod="0" />
    </MapTiles>
    <StaticTiles />
  </TransInfo>
  <TransInfo Description="Sand to Forest AC" HashKey="040B0B0B040B040B0B">
    <MapTiles>
      <MapTile TileID="196" AltIDMod="0" />
    </MapTiles>
    <StaticTiles />
  </TransInfo>
  <TransInfo Description="Sand to Forest AC" HashKey="040B0B04040B0B0B0B">
    <MapTiles>
      <MapTile TileID="196" AltIDMod="0" />
    </MapTiles>
    <StaticTiles />
  </TransInfo>
  <TransInfo Description="Sand to Forest AC" HashKey="040B0B0B040B0B0B0B">
    <MapTiles>
      <MapTile TileID="196" AltIDMod="0" />
    </MapTiles>
    <StaticTiles />
  </TransInfo>
  <TransInfo Description="Sand to Forest AC" HashKey="0B04040B040B040404">
    <MapTiles>
      <MapTile TileID="196" AltIDMod="0" />
    </MapTiles>
    <StaticTiles />
  </TransInfo>
  <TransInfo Description="Sand to Forest AC" HashKey="0B040404040B0B0404">
    <MapTiles>
      <MapTile TileID="196" AltIDMod="0" />
    </MapTiles>
    <StaticTiles />
  </TransInfo>
  <TransInfo Description="Sand to Forest AC" HashKey="0B04040B040B0B0404">
    <MapTiles>
      <MapTile TileID="196" AltIDMod="0" />
    </MapTiles>
    <StaticTiles />
  </TransInfo>
  <TransInfo Description="Sand to Forest AC" HashKey="0B040404040B040B04">
    <MapTiles>
      <MapTile TileID="196" AltIDMod="0" />
    </MapTiles>
    <StaticTiles />
  </TransInfo>
  <TransInfo Description="Sand to Forest AC" HashKey="0B04040B040B040B04">
    <MapTiles>
      <MapTile TileID="196" AltIDMod="0" />
    </MapTiles>
    <StaticTiles />
  </TransInfo>
  <TransInfo Description="Sand to Forest AC" HashKey="0B040404040B0B0B04">
    <MapTiles>
      <MapTile TileID="196" AltIDMod="0" />
    </MapTiles>
    <StaticTiles />
  </TransInfo>
  <TransInfo Description="Sand to Forest AC" HashKey="0B04040B040B0B0B04">
    <MapTiles>
      <MapTile TileID="196" AltIDMod="0" />
    </MapTiles>
    <StaticTiles />
  </TransInfo>
  <TransInfo Description="Sand to Forest AC" HashKey="0B04040B040B04040B">
    <MapTiles>
      <MapTile TileID="196" AltIDMod="0" />
    </MapTiles>
    <StaticTiles />
  </TransInfo>
  <TransInfo Description="Sand to Forest AC" HashKey="0B040404040B0B040B">
    <MapTiles>
      <MapTile TileID="196" AltIDMod="0" />
    </MapTiles>
    <StaticTiles />
  </TransInfo>
  <TransInfo Description="Sand to Forest AC" HashKey="0B04040B040B0B040B">
    <MapTiles>
      <MapTile TileID="196" AltIDMod="0" />
    </MapTiles>
    <StaticTiles />
  </TransInfo>
  <TransInfo Description="Sand to Forest AC" HashKey="0B040404040B040B0B">
    <MapTiles>
      <MapTile TileID="196" AltIDMod="0" />
    </MapTiles>
    <StaticTiles />
  </TransInfo>
  <TransInfo Description="Sand to Forest AC" HashKey="0B04040B040B040B0B">
    <MapTiles>
      <MapTile TileID="196" AltIDMod="0" />
    </MapTiles>
    <StaticTiles />
  </TransInfo>
  <TransInfo Description="Sand to Forest AC" HashKey="0B040404040B0B0B0B">
    <MapTiles>
      <MapTile TileID="196" AltIDMod="0" />
    </MapTiles>
    <StaticTiles />
  </TransInfo>
  <TransInfo Description="Sand to Forest AC" HashKey="0B04040B040B0B0B0B">
    <MapTiles>
      <MapTile TileID="196" AltIDMod="0" />
    </MapTiles>
    <StaticTiles />
  </TransInfo>
  <TransInfo Description="Sand to Forest AC" HashKey="0B040B040404040B04">
    <MapTiles>
      <MapTile TileID="196" AltIDMod="0" />
    </MapTiles>
    <StaticTiles />
  </TransInfo>
  <TransInfo Description="Sand to Forest AC" HashKey="0B040B0B0404040B04">
    <MapTiles>
      <MapTile TileID="196" AltIDMod="0" />
    </MapTiles>
    <StaticTiles />
  </TransInfo>
  <TransInfo Description="Sand to Forest AC" HashKey="0B040B0404040B0B04">
    <MapTiles>
      <MapTile TileID="196" AltIDMod="0" />
    </MapTiles>
    <StaticTiles />
  </TransInfo>
  <TransInfo Description="Sand to Forest AC" HashKey="0B040B0B04040B0B04">
    <MapTiles>
      <MapTile TileID="196" AltIDMod="0" />
    </MapTiles>
    <StaticTiles />
  </TransInfo>
  <TransInfo Description="Sand to Forest AC" HashKey="0B040B0B040404040B">
    <MapTiles>
      <MapTile TileID="196" AltIDMod="0" />
    </MapTiles>
    <StaticTiles />
  </TransInfo>
  <TransInfo Description="Sand to Forest AC" HashKey="0B040B0404040B040B">
    <MapTiles>
      <MapTile TileID="196" AltIDMod="0" />
    </MapTiles>
    <StaticTiles />
  </TransInfo>
  <TransInfo Description="Sand to Forest AC" HashKey="0B040B0B04040B040B">
    <MapTiles>
      <MapTile TileID="196" AltIDMod="0" />
    </MapTiles>
    <StaticTiles />
  </TransInfo>
  <TransInfo Description="Sand to Forest AC" HashKey="0B040B040404040B0B">
    <MapTiles>
      <MapTile TileID="196" AltIDMod="0" />
    </MapTiles>
    <StaticTiles />
  </TransInfo>
  <TransInfo Description="Sand to Forest AC" HashKey="0B040B0B0404040B0B">
    <MapTiles>
      <MapTile TileID="196" AltIDMod="0" />
    </MapTiles>
    <StaticTiles />
  </TransInfo>
  <TransInfo Description="Sand to Forest AC" HashKey="0B040B0404040B0B0B">
    <MapTiles>
      <MapTile TileID="196" AltIDMod="0" />
    </MapTiles>
    <StaticTiles />
  </TransInfo>
  <TransInfo Description="Sand to Forest AC" HashKey="0B040B0B04040B0B0B">
    <MapTiles>
      <MapTile TileID="196" AltIDMod="0" />
    </MapTiles>
    <StaticTiles />
  </TransInfo>
  <TransInfo Description="Sand to Forest AC" HashKey="0B040B0B040B040404">
    <MapTiles>
      <MapTile TileID="196" AltIDMod="0" />
    </MapTiles>
    <StaticTiles />
  </TransInfo>
  <TransInfo Description="Sand to Forest AC" HashKey="0B040B04040B0B0404">
    <MapTiles>
      <MapTile TileID="196" AltIDMod="0" />
    </MapTiles>
    <StaticTiles />
  </TransInfo>
  <TransInfo Description="Sand to Forest AC" HashKey="0B040B0B040B0B0404">
    <MapTiles>
      <MapTile TileID="196" AltIDMod="0" />
    </MapTiles>
    <StaticTiles />
  </TransInfo>
  <TransInfo Description="Sand to Forest AC" HashKey="0B040B04040B040B04">
    <MapTiles>
      <MapTile TileID="196" AltIDMod="0" />
    </MapTiles>
    <StaticTiles />
  </TransInfo>
  <TransInfo Description="Sand to Forest AC" HashKey="0B040B0B040B040B04">
    <MapTiles>
      <MapTile TileID="196" AltIDMod="0" />
    </MapTiles>
    <StaticTiles />
  </TransInfo>
  <TransInfo Description="Sand to Forest AC" HashKey="0B040B04040B0B0B04">
    <MapTiles>
      <MapTile TileID="196" AltIDMod="0" />
    </MapTiles>
    <StaticTiles />
  </TransInfo>
  <TransInfo Description="Sand to Forest AC" HashKey="0B040B0B040B0B0B04">
    <MapTiles>
      <MapTile TileID="196" AltIDMod="0" />
    </MapTiles>
    <StaticTiles />
  </TransInfo>
  <TransInfo Description="Sand to Forest AC" HashKey="0B040B0B040B04040B">
    <MapTiles>
      <MapTile TileID="196" AltIDMod="0" />
    </MapTiles>
    <StaticTiles />
  </TransInfo>
  <TransInfo Description="Sand to Forest AC" HashKey="0B040B04040B0B040B">
    <MapTiles>
      <MapTile TileID="196" AltIDMod="0" />
    </MapTiles>
    <StaticTiles />
  </TransInfo>
  <TransInfo Description="Sand to Forest AC" HashKey="0B040B0B040B0B040B">
    <MapTiles>
      <MapTile TileID="196" AltIDMod="0" />
    </MapTiles>
    <StaticTiles />
  </TransInfo>
  <TransInfo Description="Sand to Forest AC" HashKey="0B040B04040B040B0B">
    <MapTiles>
      <MapTile TileID="196" AltIDMod="0" />
    </MapTiles>
    <StaticTiles />
  </TransInfo>
  <TransInfo Description="Sand to Forest AC" HashKey="0B040B0B040B040B0B">
    <MapTiles>
      <MapTile TileID="196" AltIDMod="0" />
    </MapTiles>
    <StaticTiles />
  </TransInfo>
  <TransInfo Description="Sand to Forest AC" HashKey="0B040B04040B0B0B0B">
    <MapTiles>
      <MapTile TileID="196" AltIDMod="0" />
    </MapTiles>
    <StaticTiles />
  </TransInfo>
  <TransInfo Description="Sand to Forest AC" HashKey="0B040B0B040B0B0B0B">
    <MapTiles>
      <MapTile TileID="196" AltIDMod="0" />
    </MapTiles>
    <StaticTiles />
  </TransInfo>
  <TransInfo Description="Sand to Forest AC" HashKey="0B0B04040404040B04">
    <MapTiles>
      <MapTile TileID="196" AltIDMod="0" />
    </MapTiles>
    <StaticTiles />
  </TransInfo>
  <TransInfo Description="Sand to Forest AC" HashKey="0B0B040B0404040B04">
    <MapTiles>
      <MapTile TileID="196" AltIDMod="0" />
    </MapTiles>
    <StaticTiles />
  </TransInfo>
  <TransInfo Description="Sand to Forest AC" HashKey="0B0B040404040B0B04">
    <MapTiles>
      <MapTile TileID="196" AltIDMod="0" />
    </MapTiles>
    <StaticTiles />
  </TransInfo>
  <TransInfo Description="Sand to Forest AC" HashKey="0B0B040B04040B0B04">
    <MapTiles>
      <MapTile TileID="196" AltIDMod="0" />
    </MapTiles>
    <StaticTiles />
  </TransInfo>
  <TransInfo Description="Sand to Forest AC" HashKey="0B0B040B040404040B">
    <MapTiles>
      <MapTile TileID="196" AltIDMod="0" />
    </MapTiles>
    <StaticTiles />
  </TransInfo>
  <TransInfo Description="Sand to Forest AC" HashKey="0B0B040404040B040B">
    <MapTiles>
      <MapTile TileID="196" AltIDMod="0" />
    </MapTiles>
    <StaticTiles />
  </TransInfo>
  <TransInfo Description="Sand to Forest AC" HashKey="0B0B040B04040B040B">
    <MapTiles>
      <MapTile TileID="196" AltIDMod="0" />
    </MapTiles>
    <StaticTiles />
  </TransInfo>
  <TransInfo Description="Sand to Forest AC" HashKey="0B0B04040404040B0B">
    <MapTiles>
      <MapTile TileID="196" AltIDMod="0" />
    </MapTiles>
    <StaticTiles />
  </TransInfo>
  <TransInfo Description="Sand to Forest AC" HashKey="0B0B040B0404040B0B">
    <MapTiles>
      <MapTile TileID="196" AltIDMod="0" />
    </MapTiles>
    <StaticTiles />
  </TransInfo>
  <TransInfo Description="Sand to Forest AC" HashKey="0B0B040404040B0B0B">
    <MapTiles>
      <MapTile TileID="196" AltIDMod="0" />
    </MapTiles>
    <StaticTiles />
  </TransInfo>
  <TransInfo Description="Sand to Forest AC" HashKey="0B0B040B04040B0B0B">
    <MapTiles>
      <MapTile TileID="196" AltIDMod="0" />
    </MapTiles>
    <StaticTiles />
  </TransInfo>
  <TransInfo Description="Sand to Forest AC" HashKey="0B0B040B040B040404">
    <MapTiles>
      <MapTile TileID="196" AltIDMod="0" />
    </MapTiles>
    <StaticTiles />
  </TransInfo>
  <TransInfo Description="Sand to Forest AC" HashKey="0B0B0404040B0B0404">
    <MapTiles>
      <MapTile TileID="196" AltIDMod="0" />
    </MapTiles>
    <StaticTiles />
  </TransInfo>
  <TransInfo Description="Sand to Forest AC" HashKey="0B0B040B040B0B0404">
    <MapTiles>
      <MapTile TileID="196" AltIDMod="0" />
    </MapTiles>
    <StaticTiles />
  </TransInfo>
  <TransInfo Description="Sand to Forest AC" HashKey="0B0B0404040B040B04">
    <MapTiles>
      <MapTile TileID="196" AltIDMod="0" />
    </MapTiles>
    <StaticTiles />
  </TransInfo>
  <TransInfo Description="Sand to Forest AC" HashKey="0B0B040B040B040B04">
    <MapTiles>
      <MapTile TileID="196" AltIDMod="0" />
    </MapTiles>
    <StaticTiles />
  </TransInfo>
  <TransInfo Description="Sand to Forest AC" HashKey="0B0B0404040B0B0B04">
    <MapTiles>
      <MapTile TileID="196" AltIDMod="0" />
    </MapTiles>
    <StaticTiles />
  </TransInfo>
  <TransInfo Description="Sand to Forest AC" HashKey="0B0B040B040B0B0B04">
    <MapTiles>
      <MapTile TileID="196" AltIDMod="0" />
    </MapTiles>
    <StaticTiles />
  </TransInfo>
  <TransInfo Description="Sand to Forest AC" HashKey="0B0B040B040B04040B">
    <MapTiles>
      <MapTile TileID="196" AltIDMod="0" />
    </MapTiles>
    <StaticTiles />
  </TransInfo>
  <TransInfo Description="Sand to Forest AC" HashKey="0B0B0404040B0B040B">
    <MapTiles>
      <MapTile TileID="196" AltIDMod="0" />
    </MapTiles>
    <StaticTiles />
  </TransInfo>
  <TransInfo Description="Sand to Forest AC" HashKey="0B0B040B040B0B040B">
    <MapTiles>
      <MapTile TileID="196" AltIDMod="0" />
    </MapTiles>
    <StaticTiles />
  </TransInfo>
  <TransInfo Description="Sand to Forest AC" HashKey="0B0B0404040B040B0B">
    <MapTiles>
      <MapTile TileID="196" AltIDMod="0" />
    </MapTiles>
    <StaticTiles />
  </TransInfo>
  <TransInfo Description="Sand to Forest AC" HashKey="0B0B040B040B040B0B">
    <MapTiles>
      <MapTile TileID="196" AltIDMod="0" />
    </MapTiles>
    <StaticTiles />
  </TransInfo>
  <TransInfo Description="Sand to Forest AC" HashKey="0B0B0404040B0B0B0B">
    <MapTiles>
      <MapTile TileID="196" AltIDMod="0" />
    </MapTiles>
    <StaticTiles />
  </TransInfo>
  <TransInfo Description="Sand to Forest AC" HashKey="0B0B040B040B0B0B0B">
    <MapTiles>
      <MapTile TileID="196" AltIDMod="0" />
    </MapTiles>
    <StaticTiles />
  </TransInfo>
  <TransInfo Description="Sand to Forest AC" HashKey="0B0B0B040404040B04">
    <MapTiles>
      <MapTile TileID="196" AltIDMod="0" />
    </MapTiles>
    <StaticTiles />
  </TransInfo>
  <TransInfo Description="Sand to Forest AC" HashKey="0B0B0B0B0404040B04">
    <MapTiles>
      <MapTile TileID="196" AltIDMod="0" />
    </MapTiles>
    <StaticTiles />
  </TransInfo>
  <TransInfo Description="Sand to Forest AC" HashKey="0B0B0B0404040B0B04">
    <MapTiles>
      <MapTile TileID="196" AltIDMod="0" />
    </MapTiles>
    <StaticTiles />
  </TransInfo>
  <TransInfo Description="Sand to Forest AC" HashKey="0B0B0B0B04040B0B04">
    <MapTiles>
      <MapTile TileID="196" AltIDMod="0" />
    </MapTiles>
    <StaticTiles />
  </TransInfo>
  <TransInfo Description="Sand to Forest AC" HashKey="0B0B0B0B040404040B">
    <MapTiles>
      <MapTile TileID="196" AltIDMod="0" />
    </MapTiles>
    <StaticTiles />
  </TransInfo>
  <TransInfo Description="Sand to Forest AC" HashKey="0B0B0B0404040B040B">
    <MapTiles>
      <MapTile TileID="196" AltIDMod="0" />
    </MapTiles>
    <StaticTiles />
  </TransInfo>
  <TransInfo Description="Sand to Forest AC" HashKey="0B0B0B0B04040B040B">
    <MapTiles>
      <MapTile TileID="196" AltIDMod="0" />
    </MapTiles>
    <StaticTiles />
  </TransInfo>
  <TransInfo Description="Sand to Forest AC" HashKey="0B0B0B040404040B0B">
    <MapTiles>
      <MapTile TileID="196" AltIDMod="0" />
    </MapTiles>
    <StaticTiles />
  </TransInfo>
  <TransInfo Description="Sand to Forest AC" HashKey="0B0B0B0B0404040B0B">
    <MapTiles>
      <MapTile TileID="196" AltIDMod="0" />
    </MapTiles>
    <StaticTiles />
  </TransInfo>
  <TransInfo Description="Sand to Forest AC" HashKey="0B0B0B0404040B0B0B">
    <MapTiles>
      <MapTile TileID="196" AltIDMod="0" />
    </MapTiles>
    <StaticTiles />
  </TransInfo>
  <TransInfo Description="Sand to Forest AC" HashKey="0B0B0B0B04040B0B0B">
    <MapTiles>
      <MapTile TileID="196" AltIDMod="0" />
    </MapTiles>
    <StaticTiles />
  </TransInfo>
  <TransInfo Description="Sand to Forest AC" HashKey="0B0B0B0B040B040404">
    <MapTiles>
      <MapTile TileID="196" AltIDMod="0" />
    </MapTiles>
    <StaticTiles />
  </TransInfo>
  <TransInfo Description="Sand to Forest AC" HashKey="0B0B0B04040B0B0404">
    <MapTiles>
      <MapTile TileID="196" AltIDMod="0" />
    </MapTiles>
    <StaticTiles />
  </TransInfo>
  <TransInfo Description="Sand to Forest AC" HashKey="0B0B0B0B040B0B0404">
    <MapTiles>
      <MapTile TileID="196" AltIDMod="0" />
    </MapTiles>
    <StaticTiles />
  </TransInfo>
  <TransInfo Description="Sand to Forest AC" HashKey="0B0B0B04040B040B04">
    <MapTiles>
      <MapTile TileID="196" AltIDMod="0" />
    </MapTiles>
    <StaticTiles />
  </TransInfo>
  <TransInfo Description="Sand to Forest AC" HashKey="0B0B0B0B040B040B04">
    <MapTiles>
      <MapTile TileID="196" AltIDMod="0" />
    </MapTiles>
    <StaticTiles />
  </TransInfo>
  <TransInfo Description="Sand to Forest AC" HashKey="0B0B0B04040B0B0B04">
    <MapTiles>
      <MapTile TileID="196" AltIDMod="0" />
    </MapTiles>
    <StaticTiles />
  </TransInfo>
  <TransInfo Description="Sand to Forest AC" HashKey="0B0B0B0B040B0B0B04">
    <MapTiles>
      <MapTile TileID="196" AltIDMod="0" />
    </MapTiles>
    <StaticTiles />
  </TransInfo>
  <TransInfo Description="Sand to Forest AC" HashKey="0B0B0B0B040B04040B">
    <MapTiles>
      <MapTile TileID="196" AltIDMod="0" />
    </MapTiles>
    <StaticTiles />
  </TransInfo>
  <TransInfo Description="Sand to Forest AC" HashKey="0B0B0B04040B0B040B">
    <MapTiles>
      <MapTile TileID="196" AltIDMod="0" />
    </MapTiles>
    <StaticTiles />
  </TransInfo>
  <TransInfo Description="Sand to Forest AC" HashKey="0B0B0B0B040B0B040B">
    <MapTiles>
      <MapTile TileID="196" AltIDMod="0" />
    </MapTiles>
    <StaticTiles />
  </TransInfo>
  <TransInfo Description="Sand to Forest AC" HashKey="0B0B0B04040B040B0B">
    <MapTiles>
      <MapTile TileID="196" AltIDMod="0" />
    </MapTiles>
    <StaticTiles />
  </TransInfo>
  <TransInfo Description="Sand to Forest AC" HashKey="0B0B0B0B040B040B0B">
    <MapTiles>
      <MapTile TileID="196" AltIDMod="0" />
    </MapTiles>
    <StaticTiles />
  </TransInfo>
  <TransInfo Description="Sand to Forest AC" HashKey="0B0B0B04040B0B0B0B">
    <MapTiles>
      <MapTile TileID="196" AltIDMod="0" />
    </MapTiles>
    <StaticTiles />
  </TransInfo>
  <TransInfo Description="Sand to Forest AC" HashKey="0B0B0B0B040B0B0B0B">
    <MapTiles>
      <MapTile TileID="196" AltIDMod="0" />
    </MapTiles>
    <StaticTiles />
  </TransInfo>
  <TransInfo Description="Sand to Forest IWE" HashKey="0B040404040404040B">
    <MapTiles>
      <MapTile TileID="22" AltIDMod="0" />
    </MapTiles>
    <StaticTiles />
  </TransInfo>
  <TransInfo Description="Sand to Forest INS" HashKey="04040B0404040B0404">
    <MapTiles>
      <MapTile TileID="22" AltIDMod="0" />
    </MapTiles>
    <StaticTiles />
  </TransInfo>
</Trans>