﻿<?xml version="1.0" encoding="utf-8"?>
<Trans>
    <TransInfo Description="Sand to Brown Brick(EW) SN" HashKey="242424040404040404">
    <MapTiles>
      <MapTile TileID="1180" AltIDMod="0" />
    </MapTiles>
    <StaticTiles />
  </TransInfo>
  <TransInfo Description="Sand to Brown Brick(EW) SN" HashKey="042424040404040404">
    <MapTiles>
      <MapTile TileID="1180" AltIDMod="0" />
    </MapTiles>
    <StaticTiles />
  </TransInfo>
  <TransInfo Description="Sand to Brown Brick(EW) SN" HashKey="242404040404040404">
    <MapTiles>
      <MapTile TileID="1180" AltIDMod="0" />
    </MapTiles>
    <StaticTiles />
  </TransInfo>
  <TransInfo Description="Sand to Brown Brick(EW) SN" HashKey="042404040404040404">
    <MapTiles>
      <MapTile TileID="1180" AltIDMod="0" />
    </MapTiles>
    <StaticTiles />
  </TransInfo>
  <TransInfo Description="Sand to Brown Brick(EW) SN" HashKey="240424040404040404">
    <MapTiles>
      <MapTile TileID="1180" AltIDMod="0" />
    </MapTiles>
    <StaticTiles />
  </TransInfo>
  <TransInfo Description="Sand to Brown Brick(EW) EW" HashKey="240404240404240404">
    <MapTiles>
      <MapTile TileID="1181" AltIDMod="0" />
    </MapTiles>
    <StaticTiles />
  </TransInfo>
  <TransInfo Description="Sand to Brown Brick(EW) EW" HashKey="240404240404040404">
    <MapTiles>
      <MapTile TileID="1181" AltIDMod="0" />
    </MapTiles>
    <StaticTiles />
  </TransInfo>
  <TransInfo Description="Sand to Brown Brick(EW) EW" HashKey="040404240404240404">
    <MapTiles>
      <MapTile TileID="1181" AltIDMod="0" />
    </MapTiles>
    <StaticTiles />
  </TransInfo>
  <TransInfo Description="Sand to Brown Brick(EW) EW" HashKey="040404240404040404">
    <MapTiles>
      <MapTile TileID="1181" AltIDMod="0" />
    </MapTiles>
    <StaticTiles />
  </TransInfo>
  <TransInfo Description="Sand to Brown Brick(EW) EW" HashKey="240404040404240404">
    <MapTiles>
      <MapTile TileID="1181" AltIDMod="0" />
    </MapTiles>
    <StaticTiles />
  </TransInfo>
  <TransInfo Description="Sand to Brown Brick(EW) WE" HashKey="040424040424040424">
    <MapTiles>
      <MapTile TileID="1179" AltIDMod="0" />
    </MapTiles>
    <StaticTiles />
  </TransInfo>
  <TransInfo Description="Sand to Brown Brick(EW) WE" HashKey="040404040424040424">
    <MapTiles>
      <MapTile TileID="1179" AltIDMod="0" />
    </MapTiles>
    <StaticTiles />
  </TransInfo>
  <TransInfo Description="Sand to Brown Brick(EW) WE" HashKey="040424040424040404">
    <MapTiles>
      <MapTile TileID="1179" AltIDMod="0" />
    </MapTiles>
    <StaticTiles />
  </TransInfo>
  <TransInfo Description="Sand to Brown Brick(EW) WE" HashKey="040404040424040404">
    <MapTiles>
      <MapTile TileID="1179" AltIDMod="0" />
    </MapTiles>
    <StaticTiles />
  </TransInfo>
  <TransInfo Description="Sand to Brown Brick(EW) WE" HashKey="040424040404040424">
    <MapTiles>
      <MapTile TileID="1179" AltIDMod="0" />
    </MapTiles>
    <StaticTiles />
  </TransInfo>
  <TransInfo Description="Sand to Brown Brick(EW) NS" HashKey="040404040404242424">
    <MapTiles>
      <MapTile TileID="1182" AltIDMod="0" />
    </MapTiles>
    <StaticTiles />
  </TransInfo>
  <TransInfo Description="Sand to Brown Brick(EW) NS" HashKey="040404040404242404">
    <MapTiles>
      <MapTile TileID="1182" AltIDMod="0" />
    </MapTiles>
    <StaticTiles />
  </TransInfo>
  <TransInfo Description="Sand to Brown Brick(EW) NS" HashKey="040404040404042424">
    <MapTiles>
      <MapTile TileID="1182" AltIDMod="0" />
    </MapTiles>
    <StaticTiles />
  </TransInfo>
  <TransInfo Description="Sand to Brown Brick(EW) NS" HashKey="040404040404042404">
    <MapTiles>
      <MapTile TileID="1182" AltIDMod="0" />
    </MapTiles>
    <StaticTiles />
  </TransInfo>
  <TransInfo Description="Sand to Brown Brick(EW) NS" HashKey="040404040404240424">
    <MapTiles>
      <MapTile TileID="1182" AltIDMod="0" />
    </MapTiles>
    <StaticTiles />
  </TransInfo>
  <TransInfo Description="Sand to Brown Brick(EW) NWA" HashKey="040424040424242424">
    <MapTiles>
      <MapTile TileID="1307" AltIDMod="0" />
    </MapTiles>
    <StaticTiles />
  </TransInfo>
  <TransInfo Description="Sand to Brown Brick(EW) NWA" HashKey="040404040424242424">
    <MapTiles>
      <MapTile TileID="1307" AltIDMod="0" />
    </MapTiles>
    <StaticTiles />
  </TransInfo>
  <TransInfo Description="Sand to Brown Brick(EW) NWA" HashKey="040424040424042424">
    <MapTiles>
      <MapTile TileID="1307" AltIDMod="0" />
    </MapTiles>
    <StaticTiles />
  </TransInfo>
  <TransInfo Description="Sand to Brown Brick(EW) NWA" HashKey="040404040424042424">
    <MapTiles>
      <MapTile TileID="1307" AltIDMod="0" />
    </MapTiles>
    <StaticTiles />
  </TransInfo>
  <TransInfo Description="Sand to Brown Brick(EW) NWA" HashKey="040404040424042404">
    <MapTiles>
      <MapTile TileID="1307" AltIDMod="0" />
    </MapTiles>
    <StaticTiles />
  </TransInfo>
  <TransInfo Description="Sand to Brown Brick(EW) NWA" HashKey="040424040404042424">
    <MapTiles>
      <MapTile TileID="1307" AltIDMod="0" />
    </MapTiles>
    <StaticTiles />
  </TransInfo>
  <TransInfo Description="Sand to Brown Brick(EW) NWA" HashKey="040424040404242424">
    <MapTiles>
      <MapTile TileID="1307" AltIDMod="0" />
    </MapTiles>
    <StaticTiles />
  </TransInfo>
  <TransInfo Description="Sand to Brown Brick(EW) NWA" HashKey="040424040404242404">
    <MapTiles>
      <MapTile TileID="1307" AltIDMod="0" />
    </MapTiles>
    <StaticTiles />
  </TransInfo>
  <TransInfo Description="Sand to Brown Brick(EW) NWA" HashKey="040404040424240424">
    <MapTiles>
      <MapTile TileID="1307" AltIDMod="0" />
    </MapTiles>
    <StaticTiles />
  </TransInfo>
  <TransInfo Description="Sand to Brown Brick(EW) NWA" HashKey="040424040424240424">
    <MapTiles>
      <MapTile TileID="1307" AltIDMod="0" />
    </MapTiles>
    <StaticTiles />
  </TransInfo>
  <TransInfo Description="Sand to Brown Brick(EW) NWA" HashKey="040424040424242404">
    <MapTiles>
      <MapTile TileID="1307" AltIDMod="0" />
    </MapTiles>
    <StaticTiles />
  </TransInfo>
  <TransInfo Description="Sand to Brown Brick(EW) NWA" HashKey="040424040424240404">
    <MapTiles>
      <MapTile TileID="1307" AltIDMod="0" />
    </MapTiles>
    <StaticTiles />
  </TransInfo>
  <TransInfo Description="Sand to Brown Brick(EW) NWA" HashKey="040424040404042404">
    <MapTiles>
      <MapTile TileID="1307" AltIDMod="0" />
    </MapTiles>
    <StaticTiles />
  </TransInfo>
  <TransInfo Description="Sand to Brown Brick(EW) NWA" HashKey="040404040424240404">
    <MapTiles>
      <MapTile TileID="1307" AltIDMod="0" />
    </MapTiles>
    <StaticTiles />
  </TransInfo>
  <TransInfo Description="Sand to Brown Brick(EW) NWA" HashKey="040424040424042404">
    <MapTiles>
      <MapTile TileID="1307" AltIDMod="0" />
    </MapTiles>
    <StaticTiles />
  </TransInfo>
  <TransInfo Description="Sand to Brown Brick(EW) NWA" HashKey="040424040404240424">
    <MapTiles>
      <MapTile TileID="1307" AltIDMod="0" />
    </MapTiles>
    <StaticTiles />
  </TransInfo>
  <TransInfo Description="Sand to Brown Brick(EW) NWA" HashKey="040404040424242404">
    <MapTiles>
      <MapTile TileID="1307" AltIDMod="0" />
    </MapTiles>
    <StaticTiles />
  </TransInfo>
  <TransInfo Description="Sand to Brown Brick(EW) SEA" HashKey="242424240404240404">
    <MapTiles>
      <MapTile TileID="1308" AltIDMod="0" />
    </MapTiles>
    <StaticTiles />
  </TransInfo>
  <TransInfo Description="Sand to Brown Brick(EW) SEA" HashKey="242404240404240404">
    <MapTiles>
      <MapTile TileID="1308" AltIDMod="0" />
    </MapTiles>
    <StaticTiles />
  </TransInfo>
  <TransInfo Description="Sand to Brown Brick(EW) SEA" HashKey="242424240404040404">
    <MapTiles>
      <MapTile TileID="1308" AltIDMod="0" />
    </MapTiles>
    <StaticTiles />
  </TransInfo>
  <TransInfo Description="Sand to Brown Brick(EW) SEA" HashKey="242404240404040404">
    <MapTiles>
      <MapTile TileID="1308" AltIDMod="0" />
    </MapTiles>
    <StaticTiles />
  </TransInfo>
  <TransInfo Description="Sand to Brown Brick(EW) SEA" HashKey="240424240404040404">
    <MapTiles>
      <MapTile TileID="1308" AltIDMod="0" />
    </MapTiles>
    <StaticTiles />
  </TransInfo>
  <TransInfo Description="Sand to Brown Brick(EW) SEA" HashKey="242404040404240404">
    <MapTiles>
      <MapTile TileID="1308" AltIDMod="0" />
    </MapTiles>
    <StaticTiles />
  </TransInfo>
  <TransInfo Description="Sand to Brown Brick(EW) SEA" HashKey="042424040404240404">
    <MapTiles>
      <MapTile TileID="1308" AltIDMod="0" />
    </MapTiles>
    <StaticTiles />
  </TransInfo>
  <TransInfo Description="Sand to Brown Brick(EW) SEA" HashKey="240424040404240404">
    <MapTiles>
      <MapTile TileID="1308" AltIDMod="0" />
    </MapTiles>
    <StaticTiles />
  </TransInfo>
  <TransInfo Description="Sand to Brown Brick(EW) SEA" HashKey="242424040404240404">
    <MapTiles>
      <MapTile TileID="1308" AltIDMod="0" />
    </MapTiles>
    <StaticTiles />
  </TransInfo>
  <TransInfo Description="Sand to Brown Brick(EW) SEA" HashKey="042404240404040404">
    <MapTiles>
      <MapTile TileID="1308" AltIDMod="0" />
    </MapTiles>
    <StaticTiles />
  </TransInfo>
  <TransInfo Description="Sand to Brown Brick(EW) SEA" HashKey="240424240404240404">
    <MapTiles>
      <MapTile TileID="1308" AltIDMod="0" />
    </MapTiles>
    <StaticTiles />
  </TransInfo>
  <TransInfo Description="Sand to Brown Brick(EW) SEA" HashKey="040424240404240404">
    <MapTiles>
      <MapTile TileID="1308" AltIDMod="0" />
    </MapTiles>
    <StaticTiles />
  </TransInfo>
  <TransInfo Description="Sand to Brown Brick(EW) SEA" HashKey="042424240404240404">
    <MapTiles>
      <MapTile TileID="1308" AltIDMod="0" />
    </MapTiles>
    <StaticTiles />
  </TransInfo>
  <TransInfo Description="Sand to Brown Brick(EW) SEA" HashKey="040424240404040404">
    <MapTiles>
      <MapTile TileID="1308" AltIDMod="0" />
    </MapTiles>
    <StaticTiles />
  </TransInfo>
  <TransInfo Description="Sand to Brown Brick(EW) SEA" HashKey="042404240404240404">
    <MapTiles>
      <MapTile TileID="1308" AltIDMod="0" />
    </MapTiles>
    <StaticTiles />
  </TransInfo>
  <TransInfo Description="Sand to Brown Brick(EW) SEA" HashKey="042404040404240404">
    <MapTiles>
      <MapTile TileID="1308" AltIDMod="0" />
    </MapTiles>
    <StaticTiles />
  </TransInfo>
  <TransInfo Description="Sand to Brown Brick(EW) SEA" HashKey="042424240404040404">
    <MapTiles>
      <MapTile TileID="1308" AltIDMod="0" />
    </MapTiles>
    <StaticTiles />
  </TransInfo>
  <TransInfo Description="Sand to Brown Brick(EW) NEA" HashKey="240404240404242424">
    <MapTiles>
      <MapTile TileID="1186" AltIDMod="0" />
    </MapTiles>
    <StaticTiles />
  </TransInfo>
  <TransInfo Description="Sand to Brown Brick(EW) NEA" HashKey="040404240404242424">
    <MapTiles>
      <MapTile TileID="1186" AltIDMod="0" />
    </MapTiles>
    <StaticTiles />
  </TransInfo>
  <TransInfo Description="Sand to Brown Brick(EW) NEA" HashKey="240404240404242404">
    <MapTiles>
      <MapTile TileID="1186" AltIDMod="0" />
    </MapTiles>
    <StaticTiles />
  </TransInfo>
  <TransInfo Description="Sand to Brown Brick(EW) NEA" HashKey="040404240404242404">
    <MapTiles>
      <MapTile TileID="1186" AltIDMod="0" />
    </MapTiles>
    <StaticTiles />
  </TransInfo>
  <TransInfo Description="Sand to Brown Brick(EW) NEA" HashKey="040404240404042404">
    <MapTiles>
      <MapTile TileID="1186" AltIDMod="0" />
    </MapTiles>
    <StaticTiles />
  </TransInfo>
  <TransInfo Description="Sand to Brown Brick(EW) NEA" HashKey="240404240404040424">
    <MapTiles>
      <MapTile TileID="1186" AltIDMod="0" />
    </MapTiles>
    <StaticTiles />
  </TransInfo>
  <TransInfo Description="Sand to Brown Brick(EW) NEA" HashKey="240404040404242424">
    <MapTiles>
      <MapTile TileID="1186" AltIDMod="0" />
    </MapTiles>
    <StaticTiles />
  </TransInfo>
  <TransInfo Description="Sand to Brown Brick(EW) NEA" HashKey="240404040404242404">
    <MapTiles>
      <MapTile TileID="1186" AltIDMod="0" />
    </MapTiles>
    <StaticTiles />
  </TransInfo>
  <TransInfo Description="Sand to Brown Brick(EW) NEA" HashKey="240404040404042404">
    <MapTiles>
      <MapTile TileID="1186" AltIDMod="0" />
    </MapTiles>
    <StaticTiles />
  </TransInfo>
  <TransInfo Description="Sand to Brown Brick(EW) NEA" HashKey="040404240404240424">
    <MapTiles>
      <MapTile TileID="1186" AltIDMod="0" />
    </MapTiles>
    <StaticTiles />
  </TransInfo>
  <TransInfo Description="Sand to Brown Brick(EW) NEA" HashKey="240404240404240424">
    <MapTiles>
      <MapTile TileID="1186" AltIDMod="0" />
    </MapTiles>
    <StaticTiles />
  </TransInfo>
  <TransInfo Description="Sand to Brown Brick(EW) NEA" HashKey="240404040404042424">
    <MapTiles>
      <MapTile TileID="1186" AltIDMod="0" />
    </MapTiles>
    <StaticTiles />
  </TransInfo>
  <TransInfo Description="Sand to Brown Brick(EW) NEA" HashKey="240404240404042424">
    <MapTiles>
      <MapTile TileID="1186" AltIDMod="0" />
    </MapTiles>
    <StaticTiles />
  </TransInfo>
  <TransInfo Description="Sand to Brown Brick(EW) NEA" HashKey="040404240404042424">
    <MapTiles>
      <MapTile TileID="1186" AltIDMod="0" />
    </MapTiles>
    <StaticTiles />
  </TransInfo>
  <TransInfo Description="Sand to Brown Brick(EW) NEA" HashKey="040404240404040424">
    <MapTiles>
      <MapTile TileID="1186" AltIDMod="0" />
    </MapTiles>
    <StaticTiles />
  </TransInfo>
  <TransInfo Description="Sand to Brown Brick(EW) NEA" HashKey="240404040404240424">
    <MapTiles>
      <MapTile TileID="1186" AltIDMod="0" />
    </MapTiles>
    <StaticTiles />
  </TransInfo>
  <TransInfo Description="Sand to Brown Brick(EW) NEA" HashKey="240404240404042404">
    <MapTiles>
      <MapTile TileID="1186" AltIDMod="0" />
    </MapTiles>
    <StaticTiles />
  </TransInfo>
  <TransInfo Description="Sand to Brown Brick(EW) SWA" HashKey="242424040424040424">
    <MapTiles>
      <MapTile TileID="1184" AltIDMod="0" />
    </MapTiles>
    <StaticTiles />
  </TransInfo>
  <TransInfo Description="Sand to Brown Brick(EW) SWA" HashKey="242424040424040404">
    <MapTiles>
      <MapTile TileID="1184" AltIDMod="0" />
    </MapTiles>
    <StaticTiles />
  </TransInfo>
  <TransInfo Description="Sand to Brown Brick(EW) SWA" HashKey="042424040424040424">
    <MapTiles>
      <MapTile TileID="1184" AltIDMod="0" />
    </MapTiles>
    <StaticTiles />
  </TransInfo>
  <TransInfo Description="Sand to Brown Brick(EW) SWA" HashKey="042424040424040404">
    <MapTiles>
      <MapTile TileID="1184" AltIDMod="0" />
    </MapTiles>
    <StaticTiles />
  </TransInfo>
  <TransInfo Description="Sand to Brown Brick(EW) SWA" HashKey="240404040424040424">
    <MapTiles>
      <MapTile TileID="1184" AltIDMod="0" />
    </MapTiles>
    <StaticTiles />
  </TransInfo>
  <TransInfo Description="Sand to Brown Brick(EW) SWA" HashKey="240424040424040404">
    <MapTiles>
      <MapTile TileID="1184" AltIDMod="0" />
    </MapTiles>
    <StaticTiles />
  </TransInfo>
  <TransInfo Description="Sand to Brown Brick(EW) SWA" HashKey="240424040424040424">
    <MapTiles>
      <MapTile TileID="1184" AltIDMod="0" />
    </MapTiles>
    <StaticTiles />
  </TransInfo>
  <TransInfo Description="Sand to Brown Brick(EW) SWA" HashKey="242404040404040424">
    <MapTiles>
      <MapTile TileID="1184" AltIDMod="0" />
    </MapTiles>
    <StaticTiles />
  </TransInfo>
  <TransInfo Description="Sand to Brown Brick(EW) SWA" HashKey="042404040404040424">
    <MapTiles>
      <MapTile TileID="1184" AltIDMod="0" />
    </MapTiles>
    <StaticTiles />
  </TransInfo>
  <TransInfo Description="Sand to Brown Brick(EW) SWA" HashKey="242424040404040424">
    <MapTiles>
      <MapTile TileID="1184" AltIDMod="0" />
    </MapTiles>
    <StaticTiles />
  </TransInfo>
  <TransInfo Description="Sand to Brown Brick(EW) SWA" HashKey="242404040424040404">
    <MapTiles>
      <MapTile TileID="1184" AltIDMod="0" />
    </MapTiles>
    <StaticTiles />
  </TransInfo>
  <TransInfo Description="Sand to Brown Brick(EW) SWA" HashKey="042424040404040424">
    <MapTiles>
      <MapTile TileID="1184" AltIDMod="0" />
    </MapTiles>
    <StaticTiles />
  </TransInfo>
  <TransInfo Description="Sand to Brown Brick(EW) SWA" HashKey="042404040424040404">
    <MapTiles>
      <MapTile TileID="1184" AltIDMod="0" />
    </MapTiles>
    <StaticTiles />
  </TransInfo>
  <TransInfo Description="Sand to Brown Brick(EW) SWA" HashKey="240404040424040404">
    <MapTiles>
      <MapTile TileID="1184" AltIDMod="0" />
    </MapTiles>
    <StaticTiles />
  </TransInfo>
  <TransInfo Description="Sand to Brown Brick(EW) SWA" HashKey="240424040404040424">
    <MapTiles>
      <MapTile TileID="1184" AltIDMod="0" />
    </MapTiles>
    <StaticTiles />
  </TransInfo>
  <TransInfo Description="Sand to Brown Brick(EW) SWA" HashKey="042404040424040424">
    <MapTiles>
      <MapTile TileID="1184" AltIDMod="0" />
    </MapTiles>
    <StaticTiles />
  </TransInfo>
  <TransInfo Description="Sand to Brown Brick(EW) SWA" HashKey="242404040424040424">
    <MapTiles>
      <MapTile TileID="1184" AltIDMod="0" />
    </MapTiles>
    <StaticTiles />
  </TransInfo>
  <TransInfo Description="Sand to Brown Brick(EW) NWB" HashKey="240404040404040404">
    <MapTiles>
      <MapTile TileID="1176" AltIDMod="0" />
      <MapTile TileID="1304" AltIDMod="0" />
    </MapTiles>
    <StaticTiles />
  </TransInfo>
  <TransInfo Description="Sand to Brown Brick(EW) SEB" HashKey="040404040404040424">
    <MapTiles>
      <MapTile TileID="1178" AltIDMod="0" />
      <MapTile TileID="1303" AltIDMod="0" />
    </MapTiles>
    <StaticTiles />
  </TransInfo>
  <TransInfo Description="Sand to Brown Brick(EW) NEB" HashKey="040424040404040404">
    <MapTiles>
      <MapTile TileID="1175" AltIDMod="0" />
    </MapTiles>
    <StaticTiles />
  </TransInfo>
  <TransInfo Description="Sand to Brown Brick(EW) SWB" HashKey="040404040404240404">
    <MapTiles>
      <MapTile TileID="1177" AltIDMod="0" />
    </MapTiles>
    <StaticTiles />
  </TransInfo>
  <TransInfo Description="Sand to Brown Brick(EW) AC" HashKey="040404240424040404">
    <MapTiles>
      <MapTile TileID="1167" AltIDMod="0" />
    </MapTiles>
    <StaticTiles />
  </TransInfo>
  <TransInfo Description="Sand to Brown Brick(EW) AC" HashKey="040404240424240404">
    <MapTiles>
      <MapTile TileID="1167" AltIDMod="0" />
    </MapTiles>
    <StaticTiles />
  </TransInfo>
  <TransInfo Description="Sand to Brown Brick(EW) AC" HashKey="040404240424042404">
    <MapTiles>
      <MapTile TileID="1167" AltIDMod="0" />
    </MapTiles>
    <StaticTiles />
  </TransInfo>
  <TransInfo Description="Sand to Brown Brick(EW) AC" HashKey="040404240424242404">
    <MapTiles>
      <MapTile TileID="1167" AltIDMod="0" />
    </MapTiles>
    <StaticTiles />
  </TransInfo>
  <TransInfo Description="Sand to Brown Brick(EW) AC" HashKey="040404240424040424">
    <MapTiles>
      <MapTile TileID="1167" AltIDMod="0" />
    </MapTiles>
    <StaticTiles />
  </TransInfo>
  <TransInfo Description="Sand to Brown Brick(EW) AC" HashKey="040404240424240424">
    <MapTiles>
      <MapTile TileID="1167" AltIDMod="0" />
    </MapTiles>
    <StaticTiles />
  </TransInfo>
  <TransInfo Description="Sand to Brown Brick(EW) AC" HashKey="040404240424042424">
    <MapTiles>
      <MapTile TileID="1167" AltIDMod="0" />
    </MapTiles>
    <StaticTiles />
  </TransInfo>
  <TransInfo Description="Sand to Brown Brick(EW) AC" HashKey="040404240424242424">
    <MapTiles>
      <MapTile TileID="1167" AltIDMod="0" />
    </MapTiles>
    <StaticTiles />
  </TransInfo>
  <TransInfo Description="Sand to Brown Brick(EW) AC" HashKey="040424240404042404">
    <MapTiles>
      <MapTile TileID="1167" AltIDMod="0" />
    </MapTiles>
    <StaticTiles />
  </TransInfo>
  <TransInfo Description="Sand to Brown Brick(EW) AC" HashKey="040424240404242404">
    <MapTiles>
      <MapTile TileID="1167" AltIDMod="0" />
    </MapTiles>
    <StaticTiles />
  </TransInfo>
  <TransInfo Description="Sand to Brown Brick(EW) AC" HashKey="040424240404040424">
    <MapTiles>
      <MapTile TileID="1167" AltIDMod="0" />
    </MapTiles>
    <StaticTiles />
  </TransInfo>
  <TransInfo Description="Sand to Brown Brick(EW) AC" HashKey="040424240404240424">
    <MapTiles>
      <MapTile TileID="1167" AltIDMod="0" />
    </MapTiles>
    <StaticTiles />
  </TransInfo>
  <TransInfo Description="Sand to Brown Brick(EW) AC" HashKey="040424240404042424">
    <MapTiles>
      <MapTile TileID="1167" AltIDMod="0" />
    </MapTiles>
    <StaticTiles />
  </TransInfo>
  <TransInfo Description="Sand to Brown Brick(EW) AC" HashKey="040424240404242424">
    <MapTiles>
      <MapTile TileID="1167" AltIDMod="0" />
    </MapTiles>
    <StaticTiles />
  </TransInfo>
  <TransInfo Description="Sand to Brown Brick(EW) AC" HashKey="040424240424040404">
    <MapTiles>
      <MapTile TileID="1167" AltIDMod="0" />
    </MapTiles>
    <StaticTiles />
  </TransInfo>
  <TransInfo Description="Sand to Brown Brick(EW) AC" HashKey="040424240424240404">
    <MapTiles>
      <MapTile TileID="1167" AltIDMod="0" />
    </MapTiles>
    <StaticTiles />
  </TransInfo>
  <TransInfo Description="Sand to Brown Brick(EW) AC" HashKey="040424240424042404">
    <MapTiles>
      <MapTile TileID="1167" AltIDMod="0" />
    </MapTiles>
    <StaticTiles />
  </TransInfo>
  <TransInfo Description="Sand to Brown Brick(EW) AC" HashKey="040424240424242404">
    <MapTiles>
      <MapTile TileID="1167" AltIDMod="0" />
    </MapTiles>
    <StaticTiles />
  </TransInfo>
  <TransInfo Description="Sand to Brown Brick(EW) AC" HashKey="040424240424040424">
    <MapTiles>
      <MapTile TileID="1167" AltIDMod="0" />
    </MapTiles>
    <StaticTiles />
  </TransInfo>
  <TransInfo Description="Sand to Brown Brick(EW) AC" HashKey="040424240424240424">
    <MapTiles>
      <MapTile TileID="1167" AltIDMod="0" />
    </MapTiles>
    <StaticTiles />
  </TransInfo>
  <TransInfo Description="Sand to Brown Brick(EW) AC" HashKey="040424240424042424">
    <MapTiles>
      <MapTile TileID="1167" AltIDMod="0" />
    </MapTiles>
    <StaticTiles />
  </TransInfo>
  <TransInfo Description="Sand to Brown Brick(EW) AC" HashKey="040424240424242424">
    <MapTiles>
      <MapTile TileID="1167" AltIDMod="0" />
    </MapTiles>
    <StaticTiles />
  </TransInfo>
  <TransInfo Description="Sand to Brown Brick(EW) AC" HashKey="042404040404042404">
    <MapTiles>
      <MapTile TileID="1167" AltIDMod="0" />
    </MapTiles>
    <StaticTiles />
  </TransInfo>
  <TransInfo Description="Sand to Brown Brick(EW) AC" HashKey="042404240404042404">
    <MapTiles>
      <MapTile TileID="1167" AltIDMod="0" />
    </MapTiles>
    <StaticTiles />
  </TransInfo>
  <TransInfo Description="Sand to Brown Brick(EW) AC" HashKey="042404040404242404">
    <MapTiles>
      <MapTile TileID="1167" AltIDMod="0" />
    </MapTiles>
    <StaticTiles />
  </TransInfo>
  <TransInfo Description="Sand to Brown Brick(EW) AC" HashKey="042404240404242404">
    <MapTiles>
      <MapTile TileID="1167" AltIDMod="0" />
    </MapTiles>
    <StaticTiles />
  </TransInfo>
  <TransInfo Description="Sand to Brown Brick(EW) AC" HashKey="042404240404040424">
    <MapTiles>
      <MapTile TileID="1167" AltIDMod="0" />
    </MapTiles>
    <StaticTiles />
  </TransInfo>
  <TransInfo Description="Sand to Brown Brick(EW) AC" HashKey="042404040404240424">
    <MapTiles>
      <MapTile TileID="1167" AltIDMod="0" />
    </MapTiles>
    <StaticTiles />
  </TransInfo>
  <TransInfo Description="Sand to Brown Brick(EW) AC" HashKey="042404240404240424">
    <MapTiles>
      <MapTile TileID="1167" AltIDMod="0" />
    </MapTiles>
    <StaticTiles />
  </TransInfo>
  <TransInfo Description="Sand to Brown Brick(EW) AC" HashKey="042404040404042424">
    <MapTiles>
      <MapTile TileID="1167" AltIDMod="0" />
    </MapTiles>
    <StaticTiles />
  </TransInfo>
  <TransInfo Description="Sand to Brown Brick(EW) AC" HashKey="042404240404042424">
    <MapTiles>
      <MapTile TileID="1167" AltIDMod="0" />
    </MapTiles>
    <StaticTiles />
  </TransInfo>
  <TransInfo Description="Sand to Brown Brick(EW) AC" HashKey="042404040404242424">
    <MapTiles>
      <MapTile TileID="1167" AltIDMod="0" />
    </MapTiles>
    <StaticTiles />
  </TransInfo>
  <TransInfo Description="Sand to Brown Brick(EW) AC" HashKey="042404240404242424">
    <MapTiles>
      <MapTile TileID="1167" AltIDMod="0" />
    </MapTiles>
    <StaticTiles />
  </TransInfo>
  <TransInfo Description="Sand to Brown Brick(EW) AC" HashKey="042404240424040404">
    <MapTiles>
      <MapTile TileID="1167" AltIDMod="0" />
    </MapTiles>
    <StaticTiles />
  </TransInfo>
  <TransInfo Description="Sand to Brown Brick(EW) AC" HashKey="042404040424240404">
    <MapTiles>
      <MapTile TileID="1167" AltIDMod="0" />
    </MapTiles>
    <StaticTiles />
  </TransInfo>
  <TransInfo Description="Sand to Brown Brick(EW) AC" HashKey="042404240424240404">
    <MapTiles>
      <MapTile TileID="1167" AltIDMod="0" />
    </MapTiles>
    <StaticTiles />
  </TransInfo>
  <TransInfo Description="Sand to Brown Brick(EW) AC" HashKey="042404040424042404">
    <MapTiles>
      <MapTile TileID="1167" AltIDMod="0" />
    </MapTiles>
    <StaticTiles />
  </TransInfo>
  <TransInfo Description="Sand to Brown Brick(EW) AC" HashKey="042404240424042404">
    <MapTiles>
      <MapTile TileID="1167" AltIDMod="0" />
    </MapTiles>
    <StaticTiles />
  </TransInfo>
  <TransInfo Description="Sand to Brown Brick(EW) AC" HashKey="042404040424242404">
    <MapTiles>
      <MapTile TileID="1167" AltIDMod="0" />
    </MapTiles>
    <StaticTiles />
  </TransInfo>
  <TransInfo Description="Sand to Brown Brick(EW) AC" HashKey="042404240424242404">
    <MapTiles>
      <MapTile TileID="1167" AltIDMod="0" />
    </MapTiles>
    <StaticTiles />
  </TransInfo>
  <TransInfo Description="Sand to Brown Brick(EW) AC" HashKey="042404240424040424">
    <MapTiles>
      <MapTile TileID="1167" AltIDMod="0" />
    </MapTiles>
    <StaticTiles />
  </TransInfo>
  <TransInfo Description="Sand to Brown Brick(EW) AC" HashKey="042404040424240424">
    <MapTiles>
      <MapTile TileID="1167" AltIDMod="0" />
    </MapTiles>
    <StaticTiles />
  </TransInfo>
  <TransInfo Description="Sand to Brown Brick(EW) AC" HashKey="042404240424240424">
    <MapTiles>
      <MapTile TileID="1167" AltIDMod="0" />
    </MapTiles>
    <StaticTiles />
  </TransInfo>
  <TransInfo Description="Sand to Brown Brick(EW) AC" HashKey="042404040424042424">
    <MapTiles>
      <MapTile TileID="1167" AltIDMod="0" />
    </MapTiles>
    <StaticTiles />
  </TransInfo>
  <TransInfo Description="Sand to Brown Brick(EW) AC" HashKey="042404240424042424">
    <MapTiles>
      <MapTile TileID="1167" AltIDMod="0" />
    </MapTiles>
    <StaticTiles />
  </TransInfo>
  <TransInfo Description="Sand to Brown Brick(EW) AC" HashKey="042404040424242424">
    <MapTiles>
      <MapTile TileID="1167" AltIDMod="0" />
    </MapTiles>
    <StaticTiles />
  </TransInfo>
  <TransInfo Description="Sand to Brown Brick(EW) AC" HashKey="042404240424242424">
    <MapTiles>
      <MapTile TileID="1167" AltIDMod="0" />
    </MapTiles>
    <StaticTiles />
  </TransInfo>
  <TransInfo Description="Sand to Brown Brick(EW) AC" HashKey="042424040404042404">
    <MapTiles>
      <MapTile TileID="1167" AltIDMod="0" />
    </MapTiles>
    <StaticTiles />
  </TransInfo>
  <TransInfo Description="Sand to Brown Brick(EW) AC" HashKey="042424240404042404">
    <MapTiles>
      <MapTile TileID="1167" AltIDMod="0" />
    </MapTiles>
    <StaticTiles />
  </TransInfo>
  <TransInfo Description="Sand to Brown Brick(EW) AC" HashKey="042424040404242404">
    <MapTiles>
      <MapTile TileID="1167" AltIDMod="0" />
    </MapTiles>
    <StaticTiles />
  </TransInfo>
  <TransInfo Description="Sand to Brown Brick(EW) AC" HashKey="042424240404242404">
    <MapTiles>
      <MapTile TileID="1167" AltIDMod="0" />
    </MapTiles>
    <StaticTiles />
  </TransInfo>
  <TransInfo Description="Sand to Brown Brick(EW) AC" HashKey="042424240404040424">
    <MapTiles>
      <MapTile TileID="1167" AltIDMod="0" />
    </MapTiles>
    <StaticTiles />
  </TransInfo>
  <TransInfo Description="Sand to Brown Brick(EW) AC" HashKey="042424040404240424">
    <MapTiles>
      <MapTile TileID="1167" AltIDMod="0" />
    </MapTiles>
    <StaticTiles />
  </TransInfo>
  <TransInfo Description="Sand to Brown Brick(EW) AC" HashKey="042424240404240424">
    <MapTiles>
      <MapTile TileID="1167" AltIDMod="0" />
    </MapTiles>
    <StaticTiles />
  </TransInfo>
  <TransInfo Description="Sand to Brown Brick(EW) AC" HashKey="042424040404042424">
    <MapTiles>
      <MapTile TileID="1167" AltIDMod="0" />
    </MapTiles>
    <StaticTiles />
  </TransInfo>
  <TransInfo Description="Sand to Brown Brick(EW) AC" HashKey="042424240404042424">
    <MapTiles>
      <MapTile TileID="1167" AltIDMod="0" />
    </MapTiles>
    <StaticTiles />
  </TransInfo>
  <TransInfo Description="Sand to Brown Brick(EW) AC" HashKey="042424040404242424">
    <MapTiles>
      <MapTile TileID="1167" AltIDMod="0" />
    </MapTiles>
    <StaticTiles />
  </TransInfo>
  <TransInfo Description="Sand to Brown Brick(EW) AC" HashKey="042424240404242424">
    <MapTiles>
      <MapTile TileID="1167" AltIDMod="0" />
    </MapTiles>
    <StaticTiles />
  </TransInfo>
  <TransInfo Description="Sand to Brown Brick(EW) AC" HashKey="042424240424040404">
    <MapTiles>
      <MapTile TileID="1167" AltIDMod="0" />
    </MapTiles>
    <StaticTiles />
  </TransInfo>
  <TransInfo Description="Sand to Brown Brick(EW) AC" HashKey="042424040424240404">
    <MapTiles>
      <MapTile TileID="1167" AltIDMod="0" />
    </MapTiles>
    <StaticTiles />
  </TransInfo>
  <TransInfo Description="Sand to Brown Brick(EW) AC" HashKey="042424240424240404">
    <MapTiles>
      <MapTile TileID="1167" AltIDMod="0" />
    </MapTiles>
    <StaticTiles />
  </TransInfo>
  <TransInfo Description="Sand to Brown Brick(EW) AC" HashKey="042424040424042404">
    <MapTiles>
      <MapTile TileID="1167" AltIDMod="0" />
    </MapTiles>
    <StaticTiles />
  </TransInfo>
  <TransInfo Description="Sand to Brown Brick(EW) AC" HashKey="042424240424042404">
    <MapTiles>
      <MapTile TileID="1167" AltIDMod="0" />
    </MapTiles>
    <StaticTiles />
  </TransInfo>
  <TransInfo Description="Sand to Brown Brick(EW) AC" HashKey="042424040424242404">
    <MapTiles>
      <MapTile TileID="1167" AltIDMod="0" />
    </MapTiles>
    <StaticTiles />
  </TransInfo>
  <TransInfo Description="Sand to Brown Brick(EW) AC" HashKey="042424240424242404">
    <MapTiles>
      <MapTile TileID="1167" AltIDMod="0" />
    </MapTiles>
    <StaticTiles />
  </TransInfo>
  <TransInfo Description="Sand to Brown Brick(EW) AC" HashKey="042424240424040424">
    <MapTiles>
      <MapTile TileID="1167" AltIDMod="0" />
    </MapTiles>
    <StaticTiles />
  </TransInfo>
  <TransInfo Description="Sand to Brown Brick(EW) AC" HashKey="042424040424240424">
    <MapTiles>
      <MapTile TileID="1167" AltIDMod="0" />
    </MapTiles>
    <StaticTiles />
  </TransInfo>
  <TransInfo Description="Sand to Brown Brick(EW) AC" HashKey="042424240424240424">
    <MapTiles>
      <MapTile TileID="1167" AltIDMod="0" />
    </MapTiles>
    <StaticTiles />
  </TransInfo>
  <TransInfo Description="Sand to Brown Brick(EW) AC" HashKey="042424040424042424">
    <MapTiles>
      <MapTile TileID="1167" AltIDMod="0" />
    </MapTiles>
    <StaticTiles />
  </TransInfo>
  <TransInfo Description="Sand to Brown Brick(EW) AC" HashKey="042424240424042424">
    <MapTiles>
      <MapTile TileID="1167" AltIDMod="0" />
    </MapTiles>
    <StaticTiles />
  </TransInfo>
  <TransInfo Description="Sand to Brown Brick(EW) AC" HashKey="042424040424242424">
    <MapTiles>
      <MapTile TileID="1167" AltIDMod="0" />
    </MapTiles>
    <StaticTiles />
  </TransInfo>
  <TransInfo Description="Sand to Brown Brick(EW) AC" HashKey="042424240424242424">
    <MapTiles>
      <MapTile TileID="1167" AltIDMod="0" />
    </MapTiles>
    <StaticTiles />
  </TransInfo>
  <TransInfo Description="Sand to Brown Brick(EW) AC" HashKey="240404240424040404">
    <MapTiles>
      <MapTile TileID="1167" AltIDMod="0" />
    </MapTiles>
    <StaticTiles />
  </TransInfo>
  <TransInfo Description="Sand to Brown Brick(EW) AC" HashKey="240404040424240404">
    <MapTiles>
      <MapTile TileID="1167" AltIDMod="0" />
    </MapTiles>
    <StaticTiles />
  </TransInfo>
  <TransInfo Description="Sand to Brown Brick(EW) AC" HashKey="240404240424240404">
    <MapTiles>
      <MapTile TileID="1167" AltIDMod="0" />
    </MapTiles>
    <StaticTiles />
  </TransInfo>
  <TransInfo Description="Sand to Brown Brick(EW) AC" HashKey="240404040424042404">
    <MapTiles>
      <MapTile TileID="1167" AltIDMod="0" />
    </MapTiles>
    <StaticTiles />
  </TransInfo>
  <TransInfo Description="Sand to Brown Brick(EW) AC" HashKey="240404240424042404">
    <MapTiles>
      <MapTile TileID="1167" AltIDMod="0" />
    </MapTiles>
    <StaticTiles />
  </TransInfo>
  <TransInfo Description="Sand to Brown Brick(EW) AC" HashKey="240404040424242404">
    <MapTiles>
      <MapTile TileID="1167" AltIDMod="0" />
    </MapTiles>
    <StaticTiles />
  </TransInfo>
  <TransInfo Description="Sand to Brown Brick(EW) AC" HashKey="240404240424242404">
    <MapTiles>
      <MapTile TileID="1167" AltIDMod="0" />
    </MapTiles>
    <StaticTiles />
  </TransInfo>
  <TransInfo Description="Sand to Brown Brick(EW) AC" HashKey="240404240424040424">
    <MapTiles>
      <MapTile TileID="1167" AltIDMod="0" />
    </MapTiles>
    <StaticTiles />
  </TransInfo>
  <TransInfo Description="Sand to Brown Brick(EW) AC" HashKey="240404040424240424">
    <MapTiles>
      <MapTile TileID="1167" AltIDMod="0" />
    </MapTiles>
    <StaticTiles />
  </TransInfo>
  <TransInfo Description="Sand to Brown Brick(EW) AC" HashKey="240404240424240424">
    <MapTiles>
      <MapTile TileID="1167" AltIDMod="0" />
    </MapTiles>
    <StaticTiles />
  </TransInfo>
  <TransInfo Description="Sand to Brown Brick(EW) AC" HashKey="240404040424042424">
    <MapTiles>
      <MapTile TileID="1167" AltIDMod="0" />
    </MapTiles>
    <StaticTiles />
  </TransInfo>
  <TransInfo Description="Sand to Brown Brick(EW) AC" HashKey="240404240424042424">
    <MapTiles>
      <MapTile TileID="1167" AltIDMod="0" />
    </MapTiles>
    <StaticTiles />
  </TransInfo>
  <TransInfo Description="Sand to Brown Brick(EW) AC" HashKey="240404040424242424">
    <MapTiles>
      <MapTile TileID="1167" AltIDMod="0" />
    </MapTiles>
    <StaticTiles />
  </TransInfo>
  <TransInfo Description="Sand to Brown Brick(EW) AC" HashKey="240404240424242424">
    <MapTiles>
      <MapTile TileID="1167" AltIDMod="0" />
    </MapTiles>
    <StaticTiles />
  </TransInfo>
  <TransInfo Description="Sand to Brown Brick(EW) AC" HashKey="240424040404042404">
    <MapTiles>
      <MapTile TileID="1167" AltIDMod="0" />
    </MapTiles>
    <StaticTiles />
  </TransInfo>
  <TransInfo Description="Sand to Brown Brick(EW) AC" HashKey="240424240404042404">
    <MapTiles>
      <MapTile TileID="1167" AltIDMod="0" />
    </MapTiles>
    <StaticTiles />
  </TransInfo>
  <TransInfo Description="Sand to Brown Brick(EW) AC" HashKey="240424040404242404">
    <MapTiles>
      <MapTile TileID="1167" AltIDMod="0" />
    </MapTiles>
    <StaticTiles />
  </TransInfo>
  <TransInfo Description="Sand to Brown Brick(EW) AC" HashKey="240424240404242404">
    <MapTiles>
      <MapTile TileID="1167" AltIDMod="0" />
    </MapTiles>
    <StaticTiles />
  </TransInfo>
  <TransInfo Description="Sand to Brown Brick(EW) AC" HashKey="240424240404040424">
    <MapTiles>
      <MapTile TileID="1167" AltIDMod="0" />
    </MapTiles>
    <StaticTiles />
  </TransInfo>
  <TransInfo Description="Sand to Brown Brick(EW) AC" HashKey="240424040404240424">
    <MapTiles>
      <MapTile TileID="1167" AltIDMod="0" />
    </MapTiles>
    <StaticTiles />
  </TransInfo>
  <TransInfo Description="Sand to Brown Brick(EW) AC" HashKey="240424240404240424">
    <MapTiles>
      <MapTile TileID="1167" AltIDMod="0" />
    </MapTiles>
    <StaticTiles />
  </TransInfo>
  <TransInfo Description="Sand to Brown Brick(EW) AC" HashKey="240424040404042424">
    <MapTiles>
      <MapTile TileID="1167" AltIDMod="0" />
    </MapTiles>
    <StaticTiles />
  </TransInfo>
  <TransInfo Description="Sand to Brown Brick(EW) AC" HashKey="240424240404042424">
    <MapTiles>
      <MapTile TileID="1167" AltIDMod="0" />
    </MapTiles>
    <StaticTiles />
  </TransInfo>
  <TransInfo Description="Sand to Brown Brick(EW) AC" HashKey="240424040404242424">
    <MapTiles>
      <MapTile TileID="1167" AltIDMod="0" />
    </MapTiles>
    <StaticTiles />
  </TransInfo>
  <TransInfo Description="Sand to Brown Brick(EW) AC" HashKey="240424240404242424">
    <MapTiles>
      <MapTile TileID="1167" AltIDMod="0" />
    </MapTiles>
    <StaticTiles />
  </TransInfo>
  <TransInfo Description="Sand to Brown Brick(EW) AC" HashKey="240424240424040404">
    <MapTiles>
      <MapTile TileID="1167" AltIDMod="0" />
    </MapTiles>
    <StaticTiles />
  </TransInfo>
  <TransInfo Description="Sand to Brown Brick(EW) AC" HashKey="240424040424240404">
    <MapTiles>
      <MapTile TileID="1167" AltIDMod="0" />
    </MapTiles>
    <StaticTiles />
  </TransInfo>
  <TransInfo Description="Sand to Brown Brick(EW) AC" HashKey="240424240424240404">
    <MapTiles>
      <MapTile TileID="1167" AltIDMod="0" />
    </MapTiles>
    <StaticTiles />
  </TransInfo>
  <TransInfo Description="Sand to Brown Brick(EW) AC" HashKey="240424040424042404">
    <MapTiles>
      <MapTile TileID="1167" AltIDMod="0" />
    </MapTiles>
    <StaticTiles />
  </TransInfo>
  <TransInfo Description="Sand to Brown Brick(EW) AC" HashKey="240424240424042404">
    <MapTiles>
      <MapTile TileID="1167" AltIDMod="0" />
    </MapTiles>
    <StaticTiles />
  </TransInfo>
  <TransInfo Description="Sand to Brown Brick(EW) AC" HashKey="240424040424242404">
    <MapTiles>
      <MapTile TileID="1167" AltIDMod="0" />
    </MapTiles>
    <StaticTiles />
  </TransInfo>
  <TransInfo Description="Sand to Brown Brick(EW) AC" HashKey="240424240424242404">
    <MapTiles>
      <MapTile TileID="1167" AltIDMod="0" />
    </MapTiles>
    <StaticTiles />
  </TransInfo>
  <TransInfo Description="Sand to Brown Brick(EW) AC" HashKey="240424240424040424">
    <MapTiles>
      <MapTile TileID="1167" AltIDMod="0" />
    </MapTiles>
    <StaticTiles />
  </TransInfo>
  <TransInfo Description="Sand to Brown Brick(EW) AC" HashKey="240424040424240424">
    <MapTiles>
      <MapTile TileID="1167" AltIDMod="0" />
    </MapTiles>
    <StaticTiles />
  </TransInfo>
  <TransInfo Description="Sand to Brown Brick(EW) AC" HashKey="240424240424240424">
    <MapTiles>
      <MapTile TileID="1167" AltIDMod="0" />
    </MapTiles>
    <StaticTiles />
  </TransInfo>
  <TransInfo Description="Sand to Brown Brick(EW) AC" HashKey="240424040424042424">
    <MapTiles>
      <MapTile TileID="1167" AltIDMod="0" />
    </MapTiles>
    <StaticTiles />
  </TransInfo>
  <TransInfo Description="Sand to Brown Brick(EW) AC" HashKey="240424240424042424">
    <MapTiles>
      <MapTile TileID="1167" AltIDMod="0" />
    </MapTiles>
    <StaticTiles />
  </TransInfo>
  <TransInfo Description="Sand to Brown Brick(EW) AC" HashKey="240424040424242424">
    <MapTiles>
      <MapTile TileID="1167" AltIDMod="0" />
    </MapTiles>
    <StaticTiles />
  </TransInfo>
  <TransInfo Description="Sand to Brown Brick(EW) AC" HashKey="240424240424242424">
    <MapTiles>
      <MapTile TileID="1167" AltIDMod="0" />
    </MapTiles>
    <StaticTiles />
  </TransInfo>
  <TransInfo Description="Sand to Brown Brick(EW) AC" HashKey="242404040404042404">
    <MapTiles>
      <MapTile TileID="1167" AltIDMod="0" />
    </MapTiles>
    <StaticTiles />
  </TransInfo>
  <TransInfo Description="Sand to Brown Brick(EW) AC" HashKey="242404240404042404">
    <MapTiles>
      <MapTile TileID="1167" AltIDMod="0" />
    </MapTiles>
    <StaticTiles />
  </TransInfo>
  <TransInfo Description="Sand to Brown Brick(EW) AC" HashKey="242404040404242404">
    <MapTiles>
      <MapTile TileID="1167" AltIDMod="0" />
    </MapTiles>
    <StaticTiles />
  </TransInfo>
  <TransInfo Description="Sand to Brown Brick(EW) AC" HashKey="242404240404242404">
    <MapTiles>
      <MapTile TileID="1167" AltIDMod="0" />
    </MapTiles>
    <StaticTiles />
  </TransInfo>
  <TransInfo Description="Sand to Brown Brick(EW) AC" HashKey="242404240404040424">
    <MapTiles>
      <MapTile TileID="1167" AltIDMod="0" />
    </MapTiles>
    <StaticTiles />
  </TransInfo>
  <TransInfo Description="Sand to Brown Brick(EW) AC" HashKey="242404040404240424">
    <MapTiles>
      <MapTile TileID="1167" AltIDMod="0" />
    </MapTiles>
    <StaticTiles />
  </TransInfo>
  <TransInfo Description="Sand to Brown Brick(EW) AC" HashKey="242404240404240424">
    <MapTiles>
      <MapTile TileID="1167" AltIDMod="0" />
    </MapTiles>
    <StaticTiles />
  </TransInfo>
  <TransInfo Description="Sand to Brown Brick(EW) AC" HashKey="242404040404042424">
    <MapTiles>
      <MapTile TileID="1167" AltIDMod="0" />
    </MapTiles>
    <StaticTiles />
  </TransInfo>
  <TransInfo Description="Sand to Brown Brick(EW) AC" HashKey="242404240404042424">
    <MapTiles>
      <MapTile TileID="1167" AltIDMod="0" />
    </MapTiles>
    <StaticTiles />
  </TransInfo>
  <TransInfo Description="Sand to Brown Brick(EW) AC" HashKey="242404040404242424">
    <MapTiles>
      <MapTile TileID="1167" AltIDMod="0" />
    </MapTiles>
    <StaticTiles />
  </TransInfo>
  <TransInfo Description="Sand to Brown Brick(EW) AC" HashKey="242404240404242424">
    <MapTiles>
      <MapTile TileID="1167" AltIDMod="0" />
    </MapTiles>
    <StaticTiles />
  </TransInfo>
  <TransInfo Description="Sand to Brown Brick(EW) AC" HashKey="242404240424040404">
    <MapTiles>
      <MapTile TileID="1167" AltIDMod="0" />
    </MapTiles>
    <StaticTiles />
  </TransInfo>
  <TransInfo Description="Sand to Brown Brick(EW) AC" HashKey="242404040424240404">
    <MapTiles>
      <MapTile TileID="1167" AltIDMod="0" />
    </MapTiles>
    <StaticTiles />
  </TransInfo>
  <TransInfo Description="Sand to Brown Brick(EW) AC" HashKey="242404240424240404">
    <MapTiles>
      <MapTile TileID="1167" AltIDMod="0" />
    </MapTiles>
    <StaticTiles />
  </TransInfo>
  <TransInfo Description="Sand to Brown Brick(EW) AC" HashKey="242404040424042404">
    <MapTiles>
      <MapTile TileID="1167" AltIDMod="0" />
    </MapTiles>
    <StaticTiles />
  </TransInfo>
  <TransInfo Description="Sand to Brown Brick(EW) AC" HashKey="242404240424042404">
    <MapTiles>
      <MapTile TileID="1167" AltIDMod="0" />
    </MapTiles>
    <StaticTiles />
  </TransInfo>
  <TransInfo Description="Sand to Brown Brick(EW) AC" HashKey="242404040424242404">
    <MapTiles>
      <MapTile TileID="1167" AltIDMod="0" />
    </MapTiles>
    <StaticTiles />
  </TransInfo>
  <TransInfo Description="Sand to Brown Brick(EW) AC" HashKey="242404240424242404">
    <MapTiles>
      <MapTile TileID="1167" AltIDMod="0" />
    </MapTiles>
    <StaticTiles />
  </TransInfo>
  <TransInfo Description="Sand to Brown Brick(EW) AC" HashKey="242404240424040424">
    <MapTiles>
      <MapTile TileID="1167" AltIDMod="0" />
    </MapTiles>
    <StaticTiles />
  </TransInfo>
  <TransInfo Description="Sand to Brown Brick(EW) AC" HashKey="242404040424240424">
    <MapTiles>
      <MapTile TileID="1167" AltIDMod="0" />
    </MapTiles>
    <StaticTiles />
  </TransInfo>
  <TransInfo Description="Sand to Brown Brick(EW) AC" HashKey="242404240424240424">
    <MapTiles>
      <MapTile TileID="1167" AltIDMod="0" />
    </MapTiles>
    <StaticTiles />
  </TransInfo>
  <TransInfo Description="Sand to Brown Brick(EW) AC" HashKey="242404040424042424">
    <MapTiles>
      <MapTile TileID="1167" AltIDMod="0" />
    </MapTiles>
    <StaticTiles />
  </TransInfo>
  <TransInfo Description="Sand to Brown Brick(EW) AC" HashKey="242404240424042424">
    <MapTiles>
      <MapTile TileID="1167" AltIDMod="0" />
    </MapTiles>
    <StaticTiles />
  </TransInfo>
  <TransInfo Description="Sand to Brown Brick(EW) AC" HashKey="242404040424242424">
    <MapTiles>
      <MapTile TileID="1167" AltIDMod="0" />
    </MapTiles>
    <StaticTiles />
  </TransInfo>
  <TransInfo Description="Sand to Brown Brick(EW) AC" HashKey="242404240424242424">
    <MapTiles>
      <MapTile TileID="1167" AltIDMod="0" />
    </MapTiles>
    <StaticTiles />
  </TransInfo>
  <TransInfo Description="Sand to Brown Brick(EW) AC" HashKey="242424040404042404">
    <MapTiles>
      <MapTile TileID="1167" AltIDMod="0" />
    </MapTiles>
    <StaticTiles />
  </TransInfo>
  <TransInfo Description="Sand to Brown Brick(EW) AC" HashKey="242424240404042404">
    <MapTiles>
      <MapTile TileID="1167" AltIDMod="0" />
    </MapTiles>
    <StaticTiles />
  </TransInfo>
  <TransInfo Description="Sand to Brown Brick(EW) AC" HashKey="242424040404242404">
    <MapTiles>
      <MapTile TileID="1167" AltIDMod="0" />
    </MapTiles>
    <StaticTiles />
  </TransInfo>
  <TransInfo Description="Sand to Brown Brick(EW) AC" HashKey="242424240404242404">
    <MapTiles>
      <MapTile TileID="1167" AltIDMod="0" />
    </MapTiles>
    <StaticTiles />
  </TransInfo>
  <TransInfo Description="Sand to Brown Brick(EW) AC" HashKey="242424240404040424">
    <MapTiles>
      <MapTile TileID="1167" AltIDMod="0" />
    </MapTiles>
    <StaticTiles />
  </TransInfo>
  <TransInfo Description="Sand to Brown Brick(EW) AC" HashKey="242424040404240424">
    <MapTiles>
      <MapTile TileID="1167" AltIDMod="0" />
    </MapTiles>
    <StaticTiles />
  </TransInfo>
  <TransInfo Description="Sand to Brown Brick(EW) AC" HashKey="242424240404240424">
    <MapTiles>
      <MapTile TileID="1167" AltIDMod="0" />
    </MapTiles>
    <StaticTiles />
  </TransInfo>
  <TransInfo Description="Sand to Brown Brick(EW) AC" HashKey="242424040404042424">
    <MapTiles>
      <MapTile TileID="1167" AltIDMod="0" />
    </MapTiles>
    <StaticTiles />
  </TransInfo>
  <TransInfo Description="Sand to Brown Brick(EW) AC" HashKey="242424240404042424">
    <MapTiles>
      <MapTile TileID="1167" AltIDMod="0" />
    </MapTiles>
    <StaticTiles />
  </TransInfo>
  <TransInfo Description="Sand to Brown Brick(EW) AC" HashKey="242424040404242424">
    <MapTiles>
      <MapTile TileID="1167" AltIDMod="0" />
    </MapTiles>
    <StaticTiles />
  </TransInfo>
  <TransInfo Description="Sand to Brown Brick(EW) AC" HashKey="242424240404242424">
    <MapTiles>
      <MapTile TileID="1167" AltIDMod="0" />
    </MapTiles>
    <StaticTiles />
  </TransInfo>
  <TransInfo Description="Sand to Brown Brick(EW) AC" HashKey="242424240424040404">
    <MapTiles>
      <MapTile TileID="1167" AltIDMod="0" />
    </MapTiles>
    <StaticTiles />
  </TransInfo>
  <TransInfo Description="Sand to Brown Brick(EW) AC" HashKey="242424040424240404">
    <MapTiles>
      <MapTile TileID="1167" AltIDMod="0" />
    </MapTiles>
    <StaticTiles />
  </TransInfo>
  <TransInfo Description="Sand to Brown Brick(EW) AC" HashKey="242424240424240404">
    <MapTiles>
      <MapTile TileID="1167" AltIDMod="0" />
    </MapTiles>
    <StaticTiles />
  </TransInfo>
  <TransInfo Description="Sand to Brown Brick(EW) AC" HashKey="242424040424042404">
    <MapTiles>
      <MapTile TileID="1167" AltIDMod="0" />
    </MapTiles>
    <StaticTiles />
  </TransInfo>
  <TransInfo Description="Sand to Brown Brick(EW) AC" HashKey="242424240424042404">
    <MapTiles>
      <MapTile TileID="1167" AltIDMod="0" />
    </MapTiles>
    <StaticTiles />
  </TransInfo>
  <TransInfo Description="Sand to Brown Brick(EW) AC" HashKey="242424040424242404">
    <MapTiles>
      <MapTile TileID="1167" AltIDMod="0" />
    </MapTiles>
    <StaticTiles />
  </TransInfo>
  <TransInfo Description="Sand to Brown Brick(EW) AC" HashKey="242424240424242404">
    <MapTiles>
      <MapTile TileID="1167" AltIDMod="0" />
    </MapTiles>
    <StaticTiles />
  </TransInfo>
  <TransInfo Description="Sand to Brown Brick(EW) AC" HashKey="242424240424040424">
    <MapTiles>
      <MapTile TileID="1167" AltIDMod="0" />
    </MapTiles>
    <StaticTiles />
  </TransInfo>
  <TransInfo Description="Sand to Brown Brick(EW) AC" HashKey="242424040424240424">
    <MapTiles>
      <MapTile TileID="1167" AltIDMod="0" />
    </MapTiles>
    <StaticTiles />
  </TransInfo>
  <TransInfo Description="Sand to Brown Brick(EW) AC" HashKey="242424240424240424">
    <MapTiles>
      <MapTile TileID="1167" AltIDMod="0" />
    </MapTiles>
    <StaticTiles />
  </TransInfo>
  <TransInfo Description="Sand to Brown Brick(EW) AC" HashKey="242424040424042424">
    <MapTiles>
      <MapTile TileID="1167" AltIDMod="0" />
    </MapTiles>
    <StaticTiles />
  </TransInfo>
  <TransInfo Description="Sand to Brown Brick(EW) AC" HashKey="242424240424042424">
    <MapTiles>
      <MapTile TileID="1167" AltIDMod="0" />
    </MapTiles>
    <StaticTiles />
  </TransInfo>
  <TransInfo Description="Sand to Brown Brick(EW) AC" HashKey="242424040424242424">
    <MapTiles>
      <MapTile TileID="1167" AltIDMod="0" />
    </MapTiles>
    <StaticTiles />
  </TransInfo>
  <TransInfo Description="Sand to Brown Brick(EW) AC" HashKey="242424240424242424">
    <MapTiles>
      <MapTile TileID="1167" AltIDMod="0" />
    </MapTiles>
    <StaticTiles />
  </TransInfo>
  <TransInfo Description="Sand to Brown Brick(EW) IWE" HashKey="240404040404040424">
    <MapTiles>
      <MapTile TileID="22" AltIDMod="0" />
    </MapTiles>
    <StaticTiles />
  </TransInfo>
  <TransInfo Description="Sand to Brown Brick(EW) INS" HashKey="040424040404240404">
    <MapTiles>
      <MapTile TileID="22" AltIDMod="0" />
    </MapTiles>
    <StaticTiles />
  </TransInfo>
</Trans>