﻿<?xml version="1.0" encoding="utf-8"?>
<Trans>
    <TransInfo Description="Sand to Planks(WE) SN" HashKey="171717040404040404">
    <MapTiles>
      <MapTile TileID="664" AltIDMod="0" />
      <MapTile TileID="665" AltIDMod="0" />
    </MapTiles>
    <StaticTiles />
  </TransInfo>
  <TransInfo Description="Sand to Planks(WE) SN" HashKey="041717040404040404">
    <MapTiles>
      <MapTile TileID="664" AltIDMod="0" />
      <MapTile TileID="665" AltIDMod="0" />
    </MapTiles>
    <StaticTiles />
  </TransInfo>
  <TransInfo Description="Sand to Planks(WE) SN" HashKey="171704040404040404">
    <MapTiles>
      <MapTile TileID="664" AltIDMod="0" />
      <MapTile TileID="665" AltIDMod="0" />
    </MapTiles>
    <StaticTiles />
  </TransInfo>
  <TransInfo Description="Sand to Planks(WE) SN" HashKey="041704040404040404">
    <MapTiles>
      <MapTile TileID="664" AltIDMod="0" />
      <MapTile TileID="665" AltIDMod="0" />
    </MapTiles>
    <StaticTiles />
  </TransInfo>
  <TransInfo Description="Sand to Planks(WE) SN" HashKey="170417040404040404">
    <MapTiles>
      <MapTile TileID="664" AltIDMod="0" />
      <MapTile TileID="665" AltIDMod="0" />
    </MapTiles>
    <StaticTiles />
  </TransInfo>
  <TransInfo Description="Sand to Planks(WE) EW" HashKey="170404170404170404">
    <MapTiles>
      <MapTile TileID="668" AltIDMod="0" />
      <MapTile TileID="669" AltIDMod="0" />
    </MapTiles>
    <StaticTiles />
  </TransInfo>
  <TransInfo Description="Sand to Planks(WE) EW" HashKey="170404170404040404">
    <MapTiles>
      <MapTile TileID="668" AltIDMod="0" />
      <MapTile TileID="669" AltIDMod="0" />
    </MapTiles>
    <StaticTiles />
  </TransInfo>
  <TransInfo Description="Sand to Planks(WE) EW" HashKey="040404170404170404">
    <MapTiles>
      <MapTile TileID="668" AltIDMod="0" />
      <MapTile TileID="669" AltIDMod="0" />
    </MapTiles>
    <StaticTiles />
  </TransInfo>
  <TransInfo Description="Sand to Planks(WE) EW" HashKey="040404170404040404">
    <MapTiles>
      <MapTile TileID="668" AltIDMod="0" />
      <MapTile TileID="669" AltIDMod="0" />
    </MapTiles>
    <StaticTiles />
  </TransInfo>
  <TransInfo Description="Sand to Planks(WE) EW" HashKey="170404040404170404">
    <MapTiles>
      <MapTile TileID="668" AltIDMod="0" />
      <MapTile TileID="669" AltIDMod="0" />
    </MapTiles>
    <StaticTiles />
  </TransInfo>
  <TransInfo Description="Sand to Planks(WE) WE" HashKey="040417040417040417">
    <MapTiles>
      <MapTile TileID="670" AltIDMod="0" />
      <MapTile TileID="671" AltIDMod="0" />
    </MapTiles>
    <StaticTiles />
  </TransInfo>
  <TransInfo Description="Sand to Planks(WE) WE" HashKey="040404040417040417">
    <MapTiles>
      <MapTile TileID="670" AltIDMod="0" />
      <MapTile TileID="671" AltIDMod="0" />
    </MapTiles>
    <StaticTiles />
  </TransInfo>
  <TransInfo Description="Sand to Planks(WE) WE" HashKey="040417040417040404">
    <MapTiles>
      <MapTile TileID="670" AltIDMod="0" />
      <MapTile TileID="671" AltIDMod="0" />
    </MapTiles>
    <StaticTiles />
  </TransInfo>
  <TransInfo Description="Sand to Planks(WE) WE" HashKey="040404040417040404">
    <MapTiles>
      <MapTile TileID="670" AltIDMod="0" />
      <MapTile TileID="671" AltIDMod="0" />
    </MapTiles>
    <StaticTiles />
  </TransInfo>
  <TransInfo Description="Sand to Planks(WE) WE" HashKey="040417040404040417">
    <MapTiles>
      <MapTile TileID="670" AltIDMod="0" />
      <MapTile TileID="671" AltIDMod="0" />
    </MapTiles>
    <StaticTiles />
  </TransInfo>
  <TransInfo Description="Sand to Planks(WE) NS" HashKey="040404040404171717">
    <MapTiles>
      <MapTile TileID="666" AltIDMod="0" />
      <MapTile TileID="667" AltIDMod="0" />
    </MapTiles>
    <StaticTiles />
  </TransInfo>
  <TransInfo Description="Sand to Planks(WE) NS" HashKey="040404040404171704">
    <MapTiles>
      <MapTile TileID="666" AltIDMod="0" />
      <MapTile TileID="667" AltIDMod="0" />
    </MapTiles>
    <StaticTiles />
  </TransInfo>
  <TransInfo Description="Sand to Planks(WE) NS" HashKey="040404040404041717">
    <MapTiles>
      <MapTile TileID="666" AltIDMod="0" />
      <MapTile TileID="667" AltIDMod="0" />
    </MapTiles>
    <StaticTiles />
  </TransInfo>
  <TransInfo Description="Sand to Planks(WE) NS" HashKey="040404040404041704">
    <MapTiles>
      <MapTile TileID="666" AltIDMod="0" />
      <MapTile TileID="667" AltIDMod="0" />
    </MapTiles>
    <StaticTiles />
  </TransInfo>
  <TransInfo Description="Sand to Planks(WE) NS" HashKey="040404040404170417">
    <MapTiles>
      <MapTile TileID="666" AltIDMod="0" />
      <MapTile TileID="667" AltIDMod="0" />
    </MapTiles>
    <StaticTiles />
  </TransInfo>
  <TransInfo Description="Sand to Planks(WE) NWA" HashKey="040417040417171717">
    <MapTiles>
      <MapTile TileID="679" AltIDMod="0" />
    </MapTiles>
    <StaticTiles />
  </TransInfo>
  <TransInfo Description="Sand to Planks(WE) NWA" HashKey="040404040417171717">
    <MapTiles>
      <MapTile TileID="679" AltIDMod="0" />
    </MapTiles>
    <StaticTiles />
  </TransInfo>
  <TransInfo Description="Sand to Planks(WE) NWA" HashKey="040417040417041717">
    <MapTiles>
      <MapTile TileID="679" AltIDMod="0" />
    </MapTiles>
    <StaticTiles />
  </TransInfo>
  <TransInfo Description="Sand to Planks(WE) NWA" HashKey="040404040417041717">
    <MapTiles>
      <MapTile TileID="679" AltIDMod="0" />
    </MapTiles>
    <StaticTiles />
  </TransInfo>
  <TransInfo Description="Sand to Planks(WE) NWA" HashKey="040404040417041704">
    <MapTiles>
      <MapTile TileID="679" AltIDMod="0" />
    </MapTiles>
    <StaticTiles />
  </TransInfo>
  <TransInfo Description="Sand to Planks(WE) NWA" HashKey="040417040404041717">
    <MapTiles>
      <MapTile TileID="679" AltIDMod="0" />
    </MapTiles>
    <StaticTiles />
  </TransInfo>
  <TransInfo Description="Sand to Planks(WE) NWA" HashKey="040417040404171717">
    <MapTiles>
      <MapTile TileID="679" AltIDMod="0" />
    </MapTiles>
    <StaticTiles />
  </TransInfo>
  <TransInfo Description="Sand to Planks(WE) NWA" HashKey="040417040404171704">
    <MapTiles>
      <MapTile TileID="679" AltIDMod="0" />
    </MapTiles>
    <StaticTiles />
  </TransInfo>
  <TransInfo Description="Sand to Planks(WE) NWA" HashKey="040404040417170417">
    <MapTiles>
      <MapTile TileID="679" AltIDMod="0" />
    </MapTiles>
    <StaticTiles />
  </TransInfo>
  <TransInfo Description="Sand to Planks(WE) NWA" HashKey="040417040417170417">
    <MapTiles>
      <MapTile TileID="679" AltIDMod="0" />
    </MapTiles>
    <StaticTiles />
  </TransInfo>
  <TransInfo Description="Sand to Planks(WE) NWA" HashKey="040417040417171704">
    <MapTiles>
      <MapTile TileID="679" AltIDMod="0" />
    </MapTiles>
    <StaticTiles />
  </TransInfo>
  <TransInfo Description="Sand to Planks(WE) NWA" HashKey="040417040417170404">
    <MapTiles>
      <MapTile TileID="679" AltIDMod="0" />
    </MapTiles>
    <StaticTiles />
  </TransInfo>
  <TransInfo Description="Sand to Planks(WE) NWA" HashKey="040417040404041704">
    <MapTiles>
      <MapTile TileID="679" AltIDMod="0" />
    </MapTiles>
    <StaticTiles />
  </TransInfo>
  <TransInfo Description="Sand to Planks(WE) NWA" HashKey="040404040417170404">
    <MapTiles>
      <MapTile TileID="679" AltIDMod="0" />
    </MapTiles>
    <StaticTiles />
  </TransInfo>
  <TransInfo Description="Sand to Planks(WE) NWA" HashKey="040417040417041704">
    <MapTiles>
      <MapTile TileID="679" AltIDMod="0" />
    </MapTiles>
    <StaticTiles />
  </TransInfo>
  <TransInfo Description="Sand to Planks(WE) NWA" HashKey="040417040404170417">
    <MapTiles>
      <MapTile TileID="679" AltIDMod="0" />
    </MapTiles>
    <StaticTiles />
  </TransInfo>
  <TransInfo Description="Sand to Planks(WE) NWA" HashKey="040404040417171704">
    <MapTiles>
      <MapTile TileID="679" AltIDMod="0" />
    </MapTiles>
    <StaticTiles />
  </TransInfo>
  <TransInfo Description="Sand to Planks(WE) SEA" HashKey="171717170404170404">
    <MapTiles>
      <MapTile TileID="677" AltIDMod="0" />
    </MapTiles>
    <StaticTiles />
  </TransInfo>
  <TransInfo Description="Sand to Planks(WE) SEA" HashKey="171704170404170404">
    <MapTiles>
      <MapTile TileID="677" AltIDMod="0" />
    </MapTiles>
    <StaticTiles />
  </TransInfo>
  <TransInfo Description="Sand to Planks(WE) SEA" HashKey="171717170404040404">
    <MapTiles>
      <MapTile TileID="677" AltIDMod="0" />
    </MapTiles>
    <StaticTiles />
  </TransInfo>
  <TransInfo Description="Sand to Planks(WE) SEA" HashKey="171704170404040404">
    <MapTiles>
      <MapTile TileID="677" AltIDMod="0" />
    </MapTiles>
    <StaticTiles />
  </TransInfo>
  <TransInfo Description="Sand to Planks(WE) SEA" HashKey="170417170404040404">
    <MapTiles>
      <MapTile TileID="677" AltIDMod="0" />
    </MapTiles>
    <StaticTiles />
  </TransInfo>
  <TransInfo Description="Sand to Planks(WE) SEA" HashKey="171704040404170404">
    <MapTiles>
      <MapTile TileID="677" AltIDMod="0" />
    </MapTiles>
    <StaticTiles />
  </TransInfo>
  <TransInfo Description="Sand to Planks(WE) SEA" HashKey="041717040404170404">
    <MapTiles>
      <MapTile TileID="677" AltIDMod="0" />
    </MapTiles>
    <StaticTiles />
  </TransInfo>
  <TransInfo Description="Sand to Planks(WE) SEA" HashKey="170417040404170404">
    <MapTiles>
      <MapTile TileID="677" AltIDMod="0" />
    </MapTiles>
    <StaticTiles />
  </TransInfo>
  <TransInfo Description="Sand to Planks(WE) SEA" HashKey="171717040404170404">
    <MapTiles>
      <MapTile TileID="677" AltIDMod="0" />
    </MapTiles>
    <StaticTiles />
  </TransInfo>
  <TransInfo Description="Sand to Planks(WE) SEA" HashKey="041704170404040404">
    <MapTiles>
      <MapTile TileID="677" AltIDMod="0" />
    </MapTiles>
    <StaticTiles />
  </TransInfo>
  <TransInfo Description="Sand to Planks(WE) SEA" HashKey="170417170404170404">
    <MapTiles>
      <MapTile TileID="677" AltIDMod="0" />
    </MapTiles>
    <StaticTiles />
  </TransInfo>
  <TransInfo Description="Sand to Planks(WE) SEA" HashKey="040417170404170404">
    <MapTiles>
      <MapTile TileID="677" AltIDMod="0" />
    </MapTiles>
    <StaticTiles />
  </TransInfo>
  <TransInfo Description="Sand to Planks(WE) SEA" HashKey="041717170404170404">
    <MapTiles>
      <MapTile TileID="677" AltIDMod="0" />
    </MapTiles>
    <StaticTiles />
  </TransInfo>
  <TransInfo Description="Sand to Planks(WE) SEA" HashKey="040417170404040404">
    <MapTiles>
      <MapTile TileID="677" AltIDMod="0" />
    </MapTiles>
    <StaticTiles />
  </TransInfo>
  <TransInfo Description="Sand to Planks(WE) SEA" HashKey="041704170404170404">
    <MapTiles>
      <MapTile TileID="677" AltIDMod="0" />
    </MapTiles>
    <StaticTiles />
  </TransInfo>
  <TransInfo Description="Sand to Planks(WE) SEA" HashKey="041704040404170404">
    <MapTiles>
      <MapTile TileID="677" AltIDMod="0" />
    </MapTiles>
    <StaticTiles />
  </TransInfo>
  <TransInfo Description="Sand to Planks(WE) SEA" HashKey="041717170404040404">
    <MapTiles>
      <MapTile TileID="677" AltIDMod="0" />
    </MapTiles>
    <StaticTiles />
  </TransInfo>
  <TransInfo Description="Sand to Planks(WE) NEA" HashKey="170404170404171717">
    <MapTiles>
      <MapTile TileID="699" AltIDMod="0" />
    </MapTiles>
    <StaticTiles />
  </TransInfo>
  <TransInfo Description="Sand to Planks(WE) NEA" HashKey="040404170404171717">
    <MapTiles>
      <MapTile TileID="699" AltIDMod="0" />
    </MapTiles>
    <StaticTiles />
  </TransInfo>
  <TransInfo Description="Sand to Planks(WE) NEA" HashKey="170404170404171704">
    <MapTiles>
      <MapTile TileID="699" AltIDMod="0" />
    </MapTiles>
    <StaticTiles />
  </TransInfo>
  <TransInfo Description="Sand to Planks(WE) NEA" HashKey="040404170404171704">
    <MapTiles>
      <MapTile TileID="699" AltIDMod="0" />
    </MapTiles>
    <StaticTiles />
  </TransInfo>
  <TransInfo Description="Sand to Planks(WE) NEA" HashKey="040404170404041704">
    <MapTiles>
      <MapTile TileID="699" AltIDMod="0" />
    </MapTiles>
    <StaticTiles />
  </TransInfo>
  <TransInfo Description="Sand to Planks(WE) NEA" HashKey="170404170404040417">
    <MapTiles>
      <MapTile TileID="699" AltIDMod="0" />
    </MapTiles>
    <StaticTiles />
  </TransInfo>
  <TransInfo Description="Sand to Planks(WE) NEA" HashKey="170404040404171717">
    <MapTiles>
      <MapTile TileID="699" AltIDMod="0" />
    </MapTiles>
    <StaticTiles />
  </TransInfo>
  <TransInfo Description="Sand to Planks(WE) NEA" HashKey="170404040404171704">
    <MapTiles>
      <MapTile TileID="699" AltIDMod="0" />
    </MapTiles>
    <StaticTiles />
  </TransInfo>
  <TransInfo Description="Sand to Planks(WE) NEA" HashKey="170404040404041704">
    <MapTiles>
      <MapTile TileID="699" AltIDMod="0" />
    </MapTiles>
    <StaticTiles />
  </TransInfo>
  <TransInfo Description="Sand to Planks(WE) NEA" HashKey="040404170404170417">
    <MapTiles>
      <MapTile TileID="699" AltIDMod="0" />
    </MapTiles>
    <StaticTiles />
  </TransInfo>
  <TransInfo Description="Sand to Planks(WE) NEA" HashKey="170404170404170417">
    <MapTiles>
      <MapTile TileID="699" AltIDMod="0" />
    </MapTiles>
    <StaticTiles />
  </TransInfo>
  <TransInfo Description="Sand to Planks(WE) NEA" HashKey="170404040404041717">
    <MapTiles>
      <MapTile TileID="699" AltIDMod="0" />
    </MapTiles>
    <StaticTiles />
  </TransInfo>
  <TransInfo Description="Sand to Planks(WE) NEA" HashKey="170404170404041717">
    <MapTiles>
      <MapTile TileID="699" AltIDMod="0" />
    </MapTiles>
    <StaticTiles />
  </TransInfo>
  <TransInfo Description="Sand to Planks(WE) NEA" HashKey="040404170404041717">
    <MapTiles>
      <MapTile TileID="699" AltIDMod="0" />
    </MapTiles>
    <StaticTiles />
  </TransInfo>
  <TransInfo Description="Sand to Planks(WE) NEA" HashKey="040404170404040417">
    <MapTiles>
      <MapTile TileID="699" AltIDMod="0" />
    </MapTiles>
    <StaticTiles />
  </TransInfo>
  <TransInfo Description="Sand to Planks(WE) NEA" HashKey="170404040404170417">
    <MapTiles>
      <MapTile TileID="699" AltIDMod="0" />
    </MapTiles>
    <StaticTiles />
  </TransInfo>
  <TransInfo Description="Sand to Planks(WE) NEA" HashKey="170404170404041704">
    <MapTiles>
      <MapTile TileID="699" AltIDMod="0" />
    </MapTiles>
    <StaticTiles />
  </TransInfo>
  <TransInfo Description="Sand to Planks(WE) SWA" HashKey="171717040417040417">
    <MapTiles>
      <MapTile TileID="678" AltIDMod="0" />
    </MapTiles>
    <StaticTiles />
  </TransInfo>
  <TransInfo Description="Sand to Planks(WE) SWA" HashKey="171717040417040404">
    <MapTiles>
      <MapTile TileID="678" AltIDMod="0" />
    </MapTiles>
    <StaticTiles />
  </TransInfo>
  <TransInfo Description="Sand to Planks(WE) SWA" HashKey="041717040417040417">
    <MapTiles>
      <MapTile TileID="678" AltIDMod="0" />
    </MapTiles>
    <StaticTiles />
  </TransInfo>
  <TransInfo Description="Sand to Planks(WE) SWA" HashKey="041717040417040404">
    <MapTiles>
      <MapTile TileID="678" AltIDMod="0" />
    </MapTiles>
    <StaticTiles />
  </TransInfo>
  <TransInfo Description="Sand to Planks(WE) SWA" HashKey="170404040417040417">
    <MapTiles>
      <MapTile TileID="678" AltIDMod="0" />
    </MapTiles>
    <StaticTiles />
  </TransInfo>
  <TransInfo Description="Sand to Planks(WE) SWA" HashKey="170417040417040404">
    <MapTiles>
      <MapTile TileID="678" AltIDMod="0" />
    </MapTiles>
    <StaticTiles />
  </TransInfo>
  <TransInfo Description="Sand to Planks(WE) SWA" HashKey="170417040417040417">
    <MapTiles>
      <MapTile TileID="678" AltIDMod="0" />
    </MapTiles>
    <StaticTiles />
  </TransInfo>
  <TransInfo Description="Sand to Planks(WE) SWA" HashKey="171704040404040417">
    <MapTiles>
      <MapTile TileID="678" AltIDMod="0" />
    </MapTiles>
    <StaticTiles />
  </TransInfo>
  <TransInfo Description="Sand to Planks(WE) SWA" HashKey="041704040404040417">
    <MapTiles>
      <MapTile TileID="678" AltIDMod="0" />
    </MapTiles>
    <StaticTiles />
  </TransInfo>
  <TransInfo Description="Sand to Planks(WE) SWA" HashKey="171717040404040417">
    <MapTiles>
      <MapTile TileID="678" AltIDMod="0" />
    </MapTiles>
    <StaticTiles />
  </TransInfo>
  <TransInfo Description="Sand to Planks(WE) SWA" HashKey="171704040417040404">
    <MapTiles>
      <MapTile TileID="678" AltIDMod="0" />
    </MapTiles>
    <StaticTiles />
  </TransInfo>
  <TransInfo Description="Sand to Planks(WE) SWA" HashKey="041717040404040417">
    <MapTiles>
      <MapTile TileID="678" AltIDMod="0" />
    </MapTiles>
    <StaticTiles />
  </TransInfo>
  <TransInfo Description="Sand to Planks(WE) SWA" HashKey="041704040417040404">
    <MapTiles>
      <MapTile TileID="678" AltIDMod="0" />
    </MapTiles>
    <StaticTiles />
  </TransInfo>
  <TransInfo Description="Sand to Planks(WE) SWA" HashKey="170404040417040404">
    <MapTiles>
      <MapTile TileID="678" AltIDMod="0" />
    </MapTiles>
    <StaticTiles />
  </TransInfo>
  <TransInfo Description="Sand to Planks(WE) SWA" HashKey="170417040404040417">
    <MapTiles>
      <MapTile TileID="678" AltIDMod="0" />
    </MapTiles>
    <StaticTiles />
  </TransInfo>
  <TransInfo Description="Sand to Planks(WE) SWA" HashKey="041704040417040417">
    <MapTiles>
      <MapTile TileID="678" AltIDMod="0" />
    </MapTiles>
    <StaticTiles />
  </TransInfo>
  <TransInfo Description="Sand to Planks(WE) SWA" HashKey="171704040417040417">
    <MapTiles>
      <MapTile TileID="678" AltIDMod="0" />
    </MapTiles>
    <StaticTiles />
  </TransInfo>
  <TransInfo Description="Sand to Planks(WE) NWB" HashKey="170404040404040404">
    <MapTiles>
      <MapTile TileID="675" AltIDMod="0" />
    </MapTiles>
    <StaticTiles />
  </TransInfo>
  <TransInfo Description="Sand to Planks(WE) SEB" HashKey="040404040404040417">
    <MapTiles>
      <MapTile TileID="673" AltIDMod="0" />
    </MapTiles>
    <StaticTiles />
  </TransInfo>
  <TransInfo Description="Sand to Planks(WE) NEB" HashKey="040417040404040404">
    <MapTiles>
      <MapTile TileID="672" AltIDMod="0" />
    </MapTiles>
    <StaticTiles />
  </TransInfo>
  <TransInfo Description="Sand to Planks(WE) SWB" HashKey="040404040404170404">
    <MapTiles>
      <MapTile TileID="674" AltIDMod="0" />
    </MapTiles>
    <StaticTiles />
  </TransInfo>
  <TransInfo Description="Sand to Planks(WE) AC" HashKey="040404170417040404">
    <MapTiles>
      <MapTile TileID="662" AltIDMod="0" />
    </MapTiles>
    <StaticTiles />
  </TransInfo>
  <TransInfo Description="Sand to Planks(WE) AC" HashKey="040404170417170404">
    <MapTiles>
      <MapTile TileID="662" AltIDMod="0" />
    </MapTiles>
    <StaticTiles />
  </TransInfo>
  <TransInfo Description="Sand to Planks(WE) AC" HashKey="040404170417041704">
    <MapTiles>
      <MapTile TileID="662" AltIDMod="0" />
    </MapTiles>
    <StaticTiles />
  </TransInfo>
  <TransInfo Description="Sand to Planks(WE) AC" HashKey="040404170417171704">
    <MapTiles>
      <MapTile TileID="662" AltIDMod="0" />
    </MapTiles>
    <StaticTiles />
  </TransInfo>
  <TransInfo Description="Sand to Planks(WE) AC" HashKey="040404170417040417">
    <MapTiles>
      <MapTile TileID="662" AltIDMod="0" />
    </MapTiles>
    <StaticTiles />
  </TransInfo>
  <TransInfo Description="Sand to Planks(WE) AC" HashKey="040404170417170417">
    <MapTiles>
      <MapTile TileID="662" AltIDMod="0" />
    </MapTiles>
    <StaticTiles />
  </TransInfo>
  <TransInfo Description="Sand to Planks(WE) AC" HashKey="040404170417041717">
    <MapTiles>
      <MapTile TileID="662" AltIDMod="0" />
    </MapTiles>
    <StaticTiles />
  </TransInfo>
  <TransInfo Description="Sand to Planks(WE) AC" HashKey="040404170417171717">
    <MapTiles>
      <MapTile TileID="662" AltIDMod="0" />
    </MapTiles>
    <StaticTiles />
  </TransInfo>
  <TransInfo Description="Sand to Planks(WE) AC" HashKey="040417170404041704">
    <MapTiles>
      <MapTile TileID="662" AltIDMod="0" />
    </MapTiles>
    <StaticTiles />
  </TransInfo>
  <TransInfo Description="Sand to Planks(WE) AC" HashKey="040417170404171704">
    <MapTiles>
      <MapTile TileID="662" AltIDMod="0" />
    </MapTiles>
    <StaticTiles />
  </TransInfo>
  <TransInfo Description="Sand to Planks(WE) AC" HashKey="040417170404040417">
    <MapTiles>
      <MapTile TileID="662" AltIDMod="0" />
    </MapTiles>
    <StaticTiles />
  </TransInfo>
  <TransInfo Description="Sand to Planks(WE) AC" HashKey="040417170404170417">
    <MapTiles>
      <MapTile TileID="662" AltIDMod="0" />
    </MapTiles>
    <StaticTiles />
  </TransInfo>
  <TransInfo Description="Sand to Planks(WE) AC" HashKey="040417170404041717">
    <MapTiles>
      <MapTile TileID="662" AltIDMod="0" />
    </MapTiles>
    <StaticTiles />
  </TransInfo>
  <TransInfo Description="Sand to Planks(WE) AC" HashKey="040417170404171717">
    <MapTiles>
      <MapTile TileID="662" AltIDMod="0" />
    </MapTiles>
    <StaticTiles />
  </TransInfo>
  <TransInfo Description="Sand to Planks(WE) AC" HashKey="040417170417040404">
    <MapTiles>
      <MapTile TileID="662" AltIDMod="0" />
    </MapTiles>
    <StaticTiles />
  </TransInfo>
  <TransInfo Description="Sand to Planks(WE) AC" HashKey="040417170417170404">
    <MapTiles>
      <MapTile TileID="662" AltIDMod="0" />
    </MapTiles>
    <StaticTiles />
  </TransInfo>
  <TransInfo Description="Sand to Planks(WE) AC" HashKey="040417170417041704">
    <MapTiles>
      <MapTile TileID="662" AltIDMod="0" />
    </MapTiles>
    <StaticTiles />
  </TransInfo>
  <TransInfo Description="Sand to Planks(WE) AC" HashKey="040417170417171704">
    <MapTiles>
      <MapTile TileID="662" AltIDMod="0" />
    </MapTiles>
    <StaticTiles />
  </TransInfo>
  <TransInfo Description="Sand to Planks(WE) AC" HashKey="040417170417040417">
    <MapTiles>
      <MapTile TileID="662" AltIDMod="0" />
    </MapTiles>
    <StaticTiles />
  </TransInfo>
  <TransInfo Description="Sand to Planks(WE) AC" HashKey="040417170417170417">
    <MapTiles>
      <MapTile TileID="662" AltIDMod="0" />
    </MapTiles>
    <StaticTiles />
  </TransInfo>
  <TransInfo Description="Sand to Planks(WE) AC" HashKey="040417170417041717">
    <MapTiles>
      <MapTile TileID="662" AltIDMod="0" />
    </MapTiles>
    <StaticTiles />
  </TransInfo>
  <TransInfo Description="Sand to Planks(WE) AC" HashKey="040417170417171717">
    <MapTiles>
      <MapTile TileID="662" AltIDMod="0" />
    </MapTiles>
    <StaticTiles />
  </TransInfo>
  <TransInfo Description="Sand to Planks(WE) AC" HashKey="041704040404041704">
    <MapTiles>
      <MapTile TileID="662" AltIDMod="0" />
    </MapTiles>
    <StaticTiles />
  </TransInfo>
  <TransInfo Description="Sand to Planks(WE) AC" HashKey="041704170404041704">
    <MapTiles>
      <MapTile TileID="662" AltIDMod="0" />
    </MapTiles>
    <StaticTiles />
  </TransInfo>
  <TransInfo Description="Sand to Planks(WE) AC" HashKey="041704040404171704">
    <MapTiles>
      <MapTile TileID="662" AltIDMod="0" />
    </MapTiles>
    <StaticTiles />
  </TransInfo>
  <TransInfo Description="Sand to Planks(WE) AC" HashKey="041704170404171704">
    <MapTiles>
      <MapTile TileID="662" AltIDMod="0" />
    </MapTiles>
    <StaticTiles />
  </TransInfo>
  <TransInfo Description="Sand to Planks(WE) AC" HashKey="041704170404040417">
    <MapTiles>
      <MapTile TileID="662" AltIDMod="0" />
    </MapTiles>
    <StaticTiles />
  </TransInfo>
  <TransInfo Description="Sand to Planks(WE) AC" HashKey="041704040404170417">
    <MapTiles>
      <MapTile TileID="662" AltIDMod="0" />
    </MapTiles>
    <StaticTiles />
  </TransInfo>
  <TransInfo Description="Sand to Planks(WE) AC" HashKey="041704170404170417">
    <MapTiles>
      <MapTile TileID="662" AltIDMod="0" />
    </MapTiles>
    <StaticTiles />
  </TransInfo>
  <TransInfo Description="Sand to Planks(WE) AC" HashKey="041704040404041717">
    <MapTiles>
      <MapTile TileID="662" AltIDMod="0" />
    </MapTiles>
    <StaticTiles />
  </TransInfo>
  <TransInfo Description="Sand to Planks(WE) AC" HashKey="041704170404041717">
    <MapTiles>
      <MapTile TileID="662" AltIDMod="0" />
    </MapTiles>
    <StaticTiles />
  </TransInfo>
  <TransInfo Description="Sand to Planks(WE) AC" HashKey="041704040404171717">
    <MapTiles>
      <MapTile TileID="662" AltIDMod="0" />
    </MapTiles>
    <StaticTiles />
  </TransInfo>
  <TransInfo Description="Sand to Planks(WE) AC" HashKey="041704170404171717">
    <MapTiles>
      <MapTile TileID="662" AltIDMod="0" />
    </MapTiles>
    <StaticTiles />
  </TransInfo>
  <TransInfo Description="Sand to Planks(WE) AC" HashKey="041704170417040404">
    <MapTiles>
      <MapTile TileID="662" AltIDMod="0" />
    </MapTiles>
    <StaticTiles />
  </TransInfo>
  <TransInfo Description="Sand to Planks(WE) AC" HashKey="041704040417170404">
    <MapTiles>
      <MapTile TileID="662" AltIDMod="0" />
    </MapTiles>
    <StaticTiles />
  </TransInfo>
  <TransInfo Description="Sand to Planks(WE) AC" HashKey="041704170417170404">
    <MapTiles>
      <MapTile TileID="662" AltIDMod="0" />
    </MapTiles>
    <StaticTiles />
  </TransInfo>
  <TransInfo Description="Sand to Planks(WE) AC" HashKey="041704040417041704">
    <MapTiles>
      <MapTile TileID="662" AltIDMod="0" />
    </MapTiles>
    <StaticTiles />
  </TransInfo>
  <TransInfo Description="Sand to Planks(WE) AC" HashKey="041704170417041704">
    <MapTiles>
      <MapTile TileID="662" AltIDMod="0" />
    </MapTiles>
    <StaticTiles />
  </TransInfo>
  <TransInfo Description="Sand to Planks(WE) AC" HashKey="041704040417171704">
    <MapTiles>
      <MapTile TileID="662" AltIDMod="0" />
    </MapTiles>
    <StaticTiles />
  </TransInfo>
  <TransInfo Description="Sand to Planks(WE) AC" HashKey="041704170417171704">
    <MapTiles>
      <MapTile TileID="662" AltIDMod="0" />
    </MapTiles>
    <StaticTiles />
  </TransInfo>
  <TransInfo Description="Sand to Planks(WE) AC" HashKey="041704170417040417">
    <MapTiles>
      <MapTile TileID="662" AltIDMod="0" />
    </MapTiles>
    <StaticTiles />
  </TransInfo>
  <TransInfo Description="Sand to Planks(WE) AC" HashKey="041704040417170417">
    <MapTiles>
      <MapTile TileID="662" AltIDMod="0" />
    </MapTiles>
    <StaticTiles />
  </TransInfo>
  <TransInfo Description="Sand to Planks(WE) AC" HashKey="041704170417170417">
    <MapTiles>
      <MapTile TileID="662" AltIDMod="0" />
    </MapTiles>
    <StaticTiles />
  </TransInfo>
  <TransInfo Description="Sand to Planks(WE) AC" HashKey="041704040417041717">
    <MapTiles>
      <MapTile TileID="662" AltIDMod="0" />
    </MapTiles>
    <StaticTiles />
  </TransInfo>
  <TransInfo Description="Sand to Planks(WE) AC" HashKey="041704170417041717">
    <MapTiles>
      <MapTile TileID="662" AltIDMod="0" />
    </MapTiles>
    <StaticTiles />
  </TransInfo>
  <TransInfo Description="Sand to Planks(WE) AC" HashKey="041704040417171717">
    <MapTiles>
      <MapTile TileID="662" AltIDMod="0" />
    </MapTiles>
    <StaticTiles />
  </TransInfo>
  <TransInfo Description="Sand to Planks(WE) AC" HashKey="041704170417171717">
    <MapTiles>
      <MapTile TileID="662" AltIDMod="0" />
    </MapTiles>
    <StaticTiles />
  </TransInfo>
  <TransInfo Description="Sand to Planks(WE) AC" HashKey="041717040404041704">
    <MapTiles>
      <MapTile TileID="662" AltIDMod="0" />
    </MapTiles>
    <StaticTiles />
  </TransInfo>
  <TransInfo Description="Sand to Planks(WE) AC" HashKey="041717170404041704">
    <MapTiles>
      <MapTile TileID="662" AltIDMod="0" />
    </MapTiles>
    <StaticTiles />
  </TransInfo>
  <TransInfo Description="Sand to Planks(WE) AC" HashKey="041717040404171704">
    <MapTiles>
      <MapTile TileID="662" AltIDMod="0" />
    </MapTiles>
    <StaticTiles />
  </TransInfo>
  <TransInfo Description="Sand to Planks(WE) AC" HashKey="041717170404171704">
    <MapTiles>
      <MapTile TileID="662" AltIDMod="0" />
    </MapTiles>
    <StaticTiles />
  </TransInfo>
  <TransInfo Description="Sand to Planks(WE) AC" HashKey="041717170404040417">
    <MapTiles>
      <MapTile TileID="662" AltIDMod="0" />
    </MapTiles>
    <StaticTiles />
  </TransInfo>
  <TransInfo Description="Sand to Planks(WE) AC" HashKey="041717040404170417">
    <MapTiles>
      <MapTile TileID="662" AltIDMod="0" />
    </MapTiles>
    <StaticTiles />
  </TransInfo>
  <TransInfo Description="Sand to Planks(WE) AC" HashKey="041717170404170417">
    <MapTiles>
      <MapTile TileID="662" AltIDMod="0" />
    </MapTiles>
    <StaticTiles />
  </TransInfo>
  <TransInfo Description="Sand to Planks(WE) AC" HashKey="041717040404041717">
    <MapTiles>
      <MapTile TileID="662" AltIDMod="0" />
    </MapTiles>
    <StaticTiles />
  </TransInfo>
  <TransInfo Description="Sand to Planks(WE) AC" HashKey="041717170404041717">
    <MapTiles>
      <MapTile TileID="662" AltIDMod="0" />
    </MapTiles>
    <StaticTiles />
  </TransInfo>
  <TransInfo Description="Sand to Planks(WE) AC" HashKey="041717040404171717">
    <MapTiles>
      <MapTile TileID="662" AltIDMod="0" />
    </MapTiles>
    <StaticTiles />
  </TransInfo>
  <TransInfo Description="Sand to Planks(WE) AC" HashKey="041717170404171717">
    <MapTiles>
      <MapTile TileID="662" AltIDMod="0" />
    </MapTiles>
    <StaticTiles />
  </TransInfo>
  <TransInfo Description="Sand to Planks(WE) AC" HashKey="041717170417040404">
    <MapTiles>
      <MapTile TileID="662" AltIDMod="0" />
    </MapTiles>
    <StaticTiles />
  </TransInfo>
  <TransInfo Description="Sand to Planks(WE) AC" HashKey="041717040417170404">
    <MapTiles>
      <MapTile TileID="662" AltIDMod="0" />
    </MapTiles>
    <StaticTiles />
  </TransInfo>
  <TransInfo Description="Sand to Planks(WE) AC" HashKey="041717170417170404">
    <MapTiles>
      <MapTile TileID="662" AltIDMod="0" />
    </MapTiles>
    <StaticTiles />
  </TransInfo>
  <TransInfo Description="Sand to Planks(WE) AC" HashKey="041717040417041704">
    <MapTiles>
      <MapTile TileID="662" AltIDMod="0" />
    </MapTiles>
    <StaticTiles />
  </TransInfo>
  <TransInfo Description="Sand to Planks(WE) AC" HashKey="041717170417041704">
    <MapTiles>
      <MapTile TileID="662" AltIDMod="0" />
    </MapTiles>
    <StaticTiles />
  </TransInfo>
  <TransInfo Description="Sand to Planks(WE) AC" HashKey="041717040417171704">
    <MapTiles>
      <MapTile TileID="662" AltIDMod="0" />
    </MapTiles>
    <StaticTiles />
  </TransInfo>
  <TransInfo Description="Sand to Planks(WE) AC" HashKey="041717170417171704">
    <MapTiles>
      <MapTile TileID="662" AltIDMod="0" />
    </MapTiles>
    <StaticTiles />
  </TransInfo>
  <TransInfo Description="Sand to Planks(WE) AC" HashKey="041717170417040417">
    <MapTiles>
      <MapTile TileID="662" AltIDMod="0" />
    </MapTiles>
    <StaticTiles />
  </TransInfo>
  <TransInfo Description="Sand to Planks(WE) AC" HashKey="041717040417170417">
    <MapTiles>
      <MapTile TileID="662" AltIDMod="0" />
    </MapTiles>
    <StaticTiles />
  </TransInfo>
  <TransInfo Description="Sand to Planks(WE) AC" HashKey="041717170417170417">
    <MapTiles>
      <MapTile TileID="662" AltIDMod="0" />
    </MapTiles>
    <StaticTiles />
  </TransInfo>
  <TransInfo Description="Sand to Planks(WE) AC" HashKey="041717040417041717">
    <MapTiles>
      <MapTile TileID="662" AltIDMod="0" />
    </MapTiles>
    <StaticTiles />
  </TransInfo>
  <TransInfo Description="Sand to Planks(WE) AC" HashKey="041717170417041717">
    <MapTiles>
      <MapTile TileID="662" AltIDMod="0" />
    </MapTiles>
    <StaticTiles />
  </TransInfo>
  <TransInfo Description="Sand to Planks(WE) AC" HashKey="041717040417171717">
    <MapTiles>
      <MapTile TileID="662" AltIDMod="0" />
    </MapTiles>
    <StaticTiles />
  </TransInfo>
  <TransInfo Description="Sand to Planks(WE) AC" HashKey="041717170417171717">
    <MapTiles>
      <MapTile TileID="662" AltIDMod="0" />
    </MapTiles>
    <StaticTiles />
  </TransInfo>
  <TransInfo Description="Sand to Planks(WE) AC" HashKey="170404170417040404">
    <MapTiles>
      <MapTile TileID="662" AltIDMod="0" />
    </MapTiles>
    <StaticTiles />
  </TransInfo>
  <TransInfo Description="Sand to Planks(WE) AC" HashKey="170404040417170404">
    <MapTiles>
      <MapTile TileID="662" AltIDMod="0" />
    </MapTiles>
    <StaticTiles />
  </TransInfo>
  <TransInfo Description="Sand to Planks(WE) AC" HashKey="170404170417170404">
    <MapTiles>
      <MapTile TileID="662" AltIDMod="0" />
    </MapTiles>
    <StaticTiles />
  </TransInfo>
  <TransInfo Description="Sand to Planks(WE) AC" HashKey="170404040417041704">
    <MapTiles>
      <MapTile TileID="662" AltIDMod="0" />
    </MapTiles>
    <StaticTiles />
  </TransInfo>
  <TransInfo Description="Sand to Planks(WE) AC" HashKey="170404170417041704">
    <MapTiles>
      <MapTile TileID="662" AltIDMod="0" />
    </MapTiles>
    <StaticTiles />
  </TransInfo>
  <TransInfo Description="Sand to Planks(WE) AC" HashKey="170404040417171704">
    <MapTiles>
      <MapTile TileID="662" AltIDMod="0" />
    </MapTiles>
    <StaticTiles />
  </TransInfo>
  <TransInfo Description="Sand to Planks(WE) AC" HashKey="170404170417171704">
    <MapTiles>
      <MapTile TileID="662" AltIDMod="0" />
    </MapTiles>
    <StaticTiles />
  </TransInfo>
  <TransInfo Description="Sand to Planks(WE) AC" HashKey="170404170417040417">
    <MapTiles>
      <MapTile TileID="662" AltIDMod="0" />
    </MapTiles>
    <StaticTiles />
  </TransInfo>
  <TransInfo Description="Sand to Planks(WE) AC" HashKey="170404040417170417">
    <MapTiles>
      <MapTile TileID="662" AltIDMod="0" />
    </MapTiles>
    <StaticTiles />
  </TransInfo>
  <TransInfo Description="Sand to Planks(WE) AC" HashKey="170404170417170417">
    <MapTiles>
      <MapTile TileID="662" AltIDMod="0" />
    </MapTiles>
    <StaticTiles />
  </TransInfo>
  <TransInfo Description="Sand to Planks(WE) AC" HashKey="170404040417041717">
    <MapTiles>
      <MapTile TileID="662" AltIDMod="0" />
    </MapTiles>
    <StaticTiles />
  </TransInfo>
  <TransInfo Description="Sand to Planks(WE) AC" HashKey="170404170417041717">
    <MapTiles>
      <MapTile TileID="662" AltIDMod="0" />
    </MapTiles>
    <StaticTiles />
  </TransInfo>
  <TransInfo Description="Sand to Planks(WE) AC" HashKey="170404040417171717">
    <MapTiles>
      <MapTile TileID="662" AltIDMod="0" />
    </MapTiles>
    <StaticTiles />
  </TransInfo>
  <TransInfo Description="Sand to Planks(WE) AC" HashKey="170404170417171717">
    <MapTiles>
      <MapTile TileID="662" AltIDMod="0" />
    </MapTiles>
    <StaticTiles />
  </TransInfo>
  <TransInfo Description="Sand to Planks(WE) AC" HashKey="170417040404041704">
    <MapTiles>
      <MapTile TileID="662" AltIDMod="0" />
    </MapTiles>
    <StaticTiles />
  </TransInfo>
  <TransInfo Description="Sand to Planks(WE) AC" HashKey="170417170404041704">
    <MapTiles>
      <MapTile TileID="662" AltIDMod="0" />
    </MapTiles>
    <StaticTiles />
  </TransInfo>
  <TransInfo Description="Sand to Planks(WE) AC" HashKey="170417040404171704">
    <MapTiles>
      <MapTile TileID="662" AltIDMod="0" />
    </MapTiles>
    <StaticTiles />
  </TransInfo>
  <TransInfo Description="Sand to Planks(WE) AC" HashKey="170417170404171704">
    <MapTiles>
      <MapTile TileID="662" AltIDMod="0" />
    </MapTiles>
    <StaticTiles />
  </TransInfo>
  <TransInfo Description="Sand to Planks(WE) AC" HashKey="170417170404040417">
    <MapTiles>
      <MapTile TileID="662" AltIDMod="0" />
    </MapTiles>
    <StaticTiles />
  </TransInfo>
  <TransInfo Description="Sand to Planks(WE) AC" HashKey="170417040404170417">
    <MapTiles>
      <MapTile TileID="662" AltIDMod="0" />
    </MapTiles>
    <StaticTiles />
  </TransInfo>
  <TransInfo Description="Sand to Planks(WE) AC" HashKey="170417170404170417">
    <MapTiles>
      <MapTile TileID="662" AltIDMod="0" />
    </MapTiles>
    <StaticTiles />
  </TransInfo>
  <TransInfo Description="Sand to Planks(WE) AC" HashKey="170417040404041717">
    <MapTiles>
      <MapTile TileID="662" AltIDMod="0" />
    </MapTiles>
    <StaticTiles />
  </TransInfo>
  <TransInfo Description="Sand to Planks(WE) AC" HashKey="170417170404041717">
    <MapTiles>
      <MapTile TileID="662" AltIDMod="0" />
    </MapTiles>
    <StaticTiles />
  </TransInfo>
  <TransInfo Description="Sand to Planks(WE) AC" HashKey="170417040404171717">
    <MapTiles>
      <MapTile TileID="662" AltIDMod="0" />
    </MapTiles>
    <StaticTiles />
  </TransInfo>
  <TransInfo Description="Sand to Planks(WE) AC" HashKey="170417170404171717">
    <MapTiles>
      <MapTile TileID="662" AltIDMod="0" />
    </MapTiles>
    <StaticTiles />
  </TransInfo>
  <TransInfo Description="Sand to Planks(WE) AC" HashKey="170417170417040404">
    <MapTiles>
      <MapTile TileID="662" AltIDMod="0" />
    </MapTiles>
    <StaticTiles />
  </TransInfo>
  <TransInfo Description="Sand to Planks(WE) AC" HashKey="170417040417170404">
    <MapTiles>
      <MapTile TileID="662" AltIDMod="0" />
    </MapTiles>
    <StaticTiles />
  </TransInfo>
  <TransInfo Description="Sand to Planks(WE) AC" HashKey="170417170417170404">
    <MapTiles>
      <MapTile TileID="662" AltIDMod="0" />
    </MapTiles>
    <StaticTiles />
  </TransInfo>
  <TransInfo Description="Sand to Planks(WE) AC" HashKey="170417040417041704">
    <MapTiles>
      <MapTile TileID="662" AltIDMod="0" />
    </MapTiles>
    <StaticTiles />
  </TransInfo>
  <TransInfo Description="Sand to Planks(WE) AC" HashKey="170417170417041704">
    <MapTiles>
      <MapTile TileID="662" AltIDMod="0" />
    </MapTiles>
    <StaticTiles />
  </TransInfo>
  <TransInfo Description="Sand to Planks(WE) AC" HashKey="170417040417171704">
    <MapTiles>
      <MapTile TileID="662" AltIDMod="0" />
    </MapTiles>
    <StaticTiles />
  </TransInfo>
  <TransInfo Description="Sand to Planks(WE) AC" HashKey="170417170417171704">
    <MapTiles>
      <MapTile TileID="662" AltIDMod="0" />
    </MapTiles>
    <StaticTiles />
  </TransInfo>
  <TransInfo Description="Sand to Planks(WE) AC" HashKey="170417170417040417">
    <MapTiles>
      <MapTile TileID="662" AltIDMod="0" />
    </MapTiles>
    <StaticTiles />
  </TransInfo>
  <TransInfo Description="Sand to Planks(WE) AC" HashKey="170417040417170417">
    <MapTiles>
      <MapTile TileID="662" AltIDMod="0" />
    </MapTiles>
    <StaticTiles />
  </TransInfo>
  <TransInfo Description="Sand to Planks(WE) AC" HashKey="170417170417170417">
    <MapTiles>
      <MapTile TileID="662" AltIDMod="0" />
    </MapTiles>
    <StaticTiles />
  </TransInfo>
  <TransInfo Description="Sand to Planks(WE) AC" HashKey="170417040417041717">
    <MapTiles>
      <MapTile TileID="662" AltIDMod="0" />
    </MapTiles>
    <StaticTiles />
  </TransInfo>
  <TransInfo Description="Sand to Planks(WE) AC" HashKey="170417170417041717">
    <MapTiles>
      <MapTile TileID="662" AltIDMod="0" />
    </MapTiles>
    <StaticTiles />
  </TransInfo>
  <TransInfo Description="Sand to Planks(WE) AC" HashKey="170417040417171717">
    <MapTiles>
      <MapTile TileID="662" AltIDMod="0" />
    </MapTiles>
    <StaticTiles />
  </TransInfo>
  <TransInfo Description="Sand to Planks(WE) AC" HashKey="170417170417171717">
    <MapTiles>
      <MapTile TileID="662" AltIDMod="0" />
    </MapTiles>
    <StaticTiles />
  </TransInfo>
  <TransInfo Description="Sand to Planks(WE) AC" HashKey="171704040404041704">
    <MapTiles>
      <MapTile TileID="662" AltIDMod="0" />
    </MapTiles>
    <StaticTiles />
  </TransInfo>
  <TransInfo Description="Sand to Planks(WE) AC" HashKey="171704170404041704">
    <MapTiles>
      <MapTile TileID="662" AltIDMod="0" />
    </MapTiles>
    <StaticTiles />
  </TransInfo>
  <TransInfo Description="Sand to Planks(WE) AC" HashKey="171704040404171704">
    <MapTiles>
      <MapTile TileID="662" AltIDMod="0" />
    </MapTiles>
    <StaticTiles />
  </TransInfo>
  <TransInfo Description="Sand to Planks(WE) AC" HashKey="171704170404171704">
    <MapTiles>
      <MapTile TileID="662" AltIDMod="0" />
    </MapTiles>
    <StaticTiles />
  </TransInfo>
  <TransInfo Description="Sand to Planks(WE) AC" HashKey="171704170404040417">
    <MapTiles>
      <MapTile TileID="662" AltIDMod="0" />
    </MapTiles>
    <StaticTiles />
  </TransInfo>
  <TransInfo Description="Sand to Planks(WE) AC" HashKey="171704040404170417">
    <MapTiles>
      <MapTile TileID="662" AltIDMod="0" />
    </MapTiles>
    <StaticTiles />
  </TransInfo>
  <TransInfo Description="Sand to Planks(WE) AC" HashKey="171704170404170417">
    <MapTiles>
      <MapTile TileID="662" AltIDMod="0" />
    </MapTiles>
    <StaticTiles />
  </TransInfo>
  <TransInfo Description="Sand to Planks(WE) AC" HashKey="171704040404041717">
    <MapTiles>
      <MapTile TileID="662" AltIDMod="0" />
    </MapTiles>
    <StaticTiles />
  </TransInfo>
  <TransInfo Description="Sand to Planks(WE) AC" HashKey="171704170404041717">
    <MapTiles>
      <MapTile TileID="662" AltIDMod="0" />
    </MapTiles>
    <StaticTiles />
  </TransInfo>
  <TransInfo Description="Sand to Planks(WE) AC" HashKey="171704040404171717">
    <MapTiles>
      <MapTile TileID="662" AltIDMod="0" />
    </MapTiles>
    <StaticTiles />
  </TransInfo>
  <TransInfo Description="Sand to Planks(WE) AC" HashKey="171704170404171717">
    <MapTiles>
      <MapTile TileID="662" AltIDMod="0" />
    </MapTiles>
    <StaticTiles />
  </TransInfo>
  <TransInfo Description="Sand to Planks(WE) AC" HashKey="171704170417040404">
    <MapTiles>
      <MapTile TileID="662" AltIDMod="0" />
    </MapTiles>
    <StaticTiles />
  </TransInfo>
  <TransInfo Description="Sand to Planks(WE) AC" HashKey="171704040417170404">
    <MapTiles>
      <MapTile TileID="662" AltIDMod="0" />
    </MapTiles>
    <StaticTiles />
  </TransInfo>
  <TransInfo Description="Sand to Planks(WE) AC" HashKey="171704170417170404">
    <MapTiles>
      <MapTile TileID="662" AltIDMod="0" />
    </MapTiles>
    <StaticTiles />
  </TransInfo>
  <TransInfo Description="Sand to Planks(WE) AC" HashKey="171704040417041704">
    <MapTiles>
      <MapTile TileID="662" AltIDMod="0" />
    </MapTiles>
    <StaticTiles />
  </TransInfo>
  <TransInfo Description="Sand to Planks(WE) AC" HashKey="171704170417041704">
    <MapTiles>
      <MapTile TileID="662" AltIDMod="0" />
    </MapTiles>
    <StaticTiles />
  </TransInfo>
  <TransInfo Description="Sand to Planks(WE) AC" HashKey="171704040417171704">
    <MapTiles>
      <MapTile TileID="662" AltIDMod="0" />
    </MapTiles>
    <StaticTiles />
  </TransInfo>
  <TransInfo Description="Sand to Planks(WE) AC" HashKey="171704170417171704">
    <MapTiles>
      <MapTile TileID="662" AltIDMod="0" />
    </MapTiles>
    <StaticTiles />
  </TransInfo>
  <TransInfo Description="Sand to Planks(WE) AC" HashKey="171704170417040417">
    <MapTiles>
      <MapTile TileID="662" AltIDMod="0" />
    </MapTiles>
    <StaticTiles />
  </TransInfo>
  <TransInfo Description="Sand to Planks(WE) AC" HashKey="171704040417170417">
    <MapTiles>
      <MapTile TileID="662" AltIDMod="0" />
    </MapTiles>
    <StaticTiles />
  </TransInfo>
  <TransInfo Description="Sand to Planks(WE) AC" HashKey="171704170417170417">
    <MapTiles>
      <MapTile TileID="662" AltIDMod="0" />
    </MapTiles>
    <StaticTiles />
  </TransInfo>
  <TransInfo Description="Sand to Planks(WE) AC" HashKey="171704040417041717">
    <MapTiles>
      <MapTile TileID="662" AltIDMod="0" />
    </MapTiles>
    <StaticTiles />
  </TransInfo>
  <TransInfo Description="Sand to Planks(WE) AC" HashKey="171704170417041717">
    <MapTiles>
      <MapTile TileID="662" AltIDMod="0" />
    </MapTiles>
    <StaticTiles />
  </TransInfo>
  <TransInfo Description="Sand to Planks(WE) AC" HashKey="171704040417171717">
    <MapTiles>
      <MapTile TileID="662" AltIDMod="0" />
    </MapTiles>
    <StaticTiles />
  </TransInfo>
  <TransInfo Description="Sand to Planks(WE) AC" HashKey="171704170417171717">
    <MapTiles>
      <MapTile TileID="662" AltIDMod="0" />
    </MapTiles>
    <StaticTiles />
  </TransInfo>
  <TransInfo Description="Sand to Planks(WE) AC" HashKey="171717040404041704">
    <MapTiles>
      <MapTile TileID="662" AltIDMod="0" />
    </MapTiles>
    <StaticTiles />
  </TransInfo>
  <TransInfo Description="Sand to Planks(WE) AC" HashKey="171717170404041704">
    <MapTiles>
      <MapTile TileID="662" AltIDMod="0" />
    </MapTiles>
    <StaticTiles />
  </TransInfo>
  <TransInfo Description="Sand to Planks(WE) AC" HashKey="171717040404171704">
    <MapTiles>
      <MapTile TileID="662" AltIDMod="0" />
    </MapTiles>
    <StaticTiles />
  </TransInfo>
  <TransInfo Description="Sand to Planks(WE) AC" HashKey="171717170404171704">
    <MapTiles>
      <MapTile TileID="662" AltIDMod="0" />
    </MapTiles>
    <StaticTiles />
  </TransInfo>
  <TransInfo Description="Sand to Planks(WE) AC" HashKey="171717170404040417">
    <MapTiles>
      <MapTile TileID="662" AltIDMod="0" />
    </MapTiles>
    <StaticTiles />
  </TransInfo>
  <TransInfo Description="Sand to Planks(WE) AC" HashKey="171717040404170417">
    <MapTiles>
      <MapTile TileID="662" AltIDMod="0" />
    </MapTiles>
    <StaticTiles />
  </TransInfo>
  <TransInfo Description="Sand to Planks(WE) AC" HashKey="171717170404170417">
    <MapTiles>
      <MapTile TileID="662" AltIDMod="0" />
    </MapTiles>
    <StaticTiles />
  </TransInfo>
  <TransInfo Description="Sand to Planks(WE) AC" HashKey="171717040404041717">
    <MapTiles>
      <MapTile TileID="662" AltIDMod="0" />
    </MapTiles>
    <StaticTiles />
  </TransInfo>
  <TransInfo Description="Sand to Planks(WE) AC" HashKey="171717170404041717">
    <MapTiles>
      <MapTile TileID="662" AltIDMod="0" />
    </MapTiles>
    <StaticTiles />
  </TransInfo>
  <TransInfo Description="Sand to Planks(WE) AC" HashKey="171717040404171717">
    <MapTiles>
      <MapTile TileID="662" AltIDMod="0" />
    </MapTiles>
    <StaticTiles />
  </TransInfo>
  <TransInfo Description="Sand to Planks(WE) AC" HashKey="171717170404171717">
    <MapTiles>
      <MapTile TileID="662" AltIDMod="0" />
    </MapTiles>
    <StaticTiles />
  </TransInfo>
  <TransInfo Description="Sand to Planks(WE) AC" HashKey="171717170417040404">
    <MapTiles>
      <MapTile TileID="662" AltIDMod="0" />
    </MapTiles>
    <StaticTiles />
  </TransInfo>
  <TransInfo Description="Sand to Planks(WE) AC" HashKey="171717040417170404">
    <MapTiles>
      <MapTile TileID="662" AltIDMod="0" />
    </MapTiles>
    <StaticTiles />
  </TransInfo>
  <TransInfo Description="Sand to Planks(WE) AC" HashKey="171717170417170404">
    <MapTiles>
      <MapTile TileID="662" AltIDMod="0" />
    </MapTiles>
    <StaticTiles />
  </TransInfo>
  <TransInfo Description="Sand to Planks(WE) AC" HashKey="171717040417041704">
    <MapTiles>
      <MapTile TileID="662" AltIDMod="0" />
    </MapTiles>
    <StaticTiles />
  </TransInfo>
  <TransInfo Description="Sand to Planks(WE) AC" HashKey="171717170417041704">
    <MapTiles>
      <MapTile TileID="662" AltIDMod="0" />
    </MapTiles>
    <StaticTiles />
  </TransInfo>
  <TransInfo Description="Sand to Planks(WE) AC" HashKey="171717040417171704">
    <MapTiles>
      <MapTile TileID="662" AltIDMod="0" />
    </MapTiles>
    <StaticTiles />
  </TransInfo>
  <TransInfo Description="Sand to Planks(WE) AC" HashKey="171717170417171704">
    <MapTiles>
      <MapTile TileID="662" AltIDMod="0" />
    </MapTiles>
    <StaticTiles />
  </TransInfo>
  <TransInfo Description="Sand to Planks(WE) AC" HashKey="171717170417040417">
    <MapTiles>
      <MapTile TileID="662" AltIDMod="0" />
    </MapTiles>
    <StaticTiles />
  </TransInfo>
  <TransInfo Description="Sand to Planks(WE) AC" HashKey="171717040417170417">
    <MapTiles>
      <MapTile TileID="662" AltIDMod="0" />
    </MapTiles>
    <StaticTiles />
  </TransInfo>
  <TransInfo Description="Sand to Planks(WE) AC" HashKey="171717170417170417">
    <MapTiles>
      <MapTile TileID="662" AltIDMod="0" />
    </MapTiles>
    <StaticTiles />
  </TransInfo>
  <TransInfo Description="Sand to Planks(WE) AC" HashKey="171717040417041717">
    <MapTiles>
      <MapTile TileID="662" AltIDMod="0" />
    </MapTiles>
    <StaticTiles />
  </TransInfo>
  <TransInfo Description="Sand to Planks(WE) AC" HashKey="171717170417041717">
    <MapTiles>
      <MapTile TileID="662" AltIDMod="0" />
    </MapTiles>
    <StaticTiles />
  </TransInfo>
  <TransInfo Description="Sand to Planks(WE) AC" HashKey="171717040417171717">
    <MapTiles>
      <MapTile TileID="662" AltIDMod="0" />
    </MapTiles>
    <StaticTiles />
  </TransInfo>
  <TransInfo Description="Sand to Planks(WE) AC" HashKey="171717170417171717">
    <MapTiles>
      <MapTile TileID="662" AltIDMod="0" />
    </MapTiles>
    <StaticTiles />
  </TransInfo>
  <TransInfo Description="Sand to Planks(WE) IWE" HashKey="170404040404040417">
    <MapTiles>
      <MapTile TileID="22" AltIDMod="0" />
    </MapTiles>
    <StaticTiles />
  </TransInfo>
  <TransInfo Description="Sand to Planks(WE) INS" HashKey="040417040404170404">
    <MapTiles>
      <MapTile TileID="22" AltIDMod="0" />
    </MapTiles>
    <StaticTiles />
  </TransInfo>
</Trans>