﻿<?xml version="1.0" encoding="utf-8"?>
<Trans>
    <TransInfo Description="Sand to Brown Brick(NS) SN" HashKey="363636040404040404">
    <MapTiles>
      <MapTile TileID="1190" AltIDMod="0" />
    </MapTiles>
    <StaticTiles />
  </TransInfo>
  <TransInfo Description="Sand to Brown Brick(NS) SN" HashKey="043636040404040404">
    <MapTiles>
      <MapTile TileID="1190" AltIDMod="0" />
    </MapTiles>
    <StaticTiles />
  </TransInfo>
  <TransInfo Description="Sand to Brown Brick(NS) SN" HashKey="363604040404040404">
    <MapTiles>
      <MapTile TileID="1190" AltIDMod="0" />
    </MapTiles>
    <StaticTiles />
  </TransInfo>
  <TransInfo Description="Sand to Brown Brick(NS) SN" HashKey="043604040404040404">
    <MapTiles>
      <MapTile TileID="1190" AltIDMod="0" />
    </MapTiles>
    <StaticTiles />
  </TransInfo>
  <TransInfo Description="Sand to Brown Brick(NS) SN" HashKey="360436040404040404">
    <MapTiles>
      <MapTile TileID="1190" AltIDMod="0" />
    </MapTiles>
    <StaticTiles />
  </TransInfo>
  <TransInfo Description="Sand to Brown Brick(NS) EW" HashKey="360404360404360404">
    <MapTiles>
      <MapTile TileID="1187" AltIDMod="0" />
    </MapTiles>
    <StaticTiles />
  </TransInfo>
  <TransInfo Description="Sand to Brown Brick(NS) EW" HashKey="360404360404040404">
    <MapTiles>
      <MapTile TileID="1187" AltIDMod="0" />
    </MapTiles>
    <StaticTiles />
  </TransInfo>
  <TransInfo Description="Sand to Brown Brick(NS) EW" HashKey="040404360404360404">
    <MapTiles>
      <MapTile TileID="1187" AltIDMod="0" />
    </MapTiles>
    <StaticTiles />
  </TransInfo>
  <TransInfo Description="Sand to Brown Brick(NS) EW" HashKey="040404360404040404">
    <MapTiles>
      <MapTile TileID="1187" AltIDMod="0" />
    </MapTiles>
    <StaticTiles />
  </TransInfo>
  <TransInfo Description="Sand to Brown Brick(NS) EW" HashKey="360404040404360404">
    <MapTiles>
      <MapTile TileID="1187" AltIDMod="0" />
    </MapTiles>
    <StaticTiles />
  </TransInfo>
  <TransInfo Description="Sand to Brown Brick(NS) WE" HashKey="040436040436040436">
    <MapTiles>
      <MapTile TileID="1189" AltIDMod="0" />
    </MapTiles>
    <StaticTiles />
  </TransInfo>
  <TransInfo Description="Sand to Brown Brick(NS) WE" HashKey="040404040436040436">
    <MapTiles>
      <MapTile TileID="1189" AltIDMod="0" />
    </MapTiles>
    <StaticTiles />
  </TransInfo>
  <TransInfo Description="Sand to Brown Brick(NS) WE" HashKey="040436040436040404">
    <MapTiles>
      <MapTile TileID="1189" AltIDMod="0" />
    </MapTiles>
    <StaticTiles />
  </TransInfo>
  <TransInfo Description="Sand to Brown Brick(NS) WE" HashKey="040404040436040404">
    <MapTiles>
      <MapTile TileID="1189" AltIDMod="0" />
    </MapTiles>
    <StaticTiles />
  </TransInfo>
  <TransInfo Description="Sand to Brown Brick(NS) WE" HashKey="040436040404040436">
    <MapTiles>
      <MapTile TileID="1189" AltIDMod="0" />
    </MapTiles>
    <StaticTiles />
  </TransInfo>
  <TransInfo Description="Sand to Brown Brick(NS) NS" HashKey="040404040404363636">
    <MapTiles>
      <MapTile TileID="1188" AltIDMod="0" />
    </MapTiles>
    <StaticTiles />
  </TransInfo>
  <TransInfo Description="Sand to Brown Brick(NS) NS" HashKey="040404040404363604">
    <MapTiles>
      <MapTile TileID="1188" AltIDMod="0" />
    </MapTiles>
    <StaticTiles />
  </TransInfo>
  <TransInfo Description="Sand to Brown Brick(NS) NS" HashKey="040404040404043636">
    <MapTiles>
      <MapTile TileID="1188" AltIDMod="0" />
    </MapTiles>
    <StaticTiles />
  </TransInfo>
  <TransInfo Description="Sand to Brown Brick(NS) NS" HashKey="040404040404043604">
    <MapTiles>
      <MapTile TileID="1188" AltIDMod="0" />
    </MapTiles>
    <StaticTiles />
  </TransInfo>
  <TransInfo Description="Sand to Brown Brick(NS) NS" HashKey="040404040404360436">
    <MapTiles>
      <MapTile TileID="1188" AltIDMod="0" />
    </MapTiles>
    <StaticTiles />
  </TransInfo>
  <TransInfo Description="Sand to Brown Brick(NS) NWA" HashKey="040436040436363636">
    <MapTiles>
      <MapTile TileID="1195" AltIDMod="0" />
    </MapTiles>
    <StaticTiles />
  </TransInfo>
  <TransInfo Description="Sand to Brown Brick(NS) NWA" HashKey="040404040436363636">
    <MapTiles>
      <MapTile TileID="1195" AltIDMod="0" />
    </MapTiles>
    <StaticTiles />
  </TransInfo>
  <TransInfo Description="Sand to Brown Brick(NS) NWA" HashKey="040436040436043636">
    <MapTiles>
      <MapTile TileID="1195" AltIDMod="0" />
    </MapTiles>
    <StaticTiles />
  </TransInfo>
  <TransInfo Description="Sand to Brown Brick(NS) NWA" HashKey="040404040436043636">
    <MapTiles>
      <MapTile TileID="1195" AltIDMod="0" />
    </MapTiles>
    <StaticTiles />
  </TransInfo>
  <TransInfo Description="Sand to Brown Brick(NS) NWA" HashKey="040404040436043604">
    <MapTiles>
      <MapTile TileID="1195" AltIDMod="0" />
    </MapTiles>
    <StaticTiles />
  </TransInfo>
  <TransInfo Description="Sand to Brown Brick(NS) NWA" HashKey="040436040404043636">
    <MapTiles>
      <MapTile TileID="1195" AltIDMod="0" />
    </MapTiles>
    <StaticTiles />
  </TransInfo>
  <TransInfo Description="Sand to Brown Brick(NS) NWA" HashKey="040436040404363636">
    <MapTiles>
      <MapTile TileID="1195" AltIDMod="0" />
    </MapTiles>
    <StaticTiles />
  </TransInfo>
  <TransInfo Description="Sand to Brown Brick(NS) NWA" HashKey="040436040404363604">
    <MapTiles>
      <MapTile TileID="1195" AltIDMod="0" />
    </MapTiles>
    <StaticTiles />
  </TransInfo>
  <TransInfo Description="Sand to Brown Brick(NS) NWA" HashKey="040404040436360436">
    <MapTiles>
      <MapTile TileID="1195" AltIDMod="0" />
    </MapTiles>
    <StaticTiles />
  </TransInfo>
  <TransInfo Description="Sand to Brown Brick(NS) NWA" HashKey="040436040436360436">
    <MapTiles>
      <MapTile TileID="1195" AltIDMod="0" />
    </MapTiles>
    <StaticTiles />
  </TransInfo>
  <TransInfo Description="Sand to Brown Brick(NS) NWA" HashKey="040436040436363604">
    <MapTiles>
      <MapTile TileID="1195" AltIDMod="0" />
    </MapTiles>
    <StaticTiles />
  </TransInfo>
  <TransInfo Description="Sand to Brown Brick(NS) NWA" HashKey="040436040436360404">
    <MapTiles>
      <MapTile TileID="1195" AltIDMod="0" />
    </MapTiles>
    <StaticTiles />
  </TransInfo>
  <TransInfo Description="Sand to Brown Brick(NS) NWA" HashKey="040436040404043604">
    <MapTiles>
      <MapTile TileID="1195" AltIDMod="0" />
    </MapTiles>
    <StaticTiles />
  </TransInfo>
  <TransInfo Description="Sand to Brown Brick(NS) NWA" HashKey="040404040436360404">
    <MapTiles>
      <MapTile TileID="1195" AltIDMod="0" />
    </MapTiles>
    <StaticTiles />
  </TransInfo>
  <TransInfo Description="Sand to Brown Brick(NS) NWA" HashKey="040436040436043604">
    <MapTiles>
      <MapTile TileID="1195" AltIDMod="0" />
    </MapTiles>
    <StaticTiles />
  </TransInfo>
  <TransInfo Description="Sand to Brown Brick(NS) NWA" HashKey="040436040404360436">
    <MapTiles>
      <MapTile TileID="1195" AltIDMod="0" />
    </MapTiles>
    <StaticTiles />
  </TransInfo>
  <TransInfo Description="Sand to Brown Brick(NS) NWA" HashKey="040404040436363604">
    <MapTiles>
      <MapTile TileID="1195" AltIDMod="0" />
    </MapTiles>
    <StaticTiles />
  </TransInfo>
  <TransInfo Description="Sand to Brown Brick(NS) SEA" HashKey="363636360404360404">
    <MapTiles>
      <MapTile TileID="1197" AltIDMod="0" />
    </MapTiles>
    <StaticTiles />
  </TransInfo>
  <TransInfo Description="Sand to Brown Brick(NS) SEA" HashKey="363604360404360404">
    <MapTiles>
      <MapTile TileID="1197" AltIDMod="0" />
    </MapTiles>
    <StaticTiles />
  </TransInfo>
  <TransInfo Description="Sand to Brown Brick(NS) SEA" HashKey="363636360404040404">
    <MapTiles>
      <MapTile TileID="1197" AltIDMod="0" />
    </MapTiles>
    <StaticTiles />
  </TransInfo>
  <TransInfo Description="Sand to Brown Brick(NS) SEA" HashKey="363604360404040404">
    <MapTiles>
      <MapTile TileID="1197" AltIDMod="0" />
    </MapTiles>
    <StaticTiles />
  </TransInfo>
  <TransInfo Description="Sand to Brown Brick(NS) SEA" HashKey="360436360404040404">
    <MapTiles>
      <MapTile TileID="1197" AltIDMod="0" />
    </MapTiles>
    <StaticTiles />
  </TransInfo>
  <TransInfo Description="Sand to Brown Brick(NS) SEA" HashKey="363604040404360404">
    <MapTiles>
      <MapTile TileID="1197" AltIDMod="0" />
    </MapTiles>
    <StaticTiles />
  </TransInfo>
  <TransInfo Description="Sand to Brown Brick(NS) SEA" HashKey="043636040404360404">
    <MapTiles>
      <MapTile TileID="1197" AltIDMod="0" />
    </MapTiles>
    <StaticTiles />
  </TransInfo>
  <TransInfo Description="Sand to Brown Brick(NS) SEA" HashKey="360436040404360404">
    <MapTiles>
      <MapTile TileID="1197" AltIDMod="0" />
    </MapTiles>
    <StaticTiles />
  </TransInfo>
  <TransInfo Description="Sand to Brown Brick(NS) SEA" HashKey="363636040404360404">
    <MapTiles>
      <MapTile TileID="1197" AltIDMod="0" />
    </MapTiles>
    <StaticTiles />
  </TransInfo>
  <TransInfo Description="Sand to Brown Brick(NS) SEA" HashKey="043604360404040404">
    <MapTiles>
      <MapTile TileID="1197" AltIDMod="0" />
    </MapTiles>
    <StaticTiles />
  </TransInfo>
  <TransInfo Description="Sand to Brown Brick(NS) SEA" HashKey="360436360404360404">
    <MapTiles>
      <MapTile TileID="1197" AltIDMod="0" />
    </MapTiles>
    <StaticTiles />
  </TransInfo>
  <TransInfo Description="Sand to Brown Brick(NS) SEA" HashKey="040436360404360404">
    <MapTiles>
      <MapTile TileID="1197" AltIDMod="0" />
    </MapTiles>
    <StaticTiles />
  </TransInfo>
  <TransInfo Description="Sand to Brown Brick(NS) SEA" HashKey="043636360404360404">
    <MapTiles>
      <MapTile TileID="1197" AltIDMod="0" />
    </MapTiles>
    <StaticTiles />
  </TransInfo>
  <TransInfo Description="Sand to Brown Brick(NS) SEA" HashKey="040436360404040404">
    <MapTiles>
      <MapTile TileID="1197" AltIDMod="0" />
    </MapTiles>
    <StaticTiles />
  </TransInfo>
  <TransInfo Description="Sand to Brown Brick(NS) SEA" HashKey="043604360404360404">
    <MapTiles>
      <MapTile TileID="1197" AltIDMod="0" />
    </MapTiles>
    <StaticTiles />
  </TransInfo>
  <TransInfo Description="Sand to Brown Brick(NS) SEA" HashKey="043604040404360404">
    <MapTiles>
      <MapTile TileID="1197" AltIDMod="0" />
    </MapTiles>
    <StaticTiles />
  </TransInfo>
  <TransInfo Description="Sand to Brown Brick(NS) SEA" HashKey="043636360404040404">
    <MapTiles>
      <MapTile TileID="1197" AltIDMod="0" />
    </MapTiles>
    <StaticTiles />
  </TransInfo>
  <TransInfo Description="Sand to Brown Brick(NS) NEA" HashKey="360404360404363636">
    <MapTiles>
      <MapTile TileID="1305" AltIDMod="0" />
    </MapTiles>
    <StaticTiles />
  </TransInfo>
  <TransInfo Description="Sand to Brown Brick(NS) NEA" HashKey="040404360404363636">
    <MapTiles>
      <MapTile TileID="1305" AltIDMod="0" />
    </MapTiles>
    <StaticTiles />
  </TransInfo>
  <TransInfo Description="Sand to Brown Brick(NS) NEA" HashKey="360404360404363604">
    <MapTiles>
      <MapTile TileID="1305" AltIDMod="0" />
    </MapTiles>
    <StaticTiles />
  </TransInfo>
  <TransInfo Description="Sand to Brown Brick(NS) NEA" HashKey="040404360404363604">
    <MapTiles>
      <MapTile TileID="1305" AltIDMod="0" />
    </MapTiles>
    <StaticTiles />
  </TransInfo>
  <TransInfo Description="Sand to Brown Brick(NS) NEA" HashKey="040404360404043604">
    <MapTiles>
      <MapTile TileID="1305" AltIDMod="0" />
    </MapTiles>
    <StaticTiles />
  </TransInfo>
  <TransInfo Description="Sand to Brown Brick(NS) NEA" HashKey="360404360404040436">
    <MapTiles>
      <MapTile TileID="1305" AltIDMod="0" />
    </MapTiles>
    <StaticTiles />
  </TransInfo>
  <TransInfo Description="Sand to Brown Brick(NS) NEA" HashKey="360404040404363636">
    <MapTiles>
      <MapTile TileID="1305" AltIDMod="0" />
    </MapTiles>
    <StaticTiles />
  </TransInfo>
  <TransInfo Description="Sand to Brown Brick(NS) NEA" HashKey="360404040404363604">
    <MapTiles>
      <MapTile TileID="1305" AltIDMod="0" />
    </MapTiles>
    <StaticTiles />
  </TransInfo>
  <TransInfo Description="Sand to Brown Brick(NS) NEA" HashKey="360404040404043604">
    <MapTiles>
      <MapTile TileID="1305" AltIDMod="0" />
    </MapTiles>
    <StaticTiles />
  </TransInfo>
  <TransInfo Description="Sand to Brown Brick(NS) NEA" HashKey="040404360404360436">
    <MapTiles>
      <MapTile TileID="1305" AltIDMod="0" />
    </MapTiles>
    <StaticTiles />
  </TransInfo>
  <TransInfo Description="Sand to Brown Brick(NS) NEA" HashKey="360404360404360436">
    <MapTiles>
      <MapTile TileID="1305" AltIDMod="0" />
    </MapTiles>
    <StaticTiles />
  </TransInfo>
  <TransInfo Description="Sand to Brown Brick(NS) NEA" HashKey="360404040404043636">
    <MapTiles>
      <MapTile TileID="1305" AltIDMod="0" />
    </MapTiles>
    <StaticTiles />
  </TransInfo>
  <TransInfo Description="Sand to Brown Brick(NS) NEA" HashKey="360404360404043636">
    <MapTiles>
      <MapTile TileID="1305" AltIDMod="0" />
    </MapTiles>
    <StaticTiles />
  </TransInfo>
  <TransInfo Description="Sand to Brown Brick(NS) NEA" HashKey="040404360404043636">
    <MapTiles>
      <MapTile TileID="1305" AltIDMod="0" />
    </MapTiles>
    <StaticTiles />
  </TransInfo>
  <TransInfo Description="Sand to Brown Brick(NS) NEA" HashKey="040404360404040436">
    <MapTiles>
      <MapTile TileID="1305" AltIDMod="0" />
    </MapTiles>
    <StaticTiles />
  </TransInfo>
  <TransInfo Description="Sand to Brown Brick(NS) NEA" HashKey="360404040404360436">
    <MapTiles>
      <MapTile TileID="1305" AltIDMod="0" />
    </MapTiles>
    <StaticTiles />
  </TransInfo>
  <TransInfo Description="Sand to Brown Brick(NS) NEA" HashKey="360404360404043604">
    <MapTiles>
      <MapTile TileID="1305" AltIDMod="0" />
    </MapTiles>
    <StaticTiles />
  </TransInfo>
  <TransInfo Description="Sand to Brown Brick(NS) SWA" HashKey="363636040436040436">
    <MapTiles>
      <MapTile TileID="1306" AltIDMod="0" />
    </MapTiles>
    <StaticTiles />
  </TransInfo>
  <TransInfo Description="Sand to Brown Brick(NS) SWA" HashKey="363636040436040404">
    <MapTiles>
      <MapTile TileID="1306" AltIDMod="0" />
    </MapTiles>
    <StaticTiles />
  </TransInfo>
  <TransInfo Description="Sand to Brown Brick(NS) SWA" HashKey="043636040436040436">
    <MapTiles>
      <MapTile TileID="1306" AltIDMod="0" />
    </MapTiles>
    <StaticTiles />
  </TransInfo>
  <TransInfo Description="Sand to Brown Brick(NS) SWA" HashKey="043636040436040404">
    <MapTiles>
      <MapTile TileID="1306" AltIDMod="0" />
    </MapTiles>
    <StaticTiles />
  </TransInfo>
  <TransInfo Description="Sand to Brown Brick(NS) SWA" HashKey="360404040436040436">
    <MapTiles>
      <MapTile TileID="1306" AltIDMod="0" />
    </MapTiles>
    <StaticTiles />
  </TransInfo>
  <TransInfo Description="Sand to Brown Brick(NS) SWA" HashKey="360436040436040404">
    <MapTiles>
      <MapTile TileID="1306" AltIDMod="0" />
    </MapTiles>
    <StaticTiles />
  </TransInfo>
  <TransInfo Description="Sand to Brown Brick(NS) SWA" HashKey="360436040436040436">
    <MapTiles>
      <MapTile TileID="1306" AltIDMod="0" />
    </MapTiles>
    <StaticTiles />
  </TransInfo>
  <TransInfo Description="Sand to Brown Brick(NS) SWA" HashKey="363604040404040436">
    <MapTiles>
      <MapTile TileID="1306" AltIDMod="0" />
    </MapTiles>
    <StaticTiles />
  </TransInfo>
  <TransInfo Description="Sand to Brown Brick(NS) SWA" HashKey="043604040404040436">
    <MapTiles>
      <MapTile TileID="1306" AltIDMod="0" />
    </MapTiles>
    <StaticTiles />
  </TransInfo>
  <TransInfo Description="Sand to Brown Brick(NS) SWA" HashKey="363636040404040436">
    <MapTiles>
      <MapTile TileID="1306" AltIDMod="0" />
    </MapTiles>
    <StaticTiles />
  </TransInfo>
  <TransInfo Description="Sand to Brown Brick(NS) SWA" HashKey="363604040436040404">
    <MapTiles>
      <MapTile TileID="1306" AltIDMod="0" />
    </MapTiles>
    <StaticTiles />
  </TransInfo>
  <TransInfo Description="Sand to Brown Brick(NS) SWA" HashKey="043636040404040436">
    <MapTiles>
      <MapTile TileID="1306" AltIDMod="0" />
    </MapTiles>
    <StaticTiles />
  </TransInfo>
  <TransInfo Description="Sand to Brown Brick(NS) SWA" HashKey="043604040436040404">
    <MapTiles>
      <MapTile TileID="1306" AltIDMod="0" />
    </MapTiles>
    <StaticTiles />
  </TransInfo>
  <TransInfo Description="Sand to Brown Brick(NS) SWA" HashKey="360404040436040404">
    <MapTiles>
      <MapTile TileID="1306" AltIDMod="0" />
    </MapTiles>
    <StaticTiles />
  </TransInfo>
  <TransInfo Description="Sand to Brown Brick(NS) SWA" HashKey="360436040404040436">
    <MapTiles>
      <MapTile TileID="1306" AltIDMod="0" />
    </MapTiles>
    <StaticTiles />
  </TransInfo>
  <TransInfo Description="Sand to Brown Brick(NS) SWA" HashKey="043604040436040436">
    <MapTiles>
      <MapTile TileID="1306" AltIDMod="0" />
    </MapTiles>
    <StaticTiles />
  </TransInfo>
  <TransInfo Description="Sand to Brown Brick(NS) SWA" HashKey="363604040436040436">
    <MapTiles>
      <MapTile TileID="1306" AltIDMod="0" />
    </MapTiles>
    <StaticTiles />
  </TransInfo>
  <TransInfo Description="Sand to Brown Brick(NS) NWB" HashKey="360404040404040404">
    <MapTiles>
      <MapTile TileID="1192" AltIDMod="0" />
    </MapTiles>
    <StaticTiles />
  </TransInfo>
  <TransInfo Description="Sand to Brown Brick(NS) SEB" HashKey="040404040404040436">
    <MapTiles>
      <MapTile TileID="1194" AltIDMod="0" />
    </MapTiles>
    <StaticTiles />
  </TransInfo>
  <TransInfo Description="Sand to Brown Brick(NS) NEB" HashKey="040436040404040404">
    <MapTiles>
      <MapTile TileID="1191" AltIDMod="0" />
      <MapTile TileID="1301" AltIDMod="0" />
    </MapTiles>
    <StaticTiles />
  </TransInfo>
  <TransInfo Description="Sand to Brown Brick(NS) SWB" HashKey="040404040404360404">
    <MapTiles>
      <MapTile TileID="1193" AltIDMod="0" />
      <MapTile TileID="1302" AltIDMod="0" />
    </MapTiles>
    <StaticTiles />
  </TransInfo>
  <TransInfo Description="Sand to Brown Brick(NS) AC" HashKey="040404360436040404">
    <MapTiles>
      <MapTile TileID="1171" AltIDMod="0" />
    </MapTiles>
    <StaticTiles />
  </TransInfo>
  <TransInfo Description="Sand to Brown Brick(NS) AC" HashKey="040404360436360404">
    <MapTiles>
      <MapTile TileID="1171" AltIDMod="0" />
    </MapTiles>
    <StaticTiles />
  </TransInfo>
  <TransInfo Description="Sand to Brown Brick(NS) AC" HashKey="040404360436043604">
    <MapTiles>
      <MapTile TileID="1171" AltIDMod="0" />
    </MapTiles>
    <StaticTiles />
  </TransInfo>
  <TransInfo Description="Sand to Brown Brick(NS) AC" HashKey="040404360436363604">
    <MapTiles>
      <MapTile TileID="1171" AltIDMod="0" />
    </MapTiles>
    <StaticTiles />
  </TransInfo>
  <TransInfo Description="Sand to Brown Brick(NS) AC" HashKey="040404360436040436">
    <MapTiles>
      <MapTile TileID="1171" AltIDMod="0" />
    </MapTiles>
    <StaticTiles />
  </TransInfo>
  <TransInfo Description="Sand to Brown Brick(NS) AC" HashKey="040404360436360436">
    <MapTiles>
      <MapTile TileID="1171" AltIDMod="0" />
    </MapTiles>
    <StaticTiles />
  </TransInfo>
  <TransInfo Description="Sand to Brown Brick(NS) AC" HashKey="040404360436043636">
    <MapTiles>
      <MapTile TileID="1171" AltIDMod="0" />
    </MapTiles>
    <StaticTiles />
  </TransInfo>
  <TransInfo Description="Sand to Brown Brick(NS) AC" HashKey="040404360436363636">
    <MapTiles>
      <MapTile TileID="1171" AltIDMod="0" />
    </MapTiles>
    <StaticTiles />
  </TransInfo>
  <TransInfo Description="Sand to Brown Brick(NS) AC" HashKey="040436360404043604">
    <MapTiles>
      <MapTile TileID="1171" AltIDMod="0" />
    </MapTiles>
    <StaticTiles />
  </TransInfo>
  <TransInfo Description="Sand to Brown Brick(NS) AC" HashKey="040436360404363604">
    <MapTiles>
      <MapTile TileID="1171" AltIDMod="0" />
    </MapTiles>
    <StaticTiles />
  </TransInfo>
  <TransInfo Description="Sand to Brown Brick(NS) AC" HashKey="040436360404040436">
    <MapTiles>
      <MapTile TileID="1171" AltIDMod="0" />
    </MapTiles>
    <StaticTiles />
  </TransInfo>
  <TransInfo Description="Sand to Brown Brick(NS) AC" HashKey="040436360404360436">
    <MapTiles>
      <MapTile TileID="1171" AltIDMod="0" />
    </MapTiles>
    <StaticTiles />
  </TransInfo>
  <TransInfo Description="Sand to Brown Brick(NS) AC" HashKey="040436360404043636">
    <MapTiles>
      <MapTile TileID="1171" AltIDMod="0" />
    </MapTiles>
    <StaticTiles />
  </TransInfo>
  <TransInfo Description="Sand to Brown Brick(NS) AC" HashKey="040436360404363636">
    <MapTiles>
      <MapTile TileID="1171" AltIDMod="0" />
    </MapTiles>
    <StaticTiles />
  </TransInfo>
  <TransInfo Description="Sand to Brown Brick(NS) AC" HashKey="040436360436040404">
    <MapTiles>
      <MapTile TileID="1171" AltIDMod="0" />
    </MapTiles>
    <StaticTiles />
  </TransInfo>
  <TransInfo Description="Sand to Brown Brick(NS) AC" HashKey="040436360436360404">
    <MapTiles>
      <MapTile TileID="1171" AltIDMod="0" />
    </MapTiles>
    <StaticTiles />
  </TransInfo>
  <TransInfo Description="Sand to Brown Brick(NS) AC" HashKey="040436360436043604">
    <MapTiles>
      <MapTile TileID="1171" AltIDMod="0" />
    </MapTiles>
    <StaticTiles />
  </TransInfo>
  <TransInfo Description="Sand to Brown Brick(NS) AC" HashKey="040436360436363604">
    <MapTiles>
      <MapTile TileID="1171" AltIDMod="0" />
    </MapTiles>
    <StaticTiles />
  </TransInfo>
  <TransInfo Description="Sand to Brown Brick(NS) AC" HashKey="040436360436040436">
    <MapTiles>
      <MapTile TileID="1171" AltIDMod="0" />
    </MapTiles>
    <StaticTiles />
  </TransInfo>
  <TransInfo Description="Sand to Brown Brick(NS) AC" HashKey="040436360436360436">
    <MapTiles>
      <MapTile TileID="1171" AltIDMod="0" />
    </MapTiles>
    <StaticTiles />
  </TransInfo>
  <TransInfo Description="Sand to Brown Brick(NS) AC" HashKey="040436360436043636">
    <MapTiles>
      <MapTile TileID="1171" AltIDMod="0" />
    </MapTiles>
    <StaticTiles />
  </TransInfo>
  <TransInfo Description="Sand to Brown Brick(NS) AC" HashKey="040436360436363636">
    <MapTiles>
      <MapTile TileID="1171" AltIDMod="0" />
    </MapTiles>
    <StaticTiles />
  </TransInfo>
  <TransInfo Description="Sand to Brown Brick(NS) AC" HashKey="043604040404043604">
    <MapTiles>
      <MapTile TileID="1171" AltIDMod="0" />
    </MapTiles>
    <StaticTiles />
  </TransInfo>
  <TransInfo Description="Sand to Brown Brick(NS) AC" HashKey="043604360404043604">
    <MapTiles>
      <MapTile TileID="1171" AltIDMod="0" />
    </MapTiles>
    <StaticTiles />
  </TransInfo>
  <TransInfo Description="Sand to Brown Brick(NS) AC" HashKey="043604040404363604">
    <MapTiles>
      <MapTile TileID="1171" AltIDMod="0" />
    </MapTiles>
    <StaticTiles />
  </TransInfo>
  <TransInfo Description="Sand to Brown Brick(NS) AC" HashKey="043604360404363604">
    <MapTiles>
      <MapTile TileID="1171" AltIDMod="0" />
    </MapTiles>
    <StaticTiles />
  </TransInfo>
  <TransInfo Description="Sand to Brown Brick(NS) AC" HashKey="043604360404040436">
    <MapTiles>
      <MapTile TileID="1171" AltIDMod="0" />
    </MapTiles>
    <StaticTiles />
  </TransInfo>
  <TransInfo Description="Sand to Brown Brick(NS) AC" HashKey="043604040404360436">
    <MapTiles>
      <MapTile TileID="1171" AltIDMod="0" />
    </MapTiles>
    <StaticTiles />
  </TransInfo>
  <TransInfo Description="Sand to Brown Brick(NS) AC" HashKey="043604360404360436">
    <MapTiles>
      <MapTile TileID="1171" AltIDMod="0" />
    </MapTiles>
    <StaticTiles />
  </TransInfo>
  <TransInfo Description="Sand to Brown Brick(NS) AC" HashKey="043604040404043636">
    <MapTiles>
      <MapTile TileID="1171" AltIDMod="0" />
    </MapTiles>
    <StaticTiles />
  </TransInfo>
  <TransInfo Description="Sand to Brown Brick(NS) AC" HashKey="043604360404043636">
    <MapTiles>
      <MapTile TileID="1171" AltIDMod="0" />
    </MapTiles>
    <StaticTiles />
  </TransInfo>
  <TransInfo Description="Sand to Brown Brick(NS) AC" HashKey="043604040404363636">
    <MapTiles>
      <MapTile TileID="1171" AltIDMod="0" />
    </MapTiles>
    <StaticTiles />
  </TransInfo>
  <TransInfo Description="Sand to Brown Brick(NS) AC" HashKey="043604360404363636">
    <MapTiles>
      <MapTile TileID="1171" AltIDMod="0" />
    </MapTiles>
    <StaticTiles />
  </TransInfo>
  <TransInfo Description="Sand to Brown Brick(NS) AC" HashKey="043604360436040404">
    <MapTiles>
      <MapTile TileID="1171" AltIDMod="0" />
    </MapTiles>
    <StaticTiles />
  </TransInfo>
  <TransInfo Description="Sand to Brown Brick(NS) AC" HashKey="043604040436360404">
    <MapTiles>
      <MapTile TileID="1171" AltIDMod="0" />
    </MapTiles>
    <StaticTiles />
  </TransInfo>
  <TransInfo Description="Sand to Brown Brick(NS) AC" HashKey="043604360436360404">
    <MapTiles>
      <MapTile TileID="1171" AltIDMod="0" />
    </MapTiles>
    <StaticTiles />
  </TransInfo>
  <TransInfo Description="Sand to Brown Brick(NS) AC" HashKey="043604040436043604">
    <MapTiles>
      <MapTile TileID="1171" AltIDMod="0" />
    </MapTiles>
    <StaticTiles />
  </TransInfo>
  <TransInfo Description="Sand to Brown Brick(NS) AC" HashKey="043604360436043604">
    <MapTiles>
      <MapTile TileID="1171" AltIDMod="0" />
    </MapTiles>
    <StaticTiles />
  </TransInfo>
  <TransInfo Description="Sand to Brown Brick(NS) AC" HashKey="043604040436363604">
    <MapTiles>
      <MapTile TileID="1171" AltIDMod="0" />
    </MapTiles>
    <StaticTiles />
  </TransInfo>
  <TransInfo Description="Sand to Brown Brick(NS) AC" HashKey="043604360436363604">
    <MapTiles>
      <MapTile TileID="1171" AltIDMod="0" />
    </MapTiles>
    <StaticTiles />
  </TransInfo>
  <TransInfo Description="Sand to Brown Brick(NS) AC" HashKey="043604360436040436">
    <MapTiles>
      <MapTile TileID="1171" AltIDMod="0" />
    </MapTiles>
    <StaticTiles />
  </TransInfo>
  <TransInfo Description="Sand to Brown Brick(NS) AC" HashKey="043604040436360436">
    <MapTiles>
      <MapTile TileID="1171" AltIDMod="0" />
    </MapTiles>
    <StaticTiles />
  </TransInfo>
  <TransInfo Description="Sand to Brown Brick(NS) AC" HashKey="043604360436360436">
    <MapTiles>
      <MapTile TileID="1171" AltIDMod="0" />
    </MapTiles>
    <StaticTiles />
  </TransInfo>
  <TransInfo Description="Sand to Brown Brick(NS) AC" HashKey="043604040436043636">
    <MapTiles>
      <MapTile TileID="1171" AltIDMod="0" />
    </MapTiles>
    <StaticTiles />
  </TransInfo>
  <TransInfo Description="Sand to Brown Brick(NS) AC" HashKey="043604360436043636">
    <MapTiles>
      <MapTile TileID="1171" AltIDMod="0" />
    </MapTiles>
    <StaticTiles />
  </TransInfo>
  <TransInfo Description="Sand to Brown Brick(NS) AC" HashKey="043604040436363636">
    <MapTiles>
      <MapTile TileID="1171" AltIDMod="0" />
    </MapTiles>
    <StaticTiles />
  </TransInfo>
  <TransInfo Description="Sand to Brown Brick(NS) AC" HashKey="043604360436363636">
    <MapTiles>
      <MapTile TileID="1171" AltIDMod="0" />
    </MapTiles>
    <StaticTiles />
  </TransInfo>
  <TransInfo Description="Sand to Brown Brick(NS) AC" HashKey="043636040404043604">
    <MapTiles>
      <MapTile TileID="1171" AltIDMod="0" />
    </MapTiles>
    <StaticTiles />
  </TransInfo>
  <TransInfo Description="Sand to Brown Brick(NS) AC" HashKey="043636360404043604">
    <MapTiles>
      <MapTile TileID="1171" AltIDMod="0" />
    </MapTiles>
    <StaticTiles />
  </TransInfo>
  <TransInfo Description="Sand to Brown Brick(NS) AC" HashKey="043636040404363604">
    <MapTiles>
      <MapTile TileID="1171" AltIDMod="0" />
    </MapTiles>
    <StaticTiles />
  </TransInfo>
  <TransInfo Description="Sand to Brown Brick(NS) AC" HashKey="043636360404363604">
    <MapTiles>
      <MapTile TileID="1171" AltIDMod="0" />
    </MapTiles>
    <StaticTiles />
  </TransInfo>
  <TransInfo Description="Sand to Brown Brick(NS) AC" HashKey="043636360404040436">
    <MapTiles>
      <MapTile TileID="1171" AltIDMod="0" />
    </MapTiles>
    <StaticTiles />
  </TransInfo>
  <TransInfo Description="Sand to Brown Brick(NS) AC" HashKey="043636040404360436">
    <MapTiles>
      <MapTile TileID="1171" AltIDMod="0" />
    </MapTiles>
    <StaticTiles />
  </TransInfo>
  <TransInfo Description="Sand to Brown Brick(NS) AC" HashKey="043636360404360436">
    <MapTiles>
      <MapTile TileID="1171" AltIDMod="0" />
    </MapTiles>
    <StaticTiles />
  </TransInfo>
  <TransInfo Description="Sand to Brown Brick(NS) AC" HashKey="043636040404043636">
    <MapTiles>
      <MapTile TileID="1171" AltIDMod="0" />
    </MapTiles>
    <StaticTiles />
  </TransInfo>
  <TransInfo Description="Sand to Brown Brick(NS) AC" HashKey="043636360404043636">
    <MapTiles>
      <MapTile TileID="1171" AltIDMod="0" />
    </MapTiles>
    <StaticTiles />
  </TransInfo>
  <TransInfo Description="Sand to Brown Brick(NS) AC" HashKey="043636040404363636">
    <MapTiles>
      <MapTile TileID="1171" AltIDMod="0" />
    </MapTiles>
    <StaticTiles />
  </TransInfo>
  <TransInfo Description="Sand to Brown Brick(NS) AC" HashKey="043636360404363636">
    <MapTiles>
      <MapTile TileID="1171" AltIDMod="0" />
    </MapTiles>
    <StaticTiles />
  </TransInfo>
  <TransInfo Description="Sand to Brown Brick(NS) AC" HashKey="043636360436040404">
    <MapTiles>
      <MapTile TileID="1171" AltIDMod="0" />
    </MapTiles>
    <StaticTiles />
  </TransInfo>
  <TransInfo Description="Sand to Brown Brick(NS) AC" HashKey="043636040436360404">
    <MapTiles>
      <MapTile TileID="1171" AltIDMod="0" />
    </MapTiles>
    <StaticTiles />
  </TransInfo>
  <TransInfo Description="Sand to Brown Brick(NS) AC" HashKey="043636360436360404">
    <MapTiles>
      <MapTile TileID="1171" AltIDMod="0" />
    </MapTiles>
    <StaticTiles />
  </TransInfo>
  <TransInfo Description="Sand to Brown Brick(NS) AC" HashKey="043636040436043604">
    <MapTiles>
      <MapTile TileID="1171" AltIDMod="0" />
    </MapTiles>
    <StaticTiles />
  </TransInfo>
  <TransInfo Description="Sand to Brown Brick(NS) AC" HashKey="043636360436043604">
    <MapTiles>
      <MapTile TileID="1171" AltIDMod="0" />
    </MapTiles>
    <StaticTiles />
  </TransInfo>
  <TransInfo Description="Sand to Brown Brick(NS) AC" HashKey="043636040436363604">
    <MapTiles>
      <MapTile TileID="1171" AltIDMod="0" />
    </MapTiles>
    <StaticTiles />
  </TransInfo>
  <TransInfo Description="Sand to Brown Brick(NS) AC" HashKey="043636360436363604">
    <MapTiles>
      <MapTile TileID="1171" AltIDMod="0" />
    </MapTiles>
    <StaticTiles />
  </TransInfo>
  <TransInfo Description="Sand to Brown Brick(NS) AC" HashKey="043636360436040436">
    <MapTiles>
      <MapTile TileID="1171" AltIDMod="0" />
    </MapTiles>
    <StaticTiles />
  </TransInfo>
  <TransInfo Description="Sand to Brown Brick(NS) AC" HashKey="043636040436360436">
    <MapTiles>
      <MapTile TileID="1171" AltIDMod="0" />
    </MapTiles>
    <StaticTiles />
  </TransInfo>
  <TransInfo Description="Sand to Brown Brick(NS) AC" HashKey="043636360436360436">
    <MapTiles>
      <MapTile TileID="1171" AltIDMod="0" />
    </MapTiles>
    <StaticTiles />
  </TransInfo>
  <TransInfo Description="Sand to Brown Brick(NS) AC" HashKey="043636040436043636">
    <MapTiles>
      <MapTile TileID="1171" AltIDMod="0" />
    </MapTiles>
    <StaticTiles />
  </TransInfo>
  <TransInfo Description="Sand to Brown Brick(NS) AC" HashKey="043636360436043636">
    <MapTiles>
      <MapTile TileID="1171" AltIDMod="0" />
    </MapTiles>
    <StaticTiles />
  </TransInfo>
  <TransInfo Description="Sand to Brown Brick(NS) AC" HashKey="043636040436363636">
    <MapTiles>
      <MapTile TileID="1171" AltIDMod="0" />
    </MapTiles>
    <StaticTiles />
  </TransInfo>
  <TransInfo Description="Sand to Brown Brick(NS) AC" HashKey="043636360436363636">
    <MapTiles>
      <MapTile TileID="1171" AltIDMod="0" />
    </MapTiles>
    <StaticTiles />
  </TransInfo>
  <TransInfo Description="Sand to Brown Brick(NS) AC" HashKey="360404360436040404">
    <MapTiles>
      <MapTile TileID="1171" AltIDMod="0" />
    </MapTiles>
    <StaticTiles />
  </TransInfo>
  <TransInfo Description="Sand to Brown Brick(NS) AC" HashKey="360404040436360404">
    <MapTiles>
      <MapTile TileID="1171" AltIDMod="0" />
    </MapTiles>
    <StaticTiles />
  </TransInfo>
  <TransInfo Description="Sand to Brown Brick(NS) AC" HashKey="360404360436360404">
    <MapTiles>
      <MapTile TileID="1171" AltIDMod="0" />
    </MapTiles>
    <StaticTiles />
  </TransInfo>
  <TransInfo Description="Sand to Brown Brick(NS) AC" HashKey="360404040436043604">
    <MapTiles>
      <MapTile TileID="1171" AltIDMod="0" />
    </MapTiles>
    <StaticTiles />
  </TransInfo>
  <TransInfo Description="Sand to Brown Brick(NS) AC" HashKey="360404360436043604">
    <MapTiles>
      <MapTile TileID="1171" AltIDMod="0" />
    </MapTiles>
    <StaticTiles />
  </TransInfo>
  <TransInfo Description="Sand to Brown Brick(NS) AC" HashKey="360404040436363604">
    <MapTiles>
      <MapTile TileID="1171" AltIDMod="0" />
    </MapTiles>
    <StaticTiles />
  </TransInfo>
  <TransInfo Description="Sand to Brown Brick(NS) AC" HashKey="360404360436363604">
    <MapTiles>
      <MapTile TileID="1171" AltIDMod="0" />
    </MapTiles>
    <StaticTiles />
  </TransInfo>
  <TransInfo Description="Sand to Brown Brick(NS) AC" HashKey="360404360436040436">
    <MapTiles>
      <MapTile TileID="1171" AltIDMod="0" />
    </MapTiles>
    <StaticTiles />
  </TransInfo>
  <TransInfo Description="Sand to Brown Brick(NS) AC" HashKey="360404040436360436">
    <MapTiles>
      <MapTile TileID="1171" AltIDMod="0" />
    </MapTiles>
    <StaticTiles />
  </TransInfo>
  <TransInfo Description="Sand to Brown Brick(NS) AC" HashKey="360404360436360436">
    <MapTiles>
      <MapTile TileID="1171" AltIDMod="0" />
    </MapTiles>
    <StaticTiles />
  </TransInfo>
  <TransInfo Description="Sand to Brown Brick(NS) AC" HashKey="360404040436043636">
    <MapTiles>
      <MapTile TileID="1171" AltIDMod="0" />
    </MapTiles>
    <StaticTiles />
  </TransInfo>
  <TransInfo Description="Sand to Brown Brick(NS) AC" HashKey="360404360436043636">
    <MapTiles>
      <MapTile TileID="1171" AltIDMod="0" />
    </MapTiles>
    <StaticTiles />
  </TransInfo>
  <TransInfo Description="Sand to Brown Brick(NS) AC" HashKey="360404040436363636">
    <MapTiles>
      <MapTile TileID="1171" AltIDMod="0" />
    </MapTiles>
    <StaticTiles />
  </TransInfo>
  <TransInfo Description="Sand to Brown Brick(NS) AC" HashKey="360404360436363636">
    <MapTiles>
      <MapTile TileID="1171" AltIDMod="0" />
    </MapTiles>
    <StaticTiles />
  </TransInfo>
  <TransInfo Description="Sand to Brown Brick(NS) AC" HashKey="360436040404043604">
    <MapTiles>
      <MapTile TileID="1171" AltIDMod="0" />
    </MapTiles>
    <StaticTiles />
  </TransInfo>
  <TransInfo Description="Sand to Brown Brick(NS) AC" HashKey="360436360404043604">
    <MapTiles>
      <MapTile TileID="1171" AltIDMod="0" />
    </MapTiles>
    <StaticTiles />
  </TransInfo>
  <TransInfo Description="Sand to Brown Brick(NS) AC" HashKey="360436040404363604">
    <MapTiles>
      <MapTile TileID="1171" AltIDMod="0" />
    </MapTiles>
    <StaticTiles />
  </TransInfo>
  <TransInfo Description="Sand to Brown Brick(NS) AC" HashKey="360436360404363604">
    <MapTiles>
      <MapTile TileID="1171" AltIDMod="0" />
    </MapTiles>
    <StaticTiles />
  </TransInfo>
  <TransInfo Description="Sand to Brown Brick(NS) AC" HashKey="360436360404040436">
    <MapTiles>
      <MapTile TileID="1171" AltIDMod="0" />
    </MapTiles>
    <StaticTiles />
  </TransInfo>
  <TransInfo Description="Sand to Brown Brick(NS) AC" HashKey="360436040404360436">
    <MapTiles>
      <MapTile TileID="1171" AltIDMod="0" />
    </MapTiles>
    <StaticTiles />
  </TransInfo>
  <TransInfo Description="Sand to Brown Brick(NS) AC" HashKey="360436360404360436">
    <MapTiles>
      <MapTile TileID="1171" AltIDMod="0" />
    </MapTiles>
    <StaticTiles />
  </TransInfo>
  <TransInfo Description="Sand to Brown Brick(NS) AC" HashKey="360436040404043636">
    <MapTiles>
      <MapTile TileID="1171" AltIDMod="0" />
    </MapTiles>
    <StaticTiles />
  </TransInfo>
  <TransInfo Description="Sand to Brown Brick(NS) AC" HashKey="360436360404043636">
    <MapTiles>
      <MapTile TileID="1171" AltIDMod="0" />
    </MapTiles>
    <StaticTiles />
  </TransInfo>
  <TransInfo Description="Sand to Brown Brick(NS) AC" HashKey="360436040404363636">
    <MapTiles>
      <MapTile TileID="1171" AltIDMod="0" />
    </MapTiles>
    <StaticTiles />
  </TransInfo>
  <TransInfo Description="Sand to Brown Brick(NS) AC" HashKey="360436360404363636">
    <MapTiles>
      <MapTile TileID="1171" AltIDMod="0" />
    </MapTiles>
    <StaticTiles />
  </TransInfo>
  <TransInfo Description="Sand to Brown Brick(NS) AC" HashKey="360436360436040404">
    <MapTiles>
      <MapTile TileID="1171" AltIDMod="0" />
    </MapTiles>
    <StaticTiles />
  </TransInfo>
  <TransInfo Description="Sand to Brown Brick(NS) AC" HashKey="360436040436360404">
    <MapTiles>
      <MapTile TileID="1171" AltIDMod="0" />
    </MapTiles>
    <StaticTiles />
  </TransInfo>
  <TransInfo Description="Sand to Brown Brick(NS) AC" HashKey="360436360436360404">
    <MapTiles>
      <MapTile TileID="1171" AltIDMod="0" />
    </MapTiles>
    <StaticTiles />
  </TransInfo>
  <TransInfo Description="Sand to Brown Brick(NS) AC" HashKey="360436040436043604">
    <MapTiles>
      <MapTile TileID="1171" AltIDMod="0" />
    </MapTiles>
    <StaticTiles />
  </TransInfo>
  <TransInfo Description="Sand to Brown Brick(NS) AC" HashKey="360436360436043604">
    <MapTiles>
      <MapTile TileID="1171" AltIDMod="0" />
    </MapTiles>
    <StaticTiles />
  </TransInfo>
  <TransInfo Description="Sand to Brown Brick(NS) AC" HashKey="360436040436363604">
    <MapTiles>
      <MapTile TileID="1171" AltIDMod="0" />
    </MapTiles>
    <StaticTiles />
  </TransInfo>
  <TransInfo Description="Sand to Brown Brick(NS) AC" HashKey="360436360436363604">
    <MapTiles>
      <MapTile TileID="1171" AltIDMod="0" />
    </MapTiles>
    <StaticTiles />
  </TransInfo>
  <TransInfo Description="Sand to Brown Brick(NS) AC" HashKey="360436360436040436">
    <MapTiles>
      <MapTile TileID="1171" AltIDMod="0" />
    </MapTiles>
    <StaticTiles />
  </TransInfo>
  <TransInfo Description="Sand to Brown Brick(NS) AC" HashKey="360436040436360436">
    <MapTiles>
      <MapTile TileID="1171" AltIDMod="0" />
    </MapTiles>
    <StaticTiles />
  </TransInfo>
  <TransInfo Description="Sand to Brown Brick(NS) AC" HashKey="360436360436360436">
    <MapTiles>
      <MapTile TileID="1171" AltIDMod="0" />
    </MapTiles>
    <StaticTiles />
  </TransInfo>
  <TransInfo Description="Sand to Brown Brick(NS) AC" HashKey="360436040436043636">
    <MapTiles>
      <MapTile TileID="1171" AltIDMod="0" />
    </MapTiles>
    <StaticTiles />
  </TransInfo>
  <TransInfo Description="Sand to Brown Brick(NS) AC" HashKey="360436360436043636">
    <MapTiles>
      <MapTile TileID="1171" AltIDMod="0" />
    </MapTiles>
    <StaticTiles />
  </TransInfo>
  <TransInfo Description="Sand to Brown Brick(NS) AC" HashKey="360436040436363636">
    <MapTiles>
      <MapTile TileID="1171" AltIDMod="0" />
    </MapTiles>
    <StaticTiles />
  </TransInfo>
  <TransInfo Description="Sand to Brown Brick(NS) AC" HashKey="360436360436363636">
    <MapTiles>
      <MapTile TileID="1171" AltIDMod="0" />
    </MapTiles>
    <StaticTiles />
  </TransInfo>
  <TransInfo Description="Sand to Brown Brick(NS) AC" HashKey="363604040404043604">
    <MapTiles>
      <MapTile TileID="1171" AltIDMod="0" />
    </MapTiles>
    <StaticTiles />
  </TransInfo>
  <TransInfo Description="Sand to Brown Brick(NS) AC" HashKey="363604360404043604">
    <MapTiles>
      <MapTile TileID="1171" AltIDMod="0" />
    </MapTiles>
    <StaticTiles />
  </TransInfo>
  <TransInfo Description="Sand to Brown Brick(NS) AC" HashKey="363604040404363604">
    <MapTiles>
      <MapTile TileID="1171" AltIDMod="0" />
    </MapTiles>
    <StaticTiles />
  </TransInfo>
  <TransInfo Description="Sand to Brown Brick(NS) AC" HashKey="363604360404363604">
    <MapTiles>
      <MapTile TileID="1171" AltIDMod="0" />
    </MapTiles>
    <StaticTiles />
  </TransInfo>
  <TransInfo Description="Sand to Brown Brick(NS) AC" HashKey="363604360404040436">
    <MapTiles>
      <MapTile TileID="1171" AltIDMod="0" />
    </MapTiles>
    <StaticTiles />
  </TransInfo>
  <TransInfo Description="Sand to Brown Brick(NS) AC" HashKey="363604040404360436">
    <MapTiles>
      <MapTile TileID="1171" AltIDMod="0" />
    </MapTiles>
    <StaticTiles />
  </TransInfo>
  <TransInfo Description="Sand to Brown Brick(NS) AC" HashKey="363604360404360436">
    <MapTiles>
      <MapTile TileID="1171" AltIDMod="0" />
    </MapTiles>
    <StaticTiles />
  </TransInfo>
  <TransInfo Description="Sand to Brown Brick(NS) AC" HashKey="363604040404043636">
    <MapTiles>
      <MapTile TileID="1171" AltIDMod="0" />
    </MapTiles>
    <StaticTiles />
  </TransInfo>
  <TransInfo Description="Sand to Brown Brick(NS) AC" HashKey="363604360404043636">
    <MapTiles>
      <MapTile TileID="1171" AltIDMod="0" />
    </MapTiles>
    <StaticTiles />
  </TransInfo>
  <TransInfo Description="Sand to Brown Brick(NS) AC" HashKey="363604040404363636">
    <MapTiles>
      <MapTile TileID="1171" AltIDMod="0" />
    </MapTiles>
    <StaticTiles />
  </TransInfo>
  <TransInfo Description="Sand to Brown Brick(NS) AC" HashKey="363604360404363636">
    <MapTiles>
      <MapTile TileID="1171" AltIDMod="0" />
    </MapTiles>
    <StaticTiles />
  </TransInfo>
  <TransInfo Description="Sand to Brown Brick(NS) AC" HashKey="363604360436040404">
    <MapTiles>
      <MapTile TileID="1171" AltIDMod="0" />
    </MapTiles>
    <StaticTiles />
  </TransInfo>
  <TransInfo Description="Sand to Brown Brick(NS) AC" HashKey="363604040436360404">
    <MapTiles>
      <MapTile TileID="1171" AltIDMod="0" />
    </MapTiles>
    <StaticTiles />
  </TransInfo>
  <TransInfo Description="Sand to Brown Brick(NS) AC" HashKey="363604360436360404">
    <MapTiles>
      <MapTile TileID="1171" AltIDMod="0" />
    </MapTiles>
    <StaticTiles />
  </TransInfo>
  <TransInfo Description="Sand to Brown Brick(NS) AC" HashKey="363604040436043604">
    <MapTiles>
      <MapTile TileID="1171" AltIDMod="0" />
    </MapTiles>
    <StaticTiles />
  </TransInfo>
  <TransInfo Description="Sand to Brown Brick(NS) AC" HashKey="363604360436043604">
    <MapTiles>
      <MapTile TileID="1171" AltIDMod="0" />
    </MapTiles>
    <StaticTiles />
  </TransInfo>
  <TransInfo Description="Sand to Brown Brick(NS) AC" HashKey="363604040436363604">
    <MapTiles>
      <MapTile TileID="1171" AltIDMod="0" />
    </MapTiles>
    <StaticTiles />
  </TransInfo>
  <TransInfo Description="Sand to Brown Brick(NS) AC" HashKey="363604360436363604">
    <MapTiles>
      <MapTile TileID="1171" AltIDMod="0" />
    </MapTiles>
    <StaticTiles />
  </TransInfo>
  <TransInfo Description="Sand to Brown Brick(NS) AC" HashKey="363604360436040436">
    <MapTiles>
      <MapTile TileID="1171" AltIDMod="0" />
    </MapTiles>
    <StaticTiles />
  </TransInfo>
  <TransInfo Description="Sand to Brown Brick(NS) AC" HashKey="363604040436360436">
    <MapTiles>
      <MapTile TileID="1171" AltIDMod="0" />
    </MapTiles>
    <StaticTiles />
  </TransInfo>
  <TransInfo Description="Sand to Brown Brick(NS) AC" HashKey="363604360436360436">
    <MapTiles>
      <MapTile TileID="1171" AltIDMod="0" />
    </MapTiles>
    <StaticTiles />
  </TransInfo>
  <TransInfo Description="Sand to Brown Brick(NS) AC" HashKey="363604040436043636">
    <MapTiles>
      <MapTile TileID="1171" AltIDMod="0" />
    </MapTiles>
    <StaticTiles />
  </TransInfo>
  <TransInfo Description="Sand to Brown Brick(NS) AC" HashKey="363604360436043636">
    <MapTiles>
      <MapTile TileID="1171" AltIDMod="0" />
    </MapTiles>
    <StaticTiles />
  </TransInfo>
  <TransInfo Description="Sand to Brown Brick(NS) AC" HashKey="363604040436363636">
    <MapTiles>
      <MapTile TileID="1171" AltIDMod="0" />
    </MapTiles>
    <StaticTiles />
  </TransInfo>
  <TransInfo Description="Sand to Brown Brick(NS) AC" HashKey="363604360436363636">
    <MapTiles>
      <MapTile TileID="1171" AltIDMod="0" />
    </MapTiles>
    <StaticTiles />
  </TransInfo>
  <TransInfo Description="Sand to Brown Brick(NS) AC" HashKey="363636040404043604">
    <MapTiles>
      <MapTile TileID="1171" AltIDMod="0" />
    </MapTiles>
    <StaticTiles />
  </TransInfo>
  <TransInfo Description="Sand to Brown Brick(NS) AC" HashKey="363636360404043604">
    <MapTiles>
      <MapTile TileID="1171" AltIDMod="0" />
    </MapTiles>
    <StaticTiles />
  </TransInfo>
  <TransInfo Description="Sand to Brown Brick(NS) AC" HashKey="363636040404363604">
    <MapTiles>
      <MapTile TileID="1171" AltIDMod="0" />
    </MapTiles>
    <StaticTiles />
  </TransInfo>
  <TransInfo Description="Sand to Brown Brick(NS) AC" HashKey="363636360404363604">
    <MapTiles>
      <MapTile TileID="1171" AltIDMod="0" />
    </MapTiles>
    <StaticTiles />
  </TransInfo>
  <TransInfo Description="Sand to Brown Brick(NS) AC" HashKey="363636360404040436">
    <MapTiles>
      <MapTile TileID="1171" AltIDMod="0" />
    </MapTiles>
    <StaticTiles />
  </TransInfo>
  <TransInfo Description="Sand to Brown Brick(NS) AC" HashKey="363636040404360436">
    <MapTiles>
      <MapTile TileID="1171" AltIDMod="0" />
    </MapTiles>
    <StaticTiles />
  </TransInfo>
  <TransInfo Description="Sand to Brown Brick(NS) AC" HashKey="363636360404360436">
    <MapTiles>
      <MapTile TileID="1171" AltIDMod="0" />
    </MapTiles>
    <StaticTiles />
  </TransInfo>
  <TransInfo Description="Sand to Brown Brick(NS) AC" HashKey="363636040404043636">
    <MapTiles>
      <MapTile TileID="1171" AltIDMod="0" />
    </MapTiles>
    <StaticTiles />
  </TransInfo>
  <TransInfo Description="Sand to Brown Brick(NS) AC" HashKey="363636360404043636">
    <MapTiles>
      <MapTile TileID="1171" AltIDMod="0" />
    </MapTiles>
    <StaticTiles />
  </TransInfo>
  <TransInfo Description="Sand to Brown Brick(NS) AC" HashKey="363636040404363636">
    <MapTiles>
      <MapTile TileID="1171" AltIDMod="0" />
    </MapTiles>
    <StaticTiles />
  </TransInfo>
  <TransInfo Description="Sand to Brown Brick(NS) AC" HashKey="363636360404363636">
    <MapTiles>
      <MapTile TileID="1171" AltIDMod="0" />
    </MapTiles>
    <StaticTiles />
  </TransInfo>
  <TransInfo Description="Sand to Brown Brick(NS) AC" HashKey="363636360436040404">
    <MapTiles>
      <MapTile TileID="1171" AltIDMod="0" />
    </MapTiles>
    <StaticTiles />
  </TransInfo>
  <TransInfo Description="Sand to Brown Brick(NS) AC" HashKey="363636040436360404">
    <MapTiles>
      <MapTile TileID="1171" AltIDMod="0" />
    </MapTiles>
    <StaticTiles />
  </TransInfo>
  <TransInfo Description="Sand to Brown Brick(NS) AC" HashKey="363636360436360404">
    <MapTiles>
      <MapTile TileID="1171" AltIDMod="0" />
    </MapTiles>
    <StaticTiles />
  </TransInfo>
  <TransInfo Description="Sand to Brown Brick(NS) AC" HashKey="363636040436043604">
    <MapTiles>
      <MapTile TileID="1171" AltIDMod="0" />
    </MapTiles>
    <StaticTiles />
  </TransInfo>
  <TransInfo Description="Sand to Brown Brick(NS) AC" HashKey="363636360436043604">
    <MapTiles>
      <MapTile TileID="1171" AltIDMod="0" />
    </MapTiles>
    <StaticTiles />
  </TransInfo>
  <TransInfo Description="Sand to Brown Brick(NS) AC" HashKey="363636040436363604">
    <MapTiles>
      <MapTile TileID="1171" AltIDMod="0" />
    </MapTiles>
    <StaticTiles />
  </TransInfo>
  <TransInfo Description="Sand to Brown Brick(NS) AC" HashKey="363636360436363604">
    <MapTiles>
      <MapTile TileID="1171" AltIDMod="0" />
    </MapTiles>
    <StaticTiles />
  </TransInfo>
  <TransInfo Description="Sand to Brown Brick(NS) AC" HashKey="363636360436040436">
    <MapTiles>
      <MapTile TileID="1171" AltIDMod="0" />
    </MapTiles>
    <StaticTiles />
  </TransInfo>
  <TransInfo Description="Sand to Brown Brick(NS) AC" HashKey="363636040436360436">
    <MapTiles>
      <MapTile TileID="1171" AltIDMod="0" />
    </MapTiles>
    <StaticTiles />
  </TransInfo>
  <TransInfo Description="Sand to Brown Brick(NS) AC" HashKey="363636360436360436">
    <MapTiles>
      <MapTile TileID="1171" AltIDMod="0" />
    </MapTiles>
    <StaticTiles />
  </TransInfo>
  <TransInfo Description="Sand to Brown Brick(NS) AC" HashKey="363636040436043636">
    <MapTiles>
      <MapTile TileID="1171" AltIDMod="0" />
    </MapTiles>
    <StaticTiles />
  </TransInfo>
  <TransInfo Description="Sand to Brown Brick(NS) AC" HashKey="363636360436043636">
    <MapTiles>
      <MapTile TileID="1171" AltIDMod="0" />
    </MapTiles>
    <StaticTiles />
  </TransInfo>
  <TransInfo Description="Sand to Brown Brick(NS) AC" HashKey="363636040436363636">
    <MapTiles>
      <MapTile TileID="1171" AltIDMod="0" />
    </MapTiles>
    <StaticTiles />
  </TransInfo>
  <TransInfo Description="Sand to Brown Brick(NS) AC" HashKey="363636360436363636">
    <MapTiles>
      <MapTile TileID="1171" AltIDMod="0" />
    </MapTiles>
    <StaticTiles />
  </TransInfo>
  <TransInfo Description="Sand to Brown Brick(NS) IWE" HashKey="360404040404040436">
    <MapTiles>
      <MapTile TileID="22" AltIDMod="0" />
    </MapTiles>
    <StaticTiles />
  </TransInfo>
  <TransInfo Description="Sand to Brown Brick(NS) INS" HashKey="040436040404360404">
    <MapTiles>
      <MapTile TileID="22" AltIDMod="0" />
    </MapTiles>
    <StaticTiles />
  </TransInfo>
</Trans>