﻿<?xml version="1.0" encoding="utf-8"?>
<Trans>
    <TransInfo Description="Grass to Jungle" HashKey="0A0A0A808080808080">
    <MapTiles>
      <MapTile TileID="176" AltIDMod="0" />
    </MapTiles>
    <StaticTiles />
  </TransInfo>
  <TransInfo Description="Grass to Jungle" HashKey="800A0A808080808080">
    <MapTiles>
      <MapTile TileID="176" AltIDMod="0" />
    </MapTiles>
    <StaticTiles />
  </TransInfo>
  <TransInfo Description="Grass to Jungle" HashKey="0A0A80808080808080">
    <MapTiles>
      <MapTile TileID="176" AltIDMod="0" />
    </MapTiles>
    <StaticTiles />
  </TransInfo>
  <TransInfo Description="Grass to Jungle" HashKey="800A80808080808080">
    <MapTiles>
      <MapTile TileID="176" AltIDMod="0" />
    </MapTiles>
    <StaticTiles />
  </TransInfo>
  <TransInfo Description="Grass to Jungle" HashKey="0A800A808080808080">
    <MapTiles>
      <MapTile TileID="176" AltIDMod="0" />
    </MapTiles>
    <StaticTiles />
  </TransInfo>
  <TransInfo Description="Grass to Jungle" HashKey="0A80800A80800A8080">
    <MapTiles>
      <MapTile TileID="185" AltIDMod="0" />
    </MapTiles>
    <StaticTiles />
  </TransInfo>
  <TransInfo Description="Grass to Jungle" HashKey="0A80800A8080808080">
    <MapTiles>
      <MapTile TileID="185" AltIDMod="0" />
    </MapTiles>
    <StaticTiles />
  </TransInfo>
  <TransInfo Description="Grass to Jungle" HashKey="8080800A80800A8080">
    <MapTiles>
      <MapTile TileID="185" AltIDMod="0" />
    </MapTiles>
    <StaticTiles />
  </TransInfo>
  <TransInfo Description="Grass to Jungle" HashKey="8080800A8080808080">
    <MapTiles>
      <MapTile TileID="185" AltIDMod="0" />
    </MapTiles>
    <StaticTiles />
  </TransInfo>
  <TransInfo Description="Grass to Jungle" HashKey="0A80808080800A8080">
    <MapTiles>
      <MapTile TileID="185" AltIDMod="0" />
    </MapTiles>
    <StaticTiles />
  </TransInfo>
  <TransInfo Description="Grass to Jungle" HashKey="80800A80800A80800A">
    <MapTiles>
      <MapTile TileID="179" AltIDMod="0" />
    </MapTiles>
    <StaticTiles />
  </TransInfo>
  <TransInfo Description="Grass to Jungle" HashKey="80808080800A80800A">
    <MapTiles>
      <MapTile TileID="179" AltIDMod="0" />
    </MapTiles>
    <StaticTiles />
  </TransInfo>
  <TransInfo Description="Grass to Jungle" HashKey="80800A80800A808080">
    <MapTiles>
      <MapTile TileID="179" AltIDMod="0" />
    </MapTiles>
    <StaticTiles />
  </TransInfo>
  <TransInfo Description="Grass to Jungle" HashKey="80808080800A808080">
    <MapTiles>
      <MapTile TileID="179" AltIDMod="0" />
    </MapTiles>
    <StaticTiles />
  </TransInfo>
  <TransInfo Description="Grass to Jungle" HashKey="80800A80808080800A">
    <MapTiles>
      <MapTile TileID="179" AltIDMod="0" />
    </MapTiles>
    <StaticTiles />
  </TransInfo>
  <TransInfo Description="Grass to Jungle" HashKey="8080808080800A0A0A">
    <MapTiles>
      <MapTile TileID="182" AltIDMod="0" />
    </MapTiles>
    <StaticTiles />
  </TransInfo>
  <TransInfo Description="Grass to Jungle" HashKey="8080808080800A0A80">
    <MapTiles>
      <MapTile TileID="182" AltIDMod="0" />
    </MapTiles>
    <StaticTiles />
  </TransInfo>
  <TransInfo Description="Grass to Jungle" HashKey="808080808080800A0A">
    <MapTiles>
      <MapTile TileID="182" AltIDMod="0" />
    </MapTiles>
    <StaticTiles />
  </TransInfo>
  <TransInfo Description="Grass to Jungle" HashKey="808080808080800A80">
    <MapTiles>
      <MapTile TileID="182" AltIDMod="0" />
    </MapTiles>
    <StaticTiles />
  </TransInfo>
  <TransInfo Description="Grass to Jungle" HashKey="8080808080800A800A">
    <MapTiles>
      <MapTile TileID="182" AltIDMod="0" />
    </MapTiles>
    <StaticTiles />
  </TransInfo>
  <TransInfo Description="Grass to Jungle" HashKey="80800A80800A0A0A0A">
    <MapTiles>
      <MapTile TileID="190" AltIDMod="0" />
    </MapTiles>
    <StaticTiles />
  </TransInfo>
  <TransInfo Description="Grass to Jungle" HashKey="80808080800A0A0A0A">
    <MapTiles>
      <MapTile TileID="190" AltIDMod="0" />
    </MapTiles>
    <StaticTiles />
  </TransInfo>
  <TransInfo Description="Grass to Jungle" HashKey="80800A80800A800A0A">
    <MapTiles>
      <MapTile TileID="190" AltIDMod="0" />
    </MapTiles>
    <StaticTiles />
  </TransInfo>
  <TransInfo Description="Grass to Jungle" HashKey="80808080800A800A0A">
    <MapTiles>
      <MapTile TileID="190" AltIDMod="0" />
    </MapTiles>
    <StaticTiles />
  </TransInfo>
  <TransInfo Description="Grass to Jungle" HashKey="80808080800A800A80">
    <MapTiles>
      <MapTile TileID="190" AltIDMod="0" />
    </MapTiles>
    <StaticTiles />
  </TransInfo>
  <TransInfo Description="Grass to Jungle" HashKey="80800A808080800A0A">
    <MapTiles>
      <MapTile TileID="190" AltIDMod="0" />
    </MapTiles>
    <StaticTiles />
  </TransInfo>
  <TransInfo Description="Grass to Jungle" HashKey="80800A8080800A0A0A">
    <MapTiles>
      <MapTile TileID="190" AltIDMod="0" />
    </MapTiles>
    <StaticTiles />
  </TransInfo>
  <TransInfo Description="Grass to Jungle" HashKey="80800A8080800A0A80">
    <MapTiles>
      <MapTile TileID="190" AltIDMod="0" />
    </MapTiles>
    <StaticTiles />
  </TransInfo>
  <TransInfo Description="Grass to Jungle" HashKey="80808080800A0A800A">
    <MapTiles>
      <MapTile TileID="190" AltIDMod="0" />
    </MapTiles>
    <StaticTiles />
  </TransInfo>
  <TransInfo Description="Grass to Jungle" HashKey="80800A80800A0A800A">
    <MapTiles>
      <MapTile TileID="190" AltIDMod="0" />
    </MapTiles>
    <StaticTiles />
  </TransInfo>
  <TransInfo Description="Grass to Jungle" HashKey="80800A80800A0A0A80">
    <MapTiles>
      <MapTile TileID="190" AltIDMod="0" />
    </MapTiles>
    <StaticTiles />
  </TransInfo>
  <TransInfo Description="Grass to Jungle" HashKey="80800A80800A0A8080">
    <MapTiles>
      <MapTile TileID="190" AltIDMod="0" />
    </MapTiles>
    <StaticTiles />
  </TransInfo>
  <TransInfo Description="Grass to Jungle" HashKey="80800A808080800A80">
    <MapTiles>
      <MapTile TileID="190" AltIDMod="0" />
    </MapTiles>
    <StaticTiles />
  </TransInfo>
  <TransInfo Description="Grass to Jungle" HashKey="80808080800A0A8080">
    <MapTiles>
      <MapTile TileID="190" AltIDMod="0" />
    </MapTiles>
    <StaticTiles />
  </TransInfo>
  <TransInfo Description="Grass to Jungle" HashKey="80800A80800A800A80">
    <MapTiles>
      <MapTile TileID="190" AltIDMod="0" />
    </MapTiles>
    <StaticTiles />
  </TransInfo>
  <TransInfo Description="Grass to Jungle" HashKey="80800A8080800A800A">
    <MapTiles>
      <MapTile TileID="190" AltIDMod="0" />
    </MapTiles>
    <StaticTiles />
  </TransInfo>
  <TransInfo Description="Grass to Jungle" HashKey="80808080800A0A0A80">
    <MapTiles>
      <MapTile TileID="190" AltIDMod="0" />
    </MapTiles>
    <StaticTiles />
  </TransInfo>
  <TransInfo Description="Grass to Jungle" HashKey="0A0A0A0A80800A8080">
    <MapTiles>
      <MapTile TileID="188" AltIDMod="0" />
    </MapTiles>
    <StaticTiles />
  </TransInfo>
  <TransInfo Description="Grass to Jungle" HashKey="0A0A800A80800A8080">
    <MapTiles>
      <MapTile TileID="188" AltIDMod="0" />
    </MapTiles>
    <StaticTiles />
  </TransInfo>
  <TransInfo Description="Grass to Jungle" HashKey="0A0A0A0A8080808080">
    <MapTiles>
      <MapTile TileID="188" AltIDMod="0" />
    </MapTiles>
    <StaticTiles />
  </TransInfo>
  <TransInfo Description="Grass to Jungle" HashKey="0A0A800A8080808080">
    <MapTiles>
      <MapTile TileID="188" AltIDMod="0" />
    </MapTiles>
    <StaticTiles />
  </TransInfo>
  <TransInfo Description="Grass to Jungle" HashKey="0A800A0A8080808080">
    <MapTiles>
      <MapTile TileID="188" AltIDMod="0" />
    </MapTiles>
    <StaticTiles />
  </TransInfo>
  <TransInfo Description="Grass to Jungle" HashKey="0A0A808080800A8080">
    <MapTiles>
      <MapTile TileID="188" AltIDMod="0" />
    </MapTiles>
    <StaticTiles />
  </TransInfo>
  <TransInfo Description="Grass to Jungle" HashKey="800A0A8080800A8080">
    <MapTiles>
      <MapTile TileID="188" AltIDMod="0" />
    </MapTiles>
    <StaticTiles />
  </TransInfo>
  <TransInfo Description="Grass to Jungle" HashKey="0A800A8080800A8080">
    <MapTiles>
      <MapTile TileID="188" AltIDMod="0" />
    </MapTiles>
    <StaticTiles />
  </TransInfo>
  <TransInfo Description="Grass to Jungle" HashKey="0A0A0A8080800A8080">
    <MapTiles>
      <MapTile TileID="188" AltIDMod="0" />
    </MapTiles>
    <StaticTiles />
  </TransInfo>
  <TransInfo Description="Grass to Jungle" HashKey="800A800A8080808080">
    <MapTiles>
      <MapTile TileID="188" AltIDMod="0" />
    </MapTiles>
    <StaticTiles />
  </TransInfo>
  <TransInfo Description="Grass to Jungle" HashKey="0A800A0A80800A8080">
    <MapTiles>
      <MapTile TileID="188" AltIDMod="0" />
    </MapTiles>
    <StaticTiles />
  </TransInfo>
  <TransInfo Description="Grass to Jungle" HashKey="80800A0A80800A8080">
    <MapTiles>
      <MapTile TileID="188" AltIDMod="0" />
    </MapTiles>
    <StaticTiles />
  </TransInfo>
  <TransInfo Description="Grass to Jungle" HashKey="800A0A0A80800A8080">
    <MapTiles>
      <MapTile TileID="188" AltIDMod="0" />
    </MapTiles>
    <StaticTiles />
  </TransInfo>
  <TransInfo Description="Grass to Jungle" HashKey="80800A0A8080808080">
    <MapTiles>
      <MapTile TileID="188" AltIDMod="0" />
    </MapTiles>
    <StaticTiles />
  </TransInfo>
  <TransInfo Description="Grass to Jungle" HashKey="800A800A80800A8080">
    <MapTiles>
      <MapTile TileID="188" AltIDMod="0" />
    </MapTiles>
    <StaticTiles />
  </TransInfo>
  <TransInfo Description="Grass to Jungle" HashKey="800A808080800A8080">
    <MapTiles>
      <MapTile TileID="188" AltIDMod="0" />
    </MapTiles>
    <StaticTiles />
  </TransInfo>
  <TransInfo Description="Grass to Jungle" HashKey="800A0A0A8080808080">
    <MapTiles>
      <MapTile TileID="188" AltIDMod="0" />
    </MapTiles>
    <StaticTiles />
  </TransInfo>
  <TransInfo Description="Grass to Jungle" HashKey="0A80800A80800A0A0A">
    <MapTiles>
      <MapTile TileID="191" AltIDMod="0" />
    </MapTiles>
    <StaticTiles />
  </TransInfo>
  <TransInfo Description="Grass to Jungle" HashKey="8080800A80800A0A0A">
    <MapTiles>
      <MapTile TileID="191" AltIDMod="0" />
    </MapTiles>
    <StaticTiles />
  </TransInfo>
  <TransInfo Description="Grass to Jungle" HashKey="0A80800A80800A0A80">
    <MapTiles>
      <MapTile TileID="191" AltIDMod="0" />
    </MapTiles>
    <StaticTiles />
  </TransInfo>
  <TransInfo Description="Grass to Jungle" HashKey="8080800A80800A0A80">
    <MapTiles>
      <MapTile TileID="191" AltIDMod="0" />
    </MapTiles>
    <StaticTiles />
  </TransInfo>
  <TransInfo Description="Grass to Jungle" HashKey="8080800A8080800A80">
    <MapTiles>
      <MapTile TileID="191" AltIDMod="0" />
    </MapTiles>
    <StaticTiles />
  </TransInfo>
  <TransInfo Description="Grass to Jungle" HashKey="0A80800A808080800A">
    <MapTiles>
      <MapTile TileID="191" AltIDMod="0" />
    </MapTiles>
    <StaticTiles />
  </TransInfo>
  <TransInfo Description="Grass to Jungle" HashKey="0A80808080800A0A0A">
    <MapTiles>
      <MapTile TileID="191" AltIDMod="0" />
    </MapTiles>
    <StaticTiles />
  </TransInfo>
  <TransInfo Description="Grass to Jungle" HashKey="0A80808080800A0A80">
    <MapTiles>
      <MapTile TileID="191" AltIDMod="0" />
    </MapTiles>
    <StaticTiles />
  </TransInfo>
  <TransInfo Description="Grass to Jungle" HashKey="0A8080808080800A80">
    <MapTiles>
      <MapTile TileID="191" AltIDMod="0" />
    </MapTiles>
    <StaticTiles />
  </TransInfo>
  <TransInfo Description="Grass to Jungle" HashKey="8080800A80800A800A">
    <MapTiles>
      <MapTile TileID="191" AltIDMod="0" />
    </MapTiles>
    <StaticTiles />
  </TransInfo>
  <TransInfo Description="Grass to Jungle" HashKey="0A80800A80800A800A">
    <MapTiles>
      <MapTile TileID="191" AltIDMod="0" />
    </MapTiles>
    <StaticTiles />
  </TransInfo>
  <TransInfo Description="Grass to Jungle" HashKey="0A8080808080800A0A">
    <MapTiles>
      <MapTile TileID="191" AltIDMod="0" />
    </MapTiles>
    <StaticTiles />
  </TransInfo>
  <TransInfo Description="Grass to Jungle" HashKey="0A80800A8080800A0A">
    <MapTiles>
      <MapTile TileID="191" AltIDMod="0" />
    </MapTiles>
    <StaticTiles />
  </TransInfo>
  <TransInfo Description="Grass to Jungle" HashKey="8080800A8080800A0A">
    <MapTiles>
      <MapTile TileID="191" AltIDMod="0" />
    </MapTiles>
    <StaticTiles />
  </TransInfo>
  <TransInfo Description="Grass to Jungle" HashKey="8080800A808080800A">
    <MapTiles>
      <MapTile TileID="191" AltIDMod="0" />
    </MapTiles>
    <StaticTiles />
  </TransInfo>
  <TransInfo Description="Grass to Jungle" HashKey="0A80808080800A800A">
    <MapTiles>
      <MapTile TileID="191" AltIDMod="0" />
    </MapTiles>
    <StaticTiles />
  </TransInfo>
  <TransInfo Description="Grass to Jungle" HashKey="0A80800A8080800A80">
    <MapTiles>
      <MapTile TileID="191" AltIDMod="0" />
    </MapTiles>
    <StaticTiles />
  </TransInfo>
  <TransInfo Description="Grass to Jungle" HashKey="0A0A0A80800A80800A">
    <MapTiles>
      <MapTile TileID="189" AltIDMod="0" />
    </MapTiles>
    <StaticTiles />
  </TransInfo>
  <TransInfo Description="Grass to Jungle" HashKey="0A0A0A80800A808080">
    <MapTiles>
      <MapTile TileID="189" AltIDMod="0" />
    </MapTiles>
    <StaticTiles />
  </TransInfo>
  <TransInfo Description="Grass to Jungle" HashKey="800A0A80800A80800A">
    <MapTiles>
      <MapTile TileID="189" AltIDMod="0" />
    </MapTiles>
    <StaticTiles />
  </TransInfo>
  <TransInfo Description="Grass to Jungle" HashKey="800A0A80800A808080">
    <MapTiles>
      <MapTile TileID="189" AltIDMod="0" />
    </MapTiles>
    <StaticTiles />
  </TransInfo>
  <TransInfo Description="Grass to Jungle" HashKey="0A808080800A80800A">
    <MapTiles>
      <MapTile TileID="189" AltIDMod="0" />
    </MapTiles>
    <StaticTiles />
  </TransInfo>
  <TransInfo Description="Grass to Jungle" HashKey="0A800A80800A808080">
    <MapTiles>
      <MapTile TileID="189" AltIDMod="0" />
    </MapTiles>
    <StaticTiles />
  </TransInfo>
  <TransInfo Description="Grass to Jungle" HashKey="0A800A80800A80800A">
    <MapTiles>
      <MapTile TileID="189" AltIDMod="0" />
    </MapTiles>
    <StaticTiles />
  </TransInfo>
  <TransInfo Description="Grass to Jungle" HashKey="0A0A8080808080800A">
    <MapTiles>
      <MapTile TileID="189" AltIDMod="0" />
    </MapTiles>
    <StaticTiles />
  </TransInfo>
  <TransInfo Description="Grass to Jungle" HashKey="800A8080808080800A">
    <MapTiles>
      <MapTile TileID="189" AltIDMod="0" />
    </MapTiles>
    <StaticTiles />
  </TransInfo>
  <TransInfo Description="Grass to Jungle" HashKey="0A0A0A80808080800A">
    <MapTiles>
      <MapTile TileID="189" AltIDMod="0" />
    </MapTiles>
    <StaticTiles />
  </TransInfo>
  <TransInfo Description="Grass to Jungle" HashKey="0A0A8080800A808080">
    <MapTiles>
      <MapTile TileID="189" AltIDMod="0" />
    </MapTiles>
    <StaticTiles />
  </TransInfo>
  <TransInfo Description="Grass to Jungle" HashKey="800A0A80808080800A">
    <MapTiles>
      <MapTile TileID="189" AltIDMod="0" />
    </MapTiles>
    <StaticTiles />
  </TransInfo>
  <TransInfo Description="Grass to Jungle" HashKey="800A8080800A808080">
    <MapTiles>
      <MapTile TileID="189" AltIDMod="0" />
    </MapTiles>
    <StaticTiles />
  </TransInfo>
  <TransInfo Description="Grass to Jungle" HashKey="0A808080800A808080">
    <MapTiles>
      <MapTile TileID="189" AltIDMod="0" />
    </MapTiles>
    <StaticTiles />
  </TransInfo>
  <TransInfo Description="Grass to Jungle" HashKey="0A800A80808080800A">
    <MapTiles>
      <MapTile TileID="189" AltIDMod="0" />
    </MapTiles>
    <StaticTiles />
  </TransInfo>
  <TransInfo Description="Grass to Jungle" HashKey="800A8080800A80800A">
    <MapTiles>
      <MapTile TileID="189" AltIDMod="0" />
    </MapTiles>
    <StaticTiles />
  </TransInfo>
  <TransInfo Description="Grass to Jungle" HashKey="0A0A8080800A80800A">
    <MapTiles>
      <MapTile TileID="189" AltIDMod="0" />
    </MapTiles>
    <StaticTiles />
  </TransInfo>
  <TransInfo Description="Grass to Jungle" HashKey="0A8080808080808080">
    <MapTiles>
      <MapTile TileID="192" AltIDMod="0" />
    </MapTiles>
    <StaticTiles />
  </TransInfo>
  <TransInfo Description="Grass to Jungle" HashKey="80808080808080800A">
    <MapTiles>
      <MapTile TileID="194" AltIDMod="0" />
    </MapTiles>
    <StaticTiles />
  </TransInfo>
  <TransInfo Description="Grass to Jungle" HashKey="80800A808080808080">
    <MapTiles>
      <MapTile TileID="193" AltIDMod="0" />
    </MapTiles>
    <StaticTiles />
  </TransInfo>
  <TransInfo Description="Grass to Jungle" HashKey="8080808080800A8080">
    <MapTiles>
      <MapTile TileID="195" AltIDMod="0" />
    </MapTiles>
    <StaticTiles />
  </TransInfo>
</Trans>
