<?xml version="1.0"?>
<CEDConfig Version="3">
  <Port>2597</Port>
  <Map>
    <Map>C:\UO\Client PATH\map2.mul</Map>
    <StaIdx>C:\UO\Client PATH\staidx2.mul</StaIdx>
    <Statics>C:\UO\Client PATH\statics2.mul</Statics>
    <Width>288</Width>
    <Height>200</Height>
  </Map>
  <Tiledata>C:\UO\Client PATH\tiledata.mul</Tiledata>
  <Radarcol>C:\UO\Client PATH\radarcol.mul</Radarcol>
  <Accounts>
    <Account>
      <Name>admin</Name>
      <PasswordHash>sefsefsefsefsefsf23f23f23f23</PasswordHash>
      <AccessLevel>255</AccessLevel>
      <LastPos x="752" y="468"/>
      <Regions/>
    </Account>
  </Accounts>
  <Regions/>
</CEDConfig>
