<?xml version="1.0"?>
<CEDConfig Version="3">
  <Port>2597</Port>
  <Map>
    <Map>C:\UO\Client PATH\map4.mul</Map>
    <StaIdx>C:\UO\Client PATH\staidx4.mul</StaIdx>
    <Statics>C:\UO\Client PATH\statics4.mul</Statics>
    <Width>181</Width>
    <Height>181</Height>
  </Map>
  <Tiledata>C:\UO\Client PATH\tiledata.mul</Tiledata>
  <Radarcol>C:\UO\Client PATH\radarcol.mul</Radarcol>
  <Accounts>
    <Account>
      <Name>admin</Name>
      <PasswordHash>sefsefsefsefsefsf23f23f23f23</PasswordHash>
      <AccessLevel>255</AccessLevel>
      <LastPos x="10" y="10"/>
      <Regions/>
    </Account>
  </Accounts>
  <Regions/>
</CEDConfig>
