<?xml version="1.0" encoding="utf-8"?>
<CEDConfig Version="3">
  <Port>2597</Port>
  <Map>
    <Map>C:\UO\Client PATH\map1.mul</Map>
    <StaIdx>C:\UO\Client PATH\staidx1.mul</StaIdx>
    <Statics>C:\UO\Client PATH\statics1.mul</Statics>
    <Width>896</Width>
    <Height>512</Height>
  </Map>
  <Tiledata>C:\UO\Client PATH\tiledata.mul</Tiledata>
  <Radarcol>C:\UO\Client PATH\radarcol.mul</Radarcol>
  <Accounts>
    <Account>
      <Name>admin</Name>
      <PasswordHash>sefsefsefsefsefsf23f23f23f23</PasswordHash>
      <AccessLevel>255</AccessLevel>
      <LastPos x="6671" y="3560"/>
      <Regions/>
    </Account>
  </Accounts>
  <Regions/>
</CEDConfig>
