﻿<?xml version="1.0" encoding="utf-8"?>
<Trans>
    <TransInfo Description="Red Tile to Rock SN" HashKey="1212120F0F0F0F0F0F">
    <MapTiles>
      <MapTile TileID="1056" AltIDMod="0" />
    </MapTiles>
    <StaticTiles />
  </TransInfo>
  <TransInfo Description="Red Tile to Rock SN" HashKey="0F12120F0F0F0F0F0F">
    <MapTiles>
      <MapTile TileID="1056" AltIDMod="0" />
    </MapTiles>
    <StaticTiles />
  </TransInfo>
  <TransInfo Description="Red Tile to Rock SN" HashKey="12120F0F0F0F0F0F0F">
    <MapTiles>
      <MapTile TileID="1056" AltIDMod="0" />
    </MapTiles>
    <StaticTiles />
  </TransInfo>
  <TransInfo Description="Red Tile to Rock SN" HashKey="0F120F0F0F0F0F0F0F">
    <MapTiles>
      <MapTile TileID="1056" AltIDMod="0" />
    </MapTiles>
    <StaticTiles />
  </TransInfo>
  <TransInfo Description="Red Tile to Rock SN" HashKey="120F120F0F0F0F0F0F">
    <MapTiles>
      <MapTile TileID="1056" AltIDMod="0" />
    </MapTiles>
    <StaticTiles />
  </TransInfo>
  <TransInfo Description="Red Tile to Rock EW" HashKey="120F0F120F0F120F0F">
    <MapTiles>
      <MapTile TileID="1059" AltIDMod="0" />
    </MapTiles>
    <StaticTiles />
  </TransInfo>
  <TransInfo Description="Red Tile to Rock EW" HashKey="120F0F120F0F0F0F0F">
    <MapTiles>
      <MapTile TileID="1059" AltIDMod="0" />
    </MapTiles>
    <StaticTiles />
  </TransInfo>
  <TransInfo Description="Red Tile to Rock EW" HashKey="0F0F0F120F0F120F0F">
    <MapTiles>
      <MapTile TileID="1059" AltIDMod="0" />
    </MapTiles>
    <StaticTiles />
  </TransInfo>
  <TransInfo Description="Red Tile to Rock EW" HashKey="0F0F0F120F0F0F0F0F">
    <MapTiles>
      <MapTile TileID="1059" AltIDMod="0" />
    </MapTiles>
    <StaticTiles />
  </TransInfo>
  <TransInfo Description="Red Tile to Rock EW" HashKey="120F0F0F0F0F120F0F">
    <MapTiles>
      <MapTile TileID="1059" AltIDMod="0" />
    </MapTiles>
    <StaticTiles />
  </TransInfo>
  <TransInfo Description="Red Tile to Rock WE" HashKey="0F0F120F0F120F0F12">
    <MapTiles>
      <MapTile TileID="1058" AltIDMod="0" />
    </MapTiles>
    <StaticTiles />
  </TransInfo>
  <TransInfo Description="Red Tile to Rock WE" HashKey="0F0F0F0F0F120F0F12">
    <MapTiles>
      <MapTile TileID="1058" AltIDMod="0" />
    </MapTiles>
    <StaticTiles />
  </TransInfo>
  <TransInfo Description="Red Tile to Rock WE" HashKey="0F0F120F0F120F0F0F">
    <MapTiles>
      <MapTile TileID="1058" AltIDMod="0" />
    </MapTiles>
    <StaticTiles />
  </TransInfo>
  <TransInfo Description="Red Tile to Rock WE" HashKey="0F0F0F0F0F120F0F0F">
    <MapTiles>
      <MapTile TileID="1058" AltIDMod="0" />
    </MapTiles>
    <StaticTiles />
  </TransInfo>
  <TransInfo Description="Red Tile to Rock WE" HashKey="0F0F120F0F0F0F0F12">
    <MapTiles>
      <MapTile TileID="1058" AltIDMod="0" />
    </MapTiles>
    <StaticTiles />
  </TransInfo>
  <TransInfo Description="Red Tile to Rock NS" HashKey="0F0F0F0F0F0F121212">
    <MapTiles>
      <MapTile TileID="1059" AltIDMod="0" />
    </MapTiles>
    <StaticTiles />
  </TransInfo>
  <TransInfo Description="Red Tile to Rock NS" HashKey="0F0F0F0F0F0F12120F">
    <MapTiles>
      <MapTile TileID="1059" AltIDMod="0" />
    </MapTiles>
    <StaticTiles />
  </TransInfo>
  <TransInfo Description="Red Tile to Rock NS" HashKey="0F0F0F0F0F0F0F1212">
    <MapTiles>
      <MapTile TileID="1059" AltIDMod="0" />
    </MapTiles>
    <StaticTiles />
  </TransInfo>
  <TransInfo Description="Red Tile to Rock NS" HashKey="0F0F0F0F0F0F0F120F">
    <MapTiles>
      <MapTile TileID="1059" AltIDMod="0" />
    </MapTiles>
    <StaticTiles />
  </TransInfo>
  <TransInfo Description="Red Tile to Rock NS" HashKey="0F0F0F0F0F0F120F12">
    <MapTiles>
      <MapTile TileID="1059" AltIDMod="0" />
    </MapTiles>
    <StaticTiles />
  </TransInfo>
  <TransInfo Description="Red Tile to Rock NWA" HashKey="0F0F120F0F12121212">
    <MapTiles>
      <MapTile TileID="1063" AltIDMod="0" />
    </MapTiles>
    <StaticTiles />
  </TransInfo>
  <TransInfo Description="Red Tile to Rock NWA" HashKey="0F0F0F0F0F12121212">
    <MapTiles>
      <MapTile TileID="1063" AltIDMod="0" />
    </MapTiles>
    <StaticTiles />
  </TransInfo>
  <TransInfo Description="Red Tile to Rock NWA" HashKey="0F0F120F0F120F1212">
    <MapTiles>
      <MapTile TileID="1063" AltIDMod="0" />
    </MapTiles>
    <StaticTiles />
  </TransInfo>
  <TransInfo Description="Red Tile to Rock NWA" HashKey="0F0F0F0F0F120F1212">
    <MapTiles>
      <MapTile TileID="1063" AltIDMod="0" />
    </MapTiles>
    <StaticTiles />
  </TransInfo>
  <TransInfo Description="Red Tile to Rock NWA" HashKey="0F0F0F0F0F120F120F">
    <MapTiles>
      <MapTile TileID="1063" AltIDMod="0" />
    </MapTiles>
    <StaticTiles />
  </TransInfo>
  <TransInfo Description="Red Tile to Rock NWA" HashKey="0F0F120F0F0F0F1212">
    <MapTiles>
      <MapTile TileID="1063" AltIDMod="0" />
    </MapTiles>
    <StaticTiles />
  </TransInfo>
  <TransInfo Description="Red Tile to Rock NWA" HashKey="0F0F120F0F0F121212">
    <MapTiles>
      <MapTile TileID="1063" AltIDMod="0" />
    </MapTiles>
    <StaticTiles />
  </TransInfo>
  <TransInfo Description="Red Tile to Rock NWA" HashKey="0F0F120F0F0F12120F">
    <MapTiles>
      <MapTile TileID="1063" AltIDMod="0" />
    </MapTiles>
    <StaticTiles />
  </TransInfo>
  <TransInfo Description="Red Tile to Rock NWA" HashKey="0F0F0F0F0F12120F12">
    <MapTiles>
      <MapTile TileID="1063" AltIDMod="0" />
    </MapTiles>
    <StaticTiles />
  </TransInfo>
  <TransInfo Description="Red Tile to Rock NWA" HashKey="0F0F120F0F12120F12">
    <MapTiles>
      <MapTile TileID="1063" AltIDMod="0" />
    </MapTiles>
    <StaticTiles />
  </TransInfo>
  <TransInfo Description="Red Tile to Rock NWA" HashKey="0F0F120F0F1212120F">
    <MapTiles>
      <MapTile TileID="1063" AltIDMod="0" />
    </MapTiles>
    <StaticTiles />
  </TransInfo>
  <TransInfo Description="Red Tile to Rock NWA" HashKey="0F0F120F0F12120F0F">
    <MapTiles>
      <MapTile TileID="1063" AltIDMod="0" />
    </MapTiles>
    <StaticTiles />
  </TransInfo>
  <TransInfo Description="Red Tile to Rock NWA" HashKey="0F0F120F0F0F0F120F">
    <MapTiles>
      <MapTile TileID="1063" AltIDMod="0" />
    </MapTiles>
    <StaticTiles />
  </TransInfo>
  <TransInfo Description="Red Tile to Rock NWA" HashKey="0F0F0F0F0F12120F0F">
    <MapTiles>
      <MapTile TileID="1063" AltIDMod="0" />
    </MapTiles>
    <StaticTiles />
  </TransInfo>
  <TransInfo Description="Red Tile to Rock NWA" HashKey="0F0F120F0F120F120F">
    <MapTiles>
      <MapTile TileID="1063" AltIDMod="0" />
    </MapTiles>
    <StaticTiles />
  </TransInfo>
  <TransInfo Description="Red Tile to Rock NWA" HashKey="0F0F120F0F0F120F12">
    <MapTiles>
      <MapTile TileID="1063" AltIDMod="0" />
    </MapTiles>
    <StaticTiles />
  </TransInfo>
  <TransInfo Description="Red Tile to Rock NWA" HashKey="0F0F0F0F0F1212120F">
    <MapTiles>
      <MapTile TileID="1063" AltIDMod="0" />
    </MapTiles>
    <StaticTiles />
  </TransInfo>
  <TransInfo Description="Red Tile to Rock SEA" HashKey="121212120F0F120F0F">
    <MapTiles>
      <MapTile TileID="1061" AltIDMod="0" />
    </MapTiles>
    <StaticTiles />
  </TransInfo>
  <TransInfo Description="Red Tile to Rock SEA" HashKey="12120F120F0F120F0F">
    <MapTiles>
      <MapTile TileID="1061" AltIDMod="0" />
    </MapTiles>
    <StaticTiles />
  </TransInfo>
  <TransInfo Description="Red Tile to Rock SEA" HashKey="121212120F0F0F0F0F">
    <MapTiles>
      <MapTile TileID="1061" AltIDMod="0" />
    </MapTiles>
    <StaticTiles />
  </TransInfo>
  <TransInfo Description="Red Tile to Rock SEA" HashKey="12120F120F0F0F0F0F">
    <MapTiles>
      <MapTile TileID="1061" AltIDMod="0" />
    </MapTiles>
    <StaticTiles />
  </TransInfo>
  <TransInfo Description="Red Tile to Rock SEA" HashKey="120F12120F0F0F0F0F">
    <MapTiles>
      <MapTile TileID="1061" AltIDMod="0" />
    </MapTiles>
    <StaticTiles />
  </TransInfo>
  <TransInfo Description="Red Tile to Rock SEA" HashKey="12120F0F0F0F120F0F">
    <MapTiles>
      <MapTile TileID="1061" AltIDMod="0" />
    </MapTiles>
    <StaticTiles />
  </TransInfo>
  <TransInfo Description="Red Tile to Rock SEA" HashKey="0F12120F0F0F120F0F">
    <MapTiles>
      <MapTile TileID="1061" AltIDMod="0" />
    </MapTiles>
    <StaticTiles />
  </TransInfo>
  <TransInfo Description="Red Tile to Rock SEA" HashKey="120F120F0F0F120F0F">
    <MapTiles>
      <MapTile TileID="1061" AltIDMod="0" />
    </MapTiles>
    <StaticTiles />
  </TransInfo>
  <TransInfo Description="Red Tile to Rock SEA" HashKey="1212120F0F0F120F0F">
    <MapTiles>
      <MapTile TileID="1061" AltIDMod="0" />
    </MapTiles>
    <StaticTiles />
  </TransInfo>
  <TransInfo Description="Red Tile to Rock SEA" HashKey="0F120F120F0F0F0F0F">
    <MapTiles>
      <MapTile TileID="1061" AltIDMod="0" />
    </MapTiles>
    <StaticTiles />
  </TransInfo>
  <TransInfo Description="Red Tile to Rock SEA" HashKey="120F12120F0F120F0F">
    <MapTiles>
      <MapTile TileID="1061" AltIDMod="0" />
    </MapTiles>
    <StaticTiles />
  </TransInfo>
  <TransInfo Description="Red Tile to Rock SEA" HashKey="0F0F12120F0F120F0F">
    <MapTiles>
      <MapTile TileID="1061" AltIDMod="0" />
    </MapTiles>
    <StaticTiles />
  </TransInfo>
  <TransInfo Description="Red Tile to Rock SEA" HashKey="0F1212120F0F120F0F">
    <MapTiles>
      <MapTile TileID="1061" AltIDMod="0" />
    </MapTiles>
    <StaticTiles />
  </TransInfo>
  <TransInfo Description="Red Tile to Rock SEA" HashKey="0F0F12120F0F0F0F0F">
    <MapTiles>
      <MapTile TileID="1061" AltIDMod="0" />
    </MapTiles>
    <StaticTiles />
  </TransInfo>
  <TransInfo Description="Red Tile to Rock SEA" HashKey="0F120F120F0F120F0F">
    <MapTiles>
      <MapTile TileID="1061" AltIDMod="0" />
    </MapTiles>
    <StaticTiles />
  </TransInfo>
  <TransInfo Description="Red Tile to Rock SEA" HashKey="0F120F0F0F0F120F0F">
    <MapTiles>
      <MapTile TileID="1061" AltIDMod="0" />
    </MapTiles>
    <StaticTiles />
  </TransInfo>
  <TransInfo Description="Red Tile to Rock SEA" HashKey="0F1212120F0F0F0F0F">
    <MapTiles>
      <MapTile TileID="1061" AltIDMod="0" />
    </MapTiles>
    <StaticTiles />
  </TransInfo>
  <TransInfo Description="Red Tile to Rock NEA" HashKey="120F0F120F0F121212">
    <MapTiles>
      <MapTile TileID="1060" AltIDMod="0" />
    </MapTiles>
    <StaticTiles />
  </TransInfo>
  <TransInfo Description="Red Tile to Rock NEA" HashKey="0F0F0F120F0F121212">
    <MapTiles>
      <MapTile TileID="1060" AltIDMod="0" />
    </MapTiles>
    <StaticTiles />
  </TransInfo>
  <TransInfo Description="Red Tile to Rock NEA" HashKey="120F0F120F0F12120F">
    <MapTiles>
      <MapTile TileID="1060" AltIDMod="0" />
    </MapTiles>
    <StaticTiles />
  </TransInfo>
  <TransInfo Description="Red Tile to Rock NEA" HashKey="0F0F0F120F0F12120F">
    <MapTiles>
      <MapTile TileID="1060" AltIDMod="0" />
    </MapTiles>
    <StaticTiles />
  </TransInfo>
  <TransInfo Description="Red Tile to Rock NEA" HashKey="0F0F0F120F0F0F120F">
    <MapTiles>
      <MapTile TileID="1060" AltIDMod="0" />
    </MapTiles>
    <StaticTiles />
  </TransInfo>
  <TransInfo Description="Red Tile to Rock NEA" HashKey="120F0F120F0F0F0F12">
    <MapTiles>
      <MapTile TileID="1060" AltIDMod="0" />
    </MapTiles>
    <StaticTiles />
  </TransInfo>
  <TransInfo Description="Red Tile to Rock NEA" HashKey="120F0F0F0F0F121212">
    <MapTiles>
      <MapTile TileID="1060" AltIDMod="0" />
    </MapTiles>
    <StaticTiles />
  </TransInfo>
  <TransInfo Description="Red Tile to Rock NEA" HashKey="120F0F0F0F0F12120F">
    <MapTiles>
      <MapTile TileID="1060" AltIDMod="0" />
    </MapTiles>
    <StaticTiles />
  </TransInfo>
  <TransInfo Description="Red Tile to Rock NEA" HashKey="120F0F0F0F0F0F120F">
    <MapTiles>
      <MapTile TileID="1060" AltIDMod="0" />
    </MapTiles>
    <StaticTiles />
  </TransInfo>
  <TransInfo Description="Red Tile to Rock NEA" HashKey="0F0F0F120F0F120F12">
    <MapTiles>
      <MapTile TileID="1060" AltIDMod="0" />
    </MapTiles>
    <StaticTiles />
  </TransInfo>
  <TransInfo Description="Red Tile to Rock NEA" HashKey="120F0F120F0F120F12">
    <MapTiles>
      <MapTile TileID="1060" AltIDMod="0" />
    </MapTiles>
    <StaticTiles />
  </TransInfo>
  <TransInfo Description="Red Tile to Rock NEA" HashKey="120F0F0F0F0F0F1212">
    <MapTiles>
      <MapTile TileID="1060" AltIDMod="0" />
    </MapTiles>
    <StaticTiles />
  </TransInfo>
  <TransInfo Description="Red Tile to Rock NEA" HashKey="120F0F120F0F0F1212">
    <MapTiles>
      <MapTile TileID="1060" AltIDMod="0" />
    </MapTiles>
    <StaticTiles />
  </TransInfo>
  <TransInfo Description="Red Tile to Rock NEA" HashKey="0F0F0F120F0F0F1212">
    <MapTiles>
      <MapTile TileID="1060" AltIDMod="0" />
    </MapTiles>
    <StaticTiles />
  </TransInfo>
  <TransInfo Description="Red Tile to Rock NEA" HashKey="0F0F0F120F0F0F0F12">
    <MapTiles>
      <MapTile TileID="1060" AltIDMod="0" />
    </MapTiles>
    <StaticTiles />
  </TransInfo>
  <TransInfo Description="Red Tile to Rock NEA" HashKey="120F0F0F0F0F120F12">
    <MapTiles>
      <MapTile TileID="1060" AltIDMod="0" />
    </MapTiles>
    <StaticTiles />
  </TransInfo>
  <TransInfo Description="Red Tile to Rock NEA" HashKey="120F0F120F0F0F120F">
    <MapTiles>
      <MapTile TileID="1060" AltIDMod="0" />
    </MapTiles>
    <StaticTiles />
  </TransInfo>
  <TransInfo Description="Red Tile to Rock SWA" HashKey="1212120F0F120F0F12">
    <MapTiles>
      <MapTile TileID="1062" AltIDMod="0" />
    </MapTiles>
    <StaticTiles />
  </TransInfo>
  <TransInfo Description="Red Tile to Rock SWA" HashKey="1212120F0F120F0F0F">
    <MapTiles>
      <MapTile TileID="1062" AltIDMod="0" />
    </MapTiles>
    <StaticTiles />
  </TransInfo>
  <TransInfo Description="Red Tile to Rock SWA" HashKey="0F12120F0F120F0F12">
    <MapTiles>
      <MapTile TileID="1062" AltIDMod="0" />
    </MapTiles>
    <StaticTiles />
  </TransInfo>
  <TransInfo Description="Red Tile to Rock SWA" HashKey="0F12120F0F120F0F0F">
    <MapTiles>
      <MapTile TileID="1062" AltIDMod="0" />
    </MapTiles>
    <StaticTiles />
  </TransInfo>
  <TransInfo Description="Red Tile to Rock SWA" HashKey="120F0F0F0F120F0F12">
    <MapTiles>
      <MapTile TileID="1062" AltIDMod="0" />
    </MapTiles>
    <StaticTiles />
  </TransInfo>
  <TransInfo Description="Red Tile to Rock SWA" HashKey="120F120F0F120F0F0F">
    <MapTiles>
      <MapTile TileID="1062" AltIDMod="0" />
    </MapTiles>
    <StaticTiles />
  </TransInfo>
  <TransInfo Description="Red Tile to Rock SWA" HashKey="120F120F0F120F0F12">
    <MapTiles>
      <MapTile TileID="1062" AltIDMod="0" />
    </MapTiles>
    <StaticTiles />
  </TransInfo>
  <TransInfo Description="Red Tile to Rock SWA" HashKey="12120F0F0F0F0F0F12">
    <MapTiles>
      <MapTile TileID="1062" AltIDMod="0" />
    </MapTiles>
    <StaticTiles />
  </TransInfo>
  <TransInfo Description="Red Tile to Rock SWA" HashKey="0F120F0F0F0F0F0F12">
    <MapTiles>
      <MapTile TileID="1062" AltIDMod="0" />
    </MapTiles>
    <StaticTiles />
  </TransInfo>
  <TransInfo Description="Red Tile to Rock SWA" HashKey="1212120F0F0F0F0F12">
    <MapTiles>
      <MapTile TileID="1062" AltIDMod="0" />
    </MapTiles>
    <StaticTiles />
  </TransInfo>
  <TransInfo Description="Red Tile to Rock SWA" HashKey="12120F0F0F120F0F0F">
    <MapTiles>
      <MapTile TileID="1062" AltIDMod="0" />
    </MapTiles>
    <StaticTiles />
  </TransInfo>
  <TransInfo Description="Red Tile to Rock SWA" HashKey="0F12120F0F0F0F0F12">
    <MapTiles>
      <MapTile TileID="1062" AltIDMod="0" />
    </MapTiles>
    <StaticTiles />
  </TransInfo>
  <TransInfo Description="Red Tile to Rock SWA" HashKey="0F120F0F0F120F0F0F">
    <MapTiles>
      <MapTile TileID="1062" AltIDMod="0" />
    </MapTiles>
    <StaticTiles />
  </TransInfo>
  <TransInfo Description="Red Tile to Rock SWA" HashKey="120F0F0F0F120F0F0F">
    <MapTiles>
      <MapTile TileID="1062" AltIDMod="0" />
    </MapTiles>
    <StaticTiles />
  </TransInfo>
  <TransInfo Description="Red Tile to Rock SWA" HashKey="120F120F0F0F0F0F12">
    <MapTiles>
      <MapTile TileID="1062" AltIDMod="0" />
    </MapTiles>
    <StaticTiles />
  </TransInfo>
  <TransInfo Description="Red Tile to Rock SWA" HashKey="0F120F0F0F120F0F12">
    <MapTiles>
      <MapTile TileID="1062" AltIDMod="0" />
    </MapTiles>
    <StaticTiles />
  </TransInfo>
  <TransInfo Description="Red Tile to Rock SWA" HashKey="12120F0F0F120F0F12">
    <MapTiles>
      <MapTile TileID="1062" AltIDMod="0" />
    </MapTiles>
    <StaticTiles />
  </TransInfo>
  <TransInfo Description="Red Tile to Rock NWB" HashKey="120F0F0F0F0F0F0F0F">
    <MapTiles>
      <MapTile TileID="1074" AltIDMod="0" />
    </MapTiles>
    <StaticTiles />
  </TransInfo>
  <TransInfo Description="Red Tile to Rock SEB" HashKey="0F0F0F0F0F0F0F0F12">
    <MapTiles>
      <MapTile TileID="1072" AltIDMod="0" />
    </MapTiles>
    <StaticTiles />
  </TransInfo>
  <TransInfo Description="Red Tile to Rock NEB" HashKey="0F0F120F0F0F0F0F0F">
    <MapTiles>
      <MapTile TileID="1075" AltIDMod="0" />
    </MapTiles>
    <StaticTiles />
  </TransInfo>
  <TransInfo Description="Red Tile to Rock SWB" HashKey="0F0F0F0F0F0F120F0F">
    <MapTiles>
      <MapTile TileID="1073" AltIDMod="0" />
    </MapTiles>
    <StaticTiles />
  </TransInfo>
  <TransInfo Description="Red Tile to Rock AC" HashKey="0F0F0F120F120F0F0F">
    <MapTiles>
      <MapTile TileID="556" AltIDMod="0" />
    </MapTiles>
    <StaticTiles />
  </TransInfo>
  <TransInfo Description="Red Tile to Rock AC" HashKey="0F0F0F120F12120F0F">
    <MapTiles>
      <MapTile TileID="556" AltIDMod="0" />
    </MapTiles>
    <StaticTiles />
  </TransInfo>
  <TransInfo Description="Red Tile to Rock AC" HashKey="0F0F0F120F120F120F">
    <MapTiles>
      <MapTile TileID="556" AltIDMod="0" />
    </MapTiles>
    <StaticTiles />
  </TransInfo>
  <TransInfo Description="Red Tile to Rock AC" HashKey="0F0F0F120F1212120F">
    <MapTiles>
      <MapTile TileID="556" AltIDMod="0" />
    </MapTiles>
    <StaticTiles />
  </TransInfo>
  <TransInfo Description="Red Tile to Rock AC" HashKey="0F0F0F120F120F0F12">
    <MapTiles>
      <MapTile TileID="556" AltIDMod="0" />
    </MapTiles>
    <StaticTiles />
  </TransInfo>
  <TransInfo Description="Red Tile to Rock AC" HashKey="0F0F0F120F12120F12">
    <MapTiles>
      <MapTile TileID="556" AltIDMod="0" />
    </MapTiles>
    <StaticTiles />
  </TransInfo>
  <TransInfo Description="Red Tile to Rock AC" HashKey="0F0F0F120F120F1212">
    <MapTiles>
      <MapTile TileID="556" AltIDMod="0" />
    </MapTiles>
    <StaticTiles />
  </TransInfo>
  <TransInfo Description="Red Tile to Rock AC" HashKey="0F0F0F120F12121212">
    <MapTiles>
      <MapTile TileID="556" AltIDMod="0" />
    </MapTiles>
    <StaticTiles />
  </TransInfo>
  <TransInfo Description="Red Tile to Rock AC" HashKey="0F0F12120F0F0F120F">
    <MapTiles>
      <MapTile TileID="556" AltIDMod="0" />
    </MapTiles>
    <StaticTiles />
  </TransInfo>
  <TransInfo Description="Red Tile to Rock AC" HashKey="0F0F12120F0F12120F">
    <MapTiles>
      <MapTile TileID="556" AltIDMod="0" />
    </MapTiles>
    <StaticTiles />
  </TransInfo>
  <TransInfo Description="Red Tile to Rock AC" HashKey="0F0F12120F0F0F0F12">
    <MapTiles>
      <MapTile TileID="556" AltIDMod="0" />
    </MapTiles>
    <StaticTiles />
  </TransInfo>
  <TransInfo Description="Red Tile to Rock AC" HashKey="0F0F12120F0F120F12">
    <MapTiles>
      <MapTile TileID="556" AltIDMod="0" />
    </MapTiles>
    <StaticTiles />
  </TransInfo>
  <TransInfo Description="Red Tile to Rock AC" HashKey="0F0F12120F0F0F1212">
    <MapTiles>
      <MapTile TileID="556" AltIDMod="0" />
    </MapTiles>
    <StaticTiles />
  </TransInfo>
  <TransInfo Description="Red Tile to Rock AC" HashKey="0F0F12120F0F121212">
    <MapTiles>
      <MapTile TileID="556" AltIDMod="0" />
    </MapTiles>
    <StaticTiles />
  </TransInfo>
  <TransInfo Description="Red Tile to Rock AC" HashKey="0F0F12120F120F0F0F">
    <MapTiles>
      <MapTile TileID="556" AltIDMod="0" />
    </MapTiles>
    <StaticTiles />
  </TransInfo>
  <TransInfo Description="Red Tile to Rock AC" HashKey="0F0F12120F12120F0F">
    <MapTiles>
      <MapTile TileID="556" AltIDMod="0" />
    </MapTiles>
    <StaticTiles />
  </TransInfo>
  <TransInfo Description="Red Tile to Rock AC" HashKey="0F0F12120F120F120F">
    <MapTiles>
      <MapTile TileID="556" AltIDMod="0" />
    </MapTiles>
    <StaticTiles />
  </TransInfo>
  <TransInfo Description="Red Tile to Rock AC" HashKey="0F0F12120F1212120F">
    <MapTiles>
      <MapTile TileID="556" AltIDMod="0" />
    </MapTiles>
    <StaticTiles />
  </TransInfo>
  <TransInfo Description="Red Tile to Rock AC" HashKey="0F0F12120F120F0F12">
    <MapTiles>
      <MapTile TileID="556" AltIDMod="0" />
    </MapTiles>
    <StaticTiles />
  </TransInfo>
  <TransInfo Description="Red Tile to Rock AC" HashKey="0F0F12120F12120F12">
    <MapTiles>
      <MapTile TileID="556" AltIDMod="0" />
    </MapTiles>
    <StaticTiles />
  </TransInfo>
  <TransInfo Description="Red Tile to Rock AC" HashKey="0F0F12120F120F1212">
    <MapTiles>
      <MapTile TileID="556" AltIDMod="0" />
    </MapTiles>
    <StaticTiles />
  </TransInfo>
  <TransInfo Description="Red Tile to Rock AC" HashKey="0F0F12120F12121212">
    <MapTiles>
      <MapTile TileID="556" AltIDMod="0" />
    </MapTiles>
    <StaticTiles />
  </TransInfo>
  <TransInfo Description="Red Tile to Rock AC" HashKey="0F120F0F0F0F0F120F">
    <MapTiles>
      <MapTile TileID="556" AltIDMod="0" />
    </MapTiles>
    <StaticTiles />
  </TransInfo>
  <TransInfo Description="Red Tile to Rock AC" HashKey="0F120F120F0F0F120F">
    <MapTiles>
      <MapTile TileID="556" AltIDMod="0" />
    </MapTiles>
    <StaticTiles />
  </TransInfo>
  <TransInfo Description="Red Tile to Rock AC" HashKey="0F120F0F0F0F12120F">
    <MapTiles>
      <MapTile TileID="556" AltIDMod="0" />
    </MapTiles>
    <StaticTiles />
  </TransInfo>
  <TransInfo Description="Red Tile to Rock AC" HashKey="0F120F120F0F12120F">
    <MapTiles>
      <MapTile TileID="556" AltIDMod="0" />
    </MapTiles>
    <StaticTiles />
  </TransInfo>
  <TransInfo Description="Red Tile to Rock AC" HashKey="0F120F120F0F0F0F12">
    <MapTiles>
      <MapTile TileID="556" AltIDMod="0" />
    </MapTiles>
    <StaticTiles />
  </TransInfo>
  <TransInfo Description="Red Tile to Rock AC" HashKey="0F120F0F0F0F120F12">
    <MapTiles>
      <MapTile TileID="556" AltIDMod="0" />
    </MapTiles>
    <StaticTiles />
  </TransInfo>
  <TransInfo Description="Red Tile to Rock AC" HashKey="0F120F120F0F120F12">
    <MapTiles>
      <MapTile TileID="556" AltIDMod="0" />
    </MapTiles>
    <StaticTiles />
  </TransInfo>
  <TransInfo Description="Red Tile to Rock AC" HashKey="0F120F0F0F0F0F1212">
    <MapTiles>
      <MapTile TileID="556" AltIDMod="0" />
    </MapTiles>
    <StaticTiles />
  </TransInfo>
  <TransInfo Description="Red Tile to Rock AC" HashKey="0F120F120F0F0F1212">
    <MapTiles>
      <MapTile TileID="556" AltIDMod="0" />
    </MapTiles>
    <StaticTiles />
  </TransInfo>
  <TransInfo Description="Red Tile to Rock AC" HashKey="0F120F0F0F0F121212">
    <MapTiles>
      <MapTile TileID="556" AltIDMod="0" />
    </MapTiles>
    <StaticTiles />
  </TransInfo>
  <TransInfo Description="Red Tile to Rock AC" HashKey="0F120F120F0F121212">
    <MapTiles>
      <MapTile TileID="556" AltIDMod="0" />
    </MapTiles>
    <StaticTiles />
  </TransInfo>
  <TransInfo Description="Red Tile to Rock AC" HashKey="0F120F120F120F0F0F">
    <MapTiles>
      <MapTile TileID="556" AltIDMod="0" />
    </MapTiles>
    <StaticTiles />
  </TransInfo>
  <TransInfo Description="Red Tile to Rock AC" HashKey="0F120F0F0F12120F0F">
    <MapTiles>
      <MapTile TileID="556" AltIDMod="0" />
    </MapTiles>
    <StaticTiles />
  </TransInfo>
  <TransInfo Description="Red Tile to Rock AC" HashKey="0F120F120F12120F0F">
    <MapTiles>
      <MapTile TileID="556" AltIDMod="0" />
    </MapTiles>
    <StaticTiles />
  </TransInfo>
  <TransInfo Description="Red Tile to Rock AC" HashKey="0F120F0F0F120F120F">
    <MapTiles>
      <MapTile TileID="556" AltIDMod="0" />
    </MapTiles>
    <StaticTiles />
  </TransInfo>
  <TransInfo Description="Red Tile to Rock AC" HashKey="0F120F120F120F120F">
    <MapTiles>
      <MapTile TileID="556" AltIDMod="0" />
    </MapTiles>
    <StaticTiles />
  </TransInfo>
  <TransInfo Description="Red Tile to Rock AC" HashKey="0F120F0F0F1212120F">
    <MapTiles>
      <MapTile TileID="556" AltIDMod="0" />
    </MapTiles>
    <StaticTiles />
  </TransInfo>
  <TransInfo Description="Red Tile to Rock AC" HashKey="0F120F120F1212120F">
    <MapTiles>
      <MapTile TileID="556" AltIDMod="0" />
    </MapTiles>
    <StaticTiles />
  </TransInfo>
  <TransInfo Description="Red Tile to Rock AC" HashKey="0F120F120F120F0F12">
    <MapTiles>
      <MapTile TileID="556" AltIDMod="0" />
    </MapTiles>
    <StaticTiles />
  </TransInfo>
  <TransInfo Description="Red Tile to Rock AC" HashKey="0F120F0F0F12120F12">
    <MapTiles>
      <MapTile TileID="556" AltIDMod="0" />
    </MapTiles>
    <StaticTiles />
  </TransInfo>
  <TransInfo Description="Red Tile to Rock AC" HashKey="0F120F120F12120F12">
    <MapTiles>
      <MapTile TileID="556" AltIDMod="0" />
    </MapTiles>
    <StaticTiles />
  </TransInfo>
  <TransInfo Description="Red Tile to Rock AC" HashKey="0F120F0F0F120F1212">
    <MapTiles>
      <MapTile TileID="556" AltIDMod="0" />
    </MapTiles>
    <StaticTiles />
  </TransInfo>
  <TransInfo Description="Red Tile to Rock AC" HashKey="0F120F120F120F1212">
    <MapTiles>
      <MapTile TileID="556" AltIDMod="0" />
    </MapTiles>
    <StaticTiles />
  </TransInfo>
  <TransInfo Description="Red Tile to Rock AC" HashKey="0F120F0F0F12121212">
    <MapTiles>
      <MapTile TileID="556" AltIDMod="0" />
    </MapTiles>
    <StaticTiles />
  </TransInfo>
  <TransInfo Description="Red Tile to Rock AC" HashKey="0F120F120F12121212">
    <MapTiles>
      <MapTile TileID="556" AltIDMod="0" />
    </MapTiles>
    <StaticTiles />
  </TransInfo>
  <TransInfo Description="Red Tile to Rock AC" HashKey="0F12120F0F0F0F120F">
    <MapTiles>
      <MapTile TileID="556" AltIDMod="0" />
    </MapTiles>
    <StaticTiles />
  </TransInfo>
  <TransInfo Description="Red Tile to Rock AC" HashKey="0F1212120F0F0F120F">
    <MapTiles>
      <MapTile TileID="556" AltIDMod="0" />
    </MapTiles>
    <StaticTiles />
  </TransInfo>
  <TransInfo Description="Red Tile to Rock AC" HashKey="0F12120F0F0F12120F">
    <MapTiles>
      <MapTile TileID="556" AltIDMod="0" />
    </MapTiles>
    <StaticTiles />
  </TransInfo>
  <TransInfo Description="Red Tile to Rock AC" HashKey="0F1212120F0F12120F">
    <MapTiles>
      <MapTile TileID="556" AltIDMod="0" />
    </MapTiles>
    <StaticTiles />
  </TransInfo>
  <TransInfo Description="Red Tile to Rock AC" HashKey="0F1212120F0F0F0F12">
    <MapTiles>
      <MapTile TileID="556" AltIDMod="0" />
    </MapTiles>
    <StaticTiles />
  </TransInfo>
  <TransInfo Description="Red Tile to Rock AC" HashKey="0F12120F0F0F120F12">
    <MapTiles>
      <MapTile TileID="556" AltIDMod="0" />
    </MapTiles>
    <StaticTiles />
  </TransInfo>
  <TransInfo Description="Red Tile to Rock AC" HashKey="0F1212120F0F120F12">
    <MapTiles>
      <MapTile TileID="556" AltIDMod="0" />
    </MapTiles>
    <StaticTiles />
  </TransInfo>
  <TransInfo Description="Red Tile to Rock AC" HashKey="0F12120F0F0F0F1212">
    <MapTiles>
      <MapTile TileID="556" AltIDMod="0" />
    </MapTiles>
    <StaticTiles />
  </TransInfo>
  <TransInfo Description="Red Tile to Rock AC" HashKey="0F1212120F0F0F1212">
    <MapTiles>
      <MapTile TileID="556" AltIDMod="0" />
    </MapTiles>
    <StaticTiles />
  </TransInfo>
  <TransInfo Description="Red Tile to Rock AC" HashKey="0F12120F0F0F121212">
    <MapTiles>
      <MapTile TileID="556" AltIDMod="0" />
    </MapTiles>
    <StaticTiles />
  </TransInfo>
  <TransInfo Description="Red Tile to Rock AC" HashKey="0F1212120F0F121212">
    <MapTiles>
      <MapTile TileID="556" AltIDMod="0" />
    </MapTiles>
    <StaticTiles />
  </TransInfo>
  <TransInfo Description="Red Tile to Rock AC" HashKey="0F1212120F120F0F0F">
    <MapTiles>
      <MapTile TileID="556" AltIDMod="0" />
    </MapTiles>
    <StaticTiles />
  </TransInfo>
  <TransInfo Description="Red Tile to Rock AC" HashKey="0F12120F0F12120F0F">
    <MapTiles>
      <MapTile TileID="556" AltIDMod="0" />
    </MapTiles>
    <StaticTiles />
  </TransInfo>
  <TransInfo Description="Red Tile to Rock AC" HashKey="0F1212120F12120F0F">
    <MapTiles>
      <MapTile TileID="556" AltIDMod="0" />
    </MapTiles>
    <StaticTiles />
  </TransInfo>
  <TransInfo Description="Red Tile to Rock AC" HashKey="0F12120F0F120F120F">
    <MapTiles>
      <MapTile TileID="556" AltIDMod="0" />
    </MapTiles>
    <StaticTiles />
  </TransInfo>
  <TransInfo Description="Red Tile to Rock AC" HashKey="0F1212120F120F120F">
    <MapTiles>
      <MapTile TileID="556" AltIDMod="0" />
    </MapTiles>
    <StaticTiles />
  </TransInfo>
  <TransInfo Description="Red Tile to Rock AC" HashKey="0F12120F0F1212120F">
    <MapTiles>
      <MapTile TileID="556" AltIDMod="0" />
    </MapTiles>
    <StaticTiles />
  </TransInfo>
  <TransInfo Description="Red Tile to Rock AC" HashKey="0F1212120F1212120F">
    <MapTiles>
      <MapTile TileID="556" AltIDMod="0" />
    </MapTiles>
    <StaticTiles />
  </TransInfo>
  <TransInfo Description="Red Tile to Rock AC" HashKey="0F1212120F120F0F12">
    <MapTiles>
      <MapTile TileID="556" AltIDMod="0" />
    </MapTiles>
    <StaticTiles />
  </TransInfo>
  <TransInfo Description="Red Tile to Rock AC" HashKey="0F12120F0F12120F12">
    <MapTiles>
      <MapTile TileID="556" AltIDMod="0" />
    </MapTiles>
    <StaticTiles />
  </TransInfo>
  <TransInfo Description="Red Tile to Rock AC" HashKey="0F1212120F12120F12">
    <MapTiles>
      <MapTile TileID="556" AltIDMod="0" />
    </MapTiles>
    <StaticTiles />
  </TransInfo>
  <TransInfo Description="Red Tile to Rock AC" HashKey="0F12120F0F120F1212">
    <MapTiles>
      <MapTile TileID="556" AltIDMod="0" />
    </MapTiles>
    <StaticTiles />
  </TransInfo>
  <TransInfo Description="Red Tile to Rock AC" HashKey="0F1212120F120F1212">
    <MapTiles>
      <MapTile TileID="556" AltIDMod="0" />
    </MapTiles>
    <StaticTiles />
  </TransInfo>
  <TransInfo Description="Red Tile to Rock AC" HashKey="0F12120F0F12121212">
    <MapTiles>
      <MapTile TileID="556" AltIDMod="0" />
    </MapTiles>
    <StaticTiles />
  </TransInfo>
  <TransInfo Description="Red Tile to Rock AC" HashKey="0F1212120F12121212">
    <MapTiles>
      <MapTile TileID="556" AltIDMod="0" />
    </MapTiles>
    <StaticTiles />
  </TransInfo>
  <TransInfo Description="Red Tile to Rock AC" HashKey="120F0F120F120F0F0F">
    <MapTiles>
      <MapTile TileID="556" AltIDMod="0" />
    </MapTiles>
    <StaticTiles />
  </TransInfo>
  <TransInfo Description="Red Tile to Rock AC" HashKey="120F0F0F0F12120F0F">
    <MapTiles>
      <MapTile TileID="556" AltIDMod="0" />
    </MapTiles>
    <StaticTiles />
  </TransInfo>
  <TransInfo Description="Red Tile to Rock AC" HashKey="120F0F120F12120F0F">
    <MapTiles>
      <MapTile TileID="556" AltIDMod="0" />
    </MapTiles>
    <StaticTiles />
  </TransInfo>
  <TransInfo Description="Red Tile to Rock AC" HashKey="120F0F0F0F120F120F">
    <MapTiles>
      <MapTile TileID="556" AltIDMod="0" />
    </MapTiles>
    <StaticTiles />
  </TransInfo>
  <TransInfo Description="Red Tile to Rock AC" HashKey="120F0F120F120F120F">
    <MapTiles>
      <MapTile TileID="556" AltIDMod="0" />
    </MapTiles>
    <StaticTiles />
  </TransInfo>
  <TransInfo Description="Red Tile to Rock AC" HashKey="120F0F0F0F1212120F">
    <MapTiles>
      <MapTile TileID="556" AltIDMod="0" />
    </MapTiles>
    <StaticTiles />
  </TransInfo>
  <TransInfo Description="Red Tile to Rock AC" HashKey="120F0F120F1212120F">
    <MapTiles>
      <MapTile TileID="556" AltIDMod="0" />
    </MapTiles>
    <StaticTiles />
  </TransInfo>
  <TransInfo Description="Red Tile to Rock AC" HashKey="120F0F120F120F0F12">
    <MapTiles>
      <MapTile TileID="556" AltIDMod="0" />
    </MapTiles>
    <StaticTiles />
  </TransInfo>
  <TransInfo Description="Red Tile to Rock AC" HashKey="120F0F0F0F12120F12">
    <MapTiles>
      <MapTile TileID="556" AltIDMod="0" />
    </MapTiles>
    <StaticTiles />
  </TransInfo>
  <TransInfo Description="Red Tile to Rock AC" HashKey="120F0F120F12120F12">
    <MapTiles>
      <MapTile TileID="556" AltIDMod="0" />
    </MapTiles>
    <StaticTiles />
  </TransInfo>
  <TransInfo Description="Red Tile to Rock AC" HashKey="120F0F0F0F120F1212">
    <MapTiles>
      <MapTile TileID="556" AltIDMod="0" />
    </MapTiles>
    <StaticTiles />
  </TransInfo>
  <TransInfo Description="Red Tile to Rock AC" HashKey="120F0F120F120F1212">
    <MapTiles>
      <MapTile TileID="556" AltIDMod="0" />
    </MapTiles>
    <StaticTiles />
  </TransInfo>
  <TransInfo Description="Red Tile to Rock AC" HashKey="120F0F0F0F12121212">
    <MapTiles>
      <MapTile TileID="556" AltIDMod="0" />
    </MapTiles>
    <StaticTiles />
  </TransInfo>
  <TransInfo Description="Red Tile to Rock AC" HashKey="120F0F120F12121212">
    <MapTiles>
      <MapTile TileID="556" AltIDMod="0" />
    </MapTiles>
    <StaticTiles />
  </TransInfo>
  <TransInfo Description="Red Tile to Rock AC" HashKey="120F120F0F0F0F120F">
    <MapTiles>
      <MapTile TileID="556" AltIDMod="0" />
    </MapTiles>
    <StaticTiles />
  </TransInfo>
  <TransInfo Description="Red Tile to Rock AC" HashKey="120F12120F0F0F120F">
    <MapTiles>
      <MapTile TileID="556" AltIDMod="0" />
    </MapTiles>
    <StaticTiles />
  </TransInfo>
  <TransInfo Description="Red Tile to Rock AC" HashKey="120F120F0F0F12120F">
    <MapTiles>
      <MapTile TileID="556" AltIDMod="0" />
    </MapTiles>
    <StaticTiles />
  </TransInfo>
  <TransInfo Description="Red Tile to Rock AC" HashKey="120F12120F0F12120F">
    <MapTiles>
      <MapTile TileID="556" AltIDMod="0" />
    </MapTiles>
    <StaticTiles />
  </TransInfo>
  <TransInfo Description="Red Tile to Rock AC" HashKey="120F12120F0F0F0F12">
    <MapTiles>
      <MapTile TileID="556" AltIDMod="0" />
    </MapTiles>
    <StaticTiles />
  </TransInfo>
  <TransInfo Description="Red Tile to Rock AC" HashKey="120F120F0F0F120F12">
    <MapTiles>
      <MapTile TileID="556" AltIDMod="0" />
    </MapTiles>
    <StaticTiles />
  </TransInfo>
  <TransInfo Description="Red Tile to Rock AC" HashKey="120F12120F0F120F12">
    <MapTiles>
      <MapTile TileID="556" AltIDMod="0" />
    </MapTiles>
    <StaticTiles />
  </TransInfo>
  <TransInfo Description="Red Tile to Rock AC" HashKey="120F120F0F0F0F1212">
    <MapTiles>
      <MapTile TileID="556" AltIDMod="0" />
    </MapTiles>
    <StaticTiles />
  </TransInfo>
  <TransInfo Description="Red Tile to Rock AC" HashKey="120F12120F0F0F1212">
    <MapTiles>
      <MapTile TileID="556" AltIDMod="0" />
    </MapTiles>
    <StaticTiles />
  </TransInfo>
  <TransInfo Description="Red Tile to Rock AC" HashKey="120F120F0F0F121212">
    <MapTiles>
      <MapTile TileID="556" AltIDMod="0" />
    </MapTiles>
    <StaticTiles />
  </TransInfo>
  <TransInfo Description="Red Tile to Rock AC" HashKey="120F12120F0F121212">
    <MapTiles>
      <MapTile TileID="556" AltIDMod="0" />
    </MapTiles>
    <StaticTiles />
  </TransInfo>
  <TransInfo Description="Red Tile to Rock AC" HashKey="120F12120F120F0F0F">
    <MapTiles>
      <MapTile TileID="556" AltIDMod="0" />
    </MapTiles>
    <StaticTiles />
  </TransInfo>
  <TransInfo Description="Red Tile to Rock AC" HashKey="120F120F0F12120F0F">
    <MapTiles>
      <MapTile TileID="556" AltIDMod="0" />
    </MapTiles>
    <StaticTiles />
  </TransInfo>
  <TransInfo Description="Red Tile to Rock AC" HashKey="120F12120F12120F0F">
    <MapTiles>
      <MapTile TileID="556" AltIDMod="0" />
    </MapTiles>
    <StaticTiles />
  </TransInfo>
  <TransInfo Description="Red Tile to Rock AC" HashKey="120F120F0F120F120F">
    <MapTiles>
      <MapTile TileID="556" AltIDMod="0" />
    </MapTiles>
    <StaticTiles />
  </TransInfo>
  <TransInfo Description="Red Tile to Rock AC" HashKey="120F12120F120F120F">
    <MapTiles>
      <MapTile TileID="556" AltIDMod="0" />
    </MapTiles>
    <StaticTiles />
  </TransInfo>
  <TransInfo Description="Red Tile to Rock AC" HashKey="120F120F0F1212120F">
    <MapTiles>
      <MapTile TileID="556" AltIDMod="0" />
    </MapTiles>
    <StaticTiles />
  </TransInfo>
  <TransInfo Description="Red Tile to Rock AC" HashKey="120F12120F1212120F">
    <MapTiles>
      <MapTile TileID="556" AltIDMod="0" />
    </MapTiles>
    <StaticTiles />
  </TransInfo>
  <TransInfo Description="Red Tile to Rock AC" HashKey="120F12120F120F0F12">
    <MapTiles>
      <MapTile TileID="556" AltIDMod="0" />
    </MapTiles>
    <StaticTiles />
  </TransInfo>
  <TransInfo Description="Red Tile to Rock AC" HashKey="120F120F0F12120F12">
    <MapTiles>
      <MapTile TileID="556" AltIDMod="0" />
    </MapTiles>
    <StaticTiles />
  </TransInfo>
  <TransInfo Description="Red Tile to Rock AC" HashKey="120F12120F12120F12">
    <MapTiles>
      <MapTile TileID="556" AltIDMod="0" />
    </MapTiles>
    <StaticTiles />
  </TransInfo>
  <TransInfo Description="Red Tile to Rock AC" HashKey="120F120F0F120F1212">
    <MapTiles>
      <MapTile TileID="556" AltIDMod="0" />
    </MapTiles>
    <StaticTiles />
  </TransInfo>
  <TransInfo Description="Red Tile to Rock AC" HashKey="120F12120F120F1212">
    <MapTiles>
      <MapTile TileID="556" AltIDMod="0" />
    </MapTiles>
    <StaticTiles />
  </TransInfo>
  <TransInfo Description="Red Tile to Rock AC" HashKey="120F120F0F12121212">
    <MapTiles>
      <MapTile TileID="556" AltIDMod="0" />
    </MapTiles>
    <StaticTiles />
  </TransInfo>
  <TransInfo Description="Red Tile to Rock AC" HashKey="120F12120F12121212">
    <MapTiles>
      <MapTile TileID="556" AltIDMod="0" />
    </MapTiles>
    <StaticTiles />
  </TransInfo>
  <TransInfo Description="Red Tile to Rock AC" HashKey="12120F0F0F0F0F120F">
    <MapTiles>
      <MapTile TileID="556" AltIDMod="0" />
    </MapTiles>
    <StaticTiles />
  </TransInfo>
  <TransInfo Description="Red Tile to Rock AC" HashKey="12120F120F0F0F120F">
    <MapTiles>
      <MapTile TileID="556" AltIDMod="0" />
    </MapTiles>
    <StaticTiles />
  </TransInfo>
  <TransInfo Description="Red Tile to Rock AC" HashKey="12120F0F0F0F12120F">
    <MapTiles>
      <MapTile TileID="556" AltIDMod="0" />
    </MapTiles>
    <StaticTiles />
  </TransInfo>
  <TransInfo Description="Red Tile to Rock AC" HashKey="12120F120F0F12120F">
    <MapTiles>
      <MapTile TileID="556" AltIDMod="0" />
    </MapTiles>
    <StaticTiles />
  </TransInfo>
  <TransInfo Description="Red Tile to Rock AC" HashKey="12120F120F0F0F0F12">
    <MapTiles>
      <MapTile TileID="556" AltIDMod="0" />
    </MapTiles>
    <StaticTiles />
  </TransInfo>
  <TransInfo Description="Red Tile to Rock AC" HashKey="12120F0F0F0F120F12">
    <MapTiles>
      <MapTile TileID="556" AltIDMod="0" />
    </MapTiles>
    <StaticTiles />
  </TransInfo>
  <TransInfo Description="Red Tile to Rock AC" HashKey="12120F120F0F120F12">
    <MapTiles>
      <MapTile TileID="556" AltIDMod="0" />
    </MapTiles>
    <StaticTiles />
  </TransInfo>
  <TransInfo Description="Red Tile to Rock AC" HashKey="12120F0F0F0F0F1212">
    <MapTiles>
      <MapTile TileID="556" AltIDMod="0" />
    </MapTiles>
    <StaticTiles />
  </TransInfo>
  <TransInfo Description="Red Tile to Rock AC" HashKey="12120F120F0F0F1212">
    <MapTiles>
      <MapTile TileID="556" AltIDMod="0" />
    </MapTiles>
    <StaticTiles />
  </TransInfo>
  <TransInfo Description="Red Tile to Rock AC" HashKey="12120F0F0F0F121212">
    <MapTiles>
      <MapTile TileID="556" AltIDMod="0" />
    </MapTiles>
    <StaticTiles />
  </TransInfo>
  <TransInfo Description="Red Tile to Rock AC" HashKey="12120F120F0F121212">
    <MapTiles>
      <MapTile TileID="556" AltIDMod="0" />
    </MapTiles>
    <StaticTiles />
  </TransInfo>
  <TransInfo Description="Red Tile to Rock AC" HashKey="12120F120F120F0F0F">
    <MapTiles>
      <MapTile TileID="556" AltIDMod="0" />
    </MapTiles>
    <StaticTiles />
  </TransInfo>
  <TransInfo Description="Red Tile to Rock AC" HashKey="12120F0F0F12120F0F">
    <MapTiles>
      <MapTile TileID="556" AltIDMod="0" />
    </MapTiles>
    <StaticTiles />
  </TransInfo>
  <TransInfo Description="Red Tile to Rock AC" HashKey="12120F120F12120F0F">
    <MapTiles>
      <MapTile TileID="556" AltIDMod="0" />
    </MapTiles>
    <StaticTiles />
  </TransInfo>
  <TransInfo Description="Red Tile to Rock AC" HashKey="12120F0F0F120F120F">
    <MapTiles>
      <MapTile TileID="556" AltIDMod="0" />
    </MapTiles>
    <StaticTiles />
  </TransInfo>
  <TransInfo Description="Red Tile to Rock AC" HashKey="12120F120F120F120F">
    <MapTiles>
      <MapTile TileID="556" AltIDMod="0" />
    </MapTiles>
    <StaticTiles />
  </TransInfo>
  <TransInfo Description="Red Tile to Rock AC" HashKey="12120F0F0F1212120F">
    <MapTiles>
      <MapTile TileID="556" AltIDMod="0" />
    </MapTiles>
    <StaticTiles />
  </TransInfo>
  <TransInfo Description="Red Tile to Rock AC" HashKey="12120F120F1212120F">
    <MapTiles>
      <MapTile TileID="556" AltIDMod="0" />
    </MapTiles>
    <StaticTiles />
  </TransInfo>
  <TransInfo Description="Red Tile to Rock AC" HashKey="12120F120F120F0F12">
    <MapTiles>
      <MapTile TileID="556" AltIDMod="0" />
    </MapTiles>
    <StaticTiles />
  </TransInfo>
  <TransInfo Description="Red Tile to Rock AC" HashKey="12120F0F0F12120F12">
    <MapTiles>
      <MapTile TileID="556" AltIDMod="0" />
    </MapTiles>
    <StaticTiles />
  </TransInfo>
  <TransInfo Description="Red Tile to Rock AC" HashKey="12120F120F12120F12">
    <MapTiles>
      <MapTile TileID="556" AltIDMod="0" />
    </MapTiles>
    <StaticTiles />
  </TransInfo>
  <TransInfo Description="Red Tile to Rock AC" HashKey="12120F0F0F120F1212">
    <MapTiles>
      <MapTile TileID="556" AltIDMod="0" />
    </MapTiles>
    <StaticTiles />
  </TransInfo>
  <TransInfo Description="Red Tile to Rock AC" HashKey="12120F120F120F1212">
    <MapTiles>
      <MapTile TileID="556" AltIDMod="0" />
    </MapTiles>
    <StaticTiles />
  </TransInfo>
  <TransInfo Description="Red Tile to Rock AC" HashKey="12120F0F0F12121212">
    <MapTiles>
      <MapTile TileID="556" AltIDMod="0" />
    </MapTiles>
    <StaticTiles />
  </TransInfo>
  <TransInfo Description="Red Tile to Rock AC" HashKey="12120F120F12121212">
    <MapTiles>
      <MapTile TileID="556" AltIDMod="0" />
    </MapTiles>
    <StaticTiles />
  </TransInfo>
  <TransInfo Description="Red Tile to Rock AC" HashKey="1212120F0F0F0F120F">
    <MapTiles>
      <MapTile TileID="556" AltIDMod="0" />
    </MapTiles>
    <StaticTiles />
  </TransInfo>
  <TransInfo Description="Red Tile to Rock AC" HashKey="121212120F0F0F120F">
    <MapTiles>
      <MapTile TileID="556" AltIDMod="0" />
    </MapTiles>
    <StaticTiles />
  </TransInfo>
  <TransInfo Description="Red Tile to Rock AC" HashKey="1212120F0F0F12120F">
    <MapTiles>
      <MapTile TileID="556" AltIDMod="0" />
    </MapTiles>
    <StaticTiles />
  </TransInfo>
  <TransInfo Description="Red Tile to Rock AC" HashKey="121212120F0F12120F">
    <MapTiles>
      <MapTile TileID="556" AltIDMod="0" />
    </MapTiles>
    <StaticTiles />
  </TransInfo>
  <TransInfo Description="Red Tile to Rock AC" HashKey="121212120F0F0F0F12">
    <MapTiles>
      <MapTile TileID="556" AltIDMod="0" />
    </MapTiles>
    <StaticTiles />
  </TransInfo>
  <TransInfo Description="Red Tile to Rock AC" HashKey="1212120F0F0F120F12">
    <MapTiles>
      <MapTile TileID="556" AltIDMod="0" />
    </MapTiles>
    <StaticTiles />
  </TransInfo>
  <TransInfo Description="Red Tile to Rock AC" HashKey="121212120F0F120F12">
    <MapTiles>
      <MapTile TileID="556" AltIDMod="0" />
    </MapTiles>
    <StaticTiles />
  </TransInfo>
  <TransInfo Description="Red Tile to Rock AC" HashKey="1212120F0F0F0F1212">
    <MapTiles>
      <MapTile TileID="556" AltIDMod="0" />
    </MapTiles>
    <StaticTiles />
  </TransInfo>
  <TransInfo Description="Red Tile to Rock AC" HashKey="121212120F0F0F1212">
    <MapTiles>
      <MapTile TileID="556" AltIDMod="0" />
    </MapTiles>
    <StaticTiles />
  </TransInfo>
  <TransInfo Description="Red Tile to Rock AC" HashKey="1212120F0F0F121212">
    <MapTiles>
      <MapTile TileID="556" AltIDMod="0" />
    </MapTiles>
    <StaticTiles />
  </TransInfo>
  <TransInfo Description="Red Tile to Rock AC" HashKey="121212120F0F121212">
    <MapTiles>
      <MapTile TileID="556" AltIDMod="0" />
    </MapTiles>
    <StaticTiles />
  </TransInfo>
  <TransInfo Description="Red Tile to Rock AC" HashKey="121212120F120F0F0F">
    <MapTiles>
      <MapTile TileID="556" AltIDMod="0" />
    </MapTiles>
    <StaticTiles />
  </TransInfo>
  <TransInfo Description="Red Tile to Rock AC" HashKey="1212120F0F12120F0F">
    <MapTiles>
      <MapTile TileID="556" AltIDMod="0" />
    </MapTiles>
    <StaticTiles />
  </TransInfo>
  <TransInfo Description="Red Tile to Rock AC" HashKey="121212120F12120F0F">
    <MapTiles>
      <MapTile TileID="556" AltIDMod="0" />
    </MapTiles>
    <StaticTiles />
  </TransInfo>
  <TransInfo Description="Red Tile to Rock AC" HashKey="1212120F0F120F120F">
    <MapTiles>
      <MapTile TileID="556" AltIDMod="0" />
    </MapTiles>
    <StaticTiles />
  </TransInfo>
  <TransInfo Description="Red Tile to Rock AC" HashKey="121212120F120F120F">
    <MapTiles>
      <MapTile TileID="556" AltIDMod="0" />
    </MapTiles>
    <StaticTiles />
  </TransInfo>
  <TransInfo Description="Red Tile to Rock AC" HashKey="1212120F0F1212120F">
    <MapTiles>
      <MapTile TileID="556" AltIDMod="0" />
    </MapTiles>
    <StaticTiles />
  </TransInfo>
  <TransInfo Description="Red Tile to Rock AC" HashKey="121212120F1212120F">
    <MapTiles>
      <MapTile TileID="556" AltIDMod="0" />
    </MapTiles>
    <StaticTiles />
  </TransInfo>
  <TransInfo Description="Red Tile to Rock AC" HashKey="121212120F120F0F12">
    <MapTiles>
      <MapTile TileID="556" AltIDMod="0" />
    </MapTiles>
    <StaticTiles />
  </TransInfo>
  <TransInfo Description="Red Tile to Rock AC" HashKey="1212120F0F12120F12">
    <MapTiles>
      <MapTile TileID="556" AltIDMod="0" />
    </MapTiles>
    <StaticTiles />
  </TransInfo>
  <TransInfo Description="Red Tile to Rock AC" HashKey="121212120F12120F12">
    <MapTiles>
      <MapTile TileID="556" AltIDMod="0" />
    </MapTiles>
    <StaticTiles />
  </TransInfo>
  <TransInfo Description="Red Tile to Rock AC" HashKey="1212120F0F120F1212">
    <MapTiles>
      <MapTile TileID="556" AltIDMod="0" />
    </MapTiles>
    <StaticTiles />
  </TransInfo>
  <TransInfo Description="Red Tile to Rock AC" HashKey="121212120F120F1212">
    <MapTiles>
      <MapTile TileID="556" AltIDMod="0" />
    </MapTiles>
    <StaticTiles />
  </TransInfo>
  <TransInfo Description="Red Tile to Rock AC" HashKey="1212120F0F12121212">
    <MapTiles>
      <MapTile TileID="556" AltIDMod="0" />
    </MapTiles>
    <StaticTiles />
  </TransInfo>
  <TransInfo Description="Red Tile to Rock AC" HashKey="121212120F12121212">
    <MapTiles>
      <MapTile TileID="556" AltIDMod="0" />
    </MapTiles>
    <StaticTiles />
  </TransInfo>
  <TransInfo Description="Red Tile to Rock IWE" HashKey="120F0F0F0F0F0F0F12">
    <MapTiles>
      <MapTile TileID="556" AltIDMod="0" />
    </MapTiles>
    <StaticTiles />
  </TransInfo>
  <TransInfo Description="Red Tile to Rock INS" HashKey="0F0F120F0F0F120F0F">
    <MapTiles>
      <MapTile TileID="556" AltIDMod="0" />
    </MapTiles>
    <StaticTiles />
  </TransInfo>
</Trans>