﻿<?xml version="1.0" encoding="utf-8"?>
<Trans>
    <TransInfo Description="Grass to Furrows N" HashKey="020202010101010101">
    <MapTiles>
      <MapTile TileID="11" AltIDMod="0" />
    </MapTiles>
    <StaticTiles />
  </TransInfo>
  <TransInfo Description="Grass to Furrows N" HashKey="010202010101010101">
    <MapTiles>
      <MapTile TileID="11" AltIDMod="0" />
    </MapTiles>
    <StaticTiles />
  </TransInfo>
  <TransInfo Description="Grass to Furrows N" HashKey="020201010101010101">
    <MapTiles>
      <MapTile TileID="11" AltIDMod="0" />
    </MapTiles>
    <StaticTiles />
  </TransInfo>
  <TransInfo Description="Grass to Furrows N" HashKey="010201010101010101">
    <MapTiles>
      <MapTile TileID="11" AltIDMod="0" />
    </MapTiles>
    <StaticTiles />
  </TransInfo>
  <TransInfo Description="Grass to Furrows N" HashKey="020102010101010101">
    <MapTiles>
      <MapTile TileID="11" AltIDMod="0" />
    </MapTiles>
    <StaticTiles />
  </TransInfo>
  <TransInfo Description="Grass to Furrows N" HashKey="020101020101020101">
    <MapTiles>
      <MapTile TileID="10" AltIDMod="0" />
    </MapTiles>
    <StaticTiles />
  </TransInfo>
  <TransInfo Description="Grass to Furrows N" HashKey="020101020101010101">
    <MapTiles>
      <MapTile TileID="10" AltIDMod="0" />
    </MapTiles>
    <StaticTiles />
  </TransInfo>
  <TransInfo Description="Grass to Furrows N" HashKey="010101020101020101">
    <MapTiles>
      <MapTile TileID="10" AltIDMod="0" />
    </MapTiles>
    <StaticTiles />
  </TransInfo>
  <TransInfo Description="Grass to Furrows N" HashKey="010101020101010101">
    <MapTiles>
      <MapTile TileID="10" AltIDMod="0" />
    </MapTiles>
    <StaticTiles />
  </TransInfo>
  <TransInfo Description="Grass to Furrows N" HashKey="020101010101020101">
    <MapTiles>
      <MapTile TileID="10" AltIDMod="0" />
    </MapTiles>
    <StaticTiles />
  </TransInfo>
  <TransInfo Description="Grass to Furrows N" HashKey="010102010102010102">
    <MapTiles>
      <MapTile TileID="12" AltIDMod="0" />
    </MapTiles>
    <StaticTiles />
  </TransInfo>
  <TransInfo Description="Grass to Furrows N" HashKey="010101010102010102">
    <MapTiles>
      <MapTile TileID="12" AltIDMod="0" />
    </MapTiles>
    <StaticTiles />
  </TransInfo>
  <TransInfo Description="Grass to Furrows N" HashKey="010102010102010101">
    <MapTiles>
      <MapTile TileID="12" AltIDMod="0" />
    </MapTiles>
    <StaticTiles />
  </TransInfo>
  <TransInfo Description="Grass to Furrows N" HashKey="010101010102010101">
    <MapTiles>
      <MapTile TileID="12" AltIDMod="0" />
    </MapTiles>
    <StaticTiles />
  </TransInfo>
  <TransInfo Description="Grass to Furrows N" HashKey="010102010101010102">
    <MapTiles>
      <MapTile TileID="12" AltIDMod="0" />
    </MapTiles>
    <StaticTiles />
  </TransInfo>
  <TransInfo Description="Grass to Furrows N" HashKey="010101010101020202">
    <MapTiles>
      <MapTile TileID="13" AltIDMod="0" />
    </MapTiles>
    <StaticTiles />
  </TransInfo>
  <TransInfo Description="Grass to Furrows N" HashKey="010101010101020201">
    <MapTiles>
      <MapTile TileID="13" AltIDMod="0" />
    </MapTiles>
    <StaticTiles />
  </TransInfo>
  <TransInfo Description="Grass to Furrows N" HashKey="010101010101010202">
    <MapTiles>
      <MapTile TileID="13" AltIDMod="0" />
    </MapTiles>
    <StaticTiles />
  </TransInfo>
  <TransInfo Description="Grass to Furrows N" HashKey="010101010101010201">
    <MapTiles>
      <MapTile TileID="13" AltIDMod="0" />
    </MapTiles>
    <StaticTiles />
  </TransInfo>
  <TransInfo Description="Grass to Furrows N" HashKey="010101010101020102">
    <MapTiles>
      <MapTile TileID="13" AltIDMod="0" />
    </MapTiles>
    <StaticTiles />
  </TransInfo>
  <TransInfo Description="Grass to Furrows N" HashKey="010102010102020202">
    <MapTiles>
      <MapTile TileID="19" AltIDMod="0" />
    </MapTiles>
    <StaticTiles />
  </TransInfo>
  <TransInfo Description="Grass to Furrows N" HashKey="010101010102020202">
    <MapTiles>
      <MapTile TileID="19" AltIDMod="0" />
    </MapTiles>
    <StaticTiles />
  </TransInfo>
  <TransInfo Description="Grass to Furrows N" HashKey="010102010102010202">
    <MapTiles>
      <MapTile TileID="19" AltIDMod="0" />
    </MapTiles>
    <StaticTiles />
  </TransInfo>
  <TransInfo Description="Grass to Furrows N" HashKey="010101010102010202">
    <MapTiles>
      <MapTile TileID="19" AltIDMod="0" />
    </MapTiles>
    <StaticTiles />
  </TransInfo>
  <TransInfo Description="Grass to Furrows N" HashKey="010101010102010201">
    <MapTiles>
      <MapTile TileID="19" AltIDMod="0" />
    </MapTiles>
    <StaticTiles />
  </TransInfo>
  <TransInfo Description="Grass to Furrows N" HashKey="010102010101010202">
    <MapTiles>
      <MapTile TileID="19" AltIDMod="0" />
    </MapTiles>
    <StaticTiles />
  </TransInfo>
  <TransInfo Description="Grass to Furrows N" HashKey="010102010101020202">
    <MapTiles>
      <MapTile TileID="19" AltIDMod="0" />
    </MapTiles>
    <StaticTiles />
  </TransInfo>
  <TransInfo Description="Grass to Furrows N" HashKey="010102010101020201">
    <MapTiles>
      <MapTile TileID="19" AltIDMod="0" />
    </MapTiles>
    <StaticTiles />
  </TransInfo>
  <TransInfo Description="Grass to Furrows N" HashKey="010101010102020102">
    <MapTiles>
      <MapTile TileID="19" AltIDMod="0" />
    </MapTiles>
    <StaticTiles />
  </TransInfo>
  <TransInfo Description="Grass to Furrows N" HashKey="010102010102020102">
    <MapTiles>
      <MapTile TileID="19" AltIDMod="0" />
    </MapTiles>
    <StaticTiles />
  </TransInfo>
  <TransInfo Description="Grass to Furrows N" HashKey="010102010102020201">
    <MapTiles>
      <MapTile TileID="19" AltIDMod="0" />
    </MapTiles>
    <StaticTiles />
  </TransInfo>
  <TransInfo Description="Grass to Furrows N" HashKey="010102010102020101">
    <MapTiles>
      <MapTile TileID="19" AltIDMod="0" />
    </MapTiles>
    <StaticTiles />
  </TransInfo>
  <TransInfo Description="Grass to Furrows N" HashKey="010102010101010201">
    <MapTiles>
      <MapTile TileID="19" AltIDMod="0" />
    </MapTiles>
    <StaticTiles />
  </TransInfo>
  <TransInfo Description="Grass to Furrows N" HashKey="010101010102020101">
    <MapTiles>
      <MapTile TileID="19" AltIDMod="0" />
    </MapTiles>
    <StaticTiles />
  </TransInfo>
  <TransInfo Description="Grass to Furrows N" HashKey="010102010102010201">
    <MapTiles>
      <MapTile TileID="19" AltIDMod="0" />
    </MapTiles>
    <StaticTiles />
  </TransInfo>
  <TransInfo Description="Grass to Furrows N" HashKey="010102010101020102">
    <MapTiles>
      <MapTile TileID="19" AltIDMod="0" />
    </MapTiles>
    <StaticTiles />
  </TransInfo>
  <TransInfo Description="Grass to Furrows N" HashKey="010101010102020201">
    <MapTiles>
      <MapTile TileID="19" AltIDMod="0" />
    </MapTiles>
    <StaticTiles />
  </TransInfo>
  <TransInfo Description="Grass to Furrows N" HashKey="020202020101020101">
    <MapTiles>
      <MapTile TileID="14" AltIDMod="0" />
    </MapTiles>
    <StaticTiles />
  </TransInfo>
  <TransInfo Description="Grass to Furrows N" HashKey="020201020101020101">
    <MapTiles>
      <MapTile TileID="14" AltIDMod="0" />
    </MapTiles>
    <StaticTiles />
  </TransInfo>
  <TransInfo Description="Grass to Furrows N" HashKey="020202020101010101">
    <MapTiles>
      <MapTile TileID="14" AltIDMod="0" />
    </MapTiles>
    <StaticTiles />
  </TransInfo>
  <TransInfo Description="Grass to Furrows N" HashKey="020201020101010101">
    <MapTiles>
      <MapTile TileID="14" AltIDMod="0" />
    </MapTiles>
    <StaticTiles />
  </TransInfo>
  <TransInfo Description="Grass to Furrows N" HashKey="020102020101010101">
    <MapTiles>
      <MapTile TileID="14" AltIDMod="0" />
    </MapTiles>
    <StaticTiles />
  </TransInfo>
  <TransInfo Description="Grass to Furrows N" HashKey="020201010101020101">
    <MapTiles>
      <MapTile TileID="14" AltIDMod="0" />
    </MapTiles>
    <StaticTiles />
  </TransInfo>
  <TransInfo Description="Grass to Furrows N" HashKey="010202010101020101">
    <MapTiles>
      <MapTile TileID="14" AltIDMod="0" />
    </MapTiles>
    <StaticTiles />
  </TransInfo>
  <TransInfo Description="Grass to Furrows N" HashKey="020102010101020101">
    <MapTiles>
      <MapTile TileID="14" AltIDMod="0" />
    </MapTiles>
    <StaticTiles />
  </TransInfo>
  <TransInfo Description="Grass to Furrows N" HashKey="020202010101020101">
    <MapTiles>
      <MapTile TileID="14" AltIDMod="0" />
    </MapTiles>
    <StaticTiles />
  </TransInfo>
  <TransInfo Description="Grass to Furrows N" HashKey="010201020101010101">
    <MapTiles>
      <MapTile TileID="14" AltIDMod="0" />
    </MapTiles>
    <StaticTiles />
  </TransInfo>
  <TransInfo Description="Grass to Furrows N" HashKey="020102020101020101">
    <MapTiles>
      <MapTile TileID="14" AltIDMod="0" />
    </MapTiles>
    <StaticTiles />
  </TransInfo>
  <TransInfo Description="Grass to Furrows N" HashKey="010102020101020101">
    <MapTiles>
      <MapTile TileID="14" AltIDMod="0" />
    </MapTiles>
    <StaticTiles />
  </TransInfo>
  <TransInfo Description="Grass to Furrows N" HashKey="010202020101020101">
    <MapTiles>
      <MapTile TileID="14" AltIDMod="0" />
    </MapTiles>
    <StaticTiles />
  </TransInfo>
  <TransInfo Description="Grass to Furrows N" HashKey="010102020101010101">
    <MapTiles>
      <MapTile TileID="14" AltIDMod="0" />
    </MapTiles>
    <StaticTiles />
  </TransInfo>
  <TransInfo Description="Grass to Furrows N" HashKey="010201020101020101">
    <MapTiles>
      <MapTile TileID="14" AltIDMod="0" />
    </MapTiles>
    <StaticTiles />
  </TransInfo>
  <TransInfo Description="Grass to Furrows N" HashKey="010201010101020101">
    <MapTiles>
      <MapTile TileID="14" AltIDMod="0" />
    </MapTiles>
    <StaticTiles />
  </TransInfo>
  <TransInfo Description="Grass to Furrows N" HashKey="010202020101010101">
    <MapTiles>
      <MapTile TileID="14" AltIDMod="0" />
    </MapTiles>
    <StaticTiles />
  </TransInfo>
  <TransInfo Description="Grass to Furrows N" HashKey="020101020101020202">
    <MapTiles>
      <MapTile TileID="20" AltIDMod="0" />
    </MapTiles>
    <StaticTiles />
  </TransInfo>
  <TransInfo Description="Grass to Furrows N" HashKey="010101020101020202">
    <MapTiles>
      <MapTile TileID="20" AltIDMod="0" />
    </MapTiles>
    <StaticTiles />
  </TransInfo>
  <TransInfo Description="Grass to Furrows N" HashKey="020101020101020201">
    <MapTiles>
      <MapTile TileID="20" AltIDMod="0" />
    </MapTiles>
    <StaticTiles />
  </TransInfo>
  <TransInfo Description="Grass to Furrows N" HashKey="010101020101020201">
    <MapTiles>
      <MapTile TileID="20" AltIDMod="0" />
    </MapTiles>
    <StaticTiles />
  </TransInfo>
  <TransInfo Description="Grass to Furrows N" HashKey="010101020101010201">
    <MapTiles>
      <MapTile TileID="20" AltIDMod="0" />
    </MapTiles>
    <StaticTiles />
  </TransInfo>
  <TransInfo Description="Grass to Furrows N" HashKey="020101020101010102">
    <MapTiles>
      <MapTile TileID="20" AltIDMod="0" />
    </MapTiles>
    <StaticTiles />
  </TransInfo>
  <TransInfo Description="Grass to Furrows N" HashKey="020101010101020202">
    <MapTiles>
      <MapTile TileID="20" AltIDMod="0" />
    </MapTiles>
    <StaticTiles />
  </TransInfo>
  <TransInfo Description="Grass to Furrows N" HashKey="020101010101020201">
    <MapTiles>
      <MapTile TileID="20" AltIDMod="0" />
    </MapTiles>
    <StaticTiles />
  </TransInfo>
  <TransInfo Description="Grass to Furrows N" HashKey="020101010101010201">
    <MapTiles>
      <MapTile TileID="20" AltIDMod="0" />
    </MapTiles>
    <StaticTiles />
  </TransInfo>
  <TransInfo Description="Grass to Furrows N" HashKey="010101020101020102">
    <MapTiles>
      <MapTile TileID="20" AltIDMod="0" />
    </MapTiles>
    <StaticTiles />
  </TransInfo>
  <TransInfo Description="Grass to Furrows N" HashKey="020101020101020102">
    <MapTiles>
      <MapTile TileID="20" AltIDMod="0" />
    </MapTiles>
    <StaticTiles />
  </TransInfo>
  <TransInfo Description="Grass to Furrows N" HashKey="020101010101010202">
    <MapTiles>
      <MapTile TileID="20" AltIDMod="0" />
    </MapTiles>
    <StaticTiles />
  </TransInfo>
  <TransInfo Description="Grass to Furrows N" HashKey="020101020101010202">
    <MapTiles>
      <MapTile TileID="20" AltIDMod="0" />
    </MapTiles>
    <StaticTiles />
  </TransInfo>
  <TransInfo Description="Grass to Furrows N" HashKey="010101020101010202">
    <MapTiles>
      <MapTile TileID="20" AltIDMod="0" />
    </MapTiles>
    <StaticTiles />
  </TransInfo>
  <TransInfo Description="Grass to Furrows N" HashKey="010101020101010102">
    <MapTiles>
      <MapTile TileID="20" AltIDMod="0" />
    </MapTiles>
    <StaticTiles />
  </TransInfo>
  <TransInfo Description="Grass to Furrows N" HashKey="020101010101020102">
    <MapTiles>
      <MapTile TileID="20" AltIDMod="0" />
    </MapTiles>
    <StaticTiles />
  </TransInfo>
  <TransInfo Description="Grass to Furrows N" HashKey="020101020101010201">
    <MapTiles>
      <MapTile TileID="20" AltIDMod="0" />
    </MapTiles>
    <StaticTiles />
  </TransInfo>
  <TransInfo Description="Grass to Furrows N" HashKey="020202010102010102">
    <MapTiles>
      <MapTile TileID="21" AltIDMod="0" />
    </MapTiles>
    <StaticTiles />
  </TransInfo>
  <TransInfo Description="Grass to Furrows N" HashKey="020202010102010101">
    <MapTiles>
      <MapTile TileID="21" AltIDMod="0" />
    </MapTiles>
    <StaticTiles />
  </TransInfo>
  <TransInfo Description="Grass to Furrows N" HashKey="010202010102010102">
    <MapTiles>
      <MapTile TileID="21" AltIDMod="0" />
    </MapTiles>
    <StaticTiles />
  </TransInfo>
  <TransInfo Description="Grass to Furrows N" HashKey="010202010102010101">
    <MapTiles>
      <MapTile TileID="21" AltIDMod="0" />
    </MapTiles>
    <StaticTiles />
  </TransInfo>
  <TransInfo Description="Grass to Furrows N" HashKey="020101010102010102">
    <MapTiles>
      <MapTile TileID="21" AltIDMod="0" />
    </MapTiles>
    <StaticTiles />
  </TransInfo>
  <TransInfo Description="Grass to Furrows N" HashKey="020102010102010101">
    <MapTiles>
      <MapTile TileID="21" AltIDMod="0" />
    </MapTiles>
    <StaticTiles />
  </TransInfo>
  <TransInfo Description="Grass to Furrows N" HashKey="020102010102010102">
    <MapTiles>
      <MapTile TileID="21" AltIDMod="0" />
    </MapTiles>
    <StaticTiles />
  </TransInfo>
  <TransInfo Description="Grass to Furrows N" HashKey="020201010101010102">
    <MapTiles>
      <MapTile TileID="21" AltIDMod="0" />
    </MapTiles>
    <StaticTiles />
  </TransInfo>
  <TransInfo Description="Grass to Furrows N" HashKey="010201010101010102">
    <MapTiles>
      <MapTile TileID="21" AltIDMod="0" />
    </MapTiles>
    <StaticTiles />
  </TransInfo>
  <TransInfo Description="Grass to Furrows N" HashKey="020202010101010102">
    <MapTiles>
      <MapTile TileID="21" AltIDMod="0" />
    </MapTiles>
    <StaticTiles />
  </TransInfo>
  <TransInfo Description="Grass to Furrows N" HashKey="020201010102010101">
    <MapTiles>
      <MapTile TileID="21" AltIDMod="0" />
    </MapTiles>
    <StaticTiles />
  </TransInfo>
  <TransInfo Description="Grass to Furrows N" HashKey="010202010101010102">
    <MapTiles>
      <MapTile TileID="21" AltIDMod="0" />
    </MapTiles>
    <StaticTiles />
  </TransInfo>
  <TransInfo Description="Grass to Furrows N" HashKey="010201010102010101">
    <MapTiles>
      <MapTile TileID="21" AltIDMod="0" />
    </MapTiles>
    <StaticTiles />
  </TransInfo>
  <TransInfo Description="Grass to Furrows N" HashKey="020101010102010101">
    <MapTiles>
      <MapTile TileID="21" AltIDMod="0" />
    </MapTiles>
    <StaticTiles />
  </TransInfo>
  <TransInfo Description="Grass to Furrows N" HashKey="020102010101010102">
    <MapTiles>
      <MapTile TileID="21" AltIDMod="0" />
    </MapTiles>
    <StaticTiles />
  </TransInfo>
  <TransInfo Description="Grass to Furrows N" HashKey="010201010102010102">
    <MapTiles>
      <MapTile TileID="21" AltIDMod="0" />
    </MapTiles>
    <StaticTiles />
  </TransInfo>
  <TransInfo Description="Grass to Furrows N" HashKey="020201010102010102">
    <MapTiles>
      <MapTile TileID="21" AltIDMod="0" />
    </MapTiles>
    <StaticTiles />
  </TransInfo>
  <TransInfo Description="Grass to Furrows N" HashKey="020101010101010101">
    <MapTiles>
      <MapTile TileID="16" AltIDMod="0" />
    </MapTiles>
    <StaticTiles />
  </TransInfo>
  <TransInfo Description="Grass to Furrows N" HashKey="010101010101010102">
    <MapTiles>
      <MapTile TileID="17" AltIDMod="0" />
    </MapTiles>
    <StaticTiles />
  </TransInfo>
  <TransInfo Description="Grass to Furrows N" HashKey="010102010101010101">
    <MapTiles>
      <MapTile TileID="15" AltIDMod="0" />
    </MapTiles>
    <StaticTiles />
  </TransInfo>
  <TransInfo Description="Grass to Furrows N" HashKey="010101010101020101">
    <MapTiles>
      <MapTile TileID="18" AltIDMod="0" />
    </MapTiles>
    <StaticTiles />
  </TransInfo>
</Trans>