﻿<?xml version="1.0" encoding="utf-8"?>
<Trans>
    <TransInfo Description="Grass Without Static to Furrows W" HashKey="0303033E3E3E3E3E3E">
    <MapTiles>
      <MapTile TileID="337" AltIDMod="0" />
    </MapTiles>
    <StaticTiles />
  </TransInfo>
  <TransInfo Description="Grass Without Static to Furrows W" HashKey="3E03033E3E3E3E3E3E">
    <MapTiles>
      <MapTile TileID="337" AltIDMod="0" />
    </MapTiles>
    <StaticTiles />
  </TransInfo>
  <TransInfo Description="Grass Without Static to Furrows W" HashKey="03033E3E3E3E3E3E3E">
    <MapTiles>
      <MapTile TileID="337" AltIDMod="0" />
    </MapTiles>
    <StaticTiles />
  </TransInfo>
  <TransInfo Description="Grass Without Static to Furrows W" HashKey="3E033E3E3E3E3E3E3E">
    <MapTiles>
      <MapTile TileID="337" AltIDMod="0" />
    </MapTiles>
    <StaticTiles />
  </TransInfo>
  <TransInfo Description="Grass Without Static to Furrows W" HashKey="033E033E3E3E3E3E3E">
    <MapTiles>
      <MapTile TileID="337" AltIDMod="0" />
    </MapTiles>
    <StaticTiles />
  </TransInfo>
  <TransInfo Description="Grass Without Static to Furrows W" HashKey="033E3E033E3E033E3E">
    <MapTiles>
      <MapTile TileID="338" AltIDMod="0" />
    </MapTiles>
    <StaticTiles />
  </TransInfo>
  <TransInfo Description="Grass Without Static to Furrows W" HashKey="033E3E033E3E3E3E3E">
    <MapTiles>
      <MapTile TileID="338" AltIDMod="0" />
    </MapTiles>
    <StaticTiles />
  </TransInfo>
  <TransInfo Description="Grass Without Static to Furrows W" HashKey="3E3E3E033E3E033E3E">
    <MapTiles>
      <MapTile TileID="338" AltIDMod="0" />
    </MapTiles>
    <StaticTiles />
  </TransInfo>
  <TransInfo Description="Grass Without Static to Furrows W" HashKey="3E3E3E033E3E3E3E3E">
    <MapTiles>
      <MapTile TileID="338" AltIDMod="0" />
    </MapTiles>
    <StaticTiles />
  </TransInfo>
  <TransInfo Description="Grass Without Static to Furrows W" HashKey="033E3E3E3E3E033E3E">
    <MapTiles>
      <MapTile TileID="338" AltIDMod="0" />
    </MapTiles>
    <StaticTiles />
  </TransInfo>
  <TransInfo Description="Grass Without Static to Furrows W" HashKey="3E3E033E3E033E3E03">
    <MapTiles>
      <MapTile TileID="340" AltIDMod="0" />
    </MapTiles>
    <StaticTiles />
  </TransInfo>
  <TransInfo Description="Grass Without Static to Furrows W" HashKey="3E3E3E3E3E033E3E03">
    <MapTiles>
      <MapTile TileID="340" AltIDMod="0" />
    </MapTiles>
    <StaticTiles />
  </TransInfo>
  <TransInfo Description="Grass Without Static to Furrows W" HashKey="3E3E033E3E033E3E3E">
    <MapTiles>
      <MapTile TileID="340" AltIDMod="0" />
    </MapTiles>
    <StaticTiles />
  </TransInfo>
  <TransInfo Description="Grass Without Static to Furrows W" HashKey="3E3E3E3E3E033E3E3E">
    <MapTiles>
      <MapTile TileID="340" AltIDMod="0" />
    </MapTiles>
    <StaticTiles />
  </TransInfo>
  <TransInfo Description="Grass Without Static to Furrows W" HashKey="3E3E033E3E3E3E3E03">
    <MapTiles>
      <MapTile TileID="340" AltIDMod="0" />
    </MapTiles>
    <StaticTiles />
  </TransInfo>
  <TransInfo Description="Grass Without Static to Furrows W" HashKey="3E3E3E3E3E3E030303">
    <MapTiles>
      <MapTile TileID="339" AltIDMod="0" />
    </MapTiles>
    <StaticTiles />
  </TransInfo>
  <TransInfo Description="Grass Without Static to Furrows W" HashKey="3E3E3E3E3E3E03033E">
    <MapTiles>
      <MapTile TileID="339" AltIDMod="0" />
    </MapTiles>
    <StaticTiles />
  </TransInfo>
  <TransInfo Description="Grass Without Static to Furrows W" HashKey="3E3E3E3E3E3E3E0303">
    <MapTiles>
      <MapTile TileID="339" AltIDMod="0" />
    </MapTiles>
    <StaticTiles />
  </TransInfo>
  <TransInfo Description="Grass Without Static to Furrows W" HashKey="3E3E3E3E3E3E3E033E">
    <MapTiles>
      <MapTile TileID="339" AltIDMod="0" />
    </MapTiles>
    <StaticTiles />
  </TransInfo>
  <TransInfo Description="Grass Without Static to Furrows W" HashKey="3E3E3E3E3E3E033E03">
    <MapTiles>
      <MapTile TileID="339" AltIDMod="0" />
    </MapTiles>
    <StaticTiles />
  </TransInfo>
  <TransInfo Description="Grass Without Static to Furrows W" HashKey="3E3E033E3E03030303">
    <MapTiles>
      <MapTile TileID="346" AltIDMod="0" />
    </MapTiles>
    <StaticTiles />
  </TransInfo>
  <TransInfo Description="Grass Without Static to Furrows W" HashKey="3E3E3E3E3E03030303">
    <MapTiles>
      <MapTile TileID="346" AltIDMod="0" />
    </MapTiles>
    <StaticTiles />
  </TransInfo>
  <TransInfo Description="Grass Without Static to Furrows W" HashKey="3E3E033E3E033E0303">
    <MapTiles>
      <MapTile TileID="346" AltIDMod="0" />
    </MapTiles>
    <StaticTiles />
  </TransInfo>
  <TransInfo Description="Grass Without Static to Furrows W" HashKey="3E3E3E3E3E033E0303">
    <MapTiles>
      <MapTile TileID="346" AltIDMod="0" />
    </MapTiles>
    <StaticTiles />
  </TransInfo>
  <TransInfo Description="Grass Without Static to Furrows W" HashKey="3E3E3E3E3E033E033E">
    <MapTiles>
      <MapTile TileID="346" AltIDMod="0" />
    </MapTiles>
    <StaticTiles />
  </TransInfo>
  <TransInfo Description="Grass Without Static to Furrows W" HashKey="3E3E033E3E3E3E0303">
    <MapTiles>
      <MapTile TileID="346" AltIDMod="0" />
    </MapTiles>
    <StaticTiles />
  </TransInfo>
  <TransInfo Description="Grass Without Static to Furrows W" HashKey="3E3E033E3E3E030303">
    <MapTiles>
      <MapTile TileID="346" AltIDMod="0" />
    </MapTiles>
    <StaticTiles />
  </TransInfo>
  <TransInfo Description="Grass Without Static to Furrows W" HashKey="3E3E033E3E3E03033E">
    <MapTiles>
      <MapTile TileID="346" AltIDMod="0" />
    </MapTiles>
    <StaticTiles />
  </TransInfo>
  <TransInfo Description="Grass Without Static to Furrows W" HashKey="3E3E3E3E3E03033E03">
    <MapTiles>
      <MapTile TileID="346" AltIDMod="0" />
    </MapTiles>
    <StaticTiles />
  </TransInfo>
  <TransInfo Description="Grass Without Static to Furrows W" HashKey="3E3E033E3E03033E03">
    <MapTiles>
      <MapTile TileID="346" AltIDMod="0" />
    </MapTiles>
    <StaticTiles />
  </TransInfo>
  <TransInfo Description="Grass Without Static to Furrows W" HashKey="3E3E033E3E0303033E">
    <MapTiles>
      <MapTile TileID="346" AltIDMod="0" />
    </MapTiles>
    <StaticTiles />
  </TransInfo>
  <TransInfo Description="Grass Without Static to Furrows W" HashKey="3E3E033E3E03033E3E">
    <MapTiles>
      <MapTile TileID="346" AltIDMod="0" />
    </MapTiles>
    <StaticTiles />
  </TransInfo>
  <TransInfo Description="Grass Without Static to Furrows W" HashKey="3E3E033E3E3E3E033E">
    <MapTiles>
      <MapTile TileID="346" AltIDMod="0" />
    </MapTiles>
    <StaticTiles />
  </TransInfo>
  <TransInfo Description="Grass Without Static to Furrows W" HashKey="3E3E3E3E3E03033E3E">
    <MapTiles>
      <MapTile TileID="346" AltIDMod="0" />
    </MapTiles>
    <StaticTiles />
  </TransInfo>
  <TransInfo Description="Grass Without Static to Furrows W" HashKey="3E3E033E3E033E033E">
    <MapTiles>
      <MapTile TileID="346" AltIDMod="0" />
    </MapTiles>
    <StaticTiles />
  </TransInfo>
  <TransInfo Description="Grass Without Static to Furrows W" HashKey="3E3E033E3E3E033E03">
    <MapTiles>
      <MapTile TileID="346" AltIDMod="0" />
    </MapTiles>
    <StaticTiles />
  </TransInfo>
  <TransInfo Description="Grass Without Static to Furrows W" HashKey="3E3E3E3E3E0303033E">
    <MapTiles>
      <MapTile TileID="346" AltIDMod="0" />
    </MapTiles>
    <StaticTiles />
  </TransInfo>
  <TransInfo Description="Grass Without Static to Furrows W" HashKey="030303033E3E033E3E">
    <MapTiles>
      <MapTile TileID="341" AltIDMod="0" />
    </MapTiles>
    <StaticTiles />
  </TransInfo>
  <TransInfo Description="Grass Without Static to Furrows W" HashKey="03033E033E3E033E3E">
    <MapTiles>
      <MapTile TileID="341" AltIDMod="0" />
    </MapTiles>
    <StaticTiles />
  </TransInfo>
  <TransInfo Description="Grass Without Static to Furrows W" HashKey="030303033E3E3E3E3E">
    <MapTiles>
      <MapTile TileID="341" AltIDMod="0" />
    </MapTiles>
    <StaticTiles />
  </TransInfo>
  <TransInfo Description="Grass Without Static to Furrows W" HashKey="03033E033E3E3E3E3E">
    <MapTiles>
      <MapTile TileID="341" AltIDMod="0" />
    </MapTiles>
    <StaticTiles />
  </TransInfo>
  <TransInfo Description="Grass Without Static to Furrows W" HashKey="033E03033E3E3E3E3E">
    <MapTiles>
      <MapTile TileID="341" AltIDMod="0" />
    </MapTiles>
    <StaticTiles />
  </TransInfo>
  <TransInfo Description="Grass Without Static to Furrows W" HashKey="03033E3E3E3E033E3E">
    <MapTiles>
      <MapTile TileID="341" AltIDMod="0" />
    </MapTiles>
    <StaticTiles />
  </TransInfo>
  <TransInfo Description="Grass Without Static to Furrows W" HashKey="3E03033E3E3E033E3E">
    <MapTiles>
      <MapTile TileID="341" AltIDMod="0" />
    </MapTiles>
    <StaticTiles />
  </TransInfo>
  <TransInfo Description="Grass Without Static to Furrows W" HashKey="033E033E3E3E033E3E">
    <MapTiles>
      <MapTile TileID="341" AltIDMod="0" />
    </MapTiles>
    <StaticTiles />
  </TransInfo>
  <TransInfo Description="Grass Without Static to Furrows W" HashKey="0303033E3E3E033E3E">
    <MapTiles>
      <MapTile TileID="341" AltIDMod="0" />
    </MapTiles>
    <StaticTiles />
  </TransInfo>
  <TransInfo Description="Grass Without Static to Furrows W" HashKey="3E033E033E3E3E3E3E">
    <MapTiles>
      <MapTile TileID="341" AltIDMod="0" />
    </MapTiles>
    <StaticTiles />
  </TransInfo>
  <TransInfo Description="Grass Without Static to Furrows W" HashKey="033E03033E3E033E3E">
    <MapTiles>
      <MapTile TileID="341" AltIDMod="0" />
    </MapTiles>
    <StaticTiles />
  </TransInfo>
  <TransInfo Description="Grass Without Static to Furrows W" HashKey="3E3E03033E3E033E3E">
    <MapTiles>
      <MapTile TileID="341" AltIDMod="0" />
    </MapTiles>
    <StaticTiles />
  </TransInfo>
  <TransInfo Description="Grass Without Static to Furrows W" HashKey="3E0303033E3E033E3E">
    <MapTiles>
      <MapTile TileID="341" AltIDMod="0" />
    </MapTiles>
    <StaticTiles />
  </TransInfo>
  <TransInfo Description="Grass Without Static to Furrows W" HashKey="3E3E03033E3E3E3E3E">
    <MapTiles>
      <MapTile TileID="341" AltIDMod="0" />
    </MapTiles>
    <StaticTiles />
  </TransInfo>
  <TransInfo Description="Grass Without Static to Furrows W" HashKey="3E033E033E3E033E3E">
    <MapTiles>
      <MapTile TileID="341" AltIDMod="0" />
    </MapTiles>
    <StaticTiles />
  </TransInfo>
  <TransInfo Description="Grass Without Static to Furrows W" HashKey="3E033E3E3E3E033E3E">
    <MapTiles>
      <MapTile TileID="341" AltIDMod="0" />
    </MapTiles>
    <StaticTiles />
  </TransInfo>
  <TransInfo Description="Grass Without Static to Furrows W" HashKey="3E0303033E3E3E3E3E">
    <MapTiles>
      <MapTile TileID="341" AltIDMod="0" />
    </MapTiles>
    <StaticTiles />
  </TransInfo>
  <TransInfo Description="Grass Without Static to Furrows W" HashKey="033E3E033E3E030303">
    <MapTiles>
      <MapTile TileID="348" AltIDMod="0" />
    </MapTiles>
    <StaticTiles />
  </TransInfo>
  <TransInfo Description="Grass Without Static to Furrows W" HashKey="3E3E3E033E3E030303">
    <MapTiles>
      <MapTile TileID="348" AltIDMod="0" />
    </MapTiles>
    <StaticTiles />
  </TransInfo>
  <TransInfo Description="Grass Without Static to Furrows W" HashKey="033E3E033E3E03033E">
    <MapTiles>
      <MapTile TileID="348" AltIDMod="0" />
    </MapTiles>
    <StaticTiles />
  </TransInfo>
  <TransInfo Description="Grass Without Static to Furrows W" HashKey="3E3E3E033E3E03033E">
    <MapTiles>
      <MapTile TileID="348" AltIDMod="0" />
    </MapTiles>
    <StaticTiles />
  </TransInfo>
  <TransInfo Description="Grass Without Static to Furrows W" HashKey="3E3E3E033E3E3E033E">
    <MapTiles>
      <MapTile TileID="348" AltIDMod="0" />
    </MapTiles>
    <StaticTiles />
  </TransInfo>
  <TransInfo Description="Grass Without Static to Furrows W" HashKey="033E3E033E3E3E3E03">
    <MapTiles>
      <MapTile TileID="348" AltIDMod="0" />
    </MapTiles>
    <StaticTiles />
  </TransInfo>
  <TransInfo Description="Grass Without Static to Furrows W" HashKey="033E3E3E3E3E030303">
    <MapTiles>
      <MapTile TileID="348" AltIDMod="0" />
    </MapTiles>
    <StaticTiles />
  </TransInfo>
  <TransInfo Description="Grass Without Static to Furrows W" HashKey="033E3E3E3E3E03033E">
    <MapTiles>
      <MapTile TileID="348" AltIDMod="0" />
    </MapTiles>
    <StaticTiles />
  </TransInfo>
  <TransInfo Description="Grass Without Static to Furrows W" HashKey="033E3E3E3E3E3E033E">
    <MapTiles>
      <MapTile TileID="348" AltIDMod="0" />
    </MapTiles>
    <StaticTiles />
  </TransInfo>
  <TransInfo Description="Grass Without Static to Furrows W" HashKey="3E3E3E033E3E033E03">
    <MapTiles>
      <MapTile TileID="348" AltIDMod="0" />
    </MapTiles>
    <StaticTiles />
  </TransInfo>
  <TransInfo Description="Grass Without Static to Furrows W" HashKey="033E3E033E3E033E03">
    <MapTiles>
      <MapTile TileID="348" AltIDMod="0" />
    </MapTiles>
    <StaticTiles />
  </TransInfo>
  <TransInfo Description="Grass Without Static to Furrows W" HashKey="033E3E3E3E3E3E0303">
    <MapTiles>
      <MapTile TileID="348" AltIDMod="0" />
    </MapTiles>
    <StaticTiles />
  </TransInfo>
  <TransInfo Description="Grass Without Static to Furrows W" HashKey="033E3E033E3E3E0303">
    <MapTiles>
      <MapTile TileID="348" AltIDMod="0" />
    </MapTiles>
    <StaticTiles />
  </TransInfo>
  <TransInfo Description="Grass Without Static to Furrows W" HashKey="3E3E3E033E3E3E0303">
    <MapTiles>
      <MapTile TileID="348" AltIDMod="0" />
    </MapTiles>
    <StaticTiles />
  </TransInfo>
  <TransInfo Description="Grass Without Static to Furrows W" HashKey="3E3E3E033E3E3E3E03">
    <MapTiles>
      <MapTile TileID="348" AltIDMod="0" />
    </MapTiles>
    <StaticTiles />
  </TransInfo>
  <TransInfo Description="Grass Without Static to Furrows W" HashKey="033E3E3E3E3E033E03">
    <MapTiles>
      <MapTile TileID="348" AltIDMod="0" />
    </MapTiles>
    <StaticTiles />
  </TransInfo>
  <TransInfo Description="Grass Without Static to Furrows W" HashKey="033E3E033E3E3E033E">
    <MapTiles>
      <MapTile TileID="348" AltIDMod="0" />
    </MapTiles>
    <StaticTiles />
  </TransInfo>
  <TransInfo Description="Grass Without Static to Furrows W" HashKey="0303033E3E033E3E03">
    <MapTiles>
      <MapTile TileID="347" AltIDMod="0" />
    </MapTiles>
    <StaticTiles />
  </TransInfo>
  <TransInfo Description="Grass Without Static to Furrows W" HashKey="0303033E3E033E3E3E">
    <MapTiles>
      <MapTile TileID="347" AltIDMod="0" />
    </MapTiles>
    <StaticTiles />
  </TransInfo>
  <TransInfo Description="Grass Without Static to Furrows W" HashKey="3E03033E3E033E3E03">
    <MapTiles>
      <MapTile TileID="347" AltIDMod="0" />
    </MapTiles>
    <StaticTiles />
  </TransInfo>
  <TransInfo Description="Grass Without Static to Furrows W" HashKey="3E03033E3E033E3E3E">
    <MapTiles>
      <MapTile TileID="347" AltIDMod="0" />
    </MapTiles>
    <StaticTiles />
  </TransInfo>
  <TransInfo Description="Grass Without Static to Furrows W" HashKey="033E3E3E3E033E3E03">
    <MapTiles>
      <MapTile TileID="347" AltIDMod="0" />
    </MapTiles>
    <StaticTiles />
  </TransInfo>
  <TransInfo Description="Grass Without Static to Furrows W" HashKey="033E033E3E033E3E3E">
    <MapTiles>
      <MapTile TileID="347" AltIDMod="0" />
    </MapTiles>
    <StaticTiles />
  </TransInfo>
  <TransInfo Description="Grass Without Static to Furrows W" HashKey="033E033E3E033E3E03">
    <MapTiles>
      <MapTile TileID="347" AltIDMod="0" />
    </MapTiles>
    <StaticTiles />
  </TransInfo>
  <TransInfo Description="Grass Without Static to Furrows W" HashKey="03033E3E3E3E3E3E03">
    <MapTiles>
      <MapTile TileID="347" AltIDMod="0" />
    </MapTiles>
    <StaticTiles />
  </TransInfo>
  <TransInfo Description="Grass Without Static to Furrows W" HashKey="3E033E3E3E3E3E3E03">
    <MapTiles>
      <MapTile TileID="347" AltIDMod="0" />
    </MapTiles>
    <StaticTiles />
  </TransInfo>
  <TransInfo Description="Grass Without Static to Furrows W" HashKey="0303033E3E3E3E3E03">
    <MapTiles>
      <MapTile TileID="347" AltIDMod="0" />
    </MapTiles>
    <StaticTiles />
  </TransInfo>
  <TransInfo Description="Grass Without Static to Furrows W" HashKey="03033E3E3E033E3E3E">
    <MapTiles>
      <MapTile TileID="347" AltIDMod="0" />
    </MapTiles>
    <StaticTiles />
  </TransInfo>
  <TransInfo Description="Grass Without Static to Furrows W" HashKey="3E03033E3E3E3E3E03">
    <MapTiles>
      <MapTile TileID="347" AltIDMod="0" />
    </MapTiles>
    <StaticTiles />
  </TransInfo>
  <TransInfo Description="Grass Without Static to Furrows W" HashKey="3E033E3E3E033E3E3E">
    <MapTiles>
      <MapTile TileID="347" AltIDMod="0" />
    </MapTiles>
    <StaticTiles />
  </TransInfo>
  <TransInfo Description="Grass Without Static to Furrows W" HashKey="033E3E3E3E033E3E3E">
    <MapTiles>
      <MapTile TileID="347" AltIDMod="0" />
    </MapTiles>
    <StaticTiles />
  </TransInfo>
  <TransInfo Description="Grass Without Static to Furrows W" HashKey="033E033E3E3E3E3E03">
    <MapTiles>
      <MapTile TileID="347" AltIDMod="0" />
    </MapTiles>
    <StaticTiles />
  </TransInfo>
  <TransInfo Description="Grass Without Static to Furrows W" HashKey="3E033E3E3E033E3E03">
    <MapTiles>
      <MapTile TileID="347" AltIDMod="0" />
    </MapTiles>
    <StaticTiles />
  </TransInfo>
  <TransInfo Description="Grass Without Static to Furrows W" HashKey="03033E3E3E033E3E03">
    <MapTiles>
      <MapTile TileID="347" AltIDMod="0" />
    </MapTiles>
    <StaticTiles />
  </TransInfo>
  <TransInfo Description="Grass Without Static to Furrows W" HashKey="033E3E3E3E3E3E3E3E">
    <MapTiles>
      <MapTile TileID="343" AltIDMod="0" />
    </MapTiles>
    <StaticTiles />
  </TransInfo>
  <TransInfo Description="Grass Without Static to Furrows W" HashKey="3E3E3E3E3E3E3E3E03">
    <MapTiles>
      <MapTile TileID="344" AltIDMod="0" />
    </MapTiles>
    <StaticTiles />
  </TransInfo>
  <TransInfo Description="Grass Without Static to Furrows W" HashKey="3E3E033E3E3E3E3E3E">
    <MapTiles>
      <MapTile TileID="345" AltIDMod="0" />
    </MapTiles>
    <StaticTiles />
  </TransInfo>
  <TransInfo Description="Grass Without Static to Furrows W" HashKey="3E3E3E3E3E3E033E3E">
    <MapTiles>
      <MapTile TileID="342" AltIDMod="0" />
    </MapTiles>
    <StaticTiles />
  </TransInfo>
</Trans>