﻿<?xml version="1.0" encoding="utf-8"?>
<Trans>
    <TransInfo Description="Grass Without Static to Moss SN" HashKey="3232323E3E3E3E3E3E">
    <MapTiles>
      <MapTile TileID="15815" AltIDMod="0" />
      <MapTile TileID="15816" AltIDMod="0" />
    </MapTiles>
    <StaticTiles />
  </TransInfo>
  <TransInfo Description="Grass Without Static to Moss SN" HashKey="3E32323E3E3E3E3E3E">
    <MapTiles>
      <MapTile TileID="15815" AltIDMod="0" />
      <MapTile TileID="15816" AltIDMod="0" />
    </MapTiles>
    <StaticTiles />
  </TransInfo>
  <TransInfo Description="Grass Without Static to Moss SN" HashKey="32323E3E3E3E3E3E3E">
    <MapTiles>
      <MapTile TileID="15815" AltIDMod="0" />
      <MapTile TileID="15816" AltIDMod="0" />
    </MapTiles>
    <StaticTiles />
  </TransInfo>
  <TransInfo Description="Grass Without Static to Moss SN" HashKey="3E323E3E3E3E3E3E3E">
    <MapTiles>
      <MapTile TileID="15815" AltIDMod="0" />
      <MapTile TileID="15816" AltIDMod="0" />
    </MapTiles>
    <StaticTiles />
  </TransInfo>
  <TransInfo Description="Grass Without Static to Moss SN" HashKey="323E323E3E3E3E3E3E">
    <MapTiles>
      <MapTile TileID="15815" AltIDMod="0" />
      <MapTile TileID="15816" AltIDMod="0" />
    </MapTiles>
    <StaticTiles />
  </TransInfo>
  <TransInfo Description="Grass Without Static to Moss EW" HashKey="323E3E323E3E323E3E">
    <MapTiles>
      <MapTile TileID="15811" AltIDMod="0" />
      <MapTile TileID="15812" AltIDMod="0" />
    </MapTiles>
    <StaticTiles />
  </TransInfo>
  <TransInfo Description="Grass Without Static to Moss EW" HashKey="323E3E323E3E3E3E3E">
    <MapTiles>
      <MapTile TileID="15811" AltIDMod="0" />
      <MapTile TileID="15812" AltIDMod="0" />
    </MapTiles>
    <StaticTiles />
  </TransInfo>
  <TransInfo Description="Grass Without Static to Moss EW" HashKey="3E3E3E323E3E323E3E">
    <MapTiles>
      <MapTile TileID="15811" AltIDMod="0" />
      <MapTile TileID="15812" AltIDMod="0" />
    </MapTiles>
    <StaticTiles />
  </TransInfo>
  <TransInfo Description="Grass Without Static to Moss EW" HashKey="3E3E3E323E3E3E3E3E">
    <MapTiles>
      <MapTile TileID="15811" AltIDMod="0" />
      <MapTile TileID="15812" AltIDMod="0" />
    </MapTiles>
    <StaticTiles />
  </TransInfo>
  <TransInfo Description="Grass Without Static to Moss EW" HashKey="323E3E3E3E3E323E3E">
    <MapTiles>
      <MapTile TileID="15811" AltIDMod="0" />
      <MapTile TileID="15812" AltIDMod="0" />
    </MapTiles>
    <StaticTiles />
  </TransInfo>
  <TransInfo Description="Grass Without Static to Moss WE" HashKey="3E3E323E3E323E3E32">
    <MapTiles>
      <MapTile TileID="15817" AltIDMod="0" />
      <MapTile TileID="15818" AltIDMod="0" />
    </MapTiles>
    <StaticTiles />
  </TransInfo>
  <TransInfo Description="Grass Without Static to Moss WE" HashKey="3E3E3E3E3E323E3E32">
    <MapTiles>
      <MapTile TileID="15817" AltIDMod="0" />
      <MapTile TileID="15818" AltIDMod="0" />
    </MapTiles>
    <StaticTiles />
  </TransInfo>
  <TransInfo Description="Grass Without Static to Moss WE" HashKey="3E3E323E3E323E3E3E">
    <MapTiles>
      <MapTile TileID="15817" AltIDMod="0" />
      <MapTile TileID="15818" AltIDMod="0" />
    </MapTiles>
    <StaticTiles />
  </TransInfo>
  <TransInfo Description="Grass Without Static to Moss WE" HashKey="3E3E3E3E3E323E3E3E">
    <MapTiles>
      <MapTile TileID="15817" AltIDMod="0" />
      <MapTile TileID="15818" AltIDMod="0" />
    </MapTiles>
    <StaticTiles />
  </TransInfo>
  <TransInfo Description="Grass Without Static to Moss WE" HashKey="3E3E323E3E3E3E3E32">
    <MapTiles>
      <MapTile TileID="15817" AltIDMod="0" />
      <MapTile TileID="15818" AltIDMod="0" />
    </MapTiles>
    <StaticTiles />
  </TransInfo>
  <TransInfo Description="Grass Without Static to Moss NS" HashKey="3E3E3E3E3E3E323232">
    <MapTiles>
      <MapTile TileID="15813" AltIDMod="0" />
      <MapTile TileID="15814" AltIDMod="0" />
    </MapTiles>
    <StaticTiles />
  </TransInfo>
  <TransInfo Description="Grass Without Static to Moss NS" HashKey="3E3E3E3E3E3E32323E">
    <MapTiles>
      <MapTile TileID="15813" AltIDMod="0" />
      <MapTile TileID="15814" AltIDMod="0" />
    </MapTiles>
    <StaticTiles />
  </TransInfo>
  <TransInfo Description="Grass Without Static to Moss NS" HashKey="3E3E3E3E3E3E3E3232">
    <MapTiles>
      <MapTile TileID="15813" AltIDMod="0" />
      <MapTile TileID="15814" AltIDMod="0" />
    </MapTiles>
    <StaticTiles />
  </TransInfo>
  <TransInfo Description="Grass Without Static to Moss NS" HashKey="3E3E3E3E3E3E3E323E">
    <MapTiles>
      <MapTile TileID="15813" AltIDMod="0" />
      <MapTile TileID="15814" AltIDMod="0" />
    </MapTiles>
    <StaticTiles />
  </TransInfo>
  <TransInfo Description="Grass Without Static to Moss NS" HashKey="3E3E3E3E3E3E323E32">
    <MapTiles>
      <MapTile TileID="15813" AltIDMod="0" />
      <MapTile TileID="15814" AltIDMod="0" />
    </MapTiles>
    <StaticTiles />
  </TransInfo>
  <TransInfo Description="Grass Without Static to Moss NWA" HashKey="3E3E323E3E32323232">
    <MapTiles>
      <MapTile TileID="15830" AltIDMod="0" />
    </MapTiles>
    <StaticTiles />
  </TransInfo>
  <TransInfo Description="Grass Without Static to Moss NWA" HashKey="3E3E3E3E3E32323232">
    <MapTiles>
      <MapTile TileID="15830" AltIDMod="0" />
    </MapTiles>
    <StaticTiles />
  </TransInfo>
  <TransInfo Description="Grass Without Static to Moss NWA" HashKey="3E3E323E3E323E3232">
    <MapTiles>
      <MapTile TileID="15830" AltIDMod="0" />
    </MapTiles>
    <StaticTiles />
  </TransInfo>
  <TransInfo Description="Grass Without Static to Moss NWA" HashKey="3E3E3E3E3E323E3232">
    <MapTiles>
      <MapTile TileID="15830" AltIDMod="0" />
    </MapTiles>
    <StaticTiles />
  </TransInfo>
  <TransInfo Description="Grass Without Static to Moss NWA" HashKey="3E3E3E3E3E323E323E">
    <MapTiles>
      <MapTile TileID="15830" AltIDMod="0" />
    </MapTiles>
    <StaticTiles />
  </TransInfo>
  <TransInfo Description="Grass Without Static to Moss NWA" HashKey="3E3E323E3E3E3E3232">
    <MapTiles>
      <MapTile TileID="15830" AltIDMod="0" />
    </MapTiles>
    <StaticTiles />
  </TransInfo>
  <TransInfo Description="Grass Without Static to Moss NWA" HashKey="3E3E323E3E3E323232">
    <MapTiles>
      <MapTile TileID="15830" AltIDMod="0" />
    </MapTiles>
    <StaticTiles />
  </TransInfo>
  <TransInfo Description="Grass Without Static to Moss NWA" HashKey="3E3E323E3E3E32323E">
    <MapTiles>
      <MapTile TileID="15830" AltIDMod="0" />
    </MapTiles>
    <StaticTiles />
  </TransInfo>
  <TransInfo Description="Grass Without Static to Moss NWA" HashKey="3E3E3E3E3E32323E32">
    <MapTiles>
      <MapTile TileID="15830" AltIDMod="0" />
    </MapTiles>
    <StaticTiles />
  </TransInfo>
  <TransInfo Description="Grass Without Static to Moss NWA" HashKey="3E3E323E3E32323E32">
    <MapTiles>
      <MapTile TileID="15830" AltIDMod="0" />
    </MapTiles>
    <StaticTiles />
  </TransInfo>
  <TransInfo Description="Grass Without Static to Moss NWA" HashKey="3E3E323E3E3232323E">
    <MapTiles>
      <MapTile TileID="15830" AltIDMod="0" />
    </MapTiles>
    <StaticTiles />
  </TransInfo>
  <TransInfo Description="Grass Without Static to Moss NWA" HashKey="3E3E323E3E32323E3E">
    <MapTiles>
      <MapTile TileID="15830" AltIDMod="0" />
    </MapTiles>
    <StaticTiles />
  </TransInfo>
  <TransInfo Description="Grass Without Static to Moss NWA" HashKey="3E3E323E3E3E3E323E">
    <MapTiles>
      <MapTile TileID="15830" AltIDMod="0" />
    </MapTiles>
    <StaticTiles />
  </TransInfo>
  <TransInfo Description="Grass Without Static to Moss NWA" HashKey="3E3E3E3E3E32323E3E">
    <MapTiles>
      <MapTile TileID="15830" AltIDMod="0" />
    </MapTiles>
    <StaticTiles />
  </TransInfo>
  <TransInfo Description="Grass Without Static to Moss NWA" HashKey="3E3E323E3E323E323E">
    <MapTiles>
      <MapTile TileID="15830" AltIDMod="0" />
    </MapTiles>
    <StaticTiles />
  </TransInfo>
  <TransInfo Description="Grass Without Static to Moss NWA" HashKey="3E3E323E3E3E323E32">
    <MapTiles>
      <MapTile TileID="15830" AltIDMod="0" />
    </MapTiles>
    <StaticTiles />
  </TransInfo>
  <TransInfo Description="Grass Without Static to Moss NWA" HashKey="3E3E3E3E3E3232323E">
    <MapTiles>
      <MapTile TileID="15830" AltIDMod="0" />
    </MapTiles>
    <StaticTiles />
  </TransInfo>
  <TransInfo Description="Grass Without Static to Moss" HashKey="323232323E3E323E3E">
    <MapTiles>
      <MapTile TileID="15832" AltIDMod="0" />
    </MapTiles>
    <StaticTiles />
  </TransInfo>
  <TransInfo Description="Grass Without Static to Moss" HashKey="32323E323E3E323E3E">
    <MapTiles>
      <MapTile TileID="15832" AltIDMod="0" />
    </MapTiles>
    <StaticTiles />
  </TransInfo>
  <TransInfo Description="Grass Without Static to Moss" HashKey="323232323E3E3E3E3E">
    <MapTiles>
      <MapTile TileID="15832" AltIDMod="0" />
    </MapTiles>
    <StaticTiles />
  </TransInfo>
  <TransInfo Description="Grass Without Static to Moss" HashKey="32323E323E3E3E3E3E">
    <MapTiles>
      <MapTile TileID="15832" AltIDMod="0" />
    </MapTiles>
    <StaticTiles />
  </TransInfo>
  <TransInfo Description="Grass Without Static to Moss" HashKey="323E32323E3E3E3E3E">
    <MapTiles>
      <MapTile TileID="15832" AltIDMod="0" />
    </MapTiles>
    <StaticTiles />
  </TransInfo>
  <TransInfo Description="Grass Without Static to Moss" HashKey="32323E3E3E3E323E3E">
    <MapTiles>
      <MapTile TileID="15832" AltIDMod="0" />
    </MapTiles>
    <StaticTiles />
  </TransInfo>
  <TransInfo Description="Grass Without Static to Moss" HashKey="3E32323E3E3E323E3E">
    <MapTiles>
      <MapTile TileID="15832" AltIDMod="0" />
    </MapTiles>
    <StaticTiles />
  </TransInfo>
  <TransInfo Description="Grass Without Static to Moss" HashKey="323E323E3E3E323E3E">
    <MapTiles>
      <MapTile TileID="15832" AltIDMod="0" />
    </MapTiles>
    <StaticTiles />
  </TransInfo>
  <TransInfo Description="Grass Without Static to Moss" HashKey="3232323E3E3E323E3E">
    <MapTiles>
      <MapTile TileID="15832" AltIDMod="0" />
    </MapTiles>
    <StaticTiles />
  </TransInfo>
  <TransInfo Description="Grass Without Static to Moss" HashKey="3E323E323E3E3E3E3E">
    <MapTiles>
      <MapTile TileID="15832" AltIDMod="0" />
    </MapTiles>
    <StaticTiles />
  </TransInfo>
  <TransInfo Description="Grass Without Static to Moss" HashKey="323E32323E3E323E3E">
    <MapTiles>
      <MapTile TileID="15832" AltIDMod="0" />
    </MapTiles>
    <StaticTiles />
  </TransInfo>
  <TransInfo Description="Grass Without Static to Moss" HashKey="3E3E32323E3E323E3E">
    <MapTiles>
      <MapTile TileID="15832" AltIDMod="0" />
    </MapTiles>
    <StaticTiles />
  </TransInfo>
  <TransInfo Description="Grass Without Static to Moss" HashKey="3E3232323E3E323E3E">
    <MapTiles>
      <MapTile TileID="15832" AltIDMod="0" />
    </MapTiles>
    <StaticTiles />
  </TransInfo>
  <TransInfo Description="Grass Without Static to Moss" HashKey="3E3E32323E3E3E3E3E">
    <MapTiles>
      <MapTile TileID="15832" AltIDMod="0" />
    </MapTiles>
    <StaticTiles />
  </TransInfo>
  <TransInfo Description="Grass Without Static to Moss" HashKey="3E323E323E3E323E3E">
    <MapTiles>
      <MapTile TileID="15832" AltIDMod="0" />
    </MapTiles>
    <StaticTiles />
  </TransInfo>
  <TransInfo Description="Grass Without Static to Moss" HashKey="3E323E3E3E3E323E3E">
    <MapTiles>
      <MapTile TileID="15832" AltIDMod="0" />
    </MapTiles>
    <StaticTiles />
  </TransInfo>
  <TransInfo Description="Grass Without Static to Moss" HashKey="3E3232323E3E3E3E3E">
    <MapTiles>
      <MapTile TileID="15832" AltIDMod="0" />
    </MapTiles>
    <StaticTiles />
  </TransInfo>
  <TransInfo Description="Grass Without Static to Moss" HashKey="323E3E323E3E323232">
    <MapTiles>
      <MapTile TileID="15823" AltIDMod="0" />
    </MapTiles>
    <StaticTiles />
  </TransInfo>
  <TransInfo Description="Grass Without Static to Moss" HashKey="3E3E3E323E3E323232">
    <MapTiles>
      <MapTile TileID="15823" AltIDMod="0" />
    </MapTiles>
    <StaticTiles />
  </TransInfo>
  <TransInfo Description="Grass Without Static to Moss" HashKey="323E3E323E3E32323E">
    <MapTiles>
      <MapTile TileID="15823" AltIDMod="0" />
    </MapTiles>
    <StaticTiles />
  </TransInfo>
  <TransInfo Description="Grass Without Static to Moss" HashKey="3E3E3E323E3E32323E">
    <MapTiles>
      <MapTile TileID="15823" AltIDMod="0" />
    </MapTiles>
    <StaticTiles />
  </TransInfo>
  <TransInfo Description="Grass Without Static to Moss" HashKey="3E3E3E323E3E3E323E">
    <MapTiles>
      <MapTile TileID="15823" AltIDMod="0" />
    </MapTiles>
    <StaticTiles />
  </TransInfo>
  <TransInfo Description="Grass Without Static to Moss" HashKey="323E3E323E3E3E3E32">
    <MapTiles>
      <MapTile TileID="15823" AltIDMod="0" />
    </MapTiles>
    <StaticTiles />
  </TransInfo>
  <TransInfo Description="Grass Without Static to Moss" HashKey="323E3E3E3E3E323232">
    <MapTiles>
      <MapTile TileID="15823" AltIDMod="0" />
    </MapTiles>
    <StaticTiles />
  </TransInfo>
  <TransInfo Description="Grass Without Static to Moss" HashKey="323E3E3E3E3E32323E">
    <MapTiles>
      <MapTile TileID="15823" AltIDMod="0" />
    </MapTiles>
    <StaticTiles />
  </TransInfo>
  <TransInfo Description="Grass Without Static to Moss" HashKey="323E3E3E3E3E3E323E">
    <MapTiles>
      <MapTile TileID="15823" AltIDMod="0" />
    </MapTiles>
    <StaticTiles />
  </TransInfo>
  <TransInfo Description="Grass Without Static to Moss" HashKey="3E3E3E323E3E323E32">
    <MapTiles>
      <MapTile TileID="15823" AltIDMod="0" />
    </MapTiles>
    <StaticTiles />
  </TransInfo>
  <TransInfo Description="Grass Without Static to Moss" HashKey="323E3E323E3E323E32">
    <MapTiles>
      <MapTile TileID="15823" AltIDMod="0" />
    </MapTiles>
    <StaticTiles />
  </TransInfo>
  <TransInfo Description="Grass Without Static to Moss" HashKey="323E3E3E3E3E3E3232">
    <MapTiles>
      <MapTile TileID="15823" AltIDMod="0" />
    </MapTiles>
    <StaticTiles />
  </TransInfo>
  <TransInfo Description="Grass Without Static to Moss" HashKey="323E3E323E3E3E3232">
    <MapTiles>
      <MapTile TileID="15823" AltIDMod="0" />
    </MapTiles>
    <StaticTiles />
  </TransInfo>
  <TransInfo Description="Grass Without Static to Moss" HashKey="3E3E3E323E3E3E3232">
    <MapTiles>
      <MapTile TileID="15823" AltIDMod="0" />
    </MapTiles>
    <StaticTiles />
  </TransInfo>
  <TransInfo Description="Grass Without Static to Moss" HashKey="3E3E3E323E3E3E3E32">
    <MapTiles>
      <MapTile TileID="15823" AltIDMod="0" />
    </MapTiles>
    <StaticTiles />
  </TransInfo>
  <TransInfo Description="Grass Without Static to Moss" HashKey="323E3E3E3E3E323E32">
    <MapTiles>
      <MapTile TileID="15823" AltIDMod="0" />
    </MapTiles>
    <StaticTiles />
  </TransInfo>
  <TransInfo Description="Grass Without Static to Moss" HashKey="323E3E323E3E3E323E">
    <MapTiles>
      <MapTile TileID="15823" AltIDMod="0" />
    </MapTiles>
    <StaticTiles />
  </TransInfo>
  <TransInfo Description="Grass Without Static to Moss" HashKey="3232323E3E323E3E32">
    <MapTiles>
      <MapTile TileID="15826" AltIDMod="0" />
    </MapTiles>
    <StaticTiles />
  </TransInfo>
  <TransInfo Description="Grass Without Static to Moss" HashKey="3232323E3E323E3E3E">
    <MapTiles>
      <MapTile TileID="15826" AltIDMod="0" />
    </MapTiles>
    <StaticTiles />
  </TransInfo>
  <TransInfo Description="Grass Without Static to Moss" HashKey="3E32323E3E323E3E32">
    <MapTiles>
      <MapTile TileID="15826" AltIDMod="0" />
    </MapTiles>
    <StaticTiles />
  </TransInfo>
  <TransInfo Description="Grass Without Static to Moss" HashKey="3E32323E3E323E3E3E">
    <MapTiles>
      <MapTile TileID="15826" AltIDMod="0" />
    </MapTiles>
    <StaticTiles />
  </TransInfo>
  <TransInfo Description="Grass Without Static to Moss" HashKey="323E3E3E3E323E3E32">
    <MapTiles>
      <MapTile TileID="15826" AltIDMod="0" />
    </MapTiles>
    <StaticTiles />
  </TransInfo>
  <TransInfo Description="Grass Without Static to Moss" HashKey="323E323E3E323E3E3E">
    <MapTiles>
      <MapTile TileID="15826" AltIDMod="0" />
    </MapTiles>
    <StaticTiles />
  </TransInfo>
  <TransInfo Description="Grass Without Static to Moss" HashKey="323E323E3E323E3E32">
    <MapTiles>
      <MapTile TileID="15826" AltIDMod="0" />
    </MapTiles>
    <StaticTiles />
  </TransInfo>
  <TransInfo Description="Grass Without Static to Moss" HashKey="32323E3E3E3E3E3E32">
    <MapTiles>
      <MapTile TileID="15826" AltIDMod="0" />
    </MapTiles>
    <StaticTiles />
  </TransInfo>
  <TransInfo Description="Grass Without Static to Moss" HashKey="3E323E3E3E3E3E3E32">
    <MapTiles>
      <MapTile TileID="15826" AltIDMod="0" />
    </MapTiles>
    <StaticTiles />
  </TransInfo>
  <TransInfo Description="Grass Without Static to Moss" HashKey="3232323E3E3E3E3E32">
    <MapTiles>
      <MapTile TileID="15826" AltIDMod="0" />
    </MapTiles>
    <StaticTiles />
  </TransInfo>
  <TransInfo Description="Grass Without Static to Moss" HashKey="32323E3E3E323E3E3E">
    <MapTiles>
      <MapTile TileID="15826" AltIDMod="0" />
    </MapTiles>
    <StaticTiles />
  </TransInfo>
  <TransInfo Description="Grass Without Static to Moss" HashKey="3E32323E3E3E3E3E32">
    <MapTiles>
      <MapTile TileID="15826" AltIDMod="0" />
    </MapTiles>
    <StaticTiles />
  </TransInfo>
  <TransInfo Description="Grass Without Static to Moss" HashKey="3E323E3E3E323E3E3E">
    <MapTiles>
      <MapTile TileID="15826" AltIDMod="0" />
    </MapTiles>
    <StaticTiles />
  </TransInfo>
  <TransInfo Description="Grass Without Static to Moss" HashKey="323E3E3E3E323E3E3E">
    <MapTiles>
      <MapTile TileID="15826" AltIDMod="0" />
    </MapTiles>
    <StaticTiles />
  </TransInfo>
  <TransInfo Description="Grass Without Static to Moss" HashKey="323E323E3E3E3E3E32">
    <MapTiles>
      <MapTile TileID="15826" AltIDMod="0" />
    </MapTiles>
    <StaticTiles />
  </TransInfo>
  <TransInfo Description="Grass Without Static to Moss" HashKey="3E323E3E3E323E3E32">
    <MapTiles>
      <MapTile TileID="15826" AltIDMod="0" />
    </MapTiles>
    <StaticTiles />
  </TransInfo>
  <TransInfo Description="Grass Without Static to Moss" HashKey="32323E3E3E323E3E32">
    <MapTiles>
      <MapTile TileID="15826" AltIDMod="0" />
    </MapTiles>
    <StaticTiles />
  </TransInfo>
  <TransInfo Description="Grass Without Static to Moss NWB" HashKey="323E3E3E3E3E3E3E3E">
    <MapTiles>
      <MapTile TileID="15832" AltIDMod="0" />
    </MapTiles>
    <StaticTiles />
  </TransInfo>
  <TransInfo Description="Grass Without Static to Moss SEB" HashKey="3E3E3E3E3E3E3E3E32">
    <MapTiles>
      <MapTile TileID="15830" AltIDMod="0" />
    </MapTiles>
    <StaticTiles />
  </TransInfo>
  <TransInfo Description="Grass Without Static to Moss NEB" HashKey="3E3E323E3E3E3E3E3E">
    <MapTiles>
      <MapTile TileID="15831" AltIDMod="0" />
    </MapTiles>
    <StaticTiles />
  </TransInfo>
  <TransInfo Description="Grass Without Static to Moss SWB" HashKey="3E3E3E3E3E3E323E3E">
    <MapTiles>
      <MapTile TileID="15829" AltIDMod="0" />
    </MapTiles>
    <StaticTiles />
  </TransInfo>
  <TransInfo Description="Grass Without Static to Moss AC" HashKey="3E3E3E323E323E3E3E">
    <MapTiles>
      <MapTile TileID="15853" AltIDMod="0" />
    </MapTiles>
    <StaticTiles />
  </TransInfo>
  <TransInfo Description="Grass Without Static to Moss AC" HashKey="3E3E3E323E32323E3E">
    <MapTiles>
      <MapTile TileID="15853" AltIDMod="0" />
    </MapTiles>
    <StaticTiles />
  </TransInfo>
  <TransInfo Description="Grass Without Static to Moss AC" HashKey="3E3E3E323E323E323E">
    <MapTiles>
      <MapTile TileID="15853" AltIDMod="0" />
    </MapTiles>
    <StaticTiles />
  </TransInfo>
  <TransInfo Description="Grass Without Static to Moss AC" HashKey="3E3E3E323E3232323E">
    <MapTiles>
      <MapTile TileID="15853" AltIDMod="0" />
    </MapTiles>
    <StaticTiles />
  </TransInfo>
  <TransInfo Description="Grass Without Static to Moss AC" HashKey="3E3E3E323E323E3E32">
    <MapTiles>
      <MapTile TileID="15853" AltIDMod="0" />
    </MapTiles>
    <StaticTiles />
  </TransInfo>
  <TransInfo Description="Grass Without Static to Moss AC" HashKey="3E3E3E323E32323E32">
    <MapTiles>
      <MapTile TileID="15853" AltIDMod="0" />
    </MapTiles>
    <StaticTiles />
  </TransInfo>
  <TransInfo Description="Grass Without Static to Moss AC" HashKey="3E3E3E323E323E3232">
    <MapTiles>
      <MapTile TileID="15853" AltIDMod="0" />
    </MapTiles>
    <StaticTiles />
  </TransInfo>
  <TransInfo Description="Grass Without Static to Moss AC" HashKey="3E3E3E323E32323232">
    <MapTiles>
      <MapTile TileID="15853" AltIDMod="0" />
    </MapTiles>
    <StaticTiles />
  </TransInfo>
  <TransInfo Description="Grass Without Static to Moss AC" HashKey="3E3E32323E3E3E323E">
    <MapTiles>
      <MapTile TileID="15853" AltIDMod="0" />
    </MapTiles>
    <StaticTiles />
  </TransInfo>
  <TransInfo Description="Grass Without Static to Moss AC" HashKey="3E3E32323E3E32323E">
    <MapTiles>
      <MapTile TileID="15853" AltIDMod="0" />
    </MapTiles>
    <StaticTiles />
  </TransInfo>
  <TransInfo Description="Grass Without Static to Moss AC" HashKey="3E3E32323E3E3E3E32">
    <MapTiles>
      <MapTile TileID="15853" AltIDMod="0" />
    </MapTiles>
    <StaticTiles />
  </TransInfo>
  <TransInfo Description="Grass Without Static to Moss AC" HashKey="3E3E32323E3E323E32">
    <MapTiles>
      <MapTile TileID="15853" AltIDMod="0" />
    </MapTiles>
    <StaticTiles />
  </TransInfo>
  <TransInfo Description="Grass Without Static to Moss AC" HashKey="3E3E32323E3E3E3232">
    <MapTiles>
      <MapTile TileID="15853" AltIDMod="0" />
    </MapTiles>
    <StaticTiles />
  </TransInfo>
  <TransInfo Description="Grass Without Static to Moss AC" HashKey="3E3E32323E3E323232">
    <MapTiles>
      <MapTile TileID="15853" AltIDMod="0" />
    </MapTiles>
    <StaticTiles />
  </TransInfo>
  <TransInfo Description="Grass Without Static to Moss AC" HashKey="3E3E32323E323E3E3E">
    <MapTiles>
      <MapTile TileID="15853" AltIDMod="0" />
    </MapTiles>
    <StaticTiles />
  </TransInfo>
  <TransInfo Description="Grass Without Static to Moss AC" HashKey="3E3E32323E32323E3E">
    <MapTiles>
      <MapTile TileID="15853" AltIDMod="0" />
    </MapTiles>
    <StaticTiles />
  </TransInfo>
  <TransInfo Description="Grass Without Static to Moss AC" HashKey="3E3E32323E323E323E">
    <MapTiles>
      <MapTile TileID="15853" AltIDMod="0" />
    </MapTiles>
    <StaticTiles />
  </TransInfo>
  <TransInfo Description="Grass Without Static to Moss AC" HashKey="3E3E32323E3232323E">
    <MapTiles>
      <MapTile TileID="15853" AltIDMod="0" />
    </MapTiles>
    <StaticTiles />
  </TransInfo>
  <TransInfo Description="Grass Without Static to Moss AC" HashKey="3E3E32323E323E3E32">
    <MapTiles>
      <MapTile TileID="15853" AltIDMod="0" />
    </MapTiles>
    <StaticTiles />
  </TransInfo>
  <TransInfo Description="Grass Without Static to Moss AC" HashKey="3E3E32323E32323E32">
    <MapTiles>
      <MapTile TileID="15853" AltIDMod="0" />
    </MapTiles>
    <StaticTiles />
  </TransInfo>
  <TransInfo Description="Grass Without Static to Moss AC" HashKey="3E3E32323E323E3232">
    <MapTiles>
      <MapTile TileID="15853" AltIDMod="0" />
    </MapTiles>
    <StaticTiles />
  </TransInfo>
  <TransInfo Description="Grass Without Static to Moss AC" HashKey="3E3E32323E32323232">
    <MapTiles>
      <MapTile TileID="15853" AltIDMod="0" />
    </MapTiles>
    <StaticTiles />
  </TransInfo>
  <TransInfo Description="Grass Without Static to Moss AC" HashKey="3E323E3E3E3E3E323E">
    <MapTiles>
      <MapTile TileID="15853" AltIDMod="0" />
    </MapTiles>
    <StaticTiles />
  </TransInfo>
  <TransInfo Description="Grass Without Static to Moss AC" HashKey="3E323E323E3E3E323E">
    <MapTiles>
      <MapTile TileID="15853" AltIDMod="0" />
    </MapTiles>
    <StaticTiles />
  </TransInfo>
  <TransInfo Description="Grass Without Static to Moss AC" HashKey="3E323E3E3E3E32323E">
    <MapTiles>
      <MapTile TileID="15853" AltIDMod="0" />
    </MapTiles>
    <StaticTiles />
  </TransInfo>
  <TransInfo Description="Grass Without Static to Moss AC" HashKey="3E323E323E3E32323E">
    <MapTiles>
      <MapTile TileID="15853" AltIDMod="0" />
    </MapTiles>
    <StaticTiles />
  </TransInfo>
  <TransInfo Description="Grass Without Static to Moss AC" HashKey="3E323E323E3E3E3E32">
    <MapTiles>
      <MapTile TileID="15853" AltIDMod="0" />
    </MapTiles>
    <StaticTiles />
  </TransInfo>
  <TransInfo Description="Grass Without Static to Moss AC" HashKey="3E323E3E3E3E323E32">
    <MapTiles>
      <MapTile TileID="15853" AltIDMod="0" />
    </MapTiles>
    <StaticTiles />
  </TransInfo>
  <TransInfo Description="Grass Without Static to Moss AC" HashKey="3E323E323E3E323E32">
    <MapTiles>
      <MapTile TileID="15853" AltIDMod="0" />
    </MapTiles>
    <StaticTiles />
  </TransInfo>
  <TransInfo Description="Grass Without Static to Moss AC" HashKey="3E323E3E3E3E3E3232">
    <MapTiles>
      <MapTile TileID="15853" AltIDMod="0" />
    </MapTiles>
    <StaticTiles />
  </TransInfo>
  <TransInfo Description="Grass Without Static to Moss AC" HashKey="3E323E323E3E3E3232">
    <MapTiles>
      <MapTile TileID="15853" AltIDMod="0" />
    </MapTiles>
    <StaticTiles />
  </TransInfo>
  <TransInfo Description="Grass Without Static to Moss AC" HashKey="3E323E3E3E3E323232">
    <MapTiles>
      <MapTile TileID="15853" AltIDMod="0" />
    </MapTiles>
    <StaticTiles />
  </TransInfo>
  <TransInfo Description="Grass Without Static to Moss AC" HashKey="3E323E323E3E323232">
    <MapTiles>
      <MapTile TileID="15853" AltIDMod="0" />
    </MapTiles>
    <StaticTiles />
  </TransInfo>
  <TransInfo Description="Grass Without Static to Moss AC" HashKey="3E323E323E323E3E3E">
    <MapTiles>
      <MapTile TileID="15853" AltIDMod="0" />
    </MapTiles>
    <StaticTiles />
  </TransInfo>
  <TransInfo Description="Grass Without Static to Moss AC" HashKey="3E323E3E3E32323E3E">
    <MapTiles>
      <MapTile TileID="15853" AltIDMod="0" />
    </MapTiles>
    <StaticTiles />
  </TransInfo>
  <TransInfo Description="Grass Without Static to Moss AC" HashKey="3E323E323E32323E3E">
    <MapTiles>
      <MapTile TileID="15853" AltIDMod="0" />
    </MapTiles>
    <StaticTiles />
  </TransInfo>
  <TransInfo Description="Grass Without Static to Moss AC" HashKey="3E323E3E3E323E323E">
    <MapTiles>
      <MapTile TileID="15853" AltIDMod="0" />
    </MapTiles>
    <StaticTiles />
  </TransInfo>
  <TransInfo Description="Grass Without Static to Moss AC" HashKey="3E323E323E323E323E">
    <MapTiles>
      <MapTile TileID="15853" AltIDMod="0" />
    </MapTiles>
    <StaticTiles />
  </TransInfo>
  <TransInfo Description="Grass Without Static to Moss AC" HashKey="3E323E3E3E3232323E">
    <MapTiles>
      <MapTile TileID="15853" AltIDMod="0" />
    </MapTiles>
    <StaticTiles />
  </TransInfo>
  <TransInfo Description="Grass Without Static to Moss AC" HashKey="3E323E323E3232323E">
    <MapTiles>
      <MapTile TileID="15853" AltIDMod="0" />
    </MapTiles>
    <StaticTiles />
  </TransInfo>
  <TransInfo Description="Grass Without Static to Moss AC" HashKey="3E323E323E323E3E32">
    <MapTiles>
      <MapTile TileID="15853" AltIDMod="0" />
    </MapTiles>
    <StaticTiles />
  </TransInfo>
  <TransInfo Description="Grass Without Static to Moss AC" HashKey="3E323E3E3E32323E32">
    <MapTiles>
      <MapTile TileID="15853" AltIDMod="0" />
    </MapTiles>
    <StaticTiles />
  </TransInfo>
  <TransInfo Description="Grass Without Static to Moss AC" HashKey="3E323E323E32323E32">
    <MapTiles>
      <MapTile TileID="15853" AltIDMod="0" />
    </MapTiles>
    <StaticTiles />
  </TransInfo>
  <TransInfo Description="Grass Without Static to Moss AC" HashKey="3E323E3E3E323E3232">
    <MapTiles>
      <MapTile TileID="15853" AltIDMod="0" />
    </MapTiles>
    <StaticTiles />
  </TransInfo>
  <TransInfo Description="Grass Without Static to Moss AC" HashKey="3E323E323E323E3232">
    <MapTiles>
      <MapTile TileID="15853" AltIDMod="0" />
    </MapTiles>
    <StaticTiles />
  </TransInfo>
  <TransInfo Description="Grass Without Static to Moss AC" HashKey="3E323E3E3E32323232">
    <MapTiles>
      <MapTile TileID="15853" AltIDMod="0" />
    </MapTiles>
    <StaticTiles />
  </TransInfo>
  <TransInfo Description="Grass Without Static to Moss AC" HashKey="3E323E323E32323232">
    <MapTiles>
      <MapTile TileID="15853" AltIDMod="0" />
    </MapTiles>
    <StaticTiles />
  </TransInfo>
  <TransInfo Description="Grass Without Static to Moss AC" HashKey="3E32323E3E3E3E323E">
    <MapTiles>
      <MapTile TileID="15853" AltIDMod="0" />
    </MapTiles>
    <StaticTiles />
  </TransInfo>
  <TransInfo Description="Grass Without Static to Moss AC" HashKey="3E3232323E3E3E323E">
    <MapTiles>
      <MapTile TileID="15853" AltIDMod="0" />
    </MapTiles>
    <StaticTiles />
  </TransInfo>
  <TransInfo Description="Grass Without Static to Moss AC" HashKey="3E32323E3E3E32323E">
    <MapTiles>
      <MapTile TileID="15853" AltIDMod="0" />
    </MapTiles>
    <StaticTiles />
  </TransInfo>
  <TransInfo Description="Grass Without Static to Moss AC" HashKey="3E3232323E3E32323E">
    <MapTiles>
      <MapTile TileID="15853" AltIDMod="0" />
    </MapTiles>
    <StaticTiles />
  </TransInfo>
  <TransInfo Description="Grass Without Static to Moss AC" HashKey="3E3232323E3E3E3E32">
    <MapTiles>
      <MapTile TileID="15853" AltIDMod="0" />
    </MapTiles>
    <StaticTiles />
  </TransInfo>
  <TransInfo Description="Grass Without Static to Moss AC" HashKey="3E32323E3E3E323E32">
    <MapTiles>
      <MapTile TileID="15853" AltIDMod="0" />
    </MapTiles>
    <StaticTiles />
  </TransInfo>
  <TransInfo Description="Grass Without Static to Moss AC" HashKey="3E3232323E3E323E32">
    <MapTiles>
      <MapTile TileID="15853" AltIDMod="0" />
    </MapTiles>
    <StaticTiles />
  </TransInfo>
  <TransInfo Description="Grass Without Static to Moss AC" HashKey="3E32323E3E3E3E3232">
    <MapTiles>
      <MapTile TileID="15853" AltIDMod="0" />
    </MapTiles>
    <StaticTiles />
  </TransInfo>
  <TransInfo Description="Grass Without Static to Moss AC" HashKey="3E3232323E3E3E3232">
    <MapTiles>
      <MapTile TileID="15853" AltIDMod="0" />
    </MapTiles>
    <StaticTiles />
  </TransInfo>
  <TransInfo Description="Grass Without Static to Moss AC" HashKey="3E32323E3E3E323232">
    <MapTiles>
      <MapTile TileID="15853" AltIDMod="0" />
    </MapTiles>
    <StaticTiles />
  </TransInfo>
  <TransInfo Description="Grass Without Static to Moss AC" HashKey="3E3232323E3E323232">
    <MapTiles>
      <MapTile TileID="15853" AltIDMod="0" />
    </MapTiles>
    <StaticTiles />
  </TransInfo>
  <TransInfo Description="Grass Without Static to Moss AC" HashKey="3E3232323E323E3E3E">
    <MapTiles>
      <MapTile TileID="15853" AltIDMod="0" />
    </MapTiles>
    <StaticTiles />
  </TransInfo>
  <TransInfo Description="Grass Without Static to Moss AC" HashKey="3E32323E3E32323E3E">
    <MapTiles>
      <MapTile TileID="15853" AltIDMod="0" />
    </MapTiles>
    <StaticTiles />
  </TransInfo>
  <TransInfo Description="Grass Without Static to Moss AC" HashKey="3E3232323E32323E3E">
    <MapTiles>
      <MapTile TileID="15853" AltIDMod="0" />
    </MapTiles>
    <StaticTiles />
  </TransInfo>
  <TransInfo Description="Grass Without Static to Moss AC" HashKey="3E32323E3E323E323E">
    <MapTiles>
      <MapTile TileID="15853" AltIDMod="0" />
    </MapTiles>
    <StaticTiles />
  </TransInfo>
  <TransInfo Description="Grass Without Static to Moss AC" HashKey="3E3232323E323E323E">
    <MapTiles>
      <MapTile TileID="15853" AltIDMod="0" />
    </MapTiles>
    <StaticTiles />
  </TransInfo>
  <TransInfo Description="Grass Without Static to Moss AC" HashKey="3E32323E3E3232323E">
    <MapTiles>
      <MapTile TileID="15853" AltIDMod="0" />
    </MapTiles>
    <StaticTiles />
  </TransInfo>
  <TransInfo Description="Grass Without Static to Moss AC" HashKey="3E3232323E3232323E">
    <MapTiles>
      <MapTile TileID="15853" AltIDMod="0" />
    </MapTiles>
    <StaticTiles />
  </TransInfo>
  <TransInfo Description="Grass Without Static to Moss AC" HashKey="3E3232323E323E3E32">
    <MapTiles>
      <MapTile TileID="15853" AltIDMod="0" />
    </MapTiles>
    <StaticTiles />
  </TransInfo>
  <TransInfo Description="Grass Without Static to Moss AC" HashKey="3E32323E3E32323E32">
    <MapTiles>
      <MapTile TileID="15853" AltIDMod="0" />
    </MapTiles>
    <StaticTiles />
  </TransInfo>
  <TransInfo Description="Grass Without Static to Moss AC" HashKey="3E3232323E32323E32">
    <MapTiles>
      <MapTile TileID="15853" AltIDMod="0" />
    </MapTiles>
    <StaticTiles />
  </TransInfo>
  <TransInfo Description="Grass Without Static to Moss AC" HashKey="3E32323E3E323E3232">
    <MapTiles>
      <MapTile TileID="15853" AltIDMod="0" />
    </MapTiles>
    <StaticTiles />
  </TransInfo>
  <TransInfo Description="Grass Without Static to Moss AC" HashKey="3E3232323E323E3232">
    <MapTiles>
      <MapTile TileID="15853" AltIDMod="0" />
    </MapTiles>
    <StaticTiles />
  </TransInfo>
  <TransInfo Description="Grass Without Static to Moss AC" HashKey="3E32323E3E32323232">
    <MapTiles>
      <MapTile TileID="15853" AltIDMod="0" />
    </MapTiles>
    <StaticTiles />
  </TransInfo>
  <TransInfo Description="Grass Without Static to Moss AC" HashKey="3E3232323E32323232">
    <MapTiles>
      <MapTile TileID="15853" AltIDMod="0" />
    </MapTiles>
    <StaticTiles />
  </TransInfo>
  <TransInfo Description="Grass Without Static to Moss AC" HashKey="323E3E323E323E3E3E">
    <MapTiles>
      <MapTile TileID="15853" AltIDMod="0" />
    </MapTiles>
    <StaticTiles />
  </TransInfo>
  <TransInfo Description="Grass Without Static to Moss AC" HashKey="323E3E3E3E32323E3E">
    <MapTiles>
      <MapTile TileID="15853" AltIDMod="0" />
    </MapTiles>
    <StaticTiles />
  </TransInfo>
  <TransInfo Description="Grass Without Static to Moss AC" HashKey="323E3E323E32323E3E">
    <MapTiles>
      <MapTile TileID="15853" AltIDMod="0" />
    </MapTiles>
    <StaticTiles />
  </TransInfo>
  <TransInfo Description="Grass Without Static to Moss AC" HashKey="323E3E3E3E323E323E">
    <MapTiles>
      <MapTile TileID="15853" AltIDMod="0" />
    </MapTiles>
    <StaticTiles />
  </TransInfo>
  <TransInfo Description="Grass Without Static to Moss AC" HashKey="323E3E323E323E323E">
    <MapTiles>
      <MapTile TileID="15853" AltIDMod="0" />
    </MapTiles>
    <StaticTiles />
  </TransInfo>
  <TransInfo Description="Grass Without Static to Moss AC" HashKey="323E3E3E3E3232323E">
    <MapTiles>
      <MapTile TileID="15853" AltIDMod="0" />
    </MapTiles>
    <StaticTiles />
  </TransInfo>
  <TransInfo Description="Grass Without Static to Moss AC" HashKey="323E3E323E3232323E">
    <MapTiles>
      <MapTile TileID="15853" AltIDMod="0" />
    </MapTiles>
    <StaticTiles />
  </TransInfo>
  <TransInfo Description="Grass Without Static to Moss AC" HashKey="323E3E323E323E3E32">
    <MapTiles>
      <MapTile TileID="15853" AltIDMod="0" />
    </MapTiles>
    <StaticTiles />
  </TransInfo>
  <TransInfo Description="Grass Without Static to Moss AC" HashKey="323E3E3E3E32323E32">
    <MapTiles>
      <MapTile TileID="15853" AltIDMod="0" />
    </MapTiles>
    <StaticTiles />
  </TransInfo>
  <TransInfo Description="Grass Without Static to Moss AC" HashKey="323E3E323E32323E32">
    <MapTiles>
      <MapTile TileID="15853" AltIDMod="0" />
    </MapTiles>
    <StaticTiles />
  </TransInfo>
  <TransInfo Description="Grass Without Static to Moss AC" HashKey="323E3E3E3E323E3232">
    <MapTiles>
      <MapTile TileID="15853" AltIDMod="0" />
    </MapTiles>
    <StaticTiles />
  </TransInfo>
  <TransInfo Description="Grass Without Static to Moss AC" HashKey="323E3E323E323E3232">
    <MapTiles>
      <MapTile TileID="15853" AltIDMod="0" />
    </MapTiles>
    <StaticTiles />
  </TransInfo>
  <TransInfo Description="Grass Without Static to Moss AC" HashKey="323E3E3E3E32323232">
    <MapTiles>
      <MapTile TileID="15853" AltIDMod="0" />
    </MapTiles>
    <StaticTiles />
  </TransInfo>
  <TransInfo Description="Grass Without Static to Moss AC" HashKey="323E3E323E32323232">
    <MapTiles>
      <MapTile TileID="15853" AltIDMod="0" />
    </MapTiles>
    <StaticTiles />
  </TransInfo>
  <TransInfo Description="Grass Without Static to Moss AC" HashKey="323E323E3E3E3E323E">
    <MapTiles>
      <MapTile TileID="15853" AltIDMod="0" />
    </MapTiles>
    <StaticTiles />
  </TransInfo>
  <TransInfo Description="Grass Without Static to Moss AC" HashKey="323E32323E3E3E323E">
    <MapTiles>
      <MapTile TileID="15853" AltIDMod="0" />
    </MapTiles>
    <StaticTiles />
  </TransInfo>
  <TransInfo Description="Grass Without Static to Moss AC" HashKey="323E323E3E3E32323E">
    <MapTiles>
      <MapTile TileID="15853" AltIDMod="0" />
    </MapTiles>
    <StaticTiles />
  </TransInfo>
  <TransInfo Description="Grass Without Static to Moss AC" HashKey="323E32323E3E32323E">
    <MapTiles>
      <MapTile TileID="15853" AltIDMod="0" />
    </MapTiles>
    <StaticTiles />
  </TransInfo>
  <TransInfo Description="Grass Without Static to Moss AC" HashKey="323E32323E3E3E3E32">
    <MapTiles>
      <MapTile TileID="15853" AltIDMod="0" />
    </MapTiles>
    <StaticTiles />
  </TransInfo>
  <TransInfo Description="Grass Without Static to Moss AC" HashKey="323E323E3E3E323E32">
    <MapTiles>
      <MapTile TileID="15853" AltIDMod="0" />
    </MapTiles>
    <StaticTiles />
  </TransInfo>
  <TransInfo Description="Grass Without Static to Moss AC" HashKey="323E32323E3E323E32">
    <MapTiles>
      <MapTile TileID="15853" AltIDMod="0" />
    </MapTiles>
    <StaticTiles />
  </TransInfo>
  <TransInfo Description="Grass Without Static to Moss AC" HashKey="323E323E3E3E3E3232">
    <MapTiles>
      <MapTile TileID="15853" AltIDMod="0" />
    </MapTiles>
    <StaticTiles />
  </TransInfo>
  <TransInfo Description="Grass Without Static to Moss AC" HashKey="323E32323E3E3E3232">
    <MapTiles>
      <MapTile TileID="15853" AltIDMod="0" />
    </MapTiles>
    <StaticTiles />
  </TransInfo>
  <TransInfo Description="Grass Without Static to Moss AC" HashKey="323E323E3E3E323232">
    <MapTiles>
      <MapTile TileID="15853" AltIDMod="0" />
    </MapTiles>
    <StaticTiles />
  </TransInfo>
  <TransInfo Description="Grass Without Static to Moss AC" HashKey="323E32323E3E323232">
    <MapTiles>
      <MapTile TileID="15853" AltIDMod="0" />
    </MapTiles>
    <StaticTiles />
  </TransInfo>
  <TransInfo Description="Grass Without Static to Moss AC" HashKey="323E32323E323E3E3E">
    <MapTiles>
      <MapTile TileID="15853" AltIDMod="0" />
    </MapTiles>
    <StaticTiles />
  </TransInfo>
  <TransInfo Description="Grass Without Static to Moss AC" HashKey="323E323E3E32323E3E">
    <MapTiles>
      <MapTile TileID="15853" AltIDMod="0" />
    </MapTiles>
    <StaticTiles />
  </TransInfo>
  <TransInfo Description="Grass Without Static to Moss AC" HashKey="323E32323E32323E3E">
    <MapTiles>
      <MapTile TileID="15853" AltIDMod="0" />
    </MapTiles>
    <StaticTiles />
  </TransInfo>
  <TransInfo Description="Grass Without Static to Moss AC" HashKey="323E323E3E323E323E">
    <MapTiles>
      <MapTile TileID="15853" AltIDMod="0" />
    </MapTiles>
    <StaticTiles />
  </TransInfo>
  <TransInfo Description="Grass Without Static to Moss AC" HashKey="323E32323E323E323E">
    <MapTiles>
      <MapTile TileID="15853" AltIDMod="0" />
    </MapTiles>
    <StaticTiles />
  </TransInfo>
  <TransInfo Description="Grass Without Static to Moss AC" HashKey="323E323E3E3232323E">
    <MapTiles>
      <MapTile TileID="15853" AltIDMod="0" />
    </MapTiles>
    <StaticTiles />
  </TransInfo>
  <TransInfo Description="Grass Without Static to Moss AC" HashKey="323E32323E3232323E">
    <MapTiles>
      <MapTile TileID="15853" AltIDMod="0" />
    </MapTiles>
    <StaticTiles />
  </TransInfo>
  <TransInfo Description="Grass Without Static to Moss AC" HashKey="323E32323E323E3E32">
    <MapTiles>
      <MapTile TileID="15853" AltIDMod="0" />
    </MapTiles>
    <StaticTiles />
  </TransInfo>
  <TransInfo Description="Grass Without Static to Moss AC" HashKey="323E323E3E32323E32">
    <MapTiles>
      <MapTile TileID="15853" AltIDMod="0" />
    </MapTiles>
    <StaticTiles />
  </TransInfo>
  <TransInfo Description="Grass Without Static to Moss AC" HashKey="323E32323E32323E32">
    <MapTiles>
      <MapTile TileID="15853" AltIDMod="0" />
    </MapTiles>
    <StaticTiles />
  </TransInfo>
  <TransInfo Description="Grass Without Static to Moss AC" HashKey="323E323E3E323E3232">
    <MapTiles>
      <MapTile TileID="15853" AltIDMod="0" />
    </MapTiles>
    <StaticTiles />
  </TransInfo>
  <TransInfo Description="Grass Without Static to Moss AC" HashKey="323E32323E323E3232">
    <MapTiles>
      <MapTile TileID="15853" AltIDMod="0" />
    </MapTiles>
    <StaticTiles />
  </TransInfo>
  <TransInfo Description="Grass Without Static to Moss AC" HashKey="323E323E3E32323232">
    <MapTiles>
      <MapTile TileID="15853" AltIDMod="0" />
    </MapTiles>
    <StaticTiles />
  </TransInfo>
  <TransInfo Description="Grass Without Static to Moss AC" HashKey="323E32323E32323232">
    <MapTiles>
      <MapTile TileID="15853" AltIDMod="0" />
    </MapTiles>
    <StaticTiles />
  </TransInfo>
  <TransInfo Description="Grass Without Static to Moss AC" HashKey="32323E3E3E3E3E323E">
    <MapTiles>
      <MapTile TileID="15853" AltIDMod="0" />
    </MapTiles>
    <StaticTiles />
  </TransInfo>
  <TransInfo Description="Grass Without Static to Moss AC" HashKey="32323E323E3E3E323E">
    <MapTiles>
      <MapTile TileID="15853" AltIDMod="0" />
    </MapTiles>
    <StaticTiles />
  </TransInfo>
  <TransInfo Description="Grass Without Static to Moss AC" HashKey="32323E3E3E3E32323E">
    <MapTiles>
      <MapTile TileID="15853" AltIDMod="0" />
    </MapTiles>
    <StaticTiles />
  </TransInfo>
  <TransInfo Description="Grass Without Static to Moss AC" HashKey="32323E323E3E32323E">
    <MapTiles>
      <MapTile TileID="15853" AltIDMod="0" />
    </MapTiles>
    <StaticTiles />
  </TransInfo>
  <TransInfo Description="Grass Without Static to Moss AC" HashKey="32323E323E3E3E3E32">
    <MapTiles>
      <MapTile TileID="15853" AltIDMod="0" />
    </MapTiles>
    <StaticTiles />
  </TransInfo>
  <TransInfo Description="Grass Without Static to Moss AC" HashKey="32323E3E3E3E323E32">
    <MapTiles>
      <MapTile TileID="15853" AltIDMod="0" />
    </MapTiles>
    <StaticTiles />
  </TransInfo>
  <TransInfo Description="Grass Without Static to Moss AC" HashKey="32323E323E3E323E32">
    <MapTiles>
      <MapTile TileID="15853" AltIDMod="0" />
    </MapTiles>
    <StaticTiles />
  </TransInfo>
  <TransInfo Description="Grass Without Static to Moss AC" HashKey="32323E3E3E3E3E3232">
    <MapTiles>
      <MapTile TileID="15853" AltIDMod="0" />
    </MapTiles>
    <StaticTiles />
  </TransInfo>
  <TransInfo Description="Grass Without Static to Moss AC" HashKey="32323E323E3E3E3232">
    <MapTiles>
      <MapTile TileID="15853" AltIDMod="0" />
    </MapTiles>
    <StaticTiles />
  </TransInfo>
  <TransInfo Description="Grass Without Static to Moss AC" HashKey="32323E3E3E3E323232">
    <MapTiles>
      <MapTile TileID="15853" AltIDMod="0" />
    </MapTiles>
    <StaticTiles />
  </TransInfo>
  <TransInfo Description="Grass Without Static to Moss AC" HashKey="32323E323E3E323232">
    <MapTiles>
      <MapTile TileID="15853" AltIDMod="0" />
    </MapTiles>
    <StaticTiles />
  </TransInfo>
  <TransInfo Description="Grass Without Static to Moss AC" HashKey="32323E323E323E3E3E">
    <MapTiles>
      <MapTile TileID="15853" AltIDMod="0" />
    </MapTiles>
    <StaticTiles />
  </TransInfo>
  <TransInfo Description="Grass Without Static to Moss AC" HashKey="32323E3E3E32323E3E">
    <MapTiles>
      <MapTile TileID="15853" AltIDMod="0" />
    </MapTiles>
    <StaticTiles />
  </TransInfo>
  <TransInfo Description="Grass Without Static to Moss AC" HashKey="32323E323E32323E3E">
    <MapTiles>
      <MapTile TileID="15853" AltIDMod="0" />
    </MapTiles>
    <StaticTiles />
  </TransInfo>
  <TransInfo Description="Grass Without Static to Moss AC" HashKey="32323E3E3E323E323E">
    <MapTiles>
      <MapTile TileID="15853" AltIDMod="0" />
    </MapTiles>
    <StaticTiles />
  </TransInfo>
  <TransInfo Description="Grass Without Static to Moss AC" HashKey="32323E323E323E323E">
    <MapTiles>
      <MapTile TileID="15853" AltIDMod="0" />
    </MapTiles>
    <StaticTiles />
  </TransInfo>
  <TransInfo Description="Grass Without Static to Moss AC" HashKey="32323E3E3E3232323E">
    <MapTiles>
      <MapTile TileID="15853" AltIDMod="0" />
    </MapTiles>
    <StaticTiles />
  </TransInfo>
  <TransInfo Description="Grass Without Static to Moss AC" HashKey="32323E323E3232323E">
    <MapTiles>
      <MapTile TileID="15853" AltIDMod="0" />
    </MapTiles>
    <StaticTiles />
  </TransInfo>
  <TransInfo Description="Grass Without Static to Moss AC" HashKey="32323E323E323E3E32">
    <MapTiles>
      <MapTile TileID="15853" AltIDMod="0" />
    </MapTiles>
    <StaticTiles />
  </TransInfo>
  <TransInfo Description="Grass Without Static to Moss AC" HashKey="32323E3E3E32323E32">
    <MapTiles>
      <MapTile TileID="15853" AltIDMod="0" />
    </MapTiles>
    <StaticTiles />
  </TransInfo>
  <TransInfo Description="Grass Without Static to Moss AC" HashKey="32323E323E32323E32">
    <MapTiles>
      <MapTile TileID="15853" AltIDMod="0" />
    </MapTiles>
    <StaticTiles />
  </TransInfo>
  <TransInfo Description="Grass Without Static to Moss AC" HashKey="32323E3E3E323E3232">
    <MapTiles>
      <MapTile TileID="15853" AltIDMod="0" />
    </MapTiles>
    <StaticTiles />
  </TransInfo>
  <TransInfo Description="Grass Without Static to Moss AC" HashKey="32323E323E323E3232">
    <MapTiles>
      <MapTile TileID="15853" AltIDMod="0" />
    </MapTiles>
    <StaticTiles />
  </TransInfo>
  <TransInfo Description="Grass Without Static to Moss AC" HashKey="32323E3E3E32323232">
    <MapTiles>
      <MapTile TileID="15853" AltIDMod="0" />
    </MapTiles>
    <StaticTiles />
  </TransInfo>
  <TransInfo Description="Grass Without Static to Moss AC" HashKey="32323E323E32323232">
    <MapTiles>
      <MapTile TileID="15853" AltIDMod="0" />
    </MapTiles>
    <StaticTiles />
  </TransInfo>
  <TransInfo Description="Grass Without Static to Moss AC" HashKey="3232323E3E3E3E323E">
    <MapTiles>
      <MapTile TileID="15853" AltIDMod="0" />
    </MapTiles>
    <StaticTiles />
  </TransInfo>
  <TransInfo Description="Grass Without Static to Moss AC" HashKey="323232323E3E3E323E">
    <MapTiles>
      <MapTile TileID="15853" AltIDMod="0" />
    </MapTiles>
    <StaticTiles />
  </TransInfo>
  <TransInfo Description="Grass Without Static to Moss AC" HashKey="3232323E3E3E32323E">
    <MapTiles>
      <MapTile TileID="15853" AltIDMod="0" />
    </MapTiles>
    <StaticTiles />
  </TransInfo>
  <TransInfo Description="Grass Without Static to Moss AC" HashKey="323232323E3E32323E">
    <MapTiles>
      <MapTile TileID="15853" AltIDMod="0" />
    </MapTiles>
    <StaticTiles />
  </TransInfo>
  <TransInfo Description="Grass Without Static to Moss AC" HashKey="323232323E3E3E3E32">
    <MapTiles>
      <MapTile TileID="15853" AltIDMod="0" />
    </MapTiles>
    <StaticTiles />
  </TransInfo>
  <TransInfo Description="Grass Without Static to Moss AC" HashKey="3232323E3E3E323E32">
    <MapTiles>
      <MapTile TileID="15853" AltIDMod="0" />
    </MapTiles>
    <StaticTiles />
  </TransInfo>
  <TransInfo Description="Grass Without Static to Moss AC" HashKey="323232323E3E323E32">
    <MapTiles>
      <MapTile TileID="15853" AltIDMod="0" />
    </MapTiles>
    <StaticTiles />
  </TransInfo>
  <TransInfo Description="Grass Without Static to Moss AC" HashKey="3232323E3E3E3E3232">
    <MapTiles>
      <MapTile TileID="15853" AltIDMod="0" />
    </MapTiles>
    <StaticTiles />
  </TransInfo>
  <TransInfo Description="Grass Without Static to Moss AC" HashKey="323232323E3E3E3232">
    <MapTiles>
      <MapTile TileID="15853" AltIDMod="0" />
    </MapTiles>
    <StaticTiles />
  </TransInfo>
  <TransInfo Description="Grass Without Static to Moss AC" HashKey="3232323E3E3E323232">
    <MapTiles>
      <MapTile TileID="15853" AltIDMod="0" />
    </MapTiles>
    <StaticTiles />
  </TransInfo>
  <TransInfo Description="Grass Without Static to Moss AC" HashKey="323232323E3E323232">
    <MapTiles>
      <MapTile TileID="15853" AltIDMod="0" />
    </MapTiles>
    <StaticTiles />
  </TransInfo>
  <TransInfo Description="Grass Without Static to Moss AC" HashKey="323232323E323E3E3E">
    <MapTiles>
      <MapTile TileID="15853" AltIDMod="0" />
    </MapTiles>
    <StaticTiles />
  </TransInfo>
  <TransInfo Description="Grass Without Static to Moss AC" HashKey="3232323E3E32323E3E">
    <MapTiles>
      <MapTile TileID="15853" AltIDMod="0" />
    </MapTiles>
    <StaticTiles />
  </TransInfo>
  <TransInfo Description="Grass Without Static to Moss AC" HashKey="323232323E32323E3E">
    <MapTiles>
      <MapTile TileID="15853" AltIDMod="0" />
    </MapTiles>
    <StaticTiles />
  </TransInfo>
  <TransInfo Description="Grass Without Static to Moss AC" HashKey="3232323E3E323E323E">
    <MapTiles>
      <MapTile TileID="15853" AltIDMod="0" />
    </MapTiles>
    <StaticTiles />
  </TransInfo>
  <TransInfo Description="Grass Without Static to Moss AC" HashKey="323232323E323E323E">
    <MapTiles>
      <MapTile TileID="15853" AltIDMod="0" />
    </MapTiles>
    <StaticTiles />
  </TransInfo>
  <TransInfo Description="Grass Without Static to Moss AC" HashKey="3232323E3E3232323E">
    <MapTiles>
      <MapTile TileID="15853" AltIDMod="0" />
    </MapTiles>
    <StaticTiles />
  </TransInfo>
  <TransInfo Description="Grass Without Static to Moss AC" HashKey="323232323E3232323E">
    <MapTiles>
      <MapTile TileID="15853" AltIDMod="0" />
    </MapTiles>
    <StaticTiles />
  </TransInfo>
  <TransInfo Description="Grass Without Static to Moss AC" HashKey="323232323E323E3E32">
    <MapTiles>
      <MapTile TileID="15853" AltIDMod="0" />
    </MapTiles>
    <StaticTiles />
  </TransInfo>
  <TransInfo Description="Grass Without Static to Moss AC" HashKey="3232323E3E32323E32">
    <MapTiles>
      <MapTile TileID="15853" AltIDMod="0" />
    </MapTiles>
    <StaticTiles />
  </TransInfo>
  <TransInfo Description="Grass Without Static to Moss AC" HashKey="323232323E32323E32">
    <MapTiles>
      <MapTile TileID="15853" AltIDMod="0" />
    </MapTiles>
    <StaticTiles />
  </TransInfo>
  <TransInfo Description="Grass Without Static to Moss AC" HashKey="3232323E3E323E3232">
    <MapTiles>
      <MapTile TileID="15853" AltIDMod="0" />
    </MapTiles>
    <StaticTiles />
  </TransInfo>
  <TransInfo Description="Grass Without Static to Moss AC" HashKey="323232323E323E3232">
    <MapTiles>
      <MapTile TileID="15853" AltIDMod="0" />
    </MapTiles>
    <StaticTiles />
  </TransInfo>
  <TransInfo Description="Grass Without Static to Moss AC" HashKey="3232323E3E32323232">
    <MapTiles>
      <MapTile TileID="15853" AltIDMod="0" />
    </MapTiles>
    <StaticTiles />
  </TransInfo>
  <TransInfo Description="Grass Without Static to Moss AC" HashKey="323232323E32323232">
    <MapTiles>
      <MapTile TileID="15853" AltIDMod="0" />
    </MapTiles>
    <StaticTiles />
  </TransInfo>
  <TransInfo Description="Grass Without Static to Moss IWE" HashKey="323E3E3E3E3E3E3E32">
    <MapTiles>
      <MapTile TileID="3" AltIDMod="0" />
    </MapTiles>
    <StaticTiles />
  </TransInfo>
  <TransInfo Description="Grass Without Static to Moss INS" HashKey="3E3E323E3E3E323E3E">
    <MapTiles>
      <MapTile TileID="3" AltIDMod="0" />
    </MapTiles>
    <StaticTiles />
  </TransInfo>
</Trans>