﻿<?xml version="1.0" encoding="utf-8"?>
<Trans>
    <TransInfo Description="Grass to Forest" HashKey="0B0B0B010101010101">
    <MapTiles>
      <MapTile TileID="200" AltIDMod="0" />
      <MapTile TileID="201" AltIDMod="0" />
    </MapTiles>
    <StaticTiles />
  </TransInfo>
  <TransInfo Description="Grass to Forest" HashKey="010B0B010101010101">
    <MapTiles>
      <MapTile TileID="200" AltIDMod="0" />
      <MapTile TileID="201" AltIDMod="0" />
    </MapTiles>
    <StaticTiles />
  </TransInfo>
  <TransInfo Description="Grass to Forest" HashKey="0B0B01010101010101">
    <MapTiles>
      <MapTile TileID="200" AltIDMod="0" />
      <MapTile TileID="201" AltIDMod="0" />
    </MapTiles>
    <StaticTiles />
  </TransInfo>
  <TransInfo Description="Grass to Forest" HashKey="010B01010101010101">
    <MapTiles>
      <MapTile TileID="200" AltIDMod="0" />
      <MapTile TileID="201" AltIDMod="0" />
    </MapTiles>
    <StaticTiles />
  </TransInfo>
  <TransInfo Description="Grass to Forest" HashKey="0B010B010101010101">
    <MapTiles>
      <MapTile TileID="200" AltIDMod="0" />
      <MapTile TileID="201" AltIDMod="0" />
    </MapTiles>
    <StaticTiles />
  </TransInfo>
  <TransInfo Description="Grass to Forest" HashKey="0B01010B01010B0101">
    <MapTiles>
      <MapTile TileID="203" AltIDMod="0" />
      <MapTile TileID="204" AltIDMod="0" />
    </MapTiles>
    <StaticTiles />
  </TransInfo>
  <TransInfo Description="Grass to Forest" HashKey="0B01010B0101010101">
    <MapTiles>
      <MapTile TileID="203" AltIDMod="0" />
      <MapTile TileID="204" AltIDMod="0" />
    </MapTiles>
    <StaticTiles />
  </TransInfo>
  <TransInfo Description="Grass to Forest" HashKey="0101010B01010B0101">
    <MapTiles>
      <MapTile TileID="203" AltIDMod="0" />
      <MapTile TileID="204" AltIDMod="0" />
    </MapTiles>
    <StaticTiles />
  </TransInfo>
  <TransInfo Description="Grass to Forest" HashKey="0101010B0101010101">
    <MapTiles>
      <MapTile TileID="203" AltIDMod="0" />
      <MapTile TileID="204" AltIDMod="0" />
    </MapTiles>
    <StaticTiles />
  </TransInfo>
  <TransInfo Description="Grass to Forest" HashKey="0B01010101010B0101">
    <MapTiles>
      <MapTile TileID="203" AltIDMod="0" />
      <MapTile TileID="204" AltIDMod="0" />
    </MapTiles>
    <StaticTiles />
  </TransInfo>
  <TransInfo Description="Grass to Forest" HashKey="01010B01010B01010B">
    <MapTiles>
      <MapTile TileID="206" AltIDMod="0" />
      <MapTile TileID="207" AltIDMod="0" />
    </MapTiles>
    <StaticTiles />
  </TransInfo>
  <TransInfo Description="Grass to Forest" HashKey="01010101010B01010B">
    <MapTiles>
      <MapTile TileID="206" AltIDMod="0" />
      <MapTile TileID="207" AltIDMod="0" />
    </MapTiles>
    <StaticTiles />
  </TransInfo>
  <TransInfo Description="Grass to Forest" HashKey="01010B01010B010101">
    <MapTiles>
      <MapTile TileID="206" AltIDMod="0" />
      <MapTile TileID="207" AltIDMod="0" />
    </MapTiles>
    <StaticTiles />
  </TransInfo>
  <TransInfo Description="Grass to Forest" HashKey="01010101010B010101">
    <MapTiles>
      <MapTile TileID="206" AltIDMod="0" />
      <MapTile TileID="207" AltIDMod="0" />
    </MapTiles>
    <StaticTiles />
  </TransInfo>
  <TransInfo Description="Grass to Forest" HashKey="01010B01010101010B">
    <MapTiles>
      <MapTile TileID="206" AltIDMod="0" />
      <MapTile TileID="207" AltIDMod="0" />
    </MapTiles>
    <StaticTiles />
  </TransInfo>
  <TransInfo Description="Grass to Forest" HashKey="0101010101010B0B0B">
    <MapTiles>
      <MapTile TileID="208" AltIDMod="0" />
      <MapTile TileID="209" AltIDMod="0" />
    </MapTiles>
    <StaticTiles />
  </TransInfo>
  <TransInfo Description="Grass to Forest" HashKey="0101010101010B0B01">
    <MapTiles>
      <MapTile TileID="208" AltIDMod="0" />
      <MapTile TileID="209" AltIDMod="0" />
    </MapTiles>
    <StaticTiles />
  </TransInfo>
  <TransInfo Description="Grass to Forest" HashKey="010101010101010B0B">
    <MapTiles>
      <MapTile TileID="208" AltIDMod="0" />
      <MapTile TileID="209" AltIDMod="0" />
    </MapTiles>
    <StaticTiles />
  </TransInfo>
  <TransInfo Description="Grass to Forest" HashKey="010101010101010B01">
    <MapTiles>
      <MapTile TileID="208" AltIDMod="0" />
      <MapTile TileID="209" AltIDMod="0" />
    </MapTiles>
    <StaticTiles />
  </TransInfo>
  <TransInfo Description="Grass to Forest" HashKey="0101010101010B010B">
    <MapTiles>
      <MapTile TileID="208" AltIDMod="0" />
      <MapTile TileID="209" AltIDMod="0" />
    </MapTiles>
    <StaticTiles />
  </TransInfo>
  <TransInfo Description="Grass to Forest" HashKey="01010B01010B0B0B0B">
    <MapTiles>
      <MapTile TileID="213" AltIDMod="0" />
    </MapTiles>
    <StaticTiles />
  </TransInfo>
  <TransInfo Description="Grass to Forest" HashKey="01010101010B0B0B0B">
    <MapTiles>
      <MapTile TileID="213" AltIDMod="0" />
    </MapTiles>
    <StaticTiles />
  </TransInfo>
  <TransInfo Description="Grass to Forest" HashKey="01010B01010B010B0B">
    <MapTiles>
      <MapTile TileID="213" AltIDMod="0" />
    </MapTiles>
    <StaticTiles />
  </TransInfo>
  <TransInfo Description="Grass to Forest" HashKey="01010101010B010B0B">
    <MapTiles>
      <MapTile TileID="213" AltIDMod="0" />
    </MapTiles>
    <StaticTiles />
  </TransInfo>
  <TransInfo Description="Grass to Forest" HashKey="01010101010B010B01">
    <MapTiles>
      <MapTile TileID="213" AltIDMod="0" />
    </MapTiles>
    <StaticTiles />
  </TransInfo>
  <TransInfo Description="Grass to Forest" HashKey="01010B010101010B0B">
    <MapTiles>
      <MapTile TileID="213" AltIDMod="0" />
    </MapTiles>
    <StaticTiles />
  </TransInfo>
  <TransInfo Description="Grass to Forest" HashKey="01010B0101010B0B0B">
    <MapTiles>
      <MapTile TileID="213" AltIDMod="0" />
    </MapTiles>
    <StaticTiles />
  </TransInfo>
  <TransInfo Description="Grass to Forest" HashKey="01010B0101010B0B01">
    <MapTiles>
      <MapTile TileID="213" AltIDMod="0" />
    </MapTiles>
    <StaticTiles />
  </TransInfo>
  <TransInfo Description="Grass to Forest" HashKey="01010101010B0B010B">
    <MapTiles>
      <MapTile TileID="213" AltIDMod="0" />
    </MapTiles>
    <StaticTiles />
  </TransInfo>
  <TransInfo Description="Grass to Forest" HashKey="01010B01010B0B010B">
    <MapTiles>
      <MapTile TileID="213" AltIDMod="0" />
    </MapTiles>
    <StaticTiles />
  </TransInfo>
  <TransInfo Description="Grass to Forest" HashKey="01010B01010B0B0B01">
    <MapTiles>
      <MapTile TileID="213" AltIDMod="0" />
    </MapTiles>
    <StaticTiles />
  </TransInfo>
  <TransInfo Description="Grass to Forest" HashKey="01010B01010B0B0101">
    <MapTiles>
      <MapTile TileID="213" AltIDMod="0" />
    </MapTiles>
    <StaticTiles />
  </TransInfo>
  <TransInfo Description="Grass to Forest" HashKey="01010B010101010B01">
    <MapTiles>
      <MapTile TileID="213" AltIDMod="0" />
    </MapTiles>
    <StaticTiles />
  </TransInfo>
  <TransInfo Description="Grass to Forest" HashKey="01010101010B0B0101">
    <MapTiles>
      <MapTile TileID="213" AltIDMod="0" />
    </MapTiles>
    <StaticTiles />
  </TransInfo>
  <TransInfo Description="Grass to Forest" HashKey="01010B01010B010B01">
    <MapTiles>
      <MapTile TileID="213" AltIDMod="0" />
    </MapTiles>
    <StaticTiles />
  </TransInfo>
  <TransInfo Description="Grass to Forest" HashKey="01010B0101010B010B">
    <MapTiles>
      <MapTile TileID="213" AltIDMod="0" />
    </MapTiles>
    <StaticTiles />
  </TransInfo>
  <TransInfo Description="Grass to Forest" HashKey="01010101010B0B0B01">
    <MapTiles>
      <MapTile TileID="213" AltIDMod="0" />
    </MapTiles>
    <StaticTiles />
  </TransInfo>
  <TransInfo Description="Grass to Forest" HashKey="0B0B0B0B01010B0101">
    <MapTiles>
      <MapTile TileID="212" AltIDMod="0" />
    </MapTiles>
    <StaticTiles />
  </TransInfo>
  <TransInfo Description="Grass to Forest" HashKey="0B0B010B01010B0101">
    <MapTiles>
      <MapTile TileID="212" AltIDMod="0" />
    </MapTiles>
    <StaticTiles />
  </TransInfo>
  <TransInfo Description="Grass to Forest" HashKey="0B0B0B0B0101010101">
    <MapTiles>
      <MapTile TileID="212" AltIDMod="0" />
    </MapTiles>
    <StaticTiles />
  </TransInfo>
  <TransInfo Description="Grass to Forest" HashKey="0B0B010B0101010101">
    <MapTiles>
      <MapTile TileID="212" AltIDMod="0" />
    </MapTiles>
    <StaticTiles />
  </TransInfo>
  <TransInfo Description="Grass to Forest" HashKey="0B010B0B0101010101">
    <MapTiles>
      <MapTile TileID="212" AltIDMod="0" />
    </MapTiles>
    <StaticTiles />
  </TransInfo>
  <TransInfo Description="Grass to Forest" HashKey="0B0B010101010B0101">
    <MapTiles>
      <MapTile TileID="212" AltIDMod="0" />
    </MapTiles>
    <StaticTiles />
  </TransInfo>
  <TransInfo Description="Grass to Forest" HashKey="010B0B0101010B0101">
    <MapTiles>
      <MapTile TileID="212" AltIDMod="0" />
    </MapTiles>
    <StaticTiles />
  </TransInfo>
  <TransInfo Description="Grass to Forest" HashKey="0B010B0101010B0101">
    <MapTiles>
      <MapTile TileID="212" AltIDMod="0" />
    </MapTiles>
    <StaticTiles />
  </TransInfo>
  <TransInfo Description="Grass to Forest" HashKey="0B0B0B0101010B0101">
    <MapTiles>
      <MapTile TileID="212" AltIDMod="0" />
    </MapTiles>
    <StaticTiles />
  </TransInfo>
  <TransInfo Description="Grass to Forest" HashKey="010B010B0101010101">
    <MapTiles>
      <MapTile TileID="212" AltIDMod="0" />
    </MapTiles>
    <StaticTiles />
  </TransInfo>
  <TransInfo Description="Grass to Forest" HashKey="0B010B0B01010B0101">
    <MapTiles>
      <MapTile TileID="212" AltIDMod="0" />
    </MapTiles>
    <StaticTiles />
  </TransInfo>
  <TransInfo Description="Grass to Forest" HashKey="01010B0B01010B0101">
    <MapTiles>
      <MapTile TileID="212" AltIDMod="0" />
    </MapTiles>
    <StaticTiles />
  </TransInfo>
  <TransInfo Description="Grass to Forest" HashKey="010B0B0B01010B0101">
    <MapTiles>
      <MapTile TileID="212" AltIDMod="0" />
    </MapTiles>
    <StaticTiles />
  </TransInfo>
  <TransInfo Description="Grass to Forest" HashKey="01010B0B0101010101">
    <MapTiles>
      <MapTile TileID="212" AltIDMod="0" />
    </MapTiles>
    <StaticTiles />
  </TransInfo>
  <TransInfo Description="Grass to Forest" HashKey="010B010B01010B0101">
    <MapTiles>
      <MapTile TileID="212" AltIDMod="0" />
    </MapTiles>
    <StaticTiles />
  </TransInfo>
  <TransInfo Description="Grass to Forest" HashKey="010B010101010B0101">
    <MapTiles>
      <MapTile TileID="212" AltIDMod="0" />
    </MapTiles>
    <StaticTiles />
  </TransInfo>
  <TransInfo Description="Grass to Forest" HashKey="010B0B0B0101010101">
    <MapTiles>
      <MapTile TileID="212" AltIDMod="0" />
    </MapTiles>
    <StaticTiles />
  </TransInfo>
  <TransInfo Description="Grass to Forest" HashKey="0B01010B01010B0B0B">
    <MapTiles>
      <MapTile TileID="214" AltIDMod="0" />
    </MapTiles>
    <StaticTiles />
  </TransInfo>
  <TransInfo Description="Grass to Forest" HashKey="0101010B01010B0B0B">
    <MapTiles>
      <MapTile TileID="214" AltIDMod="0" />
    </MapTiles>
    <StaticTiles />
  </TransInfo>
  <TransInfo Description="Grass to Forest" HashKey="0B01010B01010B0B01">
    <MapTiles>
      <MapTile TileID="214" AltIDMod="0" />
    </MapTiles>
    <StaticTiles />
  </TransInfo>
  <TransInfo Description="Grass to Forest" HashKey="0101010B01010B0B01">
    <MapTiles>
      <MapTile TileID="214" AltIDMod="0" />
    </MapTiles>
    <StaticTiles />
  </TransInfo>
  <TransInfo Description="Grass to Forest" HashKey="0101010B0101010B01">
    <MapTiles>
      <MapTile TileID="214" AltIDMod="0" />
    </MapTiles>
    <StaticTiles />
  </TransInfo>
  <TransInfo Description="Grass to Forest" HashKey="0B01010B010101010B">
    <MapTiles>
      <MapTile TileID="214" AltIDMod="0" />
    </MapTiles>
    <StaticTiles />
  </TransInfo>
  <TransInfo Description="Grass to Forest" HashKey="0B01010101010B0B0B">
    <MapTiles>
      <MapTile TileID="214" AltIDMod="0" />
    </MapTiles>
    <StaticTiles />
  </TransInfo>
  <TransInfo Description="Grass to Forest" HashKey="0B01010101010B0B01">
    <MapTiles>
      <MapTile TileID="214" AltIDMod="0" />
    </MapTiles>
    <StaticTiles />
  </TransInfo>
  <TransInfo Description="Grass to Forest" HashKey="0B0101010101010B01">
    <MapTiles>
      <MapTile TileID="214" AltIDMod="0" />
    </MapTiles>
    <StaticTiles />
  </TransInfo>
  <TransInfo Description="Grass to Forest" HashKey="0101010B01010B010B">
    <MapTiles>
      <MapTile TileID="214" AltIDMod="0" />
    </MapTiles>
    <StaticTiles />
  </TransInfo>
  <TransInfo Description="Grass to Forest" HashKey="0B01010B01010B010B">
    <MapTiles>
      <MapTile TileID="214" AltIDMod="0" />
    </MapTiles>
    <StaticTiles />
  </TransInfo>
  <TransInfo Description="Grass to Forest" HashKey="0B0101010101010B0B">
    <MapTiles>
      <MapTile TileID="214" AltIDMod="0" />
    </MapTiles>
    <StaticTiles />
  </TransInfo>
  <TransInfo Description="Grass to Forest" HashKey="0B01010B0101010B0B">
    <MapTiles>
      <MapTile TileID="214" AltIDMod="0" />
    </MapTiles>
    <StaticTiles />
  </TransInfo>
  <TransInfo Description="Grass to Forest" HashKey="0101010B0101010B0B">
    <MapTiles>
      <MapTile TileID="214" AltIDMod="0" />
    </MapTiles>
    <StaticTiles />
  </TransInfo>
  <TransInfo Description="Grass to Forest" HashKey="0101010B010101010B">
    <MapTiles>
      <MapTile TileID="214" AltIDMod="0" />
    </MapTiles>
    <StaticTiles />
  </TransInfo>
  <TransInfo Description="Grass to Forest" HashKey="0B01010101010B010B">
    <MapTiles>
      <MapTile TileID="214" AltIDMod="0" />
    </MapTiles>
    <StaticTiles />
  </TransInfo>
  <TransInfo Description="Grass to Forest" HashKey="0B01010B0101010B01">
    <MapTiles>
      <MapTile TileID="214" AltIDMod="0" />
    </MapTiles>
    <StaticTiles />
  </TransInfo>
  <TransInfo Description="Grass to Forest" HashKey="0B0B0B01010B01010B">
    <MapTiles>
      <MapTile TileID="215" AltIDMod="0" />
    </MapTiles>
    <StaticTiles />
  </TransInfo>
  <TransInfo Description="Grass to Forest" HashKey="0B0B0B01010B010101">
    <MapTiles>
      <MapTile TileID="215" AltIDMod="0" />
    </MapTiles>
    <StaticTiles />
  </TransInfo>
  <TransInfo Description="Grass to Forest" HashKey="010B0B01010B01010B">
    <MapTiles>
      <MapTile TileID="215" AltIDMod="0" />
    </MapTiles>
    <StaticTiles />
  </TransInfo>
  <TransInfo Description="Grass to Forest" HashKey="010B0B01010B010101">
    <MapTiles>
      <MapTile TileID="215" AltIDMod="0" />
    </MapTiles>
    <StaticTiles />
  </TransInfo>
  <TransInfo Description="Grass to Forest" HashKey="0B010101010B01010B">
    <MapTiles>
      <MapTile TileID="215" AltIDMod="0" />
    </MapTiles>
    <StaticTiles />
  </TransInfo>
  <TransInfo Description="Grass to Forest" HashKey="0B010B01010B010101">
    <MapTiles>
      <MapTile TileID="215" AltIDMod="0" />
    </MapTiles>
    <StaticTiles />
  </TransInfo>
  <TransInfo Description="Grass to Forest" HashKey="0B010B01010B01010B">
    <MapTiles>
      <MapTile TileID="215" AltIDMod="0" />
    </MapTiles>
    <StaticTiles />
  </TransInfo>
  <TransInfo Description="Grass to Forest" HashKey="0B0B0101010101010B">
    <MapTiles>
      <MapTile TileID="215" AltIDMod="0" />
    </MapTiles>
    <StaticTiles />
  </TransInfo>
  <TransInfo Description="Grass to Forest" HashKey="010B0101010101010B">
    <MapTiles>
      <MapTile TileID="215" AltIDMod="0" />
    </MapTiles>
    <StaticTiles />
  </TransInfo>
  <TransInfo Description="Grass to Forest" HashKey="0B0B0B01010101010B">
    <MapTiles>
      <MapTile TileID="215" AltIDMod="0" />
    </MapTiles>
    <StaticTiles />
  </TransInfo>
  <TransInfo Description="Grass to Forest" HashKey="0B0B0101010B010101">
    <MapTiles>
      <MapTile TileID="215" AltIDMod="0" />
    </MapTiles>
    <StaticTiles />
  </TransInfo>
  <TransInfo Description="Grass to Forest" HashKey="010B0B01010101010B">
    <MapTiles>
      <MapTile TileID="215" AltIDMod="0" />
    </MapTiles>
    <StaticTiles />
  </TransInfo>
  <TransInfo Description="Grass to Forest" HashKey="010B0101010B010101">
    <MapTiles>
      <MapTile TileID="215" AltIDMod="0" />
    </MapTiles>
    <StaticTiles />
  </TransInfo>
  <TransInfo Description="Grass to Forest" HashKey="0B010101010B010101">
    <MapTiles>
      <MapTile TileID="215" AltIDMod="0" />
    </MapTiles>
    <StaticTiles />
  </TransInfo>
  <TransInfo Description="Grass to Forest" HashKey="0B010B01010101010B">
    <MapTiles>
      <MapTile TileID="215" AltIDMod="0" />
    </MapTiles>
    <StaticTiles />
  </TransInfo>
  <TransInfo Description="Grass to Forest" HashKey="010B0101010B01010B">
    <MapTiles>
      <MapTile TileID="215" AltIDMod="0" />
    </MapTiles>
    <StaticTiles />
  </TransInfo>
  <TransInfo Description="Grass to Forest" HashKey="0B0B0101010B01010B">
    <MapTiles>
      <MapTile TileID="215" AltIDMod="0" />
    </MapTiles>
    <StaticTiles />
  </TransInfo>
  <TransInfo Description="Grass to Forest" HashKey="0B0101010101010101">
    <MapTiles>
      <MapTile TileID="216" AltIDMod="0" />
    </MapTiles>
    <StaticTiles />
  </TransInfo>
  <TransInfo Description="Grass to Forest" HashKey="01010101010101010B">
    <MapTiles>
      <MapTile TileID="217" AltIDMod="0" />
    </MapTiles>
    <StaticTiles />
  </TransInfo>
  <TransInfo Description="Grass to Forest" HashKey="01010B010101010101">
    <MapTiles>
      <MapTile TileID="218" AltIDMod="0" />
    </MapTiles>
    <StaticTiles />
  </TransInfo>
  <TransInfo Description="Grass to Forest" HashKey="0101010101010B0101">
    <MapTiles>
      <MapTile TileID="219" AltIDMod="0" />
    </MapTiles>
    <StaticTiles />
  </TransInfo>
</Trans>