﻿<?xml version="1.0" encoding="utf-8"?>
<Trans>
    <TransInfo Description="Beach to Planks(NS) SN" HashKey="161616505050505050">
    <MapTiles>
      <MapTile TileID="685" AltIDMod="0" />
      <MapTile TileID="686" AltIDMod="0" />
    </MapTiles>
    <StaticTiles />
  </TransInfo>
  <TransInfo Description="Beach to Planks(NS) SN" HashKey="501616505050505050">
    <MapTiles>
      <MapTile TileID="685" AltIDMod="0" />
      <MapTile TileID="686" AltIDMod="0" />
    </MapTiles>
    <StaticTiles />
  </TransInfo>
  <TransInfo Description="Beach to Planks(NS) SN" HashKey="161650505050505050">
    <MapTiles>
      <MapTile TileID="685" AltIDMod="0" />
      <MapTile TileID="686" AltIDMod="0" />
    </MapTiles>
    <StaticTiles />
  </TransInfo>
  <TransInfo Description="Beach to Planks(NS) SN" HashKey="501650505050505050">
    <MapTiles>
      <MapTile TileID="685" AltIDMod="0" />
      <MapTile TileID="686" AltIDMod="0" />
    </MapTiles>
    <StaticTiles />
  </TransInfo>
  <TransInfo Description="Beach to Planks(NS) SN" HashKey="165016505050505050">
    <MapTiles>
      <MapTile TileID="685" AltIDMod="0" />
      <MapTile TileID="686" AltIDMod="0" />
    </MapTiles>
    <StaticTiles />
  </TransInfo>
  <TransInfo Description="Beach to Planks(NS) EW" HashKey="165050165050165050">
    <MapTiles>
      <MapTile TileID="681" AltIDMod="0" />
      <MapTile TileID="682" AltIDMod="0" />
    </MapTiles>
    <StaticTiles />
  </TransInfo>
  <TransInfo Description="Beach to Planks(NS) EW" HashKey="165050165050505050">
    <MapTiles>
      <MapTile TileID="681" AltIDMod="0" />
      <MapTile TileID="682" AltIDMod="0" />
    </MapTiles>
    <StaticTiles />
  </TransInfo>
  <TransInfo Description="Beach to Planks(NS) EW" HashKey="505050165050165050">
    <MapTiles>
      <MapTile TileID="681" AltIDMod="0" />
      <MapTile TileID="682" AltIDMod="0" />
    </MapTiles>
    <StaticTiles />
  </TransInfo>
  <TransInfo Description="Beach to Planks(NS) EW" HashKey="505050165050505050">
    <MapTiles>
      <MapTile TileID="681" AltIDMod="0" />
      <MapTile TileID="682" AltIDMod="0" />
    </MapTiles>
    <StaticTiles />
  </TransInfo>
  <TransInfo Description="Beach to Planks(NS) EW" HashKey="165050505050165050">
    <MapTiles>
      <MapTile TileID="681" AltIDMod="0" />
      <MapTile TileID="682" AltIDMod="0" />
    </MapTiles>
    <StaticTiles />
  </TransInfo>
  <TransInfo Description="Beach to Planks(NS) WE" HashKey="505016505016505016">
    <MapTiles>
      <MapTile TileID="683" AltIDMod="0" />
      <MapTile TileID="684" AltIDMod="0" />
    </MapTiles>
    <StaticTiles />
  </TransInfo>
  <TransInfo Description="Beach to Planks(NS) WE" HashKey="505050505016505016">
    <MapTiles>
      <MapTile TileID="683" AltIDMod="0" />
      <MapTile TileID="684" AltIDMod="0" />
    </MapTiles>
    <StaticTiles />
  </TransInfo>
  <TransInfo Description="Beach to Planks(NS) WE" HashKey="505016505016505050">
    <MapTiles>
      <MapTile TileID="683" AltIDMod="0" />
      <MapTile TileID="684" AltIDMod="0" />
    </MapTiles>
    <StaticTiles />
  </TransInfo>
  <TransInfo Description="Beach to Planks(NS) WE" HashKey="505050505016505050">
    <MapTiles>
      <MapTile TileID="683" AltIDMod="0" />
      <MapTile TileID="684" AltIDMod="0" />
    </MapTiles>
    <StaticTiles />
  </TransInfo>
  <TransInfo Description="Beach to Planks(NS) WE" HashKey="505016505050505016">
    <MapTiles>
      <MapTile TileID="683" AltIDMod="0" />
      <MapTile TileID="684" AltIDMod="0" />
    </MapTiles>
    <StaticTiles />
  </TransInfo>
  <TransInfo Description="Beach to Planks(NS) NS" HashKey="505050505050161616">
    <MapTiles>
      <MapTile TileID="687" AltIDMod="0" />
      <MapTile TileID="688" AltIDMod="0" />
    </MapTiles>
    <StaticTiles />
  </TransInfo>
  <TransInfo Description="Beach to Planks(NS) NS" HashKey="505050505050161650">
    <MapTiles>
      <MapTile TileID="687" AltIDMod="0" />
      <MapTile TileID="688" AltIDMod="0" />
    </MapTiles>
    <StaticTiles />
  </TransInfo>
  <TransInfo Description="Beach to Planks(NS) NS" HashKey="505050505050501616">
    <MapTiles>
      <MapTile TileID="687" AltIDMod="0" />
      <MapTile TileID="688" AltIDMod="0" />
    </MapTiles>
    <StaticTiles />
  </TransInfo>
  <TransInfo Description="Beach to Planks(NS) NS" HashKey="505050505050501650">
    <MapTiles>
      <MapTile TileID="687" AltIDMod="0" />
      <MapTile TileID="688" AltIDMod="0" />
    </MapTiles>
    <StaticTiles />
  </TransInfo>
  <TransInfo Description="Beach to Planks(NS) NS" HashKey="505050505050165016">
    <MapTiles>
      <MapTile TileID="687" AltIDMod="0" />
      <MapTile TileID="688" AltIDMod="0" />
    </MapTiles>
    <StaticTiles />
  </TransInfo>
  <TransInfo Description="Beach to Planks(NS) NWA" HashKey="505016505016161616">
    <MapTiles>
      <MapTile TileID="697" AltIDMod="0" />
    </MapTiles>
    <StaticTiles />
  </TransInfo>
  <TransInfo Description="Beach to Planks(NS) NWA" HashKey="505050505016161616">
    <MapTiles>
      <MapTile TileID="697" AltIDMod="0" />
    </MapTiles>
    <StaticTiles />
  </TransInfo>
  <TransInfo Description="Beach to Planks(NS) NWA" HashKey="505016505016501616">
    <MapTiles>
      <MapTile TileID="697" AltIDMod="0" />
    </MapTiles>
    <StaticTiles />
  </TransInfo>
  <TransInfo Description="Beach to Planks(NS) NWA" HashKey="505050505016501616">
    <MapTiles>
      <MapTile TileID="697" AltIDMod="0" />
    </MapTiles>
    <StaticTiles />
  </TransInfo>
  <TransInfo Description="Beach to Planks(NS) NWA" HashKey="505050505016501650">
    <MapTiles>
      <MapTile TileID="697" AltIDMod="0" />
    </MapTiles>
    <StaticTiles />
  </TransInfo>
  <TransInfo Description="Beach to Planks(NS) NWA" HashKey="505016505050501616">
    <MapTiles>
      <MapTile TileID="697" AltIDMod="0" />
    </MapTiles>
    <StaticTiles />
  </TransInfo>
  <TransInfo Description="Beach to Planks(NS) NWA" HashKey="505016505050161616">
    <MapTiles>
      <MapTile TileID="697" AltIDMod="0" />
    </MapTiles>
    <StaticTiles />
  </TransInfo>
  <TransInfo Description="Beach to Planks(NS) NWA" HashKey="505016505050161650">
    <MapTiles>
      <MapTile TileID="697" AltIDMod="0" />
    </MapTiles>
    <StaticTiles />
  </TransInfo>
  <TransInfo Description="Beach to Planks(NS) NWA" HashKey="505050505016165016">
    <MapTiles>
      <MapTile TileID="697" AltIDMod="0" />
    </MapTiles>
    <StaticTiles />
  </TransInfo>
  <TransInfo Description="Beach to Planks(NS) NWA" HashKey="505016505016165016">
    <MapTiles>
      <MapTile TileID="697" AltIDMod="0" />
    </MapTiles>
    <StaticTiles />
  </TransInfo>
  <TransInfo Description="Beach to Planks(NS) NWA" HashKey="505016505016161650">
    <MapTiles>
      <MapTile TileID="697" AltIDMod="0" />
    </MapTiles>
    <StaticTiles />
  </TransInfo>
  <TransInfo Description="Beach to Planks(NS) NWA" HashKey="505016505016165050">
    <MapTiles>
      <MapTile TileID="697" AltIDMod="0" />
    </MapTiles>
    <StaticTiles />
  </TransInfo>
  <TransInfo Description="Beach to Planks(NS) NWA" HashKey="505016505050501650">
    <MapTiles>
      <MapTile TileID="697" AltIDMod="0" />
    </MapTiles>
    <StaticTiles />
  </TransInfo>
  <TransInfo Description="Beach to Planks(NS) NWA" HashKey="505050505016165050">
    <MapTiles>
      <MapTile TileID="697" AltIDMod="0" />
    </MapTiles>
    <StaticTiles />
  </TransInfo>
  <TransInfo Description="Beach to Planks(NS) NWA" HashKey="505016505016501650">
    <MapTiles>
      <MapTile TileID="697" AltIDMod="0" />
    </MapTiles>
    <StaticTiles />
  </TransInfo>
  <TransInfo Description="Beach to Planks(NS) NWA" HashKey="505016505050165016">
    <MapTiles>
      <MapTile TileID="697" AltIDMod="0" />
    </MapTiles>
    <StaticTiles />
  </TransInfo>
  <TransInfo Description="Beach to Planks(NS) NWA" HashKey="505050505016161650">
    <MapTiles>
      <MapTile TileID="697" AltIDMod="0" />
    </MapTiles>
    <StaticTiles />
  </TransInfo>
  <TransInfo Description="Beach to Planks(NS) SEA" HashKey="161616165050165050">
    <MapTiles>
      <MapTile TileID="696" AltIDMod="0" />
    </MapTiles>
    <StaticTiles />
  </TransInfo>
  <TransInfo Description="Beach to Planks(NS) SEA" HashKey="161650165050165050">
    <MapTiles>
      <MapTile TileID="696" AltIDMod="0" />
    </MapTiles>
    <StaticTiles />
  </TransInfo>
  <TransInfo Description="Beach to Planks(NS) SEA" HashKey="161616165050505050">
    <MapTiles>
      <MapTile TileID="696" AltIDMod="0" />
    </MapTiles>
    <StaticTiles />
  </TransInfo>
  <TransInfo Description="Beach to Planks(NS) SEA" HashKey="161650165050505050">
    <MapTiles>
      <MapTile TileID="696" AltIDMod="0" />
    </MapTiles>
    <StaticTiles />
  </TransInfo>
  <TransInfo Description="Beach to Planks(NS) SEA" HashKey="165016165050505050">
    <MapTiles>
      <MapTile TileID="696" AltIDMod="0" />
    </MapTiles>
    <StaticTiles />
  </TransInfo>
  <TransInfo Description="Beach to Planks(NS) SEA" HashKey="161650505050165050">
    <MapTiles>
      <MapTile TileID="696" AltIDMod="0" />
    </MapTiles>
    <StaticTiles />
  </TransInfo>
  <TransInfo Description="Beach to Planks(NS) SEA" HashKey="501616505050165050">
    <MapTiles>
      <MapTile TileID="696" AltIDMod="0" />
    </MapTiles>
    <StaticTiles />
  </TransInfo>
  <TransInfo Description="Beach to Planks(NS) SEA" HashKey="165016505050165050">
    <MapTiles>
      <MapTile TileID="696" AltIDMod="0" />
    </MapTiles>
    <StaticTiles />
  </TransInfo>
  <TransInfo Description="Beach to Planks(NS) SEA" HashKey="161616505050165050">
    <MapTiles>
      <MapTile TileID="696" AltIDMod="0" />
    </MapTiles>
    <StaticTiles />
  </TransInfo>
  <TransInfo Description="Beach to Planks(NS) SEA" HashKey="501650165050505050">
    <MapTiles>
      <MapTile TileID="696" AltIDMod="0" />
    </MapTiles>
    <StaticTiles />
  </TransInfo>
  <TransInfo Description="Beach to Planks(NS) SEA" HashKey="165016165050165050">
    <MapTiles>
      <MapTile TileID="696" AltIDMod="0" />
    </MapTiles>
    <StaticTiles />
  </TransInfo>
  <TransInfo Description="Beach to Planks(NS) SEA" HashKey="505016165050165050">
    <MapTiles>
      <MapTile TileID="696" AltIDMod="0" />
    </MapTiles>
    <StaticTiles />
  </TransInfo>
  <TransInfo Description="Beach to Planks(NS) SEA" HashKey="501616165050165050">
    <MapTiles>
      <MapTile TileID="696" AltIDMod="0" />
    </MapTiles>
    <StaticTiles />
  </TransInfo>
  <TransInfo Description="Beach to Planks(NS) SEA" HashKey="505016165050505050">
    <MapTiles>
      <MapTile TileID="696" AltIDMod="0" />
    </MapTiles>
    <StaticTiles />
  </TransInfo>
  <TransInfo Description="Beach to Planks(NS) SEA" HashKey="501650165050165050">
    <MapTiles>
      <MapTile TileID="696" AltIDMod="0" />
    </MapTiles>
    <StaticTiles />
  </TransInfo>
  <TransInfo Description="Beach to Planks(NS) SEA" HashKey="501650505050165050">
    <MapTiles>
      <MapTile TileID="696" AltIDMod="0" />
    </MapTiles>
    <StaticTiles />
  </TransInfo>
  <TransInfo Description="Beach to Planks(NS) SEA" HashKey="501616165050505050">
    <MapTiles>
      <MapTile TileID="696" AltIDMod="0" />
    </MapTiles>
    <StaticTiles />
  </TransInfo>
  <TransInfo Description="Beach to Planks(NS) NEA" HashKey="165050165050161616">
    <MapTiles>
      <MapTile TileID="695" AltIDMod="0" />
    </MapTiles>
    <StaticTiles />
  </TransInfo>
  <TransInfo Description="Beach to Planks(NS) NEA" HashKey="505050165050161616">
    <MapTiles>
      <MapTile TileID="695" AltIDMod="0" />
    </MapTiles>
    <StaticTiles />
  </TransInfo>
  <TransInfo Description="Beach to Planks(NS) NEA" HashKey="165050165050161650">
    <MapTiles>
      <MapTile TileID="695" AltIDMod="0" />
    </MapTiles>
    <StaticTiles />
  </TransInfo>
  <TransInfo Description="Beach to Planks(NS) NEA" HashKey="505050165050161650">
    <MapTiles>
      <MapTile TileID="695" AltIDMod="0" />
    </MapTiles>
    <StaticTiles />
  </TransInfo>
  <TransInfo Description="Beach to Planks(NS) NEA" HashKey="505050165050501650">
    <MapTiles>
      <MapTile TileID="695" AltIDMod="0" />
    </MapTiles>
    <StaticTiles />
  </TransInfo>
  <TransInfo Description="Beach to Planks(NS) NEA" HashKey="165050165050505016">
    <MapTiles>
      <MapTile TileID="695" AltIDMod="0" />
    </MapTiles>
    <StaticTiles />
  </TransInfo>
  <TransInfo Description="Beach to Planks(NS) NEA" HashKey="165050505050161616">
    <MapTiles>
      <MapTile TileID="695" AltIDMod="0" />
    </MapTiles>
    <StaticTiles />
  </TransInfo>
  <TransInfo Description="Beach to Planks(NS) NEA" HashKey="165050505050161650">
    <MapTiles>
      <MapTile TileID="695" AltIDMod="0" />
    </MapTiles>
    <StaticTiles />
  </TransInfo>
  <TransInfo Description="Beach to Planks(NS) NEA" HashKey="165050505050501650">
    <MapTiles>
      <MapTile TileID="695" AltIDMod="0" />
    </MapTiles>
    <StaticTiles />
  </TransInfo>
  <TransInfo Description="Beach to Planks(NS) NEA" HashKey="505050165050165016">
    <MapTiles>
      <MapTile TileID="695" AltIDMod="0" />
    </MapTiles>
    <StaticTiles />
  </TransInfo>
  <TransInfo Description="Beach to Planks(NS) NEA" HashKey="165050165050165016">
    <MapTiles>
      <MapTile TileID="695" AltIDMod="0" />
    </MapTiles>
    <StaticTiles />
  </TransInfo>
  <TransInfo Description="Beach to Planks(NS) NEA" HashKey="165050505050501616">
    <MapTiles>
      <MapTile TileID="695" AltIDMod="0" />
    </MapTiles>
    <StaticTiles />
  </TransInfo>
  <TransInfo Description="Beach to Planks(NS) NEA" HashKey="165050165050501616">
    <MapTiles>
      <MapTile TileID="695" AltIDMod="0" />
    </MapTiles>
    <StaticTiles />
  </TransInfo>
  <TransInfo Description="Beach to Planks(NS) NEA" HashKey="505050165050501616">
    <MapTiles>
      <MapTile TileID="695" AltIDMod="0" />
    </MapTiles>
    <StaticTiles />
  </TransInfo>
  <TransInfo Description="Beach to Planks(NS) NEA" HashKey="505050165050505016">
    <MapTiles>
      <MapTile TileID="695" AltIDMod="0" />
    </MapTiles>
    <StaticTiles />
  </TransInfo>
  <TransInfo Description="Beach to Planks(NS) NEA" HashKey="165050505050165016">
    <MapTiles>
      <MapTile TileID="695" AltIDMod="0" />
    </MapTiles>
    <StaticTiles />
  </TransInfo>
  <TransInfo Description="Beach to Planks(NS) NEA" HashKey="165050165050501650">
    <MapTiles>
      <MapTile TileID="695" AltIDMod="0" />
    </MapTiles>
    <StaticTiles />
  </TransInfo>
  <TransInfo Description="Beach to Planks(NS) SWA" HashKey="161616505016505016">
    <MapTiles>
      <MapTile TileID="698" AltIDMod="0" />
    </MapTiles>
    <StaticTiles />
  </TransInfo>
  <TransInfo Description="Beach to Planks(NS) SWA" HashKey="161616505016505050">
    <MapTiles>
      <MapTile TileID="698" AltIDMod="0" />
    </MapTiles>
    <StaticTiles />
  </TransInfo>
  <TransInfo Description="Beach to Planks(NS) SWA" HashKey="501616505016505016">
    <MapTiles>
      <MapTile TileID="698" AltIDMod="0" />
    </MapTiles>
    <StaticTiles />
  </TransInfo>
  <TransInfo Description="Beach to Planks(NS) SWA" HashKey="501616505016505050">
    <MapTiles>
      <MapTile TileID="698" AltIDMod="0" />
    </MapTiles>
    <StaticTiles />
  </TransInfo>
  <TransInfo Description="Beach to Planks(NS) SWA" HashKey="165050505016505016">
    <MapTiles>
      <MapTile TileID="698" AltIDMod="0" />
    </MapTiles>
    <StaticTiles />
  </TransInfo>
  <TransInfo Description="Beach to Planks(NS) SWA" HashKey="165016505016505050">
    <MapTiles>
      <MapTile TileID="698" AltIDMod="0" />
    </MapTiles>
    <StaticTiles />
  </TransInfo>
  <TransInfo Description="Beach to Planks(NS) SWA" HashKey="165016505016505016">
    <MapTiles>
      <MapTile TileID="698" AltIDMod="0" />
    </MapTiles>
    <StaticTiles />
  </TransInfo>
  <TransInfo Description="Beach to Planks(NS) SWA" HashKey="161650505050505016">
    <MapTiles>
      <MapTile TileID="698" AltIDMod="0" />
    </MapTiles>
    <StaticTiles />
  </TransInfo>
  <TransInfo Description="Beach to Planks(NS) SWA" HashKey="501650505050505016">
    <MapTiles>
      <MapTile TileID="698" AltIDMod="0" />
    </MapTiles>
    <StaticTiles />
  </TransInfo>
  <TransInfo Description="Beach to Planks(NS) SWA" HashKey="161616505050505016">
    <MapTiles>
      <MapTile TileID="698" AltIDMod="0" />
    </MapTiles>
    <StaticTiles />
  </TransInfo>
  <TransInfo Description="Beach to Planks(NS) SWA" HashKey="161650505016505050">
    <MapTiles>
      <MapTile TileID="698" AltIDMod="0" />
    </MapTiles>
    <StaticTiles />
  </TransInfo>
  <TransInfo Description="Beach to Planks(NS) SWA" HashKey="501616505050505016">
    <MapTiles>
      <MapTile TileID="698" AltIDMod="0" />
    </MapTiles>
    <StaticTiles />
  </TransInfo>
  <TransInfo Description="Beach to Planks(NS) SWA" HashKey="501650505016505050">
    <MapTiles>
      <MapTile TileID="698" AltIDMod="0" />
    </MapTiles>
    <StaticTiles />
  </TransInfo>
  <TransInfo Description="Beach to Planks(NS) SWA" HashKey="165050505016505050">
    <MapTiles>
      <MapTile TileID="698" AltIDMod="0" />
    </MapTiles>
    <StaticTiles />
  </TransInfo>
  <TransInfo Description="Beach to Planks(NS) SWA" HashKey="165016505050505016">
    <MapTiles>
      <MapTile TileID="698" AltIDMod="0" />
    </MapTiles>
    <StaticTiles />
  </TransInfo>
  <TransInfo Description="Beach to Planks(NS) SWA" HashKey="501650505016505016">
    <MapTiles>
      <MapTile TileID="698" AltIDMod="0" />
    </MapTiles>
    <StaticTiles />
  </TransInfo>
  <TransInfo Description="Beach to Planks(NS) SWA" HashKey="161650505016505016">
    <MapTiles>
      <MapTile TileID="698" AltIDMod="0" />
    </MapTiles>
    <StaticTiles />
  </TransInfo>
  <TransInfo Description="Beach to Planks(NS) NWB" HashKey="165050505050505050">
    <MapTiles>
      <MapTile TileID="692" AltIDMod="0" />
    </MapTiles>
    <StaticTiles />
  </TransInfo>
  <TransInfo Description="Beach to Planks(NS) SEB" HashKey="505050505050505016">
    <MapTiles>
      <MapTile TileID="690" AltIDMod="0" />
    </MapTiles>
    <StaticTiles />
  </TransInfo>
  <TransInfo Description="Beach to Planks(NS) NEB" HashKey="505016505050505050">
    <MapTiles>
      <MapTile TileID="691" AltIDMod="0" />
    </MapTiles>
    <StaticTiles />
  </TransInfo>
  <TransInfo Description="Beach to Planks(NS) SWB" HashKey="505050505050165050">
    <MapTiles>
      <MapTile TileID="689" AltIDMod="0" />
    </MapTiles>
    <StaticTiles />
  </TransInfo>
  <TransInfo Description="Beach to Planks(NS) AC" HashKey="505050165016505050">
    <MapTiles>
      <MapTile TileID="663" AltIDMod="0" />
    </MapTiles>
    <StaticTiles />
  </TransInfo>
  <TransInfo Description="Beach to Planks(NS) AC" HashKey="505050165016165050">
    <MapTiles>
      <MapTile TileID="663" AltIDMod="0" />
    </MapTiles>
    <StaticTiles />
  </TransInfo>
  <TransInfo Description="Beach to Planks(NS) AC" HashKey="505050165016501650">
    <MapTiles>
      <MapTile TileID="663" AltIDMod="0" />
    </MapTiles>
    <StaticTiles />
  </TransInfo>
  <TransInfo Description="Beach to Planks(NS) AC" HashKey="505050165016161650">
    <MapTiles>
      <MapTile TileID="663" AltIDMod="0" />
    </MapTiles>
    <StaticTiles />
  </TransInfo>
  <TransInfo Description="Beach to Planks(NS) AC" HashKey="505050165016505016">
    <MapTiles>
      <MapTile TileID="663" AltIDMod="0" />
    </MapTiles>
    <StaticTiles />
  </TransInfo>
  <TransInfo Description="Beach to Planks(NS) AC" HashKey="505050165016165016">
    <MapTiles>
      <MapTile TileID="663" AltIDMod="0" />
    </MapTiles>
    <StaticTiles />
  </TransInfo>
  <TransInfo Description="Beach to Planks(NS) AC" HashKey="505050165016501616">
    <MapTiles>
      <MapTile TileID="663" AltIDMod="0" />
    </MapTiles>
    <StaticTiles />
  </TransInfo>
  <TransInfo Description="Beach to Planks(NS) AC" HashKey="505050165016161616">
    <MapTiles>
      <MapTile TileID="663" AltIDMod="0" />
    </MapTiles>
    <StaticTiles />
  </TransInfo>
  <TransInfo Description="Beach to Planks(NS) AC" HashKey="505016165050501650">
    <MapTiles>
      <MapTile TileID="663" AltIDMod="0" />
    </MapTiles>
    <StaticTiles />
  </TransInfo>
  <TransInfo Description="Beach to Planks(NS) AC" HashKey="505016165050161650">
    <MapTiles>
      <MapTile TileID="663" AltIDMod="0" />
    </MapTiles>
    <StaticTiles />
  </TransInfo>
  <TransInfo Description="Beach to Planks(NS) AC" HashKey="505016165050505016">
    <MapTiles>
      <MapTile TileID="663" AltIDMod="0" />
    </MapTiles>
    <StaticTiles />
  </TransInfo>
  <TransInfo Description="Beach to Planks(NS) AC" HashKey="505016165050165016">
    <MapTiles>
      <MapTile TileID="663" AltIDMod="0" />
    </MapTiles>
    <StaticTiles />
  </TransInfo>
  <TransInfo Description="Beach to Planks(NS) AC" HashKey="505016165050501616">
    <MapTiles>
      <MapTile TileID="663" AltIDMod="0" />
    </MapTiles>
    <StaticTiles />
  </TransInfo>
  <TransInfo Description="Beach to Planks(NS) AC" HashKey="505016165050161616">
    <MapTiles>
      <MapTile TileID="663" AltIDMod="0" />
    </MapTiles>
    <StaticTiles />
  </TransInfo>
  <TransInfo Description="Beach to Planks(NS) AC" HashKey="505016165016505050">
    <MapTiles>
      <MapTile TileID="663" AltIDMod="0" />
    </MapTiles>
    <StaticTiles />
  </TransInfo>
  <TransInfo Description="Beach to Planks(NS) AC" HashKey="505016165016165050">
    <MapTiles>
      <MapTile TileID="663" AltIDMod="0" />
    </MapTiles>
    <StaticTiles />
  </TransInfo>
  <TransInfo Description="Beach to Planks(NS) AC" HashKey="505016165016501650">
    <MapTiles>
      <MapTile TileID="663" AltIDMod="0" />
    </MapTiles>
    <StaticTiles />
  </TransInfo>
  <TransInfo Description="Beach to Planks(NS) AC" HashKey="505016165016161650">
    <MapTiles>
      <MapTile TileID="663" AltIDMod="0" />
    </MapTiles>
    <StaticTiles />
  </TransInfo>
  <TransInfo Description="Beach to Planks(NS) AC" HashKey="505016165016505016">
    <MapTiles>
      <MapTile TileID="663" AltIDMod="0" />
    </MapTiles>
    <StaticTiles />
  </TransInfo>
  <TransInfo Description="Beach to Planks(NS) AC" HashKey="505016165016165016">
    <MapTiles>
      <MapTile TileID="663" AltIDMod="0" />
    </MapTiles>
    <StaticTiles />
  </TransInfo>
  <TransInfo Description="Beach to Planks(NS) AC" HashKey="505016165016501616">
    <MapTiles>
      <MapTile TileID="663" AltIDMod="0" />
    </MapTiles>
    <StaticTiles />
  </TransInfo>
  <TransInfo Description="Beach to Planks(NS) AC" HashKey="505016165016161616">
    <MapTiles>
      <MapTile TileID="663" AltIDMod="0" />
    </MapTiles>
    <StaticTiles />
  </TransInfo>
  <TransInfo Description="Beach to Planks(NS) AC" HashKey="501650505050501650">
    <MapTiles>
      <MapTile TileID="663" AltIDMod="0" />
    </MapTiles>
    <StaticTiles />
  </TransInfo>
  <TransInfo Description="Beach to Planks(NS) AC" HashKey="501650165050501650">
    <MapTiles>
      <MapTile TileID="663" AltIDMod="0" />
    </MapTiles>
    <StaticTiles />
  </TransInfo>
  <TransInfo Description="Beach to Planks(NS) AC" HashKey="501650505050161650">
    <MapTiles>
      <MapTile TileID="663" AltIDMod="0" />
    </MapTiles>
    <StaticTiles />
  </TransInfo>
  <TransInfo Description="Beach to Planks(NS) AC" HashKey="501650165050161650">
    <MapTiles>
      <MapTile TileID="663" AltIDMod="0" />
    </MapTiles>
    <StaticTiles />
  </TransInfo>
  <TransInfo Description="Beach to Planks(NS) AC" HashKey="501650165050505016">
    <MapTiles>
      <MapTile TileID="663" AltIDMod="0" />
    </MapTiles>
    <StaticTiles />
  </TransInfo>
  <TransInfo Description="Beach to Planks(NS) AC" HashKey="501650505050165016">
    <MapTiles>
      <MapTile TileID="663" AltIDMod="0" />
    </MapTiles>
    <StaticTiles />
  </TransInfo>
  <TransInfo Description="Beach to Planks(NS) AC" HashKey="501650165050165016">
    <MapTiles>
      <MapTile TileID="663" AltIDMod="0" />
    </MapTiles>
    <StaticTiles />
  </TransInfo>
  <TransInfo Description="Beach to Planks(NS) AC" HashKey="501650505050501616">
    <MapTiles>
      <MapTile TileID="663" AltIDMod="0" />
    </MapTiles>
    <StaticTiles />
  </TransInfo>
  <TransInfo Description="Beach to Planks(NS) AC" HashKey="501650165050501616">
    <MapTiles>
      <MapTile TileID="663" AltIDMod="0" />
    </MapTiles>
    <StaticTiles />
  </TransInfo>
  <TransInfo Description="Beach to Planks(NS) AC" HashKey="501650505050161616">
    <MapTiles>
      <MapTile TileID="663" AltIDMod="0" />
    </MapTiles>
    <StaticTiles />
  </TransInfo>
  <TransInfo Description="Beach to Planks(NS) AC" HashKey="501650165050161616">
    <MapTiles>
      <MapTile TileID="663" AltIDMod="0" />
    </MapTiles>
    <StaticTiles />
  </TransInfo>
  <TransInfo Description="Beach to Planks(NS) AC" HashKey="501650165016505050">
    <MapTiles>
      <MapTile TileID="663" AltIDMod="0" />
    </MapTiles>
    <StaticTiles />
  </TransInfo>
  <TransInfo Description="Beach to Planks(NS) AC" HashKey="501650505016165050">
    <MapTiles>
      <MapTile TileID="663" AltIDMod="0" />
    </MapTiles>
    <StaticTiles />
  </TransInfo>
  <TransInfo Description="Beach to Planks(NS) AC" HashKey="501650165016165050">
    <MapTiles>
      <MapTile TileID="663" AltIDMod="0" />
    </MapTiles>
    <StaticTiles />
  </TransInfo>
  <TransInfo Description="Beach to Planks(NS) AC" HashKey="501650505016501650">
    <MapTiles>
      <MapTile TileID="663" AltIDMod="0" />
    </MapTiles>
    <StaticTiles />
  </TransInfo>
  <TransInfo Description="Beach to Planks(NS) AC" HashKey="501650165016501650">
    <MapTiles>
      <MapTile TileID="663" AltIDMod="0" />
    </MapTiles>
    <StaticTiles />
  </TransInfo>
  <TransInfo Description="Beach to Planks(NS) AC" HashKey="501650505016161650">
    <MapTiles>
      <MapTile TileID="663" AltIDMod="0" />
    </MapTiles>
    <StaticTiles />
  </TransInfo>
  <TransInfo Description="Beach to Planks(NS) AC" HashKey="501650165016161650">
    <MapTiles>
      <MapTile TileID="663" AltIDMod="0" />
    </MapTiles>
    <StaticTiles />
  </TransInfo>
  <TransInfo Description="Beach to Planks(NS) AC" HashKey="501650165016505016">
    <MapTiles>
      <MapTile TileID="663" AltIDMod="0" />
    </MapTiles>
    <StaticTiles />
  </TransInfo>
  <TransInfo Description="Beach to Planks(NS) AC" HashKey="501650505016165016">
    <MapTiles>
      <MapTile TileID="663" AltIDMod="0" />
    </MapTiles>
    <StaticTiles />
  </TransInfo>
  <TransInfo Description="Beach to Planks(NS) AC" HashKey="501650165016165016">
    <MapTiles>
      <MapTile TileID="663" AltIDMod="0" />
    </MapTiles>
    <StaticTiles />
  </TransInfo>
  <TransInfo Description="Beach to Planks(NS) AC" HashKey="501650505016501616">
    <MapTiles>
      <MapTile TileID="663" AltIDMod="0" />
    </MapTiles>
    <StaticTiles />
  </TransInfo>
  <TransInfo Description="Beach to Planks(NS) AC" HashKey="501650165016501616">
    <MapTiles>
      <MapTile TileID="663" AltIDMod="0" />
    </MapTiles>
    <StaticTiles />
  </TransInfo>
  <TransInfo Description="Beach to Planks(NS) AC" HashKey="501650505016161616">
    <MapTiles>
      <MapTile TileID="663" AltIDMod="0" />
    </MapTiles>
    <StaticTiles />
  </TransInfo>
  <TransInfo Description="Beach to Planks(NS) AC" HashKey="501650165016161616">
    <MapTiles>
      <MapTile TileID="663" AltIDMod="0" />
    </MapTiles>
    <StaticTiles />
  </TransInfo>
  <TransInfo Description="Beach to Planks(NS) AC" HashKey="501616505050501650">
    <MapTiles>
      <MapTile TileID="663" AltIDMod="0" />
    </MapTiles>
    <StaticTiles />
  </TransInfo>
  <TransInfo Description="Beach to Planks(NS) AC" HashKey="501616165050501650">
    <MapTiles>
      <MapTile TileID="663" AltIDMod="0" />
    </MapTiles>
    <StaticTiles />
  </TransInfo>
  <TransInfo Description="Beach to Planks(NS) AC" HashKey="501616505050161650">
    <MapTiles>
      <MapTile TileID="663" AltIDMod="0" />
    </MapTiles>
    <StaticTiles />
  </TransInfo>
  <TransInfo Description="Beach to Planks(NS) AC" HashKey="501616165050161650">
    <MapTiles>
      <MapTile TileID="663" AltIDMod="0" />
    </MapTiles>
    <StaticTiles />
  </TransInfo>
  <TransInfo Description="Beach to Planks(NS) AC" HashKey="501616165050505016">
    <MapTiles>
      <MapTile TileID="663" AltIDMod="0" />
    </MapTiles>
    <StaticTiles />
  </TransInfo>
  <TransInfo Description="Beach to Planks(NS) AC" HashKey="501616505050165016">
    <MapTiles>
      <MapTile TileID="663" AltIDMod="0" />
    </MapTiles>
    <StaticTiles />
  </TransInfo>
  <TransInfo Description="Beach to Planks(NS) AC" HashKey="501616165050165016">
    <MapTiles>
      <MapTile TileID="663" AltIDMod="0" />
    </MapTiles>
    <StaticTiles />
  </TransInfo>
  <TransInfo Description="Beach to Planks(NS) AC" HashKey="501616505050501616">
    <MapTiles>
      <MapTile TileID="663" AltIDMod="0" />
    </MapTiles>
    <StaticTiles />
  </TransInfo>
  <TransInfo Description="Beach to Planks(NS) AC" HashKey="501616165050501616">
    <MapTiles>
      <MapTile TileID="663" AltIDMod="0" />
    </MapTiles>
    <StaticTiles />
  </TransInfo>
  <TransInfo Description="Beach to Planks(NS) AC" HashKey="501616505050161616">
    <MapTiles>
      <MapTile TileID="663" AltIDMod="0" />
    </MapTiles>
    <StaticTiles />
  </TransInfo>
  <TransInfo Description="Beach to Planks(NS) AC" HashKey="501616165050161616">
    <MapTiles>
      <MapTile TileID="663" AltIDMod="0" />
    </MapTiles>
    <StaticTiles />
  </TransInfo>
  <TransInfo Description="Beach to Planks(NS) AC" HashKey="501616165016505050">
    <MapTiles>
      <MapTile TileID="663" AltIDMod="0" />
    </MapTiles>
    <StaticTiles />
  </TransInfo>
  <TransInfo Description="Beach to Planks(NS) AC" HashKey="501616505016165050">
    <MapTiles>
      <MapTile TileID="663" AltIDMod="0" />
    </MapTiles>
    <StaticTiles />
  </TransInfo>
  <TransInfo Description="Beach to Planks(NS) AC" HashKey="501616165016165050">
    <MapTiles>
      <MapTile TileID="663" AltIDMod="0" />
    </MapTiles>
    <StaticTiles />
  </TransInfo>
  <TransInfo Description="Beach to Planks(NS) AC" HashKey="501616505016501650">
    <MapTiles>
      <MapTile TileID="663" AltIDMod="0" />
    </MapTiles>
    <StaticTiles />
  </TransInfo>
  <TransInfo Description="Beach to Planks(NS) AC" HashKey="501616165016501650">
    <MapTiles>
      <MapTile TileID="663" AltIDMod="0" />
    </MapTiles>
    <StaticTiles />
  </TransInfo>
  <TransInfo Description="Beach to Planks(NS) AC" HashKey="501616505016161650">
    <MapTiles>
      <MapTile TileID="663" AltIDMod="0" />
    </MapTiles>
    <StaticTiles />
  </TransInfo>
  <TransInfo Description="Beach to Planks(NS) AC" HashKey="501616165016161650">
    <MapTiles>
      <MapTile TileID="663" AltIDMod="0" />
    </MapTiles>
    <StaticTiles />
  </TransInfo>
  <TransInfo Description="Beach to Planks(NS) AC" HashKey="501616165016505016">
    <MapTiles>
      <MapTile TileID="663" AltIDMod="0" />
    </MapTiles>
    <StaticTiles />
  </TransInfo>
  <TransInfo Description="Beach to Planks(NS) AC" HashKey="501616505016165016">
    <MapTiles>
      <MapTile TileID="663" AltIDMod="0" />
    </MapTiles>
    <StaticTiles />
  </TransInfo>
  <TransInfo Description="Beach to Planks(NS) AC" HashKey="501616165016165016">
    <MapTiles>
      <MapTile TileID="663" AltIDMod="0" />
    </MapTiles>
    <StaticTiles />
  </TransInfo>
  <TransInfo Description="Beach to Planks(NS) AC" HashKey="501616505016501616">
    <MapTiles>
      <MapTile TileID="663" AltIDMod="0" />
    </MapTiles>
    <StaticTiles />
  </TransInfo>
  <TransInfo Description="Beach to Planks(NS) AC" HashKey="501616165016501616">
    <MapTiles>
      <MapTile TileID="663" AltIDMod="0" />
    </MapTiles>
    <StaticTiles />
  </TransInfo>
  <TransInfo Description="Beach to Planks(NS) AC" HashKey="501616505016161616">
    <MapTiles>
      <MapTile TileID="663" AltIDMod="0" />
    </MapTiles>
    <StaticTiles />
  </TransInfo>
  <TransInfo Description="Beach to Planks(NS) AC" HashKey="501616165016161616">
    <MapTiles>
      <MapTile TileID="663" AltIDMod="0" />
    </MapTiles>
    <StaticTiles />
  </TransInfo>
  <TransInfo Description="Beach to Planks(NS) AC" HashKey="165050165016505050">
    <MapTiles>
      <MapTile TileID="663" AltIDMod="0" />
    </MapTiles>
    <StaticTiles />
  </TransInfo>
  <TransInfo Description="Beach to Planks(NS) AC" HashKey="165050505016165050">
    <MapTiles>
      <MapTile TileID="663" AltIDMod="0" />
    </MapTiles>
    <StaticTiles />
  </TransInfo>
  <TransInfo Description="Beach to Planks(NS) AC" HashKey="165050165016165050">
    <MapTiles>
      <MapTile TileID="663" AltIDMod="0" />
    </MapTiles>
    <StaticTiles />
  </TransInfo>
  <TransInfo Description="Beach to Planks(NS) AC" HashKey="165050505016501650">
    <MapTiles>
      <MapTile TileID="663" AltIDMod="0" />
    </MapTiles>
    <StaticTiles />
  </TransInfo>
  <TransInfo Description="Beach to Planks(NS) AC" HashKey="165050165016501650">
    <MapTiles>
      <MapTile TileID="663" AltIDMod="0" />
    </MapTiles>
    <StaticTiles />
  </TransInfo>
  <TransInfo Description="Beach to Planks(NS) AC" HashKey="165050505016161650">
    <MapTiles>
      <MapTile TileID="663" AltIDMod="0" />
    </MapTiles>
    <StaticTiles />
  </TransInfo>
  <TransInfo Description="Beach to Planks(NS) AC" HashKey="165050165016161650">
    <MapTiles>
      <MapTile TileID="663" AltIDMod="0" />
    </MapTiles>
    <StaticTiles />
  </TransInfo>
  <TransInfo Description="Beach to Planks(NS) AC" HashKey="165050165016505016">
    <MapTiles>
      <MapTile TileID="663" AltIDMod="0" />
    </MapTiles>
    <StaticTiles />
  </TransInfo>
  <TransInfo Description="Beach to Planks(NS) AC" HashKey="165050505016165016">
    <MapTiles>
      <MapTile TileID="663" AltIDMod="0" />
    </MapTiles>
    <StaticTiles />
  </TransInfo>
  <TransInfo Description="Beach to Planks(NS) AC" HashKey="165050165016165016">
    <MapTiles>
      <MapTile TileID="663" AltIDMod="0" />
    </MapTiles>
    <StaticTiles />
  </TransInfo>
  <TransInfo Description="Beach to Planks(NS) AC" HashKey="165050505016501616">
    <MapTiles>
      <MapTile TileID="663" AltIDMod="0" />
    </MapTiles>
    <StaticTiles />
  </TransInfo>
  <TransInfo Description="Beach to Planks(NS) AC" HashKey="165050165016501616">
    <MapTiles>
      <MapTile TileID="663" AltIDMod="0" />
    </MapTiles>
    <StaticTiles />
  </TransInfo>
  <TransInfo Description="Beach to Planks(NS) AC" HashKey="165050505016161616">
    <MapTiles>
      <MapTile TileID="663" AltIDMod="0" />
    </MapTiles>
    <StaticTiles />
  </TransInfo>
  <TransInfo Description="Beach to Planks(NS) AC" HashKey="165050165016161616">
    <MapTiles>
      <MapTile TileID="663" AltIDMod="0" />
    </MapTiles>
    <StaticTiles />
  </TransInfo>
  <TransInfo Description="Beach to Planks(NS) AC" HashKey="165016505050501650">
    <MapTiles>
      <MapTile TileID="663" AltIDMod="0" />
    </MapTiles>
    <StaticTiles />
  </TransInfo>
  <TransInfo Description="Beach to Planks(NS) AC" HashKey="165016165050501650">
    <MapTiles>
      <MapTile TileID="663" AltIDMod="0" />
    </MapTiles>
    <StaticTiles />
  </TransInfo>
  <TransInfo Description="Beach to Planks(NS) AC" HashKey="165016505050161650">
    <MapTiles>
      <MapTile TileID="663" AltIDMod="0" />
    </MapTiles>
    <StaticTiles />
  </TransInfo>
  <TransInfo Description="Beach to Planks(NS) AC" HashKey="165016165050161650">
    <MapTiles>
      <MapTile TileID="663" AltIDMod="0" />
    </MapTiles>
    <StaticTiles />
  </TransInfo>
  <TransInfo Description="Beach to Planks(NS) AC" HashKey="165016165050505016">
    <MapTiles>
      <MapTile TileID="663" AltIDMod="0" />
    </MapTiles>
    <StaticTiles />
  </TransInfo>
  <TransInfo Description="Beach to Planks(NS) AC" HashKey="165016505050165016">
    <MapTiles>
      <MapTile TileID="663" AltIDMod="0" />
    </MapTiles>
    <StaticTiles />
  </TransInfo>
  <TransInfo Description="Beach to Planks(NS) AC" HashKey="165016165050165016">
    <MapTiles>
      <MapTile TileID="663" AltIDMod="0" />
    </MapTiles>
    <StaticTiles />
  </TransInfo>
  <TransInfo Description="Beach to Planks(NS) AC" HashKey="165016505050501616">
    <MapTiles>
      <MapTile TileID="663" AltIDMod="0" />
    </MapTiles>
    <StaticTiles />
  </TransInfo>
  <TransInfo Description="Beach to Planks(NS) AC" HashKey="165016165050501616">
    <MapTiles>
      <MapTile TileID="663" AltIDMod="0" />
    </MapTiles>
    <StaticTiles />
  </TransInfo>
  <TransInfo Description="Beach to Planks(NS) AC" HashKey="165016505050161616">
    <MapTiles>
      <MapTile TileID="663" AltIDMod="0" />
    </MapTiles>
    <StaticTiles />
  </TransInfo>
  <TransInfo Description="Beach to Planks(NS) AC" HashKey="165016165050161616">
    <MapTiles>
      <MapTile TileID="663" AltIDMod="0" />
    </MapTiles>
    <StaticTiles />
  </TransInfo>
  <TransInfo Description="Beach to Planks(NS) AC" HashKey="165016165016505050">
    <MapTiles>
      <MapTile TileID="663" AltIDMod="0" />
    </MapTiles>
    <StaticTiles />
  </TransInfo>
  <TransInfo Description="Beach to Planks(NS) AC" HashKey="165016505016165050">
    <MapTiles>
      <MapTile TileID="663" AltIDMod="0" />
    </MapTiles>
    <StaticTiles />
  </TransInfo>
  <TransInfo Description="Beach to Planks(NS) AC" HashKey="165016165016165050">
    <MapTiles>
      <MapTile TileID="663" AltIDMod="0" />
    </MapTiles>
    <StaticTiles />
  </TransInfo>
  <TransInfo Description="Beach to Planks(NS) AC" HashKey="165016505016501650">
    <MapTiles>
      <MapTile TileID="663" AltIDMod="0" />
    </MapTiles>
    <StaticTiles />
  </TransInfo>
  <TransInfo Description="Beach to Planks(NS) AC" HashKey="165016165016501650">
    <MapTiles>
      <MapTile TileID="663" AltIDMod="0" />
    </MapTiles>
    <StaticTiles />
  </TransInfo>
  <TransInfo Description="Beach to Planks(NS) AC" HashKey="165016505016161650">
    <MapTiles>
      <MapTile TileID="663" AltIDMod="0" />
    </MapTiles>
    <StaticTiles />
  </TransInfo>
  <TransInfo Description="Beach to Planks(NS) AC" HashKey="165016165016161650">
    <MapTiles>
      <MapTile TileID="663" AltIDMod="0" />
    </MapTiles>
    <StaticTiles />
  </TransInfo>
  <TransInfo Description="Beach to Planks(NS) AC" HashKey="165016165016505016">
    <MapTiles>
      <MapTile TileID="663" AltIDMod="0" />
    </MapTiles>
    <StaticTiles />
  </TransInfo>
  <TransInfo Description="Beach to Planks(NS) AC" HashKey="165016505016165016">
    <MapTiles>
      <MapTile TileID="663" AltIDMod="0" />
    </MapTiles>
    <StaticTiles />
  </TransInfo>
  <TransInfo Description="Beach to Planks(NS) AC" HashKey="165016165016165016">
    <MapTiles>
      <MapTile TileID="663" AltIDMod="0" />
    </MapTiles>
    <StaticTiles />
  </TransInfo>
  <TransInfo Description="Beach to Planks(NS) AC" HashKey="165016505016501616">
    <MapTiles>
      <MapTile TileID="663" AltIDMod="0" />
    </MapTiles>
    <StaticTiles />
  </TransInfo>
  <TransInfo Description="Beach to Planks(NS) AC" HashKey="165016165016501616">
    <MapTiles>
      <MapTile TileID="663" AltIDMod="0" />
    </MapTiles>
    <StaticTiles />
  </TransInfo>
  <TransInfo Description="Beach to Planks(NS) AC" HashKey="165016505016161616">
    <MapTiles>
      <MapTile TileID="663" AltIDMod="0" />
    </MapTiles>
    <StaticTiles />
  </TransInfo>
  <TransInfo Description="Beach to Planks(NS) AC" HashKey="165016165016161616">
    <MapTiles>
      <MapTile TileID="663" AltIDMod="0" />
    </MapTiles>
    <StaticTiles />
  </TransInfo>
  <TransInfo Description="Beach to Planks(NS) AC" HashKey="161650505050501650">
    <MapTiles>
      <MapTile TileID="663" AltIDMod="0" />
    </MapTiles>
    <StaticTiles />
  </TransInfo>
  <TransInfo Description="Beach to Planks(NS) AC" HashKey="161650165050501650">
    <MapTiles>
      <MapTile TileID="663" AltIDMod="0" />
    </MapTiles>
    <StaticTiles />
  </TransInfo>
  <TransInfo Description="Beach to Planks(NS) AC" HashKey="161650505050161650">
    <MapTiles>
      <MapTile TileID="663" AltIDMod="0" />
    </MapTiles>
    <StaticTiles />
  </TransInfo>
  <TransInfo Description="Beach to Planks(NS) AC" HashKey="161650165050161650">
    <MapTiles>
      <MapTile TileID="663" AltIDMod="0" />
    </MapTiles>
    <StaticTiles />
  </TransInfo>
  <TransInfo Description="Beach to Planks(NS) AC" HashKey="161650165050505016">
    <MapTiles>
      <MapTile TileID="663" AltIDMod="0" />
    </MapTiles>
    <StaticTiles />
  </TransInfo>
  <TransInfo Description="Beach to Planks(NS) AC" HashKey="161650505050165016">
    <MapTiles>
      <MapTile TileID="663" AltIDMod="0" />
    </MapTiles>
    <StaticTiles />
  </TransInfo>
  <TransInfo Description="Beach to Planks(NS) AC" HashKey="161650165050165016">
    <MapTiles>
      <MapTile TileID="663" AltIDMod="0" />
    </MapTiles>
    <StaticTiles />
  </TransInfo>
  <TransInfo Description="Beach to Planks(NS) AC" HashKey="161650505050501616">
    <MapTiles>
      <MapTile TileID="663" AltIDMod="0" />
    </MapTiles>
    <StaticTiles />
  </TransInfo>
  <TransInfo Description="Beach to Planks(NS) AC" HashKey="161650165050501616">
    <MapTiles>
      <MapTile TileID="663" AltIDMod="0" />
    </MapTiles>
    <StaticTiles />
  </TransInfo>
  <TransInfo Description="Beach to Planks(NS) AC" HashKey="161650505050161616">
    <MapTiles>
      <MapTile TileID="663" AltIDMod="0" />
    </MapTiles>
    <StaticTiles />
  </TransInfo>
  <TransInfo Description="Beach to Planks(NS) AC" HashKey="161650165050161616">
    <MapTiles>
      <MapTile TileID="663" AltIDMod="0" />
    </MapTiles>
    <StaticTiles />
  </TransInfo>
  <TransInfo Description="Beach to Planks(NS) AC" HashKey="161650165016505050">
    <MapTiles>
      <MapTile TileID="663" AltIDMod="0" />
    </MapTiles>
    <StaticTiles />
  </TransInfo>
  <TransInfo Description="Beach to Planks(NS) AC" HashKey="161650505016165050">
    <MapTiles>
      <MapTile TileID="663" AltIDMod="0" />
    </MapTiles>
    <StaticTiles />
  </TransInfo>
  <TransInfo Description="Beach to Planks(NS) AC" HashKey="161650165016165050">
    <MapTiles>
      <MapTile TileID="663" AltIDMod="0" />
    </MapTiles>
    <StaticTiles />
  </TransInfo>
  <TransInfo Description="Beach to Planks(NS) AC" HashKey="161650505016501650">
    <MapTiles>
      <MapTile TileID="663" AltIDMod="0" />
    </MapTiles>
    <StaticTiles />
  </TransInfo>
  <TransInfo Description="Beach to Planks(NS) AC" HashKey="161650165016501650">
    <MapTiles>
      <MapTile TileID="663" AltIDMod="0" />
    </MapTiles>
    <StaticTiles />
  </TransInfo>
  <TransInfo Description="Beach to Planks(NS) AC" HashKey="161650505016161650">
    <MapTiles>
      <MapTile TileID="663" AltIDMod="0" />
    </MapTiles>
    <StaticTiles />
  </TransInfo>
  <TransInfo Description="Beach to Planks(NS) AC" HashKey="161650165016161650">
    <MapTiles>
      <MapTile TileID="663" AltIDMod="0" />
    </MapTiles>
    <StaticTiles />
  </TransInfo>
  <TransInfo Description="Beach to Planks(NS) AC" HashKey="161650165016505016">
    <MapTiles>
      <MapTile TileID="663" AltIDMod="0" />
    </MapTiles>
    <StaticTiles />
  </TransInfo>
  <TransInfo Description="Beach to Planks(NS) AC" HashKey="161650505016165016">
    <MapTiles>
      <MapTile TileID="663" AltIDMod="0" />
    </MapTiles>
    <StaticTiles />
  </TransInfo>
  <TransInfo Description="Beach to Planks(NS) AC" HashKey="161650165016165016">
    <MapTiles>
      <MapTile TileID="663" AltIDMod="0" />
    </MapTiles>
    <StaticTiles />
  </TransInfo>
  <TransInfo Description="Beach to Planks(NS) AC" HashKey="161650505016501616">
    <MapTiles>
      <MapTile TileID="663" AltIDMod="0" />
    </MapTiles>
    <StaticTiles />
  </TransInfo>
  <TransInfo Description="Beach to Planks(NS) AC" HashKey="161650165016501616">
    <MapTiles>
      <MapTile TileID="663" AltIDMod="0" />
    </MapTiles>
    <StaticTiles />
  </TransInfo>
  <TransInfo Description="Beach to Planks(NS) AC" HashKey="161650505016161616">
    <MapTiles>
      <MapTile TileID="663" AltIDMod="0" />
    </MapTiles>
    <StaticTiles />
  </TransInfo>
  <TransInfo Description="Beach to Planks(NS) AC" HashKey="161650165016161616">
    <MapTiles>
      <MapTile TileID="663" AltIDMod="0" />
    </MapTiles>
    <StaticTiles />
  </TransInfo>
  <TransInfo Description="Beach to Planks(NS) AC" HashKey="161616505050501650">
    <MapTiles>
      <MapTile TileID="663" AltIDMod="0" />
    </MapTiles>
    <StaticTiles />
  </TransInfo>
  <TransInfo Description="Beach to Planks(NS) AC" HashKey="161616165050501650">
    <MapTiles>
      <MapTile TileID="663" AltIDMod="0" />
    </MapTiles>
    <StaticTiles />
  </TransInfo>
  <TransInfo Description="Beach to Planks(NS) AC" HashKey="161616505050161650">
    <MapTiles>
      <MapTile TileID="663" AltIDMod="0" />
    </MapTiles>
    <StaticTiles />
  </TransInfo>
  <TransInfo Description="Beach to Planks(NS) AC" HashKey="161616165050161650">
    <MapTiles>
      <MapTile TileID="663" AltIDMod="0" />
    </MapTiles>
    <StaticTiles />
  </TransInfo>
  <TransInfo Description="Beach to Planks(NS) AC" HashKey="161616165050505016">
    <MapTiles>
      <MapTile TileID="663" AltIDMod="0" />
    </MapTiles>
    <StaticTiles />
  </TransInfo>
  <TransInfo Description="Beach to Planks(NS) AC" HashKey="161616505050165016">
    <MapTiles>
      <MapTile TileID="663" AltIDMod="0" />
    </MapTiles>
    <StaticTiles />
  </TransInfo>
  <TransInfo Description="Beach to Planks(NS) AC" HashKey="161616165050165016">
    <MapTiles>
      <MapTile TileID="663" AltIDMod="0" />
    </MapTiles>
    <StaticTiles />
  </TransInfo>
  <TransInfo Description="Beach to Planks(NS) AC" HashKey="161616505050501616">
    <MapTiles>
      <MapTile TileID="663" AltIDMod="0" />
    </MapTiles>
    <StaticTiles />
  </TransInfo>
  <TransInfo Description="Beach to Planks(NS) AC" HashKey="161616165050501616">
    <MapTiles>
      <MapTile TileID="663" AltIDMod="0" />
    </MapTiles>
    <StaticTiles />
  </TransInfo>
  <TransInfo Description="Beach to Planks(NS) AC" HashKey="161616505050161616">
    <MapTiles>
      <MapTile TileID="663" AltIDMod="0" />
    </MapTiles>
    <StaticTiles />
  </TransInfo>
  <TransInfo Description="Beach to Planks(NS) AC" HashKey="161616165050161616">
    <MapTiles>
      <MapTile TileID="663" AltIDMod="0" />
    </MapTiles>
    <StaticTiles />
  </TransInfo>
  <TransInfo Description="Beach to Planks(NS) AC" HashKey="161616165016505050">
    <MapTiles>
      <MapTile TileID="663" AltIDMod="0" />
    </MapTiles>
    <StaticTiles />
  </TransInfo>
  <TransInfo Description="Beach to Planks(NS) AC" HashKey="161616505016165050">
    <MapTiles>
      <MapTile TileID="663" AltIDMod="0" />
    </MapTiles>
    <StaticTiles />
  </TransInfo>
  <TransInfo Description="Beach to Planks(NS) AC" HashKey="161616165016165050">
    <MapTiles>
      <MapTile TileID="663" AltIDMod="0" />
    </MapTiles>
    <StaticTiles />
  </TransInfo>
  <TransInfo Description="Beach to Planks(NS) AC" HashKey="161616505016501650">
    <MapTiles>
      <MapTile TileID="663" AltIDMod="0" />
    </MapTiles>
    <StaticTiles />
  </TransInfo>
  <TransInfo Description="Beach to Planks(NS) AC" HashKey="161616165016501650">
    <MapTiles>
      <MapTile TileID="663" AltIDMod="0" />
    </MapTiles>
    <StaticTiles />
  </TransInfo>
  <TransInfo Description="Beach to Planks(NS) AC" HashKey="161616505016161650">
    <MapTiles>
      <MapTile TileID="663" AltIDMod="0" />
    </MapTiles>
    <StaticTiles />
  </TransInfo>
  <TransInfo Description="Beach to Planks(NS) AC" HashKey="161616165016161650">
    <MapTiles>
      <MapTile TileID="663" AltIDMod="0" />
    </MapTiles>
    <StaticTiles />
  </TransInfo>
  <TransInfo Description="Beach to Planks(NS) AC" HashKey="161616165016505016">
    <MapTiles>
      <MapTile TileID="663" AltIDMod="0" />
    </MapTiles>
    <StaticTiles />
  </TransInfo>
  <TransInfo Description="Beach to Planks(NS) AC" HashKey="161616505016165016">
    <MapTiles>
      <MapTile TileID="663" AltIDMod="0" />
    </MapTiles>
    <StaticTiles />
  </TransInfo>
  <TransInfo Description="Beach to Planks(NS) AC" HashKey="161616165016165016">
    <MapTiles>
      <MapTile TileID="663" AltIDMod="0" />
    </MapTiles>
    <StaticTiles />
  </TransInfo>
  <TransInfo Description="Beach to Planks(NS) AC" HashKey="161616505016501616">
    <MapTiles>
      <MapTile TileID="663" AltIDMod="0" />
    </MapTiles>
    <StaticTiles />
  </TransInfo>
  <TransInfo Description="Beach to Planks(NS) AC" HashKey="161616165016501616">
    <MapTiles>
      <MapTile TileID="663" AltIDMod="0" />
    </MapTiles>
    <StaticTiles />
  </TransInfo>
  <TransInfo Description="Beach to Planks(NS) AC" HashKey="161616505016161616">
    <MapTiles>
      <MapTile TileID="663" AltIDMod="0" />
    </MapTiles>
    <StaticTiles />
  </TransInfo>
  <TransInfo Description="Beach to Planks(NS) AC" HashKey="161616165016161616">
    <MapTiles>
      <MapTile TileID="663" AltIDMod="0" />
    </MapTiles>
    <StaticTiles />
  </TransInfo>
  <TransInfo Description="Beach to Planks(NS) IWE" HashKey="165050505050505016">
    <MapTiles>
      <MapTile TileID="22" AltIDMod="0" />
    </MapTiles>
    <StaticTiles />
  </TransInfo>
  <TransInfo Description="Beach to Planks(NS) INS" HashKey="505016505050165050">
    <MapTiles>
      <MapTile TileID="22" AltIDMod="0" />
    </MapTiles>
    <StaticTiles />
  </TransInfo>
</Trans>