<?xml version="1.0" encoding="utf-8" ?>
<ServerRegions>
	<Facet name="Felucca">
		<region priority="50" name="Cove">
			<rect x1="2203" y1="1166" x2="2256" y2="1245" />
			<rect x1="2284" y1="1219" x2="2293" y2="1235" />
			<rect x1="2256" y1="1181" x2="2284" y2="1245" />
			<rect x1="2256" y1="1166" x2="2260" y2="1181" />
			<rect x1="2203" y1="1108" x2="2243" y2="1166" />
			<go location="(2275,1210,0)" />
		</region>
		<region priority="50" name="Britain">
			<rect x1="1410" y1="1517" x2="1691" y2="1778" />
			<rect x1="1436" y1="1494" x2="1670" y2="1517" />
			<rect x1="1522" y1="1778" x2="1641" y2="1798" />
			<rect x1="1691" y1="1532" x2="1721" y2="1595" />
			<rect x1="1388" y1="1697" x2="1410" y2="1766" />
			<go location="(1495,1629,10)" />
		</region>
		<region priority="50" name="Britain Graveyard">
			<rect x1="1336" y1="1443" x2="1391" y2="1494" />
			<rect x1="1336" y1="1494" x2="1376" y2="1511" />
			<go location="(1384,1492,10)" />
		</region>
		<region priority="50" name="Lord British's Castle">
			<rect x1="1294" y1="1679" x2="1411" y2="1697" />
			<rect x1="1295" y1="1559" x2="1313" y2="1577" />
			<rect x1="1392" y1="1559" x2="1410" y2="1577" />
			<rect x1="1302" y1="1577" x2="1410" y2="1680" />
			<rect x1="1313" y1="1563" x2="1392" y2="1577" />
			<go location="(1392,1625,30)" />
		</region>
		<region priority="50" name="Lord Blackthorne's Castle">
			<rect x1="1500" y1="1405" x2="1550" y2="1478" />
			<rect x1="1520" y1="1478" x2="1527" y2="1494" />
			<go location="(1523,1449,15)" />
		</region>
		<region priority="50" name="Jhelom">
			<rect x1="1302" y1="3685" x2="1467" y2="3790" />
			<rect x1="1317" y1="3669" x2="1339" y2="3685" />
			<rect x1="1467" y1="3667" x2="1518" y2="3723" />
			<rect x1="1337" y1="3790" x2="1467" y2="3898" />
			<rect x1="1467" y1="3843" x2="1491" y2="3882" />
			<rect x1="1360" y1="3898" x2="1385" y2="3919" />
			<go location="(1383,3815,0)" />
		</region>
		<region priority="50" name="Minoc">
			<rect x1="2460" y1="559" x2="2559" y2="627" />
			<rect x1="2607" y1="611" x2="2628" y2="628" />
			<rect x1="2413" y1="465" x2="2460" y2="573" />
			<rect x1="2422" y1="393" x2="2460" y2="465" />
			<rect x1="2460" y1="538" x2="2550" y2="559" />
			<rect x1="2460" y1="417" x2="2539" y2="538" />
			<rect x1="2460" y1="367" x2="2544" y2="417" />
			<rect x1="2582" y1="570" x2="2607" y2="648" />
			<rect x1="2559" y1="573" x2="2582" y2="628" />
			<go location="(2466,544,0)" />
		</region>
		<region priority="50" name="Ocllo">
			<rect x1="3588" y1="2460" x2="3707" y2="2685" />
			<rect x1="3695" y1="2558" x2="3760" y2="2705" />
			<go location="(3650,2519,0)" />
		</region>
		<region priority="50" name="Trinsic">
			<rect x1="1790" y1="2690" x2="2066" y2="2768" />
			<rect x1="1971" y1="2877" x2="2068" y2="2930" />
			<rect x1="2067" y1="2634" x2="2168" y2="2847" />
			<rect x1="1812" y1="2658" x2="1983" y2="2690" />
			<rect x1="1850" y1="2630" x2="1928" y2="2659" />
			<rect x1="1831" y1="2768" x2="2067" y2="2792" />
			<rect x1="1796" y1="2792" x2="2067" y2="2877" />
			<rect x1="1811" y1="2877" x2="1941" y2="2892" />
			<rect x1="1858" y1="2892" x2="1940" y2="2900" />
			<go location="(1867,2780,0)" />
		</region>
		<region priority="50" name="Vesper">
			<rect x1="2730" y1="948" x2="2826" y2="999" />
			<rect x1="2820" y1="773" x2="2953" y2="1011" />
			<rect x1="2844" y1="608" x2="2915" y2="773" />
			<rect x1="2915" y1="608" x2="2983" y2="657" />
			<rect x1="2983" y1="623" x2="3008" y2="657" />
			<rect x1="2915" y1="657" x2="2963" y2="773" />
			<rect x1="2953" y1="738" x2="3042" y2="868" />
			<rect x1="2963" y1="687" x2="2993" y2="738" />
			<rect x1="3042" y1="808" x2="3057" y2="849" />
			<rect x1="2953" y1="868" x2="2992" y2="962" />
			<rect x1="2828" y1="692" x2="2846" y2="772" />
			<go location="(2899,676,0)" />
		</region>
		<region priority="50" name="Yew">
			<rect x1="306" y1="1144" x2="393" y2="1264" />
			<rect x1="393" y1="799" x2="680" y2="1264" />
			<rect x1="680" y1="867" x2="756" y2="1031" />
			<rect x1="229" y1="929" x2="396" y2="1095" />
			<rect x1="312" y1="835" x2="393" y2="929" />
			<rect x1="190" y1="704" x2="395" y2="859" />
			<rect x1="394" y1="760" x2="621" y2="800" />
			<rect x1="678" y1="1160" x2="697" y2="1229" />
			<go location="(546,992,0)" />
		</region>
		<region priority="50" name="Wind">
			<rect x1="5121" y1="4" x2="5373" y2="255" />
			<go location="(5223,190,5)" />
		</region>
		<region priority="50" name="Serpent's Hold">
			<rect x1="2930" y1="3337" x2="3068" y2="3485" />
			<rect x1="3051" y1="3331" x2="3074" y2="3357" />
			<rect x1="2867" y1="3388" x2="2931" y2="3524" />
			<rect x1="2931" y1="3485" x2="3028" y2="3542" />
			<rect x1="2891" y1="3524" x2="2916" y2="3534" />
			<go location="(3010,3371,15)" />
		</region>
		<region priority="50" name="Skara Brae">
			<rect x1="541" y1="2108" x2="645" y2="2227" />
			<rect x1="714" y1="2132" x2="767" y2="2366" />
			<rect x1="873" y1="2372" x2="913" y2="2429" />
			<rect x1="868" y1="2304" x2="885" y2="2388" />
			<rect x1="645" y1="2128" x2="682" y2="2220" />
			<rect x1="767" y1="2150" x2="837" y2="2305" />
			<rect x1="632" y1="2220" x2="714" y2="2259" />
			<rect x1="560" y1="2222" x2="633" y2="2264" />
			<rect x1="571" y1="2258" x2="627" y2="2300" />
			<rect x1="803" y1="2305" x2="868" y2="2371" />
			<rect x1="767" y1="2305" x2="804" y2="2327" />
			<go location="(632,2233,0)" />
		</region>
		<region priority="50" name="Nujel'm">
			<rect x1="3644" y1="1178" x2="3718" y2="1346" />
			<rect x1="3644" y1="1092" x2="3718" y2="1178" />
			<rect x1="3652" y1="1050" x2="3698" y2="1092" />
			<rect x1="3605" y1="1199" x2="3644" y2="1274" />
			<rect x1="3588" y1="1177" x2="3606" y2="1246" />
			<rect x1="3534" y1="1157" x2="3588" y2="1222" />
			<rect x1="3630" y1="1293" x2="3644" y2="1346" />
			<rect x1="3696" y1="1346" x2="3770" y2="1424" />
			<rect x1="3718" y1="1175" x2="3798" y2="1347" />
			<rect x1="3758" y1="1116" x2="3798" y2="1175" />
			<rect x1="3797" y1="1240" x2="3822" y2="1310" />
			<go location="(3732,1279,0)" />
		</region>
		<region priority="50" name="Moonglow">
			<rect x1="4379" y1="1045" x2="4439" y2="1176" />
			<rect x1="4383" y1="1021" x2="4430" y2="1045" />
			<rect x1="4439" y1="1048" x2="4497" y2="1142" />
			<rect x1="4379" y1="1176" x2="4399" y2="1181" />
			<rect x1="4439" y1="1142" x2="4489" y2="1176" />
			<rect x1="4459" y1="1176" x2="4485" y2="1184" />
			<go location="(4442,1172,0)" />
		</region>
		<region priority="50" name="Magincia">
			<rect x1="3654" y1="2094" x2="3746" y2="2263" />
			<rect x1="3746" y1="2094" x2="3783" y2="2128" />
			<rect x1="3677" y1="2016" x2="3752" y2="2094" />
			<rect x1="3746" y1="2207" x2="3814" y2="2281" />
			<rect x1="3653" y1="2263" x2="3696" y2="2300" />
			<go location="(3714,2220,20)" />
		</region>
		<region priority="50" name="Buccaneer's Den">
			<rect x1="2621" y1="2068" x2="2661" y2="2113" />
			<rect x1="2646" y1="2179" x2="2661" y2="2213" />
			<rect x1="2661" y1="2107" x2="2763" y2="2267" />
			<rect x1="2763" y1="2124" x2="2786" y2="2143" />
			<rect x1="2661" y1="2068" x2="2735" y2="2107" />
			<go location="(2706,2163,0)" />
		</region>
		<region priority="50" name="Covetous">
			<rect x1="5376" y1="1793" x2="5577" y2="2048" />
			<rect x1="5576" y1="1791" x2="5633" y2="2048" />
			<go location="(5456,1862,0)" />
		</region>
		<region priority="50" name="Deceit">
			<rect x1="5122" y1="518" x2="5370" y2="770" />
			<go location="(5187,635,0)" />
		</region>
		<region priority="50" name="Despise">
			<rect x1="5377" y1="516" x2="5631" y2="1022" />
			<go location="(5501,570,59)" />
		</region>
		<region priority="50" name="Destard">
			<rect x1="5120" y1="770" x2="5371" y2="1028" />
			<go location="(5243,1004,0)" />
		</region>
		<region priority="50" name="Hythloth">
			<rect x1="5898" y1="2" x2="6136" y2="246" />
			<go location="(5905,22,44)" />
		</region>
		<region priority="50" name="Jail">
			<rect x1="5271" y1="1159" x2="5312" y2="1192" />
			<go location="(5275,1163,0)" />
		</region>
		<region priority="50" name="Shame">
			<rect x1="5377" y1="2" x2="5634" y2="262" />
			<rect x1="5635" y1="2" x2="5895" y2="126" />
			<go location="(5395,126,0)" />
		</region>
		<region priority="50" name="Wrong">
			<rect x1="5633" y1="511" x2="5886" y2="1021" />
			<go location="(5825,599,0))" />
		</region>
		<region priority="50" name="Cave 1">
			<rect x1="2373" y1="900" x2="2395" y2="928" />
			<rect x1="2395" y1="903" x2="2409" y2="919" />
			<rect x1="2373" y1="928" x2="2383" y2="937" />
			<rect x1="2359" y1="927" x2="2373" y2="945" />
			<go location="(2367,942,0)" />
		</region>
		<region priority="50" name="Cave 2">
			<rect x1="1887" y1="354" x2="1920" y2="377" />
			<go location="(1903,365,0)" />
		</region>
		<region priority="50" name="Cave 3">
			<rect x1="1925" y1="307" x2="1943" y2="325" />
			<go location="(1934,316,0)" />
		</region>
		<region priority="50" name="Cave 4">
			<rect x1="2323" y1="809" x2="2368" y2="851" />
			<go location="(2345,830,0)" />
		</region>
		<region priority="50" name="Britain Mine 1">
			<rect x1="1436" y1="1215" x2="1465" y2="1252" />
			<go location="(1443,1228,0)" />
		</region>
		<region priority="50" name="Britain Mine 2">
			<rect x1="1611" y1="1175" x2="1662" y2="1204" />
			<go location="(1629,1189,0)" />
		</region>
		<region priority="50" name="Minoc Cave 1">
			<rect x1="2406" y1="168" x2="2428" y2="184" />
			<go location="(2426,177,0)" />
		</region>
		<region priority="50" name="Minoc Cave 2">
			<rect x1="2418" y1="81" x2="2442" y2="113" />
			<go location="(2440,94,0)" />
		</region>
		<region priority="50" name="Minoc Cave 3">
			<rect x1="2447" y1="39" x2="2489" y2="67" />
			<go location="(2471,64,0)" />
		</region>
		<region priority="50" name="Minoc Mine">
			<rect x1="2556" y1="501" x2="2562" y2="504" />
			<rect x1="2556" y1="474" x2="2582" y2="501" />
			<go location="(2558,499,0)" />
		</region>
		<region priority="50" name="Avatar Isle Cave">
			<rect x1="4594" y1="3807" x2="4617" y2="3824" />
			<go location="(4605,3815,0)" />
		</region>
		<region priority="50" name="Ice Isle Cave 1">
			<rect x1="4018" y1="421" x2="4067" y2="470" />
			<go location="(4054,440,3)" />
		</region>
		<region priority="50" name="Ice Isle Cave 2">
			<rect x1="4002" y1="310" x2="4045" y2="351" />
			<rect x1="4005" y1="298" x2="4027" y2="310" />
			<go location="(4030,325,0)" />
		</region>
		<region priority="50" name="North Territory Cave">
			<rect x1="1973" y1="251" x2="1994" y2="274" />
			<go location="(1984,262,8)" />
		</region>
		<region priority="50" name="Yew Cave">
			<rect x1="766" y1="1683" x2="778" y2="1697" />
			<go location="(773,1684,0)" />
		</region>
		<region priority="50" name="North Territory Mine 1">
			<rect x1="1713" y1="1055" x2="1753" y2="1080" />
			<go location="(1723,1065,0)" />
		</region>
		<region priority="50" name="North Territory Mine 2">
			<rect x1="1604" y1="958" x2="1650" y2="1009" />
			<go location="(1638,974,0)" />
		</region>
		<region priority="50" name="Mt Kendall">
			<rect x1="2552" y1="448" x2="2623" y2="507" />
			<rect x1="2547" y1="380" x2="2590" y2="448" />
			<rect x1="2590" y1="413" x2="2623" y2="448" />
			<go location="(2593,477,60)" />
		</region>
		<region priority="50" name="Covetous Mine">
			<rect x1="2429" y1="866" x2="2448" y2="911" />
			<rect x1="2448" y1="879" x2="2475" y2="907" />
			<rect x1="2456" y1="907" x2="2475" y2="941" />
			<go location="(2445,880,0)" />
		</region>
	</Facet>
	<Facet name="Trammel">
		<region priority="50" name="Cove">
			<rect x1="2203" y1="1166" x2="2256" y2="1245" />
			<rect x1="2284" y1="1219" x2="2293" y2="1235" />
			<rect x1="2256" y1="1181" x2="2284" y2="1245" />
			<rect x1="2256" y1="1166" x2="2260" y2="1181" />
			<rect x1="2203" y1="1108" x2="2243" y2="1166" />
			<go location="(2275,1210,0)" />
		</region>
		<region priority="50" name="Britain">
			<rect x1="1410" y1="1517" x2="1691" y2="1778" />
			<rect x1="1436" y1="1494" x2="1670" y2="1517" />
			<rect x1="1522" y1="1778" x2="1641" y2="1798" />
			<rect x1="1691" y1="1532" x2="1721" y2="1595" />
			<rect x1="1388" y1="1697" x2="1410" y2="1766" />
			<go location="(1495,1629,10)" />
		</region>
		<region priority="50" name="Britain Graveyard">
			<rect x1="1336" y1="1443" x2="1391" y2="1494" />
			<rect x1="1336" y1="1494" x2="1376" y2="1511" />
			<go location="(1384,1492,10)" />
		</region>
		<region priority="50" name="Lord British's Castle">
			<rect x1="1294" y1="1679" x2="1411" y2="1697" />
			<rect x1="1295" y1="1559" x2="1313" y2="1577" />
			<rect x1="1392" y1="1559" x2="1410" y2="1577" />
			<rect x1="1302" y1="1577" x2="1410" y2="1680" />
			<rect x1="1313" y1="1563" x2="1392" y2="1577" />
			<go location="(1392,1625,30)" />
		</region>
		<region priority="50" name="Lord Blackthorne's Castle">
			<rect x1="1500" y1="1405" x2="1550" y2="1478" />
			<rect x1="1520" y1="1478" x2="1527" y2="1494" />
			<go location="(1523,1449,15)" />
		</region>
		<region priority="50" name="Jhelom">
			<rect x1="1302" y1="3685" x2="1467" y2="3790" />
			<rect x1="1317" y1="3669" x2="1339" y2="3685" />
			<rect x1="1467" y1="3667" x2="1518" y2="3723" />
			<rect x1="1337" y1="3790" x2="1467" y2="3898" />
			<rect x1="1467" y1="3843" x2="1491" y2="3882" />
			<rect x1="1360" y1="3898" x2="1385" y2="3919" />
			<go location="(1383,3815,0)" />
		</region>
		<region priority="50" name="Minoc">
			<rect x1="2460" y1="559" x2="2559" y2="627" />
			<rect x1="2607" y1="611" x2="2628" y2="628" />
			<rect x1="2413" y1="465" x2="2460" y2="573" />
			<rect x1="2422" y1="393" x2="2460" y2="465" />
			<rect x1="2460" y1="538" x2="2550" y2="559" />
			<rect x1="2460" y1="417" x2="2539" y2="538" />
			<rect x1="2460" y1="367" x2="2544" y2="417" />
			<rect x1="2582" y1="570" x2="2607" y2="648" />
			<rect x1="2559" y1="573" x2="2582" y2="628" />
			<go location="(2466,544,0)" />
		</region>
		<region priority="50" name="Haven">
			<rect x1="3588" y1="2460" x2="3707" y2="2685" />
			<rect x1="3695" y1="2558" x2="3760" y2="2705" />
			<go location="(3650,2519,0)" />
		</region>
		<region priority="50" name="Trinsic">
			<rect x1="1790" y1="2690" x2="2066" y2="2768" />
			<rect x1="1971" y1="2877" x2="2068" y2="2930" />
			<rect x1="2067" y1="2634" x2="2168" y2="2847" />
			<rect x1="1812" y1="2658" x2="1983" y2="2690" />
			<rect x1="1850" y1="2630" x2="1928" y2="2659" />
			<rect x1="1831" y1="2768" x2="2067" y2="2792" />
			<rect x1="1796" y1="2792" x2="2067" y2="2877" />
			<rect x1="1811" y1="2877" x2="1941" y2="2892" />
			<rect x1="1858" y1="2892" x2="1940" y2="2900" />
			<go location="(1867,2780,0)" />
		</region>
		<region priority="50" name="Vesper">
			<rect x1="2730" y1="948" x2="2826" y2="999" />
			<rect x1="2820" y1="773" x2="2953" y2="1011" />
			<rect x1="2844" y1="608" x2="2915" y2="773" />
			<rect x1="2915" y1="608" x2="2983" y2="657" />
			<rect x1="2983" y1="623" x2="3008" y2="657" />
			<rect x1="2915" y1="657" x2="2963" y2="773" />
			<rect x1="2953" y1="738" x2="3042" y2="868" />
			<rect x1="2963" y1="687" x2="2993" y2="738" />
			<rect x1="3042" y1="808" x2="3057" y2="849" />
			<rect x1="2953" y1="868" x2="2992" y2="962" />
			<rect x1="2828" y1="692" x2="2846" y2="772" />
			<go location="(2899,676,0)" />
		</region>
		<region priority="50" name="Yew">
			<rect x1="306" y1="1144" x2="393" y2="1264" />
			<rect x1="393" y1="799" x2="680" y2="1264" />
			<rect x1="680" y1="867" x2="756" y2="1031" />
			<rect x1="229" y1="929" x2="396" y2="1095" />
			<rect x1="312" y1="835" x2="393" y2="929" />
			<rect x1="190" y1="704" x2="395" y2="859" />
			<rect x1="394" y1="760" x2="621" y2="800" />
			<rect x1="678" y1="1160" x2="697" y2="1229" />
			<go location="(546,992,0)" />
		</region>
		<region priority="50" name="Wind">
			<rect x1="5121" y1="4" x2="5373" y2="255" />
			<go location="(5223,190,5)" />
		</region>
		<region priority="50" name="Serpent's Hold">
			<rect x1="2930" y1="3337" x2="3068" y2="3485" />
			<rect x1="3051" y1="3331" x2="3074" y2="3357" />
			<rect x1="2867" y1="3388" x2="2931" y2="3524" />
			<rect x1="2931" y1="3485" x2="3028" y2="3542" />
			<rect x1="2891" y1="3524" x2="2916" y2="3534" />
			<go location="(3010,3371,15)" />
		</region>
		<region priority="50" name="Skara Brae">
			<rect x1="541" y1="2108" x2="645" y2="2227" />
			<rect x1="714" y1="2132" x2="767" y2="2366" />
			<rect x1="873" y1="2372" x2="913" y2="2429" />
			<rect x1="868" y1="2304" x2="885" y2="2388" />
			<rect x1="645" y1="2128" x2="682" y2="2220" />
			<rect x1="767" y1="2150" x2="837" y2="2305" />
			<rect x1="632" y1="2220" x2="714" y2="2259" />
			<rect x1="560" y1="2222" x2="633" y2="2264" />
			<rect x1="571" y1="2258" x2="627" y2="2300" />
			<rect x1="803" y1="2305" x2="868" y2="2371" />
			<rect x1="767" y1="2305" x2="804" y2="2327" />
			<go location="(632,2233,0)" />
		</region>
		<region priority="50" name="Nujel'm">
			<rect x1="3644" y1="1178" x2="3718" y2="1346" />
			<rect x1="3644" y1="1092" x2="3718" y2="1178" />
			<rect x1="3652" y1="1050" x2="3698" y2="1092" />
			<rect x1="3605" y1="1199" x2="3644" y2="1274" />
			<rect x1="3588" y1="1177" x2="3606" y2="1246" />
			<rect x1="3534" y1="1157" x2="3588" y2="1222" />
			<rect x1="3630" y1="1293" x2="3644" y2="1346" />
			<rect x1="3696" y1="1346" x2="3770" y2="1424" />
			<rect x1="3718" y1="1175" x2="3798" y2="1347" />
			<rect x1="3758" y1="1116" x2="3798" y2="1175" />
			<rect x1="3797" y1="1240" x2="3822" y2="1310" />
			<go location="(3732,1279,0)" />
		</region>
		<region priority="50" name="Moonglow">
			<rect x1="4379" y1="1045" x2="4439" y2="1176" />
			<rect x1="4383" y1="1021" x2="4430" y2="1045" />
			<rect x1="4439" y1="1048" x2="4497" y2="1142" />
			<rect x1="4379" y1="1176" x2="4399" y2="1181" />
			<rect x1="4439" y1="1142" x2="4489" y2="1176" />
			<rect x1="4459" y1="1176" x2="4485" y2="1184" />
			<go location="(4442,1172,0)" />
		</region>
		<region priority="50" name="Magincia">
			<rect x1="3654" y1="2094" x2="3746" y2="2263" />
			<rect x1="3746" y1="2094" x2="3783" y2="2128" />
			<rect x1="3677" y1="2016" x2="3752" y2="2094" />
			<rect x1="3746" y1="2207" x2="3814" y2="2281" />
			<rect x1="3653" y1="2263" x2="3696" y2="2300" />
			<go location="(3714,2220,20)" />
		</region>
		<region priority="50" name="Buccaneer's Den">
			<rect x1="2621" y1="2068" x2="2661" y2="2113" />
			<rect x1="2646" y1="2179" x2="2661" y2="2213" />
			<rect x1="2661" y1="2107" x2="2763" y2="2267" />
			<rect x1="2763" y1="2124" x2="2786" y2="2143" />
			<rect x1="2661" y1="2068" x2="2735" y2="2107" />
			<go location="(2706,2163,0)" />
		</region>
		<region priority="50" name="Covetous">
			<rect x1="5376" y1="1793" x2="5577" y2="2048" />
			<rect x1="5576" y1="1791" x2="5633" y2="2048" />
			<go location="(5456,1862,0)" />
		</region>
		<region priority="50" name="Deceit">
			<rect x1="5122" y1="518" x2="5370" y2="770" />
			<go location="(5187,635,0)" />
		</region>
		<region priority="50" name="Despise">
			<rect x1="5377" y1="516" x2="5631" y2="1022" />
			<go location="(5501,570,59)" />
		</region>
		<region priority="50" name="Destard">
			<rect x1="5120" y1="770" x2="5371" y2="1028" />
			<go location="(5243,1004,0)" />
		</region>
		<region priority="50" name="Hythloth">
			<rect x1="5898" y1="2" x2="6136" y2="246" />
			<go location="(5905,22,44)" />
		</region>
		<region priority="50" name="Jail">
			<rect x1="5271" y1="1159" x2="5312" y2="1192" />
			<go location="(5275,1163,0)" />
		</region>
		<region priority="50" name="Shame">
			<rect x1="5377" y1="2" x2="5634" y2="262" />
			<rect x1="5635" y1="2" x2="5895" y2="126" />
			<go location="(5395,126,0)" />
		</region>
		<region priority="50" name="Wrong">
			<rect x1="5633" y1="511" x2="5886" y2="1021" />
			<go location="(5825,599,0)" />
		</region>
		<region priority="50" name="Cave 1">
			<rect x1="2373" y1="900" x2="2395" y2="928" />
			<rect x1="2395" y1="903" x2="2409" y2="919" />
			<rect x1="2373" y1="928" x2="2383" y2="937" />
			<rect x1="2359" y1="927" x2="2373" y2="945" />
			<go location="(2367,942,0)" />
		</region>
		<region priority="50" name="Cave 2">
			<rect x1="1887" y1="354" x2="1920" y2="377" />
			<go location="(1903,365,0)" />
		</region>
		<region priority="50" name="Cave 3">
			<rect x1="1925" y1="307" x2="1943" y2="325" />
			<go location="(1934,316,0)" />
		</region>
		<region priority="50" name="Cave 4">
			<rect x1="2323" y1="809" x2="2368" y2="851" />
			<go location="(2345,830,0)" />
		</region>
		<region priority="50" name="Britain Mine 1">
			<rect x1="1436" y1="1215" x2="1465" y2="1252" />
			<go location="(1443,1228,0)" />
		</region>
		<region priority="50" name="Britain Mine 2">
			<rect x1="1611" y1="1175" x2="1662" y2="1204" />
			<go location="(1629,1189,0)" />
		</region>
		<region priority="50" name="Minoc Cave 1">
			<rect x1="2406" y1="168" x2="2428" y2="184" />
			<go location="(2426,177,0)" />
		</region>
		<region priority="50" name="Minoc Cave 2">
			<rect x1="2418" y1="81" x2="2442" y2="113" />
			<go location="(2440,94,0)" />
		</region>
		<region priority="50" name="Minoc Cave 3">
			<rect x1="2447" y1="39" x2="2489" y2="67" />
			<go location="(2471,64,0)" />
		</region>
		<region priority="50" name="Minoc Mine">
			<rect x1="2556" y1="501" x2="2562" y2="504" />
			<rect x1="2556" y1="474" x2="2582" y2="501" />
			<go location="(2558,499,0)" />
		</region>
		<region priority="50" name="Avatar Isle Cave">
			<rect x1="4594" y1="3807" x2="4617" y2="3824" />
			<go location="(4605,3815,0)" />
		</region>
		<region priority="50" name="Ice Isle Cave 1">
			<rect x1="4018" y1="421" x2="4067" y2="470" />
			<go location="(4054,440,3)" />
		</region>
		<region priority="50" name="Ice Isle Cave 2">
			<rect x1="4002" y1="310" x2="4045" y2="351" />
			<rect x1="4005" y1="298" x2="4027" y2="310" />
			<go location="(4030,325,0)" />
		</region>
		<region priority="50" name="North Territory Cave">
			<rect x1="1973" y1="251" x2="1994" y2="274" />
			<go location="(1984,262,8)" />
		</region>
		<region priority="50" name="Yew Cave">
			<rect x1="766" y1="1683" x2="778" y2="1697" />
			<go location="(773,1684,0)" />
		</region>
		<region priority="50" name="North Territory Mine 1">
			<rect x1="1713" y1="1055" x2="1753" y2="1080" />
			<go location="(1723,1065,0)" />
		</region>
		<region priority="50" name="North Territory Mine 2">
			<rect x1="1604" y1="958" x2="1650" y2="1009" />
			<go location="(1638,974,0)" />
		</region>
		<region priority="50" name="Mt Kendall">
			<rect x1="2552" y1="448" x2="2623" y2="507" />
			<rect x1="2547" y1="380" x2="2590" y2="448" />
			<rect x1="2590" y1="413" x2="2623" y2="448" />
			<go location="(2593,477,60)" />
		</region>
		<region priority="50" name="Covetous Mine">
			<rect x1="2429" y1="866" x2="2448" y2="911" />
			<rect x1="2448" y1="879" x2="2475" y2="907" />
			<rect x1="2456" y1="907" x2="2475" y2="941" />
			<go location="(2445,880,0)" />
		</region>
	</Facet>
</ServerRegions>