﻿<?xml version="1.0" encoding="utf-8"?>
<Trans>
  <TransInfo Description="8" HashKey="011A1A011A1A011818">
    <MapTiles>
      <MapTile TileID="1217" AltIDMod="0" />
    </MapTiles>
    <StaticTiles />
  </TransInfo>
  <TransInfo Description="5" HashKey="01011A01011A18181A">
    <MapTiles>
      <MapTile TileID="1662" AltIDMod="0" />
    </MapTiles>
    <StaticTiles />
  </TransInfo>
  <TransInfo Description="1" HashKey="010101181A1A181A1A">
    <MapTiles>
      <MapTile TileID="1219" AltIDMod="0" />
    </MapTiles>
    <StaticTiles />
  </TransInfo>
  <TransInfo Description="22" HashKey="1A1A011A1A011A1A18">
    <MapTiles>
      <MapTile TileID="1214" AltIDMod="0" />
    </MapTiles>
    <StaticTiles />
  </TransInfo>
  <TransInfo Description="29" HashKey="1A1A1A1A1A1A010118">
    <MapTiles>
      <MapTile TileID="1213" AltIDMod="0" />
    </MapTiles>
    <StaticTiles />
  </TransInfo>
  <TransInfo Description="14" HashKey="1818011A1A1A1A1A1A">
    <MapTiles>
      <MapTile TileID="1215" AltIDMod="0" />
    </MapTiles>
    <StaticTiles />
  </TransInfo>
  <TransInfo Description="2" HashKey="0101011A1A181A1A18">
    <MapTiles>
      <MapTile TileID="1218" AltIDMod="0" />
    </MapTiles>
    <StaticTiles />
  </TransInfo>
  <TransInfo Description="20" HashKey="1A18181A01011A0101">
    <MapTiles>
      <MapTile TileID="1664" AltIDMod="0" />
    </MapTiles>
    <StaticTiles />
  </TransInfo>
  <TransInfo Description="3" HashKey="0101180101181A1A1A">
    <MapTiles>
      <MapTile TileID="1662" AltIDMod="0" />
    </MapTiles>
    <StaticTiles />
  </TransInfo>
  <TransInfo Description="6" HashKey="011818011A1A011A1A">
    <MapTiles>
      <MapTile TileID="1219" AltIDMod="0" />
    </MapTiles>
    <StaticTiles />
  </TransInfo>
  <TransInfo Description="7" HashKey="0118181A1A1A1A1A1A">
    <MapTiles>
      <MapTile TileID="1215" AltIDMod="0" />
    </MapTiles>
    <StaticTiles />
  </TransInfo>
  <TransInfo Description="23" HashKey="1A1A011A1A181A1A18">
    <MapTiles>
      <MapTile TileID="1214" AltIDMod="0" />
    </MapTiles>
    <StaticTiles />
  </TransInfo>
  <TransInfo Description="28" HashKey="1A1A1A180101180101">
    <MapTiles />
    <StaticTiles />
  </TransInfo>
  <TransInfo Description="11" HashKey="1801011801011A1A1A">
    <MapTiles />
    <StaticTiles />
  </TransInfo>
  <TransInfo Description="15" HashKey="18181A01011A01011A">
    <MapTiles>
      <MapTile TileID="1664" AltIDMod="0" />
    </MapTiles>
    <StaticTiles />
  </TransInfo>
  <TransInfo Description="25" HashKey="1A1A181A1A18010101">
    <MapTiles>
      <MapTile TileID="1216" AltIDMod="0" />
    </MapTiles>
    <StaticTiles />
  </TransInfo>
  <TransInfo Description="19" HashKey="1A01011A01011A1818">
    <MapTiles>
      <MapTile TileID="1661" AltIDMod="0" />
    </MapTiles>
    <StaticTiles />
  </TransInfo>
  <TransInfo Description="13" HashKey="1818011A1A011A1A01">
    <MapTiles>
      <MapTile TileID="1218" AltIDMod="0" />
    </MapTiles>
    <StaticTiles />
  </TransInfo>
  <TransInfo Description="30" HashKey="1A1A1A1A1A1A011818">
    <MapTiles>
      <MapTile TileID="1213" AltIDMod="0" />
    </MapTiles>
    <StaticTiles />
  </TransInfo>
  <TransInfo Description="17" HashKey="181A1A181A1A010101">
    <MapTiles>
      <MapTile TileID="1217" AltIDMod="0" />
    </MapTiles>
    <StaticTiles />
  </TransInfo>
  <TransInfo Description="21" HashKey="1A1A011A1A01181801">
    <MapTiles>
      <MapTile TileID="1216" AltIDMod="0" />
    </MapTiles>
    <StaticTiles />
  </TransInfo>
  <TransInfo Description="12" HashKey="1801011A1A1A1A1A1A">
    <MapTiles>
      <MapTile TileID="1215" AltIDMod="0" />
    </MapTiles>
    <StaticTiles />
  </TransInfo>
  <TransInfo Description="18" HashKey="181A1A181A1A011A1A">
    <MapTiles>
      <MapTile TileID="1212" AltIDMod="0" />
    </MapTiles>
    <StaticTiles />
  </TransInfo>
  <TransInfo Description="26" HashKey="1A1A181A1A181A1A01">
    <MapTiles />
    <StaticTiles />
  </TransInfo>
  <TransInfo Description="24" HashKey="1A1A181A1A011A1A01">
    <MapTiles>
      <MapTile TileID="1214" AltIDMod="0" />
    </MapTiles>
    <StaticTiles />
  </TransInfo>
  <TransInfo Description="27" HashKey="1A1A1A010118010118">
    <MapTiles>
      <MapTile TileID="1662" AltIDMod="0" />
    </MapTiles>
    <StaticTiles />
  </TransInfo>
  <TransInfo Description="4" HashKey="0101181A1A1A1A1A1A">
    <MapTiles>
      <MapTile TileID="1215" AltIDMod="0" />
    </MapTiles>
    <StaticTiles />
  </TransInfo>
  <TransInfo Description="9" HashKey="011A1A011A1A181A1A">
    <MapTiles>
      <MapTile TileID="1212" AltIDMod="0" />
    </MapTiles>
    <StaticTiles />
  </TransInfo>
  <TransInfo Description="31" HashKey="1A1A1A1A1A1A180101">
    <MapTiles>
      <MapTile TileID="1213" AltIDMod="0" />
    </MapTiles>
    <StaticTiles />
  </TransInfo>
  <TransInfo Description="10" HashKey="011A1A181A1A181A1A">
    <MapTiles>
      <MapTile TileID="1212" AltIDMod="0" />
    </MapTiles>
    <StaticTiles />
  </TransInfo>
  <TransInfo Description="16" HashKey="181A1A011A1A011A1A">
    <MapTiles>
      <MapTile TileID="1212" AltIDMod="0" />
    </MapTiles>
    <StaticTiles />
  </TransInfo>
  <TransInfo Description="32" HashKey="1A1A1A1A1A1A181801">
    <MapTiles>
      <MapTile TileID="1213" AltIDMod="0" />
    </MapTiles>
    <StaticTiles />
  </TransInfo>
</Trans>