﻿<?xml version="1.0" encoding="utf-8"?>
<Trans>
  <TransInfo Description="Cobblestones-Light Wooden Floor (EW)-Grass" HashKey="1B1B1B010118010118">
    <MapTiles>
      <MapTile TileID="1662" AltIDMod="0" />
    </MapTiles>
    <StaticTiles />
  </TransInfo>
  <TransInfo Description="Cobblestones-Light Wooden Floor (EW)-Grass" HashKey="1B1B1B1B1B1B181801">
    <MapTiles>
      <MapTile TileID="1227" AltIDMod="0" />
    </MapTiles>
    <StaticTiles />
  </TransInfo>
  <TransInfo Description="Cobblestones-Light Wooden Floor (EW)-Grass" HashKey="01011B01011B18181B">
    <MapTiles>
      <MapTile TileID="1661" AltIDMod="0" />
    </MapTiles>
    <StaticTiles />
  </TransInfo>
  <TransInfo Description="Cobblestones-Light Wooden Floor (EW)-Grass" HashKey="1818181B01011B0101">
    <MapTiles>
      <MapTile TileID="1664" AltIDMod="0" />
    </MapTiles>
    <StaticTiles />
  </TransInfo>
  <TransInfo Description="Cobblestones-Light Wooden Floor (EW)-Grass" HashKey="1B1B181B1B011B1B01">
    <MapTiles>
      <MapTile TileID="1231" AltIDMod="0" />
    </MapTiles>
    <StaticTiles />
  </TransInfo>
  <TransInfo Description="Cobblestones-Light Wooden Floor (EW)-Grass" HashKey="1B1B1B1B1B1B180101">
    <MapTiles>
      <MapTile TileID="1227" AltIDMod="0" />
    </MapTiles>
    <StaticTiles />
  </TransInfo>
  <TransInfo Description="Cobblestones-Light Wooden Floor (EW)-Grass" HashKey="1B18181B01011B0101">
    <MapTiles>
      <MapTile TileID="1664" AltIDMod="0" />
    </MapTiles>
    <StaticTiles />
  </TransInfo>
  <TransInfo Description="Cobblestones-Light Wooden Floor (EW)-Grass" HashKey="180101181B1B181B1B">
    <MapTiles>
      <MapTile TileID="1232" AltIDMod="0" />
    </MapTiles>
    <StaticTiles />
  </TransInfo>
  <TransInfo Description="Cobblestones-Light Wooden Floor (EW)-Grass" HashKey="1B1B1B1B1B1B010118">
    <MapTiles>
      <MapTile TileID="1227" AltIDMod="0" />
    </MapTiles>
    <StaticTiles />
  </TransInfo>
  <TransInfo Description="Cobblestones-Light Wooden Floor (EW)-Grass" HashKey="0101181B1B181B1B18">
    <MapTiles>
      <MapTile TileID="1236" AltIDMod="0" />
    </MapTiles>
    <StaticTiles />
  </TransInfo>
  <TransInfo Description="Cobblestones-Light Wooden Floor (EW)-Grass" HashKey="1801011B1B1B1B1B1B">
    <MapTiles>
      <MapTile TileID="1228" AltIDMod="0" />
      <MapTile TileID="1229" AltIDMod="0" />
    </MapTiles>
    <StaticTiles />
  </TransInfo>
  <TransInfo Description="Cobblestones-Light Wooden Floor (EW)-Grass" HashKey="1B01011B01011B1818">
    <MapTiles>
      <MapTile TileID="1661" AltIDMod="0" />
    </MapTiles>
    <StaticTiles />
  </TransInfo>
  <TransInfo Description="Cobblestones-Light Wooden Floor (EW)-Grass" HashKey="1B1B1B180101180101">
    <MapTiles>
      <MapTile TileID="1663" AltIDMod="0" />
    </MapTiles>
    <StaticTiles />
  </TransInfo>
  <TransInfo Description="Cobblestones-Light Wooden Floor (EW)-Grass" HashKey="1801011801011B1B1B">
    <MapTiles>
      <MapTile TileID="1663" AltIDMod="0" />
    </MapTiles>
    <StaticTiles />
  </TransInfo>
  <TransInfo Description="Cobblestones-Light Wooden Floor (EW)-Grass" HashKey="0101181B1B1B1B1B1B">
    <MapTiles>
      <MapTile TileID="1228" AltIDMod="0" />
    </MapTiles>
    <StaticTiles />
  </TransInfo>
  <TransInfo Description="Cobblestones-Light Wooden Floor (EW)-Grass" HashKey="0118181B1B1B1B1B1B">
    <MapTiles>
      <MapTile TileID="1228" AltIDMod="0" />
      <MapTile TileID="1229" AltIDMod="0" />
    </MapTiles>
    <StaticTiles />
  </TransInfo>
  <TransInfo Description="Cobblestones-Light Wooden Floor (EW)-Grass" HashKey="181B1B181B1B011B1B">
    <MapTiles>
      <MapTile TileID="1232" AltIDMod="0" />
    </MapTiles>
    <StaticTiles />
  </TransInfo>
  <TransInfo Description="Cobblestones-Light Wooden Floor (EW)-Grass" HashKey="1B1B1B1B1B1B011818">
    <MapTiles>
      <MapTile TileID="1227" AltIDMod="0" />
    </MapTiles>
    <StaticTiles />
  </TransInfo>
  <TransInfo Description="Cobblestones-Light Wooden Floor (EW)-Grass" HashKey="011B1B011B1B181818">
    <MapTiles>
      <MapTile TileID="1233" AltIDMod="0" />
    </MapTiles>
    <StaticTiles />
  </TransInfo>
  <TransInfo Description="Cobblestones-Light Wooden Floor (EW)-Grass" HashKey="181B1B181B1B180101">
    <MapTiles>
      <MapTile TileID="1233" AltIDMod="0" />
    </MapTiles>
    <StaticTiles />
  </TransInfo>
  <TransInfo Description="Cobblestones-Light Wooden Floor (EW)-Grass" HashKey="1B1B181B1B18010118">
    <MapTiles>
      <MapTile TileID="1235" AltIDMod="0" />
    </MapTiles>
    <StaticTiles />
  </TransInfo>
  <TransInfo Description="Cobblestones-Light Wooden Floor (EW)-Grass" HashKey="1B1B011B1B181B1B18">
    <MapTiles>
      <MapTile TileID="1231" AltIDMod="0" />
    </MapTiles>
    <StaticTiles />
  </TransInfo>
  <TransInfo Description="Cobblestones-Light Wooden Floor (EW)-Grass" HashKey="1818011B1B1B1B1B1B">
    <MapTiles>
      <MapTile TileID="1229" AltIDMod="0" />
      <MapTile TileID="1228" AltIDMod="0" />
    </MapTiles>
    <StaticTiles />
  </TransInfo>
  <TransInfo Description="Cobblestones-Light Wooden Floor (EW)-Grass" HashKey="1B1B011B1B011B1B18">
    <MapTiles>
      <MapTile TileID="1231" AltIDMod="0" />
    </MapTiles>
    <StaticTiles />
  </TransInfo>
  <TransInfo Description="Cobblestones-Light Wooden Floor (EW)-Grass" HashKey="1B1B011B1B01181818">
    <MapTiles>
      <MapTile TileID="1235" AltIDMod="0" />
    </MapTiles>
    <StaticTiles />
  </TransInfo>
  <TransInfo Description="Cobblestones-Light Wooden Floor (EW)-Grass" HashKey="011B1B011B1B181B1B">
    <MapTiles>
      <MapTile TileID="1232" AltIDMod="0" />
    </MapTiles>
    <StaticTiles />
  </TransInfo>
  <TransInfo Description="Cobblestones-Light Wooden Floor (EW)-Grass" HashKey="1818181B1B011B1B01">
    <MapTiles>
      <MapTile TileID="1236" AltIDMod="0" />
    </MapTiles>
    <StaticTiles />
  </TransInfo>
  <TransInfo Description="Cobblestones-Light Wooden Floor (EW)-Grass" HashKey="18181B01011B01011B">
    <MapTiles>
      <MapTile TileID="1664" AltIDMod="0" />
    </MapTiles>
    <StaticTiles />
  </TransInfo>
  <TransInfo Description="Cobblestones-Light Wooden Floor (EW)-Grass" HashKey="011B1B181B1B181B1B">
    <MapTiles>
      <MapTile TileID="1232" AltIDMod="0" />
    </MapTiles>
    <StaticTiles />
  </TransInfo>
  <TransInfo Description="Cobblestones-Light Wooden Floor (EW)-Grass" HashKey="181B1B011B1B011B1B">
    <MapTiles>
      <MapTile TileID="1232" AltIDMod="0" />
    </MapTiles>
    <StaticTiles />
  </TransInfo>
  <TransInfo Description="Cobblestones-Light Wooden Floor (EW)-Grass" HashKey="0101180101181B1B1B">
    <MapTiles>
      <MapTile TileID="1662" AltIDMod="0" />
    </MapTiles>
    <StaticTiles />
  </TransInfo>
  <TransInfo Description="Cobblestones-Light Wooden Floor (EW)-Grass" HashKey="1B1B181B1B181B1B01">
    <MapTiles>
      <MapTile TileID="1231" AltIDMod="0" />
    </MapTiles>
    <StaticTiles />
  </TransInfo>
</Trans>