﻿<?xml version="1.0" encoding="utf-8"?>
<Trans>
  <TransInfo Description="Grass-Cobblestones-Light Wooden Floor (NS)" HashKey="0118181C1C1C1C1C1C">
    <MapTiles>
      <MapTile TileID="1240" AltIDMod="0" />
      <MapTile TileID="1241" AltIDMod="0" />
    </MapTiles>
    <StaticTiles />
  </TransInfo>
  <TransInfo Description="Grass-Cobblestones-Light Wooden Floor (NS)" HashKey="181C1C181C1C180101">
    <MapTiles>
      <MapTile TileID="1245" AltIDMod="0" />
    </MapTiles>
    <StaticTiles />
  </TransInfo>
  <TransInfo Description="Grass-Cobblestones-Light Wooden Floor (NS)" HashKey="1C1C1C180101180101">
    <MapTiles>
      <MapTile TileID="1663" AltIDMod="0" />
    </MapTiles>
    <StaticTiles />
  </TransInfo>
  <TransInfo Description="Grass-Cobblestones-Light Wooden Floor (NS)" HashKey="011C1C011C1C181C1C">
    <MapTiles>
      <MapTile TileID="1244" AltIDMod="0" />
    </MapTiles>
    <StaticTiles />
  </TransInfo>
  <TransInfo Description="Grass-Cobblestones-Light Wooden Floor (NS)" HashKey="1C1C181C1C181C1C01">
    <MapTiles>
      <MapTile TileID="1243" AltIDMod="0" />
    </MapTiles>
    <StaticTiles />
  </TransInfo>
  <TransInfo Description="Grass-Cobblestones-Light Wooden Floor (NS)" HashKey="0101180101181C1C1C">
    <MapTiles>
      <MapTile TileID="1662" AltIDMod="0" />
    </MapTiles>
    <StaticTiles />
  </TransInfo>
  <TransInfo Description="Grass-Cobblestones-Light Wooden Floor (NS)" HashKey="1C1C1C1C1C1C181801">
    <MapTiles>
      <MapTile TileID="1239" AltIDMod="0" />
    </MapTiles>
    <StaticTiles />
  </TransInfo>
  <TransInfo Description="Grass-Cobblestones-Light Wooden Floor (NS)" HashKey="1C1C1C1C1C1C180101">
    <MapTiles>
      <MapTile TileID="1239" AltIDMod="0" />
    </MapTiles>
    <StaticTiles />
  </TransInfo>
  <TransInfo Description="Grass-Cobblestones-Light Wooden Floor (NS)" HashKey="1C1C1C1C1C1C011818">
    <MapTiles>
      <MapTile TileID="1239" AltIDMod="0" />
    </MapTiles>
    <StaticTiles />
  </TransInfo>
  <TransInfo Description="Grass-Cobblestones-Light Wooden Floor (NS)" HashKey="1C1C181C1C18010118">
    <MapTiles>
      <MapTile TileID="1247" AltIDMod="0" />
    </MapTiles>
    <StaticTiles />
  </TransInfo>
  <TransInfo Description="Grass-Cobblestones-Light Wooden Floor (NS)" HashKey="18181C01011C01011C">
    <MapTiles>
      <MapTile TileID="1664" AltIDMod="0" />
    </MapTiles>
    <StaticTiles />
  </TransInfo>
  <TransInfo Description="Grass-Cobblestones-Light Wooden Floor (NS)" HashKey="011C1C181C1C181C1C">
    <MapTiles>
      <MapTile TileID="1244" AltIDMod="0" />
    </MapTiles>
    <StaticTiles />
  </TransInfo>
  <TransInfo Description="Grass-Cobblestones-Light Wooden Floor (NS)" HashKey="0101181C1C181C1C18">
    <MapTiles>
      <MapTile TileID="1248" AltIDMod="0" />
    </MapTiles>
    <StaticTiles />
  </TransInfo>
  <TransInfo Description="Grass-Cobblestones-Light Wooden Floor (NS)" HashKey="1C1C1C010118010118">
    <MapTiles>
      <MapTile TileID="1662" AltIDMod="0" />
    </MapTiles>
    <StaticTiles />
  </TransInfo>
  <TransInfo Description="Grass-Cobblestones-Light Wooden Floor (NS)" HashKey="1818011C1C1C1C1C1C">
    <MapTiles>
      <MapTile TileID="1241" AltIDMod="0" />
      <MapTile TileID="1240" AltIDMod="0" />
    </MapTiles>
    <StaticTiles />
  </TransInfo>
  <TransInfo Description="Grass-Cobblestones-Light Wooden Floor (NS)" HashKey="1818181C1C011C1C01">
    <MapTiles>
      <MapTile TileID="1248" AltIDMod="0" />
    </MapTiles>
    <StaticTiles />
  </TransInfo>
  <TransInfo Description="Grass-Cobblestones-Light Wooden Floor (NS)" HashKey="1818181C01011C0101">
    <MapTiles>
      <MapTile TileID="1664" AltIDMod="0" />
    </MapTiles>
    <StaticTiles />
  </TransInfo>
  <TransInfo Description="Grass-Cobblestones-Light Wooden Floor (NS)" HashKey="1C1C011C1C011C1C18">
    <MapTiles>
      <MapTile TileID="1243" AltIDMod="0" />
    </MapTiles>
    <StaticTiles />
  </TransInfo>
  <TransInfo Description="Grass-Cobblestones-Light Wooden Floor (NS)" HashKey="181C1C011C1C011C1C">
    <MapTiles>
      <MapTile TileID="1244" AltIDMod="0" />
    </MapTiles>
    <StaticTiles />
  </TransInfo>
  <TransInfo Description="Grass-Cobblestones-Light Wooden Floor (NS)" HashKey="1C1C1C1C1C1C010118">
    <MapTiles>
      <MapTile TileID="1239" AltIDMod="0" />
    </MapTiles>
    <StaticTiles />
  </TransInfo>
  <TransInfo Description="Grass-Cobblestones-Light Wooden Floor (NS)" HashKey="1C1C011C1C01181818">
    <MapTiles>
      <MapTile TileID="1247" AltIDMod="0" />
    </MapTiles>
    <StaticTiles />
  </TransInfo>
  <TransInfo Description="Grass-Cobblestones-Light Wooden Floor (NS)" HashKey="011C1C011C1C181818">
    <MapTiles>
      <MapTile TileID="1245" AltIDMod="0" />
    </MapTiles>
    <StaticTiles />
  </TransInfo>
  <TransInfo Description="Grass-Cobblestones-Light Wooden Floor (NS)" HashKey="180101181C1C181C1C">
    <MapTiles>
      <MapTile TileID="1246" AltIDMod="0" />
    </MapTiles>
    <StaticTiles />
  </TransInfo>
  <TransInfo Description="Grass-Cobblestones-Light Wooden Floor (NS)" HashKey="1C18181C01011C0101">
    <MapTiles>
      <MapTile TileID="1664" AltIDMod="0" />
    </MapTiles>
    <StaticTiles />
  </TransInfo>
  <TransInfo Description="Grass-Cobblestones-Light Wooden Floor (NS)" HashKey="1801011C1C1C1C1C1C">
    <MapTiles>
      <MapTile TileID="1240" AltIDMod="0" />
      <MapTile TileID="1241" AltIDMod="0" />
    </MapTiles>
    <StaticTiles />
  </TransInfo>
  <TransInfo Description="Grass-Cobblestones-Light Wooden Floor (NS)" HashKey="1C01011C01011C1818">
    <MapTiles>
      <MapTile TileID="1661" AltIDMod="0" />
    </MapTiles>
    <StaticTiles />
  </TransInfo>
  <TransInfo Description="Grass-Cobblestones-Light Wooden Floor (NS)" HashKey="1C1C011C1C181C1C18">
    <MapTiles>
      <MapTile TileID="1243" AltIDMod="0" />
    </MapTiles>
    <StaticTiles />
  </TransInfo>
  <TransInfo Description="Grass-Cobblestones-Light Wooden Floor (NS)" HashKey="1801011801011C1C1C">
    <MapTiles>
      <MapTile TileID="1663" AltIDMod="0" />
    </MapTiles>
    <StaticTiles />
  </TransInfo>
  <TransInfo Description="Grass-Cobblestones-Light Wooden Floor (NS)" HashKey="0101181C1C1C1C1C1C">
    <MapTiles>
      <MapTile TileID="1240" AltIDMod="0" />
      <MapTile TileID="1241" AltIDMod="0" />
    </MapTiles>
    <StaticTiles />
  </TransInfo>
  <TransInfo Description="Grass-Cobblestones-Light Wooden Floor (NS)" HashKey="01011C01011C18181C">
    <MapTiles>
      <MapTile TileID="1661" AltIDMod="0" />
    </MapTiles>
    <StaticTiles />
  </TransInfo>
  <TransInfo Description="Grass-Cobblestones-Light Wooden Floor (NS)" HashKey="1C1C181C1C011C1C01">
    <MapTiles>
      <MapTile TileID="1243" AltIDMod="0" />
    </MapTiles>
    <StaticTiles />
  </TransInfo>
</Trans>