<?xml version="1.0" encoding="utf-8"?>
<Dragon>
    <HexCode GroupID="00" Alt="88" Terrain="1" />
    <HexCode GroupID="01" Alt="88" Terrain="1" />
    <HexCode GroupID="02" Alt="89" Terrain="1" />
    <HexCode GroupID="03" Alt="89" Terrain="1" />
    <HexCode GroupID="04" Alt="90" Terrain="1" />
    <HexCode GroupID="05" Alt="90" Terrain="1" />
    <HexCode GroupID="06" Alt="90" Terrain="1" />
    <HexCode GroupID="07" Alt="91" Terrain="1" />
    <HexCode GroupID="08" Alt="91" Terrain="1" />
    <HexCode GroupID="09" Alt="92" Terrain="1" />
    <HexCode GroupID="0a" Alt="92" Terrain="1" />
    <HexCode GroupID="0b" Alt="92" Terrain="1" />
    <HexCode GroupID="0c" Alt="93" Terrain="1" />
    <HexCode GroupID="0d" Alt="93" Terrain="1" />
    <HexCode GroupID="0e" Alt="94" Terrain="1" />
    <HexCode GroupID="0f" Alt="94" Terrain="1" />
    <HexCode GroupID="10" Alt="88" Terrain="11" />
    <HexCode GroupID="11" Alt="88" Terrain="11" />
    <HexCode GroupID="12" Alt="89" Terrain="11" />
    <HexCode GroupID="13" Alt="89" Terrain="11" />
    <HexCode GroupID="14" Alt="90" Terrain="11" />
    <HexCode GroupID="15" Alt="90" Terrain="11" />
    <HexCode GroupID="16" Alt="90" Terrain="11" />
    <HexCode GroupID="17" Alt="91" Terrain="11" />
    <HexCode GroupID="18" Alt="91" Terrain="11" />
    <HexCode GroupID="19" Alt="92" Terrain="11" />
    <HexCode GroupID="1a" Alt="92" Terrain="11" />
    <HexCode GroupID="1b" Alt="92" Terrain="11" />
    <HexCode GroupID="1c" Alt="93" Terrain="11" />
    <HexCode GroupID="1d" Alt="93" Terrain="11" />
    <HexCode GroupID="1e" Alt="94" Terrain="11" />
    <HexCode GroupID="1f" Alt="94" Terrain="11" />
    <HexCode GroupID="20" Alt="24" Terrain="5" />
    <HexCode GroupID="21" Alt="24" Terrain="6" />
    <HexCode GroupID="22" Alt="26" Terrain="6" />
    <HexCode GroupID="23" Alt="28" Terrain="6" />
    <HexCode GroupID="24" Alt="30" Terrain="6" />
    <HexCode GroupID="25" Alt="88" Terrain="32" />
    <HexCode GroupID="26" Alt="88" Terrain="29" />
    <HexCode GroupID="27" Alt="88" Terrain="1" />
    <HexCode GroupID="28" Alt="218" Terrain="42" />
    <HexCode GroupID="29" Alt="220" Terrain="42" />
    <HexCode GroupID="2a" Alt="222" Terrain="42" />
    <HexCode GroupID="2b" Alt="88" Terrain="2" />
    <HexCode GroupID="2c" Alt="90" Terrain="2" />
    <HexCode GroupID="2d" Alt="92" Terrain="2" />
    <HexCode GroupID="2e" Alt="94" Terrain="2" />
    <HexCode GroupID="2f" Alt="88" Terrain="14" />
    <HexCode GroupID="30" Alt="88" Terrain="4" />
    <HexCode GroupID="31" Alt="88" Terrain="4" />
    <HexCode GroupID="32" Alt="89" Terrain="4" />
    <HexCode GroupID="33" Alt="89" Terrain="4" />
    <HexCode GroupID="34" Alt="90" Terrain="4" />
    <HexCode GroupID="35" Alt="90" Terrain="4" />
    <HexCode GroupID="36" Alt="90" Terrain="4" />
    <HexCode GroupID="37" Alt="91" Terrain="4" />
    <HexCode GroupID="38" Alt="91" Terrain="4" />
    <HexCode GroupID="39" Alt="92" Terrain="4" />
    <HexCode GroupID="3a" Alt="92" Terrain="4" />
    <HexCode GroupID="3b" Alt="92" Terrain="4" />
    <HexCode GroupID="3c" Alt="93" Terrain="4" />
    <HexCode GroupID="3d" Alt="93" Terrain="4" />
    <HexCode GroupID="3e" Alt="94" Terrain="4" />
    <HexCode GroupID="3f" Alt="94" Terrain="4" />
    <HexCode GroupID="40" Alt="153" Terrain="18" />
    <HexCode GroupID="41" Alt="154" Terrain="18" />
    <HexCode GroupID="42" Alt="155" Terrain="18" />
    <HexCode GroupID="43" Alt="156" Terrain="18" />
    <HexCode GroupID="44" Alt="157" Terrain="18" />
    <HexCode GroupID="45" Alt="158" Terrain="18" />
    <HexCode GroupID="46" Alt="159" Terrain="18" />
    <HexCode GroupID="47" Alt="160" Terrain="18" />
    <HexCode GroupID="48" Alt="161" Terrain="18" />
    <HexCode GroupID="49" Alt="162" Terrain="18" />
    <HexCode GroupID="4a" Alt="163" Terrain="18" />
    <HexCode GroupID="4b" Alt="164" Terrain="18" />
    <HexCode GroupID="4c" Alt="165" Terrain="18" />
    <HexCode GroupID="4d" Alt="166" Terrain="18" />
    <HexCode GroupID="4e" Alt="167" Terrain="18" />
    <HexCode GroupID="4f" Alt="168" Terrain="18" />
    <HexCode GroupID="50" Alt="216" Terrain="21" />
    <HexCode GroupID="51" Alt="216" Terrain="21" />
    <HexCode GroupID="52" Alt="217" Terrain="21" />
    <HexCode GroupID="53" Alt="217" Terrain="21" />
    <HexCode GroupID="54" Alt="218" Terrain="21" />
    <HexCode GroupID="55" Alt="218" Terrain="21" />
    <HexCode GroupID="56" Alt="218" Terrain="21" />
    <HexCode GroupID="57" Alt="219" Terrain="21" />
    <HexCode GroupID="58" Alt="219" Terrain="21" />
    <HexCode GroupID="59" Alt="220" Terrain="21" />
    <HexCode GroupID="5a" Alt="220" Terrain="21" />
    <HexCode GroupID="5b" Alt="220" Terrain="21" />
    <HexCode GroupID="5c" Alt="221" Terrain="21" />
    <HexCode GroupID="5d" Alt="221" Terrain="21" />
    <HexCode GroupID="5e" Alt="222" Terrain="21" />
    <HexCode GroupID="5f" Alt="222" Terrain="21" />
    <HexCode GroupID="60" Alt="88" Terrain="12" />
    <HexCode GroupID="61" Alt="88" Terrain="12" />
    <HexCode GroupID="62" Alt="89" Terrain="12" />
    <HexCode GroupID="63" Alt="89" Terrain="12" />
    <HexCode GroupID="64" Alt="90" Terrain="12" />
    <HexCode GroupID="65" Alt="90" Terrain="12" />
    <HexCode GroupID="66" Alt="90" Terrain="12" />
    <HexCode GroupID="67" Alt="91" Terrain="12" />
    <HexCode GroupID="68" Alt="91" Terrain="12" />
    <HexCode GroupID="69" Alt="92" Terrain="12" />
    <HexCode GroupID="6a" Alt="92" Terrain="12" />
    <HexCode GroupID="6b" Alt="92" Terrain="12" />
    <HexCode GroupID="6c" Alt="93" Terrain="12" />
    <HexCode GroupID="6d" Alt="93" Terrain="12" />
    <HexCode GroupID="6e" Alt="94" Terrain="12" />
    <HexCode GroupID="6f" Alt="94" Terrain="12" />
    <HexCode GroupID="70" Alt="88" Terrain="10" />
    <HexCode GroupID="71" Alt="88" Terrain="10" />
    <HexCode GroupID="72" Alt="89" Terrain="10" />
    <HexCode GroupID="73" Alt="89" Terrain="10" />
    <HexCode GroupID="74" Alt="90" Terrain="10" />
    <HexCode GroupID="75" Alt="90" Terrain="10" />
    <HexCode GroupID="76" Alt="90" Terrain="10" />
    <HexCode GroupID="77" Alt="91" Terrain="10" />
    <HexCode GroupID="78" Alt="91" Terrain="10" />
    <HexCode GroupID="79" Alt="92" Terrain="10" />
    <HexCode GroupID="7a" Alt="92" Terrain="10" />
    <HexCode GroupID="7b" Alt="92" Terrain="10" />
    <HexCode GroupID="7c" Alt="93" Terrain="10" />
    <HexCode GroupID="7d" Alt="93" Terrain="10" />
    <HexCode GroupID="7e" Alt="94" Terrain="10" />
    <HexCode GroupID="7f" Alt="94" Terrain="10" />
    <HexCode GroupID="80" Alt="88" Terrain="8" />
    <HexCode GroupID="81" Alt="88" Terrain="8" />
    <HexCode GroupID="82" Alt="89" Terrain="8" />
    <HexCode GroupID="83" Alt="89" Terrain="8" />
    <HexCode GroupID="84" Alt="90" Terrain="8" />
    <HexCode GroupID="85" Alt="90" Terrain="8" />
    <HexCode GroupID="86" Alt="90" Terrain="8" />
    <HexCode GroupID="87" Alt="91" Terrain="8" />
    <HexCode GroupID="88" Alt="91" Terrain="8" />
    <HexCode GroupID="89" Alt="92" Terrain="8" />
    <HexCode GroupID="8a" Alt="92" Terrain="8" />
    <HexCode GroupID="8b" Alt="92" Terrain="8" />
    <HexCode GroupID="8c" Alt="93" Terrain="8" />
    <HexCode GroupID="8d" Alt="93" Terrain="8" />
    <HexCode GroupID="8e" Alt="94" Terrain="8" />
    <HexCode GroupID="8f" Alt="94" Terrain="8" />
    <HexCode GroupID="90" Alt="216" Terrain="24" />
    <HexCode GroupID="91" Alt="216" Terrain="24" />
    <HexCode GroupID="92" Alt="217" Terrain="24" />
    <HexCode GroupID="93" Alt="217" Terrain="24" />
    <HexCode GroupID="94" Alt="218" Terrain="24" />
    <HexCode GroupID="95" Alt="218" Terrain="24" />
    <HexCode GroupID="96" Alt="218" Terrain="24" />
    <HexCode GroupID="97" Alt="219" Terrain="24" />
    <HexCode GroupID="98" Alt="219" Terrain="24" />
    <HexCode GroupID="99" Alt="220" Terrain="24" />
    <HexCode GroupID="9a" Alt="220" Terrain="24" />
    <HexCode GroupID="9b" Alt="220" Terrain="24" />
    <HexCode GroupID="9c" Alt="221" Terrain="24" />
    <HexCode GroupID="9d" Alt="221" Terrain="24" />
    <HexCode GroupID="9e" Alt="222" Terrain="24" />
    <HexCode GroupID="9f" Alt="222" Terrain="24" />
    <HexCode GroupID="a0" Alt="88" Terrain="13" />
    <HexCode GroupID="a1" Alt="90" Terrain="13" />
    <HexCode GroupID="a2" Alt="92" Terrain="13" />
    <HexCode GroupID="a3" Alt="94" Terrain="13" />
    <HexCode GroupID="a4" Alt="216" Terrain="0" />
    <HexCode GroupID="a5" Alt="218" Terrain="0" />
    <HexCode GroupID="a6" Alt="220" Terrain="0" />
    <HexCode GroupID="a7" Alt="222" Terrain="0" />
    <HexCode GroupID="a8" Alt="216" Terrain="25" />
    <HexCode GroupID="a9" Alt="218" Terrain="25" />
    <HexCode GroupID="aa" Alt="220" Terrain="25" />
    <HexCode GroupID="ab" Alt="222" Terrain="25" />
    <HexCode GroupID="ac" Alt="216" Terrain="27" />
    <HexCode GroupID="ad" Alt="218" Terrain="27" />
    <HexCode GroupID="ae" Alt="220" Terrain="27" />
    <HexCode GroupID="af" Alt="222" Terrain="27" />
    <HexCode GroupID="b0" Alt="216" Terrain="22" />
    <HexCode GroupID="b1" Alt="218" Terrain="22" />
    <HexCode GroupID="b2" Alt="220" Terrain="22" />
    <HexCode GroupID="b3" Alt="222" Terrain="22" />
    <HexCode GroupID="b4" Alt="216" Terrain="34" />
    <HexCode GroupID="b5" Alt="218" Terrain="34" />
    <HexCode GroupID="b6" Alt="220" Terrain="34" />
    <HexCode GroupID="b7" Alt="222" Terrain="34" />
    <HexCode GroupID="b8" Alt="216" Terrain="31" />
    <HexCode GroupID="b9" Alt="218" Terrain="31" />
    <HexCode GroupID="ba" Alt="220" Terrain="31" />
    <HexCode GroupID="bb" Alt="222" Terrain="31" />
    <HexCode GroupID="bc" Alt="216" Terrain="36" />
    <HexCode GroupID="bd" Alt="218" Terrain="36" />
    <HexCode GroupID="be" Alt="220" Terrain="36" />
    <HexCode GroupID="bf" Alt="222" Terrain="36" />
    <HexCode GroupID="c0" Alt="216" Terrain="40" />
    <HexCode GroupID="c1" Alt="218" Terrain="40" />
    <HexCode GroupID="c2" Alt="220" Terrain="40" />
    <HexCode GroupID="c3" Alt="222" Terrain="40" />
    <HexCode GroupID="c4" Alt="216" Terrain="37" />
    <HexCode GroupID="c5" Alt="218" Terrain="37" />
    <HexCode GroupID="c6" Alt="220" Terrain="37" />
    <HexCode GroupID="c7" Alt="222" Terrain="37" />
    <HexCode GroupID="c8" Alt="216" Terrain="35" />
    <HexCode GroupID="c9" Alt="218" Terrain="35" />
    <HexCode GroupID="ca" Alt="220" Terrain="35" />
    <HexCode GroupID="cb" Alt="222" Terrain="35" />
    <HexCode GroupID="cc" Alt="216" Terrain="38" />
    <HexCode GroupID="cd" Alt="218" Terrain="38" />
    <HexCode GroupID="ce" Alt="220" Terrain="38" />
    <HexCode GroupID="cf" Alt="222" Terrain="38" />
    <HexCode GroupID="d0" Alt="216" Terrain="51" />
    <HexCode GroupID="d1" Alt="218" Terrain="51" />
    <HexCode GroupID="d2" Alt="220" Terrain="51" />
    <HexCode GroupID="d3" Alt="222" Terrain="51" />
    <HexCode GroupID="d4" Alt="216" Terrain="29" />
    <HexCode GroupID="d5" Alt="218" Terrain="29" />
    <HexCode GroupID="d6" Alt="220" Terrain="29" />
    <HexCode GroupID="d7" Alt="222" Terrain="29" />
    <HexCode GroupID="d8" Alt="216" Terrain="30" />
    <HexCode GroupID="d9" Alt="218" Terrain="30" />
    <HexCode GroupID="da" Alt="220" Terrain="30" />
    <HexCode GroupID="db" Alt="222" Terrain="30" />
    <HexCode GroupID="dc" Alt="216" Terrain="39" />
    <HexCode GroupID="dd" Alt="218" Terrain="39" />
    <HexCode GroupID="de" Alt="220" Terrain="39" />
    <HexCode GroupID="df" Alt="222" Terrain="39" />
    <HexCode GroupID="e0" Alt="216" Terrain="32" />
    <HexCode GroupID="e1" Alt="217" Terrain="32" />
    <HexCode GroupID="e2" Alt="218" Terrain="32" />
    <HexCode GroupID="e3" Alt="219" Terrain="32" />
    <HexCode GroupID="e4" Alt="220" Terrain="33" />
    <HexCode GroupID="e5" Alt="216" Terrain="33" />
    <HexCode GroupID="e6" Alt="217" Terrain="33" />
    <HexCode GroupID="e7" Alt="218" Terrain="33" />
    <HexCode GroupID="e8" Alt="88" Terrain="13" />
    <HexCode GroupID="e9" Alt="90" Terrain="13" />
    <HexCode GroupID="ea" Alt="92" Terrain="13" />
    <HexCode GroupID="eb" Alt="94" Terrain="13" />
    <HexCode GroupID="ec" Alt="216" Terrain="52" />
    <HexCode GroupID="ed" Alt="218" Terrain="52" />
    <HexCode GroupID="ee" Alt="220" Terrain="52" />
    <HexCode GroupID="ef" Alt="222" Terrain="52" />
    <HexCode GroupID="f0" Alt="216" Terrain="15" />
    <HexCode GroupID="f1" Alt="218" Terrain="15" />
    <HexCode GroupID="f2" Alt="220" Terrain="15" />
    <HexCode GroupID="f3" Alt="222" Terrain="15" />
    <HexCode GroupID="f4" Alt="216" Terrain="17" />
    <HexCode GroupID="f5" Alt="218" Terrain="17" />
    <HexCode GroupID="f6" Alt="220" Terrain="17" />
    <HexCode GroupID="f7" Alt="222" Terrain="17" />
    <HexCode GroupID="f8" Alt="88" Terrain="255" />
    <HexCode GroupID="f9" Alt="90" Terrain="255" />
    <HexCode GroupID="fa" Alt="92" Terrain="255" />
    <HexCode GroupID="fb" Alt="94" Terrain="255" />
    <HexCode GroupID="ff" Alt="156" Terrain="53" />
</Dragon>