﻿<?xml version="1.0" encoding="utf-8"?>
<Trans>
  <TransInfo Description="Jungle-Rock-Small Dirt" HashKey="081212081212080A0A">
    <MapTiles>
      <MapTile TileID="252" AltIDMod="0" />
    </MapTiles>
    <StaticTiles />
  </TransInfo>
  <TransInfo Description="Jungle-Rock-Small Dirt" HashKey="0A0808120808120808">
    <MapTiles>
      <MapTile TileID="222" AltIDMod="0" />
    </MapTiles>
    <StaticTiles />
  </TransInfo>
  <TransInfo Description="Jungle-Rock-Small Dirt" HashKey="0A08080A0808120808">
    <MapTiles>
      <MapTile TileID="624" AltIDMod="0" />
    </MapTiles>
    <StaticTiles />
  </TransInfo>
  <TransInfo Description="Jungle-Rock-Small Dirt" HashKey="08080812120A12120A">
    <MapTiles>
      <MapTile TileID="255" AltIDMod="0" />
    </MapTiles>
    <StaticTiles />
  </TransInfo>
  <TransInfo Description="Jungle-Rock-Small Dirt" HashKey="080A0A081212081212">
    <MapTiles>
      <MapTile TileID="254" AltIDMod="0" />
    </MapTiles>
    <StaticTiles />
  </TransInfo>
  <TransInfo Description="Jungle-Rock-Small Dirt" HashKey="08081208081208080A">
    <MapTiles>
      <MapTile TileID="220" AltIDMod="0" />
    </MapTiles>
    <StaticTiles />
  </TransInfo>
  <TransInfo Description="Jungle-Rock-Small Dirt" HashKey="08081208080A08080A">
    <MapTiles>
      <MapTile TileID="623" AltIDMod="0" />
    </MapTiles>
    <StaticTiles />
  </TransInfo>
  <TransInfo Description="Jungle-Rock-Small Dirt" HashKey="12120A080808080808">
    <MapTiles>
      <MapTile TileID="223" AltIDMod="0" />
    </MapTiles>
    <StaticTiles />
  </TransInfo>
  <TransInfo Description="Jungle-Rock-Small Dirt" HashKey="080808080808120A0A">
    <MapTiles>
      <MapTile TileID="622" AltIDMod="0" />
    </MapTiles>
    <StaticTiles />
  </TransInfo>
  <TransInfo Description="Jungle-Rock-Small Dirt" HashKey="08080A080812080812">
    <MapTiles>
      <MapTile TileID="220" AltIDMod="0" />
    </MapTiles>
    <StaticTiles />
  </TransInfo>
  <TransInfo Description="Jungle-Rock-Small Dirt" HashKey="0808080A12120A1212">
    <MapTiles>
      <MapTile TileID="253" AltIDMod="0" />
    </MapTiles>
    <StaticTiles />
  </TransInfo>
  <TransInfo Description="Jungle-Rock-Small Dirt" HashKey="1208080A08080A0808">
    <MapTiles>
      <MapTile TileID="624" AltIDMod="0" />
    </MapTiles>
    <StaticTiles />
  </TransInfo>
  <TransInfo Description="Jungle-Rock-Small Dirt" HashKey="1208081208080A0808">
    <MapTiles>
      <MapTile TileID="222" AltIDMod="0" />
    </MapTiles>
    <StaticTiles />
  </TransInfo>
  <TransInfo Description="Jungle-Rock-Small Dirt" HashKey="0A0A12080808080808">
    <MapTiles>
      <MapTile TileID="625" AltIDMod="0" />
    </MapTiles>
    <StaticTiles />
  </TransInfo>
  <TransInfo Description="Jungle-Rock-Small Dirt" HashKey="0A0A08121208121208">
    <MapTiles>
      <MapTile TileID="254" AltIDMod="0" />
    </MapTiles>
    <StaticTiles />
  </TransInfo>
  <TransInfo Description="Jungle-Rock-Small Dirt" HashKey="1212081212080A0A08">
    <MapTiles>
      <MapTile TileID="252" AltIDMod="0" />
    </MapTiles>
    <StaticTiles />
  </TransInfo>
  <TransInfo Description="Jungle-Rock-Small Dirt" HashKey="0808080808080A1212">
    <MapTiles>
      <MapTile TileID="221" AltIDMod="0" />
    </MapTiles>
    <StaticTiles />
  </TransInfo>
  <TransInfo Description="Jungle-Rock-Small Dirt" HashKey="0A12120A1212080808">
    <MapTiles>
      <MapTile TileID="253" AltIDMod="0" />
    </MapTiles>
    <StaticTiles />
  </TransInfo>
  <TransInfo Description="Jungle-Rock-Small Dirt" HashKey="08080808080812120A">
    <MapTiles>
      <MapTile TileID="221" AltIDMod="0" />
    </MapTiles>
    <StaticTiles />
  </TransInfo>
  <TransInfo Description="Jungle-Rock-Small Dirt" HashKey="0808080808080A0A12">
    <MapTiles>
      <MapTile TileID="622" AltIDMod="0" />
    </MapTiles>
    <StaticTiles />
  </TransInfo>
  <TransInfo Description="Jungle-Rock-Small Dirt" HashKey="0A1212080808080808">
    <MapTiles>
      <MapTile TileID="223" AltIDMod="0" />
    </MapTiles>
    <StaticTiles />
  </TransInfo>
  <TransInfo Description="Jungle-Rock-Small Dirt" HashKey="12120A12120A080808">
    <MapTiles>
      <MapTile TileID="255" AltIDMod="0" />
    </MapTiles>
    <StaticTiles />
  </TransInfo>
  <TransInfo Description="Jungle-Rock-Small Dirt" HashKey="08080A08080A080812">
    <MapTiles>
      <MapTile TileID="623" AltIDMod="0" />
    </MapTiles>
    <StaticTiles />
  </TransInfo>
  <TransInfo Description="Jungle-Rock-Small Dirt" HashKey="120A0A080808080808">
    <MapTiles>
      <MapTile TileID="625" AltIDMod="0" />
    </MapTiles>
    <StaticTiles />
  </TransInfo>
</Trans>