﻿<?xml version="1.0" encoding="utf-8"?>
<Trans>
    <TransInfo Description="Small Dirt to Goblin Forest SN" HashKey="3D3D3D080808080808">
    <MapTiles>
      <MapTile TileID="360" AltIDMod="0" />
    </MapTiles>
    <StaticTiles />
  </TransInfo>
  <TransInfo Description="Small Dirt to Goblin Forest SN" HashKey="083D3D080808080808">
    <MapTiles>
      <MapTile TileID="360" AltIDMod="0" />
    </MapTiles>
    <StaticTiles />
  </TransInfo>
  <TransInfo Description="Small Dirt to Goblin Forest SN" HashKey="3D3D08080808080808">
    <MapTiles>
      <MapTile TileID="360" AltIDMod="0" />
    </MapTiles>
    <StaticTiles />
  </TransInfo>
  <TransInfo Description="Small Dirt to Goblin Forest SN" HashKey="083D08080808080808">
    <MapTiles>
      <MapTile TileID="360" AltIDMod="0" />
    </MapTiles>
    <StaticTiles />
  </TransInfo>
  <TransInfo Description="Small Dirt to Goblin Forest SN" HashKey="3D083D080808080808">
    <MapTiles>
      <MapTile TileID="360" AltIDMod="0" />
    </MapTiles>
    <StaticTiles />
  </TransInfo>
  <TransInfo Description="Small Dirt to Goblin Forest EW" HashKey="3D08083D08083D0808">
    <MapTiles>
      <MapTile TileID="359" AltIDMod="0" />
    </MapTiles>
    <StaticTiles />
  </TransInfo>
  <TransInfo Description="Small Dirt to Goblin Forest EW" HashKey="3D08083D0808080808">
    <MapTiles>
      <MapTile TileID="359" AltIDMod="0" />
    </MapTiles>
    <StaticTiles />
  </TransInfo>
  <TransInfo Description="Small Dirt to Goblin Forest EW" HashKey="0808083D08083D0808">
    <MapTiles>
      <MapTile TileID="359" AltIDMod="0" />
    </MapTiles>
    <StaticTiles />
  </TransInfo>
  <TransInfo Description="Small Dirt to Goblin Forest EW" HashKey="0808083D0808080808">
    <MapTiles>
      <MapTile TileID="359" AltIDMod="0" />
    </MapTiles>
    <StaticTiles />
  </TransInfo>
  <TransInfo Description="Small Dirt to Goblin Forest EW" HashKey="3D08080808083D0808">
    <MapTiles>
      <MapTile TileID="359" AltIDMod="0" />
    </MapTiles>
    <StaticTiles />
  </TransInfo>
  <TransInfo Description="Small Dirt to Goblin Forest WE" HashKey="08083D08083D08083D">
    <MapTiles>
      <MapTile TileID="358" AltIDMod="0" />
    </MapTiles>
    <StaticTiles />
  </TransInfo>
  <TransInfo Description="Small Dirt to Goblin Forest WE" HashKey="08080808083D08083D">
    <MapTiles>
      <MapTile TileID="358" AltIDMod="0" />
    </MapTiles>
    <StaticTiles />
  </TransInfo>
  <TransInfo Description="Small Dirt to Goblin Forest WE" HashKey="08083D08083D080808">
    <MapTiles>
      <MapTile TileID="358" AltIDMod="0" />
    </MapTiles>
    <StaticTiles />
  </TransInfo>
  <TransInfo Description="Small Dirt to Goblin Forest WE" HashKey="08080808083D080808">
    <MapTiles>
      <MapTile TileID="358" AltIDMod="0" />
    </MapTiles>
    <StaticTiles />
  </TransInfo>
  <TransInfo Description="Small Dirt to Goblin Forest WE" HashKey="08083D08080808083D">
    <MapTiles>
      <MapTile TileID="358" AltIDMod="0" />
    </MapTiles>
    <StaticTiles />
  </TransInfo>
  <TransInfo Description="Small Dirt to Goblin Forest NS" HashKey="0808080808083D3D3D">
    <MapTiles>
      <MapTile TileID="357" AltIDMod="0" />
    </MapTiles>
    <StaticTiles />
  </TransInfo>
  <TransInfo Description="Small Dirt to Goblin Forest NS" HashKey="0808080808083D3D08">
    <MapTiles>
      <MapTile TileID="357" AltIDMod="0" />
    </MapTiles>
    <StaticTiles />
  </TransInfo>
  <TransInfo Description="Small Dirt to Goblin Forest NS" HashKey="080808080808083D3D">
    <MapTiles>
      <MapTile TileID="357" AltIDMod="0" />
    </MapTiles>
    <StaticTiles />
  </TransInfo>
  <TransInfo Description="Small Dirt to Goblin Forest NS" HashKey="080808080808083D08">
    <MapTiles>
      <MapTile TileID="357" AltIDMod="0" />
    </MapTiles>
    <StaticTiles />
  </TransInfo>
  <TransInfo Description="Small Dirt to Goblin Forest NS" HashKey="0808080808083D083D">
    <MapTiles>
      <MapTile TileID="357" AltIDMod="0" />
    </MapTiles>
    <StaticTiles />
  </TransInfo>
  <TransInfo Description="Small Dirt to Goblin Forest NWA" HashKey="08083D08083D3D3D3D">
    <MapTiles>
      <MapTile TileID="355" AltIDMod="0" />
    </MapTiles>
    <StaticTiles />
  </TransInfo>
  <TransInfo Description="Small Dirt to Goblin Forest NWA" HashKey="08080808083D3D3D3D">
    <MapTiles>
      <MapTile TileID="355" AltIDMod="0" />
    </MapTiles>
    <StaticTiles />
  </TransInfo>
  <TransInfo Description="Small Dirt to Goblin Forest NWA" HashKey="08083D08083D083D3D">
    <MapTiles>
      <MapTile TileID="355" AltIDMod="0" />
    </MapTiles>
    <StaticTiles />
  </TransInfo>
  <TransInfo Description="Small Dirt to Goblin Forest NWA" HashKey="08080808083D083D3D">
    <MapTiles>
      <MapTile TileID="355" AltIDMod="0" />
    </MapTiles>
    <StaticTiles />
  </TransInfo>
  <TransInfo Description="Small Dirt to Goblin Forest NWA" HashKey="08080808083D083D08">
    <MapTiles>
      <MapTile TileID="355" AltIDMod="0" />
    </MapTiles>
    <StaticTiles />
  </TransInfo>
  <TransInfo Description="Small Dirt to Goblin Forest NWA" HashKey="08083D080808083D3D">
    <MapTiles>
      <MapTile TileID="355" AltIDMod="0" />
    </MapTiles>
    <StaticTiles />
  </TransInfo>
  <TransInfo Description="Small Dirt to Goblin Forest NWA" HashKey="08083D0808083D3D3D">
    <MapTiles>
      <MapTile TileID="355" AltIDMod="0" />
    </MapTiles>
    <StaticTiles />
  </TransInfo>
  <TransInfo Description="Small Dirt to Goblin Forest NWA" HashKey="08083D0808083D3D08">
    <MapTiles>
      <MapTile TileID="355" AltIDMod="0" />
    </MapTiles>
    <StaticTiles />
  </TransInfo>
  <TransInfo Description="Small Dirt to Goblin Forest NWA" HashKey="08080808083D3D083D">
    <MapTiles>
      <MapTile TileID="355" AltIDMod="0" />
    </MapTiles>
    <StaticTiles />
  </TransInfo>
  <TransInfo Description="Small Dirt to Goblin Forest NWA" HashKey="08083D08083D3D083D">
    <MapTiles>
      <MapTile TileID="355" AltIDMod="0" />
    </MapTiles>
    <StaticTiles />
  </TransInfo>
  <TransInfo Description="Small Dirt to Goblin Forest NWA" HashKey="08083D08083D3D3D08">
    <MapTiles>
      <MapTile TileID="355" AltIDMod="0" />
    </MapTiles>
    <StaticTiles />
  </TransInfo>
  <TransInfo Description="Small Dirt to Goblin Forest NWA" HashKey="08083D08083D3D0808">
    <MapTiles>
      <MapTile TileID="355" AltIDMod="0" />
    </MapTiles>
    <StaticTiles />
  </TransInfo>
  <TransInfo Description="Small Dirt to Goblin Forest NWA" HashKey="08083D080808083D08">
    <MapTiles>
      <MapTile TileID="355" AltIDMod="0" />
    </MapTiles>
    <StaticTiles />
  </TransInfo>
  <TransInfo Description="Small Dirt to Goblin Forest NWA" HashKey="08080808083D3D0808">
    <MapTiles>
      <MapTile TileID="355" AltIDMod="0" />
    </MapTiles>
    <StaticTiles />
  </TransInfo>
  <TransInfo Description="Small Dirt to Goblin Forest NWA" HashKey="08083D08083D083D08">
    <MapTiles>
      <MapTile TileID="355" AltIDMod="0" />
    </MapTiles>
    <StaticTiles />
  </TransInfo>
  <TransInfo Description="Small Dirt to Goblin Forest NWA" HashKey="08083D0808083D083D">
    <MapTiles>
      <MapTile TileID="355" AltIDMod="0" />
    </MapTiles>
    <StaticTiles />
  </TransInfo>
  <TransInfo Description="Small Dirt to Goblin Forest NWA" HashKey="08080808083D3D3D08">
    <MapTiles>
      <MapTile TileID="355" AltIDMod="0" />
    </MapTiles>
    <StaticTiles />
  </TransInfo>
  <TransInfo Description="Small Dirt to Goblin Forest SEA" HashKey="3D3D3D3D08083D0808">
    <MapTiles>
      <MapTile TileID="356" AltIDMod="0" />
    </MapTiles>
    <StaticTiles />
  </TransInfo>
  <TransInfo Description="Small Dirt to Goblin Forest SEA" HashKey="3D3D083D08083D0808">
    <MapTiles>
      <MapTile TileID="356" AltIDMod="0" />
    </MapTiles>
    <StaticTiles />
  </TransInfo>
  <TransInfo Description="Small Dirt to Goblin Forest SEA" HashKey="3D3D3D3D0808080808">
    <MapTiles>
      <MapTile TileID="356" AltIDMod="0" />
    </MapTiles>
    <StaticTiles />
  </TransInfo>
  <TransInfo Description="Small Dirt to Goblin Forest SEA" HashKey="3D3D083D0808080808">
    <MapTiles>
      <MapTile TileID="356" AltIDMod="0" />
    </MapTiles>
    <StaticTiles />
  </TransInfo>
  <TransInfo Description="Small Dirt to Goblin Forest SEA" HashKey="3D083D3D0808080808">
    <MapTiles>
      <MapTile TileID="356" AltIDMod="0" />
    </MapTiles>
    <StaticTiles />
  </TransInfo>
  <TransInfo Description="Small Dirt to Goblin Forest SEA" HashKey="3D3D080808083D0808">
    <MapTiles>
      <MapTile TileID="356" AltIDMod="0" />
    </MapTiles>
    <StaticTiles />
  </TransInfo>
  <TransInfo Description="Small Dirt to Goblin Forest SEA" HashKey="083D3D0808083D0808">
    <MapTiles>
      <MapTile TileID="356" AltIDMod="0" />
    </MapTiles>
    <StaticTiles />
  </TransInfo>
  <TransInfo Description="Small Dirt to Goblin Forest SEA" HashKey="3D083D0808083D0808">
    <MapTiles>
      <MapTile TileID="356" AltIDMod="0" />
    </MapTiles>
    <StaticTiles />
  </TransInfo>
  <TransInfo Description="Small Dirt to Goblin Forest SEA" HashKey="3D3D3D0808083D0808">
    <MapTiles>
      <MapTile TileID="356" AltIDMod="0" />
    </MapTiles>
    <StaticTiles />
  </TransInfo>
  <TransInfo Description="Small Dirt to Goblin Forest SEA" HashKey="083D083D0808080808">
    <MapTiles>
      <MapTile TileID="356" AltIDMod="0" />
    </MapTiles>
    <StaticTiles />
  </TransInfo>
  <TransInfo Description="Small Dirt to Goblin Forest SEA" HashKey="3D083D3D08083D0808">
    <MapTiles>
      <MapTile TileID="356" AltIDMod="0" />
    </MapTiles>
    <StaticTiles />
  </TransInfo>
  <TransInfo Description="Small Dirt to Goblin Forest SEA" HashKey="08083D3D08083D0808">
    <MapTiles>
      <MapTile TileID="356" AltIDMod="0" />
    </MapTiles>
    <StaticTiles />
  </TransInfo>
  <TransInfo Description="Small Dirt to Goblin Forest SEA" HashKey="083D3D3D08083D0808">
    <MapTiles>
      <MapTile TileID="356" AltIDMod="0" />
    </MapTiles>
    <StaticTiles />
  </TransInfo>
  <TransInfo Description="Small Dirt to Goblin Forest SEA" HashKey="08083D3D0808080808">
    <MapTiles>
      <MapTile TileID="356" AltIDMod="0" />
    </MapTiles>
    <StaticTiles />
  </TransInfo>
  <TransInfo Description="Small Dirt to Goblin Forest SEA" HashKey="083D083D08083D0808">
    <MapTiles>
      <MapTile TileID="356" AltIDMod="0" />
    </MapTiles>
    <StaticTiles />
  </TransInfo>
  <TransInfo Description="Small Dirt to Goblin Forest SEA" HashKey="083D080808083D0808">
    <MapTiles>
      <MapTile TileID="356" AltIDMod="0" />
    </MapTiles>
    <StaticTiles />
  </TransInfo>
  <TransInfo Description="Small Dirt to Goblin Forest SEA" HashKey="083D3D3D0808080808">
    <MapTiles>
      <MapTile TileID="356" AltIDMod="0" />
    </MapTiles>
    <StaticTiles />
  </TransInfo>
  <TransInfo Description="Small Dirt to Goblin Forest NEA" HashKey="3D08083D08083D3D3D">
    <MapTiles>
      <MapTile TileID="354" AltIDMod="0" />
    </MapTiles>
    <StaticTiles />
  </TransInfo>
  <TransInfo Description="Small Dirt to Goblin Forest NEA" HashKey="0808083D08083D3D3D">
    <MapTiles>
      <MapTile TileID="354" AltIDMod="0" />
    </MapTiles>
    <StaticTiles />
  </TransInfo>
  <TransInfo Description="Small Dirt to Goblin Forest NEA" HashKey="3D08083D08083D3D08">
    <MapTiles>
      <MapTile TileID="354" AltIDMod="0" />
    </MapTiles>
    <StaticTiles />
  </TransInfo>
  <TransInfo Description="Small Dirt to Goblin Forest NEA" HashKey="0808083D08083D3D08">
    <MapTiles>
      <MapTile TileID="354" AltIDMod="0" />
    </MapTiles>
    <StaticTiles />
  </TransInfo>
  <TransInfo Description="Small Dirt to Goblin Forest NEA" HashKey="0808083D0808083D08">
    <MapTiles>
      <MapTile TileID="354" AltIDMod="0" />
    </MapTiles>
    <StaticTiles />
  </TransInfo>
  <TransInfo Description="Small Dirt to Goblin Forest NEA" HashKey="3D08083D080808083D">
    <MapTiles>
      <MapTile TileID="354" AltIDMod="0" />
    </MapTiles>
    <StaticTiles />
  </TransInfo>
  <TransInfo Description="Small Dirt to Goblin Forest NEA" HashKey="3D08080808083D3D3D">
    <MapTiles>
      <MapTile TileID="354" AltIDMod="0" />
    </MapTiles>
    <StaticTiles />
  </TransInfo>
  <TransInfo Description="Small Dirt to Goblin Forest NEA" HashKey="3D08080808083D3D08">
    <MapTiles>
      <MapTile TileID="354" AltIDMod="0" />
    </MapTiles>
    <StaticTiles />
  </TransInfo>
  <TransInfo Description="Small Dirt to Goblin Forest NEA" HashKey="3D0808080808083D08">
    <MapTiles>
      <MapTile TileID="354" AltIDMod="0" />
    </MapTiles>
    <StaticTiles />
  </TransInfo>
  <TransInfo Description="Small Dirt to Goblin Forest NEA" HashKey="0808083D08083D083D">
    <MapTiles>
      <MapTile TileID="354" AltIDMod="0" />
    </MapTiles>
    <StaticTiles />
  </TransInfo>
  <TransInfo Description="Small Dirt to Goblin Forest NEA" HashKey="3D08083D08083D083D">
    <MapTiles>
      <MapTile TileID="354" AltIDMod="0" />
    </MapTiles>
    <StaticTiles />
  </TransInfo>
  <TransInfo Description="Small Dirt to Goblin Forest NEA" HashKey="3D0808080808083D3D">
    <MapTiles>
      <MapTile TileID="354" AltIDMod="0" />
    </MapTiles>
    <StaticTiles />
  </TransInfo>
  <TransInfo Description="Small Dirt to Goblin Forest NEA" HashKey="3D08083D0808083D3D">
    <MapTiles>
      <MapTile TileID="354" AltIDMod="0" />
    </MapTiles>
    <StaticTiles />
  </TransInfo>
  <TransInfo Description="Small Dirt to Goblin Forest NEA" HashKey="0808083D0808083D3D">
    <MapTiles>
      <MapTile TileID="354" AltIDMod="0" />
    </MapTiles>
    <StaticTiles />
  </TransInfo>
  <TransInfo Description="Small Dirt to Goblin Forest NEA" HashKey="0808083D080808083D">
    <MapTiles>
      <MapTile TileID="354" AltIDMod="0" />
    </MapTiles>
    <StaticTiles />
  </TransInfo>
  <TransInfo Description="Small Dirt to Goblin Forest NEA" HashKey="3D08080808083D083D">
    <MapTiles>
      <MapTile TileID="354" AltIDMod="0" />
    </MapTiles>
    <StaticTiles />
  </TransInfo>
  <TransInfo Description="Small Dirt to Goblin Forest NEA" HashKey="3D08083D0808083D08">
    <MapTiles>
      <MapTile TileID="354" AltIDMod="0" />
    </MapTiles>
    <StaticTiles />
  </TransInfo>
  <TransInfo Description="Small Dirt to Goblin Forest SWA" HashKey="3D3D3D08083D08083D">
    <MapTiles>
      <MapTile TileID="353" AltIDMod="0" />
    </MapTiles>
    <StaticTiles />
  </TransInfo>
  <TransInfo Description="Small Dirt to Goblin Forest SWA" HashKey="3D3D3D08083D080808">
    <MapTiles>
      <MapTile TileID="353" AltIDMod="0" />
    </MapTiles>
    <StaticTiles />
  </TransInfo>
  <TransInfo Description="Small Dirt to Goblin Forest SWA" HashKey="083D3D08083D08083D">
    <MapTiles>
      <MapTile TileID="353" AltIDMod="0" />
    </MapTiles>
    <StaticTiles />
  </TransInfo>
  <TransInfo Description="Small Dirt to Goblin Forest SWA" HashKey="083D3D08083D080808">
    <MapTiles>
      <MapTile TileID="353" AltIDMod="0" />
    </MapTiles>
    <StaticTiles />
  </TransInfo>
  <TransInfo Description="Small Dirt to Goblin Forest SWA" HashKey="3D080808083D08083D">
    <MapTiles>
      <MapTile TileID="353" AltIDMod="0" />
    </MapTiles>
    <StaticTiles />
  </TransInfo>
  <TransInfo Description="Small Dirt to Goblin Forest SWA" HashKey="3D083D08083D080808">
    <MapTiles>
      <MapTile TileID="353" AltIDMod="0" />
    </MapTiles>
    <StaticTiles />
  </TransInfo>
  <TransInfo Description="Small Dirt to Goblin Forest SWA" HashKey="3D083D08083D08083D">
    <MapTiles>
      <MapTile TileID="353" AltIDMod="0" />
    </MapTiles>
    <StaticTiles />
  </TransInfo>
  <TransInfo Description="Small Dirt to Goblin Forest SWA" HashKey="3D3D0808080808083D">
    <MapTiles>
      <MapTile TileID="353" AltIDMod="0" />
    </MapTiles>
    <StaticTiles />
  </TransInfo>
  <TransInfo Description="Small Dirt to Goblin Forest SWA" HashKey="083D0808080808083D">
    <MapTiles>
      <MapTile TileID="353" AltIDMod="0" />
    </MapTiles>
    <StaticTiles />
  </TransInfo>
  <TransInfo Description="Small Dirt to Goblin Forest SWA" HashKey="3D3D3D08080808083D">
    <MapTiles>
      <MapTile TileID="353" AltIDMod="0" />
    </MapTiles>
    <StaticTiles />
  </TransInfo>
  <TransInfo Description="Small Dirt to Goblin Forest SWA" HashKey="3D3D0808083D080808">
    <MapTiles>
      <MapTile TileID="353" AltIDMod="0" />
    </MapTiles>
    <StaticTiles />
  </TransInfo>
  <TransInfo Description="Small Dirt to Goblin Forest SWA" HashKey="083D3D08080808083D">
    <MapTiles>
      <MapTile TileID="353" AltIDMod="0" />
    </MapTiles>
    <StaticTiles />
  </TransInfo>
  <TransInfo Description="Small Dirt to Goblin Forest SWA" HashKey="083D0808083D080808">
    <MapTiles>
      <MapTile TileID="353" AltIDMod="0" />
    </MapTiles>
    <StaticTiles />
  </TransInfo>
  <TransInfo Description="Small Dirt to Goblin Forest SWA" HashKey="3D080808083D080808">
    <MapTiles>
      <MapTile TileID="353" AltIDMod="0" />
    </MapTiles>
    <StaticTiles />
  </TransInfo>
  <TransInfo Description="Small Dirt to Goblin Forest SWA" HashKey="3D083D08080808083D">
    <MapTiles>
      <MapTile TileID="353" AltIDMod="0" />
    </MapTiles>
    <StaticTiles />
  </TransInfo>
  <TransInfo Description="Small Dirt to Goblin Forest SWA" HashKey="083D0808083D08083D">
    <MapTiles>
      <MapTile TileID="353" AltIDMod="0" />
    </MapTiles>
    <StaticTiles />
  </TransInfo>
  <TransInfo Description="Small Dirt to Goblin Forest SWA" HashKey="3D3D0808083D08083D">
    <MapTiles>
      <MapTile TileID="353" AltIDMod="0" />
    </MapTiles>
    <StaticTiles />
  </TransInfo>
  <TransInfo Description="Small Dirt to Goblin Forest NWB" HashKey="3D0808080808080808">
    <MapTiles>
      <MapTile TileID="363" AltIDMod="0" />
    </MapTiles>
    <StaticTiles />
  </TransInfo>
  <TransInfo Description="Small Dirt to Goblin Forest SEB" HashKey="08080808080808083D">
    <MapTiles>
      <MapTile TileID="364" AltIDMod="0" />
    </MapTiles>
    <StaticTiles />
  </TransInfo>
  <TransInfo Description="Small Dirt to Goblin Forest NEB" HashKey="08083D080808080808">
    <MapTiles>
      <MapTile TileID="362" AltIDMod="0" />
    </MapTiles>
    <StaticTiles />
  </TransInfo>
  <TransInfo Description="Small Dirt to Goblin Forest SWB" HashKey="0808080808083D0808">
    <MapTiles>
      <MapTile TileID="361" AltIDMod="0" />
    </MapTiles>
    <StaticTiles />
  </TransInfo>
  <TransInfo Description="Small Dirt to Goblin Forest AC" HashKey="0808083D083D080808">
    <MapTiles>
      <MapTile TileID="196" AltIDMod="0" />
    </MapTiles>
    <StaticTiles />
  </TransInfo>
  <TransInfo Description="Small Dirt to Goblin Forest AC" HashKey="0808083D083D3D0808">
    <MapTiles>
      <MapTile TileID="196" AltIDMod="0" />
    </MapTiles>
    <StaticTiles />
  </TransInfo>
  <TransInfo Description="Small Dirt to Goblin Forest AC" HashKey="0808083D083D083D08">
    <MapTiles>
      <MapTile TileID="196" AltIDMod="0" />
    </MapTiles>
    <StaticTiles />
  </TransInfo>
  <TransInfo Description="Small Dirt to Goblin Forest AC" HashKey="0808083D083D3D3D08">
    <MapTiles>
      <MapTile TileID="196" AltIDMod="0" />
    </MapTiles>
    <StaticTiles />
  </TransInfo>
  <TransInfo Description="Small Dirt to Goblin Forest AC" HashKey="0808083D083D08083D">
    <MapTiles>
      <MapTile TileID="196" AltIDMod="0" />
    </MapTiles>
    <StaticTiles />
  </TransInfo>
  <TransInfo Description="Small Dirt to Goblin Forest AC" HashKey="0808083D083D3D083D">
    <MapTiles>
      <MapTile TileID="196" AltIDMod="0" />
    </MapTiles>
    <StaticTiles />
  </TransInfo>
  <TransInfo Description="Small Dirt to Goblin Forest AC" HashKey="0808083D083D083D3D">
    <MapTiles>
      <MapTile TileID="196" AltIDMod="0" />
    </MapTiles>
    <StaticTiles />
  </TransInfo>
  <TransInfo Description="Small Dirt to Goblin Forest AC" HashKey="0808083D083D3D3D3D">
    <MapTiles>
      <MapTile TileID="196" AltIDMod="0" />
    </MapTiles>
    <StaticTiles />
  </TransInfo>
  <TransInfo Description="Small Dirt to Goblin Forest AC" HashKey="08083D3D0808083D08">
    <MapTiles>
      <MapTile TileID="196" AltIDMod="0" />
    </MapTiles>
    <StaticTiles />
  </TransInfo>
  <TransInfo Description="Small Dirt to Goblin Forest AC" HashKey="08083D3D08083D3D08">
    <MapTiles>
      <MapTile TileID="196" AltIDMod="0" />
    </MapTiles>
    <StaticTiles />
  </TransInfo>
  <TransInfo Description="Small Dirt to Goblin Forest AC" HashKey="08083D3D080808083D">
    <MapTiles>
      <MapTile TileID="196" AltIDMod="0" />
    </MapTiles>
    <StaticTiles />
  </TransInfo>
  <TransInfo Description="Small Dirt to Goblin Forest AC" HashKey="08083D3D08083D083D">
    <MapTiles>
      <MapTile TileID="196" AltIDMod="0" />
    </MapTiles>
    <StaticTiles />
  </TransInfo>
  <TransInfo Description="Small Dirt to Goblin Forest AC" HashKey="08083D3D0808083D3D">
    <MapTiles>
      <MapTile TileID="196" AltIDMod="0" />
    </MapTiles>
    <StaticTiles />
  </TransInfo>
  <TransInfo Description="Small Dirt to Goblin Forest AC" HashKey="08083D3D08083D3D3D">
    <MapTiles>
      <MapTile TileID="196" AltIDMod="0" />
    </MapTiles>
    <StaticTiles />
  </TransInfo>
  <TransInfo Description="Small Dirt to Goblin Forest AC" HashKey="08083D3D083D080808">
    <MapTiles>
      <MapTile TileID="196" AltIDMod="0" />
    </MapTiles>
    <StaticTiles />
  </TransInfo>
  <TransInfo Description="Small Dirt to Goblin Forest AC" HashKey="08083D3D083D3D0808">
    <MapTiles>
      <MapTile TileID="196" AltIDMod="0" />
    </MapTiles>
    <StaticTiles />
  </TransInfo>
  <TransInfo Description="Small Dirt to Goblin Forest AC" HashKey="08083D3D083D083D08">
    <MapTiles>
      <MapTile TileID="196" AltIDMod="0" />
    </MapTiles>
    <StaticTiles />
  </TransInfo>
  <TransInfo Description="Small Dirt to Goblin Forest AC" HashKey="08083D3D083D3D3D08">
    <MapTiles>
      <MapTile TileID="196" AltIDMod="0" />
    </MapTiles>
    <StaticTiles />
  </TransInfo>
  <TransInfo Description="Small Dirt to Goblin Forest AC" HashKey="08083D3D083D08083D">
    <MapTiles>
      <MapTile TileID="196" AltIDMod="0" />
    </MapTiles>
    <StaticTiles />
  </TransInfo>
  <TransInfo Description="Small Dirt to Goblin Forest AC" HashKey="08083D3D083D3D083D">
    <MapTiles>
      <MapTile TileID="196" AltIDMod="0" />
    </MapTiles>
    <StaticTiles />
  </TransInfo>
  <TransInfo Description="Small Dirt to Goblin Forest AC" HashKey="08083D3D083D083D3D">
    <MapTiles>
      <MapTile TileID="196" AltIDMod="0" />
    </MapTiles>
    <StaticTiles />
  </TransInfo>
  <TransInfo Description="Small Dirt to Goblin Forest AC" HashKey="08083D3D083D3D3D3D">
    <MapTiles>
      <MapTile TileID="196" AltIDMod="0" />
    </MapTiles>
    <StaticTiles />
  </TransInfo>
  <TransInfo Description="Small Dirt to Goblin Forest AC" HashKey="083D08080808083D08">
    <MapTiles>
      <MapTile TileID="196" AltIDMod="0" />
    </MapTiles>
    <StaticTiles />
  </TransInfo>
  <TransInfo Description="Small Dirt to Goblin Forest AC" HashKey="083D083D0808083D08">
    <MapTiles>
      <MapTile TileID="196" AltIDMod="0" />
    </MapTiles>
    <StaticTiles />
  </TransInfo>
  <TransInfo Description="Small Dirt to Goblin Forest AC" HashKey="083D080808083D3D08">
    <MapTiles>
      <MapTile TileID="196" AltIDMod="0" />
    </MapTiles>
    <StaticTiles />
  </TransInfo>
  <TransInfo Description="Small Dirt to Goblin Forest AC" HashKey="083D083D08083D3D08">
    <MapTiles>
      <MapTile TileID="196" AltIDMod="0" />
    </MapTiles>
    <StaticTiles />
  </TransInfo>
  <TransInfo Description="Small Dirt to Goblin Forest AC" HashKey="083D083D080808083D">
    <MapTiles>
      <MapTile TileID="196" AltIDMod="0" />
    </MapTiles>
    <StaticTiles />
  </TransInfo>
  <TransInfo Description="Small Dirt to Goblin Forest AC" HashKey="083D080808083D083D">
    <MapTiles>
      <MapTile TileID="196" AltIDMod="0" />
    </MapTiles>
    <StaticTiles />
  </TransInfo>
  <TransInfo Description="Small Dirt to Goblin Forest AC" HashKey="083D083D08083D083D">
    <MapTiles>
      <MapTile TileID="196" AltIDMod="0" />
    </MapTiles>
    <StaticTiles />
  </TransInfo>
  <TransInfo Description="Small Dirt to Goblin Forest AC" HashKey="083D08080808083D3D">
    <MapTiles>
      <MapTile TileID="196" AltIDMod="0" />
    </MapTiles>
    <StaticTiles />
  </TransInfo>
  <TransInfo Description="Small Dirt to Goblin Forest AC" HashKey="083D083D0808083D3D">
    <MapTiles>
      <MapTile TileID="196" AltIDMod="0" />
    </MapTiles>
    <StaticTiles />
  </TransInfo>
  <TransInfo Description="Small Dirt to Goblin Forest AC" HashKey="083D080808083D3D3D">
    <MapTiles>
      <MapTile TileID="196" AltIDMod="0" />
    </MapTiles>
    <StaticTiles />
  </TransInfo>
  <TransInfo Description="Small Dirt to Goblin Forest AC" HashKey="083D083D08083D3D3D">
    <MapTiles>
      <MapTile TileID="196" AltIDMod="0" />
    </MapTiles>
    <StaticTiles />
  </TransInfo>
  <TransInfo Description="Small Dirt to Goblin Forest AC" HashKey="083D083D083D080808">
    <MapTiles>
      <MapTile TileID="196" AltIDMod="0" />
    </MapTiles>
    <StaticTiles />
  </TransInfo>
  <TransInfo Description="Small Dirt to Goblin Forest AC" HashKey="083D0808083D3D0808">
    <MapTiles>
      <MapTile TileID="196" AltIDMod="0" />
    </MapTiles>
    <StaticTiles />
  </TransInfo>
  <TransInfo Description="Small Dirt to Goblin Forest AC" HashKey="083D083D083D3D0808">
    <MapTiles>
      <MapTile TileID="196" AltIDMod="0" />
    </MapTiles>
    <StaticTiles />
  </TransInfo>
  <TransInfo Description="Small Dirt to Goblin Forest AC" HashKey="083D0808083D083D08">
    <MapTiles>
      <MapTile TileID="196" AltIDMod="0" />
    </MapTiles>
    <StaticTiles />
  </TransInfo>
  <TransInfo Description="Small Dirt to Goblin Forest AC" HashKey="083D083D083D083D08">
    <MapTiles>
      <MapTile TileID="196" AltIDMod="0" />
    </MapTiles>
    <StaticTiles />
  </TransInfo>
  <TransInfo Description="Small Dirt to Goblin Forest AC" HashKey="083D0808083D3D3D08">
    <MapTiles>
      <MapTile TileID="196" AltIDMod="0" />
    </MapTiles>
    <StaticTiles />
  </TransInfo>
  <TransInfo Description="Small Dirt to Goblin Forest AC" HashKey="083D083D083D3D3D08">
    <MapTiles>
      <MapTile TileID="196" AltIDMod="0" />
    </MapTiles>
    <StaticTiles />
  </TransInfo>
  <TransInfo Description="Small Dirt to Goblin Forest AC" HashKey="083D083D083D08083D">
    <MapTiles>
      <MapTile TileID="196" AltIDMod="0" />
    </MapTiles>
    <StaticTiles />
  </TransInfo>
  <TransInfo Description="Small Dirt to Goblin Forest AC" HashKey="083D0808083D3D083D">
    <MapTiles>
      <MapTile TileID="196" AltIDMod="0" />
    </MapTiles>
    <StaticTiles />
  </TransInfo>
  <TransInfo Description="Small Dirt to Goblin Forest AC" HashKey="083D083D083D3D083D">
    <MapTiles>
      <MapTile TileID="196" AltIDMod="0" />
    </MapTiles>
    <StaticTiles />
  </TransInfo>
  <TransInfo Description="Small Dirt to Goblin Forest AC" HashKey="083D0808083D083D3D">
    <MapTiles>
      <MapTile TileID="196" AltIDMod="0" />
    </MapTiles>
    <StaticTiles />
  </TransInfo>
  <TransInfo Description="Small Dirt to Goblin Forest AC" HashKey="083D083D083D083D3D">
    <MapTiles>
      <MapTile TileID="196" AltIDMod="0" />
    </MapTiles>
    <StaticTiles />
  </TransInfo>
  <TransInfo Description="Small Dirt to Goblin Forest AC" HashKey="083D0808083D3D3D3D">
    <MapTiles>
      <MapTile TileID="196" AltIDMod="0" />
    </MapTiles>
    <StaticTiles />
  </TransInfo>
  <TransInfo Description="Small Dirt to Goblin Forest AC" HashKey="083D083D083D3D3D3D">
    <MapTiles>
      <MapTile TileID="196" AltIDMod="0" />
    </MapTiles>
    <StaticTiles />
  </TransInfo>
  <TransInfo Description="Small Dirt to Goblin Forest AC" HashKey="083D3D080808083D08">
    <MapTiles>
      <MapTile TileID="196" AltIDMod="0" />
    </MapTiles>
    <StaticTiles />
  </TransInfo>
  <TransInfo Description="Small Dirt to Goblin Forest AC" HashKey="083D3D3D0808083D08">
    <MapTiles>
      <MapTile TileID="196" AltIDMod="0" />
    </MapTiles>
    <StaticTiles />
  </TransInfo>
  <TransInfo Description="Small Dirt to Goblin Forest AC" HashKey="083D3D0808083D3D08">
    <MapTiles>
      <MapTile TileID="196" AltIDMod="0" />
    </MapTiles>
    <StaticTiles />
  </TransInfo>
  <TransInfo Description="Small Dirt to Goblin Forest AC" HashKey="083D3D3D08083D3D08">
    <MapTiles>
      <MapTile TileID="196" AltIDMod="0" />
    </MapTiles>
    <StaticTiles />
  </TransInfo>
  <TransInfo Description="Small Dirt to Goblin Forest AC" HashKey="083D3D3D080808083D">
    <MapTiles>
      <MapTile TileID="196" AltIDMod="0" />
    </MapTiles>
    <StaticTiles />
  </TransInfo>
  <TransInfo Description="Small Dirt to Goblin Forest AC" HashKey="083D3D0808083D083D">
    <MapTiles>
      <MapTile TileID="196" AltIDMod="0" />
    </MapTiles>
    <StaticTiles />
  </TransInfo>
  <TransInfo Description="Small Dirt to Goblin Forest AC" HashKey="083D3D3D08083D083D">
    <MapTiles>
      <MapTile TileID="196" AltIDMod="0" />
    </MapTiles>
    <StaticTiles />
  </TransInfo>
  <TransInfo Description="Small Dirt to Goblin Forest AC" HashKey="083D3D080808083D3D">
    <MapTiles>
      <MapTile TileID="196" AltIDMod="0" />
    </MapTiles>
    <StaticTiles />
  </TransInfo>
  <TransInfo Description="Small Dirt to Goblin Forest AC" HashKey="083D3D3D0808083D3D">
    <MapTiles>
      <MapTile TileID="196" AltIDMod="0" />
    </MapTiles>
    <StaticTiles />
  </TransInfo>
  <TransInfo Description="Small Dirt to Goblin Forest AC" HashKey="083D3D0808083D3D3D">
    <MapTiles>
      <MapTile TileID="196" AltIDMod="0" />
    </MapTiles>
    <StaticTiles />
  </TransInfo>
  <TransInfo Description="Small Dirt to Goblin Forest AC" HashKey="083D3D3D08083D3D3D">
    <MapTiles>
      <MapTile TileID="196" AltIDMod="0" />
    </MapTiles>
    <StaticTiles />
  </TransInfo>
  <TransInfo Description="Small Dirt to Goblin Forest AC" HashKey="083D3D3D083D080808">
    <MapTiles>
      <MapTile TileID="196" AltIDMod="0" />
    </MapTiles>
    <StaticTiles />
  </TransInfo>
  <TransInfo Description="Small Dirt to Goblin Forest AC" HashKey="083D3D08083D3D0808">
    <MapTiles>
      <MapTile TileID="196" AltIDMod="0" />
    </MapTiles>
    <StaticTiles />
  </TransInfo>
  <TransInfo Description="Small Dirt to Goblin Forest AC" HashKey="083D3D3D083D3D0808">
    <MapTiles>
      <MapTile TileID="196" AltIDMod="0" />
    </MapTiles>
    <StaticTiles />
  </TransInfo>
  <TransInfo Description="Small Dirt to Goblin Forest AC" HashKey="083D3D08083D083D08">
    <MapTiles>
      <MapTile TileID="196" AltIDMod="0" />
    </MapTiles>
    <StaticTiles />
  </TransInfo>
  <TransInfo Description="Small Dirt to Goblin Forest AC" HashKey="083D3D3D083D083D08">
    <MapTiles>
      <MapTile TileID="196" AltIDMod="0" />
    </MapTiles>
    <StaticTiles />
  </TransInfo>
  <TransInfo Description="Small Dirt to Goblin Forest AC" HashKey="083D3D08083D3D3D08">
    <MapTiles>
      <MapTile TileID="196" AltIDMod="0" />
    </MapTiles>
    <StaticTiles />
  </TransInfo>
  <TransInfo Description="Small Dirt to Goblin Forest AC" HashKey="083D3D3D083D3D3D08">
    <MapTiles>
      <MapTile TileID="196" AltIDMod="0" />
    </MapTiles>
    <StaticTiles />
  </TransInfo>
  <TransInfo Description="Small Dirt to Goblin Forest AC" HashKey="083D3D3D083D08083D">
    <MapTiles>
      <MapTile TileID="196" AltIDMod="0" />
    </MapTiles>
    <StaticTiles />
  </TransInfo>
  <TransInfo Description="Small Dirt to Goblin Forest AC" HashKey="083D3D08083D3D083D">
    <MapTiles>
      <MapTile TileID="196" AltIDMod="0" />
    </MapTiles>
    <StaticTiles />
  </TransInfo>
  <TransInfo Description="Small Dirt to Goblin Forest AC" HashKey="083D3D3D083D3D083D">
    <MapTiles>
      <MapTile TileID="196" AltIDMod="0" />
    </MapTiles>
    <StaticTiles />
  </TransInfo>
  <TransInfo Description="Small Dirt to Goblin Forest AC" HashKey="083D3D08083D083D3D">
    <MapTiles>
      <MapTile TileID="196" AltIDMod="0" />
    </MapTiles>
    <StaticTiles />
  </TransInfo>
  <TransInfo Description="Small Dirt to Goblin Forest AC" HashKey="083D3D3D083D083D3D">
    <MapTiles>
      <MapTile TileID="196" AltIDMod="0" />
    </MapTiles>
    <StaticTiles />
  </TransInfo>
  <TransInfo Description="Small Dirt to Goblin Forest AC" HashKey="083D3D08083D3D3D3D">
    <MapTiles>
      <MapTile TileID="196" AltIDMod="0" />
    </MapTiles>
    <StaticTiles />
  </TransInfo>
  <TransInfo Description="Small Dirt to Goblin Forest AC" HashKey="083D3D3D083D3D3D3D">
    <MapTiles>
      <MapTile TileID="196" AltIDMod="0" />
    </MapTiles>
    <StaticTiles />
  </TransInfo>
  <TransInfo Description="Small Dirt to Goblin Forest AC" HashKey="3D08083D083D080808">
    <MapTiles>
      <MapTile TileID="196" AltIDMod="0" />
    </MapTiles>
    <StaticTiles />
  </TransInfo>
  <TransInfo Description="Small Dirt to Goblin Forest AC" HashKey="3D080808083D3D0808">
    <MapTiles>
      <MapTile TileID="196" AltIDMod="0" />
    </MapTiles>
    <StaticTiles />
  </TransInfo>
  <TransInfo Description="Small Dirt to Goblin Forest AC" HashKey="3D08083D083D3D0808">
    <MapTiles>
      <MapTile TileID="196" AltIDMod="0" />
    </MapTiles>
    <StaticTiles />
  </TransInfo>
  <TransInfo Description="Small Dirt to Goblin Forest AC" HashKey="3D080808083D083D08">
    <MapTiles>
      <MapTile TileID="196" AltIDMod="0" />
    </MapTiles>
    <StaticTiles />
  </TransInfo>
  <TransInfo Description="Small Dirt to Goblin Forest AC" HashKey="3D08083D083D083D08">
    <MapTiles>
      <MapTile TileID="196" AltIDMod="0" />
    </MapTiles>
    <StaticTiles />
  </TransInfo>
  <TransInfo Description="Small Dirt to Goblin Forest AC" HashKey="3D080808083D3D3D08">
    <MapTiles>
      <MapTile TileID="196" AltIDMod="0" />
    </MapTiles>
    <StaticTiles />
  </TransInfo>
  <TransInfo Description="Small Dirt to Goblin Forest AC" HashKey="3D08083D083D3D3D08">
    <MapTiles>
      <MapTile TileID="196" AltIDMod="0" />
    </MapTiles>
    <StaticTiles />
  </TransInfo>
  <TransInfo Description="Small Dirt to Goblin Forest AC" HashKey="3D08083D083D08083D">
    <MapTiles>
      <MapTile TileID="196" AltIDMod="0" />
    </MapTiles>
    <StaticTiles />
  </TransInfo>
  <TransInfo Description="Small Dirt to Goblin Forest AC" HashKey="3D080808083D3D083D">
    <MapTiles>
      <MapTile TileID="196" AltIDMod="0" />
    </MapTiles>
    <StaticTiles />
  </TransInfo>
  <TransInfo Description="Small Dirt to Goblin Forest AC" HashKey="3D08083D083D3D083D">
    <MapTiles>
      <MapTile TileID="196" AltIDMod="0" />
    </MapTiles>
    <StaticTiles />
  </TransInfo>
  <TransInfo Description="Small Dirt to Goblin Forest AC" HashKey="3D080808083D083D3D">
    <MapTiles>
      <MapTile TileID="196" AltIDMod="0" />
    </MapTiles>
    <StaticTiles />
  </TransInfo>
  <TransInfo Description="Small Dirt to Goblin Forest AC" HashKey="3D08083D083D083D3D">
    <MapTiles>
      <MapTile TileID="196" AltIDMod="0" />
    </MapTiles>
    <StaticTiles />
  </TransInfo>
  <TransInfo Description="Small Dirt to Goblin Forest AC" HashKey="3D080808083D3D3D3D">
    <MapTiles>
      <MapTile TileID="196" AltIDMod="0" />
    </MapTiles>
    <StaticTiles />
  </TransInfo>
  <TransInfo Description="Small Dirt to Goblin Forest AC" HashKey="3D08083D083D3D3D3D">
    <MapTiles>
      <MapTile TileID="196" AltIDMod="0" />
    </MapTiles>
    <StaticTiles />
  </TransInfo>
  <TransInfo Description="Small Dirt to Goblin Forest AC" HashKey="3D083D080808083D08">
    <MapTiles>
      <MapTile TileID="196" AltIDMod="0" />
    </MapTiles>
    <StaticTiles />
  </TransInfo>
  <TransInfo Description="Small Dirt to Goblin Forest AC" HashKey="3D083D3D0808083D08">
    <MapTiles>
      <MapTile TileID="196" AltIDMod="0" />
    </MapTiles>
    <StaticTiles />
  </TransInfo>
  <TransInfo Description="Small Dirt to Goblin Forest AC" HashKey="3D083D0808083D3D08">
    <MapTiles>
      <MapTile TileID="196" AltIDMod="0" />
    </MapTiles>
    <StaticTiles />
  </TransInfo>
  <TransInfo Description="Small Dirt to Goblin Forest AC" HashKey="3D083D3D08083D3D08">
    <MapTiles>
      <MapTile TileID="196" AltIDMod="0" />
    </MapTiles>
    <StaticTiles />
  </TransInfo>
  <TransInfo Description="Small Dirt to Goblin Forest AC" HashKey="3D083D3D080808083D">
    <MapTiles>
      <MapTile TileID="196" AltIDMod="0" />
    </MapTiles>
    <StaticTiles />
  </TransInfo>
  <TransInfo Description="Small Dirt to Goblin Forest AC" HashKey="3D083D0808083D083D">
    <MapTiles>
      <MapTile TileID="196" AltIDMod="0" />
    </MapTiles>
    <StaticTiles />
  </TransInfo>
  <TransInfo Description="Small Dirt to Goblin Forest AC" HashKey="3D083D3D08083D083D">
    <MapTiles>
      <MapTile TileID="196" AltIDMod="0" />
    </MapTiles>
    <StaticTiles />
  </TransInfo>
  <TransInfo Description="Small Dirt to Goblin Forest AC" HashKey="3D083D080808083D3D">
    <MapTiles>
      <MapTile TileID="196" AltIDMod="0" />
    </MapTiles>
    <StaticTiles />
  </TransInfo>
  <TransInfo Description="Small Dirt to Goblin Forest AC" HashKey="3D083D3D0808083D3D">
    <MapTiles>
      <MapTile TileID="196" AltIDMod="0" />
    </MapTiles>
    <StaticTiles />
  </TransInfo>
  <TransInfo Description="Small Dirt to Goblin Forest AC" HashKey="3D083D0808083D3D3D">
    <MapTiles>
      <MapTile TileID="196" AltIDMod="0" />
    </MapTiles>
    <StaticTiles />
  </TransInfo>
  <TransInfo Description="Small Dirt to Goblin Forest AC" HashKey="3D083D3D08083D3D3D">
    <MapTiles>
      <MapTile TileID="196" AltIDMod="0" />
    </MapTiles>
    <StaticTiles />
  </TransInfo>
  <TransInfo Description="Small Dirt to Goblin Forest AC" HashKey="3D083D3D083D080808">
    <MapTiles>
      <MapTile TileID="196" AltIDMod="0" />
    </MapTiles>
    <StaticTiles />
  </TransInfo>
  <TransInfo Description="Small Dirt to Goblin Forest AC" HashKey="3D083D08083D3D0808">
    <MapTiles>
      <MapTile TileID="196" AltIDMod="0" />
    </MapTiles>
    <StaticTiles />
  </TransInfo>
  <TransInfo Description="Small Dirt to Goblin Forest AC" HashKey="3D083D3D083D3D0808">
    <MapTiles>
      <MapTile TileID="196" AltIDMod="0" />
    </MapTiles>
    <StaticTiles />
  </TransInfo>
  <TransInfo Description="Small Dirt to Goblin Forest AC" HashKey="3D083D08083D083D08">
    <MapTiles>
      <MapTile TileID="196" AltIDMod="0" />
    </MapTiles>
    <StaticTiles />
  </TransInfo>
  <TransInfo Description="Small Dirt to Goblin Forest AC" HashKey="3D083D3D083D083D08">
    <MapTiles>
      <MapTile TileID="196" AltIDMod="0" />
    </MapTiles>
    <StaticTiles />
  </TransInfo>
  <TransInfo Description="Small Dirt to Goblin Forest AC" HashKey="3D083D08083D3D3D08">
    <MapTiles>
      <MapTile TileID="196" AltIDMod="0" />
    </MapTiles>
    <StaticTiles />
  </TransInfo>
  <TransInfo Description="Small Dirt to Goblin Forest AC" HashKey="3D083D3D083D3D3D08">
    <MapTiles>
      <MapTile TileID="196" AltIDMod="0" />
    </MapTiles>
    <StaticTiles />
  </TransInfo>
  <TransInfo Description="Small Dirt to Goblin Forest AC" HashKey="3D083D3D083D08083D">
    <MapTiles>
      <MapTile TileID="196" AltIDMod="0" />
    </MapTiles>
    <StaticTiles />
  </TransInfo>
  <TransInfo Description="Small Dirt to Goblin Forest AC" HashKey="3D083D08083D3D083D">
    <MapTiles>
      <MapTile TileID="196" AltIDMod="0" />
    </MapTiles>
    <StaticTiles />
  </TransInfo>
  <TransInfo Description="Small Dirt to Goblin Forest AC" HashKey="3D083D3D083D3D083D">
    <MapTiles>
      <MapTile TileID="196" AltIDMod="0" />
    </MapTiles>
    <StaticTiles />
  </TransInfo>
  <TransInfo Description="Small Dirt to Goblin Forest AC" HashKey="3D083D08083D083D3D">
    <MapTiles>
      <MapTile TileID="196" AltIDMod="0" />
    </MapTiles>
    <StaticTiles />
  </TransInfo>
  <TransInfo Description="Small Dirt to Goblin Forest AC" HashKey="3D083D3D083D083D3D">
    <MapTiles>
      <MapTile TileID="196" AltIDMod="0" />
    </MapTiles>
    <StaticTiles />
  </TransInfo>
  <TransInfo Description="Small Dirt to Goblin Forest AC" HashKey="3D083D08083D3D3D3D">
    <MapTiles>
      <MapTile TileID="196" AltIDMod="0" />
    </MapTiles>
    <StaticTiles />
  </TransInfo>
  <TransInfo Description="Small Dirt to Goblin Forest AC" HashKey="3D083D3D083D3D3D3D">
    <MapTiles>
      <MapTile TileID="196" AltIDMod="0" />
    </MapTiles>
    <StaticTiles />
  </TransInfo>
  <TransInfo Description="Small Dirt to Goblin Forest AC" HashKey="3D3D08080808083D08">
    <MapTiles>
      <MapTile TileID="196" AltIDMod="0" />
    </MapTiles>
    <StaticTiles />
  </TransInfo>
  <TransInfo Description="Small Dirt to Goblin Forest AC" HashKey="3D3D083D0808083D08">
    <MapTiles>
      <MapTile TileID="196" AltIDMod="0" />
    </MapTiles>
    <StaticTiles />
  </TransInfo>
  <TransInfo Description="Small Dirt to Goblin Forest AC" HashKey="3D3D080808083D3D08">
    <MapTiles>
      <MapTile TileID="196" AltIDMod="0" />
    </MapTiles>
    <StaticTiles />
  </TransInfo>
  <TransInfo Description="Small Dirt to Goblin Forest AC" HashKey="3D3D083D08083D3D08">
    <MapTiles>
      <MapTile TileID="196" AltIDMod="0" />
    </MapTiles>
    <StaticTiles />
  </TransInfo>
  <TransInfo Description="Small Dirt to Goblin Forest AC" HashKey="3D3D083D080808083D">
    <MapTiles>
      <MapTile TileID="196" AltIDMod="0" />
    </MapTiles>
    <StaticTiles />
  </TransInfo>
  <TransInfo Description="Small Dirt to Goblin Forest AC" HashKey="3D3D080808083D083D">
    <MapTiles>
      <MapTile TileID="196" AltIDMod="0" />
    </MapTiles>
    <StaticTiles />
  </TransInfo>
  <TransInfo Description="Small Dirt to Goblin Forest AC" HashKey="3D3D083D08083D083D">
    <MapTiles>
      <MapTile TileID="196" AltIDMod="0" />
    </MapTiles>
    <StaticTiles />
  </TransInfo>
  <TransInfo Description="Small Dirt to Goblin Forest AC" HashKey="3D3D08080808083D3D">
    <MapTiles>
      <MapTile TileID="196" AltIDMod="0" />
    </MapTiles>
    <StaticTiles />
  </TransInfo>
  <TransInfo Description="Small Dirt to Goblin Forest AC" HashKey="3D3D083D0808083D3D">
    <MapTiles>
      <MapTile TileID="196" AltIDMod="0" />
    </MapTiles>
    <StaticTiles />
  </TransInfo>
  <TransInfo Description="Small Dirt to Goblin Forest AC" HashKey="3D3D080808083D3D3D">
    <MapTiles>
      <MapTile TileID="196" AltIDMod="0" />
    </MapTiles>
    <StaticTiles />
  </TransInfo>
  <TransInfo Description="Small Dirt to Goblin Forest AC" HashKey="3D3D083D08083D3D3D">
    <MapTiles>
      <MapTile TileID="196" AltIDMod="0" />
    </MapTiles>
    <StaticTiles />
  </TransInfo>
  <TransInfo Description="Small Dirt to Goblin Forest AC" HashKey="3D3D083D083D080808">
    <MapTiles>
      <MapTile TileID="196" AltIDMod="0" />
    </MapTiles>
    <StaticTiles />
  </TransInfo>
  <TransInfo Description="Small Dirt to Goblin Forest AC" HashKey="3D3D0808083D3D0808">
    <MapTiles>
      <MapTile TileID="196" AltIDMod="0" />
    </MapTiles>
    <StaticTiles />
  </TransInfo>
  <TransInfo Description="Small Dirt to Goblin Forest AC" HashKey="3D3D083D083D3D0808">
    <MapTiles>
      <MapTile TileID="196" AltIDMod="0" />
    </MapTiles>
    <StaticTiles />
  </TransInfo>
  <TransInfo Description="Small Dirt to Goblin Forest AC" HashKey="3D3D0808083D083D08">
    <MapTiles>
      <MapTile TileID="196" AltIDMod="0" />
    </MapTiles>
    <StaticTiles />
  </TransInfo>
  <TransInfo Description="Small Dirt to Goblin Forest AC" HashKey="3D3D083D083D083D08">
    <MapTiles>
      <MapTile TileID="196" AltIDMod="0" />
    </MapTiles>
    <StaticTiles />
  </TransInfo>
  <TransInfo Description="Small Dirt to Goblin Forest AC" HashKey="3D3D0808083D3D3D08">
    <MapTiles>
      <MapTile TileID="196" AltIDMod="0" />
    </MapTiles>
    <StaticTiles />
  </TransInfo>
  <TransInfo Description="Small Dirt to Goblin Forest AC" HashKey="3D3D083D083D3D3D08">
    <MapTiles>
      <MapTile TileID="196" AltIDMod="0" />
    </MapTiles>
    <StaticTiles />
  </TransInfo>
  <TransInfo Description="Small Dirt to Goblin Forest AC" HashKey="3D3D083D083D08083D">
    <MapTiles>
      <MapTile TileID="196" AltIDMod="0" />
    </MapTiles>
    <StaticTiles />
  </TransInfo>
  <TransInfo Description="Small Dirt to Goblin Forest AC" HashKey="3D3D0808083D3D083D">
    <MapTiles>
      <MapTile TileID="196" AltIDMod="0" />
    </MapTiles>
    <StaticTiles />
  </TransInfo>
  <TransInfo Description="Small Dirt to Goblin Forest AC" HashKey="3D3D083D083D3D083D">
    <MapTiles>
      <MapTile TileID="196" AltIDMod="0" />
    </MapTiles>
    <StaticTiles />
  </TransInfo>
  <TransInfo Description="Small Dirt to Goblin Forest AC" HashKey="3D3D0808083D083D3D">
    <MapTiles>
      <MapTile TileID="196" AltIDMod="0" />
    </MapTiles>
    <StaticTiles />
  </TransInfo>
  <TransInfo Description="Small Dirt to Goblin Forest AC" HashKey="3D3D083D083D083D3D">
    <MapTiles>
      <MapTile TileID="196" AltIDMod="0" />
    </MapTiles>
    <StaticTiles />
  </TransInfo>
  <TransInfo Description="Small Dirt to Goblin Forest AC" HashKey="3D3D0808083D3D3D3D">
    <MapTiles>
      <MapTile TileID="196" AltIDMod="0" />
    </MapTiles>
    <StaticTiles />
  </TransInfo>
  <TransInfo Description="Small Dirt to Goblin Forest AC" HashKey="3D3D083D083D3D3D3D">
    <MapTiles>
      <MapTile TileID="196" AltIDMod="0" />
    </MapTiles>
    <StaticTiles />
  </TransInfo>
  <TransInfo Description="Small Dirt to Goblin Forest AC" HashKey="3D3D3D080808083D08">
    <MapTiles>
      <MapTile TileID="196" AltIDMod="0" />
    </MapTiles>
    <StaticTiles />
  </TransInfo>
  <TransInfo Description="Small Dirt to Goblin Forest AC" HashKey="3D3D3D3D0808083D08">
    <MapTiles>
      <MapTile TileID="196" AltIDMod="0" />
    </MapTiles>
    <StaticTiles />
  </TransInfo>
  <TransInfo Description="Small Dirt to Goblin Forest AC" HashKey="3D3D3D0808083D3D08">
    <MapTiles>
      <MapTile TileID="196" AltIDMod="0" />
    </MapTiles>
    <StaticTiles />
  </TransInfo>
  <TransInfo Description="Small Dirt to Goblin Forest AC" HashKey="3D3D3D3D08083D3D08">
    <MapTiles>
      <MapTile TileID="196" AltIDMod="0" />
    </MapTiles>
    <StaticTiles />
  </TransInfo>
  <TransInfo Description="Small Dirt to Goblin Forest AC" HashKey="3D3D3D3D080808083D">
    <MapTiles>
      <MapTile TileID="196" AltIDMod="0" />
    </MapTiles>
    <StaticTiles />
  </TransInfo>
  <TransInfo Description="Small Dirt to Goblin Forest AC" HashKey="3D3D3D0808083D083D">
    <MapTiles>
      <MapTile TileID="196" AltIDMod="0" />
    </MapTiles>
    <StaticTiles />
  </TransInfo>
  <TransInfo Description="Small Dirt to Goblin Forest AC" HashKey="3D3D3D3D08083D083D">
    <MapTiles>
      <MapTile TileID="196" AltIDMod="0" />
    </MapTiles>
    <StaticTiles />
  </TransInfo>
  <TransInfo Description="Small Dirt to Goblin Forest AC" HashKey="3D3D3D080808083D3D">
    <MapTiles>
      <MapTile TileID="196" AltIDMod="0" />
    </MapTiles>
    <StaticTiles />
  </TransInfo>
  <TransInfo Description="Small Dirt to Goblin Forest AC" HashKey="3D3D3D3D0808083D3D">
    <MapTiles>
      <MapTile TileID="196" AltIDMod="0" />
    </MapTiles>
    <StaticTiles />
  </TransInfo>
  <TransInfo Description="Small Dirt to Goblin Forest AC" HashKey="3D3D3D0808083D3D3D">
    <MapTiles>
      <MapTile TileID="196" AltIDMod="0" />
    </MapTiles>
    <StaticTiles />
  </TransInfo>
  <TransInfo Description="Small Dirt to Goblin Forest AC" HashKey="3D3D3D3D08083D3D3D">
    <MapTiles>
      <MapTile TileID="196" AltIDMod="0" />
    </MapTiles>
    <StaticTiles />
  </TransInfo>
  <TransInfo Description="Small Dirt to Goblin Forest AC" HashKey="3D3D3D3D083D080808">
    <MapTiles>
      <MapTile TileID="196" AltIDMod="0" />
    </MapTiles>
    <StaticTiles />
  </TransInfo>
  <TransInfo Description="Small Dirt to Goblin Forest AC" HashKey="3D3D3D08083D3D0808">
    <MapTiles>
      <MapTile TileID="196" AltIDMod="0" />
    </MapTiles>
    <StaticTiles />
  </TransInfo>
  <TransInfo Description="Small Dirt to Goblin Forest AC" HashKey="3D3D3D3D083D3D0808">
    <MapTiles>
      <MapTile TileID="196" AltIDMod="0" />
    </MapTiles>
    <StaticTiles />
  </TransInfo>
  <TransInfo Description="Small Dirt to Goblin Forest AC" HashKey="3D3D3D08083D083D08">
    <MapTiles>
      <MapTile TileID="196" AltIDMod="0" />
    </MapTiles>
    <StaticTiles />
  </TransInfo>
  <TransInfo Description="Small Dirt to Goblin Forest AC" HashKey="3D3D3D3D083D083D08">
    <MapTiles>
      <MapTile TileID="196" AltIDMod="0" />
    </MapTiles>
    <StaticTiles />
  </TransInfo>
  <TransInfo Description="Small Dirt to Goblin Forest AC" HashKey="3D3D3D08083D3D3D08">
    <MapTiles>
      <MapTile TileID="196" AltIDMod="0" />
    </MapTiles>
    <StaticTiles />
  </TransInfo>
  <TransInfo Description="Small Dirt to Goblin Forest AC" HashKey="3D3D3D3D083D3D3D08">
    <MapTiles>
      <MapTile TileID="196" AltIDMod="0" />
    </MapTiles>
    <StaticTiles />
  </TransInfo>
  <TransInfo Description="Small Dirt to Goblin Forest AC" HashKey="3D3D3D3D083D08083D">
    <MapTiles>
      <MapTile TileID="196" AltIDMod="0" />
    </MapTiles>
    <StaticTiles />
  </TransInfo>
  <TransInfo Description="Small Dirt to Goblin Forest AC" HashKey="3D3D3D08083D3D083D">
    <MapTiles>
      <MapTile TileID="196" AltIDMod="0" />
    </MapTiles>
    <StaticTiles />
  </TransInfo>
  <TransInfo Description="Small Dirt to Goblin Forest AC" HashKey="3D3D3D3D083D3D083D">
    <MapTiles>
      <MapTile TileID="196" AltIDMod="0" />
    </MapTiles>
    <StaticTiles />
  </TransInfo>
  <TransInfo Description="Small Dirt to Goblin Forest AC" HashKey="3D3D3D08083D083D3D">
    <MapTiles>
      <MapTile TileID="196" AltIDMod="0" />
    </MapTiles>
    <StaticTiles />
  </TransInfo>
  <TransInfo Description="Small Dirt to Goblin Forest AC" HashKey="3D3D3D3D083D083D3D">
    <MapTiles>
      <MapTile TileID="196" AltIDMod="0" />
    </MapTiles>
    <StaticTiles />
  </TransInfo>
  <TransInfo Description="Small Dirt to Goblin Forest AC" HashKey="3D3D3D08083D3D3D3D">
    <MapTiles>
      <MapTile TileID="196" AltIDMod="0" />
    </MapTiles>
    <StaticTiles />
  </TransInfo>
  <TransInfo Description="Small Dirt to Goblin Forest AC" HashKey="3D3D3D3D083D3D3D3D">
    <MapTiles>
      <MapTile TileID="196" AltIDMod="0" />
    </MapTiles>
    <StaticTiles />
  </TransInfo>
  <TransInfo Description="Small Dirt to Goblin Forest IWE" HashKey="3D080808080808083D">
    <MapTiles>
      <MapTile TileID="117" AltIDMod="0" />
    </MapTiles>
    <StaticTiles />
  </TransInfo>
  <TransInfo Description="Small Dirt to Goblin Forest INS" HashKey="08083D0808083D0808">
    <MapTiles>
      <MapTile TileID="117" AltIDMod="0" />
    </MapTiles>
    <StaticTiles />
  </TransInfo>
</Trans>