﻿<?xml version="1.0" encoding="utf-8"?>
<Trans>
    <TransInfo Description="Small Dirt to Cobblestones SN" HashKey="181818080808080808">
    <MapTiles>
      <MapTile TileID="1023" AltIDMod="0" />
    </MapTiles>
    <StaticTiles />
  </TransInfo>
  <TransInfo Description="Small Dirt to Cobblestones SN" HashKey="081818080808080808">
    <MapTiles>
      <MapTile TileID="1023" AltIDMod="0" />
    </MapTiles>
    <StaticTiles />
  </TransInfo>
  <TransInfo Description="Small Dirt to Cobblestones SN" HashKey="181808080808080808">
    <MapTiles>
      <MapTile TileID="1023" AltIDMod="0" />
    </MapTiles>
    <StaticTiles />
  </TransInfo>
  <TransInfo Description="Small Dirt to Cobblestones SN" HashKey="081808080808080808">
    <MapTiles>
      <MapTile TileID="1023" AltIDMod="0" />
    </MapTiles>
    <StaticTiles />
  </TransInfo>
  <TransInfo Description="Small Dirt to Cobblestones SN" HashKey="180818080808080808">
    <MapTiles>
      <MapTile TileID="1023" AltIDMod="0" />
    </MapTiles>
    <StaticTiles />
  </TransInfo>
  <TransInfo Description="Small Dirt to Cobblestones EW" HashKey="180808180808180808">
    <MapTiles>
      <MapTile TileID="1022" AltIDMod="0" />
    </MapTiles>
    <StaticTiles />
  </TransInfo>
  <TransInfo Description="Small Dirt to Cobblestones EW" HashKey="180808180808080808">
    <MapTiles>
      <MapTile TileID="1022" AltIDMod="0" />
    </MapTiles>
    <StaticTiles />
  </TransInfo>
  <TransInfo Description="Small Dirt to Cobblestones EW" HashKey="080808180808180808">
    <MapTiles>
      <MapTile TileID="1022" AltIDMod="0" />
    </MapTiles>
    <StaticTiles />
  </TransInfo>
  <TransInfo Description="Small Dirt to Cobblestones EW" HashKey="080808180808080808">
    <MapTiles>
      <MapTile TileID="1022" AltIDMod="0" />
    </MapTiles>
    <StaticTiles />
  </TransInfo>
  <TransInfo Description="Small Dirt to Cobblestones EW" HashKey="180808080808180808">
    <MapTiles>
      <MapTile TileID="1022" AltIDMod="0" />
    </MapTiles>
    <StaticTiles />
  </TransInfo>
  <TransInfo Description="Small Dirt to Cobblestones WE" HashKey="080818080818080818">
    <MapTiles>
      <MapTile TileID="1024" AltIDMod="0" />
    </MapTiles>
    <StaticTiles />
  </TransInfo>
  <TransInfo Description="Small Dirt to Cobblestones WE" HashKey="080808080818080818">
    <MapTiles>
      <MapTile TileID="1024" AltIDMod="0" />
    </MapTiles>
    <StaticTiles />
  </TransInfo>
  <TransInfo Description="Small Dirt to Cobblestones WE" HashKey="080818080818080808">
    <MapTiles>
      <MapTile TileID="1024" AltIDMod="0" />
    </MapTiles>
    <StaticTiles />
  </TransInfo>
  <TransInfo Description="Small Dirt to Cobblestones WE" HashKey="080808080818080808">
    <MapTiles>
      <MapTile TileID="1024" AltIDMod="0" />
    </MapTiles>
    <StaticTiles />
  </TransInfo>
  <TransInfo Description="Small Dirt to Cobblestones WE" HashKey="080818080808080818">
    <MapTiles>
      <MapTile TileID="1024" AltIDMod="0" />
    </MapTiles>
    <StaticTiles />
  </TransInfo>
  <TransInfo Description="Small Dirt to Cobblestones NS" HashKey="080808080808181818">
    <MapTiles>
      <MapTile TileID="1025" AltIDMod="0" />
    </MapTiles>
    <StaticTiles />
  </TransInfo>
  <TransInfo Description="Small Dirt to Cobblestones NS" HashKey="080808080808181808">
    <MapTiles>
      <MapTile TileID="1025" AltIDMod="0" />
    </MapTiles>
    <StaticTiles />
  </TransInfo>
  <TransInfo Description="Small Dirt to Cobblestones NS" HashKey="080808080808081818">
    <MapTiles>
      <MapTile TileID="1025" AltIDMod="0" />
    </MapTiles>
    <StaticTiles />
  </TransInfo>
  <TransInfo Description="Small Dirt to Cobblestones NS" HashKey="080808080808081808">
    <MapTiles>
      <MapTile TileID="1025" AltIDMod="0" />
    </MapTiles>
    <StaticTiles />
  </TransInfo>
  <TransInfo Description="Small Dirt to Cobblestones NS" HashKey="080808080808180818">
    <MapTiles>
      <MapTile TileID="1025" AltIDMod="0" />
    </MapTiles>
    <StaticTiles />
  </TransInfo>
  <TransInfo Description="Small Dirt to Cobblestones NWA" HashKey="080818080818181818">
    <MapTiles>
      <MapTile TileID="1019" AltIDMod="0" />
    </MapTiles>
    <StaticTiles />
  </TransInfo>
  <TransInfo Description="Small Dirt to Cobblestones NWA" HashKey="080808080818181818">
    <MapTiles>
      <MapTile TileID="1019" AltIDMod="0" />
    </MapTiles>
    <StaticTiles />
  </TransInfo>
  <TransInfo Description="Small Dirt to Cobblestones NWA" HashKey="080818080818081818">
    <MapTiles>
      <MapTile TileID="1019" AltIDMod="0" />
    </MapTiles>
    <StaticTiles />
  </TransInfo>
  <TransInfo Description="Small Dirt to Cobblestones NWA" HashKey="080808080818081818">
    <MapTiles>
      <MapTile TileID="1019" AltIDMod="0" />
    </MapTiles>
    <StaticTiles />
  </TransInfo>
  <TransInfo Description="Small Dirt to Cobblestones NWA" HashKey="080808080818081808">
    <MapTiles>
      <MapTile TileID="1019" AltIDMod="0" />
    </MapTiles>
    <StaticTiles />
  </TransInfo>
  <TransInfo Description="Small Dirt to Cobblestones NWA" HashKey="080818080808081818">
    <MapTiles>
      <MapTile TileID="1019" AltIDMod="0" />
    </MapTiles>
    <StaticTiles />
  </TransInfo>
  <TransInfo Description="Small Dirt to Cobblestones NWA" HashKey="080818080808181818">
    <MapTiles>
      <MapTile TileID="1019" AltIDMod="0" />
    </MapTiles>
    <StaticTiles />
  </TransInfo>
  <TransInfo Description="Small Dirt to Cobblestones NWA" HashKey="080818080808181808">
    <MapTiles>
      <MapTile TileID="1019" AltIDMod="0" />
    </MapTiles>
    <StaticTiles />
  </TransInfo>
  <TransInfo Description="Small Dirt to Cobblestones NWA" HashKey="080808080818180818">
    <MapTiles>
      <MapTile TileID="1019" AltIDMod="0" />
    </MapTiles>
    <StaticTiles />
  </TransInfo>
  <TransInfo Description="Small Dirt to Cobblestones NWA" HashKey="080818080818180818">
    <MapTiles>
      <MapTile TileID="1019" AltIDMod="0" />
    </MapTiles>
    <StaticTiles />
  </TransInfo>
  <TransInfo Description="Small Dirt to Cobblestones NWA" HashKey="080818080818181808">
    <MapTiles>
      <MapTile TileID="1019" AltIDMod="0" />
    </MapTiles>
    <StaticTiles />
  </TransInfo>
  <TransInfo Description="Small Dirt to Cobblestones NWA" HashKey="080818080818180808">
    <MapTiles>
      <MapTile TileID="1019" AltIDMod="0" />
    </MapTiles>
    <StaticTiles />
  </TransInfo>
  <TransInfo Description="Small Dirt to Cobblestones NWA" HashKey="080818080808081808">
    <MapTiles>
      <MapTile TileID="1019" AltIDMod="0" />
    </MapTiles>
    <StaticTiles />
  </TransInfo>
  <TransInfo Description="Small Dirt to Cobblestones NWA" HashKey="080808080818180808">
    <MapTiles>
      <MapTile TileID="1019" AltIDMod="0" />
    </MapTiles>
    <StaticTiles />
  </TransInfo>
  <TransInfo Description="Small Dirt to Cobblestones NWA" HashKey="080818080818081808">
    <MapTiles>
      <MapTile TileID="1019" AltIDMod="0" />
    </MapTiles>
    <StaticTiles />
  </TransInfo>
  <TransInfo Description="Small Dirt to Cobblestones NWA" HashKey="080818080808180818">
    <MapTiles>
      <MapTile TileID="1019" AltIDMod="0" />
    </MapTiles>
    <StaticTiles />
  </TransInfo>
  <TransInfo Description="Small Dirt to Cobblestones NWA" HashKey="080808080818181808">
    <MapTiles>
      <MapTile TileID="1019" AltIDMod="0" />
    </MapTiles>
    <StaticTiles />
  </TransInfo>
  <TransInfo Description="Small Dirt to Cobblestones SEA" HashKey="181818180808180808">
    <MapTiles>
      <MapTile TileID="1021" AltIDMod="0" />
    </MapTiles>
    <StaticTiles />
  </TransInfo>
  <TransInfo Description="Small Dirt to Cobblestones SEA" HashKey="181808180808180808">
    <MapTiles>
      <MapTile TileID="1021" AltIDMod="0" />
    </MapTiles>
    <StaticTiles />
  </TransInfo>
  <TransInfo Description="Small Dirt to Cobblestones SEA" HashKey="181818180808080808">
    <MapTiles>
      <MapTile TileID="1021" AltIDMod="0" />
    </MapTiles>
    <StaticTiles />
  </TransInfo>
  <TransInfo Description="Small Dirt to Cobblestones SEA" HashKey="181808180808080808">
    <MapTiles>
      <MapTile TileID="1021" AltIDMod="0" />
    </MapTiles>
    <StaticTiles />
  </TransInfo>
  <TransInfo Description="Small Dirt to Cobblestones SEA" HashKey="180818180808080808">
    <MapTiles>
      <MapTile TileID="1021" AltIDMod="0" />
    </MapTiles>
    <StaticTiles />
  </TransInfo>
  <TransInfo Description="Small Dirt to Cobblestones SEA" HashKey="181808080808180808">
    <MapTiles>
      <MapTile TileID="1021" AltIDMod="0" />
    </MapTiles>
    <StaticTiles />
  </TransInfo>
  <TransInfo Description="Small Dirt to Cobblestones SEA" HashKey="081818080808180808">
    <MapTiles>
      <MapTile TileID="1021" AltIDMod="0" />
    </MapTiles>
    <StaticTiles />
  </TransInfo>
  <TransInfo Description="Small Dirt to Cobblestones SEA" HashKey="180818080808180808">
    <MapTiles>
      <MapTile TileID="1021" AltIDMod="0" />
    </MapTiles>
    <StaticTiles />
  </TransInfo>
  <TransInfo Description="Small Dirt to Cobblestones SEA" HashKey="181818080808180808">
    <MapTiles>
      <MapTile TileID="1021" AltIDMod="0" />
    </MapTiles>
    <StaticTiles />
  </TransInfo>
  <TransInfo Description="Small Dirt to Cobblestones SEA" HashKey="081808180808080808">
    <MapTiles>
      <MapTile TileID="1021" AltIDMod="0" />
    </MapTiles>
    <StaticTiles />
  </TransInfo>
  <TransInfo Description="Small Dirt to Cobblestones SEA" HashKey="180818180808180808">
    <MapTiles>
      <MapTile TileID="1021" AltIDMod="0" />
    </MapTiles>
    <StaticTiles />
  </TransInfo>
  <TransInfo Description="Small Dirt to Cobblestones SEA" HashKey="080818180808180808">
    <MapTiles>
      <MapTile TileID="1021" AltIDMod="0" />
    </MapTiles>
    <StaticTiles />
  </TransInfo>
  <TransInfo Description="Small Dirt to Cobblestones SEA" HashKey="081818180808180808">
    <MapTiles>
      <MapTile TileID="1021" AltIDMod="0" />
    </MapTiles>
    <StaticTiles />
  </TransInfo>
  <TransInfo Description="Small Dirt to Cobblestones SEA" HashKey="080818180808080808">
    <MapTiles>
      <MapTile TileID="1021" AltIDMod="0" />
    </MapTiles>
    <StaticTiles />
  </TransInfo>
  <TransInfo Description="Small Dirt to Cobblestones SEA" HashKey="081808180808180808">
    <MapTiles>
      <MapTile TileID="1021" AltIDMod="0" />
    </MapTiles>
    <StaticTiles />
  </TransInfo>
  <TransInfo Description="Small Dirt to Cobblestones SEA" HashKey="081808080808180808">
    <MapTiles>
      <MapTile TileID="1021" AltIDMod="0" />
    </MapTiles>
    <StaticTiles />
  </TransInfo>
  <TransInfo Description="Small Dirt to Cobblestones SEA" HashKey="081818180808080808">
    <MapTiles>
      <MapTile TileID="1021" AltIDMod="0" />
    </MapTiles>
    <StaticTiles />
  </TransInfo>
  <TransInfo Description="Small Dirt to Cobblestones NEA" HashKey="180808180808181818">
    <MapTiles>
      <MapTile TileID="1020" AltIDMod="0" />
    </MapTiles>
    <StaticTiles />
  </TransInfo>
  <TransInfo Description="Small Dirt to Cobblestones NEA" HashKey="080808180808181818">
    <MapTiles>
      <MapTile TileID="1020" AltIDMod="0" />
    </MapTiles>
    <StaticTiles />
  </TransInfo>
  <TransInfo Description="Small Dirt to Cobblestones NEA" HashKey="180808180808181808">
    <MapTiles>
      <MapTile TileID="1020" AltIDMod="0" />
    </MapTiles>
    <StaticTiles />
  </TransInfo>
  <TransInfo Description="Small Dirt to Cobblestones NEA" HashKey="080808180808181808">
    <MapTiles>
      <MapTile TileID="1020" AltIDMod="0" />
    </MapTiles>
    <StaticTiles />
  </TransInfo>
  <TransInfo Description="Small Dirt to Cobblestones NEA" HashKey="080808180808081808">
    <MapTiles>
      <MapTile TileID="1020" AltIDMod="0" />
    </MapTiles>
    <StaticTiles />
  </TransInfo>
  <TransInfo Description="Small Dirt to Cobblestones NEA" HashKey="180808180808080818">
    <MapTiles>
      <MapTile TileID="1020" AltIDMod="0" />
    </MapTiles>
    <StaticTiles />
  </TransInfo>
  <TransInfo Description="Small Dirt to Cobblestones NEA" HashKey="180808080808181818">
    <MapTiles>
      <MapTile TileID="1020" AltIDMod="0" />
    </MapTiles>
    <StaticTiles />
  </TransInfo>
  <TransInfo Description="Small Dirt to Cobblestones NEA" HashKey="180808080808181808">
    <MapTiles>
      <MapTile TileID="1020" AltIDMod="0" />
    </MapTiles>
    <StaticTiles />
  </TransInfo>
  <TransInfo Description="Small Dirt to Cobblestones NEA" HashKey="180808080808081808">
    <MapTiles>
      <MapTile TileID="1020" AltIDMod="0" />
    </MapTiles>
    <StaticTiles />
  </TransInfo>
  <TransInfo Description="Small Dirt to Cobblestones NEA" HashKey="080808180808180818">
    <MapTiles>
      <MapTile TileID="1020" AltIDMod="0" />
    </MapTiles>
    <StaticTiles />
  </TransInfo>
  <TransInfo Description="Small Dirt to Cobblestones NEA" HashKey="180808180808180818">
    <MapTiles>
      <MapTile TileID="1020" AltIDMod="0" />
    </MapTiles>
    <StaticTiles />
  </TransInfo>
  <TransInfo Description="Small Dirt to Cobblestones NEA" HashKey="180808080808081818">
    <MapTiles>
      <MapTile TileID="1020" AltIDMod="0" />
    </MapTiles>
    <StaticTiles />
  </TransInfo>
  <TransInfo Description="Small Dirt to Cobblestones NEA" HashKey="180808180808081818">
    <MapTiles>
      <MapTile TileID="1020" AltIDMod="0" />
    </MapTiles>
    <StaticTiles />
  </TransInfo>
  <TransInfo Description="Small Dirt to Cobblestones NEA" HashKey="080808180808081818">
    <MapTiles>
      <MapTile TileID="1020" AltIDMod="0" />
    </MapTiles>
    <StaticTiles />
  </TransInfo>
  <TransInfo Description="Small Dirt to Cobblestones NEA" HashKey="080808180808080818">
    <MapTiles>
      <MapTile TileID="1020" AltIDMod="0" />
    </MapTiles>
    <StaticTiles />
  </TransInfo>
  <TransInfo Description="Small Dirt to Cobblestones NEA" HashKey="180808080808180818">
    <MapTiles>
      <MapTile TileID="1020" AltIDMod="0" />
    </MapTiles>
    <StaticTiles />
  </TransInfo>
  <TransInfo Description="Small Dirt to Cobblestones NEA" HashKey="180808180808081808">
    <MapTiles>
      <MapTile TileID="1020" AltIDMod="0" />
    </MapTiles>
    <StaticTiles />
  </TransInfo>
  <TransInfo Description="Small Dirt to Cobblestones SWA" HashKey="181818080818080818">
    <MapTiles>
      <MapTile TileID="1018" AltIDMod="0" />
    </MapTiles>
    <StaticTiles />
  </TransInfo>
  <TransInfo Description="Small Dirt to Cobblestones SWA" HashKey="181818080818080808">
    <MapTiles>
      <MapTile TileID="1018" AltIDMod="0" />
    </MapTiles>
    <StaticTiles />
  </TransInfo>
  <TransInfo Description="Small Dirt to Cobblestones SWA" HashKey="081818080818080818">
    <MapTiles>
      <MapTile TileID="1018" AltIDMod="0" />
    </MapTiles>
    <StaticTiles />
  </TransInfo>
  <TransInfo Description="Small Dirt to Cobblestones SWA" HashKey="081818080818080808">
    <MapTiles>
      <MapTile TileID="1018" AltIDMod="0" />
    </MapTiles>
    <StaticTiles />
  </TransInfo>
  <TransInfo Description="Small Dirt to Cobblestones SWA" HashKey="180808080818080818">
    <MapTiles>
      <MapTile TileID="1018" AltIDMod="0" />
    </MapTiles>
    <StaticTiles />
  </TransInfo>
  <TransInfo Description="Small Dirt to Cobblestones SWA" HashKey="180818080818080808">
    <MapTiles>
      <MapTile TileID="1018" AltIDMod="0" />
    </MapTiles>
    <StaticTiles />
  </TransInfo>
  <TransInfo Description="Small Dirt to Cobblestones SWA" HashKey="180818080818080818">
    <MapTiles>
      <MapTile TileID="1018" AltIDMod="0" />
    </MapTiles>
    <StaticTiles />
  </TransInfo>
  <TransInfo Description="Small Dirt to Cobblestones SWA" HashKey="181808080808080818">
    <MapTiles>
      <MapTile TileID="1018" AltIDMod="0" />
    </MapTiles>
    <StaticTiles />
  </TransInfo>
  <TransInfo Description="Small Dirt to Cobblestones SWA" HashKey="081808080808080818">
    <MapTiles>
      <MapTile TileID="1018" AltIDMod="0" />
    </MapTiles>
    <StaticTiles />
  </TransInfo>
  <TransInfo Description="Small Dirt to Cobblestones SWA" HashKey="181818080808080818">
    <MapTiles>
      <MapTile TileID="1018" AltIDMod="0" />
    </MapTiles>
    <StaticTiles />
  </TransInfo>
  <TransInfo Description="Small Dirt to Cobblestones SWA" HashKey="181808080818080808">
    <MapTiles>
      <MapTile TileID="1018" AltIDMod="0" />
    </MapTiles>
    <StaticTiles />
  </TransInfo>
  <TransInfo Description="Small Dirt to Cobblestones SWA" HashKey="081818080808080818">
    <MapTiles>
      <MapTile TileID="1018" AltIDMod="0" />
    </MapTiles>
    <StaticTiles />
  </TransInfo>
  <TransInfo Description="Small Dirt to Cobblestones SWA" HashKey="081808080818080808">
    <MapTiles>
      <MapTile TileID="1018" AltIDMod="0" />
    </MapTiles>
    <StaticTiles />
  </TransInfo>
  <TransInfo Description="Small Dirt to Cobblestones SWA" HashKey="180808080818080808">
    <MapTiles>
      <MapTile TileID="1018" AltIDMod="0" />
    </MapTiles>
    <StaticTiles />
  </TransInfo>
  <TransInfo Description="Small Dirt to Cobblestones SWA" HashKey="180818080808080818">
    <MapTiles>
      <MapTile TileID="1018" AltIDMod="0" />
    </MapTiles>
    <StaticTiles />
  </TransInfo>
  <TransInfo Description="Small Dirt to Cobblestones SWA" HashKey="081808080818080818">
    <MapTiles>
      <MapTile TileID="1018" AltIDMod="0" />
    </MapTiles>
    <StaticTiles />
  </TransInfo>
  <TransInfo Description="Small Dirt to Cobblestones SWA" HashKey="181808080818080818">
    <MapTiles>
      <MapTile TileID="1018" AltIDMod="0" />
    </MapTiles>
    <StaticTiles />
  </TransInfo>
  <TransInfo Description="Small Dirt to Cobblestones NWB" HashKey="180808080808080808">
    <MapTiles>
      <MapTile TileID="1027" AltIDMod="0" />
    </MapTiles>
    <StaticTiles />
  </TransInfo>
  <TransInfo Description="Small Dirt to Cobblestones SEB" HashKey="080808080808080818">
    <MapTiles>
      <MapTile TileID="1029" AltIDMod="0" />
    </MapTiles>
    <StaticTiles />
  </TransInfo>
  <TransInfo Description="Small Dirt to Cobblestones NEB" HashKey="080818080808080808">
    <MapTiles>
      <MapTile TileID="1028" AltIDMod="0" />
    </MapTiles>
    <StaticTiles />
  </TransInfo>
  <TransInfo Description="Small Dirt to Cobblestones SWB" HashKey="080808080808180808">
    <MapTiles>
      <MapTile TileID="1026" AltIDMod="0" />
    </MapTiles>
    <StaticTiles />
  </TransInfo>
  <TransInfo Description="Small Dirt to Cobblestones AC" HashKey="080808180818080808">
    <MapTiles>
      <MapTile TileID="1001" AltIDMod="0" />
    </MapTiles>
    <StaticTiles />
  </TransInfo>
  <TransInfo Description="Small Dirt to Cobblestones AC" HashKey="080808180818180808">
    <MapTiles>
      <MapTile TileID="1001" AltIDMod="0" />
    </MapTiles>
    <StaticTiles />
  </TransInfo>
  <TransInfo Description="Small Dirt to Cobblestones AC" HashKey="080808180818081808">
    <MapTiles>
      <MapTile TileID="1001" AltIDMod="0" />
    </MapTiles>
    <StaticTiles />
  </TransInfo>
  <TransInfo Description="Small Dirt to Cobblestones AC" HashKey="080808180818181808">
    <MapTiles>
      <MapTile TileID="1001" AltIDMod="0" />
    </MapTiles>
    <StaticTiles />
  </TransInfo>
  <TransInfo Description="Small Dirt to Cobblestones AC" HashKey="080808180818080818">
    <MapTiles>
      <MapTile TileID="1001" AltIDMod="0" />
    </MapTiles>
    <StaticTiles />
  </TransInfo>
  <TransInfo Description="Small Dirt to Cobblestones AC" HashKey="080808180818180818">
    <MapTiles>
      <MapTile TileID="1001" AltIDMod="0" />
    </MapTiles>
    <StaticTiles />
  </TransInfo>
  <TransInfo Description="Small Dirt to Cobblestones AC" HashKey="080808180818081818">
    <MapTiles>
      <MapTile TileID="1001" AltIDMod="0" />
    </MapTiles>
    <StaticTiles />
  </TransInfo>
  <TransInfo Description="Small Dirt to Cobblestones AC" HashKey="080808180818181818">
    <MapTiles>
      <MapTile TileID="1001" AltIDMod="0" />
    </MapTiles>
    <StaticTiles />
  </TransInfo>
  <TransInfo Description="Small Dirt to Cobblestones AC" HashKey="080818180808081808">
    <MapTiles>
      <MapTile TileID="1001" AltIDMod="0" />
    </MapTiles>
    <StaticTiles />
  </TransInfo>
  <TransInfo Description="Small Dirt to Cobblestones AC" HashKey="080818180808181808">
    <MapTiles>
      <MapTile TileID="1001" AltIDMod="0" />
    </MapTiles>
    <StaticTiles />
  </TransInfo>
  <TransInfo Description="Small Dirt to Cobblestones AC" HashKey="080818180808080818">
    <MapTiles>
      <MapTile TileID="1001" AltIDMod="0" />
    </MapTiles>
    <StaticTiles />
  </TransInfo>
  <TransInfo Description="Small Dirt to Cobblestones AC" HashKey="080818180808180818">
    <MapTiles>
      <MapTile TileID="1001" AltIDMod="0" />
    </MapTiles>
    <StaticTiles />
  </TransInfo>
  <TransInfo Description="Small Dirt to Cobblestones AC" HashKey="080818180808081818">
    <MapTiles>
      <MapTile TileID="1001" AltIDMod="0" />
    </MapTiles>
    <StaticTiles />
  </TransInfo>
  <TransInfo Description="Small Dirt to Cobblestones AC" HashKey="080818180808181818">
    <MapTiles>
      <MapTile TileID="1001" AltIDMod="0" />
    </MapTiles>
    <StaticTiles />
  </TransInfo>
  <TransInfo Description="Small Dirt to Cobblestones AC" HashKey="080818180818080808">
    <MapTiles>
      <MapTile TileID="1001" AltIDMod="0" />
    </MapTiles>
    <StaticTiles />
  </TransInfo>
  <TransInfo Description="Small Dirt to Cobblestones AC" HashKey="080818180818180808">
    <MapTiles>
      <MapTile TileID="1001" AltIDMod="0" />
    </MapTiles>
    <StaticTiles />
  </TransInfo>
  <TransInfo Description="Small Dirt to Cobblestones AC" HashKey="080818180818081808">
    <MapTiles>
      <MapTile TileID="1001" AltIDMod="0" />
    </MapTiles>
    <StaticTiles />
  </TransInfo>
  <TransInfo Description="Small Dirt to Cobblestones AC" HashKey="080818180818181808">
    <MapTiles>
      <MapTile TileID="1001" AltIDMod="0" />
    </MapTiles>
    <StaticTiles />
  </TransInfo>
  <TransInfo Description="Small Dirt to Cobblestones AC" HashKey="080818180818080818">
    <MapTiles>
      <MapTile TileID="1001" AltIDMod="0" />
    </MapTiles>
    <StaticTiles />
  </TransInfo>
  <TransInfo Description="Small Dirt to Cobblestones AC" HashKey="080818180818180818">
    <MapTiles>
      <MapTile TileID="1001" AltIDMod="0" />
    </MapTiles>
    <StaticTiles />
  </TransInfo>
  <TransInfo Description="Small Dirt to Cobblestones AC" HashKey="080818180818081818">
    <MapTiles>
      <MapTile TileID="1001" AltIDMod="0" />
    </MapTiles>
    <StaticTiles />
  </TransInfo>
  <TransInfo Description="Small Dirt to Cobblestones AC" HashKey="080818180818181818">
    <MapTiles>
      <MapTile TileID="1001" AltIDMod="0" />
    </MapTiles>
    <StaticTiles />
  </TransInfo>
  <TransInfo Description="Small Dirt to Cobblestones AC" HashKey="081808080808081808">
    <MapTiles>
      <MapTile TileID="1001" AltIDMod="0" />
    </MapTiles>
    <StaticTiles />
  </TransInfo>
  <TransInfo Description="Small Dirt to Cobblestones AC" HashKey="081808180808081808">
    <MapTiles>
      <MapTile TileID="1001" AltIDMod="0" />
    </MapTiles>
    <StaticTiles />
  </TransInfo>
  <TransInfo Description="Small Dirt to Cobblestones AC" HashKey="081808080808181808">
    <MapTiles>
      <MapTile TileID="1001" AltIDMod="0" />
    </MapTiles>
    <StaticTiles />
  </TransInfo>
  <TransInfo Description="Small Dirt to Cobblestones AC" HashKey="081808180808181808">
    <MapTiles>
      <MapTile TileID="1001" AltIDMod="0" />
    </MapTiles>
    <StaticTiles />
  </TransInfo>
  <TransInfo Description="Small Dirt to Cobblestones AC" HashKey="081808180808080818">
    <MapTiles>
      <MapTile TileID="1001" AltIDMod="0" />
    </MapTiles>
    <StaticTiles />
  </TransInfo>
  <TransInfo Description="Small Dirt to Cobblestones AC" HashKey="081808080808180818">
    <MapTiles>
      <MapTile TileID="1001" AltIDMod="0" />
    </MapTiles>
    <StaticTiles />
  </TransInfo>
  <TransInfo Description="Small Dirt to Cobblestones AC" HashKey="081808180808180818">
    <MapTiles>
      <MapTile TileID="1001" AltIDMod="0" />
    </MapTiles>
    <StaticTiles />
  </TransInfo>
  <TransInfo Description="Small Dirt to Cobblestones AC" HashKey="081808080808081818">
    <MapTiles>
      <MapTile TileID="1001" AltIDMod="0" />
    </MapTiles>
    <StaticTiles />
  </TransInfo>
  <TransInfo Description="Small Dirt to Cobblestones AC" HashKey="081808180808081818">
    <MapTiles>
      <MapTile TileID="1001" AltIDMod="0" />
    </MapTiles>
    <StaticTiles />
  </TransInfo>
  <TransInfo Description="Small Dirt to Cobblestones AC" HashKey="081808080808181818">
    <MapTiles>
      <MapTile TileID="1001" AltIDMod="0" />
    </MapTiles>
    <StaticTiles />
  </TransInfo>
  <TransInfo Description="Small Dirt to Cobblestones AC" HashKey="081808180808181818">
    <MapTiles>
      <MapTile TileID="1001" AltIDMod="0" />
    </MapTiles>
    <StaticTiles />
  </TransInfo>
  <TransInfo Description="Small Dirt to Cobblestones AC" HashKey="081808180818080808">
    <MapTiles>
      <MapTile TileID="1001" AltIDMod="0" />
    </MapTiles>
    <StaticTiles />
  </TransInfo>
  <TransInfo Description="Small Dirt to Cobblestones AC" HashKey="081808080818180808">
    <MapTiles>
      <MapTile TileID="1001" AltIDMod="0" />
    </MapTiles>
    <StaticTiles />
  </TransInfo>
  <TransInfo Description="Small Dirt to Cobblestones AC" HashKey="081808180818180808">
    <MapTiles>
      <MapTile TileID="1001" AltIDMod="0" />
    </MapTiles>
    <StaticTiles />
  </TransInfo>
  <TransInfo Description="Small Dirt to Cobblestones AC" HashKey="081808080818081808">
    <MapTiles>
      <MapTile TileID="1001" AltIDMod="0" />
    </MapTiles>
    <StaticTiles />
  </TransInfo>
  <TransInfo Description="Small Dirt to Cobblestones AC" HashKey="081808180818081808">
    <MapTiles>
      <MapTile TileID="1001" AltIDMod="0" />
    </MapTiles>
    <StaticTiles />
  </TransInfo>
  <TransInfo Description="Small Dirt to Cobblestones AC" HashKey="081808080818181808">
    <MapTiles>
      <MapTile TileID="1001" AltIDMod="0" />
    </MapTiles>
    <StaticTiles />
  </TransInfo>
  <TransInfo Description="Small Dirt to Cobblestones AC" HashKey="081808180818181808">
    <MapTiles>
      <MapTile TileID="1001" AltIDMod="0" />
    </MapTiles>
    <StaticTiles />
  </TransInfo>
  <TransInfo Description="Small Dirt to Cobblestones AC" HashKey="081808180818080818">
    <MapTiles>
      <MapTile TileID="1001" AltIDMod="0" />
    </MapTiles>
    <StaticTiles />
  </TransInfo>
  <TransInfo Description="Small Dirt to Cobblestones AC" HashKey="081808080818180818">
    <MapTiles>
      <MapTile TileID="1001" AltIDMod="0" />
    </MapTiles>
    <StaticTiles />
  </TransInfo>
  <TransInfo Description="Small Dirt to Cobblestones AC" HashKey="081808180818180818">
    <MapTiles>
      <MapTile TileID="1001" AltIDMod="0" />
    </MapTiles>
    <StaticTiles />
  </TransInfo>
  <TransInfo Description="Small Dirt to Cobblestones AC" HashKey="081808080818081818">
    <MapTiles>
      <MapTile TileID="1001" AltIDMod="0" />
    </MapTiles>
    <StaticTiles />
  </TransInfo>
  <TransInfo Description="Small Dirt to Cobblestones AC" HashKey="081808180818081818">
    <MapTiles>
      <MapTile TileID="1001" AltIDMod="0" />
    </MapTiles>
    <StaticTiles />
  </TransInfo>
  <TransInfo Description="Small Dirt to Cobblestones AC" HashKey="081808080818181818">
    <MapTiles>
      <MapTile TileID="1001" AltIDMod="0" />
    </MapTiles>
    <StaticTiles />
  </TransInfo>
  <TransInfo Description="Small Dirt to Cobblestones AC" HashKey="081808180818181818">
    <MapTiles>
      <MapTile TileID="1001" AltIDMod="0" />
    </MapTiles>
    <StaticTiles />
  </TransInfo>
  <TransInfo Description="Small Dirt to Cobblestones AC" HashKey="081818080808081808">
    <MapTiles>
      <MapTile TileID="1001" AltIDMod="0" />
    </MapTiles>
    <StaticTiles />
  </TransInfo>
  <TransInfo Description="Small Dirt to Cobblestones AC" HashKey="081818180808081808">
    <MapTiles>
      <MapTile TileID="1001" AltIDMod="0" />
    </MapTiles>
    <StaticTiles />
  </TransInfo>
  <TransInfo Description="Small Dirt to Cobblestones AC" HashKey="081818080808181808">
    <MapTiles>
      <MapTile TileID="1001" AltIDMod="0" />
    </MapTiles>
    <StaticTiles />
  </TransInfo>
  <TransInfo Description="Small Dirt to Cobblestones AC" HashKey="081818180808181808">
    <MapTiles>
      <MapTile TileID="1001" AltIDMod="0" />
    </MapTiles>
    <StaticTiles />
  </TransInfo>
  <TransInfo Description="Small Dirt to Cobblestones AC" HashKey="081818180808080818">
    <MapTiles>
      <MapTile TileID="1001" AltIDMod="0" />
    </MapTiles>
    <StaticTiles />
  </TransInfo>
  <TransInfo Description="Small Dirt to Cobblestones AC" HashKey="081818080808180818">
    <MapTiles>
      <MapTile TileID="1001" AltIDMod="0" />
    </MapTiles>
    <StaticTiles />
  </TransInfo>
  <TransInfo Description="Small Dirt to Cobblestones AC" HashKey="081818180808180818">
    <MapTiles>
      <MapTile TileID="1001" AltIDMod="0" />
    </MapTiles>
    <StaticTiles />
  </TransInfo>
  <TransInfo Description="Small Dirt to Cobblestones AC" HashKey="081818080808081818">
    <MapTiles>
      <MapTile TileID="1001" AltIDMod="0" />
    </MapTiles>
    <StaticTiles />
  </TransInfo>
  <TransInfo Description="Small Dirt to Cobblestones AC" HashKey="081818180808081818">
    <MapTiles>
      <MapTile TileID="1001" AltIDMod="0" />
    </MapTiles>
    <StaticTiles />
  </TransInfo>
  <TransInfo Description="Small Dirt to Cobblestones AC" HashKey="081818080808181818">
    <MapTiles>
      <MapTile TileID="1001" AltIDMod="0" />
    </MapTiles>
    <StaticTiles />
  </TransInfo>
  <TransInfo Description="Small Dirt to Cobblestones AC" HashKey="081818180808181818">
    <MapTiles>
      <MapTile TileID="1001" AltIDMod="0" />
    </MapTiles>
    <StaticTiles />
  </TransInfo>
  <TransInfo Description="Small Dirt to Cobblestones AC" HashKey="081818180818080808">
    <MapTiles>
      <MapTile TileID="1001" AltIDMod="0" />
    </MapTiles>
    <StaticTiles />
  </TransInfo>
  <TransInfo Description="Small Dirt to Cobblestones AC" HashKey="081818080818180808">
    <MapTiles>
      <MapTile TileID="1001" AltIDMod="0" />
    </MapTiles>
    <StaticTiles />
  </TransInfo>
  <TransInfo Description="Small Dirt to Cobblestones AC" HashKey="081818180818180808">
    <MapTiles>
      <MapTile TileID="1001" AltIDMod="0" />
    </MapTiles>
    <StaticTiles />
  </TransInfo>
  <TransInfo Description="Small Dirt to Cobblestones AC" HashKey="081818080818081808">
    <MapTiles>
      <MapTile TileID="1001" AltIDMod="0" />
    </MapTiles>
    <StaticTiles />
  </TransInfo>
  <TransInfo Description="Small Dirt to Cobblestones AC" HashKey="081818180818081808">
    <MapTiles>
      <MapTile TileID="1001" AltIDMod="0" />
    </MapTiles>
    <StaticTiles />
  </TransInfo>
  <TransInfo Description="Small Dirt to Cobblestones AC" HashKey="081818080818181808">
    <MapTiles>
      <MapTile TileID="1001" AltIDMod="0" />
    </MapTiles>
    <StaticTiles />
  </TransInfo>
  <TransInfo Description="Small Dirt to Cobblestones AC" HashKey="081818180818181808">
    <MapTiles>
      <MapTile TileID="1001" AltIDMod="0" />
    </MapTiles>
    <StaticTiles />
  </TransInfo>
  <TransInfo Description="Small Dirt to Cobblestones AC" HashKey="081818180818080818">
    <MapTiles>
      <MapTile TileID="1001" AltIDMod="0" />
    </MapTiles>
    <StaticTiles />
  </TransInfo>
  <TransInfo Description="Small Dirt to Cobblestones AC" HashKey="081818080818180818">
    <MapTiles>
      <MapTile TileID="1001" AltIDMod="0" />
    </MapTiles>
    <StaticTiles />
  </TransInfo>
  <TransInfo Description="Small Dirt to Cobblestones AC" HashKey="081818180818180818">
    <MapTiles>
      <MapTile TileID="1001" AltIDMod="0" />
    </MapTiles>
    <StaticTiles />
  </TransInfo>
  <TransInfo Description="Small Dirt to Cobblestones AC" HashKey="081818080818081818">
    <MapTiles>
      <MapTile TileID="1001" AltIDMod="0" />
    </MapTiles>
    <StaticTiles />
  </TransInfo>
  <TransInfo Description="Small Dirt to Cobblestones AC" HashKey="081818180818081818">
    <MapTiles>
      <MapTile TileID="1001" AltIDMod="0" />
    </MapTiles>
    <StaticTiles />
  </TransInfo>
  <TransInfo Description="Small Dirt to Cobblestones AC" HashKey="081818080818181818">
    <MapTiles>
      <MapTile TileID="1001" AltIDMod="0" />
    </MapTiles>
    <StaticTiles />
  </TransInfo>
  <TransInfo Description="Small Dirt to Cobblestones AC" HashKey="081818180818181818">
    <MapTiles>
      <MapTile TileID="1001" AltIDMod="0" />
    </MapTiles>
    <StaticTiles />
  </TransInfo>
  <TransInfo Description="Small Dirt to Cobblestones AC" HashKey="180808180818080808">
    <MapTiles>
      <MapTile TileID="1001" AltIDMod="0" />
    </MapTiles>
    <StaticTiles />
  </TransInfo>
  <TransInfo Description="Small Dirt to Cobblestones AC" HashKey="180808080818180808">
    <MapTiles>
      <MapTile TileID="1001" AltIDMod="0" />
    </MapTiles>
    <StaticTiles />
  </TransInfo>
  <TransInfo Description="Small Dirt to Cobblestones AC" HashKey="180808180818180808">
    <MapTiles>
      <MapTile TileID="1001" AltIDMod="0" />
    </MapTiles>
    <StaticTiles />
  </TransInfo>
  <TransInfo Description="Small Dirt to Cobblestones AC" HashKey="180808080818081808">
    <MapTiles>
      <MapTile TileID="1001" AltIDMod="0" />
    </MapTiles>
    <StaticTiles />
  </TransInfo>
  <TransInfo Description="Small Dirt to Cobblestones AC" HashKey="180808180818081808">
    <MapTiles>
      <MapTile TileID="1001" AltIDMod="0" />
    </MapTiles>
    <StaticTiles />
  </TransInfo>
  <TransInfo Description="Small Dirt to Cobblestones AC" HashKey="180808080818181808">
    <MapTiles>
      <MapTile TileID="1001" AltIDMod="0" />
    </MapTiles>
    <StaticTiles />
  </TransInfo>
  <TransInfo Description="Small Dirt to Cobblestones AC" HashKey="180808180818181808">
    <MapTiles>
      <MapTile TileID="1001" AltIDMod="0" />
    </MapTiles>
    <StaticTiles />
  </TransInfo>
  <TransInfo Description="Small Dirt to Cobblestones AC" HashKey="180808180818080818">
    <MapTiles>
      <MapTile TileID="1001" AltIDMod="0" />
    </MapTiles>
    <StaticTiles />
  </TransInfo>
  <TransInfo Description="Small Dirt to Cobblestones AC" HashKey="180808080818180818">
    <MapTiles>
      <MapTile TileID="1001" AltIDMod="0" />
    </MapTiles>
    <StaticTiles />
  </TransInfo>
  <TransInfo Description="Small Dirt to Cobblestones AC" HashKey="180808180818180818">
    <MapTiles>
      <MapTile TileID="1001" AltIDMod="0" />
    </MapTiles>
    <StaticTiles />
  </TransInfo>
  <TransInfo Description="Small Dirt to Cobblestones AC" HashKey="180808080818081818">
    <MapTiles>
      <MapTile TileID="1001" AltIDMod="0" />
    </MapTiles>
    <StaticTiles />
  </TransInfo>
  <TransInfo Description="Small Dirt to Cobblestones AC" HashKey="180808180818081818">
    <MapTiles>
      <MapTile TileID="1001" AltIDMod="0" />
    </MapTiles>
    <StaticTiles />
  </TransInfo>
  <TransInfo Description="Small Dirt to Cobblestones AC" HashKey="180808080818181818">
    <MapTiles>
      <MapTile TileID="1001" AltIDMod="0" />
    </MapTiles>
    <StaticTiles />
  </TransInfo>
  <TransInfo Description="Small Dirt to Cobblestones AC" HashKey="180808180818181818">
    <MapTiles>
      <MapTile TileID="1001" AltIDMod="0" />
    </MapTiles>
    <StaticTiles />
  </TransInfo>
  <TransInfo Description="Small Dirt to Cobblestones AC" HashKey="180818080808081808">
    <MapTiles>
      <MapTile TileID="1001" AltIDMod="0" />
    </MapTiles>
    <StaticTiles />
  </TransInfo>
  <TransInfo Description="Small Dirt to Cobblestones AC" HashKey="180818180808081808">
    <MapTiles>
      <MapTile TileID="1001" AltIDMod="0" />
    </MapTiles>
    <StaticTiles />
  </TransInfo>
  <TransInfo Description="Small Dirt to Cobblestones AC" HashKey="180818080808181808">
    <MapTiles>
      <MapTile TileID="1001" AltIDMod="0" />
    </MapTiles>
    <StaticTiles />
  </TransInfo>
  <TransInfo Description="Small Dirt to Cobblestones AC" HashKey="180818180808181808">
    <MapTiles>
      <MapTile TileID="1001" AltIDMod="0" />
    </MapTiles>
    <StaticTiles />
  </TransInfo>
  <TransInfo Description="Small Dirt to Cobblestones AC" HashKey="180818180808080818">
    <MapTiles>
      <MapTile TileID="1001" AltIDMod="0" />
    </MapTiles>
    <StaticTiles />
  </TransInfo>
  <TransInfo Description="Small Dirt to Cobblestones AC" HashKey="180818080808180818">
    <MapTiles>
      <MapTile TileID="1001" AltIDMod="0" />
    </MapTiles>
    <StaticTiles />
  </TransInfo>
  <TransInfo Description="Small Dirt to Cobblestones AC" HashKey="180818180808180818">
    <MapTiles>
      <MapTile TileID="1001" AltIDMod="0" />
    </MapTiles>
    <StaticTiles />
  </TransInfo>
  <TransInfo Description="Small Dirt to Cobblestones AC" HashKey="180818080808081818">
    <MapTiles>
      <MapTile TileID="1001" AltIDMod="0" />
    </MapTiles>
    <StaticTiles />
  </TransInfo>
  <TransInfo Description="Small Dirt to Cobblestones AC" HashKey="180818180808081818">
    <MapTiles>
      <MapTile TileID="1001" AltIDMod="0" />
    </MapTiles>
    <StaticTiles />
  </TransInfo>
  <TransInfo Description="Small Dirt to Cobblestones AC" HashKey="180818080808181818">
    <MapTiles>
      <MapTile TileID="1001" AltIDMod="0" />
    </MapTiles>
    <StaticTiles />
  </TransInfo>
  <TransInfo Description="Small Dirt to Cobblestones AC" HashKey="180818180808181818">
    <MapTiles>
      <MapTile TileID="1001" AltIDMod="0" />
    </MapTiles>
    <StaticTiles />
  </TransInfo>
  <TransInfo Description="Small Dirt to Cobblestones AC" HashKey="180818180818080808">
    <MapTiles>
      <MapTile TileID="1001" AltIDMod="0" />
    </MapTiles>
    <StaticTiles />
  </TransInfo>
  <TransInfo Description="Small Dirt to Cobblestones AC" HashKey="180818080818180808">
    <MapTiles>
      <MapTile TileID="1001" AltIDMod="0" />
    </MapTiles>
    <StaticTiles />
  </TransInfo>
  <TransInfo Description="Small Dirt to Cobblestones AC" HashKey="180818180818180808">
    <MapTiles>
      <MapTile TileID="1001" AltIDMod="0" />
    </MapTiles>
    <StaticTiles />
  </TransInfo>
  <TransInfo Description="Small Dirt to Cobblestones AC" HashKey="180818080818081808">
    <MapTiles>
      <MapTile TileID="1001" AltIDMod="0" />
    </MapTiles>
    <StaticTiles />
  </TransInfo>
  <TransInfo Description="Small Dirt to Cobblestones AC" HashKey="180818180818081808">
    <MapTiles>
      <MapTile TileID="1001" AltIDMod="0" />
    </MapTiles>
    <StaticTiles />
  </TransInfo>
  <TransInfo Description="Small Dirt to Cobblestones AC" HashKey="180818080818181808">
    <MapTiles>
      <MapTile TileID="1001" AltIDMod="0" />
    </MapTiles>
    <StaticTiles />
  </TransInfo>
  <TransInfo Description="Small Dirt to Cobblestones AC" HashKey="180818180818181808">
    <MapTiles>
      <MapTile TileID="1001" AltIDMod="0" />
    </MapTiles>
    <StaticTiles />
  </TransInfo>
  <TransInfo Description="Small Dirt to Cobblestones AC" HashKey="180818180818080818">
    <MapTiles>
      <MapTile TileID="1001" AltIDMod="0" />
    </MapTiles>
    <StaticTiles />
  </TransInfo>
  <TransInfo Description="Small Dirt to Cobblestones AC" HashKey="180818080818180818">
    <MapTiles>
      <MapTile TileID="1001" AltIDMod="0" />
    </MapTiles>
    <StaticTiles />
  </TransInfo>
  <TransInfo Description="Small Dirt to Cobblestones AC" HashKey="180818180818180818">
    <MapTiles>
      <MapTile TileID="1001" AltIDMod="0" />
    </MapTiles>
    <StaticTiles />
  </TransInfo>
  <TransInfo Description="Small Dirt to Cobblestones AC" HashKey="180818080818081818">
    <MapTiles>
      <MapTile TileID="1001" AltIDMod="0" />
    </MapTiles>
    <StaticTiles />
  </TransInfo>
  <TransInfo Description="Small Dirt to Cobblestones AC" HashKey="180818180818081818">
    <MapTiles>
      <MapTile TileID="1001" AltIDMod="0" />
    </MapTiles>
    <StaticTiles />
  </TransInfo>
  <TransInfo Description="Small Dirt to Cobblestones AC" HashKey="180818080818181818">
    <MapTiles>
      <MapTile TileID="1001" AltIDMod="0" />
    </MapTiles>
    <StaticTiles />
  </TransInfo>
  <TransInfo Description="Small Dirt to Cobblestones AC" HashKey="180818180818181818">
    <MapTiles>
      <MapTile TileID="1001" AltIDMod="0" />
    </MapTiles>
    <StaticTiles />
  </TransInfo>
  <TransInfo Description="Small Dirt to Cobblestones AC" HashKey="181808080808081808">
    <MapTiles>
      <MapTile TileID="1001" AltIDMod="0" />
    </MapTiles>
    <StaticTiles />
  </TransInfo>
  <TransInfo Description="Small Dirt to Cobblestones AC" HashKey="181808180808081808">
    <MapTiles>
      <MapTile TileID="1001" AltIDMod="0" />
    </MapTiles>
    <StaticTiles />
  </TransInfo>
  <TransInfo Description="Small Dirt to Cobblestones AC" HashKey="181808080808181808">
    <MapTiles>
      <MapTile TileID="1001" AltIDMod="0" />
    </MapTiles>
    <StaticTiles />
  </TransInfo>
  <TransInfo Description="Small Dirt to Cobblestones AC" HashKey="181808180808181808">
    <MapTiles>
      <MapTile TileID="1001" AltIDMod="0" />
    </MapTiles>
    <StaticTiles />
  </TransInfo>
  <TransInfo Description="Small Dirt to Cobblestones AC" HashKey="181808180808080818">
    <MapTiles>
      <MapTile TileID="1001" AltIDMod="0" />
    </MapTiles>
    <StaticTiles />
  </TransInfo>
  <TransInfo Description="Small Dirt to Cobblestones AC" HashKey="181808080808180818">
    <MapTiles>
      <MapTile TileID="1001" AltIDMod="0" />
    </MapTiles>
    <StaticTiles />
  </TransInfo>
  <TransInfo Description="Small Dirt to Cobblestones AC" HashKey="181808180808180818">
    <MapTiles>
      <MapTile TileID="1001" AltIDMod="0" />
    </MapTiles>
    <StaticTiles />
  </TransInfo>
  <TransInfo Description="Small Dirt to Cobblestones AC" HashKey="181808080808081818">
    <MapTiles>
      <MapTile TileID="1001" AltIDMod="0" />
    </MapTiles>
    <StaticTiles />
  </TransInfo>
  <TransInfo Description="Small Dirt to Cobblestones AC" HashKey="181808180808081818">
    <MapTiles>
      <MapTile TileID="1001" AltIDMod="0" />
    </MapTiles>
    <StaticTiles />
  </TransInfo>
  <TransInfo Description="Small Dirt to Cobblestones AC" HashKey="181808080808181818">
    <MapTiles>
      <MapTile TileID="1001" AltIDMod="0" />
    </MapTiles>
    <StaticTiles />
  </TransInfo>
  <TransInfo Description="Small Dirt to Cobblestones AC" HashKey="181808180808181818">
    <MapTiles>
      <MapTile TileID="1001" AltIDMod="0" />
    </MapTiles>
    <StaticTiles />
  </TransInfo>
  <TransInfo Description="Small Dirt to Cobblestones AC" HashKey="181808180818080808">
    <MapTiles>
      <MapTile TileID="1001" AltIDMod="0" />
    </MapTiles>
    <StaticTiles />
  </TransInfo>
  <TransInfo Description="Small Dirt to Cobblestones AC" HashKey="181808080818180808">
    <MapTiles>
      <MapTile TileID="1001" AltIDMod="0" />
    </MapTiles>
    <StaticTiles />
  </TransInfo>
  <TransInfo Description="Small Dirt to Cobblestones AC" HashKey="181808180818180808">
    <MapTiles>
      <MapTile TileID="1001" AltIDMod="0" />
    </MapTiles>
    <StaticTiles />
  </TransInfo>
  <TransInfo Description="Small Dirt to Cobblestones AC" HashKey="181808080818081808">
    <MapTiles>
      <MapTile TileID="1001" AltIDMod="0" />
    </MapTiles>
    <StaticTiles />
  </TransInfo>
  <TransInfo Description="Small Dirt to Cobblestones AC" HashKey="181808180818081808">
    <MapTiles>
      <MapTile TileID="1001" AltIDMod="0" />
    </MapTiles>
    <StaticTiles />
  </TransInfo>
  <TransInfo Description="Small Dirt to Cobblestones AC" HashKey="181808080818181808">
    <MapTiles>
      <MapTile TileID="1001" AltIDMod="0" />
    </MapTiles>
    <StaticTiles />
  </TransInfo>
  <TransInfo Description="Small Dirt to Cobblestones AC" HashKey="181808180818181808">
    <MapTiles>
      <MapTile TileID="1001" AltIDMod="0" />
    </MapTiles>
    <StaticTiles />
  </TransInfo>
  <TransInfo Description="Small Dirt to Cobblestones AC" HashKey="181808180818080818">
    <MapTiles>
      <MapTile TileID="1001" AltIDMod="0" />
    </MapTiles>
    <StaticTiles />
  </TransInfo>
  <TransInfo Description="Small Dirt to Cobblestones AC" HashKey="181808080818180818">
    <MapTiles>
      <MapTile TileID="1001" AltIDMod="0" />
    </MapTiles>
    <StaticTiles />
  </TransInfo>
  <TransInfo Description="Small Dirt to Cobblestones AC" HashKey="181808180818180818">
    <MapTiles>
      <MapTile TileID="1001" AltIDMod="0" />
    </MapTiles>
    <StaticTiles />
  </TransInfo>
  <TransInfo Description="Small Dirt to Cobblestones AC" HashKey="181808080818081818">
    <MapTiles>
      <MapTile TileID="1001" AltIDMod="0" />
    </MapTiles>
    <StaticTiles />
  </TransInfo>
  <TransInfo Description="Small Dirt to Cobblestones AC" HashKey="181808180818081818">
    <MapTiles>
      <MapTile TileID="1001" AltIDMod="0" />
    </MapTiles>
    <StaticTiles />
  </TransInfo>
  <TransInfo Description="Small Dirt to Cobblestones AC" HashKey="181808080818181818">
    <MapTiles>
      <MapTile TileID="1001" AltIDMod="0" />
    </MapTiles>
    <StaticTiles />
  </TransInfo>
  <TransInfo Description="Small Dirt to Cobblestones AC" HashKey="181808180818181818">
    <MapTiles>
      <MapTile TileID="1001" AltIDMod="0" />
    </MapTiles>
    <StaticTiles />
  </TransInfo>
  <TransInfo Description="Small Dirt to Cobblestones AC" HashKey="181818080808081808">
    <MapTiles>
      <MapTile TileID="1001" AltIDMod="0" />
    </MapTiles>
    <StaticTiles />
  </TransInfo>
  <TransInfo Description="Small Dirt to Cobblestones AC" HashKey="181818180808081808">
    <MapTiles>
      <MapTile TileID="1001" AltIDMod="0" />
    </MapTiles>
    <StaticTiles />
  </TransInfo>
  <TransInfo Description="Small Dirt to Cobblestones AC" HashKey="181818080808181808">
    <MapTiles>
      <MapTile TileID="1001" AltIDMod="0" />
    </MapTiles>
    <StaticTiles />
  </TransInfo>
  <TransInfo Description="Small Dirt to Cobblestones AC" HashKey="181818180808181808">
    <MapTiles>
      <MapTile TileID="1001" AltIDMod="0" />
    </MapTiles>
    <StaticTiles />
  </TransInfo>
  <TransInfo Description="Small Dirt to Cobblestones AC" HashKey="181818180808080818">
    <MapTiles>
      <MapTile TileID="1001" AltIDMod="0" />
    </MapTiles>
    <StaticTiles />
  </TransInfo>
  <TransInfo Description="Small Dirt to Cobblestones AC" HashKey="181818080808180818">
    <MapTiles>
      <MapTile TileID="1001" AltIDMod="0" />
    </MapTiles>
    <StaticTiles />
  </TransInfo>
  <TransInfo Description="Small Dirt to Cobblestones AC" HashKey="181818180808180818">
    <MapTiles>
      <MapTile TileID="1001" AltIDMod="0" />
    </MapTiles>
    <StaticTiles />
  </TransInfo>
  <TransInfo Description="Small Dirt to Cobblestones AC" HashKey="181818080808081818">
    <MapTiles>
      <MapTile TileID="1001" AltIDMod="0" />
    </MapTiles>
    <StaticTiles />
  </TransInfo>
  <TransInfo Description="Small Dirt to Cobblestones AC" HashKey="181818180808081818">
    <MapTiles>
      <MapTile TileID="1001" AltIDMod="0" />
    </MapTiles>
    <StaticTiles />
  </TransInfo>
  <TransInfo Description="Small Dirt to Cobblestones AC" HashKey="181818080808181818">
    <MapTiles>
      <MapTile TileID="1001" AltIDMod="0" />
    </MapTiles>
    <StaticTiles />
  </TransInfo>
  <TransInfo Description="Small Dirt to Cobblestones AC" HashKey="181818180808181818">
    <MapTiles>
      <MapTile TileID="1001" AltIDMod="0" />
    </MapTiles>
    <StaticTiles />
  </TransInfo>
  <TransInfo Description="Small Dirt to Cobblestones AC" HashKey="181818180818080808">
    <MapTiles>
      <MapTile TileID="1001" AltIDMod="0" />
    </MapTiles>
    <StaticTiles />
  </TransInfo>
  <TransInfo Description="Small Dirt to Cobblestones AC" HashKey="181818080818180808">
    <MapTiles>
      <MapTile TileID="1001" AltIDMod="0" />
    </MapTiles>
    <StaticTiles />
  </TransInfo>
  <TransInfo Description="Small Dirt to Cobblestones AC" HashKey="181818180818180808">
    <MapTiles>
      <MapTile TileID="1001" AltIDMod="0" />
    </MapTiles>
    <StaticTiles />
  </TransInfo>
  <TransInfo Description="Small Dirt to Cobblestones AC" HashKey="181818080818081808">
    <MapTiles>
      <MapTile TileID="1001" AltIDMod="0" />
    </MapTiles>
    <StaticTiles />
  </TransInfo>
  <TransInfo Description="Small Dirt to Cobblestones AC" HashKey="181818180818081808">
    <MapTiles>
      <MapTile TileID="1001" AltIDMod="0" />
    </MapTiles>
    <StaticTiles />
  </TransInfo>
  <TransInfo Description="Small Dirt to Cobblestones AC" HashKey="181818080818181808">
    <MapTiles>
      <MapTile TileID="1001" AltIDMod="0" />
    </MapTiles>
    <StaticTiles />
  </TransInfo>
  <TransInfo Description="Small Dirt to Cobblestones AC" HashKey="181818180818181808">
    <MapTiles>
      <MapTile TileID="1001" AltIDMod="0" />
    </MapTiles>
    <StaticTiles />
  </TransInfo>
  <TransInfo Description="Small Dirt to Cobblestones AC" HashKey="181818180818080818">
    <MapTiles>
      <MapTile TileID="1001" AltIDMod="0" />
    </MapTiles>
    <StaticTiles />
  </TransInfo>
  <TransInfo Description="Small Dirt to Cobblestones AC" HashKey="181818080818180818">
    <MapTiles>
      <MapTile TileID="1001" AltIDMod="0" />
    </MapTiles>
    <StaticTiles />
  </TransInfo>
  <TransInfo Description="Small Dirt to Cobblestones AC" HashKey="181818180818180818">
    <MapTiles>
      <MapTile TileID="1001" AltIDMod="0" />
    </MapTiles>
    <StaticTiles />
  </TransInfo>
  <TransInfo Description="Small Dirt to Cobblestones AC" HashKey="181818080818081818">
    <MapTiles>
      <MapTile TileID="1001" AltIDMod="0" />
    </MapTiles>
    <StaticTiles />
  </TransInfo>
  <TransInfo Description="Small Dirt to Cobblestones AC" HashKey="181818180818081818">
    <MapTiles>
      <MapTile TileID="1001" AltIDMod="0" />
    </MapTiles>
    <StaticTiles />
  </TransInfo>
  <TransInfo Description="Small Dirt to Cobblestones AC" HashKey="181818080818181818">
    <MapTiles>
      <MapTile TileID="1001" AltIDMod="0" />
    </MapTiles>
    <StaticTiles />
  </TransInfo>
  <TransInfo Description="Small Dirt to Cobblestones AC" HashKey="181818180818181818">
    <MapTiles>
      <MapTile TileID="1001" AltIDMod="0" />
    </MapTiles>
    <StaticTiles />
  </TransInfo>
  <TransInfo Description="Small Dirt to Cobblestones IWE" HashKey="180808080808080818">
    <MapTiles>
      <MapTile TileID="117" AltIDMod="0" />
    </MapTiles>
    <StaticTiles />
  </TransInfo>
  <TransInfo Description="Small Dirt to Cobblestones INS" HashKey="080818080808180808">
    <MapTiles>
      <MapTile TileID="117" AltIDMod="0" />
    </MapTiles>
    <StaticTiles />
  </TransInfo>
</Trans>