﻿<?xml version="1.0" encoding="utf-8"?>
<Trans>
    <TransInfo Description="Small Dirt to Snow SN" HashKey="0C0C0C080808080808">
    <MapTiles>
      <MapTile TileID="901" AltIDMod="0" />
    </MapTiles>
    <StaticTiles />
  </TransInfo>
  <TransInfo Description="Small Dirt to Snow SN" HashKey="080C0C080808080808">
    <MapTiles>
      <MapTile TileID="901" AltIDMod="0" />
    </MapTiles>
    <StaticTiles />
  </TransInfo>
  <TransInfo Description="Small Dirt to Snow SN" HashKey="0C0C08080808080808">
    <MapTiles>
      <MapTile TileID="901" AltIDMod="0" />
    </MapTiles>
    <StaticTiles />
  </TransInfo>
  <TransInfo Description="Small Dirt to Snow SN" HashKey="080C08080808080808">
    <MapTiles>
      <MapTile TileID="901" AltIDMod="0" />
    </MapTiles>
    <StaticTiles />
  </TransInfo>
  <TransInfo Description="Small Dirt to Snow SN" HashKey="0C080C080808080808">
    <MapTiles>
      <MapTile TileID="901" AltIDMod="0" />
    </MapTiles>
    <StaticTiles />
  </TransInfo>
  <TransInfo Description="Small Dirt to Snow EW" HashKey="0C08080C08080C0808">
    <MapTiles>
      <MapTile TileID="902" AltIDMod="0" />
    </MapTiles>
    <StaticTiles />
  </TransInfo>
  <TransInfo Description="Small Dirt to Snow EW" HashKey="0C08080C0808080808">
    <MapTiles>
      <MapTile TileID="902" AltIDMod="0" />
    </MapTiles>
    <StaticTiles />
  </TransInfo>
  <TransInfo Description="Small Dirt to Snow EW" HashKey="0808080C08080C0808">
    <MapTiles>
      <MapTile TileID="902" AltIDMod="0" />
    </MapTiles>
    <StaticTiles />
  </TransInfo>
  <TransInfo Description="Small Dirt to Snow EW" HashKey="0808080C0808080808">
    <MapTiles>
      <MapTile TileID="902" AltIDMod="0" />
    </MapTiles>
    <StaticTiles />
  </TransInfo>
  <TransInfo Description="Small Dirt to Snow EW" HashKey="0C08080808080C0808">
    <MapTiles>
      <MapTile TileID="902" AltIDMod="0" />
    </MapTiles>
    <StaticTiles />
  </TransInfo>
  <TransInfo Description="Small Dirt to Snow WE" HashKey="08080C08080C08080C">
    <MapTiles>
      <MapTile TileID="903" AltIDMod="0" />
    </MapTiles>
    <StaticTiles />
  </TransInfo>
  <TransInfo Description="Small Dirt to Snow WE" HashKey="08080808080C08080C">
    <MapTiles>
      <MapTile TileID="903" AltIDMod="0" />
    </MapTiles>
    <StaticTiles />
  </TransInfo>
  <TransInfo Description="Small Dirt to Snow WE" HashKey="08080C08080C080808">
    <MapTiles>
      <MapTile TileID="903" AltIDMod="0" />
    </MapTiles>
    <StaticTiles />
  </TransInfo>
  <TransInfo Description="Small Dirt to Snow WE" HashKey="08080808080C080808">
    <MapTiles>
      <MapTile TileID="903" AltIDMod="0" />
    </MapTiles>
    <StaticTiles />
  </TransInfo>
  <TransInfo Description="Small Dirt to Snow WE" HashKey="08080C08080808080C">
    <MapTiles>
      <MapTile TileID="903" AltIDMod="0" />
    </MapTiles>
    <StaticTiles />
  </TransInfo>
  <TransInfo Description="Small Dirt to Snow NS" HashKey="0808080808080C0C0C">
    <MapTiles>
      <MapTile TileID="904" AltIDMod="0" />
    </MapTiles>
    <StaticTiles />
  </TransInfo>
  <TransInfo Description="Small Dirt to Snow NS" HashKey="0808080808080C0C08">
    <MapTiles>
      <MapTile TileID="904" AltIDMod="0" />
    </MapTiles>
    <StaticTiles />
  </TransInfo>
  <TransInfo Description="Small Dirt to Snow NS" HashKey="080808080808080C0C">
    <MapTiles>
      <MapTile TileID="904" AltIDMod="0" />
    </MapTiles>
    <StaticTiles />
  </TransInfo>
  <TransInfo Description="Small Dirt to Snow NS" HashKey="080808080808080C08">
    <MapTiles>
      <MapTile TileID="904" AltIDMod="0" />
    </MapTiles>
    <StaticTiles />
  </TransInfo>
  <TransInfo Description="Small Dirt to Snow NS" HashKey="0808080808080C080C">
    <MapTiles>
      <MapTile TileID="904" AltIDMod="0" />
    </MapTiles>
    <StaticTiles />
  </TransInfo>
  <TransInfo Description="Small Dirt to Snow NWA" HashKey="08080C08080C0C0C0C">
    <MapTiles>
      <MapTile TileID="905" AltIDMod="0" />
    </MapTiles>
    <StaticTiles />
  </TransInfo>
  <TransInfo Description="Small Dirt to Snow NWA" HashKey="08080808080C0C0C0C">
    <MapTiles>
      <MapTile TileID="905" AltIDMod="0" />
    </MapTiles>
    <StaticTiles />
  </TransInfo>
  <TransInfo Description="Small Dirt to Snow NWA" HashKey="08080C08080C080C0C">
    <MapTiles>
      <MapTile TileID="905" AltIDMod="0" />
    </MapTiles>
    <StaticTiles />
  </TransInfo>
  <TransInfo Description="Small Dirt to Snow NWA" HashKey="08080808080C080C0C">
    <MapTiles>
      <MapTile TileID="905" AltIDMod="0" />
    </MapTiles>
    <StaticTiles />
  </TransInfo>
  <TransInfo Description="Small Dirt to Snow NWA" HashKey="08080808080C080C08">
    <MapTiles>
      <MapTile TileID="905" AltIDMod="0" />
    </MapTiles>
    <StaticTiles />
  </TransInfo>
  <TransInfo Description="Small Dirt to Snow NWA" HashKey="08080C080808080C0C">
    <MapTiles>
      <MapTile TileID="905" AltIDMod="0" />
    </MapTiles>
    <StaticTiles />
  </TransInfo>
  <TransInfo Description="Small Dirt to Snow NWA" HashKey="08080C0808080C0C0C">
    <MapTiles>
      <MapTile TileID="905" AltIDMod="0" />
    </MapTiles>
    <StaticTiles />
  </TransInfo>
  <TransInfo Description="Small Dirt to Snow NWA" HashKey="08080C0808080C0C08">
    <MapTiles>
      <MapTile TileID="905" AltIDMod="0" />
    </MapTiles>
    <StaticTiles />
  </TransInfo>
  <TransInfo Description="Small Dirt to Snow NWA" HashKey="08080808080C0C080C">
    <MapTiles>
      <MapTile TileID="905" AltIDMod="0" />
    </MapTiles>
    <StaticTiles />
  </TransInfo>
  <TransInfo Description="Small Dirt to Snow NWA" HashKey="08080C08080C0C080C">
    <MapTiles>
      <MapTile TileID="905" AltIDMod="0" />
    </MapTiles>
    <StaticTiles />
  </TransInfo>
  <TransInfo Description="Small Dirt to Snow NWA" HashKey="08080C08080C0C0C08">
    <MapTiles>
      <MapTile TileID="905" AltIDMod="0" />
    </MapTiles>
    <StaticTiles />
  </TransInfo>
  <TransInfo Description="Small Dirt to Snow NWA" HashKey="08080C08080C0C0808">
    <MapTiles>
      <MapTile TileID="905" AltIDMod="0" />
    </MapTiles>
    <StaticTiles />
  </TransInfo>
  <TransInfo Description="Small Dirt to Snow NWA" HashKey="08080C080808080C08">
    <MapTiles>
      <MapTile TileID="905" AltIDMod="0" />
    </MapTiles>
    <StaticTiles />
  </TransInfo>
  <TransInfo Description="Small Dirt to Snow NWA" HashKey="08080808080C0C0808">
    <MapTiles>
      <MapTile TileID="905" AltIDMod="0" />
    </MapTiles>
    <StaticTiles />
  </TransInfo>
  <TransInfo Description="Small Dirt to Snow NWA" HashKey="08080C08080C080C08">
    <MapTiles>
      <MapTile TileID="905" AltIDMod="0" />
    </MapTiles>
    <StaticTiles />
  </TransInfo>
  <TransInfo Description="Small Dirt to Snow NWA" HashKey="08080C0808080C080C">
    <MapTiles>
      <MapTile TileID="905" AltIDMod="0" />
    </MapTiles>
    <StaticTiles />
  </TransInfo>
  <TransInfo Description="Small Dirt to Snow NWA" HashKey="08080808080C0C0C08">
    <MapTiles>
      <MapTile TileID="905" AltIDMod="0" />
    </MapTiles>
    <StaticTiles />
  </TransInfo>
  <TransInfo Description="Small Dirt to Snow SEA" HashKey="0C0C0C0C08080C0808">
    <MapTiles>
      <MapTile TileID="906" AltIDMod="0" />
    </MapTiles>
    <StaticTiles />
  </TransInfo>
  <TransInfo Description="Small Dirt to Snow SEA" HashKey="0C0C080C08080C0808">
    <MapTiles>
      <MapTile TileID="906" AltIDMod="0" />
    </MapTiles>
    <StaticTiles />
  </TransInfo>
  <TransInfo Description="Small Dirt to Snow SEA" HashKey="0C0C0C0C0808080808">
    <MapTiles>
      <MapTile TileID="906" AltIDMod="0" />
    </MapTiles>
    <StaticTiles />
  </TransInfo>
  <TransInfo Description="Small Dirt to Snow SEA" HashKey="0C0C080C0808080808">
    <MapTiles>
      <MapTile TileID="906" AltIDMod="0" />
    </MapTiles>
    <StaticTiles />
  </TransInfo>
  <TransInfo Description="Small Dirt to Snow SEA" HashKey="0C080C0C0808080808">
    <MapTiles>
      <MapTile TileID="906" AltIDMod="0" />
    </MapTiles>
    <StaticTiles />
  </TransInfo>
  <TransInfo Description="Small Dirt to Snow SEA" HashKey="0C0C080808080C0808">
    <MapTiles>
      <MapTile TileID="906" AltIDMod="0" />
    </MapTiles>
    <StaticTiles />
  </TransInfo>
  <TransInfo Description="Small Dirt to Snow SEA" HashKey="080C0C0808080C0808">
    <MapTiles>
      <MapTile TileID="906" AltIDMod="0" />
    </MapTiles>
    <StaticTiles />
  </TransInfo>
  <TransInfo Description="Small Dirt to Snow SEA" HashKey="0C080C0808080C0808">
    <MapTiles>
      <MapTile TileID="906" AltIDMod="0" />
    </MapTiles>
    <StaticTiles />
  </TransInfo>
  <TransInfo Description="Small Dirt to Snow SEA" HashKey="0C0C0C0808080C0808">
    <MapTiles>
      <MapTile TileID="906" AltIDMod="0" />
    </MapTiles>
    <StaticTiles />
  </TransInfo>
  <TransInfo Description="Small Dirt to Snow SEA" HashKey="080C080C0808080808">
    <MapTiles>
      <MapTile TileID="906" AltIDMod="0" />
    </MapTiles>
    <StaticTiles />
  </TransInfo>
  <TransInfo Description="Small Dirt to Snow SEA" HashKey="0C080C0C08080C0808">
    <MapTiles>
      <MapTile TileID="906" AltIDMod="0" />
    </MapTiles>
    <StaticTiles />
  </TransInfo>
  <TransInfo Description="Small Dirt to Snow SEA" HashKey="08080C0C08080C0808">
    <MapTiles>
      <MapTile TileID="906" AltIDMod="0" />
    </MapTiles>
    <StaticTiles />
  </TransInfo>
  <TransInfo Description="Small Dirt to Snow SEA" HashKey="080C0C0C08080C0808">
    <MapTiles>
      <MapTile TileID="906" AltIDMod="0" />
    </MapTiles>
    <StaticTiles />
  </TransInfo>
  <TransInfo Description="Small Dirt to Snow SEA" HashKey="08080C0C0808080808">
    <MapTiles>
      <MapTile TileID="906" AltIDMod="0" />
    </MapTiles>
    <StaticTiles />
  </TransInfo>
  <TransInfo Description="Small Dirt to Snow SEA" HashKey="080C080C08080C0808">
    <MapTiles>
      <MapTile TileID="906" AltIDMod="0" />
    </MapTiles>
    <StaticTiles />
  </TransInfo>
  <TransInfo Description="Small Dirt to Snow SEA" HashKey="080C080808080C0808">
    <MapTiles>
      <MapTile TileID="906" AltIDMod="0" />
    </MapTiles>
    <StaticTiles />
  </TransInfo>
  <TransInfo Description="Small Dirt to Snow SEA" HashKey="080C0C0C0808080808">
    <MapTiles>
      <MapTile TileID="906" AltIDMod="0" />
    </MapTiles>
    <StaticTiles />
  </TransInfo>
  <TransInfo Description="Small Dirt to Snow NEA" HashKey="0C08080C08080C0C0C">
    <MapTiles>
      <MapTile TileID="907" AltIDMod="0" />
    </MapTiles>
    <StaticTiles />
  </TransInfo>
  <TransInfo Description="Small Dirt to Snow NEA" HashKey="0808080C08080C0C0C">
    <MapTiles>
      <MapTile TileID="907" AltIDMod="0" />
    </MapTiles>
    <StaticTiles />
  </TransInfo>
  <TransInfo Description="Small Dirt to Snow NEA" HashKey="0C08080C08080C0C08">
    <MapTiles>
      <MapTile TileID="907" AltIDMod="0" />
    </MapTiles>
    <StaticTiles />
  </TransInfo>
  <TransInfo Description="Small Dirt to Snow NEA" HashKey="0808080C08080C0C08">
    <MapTiles>
      <MapTile TileID="907" AltIDMod="0" />
    </MapTiles>
    <StaticTiles />
  </TransInfo>
  <TransInfo Description="Small Dirt to Snow NEA" HashKey="0808080C0808080C08">
    <MapTiles>
      <MapTile TileID="907" AltIDMod="0" />
    </MapTiles>
    <StaticTiles />
  </TransInfo>
  <TransInfo Description="Small Dirt to Snow NEA" HashKey="0C08080C080808080C">
    <MapTiles>
      <MapTile TileID="907" AltIDMod="0" />
    </MapTiles>
    <StaticTiles />
  </TransInfo>
  <TransInfo Description="Small Dirt to Snow NEA" HashKey="0C08080808080C0C0C">
    <MapTiles>
      <MapTile TileID="907" AltIDMod="0" />
    </MapTiles>
    <StaticTiles />
  </TransInfo>
  <TransInfo Description="Small Dirt to Snow NEA" HashKey="0C08080808080C0C08">
    <MapTiles>
      <MapTile TileID="907" AltIDMod="0" />
    </MapTiles>
    <StaticTiles />
  </TransInfo>
  <TransInfo Description="Small Dirt to Snow NEA" HashKey="0C0808080808080C08">
    <MapTiles>
      <MapTile TileID="907" AltIDMod="0" />
    </MapTiles>
    <StaticTiles />
  </TransInfo>
  <TransInfo Description="Small Dirt to Snow NEA" HashKey="0808080C08080C080C">
    <MapTiles>
      <MapTile TileID="907" AltIDMod="0" />
    </MapTiles>
    <StaticTiles />
  </TransInfo>
  <TransInfo Description="Small Dirt to Snow NEA" HashKey="0C08080C08080C080C">
    <MapTiles>
      <MapTile TileID="907" AltIDMod="0" />
    </MapTiles>
    <StaticTiles />
  </TransInfo>
  <TransInfo Description="Small Dirt to Snow NEA" HashKey="0C0808080808080C0C">
    <MapTiles>
      <MapTile TileID="907" AltIDMod="0" />
    </MapTiles>
    <StaticTiles />
  </TransInfo>
  <TransInfo Description="Small Dirt to Snow NEA" HashKey="0C08080C0808080C0C">
    <MapTiles>
      <MapTile TileID="907" AltIDMod="0" />
    </MapTiles>
    <StaticTiles />
  </TransInfo>
  <TransInfo Description="Small Dirt to Snow NEA" HashKey="0808080C0808080C0C">
    <MapTiles>
      <MapTile TileID="907" AltIDMod="0" />
    </MapTiles>
    <StaticTiles />
  </TransInfo>
  <TransInfo Description="Small Dirt to Snow NEA" HashKey="0808080C080808080C">
    <MapTiles>
      <MapTile TileID="907" AltIDMod="0" />
    </MapTiles>
    <StaticTiles />
  </TransInfo>
  <TransInfo Description="Small Dirt to Snow NEA" HashKey="0C08080808080C080C">
    <MapTiles>
      <MapTile TileID="907" AltIDMod="0" />
    </MapTiles>
    <StaticTiles />
  </TransInfo>
  <TransInfo Description="Small Dirt to Snow NEA" HashKey="0C08080C0808080C08">
    <MapTiles>
      <MapTile TileID="907" AltIDMod="0" />
    </MapTiles>
    <StaticTiles />
  </TransInfo>
  <TransInfo Description="Small Dirt to Snow SWA" HashKey="0C0C0C08080C08080C">
    <MapTiles>
      <MapTile TileID="908" AltIDMod="0" />
    </MapTiles>
    <StaticTiles />
  </TransInfo>
  <TransInfo Description="Small Dirt to Snow SWA" HashKey="0C0C0C08080C080808">
    <MapTiles>
      <MapTile TileID="908" AltIDMod="0" />
    </MapTiles>
    <StaticTiles />
  </TransInfo>
  <TransInfo Description="Small Dirt to Snow SWA" HashKey="080C0C08080C08080C">
    <MapTiles>
      <MapTile TileID="908" AltIDMod="0" />
    </MapTiles>
    <StaticTiles />
  </TransInfo>
  <TransInfo Description="Small Dirt to Snow SWA" HashKey="080C0C08080C080808">
    <MapTiles>
      <MapTile TileID="908" AltIDMod="0" />
    </MapTiles>
    <StaticTiles />
  </TransInfo>
  <TransInfo Description="Small Dirt to Snow SWA" HashKey="0C080808080C08080C">
    <MapTiles>
      <MapTile TileID="908" AltIDMod="0" />
    </MapTiles>
    <StaticTiles />
  </TransInfo>
  <TransInfo Description="Small Dirt to Snow SWA" HashKey="0C080C08080C080808">
    <MapTiles>
      <MapTile TileID="908" AltIDMod="0" />
    </MapTiles>
    <StaticTiles />
  </TransInfo>
  <TransInfo Description="Small Dirt to Snow SWA" HashKey="0C080C08080C08080C">
    <MapTiles>
      <MapTile TileID="908" AltIDMod="0" />
    </MapTiles>
    <StaticTiles />
  </TransInfo>
  <TransInfo Description="Small Dirt to Snow SWA" HashKey="0C0C0808080808080C">
    <MapTiles>
      <MapTile TileID="908" AltIDMod="0" />
    </MapTiles>
    <StaticTiles />
  </TransInfo>
  <TransInfo Description="Small Dirt to Snow SWA" HashKey="080C0808080808080C">
    <MapTiles>
      <MapTile TileID="908" AltIDMod="0" />
    </MapTiles>
    <StaticTiles />
  </TransInfo>
  <TransInfo Description="Small Dirt to Snow SWA" HashKey="0C0C0C08080808080C">
    <MapTiles>
      <MapTile TileID="908" AltIDMod="0" />
    </MapTiles>
    <StaticTiles />
  </TransInfo>
  <TransInfo Description="Small Dirt to Snow SWA" HashKey="0C0C0808080C080808">
    <MapTiles>
      <MapTile TileID="908" AltIDMod="0" />
    </MapTiles>
    <StaticTiles />
  </TransInfo>
  <TransInfo Description="Small Dirt to Snow SWA" HashKey="080C0C08080808080C">
    <MapTiles>
      <MapTile TileID="908" AltIDMod="0" />
    </MapTiles>
    <StaticTiles />
  </TransInfo>
  <TransInfo Description="Small Dirt to Snow SWA" HashKey="080C0808080C080808">
    <MapTiles>
      <MapTile TileID="908" AltIDMod="0" />
    </MapTiles>
    <StaticTiles />
  </TransInfo>
  <TransInfo Description="Small Dirt to Snow SWA" HashKey="0C080808080C080808">
    <MapTiles>
      <MapTile TileID="908" AltIDMod="0" />
    </MapTiles>
    <StaticTiles />
  </TransInfo>
  <TransInfo Description="Small Dirt to Snow SWA" HashKey="0C080C08080808080C">
    <MapTiles>
      <MapTile TileID="908" AltIDMod="0" />
    </MapTiles>
    <StaticTiles />
  </TransInfo>
  <TransInfo Description="Small Dirt to Snow SWA" HashKey="080C0808080C08080C">
    <MapTiles>
      <MapTile TileID="908" AltIDMod="0" />
    </MapTiles>
    <StaticTiles />
  </TransInfo>
  <TransInfo Description="Small Dirt to Snow SWA" HashKey="0C0C0808080C08080C">
    <MapTiles>
      <MapTile TileID="908" AltIDMod="0" />
    </MapTiles>
    <StaticTiles />
  </TransInfo>
  <TransInfo Description="Small Dirt to Snow NWB" HashKey="0C0808080808080808">
    <MapTiles>
      <MapTile TileID="909" AltIDMod="0" />
    </MapTiles>
    <StaticTiles />
  </TransInfo>
  <TransInfo Description="Small Dirt to Snow SEB" HashKey="08080808080808080C">
    <MapTiles>
      <MapTile TileID="910" AltIDMod="0" />
    </MapTiles>
    <StaticTiles />
  </TransInfo>
  <TransInfo Description="Small Dirt to Snow NEB" HashKey="08080C080808080808">
    <MapTiles>
      <MapTile TileID="911" AltIDMod="0" />
    </MapTiles>
    <StaticTiles />
  </TransInfo>
  <TransInfo Description="Small Dirt to Snow SWB" HashKey="0808080808080C0808">
    <MapTiles>
      <MapTile TileID="912" AltIDMod="0" />
    </MapTiles>
    <StaticTiles />
  </TransInfo>
  <TransInfo Description="Small Dirt to Snow AC" HashKey="0808080C080C080808">
    <MapTiles>
      <MapTile TileID="282" AltIDMod="0" />
    </MapTiles>
    <StaticTiles />
  </TransInfo>
  <TransInfo Description="Small Dirt to Snow AC" HashKey="0808080C080C0C0808">
    <MapTiles>
      <MapTile TileID="282" AltIDMod="0" />
    </MapTiles>
    <StaticTiles />
  </TransInfo>
  <TransInfo Description="Small Dirt to Snow AC" HashKey="0808080C080C080C08">
    <MapTiles>
      <MapTile TileID="282" AltIDMod="0" />
    </MapTiles>
    <StaticTiles />
  </TransInfo>
  <TransInfo Description="Small Dirt to Snow AC" HashKey="0808080C080C0C0C08">
    <MapTiles>
      <MapTile TileID="282" AltIDMod="0" />
    </MapTiles>
    <StaticTiles />
  </TransInfo>
  <TransInfo Description="Small Dirt to Snow AC" HashKey="0808080C080C08080C">
    <MapTiles>
      <MapTile TileID="282" AltIDMod="0" />
    </MapTiles>
    <StaticTiles />
  </TransInfo>
  <TransInfo Description="Small Dirt to Snow AC" HashKey="0808080C080C0C080C">
    <MapTiles>
      <MapTile TileID="282" AltIDMod="0" />
    </MapTiles>
    <StaticTiles />
  </TransInfo>
  <TransInfo Description="Small Dirt to Snow AC" HashKey="0808080C080C080C0C">
    <MapTiles>
      <MapTile TileID="282" AltIDMod="0" />
    </MapTiles>
    <StaticTiles />
  </TransInfo>
  <TransInfo Description="Small Dirt to Snow AC" HashKey="0808080C080C0C0C0C">
    <MapTiles>
      <MapTile TileID="282" AltIDMod="0" />
    </MapTiles>
    <StaticTiles />
  </TransInfo>
  <TransInfo Description="Small Dirt to Snow AC" HashKey="08080C0C0808080C08">
    <MapTiles>
      <MapTile TileID="282" AltIDMod="0" />
    </MapTiles>
    <StaticTiles />
  </TransInfo>
  <TransInfo Description="Small Dirt to Snow AC" HashKey="08080C0C08080C0C08">
    <MapTiles>
      <MapTile TileID="282" AltIDMod="0" />
    </MapTiles>
    <StaticTiles />
  </TransInfo>
  <TransInfo Description="Small Dirt to Snow AC" HashKey="08080C0C080808080C">
    <MapTiles>
      <MapTile TileID="282" AltIDMod="0" />
    </MapTiles>
    <StaticTiles />
  </TransInfo>
  <TransInfo Description="Small Dirt to Snow AC" HashKey="08080C0C08080C080C">
    <MapTiles>
      <MapTile TileID="282" AltIDMod="0" />
    </MapTiles>
    <StaticTiles />
  </TransInfo>
  <TransInfo Description="Small Dirt to Snow AC" HashKey="08080C0C0808080C0C">
    <MapTiles>
      <MapTile TileID="282" AltIDMod="0" />
    </MapTiles>
    <StaticTiles />
  </TransInfo>
  <TransInfo Description="Small Dirt to Snow AC" HashKey="08080C0C08080C0C0C">
    <MapTiles>
      <MapTile TileID="282" AltIDMod="0" />
    </MapTiles>
    <StaticTiles />
  </TransInfo>
  <TransInfo Description="Small Dirt to Snow AC" HashKey="08080C0C080C080808">
    <MapTiles>
      <MapTile TileID="282" AltIDMod="0" />
    </MapTiles>
    <StaticTiles />
  </TransInfo>
  <TransInfo Description="Small Dirt to Snow AC" HashKey="08080C0C080C0C0808">
    <MapTiles>
      <MapTile TileID="282" AltIDMod="0" />
    </MapTiles>
    <StaticTiles />
  </TransInfo>
  <TransInfo Description="Small Dirt to Snow AC" HashKey="08080C0C080C080C08">
    <MapTiles>
      <MapTile TileID="282" AltIDMod="0" />
    </MapTiles>
    <StaticTiles />
  </TransInfo>
  <TransInfo Description="Small Dirt to Snow AC" HashKey="08080C0C080C0C0C08">
    <MapTiles>
      <MapTile TileID="282" AltIDMod="0" />
    </MapTiles>
    <StaticTiles />
  </TransInfo>
  <TransInfo Description="Small Dirt to Snow AC" HashKey="08080C0C080C08080C">
    <MapTiles>
      <MapTile TileID="282" AltIDMod="0" />
    </MapTiles>
    <StaticTiles />
  </TransInfo>
  <TransInfo Description="Small Dirt to Snow AC" HashKey="08080C0C080C0C080C">
    <MapTiles>
      <MapTile TileID="282" AltIDMod="0" />
    </MapTiles>
    <StaticTiles />
  </TransInfo>
  <TransInfo Description="Small Dirt to Snow AC" HashKey="08080C0C080C080C0C">
    <MapTiles>
      <MapTile TileID="282" AltIDMod="0" />
    </MapTiles>
    <StaticTiles />
  </TransInfo>
  <TransInfo Description="Small Dirt to Snow AC" HashKey="08080C0C080C0C0C0C">
    <MapTiles>
      <MapTile TileID="282" AltIDMod="0" />
    </MapTiles>
    <StaticTiles />
  </TransInfo>
  <TransInfo Description="Small Dirt to Snow AC" HashKey="080C08080808080C08">
    <MapTiles>
      <MapTile TileID="282" AltIDMod="0" />
    </MapTiles>
    <StaticTiles />
  </TransInfo>
  <TransInfo Description="Small Dirt to Snow AC" HashKey="080C080C0808080C08">
    <MapTiles>
      <MapTile TileID="282" AltIDMod="0" />
    </MapTiles>
    <StaticTiles />
  </TransInfo>
  <TransInfo Description="Small Dirt to Snow AC" HashKey="080C080808080C0C08">
    <MapTiles>
      <MapTile TileID="282" AltIDMod="0" />
    </MapTiles>
    <StaticTiles />
  </TransInfo>
  <TransInfo Description="Small Dirt to Snow AC" HashKey="080C080C08080C0C08">
    <MapTiles>
      <MapTile TileID="282" AltIDMod="0" />
    </MapTiles>
    <StaticTiles />
  </TransInfo>
  <TransInfo Description="Small Dirt to Snow AC" HashKey="080C080C080808080C">
    <MapTiles>
      <MapTile TileID="282" AltIDMod="0" />
    </MapTiles>
    <StaticTiles />
  </TransInfo>
  <TransInfo Description="Small Dirt to Snow AC" HashKey="080C080808080C080C">
    <MapTiles>
      <MapTile TileID="282" AltIDMod="0" />
    </MapTiles>
    <StaticTiles />
  </TransInfo>
  <TransInfo Description="Small Dirt to Snow AC" HashKey="080C080C08080C080C">
    <MapTiles>
      <MapTile TileID="282" AltIDMod="0" />
    </MapTiles>
    <StaticTiles />
  </TransInfo>
  <TransInfo Description="Small Dirt to Snow AC" HashKey="080C08080808080C0C">
    <MapTiles>
      <MapTile TileID="282" AltIDMod="0" />
    </MapTiles>
    <StaticTiles />
  </TransInfo>
  <TransInfo Description="Small Dirt to Snow AC" HashKey="080C080C0808080C0C">
    <MapTiles>
      <MapTile TileID="282" AltIDMod="0" />
    </MapTiles>
    <StaticTiles />
  </TransInfo>
  <TransInfo Description="Small Dirt to Snow AC" HashKey="080C080808080C0C0C">
    <MapTiles>
      <MapTile TileID="282" AltIDMod="0" />
    </MapTiles>
    <StaticTiles />
  </TransInfo>
  <TransInfo Description="Small Dirt to Snow AC" HashKey="080C080C08080C0C0C">
    <MapTiles>
      <MapTile TileID="282" AltIDMod="0" />
    </MapTiles>
    <StaticTiles />
  </TransInfo>
  <TransInfo Description="Small Dirt to Snow AC" HashKey="080C080C080C080808">
    <MapTiles>
      <MapTile TileID="282" AltIDMod="0" />
    </MapTiles>
    <StaticTiles />
  </TransInfo>
  <TransInfo Description="Small Dirt to Snow AC" HashKey="080C0808080C0C0808">
    <MapTiles>
      <MapTile TileID="282" AltIDMod="0" />
    </MapTiles>
    <StaticTiles />
  </TransInfo>
  <TransInfo Description="Small Dirt to Snow AC" HashKey="080C080C080C0C0808">
    <MapTiles>
      <MapTile TileID="282" AltIDMod="0" />
    </MapTiles>
    <StaticTiles />
  </TransInfo>
  <TransInfo Description="Small Dirt to Snow AC" HashKey="080C0808080C080C08">
    <MapTiles>
      <MapTile TileID="282" AltIDMod="0" />
    </MapTiles>
    <StaticTiles />
  </TransInfo>
  <TransInfo Description="Small Dirt to Snow AC" HashKey="080C080C080C080C08">
    <MapTiles>
      <MapTile TileID="282" AltIDMod="0" />
    </MapTiles>
    <StaticTiles />
  </TransInfo>
  <TransInfo Description="Small Dirt to Snow AC" HashKey="080C0808080C0C0C08">
    <MapTiles>
      <MapTile TileID="282" AltIDMod="0" />
    </MapTiles>
    <StaticTiles />
  </TransInfo>
  <TransInfo Description="Small Dirt to Snow AC" HashKey="080C080C080C0C0C08">
    <MapTiles>
      <MapTile TileID="282" AltIDMod="0" />
    </MapTiles>
    <StaticTiles />
  </TransInfo>
  <TransInfo Description="Small Dirt to Snow AC" HashKey="080C080C080C08080C">
    <MapTiles>
      <MapTile TileID="282" AltIDMod="0" />
    </MapTiles>
    <StaticTiles />
  </TransInfo>
  <TransInfo Description="Small Dirt to Snow AC" HashKey="080C0808080C0C080C">
    <MapTiles>
      <MapTile TileID="282" AltIDMod="0" />
    </MapTiles>
    <StaticTiles />
  </TransInfo>
  <TransInfo Description="Small Dirt to Snow AC" HashKey="080C080C080C0C080C">
    <MapTiles>
      <MapTile TileID="282" AltIDMod="0" />
    </MapTiles>
    <StaticTiles />
  </TransInfo>
  <TransInfo Description="Small Dirt to Snow AC" HashKey="080C0808080C080C0C">
    <MapTiles>
      <MapTile TileID="282" AltIDMod="0" />
    </MapTiles>
    <StaticTiles />
  </TransInfo>
  <TransInfo Description="Small Dirt to Snow AC" HashKey="080C080C080C080C0C">
    <MapTiles>
      <MapTile TileID="282" AltIDMod="0" />
    </MapTiles>
    <StaticTiles />
  </TransInfo>
  <TransInfo Description="Small Dirt to Snow AC" HashKey="080C0808080C0C0C0C">
    <MapTiles>
      <MapTile TileID="282" AltIDMod="0" />
    </MapTiles>
    <StaticTiles />
  </TransInfo>
  <TransInfo Description="Small Dirt to Snow AC" HashKey="080C080C080C0C0C0C">
    <MapTiles>
      <MapTile TileID="282" AltIDMod="0" />
    </MapTiles>
    <StaticTiles />
  </TransInfo>
  <TransInfo Description="Small Dirt to Snow AC" HashKey="080C0C080808080C08">
    <MapTiles>
      <MapTile TileID="282" AltIDMod="0" />
    </MapTiles>
    <StaticTiles />
  </TransInfo>
  <TransInfo Description="Small Dirt to Snow AC" HashKey="080C0C0C0808080C08">
    <MapTiles>
      <MapTile TileID="282" AltIDMod="0" />
    </MapTiles>
    <StaticTiles />
  </TransInfo>
  <TransInfo Description="Small Dirt to Snow AC" HashKey="080C0C0808080C0C08">
    <MapTiles>
      <MapTile TileID="282" AltIDMod="0" />
    </MapTiles>
    <StaticTiles />
  </TransInfo>
  <TransInfo Description="Small Dirt to Snow AC" HashKey="080C0C0C08080C0C08">
    <MapTiles>
      <MapTile TileID="282" AltIDMod="0" />
    </MapTiles>
    <StaticTiles />
  </TransInfo>
  <TransInfo Description="Small Dirt to Snow AC" HashKey="080C0C0C080808080C">
    <MapTiles>
      <MapTile TileID="282" AltIDMod="0" />
    </MapTiles>
    <StaticTiles />
  </TransInfo>
  <TransInfo Description="Small Dirt to Snow AC" HashKey="080C0C0808080C080C">
    <MapTiles>
      <MapTile TileID="282" AltIDMod="0" />
    </MapTiles>
    <StaticTiles />
  </TransInfo>
  <TransInfo Description="Small Dirt to Snow AC" HashKey="080C0C0C08080C080C">
    <MapTiles>
      <MapTile TileID="282" AltIDMod="0" />
    </MapTiles>
    <StaticTiles />
  </TransInfo>
  <TransInfo Description="Small Dirt to Snow AC" HashKey="080C0C080808080C0C">
    <MapTiles>
      <MapTile TileID="282" AltIDMod="0" />
    </MapTiles>
    <StaticTiles />
  </TransInfo>
  <TransInfo Description="Small Dirt to Snow AC" HashKey="080C0C0C0808080C0C">
    <MapTiles>
      <MapTile TileID="282" AltIDMod="0" />
    </MapTiles>
    <StaticTiles />
  </TransInfo>
  <TransInfo Description="Small Dirt to Snow AC" HashKey="080C0C0808080C0C0C">
    <MapTiles>
      <MapTile TileID="282" AltIDMod="0" />
    </MapTiles>
    <StaticTiles />
  </TransInfo>
  <TransInfo Description="Small Dirt to Snow AC" HashKey="080C0C0C08080C0C0C">
    <MapTiles>
      <MapTile TileID="282" AltIDMod="0" />
    </MapTiles>
    <StaticTiles />
  </TransInfo>
  <TransInfo Description="Small Dirt to Snow AC" HashKey="080C0C0C080C080808">
    <MapTiles>
      <MapTile TileID="282" AltIDMod="0" />
    </MapTiles>
    <StaticTiles />
  </TransInfo>
  <TransInfo Description="Small Dirt to Snow AC" HashKey="080C0C08080C0C0808">
    <MapTiles>
      <MapTile TileID="282" AltIDMod="0" />
    </MapTiles>
    <StaticTiles />
  </TransInfo>
  <TransInfo Description="Small Dirt to Snow AC" HashKey="080C0C0C080C0C0808">
    <MapTiles>
      <MapTile TileID="282" AltIDMod="0" />
    </MapTiles>
    <StaticTiles />
  </TransInfo>
  <TransInfo Description="Small Dirt to Snow AC" HashKey="080C0C08080C080C08">
    <MapTiles>
      <MapTile TileID="282" AltIDMod="0" />
    </MapTiles>
    <StaticTiles />
  </TransInfo>
  <TransInfo Description="Small Dirt to Snow AC" HashKey="080C0C0C080C080C08">
    <MapTiles>
      <MapTile TileID="282" AltIDMod="0" />
    </MapTiles>
    <StaticTiles />
  </TransInfo>
  <TransInfo Description="Small Dirt to Snow AC" HashKey="080C0C08080C0C0C08">
    <MapTiles>
      <MapTile TileID="282" AltIDMod="0" />
    </MapTiles>
    <StaticTiles />
  </TransInfo>
  <TransInfo Description="Small Dirt to Snow AC" HashKey="080C0C0C080C0C0C08">
    <MapTiles>
      <MapTile TileID="282" AltIDMod="0" />
    </MapTiles>
    <StaticTiles />
  </TransInfo>
  <TransInfo Description="Small Dirt to Snow AC" HashKey="080C0C0C080C08080C">
    <MapTiles>
      <MapTile TileID="282" AltIDMod="0" />
    </MapTiles>
    <StaticTiles />
  </TransInfo>
  <TransInfo Description="Small Dirt to Snow AC" HashKey="080C0C08080C0C080C">
    <MapTiles>
      <MapTile TileID="282" AltIDMod="0" />
    </MapTiles>
    <StaticTiles />
  </TransInfo>
  <TransInfo Description="Small Dirt to Snow AC" HashKey="080C0C0C080C0C080C">
    <MapTiles>
      <MapTile TileID="282" AltIDMod="0" />
    </MapTiles>
    <StaticTiles />
  </TransInfo>
  <TransInfo Description="Small Dirt to Snow AC" HashKey="080C0C08080C080C0C">
    <MapTiles>
      <MapTile TileID="282" AltIDMod="0" />
    </MapTiles>
    <StaticTiles />
  </TransInfo>
  <TransInfo Description="Small Dirt to Snow AC" HashKey="080C0C0C080C080C0C">
    <MapTiles>
      <MapTile TileID="282" AltIDMod="0" />
    </MapTiles>
    <StaticTiles />
  </TransInfo>
  <TransInfo Description="Small Dirt to Snow AC" HashKey="080C0C08080C0C0C0C">
    <MapTiles>
      <MapTile TileID="282" AltIDMod="0" />
    </MapTiles>
    <StaticTiles />
  </TransInfo>
  <TransInfo Description="Small Dirt to Snow AC" HashKey="080C0C0C080C0C0C0C">
    <MapTiles>
      <MapTile TileID="282" AltIDMod="0" />
    </MapTiles>
    <StaticTiles />
  </TransInfo>
  <TransInfo Description="Small Dirt to Snow AC" HashKey="0C08080C080C080808">
    <MapTiles>
      <MapTile TileID="282" AltIDMod="0" />
    </MapTiles>
    <StaticTiles />
  </TransInfo>
  <TransInfo Description="Small Dirt to Snow AC" HashKey="0C080808080C0C0808">
    <MapTiles>
      <MapTile TileID="282" AltIDMod="0" />
    </MapTiles>
    <StaticTiles />
  </TransInfo>
  <TransInfo Description="Small Dirt to Snow AC" HashKey="0C08080C080C0C0808">
    <MapTiles>
      <MapTile TileID="282" AltIDMod="0" />
    </MapTiles>
    <StaticTiles />
  </TransInfo>
  <TransInfo Description="Small Dirt to Snow AC" HashKey="0C080808080C080C08">
    <MapTiles>
      <MapTile TileID="282" AltIDMod="0" />
    </MapTiles>
    <StaticTiles />
  </TransInfo>
  <TransInfo Description="Small Dirt to Snow AC" HashKey="0C08080C080C080C08">
    <MapTiles>
      <MapTile TileID="282" AltIDMod="0" />
    </MapTiles>
    <StaticTiles />
  </TransInfo>
  <TransInfo Description="Small Dirt to Snow AC" HashKey="0C080808080C0C0C08">
    <MapTiles>
      <MapTile TileID="282" AltIDMod="0" />
    </MapTiles>
    <StaticTiles />
  </TransInfo>
  <TransInfo Description="Small Dirt to Snow AC" HashKey="0C08080C080C0C0C08">
    <MapTiles>
      <MapTile TileID="282" AltIDMod="0" />
    </MapTiles>
    <StaticTiles />
  </TransInfo>
  <TransInfo Description="Small Dirt to Snow AC" HashKey="0C08080C080C08080C">
    <MapTiles>
      <MapTile TileID="282" AltIDMod="0" />
    </MapTiles>
    <StaticTiles />
  </TransInfo>
  <TransInfo Description="Small Dirt to Snow AC" HashKey="0C080808080C0C080C">
    <MapTiles>
      <MapTile TileID="282" AltIDMod="0" />
    </MapTiles>
    <StaticTiles />
  </TransInfo>
  <TransInfo Description="Small Dirt to Snow AC" HashKey="0C08080C080C0C080C">
    <MapTiles>
      <MapTile TileID="282" AltIDMod="0" />
    </MapTiles>
    <StaticTiles />
  </TransInfo>
  <TransInfo Description="Small Dirt to Snow AC" HashKey="0C080808080C080C0C">
    <MapTiles>
      <MapTile TileID="282" AltIDMod="0" />
    </MapTiles>
    <StaticTiles />
  </TransInfo>
  <TransInfo Description="Small Dirt to Snow AC" HashKey="0C08080C080C080C0C">
    <MapTiles>
      <MapTile TileID="282" AltIDMod="0" />
    </MapTiles>
    <StaticTiles />
  </TransInfo>
  <TransInfo Description="Small Dirt to Snow AC" HashKey="0C080808080C0C0C0C">
    <MapTiles>
      <MapTile TileID="282" AltIDMod="0" />
    </MapTiles>
    <StaticTiles />
  </TransInfo>
  <TransInfo Description="Small Dirt to Snow AC" HashKey="0C08080C080C0C0C0C">
    <MapTiles>
      <MapTile TileID="282" AltIDMod="0" />
    </MapTiles>
    <StaticTiles />
  </TransInfo>
  <TransInfo Description="Small Dirt to Snow AC" HashKey="0C080C080808080C08">
    <MapTiles>
      <MapTile TileID="282" AltIDMod="0" />
    </MapTiles>
    <StaticTiles />
  </TransInfo>
  <TransInfo Description="Small Dirt to Snow AC" HashKey="0C080C0C0808080C08">
    <MapTiles>
      <MapTile TileID="282" AltIDMod="0" />
    </MapTiles>
    <StaticTiles />
  </TransInfo>
  <TransInfo Description="Small Dirt to Snow AC" HashKey="0C080C0808080C0C08">
    <MapTiles>
      <MapTile TileID="282" AltIDMod="0" />
    </MapTiles>
    <StaticTiles />
  </TransInfo>
  <TransInfo Description="Small Dirt to Snow AC" HashKey="0C080C0C08080C0C08">
    <MapTiles>
      <MapTile TileID="282" AltIDMod="0" />
    </MapTiles>
    <StaticTiles />
  </TransInfo>
  <TransInfo Description="Small Dirt to Snow AC" HashKey="0C080C0C080808080C">
    <MapTiles>
      <MapTile TileID="282" AltIDMod="0" />
    </MapTiles>
    <StaticTiles />
  </TransInfo>
  <TransInfo Description="Small Dirt to Snow AC" HashKey="0C080C0808080C080C">
    <MapTiles>
      <MapTile TileID="282" AltIDMod="0" />
    </MapTiles>
    <StaticTiles />
  </TransInfo>
  <TransInfo Description="Small Dirt to Snow AC" HashKey="0C080C0C08080C080C">
    <MapTiles>
      <MapTile TileID="282" AltIDMod="0" />
    </MapTiles>
    <StaticTiles />
  </TransInfo>
  <TransInfo Description="Small Dirt to Snow AC" HashKey="0C080C080808080C0C">
    <MapTiles>
      <MapTile TileID="282" AltIDMod="0" />
    </MapTiles>
    <StaticTiles />
  </TransInfo>
  <TransInfo Description="Small Dirt to Snow AC" HashKey="0C080C0C0808080C0C">
    <MapTiles>
      <MapTile TileID="282" AltIDMod="0" />
    </MapTiles>
    <StaticTiles />
  </TransInfo>
  <TransInfo Description="Small Dirt to Snow AC" HashKey="0C080C0808080C0C0C">
    <MapTiles>
      <MapTile TileID="282" AltIDMod="0" />
    </MapTiles>
    <StaticTiles />
  </TransInfo>
  <TransInfo Description="Small Dirt to Snow AC" HashKey="0C080C0C08080C0C0C">
    <MapTiles>
      <MapTile TileID="282" AltIDMod="0" />
    </MapTiles>
    <StaticTiles />
  </TransInfo>
  <TransInfo Description="Small Dirt to Snow AC" HashKey="0C080C0C080C080808">
    <MapTiles>
      <MapTile TileID="282" AltIDMod="0" />
    </MapTiles>
    <StaticTiles />
  </TransInfo>
  <TransInfo Description="Small Dirt to Snow AC" HashKey="0C080C08080C0C0808">
    <MapTiles>
      <MapTile TileID="282" AltIDMod="0" />
    </MapTiles>
    <StaticTiles />
  </TransInfo>
  <TransInfo Description="Small Dirt to Snow AC" HashKey="0C080C0C080C0C0808">
    <MapTiles>
      <MapTile TileID="282" AltIDMod="0" />
    </MapTiles>
    <StaticTiles />
  </TransInfo>
  <TransInfo Description="Small Dirt to Snow AC" HashKey="0C080C08080C080C08">
    <MapTiles>
      <MapTile TileID="282" AltIDMod="0" />
    </MapTiles>
    <StaticTiles />
  </TransInfo>
  <TransInfo Description="Small Dirt to Snow AC" HashKey="0C080C0C080C080C08">
    <MapTiles>
      <MapTile TileID="282" AltIDMod="0" />
    </MapTiles>
    <StaticTiles />
  </TransInfo>
  <TransInfo Description="Small Dirt to Snow AC" HashKey="0C080C08080C0C0C08">
    <MapTiles>
      <MapTile TileID="282" AltIDMod="0" />
    </MapTiles>
    <StaticTiles />
  </TransInfo>
  <TransInfo Description="Small Dirt to Snow AC" HashKey="0C080C0C080C0C0C08">
    <MapTiles>
      <MapTile TileID="282" AltIDMod="0" />
    </MapTiles>
    <StaticTiles />
  </TransInfo>
  <TransInfo Description="Small Dirt to Snow AC" HashKey="0C080C0C080C08080C">
    <MapTiles>
      <MapTile TileID="282" AltIDMod="0" />
    </MapTiles>
    <StaticTiles />
  </TransInfo>
  <TransInfo Description="Small Dirt to Snow AC" HashKey="0C080C08080C0C080C">
    <MapTiles>
      <MapTile TileID="282" AltIDMod="0" />
    </MapTiles>
    <StaticTiles />
  </TransInfo>
  <TransInfo Description="Small Dirt to Snow AC" HashKey="0C080C0C080C0C080C">
    <MapTiles>
      <MapTile TileID="282" AltIDMod="0" />
    </MapTiles>
    <StaticTiles />
  </TransInfo>
  <TransInfo Description="Small Dirt to Snow AC" HashKey="0C080C08080C080C0C">
    <MapTiles>
      <MapTile TileID="282" AltIDMod="0" />
    </MapTiles>
    <StaticTiles />
  </TransInfo>
  <TransInfo Description="Small Dirt to Snow AC" HashKey="0C080C0C080C080C0C">
    <MapTiles>
      <MapTile TileID="282" AltIDMod="0" />
    </MapTiles>
    <StaticTiles />
  </TransInfo>
  <TransInfo Description="Small Dirt to Snow AC" HashKey="0C080C08080C0C0C0C">
    <MapTiles>
      <MapTile TileID="282" AltIDMod="0" />
    </MapTiles>
    <StaticTiles />
  </TransInfo>
  <TransInfo Description="Small Dirt to Snow AC" HashKey="0C080C0C080C0C0C0C">
    <MapTiles>
      <MapTile TileID="282" AltIDMod="0" />
    </MapTiles>
    <StaticTiles />
  </TransInfo>
  <TransInfo Description="Small Dirt to Snow AC" HashKey="0C0C08080808080C08">
    <MapTiles>
      <MapTile TileID="282" AltIDMod="0" />
    </MapTiles>
    <StaticTiles />
  </TransInfo>
  <TransInfo Description="Small Dirt to Snow AC" HashKey="0C0C080C0808080C08">
    <MapTiles>
      <MapTile TileID="282" AltIDMod="0" />
    </MapTiles>
    <StaticTiles />
  </TransInfo>
  <TransInfo Description="Small Dirt to Snow AC" HashKey="0C0C080808080C0C08">
    <MapTiles>
      <MapTile TileID="282" AltIDMod="0" />
    </MapTiles>
    <StaticTiles />
  </TransInfo>
  <TransInfo Description="Small Dirt to Snow AC" HashKey="0C0C080C08080C0C08">
    <MapTiles>
      <MapTile TileID="282" AltIDMod="0" />
    </MapTiles>
    <StaticTiles />
  </TransInfo>
  <TransInfo Description="Small Dirt to Snow AC" HashKey="0C0C080C080808080C">
    <MapTiles>
      <MapTile TileID="282" AltIDMod="0" />
    </MapTiles>
    <StaticTiles />
  </TransInfo>
  <TransInfo Description="Small Dirt to Snow AC" HashKey="0C0C080808080C080C">
    <MapTiles>
      <MapTile TileID="282" AltIDMod="0" />
    </MapTiles>
    <StaticTiles />
  </TransInfo>
  <TransInfo Description="Small Dirt to Snow AC" HashKey="0C0C080C08080C080C">
    <MapTiles>
      <MapTile TileID="282" AltIDMod="0" />
    </MapTiles>
    <StaticTiles />
  </TransInfo>
  <TransInfo Description="Small Dirt to Snow AC" HashKey="0C0C08080808080C0C">
    <MapTiles>
      <MapTile TileID="282" AltIDMod="0" />
    </MapTiles>
    <StaticTiles />
  </TransInfo>
  <TransInfo Description="Small Dirt to Snow AC" HashKey="0C0C080C0808080C0C">
    <MapTiles>
      <MapTile TileID="282" AltIDMod="0" />
    </MapTiles>
    <StaticTiles />
  </TransInfo>
  <TransInfo Description="Small Dirt to Snow AC" HashKey="0C0C080808080C0C0C">
    <MapTiles>
      <MapTile TileID="282" AltIDMod="0" />
    </MapTiles>
    <StaticTiles />
  </TransInfo>
  <TransInfo Description="Small Dirt to Snow AC" HashKey="0C0C080C08080C0C0C">
    <MapTiles>
      <MapTile TileID="282" AltIDMod="0" />
    </MapTiles>
    <StaticTiles />
  </TransInfo>
  <TransInfo Description="Small Dirt to Snow AC" HashKey="0C0C080C080C080808">
    <MapTiles>
      <MapTile TileID="282" AltIDMod="0" />
    </MapTiles>
    <StaticTiles />
  </TransInfo>
  <TransInfo Description="Small Dirt to Snow AC" HashKey="0C0C0808080C0C0808">
    <MapTiles>
      <MapTile TileID="282" AltIDMod="0" />
    </MapTiles>
    <StaticTiles />
  </TransInfo>
  <TransInfo Description="Small Dirt to Snow AC" HashKey="0C0C080C080C0C0808">
    <MapTiles>
      <MapTile TileID="282" AltIDMod="0" />
    </MapTiles>
    <StaticTiles />
  </TransInfo>
  <TransInfo Description="Small Dirt to Snow AC" HashKey="0C0C0808080C080C08">
    <MapTiles>
      <MapTile TileID="282" AltIDMod="0" />
    </MapTiles>
    <StaticTiles />
  </TransInfo>
  <TransInfo Description="Small Dirt to Snow AC" HashKey="0C0C080C080C080C08">
    <MapTiles>
      <MapTile TileID="282" AltIDMod="0" />
    </MapTiles>
    <StaticTiles />
  </TransInfo>
  <TransInfo Description="Small Dirt to Snow AC" HashKey="0C0C0808080C0C0C08">
    <MapTiles>
      <MapTile TileID="282" AltIDMod="0" />
    </MapTiles>
    <StaticTiles />
  </TransInfo>
  <TransInfo Description="Small Dirt to Snow AC" HashKey="0C0C080C080C0C0C08">
    <MapTiles>
      <MapTile TileID="282" AltIDMod="0" />
    </MapTiles>
    <StaticTiles />
  </TransInfo>
  <TransInfo Description="Small Dirt to Snow AC" HashKey="0C0C080C080C08080C">
    <MapTiles>
      <MapTile TileID="282" AltIDMod="0" />
    </MapTiles>
    <StaticTiles />
  </TransInfo>
  <TransInfo Description="Small Dirt to Snow AC" HashKey="0C0C0808080C0C080C">
    <MapTiles>
      <MapTile TileID="282" AltIDMod="0" />
    </MapTiles>
    <StaticTiles />
  </TransInfo>
  <TransInfo Description="Small Dirt to Snow AC" HashKey="0C0C080C080C0C080C">
    <MapTiles>
      <MapTile TileID="282" AltIDMod="0" />
    </MapTiles>
    <StaticTiles />
  </TransInfo>
  <TransInfo Description="Small Dirt to Snow AC" HashKey="0C0C0808080C080C0C">
    <MapTiles>
      <MapTile TileID="282" AltIDMod="0" />
    </MapTiles>
    <StaticTiles />
  </TransInfo>
  <TransInfo Description="Small Dirt to Snow AC" HashKey="0C0C080C080C080C0C">
    <MapTiles>
      <MapTile TileID="282" AltIDMod="0" />
    </MapTiles>
    <StaticTiles />
  </TransInfo>
  <TransInfo Description="Small Dirt to Snow AC" HashKey="0C0C0808080C0C0C0C">
    <MapTiles>
      <MapTile TileID="282" AltIDMod="0" />
    </MapTiles>
    <StaticTiles />
  </TransInfo>
  <TransInfo Description="Small Dirt to Snow AC" HashKey="0C0C080C080C0C0C0C">
    <MapTiles>
      <MapTile TileID="282" AltIDMod="0" />
    </MapTiles>
    <StaticTiles />
  </TransInfo>
  <TransInfo Description="Small Dirt to Snow AC" HashKey="0C0C0C080808080C08">
    <MapTiles>
      <MapTile TileID="282" AltIDMod="0" />
    </MapTiles>
    <StaticTiles />
  </TransInfo>
  <TransInfo Description="Small Dirt to Snow AC" HashKey="0C0C0C0C0808080C08">
    <MapTiles>
      <MapTile TileID="282" AltIDMod="0" />
    </MapTiles>
    <StaticTiles />
  </TransInfo>
  <TransInfo Description="Small Dirt to Snow AC" HashKey="0C0C0C0808080C0C08">
    <MapTiles>
      <MapTile TileID="282" AltIDMod="0" />
    </MapTiles>
    <StaticTiles />
  </TransInfo>
  <TransInfo Description="Small Dirt to Snow AC" HashKey="0C0C0C0C08080C0C08">
    <MapTiles>
      <MapTile TileID="282" AltIDMod="0" />
    </MapTiles>
    <StaticTiles />
  </TransInfo>
  <TransInfo Description="Small Dirt to Snow AC" HashKey="0C0C0C0C080808080C">
    <MapTiles>
      <MapTile TileID="282" AltIDMod="0" />
    </MapTiles>
    <StaticTiles />
  </TransInfo>
  <TransInfo Description="Small Dirt to Snow AC" HashKey="0C0C0C0808080C080C">
    <MapTiles>
      <MapTile TileID="282" AltIDMod="0" />
    </MapTiles>
    <StaticTiles />
  </TransInfo>
  <TransInfo Description="Small Dirt to Snow AC" HashKey="0C0C0C0C08080C080C">
    <MapTiles>
      <MapTile TileID="282" AltIDMod="0" />
    </MapTiles>
    <StaticTiles />
  </TransInfo>
  <TransInfo Description="Small Dirt to Snow AC" HashKey="0C0C0C080808080C0C">
    <MapTiles>
      <MapTile TileID="282" AltIDMod="0" />
    </MapTiles>
    <StaticTiles />
  </TransInfo>
  <TransInfo Description="Small Dirt to Snow AC" HashKey="0C0C0C0C0808080C0C">
    <MapTiles>
      <MapTile TileID="282" AltIDMod="0" />
    </MapTiles>
    <StaticTiles />
  </TransInfo>
  <TransInfo Description="Small Dirt to Snow AC" HashKey="0C0C0C0808080C0C0C">
    <MapTiles>
      <MapTile TileID="282" AltIDMod="0" />
    </MapTiles>
    <StaticTiles />
  </TransInfo>
  <TransInfo Description="Small Dirt to Snow AC" HashKey="0C0C0C0C08080C0C0C">
    <MapTiles>
      <MapTile TileID="282" AltIDMod="0" />
    </MapTiles>
    <StaticTiles />
  </TransInfo>
  <TransInfo Description="Small Dirt to Snow AC" HashKey="0C0C0C0C080C080808">
    <MapTiles>
      <MapTile TileID="282" AltIDMod="0" />
    </MapTiles>
    <StaticTiles />
  </TransInfo>
  <TransInfo Description="Small Dirt to Snow AC" HashKey="0C0C0C08080C0C0808">
    <MapTiles>
      <MapTile TileID="282" AltIDMod="0" />
    </MapTiles>
    <StaticTiles />
  </TransInfo>
  <TransInfo Description="Small Dirt to Snow AC" HashKey="0C0C0C0C080C0C0808">
    <MapTiles>
      <MapTile TileID="282" AltIDMod="0" />
    </MapTiles>
    <StaticTiles />
  </TransInfo>
  <TransInfo Description="Small Dirt to Snow AC" HashKey="0C0C0C08080C080C08">
    <MapTiles>
      <MapTile TileID="282" AltIDMod="0" />
    </MapTiles>
    <StaticTiles />
  </TransInfo>
  <TransInfo Description="Small Dirt to Snow AC" HashKey="0C0C0C0C080C080C08">
    <MapTiles>
      <MapTile TileID="282" AltIDMod="0" />
    </MapTiles>
    <StaticTiles />
  </TransInfo>
  <TransInfo Description="Small Dirt to Snow AC" HashKey="0C0C0C08080C0C0C08">
    <MapTiles>
      <MapTile TileID="282" AltIDMod="0" />
    </MapTiles>
    <StaticTiles />
  </TransInfo>
  <TransInfo Description="Small Dirt to Snow AC" HashKey="0C0C0C0C080C0C0C08">
    <MapTiles>
      <MapTile TileID="282" AltIDMod="0" />
    </MapTiles>
    <StaticTiles />
  </TransInfo>
  <TransInfo Description="Small Dirt to Snow AC" HashKey="0C0C0C0C080C08080C">
    <MapTiles>
      <MapTile TileID="282" AltIDMod="0" />
    </MapTiles>
    <StaticTiles />
  </TransInfo>
  <TransInfo Description="Small Dirt to Snow AC" HashKey="0C0C0C08080C0C080C">
    <MapTiles>
      <MapTile TileID="282" AltIDMod="0" />
    </MapTiles>
    <StaticTiles />
  </TransInfo>
  <TransInfo Description="Small Dirt to Snow AC" HashKey="0C0C0C0C080C0C080C">
    <MapTiles>
      <MapTile TileID="282" AltIDMod="0" />
    </MapTiles>
    <StaticTiles />
  </TransInfo>
  <TransInfo Description="Small Dirt to Snow AC" HashKey="0C0C0C08080C080C0C">
    <MapTiles>
      <MapTile TileID="282" AltIDMod="0" />
    </MapTiles>
    <StaticTiles />
  </TransInfo>
  <TransInfo Description="Small Dirt to Snow AC" HashKey="0C0C0C0C080C080C0C">
    <MapTiles>
      <MapTile TileID="282" AltIDMod="0" />
    </MapTiles>
    <StaticTiles />
  </TransInfo>
  <TransInfo Description="Small Dirt to Snow AC" HashKey="0C0C0C08080C0C0C0C">
    <MapTiles>
      <MapTile TileID="282" AltIDMod="0" />
    </MapTiles>
    <StaticTiles />
  </TransInfo>
  <TransInfo Description="Small Dirt to Snow AC" HashKey="0C0C0C0C080C0C0C0C">
    <MapTiles>
      <MapTile TileID="282" AltIDMod="0" />
    </MapTiles>
    <StaticTiles />
  </TransInfo>
  <TransInfo Description="Small Dirt to Snow IWE" HashKey="0C080808080808080C">
    <MapTiles>
      <MapTile TileID="117" AltIDMod="0" />
    </MapTiles>
    <StaticTiles />
  </TransInfo>
  <TransInfo Description="Small Dirt to Snow INS" HashKey="08080C0808080C0808">
    <MapTiles>
      <MapTile TileID="117" AltIDMod="0" />
    </MapTiles>
    <StaticTiles />
  </TransInfo>
</Trans>