﻿<?xml version="1.0" encoding="utf-8"?>
<Trans>
  <TransInfo Description="Small Dirt To Dungeon Cave" HashKey="151508080808151508">
    <MapTiles>
      <MapTile TileID="581" AltIDMod="0" />
    </MapTiles>
    <StaticTiles />
  </TransInfo>
  <TransInfo Description="Small Dirt To Dungeon Cave" HashKey="151515080808080808">
    <MapTiles>
      <MapTile TileID="479" AltIDMod="0" />
    </MapTiles>
    <StaticTiles />
  </TransInfo>
  <TransInfo Description="Small Dirt To Dungeon Cave" HashKey="151515080808150815">
    <MapTiles>
      <MapTile TileID="581" AltIDMod="0" />
    </MapTiles>
    <StaticTiles />
  </TransInfo>
  <TransInfo Description="Small Dirt To Dungeon Cave" HashKey="150815080815080815">
    <MapTiles>
      <MapTile TileID="483" AltIDMod="0" />
    </MapTiles>
    <StaticTiles />
  </TransInfo>
  <TransInfo Description="Small Dirt To Dungeon Cave" HashKey="080808150815081508">
    <MapTiles>
      <MapTile TileID="581" AltIDMod="0" />
    </MapTiles>
    <StaticTiles />
  </TransInfo>
  <TransInfo Description="Small Dirt To Dungeon Cave" HashKey="081515080815080815">
    <MapTiles>
      <MapTile TileID="483" AltIDMod="0" />
    </MapTiles>
    <StaticTiles />
  </TransInfo>
  <TransInfo Description="Small Dirt To Dungeon Cave" HashKey="150815080815081508">
    <MapTiles>
      <MapTile TileID="581" AltIDMod="0" />
    </MapTiles>
    <StaticTiles />
  </TransInfo>
  <TransInfo Description="Small Dirt To Dungeon Cave" HashKey="151515150808081515">
    <MapTiles>
      <MapTile TileID="581" AltIDMod="0" />
    </MapTiles>
    <StaticTiles />
  </TransInfo>
  <TransInfo Description="Small Dirt To Dungeon Cave" HashKey="081515080815081508">
    <MapTiles>
      <MapTile TileID="581" AltIDMod="0" />
    </MapTiles>
    <StaticTiles />
  </TransInfo>
  <TransInfo Description="Small Dirt To Dungeon Cave" HashKey="081508150808151515">
    <MapTiles>
      <MapTile TileID="581" AltIDMod="0" />
    </MapTiles>
    <StaticTiles />
  </TransInfo>
  <TransInfo Description="Small Dirt To Dungeon Cave" HashKey="151515150815080808">
    <MapTiles>
      <MapTile TileID="581" AltIDMod="0" />
    </MapTiles>
    <StaticTiles />
  </TransInfo>
  <TransInfo Description="Small Dirt To Dungeon Cave" HashKey="151508150808080815">
    <MapTiles>
      <MapTile TileID="581" AltIDMod="0" />
    </MapTiles>
    <StaticTiles />
  </TransInfo>
  <TransInfo Description="Small Dirt To Dungeon Cave" HashKey="151515150808151508">
    <MapTiles>
      <MapTile TileID="581" AltIDMod="0" />
    </MapTiles>
    <StaticTiles />
  </TransInfo>
  <TransInfo Description="Small Dirt To Dungeon Cave" HashKey="080808080808081515">
    <MapTiles>
      <MapTile TileID="476" AltIDMod="0" />
    </MapTiles>
    <StaticTiles />
  </TransInfo>
  <TransInfo Description="Small Dirt To Dungeon Cave" HashKey="151508150808081508">
    <MapTiles>
      <MapTile TileID="581" AltIDMod="0" />
    </MapTiles>
    <StaticTiles />
  </TransInfo>
  <TransInfo Description="Small Dirt To Dungeon Cave" HashKey="080808150808150808">
    <MapTiles>
      <MapTile TileID="477" AltIDMod="0" />
    </MapTiles>
    <StaticTiles />
  </TransInfo>
  <TransInfo Description="Small Dirt To Dungeon Cave" HashKey="080815150815151508">
    <MapTiles>
      <MapTile TileID="581" AltIDMod="0" />
    </MapTiles>
    <StaticTiles />
  </TransInfo>
  <TransInfo Description="Small Dirt To Dungeon Cave" HashKey="151515080808150808">
    <MapTiles>
      <MapTile TileID="480" AltIDMod="0" />
    </MapTiles>
    <StaticTiles />
  </TransInfo>
  <TransInfo Description="Small Dirt To Dungeon Cave" HashKey="081508150808150815">
    <MapTiles>
      <MapTile TileID="581" AltIDMod="0" />
    </MapTiles>
    <StaticTiles />
  </TransInfo>
  <TransInfo Description="Small Dirt To Dungeon Cave" HashKey="081508080815150808">
    <MapTiles>
      <MapTile TileID="581" AltIDMod="0" />
    </MapTiles>
    <StaticTiles />
  </TransInfo>
  <TransInfo Description="Small Dirt To Dungeon Cave" HashKey="080808080808151515">
    <MapTiles>
      <MapTile TileID="476" AltIDMod="0" />
    </MapTiles>
    <StaticTiles />
  </TransInfo>
  <TransInfo Description="Small Dirt To Dungeon Cave" HashKey="151515150815151515">
    <MapTiles>
      <MapTile TileID="581" AltIDMod="0" />
    </MapTiles>
    <StaticTiles />
  </TransInfo>
  <TransInfo Description="Small Dirt To Dungeon Cave" HashKey="150808080808081515">
    <MapTiles>
      <MapTile TileID="482" AltIDMod="0" />
    </MapTiles>
    <StaticTiles />
  </TransInfo>
  <TransInfo Description="Small Dirt To Dungeon Cave" HashKey="081508080808081515">
    <MapTiles>
      <MapTile TileID="581" AltIDMod="0" />
    </MapTiles>
    <StaticTiles />
  </TransInfo>
  <TransInfo Description="Small Dirt To Dungeon Cave" HashKey="081515080815151515">
    <MapTiles>
      <MapTile TileID="581" AltIDMod="0" />
    </MapTiles>
    <StaticTiles />
  </TransInfo>
  <TransInfo Description="Small Dirt To Dungeon Cave" HashKey="080815150815081515">
    <MapTiles>
      <MapTile TileID="581" AltIDMod="0" />
    </MapTiles>
    <StaticTiles />
  </TransInfo>
  <TransInfo Description="Small Dirt To Dungeon Cave" HashKey="080808080808151508">
    <MapTiles>
      <MapTile TileID="476" AltIDMod="0" />
    </MapTiles>
    <StaticTiles />
  </TransInfo>
  <TransInfo Description="Small Dirt To Dungeon Cave" HashKey="151508150815151515">
    <MapTiles>
      <MapTile TileID="581" AltIDMod="0" />
    </MapTiles>
    <StaticTiles />
  </TransInfo>
  <TransInfo Description="Small Dirt To Dungeon Cave" HashKey="081508080808080815">
    <MapTiles>
      <MapTile TileID="483" AltIDMod="0" />
    </MapTiles>
    <StaticTiles />
  </TransInfo>
  <TransInfo Description="Small Dirt To Dungeon Cave" HashKey="150808080808081508">
    <MapTiles>
      <MapTile TileID="482" AltIDMod="0" />
    </MapTiles>
    <StaticTiles />
  </TransInfo>
  <TransInfo Description="Small Dirt To Dungeon Cave" HashKey="081508080808081508">
    <MapTiles>
      <MapTile TileID="581" AltIDMod="0" />
    </MapTiles>
    <StaticTiles />
  </TransInfo>
  <TransInfo Description="Small Dirt To Dungeon Cave" HashKey="080815080815080815">
    <MapTiles>
      <MapTile TileID="478" AltIDMod="0" />
    </MapTiles>
    <StaticTiles />
  </TransInfo>
  <TransInfo Description="Small Dirt To Dungeon Cave" HashKey="080808150808081515">
    <MapTiles>
      <MapTile TileID="482" AltIDMod="0" />
    </MapTiles>
    <StaticTiles />
  </TransInfo>
  <TransInfo Description="Small Dirt To Dungeon Cave" HashKey="150808080815081515">
    <MapTiles>
      <MapTile TileID="581" AltIDMod="0" />
    </MapTiles>
    <StaticTiles />
  </TransInfo>
  <TransInfo Description="Small Dirt To Dungeon Cave" HashKey="151515150808081508">
    <MapTiles>
      <MapTile TileID="581" AltIDMod="0" />
    </MapTiles>
    <StaticTiles />
  </TransInfo>
  <TransInfo Description="Small Dirt To Dungeon Cave" HashKey="151508080808081508">
    <MapTiles>
      <MapTile TileID="581" AltIDMod="0" />
    </MapTiles>
    <StaticTiles />
  </TransInfo>
  <TransInfo Description="Small Dirt To Dungeon Cave" HashKey="151515080808081515">
    <MapTiles>
      <MapTile TileID="581" AltIDMod="0" />
    </MapTiles>
    <StaticTiles />
  </TransInfo>
  <TransInfo Description="Small Dirt To Dungeon Cave" HashKey="151508150815150815">
    <MapTiles>
      <MapTile TileID="581" AltIDMod="0" />
    </MapTiles>
    <StaticTiles />
  </TransInfo>
  <TransInfo Description="Small Dirt To Dungeon Cave" HashKey="151508150815151508">
    <MapTiles>
      <MapTile TileID="581" AltIDMod="0" />
    </MapTiles>
    <StaticTiles />
  </TransInfo>
  <TransInfo Description="Small Dirt To Dungeon Cave" HashKey="150808150808080815">
    <MapTiles>
      <MapTile TileID="482" AltIDMod="0" />
    </MapTiles>
    <StaticTiles />
  </TransInfo>
  <TransInfo Description="Small Dirt To Dungeon Cave" HashKey="150815080808150808">
    <MapTiles>
      <MapTile TileID="480" AltIDMod="0" />
    </MapTiles>
    <StaticTiles />
  </TransInfo>
  <TransInfo Description="Small Dirt To Dungeon Cave" HashKey="080808150808080815">
    <MapTiles>
      <MapTile TileID="482" AltIDMod="0" />
    </MapTiles>
    <StaticTiles />
  </TransInfo>
  <TransInfo Description="Small Dirt To Dungeon Cave" HashKey="081515080808150808">
    <MapTiles>
      <MapTile TileID="480" AltIDMod="0" />
    </MapTiles>
    <StaticTiles />
  </TransInfo>
  <TransInfo Description="Small Dirt To Dungeon Cave" HashKey="080815080815080808">
    <MapTiles>
      <MapTile TileID="478" AltIDMod="0" />
    </MapTiles>
    <StaticTiles />
  </TransInfo>
  <TransInfo Description="Small Dirt To Dungeon Cave" HashKey="080808150808081508">
    <MapTiles>
      <MapTile TileID="482" AltIDMod="0" />
    </MapTiles>
    <StaticTiles />
  </TransInfo>
  <TransInfo Description="Small Dirt To Dungeon Cave" HashKey="080808080815150815">
    <MapTiles>
      <MapTile TileID="481" AltIDMod="0" />
    </MapTiles>
    <StaticTiles />
  </TransInfo>
  <TransInfo Description="Small Dirt To Dungeon Cave" HashKey="151515080815150808">
    <MapTiles>
      <MapTile TileID="581" AltIDMod="0" />
    </MapTiles>
    <StaticTiles />
  </TransInfo>
  <TransInfo Description="Small Dirt To Dungeon Cave" HashKey="151515080808080815">
    <MapTiles>
      <MapTile TileID="483" AltIDMod="0" />
    </MapTiles>
    <StaticTiles />
  </TransInfo>
  <TransInfo Description="Small Dirt To Dungeon Cave" HashKey="080815150815150815">
    <MapTiles>
      <MapTile TileID="581" AltIDMod="0" />
    </MapTiles>
    <StaticTiles />
  </TransInfo>
  <TransInfo Description="Small Dirt To Dungeon Cave" HashKey="151515080808081508">
    <MapTiles>
      <MapTile TileID="581" AltIDMod="0" />
    </MapTiles>
    <StaticTiles />
  </TransInfo>
  <TransInfo Description="Small Dirt To Dungeon Cave" HashKey="080808150815081515">
    <MapTiles>
      <MapTile TileID="581" AltIDMod="0" />
    </MapTiles>
    <StaticTiles />
  </TransInfo>
  <TransInfo Description="Small Dirt To Dungeon Cave" HashKey="151508080815151508">
    <MapTiles>
      <MapTile TileID="581" AltIDMod="0" />
    </MapTiles>
    <StaticTiles />
  </TransInfo>
  <TransInfo Description="Small Dirt To Dungeon Cave" HashKey="150815150808080808">
    <MapTiles>
      <MapTile TileID="480" AltIDMod="0" />
    </MapTiles>
    <StaticTiles />
  </TransInfo>
  <TransInfo Description="Small Dirt To Dungeon Cave" HashKey="151515080815081515">
    <MapTiles>
      <MapTile TileID="581" AltIDMod="0" />
    </MapTiles>
    <StaticTiles />
  </TransInfo>
  <TransInfo Description="Small Dirt To Dungeon Cave" HashKey="081515150808080815">
    <MapTiles>
      <MapTile TileID="581" AltIDMod="0" />
    </MapTiles>
    <StaticTiles />
  </TransInfo>
  <TransInfo Description="Small Dirt To Dungeon Cave" HashKey="150808150808080808">
    <MapTiles>
      <MapTile TileID="477" AltIDMod="0" />
    </MapTiles>
    <StaticTiles />
  </TransInfo>
  <TransInfo Description="Small Dirt To Dungeon Cave" HashKey="080815150815151515">
    <MapTiles>
      <MapTile TileID="581" AltIDMod="0" />
    </MapTiles>
    <StaticTiles />
  </TransInfo>
  <TransInfo Description="Small Dirt To Dungeon Cave" HashKey="150815150808150815">
    <MapTiles>
      <MapTile TileID="581" AltIDMod="0" />
    </MapTiles>
    <StaticTiles />
  </TransInfo>
  <TransInfo Description="Small Dirt To Dungeon Cave" HashKey="151515150808080815">
    <MapTiles>
      <MapTile TileID="581" AltIDMod="0" />
    </MapTiles>
    <StaticTiles />
  </TransInfo>
  <TransInfo Description="Small Dirt To Dungeon Cave" HashKey="081508080815150815">
    <MapTiles>
      <MapTile TileID="581" AltIDMod="0" />
    </MapTiles>
    <StaticTiles />
  </TransInfo>
  <TransInfo Description="Small Dirt To Dungeon Cave" HashKey="081515150808151508">
    <MapTiles>
      <MapTile TileID="581" AltIDMod="0" />
    </MapTiles>
    <StaticTiles />
  </TransInfo>
  <TransInfo Description="Small Dirt To Dungeon Cave" HashKey="150815150808150808">
    <MapTiles>
      <MapTile TileID="480" AltIDMod="0" />
    </MapTiles>
    <StaticTiles />
  </TransInfo>
  <TransInfo Description="Small Dirt To Dungeon Cave" HashKey="081508080815151508">
    <MapTiles>
      <MapTile TileID="581" AltIDMod="0" />
    </MapTiles>
    <StaticTiles />
  </TransInfo>
  <TransInfo Description="Small Dirt To Dungeon Cave" HashKey="150808150815151508">
    <MapTiles>
      <MapTile TileID="581" AltIDMod="0" />
    </MapTiles>
    <StaticTiles />
  </TransInfo>
  <TransInfo Description="Small Dirt To Dungeon Cave" HashKey="081508150815151508">
    <MapTiles>
      <MapTile TileID="581" AltIDMod="0" />
    </MapTiles>
    <StaticTiles />
  </TransInfo>
  <TransInfo Description="Small Dirt To Dungeon Cave" HashKey="151515150815150808">
    <MapTiles>
      <MapTile TileID="581" AltIDMod="0" />
    </MapTiles>
    <StaticTiles />
  </TransInfo>
  <TransInfo Description="Small Dirt To Dungeon Cave" HashKey="150808150815081508">
    <MapTiles>
      <MapTile TileID="581" AltIDMod="0" />
    </MapTiles>
    <StaticTiles />
  </TransInfo>
  <TransInfo Description="Small Dirt To Dungeon Cave" HashKey="151515150808080808">
    <MapTiles>
      <MapTile TileID="480" AltIDMod="0" />
    </MapTiles>
    <StaticTiles />
  </TransInfo>
  <TransInfo Description="Small Dirt To Dungeon Cave" HashKey="080815150808151508">
    <MapTiles>
      <MapTile TileID="581" AltIDMod="0" />
    </MapTiles>
    <StaticTiles />
  </TransInfo>
  <TransInfo Description="Small Dirt To Dungeon Cave" HashKey="080808080808150808">
    <MapTiles>
      <MapTile TileID="487" AltIDMod="0" />
    </MapTiles>
    <StaticTiles />
  </TransInfo>
  <TransInfo Description="Small Dirt To Dungeon Cave" HashKey="151515150815150815">
    <MapTiles>
      <MapTile TileID="581" AltIDMod="0" />
    </MapTiles>
    <StaticTiles />
  </TransInfo>
  <TransInfo Description="Small Dirt To Dungeon Cave" HashKey="150808080808150815">
    <MapTiles>
      <MapTile TileID="482" AltIDMod="0" />
    </MapTiles>
    <StaticTiles />
  </TransInfo>
  <TransInfo Description="Small Dirt To Dungeon Cave" HashKey="151508150815081508">
    <MapTiles>
      <MapTile TileID="581" AltIDMod="0" />
    </MapTiles>
    <StaticTiles />
  </TransInfo>
  <TransInfo Description="Small Dirt To Dungeon Cave" HashKey="150808080815080815">
    <MapTiles>
      <MapTile TileID="483" AltIDMod="0" />
    </MapTiles>
    <StaticTiles />
  </TransInfo>
  <TransInfo Description="Small Dirt To Dungeon Cave" HashKey="150815080808151515">
    <MapTiles>
      <MapTile TileID="581" AltIDMod="0" />
    </MapTiles>
    <StaticTiles />
  </TransInfo>
  <TransInfo Description="Small Dirt To Dungeon Cave" HashKey="081515080808151515">
    <MapTiles>
      <MapTile TileID="581" AltIDMod="0" />
    </MapTiles>
    <StaticTiles />
  </TransInfo>
  <TransInfo Description="Small Dirt To Dungeon Cave" HashKey="151508080808081515">
    <MapTiles>
      <MapTile TileID="581" AltIDMod="0" />
    </MapTiles>
    <StaticTiles />
  </TransInfo>
  <TransInfo Description="Small Dirt To Dungeon Cave" HashKey="150815150815150808">
    <MapTiles>
      <MapTile TileID="581" AltIDMod="0" />
    </MapTiles>
    <StaticTiles />
  </TransInfo>
  <TransInfo Description="Small Dirt To Dungeon Cave" HashKey="081515150815150808">
    <MapTiles>
      <MapTile TileID="581" AltIDMod="0" />
    </MapTiles>
    <StaticTiles />
  </TransInfo>
  <TransInfo Description="Small Dirt To Dungeon Cave" HashKey="151508150815081515">
    <MapTiles>
      <MapTile TileID="581" AltIDMod="0" />
    </MapTiles>
    <StaticTiles />
  </TransInfo>
  <TransInfo Description="Small Dirt To Dungeon Cave" HashKey="080815150808150808">
    <MapTiles>
      <MapTile TileID="480" AltIDMod="0" />
    </MapTiles>
    <StaticTiles />
  </TransInfo>
  <TransInfo Description="Small Dirt To Dungeon Cave" HashKey="080808080815151508">
    <MapTiles>
      <MapTile TileID="481" AltIDMod="0" />
    </MapTiles>
    <StaticTiles />
  </TransInfo>
  <TransInfo Description="Small Dirt To Dungeon Cave" HashKey="150815150808081515">
    <MapTiles>
      <MapTile TileID="581" AltIDMod="0" />
    </MapTiles>
    <StaticTiles />
  </TransInfo>
  <TransInfo Description="Small Dirt To Dungeon Cave" HashKey="150815080808150815">
    <MapTiles>
      <MapTile TileID="581" AltIDMod="0" />
    </MapTiles>
    <StaticTiles />
  </TransInfo>
  <TransInfo Description="Small Dirt To Dungeon Cave" HashKey="081515080808150815">
    <MapTiles>
      <MapTile TileID="581" AltIDMod="0" />
    </MapTiles>
    <StaticTiles />
  </TransInfo>
  <TransInfo Description="Small Dirt To Dungeon Cave" HashKey="150815080808151508">
    <MapTiles>
      <MapTile TileID="581" AltIDMod="0" />
    </MapTiles>
    <StaticTiles />
  </TransInfo>
  <TransInfo Description="Small Dirt To Dungeon Cave" HashKey="081515080808151508">
    <MapTiles>
      <MapTile TileID="581" AltIDMod="0" />
    </MapTiles>
    <StaticTiles />
  </TransInfo>
  <TransInfo Description="Small Dirt To Dungeon Cave" HashKey="151515080815150815">
    <MapTiles>
      <MapTile TileID="581" AltIDMod="0" />
    </MapTiles>
    <StaticTiles />
  </TransInfo>
  <TransInfo Description="Small Dirt To Dungeon Cave" HashKey="150815150815081508">
    <MapTiles>
      <MapTile TileID="581" AltIDMod="0" />
    </MapTiles>
    <StaticTiles />
  </TransInfo>
  <TransInfo Description="Small Dirt To Dungeon Cave" HashKey="151515150808151515">
    <MapTiles>
      <MapTile TileID="581" AltIDMod="0" />
    </MapTiles>
    <StaticTiles />
  </TransInfo>
  <TransInfo Description="Small Dirt To Dungeon Cave" HashKey="151508080815151515">
    <MapTiles>
      <MapTile TileID="581" AltIDMod="0" />
    </MapTiles>
    <StaticTiles />
  </TransInfo>
  <TransInfo Description="Small Dirt To Dungeon Cave" HashKey="150815150808080815">
    <MapTiles>
      <MapTile TileID="581" AltIDMod="0" />
    </MapTiles>
    <StaticTiles />
  </TransInfo>
  <TransInfo Description="Small Dirt To Dungeon Cave" HashKey="081508150808081515">
    <MapTiles>
      <MapTile TileID="581" AltIDMod="0" />
    </MapTiles>
    <StaticTiles />
  </TransInfo>
  <TransInfo Description="Small Dirt To Dungeon Cave" HashKey="080815150815081508">
    <MapTiles>
      <MapTile TileID="581" AltIDMod="0" />
    </MapTiles>
    <StaticTiles />
  </TransInfo>
  <TransInfo Description="Small Dirt To Dungeon Cave" HashKey="081508150815081515">
    <MapTiles>
      <MapTile TileID="581" AltIDMod="0" />
    </MapTiles>
    <StaticTiles />
  </TransInfo>
  <TransInfo Description="Small Dirt To Dungeon Cave" HashKey="081508080815081508">
    <MapTiles>
      <MapTile TileID="581" AltIDMod="0" />
    </MapTiles>
    <StaticTiles />
  </TransInfo>
  <TransInfo Description="Small Dirt To Dungeon Cave" HashKey="150808080815080808">
    <MapTiles>
      <MapTile TileID="483" AltIDMod="0" />
    </MapTiles>
    <StaticTiles />
  </TransInfo>
  <TransInfo Description="Small Dirt To Dungeon Cave" HashKey="150815150808151508">
    <MapTiles>
      <MapTile TileID="581" AltIDMod="0" />
    </MapTiles>
    <StaticTiles />
  </TransInfo>
  <TransInfo Description="Small Dirt To Dungeon Cave" HashKey="080808150815080815">
    <MapTiles>
      <MapTile TileID="581" AltIDMod="0" />
    </MapTiles>
    <StaticTiles />
  </TransInfo>
  <TransInfo Description="Small Dirt To Dungeon Cave" HashKey="151515080815080815">
    <MapTiles>
      <MapTile TileID="483" AltIDMod="0" />
    </MapTiles>
    <StaticTiles />
  </TransInfo>
  <TransInfo Description="Small Dirt To Dungeon Cave" HashKey="081515150808151515">
    <MapTiles>
      <MapTile TileID="581" AltIDMod="0" />
    </MapTiles>
    <StaticTiles />
  </TransInfo>
  <TransInfo Description="Small Dirt To Dungeon Cave" HashKey="080815150815080808">
    <MapTiles>
      <MapTile TileID="581" AltIDMod="0" />
    </MapTiles>
    <StaticTiles />
  </TransInfo>
  <TransInfo Description="Small Dirt To Dungeon Cave" HashKey="081508150815081508">
    <MapTiles>
      <MapTile TileID="581" AltIDMod="0" />
    </MapTiles>
    <StaticTiles />
  </TransInfo>
  <TransInfo Description="Small Dirt To Dungeon Cave" HashKey="080815080808151508">
    <MapTiles>
      <MapTile TileID="481" AltIDMod="0" />
    </MapTiles>
    <StaticTiles />
  </TransInfo>
  <TransInfo Description="Small Dirt To Dungeon Cave" HashKey="081508150808080808">
    <MapTiles>
      <MapTile TileID="480" AltIDMod="0" />
    </MapTiles>
    <StaticTiles />
  </TransInfo>
  <TransInfo Description="Small Dirt To Dungeon Cave" HashKey="081508150815151515">
    <MapTiles>
      <MapTile TileID="581" AltIDMod="0" />
    </MapTiles>
    <StaticTiles />
  </TransInfo>
  <TransInfo Description="Small Dirt To Dungeon Cave" HashKey="150815080815150815">
    <MapTiles>
      <MapTile TileID="581" AltIDMod="0" />
    </MapTiles>
    <StaticTiles />
  </TransInfo>
  <TransInfo Description="Small Dirt To Dungeon Cave" HashKey="080808150815080808">
    <MapTiles>
      <MapTile TileID="581" AltIDMod="0" />
    </MapTiles>
    <StaticTiles />
  </TransInfo>
  <TransInfo Description="Small Dirt To Dungeon Cave" HashKey="151515080815080808">
    <MapTiles>
      <MapTile TileID="483" AltIDMod="0" />
    </MapTiles>
    <StaticTiles />
  </TransInfo>
  <TransInfo Description="Small Dirt To Dungeon Cave" HashKey="151515150815080815">
    <MapTiles>
      <MapTile TileID="581" AltIDMod="0" />
    </MapTiles>
    <StaticTiles />
  </TransInfo>
  <TransInfo Description="Small Dirt To Dungeon Cave" HashKey="150815150815151515">
    <MapTiles>
      <MapTile TileID="581" AltIDMod="0" />
    </MapTiles>
    <StaticTiles />
  </TransInfo>
  <TransInfo Description="Small Dirt To Dungeon Cave" HashKey="151515150815081508">
    <MapTiles>
      <MapTile TileID="581" AltIDMod="0" />
    </MapTiles>
    <StaticTiles />
  </TransInfo>
  <TransInfo Description="Small Dirt To Dungeon Cave" HashKey="081515150815151515">
    <MapTiles>
      <MapTile TileID="581" AltIDMod="0" />
    </MapTiles>
    <StaticTiles />
  </TransInfo>
  <TransInfo Description="Small Dirt To Dungeon Cave" HashKey="080815150815150808">
    <MapTiles>
      <MapTile TileID="581" AltIDMod="0" />
    </MapTiles>
    <StaticTiles />
  </TransInfo>
  <TransInfo Description="Small Dirt To Dungeon Cave" HashKey="080815150808151515">
    <MapTiles>
      <MapTile TileID="581" AltIDMod="0" />
    </MapTiles>
    <StaticTiles />
  </TransInfo>
  <TransInfo Description="Small Dirt To Dungeon Cave" HashKey="150815080808081508">
    <MapTiles>
      <MapTile TileID="581" AltIDMod="0" />
    </MapTiles>
    <StaticTiles />
  </TransInfo>
  <TransInfo Description="Small Dirt To Dungeon Cave" HashKey="081515080808081508">
    <MapTiles>
      <MapTile TileID="581" AltIDMod="0" />
    </MapTiles>
    <StaticTiles />
  </TransInfo>
  <TransInfo Description="Small Dirt To Dungeon Cave" HashKey="150815150815150815">
    <MapTiles>
      <MapTile TileID="581" AltIDMod="0" />
    </MapTiles>
    <StaticTiles />
  </TransInfo>
  <TransInfo Description="Small Dirt To Dungeon Cave" HashKey="081515150815150815">
    <MapTiles>
      <MapTile TileID="581" AltIDMod="0" />
    </MapTiles>
    <StaticTiles />
  </TransInfo>
  <TransInfo Description="Small Dirt To Dungeon Cave" HashKey="150815150815151508">
    <MapTiles>
      <MapTile TileID="581" AltIDMod="0" />
    </MapTiles>
    <StaticTiles />
  </TransInfo>
  <TransInfo Description="Small Dirt To Dungeon Cave" HashKey="080815150808150815">
    <MapTiles>
      <MapTile TileID="581" AltIDMod="0" />
    </MapTiles>
    <StaticTiles />
  </TransInfo>
  <TransInfo Description="Small Dirt To Dungeon Cave" HashKey="081515150815151508">
    <MapTiles>
      <MapTile TileID="581" AltIDMod="0" />
    </MapTiles>
    <StaticTiles />
  </TransInfo>
  <TransInfo Description="Small Dirt To Dungeon Cave" HashKey="080808080815151515">
    <MapTiles>
      <MapTile TileID="481" AltIDMod="0" />
    </MapTiles>
    <StaticTiles />
  </TransInfo>
  <TransInfo Description="Small Dirt To Dungeon Cave" HashKey="080815080815150808">
    <MapTiles>
      <MapTile TileID="481" AltIDMod="0" />
    </MapTiles>
    <StaticTiles />
  </TransInfo>
  <TransInfo Description="Small Dirt To Dungeon Cave" HashKey="151508080808080815">
    <MapTiles>
      <MapTile TileID="483" AltIDMod="0" />
    </MapTiles>
    <StaticTiles />
  </TransInfo>
  <TransInfo Description="Small Dirt To Dungeon Cave" HashKey="081508080815151515">
    <MapTiles>
      <MapTile TileID="581" AltIDMod="0" />
    </MapTiles>
    <StaticTiles />
  </TransInfo>
  <TransInfo Description="Small Dirt To Dungeon Cave" HashKey="150815080815151508">
    <MapTiles>
      <MapTile TileID="581" AltIDMod="0" />
    </MapTiles>
    <StaticTiles />
  </TransInfo>
  <TransInfo Description="Small Dirt To Dungeon Cave" HashKey="150808150808150808">
    <MapTiles>
      <MapTile TileID="477" AltIDMod="0" />
    </MapTiles>
    <StaticTiles />
  </TransInfo>
  <TransInfo Description="Small Dirt To Dungeon Cave" HashKey="150815150815081515">
    <MapTiles>
      <MapTile TileID="581" AltIDMod="0" />
    </MapTiles>
    <StaticTiles />
  </TransInfo>
  <TransInfo Description="Small Dirt To Dungeon Cave" HashKey="151508150808151508">
    <MapTiles>
      <MapTile TileID="581" AltIDMod="0" />
    </MapTiles>
    <StaticTiles />
  </TransInfo>
  <TransInfo Description="Small Dirt To Dungeon Cave" HashKey="081508080815081515">
    <MapTiles>
      <MapTile TileID="581" AltIDMod="0" />
    </MapTiles>
    <StaticTiles />
  </TransInfo>
  <TransInfo Description="Small Dirt To Dungeon Cave" HashKey="081508150808081508">
    <MapTiles>
      <MapTile TileID="581" AltIDMod="0" />
    </MapTiles>
    <StaticTiles />
  </TransInfo>
  <TransInfo Description="Small Dirt To Dungeon Cave" HashKey="151508080808080808">
    <MapTiles>
      <MapTile TileID="479" AltIDMod="0" />
    </MapTiles>
    <StaticTiles />
  </TransInfo>
  <TransInfo Description="Small Dirt To Dungeon Cave" HashKey="150815150808151515">
    <MapTiles>
      <MapTile TileID="581" AltIDMod="0" />
    </MapTiles>
    <StaticTiles />
  </TransInfo>
  <TransInfo Description="Small Dirt To Dungeon Cave" HashKey="151508080815080808">
    <MapTiles>
      <MapTile TileID="483" AltIDMod="0" />
    </MapTiles>
    <StaticTiles />
  </TransInfo>
  <TransInfo Description="Small Dirt To Dungeon Cave" HashKey="151508080815150815">
    <MapTiles>
      <MapTile TileID="581" AltIDMod="0" />
    </MapTiles>
    <StaticTiles />
  </TransInfo>
  <TransInfo Description="Small Dirt To Dungeon Cave" HashKey="080808080808080815">
    <MapTiles>
      <MapTile TileID="485" AltIDMod="0" />
    </MapTiles>
    <StaticTiles />
  </TransInfo>
  <TransInfo Description="Small Dirt To Dungeon Cave" HashKey="081508150808080815">
    <MapTiles>
      <MapTile TileID="581" AltIDMod="0" />
    </MapTiles>
    <StaticTiles />
  </TransInfo>
  <TransInfo Description="Small Dirt To Dungeon Cave" HashKey="080815150815080815">
    <MapTiles>
      <MapTile TileID="581" AltIDMod="0" />
    </MapTiles>
    <StaticTiles />
  </TransInfo>
  <TransInfo Description="Small Dirt To Dungeon Cave" HashKey="081508080815080808">
    <MapTiles>
      <MapTile TileID="483" AltIDMod="0" />
    </MapTiles>
    <StaticTiles />
  </TransInfo>
  <TransInfo Description="Small Dirt To Dungeon Cave" HashKey="080815080808151515">
    <MapTiles>
      <MapTile TileID="481" AltIDMod="0" />
    </MapTiles>
    <StaticTiles />
  </TransInfo>
  <TransInfo Description="Small Dirt To Dungeon Cave" HashKey="151515150808150808">
    <MapTiles>
      <MapTile TileID="480" AltIDMod="0" />
    </MapTiles>
    <StaticTiles />
  </TransInfo>
  <TransInfo Description="Small Dirt To Dungeon Cave" HashKey="151508080815150808">
    <MapTiles>
      <MapTile TileID="581" AltIDMod="0" />
    </MapTiles>
    <StaticTiles />
  </TransInfo>
  <TransInfo Description="Small Dirt To Dungeon Cave" HashKey="081515150808080808">
    <MapTiles>
      <MapTile TileID="480" AltIDMod="0" />
    </MapTiles>
    <StaticTiles />
  </TransInfo>
  <TransInfo Description="Small Dirt To Dungeon Cave" HashKey="151515150815081515">
    <MapTiles>
      <MapTile TileID="581" AltIDMod="0" />
    </MapTiles>
    <StaticTiles />
  </TransInfo>
  <TransInfo Description="Small Dirt To Dungeon Cave" HashKey="081515150808150815">
    <MapTiles>
      <MapTile TileID="581" AltIDMod="0" />
    </MapTiles>
    <StaticTiles />
  </TransInfo>
  <TransInfo Description="Small Dirt To Dungeon Cave" HashKey="081508150808151508">
    <MapTiles>
      <MapTile TileID="581" AltIDMod="0" />
    </MapTiles>
    <StaticTiles />
  </TransInfo>
  <TransInfo Description="Small Dirt To Dungeon Cave" HashKey="150808150815080808">
    <MapTiles>
      <MapTile TileID="581" AltIDMod="0" />
    </MapTiles>
    <StaticTiles />
  </TransInfo>
  <TransInfo Description="Small Dirt To Dungeon Cave" HashKey="081508150815080808">
    <MapTiles>
      <MapTile TileID="581" AltIDMod="0" />
    </MapTiles>
    <StaticTiles />
  </TransInfo>
  <TransInfo Description="Small Dirt To Dungeon Cave" HashKey="150808080808151508">
    <MapTiles>
      <MapTile TileID="482" AltIDMod="0" />
    </MapTiles>
    <StaticTiles />
  </TransInfo>
  <TransInfo Description="Small Dirt To Dungeon Cave" HashKey="081515150815081508">
    <MapTiles>
      <MapTile TileID="581" AltIDMod="0" />
    </MapTiles>
    <StaticTiles />
  </TransInfo>
  <TransInfo Description="Small Dirt To Dungeon Cave" HashKey="081508080808151508">
    <MapTiles>
      <MapTile TileID="581" AltIDMod="0" />
    </MapTiles>
    <StaticTiles />
  </TransInfo>
  <TransInfo Description="Small Dirt To Dungeon Cave" HashKey="080815150808081508">
    <MapTiles>
      <MapTile TileID="581" AltIDMod="0" />
    </MapTiles>
    <StaticTiles />
  </TransInfo>
  <TransInfo Description="Small Dirt To Dungeon Cave" HashKey="080815080815151515">
    <MapTiles>
      <MapTile TileID="481" AltIDMod="0" />
    </MapTiles>
    <StaticTiles />
  </TransInfo>
  <TransInfo Description="Small Dirt To Dungeon Cave" HashKey="150815080808081515">
    <MapTiles>
      <MapTile TileID="581" AltIDMod="0" />
    </MapTiles>
    <StaticTiles />
  </TransInfo>
  <TransInfo Description="Small Dirt To Dungeon Cave" HashKey="150808150815150815">
    <MapTiles>
      <MapTile TileID="581" AltIDMod="0" />
    </MapTiles>
    <StaticTiles />
  </TransInfo>
  <TransInfo Description="Small Dirt To Dungeon Cave" HashKey="081515080808081515">
    <MapTiles>
      <MapTile TileID="581" AltIDMod="0" />
    </MapTiles>
    <StaticTiles />
  </TransInfo>
  <TransInfo Description="Small Dirt To Dungeon Cave" HashKey="081515150808150808">
    <MapTiles>
      <MapTile TileID="480" AltIDMod="0" />
    </MapTiles>
    <StaticTiles />
  </TransInfo>
  <TransInfo Description="Small Dirt To Dungeon Cave" HashKey="151508150815080815">
    <MapTiles>
      <MapTile TileID="581" AltIDMod="0" />
    </MapTiles>
    <StaticTiles />
  </TransInfo>
  <TransInfo Description="Small Dirt To Dungeon Cave" HashKey="150808150815150808">
    <MapTiles>
      <MapTile TileID="581" AltIDMod="0" />
    </MapTiles>
    <StaticTiles />
  </TransInfo>
  <TransInfo Description="Small Dirt To Dungeon Cave" HashKey="150808150808151515">
    <MapTiles>
      <MapTile TileID="482" AltIDMod="0" />
    </MapTiles>
    <StaticTiles />
  </TransInfo>
  <TransInfo Description="Small Dirt To Dungeon Cave" HashKey="080815080815150815">
    <MapTiles>
      <MapTile TileID="481" AltIDMod="0" />
    </MapTiles>
    <StaticTiles />
  </TransInfo>
  <TransInfo Description="Small Dirt To Dungeon Cave" HashKey="080815080815151508">
    <MapTiles>
      <MapTile TileID="481" AltIDMod="0" />
    </MapTiles>
    <StaticTiles />
  </TransInfo>
  <TransInfo Description="Small Dirt To Dungeon Cave" HashKey="080808150808151508">
    <MapTiles>
      <MapTile TileID="482" AltIDMod="0" />
    </MapTiles>
    <StaticTiles />
  </TransInfo>
  <TransInfo Description="Small Dirt To Dungeon Cave" HashKey="151508080808151515">
    <MapTiles>
      <MapTile TileID="581" AltIDMod="0" />
    </MapTiles>
    <StaticTiles />
  </TransInfo>
  <TransInfo Description="Small Dirt To Dungeon Cave" HashKey="151515080808151508">
    <MapTiles>
      <MapTile TileID="581" AltIDMod="0" />
    </MapTiles>
    <StaticTiles />
  </TransInfo>
  <TransInfo Description="Small Dirt To Dungeon Cave" HashKey="150808080815150808">
    <MapTiles>
      <MapTile TileID="581" AltIDMod="0" />
    </MapTiles>
    <StaticTiles />
  </TransInfo>
  <TransInfo Description="Small Dirt To Dungeon Cave" HashKey="150808150808150815">
    <MapTiles>
      <MapTile TileID="482" AltIDMod="0" />
    </MapTiles>
    <StaticTiles />
  </TransInfo>
  <TransInfo Description="Small Dirt To Dungeon Cave" HashKey="151508150815080808">
    <MapTiles>
      <MapTile TileID="581" AltIDMod="0" />
    </MapTiles>
    <StaticTiles />
  </TransInfo>
  <TransInfo Description="Small Dirt To Dungeon Cave" HashKey="150808150808151508">
    <MapTiles>
      <MapTile TileID="482" AltIDMod="0" />
    </MapTiles>
    <StaticTiles />
  </TransInfo>
  <TransInfo Description="Small Dirt To Dungeon Cave" HashKey="151508080815081515">
    <MapTiles>
      <MapTile TileID="581" AltIDMod="0" />
    </MapTiles>
    <StaticTiles />
  </TransInfo>
  <TransInfo Description="Small Dirt To Dungeon Cave" HashKey="151508150808151515">
    <MapTiles>
      <MapTile TileID="581" AltIDMod="0" />
    </MapTiles>
    <StaticTiles />
  </TransInfo>
  <TransInfo Description="Small Dirt To Dungeon Cave" HashKey="151508080815080815">
    <MapTiles>
      <MapTile TileID="483" AltIDMod="0" />
    </MapTiles>
    <StaticTiles />
  </TransInfo>
  <TransInfo Description="Small Dirt To Dungeon Cave" HashKey="151508080815081508">
    <MapTiles>
      <MapTile TileID="581" AltIDMod="0" />
    </MapTiles>
    <StaticTiles />
  </TransInfo>
  <TransInfo Description="Small Dirt To Dungeon Cave" HashKey="080808080815150808">
    <MapTiles>
      <MapTile TileID="481" AltIDMod="0" />
    </MapTiles>
    <StaticTiles />
  </TransInfo>
  <TransInfo Description="Small Dirt To Dungeon Cave" HashKey="081515150808081515">
    <MapTiles>
      <MapTile TileID="581" AltIDMod="0" />
    </MapTiles>
    <StaticTiles />
  </TransInfo>
  <TransInfo Description="Small Dirt To Dungeon Cave" HashKey="081508080815080815">
    <MapTiles>
      <MapTile TileID="483" AltIDMod="0" />
    </MapTiles>
    <StaticTiles />
  </TransInfo>
  <TransInfo Description="Small Dirt To Dungeon Cave" HashKey="081515080815151508">
    <MapTiles>
      <MapTile TileID="581" AltIDMod="0" />
    </MapTiles>
    <StaticTiles />
  </TransInfo>
  <TransInfo Description="Small Dirt To Dungeon Cave" HashKey="150808150815081515">
    <MapTiles>
      <MapTile TileID="581" AltIDMod="0" />
    </MapTiles>
    <StaticTiles />
  </TransInfo>
  <TransInfo Description="Small Dirt To Dungeon Cave" HashKey="080808150815150808">
    <MapTiles>
      <MapTile TileID="581" AltIDMod="0" />
    </MapTiles>
    <StaticTiles />
  </TransInfo>
  <TransInfo Description="Small Dirt To Dungeon Cave" HashKey="151515150808150815">
    <MapTiles>
      <MapTile TileID="581" AltIDMod="0" />
    </MapTiles>
    <StaticTiles />
  </TransInfo>
  <TransInfo Description="Small Dirt To Dungeon Cave" HashKey="150815080815151515">
    <MapTiles>
      <MapTile TileID="581" AltIDMod="0" />
    </MapTiles>
    <StaticTiles />
  </TransInfo>
  <TransInfo Description="Small Dirt To Dungeon Cave" HashKey="080808080808150815">
    <MapTiles>
      <MapTile TileID="476" AltIDMod="0" />
    </MapTiles>
    <StaticTiles />
  </TransInfo>
  <TransInfo Description="Small Dirt To Dungeon Cave" HashKey="151508150815150808">
    <MapTiles>
      <MapTile TileID="581" AltIDMod="0" />
    </MapTiles>
    <StaticTiles />
  </TransInfo>
  <TransInfo Description="Small Dirt To Dungeon Cave" HashKey="081515150808081508">
    <MapTiles>
      <MapTile TileID="581" AltIDMod="0" />
    </MapTiles>
    <StaticTiles />
  </TransInfo>
  <TransInfo Description="Small Dirt To Dungeon Cave" HashKey="080815080808080808">
    <MapTiles>
      <MapTile TileID="486" AltIDMod="0" />
    </MapTiles>
    <StaticTiles />
  </TransInfo>
  <TransInfo Description="Small Dirt To Dungeon Cave" HashKey="150808150815080815">
    <MapTiles>
      <MapTile TileID="581" AltIDMod="0" />
    </MapTiles>
    <StaticTiles />
  </TransInfo>
  <TransInfo Description="Small Dirt To Dungeon Cave" HashKey="080815080808150815">
    <MapTiles>
      <MapTile TileID="481" AltIDMod="0" />
    </MapTiles>
    <StaticTiles />
  </TransInfo>
  <TransInfo Description="Small Dirt To Dungeon Cave" HashKey="081508150815080815">
    <MapTiles>
      <MapTile TileID="581" AltIDMod="0" />
    </MapTiles>
    <StaticTiles />
  </TransInfo>
  <TransInfo Description="Small Dirt To Dungeon Cave" HashKey="150808080808151515">
    <MapTiles>
      <MapTile TileID="482" AltIDMod="0" />
    </MapTiles>
    <StaticTiles />
  </TransInfo>
  <TransInfo Description="Small Dirt To Dungeon Cave" HashKey="081515150815081515">
    <MapTiles>
      <MapTile TileID="581" AltIDMod="0" />
    </MapTiles>
    <StaticTiles />
  </TransInfo>
  <TransInfo Description="Small Dirt To Dungeon Cave" HashKey="081508080808151515">
    <MapTiles>
      <MapTile TileID="581" AltIDMod="0" />
    </MapTiles>
    <StaticTiles />
  </TransInfo>
  <TransInfo Description="Small Dirt To Dungeon Cave" HashKey="080815150808081515">
    <MapTiles>
      <MapTile TileID="581" AltIDMod="0" />
    </MapTiles>
    <StaticTiles />
  </TransInfo>
  <TransInfo Description="Small Dirt To Dungeon Cave" HashKey="080815080815081508">
    <MapTiles>
      <MapTile TileID="481" AltIDMod="0" />
    </MapTiles>
    <StaticTiles />
  </TransInfo>
  <TransInfo Description="Small Dirt To Dungeon Cave" HashKey="080808080815081515">
    <MapTiles>
      <MapTile TileID="481" AltIDMod="0" />
    </MapTiles>
    <StaticTiles />
  </TransInfo>
  <TransInfo Description="Small Dirt To Dungeon Cave" HashKey="150808150808081508">
    <MapTiles>
      <MapTile TileID="482" AltIDMod="0" />
    </MapTiles>
    <StaticTiles />
  </TransInfo>
  <TransInfo Description="Small Dirt To Dungeon Cave" HashKey="150808080815151515">
    <MapTiles>
      <MapTile TileID="581" AltIDMod="0" />
    </MapTiles>
    <StaticTiles />
  </TransInfo>
  <TransInfo Description="Small Dirt To Dungeon Cave" HashKey="081508150815150808">
    <MapTiles>
      <MapTile TileID="581" AltIDMod="0" />
    </MapTiles>
    <StaticTiles />
  </TransInfo>
  <TransInfo Description="Small Dirt To Dungeon Cave" HashKey="150815080808080815">
    <MapTiles>
      <MapTile TileID="483" AltIDMod="0" />
    </MapTiles>
    <StaticTiles />
  </TransInfo>
  <TransInfo Description="Small Dirt To Dungeon Cave" HashKey="080808150808151515">
    <MapTiles>
      <MapTile TileID="482" AltIDMod="0" />
    </MapTiles>
    <StaticTiles />
  </TransInfo>
  <TransInfo Description="Small Dirt To Dungeon Cave" HashKey="081515080808080815">
    <MapTiles>
      <MapTile TileID="483" AltIDMod="0" />
    </MapTiles>
    <StaticTiles />
  </TransInfo>
  <TransInfo Description="Small Dirt To Dungeon Cave" HashKey="151515080808151515">
    <MapTiles>
      <MapTile TileID="581" AltIDMod="0" />
    </MapTiles>
    <StaticTiles />
  </TransInfo>
  <TransInfo Description="Small Dirt To Dungeon Cave" HashKey="080808080815080815">
    <MapTiles>
      <MapTile TileID="478" AltIDMod="0" />
    </MapTiles>
    <StaticTiles />
  </TransInfo>
  <TransInfo Description="Small Dirt To Dungeon Cave" HashKey="080808080815081508">
    <MapTiles>
      <MapTile TileID="481" AltIDMod="0" />
    </MapTiles>
    <StaticTiles />
  </TransInfo>
  <TransInfo Description="Small Dirt To Dungeon Cave" HashKey="150808080815150815">
    <MapTiles>
      <MapTile TileID="581" AltIDMod="0" />
    </MapTiles>
    <StaticTiles />
  </TransInfo>
  <TransInfo Description="Small Dirt To Dungeon Cave" HashKey="150815150808081508">
    <MapTiles>
      <MapTile TileID="581" AltIDMod="0" />
    </MapTiles>
    <StaticTiles />
  </TransInfo>
  <TransInfo Description="Small Dirt To Dungeon Cave" HashKey="151508080808150808">
    <MapTiles>
      <MapTile TileID="480" AltIDMod="0" />
    </MapTiles>
    <StaticTiles />
  </TransInfo>
  <TransInfo Description="Small Dirt To Dungeon Cave" HashKey="150808080815151508">
    <MapTiles>
      <MapTile TileID="581" AltIDMod="0" />
    </MapTiles>
    <StaticTiles />
  </TransInfo>
  <TransInfo Description="Small Dirt To Dungeon Cave" HashKey="150815080808080808">
    <MapTiles>
      <MapTile TileID="479" AltIDMod="0" />
    </MapTiles>
    <StaticTiles />
  </TransInfo>
  <TransInfo Description="Small Dirt To Dungeon Cave" HashKey="081515080808080808">
    <MapTiles>
      <MapTile TileID="479" AltIDMod="0" />
    </MapTiles>
    <StaticTiles />
  </TransInfo>
  <TransInfo Description="Small Dirt To Dungeon Cave" HashKey="080808150815151515">
    <MapTiles>
      <MapTile TileID="581" AltIDMod="0" />
    </MapTiles>
    <StaticTiles />
  </TransInfo>
  <TransInfo Description="Small Dirt To Dungeon Cave" HashKey="150815080815080808">
    <MapTiles>
      <MapTile TileID="483" AltIDMod="0" />
    </MapTiles>
    <StaticTiles />
  </TransInfo>
  <TransInfo Description="Small Dirt To Dungeon Cave" HashKey="081515080815080808">
    <MapTiles>
      <MapTile TileID="483" AltIDMod="0" />
    </MapTiles>
    <StaticTiles />
  </TransInfo>
  <TransInfo Description="Small Dirt To Dungeon Cave" HashKey="081515080815150815">
    <MapTiles>
      <MapTile TileID="581" AltIDMod="0" />
    </MapTiles>
    <StaticTiles />
  </TransInfo>
  <TransInfo Description="Small Dirt To Dungeon Cave" HashKey="151515080815151515">
    <MapTiles>
      <MapTile TileID="581" AltIDMod="0" />
    </MapTiles>
    <StaticTiles />
  </TransInfo>
  <TransInfo Description="Small Dirt To Dungeon Cave" HashKey="151508150808080808">
    <MapTiles>
      <MapTile TileID="480" AltIDMod="0" />
    </MapTiles>
    <StaticTiles />
  </TransInfo>
  <TransInfo Description="Small Dirt To Dungeon Cave" HashKey="080808080808081508">
    <MapTiles>
      <MapTile TileID="476" AltIDMod="0" />
    </MapTiles>
    <StaticTiles />
  </TransInfo>
  <TransInfo Description="Small Dirt To Dungeon Cave" HashKey="151508150808150815">
    <MapTiles>
      <MapTile TileID="581" AltIDMod="0" />
    </MapTiles>
    <StaticTiles />
  </TransInfo>
  <TransInfo Description="Small Dirt To Dungeon Cave" HashKey="080815080808081515">
    <MapTiles>
      <MapTile TileID="481" AltIDMod="0" />
    </MapTiles>
    <StaticTiles />
  </TransInfo>
  <TransInfo Description="Small Dirt To Dungeon Cave" HashKey="080808150815150815">
    <MapTiles>
      <MapTile TileID="581" AltIDMod="0" />
    </MapTiles>
    <StaticTiles />
  </TransInfo>
  <TransInfo Description="Small Dirt To Dungeon Cave" HashKey="080808150815151508">
    <MapTiles>
      <MapTile TileID="581" AltIDMod="0" />
    </MapTiles>
    <StaticTiles />
  </TransInfo>
  <TransInfo Description="Small Dirt To Dungeon Cave" HashKey="150815080815150808">
    <MapTiles>
      <MapTile TileID="581" AltIDMod="0" />
    </MapTiles>
    <StaticTiles />
  </TransInfo>
  <TransInfo Description="Small Dirt To Dungeon Cave" HashKey="081508150808150808">
    <MapTiles>
      <MapTile TileID="480" AltIDMod="0" />
    </MapTiles>
    <StaticTiles />
  </TransInfo>
  <TransInfo Description="Small Dirt To Dungeon Cave" HashKey="081515080815150808">
    <MapTiles>
      <MapTile TileID="581" AltIDMod="0" />
    </MapTiles>
    <StaticTiles />
  </TransInfo>
  <TransInfo Description="Small Dirt To Dungeon Cave" HashKey="151515080815151508">
    <MapTiles>
      <MapTile TileID="581" AltIDMod="0" />
    </MapTiles>
    <StaticTiles />
  </TransInfo>
  <TransInfo Description="Small Dirt To Dungeon Cave" HashKey="080815080808080815">
    <MapTiles>
      <MapTile TileID="478" AltIDMod="0" />
    </MapTiles>
    <StaticTiles />
  </TransInfo>
  <TransInfo Description="Small Dirt To Dungeon Cave" HashKey="151515150815151508">
    <MapTiles>
      <MapTile TileID="581" AltIDMod="0" />
    </MapTiles>
    <StaticTiles />
  </TransInfo>
  <TransInfo Description="Small Dirt To Dungeon Cave" HashKey="080815080808081508">
    <MapTiles>
      <MapTile TileID="481" AltIDMod="0" />
    </MapTiles>
    <StaticTiles />
  </TransInfo>
  <TransInfo Description="Small Dirt To Dungeon Cave" HashKey="151508150808150808">
    <MapTiles>
      <MapTile TileID="480" AltIDMod="0" />
    </MapTiles>
    <StaticTiles />
  </TransInfo>
  <TransInfo Description="Small Dirt To Dungeon Cave" HashKey="081508150815150815">
    <MapTiles>
      <MapTile TileID="581" AltIDMod="0" />
    </MapTiles>
    <StaticTiles />
  </TransInfo>
  <TransInfo Description="Small Dirt To Dungeon Cave" HashKey="080815080815081515">
    <MapTiles>
      <MapTile TileID="481" AltIDMod="0" />
    </MapTiles>
    <StaticTiles />
  </TransInfo>
  <TransInfo Description="Small Dirt To Dungeon Cave" HashKey="150808150815151515">
    <MapTiles>
      <MapTile TileID="581" AltIDMod="0" />
    </MapTiles>
    <StaticTiles />
  </TransInfo>
  <TransInfo Description="Small Dirt To Dungeon Cave" HashKey="151508150808081515">
    <MapTiles>
      <MapTile TileID="581" AltIDMod="0" />
    </MapTiles>
    <StaticTiles />
  </TransInfo>
  <TransInfo Description="Small Dirt To Dungeon Cave" HashKey="151515080815081508">
    <MapTiles>
      <MapTile TileID="581" AltIDMod="0" />
    </MapTiles>
    <StaticTiles />
  </TransInfo>
  <TransInfo Description="Small Dirt To Dungeon Cave" HashKey="150808080808080808">
    <MapTiles>
      <MapTile TileID="484" AltIDMod="0" />
    </MapTiles>
    <StaticTiles />
  </TransInfo>
  <TransInfo Description="Small Dirt To Dungeon Cave" HashKey="150815150815080815">
    <MapTiles>
      <MapTile TileID="581" AltIDMod="0" />
    </MapTiles>
    <StaticTiles />
  </TransInfo>
  <TransInfo Description="Small Dirt To Dungeon Cave" HashKey="081508080808080808">
    <MapTiles>
      <MapTile TileID="479" AltIDMod="0" />
    </MapTiles>
    <StaticTiles />
  </TransInfo>
  <TransInfo Description="Small Dirt To Dungeon Cave" HashKey="081515150815080815">
    <MapTiles>
      <MapTile TileID="581" AltIDMod="0" />
    </MapTiles>
    <StaticTiles />
  </TransInfo>
  <TransInfo Description="Small Dirt To Dungeon Cave" HashKey="081508080808150815">
    <MapTiles>
      <MapTile TileID="581" AltIDMod="0" />
    </MapTiles>
    <StaticTiles />
  </TransInfo>
  <TransInfo Description="Small Dirt To Dungeon Cave" HashKey="080815150808080815">
    <MapTiles>
      <MapTile TileID="581" AltIDMod="0" />
    </MapTiles>
    <StaticTiles />
  </TransInfo>
  <TransInfo Description="Small Dirt To Dungeon Cave" HashKey="080808080815080808">
    <MapTiles>
      <MapTile TileID="478" AltIDMod="0" />
    </MapTiles>
    <StaticTiles />
  </TransInfo>
  <TransInfo Description="Small Dirt To Dungeon Cave" HashKey="150808150808081515">
    <MapTiles>
      <MapTile TileID="482" AltIDMod="0" />
    </MapTiles>
    <StaticTiles />
  </TransInfo>
  <TransInfo Description="Small Dirt To Dungeon Cave" HashKey="150808080815081508">
    <MapTiles>
      <MapTile TileID="581" AltIDMod="0" />
    </MapTiles>
    <StaticTiles />
  </TransInfo>
  <TransInfo Description="Small Dirt To Dungeon Cave" HashKey="150815080815081515">
    <MapTiles>
      <MapTile TileID="581" AltIDMod="0" />
    </MapTiles>
    <StaticTiles />
  </TransInfo>
  <TransInfo Description="Small Dirt To Dungeon Cave" HashKey="081515080815081515">
    <MapTiles>
      <MapTile TileID="581" AltIDMod="0" />
    </MapTiles>
    <StaticTiles />
  </TransInfo>
  <TransInfo Description="Small Dirt To Dungeon Cave" HashKey="150815150815080808">
    <MapTiles>
      <MapTile TileID="581" AltIDMod="0" />
    </MapTiles>
    <StaticTiles />
  </TransInfo>
  <TransInfo Description="Small Dirt To Dungeon Cave" HashKey="150808080808150808">
    <MapTiles>
      <MapTile TileID="477" AltIDMod="0" />
    </MapTiles>
    <StaticTiles />
  </TransInfo>
  <TransInfo Description="Small Dirt To Dungeon Cave" HashKey="081515150815080808">
    <MapTiles>
      <MapTile TileID="581" AltIDMod="0" />
    </MapTiles>
    <StaticTiles />
  </TransInfo>
  <TransInfo Description="Small Dirt To Dungeon Cave" HashKey="081508080808150808">
    <MapTiles>
      <MapTile TileID="480" AltIDMod="0" />
    </MapTiles>
    <StaticTiles />
  </TransInfo>
  <TransInfo Description="Small Dirt To Dungeon Cave" HashKey="080815150808080808">
    <MapTiles>
      <MapTile TileID="480" AltIDMod="0" />
    </MapTiles>
    <StaticTiles />
  </TransInfo>
  <TransInfo Description="Small Dirt To Dungeon Cave" HashKey="080808150808080808">
    <MapTiles>
      <MapTile TileID="477" AltIDMod="0" />
    </MapTiles>
    <StaticTiles />
  </TransInfo>
  <TransInfo Description="Small Dirt To Dungeon Cave" HashKey="151508080808150815">
    <MapTiles>
      <MapTile TileID="581" AltIDMod="0" />
    </MapTiles>
    <StaticTiles />
  </TransInfo>
  <TransInfo Description="Small Dirt To Dungeon Cave" HashKey="080808150808150815">
    <MapTiles>
      <MapTile TileID="482" AltIDMod="0" />
    </MapTiles>
    <StaticTiles />
  </TransInfo>
</Trans>