﻿<?xml version="1.0" encoding="utf-8"?>
<Trans>
  <TransInfo Description="Small Dirt to High Coast NEA" HashKey="4D08084D08084D084D">
    <MapTiles>
      <MapTile TileID="745" AltIDMod="-15" />
    </MapTiles>
    <StaticTiles>
      <StaticTile TileID="6039" AltIDMod="-5" />
      <StaticTile TileID="6040" AltIDMod="-5" />
      <StaticTile TileID="6041" AltIDMod="-5" />
      <StaticTile TileID="6042" AltIDMod="-5" />
      <StaticTile TileID="6043" AltIDMod="-5" />
      <StaticTile TileID="6044" AltIDMod="-5" />
    </StaticTiles>
  </TransInfo>
  <TransInfo Description="Small Dirt to High Coast EW" HashKey="0808084D08084D0808">
    <MapTiles>
      <MapTile TileID="741" AltIDMod="-12" />
    </MapTiles>
    <StaticTiles>
      <StaticTile TileID="6053" AltIDMod="-5" />
      <StaticTile TileID="6066" AltIDMod="-5" />
    </StaticTiles>
  </TransInfo>
  <TransInfo Description="Small Dirt to High Coast SWB" HashKey="0808080808084D0808">
    <MapTiles>
      <MapTile TileID="745" AltIDMod="0" />
    </MapTiles>
    <StaticTiles />
  </TransInfo>
  <TransInfo Description="Small Dirt to High Coast NEA" HashKey="0808084D0808084D08">
    <MapTiles>
      <MapTile TileID="745" AltIDMod="-15" />
    </MapTiles>
    <StaticTiles>
      <StaticTile TileID="6039" AltIDMod="-5" />
      <StaticTile TileID="6040" AltIDMod="-5" />
      <StaticTile TileID="6041" AltIDMod="-5" />
      <StaticTile TileID="6042" AltIDMod="-5" />
      <StaticTile TileID="6043" AltIDMod="-5" />
      <StaticTile TileID="6044" AltIDMod="-5" />
    </StaticTiles>
  </TransInfo>
  <TransInfo Description="Small Dirt to High Coast WE" HashKey="08080808084D080808">
    <MapTiles>
      <MapTile TileID="741" AltIDMod="-3" />
    </MapTiles>
    <StaticTiles />
  </TransInfo>
  <TransInfo Description="Small Dirt to High Coast SEA" HashKey="4D4D4D4D08084D0808">
    <MapTiles>
      <MapTile TileID="117" AltIDMod="-9" />
      <MapTile TileID="118" AltIDMod="-9" />
      <MapTile TileID="119" AltIDMod="-9" />
      <MapTile TileID="120" AltIDMod="-9" />
    </MapTiles>
    <StaticTiles>
      <StaticTile TileID="6039" AltIDMod="-5" />
      <StaticTile TileID="6040" AltIDMod="-5" />
      <StaticTile TileID="6041" AltIDMod="-5" />
      <StaticTile TileID="6042" AltIDMod="-5" />
      <StaticTile TileID="6043" AltIDMod="-5" />
      <StaticTile TileID="6044" AltIDMod="-5" />
    </StaticTiles>
  </TransInfo>
  <TransInfo Description="Small Dirt to High Coast NEA" HashKey="4D08084D0808084D08">
    <MapTiles>
      <MapTile TileID="745" AltIDMod="-15" />
    </MapTiles>
    <StaticTiles>
      <StaticTile TileID="6039" AltIDMod="-5" />
      <StaticTile TileID="6040" AltIDMod="-5" />
      <StaticTile TileID="6041" AltIDMod="-5" />
      <StaticTile TileID="6042" AltIDMod="-5" />
      <StaticTile TileID="6043" AltIDMod="-5" />
      <StaticTile TileID="6044" AltIDMod="-5" />
    </StaticTiles>
  </TransInfo>
  <TransInfo Description="Small Dirt to High Coast NS" HashKey="0808080808084D084D">
    <MapTiles>
      <MapTile TileID="745" AltIDMod="-3" />
    </MapTiles>
    <StaticTiles />
  </TransInfo>
  <TransInfo Description="Small Dirt to High Coast SEA" HashKey="4D4D4D0808084D0808">
    <MapTiles>
      <MapTile TileID="117" AltIDMod="-5" />
      <MapTile TileID="118" AltIDMod="-5" />
      <MapTile TileID="119" AltIDMod="-5" />
      <MapTile TileID="120" AltIDMod="-5" />
    </MapTiles>
    <StaticTiles />
  </TransInfo>
  <TransInfo Description="Small Dirt to High Coast NWA" HashKey="08084D08084D4D4D4D">
    <MapTiles>
      <MapTile TileID="749" AltIDMod="-2" />
    </MapTiles>
    <StaticTiles />
  </TransInfo>
  <TransInfo Description="Small Dirt to High Coast NWA" HashKey="08080808084D4D084D">
    <MapTiles>
      <MapTile TileID="749" AltIDMod="-2" />
    </MapTiles>
    <StaticTiles />
  </TransInfo>
  <TransInfo Description="Small Dirt to High Coast NS" HashKey="0808080808084D4D08">
    <MapTiles>
      <MapTile TileID="745" AltIDMod="-3" />
    </MapTiles>
    <StaticTiles />
  </TransInfo>
  <TransInfo Description="Small Dirt to High Coast SEA" HashKey="08084D4D0808080808">
    <MapTiles>
      <MapTile TileID="117" AltIDMod="-5" />
      <MapTile TileID="118" AltIDMod="-5" />
      <MapTile TileID="119" AltIDMod="-5" />
      <MapTile TileID="120" AltIDMod="-5" />
    </MapTiles>
    <StaticTiles />
  </TransInfo>
  <TransInfo Description="Small Dirt to High Coast WE" HashKey="08080808084D08084D">
    <MapTiles>
      <MapTile TileID="741" AltIDMod="-3" />
    </MapTiles>
    <StaticTiles />
  </TransInfo>
  <TransInfo Description="Small Dirt to High Coast SWA" HashKey="4D4D4D08080808084D">
    <MapTiles>
      <MapTile TileID="741" AltIDMod="-12" />
    </MapTiles>
    <StaticTiles>
      <StaticTile TileID="6039" AltIDMod="-5" />
      <StaticTile TileID="6040" AltIDMod="-5" />
      <StaticTile TileID="6041" AltIDMod="-5" />
      <StaticTile TileID="6042" AltIDMod="-5" />
      <StaticTile TileID="6043" AltIDMod="-5" />
      <StaticTile TileID="6044" AltIDMod="-5" />
    </StaticTiles>
  </TransInfo>
  <TransInfo Description="Small Dirt to High Coast SEA" HashKey="084D084D08084D0808">
    <MapTiles>
      <MapTile TileID="117" AltIDMod="-5" />
      <MapTile TileID="118" AltIDMod="-5" />
      <MapTile TileID="119" AltIDMod="-5" />
      <MapTile TileID="120" AltIDMod="-5" />
    </MapTiles>
    <StaticTiles />
  </TransInfo>
  <TransInfo Description="Small Dirt to High Coast EW" HashKey="4D08084D0808080808">
    <MapTiles>
      <MapTile TileID="117" AltIDMod="-7" />
      <MapTile TileID="118" AltIDMod="-7" />
      <MapTile TileID="119" AltIDMod="-7" />
      <MapTile TileID="120" AltIDMod="-7" />
    </MapTiles>
    <StaticTiles>
      <StaticTile TileID="6039" AltIDMod="-5" />
      <StaticTile TileID="6040" AltIDMod="-5" />
      <StaticTile TileID="6041" AltIDMod="-5" />
      <StaticTile TileID="6042" AltIDMod="-5" />
      <StaticTile TileID="6043" AltIDMod="-5" />
      <StaticTile TileID="6044" AltIDMod="-5" />
    </StaticTiles>
  </TransInfo>
  <TransInfo Description="Small Dirt to High Coast NWA" HashKey="08080808084D084D08">
    <MapTiles>
      <MapTile TileID="749" AltIDMod="-2" />
    </MapTiles>
    <StaticTiles />
  </TransInfo>
  <TransInfo Description="Small Dirt to High Coast SN" HashKey="084D4D080808080808">
    <MapTiles>
      <MapTile TileID="745" AltIDMod="-12" />
    </MapTiles>
    <StaticTiles>
      <StaticTile TileID="6056" AltIDMod="-5" />
      <StaticTile TileID="6064" AltIDMod="-5" />
    </StaticTiles>
  </TransInfo>
  <TransInfo Description="Small Dirt to High Coast SEA" HashKey="4D4D084D0808080808">
    <MapTiles>
      <MapTile TileID="117" AltIDMod="-5" />
      <MapTile TileID="118" AltIDMod="-5" />
      <MapTile TileID="119" AltIDMod="-5" />
      <MapTile TileID="120" AltIDMod="-5" />
    </MapTiles>
    <StaticTiles />
  </TransInfo>
  <TransInfo Description="Small Dirt to High Coast SN" HashKey="4D4D4D080808080808">
    <MapTiles>
      <MapTile TileID="745" AltIDMod="-12" />
    </MapTiles>
    <StaticTiles>
      <StaticTile TileID="6049" AltIDMod="-5" />
      <StaticTile TileID="6050" AltIDMod="-5" />
    </StaticTiles>
  </TransInfo>
  <TransInfo Description="Small Dirt to High Coast SEA" HashKey="4D084D4D0808080808">
    <MapTiles>
      <MapTile TileID="117" AltIDMod="-5" />
      <MapTile TileID="118" AltIDMod="-5" />
      <MapTile TileID="119" AltIDMod="-5" />
      <MapTile TileID="120" AltIDMod="-5" />
    </MapTiles>
    <StaticTiles />
  </TransInfo>
  <TransInfo Description="Small Dirt to High Coast SWA" HashKey="4D4D4D08084D080808">
    <MapTiles>
      <MapTile TileID="745" AltIDMod="-12" />
    </MapTiles>
    <StaticTiles>
      <StaticTile TileID="6049" AltIDMod="-5" />
      <StaticTile TileID="6050" AltIDMod="-5" />
    </StaticTiles>
  </TransInfo>
  <TransInfo Description="Small Dirt to High Coast NWA" HashKey="08080808084D4D4D08">
    <MapTiles>
      <MapTile TileID="749" AltIDMod="-2" />
    </MapTiles>
    <StaticTiles />
  </TransInfo>
  <TransInfo Description="Small Dirt to High Coast NWA" HashKey="08084D08084D4D0808">
    <MapTiles>
      <MapTile TileID="749" AltIDMod="-2" />
    </MapTiles>
    <StaticTiles />
  </TransInfo>
  <TransInfo Description="Small Dirt to High Coast SWA" HashKey="4D080808084D080808">
    <MapTiles>
      <MapTile TileID="741" AltIDMod="-12" />
    </MapTiles>
    <StaticTiles>
      <StaticTile TileID="6039" AltIDMod="-5" />
      <StaticTile TileID="6040" AltIDMod="-5" />
      <StaticTile TileID="6041" AltIDMod="-5" />
      <StaticTile TileID="6042" AltIDMod="-5" />
      <StaticTile TileID="6043" AltIDMod="-5" />
      <StaticTile TileID="6044" AltIDMod="-5" />
    </StaticTiles>
  </TransInfo>
  <TransInfo Description="Small Dirt to High Coast SEA" HashKey="4D4D080808084D0808">
    <MapTiles>
      <MapTile TileID="117" AltIDMod="-5" />
      <MapTile TileID="118" AltIDMod="-5" />
      <MapTile TileID="119" AltIDMod="-5" />
      <MapTile TileID="120" AltIDMod="-5" />
    </MapTiles>
    <StaticTiles />
  </TransInfo>
  <TransInfo Description="Small Dirt to High Coast SEA" HashKey="4D084D4D08084D0808">
    <MapTiles>
      <MapTile TileID="117" AltIDMod="-5" />
      <MapTile TileID="118" AltIDMod="-5" />
      <MapTile TileID="119" AltIDMod="-5" />
      <MapTile TileID="120" AltIDMod="-5" />
    </MapTiles>
    <StaticTiles />
  </TransInfo>
  <TransInfo Description="Small Dirt to High Coast SEA" HashKey="4D084D0808084D0808">
    <MapTiles>
      <MapTile TileID="117" AltIDMod="-5" />
      <MapTile TileID="118" AltIDMod="-5" />
      <MapTile TileID="119" AltIDMod="-5" />
      <MapTile TileID="120" AltIDMod="-5" />
    </MapTiles>
    <StaticTiles />
  </TransInfo>
  <TransInfo Description="Small Dirt to High Coast SEA" HashKey="084D4D4D0808080808">
    <MapTiles>
      <MapTile TileID="117" AltIDMod="-5" />
      <MapTile TileID="118" AltIDMod="-5" />
      <MapTile TileID="119" AltIDMod="-5" />
      <MapTile TileID="120" AltIDMod="-5" />
    </MapTiles>
    <StaticTiles />
  </TransInfo>
  <TransInfo Description="Small Dirt to High Coast NWA" HashKey="08080808084D4D4D4D">
    <MapTiles>
      <MapTile TileID="749" AltIDMod="-2" />
    </MapTiles>
    <StaticTiles />
  </TransInfo>
  <TransInfo Description="Small Dirt to High Coast NWA" HashKey="08084D08084D4D4D08">
    <MapTiles>
      <MapTile TileID="749" AltIDMod="-2" />
    </MapTiles>
    <StaticTiles />
  </TransInfo>
  <TransInfo Description="Small Dirt to High Coast NWA" HashKey="08084D08084D4D084D">
    <MapTiles>
      <MapTile TileID="749" AltIDMod="-2" />
    </MapTiles>
    <StaticTiles />
  </TransInfo>
  <TransInfo Description="Small Dirt to High Coast EW" HashKey="4D08080808084D0808">
    <MapTiles>
      <MapTile TileID="117" AltIDMod="-12" />
      <MapTile TileID="118" AltIDMod="-12" />
      <MapTile TileID="119" AltIDMod="-12" />
      <MapTile TileID="120" AltIDMod="-12" />
    </MapTiles>
    <StaticTiles>
      <StaticTile TileID="6039" AltIDMod="-5" />
      <StaticTile TileID="6040" AltIDMod="-5" />
      <StaticTile TileID="6041" AltIDMod="-5" />
      <StaticTile TileID="6042" AltIDMod="-5" />
      <StaticTile TileID="6043" AltIDMod="-5" />
      <StaticTile TileID="6044" AltIDMod="-5" />
    </StaticTiles>
  </TransInfo>
  <TransInfo Description="Small Dirt to High Coast SWA" HashKey="084D0808080808084D">
    <MapTiles>
      <MapTile TileID="741" AltIDMod="-12" />
    </MapTiles>
    <StaticTiles>
      <StaticTile TileID="6039" AltIDMod="-5" />
      <StaticTile TileID="6040" AltIDMod="-5" />
      <StaticTile TileID="6041" AltIDMod="-5" />
      <StaticTile TileID="6042" AltIDMod="-5" />
      <StaticTile TileID="6043" AltIDMod="-5" />
      <StaticTile TileID="6044" AltIDMod="-5" />
    </StaticTiles>
  </TransInfo>
  <TransInfo Description="Small Dirt to High Coast SEB" HashKey="08080808080808084D">
    <MapTiles>
      <MapTile TileID="749" AltIDMod="-3" />
    </MapTiles>
    <StaticTiles />
  </TransInfo>
  <TransInfo Description="Small Dirt to High Coast NEA" HashKey="4D08080808084D084D">
    <MapTiles>
      <MapTile TileID="745" AltIDMod="-15" />
    </MapTiles>
    <StaticTiles>
      <StaticTile TileID="6039" AltIDMod="-5" />
      <StaticTile TileID="6040" AltIDMod="-5" />
      <StaticTile TileID="6041" AltIDMod="-5" />
      <StaticTile TileID="6042" AltIDMod="-5" />
      <StaticTile TileID="6043" AltIDMod="-5" />
      <StaticTile TileID="6044" AltIDMod="-5" />
    </StaticTiles>
  </TransInfo>
  <TransInfo Description="Small Dirt to High Coast NEA" HashKey="4D08084D08084D4D4D">
    <MapTiles>
      <MapTile TileID="745" AltIDMod="-12" />
    </MapTiles>
    <StaticTiles>
      <StaticTile TileID="6045" AltIDMod="-5" />
      <StaticTile TileID="6046" AltIDMod="-5" />
    </StaticTiles>
  </TransInfo>
  <TransInfo Description="Small Dirt to High Coast (High) NWB" HashKey="4D0808080808080808">
    <MapTiles>
      <MapTile TileID="117" AltIDMod="-1" />
      <MapTile TileID="118" AltIDMod="-1" />
      <MapTile TileID="119" AltIDMod="-1" />
      <MapTile TileID="120" AltIDMod="-1" />
    </MapTiles>
    <StaticTiles />
  </TransInfo>
  <TransInfo Description="Small Dirt to High Coast SEA" HashKey="084D084D0808080808">
    <MapTiles>
      <MapTile TileID="117" AltIDMod="-5" />
      <MapTile TileID="118" AltIDMod="-5" />
      <MapTile TileID="119" AltIDMod="-5" />
      <MapTile TileID="120" AltIDMod="-5" />
    </MapTiles>
    <StaticTiles />
  </TransInfo>
  <TransInfo Description="Small Dirt to High Coast NWA" HashKey="08080808084D4D0808">
    <MapTiles>
      <MapTile TileID="749" AltIDMod="-2" />
    </MapTiles>
    <StaticTiles />
  </TransInfo>
  <TransInfo Description="Small Dirt to High Coast SWA" HashKey="4D080808084D08084D">
    <MapTiles>
      <MapTile TileID="741" AltIDMod="-12" />
    </MapTiles>
    <StaticTiles>
      <StaticTile TileID="6039" AltIDMod="-5" />
      <StaticTile TileID="6040" AltIDMod="-5" />
      <StaticTile TileID="6041" AltIDMod="-5" />
      <StaticTile TileID="6042" AltIDMod="-5" />
      <StaticTile TileID="6043" AltIDMod="-5" />
      <StaticTile TileID="6044" AltIDMod="-5" />
    </StaticTiles>
  </TransInfo>
  <TransInfo Description="Small Dirt to High Coast NEA" HashKey="4D08080808084D4D08">
    <MapTiles>
      <MapTile TileID="745" AltIDMod="-15" />
    </MapTiles>
    <StaticTiles>
      <StaticTile TileID="6039" AltIDMod="-5" />
      <StaticTile TileID="6040" AltIDMod="-5" />
      <StaticTile TileID="6041" AltIDMod="-5" />
      <StaticTile TileID="6042" AltIDMod="-5" />
      <StaticTile TileID="6043" AltIDMod="-5" />
      <StaticTile TileID="6044" AltIDMod="-5" />
    </StaticTiles>
  </TransInfo>
  <TransInfo Description="Small Dirt to High Coast NEB" HashKey="08084D080808080808">
    <MapTiles>
      <MapTile TileID="741" AltIDMod="-3" />
    </MapTiles>
    <StaticTiles />
  </TransInfo>
  <TransInfo Description="Small Dirt to High Coast NS" HashKey="080808080808084D4D">
    <MapTiles>
      <MapTile TileID="745" AltIDMod="-3" />
    </MapTiles>
    <StaticTiles />
  </TransInfo>
  <TransInfo Description="Small Dirt to High Coast NEA" HashKey="4D08080808084D4D4D">
    <MapTiles>
      <MapTile TileID="745" AltIDMod="-15" />
    </MapTiles>
    <StaticTiles>
      <StaticTile TileID="6039" AltIDMod="-5" />
      <StaticTile TileID="6040" AltIDMod="-5" />
      <StaticTile TileID="6041" AltIDMod="-5" />
      <StaticTile TileID="6042" AltIDMod="-5" />
      <StaticTile TileID="6043" AltIDMod="-5" />
      <StaticTile TileID="6044" AltIDMod="-5" />
    </StaticTiles>
  </TransInfo>
  <TransInfo Description="Small Dirt to High Coast EW" HashKey="4D08084D08084D0808">
    <MapTiles>
      <MapTile TileID="741" AltIDMod="-12" />
    </MapTiles>
    <StaticTiles>
      <StaticTile TileID="6045" AltIDMod="-5" />
      <StaticTile TileID="6046" AltIDMod="-5" />
    </StaticTiles>
  </TransInfo>
  <TransInfo Description="Small Dirt to High Coast SEA" HashKey="4D4D084D08084D0808">
    <MapTiles>
      <MapTile TileID="117" AltIDMod="-9" />
      <MapTile TileID="118" AltIDMod="-9" />
      <MapTile TileID="119" AltIDMod="-9" />
      <MapTile TileID="120" AltIDMod="-9" />
    </MapTiles>
    <StaticTiles>
      <StaticTile TileID="6039" AltIDMod="-5" />
      <StaticTile TileID="6040" AltIDMod="-5" />
      <StaticTile TileID="6041" AltIDMod="-5" />
      <StaticTile TileID="6042" AltIDMod="-5" />
      <StaticTile TileID="6043" AltIDMod="-5" />
      <StaticTile TileID="6044" AltIDMod="-5" />
    </StaticTiles>
  </TransInfo>
  <TransInfo Description="Small Dirt to High Coast NWA" HashKey="08084D0808084D084D">
    <MapTiles>
      <MapTile TileID="749" AltIDMod="-2" />
    </MapTiles>
    <StaticTiles />
  </TransInfo>
  <TransInfo Description="Small Dirt to High Coast NWA" HashKey="08084D080808084D4D">
    <MapTiles>
      <MapTile TileID="749" AltIDMod="-2" />
    </MapTiles>
    <StaticTiles />
  </TransInfo>
  <TransInfo Description="Small Dirt to High Coast WE" HashKey="08084D08084D08084D">
    <MapTiles>
      <MapTile TileID="741" AltIDMod="-3" />
    </MapTiles>
    <StaticTiles />
  </TransInfo>
  <TransInfo Description="Small Dirt to High Coast NWA" HashKey="08084D0808084D4D08">
    <MapTiles>
      <MapTile TileID="749" AltIDMod="-2" />
    </MapTiles>
    <StaticTiles />
  </TransInfo>
  <TransInfo Description="Small Dirt to High Coast SWA" HashKey="4D4D0808084D080808">
    <MapTiles>
      <MapTile TileID="741" AltIDMod="-12" />
    </MapTiles>
    <StaticTiles>
      <StaticTile TileID="6039" AltIDMod="-5" />
      <StaticTile TileID="6040" AltIDMod="-5" />
      <StaticTile TileID="6041" AltIDMod="-5" />
      <StaticTile TileID="6042" AltIDMod="-5" />
      <StaticTile TileID="6043" AltIDMod="-5" />
      <StaticTile TileID="6044" AltIDMod="-5" />
    </StaticTiles>
  </TransInfo>
  <TransInfo Description="Small Dirt to High Coast SWA" HashKey="4D084D08084D080808">
    <MapTiles>
      <MapTile TileID="741" AltIDMod="-12" />
    </MapTiles>
    <StaticTiles>
      <StaticTile TileID="6039" AltIDMod="-5" />
      <StaticTile TileID="6040" AltIDMod="-5" />
      <StaticTile TileID="6041" AltIDMod="-5" />
      <StaticTile TileID="6042" AltIDMod="-5" />
      <StaticTile TileID="6043" AltIDMod="-5" />
      <StaticTile TileID="6044" AltIDMod="-5" />
    </StaticTiles>
  </TransInfo>
  <TransInfo Description="Small Dirt to High Coast NEA" HashKey="4D0808080808084D4D">
    <MapTiles>
      <MapTile TileID="745" AltIDMod="-12" />
    </MapTiles>
    <StaticTiles>
      <StaticTile TileID="6039" AltIDMod="-5" />
      <StaticTile TileID="6040" AltIDMod="-5" />
      <StaticTile TileID="6041" AltIDMod="-5" />
      <StaticTile TileID="6042" AltIDMod="-5" />
      <StaticTile TileID="6043" AltIDMod="-5" />
      <StaticTile TileID="6044" AltIDMod="-5" />
    </StaticTiles>
  </TransInfo>
  <TransInfo Description="Small Dirt to High Coast SWA" HashKey="4D4D0808080808084D">
    <MapTiles>
      <MapTile TileID="741" AltIDMod="-15" />
    </MapTiles>
    <StaticTiles>
      <StaticTile TileID="6039" AltIDMod="-5" />
      <StaticTile TileID="6040" AltIDMod="-5" />
      <StaticTile TileID="6041" AltIDMod="-5" />
      <StaticTile TileID="6042" AltIDMod="-5" />
      <StaticTile TileID="6043" AltIDMod="-5" />
      <StaticTile TileID="6044" AltIDMod="-5" />
    </StaticTiles>
  </TransInfo>
  <TransInfo Description="Small Dirt to High Coast NWA" HashKey="08084D08084D084D08">
    <MapTiles>
      <MapTile TileID="749" AltIDMod="-2" />
    </MapTiles>
    <StaticTiles />
  </TransInfo>
  <TransInfo Description="Small Dirt to High Coast SWA" HashKey="4D084D08080808084D">
    <MapTiles>
      <MapTile TileID="741" AltIDMod="-12" />
    </MapTiles>
    <StaticTiles>
      <StaticTile TileID="6039" AltIDMod="-5" />
      <StaticTile TileID="6040" AltIDMod="-5" />
      <StaticTile TileID="6041" AltIDMod="-5" />
      <StaticTile TileID="6042" AltIDMod="-5" />
      <StaticTile TileID="6043" AltIDMod="-5" />
      <StaticTile TileID="6044" AltIDMod="-5" />
    </StaticTiles>
  </TransInfo>
  <TransInfo Description="Small Dirt to High Coast NEA" HashKey="4D0808080808084D08">
    <MapTiles>
      <MapTile TileID="745" AltIDMod="-12" />
    </MapTiles>
    <StaticTiles>
      <StaticTile TileID="6039" AltIDMod="-5" />
      <StaticTile TileID="6040" AltIDMod="-5" />
      <StaticTile TileID="6041" AltIDMod="-5" />
      <StaticTile TileID="6042" AltIDMod="-5" />
      <StaticTile TileID="6043" AltIDMod="-5" />
      <StaticTile TileID="6044" AltIDMod="-5" />
    </StaticTiles>
  </TransInfo>
  <TransInfo Description="Small Dirt to High Coast SEA" HashKey="4D4D4D4D0808080808">
    <MapTiles>
      <MapTile TileID="117" AltIDMod="-9" />
      <MapTile TileID="118" AltIDMod="-9" />
      <MapTile TileID="119" AltIDMod="-9" />
      <MapTile TileID="120" AltIDMod="-9" />
    </MapTiles>
    <StaticTiles>
      <StaticTile TileID="6039" AltIDMod="-5" />
      <StaticTile TileID="6040" AltIDMod="-5" />
      <StaticTile TileID="6041" AltIDMod="-5" />
      <StaticTile TileID="6042" AltIDMod="-5" />
      <StaticTile TileID="6043" AltIDMod="-5" />
      <StaticTile TileID="6044" AltIDMod="-5" />
    </StaticTiles>
  </TransInfo>
  <TransInfo Description="Small Dirt to High Coast NWA" HashKey="08084D0808084D4D4D">
    <MapTiles>
      <MapTile TileID="749" AltIDMod="-2" />
    </MapTiles>
    <StaticTiles />
  </TransInfo>
  <TransInfo Description="Small Dirt to High Coast SWA" HashKey="4D4D0808084D08084D">
    <MapTiles>
      <MapTile TileID="741" AltIDMod="-12" />
    </MapTiles>
    <StaticTiles>
      <StaticTile TileID="6039" AltIDMod="-5" />
      <StaticTile TileID="6040" AltIDMod="-5" />
      <StaticTile TileID="6041" AltIDMod="-5" />
      <StaticTile TileID="6042" AltIDMod="-5" />
      <StaticTile TileID="6043" AltIDMod="-5" />
      <StaticTile TileID="6044" AltIDMod="-5" />
    </StaticTiles>
  </TransInfo>
  <TransInfo Description="Small Dirt to High Coast SWA" HashKey="4D084D08084D08084D">
    <MapTiles>
      <MapTile TileID="741" AltIDMod="-12" />
    </MapTiles>
    <StaticTiles>
      <StaticTile TileID="6039" AltIDMod="-5" />
      <StaticTile TileID="6040" AltIDMod="-5" />
      <StaticTile TileID="6041" AltIDMod="-5" />
      <StaticTile TileID="6042" AltIDMod="-5" />
      <StaticTile TileID="6043" AltIDMod="-5" />
      <StaticTile TileID="6044" AltIDMod="-5" />
    </StaticTiles>
  </TransInfo>
  <TransInfo Description="Small Dirt to High Coast SEA" HashKey="08084D4D08084D0808">
    <MapTiles>
      <MapTile TileID="117" AltIDMod="-5" />
      <MapTile TileID="118" AltIDMod="-5" />
      <MapTile TileID="119" AltIDMod="-5" />
      <MapTile TileID="120" AltIDMod="-5" />
    </MapTiles>
    <StaticTiles />
  </TransInfo>
  <TransInfo Description="Small Dirt to High Coast NWA" HashKey="08084D08084D084D4D">
    <MapTiles>
      <MapTile TileID="749" AltIDMod="-2" />
    </MapTiles>
    <StaticTiles />
  </TransInfo>
  <TransInfo Description="Small Dirt to High Coast SEA" HashKey="084D4D0808084D0808">
    <MapTiles>
      <MapTile TileID="117" AltIDMod="-5" />
      <MapTile TileID="118" AltIDMod="-5" />
      <MapTile TileID="119" AltIDMod="-5" />
      <MapTile TileID="120" AltIDMod="-5" />
    </MapTiles>
    <StaticTiles />
  </TransInfo>
  <TransInfo Description="Small Dirt to High Coast NEA" HashKey="4D08084D08084D4D08">
    <MapTiles>
      <MapTile TileID="745" AltIDMod="-12" />
    </MapTiles>
    <StaticTiles>
      <StaticTile TileID="6045" AltIDMod="-5" />
      <StaticTile TileID="6046" AltIDMod="-5" />
    </StaticTiles>
  </TransInfo>
  <TransInfo Description="Small Dirt to High Coast WE" HashKey="08084D08080808084D">
    <MapTiles>
      <MapTile TileID="741" AltIDMod="-3" />
    </MapTiles>
    <StaticTiles />
  </TransInfo>
  <TransInfo Description="Small Dirt to High Coast NWA" HashKey="08084D080808084D08">
    <MapTiles>
      <MapTile TileID="749" AltIDMod="-2" />
    </MapTiles>
    <StaticTiles />
  </TransInfo>
  <TransInfo Description="Small Dirt to High Coast NS" HashKey="080808080808084D08">
    <MapTiles>
      <MapTile TileID="745" AltIDMod="-3" />
    </MapTiles>
    <StaticTiles />
  </TransInfo>
  <TransInfo Description="Small Dirt to High Coast WE" HashKey="08084D08084D080808">
    <MapTiles>
      <MapTile TileID="741" AltIDMod="-3" />
    </MapTiles>
    <StaticTiles />
  </TransInfo>
  <TransInfo Description="Small Dirt to High Coast SN" HashKey="4D4D08080808080808">
    <MapTiles>
      <MapTile TileID="117" AltIDMod="-7" />
      <MapTile TileID="118" AltIDMod="-7" />
      <MapTile TileID="119" AltIDMod="-7" />
      <MapTile TileID="120" AltIDMod="-7" />
    </MapTiles>
    <StaticTiles>
      <StaticTile TileID="6039" AltIDMod="-5" />
      <StaticTile TileID="6040" AltIDMod="-5" />
      <StaticTile TileID="6041" AltIDMod="-5" />
      <StaticTile TileID="6042" AltIDMod="-5" />
      <StaticTile TileID="6043" AltIDMod="-5" />
      <StaticTile TileID="6044" AltIDMod="-5" />
    </StaticTiles>
  </TransInfo>
  <TransInfo Description="Small Dirt to High Coast NWA" HashKey="08080808084D084D4D">
    <MapTiles>
      <MapTile TileID="749" AltIDMod="-2" />
    </MapTiles>
    <StaticTiles />
  </TransInfo>
  <TransInfo Description="Small Dirt to High Coast SWA" HashKey="084D0808084D08084D">
    <MapTiles>
      <MapTile TileID="741" AltIDMod="-12" />
    </MapTiles>
    <StaticTiles>
      <StaticTile TileID="6039" AltIDMod="-5" />
      <StaticTile TileID="6040" AltIDMod="-5" />
      <StaticTile TileID="6041" AltIDMod="-5" />
      <StaticTile TileID="6042" AltIDMod="-5" />
      <StaticTile TileID="6043" AltIDMod="-5" />
      <StaticTile TileID="6044" AltIDMod="-5" />
    </StaticTiles>
  </TransInfo>
  <TransInfo Description="Small Dirt to High Coast NEA" HashKey="4D08084D080808084D">
    <MapTiles>
      <MapTile TileID="745" AltIDMod="-15" />
    </MapTiles>
    <StaticTiles>
      <StaticTile TileID="6039" AltIDMod="-5" />
      <StaticTile TileID="6040" AltIDMod="-5" />
      <StaticTile TileID="6041" AltIDMod="-5" />
      <StaticTile TileID="6042" AltIDMod="-5" />
      <StaticTile TileID="6043" AltIDMod="-5" />
      <StaticTile TileID="6044" AltIDMod="-5" />
    </StaticTiles>
  </TransInfo>
  <TransInfo Description="Small Dirt to High Coast NEA" HashKey="0808084D08084D084D">
    <MapTiles>
      <MapTile TileID="745" AltIDMod="-12" />
    </MapTiles>
    <StaticTiles>
      <StaticTile TileID="6039" AltIDMod="-5" />
      <StaticTile TileID="6040" AltIDMod="-5" />
      <StaticTile TileID="6041" AltIDMod="-5" />
      <StaticTile TileID="6042" AltIDMod="-5" />
      <StaticTile TileID="6043" AltIDMod="-5" />
      <StaticTile TileID="6044" AltIDMod="-5" />
    </StaticTiles>
  </TransInfo>
  <TransInfo Description="Small Dirt to High Coast NEA" HashKey="0808084D0808084D4D">
    <MapTiles>
      <MapTile TileID="745" AltIDMod="-15" />
    </MapTiles>
    <StaticTiles>
      <StaticTile TileID="6039" AltIDMod="-5" />
      <StaticTile TileID="6040" AltIDMod="-5" />
      <StaticTile TileID="6041" AltIDMod="-5" />
      <StaticTile TileID="6042" AltIDMod="-5" />
      <StaticTile TileID="6043" AltIDMod="-5" />
      <StaticTile TileID="6044" AltIDMod="-5" />
    </StaticTiles>
  </TransInfo>
  <TransInfo Description="Small Dirt to High Coast NEA" HashKey="0808084D08084D4D08">
    <MapTiles>
      <MapTile TileID="745" AltIDMod="-7" />
    </MapTiles>
    <StaticTiles>
      <StaticTile TileID="6053" AltIDMod="-5" />
      <StaticTile TileID="6066" AltIDMod="-5" />
    </StaticTiles>
  </TransInfo>
  <TransInfo Description="Small Dirt to High Coast SN" HashKey="084D08080808080808">
    <MapTiles>
      <MapTile TileID="117" AltIDMod="-12" />
      <MapTile TileID="118" AltIDMod="-12" />
      <MapTile TileID="119" AltIDMod="-12" />
      <MapTile TileID="120" AltIDMod="-12" />
    </MapTiles>
    <StaticTiles>
      <StaticTile TileID="6039" AltIDMod="-5" />
      <StaticTile TileID="6040" AltIDMod="-5" />
      <StaticTile TileID="6041" AltIDMod="-5" />
      <StaticTile TileID="6042" AltIDMod="-5" />
      <StaticTile TileID="6043" AltIDMod="-5" />
      <StaticTile TileID="6044" AltIDMod="-5" />
    </StaticTiles>
  </TransInfo>
  <TransInfo Description="Small Dirt to High Coast SEA" HashKey="084D4D4D08084D0808">
    <MapTiles>
      <MapTile TileID="117" AltIDMod="-5" />
      <MapTile TileID="118" AltIDMod="-5" />
      <MapTile TileID="119" AltIDMod="-5" />
      <MapTile TileID="120" AltIDMod="-5" />
    </MapTiles>
    <StaticTiles />
  </TransInfo>
  <TransInfo Description="Small Dirt to High Coast NEA" HashKey="4D08084D0808084D4D">
    <MapTiles>
      <MapTile TileID="745" AltIDMod="-15" />
    </MapTiles>
    <StaticTiles>
      <StaticTile TileID="6039" AltIDMod="-5" />
      <StaticTile TileID="6040" AltIDMod="-5" />
      <StaticTile TileID="6041" AltIDMod="-5" />
      <StaticTile TileID="6042" AltIDMod="-5" />
      <StaticTile TileID="6043" AltIDMod="-5" />
      <StaticTile TileID="6044" AltIDMod="-5" />
    </StaticTiles>
  </TransInfo>
  <TransInfo Description="Small Dirt to High Coast NS" HashKey="0808080808084D4D4D">
    <MapTiles>
      <MapTile TileID="745" AltIDMod="-3" />
    </MapTiles>
    <StaticTiles />
  </TransInfo>
  <TransInfo Description="Small Dirt to High Coast NEA" HashKey="0808084D08084D4D4D">
    <MapTiles>
      <MapTile TileID="745" AltIDMod="-12" />
    </MapTiles>
    <StaticTiles>
      <StaticTile TileID="6053" AltIDMod="-5" />
      <StaticTile TileID="6066" AltIDMod="-5" />
    </StaticTiles>
  </TransInfo>
  <TransInfo Description="Small Dirt to High Coast SN" HashKey="4D084D080808080808">
    <MapTiles>
      <MapTile TileID="117" AltIDMod="-12" />
      <MapTile TileID="118" AltIDMod="-12" />
      <MapTile TileID="119" AltIDMod="-12" />
      <MapTile TileID="120" AltIDMod="-12" />
    </MapTiles>
    <StaticTiles>
      <StaticTile TileID="6039" AltIDMod="-5" />
      <StaticTile TileID="6040" AltIDMod="-5" />
      <StaticTile TileID="6041" AltIDMod="-5" />
      <StaticTile TileID="6042" AltIDMod="-5" />
      <StaticTile TileID="6043" AltIDMod="-5" />
      <StaticTile TileID="6044" AltIDMod="-5" />
    </StaticTiles>
  </TransInfo>
  <TransInfo Description="Small Dirt to High Coast SWA" HashKey="084D4D08084D080808">
    <MapTiles>
      <MapTile TileID="741" AltIDMod="-12" />
    </MapTiles>
    <StaticTiles>
      <StaticTile TileID="6056" AltIDMod="-5" />
      <StaticTile TileID="6064" AltIDMod="-5" />
    </StaticTiles>
  </TransInfo>
  <TransInfo Description="Small Dirt to High Coast EW" HashKey="0808084D0808080808">
    <MapTiles>
      <MapTile TileID="117" AltIDMod="-12" />
      <MapTile TileID="118" AltIDMod="-12" />
      <MapTile TileID="119" AltIDMod="-12" />
      <MapTile TileID="120" AltIDMod="-12" />
    </MapTiles>
    <StaticTiles>
      <StaticTile TileID="6039" AltIDMod="-5" />
      <StaticTile TileID="6040" AltIDMod="-5" />
      <StaticTile TileID="6041" AltIDMod="-5" />
      <StaticTile TileID="6042" AltIDMod="-5" />
      <StaticTile TileID="6043" AltIDMod="-5" />
      <StaticTile TileID="6044" AltIDMod="-5" />
    </StaticTiles>
  </TransInfo>
  <TransInfo Description="Small Dirt to High Coast SEA" HashKey="084D080808084D0808">
    <MapTiles>
      <MapTile TileID="117" AltIDMod="-5" />
      <MapTile TileID="118" AltIDMod="-5" />
      <MapTile TileID="119" AltIDMod="-5" />
      <MapTile TileID="120" AltIDMod="-5" />
    </MapTiles>
    <StaticTiles />
  </TransInfo>
  <TransInfo Description="Small Dirt to High Coast SWA" HashKey="084D4D08080808084D">
    <MapTiles>
      <MapTile TileID="741" AltIDMod="-12" />
    </MapTiles>
    <StaticTiles>
      <StaticTile TileID="6039" AltIDMod="-5" />
      <StaticTile TileID="6040" AltIDMod="-5" />
      <StaticTile TileID="6041" AltIDMod="-5" />
      <StaticTile TileID="6042" AltIDMod="-5" />
      <StaticTile TileID="6043" AltIDMod="-5" />
      <StaticTile TileID="6044" AltIDMod="-5" />
    </StaticTiles>
  </TransInfo>
  <TransInfo Description="Small Dirt to High Coast SWA" HashKey="084D0808084D080808">
    <MapTiles>
      <MapTile TileID="741" AltIDMod="-12" />
    </MapTiles>
    <StaticTiles>
      <StaticTile TileID="6039" AltIDMod="-5" />
      <StaticTile TileID="6040" AltIDMod="-5" />
      <StaticTile TileID="6041" AltIDMod="-5" />
      <StaticTile TileID="6042" AltIDMod="-5" />
      <StaticTile TileID="6043" AltIDMod="-5" />
      <StaticTile TileID="6044" AltIDMod="-5" />
    </StaticTiles>
  </TransInfo>
  <TransInfo Description="Small Dirt to High Coast SWA" HashKey="4D4D4D08084D08084D">
    <MapTiles>
      <MapTile TileID="741" AltIDMod="-12" />
    </MapTiles>
    <StaticTiles>
      <StaticTile TileID="6049" AltIDMod="-5" />
      <StaticTile TileID="6050" AltIDMod="-5" />
    </StaticTiles>
  </TransInfo>
  <TransInfo Description="Small Dirt to High Coast SWA" HashKey="084D4D08084D08084D">
    <MapTiles>
      <MapTile TileID="741" AltIDMod="-12" />
    </MapTiles>
    <StaticTiles>
      <StaticTile TileID="6056" AltIDMod="-5" />
      <StaticTile TileID="6064" AltIDMod="-5" />
    </StaticTiles>
  </TransInfo>
  <TransInfo Description="Small Dirt to High Coast NEA" HashKey="0808084D080808084D">
    <MapTiles>
      <MapTile TileID="745" AltIDMod="-15" />
    </MapTiles>
    <StaticTiles>
      <StaticTile TileID="6039" AltIDMod="-5" />
      <StaticTile TileID="6040" AltIDMod="-5" />
      <StaticTile TileID="6041" AltIDMod="-5" />
      <StaticTile TileID="6042" AltIDMod="-5" />
      <StaticTile TileID="6043" AltIDMod="-5" />
      <StaticTile TileID="6044" AltIDMod="-5" />
    </StaticTiles>
  </TransInfo>
</Trans>