﻿<?xml version="1.0" encoding="utf-8"?>
<Trans>
  <TransInfo Description="Small Dirt To Dungeon Cave Without Static" HashKey="4A4A080808084A4A08">
    <MapTiles>
      <MapTile TileID="581" AltIDMod="0" />
    </MapTiles>
    <StaticTiles />
  </TransInfo>
  <TransInfo Description="Small Dirt To Dungeon Cave Without Static" HashKey="4A4A4A080808080808">
    <MapTiles>
      <MapTile TileID="479" AltIDMod="0" />
    </MapTiles>
    <StaticTiles />
  </TransInfo>
  <TransInfo Description="Small Dirt To Dungeon Cave Without Static" HashKey="4A4A4A0808084A084A">
    <MapTiles>
      <MapTile TileID="581" AltIDMod="0" />
    </MapTiles>
    <StaticTiles />
  </TransInfo>
  <TransInfo Description="Small Dirt To Dungeon Cave Without Static" HashKey="4A084A08084A08084A">
    <MapTiles>
      <MapTile TileID="483" AltIDMod="0" />
    </MapTiles>
    <StaticTiles />
  </TransInfo>
  <TransInfo Description="Small Dirt To Dungeon Cave Without Static" HashKey="0808084A084A084A08">
    <MapTiles>
      <MapTile TileID="581" AltIDMod="0" />
    </MapTiles>
    <StaticTiles />
  </TransInfo>
  <TransInfo Description="Small Dirt To Dungeon Cave Without Static" HashKey="084A4A08084A08084A">
    <MapTiles>
      <MapTile TileID="483" AltIDMod="0" />
    </MapTiles>
    <StaticTiles />
  </TransInfo>
  <TransInfo Description="Small Dirt To Dungeon Cave Without Static" HashKey="4A084A08084A084A08">
    <MapTiles>
      <MapTile TileID="581" AltIDMod="0" />
    </MapTiles>
    <StaticTiles />
  </TransInfo>
  <TransInfo Description="Small Dirt To Dungeon Cave Without Static" HashKey="4A4A4A4A0808084A4A">
    <MapTiles>
      <MapTile TileID="581" AltIDMod="0" />
    </MapTiles>
    <StaticTiles />
  </TransInfo>
  <TransInfo Description="Small Dirt To Dungeon Cave Without Static" HashKey="084A4A08084A084A08">
    <MapTiles>
      <MapTile TileID="581" AltIDMod="0" />
    </MapTiles>
    <StaticTiles />
  </TransInfo>
  <TransInfo Description="Small Dirt To Dungeon Cave Without Static" HashKey="084A084A08084A4A4A">
    <MapTiles>
      <MapTile TileID="581" AltIDMod="0" />
    </MapTiles>
    <StaticTiles />
  </TransInfo>
  <TransInfo Description="Small Dirt To Dungeon Cave Without Static" HashKey="4A4A4A4A084A080808">
    <MapTiles>
      <MapTile TileID="581" AltIDMod="0" />
    </MapTiles>
    <StaticTiles />
  </TransInfo>
  <TransInfo Description="Small Dirt To Dungeon Cave Without Static" HashKey="4A4A084A080808084A">
    <MapTiles>
      <MapTile TileID="581" AltIDMod="0" />
    </MapTiles>
    <StaticTiles />
  </TransInfo>
  <TransInfo Description="Small Dirt To Dungeon Cave Without Static" HashKey="4A4A4A4A08084A4A08">
    <MapTiles>
      <MapTile TileID="581" AltIDMod="0" />
    </MapTiles>
    <StaticTiles />
  </TransInfo>
  <TransInfo Description="Small Dirt To Dungeon Cave Without Static" HashKey="080808080808084A4A">
    <MapTiles>
      <MapTile TileID="476" AltIDMod="0" />
    </MapTiles>
    <StaticTiles />
  </TransInfo>
  <TransInfo Description="Small Dirt To Dungeon Cave Without Static" HashKey="4A4A084A0808084A08">
    <MapTiles>
      <MapTile TileID="581" AltIDMod="0" />
    </MapTiles>
    <StaticTiles />
  </TransInfo>
  <TransInfo Description="Small Dirt To Dungeon Cave Without Static" HashKey="0808084A08084A0808">
    <MapTiles>
      <MapTile TileID="477" AltIDMod="0" />
    </MapTiles>
    <StaticTiles />
  </TransInfo>
  <TransInfo Description="Small Dirt To Dungeon Cave Without Static" HashKey="08084A4A084A4A4A08">
    <MapTiles>
      <MapTile TileID="581" AltIDMod="0" />
    </MapTiles>
    <StaticTiles />
  </TransInfo>
  <TransInfo Description="Small Dirt To Dungeon Cave Without Static" HashKey="4A4A4A0808084A0808">
    <MapTiles>
      <MapTile TileID="480" AltIDMod="0" />
    </MapTiles>
    <StaticTiles />
  </TransInfo>
  <TransInfo Description="Small Dirt To Dungeon Cave Without Static" HashKey="084A084A08084A084A">
    <MapTiles>
      <MapTile TileID="581" AltIDMod="0" />
    </MapTiles>
    <StaticTiles />
  </TransInfo>
  <TransInfo Description="Small Dirt To Dungeon Cave Without Static" HashKey="084A0808084A4A0808">
    <MapTiles>
      <MapTile TileID="581" AltIDMod="0" />
    </MapTiles>
    <StaticTiles />
  </TransInfo>
  <TransInfo Description="Small Dirt To Dungeon Cave Without Static" HashKey="0808080808084A4A4A">
    <MapTiles>
      <MapTile TileID="476" AltIDMod="0" />
    </MapTiles>
    <StaticTiles />
  </TransInfo>
  <TransInfo Description="Small Dirt To Dungeon Cave Without Static" HashKey="4A4A4A4A084A4A4A4A">
    <MapTiles>
      <MapTile TileID="581" AltIDMod="0" />
    </MapTiles>
    <StaticTiles />
  </TransInfo>
  <TransInfo Description="Small Dirt To Dungeon Cave Without Static" HashKey="4A0808080808084A4A">
    <MapTiles>
      <MapTile TileID="482" AltIDMod="0" />
    </MapTiles>
    <StaticTiles />
  </TransInfo>
  <TransInfo Description="Small Dirt To Dungeon Cave Without Static" HashKey="084A08080808084A4A">
    <MapTiles>
      <MapTile TileID="581" AltIDMod="0" />
    </MapTiles>
    <StaticTiles />
  </TransInfo>
  <TransInfo Description="Small Dirt To Dungeon Cave Without Static" HashKey="084A4A08084A4A4A4A">
    <MapTiles>
      <MapTile TileID="581" AltIDMod="0" />
    </MapTiles>
    <StaticTiles />
  </TransInfo>
  <TransInfo Description="Small Dirt To Dungeon Cave Without Static" HashKey="08084A4A084A084A4A">
    <MapTiles>
      <MapTile TileID="581" AltIDMod="0" />
    </MapTiles>
    <StaticTiles />
  </TransInfo>
  <TransInfo Description="Small Dirt To Dungeon Cave Without Static" HashKey="0808080808084A4A08">
    <MapTiles>
      <MapTile TileID="476" AltIDMod="0" />
    </MapTiles>
    <StaticTiles />
  </TransInfo>
  <TransInfo Description="Small Dirt To Dungeon Cave Without Static" HashKey="4A4A084A084A4A4A4A">
    <MapTiles>
      <MapTile TileID="581" AltIDMod="0" />
    </MapTiles>
    <StaticTiles />
  </TransInfo>
  <TransInfo Description="Small Dirt To Dungeon Cave Without Static" HashKey="084A0808080808084A">
    <MapTiles>
      <MapTile TileID="483" AltIDMod="0" />
    </MapTiles>
    <StaticTiles />
  </TransInfo>
  <TransInfo Description="Small Dirt To Dungeon Cave Without Static" HashKey="4A0808080808084A08">
    <MapTiles>
      <MapTile TileID="482" AltIDMod="0" />
    </MapTiles>
    <StaticTiles />
  </TransInfo>
  <TransInfo Description="Small Dirt To Dungeon Cave Without Static" HashKey="084A08080808084A08">
    <MapTiles>
      <MapTile TileID="581" AltIDMod="0" />
    </MapTiles>
    <StaticTiles />
  </TransInfo>
  <TransInfo Description="Small Dirt To Dungeon Cave Without Static" HashKey="08084A08084A08084A">
    <MapTiles>
      <MapTile TileID="478" AltIDMod="0" />
    </MapTiles>
    <StaticTiles />
  </TransInfo>
  <TransInfo Description="Small Dirt To Dungeon Cave Without Static" HashKey="0808084A0808084A4A">
    <MapTiles>
      <MapTile TileID="482" AltIDMod="0" />
    </MapTiles>
    <StaticTiles />
  </TransInfo>
  <TransInfo Description="Small Dirt To Dungeon Cave Without Static" HashKey="4A080808084A084A4A">
    <MapTiles>
      <MapTile TileID="581" AltIDMod="0" />
    </MapTiles>
    <StaticTiles />
  </TransInfo>
  <TransInfo Description="Small Dirt To Dungeon Cave Without Static" HashKey="4A4A4A4A0808084A08">
    <MapTiles>
      <MapTile TileID="581" AltIDMod="0" />
    </MapTiles>
    <StaticTiles />
  </TransInfo>
  <TransInfo Description="Small Dirt To Dungeon Cave Without Static" HashKey="4A4A08080808084A08">
    <MapTiles>
      <MapTile TileID="581" AltIDMod="0" />
    </MapTiles>
    <StaticTiles />
  </TransInfo>
  <TransInfo Description="Small Dirt To Dungeon Cave Without Static" HashKey="4A4A4A080808084A4A">
    <MapTiles>
      <MapTile TileID="581" AltIDMod="0" />
    </MapTiles>
    <StaticTiles />
  </TransInfo>
  <TransInfo Description="Small Dirt To Dungeon Cave Without Static" HashKey="4A4A084A084A4A084A">
    <MapTiles>
      <MapTile TileID="581" AltIDMod="0" />
    </MapTiles>
    <StaticTiles />
  </TransInfo>
  <TransInfo Description="Small Dirt To Dungeon Cave Without Static" HashKey="4A4A084A084A4A4A08">
    <MapTiles>
      <MapTile TileID="581" AltIDMod="0" />
    </MapTiles>
    <StaticTiles />
  </TransInfo>
  <TransInfo Description="Small Dirt To Dungeon Cave Without Static" HashKey="4A08084A080808084A">
    <MapTiles>
      <MapTile TileID="482" AltIDMod="0" />
    </MapTiles>
    <StaticTiles />
  </TransInfo>
  <TransInfo Description="Small Dirt To Dungeon Cave Without Static" HashKey="4A084A0808084A0808">
    <MapTiles>
      <MapTile TileID="480" AltIDMod="0" />
    </MapTiles>
    <StaticTiles />
  </TransInfo>
  <TransInfo Description="Small Dirt To Dungeon Cave Without Static" HashKey="0808084A080808084A">
    <MapTiles>
      <MapTile TileID="482" AltIDMod="0" />
    </MapTiles>
    <StaticTiles />
  </TransInfo>
  <TransInfo Description="Small Dirt To Dungeon Cave Without Static" HashKey="084A4A0808084A0808">
    <MapTiles>
      <MapTile TileID="480" AltIDMod="0" />
    </MapTiles>
    <StaticTiles />
  </TransInfo>
  <TransInfo Description="Small Dirt To Dungeon Cave Without Static" HashKey="08084A08084A080808">
    <MapTiles>
      <MapTile TileID="478" AltIDMod="0" />
    </MapTiles>
    <StaticTiles />
  </TransInfo>
  <TransInfo Description="Small Dirt To Dungeon Cave Without Static" HashKey="0808084A0808084A08">
    <MapTiles>
      <MapTile TileID="482" AltIDMod="0" />
    </MapTiles>
    <StaticTiles />
  </TransInfo>
  <TransInfo Description="Small Dirt To Dungeon Cave Without Static" HashKey="08080808084A4A084A">
    <MapTiles>
      <MapTile TileID="481" AltIDMod="0" />
    </MapTiles>
    <StaticTiles />
  </TransInfo>
  <TransInfo Description="Small Dirt To Dungeon Cave Without Static" HashKey="4A4A4A08084A4A0808">
    <MapTiles>
      <MapTile TileID="581" AltIDMod="0" />
    </MapTiles>
    <StaticTiles />
  </TransInfo>
  <TransInfo Description="Small Dirt To Dungeon Cave Without Static" HashKey="4A4A4A08080808084A">
    <MapTiles>
      <MapTile TileID="483" AltIDMod="0" />
    </MapTiles>
    <StaticTiles />
  </TransInfo>
  <TransInfo Description="Small Dirt To Dungeon Cave Without Static" HashKey="08084A4A084A4A084A">
    <MapTiles>
      <MapTile TileID="581" AltIDMod="0" />
    </MapTiles>
    <StaticTiles />
  </TransInfo>
  <TransInfo Description="Small Dirt To Dungeon Cave Without Static" HashKey="4A4A4A080808084A08">
    <MapTiles>
      <MapTile TileID="581" AltIDMod="0" />
    </MapTiles>
    <StaticTiles />
  </TransInfo>
  <TransInfo Description="Small Dirt To Dungeon Cave Without Static" HashKey="0808084A084A084A4A">
    <MapTiles>
      <MapTile TileID="581" AltIDMod="0" />
    </MapTiles>
    <StaticTiles />
  </TransInfo>
  <TransInfo Description="Small Dirt To Dungeon Cave Without Static" HashKey="4A4A0808084A4A4A08">
    <MapTiles>
      <MapTile TileID="581" AltIDMod="0" />
    </MapTiles>
    <StaticTiles />
  </TransInfo>
  <TransInfo Description="Small Dirt To Dungeon Cave Without Static" HashKey="4A084A4A0808080808">
    <MapTiles>
      <MapTile TileID="480" AltIDMod="0" />
    </MapTiles>
    <StaticTiles />
  </TransInfo>
  <TransInfo Description="Small Dirt To Dungeon Cave Without Static" HashKey="4A4A4A08084A084A4A">
    <MapTiles>
      <MapTile TileID="581" AltIDMod="0" />
    </MapTiles>
    <StaticTiles />
  </TransInfo>
  <TransInfo Description="Small Dirt To Dungeon Cave Without Static" HashKey="084A4A4A080808084A">
    <MapTiles>
      <MapTile TileID="581" AltIDMod="0" />
    </MapTiles>
    <StaticTiles />
  </TransInfo>
  <TransInfo Description="Small Dirt To Dungeon Cave Without Static" HashKey="4A08084A0808080808">
    <MapTiles>
      <MapTile TileID="477" AltIDMod="0" />
    </MapTiles>
    <StaticTiles />
  </TransInfo>
  <TransInfo Description="Small Dirt To Dungeon Cave Without Static" HashKey="08084A4A084A4A4A4A">
    <MapTiles>
      <MapTile TileID="581" AltIDMod="0" />
    </MapTiles>
    <StaticTiles />
  </TransInfo>
  <TransInfo Description="Small Dirt To Dungeon Cave Without Static" HashKey="4A084A4A08084A084A">
    <MapTiles>
      <MapTile TileID="581" AltIDMod="0" />
    </MapTiles>
    <StaticTiles />
  </TransInfo>
  <TransInfo Description="Small Dirt To Dungeon Cave Without Static" HashKey="4A4A4A4A080808084A">
    <MapTiles>
      <MapTile TileID="581" AltIDMod="0" />
    </MapTiles>
    <StaticTiles />
  </TransInfo>
  <TransInfo Description="Small Dirt To Dungeon Cave Without Static" HashKey="084A0808084A4A084A">
    <MapTiles>
      <MapTile TileID="581" AltIDMod="0" />
    </MapTiles>
    <StaticTiles />
  </TransInfo>
  <TransInfo Description="Small Dirt To Dungeon Cave Without Static" HashKey="084A4A4A08084A4A08">
    <MapTiles>
      <MapTile TileID="581" AltIDMod="0" />
    </MapTiles>
    <StaticTiles />
  </TransInfo>
  <TransInfo Description="Small Dirt To Dungeon Cave Without Static" HashKey="4A084A4A08084A0808">
    <MapTiles>
      <MapTile TileID="480" AltIDMod="0" />
    </MapTiles>
    <StaticTiles />
  </TransInfo>
  <TransInfo Description="Small Dirt To Dungeon Cave Without Static" HashKey="084A0808084A4A4A08">
    <MapTiles>
      <MapTile TileID="581" AltIDMod="0" />
    </MapTiles>
    <StaticTiles />
  </TransInfo>
  <TransInfo Description="Small Dirt To Dungeon Cave Without Static" HashKey="4A08084A084A4A4A08">
    <MapTiles>
      <MapTile TileID="581" AltIDMod="0" />
    </MapTiles>
    <StaticTiles />
  </TransInfo>
  <TransInfo Description="Small Dirt To Dungeon Cave Without Static" HashKey="084A084A084A4A4A08">
    <MapTiles>
      <MapTile TileID="581" AltIDMod="0" />
    </MapTiles>
    <StaticTiles />
  </TransInfo>
  <TransInfo Description="Small Dirt To Dungeon Cave Without Static" HashKey="4A4A4A4A084A4A0808">
    <MapTiles>
      <MapTile TileID="581" AltIDMod="0" />
    </MapTiles>
    <StaticTiles />
  </TransInfo>
  <TransInfo Description="Small Dirt To Dungeon Cave Without Static" HashKey="4A08084A084A084A08">
    <MapTiles>
      <MapTile TileID="581" AltIDMod="0" />
    </MapTiles>
    <StaticTiles />
  </TransInfo>
  <TransInfo Description="Small Dirt To Dungeon Cave Without Static" HashKey="4A4A4A4A0808080808">
    <MapTiles>
      <MapTile TileID="480" AltIDMod="0" />
    </MapTiles>
    <StaticTiles />
  </TransInfo>
  <TransInfo Description="Small Dirt To Dungeon Cave Without Static" HashKey="08084A4A08084A4A08">
    <MapTiles>
      <MapTile TileID="581" AltIDMod="0" />
    </MapTiles>
    <StaticTiles />
  </TransInfo>
  <TransInfo Description="Small Dirt To Dungeon Cave Without Static" HashKey="0808080808084A0808">
    <MapTiles>
      <MapTile TileID="487" AltIDMod="0" />
    </MapTiles>
    <StaticTiles />
  </TransInfo>
  <TransInfo Description="Small Dirt To Dungeon Cave Without Static" HashKey="4A4A4A4A084A4A084A">
    <MapTiles>
      <MapTile TileID="581" AltIDMod="0" />
    </MapTiles>
    <StaticTiles />
  </TransInfo>
  <TransInfo Description="Small Dirt To Dungeon Cave Without Static" HashKey="4A08080808084A084A">
    <MapTiles>
      <MapTile TileID="482" AltIDMod="0" />
    </MapTiles>
    <StaticTiles />
  </TransInfo>
  <TransInfo Description="Small Dirt To Dungeon Cave Without Static" HashKey="4A4A084A084A084A08">
    <MapTiles>
      <MapTile TileID="581" AltIDMod="0" />
    </MapTiles>
    <StaticTiles />
  </TransInfo>
  <TransInfo Description="Small Dirt To Dungeon Cave Without Static" HashKey="4A080808084A08084A">
    <MapTiles>
      <MapTile TileID="483" AltIDMod="0" />
    </MapTiles>
    <StaticTiles />
  </TransInfo>
  <TransInfo Description="Small Dirt To Dungeon Cave Without Static" HashKey="4A084A0808084A4A4A">
    <MapTiles>
      <MapTile TileID="581" AltIDMod="0" />
    </MapTiles>
    <StaticTiles />
  </TransInfo>
  <TransInfo Description="Small Dirt To Dungeon Cave Without Static" HashKey="084A4A0808084A4A4A">
    <MapTiles>
      <MapTile TileID="581" AltIDMod="0" />
    </MapTiles>
    <StaticTiles />
  </TransInfo>
  <TransInfo Description="Small Dirt To Dungeon Cave Without Static" HashKey="4A4A08080808084A4A">
    <MapTiles>
      <MapTile TileID="581" AltIDMod="0" />
    </MapTiles>
    <StaticTiles />
  </TransInfo>
  <TransInfo Description="Small Dirt To Dungeon Cave Without Static" HashKey="4A084A4A084A4A0808">
    <MapTiles>
      <MapTile TileID="581" AltIDMod="0" />
    </MapTiles>
    <StaticTiles />
  </TransInfo>
  <TransInfo Description="Small Dirt To Dungeon Cave Without Static" HashKey="084A4A4A084A4A0808">
    <MapTiles>
      <MapTile TileID="581" AltIDMod="0" />
    </MapTiles>
    <StaticTiles />
  </TransInfo>
  <TransInfo Description="Small Dirt To Dungeon Cave Without Static" HashKey="4A4A084A084A084A4A">
    <MapTiles>
      <MapTile TileID="581" AltIDMod="0" />
    </MapTiles>
    <StaticTiles />
  </TransInfo>
  <TransInfo Description="Small Dirt To Dungeon Cave Without Static" HashKey="08084A4A08084A0808">
    <MapTiles>
      <MapTile TileID="480" AltIDMod="0" />
    </MapTiles>
    <StaticTiles />
  </TransInfo>
  <TransInfo Description="Small Dirt To Dungeon Cave Without Static" HashKey="08080808084A4A4A08">
    <MapTiles>
      <MapTile TileID="481" AltIDMod="0" />
    </MapTiles>
    <StaticTiles />
  </TransInfo>
  <TransInfo Description="Small Dirt To Dungeon Cave Without Static" HashKey="4A084A4A0808084A4A">
    <MapTiles>
      <MapTile TileID="581" AltIDMod="0" />
    </MapTiles>
    <StaticTiles />
  </TransInfo>
  <TransInfo Description="Small Dirt To Dungeon Cave Without Static" HashKey="4A084A0808084A084A">
    <MapTiles>
      <MapTile TileID="581" AltIDMod="0" />
    </MapTiles>
    <StaticTiles />
  </TransInfo>
  <TransInfo Description="Small Dirt To Dungeon Cave Without Static" HashKey="084A4A0808084A084A">
    <MapTiles>
      <MapTile TileID="581" AltIDMod="0" />
    </MapTiles>
    <StaticTiles />
  </TransInfo>
  <TransInfo Description="Small Dirt To Dungeon Cave Without Static" HashKey="4A084A0808084A4A08">
    <MapTiles>
      <MapTile TileID="581" AltIDMod="0" />
    </MapTiles>
    <StaticTiles />
  </TransInfo>
  <TransInfo Description="Small Dirt To Dungeon Cave Without Static" HashKey="084A4A0808084A4A08">
    <MapTiles>
      <MapTile TileID="581" AltIDMod="0" />
    </MapTiles>
    <StaticTiles />
  </TransInfo>
  <TransInfo Description="Small Dirt To Dungeon Cave Without Static" HashKey="4A4A4A08084A4A084A">
    <MapTiles>
      <MapTile TileID="581" AltIDMod="0" />
    </MapTiles>
    <StaticTiles />
  </TransInfo>
  <TransInfo Description="Small Dirt To Dungeon Cave Without Static" HashKey="4A084A4A084A084A08">
    <MapTiles>
      <MapTile TileID="581" AltIDMod="0" />
    </MapTiles>
    <StaticTiles />
  </TransInfo>
  <TransInfo Description="Small Dirt To Dungeon Cave Without Static" HashKey="4A4A4A4A08084A4A4A">
    <MapTiles>
      <MapTile TileID="581" AltIDMod="0" />
    </MapTiles>
    <StaticTiles />
  </TransInfo>
  <TransInfo Description="Small Dirt To Dungeon Cave Without Static" HashKey="4A4A0808084A4A4A4A">
    <MapTiles>
      <MapTile TileID="581" AltIDMod="0" />
    </MapTiles>
    <StaticTiles />
  </TransInfo>
  <TransInfo Description="Small Dirt To Dungeon Cave Without Static" HashKey="4A084A4A080808084A">
    <MapTiles>
      <MapTile TileID="581" AltIDMod="0" />
    </MapTiles>
    <StaticTiles />
  </TransInfo>
  <TransInfo Description="Small Dirt To Dungeon Cave Without Static" HashKey="084A084A0808084A4A">
    <MapTiles>
      <MapTile TileID="581" AltIDMod="0" />
    </MapTiles>
    <StaticTiles />
  </TransInfo>
  <TransInfo Description="Small Dirt To Dungeon Cave Without Static" HashKey="08084A4A084A084A08">
    <MapTiles>
      <MapTile TileID="581" AltIDMod="0" />
    </MapTiles>
    <StaticTiles />
  </TransInfo>
  <TransInfo Description="Small Dirt To Dungeon Cave Without Static" HashKey="084A084A084A084A4A">
    <MapTiles>
      <MapTile TileID="581" AltIDMod="0" />
    </MapTiles>
    <StaticTiles />
  </TransInfo>
  <TransInfo Description="Small Dirt To Dungeon Cave Without Static" HashKey="084A0808084A084A08">
    <MapTiles>
      <MapTile TileID="581" AltIDMod="0" />
    </MapTiles>
    <StaticTiles />
  </TransInfo>
  <TransInfo Description="Small Dirt To Dungeon Cave Without Static" HashKey="4A080808084A080808">
    <MapTiles>
      <MapTile TileID="483" AltIDMod="0" />
    </MapTiles>
    <StaticTiles />
  </TransInfo>
  <TransInfo Description="Small Dirt To Dungeon Cave Without Static" HashKey="4A084A4A08084A4A08">
    <MapTiles>
      <MapTile TileID="581" AltIDMod="0" />
    </MapTiles>
    <StaticTiles />
  </TransInfo>
  <TransInfo Description="Small Dirt To Dungeon Cave Without Static" HashKey="0808084A084A08084A">
    <MapTiles>
      <MapTile TileID="581" AltIDMod="0" />
    </MapTiles>
    <StaticTiles />
  </TransInfo>
  <TransInfo Description="Small Dirt To Dungeon Cave Without Static" HashKey="4A4A4A08084A08084A">
    <MapTiles>
      <MapTile TileID="483" AltIDMod="0" />
    </MapTiles>
    <StaticTiles />
  </TransInfo>
  <TransInfo Description="Small Dirt To Dungeon Cave Without Static" HashKey="084A4A4A08084A4A4A">
    <MapTiles>
      <MapTile TileID="581" AltIDMod="0" />
    </MapTiles>
    <StaticTiles />
  </TransInfo>
  <TransInfo Description="Small Dirt To Dungeon Cave Without Static" HashKey="08084A4A084A080808">
    <MapTiles>
      <MapTile TileID="581" AltIDMod="0" />
    </MapTiles>
    <StaticTiles />
  </TransInfo>
  <TransInfo Description="Small Dirt To Dungeon Cave Without Static" HashKey="084A084A084A084A08">
    <MapTiles>
      <MapTile TileID="581" AltIDMod="0" />
    </MapTiles>
    <StaticTiles />
  </TransInfo>
  <TransInfo Description="Small Dirt To Dungeon Cave Without Static" HashKey="08084A0808084A4A08">
    <MapTiles>
      <MapTile TileID="481" AltIDMod="0" />
    </MapTiles>
    <StaticTiles />
  </TransInfo>
  <TransInfo Description="Small Dirt To Dungeon Cave Without Static" HashKey="084A084A0808080808">
    <MapTiles>
      <MapTile TileID="480" AltIDMod="0" />
    </MapTiles>
    <StaticTiles />
  </TransInfo>
  <TransInfo Description="Small Dirt To Dungeon Cave Without Static" HashKey="084A084A084A4A4A4A">
    <MapTiles>
      <MapTile TileID="581" AltIDMod="0" />
    </MapTiles>
    <StaticTiles />
  </TransInfo>
  <TransInfo Description="Small Dirt To Dungeon Cave Without Static" HashKey="4A084A08084A4A084A">
    <MapTiles>
      <MapTile TileID="581" AltIDMod="0" />
    </MapTiles>
    <StaticTiles />
  </TransInfo>
  <TransInfo Description="Small Dirt To Dungeon Cave Without Static" HashKey="0808084A084A080808">
    <MapTiles>
      <MapTile TileID="581" AltIDMod="0" />
    </MapTiles>
    <StaticTiles />
  </TransInfo>
  <TransInfo Description="Small Dirt To Dungeon Cave Without Static" HashKey="4A4A4A08084A080808">
    <MapTiles>
      <MapTile TileID="483" AltIDMod="0" />
    </MapTiles>
    <StaticTiles />
  </TransInfo>
  <TransInfo Description="Small Dirt To Dungeon Cave Without Static" HashKey="4A4A4A4A084A08084A">
    <MapTiles>
      <MapTile TileID="581" AltIDMod="0" />
    </MapTiles>
    <StaticTiles />
  </TransInfo>
  <TransInfo Description="Small Dirt To Dungeon Cave Without Static" HashKey="4A084A4A084A4A4A4A">
    <MapTiles>
      <MapTile TileID="581" AltIDMod="0" />
    </MapTiles>
    <StaticTiles />
  </TransInfo>
  <TransInfo Description="Small Dirt To Dungeon Cave Without Static" HashKey="4A4A4A4A084A084A08">
    <MapTiles>
      <MapTile TileID="581" AltIDMod="0" />
    </MapTiles>
    <StaticTiles />
  </TransInfo>
  <TransInfo Description="Small Dirt To Dungeon Cave Without Static" HashKey="084A4A4A084A4A4A4A">
    <MapTiles>
      <MapTile TileID="581" AltIDMod="0" />
    </MapTiles>
    <StaticTiles />
  </TransInfo>
  <TransInfo Description="Small Dirt To Dungeon Cave Without Static" HashKey="08084A4A084A4A0808">
    <MapTiles>
      <MapTile TileID="581" AltIDMod="0" />
    </MapTiles>
    <StaticTiles />
  </TransInfo>
  <TransInfo Description="Small Dirt To Dungeon Cave Without Static" HashKey="08084A4A08084A4A4A">
    <MapTiles>
      <MapTile TileID="581" AltIDMod="0" />
    </MapTiles>
    <StaticTiles />
  </TransInfo>
  <TransInfo Description="Small Dirt To Dungeon Cave Without Static" HashKey="4A084A080808084A08">
    <MapTiles>
      <MapTile TileID="581" AltIDMod="0" />
    </MapTiles>
    <StaticTiles />
  </TransInfo>
  <TransInfo Description="Small Dirt To Dungeon Cave Without Static" HashKey="084A4A080808084A08">
    <MapTiles>
      <MapTile TileID="581" AltIDMod="0" />
    </MapTiles>
    <StaticTiles />
  </TransInfo>
  <TransInfo Description="Small Dirt To Dungeon Cave Without Static" HashKey="4A084A4A084A4A084A">
    <MapTiles>
      <MapTile TileID="581" AltIDMod="0" />
    </MapTiles>
    <StaticTiles />
  </TransInfo>
  <TransInfo Description="Small Dirt To Dungeon Cave Without Static" HashKey="084A4A4A084A4A084A">
    <MapTiles>
      <MapTile TileID="581" AltIDMod="0" />
    </MapTiles>
    <StaticTiles />
  </TransInfo>
  <TransInfo Description="Small Dirt To Dungeon Cave Without Static" HashKey="4A084A4A084A4A4A08">
    <MapTiles>
      <MapTile TileID="581" AltIDMod="0" />
    </MapTiles>
    <StaticTiles />
  </TransInfo>
  <TransInfo Description="Small Dirt To Dungeon Cave Without Static" HashKey="08084A4A08084A084A">
    <MapTiles>
      <MapTile TileID="581" AltIDMod="0" />
    </MapTiles>
    <StaticTiles />
  </TransInfo>
  <TransInfo Description="Small Dirt To Dungeon Cave Without Static" HashKey="084A4A4A084A4A4A08">
    <MapTiles>
      <MapTile TileID="581" AltIDMod="0" />
    </MapTiles>
    <StaticTiles />
  </TransInfo>
  <TransInfo Description="Small Dirt To Dungeon Cave Without Static" HashKey="08080808084A4A4A4A">
    <MapTiles>
      <MapTile TileID="481" AltIDMod="0" />
    </MapTiles>
    <StaticTiles />
  </TransInfo>
  <TransInfo Description="Small Dirt To Dungeon Cave Without Static" HashKey="08084A08084A4A0808">
    <MapTiles>
      <MapTile TileID="481" AltIDMod="0" />
    </MapTiles>
    <StaticTiles />
  </TransInfo>
  <TransInfo Description="Small Dirt To Dungeon Cave Without Static" HashKey="4A4A0808080808084A">
    <MapTiles>
      <MapTile TileID="483" AltIDMod="0" />
    </MapTiles>
    <StaticTiles />
  </TransInfo>
  <TransInfo Description="Small Dirt To Dungeon Cave Without Static" HashKey="084A0808084A4A4A4A">
    <MapTiles>
      <MapTile TileID="581" AltIDMod="0" />
    </MapTiles>
    <StaticTiles />
  </TransInfo>
  <TransInfo Description="Small Dirt To Dungeon Cave Without Static" HashKey="4A084A08084A4A4A08">
    <MapTiles>
      <MapTile TileID="581" AltIDMod="0" />
    </MapTiles>
    <StaticTiles />
  </TransInfo>
  <TransInfo Description="Small Dirt To Dungeon Cave Without Static" HashKey="4A08084A08084A0808">
    <MapTiles>
      <MapTile TileID="477" AltIDMod="0" />
    </MapTiles>
    <StaticTiles />
  </TransInfo>
  <TransInfo Description="Small Dirt To Dungeon Cave Without Static" HashKey="4A084A4A084A084A4A">
    <MapTiles>
      <MapTile TileID="581" AltIDMod="0" />
    </MapTiles>
    <StaticTiles />
  </TransInfo>
  <TransInfo Description="Small Dirt To Dungeon Cave Without Static" HashKey="4A4A084A08084A4A08">
    <MapTiles>
      <MapTile TileID="581" AltIDMod="0" />
    </MapTiles>
    <StaticTiles />
  </TransInfo>
  <TransInfo Description="Small Dirt To Dungeon Cave Without Static" HashKey="084A0808084A084A4A">
    <MapTiles>
      <MapTile TileID="581" AltIDMod="0" />
    </MapTiles>
    <StaticTiles />
  </TransInfo>
  <TransInfo Description="Small Dirt To Dungeon Cave Without Static" HashKey="084A084A0808084A08">
    <MapTiles>
      <MapTile TileID="581" AltIDMod="0" />
    </MapTiles>
    <StaticTiles />
  </TransInfo>
  <TransInfo Description="Small Dirt To Dungeon Cave Without Static" HashKey="4A4A08080808080808">
    <MapTiles>
      <MapTile TileID="479" AltIDMod="0" />
    </MapTiles>
    <StaticTiles />
  </TransInfo>
  <TransInfo Description="Small Dirt To Dungeon Cave Without Static" HashKey="4A084A4A08084A4A4A">
    <MapTiles>
      <MapTile TileID="581" AltIDMod="0" />
    </MapTiles>
    <StaticTiles />
  </TransInfo>
  <TransInfo Description="Small Dirt To Dungeon Cave Without Static" HashKey="4A4A0808084A080808">
    <MapTiles>
      <MapTile TileID="483" AltIDMod="0" />
    </MapTiles>
    <StaticTiles />
  </TransInfo>
  <TransInfo Description="Small Dirt To Dungeon Cave Without Static" HashKey="4A4A0808084A4A084A">
    <MapTiles>
      <MapTile TileID="581" AltIDMod="0" />
    </MapTiles>
    <StaticTiles />
  </TransInfo>
  <TransInfo Description="Small Dirt To Dungeon Cave Without Static" HashKey="08080808080808084A">
    <MapTiles>
      <MapTile TileID="485" AltIDMod="0" />
    </MapTiles>
    <StaticTiles />
  </TransInfo>
  <TransInfo Description="Small Dirt To Dungeon Cave Without Static" HashKey="084A084A080808084A">
    <MapTiles>
      <MapTile TileID="581" AltIDMod="0" />
    </MapTiles>
    <StaticTiles />
  </TransInfo>
  <TransInfo Description="Small Dirt To Dungeon Cave Without Static" HashKey="08084A4A084A08084A">
    <MapTiles>
      <MapTile TileID="581" AltIDMod="0" />
    </MapTiles>
    <StaticTiles />
  </TransInfo>
  <TransInfo Description="Small Dirt To Dungeon Cave Without Static" HashKey="084A0808084A080808">
    <MapTiles>
      <MapTile TileID="483" AltIDMod="0" />
    </MapTiles>
    <StaticTiles />
  </TransInfo>
  <TransInfo Description="Small Dirt To Dungeon Cave Without Static" HashKey="08084A0808084A4A4A">
    <MapTiles>
      <MapTile TileID="481" AltIDMod="0" />
    </MapTiles>
    <StaticTiles />
  </TransInfo>
  <TransInfo Description="Small Dirt To Dungeon Cave Without Static" HashKey="4A4A4A4A08084A0808">
    <MapTiles>
      <MapTile TileID="480" AltIDMod="0" />
    </MapTiles>
    <StaticTiles />
  </TransInfo>
  <TransInfo Description="Small Dirt To Dungeon Cave Without Static" HashKey="4A4A0808084A4A0808">
    <MapTiles>
      <MapTile TileID="581" AltIDMod="0" />
    </MapTiles>
    <StaticTiles />
  </TransInfo>
  <TransInfo Description="Small Dirt To Dungeon Cave Without Static" HashKey="084A4A4A0808080808">
    <MapTiles>
      <MapTile TileID="480" AltIDMod="0" />
    </MapTiles>
    <StaticTiles />
  </TransInfo>
  <TransInfo Description="Small Dirt To Dungeon Cave Without Static" HashKey="4A4A4A4A084A084A4A">
    <MapTiles>
      <MapTile TileID="581" AltIDMod="0" />
    </MapTiles>
    <StaticTiles />
  </TransInfo>
  <TransInfo Description="Small Dirt To Dungeon Cave Without Static" HashKey="084A4A4A08084A084A">
    <MapTiles>
      <MapTile TileID="581" AltIDMod="0" />
    </MapTiles>
    <StaticTiles />
  </TransInfo>
  <TransInfo Description="Small Dirt To Dungeon Cave Without Static" HashKey="084A084A08084A4A08">
    <MapTiles>
      <MapTile TileID="581" AltIDMod="0" />
    </MapTiles>
    <StaticTiles />
  </TransInfo>
  <TransInfo Description="Small Dirt To Dungeon Cave Without Static" HashKey="4A08084A084A080808">
    <MapTiles>
      <MapTile TileID="581" AltIDMod="0" />
    </MapTiles>
    <StaticTiles />
  </TransInfo>
  <TransInfo Description="Small Dirt To Dungeon Cave Without Static" HashKey="084A084A084A080808">
    <MapTiles>
      <MapTile TileID="581" AltIDMod="0" />
    </MapTiles>
    <StaticTiles />
  </TransInfo>
  <TransInfo Description="Small Dirt To Dungeon Cave Without Static" HashKey="4A08080808084A4A08">
    <MapTiles>
      <MapTile TileID="482" AltIDMod="0" />
    </MapTiles>
    <StaticTiles />
  </TransInfo>
  <TransInfo Description="Small Dirt To Dungeon Cave Without Static" HashKey="084A4A4A084A084A08">
    <MapTiles>
      <MapTile TileID="581" AltIDMod="0" />
    </MapTiles>
    <StaticTiles />
  </TransInfo>
  <TransInfo Description="Small Dirt To Dungeon Cave Without Static" HashKey="084A080808084A4A08">
    <MapTiles>
      <MapTile TileID="581" AltIDMod="0" />
    </MapTiles>
    <StaticTiles />
  </TransInfo>
  <TransInfo Description="Small Dirt To Dungeon Cave Without Static" HashKey="08084A4A0808084A08">
    <MapTiles>
      <MapTile TileID="581" AltIDMod="0" />
    </MapTiles>
    <StaticTiles />
  </TransInfo>
  <TransInfo Description="Small Dirt To Dungeon Cave Without Static" HashKey="08084A08084A4A4A4A">
    <MapTiles>
      <MapTile TileID="481" AltIDMod="0" />
    </MapTiles>
    <StaticTiles />
  </TransInfo>
  <TransInfo Description="Small Dirt To Dungeon Cave Without Static" HashKey="4A084A080808084A4A">
    <MapTiles>
      <MapTile TileID="581" AltIDMod="0" />
    </MapTiles>
    <StaticTiles />
  </TransInfo>
  <TransInfo Description="Small Dirt To Dungeon Cave Without Static" HashKey="4A08084A084A4A084A">
    <MapTiles>
      <MapTile TileID="581" AltIDMod="0" />
    </MapTiles>
    <StaticTiles />
  </TransInfo>
  <TransInfo Description="Small Dirt To Dungeon Cave Without Static" HashKey="084A4A080808084A4A">
    <MapTiles>
      <MapTile TileID="581" AltIDMod="0" />
    </MapTiles>
    <StaticTiles />
  </TransInfo>
  <TransInfo Description="Small Dirt To Dungeon Cave Without Static" HashKey="084A4A4A08084A0808">
    <MapTiles>
      <MapTile TileID="480" AltIDMod="0" />
    </MapTiles>
    <StaticTiles />
  </TransInfo>
  <TransInfo Description="Small Dirt To Dungeon Cave Without Static" HashKey="4A4A084A084A08084A">
    <MapTiles>
      <MapTile TileID="581" AltIDMod="0" />
    </MapTiles>
    <StaticTiles />
  </TransInfo>
  <TransInfo Description="Small Dirt To Dungeon Cave Without Static" HashKey="4A08084A084A4A0808">
    <MapTiles>
      <MapTile TileID="581" AltIDMod="0" />
    </MapTiles>
    <StaticTiles />
  </TransInfo>
  <TransInfo Description="Small Dirt To Dungeon Cave Without Static" HashKey="4A08084A08084A4A4A">
    <MapTiles>
      <MapTile TileID="482" AltIDMod="0" />
    </MapTiles>
    <StaticTiles />
  </TransInfo>
  <TransInfo Description="Small Dirt To Dungeon Cave Without Static" HashKey="08084A08084A4A084A">
    <MapTiles>
      <MapTile TileID="481" AltIDMod="0" />
    </MapTiles>
    <StaticTiles />
  </TransInfo>
  <TransInfo Description="Small Dirt To Dungeon Cave Without Static" HashKey="08084A08084A4A4A08">
    <MapTiles>
      <MapTile TileID="481" AltIDMod="0" />
    </MapTiles>
    <StaticTiles />
  </TransInfo>
  <TransInfo Description="Small Dirt To Dungeon Cave Without Static" HashKey="0808084A08084A4A08">
    <MapTiles>
      <MapTile TileID="482" AltIDMod="0" />
    </MapTiles>
    <StaticTiles />
  </TransInfo>
  <TransInfo Description="Small Dirt To Dungeon Cave Without Static" HashKey="4A4A080808084A4A4A">
    <MapTiles>
      <MapTile TileID="581" AltIDMod="0" />
    </MapTiles>
    <StaticTiles />
  </TransInfo>
  <TransInfo Description="Small Dirt To Dungeon Cave Without Static" HashKey="4A4A4A0808084A4A08">
    <MapTiles>
      <MapTile TileID="581" AltIDMod="0" />
    </MapTiles>
    <StaticTiles />
  </TransInfo>
  <TransInfo Description="Small Dirt To Dungeon Cave Without Static" HashKey="4A080808084A4A0808">
    <MapTiles>
      <MapTile TileID="581" AltIDMod="0" />
    </MapTiles>
    <StaticTiles />
  </TransInfo>
  <TransInfo Description="Small Dirt To Dungeon Cave Without Static" HashKey="4A08084A08084A084A">
    <MapTiles>
      <MapTile TileID="482" AltIDMod="0" />
    </MapTiles>
    <StaticTiles />
  </TransInfo>
  <TransInfo Description="Small Dirt To Dungeon Cave Without Static" HashKey="4A4A084A084A080808">
    <MapTiles>
      <MapTile TileID="581" AltIDMod="0" />
    </MapTiles>
    <StaticTiles />
  </TransInfo>
  <TransInfo Description="Small Dirt To Dungeon Cave Without Static" HashKey="4A08084A08084A4A08">
    <MapTiles>
      <MapTile TileID="482" AltIDMod="0" />
    </MapTiles>
    <StaticTiles />
  </TransInfo>
  <TransInfo Description="Small Dirt To Dungeon Cave Without Static" HashKey="4A4A0808084A084A4A">
    <MapTiles>
      <MapTile TileID="581" AltIDMod="0" />
    </MapTiles>
    <StaticTiles />
  </TransInfo>
  <TransInfo Description="Small Dirt To Dungeon Cave Without Static" HashKey="4A4A084A08084A4A4A">
    <MapTiles>
      <MapTile TileID="581" AltIDMod="0" />
    </MapTiles>
    <StaticTiles />
  </TransInfo>
  <TransInfo Description="Small Dirt To Dungeon Cave Without Static" HashKey="4A4A0808084A08084A">
    <MapTiles>
      <MapTile TileID="483" AltIDMod="0" />
    </MapTiles>
    <StaticTiles />
  </TransInfo>
  <TransInfo Description="Small Dirt To Dungeon Cave Without Static" HashKey="4A4A0808084A084A08">
    <MapTiles>
      <MapTile TileID="581" AltIDMod="0" />
    </MapTiles>
    <StaticTiles />
  </TransInfo>
  <TransInfo Description="Small Dirt To Dungeon Cave Without Static" HashKey="08080808084A4A0808">
    <MapTiles>
      <MapTile TileID="481" AltIDMod="0" />
    </MapTiles>
    <StaticTiles />
  </TransInfo>
  <TransInfo Description="Small Dirt To Dungeon Cave Without Static" HashKey="084A4A4A0808084A4A">
    <MapTiles>
      <MapTile TileID="581" AltIDMod="0" />
    </MapTiles>
    <StaticTiles />
  </TransInfo>
  <TransInfo Description="Small Dirt To Dungeon Cave Without Static" HashKey="084A0808084A08084A">
    <MapTiles>
      <MapTile TileID="483" AltIDMod="0" />
    </MapTiles>
    <StaticTiles />
  </TransInfo>
  <TransInfo Description="Small Dirt To Dungeon Cave Without Static" HashKey="084A4A08084A4A4A08">
    <MapTiles>
      <MapTile TileID="581" AltIDMod="0" />
    </MapTiles>
    <StaticTiles />
  </TransInfo>
  <TransInfo Description="Small Dirt To Dungeon Cave Without Static" HashKey="4A08084A084A084A4A">
    <MapTiles>
      <MapTile TileID="581" AltIDMod="0" />
    </MapTiles>
    <StaticTiles />
  </TransInfo>
  <TransInfo Description="Small Dirt To Dungeon Cave Without Static" HashKey="0808084A084A4A0808">
    <MapTiles>
      <MapTile TileID="581" AltIDMod="0" />
    </MapTiles>
    <StaticTiles />
  </TransInfo>
  <TransInfo Description="Small Dirt To Dungeon Cave Without Static" HashKey="4A4A4A4A08084A084A">
    <MapTiles>
      <MapTile TileID="581" AltIDMod="0" />
    </MapTiles>
    <StaticTiles />
  </TransInfo>
  <TransInfo Description="Small Dirt To Dungeon Cave Without Static" HashKey="4A084A08084A4A4A4A">
    <MapTiles>
      <MapTile TileID="581" AltIDMod="0" />
    </MapTiles>
    <StaticTiles />
  </TransInfo>
  <TransInfo Description="Small Dirt To Dungeon Cave Without Static" HashKey="0808080808084A084A">
    <MapTiles>
      <MapTile TileID="476" AltIDMod="0" />
    </MapTiles>
    <StaticTiles />
  </TransInfo>
  <TransInfo Description="Small Dirt To Dungeon Cave Without Static" HashKey="4A4A084A084A4A0808">
    <MapTiles>
      <MapTile TileID="581" AltIDMod="0" />
    </MapTiles>
    <StaticTiles />
  </TransInfo>
  <TransInfo Description="Small Dirt To Dungeon Cave Without Static" HashKey="084A4A4A0808084A08">
    <MapTiles>
      <MapTile TileID="581" AltIDMod="0" />
    </MapTiles>
    <StaticTiles />
  </TransInfo>
  <TransInfo Description="Small Dirt To Dungeon Cave Without Static" HashKey="08084A080808080808">
    <MapTiles>
      <MapTile TileID="486" AltIDMod="0" />
    </MapTiles>
    <StaticTiles />
  </TransInfo>
  <TransInfo Description="Small Dirt To Dungeon Cave Without Static" HashKey="4A08084A084A08084A">
    <MapTiles>
      <MapTile TileID="581" AltIDMod="0" />
    </MapTiles>
    <StaticTiles />
  </TransInfo>
  <TransInfo Description="Small Dirt To Dungeon Cave Without Static" HashKey="08084A0808084A084A">
    <MapTiles>
      <MapTile TileID="481" AltIDMod="0" />
    </MapTiles>
    <StaticTiles />
  </TransInfo>
  <TransInfo Description="Small Dirt To Dungeon Cave Without Static" HashKey="084A084A084A08084A">
    <MapTiles>
      <MapTile TileID="581" AltIDMod="0" />
    </MapTiles>
    <StaticTiles />
  </TransInfo>
  <TransInfo Description="Small Dirt To Dungeon Cave Without Static" HashKey="4A08080808084A4A4A">
    <MapTiles>
      <MapTile TileID="482" AltIDMod="0" />
    </MapTiles>
    <StaticTiles />
  </TransInfo>
  <TransInfo Description="Small Dirt To Dungeon Cave Without Static" HashKey="084A4A4A084A084A4A">
    <MapTiles>
      <MapTile TileID="581" AltIDMod="0" />
    </MapTiles>
    <StaticTiles />
  </TransInfo>
  <TransInfo Description="Small Dirt To Dungeon Cave Without Static" HashKey="084A080808084A4A4A">
    <MapTiles>
      <MapTile TileID="581" AltIDMod="0" />
    </MapTiles>
    <StaticTiles />
  </TransInfo>
  <TransInfo Description="Small Dirt To Dungeon Cave Without Static" HashKey="08084A4A0808084A4A">
    <MapTiles>
      <MapTile TileID="581" AltIDMod="0" />
    </MapTiles>
    <StaticTiles />
  </TransInfo>
  <TransInfo Description="Small Dirt To Dungeon Cave Without Static" HashKey="08084A08084A084A08">
    <MapTiles>
      <MapTile TileID="481" AltIDMod="0" />
    </MapTiles>
    <StaticTiles />
  </TransInfo>
  <TransInfo Description="Small Dirt To Dungeon Cave Without Static" HashKey="08080808084A084A4A">
    <MapTiles>
      <MapTile TileID="481" AltIDMod="0" />
    </MapTiles>
    <StaticTiles />
  </TransInfo>
  <TransInfo Description="Small Dirt To Dungeon Cave Without Static" HashKey="4A08084A0808084A08">
    <MapTiles>
      <MapTile TileID="482" AltIDMod="0" />
    </MapTiles>
    <StaticTiles />
  </TransInfo>
  <TransInfo Description="Small Dirt To Dungeon Cave Without Static" HashKey="4A080808084A4A4A4A">
    <MapTiles>
      <MapTile TileID="581" AltIDMod="0" />
    </MapTiles>
    <StaticTiles />
  </TransInfo>
  <TransInfo Description="Small Dirt To Dungeon Cave Without Static" HashKey="084A084A084A4A0808">
    <MapTiles>
      <MapTile TileID="581" AltIDMod="0" />
    </MapTiles>
    <StaticTiles />
  </TransInfo>
  <TransInfo Description="Small Dirt To Dungeon Cave Without Static" HashKey="4A084A08080808084A">
    <MapTiles>
      <MapTile TileID="483" AltIDMod="0" />
    </MapTiles>
    <StaticTiles />
  </TransInfo>
  <TransInfo Description="Small Dirt To Dungeon Cave Without Static" HashKey="0808084A08084A4A4A">
    <MapTiles>
      <MapTile TileID="482" AltIDMod="0" />
    </MapTiles>
    <StaticTiles />
  </TransInfo>
  <TransInfo Description="Small Dirt To Dungeon Cave Without Static" HashKey="084A4A08080808084A">
    <MapTiles>
      <MapTile TileID="483" AltIDMod="0" />
    </MapTiles>
    <StaticTiles />
  </TransInfo>
  <TransInfo Description="Small Dirt To Dungeon Cave Without Static" HashKey="4A4A4A0808084A4A4A">
    <MapTiles>
      <MapTile TileID="581" AltIDMod="0" />
    </MapTiles>
    <StaticTiles />
  </TransInfo>
  <TransInfo Description="Small Dirt To Dungeon Cave Without Static" HashKey="08080808084A08084A">
    <MapTiles>
      <MapTile TileID="478" AltIDMod="0" />
    </MapTiles>
    <StaticTiles />
  </TransInfo>
  <TransInfo Description="Small Dirt To Dungeon Cave Without Static" HashKey="08080808084A084A08">
    <MapTiles>
      <MapTile TileID="481" AltIDMod="0" />
    </MapTiles>
    <StaticTiles />
  </TransInfo>
  <TransInfo Description="Small Dirt To Dungeon Cave Without Static" HashKey="4A080808084A4A084A">
    <MapTiles>
      <MapTile TileID="581" AltIDMod="0" />
    </MapTiles>
    <StaticTiles />
  </TransInfo>
  <TransInfo Description="Small Dirt To Dungeon Cave Without Static" HashKey="4A084A4A0808084A08">
    <MapTiles>
      <MapTile TileID="581" AltIDMod="0" />
    </MapTiles>
    <StaticTiles />
  </TransInfo>
  <TransInfo Description="Small Dirt To Dungeon Cave Without Static" HashKey="4A4A080808084A0808">
    <MapTiles>
      <MapTile TileID="480" AltIDMod="0" />
    </MapTiles>
    <StaticTiles />
  </TransInfo>
  <TransInfo Description="Small Dirt To Dungeon Cave Without Static" HashKey="4A080808084A4A4A08">
    <MapTiles>
      <MapTile TileID="581" AltIDMod="0" />
    </MapTiles>
    <StaticTiles />
  </TransInfo>
  <TransInfo Description="Small Dirt To Dungeon Cave Without Static" HashKey="4A084A080808080808">
    <MapTiles>
      <MapTile TileID="479" AltIDMod="0" />
    </MapTiles>
    <StaticTiles />
  </TransInfo>
  <TransInfo Description="Small Dirt To Dungeon Cave Without Static" HashKey="084A4A080808080808">
    <MapTiles>
      <MapTile TileID="479" AltIDMod="0" />
    </MapTiles>
    <StaticTiles />
  </TransInfo>
  <TransInfo Description="Small Dirt To Dungeon Cave Without Static" HashKey="0808084A084A4A4A4A">
    <MapTiles>
      <MapTile TileID="581" AltIDMod="0" />
    </MapTiles>
    <StaticTiles />
  </TransInfo>
  <TransInfo Description="Small Dirt To Dungeon Cave Without Static" HashKey="4A084A08084A080808">
    <MapTiles>
      <MapTile TileID="483" AltIDMod="0" />
    </MapTiles>
    <StaticTiles />
  </TransInfo>
  <TransInfo Description="Small Dirt To Dungeon Cave Without Static" HashKey="084A4A08084A080808">
    <MapTiles>
      <MapTile TileID="483" AltIDMod="0" />
    </MapTiles>
    <StaticTiles />
  </TransInfo>
  <TransInfo Description="Small Dirt To Dungeon Cave Without Static" HashKey="084A4A08084A4A084A">
    <MapTiles>
      <MapTile TileID="581" AltIDMod="0" />
    </MapTiles>
    <StaticTiles />
  </TransInfo>
  <TransInfo Description="Small Dirt To Dungeon Cave Without Static" HashKey="4A4A4A08084A4A4A4A">
    <MapTiles>
      <MapTile TileID="581" AltIDMod="0" />
    </MapTiles>
    <StaticTiles />
  </TransInfo>
  <TransInfo Description="Small Dirt To Dungeon Cave Without Static" HashKey="4A4A084A0808080808">
    <MapTiles>
      <MapTile TileID="480" AltIDMod="0" />
    </MapTiles>
    <StaticTiles />
  </TransInfo>
  <TransInfo Description="Small Dirt To Dungeon Cave Without Static" HashKey="080808080808084A08">
    <MapTiles>
      <MapTile TileID="476" AltIDMod="0" />
    </MapTiles>
    <StaticTiles />
  </TransInfo>
  <TransInfo Description="Small Dirt To Dungeon Cave Without Static" HashKey="4A4A084A08084A084A">
    <MapTiles>
      <MapTile TileID="581" AltIDMod="0" />
    </MapTiles>
    <StaticTiles />
  </TransInfo>
  <TransInfo Description="Small Dirt To Dungeon Cave Without Static" HashKey="08084A080808084A4A">
    <MapTiles>
      <MapTile TileID="481" AltIDMod="0" />
    </MapTiles>
    <StaticTiles />
  </TransInfo>
  <TransInfo Description="Small Dirt To Dungeon Cave Without Static" HashKey="0808084A084A4A084A">
    <MapTiles>
      <MapTile TileID="581" AltIDMod="0" />
    </MapTiles>
    <StaticTiles />
  </TransInfo>
  <TransInfo Description="Small Dirt To Dungeon Cave Without Static" HashKey="0808084A084A4A4A08">
    <MapTiles>
      <MapTile TileID="581" AltIDMod="0" />
    </MapTiles>
    <StaticTiles />
  </TransInfo>
  <TransInfo Description="Small Dirt To Dungeon Cave Without Static" HashKey="4A084A08084A4A0808">
    <MapTiles>
      <MapTile TileID="581" AltIDMod="0" />
    </MapTiles>
    <StaticTiles />
  </TransInfo>
  <TransInfo Description="Small Dirt To Dungeon Cave Without Static" HashKey="084A084A08084A0808">
    <MapTiles>
      <MapTile TileID="480" AltIDMod="0" />
    </MapTiles>
    <StaticTiles />
  </TransInfo>
  <TransInfo Description="Small Dirt To Dungeon Cave Without Static" HashKey="084A4A08084A4A0808">
    <MapTiles>
      <MapTile TileID="581" AltIDMod="0" />
    </MapTiles>
    <StaticTiles />
  </TransInfo>
  <TransInfo Description="Small Dirt To Dungeon Cave Without Static" HashKey="4A4A4A08084A4A4A08">
    <MapTiles>
      <MapTile TileID="581" AltIDMod="0" />
    </MapTiles>
    <StaticTiles />
  </TransInfo>
  <TransInfo Description="Small Dirt To Dungeon Cave Without Static" HashKey="08084A08080808084A">
    <MapTiles>
      <MapTile TileID="478" AltIDMod="0" />
    </MapTiles>
    <StaticTiles />
  </TransInfo>
  <TransInfo Description="Small Dirt To Dungeon Cave Without Static" HashKey="4A4A4A4A084A4A4A08">
    <MapTiles>
      <MapTile TileID="581" AltIDMod="0" />
    </MapTiles>
    <StaticTiles />
  </TransInfo>
  <TransInfo Description="Small Dirt To Dungeon Cave Without Static" HashKey="08084A080808084A08">
    <MapTiles>
      <MapTile TileID="481" AltIDMod="0" />
    </MapTiles>
    <StaticTiles />
  </TransInfo>
  <TransInfo Description="Small Dirt To Dungeon Cave Without Static" HashKey="4A4A084A08084A0808">
    <MapTiles>
      <MapTile TileID="480" AltIDMod="0" />
    </MapTiles>
    <StaticTiles />
  </TransInfo>
  <TransInfo Description="Small Dirt To Dungeon Cave Without Static" HashKey="084A084A084A4A084A">
    <MapTiles>
      <MapTile TileID="581" AltIDMod="0" />
    </MapTiles>
    <StaticTiles />
  </TransInfo>
  <TransInfo Description="Small Dirt To Dungeon Cave Without Static" HashKey="08084A08084A084A4A">
    <MapTiles>
      <MapTile TileID="481" AltIDMod="0" />
    </MapTiles>
    <StaticTiles />
  </TransInfo>
  <TransInfo Description="Small Dirt To Dungeon Cave Without Static" HashKey="4A08084A084A4A4A4A">
    <MapTiles>
      <MapTile TileID="581" AltIDMod="0" />
    </MapTiles>
    <StaticTiles />
  </TransInfo>
  <TransInfo Description="Small Dirt To Dungeon Cave Without Static" HashKey="4A4A084A0808084A4A">
    <MapTiles>
      <MapTile TileID="581" AltIDMod="0" />
    </MapTiles>
    <StaticTiles />
  </TransInfo>
  <TransInfo Description="Small Dirt To Dungeon Cave Without Static" HashKey="4A4A4A08084A084A08">
    <MapTiles>
      <MapTile TileID="581" AltIDMod="0" />
    </MapTiles>
    <StaticTiles />
  </TransInfo>
  <TransInfo Description="Small Dirt To Dungeon Cave Without Static" HashKey="4A0808080808080808">
    <MapTiles>
      <MapTile TileID="484" AltIDMod="0" />
    </MapTiles>
    <StaticTiles />
  </TransInfo>
  <TransInfo Description="Small Dirt To Dungeon Cave Without Static" HashKey="4A084A4A084A08084A">
    <MapTiles>
      <MapTile TileID="581" AltIDMod="0" />
    </MapTiles>
    <StaticTiles />
  </TransInfo>
  <TransInfo Description="Small Dirt To Dungeon Cave Without Static" HashKey="084A08080808080808">
    <MapTiles>
      <MapTile TileID="479" AltIDMod="0" />
    </MapTiles>
    <StaticTiles />
  </TransInfo>
  <TransInfo Description="Small Dirt To Dungeon Cave Without Static" HashKey="084A4A4A084A08084A">
    <MapTiles>
      <MapTile TileID="581" AltIDMod="0" />
    </MapTiles>
    <StaticTiles />
  </TransInfo>
  <TransInfo Description="Small Dirt To Dungeon Cave Without Static" HashKey="084A080808084A084A">
    <MapTiles>
      <MapTile TileID="581" AltIDMod="0" />
    </MapTiles>
    <StaticTiles />
  </TransInfo>
  <TransInfo Description="Small Dirt To Dungeon Cave Without Static" HashKey="08084A4A080808084A">
    <MapTiles>
      <MapTile TileID="581" AltIDMod="0" />
    </MapTiles>
    <StaticTiles />
  </TransInfo>
  <TransInfo Description="Small Dirt To Dungeon Cave Without Static" HashKey="08080808084A080808">
    <MapTiles>
      <MapTile TileID="478" AltIDMod="0" />
    </MapTiles>
    <StaticTiles />
  </TransInfo>
  <TransInfo Description="Small Dirt To Dungeon Cave Without Static" HashKey="4A08084A0808084A4A">
    <MapTiles>
      <MapTile TileID="482" AltIDMod="0" />
    </MapTiles>
    <StaticTiles />
  </TransInfo>
  <TransInfo Description="Small Dirt To Dungeon Cave Without Static" HashKey="4A080808084A084A08">
    <MapTiles>
      <MapTile TileID="581" AltIDMod="0" />
    </MapTiles>
    <StaticTiles />
  </TransInfo>
  <TransInfo Description="Small Dirt To Dungeon Cave Without Static" HashKey="4A084A08084A084A4A">
    <MapTiles>
      <MapTile TileID="581" AltIDMod="0" />
    </MapTiles>
    <StaticTiles />
  </TransInfo>
  <TransInfo Description="Small Dirt To Dungeon Cave Without Static" HashKey="084A4A08084A084A4A">
    <MapTiles>
      <MapTile TileID="581" AltIDMod="0" />
    </MapTiles>
    <StaticTiles />
  </TransInfo>
  <TransInfo Description="Small Dirt To Dungeon Cave Without Static" HashKey="4A084A4A084A080808">
    <MapTiles>
      <MapTile TileID="581" AltIDMod="0" />
    </MapTiles>
    <StaticTiles />
  </TransInfo>
  <TransInfo Description="Small Dirt To Dungeon Cave Without Static" HashKey="4A08080808084A0808">
    <MapTiles>
      <MapTile TileID="477" AltIDMod="0" />
    </MapTiles>
    <StaticTiles />
  </TransInfo>
  <TransInfo Description="Small Dirt To Dungeon Cave Without Static" HashKey="084A4A4A084A080808">
    <MapTiles>
      <MapTile TileID="581" AltIDMod="0" />
    </MapTiles>
    <StaticTiles />
  </TransInfo>
  <TransInfo Description="Small Dirt To Dungeon Cave Without Static" HashKey="084A080808084A0808">
    <MapTiles>
      <MapTile TileID="480" AltIDMod="0" />
    </MapTiles>
    <StaticTiles />
  </TransInfo>
  <TransInfo Description="Small Dirt To Dungeon Cave Without Static" HashKey="08084A4A0808080808">
    <MapTiles>
      <MapTile TileID="480" AltIDMod="0" />
    </MapTiles>
    <StaticTiles />
  </TransInfo>
  <TransInfo Description="Small Dirt To Dungeon Cave Without Static" HashKey="0808084A0808080808">
    <MapTiles>
      <MapTile TileID="477" AltIDMod="0" />
    </MapTiles>
    <StaticTiles />
  </TransInfo>
  <TransInfo Description="Small Dirt To Dungeon Cave Without Static" HashKey="4A4A080808084A084A">
    <MapTiles>
      <MapTile TileID="581" AltIDMod="0" />
    </MapTiles>
    <StaticTiles />
  </TransInfo>
  <TransInfo Description="Small Dirt To Dungeon Cave Without Static" HashKey="0808084A08084A084A">
    <MapTiles>
      <MapTile TileID="482" AltIDMod="0" />
    </MapTiles>
    <StaticTiles />
  </TransInfo>
</Trans>