<?xml version="1.0" encoding="utf-8" ?>
<Wizard>
	"<Tile Pattern="BBBAAAAAA" MapTile="Inner Top" StaticTile="Inner Top" />"
	"<Tile Pattern="ABBAAAAAA" MapTile="Inner Top" StaticTile="Inner Top" />"
	"<Tile Pattern="BBAAAAAAA" MapTile="Inner Top" StaticTile="Inner Top" />"
	"<Tile Pattern="ABAAAAAAA" MapTile="Inner Top" StaticTile="Inner Top" />"
	"<Tile Pattern="BABAAAAAA" MapTile="Inner Top" StaticTile="Inner Top" />"
	"<Tile Pattern="BAABAABAA" MapTile="Inner Left" StaticTile="Inner Left" />"
	"<Tile Pattern="BAABAAAAA" MapTile="Inner Left" StaticTile="Inner Left" />"
	"<Tile Pattern="AAABAABAA" MapTile="Inner Left" StaticTile="Inner Left" />"
	"<Tile Pattern="AAABAAAAA" MapTile="Inner Left" StaticTile="Inner Left" />"
	"<Tile Pattern="BAAAAABAA" MapTile="Inner Left" StaticTile="Inner Left" />"
	"<Tile Pattern="AABAABAAB" MapTile="Inner Right" StaticTile="Inner Right" />"
	"<Tile Pattern="AAAAABAAB" MapTile="Inner Right" StaticTile="Inner Right" />"
	"<Tile Pattern="AABAABAAA" MapTile="Inner Right" StaticTile="Inner Right" />"
	"<Tile Pattern="AAAAABAAA" MapTile="Inner Right" StaticTile="Inner Right" />"
	"<Tile Pattern="AABAAAAAB" MapTile="Inner Right" StaticTile="Inner Right" />"
	"<Tile Pattern="AAAAAABBB" MapTile="Inner Bottom" StaticTile="Inner Bottom" />"
	"<Tile Pattern="AAAAAABBA" MapTile="Inner Bottom" StaticTile="Inner Bottom" />"
	"<Tile Pattern="AAAAAAABB" MapTile="Inner Bottom" StaticTile="Inner Bottom" />"
	"<Tile Pattern="AAAAAAABA" MapTile="Inner Bottom" StaticTile="Inner Bottom" />"
	"<Tile Pattern="AAAAAABAB" MapTile="Inner Bottom" StaticTile="Inner Bottom" />"
	"<Tile Pattern="AABAABBBB" MapTile="Inner Bottom Right" StaticTile="Inner Bottom Right" />"
	"<Tile Pattern="AAAAABBBB" MapTile="Inner Bottom Right" StaticTile="Inner Bottom Right" />"
	"<Tile Pattern="AABAABABB" MapTile="Inner Bottom Right" StaticTile="Inner Bottom Right" />"
	"<Tile Pattern="AAAAABABB" MapTile="Inner Bottom Right" StaticTile="Inner Bottom Right" />"
	"<Tile Pattern="AAAAABABA" MapTile="Inner Bottom Right" StaticTile="Inner Bottom Right" />"
	"<Tile Pattern="AABAAAABB" MapTile="Inner Bottom Right" StaticTile="Inner Bottom Right" />"
	"<Tile Pattern="AABAAABBB" MapTile="Inner Bottom Right" StaticTile="Inner Bottom Right" />"
	"<Tile Pattern="AABAAABBA" MapTile="Inner Bottom Right" StaticTile="Inner Bottom Right" />"
	"<Tile Pattern="AAAAABBAB" MapTile="Inner Bottom Right" StaticTile="Inner Bottom Right" />"
	"<Tile Pattern="AABAABBAB" MapTile="Inner Bottom Right" StaticTile="Inner Bottom Right" />"
	"<Tile Pattern="AABAABBBA" MapTile="Inner Bottom Right" StaticTile="Inner Bottom Right" />"
	"<Tile Pattern="AABAABBAA" MapTile="Inner Bottom Right" StaticTile="Inner Bottom Right" />"
	"<Tile Pattern="AABAAAABA" MapTile="Inner Bottom Right" StaticTile="Inner Bottom Right" />"
	"<Tile Pattern="AAAAABBAA" MapTile="Inner Bottom Right" StaticTile="Inner Bottom Right" />"
	"<Tile Pattern="AABAABABA" MapTile="Inner Bottom Right" StaticTile="Inner Bottom Right" />"
	"<Tile Pattern="AABAAABAB" MapTile="Inner Bottom Right" StaticTile="Inner Bottom Right" />"
	"<Tile Pattern="AAAAABBBA" MapTile="Inner Bottom Right" StaticTile="Inner Bottom Right" />"
	"<Tile Pattern="BBBBAABAA" MapTile="Inner Top Left" StaticTile="Inner Top Left" />"
	"<Tile Pattern="BBABAABAA" MapTile="Inner Top Left" StaticTile="Inner Top Left" />"
	"<Tile Pattern="BBBBAAAAA" MapTile="Inner Top Left" StaticTile="Inner Top Left" />"
	"<Tile Pattern="BBABAAAAA" MapTile="Inner Top Left" StaticTile="Inner Top Left" />"
	"<Tile Pattern="BABBAAAAA" MapTile="Inner Top Left" StaticTile="Inner Top Left" />"
	"<Tile Pattern="BBAAAABAA" MapTile="Inner Top Left" StaticTile="Inner Top Left" />"
	"<Tile Pattern="ABBAAABAA" MapTile="Inner Top Left" StaticTile="Inner Top Left" />"
	"<Tile Pattern="BABAAABAA" MapTile="Inner Top Left" StaticTile="Inner Top Left" />"
	"<Tile Pattern="BBBAAABAA" MapTile="Inner Top Left" StaticTile="Inner Top Left" />"
	"<Tile Pattern="ABABAAAAA" MapTile="Inner Top Left" StaticTile="Inner Top Left" />"
	"<Tile Pattern="BABBAABAA" MapTile="Inner Top Left" StaticTile="Inner Top Left" />"
	"<Tile Pattern="AABBAABAA" MapTile="Inner Top Left" StaticTile="Inner Top Left" />"
	"<Tile Pattern="ABBBAABAA" MapTile="Inner Top Left" StaticTile="Inner Top Left" />"
	"<Tile Pattern="AABBAAAAA" MapTile="Inner Top Left" StaticTile="Inner Top Left" />"
	"<Tile Pattern="ABABAABAA" MapTile="Inner Top Left" StaticTile="Inner Top Left" />"
	"<Tile Pattern="ABAAAABAA" MapTile="Inner Top Left" StaticTile="Inner Top Left" />"
	"<Tile Pattern="ABBBAAAAA" MapTile="Inner Top Left" StaticTile="Inner Top Left" />"
	"<Tile Pattern="BAABAABBB" MapTile="Inner Bottom Left" StaticTile="Inner Bottom Left" />"
	"<Tile Pattern="AAABAABBB" MapTile="Inner Bottom Left" StaticTile="Inner Bottom Left" />"
	"<Tile Pattern="BAABAABBA" MapTile="Inner Bottom Left" StaticTile="Inner Bottom Left" />"
	"<Tile Pattern="AAABAABBA" MapTile="Inner Bottom Left" StaticTile="Inner Bottom Left" />"
	"<Tile Pattern="AAABAAABA" MapTile="Inner Bottom Left" StaticTile="Inner Bottom Left" />"
	"<Tile Pattern="BAABAAAAB" MapTile="Inner Bottom Left" StaticTile="Inner Bottom Left" />"
	"<Tile Pattern="BAAAAABBB" MapTile="Inner Bottom Left" StaticTile="Inner Bottom Left" />"
	"<Tile Pattern="BAAAAABBA" MapTile="Inner Bottom Left" StaticTile="Inner Bottom Left" />"
	"<Tile Pattern="BAAAAAABA" MapTile="Inner Bottom Left" StaticTile="Inner Bottom Left" />"
	"<Tile Pattern="AAABAABAB" MapTile="Inner Bottom Left" StaticTile="Inner Bottom Left" />"
	"<Tile Pattern="BAABAABAB" MapTile="Inner Bottom Left" StaticTile="Inner Bottom Left" />"
	"<Tile Pattern="BAAAAAABB" MapTile="Inner Bottom Left" StaticTile="Inner Bottom Left" />"
	"<Tile Pattern="BAABAAABB" MapTile="Inner Bottom Left" StaticTile="Inner Bottom Left" />"
	"<Tile Pattern="AAABAAABB" MapTile="Inner Bottom Left" StaticTile="Inner Bottom Left" />"
	"<Tile Pattern="AAABAAAAB" MapTile="Inner Bottom Left" StaticTile="Inner Bottom Left" />"
	"<Tile Pattern="BAAAAABAB" MapTile="Inner Bottom Left" StaticTile="Inner Bottom Left" />"
	"<Tile Pattern="BAABAAABA" MapTile="Inner Bottom Left" StaticTile="Inner Bottom Left" />"
	"<Tile Pattern="BBBAABAAB" MapTile="Inner Top Right" StaticTile="Inner Top Right" />"
	"<Tile Pattern="BBBAABAAA" MapTile="Inner Top Right" StaticTile="Inner Top Right" />"
	"<Tile Pattern="ABBAABAAB" MapTile="Inner Top Right" StaticTile="Inner Top Right" />"
	"<Tile Pattern="ABBAABAAA" MapTile="Inner Top Right" StaticTile="Inner Top Right" />"
	"<Tile Pattern="BAAAABAAB" MapTile="Inner Top Right" StaticTile="Inner Top Right" />"
	"<Tile Pattern="BABAABAAA" MapTile="Inner Top Right" StaticTile="Inner Top Right" />"
	"<Tile Pattern="BABAABAAB" MapTile="Inner Top Right" StaticTile="Inner Top Right" />"
	"<Tile Pattern="BBAAAAAAB" MapTile="Inner Top Right" StaticTile="Inner Top Right" />"
	"<Tile Pattern="ABAAAAAAB" MapTile="Inner Top Right" StaticTile="Inner Top Right" />"
	"<Tile Pattern="BBBAAAAAB" MapTile="Inner Top Right" StaticTile="Inner Top Right" />"
	"<Tile Pattern="BBAAABAAA" MapTile="Inner Top Right" StaticTile="Inner Top Right" />"
	"<Tile Pattern="ABBAAAAAB" MapTile="Inner Top Right" StaticTile="Inner Top Right" />"
	"<Tile Pattern="ABAAABAAA" MapTile="Inner Top Right" StaticTile="Inner Top Right" />"
	"<Tile Pattern="BAAAABAAA" MapTile="Inner Top Right" StaticTile="Inner Top Right" />"
	"<Tile Pattern="BABAAAAAB" MapTile="Inner Top Right" StaticTile="Inner Top Right" />"
	"<Tile Pattern="ABAAABAAB" MapTile="Inner Top Right" StaticTile="Inner Top Right" />"
	"<Tile Pattern="BBAAABAAB" MapTile="Inner Top Right" StaticTile="Inner Top Right" />"
	"<Tile Pattern="BAAAAAAAA" MapTile="Outer Top Left" StaticTile="Outer Top Left" />"
	"<Tile Pattern="AAAAAAAAB" MapTile="Outer Bottom Right" StaticTile="Outer Bottom Right" />"
	"<Tile Pattern="AABAAAAAA" MapTile="Outer Top Right" StaticTile="Outer Top Right" />"
	"<Tile Pattern="AAAAAABAA" MapTile="Outer Bottom Left" StaticTile="Outer Bottom Left" />"
	"<Tile Pattern="AAABABAAA" MapTile="Autocorrect" StaticTile="Autocorrect" />"
	"<Tile Pattern="AAABABBAA" MapTile="Autocorrect" StaticTile="Autocorrect" />"
	"<Tile Pattern="AAABABABA" MapTile="Autocorrect" StaticTile="Autocorrect" />"
	"<Tile Pattern="AAABABBBA" MapTile="Autocorrect" StaticTile="Autocorrect" />"
	"<Tile Pattern="AAABABAAB" MapTile="Autocorrect" StaticTile="Autocorrect" />"
	"<Tile Pattern="AAABABBAB" MapTile="Autocorrect" StaticTile="Autocorrect" />"
	"<Tile Pattern="AAABABABB" MapTile="Autocorrect" StaticTile="Autocorrect" />"
	"<Tile Pattern="AAABABBBB" MapTile="Autocorrect" StaticTile="Autocorrect" />"
	"<Tile Pattern="AABBAAABA" MapTile="Autocorrect" StaticTile="Autocorrect" />"
	"<Tile Pattern="AABBAABBA" MapTile="Autocorrect" StaticTile="Autocorrect" />"
	"<Tile Pattern="AABBAAAAB" MapTile="Autocorrect" StaticTile="Autocorrect" />"
	"<Tile Pattern="AABBAABAB" MapTile="Autocorrect" StaticTile="Autocorrect" />"
	"<Tile Pattern="AABBAAABB" MapTile="Autocorrect" StaticTile="Autocorrect" />"
	"<Tile Pattern="AABBAABBB" MapTile="Autocorrect" StaticTile="Autocorrect" />"
	"<Tile Pattern="AABBABAAA" MapTile="Autocorrect" StaticTile="Autocorrect" />"
	"<Tile Pattern="AABBABBAA" MapTile="Autocorrect" StaticTile="Autocorrect" />"
	"<Tile Pattern="AABBABABA" MapTile="Autocorrect" StaticTile="Autocorrect" />"
	"<Tile Pattern="AABBABBBA" MapTile="Autocorrect" StaticTile="Autocorrect" />"
	"<Tile Pattern="AABBABAAB" MapTile="Autocorrect" StaticTile="Autocorrect" />"
	"<Tile Pattern="AABBABBAB" MapTile="Autocorrect" StaticTile="Autocorrect" />"
	"<Tile Pattern="AABBABABB" MapTile="Autocorrect" StaticTile="Autocorrect" />"
	"<Tile Pattern="AABBABBBB" MapTile="Autocorrect" StaticTile="Autocorrect" />"
	"<Tile Pattern="ABAAAAABA" MapTile="Autocorrect" StaticTile="Autocorrect" />"
	"<Tile Pattern="ABABAAABA" MapTile="Autocorrect" StaticTile="Autocorrect" />"
	"<Tile Pattern="ABAAAABBA" MapTile="Autocorrect" StaticTile="Autocorrect" />"
	"<Tile Pattern="ABABAABBA" MapTile="Autocorrect" StaticTile="Autocorrect" />"
	"<Tile Pattern="ABABAAAAB" MapTile="Autocorrect" StaticTile="Autocorrect" />"
	"<Tile Pattern="ABAAAABAB" MapTile="Autocorrect" StaticTile="Autocorrect" />"
	"<Tile Pattern="ABABAABAB" MapTile="Autocorrect" StaticTile="Autocorrect" />"
	"<Tile Pattern="ABAAAAABB" MapTile="Autocorrect" StaticTile="Autocorrect" />"
	"<Tile Pattern="ABABAAABB" MapTile="Autocorrect" StaticTile="Autocorrect" />"
	"<Tile Pattern="ABAAAABBB" MapTile="Autocorrect" StaticTile="Autocorrect" />"
	"<Tile Pattern="ABABAABBB" MapTile="Autocorrect" StaticTile="Autocorrect" />"
	"<Tile Pattern="ABABABAAA" MapTile="Autocorrect" StaticTile="Autocorrect" />"
	"<Tile Pattern="ABAAABBAA" MapTile="Autocorrect" StaticTile="Autocorrect" />"
	"<Tile Pattern="ABABABBAA" MapTile="Autocorrect" StaticTile="Autocorrect" />"
	"<Tile Pattern="ABAAABABA" MapTile="Autocorrect" StaticTile="Autocorrect" />"
	"<Tile Pattern="ABABABABA" MapTile="Autocorrect" StaticTile="Autocorrect" />"
	"<Tile Pattern="ABAAABBBA" MapTile="Autocorrect" StaticTile="Autocorrect" />"
	"<Tile Pattern="ABABABBBA" MapTile="Autocorrect" StaticTile="Autocorrect" />"
	"<Tile Pattern="ABABABAAB" MapTile="Autocorrect" StaticTile="Autocorrect" />"
	"<Tile Pattern="ABAAABBAB" MapTile="Autocorrect" StaticTile="Autocorrect" />"
	"<Tile Pattern="ABABABBAB" MapTile="Autocorrect" StaticTile="Autocorrect" />"
	"<Tile Pattern="ABAAABABB" MapTile="Autocorrect" StaticTile="Autocorrect" />"
	"<Tile Pattern="ABABABABB" MapTile="Autocorrect" StaticTile="Autocorrect" />"
	"<Tile Pattern="ABAAABBBB" MapTile="Autocorrect" StaticTile="Autocorrect" />"
	"<Tile Pattern="ABABABBBB" MapTile="Autocorrect" StaticTile="Autocorrect" />"
	"<Tile Pattern="ABBAAAABA" MapTile="Autocorrect" StaticTile="Autocorrect" />"
	"<Tile Pattern="ABBBAAABA" MapTile="Autocorrect" StaticTile="Autocorrect" />"
	"<Tile Pattern="ABBAAABBA" MapTile="Autocorrect" StaticTile="Autocorrect" />"
	"<Tile Pattern="ABBBAABBA" MapTile="Autocorrect" StaticTile="Autocorrect" />"
	"<Tile Pattern="ABBBAAAAB" MapTile="Autocorrect" StaticTile="Autocorrect" />"
	"<Tile Pattern="ABBAAABAB" MapTile="Autocorrect" StaticTile="Autocorrect" />"
	"<Tile Pattern="ABBBAABAB" MapTile="Autocorrect" StaticTile="Autocorrect" />"
	"<Tile Pattern="ABBAAAABB" MapTile="Autocorrect" StaticTile="Autocorrect" />"
	"<Tile Pattern="ABBBAAABB" MapTile="Autocorrect" StaticTile="Autocorrect" />"
	"<Tile Pattern="ABBAAABBB" MapTile="Autocorrect" StaticTile="Autocorrect" />"
	"<Tile Pattern="ABBBAABBB" MapTile="Autocorrect" StaticTile="Autocorrect" />"
	"<Tile Pattern="ABBBABAAA" MapTile="Autocorrect" StaticTile="Autocorrect" />"
	"<Tile Pattern="ABBAABBAA" MapTile="Autocorrect" StaticTile="Autocorrect" />"
	"<Tile Pattern="ABBBABBAA" MapTile="Autocorrect" StaticTile="Autocorrect" />"
	"<Tile Pattern="ABBAABABA" MapTile="Autocorrect" StaticTile="Autocorrect" />"
	"<Tile Pattern="ABBBABABA" MapTile="Autocorrect" StaticTile="Autocorrect" />"
	"<Tile Pattern="ABBAABBBA" MapTile="Autocorrect" StaticTile="Autocorrect" />"
	"<Tile Pattern="ABBBABBBA" MapTile="Autocorrect" StaticTile="Autocorrect" />"
	"<Tile Pattern="ABBBABAAB" MapTile="Autocorrect" StaticTile="Autocorrect" />"
	"<Tile Pattern="ABBAABBAB" MapTile="Autocorrect" StaticTile="Autocorrect" />"
	"<Tile Pattern="ABBBABBAB" MapTile="Autocorrect" StaticTile="Autocorrect" />"
	"<Tile Pattern="ABBAABABB" MapTile="Autocorrect" StaticTile="Autocorrect" />"
	"<Tile Pattern="ABBBABABB" MapTile="Autocorrect" StaticTile="Autocorrect" />"
	"<Tile Pattern="ABBAABBBB" MapTile="Autocorrect" StaticTile="Autocorrect" />"
	"<Tile Pattern="ABBBABBBB" MapTile="Autocorrect" StaticTile="Autocorrect" />"
	"<Tile Pattern="BAABABAAA" MapTile="Autocorrect" StaticTile="Autocorrect" />"
	"<Tile Pattern="BAAAABBAA" MapTile="Autocorrect" StaticTile="Autocorrect" />"
	"<Tile Pattern="BAABABBAA" MapTile="Autocorrect" StaticTile="Autocorrect" />"
	"<Tile Pattern="BAAAABABA" MapTile="Autocorrect" StaticTile="Autocorrect" />"
	"<Tile Pattern="BAABABABA" MapTile="Autocorrect" StaticTile="Autocorrect" />"
	"<Tile Pattern="BAAAABBBA" MapTile="Autocorrect" StaticTile="Autocorrect" />"
	"<Tile Pattern="BAABABBBA" MapTile="Autocorrect" StaticTile="Autocorrect" />"
	"<Tile Pattern="BAABABAAB" MapTile="Autocorrect" StaticTile="Autocorrect" />"
	"<Tile Pattern="BAAAABBAB" MapTile="Autocorrect" StaticTile="Autocorrect" />"
	"<Tile Pattern="BAABABBAB" MapTile="Autocorrect" StaticTile="Autocorrect" />"
	"<Tile Pattern="BAAAABABB" MapTile="Autocorrect" StaticTile="Autocorrect" />"
	"<Tile Pattern="BAABABABB" MapTile="Autocorrect" StaticTile="Autocorrect" />"
	"<Tile Pattern="BAAAABBBB" MapTile="Autocorrect" StaticTile="Autocorrect" />"
	"<Tile Pattern="BAABABBBB" MapTile="Autocorrect" StaticTile="Autocorrect" />"
	"<Tile Pattern="BABAAAABA" MapTile="Autocorrect" StaticTile="Autocorrect" />"
	"<Tile Pattern="BABBAAABA" MapTile="Autocorrect" StaticTile="Autocorrect" />"
	"<Tile Pattern="BABAAABBA" MapTile="Autocorrect" StaticTile="Autocorrect" />"
	"<Tile Pattern="BABBAABBA" MapTile="Autocorrect" StaticTile="Autocorrect" />"
	"<Tile Pattern="BABBAAAAB" MapTile="Autocorrect" StaticTile="Autocorrect" />"
	"<Tile Pattern="BABAAABAB" MapTile="Autocorrect" StaticTile="Autocorrect" />"
	"<Tile Pattern="BABBAABAB" MapTile="Autocorrect" StaticTile="Autocorrect" />"
	"<Tile Pattern="BABAAAABB" MapTile="Autocorrect" StaticTile="Autocorrect" />"
	"<Tile Pattern="BABBAAABB" MapTile="Autocorrect" StaticTile="Autocorrect" />"
	"<Tile Pattern="BABAAABBB" MapTile="Autocorrect" StaticTile="Autocorrect" />"
	"<Tile Pattern="BABBAABBB" MapTile="Autocorrect" StaticTile="Autocorrect" />"
	"<Tile Pattern="BABBABAAA" MapTile="Autocorrect" StaticTile="Autocorrect" />"
	"<Tile Pattern="BABAABBAA" MapTile="Autocorrect" StaticTile="Autocorrect" />"
	"<Tile Pattern="BABBABBAA" MapTile="Autocorrect" StaticTile="Autocorrect" />"
	"<Tile Pattern="BABAABABA" MapTile="Autocorrect" StaticTile="Autocorrect" />"
	"<Tile Pattern="BABBABABA" MapTile="Autocorrect" StaticTile="Autocorrect" />"
	"<Tile Pattern="BABAABBBA" MapTile="Autocorrect" StaticTile="Autocorrect" />"
	"<Tile Pattern="BABBABBBA" MapTile="Autocorrect" StaticTile="Autocorrect" />"
	"<Tile Pattern="BABBABAAB" MapTile="Autocorrect" StaticTile="Autocorrect" />"
	"<Tile Pattern="BABAABBAB" MapTile="Autocorrect" StaticTile="Autocorrect" />"
	"<Tile Pattern="BABBABBAB" MapTile="Autocorrect" StaticTile="Autocorrect" />"
	"<Tile Pattern="BABAABABB" MapTile="Autocorrect" StaticTile="Autocorrect" />"
	"<Tile Pattern="BABBABABB" MapTile="Autocorrect" StaticTile="Autocorrect" />"
	"<Tile Pattern="BABAABBBB" MapTile="Autocorrect" StaticTile="Autocorrect" />"
	"<Tile Pattern="BABBABBBB" MapTile="Autocorrect" StaticTile="Autocorrect" />"
	"<Tile Pattern="BBAAAAABA" MapTile="Autocorrect" StaticTile="Autocorrect" />"
	"<Tile Pattern="BBABAAABA" MapTile="Autocorrect" StaticTile="Autocorrect" />"
	"<Tile Pattern="BBAAAABBA" MapTile="Autocorrect" StaticTile="Autocorrect" />"
	"<Tile Pattern="BBABAABBA" MapTile="Autocorrect" StaticTile="Autocorrect" />"
	"<Tile Pattern="BBABAAAAB" MapTile="Autocorrect" StaticTile="Autocorrect" />"
	"<Tile Pattern="BBAAAABAB" MapTile="Autocorrect" StaticTile="Autocorrect" />"
	"<Tile Pattern="BBABAABAB" MapTile="Autocorrect" StaticTile="Autocorrect" />"
	"<Tile Pattern="BBAAAAABB" MapTile="Autocorrect" StaticTile="Autocorrect" />"
	"<Tile Pattern="BBABAAABB" MapTile="Autocorrect" StaticTile="Autocorrect" />"
	"<Tile Pattern="BBAAAABBB" MapTile="Autocorrect" StaticTile="Autocorrect" />"
	"<Tile Pattern="BBABAABBB" MapTile="Autocorrect" StaticTile="Autocorrect" />"
	"<Tile Pattern="BBABABAAA" MapTile="Autocorrect" StaticTile="Autocorrect" />"
	"<Tile Pattern="BBAAABBAA" MapTile="Autocorrect" StaticTile="Autocorrect" />"
	"<Tile Pattern="BBABABBAA" MapTile="Autocorrect" StaticTile="Autocorrect" />"
	"<Tile Pattern="BBAAABABA" MapTile="Autocorrect" StaticTile="Autocorrect" />"
	"<Tile Pattern="BBABABABA" MapTile="Autocorrect" StaticTile="Autocorrect" />"
	"<Tile Pattern="BBAAABBBA" MapTile="Autocorrect" StaticTile="Autocorrect" />"
	"<Tile Pattern="BBABABBBA" MapTile="Autocorrect" StaticTile="Autocorrect" />"
	"<Tile Pattern="BBABABAAB" MapTile="Autocorrect" StaticTile="Autocorrect" />"
	"<Tile Pattern="BBAAABBAB" MapTile="Autocorrect" StaticTile="Autocorrect" />"
	"<Tile Pattern="BBABABBAB" MapTile="Autocorrect" StaticTile="Autocorrect" />"
	"<Tile Pattern="BBAAABABB" MapTile="Autocorrect" StaticTile="Autocorrect" />"
	"<Tile Pattern="BBABABABB" MapTile="Autocorrect" StaticTile="Autocorrect" />"
	"<Tile Pattern="BBAAABBBB" MapTile="Autocorrect" StaticTile="Autocorrect" />"
	"<Tile Pattern="BBABABBBB" MapTile="Autocorrect" StaticTile="Autocorrect" />"
	"<Tile Pattern="BBBAAAABA" MapTile="Autocorrect" StaticTile="Autocorrect" />"
	"<Tile Pattern="BBBBAAABA" MapTile="Autocorrect" StaticTile="Autocorrect" />"
	"<Tile Pattern="BBBAAABBA" MapTile="Autocorrect" StaticTile="Autocorrect" />"
	"<Tile Pattern="BBBBAABBA" MapTile="Autocorrect" StaticTile="Autocorrect" />"
	"<Tile Pattern="BBBBAAAAB" MapTile="Autocorrect" StaticTile="Autocorrect" />"
	"<Tile Pattern="BBBAAABAB" MapTile="Autocorrect" StaticTile="Autocorrect" />"
	"<Tile Pattern="BBBBAABAB" MapTile="Autocorrect" StaticTile="Autocorrect" />"
	"<Tile Pattern="BBBAAAABB" MapTile="Autocorrect" StaticTile="Autocorrect" />"
	"<Tile Pattern="BBBBAAABB" MapTile="Autocorrect" StaticTile="Autocorrect" />"
	"<Tile Pattern="BBBAAABBB" MapTile="Autocorrect" StaticTile="Autocorrect" />"
	"<Tile Pattern="BBBBAABBB" MapTile="Autocorrect" StaticTile="Autocorrect" />"
	"<Tile Pattern="BBBBABAAA" MapTile="Autocorrect" StaticTile="Autocorrect" />"
	"<Tile Pattern="BBBAABBAA" MapTile="Autocorrect" StaticTile="Autocorrect" />"
	"<Tile Pattern="BBBBABBAA" MapTile="Autocorrect" StaticTile="Autocorrect" />"
	"<Tile Pattern="BBBAABABA" MapTile="Autocorrect" StaticTile="Autocorrect" />"
	"<Tile Pattern="BBBBABABA" MapTile="Autocorrect" StaticTile="Autocorrect" />"
	"<Tile Pattern="BBBAABBBA" MapTile="Autocorrect" StaticTile="Autocorrect" />"
	"<Tile Pattern="BBBBABBBA" MapTile="Autocorrect" StaticTile="Autocorrect" />"
	"<Tile Pattern="BBBBABAAB" MapTile="Autocorrect" StaticTile="Autocorrect" />"
	"<Tile Pattern="BBBAABBAB" MapTile="Autocorrect" StaticTile="Autocorrect" />"
	"<Tile Pattern="BBBBABBAB" MapTile="Autocorrect" StaticTile="Autocorrect" />"
	"<Tile Pattern="BBBAABABB" MapTile="Autocorrect" StaticTile="Autocorrect" />"
	"<Tile Pattern="BBBBABABB" MapTile="Autocorrect" StaticTile="Autocorrect" />"
	"<Tile Pattern="BBBAABBBB" MapTile="Autocorrect" StaticTile="Autocorrect" />"
	"<Tile Pattern="BBBBABBBB" MapTile="Autocorrect" StaticTile="Autocorrect" />"
</Wizard>