<?xml version="1.0" encoding="utf-8" ?>
<Wizard>
	<Tile Pattern="AACBBCBBC" MapTile=" " StaticTile=" " />
	<Tile Pattern="BBCBBCAAC" MapTile=" " StaticTile=" " />
	<Tile Pattern="CCCABBABB" MapTile=" " StaticTile=" " />
	<Tile Pattern="CCCBBABBA" MapTile=" " StaticTile=" " />
	<Tile Pattern="CAACBBCBB" MapTile=" " StaticTile=" " />
	<Tile Pattern="CBBCBBCAA" MapTile=" " StaticTile=" " />
	<Tile Pattern="ABBABBCCC" MapTile=" " StaticTile=" " />
	<Tile Pattern="BBABBACCC" MapTile=" " StaticTile=" " />
</Wizard>