﻿<?xml version="1.0" encoding="utf-8"?>
<Trans>
  <TransInfo Description="Cave Entrance To Large Dirt" HashKey="141212141212FFFF07">
    <MapTiles>
      <MapTile TileID="556" AltIDMod="23" />
      <MapTile TileID="557" AltIDMod="23" />
      <MapTile TileID="558" AltIDMod="23" />
      <MapTile TileID="559" AltIDMod="23" />
    </MapTiles>
    <StaticTiles />
  </TransInfo>
  <TransInfo Description="Cave Entrance To Large Dirt" HashKey="07070707070712FFFF">
    <MapTiles>
      <MapTile TileID="485" AltIDMod="0" />
    </MapTiles>
    <StaticTiles />
  </TransInfo>
  <TransInfo Description="Cave Entrance To Large Dirt" HashKey="070707070712FFFF12">
    <MapTiles>
      <MapTile TileID="487" AltIDMod="0" />
    </MapTiles>
    <StaticTiles />
  </TransInfo>
  <TransInfo Description="Cave Entrance To Large Dirt" HashKey="121212FF0707FF0707">
    <MapTiles>
      <MapTile TileID="487" AltIDMod="0" />
    </MapTiles>
    <StaticTiles />
  </TransInfo>
  <TransInfo Description="Cave Entrance To Large Dirt" HashKey="070712FF1212FF1212">
    <MapTiles>
      <MapTile TileID="231" AltIDMod="23" />
    </MapTiles>
    <StaticTiles />
  </TransInfo>
  <TransInfo Description="Cave Entrance To Large Dirt" HashKey="07FFFF071214071214">
    <MapTiles>
      <MapTile TileID="229" AltIDMod="23" />
    </MapTiles>
    <StaticTiles />
  </TransInfo>
  <TransInfo Description="Cave Entrance To Large Dirt" HashKey="07FFFF071214071212">
    <MapTiles>
      <MapTile TileID="229" AltIDMod="23" />
    </MapTiles>
    <StaticTiles />
  </TransInfo>
  <TransInfo Description="Cave Entrance To Large Dirt" HashKey="07FFFF071212071212">
    <MapTiles>
      <MapTile TileID="229" AltIDMod="23" />
    </MapTiles>
    <StaticTiles />
  </TransInfo>
  <TransInfo Description="Cave Entrance To Large Dirt" HashKey="1414FF1212FF121207">
    <MapTiles>
      <MapTile TileID="556" AltIDMod="23" />
      <MapTile TileID="557" AltIDMod="23" />
      <MapTile TileID="558" AltIDMod="23" />
      <MapTile TileID="559" AltIDMod="23" />
    </MapTiles>
    <StaticTiles />
  </TransInfo>
  <TransInfo Description="Cave Entrance To Large Dirt" HashKey="070707070707FFFFFF">
    <MapTiles>
      <MapTile TileID="476" AltIDMod="0" />
    </MapTiles>
    <StaticTiles />
  </TransInfo>
  <TransInfo Description="Cave Entrance To Large Dirt" HashKey="FFFF14121212071212">
    <MapTiles>
      <MapTile TileID="229" AltIDMod="42" />
    </MapTiles>
    <StaticTiles />
  </TransInfo>
  <TransInfo Description="Cave Entrance To Large Dirt" HashKey="FF1207FF1212141412">
    <MapTiles>
      <MapTile TileID="231" AltIDMod="42" />
    </MapTiles>
    <StaticTiles />
  </TransInfo>
  <TransInfo Description="Cave Entrance To Large Dirt" HashKey="FF1207FF1212141414">
    <MapTiles>
      <MapTile TileID="231" AltIDMod="42" />
    </MapTiles>
    <StaticTiles />
  </TransInfo>
  <TransInfo Description="Cave Entrance To Large Dirt" HashKey="0712FF1212FF121214">
    <MapTiles>
      <MapTile TileID="230" AltIDMod="42" />
    </MapTiles>
    <StaticTiles />
  </TransInfo>
  <TransInfo Description="Cave Entrance To Large Dirt" HashKey="120707120707FF0707">
    <MapTiles>
      <MapTile TileID="113" AltIDMod="0" />
      <MapTile TileID="114" AltIDMod="0" />
      <MapTile TileID="115" AltIDMod="0" />
      <MapTile TileID="116" AltIDMod="0" />
    </MapTiles>
    <StaticTiles />
  </TransInfo>
  <TransInfo Description="Cave Entrance To Large Dirt" HashKey="070707FF1212FF1212">
    <MapTiles>
      <MapTile TileID="231" AltIDMod="23" />
    </MapTiles>
    <StaticTiles />
  </TransInfo>
  <TransInfo Description="Cave Entrance To Large Dirt" HashKey="1212FF1212FF070707">
    <MapTiles>
      <MapTile TileID="229" AltIDMod="23" />
    </MapTiles>
    <StaticTiles />
  </TransInfo>
  <TransInfo Description="Cave Entrance To Large Dirt" HashKey="070707070712FF1212">
    <MapTiles>
      <MapTile TileID="113" AltIDMod="0" />
      <MapTile TileID="114" AltIDMod="0" />
      <MapTile TileID="115" AltIDMod="0" />
      <MapTile TileID="116" AltIDMod="0" />
    </MapTiles>
    <StaticTiles />
  </TransInfo>
  <TransInfo Description="Cave Entrance To Large Dirt" HashKey="0707070707071212FF">
    <MapTiles>
      <MapTile TileID="113" AltIDMod="0" />
      <MapTile TileID="114" AltIDMod="0" />
      <MapTile TileID="115" AltIDMod="0" />
      <MapTile TileID="116" AltIDMod="0" />
    </MapTiles>
    <StaticTiles />
  </TransInfo>
  <TransInfo Description="Cave Entrance To Large Dirt" HashKey="070712070712FF1212">
    <MapTiles>
      <MapTile TileID="113" AltIDMod="0" />
      <MapTile TileID="114" AltIDMod="0" />
      <MapTile TileID="115" AltIDMod="0" />
      <MapTile TileID="116" AltIDMod="0" />
    </MapTiles>
    <StaticTiles />
  </TransInfo>
  <TransInfo Description="Cave Entrance To Large Dirt" HashKey="0707FF0707FF070712">
    <MapTiles>
      <MapTile TileID="486" AltIDMod="0" />
    </MapTiles>
    <StaticTiles />
  </TransInfo>
  <TransInfo Description="Cave Entrance To Large Dirt" HashKey="07FFFF121214121214">
    <MapTiles>
      <MapTile TileID="556" AltIDMod="23" />
      <MapTile TileID="557" AltIDMod="23" />
      <MapTile TileID="558" AltIDMod="23" />
      <MapTile TileID="559" AltIDMod="23" />
    </MapTiles>
    <StaticTiles />
  </TransInfo>
  <TransInfo Description="Cave Entrance To Large Dirt" HashKey="07FFFF121214121212">
    <MapTiles>
      <MapTile TileID="556" AltIDMod="23" />
      <MapTile TileID="557" AltIDMod="23" />
      <MapTile TileID="558" AltIDMod="23" />
      <MapTile TileID="559" AltIDMod="23" />
    </MapTiles>
    <StaticTiles />
  </TransInfo>
  <TransInfo Description="Cave Entrance To Large Dirt" HashKey="FFFF07121207121212">
    <MapTiles>
      <MapTile TileID="228" AltIDMod="23" />
    </MapTiles>
    <StaticTiles />
  </TransInfo>
  <TransInfo Description="Cave Entrance To Large Dirt" HashKey="0707070707120707FF">
    <MapTiles>
      <MapTile TileID="113" AltIDMod="0" />
      <MapTile TileID="114" AltIDMod="0" />
      <MapTile TileID="115" AltIDMod="0" />
      <MapTile TileID="116" AltIDMod="0" />
    </MapTiles>
    <StaticTiles />
  </TransInfo>
  <TransInfo Description="Cave Entrance To Large Dirt" HashKey="07FFFF07FFFF07FFFF">
    <MapTiles>
      <MapTile TileID="475" AltIDMod="20" />
    </MapTiles>
    <StaticTiles>
      <StaticTile TileID="1339" AltIDMod="0" />
      <StaticTile TileID="1340" AltIDMod="0" />
      <StaticTile TileID="1341" AltIDMod="0" />
      <StaticTile TileID="1342" AltIDMod="0" />
      <StaticTile TileID="1343" AltIDMod="0" />
    </StaticTiles>
  </TransInfo>
  <TransInfo Description="Cave Entrance To Large Dirt" HashKey="07070712FFFF12FFFF">
    <MapTiles>
      <MapTile TileID="474" AltIDMod="20" />
    </MapTiles>
    <StaticTiles>
      <StaticTile TileID="1354" AltIDMod="0" />
      <StaticTile TileID="1355" AltIDMod="0" />
      <StaticTile TileID="1356" AltIDMod="0" />
    </StaticTiles>
  </TransInfo>
  <TransInfo Description="Cave Entrance To Large Dirt" HashKey="070712FF1212FF1412">
    <MapTiles>
      <MapTile TileID="231" AltIDMod="23" />
    </MapTiles>
    <StaticTiles />
  </TransInfo>
  <TransInfo Description="Cave Entrance To Large Dirt" HashKey="FF0707120707120707">
    <MapTiles>
      <MapTile TileID="113" AltIDMod="0" />
      <MapTile TileID="114" AltIDMod="0" />
      <MapTile TileID="115" AltIDMod="0" />
      <MapTile TileID="116" AltIDMod="0" />
    </MapTiles>
    <StaticTiles />
  </TransInfo>
  <TransInfo Description="Cave Entrance To Large Dirt" HashKey="070707120707FF0707">
    <MapTiles>
      <MapTile TileID="113" AltIDMod="0" />
      <MapTile TileID="114" AltIDMod="0" />
      <MapTile TileID="115" AltIDMod="0" />
      <MapTile TileID="116" AltIDMod="0" />
    </MapTiles>
    <StaticTiles />
  </TransInfo>
  <TransInfo Description="Cave Entrance To Large Dirt" HashKey="0707071212071212FF">
    <MapTiles>
      <MapTile TileID="226" AltIDMod="5" />
    </MapTiles>
    <StaticTiles />
  </TransInfo>
  <TransInfo Description="Cave Entrance To Large Dirt" HashKey="1212120707FF0707FF">
    <MapTiles>
      <MapTile TileID="485" AltIDMod="0" />
    </MapTiles>
    <StaticTiles />
  </TransInfo>
  <TransInfo Description="Cave Entrance To Large Dirt" HashKey="FFFF07141212141212">
    <MapTiles>
      <MapTile TileID="556" AltIDMod="23" />
      <MapTile TileID="557" AltIDMod="23" />
      <MapTile TileID="558" AltIDMod="23" />
      <MapTile TileID="559" AltIDMod="23" />
    </MapTiles>
    <StaticTiles />
  </TransInfo>
  <TransInfo Description="Cave Entrance To Large Dirt" HashKey="FFFF07121207121207">
    <MapTiles>
      <MapTile TileID="228" AltIDMod="23" />
    </MapTiles>
    <StaticTiles />
  </TransInfo>
  <TransInfo Description="Cave Entrance To Large Dirt" HashKey="070707FFFFFFFFFFFF">
    <MapTiles>
      <MapTile TileID="475" AltIDMod="20" />
    </MapTiles>
    <StaticTiles>
      <StaticTile TileID="1339" AltIDMod="0" />
      <StaticTile TileID="1340" AltIDMod="0" />
      <StaticTile TileID="1341" AltIDMod="0" />
      <StaticTile TileID="1342" AltIDMod="0" />
      <StaticTile TileID="1343" AltIDMod="0" />
    </StaticTiles>
  </TransInfo>
  <TransInfo Description="Cave Entrance To Large Dirt" HashKey="121212FFFF07FFFF07">
    <MapTiles>
      <MapTile TileID="468" AltIDMod="20" />
    </MapTiles>
    <StaticTiles>
      <StaticTile TileID="1357" AltIDMod="0" />
      <StaticTile TileID="1358" AltIDMod="0" />
      <StaticTile TileID="1359" AltIDMod="0" />
    </StaticTiles>
  </TransInfo>
  <TransInfo Description="Cave Entrance To Large Dirt" HashKey="1212121212120707FF">
    <MapTiles>
      <MapTile TileID="229" AltIDMod="5" />
    </MapTiles>
    <StaticTiles />
  </TransInfo>
  <TransInfo Description="Cave Entrance To Large Dirt" HashKey="FF0707121207121212">
    <MapTiles>
      <MapTile TileID="226" AltIDMod="5" />
    </MapTiles>
    <StaticTiles />
  </TransInfo>
  <TransInfo Description="Cave Entrance To Large Dirt" HashKey="FF1212070712070707">
    <MapTiles>
      <MapTile TileID="113" AltIDMod="0" />
      <MapTile TileID="114" AltIDMod="0" />
      <MapTile TileID="115" AltIDMod="0" />
      <MapTile TileID="116" AltIDMod="0" />
    </MapTiles>
    <StaticTiles />
  </TransInfo>
  <TransInfo Description="Cave Entrance To Large Dirt" HashKey="121207FF0707FF0707">
    <MapTiles>
      <MapTile TileID="487" AltIDMod="0" />
    </MapTiles>
    <StaticTiles />
  </TransInfo>
  <TransInfo Description="Cave Entrance To Large Dirt" HashKey="070712FF1212FF1414">
    <MapTiles>
      <MapTile TileID="231" AltIDMod="23" />
    </MapTiles>
    <StaticTiles />
  </TransInfo>
  <TransInfo Description="Cave Entrance To Large Dirt" HashKey="FF0707121212121212">
    <MapTiles>
      <MapTile TileID="231" AltIDMod="5" />
    </MapTiles>
    <StaticTiles />
  </TransInfo>
  <TransInfo Description="Cave Entrance To Large Dirt" HashKey="14FFFF12FFFF070707">
    <MapTiles>
      <MapTile TileID="474" AltIDMod="20" />
    </MapTiles>
    <StaticTiles>
      <StaticTile TileID="1354" AltIDMod="0" />
      <StaticTile TileID="1355" AltIDMod="0" />
      <StaticTile TileID="1356" AltIDMod="0" />
    </StaticTiles>
  </TransInfo>
  <TransInfo Description="Cave Entrance To Large Dirt" HashKey="07121207121207FFFF">
    <MapTiles>
      <MapTile TileID="230" AltIDMod="23" />
    </MapTiles>
    <StaticTiles />
  </TransInfo>
  <TransInfo Description="Cave Entrance To Large Dirt" HashKey="FF1212FF1212070712">
    <MapTiles>
      <MapTile TileID="228" AltIDMod="23" />
    </MapTiles>
    <StaticTiles />
  </TransInfo>
  <TransInfo Description="Cave Entrance To Large Dirt" HashKey="FFFF14FFFF12070712">
    <MapTiles>
      <MapTile TileID="470" AltIDMod="20" />
    </MapTiles>
    <StaticTiles>
      <StaticTile TileID="1348" AltIDMod="0" />
      <StaticTile TileID="1349" AltIDMod="0" />
      <StaticTile TileID="1350" AltIDMod="0" />
    </StaticTiles>
  </TransInfo>
  <TransInfo Description="Cave Entrance To Large Dirt" HashKey="1207071212FF1214FF">
    <MapTiles>
      <MapTile TileID="230" AltIDMod="23" />
    </MapTiles>
    <StaticTiles />
  </TransInfo>
  <TransInfo Description="Cave Entrance To Large Dirt" HashKey="07FFFF07FFFF121214">
    <MapTiles>
      <MapTile TileID="472" AltIDMod="20" />
    </MapTiles>
    <StaticTiles>
      <StaticTile TileID="1345" AltIDMod="0" />
      <StaticTile TileID="1346" AltIDMod="0" />
      <StaticTile TileID="1347" AltIDMod="0" />
    </StaticTiles>
  </TransInfo>
  <TransInfo Description="Cave Entrance To Large Dirt" HashKey="1214FF1212FF070707">
    <MapTiles>
      <MapTile TileID="229" AltIDMod="23" />
    </MapTiles>
    <StaticTiles />
  </TransInfo>
  <TransInfo Description="Cave Entrance To Large Dirt" HashKey="0707FF0707FF0707FF">
    <MapTiles>
      <MapTile TileID="478" AltIDMod="0" />
    </MapTiles>
    <StaticTiles />
  </TransInfo>
  <TransInfo Description="Cave Entrance To Large Dirt" HashKey="141412FF1212FF1207">
    <MapTiles>
      <MapTile TileID="228" AltIDMod="42" />
    </MapTiles>
    <StaticTiles />
  </TransInfo>
  <TransInfo Description="Cave Entrance To Large Dirt" HashKey="FF1412FF1212071212">
    <MapTiles>
      <MapTile TileID="556" AltIDMod="23" />
      <MapTile TileID="557" AltIDMod="23" />
      <MapTile TileID="558" AltIDMod="23" />
      <MapTile TileID="559" AltIDMod="23" />
    </MapTiles>
    <StaticTiles />
  </TransInfo>
  <TransInfo Description="Cave Entrance To Large Dirt" HashKey="1414FF1212FF120707">
    <MapTiles>
      <MapTile TileID="229" AltIDMod="23" />
    </MapTiles>
    <StaticTiles />
  </TransInfo>
  <TransInfo Description="Cave Entrance To Large Dirt" HashKey="141212FF1212FF1207">
    <MapTiles>
      <MapTile TileID="228" AltIDMod="42" />
    </MapTiles>
    <StaticTiles />
  </TransInfo>
  <TransInfo Description="Cave Entrance To Large Dirt" HashKey="121212121212FFFF07">
    <MapTiles>
      <MapTile TileID="556" AltIDMod="23" />
      <MapTile TileID="557" AltIDMod="23" />
      <MapTile TileID="558" AltIDMod="23" />
      <MapTile TileID="559" AltIDMod="23" />
    </MapTiles>
    <StaticTiles />
  </TransInfo>
  <TransInfo Description="Cave Entrance To Large Dirt" HashKey="FF0707121207121207">
    <MapTiles>
      <MapTile TileID="226" AltIDMod="5" />
    </MapTiles>
    <StaticTiles />
  </TransInfo>
  <TransInfo Description="Cave Entrance To Large Dirt" HashKey="FFFF07FFFF07FFFF07">
    <MapTiles>
      <MapTile TileID="475" AltIDMod="20" />
    </MapTiles>
    <StaticTiles>
      <StaticTile TileID="1339" AltIDMod="0" />
      <StaticTile TileID="1340" AltIDMod="0" />
      <StaticTile TileID="1341" AltIDMod="0" />
      <StaticTile TileID="1342" AltIDMod="0" />
      <StaticTile TileID="1343" AltIDMod="0" />
    </StaticTiles>
  </TransInfo>
  <TransInfo Description="Cave Entrance To Large Dirt" HashKey="FF1212070712070712">
    <MapTiles>
      <MapTile TileID="113" AltIDMod="0" />
      <MapTile TileID="114" AltIDMod="0" />
      <MapTile TileID="115" AltIDMod="0" />
      <MapTile TileID="116" AltIDMod="0" />
    </MapTiles>
    <StaticTiles />
  </TransInfo>
  <TransInfo Description="Cave Entrance To Large Dirt" HashKey="121207121207FF0707">
    <MapTiles>
      <MapTile TileID="227" AltIDMod="5" />
    </MapTiles>
    <StaticTiles />
  </TransInfo>
  <TransInfo Description="Cave Entrance To Large Dirt" HashKey="FFFF14FFFF12070707">
    <MapTiles>
      <MapTile TileID="470" AltIDMod="20" />
    </MapTiles>
    <StaticTiles>
      <StaticTile TileID="1348" AltIDMod="0" />
      <StaticTile TileID="1349" AltIDMod="0" />
      <StaticTile TileID="1350" AltIDMod="0" />
    </StaticTiles>
  </TransInfo>
  <TransInfo Description="Cave Entrance To Large Dirt" HashKey="12121207FFFF07FFFF">
    <MapTiles>
      <MapTile TileID="468" AltIDMod="20" />
    </MapTiles>
    <StaticTiles>
      <StaticTile TileID="1357" AltIDMod="0" />
      <StaticTile TileID="1358" AltIDMod="0" />
      <StaticTile TileID="1359" AltIDMod="0" />
    </StaticTiles>
  </TransInfo>
  <TransInfo Description="Cave Entrance To Large Dirt" HashKey="FF1212FF1212070707">
    <MapTiles>
      <MapTile TileID="228" AltIDMod="23" />
    </MapTiles>
    <StaticTiles />
  </TransInfo>
  <TransInfo Description="Cave Entrance To Large Dirt" HashKey="121212121207FFFF07">
    <MapTiles>
      <MapTile TileID="231" AltIDMod="23" />
    </MapTiles>
    <StaticTiles />
  </TransInfo>
  <TransInfo Description="Cave Entrance To Large Dirt" HashKey="1214141212FF0712FF">
    <MapTiles>
      <MapTile TileID="229" AltIDMod="42" />
    </MapTiles>
    <StaticTiles />
  </TransInfo>
  <TransInfo Description="Cave Entrance To Large Dirt" HashKey="1212FF121207120707">
    <MapTiles>
      <MapTile TileID="227" AltIDMod="5" />
    </MapTiles>
    <StaticTiles />
  </TransInfo>
  <TransInfo Description="Cave Entrance To Large Dirt" HashKey="141207FFFF07FFFF07">
    <MapTiles>
      <MapTile TileID="468" AltIDMod="20" />
    </MapTiles>
    <StaticTiles>
      <StaticTile TileID="1357" AltIDMod="0" />
      <StaticTile TileID="1358" AltIDMod="0" />
      <StaticTile TileID="1359" AltIDMod="0" />
    </StaticTiles>
  </TransInfo>
  <TransInfo Description="Cave Entrance To Large Dirt" HashKey="FF1212071212071212">
    <MapTiles>
      <MapTile TileID="229" AltIDMod="5" />
    </MapTiles>
    <StaticTiles />
  </TransInfo>
  <TransInfo Description="Cave Entrance To Large Dirt" HashKey="071212121214FFFF14">
    <MapTiles>
      <MapTile TileID="230" AltIDMod="42" />
    </MapTiles>
    <StaticTiles />
  </TransInfo>
  <TransInfo Description="Cave Entrance To Large Dirt" HashKey="1207071212FF1212FF">
    <MapTiles>
      <MapTile TileID="230" AltIDMod="23" />
    </MapTiles>
    <StaticTiles />
  </TransInfo>
  <TransInfo Description="Cave Entrance To Large Dirt" HashKey="1214FF1212FF121207">
    <MapTiles>
      <MapTile TileID="556" AltIDMod="23" />
      <MapTile TileID="557" AltIDMod="23" />
      <MapTile TileID="558" AltIDMod="23" />
      <MapTile TileID="559" AltIDMod="23" />
    </MapTiles>
    <StaticTiles />
  </TransInfo>
  <TransInfo Description="Cave Entrance To Large Dirt" HashKey="FFFFFFFFFFFF070707">
    <MapTiles>
      <MapTile TileID="475" AltIDMod="20" />
    </MapTiles>
    <StaticTiles>
      <StaticTile TileID="1339" AltIDMod="0" />
      <StaticTile TileID="1340" AltIDMod="0" />
      <StaticTile TileID="1341" AltIDMod="0" />
      <StaticTile TileID="1342" AltIDMod="0" />
      <StaticTile TileID="1343" AltIDMod="0" />
    </StaticTiles>
  </TransInfo>
  <TransInfo Description="Cave Entrance To Large Dirt" HashKey="12FFFF070707070707">
    <MapTiles>
      <MapTile TileID="486" AltIDMod="0" />
    </MapTiles>
    <StaticTiles />
  </TransInfo>
  <TransInfo Description="Cave Entrance To Large Dirt" HashKey="121207FFFF07FFFF07">
    <MapTiles>
      <MapTile TileID="468" AltIDMod="20" />
    </MapTiles>
    <StaticTiles>
      <StaticTile TileID="1357" AltIDMod="0" />
      <StaticTile TileID="1358" AltIDMod="0" />
      <StaticTile TileID="1359" AltIDMod="0" />
    </StaticTiles>
  </TransInfo>
  <TransInfo Description="Cave Entrance To Large Dirt" HashKey="FFFF07FFFF07121212">
    <MapTiles>
      <MapTile TileID="472" AltIDMod="20" />
    </MapTiles>
    <StaticTiles>
      <StaticTile TileID="1345" AltIDMod="0" />
      <StaticTile TileID="1346" AltIDMod="0" />
      <StaticTile TileID="1347" AltIDMod="0" />
    </StaticTiles>
  </TransInfo>
  <TransInfo Description="Cave Entrance To Large Dirt" HashKey="070707071212FF1212">
    <MapTiles>
      <MapTile TileID="225" AltIDMod="5" />
    </MapTiles>
    <StaticTiles />
  </TransInfo>
  <TransInfo Description="Cave Entrance To Large Dirt" HashKey="070707FF1212FF1414">
    <MapTiles>
      <MapTile TileID="231" AltIDMod="23" />
    </MapTiles>
    <StaticTiles />
  </TransInfo>
  <TransInfo Description="Cave Entrance To Large Dirt" HashKey="0707FF070712071212">
    <MapTiles>
      <MapTile TileID="113" AltIDMod="0" />
      <MapTile TileID="114" AltIDMod="0" />
      <MapTile TileID="115" AltIDMod="0" />
      <MapTile TileID="116" AltIDMod="0" />
    </MapTiles>
    <StaticTiles />
  </TransInfo>
  <TransInfo Description="Cave Entrance To Large Dirt" HashKey="070707FF1212FF1412">
    <MapTiles>
      <MapTile TileID="231" AltIDMod="23" />
    </MapTiles>
    <StaticTiles />
  </TransInfo>
  <TransInfo Description="Cave Entrance To Large Dirt" HashKey="0707FF070712070712">
    <MapTiles>
      <MapTile TileID="113" AltIDMod="0" />
      <MapTile TileID="114" AltIDMod="0" />
      <MapTile TileID="115" AltIDMod="0" />
      <MapTile TileID="116" AltIDMod="0" />
    </MapTiles>
    <StaticTiles />
  </TransInfo>
  <TransInfo Description="Cave Entrance To Large Dirt" HashKey="1212141212FF0712FF">
    <MapTiles>
      <MapTile TileID="229" AltIDMod="42" />
    </MapTiles>
    <StaticTiles />
  </TransInfo>
  <TransInfo Description="Cave Entrance To Large Dirt" HashKey="0712FF1212FF141414">
    <MapTiles>
      <MapTile TileID="230" AltIDMod="42" />
    </MapTiles>
    <StaticTiles />
  </TransInfo>
  <TransInfo Description="Cave Entrance To Large Dirt" HashKey="1212FF070707070707">
    <MapTiles>
      <MapTile TileID="113" AltIDMod="0" />
      <MapTile TileID="114" AltIDMod="0" />
      <MapTile TileID="115" AltIDMod="0" />
      <MapTile TileID="116" AltIDMod="0" />
    </MapTiles>
    <StaticTiles />
  </TransInfo>
  <TransInfo Description="Cave Entrance To Large Dirt" HashKey="FFFF07121207120707">
    <MapTiles>
      <MapTile TileID="1783" AltIDMod="23" />
    </MapTiles>
    <StaticTiles />
  </TransInfo>
  <TransInfo Description="Cave Entrance To Large Dirt" HashKey="07070712FFFF14FFFF">
    <MapTiles>
      <MapTile TileID="474" AltIDMod="20" />
    </MapTiles>
    <StaticTiles>
      <StaticTile TileID="1354" AltIDMod="0" />
      <StaticTile TileID="1355" AltIDMod="0" />
      <StaticTile TileID="1356" AltIDMod="0" />
    </StaticTiles>
  </TransInfo>
  <TransInfo Description="Cave Entrance To Large Dirt" HashKey="071212FF1212FF1414">
    <MapTiles>
      <MapTile TileID="556" AltIDMod="23" />
      <MapTile TileID="557" AltIDMod="23" />
      <MapTile TileID="558" AltIDMod="23" />
      <MapTile TileID="559" AltIDMod="23" />
    </MapTiles>
    <StaticTiles />
  </TransInfo>
  <TransInfo Description="Cave Entrance To Large Dirt" HashKey="071212FF1212FF1412">
    <MapTiles>
      <MapTile TileID="556" AltIDMod="23" />
      <MapTile TileID="557" AltIDMod="23" />
      <MapTile TileID="558" AltIDMod="23" />
      <MapTile TileID="559" AltIDMod="23" />
    </MapTiles>
    <StaticTiles />
  </TransInfo>
  <TransInfo Description="Cave Entrance To Large Dirt" HashKey="0707FF071212071212">
    <MapTiles>
      <MapTile TileID="225" AltIDMod="5" />
    </MapTiles>
    <StaticTiles />
  </TransInfo>
  <TransInfo Description="Cave Entrance To Large Dirt" HashKey="0707FF0707FF071212">
    <MapTiles>
      <MapTile TileID="486" AltIDMod="0" />
    </MapTiles>
    <StaticTiles />
  </TransInfo>
  <TransInfo Description="Cave Entrance To Large Dirt" HashKey="0712120707FF0707FF">
    <MapTiles>
      <MapTile TileID="485" AltIDMod="0" />
    </MapTiles>
    <StaticTiles />
  </TransInfo>
  <TransInfo Description="Cave Entrance To Large Dirt" HashKey="FFFF07FFFF07121207">
    <MapTiles>
      <MapTile TileID="472" AltIDMod="20" />
    </MapTiles>
    <StaticTiles>
      <StaticTile TileID="1345" AltIDMod="0" />
      <StaticTile TileID="1346" AltIDMod="0" />
      <StaticTile TileID="1347" AltIDMod="0" />
    </StaticTiles>
  </TransInfo>
  <TransInfo Description="Cave Entrance To Large Dirt" HashKey="07FFFF071212121212">
    <MapTiles>
      <MapTile TileID="229" AltIDMod="23" />
    </MapTiles>
    <StaticTiles />
  </TransInfo>
  <TransInfo Description="Cave Entrance To Large Dirt" HashKey="07070712070712FFFF">
    <MapTiles>
      <MapTile TileID="485" AltIDMod="0" />
    </MapTiles>
    <StaticTiles />
  </TransInfo>
  <TransInfo Description="Cave Entrance To Large Dirt" HashKey="12121212121207FFFF">
    <MapTiles>
      <MapTile TileID="556" AltIDMod="23" />
      <MapTile TileID="557" AltIDMod="23" />
      <MapTile TileID="558" AltIDMod="23" />
      <MapTile TileID="559" AltIDMod="23" />
    </MapTiles>
    <StaticTiles />
  </TransInfo>
  <TransInfo Description="Cave Entrance To Large Dirt" HashKey="1207071212FF1414FF">
    <MapTiles>
      <MapTile TileID="230" AltIDMod="23" />
    </MapTiles>
    <StaticTiles />
  </TransInfo>
  <TransInfo Description="Cave Entrance To Large Dirt" HashKey="121212120707FF0707">
    <MapTiles>
      <MapTile TileID="113" AltIDMod="0" />
      <MapTile TileID="114" AltIDMod="0" />
      <MapTile TileID="115" AltIDMod="0" />
      <MapTile TileID="116" AltIDMod="0" />
    </MapTiles>
    <StaticTiles />
  </TransInfo>
  <TransInfo Description="Cave Entrance To Large Dirt" HashKey="1212071212FF1414FF">
    <MapTiles>
      <MapTile TileID="556" AltIDMod="23" />
      <MapTile TileID="557" AltIDMod="23" />
      <MapTile TileID="558" AltIDMod="23" />
      <MapTile TileID="559" AltIDMod="23" />
    </MapTiles>
    <StaticTiles />
  </TransInfo>
  <TransInfo Description="Cave Entrance To Large Dirt" HashKey="07FFFF071212070712">
    <MapTiles>
      <MapTile TileID="1779" AltIDMod="23" />
    </MapTiles>
    <StaticTiles />
  </TransInfo>
  <TransInfo Description="Cave Entrance To Large Dirt" HashKey="121207120707FF0707">
    <MapTiles>
      <MapTile TileID="113" AltIDMod="0" />
      <MapTile TileID="114" AltIDMod="0" />
      <MapTile TileID="115" AltIDMod="0" />
      <MapTile TileID="116" AltIDMod="0" />
    </MapTiles>
    <StaticTiles />
  </TransInfo>
  <TransInfo Description="Cave Entrance To Large Dirt" HashKey="07FFFF071214121214">
    <MapTiles>
      <MapTile TileID="229" AltIDMod="23" />
    </MapTiles>
    <StaticTiles />
  </TransInfo>
  <TransInfo Description="Cave Entrance To Large Dirt" HashKey="0712FF070707070707">
    <MapTiles>
      <MapTile TileID="113" AltIDMod="0" />
      <MapTile TileID="114" AltIDMod="0" />
      <MapTile TileID="115" AltIDMod="0" />
      <MapTile TileID="116" AltIDMod="0" />
    </MapTiles>
    <StaticTiles />
  </TransInfo>
  <TransInfo Description="Cave Entrance To Large Dirt" HashKey="1212120707120707FF">
    <MapTiles>
      <MapTile TileID="113" AltIDMod="0" />
      <MapTile TileID="114" AltIDMod="0" />
      <MapTile TileID="115" AltIDMod="0" />
      <MapTile TileID="116" AltIDMod="0" />
    </MapTiles>
    <StaticTiles />
  </TransInfo>
  <TransInfo Description="Cave Entrance To Large Dirt" HashKey="07FFFF071214121212">
    <MapTiles>
      <MapTile TileID="229" AltIDMod="23" />
    </MapTiles>
    <StaticTiles />
  </TransInfo>
  <TransInfo Description="Cave Entrance To Large Dirt" HashKey="12121207121207FFFF">
    <MapTiles>
      <MapTile TileID="230" AltIDMod="23" />
    </MapTiles>
    <StaticTiles />
  </TransInfo>
  <TransInfo Description="Cave Entrance To Large Dirt" HashKey="12120712121214FFFF">
    <MapTiles>
      <MapTile TileID="231" AltIDMod="42" />
    </MapTiles>
    <StaticTiles />
  </TransInfo>
  <TransInfo Description="Cave Entrance To Large Dirt" HashKey="0707071207071212FF">
    <MapTiles>
      <MapTile TileID="113" AltIDMod="0" />
      <MapTile TileID="114" AltIDMod="0" />
      <MapTile TileID="115" AltIDMod="0" />
      <MapTile TileID="116" AltIDMod="0" />
    </MapTiles>
    <StaticTiles />
  </TransInfo>
  <TransInfo Description="Cave Entrance To Large Dirt" HashKey="141207141207FFFF07">
    <MapTiles>
      <MapTile TileID="231" AltIDMod="23" />
    </MapTiles>
    <StaticTiles />
  </TransInfo>
  <TransInfo Description="Cave Entrance To Large Dirt" HashKey="121207121207FFFF07">
    <MapTiles>
      <MapTile TileID="231" AltIDMod="23" />
    </MapTiles>
    <StaticTiles />
  </TransInfo>
  <TransInfo Description="Cave Entrance To Large Dirt" HashKey="07FFFF121212121212">
    <MapTiles>
      <MapTile TileID="556" AltIDMod="23" />
      <MapTile TileID="557" AltIDMod="23" />
      <MapTile TileID="558" AltIDMod="23" />
      <MapTile TileID="559" AltIDMod="23" />
    </MapTiles>
    <StaticTiles />
  </TransInfo>
  <TransInfo Description="Cave Entrance To Large Dirt" HashKey="FFFF07FFFF07141212">
    <MapTiles>
      <MapTile TileID="472" AltIDMod="20" />
    </MapTiles>
    <StaticTiles>
      <StaticTile TileID="1345" AltIDMod="0" />
      <StaticTile TileID="1346" AltIDMod="0" />
      <StaticTile TileID="1347" AltIDMod="0" />
    </StaticTiles>
  </TransInfo>
  <TransInfo Description="Cave Entrance To Large Dirt" HashKey="121212121212FF0707">
    <MapTiles>
      <MapTile TileID="228" AltIDMod="5" />
    </MapTiles>
    <StaticTiles />
  </TransInfo>
  <TransInfo Description="Cave Entrance To Large Dirt" HashKey="07121407121407FFFF">
    <MapTiles>
      <MapTile TileID="230" AltIDMod="23" />
    </MapTiles>
    <StaticTiles />
  </TransInfo>
  <TransInfo Description="Cave Entrance To Large Dirt" HashKey="121212141207FFFF07">
    <MapTiles>
      <MapTile TileID="231" AltIDMod="23" />
    </MapTiles>
    <StaticTiles />
  </TransInfo>
  <TransInfo Description="Cave Entrance To Large Dirt" HashKey="07121207121407FFFF">
    <MapTiles>
      <MapTile TileID="230" AltIDMod="23" />
    </MapTiles>
    <StaticTiles />
  </TransInfo>
  <TransInfo Description="Cave Entrance To Large Dirt" HashKey="1212071212FF1212FF">
    <MapTiles>
      <MapTile TileID="556" AltIDMod="23" />
      <MapTile TileID="557" AltIDMod="23" />
      <MapTile TileID="558" AltIDMod="23" />
      <MapTile TileID="559" AltIDMod="23" />
    </MapTiles>
    <StaticTiles />
  </TransInfo>
  <TransInfo Description="Cave Entrance To Large Dirt" HashKey="070712071212FF1212">
    <MapTiles>
      <MapTile TileID="225" AltIDMod="5" />
    </MapTiles>
    <StaticTiles />
  </TransInfo>
  <TransInfo Description="Cave Entrance To Large Dirt" HashKey="FFFF07FFFF07141207">
    <MapTiles>
      <MapTile TileID="472" AltIDMod="20" />
    </MapTiles>
    <StaticTiles>
      <StaticTile TileID="1345" AltIDMod="0" />
      <StaticTile TileID="1346" AltIDMod="0" />
      <StaticTile TileID="1347" AltIDMod="0" />
    </StaticTiles>
  </TransInfo>
  <TransInfo Description="Cave Entrance To Large Dirt" HashKey="FF1212071212070712">
    <MapTiles>
      <MapTile TileID="224" AltIDMod="5" />
    </MapTiles>
    <StaticTiles />
  </TransInfo>
  <TransInfo Description="Cave Entrance To Large Dirt" HashKey="1414FF1212FF070707">
    <MapTiles>
      <MapTile TileID="229" AltIDMod="23" />
    </MapTiles>
    <StaticTiles />
  </TransInfo>
  <TransInfo Description="Cave Entrance To Large Dirt" HashKey="FFFF07141207141212">
    <MapTiles>
      <MapTile TileID="228" AltIDMod="23" />
    </MapTiles>
    <StaticTiles />
  </TransInfo>
  <TransInfo Description="Cave Entrance To Large Dirt" HashKey="1212FF1212FF121207">
    <MapTiles>
      <MapTile TileID="556" AltIDMod="23" />
      <MapTile TileID="557" AltIDMod="23" />
      <MapTile TileID="558" AltIDMod="23" />
      <MapTile TileID="559" AltIDMod="23" />
    </MapTiles>
    <StaticTiles />
  </TransInfo>
  <TransInfo Description="Cave Entrance To Large Dirt" HashKey="14120714121214FFFF">
    <MapTiles>
      <MapTile TileID="231" AltIDMod="42" />
    </MapTiles>
    <StaticTiles />
  </TransInfo>
  <TransInfo Description="Cave Entrance To Large Dirt" HashKey="1212120712120707FF">
    <MapTiles>
      <MapTile TileID="224" AltIDMod="5" />
    </MapTiles>
    <StaticTiles />
  </TransInfo>
  <TransInfo Description="Cave Entrance To Large Dirt" HashKey="1212071212FF1214FF">
    <MapTiles>
      <MapTile TileID="556" AltIDMod="23" />
      <MapTile TileID="557" AltIDMod="23" />
      <MapTile TileID="558" AltIDMod="23" />
      <MapTile TileID="559" AltIDMod="23" />
    </MapTiles>
    <StaticTiles />
  </TransInfo>
  <TransInfo Description="Cave Entrance To Large Dirt" HashKey="0707FF0707FF121212">
    <MapTiles>
      <MapTile TileID="486" AltIDMod="0" />
    </MapTiles>
    <StaticTiles />
  </TransInfo>
  <TransInfo Description="Cave Entrance To Large Dirt" HashKey="1212FF120707120707">
    <MapTiles>
      <MapTile TileID="113" AltIDMod="0" />
      <MapTile TileID="114" AltIDMod="0" />
      <MapTile TileID="115" AltIDMod="0" />
      <MapTile TileID="116" AltIDMod="0" />
    </MapTiles>
    <StaticTiles />
  </TransInfo>
  <TransInfo Description="Cave Entrance To Large Dirt" HashKey="FF1414FF1212070712">
    <MapTiles>
      <MapTile TileID="228" AltIDMod="23" />
    </MapTiles>
    <StaticTiles />
  </TransInfo>
  <TransInfo Description="Cave Entrance To Large Dirt" HashKey="0712FF1212FF121414">
    <MapTiles>
      <MapTile TileID="230" AltIDMod="42" />
    </MapTiles>
    <StaticTiles />
  </TransInfo>
  <TransInfo Description="Cave Entrance To Large Dirt" HashKey="FF1212070707070707">
    <MapTiles>
      <MapTile TileID="113" AltIDMod="0" />
      <MapTile TileID="114" AltIDMod="0" />
      <MapTile TileID="115" AltIDMod="0" />
      <MapTile TileID="116" AltIDMod="0" />
    </MapTiles>
    <StaticTiles />
  </TransInfo>
  <TransInfo Description="Cave Entrance To Large Dirt" HashKey="1207071212071212FF">
    <MapTiles>
      <MapTile TileID="226" AltIDMod="5" />
    </MapTiles>
    <StaticTiles />
  </TransInfo>
  <TransInfo Description="Cave Entrance To Large Dirt" HashKey="14FFFF141212121207">
    <MapTiles>
      <MapTile TileID="228" AltIDMod="42" />
    </MapTiles>
    <StaticTiles />
  </TransInfo>
  <TransInfo Description="Cave Entrance To Large Dirt" HashKey="121212121207FF0707">
    <MapTiles>
      <MapTile TileID="227" AltIDMod="5" />
    </MapTiles>
    <StaticTiles />
  </TransInfo>
  <TransInfo Description="Cave Entrance To Large Dirt" HashKey="141414FF1212FF1207">
    <MapTiles>
      <MapTile TileID="228" AltIDMod="42" />
    </MapTiles>
    <StaticTiles />
  </TransInfo>
  <TransInfo Description="Cave Entrance To Large Dirt" HashKey="FFFF07141207141207">
    <MapTiles>
      <MapTile TileID="228" AltIDMod="23" />
    </MapTiles>
    <StaticTiles />
  </TransInfo>
  <TransInfo Description="Cave Entrance To Large Dirt" HashKey="1212FF121207070707">
    <MapTiles>
      <MapTile TileID="227" AltIDMod="5" />
    </MapTiles>
    <StaticTiles />
  </TransInfo>
  <TransInfo Description="Cave Entrance To Large Dirt" HashKey="FF0707FF0707121207">
    <MapTiles>
      <MapTile TileID="484" AltIDMod="0" />
    </MapTiles>
    <StaticTiles />
  </TransInfo>
  <TransInfo Description="Cave Entrance To Large Dirt" HashKey="12121412121407FFFF">
    <MapTiles>
      <MapTile TileID="556" AltIDMod="23" />
      <MapTile TileID="557" AltIDMod="23" />
      <MapTile TileID="558" AltIDMod="23" />
      <MapTile TileID="559" AltIDMod="23" />
    </MapTiles>
    <StaticTiles />
  </TransInfo>
  <TransInfo Description="Cave Entrance To Large Dirt" HashKey="FF1414FF1212070707">
    <MapTiles>
      <MapTile TileID="228" AltIDMod="23" />
    </MapTiles>
    <StaticTiles />
  </TransInfo>
  <TransInfo Description="Cave Entrance To Large Dirt" HashKey="FFFF12070712070712">
    <MapTiles>
      <MapTile TileID="484" AltIDMod="0" />
    </MapTiles>
    <StaticTiles />
  </TransInfo>
  <TransInfo Description="Cave Entrance To Large Dirt" HashKey="FF1212071212070707">
    <MapTiles>
      <MapTile TileID="224" AltIDMod="5" />
    </MapTiles>
    <StaticTiles />
  </TransInfo>
  <TransInfo Description="Cave Entrance To Large Dirt" HashKey="FF1412FF1212070707">
    <MapTiles>
      <MapTile TileID="228" AltIDMod="23" />
    </MapTiles>
    <StaticTiles />
  </TransInfo>
  <TransInfo Description="Cave Entrance To Large Dirt" HashKey="070707070707FFFF12">
    <MapTiles>
      <MapTile TileID="487" AltIDMod="0" />
    </MapTiles>
    <StaticTiles />
  </TransInfo>
  <TransInfo Description="Cave Entrance To Large Dirt" HashKey="14FFFF121212121207">
    <MapTiles>
      <MapTile TileID="228" AltIDMod="42" />
    </MapTiles>
    <StaticTiles />
  </TransInfo>
  <TransInfo Description="Cave Entrance To Large Dirt" HashKey="07121407FFFF07FFFF">
    <MapTiles>
      <MapTile TileID="468" AltIDMod="20" />
    </MapTiles>
    <StaticTiles>
      <StaticTile TileID="1357" AltIDMod="0" />
      <StaticTile TileID="1358" AltIDMod="0" />
      <StaticTile TileID="1359" AltIDMod="0" />
    </StaticTiles>
  </TransInfo>
  <TransInfo Description="Cave Entrance To Large Dirt" HashKey="FFFF07141207121212">
    <MapTiles>
      <MapTile TileID="228" AltIDMod="23" />
    </MapTiles>
    <StaticTiles />
  </TransInfo>
  <TransInfo Description="Cave Entrance To Large Dirt" HashKey="12FFFF120707120707">
    <MapTiles>
      <MapTile TileID="486" AltIDMod="0" />
    </MapTiles>
    <StaticTiles />
  </TransInfo>
  <TransInfo Description="Cave Entrance To Large Dirt" HashKey="FF0707FF0707FF0707">
    <MapTiles>
      <MapTile TileID="477" AltIDMod="0" />
    </MapTiles>
    <StaticTiles />
  </TransInfo>
  <TransInfo Description="Cave Entrance To Large Dirt" HashKey="141212141207FFFF07">
    <MapTiles>
      <MapTile TileID="231" AltIDMod="23" />
    </MapTiles>
    <StaticTiles />
  </TransInfo>
  <TransInfo Description="Cave Entrance To Large Dirt" HashKey="120707FF0707FF0707">
    <MapTiles>
      <MapTile TileID="487" AltIDMod="0" />
    </MapTiles>
    <StaticTiles />
  </TransInfo>
  <TransInfo Description="Cave Entrance To Large Dirt" HashKey="14FFFF141212141207">
    <MapTiles>
      <MapTile TileID="228" AltIDMod="42" />
    </MapTiles>
    <StaticTiles />
  </TransInfo>
  <TransInfo Description="Cave Entrance To Large Dirt" HashKey="FFFFFF070707070707">
    <MapTiles>
      <MapTile TileID="479" AltIDMod="0" />
    </MapTiles>
    <StaticTiles />
  </TransInfo>
  <TransInfo Description="Cave Entrance To Large Dirt" HashKey="FFFF12070712070707">
    <MapTiles>
      <MapTile TileID="484" AltIDMod="0" />
    </MapTiles>
    <StaticTiles />
  </TransInfo>
  <TransInfo Description="Cave Entrance To Large Dirt" HashKey="FFFF07141207121207">
    <MapTiles>
      <MapTile TileID="228" AltIDMod="23" />
    </MapTiles>
    <StaticTiles />
  </TransInfo>
  <TransInfo Description="Cave Entrance To Large Dirt" HashKey="07FFFF07FFFF071212">
    <MapTiles>
      <MapTile TileID="472" AltIDMod="20" />
    </MapTiles>
    <StaticTiles>
      <StaticTile TileID="1345" AltIDMod="0" />
      <StaticTile TileID="1346" AltIDMod="0" />
      <StaticTile TileID="1347" AltIDMod="0" />
    </StaticTiles>
  </TransInfo>
  <TransInfo Description="Cave Entrance To Large Dirt" HashKey="1212FF121207121207">
    <MapTiles>
      <MapTile TileID="228" AltIDMod="5" />
    </MapTiles>
    <StaticTiles />
  </TransInfo>
  <TransInfo Description="Cave Entrance To Large Dirt" HashKey="07FFFF07FFFF071214">
    <MapTiles>
      <MapTile TileID="472" AltIDMod="20" />
    </MapTiles>
    <StaticTiles>
      <StaticTile TileID="1345" AltIDMod="0" />
      <StaticTile TileID="1346" AltIDMod="0" />
      <StaticTile TileID="1347" AltIDMod="0" />
    </StaticTiles>
  </TransInfo>
  <TransInfo Description="Cave Entrance To Large Dirt" HashKey="12070712FFFF12FFFF">
    <MapTiles>
      <MapTile TileID="474" AltIDMod="20" />
    </MapTiles>
    <StaticTiles>
      <StaticTile TileID="1354" AltIDMod="0" />
      <StaticTile TileID="1355" AltIDMod="0" />
      <StaticTile TileID="1356" AltIDMod="0" />
    </StaticTiles>
  </TransInfo>
  <TransInfo Description="Cave Entrance To Large Dirt" HashKey="070707FFFF12FFFF12">
    <MapTiles>
      <MapTile TileID="470" AltIDMod="20" />
    </MapTiles>
    <StaticTiles>
      <StaticTile TileID="1348" AltIDMod="0" />
      <StaticTile TileID="1349" AltIDMod="0" />
      <StaticTile TileID="1350" AltIDMod="0" />
    </StaticTiles>
  </TransInfo>
  <TransInfo Description="Cave Entrance To Large Dirt" HashKey="070707FFFF12FFFF14">
    <MapTiles>
      <MapTile TileID="470" AltIDMod="20" />
    </MapTiles>
    <StaticTiles>
      <StaticTile TileID="1348" AltIDMod="0" />
      <StaticTile TileID="1349" AltIDMod="0" />
      <StaticTile TileID="1350" AltIDMod="0" />
    </StaticTiles>
  </TransInfo>
  <TransInfo Description="Cave Entrance To Large Dirt" HashKey="1212FF0712FF070707">
    <MapTiles>
      <MapTile TileID="1781" AltIDMod="23" />
    </MapTiles>
    <StaticTiles />
  </TransInfo>
  <TransInfo Description="Cave Entrance To Large Dirt" HashKey="12121212121407FFFF">
    <MapTiles>
      <MapTile TileID="556" AltIDMod="23" />
      <MapTile TileID="557" AltIDMod="23" />
      <MapTile TileID="558" AltIDMod="23" />
      <MapTile TileID="559" AltIDMod="23" />
    </MapTiles>
    <StaticTiles />
  </TransInfo>
  <TransInfo Description="Cave Entrance To Large Dirt" HashKey="FF0707120707121207">
    <MapTiles>
      <MapTile TileID="113" AltIDMod="0" />
      <MapTile TileID="114" AltIDMod="0" />
      <MapTile TileID="115" AltIDMod="0" />
      <MapTile TileID="116" AltIDMod="0" />
    </MapTiles>
    <StaticTiles />
  </TransInfo>
  <TransInfo Description="Cave Entrance To Large Dirt" HashKey="0707FF071212121212">
    <MapTiles>
      <MapTile TileID="225" AltIDMod="5" />
    </MapTiles>
    <StaticTiles />
  </TransInfo>
  <TransInfo Description="Cave Entrance To Large Dirt" HashKey="141212FFFF07FFFF07">
    <MapTiles>
      <MapTile TileID="468" AltIDMod="20" />
    </MapTiles>
    <StaticTiles>
      <StaticTile TileID="1357" AltIDMod="0" />
      <StaticTile TileID="1358" AltIDMod="0" />
      <StaticTile TileID="1359" AltIDMod="0" />
    </StaticTiles>
  </TransInfo>
  <TransInfo Description="Cave Entrance To Large Dirt" HashKey="1207071207071212FF">
    <MapTiles>
      <MapTile TileID="113" AltIDMod="0" />
      <MapTile TileID="114" AltIDMod="0" />
      <MapTile TileID="115" AltIDMod="0" />
      <MapTile TileID="116" AltIDMod="0" />
    </MapTiles>
    <StaticTiles />
  </TransInfo>
  <TransInfo Description="Cave Entrance To Large Dirt" HashKey="0707071212FF1414FF">
    <MapTiles>
      <MapTile TileID="230" AltIDMod="23" />
    </MapTiles>
    <StaticTiles />
  </TransInfo>
  <TransInfo Description="Cave Entrance To Large Dirt" HashKey="070712070712FFFF12">
    <MapTiles>
      <MapTile TileID="487" AltIDMod="0" />
    </MapTiles>
    <StaticTiles />
  </TransInfo>
  <TransInfo Description="Cave Entrance To Large Dirt" HashKey="0707FF070712121212">
    <MapTiles>
      <MapTile TileID="113" AltIDMod="0" />
      <MapTile TileID="114" AltIDMod="0" />
      <MapTile TileID="115" AltIDMod="0" />
      <MapTile TileID="116" AltIDMod="0" />
    </MapTiles>
    <StaticTiles />
  </TransInfo>
  <TransInfo Description="Cave Entrance To Large Dirt" HashKey="FFFF14121214071212">
    <MapTiles>
      <MapTile TileID="229" AltIDMod="42" />
    </MapTiles>
    <StaticTiles />
  </TransInfo>
  <TransInfo Description="Cave Entrance To Large Dirt" HashKey="FFFF14121214071214">
    <MapTiles>
      <MapTile TileID="229" AltIDMod="42" />
    </MapTiles>
    <StaticTiles />
  </TransInfo>
  <TransInfo Description="Cave Entrance To Large Dirt" HashKey="0712120707120707FF">
    <MapTiles>
      <MapTile TileID="113" AltIDMod="0" />
      <MapTile TileID="114" AltIDMod="0" />
      <MapTile TileID="115" AltIDMod="0" />
      <MapTile TileID="116" AltIDMod="0" />
    </MapTiles>
    <StaticTiles />
  </TransInfo>
  <TransInfo Description="Cave Entrance To Large Dirt" HashKey="07121207FFFF07FFFF">
    <MapTiles>
      <MapTile TileID="468" AltIDMod="20" />
    </MapTiles>
    <StaticTiles>
      <StaticTile TileID="1357" AltIDMod="0" />
      <StaticTile TileID="1358" AltIDMod="0" />
      <StaticTile TileID="1359" AltIDMod="0" />
    </StaticTiles>
  </TransInfo>
  <TransInfo Description="Cave Entrance To Large Dirt" HashKey="FFFF07121212121212">
    <MapTiles>
      <MapTile TileID="556" AltIDMod="23" />
      <MapTile TileID="557" AltIDMod="23" />
      <MapTile TileID="558" AltIDMod="23" />
      <MapTile TileID="559" AltIDMod="23" />
    </MapTiles>
    <StaticTiles />
  </TransInfo>
  <TransInfo Description="Cave Entrance To Large Dirt" HashKey="1212FF1212FF120707">
    <MapTiles>
      <MapTile TileID="229" AltIDMod="23" />
    </MapTiles>
    <StaticTiles />
  </TransInfo>
  <TransInfo Description="Cave Entrance To Large Dirt" HashKey="071212121212FFFF14">
    <MapTiles>
      <MapTile TileID="230" AltIDMod="42" />
    </MapTiles>
    <StaticTiles />
  </TransInfo>
  <TransInfo Description="Cave Entrance To Large Dirt" HashKey="070707070707FF1207">
    <MapTiles>
      <MapTile TileID="114" AltIDMod="0" />
      <MapTile TileID="115" AltIDMod="0" />
      <MapTile TileID="116" AltIDMod="0" />
      <MapTile TileID="113" AltIDMod="0" />
    </MapTiles>
    <StaticTiles />
  </TransInfo>
  <TransInfo Description="Cave Entrance To Large Dirt" HashKey="07071207121207FFFF">
    <MapTiles>
      <MapTile TileID="1786" AltIDMod="23" />
    </MapTiles>
    <StaticTiles />
  </TransInfo>
  <TransInfo Description="Cave Entrance To Large Dirt" HashKey="0707070707070712FF">
    <MapTiles>
      <MapTile TileID="113" AltIDMod="0" />
      <MapTile TileID="114" AltIDMod="0" />
      <MapTile TileID="115" AltIDMod="0" />
      <MapTile TileID="116" AltIDMod="0" />
    </MapTiles>
    <StaticTiles />
  </TransInfo>
  <TransInfo Description="Cave Entrance To Large Dirt" HashKey="12FFFF12FFFF070707">
    <MapTiles>
      <MapTile TileID="474" AltIDMod="20" />
    </MapTiles>
    <StaticTiles>
      <StaticTile TileID="1354" AltIDMod="0" />
      <StaticTile TileID="1355" AltIDMod="0" />
      <StaticTile TileID="1356" AltIDMod="0" />
    </StaticTiles>
  </TransInfo>
  <TransInfo Description="Cave Entrance To Large Dirt" HashKey="FF0707120707121212">
    <MapTiles>
      <MapTile TileID="113" AltIDMod="0" />
      <MapTile TileID="114" AltIDMod="0" />
      <MapTile TileID="115" AltIDMod="0" />
      <MapTile TileID="116" AltIDMod="0" />
    </MapTiles>
    <StaticTiles />
  </TransInfo>
  <TransInfo Description="Cave Entrance To Large Dirt" HashKey="FF1212FF1207070707">
    <MapTiles>
      <MapTile TileID="1784" AltIDMod="23" />
    </MapTiles>
    <StaticTiles />
  </TransInfo>
  <TransInfo Description="Cave Entrance To Large Dirt" HashKey="FF0707120707070707">
    <MapTiles>
      <MapTile TileID="113" AltIDMod="0" />
      <MapTile TileID="114" AltIDMod="0" />
      <MapTile TileID="115" AltIDMod="0" />
      <MapTile TileID="116" AltIDMod="0" />
    </MapTiles>
    <StaticTiles />
  </TransInfo>
  <TransInfo Description="Cave Entrance To Large Dirt" HashKey="FF0707FF0707121212">
    <MapTiles>
      <MapTile TileID="484" AltIDMod="0" />
    </MapTiles>
    <StaticTiles />
  </TransInfo>
  <TransInfo Description="Cave Entrance To Large Dirt" HashKey="12070712FFFF14FFFF">
    <MapTiles>
      <MapTile TileID="474" AltIDMod="20" />
    </MapTiles>
    <StaticTiles>
      <StaticTile TileID="1354" AltIDMod="0" />
      <StaticTile TileID="1355" AltIDMod="0" />
      <StaticTile TileID="1356" AltIDMod="0" />
    </StaticTiles>
  </TransInfo>
  <TransInfo Description="Cave Entrance To Large Dirt" HashKey="FFFF12070707070707">
    <MapTiles>
      <MapTile TileID="484" AltIDMod="0" />
    </MapTiles>
    <StaticTiles />
  </TransInfo>
  <TransInfo Description="Cave Entrance To Large Dirt" HashKey="0707070712FF1212FF">
    <MapTiles>
      <MapTile TileID="1785" AltIDMod="23" />
    </MapTiles>
    <StaticTiles />
  </TransInfo>
  <TransInfo Description="Cave Entrance To Large Dirt" HashKey="071212FF1212FF1212">
    <MapTiles>
      <MapTile TileID="556" AltIDMod="23" />
      <MapTile TileID="557" AltIDMod="23" />
      <MapTile TileID="558" AltIDMod="23" />
      <MapTile TileID="559" AltIDMod="23" />
    </MapTiles>
    <StaticTiles />
  </TransInfo>
  <TransInfo Description="Cave Entrance To Large Dirt" HashKey="0707071212FF1212FF">
    <MapTiles>
      <MapTile TileID="230" AltIDMod="23" />
    </MapTiles>
    <StaticTiles />
  </TransInfo>
  <TransInfo Description="Cave Entrance To Large Dirt" HashKey="0707120707FF0707FF">
    <MapTiles>
      <MapTile TileID="485" AltIDMod="0" />
    </MapTiles>
    <StaticTiles />
  </TransInfo>
  <TransInfo Description="Cave Entrance To Large Dirt" HashKey="FFFF12FFFF12070712">
    <MapTiles>
      <MapTile TileID="470" AltIDMod="20" />
    </MapTiles>
    <StaticTiles>
      <StaticTile TileID="1348" AltIDMod="0" />
      <StaticTile TileID="1349" AltIDMod="0" />
      <StaticTile TileID="1350" AltIDMod="0" />
    </StaticTiles>
  </TransInfo>
  <TransInfo Description="Cave Entrance To Large Dirt" HashKey="070707FF1207FF1212">
    <MapTiles>
      <MapTile TileID="1780" AltIDMod="23" />
    </MapTiles>
    <StaticTiles />
  </TransInfo>
  <TransInfo Description="Cave Entrance To Large Dirt" HashKey="0707120707120707FF">
    <MapTiles>
      <MapTile TileID="113" AltIDMod="0" />
      <MapTile TileID="114" AltIDMod="0" />
      <MapTile TileID="115" AltIDMod="0" />
      <MapTile TileID="116" AltIDMod="0" />
    </MapTiles>
    <StaticTiles />
  </TransInfo>
  <TransInfo Description="Cave Entrance To Large Dirt" HashKey="070707070707FF1212">
    <MapTiles>
      <MapTile TileID="113" AltIDMod="0" />
      <MapTile TileID="114" AltIDMod="0" />
      <MapTile TileID="115" AltIDMod="0" />
      <MapTile TileID="116" AltIDMod="0" />
    </MapTiles>
    <StaticTiles />
  </TransInfo>
  <TransInfo Description="Cave Entrance To Large Dirt" HashKey="14FFFF12FFFF120707">
    <MapTiles>
      <MapTile TileID="474" AltIDMod="20" />
    </MapTiles>
    <StaticTiles>
      <StaticTile TileID="1354" AltIDMod="0" />
      <StaticTile TileID="1355" AltIDMod="0" />
      <StaticTile TileID="1356" AltIDMod="0" />
    </StaticTiles>
  </TransInfo>
  <TransInfo Description="Cave Entrance To Large Dirt" HashKey="1414141212FF0712FF">
    <MapTiles>
      <MapTile TileID="229" AltIDMod="42" />
    </MapTiles>
    <StaticTiles />
  </TransInfo>
  <TransInfo Description="Cave Entrance To Large Dirt" HashKey="07FFFF07FFFF121212">
    <MapTiles>
      <MapTile TileID="472" AltIDMod="20" />
    </MapTiles>
    <StaticTiles>
      <StaticTile TileID="1345" AltIDMod="0" />
      <StaticTile TileID="1346" AltIDMod="0" />
      <StaticTile TileID="1347" AltIDMod="0" />
    </StaticTiles>
  </TransInfo>
  <TransInfo Description="Cave Entrance To Large Dirt" HashKey="0712120712120707FF">
    <MapTiles>
      <MapTile TileID="224" AltIDMod="5" />
    </MapTiles>
    <StaticTiles />
  </TransInfo>
  <TransInfo Description="Cave Entrance To Large Dirt" HashKey="0707071212FF1214FF">
    <MapTiles>
      <MapTile TileID="230" AltIDMod="23" />
    </MapTiles>
    <StaticTiles />
  </TransInfo>
  <TransInfo Description="Cave Entrance To Large Dirt" HashKey="1212FF120707070707">
    <MapTiles>
      <MapTile TileID="113" AltIDMod="0" />
      <MapTile TileID="114" AltIDMod="0" />
      <MapTile TileID="115" AltIDMod="0" />
      <MapTile TileID="116" AltIDMod="0" />
    </MapTiles>
    <StaticTiles />
  </TransInfo>
  <TransInfo Description="Cave Entrance To Large Dirt" HashKey="FF1414FF1212071212">
    <MapTiles>
      <MapTile TileID="556" AltIDMod="23" />
      <MapTile TileID="557" AltIDMod="23" />
      <MapTile TileID="558" AltIDMod="23" />
      <MapTile TileID="559" AltIDMod="23" />
    </MapTiles>
    <StaticTiles />
  </TransInfo>
  <TransInfo Description="Cave Entrance To Large Dirt" HashKey="1214FF1212FF120707">
    <MapTiles>
      <MapTile TileID="229" AltIDMod="23" />
    </MapTiles>
    <StaticTiles />
  </TransInfo>
  <TransInfo Description="Cave Entrance To Large Dirt" HashKey="070712FFFF12FFFF12">
    <MapTiles>
      <MapTile TileID="470" AltIDMod="20" />
    </MapTiles>
    <StaticTiles>
      <StaticTile TileID="1348" AltIDMod="0" />
      <StaticTile TileID="1349" AltIDMod="0" />
      <StaticTile TileID="1350" AltIDMod="0" />
    </StaticTiles>
  </TransInfo>
  <TransInfo Description="Cave Entrance To Large Dirt" HashKey="FFFF12FFFF12070707">
    <MapTiles>
      <MapTile TileID="470" AltIDMod="20" />
    </MapTiles>
    <StaticTiles>
      <StaticTile TileID="1348" AltIDMod="0" />
      <StaticTile TileID="1349" AltIDMod="0" />
      <StaticTile TileID="1350" AltIDMod="0" />
    </StaticTiles>
  </TransInfo>
  <TransInfo Description="Cave Entrance To Large Dirt" HashKey="12FFFF12FFFF120707">
    <MapTiles>
      <MapTile TileID="474" AltIDMod="20" />
    </MapTiles>
    <StaticTiles>
      <StaticTile TileID="1354" AltIDMod="0" />
      <StaticTile TileID="1355" AltIDMod="0" />
      <StaticTile TileID="1356" AltIDMod="0" />
    </StaticTiles>
  </TransInfo>
  <TransInfo Description="Cave Entrance To Large Dirt" HashKey="070712FFFF12FFFF14">
    <MapTiles>
      <MapTile TileID="470" AltIDMod="20" />
    </MapTiles>
    <StaticTiles>
      <StaticTile TileID="1348" AltIDMod="0" />
      <StaticTile TileID="1349" AltIDMod="0" />
      <StaticTile TileID="1350" AltIDMod="0" />
    </StaticTiles>
  </TransInfo>
  <TransInfo Description="Cave Entrance To Large Dirt" HashKey="FF1207070707070707">
    <MapTiles>
      <MapTile TileID="113" AltIDMod="0" />
      <MapTile TileID="114" AltIDMod="0" />
      <MapTile TileID="115" AltIDMod="0" />
      <MapTile TileID="116" AltIDMod="0" />
    </MapTiles>
    <StaticTiles />
  </TransInfo>
  <TransInfo Description="Cave Entrance To Large Dirt" HashKey="FF1212FF1212071212">
    <MapTiles>
      <MapTile TileID="556" AltIDMod="23" />
      <MapTile TileID="557" AltIDMod="23" />
      <MapTile TileID="558" AltIDMod="23" />
      <MapTile TileID="559" AltIDMod="23" />
    </MapTiles>
    <StaticTiles />
  </TransInfo>
  <TransInfo Description="Cave Entrance To Large Dirt" HashKey="0707FF121212121212">
    <MapTiles>
      <MapTile TileID="230" AltIDMod="5" />
    </MapTiles>
    <StaticTiles />
  </TransInfo>
  <TransInfo Description="Cave Entrance To Large Dirt" HashKey="120707121207FFFF07">
    <MapTiles>
      <MapTile TileID="1782" AltIDMod="23" />
    </MapTiles>
    <StaticTiles />
  </TransInfo>
  <TransInfo Description="Cave Entrance To Large Dirt" HashKey="1212071212071212FF">
    <MapTiles>
      <MapTile TileID="231" AltIDMod="5" />
    </MapTiles>
    <StaticTiles />
  </TransInfo>
  <TransInfo Description="Cave Entrance To Large Dirt" HashKey="FF1412FF1212070712">
    <MapTiles>
      <MapTile TileID="228" AltIDMod="23" />
    </MapTiles>
    <StaticTiles />
  </TransInfo>
  <TransInfo Description="Cave Entrance To Large Dirt" HashKey="12121407121407FFFF">
    <MapTiles>
      <MapTile TileID="230" AltIDMod="23" />
    </MapTiles>
    <StaticTiles />
  </TransInfo>
  <TransInfo Description="Cave Entrance To Large Dirt" HashKey="12121407FFFF07FFFF">
    <MapTiles>
      <MapTile TileID="468" AltIDMod="20" />
    </MapTiles>
    <StaticTiles>
      <StaticTile TileID="1357" AltIDMod="0" />
      <StaticTile TileID="1358" AltIDMod="0" />
      <StaticTile TileID="1359" AltIDMod="0" />
    </StaticTiles>
  </TransInfo>
  <TransInfo Description="Cave Entrance To Large Dirt" HashKey="FF0707FF0707120707">
    <MapTiles>
      <MapTile TileID="484" AltIDMod="0" />
    </MapTiles>
    <StaticTiles />
  </TransInfo>
  <TransInfo Description="Cave Entrance To Large Dirt" HashKey="121212151212FFFF07">
    <MapTiles>
      <MapTile TileID="556" AltIDMod="23" />
      <MapTile TileID="557" AltIDMod="23" />
      <MapTile TileID="558" AltIDMod="23" />
      <MapTile TileID="559" AltIDMod="23" />
    </MapTiles>
    <StaticTiles />
  </TransInfo>
  <TransInfo Description="Cave Entrance To Large Dirt" HashKey="FF1207FF1212141212">
    <MapTiles>
      <MapTile TileID="231" AltIDMod="42" />
    </MapTiles>
    <StaticTiles />
  </TransInfo>
  <TransInfo Description="Cave Entrance To Large Dirt" HashKey="121207141207FFFF07">
    <MapTiles>
      <MapTile TileID="231" AltIDMod="23" />
    </MapTiles>
    <StaticTiles />
  </TransInfo>
  <TransInfo Description="Cave Entrance To Large Dirt" HashKey="0707FF070712070707">
    <MapTiles>
      <MapTile TileID="113" AltIDMod="0" />
      <MapTile TileID="114" AltIDMod="0" />
      <MapTile TileID="115" AltIDMod="0" />
      <MapTile TileID="116" AltIDMod="0" />
    </MapTiles>
    <StaticTiles />
  </TransInfo>
  <TransInfo Description="Cave Entrance To Large Dirt" HashKey="12121207121407FFFF">
    <MapTiles>
      <MapTile TileID="230" AltIDMod="23" />
    </MapTiles>
    <StaticTiles />
  </TransInfo>
  <TransInfo Description="Cave Entrance To Large Dirt" HashKey="071212071212FF1212">
    <MapTiles>
      <MapTile TileID="230" AltIDMod="5" />
    </MapTiles>
    <StaticTiles />
  </TransInfo>
  <TransInfo Description="Cave Entrance To Large Dirt" HashKey="12FFFF120707070707">
    <MapTiles>
      <MapTile TileID="486" AltIDMod="0" />
    </MapTiles>
    <StaticTiles />
  </TransInfo>
  <TransInfo Description="Cave Entrance To Large Dirt" HashKey="FFFF07141212121212">
    <MapTiles>
      <MapTile TileID="556" AltIDMod="23" />
      <MapTile TileID="557" AltIDMod="23" />
      <MapTile TileID="558" AltIDMod="23" />
      <MapTile TileID="559" AltIDMod="23" />
    </MapTiles>
    <StaticTiles />
  </TransInfo>
  <TransInfo Description="Cave Entrance To Large Dirt" HashKey="12070712070712FFFF">
    <MapTiles>
      <MapTile TileID="485" AltIDMod="0" />
    </MapTiles>
    <StaticTiles />
  </TransInfo>
  <TransInfo Description="Cave Entrance To Large Dirt" HashKey="071214121214FFFF14">
    <MapTiles>
      <MapTile TileID="230" AltIDMod="42" />
    </MapTiles>
    <StaticTiles />
  </TransInfo>
  <TransInfo Description="Cave Entrance To Large Dirt" HashKey="12120714121214FFFF">
    <MapTiles>
      <MapTile TileID="231" AltIDMod="42" />
    </MapTiles>
    <StaticTiles />
  </TransInfo>
</Trans>