﻿<?xml version="1.0" encoding="utf-8"?>
<Trans>
    <TransInfo Description="Red Tile to Large Dirt SN" HashKey="0707070F0F0F0F0F0F">
    <MapTiles>
      <MapTile TileID="1056" AltIDMod="0" />
    </MapTiles>
    <StaticTiles />
  </TransInfo>
  <TransInfo Description="Red Tile to Large Dirt SN" HashKey="0F07070F0F0F0F0F0F">
    <MapTiles>
      <MapTile TileID="1056" AltIDMod="0" />
    </MapTiles>
    <StaticTiles />
  </TransInfo>
  <TransInfo Description="Red Tile to Large Dirt SN" HashKey="07070F0F0F0F0F0F0F">
    <MapTiles>
      <MapTile TileID="1056" AltIDMod="0" />
    </MapTiles>
    <StaticTiles />
  </TransInfo>
  <TransInfo Description="Red Tile to Large Dirt SN" HashKey="0F070F0F0F0F0F0F0F">
    <MapTiles>
      <MapTile TileID="1056" AltIDMod="0" />
    </MapTiles>
    <StaticTiles />
  </TransInfo>
  <TransInfo Description="Red Tile to Large Dirt SN" HashKey="070F070F0F0F0F0F0F">
    <MapTiles>
      <MapTile TileID="1056" AltIDMod="0" />
    </MapTiles>
    <StaticTiles />
  </TransInfo>
  <TransInfo Description="Red Tile to Large Dirt EW" HashKey="070F0F070F0F070F0F">
    <MapTiles>
      <MapTile TileID="1059" AltIDMod="0" />
    </MapTiles>
    <StaticTiles />
  </TransInfo>
  <TransInfo Description="Red Tile to Large Dirt EW" HashKey="070F0F070F0F0F0F0F">
    <MapTiles>
      <MapTile TileID="1059" AltIDMod="0" />
    </MapTiles>
    <StaticTiles />
  </TransInfo>
  <TransInfo Description="Red Tile to Large Dirt EW" HashKey="0F0F0F070F0F070F0F">
    <MapTiles>
      <MapTile TileID="1059" AltIDMod="0" />
    </MapTiles>
    <StaticTiles />
  </TransInfo>
  <TransInfo Description="Red Tile to Large Dirt EW" HashKey="0F0F0F070F0F0F0F0F">
    <MapTiles>
      <MapTile TileID="1059" AltIDMod="0" />
    </MapTiles>
    <StaticTiles />
  </TransInfo>
  <TransInfo Description="Red Tile to Large Dirt EW" HashKey="070F0F0F0F0F070F0F">
    <MapTiles>
      <MapTile TileID="1059" AltIDMod="0" />
    </MapTiles>
    <StaticTiles />
  </TransInfo>
  <TransInfo Description="Red Tile to Large Dirt WE" HashKey="0F0F070F0F070F0F07">
    <MapTiles>
      <MapTile TileID="1058" AltIDMod="0" />
    </MapTiles>
    <StaticTiles />
  </TransInfo>
  <TransInfo Description="Red Tile to Large Dirt WE" HashKey="0F0F0F0F0F070F0F07">
    <MapTiles>
      <MapTile TileID="1058" AltIDMod="0" />
    </MapTiles>
    <StaticTiles />
  </TransInfo>
  <TransInfo Description="Red Tile to Large Dirt WE" HashKey="0F0F070F0F070F0F0F">
    <MapTiles>
      <MapTile TileID="1058" AltIDMod="0" />
    </MapTiles>
    <StaticTiles />
  </TransInfo>
  <TransInfo Description="Red Tile to Large Dirt WE" HashKey="0F0F0F0F0F070F0F0F">
    <MapTiles>
      <MapTile TileID="1058" AltIDMod="0" />
    </MapTiles>
    <StaticTiles />
  </TransInfo>
  <TransInfo Description="Red Tile to Large Dirt WE" HashKey="0F0F070F0F0F0F0F07">
    <MapTiles>
      <MapTile TileID="1058" AltIDMod="0" />
    </MapTiles>
    <StaticTiles />
  </TransInfo>
  <TransInfo Description="Red Tile to Large Dirt NS" HashKey="0F0F0F0F0F0F070707">
    <MapTiles>
      <MapTile TileID="1059" AltIDMod="0" />
    </MapTiles>
    <StaticTiles />
  </TransInfo>
  <TransInfo Description="Red Tile to Large Dirt NS" HashKey="0F0F0F0F0F0F07070F">
    <MapTiles>
      <MapTile TileID="1059" AltIDMod="0" />
    </MapTiles>
    <StaticTiles />
  </TransInfo>
  <TransInfo Description="Red Tile to Large Dirt NS" HashKey="0F0F0F0F0F0F0F0707">
    <MapTiles>
      <MapTile TileID="1059" AltIDMod="0" />
    </MapTiles>
    <StaticTiles />
  </TransInfo>
  <TransInfo Description="Red Tile to Large Dirt NS" HashKey="0F0F0F0F0F0F0F070F">
    <MapTiles>
      <MapTile TileID="1059" AltIDMod="0" />
    </MapTiles>
    <StaticTiles />
  </TransInfo>
  <TransInfo Description="Red Tile to Large Dirt NS" HashKey="0F0F0F0F0F0F070F07">
    <MapTiles>
      <MapTile TileID="1059" AltIDMod="0" />
    </MapTiles>
    <StaticTiles />
  </TransInfo>
  <TransInfo Description="Red Tile to Large Dirt NWA" HashKey="0F0F070F0F07070707">
    <MapTiles>
      <MapTile TileID="1063" AltIDMod="0" />
    </MapTiles>
    <StaticTiles />
  </TransInfo>
  <TransInfo Description="Red Tile to Large Dirt NWA" HashKey="0F0F0F0F0F07070707">
    <MapTiles>
      <MapTile TileID="1063" AltIDMod="0" />
    </MapTiles>
    <StaticTiles />
  </TransInfo>
  <TransInfo Description="Red Tile to Large Dirt NWA" HashKey="0F0F070F0F070F0707">
    <MapTiles>
      <MapTile TileID="1063" AltIDMod="0" />
    </MapTiles>
    <StaticTiles />
  </TransInfo>
  <TransInfo Description="Red Tile to Large Dirt NWA" HashKey="0F0F0F0F0F070F0707">
    <MapTiles>
      <MapTile TileID="1063" AltIDMod="0" />
    </MapTiles>
    <StaticTiles />
  </TransInfo>
  <TransInfo Description="Red Tile to Large Dirt NWA" HashKey="0F0F0F0F0F070F070F">
    <MapTiles>
      <MapTile TileID="1063" AltIDMod="0" />
    </MapTiles>
    <StaticTiles />
  </TransInfo>
  <TransInfo Description="Red Tile to Large Dirt NWA" HashKey="0F0F070F0F0F0F0707">
    <MapTiles>
      <MapTile TileID="1063" AltIDMod="0" />
    </MapTiles>
    <StaticTiles />
  </TransInfo>
  <TransInfo Description="Red Tile to Large Dirt NWA" HashKey="0F0F070F0F0F070707">
    <MapTiles>
      <MapTile TileID="1063" AltIDMod="0" />
    </MapTiles>
    <StaticTiles />
  </TransInfo>
  <TransInfo Description="Red Tile to Large Dirt NWA" HashKey="0F0F070F0F0F07070F">
    <MapTiles>
      <MapTile TileID="1063" AltIDMod="0" />
    </MapTiles>
    <StaticTiles />
  </TransInfo>
  <TransInfo Description="Red Tile to Large Dirt NWA" HashKey="0F0F0F0F0F07070F07">
    <MapTiles>
      <MapTile TileID="1063" AltIDMod="0" />
    </MapTiles>
    <StaticTiles />
  </TransInfo>
  <TransInfo Description="Red Tile to Large Dirt NWA" HashKey="0F0F070F0F07070F07">
    <MapTiles>
      <MapTile TileID="1063" AltIDMod="0" />
    </MapTiles>
    <StaticTiles />
  </TransInfo>
  <TransInfo Description="Red Tile to Large Dirt NWA" HashKey="0F0F070F0F0707070F">
    <MapTiles>
      <MapTile TileID="1063" AltIDMod="0" />
    </MapTiles>
    <StaticTiles />
  </TransInfo>
  <TransInfo Description="Red Tile to Large Dirt NWA" HashKey="0F0F070F0F07070F0F">
    <MapTiles>
      <MapTile TileID="1063" AltIDMod="0" />
    </MapTiles>
    <StaticTiles />
  </TransInfo>
  <TransInfo Description="Red Tile to Large Dirt NWA" HashKey="0F0F070F0F0F0F070F">
    <MapTiles>
      <MapTile TileID="1063" AltIDMod="0" />
    </MapTiles>
    <StaticTiles />
  </TransInfo>
  <TransInfo Description="Red Tile to Large Dirt NWA" HashKey="0F0F0F0F0F07070F0F">
    <MapTiles>
      <MapTile TileID="1063" AltIDMod="0" />
    </MapTiles>
    <StaticTiles />
  </TransInfo>
  <TransInfo Description="Red Tile to Large Dirt NWA" HashKey="0F0F070F0F070F070F">
    <MapTiles>
      <MapTile TileID="1063" AltIDMod="0" />
    </MapTiles>
    <StaticTiles />
  </TransInfo>
  <TransInfo Description="Red Tile to Large Dirt NWA" HashKey="0F0F070F0F0F070F07">
    <MapTiles>
      <MapTile TileID="1063" AltIDMod="0" />
    </MapTiles>
    <StaticTiles />
  </TransInfo>
  <TransInfo Description="Red Tile to Large Dirt NWA" HashKey="0F0F0F0F0F0707070F">
    <MapTiles>
      <MapTile TileID="1063" AltIDMod="0" />
    </MapTiles>
    <StaticTiles />
  </TransInfo>
  <TransInfo Description="Red Tile to Large Dirt SEA" HashKey="070707070F0F070F0F">
    <MapTiles>
      <MapTile TileID="1061" AltIDMod="0" />
    </MapTiles>
    <StaticTiles />
  </TransInfo>
  <TransInfo Description="Red Tile to Large Dirt SEA" HashKey="07070F070F0F070F0F">
    <MapTiles>
      <MapTile TileID="1061" AltIDMod="0" />
    </MapTiles>
    <StaticTiles />
  </TransInfo>
  <TransInfo Description="Red Tile to Large Dirt SEA" HashKey="070707070F0F0F0F0F">
    <MapTiles>
      <MapTile TileID="1061" AltIDMod="0" />
    </MapTiles>
    <StaticTiles />
  </TransInfo>
  <TransInfo Description="Red Tile to Large Dirt SEA" HashKey="07070F070F0F0F0F0F">
    <MapTiles>
      <MapTile TileID="1061" AltIDMod="0" />
    </MapTiles>
    <StaticTiles />
  </TransInfo>
  <TransInfo Description="Red Tile to Large Dirt SEA" HashKey="070F07070F0F0F0F0F">
    <MapTiles>
      <MapTile TileID="1061" AltIDMod="0" />
    </MapTiles>
    <StaticTiles />
  </TransInfo>
  <TransInfo Description="Red Tile to Large Dirt SEA" HashKey="07070F0F0F0F070F0F">
    <MapTiles>
      <MapTile TileID="1061" AltIDMod="0" />
    </MapTiles>
    <StaticTiles />
  </TransInfo>
  <TransInfo Description="Red Tile to Large Dirt SEA" HashKey="0F07070F0F0F070F0F">
    <MapTiles>
      <MapTile TileID="1061" AltIDMod="0" />
    </MapTiles>
    <StaticTiles />
  </TransInfo>
  <TransInfo Description="Red Tile to Large Dirt SEA" HashKey="070F070F0F0F070F0F">
    <MapTiles>
      <MapTile TileID="1061" AltIDMod="0" />
    </MapTiles>
    <StaticTiles />
  </TransInfo>
  <TransInfo Description="Red Tile to Large Dirt SEA" HashKey="0707070F0F0F070F0F">
    <MapTiles>
      <MapTile TileID="1061" AltIDMod="0" />
    </MapTiles>
    <StaticTiles />
  </TransInfo>
  <TransInfo Description="Red Tile to Large Dirt SEA" HashKey="0F070F070F0F0F0F0F">
    <MapTiles>
      <MapTile TileID="1061" AltIDMod="0" />
    </MapTiles>
    <StaticTiles />
  </TransInfo>
  <TransInfo Description="Red Tile to Large Dirt SEA" HashKey="070F07070F0F070F0F">
    <MapTiles>
      <MapTile TileID="1061" AltIDMod="0" />
    </MapTiles>
    <StaticTiles />
  </TransInfo>
  <TransInfo Description="Red Tile to Large Dirt SEA" HashKey="0F0F07070F0F070F0F">
    <MapTiles>
      <MapTile TileID="1061" AltIDMod="0" />
    </MapTiles>
    <StaticTiles />
  </TransInfo>
  <TransInfo Description="Red Tile to Large Dirt SEA" HashKey="0F0707070F0F070F0F">
    <MapTiles>
      <MapTile TileID="1061" AltIDMod="0" />
    </MapTiles>
    <StaticTiles />
  </TransInfo>
  <TransInfo Description="Red Tile to Large Dirt SEA" HashKey="0F0F07070F0F0F0F0F">
    <MapTiles>
      <MapTile TileID="1061" AltIDMod="0" />
    </MapTiles>
    <StaticTiles />
  </TransInfo>
  <TransInfo Description="Red Tile to Large Dirt SEA" HashKey="0F070F070F0F070F0F">
    <MapTiles>
      <MapTile TileID="1061" AltIDMod="0" />
    </MapTiles>
    <StaticTiles />
  </TransInfo>
  <TransInfo Description="Red Tile to Large Dirt SEA" HashKey="0F070F0F0F0F070F0F">
    <MapTiles>
      <MapTile TileID="1061" AltIDMod="0" />
    </MapTiles>
    <StaticTiles />
  </TransInfo>
  <TransInfo Description="Red Tile to Large Dirt SEA" HashKey="0F0707070F0F0F0F0F">
    <MapTiles>
      <MapTile TileID="1061" AltIDMod="0" />
    </MapTiles>
    <StaticTiles />
  </TransInfo>
  <TransInfo Description="Red Tile to Large Dirt NEA" HashKey="070F0F070F0F070707">
    <MapTiles>
      <MapTile TileID="1060" AltIDMod="0" />
    </MapTiles>
    <StaticTiles />
  </TransInfo>
  <TransInfo Description="Red Tile to Large Dirt NEA" HashKey="0F0F0F070F0F070707">
    <MapTiles>
      <MapTile TileID="1060" AltIDMod="0" />
    </MapTiles>
    <StaticTiles />
  </TransInfo>
  <TransInfo Description="Red Tile to Large Dirt NEA" HashKey="070F0F070F0F07070F">
    <MapTiles>
      <MapTile TileID="1060" AltIDMod="0" />
    </MapTiles>
    <StaticTiles />
  </TransInfo>
  <TransInfo Description="Red Tile to Large Dirt NEA" HashKey="0F0F0F070F0F07070F">
    <MapTiles>
      <MapTile TileID="1060" AltIDMod="0" />
    </MapTiles>
    <StaticTiles />
  </TransInfo>
  <TransInfo Description="Red Tile to Large Dirt NEA" HashKey="0F0F0F070F0F0F070F">
    <MapTiles>
      <MapTile TileID="1060" AltIDMod="0" />
    </MapTiles>
    <StaticTiles />
  </TransInfo>
  <TransInfo Description="Red Tile to Large Dirt NEA" HashKey="070F0F070F0F0F0F07">
    <MapTiles>
      <MapTile TileID="1060" AltIDMod="0" />
    </MapTiles>
    <StaticTiles />
  </TransInfo>
  <TransInfo Description="Red Tile to Large Dirt NEA" HashKey="070F0F0F0F0F070707">
    <MapTiles>
      <MapTile TileID="1060" AltIDMod="0" />
    </MapTiles>
    <StaticTiles />
  </TransInfo>
  <TransInfo Description="Red Tile to Large Dirt NEA" HashKey="070F0F0F0F0F07070F">
    <MapTiles>
      <MapTile TileID="1060" AltIDMod="0" />
    </MapTiles>
    <StaticTiles />
  </TransInfo>
  <TransInfo Description="Red Tile to Large Dirt NEA" HashKey="070F0F0F0F0F0F070F">
    <MapTiles>
      <MapTile TileID="1060" AltIDMod="0" />
    </MapTiles>
    <StaticTiles />
  </TransInfo>
  <TransInfo Description="Red Tile to Large Dirt NEA" HashKey="0F0F0F070F0F070F07">
    <MapTiles>
      <MapTile TileID="1060" AltIDMod="0" />
    </MapTiles>
    <StaticTiles />
  </TransInfo>
  <TransInfo Description="Red Tile to Large Dirt NEA" HashKey="070F0F070F0F070F07">
    <MapTiles>
      <MapTile TileID="1060" AltIDMod="0" />
    </MapTiles>
    <StaticTiles />
  </TransInfo>
  <TransInfo Description="Red Tile to Large Dirt NEA" HashKey="070F0F0F0F0F0F0707">
    <MapTiles>
      <MapTile TileID="1060" AltIDMod="0" />
    </MapTiles>
    <StaticTiles />
  </TransInfo>
  <TransInfo Description="Red Tile to Large Dirt NEA" HashKey="070F0F070F0F0F0707">
    <MapTiles>
      <MapTile TileID="1060" AltIDMod="0" />
    </MapTiles>
    <StaticTiles />
  </TransInfo>
  <TransInfo Description="Red Tile to Large Dirt NEA" HashKey="0F0F0F070F0F0F0707">
    <MapTiles>
      <MapTile TileID="1060" AltIDMod="0" />
    </MapTiles>
    <StaticTiles />
  </TransInfo>
  <TransInfo Description="Red Tile to Large Dirt NEA" HashKey="0F0F0F070F0F0F0F07">
    <MapTiles>
      <MapTile TileID="1060" AltIDMod="0" />
    </MapTiles>
    <StaticTiles />
  </TransInfo>
  <TransInfo Description="Red Tile to Large Dirt NEA" HashKey="070F0F0F0F0F070F07">
    <MapTiles>
      <MapTile TileID="1060" AltIDMod="0" />
    </MapTiles>
    <StaticTiles />
  </TransInfo>
  <TransInfo Description="Red Tile to Large Dirt NEA" HashKey="070F0F070F0F0F070F">
    <MapTiles>
      <MapTile TileID="1060" AltIDMod="0" />
    </MapTiles>
    <StaticTiles />
  </TransInfo>
  <TransInfo Description="Red Tile to Large Dirt SWA" HashKey="0707070F0F070F0F07">
    <MapTiles>
      <MapTile TileID="1062" AltIDMod="0" />
    </MapTiles>
    <StaticTiles />
  </TransInfo>
  <TransInfo Description="Red Tile to Large Dirt SWA" HashKey="0707070F0F070F0F0F">
    <MapTiles>
      <MapTile TileID="1062" AltIDMod="0" />
    </MapTiles>
    <StaticTiles />
  </TransInfo>
  <TransInfo Description="Red Tile to Large Dirt SWA" HashKey="0F07070F0F070F0F07">
    <MapTiles>
      <MapTile TileID="1062" AltIDMod="0" />
    </MapTiles>
    <StaticTiles />
  </TransInfo>
  <TransInfo Description="Red Tile to Large Dirt SWA" HashKey="0F07070F0F070F0F0F">
    <MapTiles>
      <MapTile TileID="1062" AltIDMod="0" />
    </MapTiles>
    <StaticTiles />
  </TransInfo>
  <TransInfo Description="Red Tile to Large Dirt SWA" HashKey="070F0F0F0F070F0F07">
    <MapTiles>
      <MapTile TileID="1062" AltIDMod="0" />
    </MapTiles>
    <StaticTiles />
  </TransInfo>
  <TransInfo Description="Red Tile to Large Dirt SWA" HashKey="070F070F0F070F0F0F">
    <MapTiles>
      <MapTile TileID="1062" AltIDMod="0" />
    </MapTiles>
    <StaticTiles />
  </TransInfo>
  <TransInfo Description="Red Tile to Large Dirt SWA" HashKey="070F070F0F070F0F07">
    <MapTiles>
      <MapTile TileID="1062" AltIDMod="0" />
    </MapTiles>
    <StaticTiles />
  </TransInfo>
  <TransInfo Description="Red Tile to Large Dirt SWA" HashKey="07070F0F0F0F0F0F07">
    <MapTiles>
      <MapTile TileID="1062" AltIDMod="0" />
    </MapTiles>
    <StaticTiles />
  </TransInfo>
  <TransInfo Description="Red Tile to Large Dirt SWA" HashKey="0F070F0F0F0F0F0F07">
    <MapTiles>
      <MapTile TileID="1062" AltIDMod="0" />
    </MapTiles>
    <StaticTiles />
  </TransInfo>
  <TransInfo Description="Red Tile to Large Dirt SWA" HashKey="0707070F0F0F0F0F07">
    <MapTiles>
      <MapTile TileID="1062" AltIDMod="0" />
    </MapTiles>
    <StaticTiles />
  </TransInfo>
  <TransInfo Description="Red Tile to Large Dirt SWA" HashKey="07070F0F0F070F0F0F">
    <MapTiles>
      <MapTile TileID="1062" AltIDMod="0" />
    </MapTiles>
    <StaticTiles />
  </TransInfo>
  <TransInfo Description="Red Tile to Large Dirt SWA" HashKey="0F07070F0F0F0F0F07">
    <MapTiles>
      <MapTile TileID="1062" AltIDMod="0" />
    </MapTiles>
    <StaticTiles />
  </TransInfo>
  <TransInfo Description="Red Tile to Large Dirt SWA" HashKey="0F070F0F0F070F0F0F">
    <MapTiles>
      <MapTile TileID="1062" AltIDMod="0" />
    </MapTiles>
    <StaticTiles />
  </TransInfo>
  <TransInfo Description="Red Tile to Large Dirt SWA" HashKey="070F0F0F0F070F0F0F">
    <MapTiles>
      <MapTile TileID="1062" AltIDMod="0" />
    </MapTiles>
    <StaticTiles />
  </TransInfo>
  <TransInfo Description="Red Tile to Large Dirt SWA" HashKey="070F070F0F0F0F0F07">
    <MapTiles>
      <MapTile TileID="1062" AltIDMod="0" />
    </MapTiles>
    <StaticTiles />
  </TransInfo>
  <TransInfo Description="Red Tile to Large Dirt SWA" HashKey="0F070F0F0F070F0F07">
    <MapTiles>
      <MapTile TileID="1062" AltIDMod="0" />
    </MapTiles>
    <StaticTiles />
  </TransInfo>
  <TransInfo Description="Red Tile to Large Dirt SWA" HashKey="07070F0F0F070F0F07">
    <MapTiles>
      <MapTile TileID="1062" AltIDMod="0" />
    </MapTiles>
    <StaticTiles />
  </TransInfo>
  <TransInfo Description="Red Tile to Large Dirt NWB" HashKey="070F0F0F0F0F0F0F0F">
    <MapTiles>
      <MapTile TileID="1074" AltIDMod="0" />
    </MapTiles>
    <StaticTiles />
  </TransInfo>
  <TransInfo Description="Red Tile to Large Dirt SEB" HashKey="0F0F0F0F0F0F0F0F07">
    <MapTiles>
      <MapTile TileID="1072" AltIDMod="0" />
    </MapTiles>
    <StaticTiles />
  </TransInfo>
  <TransInfo Description="Red Tile to Large Dirt NEB" HashKey="0F0F070F0F0F0F0F0F">
    <MapTiles>
      <MapTile TileID="1075" AltIDMod="0" />
    </MapTiles>
    <StaticTiles />
  </TransInfo>
  <TransInfo Description="Red Tile to Large Dirt SWB" HashKey="0F0F0F0F0F0F070F0F">
    <MapTiles>
      <MapTile TileID="1073" AltIDMod="0" />
    </MapTiles>
    <StaticTiles />
  </TransInfo>
  <TransInfo Description="Red Tile to Large Dirt AC" HashKey="0F0F0F070F070F0F0F">
    <MapTiles>
      <MapTile TileID="113" AltIDMod="0" />
    </MapTiles>
    <StaticTiles />
  </TransInfo>
  <TransInfo Description="Red Tile to Large Dirt AC" HashKey="0F0F0F070F07070F0F">
    <MapTiles>
      <MapTile TileID="113" AltIDMod="0" />
    </MapTiles>
    <StaticTiles />
  </TransInfo>
  <TransInfo Description="Red Tile to Large Dirt AC" HashKey="0F0F0F070F070F070F">
    <MapTiles>
      <MapTile TileID="113" AltIDMod="0" />
    </MapTiles>
    <StaticTiles />
  </TransInfo>
  <TransInfo Description="Red Tile to Large Dirt AC" HashKey="0F0F0F070F0707070F">
    <MapTiles>
      <MapTile TileID="113" AltIDMod="0" />
    </MapTiles>
    <StaticTiles />
  </TransInfo>
  <TransInfo Description="Red Tile to Large Dirt AC" HashKey="0F0F0F070F070F0F07">
    <MapTiles>
      <MapTile TileID="113" AltIDMod="0" />
    </MapTiles>
    <StaticTiles />
  </TransInfo>
  <TransInfo Description="Red Tile to Large Dirt AC" HashKey="0F0F0F070F07070F07">
    <MapTiles>
      <MapTile TileID="113" AltIDMod="0" />
    </MapTiles>
    <StaticTiles />
  </TransInfo>
  <TransInfo Description="Red Tile to Large Dirt AC" HashKey="0F0F0F070F070F0707">
    <MapTiles>
      <MapTile TileID="113" AltIDMod="0" />
    </MapTiles>
    <StaticTiles />
  </TransInfo>
  <TransInfo Description="Red Tile to Large Dirt AC" HashKey="0F0F0F070F07070707">
    <MapTiles>
      <MapTile TileID="113" AltIDMod="0" />
    </MapTiles>
    <StaticTiles />
  </TransInfo>
  <TransInfo Description="Red Tile to Large Dirt AC" HashKey="0F0F07070F0F0F070F">
    <MapTiles>
      <MapTile TileID="113" AltIDMod="0" />
    </MapTiles>
    <StaticTiles />
  </TransInfo>
  <TransInfo Description="Red Tile to Large Dirt AC" HashKey="0F0F07070F0F07070F">
    <MapTiles>
      <MapTile TileID="113" AltIDMod="0" />
    </MapTiles>
    <StaticTiles />
  </TransInfo>
  <TransInfo Description="Red Tile to Large Dirt AC" HashKey="0F0F07070F0F0F0F07">
    <MapTiles>
      <MapTile TileID="113" AltIDMod="0" />
    </MapTiles>
    <StaticTiles />
  </TransInfo>
  <TransInfo Description="Red Tile to Large Dirt AC" HashKey="0F0F07070F0F070F07">
    <MapTiles>
      <MapTile TileID="113" AltIDMod="0" />
    </MapTiles>
    <StaticTiles />
  </TransInfo>
  <TransInfo Description="Red Tile to Large Dirt AC" HashKey="0F0F07070F0F0F0707">
    <MapTiles>
      <MapTile TileID="113" AltIDMod="0" />
    </MapTiles>
    <StaticTiles />
  </TransInfo>
  <TransInfo Description="Red Tile to Large Dirt AC" HashKey="0F0F07070F0F070707">
    <MapTiles>
      <MapTile TileID="113" AltIDMod="0" />
    </MapTiles>
    <StaticTiles />
  </TransInfo>
  <TransInfo Description="Red Tile to Large Dirt AC" HashKey="0F0F07070F070F0F0F">
    <MapTiles>
      <MapTile TileID="113" AltIDMod="0" />
    </MapTiles>
    <StaticTiles />
  </TransInfo>
  <TransInfo Description="Red Tile to Large Dirt AC" HashKey="0F0F07070F07070F0F">
    <MapTiles>
      <MapTile TileID="113" AltIDMod="0" />
    </MapTiles>
    <StaticTiles />
  </TransInfo>
  <TransInfo Description="Red Tile to Large Dirt AC" HashKey="0F0F07070F070F070F">
    <MapTiles>
      <MapTile TileID="113" AltIDMod="0" />
    </MapTiles>
    <StaticTiles />
  </TransInfo>
  <TransInfo Description="Red Tile to Large Dirt AC" HashKey="0F0F07070F0707070F">
    <MapTiles>
      <MapTile TileID="113" AltIDMod="0" />
    </MapTiles>
    <StaticTiles />
  </TransInfo>
  <TransInfo Description="Red Tile to Large Dirt AC" HashKey="0F0F07070F070F0F07">
    <MapTiles>
      <MapTile TileID="113" AltIDMod="0" />
    </MapTiles>
    <StaticTiles />
  </TransInfo>
  <TransInfo Description="Red Tile to Large Dirt AC" HashKey="0F0F07070F07070F07">
    <MapTiles>
      <MapTile TileID="113" AltIDMod="0" />
    </MapTiles>
    <StaticTiles />
  </TransInfo>
  <TransInfo Description="Red Tile to Large Dirt AC" HashKey="0F0F07070F070F0707">
    <MapTiles>
      <MapTile TileID="113" AltIDMod="0" />
    </MapTiles>
    <StaticTiles />
  </TransInfo>
  <TransInfo Description="Red Tile to Large Dirt AC" HashKey="0F0F07070F07070707">
    <MapTiles>
      <MapTile TileID="113" AltIDMod="0" />
    </MapTiles>
    <StaticTiles />
  </TransInfo>
  <TransInfo Description="Red Tile to Large Dirt AC" HashKey="0F070F0F0F0F0F070F">
    <MapTiles>
      <MapTile TileID="113" AltIDMod="0" />
    </MapTiles>
    <StaticTiles />
  </TransInfo>
  <TransInfo Description="Red Tile to Large Dirt AC" HashKey="0F070F070F0F0F070F">
    <MapTiles>
      <MapTile TileID="113" AltIDMod="0" />
    </MapTiles>
    <StaticTiles />
  </TransInfo>
  <TransInfo Description="Red Tile to Large Dirt AC" HashKey="0F070F0F0F0F07070F">
    <MapTiles>
      <MapTile TileID="113" AltIDMod="0" />
    </MapTiles>
    <StaticTiles />
  </TransInfo>
  <TransInfo Description="Red Tile to Large Dirt AC" HashKey="0F070F070F0F07070F">
    <MapTiles>
      <MapTile TileID="113" AltIDMod="0" />
    </MapTiles>
    <StaticTiles />
  </TransInfo>
  <TransInfo Description="Red Tile to Large Dirt AC" HashKey="0F070F070F0F0F0F07">
    <MapTiles>
      <MapTile TileID="113" AltIDMod="0" />
    </MapTiles>
    <StaticTiles />
  </TransInfo>
  <TransInfo Description="Red Tile to Large Dirt AC" HashKey="0F070F0F0F0F070F07">
    <MapTiles>
      <MapTile TileID="113" AltIDMod="0" />
    </MapTiles>
    <StaticTiles />
  </TransInfo>
  <TransInfo Description="Red Tile to Large Dirt AC" HashKey="0F070F070F0F070F07">
    <MapTiles>
      <MapTile TileID="113" AltIDMod="0" />
    </MapTiles>
    <StaticTiles />
  </TransInfo>
  <TransInfo Description="Red Tile to Large Dirt AC" HashKey="0F070F0F0F0F0F0707">
    <MapTiles>
      <MapTile TileID="113" AltIDMod="0" />
    </MapTiles>
    <StaticTiles />
  </TransInfo>
  <TransInfo Description="Red Tile to Large Dirt AC" HashKey="0F070F070F0F0F0707">
    <MapTiles>
      <MapTile TileID="113" AltIDMod="0" />
    </MapTiles>
    <StaticTiles />
  </TransInfo>
  <TransInfo Description="Red Tile to Large Dirt AC" HashKey="0F070F0F0F0F070707">
    <MapTiles>
      <MapTile TileID="113" AltIDMod="0" />
    </MapTiles>
    <StaticTiles />
  </TransInfo>
  <TransInfo Description="Red Tile to Large Dirt AC" HashKey="0F070F070F0F070707">
    <MapTiles>
      <MapTile TileID="113" AltIDMod="0" />
    </MapTiles>
    <StaticTiles />
  </TransInfo>
  <TransInfo Description="Red Tile to Large Dirt AC" HashKey="0F070F070F070F0F0F">
    <MapTiles>
      <MapTile TileID="113" AltIDMod="0" />
    </MapTiles>
    <StaticTiles />
  </TransInfo>
  <TransInfo Description="Red Tile to Large Dirt AC" HashKey="0F070F0F0F07070F0F">
    <MapTiles>
      <MapTile TileID="113" AltIDMod="0" />
    </MapTiles>
    <StaticTiles />
  </TransInfo>
  <TransInfo Description="Red Tile to Large Dirt AC" HashKey="0F070F070F07070F0F">
    <MapTiles>
      <MapTile TileID="113" AltIDMod="0" />
    </MapTiles>
    <StaticTiles />
  </TransInfo>
  <TransInfo Description="Red Tile to Large Dirt AC" HashKey="0F070F0F0F070F070F">
    <MapTiles>
      <MapTile TileID="113" AltIDMod="0" />
    </MapTiles>
    <StaticTiles />
  </TransInfo>
  <TransInfo Description="Red Tile to Large Dirt AC" HashKey="0F070F070F070F070F">
    <MapTiles>
      <MapTile TileID="113" AltIDMod="0" />
    </MapTiles>
    <StaticTiles />
  </TransInfo>
  <TransInfo Description="Red Tile to Large Dirt AC" HashKey="0F070F0F0F0707070F">
    <MapTiles>
      <MapTile TileID="113" AltIDMod="0" />
    </MapTiles>
    <StaticTiles />
  </TransInfo>
  <TransInfo Description="Red Tile to Large Dirt AC" HashKey="0F070F070F0707070F">
    <MapTiles>
      <MapTile TileID="113" AltIDMod="0" />
    </MapTiles>
    <StaticTiles />
  </TransInfo>
  <TransInfo Description="Red Tile to Large Dirt AC" HashKey="0F070F070F070F0F07">
    <MapTiles>
      <MapTile TileID="113" AltIDMod="0" />
    </MapTiles>
    <StaticTiles />
  </TransInfo>
  <TransInfo Description="Red Tile to Large Dirt AC" HashKey="0F070F0F0F07070F07">
    <MapTiles>
      <MapTile TileID="113" AltIDMod="0" />
    </MapTiles>
    <StaticTiles />
  </TransInfo>
  <TransInfo Description="Red Tile to Large Dirt AC" HashKey="0F070F070F07070F07">
    <MapTiles>
      <MapTile TileID="113" AltIDMod="0" />
    </MapTiles>
    <StaticTiles />
  </TransInfo>
  <TransInfo Description="Red Tile to Large Dirt AC" HashKey="0F070F0F0F070F0707">
    <MapTiles>
      <MapTile TileID="113" AltIDMod="0" />
    </MapTiles>
    <StaticTiles />
  </TransInfo>
  <TransInfo Description="Red Tile to Large Dirt AC" HashKey="0F070F070F070F0707">
    <MapTiles>
      <MapTile TileID="113" AltIDMod="0" />
    </MapTiles>
    <StaticTiles />
  </TransInfo>
  <TransInfo Description="Red Tile to Large Dirt AC" HashKey="0F070F0F0F07070707">
    <MapTiles>
      <MapTile TileID="113" AltIDMod="0" />
    </MapTiles>
    <StaticTiles />
  </TransInfo>
  <TransInfo Description="Red Tile to Large Dirt AC" HashKey="0F070F070F07070707">
    <MapTiles>
      <MapTile TileID="113" AltIDMod="0" />
    </MapTiles>
    <StaticTiles />
  </TransInfo>
  <TransInfo Description="Red Tile to Large Dirt AC" HashKey="0F07070F0F0F0F070F">
    <MapTiles>
      <MapTile TileID="113" AltIDMod="0" />
    </MapTiles>
    <StaticTiles />
  </TransInfo>
  <TransInfo Description="Red Tile to Large Dirt AC" HashKey="0F0707070F0F0F070F">
    <MapTiles>
      <MapTile TileID="113" AltIDMod="0" />
    </MapTiles>
    <StaticTiles />
  </TransInfo>
  <TransInfo Description="Red Tile to Large Dirt AC" HashKey="0F07070F0F0F07070F">
    <MapTiles>
      <MapTile TileID="113" AltIDMod="0" />
    </MapTiles>
    <StaticTiles />
  </TransInfo>
  <TransInfo Description="Red Tile to Large Dirt AC" HashKey="0F0707070F0F07070F">
    <MapTiles>
      <MapTile TileID="113" AltIDMod="0" />
    </MapTiles>
    <StaticTiles />
  </TransInfo>
  <TransInfo Description="Red Tile to Large Dirt AC" HashKey="0F0707070F0F0F0F07">
    <MapTiles>
      <MapTile TileID="113" AltIDMod="0" />
    </MapTiles>
    <StaticTiles />
  </TransInfo>
  <TransInfo Description="Red Tile to Large Dirt AC" HashKey="0F07070F0F0F070F07">
    <MapTiles>
      <MapTile TileID="113" AltIDMod="0" />
    </MapTiles>
    <StaticTiles />
  </TransInfo>
  <TransInfo Description="Red Tile to Large Dirt AC" HashKey="0F0707070F0F070F07">
    <MapTiles>
      <MapTile TileID="113" AltIDMod="0" />
    </MapTiles>
    <StaticTiles />
  </TransInfo>
  <TransInfo Description="Red Tile to Large Dirt AC" HashKey="0F07070F0F0F0F0707">
    <MapTiles>
      <MapTile TileID="113" AltIDMod="0" />
    </MapTiles>
    <StaticTiles />
  </TransInfo>
  <TransInfo Description="Red Tile to Large Dirt AC" HashKey="0F0707070F0F0F0707">
    <MapTiles>
      <MapTile TileID="113" AltIDMod="0" />
    </MapTiles>
    <StaticTiles />
  </TransInfo>
  <TransInfo Description="Red Tile to Large Dirt AC" HashKey="0F07070F0F0F070707">
    <MapTiles>
      <MapTile TileID="113" AltIDMod="0" />
    </MapTiles>
    <StaticTiles />
  </TransInfo>
  <TransInfo Description="Red Tile to Large Dirt AC" HashKey="0F0707070F0F070707">
    <MapTiles>
      <MapTile TileID="113" AltIDMod="0" />
    </MapTiles>
    <StaticTiles />
  </TransInfo>
  <TransInfo Description="Red Tile to Large Dirt AC" HashKey="0F0707070F070F0F0F">
    <MapTiles>
      <MapTile TileID="113" AltIDMod="0" />
    </MapTiles>
    <StaticTiles />
  </TransInfo>
  <TransInfo Description="Red Tile to Large Dirt AC" HashKey="0F07070F0F07070F0F">
    <MapTiles>
      <MapTile TileID="113" AltIDMod="0" />
    </MapTiles>
    <StaticTiles />
  </TransInfo>
  <TransInfo Description="Red Tile to Large Dirt AC" HashKey="0F0707070F07070F0F">
    <MapTiles>
      <MapTile TileID="113" AltIDMod="0" />
    </MapTiles>
    <StaticTiles />
  </TransInfo>
  <TransInfo Description="Red Tile to Large Dirt AC" HashKey="0F07070F0F070F070F">
    <MapTiles>
      <MapTile TileID="113" AltIDMod="0" />
    </MapTiles>
    <StaticTiles />
  </TransInfo>
  <TransInfo Description="Red Tile to Large Dirt AC" HashKey="0F0707070F070F070F">
    <MapTiles>
      <MapTile TileID="113" AltIDMod="0" />
    </MapTiles>
    <StaticTiles />
  </TransInfo>
  <TransInfo Description="Red Tile to Large Dirt AC" HashKey="0F07070F0F0707070F">
    <MapTiles>
      <MapTile TileID="113" AltIDMod="0" />
    </MapTiles>
    <StaticTiles />
  </TransInfo>
  <TransInfo Description="Red Tile to Large Dirt AC" HashKey="0F0707070F0707070F">
    <MapTiles>
      <MapTile TileID="113" AltIDMod="0" />
    </MapTiles>
    <StaticTiles />
  </TransInfo>
  <TransInfo Description="Red Tile to Large Dirt AC" HashKey="0F0707070F070F0F07">
    <MapTiles>
      <MapTile TileID="113" AltIDMod="0" />
    </MapTiles>
    <StaticTiles />
  </TransInfo>
  <TransInfo Description="Red Tile to Large Dirt AC" HashKey="0F07070F0F07070F07">
    <MapTiles>
      <MapTile TileID="113" AltIDMod="0" />
    </MapTiles>
    <StaticTiles />
  </TransInfo>
  <TransInfo Description="Red Tile to Large Dirt AC" HashKey="0F0707070F07070F07">
    <MapTiles>
      <MapTile TileID="113" AltIDMod="0" />
    </MapTiles>
    <StaticTiles />
  </TransInfo>
  <TransInfo Description="Red Tile to Large Dirt AC" HashKey="0F07070F0F070F0707">
    <MapTiles>
      <MapTile TileID="113" AltIDMod="0" />
    </MapTiles>
    <StaticTiles />
  </TransInfo>
  <TransInfo Description="Red Tile to Large Dirt AC" HashKey="0F0707070F070F0707">
    <MapTiles>
      <MapTile TileID="113" AltIDMod="0" />
    </MapTiles>
    <StaticTiles />
  </TransInfo>
  <TransInfo Description="Red Tile to Large Dirt AC" HashKey="0F07070F0F07070707">
    <MapTiles>
      <MapTile TileID="113" AltIDMod="0" />
    </MapTiles>
    <StaticTiles />
  </TransInfo>
  <TransInfo Description="Red Tile to Large Dirt AC" HashKey="0F0707070F07070707">
    <MapTiles>
      <MapTile TileID="113" AltIDMod="0" />
    </MapTiles>
    <StaticTiles />
  </TransInfo>
  <TransInfo Description="Red Tile to Large Dirt AC" HashKey="070F0F070F070F0F0F">
    <MapTiles>
      <MapTile TileID="113" AltIDMod="0" />
    </MapTiles>
    <StaticTiles />
  </TransInfo>
  <TransInfo Description="Red Tile to Large Dirt AC" HashKey="070F0F0F0F07070F0F">
    <MapTiles>
      <MapTile TileID="113" AltIDMod="0" />
    </MapTiles>
    <StaticTiles />
  </TransInfo>
  <TransInfo Description="Red Tile to Large Dirt AC" HashKey="070F0F070F07070F0F">
    <MapTiles>
      <MapTile TileID="113" AltIDMod="0" />
    </MapTiles>
    <StaticTiles />
  </TransInfo>
  <TransInfo Description="Red Tile to Large Dirt AC" HashKey="070F0F0F0F070F070F">
    <MapTiles>
      <MapTile TileID="113" AltIDMod="0" />
    </MapTiles>
    <StaticTiles />
  </TransInfo>
  <TransInfo Description="Red Tile to Large Dirt AC" HashKey="070F0F070F070F070F">
    <MapTiles>
      <MapTile TileID="113" AltIDMod="0" />
    </MapTiles>
    <StaticTiles />
  </TransInfo>
  <TransInfo Description="Red Tile to Large Dirt AC" HashKey="070F0F0F0F0707070F">
    <MapTiles>
      <MapTile TileID="113" AltIDMod="0" />
    </MapTiles>
    <StaticTiles />
  </TransInfo>
  <TransInfo Description="Red Tile to Large Dirt AC" HashKey="070F0F070F0707070F">
    <MapTiles>
      <MapTile TileID="113" AltIDMod="0" />
    </MapTiles>
    <StaticTiles />
  </TransInfo>
  <TransInfo Description="Red Tile to Large Dirt AC" HashKey="070F0F070F070F0F07">
    <MapTiles>
      <MapTile TileID="113" AltIDMod="0" />
    </MapTiles>
    <StaticTiles />
  </TransInfo>
  <TransInfo Description="Red Tile to Large Dirt AC" HashKey="070F0F0F0F07070F07">
    <MapTiles>
      <MapTile TileID="113" AltIDMod="0" />
    </MapTiles>
    <StaticTiles />
  </TransInfo>
  <TransInfo Description="Red Tile to Large Dirt AC" HashKey="070F0F070F07070F07">
    <MapTiles>
      <MapTile TileID="113" AltIDMod="0" />
    </MapTiles>
    <StaticTiles />
  </TransInfo>
  <TransInfo Description="Red Tile to Large Dirt AC" HashKey="070F0F0F0F070F0707">
    <MapTiles>
      <MapTile TileID="113" AltIDMod="0" />
    </MapTiles>
    <StaticTiles />
  </TransInfo>
  <TransInfo Description="Red Tile to Large Dirt AC" HashKey="070F0F070F070F0707">
    <MapTiles>
      <MapTile TileID="113" AltIDMod="0" />
    </MapTiles>
    <StaticTiles />
  </TransInfo>
  <TransInfo Description="Red Tile to Large Dirt AC" HashKey="070F0F0F0F07070707">
    <MapTiles>
      <MapTile TileID="113" AltIDMod="0" />
    </MapTiles>
    <StaticTiles />
  </TransInfo>
  <TransInfo Description="Red Tile to Large Dirt AC" HashKey="070F0F070F07070707">
    <MapTiles>
      <MapTile TileID="113" AltIDMod="0" />
    </MapTiles>
    <StaticTiles />
  </TransInfo>
  <TransInfo Description="Red Tile to Large Dirt AC" HashKey="070F070F0F0F0F070F">
    <MapTiles>
      <MapTile TileID="113" AltIDMod="0" />
    </MapTiles>
    <StaticTiles />
  </TransInfo>
  <TransInfo Description="Red Tile to Large Dirt AC" HashKey="070F07070F0F0F070F">
    <MapTiles>
      <MapTile TileID="113" AltIDMod="0" />
    </MapTiles>
    <StaticTiles />
  </TransInfo>
  <TransInfo Description="Red Tile to Large Dirt AC" HashKey="070F070F0F0F07070F">
    <MapTiles>
      <MapTile TileID="113" AltIDMod="0" />
    </MapTiles>
    <StaticTiles />
  </TransInfo>
  <TransInfo Description="Red Tile to Large Dirt AC" HashKey="070F07070F0F07070F">
    <MapTiles>
      <MapTile TileID="113" AltIDMod="0" />
    </MapTiles>
    <StaticTiles />
  </TransInfo>
  <TransInfo Description="Red Tile to Large Dirt AC" HashKey="070F07070F0F0F0F07">
    <MapTiles>
      <MapTile TileID="113" AltIDMod="0" />
    </MapTiles>
    <StaticTiles />
  </TransInfo>
  <TransInfo Description="Red Tile to Large Dirt AC" HashKey="070F070F0F0F070F07">
    <MapTiles>
      <MapTile TileID="113" AltIDMod="0" />
    </MapTiles>
    <StaticTiles />
  </TransInfo>
  <TransInfo Description="Red Tile to Large Dirt AC" HashKey="070F07070F0F070F07">
    <MapTiles>
      <MapTile TileID="113" AltIDMod="0" />
    </MapTiles>
    <StaticTiles />
  </TransInfo>
  <TransInfo Description="Red Tile to Large Dirt AC" HashKey="070F070F0F0F0F0707">
    <MapTiles>
      <MapTile TileID="113" AltIDMod="0" />
    </MapTiles>
    <StaticTiles />
  </TransInfo>
  <TransInfo Description="Red Tile to Large Dirt AC" HashKey="070F07070F0F0F0707">
    <MapTiles>
      <MapTile TileID="113" AltIDMod="0" />
    </MapTiles>
    <StaticTiles />
  </TransInfo>
  <TransInfo Description="Red Tile to Large Dirt AC" HashKey="070F070F0F0F070707">
    <MapTiles>
      <MapTile TileID="113" AltIDMod="0" />
    </MapTiles>
    <StaticTiles />
  </TransInfo>
  <TransInfo Description="Red Tile to Large Dirt AC" HashKey="070F07070F0F070707">
    <MapTiles>
      <MapTile TileID="113" AltIDMod="0" />
    </MapTiles>
    <StaticTiles />
  </TransInfo>
  <TransInfo Description="Red Tile to Large Dirt AC" HashKey="070F07070F070F0F0F">
    <MapTiles>
      <MapTile TileID="113" AltIDMod="0" />
    </MapTiles>
    <StaticTiles />
  </TransInfo>
  <TransInfo Description="Red Tile to Large Dirt AC" HashKey="070F070F0F07070F0F">
    <MapTiles>
      <MapTile TileID="113" AltIDMod="0" />
    </MapTiles>
    <StaticTiles />
  </TransInfo>
  <TransInfo Description="Red Tile to Large Dirt AC" HashKey="070F07070F07070F0F">
    <MapTiles>
      <MapTile TileID="113" AltIDMod="0" />
    </MapTiles>
    <StaticTiles />
  </TransInfo>
  <TransInfo Description="Red Tile to Large Dirt AC" HashKey="070F070F0F070F070F">
    <MapTiles>
      <MapTile TileID="113" AltIDMod="0" />
    </MapTiles>
    <StaticTiles />
  </TransInfo>
  <TransInfo Description="Red Tile to Large Dirt AC" HashKey="070F07070F070F070F">
    <MapTiles>
      <MapTile TileID="113" AltIDMod="0" />
    </MapTiles>
    <StaticTiles />
  </TransInfo>
  <TransInfo Description="Red Tile to Large Dirt AC" HashKey="070F070F0F0707070F">
    <MapTiles>
      <MapTile TileID="113" AltIDMod="0" />
    </MapTiles>
    <StaticTiles />
  </TransInfo>
  <TransInfo Description="Red Tile to Large Dirt AC" HashKey="070F07070F0707070F">
    <MapTiles>
      <MapTile TileID="113" AltIDMod="0" />
    </MapTiles>
    <StaticTiles />
  </TransInfo>
  <TransInfo Description="Red Tile to Large Dirt AC" HashKey="070F07070F070F0F07">
    <MapTiles>
      <MapTile TileID="113" AltIDMod="0" />
    </MapTiles>
    <StaticTiles />
  </TransInfo>
  <TransInfo Description="Red Tile to Large Dirt AC" HashKey="070F070F0F07070F07">
    <MapTiles>
      <MapTile TileID="113" AltIDMod="0" />
    </MapTiles>
    <StaticTiles />
  </TransInfo>
  <TransInfo Description="Red Tile to Large Dirt AC" HashKey="070F07070F07070F07">
    <MapTiles>
      <MapTile TileID="113" AltIDMod="0" />
    </MapTiles>
    <StaticTiles />
  </TransInfo>
  <TransInfo Description="Red Tile to Large Dirt AC" HashKey="070F070F0F070F0707">
    <MapTiles>
      <MapTile TileID="113" AltIDMod="0" />
    </MapTiles>
    <StaticTiles />
  </TransInfo>
  <TransInfo Description="Red Tile to Large Dirt AC" HashKey="070F07070F070F0707">
    <MapTiles>
      <MapTile TileID="113" AltIDMod="0" />
    </MapTiles>
    <StaticTiles />
  </TransInfo>
  <TransInfo Description="Red Tile to Large Dirt AC" HashKey="070F070F0F07070707">
    <MapTiles>
      <MapTile TileID="113" AltIDMod="0" />
    </MapTiles>
    <StaticTiles />
  </TransInfo>
  <TransInfo Description="Red Tile to Large Dirt AC" HashKey="070F07070F07070707">
    <MapTiles>
      <MapTile TileID="113" AltIDMod="0" />
    </MapTiles>
    <StaticTiles />
  </TransInfo>
  <TransInfo Description="Red Tile to Large Dirt AC" HashKey="07070F0F0F0F0F070F">
    <MapTiles>
      <MapTile TileID="113" AltIDMod="0" />
    </MapTiles>
    <StaticTiles />
  </TransInfo>
  <TransInfo Description="Red Tile to Large Dirt AC" HashKey="07070F070F0F0F070F">
    <MapTiles>
      <MapTile TileID="113" AltIDMod="0" />
    </MapTiles>
    <StaticTiles />
  </TransInfo>
  <TransInfo Description="Red Tile to Large Dirt AC" HashKey="07070F0F0F0F07070F">
    <MapTiles>
      <MapTile TileID="113" AltIDMod="0" />
    </MapTiles>
    <StaticTiles />
  </TransInfo>
  <TransInfo Description="Red Tile to Large Dirt AC" HashKey="07070F070F0F07070F">
    <MapTiles>
      <MapTile TileID="113" AltIDMod="0" />
    </MapTiles>
    <StaticTiles />
  </TransInfo>
  <TransInfo Description="Red Tile to Large Dirt AC" HashKey="07070F070F0F0F0F07">
    <MapTiles>
      <MapTile TileID="113" AltIDMod="0" />
    </MapTiles>
    <StaticTiles />
  </TransInfo>
  <TransInfo Description="Red Tile to Large Dirt AC" HashKey="07070F0F0F0F070F07">
    <MapTiles>
      <MapTile TileID="113" AltIDMod="0" />
    </MapTiles>
    <StaticTiles />
  </TransInfo>
  <TransInfo Description="Red Tile to Large Dirt AC" HashKey="07070F070F0F070F07">
    <MapTiles>
      <MapTile TileID="113" AltIDMod="0" />
    </MapTiles>
    <StaticTiles />
  </TransInfo>
  <TransInfo Description="Red Tile to Large Dirt AC" HashKey="07070F0F0F0F0F0707">
    <MapTiles>
      <MapTile TileID="113" AltIDMod="0" />
    </MapTiles>
    <StaticTiles />
  </TransInfo>
  <TransInfo Description="Red Tile to Large Dirt AC" HashKey="07070F070F0F0F0707">
    <MapTiles>
      <MapTile TileID="113" AltIDMod="0" />
    </MapTiles>
    <StaticTiles />
  </TransInfo>
  <TransInfo Description="Red Tile to Large Dirt AC" HashKey="07070F0F0F0F070707">
    <MapTiles>
      <MapTile TileID="113" AltIDMod="0" />
    </MapTiles>
    <StaticTiles />
  </TransInfo>
  <TransInfo Description="Red Tile to Large Dirt AC" HashKey="07070F070F0F070707">
    <MapTiles>
      <MapTile TileID="113" AltIDMod="0" />
    </MapTiles>
    <StaticTiles />
  </TransInfo>
  <TransInfo Description="Red Tile to Large Dirt AC" HashKey="07070F070F070F0F0F">
    <MapTiles>
      <MapTile TileID="113" AltIDMod="0" />
    </MapTiles>
    <StaticTiles />
  </TransInfo>
  <TransInfo Description="Red Tile to Large Dirt AC" HashKey="07070F0F0F07070F0F">
    <MapTiles>
      <MapTile TileID="113" AltIDMod="0" />
    </MapTiles>
    <StaticTiles />
  </TransInfo>
  <TransInfo Description="Red Tile to Large Dirt AC" HashKey="07070F070F07070F0F">
    <MapTiles>
      <MapTile TileID="113" AltIDMod="0" />
    </MapTiles>
    <StaticTiles />
  </TransInfo>
  <TransInfo Description="Red Tile to Large Dirt AC" HashKey="07070F0F0F070F070F">
    <MapTiles>
      <MapTile TileID="113" AltIDMod="0" />
    </MapTiles>
    <StaticTiles />
  </TransInfo>
  <TransInfo Description="Red Tile to Large Dirt AC" HashKey="07070F070F070F070F">
    <MapTiles>
      <MapTile TileID="113" AltIDMod="0" />
    </MapTiles>
    <StaticTiles />
  </TransInfo>
  <TransInfo Description="Red Tile to Large Dirt AC" HashKey="07070F0F0F0707070F">
    <MapTiles>
      <MapTile TileID="113" AltIDMod="0" />
    </MapTiles>
    <StaticTiles />
  </TransInfo>
  <TransInfo Description="Red Tile to Large Dirt AC" HashKey="07070F070F0707070F">
    <MapTiles>
      <MapTile TileID="113" AltIDMod="0" />
    </MapTiles>
    <StaticTiles />
  </TransInfo>
  <TransInfo Description="Red Tile to Large Dirt AC" HashKey="07070F070F070F0F07">
    <MapTiles>
      <MapTile TileID="113" AltIDMod="0" />
    </MapTiles>
    <StaticTiles />
  </TransInfo>
  <TransInfo Description="Red Tile to Large Dirt AC" HashKey="07070F0F0F07070F07">
    <MapTiles>
      <MapTile TileID="113" AltIDMod="0" />
    </MapTiles>
    <StaticTiles />
  </TransInfo>
  <TransInfo Description="Red Tile to Large Dirt AC" HashKey="07070F070F07070F07">
    <MapTiles>
      <MapTile TileID="113" AltIDMod="0" />
    </MapTiles>
    <StaticTiles />
  </TransInfo>
  <TransInfo Description="Red Tile to Large Dirt AC" HashKey="07070F0F0F070F0707">
    <MapTiles>
      <MapTile TileID="113" AltIDMod="0" />
    </MapTiles>
    <StaticTiles />
  </TransInfo>
  <TransInfo Description="Red Tile to Large Dirt AC" HashKey="07070F070F070F0707">
    <MapTiles>
      <MapTile TileID="113" AltIDMod="0" />
    </MapTiles>
    <StaticTiles />
  </TransInfo>
  <TransInfo Description="Red Tile to Large Dirt AC" HashKey="07070F0F0F07070707">
    <MapTiles>
      <MapTile TileID="113" AltIDMod="0" />
    </MapTiles>
    <StaticTiles />
  </TransInfo>
  <TransInfo Description="Red Tile to Large Dirt AC" HashKey="07070F070F07070707">
    <MapTiles>
      <MapTile TileID="113" AltIDMod="0" />
    </MapTiles>
    <StaticTiles />
  </TransInfo>
  <TransInfo Description="Red Tile to Large Dirt AC" HashKey="0707070F0F0F0F070F">
    <MapTiles>
      <MapTile TileID="113" AltIDMod="0" />
    </MapTiles>
    <StaticTiles />
  </TransInfo>
  <TransInfo Description="Red Tile to Large Dirt AC" HashKey="070707070F0F0F070F">
    <MapTiles>
      <MapTile TileID="113" AltIDMod="0" />
    </MapTiles>
    <StaticTiles />
  </TransInfo>
  <TransInfo Description="Red Tile to Large Dirt AC" HashKey="0707070F0F0F07070F">
    <MapTiles>
      <MapTile TileID="113" AltIDMod="0" />
    </MapTiles>
    <StaticTiles />
  </TransInfo>
  <TransInfo Description="Red Tile to Large Dirt AC" HashKey="070707070F0F07070F">
    <MapTiles>
      <MapTile TileID="113" AltIDMod="0" />
    </MapTiles>
    <StaticTiles />
  </TransInfo>
  <TransInfo Description="Red Tile to Large Dirt AC" HashKey="070707070F0F0F0F07">
    <MapTiles>
      <MapTile TileID="113" AltIDMod="0" />
    </MapTiles>
    <StaticTiles />
  </TransInfo>
  <TransInfo Description="Red Tile to Large Dirt AC" HashKey="0707070F0F0F070F07">
    <MapTiles>
      <MapTile TileID="113" AltIDMod="0" />
    </MapTiles>
    <StaticTiles />
  </TransInfo>
  <TransInfo Description="Red Tile to Large Dirt AC" HashKey="070707070F0F070F07">
    <MapTiles>
      <MapTile TileID="113" AltIDMod="0" />
    </MapTiles>
    <StaticTiles />
  </TransInfo>
  <TransInfo Description="Red Tile to Large Dirt AC" HashKey="0707070F0F0F0F0707">
    <MapTiles>
      <MapTile TileID="113" AltIDMod="0" />
    </MapTiles>
    <StaticTiles />
  </TransInfo>
  <TransInfo Description="Red Tile to Large Dirt AC" HashKey="070707070F0F0F0707">
    <MapTiles>
      <MapTile TileID="113" AltIDMod="0" />
    </MapTiles>
    <StaticTiles />
  </TransInfo>
  <TransInfo Description="Red Tile to Large Dirt AC" HashKey="0707070F0F0F070707">
    <MapTiles>
      <MapTile TileID="113" AltIDMod="0" />
    </MapTiles>
    <StaticTiles />
  </TransInfo>
  <TransInfo Description="Red Tile to Large Dirt AC" HashKey="070707070F0F070707">
    <MapTiles>
      <MapTile TileID="113" AltIDMod="0" />
    </MapTiles>
    <StaticTiles />
  </TransInfo>
  <TransInfo Description="Red Tile to Large Dirt AC" HashKey="070707070F070F0F0F">
    <MapTiles>
      <MapTile TileID="113" AltIDMod="0" />
    </MapTiles>
    <StaticTiles />
  </TransInfo>
  <TransInfo Description="Red Tile to Large Dirt AC" HashKey="0707070F0F07070F0F">
    <MapTiles>
      <MapTile TileID="113" AltIDMod="0" />
    </MapTiles>
    <StaticTiles />
  </TransInfo>
  <TransInfo Description="Red Tile to Large Dirt AC" HashKey="070707070F07070F0F">
    <MapTiles>
      <MapTile TileID="113" AltIDMod="0" />
    </MapTiles>
    <StaticTiles />
  </TransInfo>
  <TransInfo Description="Red Tile to Large Dirt AC" HashKey="0707070F0F070F070F">
    <MapTiles>
      <MapTile TileID="113" AltIDMod="0" />
    </MapTiles>
    <StaticTiles />
  </TransInfo>
  <TransInfo Description="Red Tile to Large Dirt AC" HashKey="070707070F070F070F">
    <MapTiles>
      <MapTile TileID="113" AltIDMod="0" />
    </MapTiles>
    <StaticTiles />
  </TransInfo>
  <TransInfo Description="Red Tile to Large Dirt AC" HashKey="0707070F0F0707070F">
    <MapTiles>
      <MapTile TileID="113" AltIDMod="0" />
    </MapTiles>
    <StaticTiles />
  </TransInfo>
  <TransInfo Description="Red Tile to Large Dirt AC" HashKey="070707070F0707070F">
    <MapTiles>
      <MapTile TileID="113" AltIDMod="0" />
    </MapTiles>
    <StaticTiles />
  </TransInfo>
  <TransInfo Description="Red Tile to Large Dirt AC" HashKey="070707070F070F0F07">
    <MapTiles>
      <MapTile TileID="113" AltIDMod="0" />
    </MapTiles>
    <StaticTiles />
  </TransInfo>
  <TransInfo Description="Red Tile to Large Dirt AC" HashKey="0707070F0F07070F07">
    <MapTiles>
      <MapTile TileID="113" AltIDMod="0" />
    </MapTiles>
    <StaticTiles />
  </TransInfo>
  <TransInfo Description="Red Tile to Large Dirt AC" HashKey="070707070F07070F07">
    <MapTiles>
      <MapTile TileID="113" AltIDMod="0" />
    </MapTiles>
    <StaticTiles />
  </TransInfo>
  <TransInfo Description="Red Tile to Large Dirt AC" HashKey="0707070F0F070F0707">
    <MapTiles>
      <MapTile TileID="113" AltIDMod="0" />
    </MapTiles>
    <StaticTiles />
  </TransInfo>
  <TransInfo Description="Red Tile to Large Dirt AC" HashKey="070707070F070F0707">
    <MapTiles>
      <MapTile TileID="113" AltIDMod="0" />
    </MapTiles>
    <StaticTiles />
  </TransInfo>
  <TransInfo Description="Red Tile to Large Dirt AC" HashKey="0707070F0F07070707">
    <MapTiles>
      <MapTile TileID="113" AltIDMod="0" />
    </MapTiles>
    <StaticTiles />
  </TransInfo>
  <TransInfo Description="Red Tile to Large Dirt AC" HashKey="070707070F07070707">
    <MapTiles>
      <MapTile TileID="113" AltIDMod="0" />
    </MapTiles>
    <StaticTiles />
  </TransInfo>
  <TransInfo Description="Red Tile to Large Dirt IWE" HashKey="070F0F0F0F0F0F0F07">
    <MapTiles>
      <MapTile TileID="113" AltIDMod="0" />
    </MapTiles>
    <StaticTiles />
  </TransInfo>
  <TransInfo Description="Red Tile to Large Dirt INS" HashKey="0F0F070F0F0F070F0F">
    <MapTiles>
      <MapTile TileID="113" AltIDMod="0" />
    </MapTiles>
    <StaticTiles />
  </TransInfo>
</Trans>