<Spawns>
  <Points>
    <Name>stealablearty</Name>
    <UniqueId>c58c16e1-3d36-45c0-b1eb-e60b4fb4bdb0</UniqueId>
    <Map>Trammel</Map>
    <X>1410</X>
    <Y>1716</Y>
    <Width>0</Width>
    <Height>0</Height>
    <CentreX>1410</CentreX>
    <CentreY>1716</CentreY>
    <CentreZ>40</CentreZ>
    <Range>5</Range>
    <MaxCount>8</MaxCount>
    <MinDelay>0</MinDelay>
    <MaxDelay>0</MaxDelay>
    <DelayInSec>False</DelayInSec>
    <Duration>0</Duration>
    <DespawnTime>0</DespawnTime>
    <ProximityRange>-1</ProximityRange>
    <ProximityTriggerSound>500</ProximityTriggerSound>
    <TriggerProbability>1</TriggerProbability>
    <InContainer>False</InContainer>
    <MinRefractory>0</MinRefractory>
    <MaxRefractory>0</MaxRefractory>
    <TODStart>0</TODStart>
    <TODEnd>0</TODEnd>
    <TODMode>0</TODMode>
    <KillReset>1</KillReset>
    <ExternalTriggering>False</ExternalTriggering>
    <SequentialSpawning>4</SequentialSpawning>
    <AllowGhostTriggering>False</AllowGhostTriggering>
    <AllowNPCTriggering>False</AllowNPCTriggering>
    <SpawnOnTrigger>False</SpawnOnTrigger>
    <SmartSpawning>False</SmartSpawning>
    <Team>0</Team>
    <Amount>1</Amount>
    <IsGroup>False</IsGroup>
    <IsRunning>True</IsRunning>
    <IsHomeRangeRelative>True</IsHomeRangeRelative>
    <Objects2>katana/name/My katana!/movable/false/STEALABLE/true:MX=1:SB=1:RT=0:TO=0:KL=0:RK=0:CA=0:DN=-1:DX=-1:SP=1:PR=-1:OBJ=SETVAR,OriginalName/{GETONSPAWN,1,name}:MX=1:SB=2:RT=0:TO=0:KL=0:RK=0:CA=1:DN=-1:DX=-1:SP=1:PR=-1:OBJ=SETVAR,OriginalSerial/{GETONSPAWN,1,Serial}:MX=1:SB=2:RT=0:TO=0:KL=0:RK=0:CA=1:DN=-1:DX=-1:SP=1:PR=-1:OBJ=SETONSPAWN,1/name/{GETVAR,OriginalName} (stealable):MX=1:SB=3:RT=0:TO=0:KL=0:RK=0:CA=1:DN=-1:DX=-1:SP=1:PR=-1:OBJ=#CONDITION,GET,{GETVAR,OriginalSerial},movable=true ; GOTO/6:MX=1:SB=4:RT=0:TO=0:KL=0:RK=0:CA=1:DN=-1:DX=-1:SP=1:PR=-1:OBJ=GOTO/4:MX=1:SB=5:RT=0:TO=0:KL=0:RK=0:CA=1:DN=-1:DX=-1:SP=1:PR=-1:OBJ=SET,{GETVAR,OriginalSerial}/name/{GETVAR,OriginalName}:MX=1:SB=6:RT=0:TO=0:KL=0:RK=0:CA=1:DN=-1:DX=-1:SP=1:PR=-1:OBJ=SETONTHIS/Nextspawn/1.00:00:00:MX=1:SB=6:RT=0:TO=0:KL=0:RK=0:CA=1:DN=-1:DX=-1:SP=1:PR=-1</Objects2>
  </Points>
</Spawns>