﻿<?xml version="1.0" encoding="utf-8"?>
<Trans>
    <TransInfo Description="Blue Tile to Cobblestones SN" HashKey="181818111111111111">
    <MapTiles>
      <MapTile TileID="1049" AltIDMod="0" />
    </MapTiles>
    <StaticTiles />
  </TransInfo>
  <TransInfo Description="Blue Tile to Cobblestones SN" HashKey="111818111111111111">
    <MapTiles>
      <MapTile TileID="1049" AltIDMod="0" />
    </MapTiles>
    <StaticTiles />
  </TransInfo>
  <TransInfo Description="Blue Tile to Cobblestones SN" HashKey="181811111111111111">
    <MapTiles>
      <MapTile TileID="1049" AltIDMod="0" />
    </MapTiles>
    <StaticTiles />
  </TransInfo>
  <TransInfo Description="Blue Tile to Cobblestones SN" HashKey="111811111111111111">
    <MapTiles>
      <MapTile TileID="1049" AltIDMod="0" />
    </MapTiles>
    <StaticTiles />
  </TransInfo>
  <TransInfo Description="Blue Tile to Cobblestones SN" HashKey="181118111111111111">
    <MapTiles>
      <MapTile TileID="1049" AltIDMod="0" />
    </MapTiles>
    <StaticTiles />
  </TransInfo>
  <TransInfo Description="Blue Tile to Cobblestones EW" HashKey="181111181111181111">
    <MapTiles>
      <MapTile TileID="1048" AltIDMod="0" />
    </MapTiles>
    <StaticTiles />
  </TransInfo>
  <TransInfo Description="Blue Tile to Cobblestones EW" HashKey="181111181111111111">
    <MapTiles>
      <MapTile TileID="1048" AltIDMod="0" />
    </MapTiles>
    <StaticTiles />
  </TransInfo>
  <TransInfo Description="Blue Tile to Cobblestones EW" HashKey="111111181111181111">
    <MapTiles>
      <MapTile TileID="1048" AltIDMod="0" />
    </MapTiles>
    <StaticTiles />
  </TransInfo>
  <TransInfo Description="Blue Tile to Cobblestones EW" HashKey="111111181111111111">
    <MapTiles>
      <MapTile TileID="1048" AltIDMod="0" />
    </MapTiles>
    <StaticTiles />
  </TransInfo>
  <TransInfo Description="Blue Tile to Cobblestones EW" HashKey="181111111111181111">
    <MapTiles>
      <MapTile TileID="1048" AltIDMod="0" />
    </MapTiles>
    <StaticTiles />
  </TransInfo>
  <TransInfo Description="Blue Tile to Cobblestones WE" HashKey="111118111118111118">
    <MapTiles>
      <MapTile TileID="1046" AltIDMod="0" />
    </MapTiles>
    <StaticTiles />
  </TransInfo>
  <TransInfo Description="Blue Tile to Cobblestones WE" HashKey="111111111118111118">
    <MapTiles>
      <MapTile TileID="1046" AltIDMod="0" />
    </MapTiles>
    <StaticTiles />
  </TransInfo>
  <TransInfo Description="Blue Tile to Cobblestones WE" HashKey="111118111118111111">
    <MapTiles>
      <MapTile TileID="1046" AltIDMod="0" />
    </MapTiles>
    <StaticTiles />
  </TransInfo>
  <TransInfo Description="Blue Tile to Cobblestones WE" HashKey="111111111118111111">
    <MapTiles>
      <MapTile TileID="1046" AltIDMod="0" />
    </MapTiles>
    <StaticTiles />
  </TransInfo>
  <TransInfo Description="Blue Tile to Cobblestones WE" HashKey="111118111111111118">
    <MapTiles>
      <MapTile TileID="1046" AltIDMod="0" />
    </MapTiles>
    <StaticTiles />
  </TransInfo>
  <TransInfo Description="Blue Tile to Cobblestones NS" HashKey="111111111111181818">
    <MapTiles>
      <MapTile TileID="1047" AltIDMod="0" />
    </MapTiles>
    <StaticTiles />
  </TransInfo>
  <TransInfo Description="Blue Tile to Cobblestones NS" HashKey="111111111111181811">
    <MapTiles>
      <MapTile TileID="1047" AltIDMod="0" />
    </MapTiles>
    <StaticTiles />
  </TransInfo>
  <TransInfo Description="Blue Tile to Cobblestones NS" HashKey="111111111111111818">
    <MapTiles>
      <MapTile TileID="1047" AltIDMod="0" />
    </MapTiles>
    <StaticTiles />
  </TransInfo>
  <TransInfo Description="Blue Tile to Cobblestones NS" HashKey="111111111111111811">
    <MapTiles>
      <MapTile TileID="1047" AltIDMod="0" />
    </MapTiles>
    <StaticTiles />
  </TransInfo>
  <TransInfo Description="Blue Tile to Cobblestones NS" HashKey="111111111111181118">
    <MapTiles>
      <MapTile TileID="1047" AltIDMod="0" />
    </MapTiles>
    <StaticTiles />
  </TransInfo>
  <TransInfo Description="Blue Tile to Cobblestones NWA" HashKey="111118111118181818">
    <MapTiles>
      <MapTile TileID="1052" AltIDMod="0" />
    </MapTiles>
    <StaticTiles />
  </TransInfo>
  <TransInfo Description="Blue Tile to Cobblestones NWA" HashKey="111111111118181818">
    <MapTiles>
      <MapTile TileID="1052" AltIDMod="0" />
    </MapTiles>
    <StaticTiles />
  </TransInfo>
  <TransInfo Description="Blue Tile to Cobblestones NWA" HashKey="111118111118111818">
    <MapTiles>
      <MapTile TileID="1052" AltIDMod="0" />
    </MapTiles>
    <StaticTiles />
  </TransInfo>
  <TransInfo Description="Blue Tile to Cobblestones NWA" HashKey="111111111118111818">
    <MapTiles>
      <MapTile TileID="1052" AltIDMod="0" />
    </MapTiles>
    <StaticTiles />
  </TransInfo>
  <TransInfo Description="Blue Tile to Cobblestones NWA" HashKey="111111111118111811">
    <MapTiles>
      <MapTile TileID="1052" AltIDMod="0" />
    </MapTiles>
    <StaticTiles />
  </TransInfo>
  <TransInfo Description="Blue Tile to Cobblestones NWA" HashKey="111118111111111818">
    <MapTiles>
      <MapTile TileID="1052" AltIDMod="0" />
    </MapTiles>
    <StaticTiles />
  </TransInfo>
  <TransInfo Description="Blue Tile to Cobblestones NWA" HashKey="111118111111181818">
    <MapTiles>
      <MapTile TileID="1052" AltIDMod="0" />
    </MapTiles>
    <StaticTiles />
  </TransInfo>
  <TransInfo Description="Blue Tile to Cobblestones NWA" HashKey="111118111111181811">
    <MapTiles>
      <MapTile TileID="1052" AltIDMod="0" />
    </MapTiles>
    <StaticTiles />
  </TransInfo>
  <TransInfo Description="Blue Tile to Cobblestones NWA" HashKey="111111111118181118">
    <MapTiles>
      <MapTile TileID="1052" AltIDMod="0" />
    </MapTiles>
    <StaticTiles />
  </TransInfo>
  <TransInfo Description="Blue Tile to Cobblestones NWA" HashKey="111118111118181118">
    <MapTiles>
      <MapTile TileID="1052" AltIDMod="0" />
    </MapTiles>
    <StaticTiles />
  </TransInfo>
  <TransInfo Description="Blue Tile to Cobblestones NWA" HashKey="111118111118181811">
    <MapTiles>
      <MapTile TileID="1052" AltIDMod="0" />
    </MapTiles>
    <StaticTiles />
  </TransInfo>
  <TransInfo Description="Blue Tile to Cobblestones NWA" HashKey="111118111118181111">
    <MapTiles>
      <MapTile TileID="1052" AltIDMod="0" />
    </MapTiles>
    <StaticTiles />
  </TransInfo>
  <TransInfo Description="Blue Tile to Cobblestones NWA" HashKey="111118111111111811">
    <MapTiles>
      <MapTile TileID="1052" AltIDMod="0" />
    </MapTiles>
    <StaticTiles />
  </TransInfo>
  <TransInfo Description="Blue Tile to Cobblestones NWA" HashKey="111111111118181111">
    <MapTiles>
      <MapTile TileID="1052" AltIDMod="0" />
    </MapTiles>
    <StaticTiles />
  </TransInfo>
  <TransInfo Description="Blue Tile to Cobblestones NWA" HashKey="111118111118111811">
    <MapTiles>
      <MapTile TileID="1052" AltIDMod="0" />
    </MapTiles>
    <StaticTiles />
  </TransInfo>
  <TransInfo Description="Blue Tile to Cobblestones NWA" HashKey="111118111111181118">
    <MapTiles>
      <MapTile TileID="1052" AltIDMod="0" />
    </MapTiles>
    <StaticTiles />
  </TransInfo>
  <TransInfo Description="Blue Tile to Cobblestones NWA" HashKey="111111111118181811">
    <MapTiles>
      <MapTile TileID="1052" AltIDMod="0" />
    </MapTiles>
    <StaticTiles />
  </TransInfo>
  <TransInfo Description="Blue Tile to Cobblestones SEA" HashKey="181818181111181111">
    <MapTiles>
      <MapTile TileID="1050" AltIDMod="0" />
    </MapTiles>
    <StaticTiles />
  </TransInfo>
  <TransInfo Description="Blue Tile to Cobblestones SEA" HashKey="181811181111181111">
    <MapTiles>
      <MapTile TileID="1050" AltIDMod="0" />
    </MapTiles>
    <StaticTiles />
  </TransInfo>
  <TransInfo Description="Blue Tile to Cobblestones SEA" HashKey="181818181111111111">
    <MapTiles>
      <MapTile TileID="1050" AltIDMod="0" />
    </MapTiles>
    <StaticTiles />
  </TransInfo>
  <TransInfo Description="Blue Tile to Cobblestones SEA" HashKey="181811181111111111">
    <MapTiles>
      <MapTile TileID="1050" AltIDMod="0" />
    </MapTiles>
    <StaticTiles />
  </TransInfo>
  <TransInfo Description="Blue Tile to Cobblestones SEA" HashKey="181118181111111111">
    <MapTiles>
      <MapTile TileID="1050" AltIDMod="0" />
    </MapTiles>
    <StaticTiles />
  </TransInfo>
  <TransInfo Description="Blue Tile to Cobblestones SEA" HashKey="181811111111181111">
    <MapTiles>
      <MapTile TileID="1050" AltIDMod="0" />
    </MapTiles>
    <StaticTiles />
  </TransInfo>
  <TransInfo Description="Blue Tile to Cobblestones SEA" HashKey="111818111111181111">
    <MapTiles>
      <MapTile TileID="1050" AltIDMod="0" />
    </MapTiles>
    <StaticTiles />
  </TransInfo>
  <TransInfo Description="Blue Tile to Cobblestones SEA" HashKey="181118111111181111">
    <MapTiles>
      <MapTile TileID="1050" AltIDMod="0" />
    </MapTiles>
    <StaticTiles />
  </TransInfo>
  <TransInfo Description="Blue Tile to Cobblestones SEA" HashKey="181818111111181111">
    <MapTiles>
      <MapTile TileID="1050" AltIDMod="0" />
    </MapTiles>
    <StaticTiles />
  </TransInfo>
  <TransInfo Description="Blue Tile to Cobblestones SEA" HashKey="111811181111111111">
    <MapTiles>
      <MapTile TileID="1050" AltIDMod="0" />
    </MapTiles>
    <StaticTiles />
  </TransInfo>
  <TransInfo Description="Blue Tile to Cobblestones SEA" HashKey="181118181111181111">
    <MapTiles>
      <MapTile TileID="1050" AltIDMod="0" />
    </MapTiles>
    <StaticTiles />
  </TransInfo>
  <TransInfo Description="Blue Tile to Cobblestones SEA" HashKey="111118181111181111">
    <MapTiles>
      <MapTile TileID="1050" AltIDMod="0" />
    </MapTiles>
    <StaticTiles />
  </TransInfo>
  <TransInfo Description="Blue Tile to Cobblestones SEA" HashKey="111818181111181111">
    <MapTiles>
      <MapTile TileID="1050" AltIDMod="0" />
    </MapTiles>
    <StaticTiles />
  </TransInfo>
  <TransInfo Description="Blue Tile to Cobblestones SEA" HashKey="111118181111111111">
    <MapTiles>
      <MapTile TileID="1050" AltIDMod="0" />
    </MapTiles>
    <StaticTiles />
  </TransInfo>
  <TransInfo Description="Blue Tile to Cobblestones SEA" HashKey="111811181111181111">
    <MapTiles>
      <MapTile TileID="1050" AltIDMod="0" />
    </MapTiles>
    <StaticTiles />
  </TransInfo>
  <TransInfo Description="Blue Tile to Cobblestones SEA" HashKey="111811111111181111">
    <MapTiles>
      <MapTile TileID="1050" AltIDMod="0" />
    </MapTiles>
    <StaticTiles />
  </TransInfo>
  <TransInfo Description="Blue Tile to Cobblestones SEA" HashKey="111818181111111111">
    <MapTiles>
      <MapTile TileID="1050" AltIDMod="0" />
    </MapTiles>
    <StaticTiles />
  </TransInfo>
  <TransInfo Description="Blue Tile to Cobblestones NEA" HashKey="181111181111181818">
    <MapTiles>
      <MapTile TileID="1053" AltIDMod="0" />
    </MapTiles>
    <StaticTiles />
  </TransInfo>
  <TransInfo Description="Blue Tile to Cobblestones NEA" HashKey="111111181111181818">
    <MapTiles>
      <MapTile TileID="1053" AltIDMod="0" />
    </MapTiles>
    <StaticTiles />
  </TransInfo>
  <TransInfo Description="Blue Tile to Cobblestones NEA" HashKey="181111181111181811">
    <MapTiles>
      <MapTile TileID="1053" AltIDMod="0" />
    </MapTiles>
    <StaticTiles />
  </TransInfo>
  <TransInfo Description="Blue Tile to Cobblestones NEA" HashKey="111111181111181811">
    <MapTiles>
      <MapTile TileID="1053" AltIDMod="0" />
    </MapTiles>
    <StaticTiles />
  </TransInfo>
  <TransInfo Description="Blue Tile to Cobblestones NEA" HashKey="111111181111111811">
    <MapTiles>
      <MapTile TileID="1053" AltIDMod="0" />
    </MapTiles>
    <StaticTiles />
  </TransInfo>
  <TransInfo Description="Blue Tile to Cobblestones NEA" HashKey="181111181111111118">
    <MapTiles>
      <MapTile TileID="1053" AltIDMod="0" />
    </MapTiles>
    <StaticTiles />
  </TransInfo>
  <TransInfo Description="Blue Tile to Cobblestones NEA" HashKey="181111111111181818">
    <MapTiles>
      <MapTile TileID="1053" AltIDMod="0" />
    </MapTiles>
    <StaticTiles />
  </TransInfo>
  <TransInfo Description="Blue Tile to Cobblestones NEA" HashKey="181111111111181811">
    <MapTiles>
      <MapTile TileID="1053" AltIDMod="0" />
    </MapTiles>
    <StaticTiles />
  </TransInfo>
  <TransInfo Description="Blue Tile to Cobblestones NEA" HashKey="181111111111111811">
    <MapTiles>
      <MapTile TileID="1053" AltIDMod="0" />
    </MapTiles>
    <StaticTiles />
  </TransInfo>
  <TransInfo Description="Blue Tile to Cobblestones NEA" HashKey="111111181111181118">
    <MapTiles>
      <MapTile TileID="1053" AltIDMod="0" />
    </MapTiles>
    <StaticTiles />
  </TransInfo>
  <TransInfo Description="Blue Tile to Cobblestones NEA" HashKey="181111181111181118">
    <MapTiles>
      <MapTile TileID="1053" AltIDMod="0" />
    </MapTiles>
    <StaticTiles />
  </TransInfo>
  <TransInfo Description="Blue Tile to Cobblestones NEA" HashKey="181111111111111818">
    <MapTiles>
      <MapTile TileID="1053" AltIDMod="0" />
    </MapTiles>
    <StaticTiles />
  </TransInfo>
  <TransInfo Description="Blue Tile to Cobblestones NEA" HashKey="181111181111111818">
    <MapTiles>
      <MapTile TileID="1053" AltIDMod="0" />
    </MapTiles>
    <StaticTiles />
  </TransInfo>
  <TransInfo Description="Blue Tile to Cobblestones NEA" HashKey="111111181111111818">
    <MapTiles>
      <MapTile TileID="1053" AltIDMod="0" />
    </MapTiles>
    <StaticTiles />
  </TransInfo>
  <TransInfo Description="Blue Tile to Cobblestones NEA" HashKey="111111181111111118">
    <MapTiles>
      <MapTile TileID="1053" AltIDMod="0" />
    </MapTiles>
    <StaticTiles />
  </TransInfo>
  <TransInfo Description="Blue Tile to Cobblestones NEA" HashKey="181111111111181118">
    <MapTiles>
      <MapTile TileID="1053" AltIDMod="0" />
    </MapTiles>
    <StaticTiles />
  </TransInfo>
  <TransInfo Description="Blue Tile to Cobblestones NEA" HashKey="181111181111111811">
    <MapTiles>
      <MapTile TileID="1053" AltIDMod="0" />
    </MapTiles>
    <StaticTiles />
  </TransInfo>
  <TransInfo Description="Blue Tile to Cobblestones SWA" HashKey="181818111118111118">
    <MapTiles>
      <MapTile TileID="1051" AltIDMod="0" />
    </MapTiles>
    <StaticTiles />
  </TransInfo>
  <TransInfo Description="Blue Tile to Cobblestones SWA" HashKey="181818111118111111">
    <MapTiles>
      <MapTile TileID="1051" AltIDMod="0" />
    </MapTiles>
    <StaticTiles />
  </TransInfo>
  <TransInfo Description="Blue Tile to Cobblestones SWA" HashKey="111818111118111118">
    <MapTiles>
      <MapTile TileID="1051" AltIDMod="0" />
    </MapTiles>
    <StaticTiles />
  </TransInfo>
  <TransInfo Description="Blue Tile to Cobblestones SWA" HashKey="111818111118111111">
    <MapTiles>
      <MapTile TileID="1051" AltIDMod="0" />
    </MapTiles>
    <StaticTiles />
  </TransInfo>
  <TransInfo Description="Blue Tile to Cobblestones SWA" HashKey="181111111118111118">
    <MapTiles>
      <MapTile TileID="1051" AltIDMod="0" />
    </MapTiles>
    <StaticTiles />
  </TransInfo>
  <TransInfo Description="Blue Tile to Cobblestones SWA" HashKey="181118111118111111">
    <MapTiles>
      <MapTile TileID="1051" AltIDMod="0" />
    </MapTiles>
    <StaticTiles />
  </TransInfo>
  <TransInfo Description="Blue Tile to Cobblestones SWA" HashKey="181118111118111118">
    <MapTiles>
      <MapTile TileID="1051" AltIDMod="0" />
    </MapTiles>
    <StaticTiles />
  </TransInfo>
  <TransInfo Description="Blue Tile to Cobblestones SWA" HashKey="181811111111111118">
    <MapTiles>
      <MapTile TileID="1051" AltIDMod="0" />
    </MapTiles>
    <StaticTiles />
  </TransInfo>
  <TransInfo Description="Blue Tile to Cobblestones SWA" HashKey="111811111111111118">
    <MapTiles>
      <MapTile TileID="1051" AltIDMod="0" />
    </MapTiles>
    <StaticTiles />
  </TransInfo>
  <TransInfo Description="Blue Tile to Cobblestones SWA" HashKey="181818111111111118">
    <MapTiles>
      <MapTile TileID="1051" AltIDMod="0" />
    </MapTiles>
    <StaticTiles />
  </TransInfo>
  <TransInfo Description="Blue Tile to Cobblestones SWA" HashKey="181811111118111111">
    <MapTiles>
      <MapTile TileID="1051" AltIDMod="0" />
    </MapTiles>
    <StaticTiles />
  </TransInfo>
  <TransInfo Description="Blue Tile to Cobblestones SWA" HashKey="111818111111111118">
    <MapTiles>
      <MapTile TileID="1051" AltIDMod="0" />
    </MapTiles>
    <StaticTiles />
  </TransInfo>
  <TransInfo Description="Blue Tile to Cobblestones SWA" HashKey="111811111118111111">
    <MapTiles>
      <MapTile TileID="1051" AltIDMod="0" />
    </MapTiles>
    <StaticTiles />
  </TransInfo>
  <TransInfo Description="Blue Tile to Cobblestones SWA" HashKey="181111111118111111">
    <MapTiles>
      <MapTile TileID="1051" AltIDMod="0" />
    </MapTiles>
    <StaticTiles />
  </TransInfo>
  <TransInfo Description="Blue Tile to Cobblestones SWA" HashKey="181118111111111118">
    <MapTiles>
      <MapTile TileID="1051" AltIDMod="0" />
    </MapTiles>
    <StaticTiles />
  </TransInfo>
  <TransInfo Description="Blue Tile to Cobblestones SWA" HashKey="111811111118111118">
    <MapTiles>
      <MapTile TileID="1051" AltIDMod="0" />
    </MapTiles>
    <StaticTiles />
  </TransInfo>
  <TransInfo Description="Blue Tile to Cobblestones SWA" HashKey="181811111118111118">
    <MapTiles>
      <MapTile TileID="1051" AltIDMod="0" />
    </MapTiles>
    <StaticTiles />
  </TransInfo>
  <TransInfo Description="Blue Tile to Cobblestones NWB" HashKey="181111111111111111">
    <MapTiles>
      <MapTile TileID="1067" AltIDMod="0" />
    </MapTiles>
    <StaticTiles />
  </TransInfo>
  <TransInfo Description="Blue Tile to Cobblestones SEB" HashKey="111111111111111118">
    <MapTiles>
      <MapTile TileID="1065" AltIDMod="0" />
    </MapTiles>
    <StaticTiles />
  </TransInfo>
  <TransInfo Description="Blue Tile to Cobblestones NEB" HashKey="111118111111111111">
    <MapTiles>
      <MapTile TileID="1068" AltIDMod="0" />
    </MapTiles>
    <StaticTiles />
  </TransInfo>
  <TransInfo Description="Blue Tile to Cobblestones SWB" HashKey="111111111111181111">
    <MapTiles>
      <MapTile TileID="1066" AltIDMod="0" />
    </MapTiles>
    <StaticTiles />
  </TransInfo>
  <TransInfo Description="Blue Tile to Cobblestones AC" HashKey="111111181118111111">
    <MapTiles>
      <MapTile TileID="1001" AltIDMod="0" />
    </MapTiles>
    <StaticTiles />
  </TransInfo>
  <TransInfo Description="Blue Tile to Cobblestones AC" HashKey="111111181118181111">
    <MapTiles>
      <MapTile TileID="1001" AltIDMod="0" />
    </MapTiles>
    <StaticTiles />
  </TransInfo>
  <TransInfo Description="Blue Tile to Cobblestones AC" HashKey="111111181118111811">
    <MapTiles>
      <MapTile TileID="1001" AltIDMod="0" />
    </MapTiles>
    <StaticTiles />
  </TransInfo>
  <TransInfo Description="Blue Tile to Cobblestones AC" HashKey="111111181118181811">
    <MapTiles>
      <MapTile TileID="1001" AltIDMod="0" />
    </MapTiles>
    <StaticTiles />
  </TransInfo>
  <TransInfo Description="Blue Tile to Cobblestones AC" HashKey="111111181118111118">
    <MapTiles>
      <MapTile TileID="1001" AltIDMod="0" />
    </MapTiles>
    <StaticTiles />
  </TransInfo>
  <TransInfo Description="Blue Tile to Cobblestones AC" HashKey="111111181118181118">
    <MapTiles>
      <MapTile TileID="1001" AltIDMod="0" />
    </MapTiles>
    <StaticTiles />
  </TransInfo>
  <TransInfo Description="Blue Tile to Cobblestones AC" HashKey="111111181118111818">
    <MapTiles>
      <MapTile TileID="1001" AltIDMod="0" />
    </MapTiles>
    <StaticTiles />
  </TransInfo>
  <TransInfo Description="Blue Tile to Cobblestones AC" HashKey="111111181118181818">
    <MapTiles>
      <MapTile TileID="1001" AltIDMod="0" />
    </MapTiles>
    <StaticTiles />
  </TransInfo>
  <TransInfo Description="Blue Tile to Cobblestones AC" HashKey="111118181111111811">
    <MapTiles>
      <MapTile TileID="1001" AltIDMod="0" />
    </MapTiles>
    <StaticTiles />
  </TransInfo>
  <TransInfo Description="Blue Tile to Cobblestones AC" HashKey="111118181111181811">
    <MapTiles>
      <MapTile TileID="1001" AltIDMod="0" />
    </MapTiles>
    <StaticTiles />
  </TransInfo>
  <TransInfo Description="Blue Tile to Cobblestones AC" HashKey="111118181111111118">
    <MapTiles>
      <MapTile TileID="1001" AltIDMod="0" />
    </MapTiles>
    <StaticTiles />
  </TransInfo>
  <TransInfo Description="Blue Tile to Cobblestones AC" HashKey="111118181111181118">
    <MapTiles>
      <MapTile TileID="1001" AltIDMod="0" />
    </MapTiles>
    <StaticTiles />
  </TransInfo>
  <TransInfo Description="Blue Tile to Cobblestones AC" HashKey="111118181111111818">
    <MapTiles>
      <MapTile TileID="1001" AltIDMod="0" />
    </MapTiles>
    <StaticTiles />
  </TransInfo>
  <TransInfo Description="Blue Tile to Cobblestones AC" HashKey="111118181111181818">
    <MapTiles>
      <MapTile TileID="1001" AltIDMod="0" />
    </MapTiles>
    <StaticTiles />
  </TransInfo>
  <TransInfo Description="Blue Tile to Cobblestones AC" HashKey="111118181118111111">
    <MapTiles>
      <MapTile TileID="1001" AltIDMod="0" />
    </MapTiles>
    <StaticTiles />
  </TransInfo>
  <TransInfo Description="Blue Tile to Cobblestones AC" HashKey="111118181118181111">
    <MapTiles>
      <MapTile TileID="1001" AltIDMod="0" />
    </MapTiles>
    <StaticTiles />
  </TransInfo>
  <TransInfo Description="Blue Tile to Cobblestones AC" HashKey="111118181118111811">
    <MapTiles>
      <MapTile TileID="1001" AltIDMod="0" />
    </MapTiles>
    <StaticTiles />
  </TransInfo>
  <TransInfo Description="Blue Tile to Cobblestones AC" HashKey="111118181118181811">
    <MapTiles>
      <MapTile TileID="1001" AltIDMod="0" />
    </MapTiles>
    <StaticTiles />
  </TransInfo>
  <TransInfo Description="Blue Tile to Cobblestones AC" HashKey="111118181118111118">
    <MapTiles>
      <MapTile TileID="1001" AltIDMod="0" />
    </MapTiles>
    <StaticTiles />
  </TransInfo>
  <TransInfo Description="Blue Tile to Cobblestones AC" HashKey="111118181118181118">
    <MapTiles>
      <MapTile TileID="1001" AltIDMod="0" />
    </MapTiles>
    <StaticTiles />
  </TransInfo>
  <TransInfo Description="Blue Tile to Cobblestones AC" HashKey="111118181118111818">
    <MapTiles>
      <MapTile TileID="1001" AltIDMod="0" />
    </MapTiles>
    <StaticTiles />
  </TransInfo>
  <TransInfo Description="Blue Tile to Cobblestones AC" HashKey="111118181118181818">
    <MapTiles>
      <MapTile TileID="1001" AltIDMod="0" />
    </MapTiles>
    <StaticTiles />
  </TransInfo>
  <TransInfo Description="Blue Tile to Cobblestones AC" HashKey="111811111111111811">
    <MapTiles>
      <MapTile TileID="1001" AltIDMod="0" />
    </MapTiles>
    <StaticTiles />
  </TransInfo>
  <TransInfo Description="Blue Tile to Cobblestones AC" HashKey="111811181111111811">
    <MapTiles>
      <MapTile TileID="1001" AltIDMod="0" />
    </MapTiles>
    <StaticTiles />
  </TransInfo>
  <TransInfo Description="Blue Tile to Cobblestones AC" HashKey="111811111111181811">
    <MapTiles>
      <MapTile TileID="1001" AltIDMod="0" />
    </MapTiles>
    <StaticTiles />
  </TransInfo>
  <TransInfo Description="Blue Tile to Cobblestones AC" HashKey="111811181111181811">
    <MapTiles>
      <MapTile TileID="1001" AltIDMod="0" />
    </MapTiles>
    <StaticTiles />
  </TransInfo>
  <TransInfo Description="Blue Tile to Cobblestones AC" HashKey="111811181111111118">
    <MapTiles>
      <MapTile TileID="1001" AltIDMod="0" />
    </MapTiles>
    <StaticTiles />
  </TransInfo>
  <TransInfo Description="Blue Tile to Cobblestones AC" HashKey="111811111111181118">
    <MapTiles>
      <MapTile TileID="1001" AltIDMod="0" />
    </MapTiles>
    <StaticTiles />
  </TransInfo>
  <TransInfo Description="Blue Tile to Cobblestones AC" HashKey="111811181111181118">
    <MapTiles>
      <MapTile TileID="1001" AltIDMod="0" />
    </MapTiles>
    <StaticTiles />
  </TransInfo>
  <TransInfo Description="Blue Tile to Cobblestones AC" HashKey="111811111111111818">
    <MapTiles>
      <MapTile TileID="1001" AltIDMod="0" />
    </MapTiles>
    <StaticTiles />
  </TransInfo>
  <TransInfo Description="Blue Tile to Cobblestones AC" HashKey="111811181111111818">
    <MapTiles>
      <MapTile TileID="1001" AltIDMod="0" />
    </MapTiles>
    <StaticTiles />
  </TransInfo>
  <TransInfo Description="Blue Tile to Cobblestones AC" HashKey="111811111111181818">
    <MapTiles>
      <MapTile TileID="1001" AltIDMod="0" />
    </MapTiles>
    <StaticTiles />
  </TransInfo>
  <TransInfo Description="Blue Tile to Cobblestones AC" HashKey="111811181111181818">
    <MapTiles>
      <MapTile TileID="1001" AltIDMod="0" />
    </MapTiles>
    <StaticTiles />
  </TransInfo>
  <TransInfo Description="Blue Tile to Cobblestones AC" HashKey="111811181118111111">
    <MapTiles>
      <MapTile TileID="1001" AltIDMod="0" />
    </MapTiles>
    <StaticTiles />
  </TransInfo>
  <TransInfo Description="Blue Tile to Cobblestones AC" HashKey="111811111118181111">
    <MapTiles>
      <MapTile TileID="1001" AltIDMod="0" />
    </MapTiles>
    <StaticTiles />
  </TransInfo>
  <TransInfo Description="Blue Tile to Cobblestones AC" HashKey="111811181118181111">
    <MapTiles>
      <MapTile TileID="1001" AltIDMod="0" />
    </MapTiles>
    <StaticTiles />
  </TransInfo>
  <TransInfo Description="Blue Tile to Cobblestones AC" HashKey="111811111118111811">
    <MapTiles>
      <MapTile TileID="1001" AltIDMod="0" />
    </MapTiles>
    <StaticTiles />
  </TransInfo>
  <TransInfo Description="Blue Tile to Cobblestones AC" HashKey="111811181118111811">
    <MapTiles>
      <MapTile TileID="1001" AltIDMod="0" />
    </MapTiles>
    <StaticTiles />
  </TransInfo>
  <TransInfo Description="Blue Tile to Cobblestones AC" HashKey="111811111118181811">
    <MapTiles>
      <MapTile TileID="1001" AltIDMod="0" />
    </MapTiles>
    <StaticTiles />
  </TransInfo>
  <TransInfo Description="Blue Tile to Cobblestones AC" HashKey="111811181118181811">
    <MapTiles>
      <MapTile TileID="1001" AltIDMod="0" />
    </MapTiles>
    <StaticTiles />
  </TransInfo>
  <TransInfo Description="Blue Tile to Cobblestones AC" HashKey="111811181118111118">
    <MapTiles>
      <MapTile TileID="1001" AltIDMod="0" />
    </MapTiles>
    <StaticTiles />
  </TransInfo>
  <TransInfo Description="Blue Tile to Cobblestones AC" HashKey="111811111118181118">
    <MapTiles>
      <MapTile TileID="1001" AltIDMod="0" />
    </MapTiles>
    <StaticTiles />
  </TransInfo>
  <TransInfo Description="Blue Tile to Cobblestones AC" HashKey="111811181118181118">
    <MapTiles>
      <MapTile TileID="1001" AltIDMod="0" />
    </MapTiles>
    <StaticTiles />
  </TransInfo>
  <TransInfo Description="Blue Tile to Cobblestones AC" HashKey="111811111118111818">
    <MapTiles>
      <MapTile TileID="1001" AltIDMod="0" />
    </MapTiles>
    <StaticTiles />
  </TransInfo>
  <TransInfo Description="Blue Tile to Cobblestones AC" HashKey="111811181118111818">
    <MapTiles>
      <MapTile TileID="1001" AltIDMod="0" />
    </MapTiles>
    <StaticTiles />
  </TransInfo>
  <TransInfo Description="Blue Tile to Cobblestones AC" HashKey="111811111118181818">
    <MapTiles>
      <MapTile TileID="1001" AltIDMod="0" />
    </MapTiles>
    <StaticTiles />
  </TransInfo>
  <TransInfo Description="Blue Tile to Cobblestones AC" HashKey="111811181118181818">
    <MapTiles>
      <MapTile TileID="1001" AltIDMod="0" />
    </MapTiles>
    <StaticTiles />
  </TransInfo>
  <TransInfo Description="Blue Tile to Cobblestones AC" HashKey="111818111111111811">
    <MapTiles>
      <MapTile TileID="1001" AltIDMod="0" />
    </MapTiles>
    <StaticTiles />
  </TransInfo>
  <TransInfo Description="Blue Tile to Cobblestones AC" HashKey="111818181111111811">
    <MapTiles>
      <MapTile TileID="1001" AltIDMod="0" />
    </MapTiles>
    <StaticTiles />
  </TransInfo>
  <TransInfo Description="Blue Tile to Cobblestones AC" HashKey="111818111111181811">
    <MapTiles>
      <MapTile TileID="1001" AltIDMod="0" />
    </MapTiles>
    <StaticTiles />
  </TransInfo>
  <TransInfo Description="Blue Tile to Cobblestones AC" HashKey="111818181111181811">
    <MapTiles>
      <MapTile TileID="1001" AltIDMod="0" />
    </MapTiles>
    <StaticTiles />
  </TransInfo>
  <TransInfo Description="Blue Tile to Cobblestones AC" HashKey="111818181111111118">
    <MapTiles>
      <MapTile TileID="1001" AltIDMod="0" />
    </MapTiles>
    <StaticTiles />
  </TransInfo>
  <TransInfo Description="Blue Tile to Cobblestones AC" HashKey="111818111111181118">
    <MapTiles>
      <MapTile TileID="1001" AltIDMod="0" />
    </MapTiles>
    <StaticTiles />
  </TransInfo>
  <TransInfo Description="Blue Tile to Cobblestones AC" HashKey="111818181111181118">
    <MapTiles>
      <MapTile TileID="1001" AltIDMod="0" />
    </MapTiles>
    <StaticTiles />
  </TransInfo>
  <TransInfo Description="Blue Tile to Cobblestones AC" HashKey="111818111111111818">
    <MapTiles>
      <MapTile TileID="1001" AltIDMod="0" />
    </MapTiles>
    <StaticTiles />
  </TransInfo>
  <TransInfo Description="Blue Tile to Cobblestones AC" HashKey="111818181111111818">
    <MapTiles>
      <MapTile TileID="1001" AltIDMod="0" />
    </MapTiles>
    <StaticTiles />
  </TransInfo>
  <TransInfo Description="Blue Tile to Cobblestones AC" HashKey="111818111111181818">
    <MapTiles>
      <MapTile TileID="1001" AltIDMod="0" />
    </MapTiles>
    <StaticTiles />
  </TransInfo>
  <TransInfo Description="Blue Tile to Cobblestones AC" HashKey="111818181111181818">
    <MapTiles>
      <MapTile TileID="1001" AltIDMod="0" />
    </MapTiles>
    <StaticTiles />
  </TransInfo>
  <TransInfo Description="Blue Tile to Cobblestones AC" HashKey="111818181118111111">
    <MapTiles>
      <MapTile TileID="1001" AltIDMod="0" />
    </MapTiles>
    <StaticTiles />
  </TransInfo>
  <TransInfo Description="Blue Tile to Cobblestones AC" HashKey="111818111118181111">
    <MapTiles>
      <MapTile TileID="1001" AltIDMod="0" />
    </MapTiles>
    <StaticTiles />
  </TransInfo>
  <TransInfo Description="Blue Tile to Cobblestones AC" HashKey="111818181118181111">
    <MapTiles>
      <MapTile TileID="1001" AltIDMod="0" />
    </MapTiles>
    <StaticTiles />
  </TransInfo>
  <TransInfo Description="Blue Tile to Cobblestones AC" HashKey="111818111118111811">
    <MapTiles>
      <MapTile TileID="1001" AltIDMod="0" />
    </MapTiles>
    <StaticTiles />
  </TransInfo>
  <TransInfo Description="Blue Tile to Cobblestones AC" HashKey="111818181118111811">
    <MapTiles>
      <MapTile TileID="1001" AltIDMod="0" />
    </MapTiles>
    <StaticTiles />
  </TransInfo>
  <TransInfo Description="Blue Tile to Cobblestones AC" HashKey="111818111118181811">
    <MapTiles>
      <MapTile TileID="1001" AltIDMod="0" />
    </MapTiles>
    <StaticTiles />
  </TransInfo>
  <TransInfo Description="Blue Tile to Cobblestones AC" HashKey="111818181118181811">
    <MapTiles>
      <MapTile TileID="1001" AltIDMod="0" />
    </MapTiles>
    <StaticTiles />
  </TransInfo>
  <TransInfo Description="Blue Tile to Cobblestones AC" HashKey="111818181118111118">
    <MapTiles>
      <MapTile TileID="1001" AltIDMod="0" />
    </MapTiles>
    <StaticTiles />
  </TransInfo>
  <TransInfo Description="Blue Tile to Cobblestones AC" HashKey="111818111118181118">
    <MapTiles>
      <MapTile TileID="1001" AltIDMod="0" />
    </MapTiles>
    <StaticTiles />
  </TransInfo>
  <TransInfo Description="Blue Tile to Cobblestones AC" HashKey="111818181118181118">
    <MapTiles>
      <MapTile TileID="1001" AltIDMod="0" />
    </MapTiles>
    <StaticTiles />
  </TransInfo>
  <TransInfo Description="Blue Tile to Cobblestones AC" HashKey="111818111118111818">
    <MapTiles>
      <MapTile TileID="1001" AltIDMod="0" />
    </MapTiles>
    <StaticTiles />
  </TransInfo>
  <TransInfo Description="Blue Tile to Cobblestones AC" HashKey="111818181118111818">
    <MapTiles>
      <MapTile TileID="1001" AltIDMod="0" />
    </MapTiles>
    <StaticTiles />
  </TransInfo>
  <TransInfo Description="Blue Tile to Cobblestones AC" HashKey="111818111118181818">
    <MapTiles>
      <MapTile TileID="1001" AltIDMod="0" />
    </MapTiles>
    <StaticTiles />
  </TransInfo>
  <TransInfo Description="Blue Tile to Cobblestones AC" HashKey="111818181118181818">
    <MapTiles>
      <MapTile TileID="1001" AltIDMod="0" />
    </MapTiles>
    <StaticTiles />
  </TransInfo>
  <TransInfo Description="Blue Tile to Cobblestones AC" HashKey="181111181118111111">
    <MapTiles>
      <MapTile TileID="1001" AltIDMod="0" />
    </MapTiles>
    <StaticTiles />
  </TransInfo>
  <TransInfo Description="Blue Tile to Cobblestones AC" HashKey="181111111118181111">
    <MapTiles>
      <MapTile TileID="1001" AltIDMod="0" />
    </MapTiles>
    <StaticTiles />
  </TransInfo>
  <TransInfo Description="Blue Tile to Cobblestones AC" HashKey="181111181118181111">
    <MapTiles>
      <MapTile TileID="1001" AltIDMod="0" />
    </MapTiles>
    <StaticTiles />
  </TransInfo>
  <TransInfo Description="Blue Tile to Cobblestones AC" HashKey="181111111118111811">
    <MapTiles>
      <MapTile TileID="1001" AltIDMod="0" />
    </MapTiles>
    <StaticTiles />
  </TransInfo>
  <TransInfo Description="Blue Tile to Cobblestones AC" HashKey="181111181118111811">
    <MapTiles>
      <MapTile TileID="1001" AltIDMod="0" />
    </MapTiles>
    <StaticTiles />
  </TransInfo>
  <TransInfo Description="Blue Tile to Cobblestones AC" HashKey="181111111118181811">
    <MapTiles>
      <MapTile TileID="1001" AltIDMod="0" />
    </MapTiles>
    <StaticTiles />
  </TransInfo>
  <TransInfo Description="Blue Tile to Cobblestones AC" HashKey="181111181118181811">
    <MapTiles>
      <MapTile TileID="1001" AltIDMod="0" />
    </MapTiles>
    <StaticTiles />
  </TransInfo>
  <TransInfo Description="Blue Tile to Cobblestones AC" HashKey="181111181118111118">
    <MapTiles>
      <MapTile TileID="1001" AltIDMod="0" />
    </MapTiles>
    <StaticTiles />
  </TransInfo>
  <TransInfo Description="Blue Tile to Cobblestones AC" HashKey="181111111118181118">
    <MapTiles>
      <MapTile TileID="1001" AltIDMod="0" />
    </MapTiles>
    <StaticTiles />
  </TransInfo>
  <TransInfo Description="Blue Tile to Cobblestones AC" HashKey="181111181118181118">
    <MapTiles>
      <MapTile TileID="1001" AltIDMod="0" />
    </MapTiles>
    <StaticTiles />
  </TransInfo>
  <TransInfo Description="Blue Tile to Cobblestones AC" HashKey="181111111118111818">
    <MapTiles>
      <MapTile TileID="1001" AltIDMod="0" />
    </MapTiles>
    <StaticTiles />
  </TransInfo>
  <TransInfo Description="Blue Tile to Cobblestones AC" HashKey="181111181118111818">
    <MapTiles>
      <MapTile TileID="1001" AltIDMod="0" />
    </MapTiles>
    <StaticTiles />
  </TransInfo>
  <TransInfo Description="Blue Tile to Cobblestones AC" HashKey="181111111118181818">
    <MapTiles>
      <MapTile TileID="1001" AltIDMod="0" />
    </MapTiles>
    <StaticTiles />
  </TransInfo>
  <TransInfo Description="Blue Tile to Cobblestones AC" HashKey="181111181118181818">
    <MapTiles>
      <MapTile TileID="1001" AltIDMod="0" />
    </MapTiles>
    <StaticTiles />
  </TransInfo>
  <TransInfo Description="Blue Tile to Cobblestones AC" HashKey="181118111111111811">
    <MapTiles>
      <MapTile TileID="1001" AltIDMod="0" />
    </MapTiles>
    <StaticTiles />
  </TransInfo>
  <TransInfo Description="Blue Tile to Cobblestones AC" HashKey="181118181111111811">
    <MapTiles>
      <MapTile TileID="1001" AltIDMod="0" />
    </MapTiles>
    <StaticTiles />
  </TransInfo>
  <TransInfo Description="Blue Tile to Cobblestones AC" HashKey="181118111111181811">
    <MapTiles>
      <MapTile TileID="1001" AltIDMod="0" />
    </MapTiles>
    <StaticTiles />
  </TransInfo>
  <TransInfo Description="Blue Tile to Cobblestones AC" HashKey="181118181111181811">
    <MapTiles>
      <MapTile TileID="1001" AltIDMod="0" />
    </MapTiles>
    <StaticTiles />
  </TransInfo>
  <TransInfo Description="Blue Tile to Cobblestones AC" HashKey="181118181111111118">
    <MapTiles>
      <MapTile TileID="1001" AltIDMod="0" />
    </MapTiles>
    <StaticTiles />
  </TransInfo>
  <TransInfo Description="Blue Tile to Cobblestones AC" HashKey="181118111111181118">
    <MapTiles>
      <MapTile TileID="1001" AltIDMod="0" />
    </MapTiles>
    <StaticTiles />
  </TransInfo>
  <TransInfo Description="Blue Tile to Cobblestones AC" HashKey="181118181111181118">
    <MapTiles>
      <MapTile TileID="1001" AltIDMod="0" />
    </MapTiles>
    <StaticTiles />
  </TransInfo>
  <TransInfo Description="Blue Tile to Cobblestones AC" HashKey="181118111111111818">
    <MapTiles>
      <MapTile TileID="1001" AltIDMod="0" />
    </MapTiles>
    <StaticTiles />
  </TransInfo>
  <TransInfo Description="Blue Tile to Cobblestones AC" HashKey="181118181111111818">
    <MapTiles>
      <MapTile TileID="1001" AltIDMod="0" />
    </MapTiles>
    <StaticTiles />
  </TransInfo>
  <TransInfo Description="Blue Tile to Cobblestones AC" HashKey="181118111111181818">
    <MapTiles>
      <MapTile TileID="1001" AltIDMod="0" />
    </MapTiles>
    <StaticTiles />
  </TransInfo>
  <TransInfo Description="Blue Tile to Cobblestones AC" HashKey="181118181111181818">
    <MapTiles>
      <MapTile TileID="1001" AltIDMod="0" />
    </MapTiles>
    <StaticTiles />
  </TransInfo>
  <TransInfo Description="Blue Tile to Cobblestones AC" HashKey="181118181118111111">
    <MapTiles>
      <MapTile TileID="1001" AltIDMod="0" />
    </MapTiles>
    <StaticTiles />
  </TransInfo>
  <TransInfo Description="Blue Tile to Cobblestones AC" HashKey="181118111118181111">
    <MapTiles>
      <MapTile TileID="1001" AltIDMod="0" />
    </MapTiles>
    <StaticTiles />
  </TransInfo>
  <TransInfo Description="Blue Tile to Cobblestones AC" HashKey="181118181118181111">
    <MapTiles>
      <MapTile TileID="1001" AltIDMod="0" />
    </MapTiles>
    <StaticTiles />
  </TransInfo>
  <TransInfo Description="Blue Tile to Cobblestones AC" HashKey="181118111118111811">
    <MapTiles>
      <MapTile TileID="1001" AltIDMod="0" />
    </MapTiles>
    <StaticTiles />
  </TransInfo>
  <TransInfo Description="Blue Tile to Cobblestones AC" HashKey="181118181118111811">
    <MapTiles>
      <MapTile TileID="1001" AltIDMod="0" />
    </MapTiles>
    <StaticTiles />
  </TransInfo>
  <TransInfo Description="Blue Tile to Cobblestones AC" HashKey="181118111118181811">
    <MapTiles>
      <MapTile TileID="1001" AltIDMod="0" />
    </MapTiles>
    <StaticTiles />
  </TransInfo>
  <TransInfo Description="Blue Tile to Cobblestones AC" HashKey="181118181118181811">
    <MapTiles>
      <MapTile TileID="1001" AltIDMod="0" />
    </MapTiles>
    <StaticTiles />
  </TransInfo>
  <TransInfo Description="Blue Tile to Cobblestones AC" HashKey="181118181118111118">
    <MapTiles>
      <MapTile TileID="1001" AltIDMod="0" />
    </MapTiles>
    <StaticTiles />
  </TransInfo>
  <TransInfo Description="Blue Tile to Cobblestones AC" HashKey="181118111118181118">
    <MapTiles>
      <MapTile TileID="1001" AltIDMod="0" />
    </MapTiles>
    <StaticTiles />
  </TransInfo>
  <TransInfo Description="Blue Tile to Cobblestones AC" HashKey="181118181118181118">
    <MapTiles>
      <MapTile TileID="1001" AltIDMod="0" />
    </MapTiles>
    <StaticTiles />
  </TransInfo>
  <TransInfo Description="Blue Tile to Cobblestones AC" HashKey="181118111118111818">
    <MapTiles>
      <MapTile TileID="1001" AltIDMod="0" />
    </MapTiles>
    <StaticTiles />
  </TransInfo>
  <TransInfo Description="Blue Tile to Cobblestones AC" HashKey="181118181118111818">
    <MapTiles>
      <MapTile TileID="1001" AltIDMod="0" />
    </MapTiles>
    <StaticTiles />
  </TransInfo>
  <TransInfo Description="Blue Tile to Cobblestones AC" HashKey="181118111118181818">
    <MapTiles>
      <MapTile TileID="1001" AltIDMod="0" />
    </MapTiles>
    <StaticTiles />
  </TransInfo>
  <TransInfo Description="Blue Tile to Cobblestones AC" HashKey="181118181118181818">
    <MapTiles>
      <MapTile TileID="1001" AltIDMod="0" />
    </MapTiles>
    <StaticTiles />
  </TransInfo>
  <TransInfo Description="Blue Tile to Cobblestones AC" HashKey="181811111111111811">
    <MapTiles>
      <MapTile TileID="1001" AltIDMod="0" />
    </MapTiles>
    <StaticTiles />
  </TransInfo>
  <TransInfo Description="Blue Tile to Cobblestones AC" HashKey="181811181111111811">
    <MapTiles>
      <MapTile TileID="1001" AltIDMod="0" />
    </MapTiles>
    <StaticTiles />
  </TransInfo>
  <TransInfo Description="Blue Tile to Cobblestones AC" HashKey="181811111111181811">
    <MapTiles>
      <MapTile TileID="1001" AltIDMod="0" />
    </MapTiles>
    <StaticTiles />
  </TransInfo>
  <TransInfo Description="Blue Tile to Cobblestones AC" HashKey="181811181111181811">
    <MapTiles>
      <MapTile TileID="1001" AltIDMod="0" />
    </MapTiles>
    <StaticTiles />
  </TransInfo>
  <TransInfo Description="Blue Tile to Cobblestones AC" HashKey="181811181111111118">
    <MapTiles>
      <MapTile TileID="1001" AltIDMod="0" />
    </MapTiles>
    <StaticTiles />
  </TransInfo>
  <TransInfo Description="Blue Tile to Cobblestones AC" HashKey="181811111111181118">
    <MapTiles>
      <MapTile TileID="1001" AltIDMod="0" />
    </MapTiles>
    <StaticTiles />
  </TransInfo>
  <TransInfo Description="Blue Tile to Cobblestones AC" HashKey="181811181111181118">
    <MapTiles>
      <MapTile TileID="1001" AltIDMod="0" />
    </MapTiles>
    <StaticTiles />
  </TransInfo>
  <TransInfo Description="Blue Tile to Cobblestones AC" HashKey="181811111111111818">
    <MapTiles>
      <MapTile TileID="1001" AltIDMod="0" />
    </MapTiles>
    <StaticTiles />
  </TransInfo>
  <TransInfo Description="Blue Tile to Cobblestones AC" HashKey="181811181111111818">
    <MapTiles>
      <MapTile TileID="1001" AltIDMod="0" />
    </MapTiles>
    <StaticTiles />
  </TransInfo>
  <TransInfo Description="Blue Tile to Cobblestones AC" HashKey="181811111111181818">
    <MapTiles>
      <MapTile TileID="1001" AltIDMod="0" />
    </MapTiles>
    <StaticTiles />
  </TransInfo>
  <TransInfo Description="Blue Tile to Cobblestones AC" HashKey="181811181111181818">
    <MapTiles>
      <MapTile TileID="1001" AltIDMod="0" />
    </MapTiles>
    <StaticTiles />
  </TransInfo>
  <TransInfo Description="Blue Tile to Cobblestones AC" HashKey="181811181118111111">
    <MapTiles>
      <MapTile TileID="1001" AltIDMod="0" />
    </MapTiles>
    <StaticTiles />
  </TransInfo>
  <TransInfo Description="Blue Tile to Cobblestones AC" HashKey="181811111118181111">
    <MapTiles>
      <MapTile TileID="1001" AltIDMod="0" />
    </MapTiles>
    <StaticTiles />
  </TransInfo>
  <TransInfo Description="Blue Tile to Cobblestones AC" HashKey="181811181118181111">
    <MapTiles>
      <MapTile TileID="1001" AltIDMod="0" />
    </MapTiles>
    <StaticTiles />
  </TransInfo>
  <TransInfo Description="Blue Tile to Cobblestones AC" HashKey="181811111118111811">
    <MapTiles>
      <MapTile TileID="1001" AltIDMod="0" />
    </MapTiles>
    <StaticTiles />
  </TransInfo>
  <TransInfo Description="Blue Tile to Cobblestones AC" HashKey="181811181118111811">
    <MapTiles>
      <MapTile TileID="1001" AltIDMod="0" />
    </MapTiles>
    <StaticTiles />
  </TransInfo>
  <TransInfo Description="Blue Tile to Cobblestones AC" HashKey="181811111118181811">
    <MapTiles>
      <MapTile TileID="1001" AltIDMod="0" />
    </MapTiles>
    <StaticTiles />
  </TransInfo>
  <TransInfo Description="Blue Tile to Cobblestones AC" HashKey="181811181118181811">
    <MapTiles>
      <MapTile TileID="1001" AltIDMod="0" />
    </MapTiles>
    <StaticTiles />
  </TransInfo>
  <TransInfo Description="Blue Tile to Cobblestones AC" HashKey="181811181118111118">
    <MapTiles>
      <MapTile TileID="1001" AltIDMod="0" />
    </MapTiles>
    <StaticTiles />
  </TransInfo>
  <TransInfo Description="Blue Tile to Cobblestones AC" HashKey="181811111118181118">
    <MapTiles>
      <MapTile TileID="1001" AltIDMod="0" />
    </MapTiles>
    <StaticTiles />
  </TransInfo>
  <TransInfo Description="Blue Tile to Cobblestones AC" HashKey="181811181118181118">
    <MapTiles>
      <MapTile TileID="1001" AltIDMod="0" />
    </MapTiles>
    <StaticTiles />
  </TransInfo>
  <TransInfo Description="Blue Tile to Cobblestones AC" HashKey="181811111118111818">
    <MapTiles>
      <MapTile TileID="1001" AltIDMod="0" />
    </MapTiles>
    <StaticTiles />
  </TransInfo>
  <TransInfo Description="Blue Tile to Cobblestones AC" HashKey="181811181118111818">
    <MapTiles>
      <MapTile TileID="1001" AltIDMod="0" />
    </MapTiles>
    <StaticTiles />
  </TransInfo>
  <TransInfo Description="Blue Tile to Cobblestones AC" HashKey="181811111118181818">
    <MapTiles>
      <MapTile TileID="1001" AltIDMod="0" />
    </MapTiles>
    <StaticTiles />
  </TransInfo>
  <TransInfo Description="Blue Tile to Cobblestones AC" HashKey="181811181118181818">
    <MapTiles>
      <MapTile TileID="1001" AltIDMod="0" />
    </MapTiles>
    <StaticTiles />
  </TransInfo>
  <TransInfo Description="Blue Tile to Cobblestones AC" HashKey="181818111111111811">
    <MapTiles>
      <MapTile TileID="1001" AltIDMod="0" />
    </MapTiles>
    <StaticTiles />
  </TransInfo>
  <TransInfo Description="Blue Tile to Cobblestones AC" HashKey="181818181111111811">
    <MapTiles>
      <MapTile TileID="1001" AltIDMod="0" />
    </MapTiles>
    <StaticTiles />
  </TransInfo>
  <TransInfo Description="Blue Tile to Cobblestones AC" HashKey="181818111111181811">
    <MapTiles>
      <MapTile TileID="1001" AltIDMod="0" />
    </MapTiles>
    <StaticTiles />
  </TransInfo>
  <TransInfo Description="Blue Tile to Cobblestones AC" HashKey="181818181111181811">
    <MapTiles>
      <MapTile TileID="1001" AltIDMod="0" />
    </MapTiles>
    <StaticTiles />
  </TransInfo>
  <TransInfo Description="Blue Tile to Cobblestones AC" HashKey="181818181111111118">
    <MapTiles>
      <MapTile TileID="1001" AltIDMod="0" />
    </MapTiles>
    <StaticTiles />
  </TransInfo>
  <TransInfo Description="Blue Tile to Cobblestones AC" HashKey="181818111111181118">
    <MapTiles>
      <MapTile TileID="1001" AltIDMod="0" />
    </MapTiles>
    <StaticTiles />
  </TransInfo>
  <TransInfo Description="Blue Tile to Cobblestones AC" HashKey="181818181111181118">
    <MapTiles>
      <MapTile TileID="1001" AltIDMod="0" />
    </MapTiles>
    <StaticTiles />
  </TransInfo>
  <TransInfo Description="Blue Tile to Cobblestones AC" HashKey="181818111111111818">
    <MapTiles>
      <MapTile TileID="1001" AltIDMod="0" />
    </MapTiles>
    <StaticTiles />
  </TransInfo>
  <TransInfo Description="Blue Tile to Cobblestones AC" HashKey="181818181111111818">
    <MapTiles>
      <MapTile TileID="1001" AltIDMod="0" />
    </MapTiles>
    <StaticTiles />
  </TransInfo>
  <TransInfo Description="Blue Tile to Cobblestones AC" HashKey="181818111111181818">
    <MapTiles>
      <MapTile TileID="1001" AltIDMod="0" />
    </MapTiles>
    <StaticTiles />
  </TransInfo>
  <TransInfo Description="Blue Tile to Cobblestones AC" HashKey="181818181111181818">
    <MapTiles>
      <MapTile TileID="1001" AltIDMod="0" />
    </MapTiles>
    <StaticTiles />
  </TransInfo>
  <TransInfo Description="Blue Tile to Cobblestones AC" HashKey="181818181118111111">
    <MapTiles>
      <MapTile TileID="1001" AltIDMod="0" />
    </MapTiles>
    <StaticTiles />
  </TransInfo>
  <TransInfo Description="Blue Tile to Cobblestones AC" HashKey="181818111118181111">
    <MapTiles>
      <MapTile TileID="1001" AltIDMod="0" />
    </MapTiles>
    <StaticTiles />
  </TransInfo>
  <TransInfo Description="Blue Tile to Cobblestones AC" HashKey="181818181118181111">
    <MapTiles>
      <MapTile TileID="1001" AltIDMod="0" />
    </MapTiles>
    <StaticTiles />
  </TransInfo>
  <TransInfo Description="Blue Tile to Cobblestones AC" HashKey="181818111118111811">
    <MapTiles>
      <MapTile TileID="1001" AltIDMod="0" />
    </MapTiles>
    <StaticTiles />
  </TransInfo>
  <TransInfo Description="Blue Tile to Cobblestones AC" HashKey="181818181118111811">
    <MapTiles>
      <MapTile TileID="1001" AltIDMod="0" />
    </MapTiles>
    <StaticTiles />
  </TransInfo>
  <TransInfo Description="Blue Tile to Cobblestones AC" HashKey="181818111118181811">
    <MapTiles>
      <MapTile TileID="1001" AltIDMod="0" />
    </MapTiles>
    <StaticTiles />
  </TransInfo>
  <TransInfo Description="Blue Tile to Cobblestones AC" HashKey="181818181118181811">
    <MapTiles>
      <MapTile TileID="1001" AltIDMod="0" />
    </MapTiles>
    <StaticTiles />
  </TransInfo>
  <TransInfo Description="Blue Tile to Cobblestones AC" HashKey="181818181118111118">
    <MapTiles>
      <MapTile TileID="1001" AltIDMod="0" />
    </MapTiles>
    <StaticTiles />
  </TransInfo>
  <TransInfo Description="Blue Tile to Cobblestones AC" HashKey="181818111118181118">
    <MapTiles>
      <MapTile TileID="1001" AltIDMod="0" />
    </MapTiles>
    <StaticTiles />
  </TransInfo>
  <TransInfo Description="Blue Tile to Cobblestones AC" HashKey="181818181118181118">
    <MapTiles>
      <MapTile TileID="1001" AltIDMod="0" />
    </MapTiles>
    <StaticTiles />
  </TransInfo>
  <TransInfo Description="Blue Tile to Cobblestones AC" HashKey="181818111118111818">
    <MapTiles>
      <MapTile TileID="1001" AltIDMod="0" />
    </MapTiles>
    <StaticTiles />
  </TransInfo>
  <TransInfo Description="Blue Tile to Cobblestones AC" HashKey="181818181118111818">
    <MapTiles>
      <MapTile TileID="1001" AltIDMod="0" />
    </MapTiles>
    <StaticTiles />
  </TransInfo>
  <TransInfo Description="Blue Tile to Cobblestones AC" HashKey="181818111118181818">
    <MapTiles>
      <MapTile TileID="1001" AltIDMod="0" />
    </MapTiles>
    <StaticTiles />
  </TransInfo>
  <TransInfo Description="Blue Tile to Cobblestones AC" HashKey="181818181118181818">
    <MapTiles>
      <MapTile TileID="1001" AltIDMod="0" />
    </MapTiles>
    <StaticTiles />
  </TransInfo>
  <TransInfo Description="Blue Tile to Cobblestones IWE" HashKey="181111111111111118">
    <MapTiles>
      <MapTile TileID="1001" AltIDMod="0" />
    </MapTiles>
    <StaticTiles />
  </TransInfo>
  <TransInfo Description="Blue Tile to Cobblestones INS" HashKey="111118111111181111">
    <MapTiles>
      <MapTile TileID="1001" AltIDMod="0" />
    </MapTiles>
    <StaticTiles />
  </TransInfo>
</Trans>