﻿<?xml version="1.0" encoding="utf-8"?>
<Trans>
  <TransInfo Description="Forest Embankment To Forest" HashKey="0B2B0B0B2B2B2B2B2B">
    <MapTiles>
      <MapTile TileID="197" AltIDMod="0" />
    </MapTiles>
    <StaticTiles />
  </TransInfo>
  <TransInfo Description="Forest Embankment To Forest" HashKey="2B2B0B2B2B2B0B2B0B">
    <MapTiles>
      <MapTile TileID="760" AltIDMod="0" />
    </MapTiles>
    <StaticTiles />
  </TransInfo>
  <TransInfo Description="Forest Embankment To Forest" HashKey="0B2B0B2B2B2B2B0B0B">
    <MapTiles>
      <MapTile TileID="196" AltIDMod="0" />
    </MapTiles>
    <StaticTiles />
  </TransInfo>
  <TransInfo Description="Forest Embankment To Forest" HashKey="2B0B2B2B2B0B0B2B0B">
    <MapTiles>
      <MapTile TileID="196" AltIDMod="0" />
    </MapTiles>
    <StaticTiles />
  </TransInfo>
  <TransInfo Description="Forest Embankment To Forest" HashKey="2B2B0B0B2B0B0B2B0B">
    <MapTiles>
      <MapTile TileID="196" AltIDMod="0" />
    </MapTiles>
    <StaticTiles />
  </TransInfo>
  <TransInfo Description="Forest Embankment To Forest" HashKey="0B2B2B0B2B0B2B0B2B">
    <MapTiles>
      <MapTile TileID="196" AltIDMod="0" />
    </MapTiles>
    <StaticTiles />
  </TransInfo>
  <TransInfo Description="Forest Embankment To Forest" HashKey="2B2B2B0B2B0B0B0B0B">
    <MapTiles>
      <MapTile TileID="196" AltIDMod="0" />
    </MapTiles>
    <StaticTiles />
  </TransInfo>
  <TransInfo Description="Forest Embankment To Forest" HashKey="0B0B2B2B2B0B2B2B2B">
    <MapTiles>
      <MapTile TileID="196" AltIDMod="0" />
    </MapTiles>
    <StaticTiles />
  </TransInfo>
  <TransInfo Description="Forest Embankment To Forest" HashKey="0B2B0B2B2B0B0B2B0B">
    <MapTiles>
      <MapTile TileID="196" AltIDMod="0" />
    </MapTiles>
    <StaticTiles />
  </TransInfo>
  <TransInfo Description="Forest Embankment To Forest" HashKey="0B2B0B2B2B0B2B2B2B">
    <MapTiles>
      <MapTile TileID="196" AltIDMod="0" />
    </MapTiles>
    <StaticTiles />
  </TransInfo>
  <TransInfo Description="Forest Embankment To Forest" HashKey="0B2B0B0B2B0B2B0B0B">
    <MapTiles>
      <MapTile TileID="196" AltIDMod="0" />
    </MapTiles>
    <StaticTiles />
  </TransInfo>
  <TransInfo Description="Forest Embankment To Forest" HashKey="2B0B0B2B2B0B2B0B0B">
    <MapTiles>
      <MapTile TileID="196" AltIDMod="0" />
    </MapTiles>
    <StaticTiles />
  </TransInfo>
  <TransInfo Description="Forest Embankment To Forest" HashKey="0B2B0B0B2B2B2B2B0B">
    <MapTiles>
      <MapTile TileID="196" AltIDMod="0" />
    </MapTiles>
    <StaticTiles />
  </TransInfo>
  <TransInfo Description="Forest Embankment To Forest" HashKey="2B2B2B0B2B2B0B2B0B">
    <MapTiles>
      <MapTile TileID="196" AltIDMod="0" />
    </MapTiles>
    <StaticTiles />
  </TransInfo>
  <TransInfo Description="Forest Embankment To Forest" HashKey="2B0B0B0B2B0B0B2B0B">
    <MapTiles>
      <MapTile TileID="196" AltIDMod="0" />
    </MapTiles>
    <StaticTiles />
  </TransInfo>
  <TransInfo Description="Forest Embankment To Forest" HashKey="2B2B0B2B2B0B2B2B2B">
    <MapTiles>
      <MapTile TileID="761" AltIDMod="0" />
    </MapTiles>
    <StaticTiles />
  </TransInfo>
  <TransInfo Description="Forest Embankment To Forest" HashKey="0B0B0B2B2B2B2B2B0B">
    <MapTiles>
      <MapTile TileID="196" AltIDMod="0" />
    </MapTiles>
    <StaticTiles />
  </TransInfo>
  <TransInfo Description="Forest Embankment To Forest" HashKey="0B2B2B0B2B0B0B0B2B">
    <MapTiles>
      <MapTile TileID="196" AltIDMod="0" />
    </MapTiles>
    <StaticTiles />
  </TransInfo>
  <TransInfo Description="Forest Embankment To Forest" HashKey="0B2B0B0B2B0B0B0B2B">
    <MapTiles>
      <MapTile TileID="196" AltIDMod="0" />
    </MapTiles>
    <StaticTiles />
  </TransInfo>
  <TransInfo Description="Forest Embankment To Forest" HashKey="2B2B0B0B2B2B2B2B0B">
    <MapTiles>
      <MapTile TileID="196" AltIDMod="0" />
    </MapTiles>
    <StaticTiles />
  </TransInfo>
  <TransInfo Description="Forest Embankment To Forest" HashKey="0B2B2B2B2B0B2B0B2B">
    <MapTiles>
      <MapTile TileID="196" AltIDMod="0" />
    </MapTiles>
    <StaticTiles />
  </TransInfo>
  <TransInfo Description="Forest Embankment To Forest" HashKey="0B0B2B0B2B2B2B2B0B">
    <MapTiles>
      <MapTile TileID="196" AltIDMod="0" />
    </MapTiles>
    <StaticTiles />
  </TransInfo>
  <TransInfo Description="Forest Embankment To Forest" HashKey="0B2B0B2B2B2B2B0B2B">
    <MapTiles>
      <MapTile TileID="196" AltIDMod="0" />
    </MapTiles>
    <StaticTiles />
  </TransInfo>
  <TransInfo Description="Forest Embankment To Forest" HashKey="2B0B2B0B2B2B2B0B0B">
    <MapTiles>
      <MapTile TileID="196" AltIDMod="0" />
    </MapTiles>
    <StaticTiles />
  </TransInfo>
  <TransInfo Description="Forest Embankment To Forest" HashKey="2B2B2B2B2B2B2B2B0B">
    <MapTiles>
      <MapTile TileID="763" AltIDMod="0" />
    </MapTiles>
    <StaticTiles />
  </TransInfo>
  <TransInfo Description="Forest Embankment To Forest" HashKey="0B2B2B2B2B0B0B2B0B">
    <MapTiles>
      <MapTile TileID="196" AltIDMod="0" />
    </MapTiles>
    <StaticTiles />
  </TransInfo>
  <TransInfo Description="Forest Embankment To Forest" HashKey="0B0B0B2B2B2B0B0B2B">
    <MapTiles>
      <MapTile TileID="196" AltIDMod="0" />
    </MapTiles>
    <StaticTiles />
  </TransInfo>
  <TransInfo Description="Forest Embankment To Forest" HashKey="2B2B2B0B2B0B0B2B2B">
    <MapTiles>
      <MapTile TileID="196" AltIDMod="0" />
    </MapTiles>
    <StaticTiles />
  </TransInfo>
  <TransInfo Description="Forest Embankment To Forest" HashKey="2B2B0B2B2B2B0B0B2B">
    <MapTiles>
      <MapTile TileID="760" AltIDMod="0" />
    </MapTiles>
    <StaticTiles />
  </TransInfo>
  <TransInfo Description="Forest Embankment To Forest" HashKey="0B2B0B0B2B0B2B0B2B">
    <MapTiles>
      <MapTile TileID="196" AltIDMod="0" />
    </MapTiles>
    <StaticTiles />
  </TransInfo>
  <TransInfo Description="Forest Embankment To Forest" HashKey="0B0B0B0B2B2B0B2B0B">
    <MapTiles>
      <MapTile TileID="196" AltIDMod="0" />
    </MapTiles>
    <StaticTiles />
  </TransInfo>
  <TransInfo Description="Forest Embankment To Forest" HashKey="0B2B2B0B2B2B2B2B2B">
    <MapTiles>
      <MapTile TileID="199" AltIDMod="0" />
    </MapTiles>
    <StaticTiles />
  </TransInfo>
  <TransInfo Description="Forest Embankment To Forest" HashKey="0B2B2B2B2B2B0B0B0B">
    <MapTiles>
      <MapTile TileID="196" AltIDMod="0" />
    </MapTiles>
    <StaticTiles />
  </TransInfo>
  <TransInfo Description="Forest Embankment To Forest" HashKey="2B0B0B2B2B2B2B0B0B">
    <MapTiles>
      <MapTile TileID="196" AltIDMod="0" />
    </MapTiles>
    <StaticTiles />
  </TransInfo>
  <TransInfo Description="Forest Embankment To Forest" HashKey="2B0B2B0B2B2B0B0B2B">
    <MapTiles>
      <MapTile TileID="196" AltIDMod="0" />
    </MapTiles>
    <StaticTiles />
  </TransInfo>
  <TransInfo Description="Forest Embankment To Forest" HashKey="0B0B0B2B2B2B2B2B2B">
    <MapTiles>
      <MapTile TileID="198" AltIDMod="0" />
    </MapTiles>
    <StaticTiles />
  </TransInfo>
  <TransInfo Description="Forest Embankment To Forest" HashKey="2B2B2B0B2B2B2B2B2B">
    <MapTiles>
      <MapTile TileID="199" AltIDMod="0" />
    </MapTiles>
    <StaticTiles />
  </TransInfo>
  <TransInfo Description="Forest Embankment To Forest" HashKey="0B0B0B0B2B0B0B0B0B">
    <MapTiles>
      <MapTile TileID="196" AltIDMod="0" />
    </MapTiles>
    <StaticTiles />
  </TransInfo>
  <TransInfo Description="Forest Embankment To Forest" HashKey="2B0B0B0B2B2B2B2B0B">
    <MapTiles>
      <MapTile TileID="196" AltIDMod="0" />
    </MapTiles>
    <StaticTiles />
  </TransInfo>
  <TransInfo Description="Forest Embankment To Forest" HashKey="0B0B2B2B2B2B0B2B0B">
    <MapTiles>
      <MapTile TileID="196" AltIDMod="0" />
    </MapTiles>
    <StaticTiles />
  </TransInfo>
  <TransInfo Description="Forest Embankment To Forest" HashKey="0B2B0B0B2B0B0B0B0B">
    <MapTiles>
      <MapTile TileID="196" AltIDMod="0" />
    </MapTiles>
    <StaticTiles />
  </TransInfo>
  <TransInfo Description="Forest Embankment To Forest" HashKey="2B2B0B0B2B0B2B2B0B">
    <MapTiles>
      <MapTile TileID="196" AltIDMod="0" />
    </MapTiles>
    <StaticTiles />
  </TransInfo>
  <TransInfo Description="Forest Embankment To Forest" HashKey="2B0B2B0B2B0B0B2B2B">
    <MapTiles>
      <MapTile TileID="196" AltIDMod="0" />
    </MapTiles>
    <StaticTiles />
  </TransInfo>
  <TransInfo Description="Forest Embankment To Forest" HashKey="0B2B0B0B2B2B0B0B0B">
    <MapTiles>
      <MapTile TileID="196" AltIDMod="0" />
    </MapTiles>
    <StaticTiles />
  </TransInfo>
  <TransInfo Description="Forest Embankment To Forest" HashKey="0B2B2B2B2B2B2B0B2B">
    <MapTiles>
      <MapTile TileID="196" AltIDMod="0" />
    </MapTiles>
    <StaticTiles />
  </TransInfo>
  <TransInfo Description="Forest Embankment To Forest" HashKey="2B0B0B2B2B2B0B0B2B">
    <MapTiles>
      <MapTile TileID="196" AltIDMod="0" />
    </MapTiles>
    <StaticTiles />
  </TransInfo>
  <TransInfo Description="Forest Embankment To Forest" HashKey="0B0B2B0B2B2B2B2B2B">
    <MapTiles>
      <MapTile TileID="197" AltIDMod="0" />
    </MapTiles>
    <StaticTiles />
  </TransInfo>
  <TransInfo Description="Forest Embankment To Forest" HashKey="2B2B2B0B2B0B2B2B2B">
    <MapTiles>
      <MapTile TileID="196" AltIDMod="0" />
    </MapTiles>
    <StaticTiles />
  </TransInfo>
  <TransInfo Description="Forest Embankment To Forest" HashKey="0B0B2B2B2B0B0B0B0B">
    <MapTiles>
      <MapTile TileID="196" AltIDMod="0" />
    </MapTiles>
    <StaticTiles />
  </TransInfo>
  <TransInfo Description="Forest Embankment To Forest" HashKey="0B0B0B0B2B0B2B0B2B">
    <MapTiles>
      <MapTile TileID="196" AltIDMod="0" />
    </MapTiles>
    <StaticTiles />
  </TransInfo>
  <TransInfo Description="Forest Embankment To Forest" HashKey="0B2B0B0B2B2B0B0B2B">
    <MapTiles>
      <MapTile TileID="196" AltIDMod="0" />
    </MapTiles>
    <StaticTiles />
  </TransInfo>
  <TransInfo Description="Forest Embankment To Forest" HashKey="2B0B2B0B2B2B2B0B2B">
    <MapTiles>
      <MapTile TileID="196" AltIDMod="0" />
    </MapTiles>
    <StaticTiles />
  </TransInfo>
  <TransInfo Description="Forest Embankment To Forest" HashKey="2B2B2B2B2B0B2B2B0B">
    <MapTiles>
      <MapTile TileID="758" AltIDMod="0" />
      <MapTile TileID="759" AltIDMod="0" />
    </MapTiles>
    <StaticTiles />
  </TransInfo>
  <TransInfo Description="Forest Embankment To Forest" HashKey="2B0B0B2B2B0B0B2B2B">
    <MapTiles>
      <MapTile TileID="196" AltIDMod="0" />
    </MapTiles>
    <StaticTiles />
  </TransInfo>
  <TransInfo Description="Forest Embankment To Forest" HashKey="0B2B2B2B2B2B0B2B0B">
    <MapTiles>
      <MapTile TileID="196" AltIDMod="0" />
    </MapTiles>
    <StaticTiles />
  </TransInfo>
  <TransInfo Description="Forest Embankment To Forest" HashKey="0B2B2B2B2B0B0B2B2B">
    <MapTiles>
      <MapTile TileID="196" AltIDMod="0" />
    </MapTiles>
    <StaticTiles />
  </TransInfo>
  <TransInfo Description="Forest Embankment To Forest" HashKey="0B2B0B0B2B2B2B0B2B">
    <MapTiles>
      <MapTile TileID="196" AltIDMod="0" />
    </MapTiles>
    <StaticTiles />
  </TransInfo>
  <TransInfo Description="Forest Embankment To Forest" HashKey="2B0B2B0B2B0B2B2B0B">
    <MapTiles>
      <MapTile TileID="196" AltIDMod="0" />
    </MapTiles>
    <StaticTiles />
  </TransInfo>
  <TransInfo Description="Forest Embankment To Forest" HashKey="0B0B0B0B2B2B0B2B2B">
    <MapTiles>
      <MapTile TileID="197" AltIDMod="0" />
    </MapTiles>
    <StaticTiles />
  </TransInfo>
  <TransInfo Description="Forest Embankment To Forest" HashKey="0B2B2B0B2B2B2B2B0B">
    <MapTiles>
      <MapTile TileID="196" AltIDMod="0" />
    </MapTiles>
    <StaticTiles />
  </TransInfo>
  <TransInfo Description="Forest Embankment To Forest" HashKey="0B0B2B2B2B0B2B0B2B">
    <MapTiles>
      <MapTile TileID="196" AltIDMod="0" />
    </MapTiles>
    <StaticTiles />
  </TransInfo>
  <TransInfo Description="Forest Embankment To Forest" HashKey="0B2B2B2B2B2B0B0B2B">
    <MapTiles>
      <MapTile TileID="196" AltIDMod="0" />
    </MapTiles>
    <StaticTiles />
  </TransInfo>
  <TransInfo Description="Forest Embankment To Forest" HashKey="2B0B0B2B2B2B2B0B2B">
    <MapTiles>
      <MapTile TileID="196" AltIDMod="0" />
    </MapTiles>
    <StaticTiles />
  </TransInfo>
  <TransInfo Description="Forest Embankment To Forest" HashKey="2B0B2B0B2B2B0B0B0B">
    <MapTiles>
      <MapTile TileID="196" AltIDMod="0" />
    </MapTiles>
    <StaticTiles />
  </TransInfo>
  <TransInfo Description="Forest Embankment To Forest" HashKey="2B0B2B2B2B2B2B2B2B">
    <MapTiles>
      <MapTile TileID="198" AltIDMod="0" />
    </MapTiles>
    <StaticTiles />
  </TransInfo>
  <TransInfo Description="Forest Embankment To Forest" HashKey="2B2B0B2B2B0B2B2B0B">
    <MapTiles>
      <MapTile TileID="758" AltIDMod="0" />
      <MapTile TileID="759" AltIDMod="0" />
    </MapTiles>
    <StaticTiles />
  </TransInfo>
  <TransInfo Description="Forest Embankment To Forest" HashKey="0B0B0B0B2B0B0B0B2B">
    <MapTiles>
      <MapTile TileID="196" AltIDMod="0" />
    </MapTiles>
    <StaticTiles />
  </TransInfo>
  <TransInfo Description="Forest Embankment To Forest" HashKey="0B0B2B2B2B2B0B2B2B">
    <MapTiles>
      <MapTile TileID="197" AltIDMod="0" />
    </MapTiles>
    <StaticTiles />
  </TransInfo>
  <TransInfo Description="Forest Embankment To Forest" HashKey="2B2B0B0B2B0B2B2B2B">
    <MapTiles>
      <MapTile TileID="196" AltIDMod="0" />
    </MapTiles>
    <StaticTiles />
  </TransInfo>
  <TransInfo Description="Forest Embankment To Forest" HashKey="0B2B0B2B2B2B2B2B0B">
    <MapTiles>
      <MapTile TileID="196" AltIDMod="0" />
    </MapTiles>
    <StaticTiles />
  </TransInfo>
  <TransInfo Description="Forest Embankment To Forest" HashKey="0B0B2B2B2B2B2B0B0B">
    <MapTiles>
      <MapTile TileID="196" AltIDMod="0" />
    </MapTiles>
    <StaticTiles />
  </TransInfo>
  <TransInfo Description="Forest Embankment To Forest" HashKey="0B2B2B2B2B2B2B0B0B">
    <MapTiles>
      <MapTile TileID="196" AltIDMod="0" />
    </MapTiles>
    <StaticTiles />
  </TransInfo>
  <TransInfo Description="Forest Embankment To Forest" HashKey="2B0B0B2B2B2B0B0B0B">
    <MapTiles>
      <MapTile TileID="196" AltIDMod="0" />
    </MapTiles>
    <StaticTiles />
  </TransInfo>
  <TransInfo Description="Forest Embankment To Forest" HashKey="0B2B2B0B2B0B0B2B2B">
    <MapTiles>
      <MapTile TileID="196" AltIDMod="0" />
    </MapTiles>
    <StaticTiles />
  </TransInfo>
  <TransInfo Description="Forest Embankment To Forest" HashKey="2B2B2B0B2B0B2B2B0B">
    <MapTiles>
      <MapTile TileID="196" AltIDMod="0" />
    </MapTiles>
    <StaticTiles />
  </TransInfo>
  <TransInfo Description="Forest Embankment To Forest" HashKey="0B0B2B2B2B0B0B0B2B">
    <MapTiles>
      <MapTile TileID="196" AltIDMod="0" />
    </MapTiles>
    <StaticTiles />
  </TransInfo>
  <TransInfo Description="Forest Embankment To Forest" HashKey="0B0B0B0B2B0B2B0B0B">
    <MapTiles>
      <MapTile TileID="196" AltIDMod="0" />
    </MapTiles>
    <StaticTiles />
  </TransInfo>
  <TransInfo Description="Forest Embankment To Forest" HashKey="2B2B2B2B2B0B2B2B2B">
    <MapTiles>
      <MapTile TileID="758" AltIDMod="0" />
      <MapTile TileID="759" AltIDMod="0" />
    </MapTiles>
    <StaticTiles />
  </TransInfo>
  <TransInfo Description="Forest Embankment To Forest" HashKey="2B0B0B2B2B0B0B2B0B">
    <MapTiles>
      <MapTile TileID="196" AltIDMod="0" />
    </MapTiles>
    <StaticTiles />
  </TransInfo>
  <TransInfo Description="Forest Embankment To Forest" HashKey="0B2B0B2B2B2B0B2B2B">
    <MapTiles>
      <MapTile TileID="197" AltIDMod="0" />
    </MapTiles>
    <StaticTiles />
  </TransInfo>
  <TransInfo Description="Forest Embankment To Forest" HashKey="0B2B2B2B2B0B2B2B2B">
    <MapTiles>
      <MapTile TileID="196" AltIDMod="0" />
    </MapTiles>
    <StaticTiles />
  </TransInfo>
  <TransInfo Description="Forest Embankment To Forest" HashKey="2B0B0B0B2B0B2B0B0B">
    <MapTiles>
      <MapTile TileID="196" AltIDMod="0" />
    </MapTiles>
    <StaticTiles />
  </TransInfo>
  <TransInfo Description="Forest Embankment To Forest" HashKey="2B0B2B2B2B0B0B0B2B">
    <MapTiles>
      <MapTile TileID="196" AltIDMod="0" />
    </MapTiles>
    <StaticTiles />
  </TransInfo>
  <TransInfo Description="Forest Embankment To Forest" HashKey="0B2B0B2B2B2B0B0B0B">
    <MapTiles>
      <MapTile TileID="196" AltIDMod="0" />
    </MapTiles>
    <StaticTiles />
  </TransInfo>
  <TransInfo Description="Forest Embankment To Forest" HashKey="0B0B0B2B2B2B0B0B0B">
    <MapTiles>
      <MapTile TileID="196" AltIDMod="0" />
    </MapTiles>
    <StaticTiles />
  </TransInfo>
  <TransInfo Description="Forest Embankment To Forest" HashKey="0B0B2B2B2B0B2B0B0B">
    <MapTiles>
      <MapTile TileID="196" AltIDMod="0" />
    </MapTiles>
    <StaticTiles />
  </TransInfo>
  <TransInfo Description="Forest Embankment To Forest" HashKey="0B2B0B2B2B2B2B2B2B">
    <MapTiles>
      <MapTile TileID="198" AltIDMod="0" />
    </MapTiles>
    <StaticTiles />
  </TransInfo>
  <TransInfo Description="Forest Embankment To Forest" HashKey="0B0B2B0B2B0B0B2B0B">
    <MapTiles>
      <MapTile TileID="196" AltIDMod="0" />
    </MapTiles>
    <StaticTiles />
  </TransInfo>
  <TransInfo Description="Forest Embankment To Forest" HashKey="0B2B0B0B2B0B2B2B2B">
    <MapTiles>
      <MapTile TileID="196" AltIDMod="0" />
    </MapTiles>
    <StaticTiles />
  </TransInfo>
  <TransInfo Description="Forest Embankment To Forest" HashKey="2B0B0B0B2B0B0B0B2B">
    <MapTiles>
      <MapTile TileID="196" AltIDMod="0" />
    </MapTiles>
    <StaticTiles />
  </TransInfo>
  <TransInfo Description="Forest Embankment To Forest" HashKey="0B2B0B2B2B0B2B0B0B">
    <MapTiles>
      <MapTile TileID="196" AltIDMod="0" />
    </MapTiles>
    <StaticTiles />
  </TransInfo>
  <TransInfo Description="Forest Embankment To Forest" HashKey="0B2B0B2B2B0B2B2B0B">
    <MapTiles>
      <MapTile TileID="196" AltIDMod="0" />
    </MapTiles>
    <StaticTiles />
  </TransInfo>
  <TransInfo Description="Forest Embankment To Forest" HashKey="0B0B2B0B2B2B0B0B0B">
    <MapTiles>
      <MapTile TileID="196" AltIDMod="0" />
    </MapTiles>
    <StaticTiles />
  </TransInfo>
  <TransInfo Description="Forest Embankment To Forest" HashKey="0B0B0B2B2B2B2B0B2B">
    <MapTiles>
      <MapTile TileID="196" AltIDMod="0" />
    </MapTiles>
    <StaticTiles />
  </TransInfo>
  <TransInfo Description="Forest Embankment To Forest" HashKey="2B0B2B2B2B0B2B0B2B">
    <MapTiles>
      <MapTile TileID="196" AltIDMod="0" />
    </MapTiles>
    <StaticTiles />
  </TransInfo>
  <TransInfo Description="Forest Embankment To Forest" HashKey="2B2B2B0B2B2B2B2B0B">
    <MapTiles>
      <MapTile TileID="196" AltIDMod="0" />
    </MapTiles>
    <StaticTiles />
  </TransInfo>
  <TransInfo Description="Forest Embankment To Forest" HashKey="0B2B2B0B2B0B0B2B0B">
    <MapTiles>
      <MapTile TileID="196" AltIDMod="0" />
    </MapTiles>
    <StaticTiles />
  </TransInfo>
  <TransInfo Description="Forest Embankment To Forest" HashKey="0B0B0B2B2B0B0B2B2B">
    <MapTiles>
      <MapTile TileID="196" AltIDMod="0" />
    </MapTiles>
    <StaticTiles />
  </TransInfo>
  <TransInfo Description="Forest Embankment To Forest" HashKey="0B2B2B2B2B0B2B2B0B">
    <MapTiles>
      <MapTile TileID="196" AltIDMod="0" />
    </MapTiles>
    <StaticTiles />
  </TransInfo>
  <TransInfo Description="Forest Embankment To Forest" HashKey="0B0B2B0B2B2B2B0B2B">
    <MapTiles>
      <MapTile TileID="196" AltIDMod="0" />
    </MapTiles>
    <StaticTiles />
  </TransInfo>
  <TransInfo Description="Forest Embankment To Forest" HashKey="0B0B0B0B2B2B2B0B0B">
    <MapTiles>
      <MapTile TileID="196" AltIDMod="0" />
    </MapTiles>
    <StaticTiles />
  </TransInfo>
  <TransInfo Description="Forest Embankment To Forest" HashKey="2B0B0B0B2B0B2B0B2B">
    <MapTiles>
      <MapTile TileID="196" AltIDMod="0" />
    </MapTiles>
    <StaticTiles />
  </TransInfo>
  <TransInfo Description="Forest Embankment To Forest" HashKey="2B0B2B2B2B0B0B0B0B">
    <MapTiles>
      <MapTile TileID="196" AltIDMod="0" />
    </MapTiles>
    <StaticTiles />
  </TransInfo>
  <TransInfo Description="Forest Embankment To Forest" HashKey="2B2B0B0B2B2B0B2B0B">
    <MapTiles>
      <MapTile TileID="196" AltIDMod="0" />
    </MapTiles>
    <StaticTiles />
  </TransInfo>
  <TransInfo Description="Forest Embankment To Forest" HashKey="2B0B2B0B2B2B2B2B2B">
    <MapTiles>
      <MapTile TileID="197" AltIDMod="0" />
    </MapTiles>
    <StaticTiles />
  </TransInfo>
  <TransInfo Description="Forest Embankment To Forest" HashKey="2B0B2B2B2B2B0B0B0B">
    <MapTiles>
      <MapTile TileID="196" AltIDMod="0" />
    </MapTiles>
    <StaticTiles />
  </TransInfo>
  <TransInfo Description="Forest Embankment To Forest" HashKey="0B2B2B2B2B0B0B0B2B">
    <MapTiles>
      <MapTile TileID="196" AltIDMod="0" />
    </MapTiles>
    <StaticTiles />
  </TransInfo>
  <TransInfo Description="Forest Embankment To Forest" HashKey="2B2B0B2B2B2B2B2B2B">
    <MapTiles>
      <MapTile TileID="197" AltIDMod="0" />
    </MapTiles>
    <StaticTiles />
  </TransInfo>
  <TransInfo Description="Forest Embankment To Forest" HashKey="0B2B0B0B2B0B2B2B0B">
    <MapTiles>
      <MapTile TileID="196" AltIDMod="0" />
    </MapTiles>
    <StaticTiles />
  </TransInfo>
  <TransInfo Description="Forest Embankment To Forest" HashKey="2B2B0B0B2B0B0B0B0B">
    <MapTiles>
      <MapTile TileID="196" AltIDMod="0" />
    </MapTiles>
    <StaticTiles />
  </TransInfo>
  <TransInfo Description="Forest Embankment To Forest" HashKey="0B0B0B0B2B2B0B0B2B">
    <MapTiles>
      <MapTile TileID="196" AltIDMod="0" />
    </MapTiles>
    <StaticTiles />
  </TransInfo>
  <TransInfo Description="Forest Embankment To Forest" HashKey="2B0B0B0B2B0B0B0B0B">
    <MapTiles>
      <MapTile TileID="196" AltIDMod="0" />
    </MapTiles>
    <StaticTiles />
  </TransInfo>
  <TransInfo Description="Forest Embankment To Forest" HashKey="0B2B2B2B2B2B0B2B2B">
    <MapTiles>
      <MapTile TileID="199" AltIDMod="0" />
    </MapTiles>
    <StaticTiles />
  </TransInfo>
  <TransInfo Description="Forest Embankment To Forest" HashKey="2B0B0B2B2B2B2B2B2B">
    <MapTiles>
      <MapTile TileID="198" AltIDMod="0" />
    </MapTiles>
    <StaticTiles />
  </TransInfo>
  <TransInfo Description="Forest Embankment To Forest" HashKey="0B0B2B0B2B2B0B0B2B">
    <MapTiles>
      <MapTile TileID="196" AltIDMod="0" />
    </MapTiles>
    <StaticTiles />
  </TransInfo>
  <TransInfo Description="Forest Embankment To Forest" HashKey="0B0B0B2B2B2B2B0B0B">
    <MapTiles>
      <MapTile TileID="196" AltIDMod="0" />
    </MapTiles>
    <StaticTiles />
  </TransInfo>
  <TransInfo Description="Forest Embankment To Forest" HashKey="0B0B0B0B2B0B0B2B2B">
    <MapTiles>
      <MapTile TileID="196" AltIDMod="0" />
    </MapTiles>
    <StaticTiles />
  </TransInfo>
  <TransInfo Description="Forest Embankment To Forest" HashKey="2B2B2B2B2B0B0B0B0B">
    <MapTiles>
      <MapTile TileID="760" AltIDMod="0" />
    </MapTiles>
    <StaticTiles />
  </TransInfo>
  <TransInfo Description="Forest Embankment To Forest" HashKey="2B2B0B0B2B0B2B0B2B">
    <MapTiles>
      <MapTile TileID="196" AltIDMod="0" />
    </MapTiles>
    <StaticTiles />
  </TransInfo>
  <TransInfo Description="Forest Embankment To Forest" HashKey="0B2B0B0B2B2B0B2B2B">
    <MapTiles>
      <MapTile TileID="197" AltIDMod="0" />
    </MapTiles>
    <StaticTiles />
  </TransInfo>
  <TransInfo Description="Forest Embankment To Forest" HashKey="0B0B2B2B2B2B0B0B2B">
    <MapTiles>
      <MapTile TileID="196" AltIDMod="0" />
    </MapTiles>
    <StaticTiles />
  </TransInfo>
  <TransInfo Description="Forest Embankment To Forest" HashKey="0B0B2B0B2B0B2B0B0B">
    <MapTiles>
      <MapTile TileID="196" AltIDMod="0" />
    </MapTiles>
    <StaticTiles />
  </TransInfo>
  <TransInfo Description="Forest Embankment To Forest" HashKey="2B0B0B0B2B2B2B0B2B">
    <MapTiles>
      <MapTile TileID="196" AltIDMod="0" />
    </MapTiles>
    <StaticTiles />
  </TransInfo>
  <TransInfo Description="Forest Embankment To Forest" HashKey="0B0B0B0B2B2B2B0B2B">
    <MapTiles>
      <MapTile TileID="196" AltIDMod="0" />
    </MapTiles>
    <StaticTiles />
  </TransInfo>
  <TransInfo Description="Forest Embankment To Forest" HashKey="2B0B2B2B2B2B2B2B0B">
    <MapTiles>
      <MapTile TileID="196" AltIDMod="0" />
    </MapTiles>
    <StaticTiles />
  </TransInfo>
  <TransInfo Description="Forest Embankment To Forest" HashKey="0B0B2B2B2B0B0B2B2B">
    <MapTiles>
      <MapTile TileID="196" AltIDMod="0" />
    </MapTiles>
    <StaticTiles />
  </TransInfo>
  <TransInfo Description="Forest Embankment To Forest" HashKey="2B2B0B0B2B2B0B2B2B">
    <MapTiles>
      <MapTile TileID="197" AltIDMod="0" />
    </MapTiles>
    <StaticTiles />
  </TransInfo>
  <TransInfo Description="Forest Embankment To Forest" HashKey="2B0B2B0B2B2B2B2B0B">
    <MapTiles>
      <MapTile TileID="196" AltIDMod="0" />
    </MapTiles>
    <StaticTiles />
  </TransInfo>
  <TransInfo Description="Forest Embankment To Forest" HashKey="2B2B2B2B2B0B2B0B2B">
    <MapTiles>
      <MapTile TileID="760" AltIDMod="0" />
    </MapTiles>
    <StaticTiles />
  </TransInfo>
  <TransInfo Description="Forest Embankment To Forest" HashKey="2B0B2B2B2B2B0B0B2B">
    <MapTiles>
      <MapTile TileID="196" AltIDMod="0" />
    </MapTiles>
    <StaticTiles />
  </TransInfo>
  <TransInfo Description="Forest Embankment To Forest" HashKey="2B0B2B2B2B0B2B0B0B">
    <MapTiles>
      <MapTile TileID="196" AltIDMod="0" />
    </MapTiles>
    <StaticTiles />
  </TransInfo>
  <TransInfo Description="Forest Embankment To Forest" HashKey="0B2B2B2B2B0B0B0B0B">
    <MapTiles>
      <MapTile TileID="196" AltIDMod="0" />
    </MapTiles>
    <StaticTiles />
  </TransInfo>
  <TransInfo Description="Forest Embankment To Forest" HashKey="0B0B2B2B2B2B2B0B2B">
    <MapTiles>
      <MapTile TileID="196" AltIDMod="0" />
    </MapTiles>
    <StaticTiles />
  </TransInfo>
  <TransInfo Description="Forest Embankment To Forest" HashKey="0B0B2B0B2B0B0B2B2B">
    <MapTiles>
      <MapTile TileID="196" AltIDMod="0" />
    </MapTiles>
    <StaticTiles />
  </TransInfo>
  <TransInfo Description="Forest Embankment To Forest" HashKey="0B0B0B0B2B2B0B0B0B">
    <MapTiles>
      <MapTile TileID="196" AltIDMod="0" />
    </MapTiles>
    <StaticTiles />
  </TransInfo>
  <TransInfo Description="Forest Embankment To Forest" HashKey="2B0B0B2B2B2B0B2B0B">
    <MapTiles>
      <MapTile TileID="196" AltIDMod="0" />
    </MapTiles>
    <StaticTiles />
  </TransInfo>
  <TransInfo Description="Forest Embankment To Forest" HashKey="2B2B2B2B2B2B0B2B2B">
    <MapTiles>
      <MapTile TileID="198" AltIDMod="0" />
    </MapTiles>
    <StaticTiles />
  </TransInfo>
  <TransInfo Description="Forest Embankment To Forest" HashKey="2B0B0B2B2B2B2B2B0B">
    <MapTiles>
      <MapTile TileID="196" AltIDMod="0" />
    </MapTiles>
    <StaticTiles />
  </TransInfo>
  <TransInfo Description="Forest Embankment To Forest" HashKey="2B0B0B0B2B2B0B0B2B">
    <MapTiles>
      <MapTile TileID="196" AltIDMod="0" />
    </MapTiles>
    <StaticTiles />
  </TransInfo>
  <TransInfo Description="Forest Embankment To Forest" HashKey="2B0B2B2B2B2B2B0B0B">
    <MapTiles>
      <MapTile TileID="196" AltIDMod="0" />
    </MapTiles>
    <StaticTiles />
  </TransInfo>
  <TransInfo Description="Forest Embankment To Forest" HashKey="0B2B0B2B2B0B0B0B2B">
    <MapTiles>
      <MapTile TileID="196" AltIDMod="0" />
    </MapTiles>
    <StaticTiles />
  </TransInfo>
  <TransInfo Description="Forest Embankment To Forest" HashKey="0B0B0B0B2B0B0B2B0B">
    <MapTiles>
      <MapTile TileID="196" AltIDMod="0" />
    </MapTiles>
    <StaticTiles />
  </TransInfo>
  <TransInfo Description="Forest Embankment To Forest" HashKey="0B2B2B0B2B2B0B2B0B">
    <MapTiles>
      <MapTile TileID="196" AltIDMod="0" />
    </MapTiles>
    <StaticTiles />
  </TransInfo>
  <TransInfo Description="Forest Embankment To Forest" HashKey="2B2B2B2B2B0B0B0B2B">
    <MapTiles>
      <MapTile TileID="760" AltIDMod="0" />
    </MapTiles>
    <StaticTiles />
  </TransInfo>
  <TransInfo Description="Forest Embankment To Forest" HashKey="0B0B0B2B2B0B2B0B0B">
    <MapTiles>
      <MapTile TileID="196" AltIDMod="0" />
    </MapTiles>
    <StaticTiles />
  </TransInfo>
  <TransInfo Description="Forest Embankment To Forest" HashKey="2B2B0B0B2B0B2B0B0B">
    <MapTiles>
      <MapTile TileID="196" AltIDMod="0" />
    </MapTiles>
    <StaticTiles />
  </TransInfo>
  <TransInfo Description="Forest Embankment To Forest" HashKey="2B0B0B2B2B0B2B2B0B">
    <MapTiles>
      <MapTile TileID="758" AltIDMod="0" />
      <MapTile TileID="758" AltIDMod="0" />
    </MapTiles>
    <StaticTiles />
  </TransInfo>
  <TransInfo Description="Forest Embankment To Forest" HashKey="0B2B0B0B2B2B0B2B0B">
    <MapTiles>
      <MapTile TileID="196" AltIDMod="0" />
    </MapTiles>
    <StaticTiles />
  </TransInfo>
  <TransInfo Description="Forest Embankment To Forest" HashKey="2B2B0B2B2B0B0B2B0B">
    <MapTiles>
      <MapTile TileID="760" AltIDMod="0" />
    </MapTiles>
    <StaticTiles />
  </TransInfo>
  <TransInfo Description="Forest Embankment To Forest" HashKey="2B0B2B2B2B0B2B2B2B">
    <MapTiles>
      <MapTile TileID="196" AltIDMod="0" />
    </MapTiles>
    <StaticTiles />
  </TransInfo>
  <TransInfo Description="Forest Embankment To Forest" HashKey="0B0B2B2B2B2B0B0B0B">
    <MapTiles>
      <MapTile TileID="196" AltIDMod="0" />
    </MapTiles>
    <StaticTiles />
  </TransInfo>
  <TransInfo Description="Forest Embankment To Forest" HashKey="2B0B0B0B2B2B2B0B0B">
    <MapTiles>
      <MapTile TileID="196" AltIDMod="0" />
    </MapTiles>
    <StaticTiles />
  </TransInfo>
  <TransInfo Description="Forest Embankment To Forest" HashKey="0B0B2B2B2B2B2B2B2B">
    <MapTiles>
      <MapTile TileID="198" AltIDMod="0" />
    </MapTiles>
    <StaticTiles />
  </TransInfo>
  <TransInfo Description="Forest Embankment To Forest" HashKey="0B0B2B2B2B0B0B2B0B">
    <MapTiles>
      <MapTile TileID="196" AltIDMod="0" />
    </MapTiles>
    <StaticTiles />
  </TransInfo>
  <TransInfo Description="Forest Embankment To Forest" HashKey="0B2B0B0B2B2B2B0B0B">
    <MapTiles>
      <MapTile TileID="196" AltIDMod="0" />
    </MapTiles>
    <StaticTiles />
  </TransInfo>
  <TransInfo Description="Forest Embankment To Forest" HashKey="2B2B0B2B2B2B0B0B0B">
    <MapTiles>
      <MapTile TileID="760" AltIDMod="0" />
    </MapTiles>
    <StaticTiles />
  </TransInfo>
  <TransInfo Description="Forest Embankment To Forest" HashKey="2B2B2B2B2B0B2B0B0B">
    <MapTiles>
      <MapTile TileID="760" AltIDMod="0" />
    </MapTiles>
    <StaticTiles />
  </TransInfo>
  <TransInfo Description="Forest Embankment To Forest" HashKey="0B0B0B2B2B0B0B0B2B">
    <MapTiles>
      <MapTile TileID="196" AltIDMod="0" />
    </MapTiles>
    <StaticTiles />
  </TransInfo>
  <TransInfo Description="Forest Embankment To Forest" HashKey="2B2B2B0B2B0B0B2B0B">
    <MapTiles>
      <MapTile TileID="196" AltIDMod="0" />
    </MapTiles>
    <StaticTiles />
  </TransInfo>
  <TransInfo Description="Forest Embankment To Forest" HashKey="2B0B0B0B2B0B2B2B2B">
    <MapTiles>
      <MapTile TileID="196" AltIDMod="0" />
    </MapTiles>
    <StaticTiles />
  </TransInfo>
  <TransInfo Description="Forest Embankment To Forest" HashKey="0B2B0B2B2B0B0B0B0B">
    <MapTiles>
      <MapTile TileID="196" AltIDMod="0" />
    </MapTiles>
    <StaticTiles />
  </TransInfo>
  <TransInfo Description="Forest Embankment To Forest" HashKey="0B0B0B2B2B2B0B2B2B">
    <MapTiles>
      <MapTile TileID="197" AltIDMod="0" />
    </MapTiles>
    <StaticTiles />
  </TransInfo>
  <TransInfo Description="Forest Embankment To Forest" HashKey="2B0B0B2B2B2B0B2B2B">
    <MapTiles>
      <MapTile TileID="197" AltIDMod="0" />
    </MapTiles>
    <StaticTiles />
  </TransInfo>
  <TransInfo Description="Forest Embankment To Forest" HashKey="2B2B2B0B2B2B0B0B0B">
    <MapTiles>
      <MapTile TileID="757" AltIDMod="0" />
      <MapTile TileID="756" AltIDMod="0" />
    </MapTiles>
    <StaticTiles />
  </TransInfo>
  <TransInfo Description="Forest Embankment To Forest" HashKey="0B0B2B0B2B0B0B0B2B">
    <MapTiles>
      <MapTile TileID="196" AltIDMod="0" />
    </MapTiles>
    <StaticTiles />
  </TransInfo>
  <TransInfo Description="Forest Embankment To Forest" HashKey="2B0B2B2B2B2B2B0B2B">
    <MapTiles>
      <MapTile TileID="196" AltIDMod="0" />
    </MapTiles>
    <StaticTiles />
  </TransInfo>
  <TransInfo Description="Forest Embankment To Forest" HashKey="0B2B2B0B2B0B2B0B0B">
    <MapTiles>
      <MapTile TileID="196" AltIDMod="0" />
    </MapTiles>
    <StaticTiles />
  </TransInfo>
  <TransInfo Description="Forest Embankment To Forest" HashKey="0B2B2B0B2B2B0B2B2B">
    <MapTiles>
      <MapTile TileID="199" AltIDMod="0" />
    </MapTiles>
    <StaticTiles />
  </TransInfo>
  <TransInfo Description="Forest Embankment To Forest" HashKey="0B2B0B2B2B0B2B0B2B">
    <MapTiles>
      <MapTile TileID="196" AltIDMod="0" />
    </MapTiles>
    <StaticTiles />
  </TransInfo>
  <TransInfo Description="Forest Embankment To Forest" HashKey="0B0B0B2B2B0B2B0B2B">
    <MapTiles>
      <MapTile TileID="196" AltIDMod="0" />
    </MapTiles>
    <StaticTiles />
  </TransInfo>
  <TransInfo Description="Forest Embankment To Forest" HashKey="0B0B2B0B2B2B0B2B2B">
    <MapTiles>
      <MapTile TileID="197" AltIDMod="0" />
    </MapTiles>
    <StaticTiles />
  </TransInfo>
  <TransInfo Description="Forest Embankment To Forest" HashKey="2B0B0B2B2B0B2B2B2B">
    <MapTiles>
      <MapTile TileID="761" AltIDMod="0" />
    </MapTiles>
    <StaticTiles />
  </TransInfo>
  <TransInfo Description="Forest Embankment To Forest" HashKey="2B2B0B2B2B0B0B2B2B">
    <MapTiles>
      <MapTile TileID="760" AltIDMod="0" />
    </MapTiles>
    <StaticTiles />
  </TransInfo>
  <TransInfo Description="Forest Embankment To Forest" HashKey="2B0B2B2B2B0B2B2B0B">
    <MapTiles>
      <MapTile TileID="196" AltIDMod="0" />
    </MapTiles>
    <StaticTiles />
  </TransInfo>
  <TransInfo Description="Forest Embankment To Forest" HashKey="2B2B2B0B2B2B2B0B2B">
    <MapTiles>
      <MapTile TileID="196" AltIDMod="0" />
    </MapTiles>
    <StaticTiles />
  </TransInfo>
  <TransInfo Description="Forest Embankment To Forest" HashKey="2B2B0B0B2B2B2B0B0B">
    <MapTiles>
      <MapTile TileID="196" AltIDMod="0" />
    </MapTiles>
    <StaticTiles />
  </TransInfo>
  <TransInfo Description="Forest Embankment To Forest" HashKey="0B0B2B2B2B2B2B2B0B">
    <MapTiles>
      <MapTile TileID="196" AltIDMod="0" />
    </MapTiles>
    <StaticTiles />
  </TransInfo>
  <TransInfo Description="Forest Embankment To Forest" HashKey="2B2B0B0B2B0B0B0B2B">
    <MapTiles>
      <MapTile TileID="196" AltIDMod="0" />
    </MapTiles>
    <StaticTiles />
  </TransInfo>
  <TransInfo Description="Forest Embankment To Forest" HashKey="2B0B2B0B2B0B2B2B2B">
    <MapTiles>
      <MapTile TileID="196" AltIDMod="0" />
    </MapTiles>
    <StaticTiles />
  </TransInfo>
  <TransInfo Description="Forest Embankment To Forest" HashKey="0B0B2B0B2B0B2B0B2B">
    <MapTiles>
      <MapTile TileID="196" AltIDMod="0" />
    </MapTiles>
    <StaticTiles />
  </TransInfo>
  <TransInfo Description="Forest Embankment To Forest" HashKey="0B0B0B2B2B0B0B0B0B">
    <MapTiles>
      <MapTile TileID="196" AltIDMod="0" />
    </MapTiles>
    <StaticTiles />
  </TransInfo>
  <TransInfo Description="Forest Embankment To Forest" HashKey="0B2B2B0B2B0B2B2B0B">
    <MapTiles>
      <MapTile TileID="196" AltIDMod="0" />
    </MapTiles>
    <StaticTiles />
  </TransInfo>
  <TransInfo Description="Forest Embankment To Forest" HashKey="2B2B0B2B2B2B2B2B0B">
    <MapTiles>
      <MapTile TileID="758" AltIDMod="0" />
      <MapTile TileID="759" AltIDMod="0" />
    </MapTiles>
    <StaticTiles />
  </TransInfo>
  <TransInfo Description="Forest Embankment To Forest" HashKey="2B0B0B0B2B0B2B2B0B">
    <MapTiles>
      <MapTile TileID="196" AltIDMod="0" />
    </MapTiles>
    <StaticTiles />
  </TransInfo>
  <TransInfo Description="Forest Embankment To Forest" HashKey="2B2B2B2B2B2B2B0B0B">
    <MapTiles>
      <MapTile TileID="757" AltIDMod="0" />
      <MapTile TileID="756" AltIDMod="0" />
    </MapTiles>
    <StaticTiles />
  </TransInfo>
  <TransInfo Description="Forest Embankment To Forest" HashKey="2B2B0B0B2B2B0B0B2B">
    <MapTiles>
      <MapTile TileID="196" AltIDMod="0" />
    </MapTiles>
    <StaticTiles />
  </TransInfo>
  <TransInfo Description="Forest Embankment To Forest" HashKey="0B0B0B2B2B2B0B2B0B">
    <MapTiles>
      <MapTile TileID="196" AltIDMod="0" />
    </MapTiles>
    <StaticTiles />
  </TransInfo>
  <TransInfo Description="Forest Embankment To Forest" HashKey="2B2B2B0B2B2B0B0B2B">
    <MapTiles>
      <MapTile TileID="762" AltIDMod="0" />
    </MapTiles>
    <StaticTiles />
  </TransInfo>
  <TransInfo Description="Forest Embankment To Forest" HashKey="2B2B0B2B2B2B2B0B0B">
    <MapTiles>
      <MapTile TileID="760" AltIDMod="0" />
    </MapTiles>
    <StaticTiles />
  </TransInfo>
  <TransInfo Description="Forest Embankment To Forest" HashKey="2B2B0B0B2B0B0B2B2B">
    <MapTiles>
      <MapTile TileID="196" AltIDMod="0" />
    </MapTiles>
    <StaticTiles />
  </TransInfo>
  <TransInfo Description="Forest Embankment To Forest" HashKey="2B0B2B0B2B0B0B2B0B">
    <MapTiles>
      <MapTile TileID="196" AltIDMod="0" />
    </MapTiles>
    <StaticTiles />
  </TransInfo>
  <TransInfo Description="Forest Embankment To Forest" HashKey="2B0B2B2B2B2B0B2B2B">
    <MapTiles>
      <MapTile TileID="197" AltIDMod="0" />
    </MapTiles>
    <StaticTiles />
  </TransInfo>
  <TransInfo Description="Forest Embankment To Forest" HashKey="2B2B2B2B2B2B0B0B2B">
    <MapTiles>
      <MapTile TileID="762" AltIDMod="0" />
    </MapTiles>
    <StaticTiles />
  </TransInfo>
  <TransInfo Description="Forest Embankment To Forest" HashKey="0B0B2B0B2B2B0B2B0B">
    <MapTiles>
      <MapTile TileID="196" AltIDMod="0" />
    </MapTiles>
    <StaticTiles />
  </TransInfo>
  <TransInfo Description="Forest Embankment To Forest" HashKey="0B2B0B0B2B0B0B2B0B">
    <MapTiles>
      <MapTile TileID="196" AltIDMod="0" />
    </MapTiles>
    <StaticTiles />
  </TransInfo>
  <TransInfo Description="Forest Embankment To Forest" HashKey="0B0B0B2B2B0B0B2B0B">
    <MapTiles>
      <MapTile TileID="196" AltIDMod="0" />
    </MapTiles>
    <StaticTiles />
  </TransInfo>
  <TransInfo Description="Forest Embankment To Forest" HashKey="2B0B0B0B2B2B2B2B2B">
    <MapTiles>
      <MapTile TileID="197" AltIDMod="0" />
    </MapTiles>
    <StaticTiles />
  </TransInfo>
  <TransInfo Description="Forest Embankment To Forest" HashKey="2B2B2B0B2B2B2B0B0B">
    <MapTiles>
      <MapTile TileID="196" AltIDMod="0" />
    </MapTiles>
    <StaticTiles />
  </TransInfo>
  <TransInfo Description="Forest Embankment To Forest" HashKey="2B2B0B0B2B2B2B0B2B">
    <MapTiles>
      <MapTile TileID="196" AltIDMod="0" />
    </MapTiles>
    <StaticTiles />
  </TransInfo>
  <TransInfo Description="Forest Embankment To Forest" HashKey="0B0B0B0B2B2B2B2B2B">
    <MapTiles>
      <MapTile TileID="197" AltIDMod="0" />
    </MapTiles>
    <StaticTiles />
  </TransInfo>
  <TransInfo Description="Forest Embankment To Forest" HashKey="2B2B2B2B2B0B0B2B2B">
    <MapTiles>
      <MapTile TileID="760" AltIDMod="0" />
    </MapTiles>
    <StaticTiles />
  </TransInfo>
  <TransInfo Description="Forest Embankment To Forest" HashKey="2B0B0B0B2B2B0B0B0B">
    <MapTiles>
      <MapTile TileID="196" AltIDMod="0" />
    </MapTiles>
    <StaticTiles />
  </TransInfo>
  <TransInfo Description="Forest Embankment To Forest" HashKey="2B0B0B0B2B2B0B2B2B">
    <MapTiles>
      <MapTile TileID="197" AltIDMod="0" />
    </MapTiles>
    <StaticTiles />
  </TransInfo>
  <TransInfo Description="Forest Embankment To Forest" HashKey="0B2B2B0B2B0B2B2B2B">
    <MapTiles>
      <MapTile TileID="196" AltIDMod="0" />
    </MapTiles>
    <StaticTiles />
  </TransInfo>
  <TransInfo Description="Forest Embankment To Forest" HashKey="0B0B0B0B2B2B2B2B0B">
    <MapTiles>
      <MapTile TileID="196" AltIDMod="0" />
    </MapTiles>
    <StaticTiles />
  </TransInfo>
  <TransInfo Description="Forest Embankment To Forest" HashKey="2B2B2B2B2B2B0B2B0B">
    <MapTiles>
      <MapTile TileID="757" AltIDMod="0" />
      <MapTile TileID="756" AltIDMod="0" />
    </MapTiles>
    <StaticTiles />
  </TransInfo>
  <TransInfo Description="Forest Embankment To Forest" HashKey="2B2B0B2B2B2B2B0B2B">
    <MapTiles>
      <MapTile TileID="760" AltIDMod="0" />
    </MapTiles>
    <StaticTiles />
  </TransInfo>
  <TransInfo Description="Forest Embankment To Forest" HashKey="2B2B2B2B2B2B2B0B2B">
    <MapTiles>
      <MapTile TileID="757" AltIDMod="0" />
      <MapTile TileID="756" AltIDMod="0" />
    </MapTiles>
    <StaticTiles />
  </TransInfo>
  <TransInfo Description="Forest Embankment To Forest" HashKey="2B2B0B0B2B2B0B0B0B">
    <MapTiles>
      <MapTile TileID="196" AltIDMod="0" />
    </MapTiles>
    <StaticTiles />
  </TransInfo>
  <TransInfo Description="Forest Embankment To Forest" HashKey="2B0B2B2B2B2B0B2B0B">
    <MapTiles>
      <MapTile TileID="196" AltIDMod="0" />
    </MapTiles>
    <StaticTiles />
  </TransInfo>
  <TransInfo Description="Forest Embankment To Forest" HashKey="0B2B2B0B2B2B2B0B0B">
    <MapTiles>
      <MapTile TileID="196" AltIDMod="0" />
    </MapTiles>
    <StaticTiles />
  </TransInfo>
  <TransInfo Description="Forest Embankment To Forest" HashKey="0B0B2B0B2B2B2B0B0B">
    <MapTiles>
      <MapTile TileID="196" AltIDMod="0" />
    </MapTiles>
    <StaticTiles />
  </TransInfo>
  <TransInfo Description="Forest Embankment To Forest" HashKey="2B0B2B0B2B2B0B2B0B">
    <MapTiles>
      <MapTile TileID="196" AltIDMod="0" />
    </MapTiles>
    <StaticTiles />
  </TransInfo>
  <TransInfo Description="Forest Embankment To Forest" HashKey="2B2B0B2B2B0B2B0B0B">
    <MapTiles>
      <MapTile TileID="760" AltIDMod="0" />
    </MapTiles>
    <StaticTiles />
  </TransInfo>
  <TransInfo Description="Forest Embankment To Forest" HashKey="2B2B2B2B2B2B0B0B0B">
    <MapTiles>
      <MapTile TileID="757" AltIDMod="0" />
      <MapTile TileID="756" AltIDMod="0" />
    </MapTiles>
    <StaticTiles />
  </TransInfo>
  <TransInfo Description="Forest Embankment To Forest" HashKey="2B0B0B0B2B2B0B2B0B">
    <MapTiles>
      <MapTile TileID="196" AltIDMod="0" />
    </MapTiles>
    <StaticTiles />
  </TransInfo>
  <TransInfo Description="Forest Embankment To Forest" HashKey="2B0B0B0B2B0B0B2B2B">
    <MapTiles>
      <MapTile TileID="196" AltIDMod="0" />
    </MapTiles>
    <StaticTiles />
  </TransInfo>
  <TransInfo Description="Forest Embankment To Forest" HashKey="0B2B0B0B2B0B0B2B2B">
    <MapTiles>
      <MapTile TileID="196" AltIDMod="0" />
    </MapTiles>
    <StaticTiles />
  </TransInfo>
  <TransInfo Description="Forest Embankment To Forest" HashKey="0B2B0B2B2B2B0B0B2B">
    <MapTiles>
      <MapTile TileID="196" AltIDMod="0" />
    </MapTiles>
    <StaticTiles />
  </TransInfo>
  <TransInfo Description="Forest Embankment To Forest" HashKey="2B0B2B0B2B0B0B0B0B">
    <MapTiles>
      <MapTile TileID="196" AltIDMod="0" />
    </MapTiles>
    <StaticTiles />
  </TransInfo>
  <TransInfo Description="Forest Embankment To Forest" HashKey="0B2B2B0B2B2B0B0B2B">
    <MapTiles>
      <MapTile TileID="762" AltIDMod="0" />
    </MapTiles>
    <StaticTiles />
  </TransInfo>
  <TransInfo Description="Forest Embankment To Forest" HashKey="2B2B2B2B2B0B0B2B0B">
    <MapTiles>
      <MapTile TileID="760" AltIDMod="0" />
    </MapTiles>
    <StaticTiles />
  </TransInfo>
  <TransInfo Description="Forest Embankment To Forest" HashKey="0B0B0B2B2B0B2B2B2B">
    <MapTiles>
      <MapTile TileID="761" AltIDMod="0" />
    </MapTiles>
    <StaticTiles />
  </TransInfo>
  <TransInfo Description="Forest Embankment To Forest" HashKey="2B2B2B0B2B0B2B0B0B">
    <MapTiles>
      <MapTile TileID="196" AltIDMod="0" />
    </MapTiles>
    <StaticTiles />
  </TransInfo>
  <TransInfo Description="Forest Embankment To Forest" HashKey="2B2B0B2B2B0B0B0B2B">
    <MapTiles>
      <MapTile TileID="760" AltIDMod="0" />
    </MapTiles>
    <StaticTiles />
  </TransInfo>
  <TransInfo Description="Forest Embankment To Forest" HashKey="0B0B0B0B2B0B2B2B0B">
    <MapTiles>
      <MapTile TileID="196" AltIDMod="0" />
    </MapTiles>
    <StaticTiles />
  </TransInfo>
  <TransInfo Description="Forest Embankment To Forest" HashKey="2B0B0B2B2B0B2B0B2B">
    <MapTiles>
      <MapTile TileID="196" AltIDMod="0" />
    </MapTiles>
    <StaticTiles />
  </TransInfo>
  <TransInfo Description="Forest Embankment To Forest" HashKey="2B0B0B2B2B0B0B0B0B">
    <MapTiles>
      <MapTile TileID="196" AltIDMod="0" />
    </MapTiles>
    <StaticTiles />
  </TransInfo>
  <TransInfo Description="Forest Embankment To Forest" HashKey="0B2B0B2B2B2B0B2B0B">
    <MapTiles>
      <MapTile TileID="196" AltIDMod="0" />
    </MapTiles>
    <StaticTiles />
  </TransInfo>
  <TransInfo Description="Forest Embankment To Forest" HashKey="2B0B2B0B2B0B2B0B2B">
    <MapTiles>
      <MapTile TileID="196" AltIDMod="0" />
    </MapTiles>
    <StaticTiles />
  </TransInfo>
  <TransInfo Description="Forest Embankment To Forest" HashKey="0B0B2B0B2B0B2B2B0B">
    <MapTiles>
      <MapTile TileID="196" AltIDMod="0" />
    </MapTiles>
    <StaticTiles />
  </TransInfo>
  <TransInfo Description="Forest Embankment To Forest" HashKey="0B0B2B0B2B0B2B2B2B">
    <MapTiles>
      <MapTile TileID="196" AltIDMod="0" />
    </MapTiles>
    <StaticTiles />
  </TransInfo>
  <TransInfo Description="Forest Embankment To Forest" HashKey="2B0B2B2B2B0B0B2B2B">
    <MapTiles>
      <MapTile TileID="196" AltIDMod="0" />
    </MapTiles>
    <StaticTiles />
  </TransInfo>
  <TransInfo Description="Forest Embankment To Forest" HashKey="2B2B2B0B2B0B0B0B2B">
    <MapTiles>
      <MapTile TileID="196" AltIDMod="0" />
    </MapTiles>
    <StaticTiles />
  </TransInfo>
  <TransInfo Description="Forest Embankment To Forest" HashKey="0B2B2B0B2B2B2B0B2B">
    <MapTiles>
      <MapTile TileID="196" AltIDMod="0" />
    </MapTiles>
    <StaticTiles />
  </TransInfo>
  <TransInfo Description="Forest Embankment To Forest" HashKey="0B0B2B2B2B0B2B2B0B">
    <MapTiles>
      <MapTile TileID="196" AltIDMod="0" />
    </MapTiles>
    <StaticTiles />
  </TransInfo>
  <TransInfo Description="Forest Embankment To Forest" HashKey="0B2B0B2B2B0B0B2B2B">
    <MapTiles>
      <MapTile TileID="196" AltIDMod="0" />
    </MapTiles>
    <StaticTiles />
  </TransInfo>
  <TransInfo Description="Forest Embankment To Forest" HashKey="2B0B2B0B2B2B0B2B2B">
    <MapTiles>
      <MapTile TileID="197" AltIDMod="0" />
    </MapTiles>
    <StaticTiles />
  </TransInfo>
  <TransInfo Description="Forest Embankment To Forest" HashKey="0B0B2B0B2B0B0B0B0B">
    <MapTiles>
      <MapTile TileID="196" AltIDMod="0" />
    </MapTiles>
    <StaticTiles />
  </TransInfo>
  <TransInfo Description="Forest Embankment To Forest" HashKey="2B2B0B2B2B0B2B0B2B">
    <MapTiles>
      <MapTile TileID="760" AltIDMod="0" />
    </MapTiles>
    <StaticTiles />
  </TransInfo>
  <TransInfo Description="Forest Embankment To Forest" HashKey="2B2B2B0B2B2B0B2B2B">
    <MapTiles>
      <MapTile TileID="199" AltIDMod="0" />
    </MapTiles>
    <StaticTiles />
  </TransInfo>
  <TransInfo Description="Forest Embankment To Forest" HashKey="2B0B2B0B2B0B0B0B2B">
    <MapTiles>
      <MapTile TileID="196" AltIDMod="0" />
    </MapTiles>
    <StaticTiles />
  </TransInfo>
  <TransInfo Description="Forest Embankment To Forest" HashKey="0B2B2B0B2B2B0B0B0B">
    <MapTiles>
      <MapTile TileID="757" AltIDMod="0" />
      <MapTile TileID="756" AltIDMod="0" />
    </MapTiles>
    <StaticTiles />
  </TransInfo>
  <TransInfo Description="Forest Embankment To Forest" HashKey="0B2B2B2B2B2B2B2B2B">
    <MapTiles>
      <MapTile TileID="196" AltIDMod="0" />
    </MapTiles>
    <StaticTiles />
  </TransInfo>
  <TransInfo Description="Forest Embankment To Forest" HashKey="0B0B0B2B2B0B2B2B0B">
    <MapTiles>
      <MapTile TileID="759" AltIDMod="0" />
      <MapTile TileID="758" AltIDMod="0" />
    </MapTiles>
    <StaticTiles />
  </TransInfo>
  <TransInfo Description="Forest Embankment To Forest" HashKey="0B2B2B0B2B0B0B0B0B">
    <MapTiles>
      <MapTile TileID="196" AltIDMod="0" />
    </MapTiles>
    <StaticTiles />
  </TransInfo>
  <TransInfo Description="Forest Embankment To Forest" HashKey="2B2B2B0B2B0B2B0B2B">
    <MapTiles>
      <MapTile TileID="196" AltIDMod="0" />
    </MapTiles>
    <StaticTiles />
  </TransInfo>
  <TransInfo Description="Forest Embankment To Forest" HashKey="2B2B0B2B2B0B0B0B0B">
    <MapTiles>
      <MapTile TileID="760" AltIDMod="0" />
    </MapTiles>
    <StaticTiles />
  </TransInfo>
  <TransInfo Description="Forest Embankment To Forest" HashKey="0B0B0B0B2B0B2B2B2B">
    <MapTiles>
      <MapTile TileID="196" AltIDMod="0" />
    </MapTiles>
    <StaticTiles />
  </TransInfo>
  <TransInfo Description="Forest Embankment To Forest" HashKey="2B2B0B0B2B2B2B2B2B">
    <MapTiles>
      <MapTile TileID="197" AltIDMod="0" />
    </MapTiles>
    <StaticTiles />
  </TransInfo>
  <TransInfo Description="Forest Embankment To Forest" HashKey="2B0B0B2B2B0B0B0B2B">
    <MapTiles>
      <MapTile TileID="196" AltIDMod="0" />
    </MapTiles>
    <StaticTiles />
  </TransInfo>
  <TransInfo Description="Forest Embankment To Forest" HashKey="0B2B2B2B2B0B2B0B0B">
    <MapTiles>
      <MapTile TileID="196" AltIDMod="0" />
    </MapTiles>
    <StaticTiles />
  </TransInfo>
  <TransInfo Description="Forest Embankment To Forest" HashKey="2B0B2B0B2B0B2B0B0B">
    <MapTiles>
      <MapTile TileID="196" AltIDMod="0" />
    </MapTiles>
    <StaticTiles />
  </TransInfo>
</Trans>