<?xml version="1.0" encoding="utf-8" ?>
<ServerRegions>
	<Facet name="Felucca">
		<region priority="50" name="Cove">
			<rect x1="2203" y1="1166" x2="2256" y2="1245" />
			<rect x1="2284" y1="1219" x2="2292" y2="1235" />
			<rect x1="2256" y1="1181" x2="2284" y2="1245" />
			<rect x1="2256" y1="1166" x2="2260" y2="1181" />
			<rect x1="2203" y1="1108" x2="2243" y2="1166" />
			<go location="(2275,1210,0)" />
		</region>
		<region priority="50" name="Britain">
			<go location="(1495,1629,10)" />
			<rect x1="1410" y1="1517" x2="1691" y2="1778" />
			<rect x1="1436" y1="1494" x2="1670" y2="1517" />
			<rect x1="1522" y1="1778" x2="1641" y2="1798" />
			<rect x1="1691" y1="1532" x2="1721" y2="1595" />
			<rect x1="1388" y1="1697" x2="1410" y2="1766" />
			<!-- casta de British -->
			<rect x1="1294" y1="1679" x2="1411" y2="1697" />
			<rect x1="1295" y1="1559" x2="1313" y2="1577" />
			<rect x1="1392" y1="1559" x2="1410" y2="1577" />
			<rect x1="1302" y1="1577" x2="1410" y2="1680" />
			<rect x1="1313" y1="1563" x2="1392" y2="1577" />
			<!-- casta de blackthorne -->
			<rect x1="1500" y1="1405" x2="1550" y2="1478" />
			<rect x1="1520" y1="1478" x2="1527" y2="1494" />
			<inn x="1492" y="1602" width="8" height="19" />
			<inn x="1500" y="1610" width="8" height="16" />
			<inn x="1576" y="1584" width="24" height="16" />
			<inn x="1456" y="1512" width="16" height="16" />
			<inn x="1472" y="1512" width="8" height="8" />
		</region>
		<region priority="50" name="Britain Graveyard">
			<rect x1="1336" y1="1443" x2="1391" y2="1494" />
			<rect x1="1336" y1="1494" x2="1376" y2="1511" />
			<go location="(1384,1492,10)" />
		</region>
		<region priority="50" name="Jhelom">
			<rect x1="1302" y1="3685" x2="1467" y2="3790" />
			<rect x1="1317" y1="3669" x2="1339" y2="3685" />
			<rect x1="1467" y1="3667" x2="1518" y2="3723" />
			<rect x1="1337" y1="3790" x2="1467" y2="3898" />
			<rect x1="1467" y1="3843" x2="1491" y2="3882" />
			<rect x1="1360" y1="3898" x2="1385" y2="3919" />
			<go location="(1383,3815,0)" />
			<inn x="1352" y="3800" width="16" height="32" />
			<inn x="1368" y="3808" width="8" height="16" />
		</region>
		<region priority="50" name="Minoc">
			<rect x1="2460" y1="559" x2="2559" y2="627" />
			<rect x1="2607" y1="611" x2="2628" y2="628" />
			<rect x1="2413" y1="465" x2="2460" y2="573" />
			<rect x1="2422" y1="393" x2="2460" y2="465" />
			<rect x1="2460" y1="538" x2="2550" y2="559" />
			<rect x1="2460" y1="417" x2="2539" y2="538" />
			<rect x1="2460" y1="367" x2="2544" y2="417" />
			<rect x1="2582" y1="570" x2="2607" y2="648" />
			<rect x1="2559" y1="573" x2="2582" y2="628" />
			<go location="(2466,544,0)" />
			<inn x="2457" y="397" width="40" height="8" />
			<inn x="2465" y="405" width="8" height="8" />
			<inn x="2481" y="405" width="8" height="8" />
		</region>
		<region priority="50" name="Ocllo">
			<rect x1="3588" y1="2460" x2="3707" y2="2685" />
			<rect x1="3695" y1="2558" x2="3760" y2="2705" />
			<go location="(3650,2519,0)" />
			<inn x="3664" y="2608" width="16" height="16" />
		</region>
		<region priority="50" name="Trinsic">
			<rect x1="1790" y1="2690" x2="2066" y2="2768" />
			<rect x1="1971" y1="2877" x2="2068" y2="2930" />
			<rect x1="2067" y1="2634" x2="2168" y2="2847" />
			<rect x1="1812" y1="2658" x2="1983" y2="2690" />
			<rect x1="1850" y1="2630" x2="1928" y2="2659" />
			<rect x1="1831" y1="2768" x2="2067" y2="2792" />
			<rect x1="1796" y1="2792" x2="2067" y2="2877" />
			<rect x1="1811" y1="2877" x2="1941" y2="2892" />
			<rect x1="1858" y1="2892" x2="1940" y2="2900" />
			<go location="(1867,2780,0)" />
			<inn x="1834" y="2728" width="22" height="16" />
			<inn x="2024" y="2784" width="16" height="20" />
			<inn x="2026" y="2804" width="14" height="2" />
			<inn x="2024" y="2806" width="16" height="7" />
		</region>
		<region priority="50" name="Vesper">
			<rect x1="2730" y1="948" x2="2826" y2="999" />
			<rect x1="2820" y1="773" x2="2953" y2="1011" />
			<rect x1="2844" y1="608" x2="2915" y2="773" />
			<rect x1="2915" y1="608" x2="2983" y2="657" />
			<rect x1="2983" y1="623" x2="3008" y2="657" />
			<rect x1="2915" y1="657" x2="2963" y2="773" />
			<rect x1="2953" y1="738" x2="3042" y2="868" />
			<rect x1="2963" y1="687" x2="2993" y2="738" />
			<rect x1="3042" y1="808" x2="3057" y2="849" />
			<rect x1="2953" y1="868" x2="2992" y2="962" />
			<rect x1="2828" y1="692" x2="2846" y2="772" />
			<go location="(2899,676,0)" />
			<inn x="2952" y="864" width="16" height="32" />
			<inn x="2968" y="872" width="8" height="16" />
			<inn x="2776" y="952" width="16" height="32" />
			<inn x="2768" y="960" width="8" height="16" />
		</region>
		<region priority="50" name="Yew">
			<rect x1="306" y1="1144" x2="393" y2="1264" />
			<rect x1="393" y1="799" x2="680" y2="1264" />
			<rect x1="680" y1="867" x2="756" y2="1031" />
			<rect x1="229" y1="929" x2="396" y2="1095" />
			<rect x1="312" y1="835" x2="393" y2="929" />
			<rect x1="190" y1="704" x2="395" y2="859" />
			<rect x1="394" y1="760" x2="621" y2="800" />
			<rect x1="678" y1="1160" x2="697" y2="1229" />
			<go location="(546,992,0)" />
			<inn x="600" y="808" width="24" height="24" />
		</region>
		<region priority="50" name="Wind">
			<rect x1="5121" y1="4" x2="5373" y2="255" />
			<go location="(5223,190,5)" />
		</region>
		<region priority="50" name="Serpent's Hold">
			<rect x1="2930" y1="3337" x2="3068" y2="3485" />
			<rect x1="3051" y1="3331" x2="3074" y2="3357" />
			<rect x1="2867" y1="3388" x2="2931" y2="3524" />
			<rect x1="2931" y1="3485" x2="3028" y2="3542" />
			<rect x1="2891" y1="3524" x2="2916" y2="3534" />
			<go location="(3010,3371,15)" />
			<inn x="2960" y="3400" width="16" height="16" />
			<inn x="2968" y="3416" width="8" height="16" />
		</region>
		<region priority="50" name="Skara Brae">
			<rect x1="541" y1="2108" x2="645" y2="2227" />
			<rect x1="714" y1="2132" x2="767" y2="2366" />
			<rect x1="873" y1="2372" x2="913" y2="2429" />
			<rect x1="868" y1="2304" x2="885" y2="2388" />
			<rect x1="645" y1="2128" x2="682" y2="2220" />
			<rect x1="767" y1="2150" x2="837" y2="2305" />
			<rect x1="632" y1="2220" x2="714" y2="2259" />
			<rect x1="560" y1="2222" x2="633" y2="2264" />
			<rect x1="571" y1="2258" x2="627" y2="2300" />
			<rect x1="803" y1="2305" x2="868" y2="2371" />
			<rect x1="767" y1="2305" x2="804" y2="2327" />
			<go location="(632,2233,0)" />
			<inn x="600" y="2232" width="16" height="24" />
			<inn x="592" y="2240" width="8" height="16" />
			<inn x="616" y="2240" width="8" height="16" />
		</region>
		<region priority="50" name="Nujel'm">
			<rect x1="3644" y1="1178" x2="3718" y2="1346" />
			<rect x1="3644" y1="1092" x2="3718" y2="1178" />
			<rect x1="3652" y1="1050" x2="3698" y2="1092" />
			<rect x1="3605" y1="1199" x2="3644" y2="1274" />
			<rect x1="3588" y1="1177" x2="3606" y2="1246" />
			<rect x1="3534" y1="1157" x2="3588" y2="1222" />
			<rect x1="3630" y1="1293" x2="3644" y2="1346" />
			<rect x1="3696" y1="1346" x2="3770" y2="1424" />
			<rect x1="3718" y1="1175" x2="3798" y2="1347" />
			<rect x1="3758" y1="1116" x2="3798" y2="1175" />
			<rect x1="3797" y1="1240" x2="3822" y2="1310" />
			<go location="(3732,1279,0)" />
			<inn x="3736" y="1184" width="16" height="23" />
			<inn x="3728" y="1192" width="8" height="15" />
			<inn x="3728" y="1288" width="23" height="15" />
			<inn x="3728" y="1303" width="16" height="9" />
			<inn x="3728" y="1312" width="12" height="8" />
			<inn x="3728" y="1320" width="16" height="23" />
			<inn x="3744" y="1328" width="7" height="15" />
		</region>
		<region priority="50" name="Moonglow">
			<rect x1="4379" y1="1045" x2="4439" y2="1176" />
			<rect x1="4383" y1="1021" x2="4430" y2="1045" />
			<rect x1="4439" y1="1048" x2="4497" y2="1142" />
			<rect x1="4379" y1="1176" x2="4399" y2="1181" />
			<rect x1="4439" y1="1142" x2="4489" y2="1176" />
			<rect x1="4459" y1="1176" x2="4485" y2="1184" />
			<go location="(4442,1172,0)" />
			<inn x="4384" y="1152" width="8" height="24" />
			<inn x="4392" y="1160" width="16" height="8" />
			<inn x="4400" y="1152" width="8" height="8" />
			<inn x="4480" y="1056" width="8" height="16" />
			<inn x="4488" y="1060" width="4" height="8" />
			<inn x="4476" y="1060" width="4" height="8" />
		</region>
		<region priority="50" name="Magincia">
			<rect x1="3654" y1="2094" x2="3746" y2="2263" />
			<rect x1="3746" y1="2094" x2="3783" y2="2128" />
			<rect x1="3677" y1="2016" x2="3752" y2="2094" />
			<rect x1="3746" y1="2207" x2="3814" y2="2281" />
			<rect x1="3653" y1="2263" x2="3696" y2="2300" />
			<go location="(3714,2220,20)" />
			<inn x="3680" y="2152" width="24" height="8" />
		</region>
		<region priority="50" name="Buccaneer's Den">
			<rect x1="2621" y1="2068" x2="2661" y2="2113" />
			<rect x1="2646" y1="2179" x2="2661" y2="2213" />
			<rect x1="2661" y1="2107" x2="2763" y2="2267" />
			<rect x1="2763" y1="2124" x2="2786" y2="2143" />
			<rect x1="2661" y1="2068" x2="2735" y2="2107" />
			<go location="(2706,2163,0)" />
			<inn x="2712" y="2080" width="16" height="16" />
			<inn x="2712" y="2096" width="8" height="8" />
		</region>
		<region priority="50" name="Covetous">
			<rect x1="5376" y1="1793" x2="5577" y2="2048" />
			<rect x1="5576" y1="1791" x2="5633" y2="2048" />
			<go location="(5456,1862,0)" />
		</region>
		<region priority="50" name="Deceit">
			<rect x1="5122" y1="518" x2="5370" y2="770" />
			<go location="(5187,635,0)" />
		</region>
		<region priority="50" name="Despise">
			<rect x1="5377" y1="516" x2="5631" y2="1022" />
			<go location="(5501,570,59)" />
		</region>
		<region priority="50" name="Destard">
			<rect x1="5120" y1="770" x2="5371" y2="1028" />
			<go location="(5243,1004,0)" />
		</region>
		<region priority="50" name="Hythloth">
			<rect x1="5898" y1="2" x2="6136" y2="246" />
			<go location="(5905,22,44)" />
		</region>
		<region priority="50" name="Jail">
			<rect x1="5271" y1="1159" x2="5312" y2="1192" />
			<go location="(5275,1163,0)" />
		</region>
		<region priority="1" name="Green Acres">
			<rect x1="5376" y1="512" x2="6143" y2="1279" />
			<go location="5445, 1153, 0)" />
		</region>
		<region priority="50" name="Shame">
			<rect x1="5377" y1="2" x2="5634" y2="262" />
			<rect x1="5635" y1="2" x2="5895" y2="126" />
			<go location="(5395,126,0)" />
		</region>
		<region priority="50" name="Wrong">
			<rect x1="5633" y1="511" x2="5886" y2="1021" />
			<go location="(5825,599,0))" />
		</region>
		<region priority="50" name="Cave 1">
			<rect x1="2373" y1="900" x2="2395" y2="928" />
			<rect x1="2395" y1="903" x2="2409" y2="919" />
			<rect x1="2373" y1="928" x2="2383" y2="937" />
			<rect x1="2359" y1="927" x2="2373" y2="945" />
			<go location="(2367,942,0)" />
		</region>
		<region priority="50" name="Cave 2">
			<rect x1="1887" y1="354" x2="1920" y2="377" />
			<go location="(1903,365,0)" />
		</region>
		<region priority="50" name="Cave 3">
			<rect x1="1925" y1="307" x2="1943" y2="325" />
			<go location="(1934,316,0)" />
		</region>
		<region priority="50" name="Cave 4">
			<rect x1="2323" y1="809" x2="2368" y2="851" />
			<go location="(2345,830,0)" />
		</region>
		<region priority="50" name="Britain Mine 1">
			<rect x1="1436" y1="1215" x2="1465" y2="1252" />
			<go location="(1443,1228,0)" />
		</region>
		<region priority="50" name="Britain Mine 2">
			<rect x1="1611" y1="1175" x2="1662" y2="1204" />
			<go location="(1629,1189,0)" />
		</region>
		<region priority="50" name="Minoc Cave 1">
			<rect x1="2406" y1="168" x2="2428" y2="184" />
			<go location="(2426,177,0)" />
		</region>
		<region priority="50" name="Minoc Cave 2">
			<rect x1="2418" y1="81" x2="2442" y2="113" />
			<go location="(2440,94,0)" />
		</region>
		<region priority="50" name="Minoc Cave 3">
			<rect x1="2447" y1="39" x2="2489" y2="67" />
			<go location="(2471,64,0)" />
		</region>
		<region priority="50" name="Minoc Mine">
			<rect x1="2556" y1="501" x2="2562" y2="504" />
			<rect x1="2556" y1="474" x2="2582" y2="501" />
			<go location="(2558,499,0)" />
		</region>
		<region priority="50" name="Avatar Isle Cave">
			<rect x1="4594" y1="3807" x2="4617" y2="3824" />
			<go location="(4605,3815,0)" />
		</region>
		<region priority="50" name="Ice Isle Cave 1">
			<rect x1="4018" y1="421" x2="4067" y2="470" />
			<go location="(4054,440,3)" />
		</region>
		<region priority="50" name="Ice Isle Cave 2">
			<rect x1="4002" y1="310" x2="4045" y2="351" />
			<rect x1="4005" y1="298" x2="4027" y2="310" />
			<go location="(4030,325,0)" />
		</region>
		<region priority="50" name="North Territory Cave">
			<rect x1="1973" y1="251" x2="1994" y2="274" />
			<go location="(1984,262,8)" />
		</region>
		<region priority="50" name="Yew Cave">
			<rect x1="766" y1="1683" x2="778" y2="1697" />
			<go location="(773,1684,0)" />
		</region>
		<region priority="50" name="North Territory Mine 1">
			<rect x1="1713" y1="1055" x2="1753" y2="1080" />
			<go location="(1723,1065,0)" />
		</region>
		<region priority="50" name="North Territory Mine 2">
			<rect x1="1604" y1="958" x2="1650" y2="1009" />
			<go location="(1638,974,0)" />
		</region>
		<region priority="50" name="Mt Kendall">
			<rect x1="2552" y1="448" x2="2623" y2="507" />
			<rect x1="2547" y1="380" x2="2590" y2="448" />
			<rect x1="2590" y1="413" x2="2623" y2="448" />
			<go location="(2593,477,60)" />
		</region>
		<region priority="50" name="Covetous Mine">
			<rect x1="2429" y1="866" x2="2448" y2="911" />
			<rect x1="2448" y1="879" x2="2475" y2="907" />
			<rect x1="2456" y1="907" x2="2475" y2="941" />
			<go location="(2445,880,0)" />
		</region>
	</Facet>
	<Facet name="Trammel">
		<region priority="50" name="Cove">
			<rect x1="2203" y1="1166" x2="2256" y2="1245" />
			<rect x1="2284" y1="1219" x2="2292" y2="1235" />
			<rect x1="2256" y1="1181" x2="2284" y2="1245" />
			<rect x1="2256" y1="1166" x2="2260" y2="1181" />
			<rect x1="2203" y1="1108" x2="2243" y2="1166" />
			<go location="(2275,1210,0)" />
		</region>
		<region priority="50" name="Britain">
			<go location="(1495,1629,10)" />
			<rect x1="1410" y1="1517" x2="1691" y2="1778" />
			<rect x1="1436" y1="1494" x2="1670" y2="1517" />
			<rect x1="1522" y1="1778" x2="1641" y2="1798" />
			<rect x1="1691" y1="1532" x2="1721" y2="1595" />
			<rect x1="1388" y1="1697" x2="1410" y2="1766" />
			<!-- casta de British -->
			<rect x1="1294" y1="1679" x2="1411" y2="1697" />
			<rect x1="1295" y1="1559" x2="1313" y2="1577" />
			<rect x1="1392" y1="1559" x2="1410" y2="1577" />
			<rect x1="1302" y1="1577" x2="1410" y2="1680" />
			<rect x1="1313" y1="1563" x2="1392" y2="1577" />
			<!-- casta de blackthorne -->
			<rect x1="1500" y1="1405" x2="1550" y2="1478" />
			<rect x1="1520" y1="1478" x2="1527" y2="1494" />
			<inn x="1492" y="1602" width="8" height="19" />
			<inn x="1500" y="1610" width="8" height="16" />
			<inn x="1576" y="1584" width="24" height="16" />
			<inn x="1456" y="1512" width="16" height="16" />
			<inn x="1472" y="1512" width="8" height="8" />
		</region>
		<region priority="50" name="Britain Graveyard">
			<rect x1="1336" y1="1443" x2="1391" y2="1494" />
			<rect x1="1336" y1="1494" x2="1376" y2="1511" />
			<go location="(1384,1492,10)" />
		</region>
		<region priority="50" name="Jhelom">
			<rect x1="1302" y1="3685" x2="1467" y2="3790" />
			<rect x1="1317" y1="3669" x2="1339" y2="3685" />
			<rect x1="1467" y1="3667" x2="1518" y2="3723" />
			<rect x1="1337" y1="3790" x2="1467" y2="3898" />
			<rect x1="1467" y1="3843" x2="1491" y2="3882" />
			<rect x1="1360" y1="3898" x2="1385" y2="3919" />
			<go location="(1383,3815,0)" />
			<inn x="1352" y="3800" width="16" height="32" />
			<inn x="1368" y="3808" width="8" height="16" />
		</region>
		<region priority="50" name="Minoc">
			<rect x1="2460" y1="559" x2="2559" y2="627" />
			<rect x1="2607" y1="611" x2="2628" y2="628" />
			<rect x1="2413" y1="465" x2="2460" y2="573" />
			<rect x1="2422" y1="393" x2="2460" y2="465" />
			<rect x1="2460" y1="538" x2="2550" y2="559" />
			<rect x1="2460" y1="417" x2="2539" y2="538" />
			<rect x1="2460" y1="367" x2="2544" y2="417" />
			<rect x1="2582" y1="570" x2="2607" y2="648" />
			<rect x1="2559" y1="573" x2="2582" y2="628" />
			<go location="(2466,544,0)" />
			<inn x="2457" y="397" width="40" height="8" />
			<inn x="2465" y="405" width="8" height="8" />
			<inn x="2481" y="405" width="8" height="8" />
		</region>
		<region priority="50" name="Haven">
			<rect x1="3588" y1="2460" x2="3707" y2="2685" />
			<rect x1="3695" y1="2558" x2="3760" y2="2705" />
			<go location="(3650,2519,0)" />
			<inn x="3664" y="2608" width="16" height="16" />
		</region>
		<region priority="50" name="Trinsic">
			<rect x1="1790" y1="2690" x2="2066" y2="2768" />
			<rect x1="1971" y1="2877" x2="2068" y2="2930" />
			<rect x1="2067" y1="2634" x2="2168" y2="2847" />
			<rect x1="1812" y1="2658" x2="1983" y2="2690" />
			<rect x1="1850" y1="2630" x2="1928" y2="2659" />
			<rect x1="1831" y1="2768" x2="2067" y2="2792" />
			<rect x1="1796" y1="2792" x2="2067" y2="2877" />
			<rect x1="1811" y1="2877" x2="1941" y2="2892" />
			<rect x1="1858" y1="2892" x2="1940" y2="2900" />
			<go location="(1867,2780,0)" />
			<inn x="1834" y="2728" width="22" height="16" />
			<inn x="2024" y="2784" width="16" height="20" />
			<inn x="2026" y="2804" width="14" height="2" />
			<inn x="2024" y="2806" width="16" height="7" />
		</region>
		<region priority="50" name="Vesper">
			<rect x1="2730" y1="948" x2="2826" y2="999" />
			<rect x1="2820" y1="773" x2="2953" y2="1011" />
			<rect x1="2844" y1="608" x2="2915" y2="773" />
			<rect x1="2915" y1="608" x2="2983" y2="657" />
			<rect x1="2983" y1="623" x2="3008" y2="657" />
			<rect x1="2915" y1="657" x2="2963" y2="773" />
			<rect x1="2953" y1="738" x2="3042" y2="868" />
			<rect x1="2963" y1="687" x2="2993" y2="738" />
			<rect x1="3042" y1="808" x2="3057" y2="849" />
			<rect x1="2953" y1="868" x2="2992" y2="962" />
			<rect x1="2828" y1="692" x2="2846" y2="772" />
			<go location="(2899,676,0)" />
			<inn x="2952" y="864" width="16" height="32" />
			<inn x="2968" y="872" width="8" height="16" />
			<inn x="2776" y="952" width="16" height="32" />
			<inn x="2768" y="960" width="8" height="16" />
		</region>
		<region priority="50" name="Yew">
			<rect x1="306" y1="1144" x2="393" y2="1264" />
			<rect x1="393" y1="799" x2="680" y2="1264" />
			<rect x1="680" y1="867" x2="756" y2="1031" />
			<rect x1="229" y1="929" x2="396" y2="1095" />
			<rect x1="312" y1="835" x2="393" y2="929" />
			<rect x1="190" y1="704" x2="395" y2="859" />
			<rect x1="394" y1="760" x2="621" y2="800" />
			<rect x1="678" y1="1160" x2="697" y2="1229" />
			<go location="(546,992,0)" />
			<inn x="600" y="808" width="24" height="24" />
		</region>
		<region priority="50" name="Wind">
			<rect x1="5121" y1="4" x2="5373" y2="255" />
			<go location="(5223,190,5)" />
		</region>
		<region priority="50" name="Serpent's Hold">
			<rect x1="2930" y1="3337" x2="3068" y2="3485" />
			<rect x1="3051" y1="3331" x2="3074" y2="3357" />
			<rect x1="2867" y1="3388" x2="2931" y2="3524" />
			<rect x1="2931" y1="3485" x2="3028" y2="3542" />
			<rect x1="2891" y1="3524" x2="2916" y2="3534" />
			<go location="(3010,3371,15)" />
			<inn x="2960" y="3400" width="16" height="16" />
			<inn x="2968" y="3416" width="8" height="16" />
		</region>
		<region priority="50" name="Skara Brae">
			<rect x1="541" y1="2108" x2="645" y2="2227" />
			<rect x1="714" y1="2132" x2="767" y2="2366" />
			<rect x1="873" y1="2372" x2="913" y2="2429" />
			<rect x1="868" y1="2304" x2="885" y2="2388" />
			<rect x1="645" y1="2128" x2="682" y2="2220" />
			<rect x1="767" y1="2150" x2="837" y2="2305" />
			<rect x1="632" y1="2220" x2="714" y2="2259" />
			<rect x1="560" y1="2222" x2="633" y2="2264" />
			<rect x1="571" y1="2258" x2="627" y2="2300" />
			<rect x1="803" y1="2305" x2="868" y2="2371" />
			<rect x1="767" y1="2305" x2="804" y2="2327" />
			<go location="(632,2233,0)" />
			<inn x="600" y="2232" width="16" height="24" />
			<inn x="592" y="2240" width="8" height="16" />
			<inn x="616" y="2240" width="8" height="16" />
		</region>
		<region priority="50" name="Nujel'm">
			<rect x1="3644" y1="1178" x2="3718" y2="1346" />
			<rect x1="3644" y1="1092" x2="3718" y2="1178" />
			<rect x1="3652" y1="1050" x2="3698" y2="1092" />
			<rect x1="3605" y1="1199" x2="3644" y2="1274" />
			<rect x1="3588" y1="1177" x2="3606" y2="1246" />
			<rect x1="3534" y1="1157" x2="3588" y2="1222" />
			<rect x1="3630" y1="1293" x2="3644" y2="1346" />
			<rect x1="3696" y1="1346" x2="3770" y2="1424" />
			<rect x1="3718" y1="1175" x2="3798" y2="1347" />
			<rect x1="3758" y1="1116" x2="3798" y2="1175" />
			<rect x1="3797" y1="1240" x2="3822" y2="1310" />
			<go location="(3732,1279,0)" />
			<inn x="3736" y="1184" width="16" height="23" />
			<inn x="3728" y="1192" width="8" height="15" />
			<inn x="3728" y="1288" width="23" height="15" />
			<inn x="3728" y="1303" width="16" height="9" />
			<inn x="3728" y="1312" width="12" height="8" />
			<inn x="3728" y="1320" width="16" height="23" />
			<inn x="3744" y="1328" width="7" height="15" />
		</region>
		<region priority="50" name="Moonglow">
			<rect x1="4379" y1="1045" x2="4439" y2="1176" />
			<rect x1="4383" y1="1021" x2="4430" y2="1045" />
			<rect x1="4439" y1="1048" x2="4497" y2="1142" />
			<rect x1="4379" y1="1176" x2="4399" y2="1181" />
			<rect x1="4439" y1="1142" x2="4489" y2="1176" />
			<rect x1="4459" y1="1176" x2="4485" y2="1184" />
			<go location="(4442,1172,0)" />
			<inn x="4384" y="1152" width="8" height="24" />
			<inn x="4392" y="1160" width="16" height="8" />
			<inn x="4400" y="1152" width="8" height="8" />
			<inn x="4480" y="1056" width="8" height="16" />
			<inn x="4488" y="1060" width="4" height="8" />
			<inn x="4476" y="1060" width="4" height="8" />
		</region>
		<region priority="50" name="Magincia">
			<rect x1="3654" y1="2094" x2="3746" y2="2263" />
			<rect x1="3746" y1="2094" x2="3783" y2="2128" />
			<rect x1="3677" y1="2016" x2="3752" y2="2094" />
			<rect x1="3746" y1="2207" x2="3814" y2="2281" />
			<rect x1="3653" y1="2263" x2="3696" y2="2300" />
			<go location="(3714,2220,20)" />
			<inn x="3680" y="2152" width="24" height="8" />
		</region>
		<region priority="50" name="Buccaneer's Den">
			<rect x1="2621" y1="2068" x2="2661" y2="2113" />
			<rect x1="2646" y1="2179" x2="2661" y2="2213" />
			<rect x1="2661" y1="2107" x2="2763" y2="2267" />
			<rect x1="2763" y1="2124" x2="2786" y2="2143" />
			<rect x1="2661" y1="2068" x2="2735" y2="2107" />
			<go location="(2706,2163,0)" />
			<inn x="2712" y="2080" width="16" height="16" />
			<inn x="2712" y="2096" width="8" height="8" />
		</region>
		<region priority="50" name="Covetous">
			<rect x1="5376" y1="1793" x2="5577" y2="2048" />
			<rect x1="5576" y1="1791" x2="5633" y2="2048" />
			<go location="(5456,1862,0)" />
		</region>
		<region priority="50" name="Deceit">
			<rect x1="5122" y1="518" x2="5370" y2="770" />
			<go location="(5187,635,0)" />
		</region>
		<region priority="50" name="Despise">
			<rect x1="5377" y1="516" x2="5631" y2="1022" />
			<go location="(5501,570,59)" />
		</region>
		<region priority="50" name="Destard">
			<rect x1="5120" y1="770" x2="5371" y2="1028" />
			<go location="(5243,1004,0)" />
		</region>
		<region priority="50" name="Hythloth">
			<rect x1="5898" y1="2" x2="6136" y2="246" />
			<go location="(5905,22,44)" />
		</region>
		<region priority="50" name="Jail">
			<rect x1="5271" y1="1159" x2="5312" y2="1192" />
			<go location="(5275,1163,0)" />
		</region>
		<region priority="1" name="Green Acres">
			<rect x1="5376" y1="512" x2="6143" y2="1279" />
			<go location="5445, 1153, 0)" />
		</region>
		<region priority="50" name="Shame">
			<rect x1="5377" y1="2" x2="5634" y2="262" />
			<rect x1="5635" y1="2" x2="5895" y2="126" />
			<go location="(5395,126,0)" />
		</region>
		<region priority="50" name="Wrong">
			<rect x1="5633" y1="511" x2="5886" y2="1021" />
			<go location="(5825,599,0)" />
		</region>
		<region priority="50" name="Cave 1">
			<rect x1="2373" y1="900" x2="2395" y2="928" />
			<rect x1="2395" y1="903" x2="2409" y2="919" />
			<rect x1="2373" y1="928" x2="2383" y2="937" />
			<rect x1="2359" y1="927" x2="2373" y2="945" />
			<go location="(2367,942,0)" />
		</region>
		<region priority="50" name="Cave 2">
			<rect x1="1887" y1="354" x2="1920" y2="377" />
			<go location="(1903,365,0)" />
		</region>
		<region priority="50" name="Cave 3">
			<rect x1="1925" y1="307" x2="1943" y2="325" />
			<go location="(1934,316,0)" />
		</region>
		<region priority="50" name="Cave 4">
			<rect x1="2323" y1="809" x2="2368" y2="851" />
			<go location="(2345,830,0)" />
		</region>
		<region priority="50" name="Britain Mine 1">
			<rect x1="1436" y1="1215" x2="1465" y2="1252" />
			<go location="(1443,1228,0)" />
		</region>
		<region priority="50" name="Britain Mine 2">
			<rect x1="1611" y1="1175" x2="1662" y2="1204" />
			<go location="(1629,1189,0)" />
		</region>
		<region priority="50" name="Minoc Cave 1">
			<rect x1="2406" y1="168" x2="2428" y2="184" />
			<go location="(2426,177,0)" />
		</region>
		<region priority="50" name="Minoc Cave 2">
			<rect x1="2418" y1="81" x2="2442" y2="113" />
			<go location="(2440,94,0)" />
		</region>
		<region priority="50" name="Minoc Cave 3">
			<rect x1="2447" y1="39" x2="2489" y2="67" />
			<go location="(2471,64,0)" />
		</region>
		<region priority="50" name="Minoc Mine">
			<rect x1="2556" y1="501" x2="2562" y2="504" />
			<rect x1="2556" y1="474" x2="2582" y2="501" />
			<go location="(2558,499,0)" />
		</region>
		<region priority="50" name="Avatar Isle Cave">
			<rect x1="4594" y1="3807" x2="4617" y2="3824" />
			<go location="(4605,3815,0)" />
		</region>
		<region priority="50" name="Ice Isle Cave 1">
			<rect x1="4018" y1="421" x2="4067" y2="470" />
			<go location="(4054,440,3)" />
		</region>
		<region priority="50" name="Ice Isle Cave 2">
			<rect x1="4002" y1="310" x2="4045" y2="351" />
			<rect x1="4005" y1="298" x2="4027" y2="310" />
			<go location="(4030,325,0)" />
		</region>
		<region priority="50" name="North Territory Cave">
			<rect x1="1973" y1="251" x2="1994" y2="274" />
			<go location="(1984,262,8)" />
		</region>
		<region priority="50" name="Yew Cave">
			<rect x1="766" y1="1683" x2="778" y2="1697" />
			<go location="(773,1684,0)" />
		</region>
		<region priority="50" name="North Territory Mine 1">
			<rect x1="1713" y1="1055" x2="1753" y2="1080" />
			<go location="(1723,1065,0)" />
		</region>
		<region priority="50" name="North Territory Mine 2">
			<rect x1="1604" y1="958" x2="1650" y2="1009" />
			<go location="(1638,974,0)" />
		</region>
		<region priority="50" name="Mt Kendall">
			<rect x1="2552" y1="448" x2="2623" y2="507" />
			<rect x1="2547" y1="380" x2="2590" y2="448" />
			<rect x1="2590" y1="413" x2="2623" y2="448" />
			<go location="(2593,477,60)" />
		</region>
		<region priority="50" name="Covetous Mine">
			<rect x1="2429" y1="866" x2="2448" y2="911" />
			<rect x1="2448" y1="879" x2="2475" y2="907" />
			<rect x1="2456" y1="907" x2="2475" y2="941" />
			<go location="(2445,880,0)" />
		</region>
	</Facet>
	<Facet name="Ilshenar">
		<region priority="37" name="Shrine of Valor">
			<rect x1="512" y1="200" x2="544" y2="232" />
			<go location="(539,221,-36)" />
		</region>
		<region priority="50" name="Chaos Shrine">
			<rect x1="1736" y1="224" x2="1760" y2="248" />
			<go location="(1748,236,0)" />
		</region>
		<region priority="50" name="Shrine of Sacrifice">
			<rect x1="1160" y1="1280" x2="1192" y2="1296" />
			<go location="(1196,1290,-25)" />
		</region>
		<region priority="37" name="Shrine of Honesty">
			<rect x1="712" y1="1344" x2="736" y2="1376" />
			<go location="(725,1355,-61)" />
		</region>
		<region priority="50" name="Shrine of Compassion">
			<rect x1="1200" y1="448" x2="1232" y2="488" />
			<go location="(1223,475,-16)" />
		</region>
		<region priority="50" name="Shrine of Spirituality">
			<rect x1="1520" y1="1336" x2="1536" y2="1352" />
			<go location="(1528,1344,0)" />
		</region>
		<region priority="50" name="Shrine of Humility">
			<rect x1="272" y1="1008" x2="296" y2="1024" />
			<go location="(284,1016,0)" />
		</region>
		<region priority="50" name="Shrine of Honor">
			<rect x1="736" y1="712" x2="760" y2="744" />
			<go location="(748,728,0)" />
		</region>
		<region priority="11" name="Terort Skitas">
			<rect x1="528" y1="376" x2="624" y2="464" />
			<go location="(568,430,41)" />
		</region>
		<region priority="50" name="Gargoyle City">
			<rect x1="824" y1="552" x2="856" y2="728" />
			<rect x1="752" y1="576" x2="824" y2="704" />
			<rect x1="856" y1="576" x2="896" y2="704" />
			<rect x1="904" y1="624" x2="928" y2="656" />
			<go location="(840,571,0)" />
		</region>
		<region priority="50" name="Pormir Harm">
			<rect x1="736" y1="480" x2="768" y2="504" />
			<go location="(745,492,-66)" />
		</region>
		<region priority="50" name="Pormir Felwis">
			<rect x1="472" y1="336" x2="512" y2="368" />
			<go location="(472,352,-78)" />
		</region>
		<region priority="50" name="Cyclops Temple">
			<rect x1="880" y1="1256" x2="936" y2="1368" />
			<go location="(901,1297,-71)" />
		</region>
		<region priority="50" name="Rat Fort">
			<rect x1="616" y1="792" x2="672" y2="848" />
			<go location="(642,845,-58)" />
		</region>
		<region priority="50" name="Rat Fort Cellar">
			<rect x1="160" y1="736" x2="192" y2="768" />
			<go location="(171,750,-28)" />
		</region>
		<region priority="50" name="Entrace to Central Ilshenar 1">
			<rect x1="1136" y1="584" x2="1152" y2="600" />
			<go location="(1141,594,-80)" />
		</region>
		<region priority="50" name="Entrace to Central Ilshenar 2">
			<rect x1="1232" y1="576" x2="1240" y2="592" />
			<go location="(1238,583,-19)" />
		</region>
		<region priority="41" name="Montor">
			<rect x1="1576" y1="272" x2="1720" y2="368" />
			<rect x1="1616" y1="200" x2="1696" y2="272" />
			<rect x1="1696" y1="144" x2="1736" y2="272" />
			<rect x1="1736" y1="144" x2="1768" y2="208" />
			<go location="(1648,320,0)" />
		</region>
		<region priority="40" name="Termir Flam">
			<rect x1="1520" y1="368" x2="1752" y2="496" />
			<rect x1="1520" y1="296" x2="1576" y2="368" />
			<rect x1="1752" y1="440" x2="1776" y2="480" />
			<go location="(1636,432,0)" />
		</region>
		<region priority="11" name="Ancient Citadel">
			<rect x1="1448" y1="496" x2="1552" y2="600" />
			<go location="(1516,542,85)" />
		</region>
		<region priority="41" name="Alexandretta's Bowl">
			<rect x1="1272" y1="352" x2="1440" y2="592" />
			<go location="(1396,432,-17)" />
		</region>
		<region priority="2" name="Entrance to Rock Dungeon">
			<rect x1="1784" y1="560" x2="1792" y2="576" />
			<go location="(1784,568,100)" />
		</region>
		<region priority="2" name="Rock Dungeon">
			<rect x1="2176" y1="288" x2="2200" y2="328" />
			<rect x1="2088" y1="8" x2="2248" y2="184" />
			<go location="(2187,316,-7)" />
		</region>
		<region priority="5" name="Lenmir Anfinmotas">
			<rect x1="1560" y1="792" x2="1792" y2="912" />
			<go location="(1676,852,0)" />
		</region>
		<region priority="2" name="Entrance to Spider Cave">
			<rect x1="1400" y1="896" x2="1440" y2="920" />
			<go location="(1418,915,-19)" />
		</region>
		<region priority="50" name="Spider Cave">
			<rect x1="1752" y1="952" x2="1864" y2="1000" />
			<rect x1="1480" y1="864" x2="1528" y2="896" />
			<go location="(1785,991,-28)" />
		</region>
		<region priority="48" name="Twin Oaks">
			<rect x1="1536" y1="1032" x2="1584" y2="1072" />
			<go location="(1560,1052,0)" />
		</region>
		<region priority="50" name="Reg Volon">
			<rect x1="1328" y1="1008" x2="1408" y2="1120" />
			<go location="(1364,1056,0)" />
		</region>
		<region priority="2" name="Entrace Spectre Dungeon">
			<rect x1="1360" y1="1030" x2="1366" y2="1034" />
			<go location="(1363,1033,-8)" />
		</region>
		<region priority="2" name="Spectre Dungeon">
			<rect x1="1936" y1="1000" x2="2032" y2="1120" />
			<go location="(1983,1107,-23)" />
		</region>
		<region priority="2" name="Entrace Blood Dungeon">
			<rect x1="1736" y1="1224" x2="1760" y2="1240" />
			<go location="(1747,1227,-1)" />
		</region>
		<region priority="2" name="Blood Dungeon">
			<rect x1="2032" y1="808" x2="2200" y2="1064" />
			<go location="(2114,839,-28)" />
		</region>
		<region priority="2" name="Entrace Mushroom Cave">
			<rect x1="1448" y1="1320" x2="1464" y2="1336" />
			<go location="(1460,1329,-25)" />
		</region>
		<region priority="11" name="Mushroom Cave">
			<rect x1="1392" y1="1448" x2="1496" y2="1568" />
			<go location="(1476,1494,-28)" />
		</region>
		<region priority="48" name="Lake Shire">
			<rect x1="1144" y1="1072" x2="1264" y2="1200" />
			<go location="(1212,1144,-25)" />
		</region>
		<region priority="2" name="Entrace Rat Cave">
			<rect x1="1024" y1="1152" x2="1032" y2="1160" />
			<go location="(1031,1154,-24)" />
		</region>
		<region priority="2" name="Rat Cave Territory">
			<rect x1="1144" y1="1440" x2="1368" y2="1584" />
			<go location="(1345,1511,-3)" />
		</region>
		<region priority="2" name="Ratman Cave">
			<rect x1="1264" y1="1448" x2="1360" y2="1576" />
			<rect x1="1152" y1="1456" x2="1256" y2="1560" />
			<go location="(1348,1511,-3)" />
		</region>
		<region priority="48" name="Bet-Lem Reg">
			<rect x1="1232" y1="936" x2="1272" y2="984" />
			<go location="(1238,974,-33)" />
		</region>
		<region priority="48" name="Mistas">
			<rect x1="744" y1="984" x2="912" y2="1152" />
			<rect x1="744" y1="1152" x2="792" y2="1176" />
			<go location="(818,1073,-30)" />
		</region>
		<region priority="2" name="Entrace Serpentin Passage">
			<rect x1="800" y1="864" x2="816" y2="880" />
			<go location="(808,872,5)" />
		</region>
		<region priority="11" name="Serpentine Passage">
			<rect x1="368" y1="1488" x2="560" y2="1592" />
			<go location="(533,1526,-25)" />
		</region>
		<region priority="2" name="Ankh Dungeon">
			<rect x1="0" y1="1248" x2="176" y2="1592" />
			<rect x1="568" y1="1152" x2="584" y2="1160" />
			<go location="(156,1484,-28)" />
		</region>
		<region priority="11" name="Kirin passage">
			<rect x1="0" y1="800" x2="192" y2="1200" />
			<go location="(11,881,-29)" />
		</region>
		<region priority="2" name="Entrace Lizards Passage">
			<rect x1="312" y1="1328" x2="320" y2="1336" />
			<go location="(314,1331,-37)" />
		</region>
		<region priority="2" name="Wisp Dungeon">
			<rect x1="616" y1="1480" x2="704" y2="1576" />
			<rect x1="704" y1="1544" x2="728" y2="1576" />
			<rect x1="704" y1="1480" x2="744" y2="1520" />
			<rect x1="816" y1="1448" x2="912" y2="1584" />
			<rect x1="944" y1="1416" x2="1000" y2="1456" />
			<rect x1="912" y1="1456" x2="1024" y2="1584" />
			<rect x1="832" y1="1424" x2="880" y2="1448" />
			<rect x1="744" y1="1504" x2="816" y2="1584" />
			<rect x1="744" y1="1456" x2="800" y2="1504" />
			<go location="(628,1524,-28)" />
		</region>
		<region priority="11" name="Lizard Passage">
			<rect x1="256" y1="1560" x2="336" y2="1592" />
			<go location="(285,1585,-27)" />
		</region>
		<region priority="50" name="Exodus Dungeon">
			<rect x1="1832" y1="16" x2="2080" y2="216" />
			<go location="(1956,116,0)" />
		</region>
		<region priority="48" name="Lizard Man's Huts">
			<rect x1="264" y1="1280" x2="320" y2="1376" />
			<go location="(298,1336,-24)" />
		</region>
		<region priority="50" name="Nox Tereg">
			<rect x1="344" y1="1112" x2="488" y2="1240" />
			<go location="(416,1176,0)" />
		</region>
		<region priority="2" name="Sorcerer's Dungeon">
			<rect x1="368" y1="0" x2="488" y2="120" />
			<rect x1="200" y1="0" x2="368" y2="112" />
			<rect x1="256" y1="120" x2="288" y2="152" />
			<rect x1="48" y1="0" x2="184" y2="136" />
			<rect x1="224" y1="112" x2="248" y2="144" />
			<go location="(429,108,-28)" />
		</region>
		<region priority="50" name="Entrace Ancient Lair">
			<rect x1="936" y1="488" x2="944" y2="496" />
			<go location="(940,503,-30)" />
		</region>
		<region priority="2" name="Ancient Lair">
			<rect x1="24" y1="664" x2="136" y2="760" />
			<go location="(86,744,-27)" />
		</region>
		<region priority="50" name="Gypsy Camp">
			<rect x1="480" y1="520" x2="536" y2="568" />
			<go location="(504,536,-60)" />
		</region>
		<region priority="50" name="Gypsy Camp 1">
			<rect x1="1480" y1="600" x2="1536" y2="640" />
			<go location="(1508,620,0)" />
		</region>
		<region priority="48" name="Gypsy Camp 2">
			<rect x1="1592" y1="528" x2="1632" y2="568" />
			<go location="(1612,548,0)" />
		</region>
		<region priority="50" name="Juka Camp">
			<rect x1="1192" y1="656" x2="1304" y2="792" />
			<go location="(1248,724,0)" />
		</region>
		<region priority="50" name="Gypsy Camp 3">
			<rect x1="928" y1="408" x2="968" y2="448" />
			<go location="(948,428,0)" />
		</region>
		<region priority="50" name="Gypsy Camp 4">
			<rect x1="840" y1="440" x2="880" y2="488" />
			<go location="(860,464,0)" />
		</region>
		<region priority="50" name="Gypsy Camp 5">
			<rect x1="1216" y1="520" x2="1240" y2="568" />
			<rect x1="1248" y1="568" x2="1264" y2="592" />
			<go location="(1228,544,0)" />
		</region>
		<region priority="50" name="Gypsy Camp 6">
			<rect x1="1376" y1="416" x2="1408" y2="448" />
			<go location="(1392,432,0)" />
		</region>
		<region priority="50" name="Lord Blackthorn's Ilshenar Castle">
			<rect x1="1048" y1="616" x2="1120" y2="688" />
			<rect x1="1080" y1="688" x2="1104" y2="712" />
			<go location="(1084,652,0)" />
		</region>
		<region priority="50" name="Shrine of the Virtues">
			<rect x1="1072" y1="376" x2="1136" y2="432" />
			<go location="(1104,404,0)" />
		</region>
		<region priority="50" name="Pass of Karnaugh">
			<rect x1="848" y1="288" x2="968" y2="336" />
			<rect x1="936" y1="232" x2="968" y2="288" />
			<rect x1="968" y1="248" x2="1088" y2="304" />
			<rect x1="1000" y1="304" x2="1024" y2="320" />
			<rect x1="1048" y1="304" x2="1184" y2="360" />
			<rect x1="1184" y1="336" x2="1248" y2="392" />
			<go location="(908,312,0)" />
		</region>
	</Facet>
</ServerRegions>