﻿<?xml version="1.0" encoding="utf-8"?>
<Trans>
    <TransInfo Description="Grass to Snow" HashKey="0C0C0C0B0B0B0B0B0B">
    <MapTiles>
      <MapTile TileID="1474" AltIDMod="0" />
    </MapTiles>
    <StaticTiles />
  </TransInfo>
  <TransInfo Description="Grass to Snow" HashKey="0B0C0C0B0B0B0B0B0B">
    <MapTiles>
      <MapTile TileID="1474" AltIDMod="0" />
    </MapTiles>
    <StaticTiles />
  </TransInfo>
  <TransInfo Description="Grass to Snow" HashKey="0C0C0B0B0B0B0B0B0B">
    <MapTiles>
      <MapTile TileID="1474" AltIDMod="0" />
    </MapTiles>
    <StaticTiles />
  </TransInfo>
  <TransInfo Description="Grass to Snow" HashKey="0B0C0B0B0B0B0B0B0B">
    <MapTiles>
      <MapTile TileID="1474" AltIDMod="0" />
    </MapTiles>
    <StaticTiles />
  </TransInfo>
  <TransInfo Description="Grass to Snow" HashKey="0C0B0C0B0B0B0B0B0B">
    <MapTiles>
      <MapTile TileID="1474" AltIDMod="0" />
    </MapTiles>
    <StaticTiles />
  </TransInfo>
  <TransInfo Description="Grass to Snow" HashKey="0C0B0B0C0B0B0C0B0B">
    <MapTiles>
      <MapTile TileID="1473" AltIDMod="0" />
    </MapTiles>
    <StaticTiles />
  </TransInfo>
  <TransInfo Description="Grass to Snow" HashKey="0C0B0B0C0B0B0B0B0B">
    <MapTiles>
      <MapTile TileID="1473" AltIDMod="0" />
    </MapTiles>
    <StaticTiles />
  </TransInfo>
  <TransInfo Description="Grass to Snow" HashKey="0B0B0B0C0B0B0C0B0B">
    <MapTiles>
      <MapTile TileID="1473" AltIDMod="0" />
    </MapTiles>
    <StaticTiles />
  </TransInfo>
  <TransInfo Description="Grass to Snow" HashKey="0B0B0B0C0B0B0B0B0B">
    <MapTiles>
      <MapTile TileID="1473" AltIDMod="0" />
    </MapTiles>
    <StaticTiles />
  </TransInfo>
  <TransInfo Description="Grass to Snow" HashKey="0C0B0B0B0B0B0C0B0B">
    <MapTiles>
      <MapTile TileID="1473" AltIDMod="0" />
    </MapTiles>
    <StaticTiles />
  </TransInfo>
  <TransInfo Description="Grass to Snow" HashKey="0B0B0C0B0B0C0B0B0C">
    <MapTiles>
      <MapTile TileID="1472" AltIDMod="0" />
    </MapTiles>
    <StaticTiles />
  </TransInfo>
  <TransInfo Description="Grass to Snow" HashKey="0B0B0B0B0B0C0B0B0C">
    <MapTiles>
      <MapTile TileID="1472" AltIDMod="0" />
    </MapTiles>
    <StaticTiles />
  </TransInfo>
  <TransInfo Description="Grass to Snow" HashKey="0B0B0C0B0B0C0B0B0B">
    <MapTiles>
      <MapTile TileID="1472" AltIDMod="0" />
    </MapTiles>
    <StaticTiles />
  </TransInfo>
  <TransInfo Description="Grass to Snow" HashKey="0B0B0B0B0B0C0B0B0B">
    <MapTiles>
      <MapTile TileID="1472" AltIDMod="0" />
    </MapTiles>
    <StaticTiles />
  </TransInfo>
  <TransInfo Description="Grass to Snow" HashKey="0B0B0C0B0B0B0B0B0C">
    <MapTiles>
      <MapTile TileID="1472" AltIDMod="0" />
    </MapTiles>
    <StaticTiles />
  </TransInfo>
  <TransInfo Description="Grass to Snow" HashKey="0B0B0B0B0B0B0C0C0C">
    <MapTiles>
      <MapTile TileID="1471" AltIDMod="0" />
    </MapTiles>
    <StaticTiles />
  </TransInfo>
  <TransInfo Description="Grass to Snow" HashKey="0B0B0B0B0B0B0C0C0B">
    <MapTiles>
      <MapTile TileID="1471" AltIDMod="0" />
    </MapTiles>
    <StaticTiles />
  </TransInfo>
  <TransInfo Description="Grass to Snow" HashKey="0B0B0B0B0B0B0B0C0C">
    <MapTiles>
      <MapTile TileID="1471" AltIDMod="0" />
    </MapTiles>
    <StaticTiles />
  </TransInfo>
  <TransInfo Description="Grass to Snow" HashKey="0B0B0B0B0B0B0B0C0B">
    <MapTiles>
      <MapTile TileID="1471" AltIDMod="0" />
    </MapTiles>
    <StaticTiles />
  </TransInfo>
  <TransInfo Description="Grass to Snow" HashKey="0B0B0B0B0B0B0C0B0C">
    <MapTiles>
      <MapTile TileID="1471" AltIDMod="0" />
    </MapTiles>
    <StaticTiles />
  </TransInfo>
  <TransInfo Description="Grass to Snow" HashKey="0B0B0C0B0B0C0C0C0C">
    <MapTiles>
      <MapTile TileID="1479" AltIDMod="0" />
    </MapTiles>
    <StaticTiles />
  </TransInfo>
  <TransInfo Description="Grass to Snow" HashKey="0B0B0B0B0B0C0C0C0C">
    <MapTiles>
      <MapTile TileID="1479" AltIDMod="0" />
    </MapTiles>
    <StaticTiles />
  </TransInfo>
  <TransInfo Description="Grass to Snow" HashKey="0B0B0C0B0B0C0B0C0C">
    <MapTiles>
      <MapTile TileID="1479" AltIDMod="0" />
    </MapTiles>
    <StaticTiles />
  </TransInfo>
  <TransInfo Description="Grass to Snow" HashKey="0B0B0B0B0B0C0B0C0C">
    <MapTiles>
      <MapTile TileID="1479" AltIDMod="0" />
    </MapTiles>
    <StaticTiles />
  </TransInfo>
  <TransInfo Description="Grass to Snow" HashKey="0B0B0B0B0B0C0B0C0B">
    <MapTiles>
      <MapTile TileID="1479" AltIDMod="0" />
    </MapTiles>
    <StaticTiles />
  </TransInfo>
  <TransInfo Description="Grass to Snow" HashKey="0B0B0C0B0B0B0B0C0C">
    <MapTiles>
      <MapTile TileID="1479" AltIDMod="0" />
    </MapTiles>
    <StaticTiles />
  </TransInfo>
  <TransInfo Description="Grass to Snow" HashKey="0B0B0C0B0B0B0C0C0C">
    <MapTiles>
      <MapTile TileID="1479" AltIDMod="0" />
    </MapTiles>
    <StaticTiles />
  </TransInfo>
  <TransInfo Description="Grass to Snow" HashKey="0B0B0C0B0B0B0C0C0B">
    <MapTiles>
      <MapTile TileID="1479" AltIDMod="0" />
    </MapTiles>
    <StaticTiles />
  </TransInfo>
  <TransInfo Description="Grass to Snow" HashKey="0B0B0B0B0B0C0C0B0C">
    <MapTiles>
      <MapTile TileID="1479" AltIDMod="0" />
    </MapTiles>
    <StaticTiles />
  </TransInfo>
  <TransInfo Description="Grass to Snow" HashKey="0B0B0C0B0B0C0C0B0C">
    <MapTiles>
      <MapTile TileID="1479" AltIDMod="0" />
    </MapTiles>
    <StaticTiles />
  </TransInfo>
  <TransInfo Description="Grass to Snow" HashKey="0B0B0C0B0B0C0C0C0B">
    <MapTiles>
      <MapTile TileID="1479" AltIDMod="0" />
    </MapTiles>
    <StaticTiles />
  </TransInfo>
  <TransInfo Description="Grass to Snow" HashKey="0B0B0C0B0B0C0C0B0B">
    <MapTiles>
      <MapTile TileID="1479" AltIDMod="0" />
    </MapTiles>
    <StaticTiles />
  </TransInfo>
  <TransInfo Description="Grass to Snow" HashKey="0B0B0C0B0B0B0B0C0B">
    <MapTiles>
      <MapTile TileID="1479" AltIDMod="0" />
    </MapTiles>
    <StaticTiles />
  </TransInfo>
  <TransInfo Description="Grass to Snow" HashKey="0B0B0B0B0B0C0C0B0B">
    <MapTiles>
      <MapTile TileID="1479" AltIDMod="0" />
    </MapTiles>
    <StaticTiles />
  </TransInfo>
  <TransInfo Description="Grass to Snow" HashKey="0B0B0C0B0B0C0B0C0B">
    <MapTiles>
      <MapTile TileID="1479" AltIDMod="0" />
    </MapTiles>
    <StaticTiles />
  </TransInfo>
  <TransInfo Description="Grass to Snow" HashKey="0B0B0C0B0B0B0C0B0C">
    <MapTiles>
      <MapTile TileID="1479" AltIDMod="0" />
    </MapTiles>
    <StaticTiles />
  </TransInfo>
  <TransInfo Description="Grass to Snow" HashKey="0B0B0B0B0B0C0C0C0B">
    <MapTiles>
      <MapTile TileID="1479" AltIDMod="0" />
    </MapTiles>
    <StaticTiles />
  </TransInfo>
  <TransInfo Description="Grass to Snow" HashKey="0C0C0C0C0B0B0C0B0B">
    <MapTiles>
      <MapTile TileID="1480" AltIDMod="0" />
    </MapTiles>
    <StaticTiles />
  </TransInfo>
  <TransInfo Description="Grass to Snow" HashKey="0C0C0B0C0B0B0C0B0B">
    <MapTiles>
      <MapTile TileID="1480" AltIDMod="0" />
    </MapTiles>
    <StaticTiles />
  </TransInfo>
  <TransInfo Description="Grass to Snow" HashKey="0C0C0C0C0B0B0B0B0B">
    <MapTiles>
      <MapTile TileID="1480" AltIDMod="0" />
    </MapTiles>
    <StaticTiles />
  </TransInfo>
  <TransInfo Description="Grass to Snow" HashKey="0C0C0B0C0B0B0B0B0B">
    <MapTiles>
      <MapTile TileID="1480" AltIDMod="0" />
    </MapTiles>
    <StaticTiles />
  </TransInfo>
  <TransInfo Description="Grass to Snow" HashKey="0C0B0C0C0B0B0B0B0B">
    <MapTiles>
      <MapTile TileID="1480" AltIDMod="0" />
    </MapTiles>
    <StaticTiles />
  </TransInfo>
  <TransInfo Description="Grass to Snow" HashKey="0C0C0B0B0B0B0C0B0B">
    <MapTiles>
      <MapTile TileID="1480" AltIDMod="0" />
    </MapTiles>
    <StaticTiles />
  </TransInfo>
  <TransInfo Description="Grass to Snow" HashKey="0B0C0C0B0B0B0C0B0B">
    <MapTiles>
      <MapTile TileID="1480" AltIDMod="0" />
    </MapTiles>
    <StaticTiles />
  </TransInfo>
  <TransInfo Description="Grass to Snow" HashKey="0C0B0C0B0B0B0C0B0B">
    <MapTiles>
      <MapTile TileID="1480" AltIDMod="0" />
    </MapTiles>
    <StaticTiles />
  </TransInfo>
  <TransInfo Description="Grass to Snow" HashKey="0C0C0C0B0B0B0C0B0B">
    <MapTiles>
      <MapTile TileID="1480" AltIDMod="0" />
    </MapTiles>
    <StaticTiles />
  </TransInfo>
  <TransInfo Description="Grass to Snow" HashKey="0B0C0B0C0B0B0B0B0B">
    <MapTiles>
      <MapTile TileID="1480" AltIDMod="0" />
    </MapTiles>
    <StaticTiles />
  </TransInfo>
  <TransInfo Description="Grass to Snow" HashKey="0C0B0C0C0B0B0C0B0B">
    <MapTiles>
      <MapTile TileID="1480" AltIDMod="0" />
    </MapTiles>
    <StaticTiles />
  </TransInfo>
  <TransInfo Description="Grass to Snow" HashKey="0B0B0C0C0B0B0C0B0B">
    <MapTiles>
      <MapTile TileID="1480" AltIDMod="0" />
    </MapTiles>
    <StaticTiles />
  </TransInfo>
  <TransInfo Description="Grass to Snow" HashKey="0B0C0C0C0B0B0C0B0B">
    <MapTiles>
      <MapTile TileID="1480" AltIDMod="0" />
    </MapTiles>
    <StaticTiles />
  </TransInfo>
  <TransInfo Description="Grass to Snow" HashKey="0B0B0C0C0B0B0B0B0B">
    <MapTiles>
      <MapTile TileID="1480" AltIDMod="0" />
    </MapTiles>
    <StaticTiles />
  </TransInfo>
  <TransInfo Description="Grass to Snow" HashKey="0B0C0B0C0B0B0C0B0B">
    <MapTiles>
      <MapTile TileID="1480" AltIDMod="0" />
    </MapTiles>
    <StaticTiles />
  </TransInfo>
  <TransInfo Description="Grass to Snow" HashKey="0B0C0B0B0B0B0C0B0B">
    <MapTiles>
      <MapTile TileID="1480" AltIDMod="0" />
    </MapTiles>
    <StaticTiles />
  </TransInfo>
  <TransInfo Description="Grass to Snow" HashKey="0B0C0C0C0B0B0B0B0B">
    <MapTiles>
      <MapTile TileID="1480" AltIDMod="0" />
    </MapTiles>
    <StaticTiles />
  </TransInfo>
  <TransInfo Description="Grass to Snow" HashKey="0C0B0B0C0B0B0C0C0C">
    <MapTiles>
      <MapTile TileID="1481" AltIDMod="0" />
    </MapTiles>
    <StaticTiles />
  </TransInfo>
  <TransInfo Description="Grass to Snow" HashKey="0B0B0B0C0B0B0C0C0C">
    <MapTiles>
      <MapTile TileID="1481" AltIDMod="0" />
    </MapTiles>
    <StaticTiles />
  </TransInfo>
  <TransInfo Description="Grass to Snow" HashKey="0C0B0B0C0B0B0C0C0B">
    <MapTiles>
      <MapTile TileID="1481" AltIDMod="0" />
    </MapTiles>
    <StaticTiles />
  </TransInfo>
  <TransInfo Description="Grass to Snow" HashKey="0B0B0B0C0B0B0C0C0B">
    <MapTiles>
      <MapTile TileID="1481" AltIDMod="0" />
    </MapTiles>
    <StaticTiles />
  </TransInfo>
  <TransInfo Description="Grass to Snow" HashKey="0B0B0B0C0B0B0B0C0B">
    <MapTiles>
      <MapTile TileID="1481" AltIDMod="0" />
    </MapTiles>
    <StaticTiles />
  </TransInfo>
  <TransInfo Description="Grass to Snow" HashKey="0C0B0B0C0B0B0B0B0C">
    <MapTiles>
      <MapTile TileID="1481" AltIDMod="0" />
    </MapTiles>
    <StaticTiles />
  </TransInfo>
  <TransInfo Description="Grass to Snow" HashKey="0C0B0B0B0B0B0C0C0C">
    <MapTiles>
      <MapTile TileID="1481" AltIDMod="0" />
    </MapTiles>
    <StaticTiles />
  </TransInfo>
  <TransInfo Description="Grass to Snow" HashKey="0C0B0B0B0B0B0C0C0B">
    <MapTiles>
      <MapTile TileID="1481" AltIDMod="0" />
    </MapTiles>
    <StaticTiles />
  </TransInfo>
  <TransInfo Description="Grass to Snow" HashKey="0C0B0B0B0B0B0B0C0B">
    <MapTiles>
      <MapTile TileID="1481" AltIDMod="0" />
    </MapTiles>
    <StaticTiles />
  </TransInfo>
  <TransInfo Description="Grass to Snow" HashKey="0B0B0B0C0B0B0C0B0C">
    <MapTiles>
      <MapTile TileID="1481" AltIDMod="0" />
    </MapTiles>
    <StaticTiles />
  </TransInfo>
  <TransInfo Description="Grass to Snow" HashKey="0C0B0B0C0B0B0C0B0C">
    <MapTiles>
      <MapTile TileID="1481" AltIDMod="0" />
    </MapTiles>
    <StaticTiles />
  </TransInfo>
  <TransInfo Description="Grass to Snow" HashKey="0C0B0B0B0B0B0B0C0C">
    <MapTiles>
      <MapTile TileID="1481" AltIDMod="0" />
    </MapTiles>
    <StaticTiles />
  </TransInfo>
  <TransInfo Description="Grass to Snow" HashKey="0C0B0B0C0B0B0B0C0C">
    <MapTiles>
      <MapTile TileID="1481" AltIDMod="0" />
    </MapTiles>
    <StaticTiles />
  </TransInfo>
  <TransInfo Description="Grass to Snow" HashKey="0B0B0B0C0B0B0B0C0C">
    <MapTiles>
      <MapTile TileID="1481" AltIDMod="0" />
    </MapTiles>
    <StaticTiles />
  </TransInfo>
  <TransInfo Description="Grass to Snow" HashKey="0B0B0B0C0B0B0B0B0C">
    <MapTiles>
      <MapTile TileID="1481" AltIDMod="0" />
    </MapTiles>
    <StaticTiles />
  </TransInfo>
  <TransInfo Description="Grass to Snow" HashKey="0C0B0B0B0B0B0C0B0C">
    <MapTiles>
      <MapTile TileID="1481" AltIDMod="0" />
    </MapTiles>
    <StaticTiles />
  </TransInfo>
  <TransInfo Description="Grass to Snow" HashKey="0C0B0B0C0B0B0B0C0B">
    <MapTiles>
      <MapTile TileID="1481" AltIDMod="0" />
    </MapTiles>
    <StaticTiles />
  </TransInfo>
  <TransInfo Description="Grass to Snow" HashKey="0C0C0C0B0B0C0B0B0C">
    <MapTiles>
      <MapTile TileID="1482" AltIDMod="0" />
    </MapTiles>
    <StaticTiles />
  </TransInfo>
  <TransInfo Description="Grass to Snow" HashKey="0C0C0C0B0B0C0B0B0B">
    <MapTiles>
      <MapTile TileID="1482" AltIDMod="0" />
    </MapTiles>
    <StaticTiles />
  </TransInfo>
  <TransInfo Description="Grass to Snow" HashKey="0B0C0C0B0B0C0B0B0C">
    <MapTiles>
      <MapTile TileID="1482" AltIDMod="0" />
    </MapTiles>
    <StaticTiles />
  </TransInfo>
  <TransInfo Description="Grass to Snow" HashKey="0B0C0C0B0B0C0B0B0B">
    <MapTiles>
      <MapTile TileID="1482" AltIDMod="0" />
    </MapTiles>
    <StaticTiles />
  </TransInfo>
  <TransInfo Description="Grass to Snow" HashKey="0C0B0B0B0B0C0B0B0C">
    <MapTiles>
      <MapTile TileID="1482" AltIDMod="0" />
    </MapTiles>
    <StaticTiles />
  </TransInfo>
  <TransInfo Description="Grass to Snow" HashKey="0C0B0C0B0B0C0B0B0B">
    <MapTiles>
      <MapTile TileID="1482" AltIDMod="0" />
    </MapTiles>
    <StaticTiles />
  </TransInfo>
  <TransInfo Description="Grass to Snow" HashKey="0C0B0C0B0B0C0B0B0C">
    <MapTiles>
      <MapTile TileID="1482" AltIDMod="0" />
    </MapTiles>
    <StaticTiles />
  </TransInfo>
  <TransInfo Description="Grass to Snow" HashKey="0C0C0B0B0B0B0B0B0C">
    <MapTiles>
      <MapTile TileID="1482" AltIDMod="0" />
    </MapTiles>
    <StaticTiles />
  </TransInfo>
  <TransInfo Description="Grass to Snow" HashKey="0B0C0B0B0B0B0B0B0C">
    <MapTiles>
      <MapTile TileID="1482" AltIDMod="0" />
    </MapTiles>
    <StaticTiles />
  </TransInfo>
  <TransInfo Description="Grass to Snow" HashKey="0C0C0C0B0B0B0B0B0C">
    <MapTiles>
      <MapTile TileID="1482" AltIDMod="0" />
    </MapTiles>
    <StaticTiles />
  </TransInfo>
  <TransInfo Description="Grass to Snow" HashKey="0C0C0B0B0B0C0B0B0B">
    <MapTiles>
      <MapTile TileID="1482" AltIDMod="0" />
    </MapTiles>
    <StaticTiles />
  </TransInfo>
  <TransInfo Description="Grass to Snow" HashKey="0B0C0C0B0B0B0B0B0C">
    <MapTiles>
      <MapTile TileID="1482" AltIDMod="0" />
    </MapTiles>
    <StaticTiles />
  </TransInfo>
  <TransInfo Description="Grass to Snow" HashKey="0B0C0B0B0B0C0B0B0B">
    <MapTiles>
      <MapTile TileID="1482" AltIDMod="0" />
    </MapTiles>
    <StaticTiles />
  </TransInfo>
  <TransInfo Description="Grass to Snow" HashKey="0C0B0B0B0B0C0B0B0B">
    <MapTiles>
      <MapTile TileID="1482" AltIDMod="0" />
    </MapTiles>
    <StaticTiles />
  </TransInfo>
  <TransInfo Description="Grass to Snow" HashKey="0C0B0C0B0B0B0B0B0C">
    <MapTiles>
      <MapTile TileID="1482" AltIDMod="0" />
    </MapTiles>
    <StaticTiles />
  </TransInfo>
  <TransInfo Description="Grass to Snow" HashKey="0B0C0B0B0B0C0B0B0C">
    <MapTiles>
      <MapTile TileID="1482" AltIDMod="0" />
    </MapTiles>
    <StaticTiles />
  </TransInfo>
  <TransInfo Description="Grass to Snow" HashKey="0C0C0B0B0B0C0B0B0C">
    <MapTiles>
      <MapTile TileID="1482" AltIDMod="0" />
    </MapTiles>
    <StaticTiles />
  </TransInfo>
  <TransInfo Description="Grass to Snow" HashKey="0C0B0B0B0B0B0B0B0B">
    <MapTiles>
      <MapTile TileID="1475" AltIDMod="0" />
    </MapTiles>
    <StaticTiles />
  </TransInfo>
  <TransInfo Description="Grass to Snow" HashKey="0B0B0B0B0B0B0B0B0C">
    <MapTiles>
      <MapTile TileID="1476" AltIDMod="0" />
    </MapTiles>
    <StaticTiles />
  </TransInfo>
  <TransInfo Description="Grass to Snow" HashKey="0B0B0C0B0B0B0B0B0B">
    <MapTiles>
      <MapTile TileID="1477" AltIDMod="0" />
    </MapTiles>
    <StaticTiles />
  </TransInfo>
  <TransInfo Description="Grass to Snow" HashKey="0B0B0B0B0B0B0C0B0B">
    <MapTiles>
      <MapTile TileID="1478" AltIDMod="0" />
    </MapTiles>
    <StaticTiles />
  </TransInfo>
</Trans>