﻿<?xml version="1.0" encoding="utf-8"?>
<Trans>
  <TransInfo Description="Rough Sand to Forest AC" HashKey="0B81810B810B810B0B">
    <MapTiles>
      <MapTile TileID="196" AltIDMod="0" />
    </MapTiles>
    <StaticTiles />
  </TransInfo>
  <TransInfo Description="Rough Sand to Forest AC" HashKey="810B818181810B0B0B">
    <MapTiles>
      <MapTile TileID="196" AltIDMod="0" />
    </MapTiles>
    <StaticTiles />
  </TransInfo>
  <TransInfo Description="Rough Sand to Forest AC" HashKey="0B0B0B81810B0B0B0B">
    <MapTiles>
      <MapTile TileID="196" AltIDMod="0" />
    </MapTiles>
    <StaticTiles />
  </TransInfo>
  <TransInfo Description="Rough Sand to Forest SEA" HashKey="0B810B0B81810B8181">
    <MapTiles>
      <MapTile TileID="1620" AltIDMod="0" />
    </MapTiles>
    <StaticTiles />
  </TransInfo>
  <TransInfo Description="Rough Sand to Forest AC" HashKey="0B0B810B810B810B0B">
    <MapTiles>
      <MapTile TileID="196" AltIDMod="0" />
    </MapTiles>
    <StaticTiles />
  </TransInfo>
  <TransInfo Description="Rough Sand to Forest AC" HashKey="0B0B0B0B8181810B0B">
    <MapTiles>
      <MapTile TileID="196" AltIDMod="0" />
    </MapTiles>
    <StaticTiles />
  </TransInfo>
  <TransInfo Description="Rough Sand to Forest AC" HashKey="810B0B8181810B0B0B">
    <MapTiles>
      <MapTile TileID="196" AltIDMod="0" />
    </MapTiles>
    <StaticTiles />
  </TransInfo>
  <TransInfo Description="Rough Sand to Forest NEA" HashKey="8181810B81810B0B81">
    <MapTiles>
      <MapTile TileID="1621" AltIDMod="0" />
    </MapTiles>
    <StaticTiles />
  </TransInfo>
  <TransInfo Description="Rough Sand to Forest AC" HashKey="810B810B810B81810B">
    <MapTiles>
      <MapTile TileID="196" AltIDMod="0" />
    </MapTiles>
    <StaticTiles />
  </TransInfo>
  <TransInfo Description="Rough Sand to Forest AC" HashKey="0B810B81810B0B810B">
    <MapTiles>
      <MapTile TileID="196" AltIDMod="0" />
    </MapTiles>
    <StaticTiles />
  </TransInfo>
  <TransInfo Description="Rough Sand to Forest AC" HashKey="0B0B0B0B810B81810B">
    <MapTiles>
      <MapTile TileID="196" AltIDMod="0" />
    </MapTiles>
    <StaticTiles />
  </TransInfo>
  <TransInfo Description="Rough Sand to Forest AC" HashKey="8181810B810B0B8181">
    <MapTiles>
      <MapTile TileID="196" AltIDMod="0" />
    </MapTiles>
    <StaticTiles />
  </TransInfo>
  <TransInfo Description="Rough Sand to Forest NWA" HashKey="81818181810B0B8181">
    <MapTiles>
      <MapTile TileID="1619" AltIDMod="0" />
    </MapTiles>
    <StaticTiles />
  </TransInfo>
  <TransInfo Description="Rough Sand to Forest NWA" HashKey="81810B81810B0B0B0B">
    <MapTiles>
      <MapTile TileID="1619" AltIDMod="0" />
    </MapTiles>
    <StaticTiles />
  </TransInfo>
  <TransInfo Description="Rough Sand to Forest EW" HashKey="8181810B8181818181">
    <MapTiles>
      <MapTile TileID="1613" AltIDMod="0" />
    </MapTiles>
    <StaticTiles />
  </TransInfo>
  <TransInfo Description="Rough Sand to Forest AC" HashKey="0B0B0B0B8181810B81">
    <MapTiles>
      <MapTile TileID="196" AltIDMod="0" />
    </MapTiles>
    <StaticTiles />
  </TransInfo>
  <TransInfo Description="Rough Sand to Forest AC" HashKey="810B0B0B810B0B810B">
    <MapTiles>
      <MapTile TileID="196" AltIDMod="0" />
    </MapTiles>
    <StaticTiles />
  </TransInfo>
  <TransInfo Description="Rough Sand to Forest AC" HashKey="0B0B810B81810B0B81">
    <MapTiles>
      <MapTile TileID="196" AltIDMod="0" />
    </MapTiles>
    <StaticTiles />
  </TransInfo>
  <TransInfo Description="Rough Sand to Forest AC" HashKey="0B0B0B8181810B810B">
    <MapTiles>
      <MapTile TileID="196" AltIDMod="0" />
    </MapTiles>
    <StaticTiles />
  </TransInfo>
  <TransInfo Description="Rough Sand to Forest SWA" HashKey="0B818181810B818181">
    <MapTiles>
      <MapTile TileID="1622" AltIDMod="0" />
    </MapTiles>
    <StaticTiles />
  </TransInfo>
  <TransInfo Description="Rough Sand to Forest AC" HashKey="0B810B0B81810B0B0B">
    <MapTiles>
      <MapTile TileID="196" AltIDMod="0" />
    </MapTiles>
    <StaticTiles />
  </TransInfo>
  <TransInfo Description="Rough Sand to Forest AC" HashKey="0B0B0B81810B0B0B81">
    <MapTiles>
      <MapTile TileID="196" AltIDMod="0" />
    </MapTiles>
    <StaticTiles />
  </TransInfo>
  <TransInfo Description="Rough Sand to Forest SEA" HashKey="810B0B8181810B8181">
    <MapTiles>
      <MapTile TileID="1620" AltIDMod="0" />
    </MapTiles>
    <StaticTiles />
  </TransInfo>
  <TransInfo Description="Rough Sand to Forest AC" HashKey="0B0B818181810B0B0B">
    <MapTiles>
      <MapTile TileID="196" AltIDMod="0" />
    </MapTiles>
    <StaticTiles />
  </TransInfo>
  <TransInfo Description="Rough Sand to Forest AC" HashKey="810B810B81810B0B0B">
    <MapTiles>
      <MapTile TileID="196" AltIDMod="0" />
    </MapTiles>
    <StaticTiles />
  </TransInfo>
  <TransInfo Description="Rough Sand to Forest AC" HashKey="81810B0B8181810B81">
    <MapTiles>
      <MapTile TileID="196" AltIDMod="0" />
    </MapTiles>
    <StaticTiles />
  </TransInfo>
  <TransInfo Description="Rough Sand to Forest NEB" HashKey="81810B818181818181">
    <MapTiles>
      <MapTile TileID="1617" AltIDMod="0" />
    </MapTiles>
    <StaticTiles />
  </TransInfo>
  <TransInfo Description="Rough Sand to Forest NEA" HashKey="0B81810B818181810B">
    <MapTiles>
      <MapTile TileID="1621" AltIDMod="0" />
    </MapTiles>
    <StaticTiles />
  </TransInfo>
  <TransInfo Description="Rough Sand to Forest SEA" HashKey="0B0B818181810B8181">
    <MapTiles>
      <MapTile TileID="1620" AltIDMod="0" />
    </MapTiles>
    <StaticTiles />
  </TransInfo>
  <TransInfo Description="Rough Sand to Forest AC" HashKey="810B810B810B0B8181">
    <MapTiles>
      <MapTile TileID="196" AltIDMod="0" />
    </MapTiles>
    <StaticTiles />
  </TransInfo>
  <TransInfo Description="Rough Sand to Forest AC" HashKey="0B81810B810B0B810B">
    <MapTiles>
      <MapTile TileID="196" AltIDMod="0" />
    </MapTiles>
    <StaticTiles />
  </TransInfo>
  <TransInfo Description="Rough Sand to Forest SEA" HashKey="81810B0B8181818181">
    <MapTiles>
      <MapTile TileID="1620" AltIDMod="0" />
    </MapTiles>
    <StaticTiles />
  </TransInfo>
  <TransInfo Description="Rough Sand to Forest NWA" HashKey="81818181810B0B0B0B">
    <MapTiles>
      <MapTile TileID="1619" AltIDMod="0" />
    </MapTiles>
    <StaticTiles />
  </TransInfo>
  <TransInfo Description="Rough Sand to Forest NWA" HashKey="81810B81810B0B8181">
    <MapTiles>
      <MapTile TileID="1619" AltIDMod="0" />
    </MapTiles>
    <StaticTiles />
  </TransInfo>
  <TransInfo Description="Rough Sand to Forest AC" HashKey="0B810B8181810B810B">
    <MapTiles>
      <MapTile TileID="196" AltIDMod="0" />
    </MapTiles>
    <StaticTiles />
  </TransInfo>
  <TransInfo Description="Rough Sand to Forest AC" HashKey="810B0B0B8181810B81">
    <MapTiles>
      <MapTile TileID="196" AltIDMod="0" />
    </MapTiles>
    <StaticTiles />
  </TransInfo>
  <TransInfo Description="Rough Sand to Forest NWA" HashKey="81810B8181810B0B81">
    <MapTiles>
      <MapTile TileID="1619" AltIDMod="0" />
    </MapTiles>
    <StaticTiles />
  </TransInfo>
  <TransInfo Description="Rough Sand to Forest AC" HashKey="0B0B0B8181810B0B81">
    <MapTiles>
      <MapTile TileID="196" AltIDMod="0" />
    </MapTiles>
    <StaticTiles />
  </TransInfo>
  <TransInfo Description="Rough Sand to Forest NEA" HashKey="8181810B818181810B">
    <MapTiles>
      <MapTile TileID="1621" AltIDMod="0" />
    </MapTiles>
    <StaticTiles />
  </TransInfo>
  <TransInfo Description="Rough Sand to Forest AC" HashKey="81810B0B810B810B81">
    <MapTiles>
      <MapTile TileID="196" AltIDMod="0" />
    </MapTiles>
    <StaticTiles />
  </TransInfo>
  <TransInfo Description="Rough Sand to Forest AC" HashKey="0B818181810B810B0B">
    <MapTiles>
      <MapTile TileID="196" AltIDMod="0" />
    </MapTiles>
    <StaticTiles />
  </TransInfo>
  <TransInfo Description="Rough Sand to Forest AC" HashKey="0B810B0B810B81810B">
    <MapTiles>
      <MapTile TileID="196" AltIDMod="0" />
    </MapTiles>
    <StaticTiles />
  </TransInfo>
  <TransInfo Description="Rough Sand to Forest SEB" HashKey="81818181818181810B">
    <MapTiles>
      <MapTile TileID="1616" AltIDMod="0" />
    </MapTiles>
    <StaticTiles />
  </TransInfo>
  <TransInfo Description="Rough Sand to Forest AC" HashKey="0B0B0B81810B0B810B">
    <MapTiles>
      <MapTile TileID="196" AltIDMod="0" />
    </MapTiles>
    <StaticTiles />
  </TransInfo>
  <TransInfo Description="Rough Sand to Forest SEA" HashKey="810B0B0B81810B8181">
    <MapTiles>
      <MapTile TileID="1620" AltIDMod="0" />
    </MapTiles>
    <StaticTiles />
  </TransInfo>
  <TransInfo Description="Rough Sand to Forest SEA" HashKey="810B818181810B8181">
    <MapTiles>
      <MapTile TileID="1620" AltIDMod="0" />
    </MapTiles>
    <StaticTiles />
  </TransInfo>
  <TransInfo Description="Rough Sand to Forest NEA" HashKey="0B81810B8181810B81">
    <MapTiles>
      <MapTile TileID="1621" AltIDMod="0" />
    </MapTiles>
    <StaticTiles />
  </TransInfo>
  <TransInfo Description="Rough Sand to Forest AC" HashKey="0B810B0B8181810B0B">
    <MapTiles>
      <MapTile TileID="196" AltIDMod="0" />
    </MapTiles>
    <StaticTiles />
  </TransInfo>
  <TransInfo Description="Rough Sand to Forest AC" HashKey="0B0B810B810B818181">
    <MapTiles>
      <MapTile TileID="196" AltIDMod="0" />
    </MapTiles>
    <StaticTiles />
  </TransInfo>
  <TransInfo Description="Rough Sand to Forest SEA" HashKey="0B0B0B0B81810B8181">
    <MapTiles>
      <MapTile TileID="1620" AltIDMod="0" />
    </MapTiles>
    <StaticTiles />
  </TransInfo>
  <TransInfo Description="Rough Sand to Forest SWB" HashKey="8181818181810B8181">
    <MapTiles>
      <MapTile TileID="1618" AltIDMod="0" />
    </MapTiles>
    <StaticTiles />
  </TransInfo>
  <TransInfo Description="Rough Sand to Forest AC" HashKey="81810B0B8181810B0B">
    <MapTiles>
      <MapTile TileID="196" AltIDMod="0" />
    </MapTiles>
    <StaticTiles />
  </TransInfo>
  <TransInfo Description="Rough Sand to Forest NEA" HashKey="8181810B8181810B81">
    <MapTiles>
      <MapTile TileID="1621" AltIDMod="0" />
    </MapTiles>
    <StaticTiles />
  </TransInfo>
  <TransInfo Description="Rough Sand to Forest SEA" HashKey="0B0B810B81810B8181">
    <MapTiles>
      <MapTile TileID="1620" AltIDMod="0" />
    </MapTiles>
    <StaticTiles />
  </TransInfo>
  <TransInfo Description="Rough Sand to Forest AC" HashKey="0B81810B810B818181">
    <MapTiles>
      <MapTile TileID="196" AltIDMod="0" />
    </MapTiles>
    <StaticTiles />
  </TransInfo>
  <TransInfo Description="Rough Sand to Forest AC" HashKey="810B0B81810B0B810B">
    <MapTiles>
      <MapTile TileID="196" AltIDMod="0" />
    </MapTiles>
    <StaticTiles />
  </TransInfo>
  <TransInfo Description="Rough Sand to Forest AC" HashKey="810B0B0B810B0B0B0B">
    <MapTiles>
      <MapTile TileID="196" AltIDMod="0" />
    </MapTiles>
    <StaticTiles />
  </TransInfo>
  <TransInfo Description="Rough Sand to Forest AC" HashKey="81810B0B810B81810B">
    <MapTiles>
      <MapTile TileID="196" AltIDMod="0" />
    </MapTiles>
    <StaticTiles />
  </TransInfo>
  <TransInfo Description="Rough Sand to Forest NWA" HashKey="81818181810B810B0B">
    <MapTiles>
      <MapTile TileID="1619" AltIDMod="0" />
    </MapTiles>
    <StaticTiles />
  </TransInfo>
  <TransInfo Description="Rough Sand to Forest AC" HashKey="0B810B0B810B810B81">
    <MapTiles>
      <MapTile TileID="196" AltIDMod="0" />
    </MapTiles>
    <StaticTiles />
  </TransInfo>
  <TransInfo Description="Rough Sand to Forest AC" HashKey="810B0B8181810B0B81">
    <MapTiles>
      <MapTile TileID="196" AltIDMod="0" />
    </MapTiles>
    <StaticTiles />
  </TransInfo>
  <TransInfo Description="Rough Sand to Forest AC" HashKey="0B0B8181810B0B810B">
    <MapTiles>
      <MapTile TileID="196" AltIDMod="0" />
    </MapTiles>
    <StaticTiles />
  </TransInfo>
  <TransInfo Description="Rough Sand to Forest AC" HashKey="0B0B0B0B810B810B0B">
    <MapTiles>
      <MapTile TileID="196" AltIDMod="0" />
    </MapTiles>
    <StaticTiles />
  </TransInfo>
  <TransInfo Description="Rough Sand to Forest AC" HashKey="0B81810B810B0B0B81">
    <MapTiles>
      <MapTile TileID="196" AltIDMod="0" />
    </MapTiles>
    <StaticTiles />
  </TransInfo>
  <TransInfo Description="Rough Sand to Forest NWA" HashKey="81810B8181810B810B">
    <MapTiles>
      <MapTile TileID="1619" AltIDMod="0" />
    </MapTiles>
    <StaticTiles />
  </TransInfo>
  <TransInfo Description="Rough Sand to Forest AC" HashKey="0B810B81810B0B8181">
    <MapTiles>
      <MapTile TileID="196" AltIDMod="0" />
    </MapTiles>
    <StaticTiles />
  </TransInfo>
  <TransInfo Description="Rough Sand to Forest AC" HashKey="0B818181810B0B0B0B">
    <MapTiles>
      <MapTile TileID="196" AltIDMod="0" />
    </MapTiles>
    <StaticTiles />
  </TransInfo>
  <TransInfo Description="Rough Sand to Forest SEA" HashKey="0B810B0B8181818181">
    <MapTiles>
      <MapTile TileID="1620" AltIDMod="0" />
    </MapTiles>
    <StaticTiles />
  </TransInfo>
  <TransInfo Description="Rough Sand to Forest AC" HashKey="0B810B818181810B0B">
    <MapTiles>
      <MapTile TileID="196" AltIDMod="0" />
    </MapTiles>
    <StaticTiles />
  </TransInfo>
  <TransInfo Description="Rough Sand to Forest AC" HashKey="8181810B810B0B810B">
    <MapTiles>
      <MapTile TileID="196" AltIDMod="0" />
    </MapTiles>
    <StaticTiles />
  </TransInfo>
  <TransInfo Description="Rough Sand to Forest AC" HashKey="0B810B0B818181810B">
    <MapTiles>
      <MapTile TileID="196" AltIDMod="0" />
    </MapTiles>
    <StaticTiles />
  </TransInfo>
  <TransInfo Description="Rough Sand to Forest NWA" HashKey="81810B81810B0B0B81">
    <MapTiles>
      <MapTile TileID="1619" AltIDMod="0" />
    </MapTiles>
    <StaticTiles />
  </TransInfo>
  <TransInfo Description="Rough Sand to Forest NS" HashKey="818181818181810B81">
    <MapTiles>
      <MapTile TileID="1611" AltIDMod="0" />
    </MapTiles>
    <StaticTiles />
  </TransInfo>
  <TransInfo Description="Rough Sand to Forest AC" HashKey="81810B0B818181810B">
    <MapTiles>
      <MapTile TileID="196" AltIDMod="0" />
    </MapTiles>
    <StaticTiles />
  </TransInfo>
  <TransInfo Description="Rough Sand to Forest AC" HashKey="0B0B810B81810B0B0B">
    <MapTiles>
      <MapTile TileID="196" AltIDMod="0" />
    </MapTiles>
    <StaticTiles />
  </TransInfo>
  <TransInfo Description="Rough Sand to Forest SEA" HashKey="0B0B0B8181810B8181">
    <MapTiles>
      <MapTile TileID="1620" AltIDMod="0" />
    </MapTiles>
    <StaticTiles />
  </TransInfo>
  <TransInfo Description="Rough Sand to Forest AC" HashKey="0B0B0B0B818181810B">
    <MapTiles>
      <MapTile TileID="196" AltIDMod="0" />
    </MapTiles>
    <StaticTiles />
  </TransInfo>
  <TransInfo Description="Rough Sand to Forest AC" HashKey="810B0B81810B0B0B81">
    <MapTiles>
      <MapTile TileID="196" AltIDMod="0" />
    </MapTiles>
    <StaticTiles />
  </TransInfo>
  <TransInfo Description="Rough Sand to Forest AC" HashKey="81810B0B81810B0B0B">
    <MapTiles>
      <MapTile TileID="196" AltIDMod="0" />
    </MapTiles>
    <StaticTiles />
  </TransInfo>
  <TransInfo Description="Rough Sand to Forest WE" HashKey="81818181810B818181">
    <MapTiles>
      <MapTile TileID="1612" AltIDMod="0" />
    </MapTiles>
    <StaticTiles />
  </TransInfo>
  <TransInfo Description="Rough Sand to Forest AC" HashKey="810B0B8181810B810B">
    <MapTiles>
      <MapTile TileID="196" AltIDMod="0" />
    </MapTiles>
    <StaticTiles />
  </TransInfo>
  <TransInfo Description="Rough Sand to Forest AC" HashKey="0B0B8181810B0B0B81">
    <MapTiles>
      <MapTile TileID="196" AltIDMod="0" />
    </MapTiles>
    <StaticTiles />
  </TransInfo>
  <TransInfo Description="Rough Sand to Forest AC" HashKey="0B0B810B810B81810B">
    <MapTiles>
      <MapTile TileID="196" AltIDMod="0" />
    </MapTiles>
    <StaticTiles />
  </TransInfo>
  <TransInfo Description="Rough Sand to Forest AC" HashKey="810B810B81810B0B81">
    <MapTiles>
      <MapTile TileID="196" AltIDMod="0" />
    </MapTiles>
    <StaticTiles />
  </TransInfo>
  <TransInfo Description="Rough Sand to Forest AC" HashKey="0B0B0B0B810B0B810B">
    <MapTiles>
      <MapTile TileID="196" AltIDMod="0" />
    </MapTiles>
    <StaticTiles />
  </TransInfo>
  <TransInfo Description="Rough Sand to Forest EW" HashKey="0B81810B8181818181">
    <MapTiles>
      <MapTile TileID="1613" AltIDMod="0" />
    </MapTiles>
    <StaticTiles />
  </TransInfo>
  <TransInfo Description="Rough Sand to Forest AC" HashKey="0B810B81810B0B0B0B">
    <MapTiles>
      <MapTile TileID="196" AltIDMod="0" />
    </MapTiles>
    <StaticTiles />
  </TransInfo>
  <TransInfo Description="Rough Sand to Forest AC" HashKey="0B818181810B0B8181">
    <MapTiles>
      <MapTile TileID="196" AltIDMod="0" />
    </MapTiles>
    <StaticTiles />
  </TransInfo>
  <TransInfo Description="Rough Sand to Forest AC" HashKey="0B81810B810B0B8181">
    <MapTiles>
      <MapTile TileID="196" AltIDMod="0" />
    </MapTiles>
    <StaticTiles />
  </TransInfo>
  <TransInfo Description="Rough Sand to Forest AC" HashKey="810B0B0B810B81810B">
    <MapTiles>
      <MapTile TileID="196" AltIDMod="0" />
    </MapTiles>
    <StaticTiles />
  </TransInfo>
  <TransInfo Description="Rough Sand to Forest NWA" HashKey="81810B81810B0B810B">
    <MapTiles>
      <MapTile TileID="1619" AltIDMod="0" />
    </MapTiles>
    <StaticTiles />
  </TransInfo>
  <TransInfo Description="Rough Sand to Forest AC" HashKey="0B81810B810B810B81">
    <MapTiles>
      <MapTile TileID="196" AltIDMod="0" />
    </MapTiles>
    <StaticTiles />
  </TransInfo>
  <TransInfo Description="Rough Sand to Forest AC" HashKey="0B0B0B8181810B0B0B">
    <MapTiles>
      <MapTile TileID="196" AltIDMod="0" />
    </MapTiles>
    <StaticTiles />
  </TransInfo>
  <TransInfo Description="Rough Sand to Forest AC" HashKey="810B0B0B8181810B0B">
    <MapTiles>
      <MapTile TileID="196" AltIDMod="0" />
    </MapTiles>
    <StaticTiles />
  </TransInfo>
  <TransInfo Description="Rough Sand to Forest SEA" HashKey="81810B0B81810B8181">
    <MapTiles>
      <MapTile TileID="1620" AltIDMod="0" />
    </MapTiles>
    <StaticTiles />
  </TransInfo>
  <TransInfo Description="Rough Sand to Forest AC" HashKey="0B0B810B8181810B0B">
    <MapTiles>
      <MapTile TileID="196" AltIDMod="0" />
    </MapTiles>
    <StaticTiles />
  </TransInfo>
  <TransInfo Description="Rough Sand to Forest IWE" HashKey="0B818181818181810B">
    <MapTiles>
      <MapTile TileID="22" AltIDMod="0" />
    </MapTiles>
    <StaticTiles />
  </TransInfo>
  <TransInfo Description="Rough Sand to Forest AC" HashKey="810B818181810B0B81">
    <MapTiles>
      <MapTile TileID="196" AltIDMod="0" />
    </MapTiles>
    <StaticTiles />
  </TransInfo>
  <TransInfo Description="Rough Sand to Forest AC" HashKey="0B0B0B0B810B0B0B81">
    <MapTiles>
      <MapTile TileID="196" AltIDMod="0" />
    </MapTiles>
    <StaticTiles />
  </TransInfo>
  <TransInfo Description="Rough Sand to Forest AC" HashKey="810B810B810B0B0B81">
    <MapTiles>
      <MapTile TileID="196" AltIDMod="0" />
    </MapTiles>
    <StaticTiles />
  </TransInfo>
  <TransInfo Description="Rough Sand to Forest NEA" HashKey="0B81810B8181810B0B">
    <MapTiles>
      <MapTile TileID="1621" AltIDMod="0" />
    </MapTiles>
    <StaticTiles />
  </TransInfo>
  <TransInfo Description="Rough Sand to Forest SWA" HashKey="0B810B81818181810B">
    <MapTiles>
      <MapTile TileID="1622" AltIDMod="0" />
    </MapTiles>
    <StaticTiles />
  </TransInfo>
  <TransInfo Description="Rough Sand to Forest AC" HashKey="0B810B8181810B0B81">
    <MapTiles>
      <MapTile TileID="196" AltIDMod="0" />
    </MapTiles>
    <StaticTiles />
  </TransInfo>
  <TransInfo Description="Rough Sand to Forest AC" HashKey="0B81810B810B0B0B0B">
    <MapTiles>
      <MapTile TileID="196" AltIDMod="0" />
    </MapTiles>
    <StaticTiles />
  </TransInfo>
  <TransInfo Description="Rough Sand to Forest AC" HashKey="810B0B0B810B810B81">
    <MapTiles>
      <MapTile TileID="196" AltIDMod="0" />
    </MapTiles>
    <StaticTiles />
  </TransInfo>
  <TransInfo Description="Rough Sand to Forest SWA" HashKey="810B8181810B81810B">
    <MapTiles>
      <MapTile TileID="1622" AltIDMod="0" />
    </MapTiles>
    <StaticTiles />
  </TransInfo>
  <TransInfo Description="Rough Sand to Forest AC" HashKey="0B81810B810B81810B">
    <MapTiles>
      <MapTile TileID="196" AltIDMod="0" />
    </MapTiles>
    <StaticTiles />
  </TransInfo>
  <TransInfo Description="Rough Sand to Forest AC" HashKey="0B810B81810B810B0B">
    <MapTiles>
      <MapTile TileID="196" AltIDMod="0" />
    </MapTiles>
    <StaticTiles />
  </TransInfo>
  <TransInfo Description="Rough Sand to Forest SWA" HashKey="0B0B0B81810B81810B">
    <MapTiles>
      <MapTile TileID="1622" AltIDMod="0" />
    </MapTiles>
    <StaticTiles />
  </TransInfo>
  <TransInfo Description="Rough Sand to Forest AC" HashKey="810B0B81810B0B8181">
    <MapTiles>
      <MapTile TileID="196" AltIDMod="0" />
    </MapTiles>
    <StaticTiles />
  </TransInfo>
  <TransInfo Description="Rough Sand to Forest AC" HashKey="810B8181810B0B0B0B">
    <MapTiles>
      <MapTile TileID="196" AltIDMod="0" />
    </MapTiles>
    <StaticTiles />
  </TransInfo>
  <TransInfo Description="Rough Sand to Forest SEA" HashKey="810B0B0B8181818181">
    <MapTiles>
      <MapTile TileID="1620" AltIDMod="0" />
    </MapTiles>
    <StaticTiles />
  </TransInfo>
  <TransInfo Description="Rough Sand to Forest NWA" HashKey="81818181810B810B81">
    <MapTiles>
      <MapTile TileID="1619" AltIDMod="0" />
    </MapTiles>
    <StaticTiles />
  </TransInfo>
  <TransInfo Description="Rough Sand to Forest AC" HashKey="810B81818181810B0B">
    <MapTiles>
      <MapTile TileID="196" AltIDMod="0" />
    </MapTiles>
    <StaticTiles />
  </TransInfo>
  <TransInfo Description="Rough Sand to Forest AC" HashKey="0B0B8181810B0B8181">
    <MapTiles>
      <MapTile TileID="196" AltIDMod="0" />
    </MapTiles>
    <StaticTiles />
  </TransInfo>
  <TransInfo Description="Rough Sand to Forest NEA" HashKey="0B81818181810B810B">
    <MapTiles>
      <MapTile TileID="1621" AltIDMod="0" />
    </MapTiles>
    <StaticTiles />
  </TransInfo>
  <TransInfo Description="Rough Sand to Forest SEA" HashKey="0B0B810B8181818181">
    <MapTiles>
      <MapTile TileID="1620" AltIDMod="0" />
    </MapTiles>
    <StaticTiles />
  </TransInfo>
  <TransInfo Description="Rough Sand to Forest AC" HashKey="0B0B810B8181810B81">
    <MapTiles>
      <MapTile TileID="196" AltIDMod="0" />
    </MapTiles>
    <StaticTiles />
  </TransInfo>
  <TransInfo Description="Rough Sand to Forest AC" HashKey="0B0B0B818181810B0B">
    <MapTiles>
      <MapTile TileID="196" AltIDMod="0" />
    </MapTiles>
    <StaticTiles />
  </TransInfo>
  <TransInfo Description="Rough Sand to Forest INS" HashKey="81810B8181810B8181">
    <MapTiles>
      <MapTile TileID="22" AltIDMod="0" />
    </MapTiles>
    <StaticTiles />
  </TransInfo>
  <TransInfo Description="Rough Sand to Forest AC" HashKey="0B818181810B0B0B81">
    <MapTiles>
      <MapTile TileID="196" AltIDMod="0" />
    </MapTiles>
    <StaticTiles />
  </TransInfo>
  <TransInfo Description="Rough Sand to Forest AC" HashKey="0B810B818181810B81">
    <MapTiles>
      <MapTile TileID="196" AltIDMod="0" />
    </MapTiles>
    <StaticTiles />
  </TransInfo>
  <TransInfo Description="Rough Sand to Forest AC" HashKey="81810B0B810B818181">
    <MapTiles>
      <MapTile TileID="196" AltIDMod="0" />
    </MapTiles>
    <StaticTiles />
  </TransInfo>
  <TransInfo Description="Rough Sand to Forest AC" HashKey="0B810B0B8181810B81">
    <MapTiles>
      <MapTile TileID="196" AltIDMod="0" />
    </MapTiles>
    <StaticTiles />
  </TransInfo>
  <TransInfo Description="Rough Sand to Forest NS" HashKey="818181818181810B0B">
    <MapTiles>
      <MapTile TileID="1611" AltIDMod="0" />
    </MapTiles>
    <StaticTiles />
  </TransInfo>
  <TransInfo Description="Rough Sand to Forest AC" HashKey="810B8181810B810B81">
    <MapTiles>
      <MapTile TileID="196" AltIDMod="0" />
    </MapTiles>
    <StaticTiles />
  </TransInfo>
  <TransInfo Description="Rough Sand to Forest AC" HashKey="81810B0B810B0B810B">
    <MapTiles>
      <MapTile TileID="196" AltIDMod="0" />
    </MapTiles>
    <StaticTiles />
  </TransInfo>
  <TransInfo Description="Rough Sand to Forest NEA" HashKey="0B81810B81810B0B0B">
    <MapTiles>
      <MapTile TileID="1621" AltIDMod="0" />
    </MapTiles>
    <StaticTiles />
  </TransInfo>
  <TransInfo Description="Rough Sand to Forest SWA" HashKey="0B810B81810B818181">
    <MapTiles>
      <MapTile TileID="1622" AltIDMod="0" />
    </MapTiles>
    <StaticTiles />
  </TransInfo>
  <TransInfo Description="Rough Sand to Forest AC" HashKey="0B0B0B81810B810B81">
    <MapTiles>
      <MapTile TileID="196" AltIDMod="0" />
    </MapTiles>
    <StaticTiles />
  </TransInfo>
  <TransInfo Description="Rough Sand to Forest AC" HashKey="810B0B81810B0B0B0B">
    <MapTiles>
      <MapTile TileID="196" AltIDMod="0" />
    </MapTiles>
    <StaticTiles />
  </TransInfo>
  <TransInfo Description="Rough Sand to Forest AC" HashKey="810B8181810B0B8181">
    <MapTiles>
      <MapTile TileID="196" AltIDMod="0" />
    </MapTiles>
    <StaticTiles />
  </TransInfo>
  <TransInfo Description="Rough Sand to Forest AC" HashKey="81810B0B81810B0B81">
    <MapTiles>
      <MapTile TileID="196" AltIDMod="0" />
    </MapTiles>
    <StaticTiles />
  </TransInfo>
  <TransInfo Description="Rough Sand to Forest WE" HashKey="81818181810B81810B">
    <MapTiles>
      <MapTile TileID="1612" AltIDMod="0" />
    </MapTiles>
    <StaticTiles />
  </TransInfo>
  <TransInfo Description="Rough Sand to Forest SN" HashKey="810B81818181818181">
    <MapTiles>
      <MapTile TileID="1614" AltIDMod="0" />
    </MapTiles>
    <StaticTiles />
  </TransInfo>
  <TransInfo Description="Rough Sand to Forest AC" HashKey="0B0B8181810B0B0B0B">
    <MapTiles>
      <MapTile TileID="196" AltIDMod="0" />
    </MapTiles>
    <StaticTiles />
  </TransInfo>
  <TransInfo Description="Rough Sand to Forest NEA" HashKey="0B81818181810B0B81">
    <MapTiles>
      <MapTile TileID="1621" AltIDMod="0" />
    </MapTiles>
    <StaticTiles />
  </TransInfo>
  <TransInfo Description="Rough Sand to Forest AC" HashKey="0B0B0B0B810B0B8181">
    <MapTiles>
      <MapTile TileID="196" AltIDMod="0" />
    </MapTiles>
    <StaticTiles />
  </TransInfo>
  <TransInfo Description="Rough Sand to Forest SN" HashKey="0B0B0B818181818181">
    <MapTiles>
      <MapTile TileID="1614" AltIDMod="0" />
    </MapTiles>
    <StaticTiles />
  </TransInfo>
  <TransInfo Description="Rough Sand to Forest NWA" HashKey="81810B8181810B0B0B">
    <MapTiles>
      <MapTile TileID="1619" AltIDMod="0" />
    </MapTiles>
    <StaticTiles />
  </TransInfo>
  <TransInfo Description="Rough Sand to Forest NEA" HashKey="8181810B81810B810B">
    <MapTiles>
      <MapTile TileID="1621" AltIDMod="0" />
    </MapTiles>
    <StaticTiles />
  </TransInfo>
  <TransInfo Description="Rough Sand to Forest AC" HashKey="0B818181810B0B810B">
    <MapTiles>
      <MapTile TileID="196" AltIDMod="0" />
    </MapTiles>
    <StaticTiles />
  </TransInfo>
  <TransInfo Description="Rough Sand to Forest AC" HashKey="0B810B0B810B0B0B0B">
    <MapTiles>
      <MapTile TileID="196" AltIDMod="0" />
    </MapTiles>
    <StaticTiles />
  </TransInfo>
  <TransInfo Description="Rough Sand to Forest AC" HashKey="0B0B0B0B81810B0B0B">
    <MapTiles>
      <MapTile TileID="196" AltIDMod="0" />
    </MapTiles>
    <StaticTiles />
  </TransInfo>
  <TransInfo Description="Rough Sand to Forest AC" HashKey="810B0B0B810B818181">
    <MapTiles>
      <MapTile TileID="196" AltIDMod="0" />
    </MapTiles>
    <StaticTiles />
  </TransInfo>
  <TransInfo Description="Rough Sand to Forest NEA" HashKey="0B8181818181810B81">
    <MapTiles>
      <MapTile TileID="1621" AltIDMod="0" />
    </MapTiles>
    <StaticTiles />
  </TransInfo>
  <TransInfo Description="Rough Sand to Forest AC" HashKey="810B810B810B0B810B">
    <MapTiles>
      <MapTile TileID="196" AltIDMod="0" />
    </MapTiles>
    <StaticTiles />
  </TransInfo>
  <TransInfo Description="Rough Sand to Forest AC" HashKey="81810B0B810B0B0B81">
    <MapTiles>
      <MapTile TileID="196" AltIDMod="0" />
    </MapTiles>
    <StaticTiles />
  </TransInfo>
  <TransInfo Description="Rough Sand to Forest EW" HashKey="0B81810B81810B8181">
    <MapTiles>
      <MapTile TileID="1613" AltIDMod="0" />
    </MapTiles>
    <StaticTiles />
  </TransInfo>
  <TransInfo Description="Rough Sand to Forest AC" HashKey="0B0B810B818181810B">
    <MapTiles>
      <MapTile TileID="196" AltIDMod="0" />
    </MapTiles>
    <StaticTiles />
  </TransInfo>
  <TransInfo Description="Rough Sand to Forest SWA" HashKey="810B0B81818181810B">
    <MapTiles>
      <MapTile TileID="1622" AltIDMod="0" />
    </MapTiles>
    <StaticTiles />
  </TransInfo>
  <TransInfo Description="Rough Sand to Forest AC" HashKey="81810B0B81810B810B">
    <MapTiles>
      <MapTile TileID="196" AltIDMod="0" />
    </MapTiles>
    <StaticTiles />
  </TransInfo>
  <TransInfo Description="Rough Sand to Forest NS" HashKey="8181818181810B0B0B">
    <MapTiles>
      <MapTile TileID="1611" AltIDMod="0" />
    </MapTiles>
    <StaticTiles />
  </TransInfo>
  <TransInfo Description="Rough Sand to Forest AC" HashKey="0B0B0B0B81810B810B">
    <MapTiles>
      <MapTile TileID="196" AltIDMod="0" />
    </MapTiles>
    <StaticTiles />
  </TransInfo>
  <TransInfo Description="Rough Sand to Forest AC" HashKey="0B0B810B810B0B8181">
    <MapTiles>
      <MapTile TileID="196" AltIDMod="0" />
    </MapTiles>
    <StaticTiles />
  </TransInfo>
  <TransInfo Description="Rough Sand to Forest SWA" HashKey="0B0B8181818181810B">
    <MapTiles>
      <MapTile TileID="1622" AltIDMod="0" />
    </MapTiles>
    <StaticTiles />
  </TransInfo>
  <TransInfo Description="Rough Sand to Forest AC" HashKey="0B810B0B810B810B0B">
    <MapTiles>
      <MapTile TileID="196" AltIDMod="0" />
    </MapTiles>
    <StaticTiles />
  </TransInfo>
  <TransInfo Description="Rough Sand to Forest AC" HashKey="0B0B0B0B810B0B0B0B">
    <MapTiles>
      <MapTile TileID="196" AltIDMod="0" />
    </MapTiles>
    <StaticTiles />
  </TransInfo>
  <TransInfo Description="Rough Sand to Forest AC" HashKey="8181810B810B810B81">
    <MapTiles>
      <MapTile TileID="196" AltIDMod="0" />
    </MapTiles>
    <StaticTiles />
  </TransInfo>
  <TransInfo Description="Rough Sand to Forest AC" HashKey="810B0B81810B810B0B">
    <MapTiles>
      <MapTile TileID="196" AltIDMod="0" />
    </MapTiles>
    <StaticTiles />
  </TransInfo>
  <TransInfo Description="Rough Sand to Forest WE" HashKey="81810B81810B81810B">
    <MapTiles>
      <MapTile TileID="1612" AltIDMod="0" />
    </MapTiles>
    <StaticTiles />
  </TransInfo>
  <TransInfo Description="Rough Sand to Forest SN" HashKey="0B810B818181818181">
    <MapTiles>
      <MapTile TileID="1614" AltIDMod="0" />
    </MapTiles>
    <StaticTiles />
  </TransInfo>
  <TransInfo Description="Rough Sand to Forest AC" HashKey="0B810B0B810B0B8181">
    <MapTiles>
      <MapTile TileID="196" AltIDMod="0" />
    </MapTiles>
    <StaticTiles />
  </TransInfo>
  <TransInfo Description="Rough Sand to Forest AC" HashKey="0B0B81818181810B0B">
    <MapTiles>
      <MapTile TileID="196" AltIDMod="0" />
    </MapTiles>
    <StaticTiles />
  </TransInfo>
  <TransInfo Description="Rough Sand to Forest AC" HashKey="810B0B0B810B810B0B">
    <MapTiles>
      <MapTile TileID="196" AltIDMod="0" />
    </MapTiles>
    <StaticTiles />
  </TransInfo>
  <TransInfo Description="Rough Sand to Forest AC" HashKey="0B0B8181810B810B0B">
    <MapTiles>
      <MapTile TileID="196" AltIDMod="0" />
    </MapTiles>
    <StaticTiles />
  </TransInfo>
  <TransInfo Description="Rough Sand to Forest SWA" HashKey="810B8181810B818181">
    <MapTiles>
      <MapTile TileID="1622" AltIDMod="0" />
    </MapTiles>
    <StaticTiles />
  </TransInfo>
  <TransInfo Description="Rough Sand to Forest AC" HashKey="810B810B810B0B0B0B">
    <MapTiles>
      <MapTile TileID="196" AltIDMod="0" />
    </MapTiles>
    <StaticTiles />
  </TransInfo>
  <TransInfo Description="Rough Sand to Forest NWA" HashKey="81810B818181810B0B">
    <MapTiles>
      <MapTile TileID="1619" AltIDMod="0" />
    </MapTiles>
    <StaticTiles />
  </TransInfo>
  <TransInfo Description="Rough Sand to Forest AC" HashKey="0B810B81810B810B81">
    <MapTiles>
      <MapTile TileID="196" AltIDMod="0" />
    </MapTiles>
    <StaticTiles />
  </TransInfo>
  <TransInfo Description="Rough Sand to Forest SWA" HashKey="0B0B0B81810B818181">
    <MapTiles>
      <MapTile TileID="1622" AltIDMod="0" />
    </MapTiles>
    <StaticTiles />
  </TransInfo>
  <TransInfo Description="Rough Sand to Forest AC" HashKey="810B8181810B0B0B81">
    <MapTiles>
      <MapTile TileID="196" AltIDMod="0" />
    </MapTiles>
    <StaticTiles />
  </TransInfo>
  <TransInfo Description="Rough Sand to Forest AC" HashKey="810B0B818181810B81">
    <MapTiles>
      <MapTile TileID="196" AltIDMod="0" />
    </MapTiles>
    <StaticTiles />
  </TransInfo>
  <TransInfo Description="Rough Sand to Forest AC" HashKey="810B81818181810B81">
    <MapTiles>
      <MapTile TileID="196" AltIDMod="0" />
    </MapTiles>
    <StaticTiles />
  </TransInfo>
  <TransInfo Description="Rough Sand to Forest SEA" HashKey="810B810B81810B8181">
    <MapTiles>
      <MapTile TileID="1620" AltIDMod="0" />
    </MapTiles>
    <StaticTiles />
  </TransInfo>
  <TransInfo Description="Rough Sand to Forest EW" HashKey="0B81818181810B8181">
    <MapTiles>
      <MapTile TileID="1613" AltIDMod="0" />
    </MapTiles>
    <StaticTiles />
  </TransInfo>
  <TransInfo Description="Rough Sand to Forest AC" HashKey="0B0B81818181810B81">
    <MapTiles>
      <MapTile TileID="196" AltIDMod="0" />
    </MapTiles>
    <StaticTiles />
  </TransInfo>
  <TransInfo Description="Rough Sand to Forest AC" HashKey="0B0B0B818181810B81">
    <MapTiles>
      <MapTile TileID="196" AltIDMod="0" />
    </MapTiles>
    <StaticTiles />
  </TransInfo>
  <TransInfo Description="Rough Sand to Forest AC" HashKey="810B0B0B81810B0B0B">
    <MapTiles>
      <MapTile TileID="196" AltIDMod="0" />
    </MapTiles>
    <StaticTiles />
  </TransInfo>
  <TransInfo Description="Rough Sand to Forest SWA" HashKey="810B0B81810B818181">
    <MapTiles>
      <MapTile TileID="1622" AltIDMod="0" />
    </MapTiles>
    <StaticTiles />
  </TransInfo>
  <TransInfo Description="Rough Sand to Forest NWA" HashKey="81810B81810B810B81">
    <MapTiles>
      <MapTile TileID="1619" AltIDMod="0" />
    </MapTiles>
    <StaticTiles />
  </TransInfo>
  <TransInfo Description="Rough Sand to Forest AC" HashKey="810B810B810B810B0B">
    <MapTiles>
      <MapTile TileID="196" AltIDMod="0" />
    </MapTiles>
    <StaticTiles />
  </TransInfo>
  <TransInfo Description="Rough Sand to Forest AC" HashKey="810B810B8181810B81">
    <MapTiles>
      <MapTile TileID="196" AltIDMod="0" />
    </MapTiles>
    <StaticTiles />
  </TransInfo>
  <TransInfo Description="Rough Sand to Forest AC" HashKey="8181810B810B81810B">
    <MapTiles>
      <MapTile TileID="196" AltIDMod="0" />
    </MapTiles>
    <StaticTiles />
  </TransInfo>
  <TransInfo Description="Rough Sand to Forest SWA" HashKey="0B0B8181810B818181">
    <MapTiles>
      <MapTile TileID="1622" AltIDMod="0" />
    </MapTiles>
    <StaticTiles />
  </TransInfo>
  <TransInfo Description="Rough Sand to Forest AC" HashKey="810B8181810B810B0B">
    <MapTiles>
      <MapTile TileID="196" AltIDMod="0" />
    </MapTiles>
    <StaticTiles />
  </TransInfo>
  <TransInfo Description="Rough Sand to Forest AC" HashKey="0B810B0B810B0B0B81">
    <MapTiles>
      <MapTile TileID="196" AltIDMod="0" />
    </MapTiles>
    <StaticTiles />
  </TransInfo>
  <TransInfo Description="Rough Sand to Forest AC" HashKey="81810B0B810B0B8181">
    <MapTiles>
      <MapTile TileID="196" AltIDMod="0" />
    </MapTiles>
    <StaticTiles />
  </TransInfo>
  <TransInfo Description="Rough Sand to Forest NEA" HashKey="0B81810B81810B0B81">
    <MapTiles>
      <MapTile TileID="1621" AltIDMod="0" />
    </MapTiles>
    <StaticTiles />
  </TransInfo>
  <TransInfo Description="Rough Sand to Forest SWA" HashKey="0B810B81810B81810B">
    <MapTiles>
      <MapTile TileID="1622" AltIDMod="0" />
    </MapTiles>
    <StaticTiles />
  </TransInfo>
  <TransInfo Description="Rough Sand to Forest AC" HashKey="0B0B0B81810B810B0B">
    <MapTiles>
      <MapTile TileID="196" AltIDMod="0" />
    </MapTiles>
    <StaticTiles />
  </TransInfo>
  <TransInfo Description="Rough Sand to Forest AC" HashKey="810B8181810B0B810B">
    <MapTiles>
      <MapTile TileID="196" AltIDMod="0" />
    </MapTiles>
    <StaticTiles />
  </TransInfo>
  <TransInfo Description="Rough Sand to Forest AC" HashKey="810B0B0B81810B0B81">
    <MapTiles>
      <MapTile TileID="196" AltIDMod="0" />
    </MapTiles>
    <StaticTiles />
  </TransInfo>
  <TransInfo Description="Rough Sand to Forest AC" HashKey="0B0B810B810B0B0B81">
    <MapTiles>
      <MapTile TileID="196" AltIDMod="0" />
    </MapTiles>
    <StaticTiles />
  </TransInfo>
  <TransInfo Description="Rough Sand to Forest SWA" HashKey="810B8181818181810B">
    <MapTiles>
      <MapTile TileID="1622" AltIDMod="0" />
    </MapTiles>
    <StaticTiles />
  </TransInfo>
  <TransInfo Description="Rough Sand to Forest AC" HashKey="0B0B810B810B810B81">
    <MapTiles>
      <MapTile TileID="196" AltIDMod="0" />
    </MapTiles>
    <StaticTiles />
  </TransInfo>
  <TransInfo Description="Rough Sand to Forest NEA" HashKey="0B81818181810B0B0B">
    <MapTiles>
      <MapTile TileID="1621" AltIDMod="0" />
    </MapTiles>
    <StaticTiles />
  </TransInfo>
  <TransInfo Description="Rough Sand to Forest AC" HashKey="0B810B0B81810B810B">
    <MapTiles>
      <MapTile TileID="196" AltIDMod="0" />
    </MapTiles>
    <StaticTiles />
  </TransInfo>
  <TransInfo Description="Rough Sand to Forest SWA" HashKey="0B0B0B81818181810B">
    <MapTiles>
      <MapTile TileID="1622" AltIDMod="0" />
    </MapTiles>
    <StaticTiles />
  </TransInfo>
  <TransInfo Description="Rough Sand to Forest EW" HashKey="8181810B81810B8181">
    <MapTiles>
      <MapTile TileID="1613" AltIDMod="0" />
    </MapTiles>
    <StaticTiles />
  </TransInfo>
  <TransInfo Description="Rough Sand to Forest AC" HashKey="810B810B810B818181">
    <MapTiles>
      <MapTile TileID="196" AltIDMod="0" />
    </MapTiles>
    <StaticTiles />
  </TransInfo>
  <TransInfo Description="Rough Sand to Forest AC" HashKey="0B0B818181810B0B81">
    <MapTiles>
      <MapTile TileID="196" AltIDMod="0" />
    </MapTiles>
    <StaticTiles />
  </TransInfo>
  <TransInfo Description="Rough Sand to Forest AC" HashKey="0B0B0B0B81810B0B81">
    <MapTiles>
      <MapTile TileID="196" AltIDMod="0" />
    </MapTiles>
    <StaticTiles />
  </TransInfo>
  <TransInfo Description="Rough Sand to Forest AC" HashKey="0B810B0B810B818181">
    <MapTiles>
      <MapTile TileID="196" AltIDMod="0" />
    </MapTiles>
    <StaticTiles />
  </TransInfo>
  <TransInfo Description="Rough Sand to Forest AC" HashKey="0B0B0B0B810B818181">
    <MapTiles>
      <MapTile TileID="196" AltIDMod="0" />
    </MapTiles>
    <StaticTiles />
  </TransInfo>
  <TransInfo Description="Rough Sand to Forest AC" HashKey="81810B0B810B0B0B0B">
    <MapTiles>
      <MapTile TileID="196" AltIDMod="0" />
    </MapTiles>
    <StaticTiles />
  </TransInfo>
  <TransInfo Description="Rough Sand to Forest NWA" HashKey="81818181810B0B810B">
    <MapTiles>
      <MapTile TileID="1619" AltIDMod="0" />
    </MapTiles>
    <StaticTiles />
  </TransInfo>
  <TransInfo Description="Rough Sand to Forest NEA" HashKey="0B81810B81810B810B">
    <MapTiles>
      <MapTile TileID="1621" AltIDMod="0" />
    </MapTiles>
    <StaticTiles />
  </TransInfo>
  <TransInfo Description="Rough Sand to Forest AC" HashKey="0B810B8181810B0B0B">
    <MapTiles>
      <MapTile TileID="196" AltIDMod="0" />
    </MapTiles>
    <StaticTiles />
  </TransInfo>
  <TransInfo Description="Rough Sand to Forest SN" HashKey="810B0B818181818181">
    <MapTiles>
      <MapTile TileID="1614" AltIDMod="0" />
    </MapTiles>
    <StaticTiles />
  </TransInfo>
  <TransInfo Description="Rough Sand to Forest AC" HashKey="810B0B0B810B0B8181">
    <MapTiles>
      <MapTile TileID="196" AltIDMod="0" />
    </MapTiles>
    <StaticTiles />
  </TransInfo>
  <TransInfo Description="Rough Sand to Forest AC" HashKey="8181810B810B0B0B81">
    <MapTiles>
      <MapTile TileID="196" AltIDMod="0" />
    </MapTiles>
    <StaticTiles />
  </TransInfo>
  <TransInfo Description="Rough Sand to Forest NS" HashKey="8181818181810B0B81">
    <MapTiles>
      <MapTile TileID="1611" AltIDMod="0" />
    </MapTiles>
    <StaticTiles />
  </TransInfo>
  <TransInfo Description="Rough Sand to Forest SN" HashKey="0B0B81818181818181">
    <MapTiles>
      <MapTile TileID="1614" AltIDMod="0" />
    </MapTiles>
    <StaticTiles />
  </TransInfo>
  <TransInfo Description="Rough Sand to Forest SWA" HashKey="0B818181810B81810B">
    <MapTiles>
      <MapTile TileID="1622" AltIDMod="0" />
    </MapTiles>
    <StaticTiles />
  </TransInfo>
  <TransInfo Description="Rough Sand to Forest AC" HashKey="0B810B0B81810B0B81">
    <MapTiles>
      <MapTile TileID="196" AltIDMod="0" />
    </MapTiles>
    <StaticTiles />
  </TransInfo>
  <TransInfo Description="Rough Sand to Forest AC" HashKey="8181810B810B810B0B">
    <MapTiles>
      <MapTile TileID="196" AltIDMod="0" />
    </MapTiles>
    <StaticTiles />
  </TransInfo>
  <TransInfo Description="Rough Sand to Forest AC" HashKey="810B0B81810B810B81">
    <MapTiles>
      <MapTile TileID="196" AltIDMod="0" />
    </MapTiles>
    <StaticTiles />
  </TransInfo>
  <TransInfo Description="Rough Sand to Forest WE" HashKey="81810B81810B818181">
    <MapTiles>
      <MapTile TileID="1612" AltIDMod="0" />
    </MapTiles>
    <StaticTiles />
  </TransInfo>
  <TransInfo Description="Rough Sand to Forest NEA" HashKey="8181810B81810B0B0B">
    <MapTiles>
      <MapTile TileID="1621" AltIDMod="0" />
    </MapTiles>
    <StaticTiles />
  </TransInfo>
  <TransInfo Description="Rough Sand to Forest AC" HashKey="0B810B0B810B0B810B">
    <MapTiles>
      <MapTile TileID="196" AltIDMod="0" />
    </MapTiles>
    <StaticTiles />
  </TransInfo>
  <TransInfo Description="Rough Sand to Forest AC" HashKey="8181810B810B818181">
    <MapTiles>
      <MapTile TileID="196" AltIDMod="0" />
    </MapTiles>
    <StaticTiles />
  </TransInfo>
  <TransInfo Description="Rough Sand to Forest AC" HashKey="0B0B8181810B810B81">
    <MapTiles>
      <MapTile TileID="196" AltIDMod="0" />
    </MapTiles>
    <StaticTiles />
  </TransInfo>
  <TransInfo Description="Rough Sand to Forest NEA" HashKey="0B8181818181810B0B">
    <MapTiles>
      <MapTile TileID="1621" AltIDMod="0" />
    </MapTiles>
    <StaticTiles />
  </TransInfo>
  <TransInfo Description="Rough Sand to Forest AC" HashKey="0B0B818181810B810B">
    <MapTiles>
      <MapTile TileID="196" AltIDMod="0" />
    </MapTiles>
    <StaticTiles />
  </TransInfo>
  <TransInfo Description="Rough Sand to Forest NWA" HashKey="81810B818181810B81">
    <MapTiles>
      <MapTile TileID="1619" AltIDMod="0" />
    </MapTiles>
    <StaticTiles />
  </TransInfo>
  <TransInfo Description="Rough Sand to Forest NWA" HashKey="81818181810B0B0B81">
    <MapTiles>
      <MapTile TileID="1619" AltIDMod="0" />
    </MapTiles>
    <StaticTiles />
  </TransInfo>
  <TransInfo Description="Rough Sand to Forest SEA" HashKey="0B810B8181810B8181">
    <MapTiles>
      <MapTile TileID="1620" AltIDMod="0" />
    </MapTiles>
    <StaticTiles />
  </TransInfo>
  <TransInfo Description="Rough Sand to Forest AC" HashKey="810B0B818181810B0B">
    <MapTiles>
      <MapTile TileID="196" AltIDMod="0" />
    </MapTiles>
    <StaticTiles />
  </TransInfo>
  <TransInfo Description="Rough Sand to Forest AC" HashKey="810B810B818181810B">
    <MapTiles>
      <MapTile TileID="196" AltIDMod="0" />
    </MapTiles>
    <StaticTiles />
  </TransInfo>
  <TransInfo Description="Rough Sand to Forest SEA" HashKey="810B810B8181818181">
    <MapTiles>
      <MapTile TileID="1620" AltIDMod="0" />
    </MapTiles>
    <StaticTiles />
  </TransInfo>
  <TransInfo Description="Rough Sand to Forest NS" HashKey="8181818181810B810B">
    <MapTiles>
      <MapTile TileID="1611" AltIDMod="0" />
    </MapTiles>
    <StaticTiles />
  </TransInfo>
  <TransInfo Description="Rough Sand to Forest AC" HashKey="810B0B0B81810B810B">
    <MapTiles>
      <MapTile TileID="196" AltIDMod="0" />
    </MapTiles>
    <StaticTiles />
  </TransInfo>
  <TransInfo Description="Rough Sand to Forest AC" HashKey="810B810B81810B810B">
    <MapTiles>
      <MapTile TileID="196" AltIDMod="0" />
    </MapTiles>
    <StaticTiles />
  </TransInfo>
  <TransInfo Description="Rough Sand to Forest AC" HashKey="0B0B810B810B0B0B0B">
    <MapTiles>
      <MapTile TileID="196" AltIDMod="0" />
    </MapTiles>
    <StaticTiles />
  </TransInfo>
  <TransInfo Description="Rough Sand to Forest AC" HashKey="81810B0B810B810B0B">
    <MapTiles>
      <MapTile TileID="196" AltIDMod="0" />
    </MapTiles>
    <StaticTiles />
  </TransInfo>
  <TransInfo Description="Rough Sand to Forest AC" HashKey="0B818181810B810B81">
    <MapTiles>
      <MapTile TileID="196" AltIDMod="0" />
    </MapTiles>
    <StaticTiles />
  </TransInfo>
  <TransInfo Description="Rough Sand to Forest AC" HashKey="0B810B81810B0B0B81">
    <MapTiles>
      <MapTile TileID="196" AltIDMod="0" />
    </MapTiles>
    <StaticTiles />
  </TransInfo>
  <TransInfo Description="Rough Sand to Forest SEA" HashKey="0B0B0B0B8181818181">
    <MapTiles>
      <MapTile TileID="1620" AltIDMod="0" />
    </MapTiles>
    <StaticTiles />
  </TransInfo>
  <TransInfo Description="Rough Sand to Forest AC" HashKey="0B0B0B81810B0B8181">
    <MapTiles>
      <MapTile TileID="196" AltIDMod="0" />
    </MapTiles>
    <StaticTiles />
  </TransInfo>
  <TransInfo Description="Rough Sand to Forest SWA" HashKey="810B0B81810B81810B">
    <MapTiles>
      <MapTile TileID="1622" AltIDMod="0" />
    </MapTiles>
    <StaticTiles />
  </TransInfo>
  <TransInfo Description="Rough Sand to Forest NWA" HashKey="81810B81810B810B0B">
    <MapTiles>
      <MapTile TileID="1619" AltIDMod="0" />
    </MapTiles>
    <StaticTiles />
  </TransInfo>
  <TransInfo Description="Rough Sand to Forest AC" HashKey="810B810B810B810B81">
    <MapTiles>
      <MapTile TileID="196" AltIDMod="0" />
    </MapTiles>
    <StaticTiles />
  </TransInfo>
  <TransInfo Description="Rough Sand to Forest AC" HashKey="810B818181810B810B">
    <MapTiles>
      <MapTile TileID="196" AltIDMod="0" />
    </MapTiles>
    <StaticTiles />
  </TransInfo>
  <TransInfo Description="Rough Sand to Forest AC" HashKey="810B0B0B818181810B">
    <MapTiles>
      <MapTile TileID="196" AltIDMod="0" />
    </MapTiles>
    <StaticTiles />
  </TransInfo>
  <TransInfo Description="Rough Sand to Forest SWA" HashKey="0B0B8181810B81810B">
    <MapTiles>
      <MapTile TileID="1622" AltIDMod="0" />
    </MapTiles>
    <StaticTiles />
  </TransInfo>
  <TransInfo Description="Rough Sand to Forest NWB" HashKey="0B8181818181818181">
    <MapTiles>
      <MapTile TileID="1615" AltIDMod="0" />
    </MapTiles>
    <StaticTiles />
  </TransInfo>
  <TransInfo Description="Rough Sand to Forest AC" HashKey="0B0B0B0B810B810B81">
    <MapTiles>
      <MapTile TileID="196" AltIDMod="0" />
    </MapTiles>
    <StaticTiles />
  </TransInfo>
  <TransInfo Description="Rough Sand to Forest AC" HashKey="8181810B810B0B0B0B">
    <MapTiles>
      <MapTile TileID="196" AltIDMod="0" />
    </MapTiles>
    <StaticTiles />
  </TransInfo>
  <TransInfo Description="Rough Sand to Forest AC" HashKey="0B0B810B810B0B810B">
    <MapTiles>
      <MapTile TileID="196" AltIDMod="0" />
    </MapTiles>
    <StaticTiles />
  </TransInfo>
  <TransInfo Description="Rough Sand to Forest WE" HashKey="81810B81818181810B">
    <MapTiles>
      <MapTile TileID="1612" AltIDMod="0" />
    </MapTiles>
    <StaticTiles />
  </TransInfo>
  <TransInfo Description="Rough Sand to Forest NEA" HashKey="8181810B8181810B0B">
    <MapTiles>
      <MapTile TileID="1621" AltIDMod="0" />
    </MapTiles>
    <StaticTiles />
  </TransInfo>
  <TransInfo Description="Rough Sand to Forest AC" HashKey="810B0B0B810B0B0B81">
    <MapTiles>
      <MapTile TileID="196" AltIDMod="0" />
    </MapTiles>
    <StaticTiles />
  </TransInfo>
  <TransInfo Description="Rough Sand to Forest AC" HashKey="0B0B810B81810B810B">
    <MapTiles>
      <MapTile TileID="196" AltIDMod="0" />
    </MapTiles>
    <StaticTiles />
  </TransInfo>
  <TransInfo Description="Rough Sand to Forest AC" HashKey="810B810B8181810B0B">
    <MapTiles>
      <MapTile TileID="196" AltIDMod="0" />
    </MapTiles>
    <StaticTiles />
  </TransInfo>
</Trans>