﻿<?xml version="1.0" encoding="utf-8"?>
<Trans>
  <TransInfo Description="Rough Sand to Jungle AC" HashKey="0A0A0A0A810A0A0A0A">
    <MapTiles>
      <MapTile TileID="172" AltIDMod="0" />
    </MapTiles>
    <StaticTiles />
  </TransInfo>
  <TransInfo Description="Rough Sand to Jungle AC" HashKey="0A810A0A810A810A0A">
    <MapTiles>
      <MapTile TileID="172" AltIDMod="0" />
    </MapTiles>
    <StaticTiles />
  </TransInfo>
  <TransInfo Description="Rough Sand to Jungle AC" HashKey="0A818181810A0A8181">
    <MapTiles>
      <MapTile TileID="172" AltIDMod="0" />
    </MapTiles>
    <StaticTiles />
  </TransInfo>
  <TransInfo Description="Rough Sand to Jungle NEA" HashKey="0A81810A818181810A">
    <MapTiles>
      <MapTile TileID="648" AltIDMod="0" />
    </MapTiles>
    <StaticTiles />
  </TransInfo>
  <TransInfo Description="Rough Sand to Jungle NEA" HashKey="0A81810A81810A810A">
    <MapTiles>
      <MapTile TileID="648" AltIDMod="0" />
    </MapTiles>
    <StaticTiles />
  </TransInfo>
  <TransInfo Description="Rough Sand to Jungle AC" HashKey="0A81810A810A0A0A81">
    <MapTiles>
      <MapTile TileID="172" AltIDMod="0" />
    </MapTiles>
    <StaticTiles />
  </TransInfo>
  <TransInfo Description="Rough Sand to Jungle AC" HashKey="810A810A810A810A0A">
    <MapTiles>
      <MapTile TileID="172" AltIDMod="0" />
    </MapTiles>
    <StaticTiles />
  </TransInfo>
  <TransInfo Description="Rough Sand to Jungle AC" HashKey="8181810A810A0A0A81">
    <MapTiles>
      <MapTile TileID="172" AltIDMod="0" />
    </MapTiles>
    <StaticTiles />
  </TransInfo>
  <TransInfo Description="Rough Sand to Jungle NEA" HashKey="8181810A81810A810A">
    <MapTiles>
      <MapTile TileID="648" AltIDMod="0" />
    </MapTiles>
    <StaticTiles />
  </TransInfo>
  <TransInfo Description="Rough Sand to Jungle NEA" HashKey="8181810A818181810A">
    <MapTiles>
      <MapTile TileID="648" AltIDMod="0" />
    </MapTiles>
    <StaticTiles />
  </TransInfo>
  <TransInfo Description="Rough Sand to Jungle NWA" HashKey="81818181810A0A8181">
    <MapTiles>
      <MapTile TileID="647" AltIDMod="0" />
    </MapTiles>
    <StaticTiles />
  </TransInfo>
  <TransInfo Description="Rough Sand to Jungle AC" HashKey="810A0A0A810A0A0A0A">
    <MapTiles>
      <MapTile TileID="172" AltIDMod="0" />
    </MapTiles>
    <StaticTiles />
  </TransInfo>
  <TransInfo Description="Rough Sand to Jungle NWB" HashKey="0A8181818181818181">
    <MapTiles>
      <MapTile TileID="650" AltIDMod="0" />
    </MapTiles>
    <StaticTiles />
  </TransInfo>
  <TransInfo Description="Rough Sand to Jungle EW" HashKey="0A81818181810A8181">
    <MapTiles>
      <MapTile TileID="645" AltIDMod="0" />
    </MapTiles>
    <StaticTiles />
  </TransInfo>
  <TransInfo Description="Rough Sand to Jungle SEA" HashKey="810A0A0A8181818181">
    <MapTiles>
      <MapTile TileID="646" AltIDMod="0" />
    </MapTiles>
    <StaticTiles />
  </TransInfo>
  <TransInfo Description="Rough Sand to Jungle AC" HashKey="810A0A0A810A810A81">
    <MapTiles>
      <MapTile TileID="172" AltIDMod="0" />
    </MapTiles>
    <StaticTiles />
  </TransInfo>
  <TransInfo Description="Rough Sand to Jungle SWA" HashKey="810A0A81810A81810A">
    <MapTiles>
      <MapTile TileID="649" AltIDMod="0" />
    </MapTiles>
    <StaticTiles />
  </TransInfo>
  <TransInfo Description="Rough Sand to Jungle AC" HashKey="810A0A818181810A0A">
    <MapTiles>
      <MapTile TileID="172" AltIDMod="0" />
    </MapTiles>
    <StaticTiles />
  </TransInfo>
  <TransInfo Description="Rough Sand to Jungle AC" HashKey="0A0A0A81810A810A0A">
    <MapTiles>
      <MapTile TileID="172" AltIDMod="0" />
    </MapTiles>
    <StaticTiles />
  </TransInfo>
  <TransInfo Description="Rough Sand to Jungle AC" HashKey="0A0A810A810A0A8181">
    <MapTiles>
      <MapTile TileID="172" AltIDMod="0" />
    </MapTiles>
    <StaticTiles />
  </TransInfo>
  <TransInfo Description="Rough Sand to Jungle SWA" HashKey="0A0A8181818181810A">
    <MapTiles>
      <MapTile TileID="649" AltIDMod="0" />
    </MapTiles>
    <StaticTiles />
  </TransInfo>
  <TransInfo Description="Rough Sand to Jungle AC" HashKey="0A0A818181810A810A">
    <MapTiles>
      <MapTile TileID="172" AltIDMod="0" />
    </MapTiles>
    <StaticTiles />
  </TransInfo>
  <TransInfo Description="Rough Sand to Jungle AC" HashKey="0A0A8181810A0A0A81">
    <MapTiles>
      <MapTile TileID="172" AltIDMod="0" />
    </MapTiles>
    <StaticTiles />
  </TransInfo>
  <TransInfo Description="Rough Sand to Jungle NWA" HashKey="81810A818181810A0A">
    <MapTiles>
      <MapTile TileID="647" AltIDMod="0" />
    </MapTiles>
    <StaticTiles />
  </TransInfo>
  <TransInfo Description="Rough Sand to Jungle WE" HashKey="81810A81810A81810A">
    <MapTiles>
      <MapTile TileID="643" AltIDMod="0" />
    </MapTiles>
    <StaticTiles />
  </TransInfo>
  <TransInfo Description="Rough Sand to Jungle NWA" HashKey="81810A81810A0A810A">
    <MapTiles>
      <MapTile TileID="647" AltIDMod="0" />
    </MapTiles>
    <StaticTiles />
  </TransInfo>
  <TransInfo Description="Rough Sand to Jungle AC" HashKey="81810A0A81810A0A81">
    <MapTiles>
      <MapTile TileID="172" AltIDMod="0" />
    </MapTiles>
    <StaticTiles />
  </TransInfo>
  <TransInfo Description="Rough Sand to Jungle NWA" HashKey="81810A8181810A0A81">
    <MapTiles>
      <MapTile TileID="647" AltIDMod="0" />
    </MapTiles>
    <StaticTiles />
  </TransInfo>
  <TransInfo Description="Rough Sand to Jungle AC" HashKey="81810A0A810A81810A">
    <MapTiles>
      <MapTile TileID="172" AltIDMod="0" />
    </MapTiles>
    <StaticTiles />
  </TransInfo>
  <TransInfo Description="Rough Sand to Jungle SEA" HashKey="0A810A8181810A8181">
    <MapTiles>
      <MapTile TileID="646" AltIDMod="0" />
    </MapTiles>
    <StaticTiles />
  </TransInfo>
  <TransInfo Description="Rough Sand to Jungle AC" HashKey="81810A0A8181810A0A">
    <MapTiles>
      <MapTile TileID="172" AltIDMod="0" />
    </MapTiles>
    <StaticTiles />
  </TransInfo>
  <TransInfo Description="Rough Sand to Jungle AC" HashKey="0A0A0A0A81810A0A81">
    <MapTiles>
      <MapTile TileID="172" AltIDMod="0" />
    </MapTiles>
    <StaticTiles />
  </TransInfo>
  <TransInfo Description="Rough Sand to Jungle AC" HashKey="0A0A0A0A818181810A">
    <MapTiles>
      <MapTile TileID="172" AltIDMod="0" />
    </MapTiles>
    <StaticTiles />
  </TransInfo>
  <TransInfo Description="Rough Sand to Jungle AC" HashKey="810A8181810A0A8181">
    <MapTiles>
      <MapTile TileID="172" AltIDMod="0" />
    </MapTiles>
    <StaticTiles />
  </TransInfo>
  <TransInfo Description="Rough Sand to Jungle AC" HashKey="810A810A81810A0A0A">
    <MapTiles>
      <MapTile TileID="172" AltIDMod="0" />
    </MapTiles>
    <StaticTiles />
  </TransInfo>
  <TransInfo Description="Rough Sand to Jungle AC" HashKey="810A810A810A0A0A81">
    <MapTiles>
      <MapTile TileID="172" AltIDMod="0" />
    </MapTiles>
    <StaticTiles />
  </TransInfo>
  <TransInfo Description="Rough Sand to Jungle AC" HashKey="810A810A8181810A81">
    <MapTiles>
      <MapTile TileID="172" AltIDMod="0" />
    </MapTiles>
    <StaticTiles />
  </TransInfo>
  <TransInfo Description="Rough Sand to Jungle AC" HashKey="0A810A0A8181810A81">
    <MapTiles>
      <MapTile TileID="172" AltIDMod="0" />
    </MapTiles>
    <StaticTiles />
  </TransInfo>
  <TransInfo Description="Rough Sand to Jungle AC" HashKey="0A810A0A810A0A0A81">
    <MapTiles>
      <MapTile TileID="172" AltIDMod="0" />
    </MapTiles>
    <StaticTiles />
  </TransInfo>
  <TransInfo Description="Rough Sand to Jungle AC" HashKey="0A0A0A0A810A818181">
    <MapTiles>
      <MapTile TileID="172" AltIDMod="0" />
    </MapTiles>
    <StaticTiles />
  </TransInfo>
  <TransInfo Description="Rough Sand to Jungle AC" HashKey="0A810A0A81810A0A0A">
    <MapTiles>
      <MapTile TileID="172" AltIDMod="0" />
    </MapTiles>
    <StaticTiles />
  </TransInfo>
  <TransInfo Description="Rough Sand to Jungle AC" HashKey="0A810A81810A0A8181">
    <MapTiles>
      <MapTile TileID="172" AltIDMod="0" />
    </MapTiles>
    <StaticTiles />
  </TransInfo>
  <TransInfo Description="Rough Sand to Jungle NS" HashKey="8181818181810A0A81">
    <MapTiles>
      <MapTile TileID="642" AltIDMod="0" />
    </MapTiles>
    <StaticTiles />
  </TransInfo>
  <TransInfo Description="Rough Sand to Jungle AC" HashKey="0A0A8181810A810A0A">
    <MapTiles>
      <MapTile TileID="172" AltIDMod="0" />
    </MapTiles>
    <StaticTiles />
  </TransInfo>
  <TransInfo Description="Rough Sand to Jungle SEA" HashKey="810A818181810A8181">
    <MapTiles>
      <MapTile TileID="646" AltIDMod="0" />
    </MapTiles>
    <StaticTiles />
  </TransInfo>
  <TransInfo Description="Rough Sand to Jungle AC" HashKey="8181810A810A810A0A">
    <MapTiles>
      <MapTile TileID="172" AltIDMod="0" />
    </MapTiles>
    <StaticTiles />
  </TransInfo>
  <TransInfo Description="Rough Sand to Jungle AC" HashKey="0A0A810A810A0A810A">
    <MapTiles>
      <MapTile TileID="172" AltIDMod="0" />
    </MapTiles>
    <StaticTiles />
  </TransInfo>
  <TransInfo Description="Rough Sand to Jungle AC" HashKey="0A0A810A810A810A81">
    <MapTiles>
      <MapTile TileID="172" AltIDMod="0" />
    </MapTiles>
    <StaticTiles />
  </TransInfo>
  <TransInfo Description="Rough Sand to Jungle AC" HashKey="0A0A0A818181810A81">
    <MapTiles>
      <MapTile TileID="172" AltIDMod="0" />
    </MapTiles>
    <StaticTiles />
  </TransInfo>
  <TransInfo Description="Rough Sand to Jungle SWA" HashKey="0A0A0A81810A818181">
    <MapTiles>
      <MapTile TileID="649" AltIDMod="0" />
    </MapTiles>
    <StaticTiles />
  </TransInfo>
  <TransInfo Description="Rough Sand to Jungle NWA" HashKey="81818181810A810A0A">
    <MapTiles>
      <MapTile TileID="647" AltIDMod="0" />
    </MapTiles>
    <StaticTiles />
  </TransInfo>
  <TransInfo Description="Rough Sand to Jungle SEB" HashKey="81818181818181810A">
    <MapTiles>
      <MapTile TileID="651" AltIDMod="0" />
    </MapTiles>
    <StaticTiles />
  </TransInfo>
  <TransInfo Description="Rough Sand to Jungle NS" HashKey="8181818181810A810A">
    <MapTiles>
      <MapTile TileID="642" AltIDMod="0" />
    </MapTiles>
    <StaticTiles />
  </TransInfo>
  <TransInfo Description="Rough Sand to Jungle AC" HashKey="810A0A0A81810A0A0A">
    <MapTiles>
      <MapTile TileID="172" AltIDMod="0" />
    </MapTiles>
    <StaticTiles />
  </TransInfo>
  <TransInfo Description="Rough Sand to Jungle NWA" HashKey="81818181810A0A0A81">
    <MapTiles>
      <MapTile TileID="647" AltIDMod="0" />
    </MapTiles>
    <StaticTiles />
  </TransInfo>
  <TransInfo Description="Rough Sand to Jungle NEA" HashKey="0A8181818181810A0A">
    <MapTiles>
      <MapTile TileID="648" AltIDMod="0" />
    </MapTiles>
    <StaticTiles />
  </TransInfo>
  <TransInfo Description="Rough Sand to Jungle SWA" HashKey="0A818181810A81810A">
    <MapTiles>
      <MapTile TileID="649" AltIDMod="0" />
    </MapTiles>
    <StaticTiles />
  </TransInfo>
  <TransInfo Description="Rough Sand to Jungle AC" HashKey="0A81810A810A810A81">
    <MapTiles>
      <MapTile TileID="172" AltIDMod="0" />
    </MapTiles>
    <StaticTiles />
  </TransInfo>
  <TransInfo Description="Rough Sand to Jungle EW" HashKey="0A81810A8181818181">
    <MapTiles>
      <MapTile TileID="645" AltIDMod="0" />
    </MapTiles>
    <StaticTiles />
  </TransInfo>
  <TransInfo Description="Rough Sand to Jungle SEA" HashKey="810A0A8181810A8181">
    <MapTiles>
      <MapTile TileID="646" AltIDMod="0" />
    </MapTiles>
    <StaticTiles />
  </TransInfo>
  <TransInfo Description="Rough Sand to Jungle AC" HashKey="0A81810A810A0A0A0A">
    <MapTiles>
      <MapTile TileID="172" AltIDMod="0" />
    </MapTiles>
    <StaticTiles />
  </TransInfo>
  <TransInfo Description="Rough Sand to Jungle EW" HashKey="8181810A81810A8181">
    <MapTiles>
      <MapTile TileID="645" AltIDMod="0" />
    </MapTiles>
    <StaticTiles />
  </TransInfo>
  <TransInfo Description="Rough Sand to Jungle AC" HashKey="810A810A810A0A810A">
    <MapTiles>
      <MapTile TileID="172" AltIDMod="0" />
    </MapTiles>
    <StaticTiles />
  </TransInfo>
  <TransInfo Description="Rough Sand to Jungle AC" HashKey="810A0A0A810A0A0A81">
    <MapTiles>
      <MapTile TileID="172" AltIDMod="0" />
    </MapTiles>
    <StaticTiles />
  </TransInfo>
  <TransInfo Description="Rough Sand to Jungle AC" HashKey="810A0A0A81810A810A">
    <MapTiles>
      <MapTile TileID="172" AltIDMod="0" />
    </MapTiles>
    <StaticTiles />
  </TransInfo>
  <TransInfo Description="Rough Sand to Jungle SEA" HashKey="81810A0A81810A8181">
    <MapTiles>
      <MapTile TileID="646" AltIDMod="0" />
    </MapTiles>
    <StaticTiles />
  </TransInfo>
  <TransInfo Description="Rough Sand to Jungle IWE" HashKey="0A818181818181810A">
    <MapTiles>
      <MapTile TileID="22" AltIDMod="0" />
    </MapTiles>
    <StaticTiles />
  </TransInfo>
  <TransInfo Description="Rough Sand to Jungle AC" HashKey="810A0A81810A0A8181">
    <MapTiles>
      <MapTile TileID="172" AltIDMod="0" />
    </MapTiles>
    <StaticTiles />
  </TransInfo>
  <TransInfo Description="Rough Sand to Jungle NEA" HashKey="0A81818181810A0A81">
    <MapTiles>
      <MapTile TileID="648" AltIDMod="0" />
    </MapTiles>
    <StaticTiles />
  </TransInfo>
  <TransInfo Description="Rough Sand to Jungle AC" HashKey="0A810A8181810A0A0A">
    <MapTiles>
      <MapTile TileID="172" AltIDMod="0" />
    </MapTiles>
    <StaticTiles />
  </TransInfo>
  <TransInfo Description="Rough Sand to Jungle AC" HashKey="0A0A810A8181810A0A">
    <MapTiles>
      <MapTile TileID="172" AltIDMod="0" />
    </MapTiles>
    <StaticTiles />
  </TransInfo>
  <TransInfo Description="Rough Sand to Jungle AC" HashKey="0A0A810A81810A810A">
    <MapTiles>
      <MapTile TileID="172" AltIDMod="0" />
    </MapTiles>
    <StaticTiles />
  </TransInfo>
  <TransInfo Description="Rough Sand to Jungle AC" HashKey="0A0A810A810A81810A">
    <MapTiles>
      <MapTile TileID="172" AltIDMod="0" />
    </MapTiles>
    <StaticTiles />
  </TransInfo>
  <TransInfo Description="Rough Sand to Jungle AC" HashKey="0A0A8181810A810A81">
    <MapTiles>
      <MapTile TileID="172" AltIDMod="0" />
    </MapTiles>
    <StaticTiles />
  </TransInfo>
  <TransInfo Description="Rough Sand to Jungle SN" HashKey="0A0A81818181818181">
    <MapTiles>
      <MapTile TileID="644" AltIDMod="0" />
    </MapTiles>
    <StaticTiles />
  </TransInfo>
  <TransInfo Description="Rough Sand to Jungle AC" HashKey="0A0A8181810A0A0A0A">
    <MapTiles>
      <MapTile TileID="172" AltIDMod="0" />
    </MapTiles>
    <StaticTiles />
  </TransInfo>
  <TransInfo Description="Rough Sand to Jungle NWA" HashKey="81810A818181810A81">
    <MapTiles>
      <MapTile TileID="647" AltIDMod="0" />
    </MapTiles>
    <StaticTiles />
  </TransInfo>
  <TransInfo Description="Rough Sand to Jungle WE" HashKey="81810A81810A818181">
    <MapTiles>
      <MapTile TileID="643" AltIDMod="0" />
    </MapTiles>
    <StaticTiles />
  </TransInfo>
  <TransInfo Description="Rough Sand to Jungle AC" HashKey="810A0A0A818181810A">
    <MapTiles>
      <MapTile TileID="172" AltIDMod="0" />
    </MapTiles>
    <StaticTiles />
  </TransInfo>
  <TransInfo Description="Rough Sand to Jungle SEA" HashKey="0A810A0A8181818181">
    <MapTiles>
      <MapTile TileID="646" AltIDMod="0" />
    </MapTiles>
    <StaticTiles />
  </TransInfo>
  <TransInfo Description="Rough Sand to Jungle NWA" HashKey="81810A8181810A0A0A">
    <MapTiles>
      <MapTile TileID="647" AltIDMod="0" />
    </MapTiles>
    <StaticTiles />
  </TransInfo>
  <TransInfo Description="Rough Sand to Jungle SWA" HashKey="0A810A81818181810A">
    <MapTiles>
      <MapTile TileID="649" AltIDMod="0" />
    </MapTiles>
    <StaticTiles />
  </TransInfo>
  <TransInfo Description="Rough Sand to Jungle AC" HashKey="0A810A8181810A810A">
    <MapTiles>
      <MapTile TileID="172" AltIDMod="0" />
    </MapTiles>
    <StaticTiles />
  </TransInfo>
  <TransInfo Description="Rough Sand to Jungle AC" HashKey="0A81810A810A810A0A">
    <MapTiles>
      <MapTile TileID="172" AltIDMod="0" />
    </MapTiles>
    <StaticTiles />
  </TransInfo>
  <TransInfo Description="Rough Sand to Jungle AC" HashKey="8181810A810A0A810A">
    <MapTiles>
      <MapTile TileID="172" AltIDMod="0" />
    </MapTiles>
    <StaticTiles />
  </TransInfo>
  <TransInfo Description="Rough Sand to Jungle AC" HashKey="810A81818181810A0A">
    <MapTiles>
      <MapTile TileID="172" AltIDMod="0" />
    </MapTiles>
    <StaticTiles />
  </TransInfo>
  <TransInfo Description="Rough Sand to Jungle AC" HashKey="810A8181810A810A0A">
    <MapTiles>
      <MapTile TileID="172" AltIDMod="0" />
    </MapTiles>
    <StaticTiles />
  </TransInfo>
  <TransInfo Description="Rough Sand to Jungle SWA" HashKey="810A8181810A81810A">
    <MapTiles>
      <MapTile TileID="649" AltIDMod="0" />
    </MapTiles>
    <StaticTiles />
  </TransInfo>
  <TransInfo Description="Rough Sand to Jungle AC" HashKey="810A810A810A810A81">
    <MapTiles>
      <MapTile TileID="172" AltIDMod="0" />
    </MapTiles>
    <StaticTiles />
  </TransInfo>
  <TransInfo Description="Rough Sand to Jungle AC" HashKey="810A810A81810A0A81">
    <MapTiles>
      <MapTile TileID="172" AltIDMod="0" />
    </MapTiles>
    <StaticTiles />
  </TransInfo>
  <TransInfo Description="Rough Sand to Jungle AC" HashKey="810A818181810A0A81">
    <MapTiles>
      <MapTile TileID="172" AltIDMod="0" />
    </MapTiles>
    <StaticTiles />
  </TransInfo>
  <TransInfo Description="Rough Sand to Jungle AC" HashKey="81810A0A810A0A0A0A">
    <MapTiles>
      <MapTile TileID="172" AltIDMod="0" />
    </MapTiles>
    <StaticTiles />
  </TransInfo>
  <TransInfo Description="Rough Sand to Jungle AC" HashKey="810A810A810A0A0A0A">
    <MapTiles>
      <MapTile TileID="172" AltIDMod="0" />
    </MapTiles>
    <StaticTiles />
  </TransInfo>
  <TransInfo Description="Rough Sand to Jungle AC" HashKey="810A810A8181810A0A">
    <MapTiles>
      <MapTile TileID="172" AltIDMod="0" />
    </MapTiles>
    <StaticTiles />
  </TransInfo>
  <TransInfo Description="Rough Sand to Jungle AC" HashKey="0A0A0A81810A0A0A0A">
    <MapTiles>
      <MapTile TileID="172" AltIDMod="0" />
    </MapTiles>
    <StaticTiles />
  </TransInfo>
  <TransInfo Description="Rough Sand to Jungle SN" HashKey="0A0A0A818181818181">
    <MapTiles>
      <MapTile TileID="644" AltIDMod="0" />
    </MapTiles>
    <StaticTiles />
  </TransInfo>
  <TransInfo Description="Rough Sand to Jungle AC" HashKey="0A810A81810A0A0A81">
    <MapTiles>
      <MapTile TileID="172" AltIDMod="0" />
    </MapTiles>
    <StaticTiles />
  </TransInfo>
  <TransInfo Description="Rough Sand to Jungle AC" HashKey="810A0A81810A810A0A">
    <MapTiles>
      <MapTile TileID="172" AltIDMod="0" />
    </MapTiles>
    <StaticTiles />
  </TransInfo>
  <TransInfo Description="Rough Sand to Jungle AC" HashKey="0A0A0A0A8181810A0A">
    <MapTiles>
      <MapTile TileID="172" AltIDMod="0" />
    </MapTiles>
    <StaticTiles />
  </TransInfo>
  <TransInfo Description="Rough Sand to Jungle INS" HashKey="81810A8181810A8181">
    <MapTiles>
      <MapTile TileID="22" AltIDMod="0" />
    </MapTiles>
    <StaticTiles />
  </TransInfo>
  <TransInfo Description="Rough Sand to Jungle NEA" HashKey="0A81810A81810A0A0A">
    <MapTiles>
      <MapTile TileID="648" AltIDMod="0" />
    </MapTiles>
    <StaticTiles />
  </TransInfo>
  <TransInfo Description="Rough Sand to Jungle AC" HashKey="0A81810A810A818181">
    <MapTiles>
      <MapTile TileID="172" AltIDMod="0" />
    </MapTiles>
    <StaticTiles />
  </TransInfo>
  <TransInfo Description="Rough Sand to Jungle NEA" HashKey="0A81810A8181810A81">
    <MapTiles>
      <MapTile TileID="648" AltIDMod="0" />
    </MapTiles>
    <StaticTiles />
  </TransInfo>
  <TransInfo Description="Rough Sand to Jungle NEA" HashKey="8181810A8181810A0A">
    <MapTiles>
      <MapTile TileID="648" AltIDMod="0" />
    </MapTiles>
    <StaticTiles />
  </TransInfo>
  <TransInfo Description="Rough Sand to Jungle AC" HashKey="8181810A810A81810A">
    <MapTiles>
      <MapTile TileID="172" AltIDMod="0" />
    </MapTiles>
    <StaticTiles />
  </TransInfo>
  <TransInfo Description="Rough Sand to Jungle NWA" HashKey="81818181810A810A81">
    <MapTiles>
      <MapTile TileID="647" AltIDMod="0" />
    </MapTiles>
    <StaticTiles />
  </TransInfo>
  <TransInfo Description="Rough Sand to Jungle AC" HashKey="0A818181810A0A810A">
    <MapTiles>
      <MapTile TileID="172" AltIDMod="0" />
    </MapTiles>
    <StaticTiles />
  </TransInfo>
  <TransInfo Description="Rough Sand to Jungle NEA" HashKey="8181810A81810A0A81">
    <MapTiles>
      <MapTile TileID="648" AltIDMod="0" />
    </MapTiles>
    <StaticTiles />
  </TransInfo>
  <TransInfo Description="Rough Sand to Jungle NWA" HashKey="81818181810A0A0A0A">
    <MapTiles>
      <MapTile TileID="647" AltIDMod="0" />
    </MapTiles>
    <StaticTiles />
  </TransInfo>
  <TransInfo Description="Rough Sand to Jungle AC" HashKey="0A0A0A0A810A81810A">
    <MapTiles>
      <MapTile TileID="172" AltIDMod="0" />
    </MapTiles>
    <StaticTiles />
  </TransInfo>
  <TransInfo Description="Rough Sand to Jungle NEA" HashKey="0A8181818181810A81">
    <MapTiles>
      <MapTile TileID="648" AltIDMod="0" />
    </MapTiles>
    <StaticTiles />
  </TransInfo>
  <TransInfo Description="Rough Sand to Jungle SWA" HashKey="0A818181810A818181">
    <MapTiles>
      <MapTile TileID="649" AltIDMod="0" />
    </MapTiles>
    <StaticTiles />
  </TransInfo>
  <TransInfo Description="Rough Sand to Jungle AC" HashKey="810A0A0A810A0A8181">
    <MapTiles>
      <MapTile TileID="172" AltIDMod="0" />
    </MapTiles>
    <StaticTiles />
  </TransInfo>
  <TransInfo Description="Rough Sand to Jungle NEA" HashKey="0A81818181810A0A0A">
    <MapTiles>
      <MapTile TileID="648" AltIDMod="0" />
    </MapTiles>
    <StaticTiles />
  </TransInfo>
  <TransInfo Description="Rough Sand to Jungle AC" HashKey="810A0A8181810A810A">
    <MapTiles>
      <MapTile TileID="172" AltIDMod="0" />
    </MapTiles>
    <StaticTiles />
  </TransInfo>
  <TransInfo Description="Rough Sand to Jungle AC" HashKey="810A0A81810A0A0A81">
    <MapTiles>
      <MapTile TileID="172" AltIDMod="0" />
    </MapTiles>
    <StaticTiles />
  </TransInfo>
  <TransInfo Description="Rough Sand to Jungle AC" HashKey="810A0A0A810A0A810A">
    <MapTiles>
      <MapTile TileID="172" AltIDMod="0" />
    </MapTiles>
    <StaticTiles />
  </TransInfo>
  <TransInfo Description="Rough Sand to Jungle AC" HashKey="0A0A818181810A0A0A">
    <MapTiles>
      <MapTile TileID="172" AltIDMod="0" />
    </MapTiles>
    <StaticTiles />
  </TransInfo>
  <TransInfo Description="Rough Sand to Jungle AC" HashKey="0A0A818181810A0A81">
    <MapTiles>
      <MapTile TileID="172" AltIDMod="0" />
    </MapTiles>
    <StaticTiles />
  </TransInfo>
  <TransInfo Description="Rough Sand to Jungle SWA" HashKey="0A0A8181810A818181">
    <MapTiles>
      <MapTile TileID="649" AltIDMod="0" />
    </MapTiles>
    <StaticTiles />
  </TransInfo>
  <TransInfo Description="Rough Sand to Jungle AC" HashKey="0A0A81818181810A81">
    <MapTiles>
      <MapTile TileID="172" AltIDMod="0" />
    </MapTiles>
    <StaticTiles />
  </TransInfo>
  <TransInfo Description="Rough Sand to Jungle NWA" HashKey="81810A81810A0A0A0A">
    <MapTiles>
      <MapTile TileID="647" AltIDMod="0" />
    </MapTiles>
    <StaticTiles />
  </TransInfo>
  <TransInfo Description="Rough Sand to Jungle NEB" HashKey="81810A818181818181">
    <MapTiles>
      <MapTile TileID="652" AltIDMod="0" />
    </MapTiles>
    <StaticTiles />
  </TransInfo>
  <TransInfo Description="Rough Sand to Jungle AC" HashKey="81810A0A810A810A0A">
    <MapTiles>
      <MapTile TileID="172" AltIDMod="0" />
    </MapTiles>
    <StaticTiles />
  </TransInfo>
  <TransInfo Description="Rough Sand to Jungle NWA" HashKey="81810A81810A810A81">
    <MapTiles>
      <MapTile TileID="647" AltIDMod="0" />
    </MapTiles>
    <StaticTiles />
  </TransInfo>
  <TransInfo Description="Rough Sand to Jungle SEA" HashKey="810A0A0A81810A8181">
    <MapTiles>
      <MapTile TileID="646" AltIDMod="0" />
    </MapTiles>
    <StaticTiles />
  </TransInfo>
  <TransInfo Description="Rough Sand to Jungle AC" HashKey="81810A0A81810A810A">
    <MapTiles>
      <MapTile TileID="172" AltIDMod="0" />
    </MapTiles>
    <StaticTiles />
  </TransInfo>
  <TransInfo Description="Rough Sand to Jungle AC" HashKey="0A810A0A818181810A">
    <MapTiles>
      <MapTile TileID="172" AltIDMod="0" />
    </MapTiles>
    <StaticTiles />
  </TransInfo>
  <TransInfo Description="Rough Sand to Jungle AC" HashKey="0A0A810A8181810A81">
    <MapTiles>
      <MapTile TileID="172" AltIDMod="0" />
    </MapTiles>
    <StaticTiles />
  </TransInfo>
  <TransInfo Description="Rough Sand to Jungle SEA" HashKey="0A0A810A81810A8181">
    <MapTiles>
      <MapTile TileID="646" AltIDMod="0" />
    </MapTiles>
    <StaticTiles />
  </TransInfo>
  <TransInfo Description="Rough Sand to Jungle AC" HashKey="0A0A810A810A818181">
    <MapTiles>
      <MapTile TileID="172" AltIDMod="0" />
    </MapTiles>
    <StaticTiles />
  </TransInfo>
  <TransInfo Description="Rough Sand to Jungle AC" HashKey="810A810A810A818181">
    <MapTiles>
      <MapTile TileID="172" AltIDMod="0" />
    </MapTiles>
    <StaticTiles />
  </TransInfo>
  <TransInfo Description="Rough Sand to Jungle SEA" HashKey="810A810A81810A8181">
    <MapTiles>
      <MapTile TileID="646" AltIDMod="0" />
    </MapTiles>
    <StaticTiles />
  </TransInfo>
  <TransInfo Description="Rough Sand to Jungle AC" HashKey="0A810A0A81810A810A">
    <MapTiles>
      <MapTile TileID="172" AltIDMod="0" />
    </MapTiles>
    <StaticTiles />
  </TransInfo>
  <TransInfo Description="Rough Sand to Jungle SEA" HashKey="0A0A0A0A81810A8181">
    <MapTiles>
      <MapTile TileID="646" AltIDMod="0" />
    </MapTiles>
    <StaticTiles />
  </TransInfo>
  <TransInfo Description="Rough Sand to Jungle AC" HashKey="0A810A81810A810A81">
    <MapTiles>
      <MapTile TileID="172" AltIDMod="0" />
    </MapTiles>
    <StaticTiles />
  </TransInfo>
  <TransInfo Description="Rough Sand to Jungle AC" HashKey="0A810A0A810A0A8181">
    <MapTiles>
      <MapTile TileID="172" AltIDMod="0" />
    </MapTiles>
    <StaticTiles />
  </TransInfo>
  <TransInfo Description="Rough Sand to Jungle SN" HashKey="0A810A818181818181">
    <MapTiles>
      <MapTile TileID="644" AltIDMod="0" />
    </MapTiles>
    <StaticTiles />
  </TransInfo>
  <TransInfo Description="Rough Sand to Jungle AC" HashKey="0A810A81810A0A0A0A">
    <MapTiles>
      <MapTile TileID="172" AltIDMod="0" />
    </MapTiles>
    <StaticTiles />
  </TransInfo>
  <TransInfo Description="Rough Sand to Jungle AC" HashKey="0A0A8181810A0A8181">
    <MapTiles>
      <MapTile TileID="172" AltIDMod="0" />
    </MapTiles>
    <StaticTiles />
  </TransInfo>
  <TransInfo Description="Rough Sand to Jungle AC" HashKey="810A81818181810A81">
    <MapTiles>
      <MapTile TileID="172" AltIDMod="0" />
    </MapTiles>
    <StaticTiles />
  </TransInfo>
  <TransInfo Description="Rough Sand to Jungle AC" HashKey="0A81810A810A0A810A">
    <MapTiles>
      <MapTile TileID="172" AltIDMod="0" />
    </MapTiles>
    <StaticTiles />
  </TransInfo>
  <TransInfo Description="Rough Sand to Jungle SWA" HashKey="810A8181810A818181">
    <MapTiles>
      <MapTile TileID="649" AltIDMod="0" />
    </MapTiles>
    <StaticTiles />
  </TransInfo>
  <TransInfo Description="Rough Sand to Jungle AC" HashKey="810A818181810A0A0A">
    <MapTiles>
      <MapTile TileID="172" AltIDMod="0" />
    </MapTiles>
    <StaticTiles />
  </TransInfo>
  <TransInfo Description="Rough Sand to Jungle AC" HashKey="0A0A0A0A81810A810A">
    <MapTiles>
      <MapTile TileID="172" AltIDMod="0" />
    </MapTiles>
    <StaticTiles />
  </TransInfo>
  <TransInfo Description="Rough Sand to Jungle AC" HashKey="0A0A0A0A8181810A81">
    <MapTiles>
      <MapTile TileID="172" AltIDMod="0" />
    </MapTiles>
    <StaticTiles />
  </TransInfo>
  <TransInfo Description="Rough Sand to Jungle AC" HashKey="0A0A0A81810A0A0A81">
    <MapTiles>
      <MapTile TileID="172" AltIDMod="0" />
    </MapTiles>
    <StaticTiles />
  </TransInfo>
  <TransInfo Description="Rough Sand to Jungle AC" HashKey="0A0A0A0A810A0A810A">
    <MapTiles>
      <MapTile TileID="172" AltIDMod="0" />
    </MapTiles>
    <StaticTiles />
  </TransInfo>
  <TransInfo Description="Rough Sand to Jungle AC" HashKey="0A0A0A8181810A810A">
    <MapTiles>
      <MapTile TileID="172" AltIDMod="0" />
    </MapTiles>
    <StaticTiles />
  </TransInfo>
  <TransInfo Description="Rough Sand to Jungle NS" HashKey="8181818181810A0A0A">
    <MapTiles>
      <MapTile TileID="642" AltIDMod="0" />
    </MapTiles>
    <StaticTiles />
  </TransInfo>
  <TransInfo Description="Rough Sand to Jungle AC" HashKey="0A0A0A0A810A0A8181">
    <MapTiles>
      <MapTile TileID="172" AltIDMod="0" />
    </MapTiles>
    <StaticTiles />
  </TransInfo>
  <TransInfo Description="Rough Sand to Jungle WE" HashKey="81818181810A818181">
    <MapTiles>
      <MapTile TileID="643" AltIDMod="0" />
    </MapTiles>
    <StaticTiles />
  </TransInfo>
  <TransInfo Description="Rough Sand to Jungle NS" HashKey="818181818181810A81">
    <MapTiles>
      <MapTile TileID="642" AltIDMod="0" />
    </MapTiles>
    <StaticTiles />
  </TransInfo>
  <TransInfo Description="Rough Sand to Jungle AC" HashKey="810A0A81810A0A810A">
    <MapTiles>
      <MapTile TileID="172" AltIDMod="0" />
    </MapTiles>
    <StaticTiles />
  </TransInfo>
  <TransInfo Description="Rough Sand to Jungle AC" HashKey="0A818181810A0A0A0A">
    <MapTiles>
      <MapTile TileID="172" AltIDMod="0" />
    </MapTiles>
    <StaticTiles />
  </TransInfo>
  <TransInfo Description="Rough Sand to Jungle NEA" HashKey="0A81810A81810A0A81">
    <MapTiles>
      <MapTile TileID="648" AltIDMod="0" />
    </MapTiles>
    <StaticTiles />
  </TransInfo>
  <TransInfo Description="Rough Sand to Jungle AC" HashKey="0A818181810A810A81">
    <MapTiles>
      <MapTile TileID="172" AltIDMod="0" />
    </MapTiles>
    <StaticTiles />
  </TransInfo>
  <TransInfo Description="Rough Sand to Jungle AC" HashKey="0A81810A810A81810A">
    <MapTiles>
      <MapTile TileID="172" AltIDMod="0" />
    </MapTiles>
    <StaticTiles />
  </TransInfo>
  <TransInfo Description="Rough Sand to Jungle NEA" HashKey="0A81810A8181810A0A">
    <MapTiles>
      <MapTile TileID="648" AltIDMod="0" />
    </MapTiles>
    <StaticTiles />
  </TransInfo>
  <TransInfo Description="Rough Sand to Jungle NEA" HashKey="8181810A8181810A81">
    <MapTiles>
      <MapTile TileID="648" AltIDMod="0" />
    </MapTiles>
    <StaticTiles />
  </TransInfo>
  <TransInfo Description="Rough Sand to Jungle AC" HashKey="8181810A810A818181">
    <MapTiles>
      <MapTile TileID="172" AltIDMod="0" />
    </MapTiles>
    <StaticTiles />
  </TransInfo>
  <TransInfo Description="Rough Sand to Jungle AC" HashKey="0A0A0A8181810A0A0A">
    <MapTiles>
      <MapTile TileID="172" AltIDMod="0" />
    </MapTiles>
    <StaticTiles />
  </TransInfo>
  <TransInfo Description="Rough Sand to Jungle NEA" HashKey="8181810A81810A0A0A">
    <MapTiles>
      <MapTile TileID="648" AltIDMod="0" />
    </MapTiles>
    <StaticTiles />
  </TransInfo>
  <TransInfo Description="Rough Sand to Jungle AC" HashKey="0A818181810A810A0A">
    <MapTiles>
      <MapTile TileID="172" AltIDMod="0" />
    </MapTiles>
    <StaticTiles />
  </TransInfo>
  <TransInfo Description="Rough Sand to Jungle AC" HashKey="8181810A810A0A8181">
    <MapTiles>
      <MapTile TileID="172" AltIDMod="0" />
    </MapTiles>
    <StaticTiles />
  </TransInfo>
  <TransInfo Description="Rough Sand to Jungle AC" HashKey="810A0A0A8181810A0A">
    <MapTiles>
      <MapTile TileID="172" AltIDMod="0" />
    </MapTiles>
    <StaticTiles />
  </TransInfo>
  <TransInfo Description="Rough Sand to Jungle AC" HashKey="810A0A0A810A81810A">
    <MapTiles>
      <MapTile TileID="172" AltIDMod="0" />
    </MapTiles>
    <StaticTiles />
  </TransInfo>
  <TransInfo Description="Rough Sand to Jungle AC" HashKey="810A0A81810A810A81">
    <MapTiles>
      <MapTile TileID="172" AltIDMod="0" />
    </MapTiles>
    <StaticTiles />
  </TransInfo>
  <TransInfo Description="Rough Sand to Jungle SN" HashKey="810A0A818181818181">
    <MapTiles>
      <MapTile TileID="644" AltIDMod="0" />
    </MapTiles>
    <StaticTiles />
  </TransInfo>
  <TransInfo Description="Rough Sand to Jungle AC" HashKey="810A0A81810A0A0A0A">
    <MapTiles>
      <MapTile TileID="172" AltIDMod="0" />
    </MapTiles>
    <StaticTiles />
  </TransInfo>
  <TransInfo Description="Rough Sand to Jungle AC" HashKey="0A0A810A810A0A0A0A">
    <MapTiles>
      <MapTile TileID="172" AltIDMod="0" />
    </MapTiles>
    <StaticTiles />
  </TransInfo>
  <TransInfo Description="Rough Sand to Jungle AC" HashKey="0A810A81810A810A0A">
    <MapTiles>
      <MapTile TileID="172" AltIDMod="0" />
    </MapTiles>
    <StaticTiles />
  </TransInfo>
  <TransInfo Description="Rough Sand to Jungle SEA" HashKey="0A0A810A8181818181">
    <MapTiles>
      <MapTile TileID="646" AltIDMod="0" />
    </MapTiles>
    <StaticTiles />
  </TransInfo>
  <TransInfo Description="Rough Sand to Jungle AC" HashKey="0A0A810A81810A0A81">
    <MapTiles>
      <MapTile TileID="172" AltIDMod="0" />
    </MapTiles>
    <StaticTiles />
  </TransInfo>
  <TransInfo Description="Rough Sand to Jungle AC" HashKey="810A0A0A810A810A0A">
    <MapTiles>
      <MapTile TileID="172" AltIDMod="0" />
    </MapTiles>
    <StaticTiles />
  </TransInfo>
  <TransInfo Description="Rough Sand to Jungle SWA" HashKey="0A0A0A81818181810A">
    <MapTiles>
      <MapTile TileID="649" AltIDMod="0" />
    </MapTiles>
    <StaticTiles />
  </TransInfo>
  <TransInfo Description="Rough Sand to Jungle AC" HashKey="0A0A0A8181810A0A81">
    <MapTiles>
      <MapTile TileID="172" AltIDMod="0" />
    </MapTiles>
    <StaticTiles />
  </TransInfo>
  <TransInfo Description="Rough Sand to Jungle AC" HashKey="0A0A81818181810A0A">
    <MapTiles>
      <MapTile TileID="172" AltIDMod="0" />
    </MapTiles>
    <StaticTiles />
  </TransInfo>
  <TransInfo Description="Rough Sand to Jungle AC" HashKey="0A0A0A0A810A810A0A">
    <MapTiles>
      <MapTile TileID="172" AltIDMod="0" />
    </MapTiles>
    <StaticTiles />
  </TransInfo>
  <TransInfo Description="Rough Sand to Jungle NWA" HashKey="81810A81810A0A0A81">
    <MapTiles>
      <MapTile TileID="647" AltIDMod="0" />
    </MapTiles>
    <StaticTiles />
  </TransInfo>
  <TransInfo Description="Rough Sand to Jungle AC" HashKey="810A810A810A81810A">
    <MapTiles>
      <MapTile TileID="172" AltIDMod="0" />
    </MapTiles>
    <StaticTiles />
  </TransInfo>
  <TransInfo Description="Rough Sand to Jungle NWA" HashKey="81810A8181810A810A">
    <MapTiles>
      <MapTile TileID="647" AltIDMod="0" />
    </MapTiles>
    <StaticTiles />
  </TransInfo>
  <TransInfo Description="Rough Sand to Jungle WE" HashKey="81810A81818181810A">
    <MapTiles>
      <MapTile TileID="643" AltIDMod="0" />
    </MapTiles>
    <StaticTiles />
  </TransInfo>
  <TransInfo Description="Rough Sand to Jungle AC" HashKey="81810A0A810A810A81">
    <MapTiles>
      <MapTile TileID="172" AltIDMod="0" />
    </MapTiles>
    <StaticTiles />
  </TransInfo>
  <TransInfo Description="Rough Sand to Jungle NWA" HashKey="81810A81810A810A0A">
    <MapTiles>
      <MapTile TileID="647" AltIDMod="0" />
    </MapTiles>
    <StaticTiles />
  </TransInfo>
  <TransInfo Description="Rough Sand to Jungle SEA" HashKey="81810A0A8181818181">
    <MapTiles>
      <MapTile TileID="646" AltIDMod="0" />
    </MapTiles>
    <StaticTiles />
  </TransInfo>
  <TransInfo Description="Rough Sand to Jungle SWA" HashKey="0A810A81810A818181">
    <MapTiles>
      <MapTile TileID="649" AltIDMod="0" />
    </MapTiles>
    <StaticTiles />
  </TransInfo>
  <TransInfo Description="Rough Sand to Jungle AC" HashKey="0A810A818181810A81">
    <MapTiles>
      <MapTile TileID="172" AltIDMod="0" />
    </MapTiles>
    <StaticTiles />
  </TransInfo>
  <TransInfo Description="Rough Sand to Jungle AC" HashKey="810A8181810A0A0A0A">
    <MapTiles>
      <MapTile TileID="172" AltIDMod="0" />
    </MapTiles>
    <StaticTiles />
  </TransInfo>
  <TransInfo Description="Rough Sand to Jungle SN" HashKey="810A81818181818181">
    <MapTiles>
      <MapTile TileID="644" AltIDMod="0" />
    </MapTiles>
    <StaticTiles />
  </TransInfo>
  <TransInfo Description="Rough Sand to Jungle AC" HashKey="810A8181810A810A81">
    <MapTiles>
      <MapTile TileID="172" AltIDMod="0" />
    </MapTiles>
    <StaticTiles />
  </TransInfo>
  <TransInfo Description="Rough Sand to Jungle AC" HashKey="810A810A818181810A">
    <MapTiles>
      <MapTile TileID="172" AltIDMod="0" />
    </MapTiles>
    <StaticTiles />
  </TransInfo>
  <TransInfo Description="Rough Sand to Jungle AC" HashKey="810A810A81810A810A">
    <MapTiles>
      <MapTile TileID="172" AltIDMod="0" />
    </MapTiles>
    <StaticTiles />
  </TransInfo>
  <TransInfo Description="Rough Sand to Jungle AC" HashKey="810A0A8181810A0A81">
    <MapTiles>
      <MapTile TileID="172" AltIDMod="0" />
    </MapTiles>
    <StaticTiles />
  </TransInfo>
  <TransInfo Description="Rough Sand to Jungle SWA" HashKey="810A0A81818181810A">
    <MapTiles>
      <MapTile TileID="649" AltIDMod="0" />
    </MapTiles>
    <StaticTiles />
  </TransInfo>
  <TransInfo Description="Rough Sand to Jungle AC" HashKey="0A0A0A81810A0A8181">
    <MapTiles>
      <MapTile TileID="172" AltIDMod="0" />
    </MapTiles>
    <StaticTiles />
  </TransInfo>
  <TransInfo Description="Rough Sand to Jungle SEA" HashKey="0A810A0A81810A8181">
    <MapTiles>
      <MapTile TileID="646" AltIDMod="0" />
    </MapTiles>
    <StaticTiles />
  </TransInfo>
  <TransInfo Description="Rough Sand to Jungle AC" HashKey="0A810A0A810A818181">
    <MapTiles>
      <MapTile TileID="172" AltIDMod="0" />
    </MapTiles>
    <StaticTiles />
  </TransInfo>
  <TransInfo Description="Rough Sand to Jungle AC" HashKey="0A0A0A0A810A0A0A81">
    <MapTiles>
      <MapTile TileID="172" AltIDMod="0" />
    </MapTiles>
    <StaticTiles />
  </TransInfo>
  <TransInfo Description="Rough Sand to Jungle AC" HashKey="0A810A0A810A0A810A">
    <MapTiles>
      <MapTile TileID="172" AltIDMod="0" />
    </MapTiles>
    <StaticTiles />
  </TransInfo>
  <TransInfo Description="Rough Sand to Jungle AC" HashKey="0A0A0A81810A810A81">
    <MapTiles>
      <MapTile TileID="172" AltIDMod="0" />
    </MapTiles>
    <StaticTiles />
  </TransInfo>
  <TransInfo Description="Rough Sand to Jungle SWA" HashKey="0A0A8181810A81810A">
    <MapTiles>
      <MapTile TileID="649" AltIDMod="0" />
    </MapTiles>
    <StaticTiles />
  </TransInfo>
  <TransInfo Description="Rough Sand to Jungle EW" HashKey="0A81810A81810A8181">
    <MapTiles>
      <MapTile TileID="645" AltIDMod="0" />
    </MapTiles>
    <StaticTiles />
  </TransInfo>
  <TransInfo Description="Rough Sand to Jungle AC" HashKey="8181810A810A0A0A0A">
    <MapTiles>
      <MapTile TileID="172" AltIDMod="0" />
    </MapTiles>
    <StaticTiles />
  </TransInfo>
  <TransInfo Description="Rough Sand to Jungle SEA" HashKey="0A0A0A8181810A8181">
    <MapTiles>
      <MapTile TileID="646" AltIDMod="0" />
    </MapTiles>
    <StaticTiles />
  </TransInfo>
  <TransInfo Description="Rough Sand to Jungle EW" HashKey="8181810A8181818181">
    <MapTiles>
      <MapTile TileID="645" AltIDMod="0" />
    </MapTiles>
    <StaticTiles />
  </TransInfo>
  <TransInfo Description="Rough Sand to Jungle NWA" HashKey="81818181810A0A810A">
    <MapTiles>
      <MapTile TileID="647" AltIDMod="0" />
    </MapTiles>
    <StaticTiles />
  </TransInfo>
  <TransInfo Description="Rough Sand to Jungle WE" HashKey="81818181810A81810A">
    <MapTiles>
      <MapTile TileID="643" AltIDMod="0" />
    </MapTiles>
    <StaticTiles />
  </TransInfo>
  <TransInfo Description="Rough Sand to Jungle NS" HashKey="818181818181810A0A">
    <MapTiles>
      <MapTile TileID="642" AltIDMod="0" />
    </MapTiles>
    <StaticTiles />
  </TransInfo>
  <TransInfo Description="Rough Sand to Jungle AC" HashKey="0A818181810A0A0A81">
    <MapTiles>
      <MapTile TileID="172" AltIDMod="0" />
    </MapTiles>
    <StaticTiles />
  </TransInfo>
  <TransInfo Description="Rough Sand to Jungle NEA" HashKey="0A81818181810A810A">
    <MapTiles>
      <MapTile TileID="648" AltIDMod="0" />
    </MapTiles>
    <StaticTiles />
  </TransInfo>
  <TransInfo Description="Rough Sand to Jungle AC" HashKey="810A0A8181810A0A0A">
    <MapTiles>
      <MapTile TileID="172" AltIDMod="0" />
    </MapTiles>
    <StaticTiles />
  </TransInfo>
  <TransInfo Description="Rough Sand to Jungle AC" HashKey="0A0A0A81810A0A810A">
    <MapTiles>
      <MapTile TileID="172" AltIDMod="0" />
    </MapTiles>
    <StaticTiles />
  </TransInfo>
  <TransInfo Description="Rough Sand to Jungle AC" HashKey="0A81810A810A0A8181">
    <MapTiles>
      <MapTile TileID="172" AltIDMod="0" />
    </MapTiles>
    <StaticTiles />
  </TransInfo>
  <TransInfo Description="Rough Sand to Jungle SWA" HashKey="810A0A81810A818181">
    <MapTiles>
      <MapTile TileID="649" AltIDMod="0" />
    </MapTiles>
    <StaticTiles />
  </TransInfo>
  <TransInfo Description="Rough Sand to Jungle AC" HashKey="810A0A818181810A81">
    <MapTiles>
      <MapTile TileID="172" AltIDMod="0" />
    </MapTiles>
    <StaticTiles />
  </TransInfo>
  <TransInfo Description="Rough Sand to Jungle AC" HashKey="81810A0A810A0A810A">
    <MapTiles>
      <MapTile TileID="172" AltIDMod="0" />
    </MapTiles>
    <StaticTiles />
  </TransInfo>
  <TransInfo Description="Rough Sand to Jungle AC" HashKey="810A0A0A8181810A81">
    <MapTiles>
      <MapTile TileID="172" AltIDMod="0" />
    </MapTiles>
    <StaticTiles />
  </TransInfo>
  <TransInfo Description="Rough Sand to Jungle SEA" HashKey="0A0A818181810A8181">
    <MapTiles>
      <MapTile TileID="646" AltIDMod="0" />
    </MapTiles>
    <StaticTiles />
  </TransInfo>
  <TransInfo Description="Rough Sand to Jungle AC" HashKey="0A810A0A810A81810A">
    <MapTiles>
      <MapTile TileID="172" AltIDMod="0" />
    </MapTiles>
    <StaticTiles />
  </TransInfo>
  <TransInfo Description="Rough Sand to Jungle AC" HashKey="810A8181810A0A810A">
    <MapTiles>
      <MapTile TileID="172" AltIDMod="0" />
    </MapTiles>
    <StaticTiles />
  </TransInfo>
  <TransInfo Description="Rough Sand to Jungle NWA" HashKey="81810A81810A0A8181">
    <MapTiles>
      <MapTile TileID="647" AltIDMod="0" />
    </MapTiles>
    <StaticTiles />
  </TransInfo>
  <TransInfo Description="Rough Sand to Jungle AC" HashKey="81810A0A81810A0A0A">
    <MapTiles>
      <MapTile TileID="172" AltIDMod="0" />
    </MapTiles>
    <StaticTiles />
  </TransInfo>
  <TransInfo Description="Rough Sand to Jungle AC" HashKey="8181810A810A810A81">
    <MapTiles>
      <MapTile TileID="172" AltIDMod="0" />
    </MapTiles>
    <StaticTiles />
  </TransInfo>
  <TransInfo Description="Rough Sand to Jungle AC" HashKey="810A0A0A810A818181">
    <MapTiles>
      <MapTile TileID="172" AltIDMod="0" />
    </MapTiles>
    <StaticTiles />
  </TransInfo>
  <TransInfo Description="Rough Sand to Jungle AC" HashKey="81810A0A810A818181">
    <MapTiles>
      <MapTile TileID="172" AltIDMod="0" />
    </MapTiles>
    <StaticTiles />
  </TransInfo>
  <TransInfo Description="Rough Sand to Jungle AC" HashKey="81810A0A810A0A0A81">
    <MapTiles>
      <MapTile TileID="172" AltIDMod="0" />
    </MapTiles>
    <StaticTiles />
  </TransInfo>
  <TransInfo Description="Rough Sand to Jungle AC" HashKey="81810A0A8181810A81">
    <MapTiles>
      <MapTile TileID="172" AltIDMod="0" />
    </MapTiles>
    <StaticTiles />
  </TransInfo>
  <TransInfo Description="Rough Sand to Jungle AC" HashKey="0A0A0A0A81810A0A0A">
    <MapTiles>
      <MapTile TileID="172" AltIDMod="0" />
    </MapTiles>
    <StaticTiles />
  </TransInfo>
  <TransInfo Description="Rough Sand to Jungle AC" HashKey="81810A0A810A0A8181">
    <MapTiles>
      <MapTile TileID="172" AltIDMod="0" />
    </MapTiles>
    <StaticTiles />
  </TransInfo>
  <TransInfo Description="Rough Sand to Jungle AC" HashKey="0A0A810A810A0A0A81">
    <MapTiles>
      <MapTile TileID="172" AltIDMod="0" />
    </MapTiles>
    <StaticTiles />
  </TransInfo>
  <TransInfo Description="Rough Sand to Jungle AC" HashKey="0A0A810A818181810A">
    <MapTiles>
      <MapTile TileID="172" AltIDMod="0" />
    </MapTiles>
    <StaticTiles />
  </TransInfo>
  <TransInfo Description="Rough Sand to Jungle AC" HashKey="0A0A810A81810A0A0A">
    <MapTiles>
      <MapTile TileID="172" AltIDMod="0" />
    </MapTiles>
    <StaticTiles />
  </TransInfo>
  <TransInfo Description="Rough Sand to Jungle AC" HashKey="0A810A81810A0A810A">
    <MapTiles>
      <MapTile TileID="172" AltIDMod="0" />
    </MapTiles>
    <StaticTiles />
  </TransInfo>
  <TransInfo Description="Rough Sand to Jungle AC" HashKey="0A0A810A810A810A0A">
    <MapTiles>
      <MapTile TileID="172" AltIDMod="0" />
    </MapTiles>
    <StaticTiles />
  </TransInfo>
  <TransInfo Description="Rough Sand to Jungle AC" HashKey="0A810A0A8181810A0A">
    <MapTiles>
      <MapTile TileID="172" AltIDMod="0" />
    </MapTiles>
    <StaticTiles />
  </TransInfo>
  <TransInfo Description="Rough Sand to Jungle AC" HashKey="0A810A0A810A0A0A0A">
    <MapTiles>
      <MapTile TileID="172" AltIDMod="0" />
    </MapTiles>
    <StaticTiles />
  </TransInfo>
  <TransInfo Description="Rough Sand to Jungle AC" HashKey="81810A0A818181810A">
    <MapTiles>
      <MapTile TileID="172" AltIDMod="0" />
    </MapTiles>
    <StaticTiles />
  </TransInfo>
  <TransInfo Description="Rough Sand to Jungle AC" HashKey="0A810A8181810A0A81">
    <MapTiles>
      <MapTile TileID="172" AltIDMod="0" />
    </MapTiles>
    <StaticTiles />
  </TransInfo>
  <TransInfo Description="Rough Sand to Jungle AC" HashKey="0A810A0A81810A0A81">
    <MapTiles>
      <MapTile TileID="172" AltIDMod="0" />
    </MapTiles>
    <StaticTiles />
  </TransInfo>
  <TransInfo Description="Rough Sand to Jungle AC" HashKey="0A810A0A810A810A81">
    <MapTiles>
      <MapTile TileID="172" AltIDMod="0" />
    </MapTiles>
    <StaticTiles />
  </TransInfo>
  <TransInfo Description="Rough Sand to Jungle SWA" HashKey="0A810A81810A81810A">
    <MapTiles>
      <MapTile TileID="649" AltIDMod="0" />
    </MapTiles>
    <StaticTiles />
  </TransInfo>
  <TransInfo Description="Rough Sand to Jungle AC" HashKey="0A810A818181810A0A">
    <MapTiles>
      <MapTile TileID="172" AltIDMod="0" />
    </MapTiles>
    <StaticTiles />
  </TransInfo>
  <TransInfo Description="Rough Sand to Jungle AC" HashKey="810A8181810A0A0A81">
    <MapTiles>
      <MapTile TileID="172" AltIDMod="0" />
    </MapTiles>
    <StaticTiles />
  </TransInfo>
  <TransInfo Description="Rough Sand to Jungle AC" HashKey="810A818181810A810A">
    <MapTiles>
      <MapTile TileID="172" AltIDMod="0" />
    </MapTiles>
    <StaticTiles />
  </TransInfo>
  <TransInfo Description="Rough Sand to Jungle SWA" HashKey="810A8181818181810A">
    <MapTiles>
      <MapTile TileID="649" AltIDMod="0" />
    </MapTiles>
    <StaticTiles />
  </TransInfo>
  <TransInfo Description="Rough Sand to Jungle AC" HashKey="810A810A810A0A8181">
    <MapTiles>
      <MapTile TileID="172" AltIDMod="0" />
    </MapTiles>
    <StaticTiles />
  </TransInfo>
  <TransInfo Description="Rough Sand to Jungle SEA" HashKey="810A810A8181818181">
    <MapTiles>
      <MapTile TileID="646" AltIDMod="0" />
    </MapTiles>
    <StaticTiles />
  </TransInfo>
  <TransInfo Description="Rough Sand to Jungle AC" HashKey="0A0A8181810A0A810A">
    <MapTiles>
      <MapTile TileID="172" AltIDMod="0" />
    </MapTiles>
    <StaticTiles />
  </TransInfo>
  <TransInfo Description="Rough Sand to Jungle AC" HashKey="0A0A0A818181810A0A">
    <MapTiles>
      <MapTile TileID="172" AltIDMod="0" />
    </MapTiles>
    <StaticTiles />
  </TransInfo>
  <TransInfo Description="Rough Sand to Jungle AC" HashKey="810A0A0A81810A0A81">
    <MapTiles>
      <MapTile TileID="172" AltIDMod="0" />
    </MapTiles>
    <StaticTiles />
  </TransInfo>
  <TransInfo Description="Rough Sand to Jungle SWA" HashKey="0A0A0A81810A81810A">
    <MapTiles>
      <MapTile TileID="649" AltIDMod="0" />
    </MapTiles>
    <StaticTiles />
  </TransInfo>
  <TransInfo Description="Rough Sand to Jungle AC" HashKey="0A0A0A0A810A810A81">
    <MapTiles>
      <MapTile TileID="172" AltIDMod="0" />
    </MapTiles>
    <StaticTiles />
  </TransInfo>
  <TransInfo Description="Rough Sand to Jungle SEA" HashKey="0A0A0A0A8181818181">
    <MapTiles>
      <MapTile TileID="646" AltIDMod="0" />
    </MapTiles>
    <StaticTiles />
  </TransInfo>
  <TransInfo Description="Rough Sand to Jungle SWB" HashKey="8181818181810A8181">
    <MapTiles>
      <MapTile TileID="653" AltIDMod="0" />
    </MapTiles>
    <StaticTiles />
  </TransInfo>
</Trans>