﻿<?xml version="1.0" encoding="utf-8"?>
<Trans>
    <TransInfo Description="Large Dirt to Grass Without Static SN" HashKey="3E3E3E070707070707">
    <MapTiles>
      <MapTile TileID="139" AltIDMod="0" />
      <MapTile TileID="140" AltIDMod="0" />
    </MapTiles>
    <StaticTiles />
  </TransInfo>
  <TransInfo Description="Large Dirt to Grass Without Static SN" HashKey="073E3E070707070707">
    <MapTiles>
      <MapTile TileID="139" AltIDMod="0" />
      <MapTile TileID="140" AltIDMod="0" />
    </MapTiles>
    <StaticTiles />
  </TransInfo>
  <TransInfo Description="Large Dirt to Grass Without Static SN" HashKey="3E3E07070707070707">
    <MapTiles>
      <MapTile TileID="139" AltIDMod="0" />
      <MapTile TileID="140" AltIDMod="0" />
    </MapTiles>
    <StaticTiles />
  </TransInfo>
  <TransInfo Description="Large Dirt to Grass Without Static SN" HashKey="073E07070707070707">
    <MapTiles>
      <MapTile TileID="139" AltIDMod="0" />
      <MapTile TileID="140" AltIDMod="0" />
    </MapTiles>
    <StaticTiles />
  </TransInfo>
  <TransInfo Description="Large Dirt to Grass Without Static SN" HashKey="3E073E070707070707">
    <MapTiles>
      <MapTile TileID="139" AltIDMod="0" />
      <MapTile TileID="140" AltIDMod="0" />
    </MapTiles>
    <StaticTiles />
  </TransInfo>
  <TransInfo Description="Large Dirt to Grass Without Static EW" HashKey="3E07073E07073E0707">
    <MapTiles>
      <MapTile TileID="137" AltIDMod="0" />
      <MapTile TileID="138" AltIDMod="0" />
    </MapTiles>
    <StaticTiles />
  </TransInfo>
  <TransInfo Description="Large Dirt to Grass Without Static EW" HashKey="3E07073E0707070707">
    <MapTiles>
      <MapTile TileID="137" AltIDMod="0" />
      <MapTile TileID="138" AltIDMod="0" />
    </MapTiles>
    <StaticTiles />
  </TransInfo>
  <TransInfo Description="Large Dirt to Grass Without Static EW" HashKey="0707073E07073E0707">
    <MapTiles>
      <MapTile TileID="137" AltIDMod="0" />
      <MapTile TileID="138" AltIDMod="0" />
    </MapTiles>
    <StaticTiles />
  </TransInfo>
  <TransInfo Description="Large Dirt to Grass Without Static EW" HashKey="0707073E0707070707">
    <MapTiles>
      <MapTile TileID="137" AltIDMod="0" />
      <MapTile TileID="138" AltIDMod="0" />
    </MapTiles>
    <StaticTiles />
  </TransInfo>
  <TransInfo Description="Large Dirt to Grass Without Static EW" HashKey="3E07070707073E0707">
    <MapTiles>
      <MapTile TileID="137" AltIDMod="0" />
      <MapTile TileID="138" AltIDMod="0" />
    </MapTiles>
    <StaticTiles />
  </TransInfo>
  <TransInfo Description="Large Dirt to Grass Without Static WE" HashKey="07073E07073E07073E">
    <MapTiles>
      <MapTile TileID="135" AltIDMod="0" />
      <MapTile TileID="136" AltIDMod="0" />
    </MapTiles>
    <StaticTiles />
  </TransInfo>
  <TransInfo Description="Large Dirt to Grass Without Static WE" HashKey="07070707073E07073E">
    <MapTiles>
      <MapTile TileID="135" AltIDMod="0" />
      <MapTile TileID="136" AltIDMod="0" />
    </MapTiles>
    <StaticTiles />
  </TransInfo>
  <TransInfo Description="Large Dirt to Grass Without Static WE" HashKey="07073E07073E070707">
    <MapTiles>
      <MapTile TileID="135" AltIDMod="0" />
      <MapTile TileID="136" AltIDMod="0" />
    </MapTiles>
    <StaticTiles />
  </TransInfo>
  <TransInfo Description="Large Dirt to Grass Without Static WE" HashKey="07070707073E070707">
    <MapTiles>
      <MapTile TileID="135" AltIDMod="0" />
      <MapTile TileID="136" AltIDMod="0" />
    </MapTiles>
    <StaticTiles />
  </TransInfo>
  <TransInfo Description="Large Dirt to Grass Without Static WE" HashKey="07073E07070707073E">
    <MapTiles>
      <MapTile TileID="135" AltIDMod="0" />
      <MapTile TileID="136" AltIDMod="0" />
    </MapTiles>
    <StaticTiles />
  </TransInfo>
  <TransInfo Description="Large Dirt to Grass Without Static NS" HashKey="0707070707073E3E3E">
    <MapTiles>
      <MapTile TileID="133" AltIDMod="0" />
      <MapTile TileID="134" AltIDMod="0" />
    </MapTiles>
    <StaticTiles />
  </TransInfo>
  <TransInfo Description="Large Dirt to Grass Without Static NS" HashKey="0707070707073E3E07">
    <MapTiles>
      <MapTile TileID="133" AltIDMod="0" />
      <MapTile TileID="134" AltIDMod="0" />
    </MapTiles>
    <StaticTiles />
  </TransInfo>
  <TransInfo Description="Large Dirt to Grass Without Static NS" HashKey="070707070707073E3E">
    <MapTiles>
      <MapTile TileID="133" AltIDMod="0" />
      <MapTile TileID="134" AltIDMod="0" />
    </MapTiles>
    <StaticTiles />
  </TransInfo>
  <TransInfo Description="Large Dirt to Grass Without Static NS" HashKey="070707070707073E07">
    <MapTiles>
      <MapTile TileID="133" AltIDMod="0" />
      <MapTile TileID="134" AltIDMod="0" />
    </MapTiles>
    <StaticTiles />
  </TransInfo>
  <TransInfo Description="Large Dirt to Grass Without Static NS" HashKey="0707070707073E073E">
    <MapTiles>
      <MapTile TileID="133" AltIDMod="0" />
      <MapTile TileID="134" AltIDMod="0" />
    </MapTiles>
    <StaticTiles />
  </TransInfo>
  <TransInfo Description="Large Dirt to Grass Without Static NWA" HashKey="07073E07073E3E3E3E">
    <MapTiles>
      <MapTile TileID="126" AltIDMod="0" />
    </MapTiles>
    <StaticTiles />
  </TransInfo>
  <TransInfo Description="Large Dirt to Grass Without Static NWA" HashKey="07070707073E3E3E3E">
    <MapTiles>
      <MapTile TileID="126" AltIDMod="0" />
    </MapTiles>
    <StaticTiles />
  </TransInfo>
  <TransInfo Description="Large Dirt to Grass Without Static NWA" HashKey="07073E07073E073E3E">
    <MapTiles>
      <MapTile TileID="126" AltIDMod="0" />
    </MapTiles>
    <StaticTiles />
  </TransInfo>
  <TransInfo Description="Large Dirt to Grass Without Static NWA" HashKey="07070707073E073E3E">
    <MapTiles>
      <MapTile TileID="126" AltIDMod="0" />
    </MapTiles>
    <StaticTiles />
  </TransInfo>
  <TransInfo Description="Large Dirt to Grass Without Static NWA" HashKey="07070707073E073E07">
    <MapTiles>
      <MapTile TileID="126" AltIDMod="0" />
    </MapTiles>
    <StaticTiles />
  </TransInfo>
  <TransInfo Description="Large Dirt to Grass Without Static NWA" HashKey="07073E070707073E3E">
    <MapTiles>
      <MapTile TileID="126" AltIDMod="0" />
    </MapTiles>
    <StaticTiles />
  </TransInfo>
  <TransInfo Description="Large Dirt to Grass Without Static NWA" HashKey="07073E0707073E3E3E">
    <MapTiles>
      <MapTile TileID="126" AltIDMod="0" />
    </MapTiles>
    <StaticTiles />
  </TransInfo>
  <TransInfo Description="Large Dirt to Grass Without Static NWA" HashKey="07073E0707073E3E07">
    <MapTiles>
      <MapTile TileID="126" AltIDMod="0" />
    </MapTiles>
    <StaticTiles />
  </TransInfo>
  <TransInfo Description="Large Dirt to Grass Without Static NWA" HashKey="07070707073E3E073E">
    <MapTiles>
      <MapTile TileID="126" AltIDMod="0" />
    </MapTiles>
    <StaticTiles />
  </TransInfo>
  <TransInfo Description="Large Dirt to Grass Without Static NWA" HashKey="07073E07073E3E073E">
    <MapTiles>
      <MapTile TileID="126" AltIDMod="0" />
    </MapTiles>
    <StaticTiles />
  </TransInfo>
  <TransInfo Description="Large Dirt to Grass Without Static NWA" HashKey="07073E07073E3E3E07">
    <MapTiles>
      <MapTile TileID="126" AltIDMod="0" />
    </MapTiles>
    <StaticTiles />
  </TransInfo>
  <TransInfo Description="Large Dirt to Grass Without Static NWA" HashKey="07073E07073E3E0707">
    <MapTiles>
      <MapTile TileID="126" AltIDMod="0" />
    </MapTiles>
    <StaticTiles />
  </TransInfo>
  <TransInfo Description="Large Dirt to Grass Without Static NWA" HashKey="07073E070707073E07">
    <MapTiles>
      <MapTile TileID="126" AltIDMod="0" />
    </MapTiles>
    <StaticTiles />
  </TransInfo>
  <TransInfo Description="Large Dirt to Grass Without Static NWA" HashKey="07070707073E3E0707">
    <MapTiles>
      <MapTile TileID="126" AltIDMod="0" />
    </MapTiles>
    <StaticTiles />
  </TransInfo>
  <TransInfo Description="Large Dirt to Grass Without Static NWA" HashKey="07073E07073E073E07">
    <MapTiles>
      <MapTile TileID="126" AltIDMod="0" />
    </MapTiles>
    <StaticTiles />
  </TransInfo>
  <TransInfo Description="Large Dirt to Grass Without Static NWA" HashKey="07073E0707073E073E">
    <MapTiles>
      <MapTile TileID="126" AltIDMod="0" />
    </MapTiles>
    <StaticTiles />
  </TransInfo>
  <TransInfo Description="Large Dirt to Grass Without Static NWA" HashKey="07070707073E3E3E07">
    <MapTiles>
      <MapTile TileID="126" AltIDMod="0" />
    </MapTiles>
    <StaticTiles />
  </TransInfo>
  <TransInfo Description="Large Dirt to Grass Without Static SEA" HashKey="3E3E3E3E07073E0707">
    <MapTiles>
      <MapTile TileID="125" AltIDMod="0" />
    </MapTiles>
    <StaticTiles />
  </TransInfo>
  <TransInfo Description="Large Dirt to Grass Without Static SEA" HashKey="3E3E073E07073E0707">
    <MapTiles>
      <MapTile TileID="125" AltIDMod="0" />
    </MapTiles>
    <StaticTiles />
  </TransInfo>
  <TransInfo Description="Large Dirt to Grass Without Static SEA" HashKey="3E3E3E3E0707070707">
    <MapTiles>
      <MapTile TileID="125" AltIDMod="0" />
    </MapTiles>
    <StaticTiles />
  </TransInfo>
  <TransInfo Description="Large Dirt to Grass Without Static SEA" HashKey="3E3E073E0707070707">
    <MapTiles>
      <MapTile TileID="125" AltIDMod="0" />
    </MapTiles>
    <StaticTiles />
  </TransInfo>
  <TransInfo Description="Large Dirt to Grass Without Static SEA" HashKey="3E073E3E0707070707">
    <MapTiles>
      <MapTile TileID="125" AltIDMod="0" />
    </MapTiles>
    <StaticTiles />
  </TransInfo>
  <TransInfo Description="Large Dirt to Grass Without Static SEA" HashKey="3E3E070707073E0707">
    <MapTiles>
      <MapTile TileID="125" AltIDMod="0" />
    </MapTiles>
    <StaticTiles />
  </TransInfo>
  <TransInfo Description="Large Dirt to Grass Without Static SEA" HashKey="073E3E0707073E0707">
    <MapTiles>
      <MapTile TileID="125" AltIDMod="0" />
    </MapTiles>
    <StaticTiles />
  </TransInfo>
  <TransInfo Description="Large Dirt to Grass Without Static SEA" HashKey="3E073E0707073E0707">
    <MapTiles>
      <MapTile TileID="125" AltIDMod="0" />
    </MapTiles>
    <StaticTiles />
  </TransInfo>
  <TransInfo Description="Large Dirt to Grass Without Static SEA" HashKey="3E3E3E0707073E0707">
    <MapTiles>
      <MapTile TileID="125" AltIDMod="0" />
    </MapTiles>
    <StaticTiles />
  </TransInfo>
  <TransInfo Description="Large Dirt to Grass Without Static SEA" HashKey="073E073E0707070707">
    <MapTiles>
      <MapTile TileID="125" AltIDMod="0" />
    </MapTiles>
    <StaticTiles />
  </TransInfo>
  <TransInfo Description="Large Dirt to Grass Without Static SEA" HashKey="3E073E3E07073E0707">
    <MapTiles>
      <MapTile TileID="125" AltIDMod="0" />
    </MapTiles>
    <StaticTiles />
  </TransInfo>
  <TransInfo Description="Large Dirt to Grass Without Static SEA" HashKey="07073E3E07073E0707">
    <MapTiles>
      <MapTile TileID="125" AltIDMod="0" />
    </MapTiles>
    <StaticTiles />
  </TransInfo>
  <TransInfo Description="Large Dirt to Grass Without Static SEA" HashKey="073E3E3E07073E0707">
    <MapTiles>
      <MapTile TileID="125" AltIDMod="0" />
    </MapTiles>
    <StaticTiles />
  </TransInfo>
  <TransInfo Description="Large Dirt to Grass Without Static SEA" HashKey="07073E3E0707070707">
    <MapTiles>
      <MapTile TileID="125" AltIDMod="0" />
    </MapTiles>
    <StaticTiles />
  </TransInfo>
  <TransInfo Description="Large Dirt to Grass Without Static SEA" HashKey="073E073E07073E0707">
    <MapTiles>
      <MapTile TileID="125" AltIDMod="0" />
    </MapTiles>
    <StaticTiles />
  </TransInfo>
  <TransInfo Description="Large Dirt to Grass Without Static SEA" HashKey="073E070707073E0707">
    <MapTiles>
      <MapTile TileID="125" AltIDMod="0" />
    </MapTiles>
    <StaticTiles />
  </TransInfo>
  <TransInfo Description="Large Dirt to Grass Without Static SEA" HashKey="073E3E3E0707070707">
    <MapTiles>
      <MapTile TileID="125" AltIDMod="0" />
    </MapTiles>
    <StaticTiles />
  </TransInfo>
  <TransInfo Description="Large Dirt to Grass Without Static NEA" HashKey="3E07073E07073E3E3E">
    <MapTiles>
      <MapTile TileID="131" AltIDMod="0" />
    </MapTiles>
    <StaticTiles />
  </TransInfo>
  <TransInfo Description="Large Dirt to Grass Without Static NEA" HashKey="0707073E07073E3E3E">
    <MapTiles>
      <MapTile TileID="131" AltIDMod="0" />
    </MapTiles>
    <StaticTiles />
  </TransInfo>
  <TransInfo Description="Large Dirt to Grass Without Static NEA" HashKey="3E07073E07073E3E07">
    <MapTiles>
      <MapTile TileID="131" AltIDMod="0" />
    </MapTiles>
    <StaticTiles />
  </TransInfo>
  <TransInfo Description="Large Dirt to Grass Without Static NEA" HashKey="0707073E07073E3E07">
    <MapTiles>
      <MapTile TileID="131" AltIDMod="0" />
    </MapTiles>
    <StaticTiles />
  </TransInfo>
  <TransInfo Description="Large Dirt to Grass Without Static NEA" HashKey="0707073E0707073E07">
    <MapTiles>
      <MapTile TileID="131" AltIDMod="0" />
    </MapTiles>
    <StaticTiles />
  </TransInfo>
  <TransInfo Description="Large Dirt to Grass Without Static NEA" HashKey="3E07073E070707073E">
    <MapTiles>
      <MapTile TileID="131" AltIDMod="0" />
    </MapTiles>
    <StaticTiles />
  </TransInfo>
  <TransInfo Description="Large Dirt to Grass Without Static NEA" HashKey="3E07070707073E3E3E">
    <MapTiles>
      <MapTile TileID="131" AltIDMod="0" />
    </MapTiles>
    <StaticTiles />
  </TransInfo>
  <TransInfo Description="Large Dirt to Grass Without Static NEA" HashKey="3E07070707073E3E07">
    <MapTiles>
      <MapTile TileID="131" AltIDMod="0" />
    </MapTiles>
    <StaticTiles />
  </TransInfo>
  <TransInfo Description="Large Dirt to Grass Without Static NEA" HashKey="3E0707070707073E07">
    <MapTiles>
      <MapTile TileID="131" AltIDMod="0" />
    </MapTiles>
    <StaticTiles />
  </TransInfo>
  <TransInfo Description="Large Dirt to Grass Without Static NEA" HashKey="0707073E07073E073E">
    <MapTiles>
      <MapTile TileID="131" AltIDMod="0" />
    </MapTiles>
    <StaticTiles />
  </TransInfo>
  <TransInfo Description="Large Dirt to Grass Without Static NEA" HashKey="3E07073E07073E073E">
    <MapTiles>
      <MapTile TileID="131" AltIDMod="0" />
    </MapTiles>
    <StaticTiles />
  </TransInfo>
  <TransInfo Description="Large Dirt to Grass Without Static NEA" HashKey="3E0707070707073E3E">
    <MapTiles>
      <MapTile TileID="131" AltIDMod="0" />
    </MapTiles>
    <StaticTiles />
  </TransInfo>
  <TransInfo Description="Large Dirt to Grass Without Static NEA" HashKey="3E07073E0707073E3E">
    <MapTiles>
      <MapTile TileID="131" AltIDMod="0" />
    </MapTiles>
    <StaticTiles />
  </TransInfo>
  <TransInfo Description="Large Dirt to Grass Without Static NEA" HashKey="0707073E0707073E3E">
    <MapTiles>
      <MapTile TileID="131" AltIDMod="0" />
    </MapTiles>
    <StaticTiles />
  </TransInfo>
  <TransInfo Description="Large Dirt to Grass Without Static NEA" HashKey="0707073E070707073E">
    <MapTiles>
      <MapTile TileID="131" AltIDMod="0" />
    </MapTiles>
    <StaticTiles />
  </TransInfo>
  <TransInfo Description="Large Dirt to Grass Without Static NEA" HashKey="3E07070707073E073E">
    <MapTiles>
      <MapTile TileID="131" AltIDMod="0" />
    </MapTiles>
    <StaticTiles />
  </TransInfo>
  <TransInfo Description="Large Dirt to Grass Without Static NEA" HashKey="3E07073E0707073E07">
    <MapTiles>
      <MapTile TileID="131" AltIDMod="0" />
    </MapTiles>
    <StaticTiles />
  </TransInfo>
  <TransInfo Description="Large Dirt to Grass Without Static SWA" HashKey="3E3E3E07073E07073E">
    <MapTiles>
      <MapTile TileID="130" AltIDMod="0" />
    </MapTiles>
    <StaticTiles />
  </TransInfo>
  <TransInfo Description="Large Dirt to Grass Without Static SWA" HashKey="3E3E3E07073E070707">
    <MapTiles>
      <MapTile TileID="130" AltIDMod="0" />
    </MapTiles>
    <StaticTiles />
  </TransInfo>
  <TransInfo Description="Large Dirt to Grass Without Static SWA" HashKey="073E3E07073E07073E">
    <MapTiles>
      <MapTile TileID="130" AltIDMod="0" />
    </MapTiles>
    <StaticTiles />
  </TransInfo>
  <TransInfo Description="Large Dirt to Grass Without Static SWA" HashKey="073E3E07073E070707">
    <MapTiles>
      <MapTile TileID="130" AltIDMod="0" />
    </MapTiles>
    <StaticTiles />
  </TransInfo>
  <TransInfo Description="Large Dirt to Grass Without Static SWA" HashKey="3E070707073E07073E">
    <MapTiles>
      <MapTile TileID="130" AltIDMod="0" />
    </MapTiles>
    <StaticTiles />
  </TransInfo>
  <TransInfo Description="Large Dirt to Grass Without Static SWA" HashKey="3E073E07073E070707">
    <MapTiles>
      <MapTile TileID="130" AltIDMod="0" />
    </MapTiles>
    <StaticTiles />
  </TransInfo>
  <TransInfo Description="Large Dirt to Grass Without Static SWA" HashKey="3E073E07073E07073E">
    <MapTiles>
      <MapTile TileID="130" AltIDMod="0" />
    </MapTiles>
    <StaticTiles />
  </TransInfo>
  <TransInfo Description="Large Dirt to Grass Without Static SWA" HashKey="3E3E0707070707073E">
    <MapTiles>
      <MapTile TileID="130" AltIDMod="0" />
    </MapTiles>
    <StaticTiles />
  </TransInfo>
  <TransInfo Description="Large Dirt to Grass Without Static SWA" HashKey="073E0707070707073E">
    <MapTiles>
      <MapTile TileID="130" AltIDMod="0" />
    </MapTiles>
    <StaticTiles />
  </TransInfo>
  <TransInfo Description="Large Dirt to Grass Without Static SWA" HashKey="3E3E3E07070707073E">
    <MapTiles>
      <MapTile TileID="130" AltIDMod="0" />
    </MapTiles>
    <StaticTiles />
  </TransInfo>
  <TransInfo Description="Large Dirt to Grass Without Static SWA" HashKey="3E3E0707073E070707">
    <MapTiles>
      <MapTile TileID="130" AltIDMod="0" />
    </MapTiles>
    <StaticTiles />
  </TransInfo>
  <TransInfo Description="Large Dirt to Grass Without Static SWA" HashKey="073E3E07070707073E">
    <MapTiles>
      <MapTile TileID="130" AltIDMod="0" />
    </MapTiles>
    <StaticTiles />
  </TransInfo>
  <TransInfo Description="Large Dirt to Grass Without Static SWA" HashKey="073E0707073E070707">
    <MapTiles>
      <MapTile TileID="130" AltIDMod="0" />
    </MapTiles>
    <StaticTiles />
  </TransInfo>
  <TransInfo Description="Large Dirt to Grass Without Static SWA" HashKey="3E070707073E070707">
    <MapTiles>
      <MapTile TileID="130" AltIDMod="0" />
    </MapTiles>
    <StaticTiles />
  </TransInfo>
  <TransInfo Description="Large Dirt to Grass Without Static SWA" HashKey="3E073E07070707073E">
    <MapTiles>
      <MapTile TileID="130" AltIDMod="0" />
    </MapTiles>
    <StaticTiles />
  </TransInfo>
  <TransInfo Description="Large Dirt to Grass Without Static SWA" HashKey="073E0707073E07073E">
    <MapTiles>
      <MapTile TileID="130" AltIDMod="0" />
    </MapTiles>
    <StaticTiles />
  </TransInfo>
  <TransInfo Description="Large Dirt to Grass Without Static SWA" HashKey="3E3E0707073E07073E">
    <MapTiles>
      <MapTile TileID="130" AltIDMod="0" />
    </MapTiles>
    <StaticTiles />
  </TransInfo>
  <TransInfo Description="Large Dirt to Grass Without Static NWB" HashKey="3E0707070707070707">
    <MapTiles>
      <MapTile TileID="122" AltIDMod="0" />
    </MapTiles>
    <StaticTiles />
  </TransInfo>
  <TransInfo Description="Large Dirt to Grass Without Static SEB" HashKey="07070707070707073E">
    <MapTiles>
      <MapTile TileID="121" AltIDMod="0" />
    </MapTiles>
    <StaticTiles />
  </TransInfo>
  <TransInfo Description="Large Dirt to Grass Without Static NEB" HashKey="07073E070707070707">
    <MapTiles>
      <MapTile TileID="124" AltIDMod="0" />
    </MapTiles>
    <StaticTiles />
  </TransInfo>
  <TransInfo Description="Large Dirt to Grass Without Static SWB" HashKey="0707070707073E0707">
    <MapTiles>
      <MapTile TileID="123" AltIDMod="0" />
    </MapTiles>
    <StaticTiles />
  </TransInfo>
  <TransInfo Description="Large Dirt to Grass Without Static AC" HashKey="0707073E073E070707">
    <MapTiles>
      <MapTile TileID="3" AltIDMod="0" />
    </MapTiles>
    <StaticTiles />
  </TransInfo>
  <TransInfo Description="Large Dirt to Grass Without Static AC" HashKey="0707073E073E3E0707">
    <MapTiles>
      <MapTile TileID="3" AltIDMod="0" />
    </MapTiles>
    <StaticTiles />
  </TransInfo>
  <TransInfo Description="Large Dirt to Grass Without Static AC" HashKey="0707073E073E073E07">
    <MapTiles>
      <MapTile TileID="3" AltIDMod="0" />
    </MapTiles>
    <StaticTiles />
  </TransInfo>
  <TransInfo Description="Large Dirt to Grass Without Static AC" HashKey="0707073E073E3E3E07">
    <MapTiles>
      <MapTile TileID="3" AltIDMod="0" />
    </MapTiles>
    <StaticTiles />
  </TransInfo>
  <TransInfo Description="Large Dirt to Grass Without Static AC" HashKey="0707073E073E07073E">
    <MapTiles>
      <MapTile TileID="3" AltIDMod="0" />
    </MapTiles>
    <StaticTiles />
  </TransInfo>
  <TransInfo Description="Large Dirt to Grass Without Static AC" HashKey="0707073E073E3E073E">
    <MapTiles>
      <MapTile TileID="3" AltIDMod="0" />
    </MapTiles>
    <StaticTiles />
  </TransInfo>
  <TransInfo Description="Large Dirt to Grass Without Static AC" HashKey="0707073E073E073E3E">
    <MapTiles>
      <MapTile TileID="3" AltIDMod="0" />
    </MapTiles>
    <StaticTiles />
  </TransInfo>
  <TransInfo Description="Large Dirt to Grass Without Static AC" HashKey="0707073E073E3E3E3E">
    <MapTiles>
      <MapTile TileID="3" AltIDMod="0" />
    </MapTiles>
    <StaticTiles />
  </TransInfo>
  <TransInfo Description="Large Dirt to Grass Without Static AC" HashKey="07073E3E0707073E07">
    <MapTiles>
      <MapTile TileID="3" AltIDMod="0" />
    </MapTiles>
    <StaticTiles />
  </TransInfo>
  <TransInfo Description="Large Dirt to Grass Without Static AC" HashKey="07073E3E07073E3E07">
    <MapTiles>
      <MapTile TileID="3" AltIDMod="0" />
    </MapTiles>
    <StaticTiles />
  </TransInfo>
  <TransInfo Description="Large Dirt to Grass Without Static AC" HashKey="07073E3E070707073E">
    <MapTiles>
      <MapTile TileID="3" AltIDMod="0" />
    </MapTiles>
    <StaticTiles />
  </TransInfo>
  <TransInfo Description="Large Dirt to Grass Without Static AC" HashKey="07073E3E07073E073E">
    <MapTiles>
      <MapTile TileID="3" AltIDMod="0" />
    </MapTiles>
    <StaticTiles />
  </TransInfo>
  <TransInfo Description="Large Dirt to Grass Without Static AC" HashKey="07073E3E0707073E3E">
    <MapTiles>
      <MapTile TileID="3" AltIDMod="0" />
    </MapTiles>
    <StaticTiles />
  </TransInfo>
  <TransInfo Description="Large Dirt to Grass Without Static AC" HashKey="07073E3E07073E3E3E">
    <MapTiles>
      <MapTile TileID="3" AltIDMod="0" />
    </MapTiles>
    <StaticTiles />
  </TransInfo>
  <TransInfo Description="Large Dirt to Grass Without Static AC" HashKey="07073E3E073E070707">
    <MapTiles>
      <MapTile TileID="3" AltIDMod="0" />
    </MapTiles>
    <StaticTiles />
  </TransInfo>
  <TransInfo Description="Large Dirt to Grass Without Static AC" HashKey="07073E3E073E3E0707">
    <MapTiles>
      <MapTile TileID="3" AltIDMod="0" />
    </MapTiles>
    <StaticTiles />
  </TransInfo>
  <TransInfo Description="Large Dirt to Grass Without Static AC" HashKey="07073E3E073E073E07">
    <MapTiles>
      <MapTile TileID="3" AltIDMod="0" />
    </MapTiles>
    <StaticTiles />
  </TransInfo>
  <TransInfo Description="Large Dirt to Grass Without Static AC" HashKey="07073E3E073E3E3E07">
    <MapTiles>
      <MapTile TileID="3" AltIDMod="0" />
    </MapTiles>
    <StaticTiles />
  </TransInfo>
  <TransInfo Description="Large Dirt to Grass Without Static AC" HashKey="07073E3E073E07073E">
    <MapTiles>
      <MapTile TileID="3" AltIDMod="0" />
    </MapTiles>
    <StaticTiles />
  </TransInfo>
  <TransInfo Description="Large Dirt to Grass Without Static AC" HashKey="07073E3E073E3E073E">
    <MapTiles>
      <MapTile TileID="3" AltIDMod="0" />
    </MapTiles>
    <StaticTiles />
  </TransInfo>
  <TransInfo Description="Large Dirt to Grass Without Static AC" HashKey="07073E3E073E073E3E">
    <MapTiles>
      <MapTile TileID="3" AltIDMod="0" />
    </MapTiles>
    <StaticTiles />
  </TransInfo>
  <TransInfo Description="Large Dirt to Grass Without Static AC" HashKey="07073E3E073E3E3E3E">
    <MapTiles>
      <MapTile TileID="3" AltIDMod="0" />
    </MapTiles>
    <StaticTiles />
  </TransInfo>
  <TransInfo Description="Large Dirt to Grass Without Static AC" HashKey="073E07070707073E07">
    <MapTiles>
      <MapTile TileID="3" AltIDMod="0" />
    </MapTiles>
    <StaticTiles />
  </TransInfo>
  <TransInfo Description="Large Dirt to Grass Without Static AC" HashKey="073E073E0707073E07">
    <MapTiles>
      <MapTile TileID="3" AltIDMod="0" />
    </MapTiles>
    <StaticTiles />
  </TransInfo>
  <TransInfo Description="Large Dirt to Grass Without Static AC" HashKey="073E070707073E3E07">
    <MapTiles>
      <MapTile TileID="3" AltIDMod="0" />
    </MapTiles>
    <StaticTiles />
  </TransInfo>
  <TransInfo Description="Large Dirt to Grass Without Static AC" HashKey="073E073E07073E3E07">
    <MapTiles>
      <MapTile TileID="3" AltIDMod="0" />
    </MapTiles>
    <StaticTiles />
  </TransInfo>
  <TransInfo Description="Large Dirt to Grass Without Static AC" HashKey="073E073E070707073E">
    <MapTiles>
      <MapTile TileID="3" AltIDMod="0" />
    </MapTiles>
    <StaticTiles />
  </TransInfo>
  <TransInfo Description="Large Dirt to Grass Without Static AC" HashKey="073E070707073E073E">
    <MapTiles>
      <MapTile TileID="3" AltIDMod="0" />
    </MapTiles>
    <StaticTiles />
  </TransInfo>
  <TransInfo Description="Large Dirt to Grass Without Static AC" HashKey="073E073E07073E073E">
    <MapTiles>
      <MapTile TileID="3" AltIDMod="0" />
    </MapTiles>
    <StaticTiles />
  </TransInfo>
  <TransInfo Description="Large Dirt to Grass Without Static AC" HashKey="073E07070707073E3E">
    <MapTiles>
      <MapTile TileID="3" AltIDMod="0" />
    </MapTiles>
    <StaticTiles />
  </TransInfo>
  <TransInfo Description="Large Dirt to Grass Without Static AC" HashKey="073E073E0707073E3E">
    <MapTiles>
      <MapTile TileID="3" AltIDMod="0" />
    </MapTiles>
    <StaticTiles />
  </TransInfo>
  <TransInfo Description="Large Dirt to Grass Without Static AC" HashKey="073E070707073E3E3E">
    <MapTiles>
      <MapTile TileID="3" AltIDMod="0" />
    </MapTiles>
    <StaticTiles />
  </TransInfo>
  <TransInfo Description="Large Dirt to Grass Without Static AC" HashKey="073E073E07073E3E3E">
    <MapTiles>
      <MapTile TileID="3" AltIDMod="0" />
    </MapTiles>
    <StaticTiles />
  </TransInfo>
  <TransInfo Description="Large Dirt to Grass Without Static AC" HashKey="073E073E073E070707">
    <MapTiles>
      <MapTile TileID="3" AltIDMod="0" />
    </MapTiles>
    <StaticTiles />
  </TransInfo>
  <TransInfo Description="Large Dirt to Grass Without Static AC" HashKey="073E0707073E3E0707">
    <MapTiles>
      <MapTile TileID="3" AltIDMod="0" />
    </MapTiles>
    <StaticTiles />
  </TransInfo>
  <TransInfo Description="Large Dirt to Grass Without Static AC" HashKey="073E073E073E3E0707">
    <MapTiles>
      <MapTile TileID="3" AltIDMod="0" />
    </MapTiles>
    <StaticTiles />
  </TransInfo>
  <TransInfo Description="Large Dirt to Grass Without Static AC" HashKey="073E0707073E073E07">
    <MapTiles>
      <MapTile TileID="3" AltIDMod="0" />
    </MapTiles>
    <StaticTiles />
  </TransInfo>
  <TransInfo Description="Large Dirt to Grass Without Static AC" HashKey="073E073E073E073E07">
    <MapTiles>
      <MapTile TileID="3" AltIDMod="0" />
    </MapTiles>
    <StaticTiles />
  </TransInfo>
  <TransInfo Description="Large Dirt to Grass Without Static AC" HashKey="073E0707073E3E3E07">
    <MapTiles>
      <MapTile TileID="3" AltIDMod="0" />
    </MapTiles>
    <StaticTiles />
  </TransInfo>
  <TransInfo Description="Large Dirt to Grass Without Static AC" HashKey="073E073E073E3E3E07">
    <MapTiles>
      <MapTile TileID="3" AltIDMod="0" />
    </MapTiles>
    <StaticTiles />
  </TransInfo>
  <TransInfo Description="Large Dirt to Grass Without Static AC" HashKey="073E073E073E07073E">
    <MapTiles>
      <MapTile TileID="3" AltIDMod="0" />
    </MapTiles>
    <StaticTiles />
  </TransInfo>
  <TransInfo Description="Large Dirt to Grass Without Static AC" HashKey="073E0707073E3E073E">
    <MapTiles>
      <MapTile TileID="3" AltIDMod="0" />
    </MapTiles>
    <StaticTiles />
  </TransInfo>
  <TransInfo Description="Large Dirt to Grass Without Static AC" HashKey="073E073E073E3E073E">
    <MapTiles>
      <MapTile TileID="3" AltIDMod="0" />
    </MapTiles>
    <StaticTiles />
  </TransInfo>
  <TransInfo Description="Large Dirt to Grass Without Static AC" HashKey="073E0707073E073E3E">
    <MapTiles>
      <MapTile TileID="3" AltIDMod="0" />
    </MapTiles>
    <StaticTiles />
  </TransInfo>
  <TransInfo Description="Large Dirt to Grass Without Static AC" HashKey="073E073E073E073E3E">
    <MapTiles>
      <MapTile TileID="3" AltIDMod="0" />
    </MapTiles>
    <StaticTiles />
  </TransInfo>
  <TransInfo Description="Large Dirt to Grass Without Static AC" HashKey="073E0707073E3E3E3E">
    <MapTiles>
      <MapTile TileID="3" AltIDMod="0" />
    </MapTiles>
    <StaticTiles />
  </TransInfo>
  <TransInfo Description="Large Dirt to Grass Without Static AC" HashKey="073E073E073E3E3E3E">
    <MapTiles>
      <MapTile TileID="3" AltIDMod="0" />
    </MapTiles>
    <StaticTiles />
  </TransInfo>
  <TransInfo Description="Large Dirt to Grass Without Static AC" HashKey="073E3E070707073E07">
    <MapTiles>
      <MapTile TileID="3" AltIDMod="0" />
    </MapTiles>
    <StaticTiles />
  </TransInfo>
  <TransInfo Description="Large Dirt to Grass Without Static AC" HashKey="073E3E3E0707073E07">
    <MapTiles>
      <MapTile TileID="3" AltIDMod="0" />
    </MapTiles>
    <StaticTiles />
  </TransInfo>
  <TransInfo Description="Large Dirt to Grass Without Static AC" HashKey="073E3E0707073E3E07">
    <MapTiles>
      <MapTile TileID="3" AltIDMod="0" />
    </MapTiles>
    <StaticTiles />
  </TransInfo>
  <TransInfo Description="Large Dirt to Grass Without Static AC" HashKey="073E3E3E07073E3E07">
    <MapTiles>
      <MapTile TileID="3" AltIDMod="0" />
    </MapTiles>
    <StaticTiles />
  </TransInfo>
  <TransInfo Description="Large Dirt to Grass Without Static AC" HashKey="073E3E3E070707073E">
    <MapTiles>
      <MapTile TileID="3" AltIDMod="0" />
    </MapTiles>
    <StaticTiles />
  </TransInfo>
  <TransInfo Description="Large Dirt to Grass Without Static AC" HashKey="073E3E0707073E073E">
    <MapTiles>
      <MapTile TileID="3" AltIDMod="0" />
    </MapTiles>
    <StaticTiles />
  </TransInfo>
  <TransInfo Description="Large Dirt to Grass Without Static AC" HashKey="073E3E3E07073E073E">
    <MapTiles>
      <MapTile TileID="3" AltIDMod="0" />
    </MapTiles>
    <StaticTiles />
  </TransInfo>
  <TransInfo Description="Large Dirt to Grass Without Static AC" HashKey="073E3E070707073E3E">
    <MapTiles>
      <MapTile TileID="3" AltIDMod="0" />
    </MapTiles>
    <StaticTiles />
  </TransInfo>
  <TransInfo Description="Large Dirt to Grass Without Static AC" HashKey="073E3E3E0707073E3E">
    <MapTiles>
      <MapTile TileID="3" AltIDMod="0" />
    </MapTiles>
    <StaticTiles />
  </TransInfo>
  <TransInfo Description="Large Dirt to Grass Without Static AC" HashKey="073E3E0707073E3E3E">
    <MapTiles>
      <MapTile TileID="3" AltIDMod="0" />
    </MapTiles>
    <StaticTiles />
  </TransInfo>
  <TransInfo Description="Large Dirt to Grass Without Static AC" HashKey="073E3E3E07073E3E3E">
    <MapTiles>
      <MapTile TileID="3" AltIDMod="0" />
    </MapTiles>
    <StaticTiles />
  </TransInfo>
  <TransInfo Description="Large Dirt to Grass Without Static AC" HashKey="073E3E3E073E070707">
    <MapTiles>
      <MapTile TileID="3" AltIDMod="0" />
    </MapTiles>
    <StaticTiles />
  </TransInfo>
  <TransInfo Description="Large Dirt to Grass Without Static AC" HashKey="073E3E07073E3E0707">
    <MapTiles>
      <MapTile TileID="3" AltIDMod="0" />
    </MapTiles>
    <StaticTiles />
  </TransInfo>
  <TransInfo Description="Large Dirt to Grass Without Static AC" HashKey="073E3E3E073E3E0707">
    <MapTiles>
      <MapTile TileID="3" AltIDMod="0" />
    </MapTiles>
    <StaticTiles />
  </TransInfo>
  <TransInfo Description="Large Dirt to Grass Without Static AC" HashKey="073E3E07073E073E07">
    <MapTiles>
      <MapTile TileID="3" AltIDMod="0" />
    </MapTiles>
    <StaticTiles />
  </TransInfo>
  <TransInfo Description="Large Dirt to Grass Without Static AC" HashKey="073E3E3E073E073E07">
    <MapTiles>
      <MapTile TileID="3" AltIDMod="0" />
    </MapTiles>
    <StaticTiles />
  </TransInfo>
  <TransInfo Description="Large Dirt to Grass Without Static AC" HashKey="073E3E07073E3E3E07">
    <MapTiles>
      <MapTile TileID="3" AltIDMod="0" />
    </MapTiles>
    <StaticTiles />
  </TransInfo>
  <TransInfo Description="Large Dirt to Grass Without Static AC" HashKey="073E3E3E073E3E3E07">
    <MapTiles>
      <MapTile TileID="3" AltIDMod="0" />
    </MapTiles>
    <StaticTiles />
  </TransInfo>
  <TransInfo Description="Large Dirt to Grass Without Static AC" HashKey="073E3E3E073E07073E">
    <MapTiles>
      <MapTile TileID="3" AltIDMod="0" />
    </MapTiles>
    <StaticTiles />
  </TransInfo>
  <TransInfo Description="Large Dirt to Grass Without Static AC" HashKey="073E3E07073E3E073E">
    <MapTiles>
      <MapTile TileID="3" AltIDMod="0" />
    </MapTiles>
    <StaticTiles />
  </TransInfo>
  <TransInfo Description="Large Dirt to Grass Without Static AC" HashKey="073E3E3E073E3E073E">
    <MapTiles>
      <MapTile TileID="3" AltIDMod="0" />
    </MapTiles>
    <StaticTiles />
  </TransInfo>
  <TransInfo Description="Large Dirt to Grass Without Static AC" HashKey="073E3E07073E073E3E">
    <MapTiles>
      <MapTile TileID="3" AltIDMod="0" />
    </MapTiles>
    <StaticTiles />
  </TransInfo>
  <TransInfo Description="Large Dirt to Grass Without Static AC" HashKey="073E3E3E073E073E3E">
    <MapTiles>
      <MapTile TileID="3" AltIDMod="0" />
    </MapTiles>
    <StaticTiles />
  </TransInfo>
  <TransInfo Description="Large Dirt to Grass Without Static AC" HashKey="073E3E07073E3E3E3E">
    <MapTiles>
      <MapTile TileID="3" AltIDMod="0" />
    </MapTiles>
    <StaticTiles />
  </TransInfo>
  <TransInfo Description="Large Dirt to Grass Without Static AC" HashKey="073E3E3E073E3E3E3E">
    <MapTiles>
      <MapTile TileID="3" AltIDMod="0" />
    </MapTiles>
    <StaticTiles />
  </TransInfo>
  <TransInfo Description="Large Dirt to Grass Without Static AC" HashKey="3E07073E073E070707">
    <MapTiles>
      <MapTile TileID="3" AltIDMod="0" />
    </MapTiles>
    <StaticTiles />
  </TransInfo>
  <TransInfo Description="Large Dirt to Grass Without Static AC" HashKey="3E070707073E3E0707">
    <MapTiles>
      <MapTile TileID="3" AltIDMod="0" />
    </MapTiles>
    <StaticTiles />
  </TransInfo>
  <TransInfo Description="Large Dirt to Grass Without Static AC" HashKey="3E07073E073E3E0707">
    <MapTiles>
      <MapTile TileID="3" AltIDMod="0" />
    </MapTiles>
    <StaticTiles />
  </TransInfo>
  <TransInfo Description="Large Dirt to Grass Without Static AC" HashKey="3E070707073E073E07">
    <MapTiles>
      <MapTile TileID="3" AltIDMod="0" />
    </MapTiles>
    <StaticTiles />
  </TransInfo>
  <TransInfo Description="Large Dirt to Grass Without Static AC" HashKey="3E07073E073E073E07">
    <MapTiles>
      <MapTile TileID="3" AltIDMod="0" />
    </MapTiles>
    <StaticTiles />
  </TransInfo>
  <TransInfo Description="Large Dirt to Grass Without Static AC" HashKey="3E070707073E3E3E07">
    <MapTiles>
      <MapTile TileID="3" AltIDMod="0" />
    </MapTiles>
    <StaticTiles />
  </TransInfo>
  <TransInfo Description="Large Dirt to Grass Without Static AC" HashKey="3E07073E073E3E3E07">
    <MapTiles>
      <MapTile TileID="3" AltIDMod="0" />
    </MapTiles>
    <StaticTiles />
  </TransInfo>
  <TransInfo Description="Large Dirt to Grass Without Static AC" HashKey="3E07073E073E07073E">
    <MapTiles>
      <MapTile TileID="3" AltIDMod="0" />
    </MapTiles>
    <StaticTiles />
  </TransInfo>
  <TransInfo Description="Large Dirt to Grass Without Static AC" HashKey="3E070707073E3E073E">
    <MapTiles>
      <MapTile TileID="3" AltIDMod="0" />
    </MapTiles>
    <StaticTiles />
  </TransInfo>
  <TransInfo Description="Large Dirt to Grass Without Static AC" HashKey="3E07073E073E3E073E">
    <MapTiles>
      <MapTile TileID="3" AltIDMod="0" />
    </MapTiles>
    <StaticTiles />
  </TransInfo>
  <TransInfo Description="Large Dirt to Grass Without Static AC" HashKey="3E070707073E073E3E">
    <MapTiles>
      <MapTile TileID="3" AltIDMod="0" />
    </MapTiles>
    <StaticTiles />
  </TransInfo>
  <TransInfo Description="Large Dirt to Grass Without Static AC" HashKey="3E07073E073E073E3E">
    <MapTiles>
      <MapTile TileID="3" AltIDMod="0" />
    </MapTiles>
    <StaticTiles />
  </TransInfo>
  <TransInfo Description="Large Dirt to Grass Without Static AC" HashKey="3E070707073E3E3E3E">
    <MapTiles>
      <MapTile TileID="3" AltIDMod="0" />
    </MapTiles>
    <StaticTiles />
  </TransInfo>
  <TransInfo Description="Large Dirt to Grass Without Static AC" HashKey="3E07073E073E3E3E3E">
    <MapTiles>
      <MapTile TileID="3" AltIDMod="0" />
    </MapTiles>
    <StaticTiles />
  </TransInfo>
  <TransInfo Description="Large Dirt to Grass Without Static AC" HashKey="3E073E070707073E07">
    <MapTiles>
      <MapTile TileID="3" AltIDMod="0" />
    </MapTiles>
    <StaticTiles />
  </TransInfo>
  <TransInfo Description="Large Dirt to Grass Without Static AC" HashKey="3E073E3E0707073E07">
    <MapTiles>
      <MapTile TileID="3" AltIDMod="0" />
    </MapTiles>
    <StaticTiles />
  </TransInfo>
  <TransInfo Description="Large Dirt to Grass Without Static AC" HashKey="3E073E0707073E3E07">
    <MapTiles>
      <MapTile TileID="3" AltIDMod="0" />
    </MapTiles>
    <StaticTiles />
  </TransInfo>
  <TransInfo Description="Large Dirt to Grass Without Static AC" HashKey="3E073E3E07073E3E07">
    <MapTiles>
      <MapTile TileID="3" AltIDMod="0" />
    </MapTiles>
    <StaticTiles />
  </TransInfo>
  <TransInfo Description="Large Dirt to Grass Without Static AC" HashKey="3E073E3E070707073E">
    <MapTiles>
      <MapTile TileID="3" AltIDMod="0" />
    </MapTiles>
    <StaticTiles />
  </TransInfo>
  <TransInfo Description="Large Dirt to Grass Without Static AC" HashKey="3E073E0707073E073E">
    <MapTiles>
      <MapTile TileID="3" AltIDMod="0" />
    </MapTiles>
    <StaticTiles />
  </TransInfo>
  <TransInfo Description="Large Dirt to Grass Without Static AC" HashKey="3E073E3E07073E073E">
    <MapTiles>
      <MapTile TileID="3" AltIDMod="0" />
    </MapTiles>
    <StaticTiles />
  </TransInfo>
  <TransInfo Description="Large Dirt to Grass Without Static AC" HashKey="3E073E070707073E3E">
    <MapTiles>
      <MapTile TileID="3" AltIDMod="0" />
    </MapTiles>
    <StaticTiles />
  </TransInfo>
  <TransInfo Description="Large Dirt to Grass Without Static AC" HashKey="3E073E3E0707073E3E">
    <MapTiles>
      <MapTile TileID="3" AltIDMod="0" />
    </MapTiles>
    <StaticTiles />
  </TransInfo>
  <TransInfo Description="Large Dirt to Grass Without Static AC" HashKey="3E073E0707073E3E3E">
    <MapTiles>
      <MapTile TileID="3" AltIDMod="0" />
    </MapTiles>
    <StaticTiles />
  </TransInfo>
  <TransInfo Description="Large Dirt to Grass Without Static AC" HashKey="3E073E3E07073E3E3E">
    <MapTiles>
      <MapTile TileID="3" AltIDMod="0" />
    </MapTiles>
    <StaticTiles />
  </TransInfo>
  <TransInfo Description="Large Dirt to Grass Without Static AC" HashKey="3E073E3E073E070707">
    <MapTiles>
      <MapTile TileID="3" AltIDMod="0" />
    </MapTiles>
    <StaticTiles />
  </TransInfo>
  <TransInfo Description="Large Dirt to Grass Without Static AC" HashKey="3E073E07073E3E0707">
    <MapTiles>
      <MapTile TileID="3" AltIDMod="0" />
    </MapTiles>
    <StaticTiles />
  </TransInfo>
  <TransInfo Description="Large Dirt to Grass Without Static AC" HashKey="3E073E3E073E3E0707">
    <MapTiles>
      <MapTile TileID="3" AltIDMod="0" />
    </MapTiles>
    <StaticTiles />
  </TransInfo>
  <TransInfo Description="Large Dirt to Grass Without Static AC" HashKey="3E073E07073E073E07">
    <MapTiles>
      <MapTile TileID="3" AltIDMod="0" />
    </MapTiles>
    <StaticTiles />
  </TransInfo>
  <TransInfo Description="Large Dirt to Grass Without Static AC" HashKey="3E073E3E073E073E07">
    <MapTiles>
      <MapTile TileID="3" AltIDMod="0" />
    </MapTiles>
    <StaticTiles />
  </TransInfo>
  <TransInfo Description="Large Dirt to Grass Without Static AC" HashKey="3E073E07073E3E3E07">
    <MapTiles>
      <MapTile TileID="3" AltIDMod="0" />
    </MapTiles>
    <StaticTiles />
  </TransInfo>
  <TransInfo Description="Large Dirt to Grass Without Static AC" HashKey="3E073E3E073E3E3E07">
    <MapTiles>
      <MapTile TileID="3" AltIDMod="0" />
    </MapTiles>
    <StaticTiles />
  </TransInfo>
  <TransInfo Description="Large Dirt to Grass Without Static AC" HashKey="3E073E3E073E07073E">
    <MapTiles>
      <MapTile TileID="3" AltIDMod="0" />
    </MapTiles>
    <StaticTiles />
  </TransInfo>
  <TransInfo Description="Large Dirt to Grass Without Static AC" HashKey="3E073E07073E3E073E">
    <MapTiles>
      <MapTile TileID="3" AltIDMod="0" />
    </MapTiles>
    <StaticTiles />
  </TransInfo>
  <TransInfo Description="Large Dirt to Grass Without Static AC" HashKey="3E073E3E073E3E073E">
    <MapTiles>
      <MapTile TileID="3" AltIDMod="0" />
    </MapTiles>
    <StaticTiles />
  </TransInfo>
  <TransInfo Description="Large Dirt to Grass Without Static AC" HashKey="3E073E07073E073E3E">
    <MapTiles>
      <MapTile TileID="3" AltIDMod="0" />
    </MapTiles>
    <StaticTiles />
  </TransInfo>
  <TransInfo Description="Large Dirt to Grass Without Static AC" HashKey="3E073E3E073E073E3E">
    <MapTiles>
      <MapTile TileID="3" AltIDMod="0" />
    </MapTiles>
    <StaticTiles />
  </TransInfo>
  <TransInfo Description="Large Dirt to Grass Without Static AC" HashKey="3E073E07073E3E3E3E">
    <MapTiles>
      <MapTile TileID="3" AltIDMod="0" />
    </MapTiles>
    <StaticTiles />
  </TransInfo>
  <TransInfo Description="Large Dirt to Grass Without Static AC" HashKey="3E073E3E073E3E3E3E">
    <MapTiles>
      <MapTile TileID="3" AltIDMod="0" />
    </MapTiles>
    <StaticTiles />
  </TransInfo>
  <TransInfo Description="Large Dirt to Grass Without Static AC" HashKey="3E3E07070707073E07">
    <MapTiles>
      <MapTile TileID="3" AltIDMod="0" />
    </MapTiles>
    <StaticTiles />
  </TransInfo>
  <TransInfo Description="Large Dirt to Grass Without Static AC" HashKey="3E3E073E0707073E07">
    <MapTiles>
      <MapTile TileID="3" AltIDMod="0" />
    </MapTiles>
    <StaticTiles />
  </TransInfo>
  <TransInfo Description="Large Dirt to Grass Without Static AC" HashKey="3E3E070707073E3E07">
    <MapTiles>
      <MapTile TileID="3" AltIDMod="0" />
    </MapTiles>
    <StaticTiles />
  </TransInfo>
  <TransInfo Description="Large Dirt to Grass Without Static AC" HashKey="3E3E073E07073E3E07">
    <MapTiles>
      <MapTile TileID="3" AltIDMod="0" />
    </MapTiles>
    <StaticTiles />
  </TransInfo>
  <TransInfo Description="Large Dirt to Grass Without Static AC" HashKey="3E3E073E070707073E">
    <MapTiles>
      <MapTile TileID="3" AltIDMod="0" />
    </MapTiles>
    <StaticTiles />
  </TransInfo>
  <TransInfo Description="Large Dirt to Grass Without Static AC" HashKey="3E3E070707073E073E">
    <MapTiles>
      <MapTile TileID="3" AltIDMod="0" />
    </MapTiles>
    <StaticTiles />
  </TransInfo>
  <TransInfo Description="Large Dirt to Grass Without Static AC" HashKey="3E3E073E07073E073E">
    <MapTiles>
      <MapTile TileID="3" AltIDMod="0" />
    </MapTiles>
    <StaticTiles />
  </TransInfo>
  <TransInfo Description="Large Dirt to Grass Without Static AC" HashKey="3E3E07070707073E3E">
    <MapTiles>
      <MapTile TileID="3" AltIDMod="0" />
    </MapTiles>
    <StaticTiles />
  </TransInfo>
  <TransInfo Description="Large Dirt to Grass Without Static AC" HashKey="3E3E073E0707073E3E">
    <MapTiles>
      <MapTile TileID="3" AltIDMod="0" />
    </MapTiles>
    <StaticTiles />
  </TransInfo>
  <TransInfo Description="Large Dirt to Grass Without Static AC" HashKey="3E3E070707073E3E3E">
    <MapTiles>
      <MapTile TileID="3" AltIDMod="0" />
    </MapTiles>
    <StaticTiles />
  </TransInfo>
  <TransInfo Description="Large Dirt to Grass Without Static AC" HashKey="3E3E073E07073E3E3E">
    <MapTiles>
      <MapTile TileID="3" AltIDMod="0" />
    </MapTiles>
    <StaticTiles />
  </TransInfo>
  <TransInfo Description="Large Dirt to Grass Without Static AC" HashKey="3E3E073E073E070707">
    <MapTiles>
      <MapTile TileID="3" AltIDMod="0" />
    </MapTiles>
    <StaticTiles />
  </TransInfo>
  <TransInfo Description="Large Dirt to Grass Without Static AC" HashKey="3E3E0707073E3E0707">
    <MapTiles>
      <MapTile TileID="3" AltIDMod="0" />
    </MapTiles>
    <StaticTiles />
  </TransInfo>
  <TransInfo Description="Large Dirt to Grass Without Static AC" HashKey="3E3E073E073E3E0707">
    <MapTiles>
      <MapTile TileID="3" AltIDMod="0" />
    </MapTiles>
    <StaticTiles />
  </TransInfo>
  <TransInfo Description="Large Dirt to Grass Without Static AC" HashKey="3E3E0707073E073E07">
    <MapTiles>
      <MapTile TileID="3" AltIDMod="0" />
    </MapTiles>
    <StaticTiles />
  </TransInfo>
  <TransInfo Description="Large Dirt to Grass Without Static AC" HashKey="3E3E073E073E073E07">
    <MapTiles>
      <MapTile TileID="3" AltIDMod="0" />
    </MapTiles>
    <StaticTiles />
  </TransInfo>
  <TransInfo Description="Large Dirt to Grass Without Static AC" HashKey="3E3E0707073E3E3E07">
    <MapTiles>
      <MapTile TileID="3" AltIDMod="0" />
    </MapTiles>
    <StaticTiles />
  </TransInfo>
  <TransInfo Description="Large Dirt to Grass Without Static AC" HashKey="3E3E073E073E3E3E07">
    <MapTiles>
      <MapTile TileID="3" AltIDMod="0" />
    </MapTiles>
    <StaticTiles />
  </TransInfo>
  <TransInfo Description="Large Dirt to Grass Without Static AC" HashKey="3E3E073E073E07073E">
    <MapTiles>
      <MapTile TileID="3" AltIDMod="0" />
    </MapTiles>
    <StaticTiles />
  </TransInfo>
  <TransInfo Description="Large Dirt to Grass Without Static AC" HashKey="3E3E0707073E3E073E">
    <MapTiles>
      <MapTile TileID="3" AltIDMod="0" />
    </MapTiles>
    <StaticTiles />
  </TransInfo>
  <TransInfo Description="Large Dirt to Grass Without Static AC" HashKey="3E3E073E073E3E073E">
    <MapTiles>
      <MapTile TileID="3" AltIDMod="0" />
    </MapTiles>
    <StaticTiles />
  </TransInfo>
  <TransInfo Description="Large Dirt to Grass Without Static AC" HashKey="3E3E0707073E073E3E">
    <MapTiles>
      <MapTile TileID="3" AltIDMod="0" />
    </MapTiles>
    <StaticTiles />
  </TransInfo>
  <TransInfo Description="Large Dirt to Grass Without Static AC" HashKey="3E3E073E073E073E3E">
    <MapTiles>
      <MapTile TileID="3" AltIDMod="0" />
    </MapTiles>
    <StaticTiles />
  </TransInfo>
  <TransInfo Description="Large Dirt to Grass Without Static AC" HashKey="3E3E0707073E3E3E3E">
    <MapTiles>
      <MapTile TileID="3" AltIDMod="0" />
    </MapTiles>
    <StaticTiles />
  </TransInfo>
  <TransInfo Description="Large Dirt to Grass Without Static AC" HashKey="3E3E073E073E3E3E3E">
    <MapTiles>
      <MapTile TileID="3" AltIDMod="0" />
    </MapTiles>
    <StaticTiles />
  </TransInfo>
  <TransInfo Description="Large Dirt to Grass Without Static AC" HashKey="3E3E3E070707073E07">
    <MapTiles>
      <MapTile TileID="3" AltIDMod="0" />
    </MapTiles>
    <StaticTiles />
  </TransInfo>
  <TransInfo Description="Large Dirt to Grass Without Static AC" HashKey="3E3E3E3E0707073E07">
    <MapTiles>
      <MapTile TileID="3" AltIDMod="0" />
    </MapTiles>
    <StaticTiles />
  </TransInfo>
  <TransInfo Description="Large Dirt to Grass Without Static AC" HashKey="3E3E3E0707073E3E07">
    <MapTiles>
      <MapTile TileID="3" AltIDMod="0" />
    </MapTiles>
    <StaticTiles />
  </TransInfo>
  <TransInfo Description="Large Dirt to Grass Without Static AC" HashKey="3E3E3E3E07073E3E07">
    <MapTiles>
      <MapTile TileID="3" AltIDMod="0" />
    </MapTiles>
    <StaticTiles />
  </TransInfo>
  <TransInfo Description="Large Dirt to Grass Without Static AC" HashKey="3E3E3E3E070707073E">
    <MapTiles>
      <MapTile TileID="3" AltIDMod="0" />
    </MapTiles>
    <StaticTiles />
  </TransInfo>
  <TransInfo Description="Large Dirt to Grass Without Static AC" HashKey="3E3E3E0707073E073E">
    <MapTiles>
      <MapTile TileID="3" AltIDMod="0" />
    </MapTiles>
    <StaticTiles />
  </TransInfo>
  <TransInfo Description="Large Dirt to Grass Without Static AC" HashKey="3E3E3E3E07073E073E">
    <MapTiles>
      <MapTile TileID="3" AltIDMod="0" />
    </MapTiles>
    <StaticTiles />
  </TransInfo>
  <TransInfo Description="Large Dirt to Grass Without Static AC" HashKey="3E3E3E070707073E3E">
    <MapTiles>
      <MapTile TileID="3" AltIDMod="0" />
    </MapTiles>
    <StaticTiles />
  </TransInfo>
  <TransInfo Description="Large Dirt to Grass Without Static AC" HashKey="3E3E3E3E0707073E3E">
    <MapTiles>
      <MapTile TileID="3" AltIDMod="0" />
    </MapTiles>
    <StaticTiles />
  </TransInfo>
  <TransInfo Description="Large Dirt to Grass Without Static AC" HashKey="3E3E3E0707073E3E3E">
    <MapTiles>
      <MapTile TileID="3" AltIDMod="0" />
    </MapTiles>
    <StaticTiles />
  </TransInfo>
  <TransInfo Description="Large Dirt to Grass Without Static AC" HashKey="3E3E3E3E07073E3E3E">
    <MapTiles>
      <MapTile TileID="3" AltIDMod="0" />
    </MapTiles>
    <StaticTiles />
  </TransInfo>
  <TransInfo Description="Large Dirt to Grass Without Static AC" HashKey="3E3E3E3E073E070707">
    <MapTiles>
      <MapTile TileID="3" AltIDMod="0" />
    </MapTiles>
    <StaticTiles />
  </TransInfo>
  <TransInfo Description="Large Dirt to Grass Without Static AC" HashKey="3E3E3E07073E3E0707">
    <MapTiles>
      <MapTile TileID="3" AltIDMod="0" />
    </MapTiles>
    <StaticTiles />
  </TransInfo>
  <TransInfo Description="Large Dirt to Grass Without Static AC" HashKey="3E3E3E3E073E3E0707">
    <MapTiles>
      <MapTile TileID="3" AltIDMod="0" />
    </MapTiles>
    <StaticTiles />
  </TransInfo>
  <TransInfo Description="Large Dirt to Grass Without Static AC" HashKey="3E3E3E07073E073E07">
    <MapTiles>
      <MapTile TileID="3" AltIDMod="0" />
    </MapTiles>
    <StaticTiles />
  </TransInfo>
  <TransInfo Description="Large Dirt to Grass Without Static AC" HashKey="3E3E3E3E073E073E07">
    <MapTiles>
      <MapTile TileID="3" AltIDMod="0" />
    </MapTiles>
    <StaticTiles />
  </TransInfo>
  <TransInfo Description="Large Dirt to Grass Without Static AC" HashKey="3E3E3E07073E3E3E07">
    <MapTiles>
      <MapTile TileID="3" AltIDMod="0" />
    </MapTiles>
    <StaticTiles />
  </TransInfo>
  <TransInfo Description="Large Dirt to Grass Without Static AC" HashKey="3E3E3E3E073E3E3E07">
    <MapTiles>
      <MapTile TileID="3" AltIDMod="0" />
    </MapTiles>
    <StaticTiles />
  </TransInfo>
  <TransInfo Description="Large Dirt to Grass Without Static AC" HashKey="3E3E3E3E073E07073E">
    <MapTiles>
      <MapTile TileID="3" AltIDMod="0" />
    </MapTiles>
    <StaticTiles />
  </TransInfo>
  <TransInfo Description="Large Dirt to Grass Without Static AC" HashKey="3E3E3E07073E3E073E">
    <MapTiles>
      <MapTile TileID="3" AltIDMod="0" />
    </MapTiles>
    <StaticTiles />
  </TransInfo>
  <TransInfo Description="Large Dirt to Grass Without Static AC" HashKey="3E3E3E3E073E3E073E">
    <MapTiles>
      <MapTile TileID="3" AltIDMod="0" />
    </MapTiles>
    <StaticTiles />
  </TransInfo>
  <TransInfo Description="Large Dirt to Grass Without Static AC" HashKey="3E3E3E07073E073E3E">
    <MapTiles>
      <MapTile TileID="3" AltIDMod="0" />
    </MapTiles>
    <StaticTiles />
  </TransInfo>
  <TransInfo Description="Large Dirt to Grass Without Static AC" HashKey="3E3E3E3E073E073E3E">
    <MapTiles>
      <MapTile TileID="3" AltIDMod="0" />
    </MapTiles>
    <StaticTiles />
  </TransInfo>
  <TransInfo Description="Large Dirt to Grass Without Static AC" HashKey="3E3E3E07073E3E3E3E">
    <MapTiles>
      <MapTile TileID="3" AltIDMod="0" />
    </MapTiles>
    <StaticTiles />
  </TransInfo>
  <TransInfo Description="Large Dirt to Grass Without Static AC" HashKey="3E3E3E3E073E3E3E3E">
    <MapTiles>
      <MapTile TileID="3" AltIDMod="0" />
    </MapTiles>
    <StaticTiles />
  </TransInfo>
  <TransInfo Description="Large Dirt to Grass Without Static IWE" HashKey="3E070707070707073E">
    <MapTiles>
      <MapTile TileID="113" AltIDMod="0" />
    </MapTiles>
    <StaticTiles />
  </TransInfo>
  <TransInfo Description="Large Dirt to Grass Without Static INS" HashKey="07073E0707073E0707">
    <MapTiles>
      <MapTile TileID="113" AltIDMod="0" />
    </MapTiles>
    <StaticTiles />
  </TransInfo>
</Trans>
