﻿<?xml version="1.0" encoding="utf-8"?>
<Trans>
    <TransInfo Description="Large Dirt to Jungle SN" HashKey="0A0A0A070707070707">
    <MapTiles>
      <MapTile TileID="625" AltIDMod="0" />
    </MapTiles>
    <StaticTiles />
  </TransInfo>
  <TransInfo Description="Large Dirt to Jungle SN" HashKey="070A0A070707070707">
    <MapTiles>
      <MapTile TileID="625" AltIDMod="0" />
    </MapTiles>
    <StaticTiles />
  </TransInfo>
  <TransInfo Description="Large Dirt to Jungle SN" HashKey="0A0A07070707070707">
    <MapTiles>
      <MapTile TileID="625" AltIDMod="0" />
    </MapTiles>
    <StaticTiles />
  </TransInfo>
  <TransInfo Description="Large Dirt to Jungle SN" HashKey="070A07070707070707">
    <MapTiles>
      <MapTile TileID="625" AltIDMod="0" />
    </MapTiles>
    <StaticTiles />
  </TransInfo>
  <TransInfo Description="Large Dirt to Jungle SN" HashKey="0A070A070707070707">
    <MapTiles>
      <MapTile TileID="625" AltIDMod="0" />
    </MapTiles>
    <StaticTiles />
  </TransInfo>
  <TransInfo Description="Large Dirt to Jungle EW" HashKey="0A07070A07070A0707">
    <MapTiles>
      <MapTile TileID="624" AltIDMod="0" />
    </MapTiles>
    <StaticTiles />
  </TransInfo>
  <TransInfo Description="Large Dirt to Jungle EW" HashKey="0A07070A0707070707">
    <MapTiles>
      <MapTile TileID="624" AltIDMod="0" />
    </MapTiles>
    <StaticTiles />
  </TransInfo>
  <TransInfo Description="Large Dirt to Jungle EW" HashKey="0707070A07070A0707">
    <MapTiles>
      <MapTile TileID="624" AltIDMod="0" />
    </MapTiles>
    <StaticTiles />
  </TransInfo>
  <TransInfo Description="Large Dirt to Jungle EW" HashKey="0707070A0707070707">
    <MapTiles>
      <MapTile TileID="624" AltIDMod="0" />
    </MapTiles>
    <StaticTiles />
  </TransInfo>
  <TransInfo Description="Large Dirt to Jungle EW" HashKey="0A07070707070A0707">
    <MapTiles>
      <MapTile TileID="624" AltIDMod="0" />
    </MapTiles>
    <StaticTiles />
  </TransInfo>
  <TransInfo Description="Large Dirt to Jungle WE" HashKey="07070A07070A07070A">
    <MapTiles>
      <MapTile TileID="623" AltIDMod="0" />
    </MapTiles>
    <StaticTiles />
  </TransInfo>
  <TransInfo Description="Large Dirt to Jungle WE" HashKey="07070707070A07070A">
    <MapTiles>
      <MapTile TileID="623" AltIDMod="0" />
    </MapTiles>
    <StaticTiles />
  </TransInfo>
  <TransInfo Description="Large Dirt to Jungle WE" HashKey="07070A07070A070707">
    <MapTiles>
      <MapTile TileID="623" AltIDMod="0" />
    </MapTiles>
    <StaticTiles />
  </TransInfo>
  <TransInfo Description="Large Dirt to Jungle WE" HashKey="07070707070A070707">
    <MapTiles>
      <MapTile TileID="623" AltIDMod="0" />
    </MapTiles>
    <StaticTiles />
  </TransInfo>
  <TransInfo Description="Large Dirt to Jungle WE" HashKey="07070A07070707070A">
    <MapTiles>
      <MapTile TileID="623" AltIDMod="0" />
    </MapTiles>
    <StaticTiles />
  </TransInfo>
  <TransInfo Description="Large Dirt to Jungle NS" HashKey="0707070707070A0A0A">
    <MapTiles>
      <MapTile TileID="622" AltIDMod="0" />
    </MapTiles>
    <StaticTiles />
  </TransInfo>
  <TransInfo Description="Large Dirt to Jungle NS" HashKey="0707070707070A0A07">
    <MapTiles>
      <MapTile TileID="622" AltIDMod="0" />
    </MapTiles>
    <StaticTiles />
  </TransInfo>
  <TransInfo Description="Large Dirt to Jungle NS" HashKey="070707070707070A0A">
    <MapTiles>
      <MapTile TileID="622" AltIDMod="0" />
    </MapTiles>
    <StaticTiles />
  </TransInfo>
  <TransInfo Description="Large Dirt to Jungle NS" HashKey="070707070707070A07">
    <MapTiles>
      <MapTile TileID="622" AltIDMod="0" />
    </MapTiles>
    <StaticTiles />
  </TransInfo>
  <TransInfo Description="Large Dirt to Jungle NS" HashKey="0707070707070A070A">
    <MapTiles>
      <MapTile TileID="622" AltIDMod="0" />
    </MapTiles>
    <StaticTiles />
  </TransInfo>
  <TransInfo Description="Large Dirt to Jungle NWA" HashKey="07070A07070A0A0A0A">
    <MapTiles>
      <MapTile TileID="630" AltIDMod="0" />
    </MapTiles>
    <StaticTiles />
  </TransInfo>
  <TransInfo Description="Large Dirt to Jungle NWA" HashKey="07070707070A0A0A0A">
    <MapTiles>
      <MapTile TileID="630" AltIDMod="0" />
    </MapTiles>
    <StaticTiles />
  </TransInfo>
  <TransInfo Description="Large Dirt to Jungle NWA" HashKey="07070A07070A070A0A">
    <MapTiles>
      <MapTile TileID="630" AltIDMod="0" />
    </MapTiles>
    <StaticTiles />
  </TransInfo>
  <TransInfo Description="Large Dirt to Jungle NWA" HashKey="07070707070A070A0A">
    <MapTiles>
      <MapTile TileID="630" AltIDMod="0" />
    </MapTiles>
    <StaticTiles />
  </TransInfo>
  <TransInfo Description="Large Dirt to Jungle NWA" HashKey="07070707070A070A07">
    <MapTiles>
      <MapTile TileID="630" AltIDMod="0" />
    </MapTiles>
    <StaticTiles />
  </TransInfo>
  <TransInfo Description="Large Dirt to Jungle NWA" HashKey="07070A070707070A0A">
    <MapTiles>
      <MapTile TileID="630" AltIDMod="0" />
    </MapTiles>
    <StaticTiles />
  </TransInfo>
  <TransInfo Description="Large Dirt to Jungle NWA" HashKey="07070A0707070A0A0A">
    <MapTiles>
      <MapTile TileID="630" AltIDMod="0" />
    </MapTiles>
    <StaticTiles />
  </TransInfo>
  <TransInfo Description="Large Dirt to Jungle NWA" HashKey="07070A0707070A0A07">
    <MapTiles>
      <MapTile TileID="630" AltIDMod="0" />
    </MapTiles>
    <StaticTiles />
  </TransInfo>
  <TransInfo Description="Large Dirt to Jungle NWA" HashKey="07070707070A0A070A">
    <MapTiles>
      <MapTile TileID="630" AltIDMod="0" />
    </MapTiles>
    <StaticTiles />
  </TransInfo>
  <TransInfo Description="Large Dirt to Jungle NWA" HashKey="07070A07070A0A070A">
    <MapTiles>
      <MapTile TileID="630" AltIDMod="0" />
    </MapTiles>
    <StaticTiles />
  </TransInfo>
  <TransInfo Description="Large Dirt to Jungle NWA" HashKey="07070A07070A0A0A07">
    <MapTiles>
      <MapTile TileID="630" AltIDMod="0" />
    </MapTiles>
    <StaticTiles />
  </TransInfo>
  <TransInfo Description="Large Dirt to Jungle NWA" HashKey="07070A07070A0A0707">
    <MapTiles>
      <MapTile TileID="630" AltIDMod="0" />
    </MapTiles>
    <StaticTiles />
  </TransInfo>
  <TransInfo Description="Large Dirt to Jungle NWA" HashKey="07070A070707070A07">
    <MapTiles>
      <MapTile TileID="630" AltIDMod="0" />
    </MapTiles>
    <StaticTiles />
  </TransInfo>
  <TransInfo Description="Large Dirt to Jungle NWA" HashKey="07070707070A0A0707">
    <MapTiles>
      <MapTile TileID="630" AltIDMod="0" />
    </MapTiles>
    <StaticTiles />
  </TransInfo>
  <TransInfo Description="Large Dirt to Jungle NWA" HashKey="07070A07070A070A07">
    <MapTiles>
      <MapTile TileID="630" AltIDMod="0" />
    </MapTiles>
    <StaticTiles />
  </TransInfo>
  <TransInfo Description="Large Dirt to Jungle NWA" HashKey="07070A0707070A070A">
    <MapTiles>
      <MapTile TileID="630" AltIDMod="0" />
    </MapTiles>
    <StaticTiles />
  </TransInfo>
  <TransInfo Description="Large Dirt to Jungle NWA" HashKey="07070707070A0A0A07">
    <MapTiles>
      <MapTile TileID="630" AltIDMod="0" />
    </MapTiles>
    <StaticTiles />
  </TransInfo>
  <TransInfo Description="Large Dirt to Jungle SEA" HashKey="0A0A0A0A07070A0707">
    <MapTiles>
      <MapTile TileID="631" AltIDMod="0" />
    </MapTiles>
    <StaticTiles />
  </TransInfo>
  <TransInfo Description="Large Dirt to Jungle SEA" HashKey="0A0A070A07070A0707">
    <MapTiles>
      <MapTile TileID="631" AltIDMod="0" />
    </MapTiles>
    <StaticTiles />
  </TransInfo>
  <TransInfo Description="Large Dirt to Jungle SEA" HashKey="0A0A0A0A0707070707">
    <MapTiles>
      <MapTile TileID="631" AltIDMod="0" />
    </MapTiles>
    <StaticTiles />
  </TransInfo>
  <TransInfo Description="Large Dirt to Jungle SEA" HashKey="0A0A070A0707070707">
    <MapTiles>
      <MapTile TileID="631" AltIDMod="0" />
    </MapTiles>
    <StaticTiles />
  </TransInfo>
  <TransInfo Description="Large Dirt to Jungle SEA" HashKey="0A070A0A0707070707">
    <MapTiles>
      <MapTile TileID="631" AltIDMod="0" />
    </MapTiles>
    <StaticTiles />
  </TransInfo>
  <TransInfo Description="Large Dirt to Jungle SEA" HashKey="0A0A070707070A0707">
    <MapTiles>
      <MapTile TileID="631" AltIDMod="0" />
    </MapTiles>
    <StaticTiles />
  </TransInfo>
  <TransInfo Description="Large Dirt to Jungle SEA" HashKey="070A0A0707070A0707">
    <MapTiles>
      <MapTile TileID="631" AltIDMod="0" />
    </MapTiles>
    <StaticTiles />
  </TransInfo>
  <TransInfo Description="Large Dirt to Jungle SEA" HashKey="0A070A0707070A0707">
    <MapTiles>
      <MapTile TileID="631" AltIDMod="0" />
    </MapTiles>
    <StaticTiles />
  </TransInfo>
  <TransInfo Description="Large Dirt to Jungle SEA" HashKey="0A0A0A0707070A0707">
    <MapTiles>
      <MapTile TileID="631" AltIDMod="0" />
    </MapTiles>
    <StaticTiles />
  </TransInfo>
  <TransInfo Description="Large Dirt to Jungle SEA" HashKey="070A070A0707070707">
    <MapTiles>
      <MapTile TileID="631" AltIDMod="0" />
    </MapTiles>
    <StaticTiles />
  </TransInfo>
  <TransInfo Description="Large Dirt to Jungle SEA" HashKey="0A070A0A07070A0707">
    <MapTiles>
      <MapTile TileID="631" AltIDMod="0" />
    </MapTiles>
    <StaticTiles />
  </TransInfo>
  <TransInfo Description="Large Dirt to Jungle SEA" HashKey="07070A0A07070A0707">
    <MapTiles>
      <MapTile TileID="631" AltIDMod="0" />
    </MapTiles>
    <StaticTiles />
  </TransInfo>
  <TransInfo Description="Large Dirt to Jungle SEA" HashKey="070A0A0A07070A0707">
    <MapTiles>
      <MapTile TileID="631" AltIDMod="0" />
    </MapTiles>
    <StaticTiles />
  </TransInfo>
  <TransInfo Description="Large Dirt to Jungle SEA" HashKey="07070A0A0707070707">
    <MapTiles>
      <MapTile TileID="631" AltIDMod="0" />
    </MapTiles>
    <StaticTiles />
  </TransInfo>
  <TransInfo Description="Large Dirt to Jungle SEA" HashKey="070A070A07070A0707">
    <MapTiles>
      <MapTile TileID="631" AltIDMod="0" />
    </MapTiles>
    <StaticTiles />
  </TransInfo>
  <TransInfo Description="Large Dirt to Jungle SEA" HashKey="070A070707070A0707">
    <MapTiles>
      <MapTile TileID="631" AltIDMod="0" />
    </MapTiles>
    <StaticTiles />
  </TransInfo>
  <TransInfo Description="Large Dirt to Jungle SEA" HashKey="070A0A0A0707070707">
    <MapTiles>
      <MapTile TileID="631" AltIDMod="0" />
    </MapTiles>
    <StaticTiles />
  </TransInfo>
  <TransInfo Description="Large Dirt to Jungle NEA" HashKey="0A07070A07070A0A0A">
    <MapTiles>
      <MapTile TileID="632" AltIDMod="0" />
    </MapTiles>
    <StaticTiles />
  </TransInfo>
  <TransInfo Description="Large Dirt to Jungle NEA" HashKey="0707070A07070A0A0A">
    <MapTiles>
      <MapTile TileID="632" AltIDMod="0" />
    </MapTiles>
    <StaticTiles />
  </TransInfo>
  <TransInfo Description="Large Dirt to Jungle NEA" HashKey="0A07070A07070A0A07">
    <MapTiles>
      <MapTile TileID="632" AltIDMod="0" />
    </MapTiles>
    <StaticTiles />
  </TransInfo>
  <TransInfo Description="Large Dirt to Jungle NEA" HashKey="0707070A07070A0A07">
    <MapTiles>
      <MapTile TileID="632" AltIDMod="0" />
    </MapTiles>
    <StaticTiles />
  </TransInfo>
  <TransInfo Description="Large Dirt to Jungle NEA" HashKey="0707070A0707070A07">
    <MapTiles>
      <MapTile TileID="632" AltIDMod="0" />
    </MapTiles>
    <StaticTiles />
  </TransInfo>
  <TransInfo Description="Large Dirt to Jungle NEA" HashKey="0A07070A070707070A">
    <MapTiles>
      <MapTile TileID="632" AltIDMod="0" />
    </MapTiles>
    <StaticTiles />
  </TransInfo>
  <TransInfo Description="Large Dirt to Jungle NEA" HashKey="0A07070707070A0A0A">
    <MapTiles>
      <MapTile TileID="632" AltIDMod="0" />
    </MapTiles>
    <StaticTiles />
  </TransInfo>
  <TransInfo Description="Large Dirt to Jungle NEA" HashKey="0A07070707070A0A07">
    <MapTiles>
      <MapTile TileID="632" AltIDMod="0" />
    </MapTiles>
    <StaticTiles />
  </TransInfo>
  <TransInfo Description="Large Dirt to Jungle NEA" HashKey="0A0707070707070A07">
    <MapTiles>
      <MapTile TileID="632" AltIDMod="0" />
    </MapTiles>
    <StaticTiles />
  </TransInfo>
  <TransInfo Description="Large Dirt to Jungle NEA" HashKey="0707070A07070A070A">
    <MapTiles>
      <MapTile TileID="632" AltIDMod="0" />
    </MapTiles>
    <StaticTiles />
  </TransInfo>
  <TransInfo Description="Large Dirt to Jungle NEA" HashKey="0A07070A07070A070A">
    <MapTiles>
      <MapTile TileID="632" AltIDMod="0" />
    </MapTiles>
    <StaticTiles />
  </TransInfo>
  <TransInfo Description="Large Dirt to Jungle NEA" HashKey="0A0707070707070A0A">
    <MapTiles>
      <MapTile TileID="632" AltIDMod="0" />
    </MapTiles>
    <StaticTiles />
  </TransInfo>
  <TransInfo Description="Large Dirt to Jungle NEA" HashKey="0A07070A0707070A0A">
    <MapTiles>
      <MapTile TileID="632" AltIDMod="0" />
    </MapTiles>
    <StaticTiles />
  </TransInfo>
  <TransInfo Description="Large Dirt to Jungle NEA" HashKey="0707070A0707070A0A">
    <MapTiles>
      <MapTile TileID="632" AltIDMod="0" />
    </MapTiles>
    <StaticTiles />
  </TransInfo>
  <TransInfo Description="Large Dirt to Jungle NEA" HashKey="0707070A070707070A">
    <MapTiles>
      <MapTile TileID="632" AltIDMod="0" />
    </MapTiles>
    <StaticTiles />
  </TransInfo>
  <TransInfo Description="Large Dirt to Jungle NEA" HashKey="0A07070707070A070A">
    <MapTiles>
      <MapTile TileID="632" AltIDMod="0" />
    </MapTiles>
    <StaticTiles />
  </TransInfo>
  <TransInfo Description="Large Dirt to Jungle NEA" HashKey="0A07070A0707070A07">
    <MapTiles>
      <MapTile TileID="632" AltIDMod="0" />
    </MapTiles>
    <StaticTiles />
  </TransInfo>
  <TransInfo Description="Large Dirt to Jungle SWA" HashKey="0A0A0A07070A07070A">
    <MapTiles>
      <MapTile TileID="633" AltIDMod="0" />
    </MapTiles>
    <StaticTiles />
  </TransInfo>
  <TransInfo Description="Large Dirt to Jungle SWA" HashKey="0A0A0A07070A070707">
    <MapTiles>
      <MapTile TileID="633" AltIDMod="0" />
    </MapTiles>
    <StaticTiles />
  </TransInfo>
  <TransInfo Description="Large Dirt to Jungle SWA" HashKey="070A0A07070A07070A">
    <MapTiles>
      <MapTile TileID="633" AltIDMod="0" />
    </MapTiles>
    <StaticTiles />
  </TransInfo>
  <TransInfo Description="Large Dirt to Jungle SWA" HashKey="070A0A07070A070707">
    <MapTiles>
      <MapTile TileID="633" AltIDMod="0" />
    </MapTiles>
    <StaticTiles />
  </TransInfo>
  <TransInfo Description="Large Dirt to Jungle SWA" HashKey="0A070707070A07070A">
    <MapTiles>
      <MapTile TileID="633" AltIDMod="0" />
    </MapTiles>
    <StaticTiles />
  </TransInfo>
  <TransInfo Description="Large Dirt to Jungle SWA" HashKey="0A070A07070A070707">
    <MapTiles>
      <MapTile TileID="633" AltIDMod="0" />
    </MapTiles>
    <StaticTiles />
  </TransInfo>
  <TransInfo Description="Large Dirt to Jungle SWA" HashKey="0A070A07070A07070A">
    <MapTiles>
      <MapTile TileID="633" AltIDMod="0" />
    </MapTiles>
    <StaticTiles />
  </TransInfo>
  <TransInfo Description="Large Dirt to Jungle SWA" HashKey="0A0A0707070707070A">
    <MapTiles>
      <MapTile TileID="633" AltIDMod="0" />
    </MapTiles>
    <StaticTiles />
  </TransInfo>
  <TransInfo Description="Large Dirt to Jungle SWA" HashKey="070A0707070707070A">
    <MapTiles>
      <MapTile TileID="633" AltIDMod="0" />
    </MapTiles>
    <StaticTiles />
  </TransInfo>
  <TransInfo Description="Large Dirt to Jungle SWA" HashKey="0A0A0A07070707070A">
    <MapTiles>
      <MapTile TileID="633" AltIDMod="0" />
    </MapTiles>
    <StaticTiles />
  </TransInfo>
  <TransInfo Description="Large Dirt to Jungle SWA" HashKey="0A0A0707070A070707">
    <MapTiles>
      <MapTile TileID="633" AltIDMod="0" />
    </MapTiles>
    <StaticTiles />
  </TransInfo>
  <TransInfo Description="Large Dirt to Jungle SWA" HashKey="070A0A07070707070A">
    <MapTiles>
      <MapTile TileID="633" AltIDMod="0" />
    </MapTiles>
    <StaticTiles />
  </TransInfo>
  <TransInfo Description="Large Dirt to Jungle SWA" HashKey="070A0707070A070707">
    <MapTiles>
      <MapTile TileID="633" AltIDMod="0" />
    </MapTiles>
    <StaticTiles />
  </TransInfo>
  <TransInfo Description="Large Dirt to Jungle SWA" HashKey="0A070707070A070707">
    <MapTiles>
      <MapTile TileID="633" AltIDMod="0" />
    </MapTiles>
    <StaticTiles />
  </TransInfo>
  <TransInfo Description="Large Dirt to Jungle SWA" HashKey="0A070A07070707070A">
    <MapTiles>
      <MapTile TileID="633" AltIDMod="0" />
    </MapTiles>
    <StaticTiles />
  </TransInfo>
  <TransInfo Description="Large Dirt to Jungle SWA" HashKey="070A0707070A07070A">
    <MapTiles>
      <MapTile TileID="633" AltIDMod="0" />
    </MapTiles>
    <StaticTiles />
  </TransInfo>
  <TransInfo Description="Large Dirt to Jungle SWA" HashKey="0A0A0707070A07070A">
    <MapTiles>
      <MapTile TileID="633" AltIDMod="0" />
    </MapTiles>
    <StaticTiles />
  </TransInfo>
  <TransInfo Description="Large Dirt to Jungle NWB" HashKey="0A0707070707070707">
    <MapTiles>
      <MapTile TileID="627" AltIDMod="0" />
    </MapTiles>
    <StaticTiles />
  </TransInfo>
  <TransInfo Description="Large Dirt to Jungle SEB" HashKey="07070707070707070A">
    <MapTiles>
      <MapTile TileID="626" AltIDMod="0" />
    </MapTiles>
    <StaticTiles />
  </TransInfo>
  <TransInfo Description="Large Dirt to Jungle NEB" HashKey="07070A070707070707">
    <MapTiles>
      <MapTile TileID="628" AltIDMod="0" />
    </MapTiles>
    <StaticTiles />
  </TransInfo>
  <TransInfo Description="Large Dirt to Jungle SWB" HashKey="0707070707070A0707">
    <MapTiles>
      <MapTile TileID="629" AltIDMod="0" />
    </MapTiles>
    <StaticTiles />
  </TransInfo>
  <TransInfo Description="Large Dirt to Jungle AC" HashKey="0707070A070A070707">
    <MapTiles>
      <MapTile TileID="172" AltIDMod="0" />
    </MapTiles>
    <StaticTiles />
  </TransInfo>
  <TransInfo Description="Large Dirt to Jungle AC" HashKey="0707070A070A0A0707">
    <MapTiles>
      <MapTile TileID="172" AltIDMod="0" />
    </MapTiles>
    <StaticTiles />
  </TransInfo>
  <TransInfo Description="Large Dirt to Jungle AC" HashKey="0707070A070A070A07">
    <MapTiles>
      <MapTile TileID="172" AltIDMod="0" />
    </MapTiles>
    <StaticTiles />
  </TransInfo>
  <TransInfo Description="Large Dirt to Jungle AC" HashKey="0707070A070A0A0A07">
    <MapTiles>
      <MapTile TileID="172" AltIDMod="0" />
    </MapTiles>
    <StaticTiles />
  </TransInfo>
  <TransInfo Description="Large Dirt to Jungle AC" HashKey="0707070A070A07070A">
    <MapTiles>
      <MapTile TileID="172" AltIDMod="0" />
    </MapTiles>
    <StaticTiles />
  </TransInfo>
  <TransInfo Description="Large Dirt to Jungle AC" HashKey="0707070A070A0A070A">
    <MapTiles>
      <MapTile TileID="172" AltIDMod="0" />
    </MapTiles>
    <StaticTiles />
  </TransInfo>
  <TransInfo Description="Large Dirt to Jungle AC" HashKey="0707070A070A070A0A">
    <MapTiles>
      <MapTile TileID="172" AltIDMod="0" />
    </MapTiles>
    <StaticTiles />
  </TransInfo>
  <TransInfo Description="Large Dirt to Jungle AC" HashKey="0707070A070A0A0A0A">
    <MapTiles>
      <MapTile TileID="172" AltIDMod="0" />
    </MapTiles>
    <StaticTiles />
  </TransInfo>
  <TransInfo Description="Large Dirt to Jungle AC" HashKey="07070A0A0707070A07">
    <MapTiles>
      <MapTile TileID="172" AltIDMod="0" />
    </MapTiles>
    <StaticTiles />
  </TransInfo>
  <TransInfo Description="Large Dirt to Jungle AC" HashKey="07070A0A07070A0A07">
    <MapTiles>
      <MapTile TileID="172" AltIDMod="0" />
    </MapTiles>
    <StaticTiles />
  </TransInfo>
  <TransInfo Description="Large Dirt to Jungle AC" HashKey="07070A0A070707070A">
    <MapTiles>
      <MapTile TileID="172" AltIDMod="0" />
    </MapTiles>
    <StaticTiles />
  </TransInfo>
  <TransInfo Description="Large Dirt to Jungle AC" HashKey="07070A0A07070A070A">
    <MapTiles>
      <MapTile TileID="172" AltIDMod="0" />
    </MapTiles>
    <StaticTiles />
  </TransInfo>
  <TransInfo Description="Large Dirt to Jungle AC" HashKey="07070A0A0707070A0A">
    <MapTiles>
      <MapTile TileID="172" AltIDMod="0" />
    </MapTiles>
    <StaticTiles />
  </TransInfo>
  <TransInfo Description="Large Dirt to Jungle AC" HashKey="07070A0A07070A0A0A">
    <MapTiles>
      <MapTile TileID="172" AltIDMod="0" />
    </MapTiles>
    <StaticTiles />
  </TransInfo>
  <TransInfo Description="Large Dirt to Jungle AC" HashKey="07070A0A070A070707">
    <MapTiles>
      <MapTile TileID="172" AltIDMod="0" />
    </MapTiles>
    <StaticTiles />
  </TransInfo>
  <TransInfo Description="Large Dirt to Jungle AC" HashKey="07070A0A070A0A0707">
    <MapTiles>
      <MapTile TileID="172" AltIDMod="0" />
    </MapTiles>
    <StaticTiles />
  </TransInfo>
  <TransInfo Description="Large Dirt to Jungle AC" HashKey="07070A0A070A070A07">
    <MapTiles>
      <MapTile TileID="172" AltIDMod="0" />
    </MapTiles>
    <StaticTiles />
  </TransInfo>
  <TransInfo Description="Large Dirt to Jungle AC" HashKey="07070A0A070A0A0A07">
    <MapTiles>
      <MapTile TileID="172" AltIDMod="0" />
    </MapTiles>
    <StaticTiles />
  </TransInfo>
  <TransInfo Description="Large Dirt to Jungle AC" HashKey="07070A0A070A07070A">
    <MapTiles>
      <MapTile TileID="172" AltIDMod="0" />
    </MapTiles>
    <StaticTiles />
  </TransInfo>
  <TransInfo Description="Large Dirt to Jungle AC" HashKey="07070A0A070A0A070A">
    <MapTiles>
      <MapTile TileID="172" AltIDMod="0" />
    </MapTiles>
    <StaticTiles />
  </TransInfo>
  <TransInfo Description="Large Dirt to Jungle AC" HashKey="07070A0A070A070A0A">
    <MapTiles>
      <MapTile TileID="172" AltIDMod="0" />
    </MapTiles>
    <StaticTiles />
  </TransInfo>
  <TransInfo Description="Large Dirt to Jungle AC" HashKey="07070A0A070A0A0A0A">
    <MapTiles>
      <MapTile TileID="172" AltIDMod="0" />
    </MapTiles>
    <StaticTiles />
  </TransInfo>
  <TransInfo Description="Large Dirt to Jungle AC" HashKey="070A07070707070A07">
    <MapTiles>
      <MapTile TileID="172" AltIDMod="0" />
    </MapTiles>
    <StaticTiles />
  </TransInfo>
  <TransInfo Description="Large Dirt to Jungle AC" HashKey="070A070A0707070A07">
    <MapTiles>
      <MapTile TileID="172" AltIDMod="0" />
    </MapTiles>
    <StaticTiles />
  </TransInfo>
  <TransInfo Description="Large Dirt to Jungle AC" HashKey="070A070707070A0A07">
    <MapTiles>
      <MapTile TileID="172" AltIDMod="0" />
    </MapTiles>
    <StaticTiles />
  </TransInfo>
  <TransInfo Description="Large Dirt to Jungle AC" HashKey="070A070A07070A0A07">
    <MapTiles>
      <MapTile TileID="172" AltIDMod="0" />
    </MapTiles>
    <StaticTiles />
  </TransInfo>
  <TransInfo Description="Large Dirt to Jungle AC" HashKey="070A070A070707070A">
    <MapTiles>
      <MapTile TileID="172" AltIDMod="0" />
    </MapTiles>
    <StaticTiles />
  </TransInfo>
  <TransInfo Description="Large Dirt to Jungle AC" HashKey="070A070707070A070A">
    <MapTiles>
      <MapTile TileID="172" AltIDMod="0" />
    </MapTiles>
    <StaticTiles />
  </TransInfo>
  <TransInfo Description="Large Dirt to Jungle AC" HashKey="070A070A07070A070A">
    <MapTiles>
      <MapTile TileID="172" AltIDMod="0" />
    </MapTiles>
    <StaticTiles />
  </TransInfo>
  <TransInfo Description="Large Dirt to Jungle AC" HashKey="070A07070707070A0A">
    <MapTiles>
      <MapTile TileID="172" AltIDMod="0" />
    </MapTiles>
    <StaticTiles />
  </TransInfo>
  <TransInfo Description="Large Dirt to Jungle AC" HashKey="070A070A0707070A0A">
    <MapTiles>
      <MapTile TileID="172" AltIDMod="0" />
    </MapTiles>
    <StaticTiles />
  </TransInfo>
  <TransInfo Description="Large Dirt to Jungle AC" HashKey="070A070707070A0A0A">
    <MapTiles>
      <MapTile TileID="172" AltIDMod="0" />
    </MapTiles>
    <StaticTiles />
  </TransInfo>
  <TransInfo Description="Large Dirt to Jungle AC" HashKey="070A070A07070A0A0A">
    <MapTiles>
      <MapTile TileID="172" AltIDMod="0" />
    </MapTiles>
    <StaticTiles />
  </TransInfo>
  <TransInfo Description="Large Dirt to Jungle AC" HashKey="070A070A070A070707">
    <MapTiles>
      <MapTile TileID="172" AltIDMod="0" />
    </MapTiles>
    <StaticTiles />
  </TransInfo>
  <TransInfo Description="Large Dirt to Jungle AC" HashKey="070A0707070A0A0707">
    <MapTiles>
      <MapTile TileID="172" AltIDMod="0" />
    </MapTiles>
    <StaticTiles />
  </TransInfo>
  <TransInfo Description="Large Dirt to Jungle AC" HashKey="070A070A070A0A0707">
    <MapTiles>
      <MapTile TileID="172" AltIDMod="0" />
    </MapTiles>
    <StaticTiles />
  </TransInfo>
  <TransInfo Description="Large Dirt to Jungle AC" HashKey="070A0707070A070A07">
    <MapTiles>
      <MapTile TileID="172" AltIDMod="0" />
    </MapTiles>
    <StaticTiles />
  </TransInfo>
  <TransInfo Description="Large Dirt to Jungle AC" HashKey="070A070A070A070A07">
    <MapTiles>
      <MapTile TileID="172" AltIDMod="0" />
    </MapTiles>
    <StaticTiles />
  </TransInfo>
  <TransInfo Description="Large Dirt to Jungle AC" HashKey="070A0707070A0A0A07">
    <MapTiles>
      <MapTile TileID="172" AltIDMod="0" />
    </MapTiles>
    <StaticTiles />
  </TransInfo>
  <TransInfo Description="Large Dirt to Jungle AC" HashKey="070A070A070A0A0A07">
    <MapTiles>
      <MapTile TileID="172" AltIDMod="0" />
    </MapTiles>
    <StaticTiles />
  </TransInfo>
  <TransInfo Description="Large Dirt to Jungle AC" HashKey="070A070A070A07070A">
    <MapTiles>
      <MapTile TileID="172" AltIDMod="0" />
    </MapTiles>
    <StaticTiles />
  </TransInfo>
  <TransInfo Description="Large Dirt to Jungle AC" HashKey="070A0707070A0A070A">
    <MapTiles>
      <MapTile TileID="172" AltIDMod="0" />
    </MapTiles>
    <StaticTiles />
  </TransInfo>
  <TransInfo Description="Large Dirt to Jungle AC" HashKey="070A070A070A0A070A">
    <MapTiles>
      <MapTile TileID="172" AltIDMod="0" />
    </MapTiles>
    <StaticTiles />
  </TransInfo>
  <TransInfo Description="Large Dirt to Jungle AC" HashKey="070A0707070A070A0A">
    <MapTiles>
      <MapTile TileID="172" AltIDMod="0" />
    </MapTiles>
    <StaticTiles />
  </TransInfo>
  <TransInfo Description="Large Dirt to Jungle AC" HashKey="070A070A070A070A0A">
    <MapTiles>
      <MapTile TileID="172" AltIDMod="0" />
    </MapTiles>
    <StaticTiles />
  </TransInfo>
  <TransInfo Description="Large Dirt to Jungle AC" HashKey="070A0707070A0A0A0A">
    <MapTiles>
      <MapTile TileID="172" AltIDMod="0" />
    </MapTiles>
    <StaticTiles />
  </TransInfo>
  <TransInfo Description="Large Dirt to Jungle AC" HashKey="070A070A070A0A0A0A">
    <MapTiles>
      <MapTile TileID="172" AltIDMod="0" />
    </MapTiles>
    <StaticTiles />
  </TransInfo>
  <TransInfo Description="Large Dirt to Jungle AC" HashKey="070A0A070707070A07">
    <MapTiles>
      <MapTile TileID="172" AltIDMod="0" />
    </MapTiles>
    <StaticTiles />
  </TransInfo>
  <TransInfo Description="Large Dirt to Jungle AC" HashKey="070A0A0A0707070A07">
    <MapTiles>
      <MapTile TileID="172" AltIDMod="0" />
    </MapTiles>
    <StaticTiles />
  </TransInfo>
  <TransInfo Description="Large Dirt to Jungle AC" HashKey="070A0A0707070A0A07">
    <MapTiles>
      <MapTile TileID="172" AltIDMod="0" />
    </MapTiles>
    <StaticTiles />
  </TransInfo>
  <TransInfo Description="Large Dirt to Jungle AC" HashKey="070A0A0A07070A0A07">
    <MapTiles>
      <MapTile TileID="172" AltIDMod="0" />
    </MapTiles>
    <StaticTiles />
  </TransInfo>
  <TransInfo Description="Large Dirt to Jungle AC" HashKey="070A0A0A070707070A">
    <MapTiles>
      <MapTile TileID="172" AltIDMod="0" />
    </MapTiles>
    <StaticTiles />
  </TransInfo>
  <TransInfo Description="Large Dirt to Jungle AC" HashKey="070A0A0707070A070A">
    <MapTiles>
      <MapTile TileID="172" AltIDMod="0" />
    </MapTiles>
    <StaticTiles />
  </TransInfo>
  <TransInfo Description="Large Dirt to Jungle AC" HashKey="070A0A0A07070A070A">
    <MapTiles>
      <MapTile TileID="172" AltIDMod="0" />
    </MapTiles>
    <StaticTiles />
  </TransInfo>
  <TransInfo Description="Large Dirt to Jungle AC" HashKey="070A0A070707070A0A">
    <MapTiles>
      <MapTile TileID="172" AltIDMod="0" />
    </MapTiles>
    <StaticTiles />
  </TransInfo>
  <TransInfo Description="Large Dirt to Jungle AC" HashKey="070A0A0A0707070A0A">
    <MapTiles>
      <MapTile TileID="172" AltIDMod="0" />
    </MapTiles>
    <StaticTiles />
  </TransInfo>
  <TransInfo Description="Large Dirt to Jungle AC" HashKey="070A0A0707070A0A0A">
    <MapTiles>
      <MapTile TileID="172" AltIDMod="0" />
    </MapTiles>
    <StaticTiles />
  </TransInfo>
  <TransInfo Description="Large Dirt to Jungle AC" HashKey="070A0A0A07070A0A0A">
    <MapTiles>
      <MapTile TileID="172" AltIDMod="0" />
    </MapTiles>
    <StaticTiles />
  </TransInfo>
  <TransInfo Description="Large Dirt to Jungle AC" HashKey="070A0A0A070A070707">
    <MapTiles>
      <MapTile TileID="172" AltIDMod="0" />
    </MapTiles>
    <StaticTiles />
  </TransInfo>
  <TransInfo Description="Large Dirt to Jungle AC" HashKey="070A0A07070A0A0707">
    <MapTiles>
      <MapTile TileID="172" AltIDMod="0" />
    </MapTiles>
    <StaticTiles />
  </TransInfo>
  <TransInfo Description="Large Dirt to Jungle AC" HashKey="070A0A0A070A0A0707">
    <MapTiles>
      <MapTile TileID="172" AltIDMod="0" />
    </MapTiles>
    <StaticTiles />
  </TransInfo>
  <TransInfo Description="Large Dirt to Jungle AC" HashKey="070A0A07070A070A07">
    <MapTiles>
      <MapTile TileID="172" AltIDMod="0" />
    </MapTiles>
    <StaticTiles />
  </TransInfo>
  <TransInfo Description="Large Dirt to Jungle AC" HashKey="070A0A0A070A070A07">
    <MapTiles>
      <MapTile TileID="172" AltIDMod="0" />
    </MapTiles>
    <StaticTiles />
  </TransInfo>
  <TransInfo Description="Large Dirt to Jungle AC" HashKey="070A0A07070A0A0A07">
    <MapTiles>
      <MapTile TileID="172" AltIDMod="0" />
    </MapTiles>
    <StaticTiles />
  </TransInfo>
  <TransInfo Description="Large Dirt to Jungle AC" HashKey="070A0A0A070A0A0A07">
    <MapTiles>
      <MapTile TileID="172" AltIDMod="0" />
    </MapTiles>
    <StaticTiles />
  </TransInfo>
  <TransInfo Description="Large Dirt to Jungle AC" HashKey="070A0A0A070A07070A">
    <MapTiles>
      <MapTile TileID="172" AltIDMod="0" />
    </MapTiles>
    <StaticTiles />
  </TransInfo>
  <TransInfo Description="Large Dirt to Jungle AC" HashKey="070A0A07070A0A070A">
    <MapTiles>
      <MapTile TileID="172" AltIDMod="0" />
    </MapTiles>
    <StaticTiles />
  </TransInfo>
  <TransInfo Description="Large Dirt to Jungle AC" HashKey="070A0A0A070A0A070A">
    <MapTiles>
      <MapTile TileID="172" AltIDMod="0" />
    </MapTiles>
    <StaticTiles />
  </TransInfo>
  <TransInfo Description="Large Dirt to Jungle AC" HashKey="070A0A07070A070A0A">
    <MapTiles>
      <MapTile TileID="172" AltIDMod="0" />
    </MapTiles>
    <StaticTiles />
  </TransInfo>
  <TransInfo Description="Large Dirt to Jungle AC" HashKey="070A0A0A070A070A0A">
    <MapTiles>
      <MapTile TileID="172" AltIDMod="0" />
    </MapTiles>
    <StaticTiles />
  </TransInfo>
  <TransInfo Description="Large Dirt to Jungle AC" HashKey="070A0A07070A0A0A0A">
    <MapTiles>
      <MapTile TileID="172" AltIDMod="0" />
    </MapTiles>
    <StaticTiles />
  </TransInfo>
  <TransInfo Description="Large Dirt to Jungle AC" HashKey="070A0A0A070A0A0A0A">
    <MapTiles>
      <MapTile TileID="172" AltIDMod="0" />
    </MapTiles>
    <StaticTiles />
  </TransInfo>
  <TransInfo Description="Large Dirt to Jungle AC" HashKey="0A07070A070A070707">
    <MapTiles>
      <MapTile TileID="172" AltIDMod="0" />
    </MapTiles>
    <StaticTiles />
  </TransInfo>
  <TransInfo Description="Large Dirt to Jungle AC" HashKey="0A070707070A0A0707">
    <MapTiles>
      <MapTile TileID="172" AltIDMod="0" />
    </MapTiles>
    <StaticTiles />
  </TransInfo>
  <TransInfo Description="Large Dirt to Jungle AC" HashKey="0A07070A070A0A0707">
    <MapTiles>
      <MapTile TileID="172" AltIDMod="0" />
    </MapTiles>
    <StaticTiles />
  </TransInfo>
  <TransInfo Description="Large Dirt to Jungle AC" HashKey="0A070707070A070A07">
    <MapTiles>
      <MapTile TileID="172" AltIDMod="0" />
    </MapTiles>
    <StaticTiles />
  </TransInfo>
  <TransInfo Description="Large Dirt to Jungle AC" HashKey="0A07070A070A070A07">
    <MapTiles>
      <MapTile TileID="172" AltIDMod="0" />
    </MapTiles>
    <StaticTiles />
  </TransInfo>
  <TransInfo Description="Large Dirt to Jungle AC" HashKey="0A070707070A0A0A07">
    <MapTiles>
      <MapTile TileID="172" AltIDMod="0" />
    </MapTiles>
    <StaticTiles />
  </TransInfo>
  <TransInfo Description="Large Dirt to Jungle AC" HashKey="0A07070A070A0A0A07">
    <MapTiles>
      <MapTile TileID="172" AltIDMod="0" />
    </MapTiles>
    <StaticTiles />
  </TransInfo>
  <TransInfo Description="Large Dirt to Jungle AC" HashKey="0A07070A070A07070A">
    <MapTiles>
      <MapTile TileID="172" AltIDMod="0" />
    </MapTiles>
    <StaticTiles />
  </TransInfo>
  <TransInfo Description="Large Dirt to Jungle AC" HashKey="0A070707070A0A070A">
    <MapTiles>
      <MapTile TileID="172" AltIDMod="0" />
    </MapTiles>
    <StaticTiles />
  </TransInfo>
  <TransInfo Description="Large Dirt to Jungle AC" HashKey="0A07070A070A0A070A">
    <MapTiles>
      <MapTile TileID="172" AltIDMod="0" />
    </MapTiles>
    <StaticTiles />
  </TransInfo>
  <TransInfo Description="Large Dirt to Jungle AC" HashKey="0A070707070A070A0A">
    <MapTiles>
      <MapTile TileID="172" AltIDMod="0" />
    </MapTiles>
    <StaticTiles />
  </TransInfo>
  <TransInfo Description="Large Dirt to Jungle AC" HashKey="0A07070A070A070A0A">
    <MapTiles>
      <MapTile TileID="172" AltIDMod="0" />
    </MapTiles>
    <StaticTiles />
  </TransInfo>
  <TransInfo Description="Large Dirt to Jungle AC" HashKey="0A070707070A0A0A0A">
    <MapTiles>
      <MapTile TileID="172" AltIDMod="0" />
    </MapTiles>
    <StaticTiles />
  </TransInfo>
  <TransInfo Description="Large Dirt to Jungle AC" HashKey="0A07070A070A0A0A0A">
    <MapTiles>
      <MapTile TileID="172" AltIDMod="0" />
    </MapTiles>
    <StaticTiles />
  </TransInfo>
  <TransInfo Description="Large Dirt to Jungle AC" HashKey="0A070A070707070A07">
    <MapTiles>
      <MapTile TileID="172" AltIDMod="0" />
    </MapTiles>
    <StaticTiles />
  </TransInfo>
  <TransInfo Description="Large Dirt to Jungle AC" HashKey="0A070A0A0707070A07">
    <MapTiles>
      <MapTile TileID="172" AltIDMod="0" />
    </MapTiles>
    <StaticTiles />
  </TransInfo>
  <TransInfo Description="Large Dirt to Jungle AC" HashKey="0A070A0707070A0A07">
    <MapTiles>
      <MapTile TileID="172" AltIDMod="0" />
    </MapTiles>
    <StaticTiles />
  </TransInfo>
  <TransInfo Description="Large Dirt to Jungle AC" HashKey="0A070A0A07070A0A07">
    <MapTiles>
      <MapTile TileID="172" AltIDMod="0" />
    </MapTiles>
    <StaticTiles />
  </TransInfo>
  <TransInfo Description="Large Dirt to Jungle AC" HashKey="0A070A0A070707070A">
    <MapTiles>
      <MapTile TileID="172" AltIDMod="0" />
    </MapTiles>
    <StaticTiles />
  </TransInfo>
  <TransInfo Description="Large Dirt to Jungle AC" HashKey="0A070A0707070A070A">
    <MapTiles>
      <MapTile TileID="172" AltIDMod="0" />
    </MapTiles>
    <StaticTiles />
  </TransInfo>
  <TransInfo Description="Large Dirt to Jungle AC" HashKey="0A070A0A07070A070A">
    <MapTiles>
      <MapTile TileID="172" AltIDMod="0" />
    </MapTiles>
    <StaticTiles />
  </TransInfo>
  <TransInfo Description="Large Dirt to Jungle AC" HashKey="0A070A070707070A0A">
    <MapTiles>
      <MapTile TileID="172" AltIDMod="0" />
    </MapTiles>
    <StaticTiles />
  </TransInfo>
  <TransInfo Description="Large Dirt to Jungle AC" HashKey="0A070A0A0707070A0A">
    <MapTiles>
      <MapTile TileID="172" AltIDMod="0" />
    </MapTiles>
    <StaticTiles />
  </TransInfo>
  <TransInfo Description="Large Dirt to Jungle AC" HashKey="0A070A0707070A0A0A">
    <MapTiles>
      <MapTile TileID="172" AltIDMod="0" />
    </MapTiles>
    <StaticTiles />
  </TransInfo>
  <TransInfo Description="Large Dirt to Jungle AC" HashKey="0A070A0A07070A0A0A">
    <MapTiles>
      <MapTile TileID="172" AltIDMod="0" />
    </MapTiles>
    <StaticTiles />
  </TransInfo>
  <TransInfo Description="Large Dirt to Jungle AC" HashKey="0A070A0A070A070707">
    <MapTiles>
      <MapTile TileID="172" AltIDMod="0" />
    </MapTiles>
    <StaticTiles />
  </TransInfo>
  <TransInfo Description="Large Dirt to Jungle AC" HashKey="0A070A07070A0A0707">
    <MapTiles>
      <MapTile TileID="172" AltIDMod="0" />
    </MapTiles>
    <StaticTiles />
  </TransInfo>
  <TransInfo Description="Large Dirt to Jungle AC" HashKey="0A070A0A070A0A0707">
    <MapTiles>
      <MapTile TileID="172" AltIDMod="0" />
    </MapTiles>
    <StaticTiles />
  </TransInfo>
  <TransInfo Description="Large Dirt to Jungle AC" HashKey="0A070A07070A070A07">
    <MapTiles>
      <MapTile TileID="172" AltIDMod="0" />
    </MapTiles>
    <StaticTiles />
  </TransInfo>
  <TransInfo Description="Large Dirt to Jungle AC" HashKey="0A070A0A070A070A07">
    <MapTiles>
      <MapTile TileID="172" AltIDMod="0" />
    </MapTiles>
    <StaticTiles />
  </TransInfo>
  <TransInfo Description="Large Dirt to Jungle AC" HashKey="0A070A07070A0A0A07">
    <MapTiles>
      <MapTile TileID="172" AltIDMod="0" />
    </MapTiles>
    <StaticTiles />
  </TransInfo>
  <TransInfo Description="Large Dirt to Jungle AC" HashKey="0A070A0A070A0A0A07">
    <MapTiles>
      <MapTile TileID="172" AltIDMod="0" />
    </MapTiles>
    <StaticTiles />
  </TransInfo>
  <TransInfo Description="Large Dirt to Jungle AC" HashKey="0A070A0A070A07070A">
    <MapTiles>
      <MapTile TileID="172" AltIDMod="0" />
    </MapTiles>
    <StaticTiles />
  </TransInfo>
  <TransInfo Description="Large Dirt to Jungle AC" HashKey="0A070A07070A0A070A">
    <MapTiles>
      <MapTile TileID="172" AltIDMod="0" />
    </MapTiles>
    <StaticTiles />
  </TransInfo>
  <TransInfo Description="Large Dirt to Jungle AC" HashKey="0A070A0A070A0A070A">
    <MapTiles>
      <MapTile TileID="172" AltIDMod="0" />
    </MapTiles>
    <StaticTiles />
  </TransInfo>
  <TransInfo Description="Large Dirt to Jungle AC" HashKey="0A070A07070A070A0A">
    <MapTiles>
      <MapTile TileID="172" AltIDMod="0" />
    </MapTiles>
    <StaticTiles />
  </TransInfo>
  <TransInfo Description="Large Dirt to Jungle AC" HashKey="0A070A0A070A070A0A">
    <MapTiles>
      <MapTile TileID="172" AltIDMod="0" />
    </MapTiles>
    <StaticTiles />
  </TransInfo>
  <TransInfo Description="Large Dirt to Jungle AC" HashKey="0A070A07070A0A0A0A">
    <MapTiles>
      <MapTile TileID="172" AltIDMod="0" />
    </MapTiles>
    <StaticTiles />
  </TransInfo>
  <TransInfo Description="Large Dirt to Jungle AC" HashKey="0A070A0A070A0A0A0A">
    <MapTiles>
      <MapTile TileID="172" AltIDMod="0" />
    </MapTiles>
    <StaticTiles />
  </TransInfo>
  <TransInfo Description="Large Dirt to Jungle AC" HashKey="0A0A07070707070A07">
    <MapTiles>
      <MapTile TileID="172" AltIDMod="0" />
    </MapTiles>
    <StaticTiles />
  </TransInfo>
  <TransInfo Description="Large Dirt to Jungle AC" HashKey="0A0A070A0707070A07">
    <MapTiles>
      <MapTile TileID="172" AltIDMod="0" />
    </MapTiles>
    <StaticTiles />
  </TransInfo>
  <TransInfo Description="Large Dirt to Jungle AC" HashKey="0A0A070707070A0A07">
    <MapTiles>
      <MapTile TileID="172" AltIDMod="0" />
    </MapTiles>
    <StaticTiles />
  </TransInfo>
  <TransInfo Description="Large Dirt to Jungle AC" HashKey="0A0A070A07070A0A07">
    <MapTiles>
      <MapTile TileID="172" AltIDMod="0" />
    </MapTiles>
    <StaticTiles />
  </TransInfo>
  <TransInfo Description="Large Dirt to Jungle AC" HashKey="0A0A070A070707070A">
    <MapTiles>
      <MapTile TileID="172" AltIDMod="0" />
    </MapTiles>
    <StaticTiles />
  </TransInfo>
  <TransInfo Description="Large Dirt to Jungle AC" HashKey="0A0A070707070A070A">
    <MapTiles>
      <MapTile TileID="172" AltIDMod="0" />
    </MapTiles>
    <StaticTiles />
  </TransInfo>
  <TransInfo Description="Large Dirt to Jungle AC" HashKey="0A0A070A07070A070A">
    <MapTiles>
      <MapTile TileID="172" AltIDMod="0" />
    </MapTiles>
    <StaticTiles />
  </TransInfo>
  <TransInfo Description="Large Dirt to Jungle AC" HashKey="0A0A07070707070A0A">
    <MapTiles>
      <MapTile TileID="172" AltIDMod="0" />
    </MapTiles>
    <StaticTiles />
  </TransInfo>
  <TransInfo Description="Large Dirt to Jungle AC" HashKey="0A0A070A0707070A0A">
    <MapTiles>
      <MapTile TileID="172" AltIDMod="0" />
    </MapTiles>
    <StaticTiles />
  </TransInfo>
  <TransInfo Description="Large Dirt to Jungle AC" HashKey="0A0A070707070A0A0A">
    <MapTiles>
      <MapTile TileID="172" AltIDMod="0" />
    </MapTiles>
    <StaticTiles />
  </TransInfo>
  <TransInfo Description="Large Dirt to Jungle AC" HashKey="0A0A070A07070A0A0A">
    <MapTiles>
      <MapTile TileID="172" AltIDMod="0" />
    </MapTiles>
    <StaticTiles />
  </TransInfo>
  <TransInfo Description="Large Dirt to Jungle AC" HashKey="0A0A070A070A070707">
    <MapTiles>
      <MapTile TileID="172" AltIDMod="0" />
    </MapTiles>
    <StaticTiles />
  </TransInfo>
  <TransInfo Description="Large Dirt to Jungle AC" HashKey="0A0A0707070A0A0707">
    <MapTiles>
      <MapTile TileID="172" AltIDMod="0" />
    </MapTiles>
    <StaticTiles />
  </TransInfo>
  <TransInfo Description="Large Dirt to Jungle AC" HashKey="0A0A070A070A0A0707">
    <MapTiles>
      <MapTile TileID="172" AltIDMod="0" />
    </MapTiles>
    <StaticTiles />
  </TransInfo>
  <TransInfo Description="Large Dirt to Jungle AC" HashKey="0A0A0707070A070A07">
    <MapTiles>
      <MapTile TileID="172" AltIDMod="0" />
    </MapTiles>
    <StaticTiles />
  </TransInfo>
  <TransInfo Description="Large Dirt to Jungle AC" HashKey="0A0A070A070A070A07">
    <MapTiles>
      <MapTile TileID="172" AltIDMod="0" />
    </MapTiles>
    <StaticTiles />
  </TransInfo>
  <TransInfo Description="Large Dirt to Jungle AC" HashKey="0A0A0707070A0A0A07">
    <MapTiles>
      <MapTile TileID="172" AltIDMod="0" />
    </MapTiles>
    <StaticTiles />
  </TransInfo>
  <TransInfo Description="Large Dirt to Jungle AC" HashKey="0A0A070A070A0A0A07">
    <MapTiles>
      <MapTile TileID="172" AltIDMod="0" />
    </MapTiles>
    <StaticTiles />
  </TransInfo>
  <TransInfo Description="Large Dirt to Jungle AC" HashKey="0A0A070A070A07070A">
    <MapTiles>
      <MapTile TileID="172" AltIDMod="0" />
    </MapTiles>
    <StaticTiles />
  </TransInfo>
  <TransInfo Description="Large Dirt to Jungle AC" HashKey="0A0A0707070A0A070A">
    <MapTiles>
      <MapTile TileID="172" AltIDMod="0" />
    </MapTiles>
    <StaticTiles />
  </TransInfo>
  <TransInfo Description="Large Dirt to Jungle AC" HashKey="0A0A070A070A0A070A">
    <MapTiles>
      <MapTile TileID="172" AltIDMod="0" />
    </MapTiles>
    <StaticTiles />
  </TransInfo>
  <TransInfo Description="Large Dirt to Jungle AC" HashKey="0A0A0707070A070A0A">
    <MapTiles>
      <MapTile TileID="172" AltIDMod="0" />
    </MapTiles>
    <StaticTiles />
  </TransInfo>
  <TransInfo Description="Large Dirt to Jungle AC" HashKey="0A0A070A070A070A0A">
    <MapTiles>
      <MapTile TileID="172" AltIDMod="0" />
    </MapTiles>
    <StaticTiles />
  </TransInfo>
  <TransInfo Description="Large Dirt to Jungle AC" HashKey="0A0A0707070A0A0A0A">
    <MapTiles>
      <MapTile TileID="172" AltIDMod="0" />
    </MapTiles>
    <StaticTiles />
  </TransInfo>
  <TransInfo Description="Large Dirt to Jungle AC" HashKey="0A0A070A070A0A0A0A">
    <MapTiles>
      <MapTile TileID="172" AltIDMod="0" />
    </MapTiles>
    <StaticTiles />
  </TransInfo>
  <TransInfo Description="Large Dirt to Jungle AC" HashKey="0A0A0A070707070A07">
    <MapTiles>
      <MapTile TileID="172" AltIDMod="0" />
    </MapTiles>
    <StaticTiles />
  </TransInfo>
  <TransInfo Description="Large Dirt to Jungle AC" HashKey="0A0A0A0A0707070A07">
    <MapTiles>
      <MapTile TileID="172" AltIDMod="0" />
    </MapTiles>
    <StaticTiles />
  </TransInfo>
  <TransInfo Description="Large Dirt to Jungle AC" HashKey="0A0A0A0707070A0A07">
    <MapTiles>
      <MapTile TileID="172" AltIDMod="0" />
    </MapTiles>
    <StaticTiles />
  </TransInfo>
  <TransInfo Description="Large Dirt to Jungle AC" HashKey="0A0A0A0A07070A0A07">
    <MapTiles>
      <MapTile TileID="172" AltIDMod="0" />
    </MapTiles>
    <StaticTiles />
  </TransInfo>
  <TransInfo Description="Large Dirt to Jungle AC" HashKey="0A0A0A0A070707070A">
    <MapTiles>
      <MapTile TileID="172" AltIDMod="0" />
    </MapTiles>
    <StaticTiles />
  </TransInfo>
  <TransInfo Description="Large Dirt to Jungle AC" HashKey="0A0A0A0707070A070A">
    <MapTiles>
      <MapTile TileID="172" AltIDMod="0" />
    </MapTiles>
    <StaticTiles />
  </TransInfo>
  <TransInfo Description="Large Dirt to Jungle AC" HashKey="0A0A0A0A07070A070A">
    <MapTiles>
      <MapTile TileID="172" AltIDMod="0" />
    </MapTiles>
    <StaticTiles />
  </TransInfo>
  <TransInfo Description="Large Dirt to Jungle AC" HashKey="0A0A0A070707070A0A">
    <MapTiles>
      <MapTile TileID="172" AltIDMod="0" />
    </MapTiles>
    <StaticTiles />
  </TransInfo>
  <TransInfo Description="Large Dirt to Jungle AC" HashKey="0A0A0A0A0707070A0A">
    <MapTiles>
      <MapTile TileID="172" AltIDMod="0" />
    </MapTiles>
    <StaticTiles />
  </TransInfo>
  <TransInfo Description="Large Dirt to Jungle AC" HashKey="0A0A0A0707070A0A0A">
    <MapTiles>
      <MapTile TileID="172" AltIDMod="0" />
    </MapTiles>
    <StaticTiles />
  </TransInfo>
  <TransInfo Description="Large Dirt to Jungle AC" HashKey="0A0A0A0A07070A0A0A">
    <MapTiles>
      <MapTile TileID="172" AltIDMod="0" />
    </MapTiles>
    <StaticTiles />
  </TransInfo>
  <TransInfo Description="Large Dirt to Jungle AC" HashKey="0A0A0A0A070A070707">
    <MapTiles>
      <MapTile TileID="172" AltIDMod="0" />
    </MapTiles>
    <StaticTiles />
  </TransInfo>
  <TransInfo Description="Large Dirt to Jungle AC" HashKey="0A0A0A07070A0A0707">
    <MapTiles>
      <MapTile TileID="172" AltIDMod="0" />
    </MapTiles>
    <StaticTiles />
  </TransInfo>
  <TransInfo Description="Large Dirt to Jungle AC" HashKey="0A0A0A0A070A0A0707">
    <MapTiles>
      <MapTile TileID="172" AltIDMod="0" />
    </MapTiles>
    <StaticTiles />
  </TransInfo>
  <TransInfo Description="Large Dirt to Jungle AC" HashKey="0A0A0A07070A070A07">
    <MapTiles>
      <MapTile TileID="172" AltIDMod="0" />
    </MapTiles>
    <StaticTiles />
  </TransInfo>
  <TransInfo Description="Large Dirt to Jungle AC" HashKey="0A0A0A0A070A070A07">
    <MapTiles>
      <MapTile TileID="172" AltIDMod="0" />
    </MapTiles>
    <StaticTiles />
  </TransInfo>
  <TransInfo Description="Large Dirt to Jungle AC" HashKey="0A0A0A07070A0A0A07">
    <MapTiles>
      <MapTile TileID="172" AltIDMod="0" />
    </MapTiles>
    <StaticTiles />
  </TransInfo>
  <TransInfo Description="Large Dirt to Jungle AC" HashKey="0A0A0A0A070A0A0A07">
    <MapTiles>
      <MapTile TileID="172" AltIDMod="0" />
    </MapTiles>
    <StaticTiles />
  </TransInfo>
  <TransInfo Description="Large Dirt to Jungle AC" HashKey="0A0A0A0A070A07070A">
    <MapTiles>
      <MapTile TileID="172" AltIDMod="0" />
    </MapTiles>
    <StaticTiles />
  </TransInfo>
  <TransInfo Description="Large Dirt to Jungle AC" HashKey="0A0A0A07070A0A070A">
    <MapTiles>
      <MapTile TileID="172" AltIDMod="0" />
    </MapTiles>
    <StaticTiles />
  </TransInfo>
  <TransInfo Description="Large Dirt to Jungle AC" HashKey="0A0A0A0A070A0A070A">
    <MapTiles>
      <MapTile TileID="172" AltIDMod="0" />
    </MapTiles>
    <StaticTiles />
  </TransInfo>
  <TransInfo Description="Large Dirt to Jungle AC" HashKey="0A0A0A07070A070A0A">
    <MapTiles>
      <MapTile TileID="172" AltIDMod="0" />
    </MapTiles>
    <StaticTiles />
  </TransInfo>
  <TransInfo Description="Large Dirt to Jungle AC" HashKey="0A0A0A0A070A070A0A">
    <MapTiles>
      <MapTile TileID="172" AltIDMod="0" />
    </MapTiles>
    <StaticTiles />
  </TransInfo>
  <TransInfo Description="Large Dirt to Jungle AC" HashKey="0A0A0A07070A0A0A0A">
    <MapTiles>
      <MapTile TileID="172" AltIDMod="0" />
    </MapTiles>
    <StaticTiles />
  </TransInfo>
  <TransInfo Description="Large Dirt to Jungle AC" HashKey="0A0A0A0A070A0A0A0A">
    <MapTiles>
      <MapTile TileID="172" AltIDMod="0" />
    </MapTiles>
    <StaticTiles />
  </TransInfo>
  <TransInfo Description="Large Dirt to Jungle IWE" HashKey="0A070707070707070A">
    <MapTiles>
      <MapTile TileID="113" AltIDMod="0" />
    </MapTiles>
    <StaticTiles />
  </TransInfo>
  <TransInfo Description="Large Dirt to Jungle INS" HashKey="07070A0707070A0707">
    <MapTiles>
      <MapTile TileID="113" AltIDMod="0" />
    </MapTiles>
    <StaticTiles />
  </TransInfo>
</Trans>