<?xml version="1.0" encoding="utf-8"?>
<Dragon>
    <HexCode GroupID="00" Alt="88" Terrain="1" />
    <HexCode GroupID="01" Alt="89" Terrain="1" />
    <HexCode GroupID="02" Alt="90" Terrain="1" />
    <HexCode GroupID="03" Alt="91" Terrain="1" />
    <HexCode GroupID="04" Alt="92" Terrain="1" />
    <HexCode GroupID="05" Alt="93" Terrain="1" />
    <HexCode GroupID="06" Alt="94" Terrain="1" />
    <HexCode GroupID="07" Alt="95" Terrain="1" />
    <HexCode GroupID="08" Alt="96" Terrain="1" />
    <HexCode GroupID="09" Alt="97" Terrain="1" />
    <HexCode GroupID="0a" Alt="98" Terrain="1" />
    <HexCode GroupID="0b" Alt="99" Terrain="1" />
    <HexCode GroupID="0c" Alt="100" Terrain="1" />
    <HexCode GroupID="0d" Alt="101" Terrain="1" />
    <HexCode GroupID="0e" Alt="101" Terrain="1" />
    <HexCode GroupID="10" Alt="88" Terrain="8" />
    <HexCode GroupID="11" Alt="89" Terrain="8" />
    <HexCode GroupID="12" Alt="90" Terrain="8" />
    <HexCode GroupID="13" Alt="91" Terrain="8" />
    <HexCode GroupID="14" Alt="92" Terrain="8" />
    <HexCode GroupID="15" Alt="93" Terrain="8" />
    <HexCode GroupID="16" Alt="94" Terrain="8" />
    <HexCode GroupID="17" Alt="95" Terrain="8" />
    <HexCode GroupID="18" Alt="96" Terrain="8" />
    <HexCode GroupID="19" Alt="97" Terrain="8" />
    <HexCode GroupID="1a" Alt="98" Terrain="8" />
    <HexCode GroupID="1b" Alt="99" Terrain="8" />
    <HexCode GroupID="1c" Alt="100" Terrain="8" />
    <HexCode GroupID="1d" Alt="101" Terrain="8" />
    <HexCode GroupID="1e" Alt="101" Terrain="8" />
    <HexCode GroupID="20" Alt="23" Terrain="5" />
    <HexCode GroupID="21" Alt="25" Terrain="5" />
    <HexCode GroupID="22" Alt="26" Terrain="5" />
    <HexCode GroupID="23" Alt="27" Terrain="5" />
    <HexCode GroupID="a7" Alt="28" Terrain="5" />
    <HexCode GroupID="a8" Alt="29" Terrain="5" />
    <HexCode GroupID="a9" Alt="30" Terrain="5" />
    <HexCode GroupID="aa" Alt="31" Terrain="5" />
    <HexCode GroupID="ab" Alt="32" Terrain="5" />
    <HexCode GroupID="ac" Alt="33" Terrain="5" />
    <HexCode GroupID="ad" Alt="34" Terrain="5" />
    <HexCode GroupID="24" Alt="88" Terrain="21" />
    <HexCode GroupID="25" Alt="89" Terrain="21" />
    <HexCode GroupID="26" Alt="90" Terrain="21" />
    <HexCode GroupID="27" Alt="91" Terrain="21" />
    <HexCode GroupID="28" Alt="92" Terrain="21" />
    <HexCode GroupID="29" Alt="93" Terrain="21" />
    <HexCode GroupID="2a" Alt="94" Terrain="21" />
    <HexCode GroupID="2b" Alt="95" Terrain="21" />
    <HexCode GroupID="2c" Alt="96" Terrain="21" />
    <HexCode GroupID="2d" Alt="97" Terrain="21" />
    <HexCode GroupID="2e" Alt="98" Terrain="21" />
    <HexCode GroupID="a0" Alt="88" Terrain="19" />
    <HexCode GroupID="a1" Alt="90" Terrain="19" />
    <HexCode GroupID="a2" Alt="92" Terrain="19" />
    <HexCode GroupID="a3" Alt="94" Terrain="19" />
    <HexCode GroupID="a4" Alt="96" Terrain="19" />
    <HexCode GroupID="a5" Alt="98" Terrain="19" />
    <HexCode GroupID="a6" Alt="100" Terrain="19" />
    <HexCode GroupID="30" Alt="88" Terrain="4" />
    <HexCode GroupID="31" Alt="89" Terrain="4" />
    <HexCode GroupID="32" Alt="90" Terrain="4" />
    <HexCode GroupID="33" Alt="91" Terrain="4" />
    <HexCode GroupID="34" Alt="92" Terrain="4" />
    <HexCode GroupID="35" Alt="93" Terrain="4" />
    <HexCode GroupID="36" Alt="94" Terrain="4" />
    <HexCode GroupID="37" Alt="95" Terrain="4" />
    <HexCode GroupID="38" Alt="96" Terrain="4" />
    <HexCode GroupID="39" Alt="97" Terrain="4" />
    <HexCode GroupID="3a" Alt="98" Terrain="4" />
    <HexCode GroupID="3b" Alt="99" Terrain="4" />
    <HexCode GroupID="3c" Alt="100" Terrain="4" />
    <HexCode GroupID="3d" Alt="101" Terrain="4" />
    <HexCode GroupID="3e" Alt="102" Terrain="4" />
    <HexCode GroupID="40" Alt="156" Terrain="18" />
    <HexCode GroupID="41" Alt="158" Terrain="18" />
    <HexCode GroupID="42" Alt="162" Terrain="18" />
    <HexCode GroupID="43" Alt="164" Terrain="18" />
    <HexCode GroupID="44" Alt="165" Terrain="18" />
    <HexCode GroupID="45" Alt="166" Terrain="18" />
    <HexCode GroupID="46" Alt="167" Terrain="18" />
    <HexCode GroupID="47" Alt="168" Terrain="18" />
    <HexCode GroupID="48" Alt="169" Terrain="18" />
    <HexCode GroupID="49" Alt="170" Terrain="18" />
    <HexCode GroupID="4a" Alt="153" Terrain="18" />
    <HexCode GroupID="4b" Alt="154" Terrain="18" />
    <HexCode GroupID="4c" Alt="157" Terrain="18" />
    <HexCode GroupID="4d" Alt="159" Terrain="18" />
    <HexCode GroupID="4e" Alt="152" Terrain="18" />
    <HexCode GroupID="60" Alt="88" Terrain="12" />
    <HexCode GroupID="61" Alt="89" Terrain="12" />
    <HexCode GroupID="62" Alt="90" Terrain="12" />
    <HexCode GroupID="63" Alt="91" Terrain="12" />
    <HexCode GroupID="64" Alt="92" Terrain="12" />
    <HexCode GroupID="65" Alt="93" Terrain="12" />
    <HexCode GroupID="66" Alt="94" Terrain="12" />
    <HexCode GroupID="67" Alt="95" Terrain="12" />
    <HexCode GroupID="68" Alt="96" Terrain="12" />
    <HexCode GroupID="69" Alt="97" Terrain="12" />
    <HexCode GroupID="6a" Alt="98" Terrain="12" />
    <HexCode GroupID="6b" Alt="99" Terrain="12" />
    <HexCode GroupID="6c" Alt="100" Terrain="12" />
    <HexCode GroupID="6d" Alt="101" Terrain="12" />
    <HexCode GroupID="6e" Alt="102" Terrain="12" />
    <HexCode GroupID="70" Alt="88" Terrain="10" />
    <HexCode GroupID="71" Alt="89" Terrain="10" />
    <HexCode GroupID="72" Alt="90" Terrain="10" />
    <HexCode GroupID="73" Alt="91" Terrain="10" />
    <HexCode GroupID="74" Alt="92" Terrain="10" />
    <HexCode GroupID="75" Alt="93" Terrain="10" />
    <HexCode GroupID="76" Alt="94" Terrain="10" />
    <HexCode GroupID="77" Alt="95" Terrain="10" />
    <HexCode GroupID="78" Alt="96" Terrain="10" />
    <HexCode GroupID="79" Alt="97" Terrain="10" />
    <HexCode GroupID="7a" Alt="98" Terrain="10" />
    <HexCode GroupID="7b" Alt="99" Terrain="10" />
    <HexCode GroupID="7c" Alt="100" Terrain="10" />
    <HexCode GroupID="7d" Alt="101" Terrain="10" />
    <HexCode GroupID="7e" Alt="102" Terrain="10" />
    <HexCode GroupID="80" Alt="88" Terrain="8" />
    <HexCode GroupID="81" Alt="89" Terrain="8" />
    <HexCode GroupID="82" Alt="90" Terrain="8" />
    <HexCode GroupID="83" Alt="91" Terrain="8" />
    <HexCode GroupID="84" Alt="92" Terrain="8" />
    <HexCode GroupID="85" Alt="93" Terrain="8" />
    <HexCode GroupID="86" Alt="94" Terrain="8" />
    <HexCode GroupID="87" Alt="95" Terrain="8" />
    <HexCode GroupID="88" Alt="96" Terrain="8" />
    <HexCode GroupID="89" Alt="97" Terrain="8" />
    <HexCode GroupID="8a" Alt="98" Terrain="8" />
    <HexCode GroupID="8b" Alt="99" Terrain="8" />
    <HexCode GroupID="8c" Alt="100" Terrain="8" />
    <HexCode GroupID="8d" Alt="101" Terrain="8" />
    <HexCode GroupID="8e" Alt="102" Terrain="8" />
    <HexCode GroupID="90" Alt="216" Terrain="24" />
    <HexCode GroupID="91" Alt="217" Terrain="24" />
    <HexCode GroupID="92" Alt="218" Terrain="24" />
    <HexCode GroupID="93" Alt="219" Terrain="24" />
    <HexCode GroupID="94" Alt="220" Terrain="24" />
    <HexCode GroupID="95" Alt="221" Terrain="24" />
    <HexCode GroupID="96" Alt="222" Terrain="24" />
    <HexCode GroupID="97" Alt="223" Terrain="24" />
    <HexCode GroupID="98" Alt="224" Terrain="24" />
    <HexCode GroupID="99" Alt="225" Terrain="24" />
    <HexCode GroupID="9a" Alt="226" Terrain="24" />
    <HexCode GroupID="9b" Alt="227" Terrain="24" />
    <HexCode GroupID="9c" Alt="228" Terrain="24" />
    <HexCode GroupID="9d" Alt="229" Terrain="24" />
    <HexCode GroupID="9e" Alt="230" Terrain="24" />
    <HexCode GroupID="b0" Alt="216" Terrain="22" />
    <HexCode GroupID="b1" Alt="217" Terrain="22" />
    <HexCode GroupID="b2" Alt="218" Terrain="22" />
    <HexCode GroupID="b3" Alt="219" Terrain="22" />
    <HexCode GroupID="b4" Alt="220" Terrain="22" />
    <HexCode GroupID="b5" Alt="221" Terrain="22" />
    <HexCode GroupID="b6" Alt="222" Terrain="22" />
    <HexCode GroupID="c0" Alt="216" Terrain="30" />
    <HexCode GroupID="c1" Alt="217" Terrain="30" />
    <HexCode GroupID="c2" Alt="218" Terrain="30" />
    <HexCode GroupID="c3" Alt="219" Terrain="30" />
    <HexCode GroupID="c4" Alt="220" Terrain="30" />
    <HexCode GroupID="c5" Alt="221" Terrain="30" />
    <HexCode GroupID="c6" Alt="222" Terrain="30" />
    <HexCode GroupID="c7" Alt="223" Terrain="30" />
    <HexCode GroupID="c8" Alt="224" Terrain="30" />
    <HexCode GroupID="c9" Alt="88" Terrain="21" />
    <HexCode GroupID="ca" Alt="89" Terrain="21" />
    <HexCode GroupID="cb" Alt="90" Terrain="21" />
    <HexCode GroupID="cc" Alt="91" Terrain="21" />
    <HexCode GroupID="d0" Alt="216" Terrain="30" />
    <HexCode GroupID="d1" Alt="217" Terrain="30" />
    <HexCode GroupID="d2" Alt="218" Terrain="30" />
    <HexCode GroupID="d3" Alt="219" Terrain="30" />
    <HexCode GroupID="d4" Alt="220" Terrain="30" />
    <HexCode GroupID="e0" Alt="216" Terrain="32" />
    <HexCode GroupID="e1" Alt="217" Terrain="32" />
    <HexCode GroupID="e2" Alt="218" Terrain="32" />
    <HexCode GroupID="e3" Alt="219" Terrain="32" />
    <HexCode GroupID="e4" Alt="220" Terrain="32" />
    <HexCode GroupID="f0" Alt="88" Terrain="13" />
    <HexCode GroupID="f1" Alt="89" Terrain="13" />
    <HexCode GroupID="f2" Alt="90" Terrain="13" />
    <HexCode GroupID="f3" Alt="91" Terrain="13" />
    <HexCode GroupID="d5" Alt="216" Terrain="30" />
    <HexCode GroupID="d6" Alt="217" Terrain="30" />
    <HexCode GroupID="d7" Alt="218" Terrain="30" />
    <HexCode GroupID="d8" Alt="219" Terrain="30" />
    <HexCode GroupID="d9" Alt="220" Terrain="30" />
    <HexCode GroupID="da" Alt="216" Terrain="29" />
    <HexCode GroupID="db" Alt="217" Terrain="29" />
    <HexCode GroupID="dc" Alt="218" Terrain="29" />
    <HexCode GroupID="dd" Alt="219" Terrain="29" />
    <HexCode GroupID="de" Alt="220" Terrain="29" />
    <HexCode GroupID="df" Alt="84" Terrain="7" />
    <HexCode GroupID="e5" Alt="216" Terrain="40" />
    <HexCode GroupID="e6" Alt="217" Terrain="40" />
    <HexCode GroupID="e7" Alt="218" Terrain="40" />
    <HexCode GroupID="e8" Alt="219" Terrain="40" />
    <HexCode GroupID="e9" Alt="220" Terrain="40" />
    <HexCode GroupID="f4" Alt="88" Terrain="4" />
    <HexCode GroupID="f5" Alt="88" Terrain="4" />
    <HexCode GroupID="f6" Alt="88" Terrain="4" />
    <HexCode GroupID="f7" Alt="88" Terrain="4" />
    <HexCode GroupID="f8" Alt="88" Terrain="12" />
    <HexCode GroupID="f9" Alt="88" Terrain="12" />
    <HexCode GroupID="fa" Alt="88" Terrain="12" />
    <HexCode GroupID="fb" Alt="88" Terrain="12" />
    <HexCode GroupID="fc" Alt="88" Terrain="1" />
    <HexCode GroupID="fd" Alt="88" Terrain="1" />
    <HexCode GroupID="fe" Alt="88" Terrain="1" />
    <HexCode GroupID="ff" Alt="88" Terrain="1" />
    <HexCode GroupID="50" Alt="88" Terrain="41" />
    <HexCode GroupID="51" Alt="89" Terrain="41" />
    <HexCode GroupID="52" Alt="90" Terrain="41" />
    <HexCode GroupID="53" Alt="91" Terrain="41" />
    <HexCode GroupID="54" Alt="92" Terrain="41" />
    <HexCode GroupID="55" Alt="93" Terrain="41" />
    <HexCode GroupID="56" Alt="94" Terrain="41" />
    <HexCode GroupID="57" Alt="95" Terrain="41" />
    <HexCode GroupID="58" Alt="96" Terrain="41" />
    <HexCode GroupID="59" Alt="97" Terrain="41" />
    <HexCode GroupID="5a" Alt="98" Terrain="41" />
    <HexCode GroupID="5b" Alt="99" Terrain="41" />
    <HexCode GroupID="5c" Alt="100" Terrain="41" />
    <HexCode GroupID="5d" Alt="101" Terrain="41" />
    <HexCode GroupID="5e" Alt="102" Terrain="41" />
    <HexCode GroupID="b7" Alt="88" Terrain="42" />
    <HexCode GroupID="b8" Alt="90" Terrain="42" />
    <HexCode GroupID="b9" Alt="91" Terrain="42" />
    <HexCode GroupID="ba" Alt="93" Terrain="42" />
    <HexCode GroupID="bb" Alt="94" Terrain="42" />
    <HexCode GroupID="bc" Alt="96" Terrain="42" />
    <HexCode GroupID="bd" Alt="97" Terrain="42" />
    <HexCode GroupID="be" Alt="99" Terrain="42" />
    <HexCode GroupID="bf" Alt="100" Terrain="42" />
    <HexCode GroupID="3f" Alt="91" Terrain="255" />
    <HexCode GroupID="4f" Alt="94" Terrain="255" />
    <HexCode GroupID="5f" Alt="97" Terrain="255" />
    <HexCode GroupID="9f" Alt="88" Terrain="14" />
    <HexCode GroupID="1f" Alt="88" Terrain="2" />
    <HexCode GroupID="6f" Alt="88" Terrain="255" />
    <HexCode GroupID="7f" Alt="89" Terrain="255" />
    <HexCode GroupID="8f" Alt="90" Terrain="255" />
    <HexCode GroupID="ea" Alt="88" Terrain="0" />
    <HexCode GroupID="eb" Alt="90" Terrain="0" />
    <HexCode GroupID="ec" Alt="91" Terrain="0" />
    <HexCode GroupID="ed" Alt="93" Terrain="0" />
    <HexCode GroupID="ee" Alt="94" Terrain="0" />
    <HexCode GroupID="ef" Alt="97" Terrain="0" />
    <HexCode GroupID="2f" Alt="88" Terrain="128" />
</Dragon>