﻿<?xml version="1.0" encoding="utf-8"?>
<Trans>
    <TransInfo Description="Grass to Jungle" HashKey="0A0A0A010101010101">
    <MapTiles>
      <MapTile TileID="176" AltIDMod="0" />
    </MapTiles>
    <StaticTiles />
  </TransInfo>
  <TransInfo Description="Grass to Jungle" HashKey="010A0A010101010101">
    <MapTiles>
      <MapTile TileID="176" AltIDMod="0" />
    </MapTiles>
    <StaticTiles />
  </TransInfo>
  <TransInfo Description="Grass to Jungle" HashKey="0A0A01010101010101">
    <MapTiles>
      <MapTile TileID="176" AltIDMod="0" />
    </MapTiles>
    <StaticTiles />
  </TransInfo>
  <TransInfo Description="Grass to Jungle" HashKey="010A01010101010101">
    <MapTiles>
      <MapTile TileID="176" AltIDMod="0" />
    </MapTiles>
    <StaticTiles />
  </TransInfo>
  <TransInfo Description="Grass to Jungle" HashKey="0A010A010101010101">
    <MapTiles>
      <MapTile TileID="176" AltIDMod="0" />
    </MapTiles>
    <StaticTiles />
  </TransInfo>
  <TransInfo Description="Grass to Jungle" HashKey="0A01010A01010A0101">
    <MapTiles>
      <MapTile TileID="185" AltIDMod="0" />
    </MapTiles>
    <StaticTiles />
  </TransInfo>
  <TransInfo Description="Grass to Jungle" HashKey="0A01010A0101010101">
    <MapTiles>
      <MapTile TileID="185" AltIDMod="0" />
    </MapTiles>
    <StaticTiles />
  </TransInfo>
  <TransInfo Description="Grass to Jungle" HashKey="0101010A01010A0101">
    <MapTiles>
      <MapTile TileID="185" AltIDMod="0" />
    </MapTiles>
    <StaticTiles />
  </TransInfo>
  <TransInfo Description="Grass to Jungle" HashKey="0101010A0101010101">
    <MapTiles>
      <MapTile TileID="185" AltIDMod="0" />
    </MapTiles>
    <StaticTiles />
  </TransInfo>
  <TransInfo Description="Grass to Jungle" HashKey="0A01010101010A0101">
    <MapTiles>
      <MapTile TileID="185" AltIDMod="0" />
    </MapTiles>
    <StaticTiles />
  </TransInfo>
  <TransInfo Description="Grass to Jungle" HashKey="01010A01010A01010A">
    <MapTiles>
      <MapTile TileID="179" AltIDMod="0" />
    </MapTiles>
    <StaticTiles />
  </TransInfo>
  <TransInfo Description="Grass to Jungle" HashKey="01010101010A01010A">
    <MapTiles>
      <MapTile TileID="179" AltIDMod="0" />
    </MapTiles>
    <StaticTiles />
  </TransInfo>
  <TransInfo Description="Grass to Jungle" HashKey="01010A01010A010101">
    <MapTiles>
      <MapTile TileID="179" AltIDMod="0" />
    </MapTiles>
    <StaticTiles />
  </TransInfo>
  <TransInfo Description="Grass to Jungle" HashKey="01010101010A010101">
    <MapTiles>
      <MapTile TileID="179" AltIDMod="0" />
    </MapTiles>
    <StaticTiles />
  </TransInfo>
  <TransInfo Description="Grass to Jungle" HashKey="01010A01010101010A">
    <MapTiles>
      <MapTile TileID="179" AltIDMod="0" />
    </MapTiles>
    <StaticTiles />
  </TransInfo>
  <TransInfo Description="Grass to Jungle" HashKey="0101010101010A0A0A">
    <MapTiles>
      <MapTile TileID="182" AltIDMod="0" />
    </MapTiles>
    <StaticTiles />
  </TransInfo>
  <TransInfo Description="Grass to Jungle" HashKey="0101010101010A0A01">
    <MapTiles>
      <MapTile TileID="182" AltIDMod="0" />
    </MapTiles>
    <StaticTiles />
  </TransInfo>
  <TransInfo Description="Grass to Jungle" HashKey="010101010101010A0A">
    <MapTiles>
      <MapTile TileID="182" AltIDMod="0" />
    </MapTiles>
    <StaticTiles />
  </TransInfo>
  <TransInfo Description="Grass to Jungle" HashKey="010101010101010A01">
    <MapTiles>
      <MapTile TileID="182" AltIDMod="0" />
    </MapTiles>
    <StaticTiles />
  </TransInfo>
  <TransInfo Description="Grass to Jungle" HashKey="0101010101010A010A">
    <MapTiles>
      <MapTile TileID="182" AltIDMod="0" />
    </MapTiles>
    <StaticTiles />
  </TransInfo>
  <TransInfo Description="Grass to Jungle" HashKey="01010A01010A0A0A0A">
    <MapTiles>
      <MapTile TileID="190" AltIDMod="0" />
    </MapTiles>
    <StaticTiles />
  </TransInfo>
  <TransInfo Description="Grass to Jungle" HashKey="01010101010A0A0A0A">
    <MapTiles>
      <MapTile TileID="190" AltIDMod="0" />
    </MapTiles>
    <StaticTiles />
  </TransInfo>
  <TransInfo Description="Grass to Jungle" HashKey="01010A01010A010A0A">
    <MapTiles>
      <MapTile TileID="190" AltIDMod="0" />
    </MapTiles>
    <StaticTiles />
  </TransInfo>
  <TransInfo Description="Grass to Jungle" HashKey="01010101010A010A0A">
    <MapTiles>
      <MapTile TileID="190" AltIDMod="0" />
    </MapTiles>
    <StaticTiles />
  </TransInfo>
  <TransInfo Description="Grass to Jungle" HashKey="01010101010A010A01">
    <MapTiles>
      <MapTile TileID="190" AltIDMod="0" />
    </MapTiles>
    <StaticTiles />
  </TransInfo>
  <TransInfo Description="Grass to Jungle" HashKey="01010A010101010A0A">
    <MapTiles>
      <MapTile TileID="190" AltIDMod="0" />
    </MapTiles>
    <StaticTiles />
  </TransInfo>
  <TransInfo Description="Grass to Jungle" HashKey="01010A0101010A0A0A">
    <MapTiles>
      <MapTile TileID="190" AltIDMod="0" />
    </MapTiles>
    <StaticTiles />
  </TransInfo>
  <TransInfo Description="Grass to Jungle" HashKey="01010A0101010A0A01">
    <MapTiles>
      <MapTile TileID="190" AltIDMod="0" />
    </MapTiles>
    <StaticTiles />
  </TransInfo>
  <TransInfo Description="Grass to Jungle" HashKey="01010101010A0A010A">
    <MapTiles>
      <MapTile TileID="190" AltIDMod="0" />
    </MapTiles>
    <StaticTiles />
  </TransInfo>
  <TransInfo Description="Grass to Jungle" HashKey="01010A01010A0A010A">
    <MapTiles>
      <MapTile TileID="190" AltIDMod="0" />
    </MapTiles>
    <StaticTiles />
  </TransInfo>
  <TransInfo Description="Grass to Jungle" HashKey="01010A01010A0A0A01">
    <MapTiles>
      <MapTile TileID="190" AltIDMod="0" />
    </MapTiles>
    <StaticTiles />
  </TransInfo>
  <TransInfo Description="Grass to Jungle" HashKey="01010A01010A0A0101">
    <MapTiles>
      <MapTile TileID="190" AltIDMod="0" />
    </MapTiles>
    <StaticTiles />
  </TransInfo>
  <TransInfo Description="Grass to Jungle" HashKey="01010A010101010A01">
    <MapTiles>
      <MapTile TileID="190" AltIDMod="0" />
    </MapTiles>
    <StaticTiles />
  </TransInfo>
  <TransInfo Description="Grass to Jungle" HashKey="01010101010A0A0101">
    <MapTiles>
      <MapTile TileID="190" AltIDMod="0" />
    </MapTiles>
    <StaticTiles />
  </TransInfo>
  <TransInfo Description="Grass to Jungle" HashKey="01010A01010A010A01">
    <MapTiles>
      <MapTile TileID="190" AltIDMod="0" />
    </MapTiles>
    <StaticTiles />
  </TransInfo>
  <TransInfo Description="Grass to Jungle" HashKey="01010A0101010A010A">
    <MapTiles>
      <MapTile TileID="190" AltIDMod="0" />
    </MapTiles>
    <StaticTiles />
  </TransInfo>
  <TransInfo Description="Grass to Jungle" HashKey="01010101010A0A0A01">
    <MapTiles>
      <MapTile TileID="190" AltIDMod="0" />
    </MapTiles>
    <StaticTiles />
  </TransInfo>
  <TransInfo Description="Grass to Jungle" HashKey="0A0A0A0A01010A0101">
    <MapTiles>
      <MapTile TileID="188" AltIDMod="0" />
    </MapTiles>
    <StaticTiles />
  </TransInfo>
  <TransInfo Description="Grass to Jungle" HashKey="0A0A010A01010A0101">
    <MapTiles>
      <MapTile TileID="188" AltIDMod="0" />
    </MapTiles>
    <StaticTiles />
  </TransInfo>
  <TransInfo Description="Grass to Jungle" HashKey="0A0A0A0A0101010101">
    <MapTiles>
      <MapTile TileID="188" AltIDMod="0" />
    </MapTiles>
    <StaticTiles />
  </TransInfo>
  <TransInfo Description="Grass to Jungle" HashKey="0A0A010A0101010101">
    <MapTiles>
      <MapTile TileID="188" AltIDMod="0" />
    </MapTiles>
    <StaticTiles />
  </TransInfo>
  <TransInfo Description="Grass to Jungle" HashKey="0A010A0A0101010101">
    <MapTiles>
      <MapTile TileID="188" AltIDMod="0" />
    </MapTiles>
    <StaticTiles />
  </TransInfo>
  <TransInfo Description="Grass to Jungle" HashKey="0A0A010101010A0101">
    <MapTiles>
      <MapTile TileID="188" AltIDMod="0" />
    </MapTiles>
    <StaticTiles />
  </TransInfo>
  <TransInfo Description="Grass to Jungle" HashKey="010A0A0101010A0101">
    <MapTiles>
      <MapTile TileID="188" AltIDMod="0" />
    </MapTiles>
    <StaticTiles />
  </TransInfo>
  <TransInfo Description="Grass to Jungle" HashKey="0A010A0101010A0101">
    <MapTiles>
      <MapTile TileID="188" AltIDMod="0" />
    </MapTiles>
    <StaticTiles />
  </TransInfo>
  <TransInfo Description="Grass to Jungle" HashKey="0A0A0A0101010A0101">
    <MapTiles>
      <MapTile TileID="188" AltIDMod="0" />
    </MapTiles>
    <StaticTiles />
  </TransInfo>
  <TransInfo Description="Grass to Jungle" HashKey="010A010A0101010101">
    <MapTiles>
      <MapTile TileID="188" AltIDMod="0" />
    </MapTiles>
    <StaticTiles />
  </TransInfo>
  <TransInfo Description="Grass to Jungle" HashKey="0A010A0A01010A0101">
    <MapTiles>
      <MapTile TileID="188" AltIDMod="0" />
    </MapTiles>
    <StaticTiles />
  </TransInfo>
  <TransInfo Description="Grass to Jungle" HashKey="01010A0A01010A0101">
    <MapTiles>
      <MapTile TileID="188" AltIDMod="0" />
    </MapTiles>
    <StaticTiles />
  </TransInfo>
  <TransInfo Description="Grass to Jungle" HashKey="010A0A0A01010A0101">
    <MapTiles>
      <MapTile TileID="188" AltIDMod="0" />
    </MapTiles>
    <StaticTiles />
  </TransInfo>
  <TransInfo Description="Grass to Jungle" HashKey="01010A0A0101010101">
    <MapTiles>
      <MapTile TileID="188" AltIDMod="0" />
    </MapTiles>
    <StaticTiles />
  </TransInfo>
  <TransInfo Description="Grass to Jungle" HashKey="010A010A01010A0101">
    <MapTiles>
      <MapTile TileID="188" AltIDMod="0" />
    </MapTiles>
    <StaticTiles />
  </TransInfo>
  <TransInfo Description="Grass to Jungle" HashKey="010A010101010A0101">
    <MapTiles>
      <MapTile TileID="188" AltIDMod="0" />
    </MapTiles>
    <StaticTiles />
  </TransInfo>
  <TransInfo Description="Grass to Jungle" HashKey="010A0A0A0101010101">
    <MapTiles>
      <MapTile TileID="188" AltIDMod="0" />
    </MapTiles>
    <StaticTiles />
  </TransInfo>
  <TransInfo Description="Grass to Jungle" HashKey="0A01010A01010A0A0A">
    <MapTiles>
      <MapTile TileID="191" AltIDMod="0" />
    </MapTiles>
    <StaticTiles />
  </TransInfo>
  <TransInfo Description="Grass to Jungle" HashKey="0101010A01010A0A0A">
    <MapTiles>
      <MapTile TileID="191" AltIDMod="0" />
    </MapTiles>
    <StaticTiles />
  </TransInfo>
  <TransInfo Description="Grass to Jungle" HashKey="0A01010A01010A0A01">
    <MapTiles>
      <MapTile TileID="191" AltIDMod="0" />
    </MapTiles>
    <StaticTiles />
  </TransInfo>
  <TransInfo Description="Grass to Jungle" HashKey="0101010A01010A0A01">
    <MapTiles>
      <MapTile TileID="191" AltIDMod="0" />
    </MapTiles>
    <StaticTiles />
  </TransInfo>
  <TransInfo Description="Grass to Jungle" HashKey="0101010A0101010A01">
    <MapTiles>
      <MapTile TileID="191" AltIDMod="0" />
    </MapTiles>
    <StaticTiles />
  </TransInfo>
  <TransInfo Description="Grass to Jungle" HashKey="0A01010A010101010A">
    <MapTiles>
      <MapTile TileID="191" AltIDMod="0" />
    </MapTiles>
    <StaticTiles />
  </TransInfo>
  <TransInfo Description="Grass to Jungle" HashKey="0A01010101010A0A0A">
    <MapTiles>
      <MapTile TileID="191" AltIDMod="0" />
    </MapTiles>
    <StaticTiles />
  </TransInfo>
  <TransInfo Description="Grass to Jungle" HashKey="0A01010101010A0A01">
    <MapTiles>
      <MapTile TileID="191" AltIDMod="0" />
    </MapTiles>
    <StaticTiles />
  </TransInfo>
  <TransInfo Description="Grass to Jungle" HashKey="0A0101010101010A01">
    <MapTiles>
      <MapTile TileID="191" AltIDMod="0" />
    </MapTiles>
    <StaticTiles />
  </TransInfo>
  <TransInfo Description="Grass to Jungle" HashKey="0101010A01010A010A">
    <MapTiles>
      <MapTile TileID="191" AltIDMod="0" />
    </MapTiles>
    <StaticTiles />
  </TransInfo>
  <TransInfo Description="Grass to Jungle" HashKey="0A01010A01010A010A">
    <MapTiles>
      <MapTile TileID="191" AltIDMod="0" />
    </MapTiles>
    <StaticTiles />
  </TransInfo>
  <TransInfo Description="Grass to Jungle" HashKey="0A0101010101010A0A">
    <MapTiles>
      <MapTile TileID="191" AltIDMod="0" />
    </MapTiles>
    <StaticTiles />
  </TransInfo>
  <TransInfo Description="Grass to Jungle" HashKey="0A01010A0101010A0A">
    <MapTiles>
      <MapTile TileID="191" AltIDMod="0" />
    </MapTiles>
    <StaticTiles />
  </TransInfo>
  <TransInfo Description="Grass to Jungle" HashKey="0101010A0101010A0A">
    <MapTiles>
      <MapTile TileID="191" AltIDMod="0" />
    </MapTiles>
    <StaticTiles />
  </TransInfo>
  <TransInfo Description="Grass to Jungle" HashKey="0101010A010101010A">
    <MapTiles>
      <MapTile TileID="191" AltIDMod="0" />
    </MapTiles>
    <StaticTiles />
  </TransInfo>
  <TransInfo Description="Grass to Jungle" HashKey="0A01010101010A010A">
    <MapTiles>
      <MapTile TileID="191" AltIDMod="0" />
    </MapTiles>
    <StaticTiles />
  </TransInfo>
  <TransInfo Description="Grass to Jungle" HashKey="0A01010A0101010A01">
    <MapTiles>
      <MapTile TileID="191" AltIDMod="0" />
    </MapTiles>
    <StaticTiles />
  </TransInfo>
  <TransInfo Description="Grass to Jungle" HashKey="0A0A0A01010A01010A">
    <MapTiles>
      <MapTile TileID="189" AltIDMod="0" />
    </MapTiles>
    <StaticTiles />
  </TransInfo>
  <TransInfo Description="Grass to Jungle" HashKey="0A0A0A01010A010101">
    <MapTiles>
      <MapTile TileID="189" AltIDMod="0" />
    </MapTiles>
    <StaticTiles />
  </TransInfo>
  <TransInfo Description="Grass to Jungle" HashKey="010A0A01010A01010A">
    <MapTiles>
      <MapTile TileID="189" AltIDMod="0" />
    </MapTiles>
    <StaticTiles />
  </TransInfo>
  <TransInfo Description="Grass to Jungle" HashKey="010A0A01010A010101">
    <MapTiles>
      <MapTile TileID="189" AltIDMod="0" />
    </MapTiles>
    <StaticTiles />
  </TransInfo>
  <TransInfo Description="Grass to Jungle" HashKey="0A010101010A01010A">
    <MapTiles>
      <MapTile TileID="189" AltIDMod="0" />
    </MapTiles>
    <StaticTiles />
  </TransInfo>
  <TransInfo Description="Grass to Jungle" HashKey="0A010A01010A010101">
    <MapTiles>
      <MapTile TileID="189" AltIDMod="0" />
    </MapTiles>
    <StaticTiles />
  </TransInfo>
  <TransInfo Description="Grass to Jungle" HashKey="0A010A01010A01010A">
    <MapTiles>
      <MapTile TileID="189" AltIDMod="0" />
    </MapTiles>
    <StaticTiles />
  </TransInfo>
  <TransInfo Description="Grass to Jungle" HashKey="0A0A0101010101010A">
    <MapTiles>
      <MapTile TileID="189" AltIDMod="0" />
    </MapTiles>
    <StaticTiles />
  </TransInfo>
  <TransInfo Description="Grass to Jungle" HashKey="010A0101010101010A">
    <MapTiles>
      <MapTile TileID="189" AltIDMod="0" />
    </MapTiles>
    <StaticTiles />
  </TransInfo>
  <TransInfo Description="Grass to Jungle" HashKey="0A0A0A01010101010A">
    <MapTiles>
      <MapTile TileID="189" AltIDMod="0" />
    </MapTiles>
    <StaticTiles />
  </TransInfo>
  <TransInfo Description="Grass to Jungle" HashKey="0A0A0101010A010101">
    <MapTiles>
      <MapTile TileID="189" AltIDMod="0" />
    </MapTiles>
    <StaticTiles />
  </TransInfo>
  <TransInfo Description="Grass to Jungle" HashKey="010A0A01010101010A">
    <MapTiles>
      <MapTile TileID="189" AltIDMod="0" />
    </MapTiles>
    <StaticTiles />
  </TransInfo>
  <TransInfo Description="Grass to Jungle" HashKey="010A0101010A010101">
    <MapTiles>
      <MapTile TileID="189" AltIDMod="0" />
    </MapTiles>
    <StaticTiles />
  </TransInfo>
  <TransInfo Description="Grass to Jungle" HashKey="0A010101010A010101">
    <MapTiles>
      <MapTile TileID="189" AltIDMod="0" />
    </MapTiles>
    <StaticTiles />
  </TransInfo>
  <TransInfo Description="Grass to Jungle" HashKey="0A010A01010101010A">
    <MapTiles>
      <MapTile TileID="189" AltIDMod="0" />
    </MapTiles>
    <StaticTiles />
  </TransInfo>
  <TransInfo Description="Grass to Jungle" HashKey="010A0101010A01010A">
    <MapTiles>
      <MapTile TileID="189" AltIDMod="0" />
    </MapTiles>
    <StaticTiles />
  </TransInfo>
  <TransInfo Description="Grass to Jungle" HashKey="0A0A0101010A01010A">
    <MapTiles>
      <MapTile TileID="189" AltIDMod="0" />
    </MapTiles>
    <StaticTiles />
  </TransInfo>
  <TransInfo Description="Grass to Jungle" HashKey="0A0101010101010101">
    <MapTiles>
      <MapTile TileID="192" AltIDMod="0" />
    </MapTiles>
    <StaticTiles />
  </TransInfo>
  <TransInfo Description="Grass to Jungle" HashKey="01010101010101010A">
    <MapTiles>
      <MapTile TileID="194" AltIDMod="0" />
    </MapTiles>
    <StaticTiles />
  </TransInfo>
  <TransInfo Description="Grass to Jungle" HashKey="01010A010101010101">
    <MapTiles>
      <MapTile TileID="193" AltIDMod="0" />
    </MapTiles>
    <StaticTiles />
  </TransInfo>
  <TransInfo Description="Grass to Jungle" HashKey="0101010101010A0101">
    <MapTiles>
      <MapTile TileID="195" AltIDMod="0" />
    </MapTiles>
    <StaticTiles />
  </TransInfo>
</Trans>