﻿<?xml version="1.0" encoding="utf-8"?>
<Trans>
  <TransInfo Description="Grass Without Static To Small Dirt" HashKey="083E3E083E3E083E08">
    <MapTiles>
      <MapTile TileID="3" AltIDMod="0" />
      <MapTile TileID="4" AltIDMod="0" />
      <MapTile TileID="5" AltIDMod="0" />
      <MapTile TileID="6" AltIDMod="0" />
    </MapTiles>
    <StaticTiles />
  </TransInfo>
  <TransInfo Description="Grass Without Static To Small Dirt" HashKey="080808083E083E083E">
    <MapTiles>
      <MapTile TileID="117" AltIDMod="0" />
    </MapTiles>
    <StaticTiles />
  </TransInfo>
  <TransInfo Description="Grass Without Static To Small Dirt" HashKey="083E3E3E3E083E0808">
    <MapTiles>
      <MapTile TileID="117" AltIDMod="0" />
    </MapTiles>
    <StaticTiles />
  </TransInfo>
  <TransInfo Description="Grass Without Static To Small Dirt" HashKey="083E08083E3E08083E">
    <MapTiles>
      <MapTile TileID="117" AltIDMod="0" />
    </MapTiles>
    <StaticTiles />
  </TransInfo>
  <TransInfo Description="Grass Without Static To Small Dirt" HashKey="3E0808083E08083E3E">
    <MapTiles>
      <MapTile TileID="117" AltIDMod="0" />
    </MapTiles>
    <StaticTiles />
  </TransInfo>
  <TransInfo Description="Grass Without Static To Small Dirt" HashKey="3E3E3E3E3E3E3E3E08">
    <MapTiles>
      <MapTile TileID="6" AltIDMod="0" />
      <MapTile TileID="5" AltIDMod="0" />
      <MapTile TileID="4" AltIDMod="0" />
      <MapTile TileID="3" AltIDMod="0" />
    </MapTiles>
    <StaticTiles />
  </TransInfo>
  <TransInfo Description="Grass Without Static To Small Dirt" HashKey="3E3E08083E3E083E3E">
    <MapTiles>
      <MapTile TileID="6" AltIDMod="0" />
      <MapTile TileID="5" AltIDMod="0" />
      <MapTile TileID="4" AltIDMod="0" />
      <MapTile TileID="3" AltIDMod="0" />
    </MapTiles>
    <StaticTiles />
  </TransInfo>
  <TransInfo Description="Grass Without Static To Small Dirt" HashKey="083E083E3E08080808">
    <MapTiles>
      <MapTile TileID="117" AltIDMod="0" />
    </MapTiles>
    <StaticTiles />
  </TransInfo>
  <TransInfo Description="Grass Without Static To Small Dirt" HashKey="3E3E083E3E083E083E">
    <MapTiles>
      <MapTile TileID="3" AltIDMod="0" />
      <MapTile TileID="4" AltIDMod="0" />
      <MapTile TileID="5" AltIDMod="0" />
      <MapTile TileID="6" AltIDMod="0" />
    </MapTiles>
    <StaticTiles />
  </TransInfo>
  <TransInfo Description="Grass Without Static To Small Dirt" HashKey="08083E3E3E083E083E">
    <MapTiles>
      <MapTile TileID="117" AltIDMod="0" />
    </MapTiles>
    <StaticTiles />
  </TransInfo>
  <TransInfo Description="Grass Without Static To Small Dirt" HashKey="3E3E3E3E3E083E0808">
    <MapTiles>
      <MapTile TileID="3" AltIDMod="0" />
      <MapTile TileID="4" AltIDMod="0" />
      <MapTile TileID="5" AltIDMod="0" />
      <MapTile TileID="6" AltIDMod="0" />
    </MapTiles>
    <StaticTiles />
  </TransInfo>
  <TransInfo Description="Grass Without Static To Small Dirt" HashKey="3E3E08083E3E083E08">
    <MapTiles>
      <MapTile TileID="117" AltIDMod="0" />
    </MapTiles>
    <StaticTiles />
  </TransInfo>
  <TransInfo Description="Grass Without Static To Small Dirt" HashKey="083E08083E083E083E">
    <MapTiles>
      <MapTile TileID="117" AltIDMod="0" />
    </MapTiles>
    <StaticTiles />
  </TransInfo>
  <TransInfo Description="Grass Without Static To Small Dirt" HashKey="3E3E083E3E083E0808">
    <MapTiles>
      <MapTile TileID="3" AltIDMod="0" />
      <MapTile TileID="4" AltIDMod="0" />
      <MapTile TileID="5" AltIDMod="0" />
      <MapTile TileID="6" AltIDMod="0" />
    </MapTiles>
    <StaticTiles />
  </TransInfo>
  <TransInfo Description="Grass Without Static To Small Dirt" HashKey="3E0808083E083E3E08">
    <MapTiles>
      <MapTile TileID="117" AltIDMod="0" />
    </MapTiles>
    <StaticTiles />
  </TransInfo>
  <TransInfo Description="Grass Without Static To Small Dirt" HashKey="3E083E3E3E08083E3E">
    <MapTiles>
      <MapTile TileID="117" AltIDMod="0" />
    </MapTiles>
    <StaticTiles />
  </TransInfo>
  <TransInfo Description="Grass Without Static To Small Dirt" HashKey="080808083E08083E3E">
    <MapTiles>
      <MapTile TileID="117" AltIDMod="0" />
    </MapTiles>
    <StaticTiles />
  </TransInfo>
  <TransInfo Description="Grass Without Static To Small Dirt" HashKey="3E083E083E08083E08">
    <MapTiles>
      <MapTile TileID="117" AltIDMod="0" />
    </MapTiles>
    <StaticTiles />
  </TransInfo>
  <TransInfo Description="Grass Without Static To Small Dirt" HashKey="3E3E3E3E3E08080808">
    <MapTiles>
      <MapTile TileID="3" AltIDMod="0" />
      <MapTile TileID="4" AltIDMod="0" />
      <MapTile TileID="5" AltIDMod="0" />
      <MapTile TileID="6" AltIDMod="0" />
    </MapTiles>
    <StaticTiles />
  </TransInfo>
  <TransInfo Description="Grass Without Static To Small Dirt" HashKey="3E0808083E083E3E3E">
    <MapTiles>
      <MapTile TileID="117" AltIDMod="0" />
    </MapTiles>
    <StaticTiles />
  </TransInfo>
  <TransInfo Description="Grass Without Static To Small Dirt" HashKey="3E083E3E3E08083E08">
    <MapTiles>
      <MapTile TileID="117" AltIDMod="0" />
    </MapTiles>
    <StaticTiles />
  </TransInfo>
  <TransInfo Description="Grass Without Static To Small Dirt" HashKey="083E3E083E083E3E3E">
    <MapTiles>
      <MapTile TileID="117" AltIDMod="0" />
    </MapTiles>
    <StaticTiles />
  </TransInfo>
  <TransInfo Description="Grass Without Static To Small Dirt" HashKey="3E083E083E08083E3E">
    <MapTiles>
      <MapTile TileID="117" AltIDMod="0" />
    </MapTiles>
    <StaticTiles />
  </TransInfo>
  <TransInfo Description="Grass Without Static To Small Dirt" HashKey="083E3E3E3E3E08083E">
    <MapTiles>
      <MapTile TileID="3" AltIDMod="0" />
      <MapTile TileID="4" AltIDMod="0" />
      <MapTile TileID="5" AltIDMod="0" />
      <MapTile TileID="6" AltIDMod="0" />
    </MapTiles>
    <StaticTiles />
  </TransInfo>
  <TransInfo Description="Grass Without Static To Small Dirt" HashKey="3E3E083E3E083E3E3E">
    <MapTiles>
      <MapTile TileID="3" AltIDMod="0" />
      <MapTile TileID="4" AltIDMod="0" />
      <MapTile TileID="5" AltIDMod="0" />
      <MapTile TileID="6" AltIDMod="0" />
    </MapTiles>
    <StaticTiles />
  </TransInfo>
  <TransInfo Description="Grass Without Static To Small Dirt" HashKey="3E08083E3E083E3E08">
    <MapTiles>
      <MapTile TileID="6" AltIDMod="0" />
      <MapTile TileID="5" AltIDMod="0" />
      <MapTile TileID="4" AltIDMod="0" />
      <MapTile TileID="3" AltIDMod="0" />
    </MapTiles>
    <StaticTiles />
  </TransInfo>
  <TransInfo Description="Grass Without Static To Small Dirt" HashKey="083E3E083E083E3E08">
    <MapTiles>
      <MapTile TileID="117" AltIDMod="0" />
    </MapTiles>
    <StaticTiles />
  </TransInfo>
  <TransInfo Description="Grass Without Static To Small Dirt" HashKey="3E0808083E3E080808">
    <MapTiles>
      <MapTile TileID="117" AltIDMod="0" />
    </MapTiles>
    <StaticTiles />
  </TransInfo>
  <TransInfo Description="Grass Without Static To Small Dirt" HashKey="083E3E3E3E3E080808">
    <MapTiles>
      <MapTile TileID="3" AltIDMod="0" />
      <MapTile TileID="4" AltIDMod="0" />
      <MapTile TileID="5" AltIDMod="0" />
      <MapTile TileID="6" AltIDMod="0" />
    </MapTiles>
    <StaticTiles />
  </TransInfo>
  <TransInfo Description="Grass Without Static To Small Dirt" HashKey="0808083E3E3E3E083E">
    <MapTiles>
      <MapTile TileID="117" AltIDMod="0" />
    </MapTiles>
    <StaticTiles />
  </TransInfo>
  <TransInfo Description="Grass Without Static To Small Dirt" HashKey="0808083E3E08080808">
    <MapTiles>
      <MapTile TileID="117" AltIDMod="0" />
    </MapTiles>
    <StaticTiles />
  </TransInfo>
  <TransInfo Description="Grass Without Static To Small Dirt" HashKey="3E3E083E3E3E08083E">
    <MapTiles>
      <MapTile TileID="3" AltIDMod="0" />
      <MapTile TileID="4" AltIDMod="0" />
      <MapTile TileID="5" AltIDMod="0" />
      <MapTile TileID="6" AltIDMod="0" />
    </MapTiles>
    <StaticTiles />
  </TransInfo>
  <TransInfo Description="Grass Without Static To Small Dirt" HashKey="080808083E0808083E">
    <MapTiles>
      <MapTile TileID="117" AltIDMod="0" />
    </MapTiles>
    <StaticTiles />
  </TransInfo>
  <TransInfo Description="Grass Without Static To Small Dirt" HashKey="3E3E083E3E3E080808">
    <MapTiles>
      <MapTile TileID="3" AltIDMod="0" />
      <MapTile TileID="4" AltIDMod="0" />
      <MapTile TileID="5" AltIDMod="0" />
      <MapTile TileID="6" AltIDMod="0" />
    </MapTiles>
    <StaticTiles />
  </TransInfo>
  <TransInfo Description="Grass Without Static To Small Dirt" HashKey="080808083E3E083E3E">
    <MapTiles>
      <MapTile TileID="6" AltIDMod="0" />
      <MapTile TileID="5" AltIDMod="0" />
      <MapTile TileID="4" AltIDMod="0" />
      <MapTile TileID="3" AltIDMod="0" />
    </MapTiles>
    <StaticTiles />
  </TransInfo>
  <TransInfo Description="Grass Without Static To Small Dirt" HashKey="3E083E3E3E3E3E3E3E">
    <MapTiles>
      <MapTile TileID="3" AltIDMod="0" />
      <MapTile TileID="4" AltIDMod="0" />
      <MapTile TileID="5" AltIDMod="0" />
      <MapTile TileID="6" AltIDMod="0" />
    </MapTiles>
    <StaticTiles />
  </TransInfo>
  <TransInfo Description="Grass Without Static To Small Dirt" HashKey="08083E3E3E3E3E3E3E">
    <MapTiles>
      <MapTile TileID="3" AltIDMod="0" />
      <MapTile TileID="4" AltIDMod="0" />
      <MapTile TileID="5" AltIDMod="0" />
      <MapTile TileID="6" AltIDMod="0" />
    </MapTiles>
    <StaticTiles />
  </TransInfo>
  <TransInfo Description="Grass Without Static To Small Dirt" HashKey="080808083E3E083E08">
    <MapTiles>
      <MapTile TileID="117" AltIDMod="0" />
    </MapTiles>
    <StaticTiles />
  </TransInfo>
  <TransInfo Description="Grass Without Static To Small Dirt" HashKey="3E083E3E3E3E3E3E08">
    <MapTiles>
      <MapTile TileID="6" AltIDMod="0" />
      <MapTile TileID="5" AltIDMod="0" />
      <MapTile TileID="4" AltIDMod="0" />
      <MapTile TileID="3" AltIDMod="0" />
    </MapTiles>
    <StaticTiles />
  </TransInfo>
  <TransInfo Description="Grass Without Static To Small Dirt" HashKey="3E083E3E3E083E3E3E">
    <MapTiles>
      <MapTile TileID="6" AltIDMod="0" />
      <MapTile TileID="5" AltIDMod="0" />
      <MapTile TileID="4" AltIDMod="0" />
      <MapTile TileID="3" AltIDMod="0" />
    </MapTiles>
    <StaticTiles />
  </TransInfo>
  <TransInfo Description="Grass Without Static To Small Dirt" HashKey="080808083E083E3E08">
    <MapTiles>
      <MapTile TileID="117" AltIDMod="0" />
    </MapTiles>
    <StaticTiles />
  </TransInfo>
  <TransInfo Description="Grass Without Static To Small Dirt" HashKey="08083E3E3E0808083E">
    <MapTiles>
      <MapTile TileID="117" AltIDMod="0" />
    </MapTiles>
    <StaticTiles />
  </TransInfo>
  <TransInfo Description="Grass Without Static To Small Dirt" HashKey="083E08083E083E3E08">
    <MapTiles>
      <MapTile TileID="117" AltIDMod="0" />
    </MapTiles>
    <StaticTiles />
  </TransInfo>
  <TransInfo Description="Grass Without Static To Small Dirt" HashKey="083E3E3E3E08083E3E">
    <MapTiles>
      <MapTile TileID="117" AltIDMod="0" />
    </MapTiles>
    <StaticTiles />
  </TransInfo>
  <TransInfo Description="Grass Without Static To Small Dirt" HashKey="083E083E3E3E08083E">
    <MapTiles>
      <MapTile TileID="117" AltIDMod="0" />
    </MapTiles>
    <StaticTiles />
  </TransInfo>
  <TransInfo Description="Grass Without Static To Small Dirt" HashKey="08083E3E3E08080808">
    <MapTiles>
      <MapTile TileID="117" AltIDMod="0" />
    </MapTiles>
    <StaticTiles />
  </TransInfo>
  <TransInfo Description="Grass Without Static To Small Dirt" HashKey="083E08083E083E3E3E">
    <MapTiles>
      <MapTile TileID="117" AltIDMod="0" />
    </MapTiles>
    <StaticTiles />
  </TransInfo>
  <TransInfo Description="Grass Without Static To Small Dirt" HashKey="083E083E3E083E3E3E">
    <MapTiles>
      <MapTile TileID="6" AltIDMod="0" />
      <MapTile TileID="5" AltIDMod="0" />
      <MapTile TileID="4" AltIDMod="0" />
      <MapTile TileID="3" AltIDMod="0" />
    </MapTiles>
    <StaticTiles />
  </TransInfo>
  <TransInfo Description="Grass Without Static To Small Dirt" HashKey="0808083E3E3E3E0808">
    <MapTiles>
      <MapTile TileID="117" AltIDMod="0" />
    </MapTiles>
    <StaticTiles />
  </TransInfo>
  <TransInfo Description="Grass Without Static To Small Dirt" HashKey="3E3E3E3E3E3E080808">
    <MapTiles>
      <MapTile TileID="6" AltIDMod="0" />
      <MapTile TileID="5" AltIDMod="0" />
      <MapTile TileID="4" AltIDMod="0" />
      <MapTile TileID="3" AltIDMod="0" />
    </MapTiles>
    <StaticTiles />
  </TransInfo>
  <TransInfo Description="Grass Without Static To Small Dirt" HashKey="3E3E3E083E083E3E08">
    <MapTiles>
      <MapTile TileID="117" AltIDMod="0" />
    </MapTiles>
    <StaticTiles />
  </TransInfo>
  <TransInfo Description="Grass Without Static To Small Dirt" HashKey="0808083E3E083E3E08">
    <MapTiles>
      <MapTile TileID="6" AltIDMod="0" />
      <MapTile TileID="5" AltIDMod="0" />
      <MapTile TileID="4" AltIDMod="0" />
      <MapTile TileID="3" AltIDMod="0" />
    </MapTiles>
    <StaticTiles />
  </TransInfo>
  <TransInfo Description="Grass Without Static To Small Dirt" HashKey="3E3E083E3E08083E3E">
    <MapTiles>
      <MapTile TileID="3" AltIDMod="0" />
      <MapTile TileID="4" AltIDMod="0" />
      <MapTile TileID="5" AltIDMod="0" />
      <MapTile TileID="6" AltIDMod="0" />
    </MapTiles>
    <StaticTiles />
  </TransInfo>
  <TransInfo Description="Grass Without Static To Small Dirt" HashKey="3E3E3E3E3E3E08083E">
    <MapTiles>
      <MapTile TileID="6" AltIDMod="0" />
      <MapTile TileID="5" AltIDMod="0" />
      <MapTile TileID="4" AltIDMod="0" />
      <MapTile TileID="3" AltIDMod="0" />
    </MapTiles>
    <StaticTiles />
  </TransInfo>
  <TransInfo Description="Grass Without Static To Small Dirt" HashKey="080808083E08080808">
    <MapTiles>
      <MapTile TileID="117" AltIDMod="0" />
    </MapTiles>
    <StaticTiles />
  </TransInfo>
  <TransInfo Description="Grass Without Static To Small Dirt" HashKey="3E3E3E083E083E3E3E">
    <MapTiles>
      <MapTile TileID="117" AltIDMod="0" />
    </MapTiles>
    <StaticTiles />
  </TransInfo>
  <TransInfo Description="Grass Without Static To Small Dirt" HashKey="0808083E3E083E3E3E">
    <MapTiles>
      <MapTile TileID="6" AltIDMod="0" />
      <MapTile TileID="5" AltIDMod="0" />
      <MapTile TileID="4" AltIDMod="0" />
      <MapTile TileID="3" AltIDMod="0" />
    </MapTiles>
    <StaticTiles />
  </TransInfo>
  <TransInfo Description="Grass Without Static To Small Dirt" HashKey="3E3E083E3E08083E08">
    <MapTiles>
      <MapTile TileID="3" AltIDMod="0" />
      <MapTile TileID="4" AltIDMod="0" />
      <MapTile TileID="5" AltIDMod="0" />
      <MapTile TileID="6" AltIDMod="0" />
    </MapTiles>
    <StaticTiles />
  </TransInfo>
  <TransInfo Description="Grass Without Static To Small Dirt" HashKey="3E0808083E08080808">
    <MapTiles>
      <MapTile TileID="117" AltIDMod="0" />
    </MapTiles>
    <StaticTiles />
  </TransInfo>
  <TransInfo Description="Grass Without Static To Small Dirt" HashKey="0808083E3E3E08083E">
    <MapTiles>
      <MapTile TileID="117" AltIDMod="0" />
    </MapTiles>
    <StaticTiles />
  </TransInfo>
  <TransInfo Description="Grass Without Static To Small Dirt" HashKey="3E083E083E083E0808">
    <MapTiles>
      <MapTile TileID="117" AltIDMod="0" />
    </MapTiles>
    <StaticTiles />
  </TransInfo>
  <TransInfo Description="Grass Without Static To Small Dirt" HashKey="08083E3E3E3E3E083E">
    <MapTiles>
      <MapTile TileID="117" AltIDMod="0" />
    </MapTiles>
    <StaticTiles />
  </TransInfo>
  <TransInfo Description="Grass Without Static To Small Dirt" HashKey="3E3E3E3E3E083E3E08">
    <MapTiles>
      <MapTile TileID="3" AltIDMod="0" />
      <MapTile TileID="4" AltIDMod="0" />
      <MapTile TileID="5" AltIDMod="0" />
      <MapTile TileID="6" AltIDMod="0" />
    </MapTiles>
    <StaticTiles />
  </TransInfo>
  <TransInfo Description="Grass Without Static To Small Dirt" HashKey="3E0808083E0808083E">
    <MapTiles>
      <MapTile TileID="117" AltIDMod="0" />
    </MapTiles>
    <StaticTiles />
  </TransInfo>
  <TransInfo Description="Grass Without Static To Small Dirt" HashKey="0808083E3E3E080808">
    <MapTiles>
      <MapTile TileID="117" AltIDMod="0" />
    </MapTiles>
    <StaticTiles />
  </TransInfo>
  <TransInfo Description="Grass Without Static To Small Dirt" HashKey="083E08083E3E083E08">
    <MapTiles>
      <MapTile TileID="117" AltIDMod="0" />
    </MapTiles>
    <StaticTiles />
  </TransInfo>
  <TransInfo Description="Grass Without Static To Small Dirt" HashKey="3E0808083E3E3E3E3E">
    <MapTiles>
      <MapTile TileID="6" AltIDMod="0" />
      <MapTile TileID="5" AltIDMod="0" />
      <MapTile TileID="4" AltIDMod="0" />
      <MapTile TileID="3" AltIDMod="0" />
    </MapTiles>
    <StaticTiles />
  </TransInfo>
  <TransInfo Description="Grass Without Static To Small Dirt" HashKey="083E3E3E3E3E3E3E3E">
    <MapTiles>
      <MapTile TileID="3" AltIDMod="0" />
      <MapTile TileID="4" AltIDMod="0" />
      <MapTile TileID="5" AltIDMod="0" />
      <MapTile TileID="6" AltIDMod="0" />
    </MapTiles>
    <StaticTiles />
  </TransInfo>
  <TransInfo Description="Grass Without Static To Small Dirt" HashKey="083E08083E3E083E3E">
    <MapTiles>
      <MapTile TileID="6" AltIDMod="0" />
      <MapTile TileID="5" AltIDMod="0" />
      <MapTile TileID="4" AltIDMod="0" />
      <MapTile TileID="3" AltIDMod="0" />
    </MapTiles>
    <StaticTiles />
  </TransInfo>
  <TransInfo Description="Grass Without Static To Small Dirt" HashKey="3E0808083E3E3E3E08">
    <MapTiles>
      <MapTile TileID="117" AltIDMod="0" />
    </MapTiles>
    <StaticTiles />
  </TransInfo>
  <TransInfo Description="Grass Without Static To Small Dirt" HashKey="3E08083E3E0808083E">
    <MapTiles>
      <MapTile TileID="117" AltIDMod="0" />
    </MapTiles>
    <StaticTiles />
  </TransInfo>
  <TransInfo Description="Grass Without Static To Small Dirt" HashKey="3E3E3E083E3E083E08">
    <MapTiles>
      <MapTile TileID="3" AltIDMod="0" />
      <MapTile TileID="4" AltIDMod="0" />
      <MapTile TileID="5" AltIDMod="0" />
      <MapTile TileID="6" AltIDMod="0" />
    </MapTiles>
    <StaticTiles />
  </TransInfo>
  <TransInfo Description="Grass Without Static To Small Dirt" HashKey="3E3E083E3E3E3E3E3E">
    <MapTiles>
      <MapTile TileID="3" AltIDMod="0" />
      <MapTile TileID="4" AltIDMod="0" />
      <MapTile TileID="5" AltIDMod="0" />
      <MapTile TileID="6" AltIDMod="0" />
    </MapTiles>
    <StaticTiles />
  </TransInfo>
  <TransInfo Description="Grass Without Static To Small Dirt" HashKey="083E083E3E3E3E083E">
    <MapTiles>
      <MapTile TileID="117" AltIDMod="0" />
    </MapTiles>
    <StaticTiles />
  </TransInfo>
  <TransInfo Description="Grass Without Static To Small Dirt" HashKey="3E3E3E083E3E083E3E">
    <MapTiles>
      <MapTile TileID="6" AltIDMod="0" />
      <MapTile TileID="5" AltIDMod="0" />
      <MapTile TileID="4" AltIDMod="0" />
      <MapTile TileID="3" AltIDMod="0" />
    </MapTiles>
    <StaticTiles />
  </TransInfo>
  <TransInfo Description="Grass Without Static To Small Dirt" HashKey="3E3E083E3E3E3E3E08">
    <MapTiles>
      <MapTile TileID="3" AltIDMod="0" />
      <MapTile TileID="4" AltIDMod="0" />
      <MapTile TileID="5" AltIDMod="0" />
      <MapTile TileID="6" AltIDMod="0" />
    </MapTiles>
    <StaticTiles />
  </TransInfo>
  <TransInfo Description="Grass Without Static To Small Dirt" HashKey="08083E083E083E3E08">
    <MapTiles>
      <MapTile TileID="117" AltIDMod="0" />
    </MapTiles>
    <StaticTiles />
  </TransInfo>
  <TransInfo Description="Grass Without Static To Small Dirt" HashKey="3E08083E3E3E3E083E">
    <MapTiles>
      <MapTile TileID="117" AltIDMod="0" />
    </MapTiles>
    <StaticTiles />
  </TransInfo>
  <TransInfo Description="Grass Without Static To Small Dirt" HashKey="083E083E3E3E3E0808">
    <MapTiles>
      <MapTile TileID="117" AltIDMod="0" />
    </MapTiles>
    <StaticTiles />
  </TransInfo>
  <TransInfo Description="Grass Without Static To Small Dirt" HashKey="08083E3E3E3E08083E">
    <MapTiles>
      <MapTile TileID="117" AltIDMod="0" />
    </MapTiles>
    <StaticTiles />
  </TransInfo>
  <TransInfo Description="Grass Without Static To Small Dirt" HashKey="08083E083E083E3E3E">
    <MapTiles>
      <MapTile TileID="117" AltIDMod="0" />
    </MapTiles>
    <StaticTiles />
  </TransInfo>
  <TransInfo Description="Grass Without Static To Small Dirt" HashKey="08083E3E3E083E3E3E">
    <MapTiles>
      <MapTile TileID="6" AltIDMod="0" />
      <MapTile TileID="5" AltIDMod="0" />
      <MapTile TileID="4" AltIDMod="0" />
      <MapTile TileID="3" AltIDMod="0" />
    </MapTiles>
    <StaticTiles />
  </TransInfo>
  <TransInfo Description="Grass Without Static To Small Dirt" HashKey="083E08083E08080808">
    <MapTiles>
      <MapTile TileID="117" AltIDMod="0" />
    </MapTiles>
    <StaticTiles />
  </TransInfo>
  <TransInfo Description="Grass Without Static To Small Dirt" HashKey="3E3E3E3E3E3E3E083E">
    <MapTiles>
      <MapTile TileID="6" AltIDMod="0" />
      <MapTile TileID="5" AltIDMod="0" />
      <MapTile TileID="4" AltIDMod="0" />
      <MapTile TileID="3" AltIDMod="0" />
    </MapTiles>
    <StaticTiles />
  </TransInfo>
  <TransInfo Description="Grass Without Static To Small Dirt" HashKey="3E083E083E3E3E3E08">
    <MapTiles>
      <MapTile TileID="117" AltIDMod="0" />
    </MapTiles>
    <StaticTiles />
  </TransInfo>
  <TransInfo Description="Grass Without Static To Small Dirt" HashKey="083E08083E0808083E">
    <MapTiles>
      <MapTile TileID="117" AltIDMod="0" />
    </MapTiles>
    <StaticTiles />
  </TransInfo>
  <TransInfo Description="Grass Without Static To Small Dirt" HashKey="3E3E3E3E3E3E3E0808">
    <MapTiles>
      <MapTile TileID="6" AltIDMod="0" />
      <MapTile TileID="5" AltIDMod="0" />
      <MapTile TileID="4" AltIDMod="0" />
      <MapTile TileID="3" AltIDMod="0" />
    </MapTiles>
    <StaticTiles />
  </TransInfo>
  <TransInfo Description="Grass Without Static To Small Dirt" HashKey="080808083E3E3E0808">
    <MapTiles>
      <MapTile TileID="117" AltIDMod="0" />
    </MapTiles>
    <StaticTiles />
  </TransInfo>
  <TransInfo Description="Grass Without Static To Small Dirt" HashKey="3E0808083E083E083E">
    <MapTiles>
      <MapTile TileID="117" AltIDMod="0" />
    </MapTiles>
    <StaticTiles />
  </TransInfo>
  <TransInfo Description="Grass Without Static To Small Dirt" HashKey="3E3E3E3E3E0808083E">
    <MapTiles>
      <MapTile TileID="3" AltIDMod="0" />
      <MapTile TileID="4" AltIDMod="0" />
      <MapTile TileID="5" AltIDMod="0" />
      <MapTile TileID="6" AltIDMod="0" />
    </MapTiles>
    <StaticTiles />
  </TransInfo>
  <TransInfo Description="Grass Without Static To Small Dirt" HashKey="3E3E3E083E08080808">
    <MapTiles>
      <MapTile TileID="117" AltIDMod="0" />
    </MapTiles>
    <StaticTiles />
  </TransInfo>
  <TransInfo Description="Grass Without Static To Small Dirt" HashKey="083E08083E3E3E3E3E">
    <MapTiles>
      <MapTile TileID="6" AltIDMod="0" />
      <MapTile TileID="5" AltIDMod="0" />
      <MapTile TileID="4" AltIDMod="0" />
      <MapTile TileID="3" AltIDMod="0" />
    </MapTiles>
    <StaticTiles />
  </TransInfo>
  <TransInfo Description="Grass Without Static To Small Dirt" HashKey="08083E3E3E083E3E08">
    <MapTiles>
      <MapTile TileID="6" AltIDMod="0" />
      <MapTile TileID="5" AltIDMod="0" />
      <MapTile TileID="4" AltIDMod="0" />
      <MapTile TileID="3" AltIDMod="0" />
    </MapTiles>
    <StaticTiles />
  </TransInfo>
  <TransInfo Description="Grass Without Static To Small Dirt" HashKey="3E3E08083E083E0808">
    <MapTiles>
      <MapTile TileID="117" AltIDMod="0" />
    </MapTiles>
    <StaticTiles />
  </TransInfo>
  <TransInfo Description="Grass Without Static To Small Dirt" HashKey="3E083E083E0808083E">
    <MapTiles>
      <MapTile TileID="117" AltIDMod="0" />
    </MapTiles>
    <StaticTiles />
  </TransInfo>
  <TransInfo Description="Grass Without Static To Small Dirt" HashKey="3E3E3E083E0808083E">
    <MapTiles>
      <MapTile TileID="117" AltIDMod="0" />
    </MapTiles>
    <StaticTiles />
  </TransInfo>
  <TransInfo Description="Grass Without Static To Small Dirt" HashKey="0808083E3E0808083E">
    <MapTiles>
      <MapTile TileID="117" AltIDMod="0" />
    </MapTiles>
    <StaticTiles />
  </TransInfo>
  <TransInfo Description="Grass Without Static To Small Dirt" HashKey="3E083E083E08080808">
    <MapTiles>
      <MapTile TileID="117" AltIDMod="0" />
    </MapTiles>
    <StaticTiles />
  </TransInfo>
  <TransInfo Description="Grass Without Static To Small Dirt" HashKey="08083E083E3E083E08">
    <MapTiles>
      <MapTile TileID="117" AltIDMod="0" />
    </MapTiles>
    <StaticTiles />
  </TransInfo>
  <TransInfo Description="Grass Without Static To Small Dirt" HashKey="3E3E08083E083E083E">
    <MapTiles>
      <MapTile TileID="117" AltIDMod="0" />
    </MapTiles>
    <StaticTiles />
  </TransInfo>
  <TransInfo Description="Grass Without Static To Small Dirt" HashKey="0808083E3E3E3E3E3E">
    <MapTiles>
      <MapTile TileID="3" AltIDMod="0" />
      <MapTile TileID="4" AltIDMod="0" />
      <MapTile TileID="5" AltIDMod="0" />
      <MapTile TileID="6" AltIDMod="0" />
    </MapTiles>
    <StaticTiles />
  </TransInfo>
  <TransInfo Description="Grass Without Static To Small Dirt" HashKey="08083E083E3E083E3E">
    <MapTiles>
      <MapTile TileID="6" AltIDMod="0" />
      <MapTile TileID="5" AltIDMod="0" />
      <MapTile TileID="4" AltIDMod="0" />
      <MapTile TileID="3" AltIDMod="0" />
    </MapTiles>
    <StaticTiles />
  </TransInfo>
  <TransInfo Description="Grass Without Static To Small Dirt" HashKey="0808083E3E3E3E3E08">
    <MapTiles>
      <MapTile TileID="6" AltIDMod="0" />
      <MapTile TileID="5" AltIDMod="0" />
      <MapTile TileID="4" AltIDMod="0" />
      <MapTile TileID="3" AltIDMod="0" />
    </MapTiles>
    <StaticTiles />
  </TransInfo>
  <TransInfo Description="Grass Without Static To Small Dirt" HashKey="083E08083E3E3E0808">
    <MapTiles>
      <MapTile TileID="117" AltIDMod="0" />
    </MapTiles>
    <StaticTiles />
  </TransInfo>
  <TransInfo Description="Grass Without Static To Small Dirt" HashKey="083E08083E3E3E083E">
    <MapTiles>
      <MapTile TileID="117" AltIDMod="0" />
    </MapTiles>
    <StaticTiles />
  </TransInfo>
  <TransInfo Description="Grass Without Static To Small Dirt" HashKey="083E083E3E083E3E08">
    <MapTiles>
      <MapTile TileID="6" AltIDMod="0" />
      <MapTile TileID="5" AltIDMod="0" />
      <MapTile TileID="4" AltIDMod="0" />
      <MapTile TileID="3" AltIDMod="0" />
    </MapTiles>
    <StaticTiles />
  </TransInfo>
  <TransInfo Description="Grass Without Static To Small Dirt" HashKey="3E0808083E083E0808">
    <MapTiles>
      <MapTile TileID="117" AltIDMod="0" />
    </MapTiles>
    <StaticTiles />
  </TransInfo>
  <TransInfo Description="Grass Without Static To Small Dirt" HashKey="3E3E3E083E3E3E0808">
    <MapTiles>
      <MapTile TileID="3" AltIDMod="0" />
      <MapTile TileID="4" AltIDMod="0" />
      <MapTile TileID="5" AltIDMod="0" />
      <MapTile TileID="6" AltIDMod="0" />
    </MapTiles>
    <StaticTiles />
  </TransInfo>
  <TransInfo Description="Grass Without Static To Small Dirt" HashKey="3E08083E3E3E3E3E08">
    <MapTiles>
      <MapTile TileID="6" AltIDMod="0" />
      <MapTile TileID="5" AltIDMod="0" />
      <MapTile TileID="4" AltIDMod="0" />
      <MapTile TileID="3" AltIDMod="0" />
    </MapTiles>
    <StaticTiles />
  </TransInfo>
  <TransInfo Description="Grass Without Static To Small Dirt" HashKey="083E3E083E3E3E3E08">
    <MapTiles>
      <MapTile TileID="3" AltIDMod="0" />
      <MapTile TileID="4" AltIDMod="0" />
      <MapTile TileID="5" AltIDMod="0" />
      <MapTile TileID="6" AltIDMod="0" />
    </MapTiles>
    <StaticTiles />
  </TransInfo>
  <TransInfo Description="Grass Without Static To Small Dirt" HashKey="08083E3E3E3E3E0808">
    <MapTiles>
      <MapTile TileID="117" AltIDMod="0" />
    </MapTiles>
    <StaticTiles />
  </TransInfo>
  <TransInfo Description="Grass Without Static To Small Dirt" HashKey="083E083E3E3E083E3E">
    <MapTiles>
      <MapTile TileID="6" AltIDMod="0" />
      <MapTile TileID="5" AltIDMod="0" />
      <MapTile TileID="4" AltIDMod="0" />
      <MapTile TileID="3" AltIDMod="0" />
    </MapTiles>
    <StaticTiles />
  </TransInfo>
  <TransInfo Description="Grass Without Static To Small Dirt" HashKey="3E3E3E083E3E3E083E">
    <MapTiles>
      <MapTile TileID="3" AltIDMod="0" />
      <MapTile TileID="4" AltIDMod="0" />
      <MapTile TileID="5" AltIDMod="0" />
      <MapTile TileID="6" AltIDMod="0" />
    </MapTiles>
    <StaticTiles />
  </TransInfo>
  <TransInfo Description="Grass Without Static To Small Dirt" HashKey="3E08083E3E3E3E3E3E">
    <MapTiles>
      <MapTile TileID="3" AltIDMod="0" />
      <MapTile TileID="4" AltIDMod="0" />
      <MapTile TileID="5" AltIDMod="0" />
      <MapTile TileID="6" AltIDMod="0" />
    </MapTiles>
    <StaticTiles />
  </TransInfo>
  <TransInfo Description="Grass Without Static To Small Dirt" HashKey="083E3E083E3E3E3E3E">
    <MapTiles>
      <MapTile TileID="6" AltIDMod="0" />
      <MapTile TileID="5" AltIDMod="0" />
      <MapTile TileID="4" AltIDMod="0" />
      <MapTile TileID="3" AltIDMod="0" />
    </MapTiles>
    <StaticTiles />
  </TransInfo>
  <TransInfo Description="Grass Without Static To Small Dirt" HashKey="08083E083E08080808">
    <MapTiles>
      <MapTile TileID="117" AltIDMod="0" />
    </MapTiles>
    <StaticTiles />
  </TransInfo>
  <TransInfo Description="Grass Without Static To Small Dirt" HashKey="083E083E3E3E083E08">
    <MapTiles>
      <MapTile TileID="117" AltIDMod="0" />
    </MapTiles>
    <StaticTiles />
  </TransInfo>
  <TransInfo Description="Grass Without Static To Small Dirt" HashKey="083E08083E083E0808">
    <MapTiles>
      <MapTile TileID="117" AltIDMod="0" />
    </MapTiles>
    <StaticTiles />
  </TransInfo>
  <TransInfo Description="Grass Without Static To Small Dirt" HashKey="3E3E08083E3E3E3E08">
    <MapTiles>
      <MapTile TileID="117" AltIDMod="0" />
    </MapTiles>
    <StaticTiles />
  </TransInfo>
  <TransInfo Description="Grass Without Static To Small Dirt" HashKey="08083E083E0808083E">
    <MapTiles>
      <MapTile TileID="117" AltIDMod="0" />
    </MapTiles>
    <StaticTiles />
  </TransInfo>
  <TransInfo Description="Grass Without Static To Small Dirt" HashKey="3E3E3E3E3E3E083E3E">
    <MapTiles>
      <MapTile TileID="6" AltIDMod="0" />
      <MapTile TileID="5" AltIDMod="0" />
      <MapTile TileID="4" AltIDMod="0" />
      <MapTile TileID="3" AltIDMod="0" />
    </MapTiles>
    <StaticTiles />
  </TransInfo>
  <TransInfo Description="Grass Without Static To Small Dirt" HashKey="3E3E3E083E083E083E">
    <MapTiles>
      <MapTile TileID="117" AltIDMod="0" />
    </MapTiles>
    <StaticTiles />
  </TransInfo>
  <TransInfo Description="Grass Without Static To Small Dirt" HashKey="0808083E3E083E083E">
    <MapTiles>
      <MapTile TileID="117" AltIDMod="0" />
    </MapTiles>
    <StaticTiles />
  </TransInfo>
  <TransInfo Description="Grass Without Static To Small Dirt" HashKey="3E0808083E3E08083E">
    <MapTiles>
      <MapTile TileID="117" AltIDMod="0" />
    </MapTiles>
    <StaticTiles />
  </TransInfo>
  <TransInfo Description="Grass Without Static To Small Dirt" HashKey="3E083E083E3E080808">
    <MapTiles>
      <MapTile TileID="117" AltIDMod="0" />
    </MapTiles>
    <StaticTiles />
  </TransInfo>
  <TransInfo Description="Grass Without Static To Small Dirt" HashKey="3E3E3E3E3E3E083E08">
    <MapTiles>
      <MapTile TileID="6" AltIDMod="0" />
      <MapTile TileID="5" AltIDMod="0" />
      <MapTile TileID="4" AltIDMod="0" />
      <MapTile TileID="3" AltIDMod="0" />
    </MapTiles>
    <StaticTiles />
  </TransInfo>
  <TransInfo Description="Grass Without Static To Small Dirt" HashKey="083E083E3E083E0808">
    <MapTiles>
      <MapTile TileID="117" AltIDMod="0" />
    </MapTiles>
    <StaticTiles />
  </TransInfo>
  <TransInfo Description="Grass Without Static To Small Dirt" HashKey="3E083E3E3E083E3E08">
    <MapTiles>
      <MapTile TileID="6" AltIDMod="0" />
      <MapTile TileID="5" AltIDMod="0" />
      <MapTile TileID="4" AltIDMod="0" />
      <MapTile TileID="3" AltIDMod="0" />
    </MapTiles>
    <StaticTiles />
  </TransInfo>
  <TransInfo Description="Grass Without Static To Small Dirt" HashKey="3E3E3E083E083E0808">
    <MapTiles>
      <MapTile TileID="117" AltIDMod="0" />
    </MapTiles>
    <StaticTiles />
  </TransInfo>
  <TransInfo Description="Grass Without Static To Small Dirt" HashKey="0808083E3E083E0808">
    <MapTiles>
      <MapTile TileID="117" AltIDMod="0" />
    </MapTiles>
    <StaticTiles />
  </TransInfo>
  <TransInfo Description="Grass Without Static To Small Dirt" HashKey="3E083E083E3E08083E">
    <MapTiles>
      <MapTile TileID="117" AltIDMod="0" />
    </MapTiles>
    <StaticTiles />
  </TransInfo>
  <TransInfo Description="Grass Without Static To Small Dirt" HashKey="3E083E083E083E083E">
    <MapTiles>
      <MapTile TileID="117" AltIDMod="0" />
    </MapTiles>
    <StaticTiles />
  </TransInfo>
  <TransInfo Description="Grass Without Static To Small Dirt" HashKey="3E08083E3E08083E08">
    <MapTiles>
      <MapTile TileID="117" AltIDMod="0" />
    </MapTiles>
    <StaticTiles />
  </TransInfo>
  <TransInfo Description="Grass Without Static To Small Dirt" HashKey="083E3E083E08083E08">
    <MapTiles>
      <MapTile TileID="117" AltIDMod="0" />
    </MapTiles>
    <StaticTiles />
  </TransInfo>
  <TransInfo Description="Grass Without Static To Small Dirt" HashKey="3E083E083E083E3E3E">
    <MapTiles>
      <MapTile TileID="117" AltIDMod="0" />
    </MapTiles>
    <StaticTiles />
  </TransInfo>
  <TransInfo Description="Grass Without Static To Small Dirt" HashKey="3E0808083E08083E08">
    <MapTiles>
      <MapTile TileID="117" AltIDMod="0" />
    </MapTiles>
    <StaticTiles />
  </TransInfo>
  <TransInfo Description="Grass Without Static To Small Dirt" HashKey="3E08083E3E08083E3E">
    <MapTiles>
      <MapTile TileID="117" AltIDMod="0" />
    </MapTiles>
    <StaticTiles />
  </TransInfo>
  <TransInfo Description="Grass Without Static To Small Dirt" HashKey="083E3E083E08083E3E">
    <MapTiles>
      <MapTile TileID="117" AltIDMod="0" />
    </MapTiles>
    <StaticTiles />
  </TransInfo>
  <TransInfo Description="Grass Without Static To Small Dirt" HashKey="3E083E083E083E3E08">
    <MapTiles>
      <MapTile TileID="117" AltIDMod="0" />
    </MapTiles>
    <StaticTiles />
  </TransInfo>
  <TransInfo Description="Grass Without Static To Small Dirt" HashKey="08083E083E3E3E0808">
    <MapTiles>
      <MapTile TileID="117" AltIDMod="0" />
    </MapTiles>
    <StaticTiles />
  </TransInfo>
  <TransInfo Description="Grass Without Static To Small Dirt" HashKey="083E083E3E08083E08">
    <MapTiles>
      <MapTile TileID="117" AltIDMod="0" />
    </MapTiles>
    <StaticTiles />
  </TransInfo>
  <TransInfo Description="Grass Without Static To Small Dirt" HashKey="083E08083E3E080808">
    <MapTiles>
      <MapTile TileID="117" AltIDMod="0" />
    </MapTiles>
    <StaticTiles />
  </TransInfo>
  <TransInfo Description="Grass Without Static To Small Dirt" HashKey="3E3E08083E08083E08">
    <MapTiles>
      <MapTile TileID="117" AltIDMod="0" />
    </MapTiles>
    <StaticTiles />
  </TransInfo>
  <TransInfo Description="Grass Without Static To Small Dirt" HashKey="08083E083E3E3E083E">
    <MapTiles>
      <MapTile TileID="117" AltIDMod="0" />
    </MapTiles>
    <StaticTiles />
  </TransInfo>
  <TransInfo Description="Grass Without Static To Small Dirt" HashKey="083E08083E08083E3E">
    <MapTiles>
      <MapTile TileID="117" AltIDMod="0" />
    </MapTiles>
    <StaticTiles />
  </TransInfo>
  <TransInfo Description="Grass Without Static To Small Dirt" HashKey="083E083E3E3E080808">
    <MapTiles>
      <MapTile TileID="117" AltIDMod="0" />
    </MapTiles>
    <StaticTiles />
  </TransInfo>
  <TransInfo Description="Grass Without Static To Small Dirt" HashKey="3E3E3E083E3E08083E">
    <MapTiles>
      <MapTile TileID="3" AltIDMod="0" />
      <MapTile TileID="4" AltIDMod="0" />
      <MapTile TileID="5" AltIDMod="0" />
      <MapTile TileID="6" AltIDMod="0" />
    </MapTiles>
    <StaticTiles />
  </TransInfo>
  <TransInfo Description="Grass Without Static To Small Dirt" HashKey="08083E3E3E083E0808">
    <MapTiles>
      <MapTile TileID="117" AltIDMod="0" />
    </MapTiles>
    <StaticTiles />
  </TransInfo>
  <TransInfo Description="Grass Without Static To Small Dirt" HashKey="080808083E3E3E3E08">
    <MapTiles>
      <MapTile TileID="117" AltIDMod="0" />
    </MapTiles>
    <StaticTiles />
  </TransInfo>
  <TransInfo Description="Grass Without Static To Small Dirt" HashKey="3E083E3E3E3E083E08">
    <MapTiles>
      <MapTile TileID="117" AltIDMod="0" />
    </MapTiles>
    <StaticTiles />
  </TransInfo>
  <TransInfo Description="Grass Without Static To Small Dirt" HashKey="3E3E3E083E3E080808">
    <MapTiles>
      <MapTile TileID="3" AltIDMod="0" />
      <MapTile TileID="4" AltIDMod="0" />
      <MapTile TileID="5" AltIDMod="0" />
      <MapTile TileID="6" AltIDMod="0" />
    </MapTiles>
    <StaticTiles />
  </TransInfo>
  <TransInfo Description="Grass Without Static To Small Dirt" HashKey="08083E3E3E3E083E3E">
    <MapTiles>
      <MapTile TileID="6" AltIDMod="0" />
      <MapTile TileID="5" AltIDMod="0" />
      <MapTile TileID="4" AltIDMod="0" />
      <MapTile TileID="3" AltIDMod="0" />
    </MapTiles>
    <StaticTiles />
  </TransInfo>
  <TransInfo Description="Grass Without Static To Small Dirt" HashKey="080808083E3E3E3E3E">
    <MapTiles>
      <MapTile TileID="6" AltIDMod="0" />
      <MapTile TileID="5" AltIDMod="0" />
      <MapTile TileID="4" AltIDMod="0" />
      <MapTile TileID="3" AltIDMod="0" />
    </MapTiles>
    <StaticTiles />
  </TransInfo>
  <TransInfo Description="Grass Without Static To Small Dirt" HashKey="3E083E3E3E3E083E3E">
    <MapTiles>
      <MapTile TileID="6" AltIDMod="0" />
      <MapTile TileID="5" AltIDMod="0" />
      <MapTile TileID="4" AltIDMod="0" />
      <MapTile TileID="3" AltIDMod="0" />
    </MapTiles>
    <StaticTiles />
  </TransInfo>
  <TransInfo Description="Grass Without Static To Small Dirt" HashKey="3E08083E3E3E080808">
    <MapTiles>
      <MapTile TileID="117" AltIDMod="0" />
    </MapTiles>
    <StaticTiles />
  </TransInfo>
  <TransInfo Description="Grass Without Static To Small Dirt" HashKey="083E3E083E3E080808">
    <MapTiles>
      <MapTile TileID="3" AltIDMod="0" />
      <MapTile TileID="4" AltIDMod="0" />
      <MapTile TileID="5" AltIDMod="0" />
      <MapTile TileID="6" AltIDMod="0" />
    </MapTiles>
    <StaticTiles />
  </TransInfo>
  <TransInfo Description="Grass Without Static To Small Dirt" HashKey="08083E3E3E3E083E08">
    <MapTiles>
      <MapTile TileID="117" AltIDMod="0" />
    </MapTiles>
    <StaticTiles />
  </TransInfo>
  <TransInfo Description="Grass Without Static To Small Dirt" HashKey="083E3E3E3E083E3E08">
    <MapTiles>
      <MapTile TileID="6" AltIDMod="0" />
      <MapTile TileID="5" AltIDMod="0" />
      <MapTile TileID="4" AltIDMod="0" />
      <MapTile TileID="3" AltIDMod="0" />
    </MapTiles>
    <StaticTiles />
  </TransInfo>
  <TransInfo Description="Grass Without Static To Small Dirt" HashKey="08083E083E083E0808">
    <MapTiles>
      <MapTile TileID="117" AltIDMod="0" />
    </MapTiles>
    <StaticTiles />
  </TransInfo>
  <TransInfo Description="Grass Without Static To Small Dirt" HashKey="3E08083E3E3E08083E">
    <MapTiles>
      <MapTile TileID="117" AltIDMod="0" />
    </MapTiles>
    <StaticTiles />
  </TransInfo>
  <TransInfo Description="Grass Without Static To Small Dirt" HashKey="083E3E083E3E08083E">
    <MapTiles>
      <MapTile TileID="3" AltIDMod="0" />
      <MapTile TileID="4" AltIDMod="0" />
      <MapTile TileID="5" AltIDMod="0" />
      <MapTile TileID="6" AltIDMod="0" />
    </MapTiles>
    <StaticTiles />
  </TransInfo>
  <TransInfo Description="Grass Without Static To Small Dirt" HashKey="08083E083E3E3E3E08">
    <MapTiles>
      <MapTile TileID="117" AltIDMod="0" />
    </MapTiles>
    <StaticTiles />
  </TransInfo>
  <TransInfo Description="Grass Without Static To Small Dirt" HashKey="083E3E3E3E083E3E3E">
    <MapTiles>
      <MapTile TileID="6" AltIDMod="0" />
      <MapTile TileID="5" AltIDMod="0" />
      <MapTile TileID="4" AltIDMod="0" />
      <MapTile TileID="3" AltIDMod="0" />
    </MapTiles>
    <StaticTiles />
  </TransInfo>
  <TransInfo Description="Grass Without Static To Small Dirt" HashKey="080808083E083E3E3E">
    <MapTiles>
      <MapTile TileID="117" AltIDMod="0" />
    </MapTiles>
    <StaticTiles />
  </TransInfo>
  <TransInfo Description="Grass Without Static To Small Dirt" HashKey="3E083E083E3E3E083E">
    <MapTiles>
      <MapTile TileID="117" AltIDMod="0" />
    </MapTiles>
    <StaticTiles />
  </TransInfo>
  <TransInfo Description="Grass Without Static To Small Dirt" HashKey="083E08083E08083E08">
    <MapTiles>
      <MapTile TileID="117" AltIDMod="0" />
    </MapTiles>
    <StaticTiles />
  </TransInfo>
  <TransInfo Description="Grass Without Static To Small Dirt" HashKey="3E3E08083E3E080808">
    <MapTiles>
      <MapTile TileID="117" AltIDMod="0" />
    </MapTiles>
    <StaticTiles />
  </TransInfo>
  <TransInfo Description="Grass Without Static To Small Dirt" HashKey="083E083E3E08083E3E">
    <MapTiles>
      <MapTile TileID="117" AltIDMod="0" />
    </MapTiles>
    <StaticTiles />
  </TransInfo>
  <TransInfo Description="Grass Without Static To Small Dirt" HashKey="3E3E083E3E083E3E08">
    <MapTiles>
      <MapTile TileID="3" AltIDMod="0" />
      <MapTile TileID="4" AltIDMod="0" />
      <MapTile TileID="5" AltIDMod="0" />
      <MapTile TileID="6" AltIDMod="0" />
    </MapTiles>
    <StaticTiles />
  </TransInfo>
  <TransInfo Description="Grass Without Static To Small Dirt" HashKey="3E083E3E3E0808083E">
    <MapTiles>
      <MapTile TileID="117" AltIDMod="0" />
    </MapTiles>
    <StaticTiles />
  </TransInfo>
  <TransInfo Description="Grass Without Static To Small Dirt" HashKey="3E083E083E3E3E0808">
    <MapTiles>
      <MapTile TileID="117" AltIDMod="0" />
    </MapTiles>
    <StaticTiles />
  </TransInfo>
  <TransInfo Description="Grass Without Static To Small Dirt" HashKey="3E3E08083E3E08083E">
    <MapTiles>
      <MapTile TileID="117" AltIDMod="0" />
    </MapTiles>
    <StaticTiles />
  </TransInfo>
  <TransInfo Description="Grass Without Static To Small Dirt" HashKey="0808083E3E08083E3E">
    <MapTiles>
      <MapTile TileID="117" AltIDMod="0" />
    </MapTiles>
    <StaticTiles />
  </TransInfo>
  <TransInfo Description="Grass Without Static To Small Dirt" HashKey="3E3E3E3E3E08083E08">
    <MapTiles>
      <MapTile TileID="3" AltIDMod="0" />
      <MapTile TileID="4" AltIDMod="0" />
      <MapTile TileID="5" AltIDMod="0" />
      <MapTile TileID="6" AltIDMod="0" />
    </MapTiles>
    <StaticTiles />
  </TransInfo>
  <TransInfo Description="Grass Without Static To Small Dirt" HashKey="080808083E08083E08">
    <MapTiles>
      <MapTile TileID="117" AltIDMod="0" />
    </MapTiles>
    <StaticTiles />
  </TransInfo>
  <TransInfo Description="Grass Without Static To Small Dirt" HashKey="3E3E08083E083E3E3E">
    <MapTiles>
      <MapTile TileID="117" AltIDMod="0" />
    </MapTiles>
    <StaticTiles />
  </TransInfo>
  <TransInfo Description="Grass Without Static To Small Dirt" HashKey="3E083E3E3E08080808">
    <MapTiles>
      <MapTile TileID="117" AltIDMod="0" />
    </MapTiles>
    <StaticTiles />
  </TransInfo>
  <TransInfo Description="Grass Without Static To Small Dirt" HashKey="3E3E3E083E08083E08">
    <MapTiles>
      <MapTile TileID="117" AltIDMod="0" />
    </MapTiles>
    <StaticTiles />
  </TransInfo>
  <TransInfo Description="Grass Without Static To Small Dirt" HashKey="0808083E3E08083E08">
    <MapTiles>
      <MapTile TileID="117" AltIDMod="0" />
    </MapTiles>
    <StaticTiles />
  </TransInfo>
  <TransInfo Description="Grass Without Static To Small Dirt" HashKey="3E3E3E3E3E08083E3E">
    <MapTiles>
      <MapTile TileID="3" AltIDMod="0" />
      <MapTile TileID="4" AltIDMod="0" />
      <MapTile TileID="5" AltIDMod="0" />
      <MapTile TileID="6" AltIDMod="0" />
    </MapTiles>
    <StaticTiles />
  </TransInfo>
  <TransInfo Description="Grass Without Static To Small Dirt" HashKey="08083E083E3E08083E">
    <MapTiles>
      <MapTile TileID="117" AltIDMod="0" />
    </MapTiles>
    <StaticTiles />
  </TransInfo>
  <TransInfo Description="Grass Without Static To Small Dirt" HashKey="3E3E08083E083E3E08">
    <MapTiles>
      <MapTile TileID="117" AltIDMod="0" />
    </MapTiles>
    <StaticTiles />
  </TransInfo>
  <TransInfo Description="Grass Without Static To Small Dirt" HashKey="3E08083E3E083E0808">
    <MapTiles>
      <MapTile TileID="117" AltIDMod="0" />
    </MapTiles>
    <StaticTiles />
  </TransInfo>
  <TransInfo Description="Grass Without Static To Small Dirt" HashKey="083E3E083E083E0808">
    <MapTiles>
      <MapTile TileID="117" AltIDMod="0" />
    </MapTiles>
    <StaticTiles />
  </TransInfo>
  <TransInfo Description="Grass Without Static To Small Dirt" HashKey="3E0808083E3E083E08">
    <MapTiles>
      <MapTile TileID="117" AltIDMod="0" />
    </MapTiles>
    <StaticTiles />
  </TransInfo>
  <TransInfo Description="Grass Without Static To Small Dirt" HashKey="083E3E3E3E3E083E08">
    <MapTiles>
      <MapTile TileID="3" AltIDMod="0" />
      <MapTile TileID="4" AltIDMod="0" />
      <MapTile TileID="5" AltIDMod="0" />
      <MapTile TileID="6" AltIDMod="0" />
    </MapTiles>
    <StaticTiles />
  </TransInfo>
  <TransInfo Description="Grass Without Static To Small Dirt" HashKey="08083E083E3E080808">
    <MapTiles>
      <MapTile TileID="117" AltIDMod="0" />
    </MapTiles>
    <StaticTiles />
  </TransInfo>
  <TransInfo Description="Grass Without Static To Small Dirt" HashKey="3E08083E3E083E083E">
    <MapTiles>
      <MapTile TileID="117" AltIDMod="0" />
    </MapTiles>
    <StaticTiles />
  </TransInfo>
  <TransInfo Description="Grass Without Static To Small Dirt" HashKey="083E3E083E083E083E">
    <MapTiles>
      <MapTile TileID="117" AltIDMod="0" />
    </MapTiles>
    <StaticTiles />
  </TransInfo>
  <TransInfo Description="Grass Without Static To Small Dirt" HashKey="3E0808083E3E083E3E">
    <MapTiles>
      <MapTile TileID="6" AltIDMod="0" />
      <MapTile TileID="5" AltIDMod="0" />
      <MapTile TileID="4" AltIDMod="0" />
      <MapTile TileID="3" AltIDMod="0" />
    </MapTiles>
    <StaticTiles />
  </TransInfo>
  <TransInfo Description="Grass Without Static To Small Dirt" HashKey="083E3E3E3E3E083E3E">
    <MapTiles>
      <MapTile TileID="6" AltIDMod="0" />
      <MapTile TileID="5" AltIDMod="0" />
      <MapTile TileID="4" AltIDMod="0" />
      <MapTile TileID="3" AltIDMod="0" />
    </MapTiles>
    <StaticTiles />
  </TransInfo>
  <TransInfo Description="Grass Without Static To Small Dirt" HashKey="08083E3E3E3E080808">
    <MapTiles>
      <MapTile TileID="117" AltIDMod="0" />
    </MapTiles>
    <StaticTiles />
  </TransInfo>
  <TransInfo Description="Grass Without Static To Small Dirt" HashKey="3E3E3E3E3E083E3E3E">
    <MapTiles>
      <MapTile TileID="3" AltIDMod="0" />
      <MapTile TileID="4" AltIDMod="0" />
      <MapTile TileID="5" AltIDMod="0" />
      <MapTile TileID="6" AltIDMod="0" />
    </MapTiles>
    <StaticTiles />
  </TransInfo>
  <TransInfo Description="Grass Without Static To Small Dirt" HashKey="083E08083E3E3E3E08">
    <MapTiles>
      <MapTile TileID="117" AltIDMod="0" />
    </MapTiles>
    <StaticTiles />
  </TransInfo>
  <TransInfo Description="Grass Without Static To Small Dirt" HashKey="3E3E083E3E3E083E08">
    <MapTiles>
      <MapTile TileID="3" AltIDMod="0" />
      <MapTile TileID="4" AltIDMod="0" />
      <MapTile TileID="5" AltIDMod="0" />
      <MapTile TileID="6" AltIDMod="0" />
    </MapTiles>
    <StaticTiles />
  </TransInfo>
  <TransInfo Description="Grass Without Static To Small Dirt" HashKey="3E3E3E083E3E3E3E3E">
    <MapTiles>
      <MapTile TileID="6" AltIDMod="0" />
      <MapTile TileID="5" AltIDMod="0" />
      <MapTile TileID="4" AltIDMod="0" />
      <MapTile TileID="3" AltIDMod="0" />
    </MapTiles>
    <StaticTiles />
  </TransInfo>
  <TransInfo Description="Grass Without Static To Small Dirt" HashKey="3E3E08083E08083E3E">
    <MapTiles>
      <MapTile TileID="117" AltIDMod="0" />
    </MapTiles>
    <StaticTiles />
  </TransInfo>
  <TransInfo Description="Grass Without Static To Small Dirt" HashKey="083E3E083E3E3E083E">
    <MapTiles>
      <MapTile TileID="3" AltIDMod="0" />
      <MapTile TileID="4" AltIDMod="0" />
      <MapTile TileID="5" AltIDMod="0" />
      <MapTile TileID="6" AltIDMod="0" />
    </MapTiles>
    <StaticTiles />
  </TransInfo>
  <TransInfo Description="Grass Without Static To Small Dirt" HashKey="080808083E3E080808">
    <MapTiles>
      <MapTile TileID="117" AltIDMod="0" />
    </MapTiles>
    <StaticTiles />
  </TransInfo>
  <TransInfo Description="Grass Without Static To Small Dirt" HashKey="3E083E3E3E3E3E0808">
    <MapTiles>
      <MapTile TileID="117" AltIDMod="0" />
    </MapTiles>
    <StaticTiles />
  </TransInfo>
  <TransInfo Description="Grass Without Static To Small Dirt" HashKey="3E3E3E083E3E3E3E08">
    <MapTiles>
      <MapTile TileID="3" AltIDMod="0" />
      <MapTile TileID="4" AltIDMod="0" />
      <MapTile TileID="5" AltIDMod="0" />
      <MapTile TileID="6" AltIDMod="0" />
    </MapTiles>
    <StaticTiles />
  </TransInfo>
  <TransInfo Description="Grass Without Static To Small Dirt" HashKey="3E08083E3E3E3E0808">
    <MapTiles>
      <MapTile TileID="117" AltIDMod="0" />
    </MapTiles>
    <StaticTiles />
  </TransInfo>
  <TransInfo Description="Grass Without Static To Small Dirt" HashKey="083E3E083E3E3E0808">
    <MapTiles>
      <MapTile TileID="3" AltIDMod="0" />
      <MapTile TileID="4" AltIDMod="0" />
      <MapTile TileID="5" AltIDMod="0" />
      <MapTile TileID="6" AltIDMod="0" />
    </MapTiles>
    <StaticTiles />
  </TransInfo>
  <TransInfo Description="Grass Without Static To Small Dirt" HashKey="08083E083E08083E3E">
    <MapTiles>
      <MapTile TileID="117" AltIDMod="0" />
    </MapTiles>
    <StaticTiles />
  </TransInfo>
  <TransInfo Description="Grass Without Static To Small Dirt" HashKey="3E083E3E3E3E3E083E">
    <MapTiles>
      <MapTile TileID="117" AltIDMod="0" />
    </MapTiles>
    <StaticTiles />
  </TransInfo>
  <TransInfo Description="Grass Without Static To Small Dirt" HashKey="08083E3E3E08083E08">
    <MapTiles>
      <MapTile TileID="117" AltIDMod="0" />
    </MapTiles>
    <StaticTiles />
  </TransInfo>
  <TransInfo Description="Grass Without Static To Small Dirt" HashKey="3E3E08083E3E3E3E3E">
    <MapTiles>
      <MapTile TileID="6" AltIDMod="0" />
      <MapTile TileID="5" AltIDMod="0" />
      <MapTile TileID="4" AltIDMod="0" />
      <MapTile TileID="3" AltIDMod="0" />
    </MapTiles>
    <StaticTiles />
  </TransInfo>
  <TransInfo Description="Grass Without Static To Small Dirt" HashKey="083E3E3E3E08080808">
    <MapTiles>
      <MapTile TileID="117" AltIDMod="0" />
    </MapTiles>
    <StaticTiles />
  </TransInfo>
  <TransInfo Description="Grass Without Static To Small Dirt" HashKey="3E3E08083E3E3E083E">
    <MapTiles>
      <MapTile TileID="117" AltIDMod="0" />
    </MapTiles>
    <StaticTiles />
  </TransInfo>
  <TransInfo Description="Grass Without Static To Small Dirt" HashKey="08083E083E08083E08">
    <MapTiles>
      <MapTile TileID="117" AltIDMod="0" />
    </MapTiles>
    <StaticTiles />
  </TransInfo>
  <TransInfo Description="Grass Without Static To Small Dirt" HashKey="3E08083E3E083E3E3E">
    <MapTiles>
      <MapTile TileID="6" AltIDMod="0" />
      <MapTile TileID="5" AltIDMod="0" />
      <MapTile TileID="4" AltIDMod="0" />
      <MapTile TileID="3" AltIDMod="0" />
    </MapTiles>
    <StaticTiles />
  </TransInfo>
  <TransInfo Description="Grass Without Static To Small Dirt" HashKey="08083E3E3E08083E3E">
    <MapTiles>
      <MapTile TileID="117" AltIDMod="0" />
    </MapTiles>
    <StaticTiles />
  </TransInfo>
  <TransInfo Description="Grass Without Static To Small Dirt" HashKey="083E3E3E3E0808083E">
    <MapTiles>
      <MapTile TileID="117" AltIDMod="0" />
    </MapTiles>
    <StaticTiles />
  </TransInfo>
  <TransInfo Description="Grass Without Static To Small Dirt" HashKey="3E3E08083E3E3E0808">
    <MapTiles>
      <MapTile TileID="117" AltIDMod="0" />
    </MapTiles>
    <StaticTiles />
  </TransInfo>
  <TransInfo Description="Grass Without Static To Small Dirt" HashKey="3E083E083E3E083E3E">
    <MapTiles>
      <MapTile TileID="6" AltIDMod="0" />
      <MapTile TileID="5" AltIDMod="0" />
      <MapTile TileID="4" AltIDMod="0" />
      <MapTile TileID="3" AltIDMod="0" />
    </MapTiles>
    <StaticTiles />
  </TransInfo>
  <TransInfo Description="Grass Without Static To Small Dirt" HashKey="3E083E3E3E3E080808">
    <MapTiles>
      <MapTile TileID="117" AltIDMod="0" />
    </MapTiles>
    <StaticTiles />
  </TransInfo>
  <TransInfo Description="Grass Without Static To Small Dirt" HashKey="3E083E3E3E083E083E">
    <MapTiles>
      <MapTile TileID="117" AltIDMod="0" />
    </MapTiles>
    <StaticTiles />
  </TransInfo>
  <TransInfo Description="Grass Without Static To Small Dirt" HashKey="083E083E3E083E083E">
    <MapTiles>
      <MapTile TileID="117" AltIDMod="0" />
    </MapTiles>
    <StaticTiles />
  </TransInfo>
  <TransInfo Description="Grass Without Static To Small Dirt" HashKey="3E3E083E3E08080808">
    <MapTiles>
      <MapTile TileID="3" AltIDMod="0" />
      <MapTile TileID="4" AltIDMod="0" />
      <MapTile TileID="5" AltIDMod="0" />
      <MapTile TileID="6" AltIDMod="0" />
    </MapTiles>
    <StaticTiles />
  </TransInfo>
  <TransInfo Description="Grass Without Static To Small Dirt" HashKey="083E083E3E0808083E">
    <MapTiles>
      <MapTile TileID="117" AltIDMod="0" />
    </MapTiles>
    <StaticTiles />
  </TransInfo>
  <TransInfo Description="Grass Without Static To Small Dirt" HashKey="3E083E083E3E083E08">
    <MapTiles>
      <MapTile TileID="117" AltIDMod="0" />
    </MapTiles>
    <StaticTiles />
  </TransInfo>
  <TransInfo Description="Grass Without Static To Small Dirt" HashKey="3E083E3E3E083E0808">
    <MapTiles>
      <MapTile TileID="117" AltIDMod="0" />
    </MapTiles>
    <StaticTiles />
  </TransInfo>
  <TransInfo Description="Grass Without Static To Small Dirt" HashKey="083E3E083E0808083E">
    <MapTiles>
      <MapTile TileID="117" AltIDMod="0" />
    </MapTiles>
    <StaticTiles />
  </TransInfo>
  <TransInfo Description="Grass Without Static To Small Dirt" HashKey="3E3E083E3E0808083E">
    <MapTiles>
      <MapTile TileID="3" AltIDMod="0" />
      <MapTile TileID="4" AltIDMod="0" />
      <MapTile TileID="5" AltIDMod="0" />
      <MapTile TileID="6" AltIDMod="0" />
    </MapTiles>
    <StaticTiles />
  </TransInfo>
  <TransInfo Description="Grass Without Static To Small Dirt" HashKey="080808083E083E0808">
    <MapTiles>
      <MapTile TileID="117" AltIDMod="0" />
    </MapTiles>
    <StaticTiles />
  </TransInfo>
  <TransInfo Description="Grass Without Static To Small Dirt" HashKey="0808083E3E3E083E08">
    <MapTiles>
      <MapTile TileID="117" AltIDMod="0" />
    </MapTiles>
    <StaticTiles />
  </TransInfo>
  <TransInfo Description="Grass Without Static To Small Dirt" HashKey="3E08083E3E08080808">
    <MapTiles>
      <MapTile TileID="117" AltIDMod="0" />
    </MapTiles>
    <StaticTiles />
  </TransInfo>
  <TransInfo Description="Grass Without Static To Small Dirt" HashKey="083E3E083E08080808">
    <MapTiles>
      <MapTile TileID="117" AltIDMod="0" />
    </MapTiles>
    <StaticTiles />
  </TransInfo>
  <TransInfo Description="Grass Without Static To Small Dirt" HashKey="3E083E083E3E3E3E3E">
    <MapTiles>
      <MapTile TileID="6" AltIDMod="0" />
      <MapTile TileID="5" AltIDMod="0" />
      <MapTile TileID="4" AltIDMod="0" />
      <MapTile TileID="3" AltIDMod="0" />
    </MapTiles>
    <StaticTiles />
  </TransInfo>
  <TransInfo Description="Grass Without Static To Small Dirt" HashKey="3E3E3E3E3E083E083E">
    <MapTiles>
      <MapTile TileID="3" AltIDMod="0" />
      <MapTile TileID="4" AltIDMod="0" />
      <MapTile TileID="5" AltIDMod="0" />
      <MapTile TileID="6" AltIDMod="0" />
    </MapTiles>
    <StaticTiles />
  </TransInfo>
  <TransInfo Description="Grass Without Static To Small Dirt" HashKey="08083E083E3E3E3E3E">
    <MapTiles>
      <MapTile TileID="6" AltIDMod="0" />
      <MapTile TileID="5" AltIDMod="0" />
      <MapTile TileID="4" AltIDMod="0" />
      <MapTile TileID="3" AltIDMod="0" />
    </MapTiles>
    <StaticTiles />
  </TransInfo>
  <TransInfo Description="Grass Without Static To Small Dirt" HashKey="0808083E3E3E083E3E">
    <MapTiles>
      <MapTile TileID="6" AltIDMod="0" />
      <MapTile TileID="5" AltIDMod="0" />
      <MapTile TileID="4" AltIDMod="0" />
      <MapTile TileID="3" AltIDMod="0" />
    </MapTiles>
    <StaticTiles />
  </TransInfo>
  <TransInfo Description="Grass Without Static To Small Dirt" HashKey="3E0808083E3E3E0808">
    <MapTiles>
      <MapTile TileID="117" AltIDMod="0" />
    </MapTiles>
    <StaticTiles />
  </TransInfo>
  <TransInfo Description="Grass Without Static To Small Dirt" HashKey="083E3E3E3E3E3E0808">
    <MapTiles>
      <MapTile TileID="3" AltIDMod="0" />
      <MapTile TileID="4" AltIDMod="0" />
      <MapTile TileID="5" AltIDMod="0" />
      <MapTile TileID="6" AltIDMod="0" />
    </MapTiles>
    <StaticTiles />
  </TransInfo>
  <TransInfo Description="Grass Without Static To Small Dirt" HashKey="3E3E08083E0808083E">
    <MapTiles>
      <MapTile TileID="117" AltIDMod="0" />
    </MapTiles>
    <StaticTiles />
  </TransInfo>
  <TransInfo Description="Grass Without Static To Small Dirt" HashKey="083E3E3E3E08083E08">
    <MapTiles>
      <MapTile TileID="117" AltIDMod="0" />
    </MapTiles>
    <StaticTiles />
  </TransInfo>
  <TransInfo Description="Grass Without Static To Small Dirt" HashKey="3E3E3E083E08083E3E">
    <MapTiles>
      <MapTile TileID="117" AltIDMod="0" />
    </MapTiles>
    <StaticTiles />
  </TransInfo>
  <TransInfo Description="Grass Without Static To Small Dirt" HashKey="3E0808083E3E3E083E">
    <MapTiles>
      <MapTile TileID="117" AltIDMod="0" />
    </MapTiles>
    <StaticTiles />
  </TransInfo>
  <TransInfo Description="Grass Without Static To Small Dirt" HashKey="083E3E3E3E3E3E083E">
    <MapTiles>
      <MapTile TileID="3" AltIDMod="0" />
      <MapTile TileID="4" AltIDMod="0" />
      <MapTile TileID="5" AltIDMod="0" />
      <MapTile TileID="6" AltIDMod="0" />
    </MapTiles>
    <StaticTiles />
  </TransInfo>
  <TransInfo Description="Grass Without Static To Small Dirt" HashKey="3E3E08083E08080808">
    <MapTiles>
      <MapTile TileID="117" AltIDMod="0" />
    </MapTiles>
    <StaticTiles />
  </TransInfo>
  <TransInfo Description="Grass Without Static To Small Dirt" HashKey="080808083E3E3E083E">
    <MapTiles>
      <MapTile TileID="117" AltIDMod="0" />
    </MapTiles>
    <StaticTiles />
  </TransInfo>
  <TransInfo Description="Grass Without Static To Small Dirt" HashKey="3E083E3E3E3E08083E">
    <MapTiles>
      <MapTile TileID="117" AltIDMod="0" />
    </MapTiles>
    <StaticTiles />
  </TransInfo>
  <TransInfo Description="Grass Without Static To Small Dirt" HashKey="3E3E083E3E3E3E0808">
    <MapTiles>
      <MapTile TileID="3" AltIDMod="0" />
      <MapTile TileID="4" AltIDMod="0" />
      <MapTile TileID="5" AltIDMod="0" />
      <MapTile TileID="6" AltIDMod="0" />
    </MapTiles>
    <StaticTiles />
  </TransInfo>
  <TransInfo Description="Grass Without Static To Small Dirt" HashKey="08083E083E083E083E">
    <MapTiles>
      <MapTile TileID="117" AltIDMod="0" />
    </MapTiles>
    <StaticTiles />
  </TransInfo>
  <TransInfo Description="Grass Without Static To Small Dirt" HashKey="08083E3E3E3E3E3E08">
    <MapTiles>
      <MapTile TileID="6" AltIDMod="0" />
      <MapTile TileID="5" AltIDMod="0" />
      <MapTile TileID="4" AltIDMod="0" />
      <MapTile TileID="3" AltIDMod="0" />
    </MapTiles>
    <StaticTiles />
  </TransInfo>
  <TransInfo Description="Grass Without Static To Small Dirt" HashKey="083E083E3E3E3E3E08">
    <MapTiles>
      <MapTile TileID="6" AltIDMod="0" />
      <MapTile TileID="5" AltIDMod="0" />
      <MapTile TileID="4" AltIDMod="0" />
      <MapTile TileID="3" AltIDMod="0" />
    </MapTiles>
    <StaticTiles />
  </TransInfo>
  <TransInfo Description="Grass Without Static To Small Dirt" HashKey="3E08083E3E3E083E3E">
    <MapTiles>
      <MapTile TileID="6" AltIDMod="0" />
      <MapTile TileID="5" AltIDMod="0" />
      <MapTile TileID="4" AltIDMod="0" />
      <MapTile TileID="3" AltIDMod="0" />
    </MapTiles>
    <StaticTiles />
  </TransInfo>
  <TransInfo Description="Grass Without Static To Small Dirt" HashKey="083E3E083E3E083E3E">
    <MapTiles>
      <MapTile TileID="6" AltIDMod="0" />
      <MapTile TileID="5" AltIDMod="0" />
      <MapTile TileID="4" AltIDMod="0" />
      <MapTile TileID="3" AltIDMod="0" />
    </MapTiles>
    <StaticTiles />
  </TransInfo>
  <TransInfo Description="Grass Without Static To Small Dirt" HashKey="3E3E083E3E3E3E083E">
    <MapTiles>
      <MapTile TileID="3" AltIDMod="0" />
      <MapTile TileID="4" AltIDMod="0" />
      <MapTile TileID="5" AltIDMod="0" />
      <MapTile TileID="6" AltIDMod="0" />
    </MapTiles>
    <StaticTiles />
  </TransInfo>
  <TransInfo Description="Grass Without Static To Small Dirt" HashKey="083E3E3E3E083E083E">
    <MapTiles>
      <MapTile TileID="117" AltIDMod="0" />
    </MapTiles>
    <StaticTiles />
  </TransInfo>
  <TransInfo Description="Grass Without Static To Small Dirt" HashKey="080808083E3E08083E">
    <MapTiles>
      <MapTile TileID="117" AltIDMod="0" />
    </MapTiles>
    <StaticTiles />
  </TransInfo>
  <TransInfo Description="Grass Without Static To Small Dirt" HashKey="083E083E3E3E3E3E3E">
    <MapTiles>
      <MapTile TileID="3" AltIDMod="0" />
      <MapTile TileID="4" AltIDMod="0" />
      <MapTile TileID="5" AltIDMod="0" />
      <MapTile TileID="6" AltIDMod="0" />
    </MapTiles>
    <StaticTiles />
  </TransInfo>
  <TransInfo Description="Grass Without Static To Small Dirt" HashKey="3E08083E3E3E083E08">
    <MapTiles>
      <MapTile TileID="117" AltIDMod="0" />
    </MapTiles>
    <StaticTiles />
  </TransInfo>
</Trans>