﻿<?xml version="1.0" encoding="utf-8"?>
<Trans>
  <TransInfo Description="Grass To Grass Embankment" HashKey="012A2A010101012A2A">
    <MapTiles>
      <MapTile TileID="3" AltIDMod="0" />
    </MapTiles>
    <StaticTiles />
  </TransInfo>
  <TransInfo Description="Grass To Grass Embankment" HashKey="2A2A012A01012A2A01">
    <MapTiles>
      <MapTile TileID="3" AltIDMod="0" />
    </MapTiles>
    <StaticTiles />
  </TransInfo>
  <TransInfo Description="Grass To Grass Embankment" HashKey="2A2A2A01010101012A">
    <MapTiles>
      <MapTile TileID="3" AltIDMod="0" />
    </MapTiles>
    <StaticTiles />
  </TransInfo>
  <TransInfo Description="Grass To Grass Embankment" HashKey="01012A2A012A010101">
    <MapTiles>
      <MapTile TileID="3" AltIDMod="0" />
    </MapTiles>
    <StaticTiles />
  </TransInfo>
  <TransInfo Description="Grass To Grass Embankment" HashKey="2A2A0101012A010101">
    <MapTiles>
      <MapTile TileID="3" AltIDMod="0" />
    </MapTiles>
    <StaticTiles />
  </TransInfo>
  <TransInfo Description="Grass To Grass Embankment" HashKey="2A2A2A2A01012A012A">
    <MapTiles>
      <MapTile TileID="3" AltIDMod="0" />
    </MapTiles>
    <StaticTiles />
  </TransInfo>
  <TransInfo Description="Grass To Grass Embankment" HashKey="012A010101012A012A">
    <MapTiles>
      <MapTile TileID="3" AltIDMod="0" />
    </MapTiles>
    <StaticTiles />
  </TransInfo>
  <TransInfo Description="Grass To Grass Embankment" HashKey="2A01012A012A2A0101">
    <MapTiles>
      <MapTile TileID="3" AltIDMod="0" />
    </MapTiles>
    <StaticTiles />
  </TransInfo>
  <TransInfo Description="Grass To Grass Embankment" HashKey="2A012A2A012A2A012A">
    <MapTiles>
      <MapTile TileID="3" AltIDMod="0" />
    </MapTiles>
    <StaticTiles />
  </TransInfo>
  <TransInfo Description="Grass To Grass Embankment" HashKey="2A2A2A01012A2A012A">
    <MapTiles>
      <MapTile TileID="3" AltIDMod="0" />
    </MapTiles>
    <StaticTiles />
  </TransInfo>
  <TransInfo Description="Grass To Grass Embankment" HashKey="0101012A01012A2A2A">
    <MapTiles>
      <MapTile TileID="41" AltIDMod="0" />
      <MapTile TileID="44" AltIDMod="0" />
    </MapTiles>
    <StaticTiles />
  </TransInfo>
  <TransInfo Description="Grass To Grass Embankment" HashKey="0101012A01012A012A">
    <MapTiles>
      <MapTile TileID="3" AltIDMod="0" />
    </MapTiles>
    <StaticTiles />
  </TransInfo>
  <TransInfo Description="Grass To Grass Embankment" HashKey="012A2A2A01012A2A01">
    <MapTiles>
      <MapTile TileID="3" AltIDMod="0" />
    </MapTiles>
    <StaticTiles />
  </TransInfo>
  <TransInfo Description="Grass To Grass Embankment" HashKey="2A2A2A2A012A2A012A">
    <MapTiles>
      <MapTile TileID="3" AltIDMod="0" />
    </MapTiles>
    <StaticTiles />
  </TransInfo>
  <TransInfo Description="Grass To Grass Embankment" HashKey="01010101012A01012A">
    <MapTiles>
      <MapTile TileID="43" AltIDMod="0" />
      <MapTile TileID="42" AltIDMod="0" />
    </MapTiles>
    <StaticTiles />
  </TransInfo>
  <TransInfo Description="Grass To Grass Embankment" HashKey="012A2A01012A010101">
    <MapTiles>
      <MapTile TileID="31" AltIDMod="0" />
    </MapTiles>
    <StaticTiles />
  </TransInfo>
  <TransInfo Description="Grass To Grass Embankment" HashKey="2A2A2A0101012A012A">
    <MapTiles>
      <MapTile TileID="3" AltIDMod="0" />
    </MapTiles>
    <StaticTiles />
  </TransInfo>
  <TransInfo Description="Grass To Grass Embankment" HashKey="2A2A2A0101012A2A2A">
    <MapTiles>
      <MapTile TileID="3" AltIDMod="0" />
    </MapTiles>
    <StaticTiles />
  </TransInfo>
  <TransInfo Description="Grass To Grass Embankment" HashKey="2A01012A0101012A2A">
    <MapTiles>
      <MapTile TileID="3" AltIDMod="0" />
    </MapTiles>
    <StaticTiles />
  </TransInfo>
  <TransInfo Description="Grass To Grass Embankment" HashKey="01012A2A012A2A2A01">
    <MapTiles>
      <MapTile TileID="3" AltIDMod="0" />
    </MapTiles>
    <StaticTiles />
  </TransInfo>
  <TransInfo Description="Grass To Grass Embankment" HashKey="2A2A0101012A2A2A01">
    <MapTiles>
      <MapTile TileID="3" AltIDMod="0" />
    </MapTiles>
    <StaticTiles />
  </TransInfo>
  <TransInfo Description="Grass To Grass Embankment" HashKey="0101012A012A01012A">
    <MapTiles>
      <MapTile TileID="3" AltIDMod="0" />
    </MapTiles>
    <StaticTiles />
  </TransInfo>
  <TransInfo Description="Grass To Grass Embankment" HashKey="012A012A01012A012A">
    <MapTiles>
      <MapTile TileID="3" AltIDMod="0" />
    </MapTiles>
    <StaticTiles />
  </TransInfo>
  <TransInfo Description="Grass To Grass Embankment" HashKey="2A012A2A01012A2A01">
    <MapTiles>
      <MapTile TileID="3" AltIDMod="0" />
    </MapTiles>
    <StaticTiles />
  </TransInfo>
  <TransInfo Description="Grass To Grass Embankment" HashKey="2A2A012A012A012A2A">
    <MapTiles>
      <MapTile TileID="3" AltIDMod="0" />
    </MapTiles>
    <StaticTiles />
  </TransInfo>
  <TransInfo Description="Grass To Grass Embankment" HashKey="0101012A012A2A0101">
    <MapTiles>
      <MapTile TileID="3" AltIDMod="0" />
    </MapTiles>
    <StaticTiles />
  </TransInfo>
  <TransInfo Description="Grass To Grass Embankment" HashKey="2A2A2A2A012A01012A">
    <MapTiles>
      <MapTile TileID="3" AltIDMod="0" />
    </MapTiles>
    <StaticTiles />
  </TransInfo>
  <TransInfo Description="Grass To Grass Embankment" HashKey="2A2A012A0101012A2A">
    <MapTiles>
      <MapTile TileID="3" AltIDMod="0" />
    </MapTiles>
    <StaticTiles />
  </TransInfo>
  <TransInfo Description="Grass To Grass Embankment" HashKey="2A2A2A01012A01012A">
    <MapTiles>
      <MapTile TileID="42" AltIDMod="0" />
      <MapTile TileID="43" AltIDMod="0" />
    </MapTiles>
    <StaticTiles />
  </TransInfo>
  <TransInfo Description="Grass To Grass Embankment" HashKey="012A0101012A012A2A">
    <MapTiles>
      <MapTile TileID="3" AltIDMod="0" />
    </MapTiles>
    <StaticTiles />
  </TransInfo>
  <TransInfo Description="Grass To Grass Embankment" HashKey="012A0101012A2A0101">
    <MapTiles>
      <MapTile TileID="3" AltIDMod="0" />
    </MapTiles>
    <StaticTiles />
  </TransInfo>
  <TransInfo Description="Grass To Grass Embankment" HashKey="0101010101012A2A2A">
    <MapTiles>
      <MapTile TileID="41" AltIDMod="0" />
      <MapTile TileID="44" AltIDMod="0" />
    </MapTiles>
    <StaticTiles />
  </TransInfo>
  <TransInfo Description="Grass To Grass Embankment" HashKey="01010101012A2A2A2A">
    <MapTiles>
      <MapTile TileID="32" AltIDMod="0" />
    </MapTiles>
    <StaticTiles />
  </TransInfo>
  <TransInfo Description="Grass To Grass Embankment" HashKey="012A010101012A0101">
    <MapTiles>
      <MapTile TileID="4" AltIDMod="0" />
    </MapTiles>
    <StaticTiles />
  </TransInfo>
  <TransInfo Description="Grass To Grass Embankment" HashKey="012A2A01012A2A2A01">
    <MapTiles>
      <MapTile TileID="3" AltIDMod="0" />
    </MapTiles>
    <StaticTiles />
  </TransInfo>
  <TransInfo Description="Grass To Grass Embankment" HashKey="2A01012A012A010101">
    <MapTiles>
      <MapTile TileID="3" AltIDMod="0" />
    </MapTiles>
    <StaticTiles />
  </TransInfo>
  <TransInfo Description="Grass To Grass Embankment" HashKey="012A2A2A012A012A2A">
    <MapTiles>
      <MapTile TileID="3" AltIDMod="0" />
    </MapTiles>
    <StaticTiles />
  </TransInfo>
  <TransInfo Description="Grass To Grass Embankment" HashKey="2A2A2A2A012A2A0101">
    <MapTiles>
      <MapTile TileID="3" AltIDMod="0" />
    </MapTiles>
    <StaticTiles />
  </TransInfo>
  <TransInfo Description="Grass To Grass Embankment" HashKey="2A2A01010101012A2A">
    <MapTiles>
      <MapTile TileID="3" AltIDMod="0" />
    </MapTiles>
    <StaticTiles />
  </TransInfo>
  <TransInfo Description="Grass To Grass Embankment" HashKey="2A012A010101012A2A">
    <MapTiles>
      <MapTile TileID="3" AltIDMod="0" />
    </MapTiles>
    <StaticTiles />
  </TransInfo>
  <TransInfo Description="Grass To Grass Embankment" HashKey="012A012A012A012A2A">
    <MapTiles>
      <MapTile TileID="3" AltIDMod="0" />
    </MapTiles>
    <StaticTiles />
  </TransInfo>
  <TransInfo Description="Grass To Grass Embankment" HashKey="2A2A012A010101012A">
    <MapTiles>
      <MapTile TileID="3" AltIDMod="0" />
    </MapTiles>
    <StaticTiles />
  </TransInfo>
  <TransInfo Description="Grass To Grass Embankment" HashKey="2A2A2A2A0101012A01">
    <MapTiles>
      <MapTile TileID="3" AltIDMod="0" />
    </MapTiles>
    <StaticTiles />
  </TransInfo>
  <TransInfo Description="Grass To Grass Embankment" HashKey="2A2A2A2A01012A2A01">
    <MapTiles>
      <MapTile TileID="3" AltIDMod="0" />
    </MapTiles>
    <StaticTiles />
  </TransInfo>
  <TransInfo Description="Grass To Grass Embankment" HashKey="012A012A012A01012A">
    <MapTiles>
      <MapTile TileID="3" AltIDMod="0" />
    </MapTiles>
    <StaticTiles />
  </TransInfo>
  <TransInfo Description="Grass To Grass Embankment" HashKey="2A2A0101012A012A2A">
    <MapTiles>
      <MapTile TileID="3" AltIDMod="0" />
    </MapTiles>
    <StaticTiles />
  </TransInfo>
  <TransInfo Description="Grass To Grass Embankment" HashKey="2A2A0101012A2A2A2A">
    <MapTiles>
      <MapTile TileID="3" AltIDMod="0" />
    </MapTiles>
    <StaticTiles />
  </TransInfo>
  <TransInfo Description="Grass To Grass Embankment" HashKey="2A01010101012A012A">
    <MapTiles>
      <MapTile TileID="3" AltIDMod="0" />
    </MapTiles>
    <StaticTiles />
  </TransInfo>
  <TransInfo Description="Grass To Grass Embankment" HashKey="2A2A2A01012A012A01">
    <MapTiles>
      <MapTile TileID="3" AltIDMod="0" />
    </MapTiles>
    <StaticTiles />
  </TransInfo>
  <TransInfo Description="Grass To Grass Embankment" HashKey="012A012A010101012A">
    <MapTiles>
      <MapTile TileID="3" AltIDMod="0" />
    </MapTiles>
    <StaticTiles />
  </TransInfo>
  <TransInfo Description="Grass To Grass Embankment" HashKey="01012A01012A012A2A">
    <MapTiles>
      <MapTile TileID="32" AltIDMod="0" />
    </MapTiles>
    <StaticTiles />
  </TransInfo>
  <TransInfo Description="Grass To Grass Embankment" HashKey="2A2A012A0101012A01">
    <MapTiles>
      <MapTile TileID="3" AltIDMod="0" />
    </MapTiles>
    <StaticTiles />
  </TransInfo>
  <TransInfo Description="Grass To Grass Embankment" HashKey="2A2A2A01012A010101">
    <MapTiles>
      <MapTile TileID="31" AltIDMod="0" />
    </MapTiles>
    <StaticTiles />
  </TransInfo>
  <TransInfo Description="Grass To Grass Embankment" HashKey="2A01012A012A2A2A01">
    <MapTiles>
      <MapTile TileID="3" AltIDMod="0" />
    </MapTiles>
    <StaticTiles />
  </TransInfo>
  <TransInfo Description="Grass To Grass Embankment" HashKey="012A2A2A012A2A2A01">
    <MapTiles>
      <MapTile TileID="3" AltIDMod="0" />
    </MapTiles>
    <StaticTiles />
  </TransInfo>
  <TransInfo Description="Grass To Grass Embankment" HashKey="012A012A01012A0101">
    <MapTiles>
      <MapTile TileID="4" AltIDMod="0" />
    </MapTiles>
    <StaticTiles />
  </TransInfo>
  <TransInfo Description="Grass To Grass Embankment" HashKey="0101010101012A2A01">
    <MapTiles>
      <MapTile TileID="30" AltIDMod="0" />
    </MapTiles>
    <StaticTiles />
  </TransInfo>
  <TransInfo Description="Grass To Grass Embankment" HashKey="2A012A01012A010101">
    <MapTiles>
      <MapTile TileID="3" AltIDMod="0" />
    </MapTiles>
    <StaticTiles />
  </TransInfo>
  <TransInfo Description="Grass To Grass Embankment" HashKey="01012A2A010101012A">
    <MapTiles>
      <MapTile TileID="3" AltIDMod="0" />
    </MapTiles>
    <StaticTiles />
  </TransInfo>
  <TransInfo Description="Grass To Grass Embankment" HashKey="2A2A0101010101012A">
    <MapTiles>
      <MapTile TileID="3" AltIDMod="0" />
    </MapTiles>
    <StaticTiles />
  </TransInfo>
  <TransInfo Description="Grass To Grass Embankment" HashKey="012A2A01012A012A2A">
    <MapTiles>
      <MapTile TileID="3" AltIDMod="0" />
    </MapTiles>
    <StaticTiles />
  </TransInfo>
  <TransInfo Description="Grass To Grass Embankment" HashKey="2A2A2A2A0101012A2A">
    <MapTiles>
      <MapTile TileID="3" AltIDMod="0" />
    </MapTiles>
    <StaticTiles />
  </TransInfo>
  <TransInfo Description="Grass To Grass Embankment" HashKey="0101012A012A010101">
    <MapTiles>
      <MapTile TileID="3" AltIDMod="0" />
    </MapTiles>
    <StaticTiles />
  </TransInfo>
  <TransInfo Description="Grass To Grass Embankment" HashKey="01012A2A01012A0101">
    <MapTiles>
      <MapTile TileID="4" AltIDMod="0" />
    </MapTiles>
    <StaticTiles />
  </TransInfo>
  <TransInfo Description="Grass To Grass Embankment" HashKey="2A2A010101012A0101">
    <MapTiles>
      <MapTile TileID="4" AltIDMod="0" />
    </MapTiles>
    <StaticTiles />
  </TransInfo>
  <TransInfo Description="Grass To Grass Embankment" HashKey="012A012A012A012A01">
    <MapTiles>
      <MapTile TileID="3" AltIDMod="0" />
    </MapTiles>
    <StaticTiles />
  </TransInfo>
  <TransInfo Description="Grass To Grass Embankment" HashKey="2A010101012A012A2A">
    <MapTiles>
      <MapTile TileID="3" AltIDMod="0" />
    </MapTiles>
    <StaticTiles />
  </TransInfo>
  <TransInfo Description="Grass To Grass Embankment" HashKey="0101012A012A2A2A2A">
    <MapTiles>
      <MapTile TileID="3" AltIDMod="0" />
    </MapTiles>
    <StaticTiles />
  </TransInfo>
  <TransInfo Description="Grass To Grass Embankment" HashKey="01012A2A012A012A01">
    <MapTiles>
      <MapTile TileID="3" AltIDMod="0" />
    </MapTiles>
    <StaticTiles />
  </TransInfo>
  <TransInfo Description="Grass To Grass Embankment" HashKey="2A2A0101012A012A01">
    <MapTiles>
      <MapTile TileID="3" AltIDMod="0" />
    </MapTiles>
    <StaticTiles />
  </TransInfo>
  <TransInfo Description="Grass To Grass Embankment" HashKey="2A01010101012A0101">
    <MapTiles>
      <MapTile TileID="6" AltIDMod="0" />
    </MapTiles>
    <StaticTiles />
  </TransInfo>
  <TransInfo Description="Grass To Grass Embankment" HashKey="2A012A2A01012A012A">
    <MapTiles>
      <MapTile TileID="3" AltIDMod="0" />
    </MapTiles>
    <StaticTiles />
  </TransInfo>
  <TransInfo Description="Grass To Grass Embankment" HashKey="0101010101012A012A">
    <MapTiles>
      <MapTile TileID="41" AltIDMod="0" />
      <MapTile TileID="44" AltIDMod="0" />
    </MapTiles>
    <StaticTiles />
  </TransInfo>
  <TransInfo Description="Grass To Grass Embankment" HashKey="012A012A0101010101">
    <MapTiles>
      <MapTile TileID="4" AltIDMod="0" />
    </MapTiles>
    <StaticTiles />
  </TransInfo>
  <TransInfo Description="Grass To Grass Embankment" HashKey="01010101010101012A">
    <MapTiles>
      <MapTile TileID="29" AltIDMod="0" />
    </MapTiles>
    <StaticTiles />
  </TransInfo>
  <TransInfo Description="Grass To Grass Embankment" HashKey="2A012A2A0101012A2A">
    <MapTiles>
      <MapTile TileID="3" AltIDMod="0" />
    </MapTiles>
    <StaticTiles />
  </TransInfo>
  <TransInfo Description="Grass To Grass Embankment" HashKey="010101010101012A01">
    <MapTiles>
      <MapTile TileID="41" AltIDMod="0" />
      <MapTile TileID="44" AltIDMod="0" />
    </MapTiles>
    <StaticTiles />
  </TransInfo>
  <TransInfo Description="Grass To Grass Embankment" HashKey="2A01012A012A012A2A">
    <MapTiles>
      <MapTile TileID="3" AltIDMod="0" />
    </MapTiles>
    <StaticTiles />
  </TransInfo>
  <TransInfo Description="Grass To Grass Embankment" HashKey="01012A2A0101010101">
    <MapTiles>
      <MapTile TileID="4" AltIDMod="0" />
    </MapTiles>
    <StaticTiles />
  </TransInfo>
  <TransInfo Description="Grass To Grass Embankment" HashKey="012A2A2A010101012A">
    <MapTiles>
      <MapTile TileID="3" AltIDMod="0" />
    </MapTiles>
    <StaticTiles />
  </TransInfo>
  <TransInfo Description="Grass To Grass Embankment" HashKey="2A2A01010101010101">
    <MapTiles>
      <MapTile TileID="5" AltIDMod="0" />
    </MapTiles>
    <StaticTiles />
  </TransInfo>
  <TransInfo Description="Grass To Grass Embankment" HashKey="012A2A01012A012A01">
    <MapTiles>
      <MapTile TileID="3" AltIDMod="0" />
    </MapTiles>
    <StaticTiles />
  </TransInfo>
  <TransInfo Description="Grass To Grass Embankment" HashKey="012A01010101010101">
    <MapTiles>
      <MapTile TileID="5" AltIDMod="0" />
    </MapTiles>
    <StaticTiles />
  </TransInfo>
  <TransInfo Description="Grass To Grass Embankment" HashKey="2A2A012A01012A2A2A">
    <MapTiles>
      <MapTile TileID="3" AltIDMod="0" />
    </MapTiles>
    <StaticTiles />
  </TransInfo>
  <TransInfo Description="Grass To Grass Embankment" HashKey="01012A2A012A01012A">
    <MapTiles>
      <MapTile TileID="3" AltIDMod="0" />
    </MapTiles>
    <StaticTiles />
  </TransInfo>
  <TransInfo Description="Grass To Grass Embankment" HashKey="2A012A2A0101012A01">
    <MapTiles>
      <MapTile TileID="3" AltIDMod="0" />
    </MapTiles>
    <StaticTiles />
  </TransInfo>
  <TransInfo Description="Grass To Grass Embankment" HashKey="2A2A0101012A01012A">
    <MapTiles>
      <MapTile TileID="3" AltIDMod="0" />
    </MapTiles>
    <StaticTiles />
  </TransInfo>
  <TransInfo Description="Grass To Grass Embankment" HashKey="2A01012A010101012A">
    <MapTiles>
      <MapTile TileID="3" AltIDMod="0" />
    </MapTiles>
    <StaticTiles />
  </TransInfo>
  <TransInfo Description="Grass To Grass Embankment" HashKey="01012A010101010101">
    <MapTiles>
      <MapTile TileID="4" AltIDMod="0" />
    </MapTiles>
    <StaticTiles />
  </TransInfo>
  <TransInfo Description="Grass To Grass Embankment" HashKey="012A2A0101012A2A01">
    <MapTiles>
      <MapTile TileID="3" AltIDMod="0" />
    </MapTiles>
    <StaticTiles />
  </TransInfo>
  <TransInfo Description="Grass To Grass Embankment" HashKey="0101012A012A2A2A01">
    <MapTiles>
      <MapTile TileID="3" AltIDMod="0" />
    </MapTiles>
    <StaticTiles />
  </TransInfo>
  <TransInfo Description="Grass To Grass Embankment" HashKey="012A2A010101010101">
    <MapTiles>
      <MapTile TileID="5" AltIDMod="0" />
    </MapTiles>
    <StaticTiles />
  </TransInfo>
  <TransInfo Description="Grass To Grass Embankment" HashKey="2A01012A01012A0101">
    <MapTiles>
      <MapTile TileID="6" AltIDMod="0" />
    </MapTiles>
    <StaticTiles />
  </TransInfo>
  <TransInfo Description="Grass To Grass Embankment" HashKey="2A2A2A2A012A012A01">
    <MapTiles>
      <MapTile TileID="3" AltIDMod="0" />
    </MapTiles>
    <StaticTiles />
  </TransInfo>
  <TransInfo Description="Grass To Grass Embankment" HashKey="012A2A0101012A0101">
    <MapTiles>
      <MapTile TileID="4" AltIDMod="0" />
    </MapTiles>
    <StaticTiles />
  </TransInfo>
  <TransInfo Description="Grass To Grass Embankment" HashKey="0101012A0101012A01">
    <MapTiles>
      <MapTile TileID="3" AltIDMod="0" />
    </MapTiles>
    <StaticTiles />
  </TransInfo>
  <TransInfo Description="Grass To Grass Embankment" HashKey="012A012A01012A2A2A">
    <MapTiles>
      <MapTile TileID="3" AltIDMod="0" />
    </MapTiles>
    <StaticTiles />
  </TransInfo>
  <TransInfo Description="Grass To Grass Embankment" HashKey="012A012A012A2A2A2A">
    <MapTiles>
      <MapTile TileID="3" AltIDMod="0" />
    </MapTiles>
    <StaticTiles />
  </TransInfo>
  <TransInfo Description="Grass To Grass Embankment" HashKey="2A012A01012A012A2A">
    <MapTiles>
      <MapTile TileID="3" AltIDMod="0" />
    </MapTiles>
    <StaticTiles />
  </TransInfo>
  <TransInfo Description="Grass To Grass Embankment" HashKey="2A2A2A01012A2A2A01">
    <MapTiles>
      <MapTile TileID="3" AltIDMod="0" />
    </MapTiles>
    <StaticTiles />
  </TransInfo>
  <TransInfo Description="Grass To Grass Embankment" HashKey="012A0101012A01012A">
    <MapTiles>
      <MapTile TileID="3" AltIDMod="0" />
    </MapTiles>
    <StaticTiles />
  </TransInfo>
  <TransInfo Description="Grass To Grass Embankment" HashKey="2A2A012A01012A012A">
    <MapTiles>
      <MapTile TileID="3" AltIDMod="0" />
    </MapTiles>
    <StaticTiles />
  </TransInfo>
  <TransInfo Description="Grass To Grass Embankment" HashKey="012A2A01012A01012A">
    <MapTiles>
      <MapTile TileID="42" AltIDMod="0" />
      <MapTile TileID="43" AltIDMod="0" />
    </MapTiles>
    <StaticTiles />
  </TransInfo>
  <TransInfo Description="Grass To Grass Embankment" HashKey="012A010101012A2A01">
    <MapTiles>
      <MapTile TileID="3" AltIDMod="0" />
    </MapTiles>
    <StaticTiles />
  </TransInfo>
  <TransInfo Description="Grass To Grass Embankment" HashKey="01010101012A2A012A">
    <MapTiles>
      <MapTile TileID="32" AltIDMod="0" />
    </MapTiles>
    <StaticTiles />
  </TransInfo>
  <TransInfo Description="Grass To Grass Embankment" HashKey="2A01012A012A012A01">
    <MapTiles>
      <MapTile TileID="3" AltIDMod="0" />
    </MapTiles>
    <StaticTiles />
  </TransInfo>
  <TransInfo Description="Grass To Grass Embankment" HashKey="2A2A2A2A012A012A2A">
    <MapTiles>
      <MapTile TileID="3" AltIDMod="0" />
    </MapTiles>
    <StaticTiles />
  </TransInfo>
  <TransInfo Description="Grass To Grass Embankment" HashKey="2A012A2A0101010101">
    <MapTiles>
      <MapTile TileID="4" AltIDMod="0" />
    </MapTiles>
    <StaticTiles />
  </TransInfo>
  <TransInfo Description="Grass To Grass Embankment" HashKey="01012A2A01012A2A2A">
    <MapTiles>
      <MapTile TileID="3" AltIDMod="0" />
    </MapTiles>
    <StaticTiles />
  </TransInfo>
  <TransInfo Description="Grass To Grass Embankment" HashKey="01012A2A012A2A2A2A">
    <MapTiles>
      <MapTile TileID="3" AltIDMod="0" />
    </MapTiles>
    <StaticTiles />
  </TransInfo>
  <TransInfo Description="Grass To Grass Embankment" HashKey="2A2A010101012A2A2A">
    <MapTiles>
      <MapTile TileID="3" AltIDMod="0" />
    </MapTiles>
    <StaticTiles />
  </TransInfo>
  <TransInfo Description="Grass To Grass Embankment" HashKey="012A2A01010101012A">
    <MapTiles>
      <MapTile TileID="3" AltIDMod="0" />
    </MapTiles>
    <StaticTiles />
  </TransInfo>
  <TransInfo Description="Grass To Grass Embankment" HashKey="0101012A01012A0101">
    <MapTiles>
      <MapTile TileID="6" AltIDMod="0" />
    </MapTiles>
    <StaticTiles />
  </TransInfo>
  <TransInfo Description="Grass To Grass Embankment" HashKey="012A2A2A012A01012A">
    <MapTiles>
      <MapTile TileID="3" AltIDMod="0" />
    </MapTiles>
    <StaticTiles />
  </TransInfo>
  <TransInfo Description="Grass To Grass Embankment" HashKey="2A012A01010101012A">
    <MapTiles>
      <MapTile TileID="3" AltIDMod="0" />
    </MapTiles>
    <StaticTiles />
  </TransInfo>
  <TransInfo Description="Grass To Grass Embankment" HashKey="2A2A2A2A012A2A2A2A">
    <MapTiles>
      <MapTile TileID="3" AltIDMod="0" />
    </MapTiles>
    <StaticTiles />
  </TransInfo>
  <TransInfo Description="Grass To Grass Embankment" HashKey="01012A01012A2A0101">
    <MapTiles>
      <MapTile TileID="32" AltIDMod="0" />
    </MapTiles>
    <StaticTiles />
  </TransInfo>
  <TransInfo Description="Grass To Grass Embankment" HashKey="0101012A012A2A012A">
    <MapTiles>
      <MapTile TileID="3" AltIDMod="0" />
    </MapTiles>
    <StaticTiles />
  </TransInfo>
  <TransInfo Description="Grass To Grass Embankment" HashKey="2A012A2A01012A2A2A">
    <MapTiles>
      <MapTile TileID="3" AltIDMod="0" />
    </MapTiles>
    <StaticTiles />
  </TransInfo>
  <TransInfo Description="Grass To Grass Embankment" HashKey="012A2A2A012A2A0101">
    <MapTiles>
      <MapTile TileID="3" AltIDMod="0" />
    </MapTiles>
    <StaticTiles />
  </TransInfo>
  <TransInfo Description="Grass To Grass Embankment" HashKey="2A2A2A0101012A0101">
    <MapTiles>
      <MapTile TileID="4" AltIDMod="0" />
    </MapTiles>
    <StaticTiles />
  </TransInfo>
  <TransInfo Description="Grass To Grass Embankment" HashKey="2A01012A0101010101">
    <MapTiles>
      <MapTile TileID="6" AltIDMod="0" />
    </MapTiles>
    <StaticTiles />
  </TransInfo>
  <TransInfo Description="Grass To Grass Embankment" HashKey="0101012A012A012A01">
    <MapTiles>
      <MapTile TileID="3" AltIDMod="0" />
    </MapTiles>
    <StaticTiles />
  </TransInfo>
  <TransInfo Description="Grass To Grass Embankment" HashKey="012A2A0101012A2A2A">
    <MapTiles>
      <MapTile TileID="3" AltIDMod="0" />
    </MapTiles>
    <StaticTiles />
  </TransInfo>
  <TransInfo Description="Grass To Grass Embankment" HashKey="012A2A01012A2A2A2A">
    <MapTiles>
      <MapTile TileID="3" AltIDMod="0" />
    </MapTiles>
    <StaticTiles />
  </TransInfo>
  <TransInfo Description="Grass To Grass Embankment" HashKey="012A012A012A2A012A">
    <MapTiles>
      <MapTile TileID="3" AltIDMod="0" />
    </MapTiles>
    <StaticTiles />
  </TransInfo>
  <TransInfo Description="Grass To Grass Embankment" HashKey="2A012A01012A2A2A01">
    <MapTiles>
      <MapTile TileID="3" AltIDMod="0" />
    </MapTiles>
    <StaticTiles />
  </TransInfo>
  <TransInfo Description="Grass To Grass Embankment" HashKey="2A01012A012A01012A">
    <MapTiles>
      <MapTile TileID="3" AltIDMod="0" />
    </MapTiles>
    <StaticTiles />
  </TransInfo>
  <TransInfo Description="Grass To Grass Embankment" HashKey="012A012A01012A2A01">
    <MapTiles>
      <MapTile TileID="3" AltIDMod="0" />
    </MapTiles>
    <StaticTiles />
  </TransInfo>
  <TransInfo Description="Grass To Grass Embankment" HashKey="2A2A012A012A2A2A2A">
    <MapTiles>
      <MapTile TileID="3" AltIDMod="0" />
    </MapTiles>
    <StaticTiles />
  </TransInfo>
  <TransInfo Description="Grass To Grass Embankment" HashKey="2A012A01012A012A01">
    <MapTiles>
      <MapTile TileID="3" AltIDMod="0" />
    </MapTiles>
    <StaticTiles />
  </TransInfo>
  <TransInfo Description="Grass To Grass Embankment" HashKey="012A0101012A010101">
    <MapTiles>
      <MapTile TileID="3" AltIDMod="0" />
    </MapTiles>
    <StaticTiles />
  </TransInfo>
  <TransInfo Description="Grass To Grass Embankment" HashKey="2A0101010101010101">
    <MapTiles>
      <MapTile TileID="3" AltIDMod="0" />
    </MapTiles>
    <StaticTiles />
  </TransInfo>
  <TransInfo Description="Grass To Grass Embankment" HashKey="01010101012A2A0101">
    <MapTiles>
      <MapTile TileID="32" AltIDMod="0" />
    </MapTiles>
    <StaticTiles />
  </TransInfo>
  <TransInfo Description="Grass To Grass Embankment" HashKey="012A01010101012A2A">
    <MapTiles>
      <MapTile TileID="3" AltIDMod="0" />
    </MapTiles>
    <StaticTiles />
  </TransInfo>
  <TransInfo Description="Grass To Grass Embankment" HashKey="01012A2A01012A2A01">
    <MapTiles>
      <MapTile TileID="3" AltIDMod="0" />
    </MapTiles>
    <StaticTiles />
  </TransInfo>
  <TransInfo Description="Grass To Grass Embankment" HashKey="012A012A012A2A2A01">
    <MapTiles>
      <MapTile TileID="3" AltIDMod="0" />
    </MapTiles>
    <StaticTiles />
  </TransInfo>
  <TransInfo Description="Grass To Grass Embankment" HashKey="2A2A010101012A2A01">
    <MapTiles>
      <MapTile TileID="3" AltIDMod="0" />
    </MapTiles>
    <StaticTiles />
  </TransInfo>
  <TransInfo Description="Grass To Grass Embankment" HashKey="01012A01012A010101">
    <MapTiles>
      <MapTile TileID="31" AltIDMod="0" />
    </MapTiles>
    <StaticTiles />
  </TransInfo>
  <TransInfo Description="Grass To Grass Embankment" HashKey="2A2A2A2A010101012A">
    <MapTiles>
      <MapTile TileID="3" AltIDMod="0" />
    </MapTiles>
    <StaticTiles />
  </TransInfo>
  <TransInfo Description="Grass To Grass Embankment" HashKey="2A2A2A2A012A010101">
    <MapTiles>
      <MapTile TileID="3" AltIDMod="0" />
    </MapTiles>
    <StaticTiles />
  </TransInfo>
  <TransInfo Description="Grass To Grass Embankment" HashKey="012A2A2A012A010101">
    <MapTiles>
      <MapTile TileID="3" AltIDMod="0" />
    </MapTiles>
    <StaticTiles />
  </TransInfo>
  <TransInfo Description="Grass To Grass Embankment" HashKey="2A2A012A012A012A01">
    <MapTiles>
      <MapTile TileID="3" AltIDMod="0" />
    </MapTiles>
    <StaticTiles />
  </TransInfo>
  <TransInfo Description="Grass To Grass Embankment" HashKey="2A012A010101010101">
    <MapTiles>
      <MapTile TileID="5" AltIDMod="0" />
    </MapTiles>
    <StaticTiles />
  </TransInfo>
  <TransInfo Description="Grass To Grass Embankment" HashKey="01012A010101012A2A">
    <MapTiles>
      <MapTile TileID="32" AltIDMod="0" />
    </MapTiles>
    <StaticTiles />
  </TransInfo>
  <TransInfo Description="Grass To Grass Embankment" HashKey="2A2A2A2A01012A0101">
    <MapTiles>
      <MapTile TileID="4" AltIDMod="0" />
    </MapTiles>
    <StaticTiles />
  </TransInfo>
  <TransInfo Description="Grass To Grass Embankment" HashKey="2A012A2A012A012A2A">
    <MapTiles>
      <MapTile TileID="3" AltIDMod="0" />
    </MapTiles>
    <StaticTiles />
  </TransInfo>
  <TransInfo Description="Grass To Grass Embankment" HashKey="2A01012A01012A2A2A">
    <MapTiles>
      <MapTile TileID="41" AltIDMod="0" />
      <MapTile TileID="44" AltIDMod="0" />
    </MapTiles>
    <StaticTiles />
  </TransInfo>
  <TransInfo Description="Grass To Grass Embankment" HashKey="2A01012A012A2A2A2A">
    <MapTiles>
      <MapTile TileID="3" AltIDMod="0" />
    </MapTiles>
    <StaticTiles />
  </TransInfo>
  <TransInfo Description="Grass To Grass Embankment" HashKey="2A010101012A01012A">
    <MapTiles>
      <MapTile TileID="3" AltIDMod="0" />
    </MapTiles>
    <StaticTiles />
  </TransInfo>
  <TransInfo Description="Grass To Grass Embankment" HashKey="2A012A01012A01012A">
    <MapTiles>
      <MapTile TileID="3" AltIDMod="0" />
    </MapTiles>
    <StaticTiles />
  </TransInfo>
  <TransInfo Description="Grass To Grass Embankment" HashKey="2A01010101012A2A01">
    <MapTiles>
      <MapTile TileID="3" AltIDMod="0" />
    </MapTiles>
    <StaticTiles />
  </TransInfo>
  <TransInfo Description="Grass To Grass Embankment" HashKey="012A012A0101012A01">
    <MapTiles>
      <MapTile TileID="3" AltIDMod="0" />
    </MapTiles>
    <StaticTiles />
  </TransInfo>
  <TransInfo Description="Grass To Grass Embankment" HashKey="2A010101012A2A0101">
    <MapTiles>
      <MapTile TileID="3" AltIDMod="0" />
    </MapTiles>
    <StaticTiles />
  </TransInfo>
  <TransInfo Description="Grass To Grass Embankment" HashKey="2A2A2A01012A2A2A2A">
    <MapTiles>
      <MapTile TileID="3" AltIDMod="0" />
    </MapTiles>
    <StaticTiles />
  </TransInfo>
  <TransInfo Description="Grass To Grass Embankment" HashKey="01012A2A01012A012A">
    <MapTiles>
      <MapTile TileID="3" AltIDMod="0" />
    </MapTiles>
    <StaticTiles />
  </TransInfo>
  <TransInfo Description="Grass To Grass Embankment" HashKey="2A2A012A012A2A2A01">
    <MapTiles>
      <MapTile TileID="3" AltIDMod="0" />
    </MapTiles>
    <StaticTiles />
  </TransInfo>
  <TransInfo Description="Grass To Grass Embankment" HashKey="012A0101012A2A2A2A">
    <MapTiles>
      <MapTile TileID="3" AltIDMod="0" />
    </MapTiles>
    <StaticTiles />
  </TransInfo>
  <TransInfo Description="Grass To Grass Embankment" HashKey="2A012A2A012A01012A">
    <MapTiles>
      <MapTile TileID="3" AltIDMod="0" />
    </MapTiles>
    <StaticTiles />
  </TransInfo>
  <TransInfo Description="Grass To Grass Embankment" HashKey="01012A0101012A012A">
    <MapTiles>
      <MapTile TileID="32" AltIDMod="0" />
    </MapTiles>
    <StaticTiles />
  </TransInfo>
  <TransInfo Description="Grass To Grass Embankment" HashKey="01012A2A0101012A01">
    <MapTiles>
      <MapTile TileID="3" AltIDMod="0" />
    </MapTiles>
    <StaticTiles />
  </TransInfo>
  <TransInfo Description="Grass To Grass Embankment" HashKey="2A2A01010101012A01">
    <MapTiles>
      <MapTile TileID="3" AltIDMod="0" />
    </MapTiles>
    <StaticTiles />
  </TransInfo>
  <TransInfo Description="Grass To Grass Embankment" HashKey="012A01010101012A01">
    <MapTiles>
      <MapTile TileID="3" AltIDMod="0" />
    </MapTiles>
    <StaticTiles />
  </TransInfo>
  <TransInfo Description="Grass To Grass Embankment" HashKey="2A012A2A012A2A0101">
    <MapTiles>
      <MapTile TileID="3" AltIDMod="0" />
    </MapTiles>
    <StaticTiles />
  </TransInfo>
  <TransInfo Description="Grass To Grass Embankment" HashKey="2A2A012A012A01012A">
    <MapTiles>
      <MapTile TileID="3" AltIDMod="0" />
    </MapTiles>
    <StaticTiles />
  </TransInfo>
  <TransInfo Description="Grass To Grass Embankment" HashKey="2A012A2A010101012A">
    <MapTiles>
      <MapTile TileID="3" AltIDMod="0" />
    </MapTiles>
    <StaticTiles />
  </TransInfo>
  <TransInfo Description="Grass To Grass Embankment" HashKey="01012A01012A2A2A2A">
    <MapTiles>
      <MapTile TileID="32" AltIDMod="0" />
    </MapTiles>
    <StaticTiles />
  </TransInfo>
  <TransInfo Description="Grass To Grass Embankment" HashKey="2A012A0101012A0101">
    <MapTiles>
      <MapTile TileID="4" AltIDMod="0" />
    </MapTiles>
    <StaticTiles />
  </TransInfo>
  <TransInfo Description="Grass To Grass Embankment" HashKey="2A2A2A2A0101010101">
    <MapTiles>
      <MapTile TileID="4" AltIDMod="0" />
    </MapTiles>
    <StaticTiles />
  </TransInfo>
  <TransInfo Description="Grass To Grass Embankment" HashKey="012A2A2A012A2A2A2A">
    <MapTiles>
      <MapTile TileID="3" AltIDMod="0" />
    </MapTiles>
    <StaticTiles />
  </TransInfo>
  <TransInfo Description="Grass To Grass Embankment" HashKey="2A012A0101012A2A2A">
    <MapTiles>
      <MapTile TileID="3" AltIDMod="0" />
    </MapTiles>
    <StaticTiles />
  </TransInfo>
  <TransInfo Description="Grass To Grass Embankment" HashKey="2A012A01012A2A2A2A">
    <MapTiles>
      <MapTile TileID="3" AltIDMod="0" />
    </MapTiles>
    <StaticTiles />
  </TransInfo>
  <TransInfo Description="Grass To Grass Embankment" HashKey="01012A010101012A01">
    <MapTiles>
      <MapTile TileID="32" AltIDMod="0" />
    </MapTiles>
    <StaticTiles />
  </TransInfo>
  <TransInfo Description="Grass To Grass Embankment" HashKey="01012A0101012A2A01">
    <MapTiles>
      <MapTile TileID="32" AltIDMod="0" />
    </MapTiles>
    <StaticTiles />
  </TransInfo>
  <TransInfo Description="Grass To Grass Embankment" HashKey="0101012A0101010101">
    <MapTiles>
      <MapTile TileID="6" AltIDMod="0" />
    </MapTiles>
    <StaticTiles />
  </TransInfo>
  <TransInfo Description="Grass To Grass Embankment" HashKey="2A01012A01012A2A01">
    <MapTiles>
      <MapTile TileID="30" AltIDMod="0" />
    </MapTiles>
    <StaticTiles />
  </TransInfo>
  <TransInfo Description="Grass To Grass Embankment" HashKey="010101010101012A2A">
    <MapTiles>
      <MapTile TileID="41" AltIDMod="0" />
      <MapTile TileID="44" AltIDMod="0" />
    </MapTiles>
    <StaticTiles />
  </TransInfo>
  <TransInfo Description="Grass To Grass Embankment" HashKey="012A2A010101012A01">
    <MapTiles>
      <MapTile TileID="3" AltIDMod="0" />
    </MapTiles>
    <StaticTiles />
  </TransInfo>
  <TransInfo Description="Grass To Grass Embankment" HashKey="2A010101012A010101">
    <MapTiles>
      <MapTile TileID="3" AltIDMod="0" />
    </MapTiles>
    <StaticTiles />
  </TransInfo>
  <TransInfo Description="Grass To Grass Embankment" HashKey="2A2A2A010101010101">
    <MapTiles>
      <MapTile TileID="5" AltIDMod="0" />
    </MapTiles>
    <StaticTiles />
  </TransInfo>
  <TransInfo Description="Grass To Grass Embankment" HashKey="2A0101010101012A2A">
    <MapTiles>
      <MapTile TileID="3" AltIDMod="0" />
    </MapTiles>
    <StaticTiles />
  </TransInfo>
  <TransInfo Description="Grass To Grass Embankment" HashKey="012A2A2A01012A012A">
    <MapTiles>
      <MapTile TileID="3" AltIDMod="0" />
    </MapTiles>
    <StaticTiles />
  </TransInfo>
  <TransInfo Description="Grass To Grass Embankment" HashKey="012A0101010101012A">
    <MapTiles>
      <MapTile TileID="3" AltIDMod="0" />
    </MapTiles>
    <StaticTiles />
  </TransInfo>
  <TransInfo Description="Grass To Grass Embankment" HashKey="012A0101012A2A2A01">
    <MapTiles>
      <MapTile TileID="3" AltIDMod="0" />
    </MapTiles>
    <StaticTiles />
  </TransInfo>
  <TransInfo Description="Grass To Grass Embankment" HashKey="2A012A2A012A010101">
    <MapTiles>
      <MapTile TileID="3" AltIDMod="0" />
    </MapTiles>
    <StaticTiles />
  </TransInfo>
  <TransInfo Description="Grass To Grass Embankment" HashKey="2A2A2A01012A2A0101">
    <MapTiles>
      <MapTile TileID="3" AltIDMod="0" />
    </MapTiles>
    <StaticTiles />
  </TransInfo>
  <TransInfo Description="Grass To Grass Embankment" HashKey="012A2A2A01012A0101">
    <MapTiles>
      <MapTile TileID="4" AltIDMod="0" />
    </MapTiles>
    <StaticTiles />
  </TransInfo>
  <TransInfo Description="Grass To Grass Embankment" HashKey="01012A2A012A2A012A">
    <MapTiles>
      <MapTile TileID="3" AltIDMod="0" />
    </MapTiles>
    <StaticTiles />
  </TransInfo>
  <TransInfo Description="Grass To Grass Embankment" HashKey="0101012A01012A2A01">
    <MapTiles>
      <MapTile TileID="30" AltIDMod="0" />
    </MapTiles>
    <StaticTiles />
  </TransInfo>
  <TransInfo Description="Grass To Grass Embankment" HashKey="01012A01010101012A">
    <MapTiles>
      <MapTile TileID="43" AltIDMod="0" />
      <MapTile TileID="42" AltIDMod="0" />
    </MapTiles>
    <StaticTiles />
  </TransInfo>
  <TransInfo Description="Grass To Grass Embankment" HashKey="2A2A010101012A012A">
    <MapTiles>
      <MapTile TileID="3" AltIDMod="0" />
    </MapTiles>
    <StaticTiles />
  </TransInfo>
  <TransInfo Description="Grass To Grass Embankment" HashKey="01012A01012A2A2A01">
    <MapTiles>
      <MapTile TileID="32" AltIDMod="0" />
    </MapTiles>
    <StaticTiles />
  </TransInfo>
  <TransInfo Description="Grass To Grass Embankment" HashKey="2A2A2A2A01012A2A2A">
    <MapTiles>
      <MapTile TileID="3" AltIDMod="0" />
    </MapTiles>
    <StaticTiles />
  </TransInfo>
  <TransInfo Description="Grass To Grass Embankment" HashKey="01010101012A010101">
    <MapTiles>
      <MapTile TileID="43" AltIDMod="0" />
      <MapTile TileID="42" AltIDMod="0" />
    </MapTiles>
    <StaticTiles />
  </TransInfo>
  <TransInfo Description="Grass To Grass Embankment" HashKey="2A01012A01012A012A">
    <MapTiles>
      <MapTile TileID="3" AltIDMod="0" />
    </MapTiles>
    <StaticTiles />
  </TransInfo>
  <TransInfo Description="Grass To Grass Embankment" HashKey="2A2A012A01012A0101">
    <MapTiles>
      <MapTile TileID="4" AltIDMod="0" />
    </MapTiles>
    <StaticTiles />
  </TransInfo>
  <TransInfo Description="Grass To Grass Embankment" HashKey="2A2A2A0101012A2A01">
    <MapTiles>
      <MapTile TileID="3" AltIDMod="0" />
    </MapTiles>
    <StaticTiles />
  </TransInfo>
  <TransInfo Description="Grass To Grass Embankment" HashKey="2A01012A0101012A01">
    <MapTiles>
      <MapTile TileID="3" AltIDMod="0" />
    </MapTiles>
    <StaticTiles />
  </TransInfo>
  <TransInfo Description="Grass To Grass Embankment" HashKey="012A2A0101012A012A">
    <MapTiles>
      <MapTile TileID="3" AltIDMod="0" />
    </MapTiles>
    <StaticTiles />
  </TransInfo>
  <TransInfo Description="Grass To Grass Embankment" HashKey="2A2A012A012A2A012A">
    <MapTiles>
      <MapTile TileID="3" AltIDMod="0" />
    </MapTiles>
    <StaticTiles />
  </TransInfo>
  <TransInfo Description="Grass To Grass Embankment" HashKey="012A010101012A2A2A">
    <MapTiles>
      <MapTile TileID="3" AltIDMod="0" />
    </MapTiles>
    <StaticTiles />
  </TransInfo>
  <TransInfo Description="Grass To Grass Embankment" HashKey="2A010101012A2A2A2A">
    <MapTiles>
      <MapTile TileID="3" AltIDMod="0" />
    </MapTiles>
    <StaticTiles />
  </TransInfo>
  <TransInfo Description="Grass To Grass Embankment" HashKey="012A2A01012A2A012A">
    <MapTiles>
      <MapTile TileID="3" AltIDMod="0" />
    </MapTiles>
    <StaticTiles />
  </TransInfo>
  <TransInfo Description="Grass To Grass Embankment" HashKey="012A0101012A2A012A">
    <MapTiles>
      <MapTile TileID="3" AltIDMod="0" />
    </MapTiles>
    <StaticTiles />
  </TransInfo>
  <TransInfo Description="Grass To Grass Embankment" HashKey="2A2A2A2A012A2A2A01">
    <MapTiles>
      <MapTile TileID="3" AltIDMod="0" />
    </MapTiles>
    <StaticTiles />
  </TransInfo>
  <TransInfo Description="Grass To Grass Embankment" HashKey="2A0101010101012A01">
    <MapTiles>
      <MapTile TileID="3" AltIDMod="0" />
    </MapTiles>
    <StaticTiles />
  </TransInfo>
  <TransInfo Description="Grass To Grass Embankment" HashKey="012A012A012A2A0101">
    <MapTiles>
      <MapTile TileID="3" AltIDMod="0" />
    </MapTiles>
    <StaticTiles />
  </TransInfo>
  <TransInfo Description="Grass To Grass Embankment" HashKey="012A0101012A012A01">
    <MapTiles>
      <MapTile TileID="3" AltIDMod="0" />
    </MapTiles>
    <StaticTiles />
  </TransInfo>
  <TransInfo Description="Grass To Grass Embankment" HashKey="2A2A2A010101012A2A">
    <MapTiles>
      <MapTile TileID="3" AltIDMod="0" />
    </MapTiles>
    <StaticTiles />
  </TransInfo>
  <TransInfo Description="Grass To Grass Embankment" HashKey="2A012A2A012A2A2A2A">
    <MapTiles>
      <MapTile TileID="3" AltIDMod="0" />
    </MapTiles>
    <StaticTiles />
  </TransInfo>
  <TransInfo Description="Grass To Grass Embankment" HashKey="01010101012A2A2A01">
    <MapTiles>
      <MapTile TileID="32" AltIDMod="0" />
    </MapTiles>
    <StaticTiles />
  </TransInfo>
  <TransInfo Description="Grass To Grass Embankment" HashKey="01012A01012A2A012A">
    <MapTiles>
      <MapTile TileID="32" AltIDMod="0" />
    </MapTiles>
    <StaticTiles />
  </TransInfo>
  <TransInfo Description="Grass To Grass Embankment" HashKey="012A2A2A012A2A012A">
    <MapTiles>
      <MapTile TileID="3" AltIDMod="0" />
    </MapTiles>
    <StaticTiles />
  </TransInfo>
  <TransInfo Description="Grass To Grass Embankment" HashKey="2A012A0101012A012A">
    <MapTiles>
      <MapTile TileID="3" AltIDMod="0" />
    </MapTiles>
    <StaticTiles />
  </TransInfo>
  <TransInfo Description="Grass To Grass Embankment" HashKey="01012A2A012A2A0101">
    <MapTiles>
      <MapTile TileID="3" AltIDMod="0" />
    </MapTiles>
    <StaticTiles />
  </TransInfo>
  <TransInfo Description="Grass To Grass Embankment" HashKey="01012A01012A012A01">
    <MapTiles>
      <MapTile TileID="32" AltIDMod="0" />
    </MapTiles>
    <StaticTiles />
  </TransInfo>
  <TransInfo Description="Grass To Grass Embankment" HashKey="0101012A012A012A2A">
    <MapTiles>
      <MapTile TileID="3" AltIDMod="0" />
    </MapTiles>
    <StaticTiles />
  </TransInfo>
  <TransInfo Description="Grass To Grass Embankment" HashKey="012A2A2A012A012A01">
    <MapTiles>
      <MapTile TileID="3" AltIDMod="0" />
    </MapTiles>
    <StaticTiles />
  </TransInfo>
  <TransInfo Description="Grass To Grass Embankment" HashKey="0101012A0101012A2A">
    <MapTiles>
      <MapTile TileID="3" AltIDMod="0" />
    </MapTiles>
    <StaticTiles />
  </TransInfo>
  <TransInfo Description="Grass To Grass Embankment" HashKey="2A012A010101012A01">
    <MapTiles>
      <MapTile TileID="3" AltIDMod="0" />
    </MapTiles>
    <StaticTiles />
  </TransInfo>
  <TransInfo Description="Grass To Grass Embankment" HashKey="01012A01012A01012A">
    <MapTiles>
      <MapTile TileID="43" AltIDMod="0" />
      <MapTile TileID="42" AltIDMod="0" />
    </MapTiles>
    <StaticTiles />
  </TransInfo>
  <TransInfo Description="Grass To Grass Embankment" HashKey="2A2A2A01012A012A2A">
    <MapTiles>
      <MapTile TileID="3" AltIDMod="0" />
    </MapTiles>
    <StaticTiles />
  </TransInfo>
  <TransInfo Description="Grass To Grass Embankment" HashKey="2A012A0101012A2A01">
    <MapTiles>
      <MapTile TileID="3" AltIDMod="0" />
    </MapTiles>
    <StaticTiles />
  </TransInfo>
  <TransInfo Description="Grass To Grass Embankment" HashKey="012A012A012A010101">
    <MapTiles>
      <MapTile TileID="3" AltIDMod="0" />
    </MapTiles>
    <StaticTiles />
  </TransInfo>
  <TransInfo Description="Grass To Grass Embankment" HashKey="2A01012A012A2A012A">
    <MapTiles>
      <MapTile TileID="3" AltIDMod="0" />
    </MapTiles>
    <StaticTiles />
  </TransInfo>
  <TransInfo Description="Grass To Grass Embankment" HashKey="012A2A2A0101012A2A">
    <MapTiles>
      <MapTile TileID="3" AltIDMod="0" />
    </MapTiles>
    <StaticTiles />
  </TransInfo>
  <TransInfo Description="Grass To Grass Embankment" HashKey="2A010101012A2A2A01">
    <MapTiles>
      <MapTile TileID="3" AltIDMod="0" />
    </MapTiles>
    <StaticTiles />
  </TransInfo>
  <TransInfo Description="Grass To Grass Embankment" HashKey="012A2A01012A2A0101">
    <MapTiles>
      <MapTile TileID="3" AltIDMod="0" />
    </MapTiles>
    <StaticTiles />
  </TransInfo>
  <TransInfo Description="Grass To Grass Embankment" HashKey="2A012A2A012A2A2A01">
    <MapTiles>
      <MapTile TileID="3" AltIDMod="0" />
    </MapTiles>
    <StaticTiles />
  </TransInfo>
  <TransInfo Description="Grass To Grass Embankment" HashKey="2A2A2A010101012A01">
    <MapTiles>
      <MapTile TileID="3" AltIDMod="0" />
    </MapTiles>
    <StaticTiles />
  </TransInfo>
  <TransInfo Description="Grass To Grass Embankment" HashKey="2A012A01012A2A0101">
    <MapTiles>
      <MapTile TileID="3" AltIDMod="0" />
    </MapTiles>
    <StaticTiles />
  </TransInfo>
  <TransInfo Description="Grass To Grass Embankment" HashKey="2A2A012A012A2A0101">
    <MapTiles>
      <MapTile TileID="3" AltIDMod="0" />
    </MapTiles>
    <StaticTiles />
  </TransInfo>
  <TransInfo Description="Grass To Grass Embankment" HashKey="01010101012A012A2A">
    <MapTiles>
      <MapTile TileID="32" AltIDMod="0" />
    </MapTiles>
    <StaticTiles />
  </TransInfo>
  <TransInfo Description="Grass To Grass Embankment" HashKey="2A2A0101012A2A012A">
    <MapTiles>
      <MapTile TileID="3" AltIDMod="0" />
    </MapTiles>
    <StaticTiles />
  </TransInfo>
  <TransInfo Description="Grass To Grass Embankment" HashKey="2A2A0101012A2A0101">
    <MapTiles>
      <MapTile TileID="3" AltIDMod="0" />
    </MapTiles>
    <StaticTiles />
  </TransInfo>
  <TransInfo Description="Grass To Grass Embankment" HashKey="2A01010101012A2A2A">
    <MapTiles>
      <MapTile TileID="3" AltIDMod="0" />
    </MapTiles>
    <StaticTiles />
  </TransInfo>
  <TransInfo Description="Grass To Grass Embankment" HashKey="2A012A01012A2A012A">
    <MapTiles>
      <MapTile TileID="3" AltIDMod="0" />
    </MapTiles>
    <StaticTiles />
  </TransInfo>
  <TransInfo Description="Grass To Grass Embankment" HashKey="012A012A0101012A2A">
    <MapTiles>
      <MapTile TileID="3" AltIDMod="0" />
    </MapTiles>
    <StaticTiles />
  </TransInfo>
  <TransInfo Description="Grass To Grass Embankment" HashKey="2A010101012A2A012A">
    <MapTiles>
      <MapTile TileID="3" AltIDMod="0" />
    </MapTiles>
    <StaticTiles />
  </TransInfo>
  <TransInfo Description="Grass To Grass Embankment" HashKey="2A012A2A01012A0101">
    <MapTiles>
      <MapTile TileID="4" AltIDMod="0" />
    </MapTiles>
    <StaticTiles />
  </TransInfo>
  <TransInfo Description="Grass To Grass Embankment" HashKey="2A010101012A012A01">
    <MapTiles>
      <MapTile TileID="3" AltIDMod="0" />
    </MapTiles>
    <StaticTiles />
  </TransInfo>
  <TransInfo Description="Grass To Grass Embankment" HashKey="2A2A012A0101010101">
    <MapTiles>
      <MapTile TileID="4" AltIDMod="0" />
    </MapTiles>
    <StaticTiles />
  </TransInfo>
  <TransInfo Description="Grass To Grass Embankment" HashKey="2A2A012A012A010101">
    <MapTiles>
      <MapTile TileID="3" AltIDMod="0" />
    </MapTiles>
    <StaticTiles />
  </TransInfo>
  <TransInfo Description="Grass To Grass Embankment" HashKey="012A2A2A0101012A01">
    <MapTiles>
      <MapTile TileID="3" AltIDMod="0" />
    </MapTiles>
    <StaticTiles />
  </TransInfo>
  <TransInfo Description="Grass To Grass Embankment" HashKey="01012A2A0101012A2A">
    <MapTiles>
      <MapTile TileID="3" AltIDMod="0" />
    </MapTiles>
    <StaticTiles />
  </TransInfo>
  <TransInfo Description="Grass To Grass Embankment" HashKey="01012A2A012A012A2A">
    <MapTiles>
      <MapTile TileID="3" AltIDMod="0" />
    </MapTiles>
    <StaticTiles />
  </TransInfo>
  <TransInfo Description="Grass To Grass Embankment" HashKey="0101010101012A0101">
    <MapTiles>
      <MapTile TileID="5" AltIDMod="0" />
    </MapTiles>
    <StaticTiles />
  </TransInfo>
  <TransInfo Description="Grass To Grass Embankment" HashKey="2A012A2A012A012A01">
    <MapTiles>
      <MapTile TileID="3" AltIDMod="0" />
    </MapTiles>
    <StaticTiles />
  </TransInfo>
  <TransInfo Description="Grass To Grass Embankment" HashKey="0101012A010101012A">
    <MapTiles>
      <MapTile TileID="3" AltIDMod="0" />
    </MapTiles>
    <StaticTiles />
  </TransInfo>
  <TransInfo Description="Grass To Grass Embankment" HashKey="012A2A2A0101010101">
    <MapTiles>
      <MapTile TileID="4" AltIDMod="0" />
    </MapTiles>
    <StaticTiles />
  </TransInfo>
  <TransInfo Description="Grass To Grass Embankment" HashKey="01010101012A012A01">
    <MapTiles>
      <MapTile TileID="32" AltIDMod="0" />
    </MapTiles>
    <StaticTiles />
  </TransInfo>
  <TransInfo Description="Grass To Grass Embankment" HashKey="01012A0101012A2A2A">
    <MapTiles>
      <MapTile TileID="32" AltIDMod="0" />
    </MapTiles>
    <StaticTiles />
  </TransInfo>
  <TransInfo Description="Grass To Grass Embankment" HashKey="012A2A2A01012A2A2A">
    <MapTiles>
      <MapTile TileID="3" AltIDMod="0" />
    </MapTiles>
    <StaticTiles />
  </TransInfo>
</Trans>