﻿<?xml version="1.0" encoding="utf-8"?>
<Trans>
  <TransInfo Description="Grass Without Static to Goblin Forest" HashKey="3D3E3E3E3E3E3D3D3E">
    <MapTiles>
      <MapTile TileID="214" AltIDMod="0" />
    </MapTiles>
    <StaticTiles />
  </TransInfo>
  <TransInfo Description="Grass Without Static to Goblin Forest" HashKey="3E3E3E3E3E3E3D3D3D">
    <MapTiles>
      <MapTile TileID="208" AltIDMod="0" />
      <MapTile TileID="209" AltIDMod="0" />
    </MapTiles>
    <StaticTiles />
  </TransInfo>
  <TransInfo Description="Grass Without Static to Goblin Forest" HashKey="3E3D3E3D3E3E3E3E3E">
    <MapTiles>
      <MapTile TileID="212" AltIDMod="0" />
    </MapTiles>
    <StaticTiles />
  </TransInfo>
  <TransInfo Description="Grass Without Static to Goblin Forest" HashKey="3D3E3D3E3E3E3D3E3E">
    <MapTiles>
      <MapTile TileID="212" AltIDMod="0" />
    </MapTiles>
    <StaticTiles />
  </TransInfo>
  <TransInfo Description="Grass Without Static to Goblin Forest" HashKey="3D3E3E3E3E3E3D3E3E">
    <MapTiles>
      <MapTile TileID="203" AltIDMod="0" />
      <MapTile TileID="204" AltIDMod="0" />
    </MapTiles>
    <StaticTiles />
  </TransInfo>
  <TransInfo Description="Grass Without Static to Goblin Forest" HashKey="3E3D3D3E3E3E3E3E3E">
    <MapTiles>
      <MapTile TileID="200" AltIDMod="0" />
      <MapTile TileID="23E" AltIDMod="0" />
    </MapTiles>
    <StaticTiles />
  </TransInfo>
  <TransInfo Description="Grass Without Static to Goblin Forest" HashKey="3D3E3D3D3E3E3D3E3E">
    <MapTiles>
      <MapTile TileID="212" AltIDMod="0" />
    </MapTiles>
    <StaticTiles />
  </TransInfo>
  <TransInfo Description="Grass Without Static to Goblin Forest" HashKey="3D3D3D3E3E3E3E3E3D">
    <MapTiles>
      <MapTile TileID="215" AltIDMod="0" />
    </MapTiles>
    <StaticTiles />
  </TransInfo>
  <TransInfo Description="Grass Without Static to Goblin Forest" HashKey="3E3E3E3E3E3D3E3E3E">
    <MapTiles>
      <MapTile TileID="206" AltIDMod="0" />
      <MapTile TileID="207" AltIDMod="0" />
    </MapTiles>
    <StaticTiles />
  </TransInfo>
  <TransInfo Description="Grass Without Static to Goblin Forest" HashKey="3E3E3E3E3E3E3E3E3D">
    <MapTiles>
      <MapTile TileID="217" AltIDMod="0" />
    </MapTiles>
    <StaticTiles />
  </TransInfo>
  <TransInfo Description="Grass Without Static to Goblin Forest" HashKey="3E3E3E3E3E3E3D3E3D">
    <MapTiles>
      <MapTile TileID="208" AltIDMod="0" />
      <MapTile TileID="209" AltIDMod="0" />
    </MapTiles>
    <StaticTiles />
  </TransInfo>
  <TransInfo Description="Grass Without Static to Goblin Forest" HashKey="3D3E3E3D3E3E3E3E3E">
    <MapTiles>
      <MapTile TileID="203" AltIDMod="0" />
      <MapTile TileID="204" AltIDMod="0" />
    </MapTiles>
    <StaticTiles />
  </TransInfo>
  <TransInfo Description="Grass Without Static to Goblin Forest" HashKey="3D3E3E3E3E3E3E3E3E">
    <MapTiles>
      <MapTile TileID="216" AltIDMod="0" />
    </MapTiles>
    <StaticTiles />
  </TransInfo>
  <TransInfo Description="Grass Without Static to Goblin Forest" HashKey="3D3E3D3E3E3E3E3E3E">
    <MapTiles>
      <MapTile TileID="200" AltIDMod="0" />
      <MapTile TileID="23E" AltIDMod="0" />
    </MapTiles>
    <StaticTiles />
  </TransInfo>
  <TransInfo Description="Grass Without Static to Goblin Forest" HashKey="3E3E3D3E3E3E3D3E3D">
    <MapTiles>
      <MapTile TileID="213" AltIDMod="0" />
    </MapTiles>
    <StaticTiles />
  </TransInfo>
  <TransInfo Description="Grass Without Static to Goblin Forest" HashKey="3E3E3D3E3E3E3E3D3D">
    <MapTiles>
      <MapTile TileID="213" AltIDMod="0" />
    </MapTiles>
    <StaticTiles />
  </TransInfo>
  <TransInfo Description="Grass Without Static to Goblin Forest" HashKey="3E3E3D3E3E3D3D3D3E">
    <MapTiles>
      <MapTile TileID="213" AltIDMod="0" />
    </MapTiles>
    <StaticTiles />
  </TransInfo>
  <TransInfo Description="Grass Without Static to Goblin Forest" HashKey="3E3E3E3D3E3E3D3E3D">
    <MapTiles>
      <MapTile TileID="214" AltIDMod="0" />
    </MapTiles>
    <StaticTiles />
  </TransInfo>
  <TransInfo Description="Grass Without Static to Goblin Forest" HashKey="3E3E3E3E3E3D3D3E3E">
    <MapTiles>
      <MapTile TileID="213" AltIDMod="0" />
    </MapTiles>
    <StaticTiles />
  </TransInfo>
  <TransInfo Description="Grass Without Static to Goblin Forest" HashKey="3E3E3E3D3E3E3E3E3D">
    <MapTiles>
      <MapTile TileID="214" AltIDMod="0" />
    </MapTiles>
    <StaticTiles />
  </TransInfo>
  <TransInfo Description="Grass Without Static to Goblin Forest" HashKey="3D3D3E3D3E3E3E3E3E">
    <MapTiles>
      <MapTile TileID="212" AltIDMod="0" />
    </MapTiles>
    <StaticTiles />
  </TransInfo>
  <TransInfo Description="Grass Without Static to Goblin Forest" HashKey="3D3E3E3D3E3E3D3E3D">
    <MapTiles>
      <MapTile TileID="214" AltIDMod="0" />
    </MapTiles>
    <StaticTiles />
  </TransInfo>
  <TransInfo Description="Grass Without Static to Goblin Forest" HashKey="3E3E3D3E3E3E3D3D3D">
    <MapTiles>
      <MapTile TileID="213" AltIDMod="0" />
    </MapTiles>
    <StaticTiles />
  </TransInfo>
  <TransInfo Description="Grass Without Static to Goblin Forest" HashKey="3D3E3E3D3E3E3E3D3E">
    <MapTiles>
      <MapTile TileID="214" AltIDMod="0" />
    </MapTiles>
    <StaticTiles />
  </TransInfo>
  <TransInfo Description="Grass Without Static to Goblin Forest" HashKey="3E3E3D3E3E3E3E3E3D">
    <MapTiles>
      <MapTile TileID="206" AltIDMod="0" />
      <MapTile TileID="207" AltIDMod="0" />
    </MapTiles>
    <StaticTiles />
  </TransInfo>
  <TransInfo Description="Grass Without Static to Goblin Forest" HashKey="3E3D3E3E3E3D3E3E3D">
    <MapTiles>
      <MapTile TileID="215" AltIDMod="0" />
    </MapTiles>
    <StaticTiles />
  </TransInfo>
  <TransInfo Description="Grass Without Static to Goblin Forest" HashKey="3E3E3E3D3E3E3D3D3D">
    <MapTiles>
      <MapTile TileID="214" AltIDMod="0" />
    </MapTiles>
    <StaticTiles />
  </TransInfo>
  <TransInfo Description="Grass Without Static to Goblin Forest" HashKey="3E3E3E3D3E3E3D3E3E">
    <MapTiles>
      <MapTile TileID="203" AltIDMod="0" />
      <MapTile TileID="204" AltIDMod="0" />
    </MapTiles>
    <StaticTiles />
  </TransInfo>
  <TransInfo Description="Grass Without Static to Goblin Forest" HashKey="3D3E3D3E3E3D3E3E3E">
    <MapTiles>
      <MapTile TileID="215" AltIDMod="0" />
    </MapTiles>
    <StaticTiles />
  </TransInfo>
  <TransInfo Description="Grass Without Static to Goblin Forest" HashKey="3E3E3D3E3E3D3D3E3E">
    <MapTiles>
      <MapTile TileID="213" AltIDMod="0" />
    </MapTiles>
    <StaticTiles />
  </TransInfo>
  <TransInfo Description="Grass Without Static to Goblin Forest" HashKey="3D3D3E3E3E3E3E3E3D">
    <MapTiles>
      <MapTile TileID="215" AltIDMod="0" />
    </MapTiles>
    <StaticTiles />
  </TransInfo>
  <TransInfo Description="Grass Without Static to Goblin Forest" HashKey="3E3E3E3E3E3D3D3D3E">
    <MapTiles>
      <MapTile TileID="213" AltIDMod="0" />
    </MapTiles>
    <StaticTiles />
  </TransInfo>
  <TransInfo Description="Grass Without Static to Goblin Forest" HashKey="3E3E3E3E3E3E3E3D3D">
    <MapTiles>
      <MapTile TileID="208" AltIDMod="0" />
      <MapTile TileID="209" AltIDMod="0" />
    </MapTiles>
    <StaticTiles />
  </TransInfo>
  <TransInfo Description="Grass Without Static to Goblin Forest" HashKey="3D3E3E3E3E3D3E3E3D">
    <MapTiles>
      <MapTile TileID="215" AltIDMod="0" />
    </MapTiles>
    <StaticTiles />
  </TransInfo>
  <TransInfo Description="Grass Without Static to Goblin Forest" HashKey="3D3E3E3E3E3E3E3D3D">
    <MapTiles>
      <MapTile TileID="214" AltIDMod="0" />
    </MapTiles>
    <StaticTiles />
  </TransInfo>
  <TransInfo Description="Grass Without Static to Goblin Forest" HashKey="3E3D3E3E3E3E3E3E3D">
    <MapTiles>
      <MapTile TileID="215" AltIDMod="0" />
    </MapTiles>
    <StaticTiles />
  </TransInfo>
  <TransInfo Description="Grass Without Static to Goblin Forest" HashKey="3E3E3D3E3E3D3E3E3E">
    <MapTiles>
      <MapTile TileID="206" AltIDMod="0" />
      <MapTile TileID="207" AltIDMod="0" />
    </MapTiles>
    <StaticTiles />
  </TransInfo>
  <TransInfo Description="Grass Without Static to Goblin Forest" HashKey="3D3D3D3E3E3D3E3E3D">
    <MapTiles>
      <MapTile TileID="215" AltIDMod="0" />
    </MapTiles>
    <StaticTiles />
  </TransInfo>
  <TransInfo Description="Grass Without Static to Goblin Forest" HashKey="3D3E3E3D3E3E3D3D3D">
    <MapTiles>
      <MapTile TileID="214" AltIDMod="0" />
    </MapTiles>
    <StaticTiles />
  </TransInfo>
  <TransInfo Description="Grass Without Static to Goblin Forest" HashKey="3E3D3E3D3E3E3D3E3E">
    <MapTiles>
      <MapTile TileID="212" AltIDMod="0" />
    </MapTiles>
    <StaticTiles />
  </TransInfo>
  <TransInfo Description="Grass Without Static to Goblin Forest" HashKey="3E3E3E3D3E3E3E3D3E">
    <MapTiles>
      <MapTile TileID="214" AltIDMod="0" />
    </MapTiles>
    <StaticTiles />
  </TransInfo>
  <TransInfo Description="Grass Without Static to Goblin Forest" HashKey="3E3D3D3E3E3D3E3E3E">
    <MapTiles>
      <MapTile TileID="215" AltIDMod="0" />
    </MapTiles>
    <StaticTiles />
  </TransInfo>
  <TransInfo Description="Grass Without Static to Goblin Forest" HashKey="3D3D3D3E3E3D3E3E3E">
    <MapTiles>
      <MapTile TileID="215" AltIDMod="0" />
    </MapTiles>
    <StaticTiles />
  </TransInfo>
  <TransInfo Description="Grass Without Static to Goblin Forest" HashKey="3E3E3D3E3E3E3E3E3E">
    <MapTiles>
      <MapTile TileID="218" AltIDMod="0" />
    </MapTiles>
    <StaticTiles />
  </TransInfo>
  <TransInfo Description="Grass Without Static to Goblin Forest" HashKey="3E3E3E3E3E3D3E3D3D">
    <MapTiles>
      <MapTile TileID="213" AltIDMod="0" />
    </MapTiles>
    <StaticTiles />
  </TransInfo>
  <TransInfo Description="Grass Without Static to Goblin Forest" HashKey="3E3E3E3E3E3E3D3D3E">
    <MapTiles>
      <MapTile TileID="208" AltIDMod="0" />
      <MapTile TileID="209" AltIDMod="0" />
    </MapTiles>
    <StaticTiles />
  </TransInfo>
  <TransInfo Description="Grass Without Static to Goblin Forest" HashKey="3E3E3D3E3E3D3E3D3E">
    <MapTiles>
      <MapTile TileID="213" AltIDMod="0" />
    </MapTiles>
    <StaticTiles />
  </TransInfo>
  <TransInfo Description="Grass Without Static to Goblin Forest" HashKey="3E3E3E3D3E3E3E3E3E">
    <MapTiles>
      <MapTile TileID="203" AltIDMod="0" />
      <MapTile TileID="204" AltIDMod="0" />
    </MapTiles>
    <StaticTiles />
  </TransInfo>
  <TransInfo Description="Grass Without Static to Goblin Forest" HashKey="3D3E3E3E3E3E3D3E3D">
    <MapTiles>
      <MapTile TileID="214" AltIDMod="0" />
    </MapTiles>
    <StaticTiles />
  </TransInfo>
  <TransInfo Description="Grass Without Static to Goblin Forest" HashKey="3E3E3E3E3E3D3E3E3D">
    <MapTiles>
      <MapTile TileID="206" AltIDMod="0" />
      <MapTile TileID="207" AltIDMod="0" />
    </MapTiles>
    <StaticTiles />
  </TransInfo>
  <TransInfo Description="Grass Without Static to Goblin Forest" HashKey="3E3D3D3E3E3E3E3E3D">
    <MapTiles>
      <MapTile TileID="215" AltIDMod="0" />
    </MapTiles>
    <StaticTiles />
  </TransInfo>
  <TransInfo Description="Grass Without Static to Goblin Forest" HashKey="3D3D3D3E3E3E3E3E3E">
    <MapTiles>
      <MapTile TileID="200" AltIDMod="0" />
      <MapTile TileID="23E" AltIDMod="0" />
    </MapTiles>
    <StaticTiles />
  </TransInfo>
  <TransInfo Description="Grass Without Static to Goblin Forest" HashKey="3E3E3E3E3E3E3D3E3E">
    <MapTiles>
      <MapTile TileID="219" AltIDMod="0" />
    </MapTiles>
    <StaticTiles />
  </TransInfo>
  <TransInfo Description="Grass Without Static to Goblin Forest" HashKey="3D3E3E3D3E3E3E3E3D">
    <MapTiles>
      <MapTile TileID="214" AltIDMod="0" />
    </MapTiles>
    <StaticTiles />
  </TransInfo>
  <TransInfo Description="Grass Without Static to Goblin Forest" HashKey="3E3E3D3E3E3E3E3D3E">
    <MapTiles>
      <MapTile TileID="213" AltIDMod="0" />
    </MapTiles>
    <StaticTiles />
  </TransInfo>
  <TransInfo Description="Grass Without Static to Goblin Forest" HashKey="3D3E3E3E3E3E3D3D3D">
    <MapTiles>
      <MapTile TileID="214" AltIDMod="0" />
    </MapTiles>
    <StaticTiles />
  </TransInfo>
  <TransInfo Description="Grass Without Static to Goblin Forest" HashKey="3D3E3D3E3E3E3E3E3D">
    <MapTiles>
      <MapTile TileID="215" AltIDMod="0" />
    </MapTiles>
    <StaticTiles />
  </TransInfo>
  <TransInfo Description="Grass Without Static to Goblin Forest" HashKey="3D3D3D3D3E3E3D3E3E">
    <MapTiles>
      <MapTile TileID="212" AltIDMod="0" />
    </MapTiles>
    <StaticTiles />
  </TransInfo>
  <TransInfo Description="Grass Without Static to Goblin Forest" HashKey="3E3E3D3E3E3D3D3D3D">
    <MapTiles>
      <MapTile TileID="213" AltIDMod="0" />
    </MapTiles>
    <StaticTiles />
  </TransInfo>
  <TransInfo Description="Grass Without Static to Goblin Forest" HashKey="3D3D3E3E3E3E3D3E3E">
    <MapTiles>
      <MapTile TileID="212" AltIDMod="0" />
    </MapTiles>
    <StaticTiles />
  </TransInfo>
  <TransInfo Description="Grass Without Static to Goblin Forest" HashKey="3D3D3D3E3E3E3D3E3E">
    <MapTiles>
      <MapTile TileID="212" AltIDMod="0" />
    </MapTiles>
    <StaticTiles />
  </TransInfo>
  <TransInfo Description="Grass Without Static to Goblin Forest" HashKey="3E3E3E3E3E3D3D3E3D">
    <MapTiles>
      <MapTile TileID="213" AltIDMod="0" />
    </MapTiles>
    <StaticTiles />
  </TransInfo>
  <TransInfo Description="Grass Without Static to Goblin Forest" HashKey="3D3E3E3D3E3E3E3D3D">
    <MapTiles>
      <MapTile TileID="214" AltIDMod="0" />
    </MapTiles>
    <StaticTiles />
  </TransInfo>
  <TransInfo Description="Grass Without Static to Goblin Forest" HashKey="3D3D3E3D3E3E3D3E3E">
    <MapTiles>
      <MapTile TileID="212" AltIDMod="0" />
    </MapTiles>
    <StaticTiles />
  </TransInfo>
  <TransInfo Description="Grass Without Static to Goblin Forest" HashKey="3D3E3E3D3E3E3D3E3E">
    <MapTiles>
      <MapTile TileID="203" AltIDMod="0" />
      <MapTile TileID="204" AltIDMod="0" />
    </MapTiles>
    <StaticTiles />
  </TransInfo>
  <TransInfo Description="Grass Without Static to Goblin Forest" HashKey="3E3D3E3E3E3D3E3E3E">
    <MapTiles>
      <MapTile TileID="215" AltIDMod="0" />
    </MapTiles>
    <StaticTiles />
  </TransInfo>
  <TransInfo Description="Grass Without Static to Goblin Forest" HashKey="3E3E3D3E3E3E3D3D3E">
    <MapTiles>
      <MapTile TileID="213" AltIDMod="0" />
    </MapTiles>
    <StaticTiles />
  </TransInfo>
  <TransInfo Description="Grass Without Static to Goblin Forest" HashKey="3D3D3D3D3E3E3E3E3E">
    <MapTiles>
      <MapTile TileID="212" AltIDMod="0" />
    </MapTiles>
    <StaticTiles />
  </TransInfo>
  <TransInfo Description="Grass Without Static to Goblin Forest" HashKey="3D3E3D3E3E3D3E3E3D">
    <MapTiles>
      <MapTile TileID="215" AltIDMod="0" />
    </MapTiles>
    <StaticTiles />
  </TransInfo>
  <TransInfo Description="Grass Without Static to Goblin Forest" HashKey="3E3E3D3E3E3D3D3E3D">
    <MapTiles>
      <MapTile TileID="213" AltIDMod="0" />
    </MapTiles>
    <StaticTiles />
  </TransInfo>
  <TransInfo Description="Grass Without Static to Goblin Forest" HashKey="3E3E3E3D3E3E3D3D3E">
    <MapTiles>
      <MapTile TileID="214" AltIDMod="0" />
    </MapTiles>
    <StaticTiles />
  </TransInfo>
  <TransInfo Description="Grass Without Static to Goblin Forest" HashKey="3D3D3E3E3E3E3E3E3E">
    <MapTiles>
      <MapTile TileID="200" AltIDMod="0" />
      <MapTile TileID="23E" AltIDMod="0" />
    </MapTiles>
    <StaticTiles />
  </TransInfo>
  <TransInfo Description="Grass Without Static to Goblin Forest" HashKey="3E3E3E3E3E3D3D3D3D">
    <MapTiles>
      <MapTile TileID="213" AltIDMod="0" />
    </MapTiles>
    <StaticTiles />
  </TransInfo>
  <TransInfo Description="Grass Without Static to Goblin Forest" HashKey="3D3E3E3E3E3D3E3E3E">
    <MapTiles>
      <MapTile TileID="215" AltIDMod="0" />
    </MapTiles>
    <StaticTiles />
  </TransInfo>
  <TransInfo Description="Grass Without Static to Goblin Forest" HashKey="3E3E3D3D3E3E3D3E3E">
    <MapTiles>
      <MapTile TileID="212" AltIDMod="0" />
    </MapTiles>
    <StaticTiles />
  </TransInfo>
  <TransInfo Description="Grass Without Static to Goblin Forest" HashKey="3D3E3E3E3E3E3E3D3E">
    <MapTiles>
      <MapTile TileID="214" AltIDMod="0" />
    </MapTiles>
    <StaticTiles />
  </TransInfo>
  <TransInfo Description="Grass Without Static to Goblin Forest" HashKey="3E3E3E3E3E3E3E3D3E">
    <MapTiles>
      <MapTile TileID="208" AltIDMod="0" />
      <MapTile TileID="209" AltIDMod="0" />
    </MapTiles>
    <StaticTiles />
  </TransInfo>
  <TransInfo Description="Grass Without Static to Goblin Forest" HashKey="3E3D3E3E3E3E3E3E3E">
    <MapTiles>
      <MapTile TileID="200" AltIDMod="0" />
      <MapTile TileID="23E" AltIDMod="0" />
    </MapTiles>
    <StaticTiles />
  </TransInfo>
  <TransInfo Description="Grass Without Static to Goblin Forest" HashKey="3D3E3E3D3E3E3D3D3E">
    <MapTiles>
      <MapTile TileID="214" AltIDMod="0" />
    </MapTiles>
    <StaticTiles />
  </TransInfo>
  <TransInfo Description="Grass Without Static to Goblin Forest" HashKey="3E3E3D3E3E3D3E3E3D">
    <MapTiles>
      <MapTile TileID="206" AltIDMod="0" />
      <MapTile TileID="207" AltIDMod="0" />
    </MapTiles>
    <StaticTiles />
  </TransInfo>
  <TransInfo Description="Grass Without Static to Goblin Forest" HashKey="3E3D3D3D3E3E3E3E3E">
    <MapTiles>
      <MapTile TileID="212" AltIDMod="0" />
    </MapTiles>
    <StaticTiles />
  </TransInfo>
  <TransInfo Description="Grass Without Static to Goblin Forest" HashKey="3E3E3D3D3E3E3E3E3E">
    <MapTiles>
      <MapTile TileID="212" AltIDMod="0" />
    </MapTiles>
    <StaticTiles />
  </TransInfo>
  <TransInfo Description="Grass Without Static to Goblin Forest" HashKey="3E3D3D3E3E3D3E3E3D">
    <MapTiles>
      <MapTile TileID="215" AltIDMod="0" />
    </MapTiles>
    <StaticTiles />
  </TransInfo>
  <TransInfo Description="Grass Without Static to Goblin Forest" HashKey="3D3D3E3E3E3D3E3E3E">
    <MapTiles>
      <MapTile TileID="215" AltIDMod="0" />
    </MapTiles>
    <StaticTiles />
  </TransInfo>
  <TransInfo Description="Grass Without Static to Goblin Forest" HashKey="3E3E3E3D3E3E3E3D3D">
    <MapTiles>
      <MapTile TileID="214" AltIDMod="0" />
    </MapTiles>
    <StaticTiles />
  </TransInfo>
  <TransInfo Description="Grass Without Static to Goblin Forest" HashKey="3E3E3E3E3E3D3E3D3E">
    <MapTiles>
      <MapTile TileID="213" AltIDMod="0" />
    </MapTiles>
    <StaticTiles />
  </TransInfo>
  <TransInfo Description="Grass Without Static to Goblin Forest" HashKey="3E3D3D3E3E3E3D3E3E">
    <MapTiles>
      <MapTile TileID="212" AltIDMod="0" />
    </MapTiles>
    <StaticTiles />
  </TransInfo>
  <TransInfo Description="Grass Without Static to Goblin Forest" HashKey="3E3D3E3E3E3E3D3E3E">
    <MapTiles>
      <MapTile TileID="212" AltIDMod="0" />
    </MapTiles>
    <StaticTiles />
  </TransInfo>
  <TransInfo Description="Grass Without Static to Goblin Forest" HashKey="3D3E3D3D3E3E3E3E3E">
    <MapTiles>
      <MapTile TileID="212" AltIDMod="0" />
    </MapTiles>
    <StaticTiles />
  </TransInfo>
  <TransInfo Description="Grass Without Static to Goblin Forest" HashKey="3E3E3D3E3E3D3E3D3D">
    <MapTiles>
      <MapTile TileID="213" AltIDMod="0" />
    </MapTiles>
    <StaticTiles />
  </TransInfo>
  <TransInfo Description="Grass Without Static to Goblin Forest" HashKey="3D3D3E3E3E3D3E3E3D">
    <MapTiles>
      <MapTile TileID="215" AltIDMod="0" />
    </MapTiles>
    <StaticTiles />
  </TransInfo>
  <TransInfo Description="Grass Without Static to Goblin Forest" HashKey="3E3D3D3D3E3E3D3E3E">
    <MapTiles>
      <MapTile TileID="212" AltIDMod="0" />
    </MapTiles>
    <StaticTiles />
  </TransInfo>
</Trans>