﻿<?xml version="1.0" encoding="utf-8"?>
<Trans>
  <TransInfo Description="Grass to Swamp" HashKey="010129010129010129">
    <MapTiles>
      <MapTile TileID="15838" AltIDMod="0" />
    </MapTiles>
    <StaticTiles />
  </TransInfo>
  <TransInfo Description="Grass to Swamp" HashKey="290101290129010129">
    <MapTiles>
      <MapTile TileID="15849" AltIDMod="0" />
      <MapTile TileID="15850" AltIDMod="0" />
      <MapTile TileID="15851" AltIDMod="0" />
      <MapTile TileID="15852" AltIDMod="0" />
    </MapTiles>
    <StaticTiles />
  </TransInfo>
  <TransInfo Description="Grass to Swamp" HashKey="290101290101290101">
    <MapTiles>
      <MapTile TileID="15835" AltIDMod="0" />
    </MapTiles>
    <StaticTiles />
  </TransInfo>
  <TransInfo Description="Grass to Swamp" HashKey="012929010101292901">
    <MapTiles>
      <MapTile TileID="15849" AltIDMod="0" />
      <MapTile TileID="15850" AltIDMod="0" />
      <MapTile TileID="15851" AltIDMod="0" />
      <MapTile TileID="15852" AltIDMod="0" />
    </MapTiles>
    <StaticTiles />
  </TransInfo>
  <TransInfo Description="Grass to Swamp" HashKey="292901290101010101">
    <MapTiles>
      <MapTile TileID="15846" AltIDMod="0" />
    </MapTiles>
    <StaticTiles />
  </TransInfo>
  <TransInfo Description="Grass to Swamp" HashKey="290101010101010129">
    <MapTiles>
      <MapTile TileID="1" AltIDMod="0" />
    </MapTiles>
    <StaticTiles />
  </TransInfo>
  <TransInfo Description="Grass to Swamp" HashKey="292901290129010129">
    <MapTiles>
      <MapTile TileID="15849" AltIDMod="0" />
      <MapTile TileID="15850" AltIDMod="0" />
      <MapTile TileID="15851" AltIDMod="0" />
      <MapTile TileID="15852" AltIDMod="0" />
    </MapTiles>
    <StaticTiles />
  </TransInfo>
  <TransInfo Description="Grass to Swamp" HashKey="010101010101012929">
    <MapTiles>
      <MapTile TileID="15839" AltIDMod="0" />
    </MapTiles>
    <StaticTiles />
  </TransInfo>
  <TransInfo Description="Grass to Swamp" HashKey="012901290129010101">
    <MapTiles>
      <MapTile TileID="15849" AltIDMod="0" />
      <MapTile TileID="15850" AltIDMod="0" />
      <MapTile TileID="15851" AltIDMod="0" />
      <MapTile TileID="15852" AltIDMod="0" />
    </MapTiles>
    <StaticTiles />
  </TransInfo>
  <TransInfo Description="Grass to Swamp" HashKey="292901010129012901">
    <MapTiles>
      <MapTile TileID="15849" AltIDMod="0" />
      <MapTile TileID="15850" AltIDMod="0" />
      <MapTile TileID="15851" AltIDMod="0" />
      <MapTile TileID="15852" AltIDMod="0" />
    </MapTiles>
    <StaticTiles />
  </TransInfo>
  <TransInfo Description="Grass to Swamp" HashKey="012929290101292901">
    <MapTiles>
      <MapTile TileID="15849" AltIDMod="0" />
      <MapTile TileID="15850" AltIDMod="0" />
      <MapTile TileID="15851" AltIDMod="0" />
      <MapTile TileID="15852" AltIDMod="0" />
    </MapTiles>
    <StaticTiles />
  </TransInfo>
  <TransInfo Description="Grass to Swamp" HashKey="292901010129012929">
    <MapTiles>
      <MapTile TileID="15849" AltIDMod="0" />
      <MapTile TileID="15850" AltIDMod="0" />
      <MapTile TileID="15851" AltIDMod="0" />
      <MapTile TileID="15852" AltIDMod="0" />
    </MapTiles>
    <StaticTiles />
  </TransInfo>
  <TransInfo Description="Grass to Swamp" HashKey="290129290129010129">
    <MapTiles>
      <MapTile TileID="15849" AltIDMod="0" />
      <MapTile TileID="15850" AltIDMod="0" />
      <MapTile TileID="15851" AltIDMod="0" />
      <MapTile TileID="15852" AltIDMod="0" />
    </MapTiles>
    <StaticTiles />
  </TransInfo>
  <TransInfo Description="Grass to Swamp" HashKey="290129290129290129">
    <MapTiles>
      <MapTile TileID="15849" AltIDMod="0" />
      <MapTile TileID="15850" AltIDMod="0" />
      <MapTile TileID="15851" AltIDMod="0" />
      <MapTile TileID="15852" AltIDMod="0" />
    </MapTiles>
    <StaticTiles />
  </TransInfo>
  <TransInfo Description="Grass to Swamp" HashKey="012901010129012929">
    <MapTiles>
      <MapTile TileID="15849" AltIDMod="0" />
      <MapTile TileID="15850" AltIDMod="0" />
      <MapTile TileID="15851" AltIDMod="0" />
      <MapTile TileID="15852" AltIDMod="0" />
    </MapTiles>
    <StaticTiles />
  </TransInfo>
  <TransInfo Description="Grass to Swamp" HashKey="290129290101012929">
    <MapTiles>
      <MapTile TileID="15849" AltIDMod="0" />
      <MapTile TileID="15850" AltIDMod="0" />
      <MapTile TileID="15851" AltIDMod="0" />
      <MapTile TileID="15852" AltIDMod="0" />
    </MapTiles>
    <StaticTiles />
  </TransInfo>
  <TransInfo Description="Grass to Swamp" HashKey="010129010129292901">
    <MapTiles>
      <MapTile TileID="15845" AltIDMod="0" />
    </MapTiles>
    <StaticTiles />
  </TransInfo>
  <TransInfo Description="Grass to Swamp" HashKey="290101290129012901">
    <MapTiles>
      <MapTile TileID="15849" AltIDMod="0" />
      <MapTile TileID="15850" AltIDMod="0" />
      <MapTile TileID="15851" AltIDMod="0" />
      <MapTile TileID="15852" AltIDMod="0" />
    </MapTiles>
    <StaticTiles />
  </TransInfo>
  <TransInfo Description="Grass to Swamp" HashKey="012929290129012901">
    <MapTiles>
      <MapTile TileID="15849" AltIDMod="0" />
      <MapTile TileID="15850" AltIDMod="0" />
      <MapTile TileID="15851" AltIDMod="0" />
      <MapTile TileID="15852" AltIDMod="0" />
    </MapTiles>
    <StaticTiles />
  </TransInfo>
  <TransInfo Description="Grass to Swamp" HashKey="292929010101290129">
    <MapTiles>
      <MapTile TileID="15849" AltIDMod="0" />
      <MapTile TileID="15850" AltIDMod="0" />
      <MapTile TileID="15851" AltIDMod="0" />
      <MapTile TileID="15852" AltIDMod="0" />
    </MapTiles>
    <StaticTiles />
  </TransInfo>
  <TransInfo Description="Grass to Swamp" HashKey="010101290129290129">
    <MapTiles>
      <MapTile TileID="15849" AltIDMod="0" />
      <MapTile TileID="15850" AltIDMod="0" />
      <MapTile TileID="15851" AltIDMod="0" />
      <MapTile TileID="15852" AltIDMod="0" />
    </MapTiles>
    <StaticTiles />
  </TransInfo>
  <TransInfo Description="Grass to Swamp" HashKey="290101290129290129">
    <MapTiles>
      <MapTile TileID="15849" AltIDMod="0" />
      <MapTile TileID="15850" AltIDMod="0" />
      <MapTile TileID="15851" AltIDMod="0" />
      <MapTile TileID="15852" AltIDMod="0" />
    </MapTiles>
    <StaticTiles />
  </TransInfo>
  <TransInfo Description="Grass to Swamp" HashKey="290101290101012901">
    <MapTiles>
      <MapTile TileID="15843" AltIDMod="0" />
    </MapTiles>
    <StaticTiles />
  </TransInfo>
  <TransInfo Description="Grass to Swamp" HashKey="012929010101010101">
    <MapTiles>
      <MapTile TileID="15841" AltIDMod="0" />
    </MapTiles>
    <StaticTiles />
  </TransInfo>
  <TransInfo Description="Grass to Swamp" HashKey="292901290101292901">
    <MapTiles>
      <MapTile TileID="15849" AltIDMod="0" />
      <MapTile TileID="15850" AltIDMod="0" />
      <MapTile TileID="15851" AltIDMod="0" />
      <MapTile TileID="15852" AltIDMod="0" />
    </MapTiles>
    <StaticTiles />
  </TransInfo>
  <TransInfo Description="Grass to Swamp" HashKey="290129010101292929">
    <MapTiles>
      <MapTile TileID="15849" AltIDMod="0" />
      <MapTile TileID="15850" AltIDMod="0" />
      <MapTile TileID="15851" AltIDMod="0" />
      <MapTile TileID="15852" AltIDMod="0" />
    </MapTiles>
    <StaticTiles />
  </TransInfo>
  <TransInfo Description="Grass to Swamp" HashKey="292929290101292929">
    <MapTiles>
      <MapTile TileID="15849" AltIDMod="0" />
      <MapTile TileID="15850" AltIDMod="0" />
      <MapTile TileID="15851" AltIDMod="0" />
      <MapTile TileID="15852" AltIDMod="0" />
    </MapTiles>
    <StaticTiles />
  </TransInfo>
  <TransInfo Description="Grass to Swamp" HashKey="012901290129292901">
    <MapTiles>
      <MapTile TileID="15849" AltIDMod="0" />
      <MapTile TileID="15850" AltIDMod="0" />
      <MapTile TileID="15851" AltIDMod="0" />
      <MapTile TileID="15852" AltIDMod="0" />
    </MapTiles>
    <StaticTiles />
  </TransInfo>
  <TransInfo Description="Grass to Swamp" HashKey="292901010129290101">
    <MapTiles>
      <MapTile TileID="15849" AltIDMod="0" />
      <MapTile TileID="15850" AltIDMod="0" />
      <MapTile TileID="15851" AltIDMod="0" />
      <MapTile TileID="15852" AltIDMod="0" />
    </MapTiles>
    <StaticTiles />
  </TransInfo>
  <TransInfo Description="Grass to Swamp" HashKey="012929010129012929">
    <MapTiles>
      <MapTile TileID="15849" AltIDMod="0" />
      <MapTile TileID="15850" AltIDMod="0" />
      <MapTile TileID="15851" AltIDMod="0" />
      <MapTile TileID="15852" AltIDMod="0" />
    </MapTiles>
    <StaticTiles />
  </TransInfo>
  <TransInfo Description="Grass to Swamp" HashKey="010129290129012929">
    <MapTiles>
      <MapTile TileID="15849" AltIDMod="0" />
      <MapTile TileID="15850" AltIDMod="0" />
      <MapTile TileID="15851" AltIDMod="0" />
      <MapTile TileID="15852" AltIDMod="0" />
    </MapTiles>
    <StaticTiles />
  </TransInfo>
  <TransInfo Description="Grass to Swamp" HashKey="292929290129010101">
    <MapTiles>
      <MapTile TileID="15849" AltIDMod="0" />
      <MapTile TileID="15850" AltIDMod="0" />
      <MapTile TileID="15851" AltIDMod="0" />
      <MapTile TileID="15852" AltIDMod="0" />
    </MapTiles>
    <StaticTiles />
  </TransInfo>
  <TransInfo Description="Grass to Swamp" HashKey="290101010101292929">
    <MapTiles>
      <MapTile TileID="15843" AltIDMod="0" />
    </MapTiles>
    <StaticTiles />
  </TransInfo>
  <TransInfo Description="Grass to Swamp" HashKey="012929290129290129">
    <MapTiles>
      <MapTile TileID="15849" AltIDMod="0" />
      <MapTile TileID="15850" AltIDMod="0" />
      <MapTile TileID="15851" AltIDMod="0" />
      <MapTile TileID="15852" AltIDMod="0" />
    </MapTiles>
    <StaticTiles />
  </TransInfo>
  <TransInfo Description="Grass to Swamp" HashKey="010129010129010101">
    <MapTiles>
      <MapTile TileID="15838" AltIDMod="0" />
    </MapTiles>
    <StaticTiles />
  </TransInfo>
  <TransInfo Description="Grass to Swamp" HashKey="292929010129292929">
    <MapTiles>
      <MapTile TileID="15849" AltIDMod="0" />
      <MapTile TileID="15850" AltIDMod="0" />
      <MapTile TileID="15851" AltIDMod="0" />
      <MapTile TileID="15852" AltIDMod="0" />
    </MapTiles>
    <StaticTiles />
  </TransInfo>
  <TransInfo Description="Grass to Swamp" HashKey="290101290101290129">
    <MapTiles>
      <MapTile TileID="15843" AltIDMod="0" />
    </MapTiles>
    <StaticTiles />
  </TransInfo>
  <TransInfo Description="Grass to Swamp" HashKey="292929290129012929">
    <MapTiles>
      <MapTile TileID="15849" AltIDMod="0" />
      <MapTile TileID="15850" AltIDMod="0" />
      <MapTile TileID="15851" AltIDMod="0" />
      <MapTile TileID="15852" AltIDMod="0" />
    </MapTiles>
    <StaticTiles />
  </TransInfo>
  <TransInfo Description="Grass to Swamp" HashKey="010101290129012929">
    <MapTiles>
      <MapTile TileID="15849" AltIDMod="0" />
      <MapTile TileID="15850" AltIDMod="0" />
      <MapTile TileID="15851" AltIDMod="0" />
      <MapTile TileID="15852" AltIDMod="0" />
    </MapTiles>
    <StaticTiles />
  </TransInfo>
  <TransInfo Description="Grass to Swamp" HashKey="010129010101012929">
    <MapTiles>
      <MapTile TileID="15845" AltIDMod="0" />
    </MapTiles>
    <StaticTiles />
  </TransInfo>
  <TransInfo Description="Grass to Swamp" HashKey="290129010129010129">
    <MapTiles>
      <MapTile TileID="15844" AltIDMod="0" />
    </MapTiles>
    <StaticTiles />
  </TransInfo>
  <TransInfo Description="Grass to Swamp" HashKey="012901290129010129">
    <MapTiles>
      <MapTile TileID="15849" AltIDMod="0" />
      <MapTile TileID="15850" AltIDMod="0" />
      <MapTile TileID="15851" AltIDMod="0" />
      <MapTile TileID="15852" AltIDMod="0" />
    </MapTiles>
    <StaticTiles />
  </TransInfo>
  <TransInfo Description="Grass to Swamp" HashKey="290129010101010129">
    <MapTiles>
      <MapTile TileID="15844" AltIDMod="0" />
    </MapTiles>
    <StaticTiles />
  </TransInfo>
  <TransInfo Description="Grass to Swamp" HashKey="292929290101010129">
    <MapTiles>
      <MapTile TileID="15849" AltIDMod="0" />
      <MapTile TileID="15850" AltIDMod="0" />
      <MapTile TileID="15851" AltIDMod="0" />
      <MapTile TileID="15852" AltIDMod="0" />
    </MapTiles>
    <StaticTiles />
  </TransInfo>
  <TransInfo Description="Grass to Swamp" HashKey="010101290101010101">
    <MapTiles>
      <MapTile TileID="15835" AltIDMod="0" />
    </MapTiles>
    <StaticTiles />
  </TransInfo>
  <TransInfo Description="Grass to Swamp" HashKey="292901290101010129">
    <MapTiles>
      <MapTile TileID="15849" AltIDMod="0" />
      <MapTile TileID="15850" AltIDMod="0" />
      <MapTile TileID="15851" AltIDMod="0" />
      <MapTile TileID="15852" AltIDMod="0" />
    </MapTiles>
    <StaticTiles />
  </TransInfo>
  <TransInfo Description="Grass to Swamp" HashKey="012929010129290129">
    <MapTiles>
      <MapTile TileID="15849" AltIDMod="0" />
      <MapTile TileID="15850" AltIDMod="0" />
      <MapTile TileID="15851" AltIDMod="0" />
      <MapTile TileID="15852" AltIDMod="0" />
    </MapTiles>
    <StaticTiles />
  </TransInfo>
  <TransInfo Description="Grass to Swamp" HashKey="010129290129290129">
    <MapTiles>
      <MapTile TileID="15849" AltIDMod="0" />
      <MapTile TileID="15850" AltIDMod="0" />
      <MapTile TileID="15851" AltIDMod="0" />
      <MapTile TileID="15852" AltIDMod="0" />
    </MapTiles>
    <StaticTiles />
  </TransInfo>
  <TransInfo Description="Grass to Swamp" HashKey="290129290129010101">
    <MapTiles>
      <MapTile TileID="15849" AltIDMod="0" />
      <MapTile TileID="15850" AltIDMod="0" />
      <MapTile TileID="15851" AltIDMod="0" />
      <MapTile TileID="15852" AltIDMod="0" />
    </MapTiles>
    <StaticTiles />
  </TransInfo>
  <TransInfo Description="Grass to Swamp" HashKey="290101010129292929">
    <MapTiles>
      <MapTile TileID="15849" AltIDMod="0" />
      <MapTile TileID="15850" AltIDMod="0" />
      <MapTile TileID="15851" AltIDMod="0" />
      <MapTile TileID="15852" AltIDMod="0" />
    </MapTiles>
    <StaticTiles />
  </TransInfo>
  <TransInfo Description="Grass to Swamp" HashKey="010101010129292901">
    <MapTiles>
      <MapTile TileID="15845" AltIDMod="0" />
    </MapTiles>
    <StaticTiles />
  </TransInfo>
  <TransInfo Description="Grass to Swamp" HashKey="292929290101292901">
    <MapTiles>
      <MapTile TileID="15849" AltIDMod="0" />
      <MapTile TileID="15850" AltIDMod="0" />
      <MapTile TileID="15851" AltIDMod="0" />
      <MapTile TileID="15852" AltIDMod="0" />
    </MapTiles>
    <StaticTiles />
  </TransInfo>
  <TransInfo Description="Grass to Swamp" HashKey="290129290129012929">
    <MapTiles>
      <MapTile TileID="15849" AltIDMod="0" />
      <MapTile TileID="15850" AltIDMod="0" />
      <MapTile TileID="15851" AltIDMod="0" />
      <MapTile TileID="15852" AltIDMod="0" />
    </MapTiles>
    <StaticTiles />
  </TransInfo>
  <TransInfo Description="Grass to Swamp" HashKey="290129290101290101">
    <MapTiles>
      <MapTile TileID="15846" AltIDMod="0" />
    </MapTiles>
    <StaticTiles />
  </TransInfo>
  <TransInfo Description="Grass to Swamp" HashKey="292929010101290101">
    <MapTiles>
      <MapTile TileID="15846" AltIDMod="0" />
    </MapTiles>
    <StaticTiles />
  </TransInfo>
  <TransInfo Description="Grass to Swamp" HashKey="012901010101012929">
    <MapTiles>
      <MapTile TileID="15849" AltIDMod="0" />
      <MapTile TileID="15850" AltIDMod="0" />
      <MapTile TileID="15851" AltIDMod="0" />
      <MapTile TileID="15852" AltIDMod="0" />
    </MapTiles>
    <StaticTiles />
  </TransInfo>
  <TransInfo Description="Grass to Swamp" HashKey="292929010129010129">
    <MapTiles>
      <MapTile TileID="15844" AltIDMod="0" />
    </MapTiles>
    <StaticTiles />
  </TransInfo>
  <TransInfo Description="Grass to Swamp" HashKey="290101290101012929">
    <MapTiles>
      <MapTile TileID="15843" AltIDMod="0" />
    </MapTiles>
    <StaticTiles />
  </TransInfo>
  <TransInfo Description="Grass to Swamp" HashKey="292901290101292929">
    <MapTiles>
      <MapTile TileID="15849" AltIDMod="0" />
      <MapTile TileID="15850" AltIDMod="0" />
      <MapTile TileID="15851" AltIDMod="0" />
      <MapTile TileID="15852" AltIDMod="0" />
    </MapTiles>
    <StaticTiles />
  </TransInfo>
  <TransInfo Description="Grass to Swamp" HashKey="012929290101010101">
    <MapTiles>
      <MapTile TileID="15846" AltIDMod="0" />
    </MapTiles>
    <StaticTiles />
  </TransInfo>
  <TransInfo Description="Grass to Swamp" HashKey="010129010101290129">
    <MapTiles>
      <MapTile TileID="15845" AltIDMod="0" />
    </MapTiles>
    <StaticTiles />
  </TransInfo>
  <TransInfo Description="Grass to Swamp" HashKey="012901290129292929">
    <MapTiles>
      <MapTile TileID="15849" AltIDMod="0" />
      <MapTile TileID="15850" AltIDMod="0" />
      <MapTile TileID="15851" AltIDMod="0" />
      <MapTile TileID="15852" AltIDMod="0" />
    </MapTiles>
    <StaticTiles />
  </TransInfo>
  <TransInfo Description="Grass to Swamp" HashKey="010129290101290101">
    <MapTiles>
      <MapTile TileID="15846" AltIDMod="0" />
    </MapTiles>
    <StaticTiles />
  </TransInfo>
  <TransInfo Description="Grass to Swamp" HashKey="010101010101010129">
    <MapTiles>
      <MapTile TileID="15830" AltIDMod="0" />
    </MapTiles>
    <StaticTiles />
  </TransInfo>
  <TransInfo Description="Grass to Swamp" HashKey="012929010129012901">
    <MapTiles>
      <MapTile TileID="15849" AltIDMod="0" />
      <MapTile TileID="15850" AltIDMod="0" />
      <MapTile TileID="15851" AltIDMod="0" />
      <MapTile TileID="15852" AltIDMod="0" />
    </MapTiles>
    <StaticTiles />
  </TransInfo>
  <TransInfo Description="Grass to Swamp" HashKey="010129290129012901">
    <MapTiles>
      <MapTile TileID="15849" AltIDMod="0" />
      <MapTile TileID="15850" AltIDMod="0" />
      <MapTile TileID="15851" AltIDMod="0" />
      <MapTile TileID="15852" AltIDMod="0" />
    </MapTiles>
    <StaticTiles />
  </TransInfo>
  <TransInfo Description="Grass to Swamp" HashKey="292901010101290101">
    <MapTiles>
      <MapTile TileID="15846" AltIDMod="0" />
    </MapTiles>
    <StaticTiles />
  </TransInfo>
  <TransInfo Description="Grass to Swamp" HashKey="010129290101292929">
    <MapTiles>
      <MapTile TileID="15849" AltIDMod="0" />
      <MapTile TileID="15850" AltIDMod="0" />
      <MapTile TileID="15851" AltIDMod="0" />
      <MapTile TileID="15852" AltIDMod="0" />
    </MapTiles>
    <StaticTiles />
  </TransInfo>
  <TransInfo Description="Grass to Swamp" HashKey="010101010129010101">
    <MapTiles>
      <MapTile TileID="15838" AltIDMod="0" />
    </MapTiles>
    <StaticTiles />
  </TransInfo>
  <TransInfo Description="Grass to Swamp" HashKey="010101010129010129">
    <MapTiles>
      <MapTile TileID="15838" AltIDMod="0" />
    </MapTiles>
    <StaticTiles />
  </TransInfo>
  <TransInfo Description="Grass to Swamp" HashKey="292929290129010129">
    <MapTiles>
      <MapTile TileID="15849" AltIDMod="0" />
      <MapTile TileID="15850" AltIDMod="0" />
      <MapTile TileID="15851" AltIDMod="0" />
      <MapTile TileID="15852" AltIDMod="0" />
    </MapTiles>
    <StaticTiles />
  </TransInfo>
  <TransInfo Description="Grass to Swamp" HashKey="010101010101290101">
    <MapTiles>
      <MapTile TileID="15829" AltIDMod="0" />
    </MapTiles>
    <StaticTiles />
  </TransInfo>
  <TransInfo Description="Grass to Swamp" HashKey="290101010129010129">
    <MapTiles>
      <MapTile TileID="15844" AltIDMod="0" />
    </MapTiles>
    <StaticTiles />
  </TransInfo>
  <TransInfo Description="Grass to Swamp" HashKey="292901290129012901">
    <MapTiles>
      <MapTile TileID="15849" AltIDMod="0" />
      <MapTile TileID="15850" AltIDMod="0" />
      <MapTile TileID="15851" AltIDMod="0" />
      <MapTile TileID="15852" AltIDMod="0" />
    </MapTiles>
    <StaticTiles />
  </TransInfo>
  <TransInfo Description="Grass to Swamp" HashKey="292929010129292901">
    <MapTiles>
      <MapTile TileID="15849" AltIDMod="0" />
      <MapTile TileID="15850" AltIDMod="0" />
      <MapTile TileID="15851" AltIDMod="0" />
      <MapTile TileID="15852" AltIDMod="0" />
    </MapTiles>
    <StaticTiles />
  </TransInfo>
  <TransInfo Description="Grass to Swamp" HashKey="012901010101290129">
    <MapTiles>
      <MapTile TileID="15849" AltIDMod="0" />
      <MapTile TileID="15850" AltIDMod="0" />
      <MapTile TileID="15851" AltIDMod="0" />
      <MapTile TileID="15852" AltIDMod="0" />
    </MapTiles>
    <StaticTiles />
  </TransInfo>
  <TransInfo Description="Grass to Swamp" HashKey="012929010101012901">
    <MapTiles>
      <MapTile TileID="15849" AltIDMod="0" />
      <MapTile TileID="15850" AltIDMod="0" />
      <MapTile TileID="15851" AltIDMod="0" />
      <MapTile TileID="15852" AltIDMod="0" />
    </MapTiles>
    <StaticTiles />
  </TransInfo>
  <TransInfo Description="Grass to Swamp" HashKey="010129010101012901">
    <MapTiles>
      <MapTile TileID="15845" AltIDMod="0" />
    </MapTiles>
    <StaticTiles />
  </TransInfo>
  <TransInfo Description="Grass to Swamp" HashKey="292901290129292929">
    <MapTiles>
      <MapTile TileID="15849" AltIDMod="0" />
      <MapTile TileID="15850" AltIDMod="0" />
      <MapTile TileID="15851" AltIDMod="0" />
      <MapTile TileID="15852" AltIDMod="0" />
    </MapTiles>
    <StaticTiles />
  </TransInfo>
  <TransInfo Description="Grass to Swamp" HashKey="292901010101290129">
    <MapTiles>
      <MapTile TileID="15849" AltIDMod="0" />
      <MapTile TileID="15850" AltIDMod="0" />
      <MapTile TileID="15851" AltIDMod="0" />
      <MapTile TileID="15852" AltIDMod="0" />
    </MapTiles>
    <StaticTiles />
  </TransInfo>
  <TransInfo Description="Grass to Swamp" HashKey="290129010101010101">
    <MapTiles>
      <MapTile TileID="15841" AltIDMod="0" />
    </MapTiles>
    <StaticTiles />
  </TransInfo>
  <TransInfo Description="Grass to Swamp" HashKey="292929290101010101">
    <MapTiles>
      <MapTile TileID="15846" AltIDMod="0" />
    </MapTiles>
    <StaticTiles />
  </TransInfo>
  <TransInfo Description="Grass to Swamp" HashKey="012901290101292929">
    <MapTiles>
      <MapTile TileID="15849" AltIDMod="0" />
      <MapTile TileID="15850" AltIDMod="0" />
      <MapTile TileID="15851" AltIDMod="0" />
      <MapTile TileID="15852" AltIDMod="0" />
    </MapTiles>
    <StaticTiles />
  </TransInfo>
  <TransInfo Description="Grass to Swamp" HashKey="290101010129012929">
    <MapTiles>
      <MapTile TileID="15849" AltIDMod="0" />
      <MapTile TileID="15850" AltIDMod="0" />
      <MapTile TileID="15851" AltIDMod="0" />
      <MapTile TileID="15852" AltIDMod="0" />
    </MapTiles>
    <StaticTiles />
  </TransInfo>
  <TransInfo Description="Grass to Swamp" HashKey="010101290129012901">
    <MapTiles>
      <MapTile TileID="15849" AltIDMod="0" />
      <MapTile TileID="15850" AltIDMod="0" />
      <MapTile TileID="15851" AltIDMod="0" />
      <MapTile TileID="15852" AltIDMod="0" />
    </MapTiles>
    <StaticTiles />
  </TransInfo>
  <TransInfo Description="Grass to Swamp" HashKey="292901010101012901">
    <MapTiles>
      <MapTile TileID="15849" AltIDMod="0" />
      <MapTile TileID="15850" AltIDMod="0" />
      <MapTile TileID="15851" AltIDMod="0" />
      <MapTile TileID="15852" AltIDMod="0" />
    </MapTiles>
    <StaticTiles />
  </TransInfo>
  <TransInfo Description="Grass to Swamp" HashKey="012929010129290101">
    <MapTiles>
      <MapTile TileID="15849" AltIDMod="0" />
      <MapTile TileID="15850" AltIDMod="0" />
      <MapTile TileID="15851" AltIDMod="0" />
      <MapTile TileID="15852" AltIDMod="0" />
    </MapTiles>
    <StaticTiles />
  </TransInfo>
  <TransInfo Description="Grass to Swamp" HashKey="010129290129290101">
    <MapTiles>
      <MapTile TileID="15849" AltIDMod="0" />
      <MapTile TileID="15850" AltIDMod="0" />
      <MapTile TileID="15851" AltIDMod="0" />
      <MapTile TileID="15852" AltIDMod="0" />
    </MapTiles>
    <StaticTiles />
  </TransInfo>
  <TransInfo Description="Grass to Swamp" HashKey="012929010101290101">
    <MapTiles>
      <MapTile TileID="15846" AltIDMod="0" />
    </MapTiles>
    <StaticTiles />
  </TransInfo>
  <TransInfo Description="Grass to Swamp" HashKey="010129290101010129">
    <MapTiles>
      <MapTile TileID="15849" AltIDMod="0" />
      <MapTile TileID="15850" AltIDMod="0" />
      <MapTile TileID="15851" AltIDMod="0" />
      <MapTile TileID="15852" AltIDMod="0" />
    </MapTiles>
    <StaticTiles />
  </TransInfo>
  <TransInfo Description="Grass to Swamp" HashKey="290101010129292901">
    <MapTiles>
      <MapTile TileID="15849" AltIDMod="0" />
      <MapTile TileID="15850" AltIDMod="0" />
      <MapTile TileID="15851" AltIDMod="0" />
      <MapTile TileID="15852" AltIDMod="0" />
    </MapTiles>
    <StaticTiles />
  </TransInfo>
  <TransInfo Description="Grass to Swamp" HashKey="010101010129292929">
    <MapTiles>
      <MapTile TileID="15845" AltIDMod="0" />
    </MapTiles>
    <StaticTiles />
  </TransInfo>
  <TransInfo Description="Grass to Swamp" HashKey="292901010129010101">
    <MapTiles>
      <MapTile TileID="15844" AltIDMod="0" />
    </MapTiles>
    <StaticTiles />
  </TransInfo>
  <TransInfo Description="Grass to Swamp" HashKey="012901010101012901">
    <MapTiles>
      <MapTile TileID="15849" AltIDMod="0" />
      <MapTile TileID="15850" AltIDMod="0" />
      <MapTile TileID="15851" AltIDMod="0" />
      <MapTile TileID="15852" AltIDMod="0" />
    </MapTiles>
    <StaticTiles />
  </TransInfo>
  <TransInfo Description="Grass to Swamp" HashKey="292929010129010101">
    <MapTiles>
      <MapTile TileID="15844" AltIDMod="0" />
    </MapTiles>
    <StaticTiles />
  </TransInfo>
  <TransInfo Description="Grass to Swamp" HashKey="012901010129292929">
    <MapTiles>
      <MapTile TileID="15849" AltIDMod="0" />
      <MapTile TileID="15850" AltIDMod="0" />
      <MapTile TileID="15851" AltIDMod="0" />
      <MapTile TileID="15852" AltIDMod="0" />
    </MapTiles>
    <StaticTiles />
  </TransInfo>
  <TransInfo Description="Grass to Swamp" HashKey="012929290101010129">
    <MapTiles>
      <MapTile TileID="15849" AltIDMod="0" />
      <MapTile TileID="15850" AltIDMod="0" />
      <MapTile TileID="15851" AltIDMod="0" />
      <MapTile TileID="15852" AltIDMod="0" />
    </MapTiles>
    <StaticTiles />
  </TransInfo>
  <TransInfo Description="Grass to Swamp" HashKey="292901290129012929">
    <MapTiles>
      <MapTile TileID="15849" AltIDMod="0" />
      <MapTile TileID="15850" AltIDMod="0" />
      <MapTile TileID="15851" AltIDMod="0" />
      <MapTile TileID="15852" AltIDMod="0" />
    </MapTiles>
    <StaticTiles />
  </TransInfo>
  <TransInfo Description="Grass to Swamp" HashKey="010129010129290101">
    <MapTiles>
      <MapTile TileID="15845" AltIDMod="0" />
    </MapTiles>
    <StaticTiles />
  </TransInfo>
  <TransInfo Description="Grass to Swamp" HashKey="292929290101290129">
    <MapTiles>
      <MapTile TileID="15849" AltIDMod="0" />
      <MapTile TileID="15850" AltIDMod="0" />
      <MapTile TileID="15851" AltIDMod="0" />
      <MapTile TileID="15852" AltIDMod="0" />
    </MapTiles>
    <StaticTiles />
  </TransInfo>
  <TransInfo Description="Grass to Swamp" HashKey="290129010129012929">
    <MapTiles>
      <MapTile TileID="15849" AltIDMod="0" />
      <MapTile TileID="15850" AltIDMod="0" />
      <MapTile TileID="15851" AltIDMod="0" />
      <MapTile TileID="15852" AltIDMod="0" />
    </MapTiles>
    <StaticTiles />
  </TransInfo>
  <TransInfo Description="Grass to Swamp" HashKey="012901290101010129">
    <MapTiles>
      <MapTile TileID="15849" AltIDMod="0" />
      <MapTile TileID="15850" AltIDMod="0" />
      <MapTile TileID="15851" AltIDMod="0" />
      <MapTile TileID="15852" AltIDMod="0" />
    </MapTiles>
    <StaticTiles />
  </TransInfo>
  <TransInfo Description="Grass to Swamp" HashKey="010129290101292901">
    <MapTiles>
      <MapTile TileID="15849" AltIDMod="0" />
      <MapTile TileID="15850" AltIDMod="0" />
      <MapTile TileID="15851" AltIDMod="0" />
      <MapTile TileID="15852" AltIDMod="0" />
    </MapTiles>
    <StaticTiles />
  </TransInfo>
  <TransInfo Description="Grass to Swamp" HashKey="292901290101012929">
    <MapTiles>
      <MapTile TileID="15849" AltIDMod="0" />
      <MapTile TileID="15850" AltIDMod="0" />
      <MapTile TileID="15851" AltIDMod="0" />
      <MapTile TileID="15852" AltIDMod="0" />
    </MapTiles>
    <StaticTiles />
  </TransInfo>
  <TransInfo Description="Grass to Swamp" HashKey="290129010129010101">
    <MapTiles>
      <MapTile TileID="15844" AltIDMod="0" />
    </MapTiles>
    <StaticTiles />
  </TransInfo>
  <TransInfo Description="Grass to Swamp" HashKey="292929290129290129">
    <MapTiles>
      <MapTile TileID="15849" AltIDMod="0" />
      <MapTile TileID="15850" AltIDMod="0" />
      <MapTile TileID="15851" AltIDMod="0" />
      <MapTile TileID="15852" AltIDMod="0" />
    </MapTiles>
    <StaticTiles />
  </TransInfo>
  <TransInfo Description="Grass to Swamp" HashKey="010101010101290129">
    <MapTiles>
      <MapTile TileID="15839" AltIDMod="0" />
    </MapTiles>
    <StaticTiles />
  </TransInfo>
  <TransInfo Description="Grass to Swamp" HashKey="290101010129010101">
    <MapTiles>
      <MapTile TileID="15844" AltIDMod="0" />
    </MapTiles>
    <StaticTiles />
  </TransInfo>
  <TransInfo Description="Grass to Swamp" HashKey="292901010129292901">
    <MapTiles>
      <MapTile TileID="15849" AltIDMod="0" />
      <MapTile TileID="15850" AltIDMod="0" />
      <MapTile TileID="15851" AltIDMod="0" />
      <MapTile TileID="15852" AltIDMod="0" />
    </MapTiles>
    <StaticTiles />
  </TransInfo>
  <TransInfo Description="Grass to Swamp" HashKey="292929290129292929">
    <MapTiles>
      <MapTile TileID="15849" AltIDMod="0" />
      <MapTile TileID="15850" AltIDMod="0" />
      <MapTile TileID="15851" AltIDMod="0" />
      <MapTile TileID="15852" AltIDMod="0" />
    </MapTiles>
    <StaticTiles />
  </TransInfo>
  <TransInfo Description="Grass to Swamp" HashKey="012901010101290101">
    <MapTiles>
      <MapTile TileID="15846" AltIDMod="0" />
    </MapTiles>
    <StaticTiles />
  </TransInfo>
  <TransInfo Description="Grass to Swamp" HashKey="290101010101012929">
    <MapTiles>
      <MapTile TileID="15843" AltIDMod="0" />
    </MapTiles>
    <StaticTiles />
  </TransInfo>
  <TransInfo Description="Grass to Swamp" HashKey="292901290129292901">
    <MapTiles>
      <MapTile TileID="15849" AltIDMod="0" />
      <MapTile TileID="15850" AltIDMod="0" />
      <MapTile TileID="15851" AltIDMod="0" />
      <MapTile TileID="15852" AltIDMod="0" />
    </MapTiles>
    <StaticTiles />
  </TransInfo>
  <TransInfo Description="Grass to Swamp" HashKey="012929290101292929">
    <MapTiles>
      <MapTile TileID="15849" AltIDMod="0" />
      <MapTile TileID="15850" AltIDMod="0" />
      <MapTile TileID="15851" AltIDMod="0" />
      <MapTile TileID="15852" AltIDMod="0" />
    </MapTiles>
    <StaticTiles />
  </TransInfo>
  <TransInfo Description="Grass to Swamp" HashKey="290129290101010101">
    <MapTiles>
      <MapTile TileID="15846" AltIDMod="0" />
    </MapTiles>
    <StaticTiles />
  </TransInfo>
  <TransInfo Description="Grass to Swamp" HashKey="012901290101292901">
    <MapTiles>
      <MapTile TileID="15849" AltIDMod="0" />
      <MapTile TileID="15850" AltIDMod="0" />
      <MapTile TileID="15851" AltIDMod="0" />
      <MapTile TileID="15852" AltIDMod="0" />
    </MapTiles>
    <StaticTiles />
  </TransInfo>
  <TransInfo Description="Grass to Swamp" HashKey="292929010101010101">
    <MapTiles>
      <MapTile TileID="15841" AltIDMod="0" />
    </MapTiles>
    <StaticTiles />
  </TransInfo>
  <TransInfo Description="Grass to Swamp" HashKey="290129010101292901">
    <MapTiles>
      <MapTile TileID="15849" AltIDMod="0" />
      <MapTile TileID="15850" AltIDMod="0" />
      <MapTile TileID="15851" AltIDMod="0" />
      <MapTile TileID="15852" AltIDMod="0" />
    </MapTiles>
    <StaticTiles />
  </TransInfo>
  <TransInfo Description="Grass to Swamp" HashKey="010101290129292929">
    <MapTiles>
      <MapTile TileID="15849" AltIDMod="0" />
      <MapTile TileID="15850" AltIDMod="0" />
      <MapTile TileID="15851" AltIDMod="0" />
      <MapTile TileID="15852" AltIDMod="0" />
    </MapTiles>
    <StaticTiles />
  </TransInfo>
  <TransInfo Description="Grass to Swamp" HashKey="292901010101012929">
    <MapTiles>
      <MapTile TileID="15849" AltIDMod="0" />
      <MapTile TileID="15850" AltIDMod="0" />
      <MapTile TileID="15851" AltIDMod="0" />
      <MapTile TileID="15852" AltIDMod="0" />
    </MapTiles>
    <StaticTiles />
  </TransInfo>
  <TransInfo Description="Grass to Swamp" HashKey="012901290129012929">
    <MapTiles>
      <MapTile TileID="15849" AltIDMod="0" />
      <MapTile TileID="15850" AltIDMod="0" />
      <MapTile TileID="15851" AltIDMod="0" />
      <MapTile TileID="15852" AltIDMod="0" />
    </MapTiles>
    <StaticTiles />
  </TransInfo>
  <TransInfo Description="Grass to Swamp" HashKey="012929010101290129">
    <MapTiles>
      <MapTile TileID="15849" AltIDMod="0" />
      <MapTile TileID="15850" AltIDMod="0" />
      <MapTile TileID="15851" AltIDMod="0" />
      <MapTile TileID="15852" AltIDMod="0" />
    </MapTiles>
    <StaticTiles />
  </TransInfo>
  <TransInfo Description="Grass to Swamp" HashKey="010129290101010101">
    <MapTiles>
      <MapTile TileID="15846" AltIDMod="0" />
    </MapTiles>
    <StaticTiles />
  </TransInfo>
  <TransInfo Description="Grass to Swamp" HashKey="290129010129292901">
    <MapTiles>
      <MapTile TileID="15849" AltIDMod="0" />
      <MapTile TileID="15850" AltIDMod="0" />
      <MapTile TileID="15851" AltIDMod="0" />
      <MapTile TileID="15852" AltIDMod="0" />
    </MapTiles>
    <StaticTiles />
  </TransInfo>
  <TransInfo Description="Grass to Swamp" HashKey="292901010129010129">
    <MapTiles>
      <MapTile TileID="15844" AltIDMod="0" />
    </MapTiles>
    <StaticTiles />
  </TransInfo>
  <TransInfo Description="Grass to Swamp" HashKey="290129290101292901">
    <MapTiles>
      <MapTile TileID="15849" AltIDMod="0" />
      <MapTile TileID="15850" AltIDMod="0" />
      <MapTile TileID="15851" AltIDMod="0" />
      <MapTile TileID="15852" AltIDMod="0" />
    </MapTiles>
    <StaticTiles />
  </TransInfo>
  <TransInfo Description="Grass to Swamp" HashKey="012901010129292901">
    <MapTiles>
      <MapTile TileID="15849" AltIDMod="0" />
      <MapTile TileID="15850" AltIDMod="0" />
      <MapTile TileID="15851" AltIDMod="0" />
      <MapTile TileID="15852" AltIDMod="0" />
    </MapTiles>
    <StaticTiles />
  </TransInfo>
  <TransInfo Description="Grass to Swamp" HashKey="290129010101290129">
    <MapTiles>
      <MapTile TileID="15849" AltIDMod="0" />
      <MapTile TileID="15850" AltIDMod="0" />
      <MapTile TileID="15851" AltIDMod="0" />
      <MapTile TileID="15852" AltIDMod="0" />
    </MapTiles>
    <StaticTiles />
  </TransInfo>
  <TransInfo Description="Grass to Swamp" HashKey="290101290101292901">
    <MapTiles>
      <MapTile TileID="15843" AltIDMod="0" />
    </MapTiles>
    <StaticTiles />
  </TransInfo>
  <TransInfo Description="Grass to Swamp" HashKey="290101010101290129">
    <MapTiles>
      <MapTile TileID="15843" AltIDMod="0" />
    </MapTiles>
    <StaticTiles />
  </TransInfo>
  <TransInfo Description="Grass to Swamp" HashKey="010129010129290129">
    <MapTiles>
      <MapTile TileID="15845" AltIDMod="0" />
    </MapTiles>
    <StaticTiles />
  </TransInfo>
  <TransInfo Description="Grass to Swamp" HashKey="012929290129292929">
    <MapTiles>
      <MapTile TileID="15849" AltIDMod="0" />
      <MapTile TileID="15850" AltIDMod="0" />
      <MapTile TileID="15851" AltIDMod="0" />
      <MapTile TileID="15852" AltIDMod="0" />
    </MapTiles>
    <StaticTiles />
  </TransInfo>
  <TransInfo Description="Grass to Swamp" HashKey="012901010129010129">
    <MapTiles>
      <MapTile TileID="15844" AltIDMod="0" />
    </MapTiles>
    <StaticTiles />
  </TransInfo>
  <TransInfo Description="Grass to Swamp" HashKey="290129010129012901">
    <MapTiles>
      <MapTile TileID="15849" AltIDMod="0" />
      <MapTile TileID="15850" AltIDMod="0" />
      <MapTile TileID="15851" AltIDMod="0" />
      <MapTile TileID="15852" AltIDMod="0" />
    </MapTiles>
    <StaticTiles />
  </TransInfo>
  <TransInfo Description="Grass to Swamp" HashKey="012901290101010101">
    <MapTiles>
      <MapTile TileID="15846" AltIDMod="0" />
    </MapTiles>
    <StaticTiles />
  </TransInfo>
  <TransInfo Description="Grass to Swamp" HashKey="292929010101292901">
    <MapTiles>
      <MapTile TileID="15849" AltIDMod="0" />
      <MapTile TileID="15850" AltIDMod="0" />
      <MapTile TileID="15851" AltIDMod="0" />
      <MapTile TileID="15852" AltIDMod="0" />
    </MapTiles>
    <StaticTiles />
  </TransInfo>
  <TransInfo Description="Grass to Swamp" HashKey="290101290101292929">
    <MapTiles>
      <MapTile TileID="15843" AltIDMod="0" />
    </MapTiles>
    <StaticTiles />
  </TransInfo>
  <TransInfo Description="Grass to Swamp" HashKey="010101290129010129">
    <MapTiles>
      <MapTile TileID="15849" AltIDMod="0" />
      <MapTile TileID="15850" AltIDMod="0" />
      <MapTile TileID="15851" AltIDMod="0" />
      <MapTile TileID="15852" AltIDMod="0" />
    </MapTiles>
    <StaticTiles />
  </TransInfo>
  <TransInfo Description="Grass to Swamp" HashKey="290129010129290129">
    <MapTiles>
      <MapTile TileID="15849" AltIDMod="0" />
      <MapTile TileID="15850" AltIDMod="0" />
      <MapTile TileID="15851" AltIDMod="0" />
      <MapTile TileID="15852" AltIDMod="0" />
    </MapTiles>
    <StaticTiles />
  </TransInfo>
  <TransInfo Description="Grass to Swamp" HashKey="290101010101290101">
    <MapTiles>
      <MapTile TileID="15835" AltIDMod="0" />
    </MapTiles>
    <StaticTiles />
  </TransInfo>
  <TransInfo Description="Grass to Swamp" HashKey="292901290101012901">
    <MapTiles>
      <MapTile TileID="15849" AltIDMod="0" />
      <MapTile TileID="15850" AltIDMod="0" />
      <MapTile TileID="15851" AltIDMod="0" />
      <MapTile TileID="15852" AltIDMod="0" />
    </MapTiles>
    <StaticTiles />
  </TransInfo>
  <TransInfo Description="Grass to Swamp" HashKey="012929010101012929">
    <MapTiles>
      <MapTile TileID="15849" AltIDMod="0" />
      <MapTile TileID="15850" AltIDMod="0" />
      <MapTile TileID="15851" AltIDMod="0" />
      <MapTile TileID="15852" AltIDMod="0" />
    </MapTiles>
    <StaticTiles />
  </TransInfo>
  <TransInfo Description="Grass to Swamp" HashKey="292929290129290101">
    <MapTiles>
      <MapTile TileID="15849" AltIDMod="0" />
      <MapTile TileID="15850" AltIDMod="0" />
      <MapTile TileID="15851" AltIDMod="0" />
      <MapTile TileID="15852" AltIDMod="0" />
    </MapTiles>
    <StaticTiles />
  </TransInfo>
  <TransInfo Description="Grass to Swamp" HashKey="290129010101290101">
    <MapTiles>
      <MapTile TileID="15846" AltIDMod="0" />
    </MapTiles>
    <StaticTiles />
  </TransInfo>
  <TransInfo Description="Grass to Swamp" HashKey="292929290101290101">
    <MapTiles>
      <MapTile TileID="15846" AltIDMod="0" />
    </MapTiles>
    <StaticTiles />
  </TransInfo>
  <TransInfo Description="Grass to Swamp" HashKey="292901290101290129">
    <MapTiles>
      <MapTile TileID="15849" AltIDMod="0" />
      <MapTile TileID="15850" AltIDMod="0" />
      <MapTile TileID="15851" AltIDMod="0" />
      <MapTile TileID="15852" AltIDMod="0" />
    </MapTiles>
    <StaticTiles />
  </TransInfo>
  <TransInfo Description="Grass to Swamp" HashKey="292901010129292929">
    <MapTiles>
      <MapTile TileID="15849" AltIDMod="0" />
      <MapTile TileID="15850" AltIDMod="0" />
      <MapTile TileID="15851" AltIDMod="0" />
      <MapTile TileID="15852" AltIDMod="0" />
    </MapTiles>
    <StaticTiles />
  </TransInfo>
  <TransInfo Description="Grass to Swamp" HashKey="012929010129010101">
    <MapTiles>
      <MapTile TileID="15844" AltIDMod="0" />
    </MapTiles>
    <StaticTiles />
  </TransInfo>
  <TransInfo Description="Grass to Swamp" HashKey="010129290129010101">
    <MapTiles>
      <MapTile TileID="15849" AltIDMod="0" />
      <MapTile TileID="15850" AltIDMod="0" />
      <MapTile TileID="15851" AltIDMod="0" />
      <MapTile TileID="15852" AltIDMod="0" />
    </MapTiles>
    <StaticTiles />
  </TransInfo>
  <TransInfo Description="Grass to Swamp" HashKey="290101010129290129">
    <MapTiles>
      <MapTile TileID="15849" AltIDMod="0" />
      <MapTile TileID="15850" AltIDMod="0" />
      <MapTile TileID="15851" AltIDMod="0" />
      <MapTile TileID="15852" AltIDMod="0" />
    </MapTiles>
    <StaticTiles />
  </TransInfo>
  <TransInfo Description="Grass to Swamp" HashKey="290101010101012901">
    <MapTiles>
      <MapTile TileID="15843" AltIDMod="0" />
    </MapTiles>
    <StaticTiles />
  </TransInfo>
  <TransInfo Description="Grass to Swamp" HashKey="290101290101010101">
    <MapTiles>
      <MapTile TileID="15835" AltIDMod="0" />
    </MapTiles>
    <StaticTiles />
  </TransInfo>
  <TransInfo Description="Grass to Swamp" HashKey="010129010129012929">
    <MapTiles>
      <MapTile TileID="15845" AltIDMod="0" />
    </MapTiles>
    <StaticTiles />
  </TransInfo>
  <TransInfo Description="Grass to Swamp" HashKey="012929290129010129">
    <MapTiles>
      <MapTile TileID="15849" AltIDMod="0" />
      <MapTile TileID="15850" AltIDMod="0" />
      <MapTile TileID="15851" AltIDMod="0" />
      <MapTile TileID="15852" AltIDMod="0" />
    </MapTiles>
    <StaticTiles />
  </TransInfo>
  <TransInfo Description="Grass to Swamp" HashKey="292929010129290101">
    <MapTiles>
      <MapTile TileID="15849" AltIDMod="0" />
      <MapTile TileID="15850" AltIDMod="0" />
      <MapTile TileID="15851" AltIDMod="0" />
      <MapTile TileID="15852" AltIDMod="0" />
    </MapTiles>
    <StaticTiles />
  </TransInfo>
  <TransInfo Description="Grass to Swamp" HashKey="010101290129292901">
    <MapTiles>
      <MapTile TileID="15849" AltIDMod="0" />
      <MapTile TileID="15850" AltIDMod="0" />
      <MapTile TileID="15851" AltIDMod="0" />
      <MapTile TileID="15852" AltIDMod="0" />
    </MapTiles>
    <StaticTiles />
  </TransInfo>
  <TransInfo Description="Grass to Swamp" HashKey="290101290129290101">
    <MapTiles>
      <MapTile TileID="15849" AltIDMod="0" />
      <MapTile TileID="15850" AltIDMod="0" />
      <MapTile TileID="15851" AltIDMod="0" />
      <MapTile TileID="15852" AltIDMod="0" />
    </MapTiles>
    <StaticTiles />
  </TransInfo>
  <TransInfo Description="Grass to Swamp" HashKey="290101290101010129">
    <MapTiles>
      <MapTile TileID="15843" AltIDMod="0" />
    </MapTiles>
    <StaticTiles />
  </TransInfo>
  <TransInfo Description="Grass to Swamp" HashKey="290129010101012901">
    <MapTiles>
      <MapTile TileID="15849" AltIDMod="0" />
      <MapTile TileID="15850" AltIDMod="0" />
      <MapTile TileID="15851" AltIDMod="0" />
      <MapTile TileID="15852" AltIDMod="0" />
    </MapTiles>
    <StaticTiles />
  </TransInfo>
  <TransInfo Description="Grass to Swamp" HashKey="010129010101010101">
    <MapTiles>
      <MapTile TileID="15831" AltIDMod="0" />
    </MapTiles>
    <StaticTiles />
  </TransInfo>
  <TransInfo Description="Grass to Swamp" HashKey="290129010129292929">
    <MapTiles>
      <MapTile TileID="15849" AltIDMod="0" />
      <MapTile TileID="15850" AltIDMod="0" />
      <MapTile TileID="15851" AltIDMod="0" />
      <MapTile TileID="15852" AltIDMod="0" />
    </MapTiles>
    <StaticTiles />
  </TransInfo>
  <TransInfo Description="Grass to Swamp" HashKey="012901290129290129">
    <MapTiles>
      <MapTile TileID="15849" AltIDMod="0" />
      <MapTile TileID="15850" AltIDMod="0" />
      <MapTile TileID="15851" AltIDMod="0" />
      <MapTile TileID="15852" AltIDMod="0" />
    </MapTiles>
    <StaticTiles />
  </TransInfo>
  <TransInfo Description="Grass to Swamp" HashKey="292929290101012901">
    <MapTiles>
      <MapTile TileID="15849" AltIDMod="0" />
      <MapTile TileID="15850" AltIDMod="0" />
      <MapTile TileID="15851" AltIDMod="0" />
      <MapTile TileID="15852" AltIDMod="0" />
    </MapTiles>
    <StaticTiles />
  </TransInfo>
  <TransInfo Description="Grass to Swamp" HashKey="292901010101292929">
    <MapTiles>
      <MapTile TileID="15849" AltIDMod="0" />
      <MapTile TileID="15850" AltIDMod="0" />
      <MapTile TileID="15851" AltIDMod="0" />
      <MapTile TileID="15852" AltIDMod="0" />
    </MapTiles>
    <StaticTiles />
  </TransInfo>
  <TransInfo Description="Grass to Swamp" HashKey="012929010129292901">
    <MapTiles>
      <MapTile TileID="15849" AltIDMod="0" />
      <MapTile TileID="15850" AltIDMod="0" />
      <MapTile TileID="15851" AltIDMod="0" />
      <MapTile TileID="15852" AltIDMod="0" />
    </MapTiles>
    <StaticTiles />
  </TransInfo>
  <TransInfo Description="Grass to Swamp" HashKey="010129290129292901">
    <MapTiles>
      <MapTile TileID="15849" AltIDMod="0" />
      <MapTile TileID="15850" AltIDMod="0" />
      <MapTile TileID="15851" AltIDMod="0" />
      <MapTile TileID="15852" AltIDMod="0" />
    </MapTiles>
    <StaticTiles />
  </TransInfo>
  <TransInfo Description="Grass to Swamp" HashKey="010101010129012929">
    <MapTiles>
      <MapTile TileID="15845" AltIDMod="0" />
    </MapTiles>
    <StaticTiles />
  </TransInfo>
  <TransInfo Description="Grass to Swamp" HashKey="290101010129290101">
    <MapTiles>
      <MapTile TileID="15849" AltIDMod="0" />
      <MapTile TileID="15850" AltIDMod="0" />
      <MapTile TileID="15851" AltIDMod="0" />
      <MapTile TileID="15852" AltIDMod="0" />
    </MapTiles>
    <StaticTiles />
  </TransInfo>
  <TransInfo Description="Grass to Swamp" HashKey="012929290129292901">
    <MapTiles>
      <MapTile TileID="15849" AltIDMod="0" />
      <MapTile TileID="15850" AltIDMod="0" />
      <MapTile TileID="15851" AltIDMod="0" />
      <MapTile TileID="15852" AltIDMod="0" />
    </MapTiles>
    <StaticTiles />
  </TransInfo>
  <TransInfo Description="Grass to Swamp" HashKey="012901010129010101">
    <MapTiles>
      <MapTile TileID="15844" AltIDMod="0" />
    </MapTiles>
    <StaticTiles />
  </TransInfo>
  <TransInfo Description="Grass to Swamp" HashKey="292901010101292901">
    <MapTiles>
      <MapTile TileID="15849" AltIDMod="0" />
      <MapTile TileID="15850" AltIDMod="0" />
      <MapTile TileID="15851" AltIDMod="0" />
      <MapTile TileID="15852" AltIDMod="0" />
    </MapTiles>
    <StaticTiles />
  </TransInfo>
  <TransInfo Description="Grass to Swamp" HashKey="290129290101292929">
    <MapTiles>
      <MapTile TileID="15849" AltIDMod="0" />
      <MapTile TileID="15850" AltIDMod="0" />
      <MapTile TileID="15851" AltIDMod="0" />
      <MapTile TileID="15852" AltIDMod="0" />
    </MapTiles>
    <StaticTiles />
  </TransInfo>
  <TransInfo Description="Grass to Swamp" HashKey="292929010101292929">
    <MapTiles>
      <MapTile TileID="15849" AltIDMod="0" />
      <MapTile TileID="15850" AltIDMod="0" />
      <MapTile TileID="15851" AltIDMod="0" />
      <MapTile TileID="15852" AltIDMod="0" />
    </MapTiles>
    <StaticTiles />
  </TransInfo>
  <TransInfo Description="Grass to Swamp" HashKey="012901010101010101">
    <MapTiles>
      <MapTile TileID="15841" AltIDMod="0" />
    </MapTiles>
    <StaticTiles />
  </TransInfo>
  <TransInfo Description="Grass to Swamp" HashKey="292929010129012901">
    <MapTiles>
      <MapTile TileID="15849" AltIDMod="0" />
      <MapTile TileID="15850" AltIDMod="0" />
      <MapTile TileID="15851" AltIDMod="0" />
      <MapTile TileID="15852" AltIDMod="0" />
    </MapTiles>
    <StaticTiles />
  </TransInfo>
  <TransInfo Description="Grass to Swamp" HashKey="010101290129010101">
    <MapTiles>
      <MapTile TileID="15849" AltIDMod="0" />
      <MapTile TileID="15850" AltIDMod="0" />
      <MapTile TileID="15851" AltIDMod="0" />
      <MapTile TileID="15852" AltIDMod="0" />
    </MapTiles>
    <StaticTiles />
  </TransInfo>
  <TransInfo Description="Grass to Swamp" HashKey="290129010129290101">
    <MapTiles>
      <MapTile TileID="15849" AltIDMod="0" />
      <MapTile TileID="15850" AltIDMod="0" />
      <MapTile TileID="15851" AltIDMod="0" />
      <MapTile TileID="15852" AltIDMod="0" />
    </MapTiles>
    <StaticTiles />
  </TransInfo>
  <TransInfo Description="Grass to Swamp" HashKey="012901290129012901">
    <MapTiles>
      <MapTile TileID="15849" AltIDMod="0" />
      <MapTile TileID="15850" AltIDMod="0" />
      <MapTile TileID="15851" AltIDMod="0" />
      <MapTile TileID="15852" AltIDMod="0" />
    </MapTiles>
    <StaticTiles />
  </TransInfo>
  <TransInfo Description="Grass to Swamp" HashKey="010129010101292901">
    <MapTiles>
      <MapTile TileID="15845" AltIDMod="0" />
    </MapTiles>
    <StaticTiles />
  </TransInfo>
  <TransInfo Description="Grass to Swamp" HashKey="010101290101012929">
    <MapTiles>
      <MapTile TileID="15843" AltIDMod="0" />
    </MapTiles>
    <StaticTiles />
  </TransInfo>
  <TransInfo Description="Grass to Swamp" HashKey="292929010101010129">
    <MapTiles>
      <MapTile TileID="15844" AltIDMod="0" />
    </MapTiles>
    <StaticTiles />
  </TransInfo>
  <TransInfo Description="Grass to Swamp" HashKey="012929010129010129">
    <MapTiles>
      <MapTile TileID="15844" AltIDMod="0" />
    </MapTiles>
    <StaticTiles />
  </TransInfo>
  <TransInfo Description="Grass to Swamp" HashKey="010129290129010129">
    <MapTiles>
      <MapTile TileID="15849" AltIDMod="0" />
      <MapTile TileID="15850" AltIDMod="0" />
      <MapTile TileID="15851" AltIDMod="0" />
      <MapTile TileID="15852" AltIDMod="0" />
    </MapTiles>
    <StaticTiles />
  </TransInfo>
  <TransInfo Description="Grass to Swamp" HashKey="292901010101010129">
    <MapTiles>
      <MapTile TileID="15844" AltIDMod="0" />
    </MapTiles>
    <StaticTiles />
  </TransInfo>
  <TransInfo Description="Grass to Swamp" HashKey="010101290101010129">
    <MapTiles>
      <MapTile TileID="15843" AltIDMod="0" />
    </MapTiles>
    <StaticTiles />
  </TransInfo>
  <TransInfo Description="Grass to Swamp" HashKey="010101010129290129">
    <MapTiles>
      <MapTile TileID="15845" AltIDMod="0" />
    </MapTiles>
    <StaticTiles />
  </TransInfo>
  <TransInfo Description="Grass to Swamp" HashKey="290101010129012901">
    <MapTiles>
      <MapTile TileID="15849" AltIDMod="0" />
      <MapTile TileID="15850" AltIDMod="0" />
      <MapTile TileID="15851" AltIDMod="0" />
      <MapTile TileID="15852" AltIDMod="0" />
    </MapTiles>
    <StaticTiles />
  </TransInfo>
  <TransInfo Description="Grass to Swamp" HashKey="012929290129010101">
    <MapTiles>
      <MapTile TileID="15849" AltIDMod="0" />
      <MapTile TileID="15850" AltIDMod="0" />
      <MapTile TileID="15851" AltIDMod="0" />
      <MapTile TileID="15852" AltIDMod="0" />
    </MapTiles>
    <StaticTiles />
  </TransInfo>
  <TransInfo Description="Grass to Swamp" HashKey="292929010129290129">
    <MapTiles>
      <MapTile TileID="15849" AltIDMod="0" />
      <MapTile TileID="15850" AltIDMod="0" />
      <MapTile TileID="15851" AltIDMod="0" />
      <MapTile TileID="15852" AltIDMod="0" />
    </MapTiles>
    <StaticTiles />
  </TransInfo>
  <TransInfo Description="Grass to Swamp" HashKey="290129290129292929">
    <MapTiles>
      <MapTile TileID="15849" AltIDMod="0" />
      <MapTile TileID="15850" AltIDMod="0" />
      <MapTile TileID="15851" AltIDMod="0" />
      <MapTile TileID="15852" AltIDMod="0" />
    </MapTiles>
    <StaticTiles />
  </TransInfo>
  <TransInfo Description="Grass to Swamp" HashKey="010101290101292901">
    <MapTiles>
      <MapTile TileID="15843" AltIDMod="0" />
    </MapTiles>
    <StaticTiles />
  </TransInfo>
  <TransInfo Description="Grass to Swamp" HashKey="290129010101012929">
    <MapTiles>
      <MapTile TileID="15849" AltIDMod="0" />
      <MapTile TileID="15850" AltIDMod="0" />
      <MapTile TileID="15851" AltIDMod="0" />
      <MapTile TileID="15852" AltIDMod="0" />
    </MapTiles>
    <StaticTiles />
  </TransInfo>
  <TransInfo Description="Grass to Swamp" HashKey="012901010101292901">
    <MapTiles>
      <MapTile TileID="15849" AltIDMod="0" />
      <MapTile TileID="15850" AltIDMod="0" />
      <MapTile TileID="15851" AltIDMod="0" />
      <MapTile TileID="15852" AltIDMod="0" />
    </MapTiles>
    <StaticTiles />
  </TransInfo>
  <TransInfo Description="Grass to Swamp" HashKey="292901290101290101">
    <MapTiles>
      <MapTile TileID="15846" AltIDMod="0" />
    </MapTiles>
    <StaticTiles />
  </TransInfo>
  <TransInfo Description="Grass to Swamp" HashKey="012929290101012929">
    <MapTiles>
      <MapTile TileID="15849" AltIDMod="0" />
      <MapTile TileID="15850" AltIDMod="0" />
      <MapTile TileID="15851" AltIDMod="0" />
      <MapTile TileID="15852" AltIDMod="0" />
    </MapTiles>
    <StaticTiles />
  </TransInfo>
  <TransInfo Description="Grass to Swamp" HashKey="292901290129290101">
    <MapTiles>
      <MapTile TileID="15849" AltIDMod="0" />
      <MapTile TileID="15850" AltIDMod="0" />
      <MapTile TileID="15851" AltIDMod="0" />
      <MapTile TileID="15852" AltIDMod="0" />
    </MapTiles>
    <StaticTiles />
  </TransInfo>
  <TransInfo Description="Grass to Swamp" HashKey="290129290101010129">
    <MapTiles>
      <MapTile TileID="15849" AltIDMod="0" />
      <MapTile TileID="15850" AltIDMod="0" />
      <MapTile TileID="15851" AltIDMod="0" />
      <MapTile TileID="15852" AltIDMod="0" />
    </MapTiles>
    <StaticTiles />
  </TransInfo>
  <TransInfo Description="Grass to Swamp" HashKey="010129010101010129">
    <MapTiles>
      <MapTile TileID="15838" AltIDMod="0" />
    </MapTiles>
    <StaticTiles />
  </TransInfo>
  <TransInfo Description="Grass to Swamp" HashKey="012901290129290101">
    <MapTiles>
      <MapTile TileID="15849" AltIDMod="0" />
      <MapTile TileID="15850" AltIDMod="0" />
      <MapTile TileID="15851" AltIDMod="0" />
      <MapTile TileID="15852" AltIDMod="0" />
    </MapTiles>
    <StaticTiles />
  </TransInfo>
  <TransInfo Description="Grass to Swamp" HashKey="292929290101012929">
    <MapTiles>
      <MapTile TileID="15849" AltIDMod="0" />
      <MapTile TileID="15850" AltIDMod="0" />
      <MapTile TileID="15851" AltIDMod="0" />
      <MapTile TileID="15852" AltIDMod="0" />
    </MapTiles>
    <StaticTiles />
  </TransInfo>
  <TransInfo Description="Grass to Swamp" HashKey="012901290101290101">
    <MapTiles>
      <MapTile TileID="15846" AltIDMod="0" />
    </MapTiles>
    <StaticTiles />
  </TransInfo>
  <TransInfo Description="Grass to Swamp" HashKey="010101290101290129">
    <MapTiles>
      <MapTile TileID="15843" AltIDMod="0" />
    </MapTiles>
    <StaticTiles />
  </TransInfo>
  <TransInfo Description="Grass to Swamp" HashKey="012929010129292929">
    <MapTiles>
      <MapTile TileID="15849" AltIDMod="0" />
      <MapTile TileID="15850" AltIDMod="0" />
      <MapTile TileID="15851" AltIDMod="0" />
      <MapTile TileID="15852" AltIDMod="0" />
    </MapTiles>
    <StaticTiles />
  </TransInfo>
  <TransInfo Description="Grass to Swamp" HashKey="010129290129292929">
    <MapTiles>
      <MapTile TileID="15849" AltIDMod="0" />
      <MapTile TileID="15850" AltIDMod="0" />
      <MapTile TileID="15851" AltIDMod="0" />
      <MapTile TileID="15852" AltIDMod="0" />
    </MapTiles>
    <StaticTiles />
  </TransInfo>
  <TransInfo Description="Grass to Swamp" HashKey="010129290101012901">
    <MapTiles>
      <MapTile TileID="15849" AltIDMod="0" />
      <MapTile TileID="15850" AltIDMod="0" />
      <MapTile TileID="15851" AltIDMod="0" />
      <MapTile TileID="15852" AltIDMod="0" />
    </MapTiles>
    <StaticTiles />
  </TransInfo>
  <TransInfo Description="Grass to Swamp" HashKey="010101010129012901">
    <MapTiles>
      <MapTile TileID="15845" AltIDMod="0" />
    </MapTiles>
    <StaticTiles />
  </TransInfo>
  <TransInfo Description="Grass to Swamp" HashKey="010129010101290101">
    <MapTiles>
      <MapTile TileID="1" AltIDMod="0" />
    </MapTiles>
    <StaticTiles />
  </TransInfo>
  <TransInfo Description="Grass to Swamp" HashKey="010101010101292929">
    <MapTiles>
      <MapTile TileID="15839" AltIDMod="0" />
    </MapTiles>
    <StaticTiles />
  </TransInfo>
  <TransInfo Description="Grass to Swamp" HashKey="292929290129012901">
    <MapTiles>
      <MapTile TileID="15849" AltIDMod="0" />
      <MapTile TileID="15850" AltIDMod="0" />
      <MapTile TileID="15851" AltIDMod="0" />
      <MapTile TileID="15852" AltIDMod="0" />
    </MapTiles>
    <StaticTiles />
  </TransInfo>
  <TransInfo Description="Grass to Swamp" HashKey="012901010101010129">
    <MapTiles>
      <MapTile TileID="15844" AltIDMod="0" />
    </MapTiles>
    <StaticTiles />
  </TransInfo>
  <TransInfo Description="Grass to Swamp" HashKey="292929010129012929">
    <MapTiles>
      <MapTile TileID="15849" AltIDMod="0" />
      <MapTile TileID="15850" AltIDMod="0" />
      <MapTile TileID="15851" AltIDMod="0" />
      <MapTile TileID="15852" AltIDMod="0" />
    </MapTiles>
    <StaticTiles />
  </TransInfo>
  <TransInfo Description="Grass to Swamp" HashKey="012901010129290101">
    <MapTiles>
      <MapTile TileID="15849" AltIDMod="0" />
      <MapTile TileID="15850" AltIDMod="0" />
      <MapTile TileID="15851" AltIDMod="0" />
      <MapTile TileID="15852" AltIDMod="0" />
    </MapTiles>
    <StaticTiles />
  </TransInfo>
  <TransInfo Description="Grass to Swamp" HashKey="012901290101012901">
    <MapTiles>
      <MapTile TileID="15849" AltIDMod="0" />
      <MapTile TileID="15850" AltIDMod="0" />
      <MapTile TileID="15851" AltIDMod="0" />
      <MapTile TileID="15852" AltIDMod="0" />
    </MapTiles>
    <StaticTiles />
  </TransInfo>
  <TransInfo Description="Grass to Swamp" HashKey="292929010101012929">
    <MapTiles>
      <MapTile TileID="15849" AltIDMod="0" />
      <MapTile TileID="15850" AltIDMod="0" />
      <MapTile TileID="15851" AltIDMod="0" />
      <MapTile TileID="15852" AltIDMod="0" />
    </MapTiles>
    <StaticTiles />
  </TransInfo>
  <TransInfo Description="Grass to Swamp" HashKey="290129290129012901">
    <MapTiles>
      <MapTile TileID="15849" AltIDMod="0" />
      <MapTile TileID="15850" AltIDMod="0" />
      <MapTile TileID="15851" AltIDMod="0" />
      <MapTile TileID="15852" AltIDMod="0" />
    </MapTiles>
    <StaticTiles />
  </TransInfo>
  <TransInfo Description="Grass to Swamp" HashKey="292901010101010101">
    <MapTiles>
      <MapTile TileID="15841" AltIDMod="0" />
    </MapTiles>
    <StaticTiles />
  </TransInfo>
  <TransInfo Description="Grass to Swamp" HashKey="010129010101292929">
    <MapTiles>
      <MapTile TileID="15845" AltIDMod="0" />
    </MapTiles>
    <StaticTiles />
  </TransInfo>
  <TransInfo Description="Grass to Swamp" HashKey="012929290101290129">
    <MapTiles>
      <MapTile TileID="15849" AltIDMod="0" />
      <MapTile TileID="15850" AltIDMod="0" />
      <MapTile TileID="15851" AltIDMod="0" />
      <MapTile TileID="15852" AltIDMod="0" />
    </MapTiles>
    <StaticTiles />
  </TransInfo>
  <TransInfo Description="Grass to Swamp" HashKey="010101290101012901">
    <MapTiles>
      <MapTile TileID="15843" AltIDMod="0" />
    </MapTiles>
    <StaticTiles />
  </TransInfo>
  <TransInfo Description="Grass to Swamp" HashKey="010129010129012901">
    <MapTiles>
      <MapTile TileID="15845" AltIDMod="0" />
    </MapTiles>
    <StaticTiles />
  </TransInfo>
  <TransInfo Description="Grass to Swamp" HashKey="290101290129292929">
    <MapTiles>
      <MapTile TileID="15849" AltIDMod="0" />
      <MapTile TileID="15850" AltIDMod="0" />
      <MapTile TileID="15851" AltIDMod="0" />
      <MapTile TileID="15852" AltIDMod="0" />
    </MapTiles>
    <StaticTiles />
  </TransInfo>
  <TransInfo Description="Grass to Swamp" HashKey="290101290129010101">
    <MapTiles>
      <MapTile TileID="15849" AltIDMod="0" />
      <MapTile TileID="15850" AltIDMod="0" />
      <MapTile TileID="15851" AltIDMod="0" />
      <MapTile TileID="15852" AltIDMod="0" />
    </MapTiles>
    <StaticTiles />
  </TransInfo>
  <TransInfo Description="Grass to Swamp" HashKey="010129290101290129">
    <MapTiles>
      <MapTile TileID="15849" AltIDMod="0" />
      <MapTile TileID="15850" AltIDMod="0" />
      <MapTile TileID="15851" AltIDMod="0" />
      <MapTile TileID="15852" AltIDMod="0" />
    </MapTiles>
    <StaticTiles />
  </TransInfo>
  <TransInfo Description="Grass to Swamp" HashKey="012929010101292929">
    <MapTiles>
      <MapTile TileID="15849" AltIDMod="0" />
      <MapTile TileID="15850" AltIDMod="0" />
      <MapTile TileID="15851" AltIDMod="0" />
      <MapTile TileID="15852" AltIDMod="0" />
    </MapTiles>
    <StaticTiles />
  </TransInfo>
  <TransInfo Description="Grass to Swamp" HashKey="290101010101010101">
    <MapTiles>
      <MapTile TileID="15832" AltIDMod="0" />
    </MapTiles>
    <StaticTiles />
  </TransInfo>
  <TransInfo Description="Grass to Swamp" HashKey="290129290101290129">
    <MapTiles>
      <MapTile TileID="15849" AltIDMod="0" />
      <MapTile TileID="15850" AltIDMod="0" />
      <MapTile TileID="15851" AltIDMod="0" />
      <MapTile TileID="15852" AltIDMod="0" />
    </MapTiles>
    <StaticTiles />
  </TransInfo>
  <TransInfo Description="Grass to Swamp" HashKey="010101010101012901">
    <MapTiles>
      <MapTile TileID="15839" AltIDMod="0" />
    </MapTiles>
    <StaticTiles />
  </TransInfo>
  <TransInfo Description="Grass to Swamp" HashKey="292929290129292901">
    <MapTiles>
      <MapTile TileID="15849" AltIDMod="0" />
      <MapTile TileID="15850" AltIDMod="0" />
      <MapTile TileID="15851" AltIDMod="0" />
      <MapTile TileID="15852" AltIDMod="0" />
    </MapTiles>
    <StaticTiles />
  </TransInfo>
  <TransInfo Description="Grass to Swamp" HashKey="010101010129290101">
    <MapTiles>
      <MapTile TileID="15845" AltIDMod="0" />
    </MapTiles>
    <StaticTiles />
  </TransInfo>
  <TransInfo Description="Grass to Swamp" HashKey="012929290129012929">
    <MapTiles>
      <MapTile TileID="15849" AltIDMod="0" />
      <MapTile TileID="15850" AltIDMod="0" />
      <MapTile TileID="15851" AltIDMod="0" />
      <MapTile TileID="15852" AltIDMod="0" />
    </MapTiles>
    <StaticTiles />
  </TransInfo>
  <TransInfo Description="Grass to Swamp" HashKey="290129290129292901">
    <MapTiles>
      <MapTile TileID="15849" AltIDMod="0" />
      <MapTile TileID="15850" AltIDMod="0" />
      <MapTile TileID="15851" AltIDMod="0" />
      <MapTile TileID="15852" AltIDMod="0" />
    </MapTiles>
    <StaticTiles />
  </TransInfo>
  <TransInfo Description="Grass to Swamp" HashKey="010101290101292929">
    <MapTiles>
      <MapTile TileID="15843" AltIDMod="0" />
    </MapTiles>
    <StaticTiles />
  </TransInfo>
  <TransInfo Description="Grass to Swamp" HashKey="290129290129290101">
    <MapTiles>
      <MapTile TileID="15849" AltIDMod="0" />
      <MapTile TileID="15850" AltIDMod="0" />
      <MapTile TileID="15851" AltIDMod="0" />
      <MapTile TileID="15852" AltIDMod="0" />
    </MapTiles>
    <StaticTiles />
  </TransInfo>
  <TransInfo Description="Grass to Swamp" HashKey="012901010101292929">
    <MapTiles>
      <MapTile TileID="15849" AltIDMod="0" />
      <MapTile TileID="15850" AltIDMod="0" />
      <MapTile TileID="15851" AltIDMod="0" />
      <MapTile TileID="15852" AltIDMod="0" />
    </MapTiles>
    <StaticTiles />
  </TransInfo>
  <TransInfo Description="Grass to Swamp" HashKey="012901010129012901">
    <MapTiles>
      <MapTile TileID="15849" AltIDMod="0" />
      <MapTile TileID="15850" AltIDMod="0" />
      <MapTile TileID="15851" AltIDMod="0" />
      <MapTile TileID="15852" AltIDMod="0" />
    </MapTiles>
    <StaticTiles />
  </TransInfo>
  <TransInfo Description="Grass to Swamp" HashKey="012929290101012901">
    <MapTiles>
      <MapTile TileID="15849" AltIDMod="0" />
      <MapTile TileID="15850" AltIDMod="0" />
      <MapTile TileID="15851" AltIDMod="0" />
      <MapTile TileID="15852" AltIDMod="0" />
    </MapTiles>
    <StaticTiles />
  </TransInfo>
  <TransInfo Description="Grass to Swamp" HashKey="292901290129010101">
    <MapTiles>
      <MapTile TileID="15849" AltIDMod="0" />
      <MapTile TileID="15850" AltIDMod="0" />
      <MapTile TileID="15851" AltIDMod="0" />
      <MapTile TileID="15852" AltIDMod="0" />
    </MapTiles>
    <StaticTiles />
  </TransInfo>
  <TransInfo Description="Grass to Swamp" HashKey="010129010129292929">
    <MapTiles>
      <MapTile TileID="15845" AltIDMod="0" />
    </MapTiles>
    <StaticTiles />
  </TransInfo>
  <TransInfo Description="Grass to Swamp" HashKey="290101290129012929">
    <MapTiles>
      <MapTile TileID="15849" AltIDMod="0" />
      <MapTile TileID="15850" AltIDMod="0" />
      <MapTile TileID="15851" AltIDMod="0" />
      <MapTile TileID="15852" AltIDMod="0" />
    </MapTiles>
    <StaticTiles />
  </TransInfo>
  <TransInfo Description="Grass to Swamp" HashKey="292901290129290129">
    <MapTiles>
      <MapTile TileID="15849" AltIDMod="0" />
      <MapTile TileID="15850" AltIDMod="0" />
      <MapTile TileID="15851" AltIDMod="0" />
      <MapTile TileID="15852" AltIDMod="0" />
    </MapTiles>
    <StaticTiles />
  </TransInfo>
  <TransInfo Description="Grass to Swamp" HashKey="012901290101290129">
    <MapTiles>
      <MapTile TileID="15849" AltIDMod="0" />
      <MapTile TileID="15850" AltIDMod="0" />
      <MapTile TileID="15851" AltIDMod="0" />
      <MapTile TileID="15852" AltIDMod="0" />
    </MapTiles>
    <StaticTiles />
  </TransInfo>
  <TransInfo Description="Grass to Swamp" HashKey="010101290101290101">
    <MapTiles>
      <MapTile TileID="15835" AltIDMod="0" />
    </MapTiles>
    <StaticTiles />
  </TransInfo>
  <TransInfo Description="Grass to Swamp" HashKey="010101290129290101">
    <MapTiles>
      <MapTile TileID="15849" AltIDMod="0" />
      <MapTile TileID="15850" AltIDMod="0" />
      <MapTile TileID="15851" AltIDMod="0" />
      <MapTile TileID="15852" AltIDMod="0" />
    </MapTiles>
    <StaticTiles />
  </TransInfo>
  <TransInfo Description="Grass to Swamp" HashKey="292929010101012901">
    <MapTiles>
      <MapTile TileID="15849" AltIDMod="0" />
      <MapTile TileID="15850" AltIDMod="0" />
      <MapTile TileID="15851" AltIDMod="0" />
      <MapTile TileID="15852" AltIDMod="0" />
    </MapTiles>
    <StaticTiles />
  </TransInfo>
  <TransInfo Description="Grass to Swamp" HashKey="290101290129292901">
    <MapTiles>
      <MapTile TileID="15849" AltIDMod="0" />
      <MapTile TileID="15850" AltIDMod="0" />
      <MapTile TileID="15851" AltIDMod="0" />
      <MapTile TileID="15852" AltIDMod="0" />
    </MapTiles>
    <StaticTiles />
  </TransInfo>
  <TransInfo Description="Grass to Swamp" HashKey="010129290101012929">
    <MapTiles>
      <MapTile TileID="15849" AltIDMod="0" />
      <MapTile TileID="15850" AltIDMod="0" />
      <MapTile TileID="15851" AltIDMod="0" />
      <MapTile TileID="15852" AltIDMod="0" />
    </MapTiles>
    <StaticTiles />
  </TransInfo>
  <TransInfo Description="Grass to Swamp" HashKey="012929010101010129">
    <MapTiles>
      <MapTile TileID="15844" AltIDMod="0" />
    </MapTiles>
    <StaticTiles />
  </TransInfo>
  <TransInfo Description="Grass to Swamp" HashKey="010101010101292901">
    <MapTiles>
      <MapTile TileID="15839" AltIDMod="0" />
    </MapTiles>
    <StaticTiles />
  </TransInfo>
  <TransInfo Description="Grass to Swamp" HashKey="292901010129290129">
    <MapTiles>
      <MapTile TileID="15849" AltIDMod="0" />
      <MapTile TileID="15850" AltIDMod="0" />
      <MapTile TileID="15851" AltIDMod="0" />
      <MapTile TileID="15852" AltIDMod="0" />
    </MapTiles>
    <StaticTiles />
  </TransInfo>
  <TransInfo Description="Grass to Swamp" HashKey="012901010129290129">
    <MapTiles>
      <MapTile TileID="15849" AltIDMod="0" />
      <MapTile TileID="15850" AltIDMod="0" />
      <MapTile TileID="15851" AltIDMod="0" />
      <MapTile TileID="15852" AltIDMod="0" />
    </MapTiles>
    <StaticTiles />
  </TransInfo>
  <TransInfo Description="Grass to Swamp" HashKey="290129290101012901">
    <MapTiles>
      <MapTile TileID="15849" AltIDMod="0" />
      <MapTile TileID="15850" AltIDMod="0" />
      <MapTile TileID="15851" AltIDMod="0" />
      <MapTile TileID="15852" AltIDMod="0" />
    </MapTiles>
    <StaticTiles />
  </TransInfo>
  <TransInfo Description="Grass to Swamp" HashKey="012901290101012929">
    <MapTiles>
      <MapTile TileID="15849" AltIDMod="0" />
      <MapTile TileID="15850" AltIDMod="0" />
      <MapTile TileID="15851" AltIDMod="0" />
      <MapTile TileID="15852" AltIDMod="0" />
    </MapTiles>
    <StaticTiles />
  </TransInfo>
  <TransInfo Description="Grass to Swamp" HashKey="290101010101292901">
    <MapTiles>
      <MapTile TileID="15843" AltIDMod="0" />
    </MapTiles>
    <StaticTiles />
  </TransInfo>
  <TransInfo Description="Grass to Swamp" HashKey="012929290101290101">
    <MapTiles>
      <MapTile TileID="15846" AltIDMod="0" />
    </MapTiles>
    <StaticTiles />
  </TransInfo>
  <TransInfo Description="Grass to Swamp" HashKey="012929290129290101">
    <MapTiles>
      <MapTile TileID="15849" AltIDMod="0" />
      <MapTile TileID="15850" AltIDMod="0" />
      <MapTile TileID="15851" AltIDMod="0" />
      <MapTile TileID="15852" AltIDMod="0" />
    </MapTiles>
    <StaticTiles />
  </TransInfo>
</Trans>