﻿<?xml version="1.0" encoding="utf-8"?>
<Trans>
  <TransInfo Description="Grass to Goblin Forest Vyseky" HashKey="480101010101014848">
    <MapTiles>
      <MapTile TileID="214" AltIDMod="0" />
    </MapTiles>
    <StaticTiles />
  </TransInfo>
  <TransInfo Description="Grass to Goblin Forest Vyseky" HashKey="480101010101484801">
    <MapTiles>
      <MapTile TileID="214" AltIDMod="0" />
    </MapTiles>
    <StaticTiles />
  </TransInfo>
  <TransInfo Description="Grass to Goblin Forest Vyseky" HashKey="484801010101010148">
    <MapTiles>
      <MapTile TileID="215" AltIDMod="0" />
    </MapTiles>
    <StaticTiles />
  </TransInfo>
  <TransInfo Description="Grass to Goblin Forest Vyseky" HashKey="014848010101010148">
    <MapTiles>
      <MapTile TileID="215" AltIDMod="0" />
    </MapTiles>
    <StaticTiles />
  </TransInfo>
  <TransInfo Description="Grass to Goblin Forest Vyseky" HashKey="010101010101014848">
    <MapTiles>
      <MapTile TileID="208" AltIDMod="0" />
      <MapTile TileID="209" AltIDMod="0" />
    </MapTiles>
    <StaticTiles />
  </TransInfo>
  <TransInfo Description="Grass to Goblin Forest Vyseky" HashKey="014801010101010148">
    <MapTiles>
      <MapTile TileID="215" AltIDMod="0" />
    </MapTiles>
    <StaticTiles />
  </TransInfo>
  <TransInfo Description="Grass to Goblin Forest Vyseky" HashKey="480148010101480101">
    <MapTiles>
      <MapTile TileID="212" AltIDMod="0" />
    </MapTiles>
    <StaticTiles />
  </TransInfo>
  <TransInfo Description="Grass to Goblin Forest Vyseky" HashKey="010148480101010101">
    <MapTiles>
      <MapTile TileID="212" AltIDMod="0" />
    </MapTiles>
    <StaticTiles />
  </TransInfo>
  <TransInfo Description="Grass to Goblin Forest Vyseky" HashKey="480101010101484848">
    <MapTiles>
      <MapTile TileID="214" AltIDMod="0" />
    </MapTiles>
    <StaticTiles />
  </TransInfo>
  <TransInfo Description="Grass to Goblin Forest Vyseky" HashKey="480148010101010101">
    <MapTiles>
      <MapTile TileID="200" AltIDMod="0" />
      <MapTile TileID="201" AltIDMod="0" />
    </MapTiles>
    <StaticTiles />
  </TransInfo>
  <TransInfo Description="Grass to Goblin Forest Vyseky" HashKey="480101480101010148">
    <MapTiles>
      <MapTile TileID="214" AltIDMod="0" />
    </MapTiles>
    <StaticTiles />
  </TransInfo>
  <TransInfo Description="Grass to Goblin Forest Vyseky" HashKey="014801010101480101">
    <MapTiles>
      <MapTile TileID="212" AltIDMod="0" />
    </MapTiles>
    <StaticTiles />
  </TransInfo>
  <TransInfo Description="Grass to Goblin Forest Vyseky" HashKey="010101010148014801">
    <MapTiles>
      <MapTile TileID="213" AltIDMod="0" />
    </MapTiles>
    <StaticTiles />
  </TransInfo>
  <TransInfo Description="Grass to Goblin Forest Vyseky" HashKey="480101480101014848">
    <MapTiles>
      <MapTile TileID="214" AltIDMod="0" />
    </MapTiles>
    <StaticTiles />
  </TransInfo>
  <TransInfo Description="Grass to Goblin Forest Vyseky" HashKey="010148010101014801">
    <MapTiles>
      <MapTile TileID="213" AltIDMod="0" />
    </MapTiles>
    <StaticTiles />
  </TransInfo>
  <TransInfo Description="Grass to Goblin Forest Vyseky" HashKey="010101480101484801">
    <MapTiles>
      <MapTile TileID="214" AltIDMod="0" />
    </MapTiles>
    <StaticTiles />
  </TransInfo>
  <TransInfo Description="Grass to Goblin Forest Vyseky" HashKey="480148480101480101">
    <MapTiles>
      <MapTile TileID="212" AltIDMod="0" />
    </MapTiles>
    <StaticTiles />
  </TransInfo>
  <TransInfo Description="Grass to Goblin Forest Vyseky" HashKey="010148010148010148">
    <MapTiles>
      <MapTile TileID="206" AltIDMod="0" />
      <MapTile TileID="207" AltIDMod="0" />
    </MapTiles>
    <StaticTiles />
  </TransInfo>
  <TransInfo Description="Grass to Goblin Forest Vyseky" HashKey="484848010101010101">
    <MapTiles>
      <MapTile TileID="200" AltIDMod="0" />
      <MapTile TileID="201" AltIDMod="0" />
    </MapTiles>
    <StaticTiles />
  </TransInfo>
  <TransInfo Description="Grass to Goblin Forest Vyseky" HashKey="010101010148484801">
    <MapTiles>
      <MapTile TileID="213" AltIDMod="0" />
    </MapTiles>
    <StaticTiles />
  </TransInfo>
  <TransInfo Description="Grass to Goblin Forest Vyseky" HashKey="010101010101480148">
    <MapTiles>
      <MapTile TileID="208" AltIDMod="0" />
      <MapTile TileID="209" AltIDMod="0" />
    </MapTiles>
    <StaticTiles />
  </TransInfo>
  <TransInfo Description="Grass to Goblin Forest Vyseky" HashKey="014801480101480101">
    <MapTiles>
      <MapTile TileID="212" AltIDMod="0" />
    </MapTiles>
    <StaticTiles />
  </TransInfo>
  <TransInfo Description="Grass to Goblin Forest Vyseky" HashKey="480101480101480101">
    <MapTiles>
      <MapTile TileID="203" AltIDMod="0" />
      <MapTile TileID="204" AltIDMod="0" />
    </MapTiles>
    <StaticTiles />
  </TransInfo>
  <TransInfo Description="Grass to Goblin Forest Vyseky" HashKey="480101010101480148">
    <MapTiles>
      <MapTile TileID="214" AltIDMod="0" />
    </MapTiles>
    <StaticTiles />
  </TransInfo>
  <TransInfo Description="Grass to Goblin Forest Vyseky" HashKey="484848010101480101">
    <MapTiles>
      <MapTile TileID="212" AltIDMod="0" />
    </MapTiles>
    <StaticTiles />
  </TransInfo>
  <TransInfo Description="Grass to Goblin Forest Vyseky" HashKey="484801480101010101">
    <MapTiles>
      <MapTile TileID="212" AltIDMod="0" />
    </MapTiles>
    <StaticTiles />
  </TransInfo>
  <TransInfo Description="Grass to Goblin Forest Vyseky" HashKey="484848010101010148">
    <MapTiles>
      <MapTile TileID="215" AltIDMod="0" />
    </MapTiles>
    <StaticTiles />
  </TransInfo>
  <TransInfo Description="Grass to Goblin Forest Vyseky" HashKey="014848480101010101">
    <MapTiles>
      <MapTile TileID="212" AltIDMod="0" />
    </MapTiles>
    <StaticTiles />
  </TransInfo>
  <TransInfo Description="Grass to Goblin Forest Vyseky" HashKey="010148010148480101">
    <MapTiles>
      <MapTile TileID="213" AltIDMod="0" />
    </MapTiles>
    <StaticTiles />
  </TransInfo>
  <TransInfo Description="Grass to Goblin Forest Vyseky" HashKey="010101010148010101">
    <MapTiles>
      <MapTile TileID="206" AltIDMod="0" />
      <MapTile TileID="207" AltIDMod="0" />
    </MapTiles>
    <StaticTiles />
  </TransInfo>
  <TransInfo Description="Grass to Goblin Forest Vyseky" HashKey="010101480101010101">
    <MapTiles>
      <MapTile TileID="203" AltIDMod="0" />
      <MapTile TileID="204" AltIDMod="0" />
    </MapTiles>
    <StaticTiles />
  </TransInfo>
  <TransInfo Description="Grass to Goblin Forest Vyseky" HashKey="010101480101010148">
    <MapTiles>
      <MapTile TileID="214" AltIDMod="0" />
    </MapTiles>
    <StaticTiles />
  </TransInfo>
  <TransInfo Description="Grass to Goblin Forest Vyseky" HashKey="010101480101014848">
    <MapTiles>
      <MapTile TileID="214" AltIDMod="0" />
    </MapTiles>
    <StaticTiles />
  </TransInfo>
  <TransInfo Description="Grass to Goblin Forest Vyseky" HashKey="480101480101480148">
    <MapTiles>
      <MapTile TileID="214" AltIDMod="0" />
    </MapTiles>
    <StaticTiles />
  </TransInfo>
  <TransInfo Description="Grass to Goblin Forest Vyseky" HashKey="480101480101484848">
    <MapTiles>
      <MapTile TileID="214" AltIDMod="0" />
    </MapTiles>
    <StaticTiles />
  </TransInfo>
  <TransInfo Description="Grass to Goblin Forest Vyseky" HashKey="010101010101014801">
    <MapTiles>
      <MapTile TileID="208" AltIDMod="0" />
      <MapTile TileID="209" AltIDMod="0" />
    </MapTiles>
    <StaticTiles />
  </TransInfo>
  <TransInfo Description="Grass to Goblin Forest Vyseky" HashKey="010101010148480101">
    <MapTiles>
      <MapTile TileID="213" AltIDMod="0" />
    </MapTiles>
    <StaticTiles />
  </TransInfo>
  <TransInfo Description="Grass to Goblin Forest Vyseky" HashKey="480101010101480101">
    <MapTiles>
      <MapTile TileID="203" AltIDMod="0" />
      <MapTile TileID="204" AltIDMod="0" />
    </MapTiles>
    <StaticTiles />
  </TransInfo>
  <TransInfo Description="Grass to Goblin Forest Vyseky" HashKey="010101010148010148">
    <MapTiles>
      <MapTile TileID="206" AltIDMod="0" />
      <MapTile TileID="207" AltIDMod="0" />
    </MapTiles>
    <StaticTiles />
  </TransInfo>
  <TransInfo Description="Grass to Goblin Forest Vyseky" HashKey="010101010148014848">
    <MapTiles>
      <MapTile TileID="213" AltIDMod="0" />
    </MapTiles>
    <StaticTiles />
  </TransInfo>
  <TransInfo Description="Grass to Goblin Forest Vyseky" HashKey="010101480101014801">
    <MapTiles>
      <MapTile TileID="214" AltIDMod="0" />
    </MapTiles>
    <StaticTiles />
  </TransInfo>
  <TransInfo Description="Grass to Goblin Forest Vyseky" HashKey="480101010148010101">
    <MapTiles>
      <MapTile TileID="215" AltIDMod="0" />
    </MapTiles>
    <StaticTiles />
  </TransInfo>
  <TransInfo Description="Grass to Goblin Forest Vyseky" HashKey="010148010148480148">
    <MapTiles>
      <MapTile TileID="213" AltIDMod="0" />
    </MapTiles>
    <StaticTiles />
  </TransInfo>
  <TransInfo Description="Grass to Goblin Forest Vyseky" HashKey="010148010148484801">
    <MapTiles>
      <MapTile TileID="213" AltIDMod="0" />
    </MapTiles>
    <StaticTiles />
  </TransInfo>
  <TransInfo Description="Grass to Goblin Forest Vyseky" HashKey="010148010148484848">
    <MapTiles>
      <MapTile TileID="213" AltIDMod="0" />
    </MapTiles>
    <StaticTiles />
  </TransInfo>
  <TransInfo Description="Grass to Goblin Forest Vyseky" HashKey="010148010148014848">
    <MapTiles>
      <MapTile TileID="213" AltIDMod="0" />
    </MapTiles>
    <StaticTiles />
  </TransInfo>
  <TransInfo Description="Grass to Goblin Forest Vyseky" HashKey="014848010148010148">
    <MapTiles>
      <MapTile TileID="215" AltIDMod="0" />
    </MapTiles>
    <StaticTiles />
  </TransInfo>
  <TransInfo Description="Grass to Goblin Forest Vyseky" HashKey="484848480101480101">
    <MapTiles>
      <MapTile TileID="212" AltIDMod="0" />
    </MapTiles>
    <StaticTiles />
  </TransInfo>
  <TransInfo Description="Grass to Goblin Forest Vyseky" HashKey="010101010101484801">
    <MapTiles>
      <MapTile TileID="208" AltIDMod="0" />
      <MapTile TileID="209" AltIDMod="0" />
    </MapTiles>
    <StaticTiles />
  </TransInfo>
  <TransInfo Description="Grass to Goblin Forest Vyseky" HashKey="484801010148010148">
    <MapTiles>
      <MapTile TileID="215" AltIDMod="0" />
    </MapTiles>
    <StaticTiles />
  </TransInfo>
  <TransInfo Description="Grass to Goblin Forest Vyseky" HashKey="484848480101010101">
    <MapTiles>
      <MapTile TileID="212" AltIDMod="0" />
    </MapTiles>
    <StaticTiles />
  </TransInfo>
  <TransInfo Description="Grass to Goblin Forest Vyseky" HashKey="014801010101010101">
    <MapTiles>
      <MapTile TileID="200" AltIDMod="0" />
      <MapTile TileID="201" AltIDMod="0" />
    </MapTiles>
    <StaticTiles />
  </TransInfo>
  <TransInfo Description="Grass to Goblin Forest Vyseky" HashKey="480101480101014801">
    <MapTiles>
      <MapTile TileID="214" AltIDMod="0" />
    </MapTiles>
    <StaticTiles />
  </TransInfo>
  <TransInfo Description="Grass to Goblin Forest Vyseky" HashKey="010148010101014848">
    <MapTiles>
      <MapTile TileID="213" AltIDMod="0" />
    </MapTiles>
    <StaticTiles />
  </TransInfo>
  <TransInfo Description="Grass to Goblin Forest Vyseky" HashKey="010148010101484801">
    <MapTiles>
      <MapTile TileID="213" AltIDMod="0" />
    </MapTiles>
    <StaticTiles />
  </TransInfo>
  <TransInfo Description="Grass to Goblin Forest Vyseky" HashKey="480101010101014801">
    <MapTiles>
      <MapTile TileID="214" AltIDMod="0" />
    </MapTiles>
    <StaticTiles />
  </TransInfo>
  <TransInfo Description="Grass to Goblin Forest Vyseky" HashKey="010148480101480101">
    <MapTiles>
      <MapTile TileID="212" AltIDMod="0" />
    </MapTiles>
    <StaticTiles />
  </TransInfo>
  <TransInfo Description="Grass to Goblin Forest Vyseky" HashKey="484801010101010101">
    <MapTiles>
      <MapTile TileID="200" AltIDMod="0" />
      <MapTile TileID="201" AltIDMod="0" />
    </MapTiles>
    <StaticTiles />
  </TransInfo>
  <TransInfo Description="Grass to Goblin Forest Vyseky" HashKey="014801010148010101">
    <MapTiles>
      <MapTile TileID="215" AltIDMod="0" />
    </MapTiles>
    <StaticTiles />
  </TransInfo>
  <TransInfo Description="Grass to Goblin Forest Vyseky" HashKey="010101010101010148">
    <MapTiles>
      <MapTile TileID="217" AltIDMod="0" />
    </MapTiles>
    <StaticTiles />
  </TransInfo>
  <TransInfo Description="Grass to Goblin Forest Vyseky" HashKey="480148480101010101">
    <MapTiles>
      <MapTile TileID="212" AltIDMod="0" />
    </MapTiles>
    <StaticTiles />
  </TransInfo>
  <TransInfo Description="Grass to Goblin Forest Vyseky" HashKey="010101010101480101">
    <MapTiles>
      <MapTile TileID="219" AltIDMod="0" />
    </MapTiles>
    <StaticTiles />
  </TransInfo>
  <TransInfo Description="Grass to Goblin Forest Vyseky" HashKey="014848010101010101">
    <MapTiles>
      <MapTile TileID="200" AltIDMod="0" />
      <MapTile TileID="201" AltIDMod="0" />
    </MapTiles>
    <StaticTiles />
  </TransInfo>
  <TransInfo Description="Grass to Goblin Forest Vyseky" HashKey="480101480101010101">
    <MapTiles>
      <MapTile TileID="203" AltIDMod="0" />
      <MapTile TileID="204" AltIDMod="0" />
    </MapTiles>
    <StaticTiles />
  </TransInfo>
  <TransInfo Description="Grass to Goblin Forest Vyseky" HashKey="480148010148010101">
    <MapTiles>
      <MapTile TileID="215" AltIDMod="0" />
    </MapTiles>
    <StaticTiles />
  </TransInfo>
  <TransInfo Description="Grass to Goblin Forest Vyseky" HashKey="480101010101010101">
    <MapTiles>
      <MapTile TileID="216" AltIDMod="0" />
    </MapTiles>
    <StaticTiles />
  </TransInfo>
  <TransInfo Description="Grass to Goblin Forest Vyseky" HashKey="010101480101480148">
    <MapTiles>
      <MapTile TileID="214" AltIDMod="0" />
    </MapTiles>
    <StaticTiles />
  </TransInfo>
  <TransInfo Description="Grass to Goblin Forest Vyseky" HashKey="480148010101010148">
    <MapTiles>
      <MapTile TileID="215" AltIDMod="0" />
    </MapTiles>
    <StaticTiles />
  </TransInfo>
  <TransInfo Description="Grass to Goblin Forest Vyseky" HashKey="014848480101480101">
    <MapTiles>
      <MapTile TileID="212" AltIDMod="0" />
    </MapTiles>
    <StaticTiles />
  </TransInfo>
  <TransInfo Description="Grass to Goblin Forest Vyseky" HashKey="480148010148010148">
    <MapTiles>
      <MapTile TileID="215" AltIDMod="0" />
    </MapTiles>
    <StaticTiles />
  </TransInfo>
  <TransInfo Description="Grass to Goblin Forest Vyseky" HashKey="010101010148480148">
    <MapTiles>
      <MapTile TileID="213" AltIDMod="0" />
    </MapTiles>
    <StaticTiles />
  </TransInfo>
  <TransInfo Description="Grass to Goblin Forest Vyseky" HashKey="010101480101484848">
    <MapTiles>
      <MapTile TileID="214" AltIDMod="0" />
    </MapTiles>
    <StaticTiles />
  </TransInfo>
  <TransInfo Description="Grass to Goblin Forest Vyseky" HashKey="480101010148010148">
    <MapTiles>
      <MapTile TileID="215" AltIDMod="0" />
    </MapTiles>
    <StaticTiles />
  </TransInfo>
  <TransInfo Description="Grass to Goblin Forest Vyseky" HashKey="010101480101480101">
    <MapTiles>
      <MapTile TileID="203" AltIDMod="0" />
      <MapTile TileID="204" AltIDMod="0" />
    </MapTiles>
    <StaticTiles />
  </TransInfo>
  <TransInfo Description="Grass to Goblin Forest Vyseky" HashKey="010148010101010101">
    <MapTiles>
      <MapTile TileID="218" AltIDMod="0" />
    </MapTiles>
    <StaticTiles />
  </TransInfo>
  <TransInfo Description="Grass to Goblin Forest Vyseky" HashKey="484848010148010148">
    <MapTiles>
      <MapTile TileID="215" AltIDMod="0" />
    </MapTiles>
    <StaticTiles />
  </TransInfo>
  <TransInfo Description="Grass to Goblin Forest Vyseky" HashKey="010101010148484848">
    <MapTiles>
      <MapTile TileID="213" AltIDMod="0" />
    </MapTiles>
    <StaticTiles />
  </TransInfo>
  <TransInfo Description="Grass to Goblin Forest Vyseky" HashKey="010148010148014801">
    <MapTiles>
      <MapTile TileID="213" AltIDMod="0" />
    </MapTiles>
    <StaticTiles />
  </TransInfo>
  <TransInfo Description="Grass to Goblin Forest Vyseky" HashKey="484801010101480101">
    <MapTiles>
      <MapTile TileID="212" AltIDMod="0" />
    </MapTiles>
    <StaticTiles />
  </TransInfo>
  <TransInfo Description="Grass to Goblin Forest Vyseky" HashKey="480101480101484801">
    <MapTiles>
      <MapTile TileID="214" AltIDMod="0" />
    </MapTiles>
    <StaticTiles />
  </TransInfo>
  <TransInfo Description="Grass to Goblin Forest Vyseky" HashKey="010148010101484848">
    <MapTiles>
      <MapTile TileID="213" AltIDMod="0" />
    </MapTiles>
    <StaticTiles />
  </TransInfo>
  <TransInfo Description="Grass to Goblin Forest Vyseky" HashKey="010148010101010148">
    <MapTiles>
      <MapTile TileID="206" AltIDMod="0" />
      <MapTile TileID="207" AltIDMod="0" />
    </MapTiles>
    <StaticTiles />
  </TransInfo>
  <TransInfo Description="Grass to Goblin Forest Vyseky" HashKey="010148010101480148">
    <MapTiles>
      <MapTile TileID="213" AltIDMod="0" />
    </MapTiles>
    <StaticTiles />
  </TransInfo>
  <TransInfo Description="Grass to Goblin Forest Vyseky" HashKey="484848010148010101">
    <MapTiles>
      <MapTile TileID="215" AltIDMod="0" />
    </MapTiles>
    <StaticTiles />
  </TransInfo>
  <TransInfo Description="Grass to Goblin Forest Vyseky" HashKey="484801480101480101">
    <MapTiles>
      <MapTile TileID="212" AltIDMod="0" />
    </MapTiles>
    <StaticTiles />
  </TransInfo>
  <TransInfo Description="Grass to Goblin Forest Vyseky" HashKey="010101010101484848">
    <MapTiles>
      <MapTile TileID="208" AltIDMod="0" />
      <MapTile TileID="209" AltIDMod="0" />
    </MapTiles>
    <StaticTiles />
  </TransInfo>
  <TransInfo Description="Grass to Goblin Forest Vyseky" HashKey="010148010148010101">
    <MapTiles>
      <MapTile TileID="206" AltIDMod="0" />
      <MapTile TileID="207" AltIDMod="0" />
    </MapTiles>
    <StaticTiles />
  </TransInfo>
  <TransInfo Description="Grass to Goblin Forest Vyseky" HashKey="484801010148010101">
    <MapTiles>
      <MapTile TileID="215" AltIDMod="0" />
    </MapTiles>
    <StaticTiles />
  </TransInfo>
  <TransInfo Description="Grass to Goblin Forest Vyseky" HashKey="014848010101480101">
    <MapTiles>
      <MapTile TileID="212" AltIDMod="0" />
    </MapTiles>
    <StaticTiles />
  </TransInfo>
  <TransInfo Description="Grass to Goblin Forest Vyseky" HashKey="014848010148010101">
    <MapTiles>
      <MapTile TileID="215" AltIDMod="0" />
    </MapTiles>
    <StaticTiles />
  </TransInfo>
  <TransInfo Description="Grass to Goblin Forest Vyseky" HashKey="014801480101010101">
    <MapTiles>
      <MapTile TileID="212" AltIDMod="0" />
    </MapTiles>
    <StaticTiles />
  </TransInfo>
  <TransInfo Description="Grass to Goblin Forest Vyseky" HashKey="014801010148010148">
    <MapTiles>
      <MapTile TileID="215" AltIDMod="0" />
    </MapTiles>
    <StaticTiles />
  </TransInfo>
</Trans>