﻿<?xml version="1.0" encoding="utf-8"?>
<Trans>
  <TransInfo Description="Grass To Stars" HashKey="0E0E0E0E010E0E010E">
    <MapTiles>
      <MapTile TileID="506" AltIDMod="0" />
    </MapTiles>
    <StaticTiles />
  </TransInfo>
  <TransInfo Description="Grass To Stars" HashKey="010E010101010E0101">
    <MapTiles>
      <MapTile TileID="3" AltIDMod="0" />
    </MapTiles>
    <StaticTiles>
      <StaticTile TileID="12964" AltIDMod="0" />
    </StaticTiles>
  </TransInfo>
  <TransInfo Description="Grass To Stars" HashKey="0E0E0E01010E0E0101">
    <MapTiles>
      <MapTile TileID="506" AltIDMod="0" />
    </MapTiles>
    <StaticTiles />
  </TransInfo>
  <TransInfo Description="Grass To Stars" HashKey="0E010E010101010101">
    <MapTiles>
      <MapTile TileID="4" AltIDMod="0" />
    </MapTiles>
    <StaticTiles>
      <StaticTile TileID="12972" AltIDMod="0" />
      <StaticTile TileID="12973" AltIDMod="0" />
    </StaticTiles>
  </TransInfo>
  <TransInfo Description="Grass To Stars" HashKey="010E01010101010101">
    <MapTiles>
      <MapTile TileID="4" AltIDMod="0" />
    </MapTiles>
    <StaticTiles>
      <StaticTile TileID="12972" AltIDMod="0" />
      <StaticTile TileID="12973" AltIDMod="0" />
    </StaticTiles>
  </TransInfo>
  <TransInfo Description="Grass To Stars" HashKey="0E010E0101010E0101">
    <MapTiles>
      <MapTile TileID="3" AltIDMod="0" />
    </MapTiles>
    <StaticTiles>
      <StaticTile TileID="12964" AltIDMod="0" />
    </StaticTiles>
  </TransInfo>
  <TransInfo Description="Grass To Stars" HashKey="0E0E0101010E010E0E">
    <MapTiles>
      <MapTile TileID="506" AltIDMod="0" />
    </MapTiles>
    <StaticTiles />
  </TransInfo>
  <TransInfo Description="Grass To Stars" HashKey="0E0E0101010E0E0101">
    <MapTiles>
      <MapTile TileID="506" AltIDMod="0" />
    </MapTiles>
    <StaticTiles />
  </TransInfo>
  <TransInfo Description="Grass To Stars" HashKey="0E0E010E010E0E010E">
    <MapTiles>
      <MapTile TileID="506" AltIDMod="0" />
    </MapTiles>
    <StaticTiles />
  </TransInfo>
  <TransInfo Description="Grass To Stars" HashKey="0E0E0101010E010101">
    <MapTiles>
      <MapTile TileID="5" AltIDMod="0" />
    </MapTiles>
    <StaticTiles>
      <StaticTile TileID="12963" AltIDMod="0" />
    </StaticTiles>
  </TransInfo>
  <TransInfo Description="Grass To Stars" HashKey="010E0101010E010E0E">
    <MapTiles>
      <MapTile TileID="506" AltIDMod="0" />
    </MapTiles>
    <StaticTiles />
  </TransInfo>
  <TransInfo Description="Grass To Stars" HashKey="0101010101010E0101">
    <MapTiles>
      <MapTile TileID="4" AltIDMod="0" />
    </MapTiles>
    <StaticTiles>
      <StaticTile TileID="12969" AltIDMod="0" />
    </StaticTiles>
  </TransInfo>
  <TransInfo Description="Grass To Stars" HashKey="0E0E0E0E01010E0E01">
    <MapTiles>
      <MapTile TileID="506" AltIDMod="0" />
    </MapTiles>
    <StaticTiles />
  </TransInfo>
  <TransInfo Description="Grass To Stars" HashKey="0E0E0E01010E010E01">
    <MapTiles>
      <MapTile TileID="506" AltIDMod="0" />
    </MapTiles>
    <StaticTiles />
  </TransInfo>
  <TransInfo Description="Grass To Stars" HashKey="01010E01010E0E0E01">
    <MapTiles>
      <MapTile TileID="4" AltIDMod="0" />
    </MapTiles>
    <StaticTiles>
      <StaticTile TileID="12962" AltIDMod="0" />
    </StaticTiles>
  </TransInfo>
  <TransInfo Description="Grass To Stars" HashKey="01010E0E010E010E0E">
    <MapTiles>
      <MapTile TileID="506" AltIDMod="0" />
    </MapTiles>
    <StaticTiles />
  </TransInfo>
  <TransInfo Description="Grass To Stars" HashKey="0E010E010101010E01">
    <MapTiles>
      <MapTile TileID="506" AltIDMod="0" />
    </MapTiles>
    <StaticTiles />
  </TransInfo>
  <TransInfo Description="Grass To Stars" HashKey="010E0E0101010E0E01">
    <MapTiles>
      <MapTile TileID="506" AltIDMod="0" />
    </MapTiles>
    <StaticTiles />
  </TransInfo>
  <TransInfo Description="Grass To Stars" HashKey="0E010E0E010E01010E">
    <MapTiles>
      <MapTile TileID="506" AltIDMod="0" />
    </MapTiles>
    <StaticTiles />
  </TransInfo>
  <TransInfo Description="Grass To Stars" HashKey="0E0E010E010E010E0E">
    <MapTiles>
      <MapTile TileID="506" AltIDMod="0" />
    </MapTiles>
    <StaticTiles />
  </TransInfo>
  <TransInfo Description="Grass To Stars" HashKey="0E0E0101010E0E0E01">
    <MapTiles>
      <MapTile TileID="506" AltIDMod="0" />
    </MapTiles>
    <StaticTiles />
  </TransInfo>
  <TransInfo Description="Grass To Stars" HashKey="01010101010E010E01">
    <MapTiles>
      <MapTile TileID="4" AltIDMod="0" />
    </MapTiles>
    <StaticTiles>
      <StaticTile TileID="12962" AltIDMod="0" />
    </StaticTiles>
  </TransInfo>
  <TransInfo Description="Grass To Stars" HashKey="0E0E0E0101010E0101">
    <MapTiles>
      <MapTile TileID="3" AltIDMod="0" />
    </MapTiles>
    <StaticTiles>
      <StaticTile TileID="12964" AltIDMod="0" />
    </StaticTiles>
  </TransInfo>
  <TransInfo Description="Grass To Stars" HashKey="010101010101010E01">
    <MapTiles>
      <MapTile TileID="3" AltIDMod="0" />
    </MapTiles>
    <StaticTiles>
      <StaticTile TileID="12974" AltIDMod="0" />
      <StaticTile TileID="12975" AltIDMod="0" />
    </StaticTiles>
  </TransInfo>
  <TransInfo Description="Grass To Stars" HashKey="0E0E0E010101010101">
    <MapTiles>
      <MapTile TileID="4" AltIDMod="0" />
    </MapTiles>
    <StaticTiles>
      <StaticTile TileID="12972" AltIDMod="0" />
      <StaticTile TileID="12973" AltIDMod="0" />
    </StaticTiles>
  </TransInfo>
  <TransInfo Description="Grass To Stars" HashKey="01010E01010E010101">
    <MapTiles>
      <MapTile TileID="5" AltIDMod="0" />
    </MapTiles>
    <StaticTiles>
      <StaticTile TileID="12971" AltIDMod="0" />
      <StaticTile TileID="12970" AltIDMod="0" />
    </StaticTiles>
  </TransInfo>
  <TransInfo Description="Grass To Stars" HashKey="01010E0E010E0E010E">
    <MapTiles>
      <MapTile TileID="506" AltIDMod="0" />
    </MapTiles>
    <StaticTiles />
  </TransInfo>
  <TransInfo Description="Grass To Stars" HashKey="010E0E0E010E010E01">
    <MapTiles>
      <MapTile TileID="506" AltIDMod="0" />
    </MapTiles>
    <StaticTiles />
  </TransInfo>
  <TransInfo Description="Grass To Stars" HashKey="0E010E01010E010101">
    <MapTiles>
      <MapTile TileID="5" AltIDMod="0" />
    </MapTiles>
    <StaticTiles>
      <StaticTile TileID="12963" AltIDMod="0" />
    </StaticTiles>
  </TransInfo>
  <TransInfo Description="Grass To Stars" HashKey="010E0E010101010101">
    <MapTiles>
      <MapTile TileID="4" AltIDMod="0" />
    </MapTiles>
    <StaticTiles>
      <StaticTile TileID="12972" AltIDMod="0" />
      <StaticTile TileID="12973" AltIDMod="0" />
    </StaticTiles>
  </TransInfo>
  <TransInfo Description="Grass To Stars" HashKey="0E010E0E0101010E0E">
    <MapTiles>
      <MapTile TileID="506" AltIDMod="0" />
    </MapTiles>
    <StaticTiles />
  </TransInfo>
  <TransInfo Description="Grass To Stars" HashKey="010E0E0101010E0101">
    <MapTiles>
      <MapTile TileID="3" AltIDMod="0" />
    </MapTiles>
    <StaticTiles>
      <StaticTile TileID="12964" AltIDMod="0" />
    </StaticTiles>
  </TransInfo>
  <TransInfo Description="Grass To Stars" HashKey="010E0E0E010E0E0E0E">
    <MapTiles>
      <MapTile TileID="506" AltIDMod="0" />
    </MapTiles>
    <StaticTiles />
  </TransInfo>
  <TransInfo Description="Grass To Stars" HashKey="0E0E010E010101010E">
    <MapTiles>
      <MapTile TileID="506" AltIDMod="0" />
    </MapTiles>
    <StaticTiles />
  </TransInfo>
  <TransInfo Description="Grass To Stars" HashKey="01010101010E0E0101">
    <MapTiles>
      <MapTile TileID="4" AltIDMod="0" />
    </MapTiles>
    <StaticTiles>
      <StaticTile TileID="12962" AltIDMod="0" />
    </StaticTiles>
  </TransInfo>
  <TransInfo Description="Grass To Stars" HashKey="0101010E010E0E010E">
    <MapTiles>
      <MapTile TileID="506" AltIDMod="0" />
    </MapTiles>
    <StaticTiles />
  </TransInfo>
  <TransInfo Description="Grass To Stars" HashKey="01010101010E010101">
    <MapTiles>
      <MapTile TileID="5" AltIDMod="0" />
    </MapTiles>
    <StaticTiles>
      <StaticTile TileID="12971" AltIDMod="0" />
      <StaticTile TileID="12970" AltIDMod="0" />
    </StaticTiles>
  </TransInfo>
  <TransInfo Description="Grass To Stars" HashKey="0E0E0E0101010E0E01">
    <MapTiles>
      <MapTile TileID="506" AltIDMod="0" />
    </MapTiles>
    <StaticTiles />
  </TransInfo>
  <TransInfo Description="Grass To Stars" HashKey="0101010E0101010E0E">
    <MapTiles>
      <MapTile TileID="4" AltIDMod="0" />
    </MapTiles>
    <StaticTiles>
      <StaticTile TileID="12965" AltIDMod="0" />
    </StaticTiles>
  </TransInfo>
  <TransInfo Description="Grass To Stars" HashKey="01010E01010E010E01">
    <MapTiles>
      <MapTile TileID="4" AltIDMod="0" />
    </MapTiles>
    <StaticTiles>
      <StaticTile TileID="12962" AltIDMod="0" />
    </StaticTiles>
  </TransInfo>
  <TransInfo Description="Grass To Stars" HashKey="0E010E0E01010E010E">
    <MapTiles>
      <MapTile TileID="506" AltIDMod="0" />
    </MapTiles>
    <StaticTiles />
  </TransInfo>
  <TransInfo Description="Grass To Stars" HashKey="010E0E010101010E01">
    <MapTiles>
      <MapTile TileID="506" AltIDMod="0" />
    </MapTiles>
    <StaticTiles />
  </TransInfo>
  <TransInfo Description="Grass To Stars" HashKey="0E01010E01010E0E01">
    <MapTiles>
      <MapTile TileID="4" AltIDMod="0" />
    </MapTiles>
    <StaticTiles>
      <StaticTile TileID="12965" AltIDMod="0" />
    </StaticTiles>
  </TransInfo>
  <TransInfo Description="Grass To Stars" HashKey="0E0E010E01010E0E0E">
    <MapTiles>
      <MapTile TileID="506" AltIDMod="0" />
    </MapTiles>
    <StaticTiles />
  </TransInfo>
  <TransInfo Description="Grass To Stars" HashKey="0101010E010E010E0E">
    <MapTiles>
      <MapTile TileID="506" AltIDMod="0" />
    </MapTiles>
    <StaticTiles />
  </TransInfo>
  <TransInfo Description="Grass To Stars" HashKey="01010101010E0E0E01">
    <MapTiles>
      <MapTile TileID="4" AltIDMod="0" />
    </MapTiles>
    <StaticTiles>
      <StaticTile TileID="12962" AltIDMod="0" />
    </StaticTiles>
  </TransInfo>
  <TransInfo Description="Grass To Stars" HashKey="0101010E01010E010E">
    <MapTiles>
      <MapTile TileID="4" AltIDMod="0" />
    </MapTiles>
    <StaticTiles>
      <StaticTile TileID="12965" AltIDMod="0" />
    </StaticTiles>
  </TransInfo>
  <TransInfo Description="Grass To Stars" HashKey="01010E0E01010E0E01">
    <MapTiles>
      <MapTile TileID="506" AltIDMod="0" />
    </MapTiles>
    <StaticTiles />
  </TransInfo>
  <TransInfo Description="Grass To Stars" HashKey="010E0E0E0101010E0E">
    <MapTiles>
      <MapTile TileID="506" AltIDMod="0" />
    </MapTiles>
    <StaticTiles />
  </TransInfo>
  <TransInfo Description="Grass To Stars" HashKey="0E01010E01010E0101">
    <MapTiles>
      <MapTile TileID="6" AltIDMod="0" />
    </MapTiles>
    <StaticTiles>
      <StaticTile TileID="12976" AltIDMod="0" />
      <StaticTile TileID="12977" AltIDMod="0" />
    </StaticTiles>
  </TransInfo>
  <TransInfo Description="Grass To Stars" HashKey="0E010101010E0E0E0E">
    <MapTiles>
      <MapTile TileID="506" AltIDMod="0" />
    </MapTiles>
    <StaticTiles />
  </TransInfo>
  <TransInfo Description="Grass To Stars" HashKey="0E0E0E0E010E0E0101">
    <MapTiles>
      <MapTile TileID="506" AltIDMod="0" />
    </MapTiles>
    <StaticTiles />
  </TransInfo>
  <TransInfo Description="Grass To Stars" HashKey="0E0E0E01010E0E010E">
    <MapTiles>
      <MapTile TileID="506" AltIDMod="0" />
    </MapTiles>
    <StaticTiles />
  </TransInfo>
  <TransInfo Description="Grass To Stars" HashKey="01010E01010E0E0101">
    <MapTiles>
      <MapTile TileID="4" AltIDMod="0" />
    </MapTiles>
    <StaticTiles>
      <StaticTile TileID="12962" AltIDMod="0" />
    </StaticTiles>
  </TransInfo>
  <TransInfo Description="Grass To Stars" HashKey="01010E0E0101010101">
    <MapTiles>
      <MapTile TileID="3" AltIDMod="0" />
    </MapTiles>
    <StaticTiles>
      <StaticTile TileID="12964" AltIDMod="0" />
    </StaticTiles>
  </TransInfo>
  <TransInfo Description="Grass To Stars" HashKey="0E010E0101010E010E">
    <MapTiles>
      <MapTile TileID="506" AltIDMod="0" />
    </MapTiles>
    <StaticTiles />
  </TransInfo>
  <TransInfo Description="Grass To Stars" HashKey="01010E0E01010E0101">
    <MapTiles>
      <MapTile TileID="3" AltIDMod="0" />
    </MapTiles>
    <StaticTiles>
      <StaticTile TileID="12964" AltIDMod="0" />
    </StaticTiles>
  </TransInfo>
  <TransInfo Description="Grass To Stars" HashKey="010E0E0E01010E010E">
    <MapTiles>
      <MapTile TileID="506" AltIDMod="0" />
    </MapTiles>
    <StaticTiles />
  </TransInfo>
  <TransInfo Description="Grass To Stars" HashKey="0E01010E0101010E01">
    <MapTiles>
      <MapTile TileID="4" AltIDMod="0" />
    </MapTiles>
    <StaticTiles>
      <StaticTile TileID="12965" AltIDMod="0" />
    </StaticTiles>
  </TransInfo>
  <TransInfo Description="Grass To Stars" HashKey="0E010101010E01010E">
    <MapTiles>
      <MapTile TileID="5" AltIDMod="0" />
    </MapTiles>
    <StaticTiles>
      <StaticTile TileID="12963" AltIDMod="0" />
    </StaticTiles>
  </TransInfo>
  <TransInfo Description="Grass To Stars" HashKey="0E0E0101010E01010E">
    <MapTiles>
      <MapTile TileID="5" AltIDMod="0" />
    </MapTiles>
    <StaticTiles>
      <StaticTile TileID="12963" AltIDMod="0" />
    </StaticTiles>
  </TransInfo>
  <TransInfo Description="Grass To Stars" HashKey="0E010E01010E010E0E">
    <MapTiles>
      <MapTile TileID="506" AltIDMod="0" />
    </MapTiles>
    <StaticTiles />
  </TransInfo>
  <TransInfo Description="Grass To Stars" HashKey="0101010101010E010E">
    <MapTiles>
      <MapTile TileID="3" AltIDMod="0" />
    </MapTiles>
    <StaticTiles>
      <StaticTile TileID="12974" AltIDMod="0" />
      <StaticTile TileID="12975" AltIDMod="0" />
    </StaticTiles>
  </TransInfo>
  <TransInfo Description="Grass To Stars" HashKey="0E0E0E01010E010E0E">
    <MapTiles>
      <MapTile TileID="506" AltIDMod="0" />
    </MapTiles>
    <StaticTiles />
  </TransInfo>
  <TransInfo Description="Grass To Stars" HashKey="0E0E0E0E010E0E0E01">
    <MapTiles>
      <MapTile TileID="506" AltIDMod="0" />
    </MapTiles>
    <StaticTiles />
  </TransInfo>
  <TransInfo Description="Grass To Stars" HashKey="010E010101010E0E0E">
    <MapTiles>
      <MapTile TileID="506" AltIDMod="0" />
    </MapTiles>
    <StaticTiles />
  </TransInfo>
  <TransInfo Description="Grass To Stars" HashKey="0E010E010101010E0E">
    <MapTiles>
      <MapTile TileID="506" AltIDMod="0" />
    </MapTiles>
    <StaticTiles />
  </TransInfo>
  <TransInfo Description="Grass To Stars" HashKey="01010E0E0101010E01">
    <MapTiles>
      <MapTile TileID="506" AltIDMod="0" />
    </MapTiles>
    <StaticTiles />
  </TransInfo>
  <TransInfo Description="Grass To Stars" HashKey="0E010101010E0E010E">
    <MapTiles>
      <MapTile TileID="506" AltIDMod="0" />
    </MapTiles>
    <StaticTiles />
  </TransInfo>
  <TransInfo Description="Grass To Stars" HashKey="0E010E0E010E010101">
    <MapTiles>
      <MapTile TileID="506" AltIDMod="0" />
    </MapTiles>
    <StaticTiles />
  </TransInfo>
  <TransInfo Description="Grass To Stars" HashKey="0E01010E010E0E0E0E">
    <MapTiles>
      <MapTile TileID="506" AltIDMod="0" />
    </MapTiles>
    <StaticTiles />
  </TransInfo>
  <TransInfo Description="Grass To Stars" HashKey="0E010101010E010E0E">
    <MapTiles>
      <MapTile TileID="506" AltIDMod="0" />
    </MapTiles>
    <StaticTiles />
  </TransInfo>
  <TransInfo Description="Grass To Stars" HashKey="0E0E0E0E010101010E">
    <MapTiles>
      <MapTile TileID="506" AltIDMod="0" />
    </MapTiles>
    <StaticTiles />
  </TransInfo>
  <TransInfo Description="Grass To Stars" HashKey="0E0101010101010E0E">
    <MapTiles>
      <MapTile TileID="4" AltIDMod="0" />
    </MapTiles>
    <StaticTiles>
      <StaticTile TileID="12965" AltIDMod="0" />
    </StaticTiles>
  </TransInfo>
  <TransInfo Description="Grass To Stars" HashKey="0E0E0101010E0E0E0E">
    <MapTiles>
      <MapTile TileID="506" AltIDMod="0" />
    </MapTiles>
    <StaticTiles />
  </TransInfo>
  <TransInfo Description="Grass To Stars" HashKey="010E0101010E0E0E0E">
    <MapTiles>
      <MapTile TileID="506" AltIDMod="0" />
    </MapTiles>
    <StaticTiles />
  </TransInfo>
  <TransInfo Description="Grass To Stars" HashKey="010101010101010E0E">
    <MapTiles>
      <MapTile TileID="3" AltIDMod="0" />
    </MapTiles>
    <StaticTiles>
      <StaticTile TileID="12974" AltIDMod="0" />
      <StaticTile TileID="12975" AltIDMod="0" />
    </StaticTiles>
  </TransInfo>
  <TransInfo Description="Grass To Stars" HashKey="0E0E0E01010101010E">
    <MapTiles>
      <MapTile TileID="5" AltIDMod="0" />
    </MapTiles>
    <StaticTiles>
      <StaticTile TileID="12963" AltIDMod="0" />
    </StaticTiles>
  </TransInfo>
  <TransInfo Description="Grass To Stars" HashKey="01010E0E010E0E0101">
    <MapTiles>
      <MapTile TileID="506" AltIDMod="0" />
    </MapTiles>
    <StaticTiles />
  </TransInfo>
  <TransInfo Description="Grass To Stars" HashKey="01010E01010E0E010E">
    <MapTiles>
      <MapTile TileID="4" AltIDMod="0" />
    </MapTiles>
    <StaticTiles>
      <StaticTile TileID="12962" AltIDMod="0" />
    </StaticTiles>
  </TransInfo>
  <TransInfo Description="Grass To Stars" HashKey="01010E0E010E010101">
    <MapTiles>
      <MapTile TileID="506" AltIDMod="0" />
    </MapTiles>
    <StaticTiles />
  </TransInfo>
  <TransInfo Description="Grass To Stars" HashKey="0E010E0E0101010E01">
    <MapTiles>
      <MapTile TileID="506" AltIDMod="0" />
    </MapTiles>
    <StaticTiles />
  </TransInfo>
  <TransInfo Description="Grass To Stars" HashKey="01010E010101010E0E">
    <MapTiles>
      <MapTile TileID="4" AltIDMod="0" />
    </MapTiles>
    <StaticTiles>
      <StaticTile TileID="12962" AltIDMod="0" />
    </StaticTiles>
  </TransInfo>
  <TransInfo Description="Grass To Stars" HashKey="0E010E0E010E010E01">
    <MapTiles>
      <MapTile TileID="506" AltIDMod="0" />
    </MapTiles>
    <StaticTiles />
  </TransInfo>
  <TransInfo Description="Grass To Stars" HashKey="010E0E0E010E0E0E01">
    <MapTiles>
      <MapTile TileID="506" AltIDMod="0" />
    </MapTiles>
    <StaticTiles />
  </TransInfo>
  <TransInfo Description="Grass To Stars" HashKey="010E0E01010E010E0E">
    <MapTiles>
      <MapTile TileID="506" AltIDMod="0" />
    </MapTiles>
    <StaticTiles />
  </TransInfo>
  <TransInfo Description="Grass To Stars" HashKey="010E010101010E0E01">
    <MapTiles>
      <MapTile TileID="506" AltIDMod="0" />
    </MapTiles>
    <StaticTiles />
  </TransInfo>
  <TransInfo Description="Grass To Stars" HashKey="0E01010101010E010E">
    <MapTiles>
      <MapTile TileID="4" AltIDMod="0" />
    </MapTiles>
    <StaticTiles>
      <StaticTile TileID="12965" AltIDMod="0" />
    </StaticTiles>
  </TransInfo>
  <TransInfo Description="Grass To Stars" HashKey="010E0101010E01010E">
    <MapTiles>
      <MapTile TileID="5" AltIDMod="0" />
    </MapTiles>
    <StaticTiles>
      <StaticTile TileID="12963" AltIDMod="0" />
    </StaticTiles>
  </TransInfo>
  <TransInfo Description="Grass To Stars" HashKey="01010101010E01010E">
    <MapTiles>
      <MapTile TileID="5" AltIDMod="0" />
    </MapTiles>
    <StaticTiles>
      <StaticTile TileID="12971" AltIDMod="0" />
      <StaticTile TileID="12970" AltIDMod="0" />
    </StaticTiles>
  </TransInfo>
  <TransInfo Description="Grass To Stars" HashKey="0E0E0E0101010E0E0E">
    <MapTiles>
      <MapTile TileID="506" AltIDMod="0" />
    </MapTiles>
    <StaticTiles />
  </TransInfo>
  <TransInfo Description="Grass To Stars" HashKey="0101010E0101010E01">
    <MapTiles>
      <MapTile TileID="4" AltIDMod="0" />
    </MapTiles>
    <StaticTiles>
      <StaticTile TileID="12965" AltIDMod="0" />
    </StaticTiles>
  </TransInfo>
  <TransInfo Description="Grass To Stars" HashKey="01010E01010E010E0E">
    <MapTiles>
      <MapTile TileID="4" AltIDMod="0" />
    </MapTiles>
    <StaticTiles>
      <StaticTile TileID="12962" AltIDMod="0" />
    </StaticTiles>
  </TransInfo>
  <TransInfo Description="Grass To Stars" HashKey="01010E0E010E0E0E01">
    <MapTiles>
      <MapTile TileID="506" AltIDMod="0" />
    </MapTiles>
    <StaticTiles />
  </TransInfo>
  <TransInfo Description="Grass To Stars" HashKey="0E010E0E01010E0101">
    <MapTiles>
      <MapTile TileID="3" AltIDMod="0" />
    </MapTiles>
    <StaticTiles>
      <StaticTile TileID="12964" AltIDMod="0" />
    </StaticTiles>
  </TransInfo>
  <TransInfo Description="Grass To Stars" HashKey="01010E0101010E010E">
    <MapTiles>
      <MapTile TileID="4" AltIDMod="0" />
    </MapTiles>
    <StaticTiles>
      <StaticTile TileID="12962" AltIDMod="0" />
    </StaticTiles>
  </TransInfo>
  <TransInfo Description="Grass To Stars" HashKey="0E0E0101010101010E">
    <MapTiles>
      <MapTile TileID="5" AltIDMod="0" />
    </MapTiles>
    <StaticTiles>
      <StaticTile TileID="12963" AltIDMod="0" />
    </StaticTiles>
  </TransInfo>
  <TransInfo Description="Grass To Stars" HashKey="010E0E0E010E010101">
    <MapTiles>
      <MapTile TileID="506" AltIDMod="0" />
    </MapTiles>
    <StaticTiles />
  </TransInfo>
  <TransInfo Description="Grass To Stars" HashKey="010E0E01010E0E010E">
    <MapTiles>
      <MapTile TileID="506" AltIDMod="0" />
    </MapTiles>
    <StaticTiles />
  </TransInfo>
  <TransInfo Description="Grass To Stars" HashKey="010E0E0E010E0E0101">
    <MapTiles>
      <MapTile TileID="506" AltIDMod="0" />
    </MapTiles>
    <StaticTiles />
  </TransInfo>
  <TransInfo Description="Grass To Stars" HashKey="0E010E01010E0E0E01">
    <MapTiles>
      <MapTile TileID="506" AltIDMod="0" />
    </MapTiles>
    <StaticTiles />
  </TransInfo>
  <TransInfo Description="Grass To Stars" HashKey="01010101010E0E0E0E">
    <MapTiles>
      <MapTile TileID="4" AltIDMod="0" />
    </MapTiles>
    <StaticTiles>
      <StaticTile TileID="12962" AltIDMod="0" />
    </StaticTiles>
  </TransInfo>
  <TransInfo Description="Grass To Stars" HashKey="0101010E01010E0101">
    <MapTiles>
      <MapTile TileID="6" AltIDMod="0" />
    </MapTiles>
    <StaticTiles>
      <StaticTile TileID="12976" AltIDMod="0" />
      <StaticTile TileID="12977" AltIDMod="0" />
    </StaticTiles>
  </TransInfo>
  <TransInfo Description="Grass To Stars" HashKey="0101010E0101010101">
    <MapTiles>
      <MapTile TileID="6" AltIDMod="0" />
    </MapTiles>
    <StaticTiles>
      <StaticTile TileID="12976" AltIDMod="0" />
      <StaticTile TileID="12977" AltIDMod="0" />
    </StaticTiles>
  </TransInfo>
  <TransInfo Description="Grass To Stars" HashKey="0E010E0E01010E0E01">
    <MapTiles>
      <MapTile TileID="506" AltIDMod="0" />
    </MapTiles>
    <StaticTiles />
  </TransInfo>
  <TransInfo Description="Grass To Stars" HashKey="010E0E0E0101010E01">
    <MapTiles>
      <MapTile TileID="506" AltIDMod="0" />
    </MapTiles>
    <StaticTiles />
  </TransInfo>
  <TransInfo Description="Grass To Stars" HashKey="0E01010E01010E010E">
    <MapTiles>
      <MapTile TileID="4" AltIDMod="0" />
    </MapTiles>
    <StaticTiles>
      <StaticTile TileID="12965" AltIDMod="0" />
    </StaticTiles>
  </TransInfo>
  <TransInfo Description="Grass To Stars" HashKey="0E010101010E0E0E01">
    <MapTiles>
      <MapTile TileID="506" AltIDMod="0" />
    </MapTiles>
    <StaticTiles />
  </TransInfo>
  <TransInfo Description="Grass To Stars" HashKey="0E01010E010E010E0E">
    <MapTiles>
      <MapTile TileID="506" AltIDMod="0" />
    </MapTiles>
    <StaticTiles />
  </TransInfo>
  <TransInfo Description="Grass To Stars" HashKey="010E010E01010E0E0E">
    <MapTiles>
      <MapTile TileID="506" AltIDMod="0" />
    </MapTiles>
    <StaticTiles />
  </TransInfo>
  <TransInfo Description="Grass To Stars" HashKey="0101010E01010E0E01">
    <MapTiles>
      <MapTile TileID="4" AltIDMod="0" />
    </MapTiles>
    <StaticTiles>
      <StaticTile TileID="12965" AltIDMod="0" />
    </StaticTiles>
  </TransInfo>
  <TransInfo Description="Grass To Stars" HashKey="01010E0E01010E010E">
    <MapTiles>
      <MapTile TileID="506" AltIDMod="0" />
    </MapTiles>
    <StaticTiles />
  </TransInfo>
  <TransInfo Description="Grass To Stars" HashKey="010E0E0E01010E0101">
    <MapTiles>
      <MapTile TileID="3" AltIDMod="0" />
    </MapTiles>
    <StaticTiles>
      <StaticTile TileID="12964" AltIDMod="0" />
    </StaticTiles>
  </TransInfo>
  <TransInfo Description="Grass To Stars" HashKey="0E01010E0101010E0E">
    <MapTiles>
      <MapTile TileID="4" AltIDMod="0" />
    </MapTiles>
    <StaticTiles>
      <StaticTile TileID="12965" AltIDMod="0" />
    </StaticTiles>
  </TransInfo>
  <TransInfo Description="Grass To Stars" HashKey="0E0E0E0E010E01010E">
    <MapTiles>
      <MapTile TileID="506" AltIDMod="0" />
    </MapTiles>
    <StaticTiles />
  </TransInfo>
  <TransInfo Description="Grass To Stars" HashKey="0E010101010E010101">
    <MapTiles>
      <MapTile TileID="5" AltIDMod="0" />
    </MapTiles>
    <StaticTiles>
      <StaticTile TileID="12963" AltIDMod="0" />
    </StaticTiles>
  </TransInfo>
  <TransInfo Description="Grass To Stars" HashKey="0E01010E010E0E010E">
    <MapTiles>
      <MapTile TileID="506" AltIDMod="0" />
    </MapTiles>
    <StaticTiles />
  </TransInfo>
  <TransInfo Description="Grass To Stars" HashKey="0E010101010E0E0101">
    <MapTiles>
      <MapTile TileID="506" AltIDMod="0" />
    </MapTiles>
    <StaticTiles />
  </TransInfo>
  <TransInfo Description="Grass To Stars" HashKey="010E010E010101010E">
    <MapTiles>
      <MapTile TileID="506" AltIDMod="0" />
    </MapTiles>
    <StaticTiles />
  </TransInfo>
  <TransInfo Description="Grass To Stars" HashKey="0E0E0E0E010E0E0E0E">
    <MapTiles>
      <MapTile TileID="506" AltIDMod="0" />
    </MapTiles>
    <StaticTiles />
  </TransInfo>
  <TransInfo Description="Grass To Stars" HashKey="01010E0E0101010E0E">
    <MapTiles>
      <MapTile TileID="506" AltIDMod="0" />
    </MapTiles>
    <StaticTiles />
  </TransInfo>
  <TransInfo Description="Grass To Stars" HashKey="010E0E0E01010E0E01">
    <MapTiles>
      <MapTile TileID="506" AltIDMod="0" />
    </MapTiles>
    <StaticTiles />
  </TransInfo>
  <TransInfo Description="Grass To Stars" HashKey="0E0101010101010E01">
    <MapTiles>
      <MapTile TileID="4" AltIDMod="0" />
    </MapTiles>
    <StaticTiles>
      <StaticTile TileID="12965" AltIDMod="0" />
    </StaticTiles>
  </TransInfo>
  <TransInfo Description="Grass To Stars" HashKey="0E010101010E010E01">
    <MapTiles>
      <MapTile TileID="506" AltIDMod="0" />
    </MapTiles>
    <StaticTiles />
  </TransInfo>
  <TransInfo Description="Grass To Stars" HashKey="010E0101010E0E0E01">
    <MapTiles>
      <MapTile TileID="506" AltIDMod="0" />
    </MapTiles>
    <StaticTiles />
  </TransInfo>
  <TransInfo Description="Grass To Stars" HashKey="010E010E010E010E0E">
    <MapTiles>
      <MapTile TileID="506" AltIDMod="0" />
    </MapTiles>
    <StaticTiles />
  </TransInfo>
  <TransInfo Description="Grass To Stars" HashKey="01010E0E010E01010E">
    <MapTiles>
      <MapTile TileID="506" AltIDMod="0" />
    </MapTiles>
    <StaticTiles />
  </TransInfo>
  <TransInfo Description="Grass To Stars" HashKey="01010E010101010E01">
    <MapTiles>
      <MapTile TileID="4" AltIDMod="0" />
    </MapTiles>
    <StaticTiles>
      <StaticTile TileID="12962" AltIDMod="0" />
    </StaticTiles>
  </TransInfo>
  <TransInfo Description="Grass To Stars" HashKey="0E010E0E010E010E0E">
    <MapTiles>
      <MapTile TileID="506" AltIDMod="0" />
    </MapTiles>
    <StaticTiles />
  </TransInfo>
  <TransInfo Description="Grass To Stars" HashKey="010E0101010101010E">
    <MapTiles>
      <MapTile TileID="5" AltIDMod="0" />
    </MapTiles>
    <StaticTiles>
      <StaticTile TileID="12963" AltIDMod="0" />
    </StaticTiles>
  </TransInfo>
  <TransInfo Description="Grass To Stars" HashKey="010E0E01010E010E01">
    <MapTiles>
      <MapTile TileID="506" AltIDMod="0" />
    </MapTiles>
    <StaticTiles />
  </TransInfo>
  <TransInfo Description="Grass To Stars" HashKey="0E01010101010E0101">
    <MapTiles>
      <MapTile TileID="6" AltIDMod="0" />
    </MapTiles>
    <StaticTiles>
      <StaticTile TileID="12976" AltIDMod="0" />
      <StaticTile TileID="12977" AltIDMod="0" />
    </StaticTiles>
  </TransInfo>
  <TransInfo Description="Grass To Stars" HashKey="0E010E01010E0E0101">
    <MapTiles>
      <MapTile TileID="506" AltIDMod="0" />
    </MapTiles>
    <StaticTiles />
  </TransInfo>
  <TransInfo Description="Grass To Stars" HashKey="0E0101010101010101">
    <MapTiles>
      <MapTile TileID="6" AltIDMod="0" />
    </MapTiles>
    <StaticTiles>
      <StaticTile TileID="12967" AltIDMod="0" />
    </StaticTiles>
  </TransInfo>
  <TransInfo Description="Grass To Stars" HashKey="010E0101010E010101">
    <MapTiles>
      <MapTile TileID="5" AltIDMod="0" />
    </MapTiles>
    <StaticTiles>
      <StaticTile TileID="12963" AltIDMod="0" />
    </StaticTiles>
  </TransInfo>
  <TransInfo Description="Grass To Stars" HashKey="010E010E010E0E010E">
    <MapTiles>
      <MapTile TileID="506" AltIDMod="0" />
    </MapTiles>
    <StaticTiles />
  </TransInfo>
  <TransInfo Description="Grass To Stars" HashKey="010E0101010E0E0101">
    <MapTiles>
      <MapTile TileID="506" AltIDMod="0" />
    </MapTiles>
    <StaticTiles />
  </TransInfo>
  <TransInfo Description="Grass To Stars" HashKey="01010E0E010E0E0E0E">
    <MapTiles>
      <MapTile TileID="506" AltIDMod="0" />
    </MapTiles>
    <StaticTiles />
  </TransInfo>
  <TransInfo Description="Grass To Stars" HashKey="0E0E01010101010101">
    <MapTiles>
      <MapTile TileID="4" AltIDMod="0" />
    </MapTiles>
    <StaticTiles>
      <StaticTile TileID="12972" AltIDMod="0" />
      <StaticTile TileID="12973" AltIDMod="0" />
    </StaticTiles>
  </TransInfo>
  <TransInfo Description="Grass To Stars" HashKey="01010E010101010101">
    <MapTiles>
      <MapTile TileID="5" AltIDMod="0" />
    </MapTiles>
    <StaticTiles>
      <StaticTile TileID="12966" AltIDMod="0" />
    </StaticTiles>
  </TransInfo>
  <TransInfo Description="Grass To Stars" HashKey="010E0E01010E0E0101">
    <MapTiles>
      <MapTile TileID="506" AltIDMod="0" />
    </MapTiles>
    <StaticTiles />
  </TransInfo>
  <TransInfo Description="Grass To Stars" HashKey="0E0E010101010E0101">
    <MapTiles>
      <MapTile TileID="3" AltIDMod="0" />
    </MapTiles>
    <StaticTiles>
      <StaticTile TileID="12964" AltIDMod="0" />
    </StaticTiles>
  </TransInfo>
  <TransInfo Description="Grass To Stars" HashKey="010E0E0E010E0E010E">
    <MapTiles>
      <MapTile TileID="506" AltIDMod="0" />
    </MapTiles>
    <StaticTiles />
  </TransInfo>
  <TransInfo Description="Grass To Stars" HashKey="010E0E01010E010101">
    <MapTiles>
      <MapTile TileID="5" AltIDMod="0" />
    </MapTiles>
    <StaticTiles>
      <StaticTile TileID="12963" AltIDMod="0" />
    </StaticTiles>
  </TransInfo>
  <TransInfo Description="Grass To Stars" HashKey="0E0E010E010E0E0E0E">
    <MapTiles>
      <MapTile TileID="506" AltIDMod="0" />
    </MapTiles>
    <StaticTiles />
  </TransInfo>
  <TransInfo Description="Grass To Stars" HashKey="0E01010101010E0E01">
    <MapTiles>
      <MapTile TileID="4" AltIDMod="0" />
    </MapTiles>
    <StaticTiles>
      <StaticTile TileID="12965" AltIDMod="0" />
    </StaticTiles>
  </TransInfo>
  <TransInfo Description="Grass To Stars" HashKey="010E0101010E010E01">
    <MapTiles>
      <MapTile TileID="506" AltIDMod="0" />
    </MapTiles>
    <StaticTiles />
  </TransInfo>
  <TransInfo Description="Grass To Stars" HashKey="0101010E010101010E">
    <MapTiles>
      <MapTile TileID="4" AltIDMod="0" />
    </MapTiles>
    <StaticTiles>
      <StaticTile TileID="12965" AltIDMod="0" />
    </StaticTiles>
  </TransInfo>
  <TransInfo Description="Grass To Stars" HashKey="0E0E0E010101010E01">
    <MapTiles>
      <MapTile TileID="506" AltIDMod="0" />
    </MapTiles>
    <StaticTiles />
  </TransInfo>
  <TransInfo Description="Grass To Stars" HashKey="0E010E01010E0E0E0E">
    <MapTiles>
      <MapTile TileID="506" AltIDMod="0" />
    </MapTiles>
    <StaticTiles />
  </TransInfo>
  <TransInfo Description="Grass To Stars" HashKey="0E0E0E0E01010E0E0E">
    <MapTiles>
      <MapTile TileID="506" AltIDMod="0" />
    </MapTiles>
    <StaticTiles />
  </TransInfo>
  <TransInfo Description="Grass To Stars" HashKey="0E010E0E01010E0E0E">
    <MapTiles>
      <MapTile TileID="506" AltIDMod="0" />
    </MapTiles>
    <StaticTiles />
  </TransInfo>
  <TransInfo Description="Grass To Stars" HashKey="01010E0101010E0E01">
    <MapTiles>
      <MapTile TileID="4" AltIDMod="0" />
    </MapTiles>
    <StaticTiles>
      <StaticTile TileID="12962" AltIDMod="0" />
    </StaticTiles>
  </TransInfo>
  <TransInfo Description="Grass To Stars" HashKey="0E0E0E0E01010E010E">
    <MapTiles>
      <MapTile TileID="506" AltIDMod="0" />
    </MapTiles>
    <StaticTiles />
  </TransInfo>
  <TransInfo Description="Grass To Stars" HashKey="0E0E01010101010E01">
    <MapTiles>
      <MapTile TileID="506" AltIDMod="0" />
    </MapTiles>
    <StaticTiles />
  </TransInfo>
  <TransInfo Description="Grass To Stars" HashKey="010E0E0E010E010E0E">
    <MapTiles>
      <MapTile TileID="506" AltIDMod="0" />
    </MapTiles>
    <StaticTiles />
  </TransInfo>
  <TransInfo Description="Grass To Stars" HashKey="010E0E01010E0E0E01">
    <MapTiles>
      <MapTile TileID="506" AltIDMod="0" />
    </MapTiles>
    <StaticTiles />
  </TransInfo>
  <TransInfo Description="Grass To Stars" HashKey="0E0E010E010E01010E">
    <MapTiles>
      <MapTile TileID="506" AltIDMod="0" />
    </MapTiles>
    <StaticTiles />
  </TransInfo>
  <TransInfo Description="Grass To Stars" HashKey="0E01010E010E010E01">
    <MapTiles>
      <MapTile TileID="506" AltIDMod="0" />
    </MapTiles>
    <StaticTiles />
  </TransInfo>
  <TransInfo Description="Grass To Stars" HashKey="010E010E01010E0E01">
    <MapTiles>
      <MapTile TileID="506" AltIDMod="0" />
    </MapTiles>
    <StaticTiles />
  </TransInfo>
  <TransInfo Description="Grass To Stars" HashKey="0101010E01010E0E0E">
    <MapTiles>
      <MapTile TileID="4" AltIDMod="0" />
    </MapTiles>
    <StaticTiles>
      <StaticTile TileID="12965" AltIDMod="0" />
    </StaticTiles>
  </TransInfo>
  <TransInfo Description="Grass To Stars" HashKey="0E010E01010E0E010E">
    <MapTiles>
      <MapTile TileID="506" AltIDMod="0" />
    </MapTiles>
    <StaticTiles />
  </TransInfo>
  <TransInfo Description="Grass To Stars" HashKey="0E010E01010E01010E">
    <MapTiles>
      <MapTile TileID="5" AltIDMod="0" />
    </MapTiles>
    <StaticTiles>
      <StaticTile TileID="12963" AltIDMod="0" />
    </StaticTiles>
  </TransInfo>
  <TransInfo Description="Grass To Stars" HashKey="010E0E0E010101010E">
    <MapTiles>
      <MapTile TileID="506" AltIDMod="0" />
    </MapTiles>
    <StaticTiles />
  </TransInfo>
  <TransInfo Description="Grass To Stars" HashKey="0E010E0E010E0E010E">
    <MapTiles>
      <MapTile TileID="506" AltIDMod="0" />
    </MapTiles>
    <StaticTiles />
  </TransInfo>
  <TransInfo Description="Grass To Stars" HashKey="0E0E010E0101010E0E">
    <MapTiles>
      <MapTile TileID="506" AltIDMod="0" />
    </MapTiles>
    <StaticTiles />
  </TransInfo>
  <TransInfo Description="Grass To Stars" HashKey="0E01010E0101010101">
    <MapTiles>
      <MapTile TileID="6" AltIDMod="0" />
    </MapTiles>
    <StaticTiles>
      <StaticTile TileID="12976" AltIDMod="0" />
      <StaticTile TileID="12977" AltIDMod="0" />
    </StaticTiles>
  </TransInfo>
  <TransInfo Description="Grass To Stars" HashKey="0E01010E010E0E0101">
    <MapTiles>
      <MapTile TileID="506" AltIDMod="0" />
    </MapTiles>
    <StaticTiles />
  </TransInfo>
  <TransInfo Description="Grass To Stars" HashKey="0101010E010E0E0E0E">
    <MapTiles>
      <MapTile TileID="506" AltIDMod="0" />
    </MapTiles>
    <StaticTiles />
  </TransInfo>
  <TransInfo Description="Grass To Stars" HashKey="0E01010E010E010101">
    <MapTiles>
      <MapTile TileID="506" AltIDMod="0" />
    </MapTiles>
    <StaticTiles />
  </TransInfo>
  <TransInfo Description="Grass To Stars" HashKey="010E010E0101010101">
    <MapTiles>
      <MapTile TileID="3" AltIDMod="0" />
    </MapTiles>
    <StaticTiles>
      <StaticTile TileID="12964" AltIDMod="0" />
    </StaticTiles>
  </TransInfo>
  <TransInfo Description="Grass To Stars" HashKey="010E010E01010E0101">
    <MapTiles>
      <MapTile TileID="3" AltIDMod="0" />
    </MapTiles>
    <StaticTiles>
      <StaticTile TileID="12964" AltIDMod="0" />
    </StaticTiles>
  </TransInfo>
  <TransInfo Description="Grass To Stars" HashKey="0E010E0E010E0E0E0E">
    <MapTiles>
      <MapTile TileID="506" AltIDMod="0" />
    </MapTiles>
    <StaticTiles />
  </TransInfo>
  <TransInfo Description="Grass To Stars" HashKey="010E0E0E01010E0E0E">
    <MapTiles>
      <MapTile TileID="506" AltIDMod="0" />
    </MapTiles>
    <StaticTiles />
  </TransInfo>
  <TransInfo Description="Grass To Stars" HashKey="0E0E010E01010E010E">
    <MapTiles>
      <MapTile TileID="506" AltIDMod="0" />
    </MapTiles>
    <StaticTiles />
  </TransInfo>
  <TransInfo Description="Grass To Stars" HashKey="010E0E0E0101010101">
    <MapTiles>
      <MapTile TileID="3" AltIDMod="0" />
    </MapTiles>
    <StaticTiles>
      <StaticTile TileID="12964" AltIDMod="0" />
    </StaticTiles>
  </TransInfo>
  <TransInfo Description="Grass To Stars" HashKey="0101010E010E01010E">
    <MapTiles>
      <MapTile TileID="506" AltIDMod="0" />
    </MapTiles>
    <StaticTiles />
  </TransInfo>
  <TransInfo Description="Grass To Stars" HashKey="0E01010E010E0E0E01">
    <MapTiles>
      <MapTile TileID="506" AltIDMod="0" />
    </MapTiles>
    <StaticTiles />
  </TransInfo>
  <TransInfo Description="Grass To Stars" HashKey="010E010E010E010E01">
    <MapTiles>
      <MapTile TileID="506" AltIDMod="0" />
    </MapTiles>
    <StaticTiles />
  </TransInfo>
  <TransInfo Description="Grass To Stars" HashKey="010E010E0101010E01">
    <MapTiles>
      <MapTile TileID="506" AltIDMod="0" />
    </MapTiles>
    <StaticTiles />
  </TransInfo>
  <TransInfo Description="Grass To Stars" HashKey="01010101010E010E0E">
    <MapTiles>
      <MapTile TileID="4" AltIDMod="0" />
    </MapTiles>
    <StaticTiles>
      <StaticTile TileID="12962" AltIDMod="0" />
    </StaticTiles>
  </TransInfo>
  <TransInfo Description="Grass To Stars" HashKey="0E010E0E010101010E">
    <MapTiles>
      <MapTile TileID="506" AltIDMod="0" />
    </MapTiles>
    <StaticTiles />
  </TransInfo>
  <TransInfo Description="Grass To Stars" HashKey="01010E0E010E010E01">
    <MapTiles>
      <MapTile TileID="506" AltIDMod="0" />
    </MapTiles>
    <StaticTiles />
  </TransInfo>
  <TransInfo Description="Grass To Stars" HashKey="0E0E0E0E0101010101">
    <MapTiles>
      <MapTile TileID="3" AltIDMod="0" />
    </MapTiles>
    <StaticTiles>
      <StaticTile TileID="12964" AltIDMod="0" />
    </StaticTiles>
  </TransInfo>
  <TransInfo Description="Grass To Stars" HashKey="010E010E010E0E0101">
    <MapTiles>
      <MapTile TileID="506" AltIDMod="0" />
    </MapTiles>
    <StaticTiles />
  </TransInfo>
  <TransInfo Description="Grass To Stars" HashKey="0E0E0E0E01010E0101">
    <MapTiles>
      <MapTile TileID="3" AltIDMod="0" />
    </MapTiles>
    <StaticTiles>
      <StaticTile TileID="12964" AltIDMod="0" />
    </StaticTiles>
  </TransInfo>
  <TransInfo Description="Grass To Stars" HashKey="010E0101010E0E010E">
    <MapTiles>
      <MapTile TileID="506" AltIDMod="0" />
    </MapTiles>
    <StaticTiles />
  </TransInfo>
  <TransInfo Description="Grass To Stars" HashKey="010E010E010E010101">
    <MapTiles>
      <MapTile TileID="506" AltIDMod="0" />
    </MapTiles>
    <StaticTiles />
  </TransInfo>
  <TransInfo Description="Grass To Stars" HashKey="0E0E0E01010E0E0E0E">
    <MapTiles>
      <MapTile TileID="506" AltIDMod="0" />
    </MapTiles>
    <StaticTiles />
  </TransInfo>
  <TransInfo Description="Grass To Stars" HashKey="010E01010101010E0E">
    <MapTiles>
      <MapTile TileID="506" AltIDMod="0" />
    </MapTiles>
    <StaticTiles />
  </TransInfo>
  <TransInfo Description="Grass To Stars" HashKey="0E0E010101010E0E0E">
    <MapTiles>
      <MapTile TileID="506" AltIDMod="0" />
    </MapTiles>
    <StaticTiles />
  </TransInfo>
  <TransInfo Description="Grass To Stars" HashKey="0E010E0101010E0E0E">
    <MapTiles>
      <MapTile TileID="506" AltIDMod="0" />
    </MapTiles>
    <StaticTiles />
  </TransInfo>
  <TransInfo Description="Grass To Stars" HashKey="01010E01010101010E">
    <MapTiles>
      <MapTile TileID="5" AltIDMod="0" />
    </MapTiles>
    <StaticTiles>
      <StaticTile TileID="12971" AltIDMod="0" />
      <StaticTile TileID="12970" AltIDMod="0" />
    </StaticTiles>
  </TransInfo>
  <TransInfo Description="Grass To Stars" HashKey="0E0E010101010E010E">
    <MapTiles>
      <MapTile TileID="506" AltIDMod="0" />
    </MapTiles>
    <StaticTiles />
  </TransInfo>
  <TransInfo Description="Grass To Stars" HashKey="010E0E01010E01010E">
    <MapTiles>
      <MapTile TileID="5" AltIDMod="0" />
    </MapTiles>
    <StaticTiles>
      <StaticTile TileID="12963" AltIDMod="0" />
    </StaticTiles>
  </TransInfo>
  <TransInfo Description="Grass To Stars" HashKey="0E0E010E010E0E0E01">
    <MapTiles>
      <MapTile TileID="506" AltIDMod="0" />
    </MapTiles>
    <StaticTiles />
  </TransInfo>
  <TransInfo Description="Grass To Stars" HashKey="0E01010101010E0E0E">
    <MapTiles>
      <MapTile TileID="4" AltIDMod="0" />
    </MapTiles>
    <StaticTiles>
      <StaticTile TileID="12965" AltIDMod="0" />
    </StaticTiles>
  </TransInfo>
  <TransInfo Description="Grass To Stars" HashKey="0E0E0E0E0101010E01">
    <MapTiles>
      <MapTile TileID="506" AltIDMod="0" />
    </MapTiles>
    <StaticTiles />
  </TransInfo>
  <TransInfo Description="Grass To Stars" HashKey="0101010101010E0E0E">
    <MapTiles>
      <MapTile TileID="3" AltIDMod="0" />
    </MapTiles>
    <StaticTiles>
      <StaticTile TileID="12974" AltIDMod="0" />
      <StaticTile TileID="12975" AltIDMod="0" />
    </StaticTiles>
  </TransInfo>
  <TransInfo Description="Grass To Stars" HashKey="010E010E010E0E0E01">
    <MapTiles>
      <MapTile TileID="506" AltIDMod="0" />
    </MapTiles>
    <StaticTiles />
  </TransInfo>
  <TransInfo Description="Grass To Stars" HashKey="0E0E0E01010E01010E">
    <MapTiles>
      <MapTile TileID="5" AltIDMod="0" />
    </MapTiles>
    <StaticTiles>
      <StaticTile TileID="12963" AltIDMod="0" />
    </StaticTiles>
  </TransInfo>
  <TransInfo Description="Grass To Stars" HashKey="010E010101010E010E">
    <MapTiles>
      <MapTile TileID="506" AltIDMod="0" />
    </MapTiles>
    <StaticTiles />
  </TransInfo>
  <TransInfo Description="Grass To Stars" HashKey="010E0E0101010E010E">
    <MapTiles>
      <MapTile TileID="506" AltIDMod="0" />
    </MapTiles>
    <StaticTiles />
  </TransInfo>
  <TransInfo Description="Grass To Stars" HashKey="0E010E01010101010E">
    <MapTiles>
      <MapTile TileID="5" AltIDMod="0" />
    </MapTiles>
    <StaticTiles>
      <StaticTile TileID="12963" AltIDMod="0" />
    </StaticTiles>
  </TransInfo>
  <TransInfo Description="Grass To Stars" HashKey="010E0E010101010E0E">
    <MapTiles>
      <MapTile TileID="506" AltIDMod="0" />
    </MapTiles>
    <StaticTiles />
  </TransInfo>
  <TransInfo Description="Grass To Stars" HashKey="01010E0101010E0E0E">
    <MapTiles>
      <MapTile TileID="4" AltIDMod="0" />
    </MapTiles>
    <StaticTiles>
      <StaticTile TileID="12962" AltIDMod="0" />
    </StaticTiles>
  </TransInfo>
  <TransInfo Description="Grass To Stars" HashKey="0E0E01010101010E0E">
    <MapTiles>
      <MapTile TileID="506" AltIDMod="0" />
    </MapTiles>
    <StaticTiles />
  </TransInfo>
  <TransInfo Description="Grass To Stars" HashKey="010E0E01010E0E0E0E">
    <MapTiles>
      <MapTile TileID="506" AltIDMod="0" />
    </MapTiles>
    <StaticTiles />
  </TransInfo>
  <TransInfo Description="Grass To Stars" HashKey="0E0E010E010E010101">
    <MapTiles>
      <MapTile TileID="506" AltIDMod="0" />
    </MapTiles>
    <StaticTiles />
  </TransInfo>
  <TransInfo Description="Grass To Stars" HashKey="0E0E0101010E0E010E">
    <MapTiles>
      <MapTile TileID="506" AltIDMod="0" />
    </MapTiles>
    <StaticTiles />
  </TransInfo>
  <TransInfo Description="Grass To Stars" HashKey="0E0E010E010E0E0101">
    <MapTiles>
      <MapTile TileID="506" AltIDMod="0" />
    </MapTiles>
    <StaticTiles />
  </TransInfo>
  <TransInfo Description="Grass To Stars" HashKey="01010101010101010E">
    <MapTiles>
      <MapTile TileID="3" AltIDMod="0" />
    </MapTiles>
    <StaticTiles>
      <StaticTile TileID="12968" AltIDMod="0" />
    </StaticTiles>
  </TransInfo>
  <TransInfo Description="Grass To Stars" HashKey="0E0E0E010101010E0E">
    <MapTiles>
      <MapTile TileID="506" AltIDMod="0" />
    </MapTiles>
    <StaticTiles />
  </TransInfo>
  <TransInfo Description="Grass To Stars" HashKey="0E010E0E010E0E0E01">
    <MapTiles>
      <MapTile TileID="506" AltIDMod="0" />
    </MapTiles>
    <StaticTiles />
  </TransInfo>
  <TransInfo Description="Grass To Stars" HashKey="01010E01010E0E0E0E">
    <MapTiles>
      <MapTile TileID="4" AltIDMod="0" />
    </MapTiles>
    <StaticTiles>
      <StaticTile TileID="12962" AltIDMod="0" />
    </StaticTiles>
  </TransInfo>
  <TransInfo Description="Grass To Stars" HashKey="010E0E0101010E0E0E">
    <MapTiles>
      <MapTile TileID="506" AltIDMod="0" />
    </MapTiles>
    <StaticTiles />
  </TransInfo>
  <TransInfo Description="Grass To Stars" HashKey="01010E0E01010E0E0E">
    <MapTiles>
      <MapTile TileID="506" AltIDMod="0" />
    </MapTiles>
    <StaticTiles />
  </TransInfo>
  <TransInfo Description="Grass To Stars" HashKey="0E0E010E0101010E01">
    <MapTiles>
      <MapTile TileID="506" AltIDMod="0" />
    </MapTiles>
    <StaticTiles />
  </TransInfo>
  <TransInfo Description="Grass To Stars" HashKey="0E0E010E010E010E01">
    <MapTiles>
      <MapTile TileID="506" AltIDMod="0" />
    </MapTiles>
    <StaticTiles />
  </TransInfo>
  <TransInfo Description="Grass To Stars" HashKey="0101010E010E0E0E01">
    <MapTiles>
      <MapTile TileID="506" AltIDMod="0" />
    </MapTiles>
    <StaticTiles />
  </TransInfo>
  <TransInfo Description="Grass To Stars" HashKey="0E01010E010E01010E">
    <MapTiles>
      <MapTile TileID="506" AltIDMod="0" />
    </MapTiles>
    <StaticTiles />
  </TransInfo>
  <TransInfo Description="Grass To Stars" HashKey="0E0E0E0101010E010E">
    <MapTiles>
      <MapTile TileID="506" AltIDMod="0" />
    </MapTiles>
    <StaticTiles />
  </TransInfo>
  <TransInfo Description="Grass To Stars" HashKey="010E010E01010E010E">
    <MapTiles>
      <MapTile TileID="506" AltIDMod="0" />
    </MapTiles>
    <StaticTiles />
  </TransInfo>
  <TransInfo Description="Grass To Stars" HashKey="01010E01010E01010E">
    <MapTiles>
      <MapTile TileID="5" AltIDMod="0" />
    </MapTiles>
    <StaticTiles>
      <StaticTile TileID="12971" AltIDMod="0" />
      <StaticTile TileID="12970" AltIDMod="0" />
    </StaticTiles>
  </TransInfo>
  <TransInfo Description="Grass To Stars" HashKey="0E0E0E0E010E010101">
    <MapTiles>
      <MapTile TileID="506" AltIDMod="0" />
    </MapTiles>
    <StaticTiles />
  </TransInfo>
  <TransInfo Description="Grass To Stars" HashKey="0E010E0E010E0E0101">
    <MapTiles>
      <MapTile TileID="506" AltIDMod="0" />
    </MapTiles>
    <StaticTiles />
  </TransInfo>
  <TransInfo Description="Grass To Stars" HashKey="010E0E01010101010E">
    <MapTiles>
      <MapTile TileID="5" AltIDMod="0" />
    </MapTiles>
    <StaticTiles>
      <StaticTile TileID="12963" AltIDMod="0" />
    </StaticTiles>
  </TransInfo>
  <TransInfo Description="Grass To Stars" HashKey="0E0E010E01010E0101">
    <MapTiles>
      <MapTile TileID="3" AltIDMod="0" />
    </MapTiles>
    <StaticTiles>
      <StaticTile TileID="12964" AltIDMod="0" />
    </StaticTiles>
  </TransInfo>
  <TransInfo Description="Grass To Stars" HashKey="0E0E010E0101010101">
    <MapTiles>
      <MapTile TileID="3" AltIDMod="0" />
    </MapTiles>
    <StaticTiles>
      <StaticTile TileID="12964" AltIDMod="0" />
    </StaticTiles>
  </TransInfo>
  <TransInfo Description="Grass To Stars" HashKey="0101010E010E010101">
    <MapTiles>
      <MapTile TileID="506" AltIDMod="0" />
    </MapTiles>
    <StaticTiles />
  </TransInfo>
  <TransInfo Description="Grass To Stars" HashKey="01010101010E0E010E">
    <MapTiles>
      <MapTile TileID="4" AltIDMod="0" />
    </MapTiles>
    <StaticTiles>
      <StaticTile TileID="12962" AltIDMod="0" />
    </StaticTiles>
  </TransInfo>
  <TransInfo Description="Grass To Stars" HashKey="0101010E010E0E0101">
    <MapTiles>
      <MapTile TileID="506" AltIDMod="0" />
    </MapTiles>
    <StaticTiles />
  </TransInfo>
  <TransInfo Description="Grass To Stars" HashKey="010E010E0101010E0E">
    <MapTiles>
      <MapTile TileID="506" AltIDMod="0" />
    </MapTiles>
    <StaticTiles />
  </TransInfo>
  <TransInfo Description="Grass To Stars" HashKey="01010E0E010101010E">
    <MapTiles>
      <MapTile TileID="506" AltIDMod="0" />
    </MapTiles>
    <StaticTiles />
  </TransInfo>
  <TransInfo Description="Grass To Stars" HashKey="0E010E0E0101010101">
    <MapTiles>
      <MapTile TileID="3" AltIDMod="0" />
    </MapTiles>
    <StaticTiles>
      <StaticTile TileID="12964" AltIDMod="0" />
    </StaticTiles>
  </TransInfo>
  <TransInfo Description="Grass To Stars" HashKey="0E01010E01010E0E0E">
    <MapTiles>
      <MapTile TileID="4" AltIDMod="0" />
    </MapTiles>
    <StaticTiles>
      <StaticTile TileID="12965" AltIDMod="0" />
    </StaticTiles>
  </TransInfo>
  <TransInfo Description="Grass To Stars" HashKey="0E010E01010E010E01">
    <MapTiles>
      <MapTile TileID="506" AltIDMod="0" />
    </MapTiles>
    <StaticTiles />
  </TransInfo>
  <TransInfo Description="Grass To Stars" HashKey="0E0E010E01010E0E01">
    <MapTiles>
      <MapTile TileID="506" AltIDMod="0" />
    </MapTiles>
    <StaticTiles />
  </TransInfo>
  <TransInfo Description="Grass To Stars" HashKey="0101010E010E010E01">
    <MapTiles>
      <MapTile TileID="506" AltIDMod="0" />
    </MapTiles>
    <StaticTiles />
  </TransInfo>
  <TransInfo Description="Grass To Stars" HashKey="010E010E010E01010E">
    <MapTiles>
      <MapTile TileID="506" AltIDMod="0" />
    </MapTiles>
    <StaticTiles />
  </TransInfo>
  <TransInfo Description="Grass To Stars" HashKey="0E0E0E01010E0E0E01">
    <MapTiles>
      <MapTile TileID="506" AltIDMod="0" />
    </MapTiles>
    <StaticTiles />
  </TransInfo>
  <TransInfo Description="Grass To Stars" HashKey="0E0E0E0E010E010E0E">
    <MapTiles>
      <MapTile TileID="506" AltIDMod="0" />
    </MapTiles>
    <StaticTiles />
  </TransInfo>
  <TransInfo Description="Grass To Stars" HashKey="010E01010101010E01">
    <MapTiles>
      <MapTile TileID="506" AltIDMod="0" />
    </MapTiles>
    <StaticTiles />
  </TransInfo>
  <TransInfo Description="Grass To Stars" HashKey="0E010E0101010E0E01">
    <MapTiles>
      <MapTile TileID="506" AltIDMod="0" />
    </MapTiles>
    <StaticTiles />
  </TransInfo>
  <TransInfo Description="Grass To Stars" HashKey="010E0E0E010E01010E">
    <MapTiles>
      <MapTile TileID="506" AltIDMod="0" />
    </MapTiles>
    <StaticTiles />
  </TransInfo>
  <TransInfo Description="Grass To Stars" HashKey="0E0E0E0E010E010E01">
    <MapTiles>
      <MapTile TileID="506" AltIDMod="0" />
    </MapTiles>
    <StaticTiles />
  </TransInfo>
  <TransInfo Description="Grass To Stars" HashKey="0E0E010101010E0E01">
    <MapTiles>
      <MapTile TileID="506" AltIDMod="0" />
    </MapTiles>
    <StaticTiles />
  </TransInfo>
  <TransInfo Description="Grass To Stars" HashKey="0E01010E010101010E">
    <MapTiles>
      <MapTile TileID="4" AltIDMod="0" />
    </MapTiles>
    <StaticTiles>
      <StaticTile TileID="12965" AltIDMod="0" />
    </StaticTiles>
  </TransInfo>
  <TransInfo Description="Grass To Stars" HashKey="0E0E0101010E010E01">
    <MapTiles>
      <MapTile TileID="506" AltIDMod="0" />
    </MapTiles>
    <StaticTiles />
  </TransInfo>
  <TransInfo Description="Grass To Stars" HashKey="0E0E0E0E0101010E0E">
    <MapTiles>
      <MapTile TileID="506" AltIDMod="0" />
    </MapTiles>
    <StaticTiles />
  </TransInfo>
  <TransInfo Description="Grass To Stars" HashKey="0101010101010E0E01">
    <MapTiles>
      <MapTile TileID="3" AltIDMod="0" />
    </MapTiles>
    <StaticTiles>
      <StaticTile TileID="12974" AltIDMod="0" />
      <StaticTile TileID="12975" AltIDMod="0" />
    </StaticTiles>
  </TransInfo>
  <TransInfo Description="Grass To Stars" HashKey="010E010E010E0E0E0E">
    <MapTiles>
      <MapTile TileID="506" AltIDMod="0" />
    </MapTiles>
    <StaticTiles />
  </TransInfo>
  <TransInfo Description="Grass To Stars" HashKey="0E0E0E01010E010101">
    <MapTiles>
      <MapTile TileID="5" AltIDMod="0" />
    </MapTiles>
    <StaticTiles>
      <StaticTile TileID="12963" AltIDMod="0" />
    </StaticTiles>
  </TransInfo>
</Trans>