﻿<?xml version="1.0" encoding="utf-8"?>
<Trans>
    <TransInfo Description="Grass to Moss SN" HashKey="323232010101010101">
    <MapTiles>
      <MapTile TileID="15815" AltIDMod="0" />
      <MapTile TileID="15816" AltIDMod="0" />
    </MapTiles>
    <StaticTiles />
  </TransInfo>
  <TransInfo Description="Grass to Moss SN" HashKey="013232010101010101">
    <MapTiles>
      <MapTile TileID="15815" AltIDMod="0" />
      <MapTile TileID="15816" AltIDMod="0" />
    </MapTiles>
    <StaticTiles />
  </TransInfo>
  <TransInfo Description="Grass to Moss SN" HashKey="323201010101010101">
    <MapTiles>
      <MapTile TileID="15815" AltIDMod="0" />
      <MapTile TileID="15816" AltIDMod="0" />
    </MapTiles>
    <StaticTiles />
  </TransInfo>
  <TransInfo Description="Grass to Moss SN" HashKey="013201010101010101">
    <MapTiles>
      <MapTile TileID="15815" AltIDMod="0" />
      <MapTile TileID="15816" AltIDMod="0" />
    </MapTiles>
    <StaticTiles />
  </TransInfo>
  <TransInfo Description="Grass to Moss SN" HashKey="320132010101010101">
    <MapTiles>
      <MapTile TileID="15815" AltIDMod="0" />
      <MapTile TileID="15816" AltIDMod="0" />
    </MapTiles>
    <StaticTiles />
  </TransInfo>
  <TransInfo Description="Grass to Moss EW" HashKey="320101320101320101">
    <MapTiles>
      <MapTile TileID="15811" AltIDMod="0" />
      <MapTile TileID="15812" AltIDMod="0" />
    </MapTiles>
    <StaticTiles />
  </TransInfo>
  <TransInfo Description="Grass to Moss EW" HashKey="320101320101010101">
    <MapTiles>
      <MapTile TileID="15811" AltIDMod="0" />
      <MapTile TileID="15812" AltIDMod="0" />
    </MapTiles>
    <StaticTiles />
  </TransInfo>
  <TransInfo Description="Grass to Moss EW" HashKey="010101320101320101">
    <MapTiles>
      <MapTile TileID="15811" AltIDMod="0" />
      <MapTile TileID="15812" AltIDMod="0" />
    </MapTiles>
    <StaticTiles />
  </TransInfo>
  <TransInfo Description="Grass to Moss EW" HashKey="010101320101010101">
    <MapTiles>
      <MapTile TileID="15811" AltIDMod="0" />
      <MapTile TileID="15812" AltIDMod="0" />
    </MapTiles>
    <StaticTiles />
  </TransInfo>
  <TransInfo Description="Grass to Moss EW" HashKey="320101010101320101">
    <MapTiles>
      <MapTile TileID="15811" AltIDMod="0" />
      <MapTile TileID="15812" AltIDMod="0" />
    </MapTiles>
    <StaticTiles />
  </TransInfo>
  <TransInfo Description="Grass to Moss WE" HashKey="010132010132010132">
    <MapTiles>
      <MapTile TileID="15817" AltIDMod="0" />
      <MapTile TileID="15818" AltIDMod="0" />
    </MapTiles>
    <StaticTiles />
  </TransInfo>
  <TransInfo Description="Grass to Moss WE" HashKey="010101010132010132">
    <MapTiles>
      <MapTile TileID="15817" AltIDMod="0" />
      <MapTile TileID="15818" AltIDMod="0" />
    </MapTiles>
    <StaticTiles />
  </TransInfo>
  <TransInfo Description="Grass to Moss WE" HashKey="010132010132010101">
    <MapTiles>
      <MapTile TileID="15817" AltIDMod="0" />
      <MapTile TileID="15818" AltIDMod="0" />
    </MapTiles>
    <StaticTiles />
  </TransInfo>
  <TransInfo Description="Grass to Moss WE" HashKey="010101010132010101">
    <MapTiles>
      <MapTile TileID="15817" AltIDMod="0" />
      <MapTile TileID="15818" AltIDMod="0" />
    </MapTiles>
    <StaticTiles />
  </TransInfo>
  <TransInfo Description="Grass to Moss WE" HashKey="010132010101010132">
    <MapTiles>
      <MapTile TileID="15817" AltIDMod="0" />
      <MapTile TileID="15818" AltIDMod="0" />
    </MapTiles>
    <StaticTiles />
  </TransInfo>
  <TransInfo Description="Grass to Moss NS" HashKey="010101010101323232">
    <MapTiles>
      <MapTile TileID="15813" AltIDMod="0" />
      <MapTile TileID="15814" AltIDMod="0" />
    </MapTiles>
    <StaticTiles />
  </TransInfo>
  <TransInfo Description="Grass to Moss NS" HashKey="010101010101323201">
    <MapTiles>
      <MapTile TileID="15813" AltIDMod="0" />
      <MapTile TileID="15814" AltIDMod="0" />
    </MapTiles>
    <StaticTiles />
  </TransInfo>
  <TransInfo Description="Grass to Moss NS" HashKey="010101010101013232">
    <MapTiles>
      <MapTile TileID="15813" AltIDMod="0" />
      <MapTile TileID="15814" AltIDMod="0" />
    </MapTiles>
    <StaticTiles />
  </TransInfo>
  <TransInfo Description="Grass to Moss NS" HashKey="010101010101013201">
    <MapTiles>
      <MapTile TileID="15813" AltIDMod="0" />
      <MapTile TileID="15814" AltIDMod="0" />
    </MapTiles>
    <StaticTiles />
  </TransInfo>
  <TransInfo Description="Grass to Moss NS" HashKey="010101010101320132">
    <MapTiles>
      <MapTile TileID="15813" AltIDMod="0" />
      <MapTile TileID="15814" AltIDMod="0" />
    </MapTiles>
    <StaticTiles />
  </TransInfo>
  <TransInfo Description="Grass to Moss NWA" HashKey="010132010132323232">
    <MapTiles>
      <MapTile TileID="15830" AltIDMod="0" />
    </MapTiles>
    <StaticTiles />
  </TransInfo>
  <TransInfo Description="Grass to Moss NWA" HashKey="010101010132323232">
    <MapTiles>
      <MapTile TileID="15830" AltIDMod="0" />
    </MapTiles>
    <StaticTiles />
  </TransInfo>
  <TransInfo Description="Grass to Moss NWA" HashKey="010132010132013232">
    <MapTiles>
      <MapTile TileID="15830" AltIDMod="0" />
    </MapTiles>
    <StaticTiles />
  </TransInfo>
  <TransInfo Description="Grass to Moss NWA" HashKey="010101010132013232">
    <MapTiles>
      <MapTile TileID="15830" AltIDMod="0" />
    </MapTiles>
    <StaticTiles />
  </TransInfo>
  <TransInfo Description="Grass to Moss NWA" HashKey="010101010132013201">
    <MapTiles>
      <MapTile TileID="15830" AltIDMod="0" />
    </MapTiles>
    <StaticTiles />
  </TransInfo>
  <TransInfo Description="Grass to Moss NWA" HashKey="010132010101013232">
    <MapTiles>
      <MapTile TileID="15830" AltIDMod="0" />
    </MapTiles>
    <StaticTiles />
  </TransInfo>
  <TransInfo Description="Grass to Moss NWA" HashKey="010132010101323232">
    <MapTiles>
      <MapTile TileID="15830" AltIDMod="0" />
    </MapTiles>
    <StaticTiles />
  </TransInfo>
  <TransInfo Description="Grass to Moss NWA" HashKey="010132010101323201">
    <MapTiles>
      <MapTile TileID="15830" AltIDMod="0" />
    </MapTiles>
    <StaticTiles />
  </TransInfo>
  <TransInfo Description="Grass to Moss NWA" HashKey="010101010132320132">
    <MapTiles>
      <MapTile TileID="15830" AltIDMod="0" />
    </MapTiles>
    <StaticTiles />
  </TransInfo>
  <TransInfo Description="Grass to Moss NWA" HashKey="010132010132320132">
    <MapTiles>
      <MapTile TileID="15830" AltIDMod="0" />
    </MapTiles>
    <StaticTiles />
  </TransInfo>
  <TransInfo Description="Grass to Moss NWA" HashKey="010132010132323201">
    <MapTiles>
      <MapTile TileID="15830" AltIDMod="0" />
    </MapTiles>
    <StaticTiles />
  </TransInfo>
  <TransInfo Description="Grass to Moss NWA" HashKey="010132010132320101">
    <MapTiles>
      <MapTile TileID="15830" AltIDMod="0" />
    </MapTiles>
    <StaticTiles />
  </TransInfo>
  <TransInfo Description="Grass to Moss NWA" HashKey="010132010101013201">
    <MapTiles>
      <MapTile TileID="15830" AltIDMod="0" />
    </MapTiles>
    <StaticTiles />
  </TransInfo>
  <TransInfo Description="Grass to Moss NWA" HashKey="010101010132320101">
    <MapTiles>
      <MapTile TileID="15830" AltIDMod="0" />
    </MapTiles>
    <StaticTiles />
  </TransInfo>
  <TransInfo Description="Grass to Moss NWA" HashKey="010132010132013201">
    <MapTiles>
      <MapTile TileID="15830" AltIDMod="0" />
    </MapTiles>
    <StaticTiles />
  </TransInfo>
  <TransInfo Description="Grass to Moss NWA" HashKey="010132010101320132">
    <MapTiles>
      <MapTile TileID="15830" AltIDMod="0" />
    </MapTiles>
    <StaticTiles />
  </TransInfo>
  <TransInfo Description="Grass to Moss NWA" HashKey="010101010132323201">
    <MapTiles>
      <MapTile TileID="15830" AltIDMod="0" />
    </MapTiles>
    <StaticTiles />
  </TransInfo>
  <TransInfo Description="Grass to Moss" HashKey="323232320101320101">
    <MapTiles>
      <MapTile TileID="15832" AltIDMod="0" />
    </MapTiles>
    <StaticTiles />
  </TransInfo>
  <TransInfo Description="Grass to Moss" HashKey="323201320101320101">
    <MapTiles>
      <MapTile TileID="15832" AltIDMod="0" />
    </MapTiles>
    <StaticTiles />
  </TransInfo>
  <TransInfo Description="Grass to Moss" HashKey="323232320101010101">
    <MapTiles>
      <MapTile TileID="15832" AltIDMod="0" />
    </MapTiles>
    <StaticTiles />
  </TransInfo>
  <TransInfo Description="Grass to Moss" HashKey="323201320101010101">
    <MapTiles>
      <MapTile TileID="15832" AltIDMod="0" />
    </MapTiles>
    <StaticTiles />
  </TransInfo>
  <TransInfo Description="Grass to Moss" HashKey="320132320101010101">
    <MapTiles>
      <MapTile TileID="15832" AltIDMod="0" />
    </MapTiles>
    <StaticTiles />
  </TransInfo>
  <TransInfo Description="Grass to Moss" HashKey="323201010101320101">
    <MapTiles>
      <MapTile TileID="15832" AltIDMod="0" />
    </MapTiles>
    <StaticTiles />
  </TransInfo>
  <TransInfo Description="Grass to Moss" HashKey="013232010101320101">
    <MapTiles>
      <MapTile TileID="15832" AltIDMod="0" />
    </MapTiles>
    <StaticTiles />
  </TransInfo>
  <TransInfo Description="Grass to Moss" HashKey="320132010101320101">
    <MapTiles>
      <MapTile TileID="15832" AltIDMod="0" />
    </MapTiles>
    <StaticTiles />
  </TransInfo>
  <TransInfo Description="Grass to Moss" HashKey="323232010101320101">
    <MapTiles>
      <MapTile TileID="15832" AltIDMod="0" />
    </MapTiles>
    <StaticTiles />
  </TransInfo>
  <TransInfo Description="Grass to Moss" HashKey="013201320101010101">
    <MapTiles>
      <MapTile TileID="15832" AltIDMod="0" />
    </MapTiles>
    <StaticTiles />
  </TransInfo>
  <TransInfo Description="Grass to Moss" HashKey="320132320101320101">
    <MapTiles>
      <MapTile TileID="15832" AltIDMod="0" />
    </MapTiles>
    <StaticTiles />
  </TransInfo>
  <TransInfo Description="Grass to Moss" HashKey="010132320101320101">
    <MapTiles>
      <MapTile TileID="15832" AltIDMod="0" />
    </MapTiles>
    <StaticTiles />
  </TransInfo>
  <TransInfo Description="Grass to Moss" HashKey="013232320101320101">
    <MapTiles>
      <MapTile TileID="15832" AltIDMod="0" />
    </MapTiles>
    <StaticTiles />
  </TransInfo>
  <TransInfo Description="Grass to Moss" HashKey="010132320101010101">
    <MapTiles>
      <MapTile TileID="15832" AltIDMod="0" />
    </MapTiles>
    <StaticTiles />
  </TransInfo>
  <TransInfo Description="Grass to Moss" HashKey="013201320101320101">
    <MapTiles>
      <MapTile TileID="15832" AltIDMod="0" />
    </MapTiles>
    <StaticTiles />
  </TransInfo>
  <TransInfo Description="Grass to Moss" HashKey="013201010101320101">
    <MapTiles>
      <MapTile TileID="15832" AltIDMod="0" />
    </MapTiles>
    <StaticTiles />
  </TransInfo>
  <TransInfo Description="Grass to Moss" HashKey="013232320101010101">
    <MapTiles>
      <MapTile TileID="15832" AltIDMod="0" />
    </MapTiles>
    <StaticTiles />
  </TransInfo>
  <TransInfo Description="Grass to Moss" HashKey="320101320101323232">
    <MapTiles>
      <MapTile TileID="15823" AltIDMod="0" />
    </MapTiles>
    <StaticTiles />
  </TransInfo>
  <TransInfo Description="Grass to Moss" HashKey="010101320101323232">
    <MapTiles>
      <MapTile TileID="15823" AltIDMod="0" />
    </MapTiles>
    <StaticTiles />
  </TransInfo>
  <TransInfo Description="Grass to Moss" HashKey="320101320101323201">
    <MapTiles>
      <MapTile TileID="15823" AltIDMod="0" />
    </MapTiles>
    <StaticTiles />
  </TransInfo>
  <TransInfo Description="Grass to Moss" HashKey="010101320101323201">
    <MapTiles>
      <MapTile TileID="15823" AltIDMod="0" />
    </MapTiles>
    <StaticTiles />
  </TransInfo>
  <TransInfo Description="Grass to Moss" HashKey="010101320101013201">
    <MapTiles>
      <MapTile TileID="15823" AltIDMod="0" />
    </MapTiles>
    <StaticTiles />
  </TransInfo>
  <TransInfo Description="Grass to Moss" HashKey="320101320101010132">
    <MapTiles>
      <MapTile TileID="15823" AltIDMod="0" />
    </MapTiles>
    <StaticTiles />
  </TransInfo>
  <TransInfo Description="Grass to Moss" HashKey="320101010101323232">
    <MapTiles>
      <MapTile TileID="15823" AltIDMod="0" />
    </MapTiles>
    <StaticTiles />
  </TransInfo>
  <TransInfo Description="Grass to Moss" HashKey="320101010101323201">
    <MapTiles>
      <MapTile TileID="15823" AltIDMod="0" />
    </MapTiles>
    <StaticTiles />
  </TransInfo>
  <TransInfo Description="Grass to Moss" HashKey="320101010101013201">
    <MapTiles>
      <MapTile TileID="15823" AltIDMod="0" />
    </MapTiles>
    <StaticTiles />
  </TransInfo>
  <TransInfo Description="Grass to Moss" HashKey="010101320101320132">
    <MapTiles>
      <MapTile TileID="15823" AltIDMod="0" />
    </MapTiles>
    <StaticTiles />
  </TransInfo>
  <TransInfo Description="Grass to Moss" HashKey="320101320101320132">
    <MapTiles>
      <MapTile TileID="15823" AltIDMod="0" />
    </MapTiles>
    <StaticTiles />
  </TransInfo>
  <TransInfo Description="Grass to Moss" HashKey="320101010101013232">
    <MapTiles>
      <MapTile TileID="15823" AltIDMod="0" />
    </MapTiles>
    <StaticTiles />
  </TransInfo>
  <TransInfo Description="Grass to Moss" HashKey="320101320101013232">
    <MapTiles>
      <MapTile TileID="15823" AltIDMod="0" />
    </MapTiles>
    <StaticTiles />
  </TransInfo>
  <TransInfo Description="Grass to Moss" HashKey="010101320101013232">
    <MapTiles>
      <MapTile TileID="15823" AltIDMod="0" />
    </MapTiles>
    <StaticTiles />
  </TransInfo>
  <TransInfo Description="Grass to Moss" HashKey="010101320101010132">
    <MapTiles>
      <MapTile TileID="15823" AltIDMod="0" />
    </MapTiles>
    <StaticTiles />
  </TransInfo>
  <TransInfo Description="Grass to Moss" HashKey="320101010101320132">
    <MapTiles>
      <MapTile TileID="15823" AltIDMod="0" />
    </MapTiles>
    <StaticTiles />
  </TransInfo>
  <TransInfo Description="Grass to Moss" HashKey="320101320101013201">
    <MapTiles>
      <MapTile TileID="15823" AltIDMod="0" />
    </MapTiles>
    <StaticTiles />
  </TransInfo>
  <TransInfo Description="Grass to Moss" HashKey="323232010132010132">
    <MapTiles>
      <MapTile TileID="15826" AltIDMod="0" />
    </MapTiles>
    <StaticTiles />
  </TransInfo>
  <TransInfo Description="Grass to Moss" HashKey="323232010132010101">
    <MapTiles>
      <MapTile TileID="15826" AltIDMod="0" />
    </MapTiles>
    <StaticTiles />
  </TransInfo>
  <TransInfo Description="Grass to Moss" HashKey="013232010132010132">
    <MapTiles>
      <MapTile TileID="15826" AltIDMod="0" />
    </MapTiles>
    <StaticTiles />
  </TransInfo>
  <TransInfo Description="Grass to Moss" HashKey="013232010132010101">
    <MapTiles>
      <MapTile TileID="15826" AltIDMod="0" />
    </MapTiles>
    <StaticTiles />
  </TransInfo>
  <TransInfo Description="Grass to Moss" HashKey="320101010132010132">
    <MapTiles>
      <MapTile TileID="15826" AltIDMod="0" />
    </MapTiles>
    <StaticTiles />
  </TransInfo>
  <TransInfo Description="Grass to Moss" HashKey="320132010132010101">
    <MapTiles>
      <MapTile TileID="15826" AltIDMod="0" />
    </MapTiles>
    <StaticTiles />
  </TransInfo>
  <TransInfo Description="Grass to Moss" HashKey="320132010132010132">
    <MapTiles>
      <MapTile TileID="15826" AltIDMod="0" />
    </MapTiles>
    <StaticTiles />
  </TransInfo>
  <TransInfo Description="Grass to Moss" HashKey="323201010101010132">
    <MapTiles>
      <MapTile TileID="15826" AltIDMod="0" />
    </MapTiles>
    <StaticTiles />
  </TransInfo>
  <TransInfo Description="Grass to Moss" HashKey="013201010101010132">
    <MapTiles>
      <MapTile TileID="15826" AltIDMod="0" />
    </MapTiles>
    <StaticTiles />
  </TransInfo>
  <TransInfo Description="Grass to Moss" HashKey="323232010101010132">
    <MapTiles>
      <MapTile TileID="15826" AltIDMod="0" />
    </MapTiles>
    <StaticTiles />
  </TransInfo>
  <TransInfo Description="Grass to Moss" HashKey="323201010132010101">
    <MapTiles>
      <MapTile TileID="15826" AltIDMod="0" />
    </MapTiles>
    <StaticTiles />
  </TransInfo>
  <TransInfo Description="Grass to Moss" HashKey="013232010101010132">
    <MapTiles>
      <MapTile TileID="15826" AltIDMod="0" />
    </MapTiles>
    <StaticTiles />
  </TransInfo>
  <TransInfo Description="Grass to Moss" HashKey="013201010132010101">
    <MapTiles>
      <MapTile TileID="15826" AltIDMod="0" />
    </MapTiles>
    <StaticTiles />
  </TransInfo>
  <TransInfo Description="Grass to Moss" HashKey="320101010132010101">
    <MapTiles>
      <MapTile TileID="15826" AltIDMod="0" />
    </MapTiles>
    <StaticTiles />
  </TransInfo>
  <TransInfo Description="Grass to Moss" HashKey="320132010101010132">
    <MapTiles>
      <MapTile TileID="15826" AltIDMod="0" />
    </MapTiles>
    <StaticTiles />
  </TransInfo>
  <TransInfo Description="Grass to Moss" HashKey="013201010132010132">
    <MapTiles>
      <MapTile TileID="15826" AltIDMod="0" />
    </MapTiles>
    <StaticTiles />
  </TransInfo>
  <TransInfo Description="Grass to Moss" HashKey="323201010132010132">
    <MapTiles>
      <MapTile TileID="15826" AltIDMod="0" />
    </MapTiles>
    <StaticTiles />
  </TransInfo>
  <TransInfo Description="Grass to Moss NWB" HashKey="320101010101010101">
    <MapTiles>
      <MapTile TileID="15832" AltIDMod="0" />
    </MapTiles>
    <StaticTiles />
  </TransInfo>
  <TransInfo Description="Grass to Moss SEB" HashKey="010101010101010132">
    <MapTiles>
      <MapTile TileID="15830" AltIDMod="0" />
    </MapTiles>
    <StaticTiles />
  </TransInfo>
  <TransInfo Description="Grass to Moss NEB" HashKey="010132010101010101">
    <MapTiles>
      <MapTile TileID="15831" AltIDMod="0" />
    </MapTiles>
    <StaticTiles />
  </TransInfo>
  <TransInfo Description="Grass to Moss SWB" HashKey="010101010101320101">
    <MapTiles>
      <MapTile TileID="15829" AltIDMod="0" />
    </MapTiles>
    <StaticTiles />
  </TransInfo>
  <TransInfo Description="Grass to Moss AC" HashKey="010101320132010101">
    <MapTiles>
      <MapTile TileID="15853" AltIDMod="0" />
    </MapTiles>
    <StaticTiles />
  </TransInfo>
  <TransInfo Description="Grass to Moss AC" HashKey="010101320132320101">
    <MapTiles>
      <MapTile TileID="15853" AltIDMod="0" />
    </MapTiles>
    <StaticTiles />
  </TransInfo>
  <TransInfo Description="Grass to Moss AC" HashKey="010101320132013201">
    <MapTiles>
      <MapTile TileID="15853" AltIDMod="0" />
    </MapTiles>
    <StaticTiles />
  </TransInfo>
  <TransInfo Description="Grass to Moss AC" HashKey="010101320132323201">
    <MapTiles>
      <MapTile TileID="15853" AltIDMod="0" />
    </MapTiles>
    <StaticTiles />
  </TransInfo>
  <TransInfo Description="Grass to Moss AC" HashKey="010101320132010132">
    <MapTiles>
      <MapTile TileID="15853" AltIDMod="0" />
    </MapTiles>
    <StaticTiles />
  </TransInfo>
  <TransInfo Description="Grass to Moss AC" HashKey="010101320132320132">
    <MapTiles>
      <MapTile TileID="15853" AltIDMod="0" />
    </MapTiles>
    <StaticTiles />
  </TransInfo>
  <TransInfo Description="Grass to Moss AC" HashKey="010101320132013232">
    <MapTiles>
      <MapTile TileID="15853" AltIDMod="0" />
    </MapTiles>
    <StaticTiles />
  </TransInfo>
  <TransInfo Description="Grass to Moss AC" HashKey="010101320132323232">
    <MapTiles>
      <MapTile TileID="15853" AltIDMod="0" />
    </MapTiles>
    <StaticTiles />
  </TransInfo>
  <TransInfo Description="Grass to Moss AC" HashKey="010132320101013201">
    <MapTiles>
      <MapTile TileID="15853" AltIDMod="0" />
    </MapTiles>
    <StaticTiles />
  </TransInfo>
  <TransInfo Description="Grass to Moss AC" HashKey="010132320101323201">
    <MapTiles>
      <MapTile TileID="15853" AltIDMod="0" />
    </MapTiles>
    <StaticTiles />
  </TransInfo>
  <TransInfo Description="Grass to Moss AC" HashKey="010132320101010132">
    <MapTiles>
      <MapTile TileID="15853" AltIDMod="0" />
    </MapTiles>
    <StaticTiles />
  </TransInfo>
  <TransInfo Description="Grass to Moss AC" HashKey="010132320101320132">
    <MapTiles>
      <MapTile TileID="15853" AltIDMod="0" />
    </MapTiles>
    <StaticTiles />
  </TransInfo>
  <TransInfo Description="Grass to Moss AC" HashKey="010132320101013232">
    <MapTiles>
      <MapTile TileID="15853" AltIDMod="0" />
    </MapTiles>
    <StaticTiles />
  </TransInfo>
  <TransInfo Description="Grass to Moss AC" HashKey="010132320101323232">
    <MapTiles>
      <MapTile TileID="15853" AltIDMod="0" />
    </MapTiles>
    <StaticTiles />
  </TransInfo>
  <TransInfo Description="Grass to Moss AC" HashKey="010132320132010101">
    <MapTiles>
      <MapTile TileID="15853" AltIDMod="0" />
    </MapTiles>
    <StaticTiles />
  </TransInfo>
  <TransInfo Description="Grass to Moss AC" HashKey="010132320132320101">
    <MapTiles>
      <MapTile TileID="15853" AltIDMod="0" />
    </MapTiles>
    <StaticTiles />
  </TransInfo>
  <TransInfo Description="Grass to Moss AC" HashKey="010132320132013201">
    <MapTiles>
      <MapTile TileID="15853" AltIDMod="0" />
    </MapTiles>
    <StaticTiles />
  </TransInfo>
  <TransInfo Description="Grass to Moss AC" HashKey="010132320132323201">
    <MapTiles>
      <MapTile TileID="15853" AltIDMod="0" />
    </MapTiles>
    <StaticTiles />
  </TransInfo>
  <TransInfo Description="Grass to Moss AC" HashKey="010132320132010132">
    <MapTiles>
      <MapTile TileID="15853" AltIDMod="0" />
    </MapTiles>
    <StaticTiles />
  </TransInfo>
  <TransInfo Description="Grass to Moss AC" HashKey="010132320132320132">
    <MapTiles>
      <MapTile TileID="15853" AltIDMod="0" />
    </MapTiles>
    <StaticTiles />
  </TransInfo>
  <TransInfo Description="Grass to Moss AC" HashKey="010132320132013232">
    <MapTiles>
      <MapTile TileID="15853" AltIDMod="0" />
    </MapTiles>
    <StaticTiles />
  </TransInfo>
  <TransInfo Description="Grass to Moss AC" HashKey="010132320132323232">
    <MapTiles>
      <MapTile TileID="15853" AltIDMod="0" />
    </MapTiles>
    <StaticTiles />
  </TransInfo>
  <TransInfo Description="Grass to Moss AC" HashKey="013201010101013201">
    <MapTiles>
      <MapTile TileID="15853" AltIDMod="0" />
    </MapTiles>
    <StaticTiles />
  </TransInfo>
  <TransInfo Description="Grass to Moss AC" HashKey="013201320101013201">
    <MapTiles>
      <MapTile TileID="15853" AltIDMod="0" />
    </MapTiles>
    <StaticTiles />
  </TransInfo>
  <TransInfo Description="Grass to Moss AC" HashKey="013201010101323201">
    <MapTiles>
      <MapTile TileID="15853" AltIDMod="0" />
    </MapTiles>
    <StaticTiles />
  </TransInfo>
  <TransInfo Description="Grass to Moss AC" HashKey="013201320101323201">
    <MapTiles>
      <MapTile TileID="15853" AltIDMod="0" />
    </MapTiles>
    <StaticTiles />
  </TransInfo>
  <TransInfo Description="Grass to Moss AC" HashKey="013201320101010132">
    <MapTiles>
      <MapTile TileID="15853" AltIDMod="0" />
    </MapTiles>
    <StaticTiles />
  </TransInfo>
  <TransInfo Description="Grass to Moss AC" HashKey="013201010101320132">
    <MapTiles>
      <MapTile TileID="15853" AltIDMod="0" />
    </MapTiles>
    <StaticTiles />
  </TransInfo>
  <TransInfo Description="Grass to Moss AC" HashKey="013201320101320132">
    <MapTiles>
      <MapTile TileID="15853" AltIDMod="0" />
    </MapTiles>
    <StaticTiles />
  </TransInfo>
  <TransInfo Description="Grass to Moss AC" HashKey="013201010101013232">
    <MapTiles>
      <MapTile TileID="15853" AltIDMod="0" />
    </MapTiles>
    <StaticTiles />
  </TransInfo>
  <TransInfo Description="Grass to Moss AC" HashKey="013201320101013232">
    <MapTiles>
      <MapTile TileID="15853" AltIDMod="0" />
    </MapTiles>
    <StaticTiles />
  </TransInfo>
  <TransInfo Description="Grass to Moss AC" HashKey="013201010101323232">
    <MapTiles>
      <MapTile TileID="15853" AltIDMod="0" />
    </MapTiles>
    <StaticTiles />
  </TransInfo>
  <TransInfo Description="Grass to Moss AC" HashKey="013201320101323232">
    <MapTiles>
      <MapTile TileID="15853" AltIDMod="0" />
    </MapTiles>
    <StaticTiles />
  </TransInfo>
  <TransInfo Description="Grass to Moss AC" HashKey="013201320132010101">
    <MapTiles>
      <MapTile TileID="15853" AltIDMod="0" />
    </MapTiles>
    <StaticTiles />
  </TransInfo>
  <TransInfo Description="Grass to Moss AC" HashKey="013201010132320101">
    <MapTiles>
      <MapTile TileID="15853" AltIDMod="0" />
    </MapTiles>
    <StaticTiles />
  </TransInfo>
  <TransInfo Description="Grass to Moss AC" HashKey="013201320132320101">
    <MapTiles>
      <MapTile TileID="15853" AltIDMod="0" />
    </MapTiles>
    <StaticTiles />
  </TransInfo>
  <TransInfo Description="Grass to Moss AC" HashKey="013201010132013201">
    <MapTiles>
      <MapTile TileID="15853" AltIDMod="0" />
    </MapTiles>
    <StaticTiles />
  </TransInfo>
  <TransInfo Description="Grass to Moss AC" HashKey="013201320132013201">
    <MapTiles>
      <MapTile TileID="15853" AltIDMod="0" />
    </MapTiles>
    <StaticTiles />
  </TransInfo>
  <TransInfo Description="Grass to Moss AC" HashKey="013201010132323201">
    <MapTiles>
      <MapTile TileID="15853" AltIDMod="0" />
    </MapTiles>
    <StaticTiles />
  </TransInfo>
  <TransInfo Description="Grass to Moss AC" HashKey="013201320132323201">
    <MapTiles>
      <MapTile TileID="15853" AltIDMod="0" />
    </MapTiles>
    <StaticTiles />
  </TransInfo>
  <TransInfo Description="Grass to Moss AC" HashKey="013201320132010132">
    <MapTiles>
      <MapTile TileID="15853" AltIDMod="0" />
    </MapTiles>
    <StaticTiles />
  </TransInfo>
  <TransInfo Description="Grass to Moss AC" HashKey="013201010132320132">
    <MapTiles>
      <MapTile TileID="15853" AltIDMod="0" />
    </MapTiles>
    <StaticTiles />
  </TransInfo>
  <TransInfo Description="Grass to Moss AC" HashKey="013201320132320132">
    <MapTiles>
      <MapTile TileID="15853" AltIDMod="0" />
    </MapTiles>
    <StaticTiles />
  </TransInfo>
  <TransInfo Description="Grass to Moss AC" HashKey="013201010132013232">
    <MapTiles>
      <MapTile TileID="15853" AltIDMod="0" />
    </MapTiles>
    <StaticTiles />
  </TransInfo>
  <TransInfo Description="Grass to Moss AC" HashKey="013201320132013232">
    <MapTiles>
      <MapTile TileID="15853" AltIDMod="0" />
    </MapTiles>
    <StaticTiles />
  </TransInfo>
  <TransInfo Description="Grass to Moss AC" HashKey="013201010132323232">
    <MapTiles>
      <MapTile TileID="15853" AltIDMod="0" />
    </MapTiles>
    <StaticTiles />
  </TransInfo>
  <TransInfo Description="Grass to Moss AC" HashKey="013201320132323232">
    <MapTiles>
      <MapTile TileID="15853" AltIDMod="0" />
    </MapTiles>
    <StaticTiles />
  </TransInfo>
  <TransInfo Description="Grass to Moss AC" HashKey="013232010101013201">
    <MapTiles>
      <MapTile TileID="15853" AltIDMod="0" />
    </MapTiles>
    <StaticTiles />
  </TransInfo>
  <TransInfo Description="Grass to Moss AC" HashKey="013232320101013201">
    <MapTiles>
      <MapTile TileID="15853" AltIDMod="0" />
    </MapTiles>
    <StaticTiles />
  </TransInfo>
  <TransInfo Description="Grass to Moss AC" HashKey="013232010101323201">
    <MapTiles>
      <MapTile TileID="15853" AltIDMod="0" />
    </MapTiles>
    <StaticTiles />
  </TransInfo>
  <TransInfo Description="Grass to Moss AC" HashKey="013232320101323201">
    <MapTiles>
      <MapTile TileID="15853" AltIDMod="0" />
    </MapTiles>
    <StaticTiles />
  </TransInfo>
  <TransInfo Description="Grass to Moss AC" HashKey="013232320101010132">
    <MapTiles>
      <MapTile TileID="15853" AltIDMod="0" />
    </MapTiles>
    <StaticTiles />
  </TransInfo>
  <TransInfo Description="Grass to Moss AC" HashKey="013232010101320132">
    <MapTiles>
      <MapTile TileID="15853" AltIDMod="0" />
    </MapTiles>
    <StaticTiles />
  </TransInfo>
  <TransInfo Description="Grass to Moss AC" HashKey="013232320101320132">
    <MapTiles>
      <MapTile TileID="15853" AltIDMod="0" />
    </MapTiles>
    <StaticTiles />
  </TransInfo>
  <TransInfo Description="Grass to Moss AC" HashKey="013232010101013232">
    <MapTiles>
      <MapTile TileID="15853" AltIDMod="0" />
    </MapTiles>
    <StaticTiles />
  </TransInfo>
  <TransInfo Description="Grass to Moss AC" HashKey="013232320101013232">
    <MapTiles>
      <MapTile TileID="15853" AltIDMod="0" />
    </MapTiles>
    <StaticTiles />
  </TransInfo>
  <TransInfo Description="Grass to Moss AC" HashKey="013232010101323232">
    <MapTiles>
      <MapTile TileID="15853" AltIDMod="0" />
    </MapTiles>
    <StaticTiles />
  </TransInfo>
  <TransInfo Description="Grass to Moss AC" HashKey="013232320101323232">
    <MapTiles>
      <MapTile TileID="15853" AltIDMod="0" />
    </MapTiles>
    <StaticTiles />
  </TransInfo>
  <TransInfo Description="Grass to Moss AC" HashKey="013232320132010101">
    <MapTiles>
      <MapTile TileID="15853" AltIDMod="0" />
    </MapTiles>
    <StaticTiles />
  </TransInfo>
  <TransInfo Description="Grass to Moss AC" HashKey="013232010132320101">
    <MapTiles>
      <MapTile TileID="15853" AltIDMod="0" />
    </MapTiles>
    <StaticTiles />
  </TransInfo>
  <TransInfo Description="Grass to Moss AC" HashKey="013232320132320101">
    <MapTiles>
      <MapTile TileID="15853" AltIDMod="0" />
    </MapTiles>
    <StaticTiles />
  </TransInfo>
  <TransInfo Description="Grass to Moss AC" HashKey="013232010132013201">
    <MapTiles>
      <MapTile TileID="15853" AltIDMod="0" />
    </MapTiles>
    <StaticTiles />
  </TransInfo>
  <TransInfo Description="Grass to Moss AC" HashKey="013232320132013201">
    <MapTiles>
      <MapTile TileID="15853" AltIDMod="0" />
    </MapTiles>
    <StaticTiles />
  </TransInfo>
  <TransInfo Description="Grass to Moss AC" HashKey="013232010132323201">
    <MapTiles>
      <MapTile TileID="15853" AltIDMod="0" />
    </MapTiles>
    <StaticTiles />
  </TransInfo>
  <TransInfo Description="Grass to Moss AC" HashKey="013232320132323201">
    <MapTiles>
      <MapTile TileID="15853" AltIDMod="0" />
    </MapTiles>
    <StaticTiles />
  </TransInfo>
  <TransInfo Description="Grass to Moss AC" HashKey="013232320132010132">
    <MapTiles>
      <MapTile TileID="15853" AltIDMod="0" />
    </MapTiles>
    <StaticTiles />
  </TransInfo>
  <TransInfo Description="Grass to Moss AC" HashKey="013232010132320132">
    <MapTiles>
      <MapTile TileID="15853" AltIDMod="0" />
    </MapTiles>
    <StaticTiles />
  </TransInfo>
  <TransInfo Description="Grass to Moss AC" HashKey="013232320132320132">
    <MapTiles>
      <MapTile TileID="15853" AltIDMod="0" />
    </MapTiles>
    <StaticTiles />
  </TransInfo>
  <TransInfo Description="Grass to Moss AC" HashKey="013232010132013232">
    <MapTiles>
      <MapTile TileID="15853" AltIDMod="0" />
    </MapTiles>
    <StaticTiles />
  </TransInfo>
  <TransInfo Description="Grass to Moss AC" HashKey="013232320132013232">
    <MapTiles>
      <MapTile TileID="15853" AltIDMod="0" />
    </MapTiles>
    <StaticTiles />
  </TransInfo>
  <TransInfo Description="Grass to Moss AC" HashKey="013232010132323232">
    <MapTiles>
      <MapTile TileID="15853" AltIDMod="0" />
    </MapTiles>
    <StaticTiles />
  </TransInfo>
  <TransInfo Description="Grass to Moss AC" HashKey="013232320132323232">
    <MapTiles>
      <MapTile TileID="15853" AltIDMod="0" />
    </MapTiles>
    <StaticTiles />
  </TransInfo>
  <TransInfo Description="Grass to Moss AC" HashKey="320101320132010101">
    <MapTiles>
      <MapTile TileID="15853" AltIDMod="0" />
    </MapTiles>
    <StaticTiles />
  </TransInfo>
  <TransInfo Description="Grass to Moss AC" HashKey="320101010132320101">
    <MapTiles>
      <MapTile TileID="15853" AltIDMod="0" />
    </MapTiles>
    <StaticTiles />
  </TransInfo>
  <TransInfo Description="Grass to Moss AC" HashKey="320101320132320101">
    <MapTiles>
      <MapTile TileID="15853" AltIDMod="0" />
    </MapTiles>
    <StaticTiles />
  </TransInfo>
  <TransInfo Description="Grass to Moss AC" HashKey="320101010132013201">
    <MapTiles>
      <MapTile TileID="15853" AltIDMod="0" />
    </MapTiles>
    <StaticTiles />
  </TransInfo>
  <TransInfo Description="Grass to Moss AC" HashKey="320101320132013201">
    <MapTiles>
      <MapTile TileID="15853" AltIDMod="0" />
    </MapTiles>
    <StaticTiles />
  </TransInfo>
  <TransInfo Description="Grass to Moss AC" HashKey="320101010132323201">
    <MapTiles>
      <MapTile TileID="15853" AltIDMod="0" />
    </MapTiles>
    <StaticTiles />
  </TransInfo>
  <TransInfo Description="Grass to Moss AC" HashKey="320101320132323201">
    <MapTiles>
      <MapTile TileID="15853" AltIDMod="0" />
    </MapTiles>
    <StaticTiles />
  </TransInfo>
  <TransInfo Description="Grass to Moss AC" HashKey="320101320132010132">
    <MapTiles>
      <MapTile TileID="15853" AltIDMod="0" />
    </MapTiles>
    <StaticTiles />
  </TransInfo>
  <TransInfo Description="Grass to Moss AC" HashKey="320101010132320132">
    <MapTiles>
      <MapTile TileID="15853" AltIDMod="0" />
    </MapTiles>
    <StaticTiles />
  </TransInfo>
  <TransInfo Description="Grass to Moss AC" HashKey="320101320132320132">
    <MapTiles>
      <MapTile TileID="15853" AltIDMod="0" />
    </MapTiles>
    <StaticTiles />
  </TransInfo>
  <TransInfo Description="Grass to Moss AC" HashKey="320101010132013232">
    <MapTiles>
      <MapTile TileID="15853" AltIDMod="0" />
    </MapTiles>
    <StaticTiles />
  </TransInfo>
  <TransInfo Description="Grass to Moss AC" HashKey="320101320132013232">
    <MapTiles>
      <MapTile TileID="15853" AltIDMod="0" />
    </MapTiles>
    <StaticTiles />
  </TransInfo>
  <TransInfo Description="Grass to Moss AC" HashKey="320101010132323232">
    <MapTiles>
      <MapTile TileID="15853" AltIDMod="0" />
    </MapTiles>
    <StaticTiles />
  </TransInfo>
  <TransInfo Description="Grass to Moss AC" HashKey="320101320132323232">
    <MapTiles>
      <MapTile TileID="15853" AltIDMod="0" />
    </MapTiles>
    <StaticTiles />
  </TransInfo>
  <TransInfo Description="Grass to Moss AC" HashKey="320132010101013201">
    <MapTiles>
      <MapTile TileID="15853" AltIDMod="0" />
    </MapTiles>
    <StaticTiles />
  </TransInfo>
  <TransInfo Description="Grass to Moss AC" HashKey="320132320101013201">
    <MapTiles>
      <MapTile TileID="15853" AltIDMod="0" />
    </MapTiles>
    <StaticTiles />
  </TransInfo>
  <TransInfo Description="Grass to Moss AC" HashKey="320132010101323201">
    <MapTiles>
      <MapTile TileID="15853" AltIDMod="0" />
    </MapTiles>
    <StaticTiles />
  </TransInfo>
  <TransInfo Description="Grass to Moss AC" HashKey="320132320101323201">
    <MapTiles>
      <MapTile TileID="15853" AltIDMod="0" />
    </MapTiles>
    <StaticTiles />
  </TransInfo>
  <TransInfo Description="Grass to Moss AC" HashKey="320132320101010132">
    <MapTiles>
      <MapTile TileID="15853" AltIDMod="0" />
    </MapTiles>
    <StaticTiles />
  </TransInfo>
  <TransInfo Description="Grass to Moss AC" HashKey="320132010101320132">
    <MapTiles>
      <MapTile TileID="15853" AltIDMod="0" />
    </MapTiles>
    <StaticTiles />
  </TransInfo>
  <TransInfo Description="Grass to Moss AC" HashKey="320132320101320132">
    <MapTiles>
      <MapTile TileID="15853" AltIDMod="0" />
    </MapTiles>
    <StaticTiles />
  </TransInfo>
  <TransInfo Description="Grass to Moss AC" HashKey="320132010101013232">
    <MapTiles>
      <MapTile TileID="15853" AltIDMod="0" />
    </MapTiles>
    <StaticTiles />
  </TransInfo>
  <TransInfo Description="Grass to Moss AC" HashKey="320132320101013232">
    <MapTiles>
      <MapTile TileID="15853" AltIDMod="0" />
    </MapTiles>
    <StaticTiles />
  </TransInfo>
  <TransInfo Description="Grass to Moss AC" HashKey="320132010101323232">
    <MapTiles>
      <MapTile TileID="15853" AltIDMod="0" />
    </MapTiles>
    <StaticTiles />
  </TransInfo>
  <TransInfo Description="Grass to Moss AC" HashKey="320132320101323232">
    <MapTiles>
      <MapTile TileID="15853" AltIDMod="0" />
    </MapTiles>
    <StaticTiles />
  </TransInfo>
  <TransInfo Description="Grass to Moss AC" HashKey="320132320132010101">
    <MapTiles>
      <MapTile TileID="15853" AltIDMod="0" />
    </MapTiles>
    <StaticTiles />
  </TransInfo>
  <TransInfo Description="Grass to Moss AC" HashKey="320132010132320101">
    <MapTiles>
      <MapTile TileID="15853" AltIDMod="0" />
    </MapTiles>
    <StaticTiles />
  </TransInfo>
  <TransInfo Description="Grass to Moss AC" HashKey="320132320132320101">
    <MapTiles>
      <MapTile TileID="15853" AltIDMod="0" />
    </MapTiles>
    <StaticTiles />
  </TransInfo>
  <TransInfo Description="Grass to Moss AC" HashKey="320132010132013201">
    <MapTiles>
      <MapTile TileID="15853" AltIDMod="0" />
    </MapTiles>
    <StaticTiles />
  </TransInfo>
  <TransInfo Description="Grass to Moss AC" HashKey="320132320132013201">
    <MapTiles>
      <MapTile TileID="15853" AltIDMod="0" />
    </MapTiles>
    <StaticTiles />
  </TransInfo>
  <TransInfo Description="Grass to Moss AC" HashKey="320132010132323201">
    <MapTiles>
      <MapTile TileID="15853" AltIDMod="0" />
    </MapTiles>
    <StaticTiles />
  </TransInfo>
  <TransInfo Description="Grass to Moss AC" HashKey="320132320132323201">
    <MapTiles>
      <MapTile TileID="15853" AltIDMod="0" />
    </MapTiles>
    <StaticTiles />
  </TransInfo>
  <TransInfo Description="Grass to Moss AC" HashKey="320132320132010132">
    <MapTiles>
      <MapTile TileID="15853" AltIDMod="0" />
    </MapTiles>
    <StaticTiles />
  </TransInfo>
  <TransInfo Description="Grass to Moss AC" HashKey="320132010132320132">
    <MapTiles>
      <MapTile TileID="15853" AltIDMod="0" />
    </MapTiles>
    <StaticTiles />
  </TransInfo>
  <TransInfo Description="Grass to Moss AC" HashKey="320132320132320132">
    <MapTiles>
      <MapTile TileID="15853" AltIDMod="0" />
    </MapTiles>
    <StaticTiles />
  </TransInfo>
  <TransInfo Description="Grass to Moss AC" HashKey="320132010132013232">
    <MapTiles>
      <MapTile TileID="15853" AltIDMod="0" />
    </MapTiles>
    <StaticTiles />
  </TransInfo>
  <TransInfo Description="Grass to Moss AC" HashKey="320132320132013232">
    <MapTiles>
      <MapTile TileID="15853" AltIDMod="0" />
    </MapTiles>
    <StaticTiles />
  </TransInfo>
  <TransInfo Description="Grass to Moss AC" HashKey="320132010132323232">
    <MapTiles>
      <MapTile TileID="15853" AltIDMod="0" />
    </MapTiles>
    <StaticTiles />
  </TransInfo>
  <TransInfo Description="Grass to Moss AC" HashKey="320132320132323232">
    <MapTiles>
      <MapTile TileID="15853" AltIDMod="0" />
    </MapTiles>
    <StaticTiles />
  </TransInfo>
  <TransInfo Description="Grass to Moss AC" HashKey="323201010101013201">
    <MapTiles>
      <MapTile TileID="15853" AltIDMod="0" />
    </MapTiles>
    <StaticTiles />
  </TransInfo>
  <TransInfo Description="Grass to Moss AC" HashKey="323201320101013201">
    <MapTiles>
      <MapTile TileID="15853" AltIDMod="0" />
    </MapTiles>
    <StaticTiles />
  </TransInfo>
  <TransInfo Description="Grass to Moss AC" HashKey="323201010101323201">
    <MapTiles>
      <MapTile TileID="15853" AltIDMod="0" />
    </MapTiles>
    <StaticTiles />
  </TransInfo>
  <TransInfo Description="Grass to Moss AC" HashKey="323201320101323201">
    <MapTiles>
      <MapTile TileID="15853" AltIDMod="0" />
    </MapTiles>
    <StaticTiles />
  </TransInfo>
  <TransInfo Description="Grass to Moss AC" HashKey="323201320101010132">
    <MapTiles>
      <MapTile TileID="15853" AltIDMod="0" />
    </MapTiles>
    <StaticTiles />
  </TransInfo>
  <TransInfo Description="Grass to Moss AC" HashKey="323201010101320132">
    <MapTiles>
      <MapTile TileID="15853" AltIDMod="0" />
    </MapTiles>
    <StaticTiles />
  </TransInfo>
  <TransInfo Description="Grass to Moss AC" HashKey="323201320101320132">
    <MapTiles>
      <MapTile TileID="15853" AltIDMod="0" />
    </MapTiles>
    <StaticTiles />
  </TransInfo>
  <TransInfo Description="Grass to Moss AC" HashKey="323201010101013232">
    <MapTiles>
      <MapTile TileID="15853" AltIDMod="0" />
    </MapTiles>
    <StaticTiles />
  </TransInfo>
  <TransInfo Description="Grass to Moss AC" HashKey="323201320101013232">
    <MapTiles>
      <MapTile TileID="15853" AltIDMod="0" />
    </MapTiles>
    <StaticTiles />
  </TransInfo>
  <TransInfo Description="Grass to Moss AC" HashKey="323201010101323232">
    <MapTiles>
      <MapTile TileID="15853" AltIDMod="0" />
    </MapTiles>
    <StaticTiles />
  </TransInfo>
  <TransInfo Description="Grass to Moss AC" HashKey="323201320101323232">
    <MapTiles>
      <MapTile TileID="15853" AltIDMod="0" />
    </MapTiles>
    <StaticTiles />
  </TransInfo>
  <TransInfo Description="Grass to Moss AC" HashKey="323201320132010101">
    <MapTiles>
      <MapTile TileID="15853" AltIDMod="0" />
    </MapTiles>
    <StaticTiles />
  </TransInfo>
  <TransInfo Description="Grass to Moss AC" HashKey="323201010132320101">
    <MapTiles>
      <MapTile TileID="15853" AltIDMod="0" />
    </MapTiles>
    <StaticTiles />
  </TransInfo>
  <TransInfo Description="Grass to Moss AC" HashKey="323201320132320101">
    <MapTiles>
      <MapTile TileID="15853" AltIDMod="0" />
    </MapTiles>
    <StaticTiles />
  </TransInfo>
  <TransInfo Description="Grass to Moss AC" HashKey="323201010132013201">
    <MapTiles>
      <MapTile TileID="15853" AltIDMod="0" />
    </MapTiles>
    <StaticTiles />
  </TransInfo>
  <TransInfo Description="Grass to Moss AC" HashKey="323201320132013201">
    <MapTiles>
      <MapTile TileID="15853" AltIDMod="0" />
    </MapTiles>
    <StaticTiles />
  </TransInfo>
  <TransInfo Description="Grass to Moss AC" HashKey="323201010132323201">
    <MapTiles>
      <MapTile TileID="15853" AltIDMod="0" />
    </MapTiles>
    <StaticTiles />
  </TransInfo>
  <TransInfo Description="Grass to Moss AC" HashKey="323201320132323201">
    <MapTiles>
      <MapTile TileID="15853" AltIDMod="0" />
    </MapTiles>
    <StaticTiles />
  </TransInfo>
  <TransInfo Description="Grass to Moss AC" HashKey="323201320132010132">
    <MapTiles>
      <MapTile TileID="15853" AltIDMod="0" />
    </MapTiles>
    <StaticTiles />
  </TransInfo>
  <TransInfo Description="Grass to Moss AC" HashKey="323201010132320132">
    <MapTiles>
      <MapTile TileID="15853" AltIDMod="0" />
    </MapTiles>
    <StaticTiles />
  </TransInfo>
  <TransInfo Description="Grass to Moss AC" HashKey="323201320132320132">
    <MapTiles>
      <MapTile TileID="15853" AltIDMod="0" />
    </MapTiles>
    <StaticTiles />
  </TransInfo>
  <TransInfo Description="Grass to Moss AC" HashKey="323201010132013232">
    <MapTiles>
      <MapTile TileID="15853" AltIDMod="0" />
    </MapTiles>
    <StaticTiles />
  </TransInfo>
  <TransInfo Description="Grass to Moss AC" HashKey="323201320132013232">
    <MapTiles>
      <MapTile TileID="15853" AltIDMod="0" />
    </MapTiles>
    <StaticTiles />
  </TransInfo>
  <TransInfo Description="Grass to Moss AC" HashKey="323201010132323232">
    <MapTiles>
      <MapTile TileID="15853" AltIDMod="0" />
    </MapTiles>
    <StaticTiles />
  </TransInfo>
  <TransInfo Description="Grass to Moss AC" HashKey="323201320132323232">
    <MapTiles>
      <MapTile TileID="15853" AltIDMod="0" />
    </MapTiles>
    <StaticTiles />
  </TransInfo>
  <TransInfo Description="Grass to Moss AC" HashKey="323232010101013201">
    <MapTiles>
      <MapTile TileID="15853" AltIDMod="0" />
    </MapTiles>
    <StaticTiles />
  </TransInfo>
  <TransInfo Description="Grass to Moss AC" HashKey="323232320101013201">
    <MapTiles>
      <MapTile TileID="15853" AltIDMod="0" />
    </MapTiles>
    <StaticTiles />
  </TransInfo>
  <TransInfo Description="Grass to Moss AC" HashKey="323232010101323201">
    <MapTiles>
      <MapTile TileID="15853" AltIDMod="0" />
    </MapTiles>
    <StaticTiles />
  </TransInfo>
  <TransInfo Description="Grass to Moss AC" HashKey="323232320101323201">
    <MapTiles>
      <MapTile TileID="15853" AltIDMod="0" />
    </MapTiles>
    <StaticTiles />
  </TransInfo>
  <TransInfo Description="Grass to Moss AC" HashKey="323232320101010132">
    <MapTiles>
      <MapTile TileID="15853" AltIDMod="0" />
    </MapTiles>
    <StaticTiles />
  </TransInfo>
  <TransInfo Description="Grass to Moss AC" HashKey="323232010101320132">
    <MapTiles>
      <MapTile TileID="15853" AltIDMod="0" />
    </MapTiles>
    <StaticTiles />
  </TransInfo>
  <TransInfo Description="Grass to Moss AC" HashKey="323232320101320132">
    <MapTiles>
      <MapTile TileID="15853" AltIDMod="0" />
    </MapTiles>
    <StaticTiles />
  </TransInfo>
  <TransInfo Description="Grass to Moss AC" HashKey="323232010101013232">
    <MapTiles>
      <MapTile TileID="15853" AltIDMod="0" />
    </MapTiles>
    <StaticTiles />
  </TransInfo>
  <TransInfo Description="Grass to Moss AC" HashKey="323232320101013232">
    <MapTiles>
      <MapTile TileID="15853" AltIDMod="0" />
    </MapTiles>
    <StaticTiles />
  </TransInfo>
  <TransInfo Description="Grass to Moss AC" HashKey="323232010101323232">
    <MapTiles>
      <MapTile TileID="15853" AltIDMod="0" />
    </MapTiles>
    <StaticTiles />
  </TransInfo>
  <TransInfo Description="Grass to Moss AC" HashKey="323232320101323232">
    <MapTiles>
      <MapTile TileID="15853" AltIDMod="0" />
    </MapTiles>
    <StaticTiles />
  </TransInfo>
  <TransInfo Description="Grass to Moss AC" HashKey="323232320132010101">
    <MapTiles>
      <MapTile TileID="15853" AltIDMod="0" />
    </MapTiles>
    <StaticTiles />
  </TransInfo>
  <TransInfo Description="Grass to Moss AC" HashKey="323232010132320101">
    <MapTiles>
      <MapTile TileID="15853" AltIDMod="0" />
    </MapTiles>
    <StaticTiles />
  </TransInfo>
  <TransInfo Description="Grass to Moss AC" HashKey="323232320132320101">
    <MapTiles>
      <MapTile TileID="15853" AltIDMod="0" />
    </MapTiles>
    <StaticTiles />
  </TransInfo>
  <TransInfo Description="Grass to Moss AC" HashKey="323232010132013201">
    <MapTiles>
      <MapTile TileID="15853" AltIDMod="0" />
    </MapTiles>
    <StaticTiles />
  </TransInfo>
  <TransInfo Description="Grass to Moss AC" HashKey="323232320132013201">
    <MapTiles>
      <MapTile TileID="15853" AltIDMod="0" />
    </MapTiles>
    <StaticTiles />
  </TransInfo>
  <TransInfo Description="Grass to Moss AC" HashKey="323232010132323201">
    <MapTiles>
      <MapTile TileID="15853" AltIDMod="0" />
    </MapTiles>
    <StaticTiles />
  </TransInfo>
  <TransInfo Description="Grass to Moss AC" HashKey="323232320132323201">
    <MapTiles>
      <MapTile TileID="15853" AltIDMod="0" />
    </MapTiles>
    <StaticTiles />
  </TransInfo>
  <TransInfo Description="Grass to Moss AC" HashKey="323232320132010132">
    <MapTiles>
      <MapTile TileID="15853" AltIDMod="0" />
    </MapTiles>
    <StaticTiles />
  </TransInfo>
  <TransInfo Description="Grass to Moss AC" HashKey="323232010132320132">
    <MapTiles>
      <MapTile TileID="15853" AltIDMod="0" />
    </MapTiles>
    <StaticTiles />
  </TransInfo>
  <TransInfo Description="Grass to Moss AC" HashKey="323232320132320132">
    <MapTiles>
      <MapTile TileID="15853" AltIDMod="0" />
    </MapTiles>
    <StaticTiles />
  </TransInfo>
  <TransInfo Description="Grass to Moss AC" HashKey="323232010132013232">
    <MapTiles>
      <MapTile TileID="15853" AltIDMod="0" />
    </MapTiles>
    <StaticTiles />
  </TransInfo>
  <TransInfo Description="Grass to Moss AC" HashKey="323232320132013232">
    <MapTiles>
      <MapTile TileID="15853" AltIDMod="0" />
    </MapTiles>
    <StaticTiles />
  </TransInfo>
  <TransInfo Description="Grass to Moss AC" HashKey="323232010132323232">
    <MapTiles>
      <MapTile TileID="15853" AltIDMod="0" />
    </MapTiles>
    <StaticTiles />
  </TransInfo>
  <TransInfo Description="Grass to Moss AC" HashKey="323232320132323232">
    <MapTiles>
      <MapTile TileID="15853" AltIDMod="0" />
    </MapTiles>
    <StaticTiles />
  </TransInfo>
  <TransInfo Description="Grass to Moss IWE" HashKey="320101010101010132">
    <MapTiles>
      <MapTile TileID="3" AltIDMod="0" />
    </MapTiles>
    <StaticTiles />
  </TransInfo>
  <TransInfo Description="Grass to Moss INS" HashKey="010132010101320101">
    <MapTiles>
      <MapTile TileID="3" AltIDMod="0" />
    </MapTiles>
    <StaticTiles />
  </TransInfo>
</Trans>