﻿<?xml version="1.0" encoding="utf-8"?>
<Trans>
  <TransInfo Description="Grass to Sand" HashKey="040104040101010401">
    <MapTiles>
      <MapTile TileID="24" AltIDMod="0" />
    </MapTiles>
    <StaticTiles />
  </TransInfo>
  <TransInfo Description="Grass to Sand" HashKey="010401040104010104">
    <MapTiles>
      <MapTile TileID="22" AltIDMod="0" />
    </MapTiles>
    <StaticTiles />
  </TransInfo>
  <TransInfo Description="Grass to Sand" HashKey="010401010104040101">
    <MapTiles>
      <MapTile TileID="22" AltIDMod="0" />
    </MapTiles>
    <StaticTiles />
  </TransInfo>
  <TransInfo Description="Grass to Sand" HashKey="040104040104010101">
    <MapTiles>
      <MapTile TileID="25" AltIDMod="0" />
    </MapTiles>
    <StaticTiles />
  </TransInfo>
  <TransInfo Description="Grass to Sand" HashKey="010401040101010404">
    <MapTiles>
      <MapTile TileID="22" AltIDMod="0" />
    </MapTiles>
    <StaticTiles />
  </TransInfo>
  <TransInfo Description="Grass to Sand" HashKey="010404040101010104">
    <MapTiles>
      <MapTile TileID="24" AltIDMod="0" />
    </MapTiles>
    <StaticTiles />
  </TransInfo>
  <TransInfo Description="Grass to Sand" HashKey="040104040101040401">
    <MapTiles>
      <MapTile TileID="25" AltIDMod="0" />
    </MapTiles>
    <StaticTiles />
  </TransInfo>
  <TransInfo Description="Grass to Sand" HashKey="010101010104040401">
    <MapTiles>
      <MapTile TileID="53" AltIDMod="0" />
    </MapTiles>
    <StaticTiles />
  </TransInfo>
  <TransInfo Description="Grass to Sand" HashKey="040401040104010104">
    <MapTiles>
      <MapTile TileID="22" AltIDMod="0" />
    </MapTiles>
    <StaticTiles />
  </TransInfo>
  <TransInfo Description="Grass to Sand" HashKey="040104010101040404">
    <MapTiles>
      <MapTile TileID="25" AltIDMod="0" />
    </MapTiles>
    <StaticTiles />
  </TransInfo>
  <TransInfo Description="Grass to Sand" HashKey="040101010104040104">
    <MapTiles>
      <MapTile TileID="22" AltIDMod="0" />
    </MapTiles>
    <StaticTiles />
  </TransInfo>
  <TransInfo Description="Grass to Sand" HashKey="040101010104040401">
    <MapTiles>
      <MapTile TileID="22" AltIDMod="0" />
    </MapTiles>
    <StaticTiles />
  </TransInfo>
  <TransInfo Description="Grass to Sand" HashKey="010104010104010104">
    <MapTiles>
      <MapTile TileID="56" AltIDMod="0" />
    </MapTiles>
    <StaticTiles />
  </TransInfo>
  <TransInfo Description="Grass to Sand" HashKey="010101040104010101">
    <MapTiles>
      <MapTile TileID="22" AltIDMod="0" />
    </MapTiles>
    <StaticTiles />
  </TransInfo>
  <TransInfo Description="Grass to Sand" HashKey="010101010101010404">
    <MapTiles>
      <MapTile TileID="58" AltIDMod="0" />
    </MapTiles>
    <StaticTiles />
  </TransInfo>
  <TransInfo Description="Grass to Sand" HashKey="040404040101010104">
    <MapTiles>
      <MapTile TileID="23" AltIDMod="0" />
    </MapTiles>
    <StaticTiles />
  </TransInfo>
  <TransInfo Description="Grass to Sand" HashKey="010404010104010404">
    <MapTiles>
      <MapTile TileID="23" AltIDMod="0" />
    </MapTiles>
    <StaticTiles />
  </TransInfo>
  <TransInfo Description="Grass to Sand" HashKey="010104040104010101">
    <MapTiles>
      <MapTile TileID="22" AltIDMod="0" />
    </MapTiles>
    <StaticTiles />
  </TransInfo>
  <TransInfo Description="Grass to Sand" HashKey="040101040104040404">
    <MapTiles>
      <MapTile TileID="22" AltIDMod="0" />
    </MapTiles>
    <StaticTiles />
  </TransInfo>
  <TransInfo Description="Grass to Sand" HashKey="010404010101010104">
    <MapTiles>
      <MapTile TileID="52" AltIDMod="0" />
    </MapTiles>
    <StaticTiles />
  </TransInfo>
  <TransInfo Description="Grass to Sand" HashKey="040104040104040101">
    <MapTiles>
      <MapTile TileID="25" AltIDMod="0" />
    </MapTiles>
    <StaticTiles />
  </TransInfo>
  <TransInfo Description="Grass to Sand" HashKey="040401010101010104">
    <MapTiles>
      <MapTile TileID="52" AltIDMod="0" />
    </MapTiles>
    <StaticTiles />
  </TransInfo>
  <TransInfo Description="Grass to Sand" HashKey="010101010104040404">
    <MapTiles>
      <MapTile TileID="53" AltIDMod="0" />
    </MapTiles>
    <StaticTiles />
  </TransInfo>
  <TransInfo Description="Grass to Sand" HashKey="040404040104040101">
    <MapTiles>
      <MapTile TileID="25" AltIDMod="0" />
    </MapTiles>
    <StaticTiles />
  </TransInfo>
  <TransInfo Description="Grass to Sand" HashKey="040101010104010104">
    <MapTiles>
      <MapTile TileID="52" AltIDMod="0" />
    </MapTiles>
    <StaticTiles />
  </TransInfo>
  <TransInfo Description="Grass to Sand" HashKey="010104040101040104">
    <MapTiles>
      <MapTile TileID="22" AltIDMod="0" />
    </MapTiles>
    <StaticTiles />
  </TransInfo>
  <TransInfo Description="Grass to Sand" HashKey="010104010101010401">
    <MapTiles>
      <MapTile TileID="53" AltIDMod="0" />
    </MapTiles>
    <StaticTiles />
  </TransInfo>
  <TransInfo Description="Grass to Sand" HashKey="010404010101040404">
    <MapTiles>
      <MapTile TileID="22" AltIDMod="0" />
    </MapTiles>
    <StaticTiles />
  </TransInfo>
  <TransInfo Description="Grass to Sand" HashKey="010101040104040104">
    <MapTiles>
      <MapTile TileID="22" AltIDMod="0" />
    </MapTiles>
    <StaticTiles />
  </TransInfo>
  <TransInfo Description="Grass to Sand" HashKey="010401040101040404">
    <MapTiles>
      <MapTile TileID="22" AltIDMod="0" />
    </MapTiles>
    <StaticTiles />
  </TransInfo>
  <TransInfo Description="Grass to Sand" HashKey="040101010101040101">
    <MapTiles>
      <MapTile TileID="55" AltIDMod="0" />
    </MapTiles>
    <StaticTiles />
  </TransInfo>
  <TransInfo Description="Grass to Sand" HashKey="010104040101010404">
    <MapTiles>
      <MapTile TileID="22" AltIDMod="0" />
    </MapTiles>
    <StaticTiles />
  </TransInfo>
  <TransInfo Description="Grass to Sand" HashKey="010404040101040104">
    <MapTiles>
      <MapTile TileID="25" AltIDMod="0" />
    </MapTiles>
    <StaticTiles />
  </TransInfo>
  <TransInfo Description="Grass to Sand" HashKey="010104010101040401">
    <MapTiles>
      <MapTile TileID="53" AltIDMod="0" />
    </MapTiles>
    <StaticTiles />
  </TransInfo>
  <TransInfo Description="Grass to Sand" HashKey="040101040104040101">
    <MapTiles>
      <MapTile TileID="22" AltIDMod="0" />
    </MapTiles>
    <StaticTiles />
  </TransInfo>
  <TransInfo Description="Grass to Sand" HashKey="040104010104040104">
    <MapTiles>
      <MapTile TileID="23" AltIDMod="0" />
    </MapTiles>
    <StaticTiles />
  </TransInfo>
  <TransInfo Description="Grass to Sand" HashKey="010401010104010401">
    <MapTiles>
      <MapTile TileID="22" AltIDMod="0" />
    </MapTiles>
    <StaticTiles />
  </TransInfo>
  <TransInfo Description="Grass to Sand" HashKey="040101040104010404">
    <MapTiles>
      <MapTile TileID="22" AltIDMod="0" />
    </MapTiles>
    <StaticTiles />
  </TransInfo>
  <TransInfo Description="Grass to Sand" HashKey="010101010104010401">
    <MapTiles>
      <MapTile TileID="53" AltIDMod="0" />
    </MapTiles>
    <StaticTiles />
  </TransInfo>
  <TransInfo Description="Grass to Sand" HashKey="040404010104040104">
    <MapTiles>
      <MapTile TileID="22" AltIDMod="0" />
    </MapTiles>
    <StaticTiles />
  </TransInfo>
  <TransInfo Description="Grass to Sand" HashKey="010401040104040101">
    <MapTiles>
      <MapTile TileID="22" AltIDMod="0" />
    </MapTiles>
    <StaticTiles />
  </TransInfo>
  <TransInfo Description="Grass to Sand" HashKey="010101010101040404">
    <MapTiles>
      <MapTile TileID="58" AltIDMod="0" />
    </MapTiles>
    <StaticTiles />
  </TransInfo>
  <TransInfo Description="Grass to Sand" HashKey="010401010101010404">
    <MapTiles>
      <MapTile TileID="22" AltIDMod="0" />
    </MapTiles>
    <StaticTiles />
  </TransInfo>
  <TransInfo Description="Grass to Sand" HashKey="040104010101010101">
    <MapTiles>
      <MapTile TileID="57" AltIDMod="0" />
    </MapTiles>
    <StaticTiles />
  </TransInfo>
  <TransInfo Description="Grass to Sand" HashKey="040404040101010404">
    <MapTiles>
      <MapTile TileID="23" AltIDMod="0" />
    </MapTiles>
    <StaticTiles />
  </TransInfo>
  <TransInfo Description="Grass to Sand" HashKey="010404010104010104">
    <MapTiles>
      <MapTile TileID="52" AltIDMod="0" />
    </MapTiles>
    <StaticTiles />
  </TransInfo>
  <TransInfo Description="Grass to Sand" HashKey="040404010101040101">
    <MapTiles>
      <MapTile TileID="51" AltIDMod="0" />
    </MapTiles>
    <StaticTiles />
  </TransInfo>
  <TransInfo Description="Grass to Sand" HashKey="010401010104010104">
    <MapTiles>
      <MapTile TileID="52" AltIDMod="0" />
    </MapTiles>
    <StaticTiles />
  </TransInfo>
  <TransInfo Description="Grass to Sand" HashKey="010104010101040404">
    <MapTiles>
      <MapTile TileID="53" AltIDMod="0" />
    </MapTiles>
    <StaticTiles />
  </TransInfo>
  <TransInfo Description="Grass to Sand" HashKey="040404010101010101">
    <MapTiles>
      <MapTile TileID="57" AltIDMod="0" />
    </MapTiles>
    <StaticTiles />
  </TransInfo>
  <TransInfo Description="Grass to Sand" HashKey="010404010101010404">
    <MapTiles>
      <MapTile TileID="22" AltIDMod="0" />
    </MapTiles>
    <StaticTiles />
  </TransInfo>
  <TransInfo Description="Grass to Sand" HashKey="040404040104040401">
    <MapTiles>
      <MapTile TileID="25" AltIDMod="0" />
    </MapTiles>
    <StaticTiles />
  </TransInfo>
  <TransInfo Description="Grass to Sand" HashKey="040101040101040401">
    <MapTiles>
      <MapTile TileID="54" AltIDMod="0" />
    </MapTiles>
    <StaticTiles />
  </TransInfo>
  <TransInfo Description="Grass to Sand" HashKey="040401040101040401">
    <MapTiles>
      <MapTile TileID="22" AltIDMod="0" />
    </MapTiles>
    <StaticTiles />
  </TransInfo>
  <TransInfo Description="Grass to Sand" HashKey="040104040101010404">
    <MapTiles>
      <MapTile TileID="24" AltIDMod="0" />
    </MapTiles>
    <StaticTiles />
  </TransInfo>
  <TransInfo Description="Grass to Sand" HashKey="010401040101040104">
    <MapTiles>
      <MapTile TileID="22" AltIDMod="0" />
    </MapTiles>
    <StaticTiles />
  </TransInfo>
  <TransInfo Description="Grass to Sand" HashKey="040101040101010401">
    <MapTiles>
      <MapTile TileID="54" AltIDMod="0" />
    </MapTiles>
    <StaticTiles />
  </TransInfo>
  <TransInfo Description="Grass to Sand" HashKey="040104040101010101">
    <MapTiles>
      <MapTile TileID="51" AltIDMod="0" />
    </MapTiles>
    <StaticTiles />
  </TransInfo>
  <TransInfo Description="Grass to Sand" HashKey="040101010101040104">
    <MapTiles>
      <MapTile TileID="54" AltIDMod="0" />
    </MapTiles>
    <StaticTiles />
  </TransInfo>
  <TransInfo Description="Grass to Sand" HashKey="010104040104040104">
    <MapTiles>
      <MapTile TileID="22" AltIDMod="0" />
    </MapTiles>
    <StaticTiles />
  </TransInfo>
  <TransInfo Description="Grass to Sand" HashKey="040104010104040404">
    <MapTiles>
      <MapTile TileID="23" AltIDMod="0" />
    </MapTiles>
    <StaticTiles />
  </TransInfo>
  <TransInfo Description="Grass to Sand" HashKey="040104040104010401">
    <MapTiles>
      <MapTile TileID="25" AltIDMod="0" />
    </MapTiles>
    <StaticTiles />
  </TransInfo>
  <TransInfo Description="Grass to Sand" HashKey="010101010101040104">
    <MapTiles>
      <MapTile TileID="58" AltIDMod="0" />
    </MapTiles>
    <StaticTiles />
  </TransInfo>
  <TransInfo Description="Grass to Sand" HashKey="010104040101010101">
    <MapTiles>
      <MapTile TileID="51" AltIDMod="0" />
    </MapTiles>
    <StaticTiles />
  </TransInfo>
  <TransInfo Description="Grass to Sand" HashKey="010401010101010104">
    <MapTiles>
      <MapTile TileID="52" AltIDMod="0" />
    </MapTiles>
    <StaticTiles />
  </TransInfo>
  <TransInfo Description="Grass to Sand" HashKey="040101040104010104">
    <MapTiles>
      <MapTile TileID="22" AltIDMod="0" />
    </MapTiles>
    <StaticTiles />
  </TransInfo>
  <TransInfo Description="Grass to Sand" HashKey="040101010104040101">
    <MapTiles>
      <MapTile TileID="22" AltIDMod="0" />
    </MapTiles>
    <StaticTiles />
  </TransInfo>
  <TransInfo Description="Grass to Sand" HashKey="010101040101040401">
    <MapTiles>
      <MapTile TileID="54" AltIDMod="0" />
    </MapTiles>
    <StaticTiles />
  </TransInfo>
  <TransInfo Description="Grass to Sand" HashKey="040401010104040401">
    <MapTiles>
      <MapTile TileID="22" AltIDMod="0" />
    </MapTiles>
    <StaticTiles />
  </TransInfo>
  <TransInfo Description="Grass to Sand" HashKey="010104010104040401">
    <MapTiles>
      <MapTile TileID="53" AltIDMod="0" />
    </MapTiles>
    <StaticTiles />
  </TransInfo>
  <TransInfo Description="Grass to Sand" HashKey="040104040104040401">
    <MapTiles>
      <MapTile TileID="25" AltIDMod="0" />
    </MapTiles>
    <StaticTiles />
  </TransInfo>
  <TransInfo Description="Grass to Sand" HashKey="040404010104010404">
    <MapTiles>
      <MapTile TileID="22" AltIDMod="0" />
    </MapTiles>
    <StaticTiles />
  </TransInfo>
  <TransInfo Description="Grass to Sand" HashKey="040401040104040101">
    <MapTiles>
      <MapTile TileID="22" AltIDMod="0" />
    </MapTiles>
    <StaticTiles />
  </TransInfo>
  <TransInfo Description="Grass to Sand" HashKey="040404010104010104">
    <MapTiles>
      <MapTile TileID="52" AltIDMod="0" />
    </MapTiles>
    <StaticTiles />
  </TransInfo>
  <TransInfo Description="Grass to Sand" HashKey="010104010101010101">
    <MapTiles>
      <MapTile TileID="59" AltIDMod="0" />
    </MapTiles>
    <StaticTiles />
  </TransInfo>
  <TransInfo Description="Grass to Sand" HashKey="040401010101010404">
    <MapTiles>
      <MapTile TileID="22" AltIDMod="0" />
    </MapTiles>
    <StaticTiles />
  </TransInfo>
  <TransInfo Description="Grass to Sand" HashKey="010404010104040101">
    <MapTiles>
      <MapTile TileID="23" AltIDMod="0" />
    </MapTiles>
    <StaticTiles />
  </TransInfo>
  <TransInfo Description="Grass to Sand" HashKey="010104040104040404">
    <MapTiles>
      <MapTile TileID="22" AltIDMod="0" />
    </MapTiles>
    <StaticTiles />
  </TransInfo>
  <TransInfo Description="Grass to Sand" HashKey="040404040104040404">
    <MapTiles>
      <MapTile TileID="25" AltIDMod="0" />
    </MapTiles>
    <StaticTiles />
  </TransInfo>
  <TransInfo Description="Grass to Sand" HashKey="040404010101040404">
    <MapTiles>
      <MapTile TileID="25" AltIDMod="0" />
    </MapTiles>
    <StaticTiles />
  </TransInfo>
  <TransInfo Description="Grass to Sand" HashKey="010404010101040101">
    <MapTiles>
      <MapTile TileID="51" AltIDMod="0" />
    </MapTiles>
    <StaticTiles />
  </TransInfo>
  <TransInfo Description="Grass to Sand" HashKey="010404010104010401">
    <MapTiles>
      <MapTile TileID="23" AltIDMod="0" />
    </MapTiles>
    <StaticTiles />
  </TransInfo>
  <TransInfo Description="Grass to Sand" HashKey="010101040104040401">
    <MapTiles>
      <MapTile TileID="22" AltIDMod="0" />
    </MapTiles>
    <StaticTiles />
  </TransInfo>
  <TransInfo Description="Grass to Sand" HashKey="040404040101040104">
    <MapTiles>
      <MapTile TileID="25" AltIDMod="0" />
    </MapTiles>
    <StaticTiles />
  </TransInfo>
  <TransInfo Description="Grass to Sand" HashKey="040404040104040104">
    <MapTiles>
      <MapTile TileID="25" AltIDMod="0" />
    </MapTiles>
    <StaticTiles />
  </TransInfo>
  <TransInfo Description="Grass to Sand" HashKey="010401040104010401">
    <MapTiles>
      <MapTile TileID="22" AltIDMod="0" />
    </MapTiles>
    <StaticTiles />
  </TransInfo>
  <TransInfo Description="Grass to Sand" HashKey="010401010104040404">
    <MapTiles>
      <MapTile TileID="22" AltIDMod="0" />
    </MapTiles>
    <StaticTiles />
  </TransInfo>
  <TransInfo Description="Grass to Sand" HashKey="040101010104040404">
    <MapTiles>
      <MapTile TileID="22" AltIDMod="0" />
    </MapTiles>
    <StaticTiles />
  </TransInfo>
  <TransInfo Description="Grass to Sand" HashKey="010404010101040104">
    <MapTiles>
      <MapTile TileID="22" AltIDMod="0" />
    </MapTiles>
    <StaticTiles />
  </TransInfo>
  <TransInfo Description="Grass to Sand" HashKey="010401040101010101">
    <MapTiles>
      <MapTile TileID="51" AltIDMod="0" />
    </MapTiles>
    <StaticTiles />
  </TransInfo>
  <TransInfo Description="Grass to Sand" HashKey="010404040101010401">
    <MapTiles>
      <MapTile TileID="24" AltIDMod="0" />
    </MapTiles>
    <StaticTiles />
  </TransInfo>
  <TransInfo Description="Grass to Sand" HashKey="010104040104040101">
    <MapTiles>
      <MapTile TileID="22" AltIDMod="0" />
    </MapTiles>
    <StaticTiles />
  </TransInfo>
  <TransInfo Description="Grass to Sand" HashKey="040104010101010401">
    <MapTiles>
      <MapTile TileID="23" AltIDMod="0" />
    </MapTiles>
    <StaticTiles />
  </TransInfo>
  <TransInfo Description="Grass to Sand" HashKey="040401010101040404">
    <MapTiles>
      <MapTile TileID="22" AltIDMod="0" />
    </MapTiles>
    <StaticTiles />
  </TransInfo>
  <TransInfo Description="Grass to Sand" HashKey="040104040101040104">
    <MapTiles>
      <MapTile TileID="25" AltIDMod="0" />
    </MapTiles>
    <StaticTiles />
  </TransInfo>
  <TransInfo Description="Grass to Sand" HashKey="010101010104040104">
    <MapTiles>
      <MapTile TileID="53" AltIDMod="0" />
    </MapTiles>
    <StaticTiles />
  </TransInfo>
  <TransInfo Description="Grass to Sand" HashKey="010401040104040404">
    <MapTiles>
      <MapTile TileID="22" AltIDMod="0" />
    </MapTiles>
    <StaticTiles />
  </TransInfo>
  <TransInfo Description="Grass to Sand" HashKey="040404010101040401">
    <MapTiles>
      <MapTile TileID="25" AltIDMod="0" />
    </MapTiles>
    <StaticTiles />
  </TransInfo>
  <TransInfo Description="Grass to Sand" HashKey="010404040104010104">
    <MapTiles>
      <MapTile TileID="25" AltIDMod="0" />
    </MapTiles>
    <StaticTiles />
  </TransInfo>
  <TransInfo Description="Grass to Sand" HashKey="040401040101040104">
    <MapTiles>
      <MapTile TileID="22" AltIDMod="0" />
    </MapTiles>
    <StaticTiles />
  </TransInfo>
  <TransInfo Description="Grass to Sand" HashKey="040404010101010401">
    <MapTiles>
      <MapTile TileID="24" AltIDMod="0" />
    </MapTiles>
    <StaticTiles />
  </TransInfo>
  <TransInfo Description="Grass to Sand" HashKey="040401040104040401">
    <MapTiles>
      <MapTile TileID="22" AltIDMod="0" />
    </MapTiles>
    <StaticTiles />
  </TransInfo>
  <TransInfo Description="Grass to Sand" HashKey="040101040101040101">
    <MapTiles>
      <MapTile TileID="55" AltIDMod="0" />
    </MapTiles>
    <StaticTiles />
  </TransInfo>
  <TransInfo Description="Grass to Sand" HashKey="040101010104010101">
    <MapTiles>
      <MapTile TileID="52" AltIDMod="0" />
    </MapTiles>
    <StaticTiles />
  </TransInfo>
  <TransInfo Description="Grass to Sand" HashKey="040101010101010404">
    <MapTiles>
      <MapTile TileID="54" AltIDMod="0" />
    </MapTiles>
    <StaticTiles />
  </TransInfo>
  <TransInfo Description="Grass to Sand" HashKey="010104040104010404">
    <MapTiles>
      <MapTile TileID="22" AltIDMod="0" />
    </MapTiles>
    <StaticTiles />
  </TransInfo>
  <TransInfo Description="Grass to Sand" HashKey="040104010104010104">
    <MapTiles>
      <MapTile TileID="52" AltIDMod="0" />
    </MapTiles>
    <StaticTiles />
  </TransInfo>
  <TransInfo Description="Grass to Sand" HashKey="010404040104010404">
    <MapTiles>
      <MapTile TileID="25" AltIDMod="0" />
    </MapTiles>
    <StaticTiles />
  </TransInfo>
  <TransInfo Description="Grass to Sand" HashKey="010101040101040101">
    <MapTiles>
      <MapTile TileID="55" AltIDMod="0" />
    </MapTiles>
    <StaticTiles />
  </TransInfo>
  <TransInfo Description="Grass to Sand" HashKey="040401040101010404">
    <MapTiles>
      <MapTile TileID="23" AltIDMod="0" />
    </MapTiles>
    <StaticTiles />
  </TransInfo>
  <TransInfo Description="Grass to Sand" HashKey="040401010104040104">
    <MapTiles>
      <MapTile TileID="22" AltIDMod="0" />
    </MapTiles>
    <StaticTiles />
  </TransInfo>
  <TransInfo Description="Grass to Sand" HashKey="010404040101040404">
    <MapTiles>
      <MapTile TileID="25" AltIDMod="0" />
    </MapTiles>
    <StaticTiles />
  </TransInfo>
  <TransInfo Description="Grass to Sand" HashKey="010104040101040401">
    <MapTiles>
      <MapTile TileID="22" AltIDMod="0" />
    </MapTiles>
    <StaticTiles />
  </TransInfo>
  <TransInfo Description="Grass to Sand" HashKey="040101010101040401">
    <MapTiles>
      <MapTile TileID="54" AltIDMod="0" />
    </MapTiles>
    <StaticTiles />
  </TransInfo>
  <TransInfo Description="Grass to Sand" HashKey="010401010104040104">
    <MapTiles>
      <MapTile TileID="22" AltIDMod="0" />
    </MapTiles>
    <StaticTiles />
  </TransInfo>
  <TransInfo Description="Grass to Sand" HashKey="040404010104040404">
    <MapTiles>
      <MapTile TileID="22" AltIDMod="0" />
    </MapTiles>
    <StaticTiles />
  </TransInfo>
  <TransInfo Description="Grass to Sand" HashKey="040101010104010401">
    <MapTiles>
      <MapTile TileID="22" AltIDMod="0" />
    </MapTiles>
    <StaticTiles />
  </TransInfo>
  <TransInfo Description="Grass to Sand" HashKey="010104040101010401">
    <MapTiles>
      <MapTile TileID="22" AltIDMod="0" />
    </MapTiles>
    <StaticTiles />
  </TransInfo>
  <TransInfo Description="Grass to Sand" HashKey="010101040101010101">
    <MapTiles>
      <MapTile TileID="55" AltIDMod="0" />
    </MapTiles>
    <StaticTiles />
  </TransInfo>
  <TransInfo Description="Grass to Sand" HashKey="010104010101040104">
    <MapTiles>
      <MapTile TileID="53" AltIDMod="0" />
    </MapTiles>
    <StaticTiles />
  </TransInfo>
  <TransInfo Description="Grass to Sand" HashKey="040104040101040404">
    <MapTiles>
      <MapTile TileID="25" AltIDMod="0" />
    </MapTiles>
    <StaticTiles />
  </TransInfo>
  <TransInfo Description="Grass to Sand" HashKey="040401010104010101">
    <MapTiles>
      <MapTile TileID="52" AltIDMod="0" />
    </MapTiles>
    <StaticTiles />
  </TransInfo>
  <TransInfo Description="Grass to Sand" HashKey="010101040104010401">
    <MapTiles>
      <MapTile TileID="22" AltIDMod="0" />
    </MapTiles>
    <StaticTiles />
  </TransInfo>
  <TransInfo Description="Grass to Sand" HashKey="010401010101040401">
    <MapTiles>
      <MapTile TileID="22" AltIDMod="0" />
    </MapTiles>
    <StaticTiles />
  </TransInfo>
  <TransInfo Description="Grass to Sand" HashKey="010104010104010101">
    <MapTiles>
      <MapTile TileID="56" AltIDMod="0" />
    </MapTiles>
    <StaticTiles />
  </TransInfo>
  <TransInfo Description="Grass to Sand" HashKey="040401010101040104">
    <MapTiles>
      <MapTile TileID="22" AltIDMod="0" />
    </MapTiles>
    <StaticTiles />
  </TransInfo>
  <TransInfo Description="Grass to Sand" HashKey="040404040101010101">
    <MapTiles>
      <MapTile TileID="51" AltIDMod="0" />
    </MapTiles>
    <StaticTiles />
  </TransInfo>
  <TransInfo Description="Grass to Sand" HashKey="040104010101040101">
    <MapTiles>
      <MapTile TileID="51" AltIDMod="0" />
    </MapTiles>
    <StaticTiles />
  </TransInfo>
  <TransInfo Description="Grass to Sand" HashKey="010404040104040404">
    <MapTiles>
      <MapTile TileID="25" AltIDMod="0" />
    </MapTiles>
    <StaticTiles />
  </TransInfo>
  <TransInfo Description="Grass to Sand" HashKey="010104010104040101">
    <MapTiles>
      <MapTile TileID="53" AltIDMod="0" />
    </MapTiles>
    <StaticTiles />
  </TransInfo>
  <TransInfo Description="Grass to Sand" HashKey="040401040104010101">
    <MapTiles>
      <MapTile TileID="22" AltIDMod="0" />
    </MapTiles>
    <StaticTiles />
  </TransInfo>
  <TransInfo Description="Grass to Sand" HashKey="010404010101010101">
    <MapTiles>
      <MapTile TileID="57" AltIDMod="0" />
    </MapTiles>
    <StaticTiles />
  </TransInfo>
  <TransInfo Description="Grass to Sand" HashKey="040404040101040404">
    <MapTiles>
      <MapTile TileID="25" AltIDMod="0" />
    </MapTiles>
    <StaticTiles />
  </TransInfo>
  <TransInfo Description="Grass to Sand" HashKey="010404010104040401">
    <MapTiles>
      <MapTile TileID="23" AltIDMod="0" />
    </MapTiles>
    <StaticTiles />
  </TransInfo>
  <TransInfo Description="Grass to Sand" HashKey="040401010101010101">
    <MapTiles>
      <MapTile TileID="57" AltIDMod="0" />
    </MapTiles>
    <StaticTiles />
  </TransInfo>
  <TransInfo Description="Grass to Sand" HashKey="010401040101040401">
    <MapTiles>
      <MapTile TileID="22" AltIDMod="0" />
    </MapTiles>
    <StaticTiles />
  </TransInfo>
  <TransInfo Description="Grass to Sand" HashKey="040401040104010404">
    <MapTiles>
      <MapTile TileID="22" AltIDMod="0" />
    </MapTiles>
    <StaticTiles />
  </TransInfo>
  <TransInfo Description="Grass to Sand" HashKey="040101040101010104">
    <MapTiles>
      <MapTile TileID="54" AltIDMod="0" />
    </MapTiles>
    <StaticTiles />
  </TransInfo>
  <TransInfo Description="Grass to Sand" HashKey="010404040101040101">
    <MapTiles>
      <MapTile TileID="51" AltIDMod="0" />
    </MapTiles>
    <StaticTiles />
  </TransInfo>
  <TransInfo Description="Grass to Sand" HashKey="010401040104010101">
    <MapTiles>
      <MapTile TileID="22" AltIDMod="0" />
    </MapTiles>
    <StaticTiles />
  </TransInfo>
  <TransInfo Description="Grass to Sand" HashKey="040104010104040101">
    <MapTiles>
      <MapTile TileID="23" AltIDMod="0" />
    </MapTiles>
    <StaticTiles />
  </TransInfo>
  <TransInfo Description="Grass to Sand" HashKey="040104040104010104">
    <MapTiles>
      <MapTile TileID="25" AltIDMod="0" />
    </MapTiles>
    <StaticTiles />
  </TransInfo>
  <TransInfo Description="Grass to Sand" HashKey="010401040101010401">
    <MapTiles>
      <MapTile TileID="22" AltIDMod="0" />
    </MapTiles>
    <StaticTiles />
  </TransInfo>
  <TransInfo Description="Grass to Sand" HashKey="010404040101010101">
    <MapTiles>
      <MapTile TileID="51" AltIDMod="0" />
    </MapTiles>
    <StaticTiles />
  </TransInfo>
  <TransInfo Description="Grass to Sand" HashKey="010401010104010404">
    <MapTiles>
      <MapTile TileID="22" AltIDMod="0" />
    </MapTiles>
    <StaticTiles />
  </TransInfo>
  <TransInfo Description="Grass to Sand" HashKey="010101010101040401">
    <MapTiles>
      <MapTile TileID="58" AltIDMod="0" />
    </MapTiles>
    <StaticTiles />
  </TransInfo>
  <TransInfo Description="Grass to Sand" HashKey="010401010101010401">
    <MapTiles>
      <MapTile TileID="22" AltIDMod="0" />
    </MapTiles>
    <StaticTiles />
  </TransInfo>
  <TransInfo Description="Grass to Sand" HashKey="040404040104010101">
    <MapTiles>
      <MapTile TileID="25" AltIDMod="0" />
    </MapTiles>
    <StaticTiles />
  </TransInfo>
  <TransInfo Description="Grass to Sand" HashKey="040401010101040101">
    <MapTiles>
      <MapTile TileID="51" AltIDMod="0" />
    </MapTiles>
    <StaticTiles />
  </TransInfo>
  <TransInfo Description="Grass to Sand" HashKey="040101040104010401">
    <MapTiles>
      <MapTile TileID="22" AltIDMod="0" />
    </MapTiles>
    <StaticTiles />
  </TransInfo>
  <TransInfo Description="Grass to Sand" HashKey="010401010104010101">
    <MapTiles>
      <MapTile TileID="52" AltIDMod="0" />
    </MapTiles>
    <StaticTiles />
  </TransInfo>
  <TransInfo Description="Grass to Sand" HashKey="040401010104010401">
    <MapTiles>
      <MapTile TileID="22" AltIDMod="0" />
    </MapTiles>
    <StaticTiles />
  </TransInfo>
  <TransInfo Description="Grass to Sand" HashKey="010101010104010101">
    <MapTiles>
      <MapTile TileID="56" AltIDMod="0" />
    </MapTiles>
    <StaticTiles />
  </TransInfo>
  <TransInfo Description="Grass to Sand" HashKey="040104010101040104">
    <MapTiles>
      <MapTile TileID="25" AltIDMod="0" />
    </MapTiles>
    <StaticTiles />
  </TransInfo>
  <TransInfo Description="Grass to Sand" HashKey="010101010101010401">
    <MapTiles>
      <MapTile TileID="58" AltIDMod="0" />
    </MapTiles>
    <StaticTiles />
  </TransInfo>
  <TransInfo Description="Grass to Sand" HashKey="010101040101040104">
    <MapTiles>
      <MapTile TileID="54" AltIDMod="0" />
    </MapTiles>
    <StaticTiles />
  </TransInfo>
  <TransInfo Description="Grass to Sand" HashKey="040404010104010101">
    <MapTiles>
      <MapTile TileID="52" AltIDMod="0" />
    </MapTiles>
    <StaticTiles />
  </TransInfo>
  <TransInfo Description="Grass to Sand" HashKey="040404010101010104">
    <MapTiles>
      <MapTile TileID="52" AltIDMod="0" />
    </MapTiles>
    <StaticTiles />
  </TransInfo>
  <TransInfo Description="Grass to Sand" HashKey="040101040104040401">
    <MapTiles>
      <MapTile TileID="22" AltIDMod="0" />
    </MapTiles>
    <StaticTiles />
  </TransInfo>
  <TransInfo Description="Grass to Sand" HashKey="010404040104040104">
    <MapTiles>
      <MapTile TileID="25" AltIDMod="0" />
    </MapTiles>
    <StaticTiles />
  </TransInfo>
  <TransInfo Description="Grass to Sand" HashKey="040104010104010404">
    <MapTiles>
      <MapTile TileID="23" AltIDMod="0" />
    </MapTiles>
    <StaticTiles />
  </TransInfo>
  <TransInfo Description="Grass to Sand" HashKey="040101040104040104">
    <MapTiles>
      <MapTile TileID="22" AltIDMod="0" />
    </MapTiles>
    <StaticTiles />
  </TransInfo>
  <TransInfo Description="Grass to Sand" HashKey="040404010101040104">
    <MapTiles>
      <MapTile TileID="25" AltIDMod="0" />
    </MapTiles>
    <StaticTiles />
  </TransInfo>
  <TransInfo Description="Grass to Sand" HashKey="010404040104040101">
    <MapTiles>
      <MapTile TileID="25" AltIDMod="0" />
    </MapTiles>
    <StaticTiles />
  </TransInfo>
  <TransInfo Description="Grass to Sand" HashKey="010101040101040404">
    <MapTiles>
      <MapTile TileID="54" AltIDMod="0" />
    </MapTiles>
    <StaticTiles />
  </TransInfo>
  <TransInfo Description="Grass to Sand" HashKey="010104040101040101">
    <MapTiles>
      <MapTile TileID="51" AltIDMod="0" />
    </MapTiles>
    <StaticTiles />
  </TransInfo>
  <TransInfo Description="Grass to Sand" HashKey="010104010101010404">
    <MapTiles>
      <MapTile TileID="53" AltIDMod="0" />
    </MapTiles>
    <StaticTiles />
  </TransInfo>
  <TransInfo Description="Grass to Sand" HashKey="040101040101010404">
    <MapTiles>
      <MapTile TileID="54" AltIDMod="0" />
    </MapTiles>
    <StaticTiles />
  </TransInfo>
  <TransInfo Description="Grass to Sand" HashKey="040104040101010104">
    <MapTiles>
      <MapTile TileID="24" AltIDMod="0" />
    </MapTiles>
    <StaticTiles />
  </TransInfo>
  <TransInfo Description="Grass to Sand" HashKey="010101010104010104">
    <MapTiles>
      <MapTile TileID="56" AltIDMod="0" />
    </MapTiles>
    <StaticTiles />
  </TransInfo>
  <TransInfo Description="Grass to Sand" HashKey="010101040104040101">
    <MapTiles>
      <MapTile TileID="22" AltIDMod="0" />
    </MapTiles>
    <StaticTiles />
  </TransInfo>
  <TransInfo Description="Grass to Sand" HashKey="040401040101040404">
    <MapTiles>
      <MapTile TileID="22" AltIDMod="0" />
    </MapTiles>
    <StaticTiles />
  </TransInfo>
  <TransInfo Description="Grass to Sand" HashKey="040104040104010404">
    <MapTiles>
      <MapTile TileID="25" AltIDMod="0" />
    </MapTiles>
    <StaticTiles />
  </TransInfo>
  <TransInfo Description="Grass to Sand" HashKey="010101010104010404">
    <MapTiles>
      <MapTile TileID="53" AltIDMod="0" />
    </MapTiles>
    <StaticTiles />
  </TransInfo>
  <TransInfo Description="Grass to Sand" HashKey="040404010104040101">
    <MapTiles>
      <MapTile TileID="22" AltIDMod="0" />
    </MapTiles>
    <StaticTiles />
  </TransInfo>
  <TransInfo Description="Grass to Sand" HashKey="010401040104040104">
    <MapTiles>
      <MapTile TileID="22" AltIDMod="0" />
    </MapTiles>
    <StaticTiles />
  </TransInfo>
  <TransInfo Description="Grass to Sand" HashKey="040404040101040401">
    <MapTiles>
      <MapTile TileID="25" AltIDMod="0" />
    </MapTiles>
    <StaticTiles />
  </TransInfo>
  <TransInfo Description="Grass to Sand" HashKey="010404010104010101">
    <MapTiles>
      <MapTile TileID="52" AltIDMod="0" />
    </MapTiles>
    <StaticTiles />
  </TransInfo>
  <TransInfo Description="Grass to Sand" HashKey="010404010101040401">
    <MapTiles>
      <MapTile TileID="22" AltIDMod="0" />
    </MapTiles>
    <StaticTiles />
  </TransInfo>
  <TransInfo Description="Grass to Sand" HashKey="010104010104010401">
    <MapTiles>
      <MapTile TileID="53" AltIDMod="0" />
    </MapTiles>
    <StaticTiles />
  </TransInfo>
  <TransInfo Description="Grass to Sand" HashKey="010101040101010401">
    <MapTiles>
      <MapTile TileID="54" AltIDMod="0" />
    </MapTiles>
    <StaticTiles />
  </TransInfo>
  <TransInfo Description="Grass to Sand" HashKey="040104010101010104">
    <MapTiles>
      <MapTile TileID="52" AltIDMod="0" />
    </MapTiles>
    <StaticTiles />
  </TransInfo>
  <TransInfo Description="Grass to Sand" HashKey="040404040101010401">
    <MapTiles>
      <MapTile TileID="23" AltIDMod="0" />
    </MapTiles>
    <StaticTiles />
  </TransInfo>
  <TransInfo Description="Grass to Sand" HashKey="040401040101010101">
    <MapTiles>
      <MapTile TileID="51" AltIDMod="0" />
    </MapTiles>
    <StaticTiles />
  </TransInfo>
  <TransInfo Description="Grass to Sand" HashKey="010401010101040101">
    <MapTiles>
      <MapTile TileID="51" AltIDMod="0" />
    </MapTiles>
    <StaticTiles />
  </TransInfo>
  <TransInfo Description="Grass to Sand" HashKey="040101010101040404">
    <MapTiles>
      <MapTile TileID="54" AltIDMod="0" />
    </MapTiles>
    <StaticTiles />
  </TransInfo>
  <TransInfo Description="Grass to Sand" HashKey="040401010104040404">
    <MapTiles>
      <MapTile TileID="22" AltIDMod="0" />
    </MapTiles>
    <StaticTiles />
  </TransInfo>
  <TransInfo Description="Grass to Sand" HashKey="010404010101010401">
    <MapTiles>
      <MapTile TileID="22" AltIDMod="0" />
    </MapTiles>
    <StaticTiles />
  </TransInfo>
  <TransInfo Description="Grass to Sand" HashKey="040401040104040104">
    <MapTiles>
      <MapTile TileID="22" AltIDMod="0" />
    </MapTiles>
    <StaticTiles />
  </TransInfo>
  <TransInfo Description="Grass to Sand" HashKey="040101040101040404">
    <MapTiles>
      <MapTile TileID="54" AltIDMod="0" />
    </MapTiles>
    <StaticTiles />
  </TransInfo>
  <TransInfo Description="Grass to Sand" HashKey="010104010104010404">
    <MapTiles>
      <MapTile TileID="53" AltIDMod="0" />
    </MapTiles>
    <StaticTiles />
  </TransInfo>
  <TransInfo Description="Grass to Sand" HashKey="010104010101010104">
    <MapTiles>
      <MapTile TileID="56" AltIDMod="0" />
    </MapTiles>
    <StaticTiles />
  </TransInfo>
  <TransInfo Description="Grass to Sand" HashKey="040104010104010401">
    <MapTiles>
      <MapTile TileID="23" AltIDMod="0" />
    </MapTiles>
    <StaticTiles />
  </TransInfo>
  <TransInfo Description="Grass to Sand" HashKey="010404040104010101">
    <MapTiles>
      <MapTile TileID="25" AltIDMod="0" />
    </MapTiles>
    <StaticTiles />
  </TransInfo>
  <TransInfo Description="Grass to Sand" HashKey="010401040101040101">
    <MapTiles>
      <MapTile TileID="51" AltIDMod="0" />
    </MapTiles>
    <StaticTiles />
  </TransInfo>
  <TransInfo Description="Grass to Sand" HashKey="010404040101040401">
    <MapTiles>
      <MapTile TileID="25" AltIDMod="0" />
    </MapTiles>
    <StaticTiles />
  </TransInfo>
  <TransInfo Description="Grass to Sand" HashKey="040404040104010404">
    <MapTiles>
      <MapTile TileID="25" AltIDMod="0" />
    </MapTiles>
    <StaticTiles />
  </TransInfo>
  <TransInfo Description="Grass to Sand" HashKey="040104010104040401">
    <MapTiles>
      <MapTile TileID="23" AltIDMod="0" />
    </MapTiles>
    <StaticTiles />
  </TransInfo>
  <TransInfo Description="Grass to Sand" HashKey="010401010101010101">
    <MapTiles>
      <MapTile TileID="57" AltIDMod="0" />
    </MapTiles>
    <StaticTiles />
  </TransInfo>
  <TransInfo Description="Grass to Sand" HashKey="010401010104040401">
    <MapTiles>
      <MapTile TileID="22" AltIDMod="0" />
    </MapTiles>
    <StaticTiles />
  </TransInfo>
  <TransInfo Description="Grass to Sand" HashKey="010101010101040101">
    <MapTiles>
      <MapTile TileID="60" AltIDMod="0" />
    </MapTiles>
    <StaticTiles />
  </TransInfo>
  <TransInfo Description="Grass to Sand" HashKey="010104040101010104">
    <MapTiles>
      <MapTile TileID="22" AltIDMod="0" />
    </MapTiles>
    <StaticTiles />
  </TransInfo>
  <TransInfo Description="Grass to Sand" HashKey="010101040101010404">
    <MapTiles>
      <MapTile TileID="54" AltIDMod="0" />
    </MapTiles>
    <StaticTiles />
  </TransInfo>
  <TransInfo Description="Grass to Sand" HashKey="040104010101010404">
    <MapTiles>
      <MapTile TileID="23" AltIDMod="0" />
    </MapTiles>
    <StaticTiles />
  </TransInfo>
  <TransInfo Description="Grass to Sand" HashKey="040104040101040101">
    <MapTiles>
      <MapTile TileID="51" AltIDMod="0" />
    </MapTiles>
    <StaticTiles />
  </TransInfo>
  <TransInfo Description="Grass to Sand" HashKey="040101040104010101">
    <MapTiles>
      <MapTile TileID="22" AltIDMod="0" />
    </MapTiles>
    <StaticTiles />
  </TransInfo>
  <TransInfo Description="Grass to Sand" HashKey="010101040104010104">
    <MapTiles>
      <MapTile TileID="22" AltIDMod="0" />
    </MapTiles>
    <StaticTiles />
  </TransInfo>
  <TransInfo Description="Grass to Sand" HashKey="040404040104010401">
    <MapTiles>
      <MapTile TileID="25" AltIDMod="0" />
    </MapTiles>
    <StaticTiles />
  </TransInfo>
  <TransInfo Description="Grass to Sand" HashKey="040401010101040401">
    <MapTiles>
      <MapTile TileID="22" AltIDMod="0" />
    </MapTiles>
    <StaticTiles />
  </TransInfo>
  <TransInfo Description="Grass to Sand" HashKey="040404010104010401">
    <MapTiles>
      <MapTile TileID="22" AltIDMod="0" />
    </MapTiles>
    <StaticTiles />
  </TransInfo>
  <TransInfo Description="Grass to Sand" HashKey="040101010101010101">
    <MapTiles>
      <MapTile TileID="62" AltIDMod="0" />
    </MapTiles>
    <StaticTiles />
  </TransInfo>
  <TransInfo Description="Grass to Sand" HashKey="040104040104040404">
    <MapTiles>
      <MapTile TileID="25" AltIDMod="0" />
    </MapTiles>
    <StaticTiles />
  </TransInfo>
  <TransInfo Description="Grass to Sand" HashKey="040101040101040104">
    <MapTiles>
      <MapTile TileID="54" AltIDMod="0" />
    </MapTiles>
    <StaticTiles />
  </TransInfo>
  <TransInfo Description="Grass to Sand" HashKey="040101010101010401">
    <MapTiles>
      <MapTile TileID="54" AltIDMod="0" />
    </MapTiles>
    <StaticTiles />
  </TransInfo>
  <TransInfo Description="Grass to Sand" HashKey="010104040104010401">
    <MapTiles>
      <MapTile TileID="22" AltIDMod="0" />
    </MapTiles>
    <StaticTiles />
  </TransInfo>
  <TransInfo Description="Grass to Sand" HashKey="010104010104040404">
    <MapTiles>
      <MapTile TileID="53" AltIDMod="0" />
    </MapTiles>
    <StaticTiles />
  </TransInfo>
  <TransInfo Description="Grass to Sand" HashKey="040104040104040104">
    <MapTiles>
      <MapTile TileID="25" AltIDMod="0" />
    </MapTiles>
    <StaticTiles />
  </TransInfo>
  <TransInfo Description="Grass to Sand" HashKey="040401040101040101">
    <MapTiles>
      <MapTile TileID="51" AltIDMod="0" />
    </MapTiles>
    <StaticTiles />
  </TransInfo>
  <TransInfo Description="Grass to Sand" HashKey="040104010104010101">
    <MapTiles>
      <MapTile TileID="52" AltIDMod="0" />
    </MapTiles>
    <StaticTiles />
  </TransInfo>
  <TransInfo Description="Grass to Sand" HashKey="040401010101010401">
    <MapTiles>
      <MapTile TileID="22" AltIDMod="0" />
    </MapTiles>
    <StaticTiles />
  </TransInfo>
  <TransInfo Description="Grass to Sand" HashKey="010404010104040104">
    <MapTiles>
      <MapTile TileID="23" AltIDMod="0" />
    </MapTiles>
    <StaticTiles />
  </TransInfo>
  <TransInfo Description="Grass to Sand" HashKey="010104040104040401">
    <MapTiles>
      <MapTile TileID="22" AltIDMod="0" />
    </MapTiles>
    <StaticTiles />
  </TransInfo>
  <TransInfo Description="Grass to Sand" HashKey="040401040101010401">
    <MapTiles>
      <MapTile TileID="23" AltIDMod="0" />
    </MapTiles>
    <StaticTiles />
  </TransInfo>
  <TransInfo Description="Grass to Sand" HashKey="040401040104010401">
    <MapTiles>
      <MapTile TileID="22" AltIDMod="0" />
    </MapTiles>
    <StaticTiles />
  </TransInfo>
  <TransInfo Description="Grass to Sand" HashKey="010101010104040101">
    <MapTiles>
      <MapTile TileID="53" AltIDMod="0" />
    </MapTiles>
    <StaticTiles />
  </TransInfo>
  <TransInfo Description="Grass to Sand" HashKey="010104040104010104">
    <MapTiles>
      <MapTile TileID="22" AltIDMod="0" />
    </MapTiles>
    <StaticTiles />
  </TransInfo>
  <TransInfo Description="Grass to Sand" HashKey="010101040104040404">
    <MapTiles>
      <MapTile TileID="22" AltIDMod="0" />
    </MapTiles>
    <StaticTiles />
  </TransInfo>
  <TransInfo Description="Grass to Sand" HashKey="040401040101010104">
    <MapTiles>
      <MapTile TileID="23" AltIDMod="0" />
    </MapTiles>
    <StaticTiles />
  </TransInfo>
  <TransInfo Description="Grass to Sand" HashKey="040101010104010404">
    <MapTiles>
      <MapTile TileID="22" AltIDMod="0" />
    </MapTiles>
    <StaticTiles />
  </TransInfo>
  <TransInfo Description="Grass to Sand" HashKey="040404040101040101">
    <MapTiles>
      <MapTile TileID="51" AltIDMod="0" />
    </MapTiles>
    <StaticTiles />
  </TransInfo>
  <TransInfo Description="Grass to Sand" HashKey="010101040101010104">
    <MapTiles>
      <MapTile TileID="54" AltIDMod="0" />
    </MapTiles>
    <StaticTiles />
  </TransInfo>
  <TransInfo Description="Grass to Sand" HashKey="010401040104010404">
    <MapTiles>
      <MapTile TileID="22" AltIDMod="0" />
    </MapTiles>
    <StaticTiles />
  </TransInfo>
  <TransInfo Description="Grass to Sand" HashKey="040404010104040401">
    <MapTiles>
      <MapTile TileID="22" AltIDMod="0" />
    </MapTiles>
    <StaticTiles />
  </TransInfo>
  <TransInfo Description="Grass to Sand" HashKey="040401010104010104">
    <MapTiles>
      <MapTile TileID="52" AltIDMod="0" />
    </MapTiles>
    <StaticTiles />
  </TransInfo>
  <TransInfo Description="Grass to Sand" HashKey="010101040104010404">
    <MapTiles>
      <MapTile TileID="22" AltIDMod="0" />
    </MapTiles>
    <StaticTiles />
  </TransInfo>
  <TransInfo Description="Grass to Sand" HashKey="010401040101010104">
    <MapTiles>
      <MapTile TileID="22" AltIDMod="0" />
    </MapTiles>
    <StaticTiles />
  </TransInfo>
  <TransInfo Description="Grass to Sand" HashKey="010404040101010404">
    <MapTiles>
      <MapTile TileID="24" AltIDMod="0" />
    </MapTiles>
    <StaticTiles />
  </TransInfo>
  <TransInfo Description="Grass to Sand" HashKey="010401040104040401">
    <MapTiles>
      <MapTile TileID="22" AltIDMod="0" />
    </MapTiles>
    <StaticTiles />
  </TransInfo>
  <TransInfo Description="Grass to Sand" HashKey="040401010104010404">
    <MapTiles>
      <MapTile TileID="22" AltIDMod="0" />
    </MapTiles>
    <StaticTiles />
  </TransInfo>
  <TransInfo Description="Grass to Sand" HashKey="040404010101010404">
    <MapTiles>
      <MapTile TileID="24" AltIDMod="0" />
    </MapTiles>
    <StaticTiles />
  </TransInfo>
  <TransInfo Description="Grass to Sand" HashKey="040401040104040404">
    <MapTiles>
      <MapTile TileID="22" AltIDMod="0" />
    </MapTiles>
    <StaticTiles />
  </TransInfo>
  <TransInfo Description="Grass to Sand" HashKey="040404040104010104">
    <MapTiles>
      <MapTile TileID="25" AltIDMod="0" />
    </MapTiles>
    <StaticTiles />
  </TransInfo>
  <TransInfo Description="Grass to Sand" HashKey="010401010101040404">
    <MapTiles>
      <MapTile TileID="22" AltIDMod="0" />
    </MapTiles>
    <StaticTiles />
  </TransInfo>
  <TransInfo Description="Grass to Sand" HashKey="010404040104040401">
    <MapTiles>
      <MapTile TileID="25" AltIDMod="0" />
    </MapTiles>
    <StaticTiles />
  </TransInfo>
  <TransInfo Description="Grass to Sand" HashKey="010104010104040104">
    <MapTiles>
      <MapTile TileID="53" AltIDMod="0" />
    </MapTiles>
    <StaticTiles />
  </TransInfo>
  <TransInfo Description="Grass to Sand" HashKey="040104010101040401">
    <MapTiles>
      <MapTile TileID="25" AltIDMod="0" />
    </MapTiles>
    <StaticTiles />
  </TransInfo>
  <TransInfo Description="Grass to Sand" HashKey="010101010101010104">
    <MapTiles>
      <MapTile TileID="61" AltIDMod="0" />
    </MapTiles>
    <StaticTiles />
  </TransInfo>
  <TransInfo Description="Grass to Sand" HashKey="010401010101040104">
    <MapTiles>
      <MapTile TileID="22" AltIDMod="0" />
    </MapTiles>
    <StaticTiles />
  </TransInfo>
  <TransInfo Description="Grass to Sand" HashKey="040401010104040101">
    <MapTiles>
      <MapTile TileID="22" AltIDMod="0" />
    </MapTiles>
    <StaticTiles />
  </TransInfo>
  <TransInfo Description="Grass to Sand" HashKey="010404010104040404">
    <MapTiles>
      <MapTile TileID="23" AltIDMod="0" />
    </MapTiles>
    <StaticTiles />
  </TransInfo>
  <TransInfo Description="Grass to Sand" HashKey="010404040104010401">
    <MapTiles>
      <MapTile TileID="25" AltIDMod="0" />
    </MapTiles>
    <StaticTiles />
  </TransInfo>
  <TransInfo Description="Grass to Sand" HashKey="010104040101040404">
    <MapTiles>
      <MapTile TileID="22" AltIDMod="0" />
    </MapTiles>
    <StaticTiles />
  </TransInfo>
  <TransInfo Description="Grass to Sand" HashKey="040101040101010101">
    <MapTiles>
      <MapTile TileID="55" AltIDMod="0" />
    </MapTiles>
    <StaticTiles />
  </TransInfo>
</Trans>