﻿<?xml version="1.0" encoding="utf-8"?>
<Trans>
  <TransInfo Description="Grass to Rough Sand" HashKey="810181810101018101">
    <MapTiles>
      <MapTile TileID="24" AltIDMod="0" />
    </MapTiles>
    <StaticTiles />
  </TransInfo>
  <TransInfo Description="Grass to Rough Sand" HashKey="018101810181010181">
    <MapTiles>
      <MapTile TileID="22" AltIDMod="0" />
    </MapTiles>
    <StaticTiles />
  </TransInfo>
  <TransInfo Description="Grass to Rough Sand" HashKey="018101010181810101">
    <MapTiles>
      <MapTile TileID="22" AltIDMod="0" />
    </MapTiles>
    <StaticTiles />
  </TransInfo>
  <TransInfo Description="Grass to Rough Sand" HashKey="810181810181010101">
    <MapTiles>
      <MapTile TileID="25" AltIDMod="0" />
    </MapTiles>
    <StaticTiles />
  </TransInfo>
  <TransInfo Description="Grass to Rough Sand" HashKey="018101810101018181">
    <MapTiles>
      <MapTile TileID="22" AltIDMod="0" />
    </MapTiles>
    <StaticTiles />
  </TransInfo>
  <TransInfo Description="Grass to Rough Sand" HashKey="018181810101010181">
    <MapTiles>
      <MapTile TileID="24" AltIDMod="0" />
    </MapTiles>
    <StaticTiles />
  </TransInfo>
  <TransInfo Description="Grass to Rough Sand" HashKey="810181810101818101">
    <MapTiles>
      <MapTile TileID="25" AltIDMod="0" />
    </MapTiles>
    <StaticTiles />
  </TransInfo>
  <TransInfo Description="Grass to Rough Sand" HashKey="010101010181818101">
    <MapTiles>
      <MapTile TileID="53" AltIDMod="0" />
    </MapTiles>
    <StaticTiles />
  </TransInfo>
  <TransInfo Description="Grass to Rough Sand" HashKey="818101810181010181">
    <MapTiles>
      <MapTile TileID="22" AltIDMod="0" />
    </MapTiles>
    <StaticTiles />
  </TransInfo>
  <TransInfo Description="Grass to Rough Sand" HashKey="810181010101818181">
    <MapTiles>
      <MapTile TileID="25" AltIDMod="0" />
    </MapTiles>
    <StaticTiles />
  </TransInfo>
  <TransInfo Description="Grass to Rough Sand" HashKey="810101010181810181">
    <MapTiles>
      <MapTile TileID="22" AltIDMod="0" />
    </MapTiles>
    <StaticTiles />
  </TransInfo>
  <TransInfo Description="Grass to Rough Sand" HashKey="810101010181818101">
    <MapTiles>
      <MapTile TileID="22" AltIDMod="0" />
    </MapTiles>
    <StaticTiles />
  </TransInfo>
  <TransInfo Description="Grass to Rough Sand" HashKey="010181010181010181">
    <MapTiles>
      <MapTile TileID="56" AltIDMod="0" />
    </MapTiles>
    <StaticTiles />
  </TransInfo>
  <TransInfo Description="Grass to Rough Sand" HashKey="010101810181010101">
    <MapTiles>
      <MapTile TileID="22" AltIDMod="0" />
    </MapTiles>
    <StaticTiles />
  </TransInfo>
  <TransInfo Description="Grass to Rough Sand" HashKey="010101010101018181">
    <MapTiles>
      <MapTile TileID="58" AltIDMod="0" />
    </MapTiles>
    <StaticTiles />
  </TransInfo>
  <TransInfo Description="Grass to Rough Sand" HashKey="818181810101010181">
    <MapTiles>
      <MapTile TileID="23" AltIDMod="0" />
    </MapTiles>
    <StaticTiles />
  </TransInfo>
  <TransInfo Description="Grass to Rough Sand" HashKey="018181010181018181">
    <MapTiles>
      <MapTile TileID="23" AltIDMod="0" />
    </MapTiles>
    <StaticTiles />
  </TransInfo>
  <TransInfo Description="Grass to Rough Sand" HashKey="010181810181010101">
    <MapTiles>
      <MapTile TileID="22" AltIDMod="0" />
    </MapTiles>
    <StaticTiles />
  </TransInfo>
  <TransInfo Description="Grass to Rough Sand" HashKey="810101810181818181">
    <MapTiles>
      <MapTile TileID="22" AltIDMod="0" />
    </MapTiles>
    <StaticTiles />
  </TransInfo>
  <TransInfo Description="Grass to Rough Sand" HashKey="018181010101010181">
    <MapTiles>
      <MapTile TileID="52" AltIDMod="0" />
    </MapTiles>
    <StaticTiles />
  </TransInfo>
  <TransInfo Description="Grass to Rough Sand" HashKey="810181810181810101">
    <MapTiles>
      <MapTile TileID="25" AltIDMod="0" />
    </MapTiles>
    <StaticTiles />
  </TransInfo>
  <TransInfo Description="Grass to Rough Sand" HashKey="818101010101010181">
    <MapTiles>
      <MapTile TileID="52" AltIDMod="0" />
    </MapTiles>
    <StaticTiles />
  </TransInfo>
  <TransInfo Description="Grass to Rough Sand" HashKey="010101010181818181">
    <MapTiles>
      <MapTile TileID="53" AltIDMod="0" />
    </MapTiles>
    <StaticTiles />
  </TransInfo>
  <TransInfo Description="Grass to Rough Sand" HashKey="818181810181810101">
    <MapTiles>
      <MapTile TileID="25" AltIDMod="0" />
    </MapTiles>
    <StaticTiles />
  </TransInfo>
  <TransInfo Description="Grass to Rough Sand" HashKey="810101010181010181">
    <MapTiles>
      <MapTile TileID="52" AltIDMod="0" />
    </MapTiles>
    <StaticTiles />
  </TransInfo>
  <TransInfo Description="Grass to Rough Sand" HashKey="010181810101810181">
    <MapTiles>
      <MapTile TileID="22" AltIDMod="0" />
    </MapTiles>
    <StaticTiles />
  </TransInfo>
  <TransInfo Description="Grass to Rough Sand" HashKey="010181010101018101">
    <MapTiles>
      <MapTile TileID="53" AltIDMod="0" />
    </MapTiles>
    <StaticTiles />
  </TransInfo>
  <TransInfo Description="Grass to Rough Sand" HashKey="018181010101818181">
    <MapTiles>
      <MapTile TileID="22" AltIDMod="0" />
    </MapTiles>
    <StaticTiles />
  </TransInfo>
  <TransInfo Description="Grass to Rough Sand" HashKey="010101810181810181">
    <MapTiles>
      <MapTile TileID="22" AltIDMod="0" />
    </MapTiles>
    <StaticTiles />
  </TransInfo>
  <TransInfo Description="Grass to Rough Sand" HashKey="018101810101818181">
    <MapTiles>
      <MapTile TileID="22" AltIDMod="0" />
    </MapTiles>
    <StaticTiles />
  </TransInfo>
  <TransInfo Description="Grass to Rough Sand" HashKey="810101010101810101">
    <MapTiles>
      <MapTile TileID="55" AltIDMod="0" />
    </MapTiles>
    <StaticTiles />
  </TransInfo>
  <TransInfo Description="Grass to Rough Sand" HashKey="010181810101018181">
    <MapTiles>
      <MapTile TileID="22" AltIDMod="0" />
    </MapTiles>
    <StaticTiles />
  </TransInfo>
  <TransInfo Description="Grass to Rough Sand" HashKey="018181810101810181">
    <MapTiles>
      <MapTile TileID="25" AltIDMod="0" />
    </MapTiles>
    <StaticTiles />
  </TransInfo>
  <TransInfo Description="Grass to Rough Sand" HashKey="010181010101818101">
    <MapTiles>
      <MapTile TileID="53" AltIDMod="0" />
    </MapTiles>
    <StaticTiles />
  </TransInfo>
  <TransInfo Description="Grass to Rough Sand" HashKey="810101810181810101">
    <MapTiles>
      <MapTile TileID="22" AltIDMod="0" />
    </MapTiles>
    <StaticTiles />
  </TransInfo>
  <TransInfo Description="Grass to Rough Sand" HashKey="810181010181810181">
    <MapTiles>
      <MapTile TileID="23" AltIDMod="0" />
    </MapTiles>
    <StaticTiles />
  </TransInfo>
  <TransInfo Description="Grass to Rough Sand" HashKey="018101010181018101">
    <MapTiles>
      <MapTile TileID="22" AltIDMod="0" />
    </MapTiles>
    <StaticTiles />
  </TransInfo>
  <TransInfo Description="Grass to Rough Sand" HashKey="810101810181018181">
    <MapTiles>
      <MapTile TileID="22" AltIDMod="0" />
    </MapTiles>
    <StaticTiles />
  </TransInfo>
  <TransInfo Description="Grass to Rough Sand" HashKey="010101010181018101">
    <MapTiles>
      <MapTile TileID="53" AltIDMod="0" />
    </MapTiles>
    <StaticTiles />
  </TransInfo>
  <TransInfo Description="Grass to Rough Sand" HashKey="818181010181810181">
    <MapTiles>
      <MapTile TileID="22" AltIDMod="0" />
    </MapTiles>
    <StaticTiles />
  </TransInfo>
  <TransInfo Description="Grass to Rough Sand" HashKey="018101810181810101">
    <MapTiles>
      <MapTile TileID="22" AltIDMod="0" />
    </MapTiles>
    <StaticTiles />
  </TransInfo>
  <TransInfo Description="Grass to Rough Sand" HashKey="010101010101818181">
    <MapTiles>
      <MapTile TileID="58" AltIDMod="0" />
    </MapTiles>
    <StaticTiles />
  </TransInfo>
  <TransInfo Description="Grass to Rough Sand" HashKey="018101010101018181">
    <MapTiles>
      <MapTile TileID="22" AltIDMod="0" />
    </MapTiles>
    <StaticTiles />
  </TransInfo>
  <TransInfo Description="Grass to Rough Sand" HashKey="810181010101010101">
    <MapTiles>
      <MapTile TileID="57" AltIDMod="0" />
    </MapTiles>
    <StaticTiles />
  </TransInfo>
  <TransInfo Description="Grass to Rough Sand" HashKey="818181810101018181">
    <MapTiles>
      <MapTile TileID="23" AltIDMod="0" />
    </MapTiles>
    <StaticTiles />
  </TransInfo>
  <TransInfo Description="Grass to Rough Sand" HashKey="018181010181010181">
    <MapTiles>
      <MapTile TileID="52" AltIDMod="0" />
    </MapTiles>
    <StaticTiles />
  </TransInfo>
  <TransInfo Description="Grass to Rough Sand" HashKey="818181010101810101">
    <MapTiles>
      <MapTile TileID="51" AltIDMod="0" />
    </MapTiles>
    <StaticTiles />
  </TransInfo>
  <TransInfo Description="Grass to Rough Sand" HashKey="018101010181010181">
    <MapTiles>
      <MapTile TileID="52" AltIDMod="0" />
    </MapTiles>
    <StaticTiles />
  </TransInfo>
  <TransInfo Description="Grass to Rough Sand" HashKey="010181010101818181">
    <MapTiles>
      <MapTile TileID="53" AltIDMod="0" />
    </MapTiles>
    <StaticTiles />
  </TransInfo>
  <TransInfo Description="Grass to Rough Sand" HashKey="818181010101010101">
    <MapTiles>
      <MapTile TileID="57" AltIDMod="0" />
    </MapTiles>
    <StaticTiles />
  </TransInfo>
  <TransInfo Description="Grass to Rough Sand" HashKey="018181010101018181">
    <MapTiles>
      <MapTile TileID="22" AltIDMod="0" />
    </MapTiles>
    <StaticTiles />
  </TransInfo>
  <TransInfo Description="Grass to Rough Sand" HashKey="818181810181818101">
    <MapTiles>
      <MapTile TileID="25" AltIDMod="0" />
    </MapTiles>
    <StaticTiles />
  </TransInfo>
  <TransInfo Description="Grass to Rough Sand" HashKey="810101810101818101">
    <MapTiles>
      <MapTile TileID="54" AltIDMod="0" />
    </MapTiles>
    <StaticTiles />
  </TransInfo>
  <TransInfo Description="Grass to Rough Sand" HashKey="818101810101818101">
    <MapTiles>
      <MapTile TileID="22" AltIDMod="0" />
    </MapTiles>
    <StaticTiles />
  </TransInfo>
  <TransInfo Description="Grass to Rough Sand" HashKey="810181810101018181">
    <MapTiles>
      <MapTile TileID="24" AltIDMod="0" />
    </MapTiles>
    <StaticTiles />
  </TransInfo>
  <TransInfo Description="Grass to Rough Sand" HashKey="018101810101810181">
    <MapTiles>
      <MapTile TileID="22" AltIDMod="0" />
    </MapTiles>
    <StaticTiles />
  </TransInfo>
  <TransInfo Description="Grass to Rough Sand" HashKey="810101810101018101">
    <MapTiles>
      <MapTile TileID="54" AltIDMod="0" />
    </MapTiles>
    <StaticTiles />
  </TransInfo>
  <TransInfo Description="Grass to Rough Sand" HashKey="810181810101010101">
    <MapTiles>
      <MapTile TileID="51" AltIDMod="0" />
    </MapTiles>
    <StaticTiles />
  </TransInfo>
  <TransInfo Description="Grass to Rough Sand" HashKey="810101010101810181">
    <MapTiles>
      <MapTile TileID="54" AltIDMod="0" />
    </MapTiles>
    <StaticTiles />
  </TransInfo>
  <TransInfo Description="Grass to Rough Sand" HashKey="010181810181810181">
    <MapTiles>
      <MapTile TileID="22" AltIDMod="0" />
    </MapTiles>
    <StaticTiles />
  </TransInfo>
  <TransInfo Description="Grass to Rough Sand" HashKey="810181010181818181">
    <MapTiles>
      <MapTile TileID="23" AltIDMod="0" />
    </MapTiles>
    <StaticTiles />
  </TransInfo>
  <TransInfo Description="Grass to Rough Sand" HashKey="810181810181018101">
    <MapTiles>
      <MapTile TileID="25" AltIDMod="0" />
    </MapTiles>
    <StaticTiles />
  </TransInfo>
  <TransInfo Description="Grass to Rough Sand" HashKey="010101010101810181">
    <MapTiles>
      <MapTile TileID="58" AltIDMod="0" />
    </MapTiles>
    <StaticTiles />
  </TransInfo>
  <TransInfo Description="Grass to Rough Sand" HashKey="010181810101010101">
    <MapTiles>
      <MapTile TileID="51" AltIDMod="0" />
    </MapTiles>
    <StaticTiles />
  </TransInfo>
  <TransInfo Description="Grass to Rough Sand" HashKey="018101010101010181">
    <MapTiles>
      <MapTile TileID="52" AltIDMod="0" />
    </MapTiles>
    <StaticTiles />
  </TransInfo>
  <TransInfo Description="Grass to Rough Sand" HashKey="810101810181010181">
    <MapTiles>
      <MapTile TileID="22" AltIDMod="0" />
    </MapTiles>
    <StaticTiles />
  </TransInfo>
  <TransInfo Description="Grass to Rough Sand" HashKey="810101010181810101">
    <MapTiles>
      <MapTile TileID="22" AltIDMod="0" />
    </MapTiles>
    <StaticTiles />
  </TransInfo>
  <TransInfo Description="Grass to Rough Sand" HashKey="010101810101818101">
    <MapTiles>
      <MapTile TileID="54" AltIDMod="0" />
    </MapTiles>
    <StaticTiles />
  </TransInfo>
  <TransInfo Description="Grass to Rough Sand" HashKey="818101010181818101">
    <MapTiles>
      <MapTile TileID="22" AltIDMod="0" />
    </MapTiles>
    <StaticTiles />
  </TransInfo>
  <TransInfo Description="Grass to Rough Sand" HashKey="010181010181818101">
    <MapTiles>
      <MapTile TileID="53" AltIDMod="0" />
    </MapTiles>
    <StaticTiles />
  </TransInfo>
  <TransInfo Description="Grass to Rough Sand" HashKey="810181810181818101">
    <MapTiles>
      <MapTile TileID="25" AltIDMod="0" />
    </MapTiles>
    <StaticTiles />
  </TransInfo>
  <TransInfo Description="Grass to Rough Sand" HashKey="818181010181018181">
    <MapTiles>
      <MapTile TileID="22" AltIDMod="0" />
    </MapTiles>
    <StaticTiles />
  </TransInfo>
  <TransInfo Description="Grass to Rough Sand" HashKey="818101810181810101">
    <MapTiles>
      <MapTile TileID="22" AltIDMod="0" />
    </MapTiles>
    <StaticTiles />
  </TransInfo>
  <TransInfo Description="Grass to Rough Sand" HashKey="818181010181010181">
    <MapTiles>
      <MapTile TileID="52" AltIDMod="0" />
    </MapTiles>
    <StaticTiles />
  </TransInfo>
  <TransInfo Description="Grass to Rough Sand" HashKey="010181010101010101">
    <MapTiles>
      <MapTile TileID="59" AltIDMod="0" />
    </MapTiles>
    <StaticTiles />
  </TransInfo>
  <TransInfo Description="Grass to Rough Sand" HashKey="818101010101018181">
    <MapTiles>
      <MapTile TileID="22" AltIDMod="0" />
    </MapTiles>
    <StaticTiles />
  </TransInfo>
  <TransInfo Description="Grass to Rough Sand" HashKey="018181010181810101">
    <MapTiles>
      <MapTile TileID="23" AltIDMod="0" />
    </MapTiles>
    <StaticTiles />
  </TransInfo>
  <TransInfo Description="Grass to Rough Sand" HashKey="010181810181818181">
    <MapTiles>
      <MapTile TileID="22" AltIDMod="0" />
    </MapTiles>
    <StaticTiles />
  </TransInfo>
  <TransInfo Description="Grass to Rough Sand" HashKey="818181810181818181">
    <MapTiles>
      <MapTile TileID="25" AltIDMod="0" />
    </MapTiles>
    <StaticTiles />
  </TransInfo>
  <TransInfo Description="Grass to Rough Sand" HashKey="818181010101818181">
    <MapTiles>
      <MapTile TileID="25" AltIDMod="0" />
    </MapTiles>
    <StaticTiles />
  </TransInfo>
  <TransInfo Description="Grass to Rough Sand" HashKey="018181010101810101">
    <MapTiles>
      <MapTile TileID="51" AltIDMod="0" />
    </MapTiles>
    <StaticTiles />
  </TransInfo>
  <TransInfo Description="Grass to Rough Sand" HashKey="018181010181018101">
    <MapTiles>
      <MapTile TileID="23" AltIDMod="0" />
    </MapTiles>
    <StaticTiles />
  </TransInfo>
  <TransInfo Description="Grass to Rough Sand" HashKey="010101810181818101">
    <MapTiles>
      <MapTile TileID="22" AltIDMod="0" />
    </MapTiles>
    <StaticTiles />
  </TransInfo>
  <TransInfo Description="Grass to Rough Sand" HashKey="818181810101810181">
    <MapTiles>
      <MapTile TileID="25" AltIDMod="0" />
    </MapTiles>
    <StaticTiles />
  </TransInfo>
  <TransInfo Description="Grass to Rough Sand" HashKey="818181810181810181">
    <MapTiles>
      <MapTile TileID="25" AltIDMod="0" />
    </MapTiles>
    <StaticTiles />
  </TransInfo>
  <TransInfo Description="Grass to Rough Sand" HashKey="018101810181018101">
    <MapTiles>
      <MapTile TileID="22" AltIDMod="0" />
    </MapTiles>
    <StaticTiles />
  </TransInfo>
  <TransInfo Description="Grass to Rough Sand" HashKey="018101010181818181">
    <MapTiles>
      <MapTile TileID="22" AltIDMod="0" />
    </MapTiles>
    <StaticTiles />
  </TransInfo>
  <TransInfo Description="Grass to Rough Sand" HashKey="810101010181818181">
    <MapTiles>
      <MapTile TileID="22" AltIDMod="0" />
    </MapTiles>
    <StaticTiles />
  </TransInfo>
  <TransInfo Description="Grass to Rough Sand" HashKey="018181010101810181">
    <MapTiles>
      <MapTile TileID="22" AltIDMod="0" />
    </MapTiles>
    <StaticTiles />
  </TransInfo>
  <TransInfo Description="Grass to Rough Sand" HashKey="018101810101010101">
    <MapTiles>
      <MapTile TileID="51" AltIDMod="0" />
    </MapTiles>
    <StaticTiles />
  </TransInfo>
  <TransInfo Description="Grass to Rough Sand" HashKey="018181810101018101">
    <MapTiles>
      <MapTile TileID="24" AltIDMod="0" />
    </MapTiles>
    <StaticTiles />
  </TransInfo>
  <TransInfo Description="Grass to Rough Sand" HashKey="010181810181810101">
    <MapTiles>
      <MapTile TileID="22" AltIDMod="0" />
    </MapTiles>
    <StaticTiles />
  </TransInfo>
  <TransInfo Description="Grass to Rough Sand" HashKey="810181010101018101">
    <MapTiles>
      <MapTile TileID="23" AltIDMod="0" />
    </MapTiles>
    <StaticTiles />
  </TransInfo>
  <TransInfo Description="Grass to Rough Sand" HashKey="818101010101818181">
    <MapTiles>
      <MapTile TileID="22" AltIDMod="0" />
    </MapTiles>
    <StaticTiles />
  </TransInfo>
  <TransInfo Description="Grass to Rough Sand" HashKey="810181810101810181">
    <MapTiles>
      <MapTile TileID="25" AltIDMod="0" />
    </MapTiles>
    <StaticTiles />
  </TransInfo>
  <TransInfo Description="Grass to Rough Sand" HashKey="010101010181810181">
    <MapTiles>
      <MapTile TileID="53" AltIDMod="0" />
    </MapTiles>
    <StaticTiles />
  </TransInfo>
  <TransInfo Description="Grass to Rough Sand" HashKey="018101810181818181">
    <MapTiles>
      <MapTile TileID="22" AltIDMod="0" />
    </MapTiles>
    <StaticTiles />
  </TransInfo>
  <TransInfo Description="Grass to Rough Sand" HashKey="818181010101818101">
    <MapTiles>
      <MapTile TileID="25" AltIDMod="0" />
    </MapTiles>
    <StaticTiles />
  </TransInfo>
  <TransInfo Description="Grass to Rough Sand" HashKey="018181810181010181">
    <MapTiles>
      <MapTile TileID="25" AltIDMod="0" />
    </MapTiles>
    <StaticTiles />
  </TransInfo>
  <TransInfo Description="Grass to Rough Sand" HashKey="818101810101810181">
    <MapTiles>
      <MapTile TileID="22" AltIDMod="0" />
    </MapTiles>
    <StaticTiles />
  </TransInfo>
  <TransInfo Description="Grass to Rough Sand" HashKey="818181010101018101">
    <MapTiles>
      <MapTile TileID="24" AltIDMod="0" />
    </MapTiles>
    <StaticTiles />
  </TransInfo>
  <TransInfo Description="Grass to Rough Sand" HashKey="818101810181818101">
    <MapTiles>
      <MapTile TileID="22" AltIDMod="0" />
    </MapTiles>
    <StaticTiles />
  </TransInfo>
  <TransInfo Description="Grass to Rough Sand" HashKey="810101810101810101">
    <MapTiles>
      <MapTile TileID="55" AltIDMod="0" />
    </MapTiles>
    <StaticTiles />
  </TransInfo>
  <TransInfo Description="Grass to Rough Sand" HashKey="810101010181010101">
    <MapTiles>
      <MapTile TileID="52" AltIDMod="0" />
    </MapTiles>
    <StaticTiles />
  </TransInfo>
  <TransInfo Description="Grass to Rough Sand" HashKey="810101010101018181">
    <MapTiles>
      <MapTile TileID="54" AltIDMod="0" />
    </MapTiles>
    <StaticTiles />
  </TransInfo>
  <TransInfo Description="Grass to Rough Sand" HashKey="010181810181018181">
    <MapTiles>
      <MapTile TileID="22" AltIDMod="0" />
    </MapTiles>
    <StaticTiles />
  </TransInfo>
  <TransInfo Description="Grass to Rough Sand" HashKey="810181010181010181">
    <MapTiles>
      <MapTile TileID="52" AltIDMod="0" />
    </MapTiles>
    <StaticTiles />
  </TransInfo>
  <TransInfo Description="Grass to Rough Sand" HashKey="018181810181018181">
    <MapTiles>
      <MapTile TileID="25" AltIDMod="0" />
    </MapTiles>
    <StaticTiles />
  </TransInfo>
  <TransInfo Description="Grass to Rough Sand" HashKey="010101810101810101">
    <MapTiles>
      <MapTile TileID="55" AltIDMod="0" />
    </MapTiles>
    <StaticTiles />
  </TransInfo>
  <TransInfo Description="Grass to Rough Sand" HashKey="818101810101018181">
    <MapTiles>
      <MapTile TileID="23" AltIDMod="0" />
    </MapTiles>
    <StaticTiles />
  </TransInfo>
  <TransInfo Description="Grass to Rough Sand" HashKey="818101010181810181">
    <MapTiles>
      <MapTile TileID="22" AltIDMod="0" />
    </MapTiles>
    <StaticTiles />
  </TransInfo>
  <TransInfo Description="Grass to Rough Sand" HashKey="018181810101818181">
    <MapTiles>
      <MapTile TileID="25" AltIDMod="0" />
    </MapTiles>
    <StaticTiles />
  </TransInfo>
  <TransInfo Description="Grass to Rough Sand" HashKey="010181810101818101">
    <MapTiles>
      <MapTile TileID="22" AltIDMod="0" />
    </MapTiles>
    <StaticTiles />
  </TransInfo>
  <TransInfo Description="Grass to Rough Sand" HashKey="810101010101818101">
    <MapTiles>
      <MapTile TileID="54" AltIDMod="0" />
    </MapTiles>
    <StaticTiles />
  </TransInfo>
  <TransInfo Description="Grass to Rough Sand" HashKey="018101010181810181">
    <MapTiles>
      <MapTile TileID="22" AltIDMod="0" />
    </MapTiles>
    <StaticTiles />
  </TransInfo>
  <TransInfo Description="Grass to Rough Sand" HashKey="818181010181818181">
    <MapTiles>
      <MapTile TileID="22" AltIDMod="0" />
    </MapTiles>
    <StaticTiles />
  </TransInfo>
  <TransInfo Description="Grass to Rough Sand" HashKey="810101010181018101">
    <MapTiles>
      <MapTile TileID="22" AltIDMod="0" />
    </MapTiles>
    <StaticTiles />
  </TransInfo>
  <TransInfo Description="Grass to Rough Sand" HashKey="010181810101018101">
    <MapTiles>
      <MapTile TileID="22" AltIDMod="0" />
    </MapTiles>
    <StaticTiles />
  </TransInfo>
  <TransInfo Description="Grass to Rough Sand" HashKey="010101810101010101">
    <MapTiles>
      <MapTile TileID="55" AltIDMod="0" />
    </MapTiles>
    <StaticTiles />
  </TransInfo>
  <TransInfo Description="Grass to Rough Sand" HashKey="010181010101810181">
    <MapTiles>
      <MapTile TileID="53" AltIDMod="0" />
    </MapTiles>
    <StaticTiles />
  </TransInfo>
  <TransInfo Description="Grass to Rough Sand" HashKey="810181810101818181">
    <MapTiles>
      <MapTile TileID="25" AltIDMod="0" />
    </MapTiles>
    <StaticTiles />
  </TransInfo>
  <TransInfo Description="Grass to Rough Sand" HashKey="818101010181010101">
    <MapTiles>
      <MapTile TileID="52" AltIDMod="0" />
    </MapTiles>
    <StaticTiles />
  </TransInfo>
  <TransInfo Description="Grass to Rough Sand" HashKey="010101810181018101">
    <MapTiles>
      <MapTile TileID="22" AltIDMod="0" />
    </MapTiles>
    <StaticTiles />
  </TransInfo>
  <TransInfo Description="Grass to Rough Sand" HashKey="018101010101818101">
    <MapTiles>
      <MapTile TileID="22" AltIDMod="0" />
    </MapTiles>
    <StaticTiles />
  </TransInfo>
  <TransInfo Description="Grass to Rough Sand" HashKey="010181010181010101">
    <MapTiles>
      <MapTile TileID="56" AltIDMod="0" />
    </MapTiles>
    <StaticTiles />
  </TransInfo>
  <TransInfo Description="Grass to Rough Sand" HashKey="818101010101810181">
    <MapTiles>
      <MapTile TileID="22" AltIDMod="0" />
    </MapTiles>
    <StaticTiles />
  </TransInfo>
  <TransInfo Description="Grass to Rough Sand" HashKey="818181810101010101">
    <MapTiles>
      <MapTile TileID="51" AltIDMod="0" />
    </MapTiles>
    <StaticTiles />
  </TransInfo>
  <TransInfo Description="Grass to Rough Sand" HashKey="810181010101810101">
    <MapTiles>
      <MapTile TileID="51" AltIDMod="0" />
    </MapTiles>
    <StaticTiles />
  </TransInfo>
  <TransInfo Description="Grass to Rough Sand" HashKey="018181810181818181">
    <MapTiles>
      <MapTile TileID="25" AltIDMod="0" />
    </MapTiles>
    <StaticTiles />
  </TransInfo>
  <TransInfo Description="Grass to Rough Sand" HashKey="010181010181810101">
    <MapTiles>
      <MapTile TileID="53" AltIDMod="0" />
    </MapTiles>
    <StaticTiles />
  </TransInfo>
  <TransInfo Description="Grass to Rough Sand" HashKey="818101810181010101">
    <MapTiles>
      <MapTile TileID="22" AltIDMod="0" />
    </MapTiles>
    <StaticTiles />
  </TransInfo>
  <TransInfo Description="Grass to Rough Sand" HashKey="018181010101010101">
    <MapTiles>
      <MapTile TileID="57" AltIDMod="0" />
    </MapTiles>
    <StaticTiles />
  </TransInfo>
  <TransInfo Description="Grass to Rough Sand" HashKey="818181810101818181">
    <MapTiles>
      <MapTile TileID="25" AltIDMod="0" />
    </MapTiles>
    <StaticTiles />
  </TransInfo>
  <TransInfo Description="Grass to Rough Sand" HashKey="018181010181818101">
    <MapTiles>
      <MapTile TileID="23" AltIDMod="0" />
    </MapTiles>
    <StaticTiles />
  </TransInfo>
  <TransInfo Description="Grass to Rough Sand" HashKey="818101010101010101">
    <MapTiles>
      <MapTile TileID="57" AltIDMod="0" />
    </MapTiles>
    <StaticTiles />
  </TransInfo>
  <TransInfo Description="Grass to Rough Sand" HashKey="018101810101818101">
    <MapTiles>
      <MapTile TileID="22" AltIDMod="0" />
    </MapTiles>
    <StaticTiles />
  </TransInfo>
  <TransInfo Description="Grass to Rough Sand" HashKey="818101810181018181">
    <MapTiles>
      <MapTile TileID="22" AltIDMod="0" />
    </MapTiles>
    <StaticTiles />
  </TransInfo>
  <TransInfo Description="Grass to Rough Sand" HashKey="810101810101010181">
    <MapTiles>
      <MapTile TileID="54" AltIDMod="0" />
    </MapTiles>
    <StaticTiles />
  </TransInfo>
  <TransInfo Description="Grass to Rough Sand" HashKey="018181810101810101">
    <MapTiles>
      <MapTile TileID="51" AltIDMod="0" />
    </MapTiles>
    <StaticTiles />
  </TransInfo>
  <TransInfo Description="Grass to Rough Sand" HashKey="018101810181010101">
    <MapTiles>
      <MapTile TileID="22" AltIDMod="0" />
    </MapTiles>
    <StaticTiles />
  </TransInfo>
  <TransInfo Description="Grass to Rough Sand" HashKey="810181010181810101">
    <MapTiles>
      <MapTile TileID="23" AltIDMod="0" />
    </MapTiles>
    <StaticTiles />
  </TransInfo>
  <TransInfo Description="Grass to Rough Sand" HashKey="810181810181010181">
    <MapTiles>
      <MapTile TileID="25" AltIDMod="0" />
    </MapTiles>
    <StaticTiles />
  </TransInfo>
  <TransInfo Description="Grass to Rough Sand" HashKey="018101810101018101">
    <MapTiles>
      <MapTile TileID="22" AltIDMod="0" />
    </MapTiles>
    <StaticTiles />
  </TransInfo>
  <TransInfo Description="Grass to Rough Sand" HashKey="018181810101010101">
    <MapTiles>
      <MapTile TileID="51" AltIDMod="0" />
    </MapTiles>
    <StaticTiles />
  </TransInfo>
  <TransInfo Description="Grass to Rough Sand" HashKey="018101010181018181">
    <MapTiles>
      <MapTile TileID="22" AltIDMod="0" />
    </MapTiles>
    <StaticTiles />
  </TransInfo>
  <TransInfo Description="Grass to Rough Sand" HashKey="010101010101818101">
    <MapTiles>
      <MapTile TileID="58" AltIDMod="0" />
    </MapTiles>
    <StaticTiles />
  </TransInfo>
  <TransInfo Description="Grass to Rough Sand" HashKey="018101010101018101">
    <MapTiles>
      <MapTile TileID="22" AltIDMod="0" />
    </MapTiles>
    <StaticTiles />
  </TransInfo>
  <TransInfo Description="Grass to Rough Sand" HashKey="818181810181010101">
    <MapTiles>
      <MapTile TileID="25" AltIDMod="0" />
    </MapTiles>
    <StaticTiles />
  </TransInfo>
  <TransInfo Description="Grass to Rough Sand" HashKey="818101010101810101">
    <MapTiles>
      <MapTile TileID="51" AltIDMod="0" />
    </MapTiles>
    <StaticTiles />
  </TransInfo>
  <TransInfo Description="Grass to Rough Sand" HashKey="810101810181018101">
    <MapTiles>
      <MapTile TileID="22" AltIDMod="0" />
    </MapTiles>
    <StaticTiles />
  </TransInfo>
  <TransInfo Description="Grass to Rough Sand" HashKey="018101010181010101">
    <MapTiles>
      <MapTile TileID="52" AltIDMod="0" />
    </MapTiles>
    <StaticTiles />
  </TransInfo>
  <TransInfo Description="Grass to Rough Sand" HashKey="818101010181018101">
    <MapTiles>
      <MapTile TileID="22" AltIDMod="0" />
    </MapTiles>
    <StaticTiles />
  </TransInfo>
  <TransInfo Description="Grass to Rough Sand" HashKey="010101010181010101">
    <MapTiles>
      <MapTile TileID="56" AltIDMod="0" />
    </MapTiles>
    <StaticTiles />
  </TransInfo>
  <TransInfo Description="Grass to Rough Sand" HashKey="810181010101810181">
    <MapTiles>
      <MapTile TileID="25" AltIDMod="0" />
    </MapTiles>
    <StaticTiles />
  </TransInfo>
  <TransInfo Description="Grass to Rough Sand" HashKey="010101010101018101">
    <MapTiles>
      <MapTile TileID="58" AltIDMod="0" />
    </MapTiles>
    <StaticTiles />
  </TransInfo>
  <TransInfo Description="Grass to Rough Sand" HashKey="010101810101810181">
    <MapTiles>
      <MapTile TileID="54" AltIDMod="0" />
    </MapTiles>
    <StaticTiles />
  </TransInfo>
  <TransInfo Description="Grass to Rough Sand" HashKey="818181010181010101">
    <MapTiles>
      <MapTile TileID="52" AltIDMod="0" />
    </MapTiles>
    <StaticTiles />
  </TransInfo>
  <TransInfo Description="Grass to Rough Sand" HashKey="818181010101010181">
    <MapTiles>
      <MapTile TileID="52" AltIDMod="0" />
    </MapTiles>
    <StaticTiles />
  </TransInfo>
  <TransInfo Description="Grass to Rough Sand" HashKey="810101810181818101">
    <MapTiles>
      <MapTile TileID="22" AltIDMod="0" />
    </MapTiles>
    <StaticTiles />
  </TransInfo>
  <TransInfo Description="Grass to Rough Sand" HashKey="018181810181810181">
    <MapTiles>
      <MapTile TileID="25" AltIDMod="0" />
    </MapTiles>
    <StaticTiles />
  </TransInfo>
  <TransInfo Description="Grass to Rough Sand" HashKey="810181010181018181">
    <MapTiles>
      <MapTile TileID="23" AltIDMod="0" />
    </MapTiles>
    <StaticTiles />
  </TransInfo>
  <TransInfo Description="Grass to Rough Sand" HashKey="810101810181810181">
    <MapTiles>
      <MapTile TileID="22" AltIDMod="0" />
    </MapTiles>
    <StaticTiles />
  </TransInfo>
  <TransInfo Description="Grass to Rough Sand" HashKey="818181010101810181">
    <MapTiles>
      <MapTile TileID="25" AltIDMod="0" />
    </MapTiles>
    <StaticTiles />
  </TransInfo>
  <TransInfo Description="Grass to Rough Sand" HashKey="018181810181810101">
    <MapTiles>
      <MapTile TileID="25" AltIDMod="0" />
    </MapTiles>
    <StaticTiles />
  </TransInfo>
  <TransInfo Description="Grass to Rough Sand" HashKey="010101810101818181">
    <MapTiles>
      <MapTile TileID="54" AltIDMod="0" />
    </MapTiles>
    <StaticTiles />
  </TransInfo>
  <TransInfo Description="Grass to Rough Sand" HashKey="010181810101810101">
    <MapTiles>
      <MapTile TileID="51" AltIDMod="0" />
    </MapTiles>
    <StaticTiles />
  </TransInfo>
  <TransInfo Description="Grass to Rough Sand" HashKey="010181010101018181">
    <MapTiles>
      <MapTile TileID="53" AltIDMod="0" />
    </MapTiles>
    <StaticTiles />
  </TransInfo>
  <TransInfo Description="Grass to Rough Sand" HashKey="810101810101018181">
    <MapTiles>
      <MapTile TileID="54" AltIDMod="0" />
    </MapTiles>
    <StaticTiles />
  </TransInfo>
  <TransInfo Description="Grass to Rough Sand" HashKey="810181810101010181">
    <MapTiles>
      <MapTile TileID="24" AltIDMod="0" />
    </MapTiles>
    <StaticTiles />
  </TransInfo>
  <TransInfo Description="Grass to Rough Sand" HashKey="010101010181010181">
    <MapTiles>
      <MapTile TileID="56" AltIDMod="0" />
    </MapTiles>
    <StaticTiles />
  </TransInfo>
  <TransInfo Description="Grass to Rough Sand" HashKey="010101810181810101">
    <MapTiles>
      <MapTile TileID="22" AltIDMod="0" />
    </MapTiles>
    <StaticTiles />
  </TransInfo>
  <TransInfo Description="Grass to Rough Sand" HashKey="818101810101818181">
    <MapTiles>
      <MapTile TileID="22" AltIDMod="0" />
    </MapTiles>
    <StaticTiles />
  </TransInfo>
  <TransInfo Description="Grass to Rough Sand" HashKey="810181810181018181">
    <MapTiles>
      <MapTile TileID="25" AltIDMod="0" />
    </MapTiles>
    <StaticTiles />
  </TransInfo>
  <TransInfo Description="Grass to Rough Sand" HashKey="010101010181018181">
    <MapTiles>
      <MapTile TileID="53" AltIDMod="0" />
    </MapTiles>
    <StaticTiles />
  </TransInfo>
  <TransInfo Description="Grass to Rough Sand" HashKey="818181010181810101">
    <MapTiles>
      <MapTile TileID="22" AltIDMod="0" />
    </MapTiles>
    <StaticTiles />
  </TransInfo>
  <TransInfo Description="Grass to Rough Sand" HashKey="018101810181810181">
    <MapTiles>
      <MapTile TileID="22" AltIDMod="0" />
    </MapTiles>
    <StaticTiles />
  </TransInfo>
  <TransInfo Description="Grass to Rough Sand" HashKey="818181810101818101">
    <MapTiles>
      <MapTile TileID="25" AltIDMod="0" />
    </MapTiles>
    <StaticTiles />
  </TransInfo>
  <TransInfo Description="Grass to Rough Sand" HashKey="018181010181010101">
    <MapTiles>
      <MapTile TileID="52" AltIDMod="0" />
    </MapTiles>
    <StaticTiles />
  </TransInfo>
  <TransInfo Description="Grass to Rough Sand" HashKey="018181010101818101">
    <MapTiles>
      <MapTile TileID="22" AltIDMod="0" />
    </MapTiles>
    <StaticTiles />
  </TransInfo>
  <TransInfo Description="Grass to Rough Sand" HashKey="010181010181018101">
    <MapTiles>
      <MapTile TileID="53" AltIDMod="0" />
    </MapTiles>
    <StaticTiles />
  </TransInfo>
  <TransInfo Description="Grass to Rough Sand" HashKey="010101810101018101">
    <MapTiles>
      <MapTile TileID="54" AltIDMod="0" />
    </MapTiles>
    <StaticTiles />
  </TransInfo>
  <TransInfo Description="Grass to Rough Sand" HashKey="810181010101010181">
    <MapTiles>
      <MapTile TileID="52" AltIDMod="0" />
    </MapTiles>
    <StaticTiles />
  </TransInfo>
  <TransInfo Description="Grass to Rough Sand" HashKey="818181810101018101">
    <MapTiles>
      <MapTile TileID="23" AltIDMod="0" />
    </MapTiles>
    <StaticTiles />
  </TransInfo>
  <TransInfo Description="Grass to Rough Sand" HashKey="818101810101010101">
    <MapTiles>
      <MapTile TileID="51" AltIDMod="0" />
    </MapTiles>
    <StaticTiles />
  </TransInfo>
  <TransInfo Description="Grass to Rough Sand" HashKey="018101010101810101">
    <MapTiles>
      <MapTile TileID="51" AltIDMod="0" />
    </MapTiles>
    <StaticTiles />
  </TransInfo>
  <TransInfo Description="Grass to Rough Sand" HashKey="810101010101818181">
    <MapTiles>
      <MapTile TileID="54" AltIDMod="0" />
    </MapTiles>
    <StaticTiles />
  </TransInfo>
  <TransInfo Description="Grass to Rough Sand" HashKey="818101010181818181">
    <MapTiles>
      <MapTile TileID="22" AltIDMod="0" />
    </MapTiles>
    <StaticTiles />
  </TransInfo>
  <TransInfo Description="Grass to Rough Sand" HashKey="018181010101018101">
    <MapTiles>
      <MapTile TileID="22" AltIDMod="0" />
    </MapTiles>
    <StaticTiles />
  </TransInfo>
  <TransInfo Description="Grass to Rough Sand" HashKey="818101810181810181">
    <MapTiles>
      <MapTile TileID="22" AltIDMod="0" />
    </MapTiles>
    <StaticTiles />
  </TransInfo>
  <TransInfo Description="Grass to Rough Sand" HashKey="810101810101818181">
    <MapTiles>
      <MapTile TileID="54" AltIDMod="0" />
    </MapTiles>
    <StaticTiles />
  </TransInfo>
  <TransInfo Description="Grass to Rough Sand" HashKey="010181010181018181">
    <MapTiles>
      <MapTile TileID="53" AltIDMod="0" />
    </MapTiles>
    <StaticTiles />
  </TransInfo>
  <TransInfo Description="Grass to Rough Sand" HashKey="010181010101010181">
    <MapTiles>
      <MapTile TileID="56" AltIDMod="0" />
    </MapTiles>
    <StaticTiles />
  </TransInfo>
  <TransInfo Description="Grass to Rough Sand" HashKey="810181010181018101">
    <MapTiles>
      <MapTile TileID="23" AltIDMod="0" />
    </MapTiles>
    <StaticTiles />
  </TransInfo>
  <TransInfo Description="Grass to Rough Sand" HashKey="018181810181010101">
    <MapTiles>
      <MapTile TileID="25" AltIDMod="0" />
    </MapTiles>
    <StaticTiles />
  </TransInfo>
  <TransInfo Description="Grass to Rough Sand" HashKey="018101810101810101">
    <MapTiles>
      <MapTile TileID="51" AltIDMod="0" />
    </MapTiles>
    <StaticTiles />
  </TransInfo>
  <TransInfo Description="Grass to Rough Sand" HashKey="018181810101818101">
    <MapTiles>
      <MapTile TileID="25" AltIDMod="0" />
    </MapTiles>
    <StaticTiles />
  </TransInfo>
  <TransInfo Description="Grass to Rough Sand" HashKey="818181810181018181">
    <MapTiles>
      <MapTile TileID="25" AltIDMod="0" />
    </MapTiles>
    <StaticTiles />
  </TransInfo>
  <TransInfo Description="Grass to Rough Sand" HashKey="810181010181818101">
    <MapTiles>
      <MapTile TileID="23" AltIDMod="0" />
    </MapTiles>
    <StaticTiles />
  </TransInfo>
  <TransInfo Description="Grass to Rough Sand" HashKey="018101010101010101">
    <MapTiles>
      <MapTile TileID="57" AltIDMod="0" />
    </MapTiles>
    <StaticTiles />
  </TransInfo>
  <TransInfo Description="Grass to Rough Sand" HashKey="018101010181818101">
    <MapTiles>
      <MapTile TileID="22" AltIDMod="0" />
    </MapTiles>
    <StaticTiles />
  </TransInfo>
  <TransInfo Description="Grass to Rough Sand" HashKey="010101010101810101">
    <MapTiles>
      <MapTile TileID="60" AltIDMod="0" />
    </MapTiles>
    <StaticTiles />
  </TransInfo>
  <TransInfo Description="Grass to Rough Sand" HashKey="010181810101010181">
    <MapTiles>
      <MapTile TileID="22" AltIDMod="0" />
    </MapTiles>
    <StaticTiles />
  </TransInfo>
  <TransInfo Description="Grass to Rough Sand" HashKey="010101810101018181">
    <MapTiles>
      <MapTile TileID="54" AltIDMod="0" />
    </MapTiles>
    <StaticTiles />
  </TransInfo>
  <TransInfo Description="Grass to Rough Sand" HashKey="810181010101018181">
    <MapTiles>
      <MapTile TileID="23" AltIDMod="0" />
    </MapTiles>
    <StaticTiles />
  </TransInfo>
  <TransInfo Description="Grass to Rough Sand" HashKey="810181810101810101">
    <MapTiles>
      <MapTile TileID="51" AltIDMod="0" />
    </MapTiles>
    <StaticTiles />
  </TransInfo>
  <TransInfo Description="Grass to Rough Sand" HashKey="810101810181010101">
    <MapTiles>
      <MapTile TileID="22" AltIDMod="0" />
    </MapTiles>
    <StaticTiles />
  </TransInfo>
  <TransInfo Description="Grass to Rough Sand" HashKey="010101810181010181">
    <MapTiles>
      <MapTile TileID="22" AltIDMod="0" />
    </MapTiles>
    <StaticTiles />
  </TransInfo>
  <TransInfo Description="Grass to Rough Sand" HashKey="818181810181018101">
    <MapTiles>
      <MapTile TileID="25" AltIDMod="0" />
    </MapTiles>
    <StaticTiles />
  </TransInfo>
  <TransInfo Description="Grass to Rough Sand" HashKey="818101010101818101">
    <MapTiles>
      <MapTile TileID="22" AltIDMod="0" />
    </MapTiles>
    <StaticTiles />
  </TransInfo>
  <TransInfo Description="Grass to Rough Sand" HashKey="818181010181018101">
    <MapTiles>
      <MapTile TileID="22" AltIDMod="0" />
    </MapTiles>
    <StaticTiles />
  </TransInfo>
  <TransInfo Description="Grass to Rough Sand" HashKey="810101010101010101">
    <MapTiles>
      <MapTile TileID="62" AltIDMod="0" />
    </MapTiles>
    <StaticTiles />
  </TransInfo>
  <TransInfo Description="Grass to Rough Sand" HashKey="810181810181818181">
    <MapTiles>
      <MapTile TileID="25" AltIDMod="0" />
    </MapTiles>
    <StaticTiles />
  </TransInfo>
  <TransInfo Description="Grass to Rough Sand" HashKey="810101810101810181">
    <MapTiles>
      <MapTile TileID="54" AltIDMod="0" />
    </MapTiles>
    <StaticTiles />
  </TransInfo>
  <TransInfo Description="Grass to Rough Sand" HashKey="810101010101018101">
    <MapTiles>
      <MapTile TileID="54" AltIDMod="0" />
    </MapTiles>
    <StaticTiles />
  </TransInfo>
  <TransInfo Description="Grass to Rough Sand" HashKey="010181810181018101">
    <MapTiles>
      <MapTile TileID="22" AltIDMod="0" />
    </MapTiles>
    <StaticTiles />
  </TransInfo>
  <TransInfo Description="Grass to Rough Sand" HashKey="010181010181818181">
    <MapTiles>
      <MapTile TileID="53" AltIDMod="0" />
    </MapTiles>
    <StaticTiles />
  </TransInfo>
  <TransInfo Description="Grass to Rough Sand" HashKey="810181810181810181">
    <MapTiles>
      <MapTile TileID="25" AltIDMod="0" />
    </MapTiles>
    <StaticTiles />
  </TransInfo>
  <TransInfo Description="Grass to Rough Sand" HashKey="818101810101810101">
    <MapTiles>
      <MapTile TileID="51" AltIDMod="0" />
    </MapTiles>
    <StaticTiles />
  </TransInfo>
  <TransInfo Description="Grass to Rough Sand" HashKey="810181010181010101">
    <MapTiles>
      <MapTile TileID="52" AltIDMod="0" />
    </MapTiles>
    <StaticTiles />
  </TransInfo>
  <TransInfo Description="Grass to Rough Sand" HashKey="818101010101018101">
    <MapTiles>
      <MapTile TileID="22" AltIDMod="0" />
    </MapTiles>
    <StaticTiles />
  </TransInfo>
  <TransInfo Description="Grass to Rough Sand" HashKey="018181010181810181">
    <MapTiles>
      <MapTile TileID="23" AltIDMod="0" />
    </MapTiles>
    <StaticTiles />
  </TransInfo>
  <TransInfo Description="Grass to Rough Sand" HashKey="010181810181818101">
    <MapTiles>
      <MapTile TileID="22" AltIDMod="0" />
    </MapTiles>
    <StaticTiles />
  </TransInfo>
  <TransInfo Description="Grass to Rough Sand" HashKey="818101810101018101">
    <MapTiles>
      <MapTile TileID="23" AltIDMod="0" />
    </MapTiles>
    <StaticTiles />
  </TransInfo>
  <TransInfo Description="Grass to Rough Sand" HashKey="818101810181018101">
    <MapTiles>
      <MapTile TileID="22" AltIDMod="0" />
    </MapTiles>
    <StaticTiles />
  </TransInfo>
  <TransInfo Description="Grass to Rough Sand" HashKey="010101010181810101">
    <MapTiles>
      <MapTile TileID="53" AltIDMod="0" />
    </MapTiles>
    <StaticTiles />
  </TransInfo>
  <TransInfo Description="Grass to Rough Sand" HashKey="010181810181010181">
    <MapTiles>
      <MapTile TileID="22" AltIDMod="0" />
    </MapTiles>
    <StaticTiles />
  </TransInfo>
  <TransInfo Description="Grass to Rough Sand" HashKey="010101810181818181">
    <MapTiles>
      <MapTile TileID="22" AltIDMod="0" />
    </MapTiles>
    <StaticTiles />
  </TransInfo>
  <TransInfo Description="Grass to Rough Sand" HashKey="818101810101010181">
    <MapTiles>
      <MapTile TileID="23" AltIDMod="0" />
    </MapTiles>
    <StaticTiles />
  </TransInfo>
  <TransInfo Description="Grass to Rough Sand" HashKey="810101010181018181">
    <MapTiles>
      <MapTile TileID="22" AltIDMod="0" />
    </MapTiles>
    <StaticTiles />
  </TransInfo>
  <TransInfo Description="Grass to Rough Sand" HashKey="818181810101810101">
    <MapTiles>
      <MapTile TileID="51" AltIDMod="0" />
    </MapTiles>
    <StaticTiles />
  </TransInfo>
  <TransInfo Description="Grass to Rough Sand" HashKey="010101810101010181">
    <MapTiles>
      <MapTile TileID="54" AltIDMod="0" />
    </MapTiles>
    <StaticTiles />
  </TransInfo>
  <TransInfo Description="Grass to Rough Sand" HashKey="018101810181018181">
    <MapTiles>
      <MapTile TileID="22" AltIDMod="0" />
    </MapTiles>
    <StaticTiles />
  </TransInfo>
  <TransInfo Description="Grass to Rough Sand" HashKey="818181010181818101">
    <MapTiles>
      <MapTile TileID="22" AltIDMod="0" />
    </MapTiles>
    <StaticTiles />
  </TransInfo>
  <TransInfo Description="Grass to Rough Sand" HashKey="818101010181010181">
    <MapTiles>
      <MapTile TileID="52" AltIDMod="0" />
    </MapTiles>
    <StaticTiles />
  </TransInfo>
  <TransInfo Description="Grass to Rough Sand" HashKey="010101810181018181">
    <MapTiles>
      <MapTile TileID="22" AltIDMod="0" />
    </MapTiles>
    <StaticTiles />
  </TransInfo>
  <TransInfo Description="Grass to Rough Sand" HashKey="018101810101010181">
    <MapTiles>
      <MapTile TileID="22" AltIDMod="0" />
    </MapTiles>
    <StaticTiles />
  </TransInfo>
  <TransInfo Description="Grass to Rough Sand" HashKey="018181810101018181">
    <MapTiles>
      <MapTile TileID="24" AltIDMod="0" />
    </MapTiles>
    <StaticTiles />
  </TransInfo>
  <TransInfo Description="Grass to Rough Sand" HashKey="018101810181818101">
    <MapTiles>
      <MapTile TileID="22" AltIDMod="0" />
    </MapTiles>
    <StaticTiles />
  </TransInfo>
  <TransInfo Description="Grass to Rough Sand" HashKey="818101010181018181">
    <MapTiles>
      <MapTile TileID="22" AltIDMod="0" />
    </MapTiles>
    <StaticTiles />
  </TransInfo>
  <TransInfo Description="Grass to Rough Sand" HashKey="818181010101018181">
    <MapTiles>
      <MapTile TileID="24" AltIDMod="0" />
    </MapTiles>
    <StaticTiles />
  </TransInfo>
  <TransInfo Description="Grass to Rough Sand" HashKey="818101810181818181">
    <MapTiles>
      <MapTile TileID="22" AltIDMod="0" />
    </MapTiles>
    <StaticTiles />
  </TransInfo>
  <TransInfo Description="Grass to Rough Sand" HashKey="818181810181010181">
    <MapTiles>
      <MapTile TileID="25" AltIDMod="0" />
    </MapTiles>
    <StaticTiles />
  </TransInfo>
  <TransInfo Description="Grass to Rough Sand" HashKey="018101010101818181">
    <MapTiles>
      <MapTile TileID="22" AltIDMod="0" />
    </MapTiles>
    <StaticTiles />
  </TransInfo>
  <TransInfo Description="Grass to Rough Sand" HashKey="018181810181818101">
    <MapTiles>
      <MapTile TileID="25" AltIDMod="0" />
    </MapTiles>
    <StaticTiles />
  </TransInfo>
  <TransInfo Description="Grass to Rough Sand" HashKey="010181010181810181">
    <MapTiles>
      <MapTile TileID="53" AltIDMod="0" />
    </MapTiles>
    <StaticTiles />
  </TransInfo>
  <TransInfo Description="Grass to Rough Sand" HashKey="810181010101818101">
    <MapTiles>
      <MapTile TileID="25" AltIDMod="0" />
    </MapTiles>
    <StaticTiles />
  </TransInfo>
  <TransInfo Description="Grass to Rough Sand" HashKey="010101010101010181">
    <MapTiles>
      <MapTile TileID="61" AltIDMod="0" />
    </MapTiles>
    <StaticTiles />
  </TransInfo>
  <TransInfo Description="Grass to Rough Sand" HashKey="018101010101810181">
    <MapTiles>
      <MapTile TileID="22" AltIDMod="0" />
    </MapTiles>
    <StaticTiles />
  </TransInfo>
  <TransInfo Description="Grass to Rough Sand" HashKey="818101010181810101">
    <MapTiles>
      <MapTile TileID="22" AltIDMod="0" />
    </MapTiles>
    <StaticTiles />
  </TransInfo>
  <TransInfo Description="Grass to Rough Sand" HashKey="018181010181818181">
    <MapTiles>
      <MapTile TileID="23" AltIDMod="0" />
    </MapTiles>
    <StaticTiles />
  </TransInfo>
  <TransInfo Description="Grass to Rough Sand" HashKey="018181810181018101">
    <MapTiles>
      <MapTile TileID="25" AltIDMod="0" />
    </MapTiles>
    <StaticTiles />
  </TransInfo>
  <TransInfo Description="Grass to Rough Sand" HashKey="010181810101818181">
    <MapTiles>
      <MapTile TileID="22" AltIDMod="0" />
    </MapTiles>
    <StaticTiles />
  </TransInfo>
  <TransInfo Description="Grass to Rough Sand" HashKey="810101810101010101">
    <MapTiles>
      <MapTile TileID="55" AltIDMod="0" />
    </MapTiles>
    <StaticTiles />
  </TransInfo>
</Trans>