﻿<?xml version="1.0" encoding="utf-8"?>
<Trans>
    <TransInfo Description="Grass to Furrows W" HashKey="030303808080808080">
    <MapTiles>
      <MapTile TileID="337" AltIDMod="0" />
    </MapTiles>
    <StaticTiles />
  </TransInfo>
  <TransInfo Description="Grass to Furrows W" HashKey="800303808080808080">
    <MapTiles>
      <MapTile TileID="337" AltIDMod="0" />
    </MapTiles>
    <StaticTiles />
  </TransInfo>
  <TransInfo Description="Grass to Furrows W" HashKey="030380808080808080">
    <MapTiles>
      <MapTile TileID="337" AltIDMod="0" />
    </MapTiles>
    <StaticTiles />
  </TransInfo>
  <TransInfo Description="Grass to Furrows W" HashKey="800380808080808080">
    <MapTiles>
      <MapTile TileID="337" AltIDMod="0" />
    </MapTiles>
    <StaticTiles />
  </TransInfo>
  <TransInfo Description="Grass to Furrows W" HashKey="038003808080808080">
    <MapTiles>
      <MapTile TileID="337" AltIDMod="0" />
    </MapTiles>
    <StaticTiles />
  </TransInfo>
  <TransInfo Description="Grass to Furrows W" HashKey="038080038080038080">
    <MapTiles>
      <MapTile TileID="338" AltIDMod="0" />
    </MapTiles>
    <StaticTiles />
  </TransInfo>
  <TransInfo Description="Grass to Furrows W" HashKey="038080038080808080">
    <MapTiles>
      <MapTile TileID="338" AltIDMod="0" />
    </MapTiles>
    <StaticTiles />
  </TransInfo>
  <TransInfo Description="Grass to Furrows W" HashKey="808080038080038080">
    <MapTiles>
      <MapTile TileID="338" AltIDMod="0" />
    </MapTiles>
    <StaticTiles />
  </TransInfo>
  <TransInfo Description="Grass to Furrows W" HashKey="808080038080808080">
    <MapTiles>
      <MapTile TileID="338" AltIDMod="0" />
    </MapTiles>
    <StaticTiles />
  </TransInfo>
  <TransInfo Description="Grass to Furrows W" HashKey="038080808080038080">
    <MapTiles>
      <MapTile TileID="338" AltIDMod="0" />
    </MapTiles>
    <StaticTiles />
  </TransInfo>
  <TransInfo Description="Grass to Furrows W" HashKey="808003808003808003">
    <MapTiles>
      <MapTile TileID="340" AltIDMod="0" />
    </MapTiles>
    <StaticTiles />
  </TransInfo>
  <TransInfo Description="Grass to Furrows W" HashKey="808080808003808003">
    <MapTiles>
      <MapTile TileID="340" AltIDMod="0" />
    </MapTiles>
    <StaticTiles />
  </TransInfo>
  <TransInfo Description="Grass to Furrows W" HashKey="808003808003808080">
    <MapTiles>
      <MapTile TileID="340" AltIDMod="0" />
    </MapTiles>
    <StaticTiles />
  </TransInfo>
  <TransInfo Description="Grass to Furrows W" HashKey="808080808003808080">
    <MapTiles>
      <MapTile TileID="340" AltIDMod="0" />
    </MapTiles>
    <StaticTiles />
  </TransInfo>
  <TransInfo Description="Grass to Furrows W" HashKey="808003808080808003">
    <MapTiles>
      <MapTile TileID="340" AltIDMod="0" />
    </MapTiles>
    <StaticTiles />
  </TransInfo>
  <TransInfo Description="Grass to Furrows W" HashKey="808080808080030303">
    <MapTiles>
      <MapTile TileID="339" AltIDMod="0" />
    </MapTiles>
    <StaticTiles />
  </TransInfo>
  <TransInfo Description="Grass to Furrows W" HashKey="808080808080030380">
    <MapTiles>
      <MapTile TileID="339" AltIDMod="0" />
    </MapTiles>
    <StaticTiles />
  </TransInfo>
  <TransInfo Description="Grass to Furrows W" HashKey="808080808080800303">
    <MapTiles>
      <MapTile TileID="339" AltIDMod="0" />
    </MapTiles>
    <StaticTiles />
  </TransInfo>
  <TransInfo Description="Grass to Furrows W" HashKey="808080808080800380">
    <MapTiles>
      <MapTile TileID="339" AltIDMod="0" />
    </MapTiles>
    <StaticTiles />
  </TransInfo>
  <TransInfo Description="Grass to Furrows W" HashKey="808080808080038003">
    <MapTiles>
      <MapTile TileID="339" AltIDMod="0" />
    </MapTiles>
    <StaticTiles />
  </TransInfo>
  <TransInfo Description="Grass to Furrows W" HashKey="808003808003030303">
    <MapTiles>
      <MapTile TileID="346" AltIDMod="0" />
    </MapTiles>
    <StaticTiles />
  </TransInfo>
  <TransInfo Description="Grass to Furrows W" HashKey="808080808003030303">
    <MapTiles>
      <MapTile TileID="346" AltIDMod="0" />
    </MapTiles>
    <StaticTiles />
  </TransInfo>
  <TransInfo Description="Grass to Furrows W" HashKey="808003808003800303">
    <MapTiles>
      <MapTile TileID="346" AltIDMod="0" />
    </MapTiles>
    <StaticTiles />
  </TransInfo>
  <TransInfo Description="Grass to Furrows W" HashKey="808080808003800303">
    <MapTiles>
      <MapTile TileID="346" AltIDMod="0" />
    </MapTiles>
    <StaticTiles />
  </TransInfo>
  <TransInfo Description="Grass to Furrows W" HashKey="808080808003800380">
    <MapTiles>
      <MapTile TileID="346" AltIDMod="0" />
    </MapTiles>
    <StaticTiles />
  </TransInfo>
  <TransInfo Description="Grass to Furrows W" HashKey="808003808080800303">
    <MapTiles>
      <MapTile TileID="346" AltIDMod="0" />
    </MapTiles>
    <StaticTiles />
  </TransInfo>
  <TransInfo Description="Grass to Furrows W" HashKey="808003808080030303">
    <MapTiles>
      <MapTile TileID="346" AltIDMod="0" />
    </MapTiles>
    <StaticTiles />
  </TransInfo>
  <TransInfo Description="Grass to Furrows W" HashKey="808003808080030380">
    <MapTiles>
      <MapTile TileID="346" AltIDMod="0" />
    </MapTiles>
    <StaticTiles />
  </TransInfo>
  <TransInfo Description="Grass to Furrows W" HashKey="808080808003038003">
    <MapTiles>
      <MapTile TileID="346" AltIDMod="0" />
    </MapTiles>
    <StaticTiles />
  </TransInfo>
  <TransInfo Description="Grass to Furrows W" HashKey="808003808003038003">
    <MapTiles>
      <MapTile TileID="346" AltIDMod="0" />
    </MapTiles>
    <StaticTiles />
  </TransInfo>
  <TransInfo Description="Grass to Furrows W" HashKey="808003808003030380">
    <MapTiles>
      <MapTile TileID="346" AltIDMod="0" />
    </MapTiles>
    <StaticTiles />
  </TransInfo>
  <TransInfo Description="Grass to Furrows W" HashKey="808003808003038080">
    <MapTiles>
      <MapTile TileID="346" AltIDMod="0" />
    </MapTiles>
    <StaticTiles />
  </TransInfo>
  <TransInfo Description="Grass to Furrows W" HashKey="808003808080800380">
    <MapTiles>
      <MapTile TileID="346" AltIDMod="0" />
    </MapTiles>
    <StaticTiles />
  </TransInfo>
  <TransInfo Description="Grass to Furrows W" HashKey="808080808003038080">
    <MapTiles>
      <MapTile TileID="346" AltIDMod="0" />
    </MapTiles>
    <StaticTiles />
  </TransInfo>
  <TransInfo Description="Grass to Furrows W" HashKey="808003808003800380">
    <MapTiles>
      <MapTile TileID="346" AltIDMod="0" />
    </MapTiles>
    <StaticTiles />
  </TransInfo>
  <TransInfo Description="Grass to Furrows W" HashKey="808003808080038003">
    <MapTiles>
      <MapTile TileID="346" AltIDMod="0" />
    </MapTiles>
    <StaticTiles />
  </TransInfo>
  <TransInfo Description="Grass to Furrows W" HashKey="808080808003030380">
    <MapTiles>
      <MapTile TileID="346" AltIDMod="0" />
    </MapTiles>
    <StaticTiles />
  </TransInfo>
  <TransInfo Description="Grass to Furrows W" HashKey="030303038080038080">
    <MapTiles>
      <MapTile TileID="341" AltIDMod="0" />
    </MapTiles>
    <StaticTiles />
  </TransInfo>
  <TransInfo Description="Grass to Furrows W" HashKey="030380038080038080">
    <MapTiles>
      <MapTile TileID="341" AltIDMod="0" />
    </MapTiles>
    <StaticTiles />
  </TransInfo>
  <TransInfo Description="Grass to Furrows W" HashKey="030303038080808080">
    <MapTiles>
      <MapTile TileID="341" AltIDMod="0" />
    </MapTiles>
    <StaticTiles />
  </TransInfo>
  <TransInfo Description="Grass to Furrows W" HashKey="030380038080808080">
    <MapTiles>
      <MapTile TileID="341" AltIDMod="0" />
    </MapTiles>
    <StaticTiles />
  </TransInfo>
  <TransInfo Description="Grass to Furrows W" HashKey="038003038080808080">
    <MapTiles>
      <MapTile TileID="341" AltIDMod="0" />
    </MapTiles>
    <StaticTiles />
  </TransInfo>
  <TransInfo Description="Grass to Furrows W" HashKey="030380808080038080">
    <MapTiles>
      <MapTile TileID="341" AltIDMod="0" />
    </MapTiles>
    <StaticTiles />
  </TransInfo>
  <TransInfo Description="Grass to Furrows W" HashKey="800303808080038080">
    <MapTiles>
      <MapTile TileID="341" AltIDMod="0" />
    </MapTiles>
    <StaticTiles />
  </TransInfo>
  <TransInfo Description="Grass to Furrows W" HashKey="038003808080038080">
    <MapTiles>
      <MapTile TileID="341" AltIDMod="0" />
    </MapTiles>
    <StaticTiles />
  </TransInfo>
  <TransInfo Description="Grass to Furrows W" HashKey="030303808080038080">
    <MapTiles>
      <MapTile TileID="341" AltIDMod="0" />
    </MapTiles>
    <StaticTiles />
  </TransInfo>
  <TransInfo Description="Grass to Furrows W" HashKey="800380038080808080">
    <MapTiles>
      <MapTile TileID="341" AltIDMod="0" />
    </MapTiles>
    <StaticTiles />
  </TransInfo>
  <TransInfo Description="Grass to Furrows W" HashKey="038003038080038080">
    <MapTiles>
      <MapTile TileID="341" AltIDMod="0" />
    </MapTiles>
    <StaticTiles />
  </TransInfo>
  <TransInfo Description="Grass to Furrows W" HashKey="808003038080038080">
    <MapTiles>
      <MapTile TileID="341" AltIDMod="0" />
    </MapTiles>
    <StaticTiles />
  </TransInfo>
  <TransInfo Description="Grass to Furrows W" HashKey="800303038080038080">
    <MapTiles>
      <MapTile TileID="341" AltIDMod="0" />
    </MapTiles>
    <StaticTiles />
  </TransInfo>
  <TransInfo Description="Grass to Furrows W" HashKey="808003038080808080">
    <MapTiles>
      <MapTile TileID="341" AltIDMod="0" />
    </MapTiles>
    <StaticTiles />
  </TransInfo>
  <TransInfo Description="Grass to Furrows W" HashKey="800380038080038080">
    <MapTiles>
      <MapTile TileID="341" AltIDMod="0" />
    </MapTiles>
    <StaticTiles />
  </TransInfo>
  <TransInfo Description="Grass to Furrows W" HashKey="800380808080038080">
    <MapTiles>
      <MapTile TileID="341" AltIDMod="0" />
    </MapTiles>
    <StaticTiles />
  </TransInfo>
  <TransInfo Description="Grass to Furrows W" HashKey="800303038080808080">
    <MapTiles>
      <MapTile TileID="341" AltIDMod="0" />
    </MapTiles>
    <StaticTiles />
  </TransInfo>
  <TransInfo Description="Grass to Furrows W" HashKey="038080038080030303">
    <MapTiles>
      <MapTile TileID="348" AltIDMod="0" />
    </MapTiles>
    <StaticTiles />
  </TransInfo>
  <TransInfo Description="Grass to Furrows W" HashKey="808080038080030303">
    <MapTiles>
      <MapTile TileID="348" AltIDMod="0" />
    </MapTiles>
    <StaticTiles />
  </TransInfo>
  <TransInfo Description="Grass to Furrows W" HashKey="038080038080030380">
    <MapTiles>
      <MapTile TileID="348" AltIDMod="0" />
    </MapTiles>
    <StaticTiles />
  </TransInfo>
  <TransInfo Description="Grass to Furrows W" HashKey="808080038080030380">
    <MapTiles>
      <MapTile TileID="348" AltIDMod="0" />
    </MapTiles>
    <StaticTiles />
  </TransInfo>
  <TransInfo Description="Grass to Furrows W" HashKey="808080038080800380">
    <MapTiles>
      <MapTile TileID="348" AltIDMod="0" />
    </MapTiles>
    <StaticTiles />
  </TransInfo>
  <TransInfo Description="Grass to Furrows W" HashKey="038080038080808003">
    <MapTiles>
      <MapTile TileID="348" AltIDMod="0" />
    </MapTiles>
    <StaticTiles />
  </TransInfo>
  <TransInfo Description="Grass to Furrows W" HashKey="038080808080030303">
    <MapTiles>
      <MapTile TileID="348" AltIDMod="0" />
    </MapTiles>
    <StaticTiles />
  </TransInfo>
  <TransInfo Description="Grass to Furrows W" HashKey="038080808080030380">
    <MapTiles>
      <MapTile TileID="348" AltIDMod="0" />
    </MapTiles>
    <StaticTiles />
  </TransInfo>
  <TransInfo Description="Grass to Furrows W" HashKey="038080808080800380">
    <MapTiles>
      <MapTile TileID="348" AltIDMod="0" />
    </MapTiles>
    <StaticTiles />
  </TransInfo>
  <TransInfo Description="Grass to Furrows W" HashKey="808080038080038003">
    <MapTiles>
      <MapTile TileID="348" AltIDMod="0" />
    </MapTiles>
    <StaticTiles />
  </TransInfo>
  <TransInfo Description="Grass to Furrows W" HashKey="038080038080038003">
    <MapTiles>
      <MapTile TileID="348" AltIDMod="0" />
    </MapTiles>
    <StaticTiles />
  </TransInfo>
  <TransInfo Description="Grass to Furrows W" HashKey="038080808080800303">
    <MapTiles>
      <MapTile TileID="348" AltIDMod="0" />
    </MapTiles>
    <StaticTiles />
  </TransInfo>
  <TransInfo Description="Grass to Furrows W" HashKey="038080038080800303">
    <MapTiles>
      <MapTile TileID="348" AltIDMod="0" />
    </MapTiles>
    <StaticTiles />
  </TransInfo>
  <TransInfo Description="Grass to Furrows W" HashKey="808080038080800303">
    <MapTiles>
      <MapTile TileID="348" AltIDMod="0" />
    </MapTiles>
    <StaticTiles />
  </TransInfo>
  <TransInfo Description="Grass to Furrows W" HashKey="808080038080808003">
    <MapTiles>
      <MapTile TileID="348" AltIDMod="0" />
    </MapTiles>
    <StaticTiles />
  </TransInfo>
  <TransInfo Description="Grass to Furrows W" HashKey="038080808080038003">
    <MapTiles>
      <MapTile TileID="348" AltIDMod="0" />
    </MapTiles>
    <StaticTiles />
  </TransInfo>
  <TransInfo Description="Grass to Furrows W" HashKey="038080038080800380">
    <MapTiles>
      <MapTile TileID="348" AltIDMod="0" />
    </MapTiles>
    <StaticTiles />
  </TransInfo>
  <TransInfo Description="Grass to Furrows W" HashKey="030303808003808003">
    <MapTiles>
      <MapTile TileID="347" AltIDMod="0" />
    </MapTiles>
    <StaticTiles />
  </TransInfo>
  <TransInfo Description="Grass to Furrows W" HashKey="030303808003808080">
    <MapTiles>
      <MapTile TileID="347" AltIDMod="0" />
    </MapTiles>
    <StaticTiles />
  </TransInfo>
  <TransInfo Description="Grass to Furrows W" HashKey="800303808003808003">
    <MapTiles>
      <MapTile TileID="347" AltIDMod="0" />
    </MapTiles>
    <StaticTiles />
  </TransInfo>
  <TransInfo Description="Grass to Furrows W" HashKey="800303808003808080">
    <MapTiles>
      <MapTile TileID="347" AltIDMod="0" />
    </MapTiles>
    <StaticTiles />
  </TransInfo>
  <TransInfo Description="Grass to Furrows W" HashKey="038080808003808003">
    <MapTiles>
      <MapTile TileID="347" AltIDMod="0" />
    </MapTiles>
    <StaticTiles />
  </TransInfo>
  <TransInfo Description="Grass to Furrows W" HashKey="038003808003808080">
    <MapTiles>
      <MapTile TileID="347" AltIDMod="0" />
    </MapTiles>
    <StaticTiles />
  </TransInfo>
  <TransInfo Description="Grass to Furrows W" HashKey="038003808003808003">
    <MapTiles>
      <MapTile TileID="347" AltIDMod="0" />
    </MapTiles>
    <StaticTiles />
  </TransInfo>
  <TransInfo Description="Grass to Furrows W" HashKey="030380808080808003">
    <MapTiles>
      <MapTile TileID="347" AltIDMod="0" />
    </MapTiles>
    <StaticTiles />
  </TransInfo>
  <TransInfo Description="Grass to Furrows W" HashKey="800380808080808003">
    <MapTiles>
      <MapTile TileID="347" AltIDMod="0" />
    </MapTiles>
    <StaticTiles />
  </TransInfo>
  <TransInfo Description="Grass to Furrows W" HashKey="030303808080808003">
    <MapTiles>
      <MapTile TileID="347" AltIDMod="0" />
    </MapTiles>
    <StaticTiles />
  </TransInfo>
  <TransInfo Description="Grass to Furrows W" HashKey="030380808003808080">
    <MapTiles>
      <MapTile TileID="347" AltIDMod="0" />
    </MapTiles>
    <StaticTiles />
  </TransInfo>
  <TransInfo Description="Grass to Furrows W" HashKey="800303808080808003">
    <MapTiles>
      <MapTile TileID="347" AltIDMod="0" />
    </MapTiles>
    <StaticTiles />
  </TransInfo>
  <TransInfo Description="Grass to Furrows W" HashKey="800380808003808080">
    <MapTiles>
      <MapTile TileID="347" AltIDMod="0" />
    </MapTiles>
    <StaticTiles />
  </TransInfo>
  <TransInfo Description="Grass to Furrows W" HashKey="038080808003808080">
    <MapTiles>
      <MapTile TileID="347" AltIDMod="0" />
    </MapTiles>
    <StaticTiles />
  </TransInfo>
  <TransInfo Description="Grass to Furrows W" HashKey="038003808080808003">
    <MapTiles>
      <MapTile TileID="347" AltIDMod="0" />
    </MapTiles>
    <StaticTiles />
  </TransInfo>
  <TransInfo Description="Grass to Furrows W" HashKey="800380808003808003">
    <MapTiles>
      <MapTile TileID="347" AltIDMod="0" />
    </MapTiles>
    <StaticTiles />
  </TransInfo>
  <TransInfo Description="Grass to Furrows W" HashKey="030380808003808003">
    <MapTiles>
      <MapTile TileID="347" AltIDMod="0" />
    </MapTiles>
    <StaticTiles />
  </TransInfo>
  <TransInfo Description="Grass to Furrows W" HashKey="038080808080808080">
    <MapTiles>
      <MapTile TileID="343" AltIDMod="0" />
    </MapTiles>
    <StaticTiles />
  </TransInfo>
  <TransInfo Description="Grass to Furrows W" HashKey="808080808080808003">
    <MapTiles>
      <MapTile TileID="344" AltIDMod="0" />
    </MapTiles>
    <StaticTiles />
  </TransInfo>
  <TransInfo Description="Grass to Furrows W" HashKey="808003808080808080">
    <MapTiles>
      <MapTile TileID="345" AltIDMod="0" />
    </MapTiles>
    <StaticTiles />
  </TransInfo>
  <TransInfo Description="Grass to Furrows W" HashKey="808080808080038080">
    <MapTiles>
      <MapTile TileID="342" AltIDMod="0" />
    </MapTiles>
    <StaticTiles />
  </TransInfo>
</Trans>
