﻿<?xml version="1.0" encoding="utf-8"?>
<Trans>
    <TransInfo Description="Grass Without Static to Sand" HashKey="0404043E3E3E3E3E3E">
    <MapTiles>
      <MapTile TileID="57" AltIDMod="0" />
    </MapTiles>
    <StaticTiles />
  </TransInfo>
  <TransInfo Description="Grass Without Static to Sand" HashKey="3E04043E3E3E3E3E3E">
    <MapTiles>
      <MapTile TileID="57" AltIDMod="0" />
    </MapTiles>
    <StaticTiles />
  </TransInfo>
  <TransInfo Description="Grass Without Static to Sand" HashKey="04043E3E3E3E3E3E3E">
    <MapTiles>
      <MapTile TileID="57" AltIDMod="0" />
    </MapTiles>
    <StaticTiles />
  </TransInfo>
  <TransInfo Description="Grass Without Static to Sand" HashKey="3E043E3E3E3E3E3E3E">
    <MapTiles>
      <MapTile TileID="57" AltIDMod="0" />
    </MapTiles>
    <StaticTiles />
  </TransInfo>
  <TransInfo Description="Grass Without Static to Sand" HashKey="043E043E3E3E3E3E3E">
    <MapTiles>
      <MapTile TileID="57" AltIDMod="0" />
    </MapTiles>
    <StaticTiles />
  </TransInfo>
  <TransInfo Description="Grass Without Static to Sand" HashKey="043E3E043E3E043E3E">
    <MapTiles>
      <MapTile TileID="55" AltIDMod="0" />
    </MapTiles>
    <StaticTiles />
  </TransInfo>
  <TransInfo Description="Grass Without Static to Sand" HashKey="043E3E043E3E3E3E3E">
    <MapTiles>
      <MapTile TileID="55" AltIDMod="0" />
    </MapTiles>
    <StaticTiles />
  </TransInfo>
  <TransInfo Description="Grass Without Static to Sand" HashKey="3E3E3E043E3E043E3E">
    <MapTiles>
      <MapTile TileID="55" AltIDMod="0" />
    </MapTiles>
    <StaticTiles />
  </TransInfo>
  <TransInfo Description="Grass Without Static to Sand" HashKey="3E3E3E043E3E3E3E3E">
    <MapTiles>
      <MapTile TileID="55" AltIDMod="0" />
    </MapTiles>
    <StaticTiles />
  </TransInfo>
  <TransInfo Description="Grass Without Static to Sand" HashKey="043E3E3E3E3E043E3E">
    <MapTiles>
      <MapTile TileID="55" AltIDMod="0" />
    </MapTiles>
    <StaticTiles />
  </TransInfo>
  <TransInfo Description="Grass Without Static to Sand" HashKey="3E3E043E3E043E3E04">
    <MapTiles>
      <MapTile TileID="56" AltIDMod="0" />
    </MapTiles>
    <StaticTiles />
  </TransInfo>
  <TransInfo Description="Grass Without Static to Sand" HashKey="3E3E3E3E3E043E3E04">
    <MapTiles>
      <MapTile TileID="56" AltIDMod="0" />
    </MapTiles>
    <StaticTiles />
  </TransInfo>
  <TransInfo Description="Grass Without Static to Sand" HashKey="3E3E043E3E043E3E3E">
    <MapTiles>
      <MapTile TileID="56" AltIDMod="0" />
    </MapTiles>
    <StaticTiles />
  </TransInfo>
  <TransInfo Description="Grass Without Static to Sand" HashKey="3E3E3E3E3E043E3E3E">
    <MapTiles>
      <MapTile TileID="56" AltIDMod="0" />
    </MapTiles>
    <StaticTiles />
  </TransInfo>
  <TransInfo Description="Grass Without Static to Sand" HashKey="3E3E043E3E3E3E3E04">
    <MapTiles>
      <MapTile TileID="56" AltIDMod="0" />
    </MapTiles>
    <StaticTiles />
  </TransInfo>
  <TransInfo Description="Grass Without Static to Sand" HashKey="3E3E3E3E3E3E040404">
    <MapTiles>
      <MapTile TileID="58" AltIDMod="0" />
    </MapTiles>
    <StaticTiles />
  </TransInfo>
  <TransInfo Description="Grass Without Static to Sand" HashKey="3E3E3E3E3E3E04043E">
    <MapTiles>
      <MapTile TileID="58" AltIDMod="0" />
    </MapTiles>
    <StaticTiles />
  </TransInfo>
  <TransInfo Description="Grass Without Static to Sand" HashKey="3E3E3E3E3E3E3E0404">
    <MapTiles>
      <MapTile TileID="58" AltIDMod="0" />
    </MapTiles>
    <StaticTiles />
  </TransInfo>
  <TransInfo Description="Grass Without Static to Sand" HashKey="3E3E3E3E3E3E3E043E">
    <MapTiles>
      <MapTile TileID="58" AltIDMod="0" />
    </MapTiles>
    <StaticTiles />
  </TransInfo>
  <TransInfo Description="Grass Without Static to Sand" HashKey="3E3E3E3E3E3E043E04">
    <MapTiles>
      <MapTile TileID="58" AltIDMod="0" />
    </MapTiles>
    <StaticTiles />
  </TransInfo>
  <TransInfo Description="Grass Without Static to Sand" HashKey="3E3E043E3E04040404">
    <MapTiles>
      <MapTile TileID="53" AltIDMod="0" />
    </MapTiles>
    <StaticTiles />
  </TransInfo>
  <TransInfo Description="Grass Without Static to Sand" HashKey="3E3E3E3E3E04040404">
    <MapTiles>
      <MapTile TileID="53" AltIDMod="0" />
    </MapTiles>
    <StaticTiles />
  </TransInfo>
  <TransInfo Description="Grass Without Static to Sand" HashKey="3E3E043E3E043E0404">
    <MapTiles>
      <MapTile TileID="53" AltIDMod="0" />
    </MapTiles>
    <StaticTiles />
  </TransInfo>
  <TransInfo Description="Grass Without Static to Sand" HashKey="3E3E3E3E3E043E0404">
    <MapTiles>
      <MapTile TileID="53" AltIDMod="0" />
    </MapTiles>
    <StaticTiles />
  </TransInfo>
  <TransInfo Description="Grass Without Static to Sand" HashKey="3E3E3E3E3E043E043E">
    <MapTiles>
      <MapTile TileID="53" AltIDMod="0" />
    </MapTiles>
    <StaticTiles />
  </TransInfo>
  <TransInfo Description="Grass Without Static to Sand" HashKey="3E3E043E3E3E3E0404">
    <MapTiles>
      <MapTile TileID="53" AltIDMod="0" />
    </MapTiles>
    <StaticTiles />
  </TransInfo>
  <TransInfo Description="Grass Without Static to Sand" HashKey="3E3E043E3E3E040404">
    <MapTiles>
      <MapTile TileID="53" AltIDMod="0" />
    </MapTiles>
    <StaticTiles />
  </TransInfo>
  <TransInfo Description="Grass Without Static to Sand" HashKey="3E3E043E3E3E04043E">
    <MapTiles>
      <MapTile TileID="53" AltIDMod="0" />
    </MapTiles>
    <StaticTiles />
  </TransInfo>
  <TransInfo Description="Grass Without Static to Sand" HashKey="3E3E3E3E3E04043E04">
    <MapTiles>
      <MapTile TileID="53" AltIDMod="0" />
    </MapTiles>
    <StaticTiles />
  </TransInfo>
  <TransInfo Description="Grass Without Static to Sand" HashKey="3E3E043E3E04043E04">
    <MapTiles>
      <MapTile TileID="53" AltIDMod="0" />
    </MapTiles>
    <StaticTiles />
  </TransInfo>
  <TransInfo Description="Grass Without Static to Sand" HashKey="3E3E043E3E0404043E">
    <MapTiles>
      <MapTile TileID="53" AltIDMod="0" />
    </MapTiles>
    <StaticTiles />
  </TransInfo>
  <TransInfo Description="Grass Without Static to Sand" HashKey="3E3E043E3E04043E3E">
    <MapTiles>
      <MapTile TileID="53" AltIDMod="0" />
    </MapTiles>
    <StaticTiles />
  </TransInfo>
  <TransInfo Description="Grass Without Static to Sand" HashKey="3E3E043E3E3E3E043E">
    <MapTiles>
      <MapTile TileID="53" AltIDMod="0" />
    </MapTiles>
    <StaticTiles />
  </TransInfo>
  <TransInfo Description="Grass Without Static to Sand" HashKey="3E3E3E3E3E04043E3E">
    <MapTiles>
      <MapTile TileID="53" AltIDMod="0" />
    </MapTiles>
    <StaticTiles />
  </TransInfo>
  <TransInfo Description="Grass Without Static to Sand" HashKey="3E3E043E3E043E043E">
    <MapTiles>
      <MapTile TileID="53" AltIDMod="0" />
    </MapTiles>
    <StaticTiles />
  </TransInfo>
  <TransInfo Description="Grass Without Static to Sand" HashKey="3E3E043E3E3E043E04">
    <MapTiles>
      <MapTile TileID="53" AltIDMod="0" />
    </MapTiles>
    <StaticTiles />
  </TransInfo>
  <TransInfo Description="Grass Without Static to Sand" HashKey="3E3E3E3E3E0404043E">
    <MapTiles>
      <MapTile TileID="53" AltIDMod="0" />
    </MapTiles>
    <StaticTiles />
  </TransInfo>
  <TransInfo Description="Grass Without Static to Sand" HashKey="040404043E3E043E3E">
    <MapTiles>
      <MapTile TileID="51" AltIDMod="0" />
    </MapTiles>
    <StaticTiles />
  </TransInfo>
  <TransInfo Description="Grass Without Static to Sand" HashKey="04043E043E3E043E3E">
    <MapTiles>
      <MapTile TileID="51" AltIDMod="0" />
    </MapTiles>
    <StaticTiles />
  </TransInfo>
  <TransInfo Description="Grass Without Static to Sand" HashKey="040404043E3E3E3E3E">
    <MapTiles>
      <MapTile TileID="51" AltIDMod="0" />
    </MapTiles>
    <StaticTiles />
  </TransInfo>
  <TransInfo Description="Grass Without Static to Sand" HashKey="04043E043E3E3E3E3E">
    <MapTiles>
      <MapTile TileID="51" AltIDMod="0" />
    </MapTiles>
    <StaticTiles />
  </TransInfo>
  <TransInfo Description="Grass Without Static to Sand" HashKey="043E04043E3E3E3E3E">
    <MapTiles>
      <MapTile TileID="51" AltIDMod="0" />
    </MapTiles>
    <StaticTiles />
  </TransInfo>
  <TransInfo Description="Grass Without Static to Sand" HashKey="04043E3E3E3E043E3E">
    <MapTiles>
      <MapTile TileID="51" AltIDMod="0" />
    </MapTiles>
    <StaticTiles />
  </TransInfo>
  <TransInfo Description="Grass Without Static to Sand" HashKey="3E04043E3E3E043E3E">
    <MapTiles>
      <MapTile TileID="51" AltIDMod="0" />
    </MapTiles>
    <StaticTiles />
  </TransInfo>
  <TransInfo Description="Grass Without Static to Sand" HashKey="043E043E3E3E043E3E">
    <MapTiles>
      <MapTile TileID="51" AltIDMod="0" />
    </MapTiles>
    <StaticTiles />
  </TransInfo>
  <TransInfo Description="Grass Without Static to Sand" HashKey="0404043E3E3E043E3E">
    <MapTiles>
      <MapTile TileID="51" AltIDMod="0" />
    </MapTiles>
    <StaticTiles />
  </TransInfo>
  <TransInfo Description="Grass Without Static to Sand" HashKey="3E043E043E3E3E3E3E">
    <MapTiles>
      <MapTile TileID="51" AltIDMod="0" />
    </MapTiles>
    <StaticTiles />
  </TransInfo>
  <TransInfo Description="Grass Without Static to Sand" HashKey="043E04043E3E043E3E">
    <MapTiles>
      <MapTile TileID="51" AltIDMod="0" />
    </MapTiles>
    <StaticTiles />
  </TransInfo>
  <TransInfo Description="Grass Without Static to Sand" HashKey="3E3E04043E3E043E3E">
    <MapTiles>
      <MapTile TileID="51" AltIDMod="0" />
    </MapTiles>
    <StaticTiles />
  </TransInfo>
  <TransInfo Description="Grass Without Static to Sand" HashKey="3E0404043E3E043E3E">
    <MapTiles>
      <MapTile TileID="51" AltIDMod="0" />
    </MapTiles>
    <StaticTiles />
  </TransInfo>
  <TransInfo Description="Grass Without Static to Sand" HashKey="3E3E04043E3E3E3E3E">
    <MapTiles>
      <MapTile TileID="51" AltIDMod="0" />
    </MapTiles>
    <StaticTiles />
  </TransInfo>
  <TransInfo Description="Grass Without Static to Sand" HashKey="3E043E043E3E043E3E">
    <MapTiles>
      <MapTile TileID="51" AltIDMod="0" />
    </MapTiles>
    <StaticTiles />
  </TransInfo>
  <TransInfo Description="Grass Without Static to Sand" HashKey="3E043E3E3E3E043E3E">
    <MapTiles>
      <MapTile TileID="51" AltIDMod="0" />
    </MapTiles>
    <StaticTiles />
  </TransInfo>
  <TransInfo Description="Grass Without Static to Sand" HashKey="3E0404043E3E3E3E3E">
    <MapTiles>
      <MapTile TileID="51" AltIDMod="0" />
    </MapTiles>
    <StaticTiles />
  </TransInfo>
  <TransInfo Description="Grass Without Static to Sand" HashKey="043E3E043E3E040404">
    <MapTiles>
      <MapTile TileID="54" AltIDMod="0" />
    </MapTiles>
    <StaticTiles />
  </TransInfo>
  <TransInfo Description="Grass Without Static to Sand" HashKey="3E3E3E043E3E040404">
    <MapTiles>
      <MapTile TileID="54" AltIDMod="0" />
    </MapTiles>
    <StaticTiles />
  </TransInfo>
  <TransInfo Description="Grass Without Static to Sand" HashKey="043E3E043E3E04043E">
    <MapTiles>
      <MapTile TileID="54" AltIDMod="0" />
    </MapTiles>
    <StaticTiles />
  </TransInfo>
  <TransInfo Description="Grass Without Static to Sand" HashKey="3E3E3E043E3E04043E">
    <MapTiles>
      <MapTile TileID="54" AltIDMod="0" />
    </MapTiles>
    <StaticTiles />
  </TransInfo>
  <TransInfo Description="Grass Without Static to Sand" HashKey="3E3E3E043E3E3E043E">
    <MapTiles>
      <MapTile TileID="54" AltIDMod="0" />
    </MapTiles>
    <StaticTiles />
  </TransInfo>
  <TransInfo Description="Grass Without Static to Sand" HashKey="043E3E043E3E3E3E04">
    <MapTiles>
      <MapTile TileID="54" AltIDMod="0" />
    </MapTiles>
    <StaticTiles />
  </TransInfo>
  <TransInfo Description="Grass Without Static to Sand" HashKey="043E3E3E3E3E040404">
    <MapTiles>
      <MapTile TileID="54" AltIDMod="0" />
    </MapTiles>
    <StaticTiles />
  </TransInfo>
  <TransInfo Description="Grass Without Static to Sand" HashKey="043E3E3E3E3E04043E">
    <MapTiles>
      <MapTile TileID="54" AltIDMod="0" />
    </MapTiles>
    <StaticTiles />
  </TransInfo>
  <TransInfo Description="Grass Without Static to Sand" HashKey="043E3E3E3E3E3E043E">
    <MapTiles>
      <MapTile TileID="54" AltIDMod="0" />
    </MapTiles>
    <StaticTiles />
  </TransInfo>
  <TransInfo Description="Grass Without Static to Sand" HashKey="3E3E3E043E3E043E04">
    <MapTiles>
      <MapTile TileID="54" AltIDMod="0" />
    </MapTiles>
    <StaticTiles />
  </TransInfo>
  <TransInfo Description="Grass Without Static to Sand" HashKey="043E3E043E3E043E04">
    <MapTiles>
      <MapTile TileID="54" AltIDMod="0" />
    </MapTiles>
    <StaticTiles />
  </TransInfo>
  <TransInfo Description="Grass Without Static to Sand" HashKey="043E3E3E3E3E3E0404">
    <MapTiles>
      <MapTile TileID="54" AltIDMod="0" />
    </MapTiles>
    <StaticTiles />
  </TransInfo>
  <TransInfo Description="Grass Without Static to Sand" HashKey="043E3E043E3E3E0404">
    <MapTiles>
      <MapTile TileID="54" AltIDMod="0" />
    </MapTiles>
    <StaticTiles />
  </TransInfo>
  <TransInfo Description="Grass Without Static to Sand" HashKey="3E3E3E043E3E3E0404">
    <MapTiles>
      <MapTile TileID="54" AltIDMod="0" />
    </MapTiles>
    <StaticTiles />
  </TransInfo>
  <TransInfo Description="Grass Without Static to Sand" HashKey="3E3E3E043E3E3E3E04">
    <MapTiles>
      <MapTile TileID="54" AltIDMod="0" />
    </MapTiles>
    <StaticTiles />
  </TransInfo>
  <TransInfo Description="Grass Without Static to Sand" HashKey="043E3E3E3E3E043E04">
    <MapTiles>
      <MapTile TileID="54" AltIDMod="0" />
    </MapTiles>
    <StaticTiles />
  </TransInfo>
  <TransInfo Description="Grass Without Static to Sand" HashKey="043E3E043E3E3E043E">
    <MapTiles>
      <MapTile TileID="54" AltIDMod="0" />
    </MapTiles>
    <StaticTiles />
  </TransInfo>
  <TransInfo Description="Grass Without Static to Sand" HashKey="0404043E3E043E3E04">
    <MapTiles>
      <MapTile TileID="52" AltIDMod="0" />
    </MapTiles>
    <StaticTiles />
  </TransInfo>
  <TransInfo Description="Grass Without Static to Sand" HashKey="0404043E3E043E3E3E">
    <MapTiles>
      <MapTile TileID="52" AltIDMod="0" />
    </MapTiles>
    <StaticTiles />
  </TransInfo>
  <TransInfo Description="Grass Without Static to Sand" HashKey="3E04043E3E043E3E04">
    <MapTiles>
      <MapTile TileID="52" AltIDMod="0" />
    </MapTiles>
    <StaticTiles />
  </TransInfo>
  <TransInfo Description="Grass Without Static to Sand" HashKey="3E04043E3E043E3E3E">
    <MapTiles>
      <MapTile TileID="52" AltIDMod="0" />
    </MapTiles>
    <StaticTiles />
  </TransInfo>
  <TransInfo Description="Grass Without Static to Sand" HashKey="043E3E3E3E043E3E04">
    <MapTiles>
      <MapTile TileID="52" AltIDMod="0" />
    </MapTiles>
    <StaticTiles />
  </TransInfo>
  <TransInfo Description="Grass Without Static to Sand" HashKey="043E043E3E043E3E3E">
    <MapTiles>
      <MapTile TileID="52" AltIDMod="0" />
    </MapTiles>
    <StaticTiles />
  </TransInfo>
  <TransInfo Description="Grass Without Static to Sand" HashKey="043E043E3E043E3E04">
    <MapTiles>
      <MapTile TileID="52" AltIDMod="0" />
    </MapTiles>
    <StaticTiles />
  </TransInfo>
  <TransInfo Description="Grass Without Static to Sand" HashKey="04043E3E3E3E3E3E04">
    <MapTiles>
      <MapTile TileID="52" AltIDMod="0" />
    </MapTiles>
    <StaticTiles />
  </TransInfo>
  <TransInfo Description="Grass Without Static to Sand" HashKey="3E043E3E3E3E3E3E04">
    <MapTiles>
      <MapTile TileID="52" AltIDMod="0" />
    </MapTiles>
    <StaticTiles />
  </TransInfo>
  <TransInfo Description="Grass Without Static to Sand" HashKey="0404043E3E3E3E3E04">
    <MapTiles>
      <MapTile TileID="52" AltIDMod="0" />
    </MapTiles>
    <StaticTiles />
  </TransInfo>
  <TransInfo Description="Grass Without Static to Sand" HashKey="04043E3E3E043E3E3E">
    <MapTiles>
      <MapTile TileID="52" AltIDMod="0" />
    </MapTiles>
    <StaticTiles />
  </TransInfo>
  <TransInfo Description="Grass Without Static to Sand" HashKey="3E04043E3E3E3E3E04">
    <MapTiles>
      <MapTile TileID="52" AltIDMod="0" />
    </MapTiles>
    <StaticTiles />
  </TransInfo>
  <TransInfo Description="Grass Without Static to Sand" HashKey="3E043E3E3E043E3E3E">
    <MapTiles>
      <MapTile TileID="52" AltIDMod="0" />
    </MapTiles>
    <StaticTiles />
  </TransInfo>
  <TransInfo Description="Grass Without Static to Sand" HashKey="043E3E3E3E043E3E3E">
    <MapTiles>
      <MapTile TileID="52" AltIDMod="0" />
    </MapTiles>
    <StaticTiles />
  </TransInfo>
  <TransInfo Description="Grass Without Static to Sand" HashKey="043E043E3E3E3E3E04">
    <MapTiles>
      <MapTile TileID="52" AltIDMod="0" />
    </MapTiles>
    <StaticTiles />
  </TransInfo>
  <TransInfo Description="Grass Without Static to Sand" HashKey="3E043E3E3E043E3E04">
    <MapTiles>
      <MapTile TileID="52" AltIDMod="0" />
    </MapTiles>
    <StaticTiles />
  </TransInfo>
  <TransInfo Description="Grass Without Static to Sand" HashKey="04043E3E3E043E3E04">
    <MapTiles>
      <MapTile TileID="52" AltIDMod="0" />
    </MapTiles>
    <StaticTiles />
  </TransInfo>
  <TransInfo Description="Grass Without Static to Sand" HashKey="043E3E3E3E3E3E3E3E">
    <MapTiles>
      <MapTile TileID="62" AltIDMod="0" />
    </MapTiles>
    <StaticTiles />
  </TransInfo>
  <TransInfo Description="Grass Without Static to Sand" HashKey="3E3E3E3E3E3E3E3E04">
    <MapTiles>
      <MapTile TileID="61" AltIDMod="0" />
    </MapTiles>
    <StaticTiles />
  </TransInfo>
  <TransInfo Description="Grass Without Static to Sand" HashKey="3E3E043E3E3E3E3E3E">
    <MapTiles>
      <MapTile TileID="59" AltIDMod="0" />
    </MapTiles>
    <StaticTiles />
  </TransInfo>
  <TransInfo Description="Grass Without Static to Sand" HashKey="3E3E3E3E3E3E043E3E">
    <MapTiles>
      <MapTile TileID="60" AltIDMod="0" />
    </MapTiles>
    <StaticTiles />
  </TransInfo>
</Trans>