﻿<?xml version="1.0" encoding="utf-8"?>
<Trans>
    <TransInfo Description="Grass to Beach" HashKey="505050010101010101">
    <MapTiles>
      <MapTile TileID="57" AltIDMod="0" />
    </MapTiles>
    <StaticTiles />
  </TransInfo>
  <TransInfo Description="Grass to Beach" HashKey="015050010101010101">
    <MapTiles>
      <MapTile TileID="57" AltIDMod="0" />
    </MapTiles>
    <StaticTiles />
  </TransInfo>
  <TransInfo Description="Grass to Beach" HashKey="505001010101010101">
    <MapTiles>
      <MapTile TileID="57" AltIDMod="0" />
    </MapTiles>
    <StaticTiles />
  </TransInfo>
  <TransInfo Description="Grass to Beach" HashKey="015001010101010101">
    <MapTiles>
      <MapTile TileID="57" AltIDMod="0" />
    </MapTiles>
    <StaticTiles />
  </TransInfo>
  <TransInfo Description="Grass to Beach" HashKey="500150010101010101">
    <MapTiles>
      <MapTile TileID="57" AltIDMod="0" />
    </MapTiles>
    <StaticTiles />
  </TransInfo>
  <TransInfo Description="Grass to Beach" HashKey="500101500101500101">
    <MapTiles>
      <MapTile TileID="55" AltIDMod="0" />
    </MapTiles>
    <StaticTiles />
  </TransInfo>
  <TransInfo Description="Grass to Beach" HashKey="500101500101010101">
    <MapTiles>
      <MapTile TileID="55" AltIDMod="0" />
    </MapTiles>
    <StaticTiles />
  </TransInfo>
  <TransInfo Description="Grass to Beach" HashKey="010101500101500101">
    <MapTiles>
      <MapTile TileID="55" AltIDMod="0" />
    </MapTiles>
    <StaticTiles />
  </TransInfo>
  <TransInfo Description="Grass to Beach" HashKey="010101500101010101">
    <MapTiles>
      <MapTile TileID="55" AltIDMod="0" />
    </MapTiles>
    <StaticTiles />
  </TransInfo>
  <TransInfo Description="Grass to Beach" HashKey="500101010101500101">
    <MapTiles>
      <MapTile TileID="55" AltIDMod="0" />
    </MapTiles>
    <StaticTiles />
  </TransInfo>
  <TransInfo Description="Grass to Beach" HashKey="010150010150010150">
    <MapTiles>
      <MapTile TileID="56" AltIDMod="0" />
    </MapTiles>
    <StaticTiles />
  </TransInfo>
  <TransInfo Description="Grass to Beach" HashKey="010101010150010150">
    <MapTiles>
      <MapTile TileID="56" AltIDMod="0" />
    </MapTiles>
    <StaticTiles />
  </TransInfo>
  <TransInfo Description="Grass to Beach" HashKey="010150010150010101">
    <MapTiles>
      <MapTile TileID="56" AltIDMod="0" />
    </MapTiles>
    <StaticTiles />
  </TransInfo>
  <TransInfo Description="Grass to Beach" HashKey="010101010150010101">
    <MapTiles>
      <MapTile TileID="56" AltIDMod="0" />
    </MapTiles>
    <StaticTiles />
  </TransInfo>
  <TransInfo Description="Grass to Beach" HashKey="010150010101010150">
    <MapTiles>
      <MapTile TileID="56" AltIDMod="0" />
    </MapTiles>
    <StaticTiles />
  </TransInfo>
  <TransInfo Description="Grass to Beach" HashKey="010101010101505050">
    <MapTiles>
      <MapTile TileID="58" AltIDMod="0" />
    </MapTiles>
    <StaticTiles />
  </TransInfo>
  <TransInfo Description="Grass to Beach" HashKey="010101010101505001">
    <MapTiles>
      <MapTile TileID="58" AltIDMod="0" />
    </MapTiles>
    <StaticTiles />
  </TransInfo>
  <TransInfo Description="Grass to Beach" HashKey="010101010101015050">
    <MapTiles>
      <MapTile TileID="58" AltIDMod="0" />
    </MapTiles>
    <StaticTiles />
  </TransInfo>
  <TransInfo Description="Grass to Beach" HashKey="010101010101015001">
    <MapTiles>
      <MapTile TileID="58" AltIDMod="0" />
    </MapTiles>
    <StaticTiles />
  </TransInfo>
  <TransInfo Description="Grass to Beach" HashKey="010101010101500150">
    <MapTiles>
      <MapTile TileID="58" AltIDMod="0" />
    </MapTiles>
    <StaticTiles />
  </TransInfo>
  <TransInfo Description="Grass to Beach" HashKey="010150010150505050">
    <MapTiles>
      <MapTile TileID="53" AltIDMod="0" />
    </MapTiles>
    <StaticTiles />
  </TransInfo>
  <TransInfo Description="Grass to Beach" HashKey="010101010150505050">
    <MapTiles>
      <MapTile TileID="53" AltIDMod="0" />
    </MapTiles>
    <StaticTiles />
  </TransInfo>
  <TransInfo Description="Grass to Beach" HashKey="010150010150015050">
    <MapTiles>
      <MapTile TileID="53" AltIDMod="0" />
    </MapTiles>
    <StaticTiles />
  </TransInfo>
  <TransInfo Description="Grass to Beach" HashKey="010101010150015050">
    <MapTiles>
      <MapTile TileID="53" AltIDMod="0" />
    </MapTiles>
    <StaticTiles />
  </TransInfo>
  <TransInfo Description="Grass to Beach" HashKey="010101010150015001">
    <MapTiles>
      <MapTile TileID="53" AltIDMod="0" />
    </MapTiles>
    <StaticTiles />
  </TransInfo>
  <TransInfo Description="Grass to Beach" HashKey="010150010101015050">
    <MapTiles>
      <MapTile TileID="53" AltIDMod="0" />
    </MapTiles>
    <StaticTiles />
  </TransInfo>
  <TransInfo Description="Grass to Beach" HashKey="010150010101505050">
    <MapTiles>
      <MapTile TileID="53" AltIDMod="0" />
    </MapTiles>
    <StaticTiles />
  </TransInfo>
  <TransInfo Description="Grass to Beach" HashKey="010150010101505001">
    <MapTiles>
      <MapTile TileID="53" AltIDMod="0" />
    </MapTiles>
    <StaticTiles />
  </TransInfo>
  <TransInfo Description="Grass to Beach" HashKey="010101010150500150">
    <MapTiles>
      <MapTile TileID="53" AltIDMod="0" />
    </MapTiles>
    <StaticTiles />
  </TransInfo>
  <TransInfo Description="Grass to Beach" HashKey="010150010150500150">
    <MapTiles>
      <MapTile TileID="53" AltIDMod="0" />
    </MapTiles>
    <StaticTiles />
  </TransInfo>
  <TransInfo Description="Grass to Beach" HashKey="010150010150505001">
    <MapTiles>
      <MapTile TileID="53" AltIDMod="0" />
    </MapTiles>
    <StaticTiles />
  </TransInfo>
  <TransInfo Description="Grass to Beach" HashKey="010150010150500101">
    <MapTiles>
      <MapTile TileID="53" AltIDMod="0" />
    </MapTiles>
    <StaticTiles />
  </TransInfo>
  <TransInfo Description="Grass to Beach" HashKey="010150010101015001">
    <MapTiles>
      <MapTile TileID="53" AltIDMod="0" />
    </MapTiles>
    <StaticTiles />
  </TransInfo>
  <TransInfo Description="Grass to Beach" HashKey="010101010150500101">
    <MapTiles>
      <MapTile TileID="53" AltIDMod="0" />
    </MapTiles>
    <StaticTiles />
  </TransInfo>
  <TransInfo Description="Grass to Beach" HashKey="010150010150015001">
    <MapTiles>
      <MapTile TileID="53" AltIDMod="0" />
    </MapTiles>
    <StaticTiles />
  </TransInfo>
  <TransInfo Description="Grass to Beach" HashKey="010150010101500150">
    <MapTiles>
      <MapTile TileID="53" AltIDMod="0" />
    </MapTiles>
    <StaticTiles />
  </TransInfo>
  <TransInfo Description="Grass to Beach" HashKey="010101010150505001">
    <MapTiles>
      <MapTile TileID="53" AltIDMod="0" />
    </MapTiles>
    <StaticTiles />
  </TransInfo>
  <TransInfo Description="Grass to Beach" HashKey="505050500101500101">
    <MapTiles>
      <MapTile TileID="51" AltIDMod="0" />
    </MapTiles>
    <StaticTiles />
  </TransInfo>
  <TransInfo Description="Grass to Beach" HashKey="505001500101500101">
    <MapTiles>
      <MapTile TileID="51" AltIDMod="0" />
    </MapTiles>
    <StaticTiles />
  </TransInfo>
  <TransInfo Description="Grass to Beach" HashKey="505050500101010101">
    <MapTiles>
      <MapTile TileID="51" AltIDMod="0" />
    </MapTiles>
    <StaticTiles />
  </TransInfo>
  <TransInfo Description="Grass to Beach" HashKey="505001500101010101">
    <MapTiles>
      <MapTile TileID="51" AltIDMod="0" />
    </MapTiles>
    <StaticTiles />
  </TransInfo>
  <TransInfo Description="Grass to Beach" HashKey="500150500101010101">
    <MapTiles>
      <MapTile TileID="51" AltIDMod="0" />
    </MapTiles>
    <StaticTiles />
  </TransInfo>
  <TransInfo Description="Grass to Beach" HashKey="505001010101500101">
    <MapTiles>
      <MapTile TileID="51" AltIDMod="0" />
    </MapTiles>
    <StaticTiles />
  </TransInfo>
  <TransInfo Description="Grass to Beach" HashKey="015050010101500101">
    <MapTiles>
      <MapTile TileID="51" AltIDMod="0" />
    </MapTiles>
    <StaticTiles />
  </TransInfo>
  <TransInfo Description="Grass to Beach" HashKey="500150010101500101">
    <MapTiles>
      <MapTile TileID="51" AltIDMod="0" />
    </MapTiles>
    <StaticTiles />
  </TransInfo>
  <TransInfo Description="Grass to Beach" HashKey="505050010101500101">
    <MapTiles>
      <MapTile TileID="51" AltIDMod="0" />
    </MapTiles>
    <StaticTiles />
  </TransInfo>
  <TransInfo Description="Grass to Beach" HashKey="015001500101010101">
    <MapTiles>
      <MapTile TileID="51" AltIDMod="0" />
    </MapTiles>
    <StaticTiles />
  </TransInfo>
  <TransInfo Description="Grass to Beach" HashKey="500150500101500101">
    <MapTiles>
      <MapTile TileID="51" AltIDMod="0" />
    </MapTiles>
    <StaticTiles />
  </TransInfo>
  <TransInfo Description="Grass to Beach" HashKey="010150500101500101">
    <MapTiles>
      <MapTile TileID="51" AltIDMod="0" />
    </MapTiles>
    <StaticTiles />
  </TransInfo>
  <TransInfo Description="Grass to Beach" HashKey="015050500101500101">
    <MapTiles>
      <MapTile TileID="51" AltIDMod="0" />
    </MapTiles>
    <StaticTiles />
  </TransInfo>
  <TransInfo Description="Grass to Beach" HashKey="010150500101010101">
    <MapTiles>
      <MapTile TileID="51" AltIDMod="0" />
    </MapTiles>
    <StaticTiles />
  </TransInfo>
  <TransInfo Description="Grass to Beach" HashKey="015001500101500101">
    <MapTiles>
      <MapTile TileID="51" AltIDMod="0" />
    </MapTiles>
    <StaticTiles />
  </TransInfo>
  <TransInfo Description="Grass to Beach" HashKey="015001010101500101">
    <MapTiles>
      <MapTile TileID="51" AltIDMod="0" />
    </MapTiles>
    <StaticTiles />
  </TransInfo>
  <TransInfo Description="Grass to Beach" HashKey="015050500101010101">
    <MapTiles>
      <MapTile TileID="51" AltIDMod="0" />
    </MapTiles>
    <StaticTiles />
  </TransInfo>
  <TransInfo Description="Grass to Beach" HashKey="500101500101505050">
    <MapTiles>
      <MapTile TileID="54" AltIDMod="0" />
    </MapTiles>
    <StaticTiles />
  </TransInfo>
  <TransInfo Description="Grass to Beach" HashKey="010101500101505050">
    <MapTiles>
      <MapTile TileID="54" AltIDMod="0" />
    </MapTiles>
    <StaticTiles />
  </TransInfo>
  <TransInfo Description="Grass to Beach" HashKey="500101500101505001">
    <MapTiles>
      <MapTile TileID="54" AltIDMod="0" />
    </MapTiles>
    <StaticTiles />
  </TransInfo>
  <TransInfo Description="Grass to Beach" HashKey="010101500101505001">
    <MapTiles>
      <MapTile TileID="54" AltIDMod="0" />
    </MapTiles>
    <StaticTiles />
  </TransInfo>
  <TransInfo Description="Grass to Beach" HashKey="010101500101015001">
    <MapTiles>
      <MapTile TileID="54" AltIDMod="0" />
    </MapTiles>
    <StaticTiles />
  </TransInfo>
  <TransInfo Description="Grass to Beach" HashKey="500101500101010150">
    <MapTiles>
      <MapTile TileID="54" AltIDMod="0" />
    </MapTiles>
    <StaticTiles />
  </TransInfo>
  <TransInfo Description="Grass to Beach" HashKey="500101010101505050">
    <MapTiles>
      <MapTile TileID="54" AltIDMod="0" />
    </MapTiles>
    <StaticTiles />
  </TransInfo>
  <TransInfo Description="Grass to Beach" HashKey="500101010101505001">
    <MapTiles>
      <MapTile TileID="54" AltIDMod="0" />
    </MapTiles>
    <StaticTiles />
  </TransInfo>
  <TransInfo Description="Grass to Beach" HashKey="500101010101015001">
    <MapTiles>
      <MapTile TileID="54" AltIDMod="0" />
    </MapTiles>
    <StaticTiles />
  </TransInfo>
  <TransInfo Description="Grass to Beach" HashKey="010101500101500150">
    <MapTiles>
      <MapTile TileID="54" AltIDMod="0" />
    </MapTiles>
    <StaticTiles />
  </TransInfo>
  <TransInfo Description="Grass to Beach" HashKey="500101500101500150">
    <MapTiles>
      <MapTile TileID="54" AltIDMod="0" />
    </MapTiles>
    <StaticTiles />
  </TransInfo>
  <TransInfo Description="Grass to Beach" HashKey="500101010101015050">
    <MapTiles>
      <MapTile TileID="54" AltIDMod="0" />
    </MapTiles>
    <StaticTiles />
  </TransInfo>
  <TransInfo Description="Grass to Beach" HashKey="500101500101015050">
    <MapTiles>
      <MapTile TileID="54" AltIDMod="0" />
    </MapTiles>
    <StaticTiles />
  </TransInfo>
  <TransInfo Description="Grass to Beach" HashKey="010101500101015050">
    <MapTiles>
      <MapTile TileID="54" AltIDMod="0" />
    </MapTiles>
    <StaticTiles />
  </TransInfo>
  <TransInfo Description="Grass to Beach" HashKey="010101500101010150">
    <MapTiles>
      <MapTile TileID="54" AltIDMod="0" />
    </MapTiles>
    <StaticTiles />
  </TransInfo>
  <TransInfo Description="Grass to Beach" HashKey="500101010101500150">
    <MapTiles>
      <MapTile TileID="54" AltIDMod="0" />
    </MapTiles>
    <StaticTiles />
  </TransInfo>
  <TransInfo Description="Grass to Beach" HashKey="500101500101015001">
    <MapTiles>
      <MapTile TileID="54" AltIDMod="0" />
    </MapTiles>
    <StaticTiles />
  </TransInfo>
  <TransInfo Description="Grass to Beach" HashKey="505050010150010150">
    <MapTiles>
      <MapTile TileID="52" AltIDMod="0" />
    </MapTiles>
    <StaticTiles />
  </TransInfo>
  <TransInfo Description="Grass to Beach" HashKey="505050010150010101">
    <MapTiles>
      <MapTile TileID="52" AltIDMod="0" />
    </MapTiles>
    <StaticTiles />
  </TransInfo>
  <TransInfo Description="Grass to Beach" HashKey="015050010150010150">
    <MapTiles>
      <MapTile TileID="52" AltIDMod="0" />
    </MapTiles>
    <StaticTiles />
  </TransInfo>
  <TransInfo Description="Grass to Beach" HashKey="015050010150010101">
    <MapTiles>
      <MapTile TileID="52" AltIDMod="0" />
    </MapTiles>
    <StaticTiles />
  </TransInfo>
  <TransInfo Description="Grass to Beach" HashKey="500101010150010150">
    <MapTiles>
      <MapTile TileID="52" AltIDMod="0" />
    </MapTiles>
    <StaticTiles />
  </TransInfo>
  <TransInfo Description="Grass to Beach" HashKey="500150010150010101">
    <MapTiles>
      <MapTile TileID="52" AltIDMod="0" />
    </MapTiles>
    <StaticTiles />
  </TransInfo>
  <TransInfo Description="Grass to Beach" HashKey="500150010150010150">
    <MapTiles>
      <MapTile TileID="52" AltIDMod="0" />
    </MapTiles>
    <StaticTiles />
  </TransInfo>
  <TransInfo Description="Grass to Beach" HashKey="505001010101010150">
    <MapTiles>
      <MapTile TileID="52" AltIDMod="0" />
    </MapTiles>
    <StaticTiles />
  </TransInfo>
  <TransInfo Description="Grass to Beach" HashKey="015001010101010150">
    <MapTiles>
      <MapTile TileID="52" AltIDMod="0" />
    </MapTiles>
    <StaticTiles />
  </TransInfo>
  <TransInfo Description="Grass to Beach" HashKey="505050010101010150">
    <MapTiles>
      <MapTile TileID="52" AltIDMod="0" />
    </MapTiles>
    <StaticTiles />
  </TransInfo>
  <TransInfo Description="Grass to Beach" HashKey="505001010150010101">
    <MapTiles>
      <MapTile TileID="52" AltIDMod="0" />
    </MapTiles>
    <StaticTiles />
  </TransInfo>
  <TransInfo Description="Grass to Beach" HashKey="015050010101010150">
    <MapTiles>
      <MapTile TileID="52" AltIDMod="0" />
    </MapTiles>
    <StaticTiles />
  </TransInfo>
  <TransInfo Description="Grass to Beach" HashKey="015001010150010101">
    <MapTiles>
      <MapTile TileID="52" AltIDMod="0" />
    </MapTiles>
    <StaticTiles />
  </TransInfo>
  <TransInfo Description="Grass to Beach" HashKey="500101010150010101">
    <MapTiles>
      <MapTile TileID="52" AltIDMod="0" />
    </MapTiles>
    <StaticTiles />
  </TransInfo>
  <TransInfo Description="Grass to Beach" HashKey="500150010101010150">
    <MapTiles>
      <MapTile TileID="52" AltIDMod="0" />
    </MapTiles>
    <StaticTiles />
  </TransInfo>
  <TransInfo Description="Grass to Beach" HashKey="015001010150010150">
    <MapTiles>
      <MapTile TileID="52" AltIDMod="0" />
    </MapTiles>
    <StaticTiles />
  </TransInfo>
  <TransInfo Description="Grass to Beach" HashKey="505001010150010150">
    <MapTiles>
      <MapTile TileID="52" AltIDMod="0" />
    </MapTiles>
    <StaticTiles />
  </TransInfo>
  <TransInfo Description="Grass to Beach" HashKey="500101010101010101">
    <MapTiles>
      <MapTile TileID="62" AltIDMod="0" />
    </MapTiles>
    <StaticTiles />
  </TransInfo>
  <TransInfo Description="Grass to Beach" HashKey="010101010101010150">
    <MapTiles>
      <MapTile TileID="61" AltIDMod="0" />
    </MapTiles>
    <StaticTiles />
  </TransInfo>
  <TransInfo Description="Grass to Beach" HashKey="010150010101010101">
    <MapTiles>
      <MapTile TileID="59" AltIDMod="0" />
    </MapTiles>
    <StaticTiles />
  </TransInfo>
  <TransInfo Description="Grass to Beach" HashKey="010101010101500101">
    <MapTiles>
      <MapTile TileID="60" AltIDMod="0" />
    </MapTiles>
    <StaticTiles />
  </TransInfo>
</Trans>