﻿<?xml version="1.0" encoding="utf-8"?>
<Trans>
    <TransInfo Description="Grass to Snow" HashKey="0C0C0C010101010101">
    <MapTiles>
      <MapTile TileID="1474" AltIDMod="0" />
    </MapTiles>
    <StaticTiles />
  </TransInfo>
  <TransInfo Description="Grass to Snow" HashKey="010C0C010101010101">
    <MapTiles>
      <MapTile TileID="1474" AltIDMod="0" />
    </MapTiles>
    <StaticTiles />
  </TransInfo>
  <TransInfo Description="Grass to Snow" HashKey="0C0C01010101010101">
    <MapTiles>
      <MapTile TileID="1474" AltIDMod="0" />
    </MapTiles>
    <StaticTiles />
  </TransInfo>
  <TransInfo Description="Grass to Snow" HashKey="010C01010101010101">
    <MapTiles>
      <MapTile TileID="1474" AltIDMod="0" />
    </MapTiles>
    <StaticTiles />
  </TransInfo>
  <TransInfo Description="Grass to Snow" HashKey="0C010C010101010101">
    <MapTiles>
      <MapTile TileID="1474" AltIDMod="0" />
    </MapTiles>
    <StaticTiles />
  </TransInfo>
  <TransInfo Description="Grass to Snow" HashKey="0C01010C01010C0101">
    <MapTiles>
      <MapTile TileID="1473" AltIDMod="0" />
    </MapTiles>
    <StaticTiles />
  </TransInfo>
  <TransInfo Description="Grass to Snow" HashKey="0C01010C0101010101">
    <MapTiles>
      <MapTile TileID="1473" AltIDMod="0" />
    </MapTiles>
    <StaticTiles />
  </TransInfo>
  <TransInfo Description="Grass to Snow" HashKey="0101010C01010C0101">
    <MapTiles>
      <MapTile TileID="1473" AltIDMod="0" />
    </MapTiles>
    <StaticTiles />
  </TransInfo>
  <TransInfo Description="Grass to Snow" HashKey="0101010C0101010101">
    <MapTiles>
      <MapTile TileID="1473" AltIDMod="0" />
    </MapTiles>
    <StaticTiles />
  </TransInfo>
  <TransInfo Description="Grass to Snow" HashKey="0C01010101010C0101">
    <MapTiles>
      <MapTile TileID="1473" AltIDMod="0" />
    </MapTiles>
    <StaticTiles />
  </TransInfo>
  <TransInfo Description="Grass to Snow" HashKey="01010C01010C01010C">
    <MapTiles>
      <MapTile TileID="1472" AltIDMod="0" />
    </MapTiles>
    <StaticTiles />
  </TransInfo>
  <TransInfo Description="Grass to Snow" HashKey="01010101010C01010C">
    <MapTiles>
      <MapTile TileID="1472" AltIDMod="0" />
    </MapTiles>
    <StaticTiles />
  </TransInfo>
  <TransInfo Description="Grass to Snow" HashKey="01010C01010C010101">
    <MapTiles>
      <MapTile TileID="1472" AltIDMod="0" />
    </MapTiles>
    <StaticTiles />
  </TransInfo>
  <TransInfo Description="Grass to Snow" HashKey="01010101010C010101">
    <MapTiles>
      <MapTile TileID="1472" AltIDMod="0" />
    </MapTiles>
    <StaticTiles />
  </TransInfo>
  <TransInfo Description="Grass to Snow" HashKey="01010C01010101010C">
    <MapTiles>
      <MapTile TileID="1472" AltIDMod="0" />
    </MapTiles>
    <StaticTiles />
  </TransInfo>
  <TransInfo Description="Grass to Snow" HashKey="0101010101010C0C0C">
    <MapTiles>
      <MapTile TileID="1471" AltIDMod="0" />
    </MapTiles>
    <StaticTiles />
  </TransInfo>
  <TransInfo Description="Grass to Snow" HashKey="0101010101010C0C01">
    <MapTiles>
      <MapTile TileID="1471" AltIDMod="0" />
    </MapTiles>
    <StaticTiles />
  </TransInfo>
  <TransInfo Description="Grass to Snow" HashKey="010101010101010C0C">
    <MapTiles>
      <MapTile TileID="1471" AltIDMod="0" />
    </MapTiles>
    <StaticTiles />
  </TransInfo>
  <TransInfo Description="Grass to Snow" HashKey="010101010101010C01">
    <MapTiles>
      <MapTile TileID="1471" AltIDMod="0" />
    </MapTiles>
    <StaticTiles />
  </TransInfo>
  <TransInfo Description="Grass to Snow" HashKey="0101010101010C010C">
    <MapTiles>
      <MapTile TileID="1471" AltIDMod="0" />
    </MapTiles>
    <StaticTiles />
  </TransInfo>
  <TransInfo Description="Grass to Snow" HashKey="01010C01010C0C0C0C">
    <MapTiles>
      <MapTile TileID="1479" AltIDMod="0" />
    </MapTiles>
    <StaticTiles />
  </TransInfo>
  <TransInfo Description="Grass to Snow" HashKey="01010101010C0C0C0C">
    <MapTiles>
      <MapTile TileID="1479" AltIDMod="0" />
    </MapTiles>
    <StaticTiles />
  </TransInfo>
  <TransInfo Description="Grass to Snow" HashKey="01010C01010C010C0C">
    <MapTiles>
      <MapTile TileID="1479" AltIDMod="0" />
    </MapTiles>
    <StaticTiles />
  </TransInfo>
  <TransInfo Description="Grass to Snow" HashKey="01010101010C010C0C">
    <MapTiles>
      <MapTile TileID="1479" AltIDMod="0" />
    </MapTiles>
    <StaticTiles />
  </TransInfo>
  <TransInfo Description="Grass to Snow" HashKey="01010101010C010C01">
    <MapTiles>
      <MapTile TileID="1479" AltIDMod="0" />
    </MapTiles>
    <StaticTiles />
  </TransInfo>
  <TransInfo Description="Grass to Snow" HashKey="01010C010101010C0C">
    <MapTiles>
      <MapTile TileID="1479" AltIDMod="0" />
    </MapTiles>
    <StaticTiles />
  </TransInfo>
  <TransInfo Description="Grass to Snow" HashKey="01010C0101010C0C0C">
    <MapTiles>
      <MapTile TileID="1479" AltIDMod="0" />
    </MapTiles>
    <StaticTiles />
  </TransInfo>
  <TransInfo Description="Grass to Snow" HashKey="01010C0101010C0C01">
    <MapTiles>
      <MapTile TileID="1479" AltIDMod="0" />
    </MapTiles>
    <StaticTiles />
  </TransInfo>
  <TransInfo Description="Grass to Snow" HashKey="01010101010C0C010C">
    <MapTiles>
      <MapTile TileID="1479" AltIDMod="0" />
    </MapTiles>
    <StaticTiles />
  </TransInfo>
  <TransInfo Description="Grass to Snow" HashKey="01010C01010C0C010C">
    <MapTiles>
      <MapTile TileID="1479" AltIDMod="0" />
    </MapTiles>
    <StaticTiles />
  </TransInfo>
  <TransInfo Description="Grass to Snow" HashKey="01010C01010C0C0C01">
    <MapTiles>
      <MapTile TileID="1479" AltIDMod="0" />
    </MapTiles>
    <StaticTiles />
  </TransInfo>
  <TransInfo Description="Grass to Snow" HashKey="01010C01010C0C0101">
    <MapTiles>
      <MapTile TileID="1479" AltIDMod="0" />
    </MapTiles>
    <StaticTiles />
  </TransInfo>
  <TransInfo Description="Grass to Snow" HashKey="01010C010101010C01">
    <MapTiles>
      <MapTile TileID="1479" AltIDMod="0" />
    </MapTiles>
    <StaticTiles />
  </TransInfo>
  <TransInfo Description="Grass to Snow" HashKey="01010101010C0C0101">
    <MapTiles>
      <MapTile TileID="1479" AltIDMod="0" />
    </MapTiles>
    <StaticTiles />
  </TransInfo>
  <TransInfo Description="Grass to Snow" HashKey="01010C01010C010C01">
    <MapTiles>
      <MapTile TileID="1479" AltIDMod="0" />
    </MapTiles>
    <StaticTiles />
  </TransInfo>
  <TransInfo Description="Grass to Snow" HashKey="01010C0101010C010C">
    <MapTiles>
      <MapTile TileID="1479" AltIDMod="0" />
    </MapTiles>
    <StaticTiles />
  </TransInfo>
  <TransInfo Description="Grass to Snow" HashKey="01010101010C0C0C01">
    <MapTiles>
      <MapTile TileID="1479" AltIDMod="0" />
    </MapTiles>
    <StaticTiles />
  </TransInfo>
  <TransInfo Description="Grass to Snow" HashKey="0C0C0C0C01010C0101">
    <MapTiles>
      <MapTile TileID="1480" AltIDMod="0" />
    </MapTiles>
    <StaticTiles />
  </TransInfo>
  <TransInfo Description="Grass to Snow" HashKey="0C0C010C01010C0101">
    <MapTiles>
      <MapTile TileID="1480" AltIDMod="0" />
    </MapTiles>
    <StaticTiles />
  </TransInfo>
  <TransInfo Description="Grass to Snow" HashKey="0C0C0C0C0101010101">
    <MapTiles>
      <MapTile TileID="1480" AltIDMod="0" />
    </MapTiles>
    <StaticTiles />
  </TransInfo>
  <TransInfo Description="Grass to Snow" HashKey="0C0C010C0101010101">
    <MapTiles>
      <MapTile TileID="1480" AltIDMod="0" />
    </MapTiles>
    <StaticTiles />
  </TransInfo>
  <TransInfo Description="Grass to Snow" HashKey="0C010C0C0101010101">
    <MapTiles>
      <MapTile TileID="1480" AltIDMod="0" />
    </MapTiles>
    <StaticTiles />
  </TransInfo>
  <TransInfo Description="Grass to Snow" HashKey="0C0C010101010C0101">
    <MapTiles>
      <MapTile TileID="1480" AltIDMod="0" />
    </MapTiles>
    <StaticTiles />
  </TransInfo>
  <TransInfo Description="Grass to Snow" HashKey="010C0C0101010C0101">
    <MapTiles>
      <MapTile TileID="1480" AltIDMod="0" />
    </MapTiles>
    <StaticTiles />
  </TransInfo>
  <TransInfo Description="Grass to Snow" HashKey="0C010C0101010C0101">
    <MapTiles>
      <MapTile TileID="1480" AltIDMod="0" />
    </MapTiles>
    <StaticTiles />
  </TransInfo>
  <TransInfo Description="Grass to Snow" HashKey="0C0C0C0101010C0101">
    <MapTiles>
      <MapTile TileID="1480" AltIDMod="0" />
    </MapTiles>
    <StaticTiles />
  </TransInfo>
  <TransInfo Description="Grass to Snow" HashKey="010C010C0101010101">
    <MapTiles>
      <MapTile TileID="1480" AltIDMod="0" />
    </MapTiles>
    <StaticTiles />
  </TransInfo>
  <TransInfo Description="Grass to Snow" HashKey="0C010C0C01010C0101">
    <MapTiles>
      <MapTile TileID="1480" AltIDMod="0" />
    </MapTiles>
    <StaticTiles />
  </TransInfo>
  <TransInfo Description="Grass to Snow" HashKey="01010C0C01010C0101">
    <MapTiles>
      <MapTile TileID="1480" AltIDMod="0" />
    </MapTiles>
    <StaticTiles />
  </TransInfo>
  <TransInfo Description="Grass to Snow" HashKey="010C0C0C01010C0101">
    <MapTiles>
      <MapTile TileID="1480" AltIDMod="0" />
    </MapTiles>
    <StaticTiles />
  </TransInfo>
  <TransInfo Description="Grass to Snow" HashKey="01010C0C0101010101">
    <MapTiles>
      <MapTile TileID="1480" AltIDMod="0" />
    </MapTiles>
    <StaticTiles />
  </TransInfo>
  <TransInfo Description="Grass to Snow" HashKey="010C010C01010C0101">
    <MapTiles>
      <MapTile TileID="1480" AltIDMod="0" />
    </MapTiles>
    <StaticTiles />
  </TransInfo>
  <TransInfo Description="Grass to Snow" HashKey="010C010101010C0101">
    <MapTiles>
      <MapTile TileID="1480" AltIDMod="0" />
    </MapTiles>
    <StaticTiles />
  </TransInfo>
  <TransInfo Description="Grass to Snow" HashKey="010C0C0C0101010101">
    <MapTiles>
      <MapTile TileID="1480" AltIDMod="0" />
    </MapTiles>
    <StaticTiles />
  </TransInfo>
  <TransInfo Description="Grass to Snow" HashKey="0C01010C01010C0C0C">
    <MapTiles>
      <MapTile TileID="1481" AltIDMod="0" />
    </MapTiles>
    <StaticTiles />
  </TransInfo>
  <TransInfo Description="Grass to Snow" HashKey="0101010C01010C0C0C">
    <MapTiles>
      <MapTile TileID="1481" AltIDMod="0" />
    </MapTiles>
    <StaticTiles />
  </TransInfo>
  <TransInfo Description="Grass to Snow" HashKey="0C01010C01010C0C01">
    <MapTiles>
      <MapTile TileID="1481" AltIDMod="0" />
    </MapTiles>
    <StaticTiles />
  </TransInfo>
  <TransInfo Description="Grass to Snow" HashKey="0101010C01010C0C01">
    <MapTiles>
      <MapTile TileID="1481" AltIDMod="0" />
    </MapTiles>
    <StaticTiles />
  </TransInfo>
  <TransInfo Description="Grass to Snow" HashKey="0101010C0101010C01">
    <MapTiles>
      <MapTile TileID="1481" AltIDMod="0" />
    </MapTiles>
    <StaticTiles />
  </TransInfo>
  <TransInfo Description="Grass to Snow" HashKey="0C01010C010101010C">
    <MapTiles>
      <MapTile TileID="1481" AltIDMod="0" />
    </MapTiles>
    <StaticTiles />
  </TransInfo>
  <TransInfo Description="Grass to Snow" HashKey="0C01010101010C0C0C">
    <MapTiles>
      <MapTile TileID="1481" AltIDMod="0" />
    </MapTiles>
    <StaticTiles />
  </TransInfo>
  <TransInfo Description="Grass to Snow" HashKey="0C01010101010C0C01">
    <MapTiles>
      <MapTile TileID="1481" AltIDMod="0" />
    </MapTiles>
    <StaticTiles />
  </TransInfo>
  <TransInfo Description="Grass to Snow" HashKey="0C0101010101010C01">
    <MapTiles>
      <MapTile TileID="1481" AltIDMod="0" />
    </MapTiles>
    <StaticTiles />
  </TransInfo>
  <TransInfo Description="Grass to Snow" HashKey="0101010C01010C010C">
    <MapTiles>
      <MapTile TileID="1481" AltIDMod="0" />
    </MapTiles>
    <StaticTiles />
  </TransInfo>
  <TransInfo Description="Grass to Snow" HashKey="0C01010C01010C010C">
    <MapTiles>
      <MapTile TileID="1481" AltIDMod="0" />
    </MapTiles>
    <StaticTiles />
  </TransInfo>
  <TransInfo Description="Grass to Snow" HashKey="0C0101010101010C0C">
    <MapTiles>
      <MapTile TileID="1481" AltIDMod="0" />
    </MapTiles>
    <StaticTiles />
  </TransInfo>
  <TransInfo Description="Grass to Snow" HashKey="0C01010C0101010C0C">
    <MapTiles>
      <MapTile TileID="1481" AltIDMod="0" />
    </MapTiles>
    <StaticTiles />
  </TransInfo>
  <TransInfo Description="Grass to Snow" HashKey="0101010C0101010C0C">
    <MapTiles>
      <MapTile TileID="1481" AltIDMod="0" />
    </MapTiles>
    <StaticTiles />
  </TransInfo>
  <TransInfo Description="Grass to Snow" HashKey="0101010C010101010C">
    <MapTiles>
      <MapTile TileID="1481" AltIDMod="0" />
    </MapTiles>
    <StaticTiles />
  </TransInfo>
  <TransInfo Description="Grass to Snow" HashKey="0C01010101010C010C">
    <MapTiles>
      <MapTile TileID="1481" AltIDMod="0" />
    </MapTiles>
    <StaticTiles />
  </TransInfo>
  <TransInfo Description="Grass to Snow" HashKey="0C01010C0101010C01">
    <MapTiles>
      <MapTile TileID="1481" AltIDMod="0" />
    </MapTiles>
    <StaticTiles />
  </TransInfo>
  <TransInfo Description="Grass to Snow" HashKey="0C0C0C01010C01010C">
    <MapTiles>
      <MapTile TileID="1482" AltIDMod="0" />
    </MapTiles>
    <StaticTiles />
  </TransInfo>
  <TransInfo Description="Grass to Snow" HashKey="0C0C0C01010C010101">
    <MapTiles>
      <MapTile TileID="1482" AltIDMod="0" />
    </MapTiles>
    <StaticTiles />
  </TransInfo>
  <TransInfo Description="Grass to Snow" HashKey="010C0C01010C01010C">
    <MapTiles>
      <MapTile TileID="1482" AltIDMod="0" />
    </MapTiles>
    <StaticTiles />
  </TransInfo>
  <TransInfo Description="Grass to Snow" HashKey="010C0C01010C010101">
    <MapTiles>
      <MapTile TileID="1482" AltIDMod="0" />
    </MapTiles>
    <StaticTiles />
  </TransInfo>
  <TransInfo Description="Grass to Snow" HashKey="0C010101010C01010C">
    <MapTiles>
      <MapTile TileID="1482" AltIDMod="0" />
    </MapTiles>
    <StaticTiles />
  </TransInfo>
  <TransInfo Description="Grass to Snow" HashKey="0C010C01010C010101">
    <MapTiles>
      <MapTile TileID="1482" AltIDMod="0" />
    </MapTiles>
    <StaticTiles />
  </TransInfo>
  <TransInfo Description="Grass to Snow" HashKey="0C010C01010C01010C">
    <MapTiles>
      <MapTile TileID="1482" AltIDMod="0" />
    </MapTiles>
    <StaticTiles />
  </TransInfo>
  <TransInfo Description="Grass to Snow" HashKey="0C0C0101010101010C">
    <MapTiles>
      <MapTile TileID="1482" AltIDMod="0" />
    </MapTiles>
    <StaticTiles />
  </TransInfo>
  <TransInfo Description="Grass to Snow" HashKey="010C0101010101010C">
    <MapTiles>
      <MapTile TileID="1482" AltIDMod="0" />
    </MapTiles>
    <StaticTiles />
  </TransInfo>
  <TransInfo Description="Grass to Snow" HashKey="0C0C0C01010101010C">
    <MapTiles>
      <MapTile TileID="1482" AltIDMod="0" />
    </MapTiles>
    <StaticTiles />
  </TransInfo>
  <TransInfo Description="Grass to Snow" HashKey="0C0C0101010C010101">
    <MapTiles>
      <MapTile TileID="1482" AltIDMod="0" />
    </MapTiles>
    <StaticTiles />
  </TransInfo>
  <TransInfo Description="Grass to Snow" HashKey="010C0C01010101010C">
    <MapTiles>
      <MapTile TileID="1482" AltIDMod="0" />
    </MapTiles>
    <StaticTiles />
  </TransInfo>
  <TransInfo Description="Grass to Snow" HashKey="010C0101010C010101">
    <MapTiles>
      <MapTile TileID="1482" AltIDMod="0" />
    </MapTiles>
    <StaticTiles />
  </TransInfo>
  <TransInfo Description="Grass to Snow" HashKey="0C010101010C010101">
    <MapTiles>
      <MapTile TileID="1482" AltIDMod="0" />
    </MapTiles>
    <StaticTiles />
  </TransInfo>
  <TransInfo Description="Grass to Snow" HashKey="0C010C01010101010C">
    <MapTiles>
      <MapTile TileID="1482" AltIDMod="0" />
    </MapTiles>
    <StaticTiles />
  </TransInfo>
  <TransInfo Description="Grass to Snow" HashKey="010C0101010C01010C">
    <MapTiles>
      <MapTile TileID="1482" AltIDMod="0" />
    </MapTiles>
    <StaticTiles />
  </TransInfo>
  <TransInfo Description="Grass to Snow" HashKey="0C0C0101010C01010C">
    <MapTiles>
      <MapTile TileID="1482" AltIDMod="0" />
    </MapTiles>
    <StaticTiles />
  </TransInfo>
  <TransInfo Description="Grass to Snow" HashKey="0C0101010101010101">
    <MapTiles>
      <MapTile TileID="1475" AltIDMod="0" />
    </MapTiles>
    <StaticTiles />
  </TransInfo>
  <TransInfo Description="Grass to Snow" HashKey="01010101010101010C">
    <MapTiles>
      <MapTile TileID="1476" AltIDMod="0" />
    </MapTiles>
    <StaticTiles />
  </TransInfo>
  <TransInfo Description="Grass to Snow" HashKey="01010C010101010101">
    <MapTiles>
      <MapTile TileID="1477" AltIDMod="0" />
    </MapTiles>
    <StaticTiles />
  </TransInfo>
  <TransInfo Description="Grass to Snow" HashKey="0101010101010C0101">
    <MapTiles>
      <MapTile TileID="1478" AltIDMod="0" />
    </MapTiles>
    <StaticTiles />
  </TransInfo>
</Trans>