﻿<?xml version="1.0" encoding="utf-8"?>
<Trans>
  <TransInfo Description="Dungeon Cave To Blank" HashKey="151313151313151513">
    <MapTiles>
      <MapTile TileID="580" AltIDMod="0" />
    </MapTiles>
    <StaticTiles />
  </TransInfo>
  <TransInfo Description="Dungeon Cave To Blank" HashKey="151313151313131313">
    <MapTiles>
      <MapTile TileID="580" AltIDMod="0" />
    </MapTiles>
    <StaticTiles />
  </TransInfo>
  <TransInfo Description="Dungeon Cave To Blank" HashKey="131515131515151515">
    <MapTiles>
      <MapTile TileID="581" AltIDMod="0" />
    </MapTiles>
    <StaticTiles>
      <StaticTile TileID="604" AltIDMod="0" />
      <StaticTile TileID="606" AltIDMod="0" />
      <StaticTile TileID="608" AltIDMod="0" />
      <StaticTile TileID="614" AltIDMod="0" />
      <StaticTile TileID="615" AltIDMod="0" />
      <StaticTile TileID="618" AltIDMod="0" />
    </StaticTiles>
  </TransInfo>
  <TransInfo Description="Dungeon Cave To Blank" HashKey="151313151313151515">
    <MapTiles>
      <MapTile TileID="580" AltIDMod="0" />
    </MapTiles>
    <StaticTiles />
  </TransInfo>
  <TransInfo Description="Dungeon Cave To Blank" HashKey="131515131515131515">
    <MapTiles>
      <MapTile TileID="581" AltIDMod="0" />
    </MapTiles>
    <StaticTiles>
      <StaticTile TileID="604" AltIDMod="0" />
      <StaticTile TileID="606" AltIDMod="0" />
      <StaticTile TileID="608" AltIDMod="0" />
      <StaticTile TileID="614" AltIDMod="0" />
      <StaticTile TileID="615" AltIDMod="0" />
      <StaticTile TileID="618" AltIDMod="0" />
    </StaticTiles>
  </TransInfo>
  <TransInfo Description="Dungeon Cave To Blank" HashKey="131315131315131515">
    <MapTiles>
      <MapTile TileID="580" AltIDMod="0" />
    </MapTiles>
    <StaticTiles />
  </TransInfo>
  <TransInfo Description="Dungeon Cave To Blank" HashKey="131313131313151513">
    <MapTiles>
      <MapTile TileID="580" AltIDMod="0" />
    </MapTiles>
    <StaticTiles />
  </TransInfo>
  <TransInfo Description="Dungeon Cave To Blank" HashKey="151515131515131313">
    <MapTiles>
      <MapTile TileID="587" AltIDMod="0" />
    </MapTiles>
    <StaticTiles />
  </TransInfo>
  <TransInfo Description="Dungeon Cave To Blank" HashKey="151513131313131313">
    <MapTiles>
      <MapTile TileID="580" AltIDMod="0" />
    </MapTiles>
    <StaticTiles />
  </TransInfo>
  <TransInfo Description="Dungeon Cave To Blank" HashKey="131315131313131313">
    <MapTiles>
      <MapTile TileID="580" AltIDMod="0" />
    </MapTiles>
    <StaticTiles />
  </TransInfo>
  <TransInfo Description="Dungeon Cave To Blank" HashKey="131313131313151515">
    <MapTiles>
      <MapTile TileID="580" AltIDMod="0" />
    </MapTiles>
    <StaticTiles />
  </TransInfo>
  <TransInfo Description="Dungeon Cave To Blank" HashKey="151513151513151515">
    <MapTiles>
      <MapTile TileID="597" AltIDMod="0" />
    </MapTiles>
    <StaticTiles />
  </TransInfo>
  <TransInfo Description="Dungeon Cave To Blank" HashKey="151513151515151515">
    <MapTiles>
      <MapTile TileID="581" AltIDMod="0" />
    </MapTiles>
    <StaticTiles />
  </TransInfo>
  <TransInfo Description="Dungeon Cave To Blank" HashKey="151515131515131315">
    <MapTiles>
      <MapTile TileID="581" AltIDMod="0" />
    </MapTiles>
    <StaticTiles>
      <StaticTile TileID="2272" AltIDMod="0" />
      <StaticTile TileID="2273" AltIDMod="0" />
      <StaticTile TileID="2274" AltIDMod="0" />
      <StaticTile TileID="2279" AltIDMod="0" />
      <StaticTile TileID="2280" AltIDMod="0" />
    </StaticTiles>
  </TransInfo>
  <TransInfo Description="Dungeon Cave To Blank" HashKey="131313131515151515">
    <MapTiles>
      <MapTile TileID="581" AltIDMod="0" />
    </MapTiles>
    <StaticTiles>
      <StaticTile TileID="610" AltIDMod="0" />
      <StaticTile TileID="616" AltIDMod="0" />
      <StaticTile TileID="611" AltIDMod="0" />
    </StaticTiles>
  </TransInfo>
  <TransInfo Description="Dungeon Cave To Blank" HashKey="131313131315131315">
    <MapTiles>
      <MapTile TileID="580" AltIDMod="0" />
    </MapTiles>
    <StaticTiles />
  </TransInfo>
  <TransInfo Description="Dungeon Cave To Blank" HashKey="131313151313151313">
    <MapTiles>
      <MapTile TileID="580" AltIDMod="0" />
    </MapTiles>
    <StaticTiles />
  </TransInfo>
  <TransInfo Description="Dungeon Cave To Blank" HashKey="151513151513151513">
    <MapTiles>
      <MapTile TileID="596" AltIDMod="0" />
      <MapTile TileID="597" AltIDMod="0" />
      <MapTile TileID="598" AltIDMod="0" />
    </MapTiles>
    <StaticTiles />
  </TransInfo>
  <TransInfo Description="Dungeon Cave To Blank" HashKey="151515151513151313">
    <MapTiles>
      <MapTile TileID="586" AltIDMod="0" />
    </MapTiles>
    <StaticTiles />
  </TransInfo>
  <TransInfo Description="Dungeon Cave To Blank" HashKey="151515131313131313">
    <MapTiles>
      <MapTile TileID="580" AltIDMod="0" />
    </MapTiles>
    <StaticTiles />
  </TransInfo>
  <TransInfo Description="Dungeon Cave To Blank" HashKey="151515151515131515">
    <MapTiles>
      <MapTile TileID="581" AltIDMod="0" />
    </MapTiles>
    <StaticTiles />
  </TransInfo>
  <TransInfo Description="Dungeon Cave To Blank" HashKey="151515151515151513">
    <MapTiles>
      <MapTile TileID="581" AltIDMod="0" />
    </MapTiles>
    <StaticTiles />
  </TransInfo>
  <TransInfo Description="Dungeon Cave To Blank" HashKey="151515151515151313">
    <MapTiles>
      <MapTile TileID="591" AltIDMod="0" />
    </MapTiles>
    <StaticTiles />
  </TransInfo>
  <TransInfo Description="Dungeon Cave To Blank" HashKey="131313131315151515">
    <MapTiles>
      <MapTile TileID="580" AltIDMod="0" />
    </MapTiles>
    <StaticTiles />
  </TransInfo>
  <TransInfo Description="Dungeon Cave To Blank" HashKey="151515151313131313">
    <MapTiles>
      <MapTile TileID="580" AltIDMod="0" />
    </MapTiles>
    <StaticTiles />
  </TransInfo>
  <TransInfo Description="Dungeon Cave To Blank" HashKey="151515151515131315">
    <MapTiles>
      <MapTile TileID="595" AltIDMod="0" />
    </MapTiles>
    <StaticTiles />
  </TransInfo>
  <TransInfo Description="Dungeon Cave To Blank" HashKey="131515151515151515">
    <MapTiles>
      <MapTile TileID="581" AltIDMod="0" />
    </MapTiles>
    <StaticTiles>
      <StaticTile TileID="612" AltIDMod="0" />
    </StaticTiles>
  </TransInfo>
  <TransInfo Description="Dungeon Cave To Blank" HashKey="131515131315131315">
    <MapTiles>
      <MapTile TileID="580" AltIDMod="0" />
    </MapTiles>
    <StaticTiles />
  </TransInfo>
  <TransInfo Description="Dungeon Cave To Blank" HashKey="151515131315131313">
    <MapTiles>
      <MapTile TileID="580" AltIDMod="0" />
    </MapTiles>
    <StaticTiles />
  </TransInfo>
  <TransInfo Description="Dungeon Cave To Blank" HashKey="151313151513151515">
    <MapTiles>
      <MapTile TileID="581" AltIDMod="0" />
    </MapTiles>
    <StaticTiles>
      <StaticTile TileID="2272" AltIDMod="0" />
      <StaticTile TileID="2273" AltIDMod="0" />
      <StaticTile TileID="2274" AltIDMod="0" />
      <StaticTile TileID="2279" AltIDMod="0" />
      <StaticTile TileID="2280" AltIDMod="0" />
    </StaticTiles>
  </TransInfo>
  <TransInfo Description="Dungeon Cave To Blank" HashKey="151515151515131313">
    <MapTiles>
      <MapTile TileID="590" AltIDMod="0" />
      <MapTile TileID="591" AltIDMod="0" />
      <MapTile TileID="595" AltIDMod="0" />
    </MapTiles>
    <StaticTiles />
  </TransInfo>
  <TransInfo Description="Dungeon Cave To Blank" HashKey="151313151515151515">
    <MapTiles>
      <MapTile TileID="581" AltIDMod="0" />
    </MapTiles>
    <StaticTiles>
      <StaticTile TileID="605" AltIDMod="0" />
      <StaticTile TileID="607" AltIDMod="0" />
      <StaticTile TileID="609" AltIDMod="0" />
      <StaticTile TileID="613" AltIDMod="0" />
      <StaticTile TileID="617" AltIDMod="0" />
    </StaticTiles>
  </TransInfo>
  <TransInfo Description="Dungeon Cave To Blank" HashKey="131515131315131313">
    <MapTiles>
      <MapTile TileID="580" AltIDMod="0" />
    </MapTiles>
    <StaticTiles />
  </TransInfo>
  <TransInfo Description="Dungeon Cave To Blank" HashKey="151513151513151313">
    <MapTiles>
      <MapTile TileID="586" AltIDMod="0" />
    </MapTiles>
    <StaticTiles />
  </TransInfo>
  <TransInfo Description="Dungeon Cave To Blank" HashKey="151313151513151513">
    <MapTiles>
      <MapTile TileID="588" AltIDMod="0" />
    </MapTiles>
    <StaticTiles />
  </TransInfo>
  <TransInfo Description="Dungeon Cave To Blank" HashKey="131313151515151515">
    <MapTiles>
      <MapTile TileID="581" AltIDMod="0" />
    </MapTiles>
    <StaticTiles>
      <StaticTile TileID="605" AltIDMod="0" />
      <StaticTile TileID="607" AltIDMod="0" />
      <StaticTile TileID="609" AltIDMod="0" />
      <StaticTile TileID="613" AltIDMod="0" />
      <StaticTile TileID="617" AltIDMod="0" />
    </StaticTiles>
  </TransInfo>
  <TransInfo Description="Dungeon Cave To Blank" HashKey="131313151513151513">
    <MapTiles>
      <MapTile TileID="581" AltIDMod="0" />
    </MapTiles>
    <StaticTiles>
      <StaticTile TileID="2280" AltIDMod="0" />
      <StaticTile TileID="2273" AltIDMod="0" />
      <StaticTile TileID="2272" AltIDMod="0" />
    </StaticTiles>
  </TransInfo>
  <TransInfo Description="Dungeon Cave To Blank" HashKey="151513151313131313">
    <MapTiles>
      <MapTile TileID="580" AltIDMod="0" />
    </MapTiles>
    <StaticTiles />
  </TransInfo>
  <TransInfo Description="Dungeon Cave To Blank" HashKey="131313131313151313">
    <MapTiles>
      <MapTile TileID="580" AltIDMod="0" />
    </MapTiles>
    <StaticTiles />
  </TransInfo>
  <TransInfo Description="Dungeon Cave To Blank" HashKey="131313151513151515">
    <MapTiles>
      <MapTile TileID="581" AltIDMod="0" />
    </MapTiles>
    <StaticTiles>
      <StaticTile TileID="2272" AltIDMod="0" />
      <StaticTile TileID="2273" AltIDMod="0" />
      <StaticTile TileID="2274" AltIDMod="0" />
      <StaticTile TileID="2279" AltIDMod="0" />
      <StaticTile TileID="2280" AltIDMod="0" />
    </StaticTiles>
  </TransInfo>
  <TransInfo Description="Dungeon Cave To Blank" HashKey="131313131313131315">
    <MapTiles>
      <MapTile TileID="580" AltIDMod="0" />
    </MapTiles>
    <StaticTiles />
  </TransInfo>
  <TransInfo Description="Dungeon Cave To Blank" HashKey="151313131313131313">
    <MapTiles>
      <MapTile TileID="580" AltIDMod="0" />
    </MapTiles>
    <StaticTiles />
  </TransInfo>
  <TransInfo Description="Dungeon Cave To Blank" HashKey="131515131313131313">
    <MapTiles>
      <MapTile TileID="580" AltIDMod="0" />
    </MapTiles>
    <StaticTiles />
  </TransInfo>
  <TransInfo Description="Dungeon Cave To Blank" HashKey="131313151313151513">
    <MapTiles>
      <MapTile TileID="580" AltIDMod="0" />
    </MapTiles>
    <StaticTiles />
  </TransInfo>
  <TransInfo Description="Dungeon Cave To Blank" HashKey="151515151513151513">
    <MapTiles>
      <MapTile TileID="598" AltIDMod="0" />
    </MapTiles>
    <StaticTiles />
  </TransInfo>
  <TransInfo Description="Dungeon Cave To Blank" HashKey="131515131515131315">
    <MapTiles>
      <MapTile TileID="581" AltIDMod="0" />
    </MapTiles>
    <StaticTiles>
      <StaticTile TileID="2272" AltIDMod="0" />
      <StaticTile TileID="2273" AltIDMod="0" />
      <StaticTile TileID="2274" AltIDMod="0" />
      <StaticTile TileID="2279" AltIDMod="0" />
      <StaticTile TileID="2280" AltIDMod="0" />
    </StaticTiles>
  </TransInfo>
  <TransInfo Description="Dungeon Cave To Blank" HashKey="131315131515131515">
    <MapTiles>
      <MapTile TileID="581" AltIDMod="0" />
    </MapTiles>
    <StaticTiles>
      <StaticTile TileID="610" AltIDMod="0" />
      <StaticTile TileID="616" AltIDMod="0" />
      <StaticTile TileID="611" AltIDMod="0" />
    </StaticTiles>
  </TransInfo>
  <TransInfo Description="Dungeon Cave To Blank" HashKey="131315131315131315">
    <MapTiles>
      <MapTile TileID="580" AltIDMod="0" />
    </MapTiles>
    <StaticTiles />
  </TransInfo>
  <TransInfo Description="Dungeon Cave To Blank" HashKey="131315131315131313">
    <MapTiles>
      <MapTile TileID="580" AltIDMod="0" />
    </MapTiles>
    <StaticTiles />
  </TransInfo>
  <TransInfo Description="Dungeon Cave To Blank" HashKey="131315151515151515">
    <MapTiles>
      <MapTile TileID="581" AltIDMod="0" />
    </MapTiles>
    <StaticTiles>
      <StaticTile TileID="605" AltIDMod="0" />
      <StaticTile TileID="613" AltIDMod="0" />
      <StaticTile TileID="617" AltIDMod="0" />
    </StaticTiles>
  </TransInfo>
  <TransInfo Description="Dungeon Cave To Blank" HashKey="151313151313151313">
    <MapTiles>
      <MapTile TileID="580" AltIDMod="0" />
    </MapTiles>
    <StaticTiles />
  </TransInfo>
  <TransInfo Description="Dungeon Cave To Blank" HashKey="131515131515131313">
    <MapTiles>
      <MapTile TileID="581" AltIDMod="0" />
    </MapTiles>
    <StaticTiles>
      <StaticTile TileID="2272" AltIDMod="0" />
      <StaticTile TileID="2273" AltIDMod="0" />
      <StaticTile TileID="2274" AltIDMod="0" />
      <StaticTile TileID="2279" AltIDMod="0" />
      <StaticTile TileID="2280" AltIDMod="0" />
    </StaticTiles>
  </TransInfo>
  <TransInfo Description="Dungeon Cave To Blank" HashKey="131315131515151515">
    <MapTiles>
      <MapTile TileID="581" AltIDMod="0" />
    </MapTiles>
    <StaticTiles>
      <StaticTile TileID="610" AltIDMod="0" />
      <StaticTile TileID="616" AltIDMod="0" />
      <StaticTile TileID="611" AltIDMod="0" />
    </StaticTiles>
  </TransInfo>
  <TransInfo Description="Dungeon Cave To Blank" HashKey="151513151313151313">
    <MapTiles>
      <MapTile TileID="580" AltIDMod="0" />
    </MapTiles>
    <StaticTiles />
  </TransInfo>
  <TransInfo Description="Dungeon Cave To Blank" HashKey="131313131313131515">
    <MapTiles>
      <MapTile TileID="580" AltIDMod="0" />
    </MapTiles>
    <StaticTiles />
  </TransInfo>
  <TransInfo Description="Dungeon Cave To Blank" HashKey="151515151513131313">
    <MapTiles>
      <MapTile TileID="586" AltIDMod="0" />
    </MapTiles>
    <StaticTiles />
  </TransInfo>
  <TransInfo Description="Dungeon Cave To Blank" HashKey="131313131315131515">
    <MapTiles>
      <MapTile TileID="580" AltIDMod="0" />
    </MapTiles>
    <StaticTiles />
  </TransInfo>
  <TransInfo Description="Dungeon Cave To Blank" HashKey="131313151313151515">
    <MapTiles>
      <MapTile TileID="580" AltIDMod="0" />
    </MapTiles>
    <StaticTiles />
  </TransInfo>
  <TransInfo Description="Dungeon Cave To Blank" HashKey="151515131515131515">
    <MapTiles>
      <MapTile TileID="581" AltIDMod="0" />
    </MapTiles>
    <StaticTiles>
      <StaticTile TileID="604" AltIDMod="0" />
      <StaticTile TileID="606" AltIDMod="0" />
      <StaticTile TileID="608" AltIDMod="0" />
      <StaticTile TileID="614" AltIDMod="0" />
      <StaticTile TileID="615" AltIDMod="0" />
      <StaticTile TileID="618" AltIDMod="0" />
    </StaticTiles>
  </TransInfo>
  <TransInfo Description="Dungeon Cave To Blank" HashKey="151513151513131313">
    <MapTiles>
      <MapTile TileID="586" AltIDMod="0" />
    </MapTiles>
    <StaticTiles />
  </TransInfo>
  <TransInfo Description="Dungeon Cave To Blank" HashKey="151515151313151313">
    <MapTiles>
      <MapTile TileID="580" AltIDMod="0" />
    </MapTiles>
    <StaticTiles />
  </TransInfo>
  <TransInfo Description="Dungeon Cave To Blank" HashKey="131315131315151515">
    <MapTiles>
      <MapTile TileID="580" AltIDMod="0" />
    </MapTiles>
    <StaticTiles />
  </TransInfo>
  <TransInfo Description="Dungeon Cave To Blank" HashKey="131313131515131515">
    <MapTiles>
      <MapTile TileID="581" AltIDMod="0" />
    </MapTiles>
    <StaticTiles>
      <StaticTile TileID="610" AltIDMod="0" />
      <StaticTile TileID="616" AltIDMod="0" />
      <StaticTile TileID="611" AltIDMod="0" />
    </StaticTiles>
  </TransInfo>
  <TransInfo Description="Dungeon Cave To Blank" HashKey="151515131315131315">
    <MapTiles>
      <MapTile TileID="580" AltIDMod="0" />
    </MapTiles>
    <StaticTiles />
  </TransInfo>
</Trans>