﻿<?xml version="1.0" encoding="utf-8"?>
<Trans>
  <TransInfo Description="Red Brick To Blank" HashKey="132222131313131313">
    <MapTiles>
      <MapTile TileID="580" AltIDMod="0" />
    </MapTiles>
    <StaticTiles />
  </TransInfo>
  <TransInfo Description="Red Brick To Blank" HashKey="222213221313131313">
    <MapTiles>
      <MapTile TileID="580" AltIDMod="0" />
    </MapTiles>
    <StaticTiles />
  </TransInfo>
  <TransInfo Description="Red Brick To Blank" HashKey="221313131313131313">
    <MapTiles>
      <MapTile TileID="580" AltIDMod="0" />
    </MapTiles>
    <StaticTiles />
  </TransInfo>
  <TransInfo Description="Red Brick To Blank" HashKey="221313222222222222">
    <MapTiles>
      <MapTile TileID="1146" AltIDMod="0" />
    </MapTiles>
    <StaticTiles />
  </TransInfo>
  <TransInfo Description="Red Brick To Blank" HashKey="222222221313131313">
    <MapTiles>
      <MapTile TileID="580" AltIDMod="0" />
    </MapTiles>
    <StaticTiles />
  </TransInfo>
  <TransInfo Description="Red Brick To Blank" HashKey="131322131322131313">
    <MapTiles>
      <MapTile TileID="580" AltIDMod="0" />
    </MapTiles>
    <StaticTiles>
      <StaticTile TileID="53" AltIDMod="0" />
    </StaticTiles>
  </TransInfo>
  <TransInfo Description="Red Brick To Blank" HashKey="131322131313131313">
    <MapTiles>
      <MapTile TileID="580" AltIDMod="0" />
    </MapTiles>
    <StaticTiles />
  </TransInfo>
  <TransInfo Description="Red Brick To Blank" HashKey="131313131322222222">
    <MapTiles>
      <MapTile TileID="580" AltIDMod="0" />
    </MapTiles>
    <StaticTiles>
      <StaticTile TileID="51" AltIDMod="0" />
    </StaticTiles>
  </TransInfo>
  <TransInfo Description="Red Brick To Blank" HashKey="222213131313131313">
    <MapTiles>
      <MapTile TileID="580" AltIDMod="0" />
    </MapTiles>
    <StaticTiles />
  </TransInfo>
  <TransInfo Description="Red Brick To Blank" HashKey="222213222213131313">
    <MapTiles>
      <MapTile TileID="1146" AltIDMod="0" />
    </MapTiles>
    <StaticTiles>
      <StaticTile TileID="51" AltIDMod="0" />
    </StaticTiles>
  </TransInfo>
  <TransInfo Description="Red Brick To Blank" HashKey="131313221313222222">
    <MapTiles>
      <MapTile TileID="580" AltIDMod="0" />
    </MapTiles>
    <StaticTiles>
      <StaticTile TileID="52" AltIDMod="0" />
    </StaticTiles>
  </TransInfo>
  <TransInfo Description="Red Brick To Blank" HashKey="222222132222132222">
    <MapTiles>
      <MapTile TileID="1146" AltIDMod="0" />
    </MapTiles>
    <StaticTiles />
  </TransInfo>
  <TransInfo Description="Red Brick To Blank" HashKey="221313221313131313">
    <MapTiles>
      <MapTile TileID="580" AltIDMod="0" />
    </MapTiles>
    <StaticTiles />
  </TransInfo>
  <TransInfo Description="Red Brick To Blank" HashKey="132222222222222222">
    <MapTiles>
      <MapTile TileID="1146" AltIDMod="0" />
    </MapTiles>
    <StaticTiles />
  </TransInfo>
  <TransInfo Description="Red Brick To Blank" HashKey="131322131322222222">
    <MapTiles>
      <MapTile TileID="580" AltIDMod="0" />
    </MapTiles>
    <StaticTiles>
      <StaticTile TileID="51" AltIDMod="0" />
    </StaticTiles>
  </TransInfo>
  <TransInfo Description="Red Brick To Blank" HashKey="221313222213222213">
    <MapTiles>
      <MapTile TileID="1146" AltIDMod="0" />
    </MapTiles>
    <StaticTiles>
      <StaticTile TileID="53" AltIDMod="0" />
    </StaticTiles>
  </TransInfo>
  <TransInfo Description="Red Brick To Blank" HashKey="131313132222132222">
    <MapTiles>
      <MapTile TileID="1146" AltIDMod="0" />
    </MapTiles>
    <StaticTiles />
  </TransInfo>
  <TransInfo Description="Red Brick To Blank" HashKey="222222222222222213">
    <MapTiles>
      <MapTile TileID="1146" AltIDMod="0" />
    </MapTiles>
    <StaticTiles>
      <StaticTile TileID="54" AltIDMod="0" />
    </StaticTiles>
  </TransInfo>
  <TransInfo Description="Red Brick To Blank" HashKey="221313221313222222">
    <MapTiles>
      <MapTile TileID="580" AltIDMod="0" />
    </MapTiles>
    <StaticTiles>
      <StaticTile TileID="52" AltIDMod="0" />
    </StaticTiles>
  </TransInfo>
  <TransInfo Description="Red Brick To Blank" HashKey="222213222213222222">
    <MapTiles>
      <MapTile TileID="1146" AltIDMod="0" />
    </MapTiles>
    <StaticTiles>
      <StaticTile TileID="53" AltIDMod="0" />
    </StaticTiles>
  </TransInfo>
  <TransInfo Description="Red Brick To Blank" HashKey="131313131313131322">
    <MapTiles>
      <MapTile TileID="580" AltIDMod="0" />
    </MapTiles>
    <StaticTiles>
      <StaticTile TileID="54" AltIDMod="0" />
    </StaticTiles>
  </TransInfo>
  <TransInfo Description="Red Brick To Blank" HashKey="222222222213221313">
    <MapTiles>
      <MapTile TileID="1146" AltIDMod="0" />
    </MapTiles>
    <StaticTiles>
      <StaticTile TileID="51" AltIDMod="0" />
    </StaticTiles>
  </TransInfo>
  <TransInfo Description="Red Brick To Blank" HashKey="222222131313131313">
    <MapTiles>
      <MapTile TileID="580" AltIDMod="0" />
    </MapTiles>
    <StaticTiles />
  </TransInfo>
  <TransInfo Description="Red Brick To Blank" HashKey="131313131313222213">
    <MapTiles>
      <MapTile TileID="580" AltIDMod="0" />
    </MapTiles>
    <StaticTiles>
      <StaticTile TileID="52" AltIDMod="0" />
    </StaticTiles>
  </TransInfo>
  <TransInfo Description="Red Brick To Blank" HashKey="222222132222131322">
    <MapTiles>
      <MapTile TileID="1146" AltIDMod="0" />
    </MapTiles>
    <StaticTiles>
      <StaticTile TileID="52" AltIDMod="0" />
    </StaticTiles>
  </TransInfo>
  <TransInfo Description="Red Brick To Blank" HashKey="222222222222132222">
    <MapTiles>
      <MapTile TileID="1146" AltIDMod="0" />
    </MapTiles>
    <StaticTiles />
  </TransInfo>
  <TransInfo Description="Red Brick To Blank" HashKey="132222132222131313">
    <MapTiles>
      <MapTile TileID="1146" AltIDMod="0" />
    </MapTiles>
    <StaticTiles>
      <StaticTile TileID="52" AltIDMod="0" />
    </StaticTiles>
  </TransInfo>
  <TransInfo Description="Red Brick To Blank" HashKey="131313222213222222">
    <MapTiles>
      <MapTile TileID="1146" AltIDMod="0" />
    </MapTiles>
    <StaticTiles>
      <StaticTile TileID="53" AltIDMod="0" />
    </StaticTiles>
  </TransInfo>
  <TransInfo Description="Red Brick To Blank" HashKey="131322132222222222">
    <MapTiles>
      <MapTile TileID="1146" AltIDMod="0" />
    </MapTiles>
    <StaticTiles />
  </TransInfo>
  <TransInfo Description="Red Brick To Blank" HashKey="131313131322132222">
    <MapTiles>
      <MapTile TileID="580" AltIDMod="0" />
    </MapTiles>
    <StaticTiles>
      <StaticTile TileID="51" AltIDMod="0" />
    </StaticTiles>
  </TransInfo>
  <TransInfo Description="Red Brick To Blank" HashKey="222213221313221313">
    <MapTiles>
      <MapTile TileID="580" AltIDMod="0" />
    </MapTiles>
    <StaticTiles />
  </TransInfo>
  <TransInfo Description="Red Brick To Blank" HashKey="131313221313222213">
    <MapTiles>
      <MapTile TileID="580" AltIDMod="0" />
    </MapTiles>
    <StaticTiles>
      <StaticTile TileID="52" AltIDMod="0" />
    </StaticTiles>
  </TransInfo>
  <TransInfo Description="Red Brick To Blank" HashKey="222222222222221313">
    <MapTiles>
      <MapTile TileID="1146" AltIDMod="0" />
    </MapTiles>
    <StaticTiles>
      <StaticTile TileID="52" AltIDMod="0" />
    </StaticTiles>
  </TransInfo>
  <TransInfo Description="Red Brick To Blank" HashKey="131313222222222222">
    <MapTiles>
      <MapTile TileID="1146" AltIDMod="0" />
    </MapTiles>
    <StaticTiles />
  </TransInfo>
  <TransInfo Description="Red Brick To Blank" HashKey="221313221313222213">
    <MapTiles>
      <MapTile TileID="580" AltIDMod="0" />
    </MapTiles>
    <StaticTiles>
      <StaticTile TileID="52" AltIDMod="0" />
    </StaticTiles>
  </TransInfo>
  <TransInfo Description="Red Brick To Blank" HashKey="222213222213222213">
    <MapTiles>
      <MapTile TileID="1146" AltIDMod="0" />
    </MapTiles>
    <StaticTiles>
      <StaticTile TileID="53" AltIDMod="0" />
    </StaticTiles>
  </TransInfo>
  <TransInfo Description="Red Brick To Blank" HashKey="222222222222131322">
    <MapTiles>
      <MapTile TileID="1146" AltIDMod="0" />
    </MapTiles>
    <StaticTiles>
      <StaticTile TileID="52" AltIDMod="0" />
    </StaticTiles>
  </TransInfo>
  <TransInfo Description="Red Brick To Blank" HashKey="131313131313132222">
    <MapTiles>
      <MapTile TileID="580" AltIDMod="0" />
    </MapTiles>
    <StaticTiles>
      <StaticTile TileID="52" AltIDMod="0" />
    </StaticTiles>
  </TransInfo>
  <TransInfo Description="Red Brick To Blank" HashKey="131313131313222222">
    <MapTiles>
      <MapTile TileID="580" AltIDMod="0" />
    </MapTiles>
    <StaticTiles>
      <StaticTile TileID="52" AltIDMod="0" />
    </StaticTiles>
  </TransInfo>
  <TransInfo Description="Red Brick To Blank" HashKey="131313221313221313">
    <MapTiles>
      <MapTile TileID="580" AltIDMod="0" />
    </MapTiles>
    <StaticTiles />
  </TransInfo>
  <TransInfo Description="Red Brick To Blank" HashKey="131322131322132222">
    <MapTiles>
      <MapTile TileID="580" AltIDMod="0" />
    </MapTiles>
    <StaticTiles>
      <StaticTile TileID="51" AltIDMod="0" />
    </StaticTiles>
  </TransInfo>
  <TransInfo Description="Red Brick To Blank" HashKey="222222222213222213">
    <MapTiles>
      <MapTile TileID="1146" AltIDMod="0" />
    </MapTiles>
    <StaticTiles>
      <StaticTile TileID="53" AltIDMod="0" />
    </StaticTiles>
  </TransInfo>
  <TransInfo Description="Red Brick To Blank" HashKey="131322222222222222">
    <MapTiles>
      <MapTile TileID="1146" AltIDMod="0" />
    </MapTiles>
    <StaticTiles />
  </TransInfo>
  <TransInfo Description="Red Brick To Blank" HashKey="222222132222131313">
    <MapTiles>
      <MapTile TileID="1146" AltIDMod="0" />
    </MapTiles>
    <StaticTiles>
      <StaticTile TileID="52" AltIDMod="0" />
    </StaticTiles>
  </TransInfo>
  <TransInfo Description="Red Brick To Blank" HashKey="222222221313221313">
    <MapTiles>
      <MapTile TileID="580" AltIDMod="0" />
    </MapTiles>
    <StaticTiles />
  </TransInfo>
  <TransInfo Description="Red Brick To Blank" HashKey="131313222213222213">
    <MapTiles>
      <MapTile TileID="1146" AltIDMod="0" />
    </MapTiles>
    <StaticTiles>
      <StaticTile TileID="53" AltIDMod="0" />
    </StaticTiles>
  </TransInfo>
  <TransInfo Description="Red Brick To Blank" HashKey="132222131322131313">
    <MapTiles>
      <MapTile TileID="580" AltIDMod="0" />
    </MapTiles>
    <StaticTiles>
      <StaticTile TileID="53" AltIDMod="0" />
    </StaticTiles>
  </TransInfo>
  <TransInfo Description="Red Brick To Blank" HashKey="131313131313221313">
    <MapTiles>
      <MapTile TileID="580" AltIDMod="0" />
    </MapTiles>
    <StaticTiles />
  </TransInfo>
  <TransInfo Description="Red Brick To Blank" HashKey="222222131322131322">
    <MapTiles>
      <MapTile TileID="580" AltIDMod="0" />
    </MapTiles>
    <StaticTiles>
      <StaticTile TileID="53" AltIDMod="0" />
    </StaticTiles>
  </TransInfo>
  <TransInfo Description="Red Brick To Blank" HashKey="221313221313221313">
    <MapTiles>
      <MapTile TileID="580" AltIDMod="0" />
    </MapTiles>
    <StaticTiles />
  </TransInfo>
  <TransInfo Description="Red Brick To Blank" HashKey="222213222213221313">
    <MapTiles>
      <MapTile TileID="1146" AltIDMod="0" />
    </MapTiles>
    <StaticTiles>
      <StaticTile TileID="51" AltIDMod="0" />
    </StaticTiles>
  </TransInfo>
  <TransInfo Description="Red Brick To Blank" HashKey="222222131322131313">
    <MapTiles>
      <MapTile TileID="580" AltIDMod="0" />
    </MapTiles>
    <StaticTiles>
      <StaticTile TileID="53" AltIDMod="0" />
    </StaticTiles>
  </TransInfo>
  <TransInfo Description="Red Brick To Blank" HashKey="131322131322131322">
    <MapTiles>
      <MapTile TileID="580" AltIDMod="0" />
    </MapTiles>
    <StaticTiles>
      <StaticTile TileID="53" AltIDMod="0" />
    </StaticTiles>
  </TransInfo>
  <TransInfo Description="Red Brick To Blank" HashKey="131313131322131322">
    <MapTiles>
      <MapTile TileID="580" AltIDMod="0" />
    </MapTiles>
    <StaticTiles>
      <StaticTile TileID="53" AltIDMod="0" />
    </StaticTiles>
  </TransInfo>
  <TransInfo Description="Red Brick To Blank" HashKey="131313132222222222">
    <MapTiles>
      <MapTile TileID="1146" AltIDMod="0" />
    </MapTiles>
    <StaticTiles />
  </TransInfo>
  <TransInfo Description="Red Brick To Blank" HashKey="222222222222131313">
    <MapTiles>
      <MapTile TileID="1146" AltIDMod="0" />
    </MapTiles>
    <StaticTiles>
      <StaticTile TileID="52" AltIDMod="0" />
    </StaticTiles>
  </TransInfo>
  <TransInfo Description="Red Brick To Blank" HashKey="222222222213131313">
    <MapTiles>
      <MapTile TileID="1146" AltIDMod="0" />
    </MapTiles>
    <StaticTiles>
      <StaticTile TileID="51" AltIDMod="0" />
    </StaticTiles>
  </TransInfo>
  <TransInfo Description="Red Brick To Blank" HashKey="132222132222222222">
    <MapTiles>
      <MapTile TileID="1146" AltIDMod="0" />
    </MapTiles>
    <StaticTiles />
  </TransInfo>
  <TransInfo Description="Red Brick To Blank" HashKey="222213222222222222">
    <MapTiles>
      <MapTile TileID="1146" AltIDMod="0" />
    </MapTiles>
    <StaticTiles />
  </TransInfo>
  <TransInfo Description="Red Brick To Blank" HashKey="132222131322131322">
    <MapTiles>
      <MapTile TileID="580" AltIDMod="0" />
    </MapTiles>
    <StaticTiles>
      <StaticTile TileID="53" AltIDMod="0" />
    </StaticTiles>
  </TransInfo>
  <TransInfo Description="Red Brick To Blank" HashKey="221313222213222222">
    <MapTiles>
      <MapTile TileID="1146" AltIDMod="0" />
    </MapTiles>
    <StaticTiles>
      <StaticTile TileID="53" AltIDMod="0" />
    </StaticTiles>
  </TransInfo>
  <TransInfo Description="Red Brick To Blank" HashKey="131322132222132222">
    <MapTiles>
      <MapTile TileID="1146" AltIDMod="0" />
    </MapTiles>
    <StaticTiles />
  </TransInfo>
  <TransInfo Description="Red Brick To Blank" HashKey="132222132222132222">
    <MapTiles>
      <MapTile TileID="1146" AltIDMod="0" />
    </MapTiles>
    <StaticTiles />
  </TransInfo>
  <TransInfo Description="Red Brick To Blank" HashKey="132222132222131322">
    <MapTiles>
      <MapTile TileID="1146" AltIDMod="0" />
    </MapTiles>
    <StaticTiles>
      <StaticTile TileID="52" AltIDMod="0" />
    </StaticTiles>
  </TransInfo>
</Trans>