<?xml version="1.0" encoding="utf-8" standalone="yes"?>
<root>
	<group id="tb_wall" name="Walls">
		<group id="150" name="Log Walls">
			<group id="145" name="Full">
				<entry index="146" />
				<entry index="145" />
				<entry index="144" />
				<entry index="147" />
				<entry index="152" />
				<entry index="153" />
			</group>
			<group id="150" name="Frames">
				<entry index="151" />
				<entry index="149" />
				<entry index="150" />
				<entry index="148" />
			</group>
			<group id="155" name="Small">
				<entry index="156" />
				<entry index="155" />
				<entry index="154" />
				<entry index="157" />
				<entry index="161" />
				<entry index="159" />
				<entry index="160" />
				<entry index="158" />
			</group>
			<group id="163" name="Tiny">
				<entry index="162" />
				<entry index="163" />
				<entry index="164" />
				<entry index="165" />
			</group>
		</group>
		<group id="346" name="Sandstone Walls">
			<group id="351" name="(Plain) Full">
				<entry index="352" />
				<entry index="351" />
				<entry index="350" />
				<entry index="353" />
				<entry index="355" />
				<entry index="354" />
			</group>
			<group id="346" name="(Fancy) Full">
				<entry index="345" />
				<entry index="346" />
				<entry index="344" />
				<entry index="347" />
				<entry index="348" />
				<entry index="349" />
			</group>
			<group id="361" name="(Plain) Small">
				<entry index="362" />
				<entry index="361" />
				<entry index="360" />
				<entry index="363" />
			</group>
			<group id="358" name="(Fancy) Small">
				<entry index="357" />
				<entry index="358" />
				<entry index="356" />
				<entry index="359" />
			</group>
		</group>
		<group id="32" name="Thin Stone Walls">
			<group id="27" name="Full">
				<entry index="28" />
				<entry index="27" />
				<entry index="26" />
				<entry index="29" />
				<entry index="34" />
				<entry index="35" />
			</group>
			<group id="32" name="Frames">
				<entry index="33" />
				<entry index="30" />
				<entry index="32" />
				<entry index="31" />
			</group>
			<group id="38" name="Small">
				<entry index="37" />
				<entry index="38" />
				<entry index="36" />
				<entry index="39" />
			</group>
			<group id="46" name="Tiny">
				<entry index="47" />
				<entry index="46" />
				<entry index="45" />
				<entry index="48" />
			</group>
		</group>
		<group id="58" name="Brick Walls">
			<group id="53" name="Full">
				<entry index="52" />
				<entry index="53" />
				<entry index="51" />
				<entry index="54" />
				<entry index="59" />
				<entry index="60" />
			</group>
			<group id="58" name="Frames">
				<entry index="57" />
				<entry index="55" />
				<entry index="58" />
				<entry index="56" />
			</group>
			<group id="63" name="Small">
				<entry index="62" />
				<entry index="63" />
				<entry index="61" />
				<entry index="64" />
			</group>
			<group id="67" name="Tiny">
				<entry index="66" />
				<entry index="67" />
				<entry index="65" />
				<entry index="68" />
			</group>
		</group>
		<group id="87" name="Stone Walls">
			<group id="87" name="Full">
				<entry index="88" />
				<entry index="87" />
				<entry index="89" />
				<entry index="90" />
				<entry index="94" />
				<entry index="93" />
				<entry index="92" />
				<entry index="91" />
			</group>
			<group id="96" name="Small">
				<entry index="95" />
				<entry index="96" />
				<entry index="97" />
				<entry index="98" />
			</group>
			<group id="100" name="Tiny">
				<entry index="99" />
				<entry index="100" />
				<entry index="101" />
				<entry index="102" />
			</group>
		</group>
		<group id="13" name="Dark Wooden Walls">
			<group id="8" name="Full">
				<entry index="7" />
				<entry index="8" />
				<entry index="6" />
				<entry index="9" />
				<entry index="14" />
				<entry index="15" />
			</group>
			<group id="13" name="Frames">
				<entry index="12" />
				<entry index="10" />
				<entry index="13" />
				<entry index="11" />
			</group>
			<group id="17" name="Small">
				<entry index="18" />
				<entry index="17" />
				<entry index="16" />
				<entry index="19" />
			</group>
			<group id="21" name="Tiny">
				<entry index="22" />
				<entry index="21" />
				<entry index="20" />
				<entry index="23" />
			</group>
		</group>
		<group id="172" name="Light Wooden Walls">
			<group id="167" name="(Plain) Full">
				<entry index="168" />
				<entry index="167" />
				<entry index="166" />
				<entry index="169" />
				<entry index="186" />
				<entry index="185" />
			</group>
			<group id="176" name="(Trimmed) Full">
				<entry index="175" />
				<entry index="176" />
				<entry index="174" />
				<entry index="177" />
				<entry index="188" />
				<entry index="187" />
			</group>
			<group id="172" name="(Plain) Frames">
				<entry index="173" />
				<entry index="171" />
				<entry index="172" />
				<entry index="170" />
			</group>
			<group id="180" name="(Trimmed) Frames">
				<entry index="181" />
				<entry index="178" />
				<entry index="180" />
				<entry index="179" />
			</group>
			<group id="184" name="(Plain) Small">
				<entry index="183" />
				<entry index="184" />
				<entry index="182" />
			</group>
			<group id="190" name="(Plain) Tiny">
				<entry index="191" />
				<entry index="190" />
				<entry index="189" />
				<entry index="192" />
			</group>
		</group>
		<group id="250" name="Marble Walls">
			<group id="250" name="Fancy">
				<entry index="249" />
				<entry index="250" />
				<entry index="248" />
				<entry index="251" />
				<entry index="252" />
				<entry index="253" />
			</group>
			<group id="256" name="Trimmed">
				<entry index="255" />
				<entry index="256" />
				<entry index="254" />
				<entry index="257" />
				<entry index="258" />
				<entry index="259" />
			</group>
			<group id="262" name="Plain">
				<entry index="261" />
				<entry index="262" />
				<entry index="260" />
				<entry index="263" />
				<entry index="264" />
				<entry index="265" />
			</group>
			<group id="268" name="(Plain) Small">
				<entry index="267" />
				<entry index="268" />
				<entry index="266" />
				<entry index="269" />
			</group>
			<group id="281" name="(Plain) Tiny">
				<entry index="280" />
				<entry index="281" />
				<entry index="279" />
				<entry index="282" />
			</group>
			<group id="272" name="(Fancy) Tiny">
				<entry index="271" />
				<entry index="272" />
				<entry index="270" />
				<entry index="273" />
			</group>
		</group>
		<group id="308" name="Plaster Walls">
			<group id="311" name="(Plain) Full">
				<entry index="310" />
				<entry index="311" />
				<entry index="306" />
				<entry index="298" />
				<entry index="314" />
				<entry index="315" />
			</group>
			<group id="303" name="(Supported) Full">
				<entry index="302" />
				<entry index="303" />
				<entry index="295" />
				<entry index="298" />
			</group>
			<group id="308" name="(Wood) Frames">
				<entry index="307" />
				<entry index="313" />
				<entry index="308" />
				<entry index="312" />
			</group>
			<group id="516" name="(Stone) Full">
				<entry index="515" />
				<entry index="516" />
				<entry index="511" />
				<entry index="514" />
				<entry index="521" />
				<entry index="522" />
			</group>
			<group id="513" name="(Stone) Frames">
				<entry index="512" />
				<entry index="517" />
				<entry index="513" />
				<entry index="518" />
			</group>
		</group>
		<group id="465" name="Dark Stone Walls">
			<group id="465" name="Full">
				<entry index="464" />
				<entry index="465" />
				<entry index="463" />
				<entry index="466" />
				<entry index="467" />
				<entry index="468" />
			</group>
			<group id="490" name="Tiny">
				<entry index="489" />
				<entry index="490" />
				<entry index="488" />
				<entry index="491" />
			</group>
			<group id="472" name="Arches">
				<entry index="470" />
				<entry index="471" />
				<entry index="472" />
				<entry index="473" />
				<entry index="475" />
			</group>
			<entry index="474" />
		</group>
		<group id="201" name="Blue Stone Walls">
			<group id="201" name="Full">
				<entry index="200" />
				<entry index="201" />
				<entry index="199" />
				<entry index="204" />
				<entry index="202" />
				<entry index="203" />
			</group>
			<group id="221" name="Tiny">
				<entry index="222" />
				<entry index="221" />
				<entry index="220" />
				<entry index="223" />
			</group>
		</group>
		<group id="578" name="Dungeon Walls">
			<group id="578" name="Full">
				<entry index="577" />
				<entry index="578" />
				<entry index="579" />
				<entry index="580" />
			</group>
			<group id="763" name="Small">
				<entry index="762" />
				<entry index="763" />
				<entry index="761" />
				<entry index="764" />
			</group>
			<group id="767" name="Tiny">
				<entry index="766" />
				<entry index="767" />
				<entry index="765" />
				<entry index="768" />
			</group>
			<group id="582" name="Arches">
				<entry index="581" />
				<entry index="583" />
				<entry index="585" />
				<entry index="582" />
				<entry index="584" />
				<entry index="586" />
			</group>
		</group>
	</group>
	<group id="tb_door" name="Doors">
		<group id="1653" name="Metal Doors">
			<entry index="1653" />
			<entry index="1655" />
			<entry index="1661" />
			<entry index="1663" />
		</group>
		<group id="1701" name="Wooden Doors">
			<entry index="1701" />
			<entry index="1703" />
			<entry index="1709" />
			<entry index="1711" />
		</group>
		<group id="1669" name="Barred Metal Doors">
			<entry index="1669" />
			<entry index="1671" />
			<entry index="1677" />
			<entry index="1679" />
		</group>
		<group id="1685" name="Rattan Doors">
			<entry index="1685" />
			<entry index="1687" />
			<entry index="1693" />
			<entry index="1695" />
		</group>
		<group id="1749" name="Light Wooden Doors">
			<entry index="1749" />
			<entry index="1751" />
			<entry index="1757" />
			<entry index="1759" />
		</group>
		<group id="1765" name="Strong Wooden Doors">
			<entry index="1765" />
			<entry index="1767" />
			<entry index="1773" />
			<entry index="1775" />
		</group>
	</group>
	<group id="tb_floor" name="Floors">
		<entry index="1407" count="7" />
		<entry index="1373" count="5" />
		<entry index="1179" />
		<group id="1193" name="Dark Wooden Floors">
			<entry index="1193" count="4" />
			<group id="1201" name="Trimming">
				<entry index="1197" />
				<entry index="1198" />
				<entry index="1199" />
				<entry index="1200" />
				<entry index="1201" />
				<entry index="1202" />
				<entry index="1203" />
				<entry index="1204" />
			</group>
			<entry index="1205" count="4" />
			<group id="1213" name="Trimming">
				<entry index="1209" />
				<entry index="1210" />
				<entry index="1211" />
				<entry index="1212" />
				<entry index="1213" />
				<entry index="1214" />
				<entry index="1215" />
				<entry index="1216" />
			</group>
			<group id="1189" name="Concave Corners">
				<entry index="1189" />
				<entry index="1190" />
				<entry index="1191" />
				<entry index="1192" />
			</group>
		</group>
		<group id="1295" name="Marble Floors">
			<entry index="1295" count="2" />
			<entry index="1293" count="2" />
			<entry index="1297" count="4" />
		</group>
		<group id="1301" name="Dirt Floors">
			<entry index="1301" count="4" />
			<entry index="12788" count="4" />
		</group>
		<group id="1305" name="Stone Paver Floors">
			<entry index="1305" count="4" />
			<entry index="1309" count="4" />
			<entry index="1313" count="4" />
		</group>
		<group id="1327" name="Sandstone Floors">
			<entry index="1327" count="4" />
			<entry index="1331" count="4" />
			<entry index="1317" count="4" />
			<entry index="1321" count="4" />
		</group>
		<entry index="1395" count="6" />
		<entry index="1401" count="6" />
		<group id="6013" name="Grass">
			<entry index="6013" count="5" />
			<group id="6019" name="Trimming">
				<entry index="6018" />
				<entry index="6019" />
				<entry index="6020" />
				<entry index="6021" />
			</group>
			<group id="6025" name="Trimming (Corners)">
				<entry index="6022" />
				<entry index="6023" />
				<entry index="6024" />
				<entry index="6025" />
			</group>
		</group>
		<group id="6077" name="Snow">
			<entry index="6077" count="4" />
			<group id="6092" name="Edges">
				<entry index="6089" />
				<entry index="6090" />
				<entry index="6091" />
				<entry index="6092" />
			</group>
			<group id="6083" name="Edges (Corners)">
				<entry index="6081" />
				<entry index="6082" />
				<entry index="6083" />
				<entry index="6084" />
				<entry index="6085" />
				<entry index="6086" />
				<entry index="6087" />
				<entry index="6088" />
			</group>
		</group>
		<entry index="1250" count="4" />
	</group>
	<group id="tb_stair" name="Stairs">
		<group id="1802" name="Marble Stairs">
			<entry index="1801" />
			<group id="1802" name="Steps">
				<entry index="1802" />
				<entry index="1803" />
				<entry index="1804" />
				<entry index="1805" />
			</group>
			<group id="1807" name="Corner Steps">
				<entry index="1806" />
				<entry index="1807" />
				<entry index="1808" />
				<entry index="1809" />
			</group>
			<group id="1811" name="Curved Steps">
				<entry index="1810" />
				<entry index="1811" />
				<entry index="1812" />
				<entry index="1813" />
			</group>
		</group>
		<group id="1826" name="Light Wooden Stairs">
			<entry index="1824" />
			<entry index="1825" />
			<group id="1826" name="Steps">
				<entry index="1826" />
				<entry index="1827" />
				<entry index="1828" />
				<entry index="1829" />
			</group>
			<group id="1831" name="Corner Steps">
				<entry index="1830" />
				<entry index="1831" />
				<entry index="1832" />
				<entry index="1833" />
			</group>
			<group id="1835" name="Curved Steps">
				<entry index="1834" />
				<entry index="1835" />
				<entry index="1836" />
				<entry index="1837" />
			</group>
			<group id="1839" name="Concave Steps">
				<entry index="1838" />
				<entry index="1839" />
				<entry index="1840" />
				<entry index="1841" />
			</group>
			<group id="1843" name="Concave Curved Steps">
				<entry index="1842" />
				<entry index="1843" />
				<entry index="1844" />
				<entry index="1845" />
			</group>
		</group>
		<group id="1849" name="Dark Wooden Stairs">
			<entry index="1848" />
			<group id="1849" name="Steps">
				<entry index="1849" />
				<entry index="1850" />
				<entry index="1851" />
				<entry index="1852" />
			</group>
			<group id="1854" name="Corner Steps">
				<entry index="1853" />
				<entry index="1854" />
				<entry index="1855" />
				<entry index="1856" />
			</group>
			<group id="1861" name="Curved Steps">
				<entry index="1861" />
				<entry index="1862" />
				<entry index="1863" />
				<entry index="1864" />
			</group>
			<group id="1858" name="Concave Steps">
				<entry index="1857" />
				<entry index="1858" />
				<entry index="1859" />
				<entry index="1860" />
			</group>
		</group>
		<group id="1823" name="Blue Stone Stairs">
			<entry index="1822" />
			<group id="1823" name="Steps">
				<entry index="1823" />
				<entry index="1846" />
				<entry index="1847" />
				<entry index="1865" />
			</group>
			<group id="1867" name="Corner Steps">
				<entry index="1866" />
				<entry index="1867" />
				<entry index="1868" />
				<entry index="1869" />
			</group>
			<group id="1871" name="Curved Steps">
				<entry index="1870" />
				<entry index="1871" />
				<entry index="1922" />
				<entry index="1923" />
			</group>
			<group id="1953" name="Concave Steps">
				<entry index="1952" />
				<entry index="1953" />
				<entry index="1954" />
				<entry index="2010" />
			</group>
			<group id="2016" name="Concave Curved Steps">
				<entry index="2015" />
				<entry index="2016" />
				<entry index="2100" />
				<entry index="2166" />
			</group>
		</group>
		<group id="1873" name="Stone Stairs">
			<entry index="1872" />
			<group id="1873" name="Steps">
				<entry index="1873" />
				<entry index="1874" />
				<entry index="1875" />
				<entry index="1876" />
			</group>
			<group id="1878" name="Corner Steps">
				<entry index="1877" />
				<entry index="1878" />
				<entry index="1879" />
				<entry index="1880" />
			</group>
			<group id="1882" name="Curved Steps">
				<entry index="1881" />
				<entry index="1882" />
				<entry index="1883" />
				<entry index="1884" />
			</group>
			<group id="1886" name="Concave Steps">
				<entry index="1885" />
				<entry index="1886" />
				<entry index="1887" />
				<entry index="1888" />
			</group>
			<group id="1890" name="Concave Curved Steps">
				<entry index="1889" />
				<entry index="1890" />
				<entry index="1891" />
				<entry index="1892" />
			</group>
			<group id="1896" name="Angled">
				<entry index="1893" />
				<entry index="1894" />
				<entry index="1895" />
				<entry index="1896" />
			</group>
		</group>
		<group id="1901" name="Sandstone Stairs">
			<entry index="1900" />
			<group id="1901" name="Steps">
				<entry index="1901" />
				<entry index="1902" />
				<entry index="1903" />
				<entry index="1904" />
			</group>
			<group id="1906" name="Corner Steps">
				<entry index="1905" />
				<entry index="1906" />
				<entry index="1907" />
				<entry index="1908" />
			</group>
			<group id="1910" name="Curved Steps">
				<entry index="1909" />
				<entry index="1910" />
				<entry index="1911" />
				<entry index="1912" />
			</group>
			<group id="1914" name="Concave Steps">
				<entry index="1913" />
				<entry index="1914" />
				<entry index="1915" />
				<entry index="1916" />
			</group>
			<group id="1918" name="Concave Curved Steps">
				<entry index="1917" />
				<entry index="1918" />
				<entry index="1919" />
				<entry index="1920" />
			</group>
			<group id="1921" name="Angled">
				<entry index="1897" />
				<entry index="1898" />
				<entry index="1899" />
				<entry index="1921" />
			</group>
		</group>
		<group id="1929" name="Dark Stone Stairs">
			<entry index="1928" />
			<group id="1929" name="Steps">
				<entry index="1929" />
				<entry index="1930" />
				<entry index="1931" />
				<entry index="1932" />
			</group>
			<group id="1934" name="Corner Steps">
				<entry index="1933" />
				<entry index="1934" />
				<entry index="1935" />
				<entry index="1936" />
			</group>
			<group id="1938" name="Curved Steps">
				<entry index="1937" />
				<entry index="1938" />
				<entry index="1939" />
				<entry index="1940" />
			</group>
			<group id="1942" name="Concave Steps">
				<entry index="1941" />
				<entry index="1942" />
				<entry index="1943" />
				<entry index="1944" />
			</group>
			<group id="1946" name="Concave Curved Steps">
				<entry index="1945" />
				<entry index="1946" />
				<entry index="1947" />
				<entry index="1948" />
			</group>
			<group id="1927" name="Angled">
				<entry index="1924" />
				<entry index="1925" />
				<entry index="1926" />
				<entry index="1927" />
			</group>
		</group>
		<group id="1956" name="Dungeon Stairs">
			<entry index="1955" />
			<group id="1956" name="Steps">
				<entry index="1956" />
				<entry index="1957" />
				<entry index="1958" />
				<entry index="1959" />
			</group>
			<group id="1961" name="Corner Steps">
				<entry index="1960" />
				<entry index="1961" />
				<entry index="1962" />
				<entry index="1963" />
			</group>
			<group id="1965" name="Curved Steps">
				<entry index="1964" />
				<entry index="1965" />
				<entry index="1966" />
				<entry index="1967" />
			</group>
		</group>
	</group>
	<group id="tb_tele" name="Teleporters">
		<entry index="6173" />
		<entry index="6174" />
		<entry index="6175" />
		<entry index="6176" />
		<entry index="6177" />
		<entry index="6178" />
		<entry index="6179" />
		<entry index="6180" />
		<entry index="6181" />
		<entry index="6182" />
		<entry index="6183" />
		<entry index="6184" />
	</group>
	<group id="tb_misc" name="Extras" />
	<group id="tb_destroy" name="Destroy">
		<entry index="0" count="0" />
	</group>
	<group id="tb_foliage" name="Foliage">
		<entry index="3203" />
		<entry index="3204" />
		<entry index="3205" />
		<entry index="3206" />
		<entry index="3207" />
		<entry index="3208" />
		<entry index="3209" />
		<entry index="3210" />
	</group>
	<group id="tb_system" name="System" />
</root>