﻿<?xml version="1.0" encoding="utf-8"?>
<Trans>
  <TransInfo Description="High Coast to Snow NEA" HashKey="0C4D4D0C4D4D0C0C0C">
    <MapTiles>
      <MapTile TileID="378" AltIDMod="-13" />
    </MapTiles>
    <StaticTiles>
      <StaticTile TileID="6051" AltIDMod="-5" />
      <StaticTile TileID="6052" AltIDMod="-5" />
    </StaticTiles>
  </TransInfo>
  <TransInfo Description="High Coast to Snow NWB" HashKey="0C4D4D4D4D4D4D4D4D">
    <MapTiles>
      <MapTile TileID="378" AltIDMod="-13" />
    </MapTiles>
    <StaticTiles>
      <StaticTile TileID="6060" AltIDMod="-5" />
    </StaticTiles>
  </TransInfo>
  <TransInfo Description="High Coast to Snow WE" HashKey="4D4D0C4D4D4D4D4D0C">
    <MapTiles>
      <MapTile TileID="378" AltIDMod="-13" />
    </MapTiles>
    <StaticTiles>
      <StaticTile TileID="6039" AltIDMod="-5" />
      <StaticTile TileID="6040" AltIDMod="-5" />
      <StaticTile TileID="6041" AltIDMod="-5" />
      <StaticTile TileID="6042" AltIDMod="-5" />
      <StaticTile TileID="6043" AltIDMod="-5" />
      <StaticTile TileID="6044" AltIDMod="-5" />
    </StaticTiles>
  </TransInfo>
  <TransInfo Description="High Coast to Snow NWA" HashKey="4D4D0C4D4D4D4D0C0C">
    <MapTiles>
      <MapTile TileID="378" AltIDMod="-13" />
    </MapTiles>
    <StaticTiles>
      <StaticTile TileID="6039" AltIDMod="-5" />
      <StaticTile TileID="6040" AltIDMod="-5" />
      <StaticTile TileID="6041" AltIDMod="-5" />
      <StaticTile TileID="6042" AltIDMod="-5" />
      <StaticTile TileID="6043" AltIDMod="-5" />
      <StaticTile TileID="6044" AltIDMod="-5" />
    </StaticTiles>
  </TransInfo>
  <TransInfo Description="High Coast to Snow SWA" HashKey="4D0C0C4D4D0C4D4D0C">
    <MapTiles>
      <MapTile TileID="378" AltIDMod="-13" />
    </MapTiles>
    <StaticTiles>
      <StaticTile TileID="6057" AltIDMod="-5" />
    </StaticTiles>
  </TransInfo>
  <TransInfo Description="High Coast (High) to Snow SWA" HashKey="0C0C0C4D4D0C4D4D4D">
    <MapTiles>
      <MapTile TileID="378" AltIDMod="-11" />
    </MapTiles>
    <StaticTiles>
      <StaticTile TileID="6047" AltIDMod="-5" />
      <StaticTile TileID="6048" AltIDMod="-5" />
    </StaticTiles>
  </TransInfo>
  <TransInfo Description="High Coast to Snow SEA" HashKey="4D0C0C4D4D4D0C4D4D">
    <MapTiles>
      <MapTile TileID="378" AltIDMod="-13" />
    </MapTiles>
    <StaticTiles>
      <StaticTile TileID="6054" AltIDMod="-5" />
      <StaticTile TileID="6063" AltIDMod="-5" />
    </StaticTiles>
  </TransInfo>
  <TransInfo Description="High Coast to Snow SN" HashKey="0C4D0C4D4D4D4D4D4D">
    <MapTiles>
      <MapTile TileID="378" AltIDMod="-13" />
    </MapTiles>
    <StaticTiles>
      <StaticTile TileID="6047" AltIDMod="-5" />
      <StaticTile TileID="6048" AltIDMod="-5" />
    </StaticTiles>
  </TransInfo>
  <TransInfo Description="High Coast to Snow NWA" HashKey="4D4D0C4D4D0C0C0C4D">
    <MapTiles>
      <MapTile TileID="378" AltIDMod="-13" />
    </MapTiles>
    <StaticTiles>
      <StaticTile TileID="6039" AltIDMod="-5" />
      <StaticTile TileID="6040" AltIDMod="-5" />
      <StaticTile TileID="6041" AltIDMod="-5" />
      <StaticTile TileID="6042" AltIDMod="-5" />
      <StaticTile TileID="6043" AltIDMod="-5" />
      <StaticTile TileID="6044" AltIDMod="-5" />
    </StaticTiles>
  </TransInfo>
  <TransInfo Description="High Coast to Snow EW" HashKey="0C4D4D0C4D4D0C4D4D">
    <MapTiles>
      <MapTile TileID="378" AltIDMod="-13" />
    </MapTiles>
    <StaticTiles>
      <StaticTile TileID="6051" AltIDMod="-5" />
      <StaticTile TileID="6052" AltIDMod="-5" />
    </StaticTiles>
  </TransInfo>
  <TransInfo Description="High Coast to Snow NEB" HashKey="4D4D0C4D4D4D4D4D4D">
    <MapTiles>
      <MapTile TileID="378" AltIDMod="-13" />
    </MapTiles>
    <StaticTiles>
      <StaticTile TileID="6039" AltIDMod="-5" />
      <StaticTile TileID="6040" AltIDMod="-5" />
      <StaticTile TileID="6041" AltIDMod="-5" />
      <StaticTile TileID="6042" AltIDMod="-5" />
      <StaticTile TileID="6043" AltIDMod="-5" />
      <StaticTile TileID="6044" AltIDMod="-5" />
    </StaticTiles>
  </TransInfo>
  <TransInfo Description="High Coast to Snow SEA" HashKey="0C0C0C4D4D4D0C4D4D">
    <MapTiles>
      <MapTile TileID="378" AltIDMod="-13" />
    </MapTiles>
    <StaticTiles>
      <StaticTile TileID="6054" AltIDMod="-5" />
      <StaticTile TileID="6063" AltIDMod="-5" />
    </StaticTiles>
  </TransInfo>
  <TransInfo Description="High Coast to Snow SWA" HashKey="4D0C0C4D4D0C4D4D4D">
    <MapTiles>
      <MapTile TileID="378" AltIDMod="-13" />
    </MapTiles>
    <StaticTiles>
      <StaticTile TileID="6057" AltIDMod="-5" />
    </StaticTiles>
  </TransInfo>
  <TransInfo Description="High Coast to Snow SWA" HashKey="0C0C0C4D4D0C4D4D0C">
    <MapTiles>
      <MapTile TileID="378" AltIDMod="-13" />
    </MapTiles>
    <StaticTiles>
      <StaticTile TileID="6047" AltIDMod="-5" />
      <StaticTile TileID="6048" AltIDMod="-5" />
    </StaticTiles>
  </TransInfo>
  <TransInfo Description="High Coast to Snow SWA" HashKey="0C4D0C4D4D4D4D4D0C">
    <MapTiles>
      <MapTile TileID="378" AltIDMod="-13" />
    </MapTiles>
    <StaticTiles>
      <StaticTile TileID="6039" AltIDMod="-5" />
      <StaticTile TileID="6040" AltIDMod="-5" />
      <StaticTile TileID="6041" AltIDMod="-5" />
      <StaticTile TileID="6042" AltIDMod="-5" />
      <StaticTile TileID="6043" AltIDMod="-5" />
      <StaticTile TileID="6044" AltIDMod="-5" />
    </StaticTiles>
  </TransInfo>
  <TransInfo Description="High Coast to Snow NEA" HashKey="4D4D4D0C4D4D0C0C0C">
    <MapTiles>
      <MapTile TileID="378" AltIDMod="-13" />
    </MapTiles>
    <StaticTiles>
      <StaticTile TileID="6059" AltIDMod="-5" />
    </StaticTiles>
  </TransInfo>
  <TransInfo Description="High Coast to Snow NEA" HashKey="4D4D4D0C4D4D0C4D0C">
    <MapTiles>
      <MapTile TileID="378" AltIDMod="-13" />
    </MapTiles>
    <StaticTiles>
      <StaticTile TileID="6039" AltIDMod="-5" />
      <StaticTile TileID="6040" AltIDMod="-5" />
      <StaticTile TileID="6041" AltIDMod="-5" />
      <StaticTile TileID="6042" AltIDMod="-5" />
      <StaticTile TileID="6043" AltIDMod="-5" />
      <StaticTile TileID="6044" AltIDMod="-5" />
    </StaticTiles>
  </TransInfo>
  <TransInfo Description="High Coast to Snow SEA" HashKey="4D4D0C0C4D4D0C4D4D">
    <MapTiles>
      <MapTile TileID="378" AltIDMod="-13" />
    </MapTiles>
    <StaticTiles>
      <StaticTile TileID="6054" AltIDMod="-5" />
      <StaticTile TileID="6063" AltIDMod="-5" />
    </StaticTiles>
  </TransInfo>
  <TransInfo Description="High Coast to Snow SEA" HashKey="0C0C4D0C4D4D4D4D4D">
    <MapTiles>
      <MapTile TileID="378" AltIDMod="-13" />
    </MapTiles>
    <StaticTiles>
      <StaticTile TileID="6054" AltIDMod="-5" />
      <StaticTile TileID="6063" AltIDMod="-5" />
    </StaticTiles>
  </TransInfo>
  <TransInfo Description="High Coast to Snow NWA" HashKey="4D4D0C4D4D0C0C4D0C">
    <MapTiles>
      <MapTile TileID="378" AltIDMod="-13" />
    </MapTiles>
    <StaticTiles>
      <StaticTile TileID="6039" AltIDMod="-5" />
      <StaticTile TileID="6040" AltIDMod="-5" />
      <StaticTile TileID="6041" AltIDMod="-5" />
      <StaticTile TileID="6042" AltIDMod="-5" />
      <StaticTile TileID="6043" AltIDMod="-5" />
      <StaticTile TileID="6044" AltIDMod="-5" />
    </StaticTiles>
  </TransInfo>
  <TransInfo Description="High Coast to Snow NWA" HashKey="4D4D4D4D4D0C0C4D4D">
    <MapTiles>
      <MapTile TileID="378" AltIDMod="-13" />
    </MapTiles>
    <StaticTiles>
      <StaticTile TileID="6039" AltIDMod="-5" />
      <StaticTile TileID="6040" AltIDMod="-5" />
      <StaticTile TileID="6041" AltIDMod="-5" />
      <StaticTile TileID="6042" AltIDMod="-5" />
      <StaticTile TileID="6043" AltIDMod="-5" />
      <StaticTile TileID="6044" AltIDMod="-5" />
    </StaticTiles>
  </TransInfo>
  <TransInfo Description="High Coast to Snow NS" HashKey="4D4D4D4D4D4D4D0C0C">
    <MapTiles>
      <MapTile TileID="378" AltIDMod="-13" />
    </MapTiles>
    <StaticTiles>
      <StaticTile TileID="6039" AltIDMod="-5" />
      <StaticTile TileID="6040" AltIDMod="-5" />
      <StaticTile TileID="6041" AltIDMod="-5" />
      <StaticTile TileID="6042" AltIDMod="-5" />
      <StaticTile TileID="6043" AltIDMod="-5" />
      <StaticTile TileID="6044" AltIDMod="-5" />
    </StaticTiles>
  </TransInfo>
  <TransInfo Description="High Coast to Snow SEB" HashKey="4D4D4D4D4D4D4D4D0C">
    <MapTiles>
      <MapTile TileID="378" AltIDMod="-13" />
    </MapTiles>
    <StaticTiles>
      <StaticTile TileID="6039" AltIDMod="-5" />
      <StaticTile TileID="6040" AltIDMod="-5" />
      <StaticTile TileID="6041" AltIDMod="-5" />
      <StaticTile TileID="6042" AltIDMod="-5" />
      <StaticTile TileID="6043" AltIDMod="-5" />
      <StaticTile TileID="6044" AltIDMod="-5" />
    </StaticTiles>
  </TransInfo>
  <TransInfo Description="High Coast to Snow NWA" HashKey="4D4D0C4D4D0C0C0C0C">
    <MapTiles>
      <MapTile TileID="378" AltIDMod="-13" />
    </MapTiles>
    <StaticTiles>
      <StaticTile TileID="6039" AltIDMod="-5" />
      <StaticTile TileID="6040" AltIDMod="-5" />
      <StaticTile TileID="6041" AltIDMod="-5" />
      <StaticTile TileID="6042" AltIDMod="-5" />
      <StaticTile TileID="6043" AltIDMod="-5" />
      <StaticTile TileID="6044" AltIDMod="-5" />
    </StaticTiles>
  </TransInfo>
  <TransInfo Description="High Coast to Snow NWA" HashKey="4D4D0C4D4D0C0C4D4D">
    <MapTiles>
      <MapTile TileID="378" AltIDMod="-13" />
    </MapTiles>
    <StaticTiles>
      <StaticTile TileID="6039" AltIDMod="-5" />
      <StaticTile TileID="6040" AltIDMod="-5" />
      <StaticTile TileID="6041" AltIDMod="-5" />
      <StaticTile TileID="6042" AltIDMod="-5" />
      <StaticTile TileID="6043" AltIDMod="-5" />
      <StaticTile TileID="6044" AltIDMod="-5" />
    </StaticTiles>
  </TransInfo>
  <TransInfo Description="High Coast to Snow SWA" HashKey="0C0C4D4D4D0C4D4D0C">
    <MapTiles>
      <MapTile TileID="378" AltIDMod="-13" />
    </MapTiles>
    <StaticTiles>
      <StaticTile TileID="6039" AltIDMod="-5" />
      <StaticTile TileID="6040" AltIDMod="-5" />
      <StaticTile TileID="6041" AltIDMod="-5" />
      <StaticTile TileID="6042" AltIDMod="-5" />
      <StaticTile TileID="6043" AltIDMod="-5" />
      <StaticTile TileID="6044" AltIDMod="-5" />
    </StaticTiles>
  </TransInfo>
  <TransInfo Description="High Coast to Snow NWA" HashKey="4D4D4D4D4D0C4D0C4D">
    <MapTiles>
      <MapTile TileID="378" AltIDMod="-13" />
    </MapTiles>
    <StaticTiles>
      <StaticTile TileID="6039" AltIDMod="-5" />
      <StaticTile TileID="6040" AltIDMod="-5" />
      <StaticTile TileID="6041" AltIDMod="-5" />
      <StaticTile TileID="6042" AltIDMod="-5" />
      <StaticTile TileID="6043" AltIDMod="-5" />
      <StaticTile TileID="6044" AltIDMod="-5" />
    </StaticTiles>
  </TransInfo>
  <TransInfo Description="High Coast to Snow SEA" HashKey="0C0C4D4D4D4D0C4D4D">
    <MapTiles>
      <MapTile TileID="378" AltIDMod="-13" />
    </MapTiles>
    <StaticTiles>
      <StaticTile TileID="6054" AltIDMod="-5" />
      <StaticTile TileID="6063" AltIDMod="-5" />
    </StaticTiles>
  </TransInfo>
  <TransInfo Description="High Coast to Snow SEA" HashKey="4D0C0C0C4D4D0C4D4D">
    <MapTiles>
      <MapTile TileID="378" AltIDMod="-13" />
    </MapTiles>
    <StaticTiles>
      <StaticTile TileID="6054" AltIDMod="-5" />
      <StaticTile TileID="6063" AltIDMod="-5" />
    </StaticTiles>
  </TransInfo>
  <TransInfo Description="High Coast to Snow NWA" HashKey="4D4D4D4D4D0C0C0C0C">
    <MapTiles>
      <MapTile TileID="378" AltIDMod="-13" />
    </MapTiles>
    <StaticTiles>
      <StaticTile TileID="6039" AltIDMod="-5" />
      <StaticTile TileID="6040" AltIDMod="-5" />
      <StaticTile TileID="6041" AltIDMod="-5" />
      <StaticTile TileID="6042" AltIDMod="-5" />
      <StaticTile TileID="6043" AltIDMod="-5" />
      <StaticTile TileID="6044" AltIDMod="-5" />
    </StaticTiles>
  </TransInfo>
  <TransInfo Description="High Coast to Snow NWA" HashKey="4D4D4D4D4D0C0C4D0C">
    <MapTiles>
      <MapTile TileID="378" AltIDMod="-13" />
    </MapTiles>
    <StaticTiles>
      <StaticTile TileID="6039" AltIDMod="-5" />
      <StaticTile TileID="6040" AltIDMod="-5" />
      <StaticTile TileID="6041" AltIDMod="-5" />
      <StaticTile TileID="6042" AltIDMod="-5" />
      <StaticTile TileID="6043" AltIDMod="-5" />
      <StaticTile TileID="6044" AltIDMod="-5" />
    </StaticTiles>
  </TransInfo>
  <TransInfo Description="High Coast to Snow NS" HashKey="4D4D4D4D4D4D4D0C4D">
    <MapTiles>
      <MapTile TileID="378" AltIDMod="-13" />
    </MapTiles>
    <StaticTiles>
      <StaticTile TileID="6039" AltIDMod="-5" />
      <StaticTile TileID="6040" AltIDMod="-5" />
      <StaticTile TileID="6041" AltIDMod="-5" />
      <StaticTile TileID="6042" AltIDMod="-5" />
      <StaticTile TileID="6043" AltIDMod="-5" />
      <StaticTile TileID="6044" AltIDMod="-5" />
    </StaticTiles>
  </TransInfo>
  <TransInfo Description="High Coast to Snow SEA" HashKey="4D0C4D0C4D4D4D4D4D">
    <MapTiles>
      <MapTile TileID="378" AltIDMod="-13" />
    </MapTiles>
    <StaticTiles>
      <StaticTile TileID="6054" AltIDMod="-5" />
      <StaticTile TileID="6063" AltIDMod="-5" />
    </StaticTiles>
  </TransInfo>
  <TransInfo Description="High Coast to Snow SWA" HashKey="0C0C4D4D4D0C4D4D4D">
    <MapTiles>
      <MapTile TileID="378" AltIDMod="-13" />
    </MapTiles>
    <StaticTiles>
      <StaticTile TileID="6039" AltIDMod="-5" />
      <StaticTile TileID="6040" AltIDMod="-5" />
      <StaticTile TileID="6041" AltIDMod="-5" />
      <StaticTile TileID="6042" AltIDMod="-5" />
      <StaticTile TileID="6043" AltIDMod="-5" />
      <StaticTile TileID="6044" AltIDMod="-5" />
    </StaticTiles>
  </TransInfo>
  <TransInfo Description="High Coast to Snow SN" HashKey="4D0C0C4D4D4D4D4D4D">
    <MapTiles>
      <MapTile TileID="378" AltIDMod="-13" />
    </MapTiles>
    <StaticTiles>
      <StaticTile TileID="6057" AltIDMod="-5" />
    </StaticTiles>
  </TransInfo>
  <TransInfo Description="High Coast to Snow EW" HashKey="0C4D4D0C4D4D4D4D4D">
    <MapTiles>
      <MapTile TileID="378" AltIDMod="-13" />
    </MapTiles>
    <StaticTiles>
      <StaticTile TileID="6051" AltIDMod="-5" />
      <StaticTile TileID="6052" AltIDMod="-5" />
    </StaticTiles>
  </TransInfo>
  <TransInfo Description="High Coast to Snow NWA" HashKey="4D4D4D4D4D0C0C0C4D">
    <MapTiles>
      <MapTile TileID="378" AltIDMod="-13" />
    </MapTiles>
    <StaticTiles>
      <StaticTile TileID="6039" AltIDMod="-5" />
      <StaticTile TileID="6040" AltIDMod="-5" />
      <StaticTile TileID="6041" AltIDMod="-5" />
      <StaticTile TileID="6042" AltIDMod="-5" />
      <StaticTile TileID="6043" AltIDMod="-5" />
      <StaticTile TileID="6044" AltIDMod="-5" />
    </StaticTiles>
  </TransInfo>
  <TransInfo Description="High Coast to Snow NEA" HashKey="0C4D4D4D4D4D0C0C0C">
    <MapTiles>
      <MapTile TileID="378" AltIDMod="-13" />
    </MapTiles>
    <StaticTiles>
      <StaticTile TileID="6039" AltIDMod="-5" />
      <StaticTile TileID="6040" AltIDMod="-5" />
      <StaticTile TileID="6041" AltIDMod="-5" />
      <StaticTile TileID="6042" AltIDMod="-5" />
      <StaticTile TileID="6043" AltIDMod="-5" />
      <StaticTile TileID="6044" AltIDMod="-5" />
    </StaticTiles>
  </TransInfo>
  <TransInfo Description="High Coast to Snow NEA" HashKey="0C4D4D4D4D4D0C4D0C">
    <MapTiles>
      <MapTile TileID="378" AltIDMod="-13" />
    </MapTiles>
    <StaticTiles>
      <StaticTile TileID="6039" AltIDMod="-5" />
      <StaticTile TileID="6040" AltIDMod="-5" />
      <StaticTile TileID="6041" AltIDMod="-5" />
      <StaticTile TileID="6042" AltIDMod="-5" />
      <StaticTile TileID="6043" AltIDMod="-5" />
      <StaticTile TileID="6044" AltIDMod="-5" />
    </StaticTiles>
  </TransInfo>
  <TransInfo Description="High Coast to Snow EW" HashKey="0C4D4D4D4D4D0C4D4D">
    <MapTiles>
      <MapTile TileID="378" AltIDMod="-13" />
    </MapTiles>
    <StaticTiles>
      <StaticTile TileID="6051" AltIDMod="-5" />
      <StaticTile TileID="6052" AltIDMod="-5" />
    </StaticTiles>
  </TransInfo>
  <TransInfo Description="High Coast to Snow NEA" HashKey="0C4D4D4D4D4D4D0C4D">
    <MapTiles>
      <MapTile TileID="378" AltIDMod="-13" />
    </MapTiles>
    <StaticTiles>
      <StaticTile TileID="6039" AltIDMod="-5" />
      <StaticTile TileID="6040" AltIDMod="-5" />
      <StaticTile TileID="6041" AltIDMod="-5" />
      <StaticTile TileID="6042" AltIDMod="-5" />
      <StaticTile TileID="6043" AltIDMod="-5" />
      <StaticTile TileID="6044" AltIDMod="-5" />
    </StaticTiles>
  </TransInfo>
  <TransInfo Description="High Coast to Snow SWA" HashKey="4D0C4D4D4D4D4D4D0C">
    <MapTiles>
      <MapTile TileID="378" AltIDMod="-13" />
    </MapTiles>
    <StaticTiles>
      <StaticTile TileID="6039" AltIDMod="-5" />
      <StaticTile TileID="6040" AltIDMod="-5" />
      <StaticTile TileID="6041" AltIDMod="-5" />
      <StaticTile TileID="6042" AltIDMod="-5" />
      <StaticTile TileID="6043" AltIDMod="-5" />
      <StaticTile TileID="6044" AltIDMod="-5" />
    </StaticTiles>
  </TransInfo>
  <TransInfo Description="High Coast to Snow SWA" HashKey="4D0C0C4D4D4D4D4D0C">
    <MapTiles>
      <MapTile TileID="378" AltIDMod="-13" />
    </MapTiles>
    <StaticTiles>
      <StaticTile TileID="6039" AltIDMod="-5" />
      <StaticTile TileID="6040" AltIDMod="-5" />
      <StaticTile TileID="6041" AltIDMod="-5" />
      <StaticTile TileID="6042" AltIDMod="-5" />
      <StaticTile TileID="6043" AltIDMod="-5" />
      <StaticTile TileID="6044" AltIDMod="-5" />
    </StaticTiles>
  </TransInfo>
  <TransInfo Description="High Coast to Snow SEA" HashKey="0C0C0C0C4D4D4D4D4D">
    <MapTiles>
      <MapTile TileID="378" AltIDMod="-13" />
    </MapTiles>
    <StaticTiles>
      <StaticTile TileID="6054" AltIDMod="-5" />
      <StaticTile TileID="6063" AltIDMod="-5" />
    </StaticTiles>
  </TransInfo>
  <TransInfo Description="High Coast to Snow SWA" HashKey="0C4D4D4D4D0C4D4D4D">
    <MapTiles>
      <MapTile TileID="378" AltIDMod="-13" />
    </MapTiles>
    <StaticTiles>
      <StaticTile TileID="6039" AltIDMod="-5" />
      <StaticTile TileID="6040" AltIDMod="-5" />
      <StaticTile TileID="6041" AltIDMod="-5" />
      <StaticTile TileID="6042" AltIDMod="-5" />
      <StaticTile TileID="6043" AltIDMod="-5" />
      <StaticTile TileID="6044" AltIDMod="-5" />
    </StaticTiles>
  </TransInfo>
  <TransInfo Description="High Coast to Snow NEA" HashKey="0C4D4D0C4D4D4D0C0C">
    <MapTiles>
      <MapTile TileID="378" AltIDMod="-13" />
    </MapTiles>
    <StaticTiles>
      <StaticTile TileID="6039" AltIDMod="-5" />
      <StaticTile TileID="6040" AltIDMod="-5" />
      <StaticTile TileID="6041" AltIDMod="-5" />
      <StaticTile TileID="6042" AltIDMod="-5" />
      <StaticTile TileID="6043" AltIDMod="-5" />
      <StaticTile TileID="6044" AltIDMod="-5" />
    </StaticTiles>
  </TransInfo>
  <TransInfo Description="High Coast to Snow NEA" HashKey="0C4D4D0C4D4D4D4D0C">
    <MapTiles>
      <MapTile TileID="378" AltIDMod="-13" />
    </MapTiles>
    <StaticTiles>
      <StaticTile TileID="6039" AltIDMod="-5" />
      <StaticTile TileID="6040" AltIDMod="-5" />
      <StaticTile TileID="6041" AltIDMod="-5" />
      <StaticTile TileID="6042" AltIDMod="-5" />
      <StaticTile TileID="6043" AltIDMod="-5" />
      <StaticTile TileID="6044" AltIDMod="-5" />
    </StaticTiles>
  </TransInfo>
  <TransInfo Description="High Coast to Snow SEA" HashKey="4D4D0C0C4D4D4D4D4D">
    <MapTiles>
      <MapTile TileID="378" AltIDMod="-13" />
    </MapTiles>
    <StaticTiles>
      <StaticTile TileID="6054" AltIDMod="-5" />
      <StaticTile TileID="6063" AltIDMod="-5" />
    </StaticTiles>
  </TransInfo>
  <TransInfo Description="High Coast to Snow NEA" HashKey="0C4D4D4D4D4D0C0C4D">
    <MapTiles>
      <MapTile TileID="378" AltIDMod="-13" />
    </MapTiles>
    <StaticTiles>
      <StaticTile TileID="6039" AltIDMod="-5" />
      <StaticTile TileID="6040" AltIDMod="-5" />
      <StaticTile TileID="6041" AltIDMod="-5" />
      <StaticTile TileID="6042" AltIDMod="-5" />
      <StaticTile TileID="6043" AltIDMod="-5" />
      <StaticTile TileID="6044" AltIDMod="-5" />
    </StaticTiles>
  </TransInfo>
  <TransInfo Description="High Coast to Snow NWA" HashKey="4D4D0C4D4D4D0C0C0C">
    <MapTiles>
      <MapTile TileID="378" AltIDMod="-13" />
    </MapTiles>
    <StaticTiles>
      <StaticTile TileID="6039" AltIDMod="-5" />
      <StaticTile TileID="6040" AltIDMod="-5" />
      <StaticTile TileID="6041" AltIDMod="-5" />
      <StaticTile TileID="6042" AltIDMod="-5" />
      <StaticTile TileID="6043" AltIDMod="-5" />
      <StaticTile TileID="6044" AltIDMod="-5" />
    </StaticTiles>
  </TransInfo>
  <TransInfo Description="High Coast to Snow NWA" HashKey="4D4D0C4D4D4D0C4D0C">
    <MapTiles>
      <MapTile TileID="378" AltIDMod="-13" />
    </MapTiles>
    <StaticTiles>
      <StaticTile TileID="6039" AltIDMod="-5" />
      <StaticTile TileID="6040" AltIDMod="-5" />
      <StaticTile TileID="6041" AltIDMod="-5" />
      <StaticTile TileID="6042" AltIDMod="-5" />
      <StaticTile TileID="6043" AltIDMod="-5" />
      <StaticTile TileID="6044" AltIDMod="-5" />
    </StaticTiles>
  </TransInfo>
  <TransInfo Description="High Coast to Snow SN" HashKey="4D0C4D4D4D4D4D4D4D">
    <MapTiles>
      <MapTile TileID="378" AltIDMod="-13" />
    </MapTiles>
    <StaticTiles>
      <StaticTile TileID="6047" AltIDMod="-5" />
      <StaticTile TileID="6048" AltIDMod="-5" />
    </StaticTiles>
  </TransInfo>
  <TransInfo Description="High Coast to Snow NEA" HashKey="4D4D4D0C4D4D4D0C4D">
    <MapTiles>
      <MapTile TileID="378" AltIDMod="-13" />
    </MapTiles>
    <StaticTiles>
      <StaticTile TileID="6039" AltIDMod="-5" />
      <StaticTile TileID="6040" AltIDMod="-5" />
      <StaticTile TileID="6041" AltIDMod="-5" />
      <StaticTile TileID="6042" AltIDMod="-5" />
      <StaticTile TileID="6043" AltIDMod="-5" />
      <StaticTile TileID="6044" AltIDMod="-5" />
    </StaticTiles>
  </TransInfo>
  <TransInfo Description="High Coast to Snow SWA" HashKey="0C4D4D4D4D0C4D4D0C">
    <MapTiles>
      <MapTile TileID="378" AltIDMod="-13" />
    </MapTiles>
    <StaticTiles>
      <StaticTile TileID="6039" AltIDMod="-5" />
      <StaticTile TileID="6040" AltIDMod="-5" />
      <StaticTile TileID="6041" AltIDMod="-5" />
      <StaticTile TileID="6042" AltIDMod="-5" />
      <StaticTile TileID="6043" AltIDMod="-5" />
      <StaticTile TileID="6044" AltIDMod="-5" />
    </StaticTiles>
  </TransInfo>
  <TransInfo Description="High Coast to Snow WE" HashKey="4D4D0C4D4D0C4D4D4D">
    <MapTiles>
      <MapTile TileID="378" AltIDMod="-13" />
    </MapTiles>
    <StaticTiles>
      <StaticTile TileID="6039" AltIDMod="-5" />
      <StaticTile TileID="6040" AltIDMod="-5" />
      <StaticTile TileID="6041" AltIDMod="-5" />
      <StaticTile TileID="6042" AltIDMod="-5" />
      <StaticTile TileID="6043" AltIDMod="-5" />
      <StaticTile TileID="6044" AltIDMod="-5" />
    </StaticTiles>
  </TransInfo>
  <TransInfo Description="High Coast to Snow NEA" HashKey="0C4D4D0C4D4D4D0C4D">
    <MapTiles>
      <MapTile TileID="378" AltIDMod="-13" />
    </MapTiles>
    <StaticTiles>
      <StaticTile TileID="6039" AltIDMod="-5" />
      <StaticTile TileID="6040" AltIDMod="-5" />
      <StaticTile TileID="6041" AltIDMod="-5" />
      <StaticTile TileID="6042" AltIDMod="-5" />
      <StaticTile TileID="6043" AltIDMod="-5" />
      <StaticTile TileID="6044" AltIDMod="-5" />
    </StaticTiles>
  </TransInfo>
  <TransInfo Description="High Coast to Snow NWA" HashKey="4D4D0C4D4D4D0C0C4D">
    <MapTiles>
      <MapTile TileID="378" AltIDMod="-13" />
    </MapTiles>
    <StaticTiles>
      <StaticTile TileID="6039" AltIDMod="-5" />
      <StaticTile TileID="6040" AltIDMod="-5" />
      <StaticTile TileID="6041" AltIDMod="-5" />
      <StaticTile TileID="6042" AltIDMod="-5" />
      <StaticTile TileID="6043" AltIDMod="-5" />
      <StaticTile TileID="6044" AltIDMod="-5" />
    </StaticTiles>
  </TransInfo>
  <TransInfo Description="High Coast to Snow SEA" HashKey="4D0C4D0C4D4D0C4D4D">
    <MapTiles>
      <MapTile TileID="378" AltIDMod="-13" />
    </MapTiles>
    <StaticTiles>
      <StaticTile TileID="6054" AltIDMod="-5" />
      <StaticTile TileID="6063" AltIDMod="-5" />
    </StaticTiles>
  </TransInfo>
  <TransInfo Description="High Coast to Snow NS" HashKey="4D4D4D4D4D4D0C0C4D">
    <MapTiles>
      <MapTile TileID="378" AltIDMod="-13" />
    </MapTiles>
    <StaticTiles>
      <StaticTile TileID="6039" AltIDMod="-5" />
      <StaticTile TileID="6040" AltIDMod="-5" />
      <StaticTile TileID="6041" AltIDMod="-5" />
      <StaticTile TileID="6042" AltIDMod="-5" />
      <StaticTile TileID="6043" AltIDMod="-5" />
      <StaticTile TileID="6044" AltIDMod="-5" />
    </StaticTiles>
  </TransInfo>
  <TransInfo Description="High Coast to Snow SEA" HashKey="0C4D0C0C4D4D4D4D4D">
    <MapTiles>
      <MapTile TileID="378" AltIDMod="-13" />
    </MapTiles>
    <StaticTiles>
      <StaticTile TileID="6054" AltIDMod="-5" />
      <StaticTile TileID="6063" AltIDMod="-5" />
    </StaticTiles>
  </TransInfo>
  <TransInfo Description="High Coast to Snow NEA" HashKey="4D4D4D0C4D4D4D4D0C">
    <MapTiles>
      <MapTile TileID="378" AltIDMod="-13" />
    </MapTiles>
    <StaticTiles>
      <StaticTile TileID="6039" AltIDMod="-5" />
      <StaticTile TileID="6040" AltIDMod="-5" />
      <StaticTile TileID="6041" AltIDMod="-5" />
      <StaticTile TileID="6042" AltIDMod="-5" />
      <StaticTile TileID="6043" AltIDMod="-5" />
      <StaticTile TileID="6044" AltIDMod="-5" />
    </StaticTiles>
  </TransInfo>
  <TransInfo Description="High Coast to Snow NEA" HashKey="4D4D4D0C4D4D4D0C0C">
    <MapTiles>
      <MapTile TileID="378" AltIDMod="-13" />
    </MapTiles>
    <StaticTiles>
      <StaticTile TileID="6039" AltIDMod="-5" />
      <StaticTile TileID="6040" AltIDMod="-5" />
      <StaticTile TileID="6041" AltIDMod="-5" />
      <StaticTile TileID="6042" AltIDMod="-5" />
      <StaticTile TileID="6043" AltIDMod="-5" />
      <StaticTile TileID="6044" AltIDMod="-5" />
    </StaticTiles>
  </TransInfo>
  <TransInfo Description="High Coast to Snow NWA" HashKey="4D4D0C4D4D0C4D0C0C">
    <MapTiles>
      <MapTile TileID="378" AltIDMod="-13" />
    </MapTiles>
    <StaticTiles>
      <StaticTile TileID="6039" AltIDMod="-5" />
      <StaticTile TileID="6040" AltIDMod="-5" />
      <StaticTile TileID="6041" AltIDMod="-5" />
      <StaticTile TileID="6042" AltIDMod="-5" />
      <StaticTile TileID="6043" AltIDMod="-5" />
      <StaticTile TileID="6044" AltIDMod="-5" />
    </StaticTiles>
  </TransInfo>
  <TransInfo Description="High Coast to Snow WE" HashKey="4D4D0C4D4D0C4D4D0C">
    <MapTiles>
      <MapTile TileID="378" AltIDMod="-13" />
    </MapTiles>
    <StaticTiles>
      <StaticTile TileID="6039" AltIDMod="-5" />
      <StaticTile TileID="6040" AltIDMod="-5" />
      <StaticTile TileID="6041" AltIDMod="-5" />
      <StaticTile TileID="6042" AltIDMod="-5" />
      <StaticTile TileID="6043" AltIDMod="-5" />
      <StaticTile TileID="6044" AltIDMod="-5" />
    </StaticTiles>
  </TransInfo>
  <TransInfo Description="High Coast to Snow SWA" HashKey="0C0C0C4D4D4D4D4D0C">
    <MapTiles>
      <MapTile TileID="378" AltIDMod="-13" />
    </MapTiles>
    <StaticTiles>
      <StaticTile TileID="6039" AltIDMod="-5" />
      <StaticTile TileID="6040" AltIDMod="-5" />
      <StaticTile TileID="6041" AltIDMod="-5" />
      <StaticTile TileID="6042" AltIDMod="-5" />
      <StaticTile TileID="6043" AltIDMod="-5" />
      <StaticTile TileID="6044" AltIDMod="-5" />
    </StaticTiles>
  </TransInfo>
  <TransInfo Description="High Coast to Snow SWA" HashKey="0C4D0C4D4D0C4D4D0C">
    <MapTiles>
      <MapTile TileID="378" AltIDMod="-13" />
    </MapTiles>
    <StaticTiles>
      <StaticTile TileID="6039" AltIDMod="-5" />
      <StaticTile TileID="6040" AltIDMod="-5" />
      <StaticTile TileID="6041" AltIDMod="-5" />
      <StaticTile TileID="6042" AltIDMod="-5" />
      <StaticTile TileID="6043" AltIDMod="-5" />
      <StaticTile TileID="6044" AltIDMod="-5" />
    </StaticTiles>
  </TransInfo>
  <TransInfo Description="High Coast to Snow SEA" HashKey="0C4D0C4D4D4D0C4D4D">
    <MapTiles>
      <MapTile TileID="378" AltIDMod="-13" />
    </MapTiles>
    <StaticTiles>
      <StaticTile TileID="6054" AltIDMod="-5" />
      <StaticTile TileID="6063" AltIDMod="-5" />
    </StaticTiles>
  </TransInfo>
  <TransInfo Description="High Coast to Snow NS" HashKey="4D4D4D4D4D4D0C4D0C">
    <MapTiles>
      <MapTile TileID="378" AltIDMod="-13" />
    </MapTiles>
    <StaticTiles>
      <StaticTile TileID="6039" AltIDMod="-5" />
      <StaticTile TileID="6040" AltIDMod="-5" />
      <StaticTile TileID="6041" AltIDMod="-5" />
      <StaticTile TileID="6042" AltIDMod="-5" />
      <StaticTile TileID="6043" AltIDMod="-5" />
      <StaticTile TileID="6044" AltIDMod="-5" />
    </StaticTiles>
  </TransInfo>
  <TransInfo Description="High Coast to Snow NS" HashKey="4D4D4D4D4D4D0C0C0C">
    <MapTiles>
      <MapTile TileID="378" AltIDMod="-13" />
    </MapTiles>
    <StaticTiles>
      <StaticTile TileID="6039" AltIDMod="-5" />
      <StaticTile TileID="6040" AltIDMod="-5" />
      <StaticTile TileID="6041" AltIDMod="-5" />
      <StaticTile TileID="6042" AltIDMod="-5" />
      <StaticTile TileID="6043" AltIDMod="-5" />
      <StaticTile TileID="6044" AltIDMod="-5" />
    </StaticTiles>
  </TransInfo>
  <TransInfo Description="High Coast to Snow EW" HashKey="4D4D4D0C4D4D4D4D4D">
    <MapTiles>
      <MapTile TileID="378" AltIDMod="-13" />
    </MapTiles>
    <StaticTiles>
      <StaticTile TileID="6051" AltIDMod="-5" />
      <StaticTile TileID="6052" AltIDMod="-5" />
    </StaticTiles>
  </TransInfo>
  <TransInfo Description="High Coast to Snow SEA" HashKey="0C0C4D0C4D4D0C4D4D">
    <MapTiles>
      <MapTile TileID="378" AltIDMod="-13" />
    </MapTiles>
    <StaticTiles>
      <StaticTile TileID="6054" AltIDMod="-5" />
      <StaticTile TileID="6063" AltIDMod="-5" />
    </StaticTiles>
  </TransInfo>
  <TransInfo Description="High Coast to Snow NWA" HashKey="4D4D0C4D4D0C4D0C4D">
    <MapTiles>
      <MapTile TileID="378" AltIDMod="-13" />
    </MapTiles>
    <StaticTiles>
      <StaticTile TileID="6039" AltIDMod="-5" />
      <StaticTile TileID="6040" AltIDMod="-5" />
      <StaticTile TileID="6041" AltIDMod="-5" />
      <StaticTile TileID="6042" AltIDMod="-5" />
      <StaticTile TileID="6043" AltIDMod="-5" />
      <StaticTile TileID="6044" AltIDMod="-5" />
    </StaticTiles>
  </TransInfo>
  <TransInfo Description="High Coast to Snow EW" HashKey="4D4D4D0C4D4D0C4D4D">
    <MapTiles>
      <MapTile TileID="378" AltIDMod="-13" />
    </MapTiles>
    <StaticTiles>
      <StaticTile TileID="6059" AltIDMod="-5" />
    </StaticTiles>
  </TransInfo>
  <TransInfo Description="High Coast to Snow SN" HashKey="0C0C0C4D4D4D4D4D4D">
    <MapTiles>
      <MapTile TileID="378" AltIDMod="-13" />
    </MapTiles>
    <StaticTiles>
      <StaticTile TileID="6047" AltIDMod="-5" />
      <StaticTile TileID="6048" AltIDMod="-5" />
    </StaticTiles>
  </TransInfo>
  <TransInfo Description="High Coast to Snow SWA" HashKey="4D0C4D4D4D0C4D4D4D">
    <MapTiles>
      <MapTile TileID="378" AltIDMod="-13" />
    </MapTiles>
    <StaticTiles>
      <StaticTile TileID="6039" AltIDMod="-5" />
      <StaticTile TileID="6040" AltIDMod="-5" />
      <StaticTile TileID="6041" AltIDMod="-5" />
      <StaticTile TileID="6042" AltIDMod="-5" />
      <StaticTile TileID="6043" AltIDMod="-5" />
      <StaticTile TileID="6044" AltIDMod="-5" />
    </StaticTiles>
  </TransInfo>
  <TransInfo Description="High Coast to Snow SWA" HashKey="0C4D0C4D4D0C4D4D4D">
    <MapTiles>
      <MapTile TileID="378" AltIDMod="-13" />
    </MapTiles>
    <StaticTiles>
      <StaticTile TileID="6039" AltIDMod="-5" />
      <StaticTile TileID="6040" AltIDMod="-5" />
      <StaticTile TileID="6041" AltIDMod="-5" />
      <StaticTile TileID="6042" AltIDMod="-5" />
      <StaticTile TileID="6043" AltIDMod="-5" />
      <StaticTile TileID="6044" AltIDMod="-5" />
    </StaticTiles>
  </TransInfo>
  <TransInfo Description="High Coast to Snow WE" HashKey="4D4D4D4D4D0C4D4D0C">
    <MapTiles>
      <MapTile TileID="378" AltIDMod="-13" />
    </MapTiles>
    <StaticTiles>
      <StaticTile TileID="6039" AltIDMod="-5" />
      <StaticTile TileID="6040" AltIDMod="-5" />
      <StaticTile TileID="6041" AltIDMod="-5" />
      <StaticTile TileID="6042" AltIDMod="-5" />
      <StaticTile TileID="6043" AltIDMod="-5" />
      <StaticTile TileID="6044" AltIDMod="-5" />
    </StaticTiles>
  </TransInfo>
  <TransInfo Description="High Coast to Snow NWA" HashKey="4D4D4D4D4D0C4D0C0C">
    <MapTiles>
      <MapTile TileID="378" AltIDMod="-13" />
    </MapTiles>
    <StaticTiles>
      <StaticTile TileID="6039" AltIDMod="-5" />
      <StaticTile TileID="6040" AltIDMod="-5" />
      <StaticTile TileID="6041" AltIDMod="-5" />
      <StaticTile TileID="6042" AltIDMod="-5" />
      <StaticTile TileID="6043" AltIDMod="-5" />
      <StaticTile TileID="6044" AltIDMod="-5" />
    </StaticTiles>
  </TransInfo>
  <TransInfo Description="High Coast to Snow SWB" HashKey="4D4D4D4D4D4D0C4D4D">
    <MapTiles>
      <MapTile TileID="378" AltIDMod="-13" />
    </MapTiles>
    <StaticTiles>
      <StaticTile TileID="6039" AltIDMod="-5" />
      <StaticTile TileID="6040" AltIDMod="-5" />
      <StaticTile TileID="6041" AltIDMod="-5" />
      <StaticTile TileID="6042" AltIDMod="-5" />
      <StaticTile TileID="6043" AltIDMod="-5" />
      <StaticTile TileID="6044" AltIDMod="-5" />
    </StaticTiles>
  </TransInfo>
  <TransInfo Description="High Coast to Snow SN" HashKey="0C0C4D4D4D4D4D4D4D">
    <MapTiles>
      <MapTile TileID="378" AltIDMod="-13" />
    </MapTiles>
    <StaticTiles>
      <StaticTile TileID="6047" AltIDMod="-5" />
      <StaticTile TileID="6048" AltIDMod="-5" />
    </StaticTiles>
  </TransInfo>
  <TransInfo Description="High Coast to Snow NEA" HashKey="4D4D4D0C4D4D0C0C4D">
    <MapTiles>
      <MapTile TileID="378" AltIDMod="-13" />
    </MapTiles>
    <StaticTiles>
      <StaticTile TileID="6059" AltIDMod="-5" />
    </StaticTiles>
  </TransInfo>
  <TransInfo Description="High Coast to Snow SEA" HashKey="0C0C0C0C4D4D0C4D4D">
    <MapTiles>
      <MapTile TileID="378" AltIDMod="-13" />
    </MapTiles>
    <StaticTiles>
      <StaticTile TileID="6054" AltIDMod="-5" />
      <StaticTile TileID="6063" AltIDMod="-5" />
    </StaticTiles>
  </TransInfo>
  <TransInfo Description="High Coast to Snow SEA" HashKey="4D0C4D4D4D4D0C4D4D">
    <MapTiles>
      <MapTile TileID="378" AltIDMod="-13" />
    </MapTiles>
    <StaticTiles>
      <StaticTile TileID="6054" AltIDMod="-5" />
      <StaticTile TileID="6063" AltIDMod="-5" />
    </StaticTiles>
  </TransInfo>
  <TransInfo Description="High Coast to Snow SWA" HashKey="4D0C4D4D4D0C4D4D0C">
    <MapTiles>
      <MapTile TileID="378" AltIDMod="-13" />
    </MapTiles>
    <StaticTiles>
      <StaticTile TileID="6039" AltIDMod="-5" />
      <StaticTile TileID="6040" AltIDMod="-5" />
      <StaticTile TileID="6041" AltIDMod="-5" />
      <StaticTile TileID="6042" AltIDMod="-5" />
      <StaticTile TileID="6043" AltIDMod="-5" />
      <StaticTile TileID="6044" AltIDMod="-5" />
    </StaticTiles>
  </TransInfo>
  <TransInfo Description="High Coast to Snow NEA" HashKey="0C4D4D0C4D4D0C0C4D">
    <MapTiles>
      <MapTile TileID="378" AltIDMod="-13" />
    </MapTiles>
    <StaticTiles>
      <StaticTile TileID="6051" AltIDMod="-5" />
      <StaticTile TileID="6052" AltIDMod="-5" />
    </StaticTiles>
  </TransInfo>
  <TransInfo Description="High Coast to Snow WE" HashKey="4D4D4D4D4D0C4D4D4D">
    <MapTiles>
      <MapTile TileID="378" AltIDMod="-13" />
    </MapTiles>
    <StaticTiles>
      <StaticTile TileID="6039" AltIDMod="-5" />
      <StaticTile TileID="6040" AltIDMod="-5" />
      <StaticTile TileID="6041" AltIDMod="-5" />
      <StaticTile TileID="6042" AltIDMod="-5" />
      <StaticTile TileID="6043" AltIDMod="-5" />
      <StaticTile TileID="6044" AltIDMod="-5" />
    </StaticTiles>
  </TransInfo>
  <TransInfo Description="High Coast to Snow NEA" HashKey="0C4D4D4D4D4D4D0C0C">
    <MapTiles>
      <MapTile TileID="378" AltIDMod="-13" />
    </MapTiles>
    <StaticTiles>
      <StaticTile TileID="6039" AltIDMod="-5" />
      <StaticTile TileID="6040" AltIDMod="-5" />
      <StaticTile TileID="6041" AltIDMod="-5" />
      <StaticTile TileID="6042" AltIDMod="-5" />
      <StaticTile TileID="6043" AltIDMod="-5" />
      <StaticTile TileID="6044" AltIDMod="-5" />
    </StaticTiles>
  </TransInfo>
  <TransInfo Description="High Coast to Snow NWA" HashKey="4D4D0C4D4D4D4D0C4D">
    <MapTiles>
      <MapTile TileID="378" AltIDMod="-13" />
    </MapTiles>
    <StaticTiles>
      <StaticTile TileID="6039" AltIDMod="-5" />
      <StaticTile TileID="6040" AltIDMod="-5" />
      <StaticTile TileID="6041" AltIDMod="-5" />
      <StaticTile TileID="6042" AltIDMod="-5" />
      <StaticTile TileID="6043" AltIDMod="-5" />
      <StaticTile TileID="6044" AltIDMod="-5" />
    </StaticTiles>
  </TransInfo>
  <TransInfo Description="High Coast to Snow SWA" HashKey="0C0C4D4D4D4D4D4D0C">
    <MapTiles>
      <MapTile TileID="378" AltIDMod="-13" />
    </MapTiles>
    <StaticTiles>
      <StaticTile TileID="6039" AltIDMod="-5" />
      <StaticTile TileID="6040" AltIDMod="-5" />
      <StaticTile TileID="6041" AltIDMod="-5" />
      <StaticTile TileID="6042" AltIDMod="-5" />
      <StaticTile TileID="6043" AltIDMod="-5" />
      <StaticTile TileID="6044" AltIDMod="-5" />
    </StaticTiles>
  </TransInfo>
  <TransInfo Description="High Coast to Snow SEA" HashKey="4D0C0C0C4D4D4D4D4D">
    <MapTiles>
      <MapTile TileID="378" AltIDMod="-13" />
    </MapTiles>
    <StaticTiles>
      <StaticTile TileID="6054" AltIDMod="-5" />
      <StaticTile TileID="6063" AltIDMod="-5" />
    </StaticTiles>
  </TransInfo>
  <TransInfo Description="High Coast to Snow SEA" HashKey="0C4D0C0C4D4D0C4D4D">
    <MapTiles>
      <MapTile TileID="378" AltIDMod="-13" />
    </MapTiles>
    <StaticTiles>
      <StaticTile TileID="6054" AltIDMod="-5" />
      <StaticTile TileID="6063" AltIDMod="-5" />
    </StaticTiles>
  </TransInfo>
  <TransInfo Description="High Coast to Snow NEA" HashKey="0C4D4D0C4D4D0C4D0C">
    <MapTiles>
      <MapTile TileID="378" AltIDMod="-13" />
    </MapTiles>
    <StaticTiles>
      <StaticTile TileID="6039" AltIDMod="-5" />
      <StaticTile TileID="6040" AltIDMod="-5" />
      <StaticTile TileID="6041" AltIDMod="-5" />
      <StaticTile TileID="6042" AltIDMod="-5" />
      <StaticTile TileID="6043" AltIDMod="-5" />
      <StaticTile TileID="6044" AltIDMod="-5" />
    </StaticTiles>
  </TransInfo>
</Trans>