﻿<?xml version="1.0" encoding="utf-8"?>
<Trans>
  <TransInfo Description="High Coast to Shallow Water" HashKey="4D4D064D4D06060606">
    <MapTiles>
      <MapTile TileID="168" AltIDMod="-5" />
      <MapTile TileID="169" AltIDMod="-5" />
      <MapTile TileID="170" AltIDMod="-5" />
      <MapTile TileID="171" AltIDMod="-5" />
    </MapTiles>
    <StaticTiles />
  </TransInfo>
  <TransInfo Description="High Coast to Shallow Water" HashKey="0606064D4D064D4D4D">
    <MapTiles>
      <MapTile TileID="168" AltIDMod="-5" />
      <MapTile TileID="169" AltIDMod="-5" />
      <MapTile TileID="170" AltIDMod="-5" />
      <MapTile TileID="171" AltIDMod="-5" />
    </MapTiles>
    <StaticTiles />
  </TransInfo>
  <TransInfo Description="High Coast to Shallow Water" HashKey="4D4D064D4D064D0606">
    <MapTiles>
      <MapTile TileID="102" AltIDMod="-5" />
    </MapTiles>
    <StaticTiles>
      <StaticTile TileID="6039" AltIDMod="-5" />
      <StaticTile TileID="6040" AltIDMod="-5" />
      <StaticTile TileID="6041" AltIDMod="-5" />
      <StaticTile TileID="6042" AltIDMod="-5" />
      <StaticTile TileID="6043" AltIDMod="-5" />
      <StaticTile TileID="6044" AltIDMod="-5" />
    </StaticTiles>
  </TransInfo>
  <TransInfo Description="High Coast to Shallow Water" HashKey="4D4D064D4D064D4D06">
    <MapTiles>
      <MapTile TileID="168" AltIDMod="-5" />
      <MapTile TileID="169" AltIDMod="-5" />
      <MapTile TileID="170" AltIDMod="-5" />
      <MapTile TileID="171" AltIDMod="-5" />
    </MapTiles>
    <StaticTiles />
  </TransInfo>
  <TransInfo Description="High Coast to Shallow Water" HashKey="4D4D064D4D064D4D4D">
    <MapTiles>
      <MapTile TileID="168" AltIDMod="-5" />
      <MapTile TileID="169" AltIDMod="-5" />
      <MapTile TileID="170" AltIDMod="-5" />
      <MapTile TileID="171" AltIDMod="-5" />
    </MapTiles>
    <StaticTiles />
  </TransInfo>
  <TransInfo Description="High Coast to Shallow Water" HashKey="4D06064D4D064D4D4D">
    <MapTiles>
      <MapTile TileID="168" AltIDMod="-5" />
      <MapTile TileID="169" AltIDMod="-5" />
      <MapTile TileID="170" AltIDMod="-5" />
      <MapTile TileID="171" AltIDMod="-5" />
    </MapTiles>
    <StaticTiles />
  </TransInfo>
  <TransInfo Description="High Coast to Shallow Water" HashKey="4D4D4D4D4D4D06064D">
    <MapTiles>
      <MapTile TileID="168" AltIDMod="-5" />
      <MapTile TileID="169" AltIDMod="-5" />
      <MapTile TileID="170" AltIDMod="-5" />
      <MapTile TileID="171" AltIDMod="-5" />
    </MapTiles>
    <StaticTiles />
  </TransInfo>
  <TransInfo Description="High Coast to Shallow Water" HashKey="0606064D4D4D4D4D4D">
    <MapTiles>
      <MapTile TileID="168" AltIDMod="-5" />
      <MapTile TileID="169" AltIDMod="-5" />
      <MapTile TileID="170" AltIDMod="-5" />
      <MapTile TileID="171" AltIDMod="-5" />
    </MapTiles>
    <StaticTiles />
  </TransInfo>
  <TransInfo Description="High Coast to Shallow Water" HashKey="4D4D4D4D4D4D4D0606">
    <MapTiles>
      <MapTile TileID="168" AltIDMod="-5" />
      <MapTile TileID="169" AltIDMod="-5" />
      <MapTile TileID="170" AltIDMod="-5" />
      <MapTile TileID="171" AltIDMod="-5" />
    </MapTiles>
    <StaticTiles />
  </TransInfo>
  <TransInfo Description="High Coast to Shallow Water" HashKey="4D4D4D4D4D4D064D4D">
    <MapTiles>
      <MapTile TileID="168" AltIDMod="-5" />
      <MapTile TileID="169" AltIDMod="-5" />
      <MapTile TileID="170" AltIDMod="-5" />
      <MapTile TileID="171" AltIDMod="-5" />
    </MapTiles>
    <StaticTiles />
  </TransInfo>
  <TransInfo Description="High Coast to Shallow Water" HashKey="4D4D4D064D4D06064D">
    <MapTiles>
      <MapTile TileID="168" AltIDMod="-5" />
      <MapTile TileID="169" AltIDMod="-5" />
      <MapTile TileID="170" AltIDMod="-5" />
      <MapTile TileID="171" AltIDMod="-5" />
    </MapTiles>
    <StaticTiles />
  </TransInfo>
  <TransInfo Description="High Coast to Shallow Water" HashKey="4D06064D4D4D4D4D4D">
    <MapTiles>
      <MapTile TileID="168" AltIDMod="-5" />
      <MapTile TileID="169" AltIDMod="-5" />
      <MapTile TileID="170" AltIDMod="-5" />
      <MapTile TileID="171" AltIDMod="-5" />
    </MapTiles>
    <StaticTiles />
  </TransInfo>
  <TransInfo Description="High Coast to Shallow Water" HashKey="064D4D064D4D4D4D4D">
    <MapTiles>
      <MapTile TileID="168" AltIDMod="-5" />
      <MapTile TileID="169" AltIDMod="-5" />
      <MapTile TileID="170" AltIDMod="-5" />
      <MapTile TileID="171" AltIDMod="-5" />
    </MapTiles>
    <StaticTiles />
  </TransInfo>
  <TransInfo Description="High Coast to Shallow Water" HashKey="4D4D4D064D4D060606">
    <MapTiles>
      <MapTile TileID="168" AltIDMod="-5" />
      <MapTile TileID="169" AltIDMod="-5" />
      <MapTile TileID="170" AltIDMod="-5" />
      <MapTile TileID="171" AltIDMod="-5" />
    </MapTiles>
    <StaticTiles />
  </TransInfo>
  <TransInfo Description="High Coast to Shallow Water" HashKey="4D4D4D4D4D4D4D4D06">
    <MapTiles>
      <MapTile TileID="168" AltIDMod="-5" />
      <MapTile TileID="169" AltIDMod="-5" />
      <MapTile TileID="170" AltIDMod="-5" />
      <MapTile TileID="171" AltIDMod="-5" />
    </MapTiles>
    <StaticTiles />
  </TransInfo>
  <TransInfo Description="High Coast to Shallow Water" HashKey="0606064D4D064D4D06">
    <MapTiles>
      <MapTile TileID="168" AltIDMod="-5" />
      <MapTile TileID="169" AltIDMod="-5" />
      <MapTile TileID="170" AltIDMod="-5" />
      <MapTile TileID="171" AltIDMod="-5" />
    </MapTiles>
    <StaticTiles />
  </TransInfo>
  <TransInfo Description="High Coast to Shallow Water" HashKey="4D4D4D064D4D064D4D">
    <MapTiles>
      <MapTile TileID="168" AltIDMod="-5" />
      <MapTile TileID="169" AltIDMod="-5" />
      <MapTile TileID="170" AltIDMod="-5" />
      <MapTile TileID="171" AltIDMod="-5" />
    </MapTiles>
    <StaticTiles />
  </TransInfo>
  <TransInfo Description="High Coast to Shallow Water" HashKey="060606064D4D064D4D">
    <MapTiles>
      <MapTile TileID="168" AltIDMod="-5" />
      <MapTile TileID="169" AltIDMod="-5" />
      <MapTile TileID="170" AltIDMod="-5" />
      <MapTile TileID="171" AltIDMod="-5" />
    </MapTiles>
    <StaticTiles />
  </TransInfo>
  <TransInfo Description="High Coast to Shallow Water" HashKey="4D4D4D4D4D4D060606">
    <MapTiles>
      <MapTile TileID="168" AltIDMod="-5" />
      <MapTile TileID="169" AltIDMod="-5" />
      <MapTile TileID="170" AltIDMod="-5" />
      <MapTile TileID="171" AltIDMod="-5" />
    </MapTiles>
    <StaticTiles />
  </TransInfo>
  <TransInfo Description="High Coast to Shallow Water" HashKey="06064D064D4D4D4D4D">
    <MapTiles>
      <MapTile TileID="168" AltIDMod="-5" />
      <MapTile TileID="169" AltIDMod="-5" />
      <MapTile TileID="170" AltIDMod="-5" />
      <MapTile TileID="171" AltIDMod="-5" />
    </MapTiles>
    <StaticTiles />
  </TransInfo>
  <TransInfo Description="High Coast to Shallow Water" HashKey="064D4D4D4D4D4D4D4D">
    <MapTiles>
      <MapTile TileID="168" AltIDMod="-5" />
      <MapTile TileID="169" AltIDMod="-5" />
      <MapTile TileID="170" AltIDMod="-5" />
      <MapTile TileID="171" AltIDMod="-5" />
    </MapTiles>
    <StaticTiles />
  </TransInfo>
  <TransInfo Description="High Coast to Shallow Water" HashKey="4D06064D4D064D4D06">
    <MapTiles>
      <MapTile TileID="168" AltIDMod="-5" />
      <MapTile TileID="169" AltIDMod="-5" />
      <MapTile TileID="170" AltIDMod="-5" />
      <MapTile TileID="171" AltIDMod="-5" />
    </MapTiles>
    <StaticTiles />
  </TransInfo>
  <TransInfo Description="High Coast to Shallow Water" HashKey="4D4D4D4D4D06060606">
    <MapTiles>
      <MapTile TileID="168" AltIDMod="-5" />
      <MapTile TileID="169" AltIDMod="-5" />
      <MapTile TileID="170" AltIDMod="-5" />
      <MapTile TileID="171" AltIDMod="-5" />
    </MapTiles>
    <StaticTiles />
  </TransInfo>
  <TransInfo Description="High Coast to Shallow Water" HashKey="064D4D064D4D060606">
    <MapTiles>
      <MapTile TileID="168" AltIDMod="-5" />
      <MapTile TileID="169" AltIDMod="-5" />
      <MapTile TileID="170" AltIDMod="-5" />
      <MapTile TileID="171" AltIDMod="-5" />
    </MapTiles>
    <StaticTiles />
  </TransInfo>
  <TransInfo Description="High Coast to Shallow Water" HashKey="064D4D064D4D064D4D">
    <MapTiles>
      <MapTile TileID="168" AltIDMod="-5" />
      <MapTile TileID="169" AltIDMod="-5" />
      <MapTile TileID="170" AltIDMod="-5" />
      <MapTile TileID="171" AltIDMod="-5" />
    </MapTiles>
    <StaticTiles />
  </TransInfo>
  <TransInfo Description="High Coast to Shallow Water" HashKey="064D4D064D4D06064D">
    <MapTiles>
      <MapTile TileID="168" AltIDMod="-5" />
      <MapTile TileID="169" AltIDMod="-5" />
      <MapTile TileID="170" AltIDMod="-5" />
      <MapTile TileID="171" AltIDMod="-5" />
    </MapTiles>
    <StaticTiles />
  </TransInfo>
  <TransInfo Description="High Coast to Shallow Water" HashKey="4D4D4D4D4D064D0606">
    <MapTiles>
      <MapTile TileID="168" AltIDMod="-5" />
      <MapTile TileID="169" AltIDMod="-5" />
      <MapTile TileID="170" AltIDMod="-5" />
      <MapTile TileID="171" AltIDMod="-5" />
    </MapTiles>
    <StaticTiles />
  </TransInfo>
  <TransInfo Description="High Coast to Shallow Water" HashKey="06064D064D4D064D4D">
    <MapTiles>
      <MapTile TileID="168" AltIDMod="-5" />
      <MapTile TileID="169" AltIDMod="-5" />
      <MapTile TileID="170" AltIDMod="-5" />
      <MapTile TileID="171" AltIDMod="-5" />
    </MapTiles>
    <StaticTiles />
  </TransInfo>
  <TransInfo Description="High Coast to Shallow Water" HashKey="4D4D064D4D4D4D4D4D">
    <MapTiles>
      <MapTile TileID="168" AltIDMod="-5" />
      <MapTile TileID="169" AltIDMod="-5" />
      <MapTile TileID="170" AltIDMod="-5" />
      <MapTile TileID="171" AltIDMod="-5" />
    </MapTiles>
    <StaticTiles />
  </TransInfo>
  <TransInfo Description="High Coast to Shallow Water" HashKey="06064D4D4D4D4D4D4D">
    <MapTiles>
      <MapTile TileID="168" AltIDMod="-5" />
      <MapTile TileID="169" AltIDMod="-5" />
      <MapTile TileID="170" AltIDMod="-5" />
      <MapTile TileID="171" AltIDMod="-5" />
    </MapTiles>
    <StaticTiles />
  </TransInfo>
  <TransInfo Description="High Coast to Shallow Water" HashKey="060606064D4D4D4D4D">
    <MapTiles>
      <MapTile TileID="168" AltIDMod="-5" />
      <MapTile TileID="169" AltIDMod="-5" />
      <MapTile TileID="170" AltIDMod="-5" />
      <MapTile TileID="171" AltIDMod="-5" />
    </MapTiles>
    <StaticTiles />
  </TransInfo>
  <TransInfo Description="High Coast to Shallow Water" HashKey="4D4D4D4D4D064D4D06">
    <MapTiles>
      <MapTile TileID="168" AltIDMod="-5" />
      <MapTile TileID="169" AltIDMod="-5" />
      <MapTile TileID="170" AltIDMod="-5" />
      <MapTile TileID="171" AltIDMod="-5" />
    </MapTiles>
    <StaticTiles />
  </TransInfo>
</Trans>