﻿<?xml version="1.0" encoding="utf-8"?>
<Trans>
    <TransInfo Description="Large Dirt to Cobblestones SN" HashKey="181818070707070707">
    <MapTiles>
      <MapTile TileID="1023" AltIDMod="0" />
    </MapTiles>
    <StaticTiles />
  </TransInfo>
  <TransInfo Description="Large Dirt to Cobblestones SN" HashKey="071818070707070707">
    <MapTiles>
      <MapTile TileID="1023" AltIDMod="0" />
    </MapTiles>
    <StaticTiles />
  </TransInfo>
  <TransInfo Description="Large Dirt to Cobblestones SN" HashKey="181807070707070707">
    <MapTiles>
      <MapTile TileID="1023" AltIDMod="0" />
    </MapTiles>
    <StaticTiles />
  </TransInfo>
  <TransInfo Description="Large Dirt to Cobblestones SN" HashKey="071807070707070707">
    <MapTiles>
      <MapTile TileID="1023" AltIDMod="0" />
    </MapTiles>
    <StaticTiles />
  </TransInfo>
  <TransInfo Description="Large Dirt to Cobblestones SN" HashKey="180718070707070707">
    <MapTiles>
      <MapTile TileID="1023" AltIDMod="0" />
    </MapTiles>
    <StaticTiles />
  </TransInfo>
  <TransInfo Description="Large Dirt to Cobblestones EW" HashKey="180707180707180707">
    <MapTiles>
      <MapTile TileID="1022" AltIDMod="0" />
    </MapTiles>
    <StaticTiles />
  </TransInfo>
  <TransInfo Description="Large Dirt to Cobblestones EW" HashKey="180707180707070707">
    <MapTiles>
      <MapTile TileID="1022" AltIDMod="0" />
    </MapTiles>
    <StaticTiles />
  </TransInfo>
  <TransInfo Description="Large Dirt to Cobblestones EW" HashKey="070707180707180707">
    <MapTiles>
      <MapTile TileID="1022" AltIDMod="0" />
    </MapTiles>
    <StaticTiles />
  </TransInfo>
  <TransInfo Description="Large Dirt to Cobblestones EW" HashKey="070707180707070707">
    <MapTiles>
      <MapTile TileID="1022" AltIDMod="0" />
    </MapTiles>
    <StaticTiles />
  </TransInfo>
  <TransInfo Description="Large Dirt to Cobblestones EW" HashKey="180707070707180707">
    <MapTiles>
      <MapTile TileID="1022" AltIDMod="0" />
    </MapTiles>
    <StaticTiles />
  </TransInfo>
  <TransInfo Description="Large Dirt to Cobblestones WE" HashKey="070718070718070718">
    <MapTiles>
      <MapTile TileID="1024" AltIDMod="0" />
    </MapTiles>
    <StaticTiles />
  </TransInfo>
  <TransInfo Description="Large Dirt to Cobblestones WE" HashKey="070707070718070718">
    <MapTiles>
      <MapTile TileID="1024" AltIDMod="0" />
    </MapTiles>
    <StaticTiles />
  </TransInfo>
  <TransInfo Description="Large Dirt to Cobblestones WE" HashKey="070718070718070707">
    <MapTiles>
      <MapTile TileID="1024" AltIDMod="0" />
    </MapTiles>
    <StaticTiles />
  </TransInfo>
  <TransInfo Description="Large Dirt to Cobblestones WE" HashKey="070707070718070707">
    <MapTiles>
      <MapTile TileID="1024" AltIDMod="0" />
    </MapTiles>
    <StaticTiles />
  </TransInfo>
  <TransInfo Description="Large Dirt to Cobblestones WE" HashKey="070718070707070718">
    <MapTiles>
      <MapTile TileID="1024" AltIDMod="0" />
    </MapTiles>
    <StaticTiles />
  </TransInfo>
  <TransInfo Description="Large Dirt to Cobblestones NS" HashKey="070707070707181818">
    <MapTiles>
      <MapTile TileID="1025" AltIDMod="0" />
    </MapTiles>
    <StaticTiles />
  </TransInfo>
  <TransInfo Description="Large Dirt to Cobblestones NS" HashKey="070707070707181807">
    <MapTiles>
      <MapTile TileID="1025" AltIDMod="0" />
    </MapTiles>
    <StaticTiles />
  </TransInfo>
  <TransInfo Description="Large Dirt to Cobblestones NS" HashKey="070707070707071818">
    <MapTiles>
      <MapTile TileID="1025" AltIDMod="0" />
    </MapTiles>
    <StaticTiles />
  </TransInfo>
  <TransInfo Description="Large Dirt to Cobblestones NS" HashKey="070707070707071807">
    <MapTiles>
      <MapTile TileID="1025" AltIDMod="0" />
    </MapTiles>
    <StaticTiles />
  </TransInfo>
  <TransInfo Description="Large Dirt to Cobblestones NS" HashKey="070707070707180718">
    <MapTiles>
      <MapTile TileID="1025" AltIDMod="0" />
    </MapTiles>
    <StaticTiles />
  </TransInfo>
  <TransInfo Description="Large Dirt to Cobblestones NWA" HashKey="070718070718181818">
    <MapTiles>
      <MapTile TileID="1019" AltIDMod="0" />
    </MapTiles>
    <StaticTiles />
  </TransInfo>
  <TransInfo Description="Large Dirt to Cobblestones NWA" HashKey="070707070718181818">
    <MapTiles>
      <MapTile TileID="1019" AltIDMod="0" />
    </MapTiles>
    <StaticTiles />
  </TransInfo>
  <TransInfo Description="Large Dirt to Cobblestones NWA" HashKey="070718070718071818">
    <MapTiles>
      <MapTile TileID="1019" AltIDMod="0" />
    </MapTiles>
    <StaticTiles />
  </TransInfo>
  <TransInfo Description="Large Dirt to Cobblestones NWA" HashKey="070707070718071818">
    <MapTiles>
      <MapTile TileID="1019" AltIDMod="0" />
    </MapTiles>
    <StaticTiles />
  </TransInfo>
  <TransInfo Description="Large Dirt to Cobblestones NWA" HashKey="070707070718071807">
    <MapTiles>
      <MapTile TileID="1019" AltIDMod="0" />
    </MapTiles>
    <StaticTiles />
  </TransInfo>
  <TransInfo Description="Large Dirt to Cobblestones NWA" HashKey="070718070707071818">
    <MapTiles>
      <MapTile TileID="1019" AltIDMod="0" />
    </MapTiles>
    <StaticTiles />
  </TransInfo>
  <TransInfo Description="Large Dirt to Cobblestones NWA" HashKey="070718070707181818">
    <MapTiles>
      <MapTile TileID="1019" AltIDMod="0" />
    </MapTiles>
    <StaticTiles />
  </TransInfo>
  <TransInfo Description="Large Dirt to Cobblestones NWA" HashKey="070718070707181807">
    <MapTiles>
      <MapTile TileID="1019" AltIDMod="0" />
    </MapTiles>
    <StaticTiles />
  </TransInfo>
  <TransInfo Description="Large Dirt to Cobblestones NWA" HashKey="070707070718180718">
    <MapTiles>
      <MapTile TileID="1019" AltIDMod="0" />
    </MapTiles>
    <StaticTiles />
  </TransInfo>
  <TransInfo Description="Large Dirt to Cobblestones NWA" HashKey="070718070718180718">
    <MapTiles>
      <MapTile TileID="1019" AltIDMod="0" />
    </MapTiles>
    <StaticTiles />
  </TransInfo>
  <TransInfo Description="Large Dirt to Cobblestones NWA" HashKey="070718070718181807">
    <MapTiles>
      <MapTile TileID="1019" AltIDMod="0" />
    </MapTiles>
    <StaticTiles />
  </TransInfo>
  <TransInfo Description="Large Dirt to Cobblestones NWA" HashKey="070718070718180707">
    <MapTiles>
      <MapTile TileID="1019" AltIDMod="0" />
    </MapTiles>
    <StaticTiles />
  </TransInfo>
  <TransInfo Description="Large Dirt to Cobblestones NWA" HashKey="070718070707071807">
    <MapTiles>
      <MapTile TileID="1019" AltIDMod="0" />
    </MapTiles>
    <StaticTiles />
  </TransInfo>
  <TransInfo Description="Large Dirt to Cobblestones NWA" HashKey="070707070718180707">
    <MapTiles>
      <MapTile TileID="1019" AltIDMod="0" />
    </MapTiles>
    <StaticTiles />
  </TransInfo>
  <TransInfo Description="Large Dirt to Cobblestones NWA" HashKey="070718070718071807">
    <MapTiles>
      <MapTile TileID="1019" AltIDMod="0" />
    </MapTiles>
    <StaticTiles />
  </TransInfo>
  <TransInfo Description="Large Dirt to Cobblestones NWA" HashKey="070718070707180718">
    <MapTiles>
      <MapTile TileID="1019" AltIDMod="0" />
    </MapTiles>
    <StaticTiles />
  </TransInfo>
  <TransInfo Description="Large Dirt to Cobblestones NWA" HashKey="070707070718181807">
    <MapTiles>
      <MapTile TileID="1019" AltIDMod="0" />
    </MapTiles>
    <StaticTiles />
  </TransInfo>
  <TransInfo Description="Large Dirt to Cobblestones SEA" HashKey="181818180707180707">
    <MapTiles>
      <MapTile TileID="1021" AltIDMod="0" />
    </MapTiles>
    <StaticTiles />
  </TransInfo>
  <TransInfo Description="Large Dirt to Cobblestones SEA" HashKey="181807180707180707">
    <MapTiles>
      <MapTile TileID="1021" AltIDMod="0" />
    </MapTiles>
    <StaticTiles />
  </TransInfo>
  <TransInfo Description="Large Dirt to Cobblestones SEA" HashKey="181818180707070707">
    <MapTiles>
      <MapTile TileID="1021" AltIDMod="0" />
    </MapTiles>
    <StaticTiles />
  </TransInfo>
  <TransInfo Description="Large Dirt to Cobblestones SEA" HashKey="181807180707070707">
    <MapTiles>
      <MapTile TileID="1021" AltIDMod="0" />
    </MapTiles>
    <StaticTiles />
  </TransInfo>
  <TransInfo Description="Large Dirt to Cobblestones SEA" HashKey="180718180707070707">
    <MapTiles>
      <MapTile TileID="1021" AltIDMod="0" />
    </MapTiles>
    <StaticTiles />
  </TransInfo>
  <TransInfo Description="Large Dirt to Cobblestones SEA" HashKey="181807070707180707">
    <MapTiles>
      <MapTile TileID="1021" AltIDMod="0" />
    </MapTiles>
    <StaticTiles />
  </TransInfo>
  <TransInfo Description="Large Dirt to Cobblestones SEA" HashKey="071818070707180707">
    <MapTiles>
      <MapTile TileID="1021" AltIDMod="0" />
    </MapTiles>
    <StaticTiles />
  </TransInfo>
  <TransInfo Description="Large Dirt to Cobblestones SEA" HashKey="180718070707180707">
    <MapTiles>
      <MapTile TileID="1021" AltIDMod="0" />
    </MapTiles>
    <StaticTiles />
  </TransInfo>
  <TransInfo Description="Large Dirt to Cobblestones SEA" HashKey="181818070707180707">
    <MapTiles>
      <MapTile TileID="1021" AltIDMod="0" />
    </MapTiles>
    <StaticTiles />
  </TransInfo>
  <TransInfo Description="Large Dirt to Cobblestones SEA" HashKey="071807180707070707">
    <MapTiles>
      <MapTile TileID="1021" AltIDMod="0" />
    </MapTiles>
    <StaticTiles />
  </TransInfo>
  <TransInfo Description="Large Dirt to Cobblestones SEA" HashKey="180718180707180707">
    <MapTiles>
      <MapTile TileID="1021" AltIDMod="0" />
    </MapTiles>
    <StaticTiles />
  </TransInfo>
  <TransInfo Description="Large Dirt to Cobblestones SEA" HashKey="070718180707180707">
    <MapTiles>
      <MapTile TileID="1021" AltIDMod="0" />
    </MapTiles>
    <StaticTiles />
  </TransInfo>
  <TransInfo Description="Large Dirt to Cobblestones SEA" HashKey="071818180707180707">
    <MapTiles>
      <MapTile TileID="1021" AltIDMod="0" />
    </MapTiles>
    <StaticTiles />
  </TransInfo>
  <TransInfo Description="Large Dirt to Cobblestones SEA" HashKey="070718180707070707">
    <MapTiles>
      <MapTile TileID="1021" AltIDMod="0" />
    </MapTiles>
    <StaticTiles />
  </TransInfo>
  <TransInfo Description="Large Dirt to Cobblestones SEA" HashKey="071807180707180707">
    <MapTiles>
      <MapTile TileID="1021" AltIDMod="0" />
    </MapTiles>
    <StaticTiles />
  </TransInfo>
  <TransInfo Description="Large Dirt to Cobblestones SEA" HashKey="071807070707180707">
    <MapTiles>
      <MapTile TileID="1021" AltIDMod="0" />
    </MapTiles>
    <StaticTiles />
  </TransInfo>
  <TransInfo Description="Large Dirt to Cobblestones SEA" HashKey="071818180707070707">
    <MapTiles>
      <MapTile TileID="1021" AltIDMod="0" />
    </MapTiles>
    <StaticTiles />
  </TransInfo>
  <TransInfo Description="Large Dirt to Cobblestones NEA" HashKey="180707180707181818">
    <MapTiles>
      <MapTile TileID="1020" AltIDMod="0" />
    </MapTiles>
    <StaticTiles />
  </TransInfo>
  <TransInfo Description="Large Dirt to Cobblestones NEA" HashKey="070707180707181818">
    <MapTiles>
      <MapTile TileID="1020" AltIDMod="0" />
    </MapTiles>
    <StaticTiles />
  </TransInfo>
  <TransInfo Description="Large Dirt to Cobblestones NEA" HashKey="180707180707181807">
    <MapTiles>
      <MapTile TileID="1020" AltIDMod="0" />
    </MapTiles>
    <StaticTiles />
  </TransInfo>
  <TransInfo Description="Large Dirt to Cobblestones NEA" HashKey="070707180707181807">
    <MapTiles>
      <MapTile TileID="1020" AltIDMod="0" />
    </MapTiles>
    <StaticTiles />
  </TransInfo>
  <TransInfo Description="Large Dirt to Cobblestones NEA" HashKey="070707180707071807">
    <MapTiles>
      <MapTile TileID="1020" AltIDMod="0" />
    </MapTiles>
    <StaticTiles />
  </TransInfo>
  <TransInfo Description="Large Dirt to Cobblestones NEA" HashKey="180707180707070718">
    <MapTiles>
      <MapTile TileID="1020" AltIDMod="0" />
    </MapTiles>
    <StaticTiles />
  </TransInfo>
  <TransInfo Description="Large Dirt to Cobblestones NEA" HashKey="180707070707181818">
    <MapTiles>
      <MapTile TileID="1020" AltIDMod="0" />
    </MapTiles>
    <StaticTiles />
  </TransInfo>
  <TransInfo Description="Large Dirt to Cobblestones NEA" HashKey="180707070707181807">
    <MapTiles>
      <MapTile TileID="1020" AltIDMod="0" />
    </MapTiles>
    <StaticTiles />
  </TransInfo>
  <TransInfo Description="Large Dirt to Cobblestones NEA" HashKey="180707070707071807">
    <MapTiles>
      <MapTile TileID="1020" AltIDMod="0" />
    </MapTiles>
    <StaticTiles />
  </TransInfo>
  <TransInfo Description="Large Dirt to Cobblestones NEA" HashKey="070707180707180718">
    <MapTiles>
      <MapTile TileID="1020" AltIDMod="0" />
    </MapTiles>
    <StaticTiles />
  </TransInfo>
  <TransInfo Description="Large Dirt to Cobblestones NEA" HashKey="180707180707180718">
    <MapTiles>
      <MapTile TileID="1020" AltIDMod="0" />
    </MapTiles>
    <StaticTiles />
  </TransInfo>
  <TransInfo Description="Large Dirt to Cobblestones NEA" HashKey="180707070707071818">
    <MapTiles>
      <MapTile TileID="1020" AltIDMod="0" />
    </MapTiles>
    <StaticTiles />
  </TransInfo>
  <TransInfo Description="Large Dirt to Cobblestones NEA" HashKey="180707180707071818">
    <MapTiles>
      <MapTile TileID="1020" AltIDMod="0" />
    </MapTiles>
    <StaticTiles />
  </TransInfo>
  <TransInfo Description="Large Dirt to Cobblestones NEA" HashKey="070707180707071818">
    <MapTiles>
      <MapTile TileID="1020" AltIDMod="0" />
    </MapTiles>
    <StaticTiles />
  </TransInfo>
  <TransInfo Description="Large Dirt to Cobblestones NEA" HashKey="070707180707070718">
    <MapTiles>
      <MapTile TileID="1020" AltIDMod="0" />
    </MapTiles>
    <StaticTiles />
  </TransInfo>
  <TransInfo Description="Large Dirt to Cobblestones NEA" HashKey="180707070707180718">
    <MapTiles>
      <MapTile TileID="1020" AltIDMod="0" />
    </MapTiles>
    <StaticTiles />
  </TransInfo>
  <TransInfo Description="Large Dirt to Cobblestones NEA" HashKey="180707180707071807">
    <MapTiles>
      <MapTile TileID="1020" AltIDMod="0" />
    </MapTiles>
    <StaticTiles />
  </TransInfo>
  <TransInfo Description="Large Dirt to Cobblestones SWA" HashKey="181818070718070718">
    <MapTiles>
      <MapTile TileID="1018" AltIDMod="0" />
    </MapTiles>
    <StaticTiles />
  </TransInfo>
  <TransInfo Description="Large Dirt to Cobblestones SWA" HashKey="181818070718070707">
    <MapTiles>
      <MapTile TileID="1018" AltIDMod="0" />
    </MapTiles>
    <StaticTiles />
  </TransInfo>
  <TransInfo Description="Large Dirt to Cobblestones SWA" HashKey="071818070718070718">
    <MapTiles>
      <MapTile TileID="1018" AltIDMod="0" />
    </MapTiles>
    <StaticTiles />
  </TransInfo>
  <TransInfo Description="Large Dirt to Cobblestones SWA" HashKey="071818070718070707">
    <MapTiles>
      <MapTile TileID="1018" AltIDMod="0" />
    </MapTiles>
    <StaticTiles />
  </TransInfo>
  <TransInfo Description="Large Dirt to Cobblestones SWA" HashKey="180707070718070718">
    <MapTiles>
      <MapTile TileID="1018" AltIDMod="0" />
    </MapTiles>
    <StaticTiles />
  </TransInfo>
  <TransInfo Description="Large Dirt to Cobblestones SWA" HashKey="180718070718070707">
    <MapTiles>
      <MapTile TileID="1018" AltIDMod="0" />
    </MapTiles>
    <StaticTiles />
  </TransInfo>
  <TransInfo Description="Large Dirt to Cobblestones SWA" HashKey="180718070718070718">
    <MapTiles>
      <MapTile TileID="1018" AltIDMod="0" />
    </MapTiles>
    <StaticTiles />
  </TransInfo>
  <TransInfo Description="Large Dirt to Cobblestones SWA" HashKey="181807070707070718">
    <MapTiles>
      <MapTile TileID="1018" AltIDMod="0" />
    </MapTiles>
    <StaticTiles />
  </TransInfo>
  <TransInfo Description="Large Dirt to Cobblestones SWA" HashKey="071807070707070718">
    <MapTiles>
      <MapTile TileID="1018" AltIDMod="0" />
    </MapTiles>
    <StaticTiles />
  </TransInfo>
  <TransInfo Description="Large Dirt to Cobblestones SWA" HashKey="181818070707070718">
    <MapTiles>
      <MapTile TileID="1018" AltIDMod="0" />
    </MapTiles>
    <StaticTiles />
  </TransInfo>
  <TransInfo Description="Large Dirt to Cobblestones SWA" HashKey="181807070718070707">
    <MapTiles>
      <MapTile TileID="1018" AltIDMod="0" />
    </MapTiles>
    <StaticTiles />
  </TransInfo>
  <TransInfo Description="Large Dirt to Cobblestones SWA" HashKey="071818070707070718">
    <MapTiles>
      <MapTile TileID="1018" AltIDMod="0" />
    </MapTiles>
    <StaticTiles />
  </TransInfo>
  <TransInfo Description="Large Dirt to Cobblestones SWA" HashKey="071807070718070707">
    <MapTiles>
      <MapTile TileID="1018" AltIDMod="0" />
    </MapTiles>
    <StaticTiles />
  </TransInfo>
  <TransInfo Description="Large Dirt to Cobblestones SWA" HashKey="180707070718070707">
    <MapTiles>
      <MapTile TileID="1018" AltIDMod="0" />
    </MapTiles>
    <StaticTiles />
  </TransInfo>
  <TransInfo Description="Large Dirt to Cobblestones SWA" HashKey="180718070707070718">
    <MapTiles>
      <MapTile TileID="1018" AltIDMod="0" />
    </MapTiles>
    <StaticTiles />
  </TransInfo>
  <TransInfo Description="Large Dirt to Cobblestones SWA" HashKey="071807070718070718">
    <MapTiles>
      <MapTile TileID="1018" AltIDMod="0" />
    </MapTiles>
    <StaticTiles />
  </TransInfo>
  <TransInfo Description="Large Dirt to Cobblestones SWA" HashKey="181807070718070718">
    <MapTiles>
      <MapTile TileID="1018" AltIDMod="0" />
    </MapTiles>
    <StaticTiles />
  </TransInfo>
  <TransInfo Description="Large Dirt to Cobblestones NWB" HashKey="180707070707070707">
    <MapTiles>
      <MapTile TileID="1027" AltIDMod="0" />
    </MapTiles>
    <StaticTiles />
  </TransInfo>
  <TransInfo Description="Large Dirt to Cobblestones SEB" HashKey="070707070707070718">
    <MapTiles>
      <MapTile TileID="1029" AltIDMod="0" />
    </MapTiles>
    <StaticTiles />
  </TransInfo>
  <TransInfo Description="Large Dirt to Cobblestones NEB" HashKey="070718070707070707">
    <MapTiles>
      <MapTile TileID="1028" AltIDMod="0" />
    </MapTiles>
    <StaticTiles />
  </TransInfo>
  <TransInfo Description="Large Dirt to Cobblestones SWB" HashKey="070707070707180707">
    <MapTiles>
      <MapTile TileID="1026" AltIDMod="0" />
    </MapTiles>
    <StaticTiles />
  </TransInfo>
  <TransInfo Description="Large Dirt to Cobblestones AC" HashKey="070707180718070707">
    <MapTiles>
      <MapTile TileID="1001" AltIDMod="0" />
    </MapTiles>
    <StaticTiles />
  </TransInfo>
  <TransInfo Description="Large Dirt to Cobblestones AC" HashKey="070707180718180707">
    <MapTiles>
      <MapTile TileID="1001" AltIDMod="0" />
    </MapTiles>
    <StaticTiles />
  </TransInfo>
  <TransInfo Description="Large Dirt to Cobblestones AC" HashKey="070707180718071807">
    <MapTiles>
      <MapTile TileID="1001" AltIDMod="0" />
    </MapTiles>
    <StaticTiles />
  </TransInfo>
  <TransInfo Description="Large Dirt to Cobblestones AC" HashKey="070707180718181807">
    <MapTiles>
      <MapTile TileID="1001" AltIDMod="0" />
    </MapTiles>
    <StaticTiles />
  </TransInfo>
  <TransInfo Description="Large Dirt to Cobblestones AC" HashKey="070707180718070718">
    <MapTiles>
      <MapTile TileID="1001" AltIDMod="0" />
    </MapTiles>
    <StaticTiles />
  </TransInfo>
  <TransInfo Description="Large Dirt to Cobblestones AC" HashKey="070707180718180718">
    <MapTiles>
      <MapTile TileID="1001" AltIDMod="0" />
    </MapTiles>
    <StaticTiles />
  </TransInfo>
  <TransInfo Description="Large Dirt to Cobblestones AC" HashKey="070707180718071818">
    <MapTiles>
      <MapTile TileID="1001" AltIDMod="0" />
    </MapTiles>
    <StaticTiles />
  </TransInfo>
  <TransInfo Description="Large Dirt to Cobblestones AC" HashKey="070707180718181818">
    <MapTiles>
      <MapTile TileID="1001" AltIDMod="0" />
    </MapTiles>
    <StaticTiles />
  </TransInfo>
  <TransInfo Description="Large Dirt to Cobblestones AC" HashKey="070718180707071807">
    <MapTiles>
      <MapTile TileID="1001" AltIDMod="0" />
    </MapTiles>
    <StaticTiles />
  </TransInfo>
  <TransInfo Description="Large Dirt to Cobblestones AC" HashKey="070718180707181807">
    <MapTiles>
      <MapTile TileID="1001" AltIDMod="0" />
    </MapTiles>
    <StaticTiles />
  </TransInfo>
  <TransInfo Description="Large Dirt to Cobblestones AC" HashKey="070718180707070718">
    <MapTiles>
      <MapTile TileID="1001" AltIDMod="0" />
    </MapTiles>
    <StaticTiles />
  </TransInfo>
  <TransInfo Description="Large Dirt to Cobblestones AC" HashKey="070718180707180718">
    <MapTiles>
      <MapTile TileID="1001" AltIDMod="0" />
    </MapTiles>
    <StaticTiles />
  </TransInfo>
  <TransInfo Description="Large Dirt to Cobblestones AC" HashKey="070718180707071818">
    <MapTiles>
      <MapTile TileID="1001" AltIDMod="0" />
    </MapTiles>
    <StaticTiles />
  </TransInfo>
  <TransInfo Description="Large Dirt to Cobblestones AC" HashKey="070718180707181818">
    <MapTiles>
      <MapTile TileID="1001" AltIDMod="0" />
    </MapTiles>
    <StaticTiles />
  </TransInfo>
  <TransInfo Description="Large Dirt to Cobblestones AC" HashKey="070718180718070707">
    <MapTiles>
      <MapTile TileID="1001" AltIDMod="0" />
    </MapTiles>
    <StaticTiles />
  </TransInfo>
  <TransInfo Description="Large Dirt to Cobblestones AC" HashKey="070718180718180707">
    <MapTiles>
      <MapTile TileID="1001" AltIDMod="0" />
    </MapTiles>
    <StaticTiles />
  </TransInfo>
  <TransInfo Description="Large Dirt to Cobblestones AC" HashKey="070718180718071807">
    <MapTiles>
      <MapTile TileID="1001" AltIDMod="0" />
    </MapTiles>
    <StaticTiles />
  </TransInfo>
  <TransInfo Description="Large Dirt to Cobblestones AC" HashKey="070718180718181807">
    <MapTiles>
      <MapTile TileID="1001" AltIDMod="0" />
    </MapTiles>
    <StaticTiles />
  </TransInfo>
  <TransInfo Description="Large Dirt to Cobblestones AC" HashKey="070718180718070718">
    <MapTiles>
      <MapTile TileID="1001" AltIDMod="0" />
    </MapTiles>
    <StaticTiles />
  </TransInfo>
  <TransInfo Description="Large Dirt to Cobblestones AC" HashKey="070718180718180718">
    <MapTiles>
      <MapTile TileID="1001" AltIDMod="0" />
    </MapTiles>
    <StaticTiles />
  </TransInfo>
  <TransInfo Description="Large Dirt to Cobblestones AC" HashKey="070718180718071818">
    <MapTiles>
      <MapTile TileID="1001" AltIDMod="0" />
    </MapTiles>
    <StaticTiles />
  </TransInfo>
  <TransInfo Description="Large Dirt to Cobblestones AC" HashKey="070718180718181818">
    <MapTiles>
      <MapTile TileID="1001" AltIDMod="0" />
    </MapTiles>
    <StaticTiles />
  </TransInfo>
  <TransInfo Description="Large Dirt to Cobblestones AC" HashKey="071807070707071807">
    <MapTiles>
      <MapTile TileID="1001" AltIDMod="0" />
    </MapTiles>
    <StaticTiles />
  </TransInfo>
  <TransInfo Description="Large Dirt to Cobblestones AC" HashKey="071807180707071807">
    <MapTiles>
      <MapTile TileID="1001" AltIDMod="0" />
    </MapTiles>
    <StaticTiles />
  </TransInfo>
  <TransInfo Description="Large Dirt to Cobblestones AC" HashKey="071807070707181807">
    <MapTiles>
      <MapTile TileID="1001" AltIDMod="0" />
    </MapTiles>
    <StaticTiles />
  </TransInfo>
  <TransInfo Description="Large Dirt to Cobblestones AC" HashKey="071807180707181807">
    <MapTiles>
      <MapTile TileID="1001" AltIDMod="0" />
    </MapTiles>
    <StaticTiles />
  </TransInfo>
  <TransInfo Description="Large Dirt to Cobblestones AC" HashKey="071807180707070718">
    <MapTiles>
      <MapTile TileID="1001" AltIDMod="0" />
    </MapTiles>
    <StaticTiles />
  </TransInfo>
  <TransInfo Description="Large Dirt to Cobblestones AC" HashKey="071807070707180718">
    <MapTiles>
      <MapTile TileID="1001" AltIDMod="0" />
    </MapTiles>
    <StaticTiles />
  </TransInfo>
  <TransInfo Description="Large Dirt to Cobblestones AC" HashKey="071807180707180718">
    <MapTiles>
      <MapTile TileID="1001" AltIDMod="0" />
    </MapTiles>
    <StaticTiles />
  </TransInfo>
  <TransInfo Description="Large Dirt to Cobblestones AC" HashKey="071807070707071818">
    <MapTiles>
      <MapTile TileID="1001" AltIDMod="0" />
    </MapTiles>
    <StaticTiles />
  </TransInfo>
  <TransInfo Description="Large Dirt to Cobblestones AC" HashKey="071807180707071818">
    <MapTiles>
      <MapTile TileID="1001" AltIDMod="0" />
    </MapTiles>
    <StaticTiles />
  </TransInfo>
  <TransInfo Description="Large Dirt to Cobblestones AC" HashKey="071807070707181818">
    <MapTiles>
      <MapTile TileID="1001" AltIDMod="0" />
    </MapTiles>
    <StaticTiles />
  </TransInfo>
  <TransInfo Description="Large Dirt to Cobblestones AC" HashKey="071807180707181818">
    <MapTiles>
      <MapTile TileID="1001" AltIDMod="0" />
    </MapTiles>
    <StaticTiles />
  </TransInfo>
  <TransInfo Description="Large Dirt to Cobblestones AC" HashKey="071807180718070707">
    <MapTiles>
      <MapTile TileID="1001" AltIDMod="0" />
    </MapTiles>
    <StaticTiles />
  </TransInfo>
  <TransInfo Description="Large Dirt to Cobblestones AC" HashKey="071807070718180707">
    <MapTiles>
      <MapTile TileID="1001" AltIDMod="0" />
    </MapTiles>
    <StaticTiles />
  </TransInfo>
  <TransInfo Description="Large Dirt to Cobblestones AC" HashKey="071807180718180707">
    <MapTiles>
      <MapTile TileID="1001" AltIDMod="0" />
    </MapTiles>
    <StaticTiles />
  </TransInfo>
  <TransInfo Description="Large Dirt to Cobblestones AC" HashKey="071807070718071807">
    <MapTiles>
      <MapTile TileID="1001" AltIDMod="0" />
    </MapTiles>
    <StaticTiles />
  </TransInfo>
  <TransInfo Description="Large Dirt to Cobblestones AC" HashKey="071807180718071807">
    <MapTiles>
      <MapTile TileID="1001" AltIDMod="0" />
    </MapTiles>
    <StaticTiles />
  </TransInfo>
  <TransInfo Description="Large Dirt to Cobblestones AC" HashKey="071807070718181807">
    <MapTiles>
      <MapTile TileID="1001" AltIDMod="0" />
    </MapTiles>
    <StaticTiles />
  </TransInfo>
  <TransInfo Description="Large Dirt to Cobblestones AC" HashKey="071807180718181807">
    <MapTiles>
      <MapTile TileID="1001" AltIDMod="0" />
    </MapTiles>
    <StaticTiles />
  </TransInfo>
  <TransInfo Description="Large Dirt to Cobblestones AC" HashKey="071807180718070718">
    <MapTiles>
      <MapTile TileID="1001" AltIDMod="0" />
    </MapTiles>
    <StaticTiles />
  </TransInfo>
  <TransInfo Description="Large Dirt to Cobblestones AC" HashKey="071807070718180718">
    <MapTiles>
      <MapTile TileID="1001" AltIDMod="0" />
    </MapTiles>
    <StaticTiles />
  </TransInfo>
  <TransInfo Description="Large Dirt to Cobblestones AC" HashKey="071807180718180718">
    <MapTiles>
      <MapTile TileID="1001" AltIDMod="0" />
    </MapTiles>
    <StaticTiles />
  </TransInfo>
  <TransInfo Description="Large Dirt to Cobblestones AC" HashKey="071807070718071818">
    <MapTiles>
      <MapTile TileID="1001" AltIDMod="0" />
    </MapTiles>
    <StaticTiles />
  </TransInfo>
  <TransInfo Description="Large Dirt to Cobblestones AC" HashKey="071807180718071818">
    <MapTiles>
      <MapTile TileID="1001" AltIDMod="0" />
    </MapTiles>
    <StaticTiles />
  </TransInfo>
  <TransInfo Description="Large Dirt to Cobblestones AC" HashKey="071807070718181818">
    <MapTiles>
      <MapTile TileID="1001" AltIDMod="0" />
    </MapTiles>
    <StaticTiles />
  </TransInfo>
  <TransInfo Description="Large Dirt to Cobblestones AC" HashKey="071807180718181818">
    <MapTiles>
      <MapTile TileID="1001" AltIDMod="0" />
    </MapTiles>
    <StaticTiles />
  </TransInfo>
  <TransInfo Description="Large Dirt to Cobblestones AC" HashKey="071818070707071807">
    <MapTiles>
      <MapTile TileID="1001" AltIDMod="0" />
    </MapTiles>
    <StaticTiles />
  </TransInfo>
  <TransInfo Description="Large Dirt to Cobblestones AC" HashKey="071818180707071807">
    <MapTiles>
      <MapTile TileID="1001" AltIDMod="0" />
    </MapTiles>
    <StaticTiles />
  </TransInfo>
  <TransInfo Description="Large Dirt to Cobblestones AC" HashKey="071818070707181807">
    <MapTiles>
      <MapTile TileID="1001" AltIDMod="0" />
    </MapTiles>
    <StaticTiles />
  </TransInfo>
  <TransInfo Description="Large Dirt to Cobblestones AC" HashKey="071818180707181807">
    <MapTiles>
      <MapTile TileID="1001" AltIDMod="0" />
    </MapTiles>
    <StaticTiles />
  </TransInfo>
  <TransInfo Description="Large Dirt to Cobblestones AC" HashKey="071818180707070718">
    <MapTiles>
      <MapTile TileID="1001" AltIDMod="0" />
    </MapTiles>
    <StaticTiles />
  </TransInfo>
  <TransInfo Description="Large Dirt to Cobblestones AC" HashKey="071818070707180718">
    <MapTiles>
      <MapTile TileID="1001" AltIDMod="0" />
    </MapTiles>
    <StaticTiles />
  </TransInfo>
  <TransInfo Description="Large Dirt to Cobblestones AC" HashKey="071818180707180718">
    <MapTiles>
      <MapTile TileID="1001" AltIDMod="0" />
    </MapTiles>
    <StaticTiles />
  </TransInfo>
  <TransInfo Description="Large Dirt to Cobblestones AC" HashKey="071818070707071818">
    <MapTiles>
      <MapTile TileID="1001" AltIDMod="0" />
    </MapTiles>
    <StaticTiles />
  </TransInfo>
  <TransInfo Description="Large Dirt to Cobblestones AC" HashKey="071818180707071818">
    <MapTiles>
      <MapTile TileID="1001" AltIDMod="0" />
    </MapTiles>
    <StaticTiles />
  </TransInfo>
  <TransInfo Description="Large Dirt to Cobblestones AC" HashKey="071818070707181818">
    <MapTiles>
      <MapTile TileID="1001" AltIDMod="0" />
    </MapTiles>
    <StaticTiles />
  </TransInfo>
  <TransInfo Description="Large Dirt to Cobblestones AC" HashKey="071818180707181818">
    <MapTiles>
      <MapTile TileID="1001" AltIDMod="0" />
    </MapTiles>
    <StaticTiles />
  </TransInfo>
  <TransInfo Description="Large Dirt to Cobblestones AC" HashKey="071818180718070707">
    <MapTiles>
      <MapTile TileID="1001" AltIDMod="0" />
    </MapTiles>
    <StaticTiles />
  </TransInfo>
  <TransInfo Description="Large Dirt to Cobblestones AC" HashKey="071818070718180707">
    <MapTiles>
      <MapTile TileID="1001" AltIDMod="0" />
    </MapTiles>
    <StaticTiles />
  </TransInfo>
  <TransInfo Description="Large Dirt to Cobblestones AC" HashKey="071818180718180707">
    <MapTiles>
      <MapTile TileID="1001" AltIDMod="0" />
    </MapTiles>
    <StaticTiles />
  </TransInfo>
  <TransInfo Description="Large Dirt to Cobblestones AC" HashKey="071818070718071807">
    <MapTiles>
      <MapTile TileID="1001" AltIDMod="0" />
    </MapTiles>
    <StaticTiles />
  </TransInfo>
  <TransInfo Description="Large Dirt to Cobblestones AC" HashKey="071818180718071807">
    <MapTiles>
      <MapTile TileID="1001" AltIDMod="0" />
    </MapTiles>
    <StaticTiles />
  </TransInfo>
  <TransInfo Description="Large Dirt to Cobblestones AC" HashKey="071818070718181807">
    <MapTiles>
      <MapTile TileID="1001" AltIDMod="0" />
    </MapTiles>
    <StaticTiles />
  </TransInfo>
  <TransInfo Description="Large Dirt to Cobblestones AC" HashKey="071818180718181807">
    <MapTiles>
      <MapTile TileID="1001" AltIDMod="0" />
    </MapTiles>
    <StaticTiles />
  </TransInfo>
  <TransInfo Description="Large Dirt to Cobblestones AC" HashKey="071818180718070718">
    <MapTiles>
      <MapTile TileID="1001" AltIDMod="0" />
    </MapTiles>
    <StaticTiles />
  </TransInfo>
  <TransInfo Description="Large Dirt to Cobblestones AC" HashKey="071818070718180718">
    <MapTiles>
      <MapTile TileID="1001" AltIDMod="0" />
    </MapTiles>
    <StaticTiles />
  </TransInfo>
  <TransInfo Description="Large Dirt to Cobblestones AC" HashKey="071818180718180718">
    <MapTiles>
      <MapTile TileID="1001" AltIDMod="0" />
    </MapTiles>
    <StaticTiles />
  </TransInfo>
  <TransInfo Description="Large Dirt to Cobblestones AC" HashKey="071818070718071818">
    <MapTiles>
      <MapTile TileID="1001" AltIDMod="0" />
    </MapTiles>
    <StaticTiles />
  </TransInfo>
  <TransInfo Description="Large Dirt to Cobblestones AC" HashKey="071818180718071818">
    <MapTiles>
      <MapTile TileID="1001" AltIDMod="0" />
    </MapTiles>
    <StaticTiles />
  </TransInfo>
  <TransInfo Description="Large Dirt to Cobblestones AC" HashKey="071818070718181818">
    <MapTiles>
      <MapTile TileID="1001" AltIDMod="0" />
    </MapTiles>
    <StaticTiles />
  </TransInfo>
  <TransInfo Description="Large Dirt to Cobblestones AC" HashKey="071818180718181818">
    <MapTiles>
      <MapTile TileID="1001" AltIDMod="0" />
    </MapTiles>
    <StaticTiles />
  </TransInfo>
  <TransInfo Description="Large Dirt to Cobblestones AC" HashKey="180707180718070707">
    <MapTiles>
      <MapTile TileID="1001" AltIDMod="0" />
    </MapTiles>
    <StaticTiles />
  </TransInfo>
  <TransInfo Description="Large Dirt to Cobblestones AC" HashKey="180707070718180707">
    <MapTiles>
      <MapTile TileID="1001" AltIDMod="0" />
    </MapTiles>
    <StaticTiles />
  </TransInfo>
  <TransInfo Description="Large Dirt to Cobblestones AC" HashKey="180707180718180707">
    <MapTiles>
      <MapTile TileID="1001" AltIDMod="0" />
    </MapTiles>
    <StaticTiles />
  </TransInfo>
  <TransInfo Description="Large Dirt to Cobblestones AC" HashKey="180707070718071807">
    <MapTiles>
      <MapTile TileID="1001" AltIDMod="0" />
    </MapTiles>
    <StaticTiles />
  </TransInfo>
  <TransInfo Description="Large Dirt to Cobblestones AC" HashKey="180707180718071807">
    <MapTiles>
      <MapTile TileID="1001" AltIDMod="0" />
    </MapTiles>
    <StaticTiles />
  </TransInfo>
  <TransInfo Description="Large Dirt to Cobblestones AC" HashKey="180707070718181807">
    <MapTiles>
      <MapTile TileID="1001" AltIDMod="0" />
    </MapTiles>
    <StaticTiles />
  </TransInfo>
  <TransInfo Description="Large Dirt to Cobblestones AC" HashKey="180707180718181807">
    <MapTiles>
      <MapTile TileID="1001" AltIDMod="0" />
    </MapTiles>
    <StaticTiles />
  </TransInfo>
  <TransInfo Description="Large Dirt to Cobblestones AC" HashKey="180707180718070718">
    <MapTiles>
      <MapTile TileID="1001" AltIDMod="0" />
    </MapTiles>
    <StaticTiles />
  </TransInfo>
  <TransInfo Description="Large Dirt to Cobblestones AC" HashKey="180707070718180718">
    <MapTiles>
      <MapTile TileID="1001" AltIDMod="0" />
    </MapTiles>
    <StaticTiles />
  </TransInfo>
  <TransInfo Description="Large Dirt to Cobblestones AC" HashKey="180707180718180718">
    <MapTiles>
      <MapTile TileID="1001" AltIDMod="0" />
    </MapTiles>
    <StaticTiles />
  </TransInfo>
  <TransInfo Description="Large Dirt to Cobblestones AC" HashKey="180707070718071818">
    <MapTiles>
      <MapTile TileID="1001" AltIDMod="0" />
    </MapTiles>
    <StaticTiles />
  </TransInfo>
  <TransInfo Description="Large Dirt to Cobblestones AC" HashKey="180707180718071818">
    <MapTiles>
      <MapTile TileID="1001" AltIDMod="0" />
    </MapTiles>
    <StaticTiles />
  </TransInfo>
  <TransInfo Description="Large Dirt to Cobblestones AC" HashKey="180707070718181818">
    <MapTiles>
      <MapTile TileID="1001" AltIDMod="0" />
    </MapTiles>
    <StaticTiles />
  </TransInfo>
  <TransInfo Description="Large Dirt to Cobblestones AC" HashKey="180707180718181818">
    <MapTiles>
      <MapTile TileID="1001" AltIDMod="0" />
    </MapTiles>
    <StaticTiles />
  </TransInfo>
  <TransInfo Description="Large Dirt to Cobblestones AC" HashKey="180718070707071807">
    <MapTiles>
      <MapTile TileID="1001" AltIDMod="0" />
    </MapTiles>
    <StaticTiles />
  </TransInfo>
  <TransInfo Description="Large Dirt to Cobblestones AC" HashKey="180718180707071807">
    <MapTiles>
      <MapTile TileID="1001" AltIDMod="0" />
    </MapTiles>
    <StaticTiles />
  </TransInfo>
  <TransInfo Description="Large Dirt to Cobblestones AC" HashKey="180718070707181807">
    <MapTiles>
      <MapTile TileID="1001" AltIDMod="0" />
    </MapTiles>
    <StaticTiles />
  </TransInfo>
  <TransInfo Description="Large Dirt to Cobblestones AC" HashKey="180718180707181807">
    <MapTiles>
      <MapTile TileID="1001" AltIDMod="0" />
    </MapTiles>
    <StaticTiles />
  </TransInfo>
  <TransInfo Description="Large Dirt to Cobblestones AC" HashKey="180718180707070718">
    <MapTiles>
      <MapTile TileID="1001" AltIDMod="0" />
    </MapTiles>
    <StaticTiles />
  </TransInfo>
  <TransInfo Description="Large Dirt to Cobblestones AC" HashKey="180718070707180718">
    <MapTiles>
      <MapTile TileID="1001" AltIDMod="0" />
    </MapTiles>
    <StaticTiles />
  </TransInfo>
  <TransInfo Description="Large Dirt to Cobblestones AC" HashKey="180718180707180718">
    <MapTiles>
      <MapTile TileID="1001" AltIDMod="0" />
    </MapTiles>
    <StaticTiles />
  </TransInfo>
  <TransInfo Description="Large Dirt to Cobblestones AC" HashKey="180718070707071818">
    <MapTiles>
      <MapTile TileID="1001" AltIDMod="0" />
    </MapTiles>
    <StaticTiles />
  </TransInfo>
  <TransInfo Description="Large Dirt to Cobblestones AC" HashKey="180718180707071818">
    <MapTiles>
      <MapTile TileID="1001" AltIDMod="0" />
    </MapTiles>
    <StaticTiles />
  </TransInfo>
  <TransInfo Description="Large Dirt to Cobblestones AC" HashKey="180718070707181818">
    <MapTiles>
      <MapTile TileID="1001" AltIDMod="0" />
    </MapTiles>
    <StaticTiles />
  </TransInfo>
  <TransInfo Description="Large Dirt to Cobblestones AC" HashKey="180718180707181818">
    <MapTiles>
      <MapTile TileID="1001" AltIDMod="0" />
    </MapTiles>
    <StaticTiles />
  </TransInfo>
  <TransInfo Description="Large Dirt to Cobblestones AC" HashKey="180718180718070707">
    <MapTiles>
      <MapTile TileID="1001" AltIDMod="0" />
    </MapTiles>
    <StaticTiles />
  </TransInfo>
  <TransInfo Description="Large Dirt to Cobblestones AC" HashKey="180718070718180707">
    <MapTiles>
      <MapTile TileID="1001" AltIDMod="0" />
    </MapTiles>
    <StaticTiles />
  </TransInfo>
  <TransInfo Description="Large Dirt to Cobblestones AC" HashKey="180718180718180707">
    <MapTiles>
      <MapTile TileID="1001" AltIDMod="0" />
    </MapTiles>
    <StaticTiles />
  </TransInfo>
  <TransInfo Description="Large Dirt to Cobblestones AC" HashKey="180718070718071807">
    <MapTiles>
      <MapTile TileID="1001" AltIDMod="0" />
    </MapTiles>
    <StaticTiles />
  </TransInfo>
  <TransInfo Description="Large Dirt to Cobblestones AC" HashKey="180718180718071807">
    <MapTiles>
      <MapTile TileID="1001" AltIDMod="0" />
    </MapTiles>
    <StaticTiles />
  </TransInfo>
  <TransInfo Description="Large Dirt to Cobblestones AC" HashKey="180718070718181807">
    <MapTiles>
      <MapTile TileID="1001" AltIDMod="0" />
    </MapTiles>
    <StaticTiles />
  </TransInfo>
  <TransInfo Description="Large Dirt to Cobblestones AC" HashKey="180718180718181807">
    <MapTiles>
      <MapTile TileID="1001" AltIDMod="0" />
    </MapTiles>
    <StaticTiles />
  </TransInfo>
  <TransInfo Description="Large Dirt to Cobblestones AC" HashKey="180718180718070718">
    <MapTiles>
      <MapTile TileID="1001" AltIDMod="0" />
    </MapTiles>
    <StaticTiles />
  </TransInfo>
  <TransInfo Description="Large Dirt to Cobblestones AC" HashKey="180718070718180718">
    <MapTiles>
      <MapTile TileID="1001" AltIDMod="0" />
    </MapTiles>
    <StaticTiles />
  </TransInfo>
  <TransInfo Description="Large Dirt to Cobblestones AC" HashKey="180718180718180718">
    <MapTiles>
      <MapTile TileID="1001" AltIDMod="0" />
    </MapTiles>
    <StaticTiles />
  </TransInfo>
  <TransInfo Description="Large Dirt to Cobblestones AC" HashKey="180718070718071818">
    <MapTiles>
      <MapTile TileID="1001" AltIDMod="0" />
    </MapTiles>
    <StaticTiles />
  </TransInfo>
  <TransInfo Description="Large Dirt to Cobblestones AC" HashKey="180718180718071818">
    <MapTiles>
      <MapTile TileID="1001" AltIDMod="0" />
    </MapTiles>
    <StaticTiles />
  </TransInfo>
  <TransInfo Description="Large Dirt to Cobblestones AC" HashKey="180718070718181818">
    <MapTiles>
      <MapTile TileID="1001" AltIDMod="0" />
    </MapTiles>
    <StaticTiles />
  </TransInfo>
  <TransInfo Description="Large Dirt to Cobblestones AC" HashKey="180718180718181818">
    <MapTiles>
      <MapTile TileID="1001" AltIDMod="0" />
    </MapTiles>
    <StaticTiles />
  </TransInfo>
  <TransInfo Description="Large Dirt to Cobblestones AC" HashKey="181807070707071807">
    <MapTiles>
      <MapTile TileID="1001" AltIDMod="0" />
    </MapTiles>
    <StaticTiles />
  </TransInfo>
  <TransInfo Description="Large Dirt to Cobblestones AC" HashKey="181807180707071807">
    <MapTiles>
      <MapTile TileID="1001" AltIDMod="0" />
    </MapTiles>
    <StaticTiles />
  </TransInfo>
  <TransInfo Description="Large Dirt to Cobblestones AC" HashKey="181807070707181807">
    <MapTiles>
      <MapTile TileID="1001" AltIDMod="0" />
    </MapTiles>
    <StaticTiles />
  </TransInfo>
  <TransInfo Description="Large Dirt to Cobblestones AC" HashKey="181807180707181807">
    <MapTiles>
      <MapTile TileID="1001" AltIDMod="0" />
    </MapTiles>
    <StaticTiles />
  </TransInfo>
  <TransInfo Description="Large Dirt to Cobblestones AC" HashKey="181807180707070718">
    <MapTiles>
      <MapTile TileID="1001" AltIDMod="0" />
    </MapTiles>
    <StaticTiles />
  </TransInfo>
  <TransInfo Description="Large Dirt to Cobblestones AC" HashKey="181807070707180718">
    <MapTiles>
      <MapTile TileID="1001" AltIDMod="0" />
    </MapTiles>
    <StaticTiles />
  </TransInfo>
  <TransInfo Description="Large Dirt to Cobblestones AC" HashKey="181807180707180718">
    <MapTiles>
      <MapTile TileID="1001" AltIDMod="0" />
    </MapTiles>
    <StaticTiles />
  </TransInfo>
  <TransInfo Description="Large Dirt to Cobblestones AC" HashKey="181807070707071818">
    <MapTiles>
      <MapTile TileID="1001" AltIDMod="0" />
    </MapTiles>
    <StaticTiles />
  </TransInfo>
  <TransInfo Description="Large Dirt to Cobblestones AC" HashKey="181807180707071818">
    <MapTiles>
      <MapTile TileID="1001" AltIDMod="0" />
    </MapTiles>
    <StaticTiles />
  </TransInfo>
  <TransInfo Description="Large Dirt to Cobblestones AC" HashKey="181807070707181818">
    <MapTiles>
      <MapTile TileID="1001" AltIDMod="0" />
    </MapTiles>
    <StaticTiles />
  </TransInfo>
  <TransInfo Description="Large Dirt to Cobblestones AC" HashKey="181807180707181818">
    <MapTiles>
      <MapTile TileID="1001" AltIDMod="0" />
    </MapTiles>
    <StaticTiles />
  </TransInfo>
  <TransInfo Description="Large Dirt to Cobblestones AC" HashKey="181807180718070707">
    <MapTiles>
      <MapTile TileID="1001" AltIDMod="0" />
    </MapTiles>
    <StaticTiles />
  </TransInfo>
  <TransInfo Description="Large Dirt to Cobblestones AC" HashKey="181807070718180707">
    <MapTiles>
      <MapTile TileID="1001" AltIDMod="0" />
    </MapTiles>
    <StaticTiles />
  </TransInfo>
  <TransInfo Description="Large Dirt to Cobblestones AC" HashKey="181807180718180707">
    <MapTiles>
      <MapTile TileID="1001" AltIDMod="0" />
    </MapTiles>
    <StaticTiles />
  </TransInfo>
  <TransInfo Description="Large Dirt to Cobblestones AC" HashKey="181807070718071807">
    <MapTiles>
      <MapTile TileID="1001" AltIDMod="0" />
    </MapTiles>
    <StaticTiles />
  </TransInfo>
  <TransInfo Description="Large Dirt to Cobblestones AC" HashKey="181807180718071807">
    <MapTiles>
      <MapTile TileID="1001" AltIDMod="0" />
    </MapTiles>
    <StaticTiles />
  </TransInfo>
  <TransInfo Description="Large Dirt to Cobblestones AC" HashKey="181807070718181807">
    <MapTiles>
      <MapTile TileID="1001" AltIDMod="0" />
    </MapTiles>
    <StaticTiles />
  </TransInfo>
  <TransInfo Description="Large Dirt to Cobblestones AC" HashKey="181807180718181807">
    <MapTiles>
      <MapTile TileID="1001" AltIDMod="0" />
    </MapTiles>
    <StaticTiles />
  </TransInfo>
  <TransInfo Description="Large Dirt to Cobblestones AC" HashKey="181807180718070718">
    <MapTiles>
      <MapTile TileID="1001" AltIDMod="0" />
    </MapTiles>
    <StaticTiles />
  </TransInfo>
  <TransInfo Description="Large Dirt to Cobblestones AC" HashKey="181807070718180718">
    <MapTiles>
      <MapTile TileID="1001" AltIDMod="0" />
    </MapTiles>
    <StaticTiles />
  </TransInfo>
  <TransInfo Description="Large Dirt to Cobblestones AC" HashKey="181807180718180718">
    <MapTiles>
      <MapTile TileID="1001" AltIDMod="0" />
    </MapTiles>
    <StaticTiles />
  </TransInfo>
  <TransInfo Description="Large Dirt to Cobblestones AC" HashKey="181807070718071818">
    <MapTiles>
      <MapTile TileID="1001" AltIDMod="0" />
    </MapTiles>
    <StaticTiles />
  </TransInfo>
  <TransInfo Description="Large Dirt to Cobblestones AC" HashKey="181807180718071818">
    <MapTiles>
      <MapTile TileID="1001" AltIDMod="0" />
    </MapTiles>
    <StaticTiles />
  </TransInfo>
  <TransInfo Description="Large Dirt to Cobblestones AC" HashKey="181807070718181818">
    <MapTiles>
      <MapTile TileID="1001" AltIDMod="0" />
    </MapTiles>
    <StaticTiles />
  </TransInfo>
  <TransInfo Description="Large Dirt to Cobblestones AC" HashKey="181807180718181818">
    <MapTiles>
      <MapTile TileID="1001" AltIDMod="0" />
    </MapTiles>
    <StaticTiles />
  </TransInfo>
  <TransInfo Description="Large Dirt to Cobblestones AC" HashKey="181818070707071807">
    <MapTiles>
      <MapTile TileID="1001" AltIDMod="0" />
    </MapTiles>
    <StaticTiles />
  </TransInfo>
  <TransInfo Description="Large Dirt to Cobblestones AC" HashKey="181818180707071807">
    <MapTiles>
      <MapTile TileID="1001" AltIDMod="0" />
    </MapTiles>
    <StaticTiles />
  </TransInfo>
  <TransInfo Description="Large Dirt to Cobblestones AC" HashKey="181818070707181807">
    <MapTiles>
      <MapTile TileID="1001" AltIDMod="0" />
    </MapTiles>
    <StaticTiles />
  </TransInfo>
  <TransInfo Description="Large Dirt to Cobblestones AC" HashKey="181818180707181807">
    <MapTiles>
      <MapTile TileID="1001" AltIDMod="0" />
    </MapTiles>
    <StaticTiles />
  </TransInfo>
  <TransInfo Description="Large Dirt to Cobblestones AC" HashKey="181818180707070718">
    <MapTiles>
      <MapTile TileID="1001" AltIDMod="0" />
    </MapTiles>
    <StaticTiles />
  </TransInfo>
  <TransInfo Description="Large Dirt to Cobblestones AC" HashKey="181818070707180718">
    <MapTiles>
      <MapTile TileID="1001" AltIDMod="0" />
    </MapTiles>
    <StaticTiles />
  </TransInfo>
  <TransInfo Description="Large Dirt to Cobblestones AC" HashKey="181818180707180718">
    <MapTiles>
      <MapTile TileID="1001" AltIDMod="0" />
    </MapTiles>
    <StaticTiles />
  </TransInfo>
  <TransInfo Description="Large Dirt to Cobblestones AC" HashKey="181818070707071818">
    <MapTiles>
      <MapTile TileID="1001" AltIDMod="0" />
    </MapTiles>
    <StaticTiles />
  </TransInfo>
  <TransInfo Description="Large Dirt to Cobblestones AC" HashKey="181818180707071818">
    <MapTiles>
      <MapTile TileID="1001" AltIDMod="0" />
    </MapTiles>
    <StaticTiles />
  </TransInfo>
  <TransInfo Description="Large Dirt to Cobblestones AC" HashKey="181818070707181818">
    <MapTiles>
      <MapTile TileID="1001" AltIDMod="0" />
    </MapTiles>
    <StaticTiles />
  </TransInfo>
  <TransInfo Description="Large Dirt to Cobblestones AC" HashKey="181818180707181818">
    <MapTiles>
      <MapTile TileID="1001" AltIDMod="0" />
    </MapTiles>
    <StaticTiles />
  </TransInfo>
  <TransInfo Description="Large Dirt to Cobblestones AC" HashKey="181818180718070707">
    <MapTiles>
      <MapTile TileID="1001" AltIDMod="0" />
    </MapTiles>
    <StaticTiles />
  </TransInfo>
  <TransInfo Description="Large Dirt to Cobblestones AC" HashKey="181818070718180707">
    <MapTiles>
      <MapTile TileID="1001" AltIDMod="0" />
    </MapTiles>
    <StaticTiles />
  </TransInfo>
  <TransInfo Description="Large Dirt to Cobblestones AC" HashKey="181818180718180707">
    <MapTiles>
      <MapTile TileID="1001" AltIDMod="0" />
    </MapTiles>
    <StaticTiles />
  </TransInfo>
  <TransInfo Description="Large Dirt to Cobblestones AC" HashKey="181818070718071807">
    <MapTiles>
      <MapTile TileID="1001" AltIDMod="0" />
    </MapTiles>
    <StaticTiles />
  </TransInfo>
  <TransInfo Description="Large Dirt to Cobblestones AC" HashKey="181818180718071807">
    <MapTiles>
      <MapTile TileID="1001" AltIDMod="0" />
    </MapTiles>
    <StaticTiles />
  </TransInfo>
  <TransInfo Description="Large Dirt to Cobblestones AC" HashKey="181818070718181807">
    <MapTiles>
      <MapTile TileID="1001" AltIDMod="0" />
    </MapTiles>
    <StaticTiles />
  </TransInfo>
  <TransInfo Description="Large Dirt to Cobblestones AC" HashKey="181818180718181807">
    <MapTiles>
      <MapTile TileID="1001" AltIDMod="0" />
    </MapTiles>
    <StaticTiles />
  </TransInfo>
  <TransInfo Description="Large Dirt to Cobblestones AC" HashKey="181818180718070718">
    <MapTiles>
      <MapTile TileID="1001" AltIDMod="0" />
    </MapTiles>
    <StaticTiles />
  </TransInfo>
  <TransInfo Description="Large Dirt to Cobblestones AC" HashKey="181818070718180718">
    <MapTiles>
      <MapTile TileID="1001" AltIDMod="0" />
    </MapTiles>
    <StaticTiles />
  </TransInfo>
  <TransInfo Description="Large Dirt to Cobblestones AC" HashKey="181818180718180718">
    <MapTiles>
      <MapTile TileID="1001" AltIDMod="0" />
    </MapTiles>
    <StaticTiles />
  </TransInfo>
  <TransInfo Description="Large Dirt to Cobblestones AC" HashKey="181818070718071818">
    <MapTiles>
      <MapTile TileID="1001" AltIDMod="0" />
    </MapTiles>
    <StaticTiles />
  </TransInfo>
  <TransInfo Description="Large Dirt to Cobblestones AC" HashKey="181818180718071818">
    <MapTiles>
      <MapTile TileID="1001" AltIDMod="0" />
    </MapTiles>
    <StaticTiles />
  </TransInfo>
  <TransInfo Description="Large Dirt to Cobblestones AC" HashKey="181818070718181818">
    <MapTiles>
      <MapTile TileID="1001" AltIDMod="0" />
    </MapTiles>
    <StaticTiles />
  </TransInfo>
  <TransInfo Description="Large Dirt to Cobblestones AC" HashKey="181818180718181818">
    <MapTiles>
      <MapTile TileID="1001" AltIDMod="0" />
    </MapTiles>
    <StaticTiles />
  </TransInfo>
  <TransInfo Description="Large Dirt to Cobblestones IWE" HashKey="180707070707070718">
    <MapTiles>
      <MapTile TileID="113" AltIDMod="0" />
    </MapTiles>
    <StaticTiles />
  </TransInfo>
  <TransInfo Description="Large Dirt to Cobblestones INS" HashKey="070718070707180707">
    <MapTiles>
      <MapTile TileID="113" AltIDMod="0" />
    </MapTiles>
    <StaticTiles />
  </TransInfo>
</Trans>