﻿<?xml version="1.0" encoding="utf-8"?>
<Trans>
  <TransInfo Description="Light Wooden Floor(EW) to Small Dirt" HashKey="0808081B1B1B1B1B1B">
    <MapTiles>
      <MapTile TileID="1228" AltIDMod="0" />
      <MapTile TileID="1229" AltIDMod="0" />
    </MapTiles>
    <StaticTiles />
  </TransInfo>
  <TransInfo Description="Light Wooden Floor(EW) to Small Dirt" HashKey="1B08081B1B1B1B1B1B">
    <MapTiles>
      <MapTile TileID="1228" AltIDMod="0" />
      <MapTile TileID="1229" AltIDMod="0" />
    </MapTiles>
    <StaticTiles />
  </TransInfo>
  <TransInfo Description="Light Wooden Floor(EW) to Small Dirt" HashKey="08081B1B1B1B1B1B1B">
    <MapTiles>
      <MapTile TileID="1228" AltIDMod="0" />
      <MapTile TileID="1229" AltIDMod="0" />
    </MapTiles>
    <StaticTiles />
  </TransInfo>
  <TransInfo Description="Light Wooden Floor(EW) to Small Dirt" HashKey="1B081B1B1B1B1B1B1B">
    <MapTiles>
      <MapTile TileID="1228" AltIDMod="0" />
      <MapTile TileID="1229" AltIDMod="0" />
    </MapTiles>
    <StaticTiles />
  </TransInfo>
  <TransInfo Description="Light Wooden Floor(EW) to Small Dirt" HashKey="081B081B1B1B1B1B1B">
    <MapTiles>
      <MapTile TileID="1228" AltIDMod="0" />
      <MapTile TileID="1229" AltIDMod="0" />
    </MapTiles>
    <StaticTiles />
  </TransInfo>
  <TransInfo Description="Light Wooden Floor(EW) to Small Dirt" HashKey="081B1B081B1B081B1B">
    <MapTiles>
      <MapTile TileID="1232" AltIDMod="0" />
    </MapTiles>
    <StaticTiles />
  </TransInfo>
  <TransInfo Description="Light Wooden Floor(EW) to Small Dirt" HashKey="081B1B081B1B1B1B1B">
    <MapTiles>
      <MapTile TileID="1232" AltIDMod="0" />
    </MapTiles>
    <StaticTiles />
  </TransInfo>
  <TransInfo Description="Light Wooden Floor(EW) to Small Dirt" HashKey="1B1B1B081B1B081B1B">
    <MapTiles>
      <MapTile TileID="1232" AltIDMod="0" />
    </MapTiles>
    <StaticTiles />
  </TransInfo>
  <TransInfo Description="Light Wooden Floor(EW) to Small Dirt" HashKey="1B1B1B081B1B1B1B1B">
    <MapTiles>
      <MapTile TileID="1232" AltIDMod="0" />
    </MapTiles>
    <StaticTiles />
  </TransInfo>
  <TransInfo Description="Light Wooden Floor(EW) to Small Dirt" HashKey="081B1B1B1B1B081B1B">
    <MapTiles>
      <MapTile TileID="1232" AltIDMod="0" />
    </MapTiles>
    <StaticTiles />
  </TransInfo>
  <TransInfo Description="Light Wooden Floor(EW) to Small Dirt" HashKey="1B1B081B1B081B1B08">
    <MapTiles>
      <MapTile TileID="1231" AltIDMod="0" />
    </MapTiles>
    <StaticTiles />
  </TransInfo>
  <TransInfo Description="Light Wooden Floor(EW) to Small Dirt" HashKey="1B1B1B1B1B081B1B08">
    <MapTiles>
      <MapTile TileID="1231" AltIDMod="0" />
    </MapTiles>
    <StaticTiles />
  </TransInfo>
  <TransInfo Description="Light Wooden Floor(EW) to Small Dirt" HashKey="1B1B081B1B081B1B1B">
    <MapTiles>
      <MapTile TileID="1231" AltIDMod="0" />
    </MapTiles>
    <StaticTiles />
  </TransInfo>
  <TransInfo Description="Light Wooden Floor(EW) to Small Dirt" HashKey="1B1B1B1B1B081B1B1B">
    <MapTiles>
      <MapTile TileID="1231" AltIDMod="0" />
    </MapTiles>
    <StaticTiles />
  </TransInfo>
  <TransInfo Description="Light Wooden Floor(EW) to Small Dirt" HashKey="1B1B081B1B1B1B1B08">
    <MapTiles>
      <MapTile TileID="1231" AltIDMod="0" />
    </MapTiles>
    <StaticTiles />
  </TransInfo>
  <TransInfo Description="Light Wooden Floor(EW) to Small Dirt" HashKey="1B1B1B1B1B1B080808">
    <MapTiles>
      <MapTile TileID="1227" AltIDMod="0" />
      <MapTile TileID="1230" AltIDMod="0" />
    </MapTiles>
    <StaticTiles />
  </TransInfo>
  <TransInfo Description="Light Wooden Floor(EW) to Small Dirt" HashKey="1B1B1B1B1B1B08081B">
    <MapTiles>
      <MapTile TileID="1227" AltIDMod="0" />
      <MapTile TileID="1230" AltIDMod="0" />
    </MapTiles>
    <StaticTiles />
  </TransInfo>
  <TransInfo Description="Light Wooden Floor(EW) to Small Dirt" HashKey="1B1B1B1B1B1B1B0808">
    <MapTiles>
      <MapTile TileID="1227" AltIDMod="0" />
      <MapTile TileID="1230" AltIDMod="0" />
    </MapTiles>
    <StaticTiles />
  </TransInfo>
  <TransInfo Description="Light Wooden Floor(EW) to Small Dirt" HashKey="1B1B1B1B1B1B1B081B">
    <MapTiles>
      <MapTile TileID="1227" AltIDMod="0" />
      <MapTile TileID="1230" AltIDMod="0" />
    </MapTiles>
    <StaticTiles />
  </TransInfo>
  <TransInfo Description="Light Wooden Floor(EW) to Small Dirt" HashKey="1B1B1B1B1B1B081B08">
    <MapTiles>
      <MapTile TileID="1227" AltIDMod="0" />
      <MapTile TileID="1230" AltIDMod="0" />
    </MapTiles>
    <StaticTiles />
  </TransInfo>
  <TransInfo Description="Light Wooden Floor(EW) to Small Dirt" HashKey="1B1B081B1B08080808">
    <MapTiles>
      <MapTile TileID="1235" AltIDMod="0" />
    </MapTiles>
    <StaticTiles />
  </TransInfo>
  <TransInfo Description="Light Wooden Floor(EW) to Small Dirt" HashKey="1B1B1B1B1B08080808">
    <MapTiles>
      <MapTile TileID="1235" AltIDMod="0" />
    </MapTiles>
    <StaticTiles />
  </TransInfo>
  <TransInfo Description="Light Wooden Floor(EW) to Small Dirt" HashKey="1B1B081B1B081B0808">
    <MapTiles>
      <MapTile TileID="1235" AltIDMod="0" />
    </MapTiles>
    <StaticTiles />
  </TransInfo>
  <TransInfo Description="Light Wooden Floor(EW) to Small Dirt" HashKey="1B1B1B1B1B081B0808">
    <MapTiles>
      <MapTile TileID="1235" AltIDMod="0" />
    </MapTiles>
    <StaticTiles />
  </TransInfo>
  <TransInfo Description="Light Wooden Floor(EW) to Small Dirt" HashKey="1B1B1B1B1B081B081B">
    <MapTiles>
      <MapTile TileID="1235" AltIDMod="0" />
    </MapTiles>
    <StaticTiles />
  </TransInfo>
  <TransInfo Description="Light Wooden Floor(EW) to Small Dirt" HashKey="1B1B081B1B1B1B0808">
    <MapTiles>
      <MapTile TileID="1235" AltIDMod="0" />
    </MapTiles>
    <StaticTiles />
  </TransInfo>
  <TransInfo Description="Light Wooden Floor(EW) to Small Dirt" HashKey="1B1B081B1B1B080808">
    <MapTiles>
      <MapTile TileID="1235" AltIDMod="0" />
    </MapTiles>
    <StaticTiles />
  </TransInfo>
  <TransInfo Description="Light Wooden Floor(EW) to Small Dirt" HashKey="1B1B081B1B1B08081B">
    <MapTiles>
      <MapTile TileID="1235" AltIDMod="0" />
    </MapTiles>
    <StaticTiles />
  </TransInfo>
  <TransInfo Description="Light Wooden Floor(EW) to Small Dirt" HashKey="1B1B1B1B1B08081B08">
    <MapTiles>
      <MapTile TileID="1235" AltIDMod="0" />
    </MapTiles>
    <StaticTiles />
  </TransInfo>
  <TransInfo Description="Light Wooden Floor(EW) to Small Dirt" HashKey="1B1B081B1B08081B08">
    <MapTiles>
      <MapTile TileID="1235" AltIDMod="0" />
    </MapTiles>
    <StaticTiles />
  </TransInfo>
  <TransInfo Description="Light Wooden Floor(EW) to Small Dirt" HashKey="1B1B081B1B0808081B">
    <MapTiles>
      <MapTile TileID="1235" AltIDMod="0" />
    </MapTiles>
    <StaticTiles />
  </TransInfo>
  <TransInfo Description="Light Wooden Floor(EW) to Small Dirt" HashKey="1B1B081B1B08081B1B">
    <MapTiles>
      <MapTile TileID="1235" AltIDMod="0" />
    </MapTiles>
    <StaticTiles />
  </TransInfo>
  <TransInfo Description="Light Wooden Floor(EW) to Small Dirt" HashKey="1B1B081B1B1B1B081B">
    <MapTiles>
      <MapTile TileID="1235" AltIDMod="0" />
    </MapTiles>
    <StaticTiles />
  </TransInfo>
  <TransInfo Description="Light Wooden Floor(EW) to Small Dirt" HashKey="1B1B1B1B1B08081B1B">
    <MapTiles>
      <MapTile TileID="1235" AltIDMod="0" />
    </MapTiles>
    <StaticTiles />
  </TransInfo>
  <TransInfo Description="Light Wooden Floor(EW) to Small Dirt" HashKey="1B1B081B1B081B081B">
    <MapTiles>
      <MapTile TileID="1235" AltIDMod="0" />
    </MapTiles>
    <StaticTiles />
  </TransInfo>
  <TransInfo Description="Light Wooden Floor(EW) to Small Dirt" HashKey="1B1B081B1B1B081B08">
    <MapTiles>
      <MapTile TileID="1235" AltIDMod="0" />
    </MapTiles>
    <StaticTiles />
  </TransInfo>
  <TransInfo Description="Light Wooden Floor(EW) to Small Dirt" HashKey="1B1B1B1B1B0808081B">
    <MapTiles>
      <MapTile TileID="1235" AltIDMod="0" />
    </MapTiles>
    <StaticTiles />
  </TransInfo>
  <TransInfo Description="Light Wooden Floor(EW) to Small Dirt" HashKey="080808081B1B081B1B">
    <MapTiles>
      <MapTile TileID="1234" AltIDMod="0" />
    </MapTiles>
    <StaticTiles />
  </TransInfo>
  <TransInfo Description="Light Wooden Floor(EW) to Small Dirt" HashKey="08081B081B1B081B1B">
    <MapTiles>
      <MapTile TileID="1234" AltIDMod="0" />
    </MapTiles>
    <StaticTiles />
  </TransInfo>
  <TransInfo Description="Light Wooden Floor(EW) to Small Dirt" HashKey="080808081B1B1B1B1B">
    <MapTiles>
      <MapTile TileID="1234" AltIDMod="0" />
    </MapTiles>
    <StaticTiles />
  </TransInfo>
  <TransInfo Description="Light Wooden Floor(EW) to Small Dirt" HashKey="08081B081B1B1B1B1B">
    <MapTiles>
      <MapTile TileID="1234" AltIDMod="0" />
    </MapTiles>
    <StaticTiles />
  </TransInfo>
  <TransInfo Description="Light Wooden Floor(EW) to Small Dirt" HashKey="081B08081B1B1B1B1B">
    <MapTiles>
      <MapTile TileID="1234" AltIDMod="0" />
    </MapTiles>
    <StaticTiles />
  </TransInfo>
  <TransInfo Description="Light Wooden Floor(EW) to Small Dirt" HashKey="08081B1B1B1B081B1B">
    <MapTiles>
      <MapTile TileID="1234" AltIDMod="0" />
    </MapTiles>
    <StaticTiles />
  </TransInfo>
  <TransInfo Description="Light Wooden Floor(EW) to Small Dirt" HashKey="1B08081B1B1B081B1B">
    <MapTiles>
      <MapTile TileID="1234" AltIDMod="0" />
    </MapTiles>
    <StaticTiles />
  </TransInfo>
  <TransInfo Description="Light Wooden Floor(EW) to Small Dirt" HashKey="081B081B1B1B081B1B">
    <MapTiles>
      <MapTile TileID="1234" AltIDMod="0" />
    </MapTiles>
    <StaticTiles />
  </TransInfo>
  <TransInfo Description="Light Wooden Floor(EW) to Small Dirt" HashKey="0808081B1B1B081B1B">
    <MapTiles>
      <MapTile TileID="1234" AltIDMod="0" />
    </MapTiles>
    <StaticTiles />
  </TransInfo>
  <TransInfo Description="Light Wooden Floor(EW) to Small Dirt" HashKey="1B081B081B1B1B1B1B">
    <MapTiles>
      <MapTile TileID="1234" AltIDMod="0" />
    </MapTiles>
    <StaticTiles />
  </TransInfo>
  <TransInfo Description="Light Wooden Floor(EW) to Small Dirt" HashKey="081B08081B1B081B1B">
    <MapTiles>
      <MapTile TileID="1234" AltIDMod="0" />
    </MapTiles>
    <StaticTiles />
  </TransInfo>
  <TransInfo Description="Light Wooden Floor(EW) to Small Dirt" HashKey="1B1B08081B1B081B1B">
    <MapTiles>
      <MapTile TileID="1234" AltIDMod="0" />
    </MapTiles>
    <StaticTiles />
  </TransInfo>
  <TransInfo Description="Light Wooden Floor(EW) to Small Dirt" HashKey="1B0808081B1B081B1B">
    <MapTiles>
      <MapTile TileID="1234" AltIDMod="0" />
    </MapTiles>
    <StaticTiles />
  </TransInfo>
  <TransInfo Description="Light Wooden Floor(EW) to Small Dirt" HashKey="1B1B08081B1B1B1B1B">
    <MapTiles>
      <MapTile TileID="1234" AltIDMod="0" />
    </MapTiles>
    <StaticTiles />
  </TransInfo>
  <TransInfo Description="Light Wooden Floor(EW) to Small Dirt" HashKey="1B081B081B1B081B1B">
    <MapTiles>
      <MapTile TileID="1234" AltIDMod="0" />
    </MapTiles>
    <StaticTiles />
  </TransInfo>
  <TransInfo Description="Light Wooden Floor(EW) to Small Dirt" HashKey="1B081B1B1B1B081B1B">
    <MapTiles>
      <MapTile TileID="1234" AltIDMod="0" />
    </MapTiles>
    <StaticTiles />
  </TransInfo>
  <TransInfo Description="Light Wooden Floor(EW) to Small Dirt" HashKey="1B0808081B1B1B1B1B">
    <MapTiles>
      <MapTile TileID="1234" AltIDMod="0" />
    </MapTiles>
    <StaticTiles />
  </TransInfo>
  <TransInfo Description="Light Wooden Floor(EW) to Small Dirt" HashKey="081B1B081B1B080808">
    <MapTiles>
      <MapTile TileID="1233" AltIDMod="0" />
    </MapTiles>
    <StaticTiles />
  </TransInfo>
  <TransInfo Description="Light Wooden Floor(EW) to Small Dirt" HashKey="1B1B1B081B1B080808">
    <MapTiles>
      <MapTile TileID="1233" AltIDMod="0" />
    </MapTiles>
    <StaticTiles />
  </TransInfo>
  <TransInfo Description="Light Wooden Floor(EW) to Small Dirt" HashKey="081B1B081B1B08081B">
    <MapTiles>
      <MapTile TileID="1233" AltIDMod="0" />
    </MapTiles>
    <StaticTiles />
  </TransInfo>
  <TransInfo Description="Light Wooden Floor(EW) to Small Dirt" HashKey="1B1B1B081B1B08081B">
    <MapTiles>
      <MapTile TileID="1233" AltIDMod="0" />
    </MapTiles>
    <StaticTiles />
  </TransInfo>
  <TransInfo Description="Light Wooden Floor(EW) to Small Dirt" HashKey="1B1B1B081B1B1B081B">
    <MapTiles>
      <MapTile TileID="1233" AltIDMod="0" />
    </MapTiles>
    <StaticTiles />
  </TransInfo>
  <TransInfo Description="Light Wooden Floor(EW) to Small Dirt" HashKey="081B1B081B1B1B1B08">
    <MapTiles>
      <MapTile TileID="1233" AltIDMod="0" />
    </MapTiles>
    <StaticTiles />
  </TransInfo>
  <TransInfo Description="Light Wooden Floor(EW) to Small Dirt" HashKey="081B1B1B1B1B080808">
    <MapTiles>
      <MapTile TileID="1233" AltIDMod="0" />
    </MapTiles>
    <StaticTiles />
  </TransInfo>
  <TransInfo Description="Light Wooden Floor(EW) to Small Dirt" HashKey="081B1B1B1B1B08081B">
    <MapTiles>
      <MapTile TileID="1233" AltIDMod="0" />
    </MapTiles>
    <StaticTiles />
  </TransInfo>
  <TransInfo Description="Light Wooden Floor(EW) to Small Dirt" HashKey="081B1B1B1B1B1B081B">
    <MapTiles>
      <MapTile TileID="1233" AltIDMod="0" />
    </MapTiles>
    <StaticTiles />
  </TransInfo>
  <TransInfo Description="Light Wooden Floor(EW) to Small Dirt" HashKey="1B1B1B081B1B081B08">
    <MapTiles>
      <MapTile TileID="1233" AltIDMod="0" />
    </MapTiles>
    <StaticTiles />
  </TransInfo>
  <TransInfo Description="Light Wooden Floor(EW) to Small Dirt" HashKey="081B1B081B1B081B08">
    <MapTiles>
      <MapTile TileID="1233" AltIDMod="0" />
    </MapTiles>
    <StaticTiles />
  </TransInfo>
  <TransInfo Description="Light Wooden Floor(EW) to Small Dirt" HashKey="081B1B1B1B1B1B0808">
    <MapTiles>
      <MapTile TileID="1233" AltIDMod="0" />
    </MapTiles>
    <StaticTiles />
  </TransInfo>
  <TransInfo Description="Light Wooden Floor(EW) to Small Dirt" HashKey="081B1B081B1B1B0808">
    <MapTiles>
      <MapTile TileID="1233" AltIDMod="0" />
    </MapTiles>
    <StaticTiles />
  </TransInfo>
  <TransInfo Description="Light Wooden Floor(EW) to Small Dirt" HashKey="1B1B1B081B1B1B0808">
    <MapTiles>
      <MapTile TileID="1233" AltIDMod="0" />
    </MapTiles>
    <StaticTiles />
  </TransInfo>
  <TransInfo Description="Light Wooden Floor(EW) to Small Dirt" HashKey="1B1B1B081B1B1B1B08">
    <MapTiles>
      <MapTile TileID="1233" AltIDMod="0" />
    </MapTiles>
    <StaticTiles />
  </TransInfo>
  <TransInfo Description="Light Wooden Floor(EW) to Small Dirt" HashKey="081B1B1B1B1B081B08">
    <MapTiles>
      <MapTile TileID="1233" AltIDMod="0" />
    </MapTiles>
    <StaticTiles />
  </TransInfo>
  <TransInfo Description="Light Wooden Floor(EW) to Small Dirt" HashKey="081B1B081B1B1B081B">
    <MapTiles>
      <MapTile TileID="1233" AltIDMod="0" />
    </MapTiles>
    <StaticTiles />
  </TransInfo>
  <TransInfo Description="Light Wooden Floor(EW) to Small Dirt" HashKey="0808081B1B081B1B08">
    <MapTiles>
      <MapTile TileID="1236" AltIDMod="0" />
    </MapTiles>
    <StaticTiles />
  </TransInfo>
  <TransInfo Description="Light Wooden Floor(EW) to Small Dirt" HashKey="0808081B1B081B1B1B">
    <MapTiles>
      <MapTile TileID="1236" AltIDMod="0" />
    </MapTiles>
    <StaticTiles />
  </TransInfo>
  <TransInfo Description="Light Wooden Floor(EW) to Small Dirt" HashKey="1B08081B1B081B1B08">
    <MapTiles>
      <MapTile TileID="1236" AltIDMod="0" />
    </MapTiles>
    <StaticTiles />
  </TransInfo>
  <TransInfo Description="Light Wooden Floor(EW) to Small Dirt" HashKey="1B08081B1B081B1B1B">
    <MapTiles>
      <MapTile TileID="1236" AltIDMod="0" />
    </MapTiles>
    <StaticTiles />
  </TransInfo>
  <TransInfo Description="Light Wooden Floor(EW) to Small Dirt" HashKey="081B1B1B1B081B1B08">
    <MapTiles>
      <MapTile TileID="1236" AltIDMod="0" />
    </MapTiles>
    <StaticTiles />
  </TransInfo>
  <TransInfo Description="Light Wooden Floor(EW) to Small Dirt" HashKey="081B081B1B081B1B1B">
    <MapTiles>
      <MapTile TileID="1236" AltIDMod="0" />
    </MapTiles>
    <StaticTiles />
  </TransInfo>
  <TransInfo Description="Light Wooden Floor(EW) to Small Dirt" HashKey="081B081B1B081B1B08">
    <MapTiles>
      <MapTile TileID="1236" AltIDMod="0" />
    </MapTiles>
    <StaticTiles />
  </TransInfo>
  <TransInfo Description="Light Wooden Floor(EW) to Small Dirt" HashKey="08081B1B1B1B1B1B08">
    <MapTiles>
      <MapTile TileID="1236" AltIDMod="0" />
    </MapTiles>
    <StaticTiles />
  </TransInfo>
  <TransInfo Description="Light Wooden Floor(EW) to Small Dirt" HashKey="1B081B1B1B1B1B1B08">
    <MapTiles>
      <MapTile TileID="1236" AltIDMod="0" />
    </MapTiles>
    <StaticTiles />
  </TransInfo>
  <TransInfo Description="Light Wooden Floor(EW) to Small Dirt" HashKey="0808081B1B1B1B1B08">
    <MapTiles>
      <MapTile TileID="1236" AltIDMod="0" />
    </MapTiles>
    <StaticTiles />
  </TransInfo>
  <TransInfo Description="Light Wooden Floor(EW) to Small Dirt" HashKey="08081B1B1B081B1B1B">
    <MapTiles>
      <MapTile TileID="1236" AltIDMod="0" />
    </MapTiles>
    <StaticTiles />
  </TransInfo>
  <TransInfo Description="Light Wooden Floor(EW) to Small Dirt" HashKey="1B08081B1B1B1B1B08">
    <MapTiles>
      <MapTile TileID="1236" AltIDMod="0" />
    </MapTiles>
    <StaticTiles />
  </TransInfo>
  <TransInfo Description="Light Wooden Floor(EW) to Small Dirt" HashKey="1B081B1B1B081B1B1B">
    <MapTiles>
      <MapTile TileID="1236" AltIDMod="0" />
    </MapTiles>
    <StaticTiles />
  </TransInfo>
  <TransInfo Description="Light Wooden Floor(EW) to Small Dirt" HashKey="081B1B1B1B081B1B1B">
    <MapTiles>
      <MapTile TileID="1236" AltIDMod="0" />
    </MapTiles>
    <StaticTiles />
  </TransInfo>
  <TransInfo Description="Light Wooden Floor(EW) to Small Dirt" HashKey="081B081B1B1B1B1B08">
    <MapTiles>
      <MapTile TileID="1236" AltIDMod="0" />
    </MapTiles>
    <StaticTiles />
  </TransInfo>
  <TransInfo Description="Light Wooden Floor(EW) to Small Dirt" HashKey="1B081B1B1B081B1B08">
    <MapTiles>
      <MapTile TileID="1236" AltIDMod="0" />
    </MapTiles>
    <StaticTiles />
  </TransInfo>
  <TransInfo Description="Light Wooden Floor(EW) to Small Dirt" HashKey="08081B1B1B081B1B08">
    <MapTiles>
      <MapTile TileID="1236" AltIDMod="0" />
    </MapTiles>
    <StaticTiles />
  </TransInfo>
  <TransInfo Description="Light Wooden Floor(EW) to Small Dirt" HashKey="081B1B1B1B1B1B1B1B">
    <MapTiles>
      <MapTile TileID="1237" AltIDMod="0" />
    </MapTiles>
    <StaticTiles />
  </TransInfo>
  <TransInfo Description="Light Wooden Floor(EW) to Small Dirt" HashKey="1B1B1B1B1B1B1B1B08">
    <MapTiles>
      <MapTile TileID="1238" AltIDMod="0" />
    </MapTiles>
    <StaticTiles />
  </TransInfo>
  <TransInfo Description="Light Wooden Floor(EW) to Small Dirt" HashKey="1B1B081B1B1B1B1B1B">
    <MapTiles>
      <MapTile TileID="1038" AltIDMod="0" />
    </MapTiles>
    <StaticTiles />
  </TransInfo>
  <TransInfo Description="Light Wooden Floor(EW) to Small Dirt" HashKey="1B1B1B1B1B1B081B1B">
    <MapTiles>
      <MapTile TileID="1039" AltIDMod="0" />
    </MapTiles>
    <StaticTiles />
  </TransInfo>
</Trans>