<Spawns>
  <Points>
    <Name>MBA_Tram_Spawn1</Name>
    <UniqueId>f1a7852e-db2b-446b-b516-7c500148ec98</UniqueId>
    <Map>Trammel</Map>
    <X>2523</X>
    <Y>578</Y>
    <Width>0</Width>
    <Height>0</Height>
    <CentreX>2523</CentreX>
    <CentreY>578</CentreY>
    <CentreZ>0</CentreZ>
    <Range>0</Range>
    <MaxCount>1</MaxCount>
    <MinDelay>30</MinDelay>
    <MaxDelay>60</MaxDelay>
    <DelayInSec>True</DelayInSec>
    <Duration>0</Duration>
    <DespawnTime>0</DespawnTime>
    <ProximityRange>-1</ProximityRange>
    <ProximityTriggerSound>500</ProximityTriggerSound>
    <TriggerProbability>1</TriggerProbability>
    <InContainer>False</InContainer>
    <MinRefractory>0</MinRefractory>
    <MaxRefractory>0</MaxRefractory>
    <TODStart>0</TODStart>
    <TODEnd>0</TODEnd>
    <TODMode>0</TODMode>
    <KillReset>1</KillReset>
    <ExternalTriggering>False</ExternalTriggering>
    <SequentialSpawning>-1</SequentialSpawning>
    <AllowGhostTriggering>False</AllowGhostTriggering>
    <AllowNPCTriggering>False</AllowNPCTriggering>
    <SpawnOnTrigger>False</SpawnOnTrigger>
    <SmartSpawning>False</SmartSpawning>
    <Team>0</Team>
    <Amount>1</Amount>
    <IsGroup>False</IsGroup>
    <IsRunning>True</IsRunning>
    <IsHomeRangeRelative>True</IsHomeRangeRelative>
    <Objects2>MBA_Quartermaster:MX=1:SB=0:RT=0:TO=0:KL=0:RK=0:CA=1:DN=-1:DX=-1:SP=1:PR=-1</Objects2>
  </Points>
  <Points>
    <Name>MBA_Tram_Spawn2</Name>
    <UniqueId>f1fb17c8-4bd1-4c00-812d-8991b9509fdf</UniqueId>
    <Map>Trammel</Map>
    <X>2525</X>
    <Y>578</Y>
    <Width>0</Width>
    <Height>0</Height>
    <CentreX>2525</CentreX>
    <CentreY>578</CentreY>
    <CentreZ>0</CentreZ>
    <Range>0</Range>
    <MaxCount>1</MaxCount>
    <MinDelay>30</MinDelay>
    <MaxDelay>60</MaxDelay>
    <DelayInSec>True</DelayInSec>
    <Duration>0</Duration>
    <DespawnTime>0</DespawnTime>
    <ProximityRange>-1</ProximityRange>
    <ProximityTriggerSound>500</ProximityTriggerSound>
    <TriggerProbability>1</TriggerProbability>
    <InContainer>False</InContainer>
    <MinRefractory>0</MinRefractory>
    <MaxRefractory>0</MaxRefractory>
    <TODStart>0</TODStart>
    <TODEnd>0</TODEnd>
    <TODMode>0</TODMode>
    <KillReset>1</KillReset>
    <ExternalTriggering>False</ExternalTriggering>
    <SequentialSpawning>-1</SequentialSpawning>
    <AllowGhostTriggering>False</AllowGhostTriggering>
    <AllowNPCTriggering>False</AllowNPCTriggering>
    <SpawnOnTrigger>False</SpawnOnTrigger>
    <SmartSpawning>False</SmartSpawning>
    <Team>0</Team>
    <Amount>1</Amount>
    <IsGroup>False</IsGroup>
    <IsRunning>True</IsRunning>
    <IsHomeRangeRelative>True</IsHomeRangeRelative>
    <Objects2>MBA_Taskmaster:MX=1:SB=0:RT=0:TO=0:KL=0:RK=0:CA=1:DN=-1:DX=-1:SP=1:PR=-1</Objects2>
  </Points>
  <Points>
    <Name>MBA_Tram_Spawn3</Name>
    <UniqueId>00b39d0d-244d-4fe4-b09b-62b8a26e2c73</UniqueId>
    <Map>Trammel</Map>
    <X>2535</X>
    <Y>499</Y>
    <Width>0</Width>
    <Height>0</Height>
    <CentreX>2535</CentreX>
    <CentreY>499</CentreY>
    <CentreZ>31</CentreZ>
    <Range>0</Range>
    <MaxCount>1</MaxCount>
    <MinDelay>5</MinDelay>
    <MaxDelay>10</MaxDelay>
    <DelayInSec>False</DelayInSec>
    <Duration>0</Duration>
    <DespawnTime>0</DespawnTime>
    <ProximityRange>-1</ProximityRange>
    <ProximityTriggerSound>500</ProximityTriggerSound>
    <TriggerProbability>1</TriggerProbability>
    <InContainer>False</InContainer>
    <MinRefractory>0</MinRefractory>
    <MaxRefractory>0</MaxRefractory>
    <TODStart>0</TODStart>
    <TODEnd>0</TODEnd>
    <TODMode>0</TODMode>
    <KillReset>1</KillReset>
    <ExternalTriggering>False</ExternalTriggering>
    <SequentialSpawning>-1</SequentialSpawning>
    <AllowGhostTriggering>False</AllowGhostTriggering>
    <AllowNPCTriggering>False</AllowNPCTriggering>
    <SpawnOnTrigger>False</SpawnOnTrigger>
    <SmartSpawning>False</SmartSpawning>
    <Team>0</Team>
    <Amount>1</Amount>
    <IsGroup>False</IsGroup>
    <IsRunning>True</IsRunning>
    <IsHomeRangeRelative>True</IsHomeRangeRelative>
    <Objects2>MBA_Foreman:MX=1:SB=0:RT=0:TO=0:KL=0:RK=0:CA=1:DN=-1:DX=-1:SP=1:PR=-1</Objects2>
  </Points>
  <Points>
    <Name>MBA_Hunt_Tram_Spawn4</Name>
    <UniqueId>e0235dd4-bfc1-40c3-ade9-a4d65b62ddc2</UniqueId>
    <Map>Trammel</Map>
    <X>2557</X>
    <Y>464</Y>
    <Width>50</Width>
    <Height>50</Height>
    <CentreX>2582</CentreX>
    <CentreY>489</CentreY>
    <CentreZ>40</CentreZ>
    <Range>25</Range>
    <MaxCount>5</MaxCount>
    <MinDelay>30</MinDelay>
    <MaxDelay>120</MaxDelay>
    <DelayInSec>True</DelayInSec>
    <Duration>0</Duration>
    <DespawnTime>0</DespawnTime>
    <ProximityRange>-1</ProximityRange>
    <ProximityTriggerSound>500</ProximityTriggerSound>
    <TriggerProbability>1</TriggerProbability>
    <InContainer>False</InContainer>
    <MinRefractory>0</MinRefractory>
    <MaxRefractory>0</MaxRefractory>
    <TODStart>0</TODStart>
    <TODEnd>0</TODEnd>
    <TODMode>0</TODMode>
    <KillReset>1</KillReset>
    <ExternalTriggering>False</ExternalTriggering>
    <SequentialSpawning>-1</SequentialSpawning>
    <AllowGhostTriggering>False</AllowGhostTriggering>
    <AllowNPCTriggering>False</AllowNPCTriggering>
    <SpawnOnTrigger>False</SpawnOnTrigger>
    <SmartSpawning>False</SmartSpawning>
    <Team>0</Team>
    <Amount>1</Amount>
    <IsGroup>False</IsGroup>
    <IsRunning>True</IsRunning>
    <IsHomeRangeRelative>True</IsHomeRangeRelative>
    <Objects2>LesserElemental:MX=5:SB=0:RT=0:TO=0:KL=0:RK=0:CA=1:DN=-1:DX=-1:SP=1:PR=-1</Objects2>
  </Points>
  <Points>
    <Name>MBA_Hunt_Tram_Spawn5</Name>
    <UniqueId>e7520210-6bed-4cfe-84ce-2d6080e98768</UniqueId>
    <Map>Trammel</Map>
    <X>2566</X>
    <Y>475</Y>
    <Width>30</Width>
    <Height>30</Height>
    <CentreX>2581</CentreX>
    <CentreY>490</CentreY>
    <CentreZ>40</CentreZ>
    <Range>15</Range>
    <MaxCount>3</MaxCount>
    <MinDelay>30</MinDelay>
    <MaxDelay>120</MaxDelay>
    <DelayInSec>True</DelayInSec>
    <Duration>0</Duration>
    <DespawnTime>0</DespawnTime>
    <ProximityRange>-1</ProximityRange>
    <ProximityTriggerSound>500</ProximityTriggerSound>
    <TriggerProbability>1</TriggerProbability>
    <InContainer>False</InContainer>
    <MinRefractory>0</MinRefractory>
    <MaxRefractory>0</MaxRefractory>
    <TODStart>0</TODStart>
    <TODEnd>0</TODEnd>
    <TODMode>0</TODMode>
    <KillReset>1</KillReset>
    <ExternalTriggering>False</ExternalTriggering>
    <SequentialSpawning>-1</SequentialSpawning>
    <AllowGhostTriggering>False</AllowGhostTriggering>
    <AllowNPCTriggering>False</AllowNPCTriggering>
    <SpawnOnTrigger>False</SpawnOnTrigger>
    <SmartSpawning>False</SmartSpawning>
    <Team>0</Team>
    <Amount>1</Amount>
    <IsGroup>False</IsGroup>
    <IsRunning>True</IsRunning>
    <IsHomeRangeRelative>True</IsHomeRangeRelative>
    <Objects2>LesserElemental:MX=3:SB=0:RT=0:TO=0:KL=0:RK=0:CA=1:DN=-1:DX=-1:SP=1:PR=-1</Objects2>
  </Points>
  <Points>
    <Name>MBA_Fel_Spawn1</Name>
    <UniqueId>88534651-b850-4935-8b77-559633d61963</UniqueId>
    <Map>Felucca</Map>
    <X>2523</X>
    <Y>578</Y>
    <Width>0</Width>
    <Height>0</Height>
    <CentreX>2523</CentreX>
    <CentreY>578</CentreY>
    <CentreZ>0</CentreZ>
    <Range>0</Range>
    <MaxCount>1</MaxCount>
    <MinDelay>5</MinDelay>
    <MaxDelay>10</MaxDelay>
    <DelayInSec>False</DelayInSec>
    <Duration>0</Duration>
    <DespawnTime>0</DespawnTime>
    <ProximityRange>-1</ProximityRange>
    <ProximityTriggerSound>500</ProximityTriggerSound>
    <TriggerProbability>1</TriggerProbability>
    <InContainer>False</InContainer>
    <MinRefractory>0</MinRefractory>
    <MaxRefractory>0</MaxRefractory>
    <TODStart>0</TODStart>
    <TODEnd>0</TODEnd>
    <TODMode>0</TODMode>
    <KillReset>1</KillReset>
    <ExternalTriggering>False</ExternalTriggering>
    <SequentialSpawning>-1</SequentialSpawning>
    <AllowGhostTriggering>False</AllowGhostTriggering>
    <AllowNPCTriggering>False</AllowNPCTriggering>
    <SpawnOnTrigger>False</SpawnOnTrigger>
    <SmartSpawning>False</SmartSpawning>
    <Team>0</Team>
    <Amount>1</Amount>
    <IsGroup>False</IsGroup>
    <IsRunning>True</IsRunning>
    <IsHomeRangeRelative>True</IsHomeRangeRelative>
    <Objects2>MBA_Quartermaster:MX=1:SB=0:RT=0:TO=0:KL=0:RK=0:CA=1:DN=-1:DX=-1:SP=1:PR=-1</Objects2>
  </Points>
  <Points>
    <Name>MBA_Fel_Spawn2</Name>
    <UniqueId>4c2af2ac-f07c-4177-a3e5-ec9c5dbb6588</UniqueId>
    <Map>Felucca</Map>
    <X>2525</X>
    <Y>578</Y>
    <Width>0</Width>
    <Height>0</Height>
    <CentreX>2525</CentreX>
    <CentreY>578</CentreY>
    <CentreZ>0</CentreZ>
    <Range>0</Range>
    <MaxCount>1</MaxCount>
    <MinDelay>5</MinDelay>
    <MaxDelay>10</MaxDelay>
    <DelayInSec>False</DelayInSec>
    <Duration>0</Duration>
    <DespawnTime>0</DespawnTime>
    <ProximityRange>-1</ProximityRange>
    <ProximityTriggerSound>500</ProximityTriggerSound>
    <TriggerProbability>1</TriggerProbability>
    <InContainer>False</InContainer>
    <MinRefractory>0</MinRefractory>
    <MaxRefractory>0</MaxRefractory>
    <TODStart>0</TODStart>
    <TODEnd>0</TODEnd>
    <TODMode>0</TODMode>
    <KillReset>1</KillReset>
    <ExternalTriggering>False</ExternalTriggering>
    <SequentialSpawning>-1</SequentialSpawning>
    <AllowGhostTriggering>False</AllowGhostTriggering>
    <AllowNPCTriggering>False</AllowNPCTriggering>
    <SpawnOnTrigger>False</SpawnOnTrigger>
    <SmartSpawning>False</SmartSpawning>
    <Team>0</Team>
    <Amount>1</Amount>
    <IsGroup>False</IsGroup>
    <IsRunning>True</IsRunning>
    <IsHomeRangeRelative>True</IsHomeRangeRelative>
    <Objects2>MBA_Taskmaster:MX=1:SB=0:RT=0:TO=0:KL=0:RK=0:CA=1:DN=-1:DX=-1:SP=1:PR=-1</Objects2>
  </Points>
  <Points>
    <Name>MBA_Fel_Spawn3</Name>
    <UniqueId>906a7bee-a4da-4da3-a334-c324bab6b94d</UniqueId>
    <Map>Felucca</Map>
    <X>2535</X>
    <Y>499</Y>
    <Width>0</Width>
    <Height>0</Height>
    <CentreX>2535</CentreX>
    <CentreY>499</CentreY>
    <CentreZ>31</CentreZ>
    <Range>0</Range>
    <MaxCount>1</MaxCount>
    <MinDelay>5</MinDelay>
    <MaxDelay>10</MaxDelay>
    <DelayInSec>False</DelayInSec>
    <Duration>0</Duration>
    <DespawnTime>0</DespawnTime>
    <ProximityRange>-1</ProximityRange>
    <ProximityTriggerSound>500</ProximityTriggerSound>
    <TriggerProbability>1</TriggerProbability>
    <InContainer>False</InContainer>
    <MinRefractory>0</MinRefractory>
    <MaxRefractory>0</MaxRefractory>
    <TODStart>0</TODStart>
    <TODEnd>0</TODEnd>
    <TODMode>0</TODMode>
    <KillReset>1</KillReset>
    <ExternalTriggering>False</ExternalTriggering>
    <SequentialSpawning>-1</SequentialSpawning>
    <AllowGhostTriggering>False</AllowGhostTriggering>
    <AllowNPCTriggering>False</AllowNPCTriggering>
    <SpawnOnTrigger>False</SpawnOnTrigger>
    <SmartSpawning>False</SmartSpawning>
    <Team>0</Team>
    <Amount>1</Amount>
    <IsGroup>False</IsGroup>
    <IsRunning>True</IsRunning>
    <IsHomeRangeRelative>True</IsHomeRangeRelative>
    <Objects2>MBA_Foreman:MX=1:SB=0:RT=0:TO=0:KL=0:RK=0:CA=1:DN=-1:DX=-1:SP=1:PR=-1</Objects2>
  </Points>
  <Points>
    <Name>MBA_Hunt_Fel_Spawn4</Name>
    <UniqueId>4e4dea92-873e-4bf1-b184-d8c3fc418ddc</UniqueId>
    <Map>Felucca</Map>
    <X>2557</X>
    <Y>464</Y>
    <Width>50</Width>
    <Height>50</Height>
    <CentreX>2582</CentreX>
    <CentreY>489</CentreY>
    <CentreZ>40</CentreZ>
    <Range>25</Range>
    <MaxCount>5</MaxCount>
    <MinDelay>30</MinDelay>
    <MaxDelay>120</MaxDelay>
    <DelayInSec>True</DelayInSec>
    <Duration>0</Duration>
    <DespawnTime>0</DespawnTime>
    <ProximityRange>-1</ProximityRange>
    <ProximityTriggerSound>500</ProximityTriggerSound>
    <TriggerProbability>1</TriggerProbability>
    <InContainer>False</InContainer>
    <MinRefractory>0</MinRefractory>
    <MaxRefractory>0</MaxRefractory>
    <TODStart>0</TODStart>
    <TODEnd>0</TODEnd>
    <TODMode>0</TODMode>
    <KillReset>1</KillReset>
    <ExternalTriggering>False</ExternalTriggering>
    <SequentialSpawning>-1</SequentialSpawning>
    <AllowGhostTriggering>False</AllowGhostTriggering>
    <AllowNPCTriggering>False</AllowNPCTriggering>
    <SpawnOnTrigger>False</SpawnOnTrigger>
    <SmartSpawning>False</SmartSpawning>
    <Team>0</Team>
    <Amount>1</Amount>
    <IsGroup>False</IsGroup>
    <IsRunning>True</IsRunning>
    <IsHomeRangeRelative>True</IsHomeRangeRelative>
    <Objects2>LesserElemental:MX=5:SB=0:RT=0:TO=0:KL=0:RK=0:CA=1:DN=-1:DX=-1:SP=1:PR=-1</Objects2>
  </Points>
  <Points>
    <Name>MBA_Hunt_Fel_Spawn5</Name>
    <UniqueId>b786a64c-03e3-4080-ae17-5f3e80fc9131</UniqueId>
    <Map>Felucca</Map>
    <X>2566</X>
    <Y>475</Y>
    <Width>30</Width>
    <Height>30</Height>
    <CentreX>2581</CentreX>
    <CentreY>490</CentreY>
    <CentreZ>40</CentreZ>
    <Range>15</Range>
    <MaxCount>3</MaxCount>
    <MinDelay>30</MinDelay>
    <MaxDelay>120</MaxDelay>
    <DelayInSec>True</DelayInSec>
    <Duration>0</Duration>
    <DespawnTime>0</DespawnTime>
    <ProximityRange>-1</ProximityRange>
    <ProximityTriggerSound>500</ProximityTriggerSound>
    <TriggerProbability>1</TriggerProbability>
    <InContainer>False</InContainer>
    <MinRefractory>0</MinRefractory>
    <MaxRefractory>0</MaxRefractory>
    <TODStart>0</TODStart>
    <TODEnd>0</TODEnd>
    <TODMode>0</TODMode>
    <KillReset>1</KillReset>
    <ExternalTriggering>False</ExternalTriggering>
    <SequentialSpawning>-1</SequentialSpawning>
    <AllowGhostTriggering>False</AllowGhostTriggering>
    <AllowNPCTriggering>False</AllowNPCTriggering>
    <SpawnOnTrigger>False</SpawnOnTrigger>
    <SmartSpawning>False</SmartSpawning>
    <Team>0</Team>
    <Amount>1</Amount>
    <IsGroup>False</IsGroup>
    <IsRunning>True</IsRunning>
    <IsHomeRangeRelative>True</IsHomeRangeRelative>
    <Objects2>LesserElemental:MX=3:SB=0:RT=0:TO=0:KL=0:RK=0:CA=1:DN=-1:DX=-1:SP=1:PR=-1</Objects2>
  </Points>
</Spawns>