<?xml version="1.0" encoding="utf-8" ?>
<Wizard>
	"<Tile Pattern="BBBAAAAAA" MapTile="Inner Top" StaticTile="Inner Top" />"
	"<Tile Pattern="ABBAAAAAA" MapTile="Inner Top" StaticTile="Inner Top" />"
	"<Tile Pattern="BBAAAAAAA" MapTile="Inner Top" StaticTile="Inner Top" />"
	"<Tile Pattern="ABAAAAAAA" MapTile="Inner Top" StaticTile="Inner Top" />"
	"<Tile Pattern="BABAAAAAA" MapTile="Inner Top" StaticTile="Inner Top" />"
	"<Tile Pattern="BAABAABAA" MapTile="Inner Left" StaticTile="Inner Left" />"
	"<Tile Pattern="BAABAAAAA" MapTile="Inner Left" StaticTile="Inner Left" />"
	"<Tile Pattern="AAABAABAA" MapTile="Inner Left" StaticTile="Inner Left" />"
	"<Tile Pattern="AAABAAAAA" MapTile="Inner Left" StaticTile="Inner Left" />"
	"<Tile Pattern="BAAAAABAA" MapTile="Inner Left" StaticTile="Inner Left" />"
	"<Tile Pattern="AABAABAAB" MapTile="Inner Right" StaticTile="Inner Right" />"
	"<Tile Pattern="AAAAABAAB" MapTile="Inner Right" StaticTile="Inner Right" />"
	"<Tile Pattern="AABAABAAA" MapTile="Inner Right" StaticTile="Inner Right" />"
	"<Tile Pattern="AAAAABAAA" MapTile="Inner Right" StaticTile="Inner Right" />"
	"<Tile Pattern="AABAAAAAB" MapTile="Inner Right" StaticTile="Inner Right" />"
	"<Tile Pattern="AAAAAABBB" MapTile="Inner Bottom" StaticTile="Inner Bottom" />"
	"<Tile Pattern="AAAAAABBA" MapTile="Inner Bottom" StaticTile="Inner Bottom" />"
	"<Tile Pattern="AAAAAAABB" MapTile="Inner Bottom" StaticTile="Inner Bottom" />"
	"<Tile Pattern="AAAAAAABA" MapTile="Inner Bottom" StaticTile="Inner Bottom" />"
	"<Tile Pattern="AAAAAABAB" MapTile="Inner Bottom" StaticTile="Inner Bottom" />"
	"<Tile Pattern="AABAABBBB" MapTile="Inner Bottom Right" StaticTile="Inner Bottom Right" />"
	"<Tile Pattern="AAAAABBBB" MapTile="Inner Bottom Right" StaticTile="Inner Bottom Right" />"
	"<Tile Pattern="AABAABABB" MapTile="Inner Bottom Right" StaticTile="Inner Bottom Right" />"
	"<Tile Pattern="AAAAABABB" MapTile="Inner Bottom Right" StaticTile="Inner Bottom Right" />"
	"<Tile Pattern="AAAAABABA" MapTile="Inner Bottom Right" StaticTile="Inner Bottom Right" />"
	"<Tile Pattern="AABAAAABB" MapTile="Inner Bottom Right" StaticTile="Inner Bottom Right" />"
	"<Tile Pattern="AABAAABBB" MapTile="Inner Bottom Right" StaticTile="Inner Bottom Right" />"
	"<Tile Pattern="AABAAABBA" MapTile="Inner Bottom Right" StaticTile="Inner Bottom Right" />"
	"<Tile Pattern="AAAAABBAB" MapTile="Inner Bottom Right" StaticTile="Inner Bottom Right" />"
	"<Tile Pattern="AABAABBAB" MapTile="Inner Bottom Right" StaticTile="Inner Bottom Right" />"
	"<Tile Pattern="AABAABBBA" MapTile="Inner Bottom Right" StaticTile="Inner Bottom Right" />"
	"<Tile Pattern="AABAABBAA" MapTile="Inner Bottom Right" StaticTile="Inner Bottom Right" />"
	"<Tile Pattern="AABAAAABA" MapTile="Inner Bottom Right" StaticTile="Inner Bottom Right" />"
	"<Tile Pattern="AAAAABBAA" MapTile="Inner Bottom Right" StaticTile="Inner Bottom Right" />"
	"<Tile Pattern="AABAABABA" MapTile="Inner Bottom Right" StaticTile="Inner Bottom Right" />"
	"<Tile Pattern="AABAAABAB" MapTile="Inner Bottom Right" StaticTile="Inner Bottom Right" />"
	"<Tile Pattern="AAAAABBBA" MapTile="Inner Bottom Right" StaticTile="Inner Bottom Right" />"
	"<Tile Pattern="BBBBAABAA" MapTile="Inner Top Left" StaticTile="Inner Top Left" />"
	"<Tile Pattern="BBABAABAA" MapTile="Inner Top Left" StaticTile="Inner Top Left" />"
	"<Tile Pattern="BBBBAAAAA" MapTile="Inner Top Left" StaticTile="Inner Top Left" />"
	"<Tile Pattern="BBABAAAAA" MapTile="Inner Top Left" StaticTile="Inner Top Left" />"
	"<Tile Pattern="BABBAAAAA" MapTile="Inner Top Left" StaticTile="Inner Top Left" />"
	"<Tile Pattern="BBAAAABAA" MapTile="Inner Top Left" StaticTile="Inner Top Left" />"
	"<Tile Pattern="ABBAAABAA" MapTile="Inner Top Left" StaticTile="Inner Top Left" />"
	"<Tile Pattern="BABAAABAA" MapTile="Inner Top Left" StaticTile="Inner Top Left" />"
	"<Tile Pattern="BBBAAABAA" MapTile="Inner Top Left" StaticTile="Inner Top Left" />"
	"<Tile Pattern="ABABAAAAA" MapTile="Inner Top Left" StaticTile="Inner Top Left" />"
	"<Tile Pattern="BABBAABAA" MapTile="Inner Top Left" StaticTile="Inner Top Left" />"
	"<Tile Pattern="AABBAABAA" MapTile="Inner Top Left" StaticTile="Inner Top Left" />"
	"<Tile Pattern="ABBBAABAA" MapTile="Inner Top Left" StaticTile="Inner Top Left" />"
	"<Tile Pattern="AABBAAAAA" MapTile="Inner Top Left" StaticTile="Inner Top Left" />"
	"<Tile Pattern="ABABAABAA" MapTile="Inner Top Left" StaticTile="Inner Top Left" />"
	"<Tile Pattern="ABAAAABAA" MapTile="Inner Top Left" StaticTile="Inner Top Left" />"
	"<Tile Pattern="ABBBAAAAA" MapTile="Inner Top Left" StaticTile="Inner Top Left" />"
	"<Tile Pattern="BAABAABBB" MapTile="Inner Bottom Left" StaticTile="Inner Bottom Left" />"
	"<Tile Pattern="AAABAABBB" MapTile="Inner Bottom Left" StaticTile="Inner Bottom Left" />"
	"<Tile Pattern="BAABAABBA" MapTile="Inner Bottom Left" StaticTile="Inner Bottom Left" />"
	"<Tile Pattern="AAABAABBA" MapTile="Inner Bottom Left" StaticTile="Inner Bottom Left" />"
	"<Tile Pattern="AAABAAABA" MapTile="Inner Bottom Left" StaticTile="Inner Bottom Left" />"
	"<Tile Pattern="BAABAAAAB" MapTile="Inner Bottom Left" StaticTile="Inner Bottom Left" />"
	"<Tile Pattern="BAAAAABBB" MapTile="Inner Bottom Left" StaticTile="Inner Bottom Left" />"
	"<Tile Pattern="BAAAAABBA" MapTile="Inner Bottom Left" StaticTile="Inner Bottom Left" />"
	"<Tile Pattern="BAAAAAABA" MapTile="Inner Bottom Left" StaticTile="Inner Bottom Left" />"
	"<Tile Pattern="AAABAABAB" MapTile="Inner Bottom Left" StaticTile="Inner Bottom Left" />"
	"<Tile Pattern="BAABAABAB" MapTile="Inner Bottom Left" StaticTile="Inner Bottom Left" />"
	"<Tile Pattern="BAAAAAABB" MapTile="Inner Bottom Left" StaticTile="Inner Bottom Left" />"
	"<Tile Pattern="BAABAAABB" MapTile="Inner Bottom Left" StaticTile="Inner Bottom Left" />"
	"<Tile Pattern="AAABAAABB" MapTile="Inner Bottom Left" StaticTile="Inner Bottom Left" />"
	"<Tile Pattern="AAABAAAAB" MapTile="Inner Bottom Left" StaticTile="Inner Bottom Left" />"
	"<Tile Pattern="BAAAAABAB" MapTile="Inner Bottom Left" StaticTile="Inner Bottom Left" />"
	"<Tile Pattern="BAABAAABA" MapTile="Inner Bottom Left" StaticTile="Inner Bottom Left" />"
	"<Tile Pattern="BBBAABAAB" MapTile="Inner Top Right" StaticTile="Inner Top Right" />"
	"<Tile Pattern="BBBAABAAA" MapTile="Inner Top Right" StaticTile="Inner Top Right" />"
	"<Tile Pattern="ABBAABAAB" MapTile="Inner Top Right" StaticTile="Inner Top Right" />"
	"<Tile Pattern="ABBAABAAA" MapTile="Inner Top Right" StaticTile="Inner Top Right" />"
	"<Tile Pattern="BAAAABAAB" MapTile="Inner Top Right" StaticTile="Inner Top Right" />"
	"<Tile Pattern="BABAABAAA" MapTile="Inner Top Right" StaticTile="Inner Top Right" />"
	"<Tile Pattern="BABAABAAB" MapTile="Inner Top Right" StaticTile="Inner Top Right" />"
	"<Tile Pattern="BBAAAAAAB" MapTile="Inner Top Right" StaticTile="Inner Top Right" />"
	"<Tile Pattern="ABAAAAAAB" MapTile="Inner Top Right" StaticTile="Inner Top Right" />"
	"<Tile Pattern="BBBAAAAAB" MapTile="Inner Top Right" StaticTile="Inner Top Right" />"
	"<Tile Pattern="BBAAABAAA" MapTile="Inner Top Right" StaticTile="Inner Top Right" />"
	"<Tile Pattern="ABBAAAAAB" MapTile="Inner Top Right" StaticTile="Inner Top Right" />"
	"<Tile Pattern="ABAAABAAA" MapTile="Inner Top Right" StaticTile="Inner Top Right" />"
	"<Tile Pattern="BAAAABAAA" MapTile="Inner Top Right" StaticTile="Inner Top Right" />"
	"<Tile Pattern="BABAAAAAB" MapTile="Inner Top Right" StaticTile="Inner Top Right" />"
	"<Tile Pattern="ABAAABAAB" MapTile="Inner Top Right" StaticTile="Inner Top Right" />"
	"<Tile Pattern="BBAAABAAB" MapTile="Inner Top Right" StaticTile="Inner Top Right" />"
	"<Tile Pattern="BAAAAAAAA" MapTile="Outer Top Left" StaticTile="Outer Top Left" />"
	"<Tile Pattern="AAAAAAAAB" MapTile="Outer Bottom Right" StaticTile="Outer Bottom Right" />"
	"<Tile Pattern="AABAAAAAA" MapTile="Outer Top Right" StaticTile="Outer Top Right" />"
	"<Tile Pattern="AAAAAABAA" MapTile="Outer Bottom Left" StaticTile="Outer Bottom Left" />"

</Wizard>