<?xml version="1.0" encoding="utf-8"?>
<Altitudes>
  <Altitude Key="239" Type="Other" Altitude="115" R="201" G="0" B="201" />
  <Altitude Key="238" Type="Other" Altitude="110" R="198" G="0" B="198" />
  <Altitude Key="237" Type="Other" Altitude="105" R="195" G="0" B="195" />
  <Altitude Key="236" Type="Other" Altitude="100" R="192" G="0" B="192" />
  <Altitude Key="235" Type="Other" Altitude="95" R="189" G="0" B="189" />
  <Altitude Key="234" Type="Other" Altitude="90" R="186" G="0" B="186" />
  <Altitude Key="233" Type="Other" Altitude="85" R="183" G="0" B="183" />
  <Altitude Key="232" Type="Other" Altitude="80" R="180" G="0" B="180" />
  <Altitude Key="231" Type="Other" Altitude="75" R="177" G="0" B="177" />
  <Altitude Key="230" Type="Other" Altitude="70" R="174" G="0" B="174" />
  <Altitude Key="229" Type="Other" Altitude="65" R="171" G="0" B="171" />
  <Altitude Key="228" Type="Other" Altitude="60" R="168" G="0" B="168" />
  <Altitude Key="227" Type="Other" Altitude="55" R="165" G="0" B="165" />
  <Altitude Key="226" Type="Other" Altitude="50" R="162" G="0" B="162" />
  <Altitude Key="225" Type="Other" Altitude="45" R="159" G="0" B="159" />
  <Altitude Key="224" Type="Other" Altitude="40" R="156" G="0" B="156" />
  <Altitude Key="223" Type="Other" Altitude="35" R="153" G="0" B="153" />
  <Altitude Key="222" Type="Other" Altitude="30" R="150" G="0" B="150" />
  <Altitude Key="221" Type="Other" Altitude="25" R="147" G="0" B="147" />
  <Altitude Key="220" Type="Other" Altitude="20" R="144" G="0" B="144" />
  <Altitude Key="219" Type="Other" Altitude="15" R="141" G="0" B="141" />
  <Altitude Key="218" Type="Other" Altitude="10" R="138" G="0" B="138" />
  <Altitude Key="217" Type="Other" Altitude="5" R="135" G="0" B="135" />
  <Altitude Key="216" Type="Other" Altitude="0" R="132" G="0" B="132" />
  <Altitude Key="215" Type="Other" Altitude="-5" R="129" G="0" B="129" />
  <Altitude Key="214" Type="Other" Altitude="-10" R="126" G="0" B="126" />
  <Altitude Key="213" Type="Other" Altitude="-15" R="123" G="0" B="123" />
  <Altitude Key="212" Type="Other" Altitude="-20" R="120" G="0" B="120" />
  <Altitude Key="211" Type="Other" Altitude="-25" R="117" G="0" B="117" />
  <Altitude Key="210" Type="Other" Altitude="-30" R="114" G="0" B="114" />
  <Altitude Key="209" Type="Other" Altitude="-35" R="111" G="0" B="111" />
  <Altitude Key="208" Type="Other" Altitude="-40" R="108" G="0" B="108" />
  <Altitude Key="207" Type="Other" Altitude="-45" R="105" G="0" B="105" />
  <Altitude Key="206" Type="Other" Altitude="-50" R="102" G="0" B="102" />
  <Altitude Key="205" Type="Other" Altitude="-55" R="99" G="0" B="99" />
  <Altitude Key="204" Type="Other" Altitude="-60" R="96" G="0" B="96" />
  <Altitude Key="203" Type="Other" Altitude="-65" R="93" G="0" B="93" />
  <Altitude Key="202" Type="Other" Altitude="-70" R="90" G="0" B="90" />
  <Altitude Key="201" Type="Other" Altitude="-75" R="87" G="0" B="87" />
  <Altitude Key="200" Type="Other" Altitude="-80" R="84" G="0" B="84" />
  <Altitude Key="199" Type="Other" Altitude="-85" R="81" G="0" B="81" />
  <Altitude Key="198" Type="Other" Altitude="-90" R="78" G="0" B="78" />
  <Altitude Key="197" Type="Other" Altitude="-95" R="75" G="0" B="75" />
  <Altitude Key="196" Type="Other" Altitude="-100" R="72" G="0" B="72" />
  <Altitude Key="195" Type="Other" Altitude="-105" R="69" G="0" B="69" />
  <Altitude Key="194" Type="Other" Altitude="-110" R="66" G="0" B="66" />
  <Altitude Key="193" Type="Other" Altitude="-115" R="63" G="0" B="63" />
  <Altitude Key="192" Type="Other" Altitude="-120" R="60" G="0" B="60" />
 
  <Altitude Key="175" Type="Mountain" Altitude="115" R="201" G="201" B="201" />
  <Altitude Key="174" Type="Mountain" Altitude="110" R="198" G="198" B="198" />
  <Altitude Key="173" Type="Mountain" Altitude="105" R="195" G="195" B="195" />
  <Altitude Key="172" Type="Mountain" Altitude="100" R="192" G="192" B="192" />
  <Altitude Key="171" Type="Mountain" Altitude="95" R="189" G="189" B="189" />
  <Altitude Key="170" Type="Mountain" Altitude="90" R="186" G="186" B="186" />
  <Altitude Key="169" Type="Mountain" Altitude="85" R="183" G="183" B="183" />
  <Altitude Key="168" Type="Mountain" Altitude="80" R="180" G="180" B="180" />
  <Altitude Key="167" Type="Mountain" Altitude="75" R="177" G="177" B="177" />
  <Altitude Key="166" Type="Mountain" Altitude="70" R="174" G="174" B="174" />
  <Altitude Key="165" Type="Mountain" Altitude="65" R="171" G="171" B="171" />
  <Altitude Key="164" Type="Mountain" Altitude="60" R="168" G="168" B="168" />
  <Altitude Key="163" Type="Mountain" Altitude="55" R="165" G="165" B="165" />
  <Altitude Key="162" Type="Mountain" Altitude="50" R="162" G="162" B="162" />
  <Altitude Key="161" Type="Mountain" Altitude="45" R="159" G="159" B="159" />
  <Altitude Key="160" Type="Mountain" Altitude="40" R="156" G="156" B="156" />
  <Altitude Key="159" Type="Mountain" Altitude="35" R="153" G="153" B="153" />
  <Altitude Key="158" Type="Mountain" Altitude="30" R="150" G="150" B="150" />
  <Altitude Key="157" Type="Mountain" Altitude="25" R="147" G="147" B="147" />
  <Altitude Key="156" Type="Mountain" Altitude="20" R="144" G="144" B="144" />
  <Altitude Key="155" Type="Mountain" Altitude="15" R="141" G="141" B="141" />
  <Altitude Key="154" Type="Mountain" Altitude="10" R="138" G="138" B="138" />
  <Altitude Key="153" Type="Mountain" Altitude="5" R="135" G="135" B="135" />
  <Altitude Key="152" Type="Mountain" Altitude="0" R="132" G="132" B="132" />
  <Altitude Key="151" Type="Mountain" Altitude="-5" R="129" G="129" B="129" />
  <Altitude Key="150" Type="Mountain" Altitude="-10" R="126" G="126" B="126" />
  <Altitude Key="149" Type="Mountain" Altitude="-15" R="123" G="123" B="123" />
  <Altitude Key="148" Type="Mountain" Altitude="-20" R="120" G="120" B="120" />
  <Altitude Key="147" Type="Mountain" Altitude="-25" R="117" G="117" B="117" />
  <Altitude Key="146" Type="Mountain" Altitude="-30" R="114" G="114" B="114" />
  <Altitude Key="145" Type="Mountain" Altitude="-35" R="111" G="111" B="111" />
  <Altitude Key="144" Type="Mountain" Altitude="-40" R="108" G="108" B="108" />
  <Altitude Key="143" Type="Mountain" Altitude="-45" R="105" G="105" B="105" />
  <Altitude Key="142" Type="Mountain" Altitude="-50" R="102" G="102" B="102" />
  <Altitude Key="141" Type="Mountain" Altitude="-55" R="99" G="99" B="99" />
  <Altitude Key="140" Type="Mountain" Altitude="-60" R="96" G="96" B="96" />
  <Altitude Key="139" Type="Mountain" Altitude="-65" R="93" G="93" B="93" />
  <Altitude Key="138" Type="Mountain" Altitude="-70" R="90" G="90" B="90" />
  <Altitude Key="137" Type="Mountain" Altitude="-75" R="87" G="87" B="87" />
  <Altitude Key="136" Type="Mountain" Altitude="-80" R="84" G="84" B="84" />
  <Altitude Key="135" Type="Mountain" Altitude="-85" R="81" G="81" B="81" />
  <Altitude Key="134" Type="Mountain" Altitude="-90" R="78" G="78" B="78" />
  <Altitude Key="133" Type="Mountain" Altitude="-95" R="75" G="75" B="75" />
  <Altitude Key="132" Type="Mountain" Altitude="-100" R="72" G="72" B="72" />
  <Altitude Key="131" Type="Mountain" Altitude="-105" R="69" G="69" B="69" />
  <Altitude Key="130" Type="Mountain" Altitude="-110" R="66" G="66" B="66" />
  <Altitude Key="129" Type="Mountain" Altitude="-115" R="63" G="63" B="63" />
  <Altitude Key="128" Type="Mountain" Altitude="-120" R="60" G="60" B="60" />
  
  <Altitude Key="111" Type="Land" Altitude="115" R="0" G="201" B="0" />
  <Altitude Key="110" Type="Land" Altitude="110" R="0" G="198" B="0" />
  <Altitude Key="109" Type="Land" Altitude="105" R="0" G="195" B="0" />
  <Altitude Key="108" Type="Land" Altitude="100" R="0" G="192" B="0" />
  <Altitude Key="107" Type="Land" Altitude="95" R="0" G="189" B="0" />
  <Altitude Key="106" Type="Land" Altitude="90" R="0" G="186" B="0" />
  <Altitude Key="105" Type="Land" Altitude="85" R="0" G="183" B="0" />
  <Altitude Key="104" Type="Land" Altitude="80" R="0" G="180" B="0" />
  <Altitude Key="103" Type="Land" Altitude="75" R="0" G="177" B="0" />
  <Altitude Key="102" Type="Land" Altitude="70" R="0" G="174" B="0" />
  <Altitude Key="101" Type="Land" Altitude="65" R="0" G="171" B="0" />
  <Altitude Key="100" Type="Land" Altitude="60" R="0" G="168" B="0" />
  <Altitude Key="99" Type="Land" Altitude="55" R="0" G="165" B="0" />
  <Altitude Key="98" Type="Land" Altitude="50" R="0" G="162" B="0" />
  <Altitude Key="97" Type="Land" Altitude="45" R="0" G="159" B="0" />
  <Altitude Key="96" Type="Land" Altitude="40" R="0" G="156" B="0" />
  <Altitude Key="95" Type="Land" Altitude="35" R="0" G="153" B="0" />
  <Altitude Key="94" Type="Land" Altitude="30" R="0" G="150" B="0" />
  <Altitude Key="93" Type="Land" Altitude="25" R="0" G="147" B="0" />
  <Altitude Key="92" Type="Land" Altitude="20" R="0" G="144" B="0" />
  <Altitude Key="91" Type="Land" Altitude="15" R="0" G="141" B="0" />
  <Altitude Key="90" Type="Land" Altitude="10" R="0" G="138" B="0" />
  <Altitude Key="89" Type="Land" Altitude="5" R="0" G="135" B="0" />
  <Altitude Key="88" Type="Land" Altitude="0" R="0" G="132" B="0" />
  <Altitude Key="87" Type="Land" Altitude="-5" R="0" G="129" B="0" />
  <Altitude Key="86" Type="Land" Altitude="-10" R="0" G="126" B="0" />
  <Altitude Key="85" Type="Land" Altitude="-15" R="0" G="123" B="0" />
  <Altitude Key="84" Type="Land" Altitude="-20" R="0" G="120" B="0" />
  <Altitude Key="83" Type="Land" Altitude="-25" R="0" G="117" B="0" />
  <Altitude Key="82" Type="Land" Altitude="-30" R="0" G="114" B="0" />
  <Altitude Key="81" Type="Land" Altitude="-35" R="0" G="111" B="0" />
  <Altitude Key="80" Type="Land" Altitude="-40" R="0" G="108" B="0" />
  <Altitude Key="79" Type="Land" Altitude="-45" R="0" G="105" B="0" />
  <Altitude Key="78" Type="Land" Altitude="-50" R="0" G="102" B="0" />
  <Altitude Key="77" Type="Land" Altitude="-55" R="0" G="99" B="0" />
  <Altitude Key="76" Type="Land" Altitude="-60" R="0" G="96" B="0" />
  <Altitude Key="75" Type="Land" Altitude="-65" R="0" G="93" B="0" />
  <Altitude Key="74" Type="Land" Altitude="-70" R="0" G="90" B="0" />
  <Altitude Key="73" Type="Land" Altitude="-75" R="0" G="87" B="0" />
  <Altitude Key="72" Type="Land" Altitude="-80" R="0" G="84" B="0" />
  <Altitude Key="71" Type="Land" Altitude="-85" R="0" G="81" B="0" />
  <Altitude Key="70" Type="Land" Altitude="-90" R="0" G="78" B="0" />
  <Altitude Key="69" Type="Land" Altitude="-95" R="0" G="75" B="0" />
  <Altitude Key="68" Type="Land" Altitude="-100" R="0" G="72" B="0" />
  <Altitude Key="67" Type="Land" Altitude="-105" R="0" G="69" B="0" />
  <Altitude Key="66" Type="Land" Altitude="-110" R="0" G="66" B="0" />
  <Altitude Key="65" Type="Land" Altitude="-115" R="0" G="63" B="0" />
  <Altitude Key="64" Type="Land" Altitude="-120" R="0" G="60" B="0" />
  
  <Altitude Key="47" Type="Water" Altitude="115" R="0" G="0" B="201" />
  <Altitude Key="46" Type="Water" Altitude="110" R="0" G="0" B="198" />
  <Altitude Key="45" Type="Water" Altitude="105" R="0" G="0" B="195" />
  <Altitude Key="44" Type="Water" Altitude="100" R="0" G="0" B="192" />
  <Altitude Key="43" Type="Water" Altitude="95" R="0" G="0" B="189" />
  <Altitude Key="42" Type="Water" Altitude="90" R="0" G="0" B="186" />
  <Altitude Key="41" Type="Water" Altitude="85" R="0" G="0" B="183" />
  <Altitude Key="40" Type="Water" Altitude="80" R="0" G="0" B="180" />
  <Altitude Key="39" Type="Water" Altitude="75" R="0" G="0" B="177" />
  <Altitude Key="38" Type="Water" Altitude="70" R="0" G="0" B="174" />
  <Altitude Key="37" Type="Water" Altitude="65" R="0" G="0" B="171" />
  <Altitude Key="36" Type="Water" Altitude="60" R="0" G="0" B="168" />
  <Altitude Key="35" Type="Water" Altitude="55" R="0" G="0" B="165" />
  <Altitude Key="34" Type="Water" Altitude="50" R="0" G="0" B="162" />
  <Altitude Key="33" Type="Water" Altitude="45" R="0" G="0" B="159" />
  <Altitude Key="32" Type="Water" Altitude="40" R="0" G="0" B="156" />
  <Altitude Key="31" Type="Water" Altitude="35" R="0" G="0" B="153" />
  <Altitude Key="30" Type="Water" Altitude="30" R="0" G="0" B="150" />
  <Altitude Key="29" Type="Water" Altitude="25" R="0" G="0" B="147" />
  <Altitude Key="28" Type="Water" Altitude="20" R="0" G="0" B="144" />
  <Altitude Key="27" Type="Water" Altitude="15" R="0" G="0" B="141" />
  <Altitude Key="26" Type="Water" Altitude="10" R="0" G="0" B="138" />
  <Altitude Key="25" Type="Water" Altitude="5" R="0" G="0" B="135" />
  <Altitude Key="24" Type="Water" Altitude="0" R="0" G="0" B="132" />
  <Altitude Key="23" Type="Water" Altitude="-5" R="0" G="0" B="129" />
  <Altitude Key="22" Type="Water" Altitude="-10" R="0" G="0" B="126" />
  <Altitude Key="21" Type="Water" Altitude="-15" R="0" G="0" B="123" />
  <Altitude Key="20" Type="Water" Altitude="-20" R="0" G="0" B="120" />
  <Altitude Key="19" Type="Water" Altitude="-25" R="0" G="0" B="117" />
  <Altitude Key="18" Type="Water" Altitude="-30" R="0" G="0" B="114" />
  <Altitude Key="17" Type="Water" Altitude="-35" R="0" G="0" B="111" />
  <Altitude Key="16" Type="Water" Altitude="-40" R="0" G="0" B="108" />
  <Altitude Key="15" Type="Water" Altitude="-45" R="0" G="0" B="105" />
  <Altitude Key="14" Type="Water" Altitude="-50" R="0" G="0" B="102" />
  <Altitude Key="13" Type="Water" Altitude="-55" R="0" G="0" B="99" />
  <Altitude Key="12" Type="Water" Altitude="-60" R="0" G="0" B="96" />
  <Altitude Key="11" Type="Water" Altitude="-65" R="0" G="0" B="93" />
  <Altitude Key="10" Type="Water" Altitude="-70" R="0" G="0" B="90" />
  <Altitude Key="9" Type="Water" Altitude="-75" R="0" G="0" B="87" />
  <Altitude Key="8" Type="Water" Altitude="-80" R="0" G="0" B="84" />
  <Altitude Key="7" Type="Water" Altitude="-85" R="0" G="0" B="81" />
  <Altitude Key="6" Type="Water" Altitude="-90" R="0" G="0" B="78" />
  <Altitude Key="5" Type="Water" Altitude="-95" R="0" G="0" B="75" />
  <Altitude Key="4" Type="Water" Altitude="-100" R="0" G="0" B="72" />
  <Altitude Key="3" Type="Water" Altitude="-105" R="0" G="0" B="69" />
  <Altitude Key="2" Type="Water" Altitude="-110" R="0" G="0" B="66" />
  <Altitude Key="1" Type="Water" Altitude="-115" R="0" G="0" B="63" />
  <Altitude Key="0" Type="Water" Altitude="-120" R="0" G="0" B="60" />
</Altitudes>