﻿<?xml version="1.0" encoding="utf-8"?>
<Trans>
  <TransInfo Description="Rough Sand to Brown Brick(NS) AC" HashKey="368136368181813636">
    <MapTiles>
      <MapTile TileID="1171" AltIDMod="0" />
    </MapTiles>
    <StaticTiles />
  </TransInfo>
  <TransInfo Description="Rough Sand to Brown Brick(NS) AC" HashKey="818136368181813636">
    <MapTiles>
      <MapTile TileID="1171" AltIDMod="0" />
    </MapTiles>
    <StaticTiles />
  </TransInfo>
  <TransInfo Description="Rough Sand to Brown Brick(NS) SN" HashKey="363681818181818181">
    <MapTiles>
      <MapTile TileID="1190" AltIDMod="0" />
    </MapTiles>
    <StaticTiles />
  </TransInfo>
  <TransInfo Description="Rough Sand to Brown Brick(NS) AC" HashKey="363636368136363681">
    <MapTiles>
      <MapTile TileID="1171" AltIDMod="0" />
    </MapTiles>
    <StaticTiles />
  </TransInfo>
  <TransInfo Description="Rough Sand to Brown Brick(NS) SEA" HashKey="368136368181368181">
    <MapTiles>
      <MapTile TileID="1197" AltIDMod="0" />
    </MapTiles>
    <StaticTiles />
  </TransInfo>
  <TransInfo Description="Rough Sand to Brown Brick(NS) NEA" HashKey="818181368181813681">
    <MapTiles>
      <MapTile TileID="1305" AltIDMod="0" />
    </MapTiles>
    <StaticTiles />
  </TransInfo>
  <TransInfo Description="Rough Sand to Brown Brick(NS) AC" HashKey="813636818136813681">
    <MapTiles>
      <MapTile TileID="1171" AltIDMod="0" />
    </MapTiles>
    <StaticTiles />
  </TransInfo>
  <TransInfo Description="Rough Sand to Brown Brick(NS) AC" HashKey="363681818136368181">
    <MapTiles>
      <MapTile TileID="1171" AltIDMod="0" />
    </MapTiles>
    <StaticTiles />
  </TransInfo>
  <TransInfo Description="Rough Sand to Brown Brick(NS) SEA" HashKey="368136368181818181">
    <MapTiles>
      <MapTile TileID="1197" AltIDMod="0" />
    </MapTiles>
    <StaticTiles />
  </TransInfo>
  <TransInfo Description="Rough Sand to Brown Brick(NS) AC" HashKey="363636368181818136">
    <MapTiles>
      <MapTile TileID="1171" AltIDMod="0" />
    </MapTiles>
    <StaticTiles />
  </TransInfo>
  <TransInfo Description="Rough Sand to Brown Brick(NS) AC" HashKey="368136818181363681">
    <MapTiles>
      <MapTile TileID="1171" AltIDMod="0" />
    </MapTiles>
    <StaticTiles />
  </TransInfo>
  <TransInfo Description="Rough Sand to Brown Brick(NS) AC" HashKey="818136368136363681">
    <MapTiles>
      <MapTile TileID="1171" AltIDMod="0" />
    </MapTiles>
    <StaticTiles />
  </TransInfo>
  <TransInfo Description="Rough Sand to Brown Brick(NS) NWA" HashKey="818136818181363681">
    <MapTiles>
      <MapTile TileID="1195" AltIDMod="0" />
    </MapTiles>
    <StaticTiles />
  </TransInfo>
  <TransInfo Description="Rough Sand to Brown Brick(NS) SWA" HashKey="368181818136818181">
    <MapTiles>
      <MapTile TileID="1306" AltIDMod="0" />
    </MapTiles>
    <StaticTiles />
  </TransInfo>
  <TransInfo Description="Rough Sand to Brown Brick(NS) AC" HashKey="818136368181813681">
    <MapTiles>
      <MapTile TileID="1171" AltIDMod="0" />
    </MapTiles>
    <StaticTiles />
  </TransInfo>
  <TransInfo Description="Rough Sand to Brown Brick(NS) AC" HashKey="818181368136818136">
    <MapTiles>
      <MapTile TileID="1171" AltIDMod="0" />
    </MapTiles>
    <StaticTiles />
  </TransInfo>
  <TransInfo Description="Rough Sand to Brown Brick(NS) SEA" HashKey="818136368181368181">
    <MapTiles>
      <MapTile TileID="1197" AltIDMod="0" />
    </MapTiles>
    <StaticTiles />
  </TransInfo>
  <TransInfo Description="Rough Sand to Brown Brick(NS) AC" HashKey="368136368136368181">
    <MapTiles>
      <MapTile TileID="1171" AltIDMod="0" />
    </MapTiles>
    <StaticTiles />
  </TransInfo>
  <TransInfo Description="Rough Sand to Brown Brick(NS) AC" HashKey="813681818136363681">
    <MapTiles>
      <MapTile TileID="1171" AltIDMod="0" />
    </MapTiles>
    <StaticTiles />
  </TransInfo>
  <TransInfo Description="Rough Sand to Brown Brick(NS) NEA" HashKey="818181368181363636">
    <MapTiles>
      <MapTile TileID="1305" AltIDMod="0" />
    </MapTiles>
    <StaticTiles />
  </TransInfo>
  <TransInfo Description="Rough Sand to Brown Brick(NS) AC" HashKey="813636818181368136">
    <MapTiles>
      <MapTile TileID="1171" AltIDMod="0" />
    </MapTiles>
    <StaticTiles />
  </TransInfo>
  <TransInfo Description="Rough Sand to Brown Brick(NS) AC" HashKey="813636818136363636">
    <MapTiles>
      <MapTile TileID="1171" AltIDMod="0" />
    </MapTiles>
    <StaticTiles />
  </TransInfo>
  <TransInfo Description="Rough Sand to Brown Brick(NS) AC" HashKey="813681818181813681">
    <MapTiles>
      <MapTile TileID="1171" AltIDMod="0" />
    </MapTiles>
    <StaticTiles />
  </TransInfo>
  <TransInfo Description="Rough Sand to Brown Brick(NS) NEA" HashKey="368181368181818136">
    <MapTiles>
      <MapTile TileID="1305" AltIDMod="0" />
    </MapTiles>
    <StaticTiles />
  </TransInfo>
  <TransInfo Description="Rough Sand to Brown Brick(NS) AC" HashKey="368136818136813681">
    <MapTiles>
      <MapTile TileID="1171" AltIDMod="0" />
    </MapTiles>
    <StaticTiles />
  </TransInfo>
  <TransInfo Description="Rough Sand to Brown Brick(NS) AC" HashKey="363681368136813681">
    <MapTiles>
      <MapTile TileID="1171" AltIDMod="0" />
    </MapTiles>
    <StaticTiles />
  </TransInfo>
  <TransInfo Description="Rough Sand to Brown Brick(NS) AC" HashKey="363681368136368181">
    <MapTiles>
      <MapTile TileID="1171" AltIDMod="0" />
    </MapTiles>
    <StaticTiles />
  </TransInfo>
  <TransInfo Description="Rough Sand to Brown Brick(NS) AC" HashKey="363636818181368136">
    <MapTiles>
      <MapTile TileID="1171" AltIDMod="0" />
    </MapTiles>
    <StaticTiles />
  </TransInfo>
  <TransInfo Description="Rough Sand to Brown Brick(NS) WE" HashKey="818136818136818181">
    <MapTiles>
      <MapTile TileID="1189" AltIDMod="0" />
    </MapTiles>
    <StaticTiles />
  </TransInfo>
  <TransInfo Description="Rough Sand to Brown Brick(NS) AC" HashKey="813681368136818181">
    <MapTiles>
      <MapTile TileID="1171" AltIDMod="0" />
    </MapTiles>
    <StaticTiles />
  </TransInfo>
  <TransInfo Description="Rough Sand to Brown Brick(NS) AC" HashKey="813636368136363681">
    <MapTiles>
      <MapTile TileID="1171" AltIDMod="0" />
    </MapTiles>
    <StaticTiles />
  </TransInfo>
  <TransInfo Description="Rough Sand to Brown Brick(NS) AC" HashKey="813636368181363636">
    <MapTiles>
      <MapTile TileID="1171" AltIDMod="0" />
    </MapTiles>
    <StaticTiles />
  </TransInfo>
  <TransInfo Description="Rough Sand to Brown Brick(NS) NEA" HashKey="818181368181363681">
    <MapTiles>
      <MapTile TileID="1305" AltIDMod="0" />
    </MapTiles>
    <StaticTiles />
  </TransInfo>
  <TransInfo Description="Rough Sand to Brown Brick(NS) AC" HashKey="813636818136363681">
    <MapTiles>
      <MapTile TileID="1171" AltIDMod="0" />
    </MapTiles>
    <StaticTiles />
  </TransInfo>
  <TransInfo Description="Rough Sand to Brown Brick(NS) AC" HashKey="368136368136818136">
    <MapTiles>
      <MapTile TileID="1171" AltIDMod="0" />
    </MapTiles>
    <StaticTiles />
  </TransInfo>
  <TransInfo Description="Rough Sand to Brown Brick(NS) AC" HashKey="368136368181813681">
    <MapTiles>
      <MapTile TileID="1171" AltIDMod="0" />
    </MapTiles>
    <StaticTiles />
  </TransInfo>
  <TransInfo Description="Rough Sand to Brown Brick(NS) AC" HashKey="363636818136363636">
    <MapTiles>
      <MapTile TileID="1171" AltIDMod="0" />
    </MapTiles>
    <StaticTiles />
  </TransInfo>
  <TransInfo Description="Rough Sand to Brown Brick(NS) AC" HashKey="368181368136813636">
    <MapTiles>
      <MapTile TileID="1171" AltIDMod="0" />
    </MapTiles>
    <StaticTiles />
  </TransInfo>
  <TransInfo Description="Rough Sand to Brown Brick(NS) AC" HashKey="363681818136368136">
    <MapTiles>
      <MapTile TileID="1171" AltIDMod="0" />
    </MapTiles>
    <StaticTiles />
  </TransInfo>
  <TransInfo Description="Rough Sand to Brown Brick(NS) AC" HashKey="368136818136363636">
    <MapTiles>
      <MapTile TileID="1171" AltIDMod="0" />
    </MapTiles>
    <StaticTiles />
  </TransInfo>
  <TransInfo Description="Rough Sand to Brown Brick(NS) AC" HashKey="813681818136813636">
    <MapTiles>
      <MapTile TileID="1171" AltIDMod="0" />
    </MapTiles>
    <StaticTiles />
  </TransInfo>
  <TransInfo Description="Rough Sand to Brown Brick(NS) NWA" HashKey="818136818181813636">
    <MapTiles>
      <MapTile TileID="1195" AltIDMod="0" />
    </MapTiles>
    <StaticTiles />
  </TransInfo>
  <TransInfo Description="Rough Sand to Brown Brick(NS) AC" HashKey="813681818136368136">
    <MapTiles>
      <MapTile TileID="1171" AltIDMod="0" />
    </MapTiles>
    <StaticTiles />
  </TransInfo>
  <TransInfo Description="Rough Sand to Brown Brick(NS) AC" HashKey="813681818181368136">
    <MapTiles>
      <MapTile TileID="1171" AltIDMod="0" />
    </MapTiles>
    <StaticTiles />
  </TransInfo>
  <TransInfo Description="Rough Sand to Brown Brick(NS) AC" HashKey="368136368181363636">
    <MapTiles>
      <MapTile TileID="1171" AltIDMod="0" />
    </MapTiles>
    <StaticTiles />
  </TransInfo>
  <TransInfo Description="Rough Sand to Brown Brick(NS) AC" HashKey="818136368181363681">
    <MapTiles>
      <MapTile TileID="1171" AltIDMod="0" />
    </MapTiles>
    <StaticTiles />
  </TransInfo>
  <TransInfo Description="Rough Sand to Brown Brick(NS) AC" HashKey="813636368181363681">
    <MapTiles>
      <MapTile TileID="1171" AltIDMod="0" />
    </MapTiles>
    <StaticTiles />
  </TransInfo>
  <TransInfo Description="Rough Sand to Brown Brick(NS) AC" HashKey="368136818136363681">
    <MapTiles>
      <MapTile TileID="1171" AltIDMod="0" />
    </MapTiles>
    <StaticTiles />
  </TransInfo>
  <TransInfo Description="Rough Sand to Brown Brick(NS) NWA" HashKey="818181818136368136">
    <MapTiles>
      <MapTile TileID="1195" AltIDMod="0" />
    </MapTiles>
    <StaticTiles />
  </TransInfo>
  <TransInfo Description="Rough Sand to Brown Brick(NS) AC" HashKey="813681818136363636">
    <MapTiles>
      <MapTile TileID="1171" AltIDMod="0" />
    </MapTiles>
    <StaticTiles />
  </TransInfo>
  <TransInfo Description="Rough Sand to Brown Brick(NS) AC" HashKey="368136368181363681">
    <MapTiles>
      <MapTile TileID="1171" AltIDMod="0" />
    </MapTiles>
    <StaticTiles />
  </TransInfo>
  <TransInfo Description="Rough Sand to Brown Brick(NS) AC" HashKey="363681368181368136">
    <MapTiles>
      <MapTile TileID="1171" AltIDMod="0" />
    </MapTiles>
    <StaticTiles />
  </TransInfo>
  <TransInfo Description="Rough Sand to Brown Brick(NS) SEB" HashKey="818181818181818136">
    <MapTiles>
      <MapTile TileID="1194" AltIDMod="0" />
    </MapTiles>
    <StaticTiles />
  </TransInfo>
  <TransInfo Description="Rough Sand to Brown Brick(NS) AC" HashKey="818181368136818181">
    <MapTiles>
      <MapTile TileID="1171" AltIDMod="0" />
    </MapTiles>
    <StaticTiles />
  </TransInfo>
  <TransInfo Description="Rough Sand to Brown Brick(NS) AC" HashKey="363681818181368136">
    <MapTiles>
      <MapTile TileID="1171" AltIDMod="0" />
    </MapTiles>
    <StaticTiles />
  </TransInfo>
  <TransInfo Description="Rough Sand to Brown Brick(NS) AC" HashKey="813636368181818136">
    <MapTiles>
      <MapTile TileID="1171" AltIDMod="0" />
    </MapTiles>
    <StaticTiles />
  </TransInfo>
  <TransInfo Description="Rough Sand to Brown Brick(NS) AC" HashKey="813636368136813636">
    <MapTiles>
      <MapTile TileID="1171" AltIDMod="0" />
    </MapTiles>
    <StaticTiles />
  </TransInfo>
  <TransInfo Description="Rough Sand to Brown Brick(NS) AC" HashKey="813681818136813681">
    <MapTiles>
      <MapTile TileID="1171" AltIDMod="0" />
    </MapTiles>
    <StaticTiles />
  </TransInfo>
  <TransInfo Description="Rough Sand to Brown Brick(NS) AC" HashKey="813681818136368181">
    <MapTiles>
      <MapTile TileID="1171" AltIDMod="0" />
    </MapTiles>
    <StaticTiles />
  </TransInfo>
  <TransInfo Description="Rough Sand to Brown Brick(NS) AC" HashKey="363681818136813681">
    <MapTiles>
      <MapTile TileID="1171" AltIDMod="0" />
    </MapTiles>
    <StaticTiles />
  </TransInfo>
  <TransInfo Description="Rough Sand to Brown Brick(NS) NEA" HashKey="368181368181363636">
    <MapTiles>
      <MapTile TileID="1305" AltIDMod="0" />
    </MapTiles>
    <StaticTiles />
  </TransInfo>
  <TransInfo Description="Rough Sand to Brown Brick(NS) AC" HashKey="363681818181363636">
    <MapTiles>
      <MapTile TileID="1171" AltIDMod="0" />
    </MapTiles>
    <StaticTiles />
  </TransInfo>
  <TransInfo Description="Rough Sand to Brown Brick(NS) AC" HashKey="813636368181813636">
    <MapTiles>
      <MapTile TileID="1171" AltIDMod="0" />
    </MapTiles>
    <StaticTiles />
  </TransInfo>
  <TransInfo Description="Rough Sand to Brown Brick(NS) EW" HashKey="368181368181818181">
    <MapTiles>
      <MapTile TileID="1187" AltIDMod="0" />
    </MapTiles>
    <StaticTiles />
  </TransInfo>
  <TransInfo Description="Rough Sand to Brown Brick(NS) AC" HashKey="813681368181368136">
    <MapTiles>
      <MapTile TileID="1171" AltIDMod="0" />
    </MapTiles>
    <StaticTiles />
  </TransInfo>
  <TransInfo Description="Rough Sand to Brown Brick(NS) SWA" HashKey="813636818181818136">
    <MapTiles>
      <MapTile TileID="1306" AltIDMod="0" />
    </MapTiles>
    <StaticTiles />
  </TransInfo>
  <TransInfo Description="Rough Sand to Brown Brick(NS) AC" HashKey="368181818136813636">
    <MapTiles>
      <MapTile TileID="1171" AltIDMod="0" />
    </MapTiles>
    <StaticTiles />
  </TransInfo>
  <TransInfo Description="Rough Sand to Brown Brick(NS) AC" HashKey="368181818136368136">
    <MapTiles>
      <MapTile TileID="1171" AltIDMod="0" />
    </MapTiles>
    <StaticTiles />
  </TransInfo>
  <TransInfo Description="Rough Sand to Brown Brick(NS) AC" HashKey="363681818181813681">
    <MapTiles>
      <MapTile TileID="1171" AltIDMod="0" />
    </MapTiles>
    <StaticTiles />
  </TransInfo>
  <TransInfo Description="Rough Sand to Brown Brick(NS) SEA" HashKey="363681818181368181">
    <MapTiles>
      <MapTile TileID="1197" AltIDMod="0" />
    </MapTiles>
    <StaticTiles />
  </TransInfo>
  <TransInfo Description="Rough Sand to Brown Brick(NS) SEA" HashKey="813636368181818181">
    <MapTiles>
      <MapTile TileID="1197" AltIDMod="0" />
    </MapTiles>
    <StaticTiles />
  </TransInfo>
  <TransInfo Description="Rough Sand to Brown Brick(NS) SEA" HashKey="363636818181368181">
    <MapTiles>
      <MapTile TileID="1197" AltIDMod="0" />
    </MapTiles>
    <StaticTiles />
  </TransInfo>
  <TransInfo Description="Rough Sand to Brown Brick(NS) AC" HashKey="813636368136813681">
    <MapTiles>
      <MapTile TileID="1171" AltIDMod="0" />
    </MapTiles>
    <StaticTiles />
  </TransInfo>
  <TransInfo Description="Rough Sand to Brown Brick(NS) SEA" HashKey="363636368181818181">
    <MapTiles>
      <MapTile TileID="1197" AltIDMod="0" />
    </MapTiles>
    <StaticTiles />
  </TransInfo>
  <TransInfo Description="Rough Sand to Brown Brick(NS) AC" HashKey="368181818136363636">
    <MapTiles>
      <MapTile TileID="1171" AltIDMod="0" />
    </MapTiles>
    <StaticTiles />
  </TransInfo>
  <TransInfo Description="Rough Sand to Brown Brick(NS) AC" HashKey="363681368181363681">
    <MapTiles>
      <MapTile TileID="1171" AltIDMod="0" />
    </MapTiles>
    <StaticTiles />
  </TransInfo>
  <TransInfo Description="Rough Sand to Brown Brick(NS) AC" HashKey="363681818181813636">
    <MapTiles>
      <MapTile TileID="1171" AltIDMod="0" />
    </MapTiles>
    <StaticTiles />
  </TransInfo>
  <TransInfo Description="Rough Sand to Brown Brick(NS) AC" HashKey="363636818136813636">
    <MapTiles>
      <MapTile TileID="1171" AltIDMod="0" />
    </MapTiles>
    <StaticTiles />
  </TransInfo>
  <TransInfo Description="Rough Sand to Brown Brick(NS) AC" HashKey="813681368181363681">
    <MapTiles>
      <MapTile TileID="1171" AltIDMod="0" />
    </MapTiles>
    <StaticTiles />
  </TransInfo>
  <TransInfo Description="Rough Sand to Brown Brick(NS) AC" HashKey="363636818136368136">
    <MapTiles>
      <MapTile TileID="1171" AltIDMod="0" />
    </MapTiles>
    <StaticTiles />
  </TransInfo>
  <TransInfo Description="Rough Sand to Brown Brick(NS) AC" HashKey="363681818136813636">
    <MapTiles>
      <MapTile TileID="1171" AltIDMod="0" />
    </MapTiles>
    <StaticTiles />
  </TransInfo>
  <TransInfo Description="Rough Sand to Brown Brick(NS) SEA" HashKey="813681368181368181">
    <MapTiles>
      <MapTile TileID="1197" AltIDMod="0" />
    </MapTiles>
    <StaticTiles />
  </TransInfo>
  <TransInfo Description="Rough Sand to Brown Brick(NS) AC" HashKey="363636368136368181">
    <MapTiles>
      <MapTile TileID="1171" AltIDMod="0" />
    </MapTiles>
    <StaticTiles />
  </TransInfo>
  <TransInfo Description="Rough Sand to Brown Brick(NS) AC" HashKey="363636818136363681">
    <MapTiles>
      <MapTile TileID="1171" AltIDMod="0" />
    </MapTiles>
    <StaticTiles />
  </TransInfo>
  <TransInfo Description="Rough Sand to Brown Brick(NS) WE" HashKey="818181818136818136">
    <MapTiles>
      <MapTile TileID="1189" AltIDMod="0" />
    </MapTiles>
    <StaticTiles />
  </TransInfo>
  <TransInfo Description="Rough Sand to Brown Brick(NS) AC" HashKey="368181818136368181">
    <MapTiles>
      <MapTile TileID="1171" AltIDMod="0" />
    </MapTiles>
    <StaticTiles />
  </TransInfo>
  <TransInfo Description="Rough Sand to Brown Brick(NS) AC" HashKey="813681368136368136">
    <MapTiles>
      <MapTile TileID="1171" AltIDMod="0" />
    </MapTiles>
    <StaticTiles />
  </TransInfo>
  <TransInfo Description="Rough Sand to Brown Brick(NS) AC" HashKey="363636818136368181">
    <MapTiles>
      <MapTile TileID="1171" AltIDMod="0" />
    </MapTiles>
    <StaticTiles />
  </TransInfo>
  <TransInfo Description="Rough Sand to Brown Brick(NS) NWA" HashKey="818136818136363681">
    <MapTiles>
      <MapTile TileID="1195" AltIDMod="0" />
    </MapTiles>
    <StaticTiles />
  </TransInfo>
  <TransInfo Description="Rough Sand to Brown Brick(NS) AC" HashKey="363681368181818136">
    <MapTiles>
      <MapTile TileID="1171" AltIDMod="0" />
    </MapTiles>
    <StaticTiles />
  </TransInfo>
  <TransInfo Description="Rough Sand to Brown Brick(NS) NWA" HashKey="818136818136813636">
    <MapTiles>
      <MapTile TileID="1195" AltIDMod="0" />
    </MapTiles>
    <StaticTiles />
  </TransInfo>
  <TransInfo Description="Rough Sand to Brown Brick(NS) NWA" HashKey="818136818136368136">
    <MapTiles>
      <MapTile TileID="1195" AltIDMod="0" />
    </MapTiles>
    <StaticTiles />
  </TransInfo>
  <TransInfo Description="Rough Sand to Brown Brick(NS) AC" HashKey="813681368181818136">
    <MapTiles>
      <MapTile TileID="1171" AltIDMod="0" />
    </MapTiles>
    <StaticTiles />
  </TransInfo>
  <TransInfo Description="Rough Sand to Brown Brick(NS) NWA" HashKey="818181818136813636">
    <MapTiles>
      <MapTile TileID="1195" AltIDMod="0" />
    </MapTiles>
    <StaticTiles />
  </TransInfo>
  <TransInfo Description="Rough Sand to Brown Brick(NS) SEA" HashKey="813681818181368181">
    <MapTiles>
      <MapTile TileID="1197" AltIDMod="0" />
    </MapTiles>
    <StaticTiles />
  </TransInfo>
  <TransInfo Description="Rough Sand to Brown Brick(NS) AC" HashKey="363636818181813681">
    <MapTiles>
      <MapTile TileID="1171" AltIDMod="0" />
    </MapTiles>
    <StaticTiles />
  </TransInfo>
  <TransInfo Description="Rough Sand to Brown Brick(NS) SWA" HashKey="368136818181818136">
    <MapTiles>
      <MapTile TileID="1306" AltIDMod="0" />
    </MapTiles>
    <StaticTiles />
  </TransInfo>
  <TransInfo Description="Rough Sand to Brown Brick(NS) AC" HashKey="368136368136818181">
    <MapTiles>
      <MapTile TileID="1171" AltIDMod="0" />
    </MapTiles>
    <StaticTiles />
  </TransInfo>
  <TransInfo Description="Rough Sand to Brown Brick(NS) NWA" HashKey="818181818136368181">
    <MapTiles>
      <MapTile TileID="1195" AltIDMod="0" />
    </MapTiles>
    <StaticTiles />
  </TransInfo>
  <TransInfo Description="Rough Sand to Brown Brick(NS) NEA" HashKey="368181818181363636">
    <MapTiles>
      <MapTile TileID="1305" AltIDMod="0" />
    </MapTiles>
    <StaticTiles />
  </TransInfo>
  <TransInfo Description="Rough Sand to Brown Brick(NS) AC" HashKey="363636368181363636">
    <MapTiles>
      <MapTile TileID="1171" AltIDMod="0" />
    </MapTiles>
    <StaticTiles />
  </TransInfo>
  <TransInfo Description="Rough Sand to Brown Brick(NS) NWA" HashKey="818136818136363636">
    <MapTiles>
      <MapTile TileID="1195" AltIDMod="0" />
    </MapTiles>
    <StaticTiles />
  </TransInfo>
  <TransInfo Description="Rough Sand to Brown Brick(NS) SEA" HashKey="363681368181368181">
    <MapTiles>
      <MapTile TileID="1197" AltIDMod="0" />
    </MapTiles>
    <StaticTiles />
  </TransInfo>
  <TransInfo Description="Rough Sand to Brown Brick(NS) WE" HashKey="818181818136818181">
    <MapTiles>
      <MapTile TileID="1189" AltIDMod="0" />
    </MapTiles>
    <StaticTiles />
  </TransInfo>
  <TransInfo Description="Rough Sand to Brown Brick(NS) AC" HashKey="363681368136813636">
    <MapTiles>
      <MapTile TileID="1171" AltIDMod="0" />
    </MapTiles>
    <StaticTiles />
  </TransInfo>
  <TransInfo Description="Rough Sand to Brown Brick(NS) AC" HashKey="368136368136813681">
    <MapTiles>
      <MapTile TileID="1171" AltIDMod="0" />
    </MapTiles>
    <StaticTiles />
  </TransInfo>
  <TransInfo Description="Rough Sand to Brown Brick(NS) SEA" HashKey="363681368181818181">
    <MapTiles>
      <MapTile TileID="1197" AltIDMod="0" />
    </MapTiles>
    <StaticTiles />
  </TransInfo>
  <TransInfo Description="Rough Sand to Brown Brick(NS) NWA" HashKey="818136818136813681">
    <MapTiles>
      <MapTile TileID="1195" AltIDMod="0" />
    </MapTiles>
    <StaticTiles />
  </TransInfo>
  <TransInfo Description="Rough Sand to Brown Brick(NS) NWA" HashKey="818136818136368181">
    <MapTiles>
      <MapTile TileID="1195" AltIDMod="0" />
    </MapTiles>
    <StaticTiles />
  </TransInfo>
  <TransInfo Description="Rough Sand to Brown Brick(NS) AC" HashKey="368136818181813636">
    <MapTiles>
      <MapTile TileID="1171" AltIDMod="0" />
    </MapTiles>
    <StaticTiles />
  </TransInfo>
  <TransInfo Description="Rough Sand to Brown Brick(NS) AC" HashKey="363681818181363681">
    <MapTiles>
      <MapTile TileID="1171" AltIDMod="0" />
    </MapTiles>
    <StaticTiles />
  </TransInfo>
  <TransInfo Description="Rough Sand to Brown Brick(NS) AC" HashKey="813636368181813681">
    <MapTiles>
      <MapTile TileID="1171" AltIDMod="0" />
    </MapTiles>
    <StaticTiles />
  </TransInfo>
  <TransInfo Description="Rough Sand to Brown Brick(NS) AC" HashKey="813636818181813636">
    <MapTiles>
      <MapTile TileID="1171" AltIDMod="0" />
    </MapTiles>
    <StaticTiles />
  </TransInfo>
  <TransInfo Description="Rough Sand to Brown Brick(NS) AC" HashKey="368181368136368136">
    <MapTiles>
      <MapTile TileID="1171" AltIDMod="0" />
    </MapTiles>
    <StaticTiles />
  </TransInfo>
  <TransInfo Description="Rough Sand to Brown Brick(NS) NEA" HashKey="368181818181368136">
    <MapTiles>
      <MapTile TileID="1305" AltIDMod="0" />
    </MapTiles>
    <StaticTiles />
  </TransInfo>
  <TransInfo Description="Rough Sand to Brown Brick(NS) SN" HashKey="813636818181818181">
    <MapTiles>
      <MapTile TileID="1190" AltIDMod="0" />
    </MapTiles>
    <StaticTiles />
  </TransInfo>
  <TransInfo Description="Rough Sand to Brown Brick(NS) AC" HashKey="818181368136813636">
    <MapTiles>
      <MapTile TileID="1171" AltIDMod="0" />
    </MapTiles>
    <StaticTiles />
  </TransInfo>
  <TransInfo Description="Rough Sand to Brown Brick(NS) AC" HashKey="818181368136368136">
    <MapTiles>
      <MapTile TileID="1171" AltIDMod="0" />
    </MapTiles>
    <StaticTiles />
  </TransInfo>
  <TransInfo Description="Rough Sand to Brown Brick(NS) AC" HashKey="363681818136363681">
    <MapTiles>
      <MapTile TileID="1171" AltIDMod="0" />
    </MapTiles>
    <StaticTiles />
  </TransInfo>
  <TransInfo Description="Rough Sand to Brown Brick(NS) AC" HashKey="813636368136818136">
    <MapTiles>
      <MapTile TileID="1171" AltIDMod="0" />
    </MapTiles>
    <StaticTiles />
  </TransInfo>
  <TransInfo Description="Rough Sand to Brown Brick(NS) AC" HashKey="813681368136818136">
    <MapTiles>
      <MapTile TileID="1171" AltIDMod="0" />
    </MapTiles>
    <StaticTiles />
  </TransInfo>
  <TransInfo Description="Rough Sand to Brown Brick(NS) AC" HashKey="368181818136363681">
    <MapTiles>
      <MapTile TileID="1171" AltIDMod="0" />
    </MapTiles>
    <StaticTiles />
  </TransInfo>
  <TransInfo Description="Rough Sand to Brown Brick(NS) SWA" HashKey="813681818181818136">
    <MapTiles>
      <MapTile TileID="1306" AltIDMod="0" />
    </MapTiles>
    <StaticTiles />
  </TransInfo>
  <TransInfo Description="Rough Sand to Brown Brick(NS) AC" HashKey="818181368136363636">
    <MapTiles>
      <MapTile TileID="1171" AltIDMod="0" />
    </MapTiles>
    <StaticTiles />
  </TransInfo>
  <TransInfo Description="Rough Sand to Brown Brick(NS) NEA" HashKey="368181368181813636">
    <MapTiles>
      <MapTile TileID="1305" AltIDMod="0" />
    </MapTiles>
    <StaticTiles />
  </TransInfo>
  <TransInfo Description="Rough Sand to Brown Brick(NS) NEA" HashKey="368181368181368136">
    <MapTiles>
      <MapTile TileID="1305" AltIDMod="0" />
    </MapTiles>
    <StaticTiles />
  </TransInfo>
  <TransInfo Description="Rough Sand to Brown Brick(NS) AC" HashKey="813681368136813636">
    <MapTiles>
      <MapTile TileID="1171" AltIDMod="0" />
    </MapTiles>
    <StaticTiles />
  </TransInfo>
  <TransInfo Description="Rough Sand to Brown Brick(NS) AC" HashKey="813681818181813636">
    <MapTiles>
      <MapTile TileID="1171" AltIDMod="0" />
    </MapTiles>
    <StaticTiles />
  </TransInfo>
  <TransInfo Description="Rough Sand to Brown Brick(NS) AC" HashKey="818181368136813681">
    <MapTiles>
      <MapTile TileID="1171" AltIDMod="0" />
    </MapTiles>
    <StaticTiles />
  </TransInfo>
  <TransInfo Description="Rough Sand to Brown Brick(NS) AC" HashKey="818136368136368136">
    <MapTiles>
      <MapTile TileID="1171" AltIDMod="0" />
    </MapTiles>
    <StaticTiles />
  </TransInfo>
  <TransInfo Description="Rough Sand to Brown Brick(NS) AC" HashKey="818181368136368181">
    <MapTiles>
      <MapTile TileID="1171" AltIDMod="0" />
    </MapTiles>
    <StaticTiles />
  </TransInfo>
  <TransInfo Description="Rough Sand to Brown Brick(NS) NWA" HashKey="818136818181368136">
    <MapTiles>
      <MapTile TileID="1195" AltIDMod="0" />
    </MapTiles>
    <StaticTiles />
  </TransInfo>
  <TransInfo Description="Rough Sand to Brown Brick(NS) SWA" HashKey="813681818136818181">
    <MapTiles>
      <MapTile TileID="1306" AltIDMod="0" />
    </MapTiles>
    <StaticTiles />
  </TransInfo>
  <TransInfo Description="Rough Sand to Brown Brick(NS) AC" HashKey="363636368136818136">
    <MapTiles>
      <MapTile TileID="1171" AltIDMod="0" />
    </MapTiles>
    <StaticTiles />
  </TransInfo>
  <TransInfo Description="Rough Sand to Brown Brick(NS) SEA" HashKey="813681368181818181">
    <MapTiles>
      <MapTile TileID="1197" AltIDMod="0" />
    </MapTiles>
    <StaticTiles />
  </TransInfo>
  <TransInfo Description="Rough Sand to Brown Brick(NS) AC" HashKey="363636368181813636">
    <MapTiles>
      <MapTile TileID="1171" AltIDMod="0" />
    </MapTiles>
    <StaticTiles />
  </TransInfo>
  <TransInfo Description="Rough Sand to Brown Brick(NS) NWA" HashKey="818181818136813681">
    <MapTiles>
      <MapTile TileID="1195" AltIDMod="0" />
    </MapTiles>
    <StaticTiles />
  </TransInfo>
  <TransInfo Description="Rough Sand to Brown Brick(NS) AC" HashKey="363636368181368136">
    <MapTiles>
      <MapTile TileID="1171" AltIDMod="0" />
    </MapTiles>
    <StaticTiles />
  </TransInfo>
  <TransInfo Description="Rough Sand to Brown Brick(NS) SN" HashKey="813681818181818181">
    <MapTiles>
      <MapTile TileID="1190" AltIDMod="0" />
    </MapTiles>
    <StaticTiles />
  </TransInfo>
  <TransInfo Description="Rough Sand to Brown Brick(NS) AC" HashKey="818136368181368136">
    <MapTiles>
      <MapTile TileID="1171" AltIDMod="0" />
    </MapTiles>
    <StaticTiles />
  </TransInfo>
  <TransInfo Description="Rough Sand to Brown Brick(NS) SN" HashKey="368136818181818181">
    <MapTiles>
      <MapTile TileID="1190" AltIDMod="0" />
    </MapTiles>
    <StaticTiles />
  </TransInfo>
  <TransInfo Description="Rough Sand to Brown Brick(NS) AC" HashKey="363681368181813681">
    <MapTiles>
      <MapTile TileID="1171" AltIDMod="0" />
    </MapTiles>
    <StaticTiles />
  </TransInfo>
  <TransInfo Description="Rough Sand to Brown Brick(NS) NEA" HashKey="368181368181813681">
    <MapTiles>
      <MapTile TileID="1305" AltIDMod="0" />
    </MapTiles>
    <StaticTiles />
  </TransInfo>
  <TransInfo Description="Rough Sand to Brown Brick(NS) EW" HashKey="368181368181368181">
    <MapTiles>
      <MapTile TileID="1187" AltIDMod="0" />
    </MapTiles>
    <StaticTiles />
  </TransInfo>
  <TransInfo Description="Rough Sand to Brown Brick(NS) AC" HashKey="813681368136813681">
    <MapTiles>
      <MapTile TileID="1171" AltIDMod="0" />
    </MapTiles>
    <StaticTiles />
  </TransInfo>
  <TransInfo Description="Rough Sand to Brown Brick(NS) AC" HashKey="368181368136818136">
    <MapTiles>
      <MapTile TileID="1171" AltIDMod="0" />
    </MapTiles>
    <StaticTiles />
  </TransInfo>
  <TransInfo Description="Rough Sand to Brown Brick(NS) AC" HashKey="363681818136363636">
    <MapTiles>
      <MapTile TileID="1171" AltIDMod="0" />
    </MapTiles>
    <StaticTiles />
  </TransInfo>
  <TransInfo Description="Rough Sand to Brown Brick(NS) IWE" HashKey="368181818181818136">
    <MapTiles>
      <MapTile TileID="22" AltIDMod="0" />
    </MapTiles>
    <StaticTiles />
  </TransInfo>
  <TransInfo Description="Rough Sand to Brown Brick(NS) AC" HashKey="363636818181363681">
    <MapTiles>
      <MapTile TileID="1171" AltIDMod="0" />
    </MapTiles>
    <StaticTiles />
  </TransInfo>
  <TransInfo Description="Rough Sand to Brown Brick(NS) INS" HashKey="818136818181368181">
    <MapTiles>
      <MapTile TileID="22" AltIDMod="0" />
    </MapTiles>
    <StaticTiles />
  </TransInfo>
  <TransInfo Description="Rough Sand to Brown Brick(NS) AC" HashKey="363636368136818181">
    <MapTiles>
      <MapTile TileID="1171" AltIDMod="0" />
    </MapTiles>
    <StaticTiles />
  </TransInfo>
  <TransInfo Description="Rough Sand to Brown Brick(NS) AC" HashKey="363636368181813681">
    <MapTiles>
      <MapTile TileID="1171" AltIDMod="0" />
    </MapTiles>
    <StaticTiles />
  </TransInfo>
  <TransInfo Description="Rough Sand to Brown Brick(NS) AC" HashKey="363681368136818136">
    <MapTiles>
      <MapTile TileID="1171" AltIDMod="0" />
    </MapTiles>
    <StaticTiles />
  </TransInfo>
  <TransInfo Description="Rough Sand to Brown Brick(NS) SEA" HashKey="363636368181368181">
    <MapTiles>
      <MapTile TileID="1197" AltIDMod="0" />
    </MapTiles>
    <StaticTiles />
  </TransInfo>
  <TransInfo Description="Rough Sand to Brown Brick(NS) AC" HashKey="368181818136813681">
    <MapTiles>
      <MapTile TileID="1171" AltIDMod="0" />
    </MapTiles>
    <StaticTiles />
  </TransInfo>
  <TransInfo Description="Rough Sand to Brown Brick(NS) AC" HashKey="813681368136368181">
    <MapTiles>
      <MapTile TileID="1171" AltIDMod="0" />
    </MapTiles>
    <StaticTiles />
  </TransInfo>
  <TransInfo Description="Rough Sand to Brown Brick(NS) NEA" HashKey="368181818181813636">
    <MapTiles>
      <MapTile TileID="1305" AltIDMod="0" />
    </MapTiles>
    <StaticTiles />
  </TransInfo>
  <TransInfo Description="Rough Sand to Brown Brick(NS) AC" HashKey="368136368136813636">
    <MapTiles>
      <MapTile TileID="1171" AltIDMod="0" />
    </MapTiles>
    <StaticTiles />
  </TransInfo>
  <TransInfo Description="Rough Sand to Brown Brick(NS) NWA" HashKey="818181818136363636">
    <MapTiles>
      <MapTile TileID="1195" AltIDMod="0" />
    </MapTiles>
    <StaticTiles />
  </TransInfo>
  <TransInfo Description="Rough Sand to Brown Brick(NS) AC" HashKey="368136818136813636">
    <MapTiles>
      <MapTile TileID="1171" AltIDMod="0" />
    </MapTiles>
    <StaticTiles />
  </TransInfo>
  <TransInfo Description="Rough Sand to Brown Brick(NS) AC" HashKey="368181368136368181">
    <MapTiles>
      <MapTile TileID="1171" AltIDMod="0" />
    </MapTiles>
    <StaticTiles />
  </TransInfo>
  <TransInfo Description="Rough Sand to Brown Brick(NS) AC" HashKey="363636368136813681">
    <MapTiles>
      <MapTile TileID="1171" AltIDMod="0" />
    </MapTiles>
    <StaticTiles />
  </TransInfo>
  <TransInfo Description="Rough Sand to Brown Brick(NS) AC" HashKey="813636818136813636">
    <MapTiles>
      <MapTile TileID="1171" AltIDMod="0" />
    </MapTiles>
    <StaticTiles />
  </TransInfo>
  <TransInfo Description="Rough Sand to Brown Brick(NS) EW" HashKey="368181818181368181">
    <MapTiles>
      <MapTile TileID="1187" AltIDMod="0" />
    </MapTiles>
    <StaticTiles />
  </TransInfo>
  <TransInfo Description="Rough Sand to Brown Brick(NS) SWA" HashKey="363636818181818136">
    <MapTiles>
      <MapTile TileID="1306" AltIDMod="0" />
    </MapTiles>
    <StaticTiles />
  </TransInfo>
  <TransInfo Description="Rough Sand to Brown Brick(NS) NEA" HashKey="818181368181368136">
    <MapTiles>
      <MapTile TileID="1305" AltIDMod="0" />
    </MapTiles>
    <StaticTiles />
  </TransInfo>
  <TransInfo Description="Rough Sand to Brown Brick(NS) AC" HashKey="363681368181363636">
    <MapTiles>
      <MapTile TileID="1171" AltIDMod="0" />
    </MapTiles>
    <StaticTiles />
  </TransInfo>
  <TransInfo Description="Rough Sand to Brown Brick(NS) NS" HashKey="818181818181813636">
    <MapTiles>
      <MapTile TileID="1188" AltIDMod="0" />
    </MapTiles>
    <StaticTiles />
  </TransInfo>
  <TransInfo Description="Rough Sand to Brown Brick(NS) AC" HashKey="813636818136368136">
    <MapTiles>
      <MapTile TileID="1171" AltIDMod="0" />
    </MapTiles>
    <StaticTiles />
  </TransInfo>
  <TransInfo Description="Rough Sand to Brown Brick(NS) NS" HashKey="818181818181368136">
    <MapTiles>
      <MapTile TileID="1188" AltIDMod="0" />
    </MapTiles>
    <StaticTiles />
  </TransInfo>
  <TransInfo Description="Rough Sand to Brown Brick(NS) AC" HashKey="368181368136818181">
    <MapTiles>
      <MapTile TileID="1171" AltIDMod="0" />
    </MapTiles>
    <StaticTiles />
  </TransInfo>
  <TransInfo Description="Rough Sand to Brown Brick(NS) AC" HashKey="368136368136363636">
    <MapTiles>
      <MapTile TileID="1171" AltIDMod="0" />
    </MapTiles>
    <StaticTiles />
  </TransInfo>
  <TransInfo Description="Rough Sand to Brown Brick(NS) NWB" HashKey="368181818181818181">
    <MapTiles>
      <MapTile TileID="1192" AltIDMod="0" />
    </MapTiles>
    <StaticTiles />
  </TransInfo>
  <TransInfo Description="Rough Sand to Brown Brick(NS) AC" HashKey="363636368136813636">
    <MapTiles>
      <MapTile TileID="1171" AltIDMod="0" />
    </MapTiles>
    <StaticTiles />
  </TransInfo>
  <TransInfo Description="Rough Sand to Brown Brick(NS) AC" HashKey="363636818181813636">
    <MapTiles>
      <MapTile TileID="1171" AltIDMod="0" />
    </MapTiles>
    <StaticTiles />
  </TransInfo>
  <TransInfo Description="Rough Sand to Brown Brick(NS) AC" HashKey="813636368136818181">
    <MapTiles>
      <MapTile TileID="1171" AltIDMod="0" />
    </MapTiles>
    <StaticTiles />
  </TransInfo>
  <TransInfo Description="Rough Sand to Brown Brick(NS) AC" HashKey="818136368136818136">
    <MapTiles>
      <MapTile TileID="1171" AltIDMod="0" />
    </MapTiles>
    <StaticTiles />
  </TransInfo>
  <TransInfo Description="Rough Sand to Brown Brick(NS) WE" HashKey="818136818181818136">
    <MapTiles>
      <MapTile TileID="1189" AltIDMod="0" />
    </MapTiles>
    <StaticTiles />
  </TransInfo>
  <TransInfo Description="Rough Sand to Brown Brick(NS) AC" HashKey="818181368136363681">
    <MapTiles>
      <MapTile TileID="1171" AltIDMod="0" />
    </MapTiles>
    <StaticTiles />
  </TransInfo>
  <TransInfo Description="Rough Sand to Brown Brick(NS) AC" HashKey="368136368181818136">
    <MapTiles>
      <MapTile TileID="1171" AltIDMod="0" />
    </MapTiles>
    <StaticTiles />
  </TransInfo>
  <TransInfo Description="Rough Sand to Brown Brick(NS) NWA" HashKey="818181818136363681">
    <MapTiles>
      <MapTile TileID="1195" AltIDMod="0" />
    </MapTiles>
    <StaticTiles />
  </TransInfo>
  <TransInfo Description="Rough Sand to Brown Brick(NS) AC" HashKey="818136368136813636">
    <MapTiles>
      <MapTile TileID="1171" AltIDMod="0" />
    </MapTiles>
    <StaticTiles />
  </TransInfo>
  <TransInfo Description="Rough Sand to Brown Brick(NS) AC" HashKey="813636368181368136">
    <MapTiles>
      <MapTile TileID="1171" AltIDMod="0" />
    </MapTiles>
    <StaticTiles />
  </TransInfo>
  <TransInfo Description="Rough Sand to Brown Brick(NS) SN" HashKey="363636818181818181">
    <MapTiles>
      <MapTile TileID="1190" AltIDMod="0" />
    </MapTiles>
    <StaticTiles />
  </TransInfo>
  <TransInfo Description="Rough Sand to Brown Brick(NS) NS" HashKey="818181818181363636">
    <MapTiles>
      <MapTile TileID="1188" AltIDMod="0" />
    </MapTiles>
    <StaticTiles />
  </TransInfo>
  <TransInfo Description="Rough Sand to Brown Brick(NS) NS" HashKey="818181818181813681">
    <MapTiles>
      <MapTile TileID="1188" AltIDMod="0" />
    </MapTiles>
    <StaticTiles />
  </TransInfo>
  <TransInfo Description="Rough Sand to Brown Brick(NS) SWB" HashKey="818181818181368181">
    <MapTiles>
      <MapTile TileID="1193" AltIDMod="0" />
      <MapTile TileID="1302" AltIDMod="0" />
    </MapTiles>
    <StaticTiles />
  </TransInfo>
  <TransInfo Description="Rough Sand to Brown Brick(NS) NEA" HashKey="368181368181363681">
    <MapTiles>
      <MapTile TileID="1305" AltIDMod="0" />
    </MapTiles>
    <StaticTiles />
  </TransInfo>
  <TransInfo Description="Rough Sand to Brown Brick(NS) SEA" HashKey="818136368181818181">
    <MapTiles>
      <MapTile TileID="1197" AltIDMod="0" />
    </MapTiles>
    <StaticTiles />
  </TransInfo>
  <TransInfo Description="Rough Sand to Brown Brick(NS) AC" HashKey="363681368136363636">
    <MapTiles>
      <MapTile TileID="1171" AltIDMod="0" />
    </MapTiles>
    <StaticTiles />
  </TransInfo>
  <TransInfo Description="Rough Sand to Brown Brick(NS) AC" HashKey="818136368136818181">
    <MapTiles>
      <MapTile TileID="1171" AltIDMod="0" />
    </MapTiles>
    <StaticTiles />
  </TransInfo>
  <TransInfo Description="Rough Sand to Brown Brick(NS) NEB" HashKey="818136818181818181">
    <MapTiles>
      <MapTile TileID="1191" AltIDMod="0" />
      <MapTile TileID="1301" AltIDMod="0" />
    </MapTiles>
    <StaticTiles />
  </TransInfo>
  <TransInfo Description="Rough Sand to Brown Brick(NS) AC" HashKey="363681368181813636">
    <MapTiles>
      <MapTile TileID="1171" AltIDMod="0" />
    </MapTiles>
    <StaticTiles />
  </TransInfo>
  <TransInfo Description="Rough Sand to Brown Brick(NS) AC" HashKey="368136818136368136">
    <MapTiles>
      <MapTile TileID="1171" AltIDMod="0" />
    </MapTiles>
    <StaticTiles />
  </TransInfo>
  <TransInfo Description="Rough Sand to Brown Brick(NS) SWA" HashKey="813681818136818136">
    <MapTiles>
      <MapTile TileID="1306" AltIDMod="0" />
    </MapTiles>
    <StaticTiles />
  </TransInfo>
  <TransInfo Description="Rough Sand to Brown Brick(NS) AC" HashKey="813636368136368181">
    <MapTiles>
      <MapTile TileID="1171" AltIDMod="0" />
    </MapTiles>
    <StaticTiles />
  </TransInfo>
  <TransInfo Description="Rough Sand to Brown Brick(NS) AC" HashKey="813636818181363636">
    <MapTiles>
      <MapTile TileID="1171" AltIDMod="0" />
    </MapTiles>
    <StaticTiles />
  </TransInfo>
  <TransInfo Description="Rough Sand to Brown Brick(NS) AC" HashKey="363636368181363681">
    <MapTiles>
      <MapTile TileID="1171" AltIDMod="0" />
    </MapTiles>
    <StaticTiles />
  </TransInfo>
  <TransInfo Description="Rough Sand to Brown Brick(NS) AC" HashKey="813636818181813681">
    <MapTiles>
      <MapTile TileID="1171" AltIDMod="0" />
    </MapTiles>
    <StaticTiles />
  </TransInfo>
  <TransInfo Description="Rough Sand to Brown Brick(NS) SEA" HashKey="813636818181368181">
    <MapTiles>
      <MapTile TileID="1197" AltIDMod="0" />
    </MapTiles>
    <StaticTiles />
  </TransInfo>
  <TransInfo Description="Rough Sand to Brown Brick(NS) AC" HashKey="813681368136363636">
    <MapTiles>
      <MapTile TileID="1171" AltIDMod="0" />
    </MapTiles>
    <StaticTiles />
  </TransInfo>
  <TransInfo Description="Rough Sand to Brown Brick(NS) AC" HashKey="813681818181363636">
    <MapTiles>
      <MapTile TileID="1171" AltIDMod="0" />
    </MapTiles>
    <StaticTiles />
  </TransInfo>
  <TransInfo Description="Rough Sand to Brown Brick(NS) NEA" HashKey="818181368181818136">
    <MapTiles>
      <MapTile TileID="1305" AltIDMod="0" />
    </MapTiles>
    <StaticTiles />
  </TransInfo>
  <TransInfo Description="Rough Sand to Brown Brick(NS) SWA" HashKey="813636818136818136">
    <MapTiles>
      <MapTile TileID="1306" AltIDMod="0" />
    </MapTiles>
    <StaticTiles />
  </TransInfo>
  <TransInfo Description="Rough Sand to Brown Brick(NS) AC" HashKey="363636818181363636">
    <MapTiles>
      <MapTile TileID="1171" AltIDMod="0" />
    </MapTiles>
    <StaticTiles />
  </TransInfo>
  <TransInfo Description="Rough Sand to Brown Brick(NS) AC" HashKey="813681368181813636">
    <MapTiles>
      <MapTile TileID="1171" AltIDMod="0" />
    </MapTiles>
    <StaticTiles />
  </TransInfo>
  <TransInfo Description="Rough Sand to Brown Brick(NS) SWA" HashKey="363681818181818136">
    <MapTiles>
      <MapTile TileID="1306" AltIDMod="0" />
    </MapTiles>
    <StaticTiles />
  </TransInfo>
  <TransInfo Description="Rough Sand to Brown Brick(NS) AC" HashKey="363681368136818181">
    <MapTiles>
      <MapTile TileID="1171" AltIDMod="0" />
    </MapTiles>
    <StaticTiles />
  </TransInfo>
  <TransInfo Description="Rough Sand to Brown Brick(NS) AC" HashKey="368181368136813681">
    <MapTiles>
      <MapTile TileID="1171" AltIDMod="0" />
    </MapTiles>
    <StaticTiles />
  </TransInfo>
  <TransInfo Description="Rough Sand to Brown Brick(NS) AC" HashKey="368136368181368136">
    <MapTiles>
      <MapTile TileID="1171" AltIDMod="0" />
    </MapTiles>
    <StaticTiles />
  </TransInfo>
  <TransInfo Description="Rough Sand to Brown Brick(NS) AC" HashKey="368136368136368136">
    <MapTiles>
      <MapTile TileID="1171" AltIDMod="0" />
    </MapTiles>
    <StaticTiles />
  </TransInfo>
  <TransInfo Description="Rough Sand to Brown Brick(NS) NEA" HashKey="368181818181813681">
    <MapTiles>
      <MapTile TileID="1305" AltIDMod="0" />
    </MapTiles>
    <StaticTiles />
  </TransInfo>
  <TransInfo Description="Rough Sand to Brown Brick(NS) NEA" HashKey="818181368181813636">
    <MapTiles>
      <MapTile TileID="1305" AltIDMod="0" />
    </MapTiles>
    <StaticTiles />
  </TransInfo>
  <TransInfo Description="Rough Sand to Brown Brick(NS) SWA" HashKey="363636818136818181">
    <MapTiles>
      <MapTile TileID="1306" AltIDMod="0" />
    </MapTiles>
    <StaticTiles />
  </TransInfo>
  <TransInfo Description="Rough Sand to Brown Brick(NS) AC" HashKey="813681368181363636">
    <MapTiles>
      <MapTile TileID="1171" AltIDMod="0" />
    </MapTiles>
    <StaticTiles />
  </TransInfo>
  <TransInfo Description="Rough Sand to Brown Brick(NS) EW" HashKey="818181368181368181">
    <MapTiles>
      <MapTile TileID="1187" AltIDMod="0" />
    </MapTiles>
    <StaticTiles />
  </TransInfo>
  <TransInfo Description="Rough Sand to Brown Brick(NS) SWA" HashKey="363681818136818136">
    <MapTiles>
      <MapTile TileID="1306" AltIDMod="0" />
    </MapTiles>
    <StaticTiles />
  </TransInfo>
  <TransInfo Description="Rough Sand to Brown Brick(NS) AC" HashKey="813636818136368181">
    <MapTiles>
      <MapTile TileID="1171" AltIDMod="0" />
    </MapTiles>
    <StaticTiles />
  </TransInfo>
  <TransInfo Description="Rough Sand to Brown Brick(NS) AC" HashKey="368136818181363636">
    <MapTiles>
      <MapTile TileID="1171" AltIDMod="0" />
    </MapTiles>
    <StaticTiles />
  </TransInfo>
  <TransInfo Description="Rough Sand to Brown Brick(NS) AC" HashKey="813681368136363681">
    <MapTiles>
      <MapTile TileID="1171" AltIDMod="0" />
    </MapTiles>
    <StaticTiles />
  </TransInfo>
  <TransInfo Description="Rough Sand to Brown Brick(NS) AC" HashKey="813681818181363681">
    <MapTiles>
      <MapTile TileID="1171" AltIDMod="0" />
    </MapTiles>
    <StaticTiles />
  </TransInfo>
  <TransInfo Description="Rough Sand to Brown Brick(NS) EW" HashKey="818181368181818181">
    <MapTiles>
      <MapTile TileID="1187" AltIDMod="0" />
    </MapTiles>
    <StaticTiles />
  </TransInfo>
  <TransInfo Description="Rough Sand to Brown Brick(NS) AC" HashKey="818136368181363636">
    <MapTiles>
      <MapTile TileID="1171" AltIDMod="0" />
    </MapTiles>
    <StaticTiles />
  </TransInfo>
  <TransInfo Description="Rough Sand to Brown Brick(NS) SWA" HashKey="813636818136818181">
    <MapTiles>
      <MapTile TileID="1306" AltIDMod="0" />
    </MapTiles>
    <StaticTiles />
  </TransInfo>
  <TransInfo Description="Rough Sand to Brown Brick(NS) SWA" HashKey="368181818136818136">
    <MapTiles>
      <MapTile TileID="1306" AltIDMod="0" />
    </MapTiles>
    <StaticTiles />
  </TransInfo>
  <TransInfo Description="Rough Sand to Brown Brick(NS) AC" HashKey="813681368181813681">
    <MapTiles>
      <MapTile TileID="1171" AltIDMod="0" />
    </MapTiles>
    <StaticTiles />
  </TransInfo>
  <TransInfo Description="Rough Sand to Brown Brick(NS) NS" HashKey="818181818181363681">
    <MapTiles>
      <MapTile TileID="1188" AltIDMod="0" />
    </MapTiles>
    <StaticTiles />
  </TransInfo>
  <TransInfo Description="Rough Sand to Brown Brick(NS) AC" HashKey="363681368136368136">
    <MapTiles>
      <MapTile TileID="1171" AltIDMod="0" />
    </MapTiles>
    <StaticTiles />
  </TransInfo>
  <TransInfo Description="Rough Sand to Brown Brick(NS) AC" HashKey="368136818181813681">
    <MapTiles>
      <MapTile TileID="1171" AltIDMod="0" />
    </MapTiles>
    <StaticTiles />
  </TransInfo>
  <TransInfo Description="Rough Sand to Brown Brick(NS) SEA" HashKey="368136818181368181">
    <MapTiles>
      <MapTile TileID="1197" AltIDMod="0" />
    </MapTiles>
    <StaticTiles />
  </TransInfo>
  <TransInfo Description="Rough Sand to Brown Brick(NS) AC" HashKey="368181368136363636">
    <MapTiles>
      <MapTile TileID="1171" AltIDMod="0" />
    </MapTiles>
    <StaticTiles />
  </TransInfo>
  <TransInfo Description="Rough Sand to Brown Brick(NS) AC" HashKey="818136368136813681">
    <MapTiles>
      <MapTile TileID="1171" AltIDMod="0" />
    </MapTiles>
    <StaticTiles />
  </TransInfo>
  <TransInfo Description="Rough Sand to Brown Brick(NS) SEA" HashKey="813636368181368181">
    <MapTiles>
      <MapTile TileID="1197" AltIDMod="0" />
    </MapTiles>
    <StaticTiles />
  </TransInfo>
  <TransInfo Description="Rough Sand to Brown Brick(NS) AC" HashKey="368136818181368136">
    <MapTiles>
      <MapTile TileID="1171" AltIDMod="0" />
    </MapTiles>
    <StaticTiles />
  </TransInfo>
  <TransInfo Description="Rough Sand to Brown Brick(NS) NWA" HashKey="818136818181813681">
    <MapTiles>
      <MapTile TileID="1195" AltIDMod="0" />
    </MapTiles>
    <StaticTiles />
  </TransInfo>
  <TransInfo Description="Rough Sand to Brown Brick(NS) SWA" HashKey="368136818136818136">
    <MapTiles>
      <MapTile TileID="1306" AltIDMod="0" />
    </MapTiles>
    <StaticTiles />
  </TransInfo>
  <TransInfo Description="Rough Sand to Brown Brick(NS) SWA" HashKey="363681818136818181">
    <MapTiles>
      <MapTile TileID="1306" AltIDMod="0" />
    </MapTiles>
    <StaticTiles />
  </TransInfo>
  <TransInfo Description="Rough Sand to Brown Brick(NS) SWA" HashKey="363636818136818136">
    <MapTiles>
      <MapTile TileID="1306" AltIDMod="0" />
    </MapTiles>
    <StaticTiles />
  </TransInfo>
  <TransInfo Description="Rough Sand to Brown Brick(NS) AC" HashKey="818136368181818136">
    <MapTiles>
      <MapTile TileID="1171" AltIDMod="0" />
    </MapTiles>
    <StaticTiles />
  </TransInfo>
  <TransInfo Description="Rough Sand to Brown Brick(NS) AC" HashKey="818136368136368181">
    <MapTiles>
      <MapTile TileID="1171" AltIDMod="0" />
    </MapTiles>
    <StaticTiles />
  </TransInfo>
  <TransInfo Description="Rough Sand to Brown Brick(NS) AC" HashKey="363636368136363636">
    <MapTiles>
      <MapTile TileID="1171" AltIDMod="0" />
    </MapTiles>
    <StaticTiles />
  </TransInfo>
  <TransInfo Description="Rough Sand to Brown Brick(NS) AC" HashKey="813636368136368136">
    <MapTiles>
      <MapTile TileID="1171" AltIDMod="0" />
    </MapTiles>
    <StaticTiles />
  </TransInfo>
  <TransInfo Description="Rough Sand to Brown Brick(NS) AC" HashKey="813636818181363681">
    <MapTiles>
      <MapTile TileID="1171" AltIDMod="0" />
    </MapTiles>
    <StaticTiles />
  </TransInfo>
  <TransInfo Description="Rough Sand to Brown Brick(NS) AC" HashKey="363681368136363681">
    <MapTiles>
      <MapTile TileID="1171" AltIDMod="0" />
    </MapTiles>
    <StaticTiles />
  </TransInfo>
  <TransInfo Description="Rough Sand to Brown Brick(NS) AC" HashKey="368136368136363681">
    <MapTiles>
      <MapTile TileID="1171" AltIDMod="0" />
    </MapTiles>
    <StaticTiles />
  </TransInfo>
  <TransInfo Description="Rough Sand to Brown Brick(NS) AC" HashKey="363636368136368136">
    <MapTiles>
      <MapTile TileID="1171" AltIDMod="0" />
    </MapTiles>
    <StaticTiles />
  </TransInfo>
  <TransInfo Description="Rough Sand to Brown Brick(NS) AC" HashKey="363636818136813681">
    <MapTiles>
      <MapTile TileID="1171" AltIDMod="0" />
    </MapTiles>
    <StaticTiles />
  </TransInfo>
  <TransInfo Description="Rough Sand to Brown Brick(NS) AC" HashKey="368136818136368181">
    <MapTiles>
      <MapTile TileID="1171" AltIDMod="0" />
    </MapTiles>
    <StaticTiles />
  </TransInfo>
  <TransInfo Description="Rough Sand to Brown Brick(NS) WE" HashKey="818136818136818136">
    <MapTiles>
      <MapTile TileID="1189" AltIDMod="0" />
    </MapTiles>
    <StaticTiles />
  </TransInfo>
  <TransInfo Description="Rough Sand to Brown Brick(NS) AC" HashKey="368181368136363681">
    <MapTiles>
      <MapTile TileID="1171" AltIDMod="0" />
    </MapTiles>
    <StaticTiles />
  </TransInfo>
  <TransInfo Description="Rough Sand to Brown Brick(NS) AC" HashKey="813636368136363636">
    <MapTiles>
      <MapTile TileID="1171" AltIDMod="0" />
    </MapTiles>
    <StaticTiles />
  </TransInfo>
  <TransInfo Description="Rough Sand to Brown Brick(NS) NEA" HashKey="368181818181363681">
    <MapTiles>
      <MapTile TileID="1305" AltIDMod="0" />
    </MapTiles>
    <StaticTiles />
  </TransInfo>
  <TransInfo Description="Rough Sand to Brown Brick(NS) SWA" HashKey="368136818136818181">
    <MapTiles>
      <MapTile TileID="1306" AltIDMod="0" />
    </MapTiles>
    <StaticTiles />
  </TransInfo>
  <TransInfo Description="Rough Sand to Brown Brick(NS) AC" HashKey="818136368136363636">
    <MapTiles>
      <MapTile TileID="1171" AltIDMod="0" />
    </MapTiles>
    <StaticTiles />
  </TransInfo>
  <TransInfo Description="Rough Sand to Brown Brick(NS) NWA" HashKey="818136818181363636">
    <MapTiles>
      <MapTile TileID="1195" AltIDMod="0" />
    </MapTiles>
    <StaticTiles />
  </TransInfo>
</Trans>