﻿<?xml version="1.0" encoding="utf-8"?>
<Trans>
  <TransInfo Description="Stars To Sand" HashKey="040E0E0E0E04040E04">
    <MapTiles>
      <MapTile TileID="22" AltIDMod="0" />
    </MapTiles>
    <StaticTiles />
  </TransInfo>
  <TransInfo Description="Stars To Sand" HashKey="0E0E0E040E0E0E0E0E">
    <MapTiles>
      <MapTile TileID="506" AltIDMod="0" />
      <MapTile TileID="507" AltIDMod="0" />
      <MapTile TileID="508" AltIDMod="0" />
      <MapTile TileID="509" AltIDMod="0" />
      <MapTile TileID="510" AltIDMod="0" />
      <MapTile TileID="511" AltIDMod="0" />
    </MapTiles>
    <StaticTiles>
      <StaticTile TileID="12976" AltIDMod="0" />
      <StaticTile TileID="12977" AltIDMod="0" />
    </StaticTiles>
  </TransInfo>
  <TransInfo Description="Stars To Sand" HashKey="0E040E040E0E0E0404">
    <MapTiles>
      <MapTile TileID="22" AltIDMod="0" />
    </MapTiles>
    <StaticTiles />
  </TransInfo>
  <TransInfo Description="Stars To Sand" HashKey="040E040E0E040E0404">
    <MapTiles>
      <MapTile TileID="22" AltIDMod="0" />
    </MapTiles>
    <StaticTiles />
  </TransInfo>
  <TransInfo Description="Stars To Sand" HashKey="0E04040E0E0E040E0E">
    <MapTiles>
      <MapTile TileID="506" AltIDMod="0" />
      <MapTile TileID="507" AltIDMod="0" />
      <MapTile TileID="508" AltIDMod="0" />
      <MapTile TileID="509" AltIDMod="0" />
      <MapTile TileID="510" AltIDMod="0" />
      <MapTile TileID="511" AltIDMod="0" />
    </MapTiles>
    <StaticTiles>
      <StaticTile TileID="12964" AltIDMod="0" />
    </StaticTiles>
  </TransInfo>
  <TransInfo Description="Stars To Sand" HashKey="0E0E0E0E0E0E04040E">
    <MapTiles>
      <MapTile TileID="506" AltIDMod="0" />
      <MapTile TileID="507" AltIDMod="0" />
      <MapTile TileID="508" AltIDMod="0" />
      <MapTile TileID="509" AltIDMod="0" />
      <MapTile TileID="510" AltIDMod="0" />
      <MapTile TileID="511" AltIDMod="0" />
    </MapTiles>
    <StaticTiles>
      <StaticTile TileID="12975" AltIDMod="0" />
      <StaticTile TileID="12974" AltIDMod="0" />
    </StaticTiles>
  </TransInfo>
  <TransInfo Description="Stars To Sand" HashKey="0E0404040E040E0404">
    <MapTiles>
      <MapTile TileID="22" AltIDMod="0" />
    </MapTiles>
    <StaticTiles />
  </TransInfo>
  <TransInfo Description="Stars To Sand" HashKey="0E040E040E0E040E04">
    <MapTiles>
      <MapTile TileID="22" AltIDMod="0" />
    </MapTiles>
    <StaticTiles />
  </TransInfo>
  <TransInfo Description="Stars To Sand" HashKey="04040E0E0E040E0E0E">
    <MapTiles>
      <MapTile TileID="506" AltIDMod="0" />
      <MapTile TileID="507" AltIDMod="0" />
      <MapTile TileID="508" AltIDMod="0" />
      <MapTile TileID="509" AltIDMod="0" />
      <MapTile TileID="510" AltIDMod="0" />
      <MapTile TileID="511" AltIDMod="0" />
    </MapTiles>
    <StaticTiles>
      <StaticTile TileID="12963" AltIDMod="0" />
    </StaticTiles>
  </TransInfo>
  <TransInfo Description="Stars To Sand" HashKey="0E0E04040E0E0E0E0E">
    <MapTiles>
      <MapTile TileID="506" AltIDMod="0" />
      <MapTile TileID="507" AltIDMod="0" />
      <MapTile TileID="508" AltIDMod="0" />
      <MapTile TileID="509" AltIDMod="0" />
      <MapTile TileID="510" AltIDMod="0" />
      <MapTile TileID="511" AltIDMod="0" />
    </MapTiles>
    <StaticTiles>
      <StaticTile TileID="12964" AltIDMod="0" />
    </StaticTiles>
  </TransInfo>
  <TransInfo Description="Stars To Sand" HashKey="0E0404040E04040E04">
    <MapTiles>
      <MapTile TileID="22" AltIDMod="0" />
    </MapTiles>
    <StaticTiles />
  </TransInfo>
  <TransInfo Description="Stars To Sand" HashKey="040E040E0E0404040E">
    <MapTiles>
      <MapTile TileID="22" AltIDMod="0" />
    </MapTiles>
    <StaticTiles />
  </TransInfo>
  <TransInfo Description="Stars To Sand" HashKey="0E040E040E04040E0E">
    <MapTiles>
      <MapTile TileID="22" AltIDMod="0" />
    </MapTiles>
    <StaticTiles />
  </TransInfo>
  <TransInfo Description="Stars To Sand" HashKey="0E0E04040E0E04040E">
    <MapTiles>
      <MapTile TileID="22" AltIDMod="0" />
    </MapTiles>
    <StaticTiles />
  </TransInfo>
  <TransInfo Description="Stars To Sand" HashKey="040E040E0E040E0E0E">
    <MapTiles>
      <MapTile TileID="506" AltIDMod="0" />
      <MapTile TileID="507" AltIDMod="0" />
      <MapTile TileID="508" AltIDMod="0" />
      <MapTile TileID="509" AltIDMod="0" />
      <MapTile TileID="510" AltIDMod="0" />
      <MapTile TileID="511" AltIDMod="0" />
    </MapTiles>
    <StaticTiles>
      <StaticTile TileID="12963" AltIDMod="0" />
    </StaticTiles>
  </TransInfo>
  <TransInfo Description="Stars To Sand" HashKey="0E0E0E0E0E0E040E04">
    <MapTiles>
      <MapTile TileID="506" AltIDMod="0" />
      <MapTile TileID="507" AltIDMod="0" />
      <MapTile TileID="508" AltIDMod="0" />
      <MapTile TileID="509" AltIDMod="0" />
      <MapTile TileID="510" AltIDMod="0" />
      <MapTile TileID="511" AltIDMod="0" />
    </MapTiles>
    <StaticTiles>
      <StaticTile TileID="12975" AltIDMod="0" />
      <StaticTile TileID="12974" AltIDMod="0" />
    </StaticTiles>
  </TransInfo>
  <TransInfo Description="Stars To Sand" HashKey="04040E0E0E04040E04">
    <MapTiles>
      <MapTile TileID="22" AltIDMod="0" />
    </MapTiles>
    <StaticTiles />
  </TransInfo>
  <TransInfo Description="Stars To Sand" HashKey="040404040E0E0E0E0E">
    <MapTiles>
      <MapTile TileID="506" AltIDMod="0" />
      <MapTile TileID="507" AltIDMod="0" />
      <MapTile TileID="508" AltIDMod="0" />
      <MapTile TileID="509" AltIDMod="0" />
      <MapTile TileID="510" AltIDMod="0" />
      <MapTile TileID="511" AltIDMod="0" />
    </MapTiles>
    <StaticTiles>
      <StaticTile TileID="12964" AltIDMod="0" />
    </StaticTiles>
  </TransInfo>
  <TransInfo Description="Stars To Sand" HashKey="0404040E0E0E040E0E">
    <MapTiles>
      <MapTile TileID="506" AltIDMod="0" />
      <MapTile TileID="507" AltIDMod="0" />
      <MapTile TileID="508" AltIDMod="0" />
      <MapTile TileID="509" AltIDMod="0" />
      <MapTile TileID="510" AltIDMod="0" />
      <MapTile TileID="511" AltIDMod="0" />
    </MapTiles>
    <StaticTiles>
      <StaticTile TileID="12964" AltIDMod="0" />
    </StaticTiles>
  </TransInfo>
  <TransInfo Description="Stars To Sand" HashKey="0E0E04040E0E0E0404">
    <MapTiles>
      <MapTile TileID="22" AltIDMod="0" />
    </MapTiles>
    <StaticTiles />
  </TransInfo>
  <TransInfo Description="Stars To Sand" HashKey="04040E040E04040404">
    <MapTiles>
      <MapTile TileID="22" AltIDMod="0" />
    </MapTiles>
    <StaticTiles />
  </TransInfo>
  <TransInfo Description="Stars To Sand" HashKey="0E040E0E0E0E040E0E">
    <MapTiles>
      <MapTile TileID="506" AltIDMod="0" />
      <MapTile TileID="507" AltIDMod="0" />
      <MapTile TileID="508" AltIDMod="0" />
      <MapTile TileID="509" AltIDMod="0" />
      <MapTile TileID="510" AltIDMod="0" />
      <MapTile TileID="511" AltIDMod="0" />
    </MapTiles>
    <StaticTiles>
      <StaticTile TileID="12964" AltIDMod="0" />
    </StaticTiles>
  </TransInfo>
  <TransInfo Description="Stars To Sand" HashKey="0E0E0E040E040E0404">
    <MapTiles>
      <MapTile TileID="22" AltIDMod="0" />
    </MapTiles>
    <StaticTiles />
  </TransInfo>
  <TransInfo Description="Stars To Sand" HashKey="0E0E04040E0E040E04">
    <MapTiles>
      <MapTile TileID="22" AltIDMod="0" />
    </MapTiles>
    <StaticTiles />
  </TransInfo>
  <TransInfo Description="Stars To Sand" HashKey="040E040E0E0E0E0E0E">
    <MapTiles>
      <MapTile TileID="506" AltIDMod="0" />
      <MapTile TileID="507" AltIDMod="0" />
      <MapTile TileID="508" AltIDMod="0" />
      <MapTile TileID="509" AltIDMod="0" />
      <MapTile TileID="510" AltIDMod="0" />
      <MapTile TileID="511" AltIDMod="0" />
    </MapTiles>
    <StaticTiles>
      <StaticTile TileID="12973" AltIDMod="0" />
      <StaticTile TileID="12972" AltIDMod="0" />
    </StaticTiles>
  </TransInfo>
  <TransInfo Description="Stars To Sand" HashKey="040404040E0E040404">
    <MapTiles>
      <MapTile TileID="22" AltIDMod="0" />
    </MapTiles>
    <StaticTiles />
  </TransInfo>
  <TransInfo Description="Stars To Sand" HashKey="0E040E0E0E0E0E040E">
    <MapTiles>
      <MapTile TileID="22" AltIDMod="0" />
    </MapTiles>
    <StaticTiles />
  </TransInfo>
  <TransInfo Description="Stars To Sand" HashKey="0E0E0E040E04040E04">
    <MapTiles>
      <MapTile TileID="22" AltIDMod="0" />
    </MapTiles>
    <StaticTiles />
  </TransInfo>
  <TransInfo Description="Stars To Sand" HashKey="04040E0E0E0404040E">
    <MapTiles>
      <MapTile TileID="22" AltIDMod="0" />
    </MapTiles>
    <StaticTiles />
  </TransInfo>
  <TransInfo Description="Stars To Sand" HashKey="04040E040E040E040E">
    <MapTiles>
      <MapTile TileID="22" AltIDMod="0" />
    </MapTiles>
    <StaticTiles />
  </TransInfo>
  <TransInfo Description="Stars To Sand" HashKey="040E040E0E0E04040E">
    <MapTiles>
      <MapTile TileID="22" AltIDMod="0" />
    </MapTiles>
    <StaticTiles />
  </TransInfo>
  <TransInfo Description="Stars To Sand" HashKey="04040E040E040E0E0E">
    <MapTiles>
      <MapTile TileID="22" AltIDMod="0" />
    </MapTiles>
    <StaticTiles />
  </TransInfo>
  <TransInfo Description="Stars To Sand" HashKey="040404040E0E0E040E">
    <MapTiles>
      <MapTile TileID="22" AltIDMod="0" />
    </MapTiles>
    <StaticTiles />
  </TransInfo>
  <TransInfo Description="Stars To Sand" HashKey="0E040E0E0E0E040404">
    <MapTiles>
      <MapTile TileID="22" AltIDMod="0" />
    </MapTiles>
    <StaticTiles />
  </TransInfo>
  <TransInfo Description="Stars To Sand" HashKey="040E040E0E0E0E0404">
    <MapTiles>
      <MapTile TileID="22" AltIDMod="0" />
    </MapTiles>
    <StaticTiles />
  </TransInfo>
  <TransInfo Description="Stars To Sand" HashKey="0E040E0E0E0E0E0E04">
    <MapTiles>
      <MapTile TileID="506" AltIDMod="0" />
      <MapTile TileID="507" AltIDMod="0" />
      <MapTile TileID="508" AltIDMod="0" />
      <MapTile TileID="509" AltIDMod="0" />
      <MapTile TileID="510" AltIDMod="0" />
      <MapTile TileID="511" AltIDMod="0" />
    </MapTiles>
    <StaticTiles>
      <StaticTile TileID="12963" AltIDMod="0" />
    </StaticTiles>
  </TransInfo>
  <TransInfo Description="Stars To Sand" HashKey="040E040E0E0E040E04">
    <MapTiles>
      <MapTile TileID="22" AltIDMod="0" />
    </MapTiles>
    <StaticTiles />
  </TransInfo>
  <TransInfo Description="Stars To Sand" HashKey="040E0E0E0E040E0E04">
    <MapTiles>
      <MapTile TileID="506" AltIDMod="0" />
      <MapTile TileID="507" AltIDMod="0" />
      <MapTile TileID="508" AltIDMod="0" />
      <MapTile TileID="509" AltIDMod="0" />
      <MapTile TileID="510" AltIDMod="0" />
      <MapTile TileID="511" AltIDMod="0" />
    </MapTiles>
    <StaticTiles>
      <StaticTile TileID="12963" AltIDMod="0" />
    </StaticTiles>
  </TransInfo>
  <TransInfo Description="Stars To Sand" HashKey="04040E0E0E0E0E0E0E">
    <MapTiles>
      <MapTile TileID="506" AltIDMod="0" />
      <MapTile TileID="507" AltIDMod="0" />
      <MapTile TileID="508" AltIDMod="0" />
      <MapTile TileID="509" AltIDMod="0" />
      <MapTile TileID="510" AltIDMod="0" />
      <MapTile TileID="511" AltIDMod="0" />
    </MapTiles>
    <StaticTiles>
      <StaticTile TileID="12973" AltIDMod="0" />
      <StaticTile TileID="12972" AltIDMod="0" />
    </StaticTiles>
  </TransInfo>
  <TransInfo Description="Stars To Sand" HashKey="0E040E0E0E040E0E04">
    <MapTiles>
      <MapTile TileID="506" AltIDMod="0" />
      <MapTile TileID="507" AltIDMod="0" />
      <MapTile TileID="508" AltIDMod="0" />
      <MapTile TileID="509" AltIDMod="0" />
      <MapTile TileID="510" AltIDMod="0" />
      <MapTile TileID="511" AltIDMod="0" />
    </MapTiles>
    <StaticTiles>
      <StaticTile TileID="12963" AltIDMod="0" />
    </StaticTiles>
  </TransInfo>
  <TransInfo Description="Stars To Sand" HashKey="04040E040E0E040E0E">
    <MapTiles>
      <MapTile TileID="506" AltIDMod="0" />
      <MapTile TileID="507" AltIDMod="0" />
      <MapTile TileID="508" AltIDMod="0" />
      <MapTile TileID="509" AltIDMod="0" />
      <MapTile TileID="510" AltIDMod="0" />
      <MapTile TileID="511" AltIDMod="0" />
    </MapTiles>
    <StaticTiles>
      <StaticTile TileID="12964" AltIDMod="0" />
    </StaticTiles>
  </TransInfo>
  <TransInfo Description="Stars To Sand" HashKey="0E0E040E0E0E0E040E">
    <MapTiles>
      <MapTile TileID="506" AltIDMod="0" />
      <MapTile TileID="507" AltIDMod="0" />
      <MapTile TileID="508" AltIDMod="0" />
      <MapTile TileID="509" AltIDMod="0" />
      <MapTile TileID="510" AltIDMod="0" />
      <MapTile TileID="511" AltIDMod="0" />
    </MapTiles>
    <StaticTiles>
      <StaticTile TileID="12962" AltIDMod="0" />
    </StaticTiles>
  </TransInfo>
  <TransInfo Description="Stars To Sand" HashKey="040E0E0E0E04040404">
    <MapTiles>
      <MapTile TileID="22" AltIDMod="0" />
    </MapTiles>
    <StaticTiles />
  </TransInfo>
  <TransInfo Description="Stars To Sand" HashKey="0E040E040E0E0E0E04">
    <MapTiles>
      <MapTile TileID="22" AltIDMod="0" />
    </MapTiles>
    <StaticTiles />
  </TransInfo>
  <TransInfo Description="Stars To Sand" HashKey="040404040E04040E0E">
    <MapTiles>
      <MapTile TileID="22" AltIDMod="0" />
    </MapTiles>
    <StaticTiles />
  </TransInfo>
  <TransInfo Description="Stars To Sand" HashKey="04040E0E0E040E0404">
    <MapTiles>
      <MapTile TileID="22" AltIDMod="0" />
    </MapTiles>
    <StaticTiles />
  </TransInfo>
  <TransInfo Description="Stars To Sand" HashKey="04040E0E0E0E040404">
    <MapTiles>
      <MapTile TileID="22" AltIDMod="0" />
    </MapTiles>
    <StaticTiles />
  </TransInfo>
  <TransInfo Description="Stars To Sand" HashKey="0E0404040E040E0E04">
    <MapTiles>
      <MapTile TileID="22" AltIDMod="0" />
    </MapTiles>
    <StaticTiles />
  </TransInfo>
  <TransInfo Description="Stars To Sand" HashKey="0E040E040E0E040404">
    <MapTiles>
      <MapTile TileID="22" AltIDMod="0" />
    </MapTiles>
    <StaticTiles />
  </TransInfo>
  <TransInfo Description="Stars To Sand" HashKey="040E0E0E0E040E040E">
    <MapTiles>
      <MapTile TileID="22" AltIDMod="0" />
    </MapTiles>
    <StaticTiles />
  </TransInfo>
  <TransInfo Description="Stars To Sand" HashKey="04040E040E0E0E0404">
    <MapTiles>
      <MapTile TileID="22" AltIDMod="0" />
    </MapTiles>
    <StaticTiles />
  </TransInfo>
  <TransInfo Description="Stars To Sand" HashKey="040E0E040E04040E0E">
    <MapTiles>
      <MapTile TileID="22" AltIDMod="0" />
    </MapTiles>
    <StaticTiles />
  </TransInfo>
  <TransInfo Description="Stars To Sand" HashKey="0E0404040E04040404">
    <MapTiles>
      <MapTile TileID="22" AltIDMod="0" />
    </MapTiles>
    <StaticTiles />
  </TransInfo>
  <TransInfo Description="Stars To Sand" HashKey="0E0E040E0E0E0E0E04">
    <MapTiles>
      <MapTile TileID="506" AltIDMod="0" />
      <MapTile TileID="507" AltIDMod="0" />
      <MapTile TileID="508" AltIDMod="0" />
      <MapTile TileID="509" AltIDMod="0" />
      <MapTile TileID="510" AltIDMod="0" />
      <MapTile TileID="511" AltIDMod="0" />
    </MapTiles>
    <StaticTiles>
      <StaticTile TileID="12970" AltIDMod="0" />
      <StaticTile TileID="12971" AltIDMod="0" />
    </StaticTiles>
  </TransInfo>
  <TransInfo Description="Stars To Sand" HashKey="040E0E0E0E04040E0E">
    <MapTiles>
      <MapTile TileID="22" AltIDMod="0" />
    </MapTiles>
    <StaticTiles />
  </TransInfo>
  <TransInfo Description="Stars To Sand" HashKey="040E04040E0E040E0E">
    <MapTiles>
      <MapTile TileID="506" AltIDMod="0" />
      <MapTile TileID="507" AltIDMod="0" />
      <MapTile TileID="508" AltIDMod="0" />
      <MapTile TileID="509" AltIDMod="0" />
      <MapTile TileID="510" AltIDMod="0" />
      <MapTile TileID="511" AltIDMod="0" />
    </MapTiles>
    <StaticTiles>
      <StaticTile TileID="12964" AltIDMod="0" />
    </StaticTiles>
  </TransInfo>
  <TransInfo Description="Stars To Sand" HashKey="040E0E040E040E040E">
    <MapTiles>
      <MapTile TileID="22" AltIDMod="0" />
    </MapTiles>
    <StaticTiles />
  </TransInfo>
  <TransInfo Description="Stars To Sand" HashKey="04040E0E0E0E0E040E">
    <MapTiles>
      <MapTile TileID="22" AltIDMod="0" />
    </MapTiles>
    <StaticTiles />
  </TransInfo>
  <TransInfo Description="Stars To Sand" HashKey="0E040E040E0E0E040E">
    <MapTiles>
      <MapTile TileID="22" AltIDMod="0" />
    </MapTiles>
    <StaticTiles />
  </TransInfo>
  <TransInfo Description="Stars To Sand" HashKey="040E04040E0E0E040E">
    <MapTiles>
      <MapTile TileID="22" AltIDMod="0" />
    </MapTiles>
    <StaticTiles />
  </TransInfo>
  <TransInfo Description="Stars To Sand" HashKey="0E0E0E0E0E0E040404">
    <MapTiles>
      <MapTile TileID="506" AltIDMod="0" />
      <MapTile TileID="507" AltIDMod="0" />
      <MapTile TileID="508" AltIDMod="0" />
      <MapTile TileID="509" AltIDMod="0" />
      <MapTile TileID="510" AltIDMod="0" />
      <MapTile TileID="511" AltIDMod="0" />
    </MapTiles>
    <StaticTiles>
      <StaticTile TileID="12975" AltIDMod="0" />
      <StaticTile TileID="12974" AltIDMod="0" />
    </StaticTiles>
  </TransInfo>
  <TransInfo Description="Stars To Sand" HashKey="0E0404040E040E040E">
    <MapTiles>
      <MapTile TileID="22" AltIDMod="0" />
    </MapTiles>
    <StaticTiles />
  </TransInfo>
  <TransInfo Description="Stars To Sand" HashKey="040404040E0E040E0E">
    <MapTiles>
      <MapTile TileID="506" AltIDMod="0" />
      <MapTile TileID="507" AltIDMod="0" />
      <MapTile TileID="508" AltIDMod="0" />
      <MapTile TileID="509" AltIDMod="0" />
      <MapTile TileID="510" AltIDMod="0" />
      <MapTile TileID="511" AltIDMod="0" />
    </MapTiles>
    <StaticTiles>
      <StaticTile TileID="12964" AltIDMod="0" />
    </StaticTiles>
  </TransInfo>
  <TransInfo Description="Stars To Sand" HashKey="0E04040E0E04040E0E">
    <MapTiles>
      <MapTile TileID="22" AltIDMod="0" />
    </MapTiles>
    <StaticTiles />
  </TransInfo>
  <TransInfo Description="Stars To Sand" HashKey="040E0E040E04040404">
    <MapTiles>
      <MapTile TileID="22" AltIDMod="0" />
    </MapTiles>
    <StaticTiles />
  </TransInfo>
  <TransInfo Description="Stars To Sand" HashKey="0E0E04040E0E0E0E04">
    <MapTiles>
      <MapTile TileID="22" AltIDMod="0" />
    </MapTiles>
    <StaticTiles />
  </TransInfo>
  <TransInfo Description="Stars To Sand" HashKey="0E0404040E04040E0E">
    <MapTiles>
      <MapTile TileID="22" AltIDMod="0" />
    </MapTiles>
    <StaticTiles />
  </TransInfo>
  <TransInfo Description="Stars To Sand" HashKey="0E04040E0E040E040E">
    <MapTiles>
      <MapTile TileID="22" AltIDMod="0" />
    </MapTiles>
    <StaticTiles />
  </TransInfo>
  <TransInfo Description="Stars To Sand" HashKey="040E04040E0E040404">
    <MapTiles>
      <MapTile TileID="22" AltIDMod="0" />
    </MapTiles>
    <StaticTiles />
  </TransInfo>
  <TransInfo Description="Stars To Sand" HashKey="040E0E040E040E0E04">
    <MapTiles>
      <MapTile TileID="22" AltIDMod="0" />
    </MapTiles>
    <StaticTiles />
  </TransInfo>
  <TransInfo Description="Stars To Sand" HashKey="0E0E0E040E040E0E04">
    <MapTiles>
      <MapTile TileID="22" AltIDMod="0" />
    </MapTiles>
    <StaticTiles />
  </TransInfo>
  <TransInfo Description="Stars To Sand" HashKey="0E0E04040E0E040404">
    <MapTiles>
      <MapTile TileID="22" AltIDMod="0" />
    </MapTiles>
    <StaticTiles />
  </TransInfo>
  <TransInfo Description="Stars To Sand" HashKey="04040E040E040E0E04">
    <MapTiles>
      <MapTile TileID="22" AltIDMod="0" />
    </MapTiles>
    <StaticTiles />
  </TransInfo>
  <TransInfo Description="Stars To Sand" HashKey="040E04040E0E0E0E04">
    <MapTiles>
      <MapTile TileID="22" AltIDMod="0" />
    </MapTiles>
    <StaticTiles />
  </TransInfo>
  <TransInfo Description="Stars To Sand" HashKey="0E0E0E040E04040404">
    <MapTiles>
      <MapTile TileID="22" AltIDMod="0" />
    </MapTiles>
    <StaticTiles />
  </TransInfo>
  <TransInfo Description="Stars To Sand" HashKey="0E0E040E0E0E040404">
    <MapTiles>
      <MapTile TileID="506" AltIDMod="0" />
      <MapTile TileID="507" AltIDMod="0" />
      <MapTile TileID="508" AltIDMod="0" />
      <MapTile TileID="509" AltIDMod="0" />
      <MapTile TileID="510" AltIDMod="0" />
      <MapTile TileID="511" AltIDMod="0" />
    </MapTiles>
    <StaticTiles>
      <StaticTile TileID="12962" AltIDMod="0" />
    </StaticTiles>
  </TransInfo>
  <TransInfo Description="Stars To Sand" HashKey="0E04040E0E04040404">
    <MapTiles>
      <MapTile TileID="22" AltIDMod="0" />
    </MapTiles>
    <StaticTiles />
  </TransInfo>
  <TransInfo Description="Stars To Sand" HashKey="040404040E040E040E">
    <MapTiles>
      <MapTile TileID="22" AltIDMod="0" />
    </MapTiles>
    <StaticTiles />
  </TransInfo>
  <TransInfo Description="Stars To Sand" HashKey="040404040E0E0E0E04">
    <MapTiles>
      <MapTile TileID="22" AltIDMod="0" />
    </MapTiles>
    <StaticTiles />
  </TransInfo>
  <TransInfo Description="Stars To Sand" HashKey="0E0E04040E0E0E040E">
    <MapTiles>
      <MapTile TileID="22" AltIDMod="0" />
    </MapTiles>
    <StaticTiles />
  </TransInfo>
  <TransInfo Description="Stars To Sand" HashKey="0404040E0E0E0E0404">
    <MapTiles>
      <MapTile TileID="22" AltIDMod="0" />
    </MapTiles>
    <StaticTiles />
  </TransInfo>
  <TransInfo Description="Stars To Sand" HashKey="0404040E0E0E040E04">
    <MapTiles>
      <MapTile TileID="22" AltIDMod="0" />
    </MapTiles>
    <StaticTiles />
  </TransInfo>
  <TransInfo Description="Stars To Sand" HashKey="04040E0E0E040E0E04">
    <MapTiles>
      <MapTile TileID="506" AltIDMod="0" />
      <MapTile TileID="507" AltIDMod="0" />
      <MapTile TileID="508" AltIDMod="0" />
      <MapTile TileID="509" AltIDMod="0" />
      <MapTile TileID="510" AltIDMod="0" />
      <MapTile TileID="511" AltIDMod="0" />
    </MapTiles>
    <StaticTiles>
      <StaticTile TileID="12963" AltIDMod="0" />
    </StaticTiles>
  </TransInfo>
  <TransInfo Description="Stars To Sand" HashKey="0E040E0E0E0E040E04">
    <MapTiles>
      <MapTile TileID="22" AltIDMod="0" />
    </MapTiles>
    <StaticTiles />
  </TransInfo>
  <TransInfo Description="Stars To Sand" HashKey="0E0E0E040E040E040E">
    <MapTiles>
      <MapTile TileID="22" AltIDMod="0" />
    </MapTiles>
    <StaticTiles />
  </TransInfo>
  <TransInfo Description="Stars To Sand" HashKey="0E0E04040E0E040E0E">
    <MapTiles>
      <MapTile TileID="506" AltIDMod="0" />
      <MapTile TileID="507" AltIDMod="0" />
      <MapTile TileID="508" AltIDMod="0" />
      <MapTile TileID="509" AltIDMod="0" />
      <MapTile TileID="510" AltIDMod="0" />
      <MapTile TileID="511" AltIDMod="0" />
    </MapTiles>
    <StaticTiles>
      <StaticTile TileID="12964" AltIDMod="0" />
    </StaticTiles>
  </TransInfo>
  <TransInfo Description="Stars To Sand" HashKey="0E0E0E0E0E04040E0E">
    <MapTiles>
      <MapTile TileID="506" AltIDMod="0" />
      <MapTile TileID="507" AltIDMod="0" />
      <MapTile TileID="508" AltIDMod="0" />
      <MapTile TileID="509" AltIDMod="0" />
      <MapTile TileID="510" AltIDMod="0" />
      <MapTile TileID="511" AltIDMod="0" />
    </MapTiles>
    <StaticTiles>
      <StaticTile TileID="12962" AltIDMod="0" />
    </StaticTiles>
  </TransInfo>
  <TransInfo Description="Stars To Sand" HashKey="040E040E0E0E0E0E04">
    <MapTiles>
      <MapTile TileID="506" AltIDMod="0" />
      <MapTile TileID="507" AltIDMod="0" />
      <MapTile TileID="508" AltIDMod="0" />
      <MapTile TileID="509" AltIDMod="0" />
      <MapTile TileID="510" AltIDMod="0" />
      <MapTile TileID="511" AltIDMod="0" />
    </MapTiles>
    <StaticTiles>
      <StaticTile TileID="12963" AltIDMod="0" />
    </StaticTiles>
  </TransInfo>
  <TransInfo Description="Stars To Sand" HashKey="040404040E04040404">
    <MapTiles>
      <MapTile TileID="22" AltIDMod="0" />
    </MapTiles>
    <StaticTiles />
  </TransInfo>
  <TransInfo Description="Stars To Sand" HashKey="0E040E0E0E0E0E0404">
    <MapTiles>
      <MapTile TileID="22" AltIDMod="0" />
    </MapTiles>
    <StaticTiles />
  </TransInfo>
  <TransInfo Description="Stars To Sand" HashKey="0E0E0E040E04040E0E">
    <MapTiles>
      <MapTile TileID="22" AltIDMod="0" />
    </MapTiles>
    <StaticTiles />
  </TransInfo>
  <TransInfo Description="Stars To Sand" HashKey="0E0E0E0E0E040E040E">
    <MapTiles>
      <MapTile TileID="506" AltIDMod="0" />
      <MapTile TileID="507" AltIDMod="0" />
      <MapTile TileID="508" AltIDMod="0" />
      <MapTile TileID="509" AltIDMod="0" />
      <MapTile TileID="510" AltIDMod="0" />
      <MapTile TileID="511" AltIDMod="0" />
    </MapTiles>
    <StaticTiles>
      <StaticTile TileID="12962" AltIDMod="0" />
    </StaticTiles>
  </TransInfo>
  <TransInfo Description="Stars To Sand" HashKey="040E040E0E0E040404">
    <MapTiles>
      <MapTile TileID="22" AltIDMod="0" />
    </MapTiles>
    <StaticTiles />
  </TransInfo>
  <TransInfo Description="Stars To Sand" HashKey="040404040E040E0E04">
    <MapTiles>
      <MapTile TileID="22" AltIDMod="0" />
    </MapTiles>
    <StaticTiles />
  </TransInfo>
  <TransInfo Description="Stars To Sand" HashKey="04040E040E0E0E0E04">
    <MapTiles>
      <MapTile TileID="22" AltIDMod="0" />
    </MapTiles>
    <StaticTiles />
  </TransInfo>
  <TransInfo Description="Stars To Sand" HashKey="0E040E0E0E0E04040E">
    <MapTiles>
      <MapTile TileID="22" AltIDMod="0" />
    </MapTiles>
    <StaticTiles />
  </TransInfo>
  <TransInfo Description="Stars To Sand" HashKey="0E0E0E040E0404040E">
    <MapTiles>
      <MapTile TileID="22" AltIDMod="0" />
    </MapTiles>
    <StaticTiles />
  </TransInfo>
  <TransInfo Description="Stars To Sand" HashKey="0E0E0E0E0E04040404">
    <MapTiles>
      <MapTile TileID="506" AltIDMod="0" />
      <MapTile TileID="507" AltIDMod="0" />
      <MapTile TileID="508" AltIDMod="0" />
      <MapTile TileID="509" AltIDMod="0" />
      <MapTile TileID="510" AltIDMod="0" />
      <MapTile TileID="511" AltIDMod="0" />
    </MapTiles>
    <StaticTiles>
      <StaticTile TileID="12962" AltIDMod="0" />
    </StaticTiles>
  </TransInfo>
  <TransInfo Description="Stars To Sand" HashKey="040E040E0E0E0E040E">
    <MapTiles>
      <MapTile TileID="22" AltIDMod="0" />
    </MapTiles>
    <StaticTiles />
  </TransInfo>
  <TransInfo Description="Stars To Sand" HashKey="0E040E0E0E0E0E0E0E">
    <MapTiles>
      <MapTile TileID="506" AltIDMod="0" />
      <MapTile TileID="507" AltIDMod="0" />
      <MapTile TileID="508" AltIDMod="0" />
      <MapTile TileID="509" AltIDMod="0" />
      <MapTile TileID="510" AltIDMod="0" />
      <MapTile TileID="511" AltIDMod="0" />
    </MapTiles>
    <StaticTiles>
      <StaticTile TileID="12973" AltIDMod="0" />
      <StaticTile TileID="12972" AltIDMod="0" />
    </StaticTiles>
  </TransInfo>
  <TransInfo Description="Stars To Sand" HashKey="0404040E0E04040404">
    <MapTiles>
      <MapTile TileID="22" AltIDMod="0" />
    </MapTiles>
    <StaticTiles />
  </TransInfo>
  <TransInfo Description="Stars To Sand" HashKey="0E04040E0E0E0E0E04">
    <MapTiles>
      <MapTile TileID="506" AltIDMod="0" />
      <MapTile TileID="507" AltIDMod="0" />
      <MapTile TileID="508" AltIDMod="0" />
      <MapTile TileID="509" AltIDMod="0" />
      <MapTile TileID="510" AltIDMod="0" />
      <MapTile TileID="511" AltIDMod="0" />
    </MapTiles>
    <StaticTiles>
      <StaticTile TileID="12963" AltIDMod="0" />
    </StaticTiles>
  </TransInfo>
  <TransInfo Description="Stars To Sand" HashKey="0E0E0E0E0E040E0E04">
    <MapTiles>
      <MapTile TileID="506" AltIDMod="0" />
      <MapTile TileID="507" AltIDMod="0" />
      <MapTile TileID="508" AltIDMod="0" />
      <MapTile TileID="509" AltIDMod="0" />
      <MapTile TileID="510" AltIDMod="0" />
      <MapTile TileID="511" AltIDMod="0" />
    </MapTiles>
    <StaticTiles>
      <StaticTile TileID="12970" AltIDMod="0" />
      <StaticTile TileID="12971" AltIDMod="0" />
    </StaticTiles>
  </TransInfo>
  <TransInfo Description="Stars To Sand" HashKey="040E040E0E0E040E0E">
    <MapTiles>
      <MapTile TileID="506" AltIDMod="0" />
      <MapTile TileID="507" AltIDMod="0" />
      <MapTile TileID="508" AltIDMod="0" />
      <MapTile TileID="509" AltIDMod="0" />
      <MapTile TileID="510" AltIDMod="0" />
      <MapTile TileID="511" AltIDMod="0" />
    </MapTiles>
    <StaticTiles>
      <StaticTile TileID="12964" AltIDMod="0" />
    </StaticTiles>
  </TransInfo>
  <TransInfo Description="Stars To Sand" HashKey="0E0E0E040E0E040404">
    <MapTiles>
      <MapTile TileID="506" AltIDMod="0" />
      <MapTile TileID="507" AltIDMod="0" />
      <MapTile TileID="508" AltIDMod="0" />
      <MapTile TileID="509" AltIDMod="0" />
      <MapTile TileID="510" AltIDMod="0" />
      <MapTile TileID="511" AltIDMod="0" />
    </MapTiles>
    <StaticTiles>
      <StaticTile TileID="12965" AltIDMod="0" />
    </StaticTiles>
  </TransInfo>
  <TransInfo Description="Stars To Sand" HashKey="0E0E040E0E0E0E0404">
    <MapTiles>
      <MapTile TileID="506" AltIDMod="0" />
      <MapTile TileID="507" AltIDMod="0" />
      <MapTile TileID="508" AltIDMod="0" />
      <MapTile TileID="509" AltIDMod="0" />
      <MapTile TileID="510" AltIDMod="0" />
      <MapTile TileID="511" AltIDMod="0" />
    </MapTiles>
    <StaticTiles>
      <StaticTile TileID="12962" AltIDMod="0" />
    </StaticTiles>
  </TransInfo>
  <TransInfo Description="Stars To Sand" HashKey="04040E040E0E040E04">
    <MapTiles>
      <MapTile TileID="22" AltIDMod="0" />
    </MapTiles>
    <StaticTiles />
  </TransInfo>
  <TransInfo Description="Stars To Sand" HashKey="0404040E0E040E040E">
    <MapTiles>
      <MapTile TileID="22" AltIDMod="0" />
    </MapTiles>
    <StaticTiles />
  </TransInfo>
  <TransInfo Description="Stars To Sand" HashKey="0404040E0E040E0E0E">
    <MapTiles>
      <MapTile TileID="506" AltIDMod="0" />
      <MapTile TileID="507" AltIDMod="0" />
      <MapTile TileID="508" AltIDMod="0" />
      <MapTile TileID="509" AltIDMod="0" />
      <MapTile TileID="510" AltIDMod="0" />
      <MapTile TileID="511" AltIDMod="0" />
    </MapTiles>
    <StaticTiles>
      <StaticTile TileID="12963" AltIDMod="0" />
    </StaticTiles>
  </TransInfo>
  <TransInfo Description="Stars To Sand" HashKey="04040E0E0E0E0E0404">
    <MapTiles>
      <MapTile TileID="22" AltIDMod="0" />
    </MapTiles>
    <StaticTiles />
  </TransInfo>
  <TransInfo Description="Stars To Sand" HashKey="0E0E040E0E0E04040E">
    <MapTiles>
      <MapTile TileID="506" AltIDMod="0" />
      <MapTile TileID="507" AltIDMod="0" />
      <MapTile TileID="508" AltIDMod="0" />
      <MapTile TileID="509" AltIDMod="0" />
      <MapTile TileID="510" AltIDMod="0" />
      <MapTile TileID="511" AltIDMod="0" />
    </MapTiles>
    <StaticTiles>
      <StaticTile TileID="12962" AltIDMod="0" />
    </StaticTiles>
  </TransInfo>
  <TransInfo Description="Stars To Sand" HashKey="0E040E0E0E0404040E">
    <MapTiles>
      <MapTile TileID="22" AltIDMod="0" />
    </MapTiles>
    <StaticTiles />
  </TransInfo>
  <TransInfo Description="Stars To Sand" HashKey="040E0E040E04040E04">
    <MapTiles>
      <MapTile TileID="22" AltIDMod="0" />
    </MapTiles>
    <StaticTiles />
  </TransInfo>
  <TransInfo Description="Stars To Sand" HashKey="0404040E0E0E0E040E">
    <MapTiles>
      <MapTile TileID="22" AltIDMod="0" />
    </MapTiles>
    <StaticTiles />
  </TransInfo>
  <TransInfo Description="Stars To Sand" HashKey="040404040E0E040E04">
    <MapTiles>
      <MapTile TileID="22" AltIDMod="0" />
    </MapTiles>
    <StaticTiles />
  </TransInfo>
  <TransInfo Description="Stars To Sand" HashKey="0E0E040E0E0E0E0E0E">
    <MapTiles>
      <MapTile TileID="506" AltIDMod="0" />
      <MapTile TileID="507" AltIDMod="0" />
      <MapTile TileID="508" AltIDMod="0" />
      <MapTile TileID="509" AltIDMod="0" />
      <MapTile TileID="510" AltIDMod="0" />
      <MapTile TileID="511" AltIDMod="0" />
    </MapTiles>
    <StaticTiles>
      <StaticTile TileID="12960" AltIDMod="0" />
    </StaticTiles>
  </TransInfo>
  <TransInfo Description="Stars To Sand" HashKey="040E04040E0E040E04">
    <MapTiles>
      <MapTile TileID="22" AltIDMod="0" />
    </MapTiles>
    <StaticTiles />
  </TransInfo>
  <TransInfo Description="Stars To Sand" HashKey="040E0E040E040E0404">
    <MapTiles>
      <MapTile TileID="22" AltIDMod="0" />
    </MapTiles>
    <StaticTiles />
  </TransInfo>
  <TransInfo Description="Stars To Sand" HashKey="0E040E0E0E040E0404">
    <MapTiles>
      <MapTile TileID="22" AltIDMod="0" />
    </MapTiles>
    <StaticTiles />
  </TransInfo>
  <TransInfo Description="Stars To Sand" HashKey="040E04040E0E0E0404">
    <MapTiles>
      <MapTile TileID="22" AltIDMod="0" />
    </MapTiles>
    <StaticTiles />
  </TransInfo>
  <TransInfo Description="Stars To Sand" HashKey="0E04040E0E04040E04">
    <MapTiles>
      <MapTile TileID="22" AltIDMod="0" />
    </MapTiles>
    <StaticTiles />
  </TransInfo>
  <TransInfo Description="Stars To Sand" HashKey="0E040E0E0E04040E04">
    <MapTiles>
      <MapTile TileID="22" AltIDMod="0" />
    </MapTiles>
    <StaticTiles />
  </TransInfo>
  <TransInfo Description="Stars To Sand" HashKey="040E0E040E0404040E">
    <MapTiles>
      <MapTile TileID="22" AltIDMod="0" />
    </MapTiles>
    <StaticTiles />
  </TransInfo>
  <TransInfo Description="Stars To Sand" HashKey="0E0E040E0E040E0E0E">
    <MapTiles>
      <MapTile TileID="506" AltIDMod="0" />
      <MapTile TileID="507" AltIDMod="0" />
      <MapTile TileID="508" AltIDMod="0" />
      <MapTile TileID="509" AltIDMod="0" />
      <MapTile TileID="510" AltIDMod="0" />
      <MapTile TileID="511" AltIDMod="0" />
    </MapTiles>
    <StaticTiles>
      <StaticTile TileID="12970" AltIDMod="0" />
      <StaticTile TileID="12971" AltIDMod="0" />
    </StaticTiles>
  </TransInfo>
  <TransInfo Description="Stars To Sand" HashKey="0E04040E0E040E0404">
    <MapTiles>
      <MapTile TileID="22" AltIDMod="0" />
    </MapTiles>
    <StaticTiles />
  </TransInfo>
  <TransInfo Description="Stars To Sand" HashKey="040E04040E0E04040E">
    <MapTiles>
      <MapTile TileID="22" AltIDMod="0" />
    </MapTiles>
    <StaticTiles />
  </TransInfo>
  <TransInfo Description="Stars To Sand" HashKey="040E0E040E040E0E0E">
    <MapTiles>
      <MapTile TileID="22" AltIDMod="0" />
    </MapTiles>
    <StaticTiles />
  </TransInfo>
  <TransInfo Description="Stars To Sand" HashKey="0E0E040E0E0404040E">
    <MapTiles>
      <MapTile TileID="506" AltIDMod="0" />
      <MapTile TileID="507" AltIDMod="0" />
      <MapTile TileID="508" AltIDMod="0" />
      <MapTile TileID="509" AltIDMod="0" />
      <MapTile TileID="510" AltIDMod="0" />
      <MapTile TileID="511" AltIDMod="0" />
    </MapTiles>
    <StaticTiles>
      <StaticTile TileID="12962" AltIDMod="0" />
    </StaticTiles>
  </TransInfo>
  <TransInfo Description="Stars To Sand" HashKey="040404040E04040E04">
    <MapTiles>
      <MapTile TileID="22" AltIDMod="0" />
    </MapTiles>
    <StaticTiles />
  </TransInfo>
  <TransInfo Description="Stars To Sand" HashKey="040E04040E0E0E0E0E">
    <MapTiles>
      <MapTile TileID="506" AltIDMod="0" />
      <MapTile TileID="507" AltIDMod="0" />
      <MapTile TileID="508" AltIDMod="0" />
      <MapTile TileID="509" AltIDMod="0" />
      <MapTile TileID="510" AltIDMod="0" />
      <MapTile TileID="511" AltIDMod="0" />
    </MapTiles>
    <StaticTiles>
      <StaticTile TileID="12964" AltIDMod="0" />
    </StaticTiles>
  </TransInfo>
  <TransInfo Description="Stars To Sand" HashKey="0E040E0E0E040E0E0E">
    <MapTiles>
      <MapTile TileID="506" AltIDMod="0" />
      <MapTile TileID="507" AltIDMod="0" />
      <MapTile TileID="508" AltIDMod="0" />
      <MapTile TileID="509" AltIDMod="0" />
      <MapTile TileID="510" AltIDMod="0" />
      <MapTile TileID="511" AltIDMod="0" />
    </MapTiles>
    <StaticTiles>
      <StaticTile TileID="12963" AltIDMod="0" />
    </StaticTiles>
  </TransInfo>
  <TransInfo Description="Stars To Sand" HashKey="0E04040E0E0404040E">
    <MapTiles>
      <MapTile TileID="22" AltIDMod="0" />
    </MapTiles>
    <StaticTiles />
  </TransInfo>
  <TransInfo Description="Stars To Sand" HashKey="040404040E040E0404">
    <MapTiles>
      <MapTile TileID="22" AltIDMod="0" />
    </MapTiles>
    <StaticTiles />
  </TransInfo>
  <TransInfo Description="Stars To Sand" HashKey="0E0E040E0E040E0404">
    <MapTiles>
      <MapTile TileID="506" AltIDMod="0" />
      <MapTile TileID="507" AltIDMod="0" />
      <MapTile TileID="508" AltIDMod="0" />
      <MapTile TileID="509" AltIDMod="0" />
      <MapTile TileID="510" AltIDMod="0" />
      <MapTile TileID="511" AltIDMod="0" />
    </MapTiles>
    <StaticTiles>
      <StaticTile TileID="12962" AltIDMod="0" />
    </StaticTiles>
  </TransInfo>
  <TransInfo Description="Stars To Sand" HashKey="0E04040E0E040E0E0E">
    <MapTiles>
      <MapTile TileID="506" AltIDMod="0" />
      <MapTile TileID="507" AltIDMod="0" />
      <MapTile TileID="508" AltIDMod="0" />
      <MapTile TileID="509" AltIDMod="0" />
      <MapTile TileID="510" AltIDMod="0" />
      <MapTile TileID="511" AltIDMod="0" />
    </MapTiles>
    <StaticTiles>
      <StaticTile TileID="12963" AltIDMod="0" />
    </StaticTiles>
  </TransInfo>
  <TransInfo Description="Stars To Sand" HashKey="040E0E040E0E0E0E0E">
    <MapTiles>
      <MapTile TileID="506" AltIDMod="0" />
      <MapTile TileID="507" AltIDMod="0" />
      <MapTile TileID="508" AltIDMod="0" />
      <MapTile TileID="509" AltIDMod="0" />
      <MapTile TileID="510" AltIDMod="0" />
      <MapTile TileID="511" AltIDMod="0" />
    </MapTiles>
    <StaticTiles>
      <StaticTile TileID="12976" AltIDMod="0" />
      <StaticTile TileID="12977" AltIDMod="0" />
    </StaticTiles>
  </TransInfo>
  <TransInfo Description="Stars To Sand" HashKey="0E0E0E0E0E0E040E0E">
    <MapTiles>
      <MapTile TileID="506" AltIDMod="0" />
      <MapTile TileID="507" AltIDMod="0" />
      <MapTile TileID="508" AltIDMod="0" />
      <MapTile TileID="509" AltIDMod="0" />
      <MapTile TileID="510" AltIDMod="0" />
      <MapTile TileID="511" AltIDMod="0" />
    </MapTiles>
    <StaticTiles>
      <StaticTile TileID="12958" AltIDMod="0" />
    </StaticTiles>
  </TransInfo>
  <TransInfo Description="Stars To Sand" HashKey="0E0E0E0E0E04040E04">
    <MapTiles>
      <MapTile TileID="506" AltIDMod="0" />
      <MapTile TileID="507" AltIDMod="0" />
      <MapTile TileID="508" AltIDMod="0" />
      <MapTile TileID="509" AltIDMod="0" />
      <MapTile TileID="510" AltIDMod="0" />
      <MapTile TileID="511" AltIDMod="0" />
    </MapTiles>
    <StaticTiles>
      <StaticTile TileID="12962" AltIDMod="0" />
    </StaticTiles>
  </TransInfo>
  <TransInfo Description="Stars To Sand" HashKey="0E0E040E0E04040E04">
    <MapTiles>
      <MapTile TileID="506" AltIDMod="0" />
      <MapTile TileID="507" AltIDMod="0" />
      <MapTile TileID="508" AltIDMod="0" />
      <MapTile TileID="509" AltIDMod="0" />
      <MapTile TileID="510" AltIDMod="0" />
      <MapTile TileID="511" AltIDMod="0" />
    </MapTiles>
    <StaticTiles>
      <StaticTile TileID="12962" AltIDMod="0" />
    </StaticTiles>
  </TransInfo>
  <TransInfo Description="Stars To Sand" HashKey="040404040E0404040E">
    <MapTiles>
      <MapTile TileID="22" AltIDMod="0" />
    </MapTiles>
    <StaticTiles />
  </TransInfo>
  <TransInfo Description="Stars To Sand" HashKey="040E04040E040E0E0E">
    <MapTiles>
      <MapTile TileID="22" AltIDMod="0" />
    </MapTiles>
    <StaticTiles />
  </TransInfo>
  <TransInfo Description="Stars To Sand" HashKey="040E0E040E0E04040E">
    <MapTiles>
      <MapTile TileID="506" AltIDMod="0" />
      <MapTile TileID="507" AltIDMod="0" />
      <MapTile TileID="508" AltIDMod="0" />
      <MapTile TileID="509" AltIDMod="0" />
      <MapTile TileID="510" AltIDMod="0" />
      <MapTile TileID="511" AltIDMod="0" />
    </MapTiles>
    <StaticTiles>
      <StaticTile TileID="12965" AltIDMod="0" />
    </StaticTiles>
  </TransInfo>
  <TransInfo Description="Stars To Sand" HashKey="0E0E0E040E040E0E0E">
    <MapTiles>
      <MapTile TileID="22" AltIDMod="0" />
    </MapTiles>
    <StaticTiles />
  </TransInfo>
  <TransInfo Description="Stars To Sand" HashKey="0E0E0E0E0E040E0404">
    <MapTiles>
      <MapTile TileID="506" AltIDMod="0" />
      <MapTile TileID="507" AltIDMod="0" />
      <MapTile TileID="508" AltIDMod="0" />
      <MapTile TileID="509" AltIDMod="0" />
      <MapTile TileID="510" AltIDMod="0" />
      <MapTile TileID="511" AltIDMod="0" />
    </MapTiles>
    <StaticTiles>
      <StaticTile TileID="12962" AltIDMod="0" />
    </StaticTiles>
  </TransInfo>
  <TransInfo Description="Stars To Sand" HashKey="04040E040E0E04040E">
    <MapTiles>
      <MapTile TileID="22" AltIDMod="0" />
    </MapTiles>
    <StaticTiles />
  </TransInfo>
  <TransInfo Description="Stars To Sand" HashKey="040404040E040E0E0E">
    <MapTiles>
      <MapTile TileID="22" AltIDMod="0" />
    </MapTiles>
    <StaticTiles />
  </TransInfo>
  <TransInfo Description="Stars To Sand" HashKey="040E04040E0404040E">
    <MapTiles>
      <MapTile TileID="22" AltIDMod="0" />
    </MapTiles>
    <StaticTiles />
  </TransInfo>
  <TransInfo Description="Stars To Sand" HashKey="040E04040E04040E0E">
    <MapTiles>
      <MapTile TileID="22" AltIDMod="0" />
    </MapTiles>
    <StaticTiles />
  </TransInfo>
  <TransInfo Description="Stars To Sand" HashKey="0E04040E0E0E0E0E0E">
    <MapTiles>
      <MapTile TileID="506" AltIDMod="0" />
      <MapTile TileID="507" AltIDMod="0" />
      <MapTile TileID="508" AltIDMod="0" />
      <MapTile TileID="509" AltIDMod="0" />
      <MapTile TileID="510" AltIDMod="0" />
      <MapTile TileID="511" AltIDMod="0" />
    </MapTiles>
    <StaticTiles>
      <StaticTile TileID="12973" AltIDMod="0" />
      <StaticTile TileID="12972" AltIDMod="0" />
    </StaticTiles>
  </TransInfo>
  <TransInfo Description="Stars To Sand" HashKey="04040E040E0E0E0E0E">
    <MapTiles>
      <MapTile TileID="506" AltIDMod="0" />
      <MapTile TileID="507" AltIDMod="0" />
      <MapTile TileID="508" AltIDMod="0" />
      <MapTile TileID="509" AltIDMod="0" />
      <MapTile TileID="510" AltIDMod="0" />
      <MapTile TileID="511" AltIDMod="0" />
    </MapTiles>
    <StaticTiles>
      <StaticTile TileID="12964" AltIDMod="0" />
    </StaticTiles>
  </TransInfo>
  <TransInfo Description="Stars To Sand" HashKey="040E0E040E0E0E0404">
    <MapTiles>
      <MapTile TileID="506" AltIDMod="0" />
      <MapTile TileID="507" AltIDMod="0" />
      <MapTile TileID="508" AltIDMod="0" />
      <MapTile TileID="509" AltIDMod="0" />
      <MapTile TileID="510" AltIDMod="0" />
      <MapTile TileID="511" AltIDMod="0" />
    </MapTiles>
    <StaticTiles>
      <StaticTile TileID="12965" AltIDMod="0" />
    </StaticTiles>
  </TransInfo>
  <TransInfo Description="Stars To Sand" HashKey="0E0E0E0E0E0404040E">
    <MapTiles>
      <MapTile TileID="506" AltIDMod="0" />
      <MapTile TileID="507" AltIDMod="0" />
      <MapTile TileID="508" AltIDMod="0" />
      <MapTile TileID="509" AltIDMod="0" />
      <MapTile TileID="510" AltIDMod="0" />
      <MapTile TileID="511" AltIDMod="0" />
    </MapTiles>
    <StaticTiles>
      <StaticTile TileID="12962" AltIDMod="0" />
    </StaticTiles>
  </TransInfo>
  <TransInfo Description="Stars To Sand" HashKey="0E04040E0E0E04040E">
    <MapTiles>
      <MapTile TileID="22" AltIDMod="0" />
    </MapTiles>
    <StaticTiles />
  </TransInfo>
  <TransInfo Description="Stars To Sand" HashKey="040E04040E040E0404">
    <MapTiles>
      <MapTile TileID="22" AltIDMod="0" />
    </MapTiles>
    <StaticTiles />
  </TransInfo>
  <TransInfo Description="Stars To Sand" HashKey="040E0E040E0E040E04">
    <MapTiles>
      <MapTile TileID="506" AltIDMod="0" />
      <MapTile TileID="507" AltIDMod="0" />
      <MapTile TileID="508" AltIDMod="0" />
      <MapTile TileID="509" AltIDMod="0" />
      <MapTile TileID="510" AltIDMod="0" />
      <MapTile TileID="511" AltIDMod="0" />
    </MapTiles>
    <StaticTiles>
      <StaticTile TileID="12965" AltIDMod="0" />
    </StaticTiles>
  </TransInfo>
  <TransInfo Description="Stars To Sand" HashKey="0E0E0E0E0E040E0E0E">
    <MapTiles>
      <MapTile TileID="506" AltIDMod="0" />
      <MapTile TileID="507" AltIDMod="0" />
      <MapTile TileID="508" AltIDMod="0" />
      <MapTile TileID="509" AltIDMod="0" />
      <MapTile TileID="510" AltIDMod="0" />
      <MapTile TileID="511" AltIDMod="0" />
    </MapTiles>
    <StaticTiles>
      <StaticTile TileID="12970" AltIDMod="0" />
      <StaticTile TileID="12971" AltIDMod="0" />
    </StaticTiles>
  </TransInfo>
  <TransInfo Description="Stars To Sand" HashKey="040E04040E04040E04">
    <MapTiles>
      <MapTile TileID="22" AltIDMod="0" />
    </MapTiles>
    <StaticTiles />
  </TransInfo>
  <TransInfo Description="Stars To Sand" HashKey="0E04040E0E0E0E0404">
    <MapTiles>
      <MapTile TileID="22" AltIDMod="0" />
    </MapTiles>
    <StaticTiles />
  </TransInfo>
  <TransInfo Description="Stars To Sand" HashKey="04040E040E04040E0E">
    <MapTiles>
      <MapTile TileID="22" AltIDMod="0" />
    </MapTiles>
    <StaticTiles />
  </TransInfo>
  <TransInfo Description="Stars To Sand" HashKey="0404040E0E040E0404">
    <MapTiles>
      <MapTile TileID="22" AltIDMod="0" />
    </MapTiles>
    <StaticTiles />
  </TransInfo>
  <TransInfo Description="Stars To Sand" HashKey="0E04040E0E0E040E04">
    <MapTiles>
      <MapTile TileID="22" AltIDMod="0" />
    </MapTiles>
    <StaticTiles />
  </TransInfo>
  <TransInfo Description="Stars To Sand" HashKey="0404040E0E040E0E04">
    <MapTiles>
      <MapTile TileID="506" AltIDMod="0" />
      <MapTile TileID="507" AltIDMod="0" />
      <MapTile TileID="508" AltIDMod="0" />
      <MapTile TileID="509" AltIDMod="0" />
      <MapTile TileID="510" AltIDMod="0" />
      <MapTile TileID="511" AltIDMod="0" />
    </MapTiles>
    <StaticTiles>
      <StaticTile TileID="12963" AltIDMod="0" />
    </StaticTiles>
  </TransInfo>
  <TransInfo Description="Stars To Sand" HashKey="0404040E0E04040E04">
    <MapTiles>
      <MapTile TileID="22" AltIDMod="0" />
    </MapTiles>
    <StaticTiles />
  </TransInfo>
  <TransInfo Description="Stars To Sand" HashKey="0E040E0E0E04040404">
    <MapTiles>
      <MapTile TileID="22" AltIDMod="0" />
    </MapTiles>
    <StaticTiles />
  </TransInfo>
  <TransInfo Description="Stars To Sand" HashKey="040E0E0E0E0E040E0E">
    <MapTiles>
      <MapTile TileID="506" AltIDMod="0" />
      <MapTile TileID="507" AltIDMod="0" />
      <MapTile TileID="508" AltIDMod="0" />
      <MapTile TileID="509" AltIDMod="0" />
      <MapTile TileID="510" AltIDMod="0" />
      <MapTile TileID="511" AltIDMod="0" />
    </MapTiles>
    <StaticTiles>
      <StaticTile TileID="12976" AltIDMod="0" />
      <StaticTile TileID="12977" AltIDMod="0" />
    </StaticTiles>
  </TransInfo>
  <TransInfo Description="Stars To Sand" HashKey="040E0E0E0E0E0E040E">
    <MapTiles>
      <MapTile TileID="506" AltIDMod="0" />
      <MapTile TileID="507" AltIDMod="0" />
      <MapTile TileID="508" AltIDMod="0" />
      <MapTile TileID="509" AltIDMod="0" />
      <MapTile TileID="510" AltIDMod="0" />
      <MapTile TileID="511" AltIDMod="0" />
    </MapTiles>
    <StaticTiles>
      <StaticTile TileID="12965" AltIDMod="0" />
    </StaticTiles>
  </TransInfo>
  <TransInfo Description="Stars To Sand" HashKey="0E040E0E0E040E040E">
    <MapTiles>
      <MapTile TileID="22" AltIDMod="0" />
    </MapTiles>
    <StaticTiles />
  </TransInfo>
  <TransInfo Description="Stars To Sand" HashKey="0E0E040E0E0E040E04">
    <MapTiles>
      <MapTile TileID="506" AltIDMod="0" />
      <MapTile TileID="507" AltIDMod="0" />
      <MapTile TileID="508" AltIDMod="0" />
      <MapTile TileID="509" AltIDMod="0" />
      <MapTile TileID="510" AltIDMod="0" />
      <MapTile TileID="511" AltIDMod="0" />
    </MapTiles>
    <StaticTiles>
      <StaticTile TileID="12962" AltIDMod="0" />
    </StaticTiles>
  </TransInfo>
  <TransInfo Description="Stars To Sand" HashKey="0E0E0E0E0E0E0E0404">
    <MapTiles>
      <MapTile TileID="506" AltIDMod="0" />
      <MapTile TileID="507" AltIDMod="0" />
      <MapTile TileID="508" AltIDMod="0" />
      <MapTile TileID="509" AltIDMod="0" />
      <MapTile TileID="510" AltIDMod="0" />
      <MapTile TileID="511" AltIDMod="0" />
    </MapTiles>
    <StaticTiles>
      <StaticTile TileID="12975" AltIDMod="0" />
      <StaticTile TileID="12974" AltIDMod="0" />
    </StaticTiles>
  </TransInfo>
  <TransInfo Description="Stars To Sand" HashKey="04040E040E0E0E040E">
    <MapTiles>
      <MapTile TileID="22" AltIDMod="0" />
    </MapTiles>
    <StaticTiles />
  </TransInfo>
  <TransInfo Description="Stars To Sand" HashKey="0E040E0E0E04040E0E">
    <MapTiles>
      <MapTile TileID="22" AltIDMod="0" />
    </MapTiles>
    <StaticTiles />
  </TransInfo>
  <TransInfo Description="Stars To Sand" HashKey="0E0404040E0E040E0E">
    <MapTiles>
      <MapTile TileID="506" AltIDMod="0" />
      <MapTile TileID="507" AltIDMod="0" />
      <MapTile TileID="508" AltIDMod="0" />
      <MapTile TileID="509" AltIDMod="0" />
      <MapTile TileID="510" AltIDMod="0" />
      <MapTile TileID="511" AltIDMod="0" />
    </MapTiles>
    <StaticTiles>
      <StaticTile TileID="12964" AltIDMod="0" />
    </StaticTiles>
  </TransInfo>
  <TransInfo Description="Stars To Sand" HashKey="0E040E040E040E040E">
    <MapTiles>
      <MapTile TileID="22" AltIDMod="0" />
    </MapTiles>
    <StaticTiles />
  </TransInfo>
  <TransInfo Description="Stars To Sand" HashKey="040E0E0E0E0E040404">
    <MapTiles>
      <MapTile TileID="506" AltIDMod="0" />
      <MapTile TileID="507" AltIDMod="0" />
      <MapTile TileID="508" AltIDMod="0" />
      <MapTile TileID="509" AltIDMod="0" />
      <MapTile TileID="510" AltIDMod="0" />
      <MapTile TileID="511" AltIDMod="0" />
    </MapTiles>
    <StaticTiles>
      <StaticTile TileID="12965" AltIDMod="0" />
    </StaticTiles>
  </TransInfo>
  <TransInfo Description="Stars To Sand" HashKey="0E0E040E0E040E0E04">
    <MapTiles>
      <MapTile TileID="506" AltIDMod="0" />
      <MapTile TileID="507" AltIDMod="0" />
      <MapTile TileID="508" AltIDMod="0" />
      <MapTile TileID="509" AltIDMod="0" />
      <MapTile TileID="510" AltIDMod="0" />
      <MapTile TileID="511" AltIDMod="0" />
    </MapTiles>
    <StaticTiles>
      <StaticTile TileID="12970" AltIDMod="0" />
      <StaticTile TileID="12971" AltIDMod="0" />
    </StaticTiles>
  </TransInfo>
  <TransInfo Description="Stars To Sand" HashKey="04040E0E0E040E040E">
    <MapTiles>
      <MapTile TileID="22" AltIDMod="0" />
    </MapTiles>
    <StaticTiles />
  </TransInfo>
  <TransInfo Description="Stars To Sand" HashKey="0E0404040E0E0E040E">
    <MapTiles>
      <MapTile TileID="22" AltIDMod="0" />
    </MapTiles>
    <StaticTiles />
  </TransInfo>
  <TransInfo Description="Stars To Sand" HashKey="04040E040E0E040404">
    <MapTiles>
      <MapTile TileID="22" AltIDMod="0" />
    </MapTiles>
    <StaticTiles />
  </TransInfo>
  <TransInfo Description="Stars To Sand" HashKey="0E0E040E0E04040404">
    <MapTiles>
      <MapTile TileID="506" AltIDMod="0" />
      <MapTile TileID="507" AltIDMod="0" />
      <MapTile TileID="508" AltIDMod="0" />
      <MapTile TileID="509" AltIDMod="0" />
      <MapTile TileID="510" AltIDMod="0" />
      <MapTile TileID="511" AltIDMod="0" />
    </MapTiles>
    <StaticTiles>
      <StaticTile TileID="12962" AltIDMod="0" />
    </StaticTiles>
  </TransInfo>
  <TransInfo Description="Stars To Sand" HashKey="0E040E040E04040404">
    <MapTiles>
      <MapTile TileID="22" AltIDMod="0" />
    </MapTiles>
    <StaticTiles />
  </TransInfo>
  <TransInfo Description="Stars To Sand" HashKey="04040E040E04040E04">
    <MapTiles>
      <MapTile TileID="22" AltIDMod="0" />
    </MapTiles>
    <StaticTiles />
  </TransInfo>
  <TransInfo Description="Stars To Sand" HashKey="0E0404040E0E040404">
    <MapTiles>
      <MapTile TileID="22" AltIDMod="0" />
    </MapTiles>
    <StaticTiles />
  </TransInfo>
  <TransInfo Description="Stars To Sand" HashKey="0E040E040E040E0E04">
    <MapTiles>
      <MapTile TileID="22" AltIDMod="0" />
    </MapTiles>
    <StaticTiles />
  </TransInfo>
  <TransInfo Description="Stars To Sand" HashKey="0E0E040E0E040E040E">
    <MapTiles>
      <MapTile TileID="506" AltIDMod="0" />
      <MapTile TileID="507" AltIDMod="0" />
      <MapTile TileID="508" AltIDMod="0" />
      <MapTile TileID="509" AltIDMod="0" />
      <MapTile TileID="510" AltIDMod="0" />
      <MapTile TileID="511" AltIDMod="0" />
    </MapTiles>
    <StaticTiles>
      <StaticTile TileID="12962" AltIDMod="0" />
    </StaticTiles>
  </TransInfo>
  <TransInfo Description="Stars To Sand" HashKey="0E0E04040E04040E0E">
    <MapTiles>
      <MapTile TileID="22" AltIDMod="0" />
    </MapTiles>
    <StaticTiles />
  </TransInfo>
  <TransInfo Description="Stars To Sand" HashKey="040E0E040E0E0E0E04">
    <MapTiles>
      <MapTile TileID="506" AltIDMod="0" />
      <MapTile TileID="507" AltIDMod="0" />
      <MapTile TileID="508" AltIDMod="0" />
      <MapTile TileID="509" AltIDMod="0" />
      <MapTile TileID="510" AltIDMod="0" />
      <MapTile TileID="511" AltIDMod="0" />
    </MapTiles>
    <StaticTiles>
      <StaticTile TileID="12965" AltIDMod="0" />
    </StaticTiles>
  </TransInfo>
  <TransInfo Description="Stars To Sand" HashKey="0E0404040E0E0E0E04">
    <MapTiles>
      <MapTile TileID="22" AltIDMod="0" />
    </MapTiles>
    <StaticTiles />
  </TransInfo>
  <TransInfo Description="Stars To Sand" HashKey="040E04040E040E040E">
    <MapTiles>
      <MapTile TileID="22" AltIDMod="0" />
    </MapTiles>
    <StaticTiles />
  </TransInfo>
  <TransInfo Description="Stars To Sand" HashKey="0E0E040E0E04040E0E">
    <MapTiles>
      <MapTile TileID="506" AltIDMod="0" />
      <MapTile TileID="507" AltIDMod="0" />
      <MapTile TileID="508" AltIDMod="0" />
      <MapTile TileID="509" AltIDMod="0" />
      <MapTile TileID="510" AltIDMod="0" />
      <MapTile TileID="511" AltIDMod="0" />
    </MapTiles>
    <StaticTiles>
      <StaticTile TileID="12962" AltIDMod="0" />
    </StaticTiles>
  </TransInfo>
  <TransInfo Description="Stars To Sand" HashKey="0E0E0E040E0E040E0E">
    <MapTiles>
      <MapTile TileID="506" AltIDMod="0" />
      <MapTile TileID="507" AltIDMod="0" />
      <MapTile TileID="508" AltIDMod="0" />
      <MapTile TileID="509" AltIDMod="0" />
      <MapTile TileID="510" AltIDMod="0" />
      <MapTile TileID="511" AltIDMod="0" />
    </MapTiles>
    <StaticTiles>
      <StaticTile TileID="12976" AltIDMod="0" />
      <StaticTile TileID="12977" AltIDMod="0" />
    </StaticTiles>
  </TransInfo>
  <TransInfo Description="Stars To Sand" HashKey="0E0E04040E040E040E">
    <MapTiles>
      <MapTile TileID="22" AltIDMod="0" />
    </MapTiles>
    <StaticTiles />
  </TransInfo>
  <TransInfo Description="Stars To Sand" HashKey="040E0E040E0E040404">
    <MapTiles>
      <MapTile TileID="506" AltIDMod="0" />
      <MapTile TileID="507" AltIDMod="0" />
      <MapTile TileID="508" AltIDMod="0" />
      <MapTile TileID="509" AltIDMod="0" />
      <MapTile TileID="510" AltIDMod="0" />
      <MapTile TileID="511" AltIDMod="0" />
    </MapTiles>
    <StaticTiles>
      <StaticTile TileID="12965" AltIDMod="0" />
    </StaticTiles>
  </TransInfo>
  <TransInfo Description="Stars To Sand" HashKey="0E0E0E040E0E0E040E">
    <MapTiles>
      <MapTile TileID="506" AltIDMod="0" />
      <MapTile TileID="507" AltIDMod="0" />
      <MapTile TileID="508" AltIDMod="0" />
      <MapTile TileID="509" AltIDMod="0" />
      <MapTile TileID="510" AltIDMod="0" />
      <MapTile TileID="511" AltIDMod="0" />
    </MapTiles>
    <StaticTiles>
      <StaticTile TileID="12965" AltIDMod="0" />
    </StaticTiles>
  </TransInfo>
  <TransInfo Description="Stars To Sand" HashKey="040E04040E04040404">
    <MapTiles>
      <MapTile TileID="22" AltIDMod="0" />
    </MapTiles>
    <StaticTiles />
  </TransInfo>
  <TransInfo Description="Stars To Sand" HashKey="0404040E0E0E0E0E04">
    <MapTiles>
      <MapTile TileID="506" AltIDMod="0" />
      <MapTile TileID="507" AltIDMod="0" />
      <MapTile TileID="508" AltIDMod="0" />
      <MapTile TileID="509" AltIDMod="0" />
      <MapTile TileID="510" AltIDMod="0" />
      <MapTile TileID="511" AltIDMod="0" />
    </MapTiles>
    <StaticTiles>
      <StaticTile TileID="12963" AltIDMod="0" />
    </StaticTiles>
  </TransInfo>
  <TransInfo Description="Stars To Sand" HashKey="04040E040E040E0404">
    <MapTiles>
      <MapTile TileID="22" AltIDMod="0" />
    </MapTiles>
    <StaticTiles />
  </TransInfo>
  <TransInfo Description="Stars To Sand" HashKey="04040E0E0E0E0E0E04">
    <MapTiles>
      <MapTile TileID="506" AltIDMod="0" />
      <MapTile TileID="507" AltIDMod="0" />
      <MapTile TileID="508" AltIDMod="0" />
      <MapTile TileID="509" AltIDMod="0" />
      <MapTile TileID="510" AltIDMod="0" />
      <MapTile TileID="511" AltIDMod="0" />
    </MapTiles>
    <StaticTiles>
      <StaticTile TileID="12963" AltIDMod="0" />
    </StaticTiles>
  </TransInfo>
  <TransInfo Description="Stars To Sand" HashKey="0E0E04040E04040404">
    <MapTiles>
      <MapTile TileID="22" AltIDMod="0" />
    </MapTiles>
    <StaticTiles />
  </TransInfo>
  <TransInfo Description="Stars To Sand" HashKey="040E0E040E0E0E040E">
    <MapTiles>
      <MapTile TileID="506" AltIDMod="0" />
      <MapTile TileID="507" AltIDMod="0" />
      <MapTile TileID="508" AltIDMod="0" />
      <MapTile TileID="509" AltIDMod="0" />
      <MapTile TileID="510" AltIDMod="0" />
      <MapTile TileID="511" AltIDMod="0" />
    </MapTiles>
    <StaticTiles>
      <StaticTile TileID="12965" AltIDMod="0" />
    </StaticTiles>
  </TransInfo>
  <TransInfo Description="Stars To Sand" HashKey="0404040E0E0404040E">
    <MapTiles>
      <MapTile TileID="22" AltIDMod="0" />
    </MapTiles>
    <StaticTiles />
  </TransInfo>
  <TransInfo Description="Stars To Sand" HashKey="0E04040E0E0E040404">
    <MapTiles>
      <MapTile TileID="22" AltIDMod="0" />
    </MapTiles>
    <StaticTiles />
  </TransInfo>
  <TransInfo Description="Stars To Sand" HashKey="0E0E04040E040E0E04">
    <MapTiles>
      <MapTile TileID="22" AltIDMod="0" />
    </MapTiles>
    <StaticTiles />
  </TransInfo>
  <TransInfo Description="Stars To Sand" HashKey="040E0E040E0E040E0E">
    <MapTiles>
      <MapTile TileID="506" AltIDMod="0" />
      <MapTile TileID="507" AltIDMod="0" />
      <MapTile TileID="508" AltIDMod="0" />
      <MapTile TileID="509" AltIDMod="0" />
      <MapTile TileID="510" AltIDMod="0" />
      <MapTile TileID="511" AltIDMod="0" />
    </MapTiles>
    <StaticTiles>
      <StaticTile TileID="12976" AltIDMod="0" />
      <StaticTile TileID="12977" AltIDMod="0" />
    </StaticTiles>
  </TransInfo>
  <TransInfo Description="Stars To Sand" HashKey="040E040E0E04040E0E">
    <MapTiles>
      <MapTile TileID="22" AltIDMod="0" />
    </MapTiles>
    <StaticTiles />
  </TransInfo>
  <TransInfo Description="Stars To Sand" HashKey="0E0E0E040E0E0E0E04">
    <MapTiles>
      <MapTile TileID="506" AltIDMod="0" />
      <MapTile TileID="507" AltIDMod="0" />
      <MapTile TileID="508" AltIDMod="0" />
      <MapTile TileID="509" AltIDMod="0" />
      <MapTile TileID="510" AltIDMod="0" />
      <MapTile TileID="511" AltIDMod="0" />
    </MapTiles>
    <StaticTiles>
      <StaticTile TileID="12965" AltIDMod="0" />
    </StaticTiles>
  </TransInfo>
  <TransInfo Description="Stars To Sand" HashKey="0E04040E0E040E0E04">
    <MapTiles>
      <MapTile TileID="506" AltIDMod="0" />
      <MapTile TileID="507" AltIDMod="0" />
      <MapTile TileID="508" AltIDMod="0" />
      <MapTile TileID="509" AltIDMod="0" />
      <MapTile TileID="510" AltIDMod="0" />
      <MapTile TileID="511" AltIDMod="0" />
    </MapTiles>
    <StaticTiles>
      <StaticTile TileID="12963" AltIDMod="0" />
    </StaticTiles>
  </TransInfo>
  <TransInfo Description="Stars To Sand" HashKey="040E040E0E040E040E">
    <MapTiles>
      <MapTile TileID="22" AltIDMod="0" />
    </MapTiles>
    <StaticTiles />
  </TransInfo>
  <TransInfo Description="Stars To Sand" HashKey="0E04040E0E0E0E040E">
    <MapTiles>
      <MapTile TileID="22" AltIDMod="0" />
    </MapTiles>
    <StaticTiles />
  </TransInfo>
  <TransInfo Description="Stars To Sand" HashKey="04040E0E0E0E040E04">
    <MapTiles>
      <MapTile TileID="22" AltIDMod="0" />
    </MapTiles>
    <StaticTiles />
  </TransInfo>
  <TransInfo Description="Stars To Sand" HashKey="04040E0E0E0E040E0E">
    <MapTiles>
      <MapTile TileID="506" AltIDMod="0" />
      <MapTile TileID="507" AltIDMod="0" />
      <MapTile TileID="508" AltIDMod="0" />
      <MapTile TileID="509" AltIDMod="0" />
      <MapTile TileID="510" AltIDMod="0" />
      <MapTile TileID="511" AltIDMod="0" />
    </MapTiles>
    <StaticTiles>
      <StaticTile TileID="12964" AltIDMod="0" />
    </StaticTiles>
  </TransInfo>
  <TransInfo Description="Stars To Sand" HashKey="040E040E0E04040404">
    <MapTiles>
      <MapTile TileID="22" AltIDMod="0" />
    </MapTiles>
    <StaticTiles />
  </TransInfo>
  <TransInfo Description="Stars To Sand" HashKey="0E0E0E0E0E0E0E0E04">
    <MapTiles>
      <MapTile TileID="506" AltIDMod="0" />
      <MapTile TileID="507" AltIDMod="0" />
      <MapTile TileID="508" AltIDMod="0" />
      <MapTile TileID="509" AltIDMod="0" />
      <MapTile TileID="510" AltIDMod="0" />
      <MapTile TileID="511" AltIDMod="0" />
    </MapTiles>
    <StaticTiles>
      <StaticTile TileID="12968" AltIDMod="0" />
    </StaticTiles>
  </TransInfo>
  <TransInfo Description="Stars To Sand" HashKey="0404040E0E04040E0E">
    <MapTiles>
      <MapTile TileID="22" AltIDMod="0" />
    </MapTiles>
    <StaticTiles />
  </TransInfo>
  <TransInfo Description="Stars To Sand" HashKey="040E040E0E040E0E04">
    <MapTiles>
      <MapTile TileID="506" AltIDMod="0" />
      <MapTile TileID="507" AltIDMod="0" />
      <MapTile TileID="508" AltIDMod="0" />
      <MapTile TileID="509" AltIDMod="0" />
      <MapTile TileID="510" AltIDMod="0" />
      <MapTile TileID="511" AltIDMod="0" />
    </MapTiles>
    <StaticTiles>
      <StaticTile TileID="12963" AltIDMod="0" />
    </StaticTiles>
  </TransInfo>
  <TransInfo Description="Stars To Sand" HashKey="040E0E0E0E0E040E04">
    <MapTiles>
      <MapTile TileID="506" AltIDMod="0" />
      <MapTile TileID="507" AltIDMod="0" />
      <MapTile TileID="508" AltIDMod="0" />
      <MapTile TileID="509" AltIDMod="0" />
      <MapTile TileID="510" AltIDMod="0" />
      <MapTile TileID="511" AltIDMod="0" />
    </MapTiles>
    <StaticTiles>
      <StaticTile TileID="12965" AltIDMod="0" />
    </StaticTiles>
  </TransInfo>
  <TransInfo Description="Stars To Sand" HashKey="04040E0E0E04040E0E">
    <MapTiles>
      <MapTile TileID="22" AltIDMod="0" />
    </MapTiles>
    <StaticTiles />
  </TransInfo>
  <TransInfo Description="Stars To Sand" HashKey="040E0E0E0E0E0E0404">
    <MapTiles>
      <MapTile TileID="506" AltIDMod="0" />
      <MapTile TileID="507" AltIDMod="0" />
      <MapTile TileID="508" AltIDMod="0" />
      <MapTile TileID="509" AltIDMod="0" />
      <MapTile TileID="510" AltIDMod="0" />
      <MapTile TileID="511" AltIDMod="0" />
    </MapTiles>
    <StaticTiles>
      <StaticTile TileID="12965" AltIDMod="0" />
    </StaticTiles>
  </TransInfo>
  <TransInfo Description="Stars To Sand" HashKey="04040E040E0404040E">
    <MapTiles>
      <MapTile TileID="22" AltIDMod="0" />
    </MapTiles>
    <StaticTiles />
  </TransInfo>
  <TransInfo Description="Stars To Sand" HashKey="0E040E040E04040E04">
    <MapTiles>
      <MapTile TileID="22" AltIDMod="0" />
    </MapTiles>
    <StaticTiles />
  </TransInfo>
  <TransInfo Description="Stars To Sand" HashKey="0E0E0E0E0E0E0E040E">
    <MapTiles>
      <MapTile TileID="506" AltIDMod="0" />
      <MapTile TileID="507" AltIDMod="0" />
      <MapTile TileID="508" AltIDMod="0" />
      <MapTile TileID="509" AltIDMod="0" />
      <MapTile TileID="510" AltIDMod="0" />
      <MapTile TileID="511" AltIDMod="0" />
    </MapTiles>
    <StaticTiles>
      <StaticTile TileID="12975" AltIDMod="0" />
      <StaticTile TileID="12974" AltIDMod="0" />
    </StaticTiles>
  </TransInfo>
  <TransInfo Description="Stars To Sand" HashKey="040404040E0E04040E">
    <MapTiles>
      <MapTile TileID="22" AltIDMod="0" />
    </MapTiles>
    <StaticTiles />
  </TransInfo>
  <TransInfo Description="Stars To Sand" HashKey="0E0404040E0E040E04">
    <MapTiles>
      <MapTile TileID="22" AltIDMod="0" />
    </MapTiles>
    <StaticTiles />
  </TransInfo>
  <TransInfo Description="Stars To Sand" HashKey="0E040E040E040E0404">
    <MapTiles>
      <MapTile TileID="22" AltIDMod="0" />
    </MapTiles>
    <StaticTiles />
  </TransInfo>
  <TransInfo Description="Stars To Sand" HashKey="040E0E0E0E0E04040E">
    <MapTiles>
      <MapTile TileID="506" AltIDMod="0" />
      <MapTile TileID="507" AltIDMod="0" />
      <MapTile TileID="508" AltIDMod="0" />
      <MapTile TileID="509" AltIDMod="0" />
      <MapTile TileID="510" AltIDMod="0" />
      <MapTile TileID="511" AltIDMod="0" />
    </MapTiles>
    <StaticTiles>
      <StaticTile TileID="12965" AltIDMod="0" />
    </StaticTiles>
  </TransInfo>
  <TransInfo Description="Stars To Sand" HashKey="040E04040E040E0E04">
    <MapTiles>
      <MapTile TileID="22" AltIDMod="0" />
    </MapTiles>
    <StaticTiles />
  </TransInfo>
  <TransInfo Description="Stars To Sand" HashKey="04040E0E0E04040404">
    <MapTiles>
      <MapTile TileID="22" AltIDMod="0" />
    </MapTiles>
    <StaticTiles />
  </TransInfo>
  <TransInfo Description="Stars To Sand" HashKey="0E0404040E0E0E0404">
    <MapTiles>
      <MapTile TileID="22" AltIDMod="0" />
    </MapTiles>
    <StaticTiles />
  </TransInfo>
  <TransInfo Description="Stars To Sand" HashKey="040E0E0E0E0E0E0E0E">
    <MapTiles>
      <MapTile TileID="506" AltIDMod="0" />
      <MapTile TileID="507" AltIDMod="0" />
      <MapTile TileID="508" AltIDMod="0" />
      <MapTile TileID="509" AltIDMod="0" />
      <MapTile TileID="510" AltIDMod="0" />
      <MapTile TileID="511" AltIDMod="0" />
    </MapTiles>
    <StaticTiles>
      <StaticTile TileID="12959" AltIDMod="0" />
    </StaticTiles>
  </TransInfo>
  <TransInfo Description="Stars To Sand" HashKey="040404040E0E0E0404">
    <MapTiles>
      <MapTile TileID="22" AltIDMod="0" />
    </MapTiles>
    <StaticTiles />
  </TransInfo>
  <TransInfo Description="Stars To Sand" HashKey="0E040E040E0404040E">
    <MapTiles>
      <MapTile TileID="22" AltIDMod="0" />
    </MapTiles>
    <StaticTiles />
  </TransInfo>
  <TransInfo Description="Stars To Sand" HashKey="0404040E0E0E040404">
    <MapTiles>
      <MapTile TileID="22" AltIDMod="0" />
    </MapTiles>
    <StaticTiles />
  </TransInfo>
  <TransInfo Description="Stars To Sand" HashKey="0E040E040E040E0E0E">
    <MapTiles>
      <MapTile TileID="22" AltIDMod="0" />
    </MapTiles>
    <StaticTiles />
  </TransInfo>
  <TransInfo Description="Stars To Sand" HashKey="0E0404040E0E04040E">
    <MapTiles>
      <MapTile TileID="22" AltIDMod="0" />
    </MapTiles>
    <StaticTiles />
  </TransInfo>
  <TransInfo Description="Stars To Sand" HashKey="0E040E040E0E040E0E">
    <MapTiles>
      <MapTile TileID="506" AltIDMod="0" />
      <MapTile TileID="507" AltIDMod="0" />
      <MapTile TileID="508" AltIDMod="0" />
      <MapTile TileID="509" AltIDMod="0" />
      <MapTile TileID="510" AltIDMod="0" />
      <MapTile TileID="511" AltIDMod="0" />
    </MapTiles>
    <StaticTiles>
      <StaticTile TileID="12964" AltIDMod="0" />
    </StaticTiles>
  </TransInfo>
  <TransInfo Description="Stars To Sand" HashKey="0E0E04040E04040E04">
    <MapTiles>
      <MapTile TileID="22" AltIDMod="0" />
    </MapTiles>
    <StaticTiles />
  </TransInfo>
  <TransInfo Description="Stars To Sand" HashKey="0E0404040E0E0E0E0E">
    <MapTiles>
      <MapTile TileID="506" AltIDMod="0" />
      <MapTile TileID="507" AltIDMod="0" />
      <MapTile TileID="508" AltIDMod="0" />
      <MapTile TileID="509" AltIDMod="0" />
      <MapTile TileID="510" AltIDMod="0" />
      <MapTile TileID="511" AltIDMod="0" />
    </MapTiles>
    <StaticTiles>
      <StaticTile TileID="12964" AltIDMod="0" />
    </StaticTiles>
  </TransInfo>
  <TransInfo Description="Stars To Sand" HashKey="040E0E0E0E040E0E0E">
    <MapTiles>
      <MapTile TileID="506" AltIDMod="0" />
      <MapTile TileID="507" AltIDMod="0" />
      <MapTile TileID="508" AltIDMod="0" />
      <MapTile TileID="509" AltIDMod="0" />
      <MapTile TileID="510" AltIDMod="0" />
      <MapTile TileID="511" AltIDMod="0" />
    </MapTiles>
    <StaticTiles>
      <StaticTile TileID="12963" AltIDMod="0" />
    </StaticTiles>
  </TransInfo>
  <TransInfo Description="Stars To Sand" HashKey="0E0E0E040E0E040E04">
    <MapTiles>
      <MapTile TileID="506" AltIDMod="0" />
      <MapTile TileID="507" AltIDMod="0" />
      <MapTile TileID="508" AltIDMod="0" />
      <MapTile TileID="509" AltIDMod="0" />
      <MapTile TileID="510" AltIDMod="0" />
      <MapTile TileID="511" AltIDMod="0" />
    </MapTiles>
    <StaticTiles>
      <StaticTile TileID="12965" AltIDMod="0" />
    </StaticTiles>
  </TransInfo>
  <TransInfo Description="Stars To Sand" HashKey="0E0E04040E040E0404">
    <MapTiles>
      <MapTile TileID="22" AltIDMod="0" />
    </MapTiles>
    <StaticTiles />
  </TransInfo>
  <TransInfo Description="Stars To Sand" HashKey="0404040E0E0E04040E">
    <MapTiles>
      <MapTile TileID="22" AltIDMod="0" />
    </MapTiles>
    <StaticTiles />
  </TransInfo>
  <TransInfo Description="Stars To Sand" HashKey="040E0E0E0E0404040E">
    <MapTiles>
      <MapTile TileID="22" AltIDMod="0" />
    </MapTiles>
    <StaticTiles />
  </TransInfo>
  <TransInfo Description="Stars To Sand" HashKey="0E0E0E040E0E0E0404">
    <MapTiles>
      <MapTile TileID="506" AltIDMod="0" />
      <MapTile TileID="507" AltIDMod="0" />
      <MapTile TileID="508" AltIDMod="0" />
      <MapTile TileID="509" AltIDMod="0" />
      <MapTile TileID="510" AltIDMod="0" />
      <MapTile TileID="511" AltIDMod="0" />
    </MapTiles>
    <StaticTiles>
      <StaticTile TileID="12965" AltIDMod="0" />
    </StaticTiles>
  </TransInfo>
  <TransInfo Description="Stars To Sand" HashKey="0E040E040E0E0E0E0E">
    <MapTiles>
      <MapTile TileID="506" AltIDMod="0" />
      <MapTile TileID="507" AltIDMod="0" />
      <MapTile TileID="508" AltIDMod="0" />
      <MapTile TileID="509" AltIDMod="0" />
      <MapTile TileID="510" AltIDMod="0" />
      <MapTile TileID="511" AltIDMod="0" />
    </MapTiles>
    <StaticTiles>
      <StaticTile TileID="12964" AltIDMod="0" />
    </StaticTiles>
  </TransInfo>
  <TransInfo Description="Stars To Sand" HashKey="0404040E0E0E0E0E0E">
    <MapTiles>
      <MapTile TileID="506" AltIDMod="0" />
      <MapTile TileID="507" AltIDMod="0" />
      <MapTile TileID="508" AltIDMod="0" />
      <MapTile TileID="509" AltIDMod="0" />
      <MapTile TileID="510" AltIDMod="0" />
      <MapTile TileID="511" AltIDMod="0" />
    </MapTiles>
    <StaticTiles>
      <StaticTile TileID="12973" AltIDMod="0" />
      <StaticTile TileID="12972" AltIDMod="0" />
    </StaticTiles>
  </TransInfo>
  <TransInfo Description="Stars To Sand" HashKey="04040E0E0E0E04040E">
    <MapTiles>
      <MapTile TileID="22" AltIDMod="0" />
    </MapTiles>
    <StaticTiles />
  </TransInfo>
  <TransInfo Description="Stars To Sand" HashKey="0E0E04040E0404040E">
    <MapTiles>
      <MapTile TileID="22" AltIDMod="0" />
    </MapTiles>
    <StaticTiles />
  </TransInfo>
  <TransInfo Description="Stars To Sand" HashKey="0E0404040E040E0E0E">
    <MapTiles>
      <MapTile TileID="22" AltIDMod="0" />
    </MapTiles>
    <StaticTiles />
  </TransInfo>
  <TransInfo Description="Stars To Sand" HashKey="0E040E040E0E04040E">
    <MapTiles>
      <MapTile TileID="22" AltIDMod="0" />
    </MapTiles>
    <StaticTiles />
  </TransInfo>
  <TransInfo Description="Stars To Sand" HashKey="040E0E0E0E040E0404">
    <MapTiles>
      <MapTile TileID="22" AltIDMod="0" />
    </MapTiles>
    <StaticTiles />
  </TransInfo>
  <TransInfo Description="Stars To Sand" HashKey="0E0E0E040E0E04040E">
    <MapTiles>
      <MapTile TileID="506" AltIDMod="0" />
      <MapTile TileID="507" AltIDMod="0" />
      <MapTile TileID="508" AltIDMod="0" />
      <MapTile TileID="509" AltIDMod="0" />
      <MapTile TileID="510" AltIDMod="0" />
      <MapTile TileID="511" AltIDMod="0" />
    </MapTiles>
    <StaticTiles>
      <StaticTile TileID="12965" AltIDMod="0" />
    </StaticTiles>
  </TransInfo>
  <TransInfo Description="Stars To Sand" HashKey="0E0E04040E040E0E0E">
    <MapTiles>
      <MapTile TileID="22" AltIDMod="0" />
    </MapTiles>
    <StaticTiles />
  </TransInfo>
  <TransInfo Description="Stars To Sand" HashKey="0E0404040E0404040E">
    <MapTiles>
      <MapTile TileID="22" AltIDMod="0" />
    </MapTiles>
    <StaticTiles />
  </TransInfo>
  <TransInfo Description="Stars To Sand" HashKey="040E040E0E04040E04">
    <MapTiles>
      <MapTile TileID="22" AltIDMod="0" />
    </MapTiles>
    <StaticTiles />
  </TransInfo>
</Trans>