﻿<?xml version="1.0" encoding="utf-8"?>
<Trans>
    <TransInfo Description="Dark Wooden Floor(EW) to Rock" HashKey="121212191919191919">
    <MapTiles>
      <MapTile TileID="1206" AltIDMod="0" />
    </MapTiles>
    <StaticTiles />
  </TransInfo>
  <TransInfo Description="Dark Wooden Floor(EW) to Rock" HashKey="191212191919191919">
    <MapTiles>
      <MapTile TileID="1206" AltIDMod="0" />
    </MapTiles>
    <StaticTiles />
  </TransInfo>
  <TransInfo Description="Dark Wooden Floor(EW) to Rock" HashKey="121219191919191919">
    <MapTiles>
      <MapTile TileID="1206" AltIDMod="0" />
    </MapTiles>
    <StaticTiles />
  </TransInfo>
  <TransInfo Description="Dark Wooden Floor(EW) to Rock" HashKey="191219191919191919">
    <MapTiles>
      <MapTile TileID="1206" AltIDMod="0" />
    </MapTiles>
    <StaticTiles />
  </TransInfo>
  <TransInfo Description="Dark Wooden Floor(EW) to Rock" HashKey="121912191919191919">
    <MapTiles>
      <MapTile TileID="1206" AltIDMod="0" />
    </MapTiles>
    <StaticTiles />
  </TransInfo>
  <TransInfo Description="Dark Wooden Floor(EW) to Rock" HashKey="121919121919121919">
    <MapTiles>
      <MapTile TileID="1203" AltIDMod="0" />
    </MapTiles>
    <StaticTiles />
  </TransInfo>
  <TransInfo Description="Dark Wooden Floor(EW) to Rock" HashKey="121919121919191919">
    <MapTiles>
      <MapTile TileID="1203" AltIDMod="0" />
    </MapTiles>
    <StaticTiles />
  </TransInfo>
  <TransInfo Description="Dark Wooden Floor(EW) to Rock" HashKey="191919121919121919">
    <MapTiles>
      <MapTile TileID="1203" AltIDMod="0" />
    </MapTiles>
    <StaticTiles />
  </TransInfo>
  <TransInfo Description="Dark Wooden Floor(EW) to Rock" HashKey="191919121919191919">
    <MapTiles>
      <MapTile TileID="1203" AltIDMod="0" />
    </MapTiles>
    <StaticTiles />
  </TransInfo>
  <TransInfo Description="Dark Wooden Floor(EW) to Rock" HashKey="121919191919121919">
    <MapTiles>
      <MapTile TileID="1203" AltIDMod="0" />
    </MapTiles>
    <StaticTiles />
  </TransInfo>
  <TransInfo Description="Dark Wooden Floor(EW) to Rock" HashKey="191912191912191912">
    <MapTiles>
      <MapTile TileID="1205" AltIDMod="0" />
    </MapTiles>
    <StaticTiles />
  </TransInfo>
  <TransInfo Description="Dark Wooden Floor(EW) to Rock" HashKey="191919191912191912">
    <MapTiles>
      <MapTile TileID="1205" AltIDMod="0" />
    </MapTiles>
    <StaticTiles />
  </TransInfo>
  <TransInfo Description="Dark Wooden Floor(EW) to Rock" HashKey="191912191912191919">
    <MapTiles>
      <MapTile TileID="1205" AltIDMod="0" />
    </MapTiles>
    <StaticTiles />
  </TransInfo>
  <TransInfo Description="Dark Wooden Floor(EW) to Rock" HashKey="191919191912191919">
    <MapTiles>
      <MapTile TileID="1205" AltIDMod="0" />
    </MapTiles>
    <StaticTiles />
  </TransInfo>
  <TransInfo Description="Dark Wooden Floor(EW) to Rock" HashKey="191912191919191912">
    <MapTiles>
      <MapTile TileID="1205" AltIDMod="0" />
    </MapTiles>
    <StaticTiles />
  </TransInfo>
  <TransInfo Description="Dark Wooden Floor(EW) to Rock" HashKey="191919191919121212">
    <MapTiles>
      <MapTile TileID="1204" AltIDMod="0" />
    </MapTiles>
    <StaticTiles />
  </TransInfo>
  <TransInfo Description="Dark Wooden Floor(EW) to Rock" HashKey="191919191919121219">
    <MapTiles>
      <MapTile TileID="1204" AltIDMod="0" />
    </MapTiles>
    <StaticTiles />
  </TransInfo>
  <TransInfo Description="Dark Wooden Floor(EW) to Rock" HashKey="191919191919191212">
    <MapTiles>
      <MapTile TileID="1204" AltIDMod="0" />
    </MapTiles>
    <StaticTiles />
  </TransInfo>
  <TransInfo Description="Dark Wooden Floor(EW) to Rock" HashKey="191919191919191219">
    <MapTiles>
      <MapTile TileID="1204" AltIDMod="0" />
    </MapTiles>
    <StaticTiles />
  </TransInfo>
  <TransInfo Description="Dark Wooden Floor(EW) to Rock" HashKey="191919191919121912">
    <MapTiles>
      <MapTile TileID="1204" AltIDMod="0" />
    </MapTiles>
    <StaticTiles />
  </TransInfo>
  <TransInfo Description="Dark Wooden Floor(EW) to Rock" HashKey="191912191912121212">
    <MapTiles>
      <MapTile TileID="1207" AltIDMod="0" />
    </MapTiles>
    <StaticTiles />
  </TransInfo>
  <TransInfo Description="Dark Wooden Floor(EW) to Rock" HashKey="191919191912121212">
    <MapTiles>
      <MapTile TileID="1207" AltIDMod="0" />
    </MapTiles>
    <StaticTiles />
  </TransInfo>
  <TransInfo Description="Dark Wooden Floor(EW) to Rock" HashKey="191912191912191212">
    <MapTiles>
      <MapTile TileID="1207" AltIDMod="0" />
    </MapTiles>
    <StaticTiles />
  </TransInfo>
  <TransInfo Description="Dark Wooden Floor(EW) to Rock" HashKey="191919191912191212">
    <MapTiles>
      <MapTile TileID="1207" AltIDMod="0" />
    </MapTiles>
    <StaticTiles />
  </TransInfo>
  <TransInfo Description="Dark Wooden Floor(EW) to Rock" HashKey="191919191912191219">
    <MapTiles>
      <MapTile TileID="1207" AltIDMod="0" />
    </MapTiles>
    <StaticTiles />
  </TransInfo>
  <TransInfo Description="Dark Wooden Floor(EW) to Rock" HashKey="191912191919191212">
    <MapTiles>
      <MapTile TileID="1207" AltIDMod="0" />
    </MapTiles>
    <StaticTiles />
  </TransInfo>
  <TransInfo Description="Dark Wooden Floor(EW) to Rock" HashKey="191912191919121212">
    <MapTiles>
      <MapTile TileID="1207" AltIDMod="0" />
    </MapTiles>
    <StaticTiles />
  </TransInfo>
  <TransInfo Description="Dark Wooden Floor(EW) to Rock" HashKey="191912191919121219">
    <MapTiles>
      <MapTile TileID="1207" AltIDMod="0" />
    </MapTiles>
    <StaticTiles />
  </TransInfo>
  <TransInfo Description="Dark Wooden Floor(EW) to Rock" HashKey="191919191912121912">
    <MapTiles>
      <MapTile TileID="1207" AltIDMod="0" />
    </MapTiles>
    <StaticTiles />
  </TransInfo>
  <TransInfo Description="Dark Wooden Floor(EW) to Rock" HashKey="191912191912121912">
    <MapTiles>
      <MapTile TileID="1207" AltIDMod="0" />
    </MapTiles>
    <StaticTiles />
  </TransInfo>
  <TransInfo Description="Dark Wooden Floor(EW) to Rock" HashKey="191912191912121219">
    <MapTiles>
      <MapTile TileID="1207" AltIDMod="0" />
    </MapTiles>
    <StaticTiles />
  </TransInfo>
  <TransInfo Description="Dark Wooden Floor(EW) to Rock" HashKey="191912191912121919">
    <MapTiles>
      <MapTile TileID="1207" AltIDMod="0" />
    </MapTiles>
    <StaticTiles />
  </TransInfo>
  <TransInfo Description="Dark Wooden Floor(EW) to Rock" HashKey="191912191919191219">
    <MapTiles>
      <MapTile TileID="1207" AltIDMod="0" />
    </MapTiles>
    <StaticTiles />
  </TransInfo>
  <TransInfo Description="Dark Wooden Floor(EW) to Rock" HashKey="191919191912121919">
    <MapTiles>
      <MapTile TileID="1207" AltIDMod="0" />
    </MapTiles>
    <StaticTiles />
  </TransInfo>
  <TransInfo Description="Dark Wooden Floor(EW) to Rock" HashKey="191912191912191219">
    <MapTiles>
      <MapTile TileID="1207" AltIDMod="0" />
    </MapTiles>
    <StaticTiles />
  </TransInfo>
  <TransInfo Description="Dark Wooden Floor(EW) to Rock" HashKey="191912191919121912">
    <MapTiles>
      <MapTile TileID="1207" AltIDMod="0" />
    </MapTiles>
    <StaticTiles />
  </TransInfo>
  <TransInfo Description="Dark Wooden Floor(EW) to Rock" HashKey="191919191912121219">
    <MapTiles>
      <MapTile TileID="1207" AltIDMod="0" />
    </MapTiles>
    <StaticTiles />
  </TransInfo>
  <TransInfo Description="Dark Wooden Floor(EW) to Rock" HashKey="121212121919121919">
    <MapTiles>
      <MapTile TileID="1210" AltIDMod="0" />
    </MapTiles>
    <StaticTiles />
  </TransInfo>
  <TransInfo Description="Dark Wooden Floor(EW) to Rock" HashKey="121219121919121919">
    <MapTiles>
      <MapTile TileID="1210" AltIDMod="0" />
    </MapTiles>
    <StaticTiles />
  </TransInfo>
  <TransInfo Description="Dark Wooden Floor(EW) to Rock" HashKey="121212121919191919">
    <MapTiles>
      <MapTile TileID="1210" AltIDMod="0" />
    </MapTiles>
    <StaticTiles />
  </TransInfo>
  <TransInfo Description="Dark Wooden Floor(EW) to Rock" HashKey="121219121919191919">
    <MapTiles>
      <MapTile TileID="1210" AltIDMod="0" />
    </MapTiles>
    <StaticTiles />
  </TransInfo>
  <TransInfo Description="Dark Wooden Floor(EW) to Rock" HashKey="121912121919191919">
    <MapTiles>
      <MapTile TileID="1210" AltIDMod="0" />
    </MapTiles>
    <StaticTiles />
  </TransInfo>
  <TransInfo Description="Dark Wooden Floor(EW) to Rock" HashKey="121219191919121919">
    <MapTiles>
      <MapTile TileID="1210" AltIDMod="0" />
    </MapTiles>
    <StaticTiles />
  </TransInfo>
  <TransInfo Description="Dark Wooden Floor(EW) to Rock" HashKey="191212191919121919">
    <MapTiles>
      <MapTile TileID="1210" AltIDMod="0" />
    </MapTiles>
    <StaticTiles />
  </TransInfo>
  <TransInfo Description="Dark Wooden Floor(EW) to Rock" HashKey="121912191919121919">
    <MapTiles>
      <MapTile TileID="1210" AltIDMod="0" />
    </MapTiles>
    <StaticTiles />
  </TransInfo>
  <TransInfo Description="Dark Wooden Floor(EW) to Rock" HashKey="121212191919121919">
    <MapTiles>
      <MapTile TileID="1210" AltIDMod="0" />
    </MapTiles>
    <StaticTiles />
  </TransInfo>
  <TransInfo Description="Dark Wooden Floor(EW) to Rock" HashKey="191219121919191919">
    <MapTiles>
      <MapTile TileID="1210" AltIDMod="0" />
    </MapTiles>
    <StaticTiles />
  </TransInfo>
  <TransInfo Description="Dark Wooden Floor(EW) to Rock" HashKey="121912121919121919">
    <MapTiles>
      <MapTile TileID="1210" AltIDMod="0" />
    </MapTiles>
    <StaticTiles />
  </TransInfo>
  <TransInfo Description="Dark Wooden Floor(EW) to Rock" HashKey="191912121919121919">
    <MapTiles>
      <MapTile TileID="1210" AltIDMod="0" />
    </MapTiles>
    <StaticTiles />
  </TransInfo>
  <TransInfo Description="Dark Wooden Floor(EW) to Rock" HashKey="191212121919121919">
    <MapTiles>
      <MapTile TileID="1210" AltIDMod="0" />
    </MapTiles>
    <StaticTiles />
  </TransInfo>
  <TransInfo Description="Dark Wooden Floor(EW) to Rock" HashKey="191912121919191919">
    <MapTiles>
      <MapTile TileID="1210" AltIDMod="0" />
    </MapTiles>
    <StaticTiles />
  </TransInfo>
  <TransInfo Description="Dark Wooden Floor(EW) to Rock" HashKey="191219121919121919">
    <MapTiles>
      <MapTile TileID="1210" AltIDMod="0" />
    </MapTiles>
    <StaticTiles />
  </TransInfo>
  <TransInfo Description="Dark Wooden Floor(EW) to Rock" HashKey="191219191919121919">
    <MapTiles>
      <MapTile TileID="1210" AltIDMod="0" />
    </MapTiles>
    <StaticTiles />
  </TransInfo>
  <TransInfo Description="Dark Wooden Floor(EW) to Rock" HashKey="191212121919191919">
    <MapTiles>
      <MapTile TileID="1210" AltIDMod="0" />
    </MapTiles>
    <StaticTiles />
  </TransInfo>
  <TransInfo Description="Dark Wooden Floor(EW) to Rock" HashKey="121919121919121212">
    <MapTiles>
      <MapTile TileID="1208" AltIDMod="0" />
    </MapTiles>
    <StaticTiles />
  </TransInfo>
  <TransInfo Description="Dark Wooden Floor(EW) to Rock" HashKey="191919121919121212">
    <MapTiles>
      <MapTile TileID="1208" AltIDMod="0" />
    </MapTiles>
    <StaticTiles />
  </TransInfo>
  <TransInfo Description="Dark Wooden Floor(EW) to Rock" HashKey="121919121919121219">
    <MapTiles>
      <MapTile TileID="1208" AltIDMod="0" />
    </MapTiles>
    <StaticTiles />
  </TransInfo>
  <TransInfo Description="Dark Wooden Floor(EW) to Rock" HashKey="191919121919121219">
    <MapTiles>
      <MapTile TileID="1208" AltIDMod="0" />
    </MapTiles>
    <StaticTiles />
  </TransInfo>
  <TransInfo Description="Dark Wooden Floor(EW) to Rock" HashKey="191919121919191219">
    <MapTiles>
      <MapTile TileID="1208" AltIDMod="0" />
    </MapTiles>
    <StaticTiles />
  </TransInfo>
  <TransInfo Description="Dark Wooden Floor(EW) to Rock" HashKey="121919121919191912">
    <MapTiles>
      <MapTile TileID="1208" AltIDMod="0" />
    </MapTiles>
    <StaticTiles />
  </TransInfo>
  <TransInfo Description="Dark Wooden Floor(EW) to Rock" HashKey="121919191919121212">
    <MapTiles>
      <MapTile TileID="1208" AltIDMod="0" />
    </MapTiles>
    <StaticTiles />
  </TransInfo>
  <TransInfo Description="Dark Wooden Floor(EW) to Rock" HashKey="121919191919121219">
    <MapTiles>
      <MapTile TileID="1208" AltIDMod="0" />
    </MapTiles>
    <StaticTiles />
  </TransInfo>
  <TransInfo Description="Dark Wooden Floor(EW) to Rock" HashKey="121919191919191219">
    <MapTiles>
      <MapTile TileID="1208" AltIDMod="0" />
    </MapTiles>
    <StaticTiles />
  </TransInfo>
  <TransInfo Description="Dark Wooden Floor(EW) to Rock" HashKey="191919121919121912">
    <MapTiles>
      <MapTile TileID="1208" AltIDMod="0" />
    </MapTiles>
    <StaticTiles />
  </TransInfo>
  <TransInfo Description="Dark Wooden Floor(EW) to Rock" HashKey="121919121919121912">
    <MapTiles>
      <MapTile TileID="1208" AltIDMod="0" />
    </MapTiles>
    <StaticTiles />
  </TransInfo>
  <TransInfo Description="Dark Wooden Floor(EW) to Rock" HashKey="121919191919191212">
    <MapTiles>
      <MapTile TileID="1208" AltIDMod="0" />
    </MapTiles>
    <StaticTiles />
  </TransInfo>
  <TransInfo Description="Dark Wooden Floor(EW) to Rock" HashKey="121919121919191212">
    <MapTiles>
      <MapTile TileID="1208" AltIDMod="0" />
    </MapTiles>
    <StaticTiles />
  </TransInfo>
  <TransInfo Description="Dark Wooden Floor(EW) to Rock" HashKey="191919121919191212">
    <MapTiles>
      <MapTile TileID="1208" AltIDMod="0" />
    </MapTiles>
    <StaticTiles />
  </TransInfo>
  <TransInfo Description="Dark Wooden Floor(EW) to Rock" HashKey="191919121919191912">
    <MapTiles>
      <MapTile TileID="1208" AltIDMod="0" />
    </MapTiles>
    <StaticTiles />
  </TransInfo>
  <TransInfo Description="Dark Wooden Floor(EW) to Rock" HashKey="121919191919121912">
    <MapTiles>
      <MapTile TileID="1208" AltIDMod="0" />
    </MapTiles>
    <StaticTiles />
  </TransInfo>
  <TransInfo Description="Dark Wooden Floor(EW) to Rock" HashKey="121919121919191219">
    <MapTiles>
      <MapTile TileID="1208" AltIDMod="0" />
    </MapTiles>
    <StaticTiles />
  </TransInfo>
  <TransInfo Description="Dark Wooden Floor(EW) to Rock" HashKey="121212191912191912">
    <MapTiles>
      <MapTile TileID="1209" AltIDMod="0" />
    </MapTiles>
    <StaticTiles />
  </TransInfo>
  <TransInfo Description="Dark Wooden Floor(EW) to Rock" HashKey="121212191912191919">
    <MapTiles>
      <MapTile TileID="1209" AltIDMod="0" />
    </MapTiles>
    <StaticTiles />
  </TransInfo>
  <TransInfo Description="Dark Wooden Floor(EW) to Rock" HashKey="191212191912191912">
    <MapTiles>
      <MapTile TileID="1209" AltIDMod="0" />
    </MapTiles>
    <StaticTiles />
  </TransInfo>
  <TransInfo Description="Dark Wooden Floor(EW) to Rock" HashKey="191212191912191919">
    <MapTiles>
      <MapTile TileID="1209" AltIDMod="0" />
    </MapTiles>
    <StaticTiles />
  </TransInfo>
  <TransInfo Description="Dark Wooden Floor(EW) to Rock" HashKey="121919191912191912">
    <MapTiles>
      <MapTile TileID="1209" AltIDMod="0" />
    </MapTiles>
    <StaticTiles />
  </TransInfo>
  <TransInfo Description="Dark Wooden Floor(EW) to Rock" HashKey="121912191912191919">
    <MapTiles>
      <MapTile TileID="1209" AltIDMod="0" />
    </MapTiles>
    <StaticTiles />
  </TransInfo>
  <TransInfo Description="Dark Wooden Floor(EW) to Rock" HashKey="121912191912191912">
    <MapTiles>
      <MapTile TileID="1209" AltIDMod="0" />
    </MapTiles>
    <StaticTiles />
  </TransInfo>
  <TransInfo Description="Dark Wooden Floor(EW) to Rock" HashKey="121219191919191912">
    <MapTiles>
      <MapTile TileID="1209" AltIDMod="0" />
    </MapTiles>
    <StaticTiles />
  </TransInfo>
  <TransInfo Description="Dark Wooden Floor(EW) to Rock" HashKey="191219191919191912">
    <MapTiles>
      <MapTile TileID="1209" AltIDMod="0" />
    </MapTiles>
    <StaticTiles />
  </TransInfo>
  <TransInfo Description="Dark Wooden Floor(EW) to Rock" HashKey="121212191919191912">
    <MapTiles>
      <MapTile TileID="1209" AltIDMod="0" />
    </MapTiles>
    <StaticTiles />
  </TransInfo>
  <TransInfo Description="Dark Wooden Floor(EW) to Rock" HashKey="121219191912191919">
    <MapTiles>
      <MapTile TileID="1209" AltIDMod="0" />
    </MapTiles>
    <StaticTiles />
  </TransInfo>
  <TransInfo Description="Dark Wooden Floor(EW) to Rock" HashKey="191212191919191912">
    <MapTiles>
      <MapTile TileID="1209" AltIDMod="0" />
    </MapTiles>
    <StaticTiles />
  </TransInfo>
  <TransInfo Description="Dark Wooden Floor(EW) to Rock" HashKey="191219191912191919">
    <MapTiles>
      <MapTile TileID="1209" AltIDMod="0" />
    </MapTiles>
    <StaticTiles />
  </TransInfo>
  <TransInfo Description="Dark Wooden Floor(EW) to Rock" HashKey="121919191912191919">
    <MapTiles>
      <MapTile TileID="1209" AltIDMod="0" />
    </MapTiles>
    <StaticTiles />
  </TransInfo>
  <TransInfo Description="Dark Wooden Floor(EW) to Rock" HashKey="121912191919191912">
    <MapTiles>
      <MapTile TileID="1209" AltIDMod="0" />
    </MapTiles>
    <StaticTiles />
  </TransInfo>
  <TransInfo Description="Dark Wooden Floor(EW) to Rock" HashKey="191219191912191912">
    <MapTiles>
      <MapTile TileID="1209" AltIDMod="0" />
    </MapTiles>
    <StaticTiles />
  </TransInfo>
  <TransInfo Description="Dark Wooden Floor(EW) to Rock" HashKey="121219191912191912">
    <MapTiles>
      <MapTile TileID="1209" AltIDMod="0" />
    </MapTiles>
    <StaticTiles />
  </TransInfo>
  <TransInfo Description="Dark Wooden Floor(EW) to Rock" HashKey="121919191919191919">
    <MapTiles>
      <MapTile TileID="1211" AltIDMod="0" />
    </MapTiles>
    <StaticTiles />
  </TransInfo>
  <TransInfo Description="Dark Wooden Floor(EW) to Rock" HashKey="191919191919191912">
    <MapTiles>
      <MapTile TileID="1221" AltIDMod="0" />
    </MapTiles>
    <StaticTiles />
  </TransInfo>
  <TransInfo Description="Dark Wooden Floor(EW) to Rock" HashKey="191912191919191919">
    <MapTiles>
      <MapTile TileID="1031" AltIDMod="0" />
    </MapTiles>
    <StaticTiles />
  </TransInfo>
  <TransInfo Description="Dark Wooden Floor(EW) to Rock" HashKey="191919191919121919">
    <MapTiles>
      <MapTile TileID="1032" AltIDMod="0" />
    </MapTiles>
    <StaticTiles />
  </TransInfo>
</Trans>