﻿<?xml version="1.0" encoding="utf-8"?>
<Trans>
    <TransInfo Description="Dark Wooden Floor(EW) to Cobblestones" HashKey="181818191919191919">
    <MapTiles>
      <MapTile TileID="1206" AltIDMod="0" />
    </MapTiles>
    <StaticTiles />
  </TransInfo>
  <TransInfo Description="Dark Wooden Floor(EW) to Cobblestones" HashKey="191818191919191919">
    <MapTiles>
      <MapTile TileID="1206" AltIDMod="0" />
    </MapTiles>
    <StaticTiles />
  </TransInfo>
  <TransInfo Description="Dark Wooden Floor(EW) to Cobblestones" HashKey="181819191919191919">
    <MapTiles>
      <MapTile TileID="1206" AltIDMod="0" />
    </MapTiles>
    <StaticTiles />
  </TransInfo>
  <TransInfo Description="Dark Wooden Floor(EW) to Cobblestones" HashKey="191819191919191919">
    <MapTiles>
      <MapTile TileID="1206" AltIDMod="0" />
    </MapTiles>
    <StaticTiles />
  </TransInfo>
  <TransInfo Description="Dark Wooden Floor(EW) to Cobblestones" HashKey="181918191919191919">
    <MapTiles>
      <MapTile TileID="1206" AltIDMod="0" />
    </MapTiles>
    <StaticTiles />
  </TransInfo>
  <TransInfo Description="Dark Wooden Floor(EW) to Cobblestones" HashKey="181919181919181919">
    <MapTiles>
      <MapTile TileID="1203" AltIDMod="0" />
    </MapTiles>
    <StaticTiles />
  </TransInfo>
  <TransInfo Description="Dark Wooden Floor(EW) to Cobblestones" HashKey="181919181919191919">
    <MapTiles>
      <MapTile TileID="1203" AltIDMod="0" />
    </MapTiles>
    <StaticTiles />
  </TransInfo>
  <TransInfo Description="Dark Wooden Floor(EW) to Cobblestones" HashKey="191919181919181919">
    <MapTiles>
      <MapTile TileID="1203" AltIDMod="0" />
    </MapTiles>
    <StaticTiles />
  </TransInfo>
  <TransInfo Description="Dark Wooden Floor(EW) to Cobblestones" HashKey="191919181919191919">
    <MapTiles>
      <MapTile TileID="1203" AltIDMod="0" />
    </MapTiles>
    <StaticTiles />
  </TransInfo>
  <TransInfo Description="Dark Wooden Floor(EW) to Cobblestones" HashKey="181919191919181919">
    <MapTiles>
      <MapTile TileID="1203" AltIDMod="0" />
    </MapTiles>
    <StaticTiles />
  </TransInfo>
  <TransInfo Description="Dark Wooden Floor(EW) to Cobblestones" HashKey="191918191918191918">
    <MapTiles>
      <MapTile TileID="1205" AltIDMod="0" />
    </MapTiles>
    <StaticTiles />
  </TransInfo>
  <TransInfo Description="Dark Wooden Floor(EW) to Cobblestones" HashKey="191919191918191918">
    <MapTiles>
      <MapTile TileID="1205" AltIDMod="0" />
    </MapTiles>
    <StaticTiles />
  </TransInfo>
  <TransInfo Description="Dark Wooden Floor(EW) to Cobblestones" HashKey="191918191918191919">
    <MapTiles>
      <MapTile TileID="1205" AltIDMod="0" />
    </MapTiles>
    <StaticTiles />
  </TransInfo>
  <TransInfo Description="Dark Wooden Floor(EW) to Cobblestones" HashKey="191919191918191919">
    <MapTiles>
      <MapTile TileID="1205" AltIDMod="0" />
    </MapTiles>
    <StaticTiles />
  </TransInfo>
  <TransInfo Description="Dark Wooden Floor(EW) to Cobblestones" HashKey="191918191919191918">
    <MapTiles>
      <MapTile TileID="1205" AltIDMod="0" />
    </MapTiles>
    <StaticTiles />
  </TransInfo>
  <TransInfo Description="Dark Wooden Floor(EW) to Cobblestones" HashKey="191919191919181818">
    <MapTiles>
      <MapTile TileID="1204" AltIDMod="0" />
    </MapTiles>
    <StaticTiles />
  </TransInfo>
  <TransInfo Description="Dark Wooden Floor(EW) to Cobblestones" HashKey="191919191919181819">
    <MapTiles>
      <MapTile TileID="1204" AltIDMod="0" />
    </MapTiles>
    <StaticTiles />
  </TransInfo>
  <TransInfo Description="Dark Wooden Floor(EW) to Cobblestones" HashKey="191919191919191818">
    <MapTiles>
      <MapTile TileID="1204" AltIDMod="0" />
    </MapTiles>
    <StaticTiles />
  </TransInfo>
  <TransInfo Description="Dark Wooden Floor(EW) to Cobblestones" HashKey="191919191919191819">
    <MapTiles>
      <MapTile TileID="1204" AltIDMod="0" />
    </MapTiles>
    <StaticTiles />
  </TransInfo>
  <TransInfo Description="Dark Wooden Floor(EW) to Cobblestones" HashKey="191919191919181918">
    <MapTiles>
      <MapTile TileID="1204" AltIDMod="0" />
    </MapTiles>
    <StaticTiles />
  </TransInfo>
  <TransInfo Description="Dark Wooden Floor(EW) to Cobblestones" HashKey="191918191918181818">
    <MapTiles>
      <MapTile TileID="1207" AltIDMod="0" />
    </MapTiles>
    <StaticTiles />
  </TransInfo>
  <TransInfo Description="Dark Wooden Floor(EW) to Cobblestones" HashKey="191919191918181818">
    <MapTiles>
      <MapTile TileID="1207" AltIDMod="0" />
    </MapTiles>
    <StaticTiles />
  </TransInfo>
  <TransInfo Description="Dark Wooden Floor(EW) to Cobblestones" HashKey="191918191918191818">
    <MapTiles>
      <MapTile TileID="1207" AltIDMod="0" />
    </MapTiles>
    <StaticTiles />
  </TransInfo>
  <TransInfo Description="Dark Wooden Floor(EW) to Cobblestones" HashKey="191919191918191818">
    <MapTiles>
      <MapTile TileID="1207" AltIDMod="0" />
    </MapTiles>
    <StaticTiles />
  </TransInfo>
  <TransInfo Description="Dark Wooden Floor(EW) to Cobblestones" HashKey="191919191918191819">
    <MapTiles>
      <MapTile TileID="1207" AltIDMod="0" />
    </MapTiles>
    <StaticTiles />
  </TransInfo>
  <TransInfo Description="Dark Wooden Floor(EW) to Cobblestones" HashKey="191918191919191818">
    <MapTiles>
      <MapTile TileID="1207" AltIDMod="0" />
    </MapTiles>
    <StaticTiles />
  </TransInfo>
  <TransInfo Description="Dark Wooden Floor(EW) to Cobblestones" HashKey="191918191919181818">
    <MapTiles>
      <MapTile TileID="1207" AltIDMod="0" />
    </MapTiles>
    <StaticTiles />
  </TransInfo>
  <TransInfo Description="Dark Wooden Floor(EW) to Cobblestones" HashKey="191918191919181819">
    <MapTiles>
      <MapTile TileID="1207" AltIDMod="0" />
    </MapTiles>
    <StaticTiles />
  </TransInfo>
  <TransInfo Description="Dark Wooden Floor(EW) to Cobblestones" HashKey="191919191918181918">
    <MapTiles>
      <MapTile TileID="1207" AltIDMod="0" />
    </MapTiles>
    <StaticTiles />
  </TransInfo>
  <TransInfo Description="Dark Wooden Floor(EW) to Cobblestones" HashKey="191918191918181918">
    <MapTiles>
      <MapTile TileID="1207" AltIDMod="0" />
    </MapTiles>
    <StaticTiles />
  </TransInfo>
  <TransInfo Description="Dark Wooden Floor(EW) to Cobblestones" HashKey="191918191918181819">
    <MapTiles>
      <MapTile TileID="1207" AltIDMod="0" />
    </MapTiles>
    <StaticTiles />
  </TransInfo>
  <TransInfo Description="Dark Wooden Floor(EW) to Cobblestones" HashKey="191918191918181919">
    <MapTiles>
      <MapTile TileID="1207" AltIDMod="0" />
    </MapTiles>
    <StaticTiles />
  </TransInfo>
  <TransInfo Description="Dark Wooden Floor(EW) to Cobblestones" HashKey="191918191919191819">
    <MapTiles>
      <MapTile TileID="1207" AltIDMod="0" />
    </MapTiles>
    <StaticTiles />
  </TransInfo>
  <TransInfo Description="Dark Wooden Floor(EW) to Cobblestones" HashKey="191919191918181919">
    <MapTiles>
      <MapTile TileID="1207" AltIDMod="0" />
    </MapTiles>
    <StaticTiles />
  </TransInfo>
  <TransInfo Description="Dark Wooden Floor(EW) to Cobblestones" HashKey="191918191918191819">
    <MapTiles>
      <MapTile TileID="1207" AltIDMod="0" />
    </MapTiles>
    <StaticTiles />
  </TransInfo>
  <TransInfo Description="Dark Wooden Floor(EW) to Cobblestones" HashKey="191918191919181918">
    <MapTiles>
      <MapTile TileID="1207" AltIDMod="0" />
    </MapTiles>
    <StaticTiles />
  </TransInfo>
  <TransInfo Description="Dark Wooden Floor(EW) to Cobblestones" HashKey="191919191918181819">
    <MapTiles>
      <MapTile TileID="1207" AltIDMod="0" />
    </MapTiles>
    <StaticTiles />
  </TransInfo>
  <TransInfo Description="Dark Wooden Floor(EW) to Cobblestones" HashKey="181818181919181919">
    <MapTiles>
      <MapTile TileID="1210" AltIDMod="0" />
    </MapTiles>
    <StaticTiles />
  </TransInfo>
  <TransInfo Description="Dark Wooden Floor(EW) to Cobblestones" HashKey="181819181919181919">
    <MapTiles>
      <MapTile TileID="1210" AltIDMod="0" />
    </MapTiles>
    <StaticTiles />
  </TransInfo>
  <TransInfo Description="Dark Wooden Floor(EW) to Cobblestones" HashKey="181818181919191919">
    <MapTiles>
      <MapTile TileID="1210" AltIDMod="0" />
    </MapTiles>
    <StaticTiles />
  </TransInfo>
  <TransInfo Description="Dark Wooden Floor(EW) to Cobblestones" HashKey="181819181919191919">
    <MapTiles>
      <MapTile TileID="1210" AltIDMod="0" />
    </MapTiles>
    <StaticTiles />
  </TransInfo>
  <TransInfo Description="Dark Wooden Floor(EW) to Cobblestones" HashKey="181918181919191919">
    <MapTiles>
      <MapTile TileID="1210" AltIDMod="0" />
    </MapTiles>
    <StaticTiles />
  </TransInfo>
  <TransInfo Description="Dark Wooden Floor(EW) to Cobblestones" HashKey="181819191919181919">
    <MapTiles>
      <MapTile TileID="1210" AltIDMod="0" />
    </MapTiles>
    <StaticTiles />
  </TransInfo>
  <TransInfo Description="Dark Wooden Floor(EW) to Cobblestones" HashKey="191818191919181919">
    <MapTiles>
      <MapTile TileID="1210" AltIDMod="0" />
    </MapTiles>
    <StaticTiles />
  </TransInfo>
  <TransInfo Description="Dark Wooden Floor(EW) to Cobblestones" HashKey="181918191919181919">
    <MapTiles>
      <MapTile TileID="1210" AltIDMod="0" />
    </MapTiles>
    <StaticTiles />
  </TransInfo>
  <TransInfo Description="Dark Wooden Floor(EW) to Cobblestones" HashKey="181818191919181919">
    <MapTiles>
      <MapTile TileID="1210" AltIDMod="0" />
    </MapTiles>
    <StaticTiles />
  </TransInfo>
  <TransInfo Description="Dark Wooden Floor(EW) to Cobblestones" HashKey="191819181919191919">
    <MapTiles>
      <MapTile TileID="1210" AltIDMod="0" />
    </MapTiles>
    <StaticTiles />
  </TransInfo>
  <TransInfo Description="Dark Wooden Floor(EW) to Cobblestones" HashKey="181918181919181919">
    <MapTiles>
      <MapTile TileID="1210" AltIDMod="0" />
    </MapTiles>
    <StaticTiles />
  </TransInfo>
  <TransInfo Description="Dark Wooden Floor(EW) to Cobblestones" HashKey="191918181919181919">
    <MapTiles>
      <MapTile TileID="1210" AltIDMod="0" />
    </MapTiles>
    <StaticTiles />
  </TransInfo>
  <TransInfo Description="Dark Wooden Floor(EW) to Cobblestones" HashKey="191818181919181919">
    <MapTiles>
      <MapTile TileID="1210" AltIDMod="0" />
    </MapTiles>
    <StaticTiles />
  </TransInfo>
  <TransInfo Description="Dark Wooden Floor(EW) to Cobblestones" HashKey="191918181919191919">
    <MapTiles>
      <MapTile TileID="1210" AltIDMod="0" />
    </MapTiles>
    <StaticTiles />
  </TransInfo>
  <TransInfo Description="Dark Wooden Floor(EW) to Cobblestones" HashKey="191819181919181919">
    <MapTiles>
      <MapTile TileID="1210" AltIDMod="0" />
    </MapTiles>
    <StaticTiles />
  </TransInfo>
  <TransInfo Description="Dark Wooden Floor(EW) to Cobblestones" HashKey="191819191919181919">
    <MapTiles>
      <MapTile TileID="1210" AltIDMod="0" />
    </MapTiles>
    <StaticTiles />
  </TransInfo>
  <TransInfo Description="Dark Wooden Floor(EW) to Cobblestones" HashKey="191818181919191919">
    <MapTiles>
      <MapTile TileID="1210" AltIDMod="0" />
    </MapTiles>
    <StaticTiles />
  </TransInfo>
  <TransInfo Description="Dark Wooden Floor(EW) to Cobblestones" HashKey="181919181919181818">
    <MapTiles>
      <MapTile TileID="1208" AltIDMod="0" />
    </MapTiles>
    <StaticTiles />
  </TransInfo>
  <TransInfo Description="Dark Wooden Floor(EW) to Cobblestones" HashKey="191919181919181818">
    <MapTiles>
      <MapTile TileID="1208" AltIDMod="0" />
    </MapTiles>
    <StaticTiles />
  </TransInfo>
  <TransInfo Description="Dark Wooden Floor(EW) to Cobblestones" HashKey="181919181919181819">
    <MapTiles>
      <MapTile TileID="1208" AltIDMod="0" />
    </MapTiles>
    <StaticTiles />
  </TransInfo>
  <TransInfo Description="Dark Wooden Floor(EW) to Cobblestones" HashKey="191919181919181819">
    <MapTiles>
      <MapTile TileID="1208" AltIDMod="0" />
    </MapTiles>
    <StaticTiles />
  </TransInfo>
  <TransInfo Description="Dark Wooden Floor(EW) to Cobblestones" HashKey="191919181919191819">
    <MapTiles>
      <MapTile TileID="1208" AltIDMod="0" />
    </MapTiles>
    <StaticTiles />
  </TransInfo>
  <TransInfo Description="Dark Wooden Floor(EW) to Cobblestones" HashKey="181919181919191918">
    <MapTiles>
      <MapTile TileID="1208" AltIDMod="0" />
    </MapTiles>
    <StaticTiles />
  </TransInfo>
  <TransInfo Description="Dark Wooden Floor(EW) to Cobblestones" HashKey="181919191919181818">
    <MapTiles>
      <MapTile TileID="1208" AltIDMod="0" />
    </MapTiles>
    <StaticTiles />
  </TransInfo>
  <TransInfo Description="Dark Wooden Floor(EW) to Cobblestones" HashKey="181919191919181819">
    <MapTiles>
      <MapTile TileID="1208" AltIDMod="0" />
    </MapTiles>
    <StaticTiles />
  </TransInfo>
  <TransInfo Description="Dark Wooden Floor(EW) to Cobblestones" HashKey="181919191919191819">
    <MapTiles>
      <MapTile TileID="1208" AltIDMod="0" />
    </MapTiles>
    <StaticTiles />
  </TransInfo>
  <TransInfo Description="Dark Wooden Floor(EW) to Cobblestones" HashKey="191919181919181918">
    <MapTiles>
      <MapTile TileID="1208" AltIDMod="0" />
    </MapTiles>
    <StaticTiles />
  </TransInfo>
  <TransInfo Description="Dark Wooden Floor(EW) to Cobblestones" HashKey="181919181919181918">
    <MapTiles>
      <MapTile TileID="1208" AltIDMod="0" />
    </MapTiles>
    <StaticTiles />
  </TransInfo>
  <TransInfo Description="Dark Wooden Floor(EW) to Cobblestones" HashKey="181919191919191818">
    <MapTiles>
      <MapTile TileID="1208" AltIDMod="0" />
    </MapTiles>
    <StaticTiles />
  </TransInfo>
  <TransInfo Description="Dark Wooden Floor(EW) to Cobblestones" HashKey="181919181919191818">
    <MapTiles>
      <MapTile TileID="1208" AltIDMod="0" />
    </MapTiles>
    <StaticTiles />
  </TransInfo>
  <TransInfo Description="Dark Wooden Floor(EW) to Cobblestones" HashKey="191919181919191818">
    <MapTiles>
      <MapTile TileID="1208" AltIDMod="0" />
    </MapTiles>
    <StaticTiles />
  </TransInfo>
  <TransInfo Description="Dark Wooden Floor(EW) to Cobblestones" HashKey="191919181919191918">
    <MapTiles>
      <MapTile TileID="1208" AltIDMod="0" />
    </MapTiles>
    <StaticTiles />
  </TransInfo>
  <TransInfo Description="Dark Wooden Floor(EW) to Cobblestones" HashKey="181919191919181918">
    <MapTiles>
      <MapTile TileID="1208" AltIDMod="0" />
    </MapTiles>
    <StaticTiles />
  </TransInfo>
  <TransInfo Description="Dark Wooden Floor(EW) to Cobblestones" HashKey="181919181919191819">
    <MapTiles>
      <MapTile TileID="1208" AltIDMod="0" />
    </MapTiles>
    <StaticTiles />
  </TransInfo>
  <TransInfo Description="Dark Wooden Floor(EW) to Cobblestones" HashKey="181818191918191918">
    <MapTiles>
      <MapTile TileID="1209" AltIDMod="0" />
    </MapTiles>
    <StaticTiles />
  </TransInfo>
  <TransInfo Description="Dark Wooden Floor(EW) to Cobblestones" HashKey="181818191918191919">
    <MapTiles>
      <MapTile TileID="1209" AltIDMod="0" />
    </MapTiles>
    <StaticTiles />
  </TransInfo>
  <TransInfo Description="Dark Wooden Floor(EW) to Cobblestones" HashKey="191818191918191918">
    <MapTiles>
      <MapTile TileID="1209" AltIDMod="0" />
    </MapTiles>
    <StaticTiles />
  </TransInfo>
  <TransInfo Description="Dark Wooden Floor(EW) to Cobblestones" HashKey="191818191918191919">
    <MapTiles>
      <MapTile TileID="1209" AltIDMod="0" />
    </MapTiles>
    <StaticTiles />
  </TransInfo>
  <TransInfo Description="Dark Wooden Floor(EW) to Cobblestones" HashKey="181919191918191918">
    <MapTiles>
      <MapTile TileID="1209" AltIDMod="0" />
    </MapTiles>
    <StaticTiles />
  </TransInfo>
  <TransInfo Description="Dark Wooden Floor(EW) to Cobblestones" HashKey="181918191918191919">
    <MapTiles>
      <MapTile TileID="1209" AltIDMod="0" />
    </MapTiles>
    <StaticTiles />
  </TransInfo>
  <TransInfo Description="Dark Wooden Floor(EW) to Cobblestones" HashKey="181918191918191918">
    <MapTiles>
      <MapTile TileID="1209" AltIDMod="0" />
    </MapTiles>
    <StaticTiles />
  </TransInfo>
  <TransInfo Description="Dark Wooden Floor(EW) to Cobblestones" HashKey="181819191919191918">
    <MapTiles>
      <MapTile TileID="1209" AltIDMod="0" />
    </MapTiles>
    <StaticTiles />
  </TransInfo>
  <TransInfo Description="Dark Wooden Floor(EW) to Cobblestones" HashKey="191819191919191918">
    <MapTiles>
      <MapTile TileID="1209" AltIDMod="0" />
    </MapTiles>
    <StaticTiles />
  </TransInfo>
  <TransInfo Description="Dark Wooden Floor(EW) to Cobblestones" HashKey="181818191919191918">
    <MapTiles>
      <MapTile TileID="1209" AltIDMod="0" />
    </MapTiles>
    <StaticTiles />
  </TransInfo>
  <TransInfo Description="Dark Wooden Floor(EW) to Cobblestones" HashKey="181819191918191919">
    <MapTiles>
      <MapTile TileID="1209" AltIDMod="0" />
    </MapTiles>
    <StaticTiles />
  </TransInfo>
  <TransInfo Description="Dark Wooden Floor(EW) to Cobblestones" HashKey="191818191919191918">
    <MapTiles>
      <MapTile TileID="1209" AltIDMod="0" />
    </MapTiles>
    <StaticTiles />
  </TransInfo>
  <TransInfo Description="Dark Wooden Floor(EW) to Cobblestones" HashKey="191819191918191919">
    <MapTiles>
      <MapTile TileID="1209" AltIDMod="0" />
    </MapTiles>
    <StaticTiles />
  </TransInfo>
  <TransInfo Description="Dark Wooden Floor(EW) to Cobblestones" HashKey="181919191918191919">
    <MapTiles>
      <MapTile TileID="1209" AltIDMod="0" />
    </MapTiles>
    <StaticTiles />
  </TransInfo>
  <TransInfo Description="Dark Wooden Floor(EW) to Cobblestones" HashKey="181918191919191918">
    <MapTiles>
      <MapTile TileID="1209" AltIDMod="0" />
    </MapTiles>
    <StaticTiles />
  </TransInfo>
  <TransInfo Description="Dark Wooden Floor(EW) to Cobblestones" HashKey="191819191918191918">
    <MapTiles>
      <MapTile TileID="1209" AltIDMod="0" />
    </MapTiles>
    <StaticTiles />
  </TransInfo>
  <TransInfo Description="Dark Wooden Floor(EW) to Cobblestones" HashKey="181819191918191918">
    <MapTiles>
      <MapTile TileID="1209" AltIDMod="0" />
    </MapTiles>
    <StaticTiles />
  </TransInfo>
  <TransInfo Description="Dark Wooden Floor(EW) to Cobblestones" HashKey="181919191919191919">
    <MapTiles>
      <MapTile TileID="1211" AltIDMod="0" />
    </MapTiles>
    <StaticTiles />
  </TransInfo>
  <TransInfo Description="Dark Wooden Floor(EW) to Cobblestones" HashKey="191919191919191918">
    <MapTiles>
      <MapTile TileID="1221" AltIDMod="0" />
    </MapTiles>
    <StaticTiles />
  </TransInfo>
  <TransInfo Description="Dark Wooden Floor(EW) to Cobblestones" HashKey="191918191919191919">
    <MapTiles>
      <MapTile TileID="1031" AltIDMod="0" />
    </MapTiles>
    <StaticTiles />
  </TransInfo>
  <TransInfo Description="Dark Wooden Floor(EW) to Cobblestones" HashKey="191919191919181919">
    <MapTiles>
      <MapTile TileID="1032" AltIDMod="0" />
    </MapTiles>
    <StaticTiles />
  </TransInfo>
</Trans>