﻿<?xml version="1.0" encoding="utf-8"?>
<Trans>
    <TransInfo Description="Dark Wooden Floor(EW) to Large Dirt" HashKey="070707191919191919">
    <MapTiles>
      <MapTile TileID="1206" AltIDMod="0" />
    </MapTiles>
    <StaticTiles />
  </TransInfo>
  <TransInfo Description="Dark Wooden Floor(EW) to Large Dirt" HashKey="190707191919191919">
    <MapTiles>
      <MapTile TileID="1206" AltIDMod="0" />
    </MapTiles>
    <StaticTiles />
  </TransInfo>
  <TransInfo Description="Dark Wooden Floor(EW) to Large Dirt" HashKey="070719191919191919">
    <MapTiles>
      <MapTile TileID="1206" AltIDMod="0" />
    </MapTiles>
    <StaticTiles />
  </TransInfo>
  <TransInfo Description="Dark Wooden Floor(EW) to Large Dirt" HashKey="190719191919191919">
    <MapTiles>
      <MapTile TileID="1206" AltIDMod="0" />
    </MapTiles>
    <StaticTiles />
  </TransInfo>
  <TransInfo Description="Dark Wooden Floor(EW) to Large Dirt" HashKey="071907191919191919">
    <MapTiles>
      <MapTile TileID="1206" AltIDMod="0" />
    </MapTiles>
    <StaticTiles />
  </TransInfo>
  <TransInfo Description="Dark Wooden Floor(EW) to Large Dirt" HashKey="071919071919071919">
    <MapTiles>
      <MapTile TileID="1203" AltIDMod="0" />
    </MapTiles>
    <StaticTiles />
  </TransInfo>
  <TransInfo Description="Dark Wooden Floor(EW) to Large Dirt" HashKey="071919071919191919">
    <MapTiles>
      <MapTile TileID="1203" AltIDMod="0" />
    </MapTiles>
    <StaticTiles />
  </TransInfo>
  <TransInfo Description="Dark Wooden Floor(EW) to Large Dirt" HashKey="191919071919071919">
    <MapTiles>
      <MapTile TileID="1203" AltIDMod="0" />
    </MapTiles>
    <StaticTiles />
  </TransInfo>
  <TransInfo Description="Dark Wooden Floor(EW) to Large Dirt" HashKey="191919071919191919">
    <MapTiles>
      <MapTile TileID="1203" AltIDMod="0" />
    </MapTiles>
    <StaticTiles />
  </TransInfo>
  <TransInfo Description="Dark Wooden Floor(EW) to Large Dirt" HashKey="071919191919071919">
    <MapTiles>
      <MapTile TileID="1203" AltIDMod="0" />
    </MapTiles>
    <StaticTiles />
  </TransInfo>
  <TransInfo Description="Dark Wooden Floor(EW) to Large Dirt" HashKey="191907191907191907">
    <MapTiles>
      <MapTile TileID="1205" AltIDMod="0" />
    </MapTiles>
    <StaticTiles />
  </TransInfo>
  <TransInfo Description="Dark Wooden Floor(EW) to Large Dirt" HashKey="191919191907191907">
    <MapTiles>
      <MapTile TileID="1205" AltIDMod="0" />
    </MapTiles>
    <StaticTiles />
  </TransInfo>
  <TransInfo Description="Dark Wooden Floor(EW) to Large Dirt" HashKey="191907191907191919">
    <MapTiles>
      <MapTile TileID="1205" AltIDMod="0" />
    </MapTiles>
    <StaticTiles />
  </TransInfo>
  <TransInfo Description="Dark Wooden Floor(EW) to Large Dirt" HashKey="191919191907191919">
    <MapTiles>
      <MapTile TileID="1205" AltIDMod="0" />
    </MapTiles>
    <StaticTiles />
  </TransInfo>
  <TransInfo Description="Dark Wooden Floor(EW) to Large Dirt" HashKey="191907191919191907">
    <MapTiles>
      <MapTile TileID="1205" AltIDMod="0" />
    </MapTiles>
    <StaticTiles />
  </TransInfo>
  <TransInfo Description="Dark Wooden Floor(EW) to Large Dirt" HashKey="191919191919070707">
    <MapTiles>
      <MapTile TileID="1204" AltIDMod="0" />
    </MapTiles>
    <StaticTiles />
  </TransInfo>
  <TransInfo Description="Dark Wooden Floor(EW) to Large Dirt" HashKey="191919191919070719">
    <MapTiles>
      <MapTile TileID="1204" AltIDMod="0" />
    </MapTiles>
    <StaticTiles />
  </TransInfo>
  <TransInfo Description="Dark Wooden Floor(EW) to Large Dirt" HashKey="191919191919190707">
    <MapTiles>
      <MapTile TileID="1204" AltIDMod="0" />
    </MapTiles>
    <StaticTiles />
  </TransInfo>
  <TransInfo Description="Dark Wooden Floor(EW) to Large Dirt" HashKey="191919191919190719">
    <MapTiles>
      <MapTile TileID="1204" AltIDMod="0" />
    </MapTiles>
    <StaticTiles />
  </TransInfo>
  <TransInfo Description="Dark Wooden Floor(EW) to Large Dirt" HashKey="191919191919071907">
    <MapTiles>
      <MapTile TileID="1204" AltIDMod="0" />
    </MapTiles>
    <StaticTiles />
  </TransInfo>
  <TransInfo Description="Dark Wooden Floor(EW) to Large Dirt" HashKey="191907191907070707">
    <MapTiles>
      <MapTile TileID="1207" AltIDMod="0" />
    </MapTiles>
    <StaticTiles />
  </TransInfo>
  <TransInfo Description="Dark Wooden Floor(EW) to Large Dirt" HashKey="191919191907070707">
    <MapTiles>
      <MapTile TileID="1207" AltIDMod="0" />
    </MapTiles>
    <StaticTiles />
  </TransInfo>
  <TransInfo Description="Dark Wooden Floor(EW) to Large Dirt" HashKey="191907191907190707">
    <MapTiles>
      <MapTile TileID="1207" AltIDMod="0" />
    </MapTiles>
    <StaticTiles />
  </TransInfo>
  <TransInfo Description="Dark Wooden Floor(EW) to Large Dirt" HashKey="191919191907190707">
    <MapTiles>
      <MapTile TileID="1207" AltIDMod="0" />
    </MapTiles>
    <StaticTiles />
  </TransInfo>
  <TransInfo Description="Dark Wooden Floor(EW) to Large Dirt" HashKey="191919191907190719">
    <MapTiles>
      <MapTile TileID="1207" AltIDMod="0" />
    </MapTiles>
    <StaticTiles />
  </TransInfo>
  <TransInfo Description="Dark Wooden Floor(EW) to Large Dirt" HashKey="191907191919190707">
    <MapTiles>
      <MapTile TileID="1207" AltIDMod="0" />
    </MapTiles>
    <StaticTiles />
  </TransInfo>
  <TransInfo Description="Dark Wooden Floor(EW) to Large Dirt" HashKey="191907191919070707">
    <MapTiles>
      <MapTile TileID="1207" AltIDMod="0" />
    </MapTiles>
    <StaticTiles />
  </TransInfo>
  <TransInfo Description="Dark Wooden Floor(EW) to Large Dirt" HashKey="191907191919070719">
    <MapTiles>
      <MapTile TileID="1207" AltIDMod="0" />
    </MapTiles>
    <StaticTiles />
  </TransInfo>
  <TransInfo Description="Dark Wooden Floor(EW) to Large Dirt" HashKey="191919191907071907">
    <MapTiles>
      <MapTile TileID="1207" AltIDMod="0" />
    </MapTiles>
    <StaticTiles />
  </TransInfo>
  <TransInfo Description="Dark Wooden Floor(EW) to Large Dirt" HashKey="191907191907071907">
    <MapTiles>
      <MapTile TileID="1207" AltIDMod="0" />
    </MapTiles>
    <StaticTiles />
  </TransInfo>
  <TransInfo Description="Dark Wooden Floor(EW) to Large Dirt" HashKey="191907191907070719">
    <MapTiles>
      <MapTile TileID="1207" AltIDMod="0" />
    </MapTiles>
    <StaticTiles />
  </TransInfo>
  <TransInfo Description="Dark Wooden Floor(EW) to Large Dirt" HashKey="191907191907071919">
    <MapTiles>
      <MapTile TileID="1207" AltIDMod="0" />
    </MapTiles>
    <StaticTiles />
  </TransInfo>
  <TransInfo Description="Dark Wooden Floor(EW) to Large Dirt" HashKey="191907191919190719">
    <MapTiles>
      <MapTile TileID="1207" AltIDMod="0" />
    </MapTiles>
    <StaticTiles />
  </TransInfo>
  <TransInfo Description="Dark Wooden Floor(EW) to Large Dirt" HashKey="191919191907071919">
    <MapTiles>
      <MapTile TileID="1207" AltIDMod="0" />
    </MapTiles>
    <StaticTiles />
  </TransInfo>
  <TransInfo Description="Dark Wooden Floor(EW) to Large Dirt" HashKey="191907191907190719">
    <MapTiles>
      <MapTile TileID="1207" AltIDMod="0" />
    </MapTiles>
    <StaticTiles />
  </TransInfo>
  <TransInfo Description="Dark Wooden Floor(EW) to Large Dirt" HashKey="191907191919071907">
    <MapTiles>
      <MapTile TileID="1207" AltIDMod="0" />
    </MapTiles>
    <StaticTiles />
  </TransInfo>
  <TransInfo Description="Dark Wooden Floor(EW) to Large Dirt" HashKey="191919191907070719">
    <MapTiles>
      <MapTile TileID="1207" AltIDMod="0" />
    </MapTiles>
    <StaticTiles />
  </TransInfo>
  <TransInfo Description="Dark Wooden Floor(EW) to Large Dirt" HashKey="070707071919071919">
    <MapTiles>
      <MapTile TileID="1210" AltIDMod="0" />
    </MapTiles>
    <StaticTiles />
  </TransInfo>
  <TransInfo Description="Dark Wooden Floor(EW) to Large Dirt" HashKey="070719071919071919">
    <MapTiles>
      <MapTile TileID="1210" AltIDMod="0" />
    </MapTiles>
    <StaticTiles />
  </TransInfo>
  <TransInfo Description="Dark Wooden Floor(EW) to Large Dirt" HashKey="070707071919191919">
    <MapTiles>
      <MapTile TileID="1210" AltIDMod="0" />
    </MapTiles>
    <StaticTiles />
  </TransInfo>
  <TransInfo Description="Dark Wooden Floor(EW) to Large Dirt" HashKey="070719071919191919">
    <MapTiles>
      <MapTile TileID="1210" AltIDMod="0" />
    </MapTiles>
    <StaticTiles />
  </TransInfo>
  <TransInfo Description="Dark Wooden Floor(EW) to Large Dirt" HashKey="071907071919191919">
    <MapTiles>
      <MapTile TileID="1210" AltIDMod="0" />
    </MapTiles>
    <StaticTiles />
  </TransInfo>
  <TransInfo Description="Dark Wooden Floor(EW) to Large Dirt" HashKey="070719191919071919">
    <MapTiles>
      <MapTile TileID="1210" AltIDMod="0" />
    </MapTiles>
    <StaticTiles />
  </TransInfo>
  <TransInfo Description="Dark Wooden Floor(EW) to Large Dirt" HashKey="190707191919071919">
    <MapTiles>
      <MapTile TileID="1210" AltIDMod="0" />
    </MapTiles>
    <StaticTiles />
  </TransInfo>
  <TransInfo Description="Dark Wooden Floor(EW) to Large Dirt" HashKey="071907191919071919">
    <MapTiles>
      <MapTile TileID="1210" AltIDMod="0" />
    </MapTiles>
    <StaticTiles />
  </TransInfo>
  <TransInfo Description="Dark Wooden Floor(EW) to Large Dirt" HashKey="070707191919071919">
    <MapTiles>
      <MapTile TileID="1210" AltIDMod="0" />
    </MapTiles>
    <StaticTiles />
  </TransInfo>
  <TransInfo Description="Dark Wooden Floor(EW) to Large Dirt" HashKey="190719071919191919">
    <MapTiles>
      <MapTile TileID="1210" AltIDMod="0" />
    </MapTiles>
    <StaticTiles />
  </TransInfo>
  <TransInfo Description="Dark Wooden Floor(EW) to Large Dirt" HashKey="071907071919071919">
    <MapTiles>
      <MapTile TileID="1210" AltIDMod="0" />
    </MapTiles>
    <StaticTiles />
  </TransInfo>
  <TransInfo Description="Dark Wooden Floor(EW) to Large Dirt" HashKey="191907071919071919">
    <MapTiles>
      <MapTile TileID="1210" AltIDMod="0" />
    </MapTiles>
    <StaticTiles />
  </TransInfo>
  <TransInfo Description="Dark Wooden Floor(EW) to Large Dirt" HashKey="190707071919071919">
    <MapTiles>
      <MapTile TileID="1210" AltIDMod="0" />
    </MapTiles>
    <StaticTiles />
  </TransInfo>
  <TransInfo Description="Dark Wooden Floor(EW) to Large Dirt" HashKey="191907071919191919">
    <MapTiles>
      <MapTile TileID="1210" AltIDMod="0" />
    </MapTiles>
    <StaticTiles />
  </TransInfo>
  <TransInfo Description="Dark Wooden Floor(EW) to Large Dirt" HashKey="190719071919071919">
    <MapTiles>
      <MapTile TileID="1210" AltIDMod="0" />
    </MapTiles>
    <StaticTiles />
  </TransInfo>
  <TransInfo Description="Dark Wooden Floor(EW) to Large Dirt" HashKey="190719191919071919">
    <MapTiles>
      <MapTile TileID="1210" AltIDMod="0" />
    </MapTiles>
    <StaticTiles />
  </TransInfo>
  <TransInfo Description="Dark Wooden Floor(EW) to Large Dirt" HashKey="190707071919191919">
    <MapTiles>
      <MapTile TileID="1210" AltIDMod="0" />
    </MapTiles>
    <StaticTiles />
  </TransInfo>
  <TransInfo Description="Dark Wooden Floor(EW) to Large Dirt" HashKey="071919071919070707">
    <MapTiles>
      <MapTile TileID="1208" AltIDMod="0" />
    </MapTiles>
    <StaticTiles />
  </TransInfo>
  <TransInfo Description="Dark Wooden Floor(EW) to Large Dirt" HashKey="191919071919070707">
    <MapTiles>
      <MapTile TileID="1208" AltIDMod="0" />
    </MapTiles>
    <StaticTiles />
  </TransInfo>
  <TransInfo Description="Dark Wooden Floor(EW) to Large Dirt" HashKey="071919071919070719">
    <MapTiles>
      <MapTile TileID="1208" AltIDMod="0" />
    </MapTiles>
    <StaticTiles />
  </TransInfo>
  <TransInfo Description="Dark Wooden Floor(EW) to Large Dirt" HashKey="191919071919070719">
    <MapTiles>
      <MapTile TileID="1208" AltIDMod="0" />
    </MapTiles>
    <StaticTiles />
  </TransInfo>
  <TransInfo Description="Dark Wooden Floor(EW) to Large Dirt" HashKey="191919071919190719">
    <MapTiles>
      <MapTile TileID="1208" AltIDMod="0" />
    </MapTiles>
    <StaticTiles />
  </TransInfo>
  <TransInfo Description="Dark Wooden Floor(EW) to Large Dirt" HashKey="071919071919191907">
    <MapTiles>
      <MapTile TileID="1208" AltIDMod="0" />
    </MapTiles>
    <StaticTiles />
  </TransInfo>
  <TransInfo Description="Dark Wooden Floor(EW) to Large Dirt" HashKey="071919191919070707">
    <MapTiles>
      <MapTile TileID="1208" AltIDMod="0" />
    </MapTiles>
    <StaticTiles />
  </TransInfo>
  <TransInfo Description="Dark Wooden Floor(EW) to Large Dirt" HashKey="071919191919070719">
    <MapTiles>
      <MapTile TileID="1208" AltIDMod="0" />
    </MapTiles>
    <StaticTiles />
  </TransInfo>
  <TransInfo Description="Dark Wooden Floor(EW) to Large Dirt" HashKey="071919191919190719">
    <MapTiles>
      <MapTile TileID="1208" AltIDMod="0" />
    </MapTiles>
    <StaticTiles />
  </TransInfo>
  <TransInfo Description="Dark Wooden Floor(EW) to Large Dirt" HashKey="191919071919071907">
    <MapTiles>
      <MapTile TileID="1208" AltIDMod="0" />
    </MapTiles>
    <StaticTiles />
  </TransInfo>
  <TransInfo Description="Dark Wooden Floor(EW) to Large Dirt" HashKey="071919071919071907">
    <MapTiles>
      <MapTile TileID="1208" AltIDMod="0" />
    </MapTiles>
    <StaticTiles />
  </TransInfo>
  <TransInfo Description="Dark Wooden Floor(EW) to Large Dirt" HashKey="071919191919190707">
    <MapTiles>
      <MapTile TileID="1208" AltIDMod="0" />
    </MapTiles>
    <StaticTiles />
  </TransInfo>
  <TransInfo Description="Dark Wooden Floor(EW) to Large Dirt" HashKey="071919071919190707">
    <MapTiles>
      <MapTile TileID="1208" AltIDMod="0" />
    </MapTiles>
    <StaticTiles />
  </TransInfo>
  <TransInfo Description="Dark Wooden Floor(EW) to Large Dirt" HashKey="191919071919190707">
    <MapTiles>
      <MapTile TileID="1208" AltIDMod="0" />
    </MapTiles>
    <StaticTiles />
  </TransInfo>
  <TransInfo Description="Dark Wooden Floor(EW) to Large Dirt" HashKey="191919071919191907">
    <MapTiles>
      <MapTile TileID="1208" AltIDMod="0" />
    </MapTiles>
    <StaticTiles />
  </TransInfo>
  <TransInfo Description="Dark Wooden Floor(EW) to Large Dirt" HashKey="071919191919071907">
    <MapTiles>
      <MapTile TileID="1208" AltIDMod="0" />
    </MapTiles>
    <StaticTiles />
  </TransInfo>
  <TransInfo Description="Dark Wooden Floor(EW) to Large Dirt" HashKey="071919071919190719">
    <MapTiles>
      <MapTile TileID="1208" AltIDMod="0" />
    </MapTiles>
    <StaticTiles />
  </TransInfo>
  <TransInfo Description="Dark Wooden Floor(EW) to Large Dirt" HashKey="070707191907191907">
    <MapTiles>
      <MapTile TileID="1209" AltIDMod="0" />
    </MapTiles>
    <StaticTiles />
  </TransInfo>
  <TransInfo Description="Dark Wooden Floor(EW) to Large Dirt" HashKey="070707191907191919">
    <MapTiles>
      <MapTile TileID="1209" AltIDMod="0" />
    </MapTiles>
    <StaticTiles />
  </TransInfo>
  <TransInfo Description="Dark Wooden Floor(EW) to Large Dirt" HashKey="190707191907191907">
    <MapTiles>
      <MapTile TileID="1209" AltIDMod="0" />
    </MapTiles>
    <StaticTiles />
  </TransInfo>
  <TransInfo Description="Dark Wooden Floor(EW) to Large Dirt" HashKey="190707191907191919">
    <MapTiles>
      <MapTile TileID="1209" AltIDMod="0" />
    </MapTiles>
    <StaticTiles />
  </TransInfo>
  <TransInfo Description="Dark Wooden Floor(EW) to Large Dirt" HashKey="071919191907191907">
    <MapTiles>
      <MapTile TileID="1209" AltIDMod="0" />
    </MapTiles>
    <StaticTiles />
  </TransInfo>
  <TransInfo Description="Dark Wooden Floor(EW) to Large Dirt" HashKey="071907191907191919">
    <MapTiles>
      <MapTile TileID="1209" AltIDMod="0" />
    </MapTiles>
    <StaticTiles />
  </TransInfo>
  <TransInfo Description="Dark Wooden Floor(EW) to Large Dirt" HashKey="071907191907191907">
    <MapTiles>
      <MapTile TileID="1209" AltIDMod="0" />
    </MapTiles>
    <StaticTiles />
  </TransInfo>
  <TransInfo Description="Dark Wooden Floor(EW) to Large Dirt" HashKey="070719191919191907">
    <MapTiles>
      <MapTile TileID="1209" AltIDMod="0" />
    </MapTiles>
    <StaticTiles />
  </TransInfo>
  <TransInfo Description="Dark Wooden Floor(EW) to Large Dirt" HashKey="190719191919191907">
    <MapTiles>
      <MapTile TileID="1209" AltIDMod="0" />
    </MapTiles>
    <StaticTiles />
  </TransInfo>
  <TransInfo Description="Dark Wooden Floor(EW) to Large Dirt" HashKey="070707191919191907">
    <MapTiles>
      <MapTile TileID="1209" AltIDMod="0" />
    </MapTiles>
    <StaticTiles />
  </TransInfo>
  <TransInfo Description="Dark Wooden Floor(EW) to Large Dirt" HashKey="070719191907191919">
    <MapTiles>
      <MapTile TileID="1209" AltIDMod="0" />
    </MapTiles>
    <StaticTiles />
  </TransInfo>
  <TransInfo Description="Dark Wooden Floor(EW) to Large Dirt" HashKey="190707191919191907">
    <MapTiles>
      <MapTile TileID="1209" AltIDMod="0" />
    </MapTiles>
    <StaticTiles />
  </TransInfo>
  <TransInfo Description="Dark Wooden Floor(EW) to Large Dirt" HashKey="190719191907191919">
    <MapTiles>
      <MapTile TileID="1209" AltIDMod="0" />
    </MapTiles>
    <StaticTiles />
  </TransInfo>
  <TransInfo Description="Dark Wooden Floor(EW) to Large Dirt" HashKey="071919191907191919">
    <MapTiles>
      <MapTile TileID="1209" AltIDMod="0" />
    </MapTiles>
    <StaticTiles />
  </TransInfo>
  <TransInfo Description="Dark Wooden Floor(EW) to Large Dirt" HashKey="071907191919191907">
    <MapTiles>
      <MapTile TileID="1209" AltIDMod="0" />
    </MapTiles>
    <StaticTiles />
  </TransInfo>
  <TransInfo Description="Dark Wooden Floor(EW) to Large Dirt" HashKey="190719191907191907">
    <MapTiles>
      <MapTile TileID="1209" AltIDMod="0" />
    </MapTiles>
    <StaticTiles />
  </TransInfo>
  <TransInfo Description="Dark Wooden Floor(EW) to Large Dirt" HashKey="070719191907191907">
    <MapTiles>
      <MapTile TileID="1209" AltIDMod="0" />
    </MapTiles>
    <StaticTiles />
  </TransInfo>
  <TransInfo Description="Dark Wooden Floor(EW) to Large Dirt" HashKey="071919191919191919">
    <MapTiles>
      <MapTile TileID="1211" AltIDMod="0" />
    </MapTiles>
    <StaticTiles />
  </TransInfo>
  <TransInfo Description="Dark Wooden Floor(EW) to Large Dirt" HashKey="191919191919191907">
    <MapTiles>
      <MapTile TileID="1221" AltIDMod="0" />
    </MapTiles>
    <StaticTiles />
  </TransInfo>
  <TransInfo Description="Dark Wooden Floor(EW) to Large Dirt" HashKey="191907191919191919">
    <MapTiles>
      <MapTile TileID="1031" AltIDMod="0" />
    </MapTiles>
    <StaticTiles />
  </TransInfo>
  <TransInfo Description="Dark Wooden Floor(EW) to Large Dirt" HashKey="191919191919071919">
    <MapTiles>
      <MapTile TileID="1032" AltIDMod="0" />
    </MapTiles>
    <StaticTiles />
  </TransInfo>
</Trans>