﻿<?xml version="1.0" encoding="utf-8"?>
<Trans>
    <TransInfo Description="Dark Wooden Floor(NS) to Grass" HashKey="0101011A1A1A1A1A1A">
    <MapTiles>
      <MapTile TileID="1215" AltIDMod="0" />
    </MapTiles>
    <StaticTiles />
  </TransInfo>
  <TransInfo Description="Dark Wooden Floor(NS) to Grass" HashKey="1A01011A1A1A1A1A1A">
    <MapTiles>
      <MapTile TileID="1215" AltIDMod="0" />
    </MapTiles>
    <StaticTiles />
  </TransInfo>
  <TransInfo Description="Dark Wooden Floor(NS) to Grass" HashKey="01011A1A1A1A1A1A1A">
    <MapTiles>
      <MapTile TileID="1215" AltIDMod="0" />
    </MapTiles>
    <StaticTiles />
  </TransInfo>
  <TransInfo Description="Dark Wooden Floor(NS) to Grass" HashKey="1A011A1A1A1A1A1A1A">
    <MapTiles>
      <MapTile TileID="1215" AltIDMod="0" />
    </MapTiles>
    <StaticTiles />
  </TransInfo>
  <TransInfo Description="Dark Wooden Floor(NS) to Grass" HashKey="011A011A1A1A1A1A1A">
    <MapTiles>
      <MapTile TileID="1215" AltIDMod="0" />
    </MapTiles>
    <StaticTiles />
  </TransInfo>
  <TransInfo Description="Dark Wooden Floor(NS) to Grass" HashKey="011A1A011A1A011A1A">
    <MapTiles>
      <MapTile TileID="1212" AltIDMod="0" />
    </MapTiles>
    <StaticTiles />
  </TransInfo>
  <TransInfo Description="Dark Wooden Floor(NS) to Grass" HashKey="011A1A011A1A1A1A1A">
    <MapTiles>
      <MapTile TileID="1212" AltIDMod="0" />
    </MapTiles>
    <StaticTiles />
  </TransInfo>
  <TransInfo Description="Dark Wooden Floor(NS) to Grass" HashKey="1A1A1A011A1A011A1A">
    <MapTiles>
      <MapTile TileID="1212" AltIDMod="0" />
    </MapTiles>
    <StaticTiles />
  </TransInfo>
  <TransInfo Description="Dark Wooden Floor(NS) to Grass" HashKey="1A1A1A011A1A1A1A1A">
    <MapTiles>
      <MapTile TileID="1212" AltIDMod="0" />
    </MapTiles>
    <StaticTiles />
  </TransInfo>
  <TransInfo Description="Dark Wooden Floor(NS) to Grass" HashKey="011A1A1A1A1A011A1A">
    <MapTiles>
      <MapTile TileID="1212" AltIDMod="0" />
    </MapTiles>
    <StaticTiles />
  </TransInfo>
  <TransInfo Description="Dark Wooden Floor(NS) to Grass" HashKey="1A1A011A1A011A1A01">
    <MapTiles>
      <MapTile TileID="1214" AltIDMod="0" />
    </MapTiles>
    <StaticTiles />
  </TransInfo>
  <TransInfo Description="Dark Wooden Floor(NS) to Grass" HashKey="1A1A1A1A1A011A1A01">
    <MapTiles>
      <MapTile TileID="1214" AltIDMod="0" />
    </MapTiles>
    <StaticTiles />
  </TransInfo>
  <TransInfo Description="Dark Wooden Floor(NS) to Grass" HashKey="1A1A011A1A011A1A1A">
    <MapTiles>
      <MapTile TileID="1214" AltIDMod="0" />
    </MapTiles>
    <StaticTiles />
  </TransInfo>
  <TransInfo Description="Dark Wooden Floor(NS) to Grass" HashKey="1A1A1A1A1A011A1A1A">
    <MapTiles>
      <MapTile TileID="1214" AltIDMod="0" />
    </MapTiles>
    <StaticTiles />
  </TransInfo>
  <TransInfo Description="Dark Wooden Floor(NS) to Grass" HashKey="1A1A011A1A1A1A1A01">
    <MapTiles>
      <MapTile TileID="1214" AltIDMod="0" />
    </MapTiles>
    <StaticTiles />
  </TransInfo>
  <TransInfo Description="Dark Wooden Floor(NS) to Grass" HashKey="1A1A1A1A1A1A010101">
    <MapTiles>
      <MapTile TileID="1213" AltIDMod="0" />
    </MapTiles>
    <StaticTiles />
  </TransInfo>
  <TransInfo Description="Dark Wooden Floor(NS) to Grass" HashKey="1A1A1A1A1A1A01011A">
    <MapTiles>
      <MapTile TileID="1213" AltIDMod="0" />
    </MapTiles>
    <StaticTiles />
  </TransInfo>
  <TransInfo Description="Dark Wooden Floor(NS) to Grass" HashKey="1A1A1A1A1A1A1A0101">
    <MapTiles>
      <MapTile TileID="1213" AltIDMod="0" />
    </MapTiles>
    <StaticTiles />
  </TransInfo>
  <TransInfo Description="Dark Wooden Floor(NS) to Grass" HashKey="1A1A1A1A1A1A1A011A">
    <MapTiles>
      <MapTile TileID="1213" AltIDMod="0" />
    </MapTiles>
    <StaticTiles />
  </TransInfo>
  <TransInfo Description="Dark Wooden Floor(NS) to Grass" HashKey="1A1A1A1A1A1A011A01">
    <MapTiles>
      <MapTile TileID="1213" AltIDMod="0" />
    </MapTiles>
    <StaticTiles />
  </TransInfo>
  <TransInfo Description="Dark Wooden Floor(NS) to Grass" HashKey="1A1A011A1A01010101">
    <MapTiles>
      <MapTile TileID="1216" AltIDMod="0" />
    </MapTiles>
    <StaticTiles />
  </TransInfo>
  <TransInfo Description="Dark Wooden Floor(NS) to Grass" HashKey="1A1A1A1A1A01010101">
    <MapTiles>
      <MapTile TileID="1216" AltIDMod="0" />
    </MapTiles>
    <StaticTiles />
  </TransInfo>
  <TransInfo Description="Dark Wooden Floor(NS) to Grass" HashKey="1A1A011A1A011A0101">
    <MapTiles>
      <MapTile TileID="1216" AltIDMod="0" />
    </MapTiles>
    <StaticTiles />
  </TransInfo>
  <TransInfo Description="Dark Wooden Floor(NS) to Grass" HashKey="1A1A1A1A1A011A0101">
    <MapTiles>
      <MapTile TileID="1216" AltIDMod="0" />
    </MapTiles>
    <StaticTiles />
  </TransInfo>
  <TransInfo Description="Dark Wooden Floor(NS) to Grass" HashKey="1A1A1A1A1A011A011A">
    <MapTiles>
      <MapTile TileID="1216" AltIDMod="0" />
    </MapTiles>
    <StaticTiles />
  </TransInfo>
  <TransInfo Description="Dark Wooden Floor(NS) to Grass" HashKey="1A1A011A1A1A1A0101">
    <MapTiles>
      <MapTile TileID="1216" AltIDMod="0" />
    </MapTiles>
    <StaticTiles />
  </TransInfo>
  <TransInfo Description="Dark Wooden Floor(NS) to Grass" HashKey="1A1A011A1A1A010101">
    <MapTiles>
      <MapTile TileID="1216" AltIDMod="0" />
    </MapTiles>
    <StaticTiles />
  </TransInfo>
  <TransInfo Description="Dark Wooden Floor(NS) to Grass" HashKey="1A1A011A1A1A01011A">
    <MapTiles>
      <MapTile TileID="1216" AltIDMod="0" />
    </MapTiles>
    <StaticTiles />
  </TransInfo>
  <TransInfo Description="Dark Wooden Floor(NS) to Grass" HashKey="1A1A1A1A1A01011A01">
    <MapTiles>
      <MapTile TileID="1216" AltIDMod="0" />
    </MapTiles>
    <StaticTiles />
  </TransInfo>
  <TransInfo Description="Dark Wooden Floor(NS) to Grass" HashKey="1A1A011A1A01011A01">
    <MapTiles>
      <MapTile TileID="1216" AltIDMod="0" />
    </MapTiles>
    <StaticTiles />
  </TransInfo>
  <TransInfo Description="Dark Wooden Floor(NS) to Grass" HashKey="1A1A011A1A0101011A">
    <MapTiles>
      <MapTile TileID="1216" AltIDMod="0" />
    </MapTiles>
    <StaticTiles />
  </TransInfo>
  <TransInfo Description="Dark Wooden Floor(NS) to Grass" HashKey="1A1A011A1A01011A1A">
    <MapTiles>
      <MapTile TileID="1216" AltIDMod="0" />
    </MapTiles>
    <StaticTiles />
  </TransInfo>
  <TransInfo Description="Dark Wooden Floor(NS) to Grass" HashKey="1A1A011A1A1A1A011A">
    <MapTiles>
      <MapTile TileID="1216" AltIDMod="0" />
    </MapTiles>
    <StaticTiles />
  </TransInfo>
  <TransInfo Description="Dark Wooden Floor(NS) to Grass" HashKey="1A1A1A1A1A01011A1A">
    <MapTiles>
      <MapTile TileID="1216" AltIDMod="0" />
    </MapTiles>
    <StaticTiles />
  </TransInfo>
  <TransInfo Description="Dark Wooden Floor(NS) to Grass" HashKey="1A1A011A1A011A011A">
    <MapTiles>
      <MapTile TileID="1216" AltIDMod="0" />
    </MapTiles>
    <StaticTiles />
  </TransInfo>
  <TransInfo Description="Dark Wooden Floor(NS) to Grass" HashKey="1A1A011A1A1A011A01">
    <MapTiles>
      <MapTile TileID="1216" AltIDMod="0" />
    </MapTiles>
    <StaticTiles />
  </TransInfo>
  <TransInfo Description="Dark Wooden Floor(NS) to Grass" HashKey="1A1A1A1A1A0101011A">
    <MapTiles>
      <MapTile TileID="1216" AltIDMod="0" />
    </MapTiles>
    <StaticTiles />
  </TransInfo>
  <TransInfo Description="Dark Wooden Floor(NS) to Grass" HashKey="010101011A1A011A1A">
    <MapTiles>
      <MapTile TileID="1219" AltIDMod="0" />
    </MapTiles>
    <StaticTiles />
  </TransInfo>
  <TransInfo Description="Dark Wooden Floor(NS) to Grass" HashKey="01011A011A1A011A1A">
    <MapTiles>
      <MapTile TileID="1219" AltIDMod="0" />
    </MapTiles>
    <StaticTiles />
  </TransInfo>
  <TransInfo Description="Dark Wooden Floor(NS) to Grass" HashKey="010101011A1A1A1A1A">
    <MapTiles>
      <MapTile TileID="1219" AltIDMod="0" />
    </MapTiles>
    <StaticTiles />
  </TransInfo>
  <TransInfo Description="Dark Wooden Floor(NS) to Grass" HashKey="01011A011A1A1A1A1A">
    <MapTiles>
      <MapTile TileID="1219" AltIDMod="0" />
    </MapTiles>
    <StaticTiles />
  </TransInfo>
  <TransInfo Description="Dark Wooden Floor(NS) to Grass" HashKey="011A01011A1A1A1A1A">
    <MapTiles>
      <MapTile TileID="1219" AltIDMod="0" />
    </MapTiles>
    <StaticTiles />
  </TransInfo>
  <TransInfo Description="Dark Wooden Floor(NS) to Grass" HashKey="01011A1A1A1A011A1A">
    <MapTiles>
      <MapTile TileID="1219" AltIDMod="0" />
    </MapTiles>
    <StaticTiles />
  </TransInfo>
  <TransInfo Description="Dark Wooden Floor(NS) to Grass" HashKey="1A01011A1A1A011A1A">
    <MapTiles>
      <MapTile TileID="1219" AltIDMod="0" />
    </MapTiles>
    <StaticTiles />
  </TransInfo>
  <TransInfo Description="Dark Wooden Floor(NS) to Grass" HashKey="011A011A1A1A011A1A">
    <MapTiles>
      <MapTile TileID="1219" AltIDMod="0" />
    </MapTiles>
    <StaticTiles />
  </TransInfo>
  <TransInfo Description="Dark Wooden Floor(NS) to Grass" HashKey="0101011A1A1A011A1A">
    <MapTiles>
      <MapTile TileID="1219" AltIDMod="0" />
    </MapTiles>
    <StaticTiles />
  </TransInfo>
  <TransInfo Description="Dark Wooden Floor(NS) to Grass" HashKey="1A011A011A1A1A1A1A">
    <MapTiles>
      <MapTile TileID="1219" AltIDMod="0" />
    </MapTiles>
    <StaticTiles />
  </TransInfo>
  <TransInfo Description="Dark Wooden Floor(NS) to Grass" HashKey="011A01011A1A011A1A">
    <MapTiles>
      <MapTile TileID="1219" AltIDMod="0" />
    </MapTiles>
    <StaticTiles />
  </TransInfo>
  <TransInfo Description="Dark Wooden Floor(NS) to Grass" HashKey="1A1A01011A1A011A1A">
    <MapTiles>
      <MapTile TileID="1219" AltIDMod="0" />
    </MapTiles>
    <StaticTiles />
  </TransInfo>
  <TransInfo Description="Dark Wooden Floor(NS) to Grass" HashKey="1A0101011A1A011A1A">
    <MapTiles>
      <MapTile TileID="1219" AltIDMod="0" />
    </MapTiles>
    <StaticTiles />
  </TransInfo>
  <TransInfo Description="Dark Wooden Floor(NS) to Grass" HashKey="1A1A01011A1A1A1A1A">
    <MapTiles>
      <MapTile TileID="1219" AltIDMod="0" />
    </MapTiles>
    <StaticTiles />
  </TransInfo>
  <TransInfo Description="Dark Wooden Floor(NS) to Grass" HashKey="1A011A011A1A011A1A">
    <MapTiles>
      <MapTile TileID="1219" AltIDMod="0" />
    </MapTiles>
    <StaticTiles />
  </TransInfo>
  <TransInfo Description="Dark Wooden Floor(NS) to Grass" HashKey="1A011A1A1A1A011A1A">
    <MapTiles>
      <MapTile TileID="1219" AltIDMod="0" />
    </MapTiles>
    <StaticTiles />
  </TransInfo>
  <TransInfo Description="Dark Wooden Floor(NS) to Grass" HashKey="1A0101011A1A1A1A1A">
    <MapTiles>
      <MapTile TileID="1219" AltIDMod="0" />
    </MapTiles>
    <StaticTiles />
  </TransInfo>
  <TransInfo Description="Dark Wooden Floor(NS) to Grass" HashKey="011A1A011A1A010101">
    <MapTiles>
      <MapTile TileID="1217" AltIDMod="0" />
    </MapTiles>
    <StaticTiles />
  </TransInfo>
  <TransInfo Description="Dark Wooden Floor(NS) to Grass" HashKey="1A1A1A011A1A010101">
    <MapTiles>
      <MapTile TileID="1217" AltIDMod="0" />
    </MapTiles>
    <StaticTiles />
  </TransInfo>
  <TransInfo Description="Dark Wooden Floor(NS) to Grass" HashKey="011A1A011A1A01011A">
    <MapTiles>
      <MapTile TileID="1217" AltIDMod="0" />
    </MapTiles>
    <StaticTiles />
  </TransInfo>
  <TransInfo Description="Dark Wooden Floor(NS) to Grass" HashKey="1A1A1A011A1A01011A">
    <MapTiles>
      <MapTile TileID="1217" AltIDMod="0" />
    </MapTiles>
    <StaticTiles />
  </TransInfo>
  <TransInfo Description="Dark Wooden Floor(NS) to Grass" HashKey="1A1A1A011A1A1A011A">
    <MapTiles>
      <MapTile TileID="1217" AltIDMod="0" />
    </MapTiles>
    <StaticTiles />
  </TransInfo>
  <TransInfo Description="Dark Wooden Floor(NS) to Grass" HashKey="011A1A011A1A1A1A01">
    <MapTiles>
      <MapTile TileID="1217" AltIDMod="0" />
    </MapTiles>
    <StaticTiles />
  </TransInfo>
  <TransInfo Description="Dark Wooden Floor(NS) to Grass" HashKey="011A1A1A1A1A010101">
    <MapTiles>
      <MapTile TileID="1217" AltIDMod="0" />
    </MapTiles>
    <StaticTiles />
  </TransInfo>
  <TransInfo Description="Dark Wooden Floor(NS) to Grass" HashKey="011A1A1A1A1A01011A">
    <MapTiles>
      <MapTile TileID="1217" AltIDMod="0" />
    </MapTiles>
    <StaticTiles />
  </TransInfo>
  <TransInfo Description="Dark Wooden Floor(NS) to Grass" HashKey="011A1A1A1A1A1A011A">
    <MapTiles>
      <MapTile TileID="1217" AltIDMod="0" />
    </MapTiles>
    <StaticTiles />
  </TransInfo>
  <TransInfo Description="Dark Wooden Floor(NS) to Grass" HashKey="1A1A1A011A1A011A01">
    <MapTiles>
      <MapTile TileID="1217" AltIDMod="0" />
    </MapTiles>
    <StaticTiles />
  </TransInfo>
  <TransInfo Description="Dark Wooden Floor(NS) to Grass" HashKey="011A1A011A1A011A01">
    <MapTiles>
      <MapTile TileID="1217" AltIDMod="0" />
    </MapTiles>
    <StaticTiles />
  </TransInfo>
  <TransInfo Description="Dark Wooden Floor(NS) to Grass" HashKey="011A1A1A1A1A1A0101">
    <MapTiles>
      <MapTile TileID="1217" AltIDMod="0" />
    </MapTiles>
    <StaticTiles />
  </TransInfo>
  <TransInfo Description="Dark Wooden Floor(NS) to Grass" HashKey="011A1A011A1A1A0101">
    <MapTiles>
      <MapTile TileID="1217" AltIDMod="0" />
    </MapTiles>
    <StaticTiles />
  </TransInfo>
  <TransInfo Description="Dark Wooden Floor(NS) to Grass" HashKey="1A1A1A011A1A1A0101">
    <MapTiles>
      <MapTile TileID="1217" AltIDMod="0" />
    </MapTiles>
    <StaticTiles />
  </TransInfo>
  <TransInfo Description="Dark Wooden Floor(NS) to Grass" HashKey="1A1A1A011A1A1A1A01">
    <MapTiles>
      <MapTile TileID="1217" AltIDMod="0" />
    </MapTiles>
    <StaticTiles />
  </TransInfo>
  <TransInfo Description="Dark Wooden Floor(NS) to Grass" HashKey="011A1A1A1A1A011A01">
    <MapTiles>
      <MapTile TileID="1217" AltIDMod="0" />
    </MapTiles>
    <StaticTiles />
  </TransInfo>
  <TransInfo Description="Dark Wooden Floor(NS) to Grass" HashKey="011A1A011A1A1A011A">
    <MapTiles>
      <MapTile TileID="1217" AltIDMod="0" />
    </MapTiles>
    <StaticTiles />
  </TransInfo>
  <TransInfo Description="Dark Wooden Floor(NS) to Grass" HashKey="0101011A1A011A1A01">
    <MapTiles>
      <MapTile TileID="1218" AltIDMod="0" />
    </MapTiles>
    <StaticTiles />
  </TransInfo>
  <TransInfo Description="Dark Wooden Floor(NS) to Grass" HashKey="0101011A1A011A1A1A">
    <MapTiles>
      <MapTile TileID="1218" AltIDMod="0" />
    </MapTiles>
    <StaticTiles />
  </TransInfo>
  <TransInfo Description="Dark Wooden Floor(NS) to Grass" HashKey="1A01011A1A011A1A01">
    <MapTiles>
      <MapTile TileID="1218" AltIDMod="0" />
    </MapTiles>
    <StaticTiles />
  </TransInfo>
  <TransInfo Description="Dark Wooden Floor(NS) to Grass" HashKey="1A01011A1A011A1A1A">
    <MapTiles>
      <MapTile TileID="1218" AltIDMod="0" />
    </MapTiles>
    <StaticTiles />
  </TransInfo>
  <TransInfo Description="Dark Wooden Floor(NS) to Grass" HashKey="011A1A1A1A011A1A01">
    <MapTiles>
      <MapTile TileID="1218" AltIDMod="0" />
    </MapTiles>
    <StaticTiles />
  </TransInfo>
  <TransInfo Description="Dark Wooden Floor(NS) to Grass" HashKey="011A011A1A011A1A1A">
    <MapTiles>
      <MapTile TileID="1218" AltIDMod="0" />
    </MapTiles>
    <StaticTiles />
  </TransInfo>
  <TransInfo Description="Dark Wooden Floor(NS) to Grass" HashKey="011A011A1A011A1A01">
    <MapTiles>
      <MapTile TileID="1218" AltIDMod="0" />
    </MapTiles>
    <StaticTiles />
  </TransInfo>
  <TransInfo Description="Dark Wooden Floor(NS) to Grass" HashKey="01011A1A1A1A1A1A01">
    <MapTiles>
      <MapTile TileID="1218" AltIDMod="0" />
    </MapTiles>
    <StaticTiles />
  </TransInfo>
  <TransInfo Description="Dark Wooden Floor(NS) to Grass" HashKey="1A011A1A1A1A1A1A01">
    <MapTiles>
      <MapTile TileID="1218" AltIDMod="0" />
    </MapTiles>
    <StaticTiles />
  </TransInfo>
  <TransInfo Description="Dark Wooden Floor(NS) to Grass" HashKey="0101011A1A1A1A1A01">
    <MapTiles>
      <MapTile TileID="1218" AltIDMod="0" />
    </MapTiles>
    <StaticTiles />
  </TransInfo>
  <TransInfo Description="Dark Wooden Floor(NS) to Grass" HashKey="01011A1A1A011A1A1A">
    <MapTiles>
      <MapTile TileID="1218" AltIDMod="0" />
    </MapTiles>
    <StaticTiles />
  </TransInfo>
  <TransInfo Description="Dark Wooden Floor(NS) to Grass" HashKey="1A01011A1A1A1A1A01">
    <MapTiles>
      <MapTile TileID="1218" AltIDMod="0" />
    </MapTiles>
    <StaticTiles />
  </TransInfo>
  <TransInfo Description="Dark Wooden Floor(NS) to Grass" HashKey="1A011A1A1A011A1A1A">
    <MapTiles>
      <MapTile TileID="1218" AltIDMod="0" />
    </MapTiles>
    <StaticTiles />
  </TransInfo>
  <TransInfo Description="Dark Wooden Floor(NS) to Grass" HashKey="011A1A1A1A011A1A1A">
    <MapTiles>
      <MapTile TileID="1218" AltIDMod="0" />
    </MapTiles>
    <StaticTiles />
  </TransInfo>
  <TransInfo Description="Dark Wooden Floor(NS) to Grass" HashKey="011A011A1A1A1A1A01">
    <MapTiles>
      <MapTile TileID="1218" AltIDMod="0" />
    </MapTiles>
    <StaticTiles />
  </TransInfo>
  <TransInfo Description="Dark Wooden Floor(NS) to Grass" HashKey="1A011A1A1A011A1A01">
    <MapTiles>
      <MapTile TileID="1218" AltIDMod="0" />
    </MapTiles>
    <StaticTiles />
  </TransInfo>
  <TransInfo Description="Dark Wooden Floor(NS) to Grass" HashKey="01011A1A1A011A1A01">
    <MapTiles>
      <MapTile TileID="1218" AltIDMod="0" />
    </MapTiles>
    <StaticTiles />
  </TransInfo>
  <TransInfo Description="Dark Wooden Floor(NS) to Grass" HashKey="011A1A1A1A1A1A1A1A">
    <MapTiles>
      <MapTile TileID="1220" AltIDMod="0" />
    </MapTiles>
    <StaticTiles />
  </TransInfo>
  <TransInfo Description="Dark Wooden Floor(NS) to Grass" HashKey="1A1A1A1A1A1A1A1A01">
    <MapTiles>
      <MapTile TileID="1222" AltIDMod="0" />
    </MapTiles>
    <StaticTiles />
  </TransInfo>
  <TransInfo Description="Dark Wooden Floor(NS) to Grass" HashKey="1A1A011A1A1A1A1A1A">
    <MapTiles>
      <MapTile TileID="1035" AltIDMod="0" />
    </MapTiles>
    <StaticTiles />
  </TransInfo>
  <TransInfo Description="Dark Wooden Floor(NS) to Grass" HashKey="1A1A1A1A1A1A011A1A">
    <MapTiles>
      <MapTile TileID="1036" AltIDMod="0" />
    </MapTiles>
    <StaticTiles />
  </TransInfo>
</Trans>