﻿<?xml version="1.0" encoding="utf-8"?>
<Trans>
    <TransInfo Description="Dark Wooden Floor(NS) to Small Dirt" HashKey="0808081A1A1A1A1A1A">
    <MapTiles>
      <MapTile TileID="1215" AltIDMod="0" />
    </MapTiles>
    <StaticTiles />
  </TransInfo>
  <TransInfo Description="Dark Wooden Floor(NS) to Small Dirt" HashKey="1A08081A1A1A1A1A1A">
    <MapTiles>
      <MapTile TileID="1215" AltIDMod="0" />
    </MapTiles>
    <StaticTiles />
  </TransInfo>
  <TransInfo Description="Dark Wooden Floor(NS) to Small Dirt" HashKey="08081A1A1A1A1A1A1A">
    <MapTiles>
      <MapTile TileID="1215" AltIDMod="0" />
    </MapTiles>
    <StaticTiles />
  </TransInfo>
  <TransInfo Description="Dark Wooden Floor(NS) to Small Dirt" HashKey="1A081A1A1A1A1A1A1A">
    <MapTiles>
      <MapTile TileID="1215" AltIDMod="0" />
    </MapTiles>
    <StaticTiles />
  </TransInfo>
  <TransInfo Description="Dark Wooden Floor(NS) to Small Dirt" HashKey="081A081A1A1A1A1A1A">
    <MapTiles>
      <MapTile TileID="1215" AltIDMod="0" />
    </MapTiles>
    <StaticTiles />
  </TransInfo>
  <TransInfo Description="Dark Wooden Floor(NS) to Small Dirt" HashKey="081A1A081A1A081A1A">
    <MapTiles>
      <MapTile TileID="1212" AltIDMod="0" />
    </MapTiles>
    <StaticTiles />
  </TransInfo>
  <TransInfo Description="Dark Wooden Floor(NS) to Small Dirt" HashKey="081A1A081A1A1A1A1A">
    <MapTiles>
      <MapTile TileID="1212" AltIDMod="0" />
    </MapTiles>
    <StaticTiles />
  </TransInfo>
  <TransInfo Description="Dark Wooden Floor(NS) to Small Dirt" HashKey="1A1A1A081A1A081A1A">
    <MapTiles>
      <MapTile TileID="1212" AltIDMod="0" />
    </MapTiles>
    <StaticTiles />
  </TransInfo>
  <TransInfo Description="Dark Wooden Floor(NS) to Small Dirt" HashKey="1A1A1A081A1A1A1A1A">
    <MapTiles>
      <MapTile TileID="1212" AltIDMod="0" />
    </MapTiles>
    <StaticTiles />
  </TransInfo>
  <TransInfo Description="Dark Wooden Floor(NS) to Small Dirt" HashKey="081A1A1A1A1A081A1A">
    <MapTiles>
      <MapTile TileID="1212" AltIDMod="0" />
    </MapTiles>
    <StaticTiles />
  </TransInfo>
  <TransInfo Description="Dark Wooden Floor(NS) to Small Dirt" HashKey="1A1A081A1A081A1A08">
    <MapTiles>
      <MapTile TileID="1214" AltIDMod="0" />
    </MapTiles>
    <StaticTiles />
  </TransInfo>
  <TransInfo Description="Dark Wooden Floor(NS) to Small Dirt" HashKey="1A1A1A1A1A081A1A08">
    <MapTiles>
      <MapTile TileID="1214" AltIDMod="0" />
    </MapTiles>
    <StaticTiles />
  </TransInfo>
  <TransInfo Description="Dark Wooden Floor(NS) to Small Dirt" HashKey="1A1A081A1A081A1A1A">
    <MapTiles>
      <MapTile TileID="1214" AltIDMod="0" />
    </MapTiles>
    <StaticTiles />
  </TransInfo>
  <TransInfo Description="Dark Wooden Floor(NS) to Small Dirt" HashKey="1A1A1A1A1A081A1A1A">
    <MapTiles>
      <MapTile TileID="1214" AltIDMod="0" />
    </MapTiles>
    <StaticTiles />
  </TransInfo>
  <TransInfo Description="Dark Wooden Floor(NS) to Small Dirt" HashKey="1A1A081A1A1A1A1A08">
    <MapTiles>
      <MapTile TileID="1214" AltIDMod="0" />
    </MapTiles>
    <StaticTiles />
  </TransInfo>
  <TransInfo Description="Dark Wooden Floor(NS) to Small Dirt" HashKey="1A1A1A1A1A1A080808">
    <MapTiles>
      <MapTile TileID="1213" AltIDMod="0" />
    </MapTiles>
    <StaticTiles />
  </TransInfo>
  <TransInfo Description="Dark Wooden Floor(NS) to Small Dirt" HashKey="1A1A1A1A1A1A08081A">
    <MapTiles>
      <MapTile TileID="1213" AltIDMod="0" />
    </MapTiles>
    <StaticTiles />
  </TransInfo>
  <TransInfo Description="Dark Wooden Floor(NS) to Small Dirt" HashKey="1A1A1A1A1A1A1A0808">
    <MapTiles>
      <MapTile TileID="1213" AltIDMod="0" />
    </MapTiles>
    <StaticTiles />
  </TransInfo>
  <TransInfo Description="Dark Wooden Floor(NS) to Small Dirt" HashKey="1A1A1A1A1A1A1A081A">
    <MapTiles>
      <MapTile TileID="1213" AltIDMod="0" />
    </MapTiles>
    <StaticTiles />
  </TransInfo>
  <TransInfo Description="Dark Wooden Floor(NS) to Small Dirt" HashKey="1A1A1A1A1A1A081A08">
    <MapTiles>
      <MapTile TileID="1213" AltIDMod="0" />
    </MapTiles>
    <StaticTiles />
  </TransInfo>
  <TransInfo Description="Dark Wooden Floor(NS) to Small Dirt" HashKey="1A1A081A1A08080808">
    <MapTiles>
      <MapTile TileID="1216" AltIDMod="0" />
    </MapTiles>
    <StaticTiles />
  </TransInfo>
  <TransInfo Description="Dark Wooden Floor(NS) to Small Dirt" HashKey="1A1A1A1A1A08080808">
    <MapTiles>
      <MapTile TileID="1216" AltIDMod="0" />
    </MapTiles>
    <StaticTiles />
  </TransInfo>
  <TransInfo Description="Dark Wooden Floor(NS) to Small Dirt" HashKey="1A1A081A1A081A0808">
    <MapTiles>
      <MapTile TileID="1216" AltIDMod="0" />
    </MapTiles>
    <StaticTiles />
  </TransInfo>
  <TransInfo Description="Dark Wooden Floor(NS) to Small Dirt" HashKey="1A1A1A1A1A081A0808">
    <MapTiles>
      <MapTile TileID="1216" AltIDMod="0" />
    </MapTiles>
    <StaticTiles />
  </TransInfo>
  <TransInfo Description="Dark Wooden Floor(NS) to Small Dirt" HashKey="1A1A1A1A1A081A081A">
    <MapTiles>
      <MapTile TileID="1216" AltIDMod="0" />
    </MapTiles>
    <StaticTiles />
  </TransInfo>
  <TransInfo Description="Dark Wooden Floor(NS) to Small Dirt" HashKey="1A1A081A1A1A1A0808">
    <MapTiles>
      <MapTile TileID="1216" AltIDMod="0" />
    </MapTiles>
    <StaticTiles />
  </TransInfo>
  <TransInfo Description="Dark Wooden Floor(NS) to Small Dirt" HashKey="1A1A081A1A1A080808">
    <MapTiles>
      <MapTile TileID="1216" AltIDMod="0" />
    </MapTiles>
    <StaticTiles />
  </TransInfo>
  <TransInfo Description="Dark Wooden Floor(NS) to Small Dirt" HashKey="1A1A081A1A1A08081A">
    <MapTiles>
      <MapTile TileID="1216" AltIDMod="0" />
    </MapTiles>
    <StaticTiles />
  </TransInfo>
  <TransInfo Description="Dark Wooden Floor(NS) to Small Dirt" HashKey="1A1A1A1A1A08081A08">
    <MapTiles>
      <MapTile TileID="1216" AltIDMod="0" />
    </MapTiles>
    <StaticTiles />
  </TransInfo>
  <TransInfo Description="Dark Wooden Floor(NS) to Small Dirt" HashKey="1A1A081A1A08081A08">
    <MapTiles>
      <MapTile TileID="1216" AltIDMod="0" />
    </MapTiles>
    <StaticTiles />
  </TransInfo>
  <TransInfo Description="Dark Wooden Floor(NS) to Small Dirt" HashKey="1A1A081A1A0808081A">
    <MapTiles>
      <MapTile TileID="1216" AltIDMod="0" />
    </MapTiles>
    <StaticTiles />
  </TransInfo>
  <TransInfo Description="Dark Wooden Floor(NS) to Small Dirt" HashKey="1A1A081A1A08081A1A">
    <MapTiles>
      <MapTile TileID="1216" AltIDMod="0" />
    </MapTiles>
    <StaticTiles />
  </TransInfo>
  <TransInfo Description="Dark Wooden Floor(NS) to Small Dirt" HashKey="1A1A081A1A1A1A081A">
    <MapTiles>
      <MapTile TileID="1216" AltIDMod="0" />
    </MapTiles>
    <StaticTiles />
  </TransInfo>
  <TransInfo Description="Dark Wooden Floor(NS) to Small Dirt" HashKey="1A1A1A1A1A08081A1A">
    <MapTiles>
      <MapTile TileID="1216" AltIDMod="0" />
    </MapTiles>
    <StaticTiles />
  </TransInfo>
  <TransInfo Description="Dark Wooden Floor(NS) to Small Dirt" HashKey="1A1A081A1A081A081A">
    <MapTiles>
      <MapTile TileID="1216" AltIDMod="0" />
    </MapTiles>
    <StaticTiles />
  </TransInfo>
  <TransInfo Description="Dark Wooden Floor(NS) to Small Dirt" HashKey="1A1A081A1A1A081A08">
    <MapTiles>
      <MapTile TileID="1216" AltIDMod="0" />
    </MapTiles>
    <StaticTiles />
  </TransInfo>
  <TransInfo Description="Dark Wooden Floor(NS) to Small Dirt" HashKey="1A1A1A1A1A0808081A">
    <MapTiles>
      <MapTile TileID="1216" AltIDMod="0" />
    </MapTiles>
    <StaticTiles />
  </TransInfo>
  <TransInfo Description="Dark Wooden Floor(NS) to Small Dirt" HashKey="080808081A1A081A1A">
    <MapTiles>
      <MapTile TileID="1219" AltIDMod="0" />
    </MapTiles>
    <StaticTiles />
  </TransInfo>
  <TransInfo Description="Dark Wooden Floor(NS) to Small Dirt" HashKey="08081A081A1A081A1A">
    <MapTiles>
      <MapTile TileID="1219" AltIDMod="0" />
    </MapTiles>
    <StaticTiles />
  </TransInfo>
  <TransInfo Description="Dark Wooden Floor(NS) to Small Dirt" HashKey="080808081A1A1A1A1A">
    <MapTiles>
      <MapTile TileID="1219" AltIDMod="0" />
    </MapTiles>
    <StaticTiles />
  </TransInfo>
  <TransInfo Description="Dark Wooden Floor(NS) to Small Dirt" HashKey="08081A081A1A1A1A1A">
    <MapTiles>
      <MapTile TileID="1219" AltIDMod="0" />
    </MapTiles>
    <StaticTiles />
  </TransInfo>
  <TransInfo Description="Dark Wooden Floor(NS) to Small Dirt" HashKey="081A08081A1A1A1A1A">
    <MapTiles>
      <MapTile TileID="1219" AltIDMod="0" />
    </MapTiles>
    <StaticTiles />
  </TransInfo>
  <TransInfo Description="Dark Wooden Floor(NS) to Small Dirt" HashKey="08081A1A1A1A081A1A">
    <MapTiles>
      <MapTile TileID="1219" AltIDMod="0" />
    </MapTiles>
    <StaticTiles />
  </TransInfo>
  <TransInfo Description="Dark Wooden Floor(NS) to Small Dirt" HashKey="1A08081A1A1A081A1A">
    <MapTiles>
      <MapTile TileID="1219" AltIDMod="0" />
    </MapTiles>
    <StaticTiles />
  </TransInfo>
  <TransInfo Description="Dark Wooden Floor(NS) to Small Dirt" HashKey="081A081A1A1A081A1A">
    <MapTiles>
      <MapTile TileID="1219" AltIDMod="0" />
    </MapTiles>
    <StaticTiles />
  </TransInfo>
  <TransInfo Description="Dark Wooden Floor(NS) to Small Dirt" HashKey="0808081A1A1A081A1A">
    <MapTiles>
      <MapTile TileID="1219" AltIDMod="0" />
    </MapTiles>
    <StaticTiles />
  </TransInfo>
  <TransInfo Description="Dark Wooden Floor(NS) to Small Dirt" HashKey="1A081A081A1A1A1A1A">
    <MapTiles>
      <MapTile TileID="1219" AltIDMod="0" />
    </MapTiles>
    <StaticTiles />
  </TransInfo>
  <TransInfo Description="Dark Wooden Floor(NS) to Small Dirt" HashKey="081A08081A1A081A1A">
    <MapTiles>
      <MapTile TileID="1219" AltIDMod="0" />
    </MapTiles>
    <StaticTiles />
  </TransInfo>
  <TransInfo Description="Dark Wooden Floor(NS) to Small Dirt" HashKey="1A1A08081A1A081A1A">
    <MapTiles>
      <MapTile TileID="1219" AltIDMod="0" />
    </MapTiles>
    <StaticTiles />
  </TransInfo>
  <TransInfo Description="Dark Wooden Floor(NS) to Small Dirt" HashKey="1A0808081A1A081A1A">
    <MapTiles>
      <MapTile TileID="1219" AltIDMod="0" />
    </MapTiles>
    <StaticTiles />
  </TransInfo>
  <TransInfo Description="Dark Wooden Floor(NS) to Small Dirt" HashKey="1A1A08081A1A1A1A1A">
    <MapTiles>
      <MapTile TileID="1219" AltIDMod="0" />
    </MapTiles>
    <StaticTiles />
  </TransInfo>
  <TransInfo Description="Dark Wooden Floor(NS) to Small Dirt" HashKey="1A081A081A1A081A1A">
    <MapTiles>
      <MapTile TileID="1219" AltIDMod="0" />
    </MapTiles>
    <StaticTiles />
  </TransInfo>
  <TransInfo Description="Dark Wooden Floor(NS) to Small Dirt" HashKey="1A081A1A1A1A081A1A">
    <MapTiles>
      <MapTile TileID="1219" AltIDMod="0" />
    </MapTiles>
    <StaticTiles />
  </TransInfo>
  <TransInfo Description="Dark Wooden Floor(NS) to Small Dirt" HashKey="1A0808081A1A1A1A1A">
    <MapTiles>
      <MapTile TileID="1219" AltIDMod="0" />
    </MapTiles>
    <StaticTiles />
  </TransInfo>
  <TransInfo Description="Dark Wooden Floor(NS) to Small Dirt" HashKey="081A1A081A1A080808">
    <MapTiles>
      <MapTile TileID="1217" AltIDMod="0" />
    </MapTiles>
    <StaticTiles />
  </TransInfo>
  <TransInfo Description="Dark Wooden Floor(NS) to Small Dirt" HashKey="1A1A1A081A1A080808">
    <MapTiles>
      <MapTile TileID="1217" AltIDMod="0" />
    </MapTiles>
    <StaticTiles />
  </TransInfo>
  <TransInfo Description="Dark Wooden Floor(NS) to Small Dirt" HashKey="081A1A081A1A08081A">
    <MapTiles>
      <MapTile TileID="1217" AltIDMod="0" />
    </MapTiles>
    <StaticTiles />
  </TransInfo>
  <TransInfo Description="Dark Wooden Floor(NS) to Small Dirt" HashKey="1A1A1A081A1A08081A">
    <MapTiles>
      <MapTile TileID="1217" AltIDMod="0" />
    </MapTiles>
    <StaticTiles />
  </TransInfo>
  <TransInfo Description="Dark Wooden Floor(NS) to Small Dirt" HashKey="1A1A1A081A1A1A081A">
    <MapTiles>
      <MapTile TileID="1217" AltIDMod="0" />
    </MapTiles>
    <StaticTiles />
  </TransInfo>
  <TransInfo Description="Dark Wooden Floor(NS) to Small Dirt" HashKey="081A1A081A1A1A1A08">
    <MapTiles>
      <MapTile TileID="1217" AltIDMod="0" />
    </MapTiles>
    <StaticTiles />
  </TransInfo>
  <TransInfo Description="Dark Wooden Floor(NS) to Small Dirt" HashKey="081A1A1A1A1A080808">
    <MapTiles>
      <MapTile TileID="1217" AltIDMod="0" />
    </MapTiles>
    <StaticTiles />
  </TransInfo>
  <TransInfo Description="Dark Wooden Floor(NS) to Small Dirt" HashKey="081A1A1A1A1A08081A">
    <MapTiles>
      <MapTile TileID="1217" AltIDMod="0" />
    </MapTiles>
    <StaticTiles />
  </TransInfo>
  <TransInfo Description="Dark Wooden Floor(NS) to Small Dirt" HashKey="081A1A1A1A1A1A081A">
    <MapTiles>
      <MapTile TileID="1217" AltIDMod="0" />
    </MapTiles>
    <StaticTiles />
  </TransInfo>
  <TransInfo Description="Dark Wooden Floor(NS) to Small Dirt" HashKey="1A1A1A081A1A081A08">
    <MapTiles>
      <MapTile TileID="1217" AltIDMod="0" />
    </MapTiles>
    <StaticTiles />
  </TransInfo>
  <TransInfo Description="Dark Wooden Floor(NS) to Small Dirt" HashKey="081A1A081A1A081A08">
    <MapTiles>
      <MapTile TileID="1217" AltIDMod="0" />
    </MapTiles>
    <StaticTiles />
  </TransInfo>
  <TransInfo Description="Dark Wooden Floor(NS) to Small Dirt" HashKey="081A1A1A1A1A1A0808">
    <MapTiles>
      <MapTile TileID="1217" AltIDMod="0" />
    </MapTiles>
    <StaticTiles />
  </TransInfo>
  <TransInfo Description="Dark Wooden Floor(NS) to Small Dirt" HashKey="081A1A081A1A1A0808">
    <MapTiles>
      <MapTile TileID="1217" AltIDMod="0" />
    </MapTiles>
    <StaticTiles />
  </TransInfo>
  <TransInfo Description="Dark Wooden Floor(NS) to Small Dirt" HashKey="1A1A1A081A1A1A0808">
    <MapTiles>
      <MapTile TileID="1217" AltIDMod="0" />
    </MapTiles>
    <StaticTiles />
  </TransInfo>
  <TransInfo Description="Dark Wooden Floor(NS) to Small Dirt" HashKey="1A1A1A081A1A1A1A08">
    <MapTiles>
      <MapTile TileID="1217" AltIDMod="0" />
    </MapTiles>
    <StaticTiles />
  </TransInfo>
  <TransInfo Description="Dark Wooden Floor(NS) to Small Dirt" HashKey="081A1A1A1A1A081A08">
    <MapTiles>
      <MapTile TileID="1217" AltIDMod="0" />
    </MapTiles>
    <StaticTiles />
  </TransInfo>
  <TransInfo Description="Dark Wooden Floor(NS) to Small Dirt" HashKey="081A1A081A1A1A081A">
    <MapTiles>
      <MapTile TileID="1217" AltIDMod="0" />
    </MapTiles>
    <StaticTiles />
  </TransInfo>
  <TransInfo Description="Dark Wooden Floor(NS) to Small Dirt" HashKey="0808081A1A081A1A08">
    <MapTiles>
      <MapTile TileID="1208" AltIDMod="0" />
    </MapTiles>
    <StaticTiles />
  </TransInfo>
  <TransInfo Description="Dark Wooden Floor(NS) to Small Dirt" HashKey="0808081A1A081A1A1A">
    <MapTiles>
      <MapTile TileID="1208" AltIDMod="0" />
    </MapTiles>
    <StaticTiles />
  </TransInfo>
  <TransInfo Description="Dark Wooden Floor(NS) to Small Dirt" HashKey="1A08081A1A081A1A08">
    <MapTiles>
      <MapTile TileID="1208" AltIDMod="0" />
    </MapTiles>
    <StaticTiles />
  </TransInfo>
  <TransInfo Description="Dark Wooden Floor(NS) to Small Dirt" HashKey="1A08081A1A081A1A1A">
    <MapTiles>
      <MapTile TileID="1208" AltIDMod="0" />
    </MapTiles>
    <StaticTiles />
  </TransInfo>
  <TransInfo Description="Dark Wooden Floor(NS) to Small Dirt" HashKey="081A1A1A1A081A1A08">
    <MapTiles>
      <MapTile TileID="1208" AltIDMod="0" />
    </MapTiles>
    <StaticTiles />
  </TransInfo>
  <TransInfo Description="Dark Wooden Floor(NS) to Small Dirt" HashKey="081A081A1A081A1A1A">
    <MapTiles>
      <MapTile TileID="1208" AltIDMod="0" />
    </MapTiles>
    <StaticTiles />
  </TransInfo>
  <TransInfo Description="Dark Wooden Floor(NS) to Small Dirt" HashKey="081A081A1A081A1A08">
    <MapTiles>
      <MapTile TileID="1208" AltIDMod="0" />
    </MapTiles>
    <StaticTiles />
  </TransInfo>
  <TransInfo Description="Dark Wooden Floor(NS) to Small Dirt" HashKey="08081A1A1A1A1A1A08">
    <MapTiles>
      <MapTile TileID="1208" AltIDMod="0" />
    </MapTiles>
    <StaticTiles />
  </TransInfo>
  <TransInfo Description="Dark Wooden Floor(NS) to Small Dirt" HashKey="1A081A1A1A1A1A1A08">
    <MapTiles>
      <MapTile TileID="1208" AltIDMod="0" />
    </MapTiles>
    <StaticTiles />
  </TransInfo>
  <TransInfo Description="Dark Wooden Floor(NS) to Small Dirt" HashKey="0808081A1A1A1A1A08">
    <MapTiles>
      <MapTile TileID="1208" AltIDMod="0" />
    </MapTiles>
    <StaticTiles />
  </TransInfo>
  <TransInfo Description="Dark Wooden Floor(NS) to Small Dirt" HashKey="08081A1A1A081A1A1A">
    <MapTiles>
      <MapTile TileID="1208" AltIDMod="0" />
    </MapTiles>
    <StaticTiles />
  </TransInfo>
  <TransInfo Description="Dark Wooden Floor(NS) to Small Dirt" HashKey="1A08081A1A1A1A1A08">
    <MapTiles>
      <MapTile TileID="1208" AltIDMod="0" />
    </MapTiles>
    <StaticTiles />
  </TransInfo>
  <TransInfo Description="Dark Wooden Floor(NS) to Small Dirt" HashKey="1A081A1A1A081A1A1A">
    <MapTiles>
      <MapTile TileID="1208" AltIDMod="0" />
    </MapTiles>
    <StaticTiles />
  </TransInfo>
  <TransInfo Description="Dark Wooden Floor(NS) to Small Dirt" HashKey="081A1A1A1A081A1A1A">
    <MapTiles>
      <MapTile TileID="1208" AltIDMod="0" />
    </MapTiles>
    <StaticTiles />
  </TransInfo>
  <TransInfo Description="Dark Wooden Floor(NS) to Small Dirt" HashKey="081A081A1A1A1A1A08">
    <MapTiles>
      <MapTile TileID="1208" AltIDMod="0" />
    </MapTiles>
    <StaticTiles />
  </TransInfo>
  <TransInfo Description="Dark Wooden Floor(NS) to Small Dirt" HashKey="1A081A1A1A081A1A08">
    <MapTiles>
      <MapTile TileID="1208" AltIDMod="0" />
    </MapTiles>
    <StaticTiles />
  </TransInfo>
  <TransInfo Description="Dark Wooden Floor(NS) to Small Dirt" HashKey="08081A1A1A081A1A08">
    <MapTiles>
      <MapTile TileID="1208" AltIDMod="0" />
    </MapTiles>
    <StaticTiles />
  </TransInfo>
  <TransInfo Description="Dark Wooden Floor(NS) to Small Dirt" HashKey="081A1A1A1A1A1A1A1A">
    <MapTiles>
      <MapTile TileID="1220" AltIDMod="0" />
    </MapTiles>
    <StaticTiles />
  </TransInfo>
  <TransInfo Description="Dark Wooden Floor(NS) to Small Dirt" HashKey="1A1A1A1A1A1A1A1A08">
    <MapTiles>
      <MapTile TileID="1222" AltIDMod="0" />
    </MapTiles>
    <StaticTiles />
  </TransInfo>
  <TransInfo Description="Dark Wooden Floor(NS) to Small Dirt" HashKey="1A1A081A1A1A1A1A1A">
    <MapTiles>
      <MapTile TileID="1035" AltIDMod="0" />
    </MapTiles>
    <StaticTiles />
  </TransInfo>
  <TransInfo Description="Dark Wooden Floor(NS) to Small Dirt" HashKey="1A1A1A1A1A1A081A1A">
    <MapTiles>
      <MapTile TileID="1036" AltIDMod="0" />
    </MapTiles>
    <StaticTiles />
  </TransInfo>
</Trans>