﻿<?xml version="1.0" encoding="utf-8"?>
<Trans>
    <TransInfo Description="Rock to Jungle" HashKey="0A0A0A121212121212">
    <MapTiles>
      <MapTile TileID="254" AltIDMod="0" />
    </MapTiles>
    <StaticTiles />
  </TransInfo>
  <TransInfo Description="Rock to Jungle" HashKey="120A0A121212121212">
    <MapTiles>
      <MapTile TileID="254" AltIDMod="0" />
    </MapTiles>
    <StaticTiles />
  </TransInfo>
  <TransInfo Description="Rock to Jungle" HashKey="0A0A12121212121212">
    <MapTiles>
      <MapTile TileID="254" AltIDMod="0" />
    </MapTiles>
    <StaticTiles />
  </TransInfo>
  <TransInfo Description="Rock to Jungle" HashKey="120A12121212121212">
    <MapTiles>
      <MapTile TileID="254" AltIDMod="0" />
    </MapTiles>
    <StaticTiles />
  </TransInfo>
  <TransInfo Description="Rock to Jungle" HashKey="0A120A121212121212">
    <MapTiles>
      <MapTile TileID="254" AltIDMod="0" />
    </MapTiles>
    <StaticTiles />
  </TransInfo>
  <TransInfo Description="Rock to Jungle" HashKey="0A12120A12120A1212">
    <MapTiles>
      <MapTile TileID="253" AltIDMod="0" />
    </MapTiles>
    <StaticTiles />
  </TransInfo>
  <TransInfo Description="Rock to Jungle" HashKey="0A12120A1212121212">
    <MapTiles>
      <MapTile TileID="253" AltIDMod="0" />
    </MapTiles>
    <StaticTiles />
  </TransInfo>
  <TransInfo Description="Rock to Jungle" HashKey="1212120A12120A1212">
    <MapTiles>
      <MapTile TileID="253" AltIDMod="0" />
    </MapTiles>
    <StaticTiles />
  </TransInfo>
  <TransInfo Description="Rock to Jungle" HashKey="1212120A1212121212">
    <MapTiles>
      <MapTile TileID="253" AltIDMod="0" />
    </MapTiles>
    <StaticTiles />
  </TransInfo>
  <TransInfo Description="Rock to Jungle" HashKey="0A12121212120A1212">
    <MapTiles>
      <MapTile TileID="253" AltIDMod="0" />
    </MapTiles>
    <StaticTiles />
  </TransInfo>
  <TransInfo Description="Rock to Jungle" HashKey="12120A12120A12120A">
    <MapTiles>
      <MapTile TileID="255" AltIDMod="0" />
    </MapTiles>
    <StaticTiles />
  </TransInfo>
  <TransInfo Description="Rock to Jungle" HashKey="12121212120A12120A">
    <MapTiles>
      <MapTile TileID="255" AltIDMod="0" />
    </MapTiles>
    <StaticTiles />
  </TransInfo>
  <TransInfo Description="Rock to Jungle" HashKey="12120A12120A121212">
    <MapTiles>
      <MapTile TileID="255" AltIDMod="0" />
    </MapTiles>
    <StaticTiles />
  </TransInfo>
  <TransInfo Description="Rock to Jungle" HashKey="12121212120A121212">
    <MapTiles>
      <MapTile TileID="255" AltIDMod="0" />
    </MapTiles>
    <StaticTiles />
  </TransInfo>
  <TransInfo Description="Rock to Jungle" HashKey="12120A12121212120A">
    <MapTiles>
      <MapTile TileID="255" AltIDMod="0" />
    </MapTiles>
    <StaticTiles />
  </TransInfo>
  <TransInfo Description="Rock to Jungle" HashKey="1212121212120A0A0A">
    <MapTiles>
      <MapTile TileID="252" AltIDMod="0" />
    </MapTiles>
    <StaticTiles />
  </TransInfo>
  <TransInfo Description="Rock to Jungle" HashKey="1212121212120A0A12">
    <MapTiles>
      <MapTile TileID="252" AltIDMod="0" />
    </MapTiles>
    <StaticTiles />
  </TransInfo>
  <TransInfo Description="Rock to Jungle" HashKey="121212121212120A0A">
    <MapTiles>
      <MapTile TileID="252" AltIDMod="0" />
    </MapTiles>
    <StaticTiles />
  </TransInfo>
  <TransInfo Description="Rock to Jungle" HashKey="121212121212120A12">
    <MapTiles>
      <MapTile TileID="252" AltIDMod="0" />
    </MapTiles>
    <StaticTiles />
  </TransInfo>
  <TransInfo Description="Rock to Jungle" HashKey="1212121212120A120A">
    <MapTiles>
      <MapTile TileID="252" AltIDMod="0" />
    </MapTiles>
    <StaticTiles />
  </TransInfo>
  <TransInfo Description="Rock to Jungle" HashKey="12120A12120A0A0A0A">
    <MapTiles>
      <MapTile TileID="259" AltIDMod="0" />    </MapTiles>
    <StaticTiles />
  </TransInfo>
  <TransInfo Description="Rock to Jungle" HashKey="12121212120A0A0A0A">
    <MapTiles>
      <MapTile TileID="259" AltIDMod="0" />    </MapTiles>
    <StaticTiles />
  </TransInfo>
  <TransInfo Description="Rock to Jungle" HashKey="12120A12120A120A0A">
    <MapTiles>
      <MapTile TileID="259" AltIDMod="0" />    </MapTiles>
    <StaticTiles />
  </TransInfo>
  <TransInfo Description="Rock to Jungle" HashKey="12121212120A120A0A">
    <MapTiles>
      <MapTile TileID="259" AltIDMod="0" />    </MapTiles>
    <StaticTiles />
  </TransInfo>
  <TransInfo Description="Rock to Jungle" HashKey="12121212120A120A12">
    <MapTiles>
      <MapTile TileID="259" AltIDMod="0" />    </MapTiles>
    <StaticTiles />
  </TransInfo>
  <TransInfo Description="Rock to Jungle" HashKey="12120A121212120A0A">
    <MapTiles>
      <MapTile TileID="259" AltIDMod="0" />    </MapTiles>
    <StaticTiles />
  </TransInfo>
  <TransInfo Description="Rock to Jungle" HashKey="12120A1212120A0A0A">
    <MapTiles>
      <MapTile TileID="259" AltIDMod="0" />    </MapTiles>
    <StaticTiles />
  </TransInfo>
  <TransInfo Description="Rock to Jungle" HashKey="12120A1212120A0A12">
    <MapTiles>
      <MapTile TileID="259" AltIDMod="0" />    </MapTiles>
    <StaticTiles />
  </TransInfo>
  <TransInfo Description="Rock to Jungle" HashKey="12121212120A0A120A">
    <MapTiles>
      <MapTile TileID="259" AltIDMod="0" />    </MapTiles>
    <StaticTiles />
  </TransInfo>
  <TransInfo Description="Rock to Jungle" HashKey="12120A12120A0A120A">
    <MapTiles>
      <MapTile TileID="259" AltIDMod="0" />    </MapTiles>
    <StaticTiles />
  </TransInfo>
  <TransInfo Description="Rock to Jungle" HashKey="12120A12120A0A0A12">
    <MapTiles>
      <MapTile TileID="259" AltIDMod="0" />    </MapTiles>
    <StaticTiles />
  </TransInfo>
  <TransInfo Description="Rock to Jungle" HashKey="12120A12120A0A1212">
    <MapTiles>
      <MapTile TileID="259" AltIDMod="0" />    </MapTiles>
    <StaticTiles />
  </TransInfo>
  <TransInfo Description="Rock to Jungle" HashKey="12120A121212120A12">
    <MapTiles>
      <MapTile TileID="259" AltIDMod="0" />    </MapTiles>
    <StaticTiles />
  </TransInfo>
  <TransInfo Description="Rock to Jungle" HashKey="12121212120A0A1212">
    <MapTiles>
      <MapTile TileID="259" AltIDMod="0" />    </MapTiles>
    <StaticTiles />
  </TransInfo>
  <TransInfo Description="Rock to Jungle" HashKey="12120A12120A120A12">
    <MapTiles>
      <MapTile TileID="259" AltIDMod="0" />    </MapTiles>
    <StaticTiles />
  </TransInfo>
  <TransInfo Description="Rock to Jungle" HashKey="12120A1212120A120A">
    <MapTiles>
      <MapTile TileID="259" AltIDMod="0" />    </MapTiles>
    <StaticTiles />
  </TransInfo>
  <TransInfo Description="Rock to Jungle" HashKey="12121212120A0A0A12">
    <MapTiles>
      <MapTile TileID="259" AltIDMod="0" />    </MapTiles>
    <StaticTiles />
  </TransInfo>
  <TransInfo Description="Rock to Jungle" HashKey="0A0A0A0A12120A1212">
    <MapTiles>
      <MapTile TileID="257" AltIDMod="0" />    </MapTiles>
    <StaticTiles />
  </TransInfo>
  <TransInfo Description="Rock to Jungle" HashKey="0A0A120A12120A1212">
    <MapTiles>
      <MapTile TileID="257" AltIDMod="0" />    </MapTiles>
    <StaticTiles />
  </TransInfo>
  <TransInfo Description="Rock to Jungle" HashKey="0A0A0A0A1212121212">
    <MapTiles>
      <MapTile TileID="257" AltIDMod="0" />    </MapTiles>
    <StaticTiles />
  </TransInfo>
  <TransInfo Description="Rock to Jungle" HashKey="0A0A120A1212121212">
    <MapTiles>
      <MapTile TileID="257" AltIDMod="0" />    </MapTiles>
    <StaticTiles />
  </TransInfo>
  <TransInfo Description="Rock to Jungle" HashKey="0A120A0A1212121212">
    <MapTiles>
      <MapTile TileID="257" AltIDMod="0" />    </MapTiles>
    <StaticTiles />
  </TransInfo>
  <TransInfo Description="Rock to Jungle" HashKey="0A0A121212120A1212">
    <MapTiles>
      <MapTile TileID="257" AltIDMod="0" />    </MapTiles>
    <StaticTiles />
  </TransInfo>
  <TransInfo Description="Rock to Jungle" HashKey="120A0A1212120A1212">
    <MapTiles>
      <MapTile TileID="257" AltIDMod="0" />    </MapTiles>
    <StaticTiles />
  </TransInfo>
  <TransInfo Description="Rock to Jungle" HashKey="0A120A1212120A1212">
    <MapTiles>
      <MapTile TileID="257" AltIDMod="0" />    </MapTiles>
    <StaticTiles />
  </TransInfo>
  <TransInfo Description="Rock to Jungle" HashKey="0A0A0A1212120A1212">
    <MapTiles>
      <MapTile TileID="257" AltIDMod="0" />    </MapTiles>
    <StaticTiles />
  </TransInfo>
  <TransInfo Description="Rock to Jungle" HashKey="120A120A1212121212">
    <MapTiles>
      <MapTile TileID="257" AltIDMod="0" />    </MapTiles>
    <StaticTiles />
  </TransInfo>
  <TransInfo Description="Rock to Jungle" HashKey="0A120A0A12120A1212">
    <MapTiles>
      <MapTile TileID="257" AltIDMod="0" />    </MapTiles>
    <StaticTiles />
  </TransInfo>
  <TransInfo Description="Rock to Jungle" HashKey="12120A0A12120A1212">
    <MapTiles>
      <MapTile TileID="257" AltIDMod="0" />    </MapTiles>
    <StaticTiles />
  </TransInfo>
  <TransInfo Description="Rock to Jungle" HashKey="120A0A0A12120A1212">
    <MapTiles>
      <MapTile TileID="257" AltIDMod="0" />    </MapTiles>
    <StaticTiles />
  </TransInfo>
  <TransInfo Description="Rock to Jungle" HashKey="12120A0A1212121212">
    <MapTiles>
      <MapTile TileID="257" AltIDMod="0" />    </MapTiles>
    <StaticTiles />
  </TransInfo>
  <TransInfo Description="Rock to Jungle" HashKey="120A120A12120A1212">
    <MapTiles>
      <MapTile TileID="257" AltIDMod="0" />    </MapTiles>
    <StaticTiles />
  </TransInfo>
  <TransInfo Description="Rock to Jungle" HashKey="120A121212120A1212">
    <MapTiles>
      <MapTile TileID="257" AltIDMod="0" />    </MapTiles>
    <StaticTiles />
  </TransInfo>
  <TransInfo Description="Rock to Jungle" HashKey="120A0A0A1212121212">
    <MapTiles>
      <MapTile TileID="257" AltIDMod="0" />    </MapTiles>
    <StaticTiles />
  </TransInfo>
  <TransInfo Description="Rock to Jungle" HashKey="0A12120A12120A0A0A">
    <MapTiles>
      <MapTile TileID="256" AltIDMod="0" />    </MapTiles>
    <StaticTiles />
  </TransInfo>
  <TransInfo Description="Rock to Jungle" HashKey="1212120A12120A0A0A">
    <MapTiles>
      <MapTile TileID="256" AltIDMod="0" />    </MapTiles>
    <StaticTiles />
  </TransInfo>
  <TransInfo Description="Rock to Jungle" HashKey="0A12120A12120A0A12">
    <MapTiles>
      <MapTile TileID="256" AltIDMod="0" />    </MapTiles>
    <StaticTiles />
  </TransInfo>
  <TransInfo Description="Rock to Jungle" HashKey="1212120A12120A0A12">
    <MapTiles>
      <MapTile TileID="256" AltIDMod="0" />    </MapTiles>
    <StaticTiles />
  </TransInfo>
  <TransInfo Description="Rock to Jungle" HashKey="1212120A1212120A12">
    <MapTiles>
      <MapTile TileID="256" AltIDMod="0" />    </MapTiles>
    <StaticTiles />
  </TransInfo>
  <TransInfo Description="Rock to Jungle" HashKey="0A12120A121212120A">
    <MapTiles>
      <MapTile TileID="256" AltIDMod="0" />    </MapTiles>
    <StaticTiles />
  </TransInfo>
  <TransInfo Description="Rock to Jungle" HashKey="0A12121212120A0A0A">
    <MapTiles>
      <MapTile TileID="256" AltIDMod="0" />    </MapTiles>
    <StaticTiles />
  </TransInfo>
  <TransInfo Description="Rock to Jungle" HashKey="0A12121212120A0A12">
    <MapTiles>
      <MapTile TileID="256" AltIDMod="0" />    </MapTiles>
    <StaticTiles />
  </TransInfo>
  <TransInfo Description="Rock to Jungle" HashKey="0A1212121212120A12">
    <MapTiles>
      <MapTile TileID="256" AltIDMod="0" />    </MapTiles>
    <StaticTiles />
  </TransInfo>
  <TransInfo Description="Rock to Jungle" HashKey="1212120A12120A120A">
    <MapTiles>
      <MapTile TileID="256" AltIDMod="0" />    </MapTiles>
    <StaticTiles />
  </TransInfo>
  <TransInfo Description="Rock to Jungle" HashKey="0A12120A12120A120A">
    <MapTiles>
      <MapTile TileID="256" AltIDMod="0" />    </MapTiles>
    <StaticTiles />
  </TransInfo>
  <TransInfo Description="Rock to Jungle" HashKey="0A1212121212120A0A">
    <MapTiles>
      <MapTile TileID="256" AltIDMod="0" />    </MapTiles>
    <StaticTiles />
  </TransInfo>
  <TransInfo Description="Rock to Jungle" HashKey="0A12120A1212120A0A">
    <MapTiles>
      <MapTile TileID="256" AltIDMod="0" />    </MapTiles>
    <StaticTiles />
  </TransInfo>
  <TransInfo Description="Rock to Jungle" HashKey="1212120A1212120A0A">
    <MapTiles>
      <MapTile TileID="256" AltIDMod="0" />    </MapTiles>
    <StaticTiles />
  </TransInfo>
  <TransInfo Description="Rock to Jungle" HashKey="1212120A121212120A">
    <MapTiles>
      <MapTile TileID="256" AltIDMod="0" />    </MapTiles>
    <StaticTiles />
  </TransInfo>
  <TransInfo Description="Rock to Jungle" HashKey="0A12121212120A120A">
    <MapTiles>
      <MapTile TileID="256" AltIDMod="0" />    </MapTiles>
    <StaticTiles />
  </TransInfo>
  <TransInfo Description="Rock to Jungle" HashKey="0A12120A1212120A12">
    <MapTiles>
      <MapTile TileID="256" AltIDMod="0" />    </MapTiles>
    <StaticTiles />
  </TransInfo>
  <TransInfo Description="Rock to Jungle" HashKey="0A0A0A12120A12120A">
    <MapTiles>
      <MapTile TileID="258" AltIDMod="0" />    </MapTiles>
    <StaticTiles />
  </TransInfo>
  <TransInfo Description="Rock to Jungle" HashKey="0A0A0A12120A121212">
    <MapTiles>
      <MapTile TileID="258" AltIDMod="0" />    </MapTiles>
    <StaticTiles />
  </TransInfo>
  <TransInfo Description="Rock to Jungle" HashKey="120A0A12120A12120A">
    <MapTiles>
      <MapTile TileID="258" AltIDMod="0" />    </MapTiles>
    <StaticTiles />
  </TransInfo>
  <TransInfo Description="Rock to Jungle" HashKey="120A0A12120A121212">
    <MapTiles>
      <MapTile TileID="258" AltIDMod="0" />    </MapTiles>
    <StaticTiles />
  </TransInfo>
  <TransInfo Description="Rock to Jungle" HashKey="0A121212120A12120A">
    <MapTiles>
      <MapTile TileID="258" AltIDMod="0" />    </MapTiles>
    <StaticTiles />
  </TransInfo>
  <TransInfo Description="Rock to Jungle" HashKey="0A120A12120A121212">
    <MapTiles>
      <MapTile TileID="258" AltIDMod="0" />    </MapTiles>
    <StaticTiles />
  </TransInfo>
  <TransInfo Description="Rock to Jungle" HashKey="0A120A12120A12120A">
    <MapTiles>
      <MapTile TileID="258" AltIDMod="0" />    </MapTiles>
    <StaticTiles />
  </TransInfo>
  <TransInfo Description="Rock to Jungle" HashKey="0A0A1212121212120A">
    <MapTiles>
      <MapTile TileID="258" AltIDMod="0" />    </MapTiles>
    <StaticTiles />
  </TransInfo>
  <TransInfo Description="Rock to Jungle" HashKey="120A1212121212120A">
    <MapTiles>
      <MapTile TileID="258" AltIDMod="0" />    </MapTiles>
    <StaticTiles />
  </TransInfo>
  <TransInfo Description="Rock to Jungle" HashKey="0A0A0A12121212120A">
    <MapTiles>
      <MapTile TileID="258" AltIDMod="0" />    </MapTiles>
    <StaticTiles />
  </TransInfo>
  <TransInfo Description="Rock to Jungle" HashKey="0A0A1212120A121212">
    <MapTiles>
      <MapTile TileID="258" AltIDMod="0" />    </MapTiles>
    <StaticTiles />
  </TransInfo>
  <TransInfo Description="Rock to Jungle" HashKey="120A0A12121212120A">
    <MapTiles>
      <MapTile TileID="258" AltIDMod="0" />    </MapTiles>
    <StaticTiles />
  </TransInfo>
  <TransInfo Description="Rock to Jungle" HashKey="120A1212120A121212">
    <MapTiles>
      <MapTile TileID="258" AltIDMod="0" />    </MapTiles>
    <StaticTiles />
  </TransInfo>
  <TransInfo Description="Rock to Jungle" HashKey="0A121212120A121212">
    <MapTiles>
      <MapTile TileID="258" AltIDMod="0" />    </MapTiles>
    <StaticTiles />
  </TransInfo>
  <TransInfo Description="Rock to Jungle" HashKey="0A120A12121212120A">
    <MapTiles>
      <MapTile TileID="258" AltIDMod="0" />    </MapTiles>
    <StaticTiles />
  </TransInfo>
  <TransInfo Description="Rock to Jungle" HashKey="120A1212120A12120A">
    <MapTiles>
      <MapTile TileID="258" AltIDMod="0" />    </MapTiles>
    <StaticTiles />
  </TransInfo>
  <TransInfo Description="Rock to Jungle" HashKey="0A0A1212120A12120A">
    <MapTiles>
      <MapTile TileID="258" AltIDMod="0" />    </MapTiles>
    <StaticTiles />
  </TransInfo>
  <TransInfo Description="Rock to Jungle" HashKey="0A1212121212121212">
    <MapTiles>
      <MapTile TileID="261" AltIDMod="0" />
    </MapTiles>
    <StaticTiles />
  </TransInfo>
  <TransInfo Description="Rock to Jungle" HashKey="12121212121212120A">
    <MapTiles>
      <MapTile TileID="263" AltIDMod="0" />
    </MapTiles>
    <StaticTiles />
  </TransInfo>
  <TransInfo Description="Rock to Jungle" HashKey="12120A121212121212">
    <MapTiles>
      <MapTile TileID="262" AltIDMod="0" />
    </MapTiles>
    <StaticTiles />
  </TransInfo>
  <TransInfo Description="Rock to Jungle" HashKey="1212121212120A1212">
    <MapTiles>
      <MapTile TileID="260" AltIDMod="0" />
    </MapTiles>
    <StaticTiles />
  </TransInfo>
</Trans>