﻿<?xml version="1.0" encoding="utf-8"?>
<Trans>
    <TransInfo Description="Rock to Sand" HashKey="040404121212121212">
    <MapTiles>
      <MapTile TileID="295" AltIDMod="0" />
    </MapTiles>
    <StaticTiles />
  </TransInfo>
  <TransInfo Description="Rock to Sand" HashKey="120404121212121212">
    <MapTiles>
      <MapTile TileID="295" AltIDMod="0" />
    </MapTiles>
    <StaticTiles />
  </TransInfo>
  <TransInfo Description="Rock to Sand" HashKey="040412121212121212">
    <MapTiles>
      <MapTile TileID="295" AltIDMod="0" />
    </MapTiles>
    <StaticTiles />
  </TransInfo>
  <TransInfo Description="Rock to Sand" HashKey="120412121212121212">
    <MapTiles>
      <MapTile TileID="295" AltIDMod="0" />
    </MapTiles>
    <StaticTiles />
  </TransInfo>
  <TransInfo Description="Rock to Sand" HashKey="041204121212121212">
    <MapTiles>
      <MapTile TileID="295" AltIDMod="0" />
    </MapTiles>
    <StaticTiles />
  </TransInfo>
  <TransInfo Description="Rock to Sand" HashKey="041212041212041212">
    <MapTiles>
      <MapTile TileID="294" AltIDMod="0" />
    </MapTiles>
    <StaticTiles />
  </TransInfo>
  <TransInfo Description="Rock to Sand" HashKey="041212041212121212">
    <MapTiles>
      <MapTile TileID="294" AltIDMod="0" />
    </MapTiles>
    <StaticTiles />
  </TransInfo>
  <TransInfo Description="Rock to Sand" HashKey="121212041212041212">
    <MapTiles>
      <MapTile TileID="294" AltIDMod="0" />
    </MapTiles>
    <StaticTiles />
  </TransInfo>
  <TransInfo Description="Rock to Sand" HashKey="121212041212121212">
    <MapTiles>
      <MapTile TileID="294" AltIDMod="0" />
    </MapTiles>
    <StaticTiles />
  </TransInfo>
  <TransInfo Description="Rock to Sand" HashKey="041212121212041212">
    <MapTiles>
      <MapTile TileID="294" AltIDMod="0" />
    </MapTiles>
    <StaticTiles />
  </TransInfo>
  <TransInfo Description="Rock to Sand" HashKey="121204121204121204">
    <MapTiles>
      <MapTile TileID="296" AltIDMod="0" />
    </MapTiles>
    <StaticTiles />
  </TransInfo>
  <TransInfo Description="Rock to Sand" HashKey="121212121204121204">
    <MapTiles>
      <MapTile TileID="296" AltIDMod="0" />
    </MapTiles>
    <StaticTiles />
  </TransInfo>
  <TransInfo Description="Rock to Sand" HashKey="121204121204121212">
    <MapTiles>
      <MapTile TileID="296" AltIDMod="0" />
    </MapTiles>
    <StaticTiles />
  </TransInfo>
  <TransInfo Description="Rock to Sand" HashKey="121212121204121212">
    <MapTiles>
      <MapTile TileID="296" AltIDMod="0" />
    </MapTiles>
    <StaticTiles />
  </TransInfo>
  <TransInfo Description="Rock to Sand" HashKey="121204121212121204">
    <MapTiles>
      <MapTile TileID="296" AltIDMod="0" />
    </MapTiles>
    <StaticTiles />
  </TransInfo>
  <TransInfo Description="Rock to Sand" HashKey="121212121212040404">
    <MapTiles>
      <MapTile TileID="297" AltIDMod="0" />
    </MapTiles>
    <StaticTiles />
  </TransInfo>
  <TransInfo Description="Rock to Sand" HashKey="121212121212040412">
    <MapTiles>
      <MapTile TileID="297" AltIDMod="0" />
    </MapTiles>
    <StaticTiles />
  </TransInfo>
  <TransInfo Description="Rock to Sand" HashKey="121212121212120404">
    <MapTiles>
      <MapTile TileID="297" AltIDMod="0" />
    </MapTiles>
    <StaticTiles />
  </TransInfo>
  <TransInfo Description="Rock to Sand" HashKey="121212121212120412">
    <MapTiles>
      <MapTile TileID="297" AltIDMod="0" />
    </MapTiles>
    <StaticTiles />
  </TransInfo>
  <TransInfo Description="Rock to Sand" HashKey="121212121212041204">
    <MapTiles>
      <MapTile TileID="297" AltIDMod="0" />
    </MapTiles>
    <StaticTiles />
  </TransInfo>
  <TransInfo Description="Rock to Sand" HashKey="121204121204040404">
    <MapTiles>
      <MapTile TileID="1981" AltIDMod="0" />    </MapTiles>
    <StaticTiles />
  </TransInfo>
  <TransInfo Description="Rock to Sand" HashKey="121212121204040404">
    <MapTiles>
      <MapTile TileID="1981" AltIDMod="0" />    </MapTiles>
    <StaticTiles />
  </TransInfo>
  <TransInfo Description="Rock to Sand" HashKey="121204121204120404">
    <MapTiles>
      <MapTile TileID="1981" AltIDMod="0" />    </MapTiles>
    <StaticTiles />
  </TransInfo>
  <TransInfo Description="Rock to Sand" HashKey="121212121204120404">
    <MapTiles>
      <MapTile TileID="1981" AltIDMod="0" />    </MapTiles>
    <StaticTiles />
  </TransInfo>
  <TransInfo Description="Rock to Sand" HashKey="121212121204120412">
    <MapTiles>
      <MapTile TileID="1981" AltIDMod="0" />    </MapTiles>
    <StaticTiles />
  </TransInfo>
  <TransInfo Description="Rock to Sand" HashKey="121204121212120404">
    <MapTiles>
      <MapTile TileID="1981" AltIDMod="0" />    </MapTiles>
    <StaticTiles />
  </TransInfo>
  <TransInfo Description="Rock to Sand" HashKey="121204121212040404">
    <MapTiles>
      <MapTile TileID="1981" AltIDMod="0" />    </MapTiles>
    <StaticTiles />
  </TransInfo>
  <TransInfo Description="Rock to Sand" HashKey="121204121212040412">
    <MapTiles>
      <MapTile TileID="1981" AltIDMod="0" />    </MapTiles>
    <StaticTiles />
  </TransInfo>
  <TransInfo Description="Rock to Sand" HashKey="121212121204041204">
    <MapTiles>
      <MapTile TileID="1981" AltIDMod="0" />    </MapTiles>
    <StaticTiles />
  </TransInfo>
  <TransInfo Description="Rock to Sand" HashKey="121204121204041204">
    <MapTiles>
      <MapTile TileID="1981" AltIDMod="0" />    </MapTiles>
    <StaticTiles />
  </TransInfo>
  <TransInfo Description="Rock to Sand" HashKey="121204121204040412">
    <MapTiles>
      <MapTile TileID="1981" AltIDMod="0" />    </MapTiles>
    <StaticTiles />
  </TransInfo>
  <TransInfo Description="Rock to Sand" HashKey="121204121204041212">
    <MapTiles>
      <MapTile TileID="1981" AltIDMod="0" />    </MapTiles>
    <StaticTiles />
  </TransInfo>
  <TransInfo Description="Rock to Sand" HashKey="121204121212120412">
    <MapTiles>
      <MapTile TileID="1981" AltIDMod="0" />    </MapTiles>
    <StaticTiles />
  </TransInfo>
  <TransInfo Description="Rock to Sand" HashKey="121212121204041212">
    <MapTiles>
      <MapTile TileID="1981" AltIDMod="0" />    </MapTiles>
    <StaticTiles />
  </TransInfo>
  <TransInfo Description="Rock to Sand" HashKey="121204121204120412">
    <MapTiles>
      <MapTile TileID="1981" AltIDMod="0" />    </MapTiles>
    <StaticTiles />
  </TransInfo>
  <TransInfo Description="Rock to Sand" HashKey="121204121212041204">
    <MapTiles>
      <MapTile TileID="1981" AltIDMod="0" />    </MapTiles>
    <StaticTiles />
  </TransInfo>
  <TransInfo Description="Rock to Sand" HashKey="121212121204040412">
    <MapTiles>
      <MapTile TileID="1981" AltIDMod="0" />    </MapTiles>
    <StaticTiles />
  </TransInfo>
  <TransInfo Description="Rock to Sand" HashKey="040404041212041212">
    <MapTiles>
      <MapTile TileID="1982" AltIDMod="0" />    </MapTiles>
    <StaticTiles />
  </TransInfo>
  <TransInfo Description="Rock to Sand" HashKey="040412041212041212">
    <MapTiles>
      <MapTile TileID="1982" AltIDMod="0" />    </MapTiles>
    <StaticTiles />
  </TransInfo>
  <TransInfo Description="Rock to Sand" HashKey="040404041212121212">
    <MapTiles>
      <MapTile TileID="1982" AltIDMod="0" />    </MapTiles>
    <StaticTiles />
  </TransInfo>
  <TransInfo Description="Rock to Sand" HashKey="040412041212121212">
    <MapTiles>
      <MapTile TileID="1982" AltIDMod="0" />    </MapTiles>
    <StaticTiles />
  </TransInfo>
  <TransInfo Description="Rock to Sand" HashKey="041204041212121212">
    <MapTiles>
      <MapTile TileID="1982" AltIDMod="0" />    </MapTiles>
    <StaticTiles />
  </TransInfo>
  <TransInfo Description="Rock to Sand" HashKey="040412121212041212">
    <MapTiles>
      <MapTile TileID="1982" AltIDMod="0" />    </MapTiles>
    <StaticTiles />
  </TransInfo>
  <TransInfo Description="Rock to Sand" HashKey="120404121212041212">
    <MapTiles>
      <MapTile TileID="1982" AltIDMod="0" />    </MapTiles>
    <StaticTiles />
  </TransInfo>
  <TransInfo Description="Rock to Sand" HashKey="041204121212041212">
    <MapTiles>
      <MapTile TileID="1982" AltIDMod="0" />    </MapTiles>
    <StaticTiles />
  </TransInfo>
  <TransInfo Description="Rock to Sand" HashKey="040404121212041212">
    <MapTiles>
      <MapTile TileID="1982" AltIDMod="0" />    </MapTiles>
    <StaticTiles />
  </TransInfo>
  <TransInfo Description="Rock to Sand" HashKey="120412041212121212">
    <MapTiles>
      <MapTile TileID="1982" AltIDMod="0" />    </MapTiles>
    <StaticTiles />
  </TransInfo>
  <TransInfo Description="Rock to Sand" HashKey="041204041212041212">
    <MapTiles>
      <MapTile TileID="1982" AltIDMod="0" />    </MapTiles>
    <StaticTiles />
  </TransInfo>
  <TransInfo Description="Rock to Sand" HashKey="121204041212041212">
    <MapTiles>
      <MapTile TileID="1982" AltIDMod="0" />    </MapTiles>
    <StaticTiles />
  </TransInfo>
  <TransInfo Description="Rock to Sand" HashKey="120404041212041212">
    <MapTiles>
      <MapTile TileID="1982" AltIDMod="0" />    </MapTiles>
    <StaticTiles />
  </TransInfo>
  <TransInfo Description="Rock to Sand" HashKey="121204041212121212">
    <MapTiles>
      <MapTile TileID="1982" AltIDMod="0" />    </MapTiles>
    <StaticTiles />
  </TransInfo>
  <TransInfo Description="Rock to Sand" HashKey="120412041212041212">
    <MapTiles>
      <MapTile TileID="1982" AltIDMod="0" />    </MapTiles>
    <StaticTiles />
  </TransInfo>
  <TransInfo Description="Rock to Sand" HashKey="120412121212041212">
    <MapTiles>
      <MapTile TileID="1982" AltIDMod="0" />    </MapTiles>
    <StaticTiles />
  </TransInfo>
  <TransInfo Description="Rock to Sand" HashKey="120404041212121212">
    <MapTiles>
      <MapTile TileID="1982" AltIDMod="0" />    </MapTiles>
    <StaticTiles />
  </TransInfo>
  <TransInfo Description="Rock to Sand" HashKey="041212041212040404">
    <MapTiles>
      <MapTile TileID="1983" AltIDMod="0" />    </MapTiles>
    <StaticTiles />
  </TransInfo>
  <TransInfo Description="Rock to Sand" HashKey="121212041212040404">
    <MapTiles>
      <MapTile TileID="1983" AltIDMod="0" />    </MapTiles>
    <StaticTiles />
  </TransInfo>
  <TransInfo Description="Rock to Sand" HashKey="041212041212040412">
    <MapTiles>
      <MapTile TileID="1983" AltIDMod="0" />    </MapTiles>
    <StaticTiles />
  </TransInfo>
  <TransInfo Description="Rock to Sand" HashKey="121212041212040412">
    <MapTiles>
      <MapTile TileID="1983" AltIDMod="0" />    </MapTiles>
    <StaticTiles />
  </TransInfo>
  <TransInfo Description="Rock to Sand" HashKey="121212041212120412">
    <MapTiles>
      <MapTile TileID="1983" AltIDMod="0" />    </MapTiles>
    <StaticTiles />
  </TransInfo>
  <TransInfo Description="Rock to Sand" HashKey="041212041212121204">
    <MapTiles>
      <MapTile TileID="1983" AltIDMod="0" />    </MapTiles>
    <StaticTiles />
  </TransInfo>
  <TransInfo Description="Rock to Sand" HashKey="041212121212040404">
    <MapTiles>
      <MapTile TileID="1983" AltIDMod="0" />    </MapTiles>
    <StaticTiles />
  </TransInfo>
  <TransInfo Description="Rock to Sand" HashKey="041212121212040412">
    <MapTiles>
      <MapTile TileID="1983" AltIDMod="0" />    </MapTiles>
    <StaticTiles />
  </TransInfo>
  <TransInfo Description="Rock to Sand" HashKey="041212121212120412">
    <MapTiles>
      <MapTile TileID="1983" AltIDMod="0" />    </MapTiles>
    <StaticTiles />
  </TransInfo>
  <TransInfo Description="Rock to Sand" HashKey="121212041212041204">
    <MapTiles>
      <MapTile TileID="1983" AltIDMod="0" />    </MapTiles>
    <StaticTiles />
  </TransInfo>
  <TransInfo Description="Rock to Sand" HashKey="041212041212041204">
    <MapTiles>
      <MapTile TileID="1983" AltIDMod="0" />    </MapTiles>
    <StaticTiles />
  </TransInfo>
  <TransInfo Description="Rock to Sand" HashKey="041212121212120404">
    <MapTiles>
      <MapTile TileID="1983" AltIDMod="0" />    </MapTiles>
    <StaticTiles />
  </TransInfo>
  <TransInfo Description="Rock to Sand" HashKey="041212041212120404">
    <MapTiles>
      <MapTile TileID="1983" AltIDMod="0" />    </MapTiles>
    <StaticTiles />
  </TransInfo>
  <TransInfo Description="Rock to Sand" HashKey="121212041212120404">
    <MapTiles>
      <MapTile TileID="1983" AltIDMod="0" />    </MapTiles>
    <StaticTiles />
  </TransInfo>
  <TransInfo Description="Rock to Sand" HashKey="121212041212121204">
    <MapTiles>
      <MapTile TileID="1983" AltIDMod="0" />    </MapTiles>
    <StaticTiles />
  </TransInfo>
  <TransInfo Description="Rock to Sand" HashKey="041212121212041204">
    <MapTiles>
      <MapTile TileID="1983" AltIDMod="0" />    </MapTiles>
    <StaticTiles />
  </TransInfo>
  <TransInfo Description="Rock to Sand" HashKey="041212041212120412">
    <MapTiles>
      <MapTile TileID="1983" AltIDMod="0" />    </MapTiles>
    <StaticTiles />
  </TransInfo>
  <TransInfo Description="Rock to Sand" HashKey="040404121204121204">
    <MapTiles>
      <MapTile TileID="1984" AltIDMod="0" />    </MapTiles>
    <StaticTiles />
  </TransInfo>
  <TransInfo Description="Rock to Sand" HashKey="040404121204121212">
    <MapTiles>
      <MapTile TileID="1984" AltIDMod="0" />    </MapTiles>
    <StaticTiles />
  </TransInfo>
  <TransInfo Description="Rock to Sand" HashKey="120404121204121204">
    <MapTiles>
      <MapTile TileID="1984" AltIDMod="0" />    </MapTiles>
    <StaticTiles />
  </TransInfo>
  <TransInfo Description="Rock to Sand" HashKey="120404121204121212">
    <MapTiles>
      <MapTile TileID="1984" AltIDMod="0" />    </MapTiles>
    <StaticTiles />
  </TransInfo>
  <TransInfo Description="Rock to Sand" HashKey="041212121204121204">
    <MapTiles>
      <MapTile TileID="1984" AltIDMod="0" />    </MapTiles>
    <StaticTiles />
  </TransInfo>
  <TransInfo Description="Rock to Sand" HashKey="041204121204121212">
    <MapTiles>
      <MapTile TileID="1984" AltIDMod="0" />    </MapTiles>
    <StaticTiles />
  </TransInfo>
  <TransInfo Description="Rock to Sand" HashKey="041204121204121204">
    <MapTiles>
      <MapTile TileID="1984" AltIDMod="0" />    </MapTiles>
    <StaticTiles />
  </TransInfo>
  <TransInfo Description="Rock to Sand" HashKey="040412121212121204">
    <MapTiles>
      <MapTile TileID="1984" AltIDMod="0" />    </MapTiles>
    <StaticTiles />
  </TransInfo>
  <TransInfo Description="Rock to Sand" HashKey="120412121212121204">
    <MapTiles>
      <MapTile TileID="1984" AltIDMod="0" />    </MapTiles>
    <StaticTiles />
  </TransInfo>
  <TransInfo Description="Rock to Sand" HashKey="040404121212121204">
    <MapTiles>
      <MapTile TileID="1984" AltIDMod="0" />    </MapTiles>
    <StaticTiles />
  </TransInfo>
  <TransInfo Description="Rock to Sand" HashKey="040412121204121212">
    <MapTiles>
      <MapTile TileID="1984" AltIDMod="0" />    </MapTiles>
    <StaticTiles />
  </TransInfo>
  <TransInfo Description="Rock to Sand" HashKey="120404121212121204">
    <MapTiles>
      <MapTile TileID="1984" AltIDMod="0" />    </MapTiles>
    <StaticTiles />
  </TransInfo>
  <TransInfo Description="Rock to Sand" HashKey="120412121204121212">
    <MapTiles>
      <MapTile TileID="1984" AltIDMod="0" />    </MapTiles>
    <StaticTiles />
  </TransInfo>
  <TransInfo Description="Rock to Sand" HashKey="041212121204121212">
    <MapTiles>
      <MapTile TileID="1984" AltIDMod="0" />    </MapTiles>
    <StaticTiles />
  </TransInfo>
  <TransInfo Description="Rock to Sand" HashKey="041204121212121204">
    <MapTiles>
      <MapTile TileID="1984" AltIDMod="0" />    </MapTiles>
    <StaticTiles />
  </TransInfo>
  <TransInfo Description="Rock to Sand" HashKey="120412121204121204">
    <MapTiles>
      <MapTile TileID="1984" AltIDMod="0" />    </MapTiles>
    <StaticTiles />
  </TransInfo>
  <TransInfo Description="Rock to Sand" HashKey="040412121204121204">
    <MapTiles>
      <MapTile TileID="1984" AltIDMod="0" />    </MapTiles>
    <StaticTiles />
  </TransInfo>
  <TransInfo Description="Rock to Sand" HashKey="041212121212121212">
    <MapTiles>
      <MapTile TileID="292" AltIDMod="0" />
    </MapTiles>
    <StaticTiles />
  </TransInfo>
  <TransInfo Description="Rock to Sand" HashKey="121212121212121204">
    <MapTiles>
      <MapTile TileID="290" AltIDMod="0" />
    </MapTiles>
    <StaticTiles />
  </TransInfo>
  <TransInfo Description="Rock to Sand" HashKey="121204121212121212">
    <MapTiles>
      <MapTile TileID="293" AltIDMod="0" />
    </MapTiles>
    <StaticTiles />
  </TransInfo>
  <TransInfo Description="Rock to Sand" HashKey="121212121212041212">
    <MapTiles>
      <MapTile TileID="291" AltIDMod="0" />
    </MapTiles>
    <StaticTiles />
  </TransInfo>
</Trans>