﻿<?xml version="1.0" encoding="utf-8"?>
<Trans>
    <TransInfo Description="Rock to Goblin Forest" HashKey="3D3D3D121212121212">
    <MapTiles>
      <MapTile TileID="238" AltIDMod="0" />
    </MapTiles>
    <StaticTiles />
  </TransInfo>
  <TransInfo Description="Rock to Goblin Forest" HashKey="123D3D121212121212">
    <MapTiles>
      <MapTile TileID="238" AltIDMod="0" />
    </MapTiles>
    <StaticTiles />
  </TransInfo>
  <TransInfo Description="Rock to Goblin Forest" HashKey="3D3D12121212121212">
    <MapTiles>
      <MapTile TileID="238" AltIDMod="0" />
    </MapTiles>
    <StaticTiles />
  </TransInfo>
  <TransInfo Description="Rock to Goblin Forest" HashKey="123D12121212121212">
    <MapTiles>
      <MapTile TileID="238" AltIDMod="0" />
    </MapTiles>
    <StaticTiles />
  </TransInfo>
  <TransInfo Description="Rock to Goblin Forest" HashKey="3D123D121212121212">
    <MapTiles>
      <MapTile TileID="238" AltIDMod="0" />
    </MapTiles>
    <StaticTiles />
  </TransInfo>
  <TransInfo Description="Rock to Goblin Forest" HashKey="3D12123D12123D1212">
    <MapTiles>
      <MapTile TileID="237" AltIDMod="0" />
    </MapTiles>
    <StaticTiles />
  </TransInfo>
  <TransInfo Description="Rock to Goblin Forest" HashKey="3D12123D1212121212">
    <MapTiles>
      <MapTile TileID="237" AltIDMod="0" />
    </MapTiles>
    <StaticTiles />
  </TransInfo>
  <TransInfo Description="Rock to Goblin Forest" HashKey="1212123D12123D1212">
    <MapTiles>
      <MapTile TileID="237" AltIDMod="0" />
    </MapTiles>
    <StaticTiles />
  </TransInfo>
  <TransInfo Description="Rock to Goblin Forest" HashKey="1212123D1212121212">
    <MapTiles>
      <MapTile TileID="237" AltIDMod="0" />
    </MapTiles>
    <StaticTiles />
  </TransInfo>
  <TransInfo Description="Rock to Goblin Forest" HashKey="3D12121212123D1212">
    <MapTiles>
      <MapTile TileID="237" AltIDMod="0" />
    </MapTiles>
    <StaticTiles />
  </TransInfo>
  <TransInfo Description="Rock to Goblin Forest" HashKey="12123D12123D12123D">
    <MapTiles>
      <MapTile TileID="239" AltIDMod="0" />
    </MapTiles>
    <StaticTiles />
  </TransInfo>
  <TransInfo Description="Rock to Goblin Forest" HashKey="12121212123D12123D">
    <MapTiles>
      <MapTile TileID="239" AltIDMod="0" />
    </MapTiles>
    <StaticTiles />
  </TransInfo>
  <TransInfo Description="Rock to Goblin Forest" HashKey="12123D12123D121212">
    <MapTiles>
      <MapTile TileID="239" AltIDMod="0" />
    </MapTiles>
    <StaticTiles />
  </TransInfo>
  <TransInfo Description="Rock to Goblin Forest" HashKey="12121212123D121212">
    <MapTiles>
      <MapTile TileID="239" AltIDMod="0" />
    </MapTiles>
    <StaticTiles />
  </TransInfo>
  <TransInfo Description="Rock to Goblin Forest" HashKey="12123D12121212123D">
    <MapTiles>
      <MapTile TileID="239" AltIDMod="0" />
    </MapTiles>
    <StaticTiles />
  </TransInfo>
  <TransInfo Description="Rock to Goblin Forest" HashKey="1212121212123D3D3D">
    <MapTiles>
      <MapTile TileID="236" AltIDMod="0" />
    </MapTiles>
    <StaticTiles />
  </TransInfo>
  <TransInfo Description="Rock to Goblin Forest" HashKey="1212121212123D3D12">
    <MapTiles>
      <MapTile TileID="236" AltIDMod="0" />
    </MapTiles>
    <StaticTiles />
  </TransInfo>
  <TransInfo Description="Rock to Goblin Forest" HashKey="121212121212123D3D">
    <MapTiles>
      <MapTile TileID="236" AltIDMod="0" />
    </MapTiles>
    <StaticTiles />
  </TransInfo>
  <TransInfo Description="Rock to Goblin Forest" HashKey="121212121212123D12">
    <MapTiles>
      <MapTile TileID="236" AltIDMod="0" />
    </MapTiles>
    <StaticTiles />
  </TransInfo>
  <TransInfo Description="Rock to Goblin Forest" HashKey="1212121212123D123D">
    <MapTiles>
      <MapTile TileID="236" AltIDMod="0" />
    </MapTiles>
    <StaticTiles />
  </TransInfo>
  <TransInfo Description="Rock to Goblin Forest" HashKey="12123D12123D3D3D3D">
    <MapTiles>
      <MapTile TileID="243" AltIDMod="0" />    </MapTiles>
    <StaticTiles />
  </TransInfo>
  <TransInfo Description="Rock to Goblin Forest" HashKey="12121212123D3D3D3D">
    <MapTiles>
      <MapTile TileID="243" AltIDMod="0" />    </MapTiles>
    <StaticTiles />
  </TransInfo>
  <TransInfo Description="Rock to Goblin Forest" HashKey="12123D12123D123D3D">
    <MapTiles>
      <MapTile TileID="243" AltIDMod="0" />    </MapTiles>
    <StaticTiles />
  </TransInfo>
  <TransInfo Description="Rock to Goblin Forest" HashKey="12121212123D123D3D">
    <MapTiles>
      <MapTile TileID="243" AltIDMod="0" />    </MapTiles>
    <StaticTiles />
  </TransInfo>
  <TransInfo Description="Rock to Goblin Forest" HashKey="12121212123D123D12">
    <MapTiles>
      <MapTile TileID="243" AltIDMod="0" />    </MapTiles>
    <StaticTiles />
  </TransInfo>
  <TransInfo Description="Rock to Goblin Forest" HashKey="12123D121212123D3D">
    <MapTiles>
      <MapTile TileID="243" AltIDMod="0" />    </MapTiles>
    <StaticTiles />
  </TransInfo>
  <TransInfo Description="Rock to Goblin Forest" HashKey="12123D1212123D3D3D">
    <MapTiles>
      <MapTile TileID="243" AltIDMod="0" />    </MapTiles>
    <StaticTiles />
  </TransInfo>
  <TransInfo Description="Rock to Goblin Forest" HashKey="12123D1212123D3D12">
    <MapTiles>
      <MapTile TileID="243" AltIDMod="0" />    </MapTiles>
    <StaticTiles />
  </TransInfo>
  <TransInfo Description="Rock to Goblin Forest" HashKey="12121212123D3D123D">
    <MapTiles>
      <MapTile TileID="243" AltIDMod="0" />    </MapTiles>
    <StaticTiles />
  </TransInfo>
  <TransInfo Description="Rock to Goblin Forest" HashKey="12123D12123D3D123D">
    <MapTiles>
      <MapTile TileID="243" AltIDMod="0" />    </MapTiles>
    <StaticTiles />
  </TransInfo>
  <TransInfo Description="Rock to Goblin Forest" HashKey="12123D12123D3D3D12">
    <MapTiles>
      <MapTile TileID="243" AltIDMod="0" />    </MapTiles>
    <StaticTiles />
  </TransInfo>
  <TransInfo Description="Rock to Goblin Forest" HashKey="12123D12123D3D1212">
    <MapTiles>
      <MapTile TileID="243" AltIDMod="0" />    </MapTiles>
    <StaticTiles />
  </TransInfo>
  <TransInfo Description="Rock to Goblin Forest" HashKey="12123D121212123D12">
    <MapTiles>
      <MapTile TileID="243" AltIDMod="0" />    </MapTiles>
    <StaticTiles />
  </TransInfo>
  <TransInfo Description="Rock to Goblin Forest" HashKey="12121212123D3D1212">
    <MapTiles>
      <MapTile TileID="243" AltIDMod="0" />    </MapTiles>
    <StaticTiles />
  </TransInfo>
  <TransInfo Description="Rock to Goblin Forest" HashKey="12123D12123D123D12">
    <MapTiles>
      <MapTile TileID="243" AltIDMod="0" />    </MapTiles>
    <StaticTiles />
  </TransInfo>
  <TransInfo Description="Rock to Goblin Forest" HashKey="12123D1212123D123D">
    <MapTiles>
      <MapTile TileID="243" AltIDMod="0" />    </MapTiles>
    <StaticTiles />
  </TransInfo>
  <TransInfo Description="Rock to Goblin Forest" HashKey="12121212123D3D3D12">
    <MapTiles>
      <MapTile TileID="243" AltIDMod="0" />    </MapTiles>
    <StaticTiles />
  </TransInfo>
  <TransInfo Description="Rock to Goblin Forest" HashKey="3D3D3D3D12123D1212">
    <MapTiles>
      <MapTile TileID="241" AltIDMod="0" />    </MapTiles>
    <StaticTiles />
  </TransInfo>
  <TransInfo Description="Rock to Goblin Forest" HashKey="3D3D123D12123D1212">
    <MapTiles>
      <MapTile TileID="241" AltIDMod="0" />    </MapTiles>
    <StaticTiles />
  </TransInfo>
  <TransInfo Description="Rock to Goblin Forest" HashKey="3D3D3D3D1212121212">
    <MapTiles>
      <MapTile TileID="241" AltIDMod="0" />    </MapTiles>
    <StaticTiles />
  </TransInfo>
  <TransInfo Description="Rock to Goblin Forest" HashKey="3D3D123D1212121212">
    <MapTiles>
      <MapTile TileID="241" AltIDMod="0" />    </MapTiles>
    <StaticTiles />
  </TransInfo>
  <TransInfo Description="Rock to Goblin Forest" HashKey="3D123D3D1212121212">
    <MapTiles>
      <MapTile TileID="241" AltIDMod="0" />    </MapTiles>
    <StaticTiles />
  </TransInfo>
  <TransInfo Description="Rock to Goblin Forest" HashKey="3D3D121212123D1212">
    <MapTiles>
      <MapTile TileID="241" AltIDMod="0" />    </MapTiles>
    <StaticTiles />
  </TransInfo>
  <TransInfo Description="Rock to Goblin Forest" HashKey="123D3D1212123D1212">
    <MapTiles>
      <MapTile TileID="241" AltIDMod="0" />    </MapTiles>
    <StaticTiles />
  </TransInfo>
  <TransInfo Description="Rock to Goblin Forest" HashKey="3D123D1212123D1212">
    <MapTiles>
      <MapTile TileID="241" AltIDMod="0" />    </MapTiles>
    <StaticTiles />
  </TransInfo>
  <TransInfo Description="Rock to Goblin Forest" HashKey="3D3D3D1212123D1212">
    <MapTiles>
      <MapTile TileID="241" AltIDMod="0" />    </MapTiles>
    <StaticTiles />
  </TransInfo>
  <TransInfo Description="Rock to Goblin Forest" HashKey="123D123D1212121212">
    <MapTiles>
      <MapTile TileID="241" AltIDMod="0" />    </MapTiles>
    <StaticTiles />
  </TransInfo>
  <TransInfo Description="Rock to Goblin Forest" HashKey="3D123D3D12123D1212">
    <MapTiles>
      <MapTile TileID="241" AltIDMod="0" />    </MapTiles>
    <StaticTiles />
  </TransInfo>
  <TransInfo Description="Rock to Goblin Forest" HashKey="12123D3D12123D1212">
    <MapTiles>
      <MapTile TileID="241" AltIDMod="0" />    </MapTiles>
    <StaticTiles />
  </TransInfo>
  <TransInfo Description="Rock to Goblin Forest" HashKey="123D3D3D12123D1212">
    <MapTiles>
      <MapTile TileID="241" AltIDMod="0" />    </MapTiles>
    <StaticTiles />
  </TransInfo>
  <TransInfo Description="Rock to Goblin Forest" HashKey="12123D3D1212121212">
    <MapTiles>
      <MapTile TileID="241" AltIDMod="0" />    </MapTiles>
    <StaticTiles />
  </TransInfo>
  <TransInfo Description="Rock to Goblin Forest" HashKey="123D123D12123D1212">
    <MapTiles>
      <MapTile TileID="241" AltIDMod="0" />    </MapTiles>
    <StaticTiles />
  </TransInfo>
  <TransInfo Description="Rock to Goblin Forest" HashKey="123D121212123D1212">
    <MapTiles>
      <MapTile TileID="241" AltIDMod="0" />    </MapTiles>
    <StaticTiles />
  </TransInfo>
  <TransInfo Description="Rock to Goblin Forest" HashKey="123D3D3D1212121212">
    <MapTiles>
      <MapTile TileID="241" AltIDMod="0" />    </MapTiles>
    <StaticTiles />
  </TransInfo>
  <TransInfo Description="Rock to Goblin Forest" HashKey="3D12123D12123D3D3D">
    <MapTiles>
      <MapTile TileID="240" AltIDMod="0" />    </MapTiles>
    <StaticTiles />
  </TransInfo>
  <TransInfo Description="Rock to Goblin Forest" HashKey="1212123D12123D3D3D">
    <MapTiles>
      <MapTile TileID="240" AltIDMod="0" />    </MapTiles>
    <StaticTiles />
  </TransInfo>
  <TransInfo Description="Rock to Goblin Forest" HashKey="3D12123D12123D3D12">
    <MapTiles>
      <MapTile TileID="240" AltIDMod="0" />    </MapTiles>
    <StaticTiles />
  </TransInfo>
  <TransInfo Description="Rock to Goblin Forest" HashKey="1212123D12123D3D12">
    <MapTiles>
      <MapTile TileID="240" AltIDMod="0" />    </MapTiles>
    <StaticTiles />
  </TransInfo>
  <TransInfo Description="Rock to Goblin Forest" HashKey="1212123D1212123D12">
    <MapTiles>
      <MapTile TileID="240" AltIDMod="0" />    </MapTiles>
    <StaticTiles />
  </TransInfo>
  <TransInfo Description="Rock to Goblin Forest" HashKey="3D12123D121212123D">
    <MapTiles>
      <MapTile TileID="240" AltIDMod="0" />    </MapTiles>
    <StaticTiles />
  </TransInfo>
  <TransInfo Description="Rock to Goblin Forest" HashKey="3D12121212123D3D3D">
    <MapTiles>
      <MapTile TileID="240" AltIDMod="0" />    </MapTiles>
    <StaticTiles />
  </TransInfo>
  <TransInfo Description="Rock to Goblin Forest" HashKey="3D12121212123D3D12">
    <MapTiles>
      <MapTile TileID="240" AltIDMod="0" />    </MapTiles>
    <StaticTiles />
  </TransInfo>
  <TransInfo Description="Rock to Goblin Forest" HashKey="3D1212121212123D12">
    <MapTiles>
      <MapTile TileID="240" AltIDMod="0" />    </MapTiles>
    <StaticTiles />
  </TransInfo>
  <TransInfo Description="Rock to Goblin Forest" HashKey="1212123D12123D123D">
    <MapTiles>
      <MapTile TileID="240" AltIDMod="0" />    </MapTiles>
    <StaticTiles />
  </TransInfo>
  <TransInfo Description="Rock to Goblin Forest" HashKey="3D12123D12123D123D">
    <MapTiles>
      <MapTile TileID="240" AltIDMod="0" />    </MapTiles>
    <StaticTiles />
  </TransInfo>
  <TransInfo Description="Rock to Goblin Forest" HashKey="3D1212121212123D3D">
    <MapTiles>
      <MapTile TileID="240" AltIDMod="0" />    </MapTiles>
    <StaticTiles />
  </TransInfo>
  <TransInfo Description="Rock to Goblin Forest" HashKey="3D12123D1212123D3D">
    <MapTiles>
      <MapTile TileID="240" AltIDMod="0" />    </MapTiles>
    <StaticTiles />
  </TransInfo>
  <TransInfo Description="Rock to Goblin Forest" HashKey="1212123D1212123D3D">
    <MapTiles>
      <MapTile TileID="240" AltIDMod="0" />    </MapTiles>
    <StaticTiles />
  </TransInfo>
  <TransInfo Description="Rock to Goblin Forest" HashKey="1212123D121212123D">
    <MapTiles>
      <MapTile TileID="240" AltIDMod="0" />    </MapTiles>
    <StaticTiles />
  </TransInfo>
  <TransInfo Description="Rock to Goblin Forest" HashKey="3D12121212123D123D">
    <MapTiles>
      <MapTile TileID="240" AltIDMod="0" />    </MapTiles>
    <StaticTiles />
  </TransInfo>
  <TransInfo Description="Rock to Goblin Forest" HashKey="3D12123D1212123D12">
    <MapTiles>
      <MapTile TileID="240" AltIDMod="0" />    </MapTiles>
    <StaticTiles />
  </TransInfo>
  <TransInfo Description="Rock to Goblin Forest" HashKey="3D3D3D12123D12123D">
    <MapTiles>
      <MapTile TileID="242" AltIDMod="0" />    </MapTiles>
    <StaticTiles />
  </TransInfo>
  <TransInfo Description="Rock to Goblin Forest" HashKey="3D3D3D12123D121212">
    <MapTiles>
      <MapTile TileID="242" AltIDMod="0" />    </MapTiles>
    <StaticTiles />
  </TransInfo>
  <TransInfo Description="Rock to Goblin Forest" HashKey="123D3D12123D12123D">
    <MapTiles>
      <MapTile TileID="242" AltIDMod="0" />    </MapTiles>
    <StaticTiles />
  </TransInfo>
  <TransInfo Description="Rock to Goblin Forest" HashKey="123D3D12123D121212">
    <MapTiles>
      <MapTile TileID="242" AltIDMod="0" />    </MapTiles>
    <StaticTiles />
  </TransInfo>
  <TransInfo Description="Rock to Goblin Forest" HashKey="3D121212123D12123D">
    <MapTiles>
      <MapTile TileID="242" AltIDMod="0" />    </MapTiles>
    <StaticTiles />
  </TransInfo>
  <TransInfo Description="Rock to Goblin Forest" HashKey="3D123D12123D121212">
    <MapTiles>
      <MapTile TileID="242" AltIDMod="0" />    </MapTiles>
    <StaticTiles />
  </TransInfo>
  <TransInfo Description="Rock to Goblin Forest" HashKey="3D123D12123D12123D">
    <MapTiles>
      <MapTile TileID="242" AltIDMod="0" />    </MapTiles>
    <StaticTiles />
  </TransInfo>
  <TransInfo Description="Rock to Goblin Forest" HashKey="3D3D1212121212123D">
    <MapTiles>
      <MapTile TileID="242" AltIDMod="0" />    </MapTiles>
    <StaticTiles />
  </TransInfo>
  <TransInfo Description="Rock to Goblin Forest" HashKey="123D1212121212123D">
    <MapTiles>
      <MapTile TileID="242" AltIDMod="0" />    </MapTiles>
    <StaticTiles />
  </TransInfo>
  <TransInfo Description="Rock to Goblin Forest" HashKey="3D3D3D12121212123D">
    <MapTiles>
      <MapTile TileID="242" AltIDMod="0" />    </MapTiles>
    <StaticTiles />
  </TransInfo>
  <TransInfo Description="Rock to Goblin Forest" HashKey="3D3D1212123D121212">
    <MapTiles>
      <MapTile TileID="242" AltIDMod="0" />    </MapTiles>
    <StaticTiles />
  </TransInfo>
  <TransInfo Description="Rock to Goblin Forest" HashKey="123D3D12121212123D">
    <MapTiles>
      <MapTile TileID="242" AltIDMod="0" />    </MapTiles>
    <StaticTiles />
  </TransInfo>
  <TransInfo Description="Rock to Goblin Forest" HashKey="123D1212123D121212">
    <MapTiles>
      <MapTile TileID="242" AltIDMod="0" />    </MapTiles>
    <StaticTiles />
  </TransInfo>
  <TransInfo Description="Rock to Goblin Forest" HashKey="3D121212123D121212">
    <MapTiles>
      <MapTile TileID="242" AltIDMod="0" />    </MapTiles>
    <StaticTiles />
  </TransInfo>
  <TransInfo Description="Rock to Goblin Forest" HashKey="3D123D12121212123D">
    <MapTiles>
      <MapTile TileID="242" AltIDMod="0" />    </MapTiles>
    <StaticTiles />
  </TransInfo>
  <TransInfo Description="Rock to Goblin Forest" HashKey="123D1212123D12123D">
    <MapTiles>
      <MapTile TileID="242" AltIDMod="0" />    </MapTiles>
    <StaticTiles />
  </TransInfo>
  <TransInfo Description="Rock to Goblin Forest" HashKey="3D3D1212123D12123D">
    <MapTiles>
      <MapTile TileID="242" AltIDMod="0" />    </MapTiles>
    <StaticTiles />
  </TransInfo>
  <TransInfo Description="Rock to Goblin Forest" HashKey="3D1212121212121212">
    <MapTiles>
      <MapTile TileID="246" AltIDMod="0" />
    </MapTiles>
    <StaticTiles />
  </TransInfo>
  <TransInfo Description="Rock to Goblin Forest" HashKey="12121212121212123D">
    <MapTiles>
      <MapTile TileID="244" AltIDMod="0" />
    </MapTiles>
    <StaticTiles />
  </TransInfo>
  <TransInfo Description="Rock to Goblin Forest" HashKey="12123D121212121212">
    <MapTiles>
      <MapTile TileID="247" AltIDMod="0" />
    </MapTiles>
    <StaticTiles />
  </TransInfo>
  <TransInfo Description="Rock to Goblin Forest" HashKey="1212121212123D1212">
    <MapTiles>
      <MapTile TileID="245" AltIDMod="0" />
    </MapTiles>
    <StaticTiles />
  </TransInfo>
</Trans>