﻿<?xml version="1.0" encoding="utf-8"?>
<Trans>
    <TransInfo Description="Rock to Large Dirt" HashKey="070707121212121212">
    <MapTiles>
      <MapTile TileID="221" AltIDMod="0" />
    </MapTiles>
    <StaticTiles />
  </TransInfo>
  <TransInfo Description="Rock to Large Dirt" HashKey="120707121212121212">
    <MapTiles>
      <MapTile TileID="221" AltIDMod="0" />
    </MapTiles>
    <StaticTiles />
  </TransInfo>
  <TransInfo Description="Rock to Large Dirt" HashKey="070712121212121212">
    <MapTiles>
      <MapTile TileID="221" AltIDMod="0" />
    </MapTiles>
    <StaticTiles />
  </TransInfo>
  <TransInfo Description="Rock to Large Dirt" HashKey="120712121212121212">
    <MapTiles>
      <MapTile TileID="221" AltIDMod="0" />
    </MapTiles>
    <StaticTiles />
  </TransInfo>
  <TransInfo Description="Rock to Large Dirt" HashKey="071207121212121212">
    <MapTiles>
      <MapTile TileID="221" AltIDMod="0" />
    </MapTiles>
    <StaticTiles />
  </TransInfo>
  <TransInfo Description="Rock to Large Dirt" HashKey="071212071212071212">
    <MapTiles>
      <MapTile TileID="220" AltIDMod="0" />
    </MapTiles>
    <StaticTiles />
  </TransInfo>
  <TransInfo Description="Rock to Large Dirt" HashKey="071212071212121212">
    <MapTiles>
      <MapTile TileID="220" AltIDMod="0" />
    </MapTiles>
    <StaticTiles />
  </TransInfo>
  <TransInfo Description="Rock to Large Dirt" HashKey="121212071212071212">
    <MapTiles>
      <MapTile TileID="220" AltIDMod="0" />
    </MapTiles>
    <StaticTiles />
  </TransInfo>
  <TransInfo Description="Rock to Large Dirt" HashKey="121212071212121212">
    <MapTiles>
      <MapTile TileID="220" AltIDMod="0" />
    </MapTiles>
    <StaticTiles />
  </TransInfo>
  <TransInfo Description="Rock to Large Dirt" HashKey="071212121212071212">
    <MapTiles>
      <MapTile TileID="220" AltIDMod="0" />
    </MapTiles>
    <StaticTiles />
  </TransInfo>
  <TransInfo Description="Rock to Large Dirt" HashKey="121207121207121207">
    <MapTiles>
      <MapTile TileID="222" AltIDMod="0" />
    </MapTiles>
    <StaticTiles />
  </TransInfo>
  <TransInfo Description="Rock to Large Dirt" HashKey="121212121207121207">
    <MapTiles>
      <MapTile TileID="222" AltIDMod="0" />
    </MapTiles>
    <StaticTiles />
  </TransInfo>
  <TransInfo Description="Rock to Large Dirt" HashKey="121207121207121212">
    <MapTiles>
      <MapTile TileID="222" AltIDMod="0" />
    </MapTiles>
    <StaticTiles />
  </TransInfo>
  <TransInfo Description="Rock to Large Dirt" HashKey="121212121207121212">
    <MapTiles>
      <MapTile TileID="222" AltIDMod="0" />
    </MapTiles>
    <StaticTiles />
  </TransInfo>
  <TransInfo Description="Rock to Large Dirt" HashKey="121207121212121207">
    <MapTiles>
      <MapTile TileID="222" AltIDMod="0" />
    </MapTiles>
    <StaticTiles />
  </TransInfo>
  <TransInfo Description="Rock to Large Dirt" HashKey="121212121212070707">
    <MapTiles>
      <MapTile TileID="223" AltIDMod="0" />
    </MapTiles>
    <StaticTiles />
  </TransInfo>
  <TransInfo Description="Rock to Large Dirt" HashKey="121212121212070712">
    <MapTiles>
      <MapTile TileID="223" AltIDMod="0" />
    </MapTiles>
    <StaticTiles />
  </TransInfo>
  <TransInfo Description="Rock to Large Dirt" HashKey="121212121212120707">
    <MapTiles>
      <MapTile TileID="223" AltIDMod="0" />
    </MapTiles>
    <StaticTiles />
  </TransInfo>
  <TransInfo Description="Rock to Large Dirt" HashKey="121212121212120712">
    <MapTiles>
      <MapTile TileID="223" AltIDMod="0" />
    </MapTiles>
    <StaticTiles />
  </TransInfo>
  <TransInfo Description="Rock to Large Dirt" HashKey="121212121212071207">
    <MapTiles>
      <MapTile TileID="223" AltIDMod="0" />
    </MapTiles>
    <StaticTiles />
  </TransInfo>
  <TransInfo Description="Rock to Large Dirt" HashKey="121207121207070707">
    <MapTiles>
      <MapTile TileID="227" AltIDMod="0" />    </MapTiles>
    <StaticTiles />
  </TransInfo>
  <TransInfo Description="Rock to Large Dirt" HashKey="121212121207070707">
    <MapTiles>
      <MapTile TileID="227" AltIDMod="0" />    </MapTiles>
    <StaticTiles />
  </TransInfo>
  <TransInfo Description="Rock to Large Dirt" HashKey="121207121207120707">
    <MapTiles>
      <MapTile TileID="227" AltIDMod="0" />    </MapTiles>
    <StaticTiles />
  </TransInfo>
  <TransInfo Description="Rock to Large Dirt" HashKey="121212121207120707">
    <MapTiles>
      <MapTile TileID="227" AltIDMod="0" />    </MapTiles>
    <StaticTiles />
  </TransInfo>
  <TransInfo Description="Rock to Large Dirt" HashKey="121212121207120712">
    <MapTiles>
      <MapTile TileID="227" AltIDMod="0" />    </MapTiles>
    <StaticTiles />
  </TransInfo>
  <TransInfo Description="Rock to Large Dirt" HashKey="121207121212120707">
    <MapTiles>
      <MapTile TileID="227" AltIDMod="0" />    </MapTiles>
    <StaticTiles />
  </TransInfo>
  <TransInfo Description="Rock to Large Dirt" HashKey="121207121212070707">
    <MapTiles>
      <MapTile TileID="227" AltIDMod="0" />    </MapTiles>
    <StaticTiles />
  </TransInfo>
  <TransInfo Description="Rock to Large Dirt" HashKey="121207121212070712">
    <MapTiles>
      <MapTile TileID="227" AltIDMod="0" />    </MapTiles>
    <StaticTiles />
  </TransInfo>
  <TransInfo Description="Rock to Large Dirt" HashKey="121212121207071207">
    <MapTiles>
      <MapTile TileID="227" AltIDMod="0" />    </MapTiles>
    <StaticTiles />
  </TransInfo>
  <TransInfo Description="Rock to Large Dirt" HashKey="121207121207071207">
    <MapTiles>
      <MapTile TileID="227" AltIDMod="0" />    </MapTiles>
    <StaticTiles />
  </TransInfo>
  <TransInfo Description="Rock to Large Dirt" HashKey="121207121207070712">
    <MapTiles>
      <MapTile TileID="227" AltIDMod="0" />    </MapTiles>
    <StaticTiles />
  </TransInfo>
  <TransInfo Description="Rock to Large Dirt" HashKey="121207121207071212">
    <MapTiles>
      <MapTile TileID="227" AltIDMod="0" />    </MapTiles>
    <StaticTiles />
  </TransInfo>
  <TransInfo Description="Rock to Large Dirt" HashKey="121207121212120712">
    <MapTiles>
      <MapTile TileID="227" AltIDMod="0" />    </MapTiles>
    <StaticTiles />
  </TransInfo>
  <TransInfo Description="Rock to Large Dirt" HashKey="121212121207071212">
    <MapTiles>
      <MapTile TileID="227" AltIDMod="0" />    </MapTiles>
    <StaticTiles />
  </TransInfo>
  <TransInfo Description="Rock to Large Dirt" HashKey="121207121207120712">
    <MapTiles>
      <MapTile TileID="227" AltIDMod="0" />    </MapTiles>
    <StaticTiles />
  </TransInfo>
  <TransInfo Description="Rock to Large Dirt" HashKey="121207121212071207">
    <MapTiles>
      <MapTile TileID="227" AltIDMod="0" />    </MapTiles>
    <StaticTiles />
  </TransInfo>
  <TransInfo Description="Rock to Large Dirt" HashKey="121212121207070712">
    <MapTiles>
      <MapTile TileID="227" AltIDMod="0" />    </MapTiles>
    <StaticTiles />
  </TransInfo>
  <TransInfo Description="Rock to Large Dirt" HashKey="070707071212071212">
    <MapTiles>
      <MapTile TileID="225" AltIDMod="0" />    </MapTiles>
    <StaticTiles />
  </TransInfo>
  <TransInfo Description="Rock to Large Dirt" HashKey="070712071212071212">
    <MapTiles>
      <MapTile TileID="225" AltIDMod="0" />    </MapTiles>
    <StaticTiles />
  </TransInfo>
  <TransInfo Description="Rock to Large Dirt" HashKey="070707071212121212">
    <MapTiles>
      <MapTile TileID="225" AltIDMod="0" />    </MapTiles>
    <StaticTiles />
  </TransInfo>
  <TransInfo Description="Rock to Large Dirt" HashKey="070712071212121212">
    <MapTiles>
      <MapTile TileID="225" AltIDMod="0" />    </MapTiles>
    <StaticTiles />
  </TransInfo>
  <TransInfo Description="Rock to Large Dirt" HashKey="071207071212121212">
    <MapTiles>
      <MapTile TileID="225" AltIDMod="0" />    </MapTiles>
    <StaticTiles />
  </TransInfo>
  <TransInfo Description="Rock to Large Dirt" HashKey="070712121212071212">
    <MapTiles>
      <MapTile TileID="225" AltIDMod="0" />    </MapTiles>
    <StaticTiles />
  </TransInfo>
  <TransInfo Description="Rock to Large Dirt" HashKey="120707121212071212">
    <MapTiles>
      <MapTile TileID="225" AltIDMod="0" />    </MapTiles>
    <StaticTiles />
  </TransInfo>
  <TransInfo Description="Rock to Large Dirt" HashKey="071207121212071212">
    <MapTiles>
      <MapTile TileID="225" AltIDMod="0" />    </MapTiles>
    <StaticTiles />
  </TransInfo>
  <TransInfo Description="Rock to Large Dirt" HashKey="070707121212071212">
    <MapTiles>
      <MapTile TileID="225" AltIDMod="0" />    </MapTiles>
    <StaticTiles />
  </TransInfo>
  <TransInfo Description="Rock to Large Dirt" HashKey="120712071212121212">
    <MapTiles>
      <MapTile TileID="225" AltIDMod="0" />    </MapTiles>
    <StaticTiles />
  </TransInfo>
  <TransInfo Description="Rock to Large Dirt" HashKey="071207071212071212">
    <MapTiles>
      <MapTile TileID="225" AltIDMod="0" />    </MapTiles>
    <StaticTiles />
  </TransInfo>
  <TransInfo Description="Rock to Large Dirt" HashKey="121207071212071212">
    <MapTiles>
      <MapTile TileID="225" AltIDMod="0" />    </MapTiles>
    <StaticTiles />
  </TransInfo>
  <TransInfo Description="Rock to Large Dirt" HashKey="120707071212071212">
    <MapTiles>
      <MapTile TileID="225" AltIDMod="0" />    </MapTiles>
    <StaticTiles />
  </TransInfo>
  <TransInfo Description="Rock to Large Dirt" HashKey="121207071212121212">
    <MapTiles>
      <MapTile TileID="225" AltIDMod="0" />    </MapTiles>
    <StaticTiles />
  </TransInfo>
  <TransInfo Description="Rock to Large Dirt" HashKey="120712071212071212">
    <MapTiles>
      <MapTile TileID="225" AltIDMod="0" />    </MapTiles>
    <StaticTiles />
  </TransInfo>
  <TransInfo Description="Rock to Large Dirt" HashKey="120712121212071212">
    <MapTiles>
      <MapTile TileID="225" AltIDMod="0" />    </MapTiles>
    <StaticTiles />
  </TransInfo>
  <TransInfo Description="Rock to Large Dirt" HashKey="120707071212121212">
    <MapTiles>
      <MapTile TileID="225" AltIDMod="0" />    </MapTiles>
    <StaticTiles />
  </TransInfo>
  <TransInfo Description="Rock to Large Dirt" HashKey="071212071212070707">
    <MapTiles>
      <MapTile TileID="224" AltIDMod="0" />    </MapTiles>
    <StaticTiles />
  </TransInfo>
  <TransInfo Description="Rock to Large Dirt" HashKey="121212071212070707">
    <MapTiles>
      <MapTile TileID="224" AltIDMod="0" />    </MapTiles>
    <StaticTiles />
  </TransInfo>
  <TransInfo Description="Rock to Large Dirt" HashKey="071212071212070712">
    <MapTiles>
      <MapTile TileID="224" AltIDMod="0" />    </MapTiles>
    <StaticTiles />
  </TransInfo>
  <TransInfo Description="Rock to Large Dirt" HashKey="121212071212070712">
    <MapTiles>
      <MapTile TileID="224" AltIDMod="0" />    </MapTiles>
    <StaticTiles />
  </TransInfo>
  <TransInfo Description="Rock to Large Dirt" HashKey="121212071212120712">
    <MapTiles>
      <MapTile TileID="224" AltIDMod="0" />    </MapTiles>
    <StaticTiles />
  </TransInfo>
  <TransInfo Description="Rock to Large Dirt" HashKey="071212071212121207">
    <MapTiles>
      <MapTile TileID="224" AltIDMod="0" />    </MapTiles>
    <StaticTiles />
  </TransInfo>
  <TransInfo Description="Rock to Large Dirt" HashKey="071212121212070707">
    <MapTiles>
      <MapTile TileID="224" AltIDMod="0" />    </MapTiles>
    <StaticTiles />
  </TransInfo>
  <TransInfo Description="Rock to Large Dirt" HashKey="071212121212070712">
    <MapTiles>
      <MapTile TileID="224" AltIDMod="0" />    </MapTiles>
    <StaticTiles />
  </TransInfo>
  <TransInfo Description="Rock to Large Dirt" HashKey="071212121212120712">
    <MapTiles>
      <MapTile TileID="224" AltIDMod="0" />    </MapTiles>
    <StaticTiles />
  </TransInfo>
  <TransInfo Description="Rock to Large Dirt" HashKey="121212071212071207">
    <MapTiles>
      <MapTile TileID="224" AltIDMod="0" />    </MapTiles>
    <StaticTiles />
  </TransInfo>
  <TransInfo Description="Rock to Large Dirt" HashKey="071212071212071207">
    <MapTiles>
      <MapTile TileID="224" AltIDMod="0" />    </MapTiles>
    <StaticTiles />
  </TransInfo>
  <TransInfo Description="Rock to Large Dirt" HashKey="071212121212120707">
    <MapTiles>
      <MapTile TileID="224" AltIDMod="0" />    </MapTiles>
    <StaticTiles />
  </TransInfo>
  <TransInfo Description="Rock to Large Dirt" HashKey="071212071212120707">
    <MapTiles>
      <MapTile TileID="224" AltIDMod="0" />    </MapTiles>
    <StaticTiles />
  </TransInfo>
  <TransInfo Description="Rock to Large Dirt" HashKey="121212071212120707">
    <MapTiles>
      <MapTile TileID="224" AltIDMod="0" />    </MapTiles>
    <StaticTiles />
  </TransInfo>
  <TransInfo Description="Rock to Large Dirt" HashKey="121212071212121207">
    <MapTiles>
      <MapTile TileID="224" AltIDMod="0" />    </MapTiles>
    <StaticTiles />
  </TransInfo>
  <TransInfo Description="Rock to Large Dirt" HashKey="071212121212071207">
    <MapTiles>
      <MapTile TileID="224" AltIDMod="0" />    </MapTiles>
    <StaticTiles />
  </TransInfo>
  <TransInfo Description="Rock to Large Dirt" HashKey="071212071212120712">
    <MapTiles>
      <MapTile TileID="224" AltIDMod="0" />    </MapTiles>
    <StaticTiles />
  </TransInfo>
  <TransInfo Description="Rock to Large Dirt" HashKey="070707121207121207">
    <MapTiles>
      <MapTile TileID="226" AltIDMod="0" />    </MapTiles>
    <StaticTiles />
  </TransInfo>
  <TransInfo Description="Rock to Large Dirt" HashKey="070707121207121212">
    <MapTiles>
      <MapTile TileID="226" AltIDMod="0" />    </MapTiles>
    <StaticTiles />
  </TransInfo>
  <TransInfo Description="Rock to Large Dirt" HashKey="120707121207121207">
    <MapTiles>
      <MapTile TileID="226" AltIDMod="0" />    </MapTiles>
    <StaticTiles />
  </TransInfo>
  <TransInfo Description="Rock to Large Dirt" HashKey="120707121207121212">
    <MapTiles>
      <MapTile TileID="226" AltIDMod="0" />    </MapTiles>
    <StaticTiles />
  </TransInfo>
  <TransInfo Description="Rock to Large Dirt" HashKey="071212121207121207">
    <MapTiles>
      <MapTile TileID="226" AltIDMod="0" />    </MapTiles>
    <StaticTiles />
  </TransInfo>
  <TransInfo Description="Rock to Large Dirt" HashKey="071207121207121212">
    <MapTiles>
      <MapTile TileID="226" AltIDMod="0" />    </MapTiles>
    <StaticTiles />
  </TransInfo>
  <TransInfo Description="Rock to Large Dirt" HashKey="071207121207121207">
    <MapTiles>
      <MapTile TileID="226" AltIDMod="0" />    </MapTiles>
    <StaticTiles />
  </TransInfo>
  <TransInfo Description="Rock to Large Dirt" HashKey="070712121212121207">
    <MapTiles>
      <MapTile TileID="226" AltIDMod="0" />    </MapTiles>
    <StaticTiles />
  </TransInfo>
  <TransInfo Description="Rock to Large Dirt" HashKey="120712121212121207">
    <MapTiles>
      <MapTile TileID="226" AltIDMod="0" />    </MapTiles>
    <StaticTiles />
  </TransInfo>
  <TransInfo Description="Rock to Large Dirt" HashKey="070707121212121207">
    <MapTiles>
      <MapTile TileID="226" AltIDMod="0" />    </MapTiles>
    <StaticTiles />
  </TransInfo>
  <TransInfo Description="Rock to Large Dirt" HashKey="070712121207121212">
    <MapTiles>
      <MapTile TileID="226" AltIDMod="0" />    </MapTiles>
    <StaticTiles />
  </TransInfo>
  <TransInfo Description="Rock to Large Dirt" HashKey="120707121212121207">
    <MapTiles>
      <MapTile TileID="226" AltIDMod="0" />    </MapTiles>
    <StaticTiles />
  </TransInfo>
  <TransInfo Description="Rock to Large Dirt" HashKey="120712121207121212">
    <MapTiles>
      <MapTile TileID="226" AltIDMod="0" />    </MapTiles>
    <StaticTiles />
  </TransInfo>
  <TransInfo Description="Rock to Large Dirt" HashKey="071212121207121212">
    <MapTiles>
      <MapTile TileID="226" AltIDMod="0" />    </MapTiles>
    <StaticTiles />
  </TransInfo>
  <TransInfo Description="Rock to Large Dirt" HashKey="071207121212121207">
    <MapTiles>
      <MapTile TileID="226" AltIDMod="0" />    </MapTiles>
    <StaticTiles />
  </TransInfo>
  <TransInfo Description="Rock to Large Dirt" HashKey="120712121207121207">
    <MapTiles>
      <MapTile TileID="226" AltIDMod="0" />    </MapTiles>
    <StaticTiles />
  </TransInfo>
  <TransInfo Description="Rock to Large Dirt" HashKey="070712121207121207">
    <MapTiles>
      <MapTile TileID="226" AltIDMod="0" />    </MapTiles>
    <StaticTiles />
  </TransInfo>
  <TransInfo Description="Rock to Large Dirt" HashKey="071212121212121212">
    <MapTiles>
      <MapTile TileID="230" AltIDMod="0" />
    </MapTiles>
    <StaticTiles />
  </TransInfo>
  <TransInfo Description="Rock to Large Dirt" HashKey="121212121212121207">
    <MapTiles>
      <MapTile TileID="228" AltIDMod="0" />
    </MapTiles>
    <StaticTiles />
  </TransInfo>
  <TransInfo Description="Rock to Large Dirt" HashKey="121207121212121212">
    <MapTiles>
      <MapTile TileID="231" AltIDMod="0" />
    </MapTiles>
    <StaticTiles />
  </TransInfo>
  <TransInfo Description="Rock to Large Dirt" HashKey="121212121212071212">
    <MapTiles>
      <MapTile TileID="229" AltIDMod="0" />
    </MapTiles>
    <StaticTiles />
  </TransInfo>
</Trans>