﻿<?xml version="1.0" encoding="utf-8"?>
<Trans>
  <TransInfo Description="Rock to Grass Without Static" HashKey="123E3E121212121212">
    <MapTiles>
      <MapTile TileID="569" AltIDMod="0" />
    </MapTiles>
    <StaticTiles />
  </TransInfo>
  <TransInfo Description="Rock to Grass Without Static" HashKey="3E3E1212123E12123E">
    <MapTiles>
      <MapTile TileID="562" AltIDMod="0" />
    </MapTiles>
    <StaticTiles />
  </TransInfo>
  <TransInfo Description="Rock to Grass Without Static" HashKey="12123E12123E3E123E">
    <MapTiles>
      <MapTile TileID="563" AltIDMod="0" />
    </MapTiles>
    <StaticTiles />
  </TransInfo>
  <TransInfo Description="Rock to Grass Without Static" HashKey="3E12123E12123E3E3E">
    <MapTiles>
      <MapTile TileID="564" AltIDMod="0" />
    </MapTiles>
    <StaticTiles />
  </TransInfo>
  <TransInfo Description="Rock to Grass Without Static" HashKey="3E123E12123E121212">
    <MapTiles>
      <MapTile TileID="562" AltIDMod="0" />
    </MapTiles>
    <StaticTiles />
  </TransInfo>
  <TransInfo Description="Rock to Grass Without Static" HashKey="3E12123E121212123E">
    <MapTiles>
      <MapTile TileID="564" AltIDMod="0" />
    </MapTiles>
    <StaticTiles />
  </TransInfo>
  <TransInfo Description="Rock to Grass Without Static" HashKey="1212121212123E3E12">
    <MapTiles>
      <MapTile TileID="571" AltIDMod="0" />
    </MapTiles>
    <StaticTiles />
  </TransInfo>
  <TransInfo Description="Rock to Grass Without Static" HashKey="3E12123E1212121212">
    <MapTiles>
      <MapTile TileID="572" AltIDMod="0" />
    </MapTiles>
    <StaticTiles />
  </TransInfo>
  <TransInfo Description="Rock to Grass Without Static" HashKey="3E3E3E3E12123E1212">
    <MapTiles>
      <MapTile TileID="561" AltIDMod="0" />
    </MapTiles>
    <StaticTiles />
  </TransInfo>
  <TransInfo Description="Rock to Grass Without Static" HashKey="3E123E121212121212">
    <MapTiles>
      <MapTile TileID="569" AltIDMod="0" />
    </MapTiles>
    <StaticTiles />
  </TransInfo>
  <TransInfo Description="Rock to Grass Without Static" HashKey="1212123E1212121212">
    <MapTiles>
      <MapTile TileID="572" AltIDMod="0" />
    </MapTiles>
    <StaticTiles />
  </TransInfo>
  <TransInfo Description="Rock to Grass Without Static" HashKey="12123E3E1212121212">
    <MapTiles>
      <MapTile TileID="561" AltIDMod="0" />
    </MapTiles>
    <StaticTiles />
  </TransInfo>
  <TransInfo Description="Rock to Grass Without Static" HashKey="12123E1212123E3E3E">
    <MapTiles>
      <MapTile TileID="563" AltIDMod="0" />
    </MapTiles>
    <StaticTiles />
  </TransInfo>
  <TransInfo Description="Rock to Grass Without Static" HashKey="123E3E12121212123E">
    <MapTiles>
      <MapTile TileID="562" AltIDMod="0" />
    </MapTiles>
    <StaticTiles />
  </TransInfo>
  <TransInfo Description="Rock to Grass Without Static" HashKey="12123E12121212123E">
    <MapTiles>
      <MapTile TileID="570" AltIDMod="0" />
    </MapTiles>
    <StaticTiles />
  </TransInfo>
  <TransInfo Description="Rock to Grass Without Static" HashKey="3E3E3E12123E12123E">
    <MapTiles>
      <MapTile TileID="562" AltIDMod="0" />
    </MapTiles>
    <StaticTiles />
  </TransInfo>
  <TransInfo Description="Rock to Grass Without Static" HashKey="12123E1212123E123E">
    <MapTiles>
      <MapTile TileID="563" AltIDMod="0" />
    </MapTiles>
    <StaticTiles />
  </TransInfo>
  <TransInfo Description="Rock to Grass Without Static" HashKey="123E12121212121212">
    <MapTiles>
      <MapTile TileID="569" AltIDMod="0" />
    </MapTiles>
    <StaticTiles />
  </TransInfo>
  <TransInfo Description="Rock to Grass Without Static" HashKey="12121212123E3E3E12">
    <MapTiles>
      <MapTile TileID="563" AltIDMod="0" />
    </MapTiles>
    <StaticTiles />
  </TransInfo>
  <TransInfo Description="Rock to Grass Without Static" HashKey="3E12123E1212123E3E">
    <MapTiles>
      <MapTile TileID="564" AltIDMod="0" />
    </MapTiles>
    <StaticTiles />
  </TransInfo>
  <TransInfo Description="Rock to Grass Without Static" HashKey="12121212123E121212">
    <MapTiles>
      <MapTile TileID="570" AltIDMod="0" />
    </MapTiles>
    <StaticTiles />
  </TransInfo>
  <TransInfo Description="Rock to Grass Without Static" HashKey="3E3E121212123E1212">
    <MapTiles>
      <MapTile TileID="561" AltIDMod="0" />
    </MapTiles>
    <StaticTiles />
  </TransInfo>
  <TransInfo Description="Rock to Grass Without Static" HashKey="1212121212123E3E3E">
    <MapTiles>
      <MapTile TileID="571" AltIDMod="0" />
    </MapTiles>
    <StaticTiles />
  </TransInfo>
  <TransInfo Description="Rock to Grass Without Static" HashKey="1212123E12123E3E12">
    <MapTiles>
      <MapTile TileID="564" AltIDMod="0" />
    </MapTiles>
    <StaticTiles />
  </TransInfo>
  <TransInfo Description="Rock to Grass Without Static" HashKey="12123E12123E123E12">
    <MapTiles>
      <MapTile TileID="563" AltIDMod="0" />
    </MapTiles>
    <StaticTiles />
  </TransInfo>
  <TransInfo Description="Rock to Grass Without Static" HashKey="3E3E3E1212123E1212">
    <MapTiles>
      <MapTile TileID="561" AltIDMod="0" />
    </MapTiles>
    <StaticTiles />
  </TransInfo>
  <TransInfo Description="Rock to Grass Without Static" HashKey="3E12121212123E3E12">
    <MapTiles>
      <MapTile TileID="564" AltIDMod="0" />
    </MapTiles>
    <StaticTiles />
  </TransInfo>
  <TransInfo Description="Rock to Grass Without Static" HashKey="3E1212121212121212">
    <MapTiles>
      <MapTile TileID="567" AltIDMod="0" />
    </MapTiles>
    <StaticTiles />
  </TransInfo>
  <TransInfo Description="Rock to Grass Without Static" HashKey="12121212123E123E12">
    <MapTiles>
      <MapTile TileID="563" AltIDMod="0" />
    </MapTiles>
    <StaticTiles />
  </TransInfo>
  <TransInfo Description="Rock to Grass Without Static" HashKey="3E123E3E12123E1212">
    <MapTiles>
      <MapTile TileID="561" AltIDMod="0" />
    </MapTiles>
    <StaticTiles />
  </TransInfo>
  <TransInfo Description="Rock to Grass Without Static" HashKey="3E123E12123E12123E">
    <MapTiles>
      <MapTile TileID="562" AltIDMod="0" />
    </MapTiles>
    <StaticTiles />
  </TransInfo>
  <TransInfo Description="Rock to Grass Without Static" HashKey="123E3E12123E12123E">
    <MapTiles>
      <MapTile TileID="562" AltIDMod="0" />
    </MapTiles>
    <StaticTiles />
  </TransInfo>
  <TransInfo Description="Rock to Grass Without Static" HashKey="1212123E1212123E12">
    <MapTiles>
      <MapTile TileID="564" AltIDMod="0" />
    </MapTiles>
    <StaticTiles />
  </TransInfo>
  <TransInfo Description="Rock to Grass Without Static" HashKey="123E1212123E121212">
    <MapTiles>
      <MapTile TileID="562" AltIDMod="0" />
    </MapTiles>
    <StaticTiles />
  </TransInfo>
  <TransInfo Description="Rock to Grass Without Static" HashKey="3E3E3E3E1212121212">
    <MapTiles>
      <MapTile TileID="561" AltIDMod="0" />
    </MapTiles>
    <StaticTiles />
  </TransInfo>
  <TransInfo Description="Rock to Grass Without Static" HashKey="121212121212123E3E">
    <MapTiles>
      <MapTile TileID="571" AltIDMod="0" />
    </MapTiles>
    <StaticTiles />
  </TransInfo>
  <TransInfo Description="Rock to Grass Without Static" HashKey="3E1212121212123E12">
    <MapTiles>
      <MapTile TileID="564" AltIDMod="0" />
    </MapTiles>
    <StaticTiles />
  </TransInfo>
  <TransInfo Description="Rock to Grass Without Static" HashKey="3E3E3E12121212123E">
    <MapTiles>
      <MapTile TileID="562" AltIDMod="0" />
    </MapTiles>
    <StaticTiles />
  </TransInfo>
  <TransInfo Description="Rock to Grass Without Static" HashKey="3E123E12121212123E">
    <MapTiles>
      <MapTile TileID="562" AltIDMod="0" />
    </MapTiles>
    <StaticTiles />
  </TransInfo>
  <TransInfo Description="Rock to Grass Without Static" HashKey="3E12123E12123E123E">
    <MapTiles>
      <MapTile TileID="564" AltIDMod="0" />
    </MapTiles>
    <StaticTiles />
  </TransInfo>
  <TransInfo Description="Rock to Grass Without Static" HashKey="3E3E1212123E121212">
    <MapTiles>
      <MapTile TileID="562" AltIDMod="0" />
    </MapTiles>
    <StaticTiles />
  </TransInfo>
  <TransInfo Description="Rock to Grass Without Static" HashKey="3E121212123E121212">
    <MapTiles>
      <MapTile TileID="562" AltIDMod="0" />
    </MapTiles>
    <StaticTiles />
  </TransInfo>
  <TransInfo Description="Rock to Grass Without Static" HashKey="12121212123E123E3E">
    <MapTiles>
      <MapTile TileID="563" AltIDMod="0" />
    </MapTiles>
    <StaticTiles />
  </TransInfo>
  <TransInfo Description="Rock to Grass Without Static" HashKey="12123E12123E3E1212">
    <MapTiles>
      <MapTile TileID="563" AltIDMod="0" />
    </MapTiles>
    <StaticTiles />
  </TransInfo>
  <TransInfo Description="Rock to Grass Without Static" HashKey="123E3E3E12123E1212">
    <MapTiles>
      <MapTile TileID="561" AltIDMod="0" />
    </MapTiles>
    <StaticTiles />
  </TransInfo>
  <TransInfo Description="Rock to Grass Without Static" HashKey="3E3E123E1212121212">
    <MapTiles>
      <MapTile TileID="561" AltIDMod="0" />
    </MapTiles>
    <StaticTiles />
  </TransInfo>
  <TransInfo Description="Rock to Grass Without Static" HashKey="3E121212123E12123E">
    <MapTiles>
      <MapTile TileID="562" AltIDMod="0" />
    </MapTiles>
    <StaticTiles />
  </TransInfo>
  <TransInfo Description="Rock to Grass Without Static" HashKey="1212123E1212123E3E">
    <MapTiles>
      <MapTile TileID="564" AltIDMod="0" />
    </MapTiles>
    <StaticTiles />
  </TransInfo>
  <TransInfo Description="Rock to Grass Without Static" HashKey="3E3E12121212121212">
    <MapTiles>
      <MapTile TileID="569" AltIDMod="0" />
    </MapTiles>
    <StaticTiles />
  </TransInfo>
  <TransInfo Description="Rock to Grass Without Static" HashKey="123E1212123E12123E">
    <MapTiles>
      <MapTile TileID="562" AltIDMod="0" />
    </MapTiles>
    <StaticTiles />
  </TransInfo>
  <TransInfo Description="Rock to Grass Without Static" HashKey="123E123E12123E1212">
    <MapTiles>
      <MapTile TileID="561" AltIDMod="0" />
    </MapTiles>
    <StaticTiles />
  </TransInfo>
  <TransInfo Description="Rock to Grass Without Static" HashKey="3E1212121212123E3E">
    <MapTiles>
      <MapTile TileID="564" AltIDMod="0" />
    </MapTiles>
    <StaticTiles />
  </TransInfo>
  <TransInfo Description="Rock to Grass Without Static" HashKey="12123E12123E3E3E12">
    <MapTiles>
      <MapTile TileID="563" AltIDMod="0" />
    </MapTiles>
    <StaticTiles />
  </TransInfo>
  <TransInfo Description="Rock to Grass Without Static" HashKey="12123E1212123E3E12">
    <MapTiles>
      <MapTile TileID="563" AltIDMod="0" />
    </MapTiles>
    <StaticTiles />
  </TransInfo>
  <TransInfo Description="Rock to Grass Without Static" HashKey="12121212123E12123E">
    <MapTiles>
      <MapTile TileID="570" AltIDMod="0" />
    </MapTiles>
    <StaticTiles />
  </TransInfo>
  <TransInfo Description="Rock to Grass Without Static" HashKey="12123E121212121212">
    <MapTiles>
      <MapTile TileID="568" AltIDMod="0" />
    </MapTiles>
    <StaticTiles />
  </TransInfo>
  <TransInfo Description="Rock to Grass Without Static" HashKey="12123E12123E123E3E">
    <MapTiles>
      <MapTile TileID="563" AltIDMod="0" />
    </MapTiles>
    <StaticTiles />
  </TransInfo>
  <TransInfo Description="Rock to Grass Without Static" HashKey="1212121212123E123E">
    <MapTiles>
      <MapTile TileID="571" AltIDMod="0" />
    </MapTiles>
    <StaticTiles />
  </TransInfo>
  <TransInfo Description="Rock to Grass Without Static" HashKey="123E1212121212123E">
    <MapTiles>
      <MapTile TileID="562" AltIDMod="0" />
    </MapTiles>
    <StaticTiles />
  </TransInfo>
  <TransInfo Description="Rock to Grass Without Static" HashKey="3E12123E1212123E12">
    <MapTiles>
      <MapTile TileID="564" AltIDMod="0" />
    </MapTiles>
    <StaticTiles />
  </TransInfo>
  <TransInfo Description="Rock to Grass Without Static" HashKey="3E3E1212121212123E">
    <MapTiles>
      <MapTile TileID="562" AltIDMod="0" />
    </MapTiles>
    <StaticTiles />
  </TransInfo>
  <TransInfo Description="Rock to Grass Without Static" HashKey="123E121212123E1212">
    <MapTiles>
      <MapTile TileID="561" AltIDMod="0" />
    </MapTiles>
    <StaticTiles />
  </TransInfo>
  <TransInfo Description="Rock to Grass Without Static" HashKey="12123E121212123E12">
    <MapTiles>
      <MapTile TileID="563" AltIDMod="0" />
    </MapTiles>
    <StaticTiles />
  </TransInfo>
  <TransInfo Description="Rock to Grass Without Static" HashKey="12121212123E3E1212">
    <MapTiles>
      <MapTile TileID="563" AltIDMod="0" />
    </MapTiles>
    <StaticTiles />
  </TransInfo>
  <TransInfo Description="Rock to Grass Without Static" HashKey="12123E12123E3E3E3E">
    <MapTiles>
      <MapTile TileID="563" AltIDMod="0" />
    </MapTiles>
    <StaticTiles />
  </TransInfo>
  <TransInfo Description="Rock to Grass Without Static" HashKey="1212123E12123E123E">
    <MapTiles>
      <MapTile TileID="564" AltIDMod="0" />
    </MapTiles>
    <StaticTiles />
  </TransInfo>
  <TransInfo Description="Rock to Grass Without Static" HashKey="1212123E12123E1212">
    <MapTiles>
      <MapTile TileID="572" AltIDMod="0" />
    </MapTiles>
    <StaticTiles />
  </TransInfo>
  <TransInfo Description="Rock to Grass Without Static" HashKey="12123E12123E121212">
    <MapTiles>
      <MapTile TileID="570" AltIDMod="0" />
    </MapTiles>
    <StaticTiles />
  </TransInfo>
  <TransInfo Description="Rock to Grass Without Static" HashKey="12121212121212123E">
    <MapTiles>
      <MapTile TileID="565" AltIDMod="0" />
    </MapTiles>
    <StaticTiles />
  </TransInfo>
  <TransInfo Description="Rock to Grass Without Static" HashKey="123E3E12123E121212">
    <MapTiles>
      <MapTile TileID="562" AltIDMod="0" />
    </MapTiles>
    <StaticTiles />
  </TransInfo>
  <TransInfo Description="Rock to Grass Without Static" HashKey="3E12121212123E1212">
    <MapTiles>
      <MapTile TileID="572" AltIDMod="0" />
    </MapTiles>
    <StaticTiles />
  </TransInfo>
  <TransInfo Description="Rock to Grass Without Static" HashKey="123E123E1212121212">
    <MapTiles>
      <MapTile TileID="561" AltIDMod="0" />
    </MapTiles>
    <StaticTiles />
  </TransInfo>
  <TransInfo Description="Rock to Grass Without Static" HashKey="121212121212123E12">
    <MapTiles>
      <MapTile TileID="571" AltIDMod="0" />
    </MapTiles>
    <StaticTiles />
  </TransInfo>
  <TransInfo Description="Rock to Grass Without Static" HashKey="12121212123E3E3E3E">
    <MapTiles>
      <MapTile TileID="563" AltIDMod="0" />
    </MapTiles>
    <StaticTiles />
  </TransInfo>
  <TransInfo Description="Rock to Grass Without Static" HashKey="3E3E3E121212121212">
    <MapTiles>
      <MapTile TileID="569" AltIDMod="0" />
    </MapTiles>
    <StaticTiles />
  </TransInfo>
  <TransInfo Description="Rock to Grass Without Static" HashKey="12123E121212123E3E">
    <MapTiles>
      <MapTile TileID="563" AltIDMod="0" />
    </MapTiles>
    <StaticTiles />
  </TransInfo>
  <TransInfo Description="Rock to Grass Without Static" HashKey="12121212123E3E123E">
    <MapTiles>
      <MapTile TileID="563" AltIDMod="0" />
    </MapTiles>
    <StaticTiles />
  </TransInfo>
  <TransInfo Description="Rock to Grass Without Static" HashKey="1212123E12123E3E3E">
    <MapTiles>
      <MapTile TileID="564" AltIDMod="0" />
    </MapTiles>
    <StaticTiles />
  </TransInfo>
  <TransInfo Description="Rock to Grass Without Static" HashKey="3E12123E12123E1212">
    <MapTiles>
      <MapTile TileID="572" AltIDMod="0" />
    </MapTiles>
    <StaticTiles />
  </TransInfo>
  <TransInfo Description="Rock to Grass Without Static" HashKey="1212123E121212123E">
    <MapTiles>
      <MapTile TileID="564" AltIDMod="0" />
    </MapTiles>
    <StaticTiles />
  </TransInfo>
  <TransInfo Description="Rock to Grass Without Static" HashKey="3E123E1212123E1212">
    <MapTiles>
      <MapTile TileID="561" AltIDMod="0" />
    </MapTiles>
    <StaticTiles />
  </TransInfo>
  <TransInfo Description="Rock to Grass Without Static" HashKey="12123E12123E12123E">
    <MapTiles>
      <MapTile TileID="570" AltIDMod="0" />
    </MapTiles>
    <StaticTiles />
  </TransInfo>
  <TransInfo Description="Rock to Grass Without Static" HashKey="3E12121212123E3E3E">
    <MapTiles>
      <MapTile TileID="564" AltIDMod="0" />
    </MapTiles>
    <StaticTiles />
  </TransInfo>
  <TransInfo Description="Rock to Grass Without Static" HashKey="12123E3E12123E1212">
    <MapTiles>
      <MapTile TileID="561" AltIDMod="0" />
    </MapTiles>
    <StaticTiles />
  </TransInfo>
  <TransInfo Description="Rock to Grass Without Static" HashKey="3E123E3E1212121212">
    <MapTiles>
      <MapTile TileID="561" AltIDMod="0" />
    </MapTiles>
    <StaticTiles />
  </TransInfo>
  <TransInfo Description="Rock to Grass Without Static" HashKey="3E12121212123E123E">
    <MapTiles>
      <MapTile TileID="564" AltIDMod="0" />
    </MapTiles>
    <StaticTiles />
  </TransInfo>
  <TransInfo Description="Rock to Grass Without Static" HashKey="3E12123E12123E3E12">
    <MapTiles>
      <MapTile TileID="564" AltIDMod="0" />
    </MapTiles>
    <StaticTiles />
  </TransInfo>
  <TransInfo Description="Rock to Grass Without Static" HashKey="123E3E1212123E1212">
    <MapTiles>
      <MapTile TileID="561" AltIDMod="0" />
    </MapTiles>
    <StaticTiles />
  </TransInfo>
  <TransInfo Description="Rock to Grass Without Static" HashKey="3E3E123E12123E1212">
    <MapTiles>
      <MapTile TileID="561" AltIDMod="0" />
    </MapTiles>
    <StaticTiles />
  </TransInfo>
  <TransInfo Description="Rock to Grass Without Static" HashKey="3E3E3E12123E121212">
    <MapTiles>
      <MapTile TileID="562" AltIDMod="0" />
    </MapTiles>
    <StaticTiles />
  </TransInfo>
  <TransInfo Description="Rock to Grass Without Static" HashKey="1212121212123E1212">
    <MapTiles>
      <MapTile TileID="566" AltIDMod="0" />
    </MapTiles>
    <StaticTiles />
  </TransInfo>
  <TransInfo Description="Rock to Grass Without Static" HashKey="123E3E3E1212121212">
    <MapTiles>
      <MapTile TileID="561" AltIDMod="0" />
    </MapTiles>
    <StaticTiles />
  </TransInfo>
</Trans>