﻿<?xml version="1.0" encoding="utf-8"?>
<Trans>
  <TransInfo Description="Grass-Rock-Shallow Water" HashKey="121206121206010106">
    <MapTiles>
      <MapTile TileID="558" AltIDMod="-15" />
    </MapTiles>
    <StaticTiles>
      <StaticTile TileID="6051" AltIDMod="-5" />
    </StaticTiles>
  </TransInfo>
  <TransInfo Description="Grass-Rock-Shallow Water" HashKey="061212061212060101">
    <MapTiles>
      <MapTile TileID="558" AltIDMod="-15" />
    </MapTiles>
    <StaticTiles>
      <StaticTile TileID="6041" AltIDMod="-5" />
    </StaticTiles>
  </TransInfo>
  <TransInfo Description="Grass-Rock-Shallow Water" HashKey="011212011212060606">
    <MapTiles>
      <MapTile TileID="558" AltIDMod="-15" />
    </MapTiles>
    <StaticTiles>
      <StaticTile TileID="6047" AltIDMod="-5" />
    </StaticTiles>
  </TransInfo>
  <TransInfo Description="Grass-Rock-Shallow Water" HashKey="060606120101120101">
    <MapTiles>
      <MapTile TileID="36" AltIDMod="-15" />
    </MapTiles>
    <StaticTiles>
      <StaticTile TileID="6041" AltIDMod="-5" />
    </StaticTiles>
  </TransInfo>
  <TransInfo Description="Grass-Rock-Shallow Water" HashKey="120101120101060606">
    <MapTiles>
      <MapTile TileID="33" AltIDMod="-15" />
    </MapTiles>
    <StaticTiles>
      <StaticTile TileID="6047" AltIDMod="-5" />
    </StaticTiles>
  </TransInfo>
  <TransInfo Description="Grass-Rock-Shallow Water" HashKey="010112010112060606">
    <MapTiles>
      <MapTile TileID="33" AltIDMod="-15" />
    </MapTiles>
    <StaticTiles>
      <StaticTile TileID="6047" AltIDMod="-5" />
    </StaticTiles>
  </TransInfo>
  <TransInfo Description="Grass-Rock-Shallow Water" HashKey="121206010106010106">
    <MapTiles>
      <MapTile TileID="35" AltIDMod="-15" />
    </MapTiles>
    <StaticTiles>
      <StaticTile TileID="6051" AltIDMod="-5" />
    </StaticTiles>
  </TransInfo>
  <TransInfo Description="Grass-Rock-Shallow Water" HashKey="060606121201121201">
    <MapTiles>
      <MapTile TileID="558" AltIDMod="-15" />
    </MapTiles>
    <StaticTiles>
      <StaticTile TileID="6041" AltIDMod="-5" />
    </StaticTiles>
  </TransInfo>
  <TransInfo Description="Grass-Rock-Shallow Water" HashKey="010106121206121206">
    <MapTiles>
      <MapTile TileID="558" AltIDMod="-15" />
    </MapTiles>
    <StaticTiles>
      <StaticTile TileID="6051" AltIDMod="-5" />
    </StaticTiles>
  </TransInfo>
  <TransInfo Description="Grass-Rock-Shallow Water" HashKey="060101060101061212">
    <MapTiles>
      <MapTile TileID="34" AltIDMod="-15" />
    </MapTiles>
    <StaticTiles>
      <StaticTile TileID="6041" AltIDMod="-5" />
    </StaticTiles>
  </TransInfo>
  <TransInfo Description="Grass-Rock-Shallow Water" HashKey="060101061212061212">
    <MapTiles>
      <MapTile TileID="558" AltIDMod="-15" />
    </MapTiles>
    <StaticTiles>
      <StaticTile TileID="6041" AltIDMod="-5" />
    </StaticTiles>
  </TransInfo>
  <TransInfo Description="Grass-Rock-Shallow Water" HashKey="061212060101060101">
    <MapTiles>
      <MapTile TileID="34" AltIDMod="-15" />
    </MapTiles>
    <StaticTiles>
      <StaticTile TileID="6041" AltIDMod="-5" />
    </StaticTiles>
  </TransInfo>
  <TransInfo Description="Grass-Rock-Shallow Water" HashKey="010106010106121206">
    <MapTiles>
      <MapTile TileID="35" AltIDMod="-15" />
    </MapTiles>
    <StaticTiles>
      <StaticTile TileID="6051" AltIDMod="-5" />
    </StaticTiles>
  </TransInfo>
  <TransInfo Description="Grass-Rock-Shallow Water" HashKey="121201121201060606">
    <MapTiles>
      <MapTile TileID="558" AltIDMod="-15" />
    </MapTiles>
    <StaticTiles>
      <StaticTile TileID="6047" AltIDMod="-5" />
    </StaticTiles>
  </TransInfo>
  <TransInfo Description="Grass-Rock-Shallow Water" HashKey="060606010112010112">
    <MapTiles>
      <MapTile TileID="36" AltIDMod="-15" />
    </MapTiles>
    <StaticTiles>
      <StaticTile TileID="6041" AltIDMod="-5" />
    </StaticTiles>
  </TransInfo>
  <TransInfo Description="Grass-Rock-Shallow Water" HashKey="060606011212011212">
    <MapTiles>
      <MapTile TileID="558" AltIDMod="-15" />
    </MapTiles>
    <StaticTiles>
      <StaticTile TileID="6041" AltIDMod="-5" />
    </StaticTiles>
  </TransInfo>
</Trans>