﻿<?xml version="1.0" encoding="utf-8"?>
<Trans>
  <TransInfo Description="Grass-Small Dirt-Shallow Water" HashKey="060101060808060808">
    <MapTiles>
      <MapTile TileID="117" AltIDMod="-15" />
    </MapTiles>
    <StaticTiles>
      <StaticTile TileID="6042" AltIDMod="-5" />
      <StaticTile TileID="6043" AltIDMod="-5" />
    </StaticTiles>
  </TransInfo>
  <TransInfo Description="Grass-Small Dirt-Shallow Water" HashKey="080101080101060606">
    <MapTiles>
      <MapTile TileID="38" AltIDMod="-15" />
    </MapTiles>
    <StaticTiles>
      <StaticTile TileID="6047" AltIDMod="-5" />
    </StaticTiles>
  </TransInfo>
  <TransInfo Description="Grass-Small Dirt-Shallow Water" HashKey="060808060101060101">
    <MapTiles>
      <MapTile TileID="38" AltIDMod="-15" />
    </MapTiles>
    <StaticTiles>
      <StaticTile TileID="6042" AltIDMod="-5" />
      <StaticTile TileID="6043" AltIDMod="-5" />
    </StaticTiles>
  </TransInfo>
  <TransInfo Description="Grass-Small Dirt-Shallow Water" HashKey="010106080806080806">
    <MapTiles>
      <MapTile TileID="117" AltIDMod="-15" />
    </MapTiles>
    <StaticTiles>
      <StaticTile TileID="6051" AltIDMod="-5" />
    </StaticTiles>
  </TransInfo>
  <TransInfo Description="Grass-Small Dirt-Shallow Water" HashKey="080806010106010106">
    <MapTiles>
      <MapTile TileID="35" AltIDMod="-15" />
    </MapTiles>
    <StaticTiles>
      <StaticTile TileID="6051" AltIDMod="-5" />
    </StaticTiles>
  </TransInfo>
  <TransInfo Description="Grass-Small Dirt-Shallow Water" HashKey="010106010106080806">
    <MapTiles>
      <MapTile TileID="35" AltIDMod="-15" />
    </MapTiles>
    <StaticTiles>
      <StaticTile TileID="6051" AltIDMod="-5" />
    </StaticTiles>
  </TransInfo>
  <TransInfo Description="Grass-Small Dirt-Shallow Water" HashKey="080806080806010106">
    <MapTiles>
      <MapTile TileID="117" AltIDMod="-15" />
    </MapTiles>
    <StaticTiles>
      <StaticTile TileID="6051" AltIDMod="-5" />
    </StaticTiles>
  </TransInfo>
  <TransInfo Description="Grass-Small Dirt-Shallow Water" HashKey="060606080101080101">
    <MapTiles>
      <MapTile TileID="36" AltIDMod="-15" />
    </MapTiles>
    <StaticTiles>
      <StaticTile TileID="6042" AltIDMod="-5" />
      <StaticTile TileID="6043" AltIDMod="-5" />
    </StaticTiles>
  </TransInfo>
  <TransInfo Description="Grass-Small Dirt-Shallow Water" HashKey="060606010808010808">
    <MapTiles>
      <MapTile TileID="117" AltIDMod="-15" />
    </MapTiles>
    <StaticTiles>
      <StaticTile TileID="6042" AltIDMod="-5" />
      <StaticTile TileID="6043" AltIDMod="-5" />
    </StaticTiles>
  </TransInfo>
  <TransInfo Description="Grass-Small Dirt-Shallow Water" HashKey="060101060101060808">
    <MapTiles>
      <MapTile TileID="34" AltIDMod="-15" />
    </MapTiles>
    <StaticTiles>
      <StaticTile TileID="6042" AltIDMod="-5" />
      <StaticTile TileID="6043" AltIDMod="-5" />
    </StaticTiles>
  </TransInfo>
  <TransInfo Description="Grass-Small Dirt-Shallow Water" HashKey="060606080801080801">
    <MapTiles>
      <MapTile TileID="117" AltIDMod="-15" />
    </MapTiles>
    <StaticTiles>
      <StaticTile TileID="6042" AltIDMod="-5" />
      <StaticTile TileID="6043" AltIDMod="-5" />
    </StaticTiles>
  </TransInfo>
  <TransInfo Description="Grass-Small Dirt-Shallow Water" HashKey="060606010108010108">
    <MapTiles>
      <MapTile TileID="36" AltIDMod="-15" />
    </MapTiles>
    <StaticTiles>
      <StaticTile TileID="6042" AltIDMod="-5" />
      <StaticTile TileID="6043" AltIDMod="-5" />
    </StaticTiles>
  </TransInfo>
  <TransInfo Description="Grass-Small Dirt-Shallow Water" HashKey="060808060808060101">
    <MapTiles>
      <MapTile TileID="117" AltIDMod="-15" />
    </MapTiles>
    <StaticTiles>
      <StaticTile TileID="6042" AltIDMod="-5" />
      <StaticTile TileID="6043" AltIDMod="-5" />
    </StaticTiles>
  </TransInfo>
  <TransInfo Description="Grass-Small Dirt-Shallow Water" HashKey="080801080801060606">
    <MapTiles>
      <MapTile TileID="117" AltIDMod="-15" />
    </MapTiles>
    <StaticTiles>
      <StaticTile TileID="6047" AltIDMod="-5" />
    </StaticTiles>
  </TransInfo>
  <TransInfo Description="Grass-Small Dirt-Shallow Water" HashKey="010808010808060606">
    <MapTiles>
      <MapTile TileID="117" AltIDMod="-15" />
    </MapTiles>
    <StaticTiles>
      <StaticTile TileID="6047" AltIDMod="-5" />
    </StaticTiles>
  </TransInfo>
  <TransInfo Description="Grass-Small Dirt-Shallow Water" HashKey="010108010108060606">
    <MapTiles>
      <MapTile TileID="33" AltIDMod="-15" />
    </MapTiles>
    <StaticTiles>
      <StaticTile TileID="6047" AltIDMod="-5" />
    </StaticTiles>
  </TransInfo>
</Trans>