﻿<?xml version="1.0" encoding="utf-8"?>
<Trans>
  <TransInfo Description="Light Wooden Floor(NS) to Cobblestones" HashKey="1818181C1C1C1C1C1C">
    <MapTiles>
      <MapTile TileID="1240" AltIDMod="0" />
      <MapTile TileID="1241" AltIDMod="0" />
    </MapTiles>
    <StaticTiles />
  </TransInfo>
  <TransInfo Description="Light Wooden Floor(NS) to Cobblestones" HashKey="1C18181C1C1C1C1C1C">
    <MapTiles>
      <MapTile TileID="1240" AltIDMod="0" />
      <MapTile TileID="1241" AltIDMod="0" />
    </MapTiles>
    <StaticTiles />
  </TransInfo>
  <TransInfo Description="Light Wooden Floor(NS) to Cobblestones" HashKey="18181C1C1C1C1C1C1C">
    <MapTiles>
      <MapTile TileID="1240" AltIDMod="0" />
      <MapTile TileID="1241" AltIDMod="0" />
    </MapTiles>
    <StaticTiles />
  </TransInfo>
  <TransInfo Description="Light Wooden Floor(NS) to Cobblestones" HashKey="1C181C1C1C1C1C1C1C">
    <MapTiles>
      <MapTile TileID="1240" AltIDMod="0" />
      <MapTile TileID="1241" AltIDMod="0" />
    </MapTiles>
    <StaticTiles />
  </TransInfo>
  <TransInfo Description="Light Wooden Floor(NS) to Cobblestones" HashKey="181C181C1C1C1C1C1C">
    <MapTiles>
      <MapTile TileID="1240" AltIDMod="0" />
      <MapTile TileID="1241" AltIDMod="0" />
    </MapTiles>
    <StaticTiles />
  </TransInfo>
  <TransInfo Description="Light Wooden Floor(NS) to Cobblestones" HashKey="181C1C181C1C181C1C">
    <MapTiles>
      <MapTile TileID="1244" AltIDMod="0" />
    </MapTiles>
    <StaticTiles />
  </TransInfo>
  <TransInfo Description="Light Wooden Floor(NS) to Cobblestones" HashKey="181C1C181C1C1C1C1C">
    <MapTiles>
      <MapTile TileID="1244" AltIDMod="0" />
    </MapTiles>
    <StaticTiles />
  </TransInfo>
  <TransInfo Description="Light Wooden Floor(NS) to Cobblestones" HashKey="1C1C1C181C1C181C1C">
    <MapTiles>
      <MapTile TileID="1244" AltIDMod="0" />
    </MapTiles>
    <StaticTiles />
  </TransInfo>
  <TransInfo Description="Light Wooden Floor(NS) to Cobblestones" HashKey="1C1C1C181C1C1C1C1C">
    <MapTiles>
      <MapTile TileID="1244" AltIDMod="0" />
    </MapTiles>
    <StaticTiles />
  </TransInfo>
  <TransInfo Description="Light Wooden Floor(NS) to Cobblestones" HashKey="181C1C1C1C1C181C1C">
    <MapTiles>
      <MapTile TileID="1244" AltIDMod="0" />
    </MapTiles>
    <StaticTiles />
  </TransInfo>
  <TransInfo Description="Light Wooden Floor(NS) to Cobblestones" HashKey="1C1C181C1C181C1C18">
    <MapTiles>
      <MapTile TileID="1243" AltIDMod="0" />
    </MapTiles>
    <StaticTiles />
  </TransInfo>
  <TransInfo Description="Light Wooden Floor(NS) to Cobblestones" HashKey="1C1C1C1C1C181C1C18">
    <MapTiles>
      <MapTile TileID="1243" AltIDMod="0" />
    </MapTiles>
    <StaticTiles />
  </TransInfo>
  <TransInfo Description="Light Wooden Floor(NS) to Cobblestones" HashKey="1C1C181C1C181C1C1C">
    <MapTiles>
      <MapTile TileID="1243" AltIDMod="0" />
    </MapTiles>
    <StaticTiles />
  </TransInfo>
  <TransInfo Description="Light Wooden Floor(NS) to Cobblestones" HashKey="1C1C1C1C1C181C1C1C">
    <MapTiles>
      <MapTile TileID="1243" AltIDMod="0" />
    </MapTiles>
    <StaticTiles />
  </TransInfo>
  <TransInfo Description="Light Wooden Floor(NS) to Cobblestones" HashKey="1C1C181C1C1C1C1C18">
    <MapTiles>
      <MapTile TileID="1243" AltIDMod="0" />
    </MapTiles>
    <StaticTiles />
  </TransInfo>
  <TransInfo Description="Light Wooden Floor(NS) to Cobblestones" HashKey="1C1C1C1C1C1C181818">
    <MapTiles>
      <MapTile TileID="1239" AltIDMod="0" />
      <MapTile TileID="1242" AltIDMod="0" />
    </MapTiles>
    <StaticTiles />
  </TransInfo>
  <TransInfo Description="Light Wooden Floor(NS) to Cobblestones" HashKey="1C1C1C1C1C1C18181C">
    <MapTiles>
      <MapTile TileID="1239" AltIDMod="0" />
      <MapTile TileID="1242" AltIDMod="0" />
    </MapTiles>
    <StaticTiles />
  </TransInfo>
  <TransInfo Description="Light Wooden Floor(NS) to Cobblestones" HashKey="1C1C1C1C1C1C1C1818">
    <MapTiles>
      <MapTile TileID="1239" AltIDMod="0" />
      <MapTile TileID="1242" AltIDMod="0" />
    </MapTiles>
    <StaticTiles />
  </TransInfo>
  <TransInfo Description="Light Wooden Floor(NS) to Cobblestones" HashKey="1C1C1C1C1C1C1C181C">
    <MapTiles>
      <MapTile TileID="1239" AltIDMod="0" />
      <MapTile TileID="1242" AltIDMod="0" />
    </MapTiles>
    <StaticTiles />
  </TransInfo>
  <TransInfo Description="Light Wooden Floor(NS) to Cobblestones" HashKey="1C1C1C1C1C1C181C18">
    <MapTiles>
      <MapTile TileID="1239" AltIDMod="0" />
      <MapTile TileID="1242" AltIDMod="0" />
    </MapTiles>
    <StaticTiles />
  </TransInfo>
  <TransInfo Description="Light Wooden Floor(NS) to Cobblestones" HashKey="1C1C181C1C18181818">
    <MapTiles>
      <MapTile TileID="1247" AltIDMod="0" />
    </MapTiles>
    <StaticTiles />
  </TransInfo>
  <TransInfo Description="Light Wooden Floor(NS) to Cobblestones" HashKey="1C1C1C1C1C18181818">
    <MapTiles>
      <MapTile TileID="1247" AltIDMod="0" />
    </MapTiles>
    <StaticTiles />
  </TransInfo>
  <TransInfo Description="Light Wooden Floor(NS) to Cobblestones" HashKey="1C1C181C1C181C1818">
    <MapTiles>
      <MapTile TileID="1247" AltIDMod="0" />
    </MapTiles>
    <StaticTiles />
  </TransInfo>
  <TransInfo Description="Light Wooden Floor(NS) to Cobblestones" HashKey="1C1C1C1C1C181C1818">
    <MapTiles>
      <MapTile TileID="1247" AltIDMod="0" />
    </MapTiles>
    <StaticTiles />
  </TransInfo>
  <TransInfo Description="Light Wooden Floor(NS) to Cobblestones" HashKey="1C1C1C1C1C181C181C">
    <MapTiles>
      <MapTile TileID="1247" AltIDMod="0" />
    </MapTiles>
    <StaticTiles />
  </TransInfo>
  <TransInfo Description="Light Wooden Floor(NS) to Cobblestones" HashKey="1C1C181C1C1C1C1818">
    <MapTiles>
      <MapTile TileID="1247" AltIDMod="0" />
    </MapTiles>
    <StaticTiles />
  </TransInfo>
  <TransInfo Description="Light Wooden Floor(NS) to Cobblestones" HashKey="1C1C181C1C1C181818">
    <MapTiles>
      <MapTile TileID="1247" AltIDMod="0" />
    </MapTiles>
    <StaticTiles />
  </TransInfo>
  <TransInfo Description="Light Wooden Floor(NS) to Cobblestones" HashKey="1C1C181C1C1C18181C">
    <MapTiles>
      <MapTile TileID="1247" AltIDMod="0" />
    </MapTiles>
    <StaticTiles />
  </TransInfo>
  <TransInfo Description="Light Wooden Floor(NS) to Cobblestones" HashKey="1C1C1C1C1C18181C18">
    <MapTiles>
      <MapTile TileID="1247" AltIDMod="0" />
    </MapTiles>
    <StaticTiles />
  </TransInfo>
  <TransInfo Description="Light Wooden Floor(NS) to Cobblestones" HashKey="1C1C181C1C18181C18">
    <MapTiles>
      <MapTile TileID="1247" AltIDMod="0" />
    </MapTiles>
    <StaticTiles />
  </TransInfo>
  <TransInfo Description="Light Wooden Floor(NS) to Cobblestones" HashKey="1C1C181C1C1818181C">
    <MapTiles>
      <MapTile TileID="1247" AltIDMod="0" />
    </MapTiles>
    <StaticTiles />
  </TransInfo>
  <TransInfo Description="Light Wooden Floor(NS) to Cobblestones" HashKey="1C1C181C1C18181C1C">
    <MapTiles>
      <MapTile TileID="1247" AltIDMod="0" />
    </MapTiles>
    <StaticTiles />
  </TransInfo>
  <TransInfo Description="Light Wooden Floor(NS) to Cobblestones" HashKey="1C1C181C1C1C1C181C">
    <MapTiles>
      <MapTile TileID="1247" AltIDMod="0" />
    </MapTiles>
    <StaticTiles />
  </TransInfo>
  <TransInfo Description="Light Wooden Floor(NS) to Cobblestones" HashKey="1C1C1C1C1C18181C1C">
    <MapTiles>
      <MapTile TileID="1247" AltIDMod="0" />
    </MapTiles>
    <StaticTiles />
  </TransInfo>
  <TransInfo Description="Light Wooden Floor(NS) to Cobblestones" HashKey="1C1C181C1C181C181C">
    <MapTiles>
      <MapTile TileID="1247" AltIDMod="0" />
    </MapTiles>
    <StaticTiles />
  </TransInfo>
  <TransInfo Description="Light Wooden Floor(NS) to Cobblestones" HashKey="1C1C181C1C1C181C18">
    <MapTiles>
      <MapTile TileID="1247" AltIDMod="0" />
    </MapTiles>
    <StaticTiles />
  </TransInfo>
  <TransInfo Description="Light Wooden Floor(NS) to Cobblestones" HashKey="1C1C1C1C1C1818181C">
    <MapTiles>
      <MapTile TileID="1247" AltIDMod="0" />
    </MapTiles>
    <StaticTiles />
  </TransInfo>
  <TransInfo Description="Light Wooden Floor(NS) to Cobblestones" HashKey="181818181C1C181C1C">
    <MapTiles>
      <MapTile TileID="1246" AltIDMod="0" />
    </MapTiles>
    <StaticTiles />
  </TransInfo>
  <TransInfo Description="Light Wooden Floor(NS) to Cobblestones" HashKey="18181C181C1C181C1C">
    <MapTiles>
      <MapTile TileID="1246" AltIDMod="0" />
    </MapTiles>
    <StaticTiles />
  </TransInfo>
  <TransInfo Description="Light Wooden Floor(NS) to Cobblestones" HashKey="181818181C1C1C1C1C">
    <MapTiles>
      <MapTile TileID="1246" AltIDMod="0" />
    </MapTiles>
    <StaticTiles />
  </TransInfo>
  <TransInfo Description="Light Wooden Floor(NS) to Cobblestones" HashKey="18181C181C1C1C1C1C">
    <MapTiles>
      <MapTile TileID="1246" AltIDMod="0" />
    </MapTiles>
    <StaticTiles />
  </TransInfo>
  <TransInfo Description="Light Wooden Floor(NS) to Cobblestones" HashKey="181C18181C1C1C1C1C">
    <MapTiles>
      <MapTile TileID="1246" AltIDMod="0" />
    </MapTiles>
    <StaticTiles />
  </TransInfo>
  <TransInfo Description="Light Wooden Floor(NS) to Cobblestones" HashKey="18181C1C1C1C181C1C">
    <MapTiles>
      <MapTile TileID="1246" AltIDMod="0" />
    </MapTiles>
    <StaticTiles />
  </TransInfo>
  <TransInfo Description="Light Wooden Floor(NS) to Cobblestones" HashKey="1C18181C1C1C181C1C">
    <MapTiles>
      <MapTile TileID="1246" AltIDMod="0" />
    </MapTiles>
    <StaticTiles />
  </TransInfo>
  <TransInfo Description="Light Wooden Floor(NS) to Cobblestones" HashKey="181C181C1C1C181C1C">
    <MapTiles>
      <MapTile TileID="1246" AltIDMod="0" />
    </MapTiles>
    <StaticTiles />
  </TransInfo>
  <TransInfo Description="Light Wooden Floor(NS) to Cobblestones" HashKey="1818181C1C1C181C1C">
    <MapTiles>
      <MapTile TileID="1246" AltIDMod="0" />
    </MapTiles>
    <StaticTiles />
  </TransInfo>
  <TransInfo Description="Light Wooden Floor(NS) to Cobblestones" HashKey="1C181C181C1C1C1C1C">
    <MapTiles>
      <MapTile TileID="1246" AltIDMod="0" />
    </MapTiles>
    <StaticTiles />
  </TransInfo>
  <TransInfo Description="Light Wooden Floor(NS) to Cobblestones" HashKey="181C18181C1C181C1C">
    <MapTiles>
      <MapTile TileID="1246" AltIDMod="0" />
    </MapTiles>
    <StaticTiles />
  </TransInfo>
  <TransInfo Description="Light Wooden Floor(NS) to Cobblestones" HashKey="1C1C18181C1C181C1C">
    <MapTiles>
      <MapTile TileID="1246" AltIDMod="0" />
    </MapTiles>
    <StaticTiles />
  </TransInfo>
  <TransInfo Description="Light Wooden Floor(NS) to Cobblestones" HashKey="1C1818181C1C181C1C">
    <MapTiles>
      <MapTile TileID="1246" AltIDMod="0" />
    </MapTiles>
    <StaticTiles />
  </TransInfo>
  <TransInfo Description="Light Wooden Floor(NS) to Cobblestones" HashKey="1C1C18181C1C1C1C1C">
    <MapTiles>
      <MapTile TileID="1246" AltIDMod="0" />
    </MapTiles>
    <StaticTiles />
  </TransInfo>
  <TransInfo Description="Light Wooden Floor(NS) to Cobblestones" HashKey="1C181C181C1C181C1C">
    <MapTiles>
      <MapTile TileID="1246" AltIDMod="0" />
    </MapTiles>
    <StaticTiles />
  </TransInfo>
  <TransInfo Description="Light Wooden Floor(NS) to Cobblestones" HashKey="1C181C1C1C1C181C1C">
    <MapTiles>
      <MapTile TileID="1246" AltIDMod="0" />
    </MapTiles>
    <StaticTiles />
  </TransInfo>
  <TransInfo Description="Light Wooden Floor(NS) to Cobblestones" HashKey="1C1818181C1C1C1C1C">
    <MapTiles>
      <MapTile TileID="1246" AltIDMod="0" />
    </MapTiles>
    <StaticTiles />
  </TransInfo>
  <TransInfo Description="Light Wooden Floor(NS) to Cobblestones" HashKey="181C1C181C1C181818">
    <MapTiles>
      <MapTile TileID="1245" AltIDMod="0" />
    </MapTiles>
    <StaticTiles />
  </TransInfo>
  <TransInfo Description="Light Wooden Floor(NS) to Cobblestones" HashKey="1C1C1C181C1C181818">
    <MapTiles>
      <MapTile TileID="1245" AltIDMod="0" />
    </MapTiles>
    <StaticTiles />
  </TransInfo>
  <TransInfo Description="Light Wooden Floor(NS) to Cobblestones" HashKey="181C1C181C1C18181C">
    <MapTiles>
      <MapTile TileID="1245" AltIDMod="0" />
    </MapTiles>
    <StaticTiles />
  </TransInfo>
  <TransInfo Description="Light Wooden Floor(NS) to Cobblestones" HashKey="1C1C1C181C1C18181C">
    <MapTiles>
      <MapTile TileID="1245" AltIDMod="0" />
    </MapTiles>
    <StaticTiles />
  </TransInfo>
  <TransInfo Description="Light Wooden Floor(NS) to Cobblestones" HashKey="1C1C1C181C1C1C181C">
    <MapTiles>
      <MapTile TileID="1245" AltIDMod="0" />
    </MapTiles>
    <StaticTiles />
  </TransInfo>
  <TransInfo Description="Light Wooden Floor(NS) to Cobblestones" HashKey="181C1C181C1C1C1C18">
    <MapTiles>
      <MapTile TileID="1245" AltIDMod="0" />
    </MapTiles>
    <StaticTiles />
  </TransInfo>
  <TransInfo Description="Light Wooden Floor(NS) to Cobblestones" HashKey="181C1C1C1C1C181818">
    <MapTiles>
      <MapTile TileID="1245" AltIDMod="0" />
    </MapTiles>
    <StaticTiles />
  </TransInfo>
  <TransInfo Description="Light Wooden Floor(NS) to Cobblestones" HashKey="181C1C1C1C1C18181C">
    <MapTiles>
      <MapTile TileID="1245" AltIDMod="0" />
    </MapTiles>
    <StaticTiles />
  </TransInfo>
  <TransInfo Description="Light Wooden Floor(NS) to Cobblestones" HashKey="181C1C1C1C1C1C181C">
    <MapTiles>
      <MapTile TileID="1245" AltIDMod="0" />
    </MapTiles>
    <StaticTiles />
  </TransInfo>
  <TransInfo Description="Light Wooden Floor(NS) to Cobblestones" HashKey="1C1C1C181C1C181C18">
    <MapTiles>
      <MapTile TileID="1245" AltIDMod="0" />
    </MapTiles>
    <StaticTiles />
  </TransInfo>
  <TransInfo Description="Light Wooden Floor(NS) to Cobblestones" HashKey="181C1C181C1C181C18">
    <MapTiles>
      <MapTile TileID="1245" AltIDMod="0" />
    </MapTiles>
    <StaticTiles />
  </TransInfo>
  <TransInfo Description="Light Wooden Floor(NS) to Cobblestones" HashKey="181C1C1C1C1C1C1818">
    <MapTiles>
      <MapTile TileID="1245" AltIDMod="0" />
    </MapTiles>
    <StaticTiles />
  </TransInfo>
  <TransInfo Description="Light Wooden Floor(NS) to Cobblestones" HashKey="181C1C181C1C1C1818">
    <MapTiles>
      <MapTile TileID="1245" AltIDMod="0" />
    </MapTiles>
    <StaticTiles />
  </TransInfo>
  <TransInfo Description="Light Wooden Floor(NS) to Cobblestones" HashKey="1C1C1C181C1C1C1818">
    <MapTiles>
      <MapTile TileID="1245" AltIDMod="0" />
    </MapTiles>
    <StaticTiles />
  </TransInfo>
  <TransInfo Description="Light Wooden Floor(NS) to Cobblestones" HashKey="1C1C1C181C1C1C1C18">
    <MapTiles>
      <MapTile TileID="1245" AltIDMod="0" />
    </MapTiles>
    <StaticTiles />
  </TransInfo>
  <TransInfo Description="Light Wooden Floor(NS) to Cobblestones" HashKey="181C1C1C1C1C181C18">
    <MapTiles>
      <MapTile TileID="1245" AltIDMod="0" />
    </MapTiles>
    <StaticTiles />
  </TransInfo>
  <TransInfo Description="Light Wooden Floor(NS) to Cobblestones" HashKey="181C1C181C1C1C181C">
    <MapTiles>
      <MapTile TileID="1245" AltIDMod="0" />
    </MapTiles>
    <StaticTiles />
  </TransInfo>
  <TransInfo Description="Light Wooden Floor(NS) to Cobblestones" HashKey="1818181C1C181C1C18">
    <MapTiles>
      <MapTile TileID="1248" AltIDMod="0" />
    </MapTiles>
    <StaticTiles />
  </TransInfo>
  <TransInfo Description="Light Wooden Floor(NS) to Cobblestones" HashKey="1818181C1C181C1C1C">
    <MapTiles>
      <MapTile TileID="1248" AltIDMod="0" />
    </MapTiles>
    <StaticTiles />
  </TransInfo>
  <TransInfo Description="Light Wooden Floor(NS) to Cobblestones" HashKey="1C18181C1C181C1C18">
    <MapTiles>
      <MapTile TileID="1248" AltIDMod="0" />
    </MapTiles>
    <StaticTiles />
  </TransInfo>
  <TransInfo Description="Light Wooden Floor(NS) to Cobblestones" HashKey="1C18181C1C181C1C1C">
    <MapTiles>
      <MapTile TileID="1248" AltIDMod="0" />
    </MapTiles>
    <StaticTiles />
  </TransInfo>
  <TransInfo Description="Light Wooden Floor(NS) to Cobblestones" HashKey="181C1C1C1C181C1C18">
    <MapTiles>
      <MapTile TileID="1248" AltIDMod="0" />
    </MapTiles>
    <StaticTiles />
  </TransInfo>
  <TransInfo Description="Light Wooden Floor(NS) to Cobblestones" HashKey="181C181C1C181C1C1C">
    <MapTiles>
      <MapTile TileID="1248" AltIDMod="0" />
    </MapTiles>
    <StaticTiles />
  </TransInfo>
  <TransInfo Description="Light Wooden Floor(NS) to Cobblestones" HashKey="181C181C1C181C1C18">
    <MapTiles>
      <MapTile TileID="1248" AltIDMod="0" />
    </MapTiles>
    <StaticTiles />
  </TransInfo>
  <TransInfo Description="Light Wooden Floor(NS) to Cobblestones" HashKey="18181C1C1C1C1C1C18">
    <MapTiles>
      <MapTile TileID="1248" AltIDMod="0" />
    </MapTiles>
    <StaticTiles />
  </TransInfo>
  <TransInfo Description="Light Wooden Floor(NS) to Cobblestones" HashKey="1C181C1C1C1C1C1C18">
    <MapTiles>
      <MapTile TileID="1248" AltIDMod="0" />
    </MapTiles>
    <StaticTiles />
  </TransInfo>
  <TransInfo Description="Light Wooden Floor(NS) to Cobblestones" HashKey="1818181C1C1C1C1C18">
    <MapTiles>
      <MapTile TileID="1248" AltIDMod="0" />
    </MapTiles>
    <StaticTiles />
  </TransInfo>
  <TransInfo Description="Light Wooden Floor(NS) to Cobblestones" HashKey="18181C1C1C181C1C1C">
    <MapTiles>
      <MapTile TileID="1248" AltIDMod="0" />
    </MapTiles>
    <StaticTiles />
  </TransInfo>
  <TransInfo Description="Light Wooden Floor(NS) to Cobblestones" HashKey="1C18181C1C1C1C1C18">
    <MapTiles>
      <MapTile TileID="1248" AltIDMod="0" />
    </MapTiles>
    <StaticTiles />
  </TransInfo>
  <TransInfo Description="Light Wooden Floor(NS) to Cobblestones" HashKey="1C181C1C1C181C1C1C">
    <MapTiles>
      <MapTile TileID="1248" AltIDMod="0" />
    </MapTiles>
    <StaticTiles />
  </TransInfo>
  <TransInfo Description="Light Wooden Floor(NS) to Cobblestones" HashKey="181C1C1C1C181C1C1C">
    <MapTiles>
      <MapTile TileID="1248" AltIDMod="0" />
    </MapTiles>
    <StaticTiles />
  </TransInfo>
  <TransInfo Description="Light Wooden Floor(NS) to Cobblestones" HashKey="181C181C1C1C1C1C18">
    <MapTiles>
      <MapTile TileID="1248" AltIDMod="0" />
    </MapTiles>
    <StaticTiles />
  </TransInfo>
  <TransInfo Description="Light Wooden Floor(NS) to Cobblestones" HashKey="1C181C1C1C181C1C18">
    <MapTiles>
      <MapTile TileID="1248" AltIDMod="0" />
    </MapTiles>
    <StaticTiles />
  </TransInfo>
  <TransInfo Description="Light Wooden Floor(NS) to Cobblestones" HashKey="18181C1C1C181C1C18">
    <MapTiles>
      <MapTile TileID="1248" AltIDMod="0" />
    </MapTiles>
    <StaticTiles />
  </TransInfo>
  <TransInfo Description="Light Wooden Floor(NS) to Cobblestones" HashKey="181C1C1C1C1C1C1C1C">
    <MapTiles>
      <MapTile TileID="1249" AltIDMod="0" />
    </MapTiles>
    <StaticTiles />
  </TransInfo>
  <TransInfo Description="Light Wooden Floor(NS) to Cobblestones" HashKey="1C1C1C1C1C1C1C1C18">
    <MapTiles>
      <MapTile TileID="1044" AltIDMod="0" />
    </MapTiles>
    <StaticTiles />
  </TransInfo>
  <TransInfo Description="Light Wooden Floor(NS) to Cobblestones" HashKey="1C1C181C1C1C1C1C1C">
    <MapTiles>
      <MapTile TileID="1042" AltIDMod="0" />
    </MapTiles>
    <StaticTiles />
  </TransInfo>
  <TransInfo Description="Light Wooden Floor(NS) to Cobblestones" HashKey="1C1C1C1C1C1C181C1C">
    <MapTiles>
      <MapTile TileID="1043" AltIDMod="0" />
    </MapTiles>
    <StaticTiles />
  </TransInfo>
</Trans>