﻿<?xml version="1.0" encoding="utf-8"?>
<Trans>
    <TransInfo Description="Light Wooden Floor(EW) to Large Dirt" HashKey="0707071B1B1B1B1B1B">
    <MapTiles>
      <MapTile TileID="1228" AltIDMod="0" />
      <MapTile TileID="1229" AltIDMod="0" />
    </MapTiles>
    <StaticTiles />
  </TransInfo>
  <TransInfo Description="Light Wooden Floor(EW) to Large Dirt" HashKey="1B07071B1B1B1B1B1B">
    <MapTiles>
      <MapTile TileID="1228" AltIDMod="0" />
      <MapTile TileID="1229" AltIDMod="0" />
    </MapTiles>
    <StaticTiles />
  </TransInfo>
  <TransInfo Description="Light Wooden Floor(EW) to Large Dirt" HashKey="07071B1B1B1B1B1B1B">
    <MapTiles>
      <MapTile TileID="1228" AltIDMod="0" />
      <MapTile TileID="1229" AltIDMod="0" />
    </MapTiles>
    <StaticTiles />
  </TransInfo>
  <TransInfo Description="Light Wooden Floor(EW) to Large Dirt" HashKey="1B071B1B1B1B1B1B1B">
    <MapTiles>
      <MapTile TileID="1228" AltIDMod="0" />
      <MapTile TileID="1229" AltIDMod="0" />
    </MapTiles>
    <StaticTiles />
  </TransInfo>
  <TransInfo Description="Light Wooden Floor(EW) to Large Dirt" HashKey="071B071B1B1B1B1B1B">
    <MapTiles>
      <MapTile TileID="1228" AltIDMod="0" />
      <MapTile TileID="1229" AltIDMod="0" />
    </MapTiles>
    <StaticTiles />
  </TransInfo>
  <TransInfo Description="Light Wooden Floor(EW) to Large Dirt" HashKey="071B1B071B1B071B1B">
    <MapTiles>
      <MapTile TileID="1232" AltIDMod="0" />
    </MapTiles>
    <StaticTiles />
  </TransInfo>
  <TransInfo Description="Light Wooden Floor(EW) to Large Dirt" HashKey="071B1B071B1B1B1B1B">
    <MapTiles>
      <MapTile TileID="1232" AltIDMod="0" />
    </MapTiles>
    <StaticTiles />
  </TransInfo>
  <TransInfo Description="Light Wooden Floor(EW) to Large Dirt" HashKey="1B1B1B071B1B071B1B">
    <MapTiles>
      <MapTile TileID="1232" AltIDMod="0" />
    </MapTiles>
    <StaticTiles />
  </TransInfo>
  <TransInfo Description="Light Wooden Floor(EW) to Large Dirt" HashKey="1B1B1B071B1B1B1B1B">
    <MapTiles>
      <MapTile TileID="1232" AltIDMod="0" />
    </MapTiles>
    <StaticTiles />
  </TransInfo>
  <TransInfo Description="Light Wooden Floor(EW) to Large Dirt" HashKey="071B1B1B1B1B071B1B">
    <MapTiles>
      <MapTile TileID="1232" AltIDMod="0" />
    </MapTiles>
    <StaticTiles />
  </TransInfo>
  <TransInfo Description="Light Wooden Floor(EW) to Large Dirt" HashKey="1B1B071B1B071B1B07">
    <MapTiles>
      <MapTile TileID="1231" AltIDMod="0" />
    </MapTiles>
    <StaticTiles />
  </TransInfo>
  <TransInfo Description="Light Wooden Floor(EW) to Large Dirt" HashKey="1B1B1B1B1B071B1B07">
    <MapTiles>
      <MapTile TileID="1231" AltIDMod="0" />
    </MapTiles>
    <StaticTiles />
  </TransInfo>
  <TransInfo Description="Light Wooden Floor(EW) to Large Dirt" HashKey="1B1B071B1B071B1B1B">
    <MapTiles>
      <MapTile TileID="1231" AltIDMod="0" />
    </MapTiles>
    <StaticTiles />
  </TransInfo>
  <TransInfo Description="Light Wooden Floor(EW) to Large Dirt" HashKey="1B1B1B1B1B071B1B1B">
    <MapTiles>
      <MapTile TileID="1231" AltIDMod="0" />
    </MapTiles>
    <StaticTiles />
  </TransInfo>
  <TransInfo Description="Light Wooden Floor(EW) to Large Dirt" HashKey="1B1B071B1B1B1B1B07">
    <MapTiles>
      <MapTile TileID="1231" AltIDMod="0" />
    </MapTiles>
    <StaticTiles />
  </TransInfo>
  <TransInfo Description="Light Wooden Floor(EW) to Large Dirt" HashKey="1B1B1B1B1B1B070707">
    <MapTiles>
      <MapTile TileID="1227" AltIDMod="0" />
      <MapTile TileID="1230" AltIDMod="0" />
    </MapTiles>
    <StaticTiles />
  </TransInfo>
  <TransInfo Description="Light Wooden Floor(EW) to Large Dirt" HashKey="1B1B1B1B1B1B07071B">
    <MapTiles>
      <MapTile TileID="1227" AltIDMod="0" />
      <MapTile TileID="1230" AltIDMod="0" />
    </MapTiles>
    <StaticTiles />
  </TransInfo>
  <TransInfo Description="Light Wooden Floor(EW) to Large Dirt" HashKey="1B1B1B1B1B1B1B0707">
    <MapTiles>
      <MapTile TileID="1227" AltIDMod="0" />
      <MapTile TileID="1230" AltIDMod="0" />
    </MapTiles>
    <StaticTiles />
  </TransInfo>
  <TransInfo Description="Light Wooden Floor(EW) to Large Dirt" HashKey="1B1B1B1B1B1B1B071B">
    <MapTiles>
      <MapTile TileID="1227" AltIDMod="0" />
      <MapTile TileID="1230" AltIDMod="0" />
    </MapTiles>
    <StaticTiles />
  </TransInfo>
  <TransInfo Description="Light Wooden Floor(EW) to Large Dirt" HashKey="1B1B1B1B1B1B071B07">
    <MapTiles>
      <MapTile TileID="1227" AltIDMod="0" />
      <MapTile TileID="1230" AltIDMod="0" />
    </MapTiles>
    <StaticTiles />
  </TransInfo>
  <TransInfo Description="Light Wooden Floor(EW) to Large Dirt" HashKey="1B1B071B1B07070707">
    <MapTiles>
      <MapTile TileID="1235" AltIDMod="0" />
    </MapTiles>
    <StaticTiles />
  </TransInfo>
  <TransInfo Description="Light Wooden Floor(EW) to Large Dirt" HashKey="1B1B1B1B1B07070707">
    <MapTiles>
      <MapTile TileID="1235" AltIDMod="0" />
    </MapTiles>
    <StaticTiles />
  </TransInfo>
  <TransInfo Description="Light Wooden Floor(EW) to Large Dirt" HashKey="1B1B071B1B071B0707">
    <MapTiles>
      <MapTile TileID="1235" AltIDMod="0" />
    </MapTiles>
    <StaticTiles />
  </TransInfo>
  <TransInfo Description="Light Wooden Floor(EW) to Large Dirt" HashKey="1B1B1B1B1B071B0707">
    <MapTiles>
      <MapTile TileID="1235" AltIDMod="0" />
    </MapTiles>
    <StaticTiles />
  </TransInfo>
  <TransInfo Description="Light Wooden Floor(EW) to Large Dirt" HashKey="1B1B1B1B1B071B071B">
    <MapTiles>
      <MapTile TileID="1235" AltIDMod="0" />
    </MapTiles>
    <StaticTiles />
  </TransInfo>
  <TransInfo Description="Light Wooden Floor(EW) to Large Dirt" HashKey="1B1B071B1B1B1B0707">
    <MapTiles>
      <MapTile TileID="1235" AltIDMod="0" />
    </MapTiles>
    <StaticTiles />
  </TransInfo>
  <TransInfo Description="Light Wooden Floor(EW) to Large Dirt" HashKey="1B1B071B1B1B070707">
    <MapTiles>
      <MapTile TileID="1235" AltIDMod="0" />
    </MapTiles>
    <StaticTiles />
  </TransInfo>
  <TransInfo Description="Light Wooden Floor(EW) to Large Dirt" HashKey="1B1B071B1B1B07071B">
    <MapTiles>
      <MapTile TileID="1235" AltIDMod="0" />
    </MapTiles>
    <StaticTiles />
  </TransInfo>
  <TransInfo Description="Light Wooden Floor(EW) to Large Dirt" HashKey="1B1B1B1B1B07071B07">
    <MapTiles>
      <MapTile TileID="1235" AltIDMod="0" />
    </MapTiles>
    <StaticTiles />
  </TransInfo>
  <TransInfo Description="Light Wooden Floor(EW) to Large Dirt" HashKey="1B1B071B1B07071B07">
    <MapTiles>
      <MapTile TileID="1235" AltIDMod="0" />
    </MapTiles>
    <StaticTiles />
  </TransInfo>
  <TransInfo Description="Light Wooden Floor(EW) to Large Dirt" HashKey="1B1B071B1B0707071B">
    <MapTiles>
      <MapTile TileID="1235" AltIDMod="0" />
    </MapTiles>
    <StaticTiles />
  </TransInfo>
  <TransInfo Description="Light Wooden Floor(EW) to Large Dirt" HashKey="1B1B071B1B07071B1B">
    <MapTiles>
      <MapTile TileID="1235" AltIDMod="0" />
    </MapTiles>
    <StaticTiles />
  </TransInfo>
  <TransInfo Description="Light Wooden Floor(EW) to Large Dirt" HashKey="1B1B071B1B1B1B071B">
    <MapTiles>
      <MapTile TileID="1235" AltIDMod="0" />
    </MapTiles>
    <StaticTiles />
  </TransInfo>
  <TransInfo Description="Light Wooden Floor(EW) to Large Dirt" HashKey="1B1B1B1B1B07071B1B">
    <MapTiles>
      <MapTile TileID="1235" AltIDMod="0" />
    </MapTiles>
    <StaticTiles />
  </TransInfo>
  <TransInfo Description="Light Wooden Floor(EW) to Large Dirt" HashKey="1B1B071B1B071B071B">
    <MapTiles>
      <MapTile TileID="1235" AltIDMod="0" />
    </MapTiles>
    <StaticTiles />
  </TransInfo>
  <TransInfo Description="Light Wooden Floor(EW) to Large Dirt" HashKey="1B1B071B1B1B071B07">
    <MapTiles>
      <MapTile TileID="1235" AltIDMod="0" />
    </MapTiles>
    <StaticTiles />
  </TransInfo>
  <TransInfo Description="Light Wooden Floor(EW) to Large Dirt" HashKey="1B1B1B1B1B0707071B">
    <MapTiles>
      <MapTile TileID="1235" AltIDMod="0" />
    </MapTiles>
    <StaticTiles />
  </TransInfo>
  <TransInfo Description="Light Wooden Floor(EW) to Large Dirt" HashKey="070707071B1B071B1B">
    <MapTiles>
      <MapTile TileID="1234" AltIDMod="0" />
    </MapTiles>
    <StaticTiles />
  </TransInfo>
  <TransInfo Description="Light Wooden Floor(EW) to Large Dirt" HashKey="07071B071B1B071B1B">
    <MapTiles>
      <MapTile TileID="1234" AltIDMod="0" />
    </MapTiles>
    <StaticTiles />
  </TransInfo>
  <TransInfo Description="Light Wooden Floor(EW) to Large Dirt" HashKey="070707071B1B1B1B1B">
    <MapTiles>
      <MapTile TileID="1234" AltIDMod="0" />
    </MapTiles>
    <StaticTiles />
  </TransInfo>
  <TransInfo Description="Light Wooden Floor(EW) to Large Dirt" HashKey="07071B071B1B1B1B1B">
    <MapTiles>
      <MapTile TileID="1234" AltIDMod="0" />
    </MapTiles>
    <StaticTiles />
  </TransInfo>
  <TransInfo Description="Light Wooden Floor(EW) to Large Dirt" HashKey="071B07071B1B1B1B1B">
    <MapTiles>
      <MapTile TileID="1234" AltIDMod="0" />
    </MapTiles>
    <StaticTiles />
  </TransInfo>
  <TransInfo Description="Light Wooden Floor(EW) to Large Dirt" HashKey="07071B1B1B1B071B1B">
    <MapTiles>
      <MapTile TileID="1234" AltIDMod="0" />
    </MapTiles>
    <StaticTiles />
  </TransInfo>
  <TransInfo Description="Light Wooden Floor(EW) to Large Dirt" HashKey="1B07071B1B1B071B1B">
    <MapTiles>
      <MapTile TileID="1234" AltIDMod="0" />
    </MapTiles>
    <StaticTiles />
  </TransInfo>
  <TransInfo Description="Light Wooden Floor(EW) to Large Dirt" HashKey="071B071B1B1B071B1B">
    <MapTiles>
      <MapTile TileID="1234" AltIDMod="0" />
    </MapTiles>
    <StaticTiles />
  </TransInfo>
  <TransInfo Description="Light Wooden Floor(EW) to Large Dirt" HashKey="0707071B1B1B071B1B">
    <MapTiles>
      <MapTile TileID="1234" AltIDMod="0" />
    </MapTiles>
    <StaticTiles />
  </TransInfo>
  <TransInfo Description="Light Wooden Floor(EW) to Large Dirt" HashKey="1B071B071B1B1B1B1B">
    <MapTiles>
      <MapTile TileID="1234" AltIDMod="0" />
    </MapTiles>
    <StaticTiles />
  </TransInfo>
  <TransInfo Description="Light Wooden Floor(EW) to Large Dirt" HashKey="071B07071B1B071B1B">
    <MapTiles>
      <MapTile TileID="1234" AltIDMod="0" />
    </MapTiles>
    <StaticTiles />
  </TransInfo>
  <TransInfo Description="Light Wooden Floor(EW) to Large Dirt" HashKey="1B1B07071B1B071B1B">
    <MapTiles>
      <MapTile TileID="1234" AltIDMod="0" />
    </MapTiles>
    <StaticTiles />
  </TransInfo>
  <TransInfo Description="Light Wooden Floor(EW) to Large Dirt" HashKey="1B0707071B1B071B1B">
    <MapTiles>
      <MapTile TileID="1234" AltIDMod="0" />
    </MapTiles>
    <StaticTiles />
  </TransInfo>
  <TransInfo Description="Light Wooden Floor(EW) to Large Dirt" HashKey="1B1B07071B1B1B1B1B">
    <MapTiles>
      <MapTile TileID="1234" AltIDMod="0" />
    </MapTiles>
    <StaticTiles />
  </TransInfo>
  <TransInfo Description="Light Wooden Floor(EW) to Large Dirt" HashKey="1B071B071B1B071B1B">
    <MapTiles>
      <MapTile TileID="1234" AltIDMod="0" />
    </MapTiles>
    <StaticTiles />
  </TransInfo>
  <TransInfo Description="Light Wooden Floor(EW) to Large Dirt" HashKey="1B071B1B1B1B071B1B">
    <MapTiles>
      <MapTile TileID="1234" AltIDMod="0" />
    </MapTiles>
    <StaticTiles />
  </TransInfo>
  <TransInfo Description="Light Wooden Floor(EW) to Large Dirt" HashKey="1B0707071B1B1B1B1B">
    <MapTiles>
      <MapTile TileID="1234" AltIDMod="0" />
    </MapTiles>
    <StaticTiles />
  </TransInfo>
  <TransInfo Description="Light Wooden Floor(EW) to Large Dirt" HashKey="071B1B071B1B070707">
    <MapTiles>
      <MapTile TileID="1233" AltIDMod="0" />
    </MapTiles>
    <StaticTiles />
  </TransInfo>
  <TransInfo Description="Light Wooden Floor(EW) to Large Dirt" HashKey="1B1B1B071B1B070707">
    <MapTiles>
      <MapTile TileID="1233" AltIDMod="0" />
    </MapTiles>
    <StaticTiles />
  </TransInfo>
  <TransInfo Description="Light Wooden Floor(EW) to Large Dirt" HashKey="071B1B071B1B07071B">
    <MapTiles>
      <MapTile TileID="1233" AltIDMod="0" />
    </MapTiles>
    <StaticTiles />
  </TransInfo>
  <TransInfo Description="Light Wooden Floor(EW) to Large Dirt" HashKey="1B1B1B071B1B07071B">
    <MapTiles>
      <MapTile TileID="1233" AltIDMod="0" />
    </MapTiles>
    <StaticTiles />
  </TransInfo>
  <TransInfo Description="Light Wooden Floor(EW) to Large Dirt" HashKey="1B1B1B071B1B1B071B">
    <MapTiles>
      <MapTile TileID="1233" AltIDMod="0" />
    </MapTiles>
    <StaticTiles />
  </TransInfo>
  <TransInfo Description="Light Wooden Floor(EW) to Large Dirt" HashKey="071B1B071B1B1B1B07">
    <MapTiles>
      <MapTile TileID="1233" AltIDMod="0" />
    </MapTiles>
    <StaticTiles />
  </TransInfo>
  <TransInfo Description="Light Wooden Floor(EW) to Large Dirt" HashKey="071B1B1B1B1B070707">
    <MapTiles>
      <MapTile TileID="1233" AltIDMod="0" />
    </MapTiles>
    <StaticTiles />
  </TransInfo>
  <TransInfo Description="Light Wooden Floor(EW) to Large Dirt" HashKey="071B1B1B1B1B07071B">
    <MapTiles>
      <MapTile TileID="1233" AltIDMod="0" />
    </MapTiles>
    <StaticTiles />
  </TransInfo>
  <TransInfo Description="Light Wooden Floor(EW) to Large Dirt" HashKey="071B1B1B1B1B1B071B">
    <MapTiles>
      <MapTile TileID="1233" AltIDMod="0" />
    </MapTiles>
    <StaticTiles />
  </TransInfo>
  <TransInfo Description="Light Wooden Floor(EW) to Large Dirt" HashKey="1B1B1B071B1B071B07">
    <MapTiles>
      <MapTile TileID="1233" AltIDMod="0" />
    </MapTiles>
    <StaticTiles />
  </TransInfo>
  <TransInfo Description="Light Wooden Floor(EW) to Large Dirt" HashKey="071B1B071B1B071B07">
    <MapTiles>
      <MapTile TileID="1233" AltIDMod="0" />
    </MapTiles>
    <StaticTiles />
  </TransInfo>
  <TransInfo Description="Light Wooden Floor(EW) to Large Dirt" HashKey="071B1B1B1B1B1B0707">
    <MapTiles>
      <MapTile TileID="1233" AltIDMod="0" />
    </MapTiles>
    <StaticTiles />
  </TransInfo>
  <TransInfo Description="Light Wooden Floor(EW) to Large Dirt" HashKey="071B1B071B1B1B0707">
    <MapTiles>
      <MapTile TileID="1233" AltIDMod="0" />
    </MapTiles>
    <StaticTiles />
  </TransInfo>
  <TransInfo Description="Light Wooden Floor(EW) to Large Dirt" HashKey="1B1B1B071B1B1B0707">
    <MapTiles>
      <MapTile TileID="1233" AltIDMod="0" />
    </MapTiles>
    <StaticTiles />
  </TransInfo>
  <TransInfo Description="Light Wooden Floor(EW) to Large Dirt" HashKey="1B1B1B071B1B1B1B07">
    <MapTiles>
      <MapTile TileID="1233" AltIDMod="0" />
    </MapTiles>
    <StaticTiles />
  </TransInfo>
  <TransInfo Description="Light Wooden Floor(EW) to Large Dirt" HashKey="071B1B1B1B1B071B07">
    <MapTiles>
      <MapTile TileID="1233" AltIDMod="0" />
    </MapTiles>
    <StaticTiles />
  </TransInfo>
  <TransInfo Description="Light Wooden Floor(EW) to Large Dirt" HashKey="071B1B071B1B1B071B">
    <MapTiles>
      <MapTile TileID="1233" AltIDMod="0" />
    </MapTiles>
    <StaticTiles />
  </TransInfo>
  <TransInfo Description="Light Wooden Floor(EW) to Large Dirt" HashKey="0707071B1B071B1B07">
    <MapTiles>
      <MapTile TileID="1236" AltIDMod="0" />
    </MapTiles>
    <StaticTiles />
  </TransInfo>
  <TransInfo Description="Light Wooden Floor(EW) to Large Dirt" HashKey="0707071B1B071B1B1B">
    <MapTiles>
      <MapTile TileID="1236" AltIDMod="0" />
    </MapTiles>
    <StaticTiles />
  </TransInfo>
  <TransInfo Description="Light Wooden Floor(EW) to Large Dirt" HashKey="1B07071B1B071B1B07">
    <MapTiles>
      <MapTile TileID="1236" AltIDMod="0" />
    </MapTiles>
    <StaticTiles />
  </TransInfo>
  <TransInfo Description="Light Wooden Floor(EW) to Large Dirt" HashKey="1B07071B1B071B1B1B">
    <MapTiles>
      <MapTile TileID="1236" AltIDMod="0" />
    </MapTiles>
    <StaticTiles />
  </TransInfo>
  <TransInfo Description="Light Wooden Floor(EW) to Large Dirt" HashKey="071B1B1B1B071B1B07">
    <MapTiles>
      <MapTile TileID="1236" AltIDMod="0" />
    </MapTiles>
    <StaticTiles />
  </TransInfo>
  <TransInfo Description="Light Wooden Floor(EW) to Large Dirt" HashKey="071B071B1B071B1B1B">
    <MapTiles>
      <MapTile TileID="1236" AltIDMod="0" />
    </MapTiles>
    <StaticTiles />
  </TransInfo>
  <TransInfo Description="Light Wooden Floor(EW) to Large Dirt" HashKey="071B071B1B071B1B07">
    <MapTiles>
      <MapTile TileID="1236" AltIDMod="0" />
    </MapTiles>
    <StaticTiles />
  </TransInfo>
  <TransInfo Description="Light Wooden Floor(EW) to Large Dirt" HashKey="07071B1B1B1B1B1B07">
    <MapTiles>
      <MapTile TileID="1236" AltIDMod="0" />
    </MapTiles>
    <StaticTiles />
  </TransInfo>
  <TransInfo Description="Light Wooden Floor(EW) to Large Dirt" HashKey="1B071B1B1B1B1B1B07">
    <MapTiles>
      <MapTile TileID="1236" AltIDMod="0" />
    </MapTiles>
    <StaticTiles />
  </TransInfo>
  <TransInfo Description="Light Wooden Floor(EW) to Large Dirt" HashKey="0707071B1B1B1B1B07">
    <MapTiles>
      <MapTile TileID="1236" AltIDMod="0" />
    </MapTiles>
    <StaticTiles />
  </TransInfo>
  <TransInfo Description="Light Wooden Floor(EW) to Large Dirt" HashKey="07071B1B1B071B1B1B">
    <MapTiles>
      <MapTile TileID="1236" AltIDMod="0" />
    </MapTiles>
    <StaticTiles />
  </TransInfo>
  <TransInfo Description="Light Wooden Floor(EW) to Large Dirt" HashKey="1B07071B1B1B1B1B07">
    <MapTiles>
      <MapTile TileID="1236" AltIDMod="0" />
    </MapTiles>
    <StaticTiles />
  </TransInfo>
  <TransInfo Description="Light Wooden Floor(EW) to Large Dirt" HashKey="1B071B1B1B071B1B1B">
    <MapTiles>
      <MapTile TileID="1236" AltIDMod="0" />
    </MapTiles>
    <StaticTiles />
  </TransInfo>
  <TransInfo Description="Light Wooden Floor(EW) to Large Dirt" HashKey="071B1B1B1B071B1B1B">
    <MapTiles>
      <MapTile TileID="1236" AltIDMod="0" />
    </MapTiles>
    <StaticTiles />
  </TransInfo>
  <TransInfo Description="Light Wooden Floor(EW) to Large Dirt" HashKey="071B071B1B1B1B1B07">
    <MapTiles>
      <MapTile TileID="1236" AltIDMod="0" />
    </MapTiles>
    <StaticTiles />
  </TransInfo>
  <TransInfo Description="Light Wooden Floor(EW) to Large Dirt" HashKey="1B071B1B1B071B1B07">
    <MapTiles>
      <MapTile TileID="1236" AltIDMod="0" />
    </MapTiles>
    <StaticTiles />
  </TransInfo>
  <TransInfo Description="Light Wooden Floor(EW) to Large Dirt" HashKey="07071B1B1B071B1B07">
    <MapTiles>
      <MapTile TileID="1236" AltIDMod="0" />
    </MapTiles>
    <StaticTiles />
  </TransInfo>
  <TransInfo Description="Light Wooden Floor(EW) to Large Dirt" HashKey="071B1B1B1B1B1B1B1B">
    <MapTiles>
      <MapTile TileID="1237" AltIDMod="0" />
    </MapTiles>
    <StaticTiles />
  </TransInfo>
  <TransInfo Description="Light Wooden Floor(EW) to Large Dirt" HashKey="1B1B1B1B1B1B1B1B07">
    <MapTiles>
      <MapTile TileID="1238" AltIDMod="0" />
    </MapTiles>
    <StaticTiles />
  </TransInfo>
  <TransInfo Description="Light Wooden Floor(EW) to Large Dirt" HashKey="1B1B071B1B1B1B1B1B">
    <MapTiles>
      <MapTile TileID="1038" AltIDMod="0" />
    </MapTiles>
    <StaticTiles />
  </TransInfo>
  <TransInfo Description="Light Wooden Floor(EW) to Large Dirt" HashKey="1B1B1B1B1B1B071B1B">
    <MapTiles>
      <MapTile TileID="1039" AltIDMod="0" />
    </MapTiles>
    <StaticTiles />
  </TransInfo>
</Trans>