﻿<?xml version="1.0" encoding="utf-8"?>
<Trans>
  <TransInfo Description="Light Wooden Floor(NS) to Rock" HashKey="1212121C1C1C1C1C1C">
    <MapTiles>
      <MapTile TileID="1240" AltIDMod="0" />
      <MapTile TileID="1241" AltIDMod="0" />
    </MapTiles>
    <StaticTiles />
  </TransInfo>
  <TransInfo Description="Light Wooden Floor(NS) to Rock" HashKey="1C12121C1C1C1C1C1C">
    <MapTiles>
      <MapTile TileID="1240" AltIDMod="0" />
      <MapTile TileID="1241" AltIDMod="0" />
    </MapTiles>
    <StaticTiles />
  </TransInfo>
  <TransInfo Description="Light Wooden Floor(NS) to Rock" HashKey="12121C1C1C1C1C1C1C">
    <MapTiles>
      <MapTile TileID="1240" AltIDMod="0" />
      <MapTile TileID="1241" AltIDMod="0" />
    </MapTiles>
    <StaticTiles />
  </TransInfo>
  <TransInfo Description="Light Wooden Floor(NS) to Rock" HashKey="1C121C1C1C1C1C1C1C">
    <MapTiles>
      <MapTile TileID="1240" AltIDMod="0" />
      <MapTile TileID="1241" AltIDMod="0" />
    </MapTiles>
    <StaticTiles />
  </TransInfo>
  <TransInfo Description="Light Wooden Floor(NS) to Rock" HashKey="121C121C1C1C1C1C1C">
    <MapTiles>
      <MapTile TileID="1240" AltIDMod="0" />
      <MapTile TileID="1241" AltIDMod="0" />
    </MapTiles>
    <StaticTiles />
  </TransInfo>
  <TransInfo Description="Light Wooden Floor(NS) to Rock" HashKey="121C1C121C1C121C1C">
    <MapTiles>
      <MapTile TileID="1244" AltIDMod="0" />
    </MapTiles>
    <StaticTiles />
  </TransInfo>
  <TransInfo Description="Light Wooden Floor(NS) to Rock" HashKey="121C1C121C1C1C1C1C">
    <MapTiles>
      <MapTile TileID="1244" AltIDMod="0" />
    </MapTiles>
    <StaticTiles />
  </TransInfo>
  <TransInfo Description="Light Wooden Floor(NS) to Rock" HashKey="1C1C1C121C1C121C1C">
    <MapTiles>
      <MapTile TileID="1244" AltIDMod="0" />
    </MapTiles>
    <StaticTiles />
  </TransInfo>
  <TransInfo Description="Light Wooden Floor(NS) to Rock" HashKey="1C1C1C121C1C1C1C1C">
    <MapTiles>
      <MapTile TileID="1244" AltIDMod="0" />
    </MapTiles>
    <StaticTiles />
  </TransInfo>
  <TransInfo Description="Light Wooden Floor(NS) to Rock" HashKey="121C1C1C1C1C121C1C">
    <MapTiles>
      <MapTile TileID="1244" AltIDMod="0" />
    </MapTiles>
    <StaticTiles />
  </TransInfo>
  <TransInfo Description="Light Wooden Floor(NS) to Rock" HashKey="1C1C121C1C121C1C12">
    <MapTiles>
      <MapTile TileID="1243" AltIDMod="0" />
    </MapTiles>
    <StaticTiles />
  </TransInfo>
  <TransInfo Description="Light Wooden Floor(NS) to Rock" HashKey="1C1C1C1C1C121C1C12">
    <MapTiles>
      <MapTile TileID="1243" AltIDMod="0" />
    </MapTiles>
    <StaticTiles />
  </TransInfo>
  <TransInfo Description="Light Wooden Floor(NS) to Rock" HashKey="1C1C121C1C121C1C1C">
    <MapTiles>
      <MapTile TileID="1243" AltIDMod="0" />
    </MapTiles>
    <StaticTiles />
  </TransInfo>
  <TransInfo Description="Light Wooden Floor(NS) to Rock" HashKey="1C1C1C1C1C121C1C1C">
    <MapTiles>
      <MapTile TileID="1243" AltIDMod="0" />
    </MapTiles>
    <StaticTiles />
  </TransInfo>
  <TransInfo Description="Light Wooden Floor(NS) to Rock" HashKey="1C1C121C1C1C1C1C12">
    <MapTiles>
      <MapTile TileID="1243" AltIDMod="0" />
    </MapTiles>
    <StaticTiles />
  </TransInfo>
  <TransInfo Description="Light Wooden Floor(NS) to Rock" HashKey="1C1C1C1C1C1C121212">
    <MapTiles>
      <MapTile TileID="1239" AltIDMod="0" />
      <MapTile TileID="1242" AltIDMod="0" />
    </MapTiles>
    <StaticTiles />
  </TransInfo>
  <TransInfo Description="Light Wooden Floor(NS) to Rock" HashKey="1C1C1C1C1C1C12121C">
    <MapTiles>
      <MapTile TileID="1239" AltIDMod="0" />
      <MapTile TileID="1242" AltIDMod="0" />
    </MapTiles>
    <StaticTiles />
  </TransInfo>
  <TransInfo Description="Light Wooden Floor(NS) to Rock" HashKey="1C1C1C1C1C1C1C1212">
    <MapTiles>
      <MapTile TileID="1239" AltIDMod="0" />
      <MapTile TileID="1242" AltIDMod="0" />
    </MapTiles>
    <StaticTiles />
  </TransInfo>
  <TransInfo Description="Light Wooden Floor(NS) to Rock" HashKey="1C1C1C1C1C1C1C121C">
    <MapTiles>
      <MapTile TileID="1239" AltIDMod="0" />
      <MapTile TileID="1242" AltIDMod="0" />
    </MapTiles>
    <StaticTiles />
  </TransInfo>
  <TransInfo Description="Light Wooden Floor(NS) to Rock" HashKey="1C1C1C1C1C1C121C12">
    <MapTiles>
      <MapTile TileID="1239" AltIDMod="0" />
      <MapTile TileID="1242" AltIDMod="0" />
    </MapTiles>
    <StaticTiles />
  </TransInfo>
  <TransInfo Description="Light Wooden Floor(NS) to Rock" HashKey="1C1C121C1C12121212">
    <MapTiles>
      <MapTile TileID="1247" AltIDMod="0" />
    </MapTiles>
    <StaticTiles />
  </TransInfo>
  <TransInfo Description="Light Wooden Floor(NS) to Rock" HashKey="1C1C1C1C1C12121212">
    <MapTiles>
      <MapTile TileID="1247" AltIDMod="0" />
    </MapTiles>
    <StaticTiles />
  </TransInfo>
  <TransInfo Description="Light Wooden Floor(NS) to Rock" HashKey="1C1C121C1C121C1212">
    <MapTiles>
      <MapTile TileID="1247" AltIDMod="0" />
    </MapTiles>
    <StaticTiles />
  </TransInfo>
  <TransInfo Description="Light Wooden Floor(NS) to Rock" HashKey="1C1C1C1C1C121C1212">
    <MapTiles>
      <MapTile TileID="1247" AltIDMod="0" />
    </MapTiles>
    <StaticTiles />
  </TransInfo>
  <TransInfo Description="Light Wooden Floor(NS) to Rock" HashKey="1C1C1C1C1C121C121C">
    <MapTiles>
      <MapTile TileID="1247" AltIDMod="0" />
    </MapTiles>
    <StaticTiles />
  </TransInfo>
  <TransInfo Description="Light Wooden Floor(NS) to Rock" HashKey="1C1C121C1C1C1C1212">
    <MapTiles>
      <MapTile TileID="1247" AltIDMod="0" />
    </MapTiles>
    <StaticTiles />
  </TransInfo>
  <TransInfo Description="Light Wooden Floor(NS) to Rock" HashKey="1C1C121C1C1C121212">
    <MapTiles>
      <MapTile TileID="1247" AltIDMod="0" />
    </MapTiles>
    <StaticTiles />
  </TransInfo>
  <TransInfo Description="Light Wooden Floor(NS) to Rock" HashKey="1C1C121C1C1C12121C">
    <MapTiles>
      <MapTile TileID="1247" AltIDMod="0" />
    </MapTiles>
    <StaticTiles />
  </TransInfo>
  <TransInfo Description="Light Wooden Floor(NS) to Rock" HashKey="1C1C1C1C1C12121C12">
    <MapTiles>
      <MapTile TileID="1247" AltIDMod="0" />
    </MapTiles>
    <StaticTiles />
  </TransInfo>
  <TransInfo Description="Light Wooden Floor(NS) to Rock" HashKey="1C1C121C1C12121C12">
    <MapTiles>
      <MapTile TileID="1247" AltIDMod="0" />
    </MapTiles>
    <StaticTiles />
  </TransInfo>
  <TransInfo Description="Light Wooden Floor(NS) to Rock" HashKey="1C1C121C1C1212121C">
    <MapTiles>
      <MapTile TileID="1247" AltIDMod="0" />
    </MapTiles>
    <StaticTiles />
  </TransInfo>
  <TransInfo Description="Light Wooden Floor(NS) to Rock" HashKey="1C1C121C1C12121C1C">
    <MapTiles>
      <MapTile TileID="1247" AltIDMod="0" />
    </MapTiles>
    <StaticTiles />
  </TransInfo>
  <TransInfo Description="Light Wooden Floor(NS) to Rock" HashKey="1C1C121C1C1C1C121C">
    <MapTiles>
      <MapTile TileID="1247" AltIDMod="0" />
    </MapTiles>
    <StaticTiles />
  </TransInfo>
  <TransInfo Description="Light Wooden Floor(NS) to Rock" HashKey="1C1C1C1C1C12121C1C">
    <MapTiles>
      <MapTile TileID="1247" AltIDMod="0" />
    </MapTiles>
    <StaticTiles />
  </TransInfo>
  <TransInfo Description="Light Wooden Floor(NS) to Rock" HashKey="1C1C121C1C121C121C">
    <MapTiles>
      <MapTile TileID="1247" AltIDMod="0" />
    </MapTiles>
    <StaticTiles />
  </TransInfo>
  <TransInfo Description="Light Wooden Floor(NS) to Rock" HashKey="1C1C121C1C1C121C12">
    <MapTiles>
      <MapTile TileID="1247" AltIDMod="0" />
    </MapTiles>
    <StaticTiles />
  </TransInfo>
  <TransInfo Description="Light Wooden Floor(NS) to Rock" HashKey="1C1C1C1C1C1212121C">
    <MapTiles>
      <MapTile TileID="1247" AltIDMod="0" />
    </MapTiles>
    <StaticTiles />
  </TransInfo>
  <TransInfo Description="Light Wooden Floor(NS) to Rock" HashKey="121212121C1C121C1C">
    <MapTiles>
      <MapTile TileID="1246" AltIDMod="0" />
    </MapTiles>
    <StaticTiles />
  </TransInfo>
  <TransInfo Description="Light Wooden Floor(NS) to Rock" HashKey="12121C121C1C121C1C">
    <MapTiles>
      <MapTile TileID="1246" AltIDMod="0" />
    </MapTiles>
    <StaticTiles />
  </TransInfo>
  <TransInfo Description="Light Wooden Floor(NS) to Rock" HashKey="121212121C1C1C1C1C">
    <MapTiles>
      <MapTile TileID="1246" AltIDMod="0" />
    </MapTiles>
    <StaticTiles />
  </TransInfo>
  <TransInfo Description="Light Wooden Floor(NS) to Rock" HashKey="12121C121C1C1C1C1C">
    <MapTiles>
      <MapTile TileID="1246" AltIDMod="0" />
    </MapTiles>
    <StaticTiles />
  </TransInfo>
  <TransInfo Description="Light Wooden Floor(NS) to Rock" HashKey="121C12121C1C1C1C1C">
    <MapTiles>
      <MapTile TileID="1246" AltIDMod="0" />
    </MapTiles>
    <StaticTiles />
  </TransInfo>
  <TransInfo Description="Light Wooden Floor(NS) to Rock" HashKey="12121C1C1C1C121C1C">
    <MapTiles>
      <MapTile TileID="1246" AltIDMod="0" />
    </MapTiles>
    <StaticTiles />
  </TransInfo>
  <TransInfo Description="Light Wooden Floor(NS) to Rock" HashKey="1C12121C1C1C121C1C">
    <MapTiles>
      <MapTile TileID="1246" AltIDMod="0" />
    </MapTiles>
    <StaticTiles />
  </TransInfo>
  <TransInfo Description="Light Wooden Floor(NS) to Rock" HashKey="121C121C1C1C121C1C">
    <MapTiles>
      <MapTile TileID="1246" AltIDMod="0" />
    </MapTiles>
    <StaticTiles />
  </TransInfo>
  <TransInfo Description="Light Wooden Floor(NS) to Rock" HashKey="1212121C1C1C121C1C">
    <MapTiles>
      <MapTile TileID="1246" AltIDMod="0" />
    </MapTiles>
    <StaticTiles />
  </TransInfo>
  <TransInfo Description="Light Wooden Floor(NS) to Rock" HashKey="1C121C121C1C1C1C1C">
    <MapTiles>
      <MapTile TileID="1246" AltIDMod="0" />
    </MapTiles>
    <StaticTiles />
  </TransInfo>
  <TransInfo Description="Light Wooden Floor(NS) to Rock" HashKey="121C12121C1C121C1C">
    <MapTiles>
      <MapTile TileID="1246" AltIDMod="0" />
    </MapTiles>
    <StaticTiles />
  </TransInfo>
  <TransInfo Description="Light Wooden Floor(NS) to Rock" HashKey="1C1C12121C1C121C1C">
    <MapTiles>
      <MapTile TileID="1246" AltIDMod="0" />
    </MapTiles>
    <StaticTiles />
  </TransInfo>
  <TransInfo Description="Light Wooden Floor(NS) to Rock" HashKey="1C1212121C1C121C1C">
    <MapTiles>
      <MapTile TileID="1246" AltIDMod="0" />
    </MapTiles>
    <StaticTiles />
  </TransInfo>
  <TransInfo Description="Light Wooden Floor(NS) to Rock" HashKey="1C1C12121C1C1C1C1C">
    <MapTiles>
      <MapTile TileID="1246" AltIDMod="0" />
    </MapTiles>
    <StaticTiles />
  </TransInfo>
  <TransInfo Description="Light Wooden Floor(NS) to Rock" HashKey="1C121C121C1C121C1C">
    <MapTiles>
      <MapTile TileID="1246" AltIDMod="0" />
    </MapTiles>
    <StaticTiles />
  </TransInfo>
  <TransInfo Description="Light Wooden Floor(NS) to Rock" HashKey="1C121C1C1C1C121C1C">
    <MapTiles>
      <MapTile TileID="1246" AltIDMod="0" />
    </MapTiles>
    <StaticTiles />
  </TransInfo>
  <TransInfo Description="Light Wooden Floor(NS) to Rock" HashKey="1C1212121C1C1C1C1C">
    <MapTiles>
      <MapTile TileID="1246" AltIDMod="0" />
    </MapTiles>
    <StaticTiles />
  </TransInfo>
  <TransInfo Description="Light Wooden Floor(NS) to Rock" HashKey="121C1C121C1C121212">
    <MapTiles>
      <MapTile TileID="1245" AltIDMod="0" />
    </MapTiles>
    <StaticTiles />
  </TransInfo>
  <TransInfo Description="Light Wooden Floor(NS) to Rock" HashKey="1C1C1C121C1C121212">
    <MapTiles>
      <MapTile TileID="1245" AltIDMod="0" />
    </MapTiles>
    <StaticTiles />
  </TransInfo>
  <TransInfo Description="Light Wooden Floor(NS) to Rock" HashKey="121C1C121C1C12121C">
    <MapTiles>
      <MapTile TileID="1245" AltIDMod="0" />
    </MapTiles>
    <StaticTiles />
  </TransInfo>
  <TransInfo Description="Light Wooden Floor(NS) to Rock" HashKey="1C1C1C121C1C12121C">
    <MapTiles>
      <MapTile TileID="1245" AltIDMod="0" />
    </MapTiles>
    <StaticTiles />
  </TransInfo>
  <TransInfo Description="Light Wooden Floor(NS) to Rock" HashKey="1C1C1C121C1C1C121C">
    <MapTiles>
      <MapTile TileID="1245" AltIDMod="0" />
    </MapTiles>
    <StaticTiles />
  </TransInfo>
  <TransInfo Description="Light Wooden Floor(NS) to Rock" HashKey="121C1C121C1C1C1C12">
    <MapTiles>
      <MapTile TileID="1245" AltIDMod="0" />
    </MapTiles>
    <StaticTiles />
  </TransInfo>
  <TransInfo Description="Light Wooden Floor(NS) to Rock" HashKey="121C1C1C1C1C121212">
    <MapTiles>
      <MapTile TileID="1245" AltIDMod="0" />
    </MapTiles>
    <StaticTiles />
  </TransInfo>
  <TransInfo Description="Light Wooden Floor(NS) to Rock" HashKey="121C1C1C1C1C12121C">
    <MapTiles>
      <MapTile TileID="1245" AltIDMod="0" />
    </MapTiles>
    <StaticTiles />
  </TransInfo>
  <TransInfo Description="Light Wooden Floor(NS) to Rock" HashKey="121C1C1C1C1C1C121C">
    <MapTiles>
      <MapTile TileID="1245" AltIDMod="0" />
    </MapTiles>
    <StaticTiles />
  </TransInfo>
  <TransInfo Description="Light Wooden Floor(NS) to Rock" HashKey="1C1C1C121C1C121C12">
    <MapTiles>
      <MapTile TileID="1245" AltIDMod="0" />
    </MapTiles>
    <StaticTiles />
  </TransInfo>
  <TransInfo Description="Light Wooden Floor(NS) to Rock" HashKey="121C1C121C1C121C12">
    <MapTiles>
      <MapTile TileID="1245" AltIDMod="0" />
    </MapTiles>
    <StaticTiles />
  </TransInfo>
  <TransInfo Description="Light Wooden Floor(NS) to Rock" HashKey="121C1C1C1C1C1C1212">
    <MapTiles>
      <MapTile TileID="1245" AltIDMod="0" />
    </MapTiles>
    <StaticTiles />
  </TransInfo>
  <TransInfo Description="Light Wooden Floor(NS) to Rock" HashKey="121C1C121C1C1C1212">
    <MapTiles>
      <MapTile TileID="1245" AltIDMod="0" />
    </MapTiles>
    <StaticTiles />
  </TransInfo>
  <TransInfo Description="Light Wooden Floor(NS) to Rock" HashKey="1C1C1C121C1C1C1212">
    <MapTiles>
      <MapTile TileID="1245" AltIDMod="0" />
    </MapTiles>
    <StaticTiles />
  </TransInfo>
  <TransInfo Description="Light Wooden Floor(NS) to Rock" HashKey="1C1C1C121C1C1C1C12">
    <MapTiles>
      <MapTile TileID="1245" AltIDMod="0" />
    </MapTiles>
    <StaticTiles />
  </TransInfo>
  <TransInfo Description="Light Wooden Floor(NS) to Rock" HashKey="121C1C1C1C1C121C12">
    <MapTiles>
      <MapTile TileID="1245" AltIDMod="0" />
    </MapTiles>
    <StaticTiles />
  </TransInfo>
  <TransInfo Description="Light Wooden Floor(NS) to Rock" HashKey="121C1C121C1C1C121C">
    <MapTiles>
      <MapTile TileID="1245" AltIDMod="0" />
    </MapTiles>
    <StaticTiles />
  </TransInfo>
  <TransInfo Description="Light Wooden Floor(NS) to Rock" HashKey="1212121C1C121C1C12">
    <MapTiles>
      <MapTile TileID="1248" AltIDMod="0" />
    </MapTiles>
    <StaticTiles />
  </TransInfo>
  <TransInfo Description="Light Wooden Floor(NS) to Rock" HashKey="1212121C1C121C1C1C">
    <MapTiles>
      <MapTile TileID="1248" AltIDMod="0" />
    </MapTiles>
    <StaticTiles />
  </TransInfo>
  <TransInfo Description="Light Wooden Floor(NS) to Rock" HashKey="1C12121C1C121C1C12">
    <MapTiles>
      <MapTile TileID="1248" AltIDMod="0" />
    </MapTiles>
    <StaticTiles />
  </TransInfo>
  <TransInfo Description="Light Wooden Floor(NS) to Rock" HashKey="1C12121C1C121C1C1C">
    <MapTiles>
      <MapTile TileID="1248" AltIDMod="0" />
    </MapTiles>
    <StaticTiles />
  </TransInfo>
  <TransInfo Description="Light Wooden Floor(NS) to Rock" HashKey="121C1C1C1C121C1C12">
    <MapTiles>
      <MapTile TileID="1248" AltIDMod="0" />
    </MapTiles>
    <StaticTiles />
  </TransInfo>
  <TransInfo Description="Light Wooden Floor(NS) to Rock" HashKey="121C121C1C121C1C1C">
    <MapTiles>
      <MapTile TileID="1248" AltIDMod="0" />
    </MapTiles>
    <StaticTiles />
  </TransInfo>
  <TransInfo Description="Light Wooden Floor(NS) to Rock" HashKey="121C121C1C121C1C12">
    <MapTiles>
      <MapTile TileID="1248" AltIDMod="0" />
    </MapTiles>
    <StaticTiles />
  </TransInfo>
  <TransInfo Description="Light Wooden Floor(NS) to Rock" HashKey="12121C1C1C1C1C1C12">
    <MapTiles>
      <MapTile TileID="1248" AltIDMod="0" />
    </MapTiles>
    <StaticTiles />
  </TransInfo>
  <TransInfo Description="Light Wooden Floor(NS) to Rock" HashKey="1C121C1C1C1C1C1C12">
    <MapTiles>
      <MapTile TileID="1248" AltIDMod="0" />
    </MapTiles>
    <StaticTiles />
  </TransInfo>
  <TransInfo Description="Light Wooden Floor(NS) to Rock" HashKey="1212121C1C1C1C1C12">
    <MapTiles>
      <MapTile TileID="1248" AltIDMod="0" />
    </MapTiles>
    <StaticTiles />
  </TransInfo>
  <TransInfo Description="Light Wooden Floor(NS) to Rock" HashKey="12121C1C1C121C1C1C">
    <MapTiles>
      <MapTile TileID="1248" AltIDMod="0" />
    </MapTiles>
    <StaticTiles />
  </TransInfo>
  <TransInfo Description="Light Wooden Floor(NS) to Rock" HashKey="1C12121C1C1C1C1C12">
    <MapTiles>
      <MapTile TileID="1248" AltIDMod="0" />
    </MapTiles>
    <StaticTiles />
  </TransInfo>
  <TransInfo Description="Light Wooden Floor(NS) to Rock" HashKey="1C121C1C1C121C1C1C">
    <MapTiles>
      <MapTile TileID="1248" AltIDMod="0" />
    </MapTiles>
    <StaticTiles />
  </TransInfo>
  <TransInfo Description="Light Wooden Floor(NS) to Rock" HashKey="121C1C1C1C121C1C1C">
    <MapTiles>
      <MapTile TileID="1248" AltIDMod="0" />
    </MapTiles>
    <StaticTiles />
  </TransInfo>
  <TransInfo Description="Light Wooden Floor(NS) to Rock" HashKey="121C121C1C1C1C1C12">
    <MapTiles>
      <MapTile TileID="1248" AltIDMod="0" />
    </MapTiles>
    <StaticTiles />
  </TransInfo>
  <TransInfo Description="Light Wooden Floor(NS) to Rock" HashKey="1C121C1C1C121C1C12">
    <MapTiles>
      <MapTile TileID="1248" AltIDMod="0" />
    </MapTiles>
    <StaticTiles />
  </TransInfo>
  <TransInfo Description="Light Wooden Floor(NS) to Rock" HashKey="12121C1C1C121C1C12">
    <MapTiles>
      <MapTile TileID="1248" AltIDMod="0" />
    </MapTiles>
    <StaticTiles />
  </TransInfo>
  <TransInfo Description="Light Wooden Floor(NS) to Rock" HashKey="121C1C1C1C1C1C1C1C">
    <MapTiles>
      <MapTile TileID="1249" AltIDMod="0" />
    </MapTiles>
    <StaticTiles />
  </TransInfo>
  <TransInfo Description="Light Wooden Floor(NS) to Rock" HashKey="1C1C1C1C1C1C1C1C12">
    <MapTiles>
      <MapTile TileID="1044" AltIDMod="0" />
    </MapTiles>
    <StaticTiles />
  </TransInfo>
  <TransInfo Description="Light Wooden Floor(NS) to Rock" HashKey="1C1C121C1C1C1C1C1C">
    <MapTiles>
      <MapTile TileID="1042" AltIDMod="0" />
    </MapTiles>
    <StaticTiles />
  </TransInfo>
  <TransInfo Description="Light Wooden Floor(NS) to Rock" HashKey="1C1C1C1C1C1C121C1C">
    <MapTiles>
      <MapTile TileID="1043" AltIDMod="0" />
    </MapTiles>
    <StaticTiles />
  </TransInfo>
</Trans>