<TAGS>
	<WORLDITEM>
		<AMOUNT Type="INT" />
		<ATT Type="INT"/>
		<COLOR Type="INT" />
		<CONT Type="INT" />
		<CORPSE/>
		<CARVE/>
		<CREATOR Type="INT" />
		<DISABLEMSG/>
		<DISABLED/>
		<DIR/>
		<DOORFLAG/>
		<DYEABLE/>
		<DEF/>
		<DESC/>
		<DX/>
		<DX2/>
		<DECAYTIME/>
		<GOOD/>
		<GLOW/>
		<GLOWBC/>
		<GLOWTYPE/>
		<HIDAMAGE/>
		<HP/>
		<IN/>
		<IN2/>
		<ITEMHAND/>
		<ID Type="INT" />
		<LAYER Type="INT" />
		<LODAMAGE Type="INT" />
		<MORE Type="INT" />
		<MORE2 Type="INT" />
		<MOVABLE/>
		<MAXHP Type="INT" />
		<MOREX Type="INT" />
		<MOREY Type="INT" />
		<MOREZ Type="INT" />
		<NAME/>
		<NAME2/>
		<OWNER Type="INT" />
		<OFFSPELL/>
		<PILEABLE/>
		<POISONED/>
		<PRIV/>
		<RACEHAT/>
		<RESTOCK/>
		<RANK/>
		<SK_MADE/>
		<SERIAL/>
		<SMELT/>
		<SECUREIT/>
		<ST/>
		<ST2/>
		<SPD/>
		<SPAWN/>
		<SPAWNREGION/>
		<TYPE/>
		<TYPE2/>
		<TRIGGER/>
		<TIME_UNUSED Type="INT" />
		<TRIGTYPE/>
		<TRIGON/>
		<USES/>
		<VISIBLE/>
		<VALUE/>
		<X Type="INT" />
		<Y Type="INT" />
		<WIPE/>
		<WEIGHT Type="INT" />
		<Z Type="INT" />
	</WORLDITEM>
	<CHARACTER>
		<ACCOUNT/>
		<ALLMOVE/>
		<ATT/>
		<ADVOBJE/>
		<BODY/>
		<CREATIONDAY/>
		<CARVE/>
		<CANTRAIN/>
		<DISPZ/>
		<DIR/>
		<DEXTERITY/>
		<DEXTERITY2/>
		<DEATHS/>
		<DEAD/>
		<DEF/>
		<DISABLED/>
		<DISABLEMSG/>
		<DOPPELGAENGERSERIAL/>
		<EMOTE/>
		<FAME/>
		<FIXEDLIGHT/>
		<FONT/>
		<FLEEAT/>
		<FX1/>
		<FY1/>
		<FZ1/>
		<FX2/>
		<FY2/>
		<GUILDTYPE/>
		<GUILDTRAITOR/>
		<GUILDTOGGLE/>
		<GUILDNUMBER/>
		<GMRESTRICT/>
		<GUILDTITLE/>
		<GUILDFEALTY/>
		<GMMOVEEFF/>
		<HITPOINTS/>
		<HIDAMAGE/>
		<HIDDEN/>
		<HUNGER/>
		<HOLDGOLD/>
		<INTELLIGENCE/>
		<INTELLIGENCE2/>
		<JAILTIMER/>
		<JAILCELL/>
		<KARMA/>
		<KILLS/>
		<LODAMAGE/>
		<MENUPRIV/>
		<MANA/>
		<NPC/>
		<NPCWANDER/>
		<NOTRAIN/>
		<NPCTYPE/>
		<NAME/>
		<NPCAITYPE/>
		<OLDNPCWANDER/>
		<OLDX/>
		<OLDY/>
		<OLDZ/>
		<OWN/>
		<PRIV/>
		<PRIV3a/>
		<PRIV3b/>
		<PRIV3c/>
		<PRIV3d/>
		<PRIV3e/>
		<PRIV3f/>
		<PRIV3g/>
		<POISON/>
		<POISONED/>
		<QUESTTYPE/>
		<QUESTDESTREGION/>
		<QUESTREIGREGION/>
		<QUESTBOUNTYPOSTSERIAL/>
		<QUESTBOUNTYREWARD/>
		<RACE/>
		<ROBE/>
		<REATTACTAT/>
		<SERIAL/>
		<SAY/>
		<STRENGTH/>
		<STRENGTH2/>
		<STAMINA/>
		<SUMMONREMAININGSECONDS/>
		<SHOP/>
		<SPEECH/>
		<SKILL0 Type="INT" />
		<SKILL1 Type="INT" />
		<SKILL2 Type="INT" />
		<SKILL3 Type="INT" />
		<SKILL4 Type="INT" />
		<SKILL5 Type="INT" />
		<SKILL6 Type="INT" />
		<SKILL7 Type="INT" />
		<SKILL8 Type="INT" />
		<SKILL9 Type="INT" />
		<SKILL10 Type="INT" />
		<SKILL11 Type="INT" />
		<SKILL12 Type="INT" />
		<SKILL13 Type="INT" />
		<SKILL14 Type="INT" />
		<SKILL15 Type="INT" />
		<SKILL16 Type="INT" />
		<SKILL17 Type="INT" />
		<SKILL18 Type="INT" />
		<SKILL19 Type="INT" />
		<SKILL20 Type="INT" />
		<SKILL21 Type="INT" />
		<SKILL22 Type="INT" />
		<SKILL23 Type="INT" />
		<SKILL24 Type="INT" />
		<SKILL25 Type="INT" />
		<SKILL26 Type="INT" />
		<SKILL27 Type="INT" />
		<SKILL28 Type="INT" />
		<SKILL29 Type="INT" />
		<SKILL30 Type="INT" />
		<SKILL31 Type="INT" />
		<SKILL32 Type="INT" />
		<SKILL33 Type="INT" />
		<SKILL34 Type="INT" />
		<SKILL35 Type="INT" />
		<SKILL36 Type="INT" />
		<SKILL37 Type="INT" />
		<SKILL38 Type="INT" />
		<SKILL39 Type="INT" />
		<SKILL40 Type="INT" />
		<SKILL41 Type="INT" />
		<SKILL42 Type="INT" />
		<SKIN/>
		<SKL0 Type="INT" />
		<SKL1 Type="INT" />
		<SKL2 Type="INT" />
		<SKL3 Type="INT" />
		<SKL4 Type="INT" />
		<SKL5 Type="INT" />
		<SKL6 Type="INT" />
		<SKL7 Type="INT" />
		<SKL8 Type="INT" />
		<SKL9 Type="INT" />
		<SKL10 Type="INT" />
		<SKL11 Type="INT" />
		<SKL12 Type="INT" />
		<SKL13 Type="INT" />
		<SKL14 Type="INT" />
		<SKL15 Type="INT" />
		<SKL16 Type="INT" />
		<SKL17 Type="INT" />
		<SKL18 Type="INT" />
		<SKL19 Type="INT" />
		<SKL20 Type="INT" />
		<SKL21 Type="INT" />
		<SKL22 Type="INT" />
		<SKL23 Type="INT" />
		<SKL24 Type="INT" />
		<SKL25 Type="INT" />
		<SKL26 Type="INT" />
		<SKL27 Type="INT" />
		<SKL28 Type="INT" />
		<SKL29 Type="INT" />
		<SKL30 Type="INT" />
		<SKL31 Type="INT" />
		<SKL32 Type="INT" />
		<SKL33 Type="INT" />
		<SKL34 Type="INT" />
		<SKL35 Type="INT" />
		<SKL36 Type="INT" />
		<SKL37 Type="INT" />
		<SKL38 Type="INT" />
		<SKL39 Type="INT" />
		<SKL40 Type="INT" />
		<SKL41 Type="INT" />
		<SKL42 Type="INT" />
		<SPATTACK/>
		<SPADELAY/>
		<SPLIT/>
		<SPLITCHANCE/>
		<SKL/>
		<SPAWNREGION/>
		<SPAWN/>
		<STABLEMASTER/>
		<TITLE/>
		<TAMING/>
		<TOTAME/>
		<TRIGGER/>
		<TRIGWORD/>
		<TIME_UNUSED Type="INT" />
		<X Type="INT" />
		<XBODY Type="INT" />
		<XSKIN Type="INT" />
		<WAR/>
		<Y Type="INT" />
		<Z Type="INT" />
	</CHARACTER>
	<ACCOUNTS>
		<NAME/>
		<PASS/>
		<BAN/>
		<REMOTEADMIN/>
		<LASTUSED/>
	</ACCOUNTS>
</TAGS>
