﻿<?xml version="1.0" encoding="utf-8"?>
<Trans>
  <TransInfo Description="Cave Entrance To Dungeon Cave Without Static" HashKey="FFFF4A14124A14124A">
    <MapTiles>
      <MapTile TileID="556" AltIDMod="23" />
      <MapTile TileID="557" AltIDMod="23" />
      <MapTile TileID="558" AltIDMod="23" />
      <MapTile TileID="559" AltIDMod="23" />
    </MapTiles>
    <StaticTiles />
  </TransInfo>
  <TransInfo Description="Cave Entrance To Dungeon Cave Without Static" HashKey="12124A1212FF1214FF">
    <MapTiles>
      <MapTile TileID="556" AltIDMod="23" />
      <MapTile TileID="557" AltIDMod="23" />
      <MapTile TileID="558" AltIDMod="23" />
      <MapTile TileID="559" AltIDMod="23" />
    </MapTiles>
    <StaticTiles />
  </TransInfo>
  <TransInfo Description="Cave Entrance To Dungeon Cave Without Static" HashKey="FF1212FF12124A4A12">
    <MapTiles>
      <MapTile TileID="556" AltIDMod="23" />
      <MapTile TileID="557" AltIDMod="23" />
      <MapTile TileID="558" AltIDMod="23" />
      <MapTile TileID="559" AltIDMod="23" />
    </MapTiles>
    <StaticTiles />
  </TransInfo>
  <TransInfo Description="Cave Entrance To Dungeon Cave Without Static" HashKey="124A4A1212FF1212FF">
    <MapTiles>
      <MapTile TileID="556" AltIDMod="23" />
      <MapTile TileID="557" AltIDMod="23" />
      <MapTile TileID="558" AltIDMod="23" />
      <MapTile TileID="559" AltIDMod="23" />
    </MapTiles>
    <StaticTiles />
  </TransInfo>
  <TransInfo Description="Cave Entrance To Dungeon Cave Without Static" HashKey="124A4A12FFFF12FFFF">
    <MapTiles>
      <MapTile TileID="474" AltIDMod="20" />
    </MapTiles>
    <StaticTiles>
      <StaticTile TileID="1354" AltIDMod="0" />
      <StaticTile TileID="1355" AltIDMod="0" />
      <StaticTile TileID="1356" AltIDMod="0" />
    </StaticTiles>
  </TransInfo>
  <TransInfo Description="Cave Entrance To Dungeon Cave Without Static" HashKey="14124A14124AFFFF4A">
    <MapTiles>
      <MapTile TileID="556" AltIDMod="23" />
      <MapTile TileID="557" AltIDMod="23" />
      <MapTile TileID="558" AltIDMod="23" />
      <MapTile TileID="559" AltIDMod="23" />
    </MapTiles>
    <StaticTiles />
  </TransInfo>
  <TransInfo Description="Cave Entrance To Dungeon Cave Without Static" HashKey="FFFF4AFFFF4AFFFF4A">
    <MapTiles>
      <MapTile TileID="475" AltIDMod="20" />
    </MapTiles>
    <StaticTiles>
      <StaticTile TileID="1339" AltIDMod="0" />
      <StaticTile TileID="1340" AltIDMod="0" />
      <StaticTile TileID="1341" AltIDMod="0" />
      <StaticTile TileID="1342" AltIDMod="0" />
      <StaticTile TileID="1343" AltIDMod="0" />
    </StaticTiles>
  </TransInfo>
  <TransInfo Description="Cave Entrance To Dungeon Cave Without Static" HashKey="FF4A4A124A4A121212">
    <MapTiles>
      <MapTile TileID="581" AltIDMod="0" />
      <MapTile TileID="582" AltIDMod="0" />
      <MapTile TileID="583" AltIDMod="0" />
      <MapTile TileID="584" AltIDMod="0" />
    </MapTiles>
    <StaticTiles />
  </TransInfo>
  <TransInfo Description="Cave Entrance To Dungeon Cave Without Static" HashKey="12124A12124AFF4A4A">
    <MapTiles>
      <MapTile TileID="556" AltIDMod="5" />
      <MapTile TileID="557" AltIDMod="5" />
      <MapTile TileID="558" AltIDMod="5" />
      <MapTile TileID="559" AltIDMod="5" />
    </MapTiles>
    <StaticTiles />
  </TransInfo>
  <TransInfo Description="Cave Entrance To Dungeon Cave Without Static" HashKey="4A4A4A4A4A12FFFF12">
    <MapTiles>
      <MapTile TileID="483" AltIDMod="0" />
    </MapTiles>
    <StaticTiles />
  </TransInfo>
  <TransInfo Description="Cave Entrance To Dungeon Cave Without Static" HashKey="1414FF1212FF12124A">
    <MapTiles>
      <MapTile TileID="556" AltIDMod="23" />
      <MapTile TileID="557" AltIDMod="23" />
      <MapTile TileID="558" AltIDMod="23" />
      <MapTile TileID="559" AltIDMod="23" />
    </MapTiles>
    <StaticTiles />
  </TransInfo>
  <TransInfo Description="Cave Entrance To Dungeon Cave Without Static" HashKey="4A4AFF4A4AFF4A4AFF">
    <MapTiles>
      <MapTile TileID="477" AltIDMod="0" />
    </MapTiles>
    <StaticTiles />
  </TransInfo>
  <TransInfo Description="Cave Entrance To Dungeon Cave Without Static" HashKey="4A12FF1212FF121414">
    <MapTiles>
      <MapTile TileID="556" AltIDMod="42" />
      <MapTile TileID="557" AltIDMod="42" />
      <MapTile TileID="558" AltIDMod="42" />
      <MapTile TileID="559" AltIDMod="42" />
    </MapTiles>
    <StaticTiles />
  </TransInfo>
  <TransInfo Description="Cave Entrance To Dungeon Cave Without Static" HashKey="FF1212FF12124A4A4A">
    <MapTiles>
      <MapTile TileID="556" AltIDMod="23" />
      <MapTile TileID="557" AltIDMod="23" />
      <MapTile TileID="558" AltIDMod="23" />
      <MapTile TileID="559" AltIDMod="23" />
    </MapTiles>
    <StaticTiles />
  </TransInfo>
  <TransInfo Description="Cave Entrance To Dungeon Cave Without Static" HashKey="1212124A12124A4AFF">
    <MapTiles>
      <MapTile TileID="556" AltIDMod="5" />
      <MapTile TileID="557" AltIDMod="5" />
      <MapTile TileID="558" AltIDMod="5" />
      <MapTile TileID="559" AltIDMod="5" />
    </MapTiles>
    <StaticTiles />
  </TransInfo>
  <TransInfo Description="Cave Entrance To Dungeon Cave Without Static" HashKey="1212FF12124A12124A">
    <MapTiles>
      <MapTile TileID="556" AltIDMod="5" />
      <MapTile TileID="557" AltIDMod="5" />
      <MapTile TileID="558" AltIDMod="5" />
      <MapTile TileID="559" AltIDMod="5" />
    </MapTiles>
    <StaticTiles />
  </TransInfo>
  <TransInfo Description="Cave Entrance To Dungeon Cave Without Static" HashKey="FF12124A4A124A4A4A">
    <MapTiles>
      <MapTile TileID="581" AltIDMod="0" />
      <MapTile TileID="582" AltIDMod="0" />
      <MapTile TileID="583" AltIDMod="0" />
      <MapTile TileID="584" AltIDMod="0" />
    </MapTiles>
    <StaticTiles />
  </TransInfo>
  <TransInfo Description="Cave Entrance To Dungeon Cave Without Static" HashKey="4A4A124A1212FF1212">
    <MapTiles>
      <MapTile TileID="556" AltIDMod="5" />
      <MapTile TileID="557" AltIDMod="5" />
      <MapTile TileID="558" AltIDMod="5" />
      <MapTile TileID="559" AltIDMod="5" />
    </MapTiles>
    <StaticTiles />
  </TransInfo>
  <TransInfo Description="Cave Entrance To Dungeon Cave Without Static" HashKey="1212124A4A124A4AFF">
    <MapTiles>
      <MapTile TileID="581" AltIDMod="0" />
      <MapTile TileID="582" AltIDMod="0" />
      <MapTile TileID="583" AltIDMod="0" />
      <MapTile TileID="584" AltIDMod="0" />
    </MapTiles>
    <StaticTiles />
  </TransInfo>
  <TransInfo Description="Cave Entrance To Dungeon Cave Without Static" HashKey="FF4A4AFF4A4A124A4A">
    <MapTiles>
      <MapTile TileID="481" AltIDMod="0" />
    </MapTiles>
    <StaticTiles />
  </TransInfo>
  <TransInfo Description="Cave Entrance To Dungeon Cave Without Static" HashKey="4A1214121214FFFF14">
    <MapTiles>
      <MapTile TileID="556" AltIDMod="42" />
      <MapTile TileID="557" AltIDMod="42" />
      <MapTile TileID="558" AltIDMod="42" />
      <MapTile TileID="559" AltIDMod="42" />
    </MapTiles>
    <StaticTiles />
  </TransInfo>
  <TransInfo Description="Cave Entrance To Dungeon Cave Without Static" HashKey="4A12124A1212FF1212">
    <MapTiles>
      <MapTile TileID="556" AltIDMod="5" />
      <MapTile TileID="557" AltIDMod="5" />
      <MapTile TileID="558" AltIDMod="5" />
      <MapTile TileID="559" AltIDMod="5" />
    </MapTiles>
    <StaticTiles />
  </TransInfo>
  <TransInfo Description="Cave Entrance To Dungeon Cave Without Static" HashKey="1212124AFFFF4AFFFF">
    <MapTiles>
      <MapTile TileID="468" AltIDMod="20" />
    </MapTiles>
    <StaticTiles>
      <StaticTile TileID="1357" AltIDMod="0" />
      <StaticTile TileID="1358" AltIDMod="0" />
      <StaticTile TileID="1359" AltIDMod="0" />
    </StaticTiles>
  </TransInfo>
  <TransInfo Description="Cave Entrance To Dungeon Cave Without Static" HashKey="124A4A12124AFFFF4A">
    <MapTiles>
      <MapTile TileID="556" AltIDMod="23" />
      <MapTile TileID="557" AltIDMod="23" />
      <MapTile TileID="558" AltIDMod="23" />
      <MapTile TileID="559" AltIDMod="23" />
    </MapTiles>
    <StaticTiles />
  </TransInfo>
  <TransInfo Description="Cave Entrance To Dungeon Cave Without Static" HashKey="FFFF124A4A124A4A12">
    <MapTiles>
      <MapTile TileID="481" AltIDMod="0" />
    </MapTiles>
    <StaticTiles />
  </TransInfo>
  <TransInfo Description="Cave Entrance To Dungeon Cave Without Static" HashKey="FFFFFFFFFFFF4A4A4A">
    <MapTiles>
      <MapTile TileID="475" AltIDMod="20" />
    </MapTiles>
    <StaticTiles>
      <StaticTile TileID="1339" AltIDMod="0" />
      <StaticTile TileID="1340" AltIDMod="0" />
      <StaticTile TileID="1341" AltIDMod="0" />
      <StaticTile TileID="1342" AltIDMod="0" />
      <StaticTile TileID="1343" AltIDMod="0" />
    </StaticTiles>
  </TransInfo>
  <TransInfo Description="Cave Entrance To Dungeon Cave Without Static" HashKey="4A12144AFFFF4AFFFF">
    <MapTiles>
      <MapTile TileID="468" AltIDMod="20" />
    </MapTiles>
    <StaticTiles>
      <StaticTile TileID="1357" AltIDMod="0" />
      <StaticTile TileID="1358" AltIDMod="0" />
      <StaticTile TileID="1359" AltIDMod="0" />
    </StaticTiles>
  </TransInfo>
  <TransInfo Description="Cave Entrance To Dungeon Cave Without Static" HashKey="124A4A12FFFF14FFFF">
    <MapTiles>
      <MapTile TileID="474" AltIDMod="20" />
    </MapTiles>
    <StaticTiles>
      <StaticTile TileID="1354" AltIDMod="0" />
      <StaticTile TileID="1355" AltIDMod="0" />
      <StaticTile TileID="1356" AltIDMod="0" />
    </StaticTiles>
  </TransInfo>
  <TransInfo Description="Cave Entrance To Dungeon Cave Without Static" HashKey="FF12124A4A124A4A12">
    <MapTiles>
      <MapTile TileID="581" AltIDMod="0" />
      <MapTile TileID="582" AltIDMod="0" />
      <MapTile TileID="583" AltIDMod="0" />
      <MapTile TileID="584" AltIDMod="0" />
    </MapTiles>
    <StaticTiles />
  </TransInfo>
  <TransInfo Description="Cave Entrance To Dungeon Cave Without Static" HashKey="4A4A4A124A4A1212FF">
    <MapTiles>
      <MapTile TileID="581" AltIDMod="0" />
      <MapTile TileID="582" AltIDMod="0" />
      <MapTile TileID="583" AltIDMod="0" />
      <MapTile TileID="584" AltIDMod="0" />
    </MapTiles>
    <StaticTiles />
  </TransInfo>
  <TransInfo Description="Cave Entrance To Dungeon Cave Without Static" HashKey="14124A14121214FFFF">
    <MapTiles>
      <MapTile TileID="556" AltIDMod="42" />
      <MapTile TileID="557" AltIDMod="42" />
      <MapTile TileID="558" AltIDMod="42" />
      <MapTile TileID="559" AltIDMod="42" />
    </MapTiles>
    <StaticTiles />
  </TransInfo>
  <TransInfo Description="Cave Entrance To Dungeon Cave Without Static" HashKey="4A12124A4A124A4AFF">
    <MapTiles>
      <MapTile TileID="581" AltIDMod="0" />
      <MapTile TileID="582" AltIDMod="0" />
      <MapTile TileID="583" AltIDMod="0" />
      <MapTile TileID="584" AltIDMod="0" />
    </MapTiles>
    <StaticTiles />
  </TransInfo>
  <TransInfo Description="Cave Entrance To Dungeon Cave Without Static" HashKey="4A4A4A124A4A12FFFF">
    <MapTiles>
      <MapTile TileID="480" AltIDMod="0" />
    </MapTiles>
    <StaticTiles />
  </TransInfo>
  <TransInfo Description="Cave Entrance To Dungeon Cave Without Static" HashKey="12124A124A4AFF4A4A">
    <MapTiles>
      <MapTile TileID="581" AltIDMod="0" />
      <MapTile TileID="582" AltIDMod="0" />
      <MapTile TileID="583" AltIDMod="0" />
      <MapTile TileID="584" AltIDMod="0" />
    </MapTiles>
    <StaticTiles />
  </TransInfo>
  <TransInfo Description="Cave Entrance To Dungeon Cave Without Static" HashKey="4A4A4A4A4A12FF1212">
    <MapTiles>
      <MapTile TileID="581" AltIDMod="0" />
      <MapTile TileID="582" AltIDMod="0" />
      <MapTile TileID="583" AltIDMod="0" />
      <MapTile TileID="584" AltIDMod="0" />
    </MapTiles>
    <StaticTiles />
  </TransInfo>
  <TransInfo Description="Cave Entrance To Dungeon Cave Without Static" HashKey="4A4AFF4A4A124A4A12">
    <MapTiles>
      <MapTile TileID="581" AltIDMod="0" />
      <MapTile TileID="582" AltIDMod="0" />
      <MapTile TileID="583" AltIDMod="0" />
      <MapTile TileID="584" AltIDMod="0" />
    </MapTiles>
    <StaticTiles />
  </TransInfo>
  <TransInfo Description="Cave Entrance To Dungeon Cave Without Static" HashKey="FF1412FF12124A4A12">
    <MapTiles>
      <MapTile TileID="556" AltIDMod="23" />
      <MapTile TileID="557" AltIDMod="23" />
      <MapTile TileID="558" AltIDMod="23" />
      <MapTile TileID="559" AltIDMod="23" />
    </MapTiles>
    <StaticTiles />
  </TransInfo>
  <TransInfo Description="Cave Entrance To Dungeon Cave Without Static" HashKey="4A4A4A124A4AFF4A4A">
    <MapTiles>
      <MapTile TileID="581" AltIDMod="0" />
      <MapTile TileID="582" AltIDMod="0" />
      <MapTile TileID="583" AltIDMod="0" />
      <MapTile TileID="584" AltIDMod="0" />
    </MapTiles>
    <StaticTiles />
  </TransInfo>
  <TransInfo Description="Cave Entrance To Dungeon Cave Without Static" HashKey="FF1412FF12124A1212">
    <MapTiles>
      <MapTile TileID="556" AltIDMod="23" />
      <MapTile TileID="557" AltIDMod="23" />
      <MapTile TileID="558" AltIDMod="23" />
      <MapTile TileID="559" AltIDMod="23" />
    </MapTiles>
    <StaticTiles />
  </TransInfo>
  <TransInfo Description="Cave Entrance To Dungeon Cave Without Static" HashKey="FFFF124A4A124A4A4A">
    <MapTiles>
      <MapTile TileID="481" AltIDMod="0" />
    </MapTiles>
    <StaticTiles />
  </TransInfo>
  <TransInfo Description="Cave Entrance To Dungeon Cave Without Static" HashKey="1212FF12124A4A4A4A">
    <MapTiles>
      <MapTile TileID="556" AltIDMod="5" />
      <MapTile TileID="557" AltIDMod="5" />
      <MapTile TileID="558" AltIDMod="5" />
      <MapTile TileID="559" AltIDMod="5" />
    </MapTiles>
    <StaticTiles />
  </TransInfo>
  <TransInfo Description="Cave Entrance To Dungeon Cave Without Static" HashKey="4A4A4A4A4A4A1212FF">
    <MapTiles>
      <MapTile TileID="581" AltIDMod="0" />
      <MapTile TileID="582" AltIDMod="0" />
      <MapTile TileID="583" AltIDMod="0" />
      <MapTile TileID="584" AltIDMod="0" />
    </MapTiles>
    <StaticTiles />
  </TransInfo>
  <TransInfo Description="Cave Entrance To Dungeon Cave Without Static" HashKey="12124A12124A1212FF">
    <MapTiles>
      <MapTile TileID="556" AltIDMod="5" />
      <MapTile TileID="557" AltIDMod="5" />
      <MapTile TileID="558" AltIDMod="5" />
      <MapTile TileID="559" AltIDMod="5" />
    </MapTiles>
    <StaticTiles />
  </TransInfo>
  <TransInfo Description="Cave Entrance To Dungeon Cave Without Static" HashKey="14FFFF12FFFF124A4A">
    <MapTiles>
      <MapTile TileID="474" AltIDMod="20" />
    </MapTiles>
    <StaticTiles>
      <StaticTile TileID="1354" AltIDMod="0" />
      <StaticTile TileID="1355" AltIDMod="0" />
      <StaticTile TileID="1356" AltIDMod="0" />
    </StaticTiles>
  </TransInfo>
  <TransInfo Description="Cave Entrance To Dungeon Cave Without Static" HashKey="12FFFF124A4A124A4A">
    <MapTiles>
      <MapTile TileID="482" AltIDMod="0" />
    </MapTiles>
    <StaticTiles />
  </TransInfo>
  <TransInfo Description="Cave Entrance To Dungeon Cave Without Static" HashKey="12124A12121214FFFF">
    <MapTiles>
      <MapTile TileID="556" AltIDMod="42" />
      <MapTile TileID="557" AltIDMod="42" />
      <MapTile TileID="558" AltIDMod="42" />
      <MapTile TileID="559" AltIDMod="42" />
    </MapTiles>
    <StaticTiles />
  </TransInfo>
  <TransInfo Description="Cave Entrance To Dungeon Cave Without Static" HashKey="14124AFFFF4AFFFF4A">
    <MapTiles>
      <MapTile TileID="468" AltIDMod="20" />
    </MapTiles>
    <StaticTiles>
      <StaticTile TileID="1357" AltIDMod="0" />
      <StaticTile TileID="1358" AltIDMod="0" />
      <StaticTile TileID="1359" AltIDMod="0" />
    </StaticTiles>
  </TransInfo>
  <TransInfo Description="Cave Entrance To Dungeon Cave Without Static" HashKey="4AFFFF4AFFFF121212">
    <MapTiles>
      <MapTile TileID="472" AltIDMod="20" />
    </MapTiles>
    <StaticTiles>
      <StaticTile TileID="1345" AltIDMod="0" />
      <StaticTile TileID="1346" AltIDMod="0" />
      <StaticTile TileID="1347" AltIDMod="0" />
    </StaticTiles>
  </TransInfo>
  <TransInfo Description="Cave Entrance To Dungeon Cave Without Static" HashKey="4A12124AFFFF4AFFFF">
    <MapTiles>
      <MapTile TileID="468" AltIDMod="20" />
    </MapTiles>
    <StaticTiles>
      <StaticTile TileID="1357" AltIDMod="0" />
      <StaticTile TileID="1358" AltIDMod="0" />
      <StaticTile TileID="1359" AltIDMod="0" />
    </StaticTiles>
  </TransInfo>
  <TransInfo Description="Cave Entrance To Dungeon Cave Without Static" HashKey="1214FF1212FF124A4A">
    <MapTiles>
      <MapTile TileID="556" AltIDMod="23" />
      <MapTile TileID="557" AltIDMod="23" />
      <MapTile TileID="558" AltIDMod="23" />
      <MapTile TileID="559" AltIDMod="23" />
    </MapTiles>
    <StaticTiles />
  </TransInfo>
  <TransInfo Description="Cave Entrance To Dungeon Cave Without Static" HashKey="4AFFFF4AFFFF121214">
    <MapTiles>
      <MapTile TileID="472" AltIDMod="20" />
    </MapTiles>
    <StaticTiles>
      <StaticTile TileID="1345" AltIDMod="0" />
      <StaticTile TileID="1346" AltIDMod="0" />
      <StaticTile TileID="1347" AltIDMod="0" />
    </StaticTiles>
  </TransInfo>
  <TransInfo Description="Cave Entrance To Dungeon Cave Without Static" HashKey="1212124A12124AFFFF">
    <MapTiles>
      <MapTile TileID="556" AltIDMod="23" />
      <MapTile TileID="557" AltIDMod="23" />
      <MapTile TileID="558" AltIDMod="23" />
      <MapTile TileID="559" AltIDMod="23" />
    </MapTiles>
    <StaticTiles />
  </TransInfo>
  <TransInfo Description="Cave Entrance To Dungeon Cave Without Static" HashKey="4A12FF1212FF121214">
    <MapTiles>
      <MapTile TileID="556" AltIDMod="42" />
      <MapTile TileID="557" AltIDMod="42" />
      <MapTile TileID="558" AltIDMod="42" />
      <MapTile TileID="559" AltIDMod="42" />
    </MapTiles>
    <StaticTiles />
  </TransInfo>
  <TransInfo Description="Cave Entrance To Dungeon Cave Without Static" HashKey="141212FF1212FF124A">
    <MapTiles>
      <MapTile TileID="556" AltIDMod="42" />
      <MapTile TileID="557" AltIDMod="42" />
      <MapTile TileID="558" AltIDMod="42" />
      <MapTile TileID="559" AltIDMod="42" />
    </MapTiles>
    <StaticTiles />
  </TransInfo>
  <TransInfo Description="Cave Entrance To Dungeon Cave Without Static" HashKey="141412FF1212FF124A">
    <MapTiles>
      <MapTile TileID="556" AltIDMod="42" />
      <MapTile TileID="557" AltIDMod="42" />
      <MapTile TileID="558" AltIDMod="42" />
      <MapTile TileID="559" AltIDMod="42" />
    </MapTiles>
    <StaticTiles />
  </TransInfo>
  <TransInfo Description="Cave Entrance To Dungeon Cave Without Static" HashKey="1212121212144AFFFF">
    <MapTiles>
      <MapTile TileID="556" AltIDMod="23" />
      <MapTile TileID="557" AltIDMod="23" />
      <MapTile TileID="558" AltIDMod="23" />
      <MapTile TileID="559" AltIDMod="23" />
    </MapTiles>
    <StaticTiles />
  </TransInfo>
  <TransInfo Description="Cave Entrance To Dungeon Cave Without Static" HashKey="4AFFFF4A1212121212">
    <MapTiles>
      <MapTile TileID="556" AltIDMod="23" />
      <MapTile TileID="557" AltIDMod="23" />
      <MapTile TileID="558" AltIDMod="23" />
      <MapTile TileID="559" AltIDMod="23" />
    </MapTiles>
    <StaticTiles />
  </TransInfo>
  <TransInfo Description="Cave Entrance To Dungeon Cave Without Static" HashKey="4A12124A12124AFFFF">
    <MapTiles>
      <MapTile TileID="556" AltIDMod="23" />
      <MapTile TileID="557" AltIDMod="23" />
      <MapTile TileID="558" AltIDMod="23" />
      <MapTile TileID="559" AltIDMod="23" />
    </MapTiles>
    <StaticTiles />
  </TransInfo>
  <TransInfo Description="Cave Entrance To Dungeon Cave Without Static" HashKey="121212121212FFFF4A">
    <MapTiles>
      <MapTile TileID="556" AltIDMod="23" />
      <MapTile TileID="557" AltIDMod="23" />
      <MapTile TileID="558" AltIDMod="23" />
      <MapTile TileID="559" AltIDMod="23" />
    </MapTiles>
    <StaticTiles />
  </TransInfo>
  <TransInfo Description="Cave Entrance To Dungeon Cave Without Static" HashKey="1414141212FF4A12FF">
    <MapTiles>
      <MapTile TileID="556" AltIDMod="42" />
      <MapTile TileID="557" AltIDMod="42" />
      <MapTile TileID="558" AltIDMod="42" />
      <MapTile TileID="559" AltIDMod="42" />
    </MapTiles>
    <StaticTiles />
  </TransInfo>
  <TransInfo Description="Cave Entrance To Dungeon Cave Without Static" HashKey="FF124AFF1212141212">
    <MapTiles>
      <MapTile TileID="556" AltIDMod="42" />
      <MapTile TileID="557" AltIDMod="42" />
      <MapTile TileID="558" AltIDMod="42" />
      <MapTile TileID="559" AltIDMod="42" />
    </MapTiles>
    <StaticTiles />
  </TransInfo>
  <TransInfo Description="Cave Entrance To Dungeon Cave Without Static" HashKey="12121214124AFFFF4A">
    <MapTiles>
      <MapTile TileID="556" AltIDMod="23" />
      <MapTile TileID="557" AltIDMod="23" />
      <MapTile TileID="558" AltIDMod="23" />
      <MapTile TileID="559" AltIDMod="23" />
    </MapTiles>
    <StaticTiles />
  </TransInfo>
  <TransInfo Description="Cave Entrance To Dungeon Cave Without Static" HashKey="4A4A124A4A12FF1212">
    <MapTiles>
      <MapTile TileID="581" AltIDMod="0" />
      <MapTile TileID="582" AltIDMod="0" />
      <MapTile TileID="583" AltIDMod="0" />
      <MapTile TileID="584" AltIDMod="0" />
    </MapTiles>
    <StaticTiles />
  </TransInfo>
  <TransInfo Description="Cave Entrance To Dungeon Cave Without Static" HashKey="1414FF1212FF124A4A">
    <MapTiles>
      <MapTile TileID="556" AltIDMod="23" />
      <MapTile TileID="557" AltIDMod="23" />
      <MapTile TileID="558" AltIDMod="23" />
      <MapTile TileID="559" AltIDMod="23" />
    </MapTiles>
    <StaticTiles />
  </TransInfo>
  <TransInfo Description="Cave Entrance To Dungeon Cave Without Static" HashKey="4A4AFF4A4AFF4A1212">
    <MapTiles>
      <MapTile TileID="482" AltIDMod="0" />
    </MapTiles>
    <StaticTiles />
  </TransInfo>
  <TransInfo Description="Cave Entrance To Dungeon Cave Without Static" HashKey="4A1212121212FFFF14">
    <MapTiles>
      <MapTile TileID="556" AltIDMod="42" />
      <MapTile TileID="557" AltIDMod="42" />
      <MapTile TileID="558" AltIDMod="42" />
      <MapTile TileID="559" AltIDMod="42" />
    </MapTiles>
    <StaticTiles />
  </TransInfo>
  <TransInfo Description="Cave Entrance To Dungeon Cave Without Static" HashKey="124A4A1212FF1414FF">
    <MapTiles>
      <MapTile TileID="556" AltIDMod="23" />
      <MapTile TileID="557" AltIDMod="23" />
      <MapTile TileID="558" AltIDMod="23" />
      <MapTile TileID="559" AltIDMod="23" />
    </MapTiles>
    <StaticTiles />
  </TransInfo>
  <TransInfo Description="Cave Entrance To Dungeon Cave Without Static" HashKey="4A4A4A12FFFF12FFFF">
    <MapTiles>
      <MapTile TileID="474" AltIDMod="20" />
    </MapTiles>
    <StaticTiles>
      <StaticTile TileID="1354" AltIDMod="0" />
      <StaticTile TileID="1355" AltIDMod="0" />
      <StaticTile TileID="1356" AltIDMod="0" />
    </StaticTiles>
  </TransInfo>
  <TransInfo Description="Cave Entrance To Dungeon Cave Without Static" HashKey="4A4A124A4A12FFFF12">
    <MapTiles>
      <MapTile TileID="483" AltIDMod="0" />
    </MapTiles>
    <StaticTiles />
  </TransInfo>
  <TransInfo Description="Cave Entrance To Dungeon Cave Without Static" HashKey="FF4A4AFF4A4AFF4A4A">
    <MapTiles>
      <MapTile TileID="478" AltIDMod="0" />
    </MapTiles>
    <StaticTiles />
  </TransInfo>
  <TransInfo Description="Cave Entrance To Dungeon Cave Without Static" HashKey="4AFFFF4A12144A1212">
    <MapTiles>
      <MapTile TileID="556" AltIDMod="23" />
      <MapTile TileID="557" AltIDMod="23" />
      <MapTile TileID="558" AltIDMod="23" />
      <MapTile TileID="559" AltIDMod="23" />
    </MapTiles>
    <StaticTiles />
  </TransInfo>
  <TransInfo Description="Cave Entrance To Dungeon Cave Without Static" HashKey="124A4AFF4A4AFF4A4A">
    <MapTiles>
      <MapTile TileID="483" AltIDMod="0" />
    </MapTiles>
    <StaticTiles />
  </TransInfo>
  <TransInfo Description="Cave Entrance To Dungeon Cave Without Static" HashKey="4A12FF1212FF141414">
    <MapTiles>
      <MapTile TileID="556" AltIDMod="42" />
      <MapTile TileID="557" AltIDMod="42" />
      <MapTile TileID="558" AltIDMod="42" />
      <MapTile TileID="559" AltIDMod="42" />
    </MapTiles>
    <StaticTiles />
  </TransInfo>
  <TransInfo Description="Cave Entrance To Dungeon Cave Without Static" HashKey="4A12124A4AFF4A4AFF">
    <MapTiles>
      <MapTile TileID="480" AltIDMod="0" />
    </MapTiles>
    <StaticTiles />
  </TransInfo>
  <TransInfo Description="Cave Entrance To Dungeon Cave Without Static" HashKey="4AFFFF4A12144A1214">
    <MapTiles>
      <MapTile TileID="556" AltIDMod="23" />
      <MapTile TileID="557" AltIDMod="23" />
      <MapTile TileID="558" AltIDMod="23" />
      <MapTile TileID="559" AltIDMod="23" />
    </MapTiles>
    <StaticTiles />
  </TransInfo>
  <TransInfo Description="Cave Entrance To Dungeon Cave Without Static" HashKey="124A4A124A4A1212FF">
    <MapTiles>
      <MapTile TileID="581" AltIDMod="0" />
      <MapTile TileID="582" AltIDMod="0" />
      <MapTile TileID="583" AltIDMod="0" />
      <MapTile TileID="584" AltIDMod="0" />
    </MapTiles>
    <StaticTiles />
  </TransInfo>
  <TransInfo Description="Cave Entrance To Dungeon Cave Without Static" HashKey="4A4A12FF1212FF1212">
    <MapTiles>
      <MapTile TileID="556" AltIDMod="23" />
      <MapTile TileID="557" AltIDMod="23" />
      <MapTile TileID="558" AltIDMod="23" />
      <MapTile TileID="559" AltIDMod="23" />
    </MapTiles>
    <StaticTiles />
  </TransInfo>
  <TransInfo Description="Cave Entrance To Dungeon Cave Without Static" HashKey="4A4A4A4A4A4A12FFFF">
    <MapTiles>
      <MapTile TileID="480" AltIDMod="0" />
    </MapTiles>
    <StaticTiles />
  </TransInfo>
  <TransInfo Description="Cave Entrance To Dungeon Cave Without Static" HashKey="FFFF4AFFFF4A12124A">
    <MapTiles>
      <MapTile TileID="472" AltIDMod="20" />
    </MapTiles>
    <StaticTiles>
      <StaticTile TileID="1345" AltIDMod="0" />
      <StaticTile TileID="1346" AltIDMod="0" />
      <StaticTile TileID="1347" AltIDMod="0" />
    </StaticTiles>
  </TransInfo>
  <TransInfo Description="Cave Entrance To Dungeon Cave Without Static" HashKey="1414FF1212FF4A4A4A">
    <MapTiles>
      <MapTile TileID="556" AltIDMod="23" />
      <MapTile TileID="557" AltIDMod="23" />
      <MapTile TileID="558" AltIDMod="23" />
      <MapTile TileID="559" AltIDMod="23" />
    </MapTiles>
    <StaticTiles />
  </TransInfo>
  <TransInfo Description="Cave Entrance To Dungeon Cave Without Static" HashKey="FF1414FF12124A4A12">
    <MapTiles>
      <MapTile TileID="556" AltIDMod="23" />
      <MapTile TileID="557" AltIDMod="23" />
      <MapTile TileID="558" AltIDMod="23" />
      <MapTile TileID="559" AltIDMod="23" />
    </MapTiles>
    <StaticTiles />
  </TransInfo>
  <TransInfo Description="Cave Entrance To Dungeon Cave Without Static" HashKey="1212144AFFFF4AFFFF">
    <MapTiles>
      <MapTile TileID="468" AltIDMod="20" />
    </MapTiles>
    <StaticTiles>
      <StaticTile TileID="1357" AltIDMod="0" />
      <StaticTile TileID="1358" AltIDMod="0" />
      <StaticTile TileID="1359" AltIDMod="0" />
    </StaticTiles>
  </TransInfo>
  <TransInfo Description="Cave Entrance To Dungeon Cave Without Static" HashKey="1214FF1212FF12124A">
    <MapTiles>
      <MapTile TileID="556" AltIDMod="23" />
      <MapTile TileID="557" AltIDMod="23" />
      <MapTile TileID="558" AltIDMod="23" />
      <MapTile TileID="559" AltIDMod="23" />
    </MapTiles>
    <StaticTiles />
  </TransInfo>
  <TransInfo Description="Cave Entrance To Dungeon Cave Without Static" HashKey="4A4A4AFF124AFF1212">
    <MapTiles>
      <MapTile TileID="556" AltIDMod="23" />
      <MapTile TileID="557" AltIDMod="23" />
      <MapTile TileID="558" AltIDMod="23" />
      <MapTile TileID="559" AltIDMod="23" />
    </MapTiles>
    <StaticTiles />
  </TransInfo>
  <TransInfo Description="Cave Entrance To Dungeon Cave Without Static" HashKey="4A4AFF4A4A124A4A4A">
    <MapTiles>
      <MapTile TileID="581" AltIDMod="0" />
      <MapTile TileID="582" AltIDMod="0" />
      <MapTile TileID="583" AltIDMod="0" />
      <MapTile TileID="584" AltIDMod="0" />
    </MapTiles>
    <StaticTiles />
  </TransInfo>
  <TransInfo Description="Cave Entrance To Dungeon Cave Without Static" HashKey="FF1412FF12124A4A4A">
    <MapTiles>
      <MapTile TileID="556" AltIDMod="23" />
      <MapTile TileID="557" AltIDMod="23" />
      <MapTile TileID="558" AltIDMod="23" />
      <MapTile TileID="559" AltIDMod="23" />
    </MapTiles>
    <StaticTiles />
  </TransInfo>
  <TransInfo Description="Cave Entrance To Dungeon Cave Without Static" HashKey="1212FF1212FF4A4A4A">
    <MapTiles>
      <MapTile TileID="556" AltIDMod="23" />
      <MapTile TileID="557" AltIDMod="23" />
      <MapTile TileID="558" AltIDMod="23" />
      <MapTile TileID="559" AltIDMod="23" />
    </MapTiles>
    <StaticTiles />
  </TransInfo>
  <TransInfo Description="Cave Entrance To Dungeon Cave Without Static" HashKey="FF1212FF12124A1212">
    <MapTiles>
      <MapTile TileID="556" AltIDMod="23" />
      <MapTile TileID="557" AltIDMod="23" />
      <MapTile TileID="558" AltIDMod="23" />
      <MapTile TileID="559" AltIDMod="23" />
    </MapTiles>
    <StaticTiles />
  </TransInfo>
  <TransInfo Description="Cave Entrance To Dungeon Cave Without Static" HashKey="12124A1212FF1414FF">
    <MapTiles>
      <MapTile TileID="556" AltIDMod="23" />
      <MapTile TileID="557" AltIDMod="23" />
      <MapTile TileID="558" AltIDMod="23" />
      <MapTile TileID="559" AltIDMod="23" />
    </MapTiles>
    <StaticTiles />
  </TransInfo>
  <TransInfo Description="Cave Entrance To Dungeon Cave Without Static" HashKey="12124AFF4A4AFF4A4A">
    <MapTiles>
      <MapTile TileID="483" AltIDMod="0" />
    </MapTiles>
    <StaticTiles />
  </TransInfo>
  <TransInfo Description="Cave Entrance To Dungeon Cave Without Static" HashKey="FFFF4A14124A121212">
    <MapTiles>
      <MapTile TileID="556" AltIDMod="23" />
      <MapTile TileID="557" AltIDMod="23" />
      <MapTile TileID="558" AltIDMod="23" />
      <MapTile TileID="559" AltIDMod="23" />
    </MapTiles>
    <StaticTiles />
  </TransInfo>
  <TransInfo Description="Cave Entrance To Dungeon Cave Without Static" HashKey="1212121212124A4AFF">
    <MapTiles>
      <MapTile TileID="556" AltIDMod="5" />
      <MapTile TileID="557" AltIDMod="5" />
      <MapTile TileID="558" AltIDMod="5" />
      <MapTile TileID="559" AltIDMod="5" />
    </MapTiles>
    <StaticTiles />
  </TransInfo>
  <TransInfo Description="Cave Entrance To Dungeon Cave Without Static" HashKey="FFFF4A12124A124A4A">
    <MapTiles>
      <MapTile TileID="556" AltIDMod="23" />
      <MapTile TileID="557" AltIDMod="23" />
      <MapTile TileID="558" AltIDMod="23" />
      <MapTile TileID="559" AltIDMod="23" />
    </MapTiles>
    <StaticTiles />
  </TransInfo>
  <TransInfo Description="Cave Entrance To Dungeon Cave Without Static" HashKey="4A1212FF1212FF1414">
    <MapTiles>
      <MapTile TileID="556" AltIDMod="23" />
      <MapTile TileID="557" AltIDMod="23" />
      <MapTile TileID="558" AltIDMod="23" />
      <MapTile TileID="559" AltIDMod="23" />
    </MapTiles>
    <StaticTiles />
  </TransInfo>
  <TransInfo Description="Cave Entrance To Dungeon Cave Without Static" HashKey="4A4A4AFFFF12FFFF12">
    <MapTiles>
      <MapTile TileID="470" AltIDMod="20" />
    </MapTiles>
    <StaticTiles>
      <StaticTile TileID="1348" AltIDMod="0" />
      <StaticTile TileID="1349" AltIDMod="0" />
      <StaticTile TileID="1350" AltIDMod="0" />
    </StaticTiles>
  </TransInfo>
  <TransInfo Description="Cave Entrance To Dungeon Cave Without Static" HashKey="12124A12124AFFFF4A">
    <MapTiles>
      <MapTile TileID="556" AltIDMod="23" />
      <MapTile TileID="557" AltIDMod="23" />
      <MapTile TileID="558" AltIDMod="23" />
      <MapTile TileID="559" AltIDMod="23" />
    </MapTiles>
    <StaticTiles />
  </TransInfo>
  <TransInfo Description="Cave Entrance To Dungeon Cave Without Static" HashKey="4A4A4A12FFFF14FFFF">
    <MapTiles>
      <MapTile TileID="474" AltIDMod="20" />
    </MapTiles>
    <StaticTiles>
      <StaticTile TileID="1354" AltIDMod="0" />
      <StaticTile TileID="1355" AltIDMod="0" />
      <StaticTile TileID="1356" AltIDMod="0" />
    </StaticTiles>
  </TransInfo>
  <TransInfo Description="Cave Entrance To Dungeon Cave Without Static" HashKey="4A12124A12124A4AFF">
    <MapTiles>
      <MapTile TileID="556" AltIDMod="5" />
      <MapTile TileID="557" AltIDMod="5" />
      <MapTile TileID="558" AltIDMod="5" />
      <MapTile TileID="559" AltIDMod="5" />
    </MapTiles>
    <StaticTiles />
  </TransInfo>
  <TransInfo Description="Cave Entrance To Dungeon Cave Without Static" HashKey="FF1414FF12124A4A4A">
    <MapTiles>
      <MapTile TileID="556" AltIDMod="23" />
      <MapTile TileID="557" AltIDMod="23" />
      <MapTile TileID="558" AltIDMod="23" />
      <MapTile TileID="559" AltIDMod="23" />
    </MapTiles>
    <StaticTiles />
  </TransInfo>
  <TransInfo Description="Cave Entrance To Dungeon Cave Without Static" HashKey="FF124AFF1212141414">
    <MapTiles>
      <MapTile TileID="556" AltIDMod="42" />
      <MapTile TileID="557" AltIDMod="42" />
      <MapTile TileID="558" AltIDMod="42" />
      <MapTile TileID="559" AltIDMod="42" />
    </MapTiles>
    <StaticTiles />
  </TransInfo>
  <TransInfo Description="Cave Entrance To Dungeon Cave Without Static" HashKey="FF12124A12124A1212">
    <MapTiles>
      <MapTile TileID="556" AltIDMod="5" />
      <MapTile TileID="557" AltIDMod="5" />
      <MapTile TileID="558" AltIDMod="5" />
      <MapTile TileID="559" AltIDMod="5" />
    </MapTiles>
    <StaticTiles />
  </TransInfo>
  <TransInfo Description="Cave Entrance To Dungeon Cave Without Static" HashKey="FF4A4A121212121212">
    <MapTiles>
      <MapTile TileID="556" AltIDMod="5" />
      <MapTile TileID="557" AltIDMod="5" />
      <MapTile TileID="558" AltIDMod="5" />
      <MapTile TileID="559" AltIDMod="5" />
    </MapTiles>
    <StaticTiles />
  </TransInfo>
  <TransInfo Description="Cave Entrance To Dungeon Cave Without Static" HashKey="FF124AFF1212141412">
    <MapTiles>
      <MapTile TileID="556" AltIDMod="42" />
      <MapTile TileID="557" AltIDMod="42" />
      <MapTile TileID="558" AltIDMod="42" />
      <MapTile TileID="559" AltIDMod="42" />
    </MapTiles>
    <StaticTiles />
  </TransInfo>
  <TransInfo Description="Cave Entrance To Dungeon Cave Without Static" HashKey="1212FF4A12FF4A4A4A">
    <MapTiles>
      <MapTile TileID="556" AltIDMod="23" />
      <MapTile TileID="557" AltIDMod="23" />
      <MapTile TileID="558" AltIDMod="23" />
      <MapTile TileID="559" AltIDMod="23" />
    </MapTiles>
    <StaticTiles />
  </TransInfo>
  <TransInfo Description="Cave Entrance To Dungeon Cave Without Static" HashKey="14FFFF12121212124A">
    <MapTiles>
      <MapTile TileID="556" AltIDMod="42" />
      <MapTile TileID="557" AltIDMod="42" />
      <MapTile TileID="558" AltIDMod="42" />
      <MapTile TileID="559" AltIDMod="42" />
    </MapTiles>
    <StaticTiles />
  </TransInfo>
  <TransInfo Description="Cave Entrance To Dungeon Cave Without Static" HashKey="4A1212121214FFFF14">
    <MapTiles>
      <MapTile TileID="556" AltIDMod="42" />
      <MapTile TileID="557" AltIDMod="42" />
      <MapTile TileID="558" AltIDMod="42" />
      <MapTile TileID="559" AltIDMod="42" />
    </MapTiles>
    <StaticTiles />
  </TransInfo>
  <TransInfo Description="Cave Entrance To Dungeon Cave Without Static" HashKey="4A4AFF4A12124A1212">
    <MapTiles>
      <MapTile TileID="556" AltIDMod="5" />
      <MapTile TileID="557" AltIDMod="5" />
      <MapTile TileID="558" AltIDMod="5" />
      <MapTile TileID="559" AltIDMod="5" />
    </MapTiles>
    <StaticTiles />
  </TransInfo>
  <TransInfo Description="Cave Entrance To Dungeon Cave Without Static" HashKey="121212FFFF4AFFFF4A">
    <MapTiles>
      <MapTile TileID="468" AltIDMod="20" />
    </MapTiles>
    <StaticTiles>
      <StaticTile TileID="1357" AltIDMod="0" />
      <StaticTile TileID="1358" AltIDMod="0" />
      <StaticTile TileID="1359" AltIDMod="0" />
    </StaticTiles>
  </TransInfo>
  <TransInfo Description="Cave Entrance To Dungeon Cave Without Static" HashKey="4AFFFF121212121212">
    <MapTiles>
      <MapTile TileID="556" AltIDMod="23" />
      <MapTile TileID="557" AltIDMod="23" />
      <MapTile TileID="558" AltIDMod="23" />
      <MapTile TileID="559" AltIDMod="23" />
    </MapTiles>
    <StaticTiles />
  </TransInfo>
  <TransInfo Description="Cave Entrance To Dungeon Cave Without Static" HashKey="4A1212FF1212FF1412">
    <MapTiles>
      <MapTile TileID="556" AltIDMod="23" />
      <MapTile TileID="557" AltIDMod="23" />
      <MapTile TileID="558" AltIDMod="23" />
      <MapTile TileID="559" AltIDMod="23" />
    </MapTiles>
    <StaticTiles />
  </TransInfo>
  <TransInfo Description="Cave Entrance To Dungeon Cave Without Static" HashKey="124A4A124A4A12FFFF">
    <MapTiles>
      <MapTile TileID="480" AltIDMod="0" />
    </MapTiles>
    <StaticTiles />
  </TransInfo>
  <TransInfo Description="Cave Entrance To Dungeon Cave Without Static" HashKey="FFFF4A121212121212">
    <MapTiles>
      <MapTile TileID="556" AltIDMod="23" />
      <MapTile TileID="557" AltIDMod="23" />
      <MapTile TileID="558" AltIDMod="23" />
      <MapTile TileID="559" AltIDMod="23" />
    </MapTiles>
    <StaticTiles />
  </TransInfo>
  <TransInfo Description="Cave Entrance To Dungeon Cave Without Static" HashKey="4A4AFF4A4A124A1212">
    <MapTiles>
      <MapTile TileID="581" AltIDMod="0" />
      <MapTile TileID="582" AltIDMod="0" />
      <MapTile TileID="583" AltIDMod="0" />
      <MapTile TileID="584" AltIDMod="0" />
    </MapTiles>
    <StaticTiles />
  </TransInfo>
  <TransInfo Description="Cave Entrance To Dungeon Cave Without Static" HashKey="FF12124A12124A4A4A">
    <MapTiles>
      <MapTile TileID="556" AltIDMod="5" />
      <MapTile TileID="557" AltIDMod="5" />
      <MapTile TileID="558" AltIDMod="5" />
      <MapTile TileID="559" AltIDMod="5" />
    </MapTiles>
    <StaticTiles />
  </TransInfo>
  <TransInfo Description="Cave Entrance To Dungeon Cave Without Static" HashKey="4A4A4A4A4A4A4A12FF">
    <MapTiles>
      <MapTile TileID="581" AltIDMod="0" />
      <MapTile TileID="582" AltIDMod="0" />
      <MapTile TileID="583" AltIDMod="0" />
      <MapTile TileID="584" AltIDMod="0" />
    </MapTiles>
    <StaticTiles />
  </TransInfo>
  <TransInfo Description="Cave Entrance To Dungeon Cave Without Static" HashKey="FF1414FF12124A1212">
    <MapTiles>
      <MapTile TileID="556" AltIDMod="23" />
      <MapTile TileID="557" AltIDMod="23" />
      <MapTile TileID="558" AltIDMod="23" />
      <MapTile TileID="559" AltIDMod="23" />
    </MapTiles>
    <StaticTiles />
  </TransInfo>
  <TransInfo Description="Cave Entrance To Dungeon Cave Without Static" HashKey="4AFFFF4AFFFF4AFFFF">
    <MapTiles>
      <MapTile TileID="475" AltIDMod="20" />
    </MapTiles>
    <StaticTiles>
      <StaticTile TileID="1339" AltIDMod="0" />
      <StaticTile TileID="1340" AltIDMod="0" />
      <StaticTile TileID="1341" AltIDMod="0" />
      <StaticTile TileID="1342" AltIDMod="0" />
      <StaticTile TileID="1343" AltIDMod="0" />
    </StaticTiles>
  </TransInfo>
  <TransInfo Description="Cave Entrance To Dungeon Cave Without Static" HashKey="4A4A12FF1212FF1414">
    <MapTiles>
      <MapTile TileID="556" AltIDMod="23" />
      <MapTile TileID="557" AltIDMod="23" />
      <MapTile TileID="558" AltIDMod="23" />
      <MapTile TileID="559" AltIDMod="23" />
    </MapTiles>
    <StaticTiles />
  </TransInfo>
  <TransInfo Description="Cave Entrance To Dungeon Cave Without Static" HashKey="12FFFF12FFFF124A4A">
    <MapTiles>
      <MapTile TileID="474" AltIDMod="20" />
    </MapTiles>
    <StaticTiles>
      <StaticTile TileID="1354" AltIDMod="0" />
      <StaticTile TileID="1355" AltIDMod="0" />
      <StaticTile TileID="1356" AltIDMod="0" />
    </StaticTiles>
  </TransInfo>
  <TransInfo Description="Cave Entrance To Dungeon Cave Without Static" HashKey="1212FF124A4A124A4A">
    <MapTiles>
      <MapTile TileID="581" AltIDMod="0" />
      <MapTile TileID="582" AltIDMod="0" />
      <MapTile TileID="583" AltIDMod="0" />
      <MapTile TileID="584" AltIDMod="0" />
    </MapTiles>
    <StaticTiles />
  </TransInfo>
  <TransInfo Description="Cave Entrance To Dungeon Cave Without Static" HashKey="4A4A12FF1212FF1412">
    <MapTiles>
      <MapTile TileID="556" AltIDMod="23" />
      <MapTile TileID="557" AltIDMod="23" />
      <MapTile TileID="558" AltIDMod="23" />
      <MapTile TileID="559" AltIDMod="23" />
    </MapTiles>
    <StaticTiles />
  </TransInfo>
  <TransInfo Description="Cave Entrance To Dungeon Cave Without Static" HashKey="FFFF4A141212121212">
    <MapTiles>
      <MapTile TileID="556" AltIDMod="23" />
      <MapTile TileID="557" AltIDMod="23" />
      <MapTile TileID="558" AltIDMod="23" />
      <MapTile TileID="559" AltIDMod="23" />
    </MapTiles>
    <StaticTiles />
  </TransInfo>
  <TransInfo Description="Cave Entrance To Dungeon Cave Without Static" HashKey="121212121212FF4A4A">
    <MapTiles>
      <MapTile TileID="556" AltIDMod="5" />
      <MapTile TileID="557" AltIDMod="5" />
      <MapTile TileID="558" AltIDMod="5" />
      <MapTile TileID="559" AltIDMod="5" />
    </MapTiles>
    <StaticTiles />
  </TransInfo>
  <TransInfo Description="Cave Entrance To Dungeon Cave Without Static" HashKey="4AFFFF4A12124A1212">
    <MapTiles>
      <MapTile TileID="556" AltIDMod="23" />
      <MapTile TileID="557" AltIDMod="23" />
      <MapTile TileID="558" AltIDMod="23" />
      <MapTile TileID="559" AltIDMod="23" />
    </MapTiles>
    <StaticTiles />
  </TransInfo>
  <TransInfo Description="Cave Entrance To Dungeon Cave Without Static" HashKey="1212FF1212FF12124A">
    <MapTiles>
      <MapTile TileID="556" AltIDMod="23" />
      <MapTile TileID="557" AltIDMod="23" />
      <MapTile TileID="558" AltIDMod="23" />
      <MapTile TileID="559" AltIDMod="23" />
    </MapTiles>
    <StaticTiles />
  </TransInfo>
  <TransInfo Description="Cave Entrance To Dungeon Cave Without Static" HashKey="4AFFFF4A12124A4A12">
    <MapTiles>
      <MapTile TileID="556" AltIDMod="23" />
      <MapTile TileID="557" AltIDMod="23" />
      <MapTile TileID="558" AltIDMod="23" />
      <MapTile TileID="559" AltIDMod="23" />
    </MapTiles>
    <StaticTiles />
  </TransInfo>
  <TransInfo Description="Cave Entrance To Dungeon Cave Without Static" HashKey="FFFFFF4A4A4A4A4A4A">
    <MapTiles>
      <MapTile TileID="476" AltIDMod="0" />
    </MapTiles>
    <StaticTiles />
  </TransInfo>
  <TransInfo Description="Cave Entrance To Dungeon Cave Without Static" HashKey="4A4A4AFFFFFFFFFFFF">
    <MapTiles>
      <MapTile TileID="475" AltIDMod="20" />
    </MapTiles>
    <StaticTiles>
      <StaticTile TileID="1339" AltIDMod="0" />
      <StaticTile TileID="1340" AltIDMod="0" />
      <StaticTile TileID="1341" AltIDMod="0" />
      <StaticTile TileID="1342" AltIDMod="0" />
      <StaticTile TileID="1343" AltIDMod="0" />
    </StaticTiles>
  </TransInfo>
  <TransInfo Description="Cave Entrance To Dungeon Cave Without Static" HashKey="141414FF1212FF124A">
    <MapTiles>
      <MapTile TileID="556" AltIDMod="42" />
      <MapTile TileID="557" AltIDMod="42" />
      <MapTile TileID="558" AltIDMod="42" />
      <MapTile TileID="559" AltIDMod="42" />
    </MapTiles>
    <StaticTiles />
  </TransInfo>
  <TransInfo Description="Cave Entrance To Dungeon Cave Without Static" HashKey="14FFFF14121212124A">
    <MapTiles>
      <MapTile TileID="556" AltIDMod="42" />
      <MapTile TileID="557" AltIDMod="42" />
      <MapTile TileID="558" AltIDMod="42" />
      <MapTile TileID="559" AltIDMod="42" />
    </MapTiles>
    <StaticTiles />
  </TransInfo>
  <TransInfo Description="Cave Entrance To Dungeon Cave Without Static" HashKey="4A4AFF4A4AFF121212">
    <MapTiles>
      <MapTile TileID="482" AltIDMod="0" />
    </MapTiles>
    <StaticTiles />
  </TransInfo>
  <TransInfo Description="Cave Entrance To Dungeon Cave Without Static" HashKey="1212141212FF4A12FF">
    <MapTiles>
      <MapTile TileID="556" AltIDMod="42" />
      <MapTile TileID="557" AltIDMod="42" />
      <MapTile TileID="558" AltIDMod="42" />
      <MapTile TileID="559" AltIDMod="42" />
    </MapTiles>
    <StaticTiles />
  </TransInfo>
  <TransInfo Description="Cave Entrance To Dungeon Cave Without Static" HashKey="FFFF141212144A1212">
    <MapTiles>
      <MapTile TileID="556" AltIDMod="42" />
      <MapTile TileID="557" AltIDMod="42" />
      <MapTile TileID="558" AltIDMod="42" />
      <MapTile TileID="559" AltIDMod="42" />
    </MapTiles>
    <StaticTiles />
  </TransInfo>
  <TransInfo Description="Cave Entrance To Dungeon Cave Without Static" HashKey="FF1212FF124A4A4A4A">
    <MapTiles>
      <MapTile TileID="556" AltIDMod="23" />
      <MapTile TileID="557" AltIDMod="23" />
      <MapTile TileID="558" AltIDMod="23" />
      <MapTile TileID="559" AltIDMod="23" />
    </MapTiles>
    <StaticTiles />
  </TransInfo>
  <TransInfo Description="Cave Entrance To Dungeon Cave Without Static" HashKey="FFFF12FFFF124A4A12">
    <MapTiles>
      <MapTile TileID="470" AltIDMod="20" />
    </MapTiles>
    <StaticTiles>
      <StaticTile TileID="1348" AltIDMod="0" />
      <StaticTile TileID="1349" AltIDMod="0" />
      <StaticTile TileID="1350" AltIDMod="0" />
    </StaticTiles>
  </TransInfo>
  <TransInfo Description="Cave Entrance To Dungeon Cave Without Static" HashKey="1212FF12124A124A4A">
    <MapTiles>
      <MapTile TileID="556" AltIDMod="5" />
      <MapTile TileID="557" AltIDMod="5" />
      <MapTile TileID="558" AltIDMod="5" />
      <MapTile TileID="559" AltIDMod="5" />
    </MapTiles>
    <StaticTiles />
  </TransInfo>
  <TransInfo Description="Cave Entrance To Dungeon Cave Without Static" HashKey="141212141212FFFF4A">
    <MapTiles>
      <MapTile TileID="556" AltIDMod="23" />
      <MapTile TileID="557" AltIDMod="23" />
      <MapTile TileID="558" AltIDMod="23" />
      <MapTile TileID="559" AltIDMod="23" />
    </MapTiles>
    <StaticTiles />
  </TransInfo>
  <TransInfo Description="Cave Entrance To Dungeon Cave Without Static" HashKey="121212124A4AFF4A4A">
    <MapTiles>
      <MapTile TileID="581" AltIDMod="0" />
      <MapTile TileID="582" AltIDMod="0" />
      <MapTile TileID="583" AltIDMod="0" />
      <MapTile TileID="584" AltIDMod="0" />
    </MapTiles>
    <StaticTiles />
  </TransInfo>
  <TransInfo Description="Cave Entrance To Dungeon Cave Without Static" HashKey="1212FF4A4A4A4A4A4A">
    <MapTiles>
      <MapTile TileID="581" AltIDMod="0" />
      <MapTile TileID="582" AltIDMod="0" />
      <MapTile TileID="583" AltIDMod="0" />
      <MapTile TileID="584" AltIDMod="0" />
    </MapTiles>
    <StaticTiles />
  </TransInfo>
  <TransInfo Description="Cave Entrance To Dungeon Cave Without Static" HashKey="4A4A4A1212FF1214FF">
    <MapTiles>
      <MapTile TileID="556" AltIDMod="23" />
      <MapTile TileID="557" AltIDMod="23" />
      <MapTile TileID="558" AltIDMod="23" />
      <MapTile TileID="559" AltIDMod="23" />
    </MapTiles>
    <StaticTiles />
  </TransInfo>
  <TransInfo Description="Cave Entrance To Dungeon Cave Without Static" HashKey="FFFF14FFFF124A4A4A">
    <MapTiles>
      <MapTile TileID="470" AltIDMod="20" />
    </MapTiles>
    <StaticTiles>
      <StaticTile TileID="1348" AltIDMod="0" />
      <StaticTile TileID="1349" AltIDMod="0" />
      <StaticTile TileID="1350" AltIDMod="0" />
    </StaticTiles>
  </TransInfo>
  <TransInfo Description="Cave Entrance To Dungeon Cave Without Static" HashKey="4A4AFF4A4A12121212">
    <MapTiles>
      <MapTile TileID="581" AltIDMod="0" />
      <MapTile TileID="582" AltIDMod="0" />
      <MapTile TileID="583" AltIDMod="0" />
      <MapTile TileID="584" AltIDMod="0" />
    </MapTiles>
    <StaticTiles />
  </TransInfo>
  <TransInfo Description="Cave Entrance To Dungeon Cave Without Static" HashKey="12FFFF4A4A4A4A4A4A">
    <MapTiles>
      <MapTile TileID="482" AltIDMod="0" />
    </MapTiles>
    <StaticTiles />
  </TransInfo>
  <TransInfo Description="Cave Entrance To Dungeon Cave Without Static" HashKey="14FFFF14121214124A">
    <MapTiles>
      <MapTile TileID="556" AltIDMod="42" />
      <MapTile TileID="557" AltIDMod="42" />
      <MapTile TileID="558" AltIDMod="42" />
      <MapTile TileID="559" AltIDMod="42" />
    </MapTiles>
    <StaticTiles />
  </TransInfo>
  <TransInfo Description="Cave Entrance To Dungeon Cave Without Static" HashKey="4A4A124A4AFF4A4AFF">
    <MapTiles>
      <MapTile TileID="480" AltIDMod="0" />
    </MapTiles>
    <StaticTiles />
  </TransInfo>
  <TransInfo Description="Cave Entrance To Dungeon Cave Without Static" HashKey="4A4A4A12124A1212FF">
    <MapTiles>
      <MapTile TileID="556" AltIDMod="5" />
      <MapTile TileID="557" AltIDMod="5" />
      <MapTile TileID="558" AltIDMod="5" />
      <MapTile TileID="559" AltIDMod="5" />
    </MapTiles>
    <StaticTiles />
  </TransInfo>
  <TransInfo Description="Cave Entrance To Dungeon Cave Without Static" HashKey="4A1212FF1212FF1212">
    <MapTiles>
      <MapTile TileID="556" AltIDMod="23" />
      <MapTile TileID="557" AltIDMod="23" />
      <MapTile TileID="558" AltIDMod="23" />
      <MapTile TileID="559" AltIDMod="23" />
    </MapTiles>
    <StaticTiles />
  </TransInfo>
  <TransInfo Description="Cave Entrance To Dungeon Cave Without Static" HashKey="141212FFFF4AFFFF4A">
    <MapTiles>
      <MapTile TileID="468" AltIDMod="20" />
    </MapTiles>
    <StaticTiles>
      <StaticTile TileID="1357" AltIDMod="0" />
      <StaticTile TileID="1358" AltIDMod="0" />
      <StaticTile TileID="1359" AltIDMod="0" />
    </StaticTiles>
  </TransInfo>
  <TransInfo Description="Cave Entrance To Dungeon Cave Without Static" HashKey="1212121212124AFFFF">
    <MapTiles>
      <MapTile TileID="556" AltIDMod="23" />
      <MapTile TileID="557" AltIDMod="23" />
      <MapTile TileID="558" AltIDMod="23" />
      <MapTile TileID="559" AltIDMod="23" />
    </MapTiles>
    <StaticTiles />
  </TransInfo>
  <TransInfo Description="Cave Entrance To Dungeon Cave Without Static" HashKey="12124A1212FF1212FF">
    <MapTiles>
      <MapTile TileID="556" AltIDMod="23" />
      <MapTile TileID="557" AltIDMod="23" />
      <MapTile TileID="558" AltIDMod="23" />
      <MapTile TileID="559" AltIDMod="23" />
    </MapTiles>
    <StaticTiles />
  </TransInfo>
  <TransInfo Description="Cave Entrance To Dungeon Cave Without Static" HashKey="FFFF12FFFF124A4A4A">
    <MapTiles>
      <MapTile TileID="470" AltIDMod="20" />
    </MapTiles>
    <StaticTiles>
      <StaticTile TileID="1348" AltIDMod="0" />
      <StaticTile TileID="1349" AltIDMod="0" />
      <StaticTile TileID="1350" AltIDMod="0" />
    </StaticTiles>
  </TransInfo>
  <TransInfo Description="Cave Entrance To Dungeon Cave Without Static" HashKey="124A4A12124A1212FF">
    <MapTiles>
      <MapTile TileID="556" AltIDMod="5" />
      <MapTile TileID="557" AltIDMod="5" />
      <MapTile TileID="558" AltIDMod="5" />
      <MapTile TileID="559" AltIDMod="5" />
    </MapTiles>
    <StaticTiles />
  </TransInfo>
  <TransInfo Description="Cave Entrance To Dungeon Cave Without Static" HashKey="FFFF4A141212141212">
    <MapTiles>
      <MapTile TileID="556" AltIDMod="23" />
      <MapTile TileID="557" AltIDMod="23" />
      <MapTile TileID="558" AltIDMod="23" />
      <MapTile TileID="559" AltIDMod="23" />
    </MapTiles>
    <StaticTiles />
  </TransInfo>
  <TransInfo Description="Cave Entrance To Dungeon Cave Without Static" HashKey="4A4AFF4A1212121212">
    <MapTiles>
      <MapTile TileID="556" AltIDMod="5" />
      <MapTile TileID="557" AltIDMod="5" />
      <MapTile TileID="558" AltIDMod="5" />
      <MapTile TileID="559" AltIDMod="5" />
    </MapTiles>
    <StaticTiles />
  </TransInfo>
  <TransInfo Description="Cave Entrance To Dungeon Cave Without Static" HashKey="12124A14124AFFFF4A">
    <MapTiles>
      <MapTile TileID="556" AltIDMod="23" />
      <MapTile TileID="557" AltIDMod="23" />
      <MapTile TileID="558" AltIDMod="23" />
      <MapTile TileID="559" AltIDMod="23" />
    </MapTiles>
    <StaticTiles />
  </TransInfo>
  <TransInfo Description="Cave Entrance To Dungeon Cave Without Static" HashKey="1212124A4AFF4A4AFF">
    <MapTiles>
      <MapTile TileID="480" AltIDMod="0" />
    </MapTiles>
    <StaticTiles />
  </TransInfo>
  <TransInfo Description="Cave Entrance To Dungeon Cave Without Static" HashKey="FFFF141212124A1212">
    <MapTiles>
      <MapTile TileID="556" AltIDMod="42" />
      <MapTile TileID="557" AltIDMod="42" />
      <MapTile TileID="558" AltIDMod="42" />
      <MapTile TileID="559" AltIDMod="42" />
    </MapTiles>
    <StaticTiles />
  </TransInfo>
  <TransInfo Description="Cave Entrance To Dungeon Cave Without Static" HashKey="12FFFF12FFFF4A4A4A">
    <MapTiles>
      <MapTile TileID="474" AltIDMod="20" />
    </MapTiles>
    <StaticTiles>
      <StaticTile TileID="1354" AltIDMod="0" />
      <StaticTile TileID="1355" AltIDMod="0" />
      <StaticTile TileID="1356" AltIDMod="0" />
    </StaticTiles>
  </TransInfo>
  <TransInfo Description="Cave Entrance To Dungeon Cave Without Static" HashKey="124A4A124A4AFF4A4A">
    <MapTiles>
      <MapTile TileID="581" AltIDMod="0" />
      <MapTile TileID="582" AltIDMod="0" />
      <MapTile TileID="583" AltIDMod="0" />
      <MapTile TileID="584" AltIDMod="0" />
    </MapTiles>
    <StaticTiles />
  </TransInfo>
  <TransInfo Description="Cave Entrance To Dungeon Cave Without Static" HashKey="1212144A12144AFFFF">
    <MapTiles>
      <MapTile TileID="556" AltIDMod="23" />
      <MapTile TileID="557" AltIDMod="23" />
      <MapTile TileID="558" AltIDMod="23" />
      <MapTile TileID="559" AltIDMod="23" />
    </MapTiles>
    <StaticTiles />
  </TransInfo>
  <TransInfo Description="Cave Entrance To Dungeon Cave Without Static" HashKey="FF4A4A124A4A124A4A">
    <MapTiles>
      <MapTile TileID="581" AltIDMod="0" />
      <MapTile TileID="582" AltIDMod="0" />
      <MapTile TileID="583" AltIDMod="0" />
      <MapTile TileID="584" AltIDMod="0" />
    </MapTiles>
    <StaticTiles />
  </TransInfo>
  <TransInfo Description="Cave Entrance To Dungeon Cave Without Static" HashKey="4A12144A12144AFFFF">
    <MapTiles>
      <MapTile TileID="556" AltIDMod="23" />
      <MapTile TileID="557" AltIDMod="23" />
      <MapTile TileID="558" AltIDMod="23" />
      <MapTile TileID="559" AltIDMod="23" />
    </MapTiles>
    <StaticTiles />
  </TransInfo>
  <TransInfo Description="Cave Entrance To Dungeon Cave Without Static" HashKey="4A4A4AFF1212FF1412">
    <MapTiles>
      <MapTile TileID="556" AltIDMod="23" />
      <MapTile TileID="557" AltIDMod="23" />
      <MapTile TileID="558" AltIDMod="23" />
      <MapTile TileID="559" AltIDMod="23" />
    </MapTiles>
    <StaticTiles />
  </TransInfo>
  <TransInfo Description="Cave Entrance To Dungeon Cave Without Static" HashKey="4A4A4A4A4A4AFF124A">
    <MapTiles>
      <MapTile TileID="581" AltIDMod="0" />
      <MapTile TileID="582" AltIDMod="0" />
      <MapTile TileID="583" AltIDMod="0" />
      <MapTile TileID="584" AltIDMod="0" />
    </MapTiles>
    <StaticTiles />
  </TransInfo>
  <TransInfo Description="Cave Entrance To Dungeon Cave Without Static" HashKey="4A4A4A1212FF1414FF">
    <MapTiles>
      <MapTile TileID="556" AltIDMod="23" />
      <MapTile TileID="557" AltIDMod="23" />
      <MapTile TileID="558" AltIDMod="23" />
      <MapTile TileID="559" AltIDMod="23" />
    </MapTiles>
    <StaticTiles />
  </TransInfo>
  <TransInfo Description="Cave Entrance To Dungeon Cave Without Static" HashKey="12FFFF124A4A4A4A4A">
    <MapTiles>
      <MapTile TileID="482" AltIDMod="0" />
    </MapTiles>
    <StaticTiles />
  </TransInfo>
  <TransInfo Description="Cave Entrance To Dungeon Cave Without Static" HashKey="12121212124AFFFF4A">
    <MapTiles>
      <MapTile TileID="556" AltIDMod="23" />
      <MapTile TileID="557" AltIDMod="23" />
      <MapTile TileID="558" AltIDMod="23" />
      <MapTile TileID="559" AltIDMod="23" />
    </MapTiles>
    <StaticTiles />
  </TransInfo>
  <TransInfo Description="Cave Entrance To Dungeon Cave Without Static" HashKey="4A4A4AFF1212FF1414">
    <MapTiles>
      <MapTile TileID="556" AltIDMod="23" />
      <MapTile TileID="557" AltIDMod="23" />
      <MapTile TileID="558" AltIDMod="23" />
      <MapTile TileID="559" AltIDMod="23" />
    </MapTiles>
    <StaticTiles />
  </TransInfo>
  <TransInfo Description="Cave Entrance To Dungeon Cave Without Static" HashKey="FFFF4AFFFF4A121212">
    <MapTiles>
      <MapTile TileID="472" AltIDMod="20" />
    </MapTiles>
    <StaticTiles>
      <StaticTile TileID="1345" AltIDMod="0" />
      <StaticTile TileID="1346" AltIDMod="0" />
      <StaticTile TileID="1347" AltIDMod="0" />
    </StaticTiles>
  </TransInfo>
  <TransInfo Description="Cave Entrance To Dungeon Cave Without Static" HashKey="FF12124A12124A4A12">
    <MapTiles>
      <MapTile TileID="556" AltIDMod="5" />
      <MapTile TileID="557" AltIDMod="5" />
      <MapTile TileID="558" AltIDMod="5" />
      <MapTile TileID="559" AltIDMod="5" />
    </MapTiles>
    <StaticTiles />
  </TransInfo>
  <TransInfo Description="Cave Entrance To Dungeon Cave Without Static" HashKey="FF4A4AFF4A4A121212">
    <MapTiles>
      <MapTile TileID="481" AltIDMod="0" />
    </MapTiles>
    <StaticTiles />
  </TransInfo>
  <TransInfo Description="Cave Entrance To Dungeon Cave Without Static" HashKey="12124A14121214FFFF">
    <MapTiles>
      <MapTile TileID="556" AltIDMod="42" />
      <MapTile TileID="557" AltIDMod="42" />
      <MapTile TileID="558" AltIDMod="42" />
      <MapTile TileID="559" AltIDMod="42" />
    </MapTiles>
    <StaticTiles />
  </TransInfo>
  <TransInfo Description="Cave Entrance To Dungeon Cave Without Static" HashKey="4AFFFF4A1214121214">
    <MapTiles>
      <MapTile TileID="556" AltIDMod="23" />
      <MapTile TileID="557" AltIDMod="23" />
      <MapTile TileID="558" AltIDMod="23" />
      <MapTile TileID="559" AltIDMod="23" />
    </MapTiles>
    <StaticTiles />
  </TransInfo>
  <TransInfo Description="Cave Entrance To Dungeon Cave Without Static" HashKey="4AFFFF4A1214121212">
    <MapTiles>
      <MapTile TileID="556" AltIDMod="23" />
      <MapTile TileID="557" AltIDMod="23" />
      <MapTile TileID="558" AltIDMod="23" />
      <MapTile TileID="559" AltIDMod="23" />
    </MapTiles>
    <StaticTiles />
  </TransInfo>
  <TransInfo Description="Cave Entrance To Dungeon Cave Without Static" HashKey="4A4A4A4A4A124A4AFF">
    <MapTiles>
      <MapTile TileID="581" AltIDMod="0" />
      <MapTile TileID="582" AltIDMod="0" />
      <MapTile TileID="583" AltIDMod="0" />
      <MapTile TileID="584" AltIDMod="0" />
    </MapTiles>
    <StaticTiles />
  </TransInfo>
  <TransInfo Description="Cave Entrance To Dungeon Cave Without Static" HashKey="FFFF14FFFF124A4A12">
    <MapTiles>
      <MapTile TileID="470" AltIDMod="20" />
    </MapTiles>
    <StaticTiles>
      <StaticTile TileID="1348" AltIDMod="0" />
      <StaticTile TileID="1349" AltIDMod="0" />
      <StaticTile TileID="1350" AltIDMod="0" />
    </StaticTiles>
  </TransInfo>
  <TransInfo Description="Cave Entrance To Dungeon Cave Without Static" HashKey="4A4A4A4A4A4AFF1212">
    <MapTiles>
      <MapTile TileID="581" AltIDMod="0" />
      <MapTile TileID="582" AltIDMod="0" />
      <MapTile TileID="583" AltIDMod="0" />
      <MapTile TileID="584" AltIDMod="0" />
    </MapTiles>
    <StaticTiles />
  </TransInfo>
  <TransInfo Description="Cave Entrance To Dungeon Cave Without Static" HashKey="1212FF1212FF124A4A">
    <MapTiles>
      <MapTile TileID="556" AltIDMod="23" />
      <MapTile TileID="557" AltIDMod="23" />
      <MapTile TileID="558" AltIDMod="23" />
      <MapTile TileID="559" AltIDMod="23" />
    </MapTiles>
    <StaticTiles />
  </TransInfo>
  <TransInfo Description="Cave Entrance To Dungeon Cave Without Static" HashKey="4A12124A12144AFFFF">
    <MapTiles>
      <MapTile TileID="556" AltIDMod="23" />
      <MapTile TileID="557" AltIDMod="23" />
      <MapTile TileID="558" AltIDMod="23" />
      <MapTile TileID="559" AltIDMod="23" />
    </MapTiles>
    <StaticTiles />
  </TransInfo>
  <TransInfo Description="Cave Entrance To Dungeon Cave Without Static" HashKey="4A12FF4A4A4A4A4A4A">
    <MapTiles>
      <MapTile TileID="581" AltIDMod="0" />
      <MapTile TileID="582" AltIDMod="0" />
      <MapTile TileID="583" AltIDMod="0" />
      <MapTile TileID="584" AltIDMod="0" />
    </MapTiles>
    <StaticTiles />
  </TransInfo>
  <TransInfo Description="Cave Entrance To Dungeon Cave Without Static" HashKey="14121214124AFFFF4A">
    <MapTiles>
      <MapTile TileID="556" AltIDMod="23" />
      <MapTile TileID="557" AltIDMod="23" />
      <MapTile TileID="558" AltIDMod="23" />
      <MapTile TileID="559" AltIDMod="23" />
    </MapTiles>
    <StaticTiles />
  </TransInfo>
  <TransInfo Description="Cave Entrance To Dungeon Cave Without Static" HashKey="1214FF1212FF4A4A4A">
    <MapTiles>
      <MapTile TileID="556" AltIDMod="23" />
      <MapTile TileID="557" AltIDMod="23" />
      <MapTile TileID="558" AltIDMod="23" />
      <MapTile TileID="559" AltIDMod="23" />
    </MapTiles>
    <StaticTiles />
  </TransInfo>
  <TransInfo Description="Cave Entrance To Dungeon Cave Without Static" HashKey="4A4A12FFFF12FFFF12">
    <MapTiles>
      <MapTile TileID="470" AltIDMod="20" />
    </MapTiles>
    <StaticTiles>
      <StaticTile TileID="1348" AltIDMod="0" />
      <StaticTile TileID="1349" AltIDMod="0" />
      <StaticTile TileID="1350" AltIDMod="0" />
    </StaticTiles>
  </TransInfo>
  <TransInfo Description="Cave Entrance To Dungeon Cave Without Static" HashKey="4A4AFF121212121212">
    <MapTiles>
      <MapTile TileID="556" AltIDMod="5" />
      <MapTile TileID="557" AltIDMod="5" />
      <MapTile TileID="558" AltIDMod="5" />
      <MapTile TileID="559" AltIDMod="5" />
    </MapTiles>
    <StaticTiles />
  </TransInfo>
  <TransInfo Description="Cave Entrance To Dungeon Cave Without Static" HashKey="FF124A4A4A4A4A4A4A">
    <MapTiles>
      <MapTile TileID="581" AltIDMod="0" />
      <MapTile TileID="582" AltIDMod="0" />
      <MapTile TileID="583" AltIDMod="0" />
      <MapTile TileID="584" AltIDMod="0" />
    </MapTiles>
    <StaticTiles />
  </TransInfo>
  <TransInfo Description="Cave Entrance To Dungeon Cave Without Static" HashKey="4A4A12FFFF12FFFF14">
    <MapTiles>
      <MapTile TileID="470" AltIDMod="20" />
    </MapTiles>
    <StaticTiles>
      <StaticTile TileID="1348" AltIDMod="0" />
      <StaticTile TileID="1349" AltIDMod="0" />
      <StaticTile TileID="1350" AltIDMod="0" />
    </StaticTiles>
  </TransInfo>
  <TransInfo Description="Cave Entrance To Dungeon Cave Without Static" HashKey="4A4A4A4A4A4AFFFF12">
    <MapTiles>
      <MapTile TileID="483" AltIDMod="0" />
    </MapTiles>
    <StaticTiles />
  </TransInfo>
  <TransInfo Description="Cave Entrance To Dungeon Cave Without Static" HashKey="FFFF4A12124A121212">
    <MapTiles>
      <MapTile TileID="556" AltIDMod="23" />
      <MapTile TileID="557" AltIDMod="23" />
      <MapTile TileID="558" AltIDMod="23" />
      <MapTile TileID="559" AltIDMod="23" />
    </MapTiles>
    <StaticTiles />
  </TransInfo>
  <TransInfo Description="Cave Entrance To Dungeon Cave Without Static" HashKey="FFFF124A4A4A4A4A4A">
    <MapTiles>
      <MapTile TileID="481" AltIDMod="0" />
    </MapTiles>
    <StaticTiles />
  </TransInfo>
  <TransInfo Description="Cave Entrance To Dungeon Cave Without Static" HashKey="FFFF4AFFFF4A141212">
    <MapTiles>
      <MapTile TileID="472" AltIDMod="20" />
    </MapTiles>
    <StaticTiles>
      <StaticTile TileID="1345" AltIDMod="0" />
      <StaticTile TileID="1346" AltIDMod="0" />
      <StaticTile TileID="1347" AltIDMod="0" />
    </StaticTiles>
  </TransInfo>
  <TransInfo Description="Cave Entrance To Dungeon Cave Without Static" HashKey="FF4A4A124A4A4A4A4A">
    <MapTiles>
      <MapTile TileID="581" AltIDMod="0" />
      <MapTile TileID="582" AltIDMod="0" />
      <MapTile TileID="583" AltIDMod="0" />
      <MapTile TileID="584" AltIDMod="0" />
    </MapTiles>
    <StaticTiles />
  </TransInfo>
  <TransInfo Description="Cave Entrance To Dungeon Cave Without Static" HashKey="FFFF141212144A1214">
    <MapTiles>
      <MapTile TileID="556" AltIDMod="42" />
      <MapTile TileID="557" AltIDMod="42" />
      <MapTile TileID="558" AltIDMod="42" />
      <MapTile TileID="559" AltIDMod="42" />
    </MapTiles>
    <StaticTiles />
  </TransInfo>
  <TransInfo Description="Cave Entrance To Dungeon Cave Without Static" HashKey="FF4A4AFF4A4A12124A">
    <MapTiles>
      <MapTile TileID="481" AltIDMod="0" />
    </MapTiles>
    <StaticTiles />
  </TransInfo>
  <TransInfo Description="Cave Entrance To Dungeon Cave Without Static" HashKey="14FFFF12FFFF4A4A4A">
    <MapTiles>
      <MapTile TileID="474" AltIDMod="20" />
    </MapTiles>
    <StaticTiles>
      <StaticTile TileID="1354" AltIDMod="0" />
      <StaticTile TileID="1355" AltIDMod="0" />
      <StaticTile TileID="1356" AltIDMod="0" />
    </StaticTiles>
  </TransInfo>
  <TransInfo Description="Cave Entrance To Dungeon Cave Without Static" HashKey="4A4A4A4A12FF1212FF">
    <MapTiles>
      <MapTile TileID="556" AltIDMod="23" />
      <MapTile TileID="557" AltIDMod="23" />
      <MapTile TileID="558" AltIDMod="23" />
      <MapTile TileID="559" AltIDMod="23" />
    </MapTiles>
    <StaticTiles />
  </TransInfo>
  <TransInfo Description="Cave Entrance To Dungeon Cave Without Static" HashKey="1214141212FF4A12FF">
    <MapTiles>
      <MapTile TileID="556" AltIDMod="42" />
      <MapTile TileID="557" AltIDMod="42" />
      <MapTile TileID="558" AltIDMod="42" />
      <MapTile TileID="559" AltIDMod="42" />
    </MapTiles>
    <StaticTiles />
  </TransInfo>
  <TransInfo Description="Cave Entrance To Dungeon Cave Without Static" HashKey="12121212124AFF4A4A">
    <MapTiles>
      <MapTile TileID="556" AltIDMod="5" />
      <MapTile TileID="557" AltIDMod="5" />
      <MapTile TileID="558" AltIDMod="5" />
      <MapTile TileID="559" AltIDMod="5" />
    </MapTiles>
    <StaticTiles />
  </TransInfo>
  <TransInfo Description="Cave Entrance To Dungeon Cave Without Static" HashKey="FF12124A4A4A4A4A4A">
    <MapTiles>
      <MapTile TileID="581" AltIDMod="0" />
      <MapTile TileID="582" AltIDMod="0" />
      <MapTile TileID="583" AltIDMod="0" />
      <MapTile TileID="584" AltIDMod="0" />
    </MapTiles>
    <StaticTiles />
  </TransInfo>
  <TransInfo Description="Cave Entrance To Dungeon Cave Without Static" HashKey="4AFFFF4AFFFF4A1214">
    <MapTiles>
      <MapTile TileID="472" AltIDMod="20" />
    </MapTiles>
    <StaticTiles>
      <StaticTile TileID="1345" AltIDMod="0" />
      <StaticTile TileID="1346" AltIDMod="0" />
      <StaticTile TileID="1347" AltIDMod="0" />
    </StaticTiles>
  </TransInfo>
  <TransInfo Description="Cave Entrance To Dungeon Cave Without Static" HashKey="4A4A124A12124AFFFF">
    <MapTiles>
      <MapTile TileID="556" AltIDMod="23" />
      <MapTile TileID="557" AltIDMod="23" />
      <MapTile TileID="558" AltIDMod="23" />
      <MapTile TileID="559" AltIDMod="23" />
    </MapTiles>
    <StaticTiles />
  </TransInfo>
  <TransInfo Description="Cave Entrance To Dungeon Cave Without Static" HashKey="1212124A12144AFFFF">
    <MapTiles>
      <MapTile TileID="556" AltIDMod="23" />
      <MapTile TileID="557" AltIDMod="23" />
      <MapTile TileID="558" AltIDMod="23" />
      <MapTile TileID="559" AltIDMod="23" />
    </MapTiles>
    <StaticTiles />
  </TransInfo>
  <TransInfo Description="Cave Entrance To Dungeon Cave Without Static" HashKey="1212141212144AFFFF">
    <MapTiles>
      <MapTile TileID="556" AltIDMod="23" />
      <MapTile TileID="557" AltIDMod="23" />
      <MapTile TileID="558" AltIDMod="23" />
      <MapTile TileID="559" AltIDMod="23" />
    </MapTiles>
    <StaticTiles />
  </TransInfo>
  <TransInfo Description="Cave Entrance To Dungeon Cave Without Static" HashKey="FFFF4AFFFF4A14124A">
    <MapTiles>
      <MapTile TileID="472" AltIDMod="20" />
    </MapTiles>
    <StaticTiles>
      <StaticTile TileID="1345" AltIDMod="0" />
      <StaticTile TileID="1346" AltIDMod="0" />
      <StaticTile TileID="1347" AltIDMod="0" />
    </StaticTiles>
  </TransInfo>
  <TransInfo Description="Cave Entrance To Dungeon Cave Without Static" HashKey="FF4A4A12124A121212">
    <MapTiles>
      <MapTile TileID="556" AltIDMod="5" />
      <MapTile TileID="557" AltIDMod="5" />
      <MapTile TileID="558" AltIDMod="5" />
      <MapTile TileID="559" AltIDMod="5" />
    </MapTiles>
    <StaticTiles />
  </TransInfo>
  <TransInfo Description="Cave Entrance To Dungeon Cave Without Static" HashKey="12124AFFFF4AFFFF4A">
    <MapTiles>
      <MapTile TileID="468" AltIDMod="20" />
    </MapTiles>
    <StaticTiles>
      <StaticTile TileID="1357" AltIDMod="0" />
      <StaticTile TileID="1358" AltIDMod="0" />
      <StaticTile TileID="1359" AltIDMod="0" />
    </StaticTiles>
  </TransInfo>
  <TransInfo Description="Cave Entrance To Dungeon Cave Without Static" HashKey="4A4A4AFFFF12FFFF14">
    <MapTiles>
      <MapTile TileID="470" AltIDMod="20" />
    </MapTiles>
    <StaticTiles>
      <StaticTile TileID="1348" AltIDMod="0" />
      <StaticTile TileID="1349" AltIDMod="0" />
      <StaticTile TileID="1350" AltIDMod="0" />
    </StaticTiles>
  </TransInfo>
  <TransInfo Description="Cave Entrance To Dungeon Cave Without Static" HashKey="4A4AFF4A4AFF4A4A12">
    <MapTiles>
      <MapTile TileID="482" AltIDMod="0" />
    </MapTiles>
    <StaticTiles />
  </TransInfo>
  <TransInfo Description="Cave Entrance To Dungeon Cave Without Static" HashKey="4AFFFF4AFFFF4A1212">
    <MapTiles>
      <MapTile TileID="472" AltIDMod="20" />
    </MapTiles>
    <StaticTiles>
      <StaticTile TileID="1345" AltIDMod="0" />
      <StaticTile TileID="1346" AltIDMod="0" />
      <StaticTile TileID="1347" AltIDMod="0" />
    </StaticTiles>
  </TransInfo>
  <TransInfo Description="Cave Entrance To Dungeon Cave Without Static" HashKey="121212141212FFFF4A">
    <MapTiles>
      <MapTile TileID="556" AltIDMod="23" />
      <MapTile TileID="557" AltIDMod="23" />
      <MapTile TileID="558" AltIDMod="23" />
      <MapTile TileID="559" AltIDMod="23" />
    </MapTiles>
    <StaticTiles />
  </TransInfo>
  <TransInfo Description="Cave Entrance To Dungeon Cave Without Static" HashKey="FFFF4A14124A141212">
    <MapTiles>
      <MapTile TileID="556" AltIDMod="23" />
      <MapTile TileID="557" AltIDMod="23" />
      <MapTile TileID="558" AltIDMod="23" />
      <MapTile TileID="559" AltIDMod="23" />
    </MapTiles>
    <StaticTiles />
  </TransInfo>
  <TransInfo Description="Cave Entrance To Dungeon Cave Without Static" HashKey="4A4A4A4A1212FF1212">
    <MapTiles>
      <MapTile TileID="556" AltIDMod="5" />
      <MapTile TileID="557" AltIDMod="5" />
      <MapTile TileID="558" AltIDMod="5" />
      <MapTile TileID="559" AltIDMod="5" />
    </MapTiles>
    <StaticTiles />
  </TransInfo>
  <TransInfo Description="Cave Entrance To Dungeon Cave Without Static" HashKey="4A4A4AFF1212FF1212">
    <MapTiles>
      <MapTile TileID="556" AltIDMod="23" />
      <MapTile TileID="557" AltIDMod="23" />
      <MapTile TileID="558" AltIDMod="23" />
      <MapTile TileID="559" AltIDMod="23" />
    </MapTiles>
    <StaticTiles />
  </TransInfo>
  <TransInfo Description="Cave Entrance To Dungeon Cave Without Static" HashKey="4AFFFF121214121212">
    <MapTiles>
      <MapTile TileID="556" AltIDMod="23" />
      <MapTile TileID="557" AltIDMod="23" />
      <MapTile TileID="558" AltIDMod="23" />
      <MapTile TileID="559" AltIDMod="23" />
    </MapTiles>
    <StaticTiles />
  </TransInfo>
  <TransInfo Description="Cave Entrance To Dungeon Cave Without Static" HashKey="4AFFFF121214121214">
    <MapTiles>
      <MapTile TileID="556" AltIDMod="23" />
      <MapTile TileID="557" AltIDMod="23" />
      <MapTile TileID="558" AltIDMod="23" />
      <MapTile TileID="559" AltIDMod="23" />
    </MapTiles>
    <StaticTiles />
  </TransInfo>
  <TransInfo Description="Cave Entrance To Dungeon Cave Without Static" HashKey="4A4A4A1212FF1212FF">
    <MapTiles>
      <MapTile TileID="556" AltIDMod="23" />
      <MapTile TileID="557" AltIDMod="23" />
      <MapTile TileID="558" AltIDMod="23" />
      <MapTile TileID="559" AltIDMod="23" />
    </MapTiles>
    <StaticTiles />
  </TransInfo>
  <TransInfo Description="Cave Entrance To Dungeon Cave Without Static" HashKey="FF4A4A12124A12124A">
    <MapTiles>
      <MapTile TileID="556" AltIDMod="5" />
      <MapTile TileID="557" AltIDMod="5" />
      <MapTile TileID="558" AltIDMod="5" />
      <MapTile TileID="559" AltIDMod="5" />
    </MapTiles>
    <StaticTiles />
  </TransInfo>
  <TransInfo Description="Cave Entrance To Dungeon Cave Without Static" HashKey="FFFF4A12124A12124A">
    <MapTiles>
      <MapTile TileID="556" AltIDMod="23" />
      <MapTile TileID="557" AltIDMod="23" />
      <MapTile TileID="558" AltIDMod="23" />
      <MapTile TileID="559" AltIDMod="23" />
    </MapTiles>
    <StaticTiles />
  </TransInfo>
  <TransInfo Description="Cave Entrance To Dungeon Cave Without Static" HashKey="FF4A4A124A4A12124A">
    <MapTiles>
      <MapTile TileID="581" AltIDMod="0" />
      <MapTile TileID="582" AltIDMod="0" />
      <MapTile TileID="583" AltIDMod="0" />
      <MapTile TileID="584" AltIDMod="0" />
    </MapTiles>
    <StaticTiles />
  </TransInfo>
  <TransInfo Description="Cave Entrance To Dungeon Cave Without Static" HashKey="1212FF124A4A4A4A4A">
    <MapTiles>
      <MapTile TileID="581" AltIDMod="0" />
      <MapTile TileID="582" AltIDMod="0" />
      <MapTile TileID="583" AltIDMod="0" />
      <MapTile TileID="584" AltIDMod="0" />
    </MapTiles>
    <StaticTiles />
  </TransInfo>
  <TransInfo Description="Cave Entrance To Dungeon Cave Without Static" HashKey="121212FF4A4AFF4A4A">
    <MapTiles>
      <MapTile TileID="483" AltIDMod="0" />
    </MapTiles>
    <StaticTiles />
  </TransInfo>
  <TransInfo Description="Cave Entrance To Dungeon Cave Without Static" HashKey="124A4A1212FF1214FF">
    <MapTiles>
      <MapTile TileID="556" AltIDMod="23" />
      <MapTile TileID="557" AltIDMod="23" />
      <MapTile TileID="558" AltIDMod="23" />
      <MapTile TileID="559" AltIDMod="23" />
    </MapTiles>
    <StaticTiles />
  </TransInfo>
  <TransInfo Description="Cave Entrance To Dungeon Cave Without Static" HashKey="4A4A124A4A124A4AFF">
    <MapTiles>
      <MapTile TileID="581" AltIDMod="0" />
      <MapTile TileID="582" AltIDMod="0" />
      <MapTile TileID="583" AltIDMod="0" />
      <MapTile TileID="584" AltIDMod="0" />
    </MapTiles>
    <StaticTiles />
  </TransInfo>
  <TransInfo Description="Cave Entrance To Dungeon Cave Without Static" HashKey="FFFF4A14124A12124A">
    <MapTiles>
      <MapTile TileID="556" AltIDMod="23" />
      <MapTile TileID="557" AltIDMod="23" />
      <MapTile TileID="558" AltIDMod="23" />
      <MapTile TileID="559" AltIDMod="23" />
    </MapTiles>
    <StaticTiles />
  </TransInfo>
  <TransInfo Description="Cave Entrance To Dungeon Cave Without Static" HashKey="4A4A4A4A4A4AFFFFFF">
    <MapTiles>
      <MapTile TileID="479" AltIDMod="0" />
    </MapTiles>
    <StaticTiles />
  </TransInfo>
</Trans>