﻿<?xml version="1.0" encoding="utf-8"?>
<Trans>
  <TransInfo Description="Cave Entrance To Rock and Mountain Cave Without Static" HashKey="1249491212FF1212FF">
    <MapTiles>
      <MapTile TileID="556" AltIDMod="42" />
      <MapTile TileID="557" AltIDMod="42" />
      <MapTile TileID="558" AltIDMod="42" />
      <MapTile TileID="559" AltIDMod="42" />
    </MapTiles>
    <StaticTiles />
  </TransInfo>
  <TransInfo Description="Cave Entrance To Rock and Mountain Cave Without Static" HashKey="121212121249FF4949">
    <MapTiles>
      <MapTile TileID="556" AltIDMod="64" />
      <MapTile TileID="557" AltIDMod="64" />
      <MapTile TileID="558" AltIDMod="64" />
      <MapTile TileID="559" AltIDMod="64" />
    </MapTiles>
    <StaticTiles />
  </TransInfo>
  <TransInfo Description="Cave Entrance To Rock and Mountain Cave Without Static" HashKey="49121249FFFF49FFFF">
    <MapTiles>
      <MapTile TileID="467" AltIDMod="40" />
    </MapTiles>
    <StaticTiles>
      <StaticTile TileID="1357" AltIDMod="0" />
      <StaticTile TileID="1358" AltIDMod="0" />
      <StaticTile TileID="1359" AltIDMod="0" />
    </StaticTiles>
  </TransInfo>
  <TransInfo Description="Cave Entrance To Rock and Mountain Cave Without Static" HashKey="1212FF121249494949">
    <MapTiles>
      <MapTile TileID="556" AltIDMod="60" />
      <MapTile TileID="557" AltIDMod="60" />
      <MapTile TileID="558" AltIDMod="60" />
      <MapTile TileID="559" AltIDMod="60" />
    </MapTiles>
    <StaticTiles />
  </TransInfo>
  <TransInfo Description="Cave Entrance To Rock and Mountain Cave Without Static" HashKey="49FFFF49FFFF121212">
    <MapTiles>
      <MapTile TileID="473" AltIDMod="40" />
    </MapTiles>
    <StaticTiles>
      <StaticTile TileID="1345" AltIDMod="0" />
      <StaticTile TileID="1346" AltIDMod="0" />
      <StaticTile TileID="1347" AltIDMod="0" />
    </StaticTiles>
  </TransInfo>
  <TransInfo Description="Cave Entrance To Rock and Mountain Cave Without Static" HashKey="494912491212FF1212">
    <MapTiles>
      <MapTile TileID="556" AltIDMod="60" />
      <MapTile TileID="557" AltIDMod="60" />
      <MapTile TileID="558" AltIDMod="60" />
      <MapTile TileID="559" AltIDMod="60" />
    </MapTiles>
    <StaticTiles />
  </TransInfo>
  <TransInfo Description="Cave Entrance To Rock and Mountain Cave Without Static" HashKey="FF4949121249121212">
    <MapTiles>
      <MapTile TileID="556" AltIDMod="60" />
      <MapTile TileID="557" AltIDMod="60" />
      <MapTile TileID="558" AltIDMod="60" />
      <MapTile TileID="559" AltIDMod="60" />
    </MapTiles>
    <StaticTiles />
  </TransInfo>
  <TransInfo Description="Cave Entrance To Rock and Mountain Cave Without Static" HashKey="1212121212124949FF">
    <MapTiles>
      <MapTile TileID="556" AltIDMod="60" />
      <MapTile TileID="557" AltIDMod="60" />
      <MapTile TileID="558" AltIDMod="60" />
      <MapTile TileID="559" AltIDMod="60" />
    </MapTiles>
    <StaticTiles />
  </TransInfo>
  <TransInfo Description="Cave Entrance To Rock and Mountain Cave Without Static" HashKey="491212491212FF1212">
    <MapTiles>
      <MapTile TileID="556" AltIDMod="60" />
      <MapTile TileID="557" AltIDMod="60" />
      <MapTile TileID="558" AltIDMod="60" />
      <MapTile TileID="559" AltIDMod="60" />
    </MapTiles>
    <StaticTiles />
  </TransInfo>
  <TransInfo Description="Cave Entrance To Rock and Mountain Cave Without Static" HashKey="121212121212FFFF49">
    <MapTiles>
      <MapTile TileID="556" AltIDMod="64" />
      <MapTile TileID="557" AltIDMod="64" />
      <MapTile TileID="558" AltIDMod="64" />
      <MapTile TileID="559" AltIDMod="64" />
    </MapTiles>
    <StaticTiles />
  </TransInfo>
  <TransInfo Description="Cave Entrance To Rock and Mountain Cave Without Static" HashKey="FFFF49121249121249">
    <MapTiles>
      <MapTile TileID="556" AltIDMod="42" />
      <MapTile TileID="557" AltIDMod="42" />
      <MapTile TileID="558" AltIDMod="42" />
      <MapTile TileID="559" AltIDMod="42" />
    </MapTiles>
    <StaticTiles />
  </TransInfo>
  <TransInfo Description="Cave Entrance To Rock and Mountain Cave Without Static" HashKey="1212491212FF1212FF">
    <MapTiles>
      <MapTile TileID="556" AltIDMod="42" />
      <MapTile TileID="557" AltIDMod="42" />
      <MapTile TileID="558" AltIDMod="42" />
      <MapTile TileID="559" AltIDMod="42" />
    </MapTiles>
    <StaticTiles />
  </TransInfo>
  <TransInfo Description="Cave Entrance To Rock and Mountain Cave Without Static" HashKey="FF1212FF1212491212">
    <MapTiles>
      <MapTile TileID="556" AltIDMod="42" />
      <MapTile TileID="557" AltIDMod="42" />
      <MapTile TileID="558" AltIDMod="42" />
      <MapTile TileID="559" AltIDMod="42" />
    </MapTiles>
    <StaticTiles />
  </TransInfo>
  <TransInfo Description="Cave Entrance To Rock and Mountain Cave Without Static" HashKey="1212FF1212FF124949">
    <MapTiles>
      <MapTile TileID="556" AltIDMod="42" />
      <MapTile TileID="557" AltIDMod="42" />
      <MapTile TileID="558" AltIDMod="42" />
      <MapTile TileID="559" AltIDMod="42" />
    </MapTiles>
    <StaticTiles />
  </TransInfo>
  <TransInfo Description="Cave Entrance To Rock and Mountain Cave Without Static" HashKey="1212491212491212FF">
    <MapTiles>
      <MapTile TileID="556" AltIDMod="64" />
      <MapTile TileID="557" AltIDMod="64" />
      <MapTile TileID="558" AltIDMod="64" />
      <MapTile TileID="559" AltIDMod="64" />
    </MapTiles>
    <StaticTiles />
  </TransInfo>
  <TransInfo Description="Cave Entrance To Rock and Mountain Cave Without Static" HashKey="494949FFFF49FFFF12">
    <MapTiles>
      <MapTile TileID="469" AltIDMod="40" />
    </MapTiles>
    <StaticTiles>
      <StaticTile TileID="1339" AltIDMod="0" />
      <StaticTile TileID="1340" AltIDMod="0" />
      <StaticTile TileID="1341" AltIDMod="0" />
      <StaticTile TileID="1342" AltIDMod="0" />
      <StaticTile TileID="1343" AltIDMod="0" />
    </StaticTiles>
  </TransInfo>
  <TransInfo Description="Cave Entrance To Rock and Mountain Cave Without Static" HashKey="121212121249FFFF49">
    <MapTiles>
      <MapTile TileID="556" AltIDMod="42" />
      <MapTile TileID="557" AltIDMod="42" />
      <MapTile TileID="558" AltIDMod="42" />
      <MapTile TileID="559" AltIDMod="42" />
    </MapTiles>
    <StaticTiles />
  </TransInfo>
  <TransInfo Description="Cave Entrance To Rock and Mountain Cave Without Static" HashKey="494949491212FF1212">
    <MapTiles>
      <MapTile TileID="556" AltIDMod="60" />
      <MapTile TileID="557" AltIDMod="60" />
      <MapTile TileID="558" AltIDMod="60" />
      <MapTile TileID="559" AltIDMod="60" />
    </MapTiles>
    <StaticTiles />
  </TransInfo>
  <TransInfo Description="Cave Entrance To Rock and Mountain Cave Without Static" HashKey="49121249121249FFFF">
    <MapTiles>
      <MapTile TileID="556" AltIDMod="42" />
      <MapTile TileID="557" AltIDMod="42" />
      <MapTile TileID="558" AltIDMod="42" />
      <MapTile TileID="559" AltIDMod="42" />
    </MapTiles>
    <StaticTiles />
  </TransInfo>
  <TransInfo Description="Cave Entrance To Rock and Mountain Cave Without Static" HashKey="49494949FFFF12FFFF">
    <MapTiles>
      <MapTile TileID="467" AltIDMod="40" />
    </MapTiles>
    <StaticTiles>
      <StaticTile TileID="1339" AltIDMod="0" />
      <StaticTile TileID="1340" AltIDMod="0" />
      <StaticTile TileID="1341" AltIDMod="0" />
      <StaticTile TileID="1342" AltIDMod="0" />
      <StaticTile TileID="1343" AltIDMod="0" />
    </StaticTiles>
  </TransInfo>
  <TransInfo Description="Cave Entrance To Rock and Mountain Cave Without Static" HashKey="FFFF49FFFF49124949">
    <MapTiles>
      <MapTile TileID="471" AltIDMod="40" />
    </MapTiles>
    <StaticTiles>
      <StaticTile TileID="1341" AltIDMod="0" />
      <StaticTile TileID="1342" AltIDMod="0" />
      <StaticTile TileID="1339" AltIDMod="0" />
      <StaticTile TileID="1340" AltIDMod="0" />
      <StaticTile TileID="1343" AltIDMod="0" />
    </StaticTiles>
  </TransInfo>
  <TransInfo Description="Cave Entrance To Rock and Mountain Cave Without Static" HashKey="12121249FFFF49FFFF">
    <MapTiles>
      <MapTile TileID="467" AltIDMod="40" />
    </MapTiles>
    <StaticTiles>
      <StaticTile TileID="1357" AltIDMod="0" />
      <StaticTile TileID="1358" AltIDMod="0" />
      <StaticTile TileID="1359" AltIDMod="0" />
    </StaticTiles>
  </TransInfo>
  <TransInfo Description="Cave Entrance To Rock and Mountain Cave Without Static" HashKey="1212FF121249121249">
    <MapTiles>
      <MapTile TileID="556" AltIDMod="60" />
      <MapTile TileID="557" AltIDMod="60" />
      <MapTile TileID="558" AltIDMod="60" />
      <MapTile TileID="559" AltIDMod="60" />
    </MapTiles>
    <StaticTiles />
  </TransInfo>
  <TransInfo Description="Cave Entrance To Rock and Mountain Cave Without Static" HashKey="1249491212491212FF">
    <MapTiles>
      <MapTile TileID="556" AltIDMod="64" />
      <MapTile TileID="557" AltIDMod="64" />
      <MapTile TileID="558" AltIDMod="64" />
      <MapTile TileID="559" AltIDMod="64" />
    </MapTiles>
    <StaticTiles />
  </TransInfo>
  <TransInfo Description="Cave Entrance To Rock and Mountain Cave Without Static" HashKey="4912124912124949FF">
    <MapTiles>
      <MapTile TileID="556" AltIDMod="60" />
      <MapTile TileID="557" AltIDMod="60" />
      <MapTile TileID="558" AltIDMod="60" />
      <MapTile TileID="559" AltIDMod="60" />
    </MapTiles>
    <StaticTiles />
  </TransInfo>
  <TransInfo Description="Cave Entrance To Rock and Mountain Cave Without Static" HashKey="124949FFFF49FFFF49">
    <MapTiles>
      <MapTile TileID="469" AltIDMod="40" />
    </MapTiles>
    <StaticTiles>
      <StaticTile TileID="1339" AltIDMod="0" />
      <StaticTile TileID="1340" AltIDMod="0" />
      <StaticTile TileID="1341" AltIDMod="0" />
      <StaticTile TileID="1342" AltIDMod="0" />
      <StaticTile TileID="1343" AltIDMod="0" />
    </StaticTiles>
  </TransInfo>
  <TransInfo Description="Cave Entrance To Rock and Mountain Cave Without Static" HashKey="12FFFF49FFFF494949">
    <MapTiles>
      <MapTile TileID="473" AltIDMod="40" />
    </MapTiles>
    <StaticTiles>
      <StaticTile TileID="1339" AltIDMod="0" />
      <StaticTile TileID="1340" AltIDMod="0" />
      <StaticTile TileID="1341" AltIDMod="0" />
      <StaticTile TileID="1342" AltIDMod="0" />
      <StaticTile TileID="1343" AltIDMod="0" />
    </StaticTiles>
  </TransInfo>
  <TransInfo Description="Cave Entrance To Rock and Mountain Cave Without Static" HashKey="4949FF491212491212">
    <MapTiles>
      <MapTile TileID="556" AltIDMod="64" />
      <MapTile TileID="557" AltIDMod="64" />
      <MapTile TileID="558" AltIDMod="64" />
      <MapTile TileID="559" AltIDMod="64" />
    </MapTiles>
    <StaticTiles />
  </TransInfo>
  <TransInfo Description="Cave Entrance To Rock and Mountain Cave Without Static" HashKey="494912FFFF12FFFF12">
    <MapTiles>
      <MapTile TileID="469" AltIDMod="40" />
    </MapTiles>
    <StaticTiles>
      <StaticTile TileID="1348" AltIDMod="0" />
      <StaticTile TileID="1349" AltIDMod="0" />
      <StaticTile TileID="1350" AltIDMod="0" />
    </StaticTiles>
  </TransInfo>
  <TransInfo Description="Cave Entrance To Rock and Mountain Cave Without Static" HashKey="12121249121249FFFF">
    <MapTiles>
      <MapTile TileID="556" AltIDMod="42" />
      <MapTile TileID="557" AltIDMod="42" />
      <MapTile TileID="558" AltIDMod="42" />
      <MapTile TileID="559" AltIDMod="42" />
    </MapTiles>
    <StaticTiles />
  </TransInfo>
  <TransInfo Description="Cave Entrance To Rock and Mountain Cave Without Static" HashKey="FF1212FF1212494912">
    <MapTiles>
      <MapTile TileID="556" AltIDMod="42" />
      <MapTile TileID="557" AltIDMod="42" />
      <MapTile TileID="558" AltIDMod="42" />
      <MapTile TileID="559" AltIDMod="42" />
    </MapTiles>
    <StaticTiles />
  </TransInfo>
  <TransInfo Description="Cave Entrance To Rock and Mountain Cave Without Static" HashKey="49FFFF49FFFF491212">
    <MapTiles>
      <MapTile TileID="473" AltIDMod="40" />
    </MapTiles>
    <StaticTiles>
      <StaticTile TileID="1345" AltIDMod="0" />
      <StaticTile TileID="1346" AltIDMod="0" />
      <StaticTile TileID="1347" AltIDMod="0" />
    </StaticTiles>
  </TransInfo>
  <TransInfo Description="Cave Entrance To Rock and Mountain Cave Without Static" HashKey="4949FF491212121212">
    <MapTiles>
      <MapTile TileID="556" AltIDMod="64" />
      <MapTile TileID="557" AltIDMod="64" />
      <MapTile TileID="558" AltIDMod="64" />
      <MapTile TileID="559" AltIDMod="64" />
    </MapTiles>
    <StaticTiles />
  </TransInfo>
  <TransInfo Description="Cave Entrance To Rock and Mountain Cave Without Static" HashKey="FFFF49FFFF49121212">
    <MapTiles>
      <MapTile TileID="471" AltIDMod="40" />
    </MapTiles>
    <StaticTiles>
      <StaticTile TileID="1345" AltIDMod="0" />
      <StaticTile TileID="1346" AltIDMod="0" />
      <StaticTile TileID="1347" AltIDMod="0" />
    </StaticTiles>
  </TransInfo>
  <TransInfo Description="Cave Entrance To Rock and Mountain Cave Without Static" HashKey="49FFFF49FFFF494912">
    <MapTiles>
      <MapTile TileID="473" AltIDMod="40" />
    </MapTiles>
    <StaticTiles>
      <StaticTile TileID="1339" AltIDMod="0" />
      <StaticTile TileID="1340" AltIDMod="0" />
      <StaticTile TileID="1341" AltIDMod="0" />
      <StaticTile TileID="1342" AltIDMod="0" />
      <StaticTile TileID="1343" AltIDMod="0" />
    </StaticTiles>
  </TransInfo>
  <TransInfo Description="Cave Entrance To Rock and Mountain Cave Without Static" HashKey="49491249FFFF49FFFF">
    <MapTiles>
      <MapTile TileID="467" AltIDMod="40" />
    </MapTiles>
    <StaticTiles>
      <StaticTile TileID="1339" AltIDMod="0" />
      <StaticTile TileID="1340" AltIDMod="0" />
      <StaticTile TileID="1341" AltIDMod="0" />
      <StaticTile TileID="1342" AltIDMod="0" />
      <StaticTile TileID="1343" AltIDMod="0" />
    </StaticTiles>
  </TransInfo>
  <TransInfo Description="Cave Entrance To Rock and Mountain Cave Without Static" HashKey="49FFFF121212121212">
    <MapTiles>
      <MapTile TileID="556" AltIDMod="42" />
      <MapTile TileID="557" AltIDMod="42" />
      <MapTile TileID="558" AltIDMod="42" />
      <MapTile TileID="559" AltIDMod="42" />
    </MapTiles>
    <StaticTiles />
  </TransInfo>
  <TransInfo Description="Cave Entrance To Rock and Mountain Cave Without Static" HashKey="494949FF1212FF1212">
    <MapTiles>
      <MapTile TileID="556" AltIDMod="42" />
      <MapTile TileID="557" AltIDMod="42" />
      <MapTile TileID="558" AltIDMod="42" />
      <MapTile TileID="559" AltIDMod="42" />
    </MapTiles>
    <StaticTiles />
  </TransInfo>
  <TransInfo Description="Cave Entrance To Rock and Mountain Cave Without Static" HashKey="FFFF49FFFF49121249">
    <MapTiles>
      <MapTile TileID="471" AltIDMod="40" />
    </MapTiles>
    <StaticTiles>
      <StaticTile TileID="1345" AltIDMod="0" />
      <StaticTile TileID="1346" AltIDMod="0" />
      <StaticTile TileID="1347" AltIDMod="0" />
    </StaticTiles>
  </TransInfo>
  <TransInfo Description="Cave Entrance To Rock and Mountain Cave Without Static" HashKey="FFFF49121212121212">
    <MapTiles>
      <MapTile TileID="556" AltIDMod="42" />
      <MapTile TileID="557" AltIDMod="42" />
      <MapTile TileID="558" AltIDMod="42" />
      <MapTile TileID="559" AltIDMod="42" />
    </MapTiles>
    <StaticTiles />
  </TransInfo>
  <TransInfo Description="Cave Entrance To Rock and Mountain Cave Without Static" HashKey="491212FF1212FF1212">
    <MapTiles>
      <MapTile TileID="556" AltIDMod="42" />
      <MapTile TileID="557" AltIDMod="42" />
      <MapTile TileID="558" AltIDMod="42" />
      <MapTile TileID="559" AltIDMod="42" />
    </MapTiles>
    <StaticTiles />
  </TransInfo>
  <TransInfo Description="Cave Entrance To Rock and Mountain Cave Without Static" HashKey="FF1212FF1212494949">
    <MapTiles>
      <MapTile TileID="556" AltIDMod="42" />
      <MapTile TileID="557" AltIDMod="42" />
      <MapTile TileID="558" AltIDMod="42" />
      <MapTile TileID="559" AltIDMod="42" />
    </MapTiles>
    <StaticTiles />
  </TransInfo>
  <TransInfo Description="Cave Entrance To Rock and Mountain Cave Without Static" HashKey="FF4949121249121249">
    <MapTiles>
      <MapTile TileID="556" AltIDMod="60" />
      <MapTile TileID="557" AltIDMod="60" />
      <MapTile TileID="558" AltIDMod="60" />
      <MapTile TileID="559" AltIDMod="60" />
    </MapTiles>
    <StaticTiles />
  </TransInfo>
  <TransInfo Description="Cave Entrance To Rock and Mountain Cave Without Static" HashKey="49FFFF491212121212">
    <MapTiles>
      <MapTile TileID="556" AltIDMod="42" />
      <MapTile TileID="557" AltIDMod="42" />
      <MapTile TileID="558" AltIDMod="42" />
      <MapTile TileID="559" AltIDMod="42" />
    </MapTiles>
    <StaticTiles />
  </TransInfo>
  <TransInfo Description="Cave Entrance To Rock and Mountain Cave Without Static" HashKey="121249121249FF4949">
    <MapTiles>
      <MapTile TileID="556" AltIDMod="64" />
      <MapTile TileID="557" AltIDMod="64" />
      <MapTile TileID="558" AltIDMod="64" />
      <MapTile TileID="559" AltIDMod="64" />
    </MapTiles>
    <StaticTiles />
  </TransInfo>
  <TransInfo Description="Cave Entrance To Rock and Mountain Cave Without Static" HashKey="12494912FFFF12FFFF">
    <MapTiles>
      <MapTile TileID="467" AltIDMod="40" />
    </MapTiles>
    <StaticTiles>
      <StaticTile TileID="1354" AltIDMod="0" />
      <StaticTile TileID="1355" AltIDMod="0" />
      <StaticTile TileID="1356" AltIDMod="0" />
    </StaticTiles>
  </TransInfo>
  <TransInfo Description="Cave Entrance To Rock and Mountain Cave Without Static" HashKey="121212FFFF49FFFF49">
    <MapTiles>
      <MapTile TileID="469" AltIDMod="40" />
    </MapTiles>
    <StaticTiles>
      <StaticTile TileID="1357" AltIDMod="0" />
      <StaticTile TileID="1358" AltIDMod="0" />
      <StaticTile TileID="1359" AltIDMod="0" />
    </StaticTiles>
  </TransInfo>
  <TransInfo Description="Cave Entrance To Rock and Mountain Cave Without Static" HashKey="4949FF121212121212">
    <MapTiles>
      <MapTile TileID="556" AltIDMod="64" />
      <MapTile TileID="557" AltIDMod="64" />
      <MapTile TileID="558" AltIDMod="64" />
      <MapTile TileID="559" AltIDMod="64" />
    </MapTiles>
    <StaticTiles />
  </TransInfo>
  <TransInfo Description="Cave Entrance To Rock and Mountain Cave Without Static" HashKey="1212FF1212FF121249">
    <MapTiles>
      <MapTile TileID="556" AltIDMod="42" />
      <MapTile TileID="557" AltIDMod="42" />
      <MapTile TileID="558" AltIDMod="42" />
      <MapTile TileID="559" AltIDMod="42" />
    </MapTiles>
    <StaticTiles />
  </TransInfo>
  <TransInfo Description="Cave Entrance To Rock and Mountain Cave Without Static" HashKey="49494912FFFF12FFFF">
    <MapTiles>
      <MapTile TileID="467" AltIDMod="40" />
    </MapTiles>
    <StaticTiles>
      <StaticTile TileID="1354" AltIDMod="0" />
      <StaticTile TileID="1355" AltIDMod="0" />
      <StaticTile TileID="1356" AltIDMod="0" />
    </StaticTiles>
  </TransInfo>
  <TransInfo Description="Cave Entrance To Rock and Mountain Cave Without Static" HashKey="494912FF1212FF1212">
    <MapTiles>
      <MapTile TileID="556" AltIDMod="42" />
      <MapTile TileID="557" AltIDMod="42" />
      <MapTile TileID="558" AltIDMod="42" />
      <MapTile TileID="559" AltIDMod="42" />
    </MapTiles>
    <StaticTiles />
  </TransInfo>
  <TransInfo Description="Cave Entrance To Rock and Mountain Cave Without Static" HashKey="FF4949121212121212">
    <MapTiles>
      <MapTile TileID="556" AltIDMod="60" />
      <MapTile TileID="557" AltIDMod="60" />
      <MapTile TileID="558" AltIDMod="60" />
      <MapTile TileID="559" AltIDMod="60" />
    </MapTiles>
    <StaticTiles />
  </TransInfo>
  <TransInfo Description="Cave Entrance To Rock and Mountain Cave Without Static" HashKey="1212FF121249124949">
    <MapTiles>
      <MapTile TileID="556" AltIDMod="60" />
      <MapTile TileID="557" AltIDMod="60" />
      <MapTile TileID="558" AltIDMod="60" />
      <MapTile TileID="559" AltIDMod="60" />
    </MapTiles>
    <StaticTiles />
  </TransInfo>
  <TransInfo Description="Cave Entrance To Rock and Mountain Cave Without Static" HashKey="49FFFF491212491212">
    <MapTiles>
      <MapTile TileID="556" AltIDMod="42" />
      <MapTile TileID="557" AltIDMod="42" />
      <MapTile TileID="558" AltIDMod="42" />
      <MapTile TileID="559" AltIDMod="42" />
    </MapTiles>
    <StaticTiles />
  </TransInfo>
  <TransInfo Description="Cave Entrance To Rock and Mountain Cave Without Static" HashKey="FFFF12FFFF12494912">
    <MapTiles>
      <MapTile TileID="471" AltIDMod="40" />
    </MapTiles>
    <StaticTiles>
      <StaticTile TileID="1348" AltIDMod="0" />
      <StaticTile TileID="1349" AltIDMod="0" />
      <StaticTile TileID="1350" AltIDMod="0" />
    </StaticTiles>
  </TransInfo>
  <TransInfo Description="Cave Entrance To Rock and Mountain Cave Without Static" HashKey="12FFFF12FFFF494949">
    <MapTiles>
      <MapTile TileID="473" AltIDMod="40" />
    </MapTiles>
    <StaticTiles>
      <StaticTile TileID="1354" AltIDMod="0" />
      <StaticTile TileID="1355" AltIDMod="0" />
      <StaticTile TileID="1356" AltIDMod="0" />
    </StaticTiles>
  </TransInfo>
  <TransInfo Description="Cave Entrance To Rock and Mountain Cave Without Static" HashKey="1212124912124949FF">
    <MapTiles>
      <MapTile TileID="556" AltIDMod="60" />
      <MapTile TileID="557" AltIDMod="60" />
      <MapTile TileID="558" AltIDMod="60" />
      <MapTile TileID="559" AltIDMod="60" />
    </MapTiles>
    <StaticTiles />
  </TransInfo>
  <TransInfo Description="Cave Entrance To Rock and Mountain Cave Without Static" HashKey="121212121212FF4949">
    <MapTiles>
      <MapTile TileID="556" AltIDMod="64" />
      <MapTile TileID="557" AltIDMod="64" />
      <MapTile TileID="558" AltIDMod="64" />
      <MapTile TileID="559" AltIDMod="64" />
    </MapTiles>
    <StaticTiles />
  </TransInfo>
  <TransInfo Description="Cave Entrance To Rock and Mountain Cave Without Static" HashKey="FFFF12FFFF12494949">
    <MapTiles>
      <MapTile TileID="471" AltIDMod="40" />
    </MapTiles>
    <StaticTiles>
      <StaticTile TileID="1348" AltIDMod="0" />
      <StaticTile TileID="1349" AltIDMod="0" />
      <StaticTile TileID="1350" AltIDMod="0" />
    </StaticTiles>
  </TransInfo>
  <TransInfo Description="Cave Entrance To Rock and Mountain Cave Without Static" HashKey="121249121249FFFF49">
    <MapTiles>
      <MapTile TileID="556" AltIDMod="42" />
      <MapTile TileID="557" AltIDMod="42" />
      <MapTile TileID="558" AltIDMod="42" />
      <MapTile TileID="559" AltIDMod="42" />
    </MapTiles>
    <StaticTiles />
  </TransInfo>
  <TransInfo Description="Cave Entrance To Rock and Mountain Cave Without Static" HashKey="121249FFFF49FFFF49">
    <MapTiles>
      <MapTile TileID="469" AltIDMod="40" />
    </MapTiles>
    <StaticTiles>
      <StaticTile TileID="1357" AltIDMod="0" />
      <StaticTile TileID="1358" AltIDMod="0" />
      <StaticTile TileID="1359" AltIDMod="0" />
    </StaticTiles>
  </TransInfo>
  <TransInfo Description="Cave Entrance To Rock and Mountain Cave Without Static" HashKey="494949FFFF12FFFF12">
    <MapTiles>
      <MapTile TileID="469" AltIDMod="40" />
    </MapTiles>
    <StaticTiles>
      <StaticTile TileID="1348" AltIDMod="0" />
      <StaticTile TileID="1349" AltIDMod="0" />
      <StaticTile TileID="1350" AltIDMod="0" />
    </StaticTiles>
  </TransInfo>
  <TransInfo Description="Cave Entrance To Rock and Mountain Cave Without Static" HashKey="1212FF1212FF494949">
    <MapTiles>
      <MapTile TileID="556" AltIDMod="42" />
      <MapTile TileID="557" AltIDMod="42" />
      <MapTile TileID="558" AltIDMod="42" />
      <MapTile TileID="559" AltIDMod="42" />
    </MapTiles>
    <StaticTiles />
  </TransInfo>
  <TransInfo Description="Cave Entrance To Rock and Mountain Cave Without Static" HashKey="12FFFF12FFFF124949">
    <MapTiles>
      <MapTile TileID="473" AltIDMod="40" />
    </MapTiles>
    <StaticTiles>
      <StaticTile TileID="1354" AltIDMod="0" />
      <StaticTile TileID="1355" AltIDMod="0" />
      <StaticTile TileID="1356" AltIDMod="0" />
    </StaticTiles>
  </TransInfo>
  <TransInfo Description="Cave Entrance To Rock and Mountain Cave Without Static" HashKey="4949491212FF1212FF">
    <MapTiles>
      <MapTile TileID="556" AltIDMod="42" />
      <MapTile TileID="557" AltIDMod="42" />
      <MapTile TileID="558" AltIDMod="42" />
      <MapTile TileID="559" AltIDMod="42" />
    </MapTiles>
    <StaticTiles />
  </TransInfo>
  <TransInfo Description="Cave Entrance To Rock and Mountain Cave Without Static" HashKey="FF1212491212491212">
    <MapTiles>
      <MapTile TileID="556" AltIDMod="64" />
      <MapTile TileID="557" AltIDMod="64" />
      <MapTile TileID="558" AltIDMod="64" />
      <MapTile TileID="559" AltIDMod="64" />
    </MapTiles>
    <StaticTiles />
  </TransInfo>
  <TransInfo Description="Cave Entrance To Rock and Mountain Cave Without Static" HashKey="FF1212491212494949">
    <MapTiles>
      <MapTile TileID="556" AltIDMod="64" />
      <MapTile TileID="557" AltIDMod="64" />
      <MapTile TileID="558" AltIDMod="64" />
      <MapTile TileID="559" AltIDMod="64" />
    </MapTiles>
    <StaticTiles />
  </TransInfo>
  <TransInfo Description="Cave Entrance To Rock and Mountain Cave Without Static" HashKey="4949491212491212FF">
    <MapTiles>
      <MapTile TileID="556" AltIDMod="64" />
      <MapTile TileID="557" AltIDMod="64" />
      <MapTile TileID="558" AltIDMod="64" />
      <MapTile TileID="559" AltIDMod="64" />
    </MapTiles>
    <StaticTiles />
  </TransInfo>
  <TransInfo Description="Cave Entrance To Rock and Mountain Cave Without Static" HashKey="FF1212491212494912">
    <MapTiles>
      <MapTile TileID="556" AltIDMod="64" />
      <MapTile TileID="557" AltIDMod="64" />
      <MapTile TileID="558" AltIDMod="64" />
      <MapTile TileID="559" AltIDMod="64" />
    </MapTiles>
    <StaticTiles />
  </TransInfo>
  <TransInfo Description="Cave Entrance To Rock and Mountain Cave Without Static" HashKey="FFFF12FFFF49494949">
    <MapTiles>
      <MapTile TileID="471" AltIDMod="40" />
    </MapTiles>
    <StaticTiles>
      <StaticTile TileID="1339" AltIDMod="0" />
      <StaticTile TileID="1340" AltIDMod="0" />
      <StaticTile TileID="1341" AltIDMod="0" />
      <StaticTile TileID="1342" AltIDMod="0" />
      <StaticTile TileID="1343" AltIDMod="0" />
    </StaticTiles>
  </TransInfo>
  <TransInfo Description="Cave Entrance To Rock and Mountain Cave Without Static" HashKey="FFFF49121249121212">
    <MapTiles>
      <MapTile TileID="556" AltIDMod="42" />
      <MapTile TileID="557" AltIDMod="42" />
      <MapTile TileID="558" AltIDMod="42" />
      <MapTile TileID="559" AltIDMod="42" />
    </MapTiles>
    <StaticTiles />
  </TransInfo>
  <TransInfo Description="Cave Entrance To Rock and Mountain Cave Without Static" HashKey="12121212121249FFFF">
    <MapTiles>
      <MapTile TileID="556" AltIDMod="42" />
      <MapTile TileID="557" AltIDMod="42" />
      <MapTile TileID="558" AltIDMod="42" />
      <MapTile TileID="559" AltIDMod="42" />
    </MapTiles>
    <StaticTiles />
  </TransInfo>
</Trans>