﻿<?xml version="1.0" encoding="utf-8"?>
<Trans>
    <TransInfo Description="Dark Wooden Floor(NS) to Large Dirt" HashKey="0707071A1A1A1A1A1A">
    <MapTiles>
      <MapTile TileID="1215" AltIDMod="0" />
    </MapTiles>
    <StaticTiles />
  </TransInfo>
  <TransInfo Description="Dark Wooden Floor(NS) to Large Dirt" HashKey="1A07071A1A1A1A1A1A">
    <MapTiles>
      <MapTile TileID="1215" AltIDMod="0" />
    </MapTiles>
    <StaticTiles />
  </TransInfo>
  <TransInfo Description="Dark Wooden Floor(NS) to Large Dirt" HashKey="07071A1A1A1A1A1A1A">
    <MapTiles>
      <MapTile TileID="1215" AltIDMod="0" />
    </MapTiles>
    <StaticTiles />
  </TransInfo>
  <TransInfo Description="Dark Wooden Floor(NS) to Large Dirt" HashKey="1A071A1A1A1A1A1A1A">
    <MapTiles>
      <MapTile TileID="1215" AltIDMod="0" />
    </MapTiles>
    <StaticTiles />
  </TransInfo>
  <TransInfo Description="Dark Wooden Floor(NS) to Large Dirt" HashKey="071A071A1A1A1A1A1A">
    <MapTiles>
      <MapTile TileID="1215" AltIDMod="0" />
    </MapTiles>
    <StaticTiles />
  </TransInfo>
  <TransInfo Description="Dark Wooden Floor(NS) to Large Dirt" HashKey="071A1A071A1A071A1A">
    <MapTiles>
      <MapTile TileID="1212" AltIDMod="0" />
    </MapTiles>
    <StaticTiles />
  </TransInfo>
  <TransInfo Description="Dark Wooden Floor(NS) to Large Dirt" HashKey="071A1A071A1A1A1A1A">
    <MapTiles>
      <MapTile TileID="1212" AltIDMod="0" />
    </MapTiles>
    <StaticTiles />
  </TransInfo>
  <TransInfo Description="Dark Wooden Floor(NS) to Large Dirt" HashKey="1A1A1A071A1A071A1A">
    <MapTiles>
      <MapTile TileID="1212" AltIDMod="0" />
    </MapTiles>
    <StaticTiles />
  </TransInfo>
  <TransInfo Description="Dark Wooden Floor(NS) to Large Dirt" HashKey="1A1A1A071A1A1A1A1A">
    <MapTiles>
      <MapTile TileID="1212" AltIDMod="0" />
    </MapTiles>
    <StaticTiles />
  </TransInfo>
  <TransInfo Description="Dark Wooden Floor(NS) to Large Dirt" HashKey="071A1A1A1A1A071A1A">
    <MapTiles>
      <MapTile TileID="1212" AltIDMod="0" />
    </MapTiles>
    <StaticTiles />
  </TransInfo>
  <TransInfo Description="Dark Wooden Floor(NS) to Large Dirt" HashKey="1A1A071A1A071A1A07">
    <MapTiles>
      <MapTile TileID="1214" AltIDMod="0" />
    </MapTiles>
    <StaticTiles />
  </TransInfo>
  <TransInfo Description="Dark Wooden Floor(NS) to Large Dirt" HashKey="1A1A1A1A1A071A1A07">
    <MapTiles>
      <MapTile TileID="1214" AltIDMod="0" />
    </MapTiles>
    <StaticTiles />
  </TransInfo>
  <TransInfo Description="Dark Wooden Floor(NS) to Large Dirt" HashKey="1A1A071A1A071A1A1A">
    <MapTiles>
      <MapTile TileID="1214" AltIDMod="0" />
    </MapTiles>
    <StaticTiles />
  </TransInfo>
  <TransInfo Description="Dark Wooden Floor(NS) to Large Dirt" HashKey="1A1A1A1A1A071A1A1A">
    <MapTiles>
      <MapTile TileID="1214" AltIDMod="0" />
    </MapTiles>
    <StaticTiles />
  </TransInfo>
  <TransInfo Description="Dark Wooden Floor(NS) to Large Dirt" HashKey="1A1A071A1A1A1A1A07">
    <MapTiles>
      <MapTile TileID="1214" AltIDMod="0" />
    </MapTiles>
    <StaticTiles />
  </TransInfo>
  <TransInfo Description="Dark Wooden Floor(NS) to Large Dirt" HashKey="1A1A1A1A1A1A070707">
    <MapTiles>
      <MapTile TileID="1213" AltIDMod="0" />
    </MapTiles>
    <StaticTiles />
  </TransInfo>
  <TransInfo Description="Dark Wooden Floor(NS) to Large Dirt" HashKey="1A1A1A1A1A1A07071A">
    <MapTiles>
      <MapTile TileID="1213" AltIDMod="0" />
    </MapTiles>
    <StaticTiles />
  </TransInfo>
  <TransInfo Description="Dark Wooden Floor(NS) to Large Dirt" HashKey="1A1A1A1A1A1A1A0707">
    <MapTiles>
      <MapTile TileID="1213" AltIDMod="0" />
    </MapTiles>
    <StaticTiles />
  </TransInfo>
  <TransInfo Description="Dark Wooden Floor(NS) to Large Dirt" HashKey="1A1A1A1A1A1A1A071A">
    <MapTiles>
      <MapTile TileID="1213" AltIDMod="0" />
    </MapTiles>
    <StaticTiles />
  </TransInfo>
  <TransInfo Description="Dark Wooden Floor(NS) to Large Dirt" HashKey="1A1A1A1A1A1A071A07">
    <MapTiles>
      <MapTile TileID="1213" AltIDMod="0" />
    </MapTiles>
    <StaticTiles />
  </TransInfo>
  <TransInfo Description="Dark Wooden Floor(NS) to Large Dirt" HashKey="1A1A071A1A07070707">
    <MapTiles>
      <MapTile TileID="1216" AltIDMod="0" />
    </MapTiles>
    <StaticTiles />
  </TransInfo>
  <TransInfo Description="Dark Wooden Floor(NS) to Large Dirt" HashKey="1A1A1A1A1A07070707">
    <MapTiles>
      <MapTile TileID="1216" AltIDMod="0" />
    </MapTiles>
    <StaticTiles />
  </TransInfo>
  <TransInfo Description="Dark Wooden Floor(NS) to Large Dirt" HashKey="1A1A071A1A071A0707">
    <MapTiles>
      <MapTile TileID="1216" AltIDMod="0" />
    </MapTiles>
    <StaticTiles />
  </TransInfo>
  <TransInfo Description="Dark Wooden Floor(NS) to Large Dirt" HashKey="1A1A1A1A1A071A0707">
    <MapTiles>
      <MapTile TileID="1216" AltIDMod="0" />
    </MapTiles>
    <StaticTiles />
  </TransInfo>
  <TransInfo Description="Dark Wooden Floor(NS) to Large Dirt" HashKey="1A1A1A1A1A071A071A">
    <MapTiles>
      <MapTile TileID="1216" AltIDMod="0" />
    </MapTiles>
    <StaticTiles />
  </TransInfo>
  <TransInfo Description="Dark Wooden Floor(NS) to Large Dirt" HashKey="1A1A071A1A1A1A0707">
    <MapTiles>
      <MapTile TileID="1216" AltIDMod="0" />
    </MapTiles>
    <StaticTiles />
  </TransInfo>
  <TransInfo Description="Dark Wooden Floor(NS) to Large Dirt" HashKey="1A1A071A1A1A070707">
    <MapTiles>
      <MapTile TileID="1216" AltIDMod="0" />
    </MapTiles>
    <StaticTiles />
  </TransInfo>
  <TransInfo Description="Dark Wooden Floor(NS) to Large Dirt" HashKey="1A1A071A1A1A07071A">
    <MapTiles>
      <MapTile TileID="1216" AltIDMod="0" />
    </MapTiles>
    <StaticTiles />
  </TransInfo>
  <TransInfo Description="Dark Wooden Floor(NS) to Large Dirt" HashKey="1A1A1A1A1A07071A07">
    <MapTiles>
      <MapTile TileID="1216" AltIDMod="0" />
    </MapTiles>
    <StaticTiles />
  </TransInfo>
  <TransInfo Description="Dark Wooden Floor(NS) to Large Dirt" HashKey="1A1A071A1A07071A07">
    <MapTiles>
      <MapTile TileID="1216" AltIDMod="0" />
    </MapTiles>
    <StaticTiles />
  </TransInfo>
  <TransInfo Description="Dark Wooden Floor(NS) to Large Dirt" HashKey="1A1A071A1A0707071A">
    <MapTiles>
      <MapTile TileID="1216" AltIDMod="0" />
    </MapTiles>
    <StaticTiles />
  </TransInfo>
  <TransInfo Description="Dark Wooden Floor(NS) to Large Dirt" HashKey="1A1A071A1A07071A1A">
    <MapTiles>
      <MapTile TileID="1216" AltIDMod="0" />
    </MapTiles>
    <StaticTiles />
  </TransInfo>
  <TransInfo Description="Dark Wooden Floor(NS) to Large Dirt" HashKey="1A1A071A1A1A1A071A">
    <MapTiles>
      <MapTile TileID="1216" AltIDMod="0" />
    </MapTiles>
    <StaticTiles />
  </TransInfo>
  <TransInfo Description="Dark Wooden Floor(NS) to Large Dirt" HashKey="1A1A1A1A1A07071A1A">
    <MapTiles>
      <MapTile TileID="1216" AltIDMod="0" />
    </MapTiles>
    <StaticTiles />
  </TransInfo>
  <TransInfo Description="Dark Wooden Floor(NS) to Large Dirt" HashKey="1A1A071A1A071A071A">
    <MapTiles>
      <MapTile TileID="1216" AltIDMod="0" />
    </MapTiles>
    <StaticTiles />
  </TransInfo>
  <TransInfo Description="Dark Wooden Floor(NS) to Large Dirt" HashKey="1A1A071A1A1A071A07">
    <MapTiles>
      <MapTile TileID="1216" AltIDMod="0" />
    </MapTiles>
    <StaticTiles />
  </TransInfo>
  <TransInfo Description="Dark Wooden Floor(NS) to Large Dirt" HashKey="1A1A1A1A1A0707071A">
    <MapTiles>
      <MapTile TileID="1216" AltIDMod="0" />
    </MapTiles>
    <StaticTiles />
  </TransInfo>
  <TransInfo Description="Dark Wooden Floor(NS) to Large Dirt" HashKey="070707071A1A071A1A">
    <MapTiles>
      <MapTile TileID="1219" AltIDMod="0" />
    </MapTiles>
    <StaticTiles />
  </TransInfo>
  <TransInfo Description="Dark Wooden Floor(NS) to Large Dirt" HashKey="07071A071A1A071A1A">
    <MapTiles>
      <MapTile TileID="1219" AltIDMod="0" />
    </MapTiles>
    <StaticTiles />
  </TransInfo>
  <TransInfo Description="Dark Wooden Floor(NS) to Large Dirt" HashKey="070707071A1A1A1A1A">
    <MapTiles>
      <MapTile TileID="1219" AltIDMod="0" />
    </MapTiles>
    <StaticTiles />
  </TransInfo>
  <TransInfo Description="Dark Wooden Floor(NS) to Large Dirt" HashKey="07071A071A1A1A1A1A">
    <MapTiles>
      <MapTile TileID="1219" AltIDMod="0" />
    </MapTiles>
    <StaticTiles />
  </TransInfo>
  <TransInfo Description="Dark Wooden Floor(NS) to Large Dirt" HashKey="071A07071A1A1A1A1A">
    <MapTiles>
      <MapTile TileID="1219" AltIDMod="0" />
    </MapTiles>
    <StaticTiles />
  </TransInfo>
  <TransInfo Description="Dark Wooden Floor(NS) to Large Dirt" HashKey="07071A1A1A1A071A1A">
    <MapTiles>
      <MapTile TileID="1219" AltIDMod="0" />
    </MapTiles>
    <StaticTiles />
  </TransInfo>
  <TransInfo Description="Dark Wooden Floor(NS) to Large Dirt" HashKey="1A07071A1A1A071A1A">
    <MapTiles>
      <MapTile TileID="1219" AltIDMod="0" />
    </MapTiles>
    <StaticTiles />
  </TransInfo>
  <TransInfo Description="Dark Wooden Floor(NS) to Large Dirt" HashKey="071A071A1A1A071A1A">
    <MapTiles>
      <MapTile TileID="1219" AltIDMod="0" />
    </MapTiles>
    <StaticTiles />
  </TransInfo>
  <TransInfo Description="Dark Wooden Floor(NS) to Large Dirt" HashKey="0707071A1A1A071A1A">
    <MapTiles>
      <MapTile TileID="1219" AltIDMod="0" />
    </MapTiles>
    <StaticTiles />
  </TransInfo>
  <TransInfo Description="Dark Wooden Floor(NS) to Large Dirt" HashKey="1A071A071A1A1A1A1A">
    <MapTiles>
      <MapTile TileID="1219" AltIDMod="0" />
    </MapTiles>
    <StaticTiles />
  </TransInfo>
  <TransInfo Description="Dark Wooden Floor(NS) to Large Dirt" HashKey="071A07071A1A071A1A">
    <MapTiles>
      <MapTile TileID="1219" AltIDMod="0" />
    </MapTiles>
    <StaticTiles />
  </TransInfo>
  <TransInfo Description="Dark Wooden Floor(NS) to Large Dirt" HashKey="1A1A07071A1A071A1A">
    <MapTiles>
      <MapTile TileID="1219" AltIDMod="0" />
    </MapTiles>
    <StaticTiles />
  </TransInfo>
  <TransInfo Description="Dark Wooden Floor(NS) to Large Dirt" HashKey="1A0707071A1A071A1A">
    <MapTiles>
      <MapTile TileID="1219" AltIDMod="0" />
    </MapTiles>
    <StaticTiles />
  </TransInfo>
  <TransInfo Description="Dark Wooden Floor(NS) to Large Dirt" HashKey="1A1A07071A1A1A1A1A">
    <MapTiles>
      <MapTile TileID="1219" AltIDMod="0" />
    </MapTiles>
    <StaticTiles />
  </TransInfo>
  <TransInfo Description="Dark Wooden Floor(NS) to Large Dirt" HashKey="1A071A071A1A071A1A">
    <MapTiles>
      <MapTile TileID="1219" AltIDMod="0" />
    </MapTiles>
    <StaticTiles />
  </TransInfo>
  <TransInfo Description="Dark Wooden Floor(NS) to Large Dirt" HashKey="1A071A1A1A1A071A1A">
    <MapTiles>
      <MapTile TileID="1219" AltIDMod="0" />
    </MapTiles>
    <StaticTiles />
  </TransInfo>
  <TransInfo Description="Dark Wooden Floor(NS) to Large Dirt" HashKey="1A0707071A1A1A1A1A">
    <MapTiles>
      <MapTile TileID="1219" AltIDMod="0" />
    </MapTiles>
    <StaticTiles />
  </TransInfo>
  <TransInfo Description="Dark Wooden Floor(NS) to Large Dirt" HashKey="071A1A071A1A070707">
    <MapTiles>
      <MapTile TileID="1217" AltIDMod="0" />
    </MapTiles>
    <StaticTiles />
  </TransInfo>
  <TransInfo Description="Dark Wooden Floor(NS) to Large Dirt" HashKey="1A1A1A071A1A070707">
    <MapTiles>
      <MapTile TileID="1217" AltIDMod="0" />
    </MapTiles>
    <StaticTiles />
  </TransInfo>
  <TransInfo Description="Dark Wooden Floor(NS) to Large Dirt" HashKey="071A1A071A1A07071A">
    <MapTiles>
      <MapTile TileID="1217" AltIDMod="0" />
    </MapTiles>
    <StaticTiles />
  </TransInfo>
  <TransInfo Description="Dark Wooden Floor(NS) to Large Dirt" HashKey="1A1A1A071A1A07071A">
    <MapTiles>
      <MapTile TileID="1217" AltIDMod="0" />
    </MapTiles>
    <StaticTiles />
  </TransInfo>
  <TransInfo Description="Dark Wooden Floor(NS) to Large Dirt" HashKey="1A1A1A071A1A1A071A">
    <MapTiles>
      <MapTile TileID="1217" AltIDMod="0" />
    </MapTiles>
    <StaticTiles />
  </TransInfo>
  <TransInfo Description="Dark Wooden Floor(NS) to Large Dirt" HashKey="071A1A071A1A1A1A07">
    <MapTiles>
      <MapTile TileID="1217" AltIDMod="0" />
    </MapTiles>
    <StaticTiles />
  </TransInfo>
  <TransInfo Description="Dark Wooden Floor(NS) to Large Dirt" HashKey="071A1A1A1A1A070707">
    <MapTiles>
      <MapTile TileID="1217" AltIDMod="0" />
    </MapTiles>
    <StaticTiles />
  </TransInfo>
  <TransInfo Description="Dark Wooden Floor(NS) to Large Dirt" HashKey="071A1A1A1A1A07071A">
    <MapTiles>
      <MapTile TileID="1217" AltIDMod="0" />
    </MapTiles>
    <StaticTiles />
  </TransInfo>
  <TransInfo Description="Dark Wooden Floor(NS) to Large Dirt" HashKey="071A1A1A1A1A1A071A">
    <MapTiles>
      <MapTile TileID="1217" AltIDMod="0" />
    </MapTiles>
    <StaticTiles />
  </TransInfo>
  <TransInfo Description="Dark Wooden Floor(NS) to Large Dirt" HashKey="1A1A1A071A1A071A07">
    <MapTiles>
      <MapTile TileID="1217" AltIDMod="0" />
    </MapTiles>
    <StaticTiles />
  </TransInfo>
  <TransInfo Description="Dark Wooden Floor(NS) to Large Dirt" HashKey="071A1A071A1A071A07">
    <MapTiles>
      <MapTile TileID="1217" AltIDMod="0" />
    </MapTiles>
    <StaticTiles />
  </TransInfo>
  <TransInfo Description="Dark Wooden Floor(NS) to Large Dirt" HashKey="071A1A1A1A1A1A0707">
    <MapTiles>
      <MapTile TileID="1217" AltIDMod="0" />
    </MapTiles>
    <StaticTiles />
  </TransInfo>
  <TransInfo Description="Dark Wooden Floor(NS) to Large Dirt" HashKey="071A1A071A1A1A0707">
    <MapTiles>
      <MapTile TileID="1217" AltIDMod="0" />
    </MapTiles>
    <StaticTiles />
  </TransInfo>
  <TransInfo Description="Dark Wooden Floor(NS) to Large Dirt" HashKey="1A1A1A071A1A1A0707">
    <MapTiles>
      <MapTile TileID="1217" AltIDMod="0" />
    </MapTiles>
    <StaticTiles />
  </TransInfo>
  <TransInfo Description="Dark Wooden Floor(NS) to Large Dirt" HashKey="1A1A1A071A1A1A1A07">
    <MapTiles>
      <MapTile TileID="1217" AltIDMod="0" />
    </MapTiles>
    <StaticTiles />
  </TransInfo>
  <TransInfo Description="Dark Wooden Floor(NS) to Large Dirt" HashKey="071A1A1A1A1A071A07">
    <MapTiles>
      <MapTile TileID="1217" AltIDMod="0" />
    </MapTiles>
    <StaticTiles />
  </TransInfo>
  <TransInfo Description="Dark Wooden Floor(NS) to Large Dirt" HashKey="071A1A071A1A1A071A">
    <MapTiles>
      <MapTile TileID="1217" AltIDMod="0" />
    </MapTiles>
    <StaticTiles />
  </TransInfo>
  <TransInfo Description="Dark Wooden Floor(NS) to Large Dirt" HashKey="0707071A1A071A1A07">
    <MapTiles>
      <MapTile TileID="1207" AltIDMod="0" />
    </MapTiles>
    <StaticTiles />
  </TransInfo>
  <TransInfo Description="Dark Wooden Floor(NS) to Large Dirt" HashKey="0707071A1A071A1A1A">
    <MapTiles>
      <MapTile TileID="1207" AltIDMod="0" />
    </MapTiles>
    <StaticTiles />
  </TransInfo>
  <TransInfo Description="Dark Wooden Floor(NS) to Large Dirt" HashKey="1A07071A1A071A1A07">
    <MapTiles>
      <MapTile TileID="1207" AltIDMod="0" />
    </MapTiles>
    <StaticTiles />
  </TransInfo>
  <TransInfo Description="Dark Wooden Floor(NS) to Large Dirt" HashKey="1A07071A1A071A1A1A">
    <MapTiles>
      <MapTile TileID="1207" AltIDMod="0" />
    </MapTiles>
    <StaticTiles />
  </TransInfo>
  <TransInfo Description="Dark Wooden Floor(NS) to Large Dirt" HashKey="071A1A1A1A071A1A07">
    <MapTiles>
      <MapTile TileID="1207" AltIDMod="0" />
    </MapTiles>
    <StaticTiles />
  </TransInfo>
  <TransInfo Description="Dark Wooden Floor(NS) to Large Dirt" HashKey="071A071A1A071A1A1A">
    <MapTiles>
      <MapTile TileID="1207" AltIDMod="0" />
    </MapTiles>
    <StaticTiles />
  </TransInfo>
  <TransInfo Description="Dark Wooden Floor(NS) to Large Dirt" HashKey="071A071A1A071A1A07">
    <MapTiles>
      <MapTile TileID="1207" AltIDMod="0" />
    </MapTiles>
    <StaticTiles />
  </TransInfo>
  <TransInfo Description="Dark Wooden Floor(NS) to Large Dirt" HashKey="07071A1A1A1A1A1A07">
    <MapTiles>
      <MapTile TileID="1207" AltIDMod="0" />
    </MapTiles>
    <StaticTiles />
  </TransInfo>
  <TransInfo Description="Dark Wooden Floor(NS) to Large Dirt" HashKey="1A071A1A1A1A1A1A07">
    <MapTiles>
      <MapTile TileID="1207" AltIDMod="0" />
    </MapTiles>
    <StaticTiles />
  </TransInfo>
  <TransInfo Description="Dark Wooden Floor(NS) to Large Dirt" HashKey="0707071A1A1A1A1A07">
    <MapTiles>
      <MapTile TileID="1207" AltIDMod="0" />
    </MapTiles>
    <StaticTiles />
  </TransInfo>
  <TransInfo Description="Dark Wooden Floor(NS) to Large Dirt" HashKey="07071A1A1A071A1A1A">
    <MapTiles>
      <MapTile TileID="1207" AltIDMod="0" />
    </MapTiles>
    <StaticTiles />
  </TransInfo>
  <TransInfo Description="Dark Wooden Floor(NS) to Large Dirt" HashKey="1A07071A1A1A1A1A07">
    <MapTiles>
      <MapTile TileID="1207" AltIDMod="0" />
    </MapTiles>
    <StaticTiles />
  </TransInfo>
  <TransInfo Description="Dark Wooden Floor(NS) to Large Dirt" HashKey="1A071A1A1A071A1A1A">
    <MapTiles>
      <MapTile TileID="1207" AltIDMod="0" />
    </MapTiles>
    <StaticTiles />
  </TransInfo>
  <TransInfo Description="Dark Wooden Floor(NS) to Large Dirt" HashKey="071A1A1A1A071A1A1A">
    <MapTiles>
      <MapTile TileID="1207" AltIDMod="0" />
    </MapTiles>
    <StaticTiles />
  </TransInfo>
  <TransInfo Description="Dark Wooden Floor(NS) to Large Dirt" HashKey="071A071A1A1A1A1A07">
    <MapTiles>
      <MapTile TileID="1207" AltIDMod="0" />
    </MapTiles>
    <StaticTiles />
  </TransInfo>
  <TransInfo Description="Dark Wooden Floor(NS) to Large Dirt" HashKey="1A071A1A1A071A1A07">
    <MapTiles>
      <MapTile TileID="1207" AltIDMod="0" />
    </MapTiles>
    <StaticTiles />
  </TransInfo>
  <TransInfo Description="Dark Wooden Floor(NS) to Large Dirt" HashKey="07071A1A1A071A1A07">
    <MapTiles>
      <MapTile TileID="1207" AltIDMod="0" />
    </MapTiles>
    <StaticTiles />
  </TransInfo>
  <TransInfo Description="Dark Wooden Floor(NS) to Large Dirt" HashKey="071A1A1A1A1A1A1A1A">
    <MapTiles>
      <MapTile TileID="1220" AltIDMod="0" />
    </MapTiles>
    <StaticTiles />
  </TransInfo>
  <TransInfo Description="Dark Wooden Floor(NS) to Large Dirt" HashKey="1A1A1A1A1A1A1A1A07">
    <MapTiles>
      <MapTile TileID="1222" AltIDMod="0" />
    </MapTiles>
    <StaticTiles />
  </TransInfo>
  <TransInfo Description="Dark Wooden Floor(NS) to Large Dirt" HashKey="1A1A071A1A1A1A1A1A">
    <MapTiles>
      <MapTile TileID="1035" AltIDMod="0" />
    </MapTiles>
    <StaticTiles />
  </TransInfo>
  <TransInfo Description="Dark Wooden Floor(NS) to Large Dirt" HashKey="1A1A1A1A1A1A071A1A">
    <MapTiles>
      <MapTile TileID="1036" AltIDMod="0" />
    </MapTiles>
    <StaticTiles />
  </TransInfo>
</Trans>