﻿<?xml version="1.0" encoding="utf-8"?>
<Trans>
    <TransInfo Description="Dark Wooden Floor(NS) to Rock" HashKey="1212121A1A1A1A1A1A">
    <MapTiles>
      <MapTile TileID="1215" AltIDMod="0" />
    </MapTiles>
    <StaticTiles />
  </TransInfo>
  <TransInfo Description="Dark Wooden Floor(NS) to Rock" HashKey="1A12121A1A1A1A1A1A">
    <MapTiles>
      <MapTile TileID="1215" AltIDMod="0" />
    </MapTiles>
    <StaticTiles />
  </TransInfo>
  <TransInfo Description="Dark Wooden Floor(NS) to Rock" HashKey="12121A1A1A1A1A1A1A">
    <MapTiles>
      <MapTile TileID="1215" AltIDMod="0" />
    </MapTiles>
    <StaticTiles />
  </TransInfo>
  <TransInfo Description="Dark Wooden Floor(NS) to Rock" HashKey="1A121A1A1A1A1A1A1A">
    <MapTiles>
      <MapTile TileID="1215" AltIDMod="0" />
    </MapTiles>
    <StaticTiles />
  </TransInfo>
  <TransInfo Description="Dark Wooden Floor(NS) to Rock" HashKey="121A121A1A1A1A1A1A">
    <MapTiles>
      <MapTile TileID="1215" AltIDMod="0" />
    </MapTiles>
    <StaticTiles />
  </TransInfo>
  <TransInfo Description="Dark Wooden Floor(NS) to Rock" HashKey="121A1A121A1A121A1A">
    <MapTiles>
      <MapTile TileID="1212" AltIDMod="0" />
    </MapTiles>
    <StaticTiles />
  </TransInfo>
  <TransInfo Description="Dark Wooden Floor(NS) to Rock" HashKey="121A1A121A1A1A1A1A">
    <MapTiles>
      <MapTile TileID="1212" AltIDMod="0" />
    </MapTiles>
    <StaticTiles />
  </TransInfo>
  <TransInfo Description="Dark Wooden Floor(NS) to Rock" HashKey="1A1A1A121A1A121A1A">
    <MapTiles>
      <MapTile TileID="1212" AltIDMod="0" />
    </MapTiles>
    <StaticTiles />
  </TransInfo>
  <TransInfo Description="Dark Wooden Floor(NS) to Rock" HashKey="1A1A1A121A1A1A1A1A">
    <MapTiles>
      <MapTile TileID="1212" AltIDMod="0" />
    </MapTiles>
    <StaticTiles />
  </TransInfo>
  <TransInfo Description="Dark Wooden Floor(NS) to Rock" HashKey="121A1A1A1A1A121A1A">
    <MapTiles>
      <MapTile TileID="1212" AltIDMod="0" />
    </MapTiles>
    <StaticTiles />
  </TransInfo>
  <TransInfo Description="Dark Wooden Floor(NS) to Rock" HashKey="1A1A121A1A121A1A12">
    <MapTiles>
      <MapTile TileID="1214" AltIDMod="0" />
    </MapTiles>
    <StaticTiles />
  </TransInfo>
  <TransInfo Description="Dark Wooden Floor(NS) to Rock" HashKey="1A1A1A1A1A121A1A12">
    <MapTiles>
      <MapTile TileID="1214" AltIDMod="0" />
    </MapTiles>
    <StaticTiles />
  </TransInfo>
  <TransInfo Description="Dark Wooden Floor(NS) to Rock" HashKey="1A1A121A1A121A1A1A">
    <MapTiles>
      <MapTile TileID="1214" AltIDMod="0" />
    </MapTiles>
    <StaticTiles />
  </TransInfo>
  <TransInfo Description="Dark Wooden Floor(NS) to Rock" HashKey="1A1A1A1A1A121A1A1A">
    <MapTiles>
      <MapTile TileID="1214" AltIDMod="0" />
    </MapTiles>
    <StaticTiles />
  </TransInfo>
  <TransInfo Description="Dark Wooden Floor(NS) to Rock" HashKey="1A1A121A1A1A1A1A12">
    <MapTiles>
      <MapTile TileID="1214" AltIDMod="0" />
    </MapTiles>
    <StaticTiles />
  </TransInfo>
  <TransInfo Description="Dark Wooden Floor(NS) to Rock" HashKey="1A1A1A1A1A1A121212">
    <MapTiles>
      <MapTile TileID="1213" AltIDMod="0" />
    </MapTiles>
    <StaticTiles />
  </TransInfo>
  <TransInfo Description="Dark Wooden Floor(NS) to Rock" HashKey="1A1A1A1A1A1A12121A">
    <MapTiles>
      <MapTile TileID="1213" AltIDMod="0" />
    </MapTiles>
    <StaticTiles />
  </TransInfo>
  <TransInfo Description="Dark Wooden Floor(NS) to Rock" HashKey="1A1A1A1A1A1A1A1212">
    <MapTiles>
      <MapTile TileID="1213" AltIDMod="0" />
    </MapTiles>
    <StaticTiles />
  </TransInfo>
  <TransInfo Description="Dark Wooden Floor(NS) to Rock" HashKey="1A1A1A1A1A1A1A121A">
    <MapTiles>
      <MapTile TileID="1213" AltIDMod="0" />
    </MapTiles>
    <StaticTiles />
  </TransInfo>
  <TransInfo Description="Dark Wooden Floor(NS) to Rock" HashKey="1A1A1A1A1A1A121A12">
    <MapTiles>
      <MapTile TileID="1213" AltIDMod="0" />
    </MapTiles>
    <StaticTiles />
  </TransInfo>
  <TransInfo Description="Dark Wooden Floor(NS) to Rock" HashKey="1A1A121A1A12121212">
    <MapTiles>
      <MapTile TileID="1216" AltIDMod="0" />
    </MapTiles>
    <StaticTiles />
  </TransInfo>
  <TransInfo Description="Dark Wooden Floor(NS) to Rock" HashKey="1A1A1A1A1A12121212">
    <MapTiles>
      <MapTile TileID="1216" AltIDMod="0" />
    </MapTiles>
    <StaticTiles />
  </TransInfo>
  <TransInfo Description="Dark Wooden Floor(NS) to Rock" HashKey="1A1A121A1A121A1212">
    <MapTiles>
      <MapTile TileID="1216" AltIDMod="0" />
    </MapTiles>
    <StaticTiles />
  </TransInfo>
  <TransInfo Description="Dark Wooden Floor(NS) to Rock" HashKey="1A1A1A1A1A121A1212">
    <MapTiles>
      <MapTile TileID="1216" AltIDMod="0" />
    </MapTiles>
    <StaticTiles />
  </TransInfo>
  <TransInfo Description="Dark Wooden Floor(NS) to Rock" HashKey="1A1A1A1A1A121A121A">
    <MapTiles>
      <MapTile TileID="1216" AltIDMod="0" />
    </MapTiles>
    <StaticTiles />
  </TransInfo>
  <TransInfo Description="Dark Wooden Floor(NS) to Rock" HashKey="1A1A121A1A1A1A1212">
    <MapTiles>
      <MapTile TileID="1216" AltIDMod="0" />
    </MapTiles>
    <StaticTiles />
  </TransInfo>
  <TransInfo Description="Dark Wooden Floor(NS) to Rock" HashKey="1A1A121A1A1A121212">
    <MapTiles>
      <MapTile TileID="1216" AltIDMod="0" />
    </MapTiles>
    <StaticTiles />
  </TransInfo>
  <TransInfo Description="Dark Wooden Floor(NS) to Rock" HashKey="1A1A121A1A1A12121A">
    <MapTiles>
      <MapTile TileID="1216" AltIDMod="0" />
    </MapTiles>
    <StaticTiles />
  </TransInfo>
  <TransInfo Description="Dark Wooden Floor(NS) to Rock" HashKey="1A1A1A1A1A12121A12">
    <MapTiles>
      <MapTile TileID="1216" AltIDMod="0" />
    </MapTiles>
    <StaticTiles />
  </TransInfo>
  <TransInfo Description="Dark Wooden Floor(NS) to Rock" HashKey="1A1A121A1A12121A12">
    <MapTiles>
      <MapTile TileID="1216" AltIDMod="0" />
    </MapTiles>
    <StaticTiles />
  </TransInfo>
  <TransInfo Description="Dark Wooden Floor(NS) to Rock" HashKey="1A1A121A1A1212121A">
    <MapTiles>
      <MapTile TileID="1216" AltIDMod="0" />
    </MapTiles>
    <StaticTiles />
  </TransInfo>
  <TransInfo Description="Dark Wooden Floor(NS) to Rock" HashKey="1A1A121A1A12121A1A">
    <MapTiles>
      <MapTile TileID="1216" AltIDMod="0" />
    </MapTiles>
    <StaticTiles />
  </TransInfo>
  <TransInfo Description="Dark Wooden Floor(NS) to Rock" HashKey="1A1A121A1A1A1A121A">
    <MapTiles>
      <MapTile TileID="1216" AltIDMod="0" />
    </MapTiles>
    <StaticTiles />
  </TransInfo>
  <TransInfo Description="Dark Wooden Floor(NS) to Rock" HashKey="1A1A1A1A1A12121A1A">
    <MapTiles>
      <MapTile TileID="1216" AltIDMod="0" />
    </MapTiles>
    <StaticTiles />
  </TransInfo>
  <TransInfo Description="Dark Wooden Floor(NS) to Rock" HashKey="1A1A121A1A121A121A">
    <MapTiles>
      <MapTile TileID="1216" AltIDMod="0" />
    </MapTiles>
    <StaticTiles />
  </TransInfo>
  <TransInfo Description="Dark Wooden Floor(NS) to Rock" HashKey="1A1A121A1A1A121A12">
    <MapTiles>
      <MapTile TileID="1216" AltIDMod="0" />
    </MapTiles>
    <StaticTiles />
  </TransInfo>
  <TransInfo Description="Dark Wooden Floor(NS) to Rock" HashKey="1A1A1A1A1A1212121A">
    <MapTiles>
      <MapTile TileID="1216" AltIDMod="0" />
    </MapTiles>
    <StaticTiles />
  </TransInfo>
  <TransInfo Description="Dark Wooden Floor(NS) to Rock" HashKey="121212121A1A121A1A">
    <MapTiles>
      <MapTile TileID="1219" AltIDMod="0" />
    </MapTiles>
    <StaticTiles />
  </TransInfo>
  <TransInfo Description="Dark Wooden Floor(NS) to Rock" HashKey="12121A121A1A121A1A">
    <MapTiles>
      <MapTile TileID="1219" AltIDMod="0" />
    </MapTiles>
    <StaticTiles />
  </TransInfo>
  <TransInfo Description="Dark Wooden Floor(NS) to Rock" HashKey="121212121A1A1A1A1A">
    <MapTiles>
      <MapTile TileID="1219" AltIDMod="0" />
    </MapTiles>
    <StaticTiles />
  </TransInfo>
  <TransInfo Description="Dark Wooden Floor(NS) to Rock" HashKey="12121A121A1A1A1A1A">
    <MapTiles>
      <MapTile TileID="1219" AltIDMod="0" />
    </MapTiles>
    <StaticTiles />
  </TransInfo>
  <TransInfo Description="Dark Wooden Floor(NS) to Rock" HashKey="121A12121A1A1A1A1A">
    <MapTiles>
      <MapTile TileID="1219" AltIDMod="0" />
    </MapTiles>
    <StaticTiles />
  </TransInfo>
  <TransInfo Description="Dark Wooden Floor(NS) to Rock" HashKey="12121A1A1A1A121A1A">
    <MapTiles>
      <MapTile TileID="1219" AltIDMod="0" />
    </MapTiles>
    <StaticTiles />
  </TransInfo>
  <TransInfo Description="Dark Wooden Floor(NS) to Rock" HashKey="1A12121A1A1A121A1A">
    <MapTiles>
      <MapTile TileID="1219" AltIDMod="0" />
    </MapTiles>
    <StaticTiles />
  </TransInfo>
  <TransInfo Description="Dark Wooden Floor(NS) to Rock" HashKey="121A121A1A1A121A1A">
    <MapTiles>
      <MapTile TileID="1219" AltIDMod="0" />
    </MapTiles>
    <StaticTiles />
  </TransInfo>
  <TransInfo Description="Dark Wooden Floor(NS) to Rock" HashKey="1212121A1A1A121A1A">
    <MapTiles>
      <MapTile TileID="1219" AltIDMod="0" />
    </MapTiles>
    <StaticTiles />
  </TransInfo>
  <TransInfo Description="Dark Wooden Floor(NS) to Rock" HashKey="1A121A121A1A1A1A1A">
    <MapTiles>
      <MapTile TileID="1219" AltIDMod="0" />
    </MapTiles>
    <StaticTiles />
  </TransInfo>
  <TransInfo Description="Dark Wooden Floor(NS) to Rock" HashKey="121A12121A1A121A1A">
    <MapTiles>
      <MapTile TileID="1219" AltIDMod="0" />
    </MapTiles>
    <StaticTiles />
  </TransInfo>
  <TransInfo Description="Dark Wooden Floor(NS) to Rock" HashKey="1A1A12121A1A121A1A">
    <MapTiles>
      <MapTile TileID="1219" AltIDMod="0" />
    </MapTiles>
    <StaticTiles />
  </TransInfo>
  <TransInfo Description="Dark Wooden Floor(NS) to Rock" HashKey="1A1212121A1A121A1A">
    <MapTiles>
      <MapTile TileID="1219" AltIDMod="0" />
    </MapTiles>
    <StaticTiles />
  </TransInfo>
  <TransInfo Description="Dark Wooden Floor(NS) to Rock" HashKey="1A1A12121A1A1A1A1A">
    <MapTiles>
      <MapTile TileID="1219" AltIDMod="0" />
    </MapTiles>
    <StaticTiles />
  </TransInfo>
  <TransInfo Description="Dark Wooden Floor(NS) to Rock" HashKey="1A121A121A1A121A1A">
    <MapTiles>
      <MapTile TileID="1219" AltIDMod="0" />
    </MapTiles>
    <StaticTiles />
  </TransInfo>
  <TransInfo Description="Dark Wooden Floor(NS) to Rock" HashKey="1A121A1A1A1A121A1A">
    <MapTiles>
      <MapTile TileID="1219" AltIDMod="0" />
    </MapTiles>
    <StaticTiles />
  </TransInfo>
  <TransInfo Description="Dark Wooden Floor(NS) to Rock" HashKey="1A1212121A1A1A1A1A">
    <MapTiles>
      <MapTile TileID="1219" AltIDMod="0" />
    </MapTiles>
    <StaticTiles />
  </TransInfo>
  <TransInfo Description="Dark Wooden Floor(NS) to Rock" HashKey="121A1A121A1A121212">
    <MapTiles>
      <MapTile TileID="1217" AltIDMod="0" />
    </MapTiles>
    <StaticTiles />
  </TransInfo>
  <TransInfo Description="Dark Wooden Floor(NS) to Rock" HashKey="1A1A1A121A1A121212">
    <MapTiles>
      <MapTile TileID="1217" AltIDMod="0" />
    </MapTiles>
    <StaticTiles />
  </TransInfo>
  <TransInfo Description="Dark Wooden Floor(NS) to Rock" HashKey="121A1A121A1A12121A">
    <MapTiles>
      <MapTile TileID="1217" AltIDMod="0" />
    </MapTiles>
    <StaticTiles />
  </TransInfo>
  <TransInfo Description="Dark Wooden Floor(NS) to Rock" HashKey="1A1A1A121A1A12121A">
    <MapTiles>
      <MapTile TileID="1217" AltIDMod="0" />
    </MapTiles>
    <StaticTiles />
  </TransInfo>
  <TransInfo Description="Dark Wooden Floor(NS) to Rock" HashKey="1A1A1A121A1A1A121A">
    <MapTiles>
      <MapTile TileID="1217" AltIDMod="0" />
    </MapTiles>
    <StaticTiles />
  </TransInfo>
  <TransInfo Description="Dark Wooden Floor(NS) to Rock" HashKey="121A1A121A1A1A1A12">
    <MapTiles>
      <MapTile TileID="1217" AltIDMod="0" />
    </MapTiles>
    <StaticTiles />
  </TransInfo>
  <TransInfo Description="Dark Wooden Floor(NS) to Rock" HashKey="121A1A1A1A1A121212">
    <MapTiles>
      <MapTile TileID="1217" AltIDMod="0" />
    </MapTiles>
    <StaticTiles />
  </TransInfo>
  <TransInfo Description="Dark Wooden Floor(NS) to Rock" HashKey="121A1A1A1A1A12121A">
    <MapTiles>
      <MapTile TileID="1217" AltIDMod="0" />
    </MapTiles>
    <StaticTiles />
  </TransInfo>
  <TransInfo Description="Dark Wooden Floor(NS) to Rock" HashKey="121A1A1A1A1A1A121A">
    <MapTiles>
      <MapTile TileID="1217" AltIDMod="0" />
    </MapTiles>
    <StaticTiles />
  </TransInfo>
  <TransInfo Description="Dark Wooden Floor(NS) to Rock" HashKey="1A1A1A121A1A121A12">
    <MapTiles>
      <MapTile TileID="1217" AltIDMod="0" />
    </MapTiles>
    <StaticTiles />
  </TransInfo>
  <TransInfo Description="Dark Wooden Floor(NS) to Rock" HashKey="121A1A121A1A121A12">
    <MapTiles>
      <MapTile TileID="1217" AltIDMod="0" />
    </MapTiles>
    <StaticTiles />
  </TransInfo>
  <TransInfo Description="Dark Wooden Floor(NS) to Rock" HashKey="121A1A1A1A1A1A1212">
    <MapTiles>
      <MapTile TileID="1217" AltIDMod="0" />
    </MapTiles>
    <StaticTiles />
  </TransInfo>
  <TransInfo Description="Dark Wooden Floor(NS) to Rock" HashKey="121A1A121A1A1A1212">
    <MapTiles>
      <MapTile TileID="1217" AltIDMod="0" />
    </MapTiles>
    <StaticTiles />
  </TransInfo>
  <TransInfo Description="Dark Wooden Floor(NS) to Rock" HashKey="1A1A1A121A1A1A1212">
    <MapTiles>
      <MapTile TileID="1217" AltIDMod="0" />
    </MapTiles>
    <StaticTiles />
  </TransInfo>
  <TransInfo Description="Dark Wooden Floor(NS) to Rock" HashKey="1A1A1A121A1A1A1A12">
    <MapTiles>
      <MapTile TileID="1217" AltIDMod="0" />
    </MapTiles>
    <StaticTiles />
  </TransInfo>
  <TransInfo Description="Dark Wooden Floor(NS) to Rock" HashKey="121A1A1A1A1A121A12">
    <MapTiles>
      <MapTile TileID="1217" AltIDMod="0" />
    </MapTiles>
    <StaticTiles />
  </TransInfo>
  <TransInfo Description="Dark Wooden Floor(NS) to Rock" HashKey="121A1A121A1A1A121A">
    <MapTiles>
      <MapTile TileID="1217" AltIDMod="0" />
    </MapTiles>
    <StaticTiles />
  </TransInfo>
  <TransInfo Description="Dark Wooden Floor(NS) to Rock" HashKey="1212121A1A121A1A12">
    <MapTiles>
      <MapTile TileID="1218" AltIDMod="0" />
    </MapTiles>
    <StaticTiles />
  </TransInfo>
  <TransInfo Description="Dark Wooden Floor(NS) to Rock" HashKey="1212121A1A121A1A1A">
    <MapTiles>
      <MapTile TileID="1218" AltIDMod="0" />
    </MapTiles>
    <StaticTiles />
  </TransInfo>
  <TransInfo Description="Dark Wooden Floor(NS) to Rock" HashKey="1A12121A1A121A1A12">
    <MapTiles>
      <MapTile TileID="1218" AltIDMod="0" />
    </MapTiles>
    <StaticTiles />
  </TransInfo>
  <TransInfo Description="Dark Wooden Floor(NS) to Rock" HashKey="1A12121A1A121A1A1A">
    <MapTiles>
      <MapTile TileID="1218" AltIDMod="0" />
    </MapTiles>
    <StaticTiles />
  </TransInfo>
  <TransInfo Description="Dark Wooden Floor(NS) to Rock" HashKey="121A1A1A1A121A1A12">
    <MapTiles>
      <MapTile TileID="1218" AltIDMod="0" />
    </MapTiles>
    <StaticTiles />
  </TransInfo>
  <TransInfo Description="Dark Wooden Floor(NS) to Rock" HashKey="121A121A1A121A1A1A">
    <MapTiles>
      <MapTile TileID="1218" AltIDMod="0" />
    </MapTiles>
    <StaticTiles />
  </TransInfo>
  <TransInfo Description="Dark Wooden Floor(NS) to Rock" HashKey="121A121A1A121A1A12">
    <MapTiles>
      <MapTile TileID="1218" AltIDMod="0" />
    </MapTiles>
    <StaticTiles />
  </TransInfo>
  <TransInfo Description="Dark Wooden Floor(NS) to Rock" HashKey="12121A1A1A1A1A1A12">
    <MapTiles>
      <MapTile TileID="1218" AltIDMod="0" />
    </MapTiles>
    <StaticTiles />
  </TransInfo>
  <TransInfo Description="Dark Wooden Floor(NS) to Rock" HashKey="1A121A1A1A1A1A1A12">
    <MapTiles>
      <MapTile TileID="1218" AltIDMod="0" />
    </MapTiles>
    <StaticTiles />
  </TransInfo>
  <TransInfo Description="Dark Wooden Floor(NS) to Rock" HashKey="1212121A1A1A1A1A12">
    <MapTiles>
      <MapTile TileID="1218" AltIDMod="0" />
    </MapTiles>
    <StaticTiles />
  </TransInfo>
  <TransInfo Description="Dark Wooden Floor(NS) to Rock" HashKey="12121A1A1A121A1A1A">
    <MapTiles>
      <MapTile TileID="1218" AltIDMod="0" />
    </MapTiles>
    <StaticTiles />
  </TransInfo>
  <TransInfo Description="Dark Wooden Floor(NS) to Rock" HashKey="1A12121A1A1A1A1A12">
    <MapTiles>
      <MapTile TileID="1218" AltIDMod="0" />
    </MapTiles>
    <StaticTiles />
  </TransInfo>
  <TransInfo Description="Dark Wooden Floor(NS) to Rock" HashKey="1A121A1A1A121A1A1A">
    <MapTiles>
      <MapTile TileID="1218" AltIDMod="0" />
    </MapTiles>
    <StaticTiles />
  </TransInfo>
  <TransInfo Description="Dark Wooden Floor(NS) to Rock" HashKey="121A1A1A1A121A1A1A">
    <MapTiles>
      <MapTile TileID="1218" AltIDMod="0" />
    </MapTiles>
    <StaticTiles />
  </TransInfo>
  <TransInfo Description="Dark Wooden Floor(NS) to Rock" HashKey="121A121A1A1A1A1A12">
    <MapTiles>
      <MapTile TileID="1218" AltIDMod="0" />
    </MapTiles>
    <StaticTiles />
  </TransInfo>
  <TransInfo Description="Dark Wooden Floor(NS) to Rock" HashKey="1A121A1A1A121A1A12">
    <MapTiles>
      <MapTile TileID="1218" AltIDMod="0" />
    </MapTiles>
    <StaticTiles />
  </TransInfo>
  <TransInfo Description="Dark Wooden Floor(NS) to Rock" HashKey="12121A1A1A121A1A12">
    <MapTiles>
      <MapTile TileID="1218" AltIDMod="0" />
    </MapTiles>
    <StaticTiles />
  </TransInfo>
  <TransInfo Description="Dark Wooden Floor(NS) to Rock" HashKey="121A1A1A1A1A1A1A1A">
    <MapTiles>
      <MapTile TileID="1220" AltIDMod="0" />
    </MapTiles>
    <StaticTiles />
  </TransInfo>
  <TransInfo Description="Dark Wooden Floor(NS) to Rock" HashKey="1A1A1A1A1A1A1A1A12">
    <MapTiles>
      <MapTile TileID="1222" AltIDMod="0" />
    </MapTiles>
    <StaticTiles />
  </TransInfo>
  <TransInfo Description="Dark Wooden Floor(NS) to Rock" HashKey="1A1A121A1A1A1A1A1A">
    <MapTiles>
      <MapTile TileID="1035" AltIDMod="0" />
    </MapTiles>
    <StaticTiles />
  </TransInfo>
  <TransInfo Description="Dark Wooden Floor(NS) to Rock" HashKey="1A1A1A1A1A1A121A1A">
    <MapTiles>
      <MapTile TileID="1036" AltIDMod="0" />
    </MapTiles>
    <StaticTiles />
  </TransInfo>
</Trans>