﻿<?xml version="1.0" encoding="utf-8"?>
<Trans>
    <TransInfo Description="Dark Wooden Floor(EW) to Small Dirt" HashKey="080808191919191919">
    <MapTiles>
      <MapTile TileID="1206" AltIDMod="0" />
    </MapTiles>
    <StaticTiles />
  </TransInfo>
  <TransInfo Description="Dark Wooden Floor(EW) to Small Dirt" HashKey="190808191919191919">
    <MapTiles>
      <MapTile TileID="1206" AltIDMod="0" />
    </MapTiles>
    <StaticTiles />
  </TransInfo>
  <TransInfo Description="Dark Wooden Floor(EW) to Small Dirt" HashKey="080819191919191919">
    <MapTiles>
      <MapTile TileID="1206" AltIDMod="0" />
    </MapTiles>
    <StaticTiles />
  </TransInfo>
  <TransInfo Description="Dark Wooden Floor(EW) to Small Dirt" HashKey="190819191919191919">
    <MapTiles>
      <MapTile TileID="1206" AltIDMod="0" />
    </MapTiles>
    <StaticTiles />
  </TransInfo>
  <TransInfo Description="Dark Wooden Floor(EW) to Small Dirt" HashKey="081908191919191919">
    <MapTiles>
      <MapTile TileID="1206" AltIDMod="0" />
    </MapTiles>
    <StaticTiles />
  </TransInfo>
  <TransInfo Description="Dark Wooden Floor(EW) to Small Dirt" HashKey="081919081919081919">
    <MapTiles>
      <MapTile TileID="1203" AltIDMod="0" />
    </MapTiles>
    <StaticTiles />
  </TransInfo>
  <TransInfo Description="Dark Wooden Floor(EW) to Small Dirt" HashKey="081919081919191919">
    <MapTiles>
      <MapTile TileID="1203" AltIDMod="0" />
    </MapTiles>
    <StaticTiles />
  </TransInfo>
  <TransInfo Description="Dark Wooden Floor(EW) to Small Dirt" HashKey="191919081919081919">
    <MapTiles>
      <MapTile TileID="1203" AltIDMod="0" />
    </MapTiles>
    <StaticTiles />
  </TransInfo>
  <TransInfo Description="Dark Wooden Floor(EW) to Small Dirt" HashKey="191919081919191919">
    <MapTiles>
      <MapTile TileID="1203" AltIDMod="0" />
    </MapTiles>
    <StaticTiles />
  </TransInfo>
  <TransInfo Description="Dark Wooden Floor(EW) to Small Dirt" HashKey="081919191919081919">
    <MapTiles>
      <MapTile TileID="1203" AltIDMod="0" />
    </MapTiles>
    <StaticTiles />
  </TransInfo>
  <TransInfo Description="Dark Wooden Floor(EW) to Small Dirt" HashKey="191908191908191908">
    <MapTiles>
      <MapTile TileID="1205" AltIDMod="0" />
    </MapTiles>
    <StaticTiles />
  </TransInfo>
  <TransInfo Description="Dark Wooden Floor(EW) to Small Dirt" HashKey="191919191908191908">
    <MapTiles>
      <MapTile TileID="1205" AltIDMod="0" />
    </MapTiles>
    <StaticTiles />
  </TransInfo>
  <TransInfo Description="Dark Wooden Floor(EW) to Small Dirt" HashKey="191908191908191919">
    <MapTiles>
      <MapTile TileID="1205" AltIDMod="0" />
    </MapTiles>
    <StaticTiles />
  </TransInfo>
  <TransInfo Description="Dark Wooden Floor(EW) to Small Dirt" HashKey="191919191908191919">
    <MapTiles>
      <MapTile TileID="1205" AltIDMod="0" />
    </MapTiles>
    <StaticTiles />
  </TransInfo>
  <TransInfo Description="Dark Wooden Floor(EW) to Small Dirt" HashKey="191908191919191908">
    <MapTiles>
      <MapTile TileID="1205" AltIDMod="0" />
    </MapTiles>
    <StaticTiles />
  </TransInfo>
  <TransInfo Description="Dark Wooden Floor(EW) to Small Dirt" HashKey="191919191919080808">
    <MapTiles>
      <MapTile TileID="1204" AltIDMod="0" />
    </MapTiles>
    <StaticTiles />
  </TransInfo>
  <TransInfo Description="Dark Wooden Floor(EW) to Small Dirt" HashKey="191919191919080819">
    <MapTiles>
      <MapTile TileID="1204" AltIDMod="0" />
    </MapTiles>
    <StaticTiles />
  </TransInfo>
  <TransInfo Description="Dark Wooden Floor(EW) to Small Dirt" HashKey="191919191919190808">
    <MapTiles>
      <MapTile TileID="1204" AltIDMod="0" />
    </MapTiles>
    <StaticTiles />
  </TransInfo>
  <TransInfo Description="Dark Wooden Floor(EW) to Small Dirt" HashKey="191919191919190819">
    <MapTiles>
      <MapTile TileID="1204" AltIDMod="0" />
    </MapTiles>
    <StaticTiles />
  </TransInfo>
  <TransInfo Description="Dark Wooden Floor(EW) to Small Dirt" HashKey="191919191919081908">
    <MapTiles>
      <MapTile TileID="1204" AltIDMod="0" />
    </MapTiles>
    <StaticTiles />
  </TransInfo>
  <TransInfo Description="Dark Wooden Floor(EW) to Small Dirt" HashKey="191908191908080808">
    <MapTiles>
      <MapTile TileID="1207" AltIDMod="0" />
    </MapTiles>
    <StaticTiles />
  </TransInfo>
  <TransInfo Description="Dark Wooden Floor(EW) to Small Dirt" HashKey="191919191908080808">
    <MapTiles>
      <MapTile TileID="1207" AltIDMod="0" />
    </MapTiles>
    <StaticTiles />
  </TransInfo>
  <TransInfo Description="Dark Wooden Floor(EW) to Small Dirt" HashKey="191908191908190808">
    <MapTiles>
      <MapTile TileID="1207" AltIDMod="0" />
    </MapTiles>
    <StaticTiles />
  </TransInfo>
  <TransInfo Description="Dark Wooden Floor(EW) to Small Dirt" HashKey="191919191908190808">
    <MapTiles>
      <MapTile TileID="1207" AltIDMod="0" />
    </MapTiles>
    <StaticTiles />
  </TransInfo>
  <TransInfo Description="Dark Wooden Floor(EW) to Small Dirt" HashKey="191919191908190819">
    <MapTiles>
      <MapTile TileID="1207" AltIDMod="0" />
    </MapTiles>
    <StaticTiles />
  </TransInfo>
  <TransInfo Description="Dark Wooden Floor(EW) to Small Dirt" HashKey="191908191919190808">
    <MapTiles>
      <MapTile TileID="1207" AltIDMod="0" />
    </MapTiles>
    <StaticTiles />
  </TransInfo>
  <TransInfo Description="Dark Wooden Floor(EW) to Small Dirt" HashKey="191908191919080808">
    <MapTiles>
      <MapTile TileID="1207" AltIDMod="0" />
    </MapTiles>
    <StaticTiles />
  </TransInfo>
  <TransInfo Description="Dark Wooden Floor(EW) to Small Dirt" HashKey="191908191919080819">
    <MapTiles>
      <MapTile TileID="1207" AltIDMod="0" />
    </MapTiles>
    <StaticTiles />
  </TransInfo>
  <TransInfo Description="Dark Wooden Floor(EW) to Small Dirt" HashKey="191919191908081908">
    <MapTiles>
      <MapTile TileID="1207" AltIDMod="0" />
    </MapTiles>
    <StaticTiles />
  </TransInfo>
  <TransInfo Description="Dark Wooden Floor(EW) to Small Dirt" HashKey="191908191908081908">
    <MapTiles>
      <MapTile TileID="1207" AltIDMod="0" />
    </MapTiles>
    <StaticTiles />
  </TransInfo>
  <TransInfo Description="Dark Wooden Floor(EW) to Small Dirt" HashKey="191908191908080819">
    <MapTiles>
      <MapTile TileID="1207" AltIDMod="0" />
    </MapTiles>
    <StaticTiles />
  </TransInfo>
  <TransInfo Description="Dark Wooden Floor(EW) to Small Dirt" HashKey="191908191908081919">
    <MapTiles>
      <MapTile TileID="1207" AltIDMod="0" />
    </MapTiles>
    <StaticTiles />
  </TransInfo>
  <TransInfo Description="Dark Wooden Floor(EW) to Small Dirt" HashKey="191908191919190819">
    <MapTiles>
      <MapTile TileID="1207" AltIDMod="0" />
    </MapTiles>
    <StaticTiles />
  </TransInfo>
  <TransInfo Description="Dark Wooden Floor(EW) to Small Dirt" HashKey="191919191908081919">
    <MapTiles>
      <MapTile TileID="1207" AltIDMod="0" />
    </MapTiles>
    <StaticTiles />
  </TransInfo>
  <TransInfo Description="Dark Wooden Floor(EW) to Small Dirt" HashKey="191908191908190819">
    <MapTiles>
      <MapTile TileID="1207" AltIDMod="0" />
    </MapTiles>
    <StaticTiles />
  </TransInfo>
  <TransInfo Description="Dark Wooden Floor(EW) to Small Dirt" HashKey="191908191919081908">
    <MapTiles>
      <MapTile TileID="1207" AltIDMod="0" />
    </MapTiles>
    <StaticTiles />
  </TransInfo>
  <TransInfo Description="Dark Wooden Floor(EW) to Small Dirt" HashKey="191919191908080819">
    <MapTiles>
      <MapTile TileID="1207" AltIDMod="0" />
    </MapTiles>
    <StaticTiles />
  </TransInfo>
  <TransInfo Description="Dark Wooden Floor(EW) to Small Dirt" HashKey="080808081919081919">
    <MapTiles>
      <MapTile TileID="1210" AltIDMod="0" />
    </MapTiles>
    <StaticTiles />
  </TransInfo>
  <TransInfo Description="Dark Wooden Floor(EW) to Small Dirt" HashKey="080819081919081919">
    <MapTiles>
      <MapTile TileID="1210" AltIDMod="0" />
    </MapTiles>
    <StaticTiles />
  </TransInfo>
  <TransInfo Description="Dark Wooden Floor(EW) to Small Dirt" HashKey="080808081919191919">
    <MapTiles>
      <MapTile TileID="1210" AltIDMod="0" />
    </MapTiles>
    <StaticTiles />
  </TransInfo>
  <TransInfo Description="Dark Wooden Floor(EW) to Small Dirt" HashKey="080819081919191919">
    <MapTiles>
      <MapTile TileID="1210" AltIDMod="0" />
    </MapTiles>
    <StaticTiles />
  </TransInfo>
  <TransInfo Description="Dark Wooden Floor(EW) to Small Dirt" HashKey="081908081919191919">
    <MapTiles>
      <MapTile TileID="1210" AltIDMod="0" />
    </MapTiles>
    <StaticTiles />
  </TransInfo>
  <TransInfo Description="Dark Wooden Floor(EW) to Small Dirt" HashKey="080819191919081919">
    <MapTiles>
      <MapTile TileID="1210" AltIDMod="0" />
    </MapTiles>
    <StaticTiles />
  </TransInfo>
  <TransInfo Description="Dark Wooden Floor(EW) to Small Dirt" HashKey="190808191919081919">
    <MapTiles>
      <MapTile TileID="1210" AltIDMod="0" />
    </MapTiles>
    <StaticTiles />
  </TransInfo>
  <TransInfo Description="Dark Wooden Floor(EW) to Small Dirt" HashKey="081908191919081919">
    <MapTiles>
      <MapTile TileID="1210" AltIDMod="0" />
    </MapTiles>
    <StaticTiles />
  </TransInfo>
  <TransInfo Description="Dark Wooden Floor(EW) to Small Dirt" HashKey="080808191919081919">
    <MapTiles>
      <MapTile TileID="1210" AltIDMod="0" />
    </MapTiles>
    <StaticTiles />
  </TransInfo>
  <TransInfo Description="Dark Wooden Floor(EW) to Small Dirt" HashKey="190819081919191919">
    <MapTiles>
      <MapTile TileID="1210" AltIDMod="0" />
    </MapTiles>
    <StaticTiles />
  </TransInfo>
  <TransInfo Description="Dark Wooden Floor(EW) to Small Dirt" HashKey="081908081919081919">
    <MapTiles>
      <MapTile TileID="1210" AltIDMod="0" />
    </MapTiles>
    <StaticTiles />
  </TransInfo>
  <TransInfo Description="Dark Wooden Floor(EW) to Small Dirt" HashKey="191908081919081919">
    <MapTiles>
      <MapTile TileID="1210" AltIDMod="0" />
    </MapTiles>
    <StaticTiles />
  </TransInfo>
  <TransInfo Description="Dark Wooden Floor(EW) to Small Dirt" HashKey="190808081919081919">
    <MapTiles>
      <MapTile TileID="1210" AltIDMod="0" />
    </MapTiles>
    <StaticTiles />
  </TransInfo>
  <TransInfo Description="Dark Wooden Floor(EW) to Small Dirt" HashKey="191908081919191919">
    <MapTiles>
      <MapTile TileID="1210" AltIDMod="0" />
    </MapTiles>
    <StaticTiles />
  </TransInfo>
  <TransInfo Description="Dark Wooden Floor(EW) to Small Dirt" HashKey="190819081919081919">
    <MapTiles>
      <MapTile TileID="1210" AltIDMod="0" />
    </MapTiles>
    <StaticTiles />
  </TransInfo>
  <TransInfo Description="Dark Wooden Floor(EW) to Small Dirt" HashKey="190819191919081919">
    <MapTiles>
      <MapTile TileID="1210" AltIDMod="0" />
    </MapTiles>
    <StaticTiles />
  </TransInfo>
  <TransInfo Description="Dark Wooden Floor(EW) to Small Dirt" HashKey="190808081919191919">
    <MapTiles>
      <MapTile TileID="1210" AltIDMod="0" />
    </MapTiles>
    <StaticTiles />
  </TransInfo>
  <TransInfo Description="Dark Wooden Floor(EW) to Small Dirt" HashKey="081919081919080808">
    <MapTiles>
      <MapTile TileID="1208" AltIDMod="0" />
    </MapTiles>
    <StaticTiles />
  </TransInfo>
  <TransInfo Description="Dark Wooden Floor(EW) to Small Dirt" HashKey="191919081919080808">
    <MapTiles>
      <MapTile TileID="1208" AltIDMod="0" />
    </MapTiles>
    <StaticTiles />
  </TransInfo>
  <TransInfo Description="Dark Wooden Floor(EW) to Small Dirt" HashKey="081919081919080819">
    <MapTiles>
      <MapTile TileID="1208" AltIDMod="0" />
    </MapTiles>
    <StaticTiles />
  </TransInfo>
  <TransInfo Description="Dark Wooden Floor(EW) to Small Dirt" HashKey="191919081919080819">
    <MapTiles>
      <MapTile TileID="1208" AltIDMod="0" />
    </MapTiles>
    <StaticTiles />
  </TransInfo>
  <TransInfo Description="Dark Wooden Floor(EW) to Small Dirt" HashKey="191919081919190819">
    <MapTiles>
      <MapTile TileID="1208" AltIDMod="0" />
    </MapTiles>
    <StaticTiles />
  </TransInfo>
  <TransInfo Description="Dark Wooden Floor(EW) to Small Dirt" HashKey="081919081919191908">
    <MapTiles>
      <MapTile TileID="1208" AltIDMod="0" />
    </MapTiles>
    <StaticTiles />
  </TransInfo>
  <TransInfo Description="Dark Wooden Floor(EW) to Small Dirt" HashKey="081919191919080808">
    <MapTiles>
      <MapTile TileID="1208" AltIDMod="0" />
    </MapTiles>
    <StaticTiles />
  </TransInfo>
  <TransInfo Description="Dark Wooden Floor(EW) to Small Dirt" HashKey="081919191919080819">
    <MapTiles>
      <MapTile TileID="1208" AltIDMod="0" />
    </MapTiles>
    <StaticTiles />
  </TransInfo>
  <TransInfo Description="Dark Wooden Floor(EW) to Small Dirt" HashKey="081919191919190819">
    <MapTiles>
      <MapTile TileID="1208" AltIDMod="0" />
    </MapTiles>
    <StaticTiles />
  </TransInfo>
  <TransInfo Description="Dark Wooden Floor(EW) to Small Dirt" HashKey="191919081919081908">
    <MapTiles>
      <MapTile TileID="1208" AltIDMod="0" />
    </MapTiles>
    <StaticTiles />
  </TransInfo>
  <TransInfo Description="Dark Wooden Floor(EW) to Small Dirt" HashKey="081919081919081908">
    <MapTiles>
      <MapTile TileID="1208" AltIDMod="0" />
    </MapTiles>
    <StaticTiles />
  </TransInfo>
  <TransInfo Description="Dark Wooden Floor(EW) to Small Dirt" HashKey="081919191919190808">
    <MapTiles>
      <MapTile TileID="1208" AltIDMod="0" />
    </MapTiles>
    <StaticTiles />
  </TransInfo>
  <TransInfo Description="Dark Wooden Floor(EW) to Small Dirt" HashKey="081919081919190808">
    <MapTiles>
      <MapTile TileID="1208" AltIDMod="0" />
    </MapTiles>
    <StaticTiles />
  </TransInfo>
  <TransInfo Description="Dark Wooden Floor(EW) to Small Dirt" HashKey="191919081919190808">
    <MapTiles>
      <MapTile TileID="1208" AltIDMod="0" />
    </MapTiles>
    <StaticTiles />
  </TransInfo>
  <TransInfo Description="Dark Wooden Floor(EW) to Small Dirt" HashKey="191919081919191908">
    <MapTiles>
      <MapTile TileID="1208" AltIDMod="0" />
    </MapTiles>
    <StaticTiles />
  </TransInfo>
  <TransInfo Description="Dark Wooden Floor(EW) to Small Dirt" HashKey="081919191919081908">
    <MapTiles>
      <MapTile TileID="1208" AltIDMod="0" />
    </MapTiles>
    <StaticTiles />
  </TransInfo>
  <TransInfo Description="Dark Wooden Floor(EW) to Small Dirt" HashKey="081919081919190819">
    <MapTiles>
      <MapTile TileID="1208" AltIDMod="0" />
    </MapTiles>
    <StaticTiles />
  </TransInfo>
  <TransInfo Description="Dark Wooden Floor(EW) to Small Dirt" HashKey="080808191908191908">
    <MapTiles>
      <MapTile TileID="1209" AltIDMod="0" />
    </MapTiles>
    <StaticTiles />
  </TransInfo>
  <TransInfo Description="Dark Wooden Floor(EW) to Small Dirt" HashKey="080808191908191919">
    <MapTiles>
      <MapTile TileID="1209" AltIDMod="0" />
    </MapTiles>
    <StaticTiles />
  </TransInfo>
  <TransInfo Description="Dark Wooden Floor(EW) to Small Dirt" HashKey="190808191908191908">
    <MapTiles>
      <MapTile TileID="1209" AltIDMod="0" />
    </MapTiles>
    <StaticTiles />
  </TransInfo>
  <TransInfo Description="Dark Wooden Floor(EW) to Small Dirt" HashKey="190808191908191919">
    <MapTiles>
      <MapTile TileID="1209" AltIDMod="0" />
    </MapTiles>
    <StaticTiles />
  </TransInfo>
  <TransInfo Description="Dark Wooden Floor(EW) to Small Dirt" HashKey="081919191908191908">
    <MapTiles>
      <MapTile TileID="1209" AltIDMod="0" />
    </MapTiles>
    <StaticTiles />
  </TransInfo>
  <TransInfo Description="Dark Wooden Floor(EW) to Small Dirt" HashKey="081908191908191919">
    <MapTiles>
      <MapTile TileID="1209" AltIDMod="0" />
    </MapTiles>
    <StaticTiles />
  </TransInfo>
  <TransInfo Description="Dark Wooden Floor(EW) to Small Dirt" HashKey="081908191908191908">
    <MapTiles>
      <MapTile TileID="1209" AltIDMod="0" />
    </MapTiles>
    <StaticTiles />
  </TransInfo>
  <TransInfo Description="Dark Wooden Floor(EW) to Small Dirt" HashKey="080819191919191908">
    <MapTiles>
      <MapTile TileID="1209" AltIDMod="0" />
    </MapTiles>
    <StaticTiles />
  </TransInfo>
  <TransInfo Description="Dark Wooden Floor(EW) to Small Dirt" HashKey="190819191919191908">
    <MapTiles>
      <MapTile TileID="1209" AltIDMod="0" />
    </MapTiles>
    <StaticTiles />
  </TransInfo>
  <TransInfo Description="Dark Wooden Floor(EW) to Small Dirt" HashKey="080808191919191908">
    <MapTiles>
      <MapTile TileID="1209" AltIDMod="0" />
    </MapTiles>
    <StaticTiles />
  </TransInfo>
  <TransInfo Description="Dark Wooden Floor(EW) to Small Dirt" HashKey="080819191908191919">
    <MapTiles>
      <MapTile TileID="1209" AltIDMod="0" />
    </MapTiles>
    <StaticTiles />
  </TransInfo>
  <TransInfo Description="Dark Wooden Floor(EW) to Small Dirt" HashKey="190808191919191908">
    <MapTiles>
      <MapTile TileID="1209" AltIDMod="0" />
    </MapTiles>
    <StaticTiles />
  </TransInfo>
  <TransInfo Description="Dark Wooden Floor(EW) to Small Dirt" HashKey="190819191908191919">
    <MapTiles>
      <MapTile TileID="1209" AltIDMod="0" />
    </MapTiles>
    <StaticTiles />
  </TransInfo>
  <TransInfo Description="Dark Wooden Floor(EW) to Small Dirt" HashKey="081919191908191919">
    <MapTiles>
      <MapTile TileID="1209" AltIDMod="0" />
    </MapTiles>
    <StaticTiles />
  </TransInfo>
  <TransInfo Description="Dark Wooden Floor(EW) to Small Dirt" HashKey="081908191919191908">
    <MapTiles>
      <MapTile TileID="1209" AltIDMod="0" />
    </MapTiles>
    <StaticTiles />
  </TransInfo>
  <TransInfo Description="Dark Wooden Floor(EW) to Small Dirt" HashKey="190819191908191908">
    <MapTiles>
      <MapTile TileID="1209" AltIDMod="0" />
    </MapTiles>
    <StaticTiles />
  </TransInfo>
  <TransInfo Description="Dark Wooden Floor(EW) to Small Dirt" HashKey="080819191908191908">
    <MapTiles>
      <MapTile TileID="1209" AltIDMod="0" />
    </MapTiles>
    <StaticTiles />
  </TransInfo>
  <TransInfo Description="Dark Wooden Floor(EW) to Small Dirt" HashKey="081919191919191919">
    <MapTiles>
      <MapTile TileID="1211" AltIDMod="0" />
    </MapTiles>
    <StaticTiles />
  </TransInfo>
  <TransInfo Description="Dark Wooden Floor(EW) to Small Dirt" HashKey="191919191919191908">
    <MapTiles>
      <MapTile TileID="1221" AltIDMod="0" />
    </MapTiles>
    <StaticTiles />
  </TransInfo>
  <TransInfo Description="Dark Wooden Floor(EW) to Small Dirt" HashKey="191908191919191919">
    <MapTiles>
      <MapTile TileID="1031" AltIDMod="0" />
    </MapTiles>
    <StaticTiles />
  </TransInfo>
  <TransInfo Description="Dark Wooden Floor(EW) to Small Dirt" HashKey="191919191919081919">
    <MapTiles>
      <MapTile TileID="1032" AltIDMod="0" />
    </MapTiles>
    <StaticTiles />
  </TransInfo>
</Trans>