﻿<?xml version="1.0" encoding="utf-8"?>
<Trans>
  <TransInfo Description="Dark Gray Stone To Blank" HashKey="1313131E1E131E1E13">
    <MapTiles>
      <MapTile TileID="1086" AltIDMod="0" />
    </MapTiles>
    <StaticTiles>
      <StaticTile TileID="87" AltIDMod="0" />
    </StaticTiles>
  </TransInfo>
  <TransInfo Description="Dark Gray Stone To Blank" HashKey="1E1E1E131E1E131E1E">
    <MapTiles>
      <MapTile TileID="1086" AltIDMod="0" />
    </MapTiles>
    <StaticTiles />
  </TransInfo>
  <TransInfo Description="Dark Gray Stone To Blank" HashKey="13131313131E131E1E">
    <MapTiles>
      <MapTile TileID="580" AltIDMod="0" />
    </MapTiles>
    <StaticTiles>
      <StaticTile TileID="89" AltIDMod="0" />
    </StaticTiles>
  </TransInfo>
  <TransInfo Description="Dark Gray Stone To Blank" HashKey="131313131313131E1E">
    <MapTiles>
      <MapTile TileID="580" AltIDMod="0" />
    </MapTiles>
    <StaticTiles>
      <StaticTile TileID="88" AltIDMod="0" />
    </StaticTiles>
  </TransInfo>
  <TransInfo Description="Dark Gray Stone To Blank" HashKey="1E1E1E1E1E13131313">
    <MapTiles>
      <MapTile TileID="1086" AltIDMod="0" />
    </MapTiles>
    <StaticTiles>
      <StaticTile TileID="89" AltIDMod="0" />
    </StaticTiles>
  </TransInfo>
  <TransInfo Description="Dark Gray Stone To Blank" HashKey="1E13131E1313131313">
    <MapTiles>
      <MapTile TileID="580" AltIDMod="0" />
    </MapTiles>
    <StaticTiles />
  </TransInfo>
  <TransInfo Description="Dark Gray Stone To Blank" HashKey="13131E131E1E131E1E">
    <MapTiles>
      <MapTile TileID="1086" AltIDMod="0" />
    </MapTiles>
    <StaticTiles />
  </TransInfo>
  <TransInfo Description="Dark Gray Stone To Blank" HashKey="1E1E13131313131313">
    <MapTiles>
      <MapTile TileID="580" AltIDMod="0" />
    </MapTiles>
    <StaticTiles />
  </TransInfo>
  <TransInfo Description="Dark Gray Stone To Blank" HashKey="1E1E131E1E131E1313">
    <MapTiles>
      <MapTile TileID="1086" AltIDMod="0" />
    </MapTiles>
    <StaticTiles>
      <StaticTile TileID="89" AltIDMod="0" />
    </StaticTiles>
  </TransInfo>
  <TransInfo Description="Dark Gray Stone To Blank" HashKey="1E1E1E1E1313131313">
    <MapTiles>
      <MapTile TileID="580" AltIDMod="0" />
    </MapTiles>
    <StaticTiles />
  </TransInfo>
  <TransInfo Description="Dark Gray Stone To Blank" HashKey="1313131E13131E1313">
    <MapTiles>
      <MapTile TileID="580" AltIDMod="0" />
    </MapTiles>
    <StaticTiles />
  </TransInfo>
  <TransInfo Description="Dark Gray Stone To Blank" HashKey="1313131313131E1313">
    <MapTiles>
      <MapTile TileID="580" AltIDMod="0" />
    </MapTiles>
    <StaticTiles />
  </TransInfo>
  <TransInfo Description="Dark Gray Stone To Blank" HashKey="1E1E131E13131E1313">
    <MapTiles>
      <MapTile TileID="580" AltIDMod="0" />
    </MapTiles>
    <StaticTiles />
  </TransInfo>
  <TransInfo Description="Dark Gray Stone To Blank" HashKey="131E1E131E1E1E1E1E">
    <MapTiles>
      <MapTile TileID="1086" AltIDMod="0" />
    </MapTiles>
    <StaticTiles />
  </TransInfo>
  <TransInfo Description="Dark Gray Stone To Blank" HashKey="1E1E1E131E1E13131E">
    <MapTiles>
      <MapTile TileID="1086" AltIDMod="0" />
    </MapTiles>
    <StaticTiles>
      <StaticTile TileID="88" AltIDMod="0" />
    </StaticTiles>
  </TransInfo>
  <TransInfo Description="Dark Gray Stone To Blank" HashKey="1313131E13131E1E1E">
    <MapTiles>
      <MapTile TileID="580" AltIDMod="0" />
    </MapTiles>
    <StaticTiles>
      <StaticTile TileID="88" AltIDMod="0" />
    </StaticTiles>
  </TransInfo>
  <TransInfo Description="Dark Gray Stone To Blank" HashKey="131E1E1E1E1E1E1E1E">
    <MapTiles>
      <MapTile TileID="1086" AltIDMod="0" />
    </MapTiles>
    <StaticTiles />
  </TransInfo>
  <TransInfo Description="Dark Gray Stone To Blank" HashKey="1E1E131E1E131E1E1E">
    <MapTiles>
      <MapTile TileID="1086" AltIDMod="0" />
    </MapTiles>
    <StaticTiles>
      <StaticTile TileID="87" AltIDMod="0" />
    </StaticTiles>
  </TransInfo>
  <TransInfo Description="Dark Gray Stone To Blank" HashKey="1313131E1E1E1E1E1E">
    <MapTiles>
      <MapTile TileID="1086" AltIDMod="0" />
    </MapTiles>
    <StaticTiles />
  </TransInfo>
  <TransInfo Description="Dark Gray Stone To Blank" HashKey="131E1E13131E13131E">
    <MapTiles>
      <MapTile TileID="580" AltIDMod="0" />
    </MapTiles>
    <StaticTiles>
      <StaticTile TileID="87" AltIDMod="0" />
    </StaticTiles>
  </TransInfo>
  <TransInfo Description="Dark Gray Stone To Blank" HashKey="1E1E1E1E1E1E1E1313">
    <MapTiles>
      <MapTile TileID="1086" AltIDMod="0" />
    </MapTiles>
    <StaticTiles>
      <StaticTile TileID="88" AltIDMod="0" />
    </StaticTiles>
  </TransInfo>
  <TransInfo Description="Dark Gray Stone To Blank" HashKey="1E1E131E1E13131313">
    <MapTiles>
      <MapTile TileID="1086" AltIDMod="0" />
    </MapTiles>
    <StaticTiles>
      <StaticTile TileID="89" AltIDMod="0" />
    </StaticTiles>
  </TransInfo>
  <TransInfo Description="Dark Gray Stone To Blank" HashKey="1E13131E1E1E1E1E1E">
    <MapTiles>
      <MapTile TileID="1086" AltIDMod="0" />
    </MapTiles>
    <StaticTiles />
  </TransInfo>
  <TransInfo Description="Dark Gray Stone To Blank" HashKey="1E1E1E1E1E1E131313">
    <MapTiles>
      <MapTile TileID="1086" AltIDMod="0" />
    </MapTiles>
    <StaticTiles>
      <StaticTile TileID="88" AltIDMod="0" />
    </StaticTiles>
  </TransInfo>
  <TransInfo Description="Dark Gray Stone To Blank" HashKey="131E1E131E1E131E1E">
    <MapTiles>
      <MapTile TileID="1086" AltIDMod="0" />
    </MapTiles>
    <StaticTiles />
  </TransInfo>
  <TransInfo Description="Dark Gray Stone To Blank" HashKey="13131E13131E13131E">
    <MapTiles>
      <MapTile TileID="580" AltIDMod="0" />
    </MapTiles>
    <StaticTiles>
      <StaticTile TileID="87" AltIDMod="0" />
    </StaticTiles>
  </TransInfo>
  <TransInfo Description="Dark Gray Stone To Blank" HashKey="1313131313131E1E1E">
    <MapTiles>
      <MapTile TileID="580" AltIDMod="0" />
    </MapTiles>
    <StaticTiles>
      <StaticTile TileID="88" AltIDMod="0" />
    </StaticTiles>
  </TransInfo>
  <TransInfo Description="Dark Gray Stone To Blank" HashKey="1E1E1E13131E13131E">
    <MapTiles>
      <MapTile TileID="580" AltIDMod="0" />
    </MapTiles>
    <StaticTiles>
      <StaticTile TileID="87" AltIDMod="0" />
    </StaticTiles>
  </TransInfo>
  <TransInfo Description="Dark Gray Stone To Blank" HashKey="131E1E131E1E131313">
    <MapTiles>
      <MapTile TileID="1086" AltIDMod="0" />
    </MapTiles>
    <StaticTiles>
      <StaticTile TileID="88" AltIDMod="0" />
    </StaticTiles>
  </TransInfo>
  <TransInfo Description="Dark Gray Stone To Blank" HashKey="1E1E131E1E131E1E13">
    <MapTiles>
      <MapTile TileID="1086" AltIDMod="0" />
    </MapTiles>
    <StaticTiles>
      <StaticTile TileID="87" AltIDMod="0" />
    </StaticTiles>
  </TransInfo>
  <TransInfo Description="Dark Gray Stone To Blank" HashKey="1E1E1E1E1E1E1E1E13">
    <MapTiles>
      <MapTile TileID="1086" AltIDMod="0" />
    </MapTiles>
    <StaticTiles>
      <StaticTile TileID="90" AltIDMod="0" />
    </StaticTiles>
  </TransInfo>
  <TransInfo Description="Dark Gray Stone To Blank" HashKey="13131313131313131E">
    <MapTiles>
      <MapTile TileID="580" AltIDMod="0" />
    </MapTiles>
    <StaticTiles>
      <StaticTile TileID="90" AltIDMod="0" />
    </StaticTiles>
  </TransInfo>
  <TransInfo Description="Dark Gray Stone To Blank" HashKey="1E1E1E1E1E1E131E1E">
    <MapTiles>
      <MapTile TileID="1086" AltIDMod="0" />
    </MapTiles>
    <StaticTiles />
  </TransInfo>
  <TransInfo Description="Dark Gray Stone To Blank" HashKey="13131313131E13131E">
    <MapTiles>
      <MapTile TileID="580" AltIDMod="0" />
    </MapTiles>
    <StaticTiles>
      <StaticTile TileID="87" AltIDMod="0" />
    </StaticTiles>
  </TransInfo>
  <TransInfo Description="Dark Gray Stone To Blank" HashKey="1E13131E13131E1313">
    <MapTiles>
      <MapTile TileID="580" AltIDMod="0" />
    </MapTiles>
    <StaticTiles />
  </TransInfo>
  <TransInfo Description="Dark Gray Stone To Blank" HashKey="1E1E1E1E1E131E1E13">
    <MapTiles>
      <MapTile TileID="1086" AltIDMod="0" />
    </MapTiles>
    <StaticTiles>
      <StaticTile TileID="87" AltIDMod="0" />
    </StaticTiles>
  </TransInfo>
  <TransInfo Description="Dark Gray Stone To Blank" HashKey="1E1313131313131313">
    <MapTiles>
      <MapTile TileID="580" AltIDMod="0" />
    </MapTiles>
    <StaticTiles />
  </TransInfo>
  <TransInfo Description="Dark Gray Stone To Blank" HashKey="1313131E1E131E1E1E">
    <MapTiles>
      <MapTile TileID="1086" AltIDMod="0" />
    </MapTiles>
    <StaticTiles>
      <StaticTile TileID="87" AltIDMod="0" />
    </StaticTiles>
  </TransInfo>
  <TransInfo Description="Dark Gray Stone To Blank" HashKey="13131E131313131313">
    <MapTiles>
      <MapTile TileID="580" AltIDMod="0" />
    </MapTiles>
    <StaticTiles />
  </TransInfo>
  <TransInfo Description="Dark Gray Stone To Blank" HashKey="131313131E1E131E1E">
    <MapTiles>
      <MapTile TileID="1086" AltIDMod="0" />
    </MapTiles>
    <StaticTiles />
  </TransInfo>
  <TransInfo Description="Dark Gray Stone To Blank" HashKey="1E1E131E1313131313">
    <MapTiles>
      <MapTile TileID="580" AltIDMod="0" />
    </MapTiles>
    <StaticTiles />
  </TransInfo>
  <TransInfo Description="Dark Gray Stone To Blank" HashKey="1E1E1E1E1E1E13131E">
    <MapTiles>
      <MapTile TileID="1086" AltIDMod="0" />
    </MapTiles>
    <StaticTiles>
      <StaticTile TileID="88" AltIDMod="0" />
    </StaticTiles>
  </TransInfo>
  <TransInfo Description="Dark Gray Stone To Blank" HashKey="1313131313131E1E13">
    <MapTiles>
      <MapTile TileID="580" AltIDMod="0" />
    </MapTiles>
    <StaticTiles>
      <StaticTile TileID="88" AltIDMod="0" />
    </StaticTiles>
  </TransInfo>
  <TransInfo Description="Dark Gray Stone To Blank" HashKey="1E1E1E131313131313">
    <MapTiles>
      <MapTile TileID="580" AltIDMod="0" />
    </MapTiles>
    <StaticTiles />
  </TransInfo>
  <TransInfo Description="Dark Gray Stone To Blank" HashKey="13131E13131E131E1E">
    <MapTiles>
      <MapTile TileID="580" AltIDMod="0" />
    </MapTiles>
    <StaticTiles>
      <StaticTile TileID="89" AltIDMod="0" />
    </StaticTiles>
  </TransInfo>
  <TransInfo Description="Dark Gray Stone To Blank" HashKey="1E1E131E1E1E1E1E1E">
    <MapTiles>
      <MapTile TileID="1086" AltIDMod="0" />
    </MapTiles>
    <StaticTiles />
  </TransInfo>
  <TransInfo Description="Dark Gray Stone To Blank" HashKey="131E1E131313131313">
    <MapTiles>
      <MapTile TileID="580" AltIDMod="0" />
    </MapTiles>
    <StaticTiles />
  </TransInfo>
  <TransInfo Description="Dark Gray Stone To Blank" HashKey="1E13131E1E131E1E1E">
    <MapTiles>
      <MapTile TileID="1086" AltIDMod="0" />
    </MapTiles>
    <StaticTiles>
      <StaticTile TileID="87" AltIDMod="0" />
    </StaticTiles>
  </TransInfo>
  <TransInfo Description="Dark Gray Stone To Blank" HashKey="1E1E1E1E1E131E1313">
    <MapTiles>
      <MapTile TileID="1086" AltIDMod="0" />
    </MapTiles>
    <StaticTiles>
      <StaticTile TileID="89" AltIDMod="0" />
    </StaticTiles>
  </TransInfo>
  <TransInfo Description="Dark Gray Stone To Blank" HashKey="1E1E1E1E13131E1313">
    <MapTiles>
      <MapTile TileID="580" AltIDMod="0" />
    </MapTiles>
    <StaticTiles />
  </TransInfo>
  <TransInfo Description="Dark Gray Stone To Blank" HashKey="131313131E1E1E1E1E">
    <MapTiles>
      <MapTile TileID="1086" AltIDMod="0" />
    </MapTiles>
    <StaticTiles />
  </TransInfo>
  <TransInfo Description="Dark Gray Stone To Blank" HashKey="13131E1E1E1E1E1E1E">
    <MapTiles>
      <MapTile TileID="1086" AltIDMod="0" />
    </MapTiles>
    <StaticTiles />
  </TransInfo>
  <TransInfo Description="Dark Gray Stone To Blank" HashKey="13131313131E1E1E1E">
    <MapTiles>
      <MapTile TileID="580" AltIDMod="0" />
    </MapTiles>
    <StaticTiles>
      <StaticTile TileID="89" AltIDMod="0" />
    </StaticTiles>
  </TransInfo>
  <TransInfo Description="Dark Gray Stone To Blank" HashKey="13131E13131E1E1E1E">
    <MapTiles>
      <MapTile TileID="580" AltIDMod="0" />
    </MapTiles>
    <StaticTiles>
      <StaticTile TileID="89" AltIDMod="0" />
    </StaticTiles>
  </TransInfo>
  <TransInfo Description="Dark Gray Stone To Blank" HashKey="1313131E13131E1E13">
    <MapTiles>
      <MapTile TileID="580" AltIDMod="0" />
    </MapTiles>
    <StaticTiles>
      <StaticTile TileID="88" AltIDMod="0" />
    </StaticTiles>
  </TransInfo>
  <TransInfo Description="Dark Gray Stone To Blank" HashKey="1E1E1E13131E131313">
    <MapTiles>
      <MapTile TileID="580" AltIDMod="0" />
    </MapTiles>
    <StaticTiles>
      <StaticTile TileID="87" AltIDMod="0" />
    </StaticTiles>
  </TransInfo>
  <TransInfo Description="Dark Gray Stone To Blank" HashKey="1E13131E13131E1E1E">
    <MapTiles>
      <MapTile TileID="580" AltIDMod="0" />
    </MapTiles>
    <StaticTiles>
      <StaticTile TileID="88" AltIDMod="0" />
    </StaticTiles>
  </TransInfo>
  <TransInfo Description="Dark Gray Stone To Blank" HashKey="131E1E131E1E13131E">
    <MapTiles>
      <MapTile TileID="1086" AltIDMod="0" />
    </MapTiles>
    <StaticTiles>
      <StaticTile TileID="88" AltIDMod="0" />
    </StaticTiles>
  </TransInfo>
  <TransInfo Description="Dark Gray Stone To Blank" HashKey="131E1E13131E131313">
    <MapTiles>
      <MapTile TileID="580" AltIDMod="0" />
    </MapTiles>
    <StaticTiles>
      <StaticTile TileID="87" AltIDMod="0" />
    </StaticTiles>
  </TransInfo>
  <TransInfo Description="Dark Gray Stone To Blank" HashKey="1E13131E1E131E1E13">
    <MapTiles>
      <MapTile TileID="1086" AltIDMod="0" />
    </MapTiles>
    <StaticTiles>
      <StaticTile TileID="87" AltIDMod="0" />
    </StaticTiles>
  </TransInfo>
  <TransInfo Description="Dark Gray Stone To Blank" HashKey="13131E131E1E1E1E1E">
    <MapTiles>
      <MapTile TileID="1086" AltIDMod="0" />
    </MapTiles>
    <StaticTiles />
  </TransInfo>
  <TransInfo Description="Dark Gray Stone To Blank" HashKey="13131E13131E131313">
    <MapTiles>
      <MapTile TileID="580" AltIDMod="0" />
    </MapTiles>
    <StaticTiles>
      <StaticTile TileID="87" AltIDMod="0" />
    </StaticTiles>
  </TransInfo>
  <TransInfo Description="Dark Gray Stone To Blank" HashKey="1E1E1E131E1E131313">
    <MapTiles>
      <MapTile TileID="1086" AltIDMod="0" />
    </MapTiles>
    <StaticTiles>
      <StaticTile TileID="88" AltIDMod="0" />
    </StaticTiles>
  </TransInfo>
  <TransInfo Description="Dark Gray Stone To Blank" HashKey="1E13131E13131E1E13">
    <MapTiles>
      <MapTile TileID="580" AltIDMod="0" />
    </MapTiles>
    <StaticTiles>
      <StaticTile TileID="88" AltIDMod="0" />
    </StaticTiles>
  </TransInfo>
</Trans>