﻿<?xml version="1.0" encoding="utf-8"?>
<Trans>
  <TransInfo Description="Marble To Blank" HashKey="131313131323232323">
    <MapTiles>
      <MapTile TileID="580" AltIDMod="0" />
    </MapTiles>
    <StaticTiles>
      <StaticTile TileID="669" AltIDMod="0" />
    </StaticTiles>
  </TransInfo>
  <TransInfo Description="Marble To Blank" HashKey="131313231313231313">
    <MapTiles>
      <MapTile TileID="580" AltIDMod="0" />
    </MapTiles>
    <StaticTiles />
  </TransInfo>
  <TransInfo Description="Marble To Blank" HashKey="232323231313231313">
    <MapTiles>
      <MapTile TileID="580" AltIDMod="0" />
    </MapTiles>
    <StaticTiles />
  </TransInfo>
  <TransInfo Description="Marble To Blank" HashKey="232323232313131313">
    <MapTiles>
      <MapTile TileID="1158" AltIDMod="0" />
    </MapTiles>
    <StaticTiles>
      <StaticTile TileID="669" AltIDMod="0" />
    </StaticTiles>
  </TransInfo>
  <TransInfo Description="Marble To Blank" HashKey="131323131323131323">
    <MapTiles>
      <MapTile TileID="580" AltIDMod="0" />
    </MapTiles>
    <StaticTiles>
      <StaticTile TileID="671" AltIDMod="0" />
    </StaticTiles>
  </TransInfo>
  <TransInfo Description="Marble To Blank" HashKey="131313131313231313">
    <MapTiles>
      <MapTile TileID="580" AltIDMod="0" />
    </MapTiles>
    <StaticTiles />
  </TransInfo>
  <TransInfo Description="Marble To Blank" HashKey="232313232313232323">
    <MapTiles>
      <MapTile TileID="1158" AltIDMod="0" />
    </MapTiles>
    <StaticTiles>
      <StaticTile TileID="671" AltIDMod="0" />
    </StaticTiles>
  </TransInfo>
  <TransInfo Description="Marble To Blank" HashKey="132323132323232323">
    <MapTiles>
      <MapTile TileID="1158" AltIDMod="0" />
    </MapTiles>
    <StaticTiles />
  </TransInfo>
  <TransInfo Description="Marble To Blank" HashKey="231313231313232313">
    <MapTiles>
      <MapTile TileID="580" AltIDMod="0" />
    </MapTiles>
    <StaticTiles>
      <StaticTile TileID="670" AltIDMod="0" />
    </StaticTiles>
  </TransInfo>
  <TransInfo Description="Marble To Blank" HashKey="131323232323232323">
    <MapTiles>
      <MapTile TileID="1158" AltIDMod="0" />
    </MapTiles>
    <StaticTiles />
  </TransInfo>
  <TransInfo Description="Marble To Blank" HashKey="232323131313131313">
    <MapTiles>
      <MapTile TileID="580" AltIDMod="0" />
    </MapTiles>
    <StaticTiles />
  </TransInfo>
  <TransInfo Description="Marble To Blank" HashKey="232323132323131313">
    <MapTiles>
      <MapTile TileID="1158" AltIDMod="0" />
    </MapTiles>
    <StaticTiles>
      <StaticTile TileID="670" AltIDMod="0" />
    </StaticTiles>
  </TransInfo>
  <TransInfo Description="Marble To Blank" HashKey="131313132323232323">
    <MapTiles>
      <MapTile TileID="1158" AltIDMod="0" />
    </MapTiles>
    <StaticTiles />
  </TransInfo>
  <TransInfo Description="Marble To Blank" HashKey="232313231313131313">
    <MapTiles>
      <MapTile TileID="580" AltIDMod="0" />
    </MapTiles>
    <StaticTiles />
  </TransInfo>
  <TransInfo Description="Marble To Blank" HashKey="131313231313232323">
    <MapTiles>
      <MapTile TileID="580" AltIDMod="0" />
    </MapTiles>
    <StaticTiles>
      <StaticTile TileID="670" AltIDMod="0" />
    </StaticTiles>
  </TransInfo>
  <TransInfo Description="Marble To Blank" HashKey="132323132323132323">
    <MapTiles>
      <MapTile TileID="1158" AltIDMod="0" />
    </MapTiles>
    <StaticTiles />
  </TransInfo>
  <TransInfo Description="Marble To Blank" HashKey="232323232323131313">
    <MapTiles>
      <MapTile TileID="1158" AltIDMod="0" />
    </MapTiles>
    <StaticTiles>
      <StaticTile TileID="670" AltIDMod="0" />
    </StaticTiles>
  </TransInfo>
  <TransInfo Description="Marble To Blank" HashKey="232323231313131313">
    <MapTiles>
      <MapTile TileID="580" AltIDMod="0" />
    </MapTiles>
    <StaticTiles />
  </TransInfo>
  <TransInfo Description="Marble To Blank" HashKey="232323232313231313">
    <MapTiles>
      <MapTile TileID="1158" AltIDMod="0" />
    </MapTiles>
    <StaticTiles>
      <StaticTile TileID="669" AltIDMod="0" />
    </StaticTiles>
  </TransInfo>
  <TransInfo Description="Marble To Blank" HashKey="131323132323132323">
    <MapTiles>
      <MapTile TileID="1158" AltIDMod="0" />
    </MapTiles>
    <StaticTiles />
  </TransInfo>
  <TransInfo Description="Marble To Blank" HashKey="232313131313131313">
    <MapTiles>
      <MapTile TileID="580" AltIDMod="0" />
    </MapTiles>
    <StaticTiles />
  </TransInfo>
  <TransInfo Description="Marble To Blank" HashKey="231313231313231313">
    <MapTiles>
      <MapTile TileID="580" AltIDMod="0" />
    </MapTiles>
    <StaticTiles />
  </TransInfo>
  <TransInfo Description="Marble To Blank" HashKey="131323131323131313">
    <MapTiles>
      <MapTile TileID="580" AltIDMod="0" />
    </MapTiles>
    <StaticTiles>
      <StaticTile TileID="671" AltIDMod="0" />
    </StaticTiles>
  </TransInfo>
  <TransInfo Description="Marble To Blank" HashKey="131313131313132323">
    <MapTiles>
      <MapTile TileID="580" AltIDMod="0" />
    </MapTiles>
    <StaticTiles>
      <StaticTile TileID="670" AltIDMod="0" />
    </StaticTiles>
  </TransInfo>
  <TransInfo Description="Marble To Blank" HashKey="232313232313232313">
    <MapTiles>
      <MapTile TileID="1158" AltIDMod="0" />
    </MapTiles>
    <StaticTiles>
      <StaticTile TileID="671" AltIDMod="0" />
    </StaticTiles>
  </TransInfo>
  <TransInfo Description="Marble To Blank" HashKey="231313232313232313">
    <MapTiles>
      <MapTile TileID="1158" AltIDMod="0" />
    </MapTiles>
    <StaticTiles>
      <StaticTile TileID="671" AltIDMod="0" />
    </StaticTiles>
  </TransInfo>
  <TransInfo Description="Marble To Blank" HashKey="132323232323232323">
    <MapTiles>
      <MapTile TileID="1158" AltIDMod="0" />
    </MapTiles>
    <StaticTiles />
  </TransInfo>
  <TransInfo Description="Marble To Blank" HashKey="131323132323232323">
    <MapTiles>
      <MapTile TileID="1158" AltIDMod="0" />
    </MapTiles>
    <StaticTiles />
  </TransInfo>
  <TransInfo Description="Marble To Blank" HashKey="231313131313131313">
    <MapTiles>
      <MapTile TileID="580" AltIDMod="0" />
    </MapTiles>
    <StaticTiles />
  </TransInfo>
  <TransInfo Description="Marble To Blank" HashKey="232323232313232313">
    <MapTiles>
      <MapTile TileID="1158" AltIDMod="0" />
    </MapTiles>
    <StaticTiles>
      <StaticTile TileID="671" AltIDMod="0" />
    </StaticTiles>
  </TransInfo>
  <TransInfo Description="Marble To Blank" HashKey="131313131313232313">
    <MapTiles>
      <MapTile TileID="580" AltIDMod="0" />
    </MapTiles>
    <StaticTiles>
      <StaticTile TileID="670" AltIDMod="0" />
    </StaticTiles>
  </TransInfo>
  <TransInfo Description="Marble To Blank" HashKey="232323131323131323">
    <MapTiles>
      <MapTile TileID="580" AltIDMod="0" />
    </MapTiles>
    <StaticTiles>
      <StaticTile TileID="671" AltIDMod="0" />
    </StaticTiles>
  </TransInfo>
  <TransInfo Description="Marble To Blank" HashKey="232323132323131323">
    <MapTiles>
      <MapTile TileID="1158" AltIDMod="0" />
    </MapTiles>
    <StaticTiles>
      <StaticTile TileID="670" AltIDMod="0" />
    </StaticTiles>
  </TransInfo>
  <TransInfo Description="Marble To Blank" HashKey="132323132323131323">
    <MapTiles>
      <MapTile TileID="1158" AltIDMod="0" />
    </MapTiles>
    <StaticTiles>
      <StaticTile TileID="670" AltIDMod="0" />
    </StaticTiles>
  </TransInfo>
  <TransInfo Description="Marble To Blank" HashKey="232313232313231313">
    <MapTiles>
      <MapTile TileID="1158" AltIDMod="0" />
    </MapTiles>
    <StaticTiles>
      <StaticTile TileID="669" AltIDMod="0" />
    </StaticTiles>
  </TransInfo>
  <TransInfo Description="Marble To Blank" HashKey="131313231313232313">
    <MapTiles>
      <MapTile TileID="580" AltIDMod="0" />
    </MapTiles>
    <StaticTiles>
      <StaticTile TileID="670" AltIDMod="0" />
    </StaticTiles>
  </TransInfo>
  <TransInfo Description="Marble To Blank" HashKey="131313131323131323">
    <MapTiles>
      <MapTile TileID="580" AltIDMod="0" />
    </MapTiles>
    <StaticTiles>
      <StaticTile TileID="671" AltIDMod="0" />
    </StaticTiles>
  </TransInfo>
  <TransInfo Description="Marble To Blank" HashKey="132323131323131313">
    <MapTiles>
      <MapTile TileID="580" AltIDMod="0" />
    </MapTiles>
    <StaticTiles>
      <StaticTile TileID="671" AltIDMod="0" />
    </StaticTiles>
  </TransInfo>
  <TransInfo Description="Marble To Blank" HashKey="232323232323131323">
    <MapTiles>
      <MapTile TileID="1158" AltIDMod="0" />
    </MapTiles>
    <StaticTiles>
      <StaticTile TileID="670" AltIDMod="0" />
    </StaticTiles>
  </TransInfo>
  <TransInfo Description="Marble To Blank" HashKey="131313132323132323">
    <MapTiles>
      <MapTile TileID="1158" AltIDMod="0" />
    </MapTiles>
    <StaticTiles />
  </TransInfo>
  <TransInfo Description="Marble To Blank" HashKey="131313131313131323">
    <MapTiles>
      <MapTile TileID="580" AltIDMod="0" />
    </MapTiles>
    <StaticTiles>
      <StaticTile TileID="660" AltIDMod="0" />
    </StaticTiles>
  </TransInfo>
  <TransInfo Description="Marble To Blank" HashKey="131323131323232323">
    <MapTiles>
      <MapTile TileID="580" AltIDMod="0" />
    </MapTiles>
    <StaticTiles>
      <StaticTile TileID="669" AltIDMod="0" />
    </StaticTiles>
  </TransInfo>
  <TransInfo Description="Marble To Blank" HashKey="131313232323232323">
    <MapTiles>
      <MapTile TileID="1158" AltIDMod="0" />
    </MapTiles>
    <StaticTiles />
  </TransInfo>
  <TransInfo Description="Marble To Blank" HashKey="231313232313232323">
    <MapTiles>
      <MapTile TileID="1158" AltIDMod="0" />
    </MapTiles>
    <StaticTiles>
      <StaticTile TileID="671" AltIDMod="0" />
    </StaticTiles>
  </TransInfo>
  <TransInfo Description="Marble To Blank" HashKey="131313232313232323">
    <MapTiles>
      <MapTile TileID="1158" AltIDMod="0" />
    </MapTiles>
    <StaticTiles>
      <StaticTile TileID="671" AltIDMod="0" />
    </StaticTiles>
  </TransInfo>
  <TransInfo Description="Marble To Blank" HashKey="232323232323132323">
    <MapTiles>
      <MapTile TileID="1158" AltIDMod="0" />
    </MapTiles>
    <StaticTiles />
  </TransInfo>
  <TransInfo Description="Marble To Blank" HashKey="232323132323132323">
    <MapTiles>
      <MapTile TileID="1158" AltIDMod="0" />
    </MapTiles>
    <StaticTiles />
  </TransInfo>
  <TransInfo Description="Marble To Blank" HashKey="232323232323231313">
    <MapTiles>
      <MapTile TileID="1158" AltIDMod="0" />
    </MapTiles>
    <StaticTiles>
      <StaticTile TileID="670" AltIDMod="0" />
    </StaticTiles>
  </TransInfo>
  <TransInfo Description="Marble To Blank" HashKey="131323131313131313">
    <MapTiles>
      <MapTile TileID="580" AltIDMod="0" />
    </MapTiles>
    <StaticTiles />
  </TransInfo>
  <TransInfo Description="Marble To Blank" HashKey="232323131323131313">
    <MapTiles>
      <MapTile TileID="580" AltIDMod="0" />
    </MapTiles>
    <StaticTiles>
      <StaticTile TileID="671" AltIDMod="0" />
    </StaticTiles>
  </TransInfo>
  <TransInfo Description="Marble To Blank" HashKey="131323131323132323">
    <MapTiles>
      <MapTile TileID="580" AltIDMod="0" />
    </MapTiles>
    <StaticTiles>
      <StaticTile TileID="669" AltIDMod="0" />
    </StaticTiles>
  </TransInfo>
  <TransInfo Description="Marble To Blank" HashKey="131313131313232323">
    <MapTiles>
      <MapTile TileID="580" AltIDMod="0" />
    </MapTiles>
    <StaticTiles>
      <StaticTile TileID="670" AltIDMod="0" />
    </StaticTiles>
  </TransInfo>
  <TransInfo Description="Marble To Blank" HashKey="232313232313131313">
    <MapTiles>
      <MapTile TileID="1158" AltIDMod="0" />
    </MapTiles>
    <StaticTiles>
      <StaticTile TileID="669" AltIDMod="0" />
    </StaticTiles>
  </TransInfo>
  <TransInfo Description="Marble To Blank" HashKey="132323132323131313">
    <MapTiles>
      <MapTile TileID="1158" AltIDMod="0" />
    </MapTiles>
    <StaticTiles>
      <StaticTile TileID="670" AltIDMod="0" />
    </StaticTiles>
  </TransInfo>
  <TransInfo Description="Marble To Blank" HashKey="132323131313131313">
    <MapTiles>
      <MapTile TileID="580" AltIDMod="0" />
    </MapTiles>
    <StaticTiles />
  </TransInfo>
  <TransInfo Description="Marble To Blank" HashKey="231313231313131313">
    <MapTiles>
      <MapTile TileID="580" AltIDMod="0" />
    </MapTiles>
    <StaticTiles />
  </TransInfo>
  <TransInfo Description="Marble To Blank" HashKey="132323131323131323">
    <MapTiles>
      <MapTile TileID="580" AltIDMod="0" />
    </MapTiles>
    <StaticTiles>
      <StaticTile TileID="671" AltIDMod="0" />
    </StaticTiles>
  </TransInfo>
  <TransInfo Description="Marble To Blank" HashKey="232323232323232313">
    <MapTiles>
      <MapTile TileID="1158" AltIDMod="0" />
    </MapTiles>
    <StaticTiles>
      <StaticTile TileID="660" AltIDMod="0" />
    </StaticTiles>
  </TransInfo>
  <TransInfo Description="Marble To Blank" HashKey="131313131323132323">
    <MapTiles>
      <MapTile TileID="580" AltIDMod="0" />
    </MapTiles>
    <StaticTiles>
      <StaticTile TileID="669" AltIDMod="0" />
    </StaticTiles>
  </TransInfo>
  <TransInfo Description="Marble To Blank" HashKey="231313232323232323">
    <MapTiles>
      <MapTile TileID="1158" AltIDMod="0" />
    </MapTiles>
    <StaticTiles />
  </TransInfo>
  <TransInfo Description="Marble To Blank" HashKey="231313231313232323">
    <MapTiles>
      <MapTile TileID="580" AltIDMod="0" />
    </MapTiles>
    <StaticTiles>
      <StaticTile TileID="670" AltIDMod="0" />
    </StaticTiles>
  </TransInfo>
  <TransInfo Description="Marble To Blank" HashKey="232313232323232323">
    <MapTiles>
      <MapTile TileID="1158" AltIDMod="0" />
    </MapTiles>
    <StaticTiles />
  </TransInfo>
  <TransInfo Description="Marble To Blank" HashKey="232313231313231313">
    <MapTiles>
      <MapTile TileID="580" AltIDMod="0" />
    </MapTiles>
    <StaticTiles />
  </TransInfo>
  <TransInfo Description="Marble To Blank" HashKey="131313232313232313">
    <MapTiles>
      <MapTile TileID="1158" AltIDMod="0" />
    </MapTiles>
    <StaticTiles>
      <StaticTile TileID="671" AltIDMod="0" />
    </StaticTiles>
  </TransInfo>
</Trans>