﻿<?xml version="1.0" encoding="utf-8"?>
<Trans>
  <TransInfo Description="Rough Beach to Forest AC" HashKey="0B0B0B85850B850B85">
    <MapTiles>
      <MapTile TileID="196" AltIDMod="0" />
    </MapTiles>
    <StaticTiles />
  </TransInfo>
  <TransInfo Description="Rough Beach to Forest AC" HashKey="0B0B0B8585850B0B0B">
    <MapTiles>
      <MapTile TileID="196" AltIDMod="0" />
    </MapTiles>
    <StaticTiles />
  </TransInfo>
  <TransInfo Description="Rough Beach to Forest AC" HashKey="0B858585850B850B85">
    <MapTiles>
      <MapTile TileID="196" AltIDMod="0" />
    </MapTiles>
    <StaticTiles />
  </TransInfo>
  <TransInfo Description="Rough Beach to Forest AC" HashKey="0B850B0B850B850B85">
    <MapTiles>
      <MapTile TileID="196" AltIDMod="0" />
    </MapTiles>
    <StaticTiles />
  </TransInfo>
  <TransInfo Description="Rough Beach to Forest AC" HashKey="0B0B850B85850B850B">
    <MapTiles>
      <MapTile TileID="196" AltIDMod="0" />
    </MapTiles>
    <StaticTiles />
  </TransInfo>
  <TransInfo Description="Rough Beach to Forest AC" HashKey="0B850B858585850B0B">
    <MapTiles>
      <MapTile TileID="196" AltIDMod="0" />
    </MapTiles>
    <StaticTiles />
  </TransInfo>
  <TransInfo Description="Rough Beach to Forest NWA" HashKey="85850B85850B0B0B85">
    <MapTiles>
      <MapTile TileID="1619" AltIDMod="0" />
    </MapTiles>
    <StaticTiles />
  </TransInfo>
  <TransInfo Description="Rough Beach to Forest AC" HashKey="0B0B850B8585850B0B">
    <MapTiles>
      <MapTile TileID="196" AltIDMod="0" />
    </MapTiles>
    <StaticTiles />
  </TransInfo>
  <TransInfo Description="Rough Beach to Forest AC" HashKey="85850B0B85850B0B0B">
    <MapTiles>
      <MapTile TileID="196" AltIDMod="0" />
    </MapTiles>
    <StaticTiles />
  </TransInfo>
  <TransInfo Description="Rough Beach to Forest AC" HashKey="0B0B850B850B850B0B">
    <MapTiles>
      <MapTile TileID="196" AltIDMod="0" />
    </MapTiles>
    <StaticTiles />
  </TransInfo>
  <TransInfo Description="Rough Beach to Forest SN" HashKey="850B0B858585858585">
    <MapTiles>
      <MapTile TileID="1614" AltIDMod="0" />
    </MapTiles>
    <StaticTiles />
  </TransInfo>
  <TransInfo Description="Rough Beach to Forest AC" HashKey="0B850B8585850B0B0B">
    <MapTiles>
      <MapTile TileID="196" AltIDMod="0" />
    </MapTiles>
    <StaticTiles />
  </TransInfo>
  <TransInfo Description="Rough Beach to Forest AC" HashKey="0B0B0B85850B0B8585">
    <MapTiles>
      <MapTile TileID="196" AltIDMod="0" />
    </MapTiles>
    <StaticTiles />
  </TransInfo>
  <TransInfo Description="Rough Beach to Forest EW" HashKey="8585850B85850B8585">
    <MapTiles>
      <MapTile TileID="1613" AltIDMod="0" />
    </MapTiles>
    <StaticTiles />
  </TransInfo>
  <TransInfo Description="Rough Beach to Forest AC" HashKey="850B0B0B85850B0B85">
    <MapTiles>
      <MapTile TileID="196" AltIDMod="0" />
    </MapTiles>
    <StaticTiles />
  </TransInfo>
  <TransInfo Description="Rough Beach to Forest AC" HashKey="85850B0B850B85850B">
    <MapTiles>
      <MapTile TileID="196" AltIDMod="0" />
    </MapTiles>
    <StaticTiles />
  </TransInfo>
  <TransInfo Description="Rough Beach to Forest AC" HashKey="850B0B0B850B858585">
    <MapTiles>
      <MapTile TileID="196" AltIDMod="0" />
    </MapTiles>
    <StaticTiles />
  </TransInfo>
  <TransInfo Description="Rough Beach to Forest AC" HashKey="850B0B85850B0B850B">
    <MapTiles>
      <MapTile TileID="196" AltIDMod="0" />
    </MapTiles>
    <StaticTiles />
  </TransInfo>
  <TransInfo Description="Rough Beach to Forest AC" HashKey="850B8585850B0B0B85">
    <MapTiles>
      <MapTile TileID="196" AltIDMod="0" />
    </MapTiles>
    <StaticTiles />
  </TransInfo>
  <TransInfo Description="Rough Beach to Forest AC" HashKey="850B850B850B0B0B85">
    <MapTiles>
      <MapTile TileID="196" AltIDMod="0" />
    </MapTiles>
    <StaticTiles />
  </TransInfo>
  <TransInfo Description="Rough Beach to Forest AC" HashKey="0B0B0B85850B0B0B0B">
    <MapTiles>
      <MapTile TileID="196" AltIDMod="0" />
    </MapTiles>
    <StaticTiles />
  </TransInfo>
  <TransInfo Description="Rough Beach to Forest SWA" HashKey="850B8585850B85850B">
    <MapTiles>
      <MapTile TileID="1622" AltIDMod="0" />
    </MapTiles>
    <StaticTiles />
  </TransInfo>
  <TransInfo Description="Rough Beach to Forest AC" HashKey="0B0B0B0B850B850B85">
    <MapTiles>
      <MapTile TileID="196" AltIDMod="0" />
    </MapTiles>
    <StaticTiles />
  </TransInfo>
  <TransInfo Description="Rough Beach to Forest AC" HashKey="850B85858585850B85">
    <MapTiles>
      <MapTile TileID="196" AltIDMod="0" />
    </MapTiles>
    <StaticTiles />
  </TransInfo>
  <TransInfo Description="Rough Beach to Forest AC" HashKey="850B850B8585850B0B">
    <MapTiles>
      <MapTile TileID="196" AltIDMod="0" />
    </MapTiles>
    <StaticTiles />
  </TransInfo>
  <TransInfo Description="Rough Beach to Forest AC" HashKey="0B0B858585850B0B85">
    <MapTiles>
      <MapTile TileID="196" AltIDMod="0" />
    </MapTiles>
    <StaticTiles />
  </TransInfo>
  <TransInfo Description="Rough Beach to Forest NEA" HashKey="0B85858585850B0B85">
    <MapTiles>
      <MapTile TileID="1621" AltIDMod="0" />
    </MapTiles>
    <StaticTiles />
  </TransInfo>
  <TransInfo Description="Rough Beach to Forest AC" HashKey="850B858585850B0B85">
    <MapTiles>
      <MapTile TileID="196" AltIDMod="0" />
    </MapTiles>
    <StaticTiles />
  </TransInfo>
  <TransInfo Description="Rough Beach to Forest SEB" HashKey="85858585858585850B">
    <MapTiles>
      <MapTile TileID="1616" AltIDMod="0" />
    </MapTiles>
    <StaticTiles />
  </TransInfo>
  <TransInfo Description="Rough Beach to Forest AC" HashKey="0B850B0B85850B0B85">
    <MapTiles>
      <MapTile TileID="196" AltIDMod="0" />
    </MapTiles>
    <StaticTiles />
  </TransInfo>
  <TransInfo Description="Rough Beach to Forest AC" HashKey="8585850B850B0B850B">
    <MapTiles>
      <MapTile TileID="196" AltIDMod="0" />
    </MapTiles>
    <StaticTiles />
  </TransInfo>
  <TransInfo Description="Rough Beach to Forest SWA" HashKey="0B0B0B85850B858585">
    <MapTiles>
      <MapTile TileID="1622" AltIDMod="0" />
    </MapTiles>
    <StaticTiles />
  </TransInfo>
  <TransInfo Description="Rough Beach to Forest AC" HashKey="0B850B0B85850B0B0B">
    <MapTiles>
      <MapTile TileID="196" AltIDMod="0" />
    </MapTiles>
    <StaticTiles />
  </TransInfo>
  <TransInfo Description="Rough Beach to Forest SWA" HashKey="0B858585850B858585">
    <MapTiles>
      <MapTile TileID="1622" AltIDMod="0" />
    </MapTiles>
    <StaticTiles />
  </TransInfo>
  <TransInfo Description="Rough Beach to Forest NS" HashKey="8585858585850B850B">
    <MapTiles>
      <MapTile TileID="1611" AltIDMod="0" />
    </MapTiles>
    <StaticTiles />
  </TransInfo>
  <TransInfo Description="Rough Beach to Forest AC" HashKey="0B850B0B850B858585">
    <MapTiles>
      <MapTile TileID="196" AltIDMod="0" />
    </MapTiles>
    <StaticTiles />
  </TransInfo>
  <TransInfo Description="Rough Beach to Forest SWA" HashKey="0B850B85858585850B">
    <MapTiles>
      <MapTile TileID="1622" AltIDMod="0" />
    </MapTiles>
    <StaticTiles />
  </TransInfo>
  <TransInfo Description="Rough Beach to Forest SEA" HashKey="850B0B0B8585858585">
    <MapTiles>
      <MapTile TileID="1620" AltIDMod="0" />
    </MapTiles>
    <StaticTiles />
  </TransInfo>
  <TransInfo Description="Rough Beach to Forest AC" HashKey="0B85850B850B0B0B0B">
    <MapTiles>
      <MapTile TileID="196" AltIDMod="0" />
    </MapTiles>
    <StaticTiles />
  </TransInfo>
  <TransInfo Description="Rough Beach to Forest AC" HashKey="0B850B85850B850B85">
    <MapTiles>
      <MapTile TileID="196" AltIDMod="0" />
    </MapTiles>
    <StaticTiles />
  </TransInfo>
  <TransInfo Description="Rough Beach to Forest IWE" HashKey="0B858585858585850B">
    <MapTiles>
      <MapTile TileID="22" AltIDMod="0" />
    </MapTiles>
    <StaticTiles />
  </TransInfo>
  <TransInfo Description="Rough Beach to Forest NEA" HashKey="0B85850B8585850B85">
    <MapTiles>
      <MapTile TileID="1621" AltIDMod="0" />
    </MapTiles>
    <StaticTiles />
  </TransInfo>
  <TransInfo Description="Rough Beach to Forest AC" HashKey="0B0B0B0B850B0B0B0B">
    <MapTiles>
      <MapTile TileID="196" AltIDMod="0" />
    </MapTiles>
    <StaticTiles />
  </TransInfo>
  <TransInfo Description="Rough Beach to Forest AC" HashKey="0B0B8585850B0B0B0B">
    <MapTiles>
      <MapTile TileID="196" AltIDMod="0" />
    </MapTiles>
    <StaticTiles />
  </TransInfo>
  <TransInfo Description="Rough Beach to Forest AC" HashKey="0B0B85858585850B0B">
    <MapTiles>
      <MapTile TileID="196" AltIDMod="0" />
    </MapTiles>
    <StaticTiles />
  </TransInfo>
  <TransInfo Description="Rough Beach to Forest NEA" HashKey="8585850B858585850B">
    <MapTiles>
      <MapTile TileID="1621" AltIDMod="0" />
    </MapTiles>
    <StaticTiles />
  </TransInfo>
  <TransInfo Description="Rough Beach to Forest AC" HashKey="85850B0B850B850B0B">
    <MapTiles>
      <MapTile TileID="196" AltIDMod="0" />
    </MapTiles>
    <StaticTiles />
  </TransInfo>
  <TransInfo Description="Rough Beach to Forest AC" HashKey="0B0B85858585850B85">
    <MapTiles>
      <MapTile TileID="196" AltIDMod="0" />
    </MapTiles>
    <StaticTiles />
  </TransInfo>
  <TransInfo Description="Rough Beach to Forest SEA" HashKey="850B0B0B85850B8585">
    <MapTiles>
      <MapTile TileID="1620" AltIDMod="0" />
    </MapTiles>
    <StaticTiles />
  </TransInfo>
  <TransInfo Description="Rough Beach to Forest NS" HashKey="8585858585850B0B85">
    <MapTiles>
      <MapTile TileID="1611" AltIDMod="0" />
    </MapTiles>
    <StaticTiles />
  </TransInfo>
  <TransInfo Description="Rough Beach to Forest AC" HashKey="0B0B850B8585850B85">
    <MapTiles>
      <MapTile TileID="196" AltIDMod="0" />
    </MapTiles>
    <StaticTiles />
  </TransInfo>
  <TransInfo Description="Rough Beach to Forest SEA" HashKey="0B0B0B0B85850B8585">
    <MapTiles>
      <MapTile TileID="1620" AltIDMod="0" />
    </MapTiles>
    <StaticTiles />
  </TransInfo>
  <TransInfo Description="Rough Beach to Forest NEB" HashKey="85850B858585858585">
    <MapTiles>
      <MapTile TileID="1617" AltIDMod="0" />
    </MapTiles>
    <StaticTiles />
  </TransInfo>
  <TransInfo Description="Rough Beach to Forest AC" HashKey="0B850B8585850B0B85">
    <MapTiles>
      <MapTile TileID="196" AltIDMod="0" />
    </MapTiles>
    <StaticTiles />
  </TransInfo>
  <TransInfo Description="Rough Beach to Forest AC" HashKey="8585850B850B0B0B0B">
    <MapTiles>
      <MapTile TileID="196" AltIDMod="0" />
    </MapTiles>
    <StaticTiles />
  </TransInfo>
  <TransInfo Description="Rough Beach to Forest AC" HashKey="0B85850B850B85850B">
    <MapTiles>
      <MapTile TileID="196" AltIDMod="0" />
    </MapTiles>
    <StaticTiles />
  </TransInfo>
  <TransInfo Description="Rough Beach to Forest SEA" HashKey="0B850B0B8585858585">
    <MapTiles>
      <MapTile TileID="1620" AltIDMod="0" />
    </MapTiles>
    <StaticTiles />
  </TransInfo>
  <TransInfo Description="Rough Beach to Forest SEA" HashKey="0B850B8585850B8585">
    <MapTiles>
      <MapTile TileID="1620" AltIDMod="0" />
    </MapTiles>
    <StaticTiles />
  </TransInfo>
  <TransInfo Description="Rough Beach to Forest NWA" HashKey="85850B85850B850B85">
    <MapTiles>
      <MapTile TileID="1619" AltIDMod="0" />
    </MapTiles>
    <StaticTiles />
  </TransInfo>
  <TransInfo Description="Rough Beach to Forest SWA" HashKey="0B850B85850B85850B">
    <MapTiles>
      <MapTile TileID="1622" AltIDMod="0" />
    </MapTiles>
    <StaticTiles />
  </TransInfo>
  <TransInfo Description="Rough Beach to Forest NWA" HashKey="85850B8585850B0B0B">
    <MapTiles>
      <MapTile TileID="1619" AltIDMod="0" />
    </MapTiles>
    <StaticTiles />
  </TransInfo>
  <TransInfo Description="Rough Beach to Forest AC" HashKey="850B850B85850B850B">
    <MapTiles>
      <MapTile TileID="196" AltIDMod="0" />
    </MapTiles>
    <StaticTiles />
  </TransInfo>
  <TransInfo Description="Rough Beach to Forest AC" HashKey="0B858585850B850B0B">
    <MapTiles>
      <MapTile TileID="196" AltIDMod="0" />
    </MapTiles>
    <StaticTiles />
  </TransInfo>
  <TransInfo Description="Rough Beach to Forest SWA" HashKey="0B0B0B85858585850B">
    <MapTiles>
      <MapTile TileID="1622" AltIDMod="0" />
    </MapTiles>
    <StaticTiles />
  </TransInfo>
  <TransInfo Description="Rough Beach to Forest AC" HashKey="850B0B0B850B0B8585">
    <MapTiles>
      <MapTile TileID="196" AltIDMod="0" />
    </MapTiles>
    <StaticTiles />
  </TransInfo>
  <TransInfo Description="Rough Beach to Forest AC" HashKey="850B0B85850B850B85">
    <MapTiles>
      <MapTile TileID="196" AltIDMod="0" />
    </MapTiles>
    <StaticTiles />
  </TransInfo>
  <TransInfo Description="Rough Beach to Forest SWA" HashKey="850B8585850B858585">
    <MapTiles>
      <MapTile TileID="1622" AltIDMod="0" />
    </MapTiles>
    <StaticTiles />
  </TransInfo>
  <TransInfo Description="Rough Beach to Forest NEA" HashKey="8585850B8585850B0B">
    <MapTiles>
      <MapTile TileID="1621" AltIDMod="0" />
    </MapTiles>
    <StaticTiles />
  </TransInfo>
  <TransInfo Description="Rough Beach to Forest AC" HashKey="850B850B850B850B0B">
    <MapTiles>
      <MapTile TileID="196" AltIDMod="0" />
    </MapTiles>
    <StaticTiles />
  </TransInfo>
  <TransInfo Description="Rough Beach to Forest AC" HashKey="0B0B0B0B850B0B8585">
    <MapTiles>
      <MapTile TileID="196" AltIDMod="0" />
    </MapTiles>
    <StaticTiles />
  </TransInfo>
  <TransInfo Description="Rough Beach to Forest AC" HashKey="0B85850B850B858585">
    <MapTiles>
      <MapTile TileID="196" AltIDMod="0" />
    </MapTiles>
    <StaticTiles />
  </TransInfo>
  <TransInfo Description="Rough Beach to Forest AC" HashKey="850B0B8585850B850B">
    <MapTiles>
      <MapTile TileID="196" AltIDMod="0" />
    </MapTiles>
    <StaticTiles />
  </TransInfo>
  <TransInfo Description="Rough Beach to Forest EW" HashKey="0B85850B8585858585">
    <MapTiles>
      <MapTile TileID="1613" AltIDMod="0" />
    </MapTiles>
    <StaticTiles />
  </TransInfo>
  <TransInfo Description="Rough Beach to Forest AC" HashKey="0B850B85850B0B8585">
    <MapTiles>
      <MapTile TileID="196" AltIDMod="0" />
    </MapTiles>
    <StaticTiles />
  </TransInfo>
  <TransInfo Description="Rough Beach to Forest AC" HashKey="85850B0B858585850B">
    <MapTiles>
      <MapTile TileID="196" AltIDMod="0" />
    </MapTiles>
    <StaticTiles />
  </TransInfo>
  <TransInfo Description="Rough Beach to Forest SN" HashKey="0B0B85858585858585">
    <MapTiles>
      <MapTile TileID="1614" AltIDMod="0" />
    </MapTiles>
    <StaticTiles />
  </TransInfo>
  <TransInfo Description="Rough Beach to Forest AC" HashKey="0B850B0B8585850B0B">
    <MapTiles>
      <MapTile TileID="196" AltIDMod="0" />
    </MapTiles>
    <StaticTiles />
  </TransInfo>
  <TransInfo Description="Rough Beach to Forest AC" HashKey="85850B0B8585850B85">
    <MapTiles>
      <MapTile TileID="196" AltIDMod="0" />
    </MapTiles>
    <StaticTiles />
  </TransInfo>
  <TransInfo Description="Rough Beach to Forest SN" HashKey="0B850B858585858585">
    <MapTiles>
      <MapTile TileID="1614" AltIDMod="0" />
    </MapTiles>
    <StaticTiles />
  </TransInfo>
  <TransInfo Description="Rough Beach to Forest AC" HashKey="0B0B0B858585850B85">
    <MapTiles>
      <MapTile TileID="196" AltIDMod="0" />
    </MapTiles>
    <StaticTiles />
  </TransInfo>
  <TransInfo Description="Rough Beach to Forest AC" HashKey="0B0B850B85850B0B85">
    <MapTiles>
      <MapTile TileID="196" AltIDMod="0" />
    </MapTiles>
    <StaticTiles />
  </TransInfo>
  <TransInfo Description="Rough Beach to Forest AC" HashKey="0B85850B850B0B850B">
    <MapTiles>
      <MapTile TileID="196" AltIDMod="0" />
    </MapTiles>
    <StaticTiles />
  </TransInfo>
  <TransInfo Description="Rough Beach to Forest AC" HashKey="0B0B850B850B858585">
    <MapTiles>
      <MapTile TileID="196" AltIDMod="0" />
    </MapTiles>
    <StaticTiles />
  </TransInfo>
  <TransInfo Description="Rough Beach to Forest AC" HashKey="0B85850B850B850B0B">
    <MapTiles>
      <MapTile TileID="196" AltIDMod="0" />
    </MapTiles>
    <StaticTiles />
  </TransInfo>
  <TransInfo Description="Rough Beach to Forest NEA" HashKey="0B85850B85850B850B">
    <MapTiles>
      <MapTile TileID="1621" AltIDMod="0" />
    </MapTiles>
    <StaticTiles />
  </TransInfo>
  <TransInfo Description="Rough Beach to Forest SN" HashKey="850B85858585858585">
    <MapTiles>
      <MapTile TileID="1614" AltIDMod="0" />
    </MapTiles>
    <StaticTiles />
  </TransInfo>
  <TransInfo Description="Rough Beach to Forest AC" HashKey="850B850B850B858585">
    <MapTiles>
      <MapTile TileID="196" AltIDMod="0" />
    </MapTiles>
    <StaticTiles />
  </TransInfo>
  <TransInfo Description="Rough Beach to Forest AC" HashKey="85850B0B850B850B85">
    <MapTiles>
      <MapTile TileID="196" AltIDMod="0" />
    </MapTiles>
    <StaticTiles />
  </TransInfo>
  <TransInfo Description="Rough Beach to Forest NEA" HashKey="0B8585858585850B0B">
    <MapTiles>
      <MapTile TileID="1621" AltIDMod="0" />
    </MapTiles>
    <StaticTiles />
  </TransInfo>
  <TransInfo Description="Rough Beach to Forest AC" HashKey="0B0B8585850B850B0B">
    <MapTiles>
      <MapTile TileID="196" AltIDMod="0" />
    </MapTiles>
    <StaticTiles />
  </TransInfo>
  <TransInfo Description="Rough Beach to Forest SWA" HashKey="0B0B0B85850B85850B">
    <MapTiles>
      <MapTile TileID="1622" AltIDMod="0" />
    </MapTiles>
    <StaticTiles />
  </TransInfo>
  <TransInfo Description="Rough Beach to Forest AC" HashKey="0B0B0B0B8585850B0B">
    <MapTiles>
      <MapTile TileID="196" AltIDMod="0" />
    </MapTiles>
    <StaticTiles />
  </TransInfo>
  <TransInfo Description="Rough Beach to Forest AC" HashKey="850B850B85850B0B0B">
    <MapTiles>
      <MapTile TileID="196" AltIDMod="0" />
    </MapTiles>
    <StaticTiles />
  </TransInfo>
  <TransInfo Description="Rough Beach to Forest AC" HashKey="0B0B850B850B0B8585">
    <MapTiles>
      <MapTile TileID="196" AltIDMod="0" />
    </MapTiles>
    <StaticTiles />
  </TransInfo>
  <TransInfo Description="Rough Beach to Forest SEA" HashKey="850B0B8585850B8585">
    <MapTiles>
      <MapTile TileID="1620" AltIDMod="0" />
    </MapTiles>
    <StaticTiles />
  </TransInfo>
  <TransInfo Description="Rough Beach to Forest WE" HashKey="85850B85850B858585">
    <MapTiles>
      <MapTile TileID="1612" AltIDMod="0" />
    </MapTiles>
    <StaticTiles />
  </TransInfo>
  <TransInfo Description="Rough Beach to Forest AC" HashKey="850B0B0B850B0B850B">
    <MapTiles>
      <MapTile TileID="196" AltIDMod="0" />
    </MapTiles>
    <StaticTiles />
  </TransInfo>
  <TransInfo Description="Rough Beach to Forest NS" HashKey="858585858585850B0B">
    <MapTiles>
      <MapTile TileID="1611" AltIDMod="0" />
    </MapTiles>
    <StaticTiles />
  </TransInfo>
  <TransInfo Description="Rough Beach to Forest SEA" HashKey="850B858585850B8585">
    <MapTiles>
      <MapTile TileID="1620" AltIDMod="0" />
    </MapTiles>
    <StaticTiles />
  </TransInfo>
  <TransInfo Description="Rough Beach to Forest AC" HashKey="850B0B85850B0B0B85">
    <MapTiles>
      <MapTile TileID="196" AltIDMod="0" />
    </MapTiles>
    <StaticTiles />
  </TransInfo>
  <TransInfo Description="Rough Beach to Forest AC" HashKey="85850B0B850B0B0B0B">
    <MapTiles>
      <MapTile TileID="196" AltIDMod="0" />
    </MapTiles>
    <StaticTiles />
  </TransInfo>
  <TransInfo Description="Rough Beach to Forest AC" HashKey="850B850B850B0B0B0B">
    <MapTiles>
      <MapTile TileID="196" AltIDMod="0" />
    </MapTiles>
    <StaticTiles />
  </TransInfo>
  <TransInfo Description="Rough Beach to Forest AC" HashKey="0B858585850B0B0B0B">
    <MapTiles>
      <MapTile TileID="196" AltIDMod="0" />
    </MapTiles>
    <StaticTiles />
  </TransInfo>
  <TransInfo Description="Rough Beach to Forest AC" HashKey="850B0B858585850B85">
    <MapTiles>
      <MapTile TileID="196" AltIDMod="0" />
    </MapTiles>
    <StaticTiles />
  </TransInfo>
  <TransInfo Description="Rough Beach to Forest AC" HashKey="8585850B850B0B0B85">
    <MapTiles>
      <MapTile TileID="196" AltIDMod="0" />
    </MapTiles>
    <StaticTiles />
  </TransInfo>
  <TransInfo Description="Rough Beach to Forest SEA" HashKey="0B0B850B8585858585">
    <MapTiles>
      <MapTile TileID="1620" AltIDMod="0" />
    </MapTiles>
    <StaticTiles />
  </TransInfo>
  <TransInfo Description="Rough Beach to Forest AC" HashKey="8585850B850B85850B">
    <MapTiles>
      <MapTile TileID="196" AltIDMod="0" />
    </MapTiles>
    <StaticTiles />
  </TransInfo>
  <TransInfo Description="Rough Beach to Forest AC" HashKey="0B0B850B850B85850B">
    <MapTiles>
      <MapTile TileID="196" AltIDMod="0" />
    </MapTiles>
    <StaticTiles />
  </TransInfo>
  <TransInfo Description="Rough Beach to Forest NWA" HashKey="85858585850B0B0B0B">
    <MapTiles>
      <MapTile TileID="1619" AltIDMod="0" />
    </MapTiles>
    <StaticTiles />
  </TransInfo>
  <TransInfo Description="Rough Beach to Forest NEA" HashKey="0B85858585850B0B0B">
    <MapTiles>
      <MapTile TileID="1621" AltIDMod="0" />
    </MapTiles>
    <StaticTiles />
  </TransInfo>
  <TransInfo Description="Rough Beach to Forest AC" HashKey="0B0B0B0B850B0B0B85">
    <MapTiles>
      <MapTile TileID="196" AltIDMod="0" />
    </MapTiles>
    <StaticTiles />
  </TransInfo>
  <TransInfo Description="Rough Beach to Forest NS" HashKey="858585858585850B85">
    <MapTiles>
      <MapTile TileID="1611" AltIDMod="0" />
    </MapTiles>
    <StaticTiles />
  </TransInfo>
  <TransInfo Description="Rough Beach to Forest NEA" HashKey="8585850B8585850B85">
    <MapTiles>
      <MapTile TileID="1621" AltIDMod="0" />
    </MapTiles>
    <StaticTiles />
  </TransInfo>
  <TransInfo Description="Rough Beach to Forest SEA" HashKey="0B0B850B85850B8585">
    <MapTiles>
      <MapTile TileID="1620" AltIDMod="0" />
    </MapTiles>
    <StaticTiles />
  </TransInfo>
  <TransInfo Description="Rough Beach to Forest SEA" HashKey="85850B0B85850B8585">
    <MapTiles>
      <MapTile TileID="1620" AltIDMod="0" />
    </MapTiles>
    <StaticTiles />
  </TransInfo>
  <TransInfo Description="Rough Beach to Forest AC" HashKey="0B858585850B0B8585">
    <MapTiles>
      <MapTile TileID="196" AltIDMod="0" />
    </MapTiles>
    <StaticTiles />
  </TransInfo>
  <TransInfo Description="Rough Beach to Forest AC" HashKey="0B850B0B850B0B8585">
    <MapTiles>
      <MapTile TileID="196" AltIDMod="0" />
    </MapTiles>
    <StaticTiles />
  </TransInfo>
  <TransInfo Description="Rough Beach to Forest SWA" HashKey="850B0B85850B858585">
    <MapTiles>
      <MapTile TileID="1622" AltIDMod="0" />
    </MapTiles>
    <StaticTiles />
  </TransInfo>
  <TransInfo Description="Rough Beach to Forest AC" HashKey="850B0B8585850B0B0B">
    <MapTiles>
      <MapTile TileID="196" AltIDMod="0" />
    </MapTiles>
    <StaticTiles />
  </TransInfo>
  <TransInfo Description="Rough Beach to Forest NWA" HashKey="85858585850B0B0B85">
    <MapTiles>
      <MapTile TileID="1619" AltIDMod="0" />
    </MapTiles>
    <StaticTiles />
  </TransInfo>
  <TransInfo Description="Rough Beach to Forest AC" HashKey="0B0B0B0B858585850B">
    <MapTiles>
      <MapTile TileID="196" AltIDMod="0" />
    </MapTiles>
    <StaticTiles />
  </TransInfo>
  <TransInfo Description="Rough Beach to Forest NEA" HashKey="8585850B85850B0B0B">
    <MapTiles>
      <MapTile TileID="1621" AltIDMod="0" />
    </MapTiles>
    <StaticTiles />
  </TransInfo>
  <TransInfo Description="Rough Beach to Forest WE" HashKey="85858585850B85850B">
    <MapTiles>
      <MapTile TileID="1612" AltIDMod="0" />
    </MapTiles>
    <StaticTiles />
  </TransInfo>
  <TransInfo Description="Rough Beach to Forest AC" HashKey="850B8585850B0B8585">
    <MapTiles>
      <MapTile TileID="196" AltIDMod="0" />
    </MapTiles>
    <StaticTiles />
  </TransInfo>
  <TransInfo Description="Rough Beach to Forest AC" HashKey="0B0B0B0B85850B850B">
    <MapTiles>
      <MapTile TileID="196" AltIDMod="0" />
    </MapTiles>
    <StaticTiles />
  </TransInfo>
  <TransInfo Description="Rough Beach to Forest WE" HashKey="85850B85858585850B">
    <MapTiles>
      <MapTile TileID="1612" AltIDMod="0" />
    </MapTiles>
    <StaticTiles />
  </TransInfo>
  <TransInfo Description="Rough Beach to Forest AC" HashKey="0B85850B850B850B85">
    <MapTiles>
      <MapTile TileID="196" AltIDMod="0" />
    </MapTiles>
    <StaticTiles />
  </TransInfo>
  <TransInfo Description="Rough Beach to Forest AC" HashKey="850B850B850B0B850B">
    <MapTiles>
      <MapTile TileID="196" AltIDMod="0" />
    </MapTiles>
    <StaticTiles />
  </TransInfo>
  <TransInfo Description="Rough Beach to Forest AC" HashKey="850B0B0B850B850B85">
    <MapTiles>
      <MapTile TileID="196" AltIDMod="0" />
    </MapTiles>
    <StaticTiles />
  </TransInfo>
  <TransInfo Description="Rough Beach to Forest AC" HashKey="0B0B858585850B850B">
    <MapTiles>
      <MapTile TileID="196" AltIDMod="0" />
    </MapTiles>
    <StaticTiles />
  </TransInfo>
  <TransInfo Description="Rough Beach to Forest AC" HashKey="0B0B8585850B850B85">
    <MapTiles>
      <MapTile TileID="196" AltIDMod="0" />
    </MapTiles>
    <StaticTiles />
  </TransInfo>
  <TransInfo Description="Rough Beach to Forest SEA" HashKey="85850B0B8585858585">
    <MapTiles>
      <MapTile TileID="1620" AltIDMod="0" />
    </MapTiles>
    <StaticTiles />
  </TransInfo>
  <TransInfo Description="Rough Beach to Forest AC" HashKey="850B850B85850B0B85">
    <MapTiles>
      <MapTile TileID="196" AltIDMod="0" />
    </MapTiles>
    <StaticTiles />
  </TransInfo>
  <TransInfo Description="Rough Beach to Forest AC" HashKey="0B850B0B850B85850B">
    <MapTiles>
      <MapTile TileID="196" AltIDMod="0" />
    </MapTiles>
    <StaticTiles />
  </TransInfo>
  <TransInfo Description="Rough Beach to Forest AC" HashKey="0B0B0B85850B0B0B85">
    <MapTiles>
      <MapTile TileID="196" AltIDMod="0" />
    </MapTiles>
    <StaticTiles />
  </TransInfo>
  <TransInfo Description="Rough Beach to Forest NEA" HashKey="0B85858585850B850B">
    <MapTiles>
      <MapTile TileID="1621" AltIDMod="0" />
    </MapTiles>
    <StaticTiles />
  </TransInfo>
  <TransInfo Description="Rough Beach to Forest AC" HashKey="0B850B0B85850B850B">
    <MapTiles>
      <MapTile TileID="196" AltIDMod="0" />
    </MapTiles>
    <StaticTiles />
  </TransInfo>
  <TransInfo Description="Rough Beach to Forest NEA" HashKey="0B85850B85850B0B0B">
    <MapTiles>
      <MapTile TileID="1621" AltIDMod="0" />
    </MapTiles>
    <StaticTiles />
  </TransInfo>
  <TransInfo Description="Rough Beach to Forest INS" HashKey="85850B8585850B8585">
    <MapTiles>
      <MapTile TileID="22" AltIDMod="0" />
    </MapTiles>
    <StaticTiles />
  </TransInfo>
  <TransInfo Description="Rough Beach to Forest AC" HashKey="85850B0B850B858585">
    <MapTiles>
      <MapTile TileID="196" AltIDMod="0" />
    </MapTiles>
    <StaticTiles />
  </TransInfo>
  <TransInfo Description="Rough Beach to Forest AC" HashKey="0B0B0B85850B850B0B">
    <MapTiles>
      <MapTile TileID="196" AltIDMod="0" />
    </MapTiles>
    <StaticTiles />
  </TransInfo>
  <TransInfo Description="Rough Beach to Forest AC" HashKey="0B0B858585850B0B0B">
    <MapTiles>
      <MapTile TileID="196" AltIDMod="0" />
    </MapTiles>
    <StaticTiles />
  </TransInfo>
  <TransInfo Description="Rough Beach to Forest AC" HashKey="0B0B0B0B85850B0B85">
    <MapTiles>
      <MapTile TileID="196" AltIDMod="0" />
    </MapTiles>
    <StaticTiles />
  </TransInfo>
  <TransInfo Description="Rough Beach to Forest NWA" HashKey="85850B858585850B85">
    <MapTiles>
      <MapTile TileID="1619" AltIDMod="0" />
    </MapTiles>
    <StaticTiles />
  </TransInfo>
  <TransInfo Description="Rough Beach to Forest AC" HashKey="85850B0B850B0B850B">
    <MapTiles>
      <MapTile TileID="196" AltIDMod="0" />
    </MapTiles>
    <StaticTiles />
  </TransInfo>
  <TransInfo Description="Rough Beach to Forest AC" HashKey="0B850B0B850B850B0B">
    <MapTiles>
      <MapTile TileID="196" AltIDMod="0" />
    </MapTiles>
    <StaticTiles />
  </TransInfo>
  <TransInfo Description="Rough Beach to Forest AC" HashKey="0B85850B850B0B0B85">
    <MapTiles>
      <MapTile TileID="196" AltIDMod="0" />
    </MapTiles>
    <StaticTiles />
  </TransInfo>
  <TransInfo Description="Rough Beach to Forest AC" HashKey="8585850B850B858585">
    <MapTiles>
      <MapTile TileID="196" AltIDMod="0" />
    </MapTiles>
    <StaticTiles />
  </TransInfo>
  <TransInfo Description="Rough Beach to Forest NWA" HashKey="85858585850B0B850B">
    <MapTiles>
      <MapTile TileID="1619" AltIDMod="0" />
    </MapTiles>
    <StaticTiles />
  </TransInfo>
  <TransInfo Description="Rough Beach to Forest NWA" HashKey="85858585850B850B0B">
    <MapTiles>
      <MapTile TileID="1619" AltIDMod="0" />
    </MapTiles>
    <StaticTiles />
  </TransInfo>
  <TransInfo Description="Rough Beach to Forest AC" HashKey="8585850B850B0B8585">
    <MapTiles>
      <MapTile TileID="196" AltIDMod="0" />
    </MapTiles>
    <StaticTiles />
  </TransInfo>
  <TransInfo Description="Rough Beach to Forest EW" HashKey="0B85850B85850B8585">
    <MapTiles>
      <MapTile TileID="1613" AltIDMod="0" />
    </MapTiles>
    <StaticTiles />
  </TransInfo>
  <TransInfo Description="Rough Beach to Forest AC" HashKey="0B0B850B850B0B850B">
    <MapTiles>
      <MapTile TileID="196" AltIDMod="0" />
    </MapTiles>
    <StaticTiles />
  </TransInfo>
  <TransInfo Description="Rough Beach to Forest AC" HashKey="850B0B0B85850B0B0B">
    <MapTiles>
      <MapTile TileID="196" AltIDMod="0" />
    </MapTiles>
    <StaticTiles />
  </TransInfo>
  <TransInfo Description="Rough Beach to Forest SEA" HashKey="0B0B858585850B8585">
    <MapTiles>
      <MapTile TileID="1620" AltIDMod="0" />
    </MapTiles>
    <StaticTiles />
  </TransInfo>
  <TransInfo Description="Rough Beach to Forest NWA" HashKey="85850B85850B0B0B0B">
    <MapTiles>
      <MapTile TileID="1619" AltIDMod="0" />
    </MapTiles>
    <StaticTiles />
  </TransInfo>
  <TransInfo Description="Rough Beach to Forest AC" HashKey="850B850B850B85850B">
    <MapTiles>
      <MapTile TileID="196" AltIDMod="0" />
    </MapTiles>
    <StaticTiles />
  </TransInfo>
  <TransInfo Description="Rough Beach to Forest AC" HashKey="0B0B8585850B0B0B85">
    <MapTiles>
      <MapTile TileID="196" AltIDMod="0" />
    </MapTiles>
    <StaticTiles />
  </TransInfo>
  <TransInfo Description="Rough Beach to Forest SWA" HashKey="850B0B85858585850B">
    <MapTiles>
      <MapTile TileID="1622" AltIDMod="0" />
    </MapTiles>
    <StaticTiles />
  </TransInfo>
  <TransInfo Description="Rough Beach to Forest EW" HashKey="8585850B8585858585">
    <MapTiles>
      <MapTile TileID="1613" AltIDMod="0" />
    </MapTiles>
    <StaticTiles />
  </TransInfo>
  <TransInfo Description="Rough Beach to Forest AC" HashKey="850B850B858585850B">
    <MapTiles>
      <MapTile TileID="196" AltIDMod="0" />
    </MapTiles>
    <StaticTiles />
  </TransInfo>
  <TransInfo Description="Rough Beach to Forest NEA" HashKey="8585850B85850B850B">
    <MapTiles>
      <MapTile TileID="1621" AltIDMod="0" />
    </MapTiles>
    <StaticTiles />
  </TransInfo>
  <TransInfo Description="Rough Beach to Forest AC" HashKey="0B850B0B858585850B">
    <MapTiles>
      <MapTile TileID="196" AltIDMod="0" />
    </MapTiles>
    <StaticTiles />
  </TransInfo>
  <TransInfo Description="Rough Beach to Forest AC" HashKey="0B0B0B858585850B0B">
    <MapTiles>
      <MapTile TileID="196" AltIDMod="0" />
    </MapTiles>
    <StaticTiles />
  </TransInfo>
  <TransInfo Description="Rough Beach to Forest AC" HashKey="850B850B850B0B8585">
    <MapTiles>
      <MapTile TileID="196" AltIDMod="0" />
    </MapTiles>
    <StaticTiles />
  </TransInfo>
  <TransInfo Description="Rough Beach to Forest AC" HashKey="0B850B0B850B0B0B0B">
    <MapTiles>
      <MapTile TileID="196" AltIDMod="0" />
    </MapTiles>
    <StaticTiles />
  </TransInfo>
  <TransInfo Description="Rough Beach to Forest NWA" HashKey="85850B85850B0B8585">
    <MapTiles>
      <MapTile TileID="1619" AltIDMod="0" />
    </MapTiles>
    <StaticTiles />
  </TransInfo>
  <TransInfo Description="Rough Beach to Forest AC" HashKey="850B0B0B858585850B">
    <MapTiles>
      <MapTile TileID="196" AltIDMod="0" />
    </MapTiles>
    <StaticTiles />
  </TransInfo>
  <TransInfo Description="Rough Beach to Forest AC" HashKey="850B850B850B850B85">
    <MapTiles>
      <MapTile TileID="196" AltIDMod="0" />
    </MapTiles>
    <StaticTiles />
  </TransInfo>
  <TransInfo Description="Rough Beach to Forest EW" HashKey="0B85858585850B8585">
    <MapTiles>
      <MapTile TileID="1613" AltIDMod="0" />
    </MapTiles>
    <StaticTiles />
  </TransInfo>
  <TransInfo Description="Rough Beach to Forest AC" HashKey="850B8585850B850B85">
    <MapTiles>
      <MapTile TileID="196" AltIDMod="0" />
    </MapTiles>
    <StaticTiles />
  </TransInfo>
  <TransInfo Description="Rough Beach to Forest AC" HashKey="0B850B858585850B85">
    <MapTiles>
      <MapTile TileID="196" AltIDMod="0" />
    </MapTiles>
    <StaticTiles />
  </TransInfo>
  <TransInfo Description="Rough Beach to Forest SEA" HashKey="0B850B0B85850B8585">
    <MapTiles>
      <MapTile TileID="1620" AltIDMod="0" />
    </MapTiles>
    <StaticTiles />
  </TransInfo>
  <TransInfo Description="Rough Beach to Forest AC" HashKey="8585850B850B850B0B">
    <MapTiles>
      <MapTile TileID="196" AltIDMod="0" />
    </MapTiles>
    <StaticTiles />
  </TransInfo>
  <TransInfo Description="Rough Beach to Forest AC" HashKey="0B0B8585850B0B850B">
    <MapTiles>
      <MapTile TileID="196" AltIDMod="0" />
    </MapTiles>
    <StaticTiles />
  </TransInfo>
  <TransInfo Description="Rough Beach to Forest NEA" HashKey="0B8585858585850B85">
    <MapTiles>
      <MapTile TileID="1621" AltIDMod="0" />
    </MapTiles>
    <StaticTiles />
  </TransInfo>
  <TransInfo Description="Rough Beach to Forest SWA" HashKey="0B0B8585850B858585">
    <MapTiles>
      <MapTile TileID="1622" AltIDMod="0" />
    </MapTiles>
    <StaticTiles />
  </TransInfo>
  <TransInfo Description="Rough Beach to Forest AC" HashKey="0B850B0B8585850B85">
    <MapTiles>
      <MapTile TileID="196" AltIDMod="0" />
    </MapTiles>
    <StaticTiles />
  </TransInfo>
  <TransInfo Description="Rough Beach to Forest SEA" HashKey="850B850B85850B8585">
    <MapTiles>
      <MapTile TileID="1620" AltIDMod="0" />
    </MapTiles>
    <StaticTiles />
  </TransInfo>
  <TransInfo Description="Rough Beach to Forest AC" HashKey="0B0B0B8585850B0B85">
    <MapTiles>
      <MapTile TileID="196" AltIDMod="0" />
    </MapTiles>
    <StaticTiles />
  </TransInfo>
  <TransInfo Description="Rough Beach to Forest SWA" HashKey="0B858585850B85850B">
    <MapTiles>
      <MapTile TileID="1622" AltIDMod="0" />
    </MapTiles>
    <StaticTiles />
  </TransInfo>
  <TransInfo Description="Rough Beach to Forest AC" HashKey="85850B0B85850B850B">
    <MapTiles>
      <MapTile TileID="196" AltIDMod="0" />
    </MapTiles>
    <StaticTiles />
  </TransInfo>
  <TransInfo Description="Rough Beach to Forest AC" HashKey="850B0B0B850B0B0B0B">
    <MapTiles>
      <MapTile TileID="196" AltIDMod="0" />
    </MapTiles>
    <StaticTiles />
  </TransInfo>
  <TransInfo Description="Rough Beach to Forest AC" HashKey="0B858585850B0B850B">
    <MapTiles>
      <MapTile TileID="196" AltIDMod="0" />
    </MapTiles>
    <StaticTiles />
  </TransInfo>
  <TransInfo Description="Rough Beach to Forest AC" HashKey="0B850B0B850B0B850B">
    <MapTiles>
      <MapTile TileID="196" AltIDMod="0" />
    </MapTiles>
    <StaticTiles />
  </TransInfo>
  <TransInfo Description="Rough Beach to Forest NWA" HashKey="85858585850B850B85">
    <MapTiles>
      <MapTile TileID="1619" AltIDMod="0" />
    </MapTiles>
    <StaticTiles />
  </TransInfo>
  <TransInfo Description="Rough Beach to Forest AC" HashKey="0B0B8585850B0B8585">
    <MapTiles>
      <MapTile TileID="196" AltIDMod="0" />
    </MapTiles>
    <StaticTiles />
  </TransInfo>
  <TransInfo Description="Rough Beach to Forest SEA" HashKey="850B850B8585858585">
    <MapTiles>
      <MapTile TileID="1620" AltIDMod="0" />
    </MapTiles>
    <StaticTiles />
  </TransInfo>
  <TransInfo Description="Rough Beach to Forest AC" HashKey="0B0B850B850B850B85">
    <MapTiles>
      <MapTile TileID="196" AltIDMod="0" />
    </MapTiles>
    <StaticTiles />
  </TransInfo>
  <TransInfo Description="Rough Beach to Forest AC" HashKey="850B0B0B8585850B0B">
    <MapTiles>
      <MapTile TileID="196" AltIDMod="0" />
    </MapTiles>
    <StaticTiles />
  </TransInfo>
  <TransInfo Description="Rough Beach to Forest AC" HashKey="0B850B85850B0B850B">
    <MapTiles>
      <MapTile TileID="196" AltIDMod="0" />
    </MapTiles>
    <StaticTiles />
  </TransInfo>
  <TransInfo Description="Rough Beach to Forest AC" HashKey="0B0B0B0B8585850B85">
    <MapTiles>
      <MapTile TileID="196" AltIDMod="0" />
    </MapTiles>
    <StaticTiles />
  </TransInfo>
  <TransInfo Description="Rough Beach to Forest AC" HashKey="850B0B0B85850B850B">
    <MapTiles>
      <MapTile TileID="196" AltIDMod="0" />
    </MapTiles>
    <StaticTiles />
  </TransInfo>
  <TransInfo Description="Rough Beach to Forest AC" HashKey="0B0B850B850B0B0B85">
    <MapTiles>
      <MapTile TileID="196" AltIDMod="0" />
    </MapTiles>
    <StaticTiles />
  </TransInfo>
  <TransInfo Description="Rough Beach to Forest NWA" HashKey="85850B85850B850B0B">
    <MapTiles>
      <MapTile TileID="1619" AltIDMod="0" />
    </MapTiles>
    <StaticTiles />
  </TransInfo>
  <TransInfo Description="Rough Beach to Forest NS" HashKey="8585858585850B0B0B">
    <MapTiles>
      <MapTile TileID="1611" AltIDMod="0" />
    </MapTiles>
    <StaticTiles />
  </TransInfo>
  <TransInfo Description="Rough Beach to Forest AC" HashKey="85850B0B85850B0B85">
    <MapTiles>
      <MapTile TileID="196" AltIDMod="0" />
    </MapTiles>
    <StaticTiles />
  </TransInfo>
  <TransInfo Description="Rough Beach to Forest AC" HashKey="0B850B8585850B850B">
    <MapTiles>
      <MapTile TileID="196" AltIDMod="0" />
    </MapTiles>
    <StaticTiles />
  </TransInfo>
  <TransInfo Description="Rough Beach to Forest AC" HashKey="850B858585850B0B0B">
    <MapTiles>
      <MapTile TileID="196" AltIDMod="0" />
    </MapTiles>
    <StaticTiles />
  </TransInfo>
  <TransInfo Description="Rough Beach to Forest AC" HashKey="850B0B0B850B850B0B">
    <MapTiles>
      <MapTile TileID="196" AltIDMod="0" />
    </MapTiles>
    <StaticTiles />
  </TransInfo>
  <TransInfo Description="Rough Beach to Forest AC" HashKey="0B858585850B0B0B85">
    <MapTiles>
      <MapTile TileID="196" AltIDMod="0" />
    </MapTiles>
    <StaticTiles />
  </TransInfo>
  <TransInfo Description="Rough Beach to Forest AC" HashKey="850B0B0B850B0B0B85">
    <MapTiles>
      <MapTile TileID="196" AltIDMod="0" />
    </MapTiles>
    <StaticTiles />
  </TransInfo>
  <TransInfo Description="Rough Beach to Forest AC" HashKey="0B850B0B850B0B0B85">
    <MapTiles>
      <MapTile TileID="196" AltIDMod="0" />
    </MapTiles>
    <StaticTiles />
  </TransInfo>
  <TransInfo Description="Rough Beach to Forest AC" HashKey="850B850B8585850B85">
    <MapTiles>
      <MapTile TileID="196" AltIDMod="0" />
    </MapTiles>
    <StaticTiles />
  </TransInfo>
  <TransInfo Description="Rough Beach to Forest SWA" HashKey="0B0B8585850B85850B">
    <MapTiles>
      <MapTile TileID="1622" AltIDMod="0" />
    </MapTiles>
    <StaticTiles />
  </TransInfo>
  <TransInfo Description="Rough Beach to Forest AC" HashKey="8585850B850B850B85">
    <MapTiles>
      <MapTile TileID="196" AltIDMod="0" />
    </MapTiles>
    <StaticTiles />
  </TransInfo>
  <TransInfo Description="Rough Beach to Forest AC" HashKey="850B8585850B0B850B">
    <MapTiles>
      <MapTile TileID="196" AltIDMod="0" />
    </MapTiles>
    <StaticTiles />
  </TransInfo>
  <TransInfo Description="Rough Beach to Forest AC" HashKey="0B0B0B0B85850B0B0B">
    <MapTiles>
      <MapTile TileID="196" AltIDMod="0" />
    </MapTiles>
    <StaticTiles />
  </TransInfo>
  <TransInfo Description="Rough Beach to Forest AC" HashKey="0B0B0B0B850B85850B">
    <MapTiles>
      <MapTile TileID="196" AltIDMod="0" />
    </MapTiles>
    <StaticTiles />
  </TransInfo>
  <TransInfo Description="Rough Beach to Forest AC" HashKey="85850B0B850B0B0B85">
    <MapTiles>
      <MapTile TileID="196" AltIDMod="0" />
    </MapTiles>
    <StaticTiles />
  </TransInfo>
  <TransInfo Description="Rough Beach to Forest SWB" HashKey="8585858585850B8585">
    <MapTiles>
      <MapTile TileID="1618" AltIDMod="0" />
    </MapTiles>
    <StaticTiles />
  </TransInfo>
  <TransInfo Description="Rough Beach to Forest AC" HashKey="850B0B85850B850B0B">
    <MapTiles>
      <MapTile TileID="196" AltIDMod="0" />
    </MapTiles>
    <StaticTiles />
  </TransInfo>
  <TransInfo Description="Rough Beach to Forest AC" HashKey="0B0B850B85850B0B0B">
    <MapTiles>
      <MapTile TileID="196" AltIDMod="0" />
    </MapTiles>
    <StaticTiles />
  </TransInfo>
  <TransInfo Description="Rough Beach to Forest AC" HashKey="0B0B0B0B850B858585">
    <MapTiles>
      <MapTile TileID="196" AltIDMod="0" />
    </MapTiles>
    <StaticTiles />
  </TransInfo>
  <TransInfo Description="Rough Beach to Forest NWB" HashKey="0B8585858585858585">
    <MapTiles>
      <MapTile TileID="1615" AltIDMod="0" />
    </MapTiles>
    <StaticTiles />
  </TransInfo>
  <TransInfo Description="Rough Beach to Forest SEA" HashKey="0B0B0B8585850B8585">
    <MapTiles>
      <MapTile TileID="1620" AltIDMod="0" />
    </MapTiles>
    <StaticTiles />
  </TransInfo>
  <TransInfo Description="Rough Beach to Forest NWA" HashKey="85850B858585850B0B">
    <MapTiles>
      <MapTile TileID="1619" AltIDMod="0" />
    </MapTiles>
    <StaticTiles />
  </TransInfo>
  <TransInfo Description="Rough Beach to Forest NEA" HashKey="0B85850B858585850B">
    <MapTiles>
      <MapTile TileID="1621" AltIDMod="0" />
    </MapTiles>
    <StaticTiles />
  </TransInfo>
  <TransInfo Description="Rough Beach to Forest SWA" HashKey="850B8585858585850B">
    <MapTiles>
      <MapTile TileID="1622" AltIDMod="0" />
    </MapTiles>
    <StaticTiles />
  </TransInfo>
  <TransInfo Description="Rough Beach to Forest SWA" HashKey="0B0B8585858585850B">
    <MapTiles>
      <MapTile TileID="1622" AltIDMod="0" />
    </MapTiles>
    <StaticTiles />
  </TransInfo>
  <TransInfo Description="Rough Beach to Forest SEA" HashKey="0B0B0B0B8585858585">
    <MapTiles>
      <MapTile TileID="1620" AltIDMod="0" />
    </MapTiles>
    <StaticTiles />
  </TransInfo>
  <TransInfo Description="Rough Beach to Forest AC" HashKey="850B0B8585850B0B85">
    <MapTiles>
      <MapTile TileID="196" AltIDMod="0" />
    </MapTiles>
    <StaticTiles />
  </TransInfo>
  <TransInfo Description="Rough Beach to Forest AC" HashKey="0B850B85850B850B0B">
    <MapTiles>
      <MapTile TileID="196" AltIDMod="0" />
    </MapTiles>
    <StaticTiles />
  </TransInfo>
  <TransInfo Description="Rough Beach to Forest NWA" HashKey="85850B8585850B850B">
    <MapTiles>
      <MapTile TileID="1619" AltIDMod="0" />
    </MapTiles>
    <StaticTiles />
  </TransInfo>
  <TransInfo Description="Rough Beach to Forest AC" HashKey="850B0B85850B0B8585">
    <MapTiles>
      <MapTile TileID="196" AltIDMod="0" />
    </MapTiles>
    <StaticTiles />
  </TransInfo>
  <TransInfo Description="Rough Beach to Forest AC" HashKey="850B0B0B850B85850B">
    <MapTiles>
      <MapTile TileID="196" AltIDMod="0" />
    </MapTiles>
    <StaticTiles />
  </TransInfo>
  <TransInfo Description="Rough Beach to Forest AC" HashKey="0B0B0B85850B0B850B">
    <MapTiles>
      <MapTile TileID="196" AltIDMod="0" />
    </MapTiles>
    <StaticTiles />
  </TransInfo>
  <TransInfo Description="Rough Beach to Forest AC" HashKey="850B0B85850B0B0B0B">
    <MapTiles>
      <MapTile TileID="196" AltIDMod="0" />
    </MapTiles>
    <StaticTiles />
  </TransInfo>
  <TransInfo Description="Rough Beach to Forest AC" HashKey="850B8585850B0B0B0B">
    <MapTiles>
      <MapTile TileID="196" AltIDMod="0" />
    </MapTiles>
    <StaticTiles />
  </TransInfo>
  <TransInfo Description="Rough Beach to Forest AC" HashKey="85850B0B8585850B0B">
    <MapTiles>
      <MapTile TileID="196" AltIDMod="0" />
    </MapTiles>
    <StaticTiles />
  </TransInfo>
  <TransInfo Description="Rough Beach to Forest AC" HashKey="0B0B0B0B850B0B850B">
    <MapTiles>
      <MapTile TileID="196" AltIDMod="0" />
    </MapTiles>
    <StaticTiles />
  </TransInfo>
  <TransInfo Description="Rough Beach to Forest AC" HashKey="850B0B0B8585850B85">
    <MapTiles>
      <MapTile TileID="196" AltIDMod="0" />
    </MapTiles>
    <StaticTiles />
  </TransInfo>
  <TransInfo Description="Rough Beach to Forest AC" HashKey="0B0B850B858585850B">
    <MapTiles>
      <MapTile TileID="196" AltIDMod="0" />
    </MapTiles>
    <StaticTiles />
  </TransInfo>
  <TransInfo Description="Rough Beach to Forest AC" HashKey="0B0B0B0B850B850B0B">
    <MapTiles>
      <MapTile TileID="196" AltIDMod="0" />
    </MapTiles>
    <StaticTiles />
  </TransInfo>
  <TransInfo Description="Rough Beach to Forest AC" HashKey="850B0B858585850B0B">
    <MapTiles>
      <MapTile TileID="196" AltIDMod="0" />
    </MapTiles>
    <StaticTiles />
  </TransInfo>
  <TransInfo Description="Rough Beach to Forest NEA" HashKey="8585850B85850B0B85">
    <MapTiles>
      <MapTile TileID="1621" AltIDMod="0" />
    </MapTiles>
    <StaticTiles />
  </TransInfo>
  <TransInfo Description="Rough Beach to Forest NEA" HashKey="0B85850B85850B0B85">
    <MapTiles>
      <MapTile TileID="1621" AltIDMod="0" />
    </MapTiles>
    <StaticTiles />
  </TransInfo>
  <TransInfo Description="Rough Beach to Forest WE" HashKey="85858585850B858585">
    <MapTiles>
      <MapTile TileID="1612" AltIDMod="0" />
    </MapTiles>
    <StaticTiles />
  </TransInfo>
  <TransInfo Description="Rough Beach to Forest AC" HashKey="0B0B0B8585850B850B">
    <MapTiles>
      <MapTile TileID="196" AltIDMod="0" />
    </MapTiles>
    <StaticTiles />
  </TransInfo>
  <TransInfo Description="Rough Beach to Forest WE" HashKey="85850B85850B85850B">
    <MapTiles>
      <MapTile TileID="1612" AltIDMod="0" />
    </MapTiles>
    <StaticTiles />
  </TransInfo>
  <TransInfo Description="Rough Beach to Forest AC" HashKey="0B85850B850B0B8585">
    <MapTiles>
      <MapTile TileID="196" AltIDMod="0" />
    </MapTiles>
    <StaticTiles />
  </TransInfo>
  <TransInfo Description="Rough Beach to Forest SWA" HashKey="0B850B85850B858585">
    <MapTiles>
      <MapTile TileID="1622" AltIDMod="0" />
    </MapTiles>
    <StaticTiles />
  </TransInfo>
  <TransInfo Description="Rough Beach to Forest NWA" HashKey="85850B8585850B0B85">
    <MapTiles>
      <MapTile TileID="1619" AltIDMod="0" />
    </MapTiles>
    <StaticTiles />
  </TransInfo>
  <TransInfo Description="Rough Beach to Forest AC" HashKey="850B858585850B850B">
    <MapTiles>
      <MapTile TileID="196" AltIDMod="0" />
    </MapTiles>
    <StaticTiles />
  </TransInfo>
  <TransInfo Description="Rough Beach to Forest SN" HashKey="0B0B0B858585858585">
    <MapTiles>
      <MapTile TileID="1614" AltIDMod="0" />
    </MapTiles>
    <StaticTiles />
  </TransInfo>
  <TransInfo Description="Rough Beach to Forest AC" HashKey="85850B0B850B0B8585">
    <MapTiles>
      <MapTile TileID="196" AltIDMod="0" />
    </MapTiles>
    <StaticTiles />
  </TransInfo>
  <TransInfo Description="Rough Beach to Forest AC" HashKey="850B85858585850B0B">
    <MapTiles>
      <MapTile TileID="196" AltIDMod="0" />
    </MapTiles>
    <StaticTiles />
  </TransInfo>
  <TransInfo Description="Rough Beach to Forest NWA" HashKey="85850B85850B0B850B">
    <MapTiles>
      <MapTile TileID="1619" AltIDMod="0" />
    </MapTiles>
    <StaticTiles />
  </TransInfo>
  <TransInfo Description="Rough Beach to Forest AC" HashKey="850B8585850B850B0B">
    <MapTiles>
      <MapTile TileID="196" AltIDMod="0" />
    </MapTiles>
    <StaticTiles />
  </TransInfo>
  <TransInfo Description="Rough Beach to Forest AC" HashKey="0B0B850B850B0B0B0B">
    <MapTiles>
      <MapTile TileID="196" AltIDMod="0" />
    </MapTiles>
    <StaticTiles />
  </TransInfo>
  <TransInfo Description="Rough Beach to Forest NWA" HashKey="85858585850B0B8585">
    <MapTiles>
      <MapTile TileID="1619" AltIDMod="0" />
    </MapTiles>
    <StaticTiles />
  </TransInfo>
  <TransInfo Description="Rough Beach to Forest AC" HashKey="0B850B85850B0B0B85">
    <MapTiles>
      <MapTile TileID="196" AltIDMod="0" />
    </MapTiles>
    <StaticTiles />
  </TransInfo>
  <TransInfo Description="Rough Beach to Forest NEA" HashKey="0B85850B8585850B0B">
    <MapTiles>
      <MapTile TileID="1621" AltIDMod="0" />
    </MapTiles>
    <StaticTiles />
  </TransInfo>
  <TransInfo Description="Rough Beach to Forest SWA" HashKey="850B0B85850B85850B">
    <MapTiles>
      <MapTile TileID="1622" AltIDMod="0" />
    </MapTiles>
    <StaticTiles />
  </TransInfo>
  <TransInfo Description="Rough Beach to Forest AC" HashKey="0B850B85850B0B0B0B">
    <MapTiles>
      <MapTile TileID="196" AltIDMod="0" />
    </MapTiles>
    <StaticTiles />
  </TransInfo>
</Trans>