﻿<?xml version="1.0" encoding="utf-8"?>
<Trans>
  <TransInfo Description="Grass Without Static to Rough Beach" HashKey="3E3E3E3E3E85853E85">
    <MapTiles>
      <MapTile TileID="53" AltIDMod="0" />
    </MapTiles>
    <StaticTiles />
  </TransInfo>
  <TransInfo Description="Grass Without Static to Rough Beach" HashKey="853E3E853E3E3E3E85">
    <MapTiles>
      <MapTile TileID="54" AltIDMod="0" />
    </MapTiles>
    <StaticTiles />
  </TransInfo>
  <TransInfo Description="Grass Without Static to Rough Beach" HashKey="3E3E3E853E3E853E3E">
    <MapTiles>
      <MapTile TileID="55" AltIDMod="0" />
    </MapTiles>
    <StaticTiles />
  </TransInfo>
  <TransInfo Description="Grass Without Static to Rough Beach" HashKey="853E853E3E853E3E85">
    <MapTiles>
      <MapTile TileID="52" AltIDMod="0" />
    </MapTiles>
    <StaticTiles />
  </TransInfo>
  <TransInfo Description="Grass Without Static to Rough Beach" HashKey="3E3E85853E3E3E3E3E">
    <MapTiles>
      <MapTile TileID="51" AltIDMod="0" />
    </MapTiles>
    <StaticTiles />
  </TransInfo>
  <TransInfo Description="Grass Without Static to Rough Beach" HashKey="3E3E3E3E3E3E853E3E">
    <MapTiles>
      <MapTile TileID="60" AltIDMod="0" />
    </MapTiles>
    <StaticTiles />
  </TransInfo>
  <TransInfo Description="Grass Without Static to Rough Beach" HashKey="3E3E3E853E3E3E8585">
    <MapTiles>
      <MapTile TileID="54" AltIDMod="0" />
    </MapTiles>
    <StaticTiles />
  </TransInfo>
  <TransInfo Description="Grass Without Static to Rough Beach" HashKey="3E3E853E3E853E3E3E">
    <MapTiles>
      <MapTile TileID="56" AltIDMod="0" />
    </MapTiles>
    <StaticTiles />
  </TransInfo>
  <TransInfo Description="Grass Without Static to Rough Beach" HashKey="3E3E3E3E3E3E853E85">
    <MapTiles>
      <MapTile TileID="58" AltIDMod="0" />
    </MapTiles>
    <StaticTiles />
  </TransInfo>
  <TransInfo Description="Grass Without Static to Rough Beach" HashKey="3E3E3E3E3E3E3E3E85">
    <MapTiles>
      <MapTile TileID="61" AltIDMod="0" />
    </MapTiles>
    <StaticTiles />
  </TransInfo>
  <TransInfo Description="Grass Without Static to Rough Beach" HashKey="3E853E3E3E3E3E3E85">
    <MapTiles>
      <MapTile TileID="52" AltIDMod="0" />
    </MapTiles>
    <StaticTiles />
  </TransInfo>
  <TransInfo Description="Grass Without Static to Rough Beach" HashKey="3E85853E3E3E3E3E85">
    <MapTiles>
      <MapTile TileID="52" AltIDMod="0" />
    </MapTiles>
    <StaticTiles />
  </TransInfo>
  <TransInfo Description="Grass Without Static to Rough Beach" HashKey="3E3E853E3E3E3E853E">
    <MapTiles>
      <MapTile TileID="53" AltIDMod="0" />
    </MapTiles>
    <StaticTiles />
  </TransInfo>
  <TransInfo Description="Grass Without Static to Rough Beach" HashKey="3E3E3E853E3E3E3E3E">
    <MapTiles>
      <MapTile TileID="55" AltIDMod="0" />
    </MapTiles>
    <StaticTiles />
  </TransInfo>
  <TransInfo Description="Grass Without Static to Rough Beach" HashKey="3E3E3E853E3E3E3E85">
    <MapTiles>
      <MapTile TileID="54" AltIDMod="0" />
    </MapTiles>
    <StaticTiles />
  </TransInfo>
  <TransInfo Description="Grass Without Static to Rough Beach" HashKey="853E85853E3E853E3E">
    <MapTiles>
      <MapTile TileID="51" AltIDMod="0" />
    </MapTiles>
    <StaticTiles />
  </TransInfo>
  <TransInfo Description="Grass Without Static to Rough Beach" HashKey="3E853E3E3E853E3E3E">
    <MapTiles>
      <MapTile TileID="52" AltIDMod="0" />
    </MapTiles>
    <StaticTiles />
  </TransInfo>
  <TransInfo Description="Grass Without Static to Rough Beach" HashKey="853E853E3E853E3E3E">
    <MapTiles>
      <MapTile TileID="52" AltIDMod="0" />
    </MapTiles>
    <StaticTiles />
  </TransInfo>
  <TransInfo Description="Grass Without Static to Rough Beach" HashKey="853E853E3E3E3E3E85">
    <MapTiles>
      <MapTile TileID="52" AltIDMod="0" />
    </MapTiles>
    <StaticTiles />
  </TransInfo>
  <TransInfo Description="Grass Without Static to Rough Beach" HashKey="853E85853E3E3E3E3E">
    <MapTiles>
      <MapTile TileID="51" AltIDMod="0" />
    </MapTiles>
    <StaticTiles />
  </TransInfo>
  <TransInfo Description="Grass Without Static to Rough Beach" HashKey="3E3E853E3E853E3E85">
    <MapTiles>
      <MapTile TileID="56" AltIDMod="0" />
    </MapTiles>
    <StaticTiles />
  </TransInfo>
  <TransInfo Description="Grass Without Static to Rough Beach" HashKey="858585853E3E853E3E">
    <MapTiles>
      <MapTile TileID="51" AltIDMod="0" />
    </MapTiles>
    <StaticTiles />
  </TransInfo>
  <TransInfo Description="Grass Without Static to Rough Beach" HashKey="853E3E3E3E3E85853E">
    <MapTiles>
      <MapTile TileID="54" AltIDMod="0" />
    </MapTiles>
    <StaticTiles />
  </TransInfo>
  <TransInfo Description="Grass Without Static to Rough Beach" HashKey="853E3E853E3E85853E">
    <MapTiles>
      <MapTile TileID="54" AltIDMod="0" />
    </MapTiles>
    <StaticTiles />
  </TransInfo>
  <TransInfo Description="Grass Without Static to Rough Beach" HashKey="3E3E3E853E3E853E85">
    <MapTiles>
      <MapTile TileID="54" AltIDMod="0" />
    </MapTiles>
    <StaticTiles />
  </TransInfo>
  <TransInfo Description="Grass Without Static to Rough Beach" HashKey="85853E3E3E853E3E3E">
    <MapTiles>
      <MapTile TileID="52" AltIDMod="0" />
    </MapTiles>
    <StaticTiles />
  </TransInfo>
  <TransInfo Description="Grass Without Static to Rough Beach" HashKey="3E3E853E3E3E3E8585">
    <MapTiles>
      <MapTile TileID="53" AltIDMod="0" />
    </MapTiles>
    <StaticTiles />
  </TransInfo>
  <TransInfo Description="Grass Without Static to Rough Beach" HashKey="853E3E3E3E3E858585">
    <MapTiles>
      <MapTile TileID="54" AltIDMod="0" />
    </MapTiles>
    <StaticTiles />
  </TransInfo>
  <TransInfo Description="Grass Without Static to Rough Beach" HashKey="3E853E853E3E853E3E">
    <MapTiles>
      <MapTile TileID="51" AltIDMod="0" />
    </MapTiles>
    <StaticTiles />
  </TransInfo>
  <TransInfo Description="Grass Without Static to Rough Beach" HashKey="85853E3E3E853E3E85">
    <MapTiles>
      <MapTile TileID="52" AltIDMod="0" />
    </MapTiles>
    <StaticTiles />
  </TransInfo>
  <TransInfo Description="Grass Without Static to Rough Beach" HashKey="3E853E3E3E853E3E85">
    <MapTiles>
      <MapTile TileID="52" AltIDMod="0" />
    </MapTiles>
    <StaticTiles />
  </TransInfo>
  <TransInfo Description="Grass Without Static to Rough Beach" HashKey="3E3E853E3E3E3E3E3E">
    <MapTiles>
      <MapTile TileID="59" AltIDMod="0" />
    </MapTiles>
    <StaticTiles />
  </TransInfo>
  <TransInfo Description="Grass Without Static to Rough Beach" HashKey="3E3E853E3E3E3E3E85">
    <MapTiles>
      <MapTile TileID="56" AltIDMod="0" />
    </MapTiles>
    <StaticTiles />
  </TransInfo>
  <TransInfo Description="Grass Without Static to Rough Beach" HashKey="3E3E3E3E3E8585853E">
    <MapTiles>
      <MapTile TileID="53" AltIDMod="0" />
    </MapTiles>
    <StaticTiles />
  </TransInfo>
  <TransInfo Description="Grass Without Static to Rough Beach" HashKey="853E3E3E3E853E3E3E">
    <MapTiles>
      <MapTile TileID="52" AltIDMod="0" />
    </MapTiles>
    <StaticTiles />
  </TransInfo>
  <TransInfo Description="Grass Without Static to Rough Beach" HashKey="853E3E853E3E3E853E">
    <MapTiles>
      <MapTile TileID="54" AltIDMod="0" />
    </MapTiles>
    <StaticTiles />
  </TransInfo>
  <TransInfo Description="Grass Without Static to Rough Beach" HashKey="3E3E3E3E3E85858585">
    <MapTiles>
      <MapTile TileID="53" AltIDMod="0" />
    </MapTiles>
    <StaticTiles />
  </TransInfo>
  <TransInfo Description="Grass Without Static to Rough Beach" HashKey="853E3E853E3E3E8585">
    <MapTiles>
      <MapTile TileID="54" AltIDMod="0" />
    </MapTiles>
    <StaticTiles />
  </TransInfo>
  <TransInfo Description="Grass Without Static to Rough Beach" HashKey="853E3E3E3E3E3E853E">
    <MapTiles>
      <MapTile TileID="54" AltIDMod="0" />
    </MapTiles>
    <StaticTiles />
  </TransInfo>
  <TransInfo Description="Grass Without Static to Rough Beach" HashKey="85853E853E3E853E3E">
    <MapTiles>
      <MapTile TileID="51" AltIDMod="0" />
    </MapTiles>
    <StaticTiles />
  </TransInfo>
  <TransInfo Description="Grass Without Static to Rough Beach" HashKey="3E3E3E3E3E3E3E853E">
    <MapTiles>
      <MapTile TileID="58" AltIDMod="0" />
    </MapTiles>
    <StaticTiles />
  </TransInfo>
  <TransInfo Description="Grass Without Static to Rough Beach" HashKey="858585853E3E3E3E3E">
    <MapTiles>
      <MapTile TileID="51" AltIDMod="0" />
    </MapTiles>
    <StaticTiles />
  </TransInfo>
  <TransInfo Description="Grass Without Static to Rough Beach" HashKey="85853E3E3E3E853E3E">
    <MapTiles>
      <MapTile TileID="51" AltIDMod="0" />
    </MapTiles>
    <StaticTiles />
  </TransInfo>
  <TransInfo Description="Grass Without Static to Rough Beach" HashKey="8585853E3E853E3E3E">
    <MapTiles>
      <MapTile TileID="52" AltIDMod="0" />
    </MapTiles>
    <StaticTiles />
  </TransInfo>
  <TransInfo Description="Grass Without Static to Rough Beach" HashKey="3E3E853E3E3E853E85">
    <MapTiles>
      <MapTile TileID="53" AltIDMod="0" />
    </MapTiles>
    <StaticTiles />
  </TransInfo>
  <TransInfo Description="Grass Without Static to Rough Beach" HashKey="3E3E3E3E3E3E3E8585">
    <MapTiles>
      <MapTile TileID="58" AltIDMod="0" />
    </MapTiles>
    <StaticTiles />
  </TransInfo>
  <TransInfo Description="Grass Without Static to Rough Beach" HashKey="3E853E853E3E3E3E3E">
    <MapTiles>
      <MapTile TileID="51" AltIDMod="0" />
    </MapTiles>
    <StaticTiles />
  </TransInfo>
  <TransInfo Description="Grass Without Static to Rough Beach" HashKey="85853E853E3E3E3E3E">
    <MapTiles>
      <MapTile TileID="51" AltIDMod="0" />
    </MapTiles>
    <StaticTiles />
  </TransInfo>
  <TransInfo Description="Grass Without Static to Rough Beach" HashKey="3E3E853E3E8585853E">
    <MapTiles>
      <MapTile TileID="53" AltIDMod="0" />
    </MapTiles>
    <StaticTiles />
  </TransInfo>
  <TransInfo Description="Grass Without Static to Rough Beach" HashKey="3E3E3E3E3E853E853E">
    <MapTiles>
      <MapTile TileID="53" AltIDMod="0" />
    </MapTiles>
    <StaticTiles />
  </TransInfo>
  <TransInfo Description="Grass Without Static to Rough Beach" HashKey="853E3E853E3E853E3E">
    <MapTiles>
      <MapTile TileID="55" AltIDMod="0" />
    </MapTiles>
    <StaticTiles />
  </TransInfo>
  <TransInfo Description="Grass Without Static to Rough Beach" HashKey="853E3E853E3E853E85">
    <MapTiles>
      <MapTile TileID="54" AltIDMod="0" />
    </MapTiles>
    <StaticTiles />
  </TransInfo>
  <TransInfo Description="Grass Without Static to Rough Beach" HashKey="853E3E3E3E853E3E85">
    <MapTiles>
      <MapTile TileID="52" AltIDMod="0" />
    </MapTiles>
    <StaticTiles />
  </TransInfo>
  <TransInfo Description="Grass Without Static to Rough Beach" HashKey="853E3E3E3E3E853E3E">
    <MapTiles>
      <MapTile TileID="55" AltIDMod="0" />
    </MapTiles>
    <StaticTiles />
  </TransInfo>
  <TransInfo Description="Grass Without Static to Rough Beach" HashKey="3E3E3E853E3E85853E">
    <MapTiles>
      <MapTile TileID="54" AltIDMod="0" />
    </MapTiles>
    <StaticTiles />
  </TransInfo>
  <TransInfo Description="Grass Without Static to Rough Beach" HashKey="853E3E853E3E858585">
    <MapTiles>
      <MapTile TileID="54" AltIDMod="0" />
    </MapTiles>
    <StaticTiles />
  </TransInfo>
  <TransInfo Description="Grass Without Static to Rough Beach" HashKey="3E3E3E853E3E858585">
    <MapTiles>
      <MapTile TileID="54" AltIDMod="0" />
    </MapTiles>
    <StaticTiles />
  </TransInfo>
  <TransInfo Description="Grass Without Static to Rough Beach" HashKey="853E3E3E3E3E3E8585">
    <MapTiles>
      <MapTile TileID="54" AltIDMod="0" />
    </MapTiles>
    <StaticTiles />
  </TransInfo>
  <TransInfo Description="Grass Without Static to Rough Beach" HashKey="85853E3E3E3E3E3E3E">
    <MapTiles>
      <MapTile TileID="57" AltIDMod="0" />
    </MapTiles>
    <StaticTiles />
  </TransInfo>
  <TransInfo Description="Grass Without Static to Rough Beach" HashKey="3E3E853E3E853E853E">
    <MapTiles>
      <MapTile TileID="53" AltIDMod="0" />
    </MapTiles>
    <StaticTiles />
  </TransInfo>
  <TransInfo Description="Grass Without Static to Rough Beach" HashKey="3E85853E3E3E3E3E3E">
    <MapTiles>
      <MapTile TileID="57" AltIDMod="0" />
    </MapTiles>
    <StaticTiles />
  </TransInfo>
  <TransInfo Description="Grass Without Static to Rough Beach" HashKey="3E3E853E3E853E8585">
    <MapTiles>
      <MapTile TileID="53" AltIDMod="0" />
    </MapTiles>
    <StaticTiles />
  </TransInfo>
  <TransInfo Description="Grass Without Static to Rough Beach" HashKey="8585853E3E853E3E85">
    <MapTiles>
      <MapTile TileID="52" AltIDMod="0" />
    </MapTiles>
    <StaticTiles />
  </TransInfo>
  <TransInfo Description="Grass Without Static to Rough Beach" HashKey="3E85853E3E853E3E3E">
    <MapTiles>
      <MapTile TileID="52" AltIDMod="0" />
    </MapTiles>
    <StaticTiles />
  </TransInfo>
  <TransInfo Description="Grass Without Static to Rough Beach" HashKey="8585853E3E3E853E3E">
    <MapTiles>
      <MapTile TileID="51" AltIDMod="0" />
    </MapTiles>
    <StaticTiles />
  </TransInfo>
  <TransInfo Description="Grass Without Static to Rough Beach" HashKey="853E3E3E3E3E3E3E3E">
    <MapTiles>
      <MapTile TileID="62" AltIDMod="0" />
    </MapTiles>
    <StaticTiles />
  </TransInfo>
  <TransInfo Description="Grass Without Static to Rough Beach" HashKey="3E3E3E3E3E3E85853E">
    <MapTiles>
      <MapTile TileID="58" AltIDMod="0" />
    </MapTiles>
    <StaticTiles />
  </TransInfo>
  <TransInfo Description="Grass Without Static to Rough Beach" HashKey="3E85853E3E853E3E85">
    <MapTiles>
      <MapTile TileID="52" AltIDMod="0" />
    </MapTiles>
    <StaticTiles />
  </TransInfo>
  <TransInfo Description="Grass Without Static to Rough Beach" HashKey="3E3E3E3E3E85853E3E">
    <MapTiles>
      <MapTile TileID="53" AltIDMod="0" />
    </MapTiles>
    <StaticTiles />
  </TransInfo>
  <TransInfo Description="Grass Without Static to Rough Beach" HashKey="853E853E3E3E853E3E">
    <MapTiles>
      <MapTile TileID="51" AltIDMod="0" />
    </MapTiles>
    <StaticTiles />
  </TransInfo>
  <TransInfo Description="Grass Without Static to Rough Beach" HashKey="3E853E3E3E3E853E3E">
    <MapTiles>
      <MapTile TileID="51" AltIDMod="0" />
    </MapTiles>
    <StaticTiles />
  </TransInfo>
  <TransInfo Description="Grass Without Static to Rough Beach" HashKey="853E3E853E3E3E3E3E">
    <MapTiles>
      <MapTile TileID="55" AltIDMod="0" />
    </MapTiles>
    <StaticTiles />
  </TransInfo>
  <TransInfo Description="Grass Without Static to Rough Beach" HashKey="3E3E853E3E85858585">
    <MapTiles>
      <MapTile TileID="53" AltIDMod="0" />
    </MapTiles>
    <StaticTiles />
  </TransInfo>
  <TransInfo Description="Grass Without Static to Rough Beach" HashKey="3E3E3E3E3E853E8585">
    <MapTiles>
      <MapTile TileID="53" AltIDMod="0" />
    </MapTiles>
    <StaticTiles />
  </TransInfo>
  <TransInfo Description="Grass Without Static to Rough Beach" HashKey="3E3E3E853E3E3E853E">
    <MapTiles>
      <MapTile TileID="54" AltIDMod="0" />
    </MapTiles>
    <StaticTiles />
  </TransInfo>
  <TransInfo Description="Grass Without Static to Rough Beach" HashKey="3E3E85853E3E853E3E">
    <MapTiles>
      <MapTile TileID="51" AltIDMod="0" />
    </MapTiles>
    <StaticTiles />
  </TransInfo>
  <TransInfo Description="Grass Without Static to Rough Beach" HashKey="8585853E3E3E3E3E3E">
    <MapTiles>
      <MapTile TileID="57" AltIDMod="0" />
    </MapTiles>
    <StaticTiles />
  </TransInfo>
  <TransInfo Description="Grass Without Static to Rough Beach" HashKey="3E3E853E3E85853E3E">
    <MapTiles>
      <MapTile TileID="53" AltIDMod="0" />
    </MapTiles>
    <StaticTiles />
  </TransInfo>
  <TransInfo Description="Grass Without Static to Rough Beach" HashKey="8585853E3E3E3E3E85">
    <MapTiles>
      <MapTile TileID="52" AltIDMod="0" />
    </MapTiles>
    <StaticTiles />
  </TransInfo>
  <TransInfo Description="Grass Without Static to Rough Beach" HashKey="3E3E3E3E3E853E3E3E">
    <MapTiles>
      <MapTile TileID="56" AltIDMod="0" />
    </MapTiles>
    <StaticTiles />
  </TransInfo>
  <TransInfo Description="Grass Without Static to Rough Beach" HashKey="853E3E3E3E3E853E85">
    <MapTiles>
      <MapTile TileID="54" AltIDMod="0" />
    </MapTiles>
    <StaticTiles />
  </TransInfo>
  <TransInfo Description="Grass Without Static to Rough Beach" HashKey="3E853E3E3E3E3E3E3E">
    <MapTiles>
      <MapTile TileID="57" AltIDMod="0" />
    </MapTiles>
    <StaticTiles />
  </TransInfo>
  <TransInfo Description="Grass Without Static to Rough Beach" HashKey="3E3E853E3E85853E85">
    <MapTiles>
      <MapTile TileID="53" AltIDMod="0" />
    </MapTiles>
    <StaticTiles />
  </TransInfo>
  <TransInfo Description="Grass Without Static to Rough Beach" HashKey="3E8585853E3E853E3E">
    <MapTiles>
      <MapTile TileID="51" AltIDMod="0" />
    </MapTiles>
    <StaticTiles />
  </TransInfo>
  <TransInfo Description="Grass Without Static to Rough Beach" HashKey="3E3E3E3E3E853E3E85">
    <MapTiles>
      <MapTile TileID="56" AltIDMod="0" />
    </MapTiles>
    <StaticTiles />
  </TransInfo>
  <TransInfo Description="Grass Without Static to Rough Beach" HashKey="3E85853E3E3E853E3E">
    <MapTiles>
      <MapTile TileID="51" AltIDMod="0" />
    </MapTiles>
    <StaticTiles />
  </TransInfo>
  <TransInfo Description="Grass Without Static to Rough Beach" HashKey="85853E3E3E3E3E3E85">
    <MapTiles>
      <MapTile TileID="52" AltIDMod="0" />
    </MapTiles>
    <StaticTiles />
  </TransInfo>
  <TransInfo Description="Grass Without Static to Rough Beach" HashKey="3E3E853E3E3E85853E">
    <MapTiles>
      <MapTile TileID="53" AltIDMod="0" />
    </MapTiles>
    <StaticTiles />
  </TransInfo>
  <TransInfo Description="Grass Without Static to Rough Beach" HashKey="3E3E853E3E3E858585">
    <MapTiles>
      <MapTile TileID="53" AltIDMod="0" />
    </MapTiles>
    <StaticTiles />
  </TransInfo>
  <TransInfo Description="Grass Without Static to Rough Beach" HashKey="853E853E3E3E3E3E3E">
    <MapTiles>
      <MapTile TileID="57" AltIDMod="0" />
    </MapTiles>
    <StaticTiles />
  </TransInfo>
  <TransInfo Description="Grass Without Static to Rough Beach" HashKey="3E3E3E3E3E3E858585">
    <MapTiles>
      <MapTile TileID="58" AltIDMod="0" />
    </MapTiles>
    <StaticTiles />
  </TransInfo>
  <TransInfo Description="Grass Without Static to Rough Beach" HashKey="3E8585853E3E3E3E3E">
    <MapTiles>
      <MapTile TileID="51" AltIDMod="0" />
    </MapTiles>
    <StaticTiles />
  </TransInfo>
</Trans>