﻿<?xml version="1.0" encoding="utf-8"?>
<Trans>
  <TransInfo Description="Rough Beach to Brown Brick(EW) SEA" HashKey="858524248585858585">
    <MapTiles>
      <MapTile TileID="1308" AltIDMod="0" />
    </MapTiles>
    <StaticTiles />
  </TransInfo>
  <TransInfo Description="Rough Beach to Brown Brick(EW) AC" HashKey="852424248585248524">
    <MapTiles>
      <MapTile TileID="1167" AltIDMod="0" />
    </MapTiles>
    <StaticTiles />
  </TransInfo>
  <TransInfo Description="Rough Beach to Brown Brick(EW) SEA" HashKey="242485248585858585">
    <MapTiles>
      <MapTile TileID="1308" AltIDMod="0" />
    </MapTiles>
    <StaticTiles />
  </TransInfo>
  <TransInfo Description="Rough Beach to Brown Brick(EW) EW" HashKey="248585248585248585">
    <MapTiles>
      <MapTile TileID="1181" AltIDMod="0" />
    </MapTiles>
    <StaticTiles />
  </TransInfo>
  <TransInfo Description="Rough Beach to Brown Brick(EW) EW" HashKey="248585248585858585">
    <MapTiles>
      <MapTile TileID="1181" AltIDMod="0" />
    </MapTiles>
    <StaticTiles />
  </TransInfo>
  <TransInfo Description="Rough Beach to Brown Brick(EW) AC" HashKey="242424248585248524">
    <MapTiles>
      <MapTile TileID="1167" AltIDMod="0" />
    </MapTiles>
    <StaticTiles />
  </TransInfo>
  <TransInfo Description="Rough Beach to Brown Brick(EW) NEA" HashKey="248585858585852424">
    <MapTiles>
      <MapTile TileID="1186" AltIDMod="0" />
    </MapTiles>
    <StaticTiles />
  </TransInfo>
  <TransInfo Description="Rough Beach to Brown Brick(EW) AC" HashKey="852424858524242424">
    <MapTiles>
      <MapTile TileID="1167" AltIDMod="0" />
    </MapTiles>
    <StaticTiles />
  </TransInfo>
  <TransInfo Description="Rough Beach to Brown Brick(EW) NWB" HashKey="248585858585858585">
    <MapTiles>
      <MapTile TileID="1176" AltIDMod="0" />
      <MapTile TileID="1350" AltIDMod="0" />
    </MapTiles>
    <StaticTiles />
  </TransInfo>
  <TransInfo Description="Rough Beach to Brown Brick(EW) AC" HashKey="242424248524248585">
    <MapTiles>
      <MapTile TileID="1167" AltIDMod="0" />
    </MapTiles>
    <StaticTiles />
  </TransInfo>
  <TransInfo Description="Rough Beach to Brown Brick(EW) AC" HashKey="852424858585248524">
    <MapTiles>
      <MapTile TileID="1167" AltIDMod="0" />
    </MapTiles>
    <StaticTiles />
  </TransInfo>
  <TransInfo Description="Rough Beach to Brown Brick(EW) NEA" HashKey="858585248585852424">
    <MapTiles>
      <MapTile TileID="1186" AltIDMod="0" />
    </MapTiles>
    <StaticTiles />
  </TransInfo>
  <TransInfo Description="Rough Beach to Brown Brick(EW) AC" HashKey="852485858585852485">
    <MapTiles>
      <MapTile TileID="1167" AltIDMod="0" />
    </MapTiles>
    <StaticTiles />
  </TransInfo>
  <TransInfo Description="Rough Beach to Brown Brick(EW) AC" HashKey="852485858585242485">
    <MapTiles>
      <MapTile TileID="1167" AltIDMod="0" />
    </MapTiles>
    <StaticTiles />
  </TransInfo>
  <TransInfo Description="Rough Beach to Brown Brick(EW) AC" HashKey="852424858585852424">
    <MapTiles>
      <MapTile TileID="1167" AltIDMod="0" />
    </MapTiles>
    <StaticTiles />
  </TransInfo>
  <TransInfo Description="Rough Beach to Brown Brick(EW) EW" HashKey="858585248585858585">
    <MapTiles>
      <MapTile TileID="1181" AltIDMod="0" />
    </MapTiles>
    <StaticTiles />
  </TransInfo>
  <TransInfo Description="Rough Beach to Brown Brick(EW) AC" HashKey="242424248524858524">
    <MapTiles>
      <MapTile TileID="1167" AltIDMod="0" />
    </MapTiles>
    <StaticTiles />
  </TransInfo>
  <TransInfo Description="Rough Beach to Brown Brick(EW) NWA" HashKey="858524858585852424">
    <MapTiles>
      <MapTile TileID="1307" AltIDMod="0" />
    </MapTiles>
    <StaticTiles />
  </TransInfo>
  <TransInfo Description="Rough Beach to Brown Brick(EW) AC" HashKey="242485858585852424">
    <MapTiles>
      <MapTile TileID="1167" AltIDMod="0" />
    </MapTiles>
    <StaticTiles />
  </TransInfo>
  <TransInfo Description="Rough Beach to Brown Brick(EW) SWA" HashKey="852424858524858585">
    <MapTiles>
      <MapTile TileID="1184" AltIDMod="0" />
    </MapTiles>
    <StaticTiles />
  </TransInfo>
  <TransInfo Description="Rough Beach to Brown Brick(EW) AC" HashKey="242485858524852424">
    <MapTiles>
      <MapTile TileID="1167" AltIDMod="0" />
    </MapTiles>
    <StaticTiles />
  </TransInfo>
  <TransInfo Description="Rough Beach to Brown Brick(EW) NEB" HashKey="858524858585858585">
    <MapTiles>
      <MapTile TileID="1175" AltIDMod="0" />
    </MapTiles>
    <StaticTiles />
  </TransInfo>
  <TransInfo Description="Rough Beach to Brown Brick(EW) AC" HashKey="248524248585858524">
    <MapTiles>
      <MapTile TileID="1167" AltIDMod="0" />
    </MapTiles>
    <StaticTiles />
  </TransInfo>
  <TransInfo Description="Rough Beach to Brown Brick(EW) NEA" HashKey="248585248585242424">
    <MapTiles>
      <MapTile TileID="1186" AltIDMod="0" />
    </MapTiles>
    <StaticTiles />
  </TransInfo>
  <TransInfo Description="Rough Beach to Brown Brick(EW) AC" HashKey="248524858585242485">
    <MapTiles>
      <MapTile TileID="1167" AltIDMod="0" />
    </MapTiles>
    <StaticTiles />
  </TransInfo>
  <TransInfo Description="Rough Beach to Brown Brick(EW) NWA" HashKey="858585858524242424">
    <MapTiles>
      <MapTile TileID="1307" AltIDMod="0" />
    </MapTiles>
    <StaticTiles />
  </TransInfo>
  <TransInfo Description="Rough Beach to Brown Brick(EW) AC" HashKey="248524248524858585">
    <MapTiles>
      <MapTile TileID="1167" AltIDMod="0" />
    </MapTiles>
    <StaticTiles />
  </TransInfo>
  <TransInfo Description="Rough Beach to Brown Brick(EW) AC" HashKey="852485248585242485">
    <MapTiles>
      <MapTile TileID="1167" AltIDMod="0" />
    </MapTiles>
    <StaticTiles />
  </TransInfo>
  <TransInfo Description="Rough Beach to Brown Brick(EW) AC" HashKey="248524858524248585">
    <MapTiles>
      <MapTile TileID="1167" AltIDMod="0" />
    </MapTiles>
    <StaticTiles />
  </TransInfo>
  <TransInfo Description="Rough Beach to Brown Brick(EW) SEA" HashKey="248524248585858585">
    <MapTiles>
      <MapTile TileID="1308" AltIDMod="0" />
    </MapTiles>
    <StaticTiles />
  </TransInfo>
  <TransInfo Description="Rough Beach to Brown Brick(EW) AC" HashKey="852424248585242424">
    <MapTiles>
      <MapTile TileID="1167" AltIDMod="0" />
    </MapTiles>
    <StaticTiles />
  </TransInfo>
  <TransInfo Description="Rough Beach to Brown Brick(EW) AC" HashKey="858524248585242424">
    <MapTiles>
      <MapTile TileID="1167" AltIDMod="0" />
    </MapTiles>
    <StaticTiles />
  </TransInfo>
  <TransInfo Description="Rough Beach to Brown Brick(EW) AC" HashKey="858524248524858524">
    <MapTiles>
      <MapTile TileID="1167" AltIDMod="0" />
    </MapTiles>
    <StaticTiles />
  </TransInfo>
  <TransInfo Description="Rough Beach to Brown Brick(EW) AC" HashKey="242485248585242424">
    <MapTiles>
      <MapTile TileID="1167" AltIDMod="0" />
    </MapTiles>
    <StaticTiles />
  </TransInfo>
  <TransInfo Description="Rough Beach to Brown Brick(EW) SEA" HashKey="858524248585248585">
    <MapTiles>
      <MapTile TileID="1308" AltIDMod="0" />
    </MapTiles>
    <StaticTiles />
  </TransInfo>
  <TransInfo Description="Rough Beach to Brown Brick(EW) SWA" HashKey="852424858585858524">
    <MapTiles>
      <MapTile TileID="1184" AltIDMod="0" />
    </MapTiles>
    <StaticTiles />
  </TransInfo>
  <TransInfo Description="Rough Beach to Brown Brick(EW) NWA" HashKey="858585858524852424">
    <MapTiles>
      <MapTile TileID="1307" AltIDMod="0" />
    </MapTiles>
    <StaticTiles />
  </TransInfo>
  <TransInfo Description="Rough Beach to Brown Brick(EW) SEA" HashKey="242424858585248585">
    <MapTiles>
      <MapTile TileID="1308" AltIDMod="0" />
    </MapTiles>
    <StaticTiles />
  </TransInfo>
  <TransInfo Description="Rough Beach to Brown Brick(EW) AC" HashKey="248585248524248585">
    <MapTiles>
      <MapTile TileID="1167" AltIDMod="0" />
    </MapTiles>
    <StaticTiles />
  </TransInfo>
  <TransInfo Description="Rough Beach to Brown Brick(EW) NEA" HashKey="248585858585242424">
    <MapTiles>
      <MapTile TileID="1186" AltIDMod="0" />
    </MapTiles>
    <StaticTiles />
  </TransInfo>
  <TransInfo Description="Rough Beach to Brown Brick(EW) AC" HashKey="852485858524248524">
    <MapTiles>
      <MapTile TileID="1167" AltIDMod="0" />
    </MapTiles>
    <StaticTiles />
  </TransInfo>
  <TransInfo Description="Rough Beach to Brown Brick(EW) AC" HashKey="248524248524248585">
    <MapTiles>
      <MapTile TileID="1167" AltIDMod="0" />
    </MapTiles>
    <StaticTiles />
  </TransInfo>
  <TransInfo Description="Rough Beach to Brown Brick(EW) SWA" HashKey="248524858524858524">
    <MapTiles>
      <MapTile TileID="1184" AltIDMod="0" />
    </MapTiles>
    <StaticTiles />
  </TransInfo>
  <TransInfo Description="Rough Beach to Brown Brick(EW) AC" HashKey="852485248524858524">
    <MapTiles>
      <MapTile TileID="1167" AltIDMod="0" />
    </MapTiles>
    <StaticTiles />
  </TransInfo>
  <TransInfo Description="Rough Beach to Brown Brick(EW) NEA" HashKey="858585248585242424">
    <MapTiles>
      <MapTile TileID="1186" AltIDMod="0" />
    </MapTiles>
    <StaticTiles />
  </TransInfo>
  <TransInfo Description="Rough Beach to Brown Brick(EW) AC" HashKey="852424248524242485">
    <MapTiles>
      <MapTile TileID="1167" AltIDMod="0" />
    </MapTiles>
    <StaticTiles />
  </TransInfo>
  <TransInfo Description="Rough Beach to Brown Brick(EW) WE" HashKey="858524858585858524">
    <MapTiles>
      <MapTile TileID="1179" AltIDMod="0" />
    </MapTiles>
    <StaticTiles />
  </TransInfo>
  <TransInfo Description="Rough Beach to Brown Brick(EW) AC" HashKey="852485858524852424">
    <MapTiles>
      <MapTile TileID="1167" AltIDMod="0" />
    </MapTiles>
    <StaticTiles />
  </TransInfo>
  <TransInfo Description="Rough Beach to Brown Brick(EW) SEB" HashKey="858585858585858524">
    <MapTiles>
      <MapTile TileID="1178" AltIDMod="0" />
      <MapTile TileID="1303" AltIDMod="0" />
    </MapTiles>
    <StaticTiles />
  </TransInfo>
  <TransInfo Description="Rough Beach to Brown Brick(EW) NWA" HashKey="858524858585242424">
    <MapTiles>
      <MapTile TileID="1307" AltIDMod="0" />
    </MapTiles>
    <StaticTiles />
  </TransInfo>
  <TransInfo Description="Rough Beach to Brown Brick(EW) AC" HashKey="242485858524242424">
    <MapTiles>
      <MapTile TileID="1167" AltIDMod="0" />
    </MapTiles>
    <StaticTiles />
  </TransInfo>
  <TransInfo Description="Rough Beach to Brown Brick(EW) AC" HashKey="852485248524852424">
    <MapTiles>
      <MapTile TileID="1167" AltIDMod="0" />
    </MapTiles>
    <StaticTiles />
  </TransInfo>
  <TransInfo Description="Rough Beach to Brown Brick(EW) AC" HashKey="242424858524242485">
    <MapTiles>
      <MapTile TileID="1167" AltIDMod="0" />
    </MapTiles>
    <StaticTiles />
  </TransInfo>
  <TransInfo Description="Rough Beach to Brown Brick(EW) NEA" HashKey="248585858585248524">
    <MapTiles>
      <MapTile TileID="1186" AltIDMod="0" />
    </MapTiles>
    <StaticTiles />
  </TransInfo>
  <TransInfo Description="Rough Beach to Brown Brick(EW) AC" HashKey="242424248524852424">
    <MapTiles>
      <MapTile TileID="1167" AltIDMod="0" />
    </MapTiles>
    <StaticTiles />
  </TransInfo>
  <TransInfo Description="Rough Beach to Brown Brick(EW) AC" HashKey="248585858524242485">
    <MapTiles>
      <MapTile TileID="1167" AltIDMod="0" />
    </MapTiles>
    <StaticTiles />
  </TransInfo>
  <TransInfo Description="Rough Beach to Brown Brick(EW) AC" HashKey="852424858585852485">
    <MapTiles>
      <MapTile TileID="1167" AltIDMod="0" />
    </MapTiles>
    <StaticTiles />
  </TransInfo>
  <TransInfo Description="Rough Beach to Brown Brick(EW) AC" HashKey="242424248524858585">
    <MapTiles>
      <MapTile TileID="1167" AltIDMod="0" />
    </MapTiles>
    <StaticTiles />
  </TransInfo>
  <TransInfo Description="Rough Beach to Brown Brick(EW) AC" HashKey="242485858585852485">
    <MapTiles>
      <MapTile TileID="1167" AltIDMod="0" />
    </MapTiles>
    <StaticTiles />
  </TransInfo>
  <TransInfo Description="Rough Beach to Brown Brick(EW) AC" HashKey="248524248585852424">
    <MapTiles>
      <MapTile TileID="1167" AltIDMod="0" />
    </MapTiles>
    <StaticTiles />
  </TransInfo>
  <TransInfo Description="Rough Beach to Brown Brick(EW) SEA" HashKey="852485248585248585">
    <MapTiles>
      <MapTile TileID="1308" AltIDMod="0" />
    </MapTiles>
    <StaticTiles />
  </TransInfo>
  <TransInfo Description="Rough Beach to Brown Brick(EW) AC" HashKey="242485858524248524">
    <MapTiles>
      <MapTile TileID="1167" AltIDMod="0" />
    </MapTiles>
    <StaticTiles />
  </TransInfo>
  <TransInfo Description="Rough Beach to Brown Brick(EW) NEA" HashKey="858585248585248524">
    <MapTiles>
      <MapTile TileID="1186" AltIDMod="0" />
    </MapTiles>
    <StaticTiles />
  </TransInfo>
  <TransInfo Description="Rough Beach to Brown Brick(EW) AC" HashKey="858585248524242485">
    <MapTiles>
      <MapTile TileID="1167" AltIDMod="0" />
    </MapTiles>
    <StaticTiles />
  </TransInfo>
  <TransInfo Description="Rough Beach to Brown Brick(EW) SWA" HashKey="242485858524858585">
    <MapTiles>
      <MapTile TileID="1184" AltIDMod="0" />
    </MapTiles>
    <StaticTiles />
  </TransInfo>
  <TransInfo Description="Rough Beach to Brown Brick(EW) AC" HashKey="248524858524242424">
    <MapTiles>
      <MapTile TileID="1167" AltIDMod="0" />
    </MapTiles>
    <StaticTiles />
  </TransInfo>
  <TransInfo Description="Rough Beach to Brown Brick(EW) SWA" HashKey="852485858524858524">
    <MapTiles>
      <MapTile TileID="1184" AltIDMod="0" />
    </MapTiles>
    <StaticTiles />
  </TransInfo>
  <TransInfo Description="Rough Beach to Brown Brick(EW) NWA" HashKey="858524858585248524">
    <MapTiles>
      <MapTile TileID="1307" AltIDMod="0" />
    </MapTiles>
    <StaticTiles />
  </TransInfo>
  <TransInfo Description="Rough Beach to Brown Brick(EW) NWA" HashKey="858524858524242485">
    <MapTiles>
      <MapTile TileID="1307" AltIDMod="0" />
    </MapTiles>
    <StaticTiles />
  </TransInfo>
  <TransInfo Description="Rough Beach to Brown Brick(EW) AC" HashKey="248585858524248524">
    <MapTiles>
      <MapTile TileID="1167" AltIDMod="0" />
    </MapTiles>
    <StaticTiles />
  </TransInfo>
  <TransInfo Description="Rough Beach to Brown Brick(EW) AC" HashKey="852424248585852485">
    <MapTiles>
      <MapTile TileID="1167" AltIDMod="0" />
    </MapTiles>
    <StaticTiles />
  </TransInfo>
  <TransInfo Description="Rough Beach to Brown Brick(EW) AC" HashKey="852424248585242485">
    <MapTiles>
      <MapTile TileID="1167" AltIDMod="0" />
    </MapTiles>
    <StaticTiles />
  </TransInfo>
  <TransInfo Description="Rough Beach to Brown Brick(EW) AC" HashKey="242424248585858524">
    <MapTiles>
      <MapTile TileID="1167" AltIDMod="0" />
    </MapTiles>
    <StaticTiles />
  </TransInfo>
  <TransInfo Description="Rough Beach to Brown Brick(EW) AC" HashKey="242485248585852485">
    <MapTiles>
      <MapTile TileID="1167" AltIDMod="0" />
    </MapTiles>
    <StaticTiles />
  </TransInfo>
  <TransInfo Description="Rough Beach to Brown Brick(EW) AC" HashKey="242485248585242485">
    <MapTiles>
      <MapTile TileID="1167" AltIDMod="0" />
    </MapTiles>
    <StaticTiles />
  </TransInfo>
  <TransInfo Description="Rough Beach to Brown Brick(EW) NS" HashKey="858585858585852485">
    <MapTiles>
      <MapTile TileID="1182" AltIDMod="0" />
    </MapTiles>
    <StaticTiles />
  </TransInfo>
  <TransInfo Description="Rough Beach to Brown Brick(EW) NS" HashKey="858585858585852424">
    <MapTiles>
      <MapTile TileID="1182" AltIDMod="0" />
    </MapTiles>
    <StaticTiles />
  </TransInfo>
  <TransInfo Description="Rough Beach to Brown Brick(EW) AC" HashKey="248524858585248524">
    <MapTiles>
      <MapTile TileID="1167" AltIDMod="0" />
    </MapTiles>
    <StaticTiles />
  </TransInfo>
  <TransInfo Description="Rough Beach to Brown Brick(EW) AC" HashKey="242424248585852424">
    <MapTiles>
      <MapTile TileID="1167" AltIDMod="0" />
    </MapTiles>
    <StaticTiles />
  </TransInfo>
  <TransInfo Description="Rough Beach to Brown Brick(EW) NEA" HashKey="248585858585852485">
    <MapTiles>
      <MapTile TileID="1186" AltIDMod="0" />
    </MapTiles>
    <StaticTiles />
  </TransInfo>
  <TransInfo Description="Rough Beach to Brown Brick(EW) NEA" HashKey="248585858585242485">
    <MapTiles>
      <MapTile TileID="1186" AltIDMod="0" />
    </MapTiles>
    <StaticTiles />
  </TransInfo>
  <TransInfo Description="Rough Beach to Brown Brick(EW) AC" HashKey="248524858585852424">
    <MapTiles>
      <MapTile TileID="1167" AltIDMod="0" />
    </MapTiles>
    <StaticTiles />
  </TransInfo>
  <TransInfo Description="Rough Beach to Brown Brick(EW) WE" HashKey="858585858524858585">
    <MapTiles>
      <MapTile TileID="1179" AltIDMod="0" />
    </MapTiles>
    <StaticTiles />
  </TransInfo>
  <TransInfo Description="Rough Beach to Brown Brick(EW) AC" HashKey="852485858524248585">
    <MapTiles>
      <MapTile TileID="1167" AltIDMod="0" />
    </MapTiles>
    <StaticTiles />
  </TransInfo>
  <TransInfo Description="Rough Beach to Brown Brick(EW) AC" HashKey="852424858524852424">
    <MapTiles>
      <MapTile TileID="1167" AltIDMod="0" />
    </MapTiles>
    <StaticTiles />
  </TransInfo>
  <TransInfo Description="Rough Beach to Brown Brick(EW) AC" HashKey="852485248585852424">
    <MapTiles>
      <MapTile TileID="1167" AltIDMod="0" />
    </MapTiles>
    <StaticTiles />
  </TransInfo>
  <TransInfo Description="Rough Beach to Brown Brick(EW) NWA" HashKey="858585858524248524">
    <MapTiles>
      <MapTile TileID="1307" AltIDMod="0" />
    </MapTiles>
    <StaticTiles />
  </TransInfo>
  <TransInfo Description="Rough Beach to Brown Brick(EW) AC" HashKey="242485858585248524">
    <MapTiles>
      <MapTile TileID="1167" AltIDMod="0" />
    </MapTiles>
    <StaticTiles />
  </TransInfo>
  <TransInfo Description="Rough Beach to Brown Brick(EW) AC" HashKey="248585248524852424">
    <MapTiles>
      <MapTile TileID="1167" AltIDMod="0" />
    </MapTiles>
    <StaticTiles />
  </TransInfo>
  <TransInfo Description="Rough Beach to Brown Brick(EW) SWA" HashKey="248524858524858585">
    <MapTiles>
      <MapTile TileID="1184" AltIDMod="0" />
    </MapTiles>
    <StaticTiles />
  </TransInfo>
  <TransInfo Description="Rough Beach to Brown Brick(EW) AC" HashKey="852485248524858585">
    <MapTiles>
      <MapTile TileID="1167" AltIDMod="0" />
    </MapTiles>
    <StaticTiles />
  </TransInfo>
  <TransInfo Description="Rough Beach to Brown Brick(EW) NEA" HashKey="858585248585242485">
    <MapTiles>
      <MapTile TileID="1186" AltIDMod="0" />
    </MapTiles>
    <StaticTiles />
  </TransInfo>
  <TransInfo Description="Rough Beach to Brown Brick(EW) AC" HashKey="242424248524242424">
    <MapTiles>
      <MapTile TileID="1167" AltIDMod="0" />
    </MapTiles>
    <StaticTiles />
  </TransInfo>
  <TransInfo Description="Rough Beach to Brown Brick(EW) AC" HashKey="852424858524852485">
    <MapTiles>
      <MapTile TileID="1167" AltIDMod="0" />
    </MapTiles>
    <StaticTiles />
  </TransInfo>
  <TransInfo Description="Rough Beach to Brown Brick(EW) AC" HashKey="852485858524852485">
    <MapTiles>
      <MapTile TileID="1167" AltIDMod="0" />
    </MapTiles>
    <StaticTiles />
  </TransInfo>
  <TransInfo Description="Rough Beach to Brown Brick(EW) NWA" HashKey="858524858585852485">
    <MapTiles>
      <MapTile TileID="1307" AltIDMod="0" />
    </MapTiles>
    <StaticTiles />
  </TransInfo>
  <TransInfo Description="Rough Beach to Brown Brick(EW) AC" HashKey="858524248524852424">
    <MapTiles>
      <MapTile TileID="1167" AltIDMod="0" />
    </MapTiles>
    <StaticTiles />
  </TransInfo>
  <TransInfo Description="Rough Beach to Brown Brick(EW) AC" HashKey="248524248585242424">
    <MapTiles>
      <MapTile TileID="1167" AltIDMod="0" />
    </MapTiles>
    <StaticTiles />
  </TransInfo>
  <TransInfo Description="Rough Beach to Brown Brick(EW) AC" HashKey="242485858524852485">
    <MapTiles>
      <MapTile TileID="1167" AltIDMod="0" />
    </MapTiles>
    <StaticTiles />
  </TransInfo>
  <TransInfo Description="Rough Beach to Brown Brick(EW) AC" HashKey="242485858524242485">
    <MapTiles>
      <MapTile TileID="1167" AltIDMod="0" />
    </MapTiles>
    <StaticTiles />
  </TransInfo>
  <TransInfo Description="Rough Beach to Brown Brick(EW) AC" HashKey="858585248524248524">
    <MapTiles>
      <MapTile TileID="1167" AltIDMod="0" />
    </MapTiles>
    <StaticTiles />
  </TransInfo>
  <TransInfo Description="Rough Beach to Brown Brick(EW) AC" HashKey="242424248585852485">
    <MapTiles>
      <MapTile TileID="1167" AltIDMod="0" />
    </MapTiles>
    <StaticTiles />
  </TransInfo>
  <TransInfo Description="Rough Beach to Brown Brick(EW) SWA" HashKey="248524858585858524">
    <MapTiles>
      <MapTile TileID="1184" AltIDMod="0" />
    </MapTiles>
    <StaticTiles />
  </TransInfo>
  <TransInfo Description="Rough Beach to Brown Brick(EW) NEA" HashKey="248585248585242485">
    <MapTiles>
      <MapTile TileID="1186" AltIDMod="0" />
    </MapTiles>
    <StaticTiles />
  </TransInfo>
  <TransInfo Description="Rough Beach to Brown Brick(EW) AC" HashKey="852485248585858524">
    <MapTiles>
      <MapTile TileID="1167" AltIDMod="0" />
    </MapTiles>
    <StaticTiles />
  </TransInfo>
  <TransInfo Description="Rough Beach to Brown Brick(EW) AC" HashKey="858524248524242424">
    <MapTiles>
      <MapTile TileID="1167" AltIDMod="0" />
    </MapTiles>
    <StaticTiles />
  </TransInfo>
  <TransInfo Description="Rough Beach to Brown Brick(EW) AC" HashKey="858524248585242485">
    <MapTiles>
      <MapTile TileID="1167" AltIDMod="0" />
    </MapTiles>
    <StaticTiles />
  </TransInfo>
  <TransInfo Description="Rough Beach to Brown Brick(EW) AC" HashKey="852424248524852424">
    <MapTiles>
      <MapTile TileID="1167" AltIDMod="0" />
    </MapTiles>
    <StaticTiles />
  </TransInfo>
  <TransInfo Description="Rough Beach to Brown Brick(EW) AC" HashKey="858524248585858524">
    <MapTiles>
      <MapTile TileID="1167" AltIDMod="0" />
    </MapTiles>
    <StaticTiles />
  </TransInfo>
  <TransInfo Description="Rough Beach to Brown Brick(EW) AC" HashKey="242424248524248524">
    <MapTiles>
      <MapTile TileID="1167" AltIDMod="0" />
    </MapTiles>
    <StaticTiles />
  </TransInfo>
  <TransInfo Description="Rough Beach to Brown Brick(EW) SEA" HashKey="242424248585248585">
    <MapTiles>
      <MapTile TileID="1308" AltIDMod="0" />
    </MapTiles>
    <StaticTiles />
  </TransInfo>
  <TransInfo Description="Rough Beach to Brown Brick(EW) SN" HashKey="852424858585858585">
    <MapTiles>
      <MapTile TileID="1180" AltIDMod="0" />
    </MapTiles>
    <StaticTiles />
  </TransInfo>
  <TransInfo Description="Rough Beach to Brown Brick(EW) AC" HashKey="242485248524852424">
    <MapTiles>
      <MapTile TileID="1167" AltIDMod="0" />
    </MapTiles>
    <StaticTiles />
  </TransInfo>
  <TransInfo Description="Rough Beach to Brown Brick(EW) NWA" HashKey="858585858524852485">
    <MapTiles>
      <MapTile TileID="1307" AltIDMod="0" />
    </MapTiles>
    <StaticTiles />
  </TransInfo>
  <TransInfo Description="Rough Beach to Brown Brick(EW) NWA" HashKey="858585858524242485">
    <MapTiles>
      <MapTile TileID="1307" AltIDMod="0" />
    </MapTiles>
    <StaticTiles />
  </TransInfo>
  <TransInfo Description="Rough Beach to Brown Brick(EW) SWA" HashKey="242424858585858524">
    <MapTiles>
      <MapTile TileID="1184" AltIDMod="0" />
    </MapTiles>
    <StaticTiles />
  </TransInfo>
  <TransInfo Description="Rough Beach to Brown Brick(EW) SN" HashKey="242485858585858585">
    <MapTiles>
      <MapTile TileID="1180" AltIDMod="0" />
    </MapTiles>
    <StaticTiles />
  </TransInfo>
  <TransInfo Description="Rough Beach to Brown Brick(EW) AC" HashKey="248585248524858524">
    <MapTiles>
      <MapTile TileID="1167" AltIDMod="0" />
    </MapTiles>
    <StaticTiles />
  </TransInfo>
  <TransInfo Description="Rough Beach to Brown Brick(EW) AC" HashKey="248524248585248524">
    <MapTiles>
      <MapTile TileID="1167" AltIDMod="0" />
    </MapTiles>
    <StaticTiles />
  </TransInfo>
  <TransInfo Description="Rough Beach to Brown Brick(EW) AC" HashKey="248524248524242485">
    <MapTiles>
      <MapTile TileID="1167" AltIDMod="0" />
    </MapTiles>
    <StaticTiles />
  </TransInfo>
  <TransInfo Description="Rough Beach to Brown Brick(EW) AC" HashKey="242424858524852424">
    <MapTiles>
      <MapTile TileID="1167" AltIDMod="0" />
    </MapTiles>
    <StaticTiles />
  </TransInfo>
  <TransInfo Description="Rough Beach to Brown Brick(EW) AC" HashKey="242485248585248524">
    <MapTiles>
      <MapTile TileID="1167" AltIDMod="0" />
    </MapTiles>
    <StaticTiles />
  </TransInfo>
  <TransInfo Description="Rough Beach to Brown Brick(EW) AC" HashKey="248524858524852424">
    <MapTiles>
      <MapTile TileID="1167" AltIDMod="0" />
    </MapTiles>
    <StaticTiles />
  </TransInfo>
  <TransInfo Description="Rough Beach to Brown Brick(EW) AC" HashKey="248585858524852424">
    <MapTiles>
      <MapTile TileID="1167" AltIDMod="0" />
    </MapTiles>
    <StaticTiles />
  </TransInfo>
  <TransInfo Description="Rough Beach to Brown Brick(EW) AC" HashKey="242424858524852485">
    <MapTiles>
      <MapTile TileID="1167" AltIDMod="0" />
    </MapTiles>
    <StaticTiles />
  </TransInfo>
  <TransInfo Description="Rough Beach to Brown Brick(EW) AC" HashKey="852485248524242424">
    <MapTiles>
      <MapTile TileID="1167" AltIDMod="0" />
    </MapTiles>
    <StaticTiles />
  </TransInfo>
  <TransInfo Description="Rough Beach to Brown Brick(EW) AC" HashKey="852424248524242424">
    <MapTiles>
      <MapTile TileID="1167" AltIDMod="0" />
    </MapTiles>
    <StaticTiles />
  </TransInfo>
  <TransInfo Description="Rough Beach to Brown Brick(EW) SEA" HashKey="852424248585248585">
    <MapTiles>
      <MapTile TileID="1308" AltIDMod="0" />
    </MapTiles>
    <StaticTiles />
  </TransInfo>
  <TransInfo Description="Rough Beach to Brown Brick(EW) AC" HashKey="858524248524248524">
    <MapTiles>
      <MapTile TileID="1167" AltIDMod="0" />
    </MapTiles>
    <StaticTiles />
  </TransInfo>
  <TransInfo Description="Rough Beach to Brown Brick(EW) AC" HashKey="852424858585242424">
    <MapTiles>
      <MapTile TileID="1167" AltIDMod="0" />
    </MapTiles>
    <StaticTiles />
  </TransInfo>
  <TransInfo Description="Rough Beach to Brown Brick(EW) NEA" HashKey="248585248585248524">
    <MapTiles>
      <MapTile TileID="1186" AltIDMod="0" />
    </MapTiles>
    <StaticTiles />
  </TransInfo>
  <TransInfo Description="Rough Beach to Brown Brick(EW) AC" HashKey="852424248524858524">
    <MapTiles>
      <MapTile TileID="1167" AltIDMod="0" />
    </MapTiles>
    <StaticTiles />
  </TransInfo>
  <TransInfo Description="Rough Beach to Brown Brick(EW) SEA" HashKey="242485248585248585">
    <MapTiles>
      <MapTile TileID="1308" AltIDMod="0" />
    </MapTiles>
    <StaticTiles />
  </TransInfo>
  <TransInfo Description="Rough Beach to Brown Brick(EW) SEA" HashKey="852424858585248585">
    <MapTiles>
      <MapTile TileID="1308" AltIDMod="0" />
    </MapTiles>
    <StaticTiles />
  </TransInfo>
  <TransInfo Description="Rough Beach to Brown Brick(EW) AC" HashKey="242485858585242424">
    <MapTiles>
      <MapTile TileID="1167" AltIDMod="0" />
    </MapTiles>
    <StaticTiles />
  </TransInfo>
  <TransInfo Description="Rough Beach to Brown Brick(EW) AC" HashKey="852485248585248524">
    <MapTiles>
      <MapTile TileID="1167" AltIDMod="0" />
    </MapTiles>
    <StaticTiles />
  </TransInfo>
  <TransInfo Description="Rough Beach to Brown Brick(EW) AC" HashKey="242485248524858524">
    <MapTiles>
      <MapTile TileID="1167" AltIDMod="0" />
    </MapTiles>
    <StaticTiles />
  </TransInfo>
  <TransInfo Description="Rough Beach to Brown Brick(EW) AC" HashKey="852485248585852485">
    <MapTiles>
      <MapTile TileID="1167" AltIDMod="0" />
    </MapTiles>
    <StaticTiles />
  </TransInfo>
  <TransInfo Description="Rough Beach to Brown Brick(EW) SEA" HashKey="242485858585248585">
    <MapTiles>
      <MapTile TileID="1308" AltIDMod="0" />
    </MapTiles>
    <StaticTiles />
  </TransInfo>
  <TransInfo Description="Rough Beach to Brown Brick(EW) NWA" HashKey="858524858524852424">
    <MapTiles>
      <MapTile TileID="1307" AltIDMod="0" />
    </MapTiles>
    <StaticTiles />
  </TransInfo>
  <TransInfo Description="Rough Beach to Brown Brick(EW) AC" HashKey="248524858585852485">
    <MapTiles>
      <MapTile TileID="1167" AltIDMod="0" />
    </MapTiles>
    <StaticTiles />
  </TransInfo>
  <TransInfo Description="Rough Beach to Brown Brick(EW) NWA" HashKey="858524858585242485">
    <MapTiles>
      <MapTile TileID="1307" AltIDMod="0" />
    </MapTiles>
    <StaticTiles />
  </TransInfo>
  <TransInfo Description="Rough Beach to Brown Brick(EW) SWA" HashKey="242424858524858524">
    <MapTiles>
      <MapTile TileID="1184" AltIDMod="0" />
    </MapTiles>
    <StaticTiles />
  </TransInfo>
  <TransInfo Description="Rough Beach to Brown Brick(EW) AC" HashKey="242424248524852485">
    <MapTiles>
      <MapTile TileID="1167" AltIDMod="0" />
    </MapTiles>
    <StaticTiles />
  </TransInfo>
  <TransInfo Description="Rough Beach to Brown Brick(EW) AC" HashKey="242424248524242485">
    <MapTiles>
      <MapTile TileID="1167" AltIDMod="0" />
    </MapTiles>
    <StaticTiles />
  </TransInfo>
  <TransInfo Description="Rough Beach to Brown Brick(EW) SWA" HashKey="248585858524858524">
    <MapTiles>
      <MapTile TileID="1184" AltIDMod="0" />
    </MapTiles>
    <StaticTiles />
  </TransInfo>
  <TransInfo Description="Rough Beach to Brown Brick(EW) AC" HashKey="852485248524248524">
    <MapTiles>
      <MapTile TileID="1167" AltIDMod="0" />
    </MapTiles>
    <StaticTiles />
  </TransInfo>
  <TransInfo Description="Rough Beach to Brown Brick(EW) AC" HashKey="248524248585852485">
    <MapTiles>
      <MapTile TileID="1167" AltIDMod="0" />
    </MapTiles>
    <StaticTiles />
  </TransInfo>
  <TransInfo Description="Rough Beach to Brown Brick(EW) AC" HashKey="248524248585242485">
    <MapTiles>
      <MapTile TileID="1167" AltIDMod="0" />
    </MapTiles>
    <StaticTiles />
  </TransInfo>
  <TransInfo Description="Rough Beach to Brown Brick(EW) EW" HashKey="858585248585248585">
    <MapTiles>
      <MapTile TileID="1181" AltIDMod="0" />
    </MapTiles>
    <StaticTiles />
  </TransInfo>
  <TransInfo Description="Rough Beach to Brown Brick(EW) NS" HashKey="858585858585242424">
    <MapTiles>
      <MapTile TileID="1182" AltIDMod="0" />
    </MapTiles>
    <StaticTiles />
  </TransInfo>
  <TransInfo Description="Rough Beach to Brown Brick(EW) AC" HashKey="858585248524858524">
    <MapTiles>
      <MapTile TileID="1167" AltIDMod="0" />
    </MapTiles>
    <StaticTiles />
  </TransInfo>
  <TransInfo Description="Rough Beach to Brown Brick(EW) SWA" HashKey="852485858524858585">
    <MapTiles>
      <MapTile TileID="1184" AltIDMod="0" />
    </MapTiles>
    <StaticTiles />
  </TransInfo>
  <TransInfo Description="Rough Beach to Brown Brick(EW) INS" HashKey="858524858585248585">
    <MapTiles>
      <MapTile TileID="22" AltIDMod="0" />
    </MapTiles>
    <StaticTiles />
  </TransInfo>
  <TransInfo Description="Rough Beach to Brown Brick(EW) NWA" HashKey="858524858524248524">
    <MapTiles>
      <MapTile TileID="1307" AltIDMod="0" />
    </MapTiles>
    <StaticTiles />
  </TransInfo>
  <TransInfo Description="Rough Beach to Brown Brick(EW) AC" HashKey="242485858524248585">
    <MapTiles>
      <MapTile TileID="1167" AltIDMod="0" />
    </MapTiles>
    <StaticTiles />
  </TransInfo>
  <TransInfo Description="Rough Beach to Brown Brick(EW) WE" HashKey="858524858524858524">
    <MapTiles>
      <MapTile TileID="1179" AltIDMod="0" />
    </MapTiles>
    <StaticTiles />
  </TransInfo>
  <TransInfo Description="Rough Beach to Brown Brick(EW) AC" HashKey="858524248524852485">
    <MapTiles>
      <MapTile TileID="1167" AltIDMod="0" />
    </MapTiles>
    <StaticTiles />
  </TransInfo>
  <TransInfo Description="Rough Beach to Brown Brick(EW) AC" HashKey="858524248524242485">
    <MapTiles>
      <MapTile TileID="1167" AltIDMod="0" />
    </MapTiles>
    <StaticTiles />
  </TransInfo>
  <TransInfo Description="Rough Beach to Brown Brick(EW) SWA" HashKey="242485858585858524">
    <MapTiles>
      <MapTile TileID="1184" AltIDMod="0" />
    </MapTiles>
    <StaticTiles />
  </TransInfo>
  <TransInfo Description="Rough Beach to Brown Brick(EW) SEA" HashKey="242424248585858585">
    <MapTiles>
      <MapTile TileID="1308" AltIDMod="0" />
    </MapTiles>
    <StaticTiles />
  </TransInfo>
  <TransInfo Description="Rough Beach to Brown Brick(EW) AC" HashKey="852424248524852485">
    <MapTiles>
      <MapTile TileID="1167" AltIDMod="0" />
    </MapTiles>
    <StaticTiles />
  </TransInfo>
  <TransInfo Description="Rough Beach to Brown Brick(EW) NEA" HashKey="248585248585852424">
    <MapTiles>
      <MapTile TileID="1186" AltIDMod="0" />
    </MapTiles>
    <StaticTiles />
  </TransInfo>
  <TransInfo Description="Rough Beach to Brown Brick(EW) AC" HashKey="242424858585852424">
    <MapTiles>
      <MapTile TileID="1167" AltIDMod="0" />
    </MapTiles>
    <StaticTiles />
  </TransInfo>
  <TransInfo Description="Rough Beach to Brown Brick(EW) AC" HashKey="242485248524852485">
    <MapTiles>
      <MapTile TileID="1167" AltIDMod="0" />
    </MapTiles>
    <StaticTiles />
  </TransInfo>
  <TransInfo Description="Rough Beach to Brown Brick(EW) AC" HashKey="858585248524242424">
    <MapTiles>
      <MapTile TileID="1167" AltIDMod="0" />
    </MapTiles>
    <StaticTiles />
  </TransInfo>
  <TransInfo Description="Rough Beach to Brown Brick(EW) SN" HashKey="242424858585858585">
    <MapTiles>
      <MapTile TileID="1180" AltIDMod="0" />
    </MapTiles>
    <StaticTiles />
  </TransInfo>
  <TransInfo Description="Rough Beach to Brown Brick(EW) AC" HashKey="242485248524242485">
    <MapTiles>
      <MapTile TileID="1167" AltIDMod="0" />
    </MapTiles>
    <StaticTiles />
  </TransInfo>
  <TransInfo Description="Rough Beach to Brown Brick(EW) AC" HashKey="852485858524242424">
    <MapTiles>
      <MapTile TileID="1167" AltIDMod="0" />
    </MapTiles>
    <StaticTiles />
  </TransInfo>
  <TransInfo Description="Rough Beach to Brown Brick(EW) AC" HashKey="248585248524858585">
    <MapTiles>
      <MapTile TileID="1167" AltIDMod="0" />
    </MapTiles>
    <StaticTiles />
  </TransInfo>
  <TransInfo Description="Rough Beach to Brown Brick(EW) AC" HashKey="852424858524248524">
    <MapTiles>
      <MapTile TileID="1167" AltIDMod="0" />
    </MapTiles>
    <StaticTiles />
  </TransInfo>
  <TransInfo Description="Rough Beach to Brown Brick(EW) AC" HashKey="248524858524852485">
    <MapTiles>
      <MapTile TileID="1167" AltIDMod="0" />
    </MapTiles>
    <StaticTiles />
  </TransInfo>
  <TransInfo Description="Rough Beach to Brown Brick(EW) AC" HashKey="248585858524852485">
    <MapTiles>
      <MapTile TileID="1167" AltIDMod="0" />
    </MapTiles>
    <StaticTiles />
  </TransInfo>
  <TransInfo Description="Rough Beach to Brown Brick(EW) NWA" HashKey="858585858524248585">
    <MapTiles>
      <MapTile TileID="1307" AltIDMod="0" />
    </MapTiles>
    <StaticTiles />
  </TransInfo>
  <TransInfo Description="Rough Beach to Brown Brick(EW) AC" HashKey="852485248524852485">
    <MapTiles>
      <MapTile TileID="1167" AltIDMod="0" />
    </MapTiles>
    <StaticTiles />
  </TransInfo>
  <TransInfo Description="Rough Beach to Brown Brick(EW) AC" HashKey="852485248524242485">
    <MapTiles>
      <MapTile TileID="1167" AltIDMod="0" />
    </MapTiles>
    <StaticTiles />
  </TransInfo>
  <TransInfo Description="Rough Beach to Brown Brick(EW) AC" HashKey="242424248585242424">
    <MapTiles>
      <MapTile TileID="1167" AltIDMod="0" />
    </MapTiles>
    <StaticTiles />
  </TransInfo>
  <TransInfo Description="Rough Beach to Brown Brick(EW) AC" HashKey="858524248585852424">
    <MapTiles>
      <MapTile TileID="1167" AltIDMod="0" />
    </MapTiles>
    <StaticTiles />
  </TransInfo>
  <TransInfo Description="Rough Beach to Brown Brick(EW) SEA" HashKey="852485858585248585">
    <MapTiles>
      <MapTile TileID="1308" AltIDMod="0" />
    </MapTiles>
    <StaticTiles />
  </TransInfo>
  <TransInfo Description="Rough Beach to Brown Brick(EW) AC" HashKey="858524248524858585">
    <MapTiles>
      <MapTile TileID="1167" AltIDMod="0" />
    </MapTiles>
    <StaticTiles />
  </TransInfo>
  <TransInfo Description="Rough Beach to Brown Brick(EW) AC" HashKey="852424248585852424">
    <MapTiles>
      <MapTile TileID="1167" AltIDMod="0" />
    </MapTiles>
    <StaticTiles />
  </TransInfo>
  <TransInfo Description="Rough Beach to Brown Brick(EW) AC" HashKey="858585248524852485">
    <MapTiles>
      <MapTile TileID="1167" AltIDMod="0" />
    </MapTiles>
    <StaticTiles />
  </TransInfo>
  <TransInfo Description="Rough Beach to Brown Brick(EW) NEA" HashKey="248585248585858524">
    <MapTiles>
      <MapTile TileID="1186" AltIDMod="0" />
    </MapTiles>
    <StaticTiles />
  </TransInfo>
  <TransInfo Description="Rough Beach to Brown Brick(EW) NWA" HashKey="858524858524852485">
    <MapTiles>
      <MapTile TileID="1307" AltIDMod="0" />
    </MapTiles>
    <StaticTiles />
  </TransInfo>
  <TransInfo Description="Rough Beach to Brown Brick(EW) AC" HashKey="248524248524852424">
    <MapTiles>
      <MapTile TileID="1167" AltIDMod="0" />
    </MapTiles>
    <StaticTiles />
  </TransInfo>
  <TransInfo Description="Rough Beach to Brown Brick(EW) SN" HashKey="248524858585858585">
    <MapTiles>
      <MapTile TileID="1180" AltIDMod="0" />
    </MapTiles>
    <StaticTiles />
  </TransInfo>
  <TransInfo Description="Rough Beach to Brown Brick(EW) AC" HashKey="242485248524248524">
    <MapTiles>
      <MapTile TileID="1167" AltIDMod="0" />
    </MapTiles>
    <StaticTiles />
  </TransInfo>
  <TransInfo Description="Rough Beach to Brown Brick(EW) SEA" HashKey="852485248585858585">
    <MapTiles>
      <MapTile TileID="1308" AltIDMod="0" />
    </MapTiles>
    <StaticTiles />
  </TransInfo>
  <TransInfo Description="Rough Beach to Brown Brick(EW) SWA" HashKey="852485858585858524">
    <MapTiles>
      <MapTile TileID="1184" AltIDMod="0" />
    </MapTiles>
    <StaticTiles />
  </TransInfo>
  <TransInfo Description="Rough Beach to Brown Brick(EW) AC" HashKey="858524248585852485">
    <MapTiles>
      <MapTile TileID="1167" AltIDMod="0" />
    </MapTiles>
    <StaticTiles />
  </TransInfo>
  <TransInfo Description="Rough Beach to Brown Brick(EW) AC" HashKey="852485858585852424">
    <MapTiles>
      <MapTile TileID="1167" AltIDMod="0" />
    </MapTiles>
    <StaticTiles />
  </TransInfo>
  <TransInfo Description="Rough Beach to Brown Brick(EW) AC" HashKey="242424858524248524">
    <MapTiles>
      <MapTile TileID="1167" AltIDMod="0" />
    </MapTiles>
    <StaticTiles />
  </TransInfo>
  <TransInfo Description="Rough Beach to Brown Brick(EW) SN" HashKey="852485858585858585">
    <MapTiles>
      <MapTile TileID="1180" AltIDMod="0" />
    </MapTiles>
    <StaticTiles />
  </TransInfo>
  <TransInfo Description="Rough Beach to Brown Brick(EW) AC" HashKey="242424858585242424">
    <MapTiles>
      <MapTile TileID="1167" AltIDMod="0" />
    </MapTiles>
    <StaticTiles />
  </TransInfo>
  <TransInfo Description="Rough Beach to Brown Brick(EW) AC" HashKey="248585248524242424">
    <MapTiles>
      <MapTile TileID="1167" AltIDMod="0" />
    </MapTiles>
    <StaticTiles />
  </TransInfo>
  <TransInfo Description="Rough Beach to Brown Brick(EW) SEA" HashKey="248524248585248585">
    <MapTiles>
      <MapTile TileID="1308" AltIDMod="0" />
    </MapTiles>
    <StaticTiles />
  </TransInfo>
  <TransInfo Description="Rough Beach to Brown Brick(EW) AC" HashKey="248524858585242424">
    <MapTiles>
      <MapTile TileID="1167" AltIDMod="0" />
    </MapTiles>
    <StaticTiles />
  </TransInfo>
  <TransInfo Description="Rough Beach to Brown Brick(EW) AC" HashKey="248524858524248524">
    <MapTiles>
      <MapTile TileID="1167" AltIDMod="0" />
    </MapTiles>
    <StaticTiles />
  </TransInfo>
  <TransInfo Description="Rough Beach to Brown Brick(EW) AC" HashKey="248524248524858524">
    <MapTiles>
      <MapTile TileID="1167" AltIDMod="0" />
    </MapTiles>
    <StaticTiles />
  </TransInfo>
  <TransInfo Description="Rough Beach to Brown Brick(EW) NWA" HashKey="858524858524248585">
    <MapTiles>
      <MapTile TileID="1307" AltIDMod="0" />
    </MapTiles>
    <StaticTiles />
  </TransInfo>
  <TransInfo Description="Rough Beach to Brown Brick(EW) AC" HashKey="852485248585242424">
    <MapTiles>
      <MapTile TileID="1167" AltIDMod="0" />
    </MapTiles>
    <StaticTiles />
  </TransInfo>
  <TransInfo Description="Rough Beach to Brown Brick(EW) SEA" HashKey="248524858585248585">
    <MapTiles>
      <MapTile TileID="1308" AltIDMod="0" />
    </MapTiles>
    <StaticTiles />
  </TransInfo>
  <TransInfo Description="Rough Beach to Brown Brick(EW) AC" HashKey="852424858524242485">
    <MapTiles>
      <MapTile TileID="1167" AltIDMod="0" />
    </MapTiles>
    <StaticTiles />
  </TransInfo>
  <TransInfo Description="Rough Beach to Brown Brick(EW) NEA" HashKey="248585248585852485">
    <MapTiles>
      <MapTile TileID="1186" AltIDMod="0" />
    </MapTiles>
    <StaticTiles />
  </TransInfo>
  <TransInfo Description="Rough Beach to Brown Brick(EW) EW" HashKey="248585858585248585">
    <MapTiles>
      <MapTile TileID="1181" AltIDMod="0" />
    </MapTiles>
    <StaticTiles />
  </TransInfo>
  <TransInfo Description="Rough Beach to Brown Brick(EW) AC" HashKey="852424248585858524">
    <MapTiles>
      <MapTile TileID="1167" AltIDMod="0" />
    </MapTiles>
    <StaticTiles />
  </TransInfo>
  <TransInfo Description="Rough Beach to Brown Brick(EW) AC" HashKey="858524248524248585">
    <MapTiles>
      <MapTile TileID="1167" AltIDMod="0" />
    </MapTiles>
    <StaticTiles />
  </TransInfo>
  <TransInfo Description="Rough Beach to Brown Brick(EW) AC" HashKey="852424858585242485">
    <MapTiles>
      <MapTile TileID="1167" AltIDMod="0" />
    </MapTiles>
    <StaticTiles />
  </TransInfo>
  <TransInfo Description="Rough Beach to Brown Brick(EW) AC" HashKey="248524248524242424">
    <MapTiles>
      <MapTile TileID="1167" AltIDMod="0" />
    </MapTiles>
    <StaticTiles />
  </TransInfo>
  <TransInfo Description="Rough Beach to Brown Brick(EW) AC" HashKey="852424248524858585">
    <MapTiles>
      <MapTile TileID="1167" AltIDMod="0" />
    </MapTiles>
    <StaticTiles />
  </TransInfo>
  <TransInfo Description="Rough Beach to Brown Brick(EW) AC" HashKey="242485248585858524">
    <MapTiles>
      <MapTile TileID="1167" AltIDMod="0" />
    </MapTiles>
    <StaticTiles />
  </TransInfo>
  <TransInfo Description="Rough Beach to Brown Brick(EW) AC" HashKey="242485858585242485">
    <MapTiles>
      <MapTile TileID="1167" AltIDMod="0" />
    </MapTiles>
    <StaticTiles />
  </TransInfo>
  <TransInfo Description="Rough Beach to Brown Brick(EW) AC" HashKey="242424858585248524">
    <MapTiles>
      <MapTile TileID="1167" AltIDMod="0" />
    </MapTiles>
    <StaticTiles />
  </TransInfo>
  <TransInfo Description="Rough Beach to Brown Brick(EW) AC" HashKey="242485248524858585">
    <MapTiles>
      <MapTile TileID="1167" AltIDMod="0" />
    </MapTiles>
    <StaticTiles />
  </TransInfo>
  <TransInfo Description="Rough Beach to Brown Brick(EW) AC" HashKey="248585248524248524">
    <MapTiles>
      <MapTile TileID="1167" AltIDMod="0" />
    </MapTiles>
    <StaticTiles />
  </TransInfo>
  <TransInfo Description="Rough Beach to Brown Brick(EW) IWE" HashKey="248585858585858524">
    <MapTiles>
      <MapTile TileID="22" AltIDMod="0" />
    </MapTiles>
    <StaticTiles />
  </TransInfo>
  <TransInfo Description="Rough Beach to Brown Brick(EW) SWA" HashKey="242424858524858585">
    <MapTiles>
      <MapTile TileID="1184" AltIDMod="0" />
    </MapTiles>
    <StaticTiles />
  </TransInfo>
  <TransInfo Description="Rough Beach to Brown Brick(EW) NEA" HashKey="858585248585852485">
    <MapTiles>
      <MapTile TileID="1186" AltIDMod="0" />
    </MapTiles>
    <StaticTiles />
  </TransInfo>
  <TransInfo Description="Rough Beach to Brown Brick(EW) SWA" HashKey="248585858524858585">
    <MapTiles>
      <MapTile TileID="1184" AltIDMod="0" />
    </MapTiles>
    <StaticTiles />
  </TransInfo>
  <TransInfo Description="Rough Beach to Brown Brick(EW) AC" HashKey="852485248524248585">
    <MapTiles>
      <MapTile TileID="1167" AltIDMod="0" />
    </MapTiles>
    <StaticTiles />
  </TransInfo>
  <TransInfo Description="Rough Beach to Brown Brick(EW) AC" HashKey="852485858585242424">
    <MapTiles>
      <MapTile TileID="1167" AltIDMod="0" />
    </MapTiles>
    <StaticTiles />
  </TransInfo>
  <TransInfo Description="Rough Beach to Brown Brick(EW) NEA" HashKey="858585248585858524">
    <MapTiles>
      <MapTile TileID="1186" AltIDMod="0" />
    </MapTiles>
    <StaticTiles />
  </TransInfo>
  <TransInfo Description="Rough Beach to Brown Brick(EW) NS" HashKey="858585858585242485">
    <MapTiles>
      <MapTile TileID="1182" AltIDMod="0" />
    </MapTiles>
    <StaticTiles />
  </TransInfo>
  <TransInfo Description="Rough Beach to Brown Brick(EW) AC" HashKey="248524248524852485">
    <MapTiles>
      <MapTile TileID="1167" AltIDMod="0" />
    </MapTiles>
    <StaticTiles />
  </TransInfo>
  <TransInfo Description="Rough Beach to Brown Brick(EW) AC" HashKey="242485248524242424">
    <MapTiles>
      <MapTile TileID="1167" AltIDMod="0" />
    </MapTiles>
    <StaticTiles />
  </TransInfo>
  <TransInfo Description="Rough Beach to Brown Brick(EW) AC" HashKey="858585248524858585">
    <MapTiles>
      <MapTile TileID="1167" AltIDMod="0" />
    </MapTiles>
    <StaticTiles />
  </TransInfo>
  <TransInfo Description="Rough Beach to Brown Brick(EW) SWA" HashKey="852424858524858524">
    <MapTiles>
      <MapTile TileID="1184" AltIDMod="0" />
    </MapTiles>
    <StaticTiles />
  </TransInfo>
  <TransInfo Description="Rough Beach to Brown Brick(EW) AC" HashKey="242485248524248585">
    <MapTiles>
      <MapTile TileID="1167" AltIDMod="0" />
    </MapTiles>
    <StaticTiles />
  </TransInfo>
  <TransInfo Description="Rough Beach to Brown Brick(EW) SWA" HashKey="242485858524858524">
    <MapTiles>
      <MapTile TileID="1184" AltIDMod="0" />
    </MapTiles>
    <StaticTiles />
  </TransInfo>
  <TransInfo Description="Rough Beach to Brown Brick(EW) AC" HashKey="242424858524242424">
    <MapTiles>
      <MapTile TileID="1167" AltIDMod="0" />
    </MapTiles>
    <StaticTiles />
  </TransInfo>
  <TransInfo Description="Rough Beach to Brown Brick(EW) WE" HashKey="858524858524858585">
    <MapTiles>
      <MapTile TileID="1179" AltIDMod="0" />
    </MapTiles>
    <StaticTiles />
  </TransInfo>
  <TransInfo Description="Rough Beach to Brown Brick(EW) AC" HashKey="858585248524852424">
    <MapTiles>
      <MapTile TileID="1167" AltIDMod="0" />
    </MapTiles>
    <StaticTiles />
  </TransInfo>
  <TransInfo Description="Rough Beach to Brown Brick(EW) AC" HashKey="248585858524242424">
    <MapTiles>
      <MapTile TileID="1167" AltIDMod="0" />
    </MapTiles>
    <StaticTiles />
  </TransInfo>
  <TransInfo Description="Rough Beach to Brown Brick(EW) AC" HashKey="242424858524248585">
    <MapTiles>
      <MapTile TileID="1167" AltIDMod="0" />
    </MapTiles>
    <StaticTiles />
  </TransInfo>
  <TransInfo Description="Rough Beach to Brown Brick(EW) AC" HashKey="248524858524242485">
    <MapTiles>
      <MapTile TileID="1167" AltIDMod="0" />
    </MapTiles>
    <StaticTiles />
  </TransInfo>
  <TransInfo Description="Rough Beach to Brown Brick(EW) AC" HashKey="248585858524248585">
    <MapTiles>
      <MapTile TileID="1167" AltIDMod="0" />
    </MapTiles>
    <StaticTiles />
  </TransInfo>
  <TransInfo Description="Rough Beach to Brown Brick(EW) AC" HashKey="242424858585852485">
    <MapTiles>
      <MapTile TileID="1167" AltIDMod="0" />
    </MapTiles>
    <StaticTiles />
  </TransInfo>
  <TransInfo Description="Rough Beach to Brown Brick(EW) AC" HashKey="242424858585242485">
    <MapTiles>
      <MapTile TileID="1167" AltIDMod="0" />
    </MapTiles>
    <StaticTiles />
  </TransInfo>
  <TransInfo Description="Rough Beach to Brown Brick(EW) AC" HashKey="248585248524852485">
    <MapTiles>
      <MapTile TileID="1167" AltIDMod="0" />
    </MapTiles>
    <StaticTiles />
  </TransInfo>
  <TransInfo Description="Rough Beach to Brown Brick(EW) AC" HashKey="248585248524242485">
    <MapTiles>
      <MapTile TileID="1167" AltIDMod="0" />
    </MapTiles>
    <StaticTiles />
  </TransInfo>
  <TransInfo Description="Rough Beach to Brown Brick(EW) AC" HashKey="858524248585248524">
    <MapTiles>
      <MapTile TileID="1167" AltIDMod="0" />
    </MapTiles>
    <StaticTiles />
  </TransInfo>
  <TransInfo Description="Rough Beach to Brown Brick(EW) AC" HashKey="852485858585248524">
    <MapTiles>
      <MapTile TileID="1167" AltIDMod="0" />
    </MapTiles>
    <StaticTiles />
  </TransInfo>
  <TransInfo Description="Rough Beach to Brown Brick(EW) AC" HashKey="852485858524242485">
    <MapTiles>
      <MapTile TileID="1167" AltIDMod="0" />
    </MapTiles>
    <StaticTiles />
  </TransInfo>
  <TransInfo Description="Rough Beach to Brown Brick(EW) NS" HashKey="858585858585248524">
    <MapTiles>
      <MapTile TileID="1182" AltIDMod="0" />
    </MapTiles>
    <StaticTiles />
  </TransInfo>
  <TransInfo Description="Rough Beach to Brown Brick(EW) AC" HashKey="858585248524248585">
    <MapTiles>
      <MapTile TileID="1167" AltIDMod="0" />
    </MapTiles>
    <StaticTiles />
  </TransInfo>
  <TransInfo Description="Rough Beach to Brown Brick(EW) SEA" HashKey="852424248585858585">
    <MapTiles>
      <MapTile TileID="1308" AltIDMod="0" />
    </MapTiles>
    <StaticTiles />
  </TransInfo>
  <TransInfo Description="Rough Beach to Brown Brick(EW) WE" HashKey="858585858524858524">
    <MapTiles>
      <MapTile TileID="1179" AltIDMod="0" />
    </MapTiles>
    <StaticTiles />
  </TransInfo>
  <TransInfo Description="Rough Beach to Brown Brick(EW) NWA" HashKey="858524858524242424">
    <MapTiles>
      <MapTile TileID="1307" AltIDMod="0" />
    </MapTiles>
    <StaticTiles />
  </TransInfo>
  <TransInfo Description="Rough Beach to Brown Brick(EW) AC" HashKey="852424858524248585">
    <MapTiles>
      <MapTile TileID="1167" AltIDMod="0" />
    </MapTiles>
    <StaticTiles />
  </TransInfo>
  <TransInfo Description="Rough Beach to Brown Brick(EW) AC" HashKey="852424248524248524">
    <MapTiles>
      <MapTile TileID="1167" AltIDMod="0" />
    </MapTiles>
    <StaticTiles />
  </TransInfo>
  <TransInfo Description="Rough Beach to Brown Brick(EW) SWB" HashKey="858585858585248585">
    <MapTiles>
      <MapTile TileID="1177" AltIDMod="0" />
    </MapTiles>
    <StaticTiles />
  </TransInfo>
  <TransInfo Description="Rough Beach to Brown Brick(EW) AC" HashKey="242424248585242485">
    <MapTiles>
      <MapTile TileID="1167" AltIDMod="0" />
    </MapTiles>
    <StaticTiles />
  </TransInfo>
  <TransInfo Description="Rough Beach to Brown Brick(EW) AC" HashKey="852424248524248585">
    <MapTiles>
      <MapTile TileID="1167" AltIDMod="0" />
    </MapTiles>
    <StaticTiles />
  </TransInfo>
  <TransInfo Description="Rough Beach to Brown Brick(EW) AC" HashKey="248524248524248524">
    <MapTiles>
      <MapTile TileID="1167" AltIDMod="0" />
    </MapTiles>
    <StaticTiles />
  </TransInfo>
  <TransInfo Description="Rough Beach to Brown Brick(EW) AC" HashKey="242485248585852424">
    <MapTiles>
      <MapTile TileID="1167" AltIDMod="0" />
    </MapTiles>
    <StaticTiles />
  </TransInfo>
</Trans>