﻿<?xml version="1.0" encoding="utf-8"?>
<Trans>
  <TransInfo Description="Rough Beach to Planks(WE) AC" HashKey="851717178585851717">
    <MapTiles>
      <MapTile TileID="662" AltIDMod="0" />
    </MapTiles>
    <StaticTiles />
  </TransInfo>
  <TransInfo Description="Rough Beach to Planks(WE) AC" HashKey="178517178517851785">
    <MapTiles>
      <MapTile TileID="662" AltIDMod="0" />
    </MapTiles>
    <StaticTiles />
  </TransInfo>
  <TransInfo Description="Rough Beach to Planks(WE) AC" HashKey="178517858585171785">
    <MapTiles>
      <MapTile TileID="662" AltIDMod="0" />
    </MapTiles>
    <StaticTiles />
  </TransInfo>
  <TransInfo Description="Rough Beach to Planks(WE) AC" HashKey="851785178585178517">
    <MapTiles>
      <MapTile TileID="662" AltIDMod="0" />
    </MapTiles>
    <StaticTiles />
  </TransInfo>
  <TransInfo Description="Rough Beach to Planks(WE) AC" HashKey="171717178517851717">
    <MapTiles>
      <MapTile TileID="662" AltIDMod="0" />
    </MapTiles>
    <StaticTiles />
  </TransInfo>
  <TransInfo Description="Rough Beach to Planks(WE) AC" HashKey="858517178517171785">
    <MapTiles>
      <MapTile TileID="662" AltIDMod="0" />
    </MapTiles>
    <StaticTiles />
  </TransInfo>
  <TransInfo Description="Rough Beach to Planks(WE) NEA" HashKey="178585178585851785">
    <MapTiles>
      <MapTile TileID="699" AltIDMod="0" />
    </MapTiles>
    <StaticTiles />
  </TransInfo>
  <TransInfo Description="Rough Beach to Planks(WE) AC" HashKey="171785178517858585">
    <MapTiles>
      <MapTile TileID="662" AltIDMod="0" />
    </MapTiles>
    <StaticTiles />
  </TransInfo>
  <TransInfo Description="Rough Beach to Planks(WE) AC" HashKey="851717178517858585">
    <MapTiles>
      <MapTile TileID="662" AltIDMod="0" />
    </MapTiles>
    <StaticTiles />
  </TransInfo>
  <TransInfo Description="Rough Beach to Planks(WE) AC" HashKey="851717858517171785">
    <MapTiles>
      <MapTile TileID="662" AltIDMod="0" />
    </MapTiles>
    <StaticTiles />
  </TransInfo>
  <TransInfo Description="Rough Beach to Planks(WE) AC" HashKey="851785858585171717">
    <MapTiles>
      <MapTile TileID="662" AltIDMod="0" />
    </MapTiles>
    <StaticTiles />
  </TransInfo>
  <TransInfo Description="Rough Beach to Planks(WE) AC" HashKey="171717178585178517">
    <MapTiles>
      <MapTile TileID="662" AltIDMod="0" />
    </MapTiles>
    <StaticTiles />
  </TransInfo>
  <TransInfo Description="Rough Beach to Planks(WE) NEA" HashKey="178585858585178517">
    <MapTiles>
      <MapTile TileID="699" AltIDMod="0" />
    </MapTiles>
    <StaticTiles />
  </TransInfo>
  <TransInfo Description="Rough Beach to Planks(WE) SWA" HashKey="178517858517858517">
    <MapTiles>
      <MapTile TileID="678" AltIDMod="0" />
    </MapTiles>
    <StaticTiles />
  </TransInfo>
  <TransInfo Description="Rough Beach to Planks(WE) AC" HashKey="178517858517178585">
    <MapTiles>
      <MapTile TileID="662" AltIDMod="0" />
    </MapTiles>
    <StaticTiles />
  </TransInfo>
  <TransInfo Description="Rough Beach to Planks(WE) AC" HashKey="851717178517851717">
    <MapTiles>
      <MapTile TileID="662" AltIDMod="0" />
    </MapTiles>
    <StaticTiles />
  </TransInfo>
  <TransInfo Description="Rough Beach to Planks(WE) AC" HashKey="851785178585171785">
    <MapTiles>
      <MapTile TileID="662" AltIDMod="0" />
    </MapTiles>
    <StaticTiles />
  </TransInfo>
  <TransInfo Description="Rough Beach to Planks(WE) AC" HashKey="171717178517178517">
    <MapTiles>
      <MapTile TileID="662" AltIDMod="0" />
    </MapTiles>
    <StaticTiles />
  </TransInfo>
  <TransInfo Description="Rough Beach to Planks(WE) AC" HashKey="171717858585851717">
    <MapTiles>
      <MapTile TileID="662" AltIDMod="0" />
    </MapTiles>
    <StaticTiles />
  </TransInfo>
  <TransInfo Description="Rough Beach to Planks(WE) AC" HashKey="858585178517171785">
    <MapTiles>
      <MapTile TileID="662" AltIDMod="0" />
    </MapTiles>
    <StaticTiles />
  </TransInfo>
  <TransInfo Description="Rough Beach to Planks(WE) SWA" HashKey="171717858517858585">
    <MapTiles>
      <MapTile TileID="678" AltIDMod="0" />
    </MapTiles>
    <StaticTiles />
  </TransInfo>
  <TransInfo Description="Rough Beach to Planks(WE) AC" HashKey="178517178517858517">
    <MapTiles>
      <MapTile TileID="662" AltIDMod="0" />
    </MapTiles>
    <StaticTiles />
  </TransInfo>
  <TransInfo Description="Rough Beach to Planks(WE) AC" HashKey="858517178517178517">
    <MapTiles>
      <MapTile TileID="662" AltIDMod="0" />
    </MapTiles>
    <StaticTiles />
  </TransInfo>
  <TransInfo Description="Rough Beach to Planks(WE) AC" HashKey="178517858517171717">
    <MapTiles>
      <MapTile TileID="662" AltIDMod="0" />
    </MapTiles>
    <StaticTiles />
  </TransInfo>
  <TransInfo Description="Rough Beach to Planks(WE) AC" HashKey="851785178585851785">
    <MapTiles>
      <MapTile TileID="662" AltIDMod="0" />
    </MapTiles>
    <StaticTiles />
  </TransInfo>
  <TransInfo Description="Rough Beach to Planks(WE) SEA" HashKey="858517178585858585">
    <MapTiles>
      <MapTile TileID="677" AltIDMod="0" />
    </MapTiles>
    <StaticTiles />
  </TransInfo>
  <TransInfo Description="Rough Beach to Planks(WE) AC" HashKey="851717858585171717">
    <MapTiles>
      <MapTile TileID="662" AltIDMod="0" />
    </MapTiles>
    <StaticTiles />
  </TransInfo>
  <TransInfo Description="Rough Beach to Planks(WE) NS" HashKey="858585858585178517">
    <MapTiles>
      <MapTile TileID="666" AltIDMod="0" />
      <MapTile TileID="667" AltIDMod="0" />
    </MapTiles>
    <StaticTiles />
  </TransInfo>
  <TransInfo Description="Rough Beach to Planks(WE) NEA" HashKey="178585858585851717">
    <MapTiles>
      <MapTile TileID="699" AltIDMod="0" />
    </MapTiles>
    <StaticTiles />
  </TransInfo>
  <TransInfo Description="Rough Beach to Planks(WE) AC" HashKey="171717858517851717">
    <MapTiles>
      <MapTile TileID="662" AltIDMod="0" />
    </MapTiles>
    <StaticTiles />
  </TransInfo>
  <TransInfo Description="Rough Beach to Planks(WE) SN" HashKey="851717858585858585">
    <MapTiles>
      <MapTile TileID="664" AltIDMod="0" />
      <MapTile TileID="665" AltIDMod="0" />
    </MapTiles>
    <StaticTiles />
  </TransInfo>
  <TransInfo Description="Rough Beach to Planks(WE) AC" HashKey="851717858585851785">
    <MapTiles>
      <MapTile TileID="662" AltIDMod="0" />
    </MapTiles>
    <StaticTiles />
  </TransInfo>
  <TransInfo Description="Rough Beach to Planks(WE) NEA" HashKey="858585178585178517">
    <MapTiles>
      <MapTile TileID="699" AltIDMod="0" />
    </MapTiles>
    <StaticTiles />
  </TransInfo>
  <TransInfo Description="Rough Beach to Planks(WE) NEA" HashKey="178585178585171717">
    <MapTiles>
      <MapTile TileID="699" AltIDMod="0" />
    </MapTiles>
    <StaticTiles />
  </TransInfo>
  <TransInfo Description="Rough Beach to Planks(WE) AC" HashKey="178585178517178517">
    <MapTiles>
      <MapTile TileID="662" AltIDMod="0" />
    </MapTiles>
    <StaticTiles />
  </TransInfo>
  <TransInfo Description="Rough Beach to Planks(WE) SWA" HashKey="178585858517858585">
    <MapTiles>
      <MapTile TileID="678" AltIDMod="0" />
    </MapTiles>
    <StaticTiles />
  </TransInfo>
  <TransInfo Description="Rough Beach to Planks(WE) SWA" HashKey="171785858517858517">
    <MapTiles>
      <MapTile TileID="678" AltIDMod="0" />
    </MapTiles>
    <StaticTiles />
  </TransInfo>
  <TransInfo Description="Rough Beach to Planks(WE) AC" HashKey="171785858517178585">
    <MapTiles>
      <MapTile TileID="662" AltIDMod="0" />
    </MapTiles>
    <StaticTiles />
  </TransInfo>
  <TransInfo Description="Rough Beach to Planks(WE) SWA" HashKey="851717858517858517">
    <MapTiles>
      <MapTile TileID="678" AltIDMod="0" />
    </MapTiles>
    <StaticTiles />
  </TransInfo>
  <TransInfo Description="Rough Beach to Planks(WE) AC" HashKey="851717858585851717">
    <MapTiles>
      <MapTile TileID="662" AltIDMod="0" />
    </MapTiles>
    <StaticTiles />
  </TransInfo>
  <TransInfo Description="Rough Beach to Planks(WE) AC" HashKey="851717858585178517">
    <MapTiles>
      <MapTile TileID="662" AltIDMod="0" />
    </MapTiles>
    <StaticTiles />
  </TransInfo>
  <TransInfo Description="Rough Beach to Planks(WE) NEA" HashKey="178585178585858517">
    <MapTiles>
      <MapTile TileID="699" AltIDMod="0" />
    </MapTiles>
    <StaticTiles />
  </TransInfo>
  <TransInfo Description="Rough Beach to Planks(WE) NS" HashKey="858585858585171785">
    <MapTiles>
      <MapTile TileID="666" AltIDMod="0" />
      <MapTile TileID="667" AltIDMod="0" />
    </MapTiles>
    <StaticTiles />
  </TransInfo>
  <TransInfo Description="Rough Beach to Planks(WE) AC" HashKey="178585858517851717">
    <MapTiles>
      <MapTile TileID="662" AltIDMod="0" />
    </MapTiles>
    <StaticTiles />
  </TransInfo>
  <TransInfo Description="Rough Beach to Planks(WE) SWA" HashKey="178517858585858517">
    <MapTiles>
      <MapTile TileID="678" AltIDMod="0" />
    </MapTiles>
    <StaticTiles />
  </TransInfo>
  <TransInfo Description="Rough Beach to Planks(WE) AC" HashKey="858517178585858517">
    <MapTiles>
      <MapTile TileID="662" AltIDMod="0" />
    </MapTiles>
    <StaticTiles />
  </TransInfo>
  <TransInfo Description="Rough Beach to Planks(WE) AC" HashKey="178517858585851717">
    <MapTiles>
      <MapTile TileID="662" AltIDMod="0" />
    </MapTiles>
    <StaticTiles />
  </TransInfo>
  <TransInfo Description="Rough Beach to Planks(WE) AC" HashKey="858585178517858517">
    <MapTiles>
      <MapTile TileID="662" AltIDMod="0" />
    </MapTiles>
    <StaticTiles />
  </TransInfo>
  <TransInfo Description="Rough Beach to Planks(WE) AC" HashKey="171785858517851785">
    <MapTiles>
      <MapTile TileID="662" AltIDMod="0" />
    </MapTiles>
    <StaticTiles />
  </TransInfo>
  <TransInfo Description="Rough Beach to Planks(WE) AC" HashKey="171785178585858517">
    <MapTiles>
      <MapTile TileID="662" AltIDMod="0" />
    </MapTiles>
    <StaticTiles />
  </TransInfo>
  <TransInfo Description="Rough Beach to Planks(WE) SEA" HashKey="171785178585178585">
    <MapTiles>
      <MapTile TileID="677" AltIDMod="0" />
    </MapTiles>
    <StaticTiles />
  </TransInfo>
  <TransInfo Description="Rough Beach to Planks(WE) AC" HashKey="851717178585858517">
    <MapTiles>
      <MapTile TileID="662" AltIDMod="0" />
    </MapTiles>
    <StaticTiles />
  </TransInfo>
  <TransInfo Description="Rough Beach to Planks(WE) SEA" HashKey="851717178585178585">
    <MapTiles>
      <MapTile TileID="677" AltIDMod="0" />
    </MapTiles>
    <StaticTiles />
  </TransInfo>
  <TransInfo Description="Rough Beach to Planks(WE) AC" HashKey="171785178517851717">
    <MapTiles>
      <MapTile TileID="662" AltIDMod="0" />
    </MapTiles>
    <StaticTiles />
  </TransInfo>
  <TransInfo Description="Rough Beach to Planks(WE) AC" HashKey="851785178517178517">
    <MapTiles>
      <MapTile TileID="662" AltIDMod="0" />
    </MapTiles>
    <StaticTiles />
  </TransInfo>
  <TransInfo Description="Rough Beach to Planks(WE) AC" HashKey="851785858517171717">
    <MapTiles>
      <MapTile TileID="662" AltIDMod="0" />
    </MapTiles>
    <StaticTiles />
  </TransInfo>
  <TransInfo Description="Rough Beach to Planks(WE) IWE" HashKey="178585858585858517">
    <MapTiles>
      <MapTile TileID="22" AltIDMod="0" />
    </MapTiles>
    <StaticTiles />
  </TransInfo>
  <TransInfo Description="Rough Beach to Planks(WE) AC" HashKey="178517178517178585">
    <MapTiles>
      <MapTile TileID="662" AltIDMod="0" />
    </MapTiles>
    <StaticTiles />
  </TransInfo>
  <TransInfo Description="Rough Beach to Planks(WE) AC" HashKey="178517858517851717">
    <MapTiles>
      <MapTile TileID="662" AltIDMod="0" />
    </MapTiles>
    <StaticTiles />
  </TransInfo>
  <TransInfo Description="Rough Beach to Planks(WE) AC" HashKey="171785178585171717">
    <MapTiles>
      <MapTile TileID="662" AltIDMod="0" />
    </MapTiles>
    <StaticTiles />
  </TransInfo>
  <TransInfo Description="Rough Beach to Planks(WE) SN" HashKey="851785858585858585">
    <MapTiles>
      <MapTile TileID="664" AltIDMod="0" />
      <MapTile TileID="665" AltIDMod="0" />
    </MapTiles>
    <StaticTiles />
  </TransInfo>
  <TransInfo Description="Rough Beach to Planks(WE) AC" HashKey="171785858585851717">
    <MapTiles>
      <MapTile TileID="662" AltIDMod="0" />
    </MapTiles>
    <StaticTiles />
  </TransInfo>
  <TransInfo Description="Rough Beach to Planks(WE) SEA" HashKey="178517858585178585">
    <MapTiles>
      <MapTile TileID="677" AltIDMod="0" />
    </MapTiles>
    <StaticTiles />
  </TransInfo>
  <TransInfo Description="Rough Beach to Planks(WE) WE" HashKey="858517858517858517">
    <MapTiles>
      <MapTile TileID="670" AltIDMod="0" />
      <MapTile TileID="671" AltIDMod="0" />
    </MapTiles>
    <StaticTiles />
  </TransInfo>
  <TransInfo Description="Rough Beach to Planks(WE) AC" HashKey="851717178517858517">
    <MapTiles>
      <MapTile TileID="662" AltIDMod="0" />
    </MapTiles>
    <StaticTiles />
  </TransInfo>
  <TransInfo Description="Rough Beach to Planks(WE) SWA" HashKey="171785858585858517">
    <MapTiles>
      <MapTile TileID="678" AltIDMod="0" />
    </MapTiles>
    <StaticTiles />
  </TransInfo>
  <TransInfo Description="Rough Beach to Planks(WE) SEA" HashKey="171717858585178585">
    <MapTiles>
      <MapTile TileID="677" AltIDMod="0" />
    </MapTiles>
    <StaticTiles />
  </TransInfo>
  <TransInfo Description="Rough Beach to Planks(WE) SEA" HashKey="851785178585178585">
    <MapTiles>
      <MapTile TileID="677" AltIDMod="0" />
    </MapTiles>
    <StaticTiles />
  </TransInfo>
  <TransInfo Description="Rough Beach to Planks(WE) AC" HashKey="851717178585851785">
    <MapTiles>
      <MapTile TileID="662" AltIDMod="0" />
    </MapTiles>
    <StaticTiles />
  </TransInfo>
  <TransInfo Description="Rough Beach to Planks(WE) AC" HashKey="858585178517178585">
    <MapTiles>
      <MapTile TileID="662" AltIDMod="0" />
    </MapTiles>
    <StaticTiles />
  </TransInfo>
  <TransInfo Description="Rough Beach to Planks(WE) AC" HashKey="178585178517851717">
    <MapTiles>
      <MapTile TileID="662" AltIDMod="0" />
    </MapTiles>
    <StaticTiles />
  </TransInfo>
  <TransInfo Description="Rough Beach to Planks(WE) AC" HashKey="851785178517851717">
    <MapTiles>
      <MapTile TileID="662" AltIDMod="0" />
    </MapTiles>
    <StaticTiles />
  </TransInfo>
  <TransInfo Description="Rough Beach to Planks(WE) AC" HashKey="171717178517851785">
    <MapTiles>
      <MapTile TileID="662" AltIDMod="0" />
    </MapTiles>
    <StaticTiles />
  </TransInfo>
  <TransInfo Description="Rough Beach to Planks(WE) AC" HashKey="851785858585171785">
    <MapTiles>
      <MapTile TileID="662" AltIDMod="0" />
    </MapTiles>
    <StaticTiles />
  </TransInfo>
  <TransInfo Description="Rough Beach to Planks(WE) SEB" HashKey="858585858585858517">
    <MapTiles>
      <MapTile TileID="673" AltIDMod="0" />
    </MapTiles>
    <StaticTiles />
  </TransInfo>
  <TransInfo Description="Rough Beach to Planks(WE) AC" HashKey="178585178517858585">
    <MapTiles>
      <MapTile TileID="662" AltIDMod="0" />
    </MapTiles>
    <StaticTiles />
  </TransInfo>
  <TransInfo Description="Rough Beach to Planks(WE) AC" HashKey="171717858585171717">
    <MapTiles>
      <MapTile TileID="662" AltIDMod="0" />
    </MapTiles>
    <StaticTiles />
  </TransInfo>
  <TransInfo Description="Rough Beach to Planks(WE) SWA" HashKey="851785858517858585">
    <MapTiles>
      <MapTile TileID="678" AltIDMod="0" />
    </MapTiles>
    <StaticTiles />
  </TransInfo>
  <TransInfo Description="Rough Beach to Planks(WE) AC" HashKey="171785858585178517">
    <MapTiles>
      <MapTile TileID="662" AltIDMod="0" />
    </MapTiles>
    <StaticTiles />
  </TransInfo>
  <TransInfo Description="Rough Beach to Planks(WE) SWA" HashKey="178517858517858585">
    <MapTiles>
      <MapTile TileID="678" AltIDMod="0" />
    </MapTiles>
    <StaticTiles />
  </TransInfo>
  <TransInfo Description="Rough Beach to Planks(WE) AC" HashKey="171785178517851785">
    <MapTiles>
      <MapTile TileID="662" AltIDMod="0" />
    </MapTiles>
    <StaticTiles />
  </TransInfo>
  <TransInfo Description="Rough Beach to Planks(WE) NWA" HashKey="858585858517178517">
    <MapTiles>
      <MapTile TileID="679" AltIDMod="0" />
    </MapTiles>
    <StaticTiles />
  </TransInfo>
  <TransInfo Description="Rough Beach to Planks(WE) AC" HashKey="851717178517851785">
    <MapTiles>
      <MapTile TileID="662" AltIDMod="0" />
    </MapTiles>
    <StaticTiles />
  </TransInfo>
  <TransInfo Description="Rough Beach to Planks(WE) EW" HashKey="178585858585178585">
    <MapTiles>
      <MapTile TileID="668" AltIDMod="0" />
      <MapTile TileID="669" AltIDMod="0" />
    </MapTiles>
    <StaticTiles />
  </TransInfo>
  <TransInfo Description="Rough Beach to Planks(WE) AC" HashKey="178517178585851717">
    <MapTiles>
      <MapTile TileID="662" AltIDMod="0" />
    </MapTiles>
    <StaticTiles />
  </TransInfo>
  <TransInfo Description="Rough Beach to Planks(WE) SEA" HashKey="171785858585178585">
    <MapTiles>
      <MapTile TileID="677" AltIDMod="0" />
    </MapTiles>
    <StaticTiles />
  </TransInfo>
  <TransInfo Description="Rough Beach to Planks(WE) NEA" HashKey="178585178585178517">
    <MapTiles>
      <MapTile TileID="699" AltIDMod="0" />
    </MapTiles>
    <StaticTiles />
  </TransInfo>
  <TransInfo Description="Rough Beach to Planks(WE) AC" HashKey="171717178585171785">
    <MapTiles>
      <MapTile TileID="662" AltIDMod="0" />
    </MapTiles>
    <StaticTiles />
  </TransInfo>
  <TransInfo Description="Rough Beach to Planks(WE) AC" HashKey="171717178517178585">
    <MapTiles>
      <MapTile TileID="662" AltIDMod="0" />
    </MapTiles>
    <StaticTiles />
  </TransInfo>
  <TransInfo Description="Rough Beach to Planks(WE) AC" HashKey="178517178517171717">
    <MapTiles>
      <MapTile TileID="662" AltIDMod="0" />
    </MapTiles>
    <StaticTiles />
  </TransInfo>
  <TransInfo Description="Rough Beach to Planks(WE) AC" HashKey="171717858585851785">
    <MapTiles>
      <MapTile TileID="662" AltIDMod="0" />
    </MapTiles>
    <StaticTiles />
  </TransInfo>
  <TransInfo Description="Rough Beach to Planks(WE) AC" HashKey="178517178517858585">
    <MapTiles>
      <MapTile TileID="662" AltIDMod="0" />
    </MapTiles>
    <StaticTiles />
  </TransInfo>
  <TransInfo Description="Rough Beach to Planks(WE) AC" HashKey="178517858517171785">
    <MapTiles>
      <MapTile TileID="662" AltIDMod="0" />
    </MapTiles>
    <StaticTiles />
  </TransInfo>
  <TransInfo Description="Rough Beach to Planks(WE) NEA" HashKey="178585858585171717">
    <MapTiles>
      <MapTile TileID="699" AltIDMod="0" />
    </MapTiles>
    <StaticTiles />
  </TransInfo>
  <TransInfo Description="Rough Beach to Planks(WE) SWB" HashKey="858585858585178585">
    <MapTiles>
      <MapTile TileID="674" AltIDMod="0" />
    </MapTiles>
    <StaticTiles />
  </TransInfo>
  <TransInfo Description="Rough Beach to Planks(WE) AC" HashKey="171717858517851785">
    <MapTiles>
      <MapTile TileID="662" AltIDMod="0" />
    </MapTiles>
    <StaticTiles />
  </TransInfo>
  <TransInfo Description="Rough Beach to Planks(WE) NWA" HashKey="858585858517851717">
    <MapTiles>
      <MapTile TileID="679" AltIDMod="0" />
    </MapTiles>
    <StaticTiles />
  </TransInfo>
  <TransInfo Description="Rough Beach to Planks(WE) AC" HashKey="171717178517171717">
    <MapTiles>
      <MapTile TileID="662" AltIDMod="0" />
    </MapTiles>
    <StaticTiles />
  </TransInfo>
  <TransInfo Description="Rough Beach to Planks(WE) NEA" HashKey="178585858585851785">
    <MapTiles>
      <MapTile TileID="699" AltIDMod="0" />
    </MapTiles>
    <StaticTiles />
  </TransInfo>
  <TransInfo Description="Rough Beach to Planks(WE) AC" HashKey="178517178517851717">
    <MapTiles>
      <MapTile TileID="662" AltIDMod="0" />
    </MapTiles>
    <StaticTiles />
  </TransInfo>
  <TransInfo Description="Rough Beach to Planks(WE) SWA" HashKey="171785858517858585">
    <MapTiles>
      <MapTile TileID="678" AltIDMod="0" />
    </MapTiles>
    <StaticTiles />
  </TransInfo>
  <TransInfo Description="Rough Beach to Planks(WE) NEA" HashKey="178585178585171785">
    <MapTiles>
      <MapTile TileID="699" AltIDMod="0" />
    </MapTiles>
    <StaticTiles />
  </TransInfo>
  <TransInfo Description="Rough Beach to Planks(WE) SWA" HashKey="851717858517858585">
    <MapTiles>
      <MapTile TileID="678" AltIDMod="0" />
    </MapTiles>
    <StaticTiles />
  </TransInfo>
  <TransInfo Description="Rough Beach to Planks(WE) AC" HashKey="851785858517851785">
    <MapTiles>
      <MapTile TileID="662" AltIDMod="0" />
    </MapTiles>
    <StaticTiles />
  </TransInfo>
  <TransInfo Description="Rough Beach to Planks(WE) AC" HashKey="858517178585851785">
    <MapTiles>
      <MapTile TileID="662" AltIDMod="0" />
    </MapTiles>
    <StaticTiles />
  </TransInfo>
  <TransInfo Description="Rough Beach to Planks(WE) AC" HashKey="851785858585851785">
    <MapTiles>
      <MapTile TileID="662" AltIDMod="0" />
    </MapTiles>
    <StaticTiles />
  </TransInfo>
  <TransInfo Description="Rough Beach to Planks(WE) AC" HashKey="178585178517171717">
    <MapTiles>
      <MapTile TileID="662" AltIDMod="0" />
    </MapTiles>
    <StaticTiles />
  </TransInfo>
  <TransInfo Description="Rough Beach to Planks(WE) AC" HashKey="171785178517171717">
    <MapTiles>
      <MapTile TileID="662" AltIDMod="0" />
    </MapTiles>
    <StaticTiles />
  </TransInfo>
  <TransInfo Description="Rough Beach to Planks(WE) AC" HashKey="178585858517851785">
    <MapTiles>
      <MapTile TileID="662" AltIDMod="0" />
    </MapTiles>
    <StaticTiles />
  </TransInfo>
  <TransInfo Description="Rough Beach to Planks(WE) AC" HashKey="851717178517171717">
    <MapTiles>
      <MapTile TileID="662" AltIDMod="0" />
    </MapTiles>
    <StaticTiles />
  </TransInfo>
  <TransInfo Description="Rough Beach to Planks(WE) AC" HashKey="171785858517171785">
    <MapTiles>
      <MapTile TileID="662" AltIDMod="0" />
    </MapTiles>
    <StaticTiles />
  </TransInfo>
  <TransInfo Description="Rough Beach to Planks(WE) NWA" HashKey="858517858585178517">
    <MapTiles>
      <MapTile TileID="679" AltIDMod="0" />
    </MapTiles>
    <StaticTiles />
  </TransInfo>
  <TransInfo Description="Rough Beach to Planks(WE) NEA" HashKey="858585178585851717">
    <MapTiles>
      <MapTile TileID="699" AltIDMod="0" />
    </MapTiles>
    <StaticTiles />
  </TransInfo>
  <TransInfo Description="Rough Beach to Planks(WE) SN" HashKey="178517858585858585">
    <MapTiles>
      <MapTile TileID="664" AltIDMod="0" />
      <MapTile TileID="665" AltIDMod="0" />
    </MapTiles>
    <StaticTiles />
  </TransInfo>
  <TransInfo Description="Rough Beach to Planks(WE) SEA" HashKey="171785178585858585">
    <MapTiles>
      <MapTile TileID="677" AltIDMod="0" />
    </MapTiles>
    <StaticTiles />
  </TransInfo>
  <TransInfo Description="Rough Beach to Planks(WE) SEA" HashKey="851717178585858585">
    <MapTiles>
      <MapTile TileID="677" AltIDMod="0" />
    </MapTiles>
    <StaticTiles />
  </TransInfo>
  <TransInfo Description="Rough Beach to Planks(WE) AC" HashKey="858585178517858585">
    <MapTiles>
      <MapTile TileID="662" AltIDMod="0" />
    </MapTiles>
    <StaticTiles />
  </TransInfo>
  <TransInfo Description="Rough Beach to Planks(WE) AC" HashKey="851785178517858517">
    <MapTiles>
      <MapTile TileID="662" AltIDMod="0" />
    </MapTiles>
    <StaticTiles />
  </TransInfo>
  <TransInfo Description="Rough Beach to Planks(WE) AC" HashKey="851785178517178585">
    <MapTiles>
      <MapTile TileID="662" AltIDMod="0" />
    </MapTiles>
    <StaticTiles />
  </TransInfo>
  <TransInfo Description="Rough Beach to Planks(WE) AC" HashKey="851785858517171785">
    <MapTiles>
      <MapTile TileID="662" AltIDMod="0" />
    </MapTiles>
    <StaticTiles />
  </TransInfo>
  <TransInfo Description="Rough Beach to Planks(WE) NWA" HashKey="858517858585851717">
    <MapTiles>
      <MapTile TileID="679" AltIDMod="0" />
    </MapTiles>
    <StaticTiles />
  </TransInfo>
  <TransInfo Description="Rough Beach to Planks(WE) AC" HashKey="171785178585171785">
    <MapTiles>
      <MapTile TileID="662" AltIDMod="0" />
    </MapTiles>
    <StaticTiles />
  </TransInfo>
  <TransInfo Description="Rough Beach to Planks(WE) AC" HashKey="858585178517851717">
    <MapTiles>
      <MapTile TileID="662" AltIDMod="0" />
    </MapTiles>
    <StaticTiles />
  </TransInfo>
  <TransInfo Description="Rough Beach to Planks(WE) AC" HashKey="171717858517178517">
    <MapTiles>
      <MapTile TileID="662" AltIDMod="0" />
    </MapTiles>
    <StaticTiles />
  </TransInfo>
  <TransInfo Description="Rough Beach to Planks(WE) AC" HashKey="858517178585171717">
    <MapTiles>
      <MapTile TileID="662" AltIDMod="0" />
    </MapTiles>
    <StaticTiles />
  </TransInfo>
  <TransInfo Description="Rough Beach to Planks(WE) SN" HashKey="171717858585858585">
    <MapTiles>
      <MapTile TileID="664" AltIDMod="0" />
      <MapTile TileID="665" AltIDMod="0" />
    </MapTiles>
    <StaticTiles />
  </TransInfo>
  <TransInfo Description="Rough Beach to Planks(WE) NWA" HashKey="858517858517171717">
    <MapTiles>
      <MapTile TileID="679" AltIDMod="0" />
    </MapTiles>
    <StaticTiles />
  </TransInfo>
  <TransInfo Description="Rough Beach to Planks(WE) WE" HashKey="858517858517858585">
    <MapTiles>
      <MapTile TileID="670" AltIDMod="0" />
      <MapTile TileID="671" AltIDMod="0" />
    </MapTiles>
    <StaticTiles />
  </TransInfo>
  <TransInfo Description="Rough Beach to Planks(WE) AC" HashKey="851785178517171717">
    <MapTiles>
      <MapTile TileID="662" AltIDMod="0" />
    </MapTiles>
    <StaticTiles />
  </TransInfo>
  <TransInfo Description="Rough Beach to Planks(WE) SN" HashKey="171785858585858585">
    <MapTiles>
      <MapTile TileID="664" AltIDMod="0" />
      <MapTile TileID="665" AltIDMod="0" />
    </MapTiles>
    <StaticTiles />
  </TransInfo>
  <TransInfo Description="Rough Beach to Planks(WE) AC" HashKey="851717858517178517">
    <MapTiles>
      <MapTile TileID="662" AltIDMod="0" />
    </MapTiles>
    <StaticTiles />
  </TransInfo>
  <TransInfo Description="Rough Beach to Planks(WE) SEA" HashKey="171717178585178585">
    <MapTiles>
      <MapTile TileID="677" AltIDMod="0" />
    </MapTiles>
    <StaticTiles />
  </TransInfo>
  <TransInfo Description="Rough Beach to Planks(WE) AC" HashKey="178517178585858517">
    <MapTiles>
      <MapTile TileID="662" AltIDMod="0" />
    </MapTiles>
    <StaticTiles />
  </TransInfo>
  <TransInfo Description="Rough Beach to Planks(WE) SEA" HashKey="178517178585178585">
    <MapTiles>
      <MapTile TileID="677" AltIDMod="0" />
    </MapTiles>
    <StaticTiles />
  </TransInfo>
  <TransInfo Description="Rough Beach to Planks(WE) AC" HashKey="851785178517851785">
    <MapTiles>
      <MapTile TileID="662" AltIDMod="0" />
    </MapTiles>
    <StaticTiles />
  </TransInfo>
  <TransInfo Description="Rough Beach to Planks(WE) AC" HashKey="178585858517171717">
    <MapTiles>
      <MapTile TileID="662" AltIDMod="0" />
    </MapTiles>
    <StaticTiles />
  </TransInfo>
  <TransInfo Description="Rough Beach to Planks(WE) AC" HashKey="178517178517178517">
    <MapTiles>
      <MapTile TileID="662" AltIDMod="0" />
    </MapTiles>
    <StaticTiles />
  </TransInfo>
  <TransInfo Description="Rough Beach to Planks(WE) AC" HashKey="171717858585171785">
    <MapTiles>
      <MapTile TileID="662" AltIDMod="0" />
    </MapTiles>
    <StaticTiles />
  </TransInfo>
  <TransInfo Description="Rough Beach to Planks(WE) NWA" HashKey="858517858517851717">
    <MapTiles>
      <MapTile TileID="679" AltIDMod="0" />
    </MapTiles>
    <StaticTiles />
  </TransInfo>
  <TransInfo Description="Rough Beach to Planks(WE) AC" HashKey="178585178517178585">
    <MapTiles>
      <MapTile TileID="662" AltIDMod="0" />
    </MapTiles>
    <StaticTiles />
  </TransInfo>
  <TransInfo Description="Rough Beach to Planks(WE) AC" HashKey="171717178585171717">
    <MapTiles>
      <MapTile TileID="662" AltIDMod="0" />
    </MapTiles>
    <StaticTiles />
  </TransInfo>
  <TransInfo Description="Rough Beach to Planks(WE) AC" HashKey="171785858517171717">
    <MapTiles>
      <MapTile TileID="662" AltIDMod="0" />
    </MapTiles>
    <StaticTiles />
  </TransInfo>
  <TransInfo Description="Rough Beach to Planks(WE) NWB" HashKey="178585858585858585">
    <MapTiles>
      <MapTile TileID="675" AltIDMod="0" />
    </MapTiles>
    <StaticTiles />
  </TransInfo>
  <TransInfo Description="Rough Beach to Planks(WE) AC" HashKey="178517178585178517">
    <MapTiles>
      <MapTile TileID="662" AltIDMod="0" />
    </MapTiles>
    <StaticTiles />
  </TransInfo>
  <TransInfo Description="Rough Beach to Planks(WE) WE" HashKey="858585858517858517">
    <MapTiles>
      <MapTile TileID="670" AltIDMod="0" />
      <MapTile TileID="671" AltIDMod="0" />
    </MapTiles>
    <StaticTiles />
  </TransInfo>
  <TransInfo Description="Rough Beach to Planks(WE) NWA" HashKey="858585858517178585">
    <MapTiles>
      <MapTile TileID="679" AltIDMod="0" />
    </MapTiles>
    <StaticTiles />
  </TransInfo>
  <TransInfo Description="Rough Beach to Planks(WE) EW" HashKey="178585178585178585">
    <MapTiles>
      <MapTile TileID="668" AltIDMod="0" />
      <MapTile TileID="669" AltIDMod="0" />
    </MapTiles>
    <StaticTiles />
  </TransInfo>
  <TransInfo Description="Rough Beach to Planks(WE) AC" HashKey="171717178517858585">
    <MapTiles>
      <MapTile TileID="662" AltIDMod="0" />
    </MapTiles>
    <StaticTiles />
  </TransInfo>
  <TransInfo Description="Rough Beach to Planks(WE) AC" HashKey="178517178585851785">
    <MapTiles>
      <MapTile TileID="662" AltIDMod="0" />
    </MapTiles>
    <StaticTiles />
  </TransInfo>
  <TransInfo Description="Rough Beach to Planks(WE) NS" HashKey="858585858585851717">
    <MapTiles>
      <MapTile TileID="666" AltIDMod="0" />
      <MapTile TileID="667" AltIDMod="0" />
    </MapTiles>
    <StaticTiles />
  </TransInfo>
  <TransInfo Description="Rough Beach to Planks(WE) AC" HashKey="858517178517851717">
    <MapTiles>
      <MapTile TileID="662" AltIDMod="0" />
    </MapTiles>
    <StaticTiles />
  </TransInfo>
  <TransInfo Description="Rough Beach to Planks(WE) AC" HashKey="851785178585858517">
    <MapTiles>
      <MapTile TileID="662" AltIDMod="0" />
    </MapTiles>
    <StaticTiles />
  </TransInfo>
  <TransInfo Description="Rough Beach to Planks(WE) SWA" HashKey="851785858517858517">
    <MapTiles>
      <MapTile TileID="678" AltIDMod="0" />
    </MapTiles>
    <StaticTiles />
  </TransInfo>
  <TransInfo Description="Rough Beach to Planks(WE) NEA" HashKey="178585858585171785">
    <MapTiles>
      <MapTile TileID="699" AltIDMod="0" />
    </MapTiles>
    <StaticTiles />
  </TransInfo>
  <TransInfo Description="Rough Beach to Planks(WE) AC" HashKey="171785178585178517">
    <MapTiles>
      <MapTile TileID="662" AltIDMod="0" />
    </MapTiles>
    <StaticTiles />
  </TransInfo>
  <TransInfo Description="Rough Beach to Planks(WE) NWA" HashKey="858585858517171717">
    <MapTiles>
      <MapTile TileID="679" AltIDMod="0" />
    </MapTiles>
    <StaticTiles />
  </TransInfo>
  <TransInfo Description="Rough Beach to Planks(WE) AC" HashKey="171717178517171785">
    <MapTiles>
      <MapTile TileID="662" AltIDMod="0" />
    </MapTiles>
    <StaticTiles />
  </TransInfo>
  <TransInfo Description="Rough Beach to Planks(WE) AC" HashKey="171785178517178517">
    <MapTiles>
      <MapTile TileID="662" AltIDMod="0" />
    </MapTiles>
    <StaticTiles />
  </TransInfo>
  <TransInfo Description="Rough Beach to Planks(WE) AC" HashKey="858517178517858517">
    <MapTiles>
      <MapTile TileID="662" AltIDMod="0" />
    </MapTiles>
    <StaticTiles />
  </TransInfo>
  <TransInfo Description="Rough Beach to Planks(WE) NWA" HashKey="858585858517851785">
    <MapTiles>
      <MapTile TileID="679" AltIDMod="0" />
    </MapTiles>
    <StaticTiles />
  </TransInfo>
  <TransInfo Description="Rough Beach to Planks(WE) NEA" HashKey="858585178585858517">
    <MapTiles>
      <MapTile TileID="699" AltIDMod="0" />
    </MapTiles>
    <StaticTiles />
  </TransInfo>
  <TransInfo Description="Rough Beach to Planks(WE) EW" HashKey="858585178585178585">
    <MapTiles>
      <MapTile TileID="668" AltIDMod="0" />
      <MapTile TileID="669" AltIDMod="0" />
    </MapTiles>
    <StaticTiles />
  </TransInfo>
  <TransInfo Description="Rough Beach to Planks(WE) AC" HashKey="171717178517858517">
    <MapTiles>
      <MapTile TileID="662" AltIDMod="0" />
    </MapTiles>
    <StaticTiles />
  </TransInfo>
  <TransInfo Description="Rough Beach to Planks(WE) AC" HashKey="171717178585858517">
    <MapTiles>
      <MapTile TileID="662" AltIDMod="0" />
    </MapTiles>
    <StaticTiles />
  </TransInfo>
  <TransInfo Description="Rough Beach to Planks(WE) AC" HashKey="858517178585851717">
    <MapTiles>
      <MapTile TileID="662" AltIDMod="0" />
    </MapTiles>
    <StaticTiles />
  </TransInfo>
  <TransInfo Description="Rough Beach to Planks(WE) AC" HashKey="851785858517178585">
    <MapTiles>
      <MapTile TileID="662" AltIDMod="0" />
    </MapTiles>
    <StaticTiles />
  </TransInfo>
  <TransInfo Description="Rough Beach to Planks(WE) NEA" HashKey="858585178585171717">
    <MapTiles>
      <MapTile TileID="699" AltIDMod="0" />
    </MapTiles>
    <StaticTiles />
  </TransInfo>
  <TransInfo Description="Rough Beach to Planks(WE) AC" HashKey="178585178517171785">
    <MapTiles>
      <MapTile TileID="662" AltIDMod="0" />
    </MapTiles>
    <StaticTiles />
  </TransInfo>
  <TransInfo Description="Rough Beach to Planks(WE) AC" HashKey="171785178517171785">
    <MapTiles>
      <MapTile TileID="662" AltIDMod="0" />
    </MapTiles>
    <StaticTiles />
  </TransInfo>
  <TransInfo Description="Rough Beach to Planks(WE) AC" HashKey="851717178517171785">
    <MapTiles>
      <MapTile TileID="662" AltIDMod="0" />
    </MapTiles>
    <StaticTiles />
  </TransInfo>
  <TransInfo Description="Rough Beach to Planks(WE) WE" HashKey="858517858585858517">
    <MapTiles>
      <MapTile TileID="670" AltIDMod="0" />
      <MapTile TileID="671" AltIDMod="0" />
    </MapTiles>
    <StaticTiles />
  </TransInfo>
  <TransInfo Description="Rough Beach to Planks(WE) INS" HashKey="858517858585178585">
    <MapTiles>
      <MapTile TileID="22" AltIDMod="0" />
    </MapTiles>
    <StaticTiles />
  </TransInfo>
  <TransInfo Description="Rough Beach to Planks(WE) NEA" HashKey="858585178585851785">
    <MapTiles>
      <MapTile TileID="699" AltIDMod="0" />
    </MapTiles>
    <StaticTiles />
  </TransInfo>
  <TransInfo Description="Rough Beach to Planks(WE) AC" HashKey="178585178517851785">
    <MapTiles>
      <MapTile TileID="662" AltIDMod="0" />
    </MapTiles>
    <StaticTiles />
  </TransInfo>
  <TransInfo Description="Rough Beach to Planks(WE) AC" HashKey="858517178585178517">
    <MapTiles>
      <MapTile TileID="662" AltIDMod="0" />
    </MapTiles>
    <StaticTiles />
  </TransInfo>
  <TransInfo Description="Rough Beach to Planks(WE) NWA" HashKey="858517858517178517">
    <MapTiles>
      <MapTile TileID="679" AltIDMod="0" />
    </MapTiles>
    <StaticTiles />
  </TransInfo>
  <TransInfo Description="Rough Beach to Planks(WE) SEA" HashKey="171717178585858585">
    <MapTiles>
      <MapTile TileID="677" AltIDMod="0" />
    </MapTiles>
    <StaticTiles />
  </TransInfo>
  <TransInfo Description="Rough Beach to Planks(WE) AC" HashKey="171785178585851717">
    <MapTiles>
      <MapTile TileID="662" AltIDMod="0" />
    </MapTiles>
    <StaticTiles />
  </TransInfo>
  <TransInfo Description="Rough Beach to Planks(WE) SWA" HashKey="171717858585858517">
    <MapTiles>
      <MapTile TileID="678" AltIDMod="0" />
    </MapTiles>
    <StaticTiles />
  </TransInfo>
  <TransInfo Description="Rough Beach to Planks(WE) AC" HashKey="851785178517858585">
    <MapTiles>
      <MapTile TileID="662" AltIDMod="0" />
    </MapTiles>
    <StaticTiles />
  </TransInfo>
  <TransInfo Description="Rough Beach to Planks(WE) AC" HashKey="178517858585851785">
    <MapTiles>
      <MapTile TileID="662" AltIDMod="0" />
    </MapTiles>
    <StaticTiles />
  </TransInfo>
  <TransInfo Description="Rough Beach to Planks(WE) NWA" HashKey="858517858585171717">
    <MapTiles>
      <MapTile TileID="679" AltIDMod="0" />
    </MapTiles>
    <StaticTiles />
  </TransInfo>
  <TransInfo Description="Rough Beach to Planks(WE) AC" HashKey="178585858517178517">
    <MapTiles>
      <MapTile TileID="662" AltIDMod="0" />
    </MapTiles>
    <StaticTiles />
  </TransInfo>
  <TransInfo Description="Rough Beach to Planks(WE) AC" HashKey="171717858517171785">
    <MapTiles>
      <MapTile TileID="662" AltIDMod="0" />
    </MapTiles>
    <StaticTiles />
  </TransInfo>
  <TransInfo Description="Rough Beach to Planks(WE) AC" HashKey="858585178517851785">
    <MapTiles>
      <MapTile TileID="662" AltIDMod="0" />
    </MapTiles>
    <StaticTiles />
  </TransInfo>
  <TransInfo Description="Rough Beach to Planks(WE) NWA" HashKey="858517858585851785">
    <MapTiles>
      <MapTile TileID="679" AltIDMod="0" />
    </MapTiles>
    <StaticTiles />
  </TransInfo>
  <TransInfo Description="Rough Beach to Planks(WE) AC" HashKey="851785178517171785">
    <MapTiles>
      <MapTile TileID="662" AltIDMod="0" />
    </MapTiles>
    <StaticTiles />
  </TransInfo>
  <TransInfo Description="Rough Beach to Planks(WE) AC" HashKey="858517178585171785">
    <MapTiles>
      <MapTile TileID="662" AltIDMod="0" />
    </MapTiles>
    <StaticTiles />
  </TransInfo>
  <TransInfo Description="Rough Beach to Planks(WE) AC" HashKey="858517178517178585">
    <MapTiles>
      <MapTile TileID="662" AltIDMod="0" />
    </MapTiles>
    <StaticTiles />
  </TransInfo>
  <TransInfo Description="Rough Beach to Planks(WE) EW" HashKey="178585178585858585">
    <MapTiles>
      <MapTile TileID="668" AltIDMod="0" />
      <MapTile TileID="669" AltIDMod="0" />
    </MapTiles>
    <StaticTiles />
  </TransInfo>
  <TransInfo Description="Rough Beach to Planks(WE) SEA" HashKey="178517178585858585">
    <MapTiles>
      <MapTile TileID="677" AltIDMod="0" />
    </MapTiles>
    <StaticTiles />
  </TransInfo>
  <TransInfo Description="Rough Beach to Planks(WE) AC" HashKey="851785858585178517">
    <MapTiles>
      <MapTile TileID="662" AltIDMod="0" />
    </MapTiles>
    <StaticTiles />
  </TransInfo>
  <TransInfo Description="Rough Beach to Planks(WE) AC" HashKey="851717858585171785">
    <MapTiles>
      <MapTile TileID="662" AltIDMod="0" />
    </MapTiles>
    <StaticTiles />
  </TransInfo>
  <TransInfo Description="Rough Beach to Planks(WE) AC" HashKey="851717858517178585">
    <MapTiles>
      <MapTile TileID="662" AltIDMod="0" />
    </MapTiles>
    <StaticTiles />
  </TransInfo>
  <TransInfo Description="Rough Beach to Planks(WE) AC" HashKey="858517178517171717">
    <MapTiles>
      <MapTile TileID="662" AltIDMod="0" />
    </MapTiles>
    <StaticTiles />
  </TransInfo>
  <TransInfo Description="Rough Beach to Planks(WE) AC" HashKey="178585178517858517">
    <MapTiles>
      <MapTile TileID="662" AltIDMod="0" />
    </MapTiles>
    <StaticTiles />
  </TransInfo>
  <TransInfo Description="Rough Beach to Planks(WE) AC" HashKey="851717178517178517">
    <MapTiles>
      <MapTile TileID="662" AltIDMod="0" />
    </MapTiles>
    <StaticTiles />
  </TransInfo>
  <TransInfo Description="Rough Beach to Planks(WE) AC" HashKey="178585858517171785">
    <MapTiles>
      <MapTile TileID="662" AltIDMod="0" />
    </MapTiles>
    <StaticTiles />
  </TransInfo>
  <TransInfo Description="Rough Beach to Planks(WE) NWA" HashKey="858517858517851785">
    <MapTiles>
      <MapTile TileID="679" AltIDMod="0" />
    </MapTiles>
    <StaticTiles />
  </TransInfo>
  <TransInfo Description="Rough Beach to Planks(WE) AC" HashKey="171785178517858517">
    <MapTiles>
      <MapTile TileID="662" AltIDMod="0" />
    </MapTiles>
    <StaticTiles />
  </TransInfo>
  <TransInfo Description="Rough Beach to Planks(WE) NWA" HashKey="858517858517171785">
    <MapTiles>
      <MapTile TileID="679" AltIDMod="0" />
    </MapTiles>
    <StaticTiles />
  </TransInfo>
  <TransInfo Description="Rough Beach to Planks(WE) NEA" HashKey="178585178585851717">
    <MapTiles>
      <MapTile TileID="699" AltIDMod="0" />
    </MapTiles>
    <StaticTiles />
  </TransInfo>
  <TransInfo Description="Rough Beach to Planks(WE) AC" HashKey="178517178585171785">
    <MapTiles>
      <MapTile TileID="662" AltIDMod="0" />
    </MapTiles>
    <StaticTiles />
  </TransInfo>
  <TransInfo Description="Rough Beach to Planks(WE) AC" HashKey="858585178517178517">
    <MapTiles>
      <MapTile TileID="662" AltIDMod="0" />
    </MapTiles>
    <StaticTiles />
  </TransInfo>
  <TransInfo Description="Rough Beach to Planks(WE) WE" HashKey="858585858517858585">
    <MapTiles>
      <MapTile TileID="670" AltIDMod="0" />
      <MapTile TileID="671" AltIDMod="0" />
    </MapTiles>
    <StaticTiles />
  </TransInfo>
  <TransInfo Description="Rough Beach to Planks(WE) AC" HashKey="858517178517851785">
    <MapTiles>
      <MapTile TileID="662" AltIDMod="0" />
    </MapTiles>
    <StaticTiles />
  </TransInfo>
  <TransInfo Description="Rough Beach to Planks(WE) AC" HashKey="851785858585851717">
    <MapTiles>
      <MapTile TileID="662" AltIDMod="0" />
    </MapTiles>
    <StaticTiles />
  </TransInfo>
  <TransInfo Description="Rough Beach to Planks(WE) NS" HashKey="858585858585851785">
    <MapTiles>
      <MapTile TileID="666" AltIDMod="0" />
      <MapTile TileID="667" AltIDMod="0" />
    </MapTiles>
    <StaticTiles />
  </TransInfo>
  <TransInfo Description="Rough Beach to Planks(WE) AC" HashKey="178517858585171717">
    <MapTiles>
      <MapTile TileID="662" AltIDMod="0" />
    </MapTiles>
    <StaticTiles />
  </TransInfo>
  <TransInfo Description="Rough Beach to Planks(WE) AC" HashKey="178517858517178517">
    <MapTiles>
      <MapTile TileID="662" AltIDMod="0" />
    </MapTiles>
    <StaticTiles />
  </TransInfo>
  <TransInfo Description="Rough Beach to Planks(WE) AC" HashKey="171717858585178517">
    <MapTiles>
      <MapTile TileID="662" AltIDMod="0" />
    </MapTiles>
    <StaticTiles />
  </TransInfo>
  <TransInfo Description="Rough Beach to Planks(WE) AC" HashKey="851717178585171785">
    <MapTiles>
      <MapTile TileID="662" AltIDMod="0" />
    </MapTiles>
    <StaticTiles />
  </TransInfo>
  <TransInfo Description="Rough Beach to Planks(WE) AC" HashKey="851785178585171717">
    <MapTiles>
      <MapTile TileID="662" AltIDMod="0" />
    </MapTiles>
    <StaticTiles />
  </TransInfo>
  <TransInfo Description="Rough Beach to Planks(WE) SEA" HashKey="851785178585858585">
    <MapTiles>
      <MapTile TileID="677" AltIDMod="0" />
    </MapTiles>
    <StaticTiles />
  </TransInfo>
  <TransInfo Description="Rough Beach to Planks(WE) AC" HashKey="858585178517171717">
    <MapTiles>
      <MapTile TileID="662" AltIDMod="0" />
    </MapTiles>
    <StaticTiles />
  </TransInfo>
  <TransInfo Description="Rough Beach to Planks(WE) SWA" HashKey="171717858517858517">
    <MapTiles>
      <MapTile TileID="678" AltIDMod="0" />
    </MapTiles>
    <StaticTiles />
  </TransInfo>
  <TransInfo Description="Rough Beach to Planks(WE) NWA" HashKey="858585858517171785">
    <MapTiles>
      <MapTile TileID="679" AltIDMod="0" />
    </MapTiles>
    <StaticTiles />
  </TransInfo>
  <TransInfo Description="Rough Beach to Planks(WE) AC" HashKey="171785178517178585">
    <MapTiles>
      <MapTile TileID="662" AltIDMod="0" />
    </MapTiles>
    <StaticTiles />
  </TransInfo>
  <TransInfo Description="Rough Beach to Planks(WE) AC" HashKey="851717178517178585">
    <MapTiles>
      <MapTile TileID="662" AltIDMod="0" />
    </MapTiles>
    <StaticTiles />
  </TransInfo>
  <TransInfo Description="Rough Beach to Planks(WE) EW" HashKey="858585178585858585">
    <MapTiles>
      <MapTile TileID="668" AltIDMod="0" />
      <MapTile TileID="669" AltIDMod="0" />
    </MapTiles>
    <StaticTiles />
  </TransInfo>
  <TransInfo Description="Rough Beach to Planks(WE) AC" HashKey="851785858517178517">
    <MapTiles>
      <MapTile TileID="662" AltIDMod="0" />
    </MapTiles>
    <StaticTiles />
  </TransInfo>
  <TransInfo Description="Rough Beach to Planks(WE) AC" HashKey="171717858517171717">
    <MapTiles>
      <MapTile TileID="662" AltIDMod="0" />
    </MapTiles>
    <StaticTiles />
  </TransInfo>
  <TransInfo Description="Rough Beach to Planks(WE) AC" HashKey="851785178585851717">
    <MapTiles>
      <MapTile TileID="662" AltIDMod="0" />
    </MapTiles>
    <StaticTiles />
  </TransInfo>
  <TransInfo Description="Rough Beach to Planks(WE) AC" HashKey="178517858517851785">
    <MapTiles>
      <MapTile TileID="662" AltIDMod="0" />
    </MapTiles>
    <StaticTiles />
  </TransInfo>
  <TransInfo Description="Rough Beach to Planks(WE) AC" HashKey="851785858517851717">
    <MapTiles>
      <MapTile TileID="662" AltIDMod="0" />
    </MapTiles>
    <StaticTiles />
  </TransInfo>
  <TransInfo Description="Rough Beach to Planks(WE) SWA" HashKey="851717858585858517">
    <MapTiles>
      <MapTile TileID="678" AltIDMod="0" />
    </MapTiles>
    <StaticTiles />
  </TransInfo>
  <TransInfo Description="Rough Beach to Planks(WE) AC" HashKey="171717178585851717">
    <MapTiles>
      <MapTile TileID="662" AltIDMod="0" />
    </MapTiles>
    <StaticTiles />
  </TransInfo>
  <TransInfo Description="Rough Beach to Planks(WE) SWA" HashKey="178585858517858517">
    <MapTiles>
      <MapTile TileID="678" AltIDMod="0" />
    </MapTiles>
    <StaticTiles />
  </TransInfo>
  <TransInfo Description="Rough Beach to Planks(WE) AC" HashKey="171785858585171717">
    <MapTiles>
      <MapTile TileID="662" AltIDMod="0" />
    </MapTiles>
    <StaticTiles />
  </TransInfo>
  <TransInfo Description="Rough Beach to Planks(WE) AC" HashKey="171785858517178517">
    <MapTiles>
      <MapTile TileID="662" AltIDMod="0" />
    </MapTiles>
    <StaticTiles />
  </TransInfo>
  <TransInfo Description="Rough Beach to Planks(WE) NEA" HashKey="858585178585171785">
    <MapTiles>
      <MapTile TileID="699" AltIDMod="0" />
    </MapTiles>
    <StaticTiles />
  </TransInfo>
  <TransInfo Description="Rough Beach to Planks(WE) AC" HashKey="171717858517178585">
    <MapTiles>
      <MapTile TileID="662" AltIDMod="0" />
    </MapTiles>
    <StaticTiles />
  </TransInfo>
  <TransInfo Description="Rough Beach to Planks(WE) AC" HashKey="851717178585171717">
    <MapTiles>
      <MapTile TileID="662" AltIDMod="0" />
    </MapTiles>
    <StaticTiles />
  </TransInfo>
  <TransInfo Description="Rough Beach to Planks(WE) NEB" HashKey="858517858585858585">
    <MapTiles>
      <MapTile TileID="672" AltIDMod="0" />
    </MapTiles>
    <StaticTiles />
  </TransInfo>
  <TransInfo Description="Rough Beach to Planks(WE) AC" HashKey="171785858585851785">
    <MapTiles>
      <MapTile TileID="662" AltIDMod="0" />
    </MapTiles>
    <StaticTiles />
  </TransInfo>
  <TransInfo Description="Rough Beach to Planks(WE) NS" HashKey="858585858585171717">
    <MapTiles>
      <MapTile TileID="666" AltIDMod="0" />
      <MapTile TileID="667" AltIDMod="0" />
    </MapTiles>
    <StaticTiles />
  </TransInfo>
  <TransInfo Description="Rough Beach to Planks(WE) AC" HashKey="851717858517851785">
    <MapTiles>
      <MapTile TileID="662" AltIDMod="0" />
    </MapTiles>
    <StaticTiles />
  </TransInfo>
  <TransInfo Description="Rough Beach to Planks(WE) SEA" HashKey="858517178585178585">
    <MapTiles>
      <MapTile TileID="677" AltIDMod="0" />
    </MapTiles>
    <StaticTiles />
  </TransInfo>
  <TransInfo Description="Rough Beach to Planks(WE) NWA" HashKey="858517858517178585">
    <MapTiles>
      <MapTile TileID="679" AltIDMod="0" />
    </MapTiles>
    <StaticTiles />
  </TransInfo>
  <TransInfo Description="Rough Beach to Planks(WE) AC" HashKey="171785858585171785">
    <MapTiles>
      <MapTile TileID="662" AltIDMod="0" />
    </MapTiles>
    <StaticTiles />
  </TransInfo>
  <TransInfo Description="Rough Beach to Planks(WE) SEA" HashKey="851717858585178585">
    <MapTiles>
      <MapTile TileID="677" AltIDMod="0" />
    </MapTiles>
    <StaticTiles />
  </TransInfo>
  <TransInfo Description="Rough Beach to Planks(WE) AC" HashKey="171785858517851717">
    <MapTiles>
      <MapTile TileID="662" AltIDMod="0" />
    </MapTiles>
    <StaticTiles />
  </TransInfo>
  <TransInfo Description="Rough Beach to Planks(WE) NWA" HashKey="858517858585171785">
    <MapTiles>
      <MapTile TileID="679" AltIDMod="0" />
    </MapTiles>
    <StaticTiles />
  </TransInfo>
  <TransInfo Description="Rough Beach to Planks(WE) AC" HashKey="851717858517851717">
    <MapTiles>
      <MapTile TileID="662" AltIDMod="0" />
    </MapTiles>
    <StaticTiles />
  </TransInfo>
  <TransInfo Description="Rough Beach to Planks(WE) AC" HashKey="851717178585178517">
    <MapTiles>
      <MapTile TileID="662" AltIDMod="0" />
    </MapTiles>
    <StaticTiles />
  </TransInfo>
  <TransInfo Description="Rough Beach to Planks(WE) AC" HashKey="178585858517178585">
    <MapTiles>
      <MapTile TileID="662" AltIDMod="0" />
    </MapTiles>
    <StaticTiles />
  </TransInfo>
  <TransInfo Description="Rough Beach to Planks(WE) AC" HashKey="171785178585851785">
    <MapTiles>
      <MapTile TileID="662" AltIDMod="0" />
    </MapTiles>
    <StaticTiles />
  </TransInfo>
  <TransInfo Description="Rough Beach to Planks(WE) AC" HashKey="178517178585171717">
    <MapTiles>
      <MapTile TileID="662" AltIDMod="0" />
    </MapTiles>
    <StaticTiles />
  </TransInfo>
  <TransInfo Description="Rough Beach to Planks(WE) AC" HashKey="171717178585851785">
    <MapTiles>
      <MapTile TileID="662" AltIDMod="0" />
    </MapTiles>
    <StaticTiles />
  </TransInfo>
  <TransInfo Description="Rough Beach to Planks(WE) AC" HashKey="178517178517171785">
    <MapTiles>
      <MapTile TileID="662" AltIDMod="0" />
    </MapTiles>
    <StaticTiles />
  </TransInfo>
  <TransInfo Description="Rough Beach to Planks(WE) AC" HashKey="858517178517858585">
    <MapTiles>
      <MapTile TileID="662" AltIDMod="0" />
    </MapTiles>
    <StaticTiles />
  </TransInfo>
  <TransInfo Description="Rough Beach to Planks(WE) AC" HashKey="851717858517171717">
    <MapTiles>
      <MapTile TileID="662" AltIDMod="0" />
    </MapTiles>
    <StaticTiles />
  </TransInfo>
  <TransInfo Description="Rough Beach to Planks(WE) SWA" HashKey="851785858585858517">
    <MapTiles>
      <MapTile TileID="678" AltIDMod="0" />
    </MapTiles>
    <StaticTiles />
  </TransInfo>
  <TransInfo Description="Rough Beach to Planks(WE) SEA" HashKey="851785858585178585">
    <MapTiles>
      <MapTile TileID="677" AltIDMod="0" />
    </MapTiles>
    <StaticTiles />
  </TransInfo>
  <TransInfo Description="Rough Beach to Planks(WE) AC" HashKey="178517858585178517">
    <MapTiles>
      <MapTile TileID="662" AltIDMod="0" />
    </MapTiles>
    <StaticTiles />
  </TransInfo>
</Trans>