﻿<?xml version="1.0" encoding="utf-8"?>
<Trans>
  <TransInfo Description="Lava-Rock-Dungeon Cave" HashKey="1215150D0D0D0D0D0D">
    <MapTiles>
      <MapTile TileID="500" AltIDMod="0" />
      <MapTile TileID="501" AltIDMod="0" />
      <MapTile TileID="502" AltIDMod="0" />
      <MapTile TileID="503" AltIDMod="0" />
    </MapTiles>
    <StaticTiles>
      <StaticTile TileID="12943" AltIDMod="0" />
    </StaticTiles>
  </TransInfo>
  <TransInfo Description="Lava-Rock-Dungeon Cave" HashKey="120D0D120D0D121515">
    <MapTiles>
      <MapTile TileID="500" AltIDMod="0" />
      <MapTile TileID="501" AltIDMod="0" />
      <MapTile TileID="502" AltIDMod="0" />
      <MapTile TileID="503" AltIDMod="0" />
    </MapTiles>
    <StaticTiles>
      <StaticTile TileID="12955" AltIDMod="0" />
    </StaticTiles>
  </TransInfo>
  <TransInfo Description="Lava-Rock-Dungeon Cave" HashKey="0D1212151515151515">
    <MapTiles>
      <MapTile TileID="581" AltIDMod="0" />
      <MapTile TileID="582" AltIDMod="0" />
      <MapTile TileID="583" AltIDMod="0" />
      <MapTile TileID="584" AltIDMod="0" />
      <MapTile TileID="585" AltIDMod="0" />
    </MapTiles>
    <StaticTiles>
      <StaticTile TileID="12967" AltIDMod="0" />
    </StaticTiles>
  </TransInfo>
  <TransInfo Description="Lava-Rock-Dungeon Cave" HashKey="1512120D0D0D0D0D0D">
    <MapTiles>
      <MapTile TileID="500" AltIDMod="0" />
      <MapTile TileID="501" AltIDMod="0" />
      <MapTile TileID="502" AltIDMod="0" />
      <MapTile TileID="503" AltIDMod="0" />
    </MapTiles>
    <StaticTiles>
      <StaticTile TileID="12943" AltIDMod="0" />
    </StaticTiles>
  </TransInfo>
  <TransInfo Description="Lava-Rock-Dungeon Cave" HashKey="1515150D0D120D0D12">
    <MapTiles>
      <MapTile TileID="500" AltIDMod="0" />
      <MapTile TileID="501" AltIDMod="0" />
      <MapTile TileID="502" AltIDMod="0" />
      <MapTile TileID="503" AltIDMod="0" />
    </MapTiles>
    <StaticTiles>
      <StaticTile TileID="12954" AltIDMod="0" />
    </StaticTiles>
  </TransInfo>
  <TransInfo Description="Lava-Rock-Dungeon Cave" HashKey="121515121515120D0D">
    <MapTiles>
      <MapTile TileID="581" AltIDMod="0" />
      <MapTile TileID="582" AltIDMod="0" />
      <MapTile TileID="583" AltIDMod="0" />
      <MapTile TileID="584" AltIDMod="0" />
      <MapTile TileID="585" AltIDMod="0" />
    </MapTiles>
    <StaticTiles>
      <StaticTile TileID="12974" AltIDMod="0" />
      <StaticTile TileID="12975" AltIDMod="0" />
    </StaticTiles>
  </TransInfo>
  <TransInfo Description="Lava-Rock-Dungeon Cave" HashKey="1515121515120D0D12">
    <MapTiles>
      <MapTile TileID="581" AltIDMod="0" />
      <MapTile TileID="582" AltIDMod="0" />
      <MapTile TileID="583" AltIDMod="0" />
      <MapTile TileID="584" AltIDMod="0" />
      <MapTile TileID="585" AltIDMod="0" />
    </MapTiles>
    <StaticTiles>
      <StaticTile TileID="12974" AltIDMod="0" />
      <StaticTile TileID="12975" AltIDMod="0" />
    </StaticTiles>
  </TransInfo>
  <TransInfo Description="Lava-Rock-Dungeon Cave" HashKey="120D0D120D0D151515">
    <MapTiles>
      <MapTile TileID="500" AltIDMod="0" />
      <MapTile TileID="501" AltIDMod="0" />
      <MapTile TileID="502" AltIDMod="0" />
      <MapTile TileID="503" AltIDMod="0" />
    </MapTiles>
    <StaticTiles>
      <StaticTile TileID="12955" AltIDMod="0" />
    </StaticTiles>
  </TransInfo>
  <TransInfo Description="Lava-Rock-Dungeon Cave" HashKey="0D15150D1515121515">
    <MapTiles>
      <MapTile TileID="581" AltIDMod="0" />
      <MapTile TileID="582" AltIDMod="0" />
      <MapTile TileID="583" AltIDMod="0" />
      <MapTile TileID="584" AltIDMod="0" />
      <MapTile TileID="585" AltIDMod="0" />
    </MapTiles>
    <StaticTiles>
      <StaticTile TileID="12976" AltIDMod="0" />
      <StaticTile TileID="12977" AltIDMod="0" />
    </StaticTiles>
  </TransInfo>
  <TransInfo Description="Lava-Rock-Dungeon Cave" HashKey="15150D15150D151512">
    <MapTiles>
      <MapTile TileID="581" AltIDMod="0" />
      <MapTile TileID="582" AltIDMod="0" />
      <MapTile TileID="583" AltIDMod="0" />
      <MapTile TileID="584" AltIDMod="0" />
      <MapTile TileID="585" AltIDMod="0" />
    </MapTiles>
    <StaticTiles>
      <StaticTile TileID="12970" AltIDMod="0" />
    </StaticTiles>
  </TransInfo>
  <TransInfo Description="Lava-Rock-Dungeon Cave" HashKey="150D0D120D0D120D0D">
    <MapTiles>
      <MapTile TileID="500" AltIDMod="0" />
      <MapTile TileID="501" AltIDMod="0" />
      <MapTile TileID="502" AltIDMod="0" />
      <MapTile TileID="503" AltIDMod="0" />
    </MapTiles>
    <StaticTiles>
      <StaticTile TileID="12944" AltIDMod="0" />
      <StaticTile TileID="12945" AltIDMod="0" />
    </StaticTiles>
  </TransInfo>
  <TransInfo Description="Lava-Rock-Dungeon Cave" HashKey="0D0D120D0D12151512">
    <MapTiles>
      <MapTile TileID="500" AltIDMod="0" />
      <MapTile TileID="501" AltIDMod="0" />
      <MapTile TileID="502" AltIDMod="0" />
      <MapTile TileID="503" AltIDMod="0" />
    </MapTiles>
    <StaticTiles>
      <StaticTile TileID="12948" AltIDMod="0" />
    </StaticTiles>
  </TransInfo>
  <TransInfo Description="Lava-Rock-Dungeon Cave" HashKey="151515120D0D120D0D">
    <MapTiles>
      <MapTile TileID="500" AltIDMod="0" />
      <MapTile TileID="501" AltIDMod="0" />
      <MapTile TileID="502" AltIDMod="0" />
      <MapTile TileID="503" AltIDMod="0" />
    </MapTiles>
    <StaticTiles>
      <StaticTile TileID="12934" AltIDMod="0" />
    </StaticTiles>
  </TransInfo>
  <TransInfo Description="Lava-Rock-Dungeon Cave" HashKey="1215151215150D0D0D">
    <MapTiles>
      <MapTile TileID="581" AltIDMod="0" />
      <MapTile TileID="582" AltIDMod="0" />
      <MapTile TileID="583" AltIDMod="0" />
      <MapTile TileID="584" AltIDMod="0" />
      <MapTile TileID="585" AltIDMod="0" />
    </MapTiles>
    <StaticTiles>
      <StaticTile TileID="12974" AltIDMod="0" />
      <StaticTile TileID="12975" AltIDMod="0" />
    </StaticTiles>
  </TransInfo>
  <TransInfo Description="Lava-Rock-Dungeon Cave" HashKey="15150D151512151512">
    <MapTiles>
      <MapTile TileID="581" AltIDMod="0" />
      <MapTile TileID="582" AltIDMod="0" />
      <MapTile TileID="583" AltIDMod="0" />
      <MapTile TileID="584" AltIDMod="0" />
      <MapTile TileID="585" AltIDMod="0" />
    </MapTiles>
    <StaticTiles>
      <StaticTile TileID="12966" AltIDMod="0" />
    </StaticTiles>
  </TransInfo>
  <TransInfo Description="Lava-Rock-Dungeon Cave" HashKey="151515151515120D0D">
    <MapTiles>
      <MapTile TileID="581" AltIDMod="0" />
      <MapTile TileID="582" AltIDMod="0" />
      <MapTile TileID="583" AltIDMod="0" />
      <MapTile TileID="584" AltIDMod="0" />
      <MapTile TileID="585" AltIDMod="0" />
    </MapTiles>
    <StaticTiles>
      <StaticTile TileID="12974" AltIDMod="0" />
      <StaticTile TileID="12975" AltIDMod="0" />
    </StaticTiles>
  </TransInfo>
  <TransInfo Description="Lava-Rock-Dungeon Cave" HashKey="0D0D150D0D120D0D12">
    <MapTiles>
      <MapTile TileID="500" AltIDMod="0" />
      <MapTile TileID="501" AltIDMod="0" />
      <MapTile TileID="502" AltIDMod="0" />
      <MapTile TileID="503" AltIDMod="0" />
    </MapTiles>
    <StaticTiles>
      <StaticTile TileID="12946" AltIDMod="0" />
    </StaticTiles>
  </TransInfo>
  <TransInfo Description="Lava-Rock-Dungeon Cave" HashKey="15151215150D15150D">
    <MapTiles>
      <MapTile TileID="581" AltIDMod="0" />
      <MapTile TileID="582" AltIDMod="0" />
      <MapTile TileID="583" AltIDMod="0" />
      <MapTile TileID="584" AltIDMod="0" />
      <MapTile TileID="585" AltIDMod="0" />
    </MapTiles>
    <StaticTiles>
      <StaticTile TileID="12970" AltIDMod="0" />
      <StaticTile TileID="12971" AltIDMod="0" />
    </StaticTiles>
  </TransInfo>
  <TransInfo Description="Lava-Rock-Dungeon Cave" HashKey="151212150D0D150D0D">
    <MapTiles>
      <MapTile TileID="500" AltIDMod="0" />
      <MapTile TileID="501" AltIDMod="0" />
      <MapTile TileID="502" AltIDMod="0" />
      <MapTile TileID="503" AltIDMod="0" />
    </MapTiles>
    <StaticTiles>
      <StaticTile TileID="12934" AltIDMod="0" />
    </StaticTiles>
  </TransInfo>
  <TransInfo Description="Lava-Rock-Dungeon Cave" HashKey="0D0D120D0D150D0D15">
    <MapTiles>
      <MapTile TileID="500" AltIDMod="0" />
      <MapTile TileID="501" AltIDMod="0" />
      <MapTile TileID="502" AltIDMod="0" />
      <MapTile TileID="503" AltIDMod="0" />
    </MapTiles>
    <StaticTiles>
      <StaticTile TileID="12946" AltIDMod="0" />
    </StaticTiles>
  </TransInfo>
  <TransInfo Description="Lava-Rock-Dungeon Cave" HashKey="0D0D0D0D0D0D121215">
    <MapTiles>
      <MapTile TileID="500" AltIDMod="0" />
      <MapTile TileID="501" AltIDMod="0" />
      <MapTile TileID="502" AltIDMod="0" />
      <MapTile TileID="503" AltIDMod="0" />
    </MapTiles>
    <StaticTiles>
      <StaticTile TileID="12941" AltIDMod="0" />
    </StaticTiles>
  </TransInfo>
  <TransInfo Description="Lava-Rock-Dungeon Cave" HashKey="0D0D150D0D15121212">
    <MapTiles>
      <MapTile TileID="500" AltIDMod="0" />
      <MapTile TileID="501" AltIDMod="0" />
      <MapTile TileID="502" AltIDMod="0" />
      <MapTile TileID="503" AltIDMod="0" />
    </MapTiles>
    <StaticTiles>
      <StaticTile TileID="12948" AltIDMod="0" />
    </StaticTiles>
  </TransInfo>
  <TransInfo Description="Lava-Rock-Dungeon Cave" HashKey="0D0D120D0D120D0D15">
    <MapTiles>
      <MapTile TileID="500" AltIDMod="0" />
      <MapTile TileID="501" AltIDMod="0" />
      <MapTile TileID="502" AltIDMod="0" />
      <MapTile TileID="503" AltIDMod="0" />
    </MapTiles>
    <StaticTiles>
      <StaticTile TileID="12946" AltIDMod="0" />
    </StaticTiles>
  </TransInfo>
  <TransInfo Description="Lava-Rock-Dungeon Cave" HashKey="1212120D15150D1515">
    <MapTiles>
      <MapTile TileID="581" AltIDMod="0" />
      <MapTile TileID="582" AltIDMod="0" />
      <MapTile TileID="583" AltIDMod="0" />
      <MapTile TileID="584" AltIDMod="0" />
      <MapTile TileID="585" AltIDMod="0" />
    </MapTiles>
    <StaticTiles>
      <StaticTile TileID="12977" AltIDMod="0" />
    </StaticTiles>
  </TransInfo>
  <TransInfo Description="Lava-Rock-Dungeon Cave" HashKey="0D0D120D0D12151515">
    <MapTiles>
      <MapTile TileID="500" AltIDMod="0" />
      <MapTile TileID="501" AltIDMod="0" />
      <MapTile TileID="502" AltIDMod="0" />
      <MapTile TileID="503" AltIDMod="0" />
    </MapTiles>
    <StaticTiles>
      <StaticTile TileID="12948" AltIDMod="0" />
    </StaticTiles>
  </TransInfo>
  <TransInfo Description="Lava-Rock-Dungeon Cave" HashKey="0D0D0D0D0D0D151512">
    <MapTiles>
      <MapTile TileID="500" AltIDMod="0" />
      <MapTile TileID="501" AltIDMod="0" />
      <MapTile TileID="502" AltIDMod="0" />
      <MapTile TileID="503" AltIDMod="0" />
    </MapTiles>
    <StaticTiles>
      <StaticTile TileID="12941" AltIDMod="0" />
    </StaticTiles>
  </TransInfo>
  <TransInfo Description="Lava-Rock-Dungeon Cave" HashKey="15150D15150D12120D">
    <MapTiles>
      <MapTile TileID="581" AltIDMod="0" />
      <MapTile TileID="582" AltIDMod="0" />
      <MapTile TileID="583" AltIDMod="0" />
      <MapTile TileID="584" AltIDMod="0" />
      <MapTile TileID="585" AltIDMod="0" />
    </MapTiles>
    <StaticTiles>
      <StaticTile TileID="12970" AltIDMod="0" />
      <StaticTile TileID="12971" AltIDMod="0" />
    </StaticTiles>
  </TransInfo>
  <TransInfo Description="Lava-Rock-Dungeon Cave" HashKey="121515120D0D120D0D">
    <MapTiles>
      <MapTile TileID="500" AltIDMod="0" />
      <MapTile TileID="501" AltIDMod="0" />
      <MapTile TileID="502" AltIDMod="0" />
      <MapTile TileID="503" AltIDMod="0" />
    </MapTiles>
    <StaticTiles>
      <StaticTile TileID="12934" AltIDMod="0" />
    </StaticTiles>
  </TransInfo>
  <TransInfo Description="Lava-Rock-Dungeon Cave" HashKey="12120D15150D15150D">
    <MapTiles>
      <MapTile TileID="581" AltIDMod="0" />
      <MapTile TileID="582" AltIDMod="0" />
      <MapTile TileID="583" AltIDMod="0" />
      <MapTile TileID="584" AltIDMod="0" />
      <MapTile TileID="585" AltIDMod="0" />
    </MapTiles>
    <StaticTiles>
      <StaticTile TileID="12970" AltIDMod="0" />
      <StaticTile TileID="12971" AltIDMod="0" />
    </StaticTiles>
  </TransInfo>
  <TransInfo Description="Lava-Rock-Dungeon Cave" HashKey="150D0D150D0D151212">
    <MapTiles>
      <MapTile TileID="500" AltIDMod="0" />
      <MapTile TileID="501" AltIDMod="0" />
      <MapTile TileID="502" AltIDMod="0" />
      <MapTile TileID="503" AltIDMod="0" />
    </MapTiles>
    <StaticTiles>
      <StaticTile TileID="12955" AltIDMod="0" />
    </StaticTiles>
  </TransInfo>
  <TransInfo Description="Lava-Rock-Dungeon Cave" HashKey="1515120D0D0D0D0D0D">
    <MapTiles>
      <MapTile TileID="500" AltIDMod="0" />
      <MapTile TileID="501" AltIDMod="0" />
      <MapTile TileID="502" AltIDMod="0" />
      <MapTile TileID="503" AltIDMod="0" />
    </MapTiles>
    <StaticTiles>
      <StaticTile TileID="12943" AltIDMod="0" />
    </StaticTiles>
  </TransInfo>
  <TransInfo Description="Lava-Rock-Dungeon Cave" HashKey="120D0D120D0D150D0D">
    <MapTiles>
      <MapTile TileID="500" AltIDMod="0" />
      <MapTile TileID="501" AltIDMod="0" />
      <MapTile TileID="502" AltIDMod="0" />
      <MapTile TileID="503" AltIDMod="0" />
    </MapTiles>
    <StaticTiles>
      <StaticTile TileID="12944" AltIDMod="0" />
      <StaticTile TileID="12945" AltIDMod="0" />
    </StaticTiles>
  </TransInfo>
  <TransInfo Description="Lava-Rock-Dungeon Cave" HashKey="0D1515121515121515">
    <MapTiles>
      <MapTile TileID="581" AltIDMod="0" />
      <MapTile TileID="582" AltIDMod="0" />
      <MapTile TileID="583" AltIDMod="0" />
      <MapTile TileID="584" AltIDMod="0" />
      <MapTile TileID="585" AltIDMod="0" />
    </MapTiles>
    <StaticTiles>
      <StaticTile TileID="12967" AltIDMod="0" />
    </StaticTiles>
  </TransInfo>
  <TransInfo Description="Lava-Rock-Dungeon Cave" HashKey="0D0D0D0D0D0D121515">
    <MapTiles>
      <MapTile TileID="500" AltIDMod="0" />
      <MapTile TileID="501" AltIDMod="0" />
      <MapTile TileID="502" AltIDMod="0" />
      <MapTile TileID="503" AltIDMod="0" />
    </MapTiles>
    <StaticTiles>
      <StaticTile TileID="12941" AltIDMod="0" />
    </StaticTiles>
  </TransInfo>
  <TransInfo Description="Lava-Rock-Dungeon Cave" HashKey="0D0D150D0D15121215">
    <MapTiles>
      <MapTile TileID="500" AltIDMod="0" />
      <MapTile TileID="501" AltIDMod="0" />
      <MapTile TileID="502" AltIDMod="0" />
      <MapTile TileID="503" AltIDMod="0" />
    </MapTiles>
    <StaticTiles>
      <StaticTile TileID="12948" AltIDMod="0" />
    </StaticTiles>
  </TransInfo>
  <TransInfo Description="Lava-Rock-Dungeon Cave" HashKey="1515151515150D1212">
    <MapTiles>
      <MapTile TileID="581" AltIDMod="0" />
      <MapTile TileID="582" AltIDMod="0" />
      <MapTile TileID="583" AltIDMod="0" />
      <MapTile TileID="584" AltIDMod="0" />
      <MapTile TileID="585" AltIDMod="0" />
    </MapTiles>
    <StaticTiles>
      <StaticTile TileID="12969" AltIDMod="0" />
    </StaticTiles>
  </TransInfo>
  <TransInfo Description="Lava-Rock-Dungeon Cave" HashKey="0D0D0D121515121515">
    <MapTiles>
      <MapTile TileID="581" AltIDMod="0" />
      <MapTile TileID="582" AltIDMod="0" />
      <MapTile TileID="583" AltIDMod="0" />
      <MapTile TileID="584" AltIDMod="0" />
      <MapTile TileID="585" AltIDMod="0" />
    </MapTiles>
    <StaticTiles>
      <StaticTile TileID="12972" AltIDMod="0" />
      <StaticTile TileID="12973" AltIDMod="0" />
    </StaticTiles>
  </TransInfo>
  <TransInfo Description="Lava-Rock-Dungeon Cave" HashKey="150D0D150D0D120D0D">
    <MapTiles>
      <MapTile TileID="500" AltIDMod="0" />
      <MapTile TileID="501" AltIDMod="0" />
      <MapTile TileID="502" AltIDMod="0" />
      <MapTile TileID="503" AltIDMod="0" />
    </MapTiles>
    <StaticTiles>
      <StaticTile TileID="12944" AltIDMod="0" />
      <StaticTile TileID="12945" AltIDMod="0" />
    </StaticTiles>
  </TransInfo>
  <TransInfo Description="Lava-Rock-Dungeon Cave" HashKey="150D0D150D0D121212">
    <MapTiles>
      <MapTile TileID="500" AltIDMod="0" />
      <MapTile TileID="501" AltIDMod="0" />
      <MapTile TileID="502" AltIDMod="0" />
      <MapTile TileID="503" AltIDMod="0" />
    </MapTiles>
    <StaticTiles>
      <StaticTile TileID="12955" AltIDMod="0" />
    </StaticTiles>
  </TransInfo>
  <TransInfo Description="Lava-Rock-Dungeon Cave" HashKey="120D0D121515121515">
    <MapTiles>
      <MapTile TileID="581" AltIDMod="0" />
      <MapTile TileID="582" AltIDMod="0" />
      <MapTile TileID="583" AltIDMod="0" />
      <MapTile TileID="584" AltIDMod="0" />
      <MapTile TileID="585" AltIDMod="0" />
    </MapTiles>
    <StaticTiles>
      <StaticTile TileID="12972" AltIDMod="0" />
    </StaticTiles>
  </TransInfo>
  <TransInfo Description="Lava-Rock-Dungeon Cave" HashKey="1515120D0D120D0D12">
    <MapTiles>
      <MapTile TileID="500" AltIDMod="0" />
      <MapTile TileID="501" AltIDMod="0" />
      <MapTile TileID="502" AltIDMod="0" />
      <MapTile TileID="503" AltIDMod="0" />
    </MapTiles>
    <StaticTiles>
      <StaticTile TileID="12954" AltIDMod="0" />
    </StaticTiles>
  </TransInfo>
  <TransInfo Description="Lava-Rock-Dungeon Cave" HashKey="1515151515150D0D12">
    <MapTiles>
      <MapTile TileID="581" AltIDMod="0" />
      <MapTile TileID="582" AltIDMod="0" />
      <MapTile TileID="583" AltIDMod="0" />
      <MapTile TileID="584" AltIDMod="0" />
      <MapTile TileID="585" AltIDMod="0" />
    </MapTiles>
    <StaticTiles>
      <StaticTile TileID="12974" AltIDMod="0" />
      <StaticTile TileID="12975" AltIDMod="0" />
    </StaticTiles>
  </TransInfo>
  <TransInfo Description="Lava-Rock-Dungeon Cave" HashKey="1215151215150D1515">
    <MapTiles>
      <MapTile TileID="581" AltIDMod="0" />
      <MapTile TileID="582" AltIDMod="0" />
      <MapTile TileID="583" AltIDMod="0" />
      <MapTile TileID="584" AltIDMod="0" />
      <MapTile TileID="585" AltIDMod="0" />
    </MapTiles>
    <StaticTiles>
      <StaticTile TileID="12969" AltIDMod="0" />
    </StaticTiles>
  </TransInfo>
  <TransInfo Description="Lava-Rock-Dungeon Cave" HashKey="0D15150D1515121212">
    <MapTiles>
      <MapTile TileID="581" AltIDMod="0" />
      <MapTile TileID="582" AltIDMod="0" />
      <MapTile TileID="583" AltIDMod="0" />
      <MapTile TileID="584" AltIDMod="0" />
      <MapTile TileID="585" AltIDMod="0" />
    </MapTiles>
    <StaticTiles>
      <StaticTile TileID="12976" AltIDMod="0" />
      <StaticTile TileID="12977" AltIDMod="0" />
    </StaticTiles>
  </TransInfo>
  <TransInfo Description="Lava-Rock-Dungeon Cave" HashKey="0D0D12151512151512">
    <MapTiles>
      <MapTile TileID="581" AltIDMod="0" />
      <MapTile TileID="582" AltIDMod="0" />
      <MapTile TileID="583" AltIDMod="0" />
      <MapTile TileID="584" AltIDMod="0" />
      <MapTile TileID="585" AltIDMod="0" />
    </MapTiles>
    <StaticTiles>
      <StaticTile TileID="12972" AltIDMod="0" />
      <StaticTile TileID="12973" AltIDMod="0" />
    </StaticTiles>
  </TransInfo>
  <TransInfo Description="Lava-Rock-Dungeon Cave" HashKey="1212120D0D150D0D15">
    <MapTiles>
      <MapTile TileID="500" AltIDMod="0" />
      <MapTile TileID="501" AltIDMod="0" />
      <MapTile TileID="502" AltIDMod="0" />
      <MapTile TileID="503" AltIDMod="0" />
    </MapTiles>
    <StaticTiles>
      <StaticTile TileID="12954" AltIDMod="0" />
    </StaticTiles>
  </TransInfo>
  <TransInfo Description="Lava-Rock-Dungeon Cave" HashKey="120D0D151515151515">
    <MapTiles>
      <MapTile TileID="581" AltIDMod="0" />
      <MapTile TileID="582" AltIDMod="0" />
      <MapTile TileID="583" AltIDMod="0" />
      <MapTile TileID="584" AltIDMod="0" />
      <MapTile TileID="585" AltIDMod="0" />
    </MapTiles>
    <StaticTiles>
      <StaticTile TileID="12972" AltIDMod="0" />
    </StaticTiles>
  </TransInfo>
  <TransInfo Description="Lava-Rock-Dungeon Cave" HashKey="0D0D150D0D150D0D12">
    <MapTiles>
      <MapTile TileID="500" AltIDMod="0" />
      <MapTile TileID="501" AltIDMod="0" />
      <MapTile TileID="502" AltIDMod="0" />
      <MapTile TileID="503" AltIDMod="0" />
    </MapTiles>
    <StaticTiles>
      <StaticTile TileID="12946" AltIDMod="0" />
    </StaticTiles>
  </TransInfo>
  <TransInfo Description="Lava-Rock-Dungeon Cave" HashKey="120D0D150D0D150D0D">
    <MapTiles>
      <MapTile TileID="500" AltIDMod="0" />
      <MapTile TileID="501" AltIDMod="0" />
      <MapTile TileID="502" AltIDMod="0" />
      <MapTile TileID="503" AltIDMod="0" />
    </MapTiles>
    <StaticTiles>
      <StaticTile TileID="12944" AltIDMod="0" />
      <StaticTile TileID="12945" AltIDMod="0" />
    </StaticTiles>
  </TransInfo>
  <TransInfo Description="Lava-Rock-Dungeon Cave" HashKey="0D12120D15150D1515">
    <MapTiles>
      <MapTile TileID="581" AltIDMod="0" />
      <MapTile TileID="582" AltIDMod="0" />
      <MapTile TileID="583" AltIDMod="0" />
      <MapTile TileID="584" AltIDMod="0" />
      <MapTile TileID="585" AltIDMod="0" />
    </MapTiles>
    <StaticTiles>
      <StaticTile TileID="12976" AltIDMod="0" />
      <StaticTile TileID="12977" AltIDMod="0" />
    </StaticTiles>
  </TransInfo>
  <TransInfo Description="Lava-Rock-Dungeon Cave" HashKey="1212150D0D150D0D15">
    <MapTiles>
      <MapTile TileID="500" AltIDMod="0" />
      <MapTile TileID="501" AltIDMod="0" />
      <MapTile TileID="502" AltIDMod="0" />
      <MapTile TileID="503" AltIDMod="0" />
    </MapTiles>
    <StaticTiles>
      <StaticTile TileID="12954" AltIDMod="0" />
    </StaticTiles>
  </TransInfo>
  <TransInfo Description="Lava-Rock-Dungeon Cave" HashKey="1515121515120D0D0D">
    <MapTiles>
      <MapTile TileID="581" AltIDMod="0" />
      <MapTile TileID="582" AltIDMod="0" />
      <MapTile TileID="583" AltIDMod="0" />
      <MapTile TileID="584" AltIDMod="0" />
      <MapTile TileID="585" AltIDMod="0" />
    </MapTiles>
    <StaticTiles>
      <StaticTile TileID="12974" AltIDMod="0" />
      <StaticTile TileID="12975" AltIDMod="0" />
    </StaticTiles>
  </TransInfo>
  <TransInfo Description="Lava-Rock-Dungeon Cave" HashKey="15151215151215150D">
    <MapTiles>
      <MapTile TileID="581" AltIDMod="0" />
      <MapTile TileID="582" AltIDMod="0" />
      <MapTile TileID="583" AltIDMod="0" />
      <MapTile TileID="584" AltIDMod="0" />
      <MapTile TileID="585" AltIDMod="0" />
    </MapTiles>
    <StaticTiles>
      <StaticTile TileID="12968" AltIDMod="0" />
    </StaticTiles>
  </TransInfo>
  <TransInfo Description="Lava-Rock-Dungeon Cave" HashKey="15150D15150D121212">
    <MapTiles>
      <MapTile TileID="581" AltIDMod="0" />
      <MapTile TileID="582" AltIDMod="0" />
      <MapTile TileID="583" AltIDMod="0" />
      <MapTile TileID="584" AltIDMod="0" />
      <MapTile TileID="585" AltIDMod="0" />
    </MapTiles>
    <StaticTiles>
      <StaticTile TileID="12970" AltIDMod="0" />
    </StaticTiles>
  </TransInfo>
  <TransInfo Description="Lava-Rock-Dungeon Cave" HashKey="1212150D0D0D0D0D0D">
    <MapTiles>
      <MapTile TileID="500" AltIDMod="0" />
      <MapTile TileID="501" AltIDMod="0" />
      <MapTile TileID="502" AltIDMod="0" />
      <MapTile TileID="503" AltIDMod="0" />
    </MapTiles>
    <StaticTiles>
      <StaticTile TileID="12943" AltIDMod="0" />
    </StaticTiles>
  </TransInfo>
  <TransInfo Description="Lava-Rock-Dungeon Cave" HashKey="12120D151515151515">
    <MapTiles>
      <MapTile TileID="581" AltIDMod="0" />
      <MapTile TileID="582" AltIDMod="0" />
      <MapTile TileID="583" AltIDMod="0" />
      <MapTile TileID="584" AltIDMod="0" />
      <MapTile TileID="585" AltIDMod="0" />
    </MapTiles>
    <StaticTiles>
      <StaticTile TileID="12966" AltIDMod="0" />
    </StaticTiles>
  </TransInfo>
  <TransInfo Description="Lava-Rock-Dungeon Cave" HashKey="12121215150D15150D">
    <MapTiles>
      <MapTile TileID="581" AltIDMod="0" />
      <MapTile TileID="582" AltIDMod="0" />
      <MapTile TileID="583" AltIDMod="0" />
      <MapTile TileID="584" AltIDMod="0" />
      <MapTile TileID="585" AltIDMod="0" />
    </MapTiles>
    <StaticTiles>
      <StaticTile TileID="12970" AltIDMod="0" />
      <StaticTile TileID="12971" AltIDMod="0" />
    </StaticTiles>
  </TransInfo>
  <TransInfo Description="Lava-Rock-Dungeon Cave" HashKey="0D0D0D0D0D0D151212">
    <MapTiles>
      <MapTile TileID="500" AltIDMod="0" />
      <MapTile TileID="501" AltIDMod="0" />
      <MapTile TileID="502" AltIDMod="0" />
      <MapTile TileID="503" AltIDMod="0" />
    </MapTiles>
    <StaticTiles>
      <StaticTile TileID="12941" AltIDMod="0" />
    </StaticTiles>
  </TransInfo>
  <TransInfo Description="Lava-Rock-Dungeon Cave" HashKey="0D15150D15150D1212">
    <MapTiles>
      <MapTile TileID="581" AltIDMod="0" />
      <MapTile TileID="582" AltIDMod="0" />
      <MapTile TileID="583" AltIDMod="0" />
      <MapTile TileID="584" AltIDMod="0" />
      <MapTile TileID="585" AltIDMod="0" />
    </MapTiles>
    <StaticTiles>
      <StaticTile TileID="12976" AltIDMod="0" />
      <StaticTile TileID="12977" AltIDMod="0" />
    </StaticTiles>
  </TransInfo>
  <TransInfo Description="Lava-Rock-Dungeon Cave" HashKey="121212150D0D150D0D">
    <MapTiles>
      <MapTile TileID="500" AltIDMod="0" />
      <MapTile TileID="501" AltIDMod="0" />
      <MapTile TileID="502" AltIDMod="0" />
      <MapTile TileID="503" AltIDMod="0" />
    </MapTiles>
    <StaticTiles>
      <StaticTile TileID="12934" AltIDMod="0" />
    </StaticTiles>
  </TransInfo>
  <TransInfo Description="Lava-Rock-Dungeon Cave" HashKey="15151515151512120D">
    <MapTiles>
      <MapTile TileID="581" AltIDMod="0" />
      <MapTile TileID="582" AltIDMod="0" />
      <MapTile TileID="583" AltIDMod="0" />
      <MapTile TileID="584" AltIDMod="0" />
      <MapTile TileID="585" AltIDMod="0" />
    </MapTiles>
    <StaticTiles>
      <StaticTile TileID="12968" AltIDMod="0" />
    </StaticTiles>
  </TransInfo>
  <TransInfo Description="Lava-Rock-Dungeon Cave" HashKey="1215150D15150D1515">
    <MapTiles>
      <MapTile TileID="581" AltIDMod="0" />
      <MapTile TileID="582" AltIDMod="0" />
      <MapTile TileID="583" AltIDMod="0" />
      <MapTile TileID="584" AltIDMod="0" />
      <MapTile TileID="585" AltIDMod="0" />
    </MapTiles>
    <StaticTiles>
      <StaticTile TileID="12977" AltIDMod="0" />
    </StaticTiles>
  </TransInfo>
  <TransInfo Description="Lava-Rock-Dungeon Cave" HashKey="0D0D0D151512151512">
    <MapTiles>
      <MapTile TileID="581" AltIDMod="0" />
      <MapTile TileID="582" AltIDMod="0" />
      <MapTile TileID="583" AltIDMod="0" />
      <MapTile TileID="584" AltIDMod="0" />
      <MapTile TileID="585" AltIDMod="0" />
    </MapTiles>
    <StaticTiles>
      <StaticTile TileID="12972" AltIDMod="0" />
      <StaticTile TileID="12973" AltIDMod="0" />
    </StaticTiles>
  </TransInfo>
  <TransInfo Description="Lava-Rock-Dungeon Cave" HashKey="0D0D12151515151515">
    <MapTiles>
      <MapTile TileID="581" AltIDMod="0" />
      <MapTile TileID="582" AltIDMod="0" />
      <MapTile TileID="583" AltIDMod="0" />
      <MapTile TileID="584" AltIDMod="0" />
      <MapTile TileID="585" AltIDMod="0" />
    </MapTiles>
    <StaticTiles>
      <StaticTile TileID="12972" AltIDMod="0" />
      <StaticTile TileID="12973" AltIDMod="0" />
    </StaticTiles>
  </TransInfo>
</Trans>