﻿<?xml version="1.0" encoding="utf-8"?>
<Trans>
  <TransInfo Description="Lava Depth To Rock" HashKey="12124B124B4B4B4B4B">
    <MapTiles>
      <MapTile TileID="500" AltIDMod="0" />
      <MapTile TileID="501" AltIDMod="0" />
      <MapTile TileID="502" AltIDMod="0" />
      <MapTile TileID="503" AltIDMod="0" />
    </MapTiles>
    <StaticTiles>
      <StaticTile TileID="12934" AltIDMod="0" />
    </StaticTiles>
  </TransInfo>
  <TransInfo Description="Lava Depth To Rock" HashKey="12124B4B4B4B124B4B">
    <MapTiles>
      <MapTile TileID="500" AltIDMod="0" />
      <MapTile TileID="501" AltIDMod="0" />
      <MapTile TileID="502" AltIDMod="0" />
      <MapTile TileID="503" AltIDMod="0" />
    </MapTiles>
    <StaticTiles>
      <StaticTile TileID="12934" AltIDMod="0" />
    </StaticTiles>
  </TransInfo>
  <TransInfo Description="Lava Depth To Rock" HashKey="4B12124B4B124B4B12">
    <MapTiles>
      <MapTile TileID="500" AltIDMod="0" />
      <MapTile TileID="501" AltIDMod="0" />
      <MapTile TileID="502" AltIDMod="0" />
      <MapTile TileID="503" AltIDMod="0" />
    </MapTiles>
    <StaticTiles>
      <StaticTile TileID="12954" AltIDMod="0" />
    </StaticTiles>
  </TransInfo>
  <TransInfo Description="Lava Depth To Rock" HashKey="124B4B4B4B4B124B4B">
    <MapTiles>
      <MapTile TileID="500" AltIDMod="0" />
      <MapTile TileID="501" AltIDMod="0" />
      <MapTile TileID="502" AltIDMod="0" />
      <MapTile TileID="503" AltIDMod="0" />
    </MapTiles>
    <StaticTiles>
      <StaticTile TileID="12944" AltIDMod="0" />
      <StaticTile TileID="12945" AltIDMod="0" />
    </StaticTiles>
  </TransInfo>
  <TransInfo Description="Lava Depth To Rock" HashKey="4B4B4B4B4B4B4B1212">
    <MapTiles>
      <MapTile TileID="500" AltIDMod="0" />
      <MapTile TileID="501" AltIDMod="0" />
      <MapTile TileID="502" AltIDMod="0" />
      <MapTile TileID="503" AltIDMod="0" />
    </MapTiles>
    <StaticTiles>
      <StaticTile TileID="12941" AltIDMod="0" />
    </StaticTiles>
  </TransInfo>
  <TransInfo Description="Lava Depth To Rock" HashKey="4B4B4B124B4B4B124B">
    <MapTiles>
      <MapTile TileID="500" AltIDMod="0" />
      <MapTile TileID="501" AltIDMod="0" />
      <MapTile TileID="502" AltIDMod="0" />
      <MapTile TileID="503" AltIDMod="0" />
    </MapTiles>
    <StaticTiles>
      <StaticTile TileID="12955" AltIDMod="0" />
    </StaticTiles>
  </TransInfo>
  <TransInfo Description="Lava Depth To Rock" HashKey="4B4B4B4B4B12124B12">
    <MapTiles>
      <MapTile TileID="500" AltIDMod="0" />
      <MapTile TileID="501" AltIDMod="0" />
      <MapTile TileID="502" AltIDMod="0" />
      <MapTile TileID="503" AltIDMod="0" />
    </MapTiles>
    <StaticTiles>
      <StaticTile TileID="12948" AltIDMod="0" />
    </StaticTiles>
  </TransInfo>
  <TransInfo Description="Lava Depth To Rock" HashKey="124B12124B4B124B4B">
    <MapTiles>
      <MapTile TileID="500" AltIDMod="0" />
      <MapTile TileID="501" AltIDMod="0" />
      <MapTile TileID="502" AltIDMod="0" />
      <MapTile TileID="503" AltIDMod="0" />
    </MapTiles>
    <StaticTiles>
      <StaticTile TileID="12934" AltIDMod="0" />
    </StaticTiles>
  </TransInfo>
  <TransInfo Description="Lava Depth To Rock" HashKey="124B4B4B4B4B12124B">
    <MapTiles>
      <MapTile TileID="500" AltIDMod="0" />
      <MapTile TileID="501" AltIDMod="0" />
      <MapTile TileID="502" AltIDMod="0" />
      <MapTile TileID="503" AltIDMod="0" />
    </MapTiles>
    <StaticTiles>
      <StaticTile TileID="12955" AltIDMod="0" />
    </StaticTiles>
  </TransInfo>
  <TransInfo Description="Lava Depth To Rock" HashKey="4B4B4B124B4B124B4B">
    <MapTiles>
      <MapTile TileID="500" AltIDMod="0" />
      <MapTile TileID="501" AltIDMod="0" />
      <MapTile TileID="502" AltIDMod="0" />
      <MapTile TileID="503" AltIDMod="0" />
    </MapTiles>
    <StaticTiles>
      <StaticTile TileID="12944" AltIDMod="0" />
      <StaticTile TileID="12945" AltIDMod="0" />
    </StaticTiles>
  </TransInfo>
  <TransInfo Description="Lava Depth To Rock" HashKey="124B4B124B4B124B12">
    <MapTiles>
      <MapTile TileID="500" AltIDMod="0" />
      <MapTile TileID="501" AltIDMod="0" />
      <MapTile TileID="502" AltIDMod="0" />
      <MapTile TileID="503" AltIDMod="0" />
    </MapTiles>
    <StaticTiles>
      <StaticTile TileID="12955" AltIDMod="0" />
    </StaticTiles>
  </TransInfo>
  <TransInfo Description="Lava Depth To Rock" HashKey="12124B4B4B124B4B4B">
    <MapTiles>
      <MapTile TileID="500" AltIDMod="0" />
      <MapTile TileID="501" AltIDMod="0" />
      <MapTile TileID="502" AltIDMod="0" />
      <MapTile TileID="503" AltIDMod="0" />
    </MapTiles>
    <StaticTiles>
      <StaticTile TileID="12954" AltIDMod="0" />
    </StaticTiles>
  </TransInfo>
  <TransInfo Description="Lava Depth To Rock" HashKey="4B4B4B4B4B4B12124B">
    <MapTiles>
      <MapTile TileID="500" AltIDMod="0" />
      <MapTile TileID="501" AltIDMod="0" />
      <MapTile TileID="502" AltIDMod="0" />
      <MapTile TileID="503" AltIDMod="0" />
    </MapTiles>
    <StaticTiles>
      <StaticTile TileID="12941" AltIDMod="0" />
    </StaticTiles>
  </TransInfo>
  <TransInfo Description="Lava Depth To Rock" HashKey="1212124B4B4B124B4B">
    <MapTiles>
      <MapTile TileID="500" AltIDMod="0" />
      <MapTile TileID="501" AltIDMod="0" />
      <MapTile TileID="502" AltIDMod="0" />
      <MapTile TileID="503" AltIDMod="0" />
    </MapTiles>
    <StaticTiles>
      <StaticTile TileID="12934" AltIDMod="0" />
    </StaticTiles>
  </TransInfo>
  <TransInfo Description="Lava Depth To Rock" HashKey="4B4B4B124B4B121212">
    <MapTiles>
      <MapTile TileID="500" AltIDMod="0" />
      <MapTile TileID="501" AltIDMod="0" />
      <MapTile TileID="502" AltIDMod="0" />
      <MapTile TileID="503" AltIDMod="0" />
    </MapTiles>
    <StaticTiles>
      <StaticTile TileID="12955" AltIDMod="0" />
    </StaticTiles>
  </TransInfo>
  <TransInfo Description="Lava Depth To Rock" HashKey="4B4B4B124B4B4B4B12">
    <MapTiles>
      <MapTile TileID="500" AltIDMod="0" />
      <MapTile TileID="501" AltIDMod="0" />
      <MapTile TileID="502" AltIDMod="0" />
      <MapTile TileID="503" AltIDMod="0" />
    </MapTiles>
    <StaticTiles>
      <StaticTile TileID="12955" AltIDMod="0" />
    </StaticTiles>
  </TransInfo>
  <TransInfo Description="Lava Depth To Rock" HashKey="121212124B4B4B4B4B">
    <MapTiles>
      <MapTile TileID="500" AltIDMod="0" />
      <MapTile TileID="501" AltIDMod="0" />
      <MapTile TileID="502" AltIDMod="0" />
      <MapTile TileID="503" AltIDMod="0" />
    </MapTiles>
    <StaticTiles>
      <StaticTile TileID="12934" AltIDMod="0" />
    </StaticTiles>
  </TransInfo>
  <TransInfo Description="Lava Depth To Rock" HashKey="4B4B124B4B124B124B">
    <MapTiles>
      <MapTile TileID="500" AltIDMod="0" />
      <MapTile TileID="501" AltIDMod="0" />
      <MapTile TileID="502" AltIDMod="0" />
      <MapTile TileID="503" AltIDMod="0" />
    </MapTiles>
    <StaticTiles>
      <StaticTile TileID="12948" AltIDMod="0" />
    </StaticTiles>
  </TransInfo>
  <TransInfo Description="Lava Depth To Rock" HashKey="4B12124B4B4B4B4B12">
    <MapTiles>
      <MapTile TileID="500" AltIDMod="0" />
      <MapTile TileID="501" AltIDMod="0" />
      <MapTile TileID="502" AltIDMod="0" />
      <MapTile TileID="503" AltIDMod="0" />
    </MapTiles>
    <StaticTiles>
      <StaticTile TileID="12954" AltIDMod="0" />
    </StaticTiles>
  </TransInfo>
  <TransInfo Description="Lava Depth To Rock" HashKey="4B4B4B4B4B124B124B">
    <MapTiles>
      <MapTile TileID="500" AltIDMod="0" />
      <MapTile TileID="501" AltIDMod="0" />
      <MapTile TileID="502" AltIDMod="0" />
      <MapTile TileID="503" AltIDMod="0" />
    </MapTiles>
    <StaticTiles>
      <StaticTile TileID="12948" AltIDMod="0" />
    </StaticTiles>
  </TransInfo>
  <TransInfo Description="Lava Depth To Rock" HashKey="12124B4B4B4B4B4B12">
    <MapTiles>
      <MapTile TileID="500" AltIDMod="0" />
      <MapTile TileID="501" AltIDMod="0" />
      <MapTile TileID="502" AltIDMod="0" />
      <MapTile TileID="503" AltIDMod="0" />
    </MapTiles>
    <StaticTiles>
      <StaticTile TileID="12954" AltIDMod="0" />
    </StaticTiles>
  </TransInfo>
  <TransInfo Description="Lava Depth To Rock" HashKey="4B4B124B4B12124B12">
    <MapTiles>
      <MapTile TileID="500" AltIDMod="0" />
      <MapTile TileID="501" AltIDMod="0" />
      <MapTile TileID="502" AltIDMod="0" />
      <MapTile TileID="503" AltIDMod="0" />
    </MapTiles>
    <StaticTiles>
      <StaticTile TileID="12948" AltIDMod="0" />
    </StaticTiles>
  </TransInfo>
  <TransInfo Description="Lava Depth To Rock" HashKey="124B4B4B4B4B124B12">
    <MapTiles>
      <MapTile TileID="500" AltIDMod="0" />
      <MapTile TileID="501" AltIDMod="0" />
      <MapTile TileID="502" AltIDMod="0" />
      <MapTile TileID="503" AltIDMod="0" />
    </MapTiles>
    <StaticTiles>
      <StaticTile TileID="12955" AltIDMod="0" />
    </StaticTiles>
  </TransInfo>
  <TransInfo Description="Lava Depth To Rock" HashKey="124B4B124B4B4B124B">
    <MapTiles>
      <MapTile TileID="500" AltIDMod="0" />
      <MapTile TileID="501" AltIDMod="0" />
      <MapTile TileID="502" AltIDMod="0" />
      <MapTile TileID="503" AltIDMod="0" />
    </MapTiles>
    <StaticTiles>
      <StaticTile TileID="12955" AltIDMod="0" />
    </StaticTiles>
  </TransInfo>
  <TransInfo Description="Lava Depth To Rock" HashKey="124B4B4B4B124B4B12">
    <MapTiles>
      <MapTile TileID="500" AltIDMod="0" />
      <MapTile TileID="501" AltIDMod="0" />
      <MapTile TileID="502" AltIDMod="0" />
      <MapTile TileID="503" AltIDMod="0" />
    </MapTiles>
    <StaticTiles>
      <StaticTile TileID="12954" AltIDMod="0" />
    </StaticTiles>
  </TransInfo>
  <TransInfo Description="Lava Depth To Rock" HashKey="4B4B124B4B4B4B4B12">
    <MapTiles>
      <MapTile TileID="500" AltIDMod="0" />
      <MapTile TileID="501" AltIDMod="0" />
      <MapTile TileID="502" AltIDMod="0" />
      <MapTile TileID="503" AltIDMod="0" />
    </MapTiles>
    <StaticTiles>
      <StaticTile TileID="12946" AltIDMod="0" />
    </StaticTiles>
  </TransInfo>
  <TransInfo Description="Lava Depth To Rock" HashKey="4B4B4B4B4B12124B4B">
    <MapTiles>
      <MapTile TileID="500" AltIDMod="0" />
      <MapTile TileID="501" AltIDMod="0" />
      <MapTile TileID="502" AltIDMod="0" />
      <MapTile TileID="503" AltIDMod="0" />
    </MapTiles>
    <StaticTiles>
      <StaticTile TileID="12948" AltIDMod="0" />
    </StaticTiles>
  </TransInfo>
  <TransInfo Description="Lava Depth To Rock" HashKey="4B4B12124B4B124B4B">
    <MapTiles>
      <MapTile TileID="500" AltIDMod="0" />
      <MapTile TileID="501" AltIDMod="0" />
      <MapTile TileID="502" AltIDMod="0" />
      <MapTile TileID="503" AltIDMod="0" />
    </MapTiles>
    <StaticTiles>
      <StaticTile TileID="12934" AltIDMod="0" />
    </StaticTiles>
  </TransInfo>
  <TransInfo Description="Lava Depth To Rock" HashKey="4B12124B4B4B124B4B">
    <MapTiles>
      <MapTile TileID="500" AltIDMod="0" />
      <MapTile TileID="501" AltIDMod="0" />
      <MapTile TileID="502" AltIDMod="0" />
      <MapTile TileID="503" AltIDMod="0" />
    </MapTiles>
    <StaticTiles>
      <StaticTile TileID="12934" AltIDMod="0" />
    </StaticTiles>
  </TransInfo>
  <TransInfo Description="Lava Depth To Rock" HashKey="124B124B4B124B4B4B">
    <MapTiles>
      <MapTile TileID="500" AltIDMod="0" />
      <MapTile TileID="501" AltIDMod="0" />
      <MapTile TileID="502" AltIDMod="0" />
      <MapTile TileID="503" AltIDMod="0" />
    </MapTiles>
    <StaticTiles>
      <StaticTile TileID="12954" AltIDMod="0" />
    </StaticTiles>
  </TransInfo>
  <TransInfo Description="Lava Depth To Rock" HashKey="4B124B4B4B124B4B4B">
    <MapTiles>
      <MapTile TileID="500" AltIDMod="0" />
      <MapTile TileID="501" AltIDMod="0" />
      <MapTile TileID="502" AltIDMod="0" />
      <MapTile TileID="503" AltIDMod="0" />
    </MapTiles>
    <StaticTiles>
      <StaticTile TileID="12954" AltIDMod="0" />
    </StaticTiles>
  </TransInfo>
  <TransInfo Description="Lava Depth To Rock" HashKey="4B4B124B4B4B4B4B4B">
    <MapTiles>
      <MapTile TileID="500" AltIDMod="0" />
      <MapTile TileID="501" AltIDMod="0" />
      <MapTile TileID="502" AltIDMod="0" />
      <MapTile TileID="503" AltIDMod="0" />
    </MapTiles>
    <StaticTiles>
      <StaticTile TileID="12939" AltIDMod="0" />
    </StaticTiles>
  </TransInfo>
  <TransInfo Description="Lava Depth To Rock" HashKey="4B1212124B4B4B4B4B">
    <MapTiles>
      <MapTile TileID="500" AltIDMod="0" />
      <MapTile TileID="501" AltIDMod="0" />
      <MapTile TileID="502" AltIDMod="0" />
      <MapTile TileID="503" AltIDMod="0" />
    </MapTiles>
    <StaticTiles>
      <StaticTile TileID="12934" AltIDMod="0" />
    </StaticTiles>
  </TransInfo>
  <TransInfo Description="Lava Depth To Rock" HashKey="4B4B4B4B4B12121212">
    <MapTiles>
      <MapTile TileID="500" AltIDMod="0" />
      <MapTile TileID="501" AltIDMod="0" />
      <MapTile TileID="502" AltIDMod="0" />
      <MapTile TileID="503" AltIDMod="0" />
    </MapTiles>
    <StaticTiles>
      <StaticTile TileID="12948" AltIDMod="0" />
    </StaticTiles>
  </TransInfo>
  <TransInfo Description="Lava Depth To Rock" HashKey="4B4B4B4B4B124B4B12">
    <MapTiles>
      <MapTile TileID="500" AltIDMod="0" />
      <MapTile TileID="501" AltIDMod="0" />
      <MapTile TileID="502" AltIDMod="0" />
      <MapTile TileID="503" AltIDMod="0" />
    </MapTiles>
    <StaticTiles>
      <StaticTile TileID="12946" AltIDMod="0" />
    </StaticTiles>
  </TransInfo>
  <TransInfo Description="Lava Depth To Rock" HashKey="12124B124B4B124B4B">
    <MapTiles>
      <MapTile TileID="500" AltIDMod="0" />
      <MapTile TileID="501" AltIDMod="0" />
      <MapTile TileID="502" AltIDMod="0" />
      <MapTile TileID="503" AltIDMod="0" />
    </MapTiles>
    <StaticTiles>
      <StaticTile TileID="12934" AltIDMod="0" />
    </StaticTiles>
  </TransInfo>
  <TransInfo Description="Lava Depth To Rock" HashKey="4B4B124B4B12124B4B">
    <MapTiles>
      <MapTile TileID="500" AltIDMod="0" />
      <MapTile TileID="501" AltIDMod="0" />
      <MapTile TileID="502" AltIDMod="0" />
      <MapTile TileID="503" AltIDMod="0" />
    </MapTiles>
    <StaticTiles>
      <StaticTile TileID="12948" AltIDMod="0" />
    </StaticTiles>
  </TransInfo>
  <TransInfo Description="Lava Depth To Rock" HashKey="4B4B124B4B4B124B12">
    <MapTiles>
      <MapTile TileID="500" AltIDMod="0" />
      <MapTile TileID="501" AltIDMod="0" />
      <MapTile TileID="502" AltIDMod="0" />
      <MapTile TileID="503" AltIDMod="0" />
    </MapTiles>
    <StaticTiles>
      <StaticTile TileID="12948" AltIDMod="0" />
    </StaticTiles>
  </TransInfo>
  <TransInfo Description="Lava Depth To Rock" HashKey="4B4B124B4B124B4B12">
    <MapTiles>
      <MapTile TileID="500" AltIDMod="0" />
      <MapTile TileID="501" AltIDMod="0" />
      <MapTile TileID="502" AltIDMod="0" />
      <MapTile TileID="503" AltIDMod="0" />
    </MapTiles>
    <StaticTiles>
      <StaticTile TileID="12946" AltIDMod="0" />
    </StaticTiles>
  </TransInfo>
  <TransInfo Description="Lava Depth To Rock" HashKey="124B4B124B4B124B4B">
    <MapTiles>
      <MapTile TileID="500" AltIDMod="0" />
      <MapTile TileID="501" AltIDMod="0" />
      <MapTile TileID="502" AltIDMod="0" />
      <MapTile TileID="503" AltIDMod="0" />
    </MapTiles>
    <StaticTiles>
      <StaticTile TileID="12944" AltIDMod="0" />
      <StaticTile TileID="12945" AltIDMod="0" />
    </StaticTiles>
  </TransInfo>
  <TransInfo Description="Lava Depth To Rock" HashKey="4B12124B4B4B4B4B4B">
    <MapTiles>
      <MapTile TileID="500" AltIDMod="0" />
      <MapTile TileID="501" AltIDMod="0" />
      <MapTile TileID="502" AltIDMod="0" />
      <MapTile TileID="503" AltIDMod="0" />
    </MapTiles>
    <StaticTiles>
      <StaticTile TileID="12943" AltIDMod="0" />
    </StaticTiles>
  </TransInfo>
  <TransInfo Description="Lava Depth To Rock" HashKey="4B124B4B4B4B4B4B4B">
    <MapTiles>
      <MapTile TileID="500" AltIDMod="0" />
      <MapTile TileID="501" AltIDMod="0" />
      <MapTile TileID="502" AltIDMod="0" />
      <MapTile TileID="503" AltIDMod="0" />
    </MapTiles>
    <StaticTiles>
      <StaticTile TileID="12943" AltIDMod="0" />
    </StaticTiles>
  </TransInfo>
  <TransInfo Description="Lava Depth To Rock" HashKey="124B124B4B4B4B4B4B">
    <MapTiles>
      <MapTile TileID="500" AltIDMod="0" />
      <MapTile TileID="501" AltIDMod="0" />
      <MapTile TileID="502" AltIDMod="0" />
      <MapTile TileID="503" AltIDMod="0" />
    </MapTiles>
    <StaticTiles>
      <StaticTile TileID="12943" AltIDMod="0" />
    </StaticTiles>
  </TransInfo>
  <TransInfo Description="Lava Depth To Rock" HashKey="12124B4B4B4B4B4B4B">
    <MapTiles>
      <MapTile TileID="500" AltIDMod="0" />
      <MapTile TileID="501" AltIDMod="0" />
      <MapTile TileID="502" AltIDMod="0" />
      <MapTile TileID="503" AltIDMod="0" />
    </MapTiles>
    <StaticTiles>
      <StaticTile TileID="12943" AltIDMod="0" />
    </StaticTiles>
  </TransInfo>
  <TransInfo Description="Lava Depth To Rock" HashKey="4B4B4B4B4B124B1212">
    <MapTiles>
      <MapTile TileID="500" AltIDMod="0" />
      <MapTile TileID="501" AltIDMod="0" />
      <MapTile TileID="502" AltIDMod="0" />
      <MapTile TileID="503" AltIDMod="0" />
    </MapTiles>
    <StaticTiles>
      <StaticTile TileID="12948" AltIDMod="0" />
    </StaticTiles>
  </TransInfo>
  <TransInfo Description="Lava Depth To Rock" HashKey="124B4B124B4B4B4B12">
    <MapTiles>
      <MapTile TileID="500" AltIDMod="0" />
      <MapTile TileID="501" AltIDMod="0" />
      <MapTile TileID="502" AltIDMod="0" />
      <MapTile TileID="503" AltIDMod="0" />
    </MapTiles>
    <StaticTiles>
      <StaticTile TileID="12955" AltIDMod="0" />
    </StaticTiles>
  </TransInfo>
  <TransInfo Description="Lava Depth To Rock" HashKey="124B4B4B4B124B4B4B">
    <MapTiles>
      <MapTile TileID="500" AltIDMod="0" />
      <MapTile TileID="501" AltIDMod="0" />
      <MapTile TileID="502" AltIDMod="0" />
      <MapTile TileID="503" AltIDMod="0" />
    </MapTiles>
    <StaticTiles>
      <StaticTile TileID="12954" AltIDMod="0" />
    </StaticTiles>
  </TransInfo>
  <TransInfo Description="Lava Depth To Rock" HashKey="124B4B4B4B4B4B1212">
    <MapTiles>
      <MapTile TileID="500" AltIDMod="0" />
      <MapTile TileID="501" AltIDMod="0" />
      <MapTile TileID="502" AltIDMod="0" />
      <MapTile TileID="503" AltIDMod="0" />
    </MapTiles>
    <StaticTiles>
      <StaticTile TileID="12955" AltIDMod="0" />
    </StaticTiles>
  </TransInfo>
  <TransInfo Description="Lava Depth To Rock" HashKey="4B12124B4B124B4B4B">
    <MapTiles>
      <MapTile TileID="500" AltIDMod="0" />
      <MapTile TileID="501" AltIDMod="0" />
      <MapTile TileID="502" AltIDMod="0" />
      <MapTile TileID="503" AltIDMod="0" />
    </MapTiles>
    <StaticTiles>
      <StaticTile TileID="12954" AltIDMod="0" />
    </StaticTiles>
  </TransInfo>
  <TransInfo Description="Lava Depth To Rock" HashKey="1212124B4B4B4B4B12">
    <MapTiles>
      <MapTile TileID="500" AltIDMod="0" />
      <MapTile TileID="501" AltIDMod="0" />
      <MapTile TileID="502" AltIDMod="0" />
      <MapTile TileID="503" AltIDMod="0" />
    </MapTiles>
    <StaticTiles>
      <StaticTile TileID="12954" AltIDMod="0" />
    </StaticTiles>
  </TransInfo>
  <TransInfo Description="Lava Depth To Rock" HashKey="4B4B4B4B4B4B4B124B">
    <MapTiles>
      <MapTile TileID="500" AltIDMod="0" />
      <MapTile TileID="501" AltIDMod="0" />
      <MapTile TileID="502" AltIDMod="0" />
      <MapTile TileID="503" AltIDMod="0" />
    </MapTiles>
    <StaticTiles>
      <StaticTile TileID="12941" AltIDMod="0" />
    </StaticTiles>
  </TransInfo>
  <TransInfo Description="Lava Depth To Rock" HashKey="4B124B124B4B124B4B">
    <MapTiles>
      <MapTile TileID="500" AltIDMod="0" />
      <MapTile TileID="501" AltIDMod="0" />
      <MapTile TileID="502" AltIDMod="0" />
      <MapTile TileID="503" AltIDMod="0" />
    </MapTiles>
    <StaticTiles>
      <StaticTile TileID="12934" AltIDMod="0" />
    </StaticTiles>
  </TransInfo>
  <TransInfo Description="Lava Depth To Rock" HashKey="4B4B12124B4B4B4B4B">
    <MapTiles>
      <MapTile TileID="500" AltIDMod="0" />
      <MapTile TileID="501" AltIDMod="0" />
      <MapTile TileID="502" AltIDMod="0" />
      <MapTile TileID="503" AltIDMod="0" />
    </MapTiles>
    <StaticTiles>
      <StaticTile TileID="12934" AltIDMod="0" />
    </StaticTiles>
  </TransInfo>
  <TransInfo Description="Lava Depth To Rock" HashKey="4B4B124B4B12121212">
    <MapTiles>
      <MapTile TileID="500" AltIDMod="0" />
      <MapTile TileID="501" AltIDMod="0" />
      <MapTile TileID="502" AltIDMod="0" />
      <MapTile TileID="503" AltIDMod="0" />
    </MapTiles>
    <StaticTiles>
      <StaticTile TileID="12948" AltIDMod="0" />
    </StaticTiles>
  </TransInfo>
  <TransInfo Description="Lava Depth To Rock" HashKey="1212124B4B4B4B4B4B">
    <MapTiles>
      <MapTile TileID="500" AltIDMod="0" />
      <MapTile TileID="501" AltIDMod="0" />
      <MapTile TileID="502" AltIDMod="0" />
      <MapTile TileID="503" AltIDMod="0" />
    </MapTiles>
    <StaticTiles>
      <StaticTile TileID="12943" AltIDMod="0" />
    </StaticTiles>
  </TransInfo>
  <TransInfo Description="Lava Depth To Rock" HashKey="4B4B124B4B124B4B4B">
    <MapTiles>
      <MapTile TileID="500" AltIDMod="0" />
      <MapTile TileID="501" AltIDMod="0" />
      <MapTile TileID="502" AltIDMod="0" />
      <MapTile TileID="503" AltIDMod="0" />
    </MapTiles>
    <StaticTiles>
      <StaticTile TileID="12946" AltIDMod="0" />
    </StaticTiles>
  </TransInfo>
  <TransInfo Description="Lava Depth To Rock" HashKey="4B4B4B4B4B4B124B12">
    <MapTiles>
      <MapTile TileID="500" AltIDMod="0" />
      <MapTile TileID="501" AltIDMod="0" />
      <MapTile TileID="502" AltIDMod="0" />
      <MapTile TileID="503" AltIDMod="0" />
    </MapTiles>
    <StaticTiles>
      <StaticTile TileID="12941" AltIDMod="0" />
    </StaticTiles>
  </TransInfo>
  <TransInfo Description="Lava Depth To Rock" HashKey="4B4B124B4B4B4B1212">
    <MapTiles>
      <MapTile TileID="500" AltIDMod="0" />
      <MapTile TileID="501" AltIDMod="0" />
      <MapTile TileID="502" AltIDMod="0" />
      <MapTile TileID="503" AltIDMod="0" />
    </MapTiles>
    <StaticTiles>
      <StaticTile TileID="12948" AltIDMod="0" />
    </StaticTiles>
  </TransInfo>
  <TransInfo Description="Lava Depth To Rock" HashKey="4B4B4B4B4B4B124B4B">
    <MapTiles>
      <MapTile TileID="500" AltIDMod="0" />
      <MapTile TileID="501" AltIDMod="0" />
      <MapTile TileID="502" AltIDMod="0" />
      <MapTile TileID="503" AltIDMod="0" />
    </MapTiles>
    <StaticTiles>
      <StaticTile TileID="12938" AltIDMod="0" />
    </StaticTiles>
  </TransInfo>
  <TransInfo Description="Lava Depth To Rock" HashKey="12124B4B4B124B4B12">
    <MapTiles>
      <MapTile TileID="500" AltIDMod="0" />
      <MapTile TileID="501" AltIDMod="0" />
      <MapTile TileID="502" AltIDMod="0" />
      <MapTile TileID="503" AltIDMod="0" />
    </MapTiles>
    <StaticTiles>
      <StaticTile TileID="12954" AltIDMod="0" />
    </StaticTiles>
  </TransInfo>
  <TransInfo Description="Lava Depth To Rock" HashKey="124B12124B4B4B4B4B">
    <MapTiles>
      <MapTile TileID="500" AltIDMod="0" />
      <MapTile TileID="501" AltIDMod="0" />
      <MapTile TileID="502" AltIDMod="0" />
      <MapTile TileID="503" AltIDMod="0" />
    </MapTiles>
    <StaticTiles>
      <StaticTile TileID="12934" AltIDMod="0" />
    </StaticTiles>
  </TransInfo>
  <TransInfo Description="Lava Depth To Rock" HashKey="1212124B4B124B4B12">
    <MapTiles>
      <MapTile TileID="500" AltIDMod="0" />
      <MapTile TileID="501" AltIDMod="0" />
      <MapTile TileID="502" AltIDMod="0" />
      <MapTile TileID="503" AltIDMod="0" />
    </MapTiles>
    <StaticTiles>
      <StaticTile TileID="12954" AltIDMod="0" />
    </StaticTiles>
  </TransInfo>
  <TransInfo Description="Lava Depth To Rock" HashKey="124B124B4B124B4B12">
    <MapTiles>
      <MapTile TileID="500" AltIDMod="0" />
      <MapTile TileID="501" AltIDMod="0" />
      <MapTile TileID="502" AltIDMod="0" />
      <MapTile TileID="503" AltIDMod="0" />
    </MapTiles>
    <StaticTiles>
      <StaticTile TileID="12954" AltIDMod="0" />
    </StaticTiles>
  </TransInfo>
  <TransInfo Description="Lava Depth To Rock" HashKey="4B4B124B4B124B1212">
    <MapTiles>
      <MapTile TileID="500" AltIDMod="0" />
      <MapTile TileID="501" AltIDMod="0" />
      <MapTile TileID="502" AltIDMod="0" />
      <MapTile TileID="503" AltIDMod="0" />
    </MapTiles>
    <StaticTiles>
      <StaticTile TileID="12948" AltIDMod="0" />
    </StaticTiles>
  </TransInfo>
  <TransInfo Description="Lava Depth To Rock" HashKey="124B4B124B4B121212">
    <MapTiles>
      <MapTile TileID="500" AltIDMod="0" />
      <MapTile TileID="501" AltIDMod="0" />
      <MapTile TileID="502" AltIDMod="0" />
      <MapTile TileID="503" AltIDMod="0" />
    </MapTiles>
    <StaticTiles>
      <StaticTile TileID="12955" AltIDMod="0" />
    </StaticTiles>
  </TransInfo>
  <TransInfo Description="Lava Depth To Rock" HashKey="124B124B4B4B4B4B12">
    <MapTiles>
      <MapTile TileID="500" AltIDMod="0" />
      <MapTile TileID="501" AltIDMod="0" />
      <MapTile TileID="502" AltIDMod="0" />
      <MapTile TileID="503" AltIDMod="0" />
    </MapTiles>
    <StaticTiles>
      <StaticTile TileID="12954" AltIDMod="0" />
    </StaticTiles>
  </TransInfo>
  <TransInfo Description="Lava Depth To Rock" HashKey="4B4B4B124B4B12124B">
    <MapTiles>
      <MapTile TileID="500" AltIDMod="0" />
      <MapTile TileID="501" AltIDMod="0" />
      <MapTile TileID="502" AltIDMod="0" />
      <MapTile TileID="503" AltIDMod="0" />
    </MapTiles>
    <StaticTiles>
      <StaticTile TileID="12955" AltIDMod="0" />
    </StaticTiles>
  </TransInfo>
  <TransInfo Description="Lava Depth To Rock" HashKey="124B4B124B4B4B4B4B">
    <MapTiles>
      <MapTile TileID="500" AltIDMod="0" />
      <MapTile TileID="501" AltIDMod="0" />
      <MapTile TileID="502" AltIDMod="0" />
      <MapTile TileID="503" AltIDMod="0" />
    </MapTiles>
    <StaticTiles>
      <StaticTile TileID="12944" AltIDMod="0" />
      <StaticTile TileID="12945" AltIDMod="0" />
    </StaticTiles>
  </TransInfo>
  <TransInfo Description="Lava Depth To Rock" HashKey="4B4B4B124B4B4B4B4B">
    <MapTiles>
      <MapTile TileID="500" AltIDMod="0" />
      <MapTile TileID="501" AltIDMod="0" />
      <MapTile TileID="502" AltIDMod="0" />
      <MapTile TileID="503" AltIDMod="0" />
    </MapTiles>
    <StaticTiles>
      <StaticTile TileID="12944" AltIDMod="0" />
      <StaticTile TileID="12945" AltIDMod="0" />
    </StaticTiles>
  </TransInfo>
  <TransInfo Description="Lava Depth To Rock" HashKey="124B4B4B4B4B4B124B">
    <MapTiles>
      <MapTile TileID="500" AltIDMod="0" />
      <MapTile TileID="501" AltIDMod="0" />
      <MapTile TileID="502" AltIDMod="0" />
      <MapTile TileID="503" AltIDMod="0" />
    </MapTiles>
    <StaticTiles>
      <StaticTile TileID="12955" AltIDMod="0" />
    </StaticTiles>
  </TransInfo>
  <TransInfo Description="Lava Depth To Rock" HashKey="4B1212124B4B124B4B">
    <MapTiles>
      <MapTile TileID="500" AltIDMod="0" />
      <MapTile TileID="501" AltIDMod="0" />
      <MapTile TileID="502" AltIDMod="0" />
      <MapTile TileID="503" AltIDMod="0" />
    </MapTiles>
    <StaticTiles>
      <StaticTile TileID="12934" AltIDMod="0" />
    </StaticTiles>
  </TransInfo>
  <TransInfo Description="Lava Depth To Rock" HashKey="4B124B4B4B124B4B12">
    <MapTiles>
      <MapTile TileID="500" AltIDMod="0" />
      <MapTile TileID="501" AltIDMod="0" />
      <MapTile TileID="502" AltIDMod="0" />
      <MapTile TileID="503" AltIDMod="0" />
    </MapTiles>
    <StaticTiles>
      <StaticTile TileID="12954" AltIDMod="0" />
    </StaticTiles>
  </TransInfo>
  <TransInfo Description="Lava Depth To Rock" HashKey="124B4B124B4B4B1212">
    <MapTiles>
      <MapTile TileID="500" AltIDMod="0" />
      <MapTile TileID="501" AltIDMod="0" />
      <MapTile TileID="502" AltIDMod="0" />
      <MapTile TileID="503" AltIDMod="0" />
    </MapTiles>
    <StaticTiles>
      <StaticTile TileID="12955" AltIDMod="0" />
    </StaticTiles>
  </TransInfo>
  <TransInfo Description="Lava Depth To Rock" HashKey="124B4B4B4B4B121212">
    <MapTiles>
      <MapTile TileID="500" AltIDMod="0" />
      <MapTile TileID="501" AltIDMod="0" />
      <MapTile TileID="502" AltIDMod="0" />
      <MapTile TileID="503" AltIDMod="0" />
    </MapTiles>
    <StaticTiles>
      <StaticTile TileID="12955" AltIDMod="0" />
    </StaticTiles>
  </TransInfo>
  <TransInfo Description="Lava Depth To Rock" HashKey="121212124B4B124B4B">
    <MapTiles>
      <MapTile TileID="500" AltIDMod="0" />
      <MapTile TileID="501" AltIDMod="0" />
      <MapTile TileID="502" AltIDMod="0" />
      <MapTile TileID="503" AltIDMod="0" />
    </MapTiles>
    <StaticTiles>
      <StaticTile TileID="12934" AltIDMod="0" />
    </StaticTiles>
  </TransInfo>
  <TransInfo Description="Lava Depth To Rock" HashKey="4B4B124B4B1212124B">
    <MapTiles>
      <MapTile TileID="500" AltIDMod="0" />
      <MapTile TileID="501" AltIDMod="0" />
      <MapTile TileID="502" AltIDMod="0" />
      <MapTile TileID="503" AltIDMod="0" />
    </MapTiles>
    <StaticTiles>
      <StaticTile TileID="12948" AltIDMod="0" />
    </StaticTiles>
  </TransInfo>
  <TransInfo Description="Lava Depth To Rock" HashKey="4B4B124B4B4B4B124B">
    <MapTiles>
      <MapTile TileID="500" AltIDMod="0" />
      <MapTile TileID="501" AltIDMod="0" />
      <MapTile TileID="502" AltIDMod="0" />
      <MapTile TileID="503" AltIDMod="0" />
    </MapTiles>
    <StaticTiles>
      <StaticTile TileID="12948" AltIDMod="0" />
    </StaticTiles>
  </TransInfo>
  <TransInfo Description="Lava Depth To Rock" HashKey="4B124B4B4B4B124B4B">
    <MapTiles>
      <MapTile TileID="500" AltIDMod="0" />
      <MapTile TileID="501" AltIDMod="0" />
      <MapTile TileID="502" AltIDMod="0" />
      <MapTile TileID="503" AltIDMod="0" />
    </MapTiles>
    <StaticTiles>
      <StaticTile TileID="12934" AltIDMod="0" />
    </StaticTiles>
  </TransInfo>
  <TransInfo Description="Lava Depth To Rock" HashKey="4B4B4B124B4B124B12">
    <MapTiles>
      <MapTile TileID="500" AltIDMod="0" />
      <MapTile TileID="501" AltIDMod="0" />
      <MapTile TileID="502" AltIDMod="0" />
      <MapTile TileID="503" AltIDMod="0" />
    </MapTiles>
    <StaticTiles>
      <StaticTile TileID="12955" AltIDMod="0" />
    </StaticTiles>
  </TransInfo>
  <TransInfo Description="Lava Depth To Rock" HashKey="124B4B4B4B4B4B4B4B">
    <MapTiles>
      <MapTile TileID="500" AltIDMod="0" />
      <MapTile TileID="501" AltIDMod="0" />
      <MapTile TileID="502" AltIDMod="0" />
      <MapTile TileID="503" AltIDMod="0" />
    </MapTiles>
    <StaticTiles>
      <StaticTile TileID="12937" AltIDMod="0" />
    </StaticTiles>
  </TransInfo>
  <TransInfo Description="Lava Depth To Rock" HashKey="4B4B4B4B4B4B4B4B12">
    <MapTiles>
      <MapTile TileID="500" AltIDMod="0" />
      <MapTile TileID="501" AltIDMod="0" />
      <MapTile TileID="502" AltIDMod="0" />
      <MapTile TileID="503" AltIDMod="0" />
    </MapTiles>
    <StaticTiles>
      <StaticTile TileID="12936" AltIDMod="0" />
    </StaticTiles>
  </TransInfo>
  <TransInfo Description="Lava Depth To Rock" HashKey="4B4B4B4B4B1212124B">
    <MapTiles>
      <MapTile TileID="500" AltIDMod="0" />
      <MapTile TileID="501" AltIDMod="0" />
      <MapTile TileID="502" AltIDMod="0" />
      <MapTile TileID="503" AltIDMod="0" />
    </MapTiles>
    <StaticTiles>
      <StaticTile TileID="12948" AltIDMod="0" />
    </StaticTiles>
  </TransInfo>
  <TransInfo Description="Lava Depth To Rock" HashKey="4B4B4B4B4B124B4B4B">
    <MapTiles>
      <MapTile TileID="500" AltIDMod="0" />
      <MapTile TileID="501" AltIDMod="0" />
      <MapTile TileID="502" AltIDMod="0" />
      <MapTile TileID="503" AltIDMod="0" />
    </MapTiles>
    <StaticTiles>
      <StaticTile TileID="12946" AltIDMod="0" />
    </StaticTiles>
  </TransInfo>
  <TransInfo Description="Lava Depth To Rock" HashKey="124B4B124B4B12124B">
    <MapTiles>
      <MapTile TileID="500" AltIDMod="0" />
      <MapTile TileID="501" AltIDMod="0" />
      <MapTile TileID="502" AltIDMod="0" />
      <MapTile TileID="503" AltIDMod="0" />
    </MapTiles>
    <StaticTiles>
      <StaticTile TileID="12955" AltIDMod="0" />
    </StaticTiles>
  </TransInfo>
  <TransInfo Description="Lava Depth To Rock" HashKey="4B4B124B4B4B121212">
    <MapTiles>
      <MapTile TileID="500" AltIDMod="0" />
      <MapTile TileID="501" AltIDMod="0" />
      <MapTile TileID="502" AltIDMod="0" />
      <MapTile TileID="503" AltIDMod="0" />
    </MapTiles>
    <StaticTiles>
      <StaticTile TileID="12948" AltIDMod="0" />
    </StaticTiles>
  </TransInfo>
  <TransInfo Description="Lava Depth To Rock" HashKey="4B124B4B4B4B4B4B12">
    <MapTiles>
      <MapTile TileID="500" AltIDMod="0" />
      <MapTile TileID="501" AltIDMod="0" />
      <MapTile TileID="502" AltIDMod="0" />
      <MapTile TileID="503" AltIDMod="0" />
    </MapTiles>
    <StaticTiles>
      <StaticTile TileID="12954" AltIDMod="0" />
    </StaticTiles>
  </TransInfo>
  <TransInfo Description="Lava Depth To Rock" HashKey="124B124B4B4B124B4B">
    <MapTiles>
      <MapTile TileID="500" AltIDMod="0" />
      <MapTile TileID="501" AltIDMod="0" />
      <MapTile TileID="502" AltIDMod="0" />
      <MapTile TileID="503" AltIDMod="0" />
    </MapTiles>
    <StaticTiles>
      <StaticTile TileID="12934" AltIDMod="0" />
    </StaticTiles>
  </TransInfo>
  <TransInfo Description="Lava Depth To Rock" HashKey="1212124B4B124B4B4B">
    <MapTiles>
      <MapTile TileID="500" AltIDMod="0" />
      <MapTile TileID="501" AltIDMod="0" />
      <MapTile TileID="502" AltIDMod="0" />
      <MapTile TileID="503" AltIDMod="0" />
    </MapTiles>
    <StaticTiles>
      <StaticTile TileID="12954" AltIDMod="0" />
    </StaticTiles>
  </TransInfo>
  <TransInfo Description="Lava Depth To Rock" HashKey="4B124B124B4B4B4B4B">
    <MapTiles>
      <MapTile TileID="500" AltIDMod="0" />
      <MapTile TileID="501" AltIDMod="0" />
      <MapTile TileID="502" AltIDMod="0" />
      <MapTile TileID="503" AltIDMod="0" />
    </MapTiles>
    <StaticTiles>
      <StaticTile TileID="12934" AltIDMod="0" />
    </StaticTiles>
  </TransInfo>
  <TransInfo Description="Lava Depth To Rock" HashKey="4B4B4B124B4B4B1212">
    <MapTiles>
      <MapTile TileID="500" AltIDMod="0" />
      <MapTile TileID="501" AltIDMod="0" />
      <MapTile TileID="502" AltIDMod="0" />
      <MapTile TileID="503" AltIDMod="0" />
    </MapTiles>
    <StaticTiles>
      <StaticTile TileID="12955" AltIDMod="0" />
    </StaticTiles>
  </TransInfo>
  <TransInfo Description="Lava Depth To Rock" HashKey="4B4B4B4B4B4B121212">
    <MapTiles>
      <MapTile TileID="500" AltIDMod="0" />
      <MapTile TileID="501" AltIDMod="0" />
      <MapTile TileID="502" AltIDMod="0" />
      <MapTile TileID="503" AltIDMod="0" />
    </MapTiles>
    <StaticTiles>
      <StaticTile TileID="12941" AltIDMod="0" />
    </StaticTiles>
  </TransInfo>
  <TransInfo Description="Lava Depth To Rock" HashKey="4B4B124B4B4B12124B">
    <MapTiles>
      <MapTile TileID="500" AltIDMod="0" />
      <MapTile TileID="501" AltIDMod="0" />
      <MapTile TileID="502" AltIDMod="0" />
      <MapTile TileID="503" AltIDMod="0" />
    </MapTiles>
    <StaticTiles>
      <StaticTile TileID="12948" AltIDMod="0" />
    </StaticTiles>
  </TransInfo>
</Trans>