<?xml version="1.0" encoding="utf-8" ?>
<orb>
<MultiVisible>1</MultiVisible>
<multiset>
    

<Multi Index="0x00000000">Small Boat [north]</Multi> 
  <Multi Index="0x00000001">Small Boat [east]</Multi> 
  <Multi Index="0x00000002">Small Boat [south]</Multi> 
  <Multi Index="0x00000003">Small Boat [west]</Multi> 
  <Multi Index="0x00000004">Small Dragon Boat [north]</Multi> 
  <Multi Index="0x00000005">Small Dragon Boat [east]</Multi> 
  <Multi Index="0x00000006">Small Dragon Boat [south]</Multi> 
  <Multi Index="0x00000007">Small Dragon Boat [west]</Multi> 
  <Multi Index="0x00000008">Medium Boat [north]</Multi> 
  <Multi Index="0x00000009">Medium Boat [east]</Multi> 
  <Multi Index="0x0000000A">Medium Boat [south]</Multi> 
  <Multi Index="0x0000000B">Medium Boat [west]</Multi> 
  <Multi Index="0x0000000C">Medium Dragon Boat [north]</Multi> 
  <Multi Index="0x0000000D">Medium Dragon [east]</Multi> 
  <Multi Index="0x0000000E">Medium Dragon [south]</Multi> 
  <Multi Index="0x0000000F">Medium Dragon [west]</Multi> 
  <Multi Index="0x00000010">Large Boat [north]</Multi> 
  <Multi Index="0x00000011">Large Boat [east]</Multi> 
  <Multi Index="0x00000012">Large Boat [south]</Multi> 
  <Multi Index="0x00000013">Large Boat [west]</Multi> 
  <Multi Index="0x00000014">Large Dragon Boat [north]</Multi> 
  <Multi Index="0x00000015">Large Dragon Boat [east]</Multi> 
  <Multi Index="0x00000016">Large Dragon Boat [south]</Multi> 
  <Multi Index="0x00000017">Large Dragon Boat [west]</Multi> 
  <Multi Index="0x00000064">Small Stone and Plaster House</Multi> 
  <Multi Index="0x00000065">Small Stone and Plaster House</Multi> 
  <Multi Index="0x00000066">Small Fieldstone House</Multi> 
  <Multi Index="0x00000067">Small Fieldstone House</Multi> 
  <Multi Index="0x00000068">Small Brick House</Multi> 
  <Multi Index="0x00000069">Small Brick House</Multi> 
  <Multi Index="0x0000006A">Small Wood House</Multi> 
  <Multi Index="0x0000006B">Small Wood House</Multi> 
  <Multi Index="0x0000006C">Small Wood and Plaster House</Multi> 
  <Multi Index="0x0000006D">Small Wood and Plaster House</Multi> 
  <Multi Index="0x0000006E">Small Thatched Roof Cottage</Multi> 
  <Multi Index="0x0000006F">Small Thatched Roof Cottage</Multi> 
  <Multi Index="0x00000070">Tent [blue]</Multi> 
  <Multi Index="0x00000071">Tent [blue]</Multi> 
  <Multi Index="0x00000072">Tent [green]</Multi> 
  <Multi Index="0x00000073">Tent [green]</Multi> 
  <Multi Index="0x00000074">Large Brick House</Multi> 
  <Multi Index="0x00000075">Large Brick House</Multi> 
  <Multi Index="0x00000076">Two Story Wood and Plaster House</Multi> 
  <Multi Index="0x00000077">Two Story Wood and Plaster House</Multi> 
  <Multi Index="0x00000078">Two Story Stone and Plaster House</Multi> 
  <Multi Index="0x00000079">Two Story Stone and Plaster House</Multi> 
  <Multi Index="0x0000007A">Large Tower</Multi> 
  <Multi Index="0x0000007B">Large Tower</Multi> 
  <Multi Index="0x0000007C">Stone Keep</Multi> 
  <Multi Index="0x0000007D">Stone Keep</Multi> 
  <Multi Index="0x0000007E">Castle</Multi> 
  <Multi Index="0x0000007F">Castle</Multi> 
  <Multi Index="0x00000087">Large Patio House</Multi> 
  <Multi Index="0x0000008C">Large Patio House</Multi> 
  <Multi Index="0x0000008D">Large Patio House</Multi> 
  <Multi Index="0x00000096">Large Marble Patio House</Multi> 
  <Multi Index="0x00000098">Small Tower</Multi> 
  <Multi Index="0x0000009A">Log Cabin</Multi> 
  <Multi Index="0x0000009C">Sandstone Patio House</Multi> 
  <Multi Index="0x0000009E">Two-Story Villa</Multi> 
  <Multi Index="0x000000A0">Small Stone Workshop</Multi> 
  <Multi Index="0x000000A2">Small Marble Workshop</Multi> 
  <Multi Index="0x000001F4">Wandering Healer Camp</Multi> 
  <Multi Index="0x000001F5">Wandering Mage Camp</Multi> 
  <Multi Index="0x000001F6">Wandering Bank Camp</Multi> 
  <Multi Index="0x000003E8">Treasure Pile</Multi> 
  <Multi Index="0x000003E9">Treasure Pile</Multi> 
  <Multi Index="0x000003EA">Treasure Pile</Multi> 
  <Multi Index="0x000003EB">Treasure Pile</Multi> 
  <Multi Index="0x000007D0">Wooden Supports</Multi> 
  <Multi Index="0x000007D1">Wooden Supports</Multi> 
  <Multi Index="0x000007D2">Wooden Supports</Multi> 
  <Multi Index="0x000007D3">Wooden Supports</Multi> 
  <Multi Index="0x000007D4">Wooden Supports</Multi> 
  <Multi Index="0x000007D5">Wooden Supports</Multi> 
  <Multi Index="0x000007D6">Wooden Supports</Multi> 
  <Multi Index="0x000007D7">Wooden Supports</Multi> 
  <Multi Index="0x00000BB8">Farmer's Cabin</Multi> 
  <Multi Index="0x00000FA0">Exodus Generator</Multi> 
  <Multi Index="0x00000FA1">Exodus Generator</Multi> 
  <Multi Index="0x00000FA2">Exodus Control Pylon</Multi> 
  <Multi Index="0x00000FA3">Nystul's Tower (stage 1)</Multi> 
  <Multi Index="0x00000FA4">Nystul's Tower (stage 2)</Multi> 
  <Multi Index="0x00000FA5">Nystul's Tower (stage 3)</Multi> 
  <Multi Index="0x00000FA6">Nystul's Tower (stage 4)</Multi> 
  <Multi Index="0x00000FA7">Nystul's Tower (stage 5)</Multi> 
  <Multi Index="0x00000FA8">Nystul's Tower (stage 6)</Multi> 
  <Multi Index="0x00000FA9">Scaffold and Trailer</Multi> 
  <Multi Index="0x00000FAA">Exodus Energy Tower</Multi> 
  <Multi Index="0x00000FAB">Exodus Barrier</Multi> 
  <Multi Index="0x00000FAC">Exodus Control Device</Multi> 
  <Multi Index="0x00001388">Minax Stronghold</Multi> 
  <Multi Index="0x00001D4C">New Player Quest Camp</Multi>
</multiset>
</orb>
