﻿<?xml version="1.0" encoding="utf-8"?>
<Trans>
  <TransInfo Description="Dungeon Cave To Rock" HashKey="151215121515121515">
    <MapTiles>
      <MapTile TileID="559" AltIDMod="0" />
      <MapTile TileID="558" AltIDMod="0" />
      <MapTile TileID="557" AltIDMod="0" />
      <MapTile TileID="556" AltIDMod="0" />
    </MapTiles>
    <StaticTiles>
      <StaticTile TileID="1353" AltIDMod="0" />
      <StaticTile TileID="1386" AltIDMod="0" />
    </StaticTiles>
  </TransInfo>
  <TransInfo Description="Dungeon Cave To Rock" HashKey="121515151515151515">
    <MapTiles>
      <MapTile TileID="581" AltIDMod="0" />
      <MapTile TileID="582" AltIDMod="0" />
      <MapTile TileID="583" AltIDMod="0" />
      <MapTile TileID="584" AltIDMod="0" />
      <MapTile TileID="585" AltIDMod="0" />
    </MapTiles>
    <StaticTiles>
      <StaticTile TileID="1339" AltIDMod="0" />
      <StaticTile TileID="1340" AltIDMod="0" />
      <StaticTile TileID="1341" AltIDMod="0" />
      <StaticTile TileID="1342" AltIDMod="0" />
      <StaticTile TileID="1343" AltIDMod="0" />
    </StaticTiles>
  </TransInfo>
  <TransInfo Description="Dungeon Cave To Rock" HashKey="121215151515151515">
    <MapTiles>
      <MapTile TileID="556" AltIDMod="0" />
      <MapTile TileID="557" AltIDMod="0" />
      <MapTile TileID="558" AltIDMod="0" />
      <MapTile TileID="559" AltIDMod="0" />
    </MapTiles>
    <StaticTiles>
      <StaticTile TileID="1357" AltIDMod="0" />
      <StaticTile TileID="1358" AltIDMod="0" />
      <StaticTile TileID="1359" AltIDMod="0" />
    </StaticTiles>
  </TransInfo>
  <TransInfo Description="Dungeon Cave To Rock" HashKey="151515151512121212">
    <MapTiles>
      <MapTile TileID="556" AltIDMod="0" />
      <MapTile TileID="557" AltIDMod="0" />
      <MapTile TileID="558" AltIDMod="0" />
      <MapTile TileID="559" AltIDMod="0" />
    </MapTiles>
    <StaticTiles>
      <StaticTile TileID="1344" AltIDMod="0" />
      <StaticTile TileID="1361" AltIDMod="0" />
    </StaticTiles>
  </TransInfo>
  <TransInfo Description="Dungeon Cave To Rock" HashKey="151212121515121515">
    <MapTiles>
      <MapTile TileID="559" AltIDMod="0" />
      <MapTile TileID="558" AltIDMod="0" />
      <MapTile TileID="557" AltIDMod="0" />
      <MapTile TileID="556" AltIDMod="0" />
    </MapTiles>
    <StaticTiles>
      <StaticTile TileID="1353" AltIDMod="0" />
      <StaticTile TileID="1386" AltIDMod="0" />
    </StaticTiles>
  </TransInfo>
  <TransInfo Description="Dungeon Cave To Rock" HashKey="151515121515151212">
    <MapTiles>
      <MapTile TileID="556" AltIDMod="0" />
      <MapTile TileID="557" AltIDMod="0" />
      <MapTile TileID="558" AltIDMod="0" />
      <MapTile TileID="559" AltIDMod="0" />
    </MapTiles>
    <StaticTiles>
      <StaticTile TileID="1351" AltIDMod="0" />
    </StaticTiles>
  </TransInfo>
  <TransInfo Description="Dungeon Cave To Rock" HashKey="121515121515151515">
    <MapTiles>
      <MapTile TileID="559" AltIDMod="0" />
      <MapTile TileID="558" AltIDMod="0" />
      <MapTile TileID="557" AltIDMod="0" />
      <MapTile TileID="556" AltIDMod="0" />
    </MapTiles>
    <StaticTiles>
      <StaticTile TileID="1354" AltIDMod="0" />
      <StaticTile TileID="1355" AltIDMod="0" />
      <StaticTile TileID="1356" AltIDMod="0" />
    </StaticTiles>
  </TransInfo>
  <TransInfo Description="Dungeon Cave To Rock" HashKey="151515151515121515">
    <MapTiles>
      <MapTile TileID="581" AltIDMod="0" />
      <MapTile TileID="582" AltIDMod="0" />
      <MapTile TileID="583" AltIDMod="0" />
      <MapTile TileID="584" AltIDMod="0" />
      <MapTile TileID="585" AltIDMod="0" />
    </MapTiles>
    <StaticTiles>
      <StaticTile TileID="1339" AltIDMod="0" />
      <StaticTile TileID="1340" AltIDMod="0" />
      <StaticTile TileID="1341" AltIDMod="0" />
      <StaticTile TileID="1342" AltIDMod="0" />
      <StaticTile TileID="1343" AltIDMod="0" />
    </StaticTiles>
  </TransInfo>
  <TransInfo Description="Dungeon Cave To Rock" HashKey="151512151512151215">
    <MapTiles>
      <MapTile TileID="556" AltIDMod="0" />
      <MapTile TileID="557" AltIDMod="0" />
      <MapTile TileID="558" AltIDMod="0" />
      <MapTile TileID="559" AltIDMod="0" />
    </MapTiles>
    <StaticTiles>
      <StaticTile TileID="1344" AltIDMod="0" />
      <StaticTile TileID="1361" AltIDMod="0" />
    </StaticTiles>
  </TransInfo>
  <TransInfo Description="Dungeon Cave To Rock" HashKey="121512151512151512">
    <MapTiles>
      <MapTile TileID="559" AltIDMod="0" />
      <MapTile TileID="558" AltIDMod="0" />
      <MapTile TileID="557" AltIDMod="0" />
      <MapTile TileID="556" AltIDMod="0" />
    </MapTiles>
    <StaticTiles>
      <StaticTile TileID="1352" AltIDMod="0" />
      <StaticTile TileID="1363" AltIDMod="0" />
    </StaticTiles>
  </TransInfo>
  <TransInfo Description="Dungeon Cave To Rock" HashKey="151512151512151512">
    <MapTiles>
      <MapTile TileID="556" AltIDMod="0" />
      <MapTile TileID="557" AltIDMod="0" />
      <MapTile TileID="558" AltIDMod="0" />
      <MapTile TileID="559" AltIDMod="0" />
    </MapTiles>
    <StaticTiles>
      <StaticTile TileID="1348" AltIDMod="0" />
      <StaticTile TileID="1349" AltIDMod="0" />
      <StaticTile TileID="1350" AltIDMod="0" />
    </StaticTiles>
  </TransInfo>
  <TransInfo Description="Dungeon Cave To Rock" HashKey="151215151512151515">
    <MapTiles>
      <MapTile TileID="559" AltIDMod="0" />
      <MapTile TileID="558" AltIDMod="0" />
      <MapTile TileID="557" AltIDMod="0" />
      <MapTile TileID="556" AltIDMod="0" />
    </MapTiles>
    <StaticTiles>
      <StaticTile TileID="1352" AltIDMod="0" />
      <StaticTile TileID="1363" AltIDMod="0" />
    </StaticTiles>
  </TransInfo>
  <TransInfo Description="Dungeon Cave To Rock" HashKey="121212121515151515">
    <MapTiles>
      <MapTile TileID="559" AltIDMod="0" />
      <MapTile TileID="558" AltIDMod="0" />
      <MapTile TileID="557" AltIDMod="0" />
      <MapTile TileID="556" AltIDMod="0" />
    </MapTiles>
    <StaticTiles>
      <StaticTile TileID="1353" AltIDMod="0" />
      <StaticTile TileID="1386" AltIDMod="0" />
    </StaticTiles>
  </TransInfo>
  <TransInfo Description="Dungeon Cave To Rock" HashKey="151212121515151515">
    <MapTiles>
      <MapTile TileID="559" AltIDMod="0" />
      <MapTile TileID="558" AltIDMod="0" />
      <MapTile TileID="557" AltIDMod="0" />
      <MapTile TileID="556" AltIDMod="0" />
    </MapTiles>
    <StaticTiles>
      <StaticTile TileID="1353" AltIDMod="0" />
      <StaticTile TileID="1386" AltIDMod="0" />
    </StaticTiles>
  </TransInfo>
  <TransInfo Description="Dungeon Cave To Rock" HashKey="121515151512151512">
    <MapTiles>
      <MapTile TileID="559" AltIDMod="0" />
      <MapTile TileID="558" AltIDMod="0" />
      <MapTile TileID="557" AltIDMod="0" />
      <MapTile TileID="556" AltIDMod="0" />
    </MapTiles>
    <StaticTiles>
      <StaticTile TileID="1352" AltIDMod="0" />
      <StaticTile TileID="1363" AltIDMod="0" />
    </StaticTiles>
  </TransInfo>
  <TransInfo Description="Dungeon Cave To Rock" HashKey="151512151512151515">
    <MapTiles>
      <MapTile TileID="556" AltIDMod="0" />
      <MapTile TileID="557" AltIDMod="0" />
      <MapTile TileID="558" AltIDMod="0" />
      <MapTile TileID="559" AltIDMod="0" />
    </MapTiles>
    <StaticTiles>
      <StaticTile TileID="1348" AltIDMod="0" />
      <StaticTile TileID="1349" AltIDMod="0" />
      <StaticTile TileID="1350" AltIDMod="0" />
    </StaticTiles>
  </TransInfo>
  <TransInfo Description="Dungeon Cave To Rock" HashKey="121515151515121215">
    <MapTiles>
      <MapTile TileID="556" AltIDMod="0" />
      <MapTile TileID="557" AltIDMod="0" />
      <MapTile TileID="558" AltIDMod="0" />
      <MapTile TileID="559" AltIDMod="0" />
    </MapTiles>
    <StaticTiles>
      <StaticTile TileID="1351" AltIDMod="0" />
    </StaticTiles>
  </TransInfo>
  <TransInfo Description="Dungeon Cave To Rock" HashKey="121215151515121515">
    <MapTiles>
      <MapTile TileID="559" AltIDMod="0" />
      <MapTile TileID="558" AltIDMod="0" />
      <MapTile TileID="557" AltIDMod="0" />
      <MapTile TileID="556" AltIDMod="0" />
    </MapTiles>
    <StaticTiles>
      <StaticTile TileID="1353" AltIDMod="0" />
      <StaticTile TileID="1386" AltIDMod="0" />
    </StaticTiles>
  </TransInfo>
  <TransInfo Description="Dungeon Cave To Rock" HashKey="151212151515151512">
    <MapTiles>
      <MapTile TileID="559" AltIDMod="0" />
      <MapTile TileID="558" AltIDMod="0" />
      <MapTile TileID="557" AltIDMod="0" />
      <MapTile TileID="556" AltIDMod="0" />
    </MapTiles>
    <StaticTiles>
      <StaticTile TileID="1352" AltIDMod="0" />
      <StaticTile TileID="1363" AltIDMod="0" />
    </StaticTiles>
  </TransInfo>
  <TransInfo Description="Dungeon Cave To Rock" HashKey="151515121515121515">
    <MapTiles>
      <MapTile TileID="559" AltIDMod="0" />
      <MapTile TileID="558" AltIDMod="0" />
      <MapTile TileID="557" AltIDMod="0" />
      <MapTile TileID="556" AltIDMod="0" />
    </MapTiles>
    <StaticTiles>
      <StaticTile TileID="1354" AltIDMod="0" />
      <StaticTile TileID="1355" AltIDMod="0" />
      <StaticTile TileID="1356" AltIDMod="0" />
    </StaticTiles>
  </TransInfo>
  <TransInfo Description="Dungeon Cave To Rock" HashKey="121212151512151512">
    <MapTiles>
      <MapTile TileID="559" AltIDMod="0" />
      <MapTile TileID="558" AltIDMod="0" />
      <MapTile TileID="557" AltIDMod="0" />
      <MapTile TileID="556" AltIDMod="0" />
    </MapTiles>
    <StaticTiles>
      <StaticTile TileID="1352" AltIDMod="0" />
      <StaticTile TileID="1363" AltIDMod="0" />
    </StaticTiles>
  </TransInfo>
  <TransInfo Description="Dungeon Cave To Rock" HashKey="121515121515121515">
    <MapTiles>
      <MapTile TileID="559" AltIDMod="0" />
      <MapTile TileID="558" AltIDMod="0" />
      <MapTile TileID="557" AltIDMod="0" />
      <MapTile TileID="556" AltIDMod="0" />
    </MapTiles>
    <StaticTiles>
      <StaticTile TileID="1354" AltIDMod="0" />
      <StaticTile TileID="1355" AltIDMod="0" />
      <StaticTile TileID="1356" AltIDMod="0" />
    </StaticTiles>
  </TransInfo>
  <TransInfo Description="Dungeon Cave To Rock" HashKey="151515121515121215">
    <MapTiles>
      <MapTile TileID="556" AltIDMod="0" />
      <MapTile TileID="557" AltIDMod="0" />
      <MapTile TileID="558" AltIDMod="0" />
      <MapTile TileID="559" AltIDMod="0" />
    </MapTiles>
    <StaticTiles>
      <StaticTile TileID="1351" AltIDMod="0" />
    </StaticTiles>
  </TransInfo>
  <TransInfo Description="Dungeon Cave To Rock" HashKey="151515121515121512">
    <MapTiles>
      <MapTile TileID="556" AltIDMod="0" />
      <MapTile TileID="557" AltIDMod="0" />
      <MapTile TileID="558" AltIDMod="0" />
      <MapTile TileID="559" AltIDMod="0" />
    </MapTiles>
    <StaticTiles>
      <StaticTile TileID="1351" AltIDMod="0" />
    </StaticTiles>
  </TransInfo>
  <TransInfo Description="Dungeon Cave To Rock" HashKey="121515151512151515">
    <MapTiles>
      <MapTile TileID="559" AltIDMod="0" />
      <MapTile TileID="558" AltIDMod="0" />
      <MapTile TileID="557" AltIDMod="0" />
      <MapTile TileID="556" AltIDMod="0" />
    </MapTiles>
    <StaticTiles>
      <StaticTile TileID="1352" AltIDMod="0" />
      <StaticTile TileID="1363" AltIDMod="0" />
    </StaticTiles>
  </TransInfo>
  <TransInfo Description="Dungeon Cave To Rock" HashKey="151215151515151515">
    <MapTiles>
      <MapTile TileID="556" AltIDMod="0" />
      <MapTile TileID="557" AltIDMod="0" />
      <MapTile TileID="558" AltIDMod="0" />
      <MapTile TileID="559" AltIDMod="0" />
    </MapTiles>
    <StaticTiles>
      <StaticTile TileID="1357" AltIDMod="0" />
      <StaticTile TileID="1358" AltIDMod="0" />
      <StaticTile TileID="1359" AltIDMod="0" />
    </StaticTiles>
  </TransInfo>
  <TransInfo Description="Dungeon Cave To Rock" HashKey="121212121515121515">
    <MapTiles>
      <MapTile TileID="559" AltIDMod="0" />
      <MapTile TileID="558" AltIDMod="0" />
      <MapTile TileID="557" AltIDMod="0" />
      <MapTile TileID="556" AltIDMod="0" />
    </MapTiles>
    <StaticTiles>
      <StaticTile TileID="1353" AltIDMod="0" />
      <StaticTile TileID="1386" AltIDMod="0" />
    </StaticTiles>
  </TransInfo>
  <TransInfo Description="Dungeon Cave To Rock" HashKey="151515151512121215">
    <MapTiles>
      <MapTile TileID="556" AltIDMod="0" />
      <MapTile TileID="557" AltIDMod="0" />
      <MapTile TileID="558" AltIDMod="0" />
      <MapTile TileID="559" AltIDMod="0" />
    </MapTiles>
    <StaticTiles>
      <StaticTile TileID="1344" AltIDMod="0" />
      <StaticTile TileID="1361" AltIDMod="0" />
    </StaticTiles>
  </TransInfo>
  <TransInfo Description="Dungeon Cave To Rock" HashKey="151212151515151515">
    <MapTiles>
      <MapTile TileID="556" AltIDMod="0" />
      <MapTile TileID="557" AltIDMod="0" />
      <MapTile TileID="558" AltIDMod="0" />
      <MapTile TileID="559" AltIDMod="0" />
    </MapTiles>
    <StaticTiles>
      <StaticTile TileID="1357" AltIDMod="0" />
      <StaticTile TileID="1358" AltIDMod="0" />
      <StaticTile TileID="1359" AltIDMod="0" />
    </StaticTiles>
  </TransInfo>
  <TransInfo Description="Dungeon Cave To Rock" HashKey="151512151515151515">
    <MapTiles>
      <MapTile TileID="581" AltIDMod="0" />
      <MapTile TileID="582" AltIDMod="0" />
      <MapTile TileID="583" AltIDMod="0" />
      <MapTile TileID="584" AltIDMod="0" />
      <MapTile TileID="585" AltIDMod="0" />
    </MapTiles>
    <StaticTiles>
      <StaticTile TileID="1339" AltIDMod="0" />
      <StaticTile TileID="1340" AltIDMod="0" />
      <StaticTile TileID="1341" AltIDMod="0" />
      <StaticTile TileID="1342" AltIDMod="0" />
      <StaticTile TileID="1343" AltIDMod="0" />
    </StaticTiles>
  </TransInfo>
  <TransInfo Description="Dungeon Cave To Rock" HashKey="151515151512121512">
    <MapTiles>
      <MapTile TileID="556" AltIDMod="0" />
      <MapTile TileID="557" AltIDMod="0" />
      <MapTile TileID="558" AltIDMod="0" />
      <MapTile TileID="559" AltIDMod="0" />
    </MapTiles>
    <StaticTiles>
      <StaticTile TileID="1344" AltIDMod="0" />
      <StaticTile TileID="1361" AltIDMod="0" />
    </StaticTiles>
  </TransInfo>
  <TransInfo Description="Dungeon Cave To Rock" HashKey="121212151512151515">
    <MapTiles>
      <MapTile TileID="559" AltIDMod="0" />
      <MapTile TileID="558" AltIDMod="0" />
      <MapTile TileID="557" AltIDMod="0" />
      <MapTile TileID="556" AltIDMod="0" />
    </MapTiles>
    <StaticTiles>
      <StaticTile TileID="1352" AltIDMod="0" />
      <StaticTile TileID="1363" AltIDMod="0" />
    </StaticTiles>
  </TransInfo>
  <TransInfo Description="Dungeon Cave To Rock" HashKey="121512151515151512">
    <MapTiles>
      <MapTile TileID="559" AltIDMod="0" />
      <MapTile TileID="558" AltIDMod="0" />
      <MapTile TileID="557" AltIDMod="0" />
      <MapTile TileID="556" AltIDMod="0" />
    </MapTiles>
    <StaticTiles>
      <StaticTile TileID="1352" AltIDMod="0" />
      <StaticTile TileID="1363" AltIDMod="0" />
    </StaticTiles>
  </TransInfo>
  <TransInfo Description="Dungeon Cave To Rock" HashKey="151512121515151515">
    <MapTiles>
      <MapTile TileID="559" AltIDMod="0" />
      <MapTile TileID="558" AltIDMod="0" />
      <MapTile TileID="557" AltIDMod="0" />
      <MapTile TileID="556" AltIDMod="0" />
    </MapTiles>
    <StaticTiles>
      <StaticTile TileID="1353" AltIDMod="0" />
      <StaticTile TileID="1386" AltIDMod="0" />
    </StaticTiles>
  </TransInfo>
  <TransInfo Description="Dungeon Cave To Rock" HashKey="151512151512121515">
    <MapTiles>
      <MapTile TileID="556" AltIDMod="0" />
      <MapTile TileID="557" AltIDMod="0" />
      <MapTile TileID="558" AltIDMod="0" />
      <MapTile TileID="559" AltIDMod="0" />
    </MapTiles>
    <StaticTiles>
      <StaticTile TileID="1344" AltIDMod="0" />
      <StaticTile TileID="1361" AltIDMod="0" />
    </StaticTiles>
  </TransInfo>
  <TransInfo Description="Dungeon Cave To Rock" HashKey="151515121515151215">
    <MapTiles>
      <MapTile TileID="556" AltIDMod="0" />
      <MapTile TileID="557" AltIDMod="0" />
      <MapTile TileID="558" AltIDMod="0" />
      <MapTile TileID="559" AltIDMod="0" />
    </MapTiles>
    <StaticTiles>
      <StaticTile TileID="1351" AltIDMod="0" />
    </StaticTiles>
  </TransInfo>
  <TransInfo Description="Dungeon Cave To Rock" HashKey="151515151512121515">
    <MapTiles>
      <MapTile TileID="556" AltIDMod="0" />
      <MapTile TileID="557" AltIDMod="0" />
      <MapTile TileID="558" AltIDMod="0" />
      <MapTile TileID="559" AltIDMod="0" />
    </MapTiles>
    <StaticTiles>
      <StaticTile TileID="1344" AltIDMod="0" />
      <StaticTile TileID="1361" AltIDMod="0" />
    </StaticTiles>
  </TransInfo>
  <TransInfo Description="Dungeon Cave To Rock" HashKey="121515151515121512">
    <MapTiles>
      <MapTile TileID="556" AltIDMod="0" />
      <MapTile TileID="557" AltIDMod="0" />
      <MapTile TileID="558" AltIDMod="0" />
      <MapTile TileID="559" AltIDMod="0" />
    </MapTiles>
    <StaticTiles>
      <StaticTile TileID="1351" AltIDMod="0" />
    </StaticTiles>
  </TransInfo>
  <TransInfo Description="Dungeon Cave To Rock" HashKey="121215151512151512">
    <MapTiles>
      <MapTile TileID="559" AltIDMod="0" />
      <MapTile TileID="558" AltIDMod="0" />
      <MapTile TileID="557" AltIDMod="0" />
      <MapTile TileID="556" AltIDMod="0" />
    </MapTiles>
    <StaticTiles>
      <StaticTile TileID="1352" AltIDMod="0" />
      <StaticTile TileID="1363" AltIDMod="0" />
    </StaticTiles>
  </TransInfo>
  <TransInfo Description="Dungeon Cave To Rock" HashKey="151515151512151215">
    <MapTiles>
      <MapTile TileID="556" AltIDMod="0" />
      <MapTile TileID="557" AltIDMod="0" />
      <MapTile TileID="558" AltIDMod="0" />
      <MapTile TileID="559" AltIDMod="0" />
    </MapTiles>
    <StaticTiles>
      <StaticTile TileID="1344" AltIDMod="0" />
      <StaticTile TileID="1361" AltIDMod="0" />
    </StaticTiles>
  </TransInfo>
  <TransInfo Description="Dungeon Cave To Rock" HashKey="121212151515151515">
    <MapTiles>
      <MapTile TileID="556" AltIDMod="0" />
      <MapTile TileID="557" AltIDMod="0" />
      <MapTile TileID="558" AltIDMod="0" />
      <MapTile TileID="559" AltIDMod="0" />
    </MapTiles>
    <StaticTiles>
      <StaticTile TileID="1357" AltIDMod="0" />
      <StaticTile TileID="1358" AltIDMod="0" />
      <StaticTile TileID="1359" AltIDMod="0" />
    </StaticTiles>
  </TransInfo>
  <TransInfo Description="Dungeon Cave To Rock" HashKey="121515151515151212">
    <MapTiles>
      <MapTile TileID="556" AltIDMod="0" />
      <MapTile TileID="557" AltIDMod="0" />
      <MapTile TileID="558" AltIDMod="0" />
      <MapTile TileID="559" AltIDMod="0" />
    </MapTiles>
    <StaticTiles>
      <StaticTile TileID="1351" AltIDMod="0" />
    </StaticTiles>
  </TransInfo>
  <TransInfo Description="Dungeon Cave To Rock" HashKey="151212151515121515">
    <MapTiles>
      <MapTile TileID="559" AltIDMod="0" />
      <MapTile TileID="558" AltIDMod="0" />
      <MapTile TileID="557" AltIDMod="0" />
      <MapTile TileID="556" AltIDMod="0" />
    </MapTiles>
    <StaticTiles>
      <StaticTile TileID="1353" AltIDMod="0" />
      <StaticTile TileID="1386" AltIDMod="0" />
    </StaticTiles>
  </TransInfo>
  <TransInfo Description="Dungeon Cave To Rock" HashKey="151512151515121215">
    <MapTiles>
      <MapTile TileID="556" AltIDMod="0" />
      <MapTile TileID="557" AltIDMod="0" />
      <MapTile TileID="558" AltIDMod="0" />
      <MapTile TileID="559" AltIDMod="0" />
    </MapTiles>
    <StaticTiles>
      <StaticTile TileID="1344" AltIDMod="0" />
      <StaticTile TileID="1361" AltIDMod="0" />
    </StaticTiles>
  </TransInfo>
  <TransInfo Description="Dungeon Cave To Rock" HashKey="151515151515151212">
    <MapTiles>
      <MapTile TileID="559" AltIDMod="0" />
      <MapTile TileID="558" AltIDMod="0" />
      <MapTile TileID="557" AltIDMod="0" />
      <MapTile TileID="556" AltIDMod="0" />
    </MapTiles>
    <StaticTiles>
      <StaticTile TileID="1345" AltIDMod="0" />
      <StaticTile TileID="1346" AltIDMod="0" />
      <StaticTile TileID="1347" AltIDMod="0" />
    </StaticTiles>
  </TransInfo>
  <TransInfo Description="Dungeon Cave To Rock" HashKey="151515151515121212">
    <MapTiles>
      <MapTile TileID="559" AltIDMod="0" />
      <MapTile TileID="558" AltIDMod="0" />
      <MapTile TileID="557" AltIDMod="0" />
      <MapTile TileID="556" AltIDMod="0" />
    </MapTiles>
    <StaticTiles>
      <StaticTile TileID="1345" AltIDMod="0" />
      <StaticTile TileID="1346" AltIDMod="0" />
      <StaticTile TileID="1347" AltIDMod="0" />
    </StaticTiles>
  </TransInfo>
  <TransInfo Description="Dungeon Cave To Rock" HashKey="151512121515121515">
    <MapTiles>
      <MapTile TileID="559" AltIDMod="0" />
      <MapTile TileID="558" AltIDMod="0" />
      <MapTile TileID="557" AltIDMod="0" />
      <MapTile TileID="556" AltIDMod="0" />
    </MapTiles>
    <StaticTiles>
      <StaticTile TileID="1353" AltIDMod="0" />
      <StaticTile TileID="1386" AltIDMod="0" />
    </StaticTiles>
  </TransInfo>
  <TransInfo Description="Dungeon Cave To Rock" HashKey="151515151515121512">
    <MapTiles>
      <MapTile TileID="559" AltIDMod="0" />
      <MapTile TileID="558" AltIDMod="0" />
      <MapTile TileID="557" AltIDMod="0" />
      <MapTile TileID="556" AltIDMod="0" />
    </MapTiles>
    <StaticTiles>
      <StaticTile TileID="1345" AltIDMod="0" />
      <StaticTile TileID="1346" AltIDMod="0" />
      <StaticTile TileID="1347" AltIDMod="0" />
    </StaticTiles>
  </TransInfo>
  <TransInfo Description="Dungeon Cave To Rock" HashKey="121515151515151215">
    <MapTiles>
      <MapTile TileID="556" AltIDMod="0" />
      <MapTile TileID="557" AltIDMod="0" />
      <MapTile TileID="558" AltIDMod="0" />
      <MapTile TileID="559" AltIDMod="0" />
    </MapTiles>
    <StaticTiles>
      <StaticTile TileID="1351" AltIDMod="0" />
    </StaticTiles>
  </TransInfo>
  <TransInfo Description="Dungeon Cave To Rock" HashKey="121512151512151515">
    <MapTiles>
      <MapTile TileID="559" AltIDMod="0" />
      <MapTile TileID="558" AltIDMod="0" />
      <MapTile TileID="557" AltIDMod="0" />
      <MapTile TileID="556" AltIDMod="0" />
    </MapTiles>
    <StaticTiles>
      <StaticTile TileID="1352" AltIDMod="0" />
      <StaticTile TileID="1363" AltIDMod="0" />
    </StaticTiles>
  </TransInfo>
  <TransInfo Description="Dungeon Cave To Rock" HashKey="151515151515121215">
    <MapTiles>
      <MapTile TileID="559" AltIDMod="0" />
      <MapTile TileID="558" AltIDMod="0" />
      <MapTile TileID="557" AltIDMod="0" />
      <MapTile TileID="556" AltIDMod="0" />
    </MapTiles>
    <StaticTiles>
      <StaticTile TileID="1345" AltIDMod="0" />
      <StaticTile TileID="1346" AltIDMod="0" />
      <StaticTile TileID="1347" AltIDMod="0" />
    </StaticTiles>
  </TransInfo>
  <TransInfo Description="Dungeon Cave To Rock" HashKey="121512121515121515">
    <MapTiles>
      <MapTile TileID="559" AltIDMod="0" />
      <MapTile TileID="558" AltIDMod="0" />
      <MapTile TileID="557" AltIDMod="0" />
      <MapTile TileID="556" AltIDMod="0" />
    </MapTiles>
    <StaticTiles>
      <StaticTile TileID="1353" AltIDMod="0" />
      <StaticTile TileID="1386" AltIDMod="0" />
    </StaticTiles>
  </TransInfo>
  <TransInfo Description="Dungeon Cave To Rock" HashKey="151215151515121515">
    <MapTiles>
      <MapTile TileID="559" AltIDMod="0" />
      <MapTile TileID="558" AltIDMod="0" />
      <MapTile TileID="557" AltIDMod="0" />
      <MapTile TileID="556" AltIDMod="0" />
    </MapTiles>
    <StaticTiles>
      <StaticTile TileID="1353" AltIDMod="0" />
      <StaticTile TileID="1386" AltIDMod="0" />
    </StaticTiles>
  </TransInfo>
  <TransInfo Description="Dungeon Cave To Rock" HashKey="151515121515151512">
    <MapTiles>
      <MapTile TileID="556" AltIDMod="0" />
      <MapTile TileID="557" AltIDMod="0" />
      <MapTile TileID="558" AltIDMod="0" />
      <MapTile TileID="559" AltIDMod="0" />
    </MapTiles>
    <StaticTiles>
      <StaticTile TileID="1351" AltIDMod="0" />
    </StaticTiles>
  </TransInfo>
  <TransInfo Description="Dungeon Cave To Rock" HashKey="121215121515151515">
    <MapTiles>
      <MapTile TileID="559" AltIDMod="0" />
      <MapTile TileID="558" AltIDMod="0" />
      <MapTile TileID="557" AltIDMod="0" />
      <MapTile TileID="556" AltIDMod="0" />
    </MapTiles>
    <StaticTiles>
      <StaticTile TileID="1353" AltIDMod="0" />
      <StaticTile TileID="1386" AltIDMod="0" />
    </StaticTiles>
  </TransInfo>
  <TransInfo Description="Dungeon Cave To Rock" HashKey="121515121515151212">
    <MapTiles>
      <MapTile TileID="556" AltIDMod="0" />
      <MapTile TileID="557" AltIDMod="0" />
      <MapTile TileID="558" AltIDMod="0" />
      <MapTile TileID="559" AltIDMod="0" />
    </MapTiles>
    <StaticTiles>
      <StaticTile TileID="1351" AltIDMod="0" />
    </StaticTiles>
  </TransInfo>
  <TransInfo Description="Dungeon Cave To Rock" HashKey="121515151515121212">
    <MapTiles>
      <MapTile TileID="556" AltIDMod="0" />
      <MapTile TileID="557" AltIDMod="0" />
      <MapTile TileID="558" AltIDMod="0" />
      <MapTile TileID="559" AltIDMod="0" />
    </MapTiles>
    <StaticTiles>
      <StaticTile TileID="1351" AltIDMod="0" />
    </StaticTiles>
  </TransInfo>
  <TransInfo Description="Dungeon Cave To Rock" HashKey="121515121515121212">
    <MapTiles>
      <MapTile TileID="556" AltIDMod="0" />
      <MapTile TileID="557" AltIDMod="0" />
      <MapTile TileID="558" AltIDMod="0" />
      <MapTile TileID="559" AltIDMod="0" />
    </MapTiles>
    <StaticTiles>
      <StaticTile TileID="1351" AltIDMod="0" />
    </StaticTiles>
  </TransInfo>
  <TransInfo Description="Dungeon Cave To Rock" HashKey="121512151515151515">
    <MapTiles>
      <MapTile TileID="556" AltIDMod="0" />
      <MapTile TileID="557" AltIDMod="0" />
      <MapTile TileID="558" AltIDMod="0" />
      <MapTile TileID="559" AltIDMod="0" />
    </MapTiles>
    <StaticTiles>
      <StaticTile TileID="1357" AltIDMod="0" />
      <StaticTile TileID="1358" AltIDMod="0" />
      <StaticTile TileID="1359" AltIDMod="0" />
    </StaticTiles>
  </TransInfo>
  <TransInfo Description="Dungeon Cave To Rock" HashKey="151515151512151512">
    <MapTiles>
      <MapTile TileID="556" AltIDMod="0" />
      <MapTile TileID="557" AltIDMod="0" />
      <MapTile TileID="558" AltIDMod="0" />
      <MapTile TileID="559" AltIDMod="0" />
    </MapTiles>
    <StaticTiles>
      <StaticTile TileID="1348" AltIDMod="0" />
      <StaticTile TileID="1349" AltIDMod="0" />
      <StaticTile TileID="1350" AltIDMod="0" />
    </StaticTiles>
  </TransInfo>
  <TransInfo Description="Dungeon Cave To Rock" HashKey="151515151512151212">
    <MapTiles>
      <MapTile TileID="556" AltIDMod="0" />
      <MapTile TileID="557" AltIDMod="0" />
      <MapTile TileID="558" AltIDMod="0" />
      <MapTile TileID="559" AltIDMod="0" />
    </MapTiles>
    <StaticTiles>
      <StaticTile TileID="1344" AltIDMod="0" />
      <StaticTile TileID="1361" AltIDMod="0" />
    </StaticTiles>
  </TransInfo>
  <TransInfo Description="Dungeon Cave To Rock" HashKey="121215151512151515">
    <MapTiles>
      <MapTile TileID="559" AltIDMod="0" />
      <MapTile TileID="558" AltIDMod="0" />
      <MapTile TileID="557" AltIDMod="0" />
      <MapTile TileID="556" AltIDMod="0" />
    </MapTiles>
    <StaticTiles>
      <StaticTile TileID="1352" AltIDMod="0" />
      <StaticTile TileID="1363" AltIDMod="0" />
    </StaticTiles>
  </TransInfo>
  <TransInfo Description="Dungeon Cave To Rock" HashKey="121515121515121512">
    <MapTiles>
      <MapTile TileID="556" AltIDMod="0" />
      <MapTile TileID="557" AltIDMod="0" />
      <MapTile TileID="558" AltIDMod="0" />
      <MapTile TileID="559" AltIDMod="0" />
    </MapTiles>
    <StaticTiles>
      <StaticTile TileID="1351" AltIDMod="0" />
    </StaticTiles>
  </TransInfo>
  <TransInfo Description="Dungeon Cave To Rock" HashKey="151212151512151512">
    <MapTiles>
      <MapTile TileID="559" AltIDMod="0" />
      <MapTile TileID="558" AltIDMod="0" />
      <MapTile TileID="557" AltIDMod="0" />
      <MapTile TileID="556" AltIDMod="0" />
    </MapTiles>
    <StaticTiles>
      <StaticTile TileID="1352" AltIDMod="0" />
      <StaticTile TileID="1363" AltIDMod="0" />
    </StaticTiles>
  </TransInfo>
  <TransInfo Description="Dungeon Cave To Rock" HashKey="151512151515121512">
    <MapTiles>
      <MapTile TileID="556" AltIDMod="0" />
      <MapTile TileID="557" AltIDMod="0" />
      <MapTile TileID="558" AltIDMod="0" />
      <MapTile TileID="559" AltIDMod="0" />
    </MapTiles>
    <StaticTiles>
      <StaticTile TileID="1344" AltIDMod="0" />
      <StaticTile TileID="1361" AltIDMod="0" />
    </StaticTiles>
  </TransInfo>
  <TransInfo Description="Dungeon Cave To Rock" HashKey="121512151515121515">
    <MapTiles>
      <MapTile TileID="559" AltIDMod="0" />
      <MapTile TileID="558" AltIDMod="0" />
      <MapTile TileID="557" AltIDMod="0" />
      <MapTile TileID="556" AltIDMod="0" />
    </MapTiles>
    <StaticTiles>
      <StaticTile TileID="1353" AltIDMod="0" />
      <StaticTile TileID="1386" AltIDMod="0" />
    </StaticTiles>
  </TransInfo>
  <TransInfo Description="Dungeon Cave To Rock" HashKey="121515151515121515">
    <MapTiles>
      <MapTile TileID="559" AltIDMod="0" />
      <MapTile TileID="558" AltIDMod="0" />
      <MapTile TileID="557" AltIDMod="0" />
      <MapTile TileID="556" AltIDMod="0" />
    </MapTiles>
    <StaticTiles>
      <StaticTile TileID="1354" AltIDMod="0" />
      <StaticTile TileID="1355" AltIDMod="0" />
      <StaticTile TileID="1356" AltIDMod="0" />
    </StaticTiles>
  </TransInfo>
  <TransInfo Description="Dungeon Cave To Rock" HashKey="151512151515151212">
    <MapTiles>
      <MapTile TileID="556" AltIDMod="0" />
      <MapTile TileID="557" AltIDMod="0" />
      <MapTile TileID="558" AltIDMod="0" />
      <MapTile TileID="559" AltIDMod="0" />
    </MapTiles>
    <StaticTiles>
      <StaticTile TileID="1344" AltIDMod="0" />
      <StaticTile TileID="1361" AltIDMod="0" />
    </StaticTiles>
  </TransInfo>
  <TransInfo Description="Dungeon Cave To Rock" HashKey="151215151512151512">
    <MapTiles>
      <MapTile TileID="559" AltIDMod="0" />
      <MapTile TileID="558" AltIDMod="0" />
      <MapTile TileID="557" AltIDMod="0" />
      <MapTile TileID="556" AltIDMod="0" />
    </MapTiles>
    <StaticTiles>
      <StaticTile TileID="1352" AltIDMod="0" />
      <StaticTile TileID="1363" AltIDMod="0" />
    </StaticTiles>
  </TransInfo>
  <TransInfo Description="Dungeon Cave To Rock" HashKey="151212151512151515">
    <MapTiles>
      <MapTile TileID="559" AltIDMod="0" />
      <MapTile TileID="558" AltIDMod="0" />
      <MapTile TileID="557" AltIDMod="0" />
      <MapTile TileID="556" AltIDMod="0" />
    </MapTiles>
    <StaticTiles>
      <StaticTile TileID="1352" AltIDMod="0" />
      <StaticTile TileID="1363" AltIDMod="0" />
    </StaticTiles>
  </TransInfo>
  <TransInfo Description="Dungeon Cave To Rock" HashKey="121515121515121215">
    <MapTiles>
      <MapTile TileID="556" AltIDMod="0" />
      <MapTile TileID="557" AltIDMod="0" />
      <MapTile TileID="558" AltIDMod="0" />
      <MapTile TileID="559" AltIDMod="0" />
    </MapTiles>
    <StaticTiles>
      <StaticTile TileID="1351" AltIDMod="0" />
    </StaticTiles>
  </TransInfo>
  <TransInfo Description="Dungeon Cave To Rock" HashKey="151515151515151215">
    <MapTiles>
      <MapTile TileID="559" AltIDMod="0" />
      <MapTile TileID="558" AltIDMod="0" />
      <MapTile TileID="557" AltIDMod="0" />
      <MapTile TileID="556" AltIDMod="0" />
    </MapTiles>
    <StaticTiles>
      <StaticTile TileID="1345" AltIDMod="0" />
      <StaticTile TileID="1346" AltIDMod="0" />
      <StaticTile TileID="1347" AltIDMod="0" />
    </StaticTiles>
  </TransInfo>
  <TransInfo Description="Dungeon Cave To Rock" HashKey="151512151515151512">
    <MapTiles>
      <MapTile TileID="556" AltIDMod="0" />
      <MapTile TileID="557" AltIDMod="0" />
      <MapTile TileID="558" AltIDMod="0" />
      <MapTile TileID="559" AltIDMod="0" />
    </MapTiles>
    <StaticTiles>
      <StaticTile TileID="1348" AltIDMod="0" />
      <StaticTile TileID="1349" AltIDMod="0" />
      <StaticTile TileID="1350" AltIDMod="0" />
    </StaticTiles>
  </TransInfo>
  <TransInfo Description="Dungeon Cave To Rock" HashKey="151515151515151512">
    <MapTiles>
      <MapTile TileID="581" AltIDMod="0" />
      <MapTile TileID="582" AltIDMod="0" />
      <MapTile TileID="583" AltIDMod="0" />
      <MapTile TileID="584" AltIDMod="0" />
      <MapTile TileID="585" AltIDMod="0" />
    </MapTiles>
    <StaticTiles>
      <StaticTile TileID="1339" AltIDMod="0" />
      <StaticTile TileID="1340" AltIDMod="0" />
      <StaticTile TileID="1341" AltIDMod="0" />
      <StaticTile TileID="1342" AltIDMod="0" />
      <StaticTile TileID="1343" AltIDMod="0" />
    </StaticTiles>
  </TransInfo>
  <TransInfo Description="Dungeon Cave To Rock" HashKey="151512151512151212">
    <MapTiles>
      <MapTile TileID="556" AltIDMod="0" />
      <MapTile TileID="557" AltIDMod="0" />
      <MapTile TileID="558" AltIDMod="0" />
      <MapTile TileID="559" AltIDMod="0" />
    </MapTiles>
    <StaticTiles>
      <StaticTile TileID="1344" AltIDMod="0" />
      <StaticTile TileID="1361" AltIDMod="0" />
    </StaticTiles>
  </TransInfo>
  <TransInfo Description="Dungeon Cave To Rock" HashKey="151512151512121212">
    <MapTiles>
      <MapTile TileID="556" AltIDMod="0" />
      <MapTile TileID="557" AltIDMod="0" />
      <MapTile TileID="558" AltIDMod="0" />
      <MapTile TileID="559" AltIDMod="0" />
    </MapTiles>
    <StaticTiles>
      <StaticTile TileID="1344" AltIDMod="0" />
      <StaticTile TileID="1361" AltIDMod="0" />
    </StaticTiles>
  </TransInfo>
  <TransInfo Description="Dungeon Cave To Rock" HashKey="121212151515121515">
    <MapTiles>
      <MapTile TileID="559" AltIDMod="0" />
      <MapTile TileID="558" AltIDMod="0" />
      <MapTile TileID="557" AltIDMod="0" />
      <MapTile TileID="556" AltIDMod="0" />
    </MapTiles>
    <StaticTiles>
      <StaticTile TileID="1353" AltIDMod="0" />
      <StaticTile TileID="1386" AltIDMod="0" />
    </StaticTiles>
  </TransInfo>
  <TransInfo Description="Dungeon Cave To Rock" HashKey="151512151512121512">
    <MapTiles>
      <MapTile TileID="556" AltIDMod="0" />
      <MapTile TileID="557" AltIDMod="0" />
      <MapTile TileID="558" AltIDMod="0" />
      <MapTile TileID="559" AltIDMod="0" />
    </MapTiles>
    <StaticTiles>
      <StaticTile TileID="1344" AltIDMod="0" />
      <StaticTile TileID="1361" AltIDMod="0" />
    </StaticTiles>
  </TransInfo>
  <TransInfo Description="Dungeon Cave To Rock" HashKey="151512151515151215">
    <MapTiles>
      <MapTile TileID="556" AltIDMod="0" />
      <MapTile TileID="557" AltIDMod="0" />
      <MapTile TileID="558" AltIDMod="0" />
      <MapTile TileID="559" AltIDMod="0" />
    </MapTiles>
    <StaticTiles>
      <StaticTile TileID="1344" AltIDMod="0" />
      <StaticTile TileID="1361" AltIDMod="0" />
    </StaticTiles>
  </TransInfo>
  <TransInfo Description="Dungeon Cave To Rock" HashKey="121512121515151515">
    <MapTiles>
      <MapTile TileID="559" AltIDMod="0" />
      <MapTile TileID="558" AltIDMod="0" />
      <MapTile TileID="557" AltIDMod="0" />
      <MapTile TileID="556" AltIDMod="0" />
    </MapTiles>
    <StaticTiles>
      <StaticTile TileID="1353" AltIDMod="0" />
      <StaticTile TileID="1386" AltIDMod="0" />
    </StaticTiles>
  </TransInfo>
  <TransInfo Description="Dungeon Cave To Rock" HashKey="151512151512121215">
    <MapTiles>
      <MapTile TileID="556" AltIDMod="0" />
      <MapTile TileID="557" AltIDMod="0" />
      <MapTile TileID="558" AltIDMod="0" />
      <MapTile TileID="559" AltIDMod="0" />
    </MapTiles>
    <StaticTiles>
      <StaticTile TileID="1344" AltIDMod="0" />
      <StaticTile TileID="1361" AltIDMod="0" />
    </StaticTiles>
  </TransInfo>
  <TransInfo Description="Dungeon Cave To Rock" HashKey="151515121515151515">
    <MapTiles>
      <MapTile TileID="559" AltIDMod="0" />
      <MapTile TileID="558" AltIDMod="0" />
      <MapTile TileID="557" AltIDMod="0" />
      <MapTile TileID="556" AltIDMod="0" />
    </MapTiles>
    <StaticTiles>
      <StaticTile TileID="1354" AltIDMod="0" />
      <StaticTile TileID="1355" AltIDMod="0" />
      <StaticTile TileID="1356" AltIDMod="0" />
    </StaticTiles>
  </TransInfo>
  <TransInfo Description="Dungeon Cave To Rock" HashKey="151215121515151515">
    <MapTiles>
      <MapTile TileID="559" AltIDMod="0" />
      <MapTile TileID="558" AltIDMod="0" />
      <MapTile TileID="557" AltIDMod="0" />
      <MapTile TileID="556" AltIDMod="0" />
    </MapTiles>
    <StaticTiles>
      <StaticTile TileID="1353" AltIDMod="0" />
      <StaticTile TileID="1386" AltIDMod="0" />
    </StaticTiles>
  </TransInfo>
  <TransInfo Description="Dungeon Cave To Rock" HashKey="121212151515151512">
    <MapTiles>
      <MapTile TileID="559" AltIDMod="0" />
      <MapTile TileID="558" AltIDMod="0" />
      <MapTile TileID="557" AltIDMod="0" />
      <MapTile TileID="556" AltIDMod="0" />
    </MapTiles>
    <StaticTiles>
      <StaticTile TileID="1352" AltIDMod="0" />
      <StaticTile TileID="1363" AltIDMod="0" />
    </StaticTiles>
  </TransInfo>
  <TransInfo Description="Dungeon Cave To Rock" HashKey="121215151515151512">
    <MapTiles>
      <MapTile TileID="559" AltIDMod="0" />
      <MapTile TileID="558" AltIDMod="0" />
      <MapTile TileID="557" AltIDMod="0" />
      <MapTile TileID="556" AltIDMod="0" />
    </MapTiles>
    <StaticTiles>
      <StaticTile TileID="1352" AltIDMod="0" />
      <StaticTile TileID="1363" AltIDMod="0" />
    </StaticTiles>
  </TransInfo>
  <TransInfo Description="Dungeon Cave To Rock" HashKey="121515121515151215">
    <MapTiles>
      <MapTile TileID="556" AltIDMod="0" />
      <MapTile TileID="557" AltIDMod="0" />
      <MapTile TileID="558" AltIDMod="0" />
      <MapTile TileID="559" AltIDMod="0" />
    </MapTiles>
    <StaticTiles>
      <StaticTile TileID="1351" AltIDMod="0" />
    </StaticTiles>
  </TransInfo>
  <TransInfo Description="Dungeon Cave To Rock" HashKey="151515151512151515">
    <MapTiles>
      <MapTile TileID="556" AltIDMod="0" />
      <MapTile TileID="557" AltIDMod="0" />
      <MapTile TileID="558" AltIDMod="0" />
      <MapTile TileID="559" AltIDMod="0" />
    </MapTiles>
    <StaticTiles>
      <StaticTile TileID="1348" AltIDMod="0" />
      <StaticTile TileID="1349" AltIDMod="0" />
      <StaticTile TileID="1350" AltIDMod="0" />
    </StaticTiles>
  </TransInfo>
  <TransInfo Description="Dungeon Cave To Rock" HashKey="121515121515151512">
    <MapTiles>
      <MapTile TileID="556" AltIDMod="0" />
      <MapTile TileID="557" AltIDMod="0" />
      <MapTile TileID="558" AltIDMod="0" />
      <MapTile TileID="559" AltIDMod="0" />
    </MapTiles>
    <StaticTiles>
      <StaticTile TileID="1351" AltIDMod="0" />
    </StaticTiles>
  </TransInfo>
  <TransInfo Description="Dungeon Cave To Rock" HashKey="121215121515121515">
    <MapTiles>
      <MapTile TileID="559" AltIDMod="0" />
      <MapTile TileID="558" AltIDMod="0" />
      <MapTile TileID="557" AltIDMod="0" />
      <MapTile TileID="556" AltIDMod="0" />
    </MapTiles>
    <StaticTiles>
      <StaticTile TileID="1353" AltIDMod="0" />
      <StaticTile TileID="1386" AltIDMod="0" />
    </StaticTiles>
  </TransInfo>
  <TransInfo Description="Dungeon Cave To Rock" HashKey="151515121515121212">
    <MapTiles>
      <MapTile TileID="556" AltIDMod="0" />
      <MapTile TileID="557" AltIDMod="0" />
      <MapTile TileID="558" AltIDMod="0" />
      <MapTile TileID="559" AltIDMod="0" />
    </MapTiles>
    <StaticTiles>
      <StaticTile TileID="1351" AltIDMod="0" />
    </StaticTiles>
  </TransInfo>
  <TransInfo Description="Dungeon Cave To Rock" HashKey="151512151515121212">
    <MapTiles>
      <MapTile TileID="556" AltIDMod="0" />
      <MapTile TileID="557" AltIDMod="0" />
      <MapTile TileID="558" AltIDMod="0" />
      <MapTile TileID="559" AltIDMod="0" />
    </MapTiles>
    <StaticTiles>
      <StaticTile TileID="1344" AltIDMod="0" />
      <StaticTile TileID="1361" AltIDMod="0" />
    </StaticTiles>
  </TransInfo>
  <TransInfo Description="Dungeon Cave To Rock" HashKey="151215151515151512">
    <MapTiles>
      <MapTile TileID="559" AltIDMod="0" />
      <MapTile TileID="558" AltIDMod="0" />
      <MapTile TileID="557" AltIDMod="0" />
      <MapTile TileID="556" AltIDMod="0" />
    </MapTiles>
    <StaticTiles>
      <StaticTile TileID="1352" AltIDMod="0" />
      <StaticTile TileID="1363" AltIDMod="0" />
    </StaticTiles>
  </TransInfo>
</Trans>