﻿<?xml version="1.0" encoding="utf-8"?>
<Trans>
  <TransInfo Description="Dungeon Cave Without Static to Shallow Water NWA" HashKey="4A4A064A4A064A064A">
    <MapTiles>
      <MapTile TileID="609" AltIDMod="-5" />
    </MapTiles>
    <StaticTiles>
      <StaticTile TileID="6060" AltIDMod="-5" />
    </StaticTiles>
  </TransInfo>
  <TransInfo Description="Dungeon Cave Without Static to Shallow Water NWA" HashKey="4A4A064A4A064A0606">
    <MapTiles>
      <MapTile TileID="609" AltIDMod="-5" />
    </MapTiles>
    <StaticTiles>
      <StaticTile TileID="6060" AltIDMod="-5" />
    </StaticTiles>
  </TransInfo>
  <TransInfo Description="Dungeon Cave Without Static to Shallow Water NEA" HashKey="4A4A4A064A4A4A0606">
    <MapTiles>
      <MapTile TileID="604" AltIDMod="-15" />
      <MapTile TileID="605" AltIDMod="-15" />
      <MapTile TileID="607" AltIDMod="-15" />
    </MapTiles>
    <StaticTiles>
      <StaticTile TileID="6039" AltIDMod="-5" />
      <StaticTile TileID="6040" AltIDMod="-5" />
      <StaticTile TileID="6041" AltIDMod="-5" />
      <StaticTile TileID="6042" AltIDMod="-5" />
      <StaticTile TileID="6043" AltIDMod="-5" />
      <StaticTile TileID="6044" AltIDMod="-5" />
    </StaticTiles>
  </TransInfo>
  <TransInfo Description="Dungeon Cave Without Static to Shallow Water SWA" HashKey="06064A4A4A064A4A4A">
    <MapTiles>
      <MapTile TileID="608" AltIDMod="-5" />
    </MapTiles>
    <StaticTiles />
  </TransInfo>
  <TransInfo Description="Dungeon Cave Without Static to Shallow Water SWA" HashKey="06064A4A4A064A4A06">
    <MapTiles>
      <MapTile TileID="608" AltIDMod="0" />
    </MapTiles>
    <StaticTiles />
  </TransInfo>
  <TransInfo Description="Dungeon Cave Without Static to Shallow Water SEA" HashKey="4A4A06064A4A4A4A4A">
    <MapTiles>
      <MapTile TileID="606" AltIDMod="-15" />
    </MapTiles>
    <StaticTiles>
      <StaticTile TileID="6039" AltIDMod="-5" />
      <StaticTile TileID="6040" AltIDMod="-5" />
      <StaticTile TileID="6041" AltIDMod="-5" />
      <StaticTile TileID="6042" AltIDMod="-5" />
      <StaticTile TileID="6043" AltIDMod="-5" />
      <StaticTile TileID="6044" AltIDMod="-5" />
    </StaticTiles>
  </TransInfo>
  <TransInfo Description="Dungeon Cave Without Static to Shallow Water NS" HashKey="4A4A4A4A4A4A4A064A">
    <MapTiles>
      <MapTile TileID="602" AltIDMod="-5" />
      <MapTile TileID="603" AltIDMod="-5" />
      <MapTile TileID="604" AltIDMod="-5" />
      <MapTile TileID="605" AltIDMod="-5" />
    </MapTiles>
    <StaticTiles>
      <StaticTile TileID="6047" AltIDMod="-5" />
      <StaticTile TileID="6048" AltIDMod="-5" />
    </StaticTiles>
  </TransInfo>
  <TransInfo Description="Dungeon Cave Without Static to Shallow Water NS" HashKey="4A4A4A4A4A4A4A0606">
    <MapTiles>
      <MapTile TileID="602" AltIDMod="-5" />
      <MapTile TileID="603" AltIDMod="-5" />
      <MapTile TileID="604" AltIDMod="-5" />
      <MapTile TileID="605" AltIDMod="-5" />
    </MapTiles>
    <StaticTiles>
      <StaticTile TileID="6047" AltIDMod="-5" />
      <StaticTile TileID="6048" AltIDMod="-5" />
    </StaticTiles>
  </TransInfo>
  <TransInfo Description="Dungeon Cave Without Static to Shallow Water NEA" HashKey="4A4A4A064A4A06064A">
    <MapTiles>
      <MapTile TileID="604" AltIDMod="-5" />
      <MapTile TileID="605" AltIDMod="-5" />
      <MapTile TileID="607" AltIDMod="-5" />
    </MapTiles>
    <StaticTiles>
      <StaticTile TileID="6057" AltIDMod="-5" />
    </StaticTiles>
  </TransInfo>
  <TransInfo Description="Dungeon Cave Without Static to Shallow Water NEA" HashKey="4A4A4A064A4A060606">
    <MapTiles>
      <MapTile TileID="604" AltIDMod="-10" />
      <MapTile TileID="605" AltIDMod="-10" />
      <MapTile TileID="607" AltIDMod="-10" />
    </MapTiles>
    <StaticTiles>
      <StaticTile TileID="6057" AltIDMod="-5" />
    </StaticTiles>
  </TransInfo>
  <TransInfo Description="Dungeon Cave Without Static to Shallow Water SWA" HashKey="4A06064A4A4A4A4A06">
    <MapTiles>
      <MapTile TileID="608" AltIDMod="0" />
    </MapTiles>
    <StaticTiles />
  </TransInfo>
  <TransInfo Description="Dungeon Cave Without Static to Shallow Water NEA" HashKey="4A4A4A064A4A4A064A">
    <MapTiles>
      <MapTile TileID="604" AltIDMod="-15" />
      <MapTile TileID="605" AltIDMod="-15" />
      <MapTile TileID="607" AltIDMod="-15" />
    </MapTiles>
    <StaticTiles>
      <StaticTile TileID="6039" AltIDMod="-5" />
      <StaticTile TileID="6040" AltIDMod="-5" />
      <StaticTile TileID="6041" AltIDMod="-5" />
      <StaticTile TileID="6042" AltIDMod="-5" />
      <StaticTile TileID="6043" AltIDMod="-5" />
      <StaticTile TileID="6044" AltIDMod="-5" />
    </StaticTiles>
  </TransInfo>
  <TransInfo Description="Dungeon Cave Without Static to Shallow Water NWB" HashKey="064A4A4A4A4A4A4A4A">
    <MapTiles>
      <MapTile TileID="581" AltIDMod="-9" />
      <MapTile TileID="582" AltIDMod="-9" />
      <MapTile TileID="583" AltIDMod="-9" />
      <MapTile TileID="584" AltIDMod="-9" />
      <MapTile TileID="585" AltIDMod="-9" />
    </MapTiles>
    <StaticTiles>
      <StaticTile TileID="6055" AltIDMod="-5" />
    </StaticTiles>
  </TransInfo>
  <TransInfo Description="Dungeon Cave Without Static to Shallow Water SEA" HashKey="4A06064A4A4A064A4A">
    <MapTiles>
      <MapTile TileID="606" AltIDMod="0" />
    </MapTiles>
    <StaticTiles />
  </TransInfo>
  <TransInfo Description="Dungeon Cave Without Static to Shallow Water SEA" HashKey="4A064A064A4A4A4A4A">
    <MapTiles>
      <MapTile TileID="606" AltIDMod="0" />
    </MapTiles>
    <StaticTiles />
  </TransInfo>
  <TransInfo Description="Dungeon Cave Without Static to Shallow Water SWA" HashKey="4A06064A4A064A4A4A">
    <MapTiles>
      <MapTile TileID="608" AltIDMod="-5" />
    </MapTiles>
    <StaticTiles>
      <StaticTile TileID="6059" AltIDMod="-5" />
    </StaticTiles>
  </TransInfo>
  <TransInfo Description="Dungeon Cave Without Static to Shallow Water NS" HashKey="4A4A4A4A4A4A064A06">
    <MapTiles>
      <MapTile TileID="602" AltIDMod="0" />
      <MapTile TileID="603" AltIDMod="0" />
      <MapTile TileID="604" AltIDMod="0" />
      <MapTile TileID="605" AltIDMod="0" />
    </MapTiles>
    <StaticTiles>
      <StaticTile TileID="6047" AltIDMod="-5" />
      <StaticTile TileID="6048" AltIDMod="-5" />
    </StaticTiles>
  </TransInfo>
  <TransInfo Description="Dungeon Cave Without Static to Shallow Water SWA" HashKey="4A06064A4A064A4A06">
    <MapTiles>
      <MapTile TileID="608" AltIDMod="-10" />
    </MapTiles>
    <StaticTiles>
      <StaticTile TileID="6059" AltIDMod="-5" />
    </StaticTiles>
  </TransInfo>
  <TransInfo Description="Dungeon Cave Without Static to Shallow Water SN" HashKey="4A06064A4A4A4A4A4A">
    <MapTiles>
      <MapTile TileID="581" AltIDMod="-10" />
      <MapTile TileID="582" AltIDMod="-10" />
      <MapTile TileID="583" AltIDMod="-10" />
      <MapTile TileID="584" AltIDMod="-10" />
      <MapTile TileID="585" AltIDMod="-10" />
    </MapTiles>
    <StaticTiles>
      <StaticTile TileID="6049" AltIDMod="-5" />
      <StaticTile TileID="6050" AltIDMod="-5" />
    </StaticTiles>
  </TransInfo>
  <TransInfo Description="Dungeon Cave Without Static to Shallow Water SEA" HashKey="4A0606064A4A064A4A">
    <MapTiles>
      <MapTile TileID="606" AltIDMod="0" />
    </MapTiles>
    <StaticTiles />
  </TransInfo>
  <TransInfo Description="Dungeon Cave Without Static to Shallow Water NEA" HashKey="064A4A4A4A4A4A0606">
    <MapTiles>
      <MapTile TileID="604" AltIDMod="0" />
      <MapTile TileID="605" AltIDMod="0" />
      <MapTile TileID="607" AltIDMod="0" />
    </MapTiles>
    <StaticTiles />
  </TransInfo>
  <TransInfo Description="Dungeon Cave Without Static to Shallow Water SWA" HashKey="06064A4A4A4A4A4A06">
    <MapTiles>
      <MapTile TileID="608" AltIDMod="-5" />
    </MapTiles>
    <StaticTiles />
  </TransInfo>
  <TransInfo Description="Dungeon Cave Without Static to Shallow Water SWA" HashKey="064A4A4A4A064A4A06">
    <MapTiles>
      <MapTile TileID="608" AltIDMod="0" />
    </MapTiles>
    <StaticTiles />
  </TransInfo>
  <TransInfo Description="Dungeon Cave Without Static to Shallow Water SEA" HashKey="06064A064A4A4A4A4A">
    <MapTiles>
      <MapTile TileID="581" AltIDMod="-9" />
      <MapTile TileID="582" AltIDMod="-9" />
      <MapTile TileID="583" AltIDMod="-9" />
      <MapTile TileID="584" AltIDMod="-9" />
      <MapTile TileID="585" AltIDMod="-9" />
    </MapTiles>
    <StaticTiles>
      <StaticTile TileID="6058" AltIDMod="-5" />
    </StaticTiles>
  </TransInfo>
  <TransInfo Description="Dungeon Cave Without Static to Shallow Water SEA" HashKey="06064A4A4A4A064A4A">
    <MapTiles>
      <MapTile TileID="606" AltIDMod="-5" />
    </MapTiles>
    <StaticTiles />
  </TransInfo>
  <TransInfo Description="Dungeon Cave Without Static to Shallow Water NEA" HashKey="064A4A4A4A4A06064A">
    <MapTiles>
      <MapTile TileID="604" AltIDMod="0" />
      <MapTile TileID="605" AltIDMod="0" />
      <MapTile TileID="607" AltIDMod="0" />
    </MapTiles>
    <StaticTiles />
  </TransInfo>
  <TransInfo Description="Dungeon Cave Without Static to Shallow Water NEA" HashKey="064A4A4A4A4A060606">
    <MapTiles>
      <MapTile TileID="604" AltIDMod="0" />
      <MapTile TileID="605" AltIDMod="0" />
      <MapTile TileID="607" AltIDMod="0" />
    </MapTiles>
    <StaticTiles />
  </TransInfo>
  <TransInfo Description="Dungeon Cave Without Static to Shallow Water SEA" HashKey="060606064A4A064A4A">
    <MapTiles>
      <MapTile TileID="581" AltIDMod="-10" />
      <MapTile TileID="582" AltIDMod="-10" />
      <MapTile TileID="583" AltIDMod="-10" />
      <MapTile TileID="584" AltIDMod="-10" />
      <MapTile TileID="585" AltIDMod="-10" />
    </MapTiles>
    <StaticTiles>
      <StaticTile TileID="6058" AltIDMod="-5" />
    </StaticTiles>
  </TransInfo>
  <TransInfo Description="Dungeon Cave Without Static to Shallow Water SN" HashKey="06064A4A4A4A4A4A4A">
    <MapTiles>
      <MapTile TileID="581" AltIDMod="-10" />
      <MapTile TileID="582" AltIDMod="-10" />
      <MapTile TileID="583" AltIDMod="-10" />
      <MapTile TileID="584" AltIDMod="-10" />
      <MapTile TileID="585" AltIDMod="-10" />
    </MapTiles>
    <StaticTiles>
      <StaticTile TileID="6049" AltIDMod="-5" />
      <StaticTile TileID="6050" AltIDMod="-5" />
    </StaticTiles>
  </TransInfo>
  <TransInfo Description="Dungeon Cave Without Static to Shallow Water SWA" HashKey="064A4A4A4A064A4A4A">
    <MapTiles>
      <MapTile TileID="608" AltIDMod="0" />
    </MapTiles>
    <StaticTiles />
  </TransInfo>
  <TransInfo Description="Dungeon Cave Without Static to Shallow Water SEB" HashKey="4A4A4A4A4A4A4A4A06">
    <MapTiles>
      <MapTile TileID="606" AltIDMod="-5" />
      <MapTile TileID="607" AltIDMod="-5" />
    </MapTiles>
    <StaticTiles>
      <StaticTile TileID="6054" AltIDMod="-5" />
      <StaticTile TileID="6063" AltIDMod="-5" />
    </StaticTiles>
  </TransInfo>
  <TransInfo Description="Dungeon Cave Without Static to Shallow Water NWA" HashKey="4A4A064A4A4A064A06">
    <MapTiles>
      <MapTile TileID="609" AltIDMod="0" />
    </MapTiles>
    <StaticTiles>
      <StaticTile TileID="6060" AltIDMod="-5" />
    </StaticTiles>
  </TransInfo>
  <TransInfo Description="Dungeon Cave Without Static to Shallow Water NEA" HashKey="064A4A064A4A4A0606">
    <MapTiles>
      <MapTile TileID="604" AltIDMod="0" />
      <MapTile TileID="605" AltIDMod="0" />
      <MapTile TileID="607" AltIDMod="0" />
    </MapTiles>
    <StaticTiles />
  </TransInfo>
  <TransInfo Description="Dungeon Cave Without Static to Shallow Water NEA" HashKey="064A4A064A4A4A4A06">
    <MapTiles>
      <MapTile TileID="604" AltIDMod="0" />
      <MapTile TileID="605" AltIDMod="0" />
      <MapTile TileID="607" AltIDMod="0" />
    </MapTiles>
    <StaticTiles />
  </TransInfo>
  <TransInfo Description="Dungeon Cave Without Static to Shallow Water SEA" HashKey="060606064A4A4A4A4A">
    <MapTiles>
      <MapTile TileID="581" AltIDMod="-10" />
      <MapTile TileID="582" AltIDMod="-10" />
      <MapTile TileID="583" AltIDMod="-10" />
      <MapTile TileID="584" AltIDMod="-10" />
      <MapTile TileID="585" AltIDMod="-10" />
    </MapTiles>
    <StaticTiles>
      <StaticTile TileID="6058" AltIDMod="-5" />
    </StaticTiles>
  </TransInfo>
  <TransInfo Description="Dungeon Cave Without Static to Shallow Water EW" HashKey="064A4A064A4A064A4A">
    <MapTiles>
      <MapTile TileID="581" AltIDMod="-10" />
      <MapTile TileID="582" AltIDMod="-10" />
      <MapTile TileID="583" AltIDMod="-10" />
      <MapTile TileID="584" AltIDMod="-10" />
      <MapTile TileID="585" AltIDMod="-10" />
    </MapTiles>
    <StaticTiles>
      <StaticTile TileID="6045" AltIDMod="-5" />
      <StaticTile TileID="6046" AltIDMod="-5" />
    </StaticTiles>
  </TransInfo>
  <TransInfo Description="Dungeon Cave Without Static to Shallow Water NEA" HashKey="064A4A064A4A064A06">
    <MapTiles>
      <MapTile TileID="604" AltIDMod="-4" />
      <MapTile TileID="605" AltIDMod="-4" />
      <MapTile TileID="607" AltIDMod="-4" />
    </MapTiles>
    <StaticTiles />
  </TransInfo>
  <TransInfo Description="Dungeon Cave Without Static to Shallow Water EW" HashKey="064A4A064A4A4A4A4A">
    <MapTiles>
      <MapTile TileID="581" AltIDMod="-10" />
      <MapTile TileID="582" AltIDMod="-10" />
      <MapTile TileID="583" AltIDMod="-10" />
      <MapTile TileID="584" AltIDMod="-10" />
      <MapTile TileID="585" AltIDMod="-10" />
    </MapTiles>
    <StaticTiles>
      <StaticTile TileID="6045" AltIDMod="-5" />
      <StaticTile TileID="6046" AltIDMod="-5" />
    </StaticTiles>
  </TransInfo>
  <TransInfo Description="Dungeon Cave Without Static to Shallow Water SWA" HashKey="064A064A4A064A4A06">
    <MapTiles>
      <MapTile TileID="608" AltIDMod="0" />
    </MapTiles>
    <StaticTiles />
  </TransInfo>
  <TransInfo Description="Dungeon Cave Without Static to Shallow Water NEA" HashKey="064A4A064A4A060606">
    <MapTiles>
      <MapTile TileID="604" AltIDMod="-10" />
      <MapTile TileID="605" AltIDMod="-10" />
      <MapTile TileID="607" AltIDMod="-10" />
    </MapTiles>
    <StaticTiles>
      <StaticTile TileID="6057" AltIDMod="-5" />
    </StaticTiles>
  </TransInfo>
  <TransInfo Description="Dungeon Cave Without Static to Shallow Water NEA" HashKey="064A4A4A4A4A4A064A">
    <MapTiles>
      <MapTile TileID="604" AltIDMod="0" />
      <MapTile TileID="605" AltIDMod="0" />
      <MapTile TileID="607" AltIDMod="0" />
    </MapTiles>
    <StaticTiles />
  </TransInfo>
  <TransInfo Description="Dungeon Cave Without Static to Shallow Water SEA" HashKey="4A064A4A4A4A064A4A">
    <MapTiles>
      <MapTile TileID="606" AltIDMod="-15" />
    </MapTiles>
    <StaticTiles>
      <StaticTile TileID="6039" AltIDMod="-5" />
      <StaticTile TileID="6040" AltIDMod="-5" />
      <StaticTile TileID="6041" AltIDMod="-5" />
      <StaticTile TileID="6042" AltIDMod="-5" />
      <StaticTile TileID="6043" AltIDMod="-5" />
      <StaticTile TileID="6044" AltIDMod="-5" />
    </StaticTiles>
  </TransInfo>
  <TransInfo Description="Dungeon Cave Without Static to Shallow Water NEA" HashKey="064A4A064A4A06064A">
    <MapTiles>
      <MapTile TileID="604" AltIDMod="-5" />
      <MapTile TileID="605" AltIDMod="-5" />
      <MapTile TileID="607" AltIDMod="-5" />
    </MapTiles>
    <StaticTiles>
      <StaticTile TileID="6057" AltIDMod="-5" />
    </StaticTiles>
  </TransInfo>
  <TransInfo Description="Dungeon Cave Without Static to Shallow Water NWA" HashKey="4A4A4A4A4A06064A06">
    <MapTiles>
      <MapTile TileID="609" AltIDMod="-5" />
    </MapTiles>
    <StaticTiles>
      <StaticTile TileID="6060" AltIDMod="-5" />
    </StaticTiles>
  </TransInfo>
  <TransInfo Description="Dungeon Cave Without Static to Shallow Water NEB" HashKey="4A4A064A4A4A4A4A4A">
    <MapTiles>
      <MapTile TileID="581" AltIDMod="-10" />
      <MapTile TileID="582" AltIDMod="-10" />
      <MapTile TileID="583" AltIDMod="-10" />
      <MapTile TileID="584" AltIDMod="-10" />
      <MapTile TileID="585" AltIDMod="-10" />
    </MapTiles>
    <StaticTiles>
      <StaticTile TileID="6056" AltIDMod="-5" />
      <StaticTile TileID="6064" AltIDMod="-5" />
    </StaticTiles>
  </TransInfo>
  <TransInfo Description="Dungeon Cave Without Static to Shallow Water WE" HashKey="4A4A064A4A4A4A4A06">
    <MapTiles>
      <MapTile TileID="607" AltIDMod="0" />
      <MapTile TileID="608" AltIDMod="0" />
      <MapTile TileID="609" AltIDMod="0" />
    </MapTiles>
    <StaticTiles>
      <StaticTile TileID="6051" AltIDMod="-5" />
      <StaticTile TileID="6052" AltIDMod="-5" />
    </StaticTiles>
  </TransInfo>
  <TransInfo Description="Dungeon Cave Without Static to Shallow Water SWA" HashKey="064A064A4A4A4A4A06">
    <MapTiles>
      <MapTile TileID="606" AltIDMod="0" />
    </MapTiles>
    <StaticTiles />
  </TransInfo>
  <TransInfo Description="Dungeon Cave Without Static to Shallow Water EW" HashKey="064A4A4A4A4A064A4A">
    <MapTiles>
      <MapTile TileID="618" AltIDMod="0" />
      <MapTile TileID="619" AltIDMod="0" />
      <MapTile TileID="620" AltIDMod="0" />
      <MapTile TileID="621" AltIDMod="0" />
    </MapTiles>
    <StaticTiles />
  </TransInfo>
  <TransInfo Description="Dungeon Cave Without Static to Shallow Water SEA" HashKey="064A064A4A4A064A4A">
    <MapTiles>
      <MapTile TileID="608" AltIDMod="0" />
    </MapTiles>
    <StaticTiles />
  </TransInfo>
  <TransInfo Description="Dungeon Cave Without Static to Shallow Water NWA" HashKey="4A4A4A4A4A06064A4A">
    <MapTiles>
      <MapTile TileID="609" AltIDMod="-5" />
    </MapTiles>
    <StaticTiles>
      <StaticTile TileID="6060" AltIDMod="-5" />
    </StaticTiles>
  </TransInfo>
  <TransInfo Description="Dungeon Cave Without Static to Shallow Water SEA" HashKey="06064A064A4A064A4A">
    <MapTiles>
      <MapTile TileID="581" AltIDMod="-5" />
      <MapTile TileID="582" AltIDMod="-5" />
      <MapTile TileID="583" AltIDMod="-5" />
      <MapTile TileID="584" AltIDMod="-5" />
      <MapTile TileID="585" AltIDMod="-5" />
    </MapTiles>
    <StaticTiles>
      <StaticTile TileID="6058" AltIDMod="-5" />
    </StaticTiles>
  </TransInfo>
  <TransInfo Description="Dungeon Cave Without Static to Shallow Water NWA" HashKey="4A4A064A4A4A4A0606">
    <MapTiles>
      <MapTile TileID="609" AltIDMod="-5" />
    </MapTiles>
    <StaticTiles>
      <StaticTile TileID="6060" AltIDMod="-5" />
    </StaticTiles>
  </TransInfo>
  <TransInfo Description="Dungeon Cave Without Static to Shallow Water SN" HashKey="4A064A4A4A4A4A4A4A">
    <MapTiles>
      <MapTile TileID="614" AltIDMod="-15" />
      <MapTile TileID="615" AltIDMod="-15" />
      <MapTile TileID="616" AltIDMod="-15" />
      <MapTile TileID="617" AltIDMod="-15" />
    </MapTiles>
    <StaticTiles>
      <StaticTile TileID="6039" AltIDMod="-5" />
      <StaticTile TileID="6040" AltIDMod="-5" />
      <StaticTile TileID="6041" AltIDMod="-5" />
      <StaticTile TileID="6042" AltIDMod="-5" />
      <StaticTile TileID="6043" AltIDMod="-5" />
      <StaticTile TileID="6044" AltIDMod="-5" />
    </StaticTiles>
  </TransInfo>
  <TransInfo Description="Dungeon Cave Without Static to Shallow Water SWA" HashKey="4A064A4A4A4A4A4A06">
    <MapTiles>
      <MapTile TileID="608" AltIDMod="-15" />
    </MapTiles>
    <StaticTiles>
      <StaticTile TileID="6039" AltIDMod="-5" />
      <StaticTile TileID="6040" AltIDMod="-5" />
      <StaticTile TileID="6041" AltIDMod="-5" />
      <StaticTile TileID="6042" AltIDMod="-5" />
      <StaticTile TileID="6043" AltIDMod="-5" />
      <StaticTile TileID="6044" AltIDMod="-5" />
    </StaticTiles>
  </TransInfo>
  <TransInfo Description="Dungeon Cave Without Static to Shallow Water NWA" HashKey="4A4A064A4A06064A4A">
    <MapTiles>
      <MapTile TileID="609" AltIDMod="0" />
    </MapTiles>
    <StaticTiles>
      <StaticTile TileID="6060" AltIDMod="-5" />
    </StaticTiles>
  </TransInfo>
  <TransInfo Description="Dungeon Cave Without Static to Shallow Water NWA" HashKey="4A4A064A4A06064A06">
    <MapTiles>
      <MapTile TileID="609" AltIDMod="0" />
    </MapTiles>
    <StaticTiles>
      <StaticTile TileID="6060" AltIDMod="-5" />
    </StaticTiles>
  </TransInfo>
  <TransInfo Description="Dungeon Cave Without Static to Shallow Water NWA" HashKey="4A4A064A4A4A06064A">
    <MapTiles>
      <MapTile TileID="609" AltIDMod="0" />
    </MapTiles>
    <StaticTiles>
      <StaticTile TileID="6060" AltIDMod="-5" />
    </StaticTiles>
  </TransInfo>
  <TransInfo Description="Dungeon Cave Without Static to Shallow Water NWA" HashKey="4A4A064A4A4A060606">
    <MapTiles>
      <MapTile TileID="609" AltIDMod="0" />
    </MapTiles>
    <StaticTiles>
      <StaticTile TileID="6060" AltIDMod="-5" />
    </StaticTiles>
  </TransInfo>
  <TransInfo Description="Dungeon Cave Without Static to Shallow Water SEA" HashKey="064A06064A4A064A4A">
    <MapTiles>
      <MapTile TileID="606" AltIDMod="0" />
    </MapTiles>
    <StaticTiles />
  </TransInfo>
  <TransInfo Description="Dungeon Cave Without Static to Shallow Water NEA" HashKey="064A4A064A4A4A064A">
    <MapTiles>
      <MapTile TileID="604" AltIDMod="0" />
      <MapTile TileID="605" AltIDMod="0" />
      <MapTile TileID="607" AltIDMod="0" />
    </MapTiles>
    <StaticTiles />
  </TransInfo>
  <TransInfo Description="Dungeon Cave Without Static to Shallow Water SEA" HashKey="0606064A4A4A064A4A">
    <MapTiles>
      <MapTile TileID="606" AltIDMod="-4" />
    </MapTiles>
    <StaticTiles />
  </TransInfo>
  <TransInfo Description="Dungeon Cave Without Static to Shallow Water NEA" HashKey="4A4A4A064A4A064A06">
    <MapTiles>
      <MapTile TileID="604" AltIDMod="-15" />
      <MapTile TileID="605" AltIDMod="-15" />
      <MapTile TileID="607" AltIDMod="-15" />
    </MapTiles>
    <StaticTiles>
      <StaticTile TileID="6039" AltIDMod="-5" />
      <StaticTile TileID="6040" AltIDMod="-5" />
      <StaticTile TileID="6041" AltIDMod="-5" />
      <StaticTile TileID="6042" AltIDMod="-5" />
      <StaticTile TileID="6043" AltIDMod="-5" />
      <StaticTile TileID="6044" AltIDMod="-5" />
    </StaticTiles>
  </TransInfo>
  <TransInfo Description="Dungeon Cave Without Static to Shallow Water SWB" HashKey="4A4A4A4A4A4A064A4A">
    <MapTiles>
      <MapTile TileID="609" AltIDMod="-15" />
    </MapTiles>
    <StaticTiles>
      <StaticTile TileID="6053" AltIDMod="-5" />
      <StaticTile TileID="6066" AltIDMod="-5" />
    </StaticTiles>
  </TransInfo>
  <TransInfo Description="Dungeon Cave Without Static to Shallow Water SEA" HashKey="4A0606064A4A4A4A4A">
    <MapTiles>
      <MapTile TileID="606" AltIDMod="0" />
    </MapTiles>
    <StaticTiles />
  </TransInfo>
  <TransInfo Description="Dungeon Cave Without Static to Shallow Water NWA" HashKey="4A4A064A4A4A4A064A">
    <MapTiles>
      <MapTile TileID="609" AltIDMod="-5" />
    </MapTiles>
    <StaticTiles>
      <StaticTile TileID="6060" AltIDMod="-5" />
    </StaticTiles>
  </TransInfo>
  <TransInfo Description="Dungeon Cave Without Static to Shallow Water SWA" HashKey="4A064A4A4A064A4A06">
    <MapTiles>
      <MapTile TileID="608" AltIDMod="0" />
    </MapTiles>
    <StaticTiles />
  </TransInfo>
  <TransInfo Description="Dungeon Cave Without Static to Shallow Water NWA" HashKey="4A4A064A4A06060606">
    <MapTiles>
      <MapTile TileID="609" AltIDMod="0" />
    </MapTiles>
    <StaticTiles>
      <StaticTile TileID="6060" AltIDMod="-5" />
    </StaticTiles>
  </TransInfo>
  <TransInfo Description="Dungeon Cave Without Static to Shallow Water SN" HashKey="064A064A4A4A4A4A4A">
    <MapTiles>
      <MapTile TileID="608" AltIDMod="0" />
    </MapTiles>
    <StaticTiles />
  </TransInfo>
  <TransInfo Description="Dungeon Cave Without Static to Shallow Water WE" HashKey="4A4A4A4A4A064A4A06">
    <MapTiles>
      <MapTile TileID="607" AltIDMod="-5" />
      <MapTile TileID="608" AltIDMod="-5" />
      <MapTile TileID="609" AltIDMod="-5" />
    </MapTiles>
    <StaticTiles>
      <StaticTile TileID="6051" AltIDMod="-5" />
      <StaticTile TileID="6052" AltIDMod="-5" />
    </StaticTiles>
  </TransInfo>
  <TransInfo Description="Dungeon Cave Without Static to Shallow Water SEA" HashKey="064A06064A4A4A4A4A">
    <MapTiles>
      <MapTile TileID="606" AltIDMod="0" />
    </MapTiles>
    <StaticTiles />
  </TransInfo>
  <TransInfo Description="Dungeon Cave Without Static to Shallow Water EW" HashKey="4A4A4A064A4A064A4A">
    <MapTiles>
      <MapTile TileID="581" AltIDMod="-10" />
      <MapTile TileID="582" AltIDMod="-10" />
      <MapTile TileID="583" AltIDMod="-10" />
      <MapTile TileID="584" AltIDMod="-10" />
      <MapTile TileID="585" AltIDMod="-10" />
    </MapTiles>
    <StaticTiles>
      <StaticTile TileID="6045" AltIDMod="-5" />
      <StaticTile TileID="6046" AltIDMod="-5" />
    </StaticTiles>
  </TransInfo>
  <TransInfo Description="Dungeon Cave Without Static to Shallow Water NS" HashKey="4A4A4A4A4A4A060606">
    <MapTiles>
      <MapTile TileID="602" AltIDMod="-2" />
      <MapTile TileID="603" AltIDMod="-2" />
      <MapTile TileID="604" AltIDMod="-3" />
      <MapTile TileID="605" AltIDMod="-3" />
    </MapTiles>
    <StaticTiles>
      <StaticTile TileID="6047" AltIDMod="-5" />
      <StaticTile TileID="6048" AltIDMod="-5" />
    </StaticTiles>
  </TransInfo>
  <TransInfo Description="Dungeon Cave Without Static to Shallow Water WE" HashKey="4A4A4A4A4A064A4A4A">
    <MapTiles>
      <MapTile TileID="607" AltIDMod="-5" />
      <MapTile TileID="608" AltIDMod="-5" />
      <MapTile TileID="609" AltIDMod="-5" />
    </MapTiles>
    <StaticTiles>
      <StaticTile TileID="6051" AltIDMod="-5" />
      <StaticTile TileID="6052" AltIDMod="-5" />
    </StaticTiles>
  </TransInfo>
  <TransInfo Description="Dungeon Cave Without Static to Shallow Water SN" HashKey="0606064A4A4A4A4A4A">
    <MapTiles>
      <MapTile TileID="581" AltIDMod="-10" />
      <MapTile TileID="582" AltIDMod="-10" />
      <MapTile TileID="583" AltIDMod="-10" />
      <MapTile TileID="584" AltIDMod="-10" />
      <MapTile TileID="585" AltIDMod="-10" />
    </MapTiles>
    <StaticTiles>
      <StaticTile TileID="6049" AltIDMod="-5" />
      <StaticTile TileID="6050" AltIDMod="-5" />
    </StaticTiles>
  </TransInfo>
  <TransInfo Description="Dungeon Cave Without Static to Shallow Water SWA" HashKey="0606064A4A4A4A4A06">
    <MapTiles>
      <MapTile TileID="608" AltIDMod="-4" />
    </MapTiles>
    <StaticTiles />
  </TransInfo>
  <TransInfo Description="Dungeon Cave Without Static to Shallow Water NWA" HashKey="4A4A064A4A0606064A">
    <MapTiles>
      <MapTile TileID="609" AltIDMod="0" />
    </MapTiles>
    <StaticTiles>
      <StaticTile TileID="6060" AltIDMod="-5" />
    </StaticTiles>
  </TransInfo>
  <TransInfo Description="Dungeon Cave Without Static to Shallow Water SWA" HashKey="4A064A4A4A064A4A4A">
    <MapTiles>
      <MapTile TileID="608" AltIDMod="0" />
    </MapTiles>
    <StaticTiles />
  </TransInfo>
  <TransInfo Description="Dungeon Cave Without Static to Shallow Water NWA" HashKey="4A4A4A4A4A064A0606">
    <MapTiles>
      <MapTile TileID="609" AltIDMod="-5" />
    </MapTiles>
    <StaticTiles>
      <StaticTile TileID="6060" AltIDMod="-5" />
    </StaticTiles>
  </TransInfo>
  <TransInfo Description="Dungeon Cave Without Static to Shallow Water WE" HashKey="4A4A064A4A064A4A06">
    <MapTiles>
      <MapTile TileID="607" AltIDMod="-3" />
      <MapTile TileID="608" AltIDMod="-3" />
      <MapTile TileID="609" AltIDMod="-3" />
    </MapTiles>
    <StaticTiles>
      <StaticTile TileID="6051" AltIDMod="-5" />
      <StaticTile TileID="6052" AltIDMod="-5" />
    </StaticTiles>
  </TransInfo>
  <TransInfo Description="Dungeon Cave Without Static to Shallow Water NEA" HashKey="064A4A4A4A4A064A06">
    <MapTiles>
      <MapTile TileID="604" AltIDMod="0" />
      <MapTile TileID="605" AltIDMod="0" />
      <MapTile TileID="607" AltIDMod="0" />
    </MapTiles>
    <StaticTiles />
  </TransInfo>
  <TransInfo Description="Dungeon Cave Without Static to Shallow Water NS" HashKey="4A4A4A4A4A4A06064A">
    <MapTiles>
      <MapTile TileID="602" AltIDMod="-5" />
      <MapTile TileID="603" AltIDMod="-5" />
      <MapTile TileID="604" AltIDMod="-5" />
      <MapTile TileID="605" AltIDMod="-5" />
    </MapTiles>
    <StaticTiles>
      <StaticTile TileID="6047" AltIDMod="-5" />
      <StaticTile TileID="6048" AltIDMod="-5" />
    </StaticTiles>
  </TransInfo>
  <TransInfo Description="Dungeon Cave Without Static to Shallow Water NWA" HashKey="4A4A4A4A4A0606064A">
    <MapTiles>
      <MapTile TileID="609" AltIDMod="-5" />
    </MapTiles>
    <StaticTiles>
      <StaticTile TileID="6060" AltIDMod="-5" />
    </StaticTiles>
  </TransInfo>
  <TransInfo Description="Dungeon Cave Without Static to Shallow Water NWA" HashKey="4A4A4A4A4A06060606">
    <MapTiles>
      <MapTile TileID="609" AltIDMod="-5" />
    </MapTiles>
    <StaticTiles>
      <StaticTile TileID="6060" AltIDMod="-5" />
    </StaticTiles>
  </TransInfo>
  <TransInfo Description="Dungeon Cave Without Static to Shallow Water SEA" HashKey="4A064A064A4A064A4A">
    <MapTiles>
      <MapTile TileID="606" AltIDMod="0" />
    </MapTiles>
    <StaticTiles />
  </TransInfo>
  <TransInfo Description="Dungeon Cave Without Static to Shallow Water SWA" HashKey="0606064A4A064A4A06">
    <MapTiles>
      <MapTile TileID="608" AltIDMod="-10" />
    </MapTiles>
    <StaticTiles>
      <StaticTile TileID="6059" AltIDMod="-5" />
    </StaticTiles>
  </TransInfo>
  <TransInfo Description="Dungeon Cave Without Static to Shallow Water NWA" HashKey="4A4A4A4A4A064A064A">
    <MapTiles>
      <MapTile TileID="609" AltIDMod="-5" />
    </MapTiles>
    <StaticTiles>
      <StaticTile TileID="6060" AltIDMod="-5" />
    </StaticTiles>
  </TransInfo>
  <TransInfo Description="Dungeon Cave Without Static to Shallow Water EW" HashKey="4A4A4A064A4A4A4A4A">
    <MapTiles>
      <MapTile TileID="618" AltIDMod="-15" />
      <MapTile TileID="619" AltIDMod="-15" />
      <MapTile TileID="620" AltIDMod="-15" />
      <MapTile TileID="621" AltIDMod="-15" />
    </MapTiles>
    <StaticTiles>
      <StaticTile TileID="6039" AltIDMod="-5" />
      <StaticTile TileID="6040" AltIDMod="-5" />
      <StaticTile TileID="6041" AltIDMod="-5" />
      <StaticTile TileID="6042" AltIDMod="-5" />
      <StaticTile TileID="6043" AltIDMod="-5" />
      <StaticTile TileID="6044" AltIDMod="-5" />
    </StaticTiles>
  </TransInfo>
  <TransInfo Description="Dungeon Cave Without Static to Shallow Water NEA" HashKey="4A4A4A064A4A4A4A06">
    <MapTiles>
      <MapTile TileID="604" AltIDMod="-15" />
      <MapTile TileID="605" AltIDMod="-15" />
      <MapTile TileID="607" AltIDMod="-15" />
    </MapTiles>
    <StaticTiles>
      <StaticTile TileID="6039" AltIDMod="-5" />
      <StaticTile TileID="6040" AltIDMod="-5" />
      <StaticTile TileID="6041" AltIDMod="-5" />
      <StaticTile TileID="6042" AltIDMod="-5" />
      <StaticTile TileID="6043" AltIDMod="-5" />
      <StaticTile TileID="6044" AltIDMod="-5" />
    </StaticTiles>
  </TransInfo>
  <TransInfo Description="Dungeon Cave Without Static to Shallow Water WE" HashKey="4A4A064A4A064A4A4A">
    <MapTiles>
      <MapTile TileID="607" AltIDMod="-10" />
      <MapTile TileID="608" AltIDMod="-10" />
      <MapTile TileID="609" AltIDMod="-10" />
    </MapTiles>
    <StaticTiles>
      <StaticTile TileID="6051" AltIDMod="-5" />
      <StaticTile TileID="6052" AltIDMod="-5" />
    </StaticTiles>
  </TransInfo>
  <TransInfo Description="Dungeon Cave Without Static to Shallow Water SEA" HashKey="4A4A06064A4A064A4A">
    <MapTiles>
      <MapTile TileID="606" AltIDMod="-15" />
    </MapTiles>
    <StaticTiles>
      <StaticTile TileID="6039" AltIDMod="-5" />
      <StaticTile TileID="6040" AltIDMod="-5" />
      <StaticTile TileID="6041" AltIDMod="-5" />
      <StaticTile TileID="6042" AltIDMod="-5" />
      <StaticTile TileID="6043" AltIDMod="-5" />
      <StaticTile TileID="6044" AltIDMod="-5" />
    </StaticTiles>
  </TransInfo>
  <TransInfo Description="Dungeon Cave Without Static to Shallow Water SWA" HashKey="0606064A4A064A4A4A">
    <MapTiles>
      <MapTile TileID="608" AltIDMod="-5" />
    </MapTiles>
    <StaticTiles>
      <StaticTile TileID="6059" AltIDMod="-5" />
    </StaticTiles>
  </TransInfo>
</Trans>