﻿<?xml version="1.0" encoding="utf-8"?>
<Trans>
  <TransInfo Description="Red Brick (NS) To Dungeon Cave" HashKey="222222152215151515">
    <MapTiles>
      <MapTile TileID="1148" AltIDMod="0" />
    </MapTiles>
    <StaticTiles>
      <StaticTile TileID="1363" AltIDMod="0" />
      <StaticTile TileID="1352" AltIDMod="0" />
      <StaticTile TileID="1353" AltIDMod="0" />
    </StaticTiles>
  </TransInfo>
  <TransInfo Description="Red Brick (NS) To Dungeon Cave" HashKey="152222222222221515">
    <MapTiles>
      <MapTile TileID="1148" AltIDMod="0" />
    </MapTiles>
    <StaticTiles />
  </TransInfo>
  <TransInfo Description="Red Brick (NS) To Dungeon Cave" HashKey="222215152222222215">
    <MapTiles>
      <MapTile TileID="1148" AltIDMod="0" />
    </MapTiles>
    <StaticTiles />
  </TransInfo>
  <TransInfo Description="Red Brick (NS) To Dungeon Cave" HashKey="222222152222222222">
    <MapTiles>
      <MapTile TileID="1148" AltIDMod="0" />
    </MapTiles>
    <StaticTiles />
  </TransInfo>
  <TransInfo Description="Red Brick (NS) To Dungeon Cave" HashKey="151515222222222215">
    <MapTiles>
      <MapTile TileID="1148" AltIDMod="0" />
    </MapTiles>
    <StaticTiles />
  </TransInfo>
  <TransInfo Description="Red Brick (NS) To Dungeon Cave" HashKey="221522222215222215">
    <MapTiles>
      <MapTile TileID="1148" AltIDMod="0" />
    </MapTiles>
    <StaticTiles>
      <StaticTile TileID="1362" AltIDMod="0" />
      <StaticTile TileID="1351" AltIDMod="0" />
    </StaticTiles>
  </TransInfo>
  <TransInfo Description="Red Brick (NS) To Dungeon Cave" HashKey="221522222215221522">
    <MapTiles>
      <MapTile TileID="1148" AltIDMod="0" />
    </MapTiles>
    <StaticTiles>
      <StaticTile TileID="1362" AltIDMod="0" />
      <StaticTile TileID="1351" AltIDMod="0" />
      <StaticTile TileID="1353" AltIDMod="0" />
    </StaticTiles>
  </TransInfo>
  <TransInfo Description="Red Brick (NS) To Dungeon Cave" HashKey="151522152215152222">
    <MapTiles>
      <MapTile TileID="1148" AltIDMod="0" />
    </MapTiles>
    <StaticTiles>
      <StaticTile TileID="1361" AltIDMod="0" />
      <StaticTile TileID="1362" AltIDMod="0" />
      <StaticTile TileID="1344" AltIDMod="0" />
      <StaticTile TileID="1351" AltIDMod="0" />
    </StaticTiles>
  </TransInfo>
  <TransInfo Description="Red Brick (NS) To Dungeon Cave" HashKey="151515222222221515">
    <MapTiles>
      <MapTile TileID="1148" AltIDMod="0" />
    </MapTiles>
    <StaticTiles />
  </TransInfo>
  <TransInfo Description="Red Brick (NS) To Dungeon Cave" HashKey="152215222215221522">
    <MapTiles>
      <MapTile TileID="1148" AltIDMod="0" />
    </MapTiles>
    <StaticTiles>
      <StaticTile TileID="1353" AltIDMod="0" />
    </StaticTiles>
  </TransInfo>
  <TransInfo Description="Red Brick (NS) To Dungeon Cave" HashKey="221522152222222222">
    <MapTiles>
      <MapTile TileID="1148" AltIDMod="0" />
    </MapTiles>
    <StaticTiles>
      <StaticTile TileID="1361" AltIDMod="0" />
      <StaticTile TileID="1344" AltIDMod="0" />
    </StaticTiles>
  </TransInfo>
  <TransInfo Description="Red Brick (NS) To Dungeon Cave" HashKey="222222222215221515">
    <MapTiles>
      <MapTile TileID="1148" AltIDMod="0" />
    </MapTiles>
    <StaticTiles>
      <StaticTile TileID="1353" AltIDMod="0" />
    </StaticTiles>
  </TransInfo>
  <TransInfo Description="Red Brick (NS) To Dungeon Cave" HashKey="151515152222221515">
    <MapTiles>
      <MapTile TileID="1148" AltIDMod="0" />
    </MapTiles>
    <StaticTiles>
      <StaticTile TileID="1363" AltIDMod="0" />
      <StaticTile TileID="1361" AltIDMod="0" />
      <StaticTile TileID="1344" AltIDMod="0" />
      <StaticTile TileID="1352" AltIDMod="0" />
    </StaticTiles>
  </TransInfo>
  <TransInfo Description="Red Brick (NS) To Dungeon Cave" HashKey="152215222215151515">
    <MapTiles>
      <MapTile TileID="1148" AltIDMod="0" />
    </MapTiles>
    <StaticTiles>
      <StaticTile TileID="1353" AltIDMod="0" />
    </StaticTiles>
  </TransInfo>
  <TransInfo Description="Red Brick (NS) To Dungeon Cave" HashKey="222215152222221522">
    <MapTiles>
      <MapTile TileID="1148" AltIDMod="0" />
    </MapTiles>
    <StaticTiles>
      <StaticTile TileID="1363" AltIDMod="0" />
      <StaticTile TileID="1352" AltIDMod="0" />
    </StaticTiles>
  </TransInfo>
  <TransInfo Description="Red Brick (NS) To Dungeon Cave" HashKey="152222222215152222">
    <MapTiles>
      <MapTile TileID="1148" AltIDMod="0" />
    </MapTiles>
    <StaticTiles />
  </TransInfo>
  <TransInfo Description="Red Brick (NS) To Dungeon Cave" HashKey="152215152215221515">
    <MapTiles>
      <MapTile TileID="1148" AltIDMod="0" />
    </MapTiles>
    <StaticTiles>
      <StaticTile TileID="1363" AltIDMod="0" />
      <StaticTile TileID="1352" AltIDMod="0" />
      <StaticTile TileID="1353" AltIDMod="0" />
    </StaticTiles>
  </TransInfo>
  <TransInfo Description="Red Brick (NS) To Dungeon Cave" HashKey="152222222222151522">
    <MapTiles>
      <MapTile TileID="1148" AltIDMod="0" />
    </MapTiles>
    <StaticTiles />
  </TransInfo>
  <TransInfo Description="Red Brick (NS) To Dungeon Cave" HashKey="152215222215222215">
    <MapTiles>
      <MapTile TileID="1148" AltIDMod="0" />
    </MapTiles>
    <StaticTiles />
  </TransInfo>
  <TransInfo Description="Red Brick (NS) To Dungeon Cave" HashKey="221522222222222222">
    <MapTiles>
      <MapTile TileID="1148" AltIDMod="0" />
    </MapTiles>
    <StaticTiles />
  </TransInfo>
  <TransInfo Description="Red Brick (NS) To Dungeon Cave" HashKey="151515152215221522">
    <MapTiles>
      <MapTile TileID="1148" AltIDMod="0" />
    </MapTiles>
    <StaticTiles>
      <StaticTile TileID="1363" AltIDMod="0" />
      <StaticTile TileID="1362" AltIDMod="0" />
      <StaticTile TileID="1361" AltIDMod="0" />
      <StaticTile TileID="1352" AltIDMod="0" />
      <StaticTile TileID="1351" AltIDMod="0" />
      <StaticTile TileID="1344" AltIDMod="0" />
    </StaticTiles>
  </TransInfo>
  <TransInfo Description="Red Brick (NS) To Dungeon Cave" HashKey="151515152222151522">
    <MapTiles>
      <MapTile TileID="1148" AltIDMod="0" />
    </MapTiles>
    <StaticTiles>
      <StaticTile TileID="1363" AltIDMod="0" />
      <StaticTile TileID="1361" AltIDMod="0" />
      <StaticTile TileID="1352" AltIDMod="0" />
      <StaticTile TileID="1344" AltIDMod="0" />
    </StaticTiles>
  </TransInfo>
  <TransInfo Description="Red Brick (NS) To Dungeon Cave" HashKey="222215152222152222">
    <MapTiles>
      <MapTile TileID="1148" AltIDMod="0" />
    </MapTiles>
    <StaticTiles />
  </TransInfo>
  <TransInfo Description="Red Brick (NS) To Dungeon Cave" HashKey="152215222215221515">
    <MapTiles>
      <MapTile TileID="1148" AltIDMod="0" />
    </MapTiles>
    <StaticTiles>
      <StaticTile TileID="1353" AltIDMod="0" />
    </StaticTiles>
  </TransInfo>
  <TransInfo Description="Red Brick (NS) To Dungeon Cave" HashKey="221522152222222215">
    <MapTiles>
      <MapTile TileID="1148" AltIDMod="0" />
    </MapTiles>
    <StaticTiles>
      <StaticTile TileID="1361" AltIDMod="0" />
      <StaticTile TileID="1344" AltIDMod="0" />
    </StaticTiles>
  </TransInfo>
  <TransInfo Description="Red Brick (NS) To Dungeon Cave" HashKey="152215152222152222">
    <MapTiles>
      <MapTile TileID="1148" AltIDMod="0" />
    </MapTiles>
    <StaticTiles />
  </TransInfo>
  <TransInfo Description="Red Brick (NS) To Dungeon Cave" HashKey="221515152222221522">
    <MapTiles>
      <MapTile TileID="1148" AltIDMod="0" />
    </MapTiles>
    <StaticTiles>
      <StaticTile TileID="1363" AltIDMod="0" />
      <StaticTile TileID="1352" AltIDMod="0" />
      <StaticTile TileID="1361" AltIDMod="0" />
      <StaticTile TileID="1344" AltIDMod="0" />
    </StaticTiles>
  </TransInfo>
  <TransInfo Description="Red Brick (NS) To Dungeon Cave" HashKey="151515152215151515">
    <MapTiles>
      <MapTile TileID="1148" AltIDMod="0" />
    </MapTiles>
    <StaticTiles>
      <StaticTile TileID="1363" AltIDMod="0" />
      <StaticTile TileID="1362" AltIDMod="0" />
      <StaticTile TileID="1361" AltIDMod="0" />
      <StaticTile TileID="1344" AltIDMod="0" />
      <StaticTile TileID="1351" AltIDMod="0" />
      <StaticTile TileID="1352" AltIDMod="0" />
      <StaticTile TileID="1353" AltIDMod="0" />
    </StaticTiles>
  </TransInfo>
  <TransInfo Description="Red Brick (NS) To Dungeon Cave" HashKey="221522222215152222">
    <MapTiles>
      <MapTile TileID="1148" AltIDMod="0" />
    </MapTiles>
    <StaticTiles>
      <StaticTile TileID="1362" AltIDMod="0" />
      <StaticTile TileID="1351" AltIDMod="0" />
    </StaticTiles>
  </TransInfo>
  <TransInfo Description="Red Brick (NS) To Dungeon Cave" HashKey="222222222222222215">
    <MapTiles>
      <MapTile TileID="1148" AltIDMod="0" />
    </MapTiles>
    <StaticTiles />
  </TransInfo>
  <TransInfo Description="Red Brick (NS) To Dungeon Cave" HashKey="222222222222221522">
    <MapTiles>
      <MapTile TileID="1148" AltIDMod="0" />
    </MapTiles>
    <StaticTiles />
  </TransInfo>
  <TransInfo Description="Red Brick (NS) To Dungeon Cave" HashKey="221515152222151515">
    <MapTiles>
      <MapTile TileID="1148" AltIDMod="0" />
    </MapTiles>
    <StaticTiles>
      <StaticTile TileID="1361" AltIDMod="0" />
      <StaticTile TileID="1344" AltIDMod="0" />
      <StaticTile TileID="1363" AltIDMod="0" />
      <StaticTile TileID="1352" AltIDMod="0" />
    </StaticTiles>
  </TransInfo>
  <TransInfo Description="Red Brick (NS) To Dungeon Cave" HashKey="151515152215222215">
    <MapTiles>
      <MapTile TileID="1148" AltIDMod="0" />
    </MapTiles>
    <StaticTiles>
      <StaticTile TileID="1362" AltIDMod="0" />
      <StaticTile TileID="1361" AltIDMod="0" />
      <StaticTile TileID="1351" AltIDMod="0" />
      <StaticTile TileID="1344" AltIDMod="0" />
    </StaticTiles>
  </TransInfo>
  <TransInfo Description="Red Brick (NS) To Dungeon Cave" HashKey="151515152222152215">
    <MapTiles>
      <MapTile TileID="1148" AltIDMod="0" />
    </MapTiles>
    <StaticTiles>
      <StaticTile TileID="1361" AltIDMod="0" />
      <StaticTile TileID="1344" AltIDMod="0" />
    </StaticTiles>
  </TransInfo>
  <TransInfo Description="Red Brick (NS) To Dungeon Cave" HashKey="151515152215221515">
    <MapTiles>
      <MapTile TileID="1148" AltIDMod="0" />
    </MapTiles>
    <StaticTiles>
      <StaticTile TileID="1363" AltIDMod="0" />
      <StaticTile TileID="1362" AltIDMod="0" />
      <StaticTile TileID="1361" AltIDMod="0" />
      <StaticTile TileID="1352" AltIDMod="0" />
      <StaticTile TileID="1351" AltIDMod="0" />
      <StaticTile TileID="1344" AltIDMod="0" />
    </StaticTiles>
  </TransInfo>
  <TransInfo Description="Red Brick (NS) To Dungeon Cave" HashKey="221515152222222215">
    <MapTiles>
      <MapTile TileID="1148" AltIDMod="0" />
    </MapTiles>
    <StaticTiles>
      <StaticTile TileID="1361" AltIDMod="0" />
      <StaticTile TileID="1344" AltIDMod="0" />
    </StaticTiles>
  </TransInfo>
  <TransInfo Description="Red Brick (NS) To Dungeon Cave" HashKey="151522222222221515">
    <MapTiles>
      <MapTile TileID="1148" AltIDMod="0" />
    </MapTiles>
    <StaticTiles />
  </TransInfo>
  <TransInfo Description="Red Brick (NS) To Dungeon Cave" HashKey="152215222222152215">
    <MapTiles>
      <MapTile TileID="1148" AltIDMod="0" />
    </MapTiles>
    <StaticTiles />
  </TransInfo>
  <TransInfo Description="Red Brick (NS) To Dungeon Cave" HashKey="221522152222221522">
    <MapTiles>
      <MapTile TileID="1148" AltIDMod="0" />
    </MapTiles>
    <StaticTiles>
      <StaticTile TileID="1363" AltIDMod="0" />
      <StaticTile TileID="1352" AltIDMod="0" />
      <StaticTile TileID="1361" AltIDMod="0" />
      <StaticTile TileID="1344" AltIDMod="0" />
    </StaticTiles>
  </TransInfo>
  <TransInfo Description="Red Brick (NS) To Dungeon Cave" HashKey="152215152222152215">
    <MapTiles>
      <MapTile TileID="1148" AltIDMod="0" />
    </MapTiles>
    <StaticTiles />
  </TransInfo>
  <TransInfo Description="Red Brick (NS) To Dungeon Cave" HashKey="152215152222151522">
    <MapTiles>
      <MapTile TileID="1148" AltIDMod="0" />
    </MapTiles>
    <StaticTiles>
      <StaticTile TileID="1363" AltIDMod="0" />
      <StaticTile TileID="1352" AltIDMod="0" />
    </StaticTiles>
  </TransInfo>
  <TransInfo Description="Red Brick (NS) To Dungeon Cave" HashKey="152215152215151515">
    <MapTiles>
      <MapTile TileID="1148" AltIDMod="0" />
    </MapTiles>
    <StaticTiles>
      <StaticTile TileID="1363" AltIDMod="0" />
      <StaticTile TileID="1352" AltIDMod="0" />
      <StaticTile TileID="1353" AltIDMod="0" />
    </StaticTiles>
  </TransInfo>
  <TransInfo Description="Red Brick (NS) To Dungeon Cave" HashKey="221522152222152222">
    <MapTiles>
      <MapTile TileID="1148" AltIDMod="0" />
    </MapTiles>
    <StaticTiles>
      <StaticTile TileID="1361" AltIDMod="0" />
      <StaticTile TileID="1344" AltIDMod="0" />
    </StaticTiles>
  </TransInfo>
  <TransInfo Description="Red Brick (NS) To Dungeon Cave" HashKey="152215152222222222">
    <MapTiles>
      <MapTile TileID="1148" AltIDMod="0" />
    </MapTiles>
    <StaticTiles />
  </TransInfo>
  <TransInfo Description="Red Brick (NS) To Dungeon Cave" HashKey="222222222222152222">
    <MapTiles>
      <MapTile TileID="1148" AltIDMod="0" />
    </MapTiles>
    <StaticTiles />
  </TransInfo>
  <TransInfo Description="Red Brick (NS) To Dungeon Cave" HashKey="151515222215222222">
    <MapTiles>
      <MapTile TileID="1148" AltIDMod="0" />
    </MapTiles>
    <StaticTiles>
      <StaticTile TileID="1362" AltIDMod="0" />
      <StaticTile TileID="1351" AltIDMod="0" />
    </StaticTiles>
  </TransInfo>
  <TransInfo Description="Red Brick (NS) To Dungeon Cave" HashKey="222215222222221522">
    <MapTiles>
      <MapTile TileID="1148" AltIDMod="0" />
    </MapTiles>
    <StaticTiles />
  </TransInfo>
  <TransInfo Description="Red Brick (NS) To Dungeon Cave" HashKey="222215152222151515">
    <MapTiles>
      <MapTile TileID="1148" AltIDMod="0" />
    </MapTiles>
    <StaticTiles>
      <StaticTile TileID="1363" AltIDMod="0" />
      <StaticTile TileID="1352" AltIDMod="0" />
    </StaticTiles>
  </TransInfo>
  <TransInfo Description="Red Brick (NS) To Dungeon Cave" HashKey="151522222215151515">
    <MapTiles>
      <MapTile TileID="1148" AltIDMod="0" />
    </MapTiles>
    <StaticTiles>
      <StaticTile TileID="1353" AltIDMod="0" />
      <StaticTile TileID="1362" AltIDMod="0" />
      <StaticTile TileID="1351" AltIDMod="0" />
    </StaticTiles>
  </TransInfo>
  <TransInfo Description="Red Brick (NS) To Dungeon Cave" HashKey="151522152215221515">
    <MapTiles>
      <MapTile TileID="1148" AltIDMod="0" />
    </MapTiles>
    <StaticTiles>
      <StaticTile TileID="1361" AltIDMod="0" />
      <StaticTile TileID="1353" AltIDMod="0" />
      <StaticTile TileID="1344" AltIDMod="0" />
    </StaticTiles>
  </TransInfo>
  <TransInfo Description="Red Brick (NS) To Dungeon Cave" HashKey="152215222222222222">
    <MapTiles>
      <MapTile TileID="1148" AltIDMod="0" />
    </MapTiles>
    <StaticTiles />
  </TransInfo>
  <TransInfo Description="Red Brick (NS) To Dungeon Cave" HashKey="151522222215222215">
    <MapTiles>
      <MapTile TileID="1148" AltIDMod="0" />
    </MapTiles>
    <StaticTiles>
      <StaticTile TileID="1362" AltIDMod="0" />
      <StaticTile TileID="1351" AltIDMod="0" />
    </StaticTiles>
  </TransInfo>
  <TransInfo Description="Red Brick (NS) To Dungeon Cave" HashKey="151522222222152215">
    <MapTiles>
      <MapTile TileID="1148" AltIDMod="0" />
    </MapTiles>
    <StaticTiles />
  </TransInfo>
  <TransInfo Description="Red Brick (NS) To Dungeon Cave" HashKey="222222152222221522">
    <MapTiles>
      <MapTile TileID="1148" AltIDMod="0" />
    </MapTiles>
    <StaticTiles>
      <StaticTile TileID="1363" AltIDMod="0" />
      <StaticTile TileID="1352" AltIDMod="0" />
    </StaticTiles>
  </TransInfo>
  <TransInfo Description="Red Brick (NS) To Dungeon Cave" HashKey="151522222215221515">
    <MapTiles>
      <MapTile TileID="1148" AltIDMod="0" />
    </MapTiles>
    <StaticTiles>
      <StaticTile TileID="1362" AltIDMod="0" />
      <StaticTile TileID="1351" AltIDMod="0" />
      <StaticTile TileID="1353" AltIDMod="0" />
    </StaticTiles>
  </TransInfo>
  <TransInfo Description="Red Brick (NS) To Dungeon Cave" HashKey="222215222222222215">
    <MapTiles>
      <MapTile TileID="1148" AltIDMod="0" />
    </MapTiles>
    <StaticTiles />
  </TransInfo>
  <TransInfo Description="Red Brick (NS) To Dungeon Cave" HashKey="151522152222152222">
    <MapTiles>
      <MapTile TileID="1148" AltIDMod="0" />
    </MapTiles>
    <StaticTiles>
      <StaticTile TileID="1361" AltIDMod="0" />
      <StaticTile TileID="1344" AltIDMod="0" />
    </StaticTiles>
  </TransInfo>
  <TransInfo Description="Red Brick (NS) To Dungeon Cave" HashKey="151522222222151515">
    <MapTiles>
      <MapTile TileID="1148" AltIDMod="0" />
    </MapTiles>
    <StaticTiles />
  </TransInfo>
  <TransInfo Description="Red Brick (NS) To Dungeon Cave" HashKey="151522152215151522">
    <MapTiles>
      <MapTile TileID="1148" AltIDMod="0" />
    </MapTiles>
    <StaticTiles>
      <StaticTile TileID="1344" AltIDMod="0" />
      <StaticTile TileID="1363" AltIDMod="0" />
      <StaticTile TileID="1361" AltIDMod="0" />
      <StaticTile TileID="1352" AltIDMod="0" />
    </StaticTiles>
  </TransInfo>
  <TransInfo Description="Red Brick (NS) To Dungeon Cave" HashKey="221515152215221522">
    <MapTiles>
      <MapTile TileID="1148" AltIDMod="0" />
    </MapTiles>
    <StaticTiles>
      <StaticTile TileID="1363" AltIDMod="0" />
      <StaticTile TileID="1352" AltIDMod="0" />
      <StaticTile TileID="1362" AltIDMod="0" />
      <StaticTile TileID="1351" AltIDMod="0" />
      <StaticTile TileID="1361" AltIDMod="0" />
      <StaticTile TileID="1344" AltIDMod="0" />
      <StaticTile TileID="1353" AltIDMod="0" />
    </StaticTiles>
  </TransInfo>
  <TransInfo Description="Red Brick (NS) To Dungeon Cave" HashKey="152222222215221515">
    <MapTiles>
      <MapTile TileID="1148" AltIDMod="0" />
    </MapTiles>
    <StaticTiles>
      <StaticTile TileID="1353" AltIDMod="0" />
    </StaticTiles>
  </TransInfo>
  <TransInfo Description="Red Brick (NS) To Dungeon Cave" HashKey="151515222215222215">
    <MapTiles>
      <MapTile TileID="1148" AltIDMod="0" />
    </MapTiles>
    <StaticTiles>
      <StaticTile TileID="1362" AltIDMod="0" />
      <StaticTile TileID="1351" AltIDMod="0" />
    </StaticTiles>
  </TransInfo>
  <TransInfo Description="Red Brick (NS) To Dungeon Cave" HashKey="222222152222151515">
    <MapTiles>
      <MapTile TileID="1148" AltIDMod="0" />
    </MapTiles>
    <StaticTiles>
      <StaticTile TileID="1363" AltIDMod="0" />
      <StaticTile TileID="1352" AltIDMod="0" />
    </StaticTiles>
  </TransInfo>
  <TransInfo Description="Red Brick (NS) To Dungeon Cave" HashKey="221515222222222222">
    <MapTiles>
      <MapTile TileID="1148" AltIDMod="0" />
    </MapTiles>
    <StaticTiles />
  </TransInfo>
  <TransInfo Description="Red Brick (NS) To Dungeon Cave" HashKey="222215222222221515">
    <MapTiles>
      <MapTile TileID="1148" AltIDMod="0" />
    </MapTiles>
    <StaticTiles />
  </TransInfo>
  <TransInfo Description="Red Brick (NS) To Dungeon Cave" HashKey="221522222222152215">
    <MapTiles>
      <MapTile TileID="1148" AltIDMod="0" />
    </MapTiles>
    <StaticTiles />
  </TransInfo>
  <TransInfo Description="Red Brick (NS) To Dungeon Cave" HashKey="222222152222222215">
    <MapTiles>
      <MapTile TileID="1148" AltIDMod="0" />
    </MapTiles>
    <StaticTiles />
  </TransInfo>
  <TransInfo Description="Red Brick (NS) To Dungeon Cave" HashKey="152215222222222215">
    <MapTiles>
      <MapTile TileID="1148" AltIDMod="0" />
    </MapTiles>
    <StaticTiles />
  </TransInfo>
  <TransInfo Description="Red Brick (NS) To Dungeon Cave" HashKey="152215222222221522">
    <MapTiles>
      <MapTile TileID="1148" AltIDMod="0" />
    </MapTiles>
    <StaticTiles />
  </TransInfo>
  <TransInfo Description="Red Brick (NS) To Dungeon Cave" HashKey="152222222222152222">
    <MapTiles>
      <MapTile TileID="1148" AltIDMod="0" />
    </MapTiles>
    <StaticTiles />
  </TransInfo>
  <TransInfo Description="Red Brick (NS) To Dungeon Cave" HashKey="152215152215151522">
    <MapTiles>
      <MapTile TileID="1148" AltIDMod="0" />
    </MapTiles>
    <StaticTiles>
      <StaticTile TileID="1363" AltIDMod="0" />
      <StaticTile TileID="1352" AltIDMod="0" />
      <StaticTile TileID="1353" AltIDMod="0" />
    </StaticTiles>
  </TransInfo>
  <TransInfo Description="Red Brick (NS) To Dungeon Cave" HashKey="152222222215151522">
    <MapTiles>
      <MapTile TileID="1148" AltIDMod="0" />
    </MapTiles>
    <StaticTiles>
      <StaticTile TileID="1353" AltIDMod="0" />
    </StaticTiles>
  </TransInfo>
  <TransInfo Description="Red Brick (NS) To Dungeon Cave" HashKey="221522222215221515">
    <MapTiles>
      <MapTile TileID="1148" AltIDMod="0" />
    </MapTiles>
    <StaticTiles>
      <StaticTile TileID="1362" AltIDMod="0" />
      <StaticTile TileID="1351" AltIDMod="0" />
      <StaticTile TileID="1353" AltIDMod="0" />
    </StaticTiles>
  </TransInfo>
  <TransInfo Description="Red Brick (NS) To Dungeon Cave" HashKey="151522152215152215">
    <MapTiles>
      <MapTile TileID="1148" AltIDMod="0" />
    </MapTiles>
    <StaticTiles>
      <StaticTile TileID="1362" AltIDMod="0" />
      <StaticTile TileID="1361" AltIDMod="0" />
      <StaticTile TileID="1344" AltIDMod="0" />
      <StaticTile TileID="1351" AltIDMod="0" />
    </StaticTiles>
  </TransInfo>
  <TransInfo Description="Red Brick (NS) To Dungeon Cave" HashKey="222222152222221515">
    <MapTiles>
      <MapTile TileID="1148" AltIDMod="0" />
    </MapTiles>
    <StaticTiles>
      <StaticTile TileID="1363" AltIDMod="0" />
      <StaticTile TileID="1352" AltIDMod="0" />
    </StaticTiles>
  </TransInfo>
  <TransInfo Description="Red Brick (NS) To Dungeon Cave" HashKey="222215222222152215">
    <MapTiles>
      <MapTile TileID="1148" AltIDMod="0" />
    </MapTiles>
    <StaticTiles />
  </TransInfo>
  <TransInfo Description="Red Brick (NS) To Dungeon Cave" HashKey="222215222222151522">
    <MapTiles>
      <MapTile TileID="1148" AltIDMod="0" />
    </MapTiles>
    <StaticTiles />
  </TransInfo>
  <TransInfo Description="Red Brick (NS) To Dungeon Cave" HashKey="151522152222152215">
    <MapTiles>
      <MapTile TileID="1148" AltIDMod="0" />
    </MapTiles>
    <StaticTiles>
      <StaticTile TileID="1361" AltIDMod="0" />
      <StaticTile TileID="1344" AltIDMod="0" />
    </StaticTiles>
  </TransInfo>
  <TransInfo Description="Red Brick (NS) To Dungeon Cave" HashKey="151522152222151522">
    <MapTiles>
      <MapTile TileID="1148" AltIDMod="0" />
    </MapTiles>
    <StaticTiles>
      <StaticTile TileID="1361" AltIDMod="0" />
      <StaticTile TileID="1344" AltIDMod="0" />
      <StaticTile TileID="1363" AltIDMod="0" />
      <StaticTile TileID="1352" AltIDMod="0" />
    </StaticTiles>
  </TransInfo>
  <TransInfo Description="Red Brick (NS) To Dungeon Cave" HashKey="152222152215222215">
    <MapTiles>
      <MapTile TileID="1148" AltIDMod="0" />
    </MapTiles>
    <StaticTiles />
  </TransInfo>
  <TransInfo Description="Red Brick (NS) To Dungeon Cave" HashKey="151522152215151515">
    <MapTiles>
      <MapTile TileID="1148" AltIDMod="0" />
    </MapTiles>
    <StaticTiles>
      <StaticTile TileID="1361" AltIDMod="0" />
      <StaticTile TileID="1363" AltIDMod="0" />
      <StaticTile TileID="1344" AltIDMod="0" />
      <StaticTile TileID="1352" AltIDMod="0" />
      <StaticTile TileID="1353" AltIDMod="0" />
    </StaticTiles>
  </TransInfo>
  <TransInfo Description="Red Brick (NS) To Dungeon Cave" HashKey="151522222222221522">
    <MapTiles>
      <MapTile TileID="1148" AltIDMod="0" />
    </MapTiles>
    <StaticTiles />
  </TransInfo>
  <TransInfo Description="Red Brick (NS) To Dungeon Cave" HashKey="222215152222151522">
    <MapTiles>
      <MapTile TileID="1148" AltIDMod="0" />
    </MapTiles>
    <StaticTiles>
      <StaticTile TileID="1363" AltIDMod="0" />
      <StaticTile TileID="1352" AltIDMod="0" />
    </StaticTiles>
  </TransInfo>
  <TransInfo Description="Red Brick (NS) To Dungeon Cave" HashKey="221515222222222215">
    <MapTiles>
      <MapTile TileID="1148" AltIDMod="0" />
    </MapTiles>
    <StaticTiles />
  </TransInfo>
  <TransInfo Description="Red Brick (NS) To Dungeon Cave" HashKey="221515222222221522">
    <MapTiles>
      <MapTile TileID="1148" AltIDMod="0" />
    </MapTiles>
    <StaticTiles />
  </TransInfo>
  <TransInfo Description="Red Brick (NS) To Dungeon Cave" HashKey="221522222222152222">
    <MapTiles>
      <MapTile TileID="1148" AltIDMod="0" />
    </MapTiles>
    <StaticTiles />
  </TransInfo>
  <TransInfo Description="Red Brick (NS) To Dungeon Cave" HashKey="221522222215151522">
    <MapTiles>
      <MapTile TileID="1148" AltIDMod="0" />
    </MapTiles>
    <StaticTiles>
      <StaticTile TileID="1362" AltIDMod="0" />
      <StaticTile TileID="1351" AltIDMod="0" />
      <StaticTile TileID="1353" AltIDMod="0" />
    </StaticTiles>
  </TransInfo>
  <TransInfo Description="Red Brick (NS) To Dungeon Cave" HashKey="151522152222222222">
    <MapTiles>
      <MapTile TileID="1148" AltIDMod="0" />
    </MapTiles>
    <StaticTiles>
      <StaticTile TileID="1361" AltIDMod="0" />
      <StaticTile TileID="1344" AltIDMod="0" />
    </StaticTiles>
  </TransInfo>
  <TransInfo Description="Red Brick (NS) To Dungeon Cave" HashKey="152222222215152215">
    <MapTiles>
      <MapTile TileID="1148" AltIDMod="0" />
    </MapTiles>
    <StaticTiles />
  </TransInfo>
  <TransInfo Description="Red Brick (NS) To Dungeon Cave" HashKey="151515222215152222">
    <MapTiles>
      <MapTile TileID="1148" AltIDMod="0" />
    </MapTiles>
    <StaticTiles>
      <StaticTile TileID="1362" AltIDMod="0" />
      <StaticTile TileID="1351" AltIDMod="0" />
    </StaticTiles>
  </TransInfo>
  <TransInfo Description="Red Brick (NS) To Dungeon Cave" HashKey="152222152222222222">
    <MapTiles>
      <MapTile TileID="1148" AltIDMod="0" />
    </MapTiles>
    <StaticTiles />
  </TransInfo>
  <TransInfo Description="Red Brick (NS) To Dungeon Cave" HashKey="152222222222152215">
    <MapTiles>
      <MapTile TileID="1148" AltIDMod="0" />
    </MapTiles>
    <StaticTiles />
  </TransInfo>
  <TransInfo Description="Red Brick (NS) To Dungeon Cave" HashKey="222215152215152222">
    <MapTiles>
      <MapTile TileID="1148" AltIDMod="0" />
    </MapTiles>
    <StaticTiles />
  </TransInfo>
  <TransInfo Description="Red Brick (NS) To Dungeon Cave" HashKey="151515152215222222">
    <MapTiles>
      <MapTile TileID="1148" AltIDMod="0" />
    </MapTiles>
    <StaticTiles>
      <StaticTile TileID="1362" AltIDMod="0" />
      <StaticTile TileID="1361" AltIDMod="0" />
      <StaticTile TileID="1344" AltIDMod="0" />
      <StaticTile TileID="1351" AltIDMod="0" />
    </StaticTiles>
  </TransInfo>
  <TransInfo Description="Red Brick (NS) To Dungeon Cave" HashKey="152222222215151515">
    <MapTiles>
      <MapTile TileID="1148" AltIDMod="0" />
    </MapTiles>
    <StaticTiles>
      <StaticTile TileID="1353" AltIDMod="0" />
    </StaticTiles>
  </TransInfo>
  <TransInfo Description="Red Brick (NS) To Dungeon Cave" HashKey="221522222215152215">
    <MapTiles>
      <MapTile TileID="1148" AltIDMod="0" />
    </MapTiles>
    <StaticTiles>
      <StaticTile TileID="1362" AltIDMod="0" />
      <StaticTile TileID="1351" AltIDMod="0" />
    </StaticTiles>
  </TransInfo>
  <TransInfo Description="Red Brick (NS) To Dungeon Cave" HashKey="222222152215152215">
    <MapTiles>
      <MapTile TileID="1148" AltIDMod="0" />
    </MapTiles>
    <StaticTiles />
  </TransInfo>
  <TransInfo Description="Red Brick (NS) To Dungeon Cave" HashKey="152215222222152222">
    <MapTiles>
      <MapTile TileID="1148" AltIDMod="0" />
    </MapTiles>
    <StaticTiles />
  </TransInfo>
  <TransInfo Description="Red Brick (NS) To Dungeon Cave" HashKey="152215222215152222">
    <MapTiles>
      <MapTile TileID="1148" AltIDMod="0" />
    </MapTiles>
    <StaticTiles />
  </TransInfo>
  <TransInfo Description="Red Brick (NS) To Dungeon Cave" HashKey="221522152222221515">
    <MapTiles>
      <MapTile TileID="1148" AltIDMod="0" />
    </MapTiles>
    <StaticTiles>
      <StaticTile TileID="1363" AltIDMod="0" />
      <StaticTile TileID="1352" AltIDMod="0" />
      <StaticTile TileID="1361" AltIDMod="0" />
      <StaticTile TileID="1344" AltIDMod="0" />
    </StaticTiles>
  </TransInfo>
  <TransInfo Description="Red Brick (NS) To Dungeon Cave" HashKey="152222222222222222">
    <MapTiles>
      <MapTile TileID="1148" AltIDMod="0" />
    </MapTiles>
    <StaticTiles />
  </TransInfo>
  <TransInfo Description="Red Brick (NS) To Dungeon Cave" HashKey="221515222215152215">
    <MapTiles>
      <MapTile TileID="1148" AltIDMod="0" />
    </MapTiles>
    <StaticTiles>
      <StaticTile TileID="1362" AltIDMod="0" />
      <StaticTile TileID="1351" AltIDMod="0" />
    </StaticTiles>
  </TransInfo>
  <TransInfo Description="Red Brick (NS) To Dungeon Cave" HashKey="221515222215151522">
    <MapTiles>
      <MapTile TileID="1148" AltIDMod="0" />
    </MapTiles>
    <StaticTiles>
      <StaticTile TileID="1362" AltIDMod="0" />
      <StaticTile TileID="1351" AltIDMod="0" />
      <StaticTile TileID="1353" AltIDMod="0" />
    </StaticTiles>
  </TransInfo>
  <TransInfo Description="Red Brick (NS) To Dungeon Cave" HashKey="222222222222221515">
    <MapTiles>
      <MapTile TileID="1148" AltIDMod="0" />
    </MapTiles>
    <StaticTiles />
  </TransInfo>
  <TransInfo Description="Red Brick (NS) To Dungeon Cave" HashKey="221515152215222215">
    <MapTiles>
      <MapTile TileID="1148" AltIDMod="0" />
    </MapTiles>
    <StaticTiles>
      <StaticTile TileID="1361" AltIDMod="0" />
      <StaticTile TileID="1344" AltIDMod="0" />
      <StaticTile TileID="1362" AltIDMod="0" />
      <StaticTile TileID="1351" AltIDMod="0" />
    </StaticTiles>
  </TransInfo>
  <TransInfo Description="Red Brick (NS) To Dungeon Cave" HashKey="221522222222151522">
    <MapTiles>
      <MapTile TileID="1148" AltIDMod="0" />
    </MapTiles>
    <StaticTiles />
  </TransInfo>
  <TransInfo Description="Red Brick (NS) To Dungeon Cave" HashKey="221522222215151515">
    <MapTiles>
      <MapTile TileID="1148" AltIDMod="0" />
    </MapTiles>
    <StaticTiles>
      <StaticTile TileID="1353" AltIDMod="0" />
      <StaticTile TileID="1362" AltIDMod="0" />
      <StaticTile TileID="1351" AltIDMod="0" />
    </StaticTiles>
  </TransInfo>
  <TransInfo Description="Red Brick (NS) To Dungeon Cave" HashKey="221515222215222222">
    <MapTiles>
      <MapTile TileID="1148" AltIDMod="0" />
    </MapTiles>
    <StaticTiles>
      <StaticTile TileID="1362" AltIDMod="0" />
      <StaticTile TileID="1351" AltIDMod="0" />
    </StaticTiles>
  </TransInfo>
  <TransInfo Description="Red Brick (NS) To Dungeon Cave" HashKey="221515222222152222">
    <MapTiles>
      <MapTile TileID="1148" AltIDMod="0" />
    </MapTiles>
    <StaticTiles />
  </TransInfo>
  <TransInfo Description="Red Brick (NS) To Dungeon Cave" HashKey="152222152222222215">
    <MapTiles>
      <MapTile TileID="1148" AltIDMod="0" />
    </MapTiles>
    <StaticTiles />
  </TransInfo>
  <TransInfo Description="Red Brick (NS) To Dungeon Cave" HashKey="152222152222221522">
    <MapTiles>
      <MapTile TileID="1148" AltIDMod="0" />
    </MapTiles>
    <StaticTiles>
      <StaticTile TileID="1363" AltIDMod="0" />
      <StaticTile TileID="1352" AltIDMod="0" />
    </StaticTiles>
  </TransInfo>
  <TransInfo Description="Red Brick (NS) To Dungeon Cave" HashKey="152215152222221522">
    <MapTiles>
      <MapTile TileID="1148" AltIDMod="0" />
    </MapTiles>
    <StaticTiles>
      <StaticTile TileID="1363" AltIDMod="0" />
      <StaticTile TileID="1352" AltIDMod="0" />
    </StaticTiles>
  </TransInfo>
  <TransInfo Description="Red Brick (NS) To Dungeon Cave" HashKey="222215152215152215">
    <MapTiles>
      <MapTile TileID="1148" AltIDMod="0" />
    </MapTiles>
    <StaticTiles />
  </TransInfo>
  <TransInfo Description="Red Brick (NS) To Dungeon Cave" HashKey="222215152215151522">
    <MapTiles>
      <MapTile TileID="1148" AltIDMod="0" />
    </MapTiles>
    <StaticTiles>
      <StaticTile TileID="1363" AltIDMod="0" />
      <StaticTile TileID="1352" AltIDMod="0" />
      <StaticTile TileID="1353" AltIDMod="0" />
    </StaticTiles>
  </TransInfo>
  <TransInfo Description="Red Brick (NS) To Dungeon Cave" HashKey="222222222222151522">
    <MapTiles>
      <MapTile TileID="1148" AltIDMod="0" />
    </MapTiles>
    <StaticTiles />
  </TransInfo>
  <TransInfo Description="Red Brick (NS) To Dungeon Cave" HashKey="152222152215221522">
    <MapTiles>
      <MapTile TileID="1148" AltIDMod="0" />
    </MapTiles>
    <StaticTiles>
      <StaticTile TileID="1363" AltIDMod="0" />
      <StaticTile TileID="1352" AltIDMod="0" />
      <StaticTile TileID="1353" AltIDMod="0" />
    </StaticTiles>
  </TransInfo>
  <TransInfo Description="Red Brick (NS) To Dungeon Cave" HashKey="222215222215222222">
    <MapTiles>
      <MapTile TileID="1148" AltIDMod="0" />
    </MapTiles>
    <StaticTiles />
  </TransInfo>
  <TransInfo Description="Red Brick (NS) To Dungeon Cave" HashKey="152215152222151515">
    <MapTiles>
      <MapTile TileID="1148" AltIDMod="0" />
    </MapTiles>
    <StaticTiles>
      <StaticTile TileID="1363" AltIDMod="0" />
      <StaticTile TileID="1352" AltIDMod="0" />
    </StaticTiles>
  </TransInfo>
  <TransInfo Description="Red Brick (NS) To Dungeon Cave" HashKey="222215152215222222">
    <MapTiles>
      <MapTile TileID="1148" AltIDMod="0" />
    </MapTiles>
    <StaticTiles />
  </TransInfo>
  <TransInfo Description="Red Brick (NS) To Dungeon Cave" HashKey="221522152215152222">
    <MapTiles>
      <MapTile TileID="1148" AltIDMod="0" />
    </MapTiles>
    <StaticTiles>
      <StaticTile TileID="1362" AltIDMod="0" />
      <StaticTile TileID="1351" AltIDMod="0" />
      <StaticTile TileID="1361" AltIDMod="0" />
      <StaticTile TileID="1344" AltIDMod="0" />
    </StaticTiles>
  </TransInfo>
  <TransInfo Description="Red Brick (NS) To Dungeon Cave" HashKey="221522152215222222">
    <MapTiles>
      <MapTile TileID="1148" AltIDMod="0" />
    </MapTiles>
    <StaticTiles>
      <StaticTile TileID="1362" AltIDMod="0" />
      <StaticTile TileID="1351" AltIDMod="0" />
      <StaticTile TileID="1361" AltIDMod="0" />
      <StaticTile TileID="1344" AltIDMod="0" />
    </StaticTiles>
  </TransInfo>
  <TransInfo Description="Red Brick (NS) To Dungeon Cave" HashKey="222222222215152222">
    <MapTiles>
      <MapTile TileID="1148" AltIDMod="0" />
    </MapTiles>
    <StaticTiles />
  </TransInfo>
  <TransInfo Description="Red Brick (NS) To Dungeon Cave" HashKey="221522152222152215">
    <MapTiles>
      <MapTile TileID="1148" AltIDMod="0" />
    </MapTiles>
    <StaticTiles>
      <StaticTile TileID="1361" AltIDMod="0" />
      <StaticTile TileID="1344" AltIDMod="0" />
    </StaticTiles>
  </TransInfo>
  <TransInfo Description="Red Brick (NS) To Dungeon Cave" HashKey="152215152222222215">
    <MapTiles>
      <MapTile TileID="1148" AltIDMod="0" />
    </MapTiles>
    <StaticTiles />
  </TransInfo>
  <TransInfo Description="Red Brick (NS) To Dungeon Cave" HashKey="222222222222152215">
    <MapTiles>
      <MapTile TileID="1148" AltIDMod="0" />
    </MapTiles>
    <StaticTiles />
  </TransInfo>
  <TransInfo Description="Red Brick (NS) To Dungeon Cave" HashKey="221522152222151515">
    <MapTiles>
      <MapTile TileID="1148" AltIDMod="0" />
    </MapTiles>
    <StaticTiles>
      <StaticTile TileID="1363" AltIDMod="0" />
      <StaticTile TileID="1352" AltIDMod="0" />
      <StaticTile TileID="1361" AltIDMod="0" />
      <StaticTile TileID="1344" AltIDMod="0" />
    </StaticTiles>
  </TransInfo>
  <TransInfo Description="Red Brick (NS) To Dungeon Cave" HashKey="221515152215152222">
    <MapTiles>
      <MapTile TileID="1148" AltIDMod="0" />
    </MapTiles>
    <StaticTiles />
  </TransInfo>
  <TransInfo Description="Red Brick (NS) To Dungeon Cave" HashKey="152215152222221515">
    <MapTiles>
      <MapTile TileID="1148" AltIDMod="0" />
    </MapTiles>
    <StaticTiles>
      <StaticTile TileID="1363" AltIDMod="0" />
      <StaticTile TileID="1352" AltIDMod="0" />
    </StaticTiles>
  </TransInfo>
  <TransInfo Description="Red Brick (NS) To Dungeon Cave" HashKey="222222222222151515">
    <MapTiles>
      <MapTile TileID="1148" AltIDMod="0" />
    </MapTiles>
    <StaticTiles />
  </TransInfo>
  <TransInfo Description="Red Brick (NS) To Dungeon Cave" HashKey="152222152215222222">
    <MapTiles>
      <MapTile TileID="1148" AltIDMod="0" />
    </MapTiles>
    <StaticTiles />
  </TransInfo>
  <TransInfo Description="Red Brick (NS) To Dungeon Cave" HashKey="222215222215222215">
    <MapTiles>
      <MapTile TileID="1148" AltIDMod="0" />
    </MapTiles>
    <StaticTiles />
  </TransInfo>
  <TransInfo Description="Red Brick (NS) To Dungeon Cave" HashKey="222215222215221522">
    <MapTiles>
      <MapTile TileID="1148" AltIDMod="0" />
    </MapTiles>
    <StaticTiles>
      <StaticTile TileID="1353" AltIDMod="0" />
    </StaticTiles>
  </TransInfo>
  <TransInfo Description="Red Brick (NS) To Dungeon Cave" HashKey="152222152222152222">
    <MapTiles>
      <MapTile TileID="1148" AltIDMod="0" />
    </MapTiles>
    <StaticTiles />
  </TransInfo>
  <TransInfo Description="Red Brick (NS) To Dungeon Cave" HashKey="221522152215152215">
    <MapTiles>
      <MapTile TileID="1148" AltIDMod="0" />
    </MapTiles>
    <StaticTiles>
      <StaticTile TileID="1362" AltIDMod="0" />
      <StaticTile TileID="1351" AltIDMod="0" />
      <StaticTile TileID="1361" AltIDMod="0" />
      <StaticTile TileID="1344" AltIDMod="0" />
    </StaticTiles>
  </TransInfo>
  <TransInfo Description="Red Brick (NS) To Dungeon Cave" HashKey="221522152215151522">
    <MapTiles>
      <MapTile TileID="1148" AltIDMod="0" />
    </MapTiles>
    <StaticTiles>
      <StaticTile TileID="1363" AltIDMod="0" />
      <StaticTile TileID="1352" AltIDMod="0" />
      <StaticTile TileID="1362" AltIDMod="0" />
      <StaticTile TileID="1351" AltIDMod="0" />
      <StaticTile TileID="1361" AltIDMod="0" />
      <StaticTile TileID="1344" AltIDMod="0" />
      <StaticTile TileID="1353" AltIDMod="0" />
    </StaticTiles>
  </TransInfo>
  <TransInfo Description="Red Brick (NS) To Dungeon Cave" HashKey="222222222215152215">
    <MapTiles>
      <MapTile TileID="1148" AltIDMod="0" />
    </MapTiles>
    <StaticTiles />
  </TransInfo>
  <TransInfo Description="Red Brick (NS) To Dungeon Cave" HashKey="222222222215151522">
    <MapTiles>
      <MapTile TileID="1148" AltIDMod="0" />
    </MapTiles>
    <StaticTiles>
      <StaticTile TileID="1353" AltIDMod="0" />
    </StaticTiles>
  </TransInfo>
  <TransInfo Description="Red Brick (NS) To Dungeon Cave" HashKey="222222152215222215">
    <MapTiles>
      <MapTile TileID="1148" AltIDMod="0" />
    </MapTiles>
    <StaticTiles />
  </TransInfo>
  <TransInfo Description="Red Brick (NS) To Dungeon Cave" HashKey="222222152215221522">
    <MapTiles>
      <MapTile TileID="1148" AltIDMod="0" />
    </MapTiles>
    <StaticTiles>
      <StaticTile TileID="1363" AltIDMod="0" />
      <StaticTile TileID="1352" AltIDMod="0" />
      <StaticTile TileID="1353" AltIDMod="0" />
    </StaticTiles>
  </TransInfo>
  <TransInfo Description="Red Brick (NS) To Dungeon Cave" HashKey="151515222215221515">
    <MapTiles>
      <MapTile TileID="1148" AltIDMod="0" />
    </MapTiles>
    <StaticTiles>
      <StaticTile TileID="1362" AltIDMod="0" />
      <StaticTile TileID="1351" AltIDMod="0" />
      <StaticTile TileID="1353" AltIDMod="0" />
    </StaticTiles>
  </TransInfo>
  <TransInfo Description="Red Brick (NS) To Dungeon Cave" HashKey="222222222215222222">
    <MapTiles>
      <MapTile TileID="1148" AltIDMod="0" />
    </MapTiles>
    <StaticTiles />
  </TransInfo>
  <TransInfo Description="Red Brick (NS) To Dungeon Cave" HashKey="221522222215222222">
    <MapTiles>
      <MapTile TileID="1148" AltIDMod="0" />
    </MapTiles>
    <StaticTiles>
      <StaticTile TileID="1362" AltIDMod="0" />
      <StaticTile TileID="1351" AltIDMod="0" />
    </StaticTiles>
  </TransInfo>
  <TransInfo Description="Red Brick (NS) To Dungeon Cave" HashKey="151515152222151515">
    <MapTiles>
      <MapTile TileID="1148" AltIDMod="0" />
    </MapTiles>
    <StaticTiles>
      <StaticTile TileID="1361" AltIDMod="0" />
      <StaticTile TileID="1363" AltIDMod="0" />
      <StaticTile TileID="1344" AltIDMod="0" />
      <StaticTile TileID="1352" AltIDMod="0" />
    </StaticTiles>
  </TransInfo>
  <TransInfo Description="Red Brick (NS) To Dungeon Cave" HashKey="221515152215222222">
    <MapTiles>
      <MapTile TileID="1148" AltIDMod="0" />
    </MapTiles>
    <StaticTiles>
      <StaticTile TileID="1361" AltIDMod="0" />
      <StaticTile TileID="1344" AltIDMod="0" />
      <StaticTile TileID="1362" AltIDMod="0" />
      <StaticTile TileID="1351" AltIDMod="0" />
    </StaticTiles>
  </TransInfo>
  <TransInfo Description="Red Brick (NS) To Dungeon Cave" HashKey="152215222222221515">
    <MapTiles>
      <MapTile TileID="1148" AltIDMod="0" />
    </MapTiles>
    <StaticTiles />
  </TransInfo>
  <TransInfo Description="Red Brick (NS) To Dungeon Cave" HashKey="151522152222221522">
    <MapTiles>
      <MapTile TileID="1148" AltIDMod="0" />
    </MapTiles>
    <StaticTiles>
      <StaticTile TileID="1361" AltIDMod="0" />
      <StaticTile TileID="1344" AltIDMod="0" />
      <StaticTile TileID="1363" AltIDMod="0" />
      <StaticTile TileID="1352" AltIDMod="0" />
    </StaticTiles>
  </TransInfo>
  <TransInfo Description="Red Brick (NS) To Dungeon Cave" HashKey="151515222222152222">
    <MapTiles>
      <MapTile TileID="1148" AltIDMod="0" />
    </MapTiles>
    <StaticTiles />
  </TransInfo>
  <TransInfo Description="Red Brick (NS) To Dungeon Cave" HashKey="151515222215151522">
    <MapTiles>
      <MapTile TileID="1148" AltIDMod="0" />
    </MapTiles>
    <StaticTiles>
      <StaticTile TileID="1362" AltIDMod="0" />
      <StaticTile TileID="1351" AltIDMod="0" />
      <StaticTile TileID="1353" AltIDMod="0" />
    </StaticTiles>
  </TransInfo>
  <TransInfo Description="Red Brick (NS) To Dungeon Cave" HashKey="222215222215152222">
    <MapTiles>
      <MapTile TileID="1148" AltIDMod="0" />
    </MapTiles>
    <StaticTiles />
  </TransInfo>
  <TransInfo Description="Red Brick (NS) To Dungeon Cave" HashKey="222215222222151515">
    <MapTiles>
      <MapTile TileID="1148" AltIDMod="0" />
    </MapTiles>
    <StaticTiles />
  </TransInfo>
  <TransInfo Description="Red Brick (NS) To Dungeon Cave" HashKey="152222152222151515">
    <MapTiles>
      <MapTile TileID="1148" AltIDMod="0" />
    </MapTiles>
    <StaticTiles>
      <StaticTile TileID="1363" AltIDMod="0" />
      <StaticTile TileID="1352" AltIDMod="0" />
    </StaticTiles>
  </TransInfo>
  <TransInfo Description="Red Brick (NS) To Dungeon Cave" HashKey="151522152222151515">
    <MapTiles>
      <MapTile TileID="1148" AltIDMod="0" />
    </MapTiles>
    <StaticTiles>
      <StaticTile TileID="1361" AltIDMod="0" />
      <StaticTile TileID="1344" AltIDMod="0" />
      <StaticTile TileID="1363" AltIDMod="0" />
      <StaticTile TileID="1352" AltIDMod="0" />
    </StaticTiles>
  </TransInfo>
  <TransInfo Description="Red Brick (NS) To Dungeon Cave" HashKey="221515152222221515">
    <MapTiles>
      <MapTile TileID="1148" AltIDMod="0" />
    </MapTiles>
    <StaticTiles>
      <StaticTile TileID="1361" AltIDMod="0" />
      <StaticTile TileID="1344" AltIDMod="0" />
      <StaticTile TileID="1363" AltIDMod="0" />
      <StaticTile TileID="1352" AltIDMod="0" />
    </StaticTiles>
  </TransInfo>
  <TransInfo Description="Red Brick (NS) To Dungeon Cave" HashKey="152215222222151522">
    <MapTiles>
      <MapTile TileID="1148" AltIDMod="0" />
    </MapTiles>
    <StaticTiles />
  </TransInfo>
  <TransInfo Description="Red Brick (NS) To Dungeon Cave" HashKey="221515222222221515">
    <MapTiles>
      <MapTile TileID="1148" AltIDMod="0" />
    </MapTiles>
    <StaticTiles />
  </TransInfo>
  <TransInfo Description="Red Brick (NS) To Dungeon Cave" HashKey="151515222215221522">
    <MapTiles>
      <MapTile TileID="1148" AltIDMod="0" />
    </MapTiles>
    <StaticTiles>
      <StaticTile TileID="1362" AltIDMod="0" />
      <StaticTile TileID="1351" AltIDMod="0" />
      <StaticTile TileID="1353" AltIDMod="0" />
    </StaticTiles>
  </TransInfo>
  <TransInfo Description="Red Brick (NS) To Dungeon Cave" HashKey="152222222222221522">
    <MapTiles>
      <MapTile TileID="1148" AltIDMod="0" />
    </MapTiles>
    <StaticTiles />
  </TransInfo>
  <TransInfo Description="Red Brick (NS) To Dungeon Cave" HashKey="152222152215151522">
    <MapTiles>
      <MapTile TileID="1148" AltIDMod="0" />
    </MapTiles>
    <StaticTiles>
      <StaticTile TileID="1363" AltIDMod="0" />
      <StaticTile TileID="1352" AltIDMod="0" />
      <StaticTile TileID="1353" AltIDMod="0" />
    </StaticTiles>
  </TransInfo>
  <TransInfo Description="Red Brick (NS) To Dungeon Cave" HashKey="151522152222222215">
    <MapTiles>
      <MapTile TileID="1148" AltIDMod="0" />
    </MapTiles>
    <StaticTiles>
      <StaticTile TileID="1361" AltIDMod="0" />
      <StaticTile TileID="1344" AltIDMod="0" />
    </StaticTiles>
  </TransInfo>
  <TransInfo Description="Red Brick (NS) To Dungeon Cave" HashKey="222222152215152222">
    <MapTiles>
      <MapTile TileID="1148" AltIDMod="0" />
    </MapTiles>
    <StaticTiles />
  </TransInfo>
  <TransInfo Description="Red Brick (NS) To Dungeon Cave" HashKey="151515222215152215">
    <MapTiles>
      <MapTile TileID="1148" AltIDMod="0" />
    </MapTiles>
    <StaticTiles>
      <StaticTile TileID="1362" AltIDMod="0" />
      <StaticTile TileID="1351" AltIDMod="0" />
    </StaticTiles>
  </TransInfo>
  <TransInfo Description="Red Brick (NS) To Dungeon Cave" HashKey="222222152215151522">
    <MapTiles>
      <MapTile TileID="1148" AltIDMod="0" />
    </MapTiles>
    <StaticTiles>
      <StaticTile TileID="1363" AltIDMod="0" />
      <StaticTile TileID="1352" AltIDMod="0" />
      <StaticTile TileID="1353" AltIDMod="0" />
    </StaticTiles>
  </TransInfo>
  <TransInfo Description="Red Brick (NS) To Dungeon Cave" HashKey="151515152222222222">
    <MapTiles>
      <MapTile TileID="1148" AltIDMod="0" />
    </MapTiles>
    <StaticTiles>
      <StaticTile TileID="1361" AltIDMod="0" />
      <StaticTile TileID="1344" AltIDMod="0" />
    </StaticTiles>
  </TransInfo>
  <TransInfo Description="Red Brick (NS) To Dungeon Cave" HashKey="152222222222151515">
    <MapTiles>
      <MapTile TileID="1148" AltIDMod="0" />
    </MapTiles>
    <StaticTiles />
  </TransInfo>
  <TransInfo Description="Red Brick (NS) To Dungeon Cave" HashKey="151515222222152215">
    <MapTiles>
      <MapTile TileID="1148" AltIDMod="0" />
    </MapTiles>
    <StaticTiles />
  </TransInfo>
  <TransInfo Description="Red Brick (NS) To Dungeon Cave" HashKey="151515222222151522">
    <MapTiles>
      <MapTile TileID="1148" AltIDMod="0" />
    </MapTiles>
    <StaticTiles />
  </TransInfo>
  <TransInfo Description="Red Brick (NS) To Dungeon Cave" HashKey="221515222215221522">
    <MapTiles>
      <MapTile TileID="1148" AltIDMod="0" />
    </MapTiles>
    <StaticTiles>
      <StaticTile TileID="1362" AltIDMod="0" />
      <StaticTile TileID="1351" AltIDMod="0" />
      <StaticTile TileID="1353" AltIDMod="0" />
    </StaticTiles>
  </TransInfo>
  <TransInfo Description="Red Brick (NS) To Dungeon Cave" HashKey="151515222215151515">
    <MapTiles>
      <MapTile TileID="1148" AltIDMod="0" />
    </MapTiles>
    <StaticTiles>
      <StaticTile TileID="1362" AltIDMod="0" />
      <StaticTile TileID="1351" AltIDMod="0" />
      <StaticTile TileID="1353" AltIDMod="0" />
    </StaticTiles>
  </TransInfo>
  <TransInfo Description="Red Brick (NS) To Dungeon Cave" HashKey="152222152215221515">
    <MapTiles>
      <MapTile TileID="1148" AltIDMod="0" />
    </MapTiles>
    <StaticTiles />
  </TransInfo>
  <TransInfo Description="Red Brick (NS) To Dungeon Cave" HashKey="221515222222151522">
    <MapTiles>
      <MapTile TileID="1148" AltIDMod="0" />
    </MapTiles>
    <StaticTiles />
  </TransInfo>
  <TransInfo Description="Red Brick (NS) To Dungeon Cave" HashKey="152215222215151522">
    <MapTiles>
      <MapTile TileID="1148" AltIDMod="0" />
    </MapTiles>
    <StaticTiles>
      <StaticTile TileID="1353" AltIDMod="0" />
    </StaticTiles>
  </TransInfo>
  <TransInfo Description="Red Brick (NS) To Dungeon Cave" HashKey="152215152215222222">
    <MapTiles>
      <MapTile TileID="1148" AltIDMod="0" />
    </MapTiles>
    <StaticTiles />
  </TransInfo>
  <TransInfo Description="Red Brick (NS) To Dungeon Cave" HashKey="221522222222221522">
    <MapTiles>
      <MapTile TileID="1148" AltIDMod="0" />
    </MapTiles>
    <StaticTiles />
  </TransInfo>
  <TransInfo Description="Red Brick (NS) To Dungeon Cave" HashKey="151515222222222222">
    <MapTiles>
      <MapTile TileID="1148" AltIDMod="0" />
    </MapTiles>
    <StaticTiles />
  </TransInfo>
  <TransInfo Description="Red Brick (NS) To Dungeon Cave" HashKey="221515222215151515">
    <MapTiles>
      <MapTile TileID="1148" AltIDMod="0" />
    </MapTiles>
    <StaticTiles>
      <StaticTile TileID="1362" AltIDMod="0" />
      <StaticTile TileID="1351" AltIDMod="0" />
      <StaticTile TileID="1353" AltIDMod="0" />
    </StaticTiles>
  </TransInfo>
  <TransInfo Description="Red Brick (NS) To Dungeon Cave" HashKey="152215222222151515">
    <MapTiles>
      <MapTile TileID="1148" AltIDMod="0" />
    </MapTiles>
    <StaticTiles />
  </TransInfo>
  <TransInfo Description="Red Brick (NS) To Dungeon Cave" HashKey="221515152215221515">
    <MapTiles>
      <MapTile TileID="1148" AltIDMod="0" />
    </MapTiles>
    <StaticTiles>
      <StaticTile TileID="1363" AltIDMod="0" />
      <StaticTile TileID="1352" AltIDMod="0" />
      <StaticTile TileID="1362" AltIDMod="0" />
      <StaticTile TileID="1351" AltIDMod="0" />
      <StaticTile TileID="1361" AltIDMod="0" />
      <StaticTile TileID="1344" AltIDMod="0" />
      <StaticTile TileID="1353" AltIDMod="0" />
    </StaticTiles>
  </TransInfo>
  <TransInfo Description="Red Brick (NS) To Dungeon Cave" HashKey="222215152215221522">
    <MapTiles>
      <MapTile TileID="1148" AltIDMod="0" />
    </MapTiles>
    <StaticTiles>
      <StaticTile TileID="1363" AltIDMod="0" />
      <StaticTile TileID="1352" AltIDMod="0" />
      <StaticTile TileID="1353" AltIDMod="0" />
    </StaticTiles>
  </TransInfo>
  <TransInfo Description="Red Brick (NS) To Dungeon Cave" HashKey="151515222222151515">
    <MapTiles>
      <MapTile TileID="1148" AltIDMod="0" />
    </MapTiles>
    <StaticTiles />
  </TransInfo>
  <TransInfo Description="Red Brick (NS) To Dungeon Cave" HashKey="221515222215222215">
    <MapTiles>
      <MapTile TileID="1148" AltIDMod="0" />
    </MapTiles>
    <StaticTiles>
      <StaticTile TileID="1362" AltIDMod="0" />
      <StaticTile TileID="1351" AltIDMod="0" />
    </StaticTiles>
  </TransInfo>
  <TransInfo Description="Red Brick (NS) To Dungeon Cave" HashKey="151515152215152222">
    <MapTiles>
      <MapTile TileID="1148" AltIDMod="0" />
    </MapTiles>
    <StaticTiles>
      <StaticTile TileID="1362" AltIDMod="0" />
      <StaticTile TileID="1361" AltIDMod="0" />
      <StaticTile TileID="1344" AltIDMod="0" />
      <StaticTile TileID="1351" AltIDMod="0" />
    </StaticTiles>
  </TransInfo>
  <TransInfo Description="Red Brick (NS) To Dungeon Cave" HashKey="221515222222152215">
    <MapTiles>
      <MapTile TileID="1148" AltIDMod="0" />
    </MapTiles>
    <StaticTiles />
  </TransInfo>
  <TransInfo Description="Red Brick (NS) To Dungeon Cave" HashKey="221522152222151522">
    <MapTiles>
      <MapTile TileID="1148" AltIDMod="0" />
    </MapTiles>
    <StaticTiles>
      <StaticTile TileID="1363" AltIDMod="0" />
      <StaticTile TileID="1352" AltIDMod="0" />
      <StaticTile TileID="1361" AltIDMod="0" />
      <StaticTile TileID="1344" AltIDMod="0" />
    </StaticTiles>
  </TransInfo>
  <TransInfo Description="Red Brick (NS) To Dungeon Cave" HashKey="152222152222221515">
    <MapTiles>
      <MapTile TileID="1148" AltIDMod="0" />
    </MapTiles>
    <StaticTiles>
      <StaticTile TileID="1363" AltIDMod="0" />
      <StaticTile TileID="1352" AltIDMod="0" />
    </StaticTiles>
  </TransInfo>
  <TransInfo Description="Red Brick (NS) To Dungeon Cave" HashKey="151515152222222215">
    <MapTiles>
      <MapTile TileID="1148" AltIDMod="0" />
    </MapTiles>
    <StaticTiles>
      <StaticTile TileID="1361" AltIDMod="0" />
      <StaticTile TileID="1344" AltIDMod="0" />
    </StaticTiles>
  </TransInfo>
  <TransInfo Description="Red Brick (NS) To Dungeon Cave" HashKey="221522222222222215">
    <MapTiles>
      <MapTile TileID="1148" AltIDMod="0" />
    </MapTiles>
    <StaticTiles />
  </TransInfo>
  <TransInfo Description="Red Brick (NS) To Dungeon Cave" HashKey="222215152215151515">
    <MapTiles>
      <MapTile TileID="1148" AltIDMod="0" />
    </MapTiles>
    <StaticTiles>
      <StaticTile TileID="1363" AltIDMod="0" />
      <StaticTile TileID="1352" AltIDMod="0" />
      <StaticTile TileID="1353" AltIDMod="0" />
    </StaticTiles>
  </TransInfo>
  <TransInfo Description="Red Brick (NS) To Dungeon Cave" HashKey="152215222215152215">
    <MapTiles>
      <MapTile TileID="1148" AltIDMod="0" />
    </MapTiles>
    <StaticTiles />
  </TransInfo>
  <TransInfo Description="Red Brick (NS) To Dungeon Cave" HashKey="221515222215221515">
    <MapTiles>
      <MapTile TileID="1148" AltIDMod="0" />
    </MapTiles>
    <StaticTiles>
      <StaticTile TileID="1362" AltIDMod="0" />
      <StaticTile TileID="1351" AltIDMod="0" />
      <StaticTile TileID="1353" AltIDMod="0" />
    </StaticTiles>
  </TransInfo>
  <TransInfo Description="Red Brick (NS) To Dungeon Cave" HashKey="221515152222152222">
    <MapTiles>
      <MapTile TileID="1148" AltIDMod="0" />
    </MapTiles>
    <StaticTiles>
      <StaticTile TileID="1361" AltIDMod="0" />
      <StaticTile TileID="1344" AltIDMod="0" />
    </StaticTiles>
  </TransInfo>
  <TransInfo Description="Red Brick (NS) To Dungeon Cave" HashKey="221515222222151515">
    <MapTiles>
      <MapTile TileID="1148" AltIDMod="0" />
    </MapTiles>
    <StaticTiles />
  </TransInfo>
  <TransInfo Description="Red Brick (NS) To Dungeon Cave" HashKey="221515152215151522">
    <MapTiles>
      <MapTile TileID="1148" AltIDMod="0" />
    </MapTiles>
    <StaticTiles>
      <StaticTile TileID="1363" AltIDMod="0" />
      <StaticTile TileID="1352" AltIDMod="0" />
      <StaticTile TileID="1362" AltIDMod="0" />
      <StaticTile TileID="1351" AltIDMod="0" />
      <StaticTile TileID="1361" AltIDMod="0" />
      <StaticTile TileID="1344" AltIDMod="0" />
      <StaticTile TileID="1353" AltIDMod="0" />
    </StaticTiles>
  </TransInfo>
  <TransInfo Description="Red Brick (NS) To Dungeon Cave" HashKey="152215152215222215">
    <MapTiles>
      <MapTile TileID="1148" AltIDMod="0" />
    </MapTiles>
    <StaticTiles />
  </TransInfo>
  <TransInfo Description="Red Brick (NS) To Dungeon Cave" HashKey="152215152215221522">
    <MapTiles>
      <MapTile TileID="1148" AltIDMod="0" />
    </MapTiles>
    <StaticTiles>
      <StaticTile TileID="1363" AltIDMod="0" />
      <StaticTile TileID="1352" AltIDMod="0" />
      <StaticTile TileID="1353" AltIDMod="0" />
    </StaticTiles>
  </TransInfo>
  <TransInfo Description="Red Brick (NS) To Dungeon Cave" HashKey="222222152215222222">
    <MapTiles>
      <MapTile TileID="1148" AltIDMod="0" />
    </MapTiles>
    <StaticTiles />
  </TransInfo>
  <TransInfo Description="Red Brick (NS) To Dungeon Cave" HashKey="221522222222221515">
    <MapTiles>
      <MapTile TileID="1148" AltIDMod="0" />
    </MapTiles>
    <StaticTiles />
  </TransInfo>
  <TransInfo Description="Red Brick (NS) To Dungeon Cave" HashKey="222215152215222215">
    <MapTiles>
      <MapTile TileID="1148" AltIDMod="0" />
    </MapTiles>
    <StaticTiles />
  </TransInfo>
  <TransInfo Description="Red Brick (NS) To Dungeon Cave" HashKey="152215152215152215">
    <MapTiles>
      <MapTile TileID="1148" AltIDMod="0" />
    </MapTiles>
    <StaticTiles />
  </TransInfo>
  <TransInfo Description="Red Brick (NS) To Dungeon Cave" HashKey="152215222215222222">
    <MapTiles>
      <MapTile TileID="1148" AltIDMod="0" />
    </MapTiles>
    <StaticTiles />
  </TransInfo>
  <TransInfo Description="Red Brick (NS) To Dungeon Cave" HashKey="152222152222151522">
    <MapTiles>
      <MapTile TileID="1148" AltIDMod="0" />
    </MapTiles>
    <StaticTiles>
      <StaticTile TileID="1363" AltIDMod="0" />
      <StaticTile TileID="1352" AltIDMod="0" />
    </StaticTiles>
  </TransInfo>
  <TransInfo Description="Red Brick (NS) To Dungeon Cave" HashKey="151522222222222222">
    <MapTiles>
      <MapTile TileID="1148" AltIDMod="0" />
    </MapTiles>
    <StaticTiles />
  </TransInfo>
  <TransInfo Description="Red Brick (NS) To Dungeon Cave" HashKey="221522152215222215">
    <MapTiles>
      <MapTile TileID="1148" AltIDMod="0" />
    </MapTiles>
    <StaticTiles>
      <StaticTile TileID="1362" AltIDMod="0" />
      <StaticTile TileID="1351" AltIDMod="0" />
      <StaticTile TileID="1361" AltIDMod="0" />
      <StaticTile TileID="1344" AltIDMod="0" />
    </StaticTiles>
  </TransInfo>
  <TransInfo Description="Red Brick (NS) To Dungeon Cave" HashKey="222215152215221515">
    <MapTiles>
      <MapTile TileID="1148" AltIDMod="0" />
    </MapTiles>
    <StaticTiles>
      <StaticTile TileID="1363" AltIDMod="0" />
      <StaticTile TileID="1352" AltIDMod="0" />
      <StaticTile TileID="1353" AltIDMod="0" />
    </StaticTiles>
  </TransInfo>
  <TransInfo Description="Red Brick (NS) To Dungeon Cave" HashKey="151515152215152215">
    <MapTiles>
      <MapTile TileID="1148" AltIDMod="0" />
    </MapTiles>
    <StaticTiles>
      <StaticTile TileID="1362" AltIDMod="0" />
      <StaticTile TileID="1361" AltIDMod="0" />
      <StaticTile TileID="1344" AltIDMod="0" />
      <StaticTile TileID="1351" AltIDMod="0" />
    </StaticTiles>
  </TransInfo>
  <TransInfo Description="Red Brick (NS) To Dungeon Cave" HashKey="151515152215151522">
    <MapTiles>
      <MapTile TileID="1148" AltIDMod="0" />
    </MapTiles>
    <StaticTiles>
      <StaticTile TileID="1361" AltIDMod="0" />
      <StaticTile TileID="1362" AltIDMod="0" />
      <StaticTile TileID="1363" AltIDMod="0" />
      <StaticTile TileID="1344" AltIDMod="0" />
      <StaticTile TileID="1352" AltIDMod="0" />
      <StaticTile TileID="1351" AltIDMod="0" />
    </StaticTiles>
  </TransInfo>
  <TransInfo Description="Red Brick (NS) To Dungeon Cave" HashKey="151522222215222222">
    <MapTiles>
      <MapTile TileID="1148" AltIDMod="0" />
    </MapTiles>
    <StaticTiles>
      <StaticTile TileID="1362" AltIDMod="0" />
      <StaticTile TileID="1351" AltIDMod="0" />
    </StaticTiles>
  </TransInfo>
  <TransInfo Description="Red Brick (NS) To Dungeon Cave" HashKey="221515152215152215">
    <MapTiles>
      <MapTile TileID="1148" AltIDMod="0" />
    </MapTiles>
    <StaticTiles>
      <StaticTile TileID="1361" AltIDMod="0" />
      <StaticTile TileID="1344" AltIDMod="0" />
      <StaticTile TileID="1362" AltIDMod="0" />
      <StaticTile TileID="1351" AltIDMod="0" />
    </StaticTiles>
  </TransInfo>
  <TransInfo Description="Red Brick (NS) To Dungeon Cave" HashKey="151522222215221522">
    <MapTiles>
      <MapTile TileID="1148" AltIDMod="0" />
    </MapTiles>
    <StaticTiles>
      <StaticTile TileID="1362" AltIDMod="0" />
      <StaticTile TileID="1351" AltIDMod="0" />
      <StaticTile TileID="1353" AltIDMod="0" />
    </StaticTiles>
  </TransInfo>
  <TransInfo Description="Red Brick (NS) To Dungeon Cave" HashKey="152222152215152222">
    <MapTiles>
      <MapTile TileID="1148" AltIDMod="0" />
    </MapTiles>
    <StaticTiles />
  </TransInfo>
  <TransInfo Description="Red Brick (NS) To Dungeon Cave" HashKey="221522152215221522">
    <MapTiles>
      <MapTile TileID="1148" AltIDMod="0" />
    </MapTiles>
    <StaticTiles>
      <StaticTile TileID="1363" AltIDMod="0" />
      <StaticTile TileID="1352" AltIDMod="0" />
      <StaticTile TileID="1362" AltIDMod="0" />
      <StaticTile TileID="1351" AltIDMod="0" />
      <StaticTile TileID="1361" AltIDMod="0" />
      <StaticTile TileID="1344" AltIDMod="0" />
      <StaticTile TileID="1353" AltIDMod="0" />
    </StaticTiles>
  </TransInfo>
  <TransInfo Description="Red Brick (NS) To Dungeon Cave" HashKey="221515152222152215">
    <MapTiles>
      <MapTile TileID="1148" AltIDMod="0" />
    </MapTiles>
    <StaticTiles>
      <StaticTile TileID="1361" AltIDMod="0" />
      <StaticTile TileID="1344" AltIDMod="0" />
    </StaticTiles>
  </TransInfo>
  <TransInfo Description="Red Brick (NS) To Dungeon Cave" HashKey="221515152222151522">
    <MapTiles>
      <MapTile TileID="1148" AltIDMod="0" />
    </MapTiles>
    <StaticTiles>
      <StaticTile TileID="1363" AltIDMod="0" />
      <StaticTile TileID="1352" AltIDMod="0" />
      <StaticTile TileID="1361" AltIDMod="0" />
      <StaticTile TileID="1344" AltIDMod="0" />
    </StaticTiles>
  </TransInfo>
  <TransInfo Description="Red Brick (NS) To Dungeon Cave" HashKey="221522222222151515">
    <MapTiles>
      <MapTile TileID="1148" AltIDMod="0" />
    </MapTiles>
    <StaticTiles />
  </TransInfo>
  <TransInfo Description="Red Brick (NS) To Dungeon Cave" HashKey="222222222215221522">
    <MapTiles>
      <MapTile TileID="1148" AltIDMod="0" />
    </MapTiles>
    <StaticTiles>
      <StaticTile TileID="1353" AltIDMod="0" />
    </StaticTiles>
  </TransInfo>
  <TransInfo Description="Red Brick (NS) To Dungeon Cave" HashKey="151515152222152222">
    <MapTiles>
      <MapTile TileID="1148" AltIDMod="0" />
    </MapTiles>
    <StaticTiles>
      <StaticTile TileID="1361" AltIDMod="0" />
      <StaticTile TileID="1344" AltIDMod="0" />
    </StaticTiles>
  </TransInfo>
  <TransInfo Description="Red Brick (NS) To Dungeon Cave" HashKey="222215152222221515">
    <MapTiles>
      <MapTile TileID="1148" AltIDMod="0" />
    </MapTiles>
    <StaticTiles>
      <StaticTile TileID="1363" AltIDMod="0" />
      <StaticTile TileID="1352" AltIDMod="0" />
    </StaticTiles>
  </TransInfo>
  <TransInfo Description="Red Brick (NS) To Dungeon Cave" HashKey="151522222215152222">
    <MapTiles>
      <MapTile TileID="1148" AltIDMod="0" />
    </MapTiles>
    <StaticTiles>
      <StaticTile TileID="1362" AltIDMod="0" />
      <StaticTile TileID="1351" AltIDMod="0" />
    </StaticTiles>
  </TransInfo>
  <TransInfo Description="Red Brick (NS) To Dungeon Cave" HashKey="221522152215151515">
    <MapTiles>
      <MapTile TileID="1148" AltIDMod="0" />
    </MapTiles>
    <StaticTiles>
      <StaticTile TileID="1363" AltIDMod="0" />
      <StaticTile TileID="1352" AltIDMod="0" />
      <StaticTile TileID="1362" AltIDMod="0" />
      <StaticTile TileID="1351" AltIDMod="0" />
      <StaticTile TileID="1361" AltIDMod="0" />
      <StaticTile TileID="1344" AltIDMod="0" />
      <StaticTile TileID="1353" AltIDMod="0" />
    </StaticTiles>
  </TransInfo>
  <TransInfo Description="Red Brick (NS) To Dungeon Cave" HashKey="221515152222222222">
    <MapTiles>
      <MapTile TileID="1148" AltIDMod="0" />
    </MapTiles>
    <StaticTiles>
      <StaticTile TileID="1361" AltIDMod="0" />
      <StaticTile TileID="1344" AltIDMod="0" />
    </StaticTiles>
  </TransInfo>
  <TransInfo Description="Red Brick (NS) To Dungeon Cave" HashKey="151522222222222215">
    <MapTiles>
      <MapTile TileID="1148" AltIDMod="0" />
    </MapTiles>
    <StaticTiles />
  </TransInfo>
  <TransInfo Description="Red Brick (NS) To Dungeon Cave" HashKey="152215152215152222">
    <MapTiles>
      <MapTile TileID="1148" AltIDMod="0" />
    </MapTiles>
    <StaticTiles />
  </TransInfo>
  <TransInfo Description="Red Brick (NS) To Dungeon Cave" HashKey="151522152215222222">
    <MapTiles>
      <MapTile TileID="1148" AltIDMod="0" />
    </MapTiles>
    <StaticTiles>
      <StaticTile TileID="1361" AltIDMod="0" />
      <StaticTile TileID="1344" AltIDMod="0" />
      <StaticTile TileID="1362" AltIDMod="0" />
      <StaticTile TileID="1351" AltIDMod="0" />
    </StaticTiles>
  </TransInfo>
  <TransInfo Description="Red Brick (NS) To Dungeon Cave" HashKey="222215152222152215">
    <MapTiles>
      <MapTile TileID="1148" AltIDMod="0" />
    </MapTiles>
    <StaticTiles />
  </TransInfo>
  <TransInfo Description="Red Brick (NS) To Dungeon Cave" HashKey="222215222215151522">
    <MapTiles>
      <MapTile TileID="1148" AltIDMod="0" />
    </MapTiles>
    <StaticTiles>
      <StaticTile TileID="1353" AltIDMod="0" />
    </StaticTiles>
  </TransInfo>
  <TransInfo Description="Red Brick (NS) To Dungeon Cave" HashKey="222222152215221515">
    <MapTiles>
      <MapTile TileID="1148" AltIDMod="0" />
    </MapTiles>
    <StaticTiles>
      <StaticTile TileID="1363" AltIDMod="0" />
      <StaticTile TileID="1352" AltIDMod="0" />
      <StaticTile TileID="1353" AltIDMod="0" />
    </StaticTiles>
  </TransInfo>
  <TransInfo Description="Red Brick (NS) To Dungeon Cave" HashKey="222222222215151515">
    <MapTiles>
      <MapTile TileID="1148" AltIDMod="0" />
    </MapTiles>
    <StaticTiles>
      <StaticTile TileID="1353" AltIDMod="0" />
    </StaticTiles>
  </TransInfo>
  <TransInfo Description="Red Brick (NS) To Dungeon Cave" HashKey="222222222215222215">
    <MapTiles>
      <MapTile TileID="1148" AltIDMod="0" />
    </MapTiles>
    <StaticTiles />
  </TransInfo>
  <TransInfo Description="Red Brick (NS) To Dungeon Cave" HashKey="152222152215152215">
    <MapTiles>
      <MapTile TileID="1148" AltIDMod="0" />
    </MapTiles>
    <StaticTiles />
  </TransInfo>
  <TransInfo Description="Red Brick (NS) To Dungeon Cave" HashKey="221522152215221515">
    <MapTiles>
      <MapTile TileID="1148" AltIDMod="0" />
    </MapTiles>
    <StaticTiles />
  </TransInfo>
  <TransInfo Description="Red Brick (NS) To Dungeon Cave" HashKey="222215222215221515">
    <MapTiles>
      <MapTile TileID="1148" AltIDMod="0" />
    </MapTiles>
    <StaticTiles>
      <StaticTile TileID="1353" AltIDMod="0" />
    </StaticTiles>
  </TransInfo>
  <TransInfo Description="Red Brick (NS) To Dungeon Cave" HashKey="152222222215222222">
    <MapTiles>
      <MapTile TileID="1148" AltIDMod="0" />
    </MapTiles>
    <StaticTiles />
  </TransInfo>
  <TransInfo Description="Red Brick (NS) To Dungeon Cave" HashKey="222222152222152222">
    <MapTiles>
      <MapTile TileID="1148" AltIDMod="0" />
    </MapTiles>
    <StaticTiles />
  </TransInfo>
  <TransInfo Description="Red Brick (NS) To Dungeon Cave" HashKey="151515152222221522">
    <MapTiles>
      <MapTile TileID="1148" AltIDMod="0" />
    </MapTiles>
    <StaticTiles>
      <StaticTile TileID="1363" AltIDMod="0" />
      <StaticTile TileID="1361" AltIDMod="0" />
      <StaticTile TileID="1344" AltIDMod="0" />
      <StaticTile TileID="1352" AltIDMod="0" />
    </StaticTiles>
  </TransInfo>
  <TransInfo Description="Red Brick (NS) To Dungeon Cave" HashKey="151522222215152215">
    <MapTiles>
      <MapTile TileID="1148" AltIDMod="0" />
    </MapTiles>
    <StaticTiles>
      <StaticTile TileID="1362" AltIDMod="0" />
      <StaticTile TileID="1351" AltIDMod="0" />
    </StaticTiles>
  </TransInfo>
  <TransInfo Description="Red Brick (NS) To Dungeon Cave" HashKey="151522222215151522">
    <MapTiles>
      <MapTile TileID="1148" AltIDMod="0" />
    </MapTiles>
    <StaticTiles>
      <StaticTile TileID="1362" AltIDMod="0" />
      <StaticTile TileID="1351" AltIDMod="0" />
      <StaticTile TileID="1353" AltIDMod="0" />
    </StaticTiles>
  </TransInfo>
  <TransInfo Description="Red Brick (NS) To Dungeon Cave" HashKey="222215222215152215">
    <MapTiles>
      <MapTile TileID="1148" AltIDMod="0" />
    </MapTiles>
    <StaticTiles />
  </TransInfo>
  <TransInfo Description="Red Brick (NS) To Dungeon Cave" HashKey="151522152215222215">
    <MapTiles>
      <MapTile TileID="1148" AltIDMod="0" />
    </MapTiles>
    <StaticTiles>
      <StaticTile TileID="1344" AltIDMod="0" />
      <StaticTile TileID="1361" AltIDMod="0" />
      <StaticTile TileID="1362" AltIDMod="0" />
      <StaticTile TileID="1351" AltIDMod="0" />
    </StaticTiles>
  </TransInfo>
  <TransInfo Description="Red Brick (NS) To Dungeon Cave" HashKey="151522152215221522">
    <MapTiles>
      <MapTile TileID="1148" AltIDMod="0" />
    </MapTiles>
    <StaticTiles>
      <StaticTile TileID="1344" AltIDMod="0" />
      <StaticTile TileID="1361" AltIDMod="0" />
    </StaticTiles>
  </TransInfo>
  <TransInfo Description="Red Brick (NS) To Dungeon Cave" HashKey="222215152222222222">
    <MapTiles>
      <MapTile TileID="1148" AltIDMod="0" />
    </MapTiles>
    <StaticTiles />
  </TransInfo>
  <TransInfo Description="Red Brick (NS) To Dungeon Cave" HashKey="151522152222221515">
    <MapTiles>
      <MapTile TileID="1148" AltIDMod="0" />
    </MapTiles>
    <StaticTiles>
      <StaticTile TileID="1361" AltIDMod="0" />
      <StaticTile TileID="1344" AltIDMod="0" />
      <StaticTile TileID="1363" AltIDMod="0" />
      <StaticTile TileID="1352" AltIDMod="0" />
    </StaticTiles>
  </TransInfo>
  <TransInfo Description="Red Brick (NS) To Dungeon Cave" HashKey="222215222215151515">
    <MapTiles>
      <MapTile TileID="1148" AltIDMod="0" />
    </MapTiles>
    <StaticTiles>
      <StaticTile TileID="1353" AltIDMod="0" />
    </StaticTiles>
  </TransInfo>
  <TransInfo Description="Red Brick (NS) To Dungeon Cave" HashKey="152222152222152215">
    <MapTiles>
      <MapTile TileID="1148" AltIDMod="0" />
    </MapTiles>
    <StaticTiles />
  </TransInfo>
  <TransInfo Description="Red Brick (NS) To Dungeon Cave" HashKey="151522222222152222">
    <MapTiles>
      <MapTile TileID="1148" AltIDMod="0" />
    </MapTiles>
    <StaticTiles />
  </TransInfo>
  <TransInfo Description="Red Brick (NS) To Dungeon Cave" HashKey="151522222222151522">
    <MapTiles>
      <MapTile TileID="1148" AltIDMod="0" />
    </MapTiles>
    <StaticTiles />
  </TransInfo>
  <TransInfo Description="Red Brick (NS) To Dungeon Cave" HashKey="221515152215151515">
    <MapTiles>
      <MapTile TileID="1148" AltIDMod="0" />
    </MapTiles>
    <StaticTiles>
      <StaticTile TileID="1363" AltIDMod="0" />
      <StaticTile TileID="1352" AltIDMod="0" />
      <StaticTile TileID="1362" AltIDMod="0" />
      <StaticTile TileID="1351" AltIDMod="0" />
      <StaticTile TileID="1361" AltIDMod="0" />
      <StaticTile TileID="1344" AltIDMod="0" />
      <StaticTile TileID="1353" AltIDMod="0" />
    </StaticTiles>
  </TransInfo>
  <TransInfo Description="Red Brick (NS) To Dungeon Cave" HashKey="151515222222221522">
    <MapTiles>
      <MapTile TileID="1148" AltIDMod="0" />
    </MapTiles>
    <StaticTiles />
  </TransInfo>
  <TransInfo Description="Red Brick (NS) To Dungeon Cave" HashKey="222215222222222222">
    <MapTiles>
      <MapTile TileID="1148" AltIDMod="0" />
    </MapTiles>
    <StaticTiles />
  </TransInfo>
  <TransInfo Description="Red Brick (NS) To Dungeon Cave" HashKey="152222152215151515">
    <MapTiles>
      <MapTile TileID="1148" AltIDMod="0" />
    </MapTiles>
    <StaticTiles>
      <StaticTile TileID="1363" AltIDMod="0" />
      <StaticTile TileID="1352" AltIDMod="0" />
      <StaticTile TileID="1353" AltIDMod="0" />
    </StaticTiles>
  </TransInfo>
  <TransInfo Description="Red Brick (NS) To Dungeon Cave" HashKey="221515222215152222">
    <MapTiles>
      <MapTile TileID="1148" AltIDMod="0" />
    </MapTiles>
    <StaticTiles>
      <StaticTile TileID="1362" AltIDMod="0" />
      <StaticTile TileID="1351" AltIDMod="0" />
    </StaticTiles>
  </TransInfo>
  <TransInfo Description="Red Brick (NS) To Dungeon Cave" HashKey="152222222215222215">
    <MapTiles>
      <MapTile TileID="1148" AltIDMod="0" />
    </MapTiles>
    <StaticTiles />
  </TransInfo>
  <TransInfo Description="Red Brick (NS) To Dungeon Cave" HashKey="152222222215221522">
    <MapTiles>
      <MapTile TileID="1148" AltIDMod="0" />
    </MapTiles>
    <StaticTiles>
      <StaticTile TileID="1353" AltIDMod="0" />
    </StaticTiles>
  </TransInfo>
  <TransInfo Description="Red Brick (NS) To Dungeon Cave" HashKey="222222152222152215">
    <MapTiles>
      <MapTile TileID="1148" AltIDMod="0" />
    </MapTiles>
    <StaticTiles />
  </TransInfo>
  <TransInfo Description="Red Brick (NS) To Dungeon Cave" HashKey="222222152222151522">
    <MapTiles>
      <MapTile TileID="1148" AltIDMod="0" />
    </MapTiles>
    <StaticTiles>
      <StaticTile TileID="1363" AltIDMod="0" />
      <StaticTile TileID="1352" AltIDMod="0" />
    </StaticTiles>
  </TransInfo>
</Trans>