﻿<?xml version="1.0" encoding="utf-8"?>
<Trans>
  <TransInfo Description="Swamp To Dungeon Cave" HashKey="292929152929152929">
    <MapTiles>
      <MapTile TileID="15838" AltIDMod="0" />
      <MapTile TileID="15837" AltIDMod="0" />
    </MapTiles>
    <StaticTiles />
  </TransInfo>
  <TransInfo Description="Swamp To Dungeon Cave" HashKey="292929292915291529">
    <MapTiles>
      <MapTile TileID="15849" AltIDMod="0" />
      <MapTile TileID="15850" AltIDMod="0" />
    </MapTiles>
    <StaticTiles />
  </TransInfo>
  <TransInfo Description="Swamp To Dungeon Cave" HashKey="151515152929152929">
    <MapTiles>
      <MapTile TileID="15857" AltIDMod="0" />
    </MapTiles>
    <StaticTiles />
  </TransInfo>
  <TransInfo Description="Swamp To Dungeon Cave" HashKey="152929152929292915">
    <MapTiles>
      <MapTile TileID="15849" AltIDMod="0" />
      <MapTile TileID="15850" AltIDMod="0" />
    </MapTiles>
    <StaticTiles />
  </TransInfo>
  <TransInfo Description="Swamp To Dungeon Cave" HashKey="152929292929292929">
    <MapTiles>
      <MapTile TileID="15845" AltIDMod="0" />
    </MapTiles>
    <StaticTiles />
  </TransInfo>
  <TransInfo Description="Swamp To Dungeon Cave" HashKey="292929292929292915">
    <MapTiles>
      <MapTile TileID="15846" AltIDMod="0" />
    </MapTiles>
    <StaticTiles />
  </TransInfo>
  <TransInfo Description="Swamp To Dungeon Cave" HashKey="292929152929292929">
    <MapTiles>
      <MapTile TileID="15849" AltIDMod="0" />
      <MapTile TileID="15850" AltIDMod="0" />
    </MapTiles>
    <StaticTiles />
  </TransInfo>
  <TransInfo Description="Swamp To Dungeon Cave" HashKey="292915292929152915">
    <MapTiles>
      <MapTile TileID="15850" AltIDMod="0" />
      <MapTile TileID="15850" AltIDMod="0" />
    </MapTiles>
    <StaticTiles />
  </TransInfo>
  <TransInfo Description="Swamp To Dungeon Cave" HashKey="292915292915292929">
    <MapTiles>
      <MapTile TileID="15835" AltIDMod="0" />
      <MapTile TileID="15836" AltIDMod="0" />
    </MapTiles>
    <StaticTiles />
  </TransInfo>
  <TransInfo Description="Swamp To Dungeon Cave" HashKey="152929152929152929">
    <MapTiles>
      <MapTile TileID="15838" AltIDMod="0" />
      <MapTile TileID="15837" AltIDMod="0" />
    </MapTiles>
    <StaticTiles />
  </TransInfo>
  <TransInfo Description="Swamp To Dungeon Cave" HashKey="152929292929151529">
    <MapTiles>
      <MapTile TileID="15849" AltIDMod="0" />
      <MapTile TileID="15851" AltIDMod="0" />
    </MapTiles>
    <StaticTiles />
  </TransInfo>
  <TransInfo Description="Swamp To Dungeon Cave" HashKey="292929152929151529">
    <MapTiles>
      <MapTile TileID="15821" AltIDMod="0" />
    </MapTiles>
    <StaticTiles />
  </TransInfo>
  <TransInfo Description="Swamp To Dungeon Cave" HashKey="151529292929292929">
    <MapTiles>
      <MapTile TileID="15839" AltIDMod="0" />
      <MapTile TileID="15848" AltIDMod="0" />
    </MapTiles>
    <StaticTiles />
  </TransInfo>
  <TransInfo Description="Swamp To Dungeon Cave" HashKey="292915292915152929">
    <MapTiles>
      <MapTile TileID="15849" AltIDMod="0" />
      <MapTile TileID="15850" AltIDMod="0" />
    </MapTiles>
    <StaticTiles />
  </TransInfo>
  <TransInfo Description="Swamp To Dungeon Cave" HashKey="152915152929152929">
    <MapTiles>
      <MapTile TileID="15850" AltIDMod="0" />
      <MapTile TileID="15847" AltIDMod="0" />
      <MapTile TileID="15849" AltIDMod="0" />
      <MapTile TileID="15850" AltIDMod="0" />
      <MapTile TileID="15849" AltIDMod="0" />
    </MapTiles>
    <StaticTiles />
  </TransInfo>
  <TransInfo Description="Swamp To Dungeon Cave" HashKey="291515292915292915">
    <MapTiles>
      <MapTile TileID="15832" AltIDMod="0" />
    </MapTiles>
    <StaticTiles />
  </TransInfo>
  <TransInfo Description="Swamp To Dungeon Cave" HashKey="292929292915151529">
    <MapTiles>
      <MapTile TileID="15849" AltIDMod="0" />
      <MapTile TileID="15850" AltIDMod="0" />
    </MapTiles>
    <StaticTiles />
  </TransInfo>
  <TransInfo Description="Swamp To Dungeon Cave" HashKey="152915292929292915">
    <MapTiles>
      <MapTile TileID="15849" AltIDMod="0" />
      <MapTile TileID="15850" AltIDMod="0" />
    </MapTiles>
    <StaticTiles />
  </TransInfo>
  <TransInfo Description="Swamp To Dungeon Cave" HashKey="152915152929292929">
    <MapTiles>
      <MapTile TileID="15849" AltIDMod="0" />
      <MapTile TileID="15850" AltIDMod="0" />
      <MapTile TileID="15849" AltIDMod="0" />
    </MapTiles>
    <StaticTiles />
  </TransInfo>
  <TransInfo Description="Swamp To Dungeon Cave" HashKey="152929152929291515">
    <MapTiles>
      <MapTile TileID="15850" AltIDMod="0" />
      <MapTile TileID="15849" AltIDMod="0" />
    </MapTiles>
    <StaticTiles />
  </TransInfo>
  <TransInfo Description="Swamp To Dungeon Cave" HashKey="151529292915292929">
    <MapTiles>
      <MapTile TileID="15850" AltIDMod="0" />
      <MapTile TileID="15849" AltIDMod="0" />
    </MapTiles>
    <StaticTiles />
  </TransInfo>
  <TransInfo Description="Swamp To Dungeon Cave" HashKey="292929292929291515">
    <MapTiles>
      <MapTile TileID="15841" AltIDMod="0" />
      <MapTile TileID="15842" AltIDMod="0" />
    </MapTiles>
    <StaticTiles />
  </TransInfo>
  <TransInfo Description="Swamp To Dungeon Cave" HashKey="292915292929151515">
    <MapTiles>
      <MapTile TileID="15850" AltIDMod="0" />
      <MapTile TileID="15849" AltIDMod="0" />
    </MapTiles>
    <StaticTiles />
  </TransInfo>
  <TransInfo Description="Swamp To Dungeon Cave" HashKey="152929292915292929">
    <MapTiles>
      <MapTile TileID="15850" AltIDMod="0" />
      <MapTile TileID="15849" AltIDMod="0" />
    </MapTiles>
    <StaticTiles />
  </TransInfo>
  <TransInfo Description="Swamp To Dungeon Cave" HashKey="151515292929292915">
    <MapTiles>
      <MapTile TileID="15849" AltIDMod="0" />
      <MapTile TileID="15850" AltIDMod="0" />
    </MapTiles>
    <StaticTiles />
  </TransInfo>
  <TransInfo Description="Swamp To Dungeon Cave" HashKey="151529292929152929">
    <MapTiles>
      <MapTile TileID="15849" AltIDMod="0" />
      <MapTile TileID="15850" AltIDMod="0" />
    </MapTiles>
    <StaticTiles />
  </TransInfo>
  <TransInfo Description="Swamp To Dungeon Cave" HashKey="292915292915292915">
    <MapTiles>
      <MapTile TileID="15835" AltIDMod="0" />
      <MapTile TileID="15836" AltIDMod="0" />
    </MapTiles>
    <StaticTiles />
  </TransInfo>
  <TransInfo Description="Swamp To Dungeon Cave" HashKey="151529292929292915">
    <MapTiles>
      <MapTile TileID="15850" AltIDMod="0" />
      <MapTile TileID="15849" AltIDMod="0" />
    </MapTiles>
    <StaticTiles />
  </TransInfo>
  <TransInfo Description="Swamp To Dungeon Cave" HashKey="291515292915292929">
    <MapTiles>
      <MapTile TileID="15853" AltIDMod="0" />
    </MapTiles>
    <StaticTiles />
  </TransInfo>
  <TransInfo Description="Swamp To Dungeon Cave" HashKey="152929292929151515">
    <MapTiles>
      <MapTile TileID="15849" AltIDMod="0" />
      <MapTile TileID="15850" AltIDMod="0" />
    </MapTiles>
    <StaticTiles />
  </TransInfo>
  <TransInfo Description="Swamp To Dungeon Cave" HashKey="292929152929151515">
    <MapTiles>
      <MapTile TileID="15821" AltIDMod="0" />
    </MapTiles>
    <StaticTiles />
  </TransInfo>
  <TransInfo Description="Swamp To Dungeon Cave" HashKey="291529152929292929">
    <MapTiles>
      <MapTile TileID="15850" AltIDMod="0" />
      <MapTile TileID="15851" AltIDMod="0" />
    </MapTiles>
    <StaticTiles />
  </TransInfo>
  <TransInfo Description="Swamp To Dungeon Cave" HashKey="292929292915291515">
    <MapTiles>
      <MapTile TileID="15840" AltIDMod="0" />
    </MapTiles>
    <StaticTiles />
  </TransInfo>
  <TransInfo Description="Swamp To Dungeon Cave" HashKey="151515292929152929">
    <MapTiles>
      <MapTile TileID="15851" AltIDMod="0" />
      <MapTile TileID="15849" AltIDMod="0" />
    </MapTiles>
    <StaticTiles />
  </TransInfo>
  <TransInfo Description="Swamp To Dungeon Cave" HashKey="152929152929151529">
    <MapTiles>
      <MapTile TileID="15821" AltIDMod="0" />
    </MapTiles>
    <StaticTiles />
  </TransInfo>
  <TransInfo Description="Swamp To Dungeon Cave" HashKey="152915292929292929">
    <MapTiles>
      <MapTile TileID="15850" AltIDMod="0" />
      <MapTile TileID="15849" AltIDMod="0" />
    </MapTiles>
    <StaticTiles />
  </TransInfo>
  <TransInfo Description="Swamp To Dungeon Cave" HashKey="292929152929291515">
    <MapTiles>
      <MapTile TileID="15849" AltIDMod="0" />
      <MapTile TileID="15850" AltIDMod="0" />
    </MapTiles>
    <StaticTiles />
  </TransInfo>
  <TransInfo Description="Swamp To Dungeon Cave" HashKey="292929292929151529">
    <MapTiles>
      <MapTile TileID="15842" AltIDMod="0" />
      <MapTile TileID="15842" AltIDMod="0" />
      <MapTile TileID="15841" AltIDMod="0" />
    </MapTiles>
    <StaticTiles />
  </TransInfo>
  <TransInfo Description="Swamp To Dungeon Cave" HashKey="292915292929151529">
    <MapTiles>
      <MapTile TileID="15850" AltIDMod="0" />
      <MapTile TileID="15850" AltIDMod="0" />
    </MapTiles>
    <StaticTiles />
  </TransInfo>
  <TransInfo Description="Swamp To Dungeon Cave" HashKey="152929292915292915">
    <MapTiles>
      <MapTile TileID="15849" AltIDMod="0" />
      <MapTile TileID="15850" AltIDMod="0" />
    </MapTiles>
    <StaticTiles />
  </TransInfo>
  <TransInfo Description="Swamp To Dungeon Cave" HashKey="291529152929152929">
    <MapTiles>
      <MapTile TileID="15849" AltIDMod="0" />
      <MapTile TileID="15850" AltIDMod="0" />
    </MapTiles>
    <StaticTiles />
  </TransInfo>
  <TransInfo Description="Swamp To Dungeon Cave" HashKey="151515292929292929">
    <MapTiles>
      <MapTile TileID="15839" AltIDMod="0" />
      <MapTile TileID="15848" AltIDMod="0" />
    </MapTiles>
    <StaticTiles />
  </TransInfo>
  <TransInfo Description="Swamp To Dungeon Cave" HashKey="292915292915291515">
    <MapTiles>
      <MapTile TileID="15836" AltIDMod="0" />
    </MapTiles>
    <StaticTiles />
  </TransInfo>
  <TransInfo Description="Swamp To Dungeon Cave" HashKey="291515292929292929">
    <MapTiles>
      <MapTile TileID="15839" AltIDMod="0" />
    </MapTiles>
    <StaticTiles />
  </TransInfo>
  <TransInfo Description="Swamp To Dungeon Cave" HashKey="151529152929152929">
    <MapTiles>
      <MapTile TileID="15857" AltIDMod="0" />
    </MapTiles>
    <StaticTiles />
  </TransInfo>
  <TransInfo Description="Swamp To Dungeon Cave" HashKey="292929292915292915">
    <MapTiles>
      <MapTile TileID="15835" AltIDMod="0" />
      <MapTile TileID="15836" AltIDMod="0" />
    </MapTiles>
    <StaticTiles />
  </TransInfo>
  <TransInfo Description="Swamp To Dungeon Cave" HashKey="152929292929291529">
    <MapTiles>
      <MapTile TileID="15849" AltIDMod="0" />
      <MapTile TileID="15850" AltIDMod="0" />
    </MapTiles>
    <StaticTiles />
  </TransInfo>
  <TransInfo Description="Swamp To Dungeon Cave" HashKey="292929152929291529">
    <MapTiles>
      <MapTile TileID="15849" AltIDMod="0" />
      <MapTile TileID="15850" AltIDMod="0" />
    </MapTiles>
    <StaticTiles />
  </TransInfo>
  <TransInfo Description="Swamp To Dungeon Cave" HashKey="152929292929152915">
    <MapTiles>
      <MapTile TileID="15851" AltIDMod="0" />
      <MapTile TileID="15849" AltIDMod="0" />
    </MapTiles>
    <StaticTiles />
  </TransInfo>
  <TransInfo Description="Swamp To Dungeon Cave" HashKey="291515292929152929">
    <MapTiles>
      <MapTile TileID="15849" AltIDMod="0" />
      <MapTile TileID="15850" AltIDMod="0" />
    </MapTiles>
    <StaticTiles />
  </TransInfo>
  <TransInfo Description="Swamp To Dungeon Cave" HashKey="151529152929292929">
    <MapTiles>
      <MapTile TileID="15857" AltIDMod="0" />
      <MapTile TileID="15857" AltIDMod="0" />
    </MapTiles>
    <StaticTiles />
  </TransInfo>
  <TransInfo Description="Swamp To Dungeon Cave" HashKey="152915292929152929">
    <MapTiles>
      <MapTile TileID="15850" AltIDMod="0" />
      <MapTile TileID="15849" AltIDMod="0" />
    </MapTiles>
    <StaticTiles />
  </TransInfo>
  <TransInfo Description="Swamp To Dungeon Cave" HashKey="152929152929151515">
    <MapTiles>
      <MapTile TileID="15821" AltIDMod="0" />
    </MapTiles>
    <StaticTiles />
  </TransInfo>
  <TransInfo Description="Swamp To Dungeon Cave" HashKey="292929292929151515">
    <MapTiles>
      <MapTile TileID="15841" AltIDMod="0" />
      <MapTile TileID="15842" AltIDMod="0" />
    </MapTiles>
    <StaticTiles />
  </TransInfo>
  <TransInfo Description="Swamp To Dungeon Cave" HashKey="151515292915292929">
    <MapTiles>
      <MapTile TileID="15821" AltIDMod="0" />
    </MapTiles>
    <StaticTiles />
  </TransInfo>
  <TransInfo Description="Swamp To Dungeon Cave" HashKey="292915292929291515">
    <MapTiles>
      <MapTile TileID="15850" AltIDMod="0" />
      <MapTile TileID="15850" AltIDMod="0" />
    </MapTiles>
    <StaticTiles />
  </TransInfo>
  <TransInfo Description="Swamp To Dungeon Cave" HashKey="291529292929292915">
    <MapTiles>
      <MapTile TileID="15849" AltIDMod="0" />
      <MapTile TileID="15850" AltIDMod="0" />
    </MapTiles>
    <StaticTiles />
  </TransInfo>
  <TransInfo Description="Swamp To Dungeon Cave" HashKey="292915292915151529">
    <MapTiles>
      <MapTile TileID="15849" AltIDMod="0" />
      <MapTile TileID="15850" AltIDMod="0" />
    </MapTiles>
    <StaticTiles />
  </TransInfo>
  <TransInfo Description="Swamp To Dungeon Cave" HashKey="152915292915292915">
    <MapTiles>
      <MapTile TileID="15849" AltIDMod="0" />
      <MapTile TileID="15850" AltIDMod="0" />
    </MapTiles>
    <StaticTiles />
  </TransInfo>
  <TransInfo Description="Swamp To Dungeon Cave" HashKey="292929292915152929">
    <MapTiles>
      <MapTile TileID="15849" AltIDMod="0" />
      <MapTile TileID="15850" AltIDMod="0" />
    </MapTiles>
    <StaticTiles />
  </TransInfo>
  <TransInfo Description="Swamp To Dungeon Cave" HashKey="291515292929292915">
    <MapTiles>
      <MapTile TileID="15850" AltIDMod="0" />
      <MapTile TileID="15849" AltIDMod="0" />
    </MapTiles>
    <StaticTiles />
  </TransInfo>
  <TransInfo Description="Swamp To Dungeon Cave" HashKey="292929292915292929">
    <MapTiles>
      <MapTile TileID="15849" AltIDMod="0" />
      <MapTile TileID="15850" AltIDMod="0" />
    </MapTiles>
    <StaticTiles />
  </TransInfo>
  <TransInfo Description="Swamp To Dungeon Cave" HashKey="152929292929291515">
    <MapTiles>
      <MapTile TileID="15849" AltIDMod="0" />
      <MapTile TileID="15850" AltIDMod="0" />
    </MapTiles>
    <StaticTiles />
  </TransInfo>
  <TransInfo Description="Swamp To Dungeon Cave" HashKey="291529292915292929">
    <MapTiles>
      <MapTile TileID="15849" AltIDMod="0" />
      <MapTile TileID="15850" AltIDMod="0" />
    </MapTiles>
    <StaticTiles />
  </TransInfo>
  <TransInfo Description="Swamp To Dungeon Cave" HashKey="292929292929152915">
    <MapTiles>
      <MapTile TileID="15849" AltIDMod="0" />
      <MapTile TileID="15851" AltIDMod="0" />
    </MapTiles>
    <StaticTiles />
  </TransInfo>
  <TransInfo Description="Swamp To Dungeon Cave" HashKey="292915152929292929">
    <MapTiles>
      <MapTile TileID="15850" AltIDMod="0" />
      <MapTile TileID="15849" AltIDMod="0" />
    </MapTiles>
    <StaticTiles />
  </TransInfo>
  <TransInfo Description="Swamp To Dungeon Cave" HashKey="292915292929292915">
    <MapTiles>
      <MapTile TileID="15850" AltIDMod="0" />
      <MapTile TileID="15850" AltIDMod="0" />
    </MapTiles>
    <StaticTiles />
  </TransInfo>
  <TransInfo Description="Swamp To Dungeon Cave" HashKey="291529292929152929">
    <MapTiles>
      <MapTile TileID="15850" AltIDMod="0" />
      <MapTile TileID="15849" AltIDMod="0" />
    </MapTiles>
    <StaticTiles />
  </TransInfo>
  <TransInfo Description="Swamp To Dungeon Cave" HashKey="151515292915292915">
    <MapTiles>
      <MapTile TileID="15821" AltIDMod="0" />
    </MapTiles>
    <StaticTiles />
  </TransInfo>
  <TransInfo Description="Swamp To Dungeon Cave" HashKey="292915152929152929">
    <MapTiles>
      <MapTile TileID="15849" AltIDMod="0" />
      <MapTile TileID="15851" AltIDMod="0" />
    </MapTiles>
    <StaticTiles />
  </TransInfo>
  <TransInfo Description="Swamp To Dungeon Cave" HashKey="291529292929292929">
    <MapTiles>
      <MapTile TileID="15850" AltIDMod="0" />
      <MapTile TileID="15849" AltIDMod="0" />
    </MapTiles>
    <StaticTiles />
  </TransInfo>
  <TransInfo Description="Swamp To Dungeon Cave" HashKey="292915292915291529">
    <MapTiles>
      <MapTile TileID="15849" AltIDMod="0" />
      <MapTile TileID="15850" AltIDMod="0" />
    </MapTiles>
    <StaticTiles />
  </TransInfo>
  <TransInfo Description="Swamp To Dungeon Cave" HashKey="292915292915151515">
    <MapTiles>
      <MapTile TileID="15836" AltIDMod="0" />
    </MapTiles>
    <StaticTiles />
  </TransInfo>
  <TransInfo Description="Swamp To Dungeon Cave" HashKey="152915292915292929">
    <MapTiles>
      <MapTile TileID="15849" AltIDMod="0" />
      <MapTile TileID="15850" AltIDMod="0" />
    </MapTiles>
    <StaticTiles />
  </TransInfo>
  <TransInfo Description="Swamp To Dungeon Cave" HashKey="292929292915152915">
    <MapTiles>
      <MapTile TileID="15849" AltIDMod="0" />
      <MapTile TileID="15850" AltIDMod="0" />
    </MapTiles>
    <StaticTiles />
  </TransInfo>
  <TransInfo Description="Swamp To Dungeon Cave" HashKey="152929152929291529">
    <MapTiles>
      <MapTile TileID="15849" AltIDMod="0" />
      <MapTile TileID="15850" AltIDMod="0" />
    </MapTiles>
    <StaticTiles />
  </TransInfo>
  <TransInfo Description="Swamp To Dungeon Cave" HashKey="292929292929291529">
    <MapTiles>
      <MapTile TileID="15849" AltIDMod="0" />
      <MapTile TileID="15850" AltIDMod="0" />
    </MapTiles>
    <StaticTiles />
  </TransInfo>
  <TransInfo Description="Swamp To Dungeon Cave" HashKey="292929152929292915">
    <MapTiles>
      <MapTile TileID="15849" AltIDMod="0" />
      <MapTile TileID="15850" AltIDMod="0" />
    </MapTiles>
    <StaticTiles />
  </TransInfo>
  <TransInfo Description="Swamp To Dungeon Cave" HashKey="291515152929152929">
    <MapTiles>
      <MapTile TileID="15849" AltIDMod="0" />
      <MapTile TileID="15850" AltIDMod="0" />
    </MapTiles>
    <StaticTiles />
  </TransInfo>
  <TransInfo Description="Swamp To Dungeon Cave" HashKey="152929152929152915">
    <MapTiles>
      <MapTile TileID="15850" AltIDMod="0" />
      <MapTile TileID="15849" AltIDMod="0" />
    </MapTiles>
    <StaticTiles />
  </TransInfo>
  <TransInfo Description="Swamp To Dungeon Cave" HashKey="292929152929152915">
    <MapTiles>
      <MapTile TileID="15849" AltIDMod="0" />
      <MapTile TileID="15850" AltIDMod="0" />
    </MapTiles>
    <StaticTiles />
  </TransInfo>
  <TransInfo Description="Swamp To Dungeon Cave" HashKey="291529292915292915">
    <MapTiles>
      <MapTile TileID="15850" AltIDMod="0" />
      <MapTile TileID="15849" AltIDMod="0" />
    </MapTiles>
    <StaticTiles />
  </TransInfo>
  <TransInfo Description="Swamp To Dungeon Cave" HashKey="292929292929152929">
    <MapTiles>
      <MapTile TileID="15844" AltIDMod="0" />
    </MapTiles>
    <StaticTiles />
  </TransInfo>
  <TransInfo Description="Swamp To Dungeon Cave" HashKey="152929152929292929">
    <MapTiles>
      <MapTile TileID="15837" AltIDMod="0" />
      <MapTile TileID="15838" AltIDMod="0" />
    </MapTiles>
    <StaticTiles />
  </TransInfo>
  <TransInfo Description="Swamp To Dungeon Cave" HashKey="292915292929292929">
    <MapTiles>
      <MapTile TileID="15843" AltIDMod="0" />
    </MapTiles>
    <StaticTiles />
  </TransInfo>
  <TransInfo Description="Swamp To Dungeon Cave" HashKey="291515152929292929">
    <MapTiles>
      <MapTile TileID="15850" AltIDMod="0" />
      <MapTile TileID="15849" AltIDMod="0" />
    </MapTiles>
    <StaticTiles />
  </TransInfo>
  <TransInfo Description="Swamp To Dungeon Cave" HashKey="292915292915152915">
    <MapTiles>
      <MapTile TileID="15850" AltIDMod="0" />
      <MapTile TileID="15849" AltIDMod="0" />
    </MapTiles>
    <StaticTiles />
  </TransInfo>
  <TransInfo Description="Swamp To Dungeon Cave" HashKey="292915292929291529">
    <MapTiles>
      <MapTile TileID="15850" AltIDMod="0" />
      <MapTile TileID="15850" AltIDMod="0" />
    </MapTiles>
    <StaticTiles />
  </TransInfo>
  <TransInfo Description="Swamp To Dungeon Cave" HashKey="292929292915151515">
    <MapTiles>
      <MapTile TileID="15840" AltIDMod="0" />
    </MapTiles>
    <StaticTiles />
  </TransInfo>
  <TransInfo Description="Swamp To Dungeon Cave" HashKey="151515152929292929">
    <MapTiles>
      <MapTile TileID="15857" AltIDMod="0" />
    </MapTiles>
    <StaticTiles />
  </TransInfo>
  <TransInfo Description="Swamp To Dungeon Cave" HashKey="152929292929152929">
    <MapTiles>
      <MapTile TileID="15849" AltIDMod="0" />
      <MapTile TileID="15851" AltIDMod="0" />
    </MapTiles>
    <StaticTiles />
  </TransInfo>
  <TransInfo Description="Swamp To Dungeon Cave" HashKey="151529292915292915">
    <MapTiles>
      <MapTile TileID="15849" AltIDMod="0" />
      <MapTile TileID="15850" AltIDMod="0" />
    </MapTiles>
    <StaticTiles />
  </TransInfo>
</Trans>